trial,participant,code_file,code_language,timestamp,duration,x_cord,y_cord,aoi_x,aoi_y,aoi_width,aoi_height,token,length,srcML,
2,135,rectangle_java2.jpg,rectangle_java2.jpg,3678763539,64,809.586875,357.589375,806.5,367,15,21,=,1,class->block->constructor->block->block_content->expr_stmt->expr->operator,
2,135,rectangle_java2.jpg,rectangle_java2.jpg,3679003436,92,678.1569565217392,232.65260869565213,657.5,222,52,21,class,5,class,
2,135,rectangle_java2.jpg,rectangle_java2.jpg,3679099463,92,668.9895652173913,233.65565217391304,657.5,222,52,21,class,5,class,
2,135,rectangle_java2.jpg,rectangle_java2.jpg,3679211458,64,655.791875,239.9925,657.5,222,52,21,class,5,class,
2,135,rectangle_java2.jpg,rectangle_java2.jpg,3679455448,76,750.4042105263158,228.84000000000003,715.5,222,90,21,Rectangle,9,class->name,
2,135,rectangle_java2.jpg,rectangle_java2.jpg,3679775484,56,638.3592857142858,213.60642857142855,589.5,222,63,21,public,6,class->specifier,
2,135,rectangle_java2.jpg,rectangle_java2.jpg,3679855478,76,627.3105263157895,214.18578947368425,589.5,222,63,21,public,6,class->specifier,
2,135,rectangle_java2.jpg,rectangle_java2.jpg,3679975475,116,612.5486206896552,209.55137931034483,589.5,222,63,21,public,6,class->specifier,
2,135,rectangle_java2.jpg,rectangle_java2.jpg,3680227773,60,687.8913333333334,253.71733333333333,669.5,259,72,21,private,7,class->block->decl_stmt->decl->type->specifier,
2,135,rectangle_java2.jpg,rectangle_java2.jpg,3681483327,124,704.598064516129,217.3293548387097,657.5,222,52,21,class,5,class,
2,135,rectangle_java2.jpg,rectangle_java2.jpg,3681483327,124,704.598064516129,217.3293548387097,715.5,222,90,21,Rectangle,9,class->name,
2,135,rectangle_java2.jpg,rectangle_java2.jpg,3682083296,76,771.7805263157895,222.60263157894732,715.5,222,90,21,Rectangle,9,class->name,
2,135,rectangle_java2.jpg,rectangle_java2.jpg,3682491142,72,676.8183333333334,227.45444444444445,657.5,222,52,21,class,5,class,
2,135,rectangle_java2.jpg,rectangle_java2.jpg,3684875079,80,800.4695,228.549,715.5,222,90,21,Rectangle,9,class->name,
2,135,rectangle_java2.jpg,rectangle_java2.jpg,3688798850,60,741.0633333333334,287.4506666666667,737.5,295,91,21,Rectangle,9,class->block->constructor->name,
2,135,rectangle_java2.jpg,rectangle_java2.jpg,3689510823,60,773.3033333333333,314.47,737.5,295,91,21,Rectangle,9,class->block->constructor->name,
2,135,rectangle_java2.jpg,rectangle_java2.jpg,3689570831,56,763.2071428571428,319.69642857142856,730.5,331,71,19,this.x1,7,class->block->constructor->block->block_content->expr_stmt->expr->name->name->operator->name,
2,135,rectangle_java2.jpg,rectangle_java2.jpg,3689918705,124,735.555806451613,502.5370967741935,737.5,512,33,21,int,3,class->block->function->type->name,
2,135,rectangle_java2.jpg,rectangle_java2.jpg,3690062485,68,705.11,557.3741176470588,669.5,549,63,21,public,6,class->block->function->type->specifier,
2,135,rectangle_java2.jpg,rectangle_java2.jpg,3690294610,140,759.2277142857143,558.2402857142857,737.5,549,33,21,int,3,class->block->function->type->name,
2,135,rectangle_java2.jpg,rectangle_java2.jpg,3690502448,112,719.0035714285714,538.5107142857142,669.5,549,63,21,public,6,class->block->function->type->specifier,
2,135,rectangle_java2.jpg,rectangle_java2.jpg,3690638602,88,723.3968181818182,542.8631818181818,669.5,549,63,21,public,6,class->block->function->type->specifier,
2,135,rectangle_java2.jpg,rectangle_java2.jpg,3690790590,64,753.47625,538.930625,737.5,549,33,21,int,3,class->block->function->type->name,
2,135,rectangle_java2.jpg,rectangle_java2.jpg,3691170671,60,782.8833333333333,320.4393333333333,730.5,331,71,19,this.x1,7,class->block->constructor->block->block_content->expr_stmt->expr->name->name->operator->name,
2,135,rectangle_java2.jpg,rectangle_java2.jpg,3691306700,132,770.55,323.8381818181818,730.5,331,71,19,this.x1,7,class->block->constructor->block->block_content->expr_stmt->expr->name->name->operator->name,
2,135,rectangle_java2.jpg,rectangle_java2.jpg,3691426677,116,763.1703448275862,320.8793103448276,730.5,331,71,19,this.x1,7,class->block->constructor->block->block_content->expr_stmt->expr->name->name->operator->name,
2,135,rectangle_java2.jpg,rectangle_java2.jpg,3692194422,120,755.863,303.3926666666667,737.5,295,91,21,Rectangle,9,class->block->constructor->name,
2,135,rectangle_java2.jpg,rectangle_java2.jpg,3692406703,56,804.5621428571428,277.2507142857143,785.5,259,23,21,x1,2,class->block->decl_stmt->decl->name,
2,135,rectangle_java2.jpg,rectangle_java2.jpg,3692406703,56,804.5621428571428,277.2507142857143,815.5,259,10,21,"""","""",1,class->block->decl_stmt
2,135,rectangle_java2.jpg,rectangle_java2.jpg,3692906612,100,904.2736,265.096,881.5,259,23,21,x2,2,class->block->decl_stmt->decl->name,
2,135,rectangle_java2.jpg,rectangle_java2.jpg,3692906612,100,904.2736,265.096,911.5,259,10,21,"""","""",1,class->block->decl_stmt
2,135,rectangle_java2.jpg,rectangle_java2.jpg,3693166600,72,726.2966666666666,285.31055555555554,669.5,295,63,21,public,6,class->block->constructor->specifier,
2,135,rectangle_java2.jpg,rectangle_java2.jpg,3693166600,72,726.2966666666666,285.31055555555554,737.5,295,91,21,Rectangle,9,class->block->constructor->name,
2,135,rectangle_java2.jpg,rectangle_java2.jpg,3693242568,72,718.6161111111111,284.30055555555555,669.5,295,63,21,public,6,class->block->constructor->specifier,
2,135,rectangle_java2.jpg,rectangle_java2.jpg,3693330550,84,711.0638095238095,265.94714285714286,669.5,259,72,21,private,7,class->block->decl_stmt->decl->type->specifier,
2,135,rectangle_java2.jpg,rectangle_java2.jpg,3693890332,120,1070.5036666666667,288.406,1063.5,295,23,21,x2,2,class->block->constructor->parameter_list->parameter->decl->type->name,
2,135,rectangle_java2.jpg,rectangle_java2.jpg,3694126357,60,1068.942,288.99133333333333,1063.5,295,23,21,x2,2,class->block->constructor->parameter_list->parameter->decl->type->name,
2,135,rectangle_java2.jpg,rectangle_java2.jpg,3694366366,72,875.4983333333333,259.7861111111111,881.5,259,23,21,x2,2,class->block->decl_stmt->decl->name,
2,135,rectangle_java2.jpg,rectangle_java2.jpg,3694698369,60,892.194,252.2633333333333,881.5,259,23,21,x2,2,class->block->decl_stmt->decl->name,
2,135,rectangle_java2.jpg,rectangle_java2.jpg,3695346380,68,745.354705882353,406.1882352941177,730.5,404,71,19,this.x2,7,class->block->constructor->block->block_content->expr_stmt->expr->name->name->operator->name,
2,135,rectangle_java2.jpg,rectangle_java2.jpg,3695474257,76,753.9647368421053,392.7905263157895,730.5,404,71,19,this.x2,7,class->block->constructor->block->block_content->expr_stmt->expr->name->name->operator->name,
2,135,rectangle_java2.jpg,rectangle_java2.jpg,3696090229,60,751.5733333333333,357.7866666666667,730.5,367,71,21,this.y1,7,class->block->constructor->block->block_content->expr_stmt->expr->name->name->operator->name,
2,135,rectangle_java2.jpg,rectangle_java2.jpg,3696214243,76,755.8515789473685,399.0505263157895,730.5,404,71,19,this.x2,7,class->block->constructor->block->block_content->expr_stmt->expr->name->name->operator->name,
2,135,rectangle_java2.jpg,rectangle_java2.jpg,3696326254,56,820.7521428571429,400.6857142857143,806.5,404,15,19,=,1,class->block->constructor->block->block_content->expr_stmt->expr->operator,
2,135,rectangle_java2.jpg,rectangle_java2.jpg,3696326254,56,820.7521428571429,400.6857142857143,826.5,404,23,19,x2,2,class->block->constructor->block->block_content->expr_stmt->expr->name->name,
2,135,rectangle_java2.jpg,rectangle_java2.jpg,3696458242,56,817.6064285714285,399.92285714285714,806.5,404,15,19,=,1,class->block->constructor->block->block_content->expr_stmt->expr->operator,
2,135,rectangle_java2.jpg,rectangle_java2.jpg,3696458242,56,817.6064285714285,399.92285714285714,826.5,404,23,19,x2,2,class->block->constructor->block->block_content->expr_stmt->expr->name->name,
2,135,rectangle_java2.jpg,rectangle_java2.jpg,3696574222,112,820.6882142857143,403.4075,806.5,404,15,19,=,1,class->block->constructor->block->block_content->expr_stmt->expr->operator,
2,135,rectangle_java2.jpg,rectangle_java2.jpg,3696574222,112,820.6882142857143,403.4075,826.5,404,23,19,x2,2,class->block->constructor->block->block_content->expr_stmt->expr->name->name,
2,135,rectangle_java2.jpg,rectangle_java2.jpg,3696662215,84,808.0480952380952,404.0885714285714,806.5,404,15,19,=,1,class->block->constructor->block->block_content->expr_stmt->expr->operator,
2,135,rectangle_java2.jpg,rectangle_java2.jpg,3696862211,96,739.6745833333333,444.3325,730.5,440,71,21,this.y2,7,class->block->constructor->block->block_content->expr_stmt->expr->name->name->operator->name,
2,135,rectangle_java2.jpg,rectangle_java2.jpg,3696978202,112,757.9153571428571,448.7417857142857,730.5,440,71,21,this.y2,7,class->block->constructor->block->block_content->expr_stmt->expr->name->name->operator->name,
2,135,rectangle_java2.jpg,rectangle_java2.jpg,3697058206,76,771.5152631578948,438.8705263157895,730.5,440,71,21,this.y2,7,class->block->constructor->block->block_content->expr_stmt->expr->name->name->operator->name,
2,135,rectangle_java2.jpg,rectangle_java2.jpg,3697238176,84,768.4457142857143,413.67761904761903,730.5,404,71,19,this.x2,7,class->block->constructor->block->block_content->expr_stmt->expr->name->name->operator->name,
2,135,rectangle_java2.jpg,rectangle_java2.jpg,3697682095,88,766.1590909090909,521.5454545454545,737.5,512,33,21,int,3,class->block->function->type->name,
2,135,rectangle_java2.jpg,rectangle_java2.jpg,3697682095,88,766.1590909090909,521.5454545454545,775.5,512,53,21,width,5,class->block->function->name,
2,135,rectangle_java2.jpg,rectangle_java2.jpg,3697906111,76,727.4815789473685,532.1152631578948,669.5,512,63,21,public,6,class->block->function->type->specifier,
2,135,rectangle_java2.jpg,rectangle_java2.jpg,3697906111,76,727.4815789473685,532.1152631578948,737.5,512,33,21,int,3,class->block->function->type->name,
2,135,rectangle_java2.jpg,rectangle_java2.jpg,3697974109,64,717.46875,544.3,669.5,549,63,21,public,6,class->block->function->type->specifier,
2,135,rectangle_java2.jpg,rectangle_java2.jpg,3698070100,60,756.458,532.154,737.5,512,33,21,int,3,class->block->function->type->name,
2,135,rectangle_java2.jpg,rectangle_java2.jpg,3698158088,84,758.6404761904762,543.4704761904762,737.5,549,33,21,int,3,class->block->function->type->name,
2,135,rectangle_java2.jpg,rectangle_java2.jpg,3698226079,64,753.449375,547.044375,737.5,549,33,21,int,3,class->block->function->type->name,
2,135,rectangle_java2.jpg,rectangle_java2.jpg,3698330097,56,746.0271428571428,522.6964285714286,737.5,512,33,21,int,3,class->block->function->type->name,
2,135,rectangle_java2.jpg,rectangle_java2.jpg,3698630063,152,789.8307894736843,532.0773684210526,775.5,512,53,21,width,5,class->block->function->name,
2,135,rectangle_java2.jpg,rectangle_java2.jpg,3698818082,140,930.4734285714286,526.6474285714286,891.5,512,62,21,return,6,class->block->function->block->block_content->return->expr->name->name,
2,135,rectangle_java2.jpg,rectangle_java2.jpg,3698986117,96,921.3075,544.4895833333334,900.5,549,63,21,return,6,class->block->function->block->block_content->return,
2,135,rectangle_java2.jpg,rectangle_java2.jpg,3699145915,56,986.0164285714286,546.3121428571428,968.5,549,70,21,this.y2,7,class->block->function->block->block_content->return->expr->name->name->operator->name,
2,135,rectangle_java2.jpg,rectangle_java2.jpg,3699677959,76,1079.63,531.6831578947368,1054.5,512,71,21,this.x1,7,class->block->function->block->block_content->return->expr->name->name->operator->name,
2,135,rectangle_java2.jpg,rectangle_java2.jpg,3699765959,84,1085.78,536.692380952381,1064.5,549,71,21,this.y1,7,class->block->function->block->block_content->return->expr->name->name->operator->name,
2,135,rectangle_java2.jpg,rectangle_java2.jpg,3699921973,100,1066.916,568.068,1064.5,549,71,21,this.y1,7,class->block->function->block->block_content->return->expr->name->name->operator->name,
2,135,rectangle_java2.jpg,rectangle_java2.jpg,3700225932,96,1121.6625,562.62625,1064.5,549,71,21,this.y1,7,class->block->function->block->block_content->return->expr->name->name->operator->name,
2,135,rectangle_java2.jpg,rectangle_java2.jpg,3700409937,100,767.2144000000001,547.7028,737.5,549,33,21,int,3,class->block->function->type->name,
2,135,rectangle_java2.jpg,rectangle_java2.jpg,3700409937,100,767.2144000000001,547.7028,775.5,549,62,21,height,6,class->block->function->name,
2,135,rectangle_java2.jpg,rectangle_java2.jpg,3700761983,80,784.57,581.696,737.5,585,62,21,double,6,class->block->function->type->name,
2,135,rectangle_java2.jpg,rectangle_java2.jpg,3700849950,84,795.9452380952381,598.2709523809524,737.5,585,62,21,double,6,class->block->function->type->name,
2,135,rectangle_java2.jpg,rectangle_java2.jpg,3700849950,84,795.9452380952381,598.2709523809524,804.5,585,43,21,area,4,class->block->function->name,
2,135,rectangle_java2.jpg,rectangle_java2.jpg,3700941955,88,797.0913636363637,600.955,737.5,585,62,21,double,6,class->block->function->type->name,
2,135,rectangle_java2.jpg,rectangle_java2.jpg,3700941955,88,797.0913636363637,600.955,804.5,585,43,21,area,4,class->block->function->name,
2,135,rectangle_java2.jpg,rectangle_java2.jpg,3701005962,60,781.3113333333333,592.8846666666667,737.5,585,62,21,double,6,class->block->function->type->name,
2,135,rectangle_java2.jpg,rectangle_java2.jpg,3701141901,88,983.4413636363636,615.2672727272727,990.5,621,10,21,[,1,class->block->function->parameter_list->parameter->decl->type->name->index,
2,135,rectangle_java2.jpg,rectangle_java2.jpg,3701497853,104,1005.1415384615384,599.655,977.5,585,101,21,this.width,10,class->block->function->block->block_content->return->expr->call->name->name->operator->name,
2,135,rectangle_java2.jpg,rectangle_java2.jpg,3701645820,68,1041.230588235294,618.9129411764706,1025.5,621,42,21,args,4,class->block->function->parameter_list->parameter->decl->name,
2,135,rectangle_java2.jpg,rectangle_java2.jpg,3701765835,116,1053.9124137931035,611.4248275862069,1025.5,621,42,21,args,4,class->block->function->parameter_list->parameter->decl->name,
2,135,rectangle_java2.jpg,rectangle_java2.jpg,3701941848,88,958.941818181818,592.7231818181818,910.5,585,62,21,return,6,class->block->function->block->block_content->return,
2,135,rectangle_java2.jpg,rectangle_java2.jpg,3702097862,108,988.7766666666666,585.0133333333333,977.5,585,101,21,this.width,10,class->block->function->block->block_content->return->expr->call->name->name->operator->name,
2,135,rectangle_java2.jpg,rectangle_java2.jpg,3702177857,60,1039.082666666667,560.296,1045.5,549,13,21,-,1,class->block->function->block->block_content->return->expr->operator,
2,135,rectangle_java2.jpg,rectangle_java2.jpg,3702261853,80,1022.9345,566.4415,968.5,549,70,21,this.y2,7,class->block->function->block->block_content->return->expr->name->name->operator->name,
2,135,rectangle_java2.jpg,rectangle_java2.jpg,3702369849,104,1013.243076923077,562.1211538461539,968.5,549,70,21,this.y2,7,class->block->function->block->block_content->return->expr->name->name->operator->name,
2,135,rectangle_java2.jpg,rectangle_java2.jpg,3702465848,92,1006.5817391304348,554.9208695652175,968.5,549,70,21,this.y2,7,class->block->function->block->block_content->return->expr->name->name->operator->name,
2,135,rectangle_java2.jpg,rectangle_java2.jpg,3702541845,72,1010.2116666666668,567.1427777777777,968.5,549,70,21,this.y2,7,class->block->function->block->block_content->return->expr->name->name->operator->name,
2,135,rectangle_java2.jpg,rectangle_java2.jpg,3702605838,60,998.794,557.894,968.5,549,70,21,this.y2,7,class->block->function->block->block_content->return->expr->name->name->operator->name,
2,135,rectangle_java2.jpg,rectangle_java2.jpg,3702745816,100,999.7224,587.5168,977.5,585,101,21,this.width,10,class->block->function->block->block_content->return->expr->call->name->name->operator->name,
2,135,rectangle_java2.jpg,rectangle_java2.jpg,3703021720,56,994.2592857142856,537.0064285714286,968.5,549,70,21,this.y2,7,class->block->function->block->block_content->return->expr->name->name->operator->name,
2,135,rectangle_java2.jpg,rectangle_java2.jpg,3703257650,88,1093.9136363636364,565.054090909091,1064.5,549,71,21,this.y1,7,class->block->function->block->block_content->return->expr->name->name->operator->name,
2,135,rectangle_java2.jpg,rectangle_java2.jpg,3703977713,164,768.8921951219512,540.4848780487805,737.5,549,33,21,int,3,class->block->function->type->name,
2,135,rectangle_java2.jpg,rectangle_java2.jpg,3703977713,164,768.8921951219512,540.4848780487805,775.5,549,62,21,height,6,class->block->function->name,
2,135,rectangle_java2.jpg,rectangle_java2.jpg,3704065706,84,781.2009523809523,552.1085714285714,775.5,549,62,21,height,6,class->block->function->name,
2,135,rectangle_java2.jpg,rectangle_java2.jpg,3704173696,104,773.881923076923,551.7419230769231,775.5,549,62,21,height,6,class->block->function->name,
2,135,rectangle_java2.jpg,rectangle_java2.jpg,3704285692,108,772.6122222222223,553.9203703703704,775.5,549,62,21,height,6,class->block->function->name,
2,135,rectangle_java2.jpg,rectangle_java2.jpg,3704649723,92,939.2317391304348,559.3091304347826,900.5,549,63,21,return,6,class->block->function->block->block_content->return,
2,135,rectangle_java2.jpg,rectangle_java2.jpg,3704837612,80,998.133,576.5915,977.5,585,101,21,this.width,10,class->block->function->block->block_content->return->expr->call->name->name->operator->name,
2,135,rectangle_java2.jpg,rectangle_java2.jpg,3704937604,96,994.07625,574.1991666666667,977.5,585,101,21,this.width,10,class->block->function->block->block_content->return->expr->call->name->name->operator->name,
2,135,rectangle_java2.jpg,rectangle_java2.jpg,3705001594,60,994.536,590.8193333333334,977.5,585,101,21,this.width,10,class->block->function->block->block_content->return->expr->call->name->name->operator->name,
2,135,rectangle_java2.jpg,rectangle_java2.jpg,3705125583,84,983.917619047619,574.2185714285714,977.5,585,101,21,this.width,10,class->block->function->block->block_content->return->expr->call->name->name->operator->name,
2,135,rectangle_java2.jpg,rectangle_java2.jpg,3705253574,72,976.76,577.8005555555555,977.5,585,101,21,this.width,10,class->block->function->block->block_content->return->expr->call->name->name->operator->name,
2,135,rectangle_java2.jpg,rectangle_java2.jpg,3705357580,100,971.3188,560.6712,968.5,549,70,21,this.y2,7,class->block->function->block->block_content->return->expr->name->name->operator->name,
2,135,rectangle_java2.jpg,rectangle_java2.jpg,3706385520,108,1125.3762962962962,516.1474074074074,1054.5,512,71,21,this.x1,7,class->block->function->block->block_content->return->expr->name->name->operator->name,
2,135,rectangle_java2.jpg,rectangle_java2.jpg,3706385520,108,1125.3762962962962,516.1474074074074,1132.5,512,10,21,;,1,class->block->function->block,
2,135,rectangle_java2.jpg,rectangle_java2.jpg,3706837500,56,756.6792857142857,605.5685714285714,737.5,585,62,21,double,6,class->block->function->type->name,
2,135,rectangle_java2.jpg,rectangle_java2.jpg,3706949472,56,687.1978571428572,575.7735714285715,669.5,585,63,21,public,6,class->block->function->type->specifier,
2,135,rectangle_java2.jpg,rectangle_java2.jpg,3707025447,72,689.1172222222223,586.4455555555555,669.5,585,63,21,public,6,class->block->function->type->specifier,
2,135,rectangle_java2.jpg,rectangle_java2.jpg,3707193414,64,714.161875,577.605,669.5,585,63,21,public,6,class->block->function->type->specifier,
2,135,rectangle_java2.jpg,rectangle_java2.jpg,3707653395,88,774.4795454545455,561.7968181818181,775.5,549,62,21,height,6,class->block->function->name,
2,135,rectangle_java2.jpg,rectangle_java2.jpg,3707777427,92,779.9826086956522,592.9930434782609,737.5,585,62,21,double,6,class->block->function->type->name,
2,135,rectangle_java2.jpg,rectangle_java2.jpg,3708209777,140,965.1034285714286,591.9711428571429,910.5,585,62,21,return,6,class->block->function->block->block_content->return,
2,135,rectangle_java2.jpg,rectangle_java2.jpg,3708209777,140,965.1034285714286,591.9711428571429,977.5,585,101,21,this.width,10,class->block->function->block->block_content->return->expr->call->name->name->operator->name,
2,135,rectangle_java2.jpg,rectangle_java2.jpg,3708273885,60,949.7713333333334,593.6446666666667,910.5,585,62,21,return,6,class->block->function->block->block_content->return,
2,135,rectangle_java2.jpg,rectangle_java2.jpg,3708497748,56,924.6221428571428,565.0857142857143,900.5,549,63,21,return,6,class->block->function->block->block_content->return,
2,135,rectangle_java2.jpg,rectangle_java2.jpg,3708565438,64,929.364375,590.373125,910.5,585,62,21,return,6,class->block->function->block->block_content->return,
2,135,rectangle_java2.jpg,rectangle_java2.jpg,3708857323,72,937.1055555555556,595.49,910.5,585,62,21,return,6,class->block->function->block->block_content->return,
2,135,rectangle_java2.jpg,rectangle_java2.jpg,3709341277,72,1022.7238888888888,594.9716666666667,977.5,585,101,21,this.width,10,class->block->function->block->block_content->return->expr->call->name->name->operator->name,
2,135,rectangle_java2.jpg,rectangle_java2.jpg,3709661262,120,1029.6,611.0606666666666,1025.5,621,42,21,args,4,class->block->function->parameter_list->parameter->decl->name,
2,135,rectangle_java2.jpg,rectangle_java2.jpg,3709825130,60,1023.584,608.712,1025.5,621,42,21,args,4,class->block->function->parameter_list->parameter->decl->name,
2,135,rectangle_java2.jpg,rectangle_java2.jpg,3709933178,84,960.0142857142856,610.6538095238095,920.5,621,62,21,String,6,class->block->function->parameter_list->parameter->decl->type->name->name,
2,135,rectangle_java2.jpg,rectangle_java2.jpg,3710005226,68,957.14,622.3629411764706,920.5,621,62,21,String,6,class->block->function->parameter_list->parameter->decl->type->name->name,
2,135,rectangle_java2.jpg,rectangle_java2.jpg,3710109259,100,961.04,617.9972,920.5,621,62,21,String,6,class->block->function->parameter_list->parameter->decl->type->name->name,
2,135,rectangle_java2.jpg,rectangle_java2.jpg,3710621070,108,1050.4051851851852,549.4462962962963,1045.5,549,13,21,-,1,class->block->function->block->block_content->return->expr->operator,
2,135,rectangle_java2.jpg,rectangle_java2.jpg,3710809177,64,1099.959375,543.778125,1064.5,549,71,21,this.y1,7,class->block->function->block->block_content->return->expr->name->name->operator->name,
2,135,rectangle_java2.jpg,rectangle_java2.jpg,3710989132,104,1123.3738461538462,590.9026923076923,1122.5,585,12,21,*,1,class->block->function->block->block_content->return->expr->operator,
2,135,rectangle_java2.jpg,rectangle_java2.jpg,3711125095,68,985.1435294117648,639.1258823529412,990.5,621,10,21,[,1,class->block->function->parameter_list->parameter->decl->type->name->index,
2,135,rectangle_java2.jpg,rectangle_java2.jpg,3711777204,80,774.6535,631.5245,738.5,621,61,21,static,6,class->block->function->type->specifier,
2,135,rectangle_java2.jpg,rectangle_java2.jpg,3712165098,76,996.49,652.1952631578947,941.5,658,91,20,Rectangle,9,class->block->function->block->block_content->decl_stmt->decl->init->expr->call->name,
2,135,rectangle_java2.jpg,rectangle_java2.jpg,3712464965,80,1040.7805,618.6565,1025.5,621,42,21,args,4,class->block->function->parameter_list->parameter->decl->name,
2,135,rectangle_java2.jpg,rectangle_java2.jpg,3713044858,96,988.6766666666666,603.6975,977.5,585,101,21,this.width,10,class->block->function->block->block_content->return->expr->call->name->name->operator->name,
2,135,rectangle_java2.jpg,rectangle_java2.jpg,3713329162,112,1046.8067857142858,580.7514285714286,977.5,585,101,21,this.width,10,class->block->function->block->block_content->return->expr->call->name->name->operator->name,
2,135,rectangle_java2.jpg,rectangle_java2.jpg,3713421303,88,1039.320909090909,590.4759090909091,977.5,585,101,21,this.width,10,class->block->function->block->block_content->return->expr->call->name->name->operator->name,
2,135,rectangle_java2.jpg,rectangle_java2.jpg,3713537174,68,1046.6576470588236,591.0111764705882,977.5,585,101,21,this.width,10,class->block->function->block->block_content->return->expr->call->name->name->operator->name,
2,135,rectangle_java2.jpg,rectangle_java2.jpg,3713597076,56,1047.8107142857143,598.6592857142857,977.5,585,101,21,this.width,10,class->block->function->block->block_content->return->expr->call->name->name->operator->name,
2,135,rectangle_java2.jpg,rectangle_java2.jpg,3713705003,64,1087.165,613.865,1094.5,621,10,21,{,1,class->block->function->block,
2,135,rectangle_java2.jpg,rectangle_java2.jpg,3713797001,56,1085.7557142857142,605.6828571428572,1086.5,585,10,21,(,1,class->block->function->block->block_content->return->expr->call->argument_list,
2,135,rectangle_java2.jpg,rectangle_java2.jpg,3713960970,60,1161.7513333333334,591.1193333333333,1140.5,585,110,21,this.height,11,class->block->function->block->block_content->return->expr->call->name->name->operator->name,
2,135,rectangle_java2.jpg,rectangle_java2.jpg,3714680819,68,826.1741176470588,640.214705882353,804.5,621,44,21,void,4,class->block->function->type->name,
2,135,rectangle_java2.jpg,rectangle_java2.jpg,3715188931,84,788.8909523809524,637.1033333333334,738.5,621,61,21,static,6,class->block->function->type->specifier,
2,135,rectangle_java2.jpg,rectangle_java2.jpg,3715372907,64,980.184375,652.189375,941.5,658,91,20,Rectangle,9,class->block->function->block->block_content->decl_stmt->decl->init->expr->call->name,
2,135,rectangle_java2.jpg,rectangle_java2.jpg,3715448903,72,976.96,654.0866666666667,941.5,658,91,20,Rectangle,9,class->block->function->block->block_content->decl_stmt->decl->init->expr->call->name,
2,135,rectangle_java2.jpg,rectangle_java2.jpg,3715608912,112,986.1914285714286,650.13,941.5,658,91,20,Rectangle,9,class->block->function->block->block_content->decl_stmt->decl->init->expr->call->name,
2,135,rectangle_java2.jpg,rectangle_java2.jpg,3715756908,68,992.2535294117648,694.5494117647058,932.5,694,100,21,rect1.area,10,class->block->function->block->block_content->expr_stmt->expr->call->argument_list->argument->expr->call->name->name->operator->name,
2,135,rectangle_java2.jpg,rectangle_java2.jpg,3716184713,88,824.680909090909,693.1804545454545,730.5,694,177,21,System.out.println,18,class->block->function->block->block_content->expr_stmt->expr->call->name->name->operator->name->operator->name,
2,135,rectangle_java2.jpg,rectangle_java2.jpg,3716548726,56,875.9571428571428,686.0714285714286,730.5,694,177,21,System.out.println,18,class->block->function->block->block_content->expr_stmt->expr->call->name->name->operator->name->operator->name,
2,135,rectangle_java2.jpg,rectangle_java2.jpg,3716844765,76,796.0515789473684,692.2705263157894,730.5,694,177,21,System.out.println,18,class->block->function->block->block_content->expr_stmt->expr->call->name->name->operator->name->operator->name,
2,135,rectangle_java2.jpg,rectangle_java2.jpg,3718140606,108,685.7648148148148,290.3840740740741,669.5,295,63,21,public,6,class->block->constructor->specifier,
2,135,rectangle_java2.jpg,rectangle_java2.jpg,3718204623,60,683.814,311.88466666666665,669.5,295,63,21,public,6,class->block->constructor->specifier,
2,135,rectangle_java2.jpg,rectangle_java2.jpg,3718612609,72,833.8911111111111,696.0272222222222,730.5,694,177,21,System.out.println,18,class->block->function->block->block_content->expr_stmt->expr->call->name->name->operator->name->operator->name,
2,135,rectangle_java2.jpg,rectangle_java2.jpg,3718968597,76,946.8057894736842,694.8447368421052,932.5,694,100,21,rect1.area,10,class->block->function->block->block_content->expr_stmt->expr->call->argument_list->argument->expr->call->name->name->operator->name,
2,135,rectangle_java2.jpg,rectangle_java2.jpg,3719160567,68,940.234705882353,723.3705882352941,941.5,731,91,20,Rectangle,9,class->block->function->block->block_content->decl_stmt->decl->init->expr->call->name,
2,135,rectangle_java2.jpg,rectangle_java2.jpg,3719280570,80,1063.7455,693.196,1057.5,694,10,21,),1,class->block->function->block->block_content->expr_stmt->expr->call->argument_list->argument->expr->call->argument_list,
2,135,rectangle_java2.jpg,rectangle_java2.jpg,3720336476,64,944.01875,288.62,939.5,295,33,21,int,3,class->block->constructor->parameter_list->parameter->decl->type->name,
2,135,rectangle_java2.jpg,rectangle_java2.jpg,3720492465,80,1113.534,731.806,1115.5,731,10,20,"""","""",1,class->block->function->block->block_content->decl_stmt->decl->init->expr->call->argument_list
2,135,rectangle_java2.jpg,rectangle_java2.jpg,3720560469,64,1125.694375,735.838125,1134.5,731,22,20,10,2,class->block->function->block->block_content->decl_stmt->decl->init->expr->call->argument_list->argument->expr->literal,
2,135,rectangle_java2.jpg,rectangle_java2.jpg,3720708473,96,1079.95875,709.0016666666667,1077.5,694,9,21,),1,class->block->function->block->block_content->expr_stmt->expr->call->argument_list,
2,135,rectangle_java2.jpg,rectangle_java2.jpg,3720792476,56,835.595,741.6271428571429,826.5,731,51,20,rect2,5,class->block->function->block->block_content->decl_stmt->decl->name,
2,135,rectangle_java2.jpg,rectangle_java2.jpg,3720868478,72,831.9083333333333,758.1744444444445,730.5,766,177,21,System.out.println,18,class->block->function->block->block_content->expr_stmt->expr->call->name->name->operator->name->operator->name,
2,135,rectangle_java2.jpg,rectangle_java2.jpg,3720940473,68,837.8341176470589,764.4364705882354,730.5,766,177,21,System.out.println,18,class->block->function->block->block_content->expr_stmt->expr->call->name->name->operator->name->operator->name,
2,135,rectangle_java2.jpg,rectangle_java2.jpg,3721260392,80,960.1255,737.9455,941.5,731,91,20,Rectangle,9,class->block->function->block->block_content->decl_stmt->decl->init->expr->call->name,
2,135,rectangle_java2.jpg,rectangle_java2.jpg,3721392408,60,973.02,755.5886666666667,932.5,766,100,21,rect2.area,10,class->block->function->block->block_content->expr_stmt->expr->call->argument_list->argument->expr->call->name->name->operator->name,
2,135,rectangle_java2.jpg,rectangle_java2.jpg,3721564241,80,1006.563,750.2385,941.5,731,91,20,Rectangle,9,class->block->function->block->block_content->decl_stmt->decl->init->expr->call->name,
2,135,rectangle_java2.jpg,rectangle_java2.jpg,3721640117,72,1007.545,741.5316666666666,941.5,731,91,20,Rectangle,9,class->block->function->block->block_content->decl_stmt->decl->init->expr->call->name,
2,135,rectangle_java2.jpg,rectangle_java2.jpg,3721780229,136,999.6864705882354,741.7491176470588,941.5,731,91,20,Rectangle,9,class->block->function->block->block_content->decl_stmt->decl->init->expr->call->name,
2,135,rectangle_java2.jpg,rectangle_java2.jpg,3721900312,116,995.9937931034484,747.0972413793104,941.5,731,91,20,Rectangle,9,class->block->function->block->block_content->decl_stmt->decl->init->expr->call->name,
2,135,rectangle_java2.jpg,rectangle_java2.jpg,3722068337,80,1004.748,740.3025,941.5,731,91,20,Rectangle,9,class->block->function->block->block_content->decl_stmt->decl->init->expr->call->name,
2,135,rectangle_java2.jpg,rectangle_java2.jpg,3722308318,72,820.3922222222222,572.77,804.5,585,43,21,area,4,class->block->function->name,
2,135,rectangle_java2.jpg,rectangle_java2.jpg,3722600383,72,739.1416666666667,641.4494444444445,738.5,621,61,21,static,6,class->block->function->type->specifier,
2,135,rectangle_java2.jpg,rectangle_java2.jpg,3722860366,56,798.3471428571429,665.3521428571429,730.5,658,91,20,Rectangle,9,class->block->function->block->block_content->decl_stmt->decl->type->name,
2,135,rectangle_java2.jpg,rectangle_java2.jpg,3723064352,72,804.2422222222223,661.9233333333333,730.5,658,91,20,Rectangle,9,class->block->function->block->block_content->decl_stmt->decl->type->name,
2,135,rectangle_java2.jpg,rectangle_java2.jpg,3723464101,72,741.6344444444444,636.6827777777778,738.5,621,61,21,static,6,class->block->function->type->specifier,
2,135,rectangle_java2.jpg,rectangle_java2.jpg,3724080206,64,970.9525,763.039375,932.5,766,100,21,rect2.area,10,class->block->function->block->block_content->expr_stmt->expr->call->argument_list->argument->expr->call->name->name->operator->name,
2,135,rectangle_java2.jpg,rectangle_java2.jpg,3724216209,80,974.276,758.7915,932.5,766,100,21,rect2.area,10,class->block->function->block->block_content->expr_stmt->expr->call->argument_list->argument->expr->call->name->name->operator->name,
2,135,rectangle_java2.jpg,rectangle_java2.jpg,3724560204,60,797.3146666666667,766.216,730.5,766,177,21,System.out.println,18,class->block->function->block->block_content->expr_stmt->expr->call->name->name->operator->name->operator->name,
2,135,rectangle_java2.jpg,rectangle_java2.jpg,3725164209,100,888.442,769.4596,730.5,766,177,21,System.out.println,18,class->block->function->block->block_content->expr_stmt->expr->call->name->name->operator->name->operator->name,
2,135,rectangle_java2.jpg,rectangle_java2.jpg,3725228109,60,892.3886666666666,780.842,730.5,766,177,21,System.out.println,18,class->block->function->block->block_content->expr_stmt->expr->call->name->name->operator->name->operator->name,
2,135,rectangle_java2.jpg,rectangle_java2.jpg,3725464127,64,866.530625,707.1225,730.5,694,177,21,System.out.println,18,class->block->function->block->block_content->expr_stmt->expr->call->name->name->operator->name->operator->name,
2,135,rectangle_java2.jpg,rectangle_java2.jpg,3726064334,104,970.1730769230768,754.6711538461539,932.5,766,100,21,rect2.area,10,class->block->function->block->block_content->expr_stmt->expr->call->argument_list->argument->expr->call->name->name->operator->name,
2,135,rectangle_java2.jpg,rectangle_java2.jpg,3726188104,64,949.121875,761.90875,932.5,766,100,21,rect2.area,10,class->block->function->block->block_content->expr_stmt->expr->call->argument_list->argument->expr->call->name->name->operator->name,
2,135,rectangle_java2.jpg,rectangle_java2.jpg,3726264027,72,927.5372222222222,750.6477777777777,902.5,731,34,20,new,3,class->block->function->block->block_content->decl_stmt->decl->init->expr->operator,
2,135,rectangle_java2.jpg,rectangle_java2.jpg,3726324036,56,914.4507142857144,733.0842857142857,902.5,731,34,20,new,3,class->block->function->block->block_content->decl_stmt->decl->init->expr->operator,
2,135,rectangle_java2.jpg,rectangle_java2.jpg,3726956068,56,1080.085,757.725,1077.5,766,9,21,),1,class->block->function->block->block_content->expr_stmt->expr->call->argument_list,
2,135,rectangle_java2.jpg,rectangle_java2.jpg,3727020045,60,1066.692,764.086,1057.5,766,10,21,),1,class->block->function->block->block_content->expr_stmt->expr->call->argument_list->argument->expr->call->argument_list,
2,135,rectangle_java2.jpg,rectangle_java2.jpg,3727020045,60,1066.692,764.086,1077.5,766,9,21,),1,class->block->function->block->block_content->expr_stmt->expr->call->argument_list,
2,135,rectangle_java2.jpg,rectangle_java2.jpg,3727827933,64,996.03375,785.031875,932.5,766,100,21,rect2.area,10,class->block->function->block->block_content->expr_stmt->expr->call->argument_list->argument->expr->call->name->name->operator->name,
2,135,rectangle_java2.jpg,rectangle_java2.jpg,3727971965,56,996.6578571428572,777.675,932.5,766,100,21,rect2.area,10,class->block->function->block->block_content->expr_stmt->expr->call->argument_list->argument->expr->call->name->name->operator->name,
2,135,rectangle_java2.jpg,rectangle_java2.jpg,3729303789,80,967.5075,770.0055,932.5,766,100,21,rect2.area,10,class->block->function->block->block_content->expr_stmt->expr->call->argument_list->argument->expr->call->name->name->operator->name,
2,135,rectangle_java2.jpg,rectangle_java2.jpg,3729383791,56,1043.1171428571429,779.1078571428571,1041.5,766,9,21,(,1,class->block->function->block->block_content->expr_stmt->expr->call->argument_list->argument->expr->call->argument_list,
2,135,rectangle_java2.jpg,rectangle_java2.jpg,3729443794,56,1020.2642857142856,777.7657142857142,932.5,766,100,21,rect2.area,10,class->block->function->block->block_content->expr_stmt->expr->call->argument_list->argument->expr->call->name->name->operator->name,
2,135,rectangle_java2.jpg,rectangle_java2.jpg,3729835945,60,838.542,779.9066666666666,730.5,766,177,21,System.out.println,18,class->block->function->block->block_content->expr_stmt->expr->call->name->name->operator->name->operator->name,
2,135,rectangle_java2.jpg,rectangle_java2.jpg,3729955842,56,804.1242857142857,786.59,730.5,766,177,21,System.out.println,18,class->block->function->block->block_content->expr_stmt->expr->call->name->name->operator->name->operator->name,
2,135,rectangle_java2.jpg,rectangle_java2.jpg,3730067782,80,816.9525,779.994,730.5,766,177,21,System.out.println,18,class->block->function->block->block_content->expr_stmt->expr->call->name->name->operator->name->operator->name,
2,135,rectangle_java2.jpg,rectangle_java2.jpg,3731803586,152,1018.402105263158,786.098947368421,932.5,766,100,21,rect2.area,10,class->block->function->block->block_content->expr_stmt->expr->call->argument_list->argument->expr->call->name->name->operator->name,
2,135,rectangle_java2.jpg,rectangle_java2.jpg,3732127650,108,1003.2837037037036,728.9207407407407,941.5,731,91,20,Rectangle,9,class->block->function->block->block_content->decl_stmt->decl->init->expr->call->name,
2,135,rectangle_java2.jpg,rectangle_java2.jpg,3732351641,68,1022.025294117647,712.6476470588235,932.5,694,100,21,rect1.area,10,class->block->function->block->block_content->expr_stmt->expr->call->argument_list->argument->expr->call->name->name->operator->name,
2,135,rectangle_java2.jpg,rectangle_java2.jpg,3732427649,72,1014.9566666666668,708.1727777777778,932.5,694,100,21,rect1.area,10,class->block->function->block->block_content->expr_stmt->expr->call->argument_list->argument->expr->call->name->name->operator->name,
2,135,rectangle_java2.jpg,rectangle_java2.jpg,3732575523,88,981.8713636363636,725.5931818181818,941.5,731,91,20,Rectangle,9,class->block->function->block->block_content->decl_stmt->decl->init->expr->call->name,
2,135,rectangle_java2.jpg,rectangle_java2.jpg,3732635434,56,987.845,730.3642857142858,941.5,731,91,20,Rectangle,9,class->block->function->block->block_content->decl_stmt->decl->init->expr->call->name,
2,135,rectangle_java2.jpg,rectangle_java2.jpg,3732831390,124,845.8593548387097,723.23,826.5,731,51,20,rect2,5,class->block->function->block->block_content->decl_stmt->decl->name,
2,135,rectangle_java2.jpg,rectangle_java2.jpg,3732919427,84,840.8171428571428,732.1071428571429,826.5,731,51,20,rect2,5,class->block->function->block->block_content->decl_stmt->decl->name,
2,135,rectangle_java2.jpg,rectangle_java2.jpg,3733107486,64,937.00375,564.4725,900.5,549,63,21,return,6,class->block->function->block->block_content->return,
2,135,rectangle_java2.jpg,rectangle_java2.jpg,3733679519,68,828.2935294117647,382.02176470588233,826.5,367,23,21,y1,2,class->block->constructor->block->block_content->expr_stmt->expr->name->name,
2,135,rectangle_java2.jpg,rectangle_java2.jpg,3734243536,64,970.40875,748.47375,941.5,731,91,20,Rectangle,9,class->block->function->block->block_content->decl_stmt->decl->init->expr->call->name,
2,135,rectangle_java2.jpg,rectangle_java2.jpg,3734511473,80,953.67,706.064,932.5,694,100,21,rect1.area,10,class->block->function->block->block_content->expr_stmt->expr->call->argument_list->argument->expr->call->name->name->operator->name,
2,135,rectangle_java2.jpg,rectangle_java2.jpg,3734675390,136,978.4020588235294,667.2561764705882,941.5,658,91,20,Rectangle,9,class->block->function->block->block_content->decl_stmt->decl->init->expr->call->name,
2,135,rectangle_java2.jpg,rectangle_java2.jpg,3734831355,60,981.0266666666666,653.1193333333333,941.5,658,91,20,Rectangle,9,class->block->function->block->block_content->decl_stmt->decl->init->expr->call->name,
2,135,rectangle_java2.jpg,rectangle_java2.jpg,3734915353,80,968.3955,646.0615,941.5,658,91,20,Rectangle,9,class->block->function->block->block_content->decl_stmt->decl->init->expr->call->name,
2,135,rectangle_java2.jpg,rectangle_java2.jpg,3735175417,172,973.2179069767442,696.7523255813953,932.5,694,100,21,rect1.area,10,class->block->function->block->block_content->expr_stmt->expr->call->argument_list->argument->expr->call->name->name->operator->name,
2,135,rectangle_java2.jpg,rectangle_java2.jpg,3735243429,64,957.58875,714.18875,932.5,694,100,21,rect1.area,10,class->block->function->block->block_content->expr_stmt->expr->call->argument_list->argument->expr->call->name->name->operator->name,
2,135,rectangle_java2.jpg,rectangle_java2.jpg,3735399420,100,1007.2772,709.924,932.5,694,100,21,rect1.area,10,class->block->function->block->block_content->expr_stmt->expr->call->argument_list->argument->expr->call->name->name->operator->name,
2,135,rectangle_java2.jpg,rectangle_java2.jpg,3735503388,100,1012.366,727.3316,941.5,731,91,20,Rectangle,9,class->block->function->block->block_content->decl_stmt->decl->init->expr->call->name,
2,135,rectangle_java2.jpg,rectangle_java2.jpg,3735847396,88,770.2731818181818,666.0227272727273,730.5,658,91,20,Rectangle,9,class->block->function->block->block_content->decl_stmt->decl->type->name,
2,135,rectangle_java2.jpg,rectangle_java2.jpg,3736475134,92,958.1795652173912,676.6352173913043,941.5,658,91,20,Rectangle,9,class->block->function->block->block_content->decl_stmt->decl->init->expr->call->name,
2,135,rectangle_java2.jpg,rectangle_java2.jpg,3736539102,60,964.604,690.188,932.5,694,100,21,rect1.area,10,class->block->function->block->block_content->expr_stmt->expr->call->argument_list->argument->expr->call->name->name->operator->name,
2,135,rectangle_java2.jpg,rectangle_java2.jpg,3736619093,76,970.1373684210528,690.66,932.5,694,100,21,rect1.area,10,class->block->function->block->block_content->expr_stmt->expr->call->argument_list->argument->expr->call->name->name->operator->name,
2,135,rectangle_java2.jpg,rectangle_java2.jpg,3736795155,84,1003.2880952380953,695.3638095238096,932.5,694,100,21,rect1.area,10,class->block->function->block->block_content->expr_stmt->expr->call->argument_list->argument->expr->call->name->name->operator->name,
2,135,rectangle_java2.jpg,rectangle_java2.jpg,3736895209,96,997.6854166666668,701.25875,932.5,694,100,21,rect1.area,10,class->block->function->block->block_content->expr_stmt->expr->call->argument_list->argument->expr->call->name->name->operator->name,
2,135,rectangle_java2.jpg,rectangle_java2.jpg,3737135241,104,845.9319230769231,731.2246153846154,826.5,731,51,20,rect2,5,class->block->function->block->block_content->decl_stmt->decl->name,
2,135,rectangle_java2.jpg,rectangle_java2.jpg,3737195235,56,853.205,746.7764285714286,826.5,731,51,20,rect2,5,class->block->function->block->block_content->decl_stmt->decl->name,
2,135,rectangle_java2.jpg,rectangle_java2.jpg,3737611261,80,985.7025,689.8095,932.5,694,100,21,rect1.area,10,class->block->function->block->block_content->expr_stmt->expr->call->argument_list->argument->expr->call->name->name->operator->name,
2,135,rectangle_java2.jpg,rectangle_java2.jpg,3737715276,100,991.0156,703.7912,932.5,694,100,21,rect1.area,10,class->block->function->block->block_content->expr_stmt->expr->call->argument_list->argument->expr->call->name->name->operator->name,
2,135,rectangle_java2.jpg,rectangle_java2.jpg,3737815242,64,958.9875,697.854375,932.5,694,100,21,rect1.area,10,class->block->function->block->block_content->expr_stmt->expr->call->argument_list->argument->expr->call->name->name->operator->name,
2,135,rectangle_java2.jpg,rectangle_java2.jpg,3738034852,100,816.2384,665.8116,730.5,658,91,20,Rectangle,9,class->block->function->block->block_content->decl_stmt->decl->type->name,
2,135,rectangle_java2.jpg,rectangle_java2.jpg,3738034852,100,816.2384,665.8116,826.5,658,52,20,rect1,5,class->block->function->block->block_content->decl_stmt->decl->name,
2,135,rectangle_java2.jpg,rectangle_java2.jpg,3738115005,76,810.5505263157895,657.4368421052632,730.5,658,91,20,Rectangle,9,class->block->function->block->block_content->decl_stmt->decl->type->name,
2,135,rectangle_java2.jpg,rectangle_java2.jpg,3738239199,64,875.166875,677.97375,826.5,658,52,20,rect1,5,class->block->function->block->block_content->decl_stmt->decl->name,
2,135,rectangle_java2.jpg,rectangle_java2.jpg,3738239199,64,875.166875,677.97375,883.5,658,15,20,=,1,class->block->function->block->block_content->decl_stmt->decl->init,
2,135,rectangle_java2.jpg,rectangle_java2.jpg,3738347048,56,894.6985714285714,682.2771428571428,730.5,694,177,21,System.out.println,18,class->block->function->block->block_content->expr_stmt->expr->call->name->name->operator->name->operator->name,
2,135,rectangle_java2.jpg,rectangle_java2.jpg,3738474983,96,1039.91125,741.0716666666667,1041.5,731,9,20,(,1,class->block->function->block->block_content->decl_stmt->decl->init->expr->call->argument_list,
2,135,rectangle_java2.jpg,rectangle_java2.jpg,3738543040,64,1035.779375,732.810625,1041.5,731,9,20,(,1,class->block->function->block->block_content->decl_stmt->decl->init->expr->call->argument_list,
2,135,rectangle_java2.jpg,rectangle_java2.jpg,3738631113,68,1084.6870588235297,748.0058823529412,1077.5,731,9,20,"""","""",1,class->block->function->block->block_content->decl_stmt->decl->init->expr->call->argument_list
2,135,rectangle_java2.jpg,rectangle_java2.jpg,3738631113,68,1084.6870588235297,748.0058823529412,1095.5,731,13,20,5,1,class->block->function->block->block_content->decl_stmt->decl->init->expr->call->argument_list->argument->expr->literal,
2,135,rectangle_java2.jpg,rectangle_java2.jpg,3738751106,88,1089.144090909091,758.5586363636364,1096.5,766,10,21,;,1,class->block->function->block->block_content->expr_stmt,
2,135,rectangle_java2.jpg,rectangle_java2.jpg,3739310931,64,949.794375,781.893125,932.5,766,100,21,rect2.area,10,class->block->function->block->block_content->expr_stmt->expr->call->argument_list->argument->expr->call->name->name->operator->name,
2,135,rectangle_java2.jpg,rectangle_java2.jpg,3740083019,84,1007.5742857142856,709.1566666666666,932.5,694,100,21,rect1.area,10,class->block->function->block->block_content->expr_stmt->expr->call->argument_list->argument->expr->call->name->name->operator->name,
2,135,rectangle_java2.jpg,rectangle_java2.jpg,3740366944,68,880.6405882352941,769.5270588235294,730.5,766,177,21,System.out.println,18,class->block->function->block->block_content->expr_stmt->expr->call->name->name->operator->name->operator->name,
2,135,rectangle_java2.jpg,rectangle_java2.jpg,3740442997,72,879.7738888888889,765.455,730.5,766,177,21,System.out.println,18,class->block->function->block->block_content->expr_stmt->expr->call->name->name->operator->name->operator->name,
2,135,rectangle_java2.jpg,rectangle_java2.jpg,3740947275,144,1087.415,757.9713888888889,1096.5,766,10,21,;,1,class->block->function->block->block_content->expr_stmt,
2,135,rectangle_java2.jpg,rectangle_java2.jpg,3741079204,60,1121.748,677.9406666666666,1115.5,658,10,20,"""","""",1,class->block->function->block->block_content->decl_stmt->decl->init->expr->call->argument_list
2,135,rectangle_java2.jpg,rectangle_java2.jpg,3742310845,56,792.7528571428571,342.3442857142857,730.5,331,71,19,this.x1,7,class->block->constructor->block->block_content->expr_stmt->expr->name->name->operator->name,
2,135,rectangle_java2.jpg,rectangle_java2.jpg,3742562857,108,1100.6274074074074,589.6985185185185,1103.5,585,9,21,),1,class->block->function->block->block_content->return->expr->call->argument_list,
2,135,rectangle_java2.jpg,rectangle_java2.jpg,3742658867,56,1069.965,572.8464285714285,977.5,585,101,21,this.width,10,class->block->function->block->block_content->return->expr->call->name->name->operator->name,
