trial,participant,code_file,code_language,timestamp,duration,x_cord,y_cord,aoi_x,aoi_y,aoi_width,aoi_height,token,length,srcML,
2,150,rectangle_java2.jpg,rectangle_java2.jpg,4015283587,64,701.815625,269.539375,669.5,259,72,21,private,7,class->block->decl_stmt->decl->type->specifier,
2,150,rectangle_java2.jpg,rectangle_java2.jpg,4015535608,92,655.104347826087,229.3839130434783,657.5,222,52,21,class,5,class,
2,150,rectangle_java2.jpg,rectangle_java2.jpg,4016771407,84,712.8152380952381,219.47476190476183,715.5,222,90,21,Rectangle,9,class->name,
2,150,rectangle_java2.jpg,rectangle_java2.jpg,4016891432,116,718.8158620689655,213.4086206896552,715.5,222,90,21,Rectangle,9,class->name,
2,150,rectangle_java2.jpg,rectangle_java2.jpg,4016995509,64,809.51625,222.73062500000003,813.5,222,10,21,{,1,class->block,
2,150,rectangle_java2.jpg,rectangle_java2.jpg,4017131539,132,813.4090909090909,219.09757575757575,813.5,222,10,21,{,1,class->block,
2,150,rectangle_java2.jpg,rectangle_java2.jpg,4017211549,64,768.9818750000001,211.344375,715.5,222,90,21,Rectangle,9,class->name,
2,150,rectangle_java2.jpg,rectangle_java2.jpg,4017415490,104,673.771923076923,227.7146153846154,657.5,222,52,21,class,5,class,
2,150,rectangle_java2.jpg,rectangle_java2.jpg,4017727499,64,720.738125,229.611875,715.5,222,90,21,Rectangle,9,class->name,
2,150,rectangle_java2.jpg,rectangle_java2.jpg,4018591091,76,741.2131578947368,298.95684210526315,737.5,295,91,21,Rectangle,9,class->block->constructor->name,
2,150,rectangle_java2.jpg,rectangle_java2.jpg,4018807330,84,700.027619047619,288.29,669.5,295,63,21,public,6,class->block->constructor->specifier,
2,150,rectangle_java2.jpg,rectangle_java2.jpg,4018895354,84,694.5285714285715,272.2361904761905,669.5,259,72,21,private,7,class->block->decl_stmt->decl->type->specifier,
2,150,rectangle_java2.jpg,rectangle_java2.jpg,4019279309,56,753.7471428571429,257.5228571428572,747.5,259,33,21,int,3,class->block->decl_stmt->decl->type->name,
2,150,rectangle_java2.jpg,rectangle_java2.jpg,4019586861,76,780.1573684210526,315.1336842105263,737.5,295,91,21,Rectangle,9,class->block->constructor->name,
2,150,rectangle_java2.jpg,rectangle_java2.jpg,4019682742,92,789.638695652174,324.5204347826087,730.5,331,71,19,this.x1,7,class->block->constructor->block->block_content->expr_stmt->expr->name->name->operator->name,
2,150,rectangle_java2.jpg,rectangle_java2.jpg,4019834949,96,774.65125,380.9325,730.5,367,71,21,this.y1,7,class->block->constructor->block->block_content->expr_stmt->expr->name->name->operator->name,
2,150,rectangle_java2.jpg,rectangle_java2.jpg,4019903018,64,770.991875,374.80375,730.5,367,71,21,this.y1,7,class->block->constructor->block->block_content->expr_stmt->expr->name->name->operator->name,
2,150,rectangle_java2.jpg,rectangle_java2.jpg,4019987138,80,769.6514999999999,357.5075,730.5,367,71,21,this.y1,7,class->block->constructor->block->block_content->expr_stmt->expr->name->name->operator->name,
2,150,rectangle_java2.jpg,rectangle_java2.jpg,4020143201,96,946.5741666666668,259.52916666666664,929.5,259,23,21,y2,2,class->block->decl_stmt->decl->name,
2,150,rectangle_java2.jpg,rectangle_java2.jpg,4020211206,64,955.846875,249.104375,959.5,259,10,21,;,1,class->block->decl_stmt,
2,150,rectangle_java2.jpg,rectangle_java2.jpg,4020339246,80,846.9895,259.658,833.5,259,23,21,y1,2,class->block->decl_stmt->decl->name,
2,150,rectangle_java2.jpg,rectangle_java2.jpg,4020535478,112,695.4085714285715,252.1696428571429,669.5,259,72,21,private,7,class->block->decl_stmt->decl->type->specifier,
2,150,rectangle_java2.jpg,rectangle_java2.jpg,4021131152,60,730.258,457.848,730.5,440,71,21,this.y2,7,class->block->constructor->block->block_content->expr_stmt->expr->name->name->operator->name,
2,150,rectangle_java2.jpg,rectangle_java2.jpg,4021807050,88,888.8831818181818,499.8668181818182,891.5,512,62,21,return,6,class->block->function->block->block_content->return->expr->name->name,
2,150,rectangle_java2.jpg,rectangle_java2.jpg,4022379088,76,769.2668421052632,541.3321052631579,737.5,549,33,21,int,3,class->block->function->type->name,
2,150,rectangle_java2.jpg,rectangle_java2.jpg,4022379088,76,769.2668421052632,541.3321052631579,775.5,549,62,21,height,6,class->block->function->name,
2,150,rectangle_java2.jpg,rectangle_java2.jpg,4022511046,76,750.4410526315789,542.0531578947368,737.5,549,33,21,int,3,class->block->function->type->name,
2,150,rectangle_java2.jpg,rectangle_java2.jpg,4022603039,88,757.1963636363637,539.1818181818181,737.5,549,33,21,int,3,class->block->function->type->name,
2,150,rectangle_java2.jpg,rectangle_java2.jpg,4022914979,92,766.4660869565217,628.484347826087,738.5,621,61,21,static,6,class->block->function->type->specifier,
2,150,rectangle_java2.jpg,rectangle_java2.jpg,4024030929,72,745.6216666666667,703.9644444444444,730.5,694,177,21,System.out.println,18,class->block->function->block->block_content->expr_stmt->expr->call->name->name->operator->name->operator->name,
2,150,rectangle_java2.jpg,rectangle_java2.jpg,4024102912,68,739.9623529411765,712.7623529411765,730.5,694,177,21,System.out.println,18,class->block->function->block->block_content->expr_stmt->expr->call->name->name->operator->name->operator->name,
2,150,rectangle_java2.jpg,rectangle_java2.jpg,4025102991,56,896.0764285714286,765.8335714285714,730.5,766,177,21,System.out.println,18,class->block->function->block->block_content->expr_stmt->expr->call->name->name->operator->name->operator->name,
2,150,rectangle_java2.jpg,rectangle_java2.jpg,4025462809,260,765.780923076923,761.6461538461539,730.5,766,177,21,System.out.println,18,class->block->function->block->block_content->expr_stmt->expr->call->name->name->operator->name->operator->name,
2,150,rectangle_java2.jpg,rectangle_java2.jpg,4025810811,84,844.9642857142857,766.5909523809523,730.5,766,177,21,System.out.println,18,class->block->function->block->block_content->expr_stmt->expr->call->name->name->operator->name->operator->name,
2,150,rectangle_java2.jpg,rectangle_java2.jpg,4026014743,88,985.5318181818182,778.1472727272727,932.5,766,100,21,rect2.area,10,class->block->function->block->block_content->expr_stmt->expr->call->argument_list->argument->expr->call->name->name->operator->name,
2,150,rectangle_java2.jpg,rectangle_java2.jpg,4026198578,100,988.19,765.6152,932.5,766,100,21,rect2.area,10,class->block->function->block->block_content->expr_stmt->expr->call->argument_list->argument->expr->call->name->name->operator->name,
2,150,rectangle_java2.jpg,rectangle_java2.jpg,4026614703,76,833.9678947368421,742.3015789473684,826.5,731,51,20,rect2,5,class->block->function->block->block_content->decl_stmt->decl->name,
2,150,rectangle_java2.jpg,rectangle_java2.jpg,4026746677,64,1057.61,759.218125,1057.5,766,10,21,),1,class->block->function->block->block_content->expr_stmt->expr->call->argument_list->argument->expr->call->argument_list,
2,150,rectangle_java2.jpg,rectangle_java2.jpg,4026886661,136,1055.871176470588,760.8108823529412,1057.5,766,10,21,),1,class->block->function->block->block_content->expr_stmt->expr->call->argument_list->argument->expr->call->argument_list,
2,150,rectangle_java2.jpg,rectangle_java2.jpg,4026978670,88,1057.138181818182,753.6027272727273,1057.5,766,10,21,),1,class->block->function->block->block_content->expr_stmt->expr->call->argument_list->argument->expr->call->argument_list,
2,150,rectangle_java2.jpg,rectangle_java2.jpg,4027070668,64,993.034375,772.1743749999999,932.5,766,100,21,rect2.area,10,class->block->function->block->block_content->expr_stmt->expr->call->argument_list->argument->expr->call->name->name->operator->name,
2,150,rectangle_java2.jpg,rectangle_java2.jpg,4027146647,72,988.1194444444444,767.1722222222222,932.5,766,100,21,rect2.area,10,class->block->function->block->block_content->expr_stmt->expr->call->argument_list->argument->expr->call->name->name->operator->name,
2,150,rectangle_java2.jpg,rectangle_java2.jpg,4030326383,56,1158.7728571428572,721.5907142857143,1163.5,731,10,20,"""","""",1,class->block->function->block->block_content->decl_stmt->decl->init->expr->call->argument_list
2,150,rectangle_java2.jpg,rectangle_java2.jpg,4033639215,56,772.2221428571429,592.1071428571429,737.5,585,62,21,double,6,class->block->function->type->name,
