trial,participant,code_file,code_language,timestamp,duration,x_cord,y_cord,aoi_x,aoi_y,aoi_width,aoi_height,token,length,srcML,
2,32,rectangle_java2.jpg,rectangle_java2.jpg,904755177,56,677.0078571428571,211.16642857142855,657.5,222,52,21,class,5,class,
2,32,rectangle_java2.jpg,rectangle_java2.jpg,905175229,372,780.8755913978495,247.76913978494625,785.5,259,23,21,x1,2,class->block->decl_stmt->decl->name,
2,32,rectangle_java2.jpg,rectangle_java2.jpg,905979697,88,750.565909090909,251.05272727272728,747.5,259,33,21,int,3,class->block->decl_stmt->decl->type->name,
2,32,rectangle_java2.jpg,rectangle_java2.jpg,906102072,104,825.9,257.4453846153846,833.5,259,23,21,y1,2,class->block->decl_stmt->decl->name,
2,32,rectangle_java2.jpg,rectangle_java2.jpg,906239060,132,829.2530303030303,264.989696969697,833.5,259,23,21,y1,2,class->block->decl_stmt->decl->name,
2,32,rectangle_java2.jpg,rectangle_java2.jpg,906439043,160,878.599,264.11625,881.5,259,23,21,x2,2,class->block->decl_stmt->decl->name,
2,32,rectangle_java2.jpg,rectangle_java2.jpg,906499043,56,885.3485714285714,267.70428571428573,881.5,259,23,21,x2,2,class->block->decl_stmt->decl->name,
2,32,rectangle_java2.jpg,rectangle_java2.jpg,906787071,284,898.2678873239437,267.38591549295774,881.5,259,23,21,x2,2,class->block->decl_stmt->decl->name,
2,32,rectangle_java2.jpg,rectangle_java2.jpg,906875071,56,755.6178571428571,283.0992857142857,737.5,295,91,21,Rectangle,9,class->block->constructor->name,
2,32,rectangle_java2.jpg,rectangle_java2.jpg,907099031,220,751.9743636363636,285.71436363636366,737.5,295,91,21,Rectangle,9,class->block->constructor->name,
2,32,rectangle_java2.jpg,rectangle_java2.jpg,907207041,80,790.5575,299.36650000000003,737.5,295,91,21,Rectangle,9,class->block->constructor->name,
2,32,rectangle_java2.jpg,rectangle_java2.jpg,907319081,108,794.5266666666666,305.0848148148148,737.5,295,91,21,Rectangle,9,class->block->constructor->name,
2,32,rectangle_java2.jpg,rectangle_java2.jpg,907430960,88,733.6995454545455,294.415,737.5,295,91,21,Rectangle,9,class->block->constructor->name,
2,32,rectangle_java2.jpg,rectangle_java2.jpg,907530796,96,729.3104166666667,308.9895833333333,669.5,295,63,21,public,6,class->block->constructor->specifier,
2,32,rectangle_java2.jpg,rectangle_java2.jpg,907530796,96,729.3104166666667,308.9895833333333,737.5,295,91,21,Rectangle,9,class->block->constructor->name,
2,32,rectangle_java2.jpg,rectangle_java2.jpg,907598805,64,721.335,286.261875,669.5,295,63,21,public,6,class->block->constructor->specifier,
2,32,rectangle_java2.jpg,rectangle_java2.jpg,907938962,264,958.7304545454546,306.17,939.5,295,33,21,int,3,class->block->constructor->parameter_list->parameter->decl->type->name,
2,32,rectangle_java2.jpg,rectangle_java2.jpg,908086958,96,990.8441666666666,301.9379166666667,977.5,295,23,21,y1,2,class->block->constructor->parameter_list->parameter->decl->type->name,
2,32,rectangle_java2.jpg,rectangle_java2.jpg,908258918,156,1087.4769230769232,296.7994871794872,1094.5,295,9,21,"""","""",1,class->block->constructor->parameter_list
2,32,rectangle_java2.jpg,rectangle_java2.jpg,908422892,148,1158.382162162162,304.51567567567565,1150.5,295,23,21,y2,2,class->block->constructor->parameter_list->parameter->decl->type->name,
2,32,rectangle_java2.jpg,rectangle_java2.jpg,908606922,180,1165.760888888889,298.14844444444446,1150.5,295,23,21,y2,2,class->block->constructor->parameter_list->parameter->decl->type->name,
2,32,rectangle_java2.jpg,rectangle_java2.jpg,908914936,228,867.7831578947369,290.8936842105263,853.5,295,32,21,int,3,class->block->constructor->parameter_list->parameter->decl->type->name,
2,32,rectangle_java2.jpg,rectangle_java2.jpg,909014956,72,894.9727777777778,298.2711111111111,890.5,295,24,21,x1,2,class->block->constructor->parameter_list->parameter->decl->type->name,
2,32,rectangle_java2.jpg,rectangle_java2.jpg,909167019,148,902.2794594594594,291.78810810810813,890.5,295,24,21,x1,2,class->block->constructor->parameter_list->parameter->decl->type->name,
2,32,rectangle_java2.jpg,rectangle_java2.jpg,909246962,64,967.0025,295.410625,939.5,295,33,21,int,3,class->block->constructor->parameter_list->parameter->decl->type->name,
2,32,rectangle_java2.jpg,rectangle_java2.jpg,909246962,64,967.0025,295.410625,977.5,295,23,21,y1,2,class->block->constructor->parameter_list->parameter->decl->type->name,
2,32,rectangle_java2.jpg,rectangle_java2.jpg,909506819,256,977.04609375,304.3184375,977.5,295,23,21,y1,2,class->block->constructor->parameter_list->parameter->decl->type->name,
2,32,rectangle_java2.jpg,rectangle_java2.jpg,909614804,84,814.4557142857143,343.42619047619047,806.5,331,15,19,=,1,class->block->constructor->block->block_content->expr_stmt->expr->operator,
2,32,rectangle_java2.jpg,rectangle_java2.jpg,909614804,84,814.4557142857143,343.42619047619047,826.5,331,23,19,x1,2,class->block->constructor->block->block_content->expr_stmt->expr->name->name,
2,32,rectangle_java2.jpg,rectangle_java2.jpg,909914813,208,785.6292307692307,341.6105769230769,730.5,331,71,19,this.x1,7,class->block->constructor->block->block_content->expr_stmt->expr->name->name->operator->name,
2,32,rectangle_java2.jpg,rectangle_java2.jpg,910038813,120,780.1406666666667,336.434,730.5,331,71,19,this.x1,7,class->block->constructor->block->block_content->expr_stmt->expr->name->name->operator->name,
2,32,rectangle_java2.jpg,rectangle_java2.jpg,910122800,68,847.2864705882353,336.5941176470588,826.5,331,23,19,x1,2,class->block->constructor->block->block_content->expr_stmt->expr->name->name,
2,32,rectangle_java2.jpg,rectangle_java2.jpg,910122800,68,847.2864705882353,336.5941176470588,856.5,331,10,19,;,1,class->block->constructor->block->block_content->expr_stmt,
2,32,rectangle_java2.jpg,rectangle_java2.jpg,910278787,152,853.18,339.5678947368421,856.5,331,10,19,;,1,class->block->constructor->block->block_content->expr_stmt,
2,32,rectangle_java2.jpg,rectangle_java2.jpg,910378781,96,849.8004166666667,333.365,856.5,331,10,19,;,1,class->block->constructor->block->block_content->expr_stmt,
2,32,rectangle_java2.jpg,rectangle_java2.jpg,910590790,60,821.0120000000001,327.25266666666664,806.5,331,15,19,=,1,class->block->constructor->block->block_content->expr_stmt->expr->operator,
2,32,rectangle_java2.jpg,rectangle_java2.jpg,910590790,60,821.0120000000001,327.25266666666664,826.5,331,23,19,x1,2,class->block->constructor->block->block_content->expr_stmt->expr->name->name,
2,32,rectangle_java2.jpg,rectangle_java2.jpg,910694819,100,822.2712,324.2464,826.5,331,23,19,x1,2,class->block->constructor->block->block_content->expr_stmt->expr->name->name,
2,32,rectangle_java2.jpg,rectangle_java2.jpg,910882842,184,803.6369565217392,341.855,806.5,331,15,19,=,1,class->block->constructor->block->block_content->expr_stmt->expr->operator,
2,32,rectangle_java2.jpg,rectangle_java2.jpg,910966842,80,802.1435,344.8815,806.5,331,15,19,=,1,class->block->constructor->block->block_content->expr_stmt->expr->operator,
2,32,rectangle_java2.jpg,rectangle_java2.jpg,911118837,148,805.4154054054054,365.9735135135135,806.5,367,15,21,=,1,class->block->constructor->block->block_content->expr_stmt->expr->operator,
2,32,rectangle_java2.jpg,rectangle_java2.jpg,911178826,56,829.835,376.5471428571429,826.5,367,23,21,y1,2,class->block->constructor->block->block_content->expr_stmt->expr->name->name,
2,32,rectangle_java2.jpg,rectangle_java2.jpg,911282751,100,834.256,386.4748,826.5,367,23,21,y1,2,class->block->constructor->block->block_content->expr_stmt->expr->name->name,
2,32,rectangle_java2.jpg,rectangle_java2.jpg,911398682,112,836.2078571428572,382.2314285714286,826.5,367,23,21,y1,2,class->block->constructor->block->block_content->expr_stmt->expr->name->name,
2,32,rectangle_java2.jpg,rectangle_java2.jpg,911774677,276,806.511884057971,387.36420289855073,806.5,367,15,21,=,1,class->block->constructor->block->block_content->expr_stmt->expr->operator,
2,32,rectangle_java2.jpg,rectangle_java2.jpg,912058654,236,829.52,419.2667796610169,826.5,404,23,19,x2,2,class->block->constructor->block->block_content->expr_stmt->expr->name->name,
2,32,rectangle_java2.jpg,rectangle_java2.jpg,912206628,64,744.19375,503.61750000000006,737.5,512,33,21,int,3,class->block->function->type->name,
2,32,rectangle_java2.jpg,rectangle_java2.jpg,912314648,104,746.7696153846153,518.1457692307692,737.5,512,33,21,int,3,class->block->function->type->name,
2,32,rectangle_java2.jpg,rectangle_java2.jpg,912406677,88,779.4077272727272,516.1672727272727,775.5,512,53,21,width,5,class->block->function->name,
2,32,rectangle_java2.jpg,rectangle_java2.jpg,912502702,92,778.6630434782609,519.0821739130434,775.5,512,53,21,width,5,class->block->function->name,
2,32,rectangle_java2.jpg,rectangle_java2.jpg,912654706,104,815.348076923077,513.1103846153846,775.5,512,53,21,width,5,class->block->function->name,
2,32,rectangle_java2.jpg,rectangle_java2.jpg,912734699,64,933.95875,505.58062500000005,891.5,512,62,21,return,6,class->block->function->block->block_content->return->expr->name->name,
2,32,rectangle_java2.jpg,rectangle_java2.jpg,912906675,168,940.329761904762,501.3240476190476,891.5,512,62,21,return,6,class->block->function->block->block_content->return->expr->name->name,
2,32,rectangle_java2.jpg,rectangle_java2.jpg,912966666,56,933.585,510.475,891.5,512,62,21,return,6,class->block->function->block->block_content->return->expr->name->name,
2,32,rectangle_java2.jpg,rectangle_java2.jpg,913314435,96,1012.2570833333332,504.61458333333326,958.5,512,71,21,this.x2,7,class->block->function->block->block_content->return->expr->name->name->operator->name->operator,
2,32,rectangle_java2.jpg,rectangle_java2.jpg,913470432,140,1103.2697142857144,501.7268571428572,1054.5,512,71,21,this.x1,7,class->block->function->block->block_content->return->expr->name->name->operator->name,
2,32,rectangle_java2.jpg,rectangle_java2.jpg,913674529,200,1103.574,511.7647999999999,1054.5,512,71,21,this.x1,7,class->block->function->block->block_content->return->expr->name->name->operator->name,
2,32,rectangle_java2.jpg,rectangle_java2.jpg,913898531,220,1103.9434545454546,522.3905454545454,1054.5,512,71,21,this.x1,7,class->block->function->block->block_content->return->expr->name->name->operator->name,
2,32,rectangle_java2.jpg,rectangle_java2.jpg,914098544,156,1136.99,507.2797435897436,1132.5,512,10,21,;,1,class->block->function->block,
2,32,rectangle_java2.jpg,rectangle_java2.jpg,914314648,212,1143.7309433962264,512.7698113207547,1152.5,512,10,21,},1,class->block,
2,32,rectangle_java2.jpg,rectangle_java2.jpg,914862435,168,1026.074761904762,512.9995238095238,958.5,512,71,21,this.x2,7,class->block->function->block->block_content->return->expr->name->name->operator->name->operator,
2,32,rectangle_java2.jpg,rectangle_java2.jpg,914862435,168,1026.074761904762,512.9995238095238,1035.5,512,13,21,-,1,class->block->function->block->block_content->return->expr->name->name,
2,32,rectangle_java2.jpg,rectangle_java2.jpg,914942422,76,1017.18,514.5315789473684,958.5,512,71,21,this.x2,7,class->block->function->block->block_content->return->expr->name->name->operator->name->operator,
2,32,rectangle_java2.jpg,rectangle_java2.jpg,915158425,200,1107.1264,522.3472,1054.5,512,71,21,this.x1,7,class->block->function->block->block_content->return->expr->name->name->operator->name,
2,32,rectangle_java2.jpg,rectangle_java2.jpg,915270429,108,1116.3796296296296,529.97,1054.5,512,71,21,this.x1,7,class->block->function->block->block_content->return->expr->name->name->operator->name,
2,32,rectangle_java2.jpg,rectangle_java2.jpg,915402395,60,1057.398,551.4286666666667,1045.5,549,13,21,-,1,class->block->function->block->block_content->return->expr->operator,
2,32,rectangle_java2.jpg,rectangle_java2.jpg,915402395,60,1057.398,551.4286666666667,1064.5,549,71,21,this.y1,7,class->block->function->block->block_content->return->expr->name->name->operator->name,
2,32,rectangle_java2.jpg,rectangle_java2.jpg,915614398,92,779.2608695652174,553.6413043478261,775.5,549,62,21,height,6,class->block->function->name,
2,32,rectangle_java2.jpg,rectangle_java2.jpg,915850459,196,725.7657142857142,545.6377551020408,669.5,549,63,21,public,6,class->block->function->type->specifier,
2,32,rectangle_java2.jpg,rectangle_java2.jpg,915850459,196,725.7657142857142,545.6377551020408,737.5,549,33,21,int,3,class->block->function->type->name,
2,32,rectangle_java2.jpg,rectangle_java2.jpg,916038420,132,781.8969696969697,545.6451515151515,775.5,549,62,21,height,6,class->block->function->name,
2,32,rectangle_java2.jpg,rectangle_java2.jpg,916190403,148,808.4808108108108,540.3435135135135,775.5,549,62,21,height,6,class->block->function->name,
2,32,rectangle_java2.jpg,rectangle_java2.jpg,916306407,112,814.0807142857143,545.7985714285714,775.5,549,62,21,height,6,class->block->function->name,
2,32,rectangle_java2.jpg,rectangle_java2.jpg,916438420,68,981.689411764706,542.4223529411764,968.5,549,70,21,this.y2,7,class->block->function->block->block_content->return->expr->name->name->operator->name,
2,32,rectangle_java2.jpg,rectangle_java2.jpg,916578423,136,978.2105882352942,553.8308823529412,968.5,549,70,21,this.y2,7,class->block->function->block->block_content->return->expr->name->name->operator->name,
2,32,rectangle_java2.jpg,rectangle_java2.jpg,916786362,132,1106.158484848485,569.3633333333333,1064.5,549,71,21,this.y1,7,class->block->function->block->block_content->return->expr->name->name->operator->name,
2,32,rectangle_java2.jpg,rectangle_java2.jpg,916986227,196,1113.9322448979592,567.084693877551,1064.5,549,71,21,this.y1,7,class->block->function->block->block_content->return->expr->name->name->operator->name,
2,32,rectangle_java2.jpg,rectangle_java2.jpg,917098268,88,1056.9409090909091,562.7609090909091,1045.5,549,13,21,-,1,class->block->function->block->block_content->return->expr->operator,
2,32,rectangle_java2.jpg,rectangle_java2.jpg,917098268,88,1056.9409090909091,562.7609090909091,1064.5,549,71,21,this.y1,7,class->block->function->block->block_content->return->expr->name->name->operator->name,
2,32,rectangle_java2.jpg,rectangle_java2.jpg,917322310,220,1056.6232727272727,555.8169090909091,1045.5,549,13,21,-,1,class->block->function->block->block_content->return->expr->operator,
2,32,rectangle_java2.jpg,rectangle_java2.jpg,917322310,220,1056.6232727272727,555.8169090909091,1064.5,549,71,21,this.y1,7,class->block->function->block->block_content->return->expr->name->name->operator->name,
2,32,rectangle_java2.jpg,rectangle_java2.jpg,917486304,92,1135.1617391304349,563.8504347826087,1064.5,549,71,21,this.y1,7,class->block->function->block->block_content->return->expr->name->name->operator->name,
2,32,rectangle_java2.jpg,rectangle_java2.jpg,917486304,92,1135.1617391304349,563.8504347826087,1142.5,549,10,21,;,1,class->block->function->block->block_content->return,
2,32,rectangle_java2.jpg,rectangle_java2.jpg,918038282,84,1010.537619047619,614.1761904761905,1007.5,621,10,21,],1,class->block->function->parameter_list->parameter->decl->type->name->index,
2,32,rectangle_java2.jpg,rectangle_java2.jpg,918322241,196,772.9110204081633,596.934693877551,737.5,585,62,21,double,6,class->block->function->type->name,
2,32,rectangle_java2.jpg,rectangle_java2.jpg,918494307,112,736.1357142857142,592.2046428571429,737.5,585,62,21,double,6,class->block->function->type->name,
2,32,rectangle_java2.jpg,rectangle_java2.jpg,918710243,164,812.0073170731707,603.180243902439,804.5,585,43,21,area,4,class->block->function->name,
2,32,rectangle_java2.jpg,rectangle_java2.jpg,918790176,76,802.238947368421,604.3173684210526,804.5,585,43,21,area,4,class->block->function->name,
2,32,rectangle_java2.jpg,rectangle_java2.jpg,919034021,152,776.8668421052631,586.365,737.5,585,62,21,double,6,class->block->function->type->name,
2,32,rectangle_java2.jpg,rectangle_java2.jpg,919162156,108,841.9522222222222,597.8922222222222,804.5,585,43,21,area,4,class->block->function->name,
2,32,rectangle_java2.jpg,rectangle_java2.jpg,919374127,152,969.3976315789472,609.4418421052632,920.5,621,62,21,String,6,class->block->function->parameter_list->parameter->decl->type->name->name,
2,32,rectangle_java2.jpg,rectangle_java2.jpg,919438132,60,975.2846666666668,610.6613333333333,920.5,621,62,21,String,6,class->block->function->parameter_list->parameter->decl->type->name->name,
2,32,rectangle_java2.jpg,rectangle_java2.jpg,919514138,72,966.4866666666668,613.8122222222222,920.5,621,62,21,String,6,class->block->function->parameter_list->parameter->decl->type->name->name,
2,32,rectangle_java2.jpg,rectangle_java2.jpg,919742096,164,1044.001463414634,599.6426829268293,977.5,585,101,21,this.width,10,class->block->function->block->block_content->return->expr->call->name->name->operator->name,
2,32,rectangle_java2.jpg,rectangle_java2.jpg,919886082,104,1075.746153846154,595.5015384615384,977.5,585,101,21,this.width,10,class->block->function->block->block_content->return->expr->call->name->name->operator->name,
2,32,rectangle_java2.jpg,rectangle_java2.jpg,919886082,104,1075.746153846154,595.5015384615384,1086.5,585,10,21,(,1,class->block->function->block->block_content->return->expr->call->argument_list,
2,32,rectangle_java2.jpg,rectangle_java2.jpg,920006081,116,1080.0413793103448,585.9368965517241,1086.5,585,10,21,(,1,class->block->function->block->block_content->return->expr->call->argument_list,
2,32,rectangle_java2.jpg,rectangle_java2.jpg,920246150,180,1130.6666666666667,593.9466666666667,1122.5,585,12,21,*,1,class->block->function->block->block_content->return->expr->operator,
2,32,rectangle_java2.jpg,rectangle_java2.jpg,920246150,180,1130.6666666666667,593.9466666666667,1140.5,585,110,21,this.height,11,class->block->function->block->block_content->return->expr->call->name->name->operator->name,
2,32,rectangle_java2.jpg,rectangle_java2.jpg,920370146,120,1131.4086666666667,590.2946666666667,1122.5,585,12,21,*,1,class->block->function->block->block_content->return->expr->operator,
2,32,rectangle_java2.jpg,rectangle_java2.jpg,920370146,120,1131.4086666666667,590.2946666666667,1140.5,585,110,21,this.height,11,class->block->function->block->block_content->return->expr->call->name->name->operator->name,
2,32,rectangle_java2.jpg,rectangle_java2.jpg,920466153,92,1132.8017391304347,601.4108695652174,1122.5,585,12,21,*,1,class->block->function->block->block_content->return->expr->operator,
2,32,rectangle_java2.jpg,rectangle_java2.jpg,920466153,92,1132.8017391304347,601.4108695652174,1140.5,585,110,21,this.height,11,class->block->function->block->block_content->return->expr->call->name->name->operator->name,
2,32,rectangle_java2.jpg,rectangle_java2.jpg,920586164,116,1114.878275862069,600.8568965517242,1122.5,585,12,21,*,1,class->block->function->block->block_content->return->expr->operator,
2,32,rectangle_java2.jpg,rectangle_java2.jpg,920857951,68,970.8982352941176,589.9064705882353,910.5,585,62,21,return,6,class->block->function->block->block_content->return,
2,32,rectangle_java2.jpg,rectangle_java2.jpg,920857951,68,970.8982352941176,589.9064705882353,977.5,585,101,21,this.width,10,class->block->function->block->block_content->return->expr->call->name->name->operator->name,
2,32,rectangle_java2.jpg,rectangle_java2.jpg,921057961,196,965.1116326530612,604.5924489795918,910.5,585,62,21,return,6,class->block->function->block->block_content->return,
2,32,rectangle_java2.jpg,rectangle_java2.jpg,921057961,196,965.1116326530612,604.5924489795918,977.5,585,101,21,this.width,10,class->block->function->block->block_content->return->expr->call->name->name->operator->name,
2,32,rectangle_java2.jpg,rectangle_java2.jpg,921137940,60,1028.56,592.1066666666667,977.5,585,101,21,this.width,10,class->block->function->block->block_content->return->expr->call->name->name->operator->name,
2,32,rectangle_java2.jpg,rectangle_java2.jpg,921333983,140,1044.2751428571428,601.8762857142857,977.5,585,101,21,this.width,10,class->block->function->block->block_content->return->expr->call->name->name->operator->name,
2,32,rectangle_java2.jpg,rectangle_java2.jpg,921449998,112,1066.6660714285715,600.0885714285714,977.5,585,101,21,this.width,10,class->block->function->block->block_content->return->expr->call->name->name->operator->name,
2,32,rectangle_java2.jpg,rectangle_java2.jpg,921533984,80,1079.6285,596.923,1086.5,585,10,21,(,1,class->block->function->block->block_content->return->expr->call->argument_list,
2,32,rectangle_java2.jpg,rectangle_java2.jpg,921629981,92,1144.2578260869566,592.7160869565217,1140.5,585,110,21,this.height,11,class->block->function->block->block_content->return->expr->call->name->name->operator->name,
2,32,rectangle_java2.jpg,rectangle_java2.jpg,921878010,244,1143.9081967213117,601.4222950819673,1140.5,585,110,21,this.height,11,class->block->function->block->block_content->return->expr->call->name->name->operator->name,
2,32,rectangle_java2.jpg,rectangle_java2.jpg,921982001,72,1206.5544444444445,598.8433333333334,1140.5,585,110,21,this.height,11,class->block->function->block->block_content->return->expr->call->name->name->operator->name,
2,32,rectangle_java2.jpg,rectangle_java2.jpg,922073999,88,1211.5654545454545,595.9704545454546,1140.5,585,110,21,this.height,11,class->block->function->block->block_content->return->expr->call->name->name->operator->name,
2,32,rectangle_java2.jpg,rectangle_java2.jpg,922341995,220,1250.091818181818,586.8098181818182,1140.5,585,110,21,this.height,11,class->block->function->block->block_content->return->expr->call->name->name->operator->name,
2,32,rectangle_java2.jpg,rectangle_java2.jpg,922341995,220,1250.091818181818,586.8098181818182,1259.5,585,9,21,(,1,class->block->function->block->block_content->return->expr->call->argument_list,
2,32,rectangle_java2.jpg,rectangle_java2.jpg,922502031,144,1305.9833333333331,586.7538888888889,1315.5,585,10,21,},1,class->block->function->block,
2,32,rectangle_java2.jpg,rectangle_java2.jpg,922625997,120,1306.9106666666669,582.6286666666666,1315.5,585,10,21,},1,class->block->function->block,
2,32,rectangle_java2.jpg,rectangle_java2.jpg,922765911,136,1312.78,588.4217647058823,1315.5,585,10,21,},1,class->block->function->block,
2,32,rectangle_java2.jpg,rectangle_java2.jpg,922893894,124,1310.0893548387096,594.1332258064516,1315.5,585,10,21,},1,class->block->function->block,
2,32,rectangle_java2.jpg,rectangle_java2.jpg,923077884,64,1117.1825,551.35875,1064.5,549,71,21,this.y1,7,class->block->function->block->block_content->return->expr->name->name->operator->name,
2,32,rectangle_java2.jpg,rectangle_java2.jpg,923289892,96,1003.3116666666666,620.3308333333333,1007.5,621,10,21,],1,class->block->function->parameter_list->parameter->decl->type->name->index,
2,32,rectangle_java2.jpg,rectangle_java2.jpg,923529854,148,786.9367567567567,626.594054054054,738.5,621,61,21,static,6,class->block->function->type->specifier,
2,32,rectangle_java2.jpg,rectangle_java2.jpg,923661878,92,760.41,610.4730434782609,738.5,621,61,21,static,6,class->block->function->type->specifier,
2,32,rectangle_java2.jpg,rectangle_java2.jpg,923737895,56,845.4871428571429,631.8357142857143,804.5,621,44,21,void,4,class->block->function->type->name,
2,32,rectangle_java2.jpg,rectangle_java2.jpg,923737895,56,845.4871428571429,631.8357142857143,851.5,621,44,21,main,4,class->block->function->name,
2,32,rectangle_java2.jpg,rectangle_java2.jpg,923881892,140,858.0697142857143,625.6194285714286,851.5,621,44,21,main,4,class->block->function->name,
2,32,rectangle_java2.jpg,rectangle_java2.jpg,923989871,104,875.4007692307692,632.0611538461538,851.5,621,44,21,main,4,class->block->function->name,
2,32,rectangle_java2.jpg,rectangle_java2.jpg,924241882,92,984.3034782608696,640.1360869565217,990.5,621,10,21,[,1,class->block->function->parameter_list->parameter->decl->type->name->index,
2,32,rectangle_java2.jpg,rectangle_java2.jpg,924389902,144,981.6427777777778,650.9872222222223,941.5,658,91,20,Rectangle,9,class->block->function->block->block_content->decl_stmt->decl->init->expr->call->name,
2,32,rectangle_java2.jpg,rectangle_java2.jpg,924593781,80,823.2615,660.9955,826.5,658,52,20,rect1,5,class->block->function->block->block_content->decl_stmt->decl->name,
2,32,rectangle_java2.jpg,rectangle_java2.jpg,924733643,136,794.5532352941176,660.1411764705882,730.5,658,91,20,Rectangle,9,class->block->function->block->block_content->decl_stmt->decl->type->name,
2,32,rectangle_java2.jpg,rectangle_java2.jpg,924929763,88,865.4904545454546,668.079090909091,826.5,658,52,20,rect1,5,class->block->function->block->block_content->decl_stmt->decl->name,
2,32,rectangle_java2.jpg,rectangle_java2.jpg,924997780,64,869.276875,668.05875,826.5,658,52,20,rect1,5,class->block->function->block->block_content->decl_stmt->decl->name,
2,32,rectangle_java2.jpg,rectangle_java2.jpg,925081776,68,963.62,660.7252941176471,941.5,658,91,20,Rectangle,9,class->block->function->block->block_content->decl_stmt->decl->init->expr->call->name,
2,32,rectangle_java2.jpg,rectangle_java2.jpg,925233762,148,972.208108108108,669.9237837837837,941.5,658,91,20,Rectangle,9,class->block->function->block->block_content->decl_stmt->decl->init->expr->call->name,
2,32,rectangle_java2.jpg,rectangle_java2.jpg,925329760,60,1007.3593333333332,683.9833333333333,932.5,694,100,21,rect1.area,10,class->block->function->block->block_content->expr_stmt->expr->call->argument_list->argument->expr->call->name->name->operator->name,
2,32,rectangle_java2.jpg,rectangle_java2.jpg,925657788,180,1115.6004444444443,665.9384444444445,1115.5,658,10,20,"""","""",1,class->block->function->block->block_content->decl_stmt->decl->init->expr->call->argument_list
2,32,rectangle_java2.jpg,rectangle_java2.jpg,925993743,236,1165.8215254237289,668.1405084745762,1163.5,658,10,20,"""","""",1,class->block->function->block->block_content->decl_stmt->decl->init->expr->call->argument_list
2,32,rectangle_java2.jpg,rectangle_java2.jpg,926057745,60,1172.59,658.498,1163.5,658,10,20,"""","""",1,class->block->function->block->block_content->decl_stmt->decl->init->expr->call->argument_list
2,32,rectangle_java2.jpg,rectangle_java2.jpg,926057745,60,1172.59,658.498,1182.5,658,22,20,10,2,class->block->function->block->block_content->decl_stmt->decl->init->expr->call->argument_list->argument->expr->literal,
2,32,rectangle_java2.jpg,rectangle_java2.jpg,926133750,72,1168.37,653.8916666666667,1163.5,658,10,20,"""","""",1,class->block->function->block->block_content->decl_stmt->decl->init->expr->call->argument_list
2,32,rectangle_java2.jpg,rectangle_java2.jpg,926321776,64,1092.311875,709.444375,1096.5,694,10,21,;,1,class->block->function->block->block_content->expr_stmt,
2,32,rectangle_java2.jpg,rectangle_java2.jpg,926553436,120,855.0333333333333,738.2353333333333,826.5,731,51,20,rect2,5,class->block->function->block->block_content->decl_stmt->decl->name,
2,32,rectangle_java2.jpg,rectangle_java2.jpg,926717576,128,801.5465625,729.6921875,730.5,731,91,20,Rectangle,9,class->block->function->block->block_content->decl_stmt->decl->type->name,
2,32,rectangle_java2.jpg,rectangle_java2.jpg,926805622,84,794.7409523809524,720.6014285714285,730.5,731,91,20,Rectangle,9,class->block->function->block->block_content->decl_stmt->decl->type->name,
2,32,rectangle_java2.jpg,rectangle_java2.jpg,927317637,96,1003.1416666666668,729.32375,941.5,731,91,20,Rectangle,9,class->block->function->block->block_content->decl_stmt->decl->init->expr->call->name,
2,32,rectangle_java2.jpg,rectangle_java2.jpg,927401654,80,996.7005,728.849,941.5,731,91,20,Rectangle,9,class->block->function->block->block_content->decl_stmt->decl->init->expr->call->name,
2,32,rectangle_java2.jpg,rectangle_java2.jpg,927509655,104,1000.3415384615384,733.5288461538462,941.5,731,91,20,Rectangle,9,class->block->function->block->block_content->decl_stmt->decl->init->expr->call->name,
2,32,rectangle_java2.jpg,rectangle_java2.jpg,927685672,64,1031.99625,727.7875,941.5,731,91,20,Rectangle,9,class->block->function->block->block_content->decl_stmt->decl->init->expr->call->name,
2,32,rectangle_java2.jpg,rectangle_java2.jpg,927685672,64,1031.99625,727.7875,1041.5,731,9,20,(,1,class->block->function->block->block_content->decl_stmt->decl->init->expr->call->argument_list,
2,32,rectangle_java2.jpg,rectangle_java2.jpg,927937755,68,1089.674117647059,704.0394117647058,1096.5,694,10,21,;,1,class->block->function->block->block_content->expr_stmt,
2,32,rectangle_java2.jpg,rectangle_java2.jpg,928005729,64,1087.071875,725.7112500000001,1095.5,731,13,20,5,1,class->block->function->block->block_content->decl_stmt->decl->init->expr->call->argument_list->argument->expr->literal,
2,32,rectangle_java2.jpg,rectangle_java2.jpg,928085676,76,1092.2284210526316,708.0763157894737,1096.5,694,10,21,;,1,class->block->function->block->block_content->expr_stmt,
2,32,rectangle_java2.jpg,rectangle_java2.jpg,928161624,56,1107.918571428571,746.1,1095.5,731,13,20,5,1,class->block->function->block->block_content->decl_stmt->decl->init->expr->call->argument_list->argument->expr->literal,
2,32,rectangle_java2.jpg,rectangle_java2.jpg,928161624,56,1107.918571428571,746.1,1115.5,731,10,20,"""","""",1,class->block->function->block->block_content->decl_stmt->decl->init->expr->call->argument_list
2,32,rectangle_java2.jpg,rectangle_java2.jpg,928709495,120,861.2896666666667,770.4666666666667,730.5,766,177,21,System.out.println,18,class->block->function->block->block_content->expr_stmt->expr->call->name->name->operator->name->operator->name,
2,32,rectangle_java2.jpg,rectangle_java2.jpg,928825499,100,798.7484,780.2388,730.5,766,177,21,System.out.println,18,class->block->function->block->block_content->expr_stmt->expr->call->name->name->operator->name->operator->name,
2,32,rectangle_java2.jpg,rectangle_java2.jpg,928969508,140,797.1682857142857,782.9577142857142,730.5,766,177,21,System.out.println,18,class->block->function->block->block_content->expr_stmt->expr->call->name->name->operator->name->operator->name,
2,32,rectangle_java2.jpg,rectangle_java2.jpg,929097523,60,948.3173333333332,780.2113333333333,932.5,766,100,21,rect2.area,10,class->block->function->block->block_content->expr_stmt->expr->call->argument_list->argument->expr->call->name->name->operator->name,
2,32,rectangle_java2.jpg,rectangle_java2.jpg,929261527,160,956.9125,781.51425,932.5,766,100,21,rect2.area,10,class->block->function->block->block_content->expr_stmt->expr->call->argument_list->argument->expr->call->name->name->operator->name,
2,32,rectangle_java2.jpg,rectangle_java2.jpg,929757514,60,1187.396,740.8439999999999,1182.5,731,22,20,10,2,class->block->function->block->block_content->decl_stmt->decl->init->expr->call->argument_list->argument->expr->literal,
2,32,rectangle_java2.jpg,rectangle_java2.jpg,929877510,92,1135.547391304348,677.6182608695652,1134.5,658,22,20,10,2,class->block->function->block->block_content->decl_stmt->decl->init->expr->call->argument_list->argument->expr->literal,
2,32,rectangle_java2.jpg,rectangle_java2.jpg,929965504,84,1139.285238095238,666.2195238095238,1134.5,658,22,20,10,2,class->block->function->block->block_content->decl_stmt->decl->init->expr->call->argument_list->argument->expr->literal,
2,32,rectangle_java2.jpg,rectangle_java2.jpg,930209410,188,1096.7189361702128,784.9640425531915,1096.5,766,10,21,;,1,class->block->function->block->block_content->expr_stmt,
2,32,rectangle_java2.jpg,rectangle_java2.jpg,931601359,116,888.82,769.9072413793103,730.5,766,177,21,System.out.println,18,class->block->function->block->block_content->expr_stmt->expr->call->name->name->operator->name->operator->name,
2,32,rectangle_java2.jpg,rectangle_java2.jpg,931757361,120,828.7443333333333,744.5613333333333,826.5,731,51,20,rect2,5,class->block->function->block->block_content->decl_stmt->decl->name,
2,32,rectangle_java2.jpg,rectangle_java2.jpg,933585256,112,1045.4860714285714,763.3682142857143,1041.5,766,9,21,(,1,class->block->function->block->block_content->expr_stmt->expr->call->argument_list->argument->expr->call->argument_list,
2,32,rectangle_java2.jpg,rectangle_java2.jpg,933585256,112,1045.4860714285714,763.3682142857143,1057.5,766,10,21,),1,class->block->function->block->block_content->expr_stmt->expr->call->argument_list->argument->expr->call->argument_list,
2,32,rectangle_java2.jpg,rectangle_java2.jpg,933737292,100,980.3992,765.1436,932.5,766,100,21,rect2.area,10,class->block->function->block->block_content->expr_stmt->expr->call->argument_list->argument->expr->call->name->name->operator->name,
2,32,rectangle_java2.jpg,rectangle_java2.jpg,934029109,160,819.0935,773.104,730.5,766,177,21,System.out.println,18,class->block->function->block->block_content->expr_stmt->expr->call->name->name->operator->name->operator->name,
2,32,rectangle_java2.jpg,rectangle_java2.jpg,934101024,68,850.2594117647059,770.4870588235294,730.5,766,177,21,System.out.println,18,class->block->function->block->block_content->expr_stmt->expr->call->name->name->operator->name->operator->name,
2,32,rectangle_java2.jpg,rectangle_java2.jpg,934229029,124,855.636129032258,774.916129032258,730.5,766,177,21,System.out.println,18,class->block->function->block->block_content->expr_stmt->expr->call->name->name->operator->name->operator->name,
2,32,rectangle_java2.jpg,rectangle_java2.jpg,934441102,208,861.3090384615384,761.055576923077,730.5,766,177,21,System.out.println,18,class->block->function->block->block_content->expr_stmt->expr->call->name->name->operator->name->operator->name,
2,32,rectangle_java2.jpg,rectangle_java2.jpg,934641131,140,981.3777142857144,764.7742857142857,932.5,766,100,21,rect2.area,10,class->block->function->block->block_content->expr_stmt->expr->call->argument_list->argument->expr->call->name->name->operator->name,
