trial,participant,code_file,code_language,timestamp,duration,x_cord,y_cord,aoi_x,aoi_y,aoi_width,aoi_height,token,length,srcML,
2,97,rectangle_java2.jpg,rectangle_java2.jpg,15198456156,108,808.8803703703703,329.22222222222223,806.5,331,15,19,=,1,class->block->constructor->block->block_content->expr_stmt->expr->operator,
2,97,rectangle_java2.jpg,rectangle_java2.jpg,15198552212,92,810.3,326.8930434782609,806.5,331,15,19,=,1,class->block->constructor->block->block_content->expr_stmt->expr->operator,
2,97,rectangle_java2.jpg,rectangle_java2.jpg,15201344030,148,762.8405405405406,262.66,747.5,259,33,21,int,3,class->block->decl_stmt->decl->type->name,
2,97,rectangle_java2.jpg,rectangle_java2.jpg,15201432037,84,770.9904761904762,278.0647619047619,747.5,259,33,21,int,3,class->block->decl_stmt->decl->type->name,
2,97,rectangle_java2.jpg,rectangle_java2.jpg,15201684268,224,734.9144642857143,264.8832142857143,669.5,259,72,21,private,7,class->block->decl_stmt->decl->type->specifier,
2,97,rectangle_java2.jpg,rectangle_java2.jpg,15201788479,56,803.7471428571429,273.5464285714286,785.5,259,23,21,x1,2,class->block->decl_stmt->decl->name,
2,97,rectangle_java2.jpg,rectangle_java2.jpg,15201788479,56,803.7471428571429,273.5464285714286,815.5,259,10,21,"""","""",1,class->block->decl_stmt
2,97,rectangle_java2.jpg,rectangle_java2.jpg,15201876357,84,807.8285714285714,270.50666666666666,785.5,259,23,21,x1,2,class->block->decl_stmt->decl->name,
2,97,rectangle_java2.jpg,rectangle_java2.jpg,15201876357,84,807.8285714285714,270.50666666666666,815.5,259,10,21,"""","""",1,class->block->decl_stmt
2,97,rectangle_java2.jpg,rectangle_java2.jpg,15202036136,156,804.4051282051282,269.4079487179487,785.5,259,23,21,x1,2,class->block->decl_stmt->decl->name,
2,97,rectangle_java2.jpg,rectangle_java2.jpg,15202036136,156,804.4051282051282,269.4079487179487,815.5,259,10,21,"""","""",1,class->block->decl_stmt
2,97,rectangle_java2.jpg,rectangle_java2.jpg,15202171962,120,892.068,258.68,881.5,259,23,21,x2,2,class->block->decl_stmt->decl->name,
2,97,rectangle_java2.jpg,rectangle_java2.jpg,15202267933,92,888.2443478260869,266.72478260869565,881.5,259,23,21,x2,2,class->block->decl_stmt->decl->name,
2,97,rectangle_java2.jpg,rectangle_java2.jpg,15203151954,148,788.0959459459459,301.1291891891892,737.5,295,91,21,Rectangle,9,class->block->constructor->name,
2,97,rectangle_java2.jpg,rectangle_java2.jpg,15203259977,104,781.2038461538461,295.77153846153846,737.5,295,91,21,Rectangle,9,class->block->constructor->name,
2,97,rectangle_java2.jpg,rectangle_java2.jpg,15203551992,60,841.1986666666667,282.934,837.5,295,9,21,(,1,class->block->constructor->parameter_list,
2,97,rectangle_java2.jpg,rectangle_java2.jpg,15203551992,60,841.1986666666667,282.934,853.5,295,32,21,int,3,class->block->constructor->parameter_list->parameter->decl->type->name,
2,97,rectangle_java2.jpg,rectangle_java2.jpg,15203667977,112,843.7796428571428,278.4378571428571,833.5,259,23,21,y1,2,class->block->decl_stmt->decl->name,
2,97,rectangle_java2.jpg,rectangle_java2.jpg,15203787947,116,842.0075862068966,271.9482758620689,833.5,259,23,21,y1,2,class->block->decl_stmt->decl->name,
2,97,rectangle_java2.jpg,rectangle_java2.jpg,15203911764,72,921.6355555555556,277.545,929.5,259,23,21,y2,2,class->block->decl_stmt->decl->name,
2,97,rectangle_java2.jpg,rectangle_java2.jpg,15204183794,268,925.2458208955225,272.0741791044776,929.5,259,23,21,y2,2,class->block->decl_stmt->decl->name,
2,97,rectangle_java2.jpg,rectangle_java2.jpg,15204311805,124,925.762258064516,279.1177419354839,929.5,259,23,21,y2,2,class->block->decl_stmt->decl->name,
2,97,rectangle_java2.jpg,rectangle_java2.jpg,15204451798,136,921.990588235294,277.15529411764703,929.5,259,23,21,y2,2,class->block->decl_stmt->decl->name,
2,97,rectangle_java2.jpg,rectangle_java2.jpg,15204543778,88,921.9872727272729,260.5281818181818,929.5,259,23,21,y2,2,class->block->decl_stmt->decl->name,
2,97,rectangle_java2.jpg,rectangle_java2.jpg,15204731798,144,795.7283333333334,310.1872222222222,737.5,295,91,21,Rectangle,9,class->block->constructor->name,
2,97,rectangle_java2.jpg,rectangle_java2.jpg,15204911792,124,781.478064516129,324.6258064516129,730.5,331,71,19,this.x1,7,class->block->constructor->block->block_content->expr_stmt->expr->name->name->operator->name,
2,97,rectangle_java2.jpg,rectangle_java2.jpg,15205007779,92,790.8947826086957,330.9730434782609,730.5,331,71,19,this.x1,7,class->block->constructor->block->block_content->expr_stmt->expr->name->name->operator->name,
2,97,rectangle_java2.jpg,rectangle_java2.jpg,15205111789,64,828.816875,327.72375,826.5,331,23,19,x1,2,class->block->constructor->block->block_content->expr_stmt->expr->name->name,
2,97,rectangle_java2.jpg,rectangle_java2.jpg,15205175797,60,830.4846666666667,324.926,826.5,331,23,19,x1,2,class->block->constructor->block->block_content->expr_stmt->expr->name->name,
2,97,rectangle_java2.jpg,rectangle_java2.jpg,15206095638,292,736.6950684931506,505.3158904109589,737.5,512,33,21,int,3,class->block->function->type->name,
2,97,rectangle_java2.jpg,rectangle_java2.jpg,15206523683,60,790.6573333333333,364.752,730.5,367,71,21,this.y1,7,class->block->constructor->block->block_content->expr_stmt->expr->name->name->operator->name,
2,97,rectangle_java2.jpg,rectangle_java2.jpg,15206643702,116,786.1327586206896,367.5851724137931,730.5,367,71,21,this.y1,7,class->block->constructor->block->block_content->expr_stmt->expr->name->name->operator->name,
2,97,rectangle_java2.jpg,rectangle_java2.jpg,15206727707,80,781.38,363.638,730.5,367,71,21,this.y1,7,class->block->constructor->block->block_content->expr_stmt->expr->name->name->operator->name,
2,97,rectangle_java2.jpg,rectangle_java2.jpg,15206923721,176,855.0947727272727,370.1702272727273,856.5,367,10,21,;,1,class->block->constructor->block->block_content->expr_stmt,
2,97,rectangle_java2.jpg,rectangle_java2.jpg,15207087720,160,859.46075,366.081,856.5,367,10,21,;,1,class->block->constructor->block->block_content->expr_stmt,
2,97,rectangle_java2.jpg,rectangle_java2.jpg,15207839547,176,793.8127272727272,387.1811363636364,730.5,367,71,21,this.y1,7,class->block->constructor->block->block_content->expr_stmt->expr->name->name->operator->name,
2,97,rectangle_java2.jpg,rectangle_java2.jpg,15207943522,100,778.9404,395.0824,730.5,404,71,19,this.x2,7,class->block->constructor->block->block_content->expr_stmt->expr->name->name->operator->name,
2,97,rectangle_java2.jpg,rectangle_java2.jpg,15208047517,84,838.5395238095238,377.6147619047619,826.5,367,23,21,y1,2,class->block->constructor->block->block_content->expr_stmt->expr->name->name,
2,97,rectangle_java2.jpg,rectangle_java2.jpg,15208295570,244,837.5695081967214,371.4990163934426,826.5,367,23,21,y1,2,class->block->constructor->block->block_content->expr_stmt->expr->name->name,
2,97,rectangle_java2.jpg,rectangle_java2.jpg,15209895340,264,851.9240909090909,522.9066666666666,854.5,512,9,21,),1,class->block->function->parameter_list,
2,97,rectangle_java2.jpg,rectangle_java2.jpg,15209963396,64,850.060625,517.853125,854.5,512,9,21,),1,class->block->function->parameter_list,
2,97,rectangle_java2.jpg,rectangle_java2.jpg,15210103415,136,879.4932352941177,523.5105882352941,874.5,512,10,21,{,1,class->block->function->block,
2,97,rectangle_java2.jpg,rectangle_java2.jpg,15210103415,136,879.4932352941177,523.5105882352941,891.5,512,62,21,return,6,class->block->function->block->block_content->return->expr->name->name,
2,97,rectangle_java2.jpg,rectangle_java2.jpg,15210171433,64,880.58375,521.450625,874.5,512,10,21,{,1,class->block->function->block,
2,97,rectangle_java2.jpg,rectangle_java2.jpg,15210171433,64,880.58375,521.450625,891.5,512,62,21,return,6,class->block->function->block->block_content->return->expr->name->name,
2,97,rectangle_java2.jpg,rectangle_java2.jpg,15210367474,136,925.4976470588236,529.364705882353,891.5,512,62,21,return,6,class->block->function->block->block_content->return->expr->name->name,
2,97,rectangle_java2.jpg,rectangle_java2.jpg,15210519452,124,741.1683870967742,523.8283870967742,737.5,512,33,21,int,3,class->block->function->type->name,
2,97,rectangle_java2.jpg,rectangle_java2.jpg,15210691442,140,774.0965714285715,523.9697142857143,775.5,512,53,21,width,5,class->block->function->name,
2,97,rectangle_java2.jpg,rectangle_java2.jpg,15210771444,64,876.23625,515.949375,874.5,512,10,21,{,1,class->block->function->block,
2,97,rectangle_java2.jpg,rectangle_java2.jpg,15210851467,76,879.1615789473684,517.4068421052632,874.5,512,10,21,{,1,class->block->function->block,
2,97,rectangle_java2.jpg,rectangle_java2.jpg,15210851467,76,879.1615789473684,517.4068421052632,891.5,512,62,21,return,6,class->block->function->block->block_content->return->expr->name->name,
2,97,rectangle_java2.jpg,rectangle_java2.jpg,15211087482,176,855.8395454545455,510.78954545454553,854.5,512,9,21,),1,class->block->function->parameter_list,
2,97,rectangle_java2.jpg,rectangle_java2.jpg,15211331448,96,901.6370833333332,522.4679166666666,891.5,512,62,21,return,6,class->block->function->block->block_content->return->expr->name->name,
2,97,rectangle_java2.jpg,rectangle_java2.jpg,15211467294,100,960.0648,517.2184,958.5,512,71,21,this.x2,7,class->block->function->block->block_content->return->expr->name->name->operator->name->operator,
2,97,rectangle_java2.jpg,rectangle_java2.jpg,15211547169,76,960.2673684210528,522.7936842105263,958.5,512,71,21,this.x2,7,class->block->function->block->block_content->return->expr->name->name->operator->name->operator,
2,97,rectangle_java2.jpg,rectangle_java2.jpg,15211723272,172,906.4606976744186,520.4716279069768,891.5,512,62,21,return,6,class->block->function->block->block_content->return->expr->name->name,
2,97,rectangle_java2.jpg,rectangle_java2.jpg,15211787329,60,906.3386666666668,524.374,891.5,512,62,21,return,6,class->block->function->block->block_content->return->expr->name->name,
2,97,rectangle_java2.jpg,rectangle_java2.jpg,15211947282,72,979.285,525.0011111111111,958.5,512,71,21,this.x2,7,class->block->function->block->block_content->return->expr->name->name->operator->name->operator,
2,97,rectangle_java2.jpg,rectangle_java2.jpg,15212019270,68,973.1864705882354,516.7035294117647,958.5,512,71,21,this.x2,7,class->block->function->block->block_content->return->expr->name->name->operator->name->operator,
2,97,rectangle_java2.jpg,rectangle_java2.jpg,15212159269,136,1024.3117647058823,519.1326470588235,958.5,512,71,21,this.x2,7,class->block->function->block->block_content->return->expr->name->name->operator->name->operator,
2,97,rectangle_java2.jpg,rectangle_java2.jpg,15212159269,136,1024.3117647058823,519.1326470588235,1035.5,512,13,21,-,1,class->block->function->block->block_content->return->expr->name->name,
2,97,rectangle_java2.jpg,rectangle_java2.jpg,15212487284,324,1026.2666666666669,516.6675308641975,958.5,512,71,21,this.x2,7,class->block->function->block->block_content->return->expr->name->name->operator->name->operator,
2,97,rectangle_java2.jpg,rectangle_java2.jpg,15212487284,324,1026.2666666666669,516.6675308641975,1035.5,512,13,21,-,1,class->block->function->block->block_content->return->expr->name->name,
2,97,rectangle_java2.jpg,rectangle_java2.jpg,15212559269,68,1030.775294117647,518.2870588235294,1035.5,512,13,21,-,1,class->block->function->block->block_content->return->expr->name->name,
2,97,rectangle_java2.jpg,rectangle_java2.jpg,15212739279,176,1029.9579545454546,504.4761363636365,1035.5,512,13,21,-,1,class->block->function->block->block_content->return->expr->name->name,
2,97,rectangle_java2.jpg,rectangle_java2.jpg,15212879274,88,927.1518181818182,506.8831818181818,891.5,512,62,21,return,6,class->block->function->block->block_content->return->expr->name->name,
2,97,rectangle_java2.jpg,rectangle_java2.jpg,15212999263,116,922.5693103448276,509.703448275862,891.5,512,62,21,return,6,class->block->function->block->block_content->return->expr->name->name,
2,97,rectangle_java2.jpg,rectangle_java2.jpg,15213215297,172,945.6318604651162,520.1037209302326,891.5,512,62,21,return,6,class->block->function->block->block_content->return->expr->name->name,
2,97,rectangle_java2.jpg,rectangle_java2.jpg,15213319092,76,900.0784210526316,529.5473684210526,891.5,512,62,21,return,6,class->block->function->block->block_content->return->expr->name->name,
2,97,rectangle_java2.jpg,rectangle_java2.jpg,15213491065,168,893.0454761904762,524.6090476190476,891.5,512,62,21,return,6,class->block->function->block->block_content->return->expr->name->name,
2,97,rectangle_java2.jpg,rectangle_java2.jpg,15213683170,112,1088.025357142857,538.7439285714286,1064.5,549,71,21,this.y1,7,class->block->function->block->block_content->return->expr->name->name->operator->name,
2,97,rectangle_java2.jpg,rectangle_java2.jpg,15213743167,56,1090.6364285714285,531.34,1054.5,512,71,21,this.x1,7,class->block->function->block->block_content->return->expr->name->name->operator->name,
2,97,rectangle_java2.jpg,rectangle_java2.jpg,15214007181,232,1138.8603448275862,531.5194827586207,1132.5,512,10,21,;,1,class->block->function->block,
2,97,rectangle_java2.jpg,rectangle_java2.jpg,15215451013,160,869.67425,536.5825,863.5,549,9,21,),1,class->block->function->parameter_list,
2,97,rectangle_java2.jpg,rectangle_java2.jpg,15215731008,224,850.8064285714286,537.3083928571428,846.5,549,10,21,(,1,class->block->function->parameter_list,
2,97,rectangle_java2.jpg,rectangle_java2.jpg,15215826993,76,921.9221052631578,551.2168421052631,900.5,549,63,21,return,6,class->block->function->block->block_content->return,
2,97,rectangle_java2.jpg,rectangle_java2.jpg,15216199059,60,901.6713333333332,549.3553333333333,900.5,549,63,21,return,6,class->block->function->block->block_content->return,
2,97,rectangle_java2.jpg,rectangle_java2.jpg,15216407012,204,845.5725490196079,549.9023529411764,846.5,549,10,21,(,1,class->block->function->parameter_list,
2,97,rectangle_java2.jpg,rectangle_java2.jpg,15216547023,136,877.5832352941177,546.6679411764705,883.5,549,10,21,{,1,class->block->function->block,
2,97,rectangle_java2.jpg,rectangle_java2.jpg,15216643038,84,937.1342857142856,559.5585714285714,900.5,549,63,21,return,6,class->block->function->block->block_content->return,
2,97,rectangle_java2.jpg,rectangle_java2.jpg,15216795003,148,944.3362162162164,546.7513513513513,900.5,549,63,21,return,6,class->block->function->block->block_content->return,
2,97,rectangle_java2.jpg,rectangle_java2.jpg,15216855005,56,920.5785714285714,553.6735714285714,900.5,549,63,21,return,6,class->block->function->block->block_content->return,
2,97,rectangle_java2.jpg,rectangle_java2.jpg,15217034996,176,915.3690909090908,551.7477272727273,900.5,549,63,21,return,6,class->block->function->block->block_content->return,
2,97,rectangle_java2.jpg,rectangle_java2.jpg,15217318778,172,1007.1162790697674,555.3772093023256,968.5,549,70,21,this.y2,7,class->block->function->block->block_content->return->expr->name->name->operator->name,
2,97,rectangle_java2.jpg,rectangle_java2.jpg,15217442855,108,928.2562962962965,553.9607407407408,900.5,549,63,21,return,6,class->block->function->block->block_content->return,
2,97,rectangle_java2.jpg,rectangle_java2.jpg,15217546909,100,929.748,555.672,900.5,549,63,21,return,6,class->block->function->block->block_content->return,
2,97,rectangle_java2.jpg,rectangle_java2.jpg,15217618931,68,910.2011764705884,546.2229411764706,900.5,549,63,21,return,6,class->block->function->block->block_content->return,
2,97,rectangle_java2.jpg,rectangle_java2.jpg,15217678932,56,904.1078571428573,562.5914285714285,900.5,549,63,21,return,6,class->block->function->block->block_content->return,
2,97,rectangle_java2.jpg,rectangle_java2.jpg,15217778928,96,906.4933333333332,546.7129166666666,900.5,549,63,21,return,6,class->block->function->block->block_content->return,
2,97,rectangle_java2.jpg,rectangle_java2.jpg,15217894909,80,961.313,540.0695,900.5,549,63,21,return,6,class->block->function->block->block_content->return,
2,97,rectangle_java2.jpg,rectangle_java2.jpg,15217894909,80,961.313,540.0695,968.5,549,70,21,this.y2,7,class->block->function->block->block_content->return->expr->name->name->operator->name,
2,97,rectangle_java2.jpg,rectangle_java2.jpg,15218046916,148,967.174054054054,544.188918918919,968.5,549,70,21,this.y2,7,class->block->function->block->block_content->return->expr->name->name->operator->name,
2,97,rectangle_java2.jpg,rectangle_java2.jpg,15218370943,92,1061.3339130434783,528.4708695652174,1054.5,512,71,21,this.x1,7,class->block->function->block->block_content->return->expr->name->name->operator->name,
2,97,rectangle_java2.jpg,rectangle_java2.jpg,15218542887,140,1024.9425714285717,522.4177142857143,958.5,512,71,21,this.x2,7,class->block->function->block->block_content->return->expr->name->name->operator->name->operator,
2,97,rectangle_java2.jpg,rectangle_java2.jpg,15218542887,140,1024.9425714285717,522.4177142857143,1035.5,512,13,21,-,1,class->block->function->block->block_content->return->expr->name->name,
2,97,rectangle_java2.jpg,rectangle_java2.jpg,15218606896,60,1026.7833333333333,515.9393333333334,958.5,512,71,21,this.x2,7,class->block->function->block->block_content->return->expr->name->name->operator->name->operator,
2,97,rectangle_java2.jpg,rectangle_java2.jpg,15218606896,60,1026.7833333333333,515.9393333333334,1035.5,512,13,21,-,1,class->block->function->block->block_content->return->expr->name->name,
2,97,rectangle_java2.jpg,rectangle_java2.jpg,15218746928,112,1081.7571428571428,540.09,1064.5,549,71,21,this.y1,7,class->block->function->block->block_content->return->expr->name->name->operator->name,
2,97,rectangle_java2.jpg,rectangle_java2.jpg,15218806925,56,1081.1942857142858,530.4185714285715,1054.5,512,71,21,this.x1,7,class->block->function->block->block_content->return->expr->name->name->operator->name,
2,97,rectangle_java2.jpg,rectangle_java2.jpg,15219170648,292,1126.9719178082191,548.7232876712329,1064.5,549,71,21,this.y1,7,class->block->function->block->block_content->return->expr->name->name->operator->name,
2,97,rectangle_java2.jpg,rectangle_java2.jpg,15219542762,340,842.7914117647059,532.3152941176471,837.5,512,9,21,(,1,class->block->function->parameter_list,
2,97,rectangle_java2.jpg,rectangle_java2.jpg,15219542762,340,842.7914117647059,532.3152941176471,854.5,512,9,21,),1,class->block->function->parameter_list,
2,97,rectangle_java2.jpg,rectangle_java2.jpg,15219886811,76,1050.861052631579,521.97,1054.5,512,71,21,this.x1,7,class->block->function->block->block_content->return->expr->name->name->operator->name,
2,97,rectangle_java2.jpg,rectangle_java2.jpg,15219950815,60,1054.5093333333334,514.6226666666666,1054.5,512,71,21,this.x1,7,class->block->function->block->block_content->return->expr->name->name->operator->name,
2,97,rectangle_java2.jpg,rectangle_java2.jpg,15220126766,116,995.1541379310344,514.0989655172414,958.5,512,71,21,this.x2,7,class->block->function->block->block_content->return->expr->name->name->operator->name->operator,
2,97,rectangle_java2.jpg,rectangle_java2.jpg,15220234759,76,950.2542105263158,525.4647368421053,891.5,512,62,21,return,6,class->block->function->block->block_content->return->expr->name->name,
2,97,rectangle_java2.jpg,rectangle_java2.jpg,15220234759,76,950.2542105263158,525.4647368421053,958.5,512,71,21,this.x2,7,class->block->function->block->block_content->return->expr->name->name->operator->name->operator,
2,97,rectangle_java2.jpg,rectangle_java2.jpg,15220298766,60,948.9866666666668,513.0386666666667,891.5,512,62,21,return,6,class->block->function->block->block_content->return->expr->name->name,
2,97,rectangle_java2.jpg,rectangle_java2.jpg,15220298766,60,948.9866666666668,513.0386666666667,958.5,512,71,21,this.x2,7,class->block->function->block->block_content->return->expr->name->name->operator->name->operator,
2,97,rectangle_java2.jpg,rectangle_java2.jpg,15220434774,132,945.270606060606,509.2239393939394,891.5,512,62,21,return,6,class->block->function->block->block_content->return->expr->name->name,
2,97,rectangle_java2.jpg,rectangle_java2.jpg,15220550768,112,947.0175,521.3203571428571,891.5,512,62,21,return,6,class->block->function->block->block_content->return->expr->name->name,
2,97,rectangle_java2.jpg,rectangle_java2.jpg,15220550768,112,947.0175,521.3203571428571,958.5,512,71,21,this.x2,7,class->block->function->block->block_content->return->expr->name->name->operator->name->operator,
2,97,rectangle_java2.jpg,rectangle_java2.jpg,15220622759,68,943.8,521.9505882352942,891.5,512,62,21,return,6,class->block->function->block->block_content->return->expr->name->name,
2,97,rectangle_java2.jpg,rectangle_java2.jpg,15220682754,56,948.2307142857144,526.2557142857142,891.5,512,62,21,return,6,class->block->function->block->block_content->return->expr->name->name,
2,97,rectangle_java2.jpg,rectangle_java2.jpg,15220682754,56,948.2307142857144,526.2557142857142,958.5,512,71,21,this.x2,7,class->block->function->block->block_content->return->expr->name->name->operator->name->operator,
2,97,rectangle_java2.jpg,rectangle_java2.jpg,15221074667,60,991.6913333333332,542.21,968.5,549,70,21,this.y2,7,class->block->function->block->block_content->return->expr->name->name->operator->name,
2,97,rectangle_java2.jpg,rectangle_java2.jpg,15221338650,176,1042.4004545454543,557.2552272727273,1045.5,549,13,21,-,1,class->block->function->block->block_content->return->expr->operator,
2,97,rectangle_java2.jpg,rectangle_java2.jpg,15221438786,96,1048.4404166666666,555.7770833333334,1045.5,549,13,21,-,1,class->block->function->block->block_content->return->expr->operator,
2,97,rectangle_java2.jpg,rectangle_java2.jpg,15221583057,72,1089.6333333333334,568.47,1064.5,549,71,21,this.y1,7,class->block->function->block->block_content->return->expr->name->name->operator->name,
2,97,rectangle_java2.jpg,rectangle_java2.jpg,15221694848,108,1083.4885185185185,553.8981481481482,1064.5,549,71,21,this.y1,7,class->block->function->block->block_content->return->expr->name->name->operator->name,
2,97,rectangle_java2.jpg,rectangle_java2.jpg,15222010676,120,1013.9416666666668,539.7863333333333,968.5,549,70,21,this.y2,7,class->block->function->block->block_content->return->expr->name->name->operator->name,
2,97,rectangle_java2.jpg,rectangle_java2.jpg,15222142646,76,1066.4573684210527,538.2205263157895,1064.5,549,71,21,this.y1,7,class->block->function->block->block_content->return->expr->name->name->operator->name,
2,97,rectangle_java2.jpg,rectangle_java2.jpg,15222274591,128,1064.1975,544.1675,1064.5,549,71,21,this.y1,7,class->block->function->block->block_content->return->expr->name->name->operator->name,
2,97,rectangle_java2.jpg,rectangle_java2.jpg,15222434555,60,1040.6586666666667,527.098,1035.5,512,13,21,-,1,class->block->function->block->block_content->return->expr->name->name,
2,97,rectangle_java2.jpg,rectangle_java2.jpg,15222578612,140,1045.7514285714285,540.6757142857143,1045.5,549,13,21,-,1,class->block->function->block->block_content->return->expr->operator,
2,97,rectangle_java2.jpg,rectangle_java2.jpg,15222650615,56,1129.3728571428571,554.3371428571429,1064.5,549,71,21,this.y1,7,class->block->function->block->block_content->return->expr->name->name->operator->name,
2,97,rectangle_java2.jpg,rectangle_java2.jpg,15222750616,96,1133.9945833333334,556.45375,1064.5,549,71,21,this.y1,7,class->block->function->block->block_content->return->expr->name->name->operator->name,
2,97,rectangle_java2.jpg,rectangle_java2.jpg,15222750616,96,1133.9945833333334,556.45375,1142.5,549,10,21,;,1,class->block->function->block->block_content->return,
2,97,rectangle_java2.jpg,rectangle_java2.jpg,15222986456,168,779.3390476190476,584.2764285714286,737.5,585,62,21,double,6,class->block->function->type->name,
2,97,rectangle_java2.jpg,rectangle_java2.jpg,15223050477,60,793.7853333333334,593.0193333333333,737.5,585,62,21,double,6,class->block->function->type->name,
2,97,rectangle_java2.jpg,rectangle_java2.jpg,15223050477,60,793.7853333333334,593.0193333333333,804.5,585,43,21,area,4,class->block->function->name,
2,97,rectangle_java2.jpg,rectangle_java2.jpg,15223114502,60,794.764,591.164,737.5,585,62,21,double,6,class->block->function->type->name,
2,97,rectangle_java2.jpg,rectangle_java2.jpg,15223114502,60,794.764,591.164,804.5,585,43,21,area,4,class->block->function->name,
2,97,rectangle_java2.jpg,rectangle_java2.jpg,15223214531,72,792.8888888888889,600.2805555555556,737.5,585,62,21,double,6,class->block->function->type->name,
2,97,rectangle_java2.jpg,rectangle_java2.jpg,15223214531,72,792.8888888888889,600.2805555555556,804.5,585,43,21,area,4,class->block->function->name,
2,97,rectangle_java2.jpg,rectangle_java2.jpg,15223394517,128,846.339375,629.44375,804.5,621,44,21,void,4,class->block->function->type->name,
2,97,rectangle_java2.jpg,rectangle_java2.jpg,15223394517,128,846.339375,629.44375,851.5,621,44,21,main,4,class->block->function->name,
2,97,rectangle_java2.jpg,rectangle_java2.jpg,15223526738,128,840.25,629.4875,804.5,621,44,21,void,4,class->block->function->type->name,
2,97,rectangle_java2.jpg,rectangle_java2.jpg,15223526738,128,840.25,629.4875,851.5,621,44,21,main,4,class->block->function->name,
2,97,rectangle_java2.jpg,rectangle_java2.jpg,15223666712,120,926.0296666666668,629.897,920.5,621,62,21,String,6,class->block->function->parameter_list->parameter->decl->type->name->name,
2,97,rectangle_java2.jpg,rectangle_java2.jpg,15223770511,100,923.7152,632.9852,920.5,621,62,21,String,6,class->block->function->parameter_list->parameter->decl->type->name->name,
2,97,rectangle_java2.jpg,rectangle_java2.jpg,15223870479,96,903.8333333333334,629.7466666666667,904.5,621,9,21,(,1,class->block->function->parameter_list,
2,97,rectangle_java2.jpg,rectangle_java2.jpg,15224246489,236,993.8694915254238,630.2250847457627,990.5,621,10,21,[,1,class->block->function->parameter_list->parameter->decl->type->name->index,
2,97,rectangle_java2.jpg,rectangle_java2.jpg,15224426490,88,1038.8422727272728,640.7931818181818,1025.5,621,42,21,args,4,class->block->function->parameter_list->parameter->decl->name,
2,97,rectangle_java2.jpg,rectangle_java2.jpg,15224486495,56,1039.787142857143,633.9585714285714,1025.5,621,42,21,args,4,class->block->function->parameter_list->parameter->decl->name,
2,97,rectangle_java2.jpg,rectangle_java2.jpg,15224558501,68,1040.1776470588236,637.635294117647,1025.5,621,42,21,args,4,class->block->function->parameter_list->parameter->decl->name,
2,97,rectangle_java2.jpg,rectangle_java2.jpg,15224646461,84,1038.6633333333332,640.0414285714286,1025.5,621,42,21,args,4,class->block->function->parameter_list->parameter->decl->name,
2,97,rectangle_java2.jpg,rectangle_java2.jpg,15224782260,68,1029.9064705882354,640.9041176470588,1025.5,621,42,21,args,4,class->block->function->parameter_list->parameter->decl->name,
2,97,rectangle_java2.jpg,rectangle_java2.jpg,15225110376,56,1017.6385714285716,648.3857142857144,941.5,658,91,20,Rectangle,9,class->block->function->block->block_content->decl_stmt->decl->init->expr->call->name,
2,97,rectangle_java2.jpg,rectangle_java2.jpg,15225194389,80,1011.652,631.4275,1007.5,621,10,21,],1,class->block->function->parameter_list->parameter->decl->type->name->index,
2,97,rectangle_java2.jpg,rectangle_java2.jpg,15225382388,84,1075.2909523809524,633.3809523809524,1074.5,621,10,21,),1,class->block->function->parameter_list,
2,97,rectangle_java2.jpg,rectangle_java2.jpg,15225522406,112,1140.8853571428572,651.105,1134.5,658,22,20,10,2,class->block->function->block->block_content->decl_stmt->decl->init->expr->call->argument_list->argument->expr->literal,
2,97,rectangle_java2.jpg,rectangle_java2.jpg,15225946384,80,1116.948,661.8795,1115.5,658,10,20,"""","""",1,class->block->function->block->block_content->decl_stmt->decl->init->expr->call->argument_list
2,97,rectangle_java2.jpg,rectangle_java2.jpg,15226110399,60,1172.806,648.6533333333333,1163.5,658,10,20,"""","""",1,class->block->function->block->block_content->decl_stmt->decl->init->expr->call->argument_list
2,97,rectangle_java2.jpg,rectangle_java2.jpg,15226110399,60,1172.806,648.6533333333333,1182.5,658,22,20,10,2,class->block->function->block->block_content->decl_stmt->decl->init->expr->call->argument_list->argument->expr->literal,
2,97,rectangle_java2.jpg,rectangle_java2.jpg,15226442433,76,1239.2273684210527,657.5652631578947,1231.5,658,10,20,;,1,class->block->function->block->block_content->decl_stmt,
2,97,rectangle_java2.jpg,rectangle_java2.jpg,15226518368,72,1226.0477777777778,648.8122222222222,1231.5,658,10,20,;,1,class->block->function->block->block_content->decl_stmt,
2,97,rectangle_java2.jpg,rectangle_java2.jpg,15226826183,60,890.6493333333333,609.5886666666667,851.5,621,44,21,main,4,class->block->function->name,
2,97,rectangle_java2.jpg,rectangle_java2.jpg,15227030257,60,858.9033333333333,603.5193333333333,856.5,585,9,21,(,1,class->block->function->parameter_list,
2,97,rectangle_java2.jpg,rectangle_java2.jpg,15227338233,140,828.1071428571429,580.5074285714286,804.5,585,43,21,area,4,class->block->function->name,
2,97,rectangle_java2.jpg,rectangle_java2.jpg,15227402227,60,810.356,585.958,804.5,585,43,21,area,4,class->block->function->name,
2,97,rectangle_java2.jpg,rectangle_java2.jpg,15227478235,72,799.8188888888889,582.5955555555555,804.5,585,43,21,area,4,class->block->function->name,
2,97,rectangle_java2.jpg,rectangle_java2.jpg,15227602257,76,792.0973684210526,673.6389473684211,730.5,658,91,20,Rectangle,9,class->block->function->block->block_content->decl_stmt->decl->type->name,
2,97,rectangle_java2.jpg,rectangle_java2.jpg,15227722250,116,793.4544827586207,683.423448275862,730.5,694,177,21,System.out.println,18,class->block->function->block->block_content->expr_stmt->expr->call->name->name->operator->name->operator->name,
2,97,rectangle_java2.jpg,rectangle_java2.jpg,15227894234,124,787.7158064516129,693.0438709677419,730.5,694,177,21,System.out.println,18,class->block->function->block->block_content->expr_stmt->expr->call->name->name->operator->name->operator->name,
2,97,rectangle_java2.jpg,rectangle_java2.jpg,15228054250,88,875.0195454545454,698.0631818181818,730.5,694,177,21,System.out.println,18,class->block->function->block->block_content->expr_stmt->expr->call->name->name->operator->name->operator->name,
2,97,rectangle_java2.jpg,rectangle_java2.jpg,15228122250,64,868.001875,685.51625,730.5,694,177,21,System.out.println,18,class->block->function->block->block_content->expr_stmt->expr->call->name->name->operator->name->operator->name,
2,97,rectangle_java2.jpg,rectangle_java2.jpg,15228382228,112,919.8967857142856,686.8,916.5,694,9,21,(,1,class->block->function->block->block_content->expr_stmt->expr->call->argument_list,
2,97,rectangle_java2.jpg,rectangle_java2.jpg,15228506160,120,926.1666666666666,699.491,932.5,694,100,21,rect1.area,10,class->block->function->block->block_content->expr_stmt->expr->call->argument_list->argument->expr->call->name->name->operator->name,
2,97,rectangle_java2.jpg,rectangle_java2.jpg,15228626121,116,918.9410344827586,685.4689655172414,916.5,694,9,21,(,1,class->block->function->block->block_content->expr_stmt->expr->call->argument_list,
2,97,rectangle_java2.jpg,rectangle_java2.jpg,15228826138,128,979.6721875,691.2059375,932.5,694,100,21,rect1.area,10,class->block->function->block->block_content->expr_stmt->expr->call->argument_list->argument->expr->call->name->name->operator->name,
2,97,rectangle_java2.jpg,rectangle_java2.jpg,15228970132,140,983.7877142857144,700.5777142857143,932.5,694,100,21,rect1.area,10,class->block->function->block->block_content->expr_stmt->expr->call->argument_list->argument->expr->call->name->name->operator->name,
2,97,rectangle_java2.jpg,rectangle_java2.jpg,15229098107,84,829.0766666666667,732.1652380952381,826.5,731,51,20,rect2,5,class->block->function->block->block_content->decl_stmt->decl->name,
2,97,rectangle_java2.jpg,rectangle_java2.jpg,15229426173,112,763.0717857142857,373.44392857142856,730.5,367,71,21,this.y1,7,class->block->constructor->block->block_content->expr_stmt->expr->name->name->operator->name,
2,97,rectangle_java2.jpg,rectangle_java2.jpg,15229526209,96,758.1170833333333,358.54125,730.5,367,71,21,this.y1,7,class->block->constructor->block->block_content->expr_stmt->expr->name->name->operator->name,
2,97,rectangle_java2.jpg,rectangle_java2.jpg,15229686207,120,820.197,327.32533333333333,806.5,331,15,19,=,1,class->block->constructor->block->block_content->expr_stmt->expr->operator,
2,97,rectangle_java2.jpg,rectangle_java2.jpg,15229686207,120,820.197,327.32533333333333,826.5,331,23,19,x1,2,class->block->constructor->block->block_content->expr_stmt->expr->name->name,
2,97,rectangle_java2.jpg,rectangle_java2.jpg,15230082137,180,825.6873333333333,374.4004444444444,826.5,367,23,21,y1,2,class->block->constructor->block->block_content->expr_stmt->expr->name->name,
2,97,rectangle_java2.jpg,rectangle_java2.jpg,15230757947,80,939.649,637.024,920.5,621,62,21,String,6,class->block->function->parameter_list->parameter->decl->type->name->name,
2,97,rectangle_java2.jpg,rectangle_java2.jpg,15230913998,96,971.6266666666668,725.5024999999999,941.5,731,91,20,Rectangle,9,class->block->function->block->block_content->decl_stmt->decl->init->expr->call->name,
2,97,rectangle_java2.jpg,rectangle_java2.jpg,15238849490,56,743.3199999999999,411.06642857142856,730.5,404,71,19,this.x2,7,class->block->constructor->block->block_content->expr_stmt->expr->name->name->operator->name,
2,97,rectangle_java2.jpg,rectangle_java2.jpg,15239025472,60,746.538,412.1133333333333,730.5,404,71,19,this.x2,7,class->block->constructor->block->block_content->expr_stmt->expr->name->name->operator->name,
2,97,rectangle_java2.jpg,rectangle_java2.jpg,15239537629,104,788.0823076923077,387.5384615384616,730.5,367,71,21,this.y1,7,class->block->constructor->block->block_content->expr_stmt->expr->name->name->operator->name,
2,97,rectangle_java2.jpg,rectangle_java2.jpg,15239641787,72,777.1355555555556,551.4205555555556,775.5,549,62,21,height,6,class->block->function->name,
2,97,rectangle_java2.jpg,rectangle_java2.jpg,15239797767,152,776.9644736842105,564.9021052631579,775.5,549,62,21,height,6,class->block->function->name,
2,97,rectangle_java2.jpg,rectangle_java2.jpg,15240453525,64,866.815625,525.141875,874.5,512,10,21,{,1,class->block->function->block,
2,97,rectangle_java2.jpg,rectangle_java2.jpg,15240577362,68,865.1535294117647,522.2535294117647,874.5,512,10,21,{,1,class->block->function->block,
2,97,rectangle_java2.jpg,rectangle_java2.jpg,15240853234,164,773.3941463414634,305.3219512195122,737.5,295,91,21,Rectangle,9,class->block->constructor->name,
2,97,rectangle_java2.jpg,rectangle_java2.jpg,15241004995,64,772.678125,259.970625,747.5,259,33,21,int,3,class->block->decl_stmt->decl->type->name,
2,97,rectangle_java2.jpg,rectangle_java2.jpg,15241169244,88,743.6809090909092,241.6118181818182,715.5,222,90,21,Rectangle,9,class->name,
2,97,rectangle_java2.jpg,rectangle_java2.jpg,15241257325,84,749.3728571428571,248.2128571428572,747.5,259,33,21,int,3,class->block->decl_stmt->decl->type->name,
2,97,rectangle_java2.jpg,rectangle_java2.jpg,15242165230,112,964.4992857142856,251.51928571428573,959.5,259,10,21,;,1,class->block->decl_stmt,
2,97,rectangle_java2.jpg,rectangle_java2.jpg,15242245238,68,825.1576470588235,277.0394117647059,815.5,259,10,21,"""","""",1,class->block->decl_stmt
2,97,rectangle_java2.jpg,rectangle_java2.jpg,15242245238,68,825.1576470588235,277.0394117647059,833.5,259,23,21,y1,2,class->block->decl_stmt->decl->name,
2,97,rectangle_java2.jpg,rectangle_java2.jpg,15242377205,128,819.540625,276.756875,815.5,259,10,21,"""","""",1,class->block->decl_stmt
2,97,rectangle_java2.jpg,rectangle_java2.jpg,15242613193,232,786.1620689655173,275.9246551724138,785.5,259,23,21,x1,2,class->block->decl_stmt->decl->name,
2,97,rectangle_java2.jpg,rectangle_java2.jpg,15242953243,304,848.9613157894737,276.9163157894737,833.5,259,23,21,y1,2,class->block->decl_stmt->decl->name,
2,97,rectangle_java2.jpg,rectangle_java2.jpg,15243045226,88,883.5395454545454,276.7540909090909,881.5,259,23,21,x2,2,class->block->decl_stmt->decl->name,
2,97,rectangle_java2.jpg,rectangle_java2.jpg,15243281191,196,855.2504081632653,275.584693877551,833.5,259,23,21,y1,2,class->block->decl_stmt->decl->name,
2,97,rectangle_java2.jpg,rectangle_java2.jpg,15243281191,196,855.2504081632653,275.584693877551,863.5,259,10,21,"""","""",1,class->block->decl_stmt
2,97,rectangle_java2.jpg,rectangle_java2.jpg,15243457215,148,906.4235135135136,290.1491891891892,890.5,295,24,21,x1,2,class->block->constructor->parameter_list->parameter->decl->type->name,
2,97,rectangle_java2.jpg,rectangle_java2.jpg,15243589158,128,922.86375,291.5965625,921.5,295,9,21,"""","""",1,class->block->constructor->parameter_list
2,97,rectangle_java2.jpg,rectangle_java2.jpg,15243985074,176,779.4272727272727,310.7115909090909,737.5,295,91,21,Rectangle,9,class->block->constructor->name,
2,97,rectangle_java2.jpg,rectangle_java2.jpg,15244305279,140,794.7994285714286,343.454,730.5,331,71,19,this.x1,7,class->block->constructor->block->block_content->expr_stmt->expr->name->name->operator->name,
2,97,rectangle_java2.jpg,rectangle_java2.jpg,15244305279,140,794.7994285714286,343.454,806.5,331,15,19,=,1,class->block->constructor->block->block_content->expr_stmt->expr->operator,
2,97,rectangle_java2.jpg,rectangle_java2.jpg,15244641119,300,852.2725333333333,342.6481333333333,856.5,331,10,19,;,1,class->block->constructor->block->block_content->expr_stmt,
2,97,rectangle_java2.jpg,rectangle_java2.jpg,15244837127,164,807.0117073170732,368.5646341463415,806.5,367,15,21,=,1,class->block->constructor->block->block_content->expr_stmt->expr->operator,
2,97,rectangle_java2.jpg,rectangle_java2.jpg,15245037109,160,848.7315,375.63325,826.5,367,23,21,y1,2,class->block->constructor->block->block_content->expr_stmt->expr->name->name,
2,97,rectangle_java2.jpg,rectangle_java2.jpg,15245037109,160,848.7315,375.63325,856.5,367,10,21,;,1,class->block->constructor->block->block_content->expr_stmt,
2,97,rectangle_java2.jpg,rectangle_java2.jpg,15245417043,156,813.8974358974359,501.791282051282,775.5,512,53,21,width,5,class->block->function->name,
2,97,rectangle_java2.jpg,rectangle_java2.jpg,15245489100,68,842.9929411764706,505.4076470588236,837.5,512,9,21,(,1,class->block->function->parameter_list,
2,97,rectangle_java2.jpg,rectangle_java2.jpg,15245489100,68,842.9929411764706,505.4076470588236,854.5,512,9,21,),1,class->block->function->parameter_list,
2,97,rectangle_java2.jpg,rectangle_java2.jpg,15245800863,308,849.0666233766234,502.3924675324676,854.5,512,9,21,),1,class->block->function->parameter_list,
2,97,rectangle_java2.jpg,rectangle_java2.jpg,15246100965,228,908.4452631578948,516.4198245614035,891.5,512,62,21,return,6,class->block->function->block->block_content->return->expr->name->name,
2,97,rectangle_java2.jpg,rectangle_java2.jpg,15246336938,188,993.8597872340424,530.6859574468085,958.5,512,71,21,this.x2,7,class->block->function->block->block_content->return->expr->name->name->operator->name->operator,
2,97,rectangle_java2.jpg,rectangle_java2.jpg,15246460922,120,1020.271,525.8706666666667,958.5,512,71,21,this.x2,7,class->block->function->block->block_content->return->expr->name->name->operator->name->operator,
2,97,rectangle_java2.jpg,rectangle_java2.jpg,15246580935,116,1030.564827586207,517.0341379310345,1035.5,512,13,21,-,1,class->block->function->block->block_content->return->expr->name->name,
2,97,rectangle_java2.jpg,rectangle_java2.jpg,15246804925,220,1042.65,521.2369090909091,1035.5,512,13,21,-,1,class->block->function->block->block_content->return->expr->name->name,
2,97,rectangle_java2.jpg,rectangle_java2.jpg,15246804925,220,1042.65,521.2369090909091,1054.5,512,71,21,this.x1,7,class->block->function->block->block_content->return->expr->name->name->operator->name,
2,97,rectangle_java2.jpg,rectangle_java2.jpg,15247100928,204,1010.5013725490196,514.4854901960784,958.5,512,71,21,this.x2,7,class->block->function->block->block_content->return->expr->name->name->operator->name->operator,
2,97,rectangle_java2.jpg,rectangle_java2.jpg,15247440809,148,1041.751891891892,513.447027027027,1035.5,512,13,21,-,1,class->block->function->block->block_content->return->expr->name->name,
2,97,rectangle_java2.jpg,rectangle_java2.jpg,15247640726,140,1043.604,525.3611428571429,1035.5,512,13,21,-,1,class->block->function->block->block_content->return->expr->name->name,
2,97,rectangle_java2.jpg,rectangle_java2.jpg,15247640726,140,1043.604,525.3611428571429,1054.5,512,71,21,this.x1,7,class->block->function->block->block_content->return->expr->name->name->operator->name,
2,97,rectangle_java2.jpg,rectangle_java2.jpg,15247824862,60,1029.5886666666668,509.18933333333325,1035.5,512,13,21,-,1,class->block->function->block->block_content->return->expr->name->name,
2,97,rectangle_java2.jpg,rectangle_java2.jpg,15247964879,136,1046.1705882352942,516.7255882352941,1035.5,512,13,21,-,1,class->block->function->block->block_content->return->expr->name->name,
2,97,rectangle_java2.jpg,rectangle_java2.jpg,15247964879,136,1046.1705882352942,516.7255882352941,1054.5,512,71,21,this.x1,7,class->block->function->block->block_content->return->expr->name->name->operator->name,
2,97,rectangle_java2.jpg,rectangle_java2.jpg,15248076871,108,1055.7803703703703,517.5137037037036,1054.5,512,71,21,this.x1,7,class->block->function->block->block_content->return->expr->name->name->operator->name,
2,97,rectangle_java2.jpg,rectangle_java2.jpg,15248748793,96,1004.4145833333332,503.27083333333326,958.5,512,71,21,this.x2,7,class->block->function->block->block_content->return->expr->name->name->operator->name->operator,
2,97,rectangle_java2.jpg,rectangle_java2.jpg,15249104832,60,1146.3666666666666,505.2686666666666,1152.5,512,10,21,},1,class->block,
2,97,rectangle_java2.jpg,rectangle_java2.jpg,15249204802,96,1150.3891666666666,499.9645833333334,1152.5,512,10,21,},1,class->block,
2,97,rectangle_java2.jpg,rectangle_java2.jpg,15249508632,244,1121.5009836065574,514.6854098360656,1054.5,512,71,21,this.x1,7,class->block->function->block->block_content->return->expr->name->name->operator->name,
2,97,rectangle_java2.jpg,rectangle_java2.jpg,15249508632,244,1121.5009836065574,514.6854098360656,1132.5,512,10,21,;,1,class->block->function->block,
2,97,rectangle_java2.jpg,rectangle_java2.jpg,15249600671,88,1112.8068181818182,503.7359090909091,1054.5,512,71,21,this.x1,7,class->block->function->block->block_content->return->expr->name->name->operator->name,
2,97,rectangle_java2.jpg,rectangle_java2.jpg,15249816710,88,1101.5827272727272,502.7113636363636,1054.5,512,71,21,this.x1,7,class->block->function->block->block_content->return->expr->name->name->operator->name,
2,97,rectangle_java2.jpg,rectangle_java2.jpg,15249916724,72,1144.2194444444444,514.1850000000001,1152.5,512,10,21,},1,class->block,
2,97,rectangle_java2.jpg,rectangle_java2.jpg,15250044724,124,1139.6848387096777,506.0396774193548,1132.5,512,10,21,;,1,class->block->function->block,
2,97,rectangle_java2.jpg,rectangle_java2.jpg,15250176691,128,1137.8875,515.893125,1132.5,512,10,21,;,1,class->block->function->block,
2,97,rectangle_java2.jpg,rectangle_java2.jpg,15250292685,112,1134.3328571428572,517.5646428571429,1132.5,512,10,21,;,1,class->block->function->block,
2,97,rectangle_java2.jpg,rectangle_java2.jpg,15250944690,88,1084.8827272727274,529.1486363636363,1054.5,512,71,21,this.x1,7,class->block->function->block->block_content->return->expr->name->name->operator->name,
2,97,rectangle_java2.jpg,rectangle_java2.jpg,15251080680,72,848.8661111111111,514.5005555555556,854.5,512,9,21,),1,class->block->function->parameter_list,
2,97,rectangle_java2.jpg,rectangle_java2.jpg,15251620512,112,1081.900357142857,579.2378571428571,1086.5,585,10,21,(,1,class->block->function->block->block_content->return->expr->call->argument_list,
2,97,rectangle_java2.jpg,rectangle_java2.jpg,15251896503,92,843.9947826086957,578.8252173913044,804.5,585,43,21,area,4,class->block->function->name,
2,97,rectangle_java2.jpg,rectangle_java2.jpg,15252028568,108,867.9614814814815,598.6351851851852,873.5,585,9,21,),1,class->block->function->parameter_list,
2,97,rectangle_java2.jpg,rectangle_java2.jpg,15252180524,64,956.5175,635.25125,920.5,621,62,21,String,6,class->block->function->parameter_list->parameter->decl->type->name->name,
2,97,rectangle_java2.jpg,rectangle_java2.jpg,15252260514,76,951.3178947368422,640.8205263157895,920.5,621,62,21,String,6,class->block->function->parameter_list->parameter->decl->type->name->name,
2,97,rectangle_java2.jpg,rectangle_java2.jpg,15252396516,124,1075.895806451613,639.4858064516129,1074.5,621,10,21,),1,class->block->function->parameter_list,
2,97,rectangle_java2.jpg,rectangle_java2.jpg,15252748553,144,1142.7780555555555,650.0938888888888,1134.5,658,22,20,10,2,class->block->function->block->block_content->decl_stmt->decl->init->expr->call->argument_list->argument->expr->literal,
2,97,rectangle_java2.jpg,rectangle_java2.jpg,15252816535,64,1141.775625,654.05125,1134.5,658,22,20,10,2,class->block->function->block->block_content->decl_stmt->decl->init->expr->call->argument_list->argument->expr->literal,
2,97,rectangle_java2.jpg,rectangle_java2.jpg,15253076404,200,1227.8686,652.2608,1231.5,658,10,20,;,1,class->block->function->block->block_content->decl_stmt,
2,97,rectangle_java2.jpg,rectangle_java2.jpg,15253196260,68,1073.264705882353,647.0735294117648,1077.5,658,9,20,"""","""",1,class->block->function->block->block_content->decl_stmt->decl->init->expr->call->argument_list
2,97,rectangle_java2.jpg,rectangle_java2.jpg,15253328304,128,1083.3003125,651.4853125,1077.5,658,9,20,"""","""",1,class->block->function->block->block_content->decl_stmt->decl->init->expr->call->argument_list
2,97,rectangle_java2.jpg,rectangle_java2.jpg,15253328304,128,1083.3003125,651.4853125,1095.5,658,13,20,0,1,class->block->function->block->block_content->decl_stmt->decl->init->expr->call->argument_list->argument->expr->literal,
2,97,rectangle_java2.jpg,rectangle_java2.jpg,15253524375,72,966.5527777777778,637.3688888888889,920.5,621,62,21,String,6,class->block->function->parameter_list->parameter->decl->type->name->name,
2,97,rectangle_java2.jpg,rectangle_java2.jpg,15253740361,96,897.7758333333334,639.835,904.5,621,9,21,(,1,class->block->function->parameter_list,
2,97,rectangle_java2.jpg,rectangle_java2.jpg,15253864397,104,900.4711538461538,637.7630769230769,904.5,621,9,21,(,1,class->block->function->parameter_list,
2,97,rectangle_java2.jpg,rectangle_java2.jpg,15254004431,92,1095.807391304348,663.185652173913,1095.5,658,13,20,0,1,class->block->function->block->block_content->decl_stmt->decl->init->expr->call->argument_list->argument->expr->literal,
2,97,rectangle_java2.jpg,rectangle_java2.jpg,15254220414,212,1087.2088679245282,650.7090566037735,1095.5,658,13,20,0,1,class->block->function->block->block_content->decl_stmt->decl->init->expr->call->argument_list->argument->expr->literal,
2,97,rectangle_java2.jpg,rectangle_java2.jpg,15254476422,180,1152.6242222222222,647.4566666666667,1134.5,658,22,20,10,2,class->block->function->block->block_content->decl_stmt->decl->init->expr->call->argument_list->argument->expr->literal,
2,97,rectangle_java2.jpg,rectangle_java2.jpg,15254476422,180,1152.6242222222222,647.4566666666667,1163.5,658,10,20,"""","""",1,class->block->function->block->block_content->decl_stmt->decl->init->expr->call->argument_list
2,97,rectangle_java2.jpg,rectangle_java2.jpg,15254564395,84,1159.9166666666667,653.7761904761904,1163.5,658,10,20,"""","""",1,class->block->function->block->block_content->decl_stmt->decl->init->expr->call->argument_list
2,97,rectangle_java2.jpg,rectangle_java2.jpg,15254656370,88,1163.9654545454546,659.675909090909,1163.5,658,10,20,"""","""",1,class->block->function->block->block_content->decl_stmt->decl->init->expr->call->argument_list
2,97,rectangle_java2.jpg,rectangle_java2.jpg,15255068237,68,1035.43,630.5129411764706,1025.5,621,42,21,args,4,class->block->function->parameter_list->parameter->decl->name,
2,97,rectangle_java2.jpg,rectangle_java2.jpg,15255292281,96,998.8304166666668,637.0795833333333,990.5,621,10,21,[,1,class->block->function->parameter_list->parameter->decl->type->name->index,
2,97,rectangle_java2.jpg,rectangle_java2.jpg,15255292281,96,998.8304166666668,637.0795833333333,1007.5,621,10,21,],1,class->block->function->parameter_list->parameter->decl->type->name->index,
2,97,rectangle_java2.jpg,rectangle_java2.jpg,15255448354,64,868.04125,659.823125,826.5,658,52,20,rect1,5,class->block->function->block->block_content->decl_stmt->decl->name,
2,97,rectangle_java2.jpg,rectangle_java2.jpg,15255568338,116,860.1813793103448,664.8855172413793,826.5,658,52,20,rect1,5,class->block->function->block->block_content->decl_stmt->decl->name,
2,97,rectangle_java2.jpg,rectangle_java2.jpg,15255708314,68,751.7117647058824,691.9070588235294,730.5,694,177,21,System.out.println,18,class->block->function->block->block_content->expr_stmt->expr->call->name->name->operator->name->operator->name,
2,97,rectangle_java2.jpg,rectangle_java2.jpg,15256352285,284,919.7735211267606,671.0295774647888,902.5,658,34,20,new,3,class->block->function->block->block_content->decl_stmt->decl->init->expr->operator,
