trial,participant,code_file,code_language,timestamp,duration,x_cord,y_cord,aoi_x,aoi_y,aoi_width,aoi_height,token,length,srcML,
2,162,rectangle_java2.jpg,rectangle_java2.jpg,2570383060,80,664.3055,224.2205,657.5,222,52,21,class,5,class,
2,162,rectangle_java2.jpg,rectangle_java2.jpg,2570595085,108,742.3888888888889,217.63185185185185,715.5,222,90,21,Rectangle,9,class->name,
2,162,rectangle_java2.jpg,rectangle_java2.jpg,2570767222,168,745.8807142857142,216.42285714285717,715.5,222,90,21,Rectangle,9,class->name,
2,162,rectangle_java2.jpg,rectangle_java2.jpg,2571319228,100,747.4216,232.7596,715.5,222,90,21,Rectangle,9,class->name,
2,162,rectangle_java2.jpg,rectangle_java2.jpg,2571515179,192,747.5210416666666,240.55104166666663,715.5,222,90,21,Rectangle,9,class->name,
2,162,rectangle_java2.jpg,rectangle_java2.jpg,2571671160,116,758.5806896551724,271.17689655172416,747.5,259,33,21,int,3,class->block->decl_stmt->decl->type->name,
2,162,rectangle_java2.jpg,rectangle_java2.jpg,2571962943,188,884.5468085106382,263.0355319148936,881.5,259,23,21,x2,2,class->block->decl_stmt->decl->name,
2,162,rectangle_java2.jpg,rectangle_java2.jpg,2572187011,80,761.8275,323.5485,730.5,331,71,19,this.x1,7,class->block->constructor->block->block_content->expr_stmt->expr->name->name->operator->name,
2,162,rectangle_java2.jpg,rectangle_java2.jpg,2572342975,128,715.9446875,308.2865625,669.5,295,63,21,public,6,class->block->constructor->specifier,
2,162,rectangle_java2.jpg,rectangle_java2.jpg,2572474973,128,712.4759375,314.8825,669.5,295,63,21,public,6,class->block->constructor->specifier,
2,162,rectangle_java2.jpg,rectangle_java2.jpg,2572659010,180,714.9444444444445,309.7802222222222,669.5,295,63,21,public,6,class->block->constructor->specifier,
2,162,rectangle_java2.jpg,rectangle_java2.jpg,2572899035,236,717.2233898305085,314.5801694915254,669.5,295,63,21,public,6,class->block->constructor->specifier,
2,162,rectangle_java2.jpg,rectangle_java2.jpg,2572979054,64,719.30625,385.765,730.5,367,71,21,this.y1,7,class->block->constructor->block->block_content->expr_stmt->expr->name->name->operator->name,
2,162,rectangle_java2.jpg,rectangle_java2.jpg,2573143044,160,722.1305,398.31475,730.5,404,71,19,this.x2,7,class->block->constructor->block->block_content->expr_stmt->expr->name->name->operator->name,
2,162,rectangle_java2.jpg,rectangle_java2.jpg,2573358986,168,665.5154761904762,583.7435714285714,669.5,585,63,21,public,6,class->block->function->type->specifier,
2,162,rectangle_java2.jpg,rectangle_java2.jpg,2573479026,80,748.758,553.4365,737.5,549,33,21,int,3,class->block->function->type->name,
2,162,rectangle_java2.jpg,rectangle_java2.jpg,2573543047,60,750.144,538.122,737.5,549,33,21,int,3,class->block->function->type->name,
2,162,rectangle_java2.jpg,rectangle_java2.jpg,2573702827,136,924.4088235294116,546.5370588235294,900.5,549,63,21,return,6,class->block->function->block->block_content->return,
2,162,rectangle_java2.jpg,rectangle_java2.jpg,2573802648,96,922.3245833333332,561.66125,900.5,549,63,21,return,6,class->block->function->block->block_content->return,
2,162,rectangle_java2.jpg,rectangle_java2.jpg,2573866689,60,918.7406666666668,551.3266666666667,900.5,549,63,21,return,6,class->block->function->block->block_content->return,
2,162,rectangle_java2.jpg,rectangle_java2.jpg,2574106861,192,1027.8041666666666,557.43,968.5,549,70,21,this.y2,7,class->block->function->block->block_content->return->expr->name->name->operator->name,
2,162,rectangle_java2.jpg,rectangle_java2.jpg,2574362949,140,964.8665714285714,546.5762857142857,968.5,549,70,21,this.y2,7,class->block->function->block->block_content->return->expr->name->name->operator->name,
2,162,rectangle_java2.jpg,rectangle_java2.jpg,2574506876,56,928.8335714285714,548.9364285714286,900.5,549,63,21,return,6,class->block->function->block->block_content->return,
2,162,rectangle_java2.jpg,rectangle_java2.jpg,2574566811,56,923.895,527.3721428571429,891.5,512,62,21,return,6,class->block->function->block->block_content->return->expr->name->name,
2,162,rectangle_java2.jpg,rectangle_java2.jpg,2574894922,284,993.3901408450704,549.7794366197184,968.5,549,70,21,this.y2,7,class->block->function->block->block_content->return->expr->name->name->operator->name,
2,162,rectangle_java2.jpg,rectangle_java2.jpg,2575074882,144,1039.2288888888888,545.4652777777778,1045.5,549,13,21,-,1,class->block->function->block->block_content->return->expr->operator,
2,162,rectangle_java2.jpg,rectangle_java2.jpg,2575258906,76,913.0326315789474,722.5863157894737,902.5,731,34,20,new,3,class->block->function->block->block_content->decl_stmt->decl->init->expr->operator,
2,162,rectangle_java2.jpg,rectangle_java2.jpg,2575430896,168,906.994761904762,726.2311904761905,902.5,731,34,20,new,3,class->block->function->block->block_content->decl_stmt->decl->init->expr->operator,
2,162,rectangle_java2.jpg,rectangle_java2.jpg,2575558916,88,955.1804545454544,690.1063636363637,932.5,694,100,21,rect1.area,10,class->block->function->block->block_content->expr_stmt->expr->call->argument_list->argument->expr->call->name->name->operator->name,
2,162,rectangle_java2.jpg,rectangle_java2.jpg,2575634912,72,952.6655555555556,688.8888888888889,932.5,694,100,21,rect1.area,10,class->block->function->block->block_content->expr_stmt->expr->call->argument_list->argument->expr->call->name->name->operator->name,
2,162,rectangle_java2.jpg,rectangle_java2.jpg,2575718822,80,964.747,690.9205,932.5,694,100,21,rect1.area,10,class->block->function->block->block_content->expr_stmt->expr->call->argument_list->argument->expr->call->name->name->operator->name,
2,162,rectangle_java2.jpg,rectangle_java2.jpg,2576278734,64,700.828125,248.416875,669.5,259,72,21,private,7,class->block->decl_stmt->decl->type->specifier,
2,162,rectangle_java2.jpg,rectangle_java2.jpg,2576422804,140,698.3734285714286,257.23285714285714,669.5,259,72,21,private,7,class->block->decl_stmt->decl->type->specifier,
2,162,rectangle_java2.jpg,rectangle_java2.jpg,2576554748,108,871.5481481481481,271.83222222222224,863.5,259,10,21,"""","""",1,class->block->decl_stmt
2,162,rectangle_java2.jpg,rectangle_java2.jpg,2576554748,108,871.5481481481481,271.83222222222224,881.5,259,23,21,x2,2,class->block->decl_stmt->decl->name,
2,162,rectangle_java2.jpg,rectangle_java2.jpg,2576634718,76,877.5947368421052,275.51894736842104,881.5,259,23,21,x2,2,class->block->decl_stmt->decl->name,
2,162,rectangle_java2.jpg,rectangle_java2.jpg,2576966748,60,782.2846666666667,321.844,730.5,331,71,19,this.x1,7,class->block->constructor->block->block_content->expr_stmt->expr->name->name->operator->name,
2,162,rectangle_java2.jpg,rectangle_java2.jpg,2577042747,72,775.5272222222222,334.98555555555555,730.5,331,71,19,this.x1,7,class->block->constructor->block->block_content->expr_stmt->expr->name->name->operator->name,
2,162,rectangle_java2.jpg,rectangle_java2.jpg,2577146730,100,770.9848,347.6092,730.5,331,71,19,this.x1,7,class->block->constructor->block->block_content->expr_stmt->expr->name->name->operator->name,
2,162,rectangle_java2.jpg,rectangle_java2.jpg,2577362681,188,718.6204255319149,328.6402127659575,730.5,331,71,19,this.x1,7,class->block->constructor->block->block_content->expr_stmt->expr->name->name->operator->name,
2,162,rectangle_java2.jpg,rectangle_java2.jpg,2577530504,92,746.7726086956521,238.24826086956523,715.5,222,90,21,Rectangle,9,class->name,
2,162,rectangle_java2.jpg,rectangle_java2.jpg,2577614362,80,747.8795,239.3335,715.5,222,90,21,Rectangle,9,class->name,
2,162,rectangle_java2.jpg,rectangle_java2.jpg,2577726444,108,747.2455555555556,241.2633333333333,715.5,222,90,21,Rectangle,9,class->name,
2,162,rectangle_java2.jpg,rectangle_java2.jpg,2578034688,136,782.010294117647,334.4708823529412,730.5,331,71,19,this.x1,7,class->block->constructor->block->block_content->expr_stmt->expr->name->name->operator->name,
2,162,rectangle_java2.jpg,rectangle_java2.jpg,2578142685,104,782.9846153846154,342.6307692307692,730.5,331,71,19,this.x1,7,class->block->constructor->block->block_content->expr_stmt->expr->name->name->operator->name,
2,162,rectangle_java2.jpg,rectangle_java2.jpg,2578202678,56,798.34,376.185,730.5,367,71,21,this.y1,7,class->block->constructor->block->block_content->expr_stmt->expr->name->name->operator->name,
2,162,rectangle_java2.jpg,rectangle_java2.jpg,2578202678,56,798.34,376.185,806.5,367,15,21,=,1,class->block->constructor->block->block_content->expr_stmt->expr->operator,
2,162,rectangle_java2.jpg,rectangle_java2.jpg,2578426675,220,806.1376363636364,380.6107272727273,806.5,367,15,21,=,1,class->block->constructor->block->block_content->expr_stmt->expr->operator,
2,162,rectangle_java2.jpg,rectangle_java2.jpg,2578626651,108,810.2874074074074,259.79962962962964,815.5,259,10,21,"""","""",1,class->block->decl_stmt
2,162,rectangle_java2.jpg,rectangle_java2.jpg,2578766648,136,806.0708823529412,247.45264705882352,785.5,259,23,21,x1,2,class->block->decl_stmt->decl->name,
2,162,rectangle_java2.jpg,rectangle_java2.jpg,2578766648,136,806.0708823529412,247.45264705882352,815.5,259,10,21,"""","""",1,class->block->decl_stmt
2,162,rectangle_java2.jpg,rectangle_java2.jpg,2578866636,96,807.1566666666666,235.06,813.5,222,10,21,{,1,class->block,
2,162,rectangle_java2.jpg,rectangle_java2.jpg,2579066611,88,694.6163636363636,228.47045454545457,657.5,222,52,21,class,5,class,
2,162,rectangle_java2.jpg,rectangle_java2.jpg,2579610425,136,656.4661764705883,237.68264705882356,657.5,222,52,21,class,5,class,
2,162,rectangle_java2.jpg,rectangle_java2.jpg,2579762491,112,746.7789285714285,239.4721428571429,715.5,222,90,21,Rectangle,9,class->name,
2,162,rectangle_java2.jpg,rectangle_java2.jpg,2579850515,84,752.0704761904761,239.9557142857143,715.5,222,90,21,Rectangle,9,class->name,
2,162,rectangle_java2.jpg,rectangle_java2.jpg,2579946515,92,749.3595652173913,230.75086956521736,715.5,222,90,21,Rectangle,9,class->name,
2,162,rectangle_java2.jpg,rectangle_java2.jpg,2580122510,76,728.3447368421052,226.22684210526316,715.5,222,90,21,Rectangle,9,class->name,
2,162,rectangle_java2.jpg,rectangle_java2.jpg,2580222508,96,732.7945833333333,242.01541666666665,715.5,222,90,21,Rectangle,9,class->name,
2,162,rectangle_java2.jpg,rectangle_java2.jpg,2580754476,184,696.9619565217391,218.64891304347827,657.5,222,52,21,class,5,class,
2,162,rectangle_java2.jpg,rectangle_java2.jpg,2580818429,60,706.4586666666667,235.252,657.5,222,52,21,class,5,class,
2,162,rectangle_java2.jpg,rectangle_java2.jpg,2580818429,60,706.4586666666667,235.252,715.5,222,90,21,Rectangle,9,class->name,
2,162,rectangle_java2.jpg,rectangle_java2.jpg,2580882405,60,698.8533333333334,219.56933333333336,657.5,222,52,21,class,5,class,
2,162,rectangle_java2.jpg,rectangle_java2.jpg,2580994402,108,688.4585185185185,233.47777777777776,657.5,222,52,21,class,5,class,
2,162,rectangle_java2.jpg,rectangle_java2.jpg,2581114433,116,682.0279310344828,216.8,657.5,222,52,21,class,5,class,
2,162,rectangle_java2.jpg,rectangle_java2.jpg,2581370242,212,724.6339622641509,232.93339622641508,715.5,222,90,21,Rectangle,9,class->name,
2,162,rectangle_java2.jpg,rectangle_java2.jpg,2581486280,76,761.5157894736842,232.50947368421052,715.5,222,90,21,Rectangle,9,class->name,
2,162,rectangle_java2.jpg,rectangle_java2.jpg,2581606351,116,761.9803448275862,247.31551724137933,747.5,259,33,21,int,3,class->block->decl_stmt->decl->type->name,
2,162,rectangle_java2.jpg,rectangle_java2.jpg,2582338404,132,700.7730303030303,261.36,669.5,259,72,21,private,7,class->block->decl_stmt->decl->type->specifier,
2,162,rectangle_java2.jpg,rectangle_java2.jpg,2582414379,72,695.8305555555555,254.42111111111117,669.5,259,72,21,private,7,class->block->decl_stmt->decl->type->specifier,
2,162,rectangle_java2.jpg,rectangle_java2.jpg,2582526350,108,695.8118518518519,257.32666666666665,669.5,259,72,21,private,7,class->block->decl_stmt->decl->type->specifier,
2,162,rectangle_java2.jpg,rectangle_java2.jpg,2582978339,164,855.9300000000001,267.74951219512195,833.5,259,23,21,y1,2,class->block->decl_stmt->decl->name,
2,162,rectangle_java2.jpg,rectangle_java2.jpg,2582978339,164,855.9300000000001,267.74951219512195,863.5,259,10,21,"""","""",1,class->block->decl_stmt
2,162,rectangle_java2.jpg,rectangle_java2.jpg,2583110371,128,855.829375,259.36,833.5,259,23,21,y1,2,class->block->decl_stmt->decl->name,
2,162,rectangle_java2.jpg,rectangle_java2.jpg,2583110371,128,855.829375,259.36,863.5,259,10,21,"""","""",1,class->block->decl_stmt
2,162,rectangle_java2.jpg,rectangle_java2.jpg,2583302337,140,1061.490857142857,294.6042857142857,1063.5,295,23,21,x2,2,class->block->constructor->parameter_list->parameter->decl->type->name,
2,162,rectangle_java2.jpg,rectangle_java2.jpg,2583634287,96,1140.54625,291.84166666666664,1112.5,295,33,21,int,3,class->block->constructor->parameter_list->parameter->decl->type->name,
2,162,rectangle_java2.jpg,rectangle_java2.jpg,2583634287,96,1140.54625,291.84166666666664,1150.5,295,23,21,y2,2,class->block->constructor->parameter_list->parameter->decl->type->name,
2,162,rectangle_java2.jpg,rectangle_java2.jpg,2583814265,112,821.2325,312.2292857142857,737.5,295,91,21,Rectangle,9,class->block->constructor->name,
2,162,rectangle_java2.jpg,rectangle_java2.jpg,2584182192,248,710.5677419354839,275.1964516129032,669.5,259,72,21,private,7,class->block->decl_stmt->decl->type->specifier,
2,162,rectangle_java2.jpg,rectangle_java2.jpg,2584250197,64,708.1975,253.83875,669.5,259,72,21,private,7,class->block->decl_stmt->decl->type->specifier,
2,162,rectangle_java2.jpg,rectangle_java2.jpg,2584354206,100,695.2756,288.9944,669.5,295,63,21,public,6,class->block->constructor->specifier,
2,162,rectangle_java2.jpg,rectangle_java2.jpg,2584482213,124,693.8564516129032,299.4145161290323,669.5,295,63,21,public,6,class->block->constructor->specifier,
2,162,rectangle_java2.jpg,rectangle_java2.jpg,2584558215,72,697.735,287.2338888888889,669.5,295,63,21,public,6,class->block->constructor->specifier,
2,162,rectangle_java2.jpg,rectangle_java2.jpg,2584714193,152,695.6481578947369,309.20394736842104,669.5,295,63,21,public,6,class->block->constructor->specifier,
2,162,rectangle_java2.jpg,rectangle_java2.jpg,2584970232,208,784.1821153846154,377.9367307692308,730.5,367,71,21,this.y1,7,class->block->constructor->block->block_content->expr_stmt->expr->name->name->operator->name,
2,162,rectangle_java2.jpg,rectangle_java2.jpg,2585337995,128,664.1678125,520.7253125,669.5,512,63,21,public,6,class->block->function->type->specifier,
2,162,rectangle_java2.jpg,rectangle_java2.jpg,2585398029,56,661.9128571428571,529.1007142857143,669.5,512,63,21,public,6,class->block->function->type->specifier,
2,162,rectangle_java2.jpg,rectangle_java2.jpg,2585518067,104,764.0026923076923,515.0719230769231,737.5,512,33,21,int,3,class->block->function->type->name,
2,162,rectangle_java2.jpg,rectangle_java2.jpg,2585518067,104,764.0026923076923,515.0719230769231,775.5,512,53,21,width,5,class->block->function->name,
2,162,rectangle_java2.jpg,rectangle_java2.jpg,2585678080,156,760.9233333333333,518.984358974359,737.5,512,33,21,int,3,class->block->function->type->name,
2,162,rectangle_java2.jpg,rectangle_java2.jpg,2585986042,236,711.7857627118644,515.1696610169491,669.5,512,63,21,public,6,class->block->function->type->specifier,
2,162,rectangle_java2.jpg,rectangle_java2.jpg,2586126047,84,711.4538095238095,525.4033333333333,669.5,512,63,21,public,6,class->block->function->type->specifier,
2,162,rectangle_java2.jpg,rectangle_java2.jpg,2586342102,212,706.9507547169811,520.2345283018868,669.5,512,63,21,public,6,class->block->function->type->specifier,
2,162,rectangle_java2.jpg,rectangle_java2.jpg,2586850074,112,996.6260714285714,554.7257142857143,968.5,549,70,21,this.y2,7,class->block->function->block->block_content->return->expr->name->name->operator->name,
2,162,rectangle_java2.jpg,rectangle_java2.jpg,2587009784,156,1000.4028205128204,553.2948717948718,968.5,549,70,21,this.y2,7,class->block->function->block->block_content->return->expr->name->name->operator->name,
2,162,rectangle_java2.jpg,rectangle_java2.jpg,2587161886,148,1005.8794594594594,549.8432432432433,968.5,549,70,21,this.y2,7,class->block->function->block->block_content->return->expr->name->name->operator->name,
2,162,rectangle_java2.jpg,rectangle_java2.jpg,2587385952,156,1071.1779487179488,551.34,1064.5,549,71,21,this.y1,7,class->block->function->block->block_content->return->expr->name->name->operator->name,
2,162,rectangle_java2.jpg,rectangle_java2.jpg,2587505945,88,1104.9795454545454,552.1,1064.5,549,71,21,this.y1,7,class->block->function->block->block_content->return->expr->name->name->operator->name,
2,162,rectangle_java2.jpg,rectangle_java2.jpg,2587745914,124,759.723870967742,285.0790322580645,737.5,295,91,21,Rectangle,9,class->block->constructor->name,
2,162,rectangle_java2.jpg,rectangle_java2.jpg,2588025935,60,784.2166666666667,305.826,737.5,295,91,21,Rectangle,9,class->block->constructor->name,
2,162,rectangle_java2.jpg,rectangle_java2.jpg,2588477957,60,964.0973333333334,522.532,958.5,512,71,21,this.x2,7,class->block->function->block->block_content->return->expr->name->name->operator->name->operator,
2,162,rectangle_java2.jpg,rectangle_java2.jpg,2588653915,92,766.3426086956522,297.30260869565217,737.5,295,91,21,Rectangle,9,class->block->constructor->name,
2,162,rectangle_java2.jpg,rectangle_java2.jpg,2588765935,72,765.6116666666667,325.99444444444447,730.5,331,71,19,this.x1,7,class->block->constructor->block->block_content->expr_stmt->expr->name->name->operator->name,
2,162,rectangle_java2.jpg,rectangle_java2.jpg,2588901893,92,794.2030434782608,320.7169565217391,730.5,331,71,19,this.x1,7,class->block->constructor->block->block_content->expr_stmt->expr->name->name->operator->name,
2,162,rectangle_java2.jpg,rectangle_java2.jpg,2588901893,92,794.2030434782608,320.7169565217391,806.5,331,15,19,=,1,class->block->constructor->block->block_content->expr_stmt->expr->operator,
2,162,rectangle_java2.jpg,rectangle_java2.jpg,2589177824,176,1076.8002272727272,576.3611363636363,977.5,585,101,21,this.width,10,class->block->function->block->block_content->return->expr->call->name->name->operator->name,
2,162,rectangle_java2.jpg,rectangle_java2.jpg,2589177824,176,1076.8002272727272,576.3611363636363,1086.5,585,10,21,(,1,class->block->function->block->block_content->return->expr->call->argument_list,
2,162,rectangle_java2.jpg,rectangle_java2.jpg,2589425866,56,784.8142857142857,593.7685714285715,737.5,585,62,21,double,6,class->block->function->type->name,
2,162,rectangle_java2.jpg,rectangle_java2.jpg,2589585815,156,780.5217948717949,593.9028205128205,737.5,585,62,21,double,6,class->block->function->type->name,
2,162,rectangle_java2.jpg,rectangle_java2.jpg,2589701800,64,723.925,585.98625,669.5,585,63,21,public,6,class->block->function->type->specifier,
2,162,rectangle_java2.jpg,rectangle_java2.jpg,2589829818,124,717.9703225806452,594.8077419354838,669.5,585,63,21,public,6,class->block->function->type->specifier,
2,162,rectangle_java2.jpg,rectangle_java2.jpg,2589973794,140,719.4828571428571,569.396,669.5,549,63,21,public,6,class->block->function->type->specifier,
2,162,rectangle_java2.jpg,rectangle_java2.jpg,2590105777,72,797.5044444444444,585.9172222222222,737.5,585,62,21,double,6,class->block->function->type->name,
2,162,rectangle_java2.jpg,rectangle_java2.jpg,2590105777,72,797.5044444444444,585.9172222222222,804.5,585,43,21,area,4,class->block->function->name,
2,162,rectangle_java2.jpg,rectangle_java2.jpg,2590257852,148,790.3056756756756,567.7956756756756,775.5,549,62,21,height,6,class->block->function->name,
2,162,rectangle_java2.jpg,rectangle_java2.jpg,2590393829,132,790.730303030303,560.3254545454546,775.5,549,62,21,height,6,class->block->function->name,
2,162,rectangle_java2.jpg,rectangle_java2.jpg,2590585805,188,788.217659574468,569.6451063829787,775.5,549,62,21,height,6,class->block->function->name,
2,162,rectangle_java2.jpg,rectangle_java2.jpg,2590649790,60,772.54,558.678,775.5,549,62,21,height,6,class->block->function->name,
2,162,rectangle_java2.jpg,rectangle_java2.jpg,2590765721,112,770.5042857142857,555.3082142857143,775.5,549,62,21,height,6,class->block->function->name,
2,162,rectangle_java2.jpg,rectangle_java2.jpg,2590989691,80,768.7315,504.6385,737.5,512,33,21,int,3,class->block->function->type->name,
2,162,rectangle_java2.jpg,rectangle_java2.jpg,2590989691,80,768.7315,504.6385,775.5,512,53,21,width,5,class->block->function->name,
2,162,rectangle_java2.jpg,rectangle_java2.jpg,2591161682,76,972.6257894736842,554.8942105263158,968.5,549,70,21,this.y2,7,class->block->function->block->block_content->return->expr->name->name->operator->name,
2,162,rectangle_java2.jpg,rectangle_java2.jpg,2591233690,68,976.67,575.5958823529412,977.5,585,101,21,this.width,10,class->block->function->block->block_content->return->expr->call->name->name->operator->name,
2,162,rectangle_java2.jpg,rectangle_java2.jpg,2591421873,152,1013.5063157894735,577.4713157894737,977.5,585,101,21,this.width,10,class->block->function->block->block_content->return->expr->call->name->name->operator->name,
2,162,rectangle_java2.jpg,rectangle_java2.jpg,2591557801,72,1123.8766666666666,574.9861111111111,1122.5,585,12,21,*,1,class->block->function->block->block_content->return->expr->operator,
2,162,rectangle_java2.jpg,rectangle_java2.jpg,2591657744,96,1128.982083333333,589.1470833333333,1122.5,585,12,21,*,1,class->block->function->block->block_content->return->expr->operator,
2,162,rectangle_java2.jpg,rectangle_java2.jpg,2591657744,96,1128.982083333333,589.1470833333333,1140.5,585,110,21,this.height,11,class->block->function->block->block_content->return->expr->call->name->name->operator->name,
2,162,rectangle_java2.jpg,rectangle_java2.jpg,2591961660,128,832.66,614.50875,804.5,621,44,21,void,4,class->block->function->type->name,
2,162,rectangle_java2.jpg,rectangle_java2.jpg,2592049655,84,827.9642857142857,624.75,804.5,621,44,21,void,4,class->block->function->type->name,
2,162,rectangle_java2.jpg,rectangle_java2.jpg,2592229653,140,990.0525714285716,598.6514285714286,977.5,585,101,21,this.width,10,class->block->function->block->block_content->return->expr->call->name->name->operator->name,
2,162,rectangle_java2.jpg,rectangle_java2.jpg,2592557672,192,705.3004166666667,625.8439583333334,669.5,621,63,21,public,6,class->block->function->type->specifier,
2,162,rectangle_java2.jpg,rectangle_java2.jpg,2592693501,80,761.6995000000001,617.9875,738.5,621,61,21,static,6,class->block->function->type->specifier,
2,162,rectangle_java2.jpg,rectangle_java2.jpg,2592805405,108,761.0885185185185,623.294074074074,738.5,621,61,21,static,6,class->block->function->type->specifier,
2,162,rectangle_java2.jpg,rectangle_java2.jpg,2592885439,76,766.7242105263158,620.1436842105263,738.5,621,61,21,static,6,class->block->function->type->specifier,
2,162,rectangle_java2.jpg,rectangle_java2.jpg,2593153569,144,999.1161111111112,614.5763888888889,990.5,621,10,21,[,1,class->block->function->parameter_list->parameter->decl->type->name->index,
2,162,rectangle_java2.jpg,rectangle_java2.jpg,2593153569,144,999.1161111111112,614.5763888888889,1007.5,621,10,21,],1,class->block->function->parameter_list->parameter->decl->type->name->index,
2,162,rectangle_java2.jpg,rectangle_java2.jpg,2593221588,64,1007.925,603.47875,977.5,585,101,21,this.width,10,class->block->function->block->block_content->return->expr->call->name->name->operator->name,
2,162,rectangle_java2.jpg,rectangle_java2.jpg,2593561554,172,935.2811627906976,604.9113953488372,910.5,585,62,21,return,6,class->block->function->block->block_content->return,
2,162,rectangle_java2.jpg,rectangle_java2.jpg,2593745565,60,1014.6926666666668,605.1993333333334,977.5,585,101,21,this.width,10,class->block->function->block->block_content->return->expr->call->name->name->operator->name,
2,162,rectangle_java2.jpg,rectangle_java2.jpg,2593825522,76,1026.2778947368422,603.9121052631579,977.5,585,101,21,this.width,10,class->block->function->block->block_content->return->expr->call->name->name->operator->name,
2,162,rectangle_java2.jpg,rectangle_java2.jpg,2593945435,116,1015.1586206896552,610.788275862069,1007.5,621,10,21,],1,class->block->function->parameter_list->parameter->decl->type->name->index,
2,162,rectangle_java2.jpg,rectangle_java2.jpg,2593945435,116,1015.1586206896552,610.788275862069,1025.5,621,42,21,args,4,class->block->function->parameter_list->parameter->decl->name,
2,162,rectangle_java2.jpg,rectangle_java2.jpg,2594173563,60,1018.652,597.0740000000001,977.5,585,101,21,this.width,10,class->block->function->block->block_content->return->expr->call->name->name->operator->name,
2,162,rectangle_java2.jpg,rectangle_java2.jpg,2594269553,64,1051.40125,596.091875,977.5,585,101,21,this.width,10,class->block->function->block->block_content->return->expr->call->name->name->operator->name,
2,162,rectangle_java2.jpg,rectangle_java2.jpg,2594477344,152,956.463947368421,573.4694736842106,910.5,585,62,21,return,6,class->block->function->block->block_content->return,
2,162,rectangle_java2.jpg,rectangle_java2.jpg,2594573213,68,744.6564705882353,584.9776470588235,737.5,585,62,21,double,6,class->block->function->type->name,
2,162,rectangle_java2.jpg,rectangle_java2.jpg,2594705264,88,740.79,596.4181818181818,737.5,585,62,21,double,6,class->block->function->type->name,
2,162,rectangle_java2.jpg,rectangle_java2.jpg,2594801362,92,746.0126086956521,598.2013043478261,737.5,585,62,21,double,6,class->block->function->type->name,
2,162,rectangle_java2.jpg,rectangle_java2.jpg,2594901413,72,771.6672222222222,567.9488888888889,775.5,549,62,21,height,6,class->block->function->name,
2,162,rectangle_java2.jpg,rectangle_java2.jpg,2595381393,60,879.936,673.564,883.5,658,15,20,=,1,class->block->function->block->block_content->decl_stmt->decl->init,
2,162,rectangle_java2.jpg,rectangle_java2.jpg,2595493393,108,878.555925925926,670.6533333333333,883.5,658,15,20,=,1,class->block->function->block->block_content->decl_stmt->decl->init,
2,162,rectangle_java2.jpg,rectangle_java2.jpg,2595597401,76,780.9942105263158,663.1984210526316,730.5,658,91,20,Rectangle,9,class->block->function->block->block_content->decl_stmt->decl->type->name,
2,162,rectangle_java2.jpg,rectangle_java2.jpg,2595769385,168,786.3985714285715,675.6688095238095,730.5,658,91,20,Rectangle,9,class->block->function->block->block_content->decl_stmt->decl->type->name,
2,162,rectangle_java2.jpg,rectangle_java2.jpg,2595893363,68,727.3264705882353,673.3841176470588,730.5,658,91,20,Rectangle,9,class->block->function->block->block_content->decl_stmt->decl->type->name,
2,162,rectangle_java2.jpg,rectangle_java2.jpg,2595973346,76,736.3821052631579,660.868947368421,730.5,658,91,20,Rectangle,9,class->block->function->block->block_content->decl_stmt->decl->type->name,
2,162,rectangle_java2.jpg,rectangle_java2.jpg,2596293411,60,974.1353333333334,648.4793333333333,941.5,658,91,20,Rectangle,9,class->block->function->block->block_content->decl_stmt->decl->init->expr->call->name,
2,162,rectangle_java2.jpg,rectangle_java2.jpg,2596589342,76,1046.6926315789474,654.4694736842106,1041.5,658,9,20,(,1,class->block->function->block->block_content->decl_stmt->decl->init->expr->call->argument_list,
2,162,rectangle_java2.jpg,rectangle_java2.jpg,2596589342,76,1046.6926315789474,654.4694736842106,1057.5,658,13,20,0,1,class->block->function->block->block_content->decl_stmt->decl->init->expr->call->argument_list->argument->expr->literal,
2,162,rectangle_java2.jpg,rectangle_java2.jpg,2596725310,104,1002.4984615384616,693.9084615384616,932.5,694,100,21,rect1.area,10,class->block->function->block->block_content->expr_stmt->expr->call->argument_list->argument->expr->call->name->name->operator->name,
2,162,rectangle_java2.jpg,rectangle_java2.jpg,2596797297,68,1003.7464705882352,705.4305882352942,932.5,694,100,21,rect1.area,10,class->block->function->block->block_content->expr_stmt->expr->call->argument_list->argument->expr->call->name->name->operator->name,
2,162,rectangle_java2.jpg,rectangle_java2.jpg,2596877298,60,933.012,685.8526666666667,932.5,694,100,21,rect1.area,10,class->block->function->block->block_content->expr_stmt->expr->call->argument_list->argument->expr->call->name->name->operator->name,
2,162,rectangle_java2.jpg,rectangle_java2.jpg,2596977310,96,929.315,693.9195833333333,932.5,694,100,21,rect1.area,10,class->block->function->block->block_content->expr_stmt->expr->call->argument_list->argument->expr->call->name->name->operator->name,
2,162,rectangle_java2.jpg,rectangle_java2.jpg,2597657246,92,1124.134347826087,737.2556521739131,1115.5,731,10,20,"""","""",1,class->block->function->block->block_content->decl_stmt->decl->init->expr->call->argument_list
2,162,rectangle_java2.jpg,rectangle_java2.jpg,2597657246,92,1124.134347826087,737.2556521739131,1134.5,731,22,20,10,2,class->block->function->block->block_content->decl_stmt->decl->init->expr->call->argument_list->argument->expr->literal,
2,162,rectangle_java2.jpg,rectangle_java2.jpg,2597937248,212,980.7632075471698,672.4958490566038,941.5,658,91,20,Rectangle,9,class->block->function->block->block_content->decl_stmt->decl->init->expr->call->name,
2,162,rectangle_java2.jpg,rectangle_java2.jpg,2598149225,160,913.67825,690.623,916.5,694,9,21,(,1,class->block->function->block->block_content->expr_stmt->expr->call->argument_list,
2,162,rectangle_java2.jpg,rectangle_java2.jpg,2598890224,56,879.2907142857143,250.44642857142856,881.5,259,23,21,x2,2,class->block->decl_stmt->decl->name,
2,162,rectangle_java2.jpg,rectangle_java2.jpg,2599057033,160,877.307,250.1965,881.5,259,23,21,x2,2,class->block->decl_stmt->decl->name,
2,162,rectangle_java2.jpg,rectangle_java2.jpg,2599297140,152,1016.6771052631578,540.1355263157894,968.5,549,70,21,this.y2,7,class->block->function->block->block_content->return->expr->name->name->operator->name,
2,162,rectangle_java2.jpg,rectangle_java2.jpg,2599649153,104,1210.5142307692308,675.8542307692308,1211.5,658,9,20,),1,class->block->function->block->block_content->decl_stmt->decl->init->expr->call->argument_list,
2,162,rectangle_java2.jpg,rectangle_java2.jpg,2600189116,100,1084.3704,749.2732,1077.5,731,9,20,"""","""",1,class->block->function->block->block_content->decl_stmt->decl->init->expr->call->argument_list
2,162,rectangle_java2.jpg,rectangle_java2.jpg,2600189116,100,1084.3704,749.2732,1095.5,731,13,20,5,1,class->block->function->block->block_content->decl_stmt->decl->init->expr->call->argument_list->argument->expr->literal,
2,162,rectangle_java2.jpg,rectangle_java2.jpg,2600340938,124,796.1748387096774,745.8545161290323,730.5,731,91,20,Rectangle,9,class->block->function->block->block_content->decl_stmt->decl->type->name,
2,162,rectangle_java2.jpg,rectangle_java2.jpg,2600576978,196,788.1465306122449,740.7402040816327,730.5,731,91,20,Rectangle,9,class->block->function->block->block_content->decl_stmt->decl->type->name,
2,162,rectangle_java2.jpg,rectangle_java2.jpg,2600873049,204,971.1849019607844,747.3929411764706,941.5,731,91,20,Rectangle,9,class->block->function->block->block_content->decl_stmt->decl->init->expr->call->name,
2,162,rectangle_java2.jpg,rectangle_java2.jpg,2600989034,112,992.9239285714284,748.2021428571429,941.5,731,91,20,Rectangle,9,class->block->function->block->block_content->decl_stmt->decl->init->expr->call->name,
2,162,rectangle_java2.jpg,rectangle_java2.jpg,2601297022,196,961.0122448979592,763.0491836734694,932.5,766,100,21,rect2.area,10,class->block->function->block->block_content->expr_stmt->expr->call->argument_list->argument->expr->call->name->name->operator->name,
2,162,rectangle_java2.jpg,rectangle_java2.jpg,2601457044,156,971.1282051282052,758.5658974358975,932.5,766,100,21,rect2.area,10,class->block->function->block->block_content->expr_stmt->expr->call->argument_list->argument->expr->call->name->name->operator->name,
2,162,rectangle_java2.jpg,rectangle_java2.jpg,2601749082,288,986.4465277777778,754.0429166666667,932.5,766,100,21,rect2.area,10,class->block->function->block->block_content->expr_stmt->expr->call->argument_list->argument->expr->call->name->name->operator->name,
2,162,rectangle_java2.jpg,rectangle_java2.jpg,2602064933,284,1041.2160563380282,748.0466197183099,1041.5,731,9,20,(,1,class->block->function->block->block_content->decl_stmt->decl->init->expr->call->argument_list,
2,162,rectangle_java2.jpg,rectangle_java2.jpg,2602132832,64,1046.323125,745.509375,1041.5,731,9,20,(,1,class->block->function->block->block_content->decl_stmt->decl->init->expr->call->argument_list,
2,162,rectangle_java2.jpg,rectangle_java2.jpg,2602132832,64,1046.323125,745.509375,1057.5,731,13,20,5,1,class->block->function->block->block_content->decl_stmt->decl->init->expr->call->argument_list->argument->expr->literal,
2,162,rectangle_java2.jpg,rectangle_java2.jpg,2602696852,56,939.99,764.7271428571429,932.5,766,100,21,rect2.area,10,class->block->function->block->block_content->expr_stmt->expr->call->argument_list->argument->expr->call->name->name->operator->name,
2,162,rectangle_java2.jpg,rectangle_java2.jpg,2602812863,112,932.6275,768.3742857142857,932.5,766,100,21,rect2.area,10,class->block->function->block->block_content->expr_stmt->expr->call->argument_list->argument->expr->call->name->name->operator->name,
2,162,rectangle_java2.jpg,rectangle_java2.jpg,2602876881,60,957.57,758.0586666666667,932.5,766,100,21,rect2.area,10,class->block->function->block->block_content->expr_stmt->expr->call->argument_list->argument->expr->call->name->name->operator->name,
2,162,rectangle_java2.jpg,rectangle_java2.jpg,2603012909,132,968.1333333333332,757.8351515151516,932.5,766,100,21,rect2.area,10,class->block->function->block->block_content->expr_stmt->expr->call->argument_list->argument->expr->call->name->name->operator->name,
2,162,rectangle_java2.jpg,rectangle_java2.jpg,2603152917,136,997.0867647058824,756.4991176470588,932.5,766,100,21,rect2.area,10,class->block->function->block->block_content->expr_stmt->expr->call->argument_list->argument->expr->call->name->name->operator->name,
2,162,rectangle_java2.jpg,rectangle_java2.jpg,2603296896,140,999.7431428571427,746.46,941.5,731,91,20,Rectangle,9,class->block->function->block->block_content->decl_stmt->decl->init->expr->call->name,
2,162,rectangle_java2.jpg,rectangle_java2.jpg,2603456865,156,966.2482051282052,744.79,941.5,731,91,20,Rectangle,9,class->block->function->block->block_content->decl_stmt->decl->init->expr->call->name,
2,162,rectangle_java2.jpg,rectangle_java2.jpg,2604120672,76,920.7131578947368,764.0926315789474,916.5,766,9,21,(,1,class->block->function->block->block_content->expr_stmt->expr->call->argument_list,
2,162,rectangle_java2.jpg,rectangle_java2.jpg,2604120672,76,920.7131578947368,764.0926315789474,932.5,766,100,21,rect2.area,10,class->block->function->block->block_content->expr_stmt->expr->call->argument_list->argument->expr->call->name->name->operator->name,
2,162,rectangle_java2.jpg,rectangle_java2.jpg,2604352791,160,770.57875,778.35075,730.5,766,177,21,System.out.println,18,class->block->function->block->block_content->expr_stmt->expr->call->name->name->operator->name->operator->name,
2,162,rectangle_java2.jpg,rectangle_java2.jpg,2604412776,56,775.6592857142857,761.6364285714286,730.5,766,177,21,System.out.println,18,class->block->function->block->block_content->expr_stmt->expr->call->name->name->operator->name->operator->name,
2,162,rectangle_java2.jpg,rectangle_java2.jpg,2604516770,76,810.1347368421052,780.6873684210526,730.5,766,177,21,System.out.println,18,class->block->function->block->block_content->expr_stmt->expr->call->name->name->operator->name->operator->name,
2,162,rectangle_java2.jpg,rectangle_java2.jpg,2604632775,112,818.3064285714286,771.1032142857143,730.5,766,177,21,System.out.println,18,class->block->function->block->block_content->expr_stmt->expr->call->name->name->operator->name->operator->name,
2,162,rectangle_java2.jpg,rectangle_java2.jpg,2604716760,64,908.96375,770.575,916.5,766,9,21,(,1,class->block->function->block->block_content->expr_stmt->expr->call->argument_list,
2,162,rectangle_java2.jpg,rectangle_java2.jpg,2604876729,64,913.759375,766.506875,916.5,766,9,21,(,1,class->block->function->block->block_content->expr_stmt->expr->call->argument_list,
2,162,rectangle_java2.jpg,rectangle_java2.jpg,2604940724,60,907.02,786.4133333333333,730.5,766,177,21,System.out.println,18,class->block->function->block->block_content->expr_stmt->expr->call->name->name->operator->name->operator->name,
2,162,rectangle_java2.jpg,rectangle_java2.jpg,2604940724,60,907.02,786.4133333333333,916.5,766,9,21,(,1,class->block->function->block->block_content->expr_stmt->expr->call->argument_list,
2,162,rectangle_java2.jpg,rectangle_java2.jpg,2605064701,60,985.2973333333332,712.08,932.5,694,100,21,rect1.area,10,class->block->function->block->block_content->expr_stmt->expr->call->argument_list->argument->expr->call->name->name->operator->name,
2,162,rectangle_java2.jpg,rectangle_java2.jpg,2605172598,60,976.3553333333332,699.236,932.5,694,100,21,rect1.area,10,class->block->function->block->block_content->expr_stmt->expr->call->argument_list->argument->expr->call->name->name->operator->name,
2,162,rectangle_java2.jpg,rectangle_java2.jpg,2605344611,68,776.5076470588235,777.9194117647058,730.5,766,177,21,System.out.println,18,class->block->function->block->block_content->expr_stmt->expr->call->name->name->operator->name->operator->name,
2,162,rectangle_java2.jpg,rectangle_java2.jpg,2605416678,68,776.7829411764706,774.7129411764706,730.5,766,177,21,System.out.println,18,class->block->function->block->block_content->expr_stmt->expr->call->name->name->operator->name->operator->name,
2,162,rectangle_java2.jpg,rectangle_java2.jpg,2605504725,84,769.8552380952381,783.9895238095238,730.5,766,177,21,System.out.println,18,class->block->function->block->block_content->expr_stmt->expr->call->name->name->operator->name->operator->name,
2,162,rectangle_java2.jpg,rectangle_java2.jpg,2605724780,80,800.2035,781.1185,730.5,766,177,21,System.out.println,18,class->block->function->block->block_content->expr_stmt->expr->call->name->name->operator->name->operator->name,
2,162,rectangle_java2.jpg,rectangle_java2.jpg,2606688654,104,1095.3746153846157,685.7615384615385,1096.5,694,10,21,;,1,class->block->function->block->block_content->expr_stmt,
2,162,rectangle_java2.jpg,rectangle_java2.jpg,2607028549,88,832.2227272727273,278.1272727272727,833.5,259,23,21,y1,2,class->block->decl_stmt->decl->name,
2,162,rectangle_java2.jpg,rectangle_java2.jpg,2607112524,80,830.5825,272.7335,833.5,259,23,21,y1,2,class->block->decl_stmt->decl->name,
2,162,rectangle_java2.jpg,rectangle_java2.jpg,2607192565,76,830.5615789473684,277.12052631578945,833.5,259,23,21,y1,2,class->block->decl_stmt->decl->name,
2,162,rectangle_java2.jpg,rectangle_java2.jpg,2607417019,168,917.9183333333332,273.06309523809523,911.5,259,10,21,"""","""",1,class->block->decl_stmt
2,162,rectangle_java2.jpg,rectangle_java2.jpg,2607417019,168,917.9183333333332,273.06309523809523,929.5,259,23,21,y2,2,class->block->decl_stmt->decl->name,
2,162,rectangle_java2.jpg,rectangle_java2.jpg,2607800532,60,1010.72,528.478,958.5,512,71,21,this.x2,7,class->block->function->block->block_content->return->expr->name->name->operator->name->operator,
2,162,rectangle_java2.jpg,rectangle_java2.jpg,2607956195,120,1095.185,554.3666666666667,1064.5,549,71,21,this.y1,7,class->block->function->block->block_content->return->expr->name->name->operator->name,
2,162,rectangle_java2.jpg,rectangle_java2.jpg,2608316453,176,1015.3688636363636,541.9990909090909,968.5,549,70,21,this.y2,7,class->block->function->block->block_content->return->expr->name->name->operator->name,
2,162,rectangle_java2.jpg,rectangle_java2.jpg,2608628409,172,777.596976744186,532.9516279069767,775.5,512,53,21,width,5,class->block->function->name,
2,162,rectangle_java2.jpg,rectangle_java2.jpg,2608964493,144,995.7480555555557,549.1080555555556,968.5,549,70,21,this.y2,7,class->block->function->block->block_content->return->expr->name->name->operator->name,
2,162,rectangle_java2.jpg,rectangle_java2.jpg,2609116516,148,1020.3675675675676,558.5227027027028,968.5,549,70,21,this.y2,7,class->block->function->block->block_content->return->expr->name->name->operator->name,
2,162,rectangle_java2.jpg,rectangle_java2.jpg,2609492342,288,1127.598611111111,548.0733333333334,1064.5,549,71,21,this.y1,7,class->block->function->block->block_content->return->expr->name->name->operator->name,
2,162,rectangle_java2.jpg,rectangle_java2.jpg,2609628515,116,1162.888275862069,723.7506896551724,1163.5,731,10,20,"""","""",1,class->block->function->block->block_content->decl_stmt->decl->init->expr->call->argument_list
2,162,rectangle_java2.jpg,rectangle_java2.jpg,2609740423,108,1163.1581481481485,723.8485185185185,1163.5,731,10,20,"""","""",1,class->block->function->block->block_content->decl_stmt->decl->init->expr->call->argument_list
2,162,rectangle_java2.jpg,rectangle_java2.jpg,2609876268,104,1109.9242307692307,719.5284615384616,1115.5,731,10,20,"""","""",1,class->block->function->block->block_content->decl_stmt->decl->init->expr->call->argument_list
2,162,rectangle_java2.jpg,rectangle_java2.jpg,2610720361,76,1055.9084210526316,708.05,1057.5,694,10,21,),1,class->block->function->block->block_content->expr_stmt->expr->call->argument_list->argument->expr->call->argument_list,
2,162,rectangle_java2.jpg,rectangle_java2.jpg,2610788364,64,1064.8175,704.373125,1057.5,694,10,21,),1,class->block->function->block->block_content->expr_stmt->expr->call->argument_list->argument->expr->call->argument_list,
2,162,rectangle_java2.jpg,rectangle_java2.jpg,2610928356,104,1003.046153846154,517.9576923076924,958.5,512,71,21,this.x2,7,class->block->function->block->block_content->return->expr->name->name->operator->name->operator,
2,162,rectangle_java2.jpg,rectangle_java2.jpg,2611132311,144,904.646111111111,711.9891666666666,730.5,694,177,21,System.out.println,18,class->block->function->block->block_content->expr_stmt->expr->call->name->name->operator->name->operator->name,
2,162,rectangle_java2.jpg,rectangle_java2.jpg,2611132311,144,904.646111111111,711.9891666666666,916.5,694,9,21,(,1,class->block->function->block->block_content->expr_stmt->expr->call->argument_list,
2,162,rectangle_java2.jpg,rectangle_java2.jpg,2611460577,60,1042.852,563.7226666666667,1045.5,549,13,21,-,1,class->block->function->block->block_content->return->expr->operator,
2,162,rectangle_java2.jpg,rectangle_java2.jpg,2611648170,184,1030.145,558.0695652173913,968.5,549,70,21,this.y2,7,class->block->function->block->block_content->return->expr->name->name->operator->name,
2,162,rectangle_java2.jpg,rectangle_java2.jpg,2611744134,92,991.1447826086956,549.6652173913043,968.5,549,70,21,this.y2,7,class->block->function->block->block_content->return->expr->name->name->operator->name,
2,162,rectangle_java2.jpg,rectangle_java2.jpg,2611996267,144,889.9858333333333,264.1227777777778,881.5,259,23,21,x2,2,class->block->decl_stmt->decl->name,
2,162,rectangle_java2.jpg,rectangle_java2.jpg,2612208218,176,931.0977272727272,277.8127272727273,929.5,259,23,21,y2,2,class->block->decl_stmt->decl->name,
2,162,rectangle_java2.jpg,rectangle_java2.jpg,2612544250,88,1065.1131818181818,288.8836363636364,1063.5,295,23,21,x2,2,class->block->constructor->parameter_list->parameter->decl->type->name,
2,162,rectangle_java2.jpg,rectangle_java2.jpg,2613084213,184,913.0989130434782,289.44630434782607,890.5,295,24,21,x1,2,class->block->constructor->parameter_list->parameter->decl->type->name,
2,162,rectangle_java2.jpg,rectangle_java2.jpg,2613084213,184,913.0989130434782,289.44630434782607,921.5,295,9,21,"""","""",1,class->block->constructor->parameter_list
2,162,rectangle_java2.jpg,rectangle_java2.jpg,2613324248,84,1027.7085714285715,282.60238095238094,1025.5,295,33,21,int,3,class->block->constructor->parameter_list->parameter->decl->type->name,
2,162,rectangle_java2.jpg,rectangle_java2.jpg,2614800101,64,1073.595,522.13125,1054.5,512,71,21,this.x1,7,class->block->function->block->block_content->return->expr->name->name->operator->name,
2,162,rectangle_java2.jpg,rectangle_java2.jpg,2615336099,160,1141.3845,676.70475,1134.5,658,22,20,10,2,class->block->function->block->block_content->decl_stmt->decl->init->expr->call->argument_list->argument->expr->literal,
2,162,rectangle_java2.jpg,rectangle_java2.jpg,2615531972,108,1077.0662962962963,288.52962962962965,1063.5,295,23,21,x2,2,class->block->constructor->parameter_list->parameter->decl->type->name,
2,162,rectangle_java2.jpg,rectangle_java2.jpg,2615772017,216,1147.1338888888888,292.4953703703704,1150.5,295,23,21,y2,2,class->block->constructor->parameter_list->parameter->decl->type->name,
2,162,rectangle_java2.jpg,rectangle_java2.jpg,2616075964,80,804.8145000000001,383.496,806.5,367,15,21,=,1,class->block->constructor->block->block_content->expr_stmt->expr->operator,
2,162,rectangle_java2.jpg,rectangle_java2.jpg,2616283961,204,794.1709803921568,380.1170588235294,730.5,367,71,21,this.y1,7,class->block->constructor->block->block_content->expr_stmt->expr->name->name->operator->name,
2,162,rectangle_java2.jpg,rectangle_java2.jpg,2616283961,204,794.1709803921568,380.1170588235294,806.5,367,15,21,=,1,class->block->constructor->block->block_content->expr_stmt->expr->operator,
2,162,rectangle_java2.jpg,rectangle_java2.jpg,2616527975,184,755.4441304347827,374.5841304347826,730.5,367,71,21,this.y1,7,class->block->constructor->block->block_content->expr_stmt->expr->name->name->operator->name,
2,162,rectangle_java2.jpg,rectangle_java2.jpg,2616587975,56,753.3021428571428,366.3342857142857,730.5,367,71,21,this.y1,7,class->block->constructor->block->block_content->expr_stmt->expr->name->name->operator->name,
2,162,rectangle_java2.jpg,rectangle_java2.jpg,2616879987,224,1046.5325,605.1978571428572,977.5,585,101,21,this.width,10,class->block->function->block->block_content->return->expr->call->name->name->operator->name,
2,162,rectangle_java2.jpg,rectangle_java2.jpg,2616983973,100,1039.8048,589.7756,977.5,585,101,21,this.width,10,class->block->function->block->block_content->return->expr->call->name->name->operator->name,
2,162,rectangle_java2.jpg,rectangle_java2.jpg,2617195923,128,1101.6771875,578.9371875,1103.5,585,9,21,),1,class->block->function->block->block_content->return->expr->call->argument_list,
2,162,rectangle_java2.jpg,rectangle_java2.jpg,2617303728,104,1103.2792307692307,578.7138461538461,1103.5,585,9,21,),1,class->block->function->block->block_content->return->expr->call->argument_list,
2,162,rectangle_java2.jpg,rectangle_java2.jpg,2618379857,144,887.1997222222222,759.2052777777778,730.5,766,177,21,System.out.println,18,class->block->function->block->block_content->expr_stmt->expr->call->name->name->operator->name->operator->name,
2,162,rectangle_java2.jpg,rectangle_java2.jpg,2618443881,60,888.7379999999999,768.0493333333334,730.5,766,177,21,System.out.println,18,class->block->function->block->block_content->expr_stmt->expr->call->name->name->operator->name->operator->name,
2,162,rectangle_java2.jpg,rectangle_java2.jpg,2618575887,128,889.8259375,757.489375,730.5,766,177,21,System.out.println,18,class->block->function->block->block_content->expr_stmt->expr->call->name->name->operator->name->operator->name,
2,162,rectangle_java2.jpg,rectangle_java2.jpg,2618667853,56,1100.6421428571427,767.305,1096.5,766,10,21,;,1,class->block->function->block->block_content->expr_stmt,
2,162,rectangle_java2.jpg,rectangle_java2.jpg,2618955890,284,1102.270985915493,770.31,1096.5,766,10,21,;,1,class->block->function->block->block_content->expr_stmt,
2,162,rectangle_java2.jpg,rectangle_java2.jpg,2619759746,68,980.685294117647,780.084705882353,932.5,766,100,21,rect2.area,10,class->block->function->block->block_content->expr_stmt->expr->call->argument_list->argument->expr->call->name->name->operator->name,
2,162,rectangle_java2.jpg,rectangle_java2.jpg,2619983720,168,976.4885714285714,783.2071428571429,932.5,766,100,21,rect2.area,10,class->block->function->block->block_content->expr_stmt->expr->call->argument_list->argument->expr->call->name->name->operator->name,
2,162,rectangle_java2.jpg,rectangle_java2.jpg,2620079686,56,1135.0721428571428,723.6564285714286,1134.5,731,22,20,10,2,class->block->function->block->block_content->decl_stmt->decl->init->expr->call->argument_list->argument->expr->literal,
2,162,rectangle_java2.jpg,rectangle_java2.jpg,2620303718,220,1144.694,721.7981818181818,1134.5,731,22,20,10,2,class->block->function->block->block_content->decl_stmt->decl->init->expr->call->argument_list->argument->expr->literal,
2,162,rectangle_java2.jpg,rectangle_java2.jpg,2620515709,208,1145.463653846154,723.4411538461538,1134.5,731,22,20,10,2,class->block->function->block->block_content->decl_stmt->decl->init->expr->call->argument_list->argument->expr->literal,
2,162,rectangle_java2.jpg,rectangle_java2.jpg,2622575505,76,1100.0184210526315,733.4431578947368,1095.5,731,13,20,5,1,class->block->function->block->block_content->decl_stmt->decl->init->expr->call->argument_list->argument->expr->literal,
2,162,rectangle_java2.jpg,rectangle_java2.jpg,2622903642,268,1101.929701492537,731.4802985074626,1095.5,731,13,20,5,1,class->block->function->block->block_content->decl_stmt->decl->init->expr->call->argument_list->argument->expr->literal,
2,162,rectangle_java2.jpg,rectangle_java2.jpg,2622967516,60,1099.948666666667,721.2773333333333,1095.5,731,13,20,5,1,class->block->function->block->block_content->decl_stmt->decl->init->expr->call->argument_list->argument->expr->literal,
2,162,rectangle_java2.jpg,rectangle_java2.jpg,2623135285,88,1065.02,736.6295454545455,1057.5,731,13,20,5,1,class->block->function->block->block_content->decl_stmt->decl->init->expr->call->argument_list->argument->expr->literal,
2,162,rectangle_java2.jpg,rectangle_java2.jpg,2623135285,88,1065.02,736.6295454545455,1077.5,731,9,20,"""","""",1,class->block->function->block->block_content->decl_stmt->decl->init->expr->call->argument_list
2,162,rectangle_java2.jpg,rectangle_java2.jpg,2623371431,204,934.3449019607845,743.2603921568627,902.5,731,34,20,new,3,class->block->function->block->block_content->decl_stmt->decl->init->expr->operator,
2,162,rectangle_java2.jpg,rectangle_java2.jpg,2623371431,204,934.3449019607845,743.2603921568627,941.5,731,91,20,Rectangle,9,class->block->function->block->block_content->decl_stmt->decl->init->expr->call->name,
2,162,rectangle_java2.jpg,rectangle_java2.jpg,2623431440,56,934.9842857142858,743.6285714285714,902.5,731,34,20,new,3,class->block->function->block->block_content->decl_stmt->decl->init->expr->operator,
2,162,rectangle_java2.jpg,rectangle_java2.jpg,2623431440,56,934.9842857142858,743.6285714285714,941.5,731,91,20,Rectangle,9,class->block->function->block->block_content->decl_stmt->decl->init->expr->call->name,
2,162,rectangle_java2.jpg,rectangle_java2.jpg,2623515449,80,945.361,765.456,932.5,766,100,21,rect2.area,10,class->block->function->block->block_content->expr_stmt->expr->call->argument_list->argument->expr->call->name->name->operator->name,
2,162,rectangle_java2.jpg,rectangle_java2.jpg,2623583462,64,948.6325,772.8175,932.5,766,100,21,rect2.area,10,class->block->function->block->block_content->expr_stmt->expr->call->argument_list->argument->expr->call->name->name->operator->name,
2,162,rectangle_java2.jpg,rectangle_java2.jpg,2623759458,76,723.2984210526316,782.7236842105264,730.5,766,177,21,System.out.println,18,class->block->function->block->block_content->expr_stmt->expr->call->name->name->operator->name->operator->name,
2,162,rectangle_java2.jpg,rectangle_java2.jpg,2623999400,164,726.4782926829268,219.1609756097561,715.5,222,90,21,Rectangle,9,class->name,
2,162,rectangle_java2.jpg,rectangle_java2.jpg,2624259383,100,859.5308,278.4024,863.5,259,10,21,"""","""",1,class->block->decl_stmt
2,162,rectangle_java2.jpg,rectangle_java2.jpg,2624331344,68,859.7311764705883,265.25823529411764,863.5,259,10,21,"""","""",1,class->block->decl_stmt
2,162,rectangle_java2.jpg,rectangle_java2.jpg,2624727421,88,1020.0231818181818,778.8890909090909,932.5,766,100,21,rect2.area,10,class->block->function->block->block_content->expr_stmt->expr->call->argument_list->argument->expr->call->name->name->operator->name,
2,162,rectangle_java2.jpg,rectangle_java2.jpg,2625523200,352,1090.1505681818182,782.3396590909091,1096.5,766,10,21,;,1,class->block->function->block->block_content->expr_stmt,
2,162,rectangle_java2.jpg,rectangle_java2.jpg,2628123119,140,825.9794285714286,344.2111428571429,826.5,331,23,19,x1,2,class->block->constructor->block->block_content->expr_stmt->expr->name->name,
2,162,rectangle_java2.jpg,rectangle_java2.jpg,2628187147,60,815.5526666666667,341.8306666666667,806.5,331,15,19,=,1,class->block->constructor->block->block_content->expr_stmt->expr->operator,
2,162,rectangle_java2.jpg,rectangle_java2.jpg,2628187147,60,815.5526666666667,341.8306666666667,826.5,331,23,19,x1,2,class->block->constructor->block->block_content->expr_stmt->expr->name->name,
2,162,rectangle_java2.jpg,rectangle_java2.jpg,2629655065,136,985.6620588235294,521.2938235294117,958.5,512,71,21,this.x2,7,class->block->function->block->block_content->return->expr->name->name->operator->name->operator,
2,162,rectangle_java2.jpg,rectangle_java2.jpg,2630379002,116,1188.7455172413793,747.818275862069,1182.5,731,22,20,10,2,class->block->function->block->block_content->decl_stmt->decl->init->expr->call->argument_list->argument->expr->literal,
2,162,rectangle_java2.jpg,rectangle_java2.jpg,2630622935,56,1174.2235714285714,664.8621428571429,1182.5,658,22,20,10,2,class->block->function->block->block_content->decl_stmt->decl->init->expr->call->argument_list->argument->expr->literal,
2,162,rectangle_java2.jpg,rectangle_java2.jpg,2632646678,56,1187.462857142857,661.47,1182.5,658,22,20,10,2,class->block->function->block->block_content->decl_stmt->decl->init->expr->call->argument_list->argument->expr->literal,
2,162,rectangle_java2.jpg,rectangle_java2.jpg,2632706716,56,1193.3085714285714,666.8435714285714,1182.5,658,22,20,10,2,class->block->function->block->block_content->decl_stmt->decl->init->expr->call->argument_list->argument->expr->literal,
2,162,rectangle_java2.jpg,rectangle_java2.jpg,2632782736,72,1197.9005555555557,670.7188888888888,1182.5,658,22,20,10,2,class->block->function->block->block_content->decl_stmt->decl->init->expr->call->argument_list->argument->expr->literal,
2,162,rectangle_java2.jpg,rectangle_java2.jpg,2632886748,56,1205.8335714285715,657.9321428571428,1211.5,658,9,20,),1,class->block->function->block->block_content->decl_stmt->decl->init->expr->call->argument_list,
2,162,rectangle_java2.jpg,rectangle_java2.jpg,2633438796,64,750.8475,669.879375,730.5,658,91,20,Rectangle,9,class->block->function->block->block_content->decl_stmt->decl->type->name,
2,162,rectangle_java2.jpg,rectangle_java2.jpg,2633514776,72,758.3616666666667,659.0761111111111,730.5,658,91,20,Rectangle,9,class->block->function->block->block_content->decl_stmt->decl->type->name,
2,162,rectangle_java2.jpg,rectangle_java2.jpg,2634174737,104,1128.7653846153846,726.4861538461538,1134.5,731,22,20,10,2,class->block->function->block->block_content->decl_stmt->decl->init->expr->call->argument_list->argument->expr->literal,
2,162,rectangle_java2.jpg,rectangle_java2.jpg,2634318506,88,1198.55,741.9545454545455,1182.5,731,22,20,10,2,class->block->function->block->block_content->decl_stmt->decl->init->expr->call->argument_list->argument->expr->literal,
2,162,rectangle_java2.jpg,rectangle_java2.jpg,2634378466,56,1210.9642857142858,740.2885714285715,1211.5,731,9,20,),1,class->block->function->block->block_content->decl_stmt->decl->init->expr->call->argument_list,
2,162,rectangle_java2.jpg,rectangle_java2.jpg,2634442492,60,1181.496,737.032,1182.5,731,22,20,10,2,class->block->function->block->block_content->decl_stmt->decl->init->expr->call->argument_list->argument->expr->literal,
2,162,rectangle_java2.jpg,rectangle_java2.jpg,2634614586,76,1181.615789473684,731.0026315789473,1182.5,731,22,20,10,2,class->block->function->block->block_content->decl_stmt->decl->init->expr->call->argument_list->argument->expr->literal,
2,162,rectangle_java2.jpg,rectangle_java2.jpg,2634722733,60,1195.178666666667,734.9046666666667,1182.5,731,22,20,10,2,class->block->function->block->block_content->decl_stmt->decl->init->expr->call->argument_list->argument->expr->literal,
