trial,participant,code_file,code_language,timestamp,duration,x_cord,y_cord,aoi_x,aoi_y,aoi_width,aoi_height,token,length,srcML,
2,165,rectangle_java2.jpg,rectangle_java2.jpg,820586098,180,791.2606666666667,270.96844444444446,785.5,259,23,21,x1,2,class->block->decl_stmt->decl->name,
2,165,rectangle_java2.jpg,rectangle_java2.jpg,820677936,88,786.0136363636364,273.2559090909091,785.5,259,23,21,x1,2,class->block->decl_stmt->decl->name,
2,165,rectangle_java2.jpg,rectangle_java2.jpg,820865870,140,663.208,240.19228571428573,657.5,222,52,21,class,5,class,
2,165,rectangle_java2.jpg,rectangle_java2.jpg,820961942,64,629.9075,236.32,589.5,222,63,21,public,6,class->specifier,
2,165,rectangle_java2.jpg,rectangle_java2.jpg,821078031,112,631.7596428571429,222.3882142857143,589.5,222,63,21,public,6,class->specifier,
2,165,rectangle_java2.jpg,rectangle_java2.jpg,821174079,92,627.5617391304348,229.28,589.5,222,63,21,public,6,class->specifier,
2,165,rectangle_java2.jpg,rectangle_java2.jpg,821282103,92,719.2826086956521,238.20130434782607,715.5,222,90,21,Rectangle,9,class->name,
2,165,rectangle_java2.jpg,rectangle_java2.jpg,821394101,108,725.7255555555555,238.74740740740745,715.5,222,90,21,Rectangle,9,class->name,
2,165,rectangle_java2.jpg,rectangle_java2.jpg,821658110,64,719.926875,227.91625,715.5,222,90,21,Rectangle,9,class->name,
2,165,rectangle_java2.jpg,rectangle_java2.jpg,821790269,128,717.4078125,237.9171875,715.5,222,90,21,Rectangle,9,class->name,
2,165,rectangle_java2.jpg,rectangle_java2.jpg,821962136,168,689.7871428571428,234.07880952380955,657.5,222,52,21,class,5,class,
2,165,rectangle_java2.jpg,rectangle_java2.jpg,822169999,204,682.2601960784314,235.93960784313725,657.5,222,52,21,class,5,class,
2,165,rectangle_java2.jpg,rectangle_java2.jpg,822341967,136,639.0829411764706,224.24264705882356,589.5,222,63,21,public,6,class->specifier,
2,165,rectangle_java2.jpg,rectangle_java2.jpg,822433951,88,642.7018181818182,215.2813636363636,589.5,222,63,21,public,6,class->specifier,
2,165,rectangle_java2.jpg,rectangle_java2.jpg,822937984,224,784.5316071428572,242.88857142857145,715.5,222,90,21,Rectangle,9,class->name,
2,165,rectangle_java2.jpg,rectangle_java2.jpg,823058151,116,785.6989655172414,251.38655172413792,785.5,259,23,21,x1,2,class->block->decl_stmt->decl->name,
2,165,rectangle_java2.jpg,rectangle_java2.jpg,823290146,176,770.1515909090909,262.9927272727273,747.5,259,33,21,int,3,class->block->decl_stmt->decl->type->name,
2,165,rectangle_java2.jpg,rectangle_java2.jpg,823425942,120,832.7163333333333,271.89733333333334,833.5,259,23,21,y1,2,class->block->decl_stmt->decl->name,
2,165,rectangle_java2.jpg,rectangle_java2.jpg,823493936,64,835.62375,277.8075,833.5,259,23,21,y1,2,class->block->decl_stmt->decl->name,
2,165,rectangle_java2.jpg,rectangle_java2.jpg,823713890,196,765.3644897959184,277.9483673469388,747.5,259,33,21,int,3,class->block->decl_stmt->decl->type->name,
2,165,rectangle_java2.jpg,rectangle_java2.jpg,823861807,132,708.7324242424243,278.3424242424242,669.5,259,72,21,private,7,class->block->decl_stmt->decl->type->specifier,
2,165,rectangle_java2.jpg,rectangle_java2.jpg,823981809,116,706.6444827586207,276.08310344827584,669.5,259,72,21,private,7,class->block->decl_stmt->decl->type->specifier,
2,165,rectangle_java2.jpg,rectangle_java2.jpg,824329877,300,779.4658666666667,266.0972,747.5,259,33,21,int,3,class->block->decl_stmt->decl->type->name,
2,165,rectangle_java2.jpg,rectangle_java2.jpg,824329877,300,779.4658666666667,266.0972,785.5,259,23,21,x1,2,class->block->decl_stmt->decl->name,
2,165,rectangle_java2.jpg,rectangle_java2.jpg,824413855,80,808.891,274.6205,815.5,259,10,21,"""","""",1,class->block->decl_stmt
2,165,rectangle_java2.jpg,rectangle_java2.jpg,824517830,100,803.1896,267.1784,785.5,259,23,21,x1,2,class->block->decl_stmt->decl->name,
2,165,rectangle_java2.jpg,rectangle_java2.jpg,824517830,100,803.1896,267.1784,815.5,259,10,21,"""","""",1,class->block->decl_stmt
2,165,rectangle_java2.jpg,rectangle_java2.jpg,824817821,296,811.2122972972973,274.14635135135137,815.5,259,10,21,"""","""",1,class->block->decl_stmt
2,165,rectangle_java2.jpg,rectangle_java2.jpg,824937840,116,784.3348275862069,268.63241379310347,785.5,259,23,21,x1,2,class->block->decl_stmt->decl->name,
2,165,rectangle_java2.jpg,rectangle_java2.jpg,825117857,176,785.5906818181818,272.7572727272727,785.5,259,23,21,x1,2,class->block->decl_stmt->decl->name,
2,165,rectangle_java2.jpg,rectangle_java2.jpg,825401528,96,836.3641666666666,265.9125,833.5,259,23,21,y1,2,class->block->decl_stmt->decl->name,
2,165,rectangle_java2.jpg,rectangle_java2.jpg,825654092,64,811.7112500000001,291.633125,737.5,295,91,21,Rectangle,9,class->block->constructor->name,
2,165,rectangle_java2.jpg,rectangle_java2.jpg,825745897,88,801.8913636363636,276.97727272727275,785.5,259,23,21,x1,2,class->block->decl_stmt->decl->name,
2,165,rectangle_java2.jpg,rectangle_java2.jpg,825853705,56,849.3557142857143,285.36642857142857,853.5,295,32,21,int,3,class->block->constructor->parameter_list->parameter->decl->type->name,
2,165,rectangle_java2.jpg,rectangle_java2.jpg,826041663,184,855.6245652173913,301.3091304347826,853.5,295,32,21,int,3,class->block->constructor->parameter_list->parameter->decl->type->name,
2,165,rectangle_java2.jpg,rectangle_java2.jpg,826349824,304,854.4119736842106,294.3465789473684,853.5,295,32,21,int,3,class->block->constructor->parameter_list->parameter->decl->type->name,
2,165,rectangle_java2.jpg,rectangle_java2.jpg,826525706,172,887.4081395348837,291.98837209302326,890.5,295,24,21,x1,2,class->block->constructor->parameter_list->parameter->decl->type->name,
2,165,rectangle_java2.jpg,rectangle_java2.jpg,826589674,60,892.8773333333334,282.5973333333333,890.5,295,24,21,x1,2,class->block->constructor->parameter_list->parameter->decl->type->name,
2,165,rectangle_java2.jpg,rectangle_java2.jpg,826845622,212,851.528679245283,292.7081132075472,853.5,295,32,21,int,3,class->block->constructor->parameter_list->parameter->decl->type->name,
2,165,rectangle_java2.jpg,rectangle_java2.jpg,826937502,88,809.2254545454546,292.57863636363635,737.5,295,91,21,Rectangle,9,class->block->constructor->name,
2,165,rectangle_java2.jpg,rectangle_java2.jpg,827209479,268,802.1365671641792,287.7089552238806,737.5,295,91,21,Rectangle,9,class->block->constructor->name,
2,165,rectangle_java2.jpg,rectangle_java2.jpg,827285557,72,796.6183333333333,278.41277777777776,785.5,259,23,21,x1,2,class->block->decl_stmt->decl->name,
2,165,rectangle_java2.jpg,rectangle_java2.jpg,827361654,72,737.6233333333333,271.62833333333333,669.5,259,72,21,private,7,class->block->decl_stmt->decl->type->specifier,
2,165,rectangle_java2.jpg,rectangle_java2.jpg,827361654,72,737.6233333333333,271.62833333333333,747.5,259,33,21,int,3,class->block->decl_stmt->decl->type->name,
2,165,rectangle_java2.jpg,rectangle_java2.jpg,827709735,100,700.4612,276.4416,669.5,259,72,21,private,7,class->block->decl_stmt->decl->type->specifier,
2,165,rectangle_java2.jpg,rectangle_java2.jpg,827941578,120,842.5833333333334,257.10133333333334,833.5,259,23,21,y1,2,class->block->decl_stmt->decl->name,
2,165,rectangle_java2.jpg,rectangle_java2.jpg,828277680,280,868.0557142857143,276.0261428571429,863.5,259,10,21,"""","""",1,class->block->decl_stmt
2,165,rectangle_java2.jpg,rectangle_java2.jpg,828349644,68,876.9541176470589,250.33294117647063,881.5,259,23,21,x2,2,class->block->decl_stmt->decl->name,
2,165,rectangle_java2.jpg,rectangle_java2.jpg,828437602,84,865.8633333333333,264.0252380952381,863.5,259,10,21,"""","""",1,class->block->decl_stmt
2,165,rectangle_java2.jpg,rectangle_java2.jpg,828913535,172,813.0979069767442,288.9020930232558,737.5,295,91,21,Rectangle,9,class->block->constructor->name,
2,165,rectangle_java2.jpg,rectangle_java2.jpg,829085405,168,811.1716666666666,282.84333333333336,737.5,295,91,21,Rectangle,9,class->block->constructor->name,
2,165,rectangle_java2.jpg,rectangle_java2.jpg,829333426,160,741.9005,273.535,747.5,259,33,21,int,3,class->block->decl_stmt->decl->type->name,
2,165,rectangle_java2.jpg,rectangle_java2.jpg,829437460,100,716.734,291.7028,669.5,295,63,21,public,6,class->block->constructor->specifier,
2,165,rectangle_java2.jpg,rectangle_java2.jpg,829573448,132,715.6315151515151,293.0851515151515,669.5,295,63,21,public,6,class->block->constructor->specifier,
2,165,rectangle_java2.jpg,rectangle_java2.jpg,829693466,80,766.273,270.563,747.5,259,33,21,int,3,class->block->decl_stmt->decl->type->name,
2,165,rectangle_java2.jpg,rectangle_java2.jpg,829797475,100,774.032,277.5896,747.5,259,33,21,int,3,class->block->decl_stmt->decl->type->name,
2,165,rectangle_java2.jpg,rectangle_java2.jpg,829797475,100,774.032,277.5896,785.5,259,23,21,x1,2,class->block->decl_stmt->decl->name,
2,165,rectangle_java2.jpg,rectangle_java2.jpg,829905570,56,711.09,279.12714285714287,669.5,259,72,21,private,7,class->block->decl_stmt->decl->type->specifier,
2,165,rectangle_java2.jpg,rectangle_java2.jpg,830041700,132,713.4978787878788,279.6033333333333,669.5,259,72,21,private,7,class->block->decl_stmt->decl->type->specifier,
2,165,rectangle_java2.jpg,rectangle_java2.jpg,830133512,64,817.2175,265.4325,815.5,259,10,21,"""","""",1,class->block->decl_stmt
2,165,rectangle_java2.jpg,rectangle_java2.jpg,830209335,72,821.9877777777778,268.8283333333333,815.5,259,10,21,"""","""",1,class->block->decl_stmt
2,165,rectangle_java2.jpg,rectangle_java2.jpg,830209335,72,821.9877777777778,268.8283333333333,833.5,259,23,21,y1,2,class->block->decl_stmt->decl->name,
2,165,rectangle_java2.jpg,rectangle_java2.jpg,830337274,124,810.2274193548387,287.87612903225806,737.5,295,91,21,Rectangle,9,class->block->constructor->name,
2,165,rectangle_java2.jpg,rectangle_java2.jpg,830637267,216,873.7137037037037,296.04092592592593,853.5,295,32,21,int,3,class->block->constructor->parameter_list->parameter->decl->type->name,
2,165,rectangle_java2.jpg,rectangle_java2.jpg,830865302,224,863.4289285714285,289.14625,853.5,295,32,21,int,3,class->block->constructor->parameter_list->parameter->decl->type->name,
2,165,rectangle_java2.jpg,rectangle_java2.jpg,831033229,76,905.4384210526316,277.05,911.5,259,10,21,"""","""",1,class->block->decl_stmt
2,165,rectangle_java2.jpg,rectangle_java2.jpg,831229209,192,908.014375,279.7754166666667,911.5,259,10,21,"""","""",1,class->block->decl_stmt
2,165,rectangle_java2.jpg,rectangle_java2.jpg,831573752,292,931.6320547945204,299.7550684931507,939.5,295,33,21,int,3,class->block->constructor->parameter_list->parameter->decl->type->name,
2,165,rectangle_java2.jpg,rectangle_java2.jpg,831880962,232,845.4920689655172,290.93155172413793,837.5,295,9,21,(,1,class->block->constructor->parameter_list,
2,165,rectangle_java2.jpg,rectangle_java2.jpg,831880962,232,845.4920689655172,290.93155172413793,853.5,295,32,21,int,3,class->block->constructor->parameter_list->parameter->decl->type->name,
2,165,rectangle_java2.jpg,rectangle_java2.jpg,832069038,152,803.8742105263158,272.6665789473684,785.5,259,23,21,x1,2,class->block->decl_stmt->decl->name,
2,165,rectangle_java2.jpg,rectangle_java2.jpg,832069038,152,803.8742105263158,272.6665789473684,815.5,259,10,21,"""","""",1,class->block->decl_stmt
2,165,rectangle_java2.jpg,rectangle_java2.jpg,832245138,132,765.0081818181818,269.4281818181818,747.5,259,33,21,int,3,class->block->decl_stmt->decl->type->name,
2,165,rectangle_java2.jpg,rectangle_java2.jpg,832321130,72,788.755,278.0827777777778,785.5,259,23,21,x1,2,class->block->decl_stmt->decl->name,
2,165,rectangle_java2.jpg,rectangle_java2.jpg,832669151,256,853.76203125,279.79390625,833.5,259,23,21,y1,2,class->block->decl_stmt->decl->name,
2,165,rectangle_java2.jpg,rectangle_java2.jpg,832669151,256,853.76203125,279.79390625,863.5,259,10,21,"""","""",1,class->block->decl_stmt
2,165,rectangle_java2.jpg,rectangle_java2.jpg,832981154,256,721.18546875,308.35140625,669.5,295,63,21,public,6,class->block->constructor->specifier,
2,165,rectangle_java2.jpg,rectangle_java2.jpg,833057171,64,783.545,295.93875,737.5,295,91,21,Rectangle,9,class->block->constructor->name,
2,165,rectangle_java2.jpg,rectangle_java2.jpg,833189216,128,788.5934375,295.486875,737.5,295,91,21,Rectangle,9,class->block->constructor->name,
2,165,rectangle_java2.jpg,rectangle_java2.jpg,833417045,224,774.1708928571428,288.61589285714285,737.5,295,91,21,Rectangle,9,class->block->constructor->name,
2,165,rectangle_java2.jpg,rectangle_java2.jpg,833620976,144,837.963611111111,301.7111111111111,837.5,295,9,21,(,1,class->block->constructor->parameter_list,
2,165,rectangle_java2.jpg,rectangle_java2.jpg,833925037,260,887.4946153846154,294.0613846153846,890.5,295,24,21,x1,2,class->block->constructor->parameter_list->parameter->decl->type->name,
2,165,rectangle_java2.jpg,rectangle_java2.jpg,834276960,348,912.807816091954,295.8905747126437,890.5,295,24,21,x1,2,class->block->constructor->parameter_list->parameter->decl->type->name,
2,165,rectangle_java2.jpg,rectangle_java2.jpg,834276960,348,912.807816091954,295.8905747126437,921.5,295,9,21,"""","""",1,class->block->constructor->parameter_list
2,165,rectangle_java2.jpg,rectangle_java2.jpg,834440923,136,965.2558823529412,313.6679411764706,939.5,295,33,21,int,3,class->block->constructor->parameter_list->parameter->decl->type->name,
2,165,rectangle_java2.jpg,rectangle_java2.jpg,834440923,136,965.2558823529412,313.6679411764706,977.5,295,23,21,y1,2,class->block->constructor->parameter_list->parameter->decl->type->name,
2,165,rectangle_java2.jpg,rectangle_java2.jpg,834585015,140,963.8077142857144,307.58142857142855,939.5,295,33,21,int,3,class->block->constructor->parameter_list->parameter->decl->type->name,
2,165,rectangle_java2.jpg,rectangle_java2.jpg,835060867,436,1000.0833027522935,306.1030275229358,977.5,295,23,21,y1,2,class->block->constructor->parameter_list->parameter->decl->type->name,
2,165,rectangle_java2.jpg,rectangle_java2.jpg,835060867,436,1000.0833027522935,306.1030275229358,1007.5,295,10,21,"""","""",1,class->block->constructor->parameter_list
2,165,rectangle_java2.jpg,rectangle_java2.jpg,835336894,124,965.1554838709676,307.6051612903226,939.5,295,33,21,int,3,class->block->constructor->parameter_list->parameter->decl->type->name,
2,165,rectangle_java2.jpg,rectangle_java2.jpg,835336894,124,965.1554838709676,307.6051612903226,977.5,295,23,21,y1,2,class->block->constructor->parameter_list->parameter->decl->type->name,
2,165,rectangle_java2.jpg,rectangle_java2.jpg,835581021,216,891.1353703703703,301.9592592592593,890.5,295,24,21,x1,2,class->block->constructor->parameter_list->parameter->decl->type->name,
2,165,rectangle_java2.jpg,rectangle_java2.jpg,835776905,192,894.8483333333334,294.6925,890.5,295,24,21,x1,2,class->block->constructor->parameter_list->parameter->decl->type->name,
2,165,rectangle_java2.jpg,rectangle_java2.jpg,836060914,280,912.6597142857142,299.64714285714285,890.5,295,24,21,x1,2,class->block->constructor->parameter_list->parameter->decl->type->name,
2,165,rectangle_java2.jpg,rectangle_java2.jpg,836060914,280,912.6597142857142,299.64714285714285,921.5,295,9,21,"""","""",1,class->block->constructor->parameter_list
2,165,rectangle_java2.jpg,rectangle_java2.jpg,836252969,180,1016.1462222222224,303.48977777777776,1007.5,295,10,21,"""","""",1,class->block->constructor->parameter_list
2,165,rectangle_java2.jpg,rectangle_java2.jpg,836252969,180,1016.1462222222224,303.48977777777776,1025.5,295,33,21,int,3,class->block->constructor->parameter_list->parameter->decl->type->name,
2,165,rectangle_java2.jpg,rectangle_java2.jpg,836316831,60,1050.5593333333334,296.468,1025.5,295,33,21,int,3,class->block->constructor->parameter_list->parameter->decl->type->name,
2,165,rectangle_java2.jpg,rectangle_java2.jpg,836396659,76,1055.0305263157895,308.98052631578946,1025.5,295,33,21,int,3,class->block->constructor->parameter_list->parameter->decl->type->name,
2,165,rectangle_java2.jpg,rectangle_java2.jpg,836396659,76,1055.0305263157895,308.98052631578946,1063.5,295,23,21,x2,2,class->block->constructor->parameter_list->parameter->decl->type->name,
2,165,rectangle_java2.jpg,rectangle_java2.jpg,836456615,56,1049.2478571428571,294.43642857142856,1025.5,295,33,21,int,3,class->block->constructor->parameter_list->parameter->decl->type->name,
2,165,rectangle_java2.jpg,rectangle_java2.jpg,836560761,100,1059.1076,300.3388,1063.5,295,23,21,x2,2,class->block->constructor->parameter_list->parameter->decl->type->name,
2,165,rectangle_java2.jpg,rectangle_java2.jpg,836720833,156,1068.6805128205128,286.3797435897436,1063.5,295,23,21,x2,2,class->block->constructor->parameter_list->parameter->decl->type->name,
2,165,rectangle_java2.jpg,rectangle_java2.jpg,836872789,120,1148.9203333333332,293.343,1150.5,295,23,21,y2,2,class->block->constructor->parameter_list->parameter->decl->type->name,
2,165,rectangle_java2.jpg,rectangle_java2.jpg,837164804,164,1149.3831707317074,287.28195121951217,1150.5,295,23,21,y2,2,class->block->constructor->parameter_list->parameter->decl->type->name,
2,165,rectangle_java2.jpg,rectangle_java2.jpg,837328770,96,851.4879166666667,344.23041666666666,856.5,331,10,19,;,1,class->block->constructor->block->block_content->expr_stmt,
2,165,rectangle_java2.jpg,rectangle_java2.jpg,837968562,64,1072.01875,298.08375,1063.5,295,23,21,x2,2,class->block->constructor->parameter_list->parameter->decl->type->name,
2,165,rectangle_java2.jpg,rectangle_java2.jpg,838068465,68,793.1964705882353,328.2335294117647,730.5,331,71,19,this.x1,7,class->block->constructor->block->block_content->expr_stmt->expr->name->name->operator->name,
2,165,rectangle_java2.jpg,rectangle_java2.jpg,838220619,148,782.4924324324325,333.20027027027027,730.5,331,71,19,this.x1,7,class->block->constructor->block->block_content->expr_stmt->expr->name->name->operator->name,
2,165,rectangle_java2.jpg,rectangle_java2.jpg,838396713,172,781.2860465116279,318.94348837209304,730.5,331,71,19,this.x1,7,class->block->constructor->block->block_content->expr_stmt->expr->name->name->operator->name,
2,165,rectangle_java2.jpg,rectangle_java2.jpg,838588669,156,825.8928205128205,326.36205128205125,826.5,331,23,19,x1,2,class->block->constructor->block->block_content->expr_stmt->expr->name->name,
2,165,rectangle_java2.jpg,rectangle_java2.jpg,838720724,80,843.453,345.2625,826.5,331,23,19,x1,2,class->block->constructor->block->block_content->expr_stmt->expr->name->name,
2,165,rectangle_java2.jpg,rectangle_java2.jpg,838784784,60,855.224,346.48,856.5,331,10,19,;,1,class->block->constructor->block->block_content->expr_stmt,
2,165,rectangle_java2.jpg,rectangle_java2.jpg,838944720,116,771.7703448275862,322.0206896551724,730.5,331,71,19,this.x1,7,class->block->constructor->block->block_content->expr_stmt->expr->name->name->operator->name,
2,165,rectangle_java2.jpg,rectangle_java2.jpg,839212675,104,770.8157692307692,327.79346153846154,730.5,331,71,19,this.x1,7,class->block->constructor->block->block_content->expr_stmt->expr->name->name->operator->name,
2,165,rectangle_java2.jpg,rectangle_java2.jpg,839500582,112,806.0367857142858,341.01642857142855,806.5,331,15,19,=,1,class->block->constructor->block->block_content->expr_stmt->expr->operator,
2,165,rectangle_java2.jpg,rectangle_java2.jpg,839568553,64,800.45875,327.296875,730.5,331,71,19,this.x1,7,class->block->constructor->block->block_content->expr_stmt->expr->name->name->operator->name,
2,165,rectangle_java2.jpg,rectangle_java2.jpg,839568553,64,800.45875,327.296875,806.5,331,15,19,=,1,class->block->constructor->block->block_content->expr_stmt->expr->operator,
2,165,rectangle_java2.jpg,rectangle_java2.jpg,839820483,156,733.1492307692307,450.0276923076923,730.5,440,71,21,this.y2,7,class->block->constructor->block->block_content->expr_stmt->expr->name->name->operator->name,
2,165,rectangle_java2.jpg,rectangle_java2.jpg,840184505,176,830.8702272727272,330.53477272727275,826.5,331,23,19,x1,2,class->block->constructor->block->block_content->expr_stmt->expr->name->name,
2,165,rectangle_java2.jpg,rectangle_java2.jpg,840296501,108,824.532962962963,325.3059259259259,826.5,331,23,19,x1,2,class->block->constructor->block->block_content->expr_stmt->expr->name->name,
2,165,rectangle_java2.jpg,rectangle_java2.jpg,840484538,184,829.5986956521739,330.9352173913043,826.5,331,23,19,x1,2,class->block->constructor->block->block_content->expr_stmt->expr->name->name,
2,165,rectangle_java2.jpg,rectangle_java2.jpg,840596547,108,798.6788888888889,330.46,730.5,331,71,19,this.x1,7,class->block->constructor->block->block_content->expr_stmt->expr->name->name->operator->name,
2,165,rectangle_java2.jpg,rectangle_java2.jpg,840596547,108,798.6788888888889,330.46,806.5,331,15,19,=,1,class->block->constructor->block->block_content->expr_stmt->expr->operator,
2,165,rectangle_java2.jpg,rectangle_java2.jpg,840996401,396,797.1878787878787,323.65666666666664,730.5,331,71,19,this.x1,7,class->block->constructor->block->block_content->expr_stmt->expr->name->name->operator->name,
2,165,rectangle_java2.jpg,rectangle_java2.jpg,840996401,396,797.1878787878787,323.65666666666664,806.5,331,15,19,=,1,class->block->constructor->block->block_content->expr_stmt->expr->operator,
2,165,rectangle_java2.jpg,rectangle_java2.jpg,841224254,224,799.9,320.5519642857143,730.5,331,71,19,this.x1,7,class->block->constructor->block->block_content->expr_stmt->expr->name->name->operator->name,
2,165,rectangle_java2.jpg,rectangle_java2.jpg,841224254,224,799.9,320.5519642857143,806.5,331,15,19,=,1,class->block->constructor->block->block_content->expr_stmt->expr->operator,
2,165,rectangle_java2.jpg,rectangle_java2.jpg,841296355,68,810.4741176470588,343.6823529411765,806.5,331,15,19,=,1,class->block->constructor->block->block_content->expr_stmt->expr->operator,
2,165,rectangle_java2.jpg,rectangle_java2.jpg,841588700,232,812.8867241379311,362.9029310344828,806.5,367,15,21,=,1,class->block->constructor->block->block_content->expr_stmt->expr->operator,
2,165,rectangle_java2.jpg,rectangle_java2.jpg,841860402,120,831.4783333333334,355.11633333333333,826.5,367,23,21,y1,2,class->block->constructor->block->block_content->expr_stmt->expr->name->name,
2,165,rectangle_java2.jpg,rectangle_java2.jpg,842056359,192,836.3841666666666,360.68395833333335,826.5,367,23,21,y1,2,class->block->constructor->block->block_content->expr_stmt->expr->name->name,
2,165,rectangle_java2.jpg,rectangle_java2.jpg,842336317,88,833.7018181818182,331.3704545454545,826.5,331,23,19,x1,2,class->block->constructor->block->block_content->expr_stmt->expr->name->name,
2,165,rectangle_java2.jpg,rectangle_java2.jpg,842616287,248,863.4666129032258,301.4353225806452,853.5,295,32,21,int,3,class->block->constructor->parameter_list->parameter->decl->type->name,
2,165,rectangle_java2.jpg,rectangle_java2.jpg,842836043,168,829.4754761904762,369.7714285714285,826.5,367,23,21,y1,2,class->block->constructor->block->block_content->expr_stmt->expr->name->name,
2,165,rectangle_java2.jpg,rectangle_java2.jpg,842944098,72,795.785,391.8305555555556,730.5,404,71,19,this.x2,7,class->block->constructor->block->block_content->expr_stmt->expr->name->name->operator->name,
2,165,rectangle_java2.jpg,rectangle_java2.jpg,842944098,72,795.785,391.8305555555556,806.5,404,15,19,=,1,class->block->constructor->block->block_content->expr_stmt->expr->operator,
2,165,rectangle_java2.jpg,rectangle_java2.jpg,843140196,192,787.7491666666666,403.97229166666665,730.5,404,71,19,this.x2,7,class->block->constructor->block->block_content->expr_stmt->expr->name->name->operator->name,
2,165,rectangle_java2.jpg,rectangle_java2.jpg,843384310,200,743.8706,450.7806000000001,730.5,440,71,21,this.y2,7,class->block->constructor->block->block_content->expr_stmt->expr->name->name->operator->name,
2,165,rectangle_java2.jpg,rectangle_java2.jpg,844592088,68,813.3752941176471,340.5305882352941,806.5,331,15,19,=,1,class->block->constructor->block->block_content->expr_stmt->expr->operator,
2,165,rectangle_java2.jpg,rectangle_java2.jpg,844808038,212,811.4156603773584,360.59169811320754,806.5,367,15,21,=,1,class->block->constructor->block->block_content->expr_stmt->expr->operator,
2,165,rectangle_java2.jpg,rectangle_java2.jpg,844872041,60,788.9413333333333,377.5053333333333,730.5,367,71,21,this.y1,7,class->block->constructor->block->block_content->expr_stmt->expr->name->name->operator->name,
2,165,rectangle_java2.jpg,rectangle_java2.jpg,845356155,172,784.2660465116279,377.6793023255814,730.5,367,71,21,this.y1,7,class->block->constructor->block->block_content->expr_stmt->expr->name->name->operator->name,
2,165,rectangle_java2.jpg,rectangle_java2.jpg,858295019,152,1007.075,526.9410526315789,958.5,512,71,21,this.x2,7,class->block->function->block->block_content->return->expr->name->name->operator->name->operator,
2,165,rectangle_java2.jpg,rectangle_java2.jpg,858686943,164,724.410731707317,547.6407317073171,669.5,549,63,21,public,6,class->block->function->type->specifier,
2,165,rectangle_java2.jpg,rectangle_java2.jpg,858870980,180,806.1675555555555,541.8506666666667,775.5,549,62,21,height,6,class->block->function->name,
2,165,rectangle_java2.jpg,rectangle_java2.jpg,858987105,112,779.1146428571428,541.8075,775.5,549,62,21,height,6,class->block->function->name,
2,165,rectangle_java2.jpg,rectangle_java2.jpg,859254968,56,840.2792857142857,541.0042857142857,846.5,549,10,21,(,1,class->block->function->parameter_list,
2,165,rectangle_java2.jpg,rectangle_java2.jpg,859775127,516,845.6432558139535,546.6884496124031,846.5,549,10,21,(,1,class->block->function->parameter_list,
2,165,rectangle_java2.jpg,rectangle_java2.jpg,860050578,196,974.6936734693876,541.8975510204082,968.5,549,70,21,this.y2,7,class->block->function->block->block_content->return->expr->name->name->operator->name,
2,165,rectangle_java2.jpg,rectangle_java2.jpg,860502831,96,762.7220833333333,561.60875,737.5,549,33,21,int,3,class->block->function->type->name,
2,165,rectangle_java2.jpg,rectangle_java2.jpg,860578964,72,792.6661111111111,567.6205555555556,775.5,549,62,21,height,6,class->block->function->name,
2,165,rectangle_java2.jpg,rectangle_java2.jpg,860834759,104,801.3603846153846,563.9380769230769,775.5,549,62,21,height,6,class->block->function->name,
2,165,rectangle_java2.jpg,rectangle_java2.jpg,860966786,104,871.5346153846153,576.9692307692308,873.5,585,9,21,),1,class->block->function->parameter_list,
2,165,rectangle_java2.jpg,rectangle_java2.jpg,861042807,72,866.6283333333333,583.3805555555556,873.5,585,9,21,),1,class->block->function->parameter_list,
2,165,rectangle_java2.jpg,rectangle_java2.jpg,861222643,160,927.0905,569.33775,900.5,549,63,21,return,6,class->block->function->block->block_content->return,
2,165,rectangle_java2.jpg,rectangle_java2.jpg,861402671,120,959.4763333333332,567.535,900.5,549,63,21,return,6,class->block->function->block->block_content->return,
2,165,rectangle_java2.jpg,rectangle_java2.jpg,861402671,120,959.4763333333332,567.535,968.5,549,70,21,this.y2,7,class->block->function->block->block_content->return->expr->name->name->operator->name,
2,165,rectangle_java2.jpg,rectangle_java2.jpg,861574640,168,956.9416666666668,567.1711904761904,900.5,549,63,21,return,6,class->block->function->block->block_content->return,
2,165,rectangle_java2.jpg,rectangle_java2.jpg,861574640,168,956.9416666666668,567.1711904761904,968.5,549,70,21,this.y2,7,class->block->function->block->block_content->return->expr->name->name->operator->name,
2,165,rectangle_java2.jpg,rectangle_java2.jpg,861986666,360,1032.1514444444445,566.9942222222222,968.5,549,70,21,this.y2,7,class->block->function->block->block_content->return->expr->name->name->operator->name,
2,165,rectangle_java2.jpg,rectangle_java2.jpg,862134658,132,956.4745454545456,574.9754545454546,910.5,585,62,21,return,6,class->block->function->block->block_content->return,
2,165,rectangle_java2.jpg,rectangle_java2.jpg,862226660,88,953.63,575.5727272727273,910.5,585,62,21,return,6,class->block->function->block->block_content->return,
2,165,rectangle_java2.jpg,rectangle_java2.jpg,862330678,100,955.4484,575.7464,910.5,585,62,21,return,6,class->block->function->block->block_content->return,
2,165,rectangle_java2.jpg,rectangle_java2.jpg,862546643,104,889.5088461538462,584.0411538461539,893.5,585,10,21,{,1,class->block->function->block,
2,165,rectangle_java2.jpg,rectangle_java2.jpg,862662653,112,890.0328571428571,587.4257142857143,893.5,585,10,21,{,1,class->block->function->block,
2,165,rectangle_java2.jpg,rectangle_java2.jpg,862758749,92,892.5021739130435,579.8669565217391,893.5,585,10,21,{,1,class->block->function->block,
2,165,rectangle_java2.jpg,rectangle_java2.jpg,862870782,108,888.4725925925926,586.1374074074074,893.5,585,10,21,{,1,class->block->function->block,
2,165,rectangle_java2.jpg,rectangle_java2.jpg,863098458,200,935.3618,558.0658,900.5,549,63,21,return,6,class->block->function->block->block_content->return,
2,165,rectangle_java2.jpg,rectangle_java2.jpg,863202380,88,1006.8709090909092,539.6713636363636,968.5,549,70,21,this.y2,7,class->block->function->block->block_content->return->expr->name->name->operator->name,
2,165,rectangle_java2.jpg,rectangle_java2.jpg,863262411,56,1010.4835714285714,539.6878571428572,968.5,549,70,21,this.y2,7,class->block->function->block->block_content->return->expr->name->name->operator->name,
2,165,rectangle_java2.jpg,rectangle_java2.jpg,863338509,72,984.0261111111112,526.5916666666667,958.5,512,71,21,this.x2,7,class->block->function->block->block_content->return->expr->name->name->operator->name->operator,
2,165,rectangle_java2.jpg,rectangle_java2.jpg,863410607,68,989.2358823529412,529.0429411764705,958.5,512,71,21,this.x2,7,class->block->function->block->block_content->return->expr->name->name->operator->name->operator,
2,165,rectangle_java2.jpg,rectangle_java2.jpg,863482596,68,1026.8505882352945,532.3,958.5,512,71,21,this.x2,7,class->block->function->block->block_content->return->expr->name->name->operator->name->operator,
2,165,rectangle_java2.jpg,rectangle_java2.jpg,863482596,68,1026.8505882352945,532.3,1035.5,512,13,21,-,1,class->block->function->block->block_content->return->expr->name->name,
2,165,rectangle_java2.jpg,rectangle_java2.jpg,863722495,236,1033.7361016949153,528.4823728813559,1035.5,512,13,21,-,1,class->block->function->block->block_content->return->expr->name->name,
2,165,rectangle_java2.jpg,rectangle_java2.jpg,864374493,92,901.4173913043478,580.7347826086957,893.5,585,10,21,{,1,class->block->function->block,
2,165,rectangle_java2.jpg,rectangle_java2.jpg,864374493,92,901.4173913043478,580.7347826086957,910.5,585,62,21,return,6,class->block->function->block->block_content->return,
2,165,rectangle_java2.jpg,rectangle_java2.jpg,864442486,64,913.485,575.9525,910.5,585,62,21,return,6,class->block->function->block->block_content->return,
2,165,rectangle_java2.jpg,rectangle_java2.jpg,864610430,144,848.4288888888889,601.5175,856.5,585,9,21,(,1,class->block->function->parameter_list,
2,165,rectangle_java2.jpg,rectangle_java2.jpg,864802170,160,783.539,604.98875,737.5,585,62,21,double,6,class->block->function->type->name,
2,165,rectangle_java2.jpg,rectangle_java2.jpg,865186370,220,951.732,596.0234545454546,910.5,585,62,21,return,6,class->block->function->block->block_content->return,
2,165,rectangle_java2.jpg,rectangle_java2.jpg,865262395,72,934.0038888888888,593.2766666666666,910.5,585,62,21,return,6,class->block->function->block->block_content->return,
2,165,rectangle_java2.jpg,rectangle_java2.jpg,865322388,56,924.285,599.5114285714286,910.5,585,62,21,return,6,class->block->function->block->block_content->return,
2,165,rectangle_java2.jpg,rectangle_java2.jpg,865470416,144,939.2227777777778,581.9613888888889,910.5,585,62,21,return,6,class->block->function->block->block_content->return,
2,165,rectangle_java2.jpg,rectangle_java2.jpg,865662459,188,935.7855319148936,600.6310638297872,910.5,585,62,21,return,6,class->block->function->block->block_content->return,
2,165,rectangle_java2.jpg,rectangle_java2.jpg,865786366,96,1056.1245833333332,610.8295833333333,1025.5,621,42,21,args,4,class->block->function->parameter_list->parameter->decl->name,
2,165,rectangle_java2.jpg,rectangle_java2.jpg,865974375,184,1063.5041304347826,613.0828260869565,1025.5,621,42,21,args,4,class->block->function->parameter_list->parameter->decl->name,
2,165,rectangle_java2.jpg,rectangle_java2.jpg,865974375,184,1063.5041304347826,613.0828260869565,1074.5,621,10,21,),1,class->block->function->parameter_list,
2,165,rectangle_java2.jpg,rectangle_java2.jpg,866754441,184,926.9180434782608,600.3823913043478,910.5,585,62,21,return,6,class->block->function->block->block_content->return,
2,165,rectangle_java2.jpg,rectangle_java2.jpg,866818528,60,919.4813333333332,591.202,910.5,585,62,21,return,6,class->block->function->block->block_content->return,
2,165,rectangle_java2.jpg,rectangle_java2.jpg,867138199,300,1096.3265333333334,604.9172,1086.5,585,10,21,(,1,class->block->function->block->block_content->return->expr->call->argument_list,
2,165,rectangle_java2.jpg,rectangle_java2.jpg,867138199,300,1096.3265333333334,604.9172,1103.5,585,9,21,),1,class->block->function->block->block_content->return->expr->call->argument_list,
2,165,rectangle_java2.jpg,rectangle_java2.jpg,867414267,240,1154.6273333333334,602.7368333333334,1140.5,585,110,21,this.height,11,class->block->function->block->block_content->return->expr->call->name->name->operator->name,
2,165,rectangle_java2.jpg,rectangle_java2.jpg,867522234,68,1127.8023529411764,599.8947058823529,1122.5,585,12,21,*,1,class->block->function->block->block_content->return->expr->operator,
2,165,rectangle_java2.jpg,rectangle_java2.jpg,867746182,220,1123.192727272727,605.0141818181818,1122.5,585,12,21,*,1,class->block->function->block->block_content->return->expr->operator,
2,165,rectangle_java2.jpg,rectangle_java2.jpg,867882143,132,1120.8581818181815,598.2036363636364,1122.5,585,12,21,*,1,class->block->function->block->block_content->return->expr->operator,
2,165,rectangle_java2.jpg,rectangle_java2.jpg,867966080,80,1080.321,603.2715,1086.5,585,10,21,(,1,class->block->function->block->block_content->return->expr->call->argument_list,
2,165,rectangle_java2.jpg,rectangle_java2.jpg,868150058,180,1070.3866666666663,601.0088888888889,977.5,585,101,21,this.width,10,class->block->function->block->block_content->return->expr->call->name->name->operator->name,
2,165,rectangle_java2.jpg,rectangle_java2.jpg,868262078,108,1046.7755555555557,613.3637037037037,1025.5,621,42,21,args,4,class->block->function->parameter_list->parameter->decl->name,
2,165,rectangle_java2.jpg,rectangle_java2.jpg,868362085,96,1035.9995833333332,639.09125,1025.5,621,42,21,args,4,class->block->function->parameter_list->parameter->decl->name,
2,165,rectangle_java2.jpg,rectangle_java2.jpg,868650101,72,993.6494444444444,628.9077777777778,990.5,621,10,21,[,1,class->block->function->parameter_list->parameter->decl->type->name->index,
2,165,rectangle_java2.jpg,rectangle_java2.jpg,868730091,76,979.357894736842,638.9615789473685,920.5,621,62,21,String,6,class->block->function->parameter_list->parameter->decl->type->name->name,
2,165,rectangle_java2.jpg,rectangle_java2.jpg,868730091,76,979.357894736842,638.9615789473685,990.5,621,10,21,[,1,class->block->function->parameter_list->parameter->decl->type->name->index,
2,165,rectangle_java2.jpg,rectangle_java2.jpg,868898081,88,1024.6081818181815,635.405,1025.5,621,42,21,args,4,class->block->function->parameter_list->parameter->decl->name,
2,165,rectangle_java2.jpg,rectangle_java2.jpg,869002087,100,1020.74,641.4568,1025.5,621,42,21,args,4,class->block->function->parameter_list->parameter->decl->name,
2,165,rectangle_java2.jpg,rectangle_java2.jpg,869138074,132,1016.4166666666666,651.6254545454545,941.5,658,91,20,Rectangle,9,class->block->function->block->block_content->decl_stmt->decl->init->expr->call->name,
2,165,rectangle_java2.jpg,rectangle_java2.jpg,869689929,292,1111.8034246575342,602.8804109589041,1103.5,585,9,21,),1,class->block->function->block->block_content->return->expr->call->argument_list,
2,165,rectangle_java2.jpg,rectangle_java2.jpg,869689929,292,1111.8034246575342,602.8804109589041,1122.5,585,12,21,*,1,class->block->function->block->block_content->return->expr->operator,
2,165,rectangle_java2.jpg,rectangle_java2.jpg,869885997,184,979.0254347826088,604.4121739130435,977.5,585,101,21,this.width,10,class->block->function->block->block_content->return->expr->call->name->name->operator->name,
2,165,rectangle_java2.jpg,rectangle_java2.jpg,869981957,92,975.1878260869564,612.6804347826087,920.5,621,62,21,String,6,class->block->function->parameter_list->parameter->decl->type->name->name,
2,165,rectangle_java2.jpg,rectangle_java2.jpg,870045937,60,977.594,604.6173333333334,977.5,585,101,21,this.width,10,class->block->function->block->block_content->return->expr->call->name->name->operator->name,
2,165,rectangle_java2.jpg,rectangle_java2.jpg,870217965,168,942.2111904761904,599.2395238095238,910.5,585,62,21,return,6,class->block->function->block->block_content->return,
2,165,rectangle_java2.jpg,rectangle_java2.jpg,870305964,84,926.1642857142856,600.4361904761905,910.5,585,62,21,return,6,class->block->function->block->block_content->return,
2,165,rectangle_java2.jpg,rectangle_java2.jpg,870425969,116,925.0072413793104,593.3120689655173,910.5,585,62,21,return,6,class->block->function->block->block_content->return,
2,165,rectangle_java2.jpg,rectangle_java2.jpg,870597975,140,970.4714285714284,594.9242857142857,910.5,585,62,21,return,6,class->block->function->block->block_content->return,
2,165,rectangle_java2.jpg,rectangle_java2.jpg,870597975,140,970.4714285714284,594.9242857142857,977.5,585,101,21,this.width,10,class->block->function->block->block_content->return->expr->call->name->name->operator->name,
2,165,rectangle_java2.jpg,rectangle_java2.jpg,870673981,72,980.2433333333332,594.1761111111111,977.5,585,101,21,this.width,10,class->block->function->block->block_content->return->expr->call->name->name->operator->name,
2,165,rectangle_java2.jpg,rectangle_java2.jpg,870741980,64,967.69,594.218125,910.5,585,62,21,return,6,class->block->function->block->block_content->return,
2,165,rectangle_java2.jpg,rectangle_java2.jpg,870741980,64,967.69,594.218125,977.5,585,101,21,this.width,10,class->block->function->block->block_content->return->expr->call->name->name->operator->name,
2,165,rectangle_java2.jpg,rectangle_java2.jpg,870993782,204,1083.078431372549,603.8619607843137,1086.5,585,10,21,(,1,class->block->function->block->block_content->return->expr->call->argument_list,
2,165,rectangle_java2.jpg,rectangle_java2.jpg,871065709,68,1089.93,610.2170588235294,1094.5,621,10,21,{,1,class->block->function->block,
2,165,rectangle_java2.jpg,rectangle_java2.jpg,871165723,96,1086.4970833333334,612.7574999999999,1094.5,621,10,21,{,1,class->block->function->block,
2,165,rectangle_java2.jpg,rectangle_java2.jpg,871693743,64,1103.575,608.6068750000001,1094.5,621,10,21,{,1,class->block->function->block,
2,165,rectangle_java2.jpg,rectangle_java2.jpg,872337822,172,1070.4797674418603,611.2190697674419,1074.5,621,10,21,),1,class->block->function->parameter_list,
2,165,rectangle_java2.jpg,rectangle_java2.jpg,872729686,64,1118.046875,602.29,1122.5,585,12,21,*,1,class->block->function->block->block_content->return->expr->operator,
2,165,rectangle_java2.jpg,rectangle_java2.jpg,873009712,60,1148.19,601.024,1140.5,585,110,21,this.height,11,class->block->function->block->block_content->return->expr->call->name->name->operator->name,
2,165,rectangle_java2.jpg,rectangle_java2.jpg,873229685,76,1114.296842105263,605.0273684210526,1122.5,585,12,21,*,1,class->block->function->block->block_content->return->expr->operator,
2,165,rectangle_java2.jpg,rectangle_java2.jpg,873357705,96,1146.80375,601.05125,1140.5,585,110,21,this.height,11,class->block->function->block->block_content->return->expr->call->name->name->operator->name,
2,165,rectangle_java2.jpg,rectangle_java2.jpg,874129469,108,1119.564074074074,599.3185185185185,1122.5,585,12,21,*,1,class->block->function->block->block_content->return->expr->operator,
2,165,rectangle_java2.jpg,rectangle_java2.jpg,874269408,136,1119.3255882352942,604.6320588235294,1122.5,585,12,21,*,1,class->block->function->block->block_content->return->expr->operator,
2,165,rectangle_java2.jpg,rectangle_java2.jpg,874337471,64,1126.53125,595.415625,1122.5,585,12,21,*,1,class->block->function->block->block_content->return->expr->operator,
2,165,rectangle_java2.jpg,rectangle_java2.jpg,874629552,264,1084.2939393939394,621.2686363636363,1074.5,621,10,21,),1,class->block->function->parameter_list,
2,165,rectangle_java2.jpg,rectangle_java2.jpg,874629552,264,1084.2939393939394,621.2686363636363,1094.5,621,10,21,{,1,class->block->function->block,
2,165,rectangle_java2.jpg,rectangle_java2.jpg,874785557,104,1043.153076923077,615.3607692307693,1025.5,621,42,21,args,4,class->block->function->parameter_list->parameter->decl->name,
2,165,rectangle_java2.jpg,rectangle_java2.jpg,874933546,80,966.823,603.328,910.5,585,62,21,return,6,class->block->function->block->block_content->return,
2,165,rectangle_java2.jpg,rectangle_java2.jpg,874933546,80,966.823,603.328,977.5,585,101,21,this.width,10,class->block->function->block->block_content->return->expr->call->name->name->operator->name,
2,165,rectangle_java2.jpg,rectangle_java2.jpg,875285487,348,952.416896551724,609.8713793103449,920.5,621,62,21,String,6,class->block->function->parameter_list->parameter->decl->type->name->name,
2,165,rectangle_java2.jpg,rectangle_java2.jpg,875377495,88,958.2877272727272,610.0181818181818,920.5,621,62,21,String,6,class->block->function->parameter_list->parameter->decl->type->name->name,
2,165,rectangle_java2.jpg,rectangle_java2.jpg,875805332,112,899.4532142857142,284.1610714285714,890.5,295,24,21,x1,2,class->block->constructor->parameter_list->parameter->decl->type->name,
2,165,rectangle_java2.jpg,rectangle_java2.jpg,876093415,284,891.765352112676,290.9691549295775,890.5,295,24,21,x1,2,class->block->constructor->parameter_list->parameter->decl->type->name,
2,165,rectangle_java2.jpg,rectangle_java2.jpg,876165429,68,896.7182352941177,273.85764705882355,881.5,259,23,21,x2,2,class->block->decl_stmt->decl->name,
2,165,rectangle_java2.jpg,rectangle_java2.jpg,876253442,84,902.912380952381,260.4871428571429,881.5,259,23,21,x2,2,class->block->decl_stmt->decl->name,
2,165,rectangle_java2.jpg,rectangle_java2.jpg,876253442,84,902.912380952381,260.4871428571429,911.5,259,10,21,"""","""",1,class->block->decl_stmt
2,165,rectangle_java2.jpg,rectangle_java2.jpg,876489434,152,1132.257105263158,583.0763157894737,1122.5,585,12,21,*,1,class->block->function->block->block_content->return->expr->operator,
2,165,rectangle_java2.jpg,rectangle_java2.jpg,876489434,152,1132.257105263158,583.0763157894737,1140.5,585,110,21,this.height,11,class->block->function->block->block_content->return->expr->call->name->name->operator->name,
2,165,rectangle_java2.jpg,rectangle_java2.jpg,876597406,104,1124.4765384615384,597.0773076923077,1122.5,585,12,21,*,1,class->block->function->block->block_content->return->expr->operator,
2,165,rectangle_java2.jpg,rectangle_java2.jpg,876697362,96,1127.4404166666666,580.7958333333333,1122.5,585,12,21,*,1,class->block->function->block->block_content->return->expr->operator,
2,165,rectangle_java2.jpg,rectangle_java2.jpg,877077427,348,1157.344712643678,603.2349425287356,1140.5,585,110,21,this.height,11,class->block->function->block->block_content->return->expr->call->name->name->operator->name,
2,165,rectangle_java2.jpg,rectangle_java2.jpg,877413770,152,1098.1026315789472,608.9731578947368,1094.5,621,10,21,{,1,class->block->function->block,
2,165,rectangle_java2.jpg,rectangle_java2.jpg,877709518,292,1103.9697260273972,603.1295890410959,1103.5,585,9,21,),1,class->block->function->block->block_content->return->expr->call->argument_list,
2,165,rectangle_java2.jpg,rectangle_java2.jpg,877925278,140,1027.0885714285714,306.0434285714286,1025.5,295,33,21,int,3,class->block->constructor->parameter_list->parameter->decl->type->name,
2,165,rectangle_java2.jpg,rectangle_java2.jpg,877997282,68,1015.1464705882352,297.94,1007.5,295,10,21,"""","""",1,class->block->constructor->parameter_list
2,165,rectangle_java2.jpg,rectangle_java2.jpg,877997282,68,1015.1464705882352,297.94,1025.5,295,33,21,int,3,class->block->constructor->parameter_list->parameter->decl->type->name,
2,165,rectangle_java2.jpg,rectangle_java2.jpg,878085281,84,1020.2642857142856,287.6047619047619,1025.5,295,33,21,int,3,class->block->constructor->parameter_list->parameter->decl->type->name,
2,165,rectangle_java2.jpg,rectangle_java2.jpg,878357289,220,1085.034,290.6549090909091,1063.5,295,23,21,x2,2,class->block->constructor->parameter_list->parameter->decl->type->name,
2,165,rectangle_java2.jpg,rectangle_java2.jpg,878357289,220,1085.034,290.6549090909091,1094.5,295,9,21,"""","""",1,class->block->constructor->parameter_list
2,165,rectangle_java2.jpg,rectangle_java2.jpg,878489285,84,1088.7919047619048,283.5309523809524,1094.5,295,9,21,"""","""",1,class->block->constructor->parameter_list
2,165,rectangle_java2.jpg,rectangle_java2.jpg,878689240,120,1125.5443333333333,291.644,1112.5,295,33,21,int,3,class->block->constructor->parameter_list->parameter->decl->type->name,
2,165,rectangle_java2.jpg,rectangle_java2.jpg,878853262,160,1124.1755,298.575,1112.5,295,33,21,int,3,class->block->constructor->parameter_list->parameter->decl->type->name,
2,165,rectangle_java2.jpg,rectangle_java2.jpg,879405156,88,1059.5586363636364,297.01863636363635,1063.5,295,23,21,x2,2,class->block->constructor->parameter_list->parameter->decl->type->name,
2,165,rectangle_java2.jpg,rectangle_java2.jpg,879817163,188,1041.4487234042554,294.6153191489362,1025.5,295,33,21,int,3,class->block->constructor->parameter_list->parameter->decl->type->name,
2,165,rectangle_java2.jpg,rectangle_java2.jpg,879909176,88,1045.041818181818,291.9431818181818,1025.5,295,33,21,int,3,class->block->constructor->parameter_list->parameter->decl->type->name,
2,165,rectangle_java2.jpg,rectangle_java2.jpg,880125179,116,1160.4806896551725,576.1493103448275,1140.5,585,110,21,this.height,11,class->block->function->block->block_content->return->expr->call->name->name->operator->name,
2,165,rectangle_java2.jpg,rectangle_java2.jpg,880476902,348,1161.345977011494,604.8009195402299,1140.5,585,110,21,this.height,11,class->block->function->block->block_content->return->expr->call->name->name->operator->name,
2,165,rectangle_java2.jpg,rectangle_java2.jpg,880620952,88,1115.285,594.8118181818181,1122.5,585,12,21,*,1,class->block->function->block->block_content->return->expr->operator,
2,165,rectangle_java2.jpg,rectangle_java2.jpg,881013043,264,952.3527272727272,603.7268181818182,910.5,585,62,21,return,6,class->block->function->block->block_content->return,
2,165,rectangle_java2.jpg,rectangle_java2.jpg,881085033,68,948.4652941176472,623.2864705882353,920.5,621,62,21,String,6,class->block->function->parameter_list->parameter->decl->type->name->name,
2,165,rectangle_java2.jpg,rectangle_java2.jpg,881333022,244,949.2988524590164,633.754262295082,920.5,621,62,21,String,6,class->block->function->parameter_list->parameter->decl->type->name->name,
2,165,rectangle_java2.jpg,rectangle_java2.jpg,881493002,140,862.7817142857143,646.1125714285714,826.5,658,52,20,rect1,5,class->block->function->block->block_content->decl_stmt->decl->name,
2,165,rectangle_java2.jpg,rectangle_java2.jpg,881804994,56,983.515,640.475,990.5,621,10,21,[,1,class->block->function->parameter_list->parameter->decl->type->name->index,
2,165,rectangle_java2.jpg,rectangle_java2.jpg,881952869,84,983.9904761904762,639.1828571428571,990.5,621,10,21,[,1,class->block->function->parameter_list->parameter->decl->type->name->index,
2,165,rectangle_java2.jpg,rectangle_java2.jpg,882584869,72,1018.6611111111112,633.2627777777777,1025.5,621,42,21,args,4,class->block->function->parameter_list->parameter->decl->name,
2,165,rectangle_java2.jpg,rectangle_java2.jpg,882776900,188,1008.7363829787234,649.4740425531915,941.5,658,91,20,Rectangle,9,class->block->function->block->block_content->decl_stmt->decl->init->expr->call->name,
2,165,rectangle_java2.jpg,rectangle_java2.jpg,882968862,188,1013.3948936170212,645.944255319149,941.5,658,91,20,Rectangle,9,class->block->function->block->block_content->decl_stmt->decl->init->expr->call->name,
2,165,rectangle_java2.jpg,rectangle_java2.jpg,883032845,60,1023.0786666666668,629.9093333333333,1025.5,621,42,21,args,4,class->block->function->parameter_list->parameter->decl->name,
2,165,rectangle_java2.jpg,rectangle_java2.jpg,883208851,124,1027.076129032258,628.0216129032258,1025.5,621,42,21,args,4,class->block->function->parameter_list->parameter->decl->name,
2,165,rectangle_java2.jpg,rectangle_java2.jpg,883512813,212,1018.806037735849,649.517358490566,941.5,658,91,20,Rectangle,9,class->block->function->block->block_content->decl_stmt->decl->init->expr->call->name,
2,165,rectangle_java2.jpg,rectangle_java2.jpg,883668730,152,1022.185,638.4818421052631,1025.5,621,42,21,args,4,class->block->function->parameter_list->parameter->decl->name,
2,165,rectangle_java2.jpg,rectangle_java2.jpg,883728730,56,974.5578571428572,640.85,920.5,621,62,21,String,6,class->block->function->parameter_list->parameter->decl->type->name->name,
2,165,rectangle_java2.jpg,rectangle_java2.jpg,883884725,152,969.675,634.5313157894736,920.5,621,62,21,String,6,class->block->function->parameter_list->parameter->decl->type->name->name,
2,165,rectangle_java2.jpg,rectangle_java2.jpg,884764747,184,966.9073913043478,635.0836956521739,920.5,621,62,21,String,6,class->block->function->parameter_list->parameter->decl->type->name->name,
2,165,rectangle_java2.jpg,rectangle_java2.jpg,884856738,88,963.8686363636364,641.2495454545455,920.5,621,62,21,String,6,class->block->function->parameter_list->parameter->decl->type->name->name,
2,165,rectangle_java2.jpg,rectangle_java2.jpg,884976743,116,979.9537931034482,638.5424137931035,920.5,621,62,21,String,6,class->block->function->parameter_list->parameter->decl->type->name->name,
2,165,rectangle_java2.jpg,rectangle_java2.jpg,884976743,116,979.9537931034482,638.5424137931035,990.5,621,10,21,[,1,class->block->function->parameter_list->parameter->decl->type->name->index,
2,165,rectangle_java2.jpg,rectangle_java2.jpg,885060660,64,1049.939375,528.8075,1054.5,512,71,21,this.x1,7,class->block->function->block->block_content->return->expr->name->name->operator->name,
2,165,rectangle_java2.jpg,rectangle_java2.jpg,885240467,176,1049.5704545454546,518.6536363636363,1054.5,512,71,21,this.x1,7,class->block->function->block->block_content->return->expr->name->name->operator->name,
2,165,rectangle_java2.jpg,rectangle_java2.jpg,885356504,112,1074.6014285714286,521.7367857142857,1054.5,512,71,21,this.x1,7,class->block->function->block->block_content->return->expr->name->name->operator->name,
2,165,rectangle_java2.jpg,rectangle_java2.jpg,885424536,64,1085.594375,514.118125,1054.5,512,71,21,this.x1,7,class->block->function->block->block_content->return->expr->name->name->operator->name,
2,165,rectangle_java2.jpg,rectangle_java2.jpg,885632586,132,842.4824242424243,518.0924242424243,837.5,512,9,21,(,1,class->block->function->parameter_list,
2,165,rectangle_java2.jpg,rectangle_java2.jpg,885632586,132,842.4824242424243,518.0924242424243,854.5,512,9,21,),1,class->block->function->parameter_list,
2,165,rectangle_java2.jpg,rectangle_java2.jpg,885712590,76,835.6478947368421,523.6436842105263,837.5,512,9,21,(,1,class->block->function->parameter_list,
2,165,rectangle_java2.jpg,rectangle_java2.jpg,885804600,88,797.8050000000001,519.1731818181818,775.5,512,53,21,width,5,class->block->function->name,
2,165,rectangle_java2.jpg,rectangle_java2.jpg,885900667,92,796.9547826086956,517.2352173913043,775.5,512,53,21,width,5,class->block->function->name,
2,165,rectangle_java2.jpg,rectangle_java2.jpg,886108663,156,831.1625641025641,548.0107692307693,775.5,549,62,21,height,6,class->block->function->name,
2,165,rectangle_java2.jpg,rectangle_java2.jpg,886184604,72,845.4211111111111,556.3222222222222,846.5,549,10,21,(,1,class->block->function->parameter_list,
2,165,rectangle_java2.jpg,rectangle_java2.jpg,886248580,60,835.1926666666667,552.8773333333334,775.5,549,62,21,height,6,class->block->function->name,
2,165,rectangle_java2.jpg,rectangle_java2.jpg,886248580,60,835.1926666666667,552.8773333333334,846.5,549,10,21,(,1,class->block->function->parameter_list,
2,165,rectangle_java2.jpg,rectangle_java2.jpg,886380613,60,951.4813333333332,537.3153333333333,900.5,549,63,21,return,6,class->block->function->block->block_content->return,
2,165,rectangle_java2.jpg,rectangle_java2.jpg,886636614,76,947.1063157894736,531.8657894736842,891.5,512,62,21,return,6,class->block->function->block->block_content->return->expr->name->name,
2,165,rectangle_java2.jpg,rectangle_java2.jpg,886636614,76,947.1063157894736,531.8657894736842,958.5,512,71,21,this.x2,7,class->block->function->block->block_content->return->expr->name->name->operator->name->operator,
2,165,rectangle_java2.jpg,rectangle_java2.jpg,886876280,164,1061.500487804878,538.9934146341463,1064.5,549,71,21,this.y1,7,class->block->function->block->block_content->return->expr->name->name->operator->name,
2,165,rectangle_java2.jpg,rectangle_java2.jpg,887128392,216,1013.701851851852,532.8107407407407,958.5,512,71,21,this.x2,7,class->block->function->block->block_content->return->expr->name->name->operator->name->operator,
2,165,rectangle_java2.jpg,rectangle_java2.jpg,887324508,192,994.6079166666668,536.81625,968.5,549,70,21,this.y2,7,class->block->function->block->block_content->return->expr->name->name->operator->name,
2,165,rectangle_java2.jpg,rectangle_java2.jpg,887556513,228,992.662807017544,543.0578947368421,968.5,549,70,21,this.y2,7,class->block->function->block->block_content->return->expr->name->name->operator->name,
2,165,rectangle_java2.jpg,rectangle_java2.jpg,887664499,104,999.1203846153846,532.2984615384615,958.5,512,71,21,this.x2,7,class->block->function->block->block_content->return->expr->name->name->operator->name->operator,
2,165,rectangle_java2.jpg,rectangle_java2.jpg,887736522,68,1021.964705882353,532.3658823529412,958.5,512,71,21,this.x2,7,class->block->function->block->block_content->return->expr->name->name->operator->name->operator,
2,165,rectangle_java2.jpg,rectangle_java2.jpg,887876536,136,1030.8911764705883,523.6476470588235,1035.5,512,13,21,-,1,class->block->function->block->block_content->return->expr->name->name,
2,165,rectangle_java2.jpg,rectangle_java2.jpg,888072479,88,1065.2981818181818,545.1409090909091,1064.5,549,71,21,this.y1,7,class->block->function->block->block_content->return->expr->name->name->operator->name,
2,165,rectangle_java2.jpg,rectangle_java2.jpg,888892310,64,1054.63875,522.78,1054.5,512,71,21,this.x1,7,class->block->function->block->block_content->return->expr->name->name->operator->name,
2,165,rectangle_java2.jpg,rectangle_java2.jpg,888956317,60,1047.86,529.9326666666667,1035.5,512,13,21,-,1,class->block->function->block->block_content->return->expr->name->name,
2,165,rectangle_java2.jpg,rectangle_java2.jpg,888956317,60,1047.86,529.9326666666667,1054.5,512,71,21,this.x1,7,class->block->function->block->block_content->return->expr->name->name->operator->name,
2,165,rectangle_java2.jpg,rectangle_java2.jpg,889024325,64,1058.380625,524.92125,1054.5,512,71,21,this.x1,7,class->block->function->block->block_content->return->expr->name->name->operator->name,
2,165,rectangle_java2.jpg,rectangle_java2.jpg,889156325,76,1060.662105263158,519.4710526315789,1054.5,512,71,21,this.x1,7,class->block->function->block->block_content->return->expr->name->name->operator->name,
2,165,rectangle_java2.jpg,rectangle_java2.jpg,889568368,408,1051.5527450980392,531.4946078431373,1054.5,512,71,21,this.x1,7,class->block->function->block->block_content->return->expr->name->name->operator->name,
2,165,rectangle_java2.jpg,rectangle_java2.jpg,889640349,68,1060.9911764705882,524.2458823529412,1054.5,512,71,21,this.x1,7,class->block->function->block->block_content->return->expr->name->name->operator->name,
2,165,rectangle_java2.jpg,rectangle_java2.jpg,889712337,68,1056.63,540.4952941176471,1045.5,549,13,21,-,1,class->block->function->block->block_content->return->expr->operator,
2,165,rectangle_java2.jpg,rectangle_java2.jpg,889712337,68,1056.63,540.4952941176471,1064.5,549,71,21,this.y1,7,class->block->function->block->block_content->return->expr->name->name->operator->name,
2,165,rectangle_java2.jpg,rectangle_java2.jpg,889896272,124,1167.137741935484,568.9103225806451,1161.5,549,10,21,},1,class->block->function->block,
2,165,rectangle_java2.jpg,rectangle_java2.jpg,890200219,232,1096.38,541.8555172413793,1064.5,549,71,21,this.y1,7,class->block->function->block->block_content->return->expr->name->name->operator->name,
2,165,rectangle_java2.jpg,rectangle_java2.jpg,891840055,116,1078.2162068965515,520.14,1054.5,512,71,21,this.x1,7,class->block->function->block->block_content->return->expr->name->name->operator->name,
2,165,rectangle_java2.jpg,rectangle_java2.jpg,891900052,56,1067.047142857143,500.4478571428572,1054.5,512,71,21,this.x1,7,class->block->function->block->block_content->return->expr->name->name->operator->name,
2,165,rectangle_java2.jpg,rectangle_java2.jpg,892172061,84,1061.0385714285717,500.6395238095238,1054.5,512,71,21,this.x1,7,class->block->function->block->block_content->return->expr->name->name->operator->name,
2,165,rectangle_java2.jpg,rectangle_java2.jpg,893747952,72,1120.776111111111,532.9144444444445,1054.5,512,71,21,this.x1,7,class->block->function->block->block_content->return->expr->name->name->operator->name,
2,165,rectangle_java2.jpg,rectangle_java2.jpg,893747952,72,1120.776111111111,532.9144444444445,1132.5,512,10,21,;,1,class->block->function->block,
2,165,rectangle_java2.jpg,rectangle_java2.jpg,893907939,156,1121.395641025641,538.0358974358975,1064.5,549,71,21,this.y1,7,class->block->function->block->block_content->return->expr->name->name->operator->name,
2,165,rectangle_java2.jpg,rectangle_java2.jpg,894147915,100,1151.6308,532.6148000000001,1152.5,512,10,21,},1,class->block,
2,165,rectangle_java2.jpg,rectangle_java2.jpg,895731782,120,1140.6533333333334,542.1503333333334,1142.5,549,10,21,;,1,class->block->function->block->block_content->return,
2,165,rectangle_java2.jpg,rectangle_java2.jpg,895903796,100,1151.3564,546.3768,1142.5,549,10,21,;,1,class->block->function->block->block_content->return,
2,165,rectangle_java2.jpg,rectangle_java2.jpg,895903796,100,1151.3564,546.3768,1161.5,549,10,21,},1,class->block->function->block,
2,165,rectangle_java2.jpg,rectangle_java2.jpg,896163602,204,1144.7588235294118,548.3901960784314,1142.5,549,10,21,;,1,class->block->function->block->block_content->return,
2,165,rectangle_java2.jpg,rectangle_java2.jpg,896271587,104,1142.335,529.6169230769231,1132.5,512,10,21,;,1,class->block->function->block,
2,165,rectangle_java2.jpg,rectangle_java2.jpg,896271587,104,1142.335,529.6169230769231,1152.5,512,10,21,},1,class->block,
2,165,rectangle_java2.jpg,rectangle_java2.jpg,896407707,132,1142.1342424242423,537.3,1142.5,549,10,21,;,1,class->block->function->block->block_content->return,
2,165,rectangle_java2.jpg,rectangle_java2.jpg,896555702,144,1139.89,532.5433333333333,1132.5,512,10,21,;,1,class->block->function->block,
2,165,rectangle_java2.jpg,rectangle_java2.jpg,896623687,64,1140.075625,541.56125,1142.5,549,10,21,;,1,class->block->function->block->block_content->return,
2,165,rectangle_java2.jpg,rectangle_java2.jpg,896727660,100,1170.3644,537.9632,1161.5,549,10,21,},1,class->block->function->block,
2,165,rectangle_java2.jpg,rectangle_java2.jpg,897267657,144,1140.326111111111,582.7116666666667,1140.5,585,110,21,this.height,11,class->block->function->block->block_content->return->expr->call->name->name->operator->name,
2,165,rectangle_java2.jpg,rectangle_java2.jpg,897447612,112,1178.1357142857144,600.9671428571429,1140.5,585,110,21,this.height,11,class->block->function->block->block_content->return->expr->call->name->name->operator->name,
2,165,rectangle_java2.jpg,rectangle_java2.jpg,897507617,56,1170.5485714285714,593.6142857142858,1140.5,585,110,21,this.height,11,class->block->function->block->block_content->return->expr->call->name->name->operator->name,
2,165,rectangle_java2.jpg,rectangle_java2.jpg,897679543,148,1156.736756756757,537.711081081081,1161.5,549,10,21,},1,class->block->function->block,
2,165,rectangle_java2.jpg,rectangle_java2.jpg,897739446,56,1138.317857142857,531.675,1132.5,512,10,21,;,1,class->block->function->block,
2,165,rectangle_java2.jpg,rectangle_java2.jpg,898119212,68,1125.7588235294118,544.1647058823529,1064.5,549,71,21,this.y1,7,class->block->function->block->block_content->return->expr->name->name->operator->name,
2,165,rectangle_java2.jpg,rectangle_java2.jpg,898191414,68,1125.1164705882354,531.5047058823529,1054.5,512,71,21,this.x1,7,class->block->function->block->block_content->return->expr->name->name->operator->name,
2,165,rectangle_java2.jpg,rectangle_java2.jpg,898191414,68,1125.1164705882354,531.5047058823529,1132.5,512,10,21,;,1,class->block->function->block,
2,165,rectangle_java2.jpg,rectangle_java2.jpg,898355506,56,1129.8185714285714,526.5857142857143,1132.5,512,10,21,;,1,class->block->function->block,
2,165,rectangle_java2.jpg,rectangle_java2.jpg,898459502,100,1144.7636,530.6196,1152.5,512,10,21,},1,class->block,
2,165,rectangle_java2.jpg,rectangle_java2.jpg,898923524,260,1137.7907692307692,538.934,1142.5,549,10,21,;,1,class->block->function->block->block_content->return,
2,165,rectangle_java2.jpg,rectangle_java2.jpg,899311486,300,1132.1804,537.4694666666667,1064.5,549,71,21,this.y1,7,class->block->function->block->block_content->return->expr->name->name->operator->name,
2,165,rectangle_java2.jpg,rectangle_java2.jpg,899311486,300,1132.1804,537.4694666666667,1142.5,549,10,21,;,1,class->block->function->block->block_content->return,
2,165,rectangle_java2.jpg,rectangle_java2.jpg,899591416,276,1133.8268115942028,531.9984057971014,1132.5,512,10,21,;,1,class->block->function->block,
2,165,rectangle_java2.jpg,rectangle_java2.jpg,899675420,80,1132.998,523.5295,1132.5,512,10,21,;,1,class->block->function->block,
2,165,rectangle_java2.jpg,rectangle_java2.jpg,899783434,104,1139.3276923076924,526.8903846153846,1132.5,512,10,21,;,1,class->block->function->block,
2,165,rectangle_java2.jpg,rectangle_java2.jpg,899987433,200,1132.6758,521.0852,1132.5,512,10,21,;,1,class->block->function->block,
2,165,rectangle_java2.jpg,rectangle_java2.jpg,900543471,100,1161.2732,540.5656,1161.5,549,10,21,},1,class->block->function->block,
2,165,rectangle_java2.jpg,rectangle_java2.jpg,900643404,96,1164.3779166666666,538.995,1161.5,549,10,21,},1,class->block->function->block,
2,165,rectangle_java2.jpg,rectangle_java2.jpg,900939306,184,1120.5210869565217,537.015652173913,1064.5,549,71,21,this.y1,7,class->block->function->block->block_content->return->expr->name->name->operator->name,
2,165,rectangle_java2.jpg,rectangle_java2.jpg,901155279,212,1117.3122641509435,547.2322641509434,1064.5,549,71,21,this.y1,7,class->block->function->block->block_content->return->expr->name->name->operator->name,
2,165,rectangle_java2.jpg,rectangle_java2.jpg,901215284,56,1114.3921428571427,547.8814285714286,1064.5,549,71,21,this.y1,7,class->block->function->block->block_content->return->expr->name->name->operator->name,
2,165,rectangle_java2.jpg,rectangle_java2.jpg,901275284,56,1107.645,540.9628571428572,1064.5,549,71,21,this.y1,7,class->block->function->block->block_content->return->expr->name->name->operator->name,
2,165,rectangle_java2.jpg,rectangle_java2.jpg,901359298,80,1117.6565,542.619,1064.5,549,71,21,this.y1,7,class->block->function->block->block_content->return->expr->name->name->operator->name,
2,165,rectangle_java2.jpg,rectangle_java2.jpg,901471353,108,1117.6633333333334,541.5303703703704,1064.5,549,71,21,this.y1,7,class->block->function->block->block_content->return->expr->name->name->operator->name,
2,165,rectangle_java2.jpg,rectangle_java2.jpg,901599448,124,1118.2048387096777,549.2938709677419,1064.5,549,71,21,this.y1,7,class->block->function->block->block_content->return->expr->name->name->operator->name,
2,165,rectangle_java2.jpg,rectangle_java2.jpg,901711397,108,1127.3048148148148,538.4829629629629,1064.5,549,71,21,this.y1,7,class->block->function->block->block_content->return->expr->name->name->operator->name,
2,165,rectangle_java2.jpg,rectangle_java2.jpg,901863289,148,1126.367837837838,543.8908108108108,1064.5,549,71,21,this.y1,7,class->block->function->block->block_content->return->expr->name->name->operator->name,
2,165,rectangle_java2.jpg,rectangle_java2.jpg,902015264,148,1123.2483783783784,542.6354054054054,1064.5,549,71,21,this.y1,7,class->block->function->block->block_content->return->expr->name->name->operator->name,
2,165,rectangle_java2.jpg,rectangle_java2.jpg,902147251,128,1121.4421875,554.993125,1064.5,549,71,21,this.y1,7,class->block->function->block->block_content->return->expr->name->name->operator->name,
2,165,rectangle_java2.jpg,rectangle_java2.jpg,902235246,84,1121.345238095238,545.8061904761905,1064.5,549,71,21,this.y1,7,class->block->function->block->block_content->return->expr->name->name->operator->name,
2,165,rectangle_java2.jpg,rectangle_java2.jpg,902323248,84,1126.503333333333,561.6742857142857,1064.5,549,71,21,this.y1,7,class->block->function->block->block_content->return->expr->name->name->operator->name,
2,165,rectangle_java2.jpg,rectangle_java2.jpg,902791132,132,1169.2578787878788,537.21,1161.5,549,10,21,},1,class->block->function->block,
2,165,rectangle_java2.jpg,rectangle_java2.jpg,903075223,104,1166.2076923076922,540.5411538461539,1161.5,549,10,21,},1,class->block->function->block,
2,165,rectangle_java2.jpg,rectangle_java2.jpg,903435157,296,1118.3728378378378,554.4805405405406,1064.5,549,71,21,this.y1,7,class->block->function->block->block_content->return->expr->name->name->operator->name,
2,165,rectangle_java2.jpg,rectangle_java2.jpg,903531162,92,1117.611304347826,605.2534782608695,1122.5,585,12,21,*,1,class->block->function->block->block_content->return->expr->operator,
2,165,rectangle_java2.jpg,rectangle_java2.jpg,903931172,56,1124.5171428571427,601.5607142857143,1122.5,585,12,21,*,1,class->block->function->block->block_content->return->expr->operator,
2,165,rectangle_java2.jpg,rectangle_java2.jpg,904015105,80,1129.345,602.917,1122.5,585,12,21,*,1,class->block->function->block->block_content->return->expr->operator,
2,165,rectangle_java2.jpg,rectangle_java2.jpg,904015105,80,1129.345,602.917,1140.5,585,110,21,this.height,11,class->block->function->block->block_content->return->expr->call->name->name->operator->name,
2,165,rectangle_java2.jpg,rectangle_java2.jpg,904511020,192,1158.7910416666666,604.375,1140.5,585,110,21,this.height,11,class->block->function->block->block_content->return->expr->call->name->name->operator->name,
2,165,rectangle_java2.jpg,rectangle_java2.jpg,904715016,144,1140.1122222222225,603.0708333333333,1140.5,585,110,21,this.height,11,class->block->function->block->block_content->return->expr->call->name->name->operator->name,
2,165,rectangle_java2.jpg,rectangle_java2.jpg,904862997,124,994.4622580645162,617.7816129032258,990.5,621,10,21,[,1,class->block->function->parameter_list->parameter->decl->type->name->index,
2,165,rectangle_java2.jpg,rectangle_java2.jpg,905114993,120,1028.5696666666668,646.6363333333334,941.5,658,91,20,Rectangle,9,class->block->function->block->block_content->decl_stmt->decl->init->expr->call->name,
2,165,rectangle_java2.jpg,rectangle_java2.jpg,905231001,72,1044.506666666667,633.8872222222222,1025.5,621,42,21,args,4,class->block->function->parameter_list->parameter->decl->name,
2,165,rectangle_java2.jpg,rectangle_java2.jpg,905563001,64,1042.50875,633.89875,1025.5,621,42,21,args,4,class->block->function->parameter_list->parameter->decl->name,
2,165,rectangle_java2.jpg,rectangle_java2.jpg,905690941,124,1028.600322580645,646.2696774193548,941.5,658,91,20,Rectangle,9,class->block->function->block->block_content->decl_stmt->decl->init->expr->call->name,
2,165,rectangle_java2.jpg,rectangle_java2.jpg,905854831,160,1031.8795,636.744,1025.5,621,42,21,args,4,class->block->function->parameter_list->parameter->decl->name,
2,165,rectangle_java2.jpg,rectangle_java2.jpg,906074835,128,943.515625,637.3790625,920.5,621,62,21,String,6,class->block->function->parameter_list->parameter->decl->type->name->name,
2,165,rectangle_java2.jpg,rectangle_java2.jpg,906298885,144,971.0586111111112,637.3991666666667,920.5,621,62,21,String,6,class->block->function->parameter_list->parameter->decl->type->name->name,
2,165,rectangle_java2.jpg,rectangle_java2.jpg,906590903,116,1014.8582758620688,638.8665517241379,1007.5,621,10,21,],1,class->block->function->parameter_list->parameter->decl->type->name->index,
2,165,rectangle_java2.jpg,rectangle_java2.jpg,906590903,116,1014.8582758620688,638.8665517241379,1025.5,621,42,21,args,4,class->block->function->parameter_list->parameter->decl->name,
2,165,rectangle_java2.jpg,rectangle_java2.jpg,906747274,96,947.8654166666666,671.4020833333334,941.5,658,91,20,Rectangle,9,class->block->function->block->block_content->decl_stmt->decl->init->expr->call->name,
2,165,rectangle_java2.jpg,rectangle_java2.jpg,906819420,68,943.620588235294,664.5029411764706,941.5,658,91,20,Rectangle,9,class->block->function->block->block_content->decl_stmt->decl->init->expr->call->name,
2,165,rectangle_java2.jpg,rectangle_java2.jpg,906919170,80,855.937,673.0595,826.5,658,52,20,rect1,5,class->block->function->block->block_content->decl_stmt->decl->name,
2,165,rectangle_java2.jpg,rectangle_java2.jpg,907026880,104,849.2188461538461,671.5480769230769,826.5,658,52,20,rect1,5,class->block->function->block->block_content->decl_stmt->decl->name,
2,165,rectangle_java2.jpg,rectangle_java2.jpg,907422759,184,918.7317391304348,659.6708695652173,902.5,658,34,20,new,3,class->block->function->block->block_content->decl_stmt->decl->init->expr->operator,
2,165,rectangle_java2.jpg,rectangle_java2.jpg,907554736,68,1128.4358823529412,670.0082352941176,1134.5,658,22,20,10,2,class->block->function->block->block_content->decl_stmt->decl->init->expr->call->argument_list->argument->expr->literal,
2,165,rectangle_java2.jpg,rectangle_java2.jpg,907830660,128,1075.3734375,670.5271875,1077.5,658,9,20,"""","""",1,class->block->function->block->block_content->decl_stmt->decl->init->expr->call->argument_list
2,165,rectangle_java2.jpg,rectangle_java2.jpg,908146772,112,1111.1142857142856,675.8471428571429,1115.5,658,10,20,"""","""",1,class->block->function->block->block_content->decl_stmt->decl->init->expr->call->argument_list
2,165,rectangle_java2.jpg,rectangle_java2.jpg,908222758,64,927.491875,671.973125,902.5,658,34,20,new,3,class->block->function->block->block_content->decl_stmt->decl->init->expr->operator,
2,165,rectangle_java2.jpg,rectangle_java2.jpg,908446765,220,930.1489090909092,669.7072727272728,902.5,658,34,20,new,3,class->block->function->block->block_content->decl_stmt->decl->init->expr->operator,
2,165,rectangle_java2.jpg,rectangle_java2.jpg,908446765,220,930.1489090909092,669.7072727272728,941.5,658,91,20,Rectangle,9,class->block->function->block->block_content->decl_stmt->decl->init->expr->call->name,
2,165,rectangle_java2.jpg,rectangle_java2.jpg,908606808,156,938.2358974358974,670.0530769230769,941.5,658,91,20,Rectangle,9,class->block->function->block->block_content->decl_stmt->decl->init->expr->call->name,
2,165,rectangle_java2.jpg,rectangle_java2.jpg,908722451,100,864.0044,672.1308,826.5,658,52,20,rect1,5,class->block->function->block->block_content->decl_stmt->decl->name,
2,165,rectangle_java2.jpg,rectangle_java2.jpg,908833926,108,858.5051851851852,666.5933333333334,826.5,658,52,20,rect1,5,class->block->function->block->block_content->decl_stmt->decl->name,
2,165,rectangle_java2.jpg,rectangle_java2.jpg,909126578,92,891.714347826087,665.4639130434782,883.5,658,15,20,=,1,class->block->function->block->block_content->decl_stmt->decl->init,
2,165,rectangle_java2.jpg,rectangle_java2.jpg,909126578,92,891.714347826087,665.4639130434782,902.5,658,34,20,new,3,class->block->function->block->block_content->decl_stmt->decl->init->expr->operator,
2,165,rectangle_java2.jpg,rectangle_java2.jpg,909262682,72,994.5266666666666,663.2705555555556,941.5,658,91,20,Rectangle,9,class->block->function->block->block_content->decl_stmt->decl->init->expr->call->name,
2,165,rectangle_java2.jpg,rectangle_java2.jpg,909330772,64,1002.239375,650.120625,941.5,658,91,20,Rectangle,9,class->block->function->block->block_content->decl_stmt->decl->init->expr->call->name,
2,165,rectangle_java2.jpg,rectangle_java2.jpg,909458863,124,988.6612903225806,674.0070967741935,941.5,658,91,20,Rectangle,9,class->block->function->block->block_content->decl_stmt->decl->init->expr->call->name,
2,165,rectangle_java2.jpg,rectangle_java2.jpg,909714773,120,963.3373333333334,669.4373333333333,941.5,658,91,20,Rectangle,9,class->block->function->block->block_content->decl_stmt->decl->init->expr->call->name,
2,165,rectangle_java2.jpg,rectangle_java2.jpg,909978642,56,878.6664285714286,675.2971428571428,883.5,658,15,20,=,1,class->block->function->block->block_content->decl_stmt->decl->init,
2,165,rectangle_java2.jpg,rectangle_java2.jpg,910142617,80,868.081,682.1065,730.5,694,177,21,System.out.println,18,class->block->function->block->block_content->expr_stmt->expr->call->name->name->operator->name->operator->name,
2,165,rectangle_java2.jpg,rectangle_java2.jpg,910210632,64,888.691875,673.1593750000001,883.5,658,15,20,=,1,class->block->function->block->block_content->decl_stmt->decl->init,
2,165,rectangle_java2.jpg,rectangle_java2.jpg,910270628,56,874.58,676.3,826.5,658,52,20,rect1,5,class->block->function->block->block_content->decl_stmt->decl->name,
2,165,rectangle_java2.jpg,rectangle_java2.jpg,910270628,56,874.58,676.3,883.5,658,15,20,=,1,class->block->function->block->block_content->decl_stmt->decl->init,
2,165,rectangle_java2.jpg,rectangle_java2.jpg,910394461,120,888.8483333333334,671.2493333333333,883.5,658,15,20,=,1,class->block->function->block->block_content->decl_stmt->decl->init,
2,165,rectangle_java2.jpg,rectangle_java2.jpg,910470387,72,888.3683333333333,669.2066666666667,883.5,658,15,20,=,1,class->block->function->block->block_content->decl_stmt->decl->init,
2,165,rectangle_java2.jpg,rectangle_java2.jpg,910726454,124,1119.6151612903225,674.7161290322581,1115.5,658,10,20,"""","""",1,class->block->function->block->block_content->decl_stmt->decl->init->expr->call->argument_list
2,165,rectangle_java2.jpg,rectangle_java2.jpg,910806498,76,1124.8405263157897,675.6315789473684,1115.5,658,10,20,"""","""",1,class->block->function->block->block_content->decl_stmt->decl->init->expr->call->argument_list
2,165,rectangle_java2.jpg,rectangle_java2.jpg,910806498,76,1124.8405263157897,675.6315789473684,1134.5,658,22,20,10,2,class->block->function->block->block_content->decl_stmt->decl->init->expr->call->argument_list->argument->expr->literal,
2,165,rectangle_java2.jpg,rectangle_java2.jpg,910894485,84,1121.3061904761903,675.4542857142857,1115.5,658,10,20,"""","""",1,class->block->function->block->block_content->decl_stmt->decl->init->expr->call->argument_list
2,165,rectangle_java2.jpg,rectangle_java2.jpg,911026490,128,1092.7378125,675.2709375,1095.5,658,13,20,0,1,class->block->function->block->block_content->decl_stmt->decl->init->expr->call->argument_list->argument->expr->literal,
2,165,rectangle_java2.jpg,rectangle_java2.jpg,911118513,88,1096.7445454545457,671.6372727272727,1095.5,658,13,20,0,1,class->block->function->block->block_content->decl_stmt->decl->init->expr->call->argument_list->argument->expr->literal,
2,165,rectangle_java2.jpg,rectangle_java2.jpg,911198523,76,1093.3463157894737,676.1331578947369,1095.5,658,13,20,0,1,class->block->function->block->block_content->decl_stmt->decl->init->expr->call->argument_list->argument->expr->literal,
2,165,rectangle_java2.jpg,rectangle_java2.jpg,911854592,92,1169.3604347826088,675.4047826086957,1163.5,658,10,20,"""","""",1,class->block->function->block->block_content->decl_stmt->decl->init->expr->call->argument_list
2,165,rectangle_java2.jpg,rectangle_java2.jpg,912290479,220,1135.6465454545455,669.6285454545455,1134.5,658,22,20,10,2,class->block->function->block->block_content->decl_stmt->decl->init->expr->call->argument_list->argument->expr->literal,
2,165,rectangle_java2.jpg,rectangle_java2.jpg,912394687,100,1138.262,659.586,1134.5,658,22,20,10,2,class->block->function->block->block_content->decl_stmt->decl->init->expr->call->argument_list->argument->expr->literal,
2,165,rectangle_java2.jpg,rectangle_java2.jpg,912854243,224,1179.7480357142858,671.4930357142857,1182.5,658,22,20,10,2,class->block->function->block->block_content->decl_stmt->decl->init->expr->call->argument_list->argument->expr->literal,
2,165,rectangle_java2.jpg,rectangle_java2.jpg,912990239,132,1175.9833333333331,669.1733333333333,1182.5,658,22,20,10,2,class->block->function->block->block_content->decl_stmt->decl->init->expr->call->argument_list->argument->expr->literal,
2,165,rectangle_java2.jpg,rectangle_java2.jpg,913198357,84,1128.95,654.615238095238,1134.5,658,22,20,10,2,class->block->function->block->block_content->decl_stmt->decl->init->expr->call->argument_list->argument->expr->literal,
2,165,rectangle_java2.jpg,rectangle_java2.jpg,913850226,212,1094.427358490566,526.0088679245283,1054.5,512,71,21,this.x1,7,class->block->function->block->block_content->return->expr->name->name->operator->name,
2,165,rectangle_java2.jpg,rectangle_java2.jpg,913946211,92,1090.2726086956525,516.4091304347826,1054.5,512,71,21,this.x1,7,class->block->function->block->block_content->return->expr->name->name->operator->name,
2,165,rectangle_java2.jpg,rectangle_java2.jpg,914058190,80,1032.399,524.111,1035.5,512,13,21,-,1,class->block->function->block->block_content->return->expr->name->name,
2,165,rectangle_java2.jpg,rectangle_java2.jpg,914262201,64,1032.124375,528.46,1035.5,512,13,21,-,1,class->block->function->block->block_content->return->expr->name->name,
2,165,rectangle_java2.jpg,rectangle_java2.jpg,914410196,144,1014.5486111111112,527.8911111111111,958.5,512,71,21,this.x2,7,class->block->function->block->block_content->return->expr->name->name->operator->name->operator,
2,165,rectangle_java2.jpg,rectangle_java2.jpg,914570231,96,1154.10625,655.105,1134.5,658,22,20,10,2,class->block->function->block->block_content->decl_stmt->decl->init->expr->call->argument_list->argument->expr->literal,
2,165,rectangle_java2.jpg,rectangle_java2.jpg,914570231,96,1154.10625,655.105,1163.5,658,10,20,"""","""",1,class->block->function->block->block_content->decl_stmt->decl->init->expr->call->argument_list
2,165,rectangle_java2.jpg,rectangle_java2.jpg,915138038,176,1122.520909090909,666.16,1115.5,658,10,20,"""","""",1,class->block->function->block->block_content->decl_stmt->decl->init->expr->call->argument_list
2,165,rectangle_java2.jpg,rectangle_java2.jpg,915138038,176,1122.520909090909,666.16,1134.5,658,22,20,10,2,class->block->function->block->block_content->decl_stmt->decl->init->expr->call->argument_list->argument->expr->literal,
2,165,rectangle_java2.jpg,rectangle_java2.jpg,915458101,316,1118.972658227848,676.8011392405064,1115.5,658,10,20,"""","""",1,class->block->function->block->block_content->decl_stmt->decl->init->expr->call->argument_list
2,165,rectangle_java2.jpg,rectangle_java2.jpg,915710062,84,1166.53,671.6809523809524,1163.5,658,10,20,"""","""",1,class->block->function->block->block_content->decl_stmt->decl->init->expr->call->argument_list
2,165,rectangle_java2.jpg,rectangle_java2.jpg,915866111,72,1164.6555555555556,669.44,1163.5,658,10,20,"""","""",1,class->block->function->block->block_content->decl_stmt->decl->init->expr->call->argument_list
2,165,rectangle_java2.jpg,rectangle_java2.jpg,916234161,84,1090.8738095238095,675.5304761904762,1095.5,658,13,20,0,1,class->block->function->block->block_content->decl_stmt->decl->init->expr->call->argument_list->argument->expr->literal,
2,165,rectangle_java2.jpg,rectangle_java2.jpg,916410138,172,1084.4560465116278,666.3667441860465,1077.5,658,9,20,"""","""",1,class->block->function->block->block_content->decl_stmt->decl->init->expr->call->argument_list
2,165,rectangle_java2.jpg,rectangle_java2.jpg,916410138,172,1084.4560465116278,666.3667441860465,1095.5,658,13,20,0,1,class->block->function->block->block_content->decl_stmt->decl->init->expr->call->argument_list->argument->expr->literal,
2,165,rectangle_java2.jpg,rectangle_java2.jpg,916906044,172,991.4816279069768,714.3244186046512,932.5,694,100,21,rect1.area,10,class->block->function->block->block_content->expr_stmt->expr->call->argument_list->argument->expr->call->name->name->operator->name,
2,165,rectangle_java2.jpg,rectangle_java2.jpg,917066090,80,962.387,720.4375,941.5,731,91,20,Rectangle,9,class->block->function->block->block_content->decl_stmt->decl->init->expr->call->name,
2,165,rectangle_java2.jpg,rectangle_java2.jpg,917150030,80,1003.2135,719.4455,941.5,731,91,20,Rectangle,9,class->block->function->block->block_content->decl_stmt->decl->init->expr->call->name,
2,165,rectangle_java2.jpg,rectangle_java2.jpg,917626260,472,1011.7561016949152,722.7777966101695,941.5,731,91,20,Rectangle,9,class->block->function->block->block_content->decl_stmt->decl->init->expr->call->name,
2,165,rectangle_java2.jpg,rectangle_java2.jpg,917698150,68,1012.1905882352942,729.8870588235294,941.5,731,91,20,Rectangle,9,class->block->function->block->block_content->decl_stmt->decl->init->expr->call->name,
