trial,participant,code_file,code_language,timestamp,duration,x_cord,y_cord,aoi_x,aoi_y,aoi_width,aoi_height,token,length,srcML
2,188,rectangle_java2.jpg,rectangle_java2.jpg,654827922,112,809.2832142857143,385.5546428571428,806.5,367,15,21,=,1,class->block->constructor->block->block_content->expr_stmt->expr->operator
2,188,rectangle_java2.jpg,rectangle_java2.jpg,654899900,68,802.8717647058824,400.24882352941177,806.5,404,15,19,=,1,class->block->constructor->block->block_content->expr_stmt->expr->operator
2,188,rectangle_java2.jpg,rectangle_java2.jpg,655935650,92,798.2113043478261,366.31260869565216,730.5,367,71,21,this.y1,7,class->block->constructor->block->block_content->expr_stmt->expr->name->name->operator->name
2,188,rectangle_java2.jpg,rectangle_java2.jpg,655935650,92,798.2113043478261,366.31260869565216,806.5,367,15,21,=,1,class->block->constructor->block->block_content->expr_stmt->expr->operator
2,188,rectangle_java2.jpg,rectangle_java2.jpg,656335650,108,802.3203703703704,365.4503703703704,806.5,367,15,21,=,1,class->block->constructor->block->block_content->expr_stmt->expr->operator
2,188,rectangle_java2.jpg,rectangle_java2.jpg,656467689,104,837.5742307692308,362.2703846153846,826.5,367,23,21,y1,2,class->block->constructor->block->block_content->expr_stmt->expr->name->name
2,188,rectangle_java2.jpg,rectangle_java2.jpg,656691786,220,838.4129090909091,359.3076363636364,826.5,367,23,21,y1,2,class->block->constructor->block->block_content->expr_stmt->expr->name->name
2,188,rectangle_java2.jpg,rectangle_java2.jpg,656751722,56,828.8057142857143,368.4771428571429,826.5,367,23,21,y1,2,class->block->constructor->block->block_content->expr_stmt->expr->name->name
2,188,rectangle_java2.jpg,rectangle_java2.jpg,657947585,256,836.45328125,361.081875,826.5,367,23,21,y1,2,class->block->constructor->block->block_content->expr_stmt->expr->name->name
2,188,rectangle_java2.jpg,rectangle_java2.jpg,658139562,188,825.7263829787234,366.4931914893617,826.5,367,23,21,y1,2,class->block->constructor->block->block_content->expr_stmt->expr->name->name
2,188,rectangle_java2.jpg,rectangle_java2.jpg,658663530,80,793.8555,364.75,730.5,367,71,21,this.y1,7,class->block->constructor->block->block_content->expr_stmt->expr->name->name->operator->name
2,188,rectangle_java2.jpg,rectangle_java2.jpg,658951516,236,790.0711864406779,374.0347457627119,730.5,367,71,21,this.y1,7,class->block->constructor->block->block_content->expr_stmt->expr->name->name->operator->name
2,188,rectangle_java2.jpg,rectangle_java2.jpg,659063518,108,789.4114814814815,371.7603703703704,730.5,367,71,21,this.y1,7,class->block->constructor->block->block_content->expr_stmt->expr->name->name->operator->name
2,188,rectangle_java2.jpg,rectangle_java2.jpg,659247200,180,795.4942222222222,362.9062222222222,730.5,367,71,21,this.y1,7,class->block->constructor->block->block_content->expr_stmt->expr->name->name->operator->name
2,188,rectangle_java2.jpg,rectangle_java2.jpg,659247200,180,795.4942222222222,362.9062222222222,806.5,367,15,21,=,1,class->block->constructor->block->block_content->expr_stmt->expr->operator
2,188,rectangle_java2.jpg,rectangle_java2.jpg,659367230,116,797.56,363.081724137931,730.5,367,71,21,this.y1,7,class->block->constructor->block->block_content->expr_stmt->expr->name->name->operator->name
2,188,rectangle_java2.jpg,rectangle_java2.jpg,659367230,116,797.56,363.081724137931,806.5,367,15,21,=,1,class->block->constructor->block->block_content->expr_stmt->expr->operator
2,188,rectangle_java2.jpg,rectangle_java2.jpg,661823327,144,814.5580555555556,411.63194444444446,806.5,404,15,19,=,1,class->block->constructor->block->block_content->expr_stmt->expr->operator
2,188,rectangle_java2.jpg,rectangle_java2.jpg,661823327,144,814.5580555555556,411.63194444444446,826.5,404,23,19,x2,2,class->block->constructor->block->block_content->expr_stmt->expr->name->name
2,188,rectangle_java2.jpg,rectangle_java2.jpg,661955301,84,855.8895238095238,406.1904761904762,856.5,404,10,19,;,1,class->block->constructor->block->block_content->expr_stmt
2,188,rectangle_java2.jpg,rectangle_java2.jpg,662387198,60,749.7153333333333,413.868,730.5,404,71,19,this.x2,7,class->block->constructor->block->block_content->expr_stmt->expr->name->name->operator->name
2,188,rectangle_java2.jpg,rectangle_java2.jpg,662487195,96,733.1995833333333,430.08416666666665,730.5,440,71,21,this.y2,7,class->block->constructor->block->block_content->expr_stmt->expr->name->name->operator->name
2,188,rectangle_java2.jpg,rectangle_java2.jpg,662895140,60,762.09,585.9553333333333,737.5,585,62,21,double,6,class->block->function->type->name
2,188,rectangle_java2.jpg,rectangle_java2.jpg,662999028,100,774.09,588.7244,737.5,585,62,21,double,6,class->block->function->type->name
2,188,rectangle_java2.jpg,rectangle_java2.jpg,663411067,96,796.0479166666667,737.4125,730.5,731,91,20,Rectangle,9,class->block->function->block->block_content->decl_stmt->decl->type->name
2,188,rectangle_java2.jpg,rectangle_java2.jpg,663595072,92,848.3330434782608,545.8178260869565,846.5,549,10,21,(,1,class->block->function->parameter_list
2,188,rectangle_java2.jpg,rectangle_java2.jpg,664487194,116,724.0837931034482,399.1586206896552,730.5,404,71,19,this.x2,7,class->block->constructor->block->block_content->expr_stmt->expr->name->name->operator->name
2,188,rectangle_java2.jpg,rectangle_java2.jpg,664627237,136,725.3688235294118,409.2714705882353,730.5,404,71,19,this.x2,7,class->block->constructor->block->block_content->expr_stmt->expr->name->name->operator->name
2,188,rectangle_java2.jpg,rectangle_java2.jpg,664758995,128,721.525625,408.294375,730.5,404,71,19,this.x2,7,class->block->constructor->block->block_content->expr_stmt->expr->name->name->operator->name
2,188,rectangle_java2.jpg,rectangle_java2.jpg,664842846,80,727.8375,405.708,730.5,404,71,19,this.x2,7,class->block->constructor->block->block_content->expr_stmt->expr->name->name->operator->name
2,188,rectangle_java2.jpg,rectangle_java2.jpg,664966947,104,810.74,406.36538461538464,806.5,404,15,19,=,1,class->block->constructor->block->block_content->expr_stmt->expr->operator
2,188,rectangle_java2.jpg,rectangle_java2.jpg,665091028,120,805.7603333333334,406.6206666666667,806.5,404,15,19,=,1,class->block->constructor->block->block_content->expr_stmt->expr->operator
2,188,rectangle_java2.jpg,rectangle_java2.jpg,665167021,72,804.2883333333333,402.1644444444444,806.5,404,15,19,=,1,class->block->constructor->block->block_content->expr_stmt->expr->operator
2,188,rectangle_java2.jpg,rectangle_java2.jpg,665383078,128,764.2153125,393.9425,730.5,404,71,19,this.x2,7,class->block->constructor->block->block_content->expr_stmt->expr->name->name->operator->name
2,188,rectangle_java2.jpg,rectangle_java2.jpg,665511010,96,810.9270833333334,395.60791666666665,806.5,404,15,19,=,1,class->block->constructor->block->block_content->expr_stmt->expr->operator
2,188,rectangle_java2.jpg,rectangle_java2.jpg,665898973,180,815.9964444444445,365.8742222222222,806.5,367,15,21,=,1,class->block->constructor->block->block_content->expr_stmt->expr->operator
2,188,rectangle_java2.jpg,rectangle_java2.jpg,665898973,180,815.9964444444445,365.8742222222222,826.5,367,23,21,y1,2,class->block->constructor->block->block_content->expr_stmt->expr->name->name
2,188,rectangle_java2.jpg,rectangle_java2.jpg,666002977,100,800.4656,365.8036,730.5,367,71,21,this.y1,7,class->block->constructor->block->block_content->expr_stmt->expr->name->name->operator->name
2,188,rectangle_java2.jpg,rectangle_java2.jpg,666002977,100,800.4656,365.8036,806.5,367,15,21,=,1,class->block->constructor->block->block_content->expr_stmt->expr->operator
2,188,rectangle_java2.jpg,rectangle_java2.jpg,666394986,56,823.8785714285714,374.5342857142857,826.5,367,23,21,y1,2,class->block->constructor->block->block_content->expr_stmt->expr->name->name
2,188,rectangle_java2.jpg,rectangle_java2.jpg,666515004,116,820.5203448275862,386.6920689655173,806.5,367,15,21,=,1,class->block->constructor->block->block_content->expr_stmt->expr->operator
2,188,rectangle_java2.jpg,rectangle_java2.jpg,666515004,116,820.5203448275862,386.6920689655173,826.5,367,23,21,y1,2,class->block->constructor->block->block_content->expr_stmt->expr->name->name
2,188,rectangle_java2.jpg,rectangle_java2.jpg,669094776,204,827.606862745098,404.02019607843135,826.5,404,23,19,x2,2,class->block->constructor->block->block_content->expr_stmt->expr->name->name
2,188,rectangle_java2.jpg,rectangle_java2.jpg,669358741,228,835.1228070175439,342.2322807017544,826.5,331,23,19,x1,2,class->block->constructor->block->block_content->expr_stmt->expr->name->name
2,188,rectangle_java2.jpg,rectangle_java2.jpg,669498745,136,827.7041176470589,361.62735294117647,826.5,367,23,21,y1,2,class->block->constructor->block->block_content->expr_stmt->expr->name->name
2,188,rectangle_java2.jpg,rectangle_java2.jpg,669666824,80,848.478,419.19450000000006,826.5,404,23,19,x2,2,class->block->constructor->block->block_content->expr_stmt->expr->name->name
2,188,rectangle_java2.jpg,rectangle_java2.jpg,669666824,80,848.478,419.19450000000006,856.5,404,10,19,;,1,class->block->constructor->block->block_content->expr_stmt
2,188,rectangle_java2.jpg,rectangle_java2.jpg,669766798,96,850.7833333333333,414.4512500000001,856.5,404,10,19,;,1,class->block->constructor->block->block_content->expr_stmt
2,188,rectangle_java2.jpg,rectangle_java2.jpg,670102735,64,797.48375,343.4225,730.5,331,71,19,this.x1,7,class->block->constructor->block->block_content->expr_stmt->expr->name->name->operator->name
2,188,rectangle_java2.jpg,rectangle_java2.jpg,670102735,64,797.48375,343.4225,806.5,331,15,19,=,1,class->block->constructor->block->block_content->expr_stmt->expr->operator
2,188,rectangle_java2.jpg,rectangle_java2.jpg,670210744,56,804.3592857142858,370.7364285714286,806.5,367,15,21,=,1,class->block->constructor->block->block_content->expr_stmt->expr->operator
2,188,rectangle_java2.jpg,rectangle_java2.jpg,670538647,84,818.8328571428572,359.01666666666665,806.5,367,15,21,=,1,class->block->constructor->block->block_content->expr_stmt->expr->operator
2,188,rectangle_java2.jpg,rectangle_java2.jpg,670538647,84,818.8328571428572,359.01666666666665,826.5,367,23,21,y1,2,class->block->constructor->block->block_content->expr_stmt->expr->name->name
2,188,rectangle_java2.jpg,rectangle_java2.jpg,670698565,156,796.5,364.92384615384617,730.5,367,71,21,this.y1,7,class->block->constructor->block->block_content->expr_stmt->expr->name->name->operator->name
2,188,rectangle_java2.jpg,rectangle_java2.jpg,670698565,156,796.5,364.92384615384617,806.5,367,15,21,=,1,class->block->constructor->block->block_content->expr_stmt->expr->operator
2,188,rectangle_java2.jpg,rectangle_java2.jpg,674510321,92,736.5217391304348,397.2730434782609,730.5,404,71,19,this.x2,7,class->block->constructor->block->block_content->expr_stmt->expr->name->name->operator->name
2,188,rectangle_java2.jpg,rectangle_java2.jpg,674674348,160,729.8375,394.443,730.5,404,71,19,this.x2,7,class->block->constructor->block->block_content->expr_stmt->expr->name->name->operator->name
2,188,rectangle_java2.jpg,rectangle_java2.jpg,674750361,72,718.28,398.50555555555553,730.5,404,71,19,this.x2,7,class->block->constructor->block->block_content->expr_stmt->expr->name->name->operator->name
2,188,rectangle_java2.jpg,rectangle_java2.jpg,675558334,104,824.646923076923,393.0996153846154,826.5,404,23,19,x2,2,class->block->constructor->block->block_content->expr_stmt->expr->name->name
2,188,rectangle_java2.jpg,rectangle_java2.jpg,676522258,144,850.5705555555555,405.99861111111113,856.5,404,10,19,;,1,class->block->constructor->block->block_content->expr_stmt
2,188,rectangle_java2.jpg,rectangle_java2.jpg,676666301,140,849.5542857142857,393.7957142857143,856.5,404,10,19,;,1,class->block->constructor->block->block_content->expr_stmt
2,188,rectangle_java2.jpg,rectangle_java2.jpg,676790256,120,846.539,410.8663333333333,826.5,404,23,19,x2,2,class->block->constructor->block->block_content->expr_stmt->expr->name->name
2,188,rectangle_java2.jpg,rectangle_java2.jpg,676790256,120,846.539,410.8663333333333,856.5,404,10,19,;,1,class->block->constructor->block->block_content->expr_stmt
2,188,rectangle_java2.jpg,rectangle_java2.jpg,676858234,64,836.984375,345.721875,826.5,331,23,19,x1,2,class->block->constructor->block->block_content->expr_stmt->expr->name->name
2,188,rectangle_java2.jpg,rectangle_java2.jpg,677090252,228,833.7533333333333,346.9164912280702,826.5,331,23,19,x1,2,class->block->constructor->block->block_content->expr_stmt->expr->name->name
2,188,rectangle_java2.jpg,rectangle_java2.jpg,677506213,96,819.05125,342.185,806.5,331,15,19,=,1,class->block->constructor->block->block_content->expr_stmt->expr->operator
2,188,rectangle_java2.jpg,rectangle_java2.jpg,677506213,96,819.05125,342.185,826.5,331,23,19,x1,2,class->block->constructor->block->block_content->expr_stmt->expr->name->name
2,188,rectangle_java2.jpg,rectangle_java2.jpg,677594206,84,818.5385714285715,327.22238095238095,806.5,331,15,19,=,1,class->block->constructor->block->block_content->expr_stmt->expr->operator
2,188,rectangle_java2.jpg,rectangle_java2.jpg,677594206,84,818.5385714285715,327.22238095238095,826.5,331,23,19,x1,2,class->block->constructor->block->block_content->expr_stmt->expr->name->name
2,188,rectangle_java2.jpg,rectangle_java2.jpg,677881924,76,789.7168421052631,357.15684210526314,730.5,367,71,21,this.y1,7,class->block->constructor->block->block_content->expr_stmt->expr->name->name->operator->name
2,188,rectangle_java2.jpg,rectangle_java2.jpg,677977981,92,821.9760869565217,349.7195652173913,826.5,331,23,19,x1,2,class->block->constructor->block->block_content->expr_stmt->expr->name->name
2,188,rectangle_java2.jpg,rectangle_java2.jpg,680085916,116,834.231724137931,355.0655172413793,826.5,367,23,21,y1,2,class->block->constructor->block->block_content->expr_stmt->expr->name->name
2,188,rectangle_java2.jpg,rectangle_java2.jpg,680225944,100,796.7244000000001,354.9604,730.5,367,71,21,this.y1,7,class->block->constructor->block->block_content->expr_stmt->expr->name->name->operator->name
2,188,rectangle_java2.jpg,rectangle_java2.jpg,680225944,100,796.7244000000001,354.9604,806.5,367,15,21,=,1,class->block->constructor->block->block_content->expr_stmt->expr->operator
2,188,rectangle_java2.jpg,rectangle_java2.jpg,680305958,76,789.3368421052631,349.7421052631579,730.5,331,71,19,this.x1,7,class->block->constructor->block->block_content->expr_stmt->expr->name->name->operator->name
2,188,rectangle_java2.jpg,rectangle_java2.jpg,683373759,200,856.7566,357.3132,856.5,367,10,21,;,1,class->block->constructor->block->block_content->expr_stmt
2,188,rectangle_java2.jpg,rectangle_java2.jpg,683833651,404,821.2444554455445,356.67584158415843,806.5,367,15,21,=,1,class->block->constructor->block->block_content->expr_stmt->expr->operator
2,188,rectangle_java2.jpg,rectangle_java2.jpg,683833651,404,821.2444554455445,356.67584158415843,826.5,367,23,21,y1,2,class->block->constructor->block->block_content->expr_stmt->expr->name->name
2,188,rectangle_java2.jpg,rectangle_java2.jpg,684097669,192,811.738125,396.3527083333333,806.5,404,15,19,=,1,class->block->constructor->block->block_content->expr_stmt->expr->operator
2,188,rectangle_java2.jpg,rectangle_java2.jpg,684185668,84,816.9938095238095,401.1671428571429,806.5,404,15,19,=,1,class->block->constructor->block->block_content->expr_stmt->expr->operator
2,188,rectangle_java2.jpg,rectangle_java2.jpg,684185668,84,816.9938095238095,401.1671428571429,826.5,404,23,19,x2,2,class->block->constructor->block->block_content->expr_stmt->expr->name->name
2,188,rectangle_java2.jpg,rectangle_java2.jpg,684273623,84,839.037619047619,401.4147619047619,826.5,404,23,19,x2,2,class->block->constructor->block->block_content->expr_stmt->expr->name->name
2,188,rectangle_java2.jpg,rectangle_java2.jpg,684621624,56,859.4507142857143,399.51,856.5,404,10,19,;,1,class->block->constructor->block->block_content->expr_stmt
2,188,rectangle_java2.jpg,rectangle_java2.jpg,685537509,128,741.14375,395.5784375,730.5,404,71,19,this.x2,7,class->block->constructor->block->block_content->expr_stmt->expr->name->name->operator->name
2,188,rectangle_java2.jpg,rectangle_java2.jpg,686477576,192,810.6652083333333,448.426875,806.5,440,15,21,=,1,class->block->constructor->block->block_content->expr_stmt->expr->operator
2,188,rectangle_java2.jpg,rectangle_java2.jpg,686717570,204,718.5270588235294,448.2617647058824,730.5,440,71,21,this.y2,7,class->block->constructor->block->block_content->expr_stmt->expr->name->name->operator->name
2,188,rectangle_java2.jpg,rectangle_java2.jpg,686893590,128,822.6253125,453.2009375,826.5,440,23,21,y2,2,class->block->constructor->block->block_content->expr_stmt->expr->name->name
2,188,rectangle_java2.jpg,rectangle_java2.jpg,686973568,76,832.5684210526316,445.16105263157897,826.5,440,23,21,y2,2,class->block->constructor->block->block_content->expr_stmt->expr->name->name
2,188,rectangle_java2.jpg,rectangle_java2.jpg,687041550,64,853.000625,448.0725,856.5,440,10,21,;,1,class->block->constructor->block->block_content->expr_stmt
2,188,rectangle_java2.jpg,rectangle_java2.jpg,687641424,76,720.5368421052632,382.9410526315789,730.5,367,71,21,this.y1,7,class->block->constructor->block->block_content->expr_stmt->expr->name->name->operator->name
2,188,rectangle_java2.jpg,rectangle_java2.jpg,687777435,72,719.665,412.12277777777786,730.5,404,71,19,this.x2,7,class->block->constructor->block->block_content->expr_stmt->expr->name->name->operator->name
2,188,rectangle_java2.jpg,rectangle_java2.jpg,687993404,80,718.397,395.6735,730.5,404,71,19,this.x2,7,class->block->constructor->block->block_content->expr_stmt->expr->name->name->operator->name
2,188,rectangle_java2.jpg,rectangle_java2.jpg,688477442,64,842.33125,330.74875,826.5,331,23,19,x1,2,class->block->constructor->block->block_content->expr_stmt->expr->name->name
2,188,rectangle_java2.jpg,rectangle_java2.jpg,688593466,56,830.205,367.0157142857143,826.5,367,23,21,y1,2,class->block->constructor->block->block_content->expr_stmt->expr->name->name
2,188,rectangle_java2.jpg,rectangle_java2.jpg,688801405,172,823.6425581395349,416.96,826.5,404,23,19,x2,2,class->block->constructor->block->block_content->expr_stmt->expr->name->name
2,188,rectangle_java2.jpg,rectangle_java2.jpg,689125126,284,732.4732394366197,402.977323943662,730.5,404,71,19,this.x2,7,class->block->constructor->block->block_content->expr_stmt->expr->name->name->operator->name
2,188,rectangle_java2.jpg,rectangle_java2.jpg,690237296,164,828.0051219512195,404.8873170731707,826.5,404,23,19,x2,2,class->block->constructor->block->block_content->expr_stmt->expr->name->name
2,188,rectangle_java2.jpg,rectangle_java2.jpg,690721252,132,843.7281818181818,402.3990909090909,826.5,404,23,19,x2,2,class->block->constructor->block->block_content->expr_stmt->expr->name->name
2,188,rectangle_java2.jpg,rectangle_java2.jpg,691141166,104,841.66,402.8173076923077,826.5,404,23,19,x2,2,class->block->constructor->block->block_content->expr_stmt->expr->name->name
2,188,rectangle_java2.jpg,rectangle_java2.jpg,691237122,92,844.721304347826,406.61652173913046,826.5,404,23,19,x2,2,class->block->constructor->block->block_content->expr_stmt->expr->name->name
2,188,rectangle_java2.jpg,rectangle_java2.jpg,691237122,92,844.721304347826,406.61652173913046,856.5,404,10,19,;,1,class->block->constructor->block->block_content->expr_stmt
2,188,rectangle_java2.jpg,rectangle_java2.jpg,692237156,76,720.2573684210527,458.7678947368421,730.5,440,71,21,this.y2,7,class->block->constructor->block->block_content->expr_stmt->expr->name->name->operator->name
2,188,rectangle_java2.jpg,rectangle_java2.jpg,692325154,64,842.9825,448.71625,826.5,440,23,21,y2,2,class->block->constructor->block->block_content->expr_stmt->expr->name->name
2,188,rectangle_java2.jpg,rectangle_java2.jpg,692645012,164,851.5487804878048,456.6600000000001,856.5,440,10,21,;,1,class->block->constructor->block->block_content->expr_stmt
2,188,rectangle_java2.jpg,rectangle_java2.jpg,692756908,108,851.9277777777778,455.87370370370377,856.5,440,10,21,;,1,class->block->constructor->block->block_content->expr_stmt
2,188,rectangle_java2.jpg,rectangle_java2.jpg,693561050,120,707.1886666666667,503.764,669.5,512,63,21,public,6,class->block->function->type->specifier
2,188,rectangle_java2.jpg,rectangle_java2.jpg,693653041,88,706.4113636363636,509.675909090909,669.5,512,63,21,public,6,class->block->function->type->specifier
2,188,rectangle_java2.jpg,rectangle_java2.jpg,694201015,144,834.8258333333333,502.7505555555556,837.5,512,9,21,(,1,class->block->function->parameter_list
2,188,rectangle_java2.jpg,rectangle_java2.jpg,697040792,92,669.0182608695652,494.368695652174,672.5,478,10,18,},1,class->block->constructor->block
2,188,rectangle_java2.jpg,rectangle_java2.jpg,697176774,84,713.7328571428571,502.0323809523809,669.5,512,63,21,public,6,class->block->function->type->specifier
2,188,rectangle_java2.jpg,rectangle_java2.jpg,698384586,144,964.9713888888888,500.6775,958.5,512,71,21,this.x2,7,class->block->function->block->block_content->return->expr->name->name->operator->name->operator
2,188,rectangle_java2.jpg,rectangle_java2.jpg,698660637,64,946.373125,500.8787500000001,891.5,512,62,21,return,6,class->block->function->block->block_content->return->expr->name->name
2,188,rectangle_java2.jpg,rectangle_java2.jpg,698660637,64,946.373125,500.8787500000001,958.5,512,71,21,this.x2,7,class->block->function->block->block_content->return->expr->name->name->operator->name->operator
2,188,rectangle_java2.jpg,rectangle_java2.jpg,700264430,140,832.1965714285715,445.6188571428572,826.5,440,23,21,y2,2,class->block->constructor->block->block_content->expr_stmt->expr->name->name
2,188,rectangle_java2.jpg,rectangle_java2.jpg,700340470,72,844.1183333333333,447.3,826.5,440,23,21,y2,2,class->block->constructor->block->block_content->expr_stmt->expr->name->name
2,188,rectangle_java2.jpg,rectangle_java2.jpg,700340470,72,844.1183333333333,447.3,856.5,440,10,21,;,1,class->block->constructor->block->block_content->expr_stmt
2,188,rectangle_java2.jpg,rectangle_java2.jpg,700468561,92,841.648695652174,509.48434782608695,837.5,512,9,21,(,1,class->block->function->parameter_list
2,188,rectangle_java2.jpg,rectangle_java2.jpg,700636524,128,667.5296875,560.868125,669.5,549,63,21,public,6,class->block->function->type->specifier
2,188,rectangle_java2.jpg,rectangle_java2.jpg,701000477,116,720.8713793103449,579.9693103448276,669.5,585,63,21,public,6,class->block->function->type->specifier
2,188,rectangle_java2.jpg,rectangle_java2.jpg,701080468,76,727.9557894736843,584.7363157894737,669.5,585,63,21,public,6,class->block->function->type->specifier
2,188,rectangle_java2.jpg,rectangle_java2.jpg,701080468,76,727.9557894736843,584.7363157894737,737.5,585,62,21,double,6,class->block->function->type->name
2,188,rectangle_java2.jpg,rectangle_java2.jpg,701296474,144,806.2527777777777,583.4916666666667,804.5,585,43,21,area,4,class->block->function->name
2,188,rectangle_java2.jpg,rectangle_java2.jpg,701524430,184,887.4221739130435,579.8034782608696,893.5,585,10,21,{,1,class->block->function->block
2,188,rectangle_java2.jpg,rectangle_java2.jpg,701872543,204,819.474705882353,577.0060784313725,804.5,585,43,21,area,4,class->block->function->name
2,188,rectangle_java2.jpg,rectangle_java2.jpg,702120398,76,839.8694736842106,568.7073684210526,846.5,549,10,21,(,1,class->block->function->parameter_list
2,188,rectangle_java2.jpg,rectangle_java2.jpg,702212431,88,850.2913636363636,573.5845454545455,856.5,585,9,21,(,1,class->block->function->parameter_list
2,188,rectangle_java2.jpg,rectangle_java2.jpg,702300444,72,707.9166666666666,614.4922222222223,669.5,621,63,21,public,6,class->block->function->type->specifier
2,188,rectangle_java2.jpg,rectangle_java2.jpg,702452399,148,701.8467567567568,617.3032432432433,669.5,621,63,21,public,6,class->block->function->type->specifier
2,188,rectangle_java2.jpg,rectangle_java2.jpg,702932295,140,734.1822857142857,594.7848571428572,737.5,585,62,21,double,6,class->block->function->type->name
2,188,rectangle_java2.jpg,rectangle_java2.jpg,703100343,164,741.9385365853659,609.040243902439,738.5,621,61,21,static,6,class->block->function->type->specifier
2,188,rectangle_java2.jpg,rectangle_java2.jpg,703312320,176,797.9131818181818,610.4959090909091,738.5,621,61,21,static,6,class->block->function->type->specifier
2,188,rectangle_java2.jpg,rectangle_java2.jpg,703312320,176,797.9131818181818,610.4959090909091,804.5,621,44,21,void,4,class->block->function->type->name
2,188,rectangle_java2.jpg,rectangle_java2.jpg,703400334,76,706.2473684210527,604.5431578947369,669.5,585,63,21,public,6,class->block->function->type->specifier
2,188,rectangle_java2.jpg,rectangle_java2.jpg,703612371,136,716.1297058823529,568.8344117647059,669.5,549,63,21,public,6,class->block->function->type->specifier
2,188,rectangle_java2.jpg,rectangle_java2.jpg,703844240,204,815.5725490196079,579.9366666666666,804.5,585,43,21,area,4,class->block->function->name
2,188,rectangle_java2.jpg,rectangle_java2.jpg,704060247,72,916.5133333333332,579.6377777777777,910.5,585,62,21,return,6,class->block->function->block->block_content->return
2,188,rectangle_java2.jpg,rectangle_java2.jpg,704240246,104,694.5826923076924,611.1907692307692,669.5,621,63,21,public,6,class->block->function->type->specifier
2,188,rectangle_java2.jpg,rectangle_java2.jpg,704636185,88,699.2859090909091,581.0254545454545,669.5,585,63,21,public,6,class->block->function->type->specifier
2,188,rectangle_java2.jpg,rectangle_java2.jpg,704808253,100,765.8652,573.9004,737.5,585,62,21,double,6,class->block->function->type->name
2,188,rectangle_java2.jpg,rectangle_java2.jpg,704956198,108,814.2392592592593,600.0940740740741,804.5,585,43,21,area,4,class->block->function->name
2,188,rectangle_java2.jpg,rectangle_java2.jpg,705032172,72,815.7605555555556,620.9577777777778,804.5,621,44,21,void,4,class->block->function->type->name
2,188,rectangle_java2.jpg,rectangle_java2.jpg,705216212,156,894.4605128205128,611.7925641025641,851.5,621,44,21,main,4,class->block->function->name
2,188,rectangle_java2.jpg,rectangle_java2.jpg,705216212,156,894.4605128205128,611.7925641025641,904.5,621,9,21,(,1,class->block->function->parameter_list
2,188,rectangle_java2.jpg,rectangle_java2.jpg,705412241,60,973.778,605.562,977.5,585,101,21,this.width,10,class->block->function->block->block_content->return->expr->call->name->name->operator->name
2,188,rectangle_java2.jpg,rectangle_java2.jpg,705968120,208,729.5498076923077,611.2875,669.5,621,63,21,public,6,class->block->function->type->specifier
2,188,rectangle_java2.jpg,rectangle_java2.jpg,705968120,208,729.5498076923077,611.2875,738.5,621,61,21,static,6,class->block->function->type->specifier
2,188,rectangle_java2.jpg,rectangle_java2.jpg,706148108,176,690.8425,623.8413636363637,669.5,621,63,21,public,6,class->block->function->type->specifier
2,188,rectangle_java2.jpg,rectangle_java2.jpg,706316112,140,739.7948571428572,609.2937142857143,738.5,621,61,21,static,6,class->block->function->type->specifier
2,188,rectangle_java2.jpg,rectangle_java2.jpg,706428127,108,743.0911111111111,620.1511111111112,738.5,621,61,21,static,6,class->block->function->type->specifier
2,188,rectangle_java2.jpg,rectangle_java2.jpg,706496112,64,736.51,623.425625,738.5,621,61,21,static,6,class->block->function->type->specifier
2,188,rectangle_java2.jpg,rectangle_java2.jpg,706604081,68,803.5829411764706,619.23,804.5,621,44,21,void,4,class->block->function->type->name
2,188,rectangle_java2.jpg,rectangle_java2.jpg,706680074,72,807.0133333333333,615.0116666666667,804.5,621,44,21,void,4,class->block->function->type->name
2,188,rectangle_java2.jpg,rectangle_java2.jpg,706756083,72,806.5911111111111,612.8766666666667,804.5,621,44,21,void,4,class->block->function->type->name
2,188,rectangle_java2.jpg,rectangle_java2.jpg,706832092,72,803.425,618.5366666666666,804.5,621,44,21,void,4,class->block->function->type->name
2,188,rectangle_java2.jpg,rectangle_java2.jpg,707048045,176,885.3593181818181,605.6693181818182,893.5,585,10,21,{,1,class->block->function->block
2,188,rectangle_java2.jpg,rectangle_java2.jpg,707132080,80,913.9585,613.427,920.5,621,62,21,String,6,class->block->function->parameter_list->parameter->decl->type->name->name
2,188,rectangle_java2.jpg,rectangle_java2.jpg,707212113,76,924.9068421052632,617.6278947368421,920.5,621,62,21,String,6,class->block->function->parameter_list->parameter->decl->type->name->name
2,188,rectangle_java2.jpg,rectangle_java2.jpg,707324070,56,985.9235714285714,612.0585714285714,990.5,621,10,21,[,1,class->block->function->parameter_list->parameter->decl->type->name->index
2,188,rectangle_java2.jpg,rectangle_java2.jpg,707891959,72,830.1327777777777,577.43,804.5,585,43,21,area,4,class->block->function->name
2,188,rectangle_java2.jpg,rectangle_java2.jpg,707959952,64,827.711875,588.169375,804.5,585,43,21,area,4,class->block->function->name
2,188,rectangle_java2.jpg,rectangle_java2.jpg,708175899,184,707.6902173913044,603.414347826087,669.5,585,63,21,public,6,class->block->function->type->specifier
2,188,rectangle_java2.jpg,rectangle_java2.jpg,708299889,120,711.7526666666666,616.854,669.5,621,63,21,public,6,class->block->function->type->specifier
2,188,rectangle_java2.jpg,rectangle_java2.jpg,708375930,72,709.7888888888889,612.7283333333334,669.5,621,63,21,public,6,class->block->function->type->specifier
2,188,rectangle_java2.jpg,rectangle_java2.jpg,708447969,68,725.454705882353,618.0276470588235,669.5,621,63,21,public,6,class->block->function->type->specifier
2,188,rectangle_java2.jpg,rectangle_java2.jpg,708767966,88,798.775,577.7136363636364,737.5,585,62,21,double,6,class->block->function->type->name
2,188,rectangle_java2.jpg,rectangle_java2.jpg,708767966,88,798.775,577.7136363636364,804.5,585,43,21,area,4,class->block->function->name
2,188,rectangle_java2.jpg,rectangle_java2.jpg,708972003,88,839.4195454545454,573.0936363636364,804.5,585,43,21,area,4,class->block->function->name
2,188,rectangle_java2.jpg,rectangle_java2.jpg,709755840,92,733.9426086956522,555.5834782608696,737.5,549,33,21,int,3,class->block->function->type->name
2,188,rectangle_java2.jpg,rectangle_java2.jpg,709903833,144,739.8844444444444,564.5419444444444,737.5,549,33,21,int,3,class->block->function->type->name
2,188,rectangle_java2.jpg,rectangle_java2.jpg,709995755,88,743.0527272727272,575.9940909090909,737.5,585,62,21,double,6,class->block->function->type->name
2,188,rectangle_java2.jpg,rectangle_java2.jpg,710099701,88,825.5195454545454,582.6222727272727,804.5,585,43,21,area,4,class->block->function->name
2,188,rectangle_java2.jpg,rectangle_java2.jpg,710727886,172,913.9146511627908,564.3086046511628,900.5,549,63,21,return,6,class->block->function->block->block_content->return
2,188,rectangle_java2.jpg,rectangle_java2.jpg,710847810,92,750.6465217391304,559.7630434782609,737.5,549,33,21,int,3,class->block->function->type->name
2,188,rectangle_java2.jpg,rectangle_java2.jpg,711043813,64,740.653125,588.206875,737.5,585,62,21,double,6,class->block->function->type->name
2,188,rectangle_java2.jpg,rectangle_java2.jpg,711227734,144,843.7136111111112,576.0866666666667,804.5,585,43,21,area,4,class->block->function->name
2,188,rectangle_java2.jpg,rectangle_java2.jpg,711391634,64,907.05125,582.34375,910.5,585,62,21,return,6,class->block->function->block->block_content->return
2,188,rectangle_java2.jpg,rectangle_java2.jpg,711607677,164,695.9639024390244,602.8851219512195,669.5,585,63,21,public,6,class->block->function->type->specifier
2,188,rectangle_java2.jpg,rectangle_java2.jpg,711739698,128,698.208125,574.7878125,669.5,585,63,21,public,6,class->block->function->type->specifier
2,188,rectangle_java2.jpg,rectangle_java2.jpg,711911677,76,789.2252631578947,579.1663157894736,737.5,585,62,21,double,6,class->block->function->type->name
2,188,rectangle_java2.jpg,rectangle_java2.jpg,711987680,72,790.5855555555555,572.9394444444445,737.5,585,62,21,double,6,class->block->function->type->name
2,188,rectangle_java2.jpg,rectangle_java2.jpg,712127671,80,903.5195,561.817,900.5,549,63,21,return,6,class->block->function->block->block_content->return
2,188,rectangle_java2.jpg,rectangle_java2.jpg,712899713,92,720.0217391304348,562.0882608695653,669.5,549,63,21,public,6,class->block->function->type->specifier
2,188,rectangle_java2.jpg,rectangle_java2.jpg,713123499,168,735.6233333333333,590.9497619047619,737.5,585,62,21,double,6,class->block->function->type->name
2,188,rectangle_java2.jpg,rectangle_java2.jpg,713227467,64,781.744375,598.335625,737.5,585,62,21,double,6,class->block->function->type->name
2,188,rectangle_java2.jpg,rectangle_java2.jpg,713327513,56,773.8764285714286,600.0385714285715,737.5,585,62,21,double,6,class->block->function->type->name
2,188,rectangle_java2.jpg,rectangle_java2.jpg,713419552,88,786.6163636363636,609.8636363636364,738.5,621,61,21,static,6,class->block->function->type->specifier
2,188,rectangle_java2.jpg,rectangle_java2.jpg,713619541,168,838.3942857142857,615.3711904761905,804.5,621,44,21,void,4,class->block->function->type->name
2,188,rectangle_java2.jpg,rectangle_java2.jpg,714391587,104,723.5280769230769,597.5707692307692,669.5,585,63,21,public,6,class->block->function->type->specifier
2,188,rectangle_java2.jpg,rectangle_java2.jpg,714455572,60,688.2273333333334,594.5293333333333,669.5,585,63,21,public,6,class->block->function->type->specifier
2,188,rectangle_java2.jpg,rectangle_java2.jpg,714543575,84,683.977619047619,602.9538095238095,669.5,585,63,21,public,6,class->block->function->type->specifier
2,188,rectangle_java2.jpg,rectangle_java2.jpg,714731565,148,687.9743243243244,560.2502702702702,669.5,549,63,21,public,6,class->block->function->type->specifier
2,188,rectangle_java2.jpg,rectangle_java2.jpg,714919421,176,848.6765909090909,569.1290909090909,846.5,549,10,21,(,1,class->block->function->parameter_list
2,188,rectangle_java2.jpg,rectangle_java2.jpg,715035312,60,906.502,568.2406666666667,900.5,549,63,21,return,6,class->block->function->block->block_content->return
2,188,rectangle_java2.jpg,rectangle_java2.jpg,715795474,156,693.51,587.4407692307692,669.5,585,63,21,public,6,class->block->function->type->specifier
2,188,rectangle_java2.jpg,rectangle_java2.jpg,715907463,68,728.9347058823529,592.6311764705882,669.5,585,63,21,public,6,class->block->function->type->specifier
2,188,rectangle_java2.jpg,rectangle_java2.jpg,715907463,68,728.9347058823529,592.6311764705882,737.5,585,62,21,double,6,class->block->function->type->name
2,188,rectangle_java2.jpg,rectangle_java2.jpg,716399398,72,747.8272222222222,561.04,737.5,549,33,21,int,3,class->block->function->type->name
2,188,rectangle_java2.jpg,rectangle_java2.jpg,716523453,80,771.7585,579.2555,737.5,585,62,21,double,6,class->block->function->type->name
2,188,rectangle_java2.jpg,rectangle_java2.jpg,716623512,96,766.3920833333333,565.19375,737.5,549,33,21,int,3,class->block->function->type->name
2,188,rectangle_java2.jpg,rectangle_java2.jpg,716623512,96,766.3920833333333,565.19375,775.5,549,62,21,height,6,class->block->function->name
2,188,rectangle_java2.jpg,rectangle_java2.jpg,716707386,80,770.4780000000001,575.9375,737.5,585,62,21,double,6,class->block->function->type->name
2,188,rectangle_java2.jpg,rectangle_java2.jpg,716951244,96,784.6425,458.5158333333334,730.5,440,71,21,this.y2,7,class->block->constructor->block->block_content->expr_stmt->expr->name->name->operator->name
2,188,rectangle_java2.jpg,rectangle_java2.jpg,717067346,80,733.8165,382.4355,730.5,367,71,21,this.y1,7,class->block->constructor->block->block_content->expr_stmt->expr->name->name->operator->name
2,188,rectangle_java2.jpg,rectangle_java2.jpg,717159318,88,737.4454545454546,375.7340909090909,730.5,367,71,21,this.y1,7,class->block->constructor->block->block_content->expr_stmt->expr->name->name->operator->name
2,188,rectangle_java2.jpg,rectangle_java2.jpg,717355307,168,781.9847619047619,347.2697619047619,730.5,331,71,19,this.x1,7,class->block->constructor->block->block_content->expr_stmt->expr->name->name->operator->name
2,188,rectangle_java2.jpg,rectangle_java2.jpg,718011318,116,720.3868965517241,623.3724137931034,669.5,621,63,21,public,6,class->block->function->type->specifier
2,188,rectangle_java2.jpg,rectangle_java2.jpg,718223305,208,729.5246153846153,626.7915384615385,669.5,621,63,21,public,6,class->block->function->type->specifier
2,188,rectangle_java2.jpg,rectangle_java2.jpg,718223305,208,729.5246153846153,626.7915384615385,738.5,621,61,21,static,6,class->block->function->type->specifier
2,188,rectangle_java2.jpg,rectangle_java2.jpg,718331278,104,718.6642307692308,619.2723076923077,669.5,621,63,21,public,6,class->block->function->type->specifier
2,188,rectangle_java2.jpg,rectangle_java2.jpg,718443238,108,718.4111111111112,625.7722222222222,669.5,621,63,21,public,6,class->block->function->type->specifier
2,188,rectangle_java2.jpg,rectangle_java2.jpg,718655210,184,670.325652173913,587.3760869565217,669.5,585,63,21,public,6,class->block->function->type->specifier
2,188,rectangle_java2.jpg,rectangle_java2.jpg,718743183,56,719.9721428571429,614.5614285714286,669.5,621,63,21,public,6,class->block->function->type->specifier
2,188,rectangle_java2.jpg,rectangle_java2.jpg,719227109,60,858.5066666666667,578.9946666666666,856.5,585,9,21,(,1,class->block->function->parameter_list
2,188,rectangle_java2.jpg,rectangle_java2.jpg,719335123,104,862.035,591.9861538461539,856.5,585,9,21,(,1,class->block->function->parameter_list
2,188,rectangle_java2.jpg,rectangle_java2.jpg,719335123,104,862.035,591.9861538461539,873.5,585,9,21,),1,class->block->function->parameter_list
2,188,rectangle_java2.jpg,rectangle_java2.jpg,719491167,116,922.5789655172414,602.04,910.5,585,62,21,return,6,class->block->function->block->block_content->return
2,188,rectangle_java2.jpg,rectangle_java2.jpg,719599237,60,917.016,615.7033333333334,920.5,621,62,21,String,6,class->block->function->parameter_list->parameter->decl->type->name->name
2,188,rectangle_java2.jpg,rectangle_java2.jpg,719735234,100,988.2932,597.6764,977.5,585,101,21,this.width,10,class->block->function->block->block_content->return->expr->call->name->name->operator->name
2,188,rectangle_java2.jpg,rectangle_java2.jpg,719831196,92,984.2591304347826,605.4739130434783,977.5,585,101,21,this.width,10,class->block->function->block->block_content->return->expr->call->name->name->operator->name
2,188,rectangle_java2.jpg,rectangle_java2.jpg,719939189,72,1028.4044444444444,608.9511111111111,1025.5,621,42,21,args,4,class->block->function->parameter_list->parameter->decl->name
2,188,rectangle_java2.jpg,rectangle_java2.jpg,720407193,68,1010.880588235294,594.6223529411765,977.5,585,101,21,this.width,10,class->block->function->block->block_content->return->expr->call->name->name->operator->name
2,188,rectangle_java2.jpg,rectangle_java2.jpg,720475210,64,996.854375,591.9875,977.5,585,101,21,this.width,10,class->block->function->block->block_content->return->expr->call->name->name->operator->name
2,188,rectangle_java2.jpg,rectangle_java2.jpg,720743090,216,806.1562962962963,600.9498148148148,804.5,585,43,21,area,4,class->block->function->name
2,188,rectangle_java2.jpg,rectangle_java2.jpg,720983075,168,702.2633333333333,611.8383333333334,669.5,621,63,21,public,6,class->block->function->type->specifier
2,188,rectangle_java2.jpg,rectangle_java2.jpg,721075047,88,702.3886363636364,614.0477272727272,669.5,621,63,21,public,6,class->block->function->type->specifier
2,188,rectangle_java2.jpg,rectangle_java2.jpg,721547064,180,748.144,645.6171111111111,730.5,658,91,20,Rectangle,9,class->block->function->block->block_content->decl_stmt->decl->type->name
2,188,rectangle_java2.jpg,rectangle_java2.jpg,721743065,144,780.7472222222223,649.5252777777778,730.5,658,91,20,Rectangle,9,class->block->function->block->block_content->decl_stmt->decl->type->name
2,188,rectangle_java2.jpg,rectangle_java2.jpg,722426956,324,721.010987654321,656.9874074074074,730.5,658,91,20,Rectangle,9,class->block->function->block->block_content->decl_stmt->decl->type->name
2,188,rectangle_java2.jpg,rectangle_java2.jpg,722594925,164,725.5014634146341,654.579024390244,730.5,658,91,20,Rectangle,9,class->block->function->block->block_content->decl_stmt->decl->type->name
2,188,rectangle_java2.jpg,rectangle_java2.jpg,722782927,112,735.5017857142857,651.1714285714286,730.5,658,91,20,Rectangle,9,class->block->function->block->block_content->decl_stmt->decl->type->name
2,188,rectangle_java2.jpg,rectangle_java2.jpg,722994947,168,787.4021428571428,658.8592857142858,730.5,658,91,20,Rectangle,9,class->block->function->block->block_content->decl_stmt->decl->type->name
2,188,rectangle_java2.jpg,rectangle_java2.jpg,723054936,56,834.1271428571429,655.7607142857144,826.5,658,52,20,rect1,5,class->block->function->block->block_content->decl_stmt->decl->name
2,188,rectangle_java2.jpg,rectangle_java2.jpg,723718857,196,707.3216326530612,626.4206122448979,669.5,621,63,21,public,6,class->block->function->type->specifier
2,188,rectangle_java2.jpg,rectangle_java2.jpg,723874856,128,771.703125,631.2659375,738.5,621,61,21,static,6,class->block->function->type->specifier
2,188,rectangle_java2.jpg,rectangle_java2.jpg,724066916,188,788.8951063829787,636.7925531914893,738.5,621,61,21,static,6,class->block->function->type->specifier
2,188,rectangle_java2.jpg,rectangle_java2.jpg,724206917,104,841.3280769230769,633.031923076923,804.5,621,44,21,void,4,class->block->function->type->name
2,188,rectangle_java2.jpg,rectangle_java2.jpg,724206917,104,841.3280769230769,633.031923076923,851.5,621,44,21,main,4,class->block->function->name
2,188,rectangle_java2.jpg,rectangle_java2.jpg,724442835,68,773.4923529411765,609.67,738.5,621,61,21,static,6,class->block->function->type->specifier
2,188,rectangle_java2.jpg,rectangle_java2.jpg,724958822,96,840.4983333333333,587.1091666666666,804.5,585,43,21,area,4,class->block->function->name
2,188,rectangle_java2.jpg,rectangle_java2.jpg,725098794,96,848.3779166666667,618.9654166666667,804.5,621,44,21,void,4,class->block->function->type->name
2,188,rectangle_java2.jpg,rectangle_java2.jpg,725098794,96,848.3779166666667,618.9654166666667,851.5,621,44,21,main,4,class->block->function->name
2,188,rectangle_java2.jpg,rectangle_java2.jpg,725274750,160,868.8290000000001,565.0785,863.5,549,9,21,),1,class->block->function->parameter_list
2,188,rectangle_java2.jpg,rectangle_java2.jpg,725474734,148,855.4632432432433,596.4805405405406,856.5,585,9,21,(,1,class->block->function->parameter_list
2,188,rectangle_java2.jpg,rectangle_java2.jpg,725614746,80,1009.2385,602.29,977.5,585,101,21,this.width,10,class->block->function->block->block_content->return->expr->call->name->name->operator->name
2,188,rectangle_java2.jpg,rectangle_java2.jpg,725686750,68,1000.8782352941176,597.9382352941177,977.5,585,101,21,this.width,10,class->block->function->block->block_content->return->expr->call->name->name->operator->name
2,188,rectangle_java2.jpg,rectangle_java2.jpg,725782753,92,1002.2443478260868,596.8843478260869,977.5,585,101,21,this.width,10,class->block->function->block->block_content->return->expr->call->name->name->operator->name
2,188,rectangle_java2.jpg,rectangle_java2.jpg,725874753,60,859.5926666666667,601.9993333333333,856.5,585,9,21,(,1,class->block->function->parameter_list
2,188,rectangle_java2.jpg,rectangle_java2.jpg,726038722,160,852.42625,609.76775,851.5,621,44,21,main,4,class->block->function->name
2,188,rectangle_java2.jpg,rectangle_java2.jpg,726214473,144,826.9461111111111,649.5708333333333,826.5,658,52,20,rect1,5,class->block->function->block->block_content->decl_stmt->decl->name
2,188,rectangle_java2.jpg,rectangle_java2.jpg,726514682,100,811.4744,579.466,804.5,585,43,21,area,4,class->block->function->name
2,188,rectangle_java2.jpg,rectangle_java2.jpg,726702661,152,735.1747368421053,625.3455263157895,738.5,621,61,21,static,6,class->block->function->type->specifier
2,188,rectangle_java2.jpg,rectangle_java2.jpg,726874651,132,697.8675757575758,635.410303030303,669.5,621,63,21,public,6,class->block->function->type->specifier
2,188,rectangle_java2.jpg,rectangle_java2.jpg,727094635,176,771.9370454545455,636.9306818181818,738.5,621,61,21,static,6,class->block->function->type->specifier
2,188,rectangle_java2.jpg,rectangle_java2.jpg,727242654,80,810.4110000000001,581.399,804.5,585,43,21,area,4,class->block->function->name
2,188,rectangle_java2.jpg,rectangle_java2.jpg,727330683,84,804.537619047619,587.1609523809524,804.5,585,43,21,area,4,class->block->function->name
2,188,rectangle_java2.jpg,rectangle_java2.jpg,727422712,72,702.4455555555555,591.6716666666666,669.5,585,63,21,public,6,class->block->function->type->specifier
2,188,rectangle_java2.jpg,rectangle_java2.jpg,727582651,156,706.9971794871794,601.7164102564102,669.5,585,63,21,public,6,class->block->function->type->specifier
2,188,rectangle_java2.jpg,rectangle_java2.jpg,727678625,56,782.035,609.4214285714286,738.5,621,61,21,static,6,class->block->function->type->specifier
2,188,rectangle_java2.jpg,rectangle_java2.jpg,727746638,64,782.525,608.685,738.5,621,61,21,static,6,class->block->function->type->specifier
2,188,rectangle_java2.jpg,rectangle_java2.jpg,727970472,60,900.682,609.716,904.5,621,9,21,(,1,class->block->function->parameter_list
2,188,rectangle_java2.jpg,rectangle_java2.jpg,728098392,96,975.40875,597.1491666666667,977.5,585,101,21,this.width,10,class->block->function->block->block_content->return->expr->call->name->name->operator->name
2,188,rectangle_java2.jpg,rectangle_java2.jpg,728570490,64,756.543125,591.348125,737.5,585,62,21,double,6,class->block->function->type->name
2,188,rectangle_java2.jpg,rectangle_java2.jpg,728770432,172,676.2023255813954,565.1037209302326,669.5,549,63,21,public,6,class->block->function->type->specifier
2,188,rectangle_java2.jpg,rectangle_java2.jpg,728906450,84,715.8252380952381,561.9171428571428,669.5,549,63,21,public,6,class->block->function->type->specifier
2,188,rectangle_java2.jpg,rectangle_java2.jpg,729106523,144,706.7902777777778,623.7505555555556,669.5,621,63,21,public,6,class->block->function->type->specifier
2,188,rectangle_java2.jpg,rectangle_java2.jpg,729402561,68,734.86,676.1141176470588,730.5,658,91,20,Rectangle,9,class->block->function->block->block_content->decl_stmt->decl->type->name
2,188,rectangle_java2.jpg,rectangle_java2.jpg,729562548,156,737.6946153846154,671.6089743589744,730.5,658,91,20,Rectangle,9,class->block->function->block->block_content->decl_stmt->decl->type->name
2,188,rectangle_java2.jpg,rectangle_java2.jpg,729754377,108,828.7425925925926,689.3422222222222,730.5,694,177,21,System.out.println,18,class->block->function->block->block_content->expr_stmt->expr->call->name->name->operator->name->operator->name
2,188,rectangle_java2.jpg,rectangle_java2.jpg,729838239,80,834.275,689.7705,730.5,694,177,21,System.out.println,18,class->block->function->block->block_content->expr_stmt->expr->call->name->name->operator->name->operator->name
2,188,rectangle_java2.jpg,rectangle_java2.jpg,730078327,208,911.2736538461538,685.3848076923077,916.5,694,9,21,(,1,class->block->function->block->block_content->expr_stmt->expr->call->argument_list
2,188,rectangle_java2.jpg,rectangle_java2.jpg,730238367,112,969.1735714285714,682.0485714285714,932.5,694,100,21,rect1.area,10,class->block->function->block->block_content->expr_stmt->expr->call->argument_list->argument->expr->call->name->name->operator->name
2,188,rectangle_java2.jpg,rectangle_java2.jpg,730778403,136,806.025,698.7761764705882,730.5,694,177,21,System.out.println,18,class->block->function->block->block_content->expr_stmt->expr->call->name->name->operator->name->operator->name
2,188,rectangle_java2.jpg,rectangle_java2.jpg,730838406,56,827.8535714285714,705.7142857142858,730.5,694,177,21,System.out.println,18,class->block->function->block->block_content->expr_stmt->expr->call->name->name->operator->name->operator->name
2,188,rectangle_java2.jpg,rectangle_java2.jpg,731370452,156,768.1705128205128,719.9123076923076,730.5,731,91,20,Rectangle,9,class->block->function->block->block_content->decl_stmt->decl->type->name
2,188,rectangle_java2.jpg,rectangle_java2.jpg,731458440,84,772.9547619047619,719.6123809523809,730.5,731,91,20,Rectangle,9,class->block->function->block->block_content->decl_stmt->decl->type->name
2,188,rectangle_java2.jpg,rectangle_java2.jpg,731658271,160,820.441,723.90075,730.5,731,91,20,Rectangle,9,class->block->function->block->block_content->decl_stmt->decl->type->name
2,188,rectangle_java2.jpg,rectangle_java2.jpg,731658271,160,820.441,723.90075,826.5,731,51,20,rect2,5,class->block->function->block->block_content->decl_stmt->decl->name
2,188,rectangle_java2.jpg,rectangle_java2.jpg,731810202,112,848.9932142857143,650.1803571428571,826.5,658,52,20,rect1,5,class->block->function->block->block_content->decl_stmt->decl->name
2,188,rectangle_java2.jpg,rectangle_java2.jpg,731990246,132,939.9815151515152,682.1390909090909,932.5,694,100,21,rect1.area,10,class->block->function->block->block_content->expr_stmt->expr->call->argument_list->argument->expr->call->name->name->operator->name
2,188,rectangle_java2.jpg,rectangle_java2.jpg,732186263,64,990.11625,689.495,932.5,694,100,21,rect1.area,10,class->block->function->block->block_content->expr_stmt->expr->call->argument_list->argument->expr->call->name->name->operator->name
2,188,rectangle_java2.jpg,rectangle_java2.jpg,732370264,160,985.44625,602.635,977.5,585,101,21,this.width,10,class->block->function->block->block_content->return->expr->call->name->name->operator->name
2,188,rectangle_java2.jpg,rectangle_java2.jpg,732482256,108,997.7088888888889,599.4177777777778,977.5,585,101,21,this.width,10,class->block->function->block->block_content->return->expr->call->name->name->operator->name
2,188,rectangle_java2.jpg,rectangle_java2.jpg,732646248,108,1024.5096296296297,597.0144444444444,977.5,585,101,21,this.width,10,class->block->function->block->block_content->return->expr->call->name->name->operator->name
2,188,rectangle_java2.jpg,rectangle_java2.jpg,733102265,84,967.2642857142856,597.4538095238096,910.5,585,62,21,return,6,class->block->function->block->block_content->return
2,188,rectangle_java2.jpg,rectangle_java2.jpg,733102265,84,967.2642857142856,597.4538095238096,977.5,585,101,21,this.width,10,class->block->function->block->block_content->return->expr->call->name->name->operator->name
2,188,rectangle_java2.jpg,rectangle_java2.jpg,733198245,92,974.3895652173914,597.6078260869565,977.5,585,101,21,this.width,10,class->block->function->block->block_content->return->expr->call->name->name->operator->name
2,188,rectangle_java2.jpg,rectangle_java2.jpg,733322226,76,991.8131578947368,601.6436842105263,977.5,585,101,21,this.width,10,class->block->function->block->block_content->return->expr->call->name->name->operator->name
2,188,rectangle_java2.jpg,rectangle_java2.jpg,733394188,68,1002.8535294117648,602.5329411764706,977.5,585,101,21,this.width,10,class->block->function->block->block_content->return->expr->call->name->name->operator->name
2,188,rectangle_java2.jpg,rectangle_java2.jpg,733626038,208,892.3117307692307,613.4507692307692,851.5,621,44,21,main,4,class->block->function->name
2,188,rectangle_java2.jpg,rectangle_java2.jpg,733626038,208,892.3117307692307,613.4507692307692,904.5,621,9,21,(,1,class->block->function->parameter_list
2,188,rectangle_java2.jpg,rectangle_java2.jpg,733738095,108,867.2033333333334,620.2777777777777,851.5,621,44,21,main,4,class->block->function->name
2,188,rectangle_java2.jpg,rectangle_java2.jpg,733798117,56,863.0628571428572,613.4407142857143,851.5,621,44,21,main,4,class->block->function->name
2,188,rectangle_java2.jpg,rectangle_java2.jpg,733950094,140,1025.3871428571429,597.2034285714286,977.5,585,101,21,this.width,10,class->block->function->block->block_content->return->expr->call->name->name->operator->name
2,188,rectangle_java2.jpg,rectangle_java2.jpg,734062073,108,1030.967037037037,586.0211111111112,977.5,585,101,21,this.width,10,class->block->function->block->block_content->return->expr->call->name->name->operator->name
2,188,rectangle_java2.jpg,rectangle_java2.jpg,734902137,80,792.726,629.8715,738.5,621,61,21,static,6,class->block->function->type->specifier
2,188,rectangle_java2.jpg,rectangle_java2.jpg,734902137,80,792.726,629.8715,804.5,621,44,21,void,4,class->block->function->type->name
2,188,rectangle_java2.jpg,rectangle_java2.jpg,734966137,60,795.7633333333333,633.492,738.5,621,61,21,static,6,class->block->function->type->specifier
2,188,rectangle_java2.jpg,rectangle_java2.jpg,734966137,60,795.7633333333333,633.492,804.5,621,44,21,void,4,class->block->function->type->name
2,188,rectangle_java2.jpg,rectangle_java2.jpg,735262064,88,701.1290909090909,637.9631818181819,669.5,621,63,21,public,6,class->block->function->type->specifier
2,188,rectangle_java2.jpg,rectangle_java2.jpg,735601916,152,750.0981578947368,648.5139473684211,730.5,658,91,20,Rectangle,9,class->block->function->block->block_content->decl_stmt->decl->type->name
2,188,rectangle_java2.jpg,rectangle_java2.jpg,735773922,128,758.0096875,451.708125,730.5,440,71,21,this.y2,7,class->block->constructor->block->block_content->expr_stmt->expr->name->name->operator->name
2,188,rectangle_java2.jpg,rectangle_java2.jpg,736222008,112,946.7014285714286,590.3114285714286,910.5,585,62,21,return,6,class->block->function->block->block_content->return
2,188,rectangle_java2.jpg,rectangle_java2.jpg,736977978,84,998.542380952381,588.2138095238096,977.5,585,101,21,this.width,10,class->block->function->block->block_content->return->expr->call->name->name->operator->name
2,188,rectangle_java2.jpg,rectangle_java2.jpg,737077940,96,995.8695833333334,602.1270833333333,977.5,585,101,21,this.width,10,class->block->function->block->block_content->return->expr->call->name->name->operator->name
2,188,rectangle_java2.jpg,rectangle_java2.jpg,737221853,104,1036.705,595.1396153846154,977.5,585,101,21,this.width,10,class->block->function->block->block_content->return->expr->call->name->name->operator->name
2,188,rectangle_java2.jpg,rectangle_java2.jpg,737613828,64,1016.651875,515.079375,958.5,512,71,21,this.x2,7,class->block->function->block->block_content->return->expr->name->name->operator->name->operator
2,188,rectangle_java2.jpg,rectangle_java2.jpg,737685834,68,1038.3829411764707,523.3382352941177,1035.5,512,13,21,-,1,class->block->function->block->block_content->return->expr->name->name
2,188,rectangle_java2.jpg,rectangle_java2.jpg,737745828,56,1033.3357142857144,543.2828571428572,968.5,549,70,21,this.y2,7,class->block->function->block->block_content->return->expr->name->name->operator->name
2,188,rectangle_java2.jpg,rectangle_java2.jpg,737745828,56,1033.3357142857144,543.2828571428572,1045.5,549,13,21,-,1,class->block->function->block->block_content->return->expr->operator
2,188,rectangle_java2.jpg,rectangle_java2.jpg,737853818,60,1024.4546666666668,584.7866666666666,977.5,585,101,21,this.width,10,class->block->function->block->block_content->return->expr->call->name->name->operator->name
2,188,rectangle_java2.jpg,rectangle_java2.jpg,737957829,100,1018.5576,604.9932,977.5,585,101,21,this.width,10,class->block->function->block->block_content->return->expr->call->name->name->operator->name
2,188,rectangle_java2.jpg,rectangle_java2.jpg,738461825,100,879.892,579.0636,873.5,585,9,21,),1,class->block->function->parameter_list
2,188,rectangle_java2.jpg,rectangle_java2.jpg,738661874,168,934.01,613.4645238095238,920.5,621,62,21,String,6,class->block->function->parameter_list->parameter->decl->type->name->name
2,188,rectangle_java2.jpg,rectangle_java2.jpg,738941843,152,786.0807894736843,647.505,730.5,658,91,20,Rectangle,9,class->block->function->block->block_content->decl_stmt->decl->type->name
2,188,rectangle_java2.jpg,rectangle_java2.jpg,739121784,136,729.4535294117647,649.1285294117647,730.5,658,91,20,Rectangle,9,class->block->function->block->block_content->decl_stmt->decl->type->name
2,188,rectangle_java2.jpg,rectangle_java2.jpg,739201738,76,729.6736842105263,653.6584210526315,730.5,658,91,20,Rectangle,9,class->block->function->block->block_content->decl_stmt->decl->type->name
2,188,rectangle_java2.jpg,rectangle_java2.jpg,739365741,128,794.2059375,639.8275,738.5,621,61,21,static,6,class->block->function->type->specifier
2,188,rectangle_java2.jpg,rectangle_java2.jpg,739365741,128,794.2059375,639.8275,804.5,621,44,21,void,4,class->block->function->type->name
2,188,rectangle_java2.jpg,rectangle_java2.jpg,739597759,196,846.8538775510204,651.4383673469388,826.5,658,52,20,rect1,5,class->block->function->block->block_content->decl_stmt->decl->name
2,188,rectangle_java2.jpg,rectangle_java2.jpg,739769752,76,1006.0205263157894,590.6178947368421,977.5,585,101,21,this.width,10,class->block->function->block->block_content->return->expr->call->name->name->operator->name
2,188,rectangle_java2.jpg,rectangle_java2.jpg,740965607,160,850.27475,360.9195,856.5,367,10,21,;,1,class->block->constructor->block->block_content->expr_stmt
2,188,rectangle_java2.jpg,rectangle_java2.jpg,741269594,172,818.0883720930233,358.2872093023256,806.5,367,15,21,=,1,class->block->constructor->block->block_content->expr_stmt->expr->operator
2,188,rectangle_java2.jpg,rectangle_java2.jpg,741269594,172,818.0883720930233,358.2872093023256,826.5,367,23,21,y1,2,class->block->constructor->block->block_content->expr_stmt->expr->name->name
2,188,rectangle_java2.jpg,rectangle_java2.jpg,742857433,176,821.6375,349.32045454545454,826.5,331,23,19,x1,2,class->block->constructor->block->block_content->expr_stmt->expr->name->name
2,188,rectangle_java2.jpg,rectangle_java2.jpg,742929440,68,818.7564705882353,359.71235294117645,806.5,367,15,21,=,1,class->block->constructor->block->block_content->expr_stmt->expr->operator
2,188,rectangle_java2.jpg,rectangle_java2.jpg,742929440,68,818.7564705882353,359.71235294117645,826.5,367,23,21,y1,2,class->block->constructor->block->block_content->expr_stmt->expr->name->name
2,188,rectangle_java2.jpg,rectangle_java2.jpg,744829224,104,829.4861538461539,331.2634615384615,826.5,331,23,19,x1,2,class->block->constructor->block->block_content->expr_stmt->expr->name->name
2,188,rectangle_java2.jpg,rectangle_java2.jpg,745085330,252,827.8903174603174,347.69952380952384,826.5,331,23,19,x1,2,class->block->constructor->block->block_content->expr_stmt->expr->name->name
2,188,rectangle_java2.jpg,rectangle_java2.jpg,745269321,180,823.0673333333333,347.4286666666667,826.5,331,23,19,x1,2,class->block->constructor->block->block_content->expr_stmt->expr->name->name
2,188,rectangle_java2.jpg,rectangle_java2.jpg,745365317,92,825.6539130434783,355.41869565217394,826.5,367,23,21,y1,2,class->block->constructor->block->block_content->expr_stmt->expr->name->name
2,188,rectangle_java2.jpg,rectangle_java2.jpg,745453339,84,824.1261904761905,345.0757142857143,826.5,331,23,19,x1,2,class->block->constructor->block->block_content->expr_stmt->expr->name->name
2,188,rectangle_java2.jpg,rectangle_java2.jpg,745577363,120,790.044,341.22566666666665,730.5,331,71,19,this.x1,7,class->block->constructor->block->block_content->expr_stmt->expr->name->name->operator->name
2,188,rectangle_java2.jpg,rectangle_java2.jpg,745821300,240,782.0351666666667,341.7435,730.5,331,71,19,this.x1,7,class->block->constructor->block->block_content->expr_stmt->expr->name->name->operator->name
2,188,rectangle_java2.jpg,rectangle_java2.jpg,746053332,188,813.9397872340426,417.7389361702128,806.5,404,15,19,=,1,class->block->constructor->block->block_content->expr_stmt->expr->operator
2,188,rectangle_java2.jpg,rectangle_java2.jpg,746365366,136,722.3932352941176,411.70882352941175,730.5,404,71,19,this.x2,7,class->block->constructor->block->block_content->expr_stmt->expr->name->name->operator->name
2,188,rectangle_java2.jpg,rectangle_java2.jpg,746633133,92,720.0834782608696,409.5739130434783,730.5,404,71,19,this.x2,7,class->block->constructor->block->block_content->expr_stmt->expr->name->name->operator->name
2,188,rectangle_java2.jpg,rectangle_java2.jpg,746949224,112,840.9928571428571,408.3525,826.5,404,23,19,x2,2,class->block->constructor->block->block_content->expr_stmt->expr->name->name
2,188,rectangle_java2.jpg,rectangle_java2.jpg,747505148,76,844.0278947368421,340.86263157894734,826.5,331,23,19,x1,2,class->block->constructor->block->block_content->expr_stmt->expr->name->name
2,188,rectangle_java2.jpg,rectangle_java2.jpg,747505148,76,844.0278947368421,340.86263157894734,856.5,331,10,19,;,1,class->block->constructor->block->block_content->expr_stmt
2,188,rectangle_java2.jpg,rectangle_java2.jpg,747837152,220,839.1285454545455,357.82127272727274,826.5,367,23,21,y1,2,class->block->constructor->block->block_content->expr_stmt->expr->name->name
2,188,rectangle_java2.jpg,rectangle_java2.jpg,748669051,56,928.8921428571427,633.2271428571429,920.5,621,62,21,String,6,class->block->function->parameter_list->parameter->decl->type->name->name
2,188,rectangle_java2.jpg,rectangle_java2.jpg,748741077,68,930.8723529411764,641.9217647058823,920.5,621,62,21,String,6,class->block->function->parameter_list->parameter->decl->type->name->name
2,188,rectangle_java2.jpg,rectangle_java2.jpg,748801099,56,949.3685714285714,609.8528571428571,920.5,621,62,21,String,6,class->block->function->parameter_list->parameter->decl->type->name->name
2,188,rectangle_java2.jpg,rectangle_java2.jpg,749009120,60,1021.0973333333334,609.462,1025.5,621,42,21,args,4,class->block->function->parameter_list->parameter->decl->name
2,188,rectangle_java2.jpg,rectangle_java2.jpg,749577110,56,1026.4542857142858,601.5178571428571,977.5,585,101,21,this.width,10,class->block->function->block->block_content->return->expr->call->name->name->operator->name
2,188,rectangle_java2.jpg,rectangle_java2.jpg,750101024,68,786.9564705882353,601.974705882353,737.5,585,62,21,double,6,class->block->function->type->name
2,188,rectangle_java2.jpg,rectangle_java2.jpg,754184645,84,955.6733333333332,583.0266666666666,910.5,585,62,21,return,6,class->block->function->block->block_content->return
2,188,rectangle_java2.jpg,rectangle_java2.jpg,755652674,104,1026.0103846153845,629.3723076923077,1025.5,621,42,21,args,4,class->block->function->parameter_list->parameter->decl->name
2,188,rectangle_java2.jpg,rectangle_java2.jpg,755752598,96,1026.2404166666668,612.2516666666667,1025.5,621,42,21,args,4,class->block->function->parameter_list->parameter->decl->name
2,188,rectangle_java2.jpg,rectangle_java2.jpg,755860542,104,1026.3573076923076,614.4003846153846,1025.5,621,42,21,args,4,class->block->function->parameter_list->parameter->decl->name
2,188,rectangle_java2.jpg,rectangle_java2.jpg,755980558,56,996.5714285714286,692.1835714285714,932.5,694,100,21,rect1.area,10,class->block->function->block->block_content->expr_stmt->expr->call->argument_list->argument->expr->call->name->name->operator->name
2,188,rectangle_java2.jpg,rectangle_java2.jpg,756184538,152,742.0068421052631,705.0757894736842,730.5,694,177,21,System.out.println,18,class->block->function->block->block_content->expr_stmt->expr->call->name->name->operator->name->operator->name
2,188,rectangle_java2.jpg,rectangle_java2.jpg,756456526,164,934.2226829268292,682.8826829268293,932.5,694,100,21,rect1.area,10,class->block->function->block->block_content->expr_stmt->expr->call->argument_list->argument->expr->call->name->name->operator->name
2,188,rectangle_java2.jpg,rectangle_java2.jpg,756704540,212,987.3033962264152,688.5898113207547,932.5,694,100,21,rect1.area,10,class->block->function->block->block_content->expr_stmt->expr->call->argument_list->argument->expr->call->name->name->operator->name
2,188,rectangle_java2.jpg,rectangle_java2.jpg,757136577,104,840.7184615384615,652.9057692307692,826.5,658,52,20,rect1,5,class->block->function->block->block_content->decl_stmt->decl->name
2,188,rectangle_java2.jpg,rectangle_java2.jpg,757260564,120,851.5893333333333,658.8826666666666,826.5,658,52,20,rect1,5,class->block->function->block->block_content->decl_stmt->decl->name
2,188,rectangle_java2.jpg,rectangle_java2.jpg,757404536,140,841.2748571428572,672.6282857142857,826.5,658,52,20,rect1,5,class->block->function->block->block_content->decl_stmt->decl->name
2,188,rectangle_java2.jpg,rectangle_java2.jpg,757644541,168,745.0059523809524,719.3492857142857,730.5,731,91,20,Rectangle,9,class->block->function->block->block_content->decl_stmt->decl->type->name
2,188,rectangle_java2.jpg,rectangle_java2.jpg,757996408,172,1007.7841860465116,611.593488372093,1007.5,621,10,21,],1,class->block->function->parameter_list->parameter->decl->type->name->index
2,188,rectangle_java2.jpg,rectangle_java2.jpg,758648463,104,836.96,367.5626923076923,826.5,367,23,21,y1,2,class->block->constructor->block->block_content->expr_stmt->expr->name->name
2,188,rectangle_java2.jpg,rectangle_java2.jpg,758792418,140,841.1625714285715,365.2537142857143,826.5,367,23,21,y1,2,class->block->constructor->block->block_content->expr_stmt->expr->name->name
2,188,rectangle_java2.jpg,rectangle_java2.jpg,759228382,64,1028.291875,622.910625,1025.5,621,42,21,args,4,class->block->function->parameter_list->parameter->decl->name
2,188,rectangle_java2.jpg,rectangle_java2.jpg,759988242,60,1020.106,635.6226666666666,1025.5,621,42,21,args,4,class->block->function->parameter_list->parameter->decl->name
2,188,rectangle_java2.jpg,rectangle_java2.jpg,760224324,68,1013.19,600.9082352941176,977.5,585,101,21,this.width,10,class->block->function->block->block_content->return->expr->call->name->name->operator->name
2,188,rectangle_java2.jpg,rectangle_java2.jpg,760384309,92,982.82,649.195652173913,941.5,658,91,20,Rectangle,9,class->block->function->block->block_content->decl_stmt->decl->init->expr->call->name
2,188,rectangle_java2.jpg,rectangle_java2.jpg,760812215,112,970.7978571428572,684.9796428571428,932.5,694,100,21,rect1.area,10,class->block->function->block->block_content->expr_stmt->expr->call->argument_list->argument->expr->call->name->name->operator->name
2,188,rectangle_java2.jpg,rectangle_java2.jpg,760972198,124,1022.9732258064516,687.6370967741935,932.5,694,100,21,rect1.area,10,class->block->function->block->block_content->expr_stmt->expr->call->argument_list->argument->expr->call->name->name->operator->name
2,188,rectangle_java2.jpg,rectangle_java2.jpg,761152248,176,1016.8940909090908,694.4918181818182,932.5,694,100,21,rect1.area,10,class->block->function->block->block_content->expr_stmt->expr->call->argument_list->argument->expr->call->name->name->operator->name
2,188,rectangle_java2.jpg,rectangle_java2.jpg,761240287,84,1028.5704761904765,687.7780952380953,932.5,694,100,21,rect1.area,10,class->block->function->block->block_content->expr_stmt->expr->call->argument_list->argument->expr->call->name->name->operator->name
2,188,rectangle_java2.jpg,rectangle_java2.jpg,761676137,136,1030.7364705882353,620.6632352941176,1025.5,621,42,21,args,4,class->block->function->parameter_list->parameter->decl->name
2,188,rectangle_java2.jpg,rectangle_java2.jpg,761772164,92,1053.7908695652177,624.8086956521739,1025.5,621,42,21,args,4,class->block->function->parameter_list->parameter->decl->name
2,188,rectangle_java2.jpg,rectangle_java2.jpg,761856185,80,1054.34,638.024,1025.5,621,42,21,args,4,class->block->function->parameter_list->parameter->decl->name
2,188,rectangle_java2.jpg,rectangle_java2.jpg,761928204,68,1044.024705882353,662.8811764705882,1041.5,658,9,20,(,1,class->block->function->block->block_content->decl_stmt->decl->init->expr->call->argument_list
2,188,rectangle_java2.jpg,rectangle_java2.jpg,761988235,56,1045.3628571428571,671.9678571428572,1041.5,658,9,20,(,1,class->block->function->block->block_content->decl_stmt->decl->init->expr->call->argument_list
2,188,rectangle_java2.jpg,rectangle_java2.jpg,761988235,56,1045.3628571428571,671.9678571428572,1057.5,658,13,20,0,1,class->block->function->block->block_content->decl_stmt->decl->init->expr->call->argument_list->argument->expr->literal
2,188,rectangle_java2.jpg,rectangle_java2.jpg,762056266,64,1053.79125,672.41125,1057.5,658,13,20,0,1,class->block->function->block->block_content->decl_stmt->decl->init->expr->call->argument_list->argument->expr->literal
2,188,rectangle_java2.jpg,rectangle_java2.jpg,762652159,104,989.8092307692308,585.6742307692308,977.5,585,101,21,this.width,10,class->block->function->block->block_content->return->expr->call->name->name->operator->name
2,188,rectangle_java2.jpg,rectangle_java2.jpg,762800141,144,987.0133333333332,587.8352777777778,977.5,585,101,21,this.width,10,class->block->function->block->block_content->return->expr->call->name->name->operator->name
2,188,rectangle_java2.jpg,rectangle_java2.jpg,762924131,88,1001.1290909090908,664.0477272727272,941.5,658,91,20,Rectangle,9,class->block->function->block->block_content->decl_stmt->decl->init->expr->call->name
2,188,rectangle_java2.jpg,rectangle_java2.jpg,763295834,60,1010.1946666666666,628.2186666666666,1007.5,621,10,21,],1,class->block->function->parameter_list->parameter->decl->type->name->index
2,188,rectangle_java2.jpg,rectangle_java2.jpg,763395888,96,1027.95375,624.7941666666667,1025.5,621,42,21,args,4,class->block->function->parameter_list->parameter->decl->name
2,188,rectangle_java2.jpg,rectangle_java2.jpg,763463958,64,1016.31375,641.590625,1007.5,621,10,21,],1,class->block->function->parameter_list->parameter->decl->type->name->index
2,188,rectangle_java2.jpg,rectangle_java2.jpg,763463958,64,1016.31375,641.590625,1025.5,621,42,21,args,4,class->block->function->parameter_list->parameter->decl->name
2,188,rectangle_java2.jpg,rectangle_java2.jpg,763544006,76,1019.4057894736842,654.061052631579,941.5,658,91,20,Rectangle,9,class->block->function->block->block_content->decl_stmt->decl->init->expr->call->name
2,188,rectangle_java2.jpg,rectangle_java2.jpg,763616035,68,1015.8541176470588,673.3041176470589,941.5,658,91,20,Rectangle,9,class->block->function->block->block_content->decl_stmt->decl->init->expr->call->name
2,188,rectangle_java2.jpg,rectangle_java2.jpg,763884034,100,997.0424,683.396,932.5,694,100,21,rect1.area,10,class->block->function->block->block_content->expr_stmt->expr->call->argument_list->argument->expr->call->name->name->operator->name
2,188,rectangle_java2.jpg,rectangle_java2.jpg,764136075,116,944.6479310344828,646.7003448275862,941.5,658,91,20,Rectangle,9,class->block->function->block->block_content->decl_stmt->decl->init->expr->call->name
2,188,rectangle_java2.jpg,rectangle_java2.jpg,764284061,112,926.1703571428573,617.3646428571428,920.5,621,62,21,String,6,class->block->function->parameter_list->parameter->decl->type->name->name
2,188,rectangle_java2.jpg,rectangle_java2.jpg,764496034,112,759.7671428571429,661.3296428571429,730.5,658,91,20,Rectangle,9,class->block->function->block->block_content->decl_stmt->decl->type->name
2,188,rectangle_java2.jpg,rectangle_java2.jpg,764676016,140,765.3568571428572,710.2062857142857,730.5,694,177,21,System.out.println,18,class->block->function->block->block_content->expr_stmt->expr->call->name->name->operator->name->operator->name
2,188,rectangle_java2.jpg,rectangle_java2.jpg,764780021,72,816.0327777777778,718.9027777777777,730.5,731,91,20,Rectangle,9,class->block->function->block->block_content->decl_stmt->decl->type->name
2,188,rectangle_java2.jpg,rectangle_java2.jpg,764780021,72,816.0327777777778,718.9027777777777,826.5,731,51,20,rect2,5,class->block->function->block->block_content->decl_stmt->decl->name
2,188,rectangle_java2.jpg,rectangle_java2.jpg,765763870,60,761.8046666666667,565.5266666666666,737.5,549,33,21,int,3,class->block->function->type->name
2,188,rectangle_java2.jpg,rectangle_java2.jpg,765935843,168,771.6966666666667,573.1335714285714,737.5,585,62,21,double,6,class->block->function->type->name
2,188,rectangle_java2.jpg,rectangle_java2.jpg,766983604,108,971.5325925925926,674.8881481481482,941.5,658,91,20,Rectangle,9,class->block->function->block->block_content->decl_stmt->decl->init->expr->call->name
2,188,rectangle_java2.jpg,rectangle_java2.jpg,767271773,212,1008.6292452830188,665.1811320754717,941.5,658,91,20,Rectangle,9,class->block->function->block->block_content->decl_stmt->decl->init->expr->call->name
2,188,rectangle_java2.jpg,rectangle_java2.jpg,767435745,132,1002.4045454545454,584.6390909090909,977.5,585,101,21,this.width,10,class->block->function->block->block_content->return->expr->call->name->name->operator->name
2,188,rectangle_java2.jpg,rectangle_java2.jpg,767619774,180,999.8024444444444,594.7611111111111,977.5,585,101,21,this.width,10,class->block->function->block->block_content->return->expr->call->name->name->operator->name
2,188,rectangle_java2.jpg,rectangle_java2.jpg,767695769,72,1002.245,604.0783333333334,977.5,585,101,21,this.width,10,class->block->function->block->block_content->return->expr->call->name->name->operator->name
2,188,rectangle_java2.jpg,rectangle_java2.jpg,768067769,136,962.9864705882352,609.6729411764705,920.5,621,62,21,String,6,class->block->function->parameter_list->parameter->decl->type->name->name
2,188,rectangle_java2.jpg,rectangle_java2.jpg,768139779,68,960.770588235294,611.6688235294117,920.5,621,62,21,String,6,class->block->function->parameter_list->parameter->decl->type->name->name
2,188,rectangle_java2.jpg,rectangle_java2.jpg,768503759,172,988.9032558139536,685.7990697674419,932.5,694,100,21,rect1.area,10,class->block->function->block->block_content->expr_stmt->expr->call->argument_list->argument->expr->call->name->name->operator->name
2,188,rectangle_java2.jpg,rectangle_java2.jpg,768567831,60,1029.5053333333333,682.3413333333333,932.5,694,100,21,rect1.area,10,class->block->function->block->block_content->expr_stmt->expr->call->argument_list->argument->expr->call->name->name->operator->name
2,188,rectangle_java2.jpg,rectangle_java2.jpg,768567831,60,1029.5053333333333,682.3413333333333,1041.5,694,9,21,(,1,class->block->function->block->block_content->expr_stmt->expr->call->argument_list->argument->expr->call->argument_list
2,188,rectangle_java2.jpg,rectangle_java2.jpg,768995572,148,994.9243243243244,590.7394594594595,977.5,585,101,21,this.width,10,class->block->function->block->block_content->return->expr->call->name->name->operator->name
2,188,rectangle_java2.jpg,rectangle_java2.jpg,769111627,112,991.4789285714286,601.3996428571429,977.5,585,101,21,this.width,10,class->block->function->block->block_content->return->expr->call->name->name->operator->name
2,188,rectangle_java2.jpg,rectangle_java2.jpg,769171617,56,991.9692857142855,608.6085714285714,990.5,621,10,21,[,1,class->block->function->parameter_list->parameter->decl->type->name->index
2,188,rectangle_java2.jpg,rectangle_java2.jpg,769563607,132,1023.0918181818182,634.7993939393939,1025.5,621,42,21,args,4,class->block->function->parameter_list->parameter->decl->name
2,188,rectangle_java2.jpg,rectangle_java2.jpg,769895614,96,840.4054166666666,437.77875,826.5,440,23,21,y2,2,class->block->constructor->block->block_content->expr_stmt->expr->name->name
