trial,participant,code_file,code_language,timestamp,duration,x_cord,y_cord,aoi_x,aoi_y,aoi_width,aoi_height,token,length,srcML
2,205,rectangle_java2.jpg,rectangle_java2.jpg,626496674,128,808.4121875,312.6725,737.5,295,91,21,Rectangle,9,class->block->constructor->name
2,205,rectangle_java2.jpg,rectangle_java2.jpg,626596634,96,803.3029166666666,302.72208333333333,737.5,295,91,21,Rectangle,9,class->block->constructor->name
2,205,rectangle_java2.jpg,rectangle_java2.jpg,631886309,120,618.7833333333333,238.496,589.5,222,63,21,public,6,class->specifier
2,205,rectangle_java2.jpg,rectangle_java2.jpg,631949367,56,618.2821428571428,242.13357142857143,589.5,222,63,21,public,6,class->specifier
2,205,rectangle_java2.jpg,rectangle_java2.jpg,635163996,64,759.615,333.14375,730.5,331,71,19,this.x1,7,class->block->constructor->block->block_content->expr_stmt->expr->name->name->operator->name
2,205,rectangle_java2.jpg,rectangle_java2.jpg,635818275,92,802.6078260869565,336.67739130434785,806.5,331,15,19,=,1,class->block->constructor->block->block_content->expr_stmt->expr->operator
