trial,participant,code_file,code_language,timestamp,duration,x_cord,y_cord,aoi_x,aoi_y,aoi_width,aoi_height,token,length,srcML,
2,34,rectangle_java2.jpg,rectangle_java2.jpg,14936125144,220,784.6418181818182,335.62072727272727,730.5,331,71,19,this.x1,7,class->block->constructor->block->block_content->expr_stmt->expr->name->name->operator->name,
2,34,rectangle_java2.jpg,rectangle_java2.jpg,14938328905,248,838.5835483870968,249.445,833.5,259,23,21,y1,2,class->block->decl_stmt->decl->name,
2,34,rectangle_java2.jpg,rectangle_java2.jpg,14938648896,292,787.5108219178082,284.8990410958904,737.5,295,91,21,Rectangle,9,class->block->constructor->name,
2,34,rectangle_java2.jpg,rectangle_java2.jpg,14938920897,260,918.1463076923076,286.2161538461539,921.5,295,9,21,"""","""",1,class->block->constructor->parameter_list
2,34,rectangle_java2.jpg,rectangle_java2.jpg,14939288766,340,870.0804705882352,313.4421176470588,853.5,295,32,21,int,3,class->block->constructor->parameter_list->parameter->decl->type->name,
2,34,rectangle_java2.jpg,rectangle_java2.jpg,14939536796,188,918.2865957446808,276.0304255319149,911.5,259,10,21,"""","""",1,class->block->decl_stmt
2,34,rectangle_java2.jpg,rectangle_java2.jpg,14939536796,188,918.2865957446808,276.0304255319149,929.5,259,23,21,y2,2,class->block->decl_stmt->decl->name,
2,34,rectangle_java2.jpg,rectangle_java2.jpg,14939732775,164,1030.8539024390243,284.3382926829268,1025.5,295,33,21,int,3,class->block->constructor->parameter_list->parameter->decl->type->name,
2,34,rectangle_java2.jpg,rectangle_java2.jpg,14940012731,60,864.9033333333333,368.5013333333333,856.5,367,10,21,;,1,class->block->constructor->block->block_content->expr_stmt,
2,34,rectangle_java2.jpg,rectangle_java2.jpg,14940980735,88,1093.8204545454546,293.1790909090909,1094.5,295,9,21,"""","""",1,class->block->constructor->parameter_list
2,34,rectangle_java2.jpg,rectangle_java2.jpg,14941076761,92,1105.361304347826,294.1791304347826,1112.5,295,33,21,int,3,class->block->constructor->parameter_list->parameter->decl->type->name,
2,34,rectangle_java2.jpg,rectangle_java2.jpg,14941152758,56,854.8671428571429,383.9214285714286,856.5,367,10,21,;,1,class->block->constructor->block->block_content->expr_stmt,
2,34,rectangle_java2.jpg,rectangle_java2.jpg,14941356676,200,852.3428,397.8122,856.5,404,10,19,;,1,class->block->constructor->block->block_content->expr_stmt,
2,34,rectangle_java2.jpg,rectangle_java2.jpg,14941760646,180,810.0502222222223,520.5844444444444,775.5,512,53,21,width,5,class->block->function->name,
2,34,rectangle_java2.jpg,rectangle_java2.jpg,14941928650,108,772.0544444444445,511.39222222222224,775.5,512,53,21,width,5,class->block->function->name,
2,34,rectangle_java2.jpg,rectangle_java2.jpg,14942032671,88,865.3472727272728,502.080909090909,874.5,512,10,21,{,1,class->block->function->block,
2,34,rectangle_java2.jpg,rectangle_java2.jpg,14942328700,56,795.8557142857143,221.33,715.5,222,90,21,Rectangle,9,class->name,
2,34,rectangle_java2.jpg,rectangle_java2.jpg,14942428883,96,799.0391666666667,220.09375,715.5,222,90,21,Rectangle,9,class->name,
2,34,rectangle_java2.jpg,rectangle_java2.jpg,14942648753,68,857.4635294117647,460.954705882353,856.5,440,10,21,;,1,class->block->constructor->block->block_content->expr_stmt,
2,34,rectangle_java2.jpg,rectangle_java2.jpg,14943376352,84,792.6123809523809,457.1604761904762,730.5,440,71,21,this.y2,7,class->block->constructor->block->block_content->expr_stmt->expr->name->name->operator->name,
2,34,rectangle_java2.jpg,rectangle_java2.jpg,14943512437,132,794.0884848484849,457.9687878787879,730.5,440,71,21,this.y2,7,class->block->constructor->block->block_content->expr_stmt->expr->name->name->operator->name,
2,34,rectangle_java2.jpg,rectangle_java2.jpg,14943512437,132,794.0884848484849,457.9687878787879,806.5,440,15,21,=,1,class->block->constructor->block->block_content->expr_stmt->expr->operator,
2,34,rectangle_java2.jpg,rectangle_java2.jpg,14944748526,168,797.1,211.66619047619048,715.5,222,90,21,Rectangle,9,class->name,
2,34,rectangle_java2.jpg,rectangle_java2.jpg,14945208225,180,831.8488888888888,499.7595555555556,837.5,512,9,21,(,1,class->block->function->parameter_list,
2,34,rectangle_java2.jpg,rectangle_java2.jpg,14946760370,204,791.8829411764706,433.8550980392157,730.5,440,71,21,this.y2,7,class->block->constructor->block->block_content->expr_stmt->expr->name->name->operator->name,
2,34,rectangle_java2.jpg,rectangle_java2.jpg,14946876345,96,848.2433333333333,413.6070833333333,826.5,404,23,19,x2,2,class->block->constructor->block->block_content->expr_stmt->expr->name->name,
2,34,rectangle_java2.jpg,rectangle_java2.jpg,14946876345,96,848.2433333333333,413.6070833333333,856.5,404,10,19,;,1,class->block->constructor->block->block_content->expr_stmt,
2,34,rectangle_java2.jpg,rectangle_java2.jpg,14948936129,56,861.0535714285714,459.1807142857142,856.5,440,10,21,;,1,class->block->constructor->block->block_content->expr_stmt,
2,34,rectangle_java2.jpg,rectangle_java2.jpg,14949032096,92,831.0056521739131,459.01434782608703,826.5,440,23,21,y2,2,class->block->constructor->block->block_content->expr_stmt->expr->name->name,
2,34,rectangle_java2.jpg,rectangle_java2.jpg,14951984048,252,890.2801587301587,302.895873015873,890.5,295,24,21,x1,2,class->block->constructor->parameter_list->parameter->decl->type->name,
2,34,rectangle_java2.jpg,rectangle_java2.jpg,14953391793,244,861.8580327868852,333.285737704918,856.5,331,10,19,;,1,class->block->constructor->block->block_content->expr_stmt,
2,34,rectangle_java2.jpg,rectangle_java2.jpg,14956515733,84,929.5271428571428,302.54857142857145,921.5,295,9,21,"""","""",1,class->block->constructor->parameter_list
2,34,rectangle_java2.jpg,rectangle_java2.jpg,14956515733,84,929.5271428571428,302.54857142857145,939.5,295,33,21,int,3,class->block->constructor->parameter_list->parameter->decl->type->name,
2,34,rectangle_java2.jpg,rectangle_java2.jpg,14956647619,128,923.231875,297.686875,921.5,295,9,21,"""","""",1,class->block->constructor->parameter_list
2,34,rectangle_java2.jpg,rectangle_java2.jpg,14956719601,68,923.744705882353,302.64941176470586,921.5,295,9,21,"""","""",1,class->block->constructor->parameter_list
2,34,rectangle_java2.jpg,rectangle_java2.jpg,14956891601,88,934.8095454545454,261.6777272727273,929.5,259,23,21,y2,2,class->block->decl_stmt->decl->name,
2,34,rectangle_java2.jpg,rectangle_java2.jpg,14958359601,148,1126.8086486486486,501.9551351351352,1132.5,512,10,21,;,1,class->block->function->block,
2,34,rectangle_java2.jpg,rectangle_java2.jpg,14958587539,64,1123.68875,510.00125,1054.5,512,71,21,this.x1,7,class->block->function->block->block_content->return->expr->name->name->operator->name,
2,34,rectangle_java2.jpg,rectangle_java2.jpg,14958587539,64,1123.68875,510.00125,1132.5,512,10,21,;,1,class->block->function->block,
2,34,rectangle_java2.jpg,rectangle_java2.jpg,14959031425,144,930.8319444444444,512.3341666666666,891.5,512,62,21,return,6,class->block->function->block->block_content->return->expr->name->name,
2,34,rectangle_java2.jpg,rectangle_java2.jpg,14959123415,76,989.7352631578948,510.5073684210527,958.5,512,71,21,this.x2,7,class->block->function->block->block_content->return->expr->name->name->operator->name->operator,
2,34,rectangle_java2.jpg,rectangle_java2.jpg,14959195417,68,994.6970588235296,519.1817647058823,958.5,512,71,21,this.x2,7,class->block->function->block->block_content->return->expr->name->name->operator->name->operator,
2,34,rectangle_java2.jpg,rectangle_java2.jpg,14959323419,104,995.6246153846154,526.3746153846154,958.5,512,71,21,this.x2,7,class->block->function->block->block_content->return->expr->name->name->operator->name->operator,
2,34,rectangle_java2.jpg,rectangle_java2.jpg,14959855454,180,1063.7002222222222,506.2486666666666,1054.5,512,71,21,this.x1,7,class->block->function->block->block_content->return->expr->name->name->operator->name,
2,34,rectangle_java2.jpg,rectangle_java2.jpg,14964147170,108,925.055925925926,516.4255555555555,891.5,512,62,21,return,6,class->block->function->block->block_content->return->expr->name->name,
2,34,rectangle_java2.jpg,rectangle_java2.jpg,14964311054,160,928.4815,511.953,891.5,512,62,21,return,6,class->block->function->block->block_content->return->expr->name->name,
2,34,rectangle_java2.jpg,rectangle_java2.jpg,14964495048,136,975.510294117647,511.0767647058824,958.5,512,71,21,this.x2,7,class->block->function->block->block_content->return->expr->name->name->operator->name->operator,
2,34,rectangle_java2.jpg,rectangle_java2.jpg,14964755089,212,1091.1558490566038,515.1971698113208,1054.5,512,71,21,this.x1,7,class->block->function->block->block_content->return->expr->name->name->operator->name,
2,34,rectangle_java2.jpg,rectangle_java2.jpg,14964903074,116,1056.433448275862,581.5686206896552,977.5,585,101,21,this.width,10,class->block->function->block->block_content->return->expr->call->name->name->operator->name,
2,34,rectangle_java2.jpg,rectangle_java2.jpg,14964999069,92,1056.4721739130434,589.4513043478261,977.5,585,101,21,this.width,10,class->block->function->block->block_content->return->expr->call->name->name->operator->name,
2,34,rectangle_java2.jpg,rectangle_java2.jpg,14965195088,168,1028.4857142857145,554.8371428571429,968.5,549,70,21,this.y2,7,class->block->function->block->block_content->return->expr->name->name->operator->name,
2,34,rectangle_java2.jpg,rectangle_java2.jpg,14965295095,76,949.4552631578948,563.8373684210526,900.5,549,63,21,return,6,class->block->function->block->block_content->return,
2,34,rectangle_java2.jpg,rectangle_java2.jpg,14965387054,88,946.7059090909092,555.0477272727272,900.5,549,63,21,return,6,class->block->function->block->block_content->return,
2,34,rectangle_java2.jpg,rectangle_java2.jpg,14965471019,80,940.437,550.9915,900.5,549,63,21,return,6,class->block->function->block->block_content->return,
2,34,rectangle_java2.jpg,rectangle_java2.jpg,14965566964,60,1050.98,555.8833333333333,1045.5,549,13,21,-,1,class->block->function->block->block_content->return->expr->operator,
2,34,rectangle_java2.jpg,rectangle_java2.jpg,14965770930,200,1061.3364,558.0668000000001,1064.5,549,71,21,this.y1,7,class->block->function->block->block_content->return->expr->name->name->operator->name,
2,34,rectangle_java2.jpg,rectangle_java2.jpg,14965867005,60,1038.9053333333334,554.1913333333333,1045.5,549,13,21,-,1,class->block->function->block->block_content->return->expr->operator,
2,34,rectangle_java2.jpg,rectangle_java2.jpg,14966023035,152,1034.7323684210526,556.8763157894737,968.5,549,70,21,this.y2,7,class->block->function->block->block_content->return->expr->name->name->operator->name,
2,34,rectangle_java2.jpg,rectangle_java2.jpg,14966023035,152,1034.7323684210526,556.8763157894737,1045.5,549,13,21,-,1,class->block->function->block->block_content->return->expr->operator,
2,34,rectangle_java2.jpg,rectangle_java2.jpg,14966178997,124,1092.49,552.933870967742,1064.5,549,71,21,this.y1,7,class->block->function->block->block_content->return->expr->name->name->operator->name,
2,34,rectangle_java2.jpg,rectangle_java2.jpg,14966254989,72,1094.7077777777777,565.1705555555556,1064.5,549,71,21,this.y1,7,class->block->function->block->block_content->return->expr->name->name->operator->name,
2,34,rectangle_java2.jpg,rectangle_java2.jpg,14966374985,96,838.1966666666667,601.5283333333333,804.5,585,43,21,area,4,class->block->function->name,
2,34,rectangle_java2.jpg,rectangle_java2.jpg,14966511007,132,841.2106060606061,603.1575757575757,804.5,585,43,21,area,4,class->block->function->name,
2,34,rectangle_java2.jpg,rectangle_java2.jpg,14966579005,56,835.9035714285715,598.1957142857143,804.5,585,43,21,area,4,class->block->function->name,
2,34,rectangle_java2.jpg,rectangle_java2.jpg,14966742974,56,839.6507142857142,593.045,804.5,585,43,21,area,4,class->block->function->name,
2,34,rectangle_java2.jpg,rectangle_java2.jpg,14966934938,60,838.0413333333333,589.962,804.5,585,43,21,area,4,class->block->function->name,
2,34,rectangle_java2.jpg,rectangle_java2.jpg,14967098925,80,880.294,542.1575,883.5,549,10,21,{,1,class->block->function->block,
2,34,rectangle_java2.jpg,rectangle_java2.jpg,14967507016,84,933.8519047619048,586.93,910.5,585,62,21,return,6,class->block->function->block->block_content->return,
2,34,rectangle_java2.jpg,rectangle_java2.jpg,14967750975,136,849.5688235294118,654.3632352941177,826.5,658,52,20,rect1,5,class->block->function->block->block_content->decl_stmt->decl->name,
2,34,rectangle_java2.jpg,rectangle_java2.jpg,14967826971,72,847.1455555555556,650.1483333333333,826.5,658,52,20,rect1,5,class->block->function->block->block_content->decl_stmt->decl->name,
2,34,rectangle_java2.jpg,rectangle_java2.jpg,14968066889,68,827.0688235294117,569.1747058823529,775.5,549,62,21,height,6,class->block->function->name,
2,34,rectangle_java2.jpg,rectangle_java2.jpg,14968162839,92,825.5052173913043,569.2352173913043,775.5,549,62,21,height,6,class->block->function->name,
2,34,rectangle_java2.jpg,rectangle_java2.jpg,14968282747,64,879.43875,650.185625,883.5,658,15,20,=,1,class->block->function->block->block_content->decl_stmt->decl->init,
2,34,rectangle_java2.jpg,rectangle_java2.jpg,14968458742,68,956.400588235294,671.8211764705883,941.5,658,91,20,Rectangle,9,class->block->function->block->block_content->decl_stmt->decl->init->expr->call->name,
2,34,rectangle_java2.jpg,rectangle_java2.jpg,14968610802,148,963.344054054054,674.035945945946,941.5,658,91,20,Rectangle,9,class->block->function->block->block_content->decl_stmt->decl->init->expr->call->name,
2,34,rectangle_java2.jpg,rectangle_java2.jpg,14968682817,68,967.6929411764706,672.8711764705882,941.5,658,91,20,Rectangle,9,class->block->function->block->block_content->decl_stmt->decl->init->expr->call->name,
2,34,rectangle_java2.jpg,rectangle_java2.jpg,14968894842,176,1075.0070454545455,672.7065909090909,1077.5,658,9,20,"""","""",1,class->block->function->block->block_content->decl_stmt->decl->init->expr->call->argument_list
2,34,rectangle_java2.jpg,rectangle_java2.jpg,14969022844,80,1147.972,668.4275,1134.5,658,22,20,10,2,class->block->function->block->block_content->decl_stmt->decl->init->expr->call->argument_list->argument->expr->literal,
2,34,rectangle_java2.jpg,rectangle_java2.jpg,14969338822,312,1146.985512820513,670.4789743589744,1134.5,658,22,20,10,2,class->block->function->block->block_content->decl_stmt->decl->init->expr->call->argument_list->argument->expr->literal,
2,34,rectangle_java2.jpg,rectangle_java2.jpg,14969402820,60,1144.898,677.1113333333333,1134.5,658,22,20,10,2,class->block->function->block->block_content->decl_stmt->decl->init->expr->call->argument_list->argument->expr->literal,
2,34,rectangle_java2.jpg,rectangle_java2.jpg,14969558832,76,978.2863157894736,672.0794736842105,941.5,658,91,20,Rectangle,9,class->block->function->block->block_content->decl_stmt->decl->init->expr->call->name,
2,34,rectangle_java2.jpg,rectangle_java2.jpg,14969622827,60,984.4126666666668,674.1073333333334,941.5,658,91,20,Rectangle,9,class->block->function->block->block_content->decl_stmt->decl->init->expr->call->name,
2,34,rectangle_java2.jpg,rectangle_java2.jpg,14969902699,84,937.9161904761904,650.624761904762,941.5,658,91,20,Rectangle,9,class->block->function->block->block_content->decl_stmt->decl->init->expr->call->name,
2,34,rectangle_java2.jpg,rectangle_java2.jpg,14969994592,88,936.9195454545454,665.2795454545454,941.5,658,91,20,Rectangle,9,class->block->function->block->block_content->decl_stmt->decl->init->expr->call->name,
2,34,rectangle_java2.jpg,rectangle_java2.jpg,14970074561,76,940.072105263158,670.9821052631579,941.5,658,91,20,Rectangle,9,class->block->function->block->block_content->decl_stmt->decl->init->expr->call->name,
2,34,rectangle_java2.jpg,rectangle_java2.jpg,14970206594,84,870.5876190476191,757.0314285714286,730.5,766,177,21,System.out.println,18,class->block->function->block->block_content->expr_stmt->expr->call->name->name->operator->name->operator->name,
2,34,rectangle_java2.jpg,rectangle_java2.jpg,14970334667,124,877.9335483870967,773.0029032258064,730.5,766,177,21,System.out.println,18,class->block->function->block->block_content->expr_stmt->expr->call->name->name->operator->name->operator->name,
2,34,rectangle_java2.jpg,rectangle_java2.jpg,14970474677,112,827.3353571428571,762.7678571428571,730.5,766,177,21,System.out.println,18,class->block->function->block->block_content->expr_stmt->expr->call->name->name->operator->name->operator->name,
2,34,rectangle_java2.jpg,rectangle_java2.jpg,14970634690,80,904.838,764.923,730.5,766,177,21,System.out.println,18,class->block->function->block->block_content->expr_stmt->expr->call->name->name->operator->name->operator->name,
2,34,rectangle_java2.jpg,rectangle_java2.jpg,14970634690,80,904.838,764.923,916.5,766,9,21,(,1,class->block->function->block->block_content->expr_stmt->expr->call->argument_list,
2,34,rectangle_java2.jpg,rectangle_java2.jpg,14970738735,100,899.0044,755.8172,730.5,766,177,21,System.out.println,18,class->block->function->block->block_content->expr_stmt->expr->call->name->name->operator->name->operator->name,
2,34,rectangle_java2.jpg,rectangle_java2.jpg,14970826731,56,964.5257142857142,745.9092857142857,941.5,731,91,20,Rectangle,9,class->block->function->block->block_content->decl_stmt->decl->init->expr->call->name,
2,34,rectangle_java2.jpg,rectangle_java2.jpg,14970918705,88,946.6163636363636,763.5259090909091,932.5,766,100,21,rect2.area,10,class->block->function->block->block_content->expr_stmt->expr->call->argument_list->argument->expr->call->name->name->operator->name,
2,34,rectangle_java2.jpg,rectangle_java2.jpg,14971042695,64,971.1875,755.253125,932.5,766,100,21,rect2.area,10,class->block->function->block->block_content->expr_stmt->expr->call->argument_list->argument->expr->call->name->name->operator->name,
2,34,rectangle_java2.jpg,rectangle_java2.jpg,14971186689,108,958.7574074074074,758.5255555555556,932.5,766,100,21,rect2.area,10,class->block->function->block->block_content->expr_stmt->expr->call->argument_list->argument->expr->call->name->name->operator->name,
2,34,rectangle_java2.jpg,rectangle_java2.jpg,14981611184,128,923.578125,264.6646875,929.5,259,23,21,y2,2,class->block->decl_stmt->decl->name,
2,34,rectangle_java2.jpg,rectangle_java2.jpg,14983702759,64,860.454375,379.339375,856.5,367,10,21,;,1,class->block->constructor->block->block_content->expr_stmt,
2,34,rectangle_java2.jpg,rectangle_java2.jpg,14984642957,60,856.9506666666666,503.726,854.5,512,9,21,),1,class->block->function->parameter_list,
2,34,rectangle_java2.jpg,rectangle_java2.jpg,14985410842,72,932.8038888888888,506.0561111111112,891.5,512,62,21,return,6,class->block->function->block->block_content->return->expr->name->name,
2,34,rectangle_java2.jpg,rectangle_java2.jpg,14985490816,76,936.1336842105264,528.728947368421,891.5,512,62,21,return,6,class->block->function->block->block_content->return->expr->name->name,
2,34,rectangle_java2.jpg,rectangle_java2.jpg,14986094809,192,925.2791666666668,545.3641666666666,900.5,549,63,21,return,6,class->block->function->block->block_content->return,
2,34,rectangle_java2.jpg,rectangle_java2.jpg,14986198822,100,923.6988,538.4192,900.5,549,63,21,return,6,class->block->function->block->block_content->return,
2,34,rectangle_java2.jpg,rectangle_java2.jpg,14986358829,68,913.9058823529411,518.9705882352941,891.5,512,62,21,return,6,class->block->function->block->block_content->return->expr->name->name,
2,34,rectangle_java2.jpg,rectangle_java2.jpg,14986478814,76,1003.938947368421,512.9578947368421,958.5,512,71,21,this.x2,7,class->block->function->block->block_content->return->expr->name->name->operator->name->operator,
2,34,rectangle_java2.jpg,rectangle_java2.jpg,14986650786,64,997.18125,507.103125,958.5,512,71,21,this.x2,7,class->block->function->block->block_content->return->expr->name->name->operator->name->operator,
2,34,rectangle_java2.jpg,rectangle_java2.jpg,14986794756,140,976.8988571428572,506.2337142857143,958.5,512,71,21,this.x2,7,class->block->function->block->block_content->return->expr->name->name->operator->name->operator,
2,34,rectangle_java2.jpg,rectangle_java2.jpg,14987030763,112,977.9528571428572,502.6546428571428,958.5,512,71,21,this.x2,7,class->block->function->block->block_content->return->expr->name->name->operator->name->operator,
2,34,rectangle_java2.jpg,rectangle_java2.jpg,14987098773,64,978.654375,513.218125,958.5,512,71,21,this.x2,7,class->block->function->block->block_content->return->expr->name->name->operator->name->operator,
2,34,rectangle_java2.jpg,rectangle_java2.jpg,14987226761,72,1037.466111111111,556.2866666666666,968.5,549,70,21,this.y2,7,class->block->function->block->block_content->return->expr->name->name->operator->name,
2,34,rectangle_java2.jpg,rectangle_java2.jpg,14987226761,72,1037.466111111111,556.2866666666666,1045.5,549,13,21,-,1,class->block->function->block->block_content->return->expr->operator,
2,34,rectangle_java2.jpg,rectangle_java2.jpg,14987534685,116,1008.9675862068966,539.7927586206897,968.5,549,70,21,this.y2,7,class->block->function->block->block_content->return->expr->name->name->operator->name,
2,34,rectangle_java2.jpg,rectangle_java2.jpg,14987810627,164,948.689512195122,549.1263414634146,900.5,549,63,21,return,6,class->block->function->block->block_content->return,
2,34,rectangle_java2.jpg,rectangle_java2.jpg,14987950618,112,920.3864285714286,519.705,891.5,512,62,21,return,6,class->block->function->block->block_content->return->expr->name->name,
2,34,rectangle_java2.jpg,rectangle_java2.jpg,14988026624,72,924.9244444444444,550.1344444444444,900.5,549,63,21,return,6,class->block->function->block->block_content->return,
2,34,rectangle_java2.jpg,rectangle_java2.jpg,14988278661,80,976.6775,537.968,968.5,549,70,21,this.y2,7,class->block->function->block->block_content->return->expr->name->name->operator->name,
2,34,rectangle_java2.jpg,rectangle_java2.jpg,14988450642,168,975.1545238095238,527.412619047619,958.5,512,71,21,this.x2,7,class->block->function->block->block_content->return->expr->name->name->operator->name->operator,
2,34,rectangle_java2.jpg,rectangle_java2.jpg,14988890627,60,856.4986666666666,409.4066666666667,856.5,404,10,19,;,1,class->block->constructor->block->block_content->expr_stmt,
2,34,rectangle_java2.jpg,rectangle_java2.jpg,14988962628,68,852.2547058823529,412.2223529411765,856.5,404,10,19,;,1,class->block->constructor->block->block_content->expr_stmt,
2,34,rectangle_java2.jpg,rectangle_java2.jpg,14989114627,148,865.3837837837838,410.0421621621622,856.5,404,10,19,;,1,class->block->constructor->block->block_content->expr_stmt,
2,34,rectangle_java2.jpg,rectangle_java2.jpg,14989266567,76,1008.3763157894736,519.2405263157895,958.5,512,71,21,this.x2,7,class->block->function->block->block_content->return->expr->name->name->operator->name->operator,
2,34,rectangle_java2.jpg,rectangle_java2.jpg,14989350433,80,1009.5125,508.7325000000001,958.5,512,71,21,this.x2,7,class->block->function->block->block_content->return->expr->name->name->operator->name->operator,
2,34,rectangle_java2.jpg,rectangle_java2.jpg,14989458312,84,1038.1085714285714,560.1333333333333,968.5,549,70,21,this.y2,7,class->block->function->block->block_content->return->expr->name->name->operator->name,
2,34,rectangle_java2.jpg,rectangle_java2.jpg,14989458312,84,1038.1085714285714,560.1333333333333,1045.5,549,13,21,-,1,class->block->function->block->block_content->return->expr->operator,
2,34,rectangle_java2.jpg,rectangle_java2.jpg,14989806600,80,1025.9435,521.006,958.5,512,71,21,this.x2,7,class->block->function->block->block_content->return->expr->name->name->operator->name->operator,
2,34,rectangle_java2.jpg,rectangle_java2.jpg,14989806600,80,1025.9435,521.006,1035.5,512,13,21,-,1,class->block->function->block->block_content->return->expr->name->name,
2,34,rectangle_java2.jpg,rectangle_java2.jpg,14989966587,80,1048.8275,552.6475,1045.5,549,13,21,-,1,class->block->function->block->block_content->return->expr->operator,
2,34,rectangle_java2.jpg,rectangle_java2.jpg,14990050561,80,1049.4755,538.968,1045.5,549,13,21,-,1,class->block->function->block->block_content->return->expr->operator,
2,34,rectangle_java2.jpg,rectangle_java2.jpg,14990162527,56,1045.0342857142855,540.1778571428572,1045.5,549,13,21,-,1,class->block->function->block->block_content->return->expr->operator,
2,34,rectangle_java2.jpg,rectangle_java2.jpg,14990446529,84,1137.2638095238094,558.9761904761905,1142.5,549,10,21,;,1,class->block->function->block->block_content->return,
2,34,rectangle_java2.jpg,rectangle_java2.jpg,14990790514,64,1139.755,526.629375,1132.5,512,10,21,;,1,class->block->function->block,
2,34,rectangle_java2.jpg,rectangle_java2.jpg,14990946521,152,1142.727105263158,541.3255263157895,1142.5,549,10,21,;,1,class->block->function->block->block_content->return,
2,34,rectangle_java2.jpg,rectangle_java2.jpg,14991338477,136,904.5211764705882,580.28,910.5,585,62,21,return,6,class->block->function->block->block_content->return,
2,34,rectangle_java2.jpg,rectangle_java2.jpg,14991446435,80,852.076,625.4985,851.5,621,44,21,main,4,class->block->function->name,
2,34,rectangle_java2.jpg,rectangle_java2.jpg,14991626437,176,854.2256818181818,638.7243181818181,851.5,621,44,21,main,4,class->block->function->name,
2,34,rectangle_java2.jpg,rectangle_java2.jpg,14991754427,124,855.2306451612903,632.4912903225807,851.5,621,44,21,main,4,class->block->function->name,
2,34,rectangle_java2.jpg,rectangle_java2.jpg,14991986385,188,913.8557446808512,541.2402127659575,900.5,549,63,21,return,6,class->block->function->block->block_content->return,
2,34,rectangle_java2.jpg,rectangle_java2.jpg,14992110379,64,1004.355,550.884375,968.5,549,70,21,this.y2,7,class->block->function->block->block_content->return->expr->name->name->operator->name,
2,34,rectangle_java2.jpg,rectangle_java2.jpg,14992590315,132,1097.5078787878788,586.5218181818182,1103.5,585,9,21,),1,class->block->function->block->block_content->return->expr->call->argument_list,
2,34,rectangle_java2.jpg,rectangle_java2.jpg,14993142262,124,1155.0777419354838,542.7041935483871,1161.5,549,10,21,},1,class->block->function->block,
2,34,rectangle_java2.jpg,rectangle_java2.jpg,14993242031,96,1152.6558333333332,544.5425,1161.5,549,10,21,},1,class->block->function->block,
2,34,rectangle_java2.jpg,rectangle_java2.jpg,14993670343,172,1093.2076744186047,577.4472093023256,1086.5,585,10,21,(,1,class->block->function->block->block_content->return->expr->call->argument_list,
2,34,rectangle_java2.jpg,rectangle_java2.jpg,14993670343,172,1093.2076744186047,577.4472093023256,1103.5,585,9,21,),1,class->block->function->block->block_content->return->expr->call->argument_list,
2,34,rectangle_java2.jpg,rectangle_java2.jpg,14993926268,212,1045.096603773585,592.7341509433962,977.5,585,101,21,this.width,10,class->block->function->block->block_content->return->expr->call->name->name->operator->name,
2,34,rectangle_java2.jpg,rectangle_java2.jpg,14994090164,140,1111.7005714285715,593.1474285714286,1103.5,585,9,21,),1,class->block->function->block->block_content->return->expr->call->argument_list,
2,34,rectangle_java2.jpg,rectangle_java2.jpg,14994090164,140,1111.7005714285715,593.1474285714286,1122.5,585,12,21,*,1,class->block->function->block->block_content->return->expr->operator,
2,34,rectangle_java2.jpg,rectangle_java2.jpg,14994250196,156,1111.7392307692307,586.9146153846153,1103.5,585,9,21,),1,class->block->function->block->block_content->return->expr->call->argument_list,
2,34,rectangle_java2.jpg,rectangle_java2.jpg,14994250196,156,1111.7392307692307,586.9146153846153,1122.5,585,12,21,*,1,class->block->function->block->block_content->return->expr->operator,
2,34,rectangle_java2.jpg,rectangle_java2.jpg,14994350219,72,1048.9983333333334,584.8361111111111,977.5,585,101,21,this.width,10,class->block->function->block->block_content->return->expr->call->name->name->operator->name,
2,34,rectangle_java2.jpg,rectangle_java2.jpg,14994458256,104,1035.5007692307693,590.083076923077,977.5,585,101,21,this.width,10,class->block->function->block->block_content->return->expr->call->name->name->operator->name,
2,34,rectangle_java2.jpg,rectangle_java2.jpg,14994574273,112,1099.7767857142858,598.035,1103.5,585,9,21,),1,class->block->function->block->block_content->return->expr->call->argument_list,
2,34,rectangle_java2.jpg,rectangle_java2.jpg,14994678279,100,1104.3516,598.552,1103.5,585,9,21,),1,class->block->function->block->block_content->return->expr->call->argument_list,
2,34,rectangle_java2.jpg,rectangle_java2.jpg,14994894314,104,936.8669230769232,583.5023076923077,910.5,585,62,21,return,6,class->block->function->block->block_content->return,
2,34,rectangle_java2.jpg,rectangle_java2.jpg,14995078090,180,933.4793333333332,578.7471111111112,910.5,585,62,21,return,6,class->block->function->block->block_content->return,
2,34,rectangle_java2.jpg,rectangle_java2.jpg,14995178015,96,949.80125,595.2383333333333,910.5,585,62,21,return,6,class->block->function->block->block_content->return,
2,34,rectangle_java2.jpg,rectangle_java2.jpg,14995278034,64,1002.993125,587.35875,977.5,585,101,21,this.width,10,class->block->function->block->block_content->return->expr->call->name->name->operator->name,
2,34,rectangle_java2.jpg,rectangle_java2.jpg,14995350075,68,986.78,586.5694117647058,977.5,585,101,21,this.width,10,class->block->function->block->block_content->return->expr->call->name->name->operator->name,
2,34,rectangle_java2.jpg,rectangle_java2.jpg,14995502139,128,1072.145625,579.9171875,977.5,585,101,21,this.width,10,class->block->function->block->block_content->return->expr->call->name->name->operator->name,
2,34,rectangle_java2.jpg,rectangle_java2.jpg,14995762169,232,994.4322413793104,574.4786206896551,977.5,585,101,21,this.width,10,class->block->function->block->block_content->return->expr->call->name->name->operator->name,
2,34,rectangle_java2.jpg,rectangle_java2.jpg,14996190131,124,1032.9445161290323,557.2316129032258,968.5,549,70,21,this.y2,7,class->block->function->block->block_content->return->expr->name->name->operator->name,
2,34,rectangle_java2.jpg,rectangle_java2.jpg,14996450145,236,1083.7437288135593,549.316440677966,1064.5,549,71,21,this.y1,7,class->block->function->block->block_content->return->expr->name->name->operator->name,
2,34,rectangle_java2.jpg,rectangle_java2.jpg,14996646152,156,967.6476923076924,732.2805128205129,941.5,731,91,20,Rectangle,9,class->block->function->block->block_content->decl_stmt->decl->init->expr->call->name,
2,34,rectangle_java2.jpg,rectangle_java2.jpg,14996810083,140,967.1582857142856,668.3842857142857,941.5,658,91,20,Rectangle,9,class->block->function->block->block_content->decl_stmt->decl->init->expr->call->name,
2,34,rectangle_java2.jpg,rectangle_java2.jpg,14997017956,160,1101.01625,661.15625,1095.5,658,13,20,0,1,class->block->function->block->block_content->decl_stmt->decl->init->expr->call->argument_list->argument->expr->literal,
2,34,rectangle_java2.jpg,rectangle_java2.jpg,14997101957,80,1104.317,660.2985,1095.5,658,13,20,0,1,class->block->function->block->block_content->decl_stmt->decl->init->expr->call->argument_list->argument->expr->literal,
2,34,rectangle_java2.jpg,rectangle_java2.jpg,14997101957,80,1104.317,660.2985,1115.5,658,10,20,"""","""",1,class->block->function->block->block_content->decl_stmt->decl->init->expr->call->argument_list
2,34,rectangle_java2.jpg,rectangle_java2.jpg,14997181972,76,1094.2915789473684,662.7857894736842,1095.5,658,13,20,0,1,class->block->function->block->block_content->decl_stmt->decl->init->expr->call->argument_list->argument->expr->literal,
2,34,rectangle_java2.jpg,rectangle_java2.jpg,14997446022,212,1184.0596226415091,655.0305660377359,1182.5,658,22,20,10,2,class->block->function->block->block_content->decl_stmt->decl->init->expr->call->argument_list->argument->expr->literal,
2,34,rectangle_java2.jpg,rectangle_java2.jpg,14998313949,60,940.4213333333332,651.5226666666666,941.5,658,91,20,Rectangle,9,class->block->function->block->block_content->decl_stmt->decl->init->expr->call->name,
2,34,rectangle_java2.jpg,rectangle_java2.jpg,14998441996,124,933.0929032258064,656.3161290322581,902.5,658,34,20,new,3,class->block->function->block->block_content->decl_stmt->decl->init->expr->operator,
2,34,rectangle_java2.jpg,rectangle_java2.jpg,14998441996,124,933.0929032258064,656.3161290322581,941.5,658,91,20,Rectangle,9,class->block->function->block->block_content->decl_stmt->decl->init->expr->call->name,
2,34,rectangle_java2.jpg,rectangle_java2.jpg,14998601956,140,958.2805714285714,704.1102857142857,932.5,694,100,21,rect1.area,10,class->block->function->block->block_content->expr_stmt->expr->call->argument_list->argument->expr->call->name->name->operator->name,
2,34,rectangle_java2.jpg,rectangle_java2.jpg,14998801928,156,1039.468717948718,663.8682051282051,1041.5,658,9,20,(,1,class->block->function->block->block_content->decl_stmt->decl->init->expr->call->argument_list,
2,34,rectangle_java2.jpg,rectangle_java2.jpg,14999037673,224,1147.0946428571428,670.4644642857143,1134.5,658,22,20,10,2,class->block->function->block->block_content->decl_stmt->decl->init->expr->call->argument_list->argument->expr->literal,
2,34,rectangle_java2.jpg,rectangle_java2.jpg,14999153758,112,1144.9603571428572,663.6771428571428,1134.5,658,22,20,10,2,class->block->function->block->block_content->decl_stmt->decl->init->expr->call->argument_list->argument->expr->literal,
2,34,rectangle_java2.jpg,rectangle_java2.jpg,14999229821,72,1149.8661111111112,672.7094444444444,1134.5,658,22,20,10,2,class->block->function->block->block_content->decl_stmt->decl->init->expr->call->argument_list->argument->expr->literal,
2,34,rectangle_java2.jpg,rectangle_java2.jpg,14999337824,76,1218.338947368421,663.8636842105263,1211.5,658,9,20,),1,class->block->function->block->block_content->decl_stmt->decl->init->expr->call->argument_list,
2,34,rectangle_java2.jpg,rectangle_java2.jpg,14999873876,112,951.2739285714284,670.3625,941.5,658,91,20,Rectangle,9,class->block->function->block->block_content->decl_stmt->decl->init->expr->call->name,
2,34,rectangle_java2.jpg,rectangle_java2.jpg,15000001893,124,945.3409677419356,662.2590322580645,941.5,658,91,20,Rectangle,9,class->block->function->block->block_content->decl_stmt->decl->init->expr->call->name,
2,34,rectangle_java2.jpg,rectangle_java2.jpg,15000361871,140,945.718,674.0165714285714,941.5,658,91,20,Rectangle,9,class->block->function->block->block_content->decl_stmt->decl->init->expr->call->name,
2,34,rectangle_java2.jpg,rectangle_java2.jpg,15000525850,116,1089.5455172413792,667.2444827586207,1095.5,658,13,20,0,1,class->block->function->block->block_content->decl_stmt->decl->init->expr->call->argument_list->argument->expr->literal,
2,34,rectangle_java2.jpg,rectangle_java2.jpg,15000685752,156,1092.5523076923075,665.0253846153846,1095.5,658,13,20,0,1,class->block->function->block->block_content->decl_stmt->decl->init->expr->call->argument_list->argument->expr->literal,
2,34,rectangle_java2.jpg,rectangle_java2.jpg,15000909583,184,1029.2891304347827,666.5941304347826,941.5,658,91,20,Rectangle,9,class->block->function->block->block_content->decl_stmt->decl->init->expr->call->name,
2,34,rectangle_java2.jpg,rectangle_java2.jpg,15000909583,184,1029.2891304347827,666.5941304347826,1041.5,658,9,20,(,1,class->block->function->block->block_content->decl_stmt->decl->init->expr->call->argument_list,
2,34,rectangle_java2.jpg,rectangle_java2.jpg,15001209754,256,983.56203125,675.970625,941.5,658,91,20,Rectangle,9,class->block->function->block->block_content->decl_stmt->decl->init->expr->call->name,
2,34,rectangle_java2.jpg,rectangle_java2.jpg,15001425806,192,1048.226875,651.2445833333334,1041.5,658,9,20,(,1,class->block->function->block->block_content->decl_stmt->decl->init->expr->call->argument_list,
2,34,rectangle_java2.jpg,rectangle_java2.jpg,15001425806,192,1048.226875,651.2445833333334,1057.5,658,13,20,0,1,class->block->function->block->block_content->decl_stmt->decl->init->expr->call->argument_list->argument->expr->literal,
2,34,rectangle_java2.jpg,rectangle_java2.jpg,15001513795,76,1201.6547368421052,660.1357894736842,1182.5,658,22,20,10,2,class->block->function->block->block_content->decl_stmt->decl->init->expr->call->argument_list->argument->expr->literal,
2,34,rectangle_java2.jpg,rectangle_java2.jpg,15001513795,76,1201.6547368421052,660.1357894736842,1211.5,658,9,20,),1,class->block->function->block->block_content->decl_stmt->decl->init->expr->call->argument_list,
2,34,rectangle_java2.jpg,rectangle_java2.jpg,15001729720,84,1200.3423809523808,660.2509523809524,1182.5,658,22,20,10,2,class->block->function->block->block_content->decl_stmt->decl->init->expr->call->argument_list->argument->expr->literal,
2,34,rectangle_java2.jpg,rectangle_java2.jpg,15001729720,84,1200.3423809523808,660.2509523809524,1211.5,658,9,20,),1,class->block->function->block->block_content->decl_stmt->decl->init->expr->call->argument_list,
2,34,rectangle_java2.jpg,rectangle_java2.jpg,15002217697,144,845.6905555555555,283.09527777777777,837.5,295,9,21,(,1,class->block->constructor->parameter_list,
2,34,rectangle_java2.jpg,rectangle_java2.jpg,15002217697,144,845.6905555555555,283.09527777777777,853.5,295,32,21,int,3,class->block->constructor->parameter_list->parameter->decl->type->name,
