trial,participant,code_file,code_language,timestamp,duration,x_cord,y_cord,aoi_x,aoi_y,aoi_width,aoi_height,token,length,srcML,
2,43,rectangle_java2.jpg,rectangle_java2.jpg,671602562,56,763.9657142857143,412.3528571428572,730.5,404,71,19,this.x2,7,class->block->constructor->block->block_content->expr_stmt->expr->name->name->operator->name,
2,43,rectangle_java2.jpg,rectangle_java2.jpg,671702600,96,755.7083333333334,403.7475,730.5,404,71,19,this.x2,7,class->block->constructor->block->block_content->expr_stmt->expr->name->name->operator->name,
2,43,rectangle_java2.jpg,rectangle_java2.jpg,671810604,104,765.5746153846154,408.89153846153846,730.5,404,71,19,this.x2,7,class->block->constructor->block->block_content->expr_stmt->expr->name->name->operator->name,
2,43,rectangle_java2.jpg,rectangle_java2.jpg,671894497,56,770.9592857142857,248.0121428571429,747.5,259,33,21,int,3,class->block->decl_stmt->decl->type->name,
2,43,rectangle_java2.jpg,rectangle_java2.jpg,671998369,100,775.474,237.6236,715.5,222,90,21,Rectangle,9,class->name,
2,43,rectangle_java2.jpg,rectangle_java2.jpg,674690388,64,772.634375,225.145,715.5,222,90,21,Rectangle,9,class->name,
2,43,rectangle_java2.jpg,rectangle_java2.jpg,674930292,236,774.0600000000001,231.4591525423729,715.5,222,90,21,Rectangle,9,class->name,
2,43,rectangle_java2.jpg,rectangle_java2.jpg,675070293,84,738.3928571428571,257.9371428571429,669.5,259,72,21,private,7,class->block->decl_stmt->decl->type->specifier,
2,43,rectangle_java2.jpg,rectangle_java2.jpg,675070293,84,738.3928571428571,257.9371428571429,747.5,259,33,21,int,3,class->block->decl_stmt->decl->type->name,
2,43,rectangle_java2.jpg,rectangle_java2.jpg,675166302,92,732.974347826087,239.5260869565217,715.5,222,90,21,Rectangle,9,class->name,
2,43,rectangle_java2.jpg,rectangle_java2.jpg,675286310,92,783.9886956521739,232.4073913043478,715.5,222,90,21,Rectangle,9,class->name,
2,43,rectangle_java2.jpg,rectangle_java2.jpg,677594043,188,807.0323404255319,294.77744680851066,737.5,295,91,21,Rectangle,9,class->block->constructor->name,
2,43,rectangle_java2.jpg,rectangle_java2.jpg,677786056,136,735.8552941176471,289.1885294117647,737.5,295,91,21,Rectangle,9,class->block->constructor->name,
2,43,rectangle_java2.jpg,rectangle_java2.jpg,677886064,96,741.7141666666666,275.44125,747.5,259,33,21,int,3,class->block->decl_stmt->decl->type->name,
2,43,rectangle_java2.jpg,rectangle_java2.jpg,677994063,56,818.8364285714285,340.1857142857143,806.5,331,15,19,=,1,class->block->constructor->block->block_content->expr_stmt->expr->operator,
2,43,rectangle_java2.jpg,rectangle_java2.jpg,677994063,56,818.8364285714285,340.1857142857143,826.5,331,23,19,x1,2,class->block->constructor->block->block_content->expr_stmt->expr->name->name,
2,43,rectangle_java2.jpg,rectangle_java2.jpg,678134055,136,826.7076470588236,356.07029411764705,826.5,367,23,21,y1,2,class->block->constructor->block->block_content->expr_stmt->expr->name->name,
2,43,rectangle_java2.jpg,rectangle_java2.jpg,678258043,120,823.101,356.1083333333333,826.5,367,23,21,y1,2,class->block->constructor->block->block_content->expr_stmt->expr->name->name,
2,43,rectangle_java2.jpg,rectangle_java2.jpg,678450077,92,852.8547826086957,366.9343478260869,856.5,367,10,21,;,1,class->block->constructor->block->block_content->expr_stmt,
2,43,rectangle_java2.jpg,rectangle_java2.jpg,679805874,84,892.6738095238095,632.4385714285714,851.5,621,44,21,main,4,class->block->function->name,
2,43,rectangle_java2.jpg,rectangle_java2.jpg,679805874,84,892.6738095238095,632.4385714285714,904.5,621,9,21,(,1,class->block->function->parameter_list,
2,43,rectangle_java2.jpg,rectangle_java2.jpg,679933877,108,891.272962962963,629.4207407407407,851.5,621,44,21,main,4,class->block->function->name,
2,43,rectangle_java2.jpg,rectangle_java2.jpg,680325974,64,835.6225,540.248125,775.5,549,62,21,height,6,class->block->function->name,
2,43,rectangle_java2.jpg,rectangle_java2.jpg,680325974,64,835.6225,540.248125,846.5,549,10,21,(,1,class->block->function->parameter_list,
2,43,rectangle_java2.jpg,rectangle_java2.jpg,680457866,96,824.8145833333333,538.01,775.5,549,62,21,height,6,class->block->function->name,
2,43,rectangle_java2.jpg,rectangle_java2.jpg,680517770,56,817.3407142857143,543.325,775.5,549,62,21,height,6,class->block->function->name,
2,43,rectangle_java2.jpg,rectangle_java2.jpg,680673667,112,772.5185714285715,541.1239285714286,775.5,549,62,21,height,6,class->block->function->name,
2,43,rectangle_java2.jpg,rectangle_java2.jpg,680817748,56,824.1864285714286,364.7028571428572,826.5,367,23,21,y1,2,class->block->constructor->block->block_content->expr_stmt->expr->name->name,
2,43,rectangle_java2.jpg,rectangle_java2.jpg,680881760,60,831.7266666666667,379.072,826.5,367,23,21,y1,2,class->block->constructor->block->block_content->expr_stmt->expr->name->name,
2,43,rectangle_java2.jpg,rectangle_java2.jpg,681057760,124,842.3051612903225,380.1964516129032,826.5,367,23,21,y1,2,class->block->constructor->block->block_content->expr_stmt->expr->name->name,
2,43,rectangle_java2.jpg,rectangle_java2.jpg,681253764,80,845.0445,371.46,826.5,367,23,21,y1,2,class->block->constructor->block->block_content->expr_stmt->expr->name->name,
2,43,rectangle_java2.jpg,rectangle_java2.jpg,681253764,80,845.0445,371.46,856.5,367,10,21,;,1,class->block->constructor->block->block_content->expr_stmt,
2,43,rectangle_java2.jpg,rectangle_java2.jpg,681473785,60,821.686,347.79533333333336,826.5,331,23,19,x1,2,class->block->constructor->block->block_content->expr_stmt->expr->name->name,
2,43,rectangle_java2.jpg,rectangle_java2.jpg,681593775,56,785.0914285714285,335.5607142857143,730.5,331,71,19,this.x1,7,class->block->constructor->block->block_content->expr_stmt->expr->name->name->operator->name,
2,43,rectangle_java2.jpg,rectangle_java2.jpg,681661764,64,777.23375,358.316875,730.5,367,71,21,this.y1,7,class->block->constructor->block->block_content->expr_stmt->expr->name->name->operator->name,
2,43,rectangle_java2.jpg,rectangle_java2.jpg,681937729,84,831.0990476190476,371.08809523809526,826.5,367,23,21,y1,2,class->block->constructor->block->block_content->expr_stmt->expr->name->name,
2,43,rectangle_java2.jpg,rectangle_java2.jpg,682213700,60,857.8046666666667,364.8513333333333,856.5,367,10,21,;,1,class->block->constructor->block->block_content->expr_stmt,
2,43,rectangle_java2.jpg,rectangle_java2.jpg,682345692,128,866.256875,365.674375,856.5,367,10,21,;,1,class->block->constructor->block->block_content->expr_stmt,
2,43,rectangle_java2.jpg,rectangle_java2.jpg,683001679,88,836.6740909090909,382.4509090909091,826.5,367,23,21,y1,2,class->block->constructor->block->block_content->expr_stmt->expr->name->name,
2,43,rectangle_java2.jpg,rectangle_java2.jpg,683653779,196,832.8532653061225,421.08183673469387,826.5,404,23,19,x2,2,class->block->constructor->block->block_content->expr_stmt->expr->name->name,
2,43,rectangle_java2.jpg,rectangle_java2.jpg,683921571,80,874.3845,500.8,874.5,512,10,21,{,1,class->block->function->block,
2,43,rectangle_java2.jpg,rectangle_java2.jpg,684013557,88,881.6590909090909,512.9863636363636,874.5,512,10,21,{,1,class->block->function->block,
2,43,rectangle_java2.jpg,rectangle_java2.jpg,684013557,88,881.6590909090909,512.9863636363636,891.5,512,62,21,return,6,class->block->function->block->block_content->return->expr->name->name,
2,43,rectangle_java2.jpg,rectangle_java2.jpg,684149529,56,834.4314285714286,549.9007142857142,775.5,549,62,21,height,6,class->block->function->name,
2,43,rectangle_java2.jpg,rectangle_java2.jpg,684149529,56,834.4314285714286,549.9007142857142,846.5,549,10,21,(,1,class->block->function->parameter_list,
2,43,rectangle_java2.jpg,rectangle_java2.jpg,684277512,124,833.0006451612903,544.9054838709677,775.5,549,62,21,height,6,class->block->function->name,
2,43,rectangle_java2.jpg,rectangle_java2.jpg,684369511,60,899.7366666666667,556.0373333333333,900.5,549,63,21,return,6,class->block->function->block->block_content->return,
2,43,rectangle_java2.jpg,rectangle_java2.jpg,684737511,364,897.6312087912088,554.3365934065934,900.5,549,63,21,return,6,class->block->function->block->block_content->return,
2,43,rectangle_java2.jpg,rectangle_java2.jpg,684805562,56,791.3307142857143,541.9028571428571,775.5,549,62,21,height,6,class->block->function->name,
2,43,rectangle_java2.jpg,rectangle_java2.jpg,685101444,96,858.1845833333333,555.67625,863.5,549,9,21,),1,class->block->function->parameter_list,
2,43,rectangle_java2.jpg,rectangle_java2.jpg,685213287,108,863.4466666666667,549.7885185185185,863.5,549,9,21,),1,class->block->function->parameter_list,
2,43,rectangle_java2.jpg,rectangle_java2.jpg,685477350,236,915.7586440677966,556.7762711864407,900.5,549,63,21,return,6,class->block->function->block->block_content->return,
2,43,rectangle_java2.jpg,rectangle_java2.jpg,685585397,104,917.4557692307692,546.8326923076924,900.5,549,63,21,return,6,class->block->function->block->block_content->return,
2,43,rectangle_java2.jpg,rectangle_java2.jpg,685761390,160,992.16325,550.0615,968.5,549,70,21,this.y2,7,class->block->function->block->block_content->return->expr->name->name->operator->name,
2,43,rectangle_java2.jpg,rectangle_java2.jpg,685973335,208,997.7225,541.7544230769231,968.5,549,70,21,this.y2,7,class->block->function->block->block_content->return->expr->name->name->operator->name,
2,43,rectangle_java2.jpg,rectangle_java2.jpg,686101405,124,997.3712903225806,536.6141935483871,968.5,549,70,21,this.y2,7,class->block->function->block->block_content->return->expr->name->name->operator->name,
2,43,rectangle_java2.jpg,rectangle_java2.jpg,686309846,204,996.3311764705884,546.5852941176471,968.5,549,70,21,this.y2,7,class->block->function->block->block_content->return->expr->name->name->operator->name,
2,43,rectangle_java2.jpg,rectangle_java2.jpg,686385661,64,1122.7175,546.191875,1064.5,549,71,21,this.y1,7,class->block->function->block->block_content->return->expr->name->name->operator->name,
2,43,rectangle_java2.jpg,rectangle_java2.jpg,686617431,228,1126.5105263157895,540.6442105263158,1064.5,549,71,21,this.y1,7,class->block->function->block->block_content->return->expr->name->name->operator->name,
2,43,rectangle_java2.jpg,rectangle_java2.jpg,686713354,92,1125.2834782608695,546.4595652173913,1064.5,549,71,21,this.y1,7,class->block->function->block->block_content->return->expr->name->name->operator->name,
2,43,rectangle_java2.jpg,rectangle_java2.jpg,686837164,80,1148.5105,537.422,1142.5,549,10,21,;,1,class->block->function->block->block_content->return,
2,43,rectangle_java2.jpg,rectangle_java2.jpg,686917156,76,1145.235263157895,531.8278947368422,1152.5,512,10,21,},1,class->block,
2,43,rectangle_java2.jpg,rectangle_java2.jpg,687213259,264,1099.6425757575755,543.2884848484848,1064.5,549,71,21,this.y1,7,class->block->function->block->block_content->return->expr->name->name->operator->name,
2,43,rectangle_java2.jpg,rectangle_java2.jpg,687725237,76,959.251052631579,581.0526315789474,910.5,585,62,21,return,6,class->block->function->block->block_content->return,
2,43,rectangle_java2.jpg,rectangle_java2.jpg,687793224,64,964.001875,574.064375,910.5,585,62,21,return,6,class->block->function->block->block_content->return,
2,43,rectangle_java2.jpg,rectangle_java2.jpg,687965230,116,861.9379310344827,588.8055172413793,856.5,585,9,21,(,1,class->block->function->parameter_list,
2,43,rectangle_java2.jpg,rectangle_java2.jpg,687965230,116,861.9379310344827,588.8055172413793,873.5,585,9,21,),1,class->block->function->parameter_list,
2,43,rectangle_java2.jpg,rectangle_java2.jpg,688109242,140,860.9865714285714,591.7985714285714,856.5,585,9,21,(,1,class->block->function->parameter_list,
2,43,rectangle_java2.jpg,rectangle_java2.jpg,688249234,112,891.2642857142857,596.5432142857143,893.5,585,10,21,{,1,class->block->function->block,
2,43,rectangle_java2.jpg,rectangle_java2.jpg,688445129,192,890.3697916666666,593.3652083333334,893.5,585,10,21,{,1,class->block->function->block,
2,43,rectangle_java2.jpg,rectangle_java2.jpg,688565142,72,1014.5066666666668,595.4727777777778,977.5,585,101,21,this.width,10,class->block->function->block->block_content->return->expr->call->name->name->operator->name,
2,43,rectangle_java2.jpg,rectangle_java2.jpg,688733163,164,1013.1243902439024,592.959268292683,977.5,585,101,21,this.width,10,class->block->function->block->block_content->return->expr->call->name->name->operator->name,
2,43,rectangle_java2.jpg,rectangle_java2.jpg,688965233,76,751.3405263157895,241.00157894736844,715.5,222,90,21,Rectangle,9,class->name,
2,43,rectangle_java2.jpg,rectangle_java2.jpg,689137208,168,753.1395238095238,249.55642857142857,747.5,259,33,21,int,3,class->block->decl_stmt->decl->type->name,
2,43,rectangle_java2.jpg,rectangle_java2.jpg,689309078,136,780.3911764705882,239.11558823529413,715.5,222,90,21,Rectangle,9,class->name,
2,43,rectangle_java2.jpg,rectangle_java2.jpg,689425030,112,782.2164285714285,238.5278571428572,715.5,222,90,21,Rectangle,9,class->name,
2,43,rectangle_java2.jpg,rectangle_java2.jpg,689613050,160,732.07475,236.96425,715.5,222,90,21,Rectangle,9,class->name,
2,43,rectangle_java2.jpg,rectangle_java2.jpg,689857066,60,803.102,232.05933333333337,715.5,222,90,21,Rectangle,9,class->name,
2,43,rectangle_java2.jpg,rectangle_java2.jpg,689857066,60,803.102,232.05933333333337,813.5,222,10,21,{,1,class->block,
2,43,rectangle_java2.jpg,rectangle_java2.jpg,689936980,76,790.7057894736841,236.86473684210523,715.5,222,90,21,Rectangle,9,class->name,
2,43,rectangle_java2.jpg,rectangle_java2.jpg,691996851,68,793.5588235294118,210.6511764705882,715.5,222,90,21,Rectangle,9,class->name,
2,43,rectangle_java2.jpg,rectangle_java2.jpg,693652739,84,788.5328571428571,233.96333333333337,715.5,222,90,21,Rectangle,9,class->name,
2,43,rectangle_java2.jpg,rectangle_java2.jpg,693868682,84,778.5452380952381,223.1295238095238,715.5,222,90,21,Rectangle,9,class->name,
2,43,rectangle_java2.jpg,rectangle_java2.jpg,694040760,132,755.4215151515151,250.4224242424242,747.5,259,33,21,int,3,class->block->decl_stmt->decl->type->name,
2,43,rectangle_java2.jpg,rectangle_java2.jpg,694160574,64,886.9825,247.41,881.5,259,23,21,x2,2,class->block->decl_stmt->decl->name,
2,43,rectangle_java2.jpg,rectangle_java2.jpg,694764565,124,796.4,286.101935483871,737.5,295,91,21,Rectangle,9,class->block->constructor->name,
2,43,rectangle_java2.jpg,rectangle_java2.jpg,694852684,84,796.7085714285714,278.2090476190476,785.5,259,23,21,x1,2,class->block->decl_stmt->decl->name,
2,43,rectangle_java2.jpg,rectangle_java2.jpg,694948637,92,800.4621739130434,288.0817391304348,737.5,295,91,21,Rectangle,9,class->block->constructor->name,
2,43,rectangle_java2.jpg,rectangle_java2.jpg,695104575,112,795.7735714285715,271.75464285714287,785.5,259,23,21,x1,2,class->block->decl_stmt->decl->name,
2,43,rectangle_java2.jpg,rectangle_java2.jpg,695168561,60,792.9813333333333,262.72266666666667,785.5,259,23,21,x1,2,class->block->decl_stmt->decl->name,
2,43,rectangle_java2.jpg,rectangle_java2.jpg,695324565,68,721.7152941176471,275.7558823529412,669.5,259,72,21,private,7,class->block->decl_stmt->decl->type->specifier,
2,43,rectangle_java2.jpg,rectangle_java2.jpg,695424598,96,721.7395833333334,294.22875,669.5,295,63,21,public,6,class->block->constructor->specifier,
2,43,rectangle_java2.jpg,rectangle_java2.jpg,695536624,72,798.6694444444445,334.6655555555556,730.5,331,71,19,this.x1,7,class->block->constructor->block->block_content->expr_stmt->expr->name->name->operator->name,
2,43,rectangle_java2.jpg,rectangle_java2.jpg,695536624,72,798.6694444444445,334.6655555555556,806.5,331,15,19,=,1,class->block->constructor->block->block_content->expr_stmt->expr->operator,
2,43,rectangle_java2.jpg,rectangle_java2.jpg,695648653,108,800.5666666666667,300.4574074074074,737.5,295,91,21,Rectangle,9,class->block->constructor->name,
2,43,rectangle_java2.jpg,rectangle_java2.jpg,695772612,56,830.3321428571428,328.4092857142857,826.5,331,23,19,x1,2,class->block->constructor->block->block_content->expr_stmt->expr->name->name,
2,43,rectangle_java2.jpg,rectangle_java2.jpg,696272260,84,817.1295238095238,383.82142857142856,806.5,367,15,21,=,1,class->block->constructor->block->block_content->expr_stmt->expr->operator,
2,43,rectangle_java2.jpg,rectangle_java2.jpg,696272260,84,817.1295238095238,383.82142857142856,826.5,367,23,21,y1,2,class->block->constructor->block->block_content->expr_stmt->expr->name->name,
2,43,rectangle_java2.jpg,rectangle_java2.jpg,696368387,92,822.7526086956522,366.3752173913044,826.5,367,23,21,y1,2,class->block->constructor->block->block_content->expr_stmt->expr->name->name,
2,43,rectangle_java2.jpg,rectangle_java2.jpg,696632517,160,830.80575,372.836,826.5,367,23,21,y1,2,class->block->constructor->block->block_content->expr_stmt->expr->name->name,
2,43,rectangle_java2.jpg,rectangle_java2.jpg,697472448,96,840.9333333333333,400.3725,826.5,404,23,19,x2,2,class->block->constructor->block->block_content->expr_stmt->expr->name->name,
2,43,rectangle_java2.jpg,rectangle_java2.jpg,697544449,68,844.1988235294117,402.6617647058824,826.5,404,23,19,x2,2,class->block->constructor->block->block_content->expr_stmt->expr->name->name,
2,43,rectangle_java2.jpg,rectangle_java2.jpg,697544449,68,844.1988235294117,402.6617647058824,856.5,404,10,19,;,1,class->block->constructor->block->block_content->expr_stmt,
2,43,rectangle_java2.jpg,rectangle_java2.jpg,698112348,76,795.3721052631579,542.4094736842105,775.5,549,62,21,height,6,class->block->function->name,
2,43,rectangle_java2.jpg,rectangle_java2.jpg,698316315,132,791.9427272727273,583.7651515151515,737.5,585,62,21,double,6,class->block->function->type->name,
2,43,rectangle_java2.jpg,rectangle_java2.jpg,698392321,72,790.3366666666667,584.9177777777778,737.5,585,62,21,double,6,class->block->function->type->name,
2,43,rectangle_java2.jpg,rectangle_java2.jpg,698548330,108,814.6666666666666,562.6822222222222,775.5,549,62,21,height,6,class->block->function->name,
2,43,rectangle_java2.jpg,rectangle_java2.jpg,698728314,84,767.6104761904762,556.7695238095238,737.5,549,33,21,int,3,class->block->function->type->name,
2,43,rectangle_java2.jpg,rectangle_java2.jpg,698728314,84,767.6104761904762,556.7695238095238,775.5,549,62,21,height,6,class->block->function->name,
2,43,rectangle_java2.jpg,rectangle_java2.jpg,698812292,80,766.442,548.2864999999999,737.5,549,33,21,int,3,class->block->function->type->name,
2,43,rectangle_java2.jpg,rectangle_java2.jpg,698812292,80,766.442,548.2864999999999,775.5,549,62,21,height,6,class->block->function->name,
2,43,rectangle_java2.jpg,rectangle_java2.jpg,699012267,64,851.655625,547.5081250000001,846.5,549,10,21,(,1,class->block->function->parameter_list,
2,43,rectangle_java2.jpg,rectangle_java2.jpg,699012267,64,851.655625,547.5081250000001,863.5,549,9,21,),1,class->block->function->parameter_list,
2,43,rectangle_java2.jpg,rectangle_java2.jpg,699188279,64,846.73625,531.345,854.5,512,9,21,),1,class->block->function->parameter_list,
2,43,rectangle_java2.jpg,rectangle_java2.jpg,699440172,92,828.3508695652174,624.9860869565217,804.5,621,44,21,void,4,class->block->function->type->name,
2,43,rectangle_java2.jpg,rectangle_java2.jpg,699528189,84,826.6685714285715,614.3966666666666,804.5,621,44,21,void,4,class->block->function->type->name,
2,43,rectangle_java2.jpg,rectangle_java2.jpg,699632194,76,850.5426315789474,585.0810526315789,856.5,585,9,21,(,1,class->block->function->parameter_list,
2,43,rectangle_java2.jpg,rectangle_java2.jpg,699968134,144,902.5169444444444,563.755,900.5,549,63,21,return,6,class->block->function->block->block_content->return,
2,43,rectangle_java2.jpg,rectangle_java2.jpg,700036144,64,898.7993749999999,567.20375,900.5,549,63,21,return,6,class->block->function->block->block_content->return,
2,43,rectangle_java2.jpg,rectangle_java2.jpg,700272192,208,902.4782692307692,563.9351923076923,900.5,549,63,21,return,6,class->block->function->block->block_content->return,
2,43,rectangle_java2.jpg,rectangle_java2.jpg,700340175,64,902.57625,558.73625,900.5,549,63,21,return,6,class->block->function->block->block_content->return,
2,43,rectangle_java2.jpg,rectangle_java2.jpg,700908006,168,1004.6959523809523,563.3402380952381,968.5,549,70,21,this.y2,7,class->block->function->block->block_content->return->expr->name->name->operator->name,
2,43,rectangle_java2.jpg,rectangle_java2.jpg,701127973,148,1115.1132432432432,548.4378378378378,1064.5,549,71,21,this.y1,7,class->block->function->block->block_content->return->expr->name->name->operator->name,
2,43,rectangle_java2.jpg,rectangle_java2.jpg,701660186,60,1107.612,562.8026666666667,1064.5,549,71,21,this.y1,7,class->block->function->block->block_content->return->expr->name->name->operator->name,
2,43,rectangle_java2.jpg,rectangle_java2.jpg,701820062,64,1111.086875,574.4325,1103.5,585,9,21,),1,class->block->function->block->block_content->return->expr->call->argument_list,
2,43,rectangle_java2.jpg,rectangle_java2.jpg,701820062,64,1111.086875,574.4325,1122.5,585,12,21,*,1,class->block->function->block->block_content->return->expr->operator,
2,43,rectangle_java2.jpg,rectangle_java2.jpg,701920049,56,1113.0907142857145,555.5171428571429,1064.5,549,71,21,this.y1,7,class->block->function->block->block_content->return->expr->name->name->operator->name,
2,43,rectangle_java2.jpg,rectangle_java2.jpg,702044064,100,1057.6772,568.854,1045.5,549,13,21,-,1,class->block->function->block->block_content->return->expr->operator,
2,43,rectangle_java2.jpg,rectangle_java2.jpg,702044064,100,1057.6772,568.854,1064.5,549,71,21,this.y1,7,class->block->function->block->block_content->return->expr->name->name->operator->name,
2,43,rectangle_java2.jpg,rectangle_java2.jpg,702152086,56,1060.172857142857,577.6607142857142,977.5,585,101,21,this.width,10,class->block->function->block->block_content->return->expr->call->name->name->operator->name,
2,43,rectangle_java2.jpg,rectangle_java2.jpg,702236099,80,1069.9605,545.894,1064.5,549,71,21,this.y1,7,class->block->function->block->block_content->return->expr->name->name->operator->name,
2,43,rectangle_java2.jpg,rectangle_java2.jpg,702344088,84,1110.6680952380952,546.0809523809523,1064.5,549,71,21,this.y1,7,class->block->function->block->block_content->return->expr->name->name->operator->name,
2,43,rectangle_java2.jpg,rectangle_java2.jpg,702483974,136,1117.3547058823528,556.7844117647059,1064.5,549,71,21,this.y1,7,class->block->function->block->block_content->return->expr->name->name->operator->name,
2,43,rectangle_java2.jpg,rectangle_java2.jpg,702635742,116,1166.0441379310346,553.3844827586207,1161.5,549,10,21,},1,class->block->function->block,
2,43,rectangle_java2.jpg,rectangle_java2.jpg,702839917,200,1168.0836,556.4522000000001,1161.5,549,10,21,},1,class->block->function->block,
2,43,rectangle_java2.jpg,rectangle_java2.jpg,703023965,100,1169.568,565.5424,1161.5,549,10,21,},1,class->block->function->block,
2,43,rectangle_java2.jpg,rectangle_java2.jpg,703283949,96,1147.9116666666666,548.2591666666667,1142.5,549,10,21,;,1,class->block->function->block->block_content->return,
2,43,rectangle_java2.jpg,rectangle_java2.jpg,703487978,92,872.8239130434782,615.0017391304348,851.5,621,44,21,main,4,class->block->function->name,
2,43,rectangle_java2.jpg,rectangle_java2.jpg,703563930,72,879.3116666666667,617.5188888888889,851.5,621,44,21,main,4,class->block->function->name,
2,43,rectangle_java2.jpg,rectangle_java2.jpg,703779892,172,840.2451162790697,613.2951162790698,804.5,621,44,21,void,4,class->block->function->type->name,
2,43,rectangle_java2.jpg,rectangle_java2.jpg,703779892,172,840.2451162790697,613.2951162790698,851.5,621,44,21,main,4,class->block->function->name,
2,43,rectangle_java2.jpg,rectangle_java2.jpg,703895894,76,904.6036842105264,612.29,904.5,621,9,21,(,1,class->block->function->parameter_list,
2,43,rectangle_java2.jpg,rectangle_java2.jpg,703991886,92,900.0308695652174,610.0526086956522,904.5,621,9,21,(,1,class->block->function->parameter_list,
2,43,rectangle_java2.jpg,rectangle_java2.jpg,704107840,112,890.9807142857143,623.5875,851.5,621,44,21,main,4,class->block->function->name,
2,43,rectangle_java2.jpg,rectangle_java2.jpg,705203814,80,1028.59,574.5305,977.5,585,101,21,this.width,10,class->block->function->block->block_content->return->expr->call->name->name->operator->name,
2,43,rectangle_java2.jpg,rectangle_java2.jpg,705351797,100,1082.6788,595.7068,1086.5,585,10,21,(,1,class->block->function->block->block_content->return->expr->call->argument_list,
2,43,rectangle_java2.jpg,rectangle_java2.jpg,705551694,196,1078.1142857142856,586.7212244897959,977.5,585,101,21,this.width,10,class->block->function->block->block_content->return->expr->call->name->name->operator->name,
2,43,rectangle_java2.jpg,rectangle_java2.jpg,705551694,196,1078.1142857142856,586.7212244897959,1086.5,585,10,21,(,1,class->block->function->block->block_content->return->expr->call->argument_list,
2,43,rectangle_java2.jpg,rectangle_java2.jpg,705651590,64,1112.603125,582.245625,1122.5,585,12,21,*,1,class->block->function->block->block_content->return->expr->operator,
2,43,rectangle_java2.jpg,rectangle_java2.jpg,705787620,132,1107.901212121212,589.4648484848485,1103.5,585,9,21,),1,class->block->function->block->block_content->return->expr->call->argument_list,
2,43,rectangle_java2.jpg,rectangle_java2.jpg,705867651,76,1110.1863157894736,590.4742105263158,1103.5,585,9,21,),1,class->block->function->block->block_content->return->expr->call->argument_list,
2,43,rectangle_java2.jpg,rectangle_java2.jpg,705867651,76,1110.1863157894736,590.4742105263158,1122.5,585,12,21,*,1,class->block->function->block->block_content->return->expr->operator,
2,43,rectangle_java2.jpg,rectangle_java2.jpg,706027698,156,1110.9833333333331,586.0917948717948,1103.5,585,9,21,),1,class->block->function->block->block_content->return->expr->call->argument_list,
2,43,rectangle_java2.jpg,rectangle_java2.jpg,706027698,156,1110.9833333333331,586.0917948717948,1122.5,585,12,21,*,1,class->block->function->block->block_content->return->expr->operator,
2,43,rectangle_java2.jpg,rectangle_java2.jpg,706123693,76,999.1763157894736,591.1321052631579,977.5,585,101,21,this.width,10,class->block->function->block->block_content->return->expr->call->name->name->operator->name,
2,43,rectangle_java2.jpg,rectangle_java2.jpg,706235674,56,996.2928571428572,600.5185714285715,977.5,585,101,21,this.width,10,class->block->function->block->block_content->return->expr->call->name->name->operator->name,
2,43,rectangle_java2.jpg,rectangle_java2.jpg,706451693,212,993.7122641509434,594.2430188679245,977.5,585,101,21,this.width,10,class->block->function->block->block_content->return->expr->call->name->name->operator->name,
2,43,rectangle_java2.jpg,rectangle_java2.jpg,706607686,80,891.2165,617.859,851.5,621,44,21,main,4,class->block->function->name,
2,43,rectangle_java2.jpg,rectangle_java2.jpg,706771666,160,894.0527500000001,609.42425,851.5,621,44,21,main,4,class->block->function->name,
2,43,rectangle_java2.jpg,rectangle_java2.jpg,706771666,160,894.0527500000001,609.42425,904.5,621,9,21,(,1,class->block->function->parameter_list,
2,43,rectangle_java2.jpg,rectangle_java2.jpg,706851650,76,897.3394736842105,605.578947368421,893.5,585,10,21,{,1,class->block->function->block,
2,43,rectangle_java2.jpg,rectangle_java2.jpg,706979660,60,879.6446666666667,605.22,873.5,585,9,21,),1,class->block->function->parameter_list,
2,43,rectangle_java2.jpg,rectangle_java2.jpg,707283462,60,804.0633333333333,637.6153333333333,804.5,621,44,21,void,4,class->block->function->type->name,
2,43,rectangle_java2.jpg,rectangle_java2.jpg,707343407,56,813.28,635.4221428571428,804.5,621,44,21,void,4,class->block->function->type->name,
2,43,rectangle_java2.jpg,rectangle_java2.jpg,707447313,100,807.9748,653.7388,730.5,658,91,20,Rectangle,9,class->block->function->block->block_content->decl_stmt->decl->type->name,
2,43,rectangle_java2.jpg,rectangle_java2.jpg,707595377,128,850.1209375,692.2978125,730.5,694,177,21,System.out.println,18,class->block->function->block->block_content->expr_stmt->expr->call->name->name->operator->name->operator->name,
2,43,rectangle_java2.jpg,rectangle_java2.jpg,707679423,80,855.2785,687.754,730.5,694,177,21,System.out.println,18,class->block->function->block->block_content->expr_stmt->expr->call->name->name->operator->name->operator->name,
2,43,rectangle_java2.jpg,rectangle_java2.jpg,707979481,196,910.9730612244898,693.0551020408163,916.5,694,9,21,(,1,class->block->function->block->block_content->expr_stmt->expr->call->argument_list,
2,43,rectangle_java2.jpg,rectangle_java2.jpg,708171552,84,1064.5342857142855,673.7080952380952,1057.5,658,13,20,0,1,class->block->function->block->block_content->decl_stmt->decl->init->expr->call->argument_list->argument->expr->literal,
2,43,rectangle_java2.jpg,rectangle_java2.jpg,708243558,68,1054.9105882352942,669.724705882353,1057.5,658,13,20,0,1,class->block->function->block->block_content->decl_stmt->decl->init->expr->call->argument_list->argument->expr->literal,
2,43,rectangle_java2.jpg,rectangle_java2.jpg,708303553,56,1067.2842857142855,674.5464285714286,1057.5,658,13,20,0,1,class->block->function->block->block_content->decl_stmt->decl->init->expr->call->argument_list->argument->expr->literal,
2,43,rectangle_java2.jpg,rectangle_java2.jpg,708303553,56,1067.2842857142855,674.5464285714286,1077.5,658,9,20,"""","""",1,class->block->function->block->block_content->decl_stmt->decl->init->expr->call->argument_list
2,43,rectangle_java2.jpg,rectangle_java2.jpg,708403533,84,1180.0233333333333,668.1761904761904,1182.5,658,22,20,10,2,class->block->function->block->block_content->decl_stmt->decl->init->expr->call->argument_list->argument->expr->literal,
2,43,rectangle_java2.jpg,rectangle_java2.jpg,708495520,88,1183.2304545454544,656.6731818181818,1182.5,658,22,20,10,2,class->block->function->block->block_content->decl_stmt->decl->init->expr->call->argument_list->argument->expr->literal,
2,43,rectangle_java2.jpg,rectangle_java2.jpg,708675507,68,1208.6041176470587,650.2135294117647,1211.5,658,9,20,),1,class->block->function->block->block_content->decl_stmt->decl->init->expr->call->argument_list,
2,43,rectangle_java2.jpg,rectangle_java2.jpg,708739465,60,1220.359333333333,647.3233333333333,1211.5,658,9,20,),1,class->block->function->block->block_content->decl_stmt->decl->init->expr->call->argument_list,
2,43,rectangle_java2.jpg,rectangle_java2.jpg,708739465,60,1220.359333333333,647.3233333333333,1231.5,658,10,20,;,1,class->block->function->block->block_content->decl_stmt,
2,43,rectangle_java2.jpg,rectangle_java2.jpg,708887289,144,1214.1577777777777,656.0116666666667,1211.5,658,9,20,),1,class->block->function->block->block_content->decl_stmt->decl->init->expr->call->argument_list,
2,43,rectangle_java2.jpg,rectangle_java2.jpg,709095346,108,1120.8633333333332,665.5885185185185,1115.5,658,10,20,"""","""",1,class->block->function->block->block_content->decl_stmt->decl->init->expr->call->argument_list
2,43,rectangle_java2.jpg,rectangle_java2.jpg,709219351,80,893.0805,753.6935,730.5,766,177,21,System.out.println,18,class->block->function->block->block_content->expr_stmt->expr->call->name->name->operator->name->operator->name,
2,43,rectangle_java2.jpg,rectangle_java2.jpg,709299343,76,885.4136842105263,764.8142105263158,730.5,766,177,21,System.out.println,18,class->block->function->block->block_content->expr_stmt->expr->call->name->name->operator->name->operator->name,
2,43,rectangle_java2.jpg,rectangle_java2.jpg,709391345,88,889.5786363636364,769.4672727272728,730.5,766,177,21,System.out.println,18,class->block->function->block->block_content->expr_stmt->expr->call->name->name->operator->name->operator->name,
2,43,rectangle_java2.jpg,rectangle_java2.jpg,709739437,84,928.8776190476192,597.2747619047619,910.5,585,62,21,return,6,class->block->function->block->block_content->return,
2,43,rectangle_java2.jpg,rectangle_java2.jpg,709935451,192,934.57875,587.2904166666667,910.5,585,62,21,return,6,class->block->function->block->block_content->return,
2,43,rectangle_java2.jpg,rectangle_java2.jpg,710063412,96,1007.6475,585.85,977.5,585,101,21,this.width,10,class->block->function->block->block_content->return->expr->call->name->name->operator->name,
2,43,rectangle_java2.jpg,rectangle_java2.jpg,710223430,84,1062.6457142857143,588.3728571428571,977.5,585,101,21,this.width,10,class->block->function->block->block_content->return->expr->call->name->name->operator->name,
2,43,rectangle_java2.jpg,rectangle_java2.jpg,710379304,72,1117.67,504.9683333333333,1054.5,512,71,21,this.x1,7,class->block->function->block->block_content->return->expr->name->name->operator->name,
2,43,rectangle_java2.jpg,rectangle_java2.jpg,710455235,72,1117.5733333333333,513.2855555555556,1054.5,512,71,21,this.x1,7,class->block->function->block->block_content->return->expr->name->name->operator->name,
2,43,rectangle_java2.jpg,rectangle_java2.jpg,710559233,76,1135.4605263157894,542.1363157894737,1064.5,549,71,21,this.y1,7,class->block->function->block->block_content->return->expr->name->name->operator->name,
2,43,rectangle_java2.jpg,rectangle_java2.jpg,710559233,76,1135.4605263157894,542.1363157894737,1142.5,549,10,21,;,1,class->block->function->block->block_content->return,
2,43,rectangle_java2.jpg,rectangle_java2.jpg,711115217,92,1163.19,552.0930434782608,1161.5,549,10,21,},1,class->block->function->block,
2,43,rectangle_java2.jpg,rectangle_java2.jpg,711295181,136,1167.3182352941176,568.0167647058823,1161.5,549,10,21,},1,class->block->function->block,
2,43,rectangle_java2.jpg,rectangle_java2.jpg,711455237,88,918.9509090909092,596.8231818181819,910.5,585,62,21,return,6,class->block->function->block->block_content->return,
2,43,rectangle_java2.jpg,rectangle_java2.jpg,711575314,116,917.06,593.6806896551724,910.5,585,62,21,return,6,class->block->function->block->block_content->return,
2,43,rectangle_java2.jpg,rectangle_java2.jpg,711735786,128,875.6078125,614.989375,851.5,621,44,21,main,4,class->block->function->name,
2,43,rectangle_java2.jpg,rectangle_java2.jpg,712079002,160,853.56225,335.73975,856.5,331,10,19,;,1,class->block->constructor->block->block_content->expr_stmt,
2,43,rectangle_java2.jpg,rectangle_java2.jpg,712195085,112,848.3632142857143,339.5360714285714,826.5,331,23,19,x1,2,class->block->constructor->block->block_content->expr_stmt->expr->name->name,
2,43,rectangle_java2.jpg,rectangle_java2.jpg,712195085,112,848.3632142857143,339.5360714285714,856.5,331,10,19,;,1,class->block->constructor->block->block_content->expr_stmt,
2,43,rectangle_java2.jpg,rectangle_java2.jpg,712259117,60,840.7786666666667,325.87266666666665,826.5,331,23,19,x1,2,class->block->constructor->block->block_content->expr_stmt->expr->name->name,
2,43,rectangle_java2.jpg,rectangle_java2.jpg,712367099,104,851.215,326.8442307692308,856.5,331,10,19,;,1,class->block->constructor->block->block_content->expr_stmt,
2,43,rectangle_java2.jpg,rectangle_java2.jpg,712679141,236,818.9196610169491,413.2138983050848,806.5,404,15,19,=,1,class->block->constructor->block->block_content->expr_stmt->expr->operator,
2,43,rectangle_java2.jpg,rectangle_java2.jpg,712679141,236,818.9196610169491,413.2138983050848,826.5,404,23,19,x2,2,class->block->constructor->block->block_content->expr_stmt->expr->name->name,
2,43,rectangle_java2.jpg,rectangle_java2.jpg,712911180,64,942.30625,631.75625,920.5,621,62,21,String,6,class->block->function->parameter_list->parameter->decl->type->name->name,
2,43,rectangle_java2.jpg,rectangle_java2.jpg,713099175,160,877.9875,601.40025,873.5,585,9,21,),1,class->block->function->parameter_list,
2,43,rectangle_java2.jpg,rectangle_java2.jpg,713415190,312,872.9966666666667,598.2167948717948,873.5,585,9,21,),1,class->block->function->parameter_list,
2,43,rectangle_java2.jpg,rectangle_java2.jpg,713682826,244,923.9280327868852,595.9688524590164,910.5,585,62,21,return,6,class->block->function->block->block_content->return,
2,43,rectangle_java2.jpg,rectangle_java2.jpg,713766940,80,928.024,591.7515,910.5,585,62,21,return,6,class->block->function->block->block_content->return,
2,43,rectangle_java2.jpg,rectangle_java2.jpg,713983046,124,1038.3406451612902,591.2832258064516,977.5,585,101,21,this.width,10,class->block->function->block->block_content->return->expr->call->name->name->operator->name,
2,43,rectangle_java2.jpg,rectangle_java2.jpg,714319051,100,1067.7428,575.5708,977.5,585,101,21,this.width,10,class->block->function->block->block_content->return->expr->call->name->name->operator->name,
2,43,rectangle_java2.jpg,rectangle_java2.jpg,714455059,132,1073.4672727272728,586.0448484848484,977.5,585,101,21,this.width,10,class->block->function->block->block_content->return->expr->call->name->name->operator->name,
2,43,rectangle_java2.jpg,rectangle_java2.jpg,714563188,104,1069.3957692307692,578.1876923076923,977.5,585,101,21,this.width,10,class->block->function->block->block_content->return->expr->call->name->name->operator->name,
2,43,rectangle_java2.jpg,rectangle_java2.jpg,714763142,96,1144.2125,540.4104166666667,1142.5,549,10,21,;,1,class->block->function->block->block_content->return,
2,43,rectangle_java2.jpg,rectangle_java2.jpg,714918997,76,1101.8863157894737,544.6442105263158,1064.5,549,71,21,this.y1,7,class->block->function->block->block_content->return->expr->name->name->operator->name,
2,43,rectangle_java2.jpg,rectangle_java2.jpg,715066945,144,1092.532222222222,547.7752777777778,1064.5,549,71,21,this.y1,7,class->block->function->block->block_content->return->expr->name->name->operator->name,
2,43,rectangle_java2.jpg,rectangle_java2.jpg,715246841,88,1031.4840909090908,561.800909090909,968.5,549,70,21,this.y2,7,class->block->function->block->block_content->return->expr->name->name->operator->name,
2,43,rectangle_java2.jpg,rectangle_java2.jpg,715318886,68,1036.010588235294,577.4576470588236,977.5,585,101,21,this.width,10,class->block->function->block->block_content->return->expr->call->name->name->operator->name,
2,43,rectangle_java2.jpg,rectangle_java2.jpg,715406965,84,1030.9880952380952,579.6485714285715,977.5,585,101,21,this.width,10,class->block->function->block->block_content->return->expr->call->name->name->operator->name,
2,43,rectangle_java2.jpg,rectangle_java2.jpg,715526976,72,878.7061111111111,728.5594444444445,883.5,731,15,20,=,1,class->block->function->block->block_content->decl_stmt->decl->init,
2,43,rectangle_java2.jpg,rectangle_java2.jpg,715750935,136,842.949705882353,689.7167647058824,730.5,694,177,21,System.out.println,18,class->block->function->block->block_content->expr_stmt->expr->call->name->name->operator->name->operator->name,
2,43,rectangle_java2.jpg,rectangle_java2.jpg,715830965,76,839.9194736842105,704.8636842105263,730.5,694,177,21,System.out.println,18,class->block->function->block->block_content->expr_stmt->expr->call->name->name->operator->name->operator->name,
2,43,rectangle_java2.jpg,rectangle_java2.jpg,715938947,80,893.7635,710.307,730.5,694,177,21,System.out.println,18,class->block->function->block->block_content->expr_stmt->expr->call->name->name->operator->name->operator->name,
2,43,rectangle_java2.jpg,rectangle_java2.jpg,716058910,116,890.2462068965517,702.2493103448276,730.5,694,177,21,System.out.println,18,class->block->function->block->block_content->expr_stmt->expr->call->name->name->operator->name->operator->name,
2,43,rectangle_java2.jpg,rectangle_java2.jpg,716182903,72,800.775,670.8583333333333,730.5,658,91,20,Rectangle,9,class->block->function->block->block_content->decl_stmt->decl->type->name,
2,43,rectangle_java2.jpg,rectangle_java2.jpg,716322897,136,802.1108823529412,683.1697058823529,730.5,694,177,21,System.out.println,18,class->block->function->block->block_content->expr_stmt->expr->call->name->name->operator->name->operator->name,
2,43,rectangle_java2.jpg,rectangle_java2.jpg,716710866,212,826.1664150943396,541.4156603773584,775.5,549,62,21,height,6,class->block->function->name,
2,43,rectangle_java2.jpg,rectangle_java2.jpg,717310766,64,863.82125,683.660625,730.5,694,177,21,System.out.println,18,class->block->function->block->block_content->expr_stmt->expr->call->name->name->operator->name->operator->name,
2,43,rectangle_java2.jpg,rectangle_java2.jpg,717422758,80,900.7275,697.472,730.5,694,177,21,System.out.println,18,class->block->function->block->block_content->expr_stmt->expr->call->name->name->operator->name->operator->name,
2,43,rectangle_java2.jpg,rectangle_java2.jpg,717558756,132,901.420303030303,695.4324242424243,730.5,694,177,21,System.out.println,18,class->block->function->block->block_content->expr_stmt->expr->call->name->name->operator->name->operator->name,
2,43,rectangle_java2.jpg,rectangle_java2.jpg,717634727,72,900.7211111111112,706.8905555555556,730.5,694,177,21,System.out.println,18,class->block->function->block->block_content->expr_stmt->expr->call->name->name->operator->name->operator->name,
2,43,rectangle_java2.jpg,rectangle_java2.jpg,717830735,156,975.615641025641,700.7112820512821,932.5,694,100,21,rect1.area,10,class->block->function->block->block_content->expr_stmt->expr->call->argument_list->argument->expr->call->name->name->operator->name,
2,43,rectangle_java2.jpg,rectangle_java2.jpg,717922758,88,976.3254545454546,694.3777272727273,932.5,694,100,21,rect1.area,10,class->block->function->block->block_content->expr_stmt->expr->call->argument_list->argument->expr->call->name->name->operator->name,
2,43,rectangle_java2.jpg,rectangle_java2.jpg,718030803,80,1029.57,690.3505,932.5,694,100,21,rect1.area,10,class->block->function->block->block_content->expr_stmt->expr->call->argument_list->argument->expr->call->name->name->operator->name,
2,43,rectangle_java2.jpg,rectangle_java2.jpg,718030803,80,1029.57,690.3505,1041.5,694,9,21,(,1,class->block->function->block->block_content->expr_stmt->expr->call->argument_list->argument->expr->call->argument_list,
2,43,rectangle_java2.jpg,rectangle_java2.jpg,718122828,88,1033.9077272727272,674.8581818181818,1041.5,658,9,20,(,1,class->block->function->block->block_content->decl_stmt->decl->init->expr->call->argument_list,
2,43,rectangle_java2.jpg,rectangle_java2.jpg,718690608,204,1104.62,672.9686274509804,1095.5,658,13,20,0,1,class->block->function->block->block_content->decl_stmt->decl->init->expr->call->argument_list->argument->expr->literal,
2,43,rectangle_java2.jpg,rectangle_java2.jpg,718690608,204,1104.62,672.9686274509804,1115.5,658,10,20,"""","""",1,class->block->function->block->block_content->decl_stmt->decl->init->expr->call->argument_list
2,43,rectangle_java2.jpg,rectangle_java2.jpg,719166590,116,856.6975862068965,687.1920689655173,730.5,694,177,21,System.out.println,18,class->block->function->block->block_content->expr_stmt->expr->call->name->name->operator->name->operator->name,
2,43,rectangle_java2.jpg,rectangle_java2.jpg,719366580,72,890.9916666666667,685.0611111111111,730.5,694,177,21,System.out.println,18,class->block->function->block->block_content->expr_stmt->expr->call->name->name->operator->name->operator->name,
2,43,rectangle_java2.jpg,rectangle_java2.jpg,719478601,108,893.3925925925926,686.1751851851852,730.5,694,177,21,System.out.println,18,class->block->function->block->block_content->expr_stmt->expr->call->name->name->operator->name->operator->name,
2,43,rectangle_java2.jpg,rectangle_java2.jpg,719598635,116,925.2024137931036,685.3131034482759,916.5,694,9,21,(,1,class->block->function->block->block_content->expr_stmt->expr->call->argument_list,
2,43,rectangle_java2.jpg,rectangle_java2.jpg,719598635,116,925.2024137931036,685.3131034482759,932.5,694,100,21,rect1.area,10,class->block->function->block->block_content->expr_stmt->expr->call->argument_list->argument->expr->call->name->name->operator->name,
2,43,rectangle_java2.jpg,rectangle_java2.jpg,719738591,136,930.0594117647058,666.5720588235295,902.5,658,34,20,new,3,class->block->function->block->block_content->decl_stmt->decl->init->expr->operator,
2,43,rectangle_java2.jpg,rectangle_java2.jpg,719738591,136,930.0594117647058,666.5720588235295,941.5,658,91,20,Rectangle,9,class->block->function->block->block_content->decl_stmt->decl->init->expr->call->name,
2,43,rectangle_java2.jpg,rectangle_java2.jpg,719858476,68,856.3511764705883,686.03,730.5,694,177,21,System.out.println,18,class->block->function->block->block_content->expr_stmt->expr->call->name->name->operator->name->operator->name,
2,43,rectangle_java2.jpg,rectangle_java2.jpg,720018469,156,849.4510256410256,676.1574358974359,826.5,658,52,20,rect1,5,class->block->function->block->block_content->decl_stmt->decl->name,
2,43,rectangle_java2.jpg,rectangle_java2.jpg,720174480,84,794.227619047619,775.5247619047619,730.5,766,177,21,System.out.println,18,class->block->function->block->block_content->expr_stmt->expr->call->name->name->operator->name->operator->name,
2,43,rectangle_java2.jpg,rectangle_java2.jpg,720294469,116,801.3920689655173,763.9734482758621,730.5,766,177,21,System.out.println,18,class->block->function->block->block_content->expr_stmt->expr->call->name->name->operator->name->operator->name,
2,43,rectangle_java2.jpg,rectangle_java2.jpg,720390457,92,801.0278260869566,744.4017391304347,730.5,731,91,20,Rectangle,9,class->block->function->block->block_content->decl_stmt->decl->type->name,
2,43,rectangle_java2.jpg,rectangle_java2.jpg,720474399,56,866.9385714285714,754.3242857142857,730.5,766,177,21,System.out.println,18,class->block->function->block->block_content->expr_stmt->expr->call->name->name->operator->name->operator->name,
2,43,rectangle_java2.jpg,rectangle_java2.jpg,720554356,76,862.4336842105263,745.0773684210526,826.5,731,51,20,rect2,5,class->block->function->block->block_content->decl_stmt->decl->name,
2,43,rectangle_java2.jpg,rectangle_java2.jpg,720634332,76,870.3547368421052,766.8947368421053,730.5,766,177,21,System.out.println,18,class->block->function->block->block_content->expr_stmt->expr->call->name->name->operator->name->operator->name,
2,43,rectangle_java2.jpg,rectangle_java2.jpg,720694347,56,905.9242857142856,767.2221428571429,730.5,766,177,21,System.out.println,18,class->block->function->block->block_content->expr_stmt->expr->call->name->name->operator->name->operator->name,
2,43,rectangle_java2.jpg,rectangle_java2.jpg,720694347,56,905.9242857142856,767.2221428571429,916.5,766,9,21,(,1,class->block->function->block->block_content->expr_stmt->expr->call->argument_list,
2,43,rectangle_java2.jpg,rectangle_java2.jpg,729517512,60,882.9046666666667,734.728,883.5,731,15,20,=,1,class->block->function->block->block_content->decl_stmt->decl->init,
2,43,rectangle_java2.jpg,rectangle_java2.jpg,729733638,108,822.5981481481482,367.87555555555554,826.5,367,23,21,y1,2,class->block->constructor->block->block_content->expr_stmt->expr->name->name,
2,43,rectangle_java2.jpg,rectangle_java2.jpg,729861672,124,826.9135483870967,368.94935483870967,826.5,367,23,21,y1,2,class->block->constructor->block->block_content->expr_stmt->expr->name->name,
2,43,rectangle_java2.jpg,rectangle_java2.jpg,729957721,92,829.2247826086957,357.63217391304346,826.5,367,23,21,y1,2,class->block->constructor->block->block_content->expr_stmt->expr->name->name,
2,43,rectangle_java2.jpg,rectangle_java2.jpg,730025739,64,832.5175,362.959375,826.5,367,23,21,y1,2,class->block->constructor->block->block_content->expr_stmt->expr->name->name,
2,43,rectangle_java2.jpg,rectangle_java2.jpg,730669599,132,858.8087878787878,324.52484848484846,856.5,331,10,19,;,1,class->block->constructor->block->block_content->expr_stmt,
2,43,rectangle_java2.jpg,rectangle_java2.jpg,730909354,236,857.6949152542372,338.27016949152545,856.5,331,10,19,;,1,class->block->constructor->block->block_content->expr_stmt,
2,43,rectangle_java2.jpg,rectangle_java2.jpg,731057345,92,863.3439130434782,441.90173913043486,856.5,440,10,21,;,1,class->block->constructor->block->block_content->expr_stmt,
2,43,rectangle_java2.jpg,rectangle_java2.jpg,731125390,64,862.95125,436.9625,856.5,440,10,21,;,1,class->block->constructor->block->block_content->expr_stmt,
2,43,rectangle_java2.jpg,rectangle_java2.jpg,731185431,56,864.2728571428572,447.9442857142858,856.5,440,10,21,;,1,class->block->constructor->block->block_content->expr_stmt,
2,43,rectangle_java2.jpg,rectangle_java2.jpg,731285499,96,857.86875,440.72916666666674,856.5,440,10,21,;,1,class->block->constructor->block->block_content->expr_stmt,
2,43,rectangle_java2.jpg,rectangle_java2.jpg,731405505,84,846.4528571428572,437.1166666666667,826.5,440,23,21,y2,2,class->block->constructor->block->block_content->expr_stmt->expr->name->name,
2,43,rectangle_java2.jpg,rectangle_java2.jpg,731405505,84,846.4528571428572,437.1166666666667,856.5,440,10,21,;,1,class->block->constructor->block->block_content->expr_stmt,
2,43,rectangle_java2.jpg,rectangle_java2.jpg,731481509,72,855.4416666666666,436.7205555555556,856.5,440,10,21,;,1,class->block->constructor->block->block_content->expr_stmt,
2,43,rectangle_java2.jpg,rectangle_java2.jpg,731617508,80,785.81,415.595,730.5,404,71,19,this.x2,7,class->block->constructor->block->block_content->expr_stmt->expr->name->name->operator->name,
2,43,rectangle_java2.jpg,rectangle_java2.jpg,731697552,76,788.4189473684211,421.5563157894737,730.5,404,71,19,this.x2,7,class->block->constructor->block->block_content->expr_stmt->expr->name->name->operator->name,
2,43,rectangle_java2.jpg,rectangle_java2.jpg,731977219,88,981.9181818181818,600.2213636363637,977.5,585,101,21,this.width,10,class->block->function->block->block_content->return->expr->call->name->name->operator->name,
2,43,rectangle_java2.jpg,rectangle_java2.jpg,732037078,56,989.6,596.2557142857142,977.5,585,101,21,this.width,10,class->block->function->block->block_content->return->expr->call->name->name->operator->name,
2,43,rectangle_java2.jpg,rectangle_java2.jpg,732145234,68,925.7064705882352,612.3958823529412,920.5,621,62,21,String,6,class->block->function->parameter_list->parameter->decl->type->name->name,
2,43,rectangle_java2.jpg,rectangle_java2.jpg,732317478,76,916.1836842105264,603.0168421052632,910.5,585,62,21,return,6,class->block->function->block->block_content->return,
2,43,rectangle_java2.jpg,rectangle_java2.jpg,732389463,68,918.4776470588235,596.6864705882354,910.5,585,62,21,return,6,class->block->function->block->block_content->return,
2,43,rectangle_java2.jpg,rectangle_java2.jpg,732493449,100,915.8132,600.386,910.5,585,62,21,return,6,class->block->function->block->block_content->return,
2,43,rectangle_java2.jpg,rectangle_java2.jpg,732565451,60,1064.632,609.148,1025.5,621,42,21,args,4,class->block->function->parameter_list->parameter->decl->name,
2,43,rectangle_java2.jpg,rectangle_java2.jpg,732565451,60,1064.632,609.148,1074.5,621,10,21,),1,class->block->function->parameter_list,
2,43,rectangle_java2.jpg,rectangle_java2.jpg,732701423,132,1059.909393939394,599.2739393939394,977.5,585,101,21,this.width,10,class->block->function->block->block_content->return->expr->call->name->name->operator->name,
2,43,rectangle_java2.jpg,rectangle_java2.jpg,732809366,104,1062.2334615384616,595.0869230769231,977.5,585,101,21,this.width,10,class->block->function->block->block_content->return->expr->call->name->name->operator->name,
2,43,rectangle_java2.jpg,rectangle_java2.jpg,733045441,144,1015.0008333333334,599.0702777777777,977.5,585,101,21,this.width,10,class->block->function->block->block_content->return->expr->call->name->name->operator->name,
2,43,rectangle_java2.jpg,rectangle_java2.jpg,733265336,188,962.4425531914894,568.9555319148936,900.5,549,63,21,return,6,class->block->function->block->block_content->return,
2,43,rectangle_java2.jpg,rectangle_java2.jpg,733265336,188,962.4425531914894,568.9555319148936,968.5,549,70,21,this.y2,7,class->block->function->block->block_content->return->expr->name->name->operator->name,
2,43,rectangle_java2.jpg,rectangle_java2.jpg,733481450,128,825.1428125,587.6771875,804.5,585,43,21,area,4,class->block->function->name,
2,43,rectangle_java2.jpg,rectangle_java2.jpg,733601410,116,829.5175862068966,601.0406896551724,804.5,585,43,21,area,4,class->block->function->name,
2,43,rectangle_java2.jpg,rectangle_java2.jpg,733773397,68,1099.384117647059,564.9105882352941,1064.5,549,71,21,this.y1,7,class->block->function->block->block_content->return->expr->name->name->operator->name,
2,43,rectangle_java2.jpg,rectangle_java2.jpg,734401129,220,919.9678181818182,578.3438181818182,910.5,585,62,21,return,6,class->block->function->block->block_content->return,
2,43,rectangle_java2.jpg,rectangle_java2.jpg,734473065,68,842.2594117647059,582.1135294117647,804.5,585,43,21,area,4,class->block->function->name,
2,43,rectangle_java2.jpg,rectangle_java2.jpg,734585136,108,844.9055555555556,590.7174074074074,804.5,585,43,21,area,4,class->block->function->name,
2,43,rectangle_java2.jpg,rectangle_java2.jpg,734585136,108,844.9055555555556,590.7174074074074,856.5,585,9,21,(,1,class->block->function->parameter_list,
2,43,rectangle_java2.jpg,rectangle_java2.jpg,734665188,76,898.0484210526316,590.6421052631579,893.5,585,10,21,{,1,class->block->function->block,
2,43,rectangle_java2.jpg,rectangle_java2.jpg,734665188,76,898.0484210526316,590.6421052631579,910.5,585,62,21,return,6,class->block->function->block->block_content->return,
2,43,rectangle_java2.jpg,rectangle_java2.jpg,734781234,112,895.1535714285715,602.2628571428571,893.5,585,10,21,{,1,class->block->function->block,
2,43,rectangle_java2.jpg,rectangle_java2.jpg,734997298,180,1049.4051111111112,592.9086666666667,977.5,585,101,21,this.width,10,class->block->function->block->block_content->return->expr->call->name->name->operator->name,
2,43,rectangle_java2.jpg,rectangle_java2.jpg,735237268,140,1099.024571428571,575.6745714285714,1103.5,585,9,21,),1,class->block->function->block->block_content->return->expr->call->argument_list,
2,43,rectangle_java2.jpg,rectangle_java2.jpg,735397228,156,1101.9102564102564,585.2707692307692,1103.5,585,9,21,),1,class->block->function->block->block_content->return->expr->call->argument_list,
2,43,rectangle_java2.jpg,rectangle_java2.jpg,736853165,148,1134.8354054054057,658.9324324324324,1134.5,658,22,20,10,2,class->block->function->block->block_content->decl_stmt->decl->init->expr->call->argument_list->argument->expr->literal,
2,43,rectangle_java2.jpg,rectangle_java2.jpg,738360972,56,923.6657142857144,298.50357142857143,921.5,295,9,21,"""","""",1,class->block->constructor->parameter_list
2,43,rectangle_java2.jpg,rectangle_java2.jpg,740153305,76,966.7794736842104,277.89157894736843,959.5,259,10,21,;,1,class->block->decl_stmt,
2,43,rectangle_java2.jpg,rectangle_java2.jpg,740225321,68,964.5841176470587,297.3564705882353,939.5,295,33,21,int,3,class->block->constructor->parameter_list->parameter->decl->type->name,
2,43,rectangle_java2.jpg,rectangle_java2.jpg,740356947,100,935.82,306.1608,939.5,295,33,21,int,3,class->block->constructor->parameter_list->parameter->decl->type->name,
2,43,rectangle_java2.jpg,rectangle_java2.jpg,740476674,116,929.6141379310344,302.6903448275862,921.5,295,9,21,"""","""",1,class->block->constructor->parameter_list
2,43,rectangle_java2.jpg,rectangle_java2.jpg,740476674,116,929.6141379310344,302.6903448275862,939.5,295,33,21,int,3,class->block->constructor->parameter_list->parameter->decl->type->name,
2,43,rectangle_java2.jpg,rectangle_java2.jpg,740536705,56,938.0621428571428,304.3592857142857,939.5,295,33,21,int,3,class->block->constructor->parameter_list->parameter->decl->type->name,
2,43,rectangle_java2.jpg,rectangle_java2.jpg,740676746,96,1145.4104166666666,293.35541666666666,1112.5,295,33,21,int,3,class->block->constructor->parameter_list->parameter->decl->type->name,
2,43,rectangle_java2.jpg,rectangle_java2.jpg,740676746,96,1145.4104166666666,293.35541666666666,1150.5,295,23,21,y2,2,class->block->constructor->parameter_list->parameter->decl->type->name,
2,43,rectangle_java2.jpg,rectangle_java2.jpg,740736733,56,1152.6385714285714,290.8807142857143,1150.5,295,23,21,y2,2,class->block->constructor->parameter_list->parameter->decl->type->name,
2,43,rectangle_java2.jpg,rectangle_java2.jpg,740988682,96,877.74125,246.82333333333327,881.5,259,23,21,x2,2,class->block->decl_stmt->decl->name,
2,43,rectangle_java2.jpg,rectangle_java2.jpg,742160531,72,865.85,393.6438888888889,856.5,404,10,19,;,1,class->block->constructor->block->block_content->expr_stmt,
2,43,rectangle_java2.jpg,rectangle_java2.jpg,742540565,104,817.7723076923077,387.7846153846154,806.5,367,15,21,=,1,class->block->constructor->block->block_content->expr_stmt->expr->operator,
2,43,rectangle_java2.jpg,rectangle_java2.jpg,742540565,104,817.7723076923077,387.7846153846154,826.5,367,23,21,y1,2,class->block->constructor->block->block_content->expr_stmt->expr->name->name,
2,43,rectangle_java2.jpg,rectangle_java2.jpg,742792563,60,826.1246666666667,410.4873333333333,826.5,404,23,19,x2,2,class->block->constructor->block->block_content->expr_stmt->expr->name->name,
2,43,rectangle_java2.jpg,rectangle_java2.jpg,742968557,100,767.6956,371.5076,730.5,367,71,21,this.y1,7,class->block->constructor->block->block_content->expr_stmt->expr->name->name->operator->name,
2,43,rectangle_java2.jpg,rectangle_java2.jpg,743996497,76,861.7878947368421,396.9,856.5,404,10,19,;,1,class->block->constructor->block->block_content->expr_stmt,
2,43,rectangle_java2.jpg,rectangle_java2.jpg,744096483,96,860.3654166666666,405.1691666666667,856.5,404,10,19,;,1,class->block->constructor->block->block_content->expr_stmt,
2,43,rectangle_java2.jpg,rectangle_java2.jpg,744188486,88,854.1313636363636,394.0513636363637,856.5,404,10,19,;,1,class->block->constructor->block->block_content->expr_stmt,
