trial,participant,code_file,code_language,timestamp,duration,x_cord,y_cord,aoi_x,aoi_y,aoi_width,aoi_height,token,length,srcML,
2,52,rectangle_java2.jpg,rectangle_java2.jpg,665866963,56,797.5835714285714,225.22071428571428,715.5,222,90,21,Rectangle,9,class->name,
2,52,rectangle_java2.jpg,rectangle_java2.jpg,666890875,72,774.6055555555556,215.80166666666668,715.5,222,90,21,Rectangle,9,class->name,
2,52,rectangle_java2.jpg,rectangle_java2.jpg,667018855,124,781.798064516129,220.3445161290323,715.5,222,90,21,Rectangle,9,class->name,
2,52,rectangle_java2.jpg,rectangle_java2.jpg,670414584,132,762.790909090909,231.01454545454544,715.5,222,90,21,Rectangle,9,class->name,
2,52,rectangle_java2.jpg,rectangle_java2.jpg,670490562,72,768.1605555555556,229.00333333333333,715.5,222,90,21,Rectangle,9,class->name,
2,52,rectangle_java2.jpg,rectangle_java2.jpg,670618545,92,766.3334782608696,266.5717391304348,747.5,259,33,21,int,3,class->block->decl_stmt->decl->type->name,
2,52,rectangle_java2.jpg,rectangle_java2.jpg,681013676,180,776.6302222222222,218.098,715.5,222,90,21,Rectangle,9,class->name,
2,52,rectangle_java2.jpg,rectangle_java2.jpg,682021811,72,841.1955555555555,269.36611111111114,833.5,259,23,21,y1,2,class->block->decl_stmt->decl->name,
2,52,rectangle_java2.jpg,rectangle_java2.jpg,682081805,56,845.18,251.32357142857143,833.5,259,23,21,y1,2,class->block->decl_stmt->decl->name,
2,52,rectangle_java2.jpg,rectangle_java2.jpg,682193807,72,823.1922222222222,227.3955555555556,813.5,222,10,21,{,1,class->block,
2,52,rectangle_java2.jpg,rectangle_java2.jpg,682789453,88,741.5777272727273,248.34090909090912,747.5,259,33,21,int,3,class->block->decl_stmt->decl->type->name,
2,52,rectangle_java2.jpg,rectangle_java2.jpg,682957678,108,763.0044444444444,230.3611111111111,715.5,222,90,21,Rectangle,9,class->name,
2,52,rectangle_java2.jpg,rectangle_java2.jpg,683201686,240,768.0648333333334,228.12583333333333,715.5,222,90,21,Rectangle,9,class->name,
2,52,rectangle_java2.jpg,rectangle_java2.jpg,683317702,112,762.7571428571429,224.56821428571425,715.5,222,90,21,Rectangle,9,class->name,
2,52,rectangle_java2.jpg,rectangle_java2.jpg,683457691,136,759.7741176470588,224.5826470588236,715.5,222,90,21,Rectangle,9,class->name,
2,52,rectangle_java2.jpg,rectangle_java2.jpg,683537669,76,764.1789473684211,222.67578947368415,715.5,222,90,21,Rectangle,9,class->name,
2,52,rectangle_java2.jpg,rectangle_java2.jpg,683601660,60,756.4473333333333,219.2113333333333,715.5,222,90,21,Rectangle,9,class->name,
2,52,rectangle_java2.jpg,rectangle_java2.jpg,683757652,152,771.6423684210527,221.12421052631575,715.5,222,90,21,Rectangle,9,class->name,
2,52,rectangle_java2.jpg,rectangle_java2.jpg,684005625,244,764.3598360655737,225.79508196721315,715.5,222,90,21,Rectangle,9,class->name,
2,52,rectangle_java2.jpg,rectangle_java2.jpg,684089629,80,757.248,229.9975,715.5,222,90,21,Rectangle,9,class->name,
2,52,rectangle_java2.jpg,rectangle_java2.jpg,684165636,72,765.395,219.9061111111111,715.5,222,90,21,Rectangle,9,class->name,
2,52,rectangle_java2.jpg,rectangle_java2.jpg,684253651,84,761.2428571428571,221.31952380952384,715.5,222,90,21,Rectangle,9,class->name,
2,52,rectangle_java2.jpg,rectangle_java2.jpg,684429665,172,753.4806976744186,231.16325581395347,715.5,222,90,21,Rectangle,9,class->name,
2,52,rectangle_java2.jpg,rectangle_java2.jpg,684661520,180,752.4255555555555,265.4542222222222,747.5,259,33,21,int,3,class->block->decl_stmt->decl->type->name,
2,52,rectangle_java2.jpg,rectangle_java2.jpg,684773505,108,763.9888888888888,263.20185185185187,747.5,259,33,21,int,3,class->block->decl_stmt->decl->type->name,
2,52,rectangle_java2.jpg,rectangle_java2.jpg,684893563,116,747.1417241379311,263.99413793103446,747.5,259,33,21,int,3,class->block->decl_stmt->decl->type->name,
2,52,rectangle_java2.jpg,rectangle_java2.jpg,684961601,64,769.398125,268.9575,747.5,259,33,21,int,3,class->block->decl_stmt->decl->type->name,
2,52,rectangle_java2.jpg,rectangle_java2.jpg,685093580,128,780.6371875,254.651875,785.5,259,23,21,x1,2,class->block->decl_stmt->decl->name,
2,52,rectangle_java2.jpg,rectangle_java2.jpg,685217554,120,762.7546666666667,266.173,747.5,259,33,21,int,3,class->block->decl_stmt->decl->type->name,
2,52,rectangle_java2.jpg,rectangle_java2.jpg,685337541,100,852.5,266.9732,833.5,259,23,21,y1,2,class->block->decl_stmt->decl->name,
2,52,rectangle_java2.jpg,rectangle_java2.jpg,685337541,100,852.5,266.9732,863.5,259,10,21,"""","""",1,class->block->decl_stmt
2,52,rectangle_java2.jpg,rectangle_java2.jpg,685497526,156,867.4884615384616,274.09871794871793,863.5,259,10,21,"""","""",1,class->block->decl_stmt
2,52,rectangle_java2.jpg,rectangle_java2.jpg,685621508,60,738.0246666666667,259.298,669.5,259,72,21,private,7,class->block->decl_stmt->decl->type->specifier,
2,52,rectangle_java2.jpg,rectangle_java2.jpg,685621508,60,738.0246666666667,259.298,747.5,259,33,21,int,3,class->block->decl_stmt->decl->type->name,
2,52,rectangle_java2.jpg,rectangle_java2.jpg,685745511,120,747.976,255.66566666666665,747.5,259,33,21,int,3,class->block->decl_stmt->decl->type->name,
2,52,rectangle_java2.jpg,rectangle_java2.jpg,685957512,208,739.9882692307692,259.99134615384617,669.5,259,72,21,private,7,class->block->decl_stmt->decl->type->specifier,
2,52,rectangle_java2.jpg,rectangle_java2.jpg,685957512,208,739.9882692307692,259.99134615384617,747.5,259,33,21,int,3,class->block->decl_stmt->decl->type->name,
2,52,rectangle_java2.jpg,rectangle_java2.jpg,686021514,60,738.8806666666667,255.08933333333331,669.5,259,72,21,private,7,class->block->decl_stmt->decl->type->specifier,
2,52,rectangle_java2.jpg,rectangle_java2.jpg,686021514,60,738.8806666666667,255.08933333333331,747.5,259,33,21,int,3,class->block->decl_stmt->decl->type->name,
2,52,rectangle_java2.jpg,rectangle_java2.jpg,686221576,196,750.0555102040817,272.75938775510207,747.5,259,33,21,int,3,class->block->decl_stmt->decl->type->name,
2,52,rectangle_java2.jpg,rectangle_java2.jpg,686397431,104,811.9503846153846,269.6192307692308,815.5,259,10,21,"""","""",1,class->block->decl_stmt
2,52,rectangle_java2.jpg,rectangle_java2.jpg,686601332,108,783.2511111111111,273.3977777777778,785.5,259,23,21,x1,2,class->block->decl_stmt->decl->name,
2,52,rectangle_java2.jpg,rectangle_java2.jpg,686965427,84,871.6204761904762,272.4085714285714,863.5,259,10,21,"""","""",1,class->block->decl_stmt
2,52,rectangle_java2.jpg,rectangle_java2.jpg,686965427,84,871.6204761904762,272.4085714285714,881.5,259,23,21,x2,2,class->block->decl_stmt->decl->name,
2,52,rectangle_java2.jpg,rectangle_java2.jpg,687965413,200,851.9342,267.0082,833.5,259,23,21,y1,2,class->block->decl_stmt->decl->name,
2,52,rectangle_java2.jpg,rectangle_java2.jpg,687965413,200,851.9342,267.0082,863.5,259,10,21,"""","""",1,class->block->decl_stmt
2,52,rectangle_java2.jpg,rectangle_java2.jpg,688037429,68,842.1535294117647,252.5064705882353,833.5,259,23,21,y1,2,class->block->decl_stmt->decl->name,
2,52,rectangle_java2.jpg,rectangle_java2.jpg,688265227,64,764.411875,221.559375,715.5,222,90,21,Rectangle,9,class->name,
2,52,rectangle_java2.jpg,rectangle_java2.jpg,688549221,280,761.6631428571428,221.74785714285716,715.5,222,90,21,Rectangle,9,class->name,
2,52,rectangle_java2.jpg,rectangle_java2.jpg,688629271,76,762.2357894736842,219.76421052631576,715.5,222,90,21,Rectangle,9,class->name,
2,52,rectangle_java2.jpg,rectangle_java2.jpg,688741326,108,765.1551851851851,229.2559259259259,715.5,222,90,21,Rectangle,9,class->name,
2,52,rectangle_java2.jpg,rectangle_java2.jpg,689617247,276,758.946231884058,232.39376811594207,715.5,222,90,21,Rectangle,9,class->name,
2,52,rectangle_java2.jpg,rectangle_java2.jpg,689685237,64,756.27625,221.76,715.5,222,90,21,Rectangle,9,class->name,
2,52,rectangle_java2.jpg,rectangle_java2.jpg,689861246,144,765.1561111111112,275.9208333333333,747.5,259,33,21,int,3,class->block->decl_stmt->decl->type->name,
2,52,rectangle_java2.jpg,rectangle_java2.jpg,689949263,84,765.5404761904762,276.08714285714285,747.5,259,33,21,int,3,class->block->decl_stmt->decl->type->name,
2,52,rectangle_java2.jpg,rectangle_java2.jpg,690549138,96,882.5912500000001,297.5079166666667,853.5,295,32,21,int,3,class->block->constructor->parameter_list->parameter->decl->type->name,
2,52,rectangle_java2.jpg,rectangle_java2.jpg,690549138,96,882.5912500000001,297.5079166666667,890.5,295,24,21,x1,2,class->block->constructor->parameter_list->parameter->decl->type->name,
2,52,rectangle_java2.jpg,rectangle_java2.jpg,690653112,100,877.2372,313.952,853.5,295,32,21,int,3,class->block->constructor->parameter_list->parameter->decl->type->name,
2,52,rectangle_java2.jpg,rectangle_java2.jpg,690793086,104,904.3757692307692,314.8,890.5,295,24,21,x1,2,class->block->constructor->parameter_list->parameter->decl->type->name,
2,52,rectangle_java2.jpg,rectangle_java2.jpg,691069131,180,755.1202222222222,384.3975555555556,730.5,367,71,21,this.y1,7,class->block->constructor->block->block_content->expr_stmt->expr->name->name->operator->name,
2,52,rectangle_java2.jpg,rectangle_java2.jpg,691249123,176,758.3131818181818,392.2765909090909,730.5,404,71,19,this.x2,7,class->block->constructor->block->block_content->expr_stmt->expr->name->name->operator->name,
2,52,rectangle_java2.jpg,rectangle_java2.jpg,692397071,116,810.788275862069,367.3017241379311,806.5,367,15,21,=,1,class->block->constructor->block->block_content->expr_stmt->expr->operator,
2,52,rectangle_java2.jpg,rectangle_java2.jpg,692481076,80,812.1745,362.9305,806.5,367,15,21,=,1,class->block->constructor->block->block_content->expr_stmt->expr->operator,
2,52,rectangle_java2.jpg,rectangle_java2.jpg,692693038,168,781.1971428571428,382.27476190476193,730.5,367,71,21,this.y1,7,class->block->constructor->block->block_content->expr_stmt->expr->name->name->operator->name,
2,52,rectangle_java2.jpg,rectangle_java2.jpg,693840955,60,794.5433333333333,421.4693333333333,730.5,404,71,19,this.x2,7,class->block->constructor->block->block_content->expr_stmt->expr->name->name->operator->name,
2,52,rectangle_java2.jpg,rectangle_java2.jpg,693840955,60,794.5433333333333,421.4693333333333,806.5,404,15,19,=,1,class->block->constructor->block->block_content->expr_stmt->expr->operator,
2,52,rectangle_java2.jpg,rectangle_java2.jpg,693976865,84,790.7985714285714,408.8957142857143,730.5,404,71,19,this.x2,7,class->block->constructor->block->block_content->expr_stmt->expr->name->name->operator->name,
2,52,rectangle_java2.jpg,rectangle_java2.jpg,694276908,56,745.4228571428572,600.915,737.5,585,62,21,double,6,class->block->function->type->name,
2,52,rectangle_java2.jpg,rectangle_java2.jpg,694336874,56,746.1735714285714,612.6814285714286,738.5,621,61,21,static,6,class->block->function->type->specifier,
2,52,rectangle_java2.jpg,rectangle_java2.jpg,695124894,88,932.6236363636364,784.4304545454546,932.5,766,100,21,rect2.area,10,class->block->function->block->block_content->expr_stmt->expr->call->argument_list->argument->expr->call->name->name->operator->name,
2,52,rectangle_java2.jpg,rectangle_java2.jpg,697416722,80,832.0405,402.9015,826.5,404,23,19,x2,2,class->block->constructor->block->block_content->expr_stmt->expr->name->name,
2,52,rectangle_java2.jpg,rectangle_java2.jpg,697744678,172,825.5032558139535,364.786511627907,826.5,367,23,21,y1,2,class->block->constructor->block->block_content->expr_stmt->expr->name->name,
2,52,rectangle_java2.jpg,rectangle_java2.jpg,697844699,76,764.2805263157895,374.0684210526316,730.5,367,71,21,this.y1,7,class->block->constructor->block->block_content->expr_stmt->expr->name->name->operator->name,
2,52,rectangle_java2.jpg,rectangle_java2.jpg,697968774,120,760.002,385.9146666666667,730.5,367,71,21,this.y1,7,class->block->constructor->block->block_content->expr_stmt->expr->name->name->operator->name,
2,52,rectangle_java2.jpg,rectangle_java2.jpg,698412641,132,764.0242424242424,368.2218181818182,730.5,367,71,21,this.y1,7,class->block->constructor->block->block_content->expr_stmt->expr->name->name->operator->name,
2,52,rectangle_java2.jpg,rectangle_java2.jpg,698584670,168,764.2359523809524,374.0807142857143,730.5,367,71,21,this.y1,7,class->block->constructor->block->block_content->expr_stmt->expr->name->name->operator->name,
2,52,rectangle_java2.jpg,rectangle_java2.jpg,698880667,264,730.2969696969697,398.03121212121215,730.5,404,71,19,this.x2,7,class->block->constructor->block->block_content->expr_stmt->expr->name->name->operator->name,
2,52,rectangle_java2.jpg,rectangle_java2.jpg,698940665,56,732.3050000000001,385.9842857142857,730.5,367,71,21,this.y1,7,class->block->constructor->block->block_content->expr_stmt->expr->name->name->operator->name,
2,52,rectangle_java2.jpg,rectangle_java2.jpg,699064627,76,837.7468421052631,397.9821052631579,826.5,404,23,19,x2,2,class->block->constructor->block->block_content->expr_stmt->expr->name->name,
2,52,rectangle_java2.jpg,rectangle_java2.jpg,699144607,76,826.2621052631579,393.79,826.5,404,23,19,x2,2,class->block->constructor->block->block_content->expr_stmt->expr->name->name,
2,52,rectangle_java2.jpg,rectangle_java2.jpg,701156540,100,816.284,400.47,806.5,404,15,19,=,1,class->block->constructor->block->block_content->expr_stmt->expr->operator,
2,52,rectangle_java2.jpg,rectangle_java2.jpg,701156540,100,816.284,400.47,826.5,404,23,19,x2,2,class->block->constructor->block->block_content->expr_stmt->expr->name->name,
2,52,rectangle_java2.jpg,rectangle_java2.jpg,701252468,92,818.0369565217392,412.2591304347826,806.5,404,15,19,=,1,class->block->constructor->block->block_content->expr_stmt->expr->operator,
2,52,rectangle_java2.jpg,rectangle_java2.jpg,701252468,92,818.0369565217392,412.2591304347826,826.5,404,23,19,x2,2,class->block->constructor->block->block_content->expr_stmt->expr->name->name,
2,52,rectangle_java2.jpg,rectangle_java2.jpg,701472372,200,859.014,374.2308,856.5,367,10,21,;,1,class->block->constructor->block->block_content->expr_stmt,
2,52,rectangle_java2.jpg,rectangle_java2.jpg,701612395,100,849.8944,398.0356,856.5,404,10,19,;,1,class->block->constructor->block->block_content->expr_stmt,
2,52,rectangle_java2.jpg,rectangle_java2.jpg,701732467,72,802.9311111111111,584.3405555555555,804.5,585,43,21,area,4,class->block->function->name,
2,52,rectangle_java2.jpg,rectangle_java2.jpg,702012357,132,797.8472727272728,336.1978787878788,730.5,331,71,19,this.x1,7,class->block->constructor->block->block_content->expr_stmt->expr->name->name->operator->name,
2,52,rectangle_java2.jpg,rectangle_java2.jpg,702012357,132,797.8472727272728,336.1978787878788,806.5,331,15,19,=,1,class->block->constructor->block->block_content->expr_stmt->expr->operator,
2,52,rectangle_java2.jpg,rectangle_java2.jpg,702244400,192,780.5410416666666,367.31625,730.5,367,71,21,this.y1,7,class->block->constructor->block->block_content->expr_stmt->expr->name->name->operator->name,
2,52,rectangle_java2.jpg,rectangle_java2.jpg,702320384,72,783.4316666666666,360.7861111111111,730.5,367,71,21,this.y1,7,class->block->constructor->block->block_content->expr_stmt->expr->name->name->operator->name,
2,52,rectangle_java2.jpg,rectangle_java2.jpg,702460353,76,702.89,640.0236842105263,669.5,621,63,21,public,6,class->block->function->type->specifier,
2,52,rectangle_java2.jpg,rectangle_java2.jpg,702628332,76,775.7047368421053,437.1805263157894,730.5,440,71,21,this.y2,7,class->block->constructor->block->block_content->expr_stmt->expr->name->name->operator->name,
2,52,rectangle_java2.jpg,rectangle_java2.jpg,702968344,196,786.4061224489795,363.3434693877551,730.5,367,71,21,this.y1,7,class->block->constructor->block->block_content->expr_stmt->expr->name->name->operator->name,
2,52,rectangle_java2.jpg,rectangle_java2.jpg,703280039,156,808.7438461538461,416.885641025641,806.5,404,15,19,=,1,class->block->constructor->block->block_content->expr_stmt->expr->operator,
2,52,rectangle_java2.jpg,rectangle_java2.jpg,704252235,116,878.4472413793104,504.24448275862073,874.5,512,10,21,{,1,class->block->function->block,
2,52,rectangle_java2.jpg,rectangle_java2.jpg,704728191,128,783.66125,306.47,737.5,295,91,21,Rectangle,9,class->block->constructor->name,
2,52,rectangle_java2.jpg,rectangle_java2.jpg,705187970,404,754.9170297029702,235.14475247524751,715.5,222,90,21,Rectangle,9,class->name,
2,52,rectangle_java2.jpg,rectangle_java2.jpg,705376100,184,761.5502173913044,238.87717391304344,715.5,222,90,21,Rectangle,9,class->name,
2,52,rectangle_java2.jpg,rectangle_java2.jpg,705564105,140,747.3657142857143,218.2462857142857,715.5,222,90,21,Rectangle,9,class->name,
2,52,rectangle_java2.jpg,rectangle_java2.jpg,705660109,68,811.7911764705882,516.2758823529412,775.5,512,53,21,width,5,class->block->function->name,
2,52,rectangle_java2.jpg,rectangle_java2.jpg,705736086,72,822.58,519.14,775.5,512,53,21,width,5,class->block->function->name,
2,52,rectangle_java2.jpg,rectangle_java2.jpg,705892054,140,814.8814285714286,429.4837142857143,806.5,440,15,21,=,1,class->block->constructor->block->block_content->expr_stmt->expr->operator,
2,52,rectangle_java2.jpg,rectangle_java2.jpg,705892054,140,814.8814285714286,429.4837142857143,826.5,440,23,21,y2,2,class->block->constructor->block->block_content->expr_stmt->expr->name->name,
2,52,rectangle_java2.jpg,rectangle_java2.jpg,706000049,60,794.7753333333334,414.6553333333334,730.5,404,71,19,this.x2,7,class->block->constructor->block->block_content->expr_stmt->expr->name->name->operator->name,
2,52,rectangle_java2.jpg,rectangle_java2.jpg,706000049,60,794.7753333333334,414.6553333333334,806.5,404,15,19,=,1,class->block->constructor->block->block_content->expr_stmt->expr->operator,
2,52,rectangle_java2.jpg,rectangle_java2.jpg,706280119,116,835.8220689655172,428.3086206896552,826.5,440,23,21,y2,2,class->block->constructor->block->block_content->expr_stmt->expr->name->name,
2,52,rectangle_java2.jpg,rectangle_java2.jpg,706444131,160,834.59325,418.11875,826.5,404,23,19,x2,2,class->block->constructor->block->block_content->expr_stmt->expr->name->name,
2,52,rectangle_java2.jpg,rectangle_java2.jpg,706532129,84,839.8138095238095,431.8109523809524,826.5,440,23,21,y2,2,class->block->constructor->block->block_content->expr_stmt->expr->name->name,
2,52,rectangle_java2.jpg,rectangle_java2.jpg,707188008,104,818.8415384615384,417.958076923077,806.5,404,15,19,=,1,class->block->constructor->block->block_content->expr_stmt->expr->operator,
2,52,rectangle_java2.jpg,rectangle_java2.jpg,707188008,104,818.8415384615384,417.958076923077,826.5,404,23,19,x2,2,class->block->constructor->block->block_content->expr_stmt->expr->name->name,
2,52,rectangle_java2.jpg,rectangle_java2.jpg,707300023,108,820.847037037037,412.9451851851852,806.5,404,15,19,=,1,class->block->constructor->block->block_content->expr_stmt->expr->operator,
2,52,rectangle_java2.jpg,rectangle_java2.jpg,707300023,108,820.847037037037,412.9451851851852,826.5,404,23,19,x2,2,class->block->constructor->block->block_content->expr_stmt->expr->name->name,
2,52,rectangle_java2.jpg,rectangle_java2.jpg,710591585,60,809.812,412.62266666666665,806.5,404,15,19,=,1,class->block->constructor->block->block_content->expr_stmt->expr->operator,
2,52,rectangle_java2.jpg,rectangle_java2.jpg,710827686,232,803.4244827586207,439.155172413793,806.5,440,15,21,=,1,class->block->constructor->block->block_content->expr_stmt->expr->operator,
2,52,rectangle_java2.jpg,rectangle_java2.jpg,713479599,88,854.3781818181818,457.8740909090909,856.5,440,10,21,;,1,class->block->constructor->block->block_content->expr_stmt,
2,52,rectangle_java2.jpg,rectangle_java2.jpg,715095470,100,871.3968,531.0064,874.5,512,10,21,{,1,class->block->function->block,
2,52,rectangle_java2.jpg,rectangle_java2.jpg,715239516,88,869.5550000000001,527.5013636363636,874.5,512,10,21,{,1,class->block->function->block,
2,52,rectangle_java2.jpg,rectangle_java2.jpg,715475441,188,966.6931914893617,527.932340425532,958.5,512,71,21,this.x2,7,class->block->function->block->block_content->return->expr->name->name->operator->name->operator,
2,52,rectangle_java2.jpg,rectangle_java2.jpg,715775394,260,1101.7596923076924,521.7549230769231,1054.5,512,71,21,this.x1,7,class->block->function->block->block_content->return->expr->name->name->operator->name,
2,52,rectangle_java2.jpg,rectangle_java2.jpg,716635272,56,1053.4592857142857,537.5107142857142,1045.5,549,13,21,-,1,class->block->function->block->block_content->return->expr->operator,
2,52,rectangle_java2.jpg,rectangle_java2.jpg,716635272,56,1053.4592857142857,537.5107142857142,1064.5,549,71,21,this.y1,7,class->block->function->block->block_content->return->expr->name->name->operator->name,
2,52,rectangle_java2.jpg,rectangle_java2.jpg,716803320,100,837.9632,616.7236,804.5,621,44,21,void,4,class->block->function->type->name,
2,52,rectangle_java2.jpg,rectangle_java2.jpg,717147364,204,777.2105882352942,624.9337254901961,738.5,621,61,21,static,6,class->block->function->type->specifier,
2,52,rectangle_java2.jpg,rectangle_java2.jpg,717243331,64,851.999375,633.026875,851.5,621,44,21,main,4,class->block->function->name,
2,52,rectangle_java2.jpg,rectangle_java2.jpg,717331310,84,858.9823809523809,639.4590476190476,851.5,621,44,21,main,4,class->block->function->name,
2,52,rectangle_java2.jpg,rectangle_java2.jpg,717395309,60,849.1913333333333,633.434,851.5,621,44,21,main,4,class->block->function->name,
2,52,rectangle_java2.jpg,rectangle_java2.jpg,717631337,208,915.0896153846154,641.2609615384615,920.5,621,62,21,String,6,class->block->function->parameter_list->parameter->decl->type->name->name,
2,52,rectangle_java2.jpg,rectangle_java2.jpg,717839225,132,782.8512121212121,615.1975757575758,738.5,621,61,21,static,6,class->block->function->type->specifier,
2,52,rectangle_java2.jpg,rectangle_java2.jpg,717915126,72,784.33,617.1144444444444,738.5,621,61,21,static,6,class->block->function->type->specifier,
2,52,rectangle_java2.jpg,rectangle_java2.jpg,718267179,92,762.6978260869565,398.8017391304348,730.5,404,71,19,this.x2,7,class->block->constructor->block->block_content->expr_stmt->expr->name->name->operator->name,
2,52,rectangle_java2.jpg,rectangle_java2.jpg,718375219,104,765.1376923076923,404.67807692307696,730.5,404,71,19,this.x2,7,class->block->constructor->block->block_content->expr_stmt->expr->name->name->operator->name,
2,52,rectangle_java2.jpg,rectangle_java2.jpg,718483254,72,765.5266666666666,369.8005555555556,730.5,367,71,21,this.y1,7,class->block->constructor->block->block_content->expr_stmt->expr->name->name->operator->name,
2,52,rectangle_java2.jpg,rectangle_java2.jpg,718579294,92,761.2578260869566,370.9108695652174,730.5,367,71,21,this.y1,7,class->block->constructor->block->block_content->expr_stmt->expr->name->name->operator->name,
2,52,rectangle_java2.jpg,rectangle_java2.jpg,719698982,84,860.9457142857143,626.0057142857142,851.5,621,44,21,main,4,class->block->function->name,
2,52,rectangle_java2.jpg,rectangle_java2.jpg,719887080,120,781.6443333333333,620.0913333333333,738.5,621,61,21,static,6,class->block->function->type->specifier,
2,52,rectangle_java2.jpg,rectangle_java2.jpg,720519050,160,680.60425,798.55175,672.5,804,10,18,},1,class->block->function->block,
