trial,participant,code_file,code_language,timestamp,duration,x_cord,y_cord,aoi_x,aoi_y,aoi_width,aoi_height,token,length,srcML,
2,77,rectangle_java2.jpg,rectangle_java2.jpg,14632358903,180,804.048,376.19444444444446,806.5,367,15,21,=,1,class->block->constructor->block->block_content->expr_stmt->expr->operator,
2,77,rectangle_java2.jpg,rectangle_java2.jpg,14637110513,76,752.3205263157895,215.6457894736842,715.5,222,90,21,Rectangle,9,class->name,
2,77,rectangle_java2.jpg,rectangle_java2.jpg,14637314477,200,739.2694,223.4304,715.5,222,90,21,Rectangle,9,class->name,
2,77,rectangle_java2.jpg,rectangle_java2.jpg,14637426481,84,789.8790476190476,220.12285714285716,715.5,222,90,21,Rectangle,9,class->name,
2,77,rectangle_java2.jpg,rectangle_java2.jpg,14637498485,68,793.8182352941177,214.5282352941176,715.5,222,90,21,Rectangle,9,class->name,
2,77,rectangle_java2.jpg,rectangle_java2.jpg,14637890492,136,751.5620588235295,218.36382352941175,715.5,222,90,21,Rectangle,9,class->name,
2,77,rectangle_java2.jpg,rectangle_java2.jpg,14638518516,56,742.1878571428572,210.8642857142857,715.5,222,90,21,Rectangle,9,class->name,
2,77,rectangle_java2.jpg,rectangle_java2.jpg,14639554428,60,779.0573333333333,211.33333333333337,715.5,222,90,21,Rectangle,9,class->name,
2,77,rectangle_java2.jpg,rectangle_java2.jpg,14641214209,80,750.2345,252.3435,747.5,259,33,21,int,3,class->block->decl_stmt->decl->type->name,
2,77,rectangle_java2.jpg,rectangle_java2.jpg,14641298197,80,746.511,262.568,747.5,259,33,21,int,3,class->block->decl_stmt->decl->type->name,
2,77,rectangle_java2.jpg,rectangle_java2.jpg,14641450210,84,756.7042857142857,259.5357142857143,747.5,259,33,21,int,3,class->block->decl_stmt->decl->type->name,
2,77,rectangle_java2.jpg,rectangle_java2.jpg,14641602210,116,811.35,267.0410344827586,815.5,259,10,21,"""","""",1,class->block->decl_stmt
2,77,rectangle_java2.jpg,rectangle_java2.jpg,14641826240,60,819.2546666666667,211.10733333333337,813.5,222,10,21,{,1,class->block,
2,77,rectangle_java2.jpg,rectangle_java2.jpg,14641886288,56,820.4335714285714,233.56642857142856,813.5,222,10,21,{,1,class->block,
2,77,rectangle_java2.jpg,rectangle_java2.jpg,14642310209,236,756.1510169491526,262.2391525423729,747.5,259,33,21,int,3,class->block->decl_stmt->decl->type->name,
2,77,rectangle_java2.jpg,rectangle_java2.jpg,14642446122,108,890.5633333333333,256.95074074074074,881.5,259,23,21,x2,2,class->block->decl_stmt->decl->name,
2,77,rectangle_java2.jpg,rectangle_java2.jpg,14642554072,104,900.0588461538462,256.1815384615385,881.5,259,23,21,x2,2,class->block->decl_stmt->decl->name,
2,77,rectangle_java2.jpg,rectangle_java2.jpg,14642554072,104,900.0588461538462,256.1815384615385,911.5,259,10,21,"""","""",1,class->block->decl_stmt
2,77,rectangle_java2.jpg,rectangle_java2.jpg,14642906046,260,954.3261538461538,267.8478461538461,959.5,259,10,21,;,1,class->block->decl_stmt,
2,77,rectangle_java2.jpg,rectangle_java2.jpg,14642966041,56,945.205,256.0392857142857,929.5,259,23,21,y2,2,class->block->decl_stmt->decl->name,
2,77,rectangle_java2.jpg,rectangle_java2.jpg,14644329976,240,808.5758333333333,298.5511666666667,737.5,295,91,21,Rectangle,9,class->block->constructor->name,
2,77,rectangle_java2.jpg,rectangle_java2.jpg,14644569879,236,801.9881355932204,288.155593220339,737.5,295,91,21,Rectangle,9,class->block->constructor->name,
2,77,rectangle_java2.jpg,rectangle_java2.jpg,14644661903,88,871.429090909091,290.3081818181818,853.5,295,32,21,int,3,class->block->constructor->parameter_list->parameter->decl->type->name,
2,77,rectangle_java2.jpg,rectangle_java2.jpg,14644985930,160,859.30225,290.03325,853.5,295,32,21,int,3,class->block->constructor->parameter_list->parameter->decl->type->name,
2,77,rectangle_java2.jpg,rectangle_java2.jpg,14645053947,64,846.323125,291.768125,837.5,295,9,21,(,1,class->block->constructor->parameter_list,
2,77,rectangle_java2.jpg,rectangle_java2.jpg,14645053947,64,846.323125,291.768125,853.5,295,32,21,int,3,class->block->constructor->parameter_list->parameter->decl->type->name,
2,77,rectangle_java2.jpg,rectangle_java2.jpg,14645325979,268,816.2082089552239,290.2858208955224,737.5,295,91,21,Rectangle,9,class->block->constructor->name,
2,77,rectangle_java2.jpg,rectangle_java2.jpg,14645545956,216,816.5309259259259,285.462962962963,737.5,295,91,21,Rectangle,9,class->block->constructor->name,
2,77,rectangle_java2.jpg,rectangle_java2.jpg,14645685942,136,816.2623529411765,298.97911764705884,737.5,295,91,21,Rectangle,9,class->block->constructor->name,
2,77,rectangle_java2.jpg,rectangle_java2.jpg,14645889936,168,869.4538095238095,293.0954761904762,853.5,295,32,21,int,3,class->block->constructor->parameter_list->parameter->decl->type->name,
2,77,rectangle_java2.jpg,rectangle_java2.jpg,14646073965,148,910.7945945945946,299.15405405405403,890.5,295,24,21,x1,2,class->block->constructor->parameter_list->parameter->decl->type->name,
2,77,rectangle_java2.jpg,rectangle_java2.jpg,14646073965,148,910.7945945945946,299.15405405405403,921.5,295,9,21,"""","""",1,class->block->constructor->parameter_list
2,77,rectangle_java2.jpg,rectangle_java2.jpg,14646273916,144,841.6483333333333,302.3386111111111,837.5,295,9,21,(,1,class->block->constructor->parameter_list,
2,77,rectangle_java2.jpg,rectangle_java2.jpg,14646273916,144,841.6483333333333,302.3386111111111,853.5,295,32,21,int,3,class->block->constructor->parameter_list->parameter->decl->type->name,
2,77,rectangle_java2.jpg,rectangle_java2.jpg,14646437854,160,811.3025,306.0565,737.5,295,91,21,Rectangle,9,class->block->constructor->name,
2,77,rectangle_java2.jpg,rectangle_java2.jpg,14646545811,104,815.8984615384616,298.9830769230769,737.5,295,91,21,Rectangle,9,class->block->constructor->name,
2,77,rectangle_java2.jpg,rectangle_java2.jpg,14646785802,200,853.9802,296.8994,853.5,295,32,21,int,3,class->block->constructor->parameter_list->parameter->decl->type->name,
2,77,rectangle_java2.jpg,rectangle_java2.jpg,14646993834,204,860.4619607843138,291.6645098039216,853.5,295,32,21,int,3,class->block->constructor->parameter_list->parameter->decl->type->name,
2,77,rectangle_java2.jpg,rectangle_java2.jpg,14647069859,60,810.5953333333333,340.7633333333333,806.5,331,15,19,=,1,class->block->constructor->block->block_content->expr_stmt->expr->operator,
2,77,rectangle_java2.jpg,rectangle_java2.jpg,14647337871,264,798.325,339.2298484848485,730.5,331,71,19,this.x1,7,class->block->constructor->block->block_content->expr_stmt->expr->name->name->operator->name,
2,77,rectangle_java2.jpg,rectangle_java2.jpg,14647337871,264,798.325,339.2298484848485,806.5,331,15,19,=,1,class->block->constructor->block->block_content->expr_stmt->expr->operator,
2,77,rectangle_java2.jpg,rectangle_java2.jpg,14647401854,60,808.308,331.818,806.5,331,15,19,=,1,class->block->constructor->block->block_content->expr_stmt->expr->operator,
2,77,rectangle_java2.jpg,rectangle_java2.jpg,14647501839,84,877.8685714285714,299.6523809523809,853.5,295,32,21,int,3,class->block->constructor->parameter_list->parameter->decl->type->name,
2,77,rectangle_java2.jpg,rectangle_java2.jpg,14647665897,160,883.27675,296.656,853.5,295,32,21,int,3,class->block->constructor->parameter_list->parameter->decl->type->name,
2,77,rectangle_java2.jpg,rectangle_java2.jpg,14647665897,160,883.27675,296.656,890.5,295,24,21,x1,2,class->block->constructor->parameter_list->parameter->decl->type->name,
2,77,rectangle_java2.jpg,rectangle_java2.jpg,14647869848,200,889.2418,295.46,890.5,295,24,21,x1,2,class->block->constructor->parameter_list->parameter->decl->type->name,
2,77,rectangle_java2.jpg,rectangle_java2.jpg,14647941803,68,854.0423529411764,293.50176470588235,853.5,295,32,21,int,3,class->block->constructor->parameter_list->parameter->decl->type->name,
2,77,rectangle_java2.jpg,rectangle_java2.jpg,14648077748,92,926.6452173913044,292.0278260869565,921.5,295,9,21,"""","""",1,class->block->constructor->parameter_list
2,77,rectangle_java2.jpg,rectangle_java2.jpg,14648197610,116,922.4703448275862,306.03000000000003,921.5,295,9,21,"""","""",1,class->block->constructor->parameter_list
2,77,rectangle_java2.jpg,rectangle_java2.jpg,14648385568,144,781.6997222222222,335.4452777777778,730.5,331,71,19,this.x1,7,class->block->constructor->block->block_content->expr_stmt->expr->name->name->operator->name,
2,77,rectangle_java2.jpg,rectangle_java2.jpg,14648481683,92,800.035652173913,327.1482608695652,730.5,331,71,19,this.x1,7,class->block->constructor->block->block_content->expr_stmt->expr->name->name->operator->name,
2,77,rectangle_java2.jpg,rectangle_java2.jpg,14648481683,92,800.035652173913,327.1482608695652,806.5,331,15,19,=,1,class->block->constructor->block->block_content->expr_stmt->expr->operator,
2,77,rectangle_java2.jpg,rectangle_java2.jpg,14648657751,172,809.5774418604651,330.3039534883721,806.5,331,15,19,=,1,class->block->constructor->block->block_content->expr_stmt->expr->operator,
2,77,rectangle_java2.jpg,rectangle_java2.jpg,14648749738,88,789.72,322.57272727272726,730.5,331,71,19,this.x1,7,class->block->constructor->block->block_content->expr_stmt->expr->name->name->operator->name,
2,77,rectangle_java2.jpg,rectangle_java2.jpg,14648861691,108,792.4366666666666,335.29555555555555,730.5,331,71,19,this.x1,7,class->block->constructor->block->block_content->expr_stmt->expr->name->name->operator->name,
2,77,rectangle_java2.jpg,rectangle_java2.jpg,14648953672,88,797.8781818181818,310.64454545454544,737.5,295,91,21,Rectangle,9,class->block->constructor->name,
2,77,rectangle_java2.jpg,rectangle_java2.jpg,14649185679,204,839.9976470588235,324.5198039215686,826.5,331,23,19,x1,2,class->block->constructor->block->block_content->expr_stmt->expr->name->name,
2,77,rectangle_java2.jpg,rectangle_java2.jpg,14649365648,176,819.0754545454546,328.6177272727273,806.5,331,15,19,=,1,class->block->constructor->block->block_content->expr_stmt->expr->operator,
2,77,rectangle_java2.jpg,rectangle_java2.jpg,14649365648,176,819.0754545454546,328.6177272727273,826.5,331,23,19,x1,2,class->block->constructor->block->block_content->expr_stmt->expr->name->name,
2,77,rectangle_java2.jpg,rectangle_java2.jpg,14649521628,104,787.5469230769231,322.3646153846154,730.5,331,71,19,this.x1,7,class->block->constructor->block->block_content->expr_stmt->expr->name->name->operator->name,
2,77,rectangle_java2.jpg,rectangle_java2.jpg,14649585630,60,794.8533333333334,326.1766666666667,730.5,331,71,19,this.x1,7,class->block->constructor->block->block_content->expr_stmt->expr->name->name->operator->name,
2,77,rectangle_java2.jpg,rectangle_java2.jpg,14649585630,60,794.8533333333334,326.1766666666667,806.5,331,15,19,=,1,class->block->constructor->block->block_content->expr_stmt->expr->operator,
2,77,rectangle_java2.jpg,rectangle_java2.jpg,14649713633,68,838.4635294117647,325.2629411764706,826.5,331,23,19,x1,2,class->block->constructor->block->block_content->expr_stmt->expr->name->name,
2,77,rectangle_java2.jpg,rectangle_java2.jpg,14650017653,136,836.7502941176471,327.6579411764706,826.5,331,23,19,x1,2,class->block->constructor->block->block_content->expr_stmt->expr->name->name,
2,77,rectangle_java2.jpg,rectangle_java2.jpg,14650093662,72,815.4022222222222,341.44,806.5,331,15,19,=,1,class->block->constructor->block->block_content->expr_stmt->expr->operator,
2,77,rectangle_java2.jpg,rectangle_java2.jpg,14650093662,72,815.4022222222222,341.44,826.5,331,23,19,x1,2,class->block->constructor->block->block_content->expr_stmt->expr->name->name,
2,77,rectangle_java2.jpg,rectangle_java2.jpg,14650301609,108,816.6251851851852,381.8611111111111,806.5,367,15,21,=,1,class->block->constructor->block->block_content->expr_stmt->expr->operator,
2,77,rectangle_java2.jpg,rectangle_java2.jpg,14650301609,108,816.6251851851852,381.8611111111111,826.5,367,23,21,y1,2,class->block->constructor->block->block_content->expr_stmt->expr->name->name,
2,77,rectangle_java2.jpg,rectangle_java2.jpg,14650365597,60,817.3946666666667,381.73333333333335,806.5,367,15,21,=,1,class->block->constructor->block->block_content->expr_stmt->expr->operator,
2,77,rectangle_java2.jpg,rectangle_java2.jpg,14650365597,60,817.3946666666667,381.73333333333335,826.5,367,23,21,y1,2,class->block->constructor->block->block_content->expr_stmt->expr->name->name,
2,77,rectangle_java2.jpg,rectangle_java2.jpg,14650513575,144,863.9816666666667,381.44555555555553,856.5,367,10,21,;,1,class->block->constructor->block->block_content->expr_stmt,
2,77,rectangle_java2.jpg,rectangle_java2.jpg,14651217595,144,770.1155555555556,444.1469444444445,730.5,440,71,21,this.y2,7,class->block->constructor->block->block_content->expr_stmt->expr->name->name->operator->name,
2,77,rectangle_java2.jpg,rectangle_java2.jpg,14651373587,124,723.91,458.30483870967737,730.5,440,71,21,this.y2,7,class->block->constructor->block->block_content->expr_stmt->expr->name->name->operator->name,
2,77,rectangle_java2.jpg,rectangle_java2.jpg,14651657559,64,753.49375,263.015,747.5,259,33,21,int,3,class->block->decl_stmt->decl->type->name,
2,77,rectangle_java2.jpg,rectangle_java2.jpg,14651741568,80,752.2255,255.9055,747.5,259,33,21,int,3,class->block->decl_stmt->decl->type->name,
2,77,rectangle_java2.jpg,rectangle_java2.jpg,14651845563,100,757.8088,260.81080000000003,747.5,259,33,21,int,3,class->block->decl_stmt->decl->type->name,
2,77,rectangle_java2.jpg,rectangle_java2.jpg,14652273421,116,809.3655172413793,238.96862068965515,813.5,222,10,21,{,1,class->block,
2,77,rectangle_java2.jpg,rectangle_java2.jpg,14652333434,56,782.8264285714286,241.945,715.5,222,90,21,Rectangle,9,class->name,
2,77,rectangle_java2.jpg,rectangle_java2.jpg,14652589440,128,779.9978125,230.0121875,715.5,222,90,21,Rectangle,9,class->name,
2,77,rectangle_java2.jpg,rectangle_java2.jpg,14652649447,56,786.4892857142858,247.49642857142857,785.5,259,23,21,x1,2,class->block->decl_stmt->decl->name,
2,77,rectangle_java2.jpg,rectangle_java2.jpg,14652749457,96,785.1679166666667,256.6408333333333,785.5,259,23,21,x1,2,class->block->decl_stmt->decl->name,
2,77,rectangle_java2.jpg,rectangle_java2.jpg,14652949418,160,862.3205,266.752,863.5,259,10,21,"""","""",1,class->block->decl_stmt
2,77,rectangle_java2.jpg,rectangle_java2.jpg,14653029394,76,862.2752631578948,277.68157894736845,863.5,259,10,21,"""","""",1,class->block->decl_stmt
2,77,rectangle_java2.jpg,rectangle_java2.jpg,14653745424,100,811.9228,305.9652,737.5,295,91,21,Rectangle,9,class->block->constructor->name,
2,77,rectangle_java2.jpg,rectangle_java2.jpg,14653861406,112,808.0364285714286,313.85571428571427,737.5,295,91,21,Rectangle,9,class->block->constructor->name,
2,77,rectangle_java2.jpg,rectangle_java2.jpg,14654013331,148,795.9294594594595,301.67945945945945,737.5,295,91,21,Rectangle,9,class->block->constructor->name,
2,77,rectangle_java2.jpg,rectangle_java2.jpg,14654117272,64,864.231875,302.873125,853.5,295,32,21,int,3,class->block->constructor->parameter_list->parameter->decl->type->name,
2,77,rectangle_java2.jpg,rectangle_java2.jpg,14654421291,144,845.0697222222223,286.4952777777778,837.5,295,9,21,(,1,class->block->constructor->parameter_list,
2,77,rectangle_java2.jpg,rectangle_java2.jpg,14654421291,144,845.0697222222223,286.4952777777778,853.5,295,32,21,int,3,class->block->constructor->parameter_list->parameter->decl->type->name,
2,77,rectangle_java2.jpg,rectangle_java2.jpg,14654609295,184,859.9078260869566,289.2834782608696,853.5,295,32,21,int,3,class->block->constructor->parameter_list->parameter->decl->type->name,
2,77,rectangle_java2.jpg,rectangle_java2.jpg,14655061291,104,800.6673076923076,310.7242307692308,737.5,295,91,21,Rectangle,9,class->block->constructor->name,
2,77,rectangle_java2.jpg,rectangle_java2.jpg,14655213312,148,792.7937837837837,323.05135135135134,730.5,331,71,19,this.x1,7,class->block->constructor->block->block_content->expr_stmt->expr->name->name->operator->name,
2,77,rectangle_java2.jpg,rectangle_java2.jpg,14655405287,188,798.3068085106383,327.27978723404254,730.5,331,71,19,this.x1,7,class->block->constructor->block->block_content->expr_stmt->expr->name->name->operator->name,
2,77,rectangle_java2.jpg,rectangle_java2.jpg,14655405287,188,798.3068085106383,327.27978723404254,806.5,331,15,19,=,1,class->block->constructor->block->block_content->expr_stmt->expr->operator,
2,77,rectangle_java2.jpg,rectangle_java2.jpg,14655749340,312,844.3534615384615,328.1265384615385,826.5,331,23,19,x1,2,class->block->constructor->block->block_content->expr_stmt->expr->name->name,
2,77,rectangle_java2.jpg,rectangle_java2.jpg,14655749340,312,844.3534615384615,328.1265384615385,856.5,331,10,19,;,1,class->block->constructor->block->block_content->expr_stmt,
2,77,rectangle_java2.jpg,rectangle_java2.jpg,14656653138,172,856.813023255814,345.2590697674419,856.5,331,10,19,;,1,class->block->constructor->block->block_content->expr_stmt,
2,77,rectangle_java2.jpg,rectangle_java2.jpg,14656765169,68,797.3011764705882,356.4194117647059,730.5,367,71,21,this.y1,7,class->block->constructor->block->block_content->expr_stmt->expr->name->name->operator->name,
2,77,rectangle_java2.jpg,rectangle_java2.jpg,14656765169,68,797.3011764705882,356.4194117647059,806.5,367,15,21,=,1,class->block->constructor->block->block_content->expr_stmt->expr->operator,
2,77,rectangle_java2.jpg,rectangle_java2.jpg,14657117209,104,804.7996153846154,340.40615384615387,806.5,331,15,19,=,1,class->block->constructor->block->block_content->expr_stmt->expr->operator,
2,77,rectangle_java2.jpg,rectangle_java2.jpg,14657489164,344,855.181976744186,370.7806976744186,856.5,367,10,21,;,1,class->block->constructor->block->block_content->expr_stmt,
2,77,rectangle_java2.jpg,rectangle_java2.jpg,14657565182,72,856.0022222222223,365.4844444444444,856.5,367,10,21,;,1,class->block->constructor->block->block_content->expr_stmt,
2,77,rectangle_java2.jpg,rectangle_java2.jpg,14658165032,68,811.0476470588235,406.0541176470588,806.5,404,15,19,=,1,class->block->constructor->block->block_content->expr_stmt->expr->operator,
2,77,rectangle_java2.jpg,rectangle_java2.jpg,14658293007,124,803.3274193548388,414.5606451612903,806.5,404,15,19,=,1,class->block->constructor->block->block_content->expr_stmt->expr->operator,
2,77,rectangle_java2.jpg,rectangle_java2.jpg,14658525051,228,806.3528070175439,410.2005263157895,806.5,404,15,19,=,1,class->block->constructor->block->block_content->expr_stmt->expr->operator,
2,77,rectangle_java2.jpg,rectangle_java2.jpg,14658597062,68,814.2876470588235,411.1470588235294,806.5,404,15,19,=,1,class->block->constructor->block->block_content->expr_stmt->expr->operator,
2,77,rectangle_java2.jpg,rectangle_java2.jpg,14658597062,68,814.2876470588235,411.1470588235294,826.5,404,23,19,x2,2,class->block->constructor->block->block_content->expr_stmt->expr->name->name,
2,77,rectangle_java2.jpg,rectangle_java2.jpg,14659136976,132,853.2587878787879,414.989696969697,856.5,404,10,19,;,1,class->block->constructor->block->block_content->expr_stmt,
2,77,rectangle_java2.jpg,rectangle_java2.jpg,14660276935,84,771.5685714285714,501.9919047619048,775.5,512,53,21,width,5,class->block->function->name,
2,77,rectangle_java2.jpg,rectangle_java2.jpg,14662252761,68,996.5723529411764,501.2241176470589,958.5,512,71,21,this.x2,7,class->block->function->block->block_content->return->expr->name->name->operator->name->operator,
2,77,rectangle_java2.jpg,rectangle_java2.jpg,14662336766,80,1021.8125,510.04050000000007,958.5,512,71,21,this.x2,7,class->block->function->block->block_content->return->expr->name->name->operator->name->operator,
2,77,rectangle_java2.jpg,rectangle_java2.jpg,14662400764,60,1027.7066666666667,510.9933333333333,958.5,512,71,21,this.x2,7,class->block->function->block->block_content->return->expr->name->name->operator->name->operator,
2,77,rectangle_java2.jpg,rectangle_java2.jpg,14662400764,60,1027.7066666666667,510.9933333333333,1035.5,512,13,21,-,1,class->block->function->block->block_content->return->expr->name->name,
2,77,rectangle_java2.jpg,rectangle_java2.jpg,14662480751,76,1013.1257894736842,511.4968421052631,958.5,512,71,21,this.x2,7,class->block->function->block->block_content->return->expr->name->name->operator->name->operator,
2,77,rectangle_java2.jpg,rectangle_java2.jpg,14662620752,120,1064.5193333333334,540.6883333333334,1064.5,549,71,21,this.y1,7,class->block->function->block->block_content->return->expr->name->name->operator->name,
2,77,rectangle_java2.jpg,rectangle_java2.jpg,14662848735,160,821.5305,540.43125,775.5,549,62,21,height,6,class->block->function->name,
2,77,rectangle_java2.jpg,rectangle_java2.jpg,14663116717,56,778.2578571428571,543.0864285714285,775.5,549,62,21,height,6,class->block->function->name,
2,77,rectangle_java2.jpg,rectangle_java2.jpg,14663232729,72,851.2294444444444,542.5144444444445,846.5,549,10,21,(,1,class->block->function->parameter_list,
2,77,rectangle_java2.jpg,rectangle_java2.jpg,14663232729,72,851.2294444444444,542.5144444444445,863.5,549,9,21,),1,class->block->function->parameter_list,
2,77,rectangle_java2.jpg,rectangle_java2.jpg,14663492775,256,854.44765625,541.224375,846.5,549,10,21,(,1,class->block->function->parameter_list,
2,77,rectangle_java2.jpg,rectangle_java2.jpg,14663492775,256,854.44765625,541.224375,863.5,549,9,21,),1,class->block->function->parameter_list,
2,77,rectangle_java2.jpg,rectangle_java2.jpg,14663616741,84,917.3590476190476,542.2871428571428,900.5,549,63,21,return,6,class->block->function->block->block_content->return,
2,77,rectangle_java2.jpg,rectangle_java2.jpg,14663716647,96,923.1233333333332,549.21125,900.5,549,63,21,return,6,class->block->function->block->block_content->return,
2,77,rectangle_java2.jpg,rectangle_java2.jpg,14663824660,104,1009.2084615384616,549.3188461538462,968.5,549,70,21,this.y2,7,class->block->function->block->block_content->return->expr->name->name->operator->name,
2,77,rectangle_java2.jpg,rectangle_java2.jpg,14664060736,232,1019.8936206896552,547.6518965517241,968.5,549,70,21,this.y2,7,class->block->function->block->block_content->return->expr->name->name->operator->name,
2,77,rectangle_java2.jpg,rectangle_java2.jpg,14664476604,376,873.5228723404256,557.7321276595744,883.5,549,10,21,{,1,class->block->function->block,
2,77,rectangle_java2.jpg,rectangle_java2.jpg,14664716642,200,920.9182,554.1746,900.5,549,63,21,return,6,class->block->function->block->block_content->return,
2,77,rectangle_java2.jpg,rectangle_java2.jpg,14664788646,68,924.7229411764706,552.6323529411765,900.5,549,63,21,return,6,class->block->function->block->block_content->return,
2,77,rectangle_java2.jpg,rectangle_java2.jpg,14665088640,264,1011.0754545454546,554.8525757575758,968.5,549,70,21,this.y2,7,class->block->function->block->block_content->return->expr->name->name->operator->name,
2,77,rectangle_java2.jpg,rectangle_java2.jpg,14665196642,64,1049.285625,555.495625,1045.5,549,13,21,-,1,class->block->function->block->block_content->return->expr->operator,
2,77,rectangle_java2.jpg,rectangle_java2.jpg,14665284658,84,1058.1842857142858,548.2785714285715,1045.5,549,13,21,-,1,class->block->function->block->block_content->return->expr->operator,
2,77,rectangle_java2.jpg,rectangle_java2.jpg,14665284658,84,1058.1842857142858,548.2785714285715,1064.5,549,71,21,this.y1,7,class->block->function->block->block_content->return->expr->name->name->operator->name,
2,77,rectangle_java2.jpg,rectangle_java2.jpg,14665480636,192,1052.865,548.0422916666666,1045.5,549,13,21,-,1,class->block->function->block->block_content->return->expr->operator,
2,77,rectangle_java2.jpg,rectangle_java2.jpg,14665480636,192,1052.865,548.0422916666666,1064.5,549,71,21,this.y1,7,class->block->function->block->block_content->return->expr->name->name->operator->name,
2,77,rectangle_java2.jpg,rectangle_java2.jpg,14665544559,60,1050.1293333333333,555.8953333333334,1045.5,549,13,21,-,1,class->block->function->block->block_content->return->expr->operator,
2,77,rectangle_java2.jpg,rectangle_java2.jpg,14665604485,56,1131.1842857142858,557.9014285714286,1064.5,549,71,21,this.y1,7,class->block->function->block->block_content->return->expr->name->name->operator->name,
2,77,rectangle_java2.jpg,rectangle_java2.jpg,14665604485,56,1131.1842857142858,557.9014285714286,1142.5,549,10,21,;,1,class->block->function->block->block_content->return,
2,77,rectangle_java2.jpg,rectangle_java2.jpg,14665720403,112,1137.3653571428572,559.0596428571429,1142.5,549,10,21,;,1,class->block->function->block->block_content->return,
2,77,rectangle_java2.jpg,rectangle_java2.jpg,14665808436,84,1153.9004761904762,549.2019047619048,1161.5,549,10,21,},1,class->block->function->block,
2,77,rectangle_java2.jpg,rectangle_java2.jpg,14666960515,148,912.4137837837836,580.4772972972974,910.5,585,62,21,return,6,class->block->function->block->block_content->return,
2,77,rectangle_java2.jpg,rectangle_java2.jpg,14667152536,188,853.4374468085107,584.0295744680851,856.5,585,9,21,(,1,class->block->function->parameter_list,
2,77,rectangle_java2.jpg,rectangle_java2.jpg,14667352478,172,899.9646511627907,585.4795348837209,893.5,585,10,21,{,1,class->block->function->block,
2,77,rectangle_java2.jpg,rectangle_java2.jpg,14667352478,172,899.9646511627907,585.4795348837209,910.5,585,62,21,return,6,class->block->function->block->block_content->return,
2,77,rectangle_java2.jpg,rectangle_java2.jpg,14667484501,88,970.0513636363636,589.8427272727273,910.5,585,62,21,return,6,class->block->function->block->block_content->return,
2,77,rectangle_java2.jpg,rectangle_java2.jpg,14667484501,88,970.0513636363636,589.8427272727273,977.5,585,101,21,this.width,10,class->block->function->block->block_content->return->expr->call->name->name->operator->name,
2,77,rectangle_java2.jpg,rectangle_java2.jpg,14667588472,100,975.2388,586.5412,977.5,585,101,21,this.width,10,class->block->function->block->block_content->return->expr->call->name->name->operator->name,
2,77,rectangle_java2.jpg,rectangle_java2.jpg,14667696409,104,1061.9546153846154,579.358076923077,977.5,585,101,21,this.width,10,class->block->function->block->block_content->return->expr->call->name->name->operator->name,
2,77,rectangle_java2.jpg,rectangle_java2.jpg,14667964421,264,1069.9069696969698,577.6490909090909,977.5,585,101,21,this.width,10,class->block->function->block->block_content->return->expr->call->name->name->operator->name,
2,77,rectangle_java2.jpg,rectangle_java2.jpg,14668076370,108,1084.5,586.8725925925926,1086.5,585,10,21,(,1,class->block->function->block->block_content->return->expr->call->argument_list,
2,77,rectangle_java2.jpg,rectangle_java2.jpg,14668268354,188,1116.7359574468085,579.1140425531914,1122.5,585,12,21,*,1,class->block->function->block->block_content->return->expr->operator,
2,77,rectangle_java2.jpg,rectangle_java2.jpg,14668360366,88,1109.310909090909,574.9386363636363,1103.5,585,9,21,),1,class->block->function->block->block_content->return->expr->call->argument_list,
2,77,rectangle_java2.jpg,rectangle_java2.jpg,14668516382,152,1169.8755263157896,576.5515789473684,1140.5,585,110,21,this.height,11,class->block->function->block->block_content->return->expr->call->name->name->operator->name,
2,77,rectangle_java2.jpg,rectangle_java2.jpg,14668596402,76,1173.835789473684,583.46,1140.5,585,110,21,this.height,11,class->block->function->block->block_content->return->expr->call->name->name->operator->name,
2,77,rectangle_java2.jpg,rectangle_java2.jpg,14668696427,88,1028.888181818182,584.0995454545455,977.5,585,101,21,this.width,10,class->block->function->block->block_content->return->expr->call->name->name->operator->name,
2,77,rectangle_java2.jpg,rectangle_java2.jpg,14668772443,72,1020.5794444444444,591.8155555555555,977.5,585,101,21,this.width,10,class->block->function->block->block_content->return->expr->call->name->name->operator->name,
2,77,rectangle_java2.jpg,rectangle_java2.jpg,14669028336,220,1108.0994545454546,582.1132727272727,1103.5,585,9,21,),1,class->block->function->block->block_content->return->expr->call->argument_list,
2,77,rectangle_java2.jpg,rectangle_java2.jpg,14669220321,188,1106.3951063829788,577.6968085106383,1103.5,585,9,21,),1,class->block->function->block->block_content->return->expr->call->argument_list,
2,77,rectangle_java2.jpg,rectangle_java2.jpg,14669308386,84,1138.8428571428572,573.5095238095238,1140.5,585,110,21,this.height,11,class->block->function->block->block_content->return->expr->call->name->name->operator->name,
2,77,rectangle_java2.jpg,rectangle_java2.jpg,14669384280,72,1146.0838888888889,567.52,1142.5,549,10,21,;,1,class->block->function->block->block_content->return,
2,77,rectangle_java2.jpg,rectangle_java2.jpg,14669588102,156,837.006923076923,610.7592307692307,804.5,621,44,21,void,4,class->block->function->type->name,
2,77,rectangle_java2.jpg,rectangle_java2.jpg,14669800202,176,805.5940909090909,629.3352272727273,804.5,621,44,21,void,4,class->block->function->type->name,
2,77,rectangle_java2.jpg,rectangle_java2.jpg,14669880179,76,809.9336842105263,621.7784210526315,804.5,621,44,21,void,4,class->block->function->type->name,
2,77,rectangle_java2.jpg,rectangle_java2.jpg,14670316247,96,844.5829166666666,604.1166666666667,804.5,585,43,21,area,4,class->block->function->name,
2,77,rectangle_java2.jpg,rectangle_java2.jpg,14670316247,96,844.5829166666666,604.1166666666667,856.5,585,9,21,(,1,class->block->function->parameter_list,
2,77,rectangle_java2.jpg,rectangle_java2.jpg,14670476283,112,846.4675,614.4917857142857,804.5,621,44,21,void,4,class->block->function->type->name,
2,77,rectangle_java2.jpg,rectangle_java2.jpg,14670476283,112,846.4675,614.4917857142857,851.5,621,44,21,main,4,class->block->function->name,
2,77,rectangle_java2.jpg,rectangle_java2.jpg,14670596286,116,843.4527586206897,605.1648275862069,804.5,585,43,21,area,4,class->block->function->name,
2,77,rectangle_java2.jpg,rectangle_java2.jpg,14670744278,100,798.954,612.2036,738.5,621,61,21,static,6,class->block->function->type->specifier,
2,77,rectangle_java2.jpg,rectangle_java2.jpg,14670744278,100,798.954,612.2036,804.5,621,44,21,void,4,class->block->function->type->name,
2,77,rectangle_java2.jpg,rectangle_java2.jpg,14671004229,256,820.43140625,615.91171875,804.5,621,44,21,void,4,class->block->function->type->name,
2,77,rectangle_java2.jpg,rectangle_java2.jpg,14671332251,324,820.2388888888889,610.1607407407407,804.5,621,44,21,void,4,class->block->function->type->name,
2,77,rectangle_java2.jpg,rectangle_java2.jpg,14671620138,284,824.6261971830986,615.0198591549296,804.5,621,44,21,void,4,class->block->function->type->name,
2,77,rectangle_java2.jpg,rectangle_java2.jpg,14671804182,180,878.5148888888889,616.2382222222222,851.5,621,44,21,main,4,class->block->function->name,
2,77,rectangle_java2.jpg,rectangle_java2.jpg,14672048129,240,866.1045,636.5285,851.5,621,44,21,main,4,class->block->function->name,
2,77,rectangle_java2.jpg,rectangle_java2.jpg,14672224129,140,937.8874285714286,640.624,920.5,621,62,21,String,6,class->block->function->parameter_list->parameter->decl->type->name->name,
2,77,rectangle_java2.jpg,rectangle_java2.jpg,14672468132,240,1060.2721666666666,645.7433333333333,1057.5,658,13,20,0,1,class->block->function->block->block_content->decl_stmt->decl->init->expr->call->argument_list->argument->expr->literal,
2,77,rectangle_java2.jpg,rectangle_java2.jpg,14672600124,128,1068.7671875,649.4359375,1057.5,658,13,20,0,1,class->block->function->block->block_content->decl_stmt->decl->init->expr->call->argument_list->argument->expr->literal,
2,77,rectangle_java2.jpg,rectangle_java2.jpg,14672600124,128,1068.7671875,649.4359375,1077.5,658,9,20,"""","""",1,class->block->function->block->block_content->decl_stmt->decl->init->expr->call->argument_list
2,77,rectangle_java2.jpg,rectangle_java2.jpg,14673807972,72,1229.6855555555555,650.9088888888889,1231.5,658,10,20,;,1,class->block->function->block->block_content->decl_stmt,
2,77,rectangle_java2.jpg,rectangle_java2.jpg,14674295971,400,1235.3084,659.9499,1231.5,658,10,20,;,1,class->block->function->block->block_content->decl_stmt,
2,77,rectangle_java2.jpg,rectangle_java2.jpg,14674359956,60,1220.862,656.6453333333333,1231.5,658,10,20,;,1,class->block->function->block->block_content->decl_stmt,
2,77,rectangle_java2.jpg,rectangle_java2.jpg,14674475966,112,1202.5196428571428,652.5571428571428,1182.5,658,22,20,10,2,class->block->function->block->block_content->decl_stmt->decl->init->expr->call->argument_list->argument->expr->literal,
2,77,rectangle_java2.jpg,rectangle_java2.jpg,14674475966,112,1202.5196428571428,652.5571428571428,1211.5,658,9,20,),1,class->block->function->block->block_content->decl_stmt->decl->init->expr->call->argument_list,
2,77,rectangle_java2.jpg,rectangle_java2.jpg,14675827871,224,941.6591071428572,656.0960714285715,941.5,658,91,20,Rectangle,9,class->block->function->block->block_content->decl_stmt->decl->init->expr->call->name,
2,77,rectangle_java2.jpg,rectangle_java2.jpg,14676019846,152,848.6484210526315,723.4965789473684,826.5,731,51,20,rect2,5,class->block->function->block->block_content->decl_stmt->decl->name,
2,77,rectangle_java2.jpg,rectangle_java2.jpg,14676087845,64,820.99125,726.034375,730.5,731,91,20,Rectangle,9,class->block->function->block->block_content->decl_stmt->decl->type->name,
2,77,rectangle_java2.jpg,rectangle_java2.jpg,14676087845,64,820.99125,726.034375,826.5,731,51,20,rect2,5,class->block->function->block->block_content->decl_stmt->decl->name,
2,77,rectangle_java2.jpg,rectangle_java2.jpg,14676251864,160,815.83275,719.5875,730.5,731,91,20,Rectangle,9,class->block->function->block->block_content->decl_stmt->decl->type->name,
2,77,rectangle_java2.jpg,rectangle_java2.jpg,14676251864,160,815.83275,719.5875,826.5,731,51,20,rect2,5,class->block->function->block->block_content->decl_stmt->decl->name,
2,77,rectangle_java2.jpg,rectangle_java2.jpg,14676451844,188,886.7051063829788,718.9512765957447,883.5,731,15,20,=,1,class->block->function->block->block_content->decl_stmt->decl->init,
2,77,rectangle_java2.jpg,rectangle_java2.jpg,14676635879,180,877.2762222222223,714.4366666666667,730.5,694,177,21,System.out.println,18,class->block->function->block->block_content->expr_stmt->expr->call->name->name->operator->name->operator->name,
2,77,rectangle_java2.jpg,rectangle_java2.jpg,14676707870,68,873.6523529411764,719.5929411764706,826.5,731,51,20,rect2,5,class->block->function->block->block_content->decl_stmt->decl->name,
2,77,rectangle_java2.jpg,rectangle_java2.jpg,14676707870,68,873.6523529411764,719.5929411764706,883.5,731,15,20,=,1,class->block->function->block->block_content->decl_stmt->decl->init,
2,77,rectangle_java2.jpg,rectangle_java2.jpg,14676911820,156,971.0643589743588,709.5220512820513,932.5,694,100,21,rect1.area,10,class->block->function->block->block_content->expr_stmt->expr->call->argument_list->argument->expr->call->name->name->operator->name,
2,77,rectangle_java2.jpg,rectangle_java2.jpg,14677119785,176,856.6604545454545,660.7770454545455,826.5,658,52,20,rect1,5,class->block->function->block->block_content->decl_stmt->decl->name,
2,77,rectangle_java2.jpg,rectangle_java2.jpg,14677247635,124,869.6954838709678,657.7225806451613,826.5,658,52,20,rect1,5,class->block->function->block->block_content->decl_stmt->decl->name,
2,77,rectangle_java2.jpg,rectangle_java2.jpg,14677399650,96,822.8466666666667,600.1229166666667,804.5,585,43,21,area,4,class->block->function->name,
2,77,rectangle_java2.jpg,rectangle_java2.jpg,14677823682,156,811.3061538461538,667.7964102564102,730.5,658,91,20,Rectangle,9,class->block->function->block->block_content->decl_stmt->decl->type->name,
2,77,rectangle_java2.jpg,rectangle_java2.jpg,14678007695,180,807.2895555555556,674.3306666666666,730.5,658,91,20,Rectangle,9,class->block->function->block->block_content->decl_stmt->decl->type->name,
2,77,rectangle_java2.jpg,rectangle_java2.jpg,14678215706,164,785.6075609756098,701.8787804878049,730.5,694,177,21,System.out.println,18,class->block->function->block->block_content->expr_stmt->expr->call->name->name->operator->name->operator->name,
2,77,rectangle_java2.jpg,rectangle_java2.jpg,14678391694,144,876.3872222222222,723.7275,826.5,731,51,20,rect2,5,class->block->function->block->block_content->decl_stmt->decl->name,
2,77,rectangle_java2.jpg,rectangle_java2.jpg,14678391694,144,876.3872222222222,723.7275,883.5,731,15,20,=,1,class->block->function->block->block_content->decl_stmt->decl->init,
2,77,rectangle_java2.jpg,rectangle_java2.jpg,14678599680,180,946.2715555555556,721.6182222222222,941.5,731,91,20,Rectangle,9,class->block->function->block->block_content->decl_stmt->decl->init->expr->call->name,
2,77,rectangle_java2.jpg,rectangle_java2.jpg,14679147704,96,897.5633333333333,681.96375,730.5,694,177,21,System.out.println,18,class->block->function->block->block_content->expr_stmt->expr->call->name->name->operator->name->operator->name,
2,77,rectangle_java2.jpg,rectangle_java2.jpg,14679227663,76,899.7452631578948,682.7894736842105,730.5,694,177,21,System.out.println,18,class->block->function->block->block_content->expr_stmt->expr->call->name->name->operator->name->operator->name,
2,77,rectangle_java2.jpg,rectangle_java2.jpg,14679523663,264,874.360303030303,640.6866666666667,851.5,621,44,21,main,4,class->block->function->name,
2,77,rectangle_java2.jpg,rectangle_java2.jpg,14680095572,76,859.7894736842105,738.4021052631579,826.5,731,51,20,rect2,5,class->block->function->block->block_content->decl_stmt->decl->name,
2,77,rectangle_java2.jpg,rectangle_java2.jpg,14680263587,120,840.3356666666666,703.5943333333333,730.5,694,177,21,System.out.println,18,class->block->function->block->block_content->expr_stmt->expr->call->name->name->operator->name->operator->name,
2,77,rectangle_java2.jpg,rectangle_java2.jpg,14680419587,108,919.8377777777778,719.3337037037037,902.5,731,34,20,new,3,class->block->function->block->block_content->decl_stmt->decl->init->expr->operator,
2,77,rectangle_java2.jpg,rectangle_java2.jpg,14680519578,72,901.1544444444444,524.1922222222222,891.5,512,62,21,return,6,class->block->function->block->block_content->return->expr->name->name,
2,77,rectangle_java2.jpg,rectangle_java2.jpg,14680699602,176,900.8261363636364,520.9554545454546,891.5,512,62,21,return,6,class->block->function->block->block_content->return->expr->name->name,
2,77,rectangle_java2.jpg,rectangle_java2.jpg,14680819631,92,1035.9247826086958,530.1882608695652,1035.5,512,13,21,-,1,class->block->function->block->block_content->return->expr->name->name,
2,77,rectangle_java2.jpg,rectangle_java2.jpg,14680947624,64,1108.3875,581.610625,1103.5,585,9,21,),1,class->block->function->block->block_content->return->expr->call->argument_list,
2,77,rectangle_java2.jpg,rectangle_java2.jpg,14681071337,120,1125.0936666666666,573.9449999999999,1122.5,585,12,21,*,1,class->block->function->block->block_content->return->expr->operator,
2,77,rectangle_java2.jpg,rectangle_java2.jpg,14681231332,92,931.6365217391304,527.4378260869565,891.5,512,62,21,return,6,class->block->function->block->block_content->return->expr->name->name,
2,77,rectangle_java2.jpg,rectangle_java2.jpg,14681335453,100,939.3296,520.4524,891.5,512,62,21,return,6,class->block->function->block->block_content->return->expr->name->name,
2,77,rectangle_java2.jpg,rectangle_java2.jpg,14681495418,156,1017.9884615384616,528.4082051282052,958.5,512,71,21,this.x2,7,class->block->function->block->block_content->return->expr->name->name->operator->name->operator,
2,77,rectangle_java2.jpg,rectangle_java2.jpg,14681991436,72,1143.3172222222222,527.6716666666666,1152.5,512,10,21,},1,class->block,
2,77,rectangle_java2.jpg,rectangle_java2.jpg,14682063499,68,1153.8041176470588,530.9511764705883,1152.5,512,10,21,},1,class->block,
2,77,rectangle_java2.jpg,rectangle_java2.jpg,14682759475,152,1157.2686842105263,530.1857894736842,1152.5,512,10,21,},1,class->block,
2,77,rectangle_java2.jpg,rectangle_java2.jpg,14682999423,168,986.9471428571428,499.91357142857146,958.5,512,71,21,this.x2,7,class->block->function->block->block_content->return->expr->name->name->operator->name->operator,
2,77,rectangle_java2.jpg,rectangle_java2.jpg,14683079387,76,987.5784210526316,501.54105263157896,958.5,512,71,21,this.x2,7,class->block->function->block->block_content->return->expr->name->name->operator->name->operator,
2,77,rectangle_java2.jpg,rectangle_java2.jpg,14683251343,160,849.68575,507.70975,854.5,512,9,21,),1,class->block->function->parameter_list,
2,77,rectangle_java2.jpg,rectangle_java2.jpg,14683463348,208,857.0632692307693,506.5867307692308,854.5,512,9,21,),1,class->block->function->parameter_list,
2,77,rectangle_java2.jpg,rectangle_java2.jpg,14683939325,128,799.4934375,504.8996875,775.5,512,53,21,width,5,class->block->function->name,
2,77,rectangle_java2.jpg,rectangle_java2.jpg,14684155362,212,739.3828301886792,511.1364150943396,737.5,512,33,21,int,3,class->block->function->type->name,
2,77,rectangle_java2.jpg,rectangle_java2.jpg,14684227364,60,823.0766666666667,514.7133333333334,775.5,512,53,21,width,5,class->block->function->name,
2,77,rectangle_java2.jpg,rectangle_java2.jpg,14684427346,196,833.9683673469387,517.7228571428572,837.5,512,9,21,(,1,class->block->function->parameter_list,
2,77,rectangle_java2.jpg,rectangle_java2.jpg,14684639360,176,804.0213636363636,507.1593181818182,775.5,512,53,21,width,5,class->block->function->name,
2,77,rectangle_java2.jpg,rectangle_java2.jpg,14684739375,96,806.5183333333333,507.21125000000006,775.5,512,53,21,width,5,class->block->function->name,
2,77,rectangle_java2.jpg,rectangle_java2.jpg,14684919181,92,895.6717391304347,518.7378260869565,891.5,512,62,21,return,6,class->block->function->block->block_content->return->expr->name->name,
2,77,rectangle_java2.jpg,rectangle_java2.jpg,14685235089,312,974.9380769230768,522.401923076923,958.5,512,71,21,this.x2,7,class->block->function->block->block_content->return->expr->name->name->operator->name->operator,
2,77,rectangle_java2.jpg,rectangle_java2.jpg,14685423160,124,836.0677419354839,556.3545161290323,775.5,549,62,21,height,6,class->block->function->name,
2,77,rectangle_java2.jpg,rectangle_java2.jpg,14685423160,124,836.0677419354839,556.3545161290323,846.5,549,10,21,(,1,class->block->function->parameter_list,
2,77,rectangle_java2.jpg,rectangle_java2.jpg,14685583173,108,869.1248148148148,555.9411111111111,863.5,549,9,21,),1,class->block->function->parameter_list,
2,77,rectangle_java2.jpg,rectangle_java2.jpg,14686055246,100,959.79,553.662,900.5,549,63,21,return,6,class->block->function->block->block_content->return,
2,77,rectangle_java2.jpg,rectangle_java2.jpg,14686055246,100,959.79,553.662,968.5,549,70,21,this.y2,7,class->block->function->block->block_content->return->expr->name->name->operator->name,
2,77,rectangle_java2.jpg,rectangle_java2.jpg,14686379177,320,951.846625,560.34325,900.5,549,63,21,return,6,class->block->function->block->block_content->return,
2,77,rectangle_java2.jpg,rectangle_java2.jpg,14686467191,84,954.3119047619048,551.2795238095238,900.5,549,63,21,return,6,class->block->function->block->block_content->return,
2,77,rectangle_java2.jpg,rectangle_java2.jpg,14686719181,248,952.115,555.4720967741936,900.5,549,63,21,return,6,class->block->function->block->block_content->return,
2,77,rectangle_java2.jpg,rectangle_java2.jpg,14686995074,220,926.9949090909092,549.8701818181818,900.5,549,63,21,return,6,class->block->function->block->block_content->return,
2,77,rectangle_java2.jpg,rectangle_java2.jpg,14687231054,232,930.2070689655172,547.5222413793103,900.5,549,63,21,return,6,class->block->function->block->block_content->return,
2,77,rectangle_java2.jpg,rectangle_java2.jpg,14687571080,296,902.1875675675676,507.33824324324326,891.5,512,62,21,return,6,class->block->function->block->block_content->return->expr->name->name,
2,77,rectangle_java2.jpg,rectangle_java2.jpg,14687643088,68,888.0417647058823,508.0558823529411,891.5,512,62,21,return,6,class->block->function->block->block_content->return->expr->name->name,
2,77,rectangle_java2.jpg,rectangle_java2.jpg,14687871125,172,960.7872093023256,559.1655813953488,900.5,549,63,21,return,6,class->block->function->block->block_content->return,
2,77,rectangle_java2.jpg,rectangle_java2.jpg,14687871125,172,960.7872093023256,559.1655813953488,968.5,549,70,21,this.y2,7,class->block->function->block->block_content->return->expr->name->name->operator->name,
2,77,rectangle_java2.jpg,rectangle_java2.jpg,14688063082,188,938.4925531914894,560.0010638297872,900.5,549,63,21,return,6,class->block->function->block->block_content->return,
2,77,rectangle_java2.jpg,rectangle_java2.jpg,14688494982,92,1032.2526086956525,542.1008695652174,968.5,549,70,21,this.y2,7,class->block->function->block->block_content->return->expr->name->name->operator->name,
2,77,rectangle_java2.jpg,rectangle_java2.jpg,14688558981,60,1057.762,556.3306666666667,1045.5,549,13,21,-,1,class->block->function->block->block_content->return->expr->operator,
2,77,rectangle_java2.jpg,rectangle_java2.jpg,14688558981,60,1057.762,556.3306666666667,1064.5,549,71,21,this.y1,7,class->block->function->block->block_content->return->expr->name->name->operator->name,
2,77,rectangle_java2.jpg,rectangle_java2.jpg,14688990795,124,1051.8935483870969,564.8993548387097,1045.5,549,13,21,-,1,class->block->function->block->block_content->return->expr->operator,
2,77,rectangle_java2.jpg,rectangle_java2.jpg,14689290910,60,1046.0646666666669,538.462,1045.5,549,13,21,-,1,class->block->function->block->block_content->return->expr->operator,
2,77,rectangle_java2.jpg,rectangle_java2.jpg,14689350916,56,1038.9314285714286,540.8471428571429,1045.5,549,13,21,-,1,class->block->function->block->block_content->return->expr->operator,
2,77,rectangle_java2.jpg,rectangle_java2.jpg,14689430927,76,1065.64,554.5305263157895,1064.5,549,71,21,this.y1,7,class->block->function->block->block_content->return->expr->name->name->operator->name,
2,77,rectangle_java2.jpg,rectangle_java2.jpg,14689530938,96,1076.0458333333331,559.8225,1064.5,549,71,21,this.y1,7,class->block->function->block->block_content->return->expr->name->name->operator->name,
2,77,rectangle_java2.jpg,rectangle_java2.jpg,14689618934,84,1065.1642857142858,557.9166666666666,1064.5,549,71,21,this.y1,7,class->block->function->block->block_content->return->expr->name->name->operator->name,
2,77,rectangle_java2.jpg,rectangle_java2.jpg,14689946888,72,1061.512222222222,554.4288888888889,1064.5,549,71,21,this.y1,7,class->block->function->block->block_content->return->expr->name->name->operator->name,
2,77,rectangle_java2.jpg,rectangle_java2.jpg,14690327023,112,1104.6810714285714,530.0564285714286,1054.5,512,71,21,this.x1,7,class->block->function->block->block_content->return->expr->name->name->operator->name,
2,77,rectangle_java2.jpg,rectangle_java2.jpg,14690670901,308,1146.5983116883117,558.1193506493506,1142.5,549,10,21,;,1,class->block->function->block->block_content->return,
2,77,rectangle_java2.jpg,rectangle_java2.jpg,14690874846,200,1151.1012,556.3802,1142.5,549,10,21,;,1,class->block->function->block->block_content->return,
2,77,rectangle_java2.jpg,rectangle_java2.jpg,14690874846,200,1151.1012,556.3802,1161.5,549,10,21,},1,class->block->function->block,
2,77,rectangle_java2.jpg,rectangle_java2.jpg,14691054826,176,1151.555,555.3463636363637,1142.5,549,10,21,;,1,class->block->function->block->block_content->return,
2,77,rectangle_java2.jpg,rectangle_java2.jpg,14691054826,176,1151.555,555.3463636363637,1161.5,549,10,21,},1,class->block->function->block,
2,77,rectangle_java2.jpg,rectangle_java2.jpg,14691270801,168,1130.6161904761905,555.6552380952381,1064.5,549,71,21,this.y1,7,class->block->function->block->block_content->return->expr->name->name->operator->name,
2,77,rectangle_java2.jpg,rectangle_java2.jpg,14691270801,168,1130.6161904761905,555.6552380952381,1142.5,549,10,21,;,1,class->block->function->block->block_content->return,
2,77,rectangle_java2.jpg,rectangle_java2.jpg,14691574760,64,1165.656875,559.195,1161.5,549,10,21,},1,class->block->function->block,
2,77,rectangle_java2.jpg,rectangle_java2.jpg,14691686769,108,1150.3044444444445,563.587037037037,1142.5,549,10,21,;,1,class->block->function->block->block_content->return,
2,77,rectangle_java2.jpg,rectangle_java2.jpg,14691686769,108,1150.3044444444445,563.587037037037,1161.5,549,10,21,},1,class->block->function->block,
2,77,rectangle_java2.jpg,rectangle_java2.jpg,14691762764,72,1166.637222222222,557.0055555555556,1161.5,549,10,21,},1,class->block->function->block,
2,77,rectangle_java2.jpg,rectangle_java2.jpg,14692046700,68,1126.0682352941176,557.775294117647,1064.5,549,71,21,this.y1,7,class->block->function->block->block_content->return->expr->name->name->operator->name,
2,77,rectangle_java2.jpg,rectangle_java2.jpg,14692166718,116,1127.748275862069,555.3575862068966,1064.5,549,71,21,this.y1,7,class->block->function->block->block_content->return->expr->name->name->operator->name,
2,77,rectangle_java2.jpg,rectangle_java2.jpg,14692298793,128,1132.0021875,554.219375,1064.5,549,71,21,this.y1,7,class->block->function->block->block_content->return->expr->name->name->operator->name,
2,77,rectangle_java2.jpg,rectangle_java2.jpg,14692298793,128,1132.0021875,554.219375,1142.5,549,10,21,;,1,class->block->function->block->block_content->return,
2,77,rectangle_java2.jpg,rectangle_java2.jpg,14692458847,148,1033.541891891892,555.8821621621622,968.5,549,70,21,this.y2,7,class->block->function->block->block_content->return->expr->name->name->operator->name,
2,77,rectangle_java2.jpg,rectangle_java2.jpg,14692458847,148,1033.541891891892,555.8821621621622,1045.5,549,13,21,-,1,class->block->function->block->block_content->return->expr->operator,
2,77,rectangle_java2.jpg,rectangle_java2.jpg,14692758554,264,1086.340909090909,563.6371212121212,1064.5,549,71,21,this.y1,7,class->block->function->block->block_content->return->expr->name->name->operator->name,
2,77,rectangle_java2.jpg,rectangle_java2.jpg,14692842549,80,1030.955,556.644,968.5,549,70,21,this.y2,7,class->block->function->block->block_content->return->expr->name->name->operator->name,
2,77,rectangle_java2.jpg,rectangle_java2.jpg,14693102603,256,1027.1825,554.2221875,968.5,549,70,21,this.y2,7,class->block->function->block->block_content->return->expr->name->name->operator->name,
2,77,rectangle_java2.jpg,rectangle_java2.jpg,14693322695,156,865.335641025641,604.5861538461538,856.5,585,9,21,(,1,class->block->function->parameter_list,
2,77,rectangle_java2.jpg,rectangle_java2.jpg,14693322695,156,865.335641025641,604.5861538461538,873.5,585,9,21,),1,class->block->function->parameter_list,
2,77,rectangle_java2.jpg,rectangle_java2.jpg,14693734746,136,1075.8232352941177,591.4252941176471,977.5,585,101,21,this.width,10,class->block->function->block->block_content->return->expr->call->name->name->operator->name,
2,77,rectangle_java2.jpg,rectangle_java2.jpg,14693734746,136,1075.8232352941177,591.4252941176471,1086.5,585,10,21,(,1,class->block->function->block->block_content->return->expr->call->argument_list,
2,77,rectangle_java2.jpg,rectangle_java2.jpg,14693950620,156,1052.8853846153847,593.9905128205128,977.5,585,101,21,this.width,10,class->block->function->block->block_content->return->expr->call->name->name->operator->name,
2,77,rectangle_java2.jpg,rectangle_java2.jpg,14694094640,140,1059.9017142857142,593.5411428571429,977.5,585,101,21,this.width,10,class->block->function->block->block_content->return->expr->call->name->name->operator->name,
2,77,rectangle_java2.jpg,rectangle_java2.jpg,14694214661,116,1003.0606896551724,594.4537931034482,977.5,585,101,21,this.width,10,class->block->function->block->block_content->return->expr->call->name->name->operator->name,
2,77,rectangle_java2.jpg,rectangle_java2.jpg,14694438688,192,950.8677083333332,599.9433333333334,910.5,585,62,21,return,6,class->block->function->block->block_content->return,
2,77,rectangle_java2.jpg,rectangle_java2.jpg,14694514613,72,908.9894444444444,599.4605555555555,910.5,585,62,21,return,6,class->block->function->block->block_content->return,
2,77,rectangle_java2.jpg,rectangle_java2.jpg,14694754485,236,892.8727118644068,603.2220338983051,893.5,585,10,21,{,1,class->block->function->block,
2,77,rectangle_java2.jpg,rectangle_java2.jpg,14694966546,176,963.1077272727272,603.2936363636363,910.5,585,62,21,return,6,class->block->function->block->block_content->return,
2,77,rectangle_java2.jpg,rectangle_java2.jpg,14695098544,92,908.1995652173912,604.1382608695652,910.5,585,62,21,return,6,class->block->function->block->block_content->return,
2,77,rectangle_java2.jpg,rectangle_java2.jpg,14695186550,84,915.495238095238,601.417619047619,910.5,585,62,21,return,6,class->block->function->block->block_content->return,
2,77,rectangle_java2.jpg,rectangle_java2.jpg,14695446503,160,1111.081,603.31075,1103.5,585,9,21,),1,class->block->function->block->block_content->return->expr->call->argument_list,
2,77,rectangle_java2.jpg,rectangle_java2.jpg,14695446503,160,1111.081,603.31075,1122.5,585,12,21,*,1,class->block->function->block->block_content->return->expr->operator,
2,77,rectangle_java2.jpg,rectangle_java2.jpg,14695702486,208,1061.374423076923,604.4540384615385,977.5,585,101,21,this.width,10,class->block->function->block->block_content->return->expr->call->name->name->operator->name,
2,77,rectangle_java2.jpg,rectangle_java2.jpg,14695818483,112,1093.5321428571428,601.9496428571429,1086.5,585,10,21,(,1,class->block->function->block->block_content->return->expr->call->argument_list,
2,77,rectangle_java2.jpg,rectangle_java2.jpg,14695818483,112,1093.5321428571428,601.9496428571429,1103.5,585,9,21,),1,class->block->function->block->block_content->return->expr->call->argument_list,
2,77,rectangle_java2.jpg,rectangle_java2.jpg,14696122528,300,1106.2333333333331,597.3166666666667,1103.5,585,9,21,),1,class->block->function->block->block_content->return->expr->call->argument_list,
2,77,rectangle_java2.jpg,rectangle_java2.jpg,14696226537,100,1102.3848,603.626,1103.5,585,9,21,),1,class->block->function->block->block_content->return->expr->call->argument_list,
2,77,rectangle_java2.jpg,rectangle_java2.jpg,14696614338,68,1017.4229411764704,592.9705882352941,977.5,585,101,21,this.width,10,class->block->function->block->block_content->return->expr->call->name->name->operator->name,
2,77,rectangle_java2.jpg,rectangle_java2.jpg,14696810326,152,931.468947368421,593.9671052631579,910.5,585,62,21,return,6,class->block->function->block->block_content->return,
2,77,rectangle_java2.jpg,rectangle_java2.jpg,14697326388,204,960.4792156862744,560.4766666666667,900.5,549,63,21,return,6,class->block->function->block->block_content->return,
2,77,rectangle_java2.jpg,rectangle_java2.jpg,14697326388,204,960.4792156862744,560.4766666666667,968.5,549,70,21,this.y2,7,class->block->function->block->block_content->return->expr->name->name->operator->name,
2,77,rectangle_java2.jpg,rectangle_java2.jpg,14697482433,152,957.9936842105265,564.5771052631579,900.5,549,63,21,return,6,class->block->function->block->block_content->return,
2,77,rectangle_java2.jpg,rectangle_java2.jpg,14697482433,152,957.9936842105265,564.5771052631579,968.5,549,70,21,this.y2,7,class->block->function->block->block_content->return->expr->name->name->operator->name,
2,77,rectangle_java2.jpg,rectangle_java2.jpg,14697582455,60,884.5166666666667,654.4486666666667,883.5,658,15,20,=,1,class->block->function->block->block_content->decl_stmt->decl->init,
2,77,rectangle_java2.jpg,rectangle_java2.jpg,14697774436,188,880.1870212765957,664.056170212766,883.5,658,15,20,=,1,class->block->function->block->block_content->decl_stmt->decl->init,
2,77,rectangle_java2.jpg,rectangle_java2.jpg,14697870422,92,957.3747826086956,666.7817391304347,941.5,658,91,20,Rectangle,9,class->block->function->block->block_content->decl_stmt->decl->init->expr->call->name,
2,77,rectangle_java2.jpg,rectangle_java2.jpg,14697986407,112,965.5532142857144,664.8646428571428,941.5,658,91,20,Rectangle,9,class->block->function->block->block_content->decl_stmt->decl->init->expr->call->name,
2,77,rectangle_java2.jpg,rectangle_java2.jpg,14698246415,116,1177.1886206896552,648.1579310344828,1182.5,658,22,20,10,2,class->block->function->block->block_content->decl_stmt->decl->init->expr->call->argument_list->argument->expr->literal,
2,77,rectangle_java2.jpg,rectangle_java2.jpg,14698414366,128,1240.4096875,652.0790625,1231.5,658,10,20,;,1,class->block->function->block->block_content->decl_stmt,
2,77,rectangle_java2.jpg,rectangle_java2.jpg,14698658271,152,875.2555263157894,688.6384210526315,730.5,694,177,21,System.out.println,18,class->block->function->block->block_content->expr_stmt->expr->call->name->name->operator->name->operator->name,
2,77,rectangle_java2.jpg,rectangle_java2.jpg,14698742248,60,910.7533333333332,733.2106666666666,902.5,731,34,20,new,3,class->block->function->block->block_content->decl_stmt->decl->init->expr->operator,
2,77,rectangle_java2.jpg,rectangle_java2.jpg,14698894223,76,834.0605263157895,742.2857894736842,826.5,731,51,20,rect2,5,class->block->function->block->block_content->decl_stmt->decl->name,
2,77,rectangle_java2.jpg,rectangle_java2.jpg,14698954235,56,833.5892857142858,736.4464285714286,826.5,731,51,20,rect2,5,class->block->function->block->block_content->decl_stmt->decl->name,
2,77,rectangle_java2.jpg,rectangle_java2.jpg,14699118271,120,979.2496666666668,712.6563333333334,932.5,694,100,21,rect1.area,10,class->block->function->block->block_content->expr_stmt->expr->call->argument_list->argument->expr->call->name->name->operator->name,
2,77,rectangle_java2.jpg,rectangle_java2.jpg,14699298259,124,1192.4870967741936,654.1064516129032,1182.5,658,22,20,10,2,class->block->function->block->block_content->decl_stmt->decl->init->expr->call->argument_list->argument->expr->literal,
2,77,rectangle_java2.jpg,rectangle_java2.jpg,14699382254,80,1187.826,659.3655,1182.5,658,22,20,10,2,class->block->function->block->block_content->decl_stmt->decl->init->expr->call->argument_list->argument->expr->literal,
2,77,rectangle_java2.jpg,rectangle_java2.jpg,14699702291,88,998.2486363636364,649.2763636363636,941.5,658,91,20,Rectangle,9,class->block->function->block->block_content->decl_stmt->decl->init->expr->call->name,
2,77,rectangle_java2.jpg,rectangle_java2.jpg,14699794283,88,988.1190909090908,652.2004545454546,941.5,658,91,20,Rectangle,9,class->block->function->block->block_content->decl_stmt->decl->init->expr->call->name,
2,77,rectangle_java2.jpg,rectangle_java2.jpg,14699874270,76,989.037894736842,661.8142105263158,941.5,658,91,20,Rectangle,9,class->block->function->block->block_content->decl_stmt->decl->init->expr->call->name,
2,77,rectangle_java2.jpg,rectangle_java2.jpg,14700002262,64,891.8725,651.4175,883.5,658,15,20,=,1,class->block->function->block->block_content->decl_stmt->decl->init,
2,77,rectangle_java2.jpg,rectangle_java2.jpg,14700002262,64,891.8725,651.4175,902.5,658,34,20,new,3,class->block->function->block->block_content->decl_stmt->decl->init->expr->operator,
2,77,rectangle_java2.jpg,rectangle_java2.jpg,14700310313,232,1086.6339655172414,659.6029310344827,1095.5,658,13,20,0,1,class->block->function->block->block_content->decl_stmt->decl->init->expr->call->argument_list->argument->expr->literal,
2,77,rectangle_java2.jpg,rectangle_java2.jpg,14700466011,152,1062.015,659.1876315789474,1057.5,658,13,20,0,1,class->block->function->block->block_content->decl_stmt->decl->init->expr->call->argument_list->argument->expr->literal,
2,77,rectangle_java2.jpg,rectangle_java2.jpg,14700686044,200,1207.1812,647.76,1211.5,658,9,20,),1,class->block->function->block->block_content->decl_stmt->decl->init->expr->call->argument_list,
2,77,rectangle_java2.jpg,rectangle_java2.jpg,14700790102,100,1229.4408,654.4016,1231.5,658,10,20,;,1,class->block->function->block->block_content->decl_stmt,
2,77,rectangle_java2.jpg,rectangle_java2.jpg,14700946157,96,995.7120833333332,676.8808333333334,941.5,658,91,20,Rectangle,9,class->block->function->block->block_content->decl_stmt->decl->init->expr->call->name,
2,77,rectangle_java2.jpg,rectangle_java2.jpg,14701122197,172,994.2837209302326,676.0990697674418,941.5,658,91,20,Rectangle,9,class->block->function->block->block_content->decl_stmt->decl->init->expr->call->name,
2,77,rectangle_java2.jpg,rectangle_java2.jpg,14701198180,72,997.5233333333332,667.1294444444444,941.5,658,91,20,Rectangle,9,class->block->function->block->block_content->decl_stmt->decl->init->expr->call->name,
2,77,rectangle_java2.jpg,rectangle_java2.jpg,14701334147,132,1026.668787878788,659.2978787878787,941.5,658,91,20,Rectangle,9,class->block->function->block->block_content->decl_stmt->decl->init->expr->call->name,
2,77,rectangle_java2.jpg,rectangle_java2.jpg,14701514125,124,838.5729032258065,628.4106451612903,804.5,621,44,21,void,4,class->block->function->type->name,
2,77,rectangle_java2.jpg,rectangle_java2.jpg,14701822131,252,874.7444444444444,656.4561904761905,826.5,658,52,20,rect1,5,class->block->function->block->block_content->decl_stmt->decl->name,
2,77,rectangle_java2.jpg,rectangle_java2.jpg,14701822131,252,874.7444444444444,656.4561904761905,883.5,658,15,20,=,1,class->block->function->block->block_content->decl_stmt->decl->init,
2,77,rectangle_java2.jpg,rectangle_java2.jpg,14701914157,88,868.7977272727272,652.0540909090909,826.5,658,52,20,rect1,5,class->block->function->block->block_content->decl_stmt->decl->name,
2,77,rectangle_java2.jpg,rectangle_java2.jpg,14702150079,100,800.396,615.5052000000001,804.5,621,44,21,void,4,class->block->function->type->name,
2,77,rectangle_java2.jpg,rectangle_java2.jpg,14702337917,136,874.7470588235294,647.27,826.5,658,52,20,rect1,5,class->block->function->block->block_content->decl_stmt->decl->name,
2,77,rectangle_java2.jpg,rectangle_java2.jpg,14702337917,136,874.7470588235294,647.27,883.5,658,15,20,=,1,class->block->function->block->block_content->decl_stmt->decl->init,
2,77,rectangle_java2.jpg,rectangle_java2.jpg,14703277979,80,1193.395,646.827,1182.5,658,22,20,10,2,class->block->function->block->block_content->decl_stmt->decl->init->expr->call->argument_list->argument->expr->literal,
2,77,rectangle_java2.jpg,rectangle_java2.jpg,14703713963,88,919.56,730.6881818181819,902.5,731,34,20,new,3,class->block->function->block->block_content->decl_stmt->decl->init->expr->operator,
2,77,rectangle_java2.jpg,rectangle_java2.jpg,14703893969,116,823.4251724137931,741.0203448275862,826.5,731,51,20,rect2,5,class->block->function->block->block_content->decl_stmt->decl->name,
2,77,rectangle_java2.jpg,rectangle_java2.jpg,14704041985,144,825.7333333333333,737.0875,826.5,731,51,20,rect2,5,class->block->function->block->block_content->decl_stmt->decl->name,
2,77,rectangle_java2.jpg,rectangle_java2.jpg,14704197969,108,800.3603703703703,742.85,730.5,731,91,20,Rectangle,9,class->block->function->block->block_content->decl_stmt->decl->type->name,
2,77,rectangle_java2.jpg,rectangle_java2.jpg,14704285906,60,894.3693333333333,732.2353333333333,883.5,731,15,20,=,1,class->block->function->block->block_content->decl_stmt->decl->init,
2,77,rectangle_java2.jpg,rectangle_java2.jpg,14704285906,60,894.3693333333333,732.2353333333333,902.5,731,34,20,new,3,class->block->function->block->block_content->decl_stmt->decl->init->expr->operator,
2,77,rectangle_java2.jpg,rectangle_java2.jpg,14704417879,128,890.705,734.1274999999999,883.5,731,15,20,=,1,class->block->function->block->block_content->decl_stmt->decl->init,
2,77,rectangle_java2.jpg,rectangle_java2.jpg,14704417879,128,890.705,734.1274999999999,902.5,731,34,20,new,3,class->block->function->block->block_content->decl_stmt->decl->init->expr->operator,
2,77,rectangle_java2.jpg,rectangle_java2.jpg,14704645878,184,965.4802173913044,721.070652173913,941.5,731,91,20,Rectangle,9,class->block->function->block->block_content->decl_stmt->decl->init->expr->call->name,
2,77,rectangle_java2.jpg,rectangle_java2.jpg,14704737857,88,971.3468181818182,725.1009090909091,941.5,731,91,20,Rectangle,9,class->block->function->block->block_content->decl_stmt->decl->init->expr->call->name,
2,77,rectangle_java2.jpg,rectangle_java2.jpg,14710869485,108,878.6481481481482,773.8203703703704,730.5,766,177,21,System.out.println,18,class->block->function->block->block_content->expr_stmt->expr->call->name->name->operator->name->operator->name,
2,77,rectangle_java2.jpg,rectangle_java2.jpg,14719637001,116,787.226551724138,730.0893103448276,730.5,731,91,20,Rectangle,9,class->block->function->block->block_content->decl_stmt->decl->type->name,
2,77,rectangle_java2.jpg,rectangle_java2.jpg,14719816895,116,772.7120689655172,262.1020689655172,747.5,259,33,21,int,3,class->block->decl_stmt->decl->type->name,
