trial,participant,code_file,code_language,timestamp,duration,x_cord,y_cord,aoi_x,aoi_y,aoi_width,aoi_height,token,length,srcML,
2,7,rectangle_java2.jpg,rectangle_java2.jpg,1302775923,84,788.6057142857143,256.2161904761905,785.5,259,23,21,x1,2,class->block->decl_stmt->decl->name,
2,7,rectangle_java2.jpg,rectangle_java2.jpg,1314362907,64,781.329375,222.60125,715.5,222,90,21,Rectangle,9,class->name,
2,7,rectangle_java2.jpg,rectangle_java2.jpg,1314670992,76,874.2026315789474,262.5678947368421,881.5,259,23,21,x2,2,class->block->decl_stmt->decl->name,
2,7,rectangle_java2.jpg,rectangle_java2.jpg,1314906881,88,753.615,269.2663636363636,747.5,259,33,21,int,3,class->block->decl_stmt->decl->type->name,
2,7,rectangle_java2.jpg,rectangle_java2.jpg,1314970860,60,747.6826666666667,265.6273333333333,747.5,259,33,21,int,3,class->block->decl_stmt->decl->type->name,
2,7,rectangle_java2.jpg,rectangle_java2.jpg,1315246871,168,782.5852380952381,259.5895238095238,785.5,259,23,21,x1,2,class->block->decl_stmt->decl->name,
2,7,rectangle_java2.jpg,rectangle_java2.jpg,1315446766,68,771.3482352941177,262.04823529411766,747.5,259,33,21,int,3,class->block->decl_stmt->decl->type->name,
2,7,rectangle_java2.jpg,rectangle_java2.jpg,1315898829,56,774.2678571428571,212.1314285714286,715.5,222,90,21,Rectangle,9,class->name,
2,7,rectangle_java2.jpg,rectangle_java2.jpg,1316450703,88,772.84,211.895,715.5,222,90,21,Rectangle,9,class->name,
2,7,rectangle_java2.jpg,rectangle_java2.jpg,1316902760,64,763.755,233.986875,715.5,222,90,21,Rectangle,9,class->name,
2,7,rectangle_java2.jpg,rectangle_java2.jpg,1317826726,124,770.7212903225807,261.4641935483871,747.5,259,33,21,int,3,class->block->decl_stmt->decl->type->name,
2,7,rectangle_java2.jpg,rectangle_java2.jpg,1317906730,76,770.9821052631579,248.81421052631575,747.5,259,33,21,int,3,class->block->decl_stmt->decl->type->name,
2,7,rectangle_java2.jpg,rectangle_java2.jpg,1318082605,172,772.913023255814,238.8144186046512,715.5,222,90,21,Rectangle,9,class->name,
2,7,rectangle_java2.jpg,rectangle_java2.jpg,1318146523,60,765.5166666666667,248.2026666666667,747.5,259,33,21,int,3,class->block->decl_stmt->decl->type->name,
2,7,rectangle_java2.jpg,rectangle_java2.jpg,1318242512,92,762.8304347826087,253.79,747.5,259,33,21,int,3,class->block->decl_stmt->decl->type->name,
2,7,rectangle_java2.jpg,rectangle_java2.jpg,1318342590,96,754.1858333333333,247.33208333333332,747.5,259,33,21,int,3,class->block->decl_stmt->decl->type->name,
2,7,rectangle_java2.jpg,rectangle_java2.jpg,1318466621,60,747.0726666666667,256.224,747.5,259,33,21,int,3,class->block->decl_stmt->decl->type->name,
2,7,rectangle_java2.jpg,rectangle_java2.jpg,1318562604,68,778.8394117647059,236.1341176470588,715.5,222,90,21,Rectangle,9,class->name,
2,7,rectangle_java2.jpg,rectangle_java2.jpg,1318638600,72,776.905,231.41,715.5,222,90,21,Rectangle,9,class->name,
2,7,rectangle_java2.jpg,rectangle_java2.jpg,1318734604,92,774.1239130434783,219.35565217391303,715.5,222,90,21,Rectangle,9,class->name,
2,7,rectangle_java2.jpg,rectangle_java2.jpg,1318834606,96,751.3120833333334,233.2620833333333,715.5,222,90,21,Rectangle,9,class->name,
2,7,rectangle_java2.jpg,rectangle_java2.jpg,1318934605,56,737.2185714285714,213.9521428571429,715.5,222,90,21,Rectangle,9,class->name,
2,7,rectangle_java2.jpg,rectangle_java2.jpg,1319038609,100,740.3936,221.5948,715.5,222,90,21,Rectangle,9,class->name,
2,7,rectangle_java2.jpg,rectangle_java2.jpg,1319146622,104,713.6892307692308,221.6919230769231,715.5,222,90,21,Rectangle,9,class->name,
2,7,rectangle_java2.jpg,rectangle_java2.jpg,1319434548,116,768.8613793103448,242.42275862068965,715.5,222,90,21,Rectangle,9,class->name,
2,7,rectangle_java2.jpg,rectangle_java2.jpg,1319538566,100,761.336,239.8484,715.5,222,90,21,Rectangle,9,class->name,
2,7,rectangle_java2.jpg,rectangle_java2.jpg,1319682589,88,754.0195454545454,224.9268181818182,715.5,222,90,21,Rectangle,9,class->name,
2,7,rectangle_java2.jpg,rectangle_java2.jpg,1319818591,96,760.6045833333334,238.7475,715.5,222,90,21,Rectangle,9,class->name,
2,7,rectangle_java2.jpg,rectangle_java2.jpg,1319938419,116,749.4951724137931,237.5806896551724,715.5,222,90,21,Rectangle,9,class->name,
2,7,rectangle_java2.jpg,rectangle_java2.jpg,1319998333,56,754.675,226.2285714285714,715.5,222,90,21,Rectangle,9,class->name,
2,7,rectangle_java2.jpg,rectangle_java2.jpg,1320086432,84,762.7714285714286,242.6085714285714,715.5,222,90,21,Rectangle,9,class->name,
2,7,rectangle_java2.jpg,rectangle_java2.jpg,1320206584,72,750.0922222222222,249.61055555555555,747.5,259,33,21,int,3,class->block->decl_stmt->decl->type->name,
2,7,rectangle_java2.jpg,rectangle_java2.jpg,1320314550,64,740.7525,234.7125,715.5,222,90,21,Rectangle,9,class->name,
2,7,rectangle_java2.jpg,rectangle_java2.jpg,1320574497,92,630.5882608695653,214.7208695652174,589.5,222,63,21,public,6,class->specifier,
2,7,rectangle_java2.jpg,rectangle_java2.jpg,1321314449,64,776.748125,240.765,715.5,222,90,21,Rectangle,9,class->name,
2,7,rectangle_java2.jpg,rectangle_java2.jpg,1321398467,80,790.936,252.3465,785.5,259,23,21,x1,2,class->block->decl_stmt->decl->name,
2,7,rectangle_java2.jpg,rectangle_java2.jpg,1321510487,64,795.124375,232.94375,715.5,222,90,21,Rectangle,9,class->name,
2,7,rectangle_java2.jpg,rectangle_java2.jpg,1322162338,72,770.0422222222222,322.0827777777778,730.5,331,71,19,this.x1,7,class->block->constructor->block->block_content->expr_stmt->expr->name->name->operator->name,
2,7,rectangle_java2.jpg,rectangle_java2.jpg,1322802269,140,772.9365714285715,260.25314285714285,747.5,259,33,21,int,3,class->block->decl_stmt->decl->type->name,
2,7,rectangle_java2.jpg,rectangle_java2.jpg,1323022336,144,782.8836111111111,249.3416666666667,785.5,259,23,21,x1,2,class->block->decl_stmt->decl->name,
2,7,rectangle_java2.jpg,rectangle_java2.jpg,1323242384,76,755.79,310.21736842105264,737.5,295,91,21,Rectangle,9,class->block->constructor->name,
2,7,rectangle_java2.jpg,rectangle_java2.jpg,1323346350,100,764.6252,323.8592,730.5,331,71,19,this.x1,7,class->block->constructor->block->block_content->expr_stmt->expr->name->name->operator->name,
2,7,rectangle_java2.jpg,rectangle_java2.jpg,1323570328,84,775.822380952381,306.5785714285714,737.5,295,91,21,Rectangle,9,class->block->constructor->name,
2,7,rectangle_java2.jpg,rectangle_java2.jpg,1323630306,56,779.8892857142857,300.02,737.5,295,91,21,Rectangle,9,class->block->constructor->name,
2,7,rectangle_java2.jpg,rectangle_java2.jpg,1324022214,80,853.2860000000001,293.392,853.5,295,32,21,int,3,class->block->constructor->parameter_list->parameter->decl->type->name,
2,7,rectangle_java2.jpg,rectangle_java2.jpg,1324234174,104,868.6680769230769,283.6107692307692,853.5,295,32,21,int,3,class->block->constructor->parameter_list->parameter->decl->type->name,
2,7,rectangle_java2.jpg,rectangle_java2.jpg,1324438202,108,779.5411111111111,227.07407407407408,715.5,222,90,21,Rectangle,9,class->name,
2,7,rectangle_java2.jpg,rectangle_java2.jpg,1324586254,144,779.7316666666667,229.78277777777777,715.5,222,90,21,Rectangle,9,class->name,
2,7,rectangle_java2.jpg,rectangle_java2.jpg,1324706240,56,761.005,270.31,747.5,259,33,21,int,3,class->block->decl_stmt->decl->type->name,
2,7,rectangle_java2.jpg,rectangle_java2.jpg,1324826215,56,770.4007142857142,236.55285714285716,715.5,222,90,21,Rectangle,9,class->name,
2,7,rectangle_java2.jpg,rectangle_java2.jpg,1325122277,72,870.6205555555556,256.7255555555556,863.5,259,10,21,"""","""",1,class->block->decl_stmt
2,7,rectangle_java2.jpg,rectangle_java2.jpg,1325122277,72,870.6205555555556,256.7255555555556,881.5,259,23,21,x2,2,class->block->decl_stmt->decl->name,
2,7,rectangle_java2.jpg,rectangle_java2.jpg,1325250269,124,877.71,257.50193548387097,881.5,259,23,21,x2,2,class->block->decl_stmt->decl->name,
2,7,rectangle_java2.jpg,rectangle_java2.jpg,1325534130,76,748.8957894736842,291.6536842105263,737.5,295,91,21,Rectangle,9,class->block->constructor->name,
2,7,rectangle_java2.jpg,rectangle_java2.jpg,1325661963,124,761.8748387096774,298.6941935483871,737.5,295,91,21,Rectangle,9,class->block->constructor->name,
2,7,rectangle_java2.jpg,rectangle_java2.jpg,1325885995,80,838.6445,308.12,837.5,295,9,21,(,1,class->block->constructor->parameter_list,
2,7,rectangle_java2.jpg,rectangle_java2.jpg,1326066031,132,839.7378787878788,297.7275757575758,837.5,295,9,21,(,1,class->block->constructor->parameter_list,
2,7,rectangle_java2.jpg,rectangle_java2.jpg,1326174020,56,779.4057142857143,284.8507142857143,737.5,295,91,21,Rectangle,9,class->block->constructor->name,
2,7,rectangle_java2.jpg,rectangle_java2.jpg,1326278039,100,772.7072000000001,301.45120000000003,737.5,295,91,21,Rectangle,9,class->block->constructor->name,
2,7,rectangle_java2.jpg,rectangle_java2.jpg,1326398057,116,777.0586206896552,290.5010344827586,737.5,295,91,21,Rectangle,9,class->block->constructor->name,
2,7,rectangle_java2.jpg,rectangle_java2.jpg,1326694126,96,892.4641666666666,297.73833333333334,890.5,295,24,21,x1,2,class->block->constructor->parameter_list->parameter->decl->type->name,
2,7,rectangle_java2.jpg,rectangle_java2.jpg,1326806170,68,784.1211764705882,309.80823529411765,737.5,295,91,21,Rectangle,9,class->block->constructor->name,
2,7,rectangle_java2.jpg,rectangle_java2.jpg,1326946113,96,787.7804166666666,321.7366666666667,730.5,331,71,19,this.x1,7,class->block->constructor->block->block_content->expr_stmt->expr->name->name->operator->name,
2,7,rectangle_java2.jpg,rectangle_java2.jpg,1327425968,84,881.3852380952382,262.9657142857143,881.5,259,23,21,x2,2,class->block->decl_stmt->decl->name,
2,7,rectangle_java2.jpg,rectangle_java2.jpg,1327489866,60,882.392,278.67533333333336,881.5,259,23,21,x2,2,class->block->decl_stmt->decl->name,
2,7,rectangle_java2.jpg,rectangle_java2.jpg,1327653782,68,799.1094117647059,288.7770588235294,737.5,295,91,21,Rectangle,9,class->block->constructor->name,
2,7,rectangle_java2.jpg,rectangle_java2.jpg,1327777898,80,798.455,294.876,737.5,295,91,21,Rectangle,9,class->block->constructor->name,
2,7,rectangle_java2.jpg,rectangle_java2.jpg,1327881943,100,788.8084,279.658,785.5,259,23,21,x1,2,class->block->decl_stmt->decl->name,
2,7,rectangle_java2.jpg,rectangle_java2.jpg,1328029958,68,738.3729411764706,268.66058823529414,669.5,259,72,21,private,7,class->block->decl_stmt->decl->type->specifier,
2,7,rectangle_java2.jpg,rectangle_java2.jpg,1328029958,68,738.3729411764706,268.66058823529414,747.5,259,33,21,int,3,class->block->decl_stmt->decl->type->name,
2,7,rectangle_java2.jpg,rectangle_java2.jpg,1328113944,80,729.1775,277.98,669.5,259,72,21,private,7,class->block->decl_stmt->decl->type->specifier,
2,7,rectangle_java2.jpg,rectangle_java2.jpg,1328261997,64,768.791875,307.71,737.5,295,91,21,Rectangle,9,class->block->constructor->name,
2,7,rectangle_java2.jpg,rectangle_java2.jpg,1328394108,88,772.9513636363637,291.3172727272727,737.5,295,91,21,Rectangle,9,class->block->constructor->name,
2,7,rectangle_java2.jpg,rectangle_java2.jpg,1328482067,84,767.8661904761905,278.63095238095235,747.5,259,33,21,int,3,class->block->decl_stmt->decl->type->name,
2,7,rectangle_java2.jpg,rectangle_java2.jpg,1328570021,84,742.4428571428572,277.2652380952381,747.5,259,33,21,int,3,class->block->decl_stmt->decl->type->name,
2,7,rectangle_java2.jpg,rectangle_java2.jpg,1328694049,120,736.5566666666666,278.445,669.5,259,72,21,private,7,class->block->decl_stmt->decl->type->specifier,
2,7,rectangle_java2.jpg,rectangle_java2.jpg,1328694049,120,736.5566666666666,278.445,747.5,259,33,21,int,3,class->block->decl_stmt->decl->type->name,
2,7,rectangle_java2.jpg,rectangle_java2.jpg,1328814074,92,787.6317391304348,285.1795652173913,737.5,295,91,21,Rectangle,9,class->block->constructor->name,
2,7,rectangle_java2.jpg,rectangle_java2.jpg,1328985976,56,857.145,289.92071428571427,853.5,295,32,21,int,3,class->block->constructor->parameter_list->parameter->decl->type->name,
2,7,rectangle_java2.jpg,rectangle_java2.jpg,1329045957,56,840.9507142857143,292.6542857142857,837.5,295,9,21,(,1,class->block->constructor->parameter_list,
2,7,rectangle_java2.jpg,rectangle_java2.jpg,1329265814,72,857.4933333333333,273.7816666666667,863.5,259,10,21,"""","""",1,class->block->decl_stmt
2,7,rectangle_java2.jpg,rectangle_java2.jpg,1329449683,120,832.0813333333333,292.74833333333333,837.5,295,9,21,(,1,class->block->constructor->parameter_list,
2,7,rectangle_java2.jpg,rectangle_java2.jpg,1329649898,80,776.414,296.6775,737.5,295,91,21,Rectangle,9,class->block->constructor->name,
2,7,rectangle_java2.jpg,rectangle_java2.jpg,1329805984,100,773.7928,271.2148,747.5,259,33,21,int,3,class->block->decl_stmt->decl->type->name,
2,7,rectangle_java2.jpg,rectangle_java2.jpg,1329805984,100,773.7928,271.2148,785.5,259,23,21,x1,2,class->block->decl_stmt->decl->name,
2,7,rectangle_java2.jpg,rectangle_java2.jpg,1329945880,76,810.9157894736842,291.34315789473686,737.5,295,91,21,Rectangle,9,class->block->constructor->name,
2,7,rectangle_java2.jpg,rectangle_java2.jpg,1330037837,88,807.9831818181818,304.4459090909091,737.5,295,91,21,Rectangle,9,class->block->constructor->name,
2,7,rectangle_java2.jpg,rectangle_java2.jpg,1330173827,120,726.4033333333333,291.68,669.5,295,63,21,public,6,class->block->constructor->specifier,
2,7,rectangle_java2.jpg,rectangle_java2.jpg,1330173827,120,726.4033333333333,291.68,737.5,295,91,21,Rectangle,9,class->block->constructor->name,
2,7,rectangle_java2.jpg,rectangle_java2.jpg,1330313844,84,720.5833333333334,311.9838095238095,669.5,295,63,21,public,6,class->block->constructor->specifier,
2,7,rectangle_java2.jpg,rectangle_java2.jpg,1330469854,72,721.2955555555556,283.3355555555556,669.5,295,63,21,public,6,class->block->constructor->specifier,
2,7,rectangle_java2.jpg,rectangle_java2.jpg,1330605840,116,720.7955172413793,218.23655172413797,715.5,222,90,21,Rectangle,9,class->name,
2,7,rectangle_java2.jpg,rectangle_java2.jpg,1330725814,60,718.4126666666666,215.45333333333335,715.5,222,90,21,Rectangle,9,class->name,
2,7,rectangle_java2.jpg,rectangle_java2.jpg,1330901768,84,725.1552380952381,226.93285714285716,715.5,222,90,21,Rectangle,9,class->name,
2,7,rectangle_java2.jpg,rectangle_java2.jpg,1331021728,116,720.7841379310345,217.75448275862072,715.5,222,90,21,Rectangle,9,class->name,
2,7,rectangle_java2.jpg,rectangle_java2.jpg,1331161673,72,778.6761111111111,221.355,715.5,222,90,21,Rectangle,9,class->name,
2,7,rectangle_java2.jpg,rectangle_java2.jpg,1331237635,72,775.9244444444445,224.31388888888887,715.5,222,90,21,Rectangle,9,class->name,
2,7,rectangle_java2.jpg,rectangle_java2.jpg,1331337638,96,774.4825,220.03041666666667,715.5,222,90,21,Rectangle,9,class->name,
2,7,rectangle_java2.jpg,rectangle_java2.jpg,1331565685,72,776.8888888888889,218.3177777777778,715.5,222,90,21,Rectangle,9,class->name,
2,7,rectangle_java2.jpg,rectangle_java2.jpg,1331629700,60,772.8100000000001,213.4173333333333,715.5,222,90,21,Rectangle,9,class->name,
2,7,rectangle_java2.jpg,rectangle_java2.jpg,1331861722,72,842.685,288.8438888888889,837.5,295,9,21,(,1,class->block->constructor->parameter_list,
2,7,rectangle_java2.jpg,rectangle_java2.jpg,1331861722,72,842.685,288.8438888888889,853.5,295,32,21,int,3,class->block->constructor->parameter_list->parameter->decl->type->name,
2,7,rectangle_java2.jpg,rectangle_java2.jpg,1332013710,76,776.8773684210527,347.6478947368421,730.5,331,71,19,this.x1,7,class->block->constructor->block->block_content->expr_stmt->expr->name->name->operator->name,
2,7,rectangle_java2.jpg,rectangle_java2.jpg,1332081705,64,775.16375,366.035625,730.5,367,71,21,this.y1,7,class->block->constructor->block->block_content->expr_stmt->expr->name->name->operator->name,
2,7,rectangle_java2.jpg,rectangle_java2.jpg,1332193685,108,782.5433333333333,361.31296296296296,730.5,367,71,21,this.y1,7,class->block->constructor->block->block_content->expr_stmt->expr->name->name->operator->name,
2,7,rectangle_java2.jpg,rectangle_java2.jpg,1332505693,92,721.3469565217391,345.7365217391304,730.5,331,71,19,this.x1,7,class->block->constructor->block->block_content->expr_stmt->expr->name->name->operator->name,
2,7,rectangle_java2.jpg,rectangle_java2.jpg,1333017616,64,788.50875,337.435625,730.5,331,71,19,this.x1,7,class->block->constructor->block->block_content->expr_stmt->expr->name->name->operator->name,
2,7,rectangle_java2.jpg,rectangle_java2.jpg,1333121586,80,720.3685,345.9755,730.5,331,71,19,this.x1,7,class->block->constructor->block->block_content->expr_stmt->expr->name->name->operator->name,
2,7,rectangle_java2.jpg,rectangle_java2.jpg,1333793546,156,779.3546153846154,336.125641025641,730.5,331,71,19,this.x1,7,class->block->constructor->block->block_content->expr_stmt->expr->name->name->operator->name,
2,7,rectangle_java2.jpg,rectangle_java2.jpg,1334185524,136,780.1517647058823,242.37264705882356,715.5,222,90,21,Rectangle,9,class->name,
2,7,rectangle_java2.jpg,rectangle_java2.jpg,1334357514,104,761.478076923077,391.74,730.5,404,71,19,this.x2,7,class->block->constructor->block->block_content->expr_stmt->expr->name->name->operator->name,
2,7,rectangle_java2.jpg,rectangle_java2.jpg,1334417508,56,754.8914285714286,391.7271428571429,730.5,404,71,19,this.x2,7,class->block->constructor->block->block_content->expr_stmt->expr->name->name->operator->name,
2,7,rectangle_java2.jpg,rectangle_java2.jpg,1334709558,64,771.67,382.930625,730.5,367,71,21,this.y1,7,class->block->constructor->block->block_content->expr_stmt->expr->name->name->operator->name,
2,7,rectangle_java2.jpg,rectangle_java2.jpg,1334861553,68,812.8688235294118,357.89882352941174,806.5,367,15,21,=,1,class->block->constructor->block->block_content->expr_stmt->expr->operator,
2,7,rectangle_java2.jpg,rectangle_java2.jpg,1335049415,100,823.7508,355.6028,826.5,367,23,21,y1,2,class->block->constructor->block->block_content->expr_stmt->expr->name->name,
2,7,rectangle_java2.jpg,rectangle_java2.jpg,1335165481,60,829.976,356.93266666666665,826.5,367,23,21,y1,2,class->block->constructor->block->block_content->expr_stmt->expr->name->name,
2,7,rectangle_java2.jpg,rectangle_java2.jpg,1336273429,64,748.7681249999999,334.000625,730.5,331,71,19,this.x1,7,class->block->constructor->block->block_content->expr_stmt->expr->name->name->operator->name,
2,7,rectangle_java2.jpg,rectangle_java2.jpg,1336409393,60,755.264,340.424,730.5,331,71,19,this.x1,7,class->block->constructor->block->block_content->expr_stmt->expr->name->name->operator->name,
2,7,rectangle_java2.jpg,rectangle_java2.jpg,1336529433,76,719.0194736842105,347.19894736842105,730.5,331,71,19,this.x1,7,class->block->constructor->block->block_content->expr_stmt->expr->name->name->operator->name,
2,7,rectangle_java2.jpg,rectangle_java2.jpg,1336721434,72,793.0394444444445,349.5072222222222,730.5,331,71,19,this.x1,7,class->block->constructor->block->block_content->expr_stmt->expr->name->name->operator->name,
2,7,rectangle_java2.jpg,rectangle_java2.jpg,1336813434,88,803.1472727272727,355.855,806.5,367,15,21,=,1,class->block->constructor->block->block_content->expr_stmt->expr->operator,
2,7,rectangle_java2.jpg,rectangle_java2.jpg,1336961356,144,795.9919444444445,361.0494444444444,730.5,367,71,21,this.y1,7,class->block->constructor->block->block_content->expr_stmt->expr->name->name->operator->name,
2,7,rectangle_java2.jpg,rectangle_java2.jpg,1336961356,144,795.9919444444445,361.0494444444444,806.5,367,15,21,=,1,class->block->constructor->block->block_content->expr_stmt->expr->operator,
2,7,rectangle_java2.jpg,rectangle_java2.jpg,1337209240,56,848.5571428571429,357.65857142857146,826.5,367,23,21,y1,2,class->block->constructor->block->block_content->expr_stmt->expr->name->name,
2,7,rectangle_java2.jpg,rectangle_java2.jpg,1337209240,56,848.5571428571429,357.65857142857146,856.5,367,10,21,;,1,class->block->constructor->block->block_content->expr_stmt,
2,7,rectangle_java2.jpg,rectangle_java2.jpg,1339193133,76,794.0394736842105,377.40263157894736,730.5,367,71,21,this.y1,7,class->block->constructor->block->block_content->expr_stmt->expr->name->name->operator->name,
2,7,rectangle_java2.jpg,rectangle_java2.jpg,1339193133,76,794.0394736842105,377.40263157894736,806.5,367,15,21,=,1,class->block->constructor->block->block_content->expr_stmt->expr->operator,
2,7,rectangle_java2.jpg,rectangle_java2.jpg,1339429185,184,777.2115217391305,402.0310869565217,730.5,404,71,19,this.x2,7,class->block->constructor->block->block_content->expr_stmt->expr->name->name->operator->name,
2,7,rectangle_java2.jpg,rectangle_java2.jpg,1339561140,100,859.154,382.88,856.5,367,10,21,;,1,class->block->constructor->block->block_content->expr_stmt,
2,7,rectangle_java2.jpg,rectangle_java2.jpg,1339757152,72,841.2411111111111,382.1772222222222,826.5,367,23,21,y1,2,class->block->constructor->block->block_content->expr_stmt->expr->name->name,
2,7,rectangle_java2.jpg,rectangle_java2.jpg,1339865174,64,835.3881250000001,392.843125,826.5,404,23,19,x2,2,class->block->constructor->block->block_content->expr_stmt->expr->name->name,
2,7,rectangle_java2.jpg,rectangle_java2.jpg,1340085202,88,828.7281818181818,391.5459090909091,826.5,404,23,19,x2,2,class->block->constructor->block->block_content->expr_stmt->expr->name->name,
2,7,rectangle_java2.jpg,rectangle_java2.jpg,1340157198,68,838.3652941176471,377.7105882352941,826.5,367,23,21,y1,2,class->block->constructor->block->block_content->expr_stmt->expr->name->name,
2,7,rectangle_java2.jpg,rectangle_java2.jpg,1342285047,56,830.2442857142858,374.3228571428571,826.5,367,23,21,y1,2,class->block->constructor->block->block_content->expr_stmt->expr->name->name,
2,7,rectangle_java2.jpg,rectangle_java2.jpg,1342408868,120,832.749,361.73966666666666,826.5,367,23,21,y1,2,class->block->constructor->block->block_content->expr_stmt->expr->name->name,
2,7,rectangle_java2.jpg,rectangle_java2.jpg,1344696789,60,838.894,327.36266666666666,826.5,331,23,19,x1,2,class->block->constructor->block->block_content->expr_stmt->expr->name->name,
2,7,rectangle_java2.jpg,rectangle_java2.jpg,1344768775,68,846.0735294117648,332.78000000000003,826.5,331,23,19,x1,2,class->block->constructor->block->block_content->expr_stmt->expr->name->name,
2,7,rectangle_java2.jpg,rectangle_java2.jpg,1344768775,68,846.0735294117648,332.78000000000003,856.5,331,10,19,;,1,class->block->constructor->block->block_content->expr_stmt,
2,7,rectangle_java2.jpg,rectangle_java2.jpg,1345432763,80,753.684,336.1535,730.5,331,71,19,this.x1,7,class->block->constructor->block->block_content->expr_stmt->expr->name->name->operator->name,
2,7,rectangle_java2.jpg,rectangle_java2.jpg,1345512736,76,758.2863157894736,343.9942105263158,730.5,331,71,19,this.x1,7,class->block->constructor->block->block_content->expr_stmt->expr->name->name->operator->name,
2,7,rectangle_java2.jpg,rectangle_java2.jpg,1345628750,68,817.3682352941177,344.7970588235294,806.5,331,15,19,=,1,class->block->constructor->block->block_content->expr_stmt->expr->operator,
2,7,rectangle_java2.jpg,rectangle_java2.jpg,1345628750,68,817.3682352941177,344.7970588235294,826.5,331,23,19,x1,2,class->block->constructor->block->block_content->expr_stmt->expr->name->name,
2,7,rectangle_java2.jpg,rectangle_java2.jpg,1345688766,56,809.0914285714285,346.225,806.5,331,15,19,=,1,class->block->constructor->block->block_content->expr_stmt->expr->operator,
2,7,rectangle_java2.jpg,rectangle_java2.jpg,1345792789,100,814.9448,330.3596,806.5,331,15,19,=,1,class->block->constructor->block->block_content->expr_stmt->expr->operator,
2,7,rectangle_java2.jpg,rectangle_java2.jpg,1345792789,100,814.9448,330.3596,826.5,331,23,19,x1,2,class->block->constructor->block->block_content->expr_stmt->expr->name->name,
2,7,rectangle_java2.jpg,rectangle_java2.jpg,1351232333,68,861.7164705882353,412.7317647058824,856.5,404,10,19,;,1,class->block->constructor->block->block_content->expr_stmt,
2,7,rectangle_java2.jpg,rectangle_java2.jpg,1351328339,60,859.412,429.608,856.5,440,10,21,;,1,class->block->constructor->block->block_content->expr_stmt,
2,7,rectangle_java2.jpg,rectangle_java2.jpg,1351396343,64,860.03,406.625,856.5,404,10,19,;,1,class->block->constructor->block->block_content->expr_stmt,
2,7,rectangle_java2.jpg,rectangle_java2.jpg,1351484351,84,864.0619047619048,431.6947619047619,856.5,440,10,21,;,1,class->block->constructor->block->block_content->expr_stmt,
2,7,rectangle_java2.jpg,rectangle_java2.jpg,1362871560,64,834.144375,431.519375,826.5,440,23,21,y2,2,class->block->constructor->block->block_content->expr_stmt->expr->name->name,
2,7,rectangle_java2.jpg,rectangle_java2.jpg,1362983365,108,831.6766666666667,437.8977777777777,826.5,440,23,21,y2,2,class->block->constructor->block->block_content->expr_stmt->expr->name->name,
2,7,rectangle_java2.jpg,rectangle_java2.jpg,1363079331,92,852.0282608695652,453.1469565217392,856.5,440,10,21,;,1,class->block->constructor->block->block_content->expr_stmt,
2,7,rectangle_java2.jpg,rectangle_java2.jpg,1363399474,252,841.1315873015873,369.5906349206349,826.5,367,23,21,y1,2,class->block->constructor->block->block_content->expr_stmt->expr->name->name,
2,7,rectangle_java2.jpg,rectangle_java2.jpg,1363491466,88,833.8918181818182,376.4290909090909,826.5,367,23,21,y1,2,class->block->constructor->block->block_content->expr_stmt->expr->name->name,
2,7,rectangle_java2.jpg,rectangle_java2.jpg,1363603426,60,828.776,402.73066666666665,826.5,404,23,19,x2,2,class->block->constructor->block->block_content->expr_stmt->expr->name->name,
2,7,rectangle_java2.jpg,rectangle_java2.jpg,1369139107,60,861.578,408.9846666666666,856.5,404,10,19,;,1,class->block->constructor->block->block_content->expr_stmt,
2,7,rectangle_java2.jpg,rectangle_java2.jpg,1369311112,112,850.3310714285715,458.17535714285714,856.5,440,10,21,;,1,class->block->constructor->block->block_content->expr_stmt,
2,7,rectangle_java2.jpg,rectangle_java2.jpg,1371078989,80,772.969,289.1825,737.5,295,91,21,Rectangle,9,class->block->constructor->name,
2,7,rectangle_java2.jpg,rectangle_java2.jpg,1371222934,80,776.88,296.637,737.5,295,91,21,Rectangle,9,class->block->constructor->name,
2,7,rectangle_java2.jpg,rectangle_java2.jpg,1371298920,72,779.5327777777778,288.89,737.5,295,91,21,Rectangle,9,class->block->constructor->name,
2,7,rectangle_java2.jpg,rectangle_java2.jpg,1371386905,84,781.6547619047619,304.4790476190476,737.5,295,91,21,Rectangle,9,class->block->constructor->name,
2,7,rectangle_java2.jpg,rectangle_java2.jpg,1371478894,88,794.8004545454545,306.70954545454543,737.5,295,91,21,Rectangle,9,class->block->constructor->name,
2,7,rectangle_java2.jpg,rectangle_java2.jpg,1371546886,64,786.7825,323.8,730.5,331,71,19,this.x1,7,class->block->constructor->block->block_content->expr_stmt->expr->name->name->operator->name,
2,7,rectangle_java2.jpg,rectangle_java2.jpg,1371662887,64,859.15,303.3,853.5,295,32,21,int,3,class->block->constructor->parameter_list->parameter->decl->type->name,
2,7,rectangle_java2.jpg,rectangle_java2.jpg,1371730894,64,849.360625,306.34875,853.5,295,32,21,int,3,class->block->constructor->parameter_list->parameter->decl->type->name,
2,7,rectangle_java2.jpg,rectangle_java2.jpg,1371938916,72,1127.56,514.8305555555555,1132.5,512,10,21,;,1,class->block->function->block,
2,7,rectangle_java2.jpg,rectangle_java2.jpg,1374746671,68,787.9482352941177,502.9864705882353,775.5,512,53,21,width,5,class->block->function->name,
2,7,rectangle_java2.jpg,rectangle_java2.jpg,1374854664,56,786.1721428571428,508.6121428571429,775.5,512,53,21,width,5,class->block->function->name,
2,7,rectangle_java2.jpg,rectangle_java2.jpg,1375114622,76,865.1268421052631,536.5105263157894,863.5,549,9,21,),1,class->block->function->parameter_list,
2,7,rectangle_java2.jpg,rectangle_java2.jpg,1375482619,76,925.2205263157896,520.1994736842105,891.5,512,62,21,return,6,class->block->function->block->block_content->return->expr->name->name,
2,7,rectangle_java2.jpg,rectangle_java2.jpg,1375702672,88,1005.2272727272727,522.1568181818182,958.5,512,71,21,this.x2,7,class->block->function->block->block_content->return->expr->name->name->operator->name->operator,
2,7,rectangle_java2.jpg,rectangle_java2.jpg,1376166551,172,1087.3693023255814,532.2811627906976,1054.5,512,71,21,this.x1,7,class->block->function->block->block_content->return->expr->name->name->operator->name,
2,7,rectangle_java2.jpg,rectangle_java2.jpg,1376282521,64,1057.343125,524.67375,1054.5,512,71,21,this.x1,7,class->block->function->block->block_content->return->expr->name->name->operator->name,
2,7,rectangle_java2.jpg,rectangle_java2.jpg,1376358517,72,1048.5955555555556,532.125,1054.5,512,71,21,this.x1,7,class->block->function->block->block_content->return->expr->name->name->operator->name,
2,7,rectangle_java2.jpg,rectangle_java2.jpg,1376594515,68,1167.085882352941,540.8670588235294,1161.5,549,10,21,},1,class->block->function->block,
2,7,rectangle_java2.jpg,rectangle_java2.jpg,1377546514,88,1079.8968181818182,511.3045454545454,1054.5,512,71,21,this.x1,7,class->block->function->block->block_content->return->expr->name->name->operator->name,
2,7,rectangle_java2.jpg,rectangle_java2.jpg,1377686514,72,1156.4033333333334,555.4361111111111,1161.5,549,10,21,},1,class->block->function->block,
2,7,rectangle_java2.jpg,rectangle_java2.jpg,1378486366,104,962.6284615384616,506.4326923076924,958.5,512,71,21,this.x2,7,class->block->function->block->block_content->return->expr->name->name->operator->name->operator,
2,7,rectangle_java2.jpg,rectangle_java2.jpg,1378594330,60,798.3813333333334,619.2586666666666,738.5,621,61,21,static,6,class->block->function->type->specifier,
2,7,rectangle_java2.jpg,rectangle_java2.jpg,1378594330,60,798.3813333333334,619.2586666666666,804.5,621,44,21,void,4,class->block->function->type->name,
2,7,rectangle_java2.jpg,rectangle_java2.jpg,1378714345,60,789.3733333333333,640.5913333333333,738.5,621,61,21,static,6,class->block->function->type->specifier,
2,7,rectangle_java2.jpg,rectangle_java2.jpg,1379166367,68,857.8205882352942,597.7229411764706,856.5,585,9,21,(,1,class->block->function->parameter_list,
2,7,rectangle_java2.jpg,rectangle_java2.jpg,1379322337,56,870.425,600.3514285714285,873.5,585,9,21,),1,class->block->function->parameter_list,
2,7,rectangle_java2.jpg,rectangle_java2.jpg,1379450341,68,765.9282352941176,603.2170588235294,737.5,585,62,21,double,6,class->block->function->type->name,
2,7,rectangle_java2.jpg,rectangle_java2.jpg,1379682398,100,775.692,624.1364,738.5,621,61,21,static,6,class->block->function->type->specifier,
2,7,rectangle_java2.jpg,rectangle_java2.jpg,1379834407,92,866.9582608695653,588.9108695652174,873.5,585,9,21,),1,class->block->function->parameter_list,
2,7,rectangle_java2.jpg,rectangle_java2.jpg,1380034294,64,831.905625,640.874375,804.5,621,44,21,void,4,class->block->function->type->name,
2,7,rectangle_java2.jpg,rectangle_java2.jpg,1380134257,96,834.3729166666667,636.0891666666666,804.5,621,44,21,void,4,class->block->function->type->name,
2,7,rectangle_java2.jpg,rectangle_java2.jpg,1381278247,88,765.9186363636363,770.4054545454545,730.5,766,177,21,System.out.println,18,class->block->function->block->block_content->expr_stmt->expr->call->name->name->operator->name->operator->name,
2,7,rectangle_java2.jpg,rectangle_java2.jpg,1381690145,60,894.0553333333334,777.9966666666667,730.5,766,177,21,System.out.println,18,class->block->function->block->block_content->expr_stmt->expr->call->name->name->operator->name->operator->name,
2,7,rectangle_java2.jpg,rectangle_java2.jpg,1381801941,60,894.338,779.668,730.5,766,177,21,System.out.println,18,class->block->function->block->block_content->expr_stmt->expr->call->name->name->operator->name->operator->name,
2,7,rectangle_java2.jpg,rectangle_java2.jpg,1381918006,112,869.2375,775.0628571428572,730.5,766,177,21,System.out.println,18,class->block->function->block->block_content->expr_stmt->expr->call->name->name->operator->name->operator->name,
2,7,rectangle_java2.jpg,rectangle_java2.jpg,1382110059,68,873.3841176470588,785.3994117647059,730.5,766,177,21,System.out.println,18,class->block->function->block->block_content->expr_stmt->expr->call->name->name->operator->name->operator->name,
2,7,rectangle_java2.jpg,rectangle_java2.jpg,1382214051,100,880.2068,786.2292,730.5,766,177,21,System.out.println,18,class->block->function->block->block_content->expr_stmt->expr->call->name->name->operator->name->operator->name,
2,7,rectangle_java2.jpg,rectangle_java2.jpg,1384493988,56,869.5085714285714,758.4742857142858,730.5,766,177,21,System.out.println,18,class->block->function->block->block_content->expr_stmt->expr->call->name->name->operator->name->operator->name,
2,7,rectangle_java2.jpg,rectangle_java2.jpg,1385106001,64,676.18375,817.673125,672.5,804,10,18,},1,class->block->function->block,
2,7,rectangle_java2.jpg,rectangle_java2.jpg,1390261538,56,784.4042857142857,219.4471428571429,715.5,222,90,21,Rectangle,9,class->name,
2,7,rectangle_java2.jpg,rectangle_java2.jpg,1390333503,68,775.4288235294118,214.4688235294118,715.5,222,90,21,Rectangle,9,class->name,
2,7,rectangle_java2.jpg,rectangle_java2.jpg,1390517505,60,768.0953333333333,230.336,715.5,222,90,21,Rectangle,9,class->name,
2,7,rectangle_java2.jpg,rectangle_java2.jpg,1390597525,76,775.6315789473684,220.77421052631576,715.5,222,90,21,Rectangle,9,class->name,
2,7,rectangle_java2.jpg,rectangle_java2.jpg,1390749592,64,798.02875,219.84625,715.5,222,90,21,Rectangle,9,class->name,
2,7,rectangle_java2.jpg,rectangle_java2.jpg,1390857608,104,792.8823076923077,230.99961538461537,715.5,222,90,21,Rectangle,9,class->name,
2,7,rectangle_java2.jpg,rectangle_java2.jpg,1390993602,60,778.194,223.07466666666664,715.5,222,90,21,Rectangle,9,class->name,
2,7,rectangle_java2.jpg,rectangle_java2.jpg,1391177502,64,771.843125,221.46875,715.5,222,90,21,Rectangle,9,class->name,
2,7,rectangle_java2.jpg,rectangle_java2.jpg,1391661527,108,778.0518518518519,220.9251851851852,715.5,222,90,21,Rectangle,9,class->name,
2,7,rectangle_java2.jpg,rectangle_java2.jpg,1391721513,56,780.5621428571428,214.5642857142857,715.5,222,90,21,Rectangle,9,class->name,
2,7,rectangle_java2.jpg,rectangle_java2.jpg,1391945480,80,780.7795,220.1995,715.5,222,90,21,Rectangle,9,class->name,
2,7,rectangle_java2.jpg,rectangle_java2.jpg,1392029475,80,765.7435,235.5235,715.5,222,90,21,Rectangle,9,class->name,
2,7,rectangle_java2.jpg,rectangle_java2.jpg,1394653279,56,780.7457142857143,270.5342857142857,785.5,259,23,21,x1,2,class->block->decl_stmt->decl->name,
2,7,rectangle_java2.jpg,rectangle_java2.jpg,1394741234,84,793.8933333333333,295.1719047619048,737.5,295,91,21,Rectangle,9,class->block->constructor->name,
2,7,rectangle_java2.jpg,rectangle_java2.jpg,1394829171,84,793.7166666666667,297.6038095238095,737.5,295,91,21,Rectangle,9,class->block->constructor->name,
2,7,rectangle_java2.jpg,rectangle_java2.jpg,1394981145,60,782.2133333333334,325.86066666666665,730.5,331,71,19,this.x1,7,class->block->constructor->block->block_content->expr_stmt->expr->name->name->operator->name,
2,7,rectangle_java2.jpg,rectangle_java2.jpg,1395157267,80,791.8065,288.6815,737.5,295,91,21,Rectangle,9,class->block->constructor->name,
2,7,rectangle_java2.jpg,rectangle_java2.jpg,1395237326,76,792.5873684210526,275.78526315789475,785.5,259,23,21,x1,2,class->block->decl_stmt->decl->name,
2,7,rectangle_java2.jpg,rectangle_java2.jpg,1396784967,72,792.1444444444444,297.8861111111111,737.5,295,91,21,Rectangle,9,class->block->constructor->name,
2,7,rectangle_java2.jpg,rectangle_java2.jpg,1398984981,64,843.43375,777.571875,730.5,766,177,21,System.out.println,18,class->block->function->block->block_content->expr_stmt->expr->call->name->name->operator->name->operator->name,
2,7,rectangle_java2.jpg,rectangle_java2.jpg,1401188770,56,789.4521428571428,786.8485714285714,730.5,766,177,21,System.out.println,18,class->block->function->block->block_content->expr_stmt->expr->call->name->name->operator->name->operator->name,
2,7,rectangle_java2.jpg,rectangle_java2.jpg,1401548789,64,670.973125,796.503125,672.5,804,10,18,},1,class->block->function->block,
2,7,rectangle_java2.jpg,rectangle_java2.jpg,1401940790,60,843.9033333333333,779.4526666666667,730.5,766,177,21,System.out.println,18,class->block->function->block->block_content->expr_stmt->expr->call->name->name->operator->name->operator->name,
2,7,rectangle_java2.jpg,rectangle_java2.jpg,1402224731,88,879.2990909090909,773.2540909090909,730.5,766,177,21,System.out.println,18,class->block->function->block->block_content->expr_stmt->expr->call->name->name->operator->name->operator->name,
2,7,rectangle_java2.jpg,rectangle_java2.jpg,1402752710,88,916.6318181818182,770.7686363636363,916.5,766,9,21,(,1,class->block->function->block->block_content->expr_stmt->expr->call->argument_list,
2,7,rectangle_java2.jpg,rectangle_java2.jpg,1402840705,84,909.2133333333334,762.1228571428571,916.5,766,9,21,(,1,class->block->function->block->block_content->expr_stmt->expr->call->argument_list,
2,7,rectangle_java2.jpg,rectangle_java2.jpg,1402992689,92,873.1508695652174,779.8408695652174,730.5,766,177,21,System.out.println,18,class->block->function->block->block_content->expr_stmt->expr->call->name->name->operator->name->operator->name,
2,7,rectangle_java2.jpg,rectangle_java2.jpg,1403068690,72,882.4288888888889,771.9766666666667,730.5,766,177,21,System.out.println,18,class->block->function->block->block_content->expr_stmt->expr->call->name->name->operator->name->operator->name,
2,7,rectangle_java2.jpg,rectangle_java2.jpg,1403596743,140,775.7648571428572,775.676,730.5,766,177,21,System.out.println,18,class->block->function->block->block_content->expr_stmt->expr->call->name->name->operator->name->operator->name,
2,7,rectangle_java2.jpg,rectangle_java2.jpg,1405464580,76,663.6210526315789,802.0626315789474,672.5,804,10,18,},1,class->block->function->block,
2,7,rectangle_java2.jpg,rectangle_java2.jpg,1407152432,60,675.4473333333333,820.8373333333333,672.5,804,10,18,},1,class->block->function->block,
2,7,rectangle_java2.jpg,rectangle_java2.jpg,1407296447,60,674.0353333333334,813.312,672.5,804,10,18,},1,class->block->function->block,
2,7,rectangle_java2.jpg,rectangle_java2.jpg,1412300044,88,814.0063636363636,506.9877272727273,775.5,512,53,21,width,5,class->block->function->name,
2,7,rectangle_java2.jpg,rectangle_java2.jpg,1412580030,84,756.5319047619048,329.0642857142857,730.5,331,71,19,this.x1,7,class->block->constructor->block->block_content->expr_stmt->expr->name->name->operator->name,
2,7,rectangle_java2.jpg,rectangle_java2.jpg,1412640030,56,746.1342857142857,340.11571428571426,730.5,331,71,19,this.x1,7,class->block->constructor->block->block_content->expr_stmt->expr->name->name->operator->name,
2,7,rectangle_java2.jpg,rectangle_java2.jpg,1412860039,96,777.435,328.2945833333333,730.5,331,71,19,this.x1,7,class->block->constructor->block->block_content->expr_stmt->expr->name->name->operator->name,
2,7,rectangle_java2.jpg,rectangle_java2.jpg,1412980033,72,856.5394444444445,314.445,853.5,295,32,21,int,3,class->block->constructor->parameter_list->parameter->decl->type->name,
2,7,rectangle_java2.jpg,rectangle_java2.jpg,1413659828,96,733.6604166666666,765.9870833333333,730.5,766,177,21,System.out.println,18,class->block->function->block->block_content->expr_stmt->expr->call->name->name->operator->name->operator->name,
