trial,participant,code_file,code_language,timestamp,duration,x_cord,y_cord,aoi_x,aoi_y,aoi_width,aoi_height,token,length,srcML,
2,119,rectangle_java2.jpg,rectangle_java2.jpg,22557598299,88,679.4081818181818,238.68318181818185,657.5,222,52,21,class,5,class,
2,119,rectangle_java2.jpg,rectangle_java2.jpg,22557690123,88,670.4786363636364,231.985,657.5,222,52,21,class,5,class,
2,119,rectangle_java2.jpg,rectangle_java2.jpg,22557762055,68,672.9158823529411,240.6964705882353,657.5,222,52,21,class,5,class,
2,119,rectangle_java2.jpg,rectangle_java2.jpg,22557962003,64,658.614375,239.49625000000003,657.5,222,52,21,class,5,class,
2,119,rectangle_java2.jpg,rectangle_java2.jpg,22558037997,72,662.6777777777778,222.89111111111112,657.5,222,52,21,class,5,class,
2,119,rectangle_java2.jpg,rectangle_java2.jpg,22558466017,56,874.8864285714286,254.0678571428572,881.5,259,23,21,x2,2,class->block->decl_stmt->decl->name,
2,119,rectangle_java2.jpg,rectangle_java2.jpg,22558526037,56,872.6942857142857,247.2864285714286,863.5,259,10,21,"""","""",1,class->block->decl_stmt
2,119,rectangle_java2.jpg,rectangle_java2.jpg,22558526037,56,872.6942857142857,247.2864285714286,881.5,259,23,21,x2,2,class->block->decl_stmt->decl->name,
2,119,rectangle_java2.jpg,rectangle_java2.jpg,22560549681,56,797.3985714285714,452.8299999999999,730.5,440,71,21,this.y2,7,class->block->constructor->block->block_content->expr_stmt->expr->name->name->operator->name,
2,119,rectangle_java2.jpg,rectangle_java2.jpg,22560549681,56,797.3985714285714,452.8299999999999,806.5,440,15,21,=,1,class->block->constructor->block->block_content->expr_stmt->expr->operator,
2,119,rectangle_java2.jpg,rectangle_java2.jpg,22561529872,56,686.0457142857143,503.3128571428572,669.5,512,63,21,public,6,class->block->function->type->specifier,
2,119,rectangle_java2.jpg,rectangle_java2.jpg,22569341211,80,663.917,222.33500000000004,657.5,222,52,21,class,5,class,
2,119,rectangle_java2.jpg,rectangle_java2.jpg,22569529151,72,670.5722222222222,251.36555555555557,669.5,259,72,21,private,7,class->block->decl_stmt->decl->type->specifier,
2,119,rectangle_java2.jpg,rectangle_java2.jpg,22569605127,72,673.6961111111111,269.00055555555554,669.5,259,72,21,private,7,class->block->decl_stmt->decl->type->specifier,
2,119,rectangle_java2.jpg,rectangle_java2.jpg,22569769072,88,695.1681818181818,308.63272727272727,669.5,295,63,21,public,6,class->block->constructor->specifier,
2,119,rectangle_java2.jpg,rectangle_java2.jpg,22570128930,60,659.85,266.30333333333334,669.5,259,72,21,private,7,class->block->decl_stmt->decl->type->specifier,
2,119,rectangle_java2.jpg,rectangle_java2.jpg,22570244963,56,749.055,270.31142857142856,747.5,259,33,21,int,3,class->block->decl_stmt->decl->type->name,
2,119,rectangle_java2.jpg,rectangle_java2.jpg,22571612768,88,715.1277272727273,304.9727272727273,669.5,295,63,21,public,6,class->block->constructor->specifier,
2,119,rectangle_java2.jpg,rectangle_java2.jpg,22571924764,60,754.342,319.124,730.5,331,71,19,this.x1,7,class->block->constructor->block->block_content->expr_stmt->expr->name->name->operator->name,
2,119,rectangle_java2.jpg,rectangle_java2.jpg,22572484875,64,730.97875,326.073125,730.5,331,71,19,this.x1,7,class->block->constructor->block->block_content->expr_stmt->expr->name->name->operator->name,
2,119,rectangle_java2.jpg,rectangle_java2.jpg,22572840569,60,763.246,436.3586666666668,730.5,440,71,21,this.y2,7,class->block->constructor->block->block_content->expr_stmt->expr->name->name->operator->name,
2,119,rectangle_java2.jpg,rectangle_java2.jpg,22574916573,96,707.6575,506.9966666666666,669.5,512,63,21,public,6,class->block->function->type->specifier,
2,119,rectangle_java2.jpg,rectangle_java2.jpg,22575472599,64,747.189375,527.353125,737.5,512,33,21,int,3,class->block->function->type->name,
