trial,participant,code_file,code_language,timestamp,duration,x_cord,y_cord,aoi_x,aoi_y,aoi_width,aoi_height,token,length,srcML,
2,114,rectangle_java2.jpg,rectangle_java2.jpg,3033641745,64,904.63125,501.485625,891.5,512,62,21,return,6,class->block->function->block->block_content->return->expr->name->name,
2,114,rectangle_java2.jpg,rectangle_java2.jpg,3033773390,80,729.124,238.261,715.5,222,90,21,Rectangle,9,class->name,
2,114,rectangle_java2.jpg,rectangle_java2.jpg,3033841277,64,728.469375,225.42375000000004,715.5,222,90,21,Rectangle,9,class->name,
2,114,rectangle_java2.jpg,rectangle_java2.jpg,3034661320,108,859.0514814814815,647.9018518518518,826.5,658,52,20,rect1,5,class->block->function->block->block_content->decl_stmt->decl->name,
2,114,rectangle_java2.jpg,rectangle_java2.jpg,3034725322,60,855.524,639.4786666666666,851.5,621,44,21,main,4,class->block->function->name,
2,114,rectangle_java2.jpg,rectangle_java2.jpg,3034873332,112,742.5214285714286,568.5692857142857,737.5,549,33,21,int,3,class->block->function->type->name,
2,114,rectangle_java2.jpg,rectangle_java2.jpg,3034949375,72,746.7527777777777,559.4672222222222,737.5,549,33,21,int,3,class->block->function->type->name,
2,114,rectangle_java2.jpg,rectangle_java2.jpg,3035101394,104,701.9242307692308,544.9061538461539,669.5,549,63,21,public,6,class->block->function->type->specifier,
2,114,rectangle_java2.jpg,rectangle_java2.jpg,3035429578,76,809.3252631578947,453.3373684210526,806.5,440,15,21,=,1,class->block->constructor->block->block_content->expr_stmt->expr->operator,
2,114,rectangle_java2.jpg,rectangle_java2.jpg,3035817235,124,802.8838709677419,368.9532258064516,806.5,367,15,21,=,1,class->block->constructor->block->block_content->expr_stmt->expr->operator,
2,114,rectangle_java2.jpg,rectangle_java2.jpg,3035941174,64,797.624375,366.27875,730.5,367,71,21,this.y1,7,class->block->constructor->block->block_content->expr_stmt->expr->name->name->operator->name,
2,114,rectangle_java2.jpg,rectangle_java2.jpg,3035941174,64,797.624375,366.27875,806.5,367,15,21,=,1,class->block->constructor->block->block_content->expr_stmt->expr->operator,
2,114,rectangle_java2.jpg,rectangle_java2.jpg,3036393216,116,830.9589655172414,576.8093103448276,804.5,585,43,21,area,4,class->block->function->name,
2,114,rectangle_java2.jpg,rectangle_java2.jpg,3036579853,108,831.7281481481482,588.8751851851852,804.5,585,43,21,area,4,class->block->function->name,
2,114,rectangle_java2.jpg,rectangle_java2.jpg,3037025082,56,785.1328571428571,312.64714285714285,737.5,295,91,21,Rectangle,9,class->block->constructor->name,
2,114,rectangle_java2.jpg,rectangle_java2.jpg,3037105108,76,779.6052631578947,331.72052631578947,730.5,331,71,19,this.x1,7,class->block->constructor->block->block_content->expr_stmt->expr->name->name->operator->name,
2,114,rectangle_java2.jpg,rectangle_java2.jpg,3037257183,148,780.9581081081081,335.26027027027027,730.5,331,71,19,this.x1,7,class->block->constructor->block->block_content->expr_stmt->expr->name->name->operator->name,
2,114,rectangle_java2.jpg,rectangle_java2.jpg,3038261107,160,768.70975,358.79575,730.5,367,71,21,this.y1,7,class->block->constructor->block->block_content->expr_stmt->expr->name->name->operator->name,
2,114,rectangle_java2.jpg,rectangle_java2.jpg,3038469085,92,787.3330434782608,330.5495652173913,730.5,331,71,19,this.x1,7,class->block->constructor->block->block_content->expr_stmt->expr->name->name->operator->name,
2,114,rectangle_java2.jpg,rectangle_java2.jpg,3038865045,60,852.92,563.8666666666667,846.5,549,10,21,(,1,class->block->function->parameter_list,
2,114,rectangle_java2.jpg,rectangle_java2.jpg,3038865045,60,852.92,563.8666666666667,863.5,549,9,21,),1,class->block->function->parameter_list,
2,114,rectangle_java2.jpg,rectangle_java2.jpg,3039097046,96,712.7466666666667,589.73,669.5,585,63,21,public,6,class->block->function->type->specifier,
2,114,rectangle_java2.jpg,rectangle_java2.jpg,3039193062,92,705.464347826087,589.9695652173913,669.5,585,63,21,public,6,class->block->function->type->specifier,
2,114,rectangle_java2.jpg,rectangle_java2.jpg,3039356933,136,773.5988235294118,558.3491176470588,775.5,549,62,21,height,6,class->block->function->name,
2,114,rectangle_java2.jpg,rectangle_java2.jpg,3039476791,116,774.1275862068966,557.7565517241379,775.5,549,62,21,height,6,class->block->function->name,
2,114,rectangle_java2.jpg,rectangle_java2.jpg,3039716915,168,883.0497619047619,563.4242857142857,883.5,549,10,21,{,1,class->block->function->block,
2,114,rectangle_java2.jpg,rectangle_java2.jpg,3039788917,60,953.8926666666666,562.1713333333333,900.5,549,63,21,return,6,class->block->function->block->block_content->return,
2,114,rectangle_java2.jpg,rectangle_java2.jpg,3039940929,148,954.771891891892,565.6543243243243,900.5,549,63,21,return,6,class->block->function->block->block_content->return,
2,114,rectangle_java2.jpg,rectangle_java2.jpg,3040020943,76,948.6015789473684,563.3721052631579,900.5,549,63,21,return,6,class->block->function->block->block_content->return,
2,114,rectangle_java2.jpg,rectangle_java2.jpg,3040124951,68,1014.1929411764706,568.4752941176471,968.5,549,70,21,this.y2,7,class->block->function->block->block_content->return->expr->name->name->operator->name,
2,114,rectangle_java2.jpg,rectangle_java2.jpg,3040212954,84,1015.154761904762,576.5504761904762,977.5,585,101,21,this.width,10,class->block->function->block->block_content->return->expr->call->name->name->operator->name,
2,114,rectangle_java2.jpg,rectangle_java2.jpg,3040580879,68,867.1158823529412,774.8858823529412,730.5,766,177,21,System.out.println,18,class->block->function->block->block_content->expr_stmt->expr->call->name->name->operator->name->operator->name,
2,114,rectangle_java2.jpg,rectangle_java2.jpg,3040756940,152,752.8813157894737,783.6865789473684,730.5,766,177,21,System.out.println,18,class->block->function->block->block_content->expr_stmt->expr->call->name->name->operator->name->operator->name,
2,114,rectangle_java2.jpg,rectangle_java2.jpg,3040816949,56,760.5628571428572,784.2535714285714,730.5,766,177,21,System.out.println,18,class->block->function->block->block_content->expr_stmt->expr->call->name->name->operator->name->operator->name,
2,114,rectangle_java2.jpg,rectangle_java2.jpg,3040928970,72,755.0266666666666,747.4505555555555,730.5,731,91,20,Rectangle,9,class->block->function->block->block_content->decl_stmt->decl->type->name,
2,114,rectangle_java2.jpg,rectangle_java2.jpg,3041037003,104,761.825,738.6376923076923,730.5,731,91,20,Rectangle,9,class->block->function->block->block_content->decl_stmt->decl->type->name,
2,114,rectangle_java2.jpg,rectangle_java2.jpg,3041252701,184,758.5554347826087,708.9723913043479,730.5,694,177,21,System.out.println,18,class->block->function->block->block_content->expr_stmt->expr->call->name->name->operator->name->operator->name,
2,114,rectangle_java2.jpg,rectangle_java2.jpg,3041648809,60,1087.349333333333,691.5733333333334,1096.5,694,10,21,;,1,class->block->function->block->block_content->expr_stmt,
2,114,rectangle_java2.jpg,rectangle_java2.jpg,3041792827,140,1087.272,697.876,1096.5,694,10,21,;,1,class->block->function->block->block_content->expr_stmt,
2,114,rectangle_java2.jpg,rectangle_java2.jpg,3042552841,76,837.0710526315789,745.2663157894737,826.5,731,51,20,rect2,5,class->block->function->block->block_content->decl_stmt->decl->name,
2,114,rectangle_java2.jpg,rectangle_java2.jpg,3042648811,92,844.9313043478261,746.2665217391304,826.5,731,51,20,rect2,5,class->block->function->block->block_content->decl_stmt->decl->name,
2,114,rectangle_java2.jpg,rectangle_java2.jpg,3042720806,68,841.6858823529412,753.9370588235295,730.5,766,177,21,System.out.println,18,class->block->function->block->block_content->expr_stmt->expr->call->name->name->operator->name->operator->name,
2,114,rectangle_java2.jpg,rectangle_java2.jpg,3043120760,116,824.5241379310345,756.2758620689656,730.5,766,177,21,System.out.println,18,class->block->function->block->block_content->expr_stmt->expr->call->name->name->operator->name->operator->name,
2,114,rectangle_java2.jpg,rectangle_java2.jpg,3043308617,184,821.089347826087,767.6145652173913,730.5,766,177,21,System.out.println,18,class->block->function->block->block_content->expr_stmt->expr->call->name->name->operator->name->operator->name,
2,114,rectangle_java2.jpg,rectangle_java2.jpg,3043480604,140,981.4985714285714,748.1208571428572,941.5,731,91,20,Rectangle,9,class->block->function->block->block_content->decl_stmt->decl->init->expr->call->name,
2,114,rectangle_java2.jpg,rectangle_java2.jpg,3043556618,72,986.4166666666666,743.7516666666667,941.5,731,91,20,Rectangle,9,class->block->function->block->block_content->decl_stmt->decl->init->expr->call->name,
2,114,rectangle_java2.jpg,rectangle_java2.jpg,3043640645,80,994.3915,730.9425,941.5,731,91,20,Rectangle,9,class->block->function->block->block_content->decl_stmt->decl->init->expr->call->name,
2,114,rectangle_java2.jpg,rectangle_java2.jpg,3043804705,116,1081.8427586206897,750.5313793103448,1077.5,731,9,20,"""","""",1,class->block->function->block->block_content->decl_stmt->decl->init->expr->call->argument_list
2,114,rectangle_java2.jpg,rectangle_java2.jpg,3043892760,84,1078.577142857143,762.6919047619048,1077.5,766,9,21,),1,class->block->function->block->block_content->expr_stmt->expr->call->argument_list,
2,114,rectangle_java2.jpg,rectangle_java2.jpg,3044340725,88,772.6218181818182,785.1368181818182,730.5,766,177,21,System.out.println,18,class->block->function->block->block_content->expr_stmt->expr->call->name->name->operator->name->operator->name,
2,114,rectangle_java2.jpg,rectangle_java2.jpg,3044512675,116,750.4862068965517,256.7820689655172,747.5,259,33,21,int,3,class->block->decl_stmt->decl->type->name,
2,114,rectangle_java2.jpg,rectangle_java2.jpg,3044632677,116,754.8231034482759,263.1403448275862,747.5,259,33,21,int,3,class->block->decl_stmt->decl->type->name,
2,114,rectangle_java2.jpg,rectangle_java2.jpg,3044756713,84,722.3428571428572,236.85809523809525,715.5,222,90,21,Rectangle,9,class->name,
2,114,rectangle_java2.jpg,rectangle_java2.jpg,3044892701,132,709.449090909091,232.48666666666668,657.5,222,52,21,class,5,class,
2,114,rectangle_java2.jpg,rectangle_java2.jpg,3044892701,132,709.449090909091,232.48666666666668,715.5,222,90,21,Rectangle,9,class->name,
2,114,rectangle_java2.jpg,rectangle_java2.jpg,3045324576,80,743.987,254.9665,747.5,259,33,21,int,3,class->block->decl_stmt->decl->type->name,
2,114,rectangle_java2.jpg,rectangle_java2.jpg,3045512589,120,631.014,225.41700000000003,589.5,222,63,21,public,6,class->specifier,
2,114,rectangle_java2.jpg,rectangle_java2.jpg,3045592583,76,636.271052631579,234.6778947368421,589.5,222,63,21,public,6,class->specifier,
2,114,rectangle_java2.jpg,rectangle_java2.jpg,3045828550,92,685.2121739130434,230.0017391304348,657.5,222,52,21,class,5,class,
2,114,rectangle_java2.jpg,rectangle_java2.jpg,3046040546,156,763.8433333333334,229.81666666666663,715.5,222,90,21,Rectangle,9,class->name,
2,114,rectangle_java2.jpg,rectangle_java2.jpg,3046104554,60,764.6246666666666,238.5133333333333,715.5,222,90,21,Rectangle,9,class->name,
2,114,rectangle_java2.jpg,rectangle_java2.jpg,3046312544,72,819.3777777777777,312.96777777777777,737.5,295,91,21,Rectangle,9,class->block->constructor->name,
2,114,rectangle_java2.jpg,rectangle_java2.jpg,3046696550,180,716.6071111111111,293.8488888888889,669.5,295,63,21,public,6,class->block->constructor->specifier,
2,114,rectangle_java2.jpg,rectangle_java2.jpg,3046784556,84,707.2919047619048,290.19619047619045,669.5,295,63,21,public,6,class->block->constructor->specifier,
2,114,rectangle_java2.jpg,rectangle_java2.jpg,3047208455,112,735.7046428571429,594.7928571428572,737.5,585,62,21,double,6,class->block->function->type->name,
2,114,rectangle_java2.jpg,rectangle_java2.jpg,3047536428,64,1004.81875,574.718125,977.5,585,101,21,this.width,10,class->block->function->block->block_content->return->expr->call->name->name->operator->name,
2,114,rectangle_java2.jpg,rectangle_java2.jpg,3047644401,104,1019.0438461538462,579.6503846153846,977.5,585,101,21,this.width,10,class->block->function->block->block_content->return->expr->call->name->name->operator->name,
2,114,rectangle_java2.jpg,rectangle_java2.jpg,3047964437,56,797.4614285714285,362.69928571428574,730.5,367,71,21,this.y1,7,class->block->constructor->block->block_content->expr_stmt->expr->name->name->operator->name,
2,114,rectangle_java2.jpg,rectangle_java2.jpg,3047964437,56,797.4614285714285,362.69928571428574,806.5,367,15,21,=,1,class->block->constructor->block->block_content->expr_stmt->expr->operator,
2,114,rectangle_java2.jpg,rectangle_java2.jpg,3048024458,56,804.0564285714286,357.395,806.5,367,15,21,=,1,class->block->constructor->block->block_content->expr_stmt->expr->operator,
2,114,rectangle_java2.jpg,rectangle_java2.jpg,3048152427,80,760.4135,368.255,730.5,367,71,21,this.y1,7,class->block->constructor->block->block_content->expr_stmt->expr->name->name->operator->name,
2,114,rectangle_java2.jpg,rectangle_java2.jpg,3048276373,84,770.5857142857143,357.94,730.5,367,71,21,this.y1,7,class->block->constructor->block->block_content->expr_stmt->expr->name->name->operator->name,
2,114,rectangle_java2.jpg,rectangle_java2.jpg,3048764261,152,768.1702631578947,266.6955263157895,747.5,259,33,21,int,3,class->block->decl_stmt->decl->type->name,
2,114,rectangle_java2.jpg,rectangle_java2.jpg,3048828133,60,767.4846666666667,290.888,737.5,295,91,21,Rectangle,9,class->block->constructor->name,
2,114,rectangle_java2.jpg,rectangle_java2.jpg,3048964201,56,687.8321428571428,279.1528571428572,669.5,259,72,21,private,7,class->block->decl_stmt->decl->type->specifier,
2,114,rectangle_java2.jpg,rectangle_java2.jpg,3049040311,60,688.9713333333333,270.1073333333333,669.5,259,72,21,private,7,class->block->decl_stmt->decl->type->specifier,
2,114,rectangle_java2.jpg,rectangle_java2.jpg,3049104328,60,683.498,268.018,669.5,259,72,21,private,7,class->block->decl_stmt->decl->type->specifier,
2,114,rectangle_java2.jpg,rectangle_java2.jpg,3049608299,108,802.2807407407407,328.17740740740743,806.5,331,15,19,=,1,class->block->constructor->block->block_content->expr_stmt->expr->operator,
2,114,rectangle_java2.jpg,rectangle_java2.jpg,3049864335,72,1035.2833333333333,602.7372222222223,977.5,585,101,21,this.width,10,class->block->function->block->block_content->return->expr->call->name->name->operator->name,
2,114,rectangle_java2.jpg,rectangle_java2.jpg,3049952296,84,1029.54,613.7761904761904,1025.5,621,42,21,args,4,class->block->function->parameter_list->parameter->decl->name,
2,114,rectangle_java2.jpg,rectangle_java2.jpg,3050672347,80,820.102,784.445,730.5,766,177,21,System.out.println,18,class->block->function->block->block_content->expr_stmt->expr->call->name->name->operator->name->operator->name,
2,114,rectangle_java2.jpg,rectangle_java2.jpg,3050884177,208,813.0284615384616,782.2121153846153,730.5,766,177,21,System.out.println,18,class->block->function->block->block_content->expr_stmt->expr->call->name->name->operator->name->operator->name,
2,114,rectangle_java2.jpg,rectangle_java2.jpg,3050996162,64,750.833125,750.608125,730.5,731,91,20,Rectangle,9,class->block->function->block->block_content->decl_stmt->decl->type->name,
2,114,rectangle_java2.jpg,rectangle_java2.jpg,3051116159,116,758.0286206896552,739.5541379310345,730.5,731,91,20,Rectangle,9,class->block->function->block->block_content->decl_stmt->decl->type->name,
2,114,rectangle_java2.jpg,rectangle_java2.jpg,3051232177,112,755.1603571428572,737.1907142857143,730.5,731,91,20,Rectangle,9,class->block->function->block->block_content->decl_stmt->decl->type->name,
2,114,rectangle_java2.jpg,rectangle_java2.jpg,3051428149,76,807.1068421052631,687.8784210526316,730.5,694,177,21,System.out.println,18,class->block->function->block->block_content->expr_stmt->expr->call->name->name->operator->name->operator->name,
2,114,rectangle_java2.jpg,rectangle_java2.jpg,3051500139,68,805.5305882352941,689.1094117647059,730.5,694,177,21,System.out.println,18,class->block->function->block->block_content->expr_stmt->expr->call->name->name->operator->name->operator->name,
2,114,rectangle_java2.jpg,rectangle_java2.jpg,3051808089,56,824.2092857142857,615.495,804.5,621,44,21,void,4,class->block->function->type->name,
2,114,rectangle_java2.jpg,rectangle_java2.jpg,3052428183,224,726.8058928571429,618.4905357142857,669.5,621,63,21,public,6,class->block->function->type->specifier,
2,114,rectangle_java2.jpg,rectangle_java2.jpg,3052428183,224,726.8058928571429,618.4905357142857,738.5,621,61,21,static,6,class->block->function->type->specifier,
2,114,rectangle_java2.jpg,rectangle_java2.jpg,3052572158,56,833.6942857142857,595.7835714285715,804.5,585,43,21,area,4,class->block->function->name,
2,114,rectangle_java2.jpg,rectangle_java2.jpg,3052684076,108,833.3955555555556,591.8018518518519,804.5,585,43,21,area,4,class->block->function->name,
2,114,rectangle_java2.jpg,rectangle_java2.jpg,3052792055,104,844.5461538461539,589.0130769230769,804.5,585,43,21,area,4,class->block->function->name,
2,114,rectangle_java2.jpg,rectangle_java2.jpg,3052792055,104,844.5461538461539,589.0130769230769,856.5,585,9,21,(,1,class->block->function->parameter_list,
2,114,rectangle_java2.jpg,rectangle_java2.jpg,3053032043,72,981.6838888888888,555.0699999999999,968.5,549,70,21,this.y2,7,class->block->function->block->block_content->return->expr->name->name->operator->name,
