trial,participant,code_file,code_language,timestamp,duration,x_cord,y_cord,aoi_x,aoi_y,aoi_width,aoi_height,token,length,srcML
2,127,rectangle_java2.jpg,rectangle_java2.jpg,10291436852,140,793.6717142857143,326.6362857142857,730.5,331,71,19,this.x1,7,class->block->constructor->block->block_content->expr_stmt->expr->name->name->operator->name
2,127,rectangle_java2.jpg,rectangle_java2.jpg,10291560970,84,656.2133333333334,213.01476190476197,657.5,222,52,21,class,5,class
2,127,rectangle_java2.jpg,rectangle_java2.jpg,10291941208,64,716.9425,230.44625,715.5,222,90,21,Rectangle,9,class->name
2,127,rectangle_java2.jpg,rectangle_java2.jpg,10292029119,84,713.01,236.33142857142852,715.5,222,90,21,Rectangle,9,class->name
2,127,rectangle_java2.jpg,rectangle_java2.jpg,10292385009,96,743.4925,288.15500000000003,737.5,295,91,21,Rectangle,9,class->block->constructor->name
2,127,rectangle_java2.jpg,rectangle_java2.jpg,10292505005,116,739.1220689655172,271.49827586206897,669.5,259,72,21,private,7,class->block->decl_stmt->decl->type->specifier
2,127,rectangle_java2.jpg,rectangle_java2.jpg,10292505005,116,739.1220689655172,271.49827586206897,747.5,259,33,21,int,3,class->block->decl_stmt->decl->type->name
2,127,rectangle_java2.jpg,rectangle_java2.jpg,10292636982,84,692.4309523809524,294.8538095238095,669.5,295,63,21,public,6,class->block->constructor->specifier
2,127,rectangle_java2.jpg,rectangle_java2.jpg,10292832911,116,833.403448275862,297.2606896551724,837.5,295,9,21,(,1,class->block->constructor->parameter_list
2,127,rectangle_java2.jpg,rectangle_java2.jpg,10293032899,128,939.6215625,311.97,939.5,295,33,21,int,3,class->block->constructor->parameter_list->parameter->decl->type->name
2,127,rectangle_java2.jpg,rectangle_java2.jpg,10293628855,76,767.8805263157894,356.0421052631579,730.5,367,71,21,this.y1,7,class->block->constructor->block->block_content->expr_stmt->expr->name->name->operator->name
2,127,rectangle_java2.jpg,rectangle_java2.jpg,10293720859,88,774.3613636363636,355.8059090909091,730.5,367,71,21,this.y1,7,class->block->constructor->block->block_content->expr_stmt->expr->name->name->operator->name
2,127,rectangle_java2.jpg,rectangle_java2.jpg,10294100855,56,752.5578571428572,335.6042857142857,730.5,331,71,19,this.x1,7,class->block->constructor->block->block_content->expr_stmt->expr->name->name->operator->name
2,127,rectangle_java2.jpg,rectangle_java2.jpg,10294248919,92,754.5213043478261,336.6886956521739,730.5,331,71,19,this.x1,7,class->block->constructor->block->block_content->expr_stmt->expr->name->name->operator->name
2,127,rectangle_java2.jpg,rectangle_java2.jpg,10294400910,92,829.2017391304348,341.11782608695654,826.5,331,23,19,x1,2,class->block->constructor->block->block_content->expr_stmt->expr->name->name
2,127,rectangle_java2.jpg,rectangle_java2.jpg,10294580866,124,823.64,331.43967741935484,826.5,331,23,19,x1,2,class->block->constructor->block->block_content->expr_stmt->expr->name->name
2,127,rectangle_java2.jpg,rectangle_java2.jpg,10294644880,60,814.8193333333334,348.90066666666667,806.5,331,15,19,=,1,class->block->constructor->block->block_content->expr_stmt->expr->operator
2,127,rectangle_java2.jpg,rectangle_java2.jpg,10294644880,60,814.8193333333334,348.90066666666667,826.5,331,23,19,x1,2,class->block->constructor->block->block_content->expr_stmt->expr->name->name
2,127,rectangle_java2.jpg,rectangle_java2.jpg,10295600709,96,990.1670833333334,530.87,958.5,512,71,21,this.x2,7,class->block->function->block->block_content->return->expr->name->name->operator->name->operator
2,127,rectangle_java2.jpg,rectangle_java2.jpg,10295772648,56,1051.15,523.8278571428572,1054.5,512,71,21,this.x1,7,class->block->function->block->block_content->return->expr->name->name->operator->name
2,127,rectangle_java2.jpg,rectangle_java2.jpg,10296332764,76,1143.617894736842,530.24,1152.5,512,10,21,},1,class->block
2,127,rectangle_java2.jpg,rectangle_java2.jpg,10296948608,88,1029.7554545454543,541.4859090909091,968.5,549,70,21,this.y2,7,class->block->function->block->block_content->return->expr->name->name->operator->name
2,127,rectangle_java2.jpg,rectangle_java2.jpg,10299104528,60,939.5773333333332,699.424,932.5,694,100,21,rect1.area,10,class->block->function->block->block_content->expr_stmt->expr->call->argument_list->argument->expr->call->name->name->operator->name
2,127,rectangle_java2.jpg,rectangle_java2.jpg,10299568467,60,849.6513333333334,645.8833333333333,826.5,658,52,20,rect1,5,class->block->function->block->block_content->decl_stmt->decl->name
2,127,rectangle_java2.jpg,rectangle_java2.jpg,10302283990,64,811.4925000000001,651.771875,730.5,658,91,20,Rectangle,9,class->block->function->block->block_content->decl_stmt->decl->type->name
2,127,rectangle_java2.jpg,rectangle_java2.jpg,10305464004,56,869.605,616.2942857142857,851.5,621,44,21,main,4,class->block->function->name
2,127,rectangle_java2.jpg,rectangle_java2.jpg,10305624019,88,874.9395454545455,614.4422727272728,851.5,621,44,21,main,4,class->block->function->name
2,127,rectangle_java2.jpg,rectangle_java2.jpg,10307107875,60,789.638,691.336,730.5,694,177,21,System.out.println,18,class->block->function->block->block_content->expr_stmt->expr->call->name->name->operator->name->operator->name
2,127,rectangle_java2.jpg,rectangle_java2.jpg,10310055665,60,800.698,434.8273333333334,730.5,440,71,21,this.y2,7,class->block->constructor->block->block_content->expr_stmt->expr->name->name->operator->name
2,127,rectangle_java2.jpg,rectangle_java2.jpg,10310055665,60,800.698,434.8273333333334,806.5,440,15,21,=,1,class->block->constructor->block->block_content->expr_stmt->expr->operator
2,127,rectangle_java2.jpg,rectangle_java2.jpg,10310275637,124,771.7035483870968,303.14612903225805,737.5,295,91,21,Rectangle,9,class->block->constructor->name
2,127,rectangle_java2.jpg,rectangle_java2.jpg,10310367646,88,756.6577272727272,298.4931818181818,737.5,295,91,21,Rectangle,9,class->block->constructor->name
2,127,rectangle_java2.jpg,rectangle_java2.jpg,10310671600,112,990.5310714285714,314.91107142857146,977.5,295,23,21,y1,2,class->block->constructor->parameter_list->parameter->decl->type->name
2,127,rectangle_java2.jpg,rectangle_java2.jpg,10311019696,68,681.2435294117647,289.52588235294115,669.5,295,63,21,public,6,class->block->constructor->specifier
2,127,rectangle_java2.jpg,rectangle_java2.jpg,10311079721,56,680.9328571428572,299.6192857142857,669.5,295,63,21,public,6,class->block->constructor->specifier
2,127,rectangle_java2.jpg,rectangle_java2.jpg,10311339723,116,790.5237931034483,296.44448275862067,737.5,295,91,21,Rectangle,9,class->block->constructor->name
2,127,rectangle_java2.jpg,rectangle_java2.jpg,10311427709,84,795.6071428571429,295.7319047619048,737.5,295,91,21,Rectangle,9,class->block->constructor->name
2,127,rectangle_java2.jpg,rectangle_java2.jpg,10311687616,164,783.9736585365854,327.44365853658536,730.5,331,71,19,this.x1,7,class->block->constructor->block->block_content->expr_stmt->expr->name->name->operator->name
2,127,rectangle_java2.jpg,rectangle_java2.jpg,10311971481,120,777.6153333333333,340.66266666666667,730.5,331,71,19,this.x1,7,class->block->constructor->block->block_content->expr_stmt->expr->name->name->operator->name
2,127,rectangle_java2.jpg,rectangle_java2.jpg,10312107546,60,773.6026666666667,377.732,730.5,367,71,21,this.y1,7,class->block->constructor->block->block_content->expr_stmt->expr->name->name->operator->name
2,127,rectangle_java2.jpg,rectangle_java2.jpg,10312231549,64,822.415,380.29625,826.5,367,23,21,y1,2,class->block->constructor->block->block_content->expr_stmt->expr->name->name
2,127,rectangle_java2.jpg,rectangle_java2.jpg,10312311526,76,825.5742105263158,387.2394736842105,826.5,367,23,21,y1,2,class->block->constructor->block->block_content->expr_stmt->expr->name->name
2,127,rectangle_java2.jpg,rectangle_java2.jpg,10312463526,92,749.2908695652173,250.45434782608697,747.5,259,33,21,int,3,class->block->decl_stmt->decl->type->name
2,127,rectangle_java2.jpg,rectangle_java2.jpg,10312839524,120,716.0593333333334,288.3016666666667,669.5,295,63,21,public,6,class->block->constructor->specifier
2,127,rectangle_java2.jpg,rectangle_java2.jpg,10312999522,108,778.824074074074,276.2922222222222,747.5,259,33,21,int,3,class->block->decl_stmt->decl->type->name
2,127,rectangle_java2.jpg,rectangle_java2.jpg,10312999522,108,778.824074074074,276.2922222222222,785.5,259,23,21,x1,2,class->block->decl_stmt->decl->name
2,127,rectangle_java2.jpg,rectangle_java2.jpg,10313735413,72,736.6933333333334,273.12388888888887,669.5,259,72,21,private,7,class->block->decl_stmt->decl->type->specifier
2,127,rectangle_java2.jpg,rectangle_java2.jpg,10313735413,72,736.6933333333334,273.12388888888887,747.5,259,33,21,int,3,class->block->decl_stmt->decl->type->name
2,127,rectangle_java2.jpg,rectangle_java2.jpg,10313915431,88,741.995,273.97545454545457,747.5,259,33,21,int,3,class->block->decl_stmt->decl->type->name
2,127,rectangle_java2.jpg,rectangle_java2.jpg,10314071457,76,668.6984210526316,256.77,669.5,259,72,21,private,7,class->block->decl_stmt->decl->type->specifier
2,127,rectangle_java2.jpg,rectangle_java2.jpg,10314167418,92,686.278695652174,262.62565217391307,669.5,259,72,21,private,7,class->block->decl_stmt->decl->type->specifier
2,127,rectangle_java2.jpg,rectangle_java2.jpg,10315275414,72,754.6788888888889,602.6633333333333,737.5,585,62,21,double,6,class->block->function->type->name
2,127,rectangle_java2.jpg,rectangle_java2.jpg,10315619309,56,819.9364285714286,601.4878571428571,804.5,585,43,21,area,4,class->block->function->name
2,127,rectangle_java2.jpg,rectangle_java2.jpg,10316123302,72,886.7677777777778,634.8155555555555,851.5,621,44,21,main,4,class->block->function->name
2,127,rectangle_java2.jpg,rectangle_java2.jpg,10316647323,64,905.603125,659.1,902.5,658,34,20,new,3,class->block->function->block->block_content->decl_stmt->decl->init->expr->operator
2,127,rectangle_java2.jpg,rectangle_java2.jpg,10316795281,56,950.7028571428572,647.4742857142858,941.5,658,91,20,Rectangle,9,class->block->function->block->block_content->decl_stmt->decl->init->expr->call->name
2,127,rectangle_java2.jpg,rectangle_java2.jpg,10317522932,56,1046.1171428571429,568.1357142857142,1045.5,549,13,21,-,1,class->block->function->block->block_content->return->expr->operator
2,127,rectangle_java2.jpg,rectangle_java2.jpg,10317975132,80,1067.889,579.909,977.5,585,101,21,this.width,10,class->block->function->block->block_content->return->expr->call->name->name->operator->name
2,127,rectangle_java2.jpg,rectangle_java2.jpg,10318067137,60,1053.28,566.49,1045.5,549,13,21,-,1,class->block->function->block->block_content->return->expr->operator
2,127,rectangle_java2.jpg,rectangle_java2.jpg,10318067137,60,1053.28,566.49,1064.5,549,71,21,this.y1,7,class->block->function->block->block_content->return->expr->name->name->operator->name
2,127,rectangle_java2.jpg,rectangle_java2.jpg,10318587151,60,1255.0533333333333,602.69,1259.5,585,9,21,(,1,class->block->function->block->block_content->return->expr->call->argument_list
2,127,rectangle_java2.jpg,rectangle_java2.jpg,10318875169,128,841.8953125,372.28125,826.5,367,23,21,y1,2,class->block->constructor->block->block_content->expr_stmt->expr->name->name
2,127,rectangle_java2.jpg,rectangle_java2.jpg,10318947161,68,841.6582352941176,387.72823529411767,826.5,367,23,21,y1,2,class->block->constructor->block->block_content->expr_stmt->expr->name->name
2,127,rectangle_java2.jpg,rectangle_java2.jpg,10319099183,100,804.826,379.9164,806.5,367,15,21,=,1,class->block->constructor->block->block_content->expr_stmt->expr->operator
2,127,rectangle_java2.jpg,rectangle_java2.jpg,10319203098,100,802.6212,370.3508,806.5,367,15,21,=,1,class->block->constructor->block->block_content->expr_stmt->expr->operator
2,127,rectangle_java2.jpg,rectangle_java2.jpg,10319310847,72,811.5161111111111,380.2,806.5,367,15,21,=,1,class->block->constructor->block->block_content->expr_stmt->expr->operator
2,127,rectangle_java2.jpg,rectangle_java2.jpg,10319871031,100,999.6076,563.796,968.5,549,70,21,this.y2,7,class->block->function->block->block_content->return->expr->name->name->operator->name
2,127,rectangle_java2.jpg,rectangle_java2.jpg,10320295021,68,881.7588235294118,499.9441176470589,874.5,512,10,21,{,1,class->block->function->block
2,127,rectangle_java2.jpg,rectangle_java2.jpg,10320295021,68,881.7588235294118,499.9441176470589,891.5,512,62,21,return,6,class->block->function->block->block_content->return->expr->name->name
2,127,rectangle_java2.jpg,rectangle_java2.jpg,10320930992,72,1200.7905555555556,574.3877777777777,1140.5,585,110,21,this.height,11,class->block->function->block->block_content->return->expr->call->name->name->operator->name
2,127,rectangle_java2.jpg,rectangle_java2.jpg,10321266769,56,1052.1835714285714,501.17357142857145,1054.5,512,71,21,this.x1,7,class->block->function->block->block_content->return->expr->name->name->operator->name
2,127,rectangle_java2.jpg,rectangle_java2.jpg,10325530646,108,919.7911111111111,763.2781481481481,916.5,766,9,21,(,1,class->block->function->block->block_content->expr_stmt->expr->call->argument_list
