trial,participant,code_file,code_language,timestamp,duration,x_cord,y_cord,aoi_x,aoi_y,aoi_width,aoi_height,token,length,srcML,
2,133,rectangle_java2.jpg,rectangle_java2.jpg,2549165699,56,685.4350000000001,294.00857142857143,669.5,295,63,21,public,6,class->block->constructor->specifier,
2,133,rectangle_java2.jpg,rectangle_java2.jpg,2549809423,60,621.3893333333333,240.136,589.5,222,63,21,public,6,class->specifier,
2,133,rectangle_java2.jpg,rectangle_java2.jpg,2550173552,72,639.9,234.1927777777778,589.5,222,63,21,public,6,class->specifier,
2,133,rectangle_java2.jpg,rectangle_java2.jpg,2550393563,88,659.2063636363637,237.61227272727277,657.5,222,52,21,class,5,class,
2,133,rectangle_java2.jpg,rectangle_java2.jpg,2550909521,72,741.0844444444444,263.09722222222223,669.5,259,72,21,private,7,class->block->decl_stmt->decl->type->specifier,
2,133,rectangle_java2.jpg,rectangle_java2.jpg,2550909521,72,741.0844444444444,263.09722222222223,747.5,259,33,21,int,3,class->block->decl_stmt->decl->type->name,
2,133,rectangle_java2.jpg,rectangle_java2.jpg,2551141536,68,703.0370588235294,229.7158823529412,657.5,222,52,21,class,5,class,
2,133,rectangle_java2.jpg,rectangle_java2.jpg,2551141536,68,703.0370588235294,229.7158823529412,715.5,222,90,21,Rectangle,9,class->name,
2,133,rectangle_java2.jpg,rectangle_java2.jpg,2551717445,56,905.8528571428571,312.29357142857145,890.5,295,24,21,x1,2,class->block->constructor->parameter_list->parameter->decl->type->name,
2,133,rectangle_java2.jpg,rectangle_java2.jpg,2551789330,68,907.9911764705882,286.09235294117644,890.5,295,24,21,x1,2,class->block->constructor->parameter_list->parameter->decl->type->name,
2,133,rectangle_java2.jpg,rectangle_java2.jpg,2552225455,84,783.7319047619047,248.4666666666667,785.5,259,23,21,x1,2,class->block->decl_stmt->decl->name,
2,133,rectangle_java2.jpg,rectangle_java2.jpg,2552493392,76,735.3947368421052,227.33947368421053,715.5,222,90,21,Rectangle,9,class->name,
2,133,rectangle_java2.jpg,rectangle_java2.jpg,2552673423,56,729.2435714285714,253.4842857142857,669.5,259,72,21,private,7,class->block->decl_stmt->decl->type->specifier,
2,133,rectangle_java2.jpg,rectangle_java2.jpg,2552925427,80,675.3534999999999,263.022,669.5,259,72,21,private,7,class->block->decl_stmt->decl->type->specifier,
2,133,rectangle_java2.jpg,rectangle_java2.jpg,2553117462,60,811.4706666666666,251.46266666666668,815.5,259,10,21,"""","""",1,class->block->decl_stmt
2,133,rectangle_java2.jpg,rectangle_java2.jpg,2553233438,60,799.8006666666666,264.75600000000003,785.5,259,23,21,x1,2,class->block->decl_stmt->decl->name,
2,133,rectangle_java2.jpg,rectangle_java2.jpg,2553421438,60,863.204,276.426,863.5,259,10,21,"""","""",1,class->block->decl_stmt
2,133,rectangle_java2.jpg,rectangle_java2.jpg,2553717222,68,735.8870588235294,263.6329411764706,669.5,259,72,21,private,7,class->block->decl_stmt->decl->type->specifier,
2,133,rectangle_java2.jpg,rectangle_java2.jpg,2553717222,68,735.8870588235294,263.6329411764706,747.5,259,33,21,int,3,class->block->decl_stmt->decl->type->name,
2,133,rectangle_java2.jpg,rectangle_java2.jpg,2554325253,192,696.65125,225.28666666666663,657.5,222,52,21,class,5,class,
2,133,rectangle_java2.jpg,rectangle_java2.jpg,2554569310,84,843.1004761904762,273.3995238095238,833.5,259,23,21,y1,2,class->block->decl_stmt->decl->name,
2,133,rectangle_java2.jpg,rectangle_java2.jpg,2554753328,72,915.75,247.8733333333333,911.5,259,10,21,"""","""",1,class->block->decl_stmt
2,133,rectangle_java2.jpg,rectangle_java2.jpg,2555037279,84,848.9466666666666,259.5414285714286,833.5,259,23,21,y1,2,class->block->decl_stmt->decl->name,
2,133,rectangle_java2.jpg,rectangle_java2.jpg,2555133277,92,844.9991304347826,263.8908695652174,833.5,259,23,21,y1,2,class->block->decl_stmt->decl->name,
2,133,rectangle_java2.jpg,rectangle_java2.jpg,2555329319,72,895.2522222222223,276.2283333333333,881.5,259,23,21,x2,2,class->block->decl_stmt->decl->name,
2,133,rectangle_java2.jpg,rectangle_java2.jpg,2555505275,72,657.3588888888889,240.74388888888888,657.5,222,52,21,class,5,class,
2,133,rectangle_java2.jpg,rectangle_java2.jpg,2555921191,64,759.198125,292.485,737.5,295,91,21,Rectangle,9,class->block->constructor->name,
2,133,rectangle_java2.jpg,rectangle_java2.jpg,2556181159,120,895.1323333333333,269.6066666666667,881.5,259,23,21,x2,2,class->block->decl_stmt->decl->name,
2,133,rectangle_java2.jpg,rectangle_java2.jpg,2556301156,60,887.604,285.724,890.5,295,24,21,x1,2,class->block->constructor->parameter_list->parameter->decl->type->name,
2,133,rectangle_java2.jpg,rectangle_java2.jpg,2556373140,68,880.4058823529411,274.8858823529412,881.5,259,23,21,x2,2,class->block->decl_stmt->decl->name,
2,133,rectangle_java2.jpg,rectangle_java2.jpg,2556477059,64,985.78875,294.6425,977.5,295,23,21,y1,2,class->block->constructor->parameter_list->parameter->decl->type->name,
2,133,rectangle_java2.jpg,rectangle_java2.jpg,2556553023,72,987.2394444444444,301.6761111111111,977.5,295,23,21,y1,2,class->block->constructor->parameter_list->parameter->decl->type->name,
2,133,rectangle_java2.jpg,rectangle_java2.jpg,2556789125,64,937.448125,311.499375,939.5,295,33,21,int,3,class->block->constructor->parameter_list->parameter->decl->type->name,
2,133,rectangle_java2.jpg,rectangle_java2.jpg,2556977161,92,729.1678260869566,278.63217391304346,669.5,259,72,21,private,7,class->block->decl_stmt->decl->type->specifier,
2,133,rectangle_java2.jpg,rectangle_java2.jpg,2557089160,88,782.3259090909091,286.33272727272725,737.5,295,91,21,Rectangle,9,class->block->constructor->name,
2,133,rectangle_java2.jpg,rectangle_java2.jpg,2557321133,88,964.8677272727272,261.45545454545453,959.5,259,10,21,;,1,class->block->decl_stmt,
2,133,rectangle_java2.jpg,rectangle_java2.jpg,2557457037,84,970.395238095238,288.70428571428573,939.5,295,33,21,int,3,class->block->constructor->parameter_list->parameter->decl->type->name,
2,133,rectangle_java2.jpg,rectangle_java2.jpg,2557457037,84,970.395238095238,288.70428571428573,977.5,295,23,21,y1,2,class->block->constructor->parameter_list->parameter->decl->type->name,
2,133,rectangle_java2.jpg,rectangle_java2.jpg,2557684901,112,693.6114285714285,275.1560714285714,669.5,259,72,21,private,7,class->block->decl_stmt->decl->type->specifier,
2,133,rectangle_java2.jpg,rectangle_java2.jpg,2557861002,64,774.05625,299.626875,737.5,295,91,21,Rectangle,9,class->block->constructor->name,
2,133,rectangle_java2.jpg,rectangle_java2.jpg,2557988998,68,792.5764705882353,263.0352941176471,785.5,259,23,21,x1,2,class->block->decl_stmt->decl->name,
2,133,rectangle_java2.jpg,rectangle_java2.jpg,2558161017,76,774.9357894736842,287.6036842105263,737.5,295,91,21,Rectangle,9,class->block->constructor->name,
2,133,rectangle_java2.jpg,rectangle_java2.jpg,2558677066,68,665.8841176470588,265.8135294117647,669.5,259,72,21,private,7,class->block->decl_stmt->decl->type->specifier,
2,133,rectangle_java2.jpg,rectangle_java2.jpg,2559037028,104,775.7126923076924,279.48692307692306,747.5,259,33,21,int,3,class->block->decl_stmt->decl->type->name,
2,133,rectangle_java2.jpg,rectangle_java2.jpg,2559037028,104,775.7126923076924,279.48692307692306,785.5,259,23,21,x1,2,class->block->decl_stmt->decl->name,
2,133,rectangle_java2.jpg,rectangle_java2.jpg,2559196989,60,881.8566666666667,289.37933333333336,853.5,295,32,21,int,3,class->block->constructor->parameter_list->parameter->decl->type->name,
2,133,rectangle_java2.jpg,rectangle_java2.jpg,2559196989,60,881.8566666666667,289.37933333333336,890.5,295,24,21,x1,2,class->block->constructor->parameter_list->parameter->decl->type->name,
2,133,rectangle_java2.jpg,rectangle_java2.jpg,2559509051,88,844.4981818181818,276.30454545454546,833.5,259,23,21,y1,2,class->block->decl_stmt->decl->name,
2,133,rectangle_java2.jpg,rectangle_java2.jpg,2559676972,56,819.9985714285714,299.8671428571429,737.5,295,91,21,Rectangle,9,class->block->constructor->name,
2,133,rectangle_java2.jpg,rectangle_java2.jpg,2559988930,100,762.4516,248.7388,747.5,259,33,21,int,3,class->block->decl_stmt->decl->type->name,
2,133,rectangle_java2.jpg,rectangle_java2.jpg,2560236925,116,1001.3606896551725,285.48413793103447,1007.5,295,10,21,"""","""",1,class->block->constructor->parameter_list
2,133,rectangle_java2.jpg,rectangle_java2.jpg,2560784882,64,768.10625,328.8075,730.5,331,71,19,this.x1,7,class->block->constructor->block->block_content->expr_stmt->expr->name->name->operator->name,
2,133,rectangle_java2.jpg,rectangle_java2.jpg,2560920899,88,773.4363636363637,344.4472727272727,730.5,331,71,19,this.x1,7,class->block->constructor->block->block_content->expr_stmt->expr->name->name->operator->name,
2,133,rectangle_java2.jpg,rectangle_java2.jpg,2561184852,72,806.8622222222223,315.50333333333333,737.5,295,91,21,Rectangle,9,class->block->constructor->name,
2,133,rectangle_java2.jpg,rectangle_java2.jpg,2561248825,60,801.7406666666667,322.5453333333333,806.5,331,15,19,=,1,class->block->constructor->block->block_content->expr_stmt->expr->operator,
2,133,rectangle_java2.jpg,rectangle_java2.jpg,2561336726,60,847.442,329.53333333333336,826.5,331,23,19,x1,2,class->block->constructor->block->block_content->expr_stmt->expr->name->name,
2,133,rectangle_java2.jpg,rectangle_java2.jpg,2561336726,60,847.442,329.53333333333336,856.5,331,10,19,;,1,class->block->constructor->block->block_content->expr_stmt,
2,133,rectangle_java2.jpg,rectangle_java2.jpg,2561416635,76,837.2436842105263,329.6505263157895,826.5,331,23,19,x1,2,class->block->constructor->block->block_content->expr_stmt->expr->name->name,
2,133,rectangle_java2.jpg,rectangle_java2.jpg,2561628739,112,820.2332142857143,395.7921428571429,806.5,404,15,19,=,1,class->block->constructor->block->block_content->expr_stmt->expr->operator,
2,133,rectangle_java2.jpg,rectangle_java2.jpg,2561628739,112,820.2332142857143,395.7921428571429,826.5,404,23,19,x2,2,class->block->constructor->block->block_content->expr_stmt->expr->name->name,
2,133,rectangle_java2.jpg,rectangle_java2.jpg,2561856759,60,698.2613333333334,508.2446666666667,669.5,512,63,21,public,6,class->block->function->type->specifier,
2,133,rectangle_java2.jpg,rectangle_java2.jpg,2562192779,56,687.8378571428572,508.0478571428571,669.5,512,63,21,public,6,class->block->function->type->specifier,
2,133,rectangle_java2.jpg,rectangle_java2.jpg,2562448778,116,716.9058620689655,504.1593103448277,669.5,512,63,21,public,6,class->block->function->type->specifier,
2,133,rectangle_java2.jpg,rectangle_java2.jpg,2563732640,56,780.9835714285714,499.725,775.5,512,53,21,width,5,class->block->function->name,
2,133,rectangle_java2.jpg,rectangle_java2.jpg,2564816602,140,1051.8,509.9822857142857,1054.5,512,71,21,this.x1,7,class->block->function->block->block_content->return->expr->name->name->operator->name,
2,133,rectangle_java2.jpg,rectangle_java2.jpg,2565132602,68,973.0782352941176,513.6276470588235,958.5,512,71,21,this.x2,7,class->block->function->block->block_content->return->expr->name->name->operator->name->operator,
2,133,rectangle_java2.jpg,rectangle_java2.jpg,2565196549,60,974.992,507.36,958.5,512,71,21,this.x2,7,class->block->function->block->block_content->return->expr->name->name->operator->name->operator,
2,133,rectangle_java2.jpg,rectangle_java2.jpg,2565992533,60,807.1526666666666,515.2953333333334,775.5,512,53,21,width,5,class->block->function->name,
2,133,rectangle_java2.jpg,rectangle_java2.jpg,2566136564,64,810.886875,510.58062500000005,775.5,512,53,21,width,5,class->block->function->name,
2,133,rectangle_java2.jpg,rectangle_java2.jpg,2566644518,64,946.006875,544.920625,900.5,549,63,21,return,6,class->block->function->block->block_content->return,
2,133,rectangle_java2.jpg,rectangle_java2.jpg,2567208438,136,1003.3429411764706,519.4776470588235,958.5,512,71,21,this.x2,7,class->block->function->block->block_content->return->expr->name->name->operator->name->operator,
2,133,rectangle_java2.jpg,rectangle_java2.jpg,2567372396,68,820.2723529411765,500.3064705882352,775.5,512,53,21,width,5,class->block->function->name,
2,133,rectangle_java2.jpg,rectangle_java2.jpg,2567472377,96,824.4008333333334,513.5125,775.5,512,53,21,width,5,class->block->function->name,
2,133,rectangle_java2.jpg,rectangle_java2.jpg,2567568366,60,741.3646666666667,539.44,737.5,549,33,21,int,3,class->block->function->type->name,
2,133,rectangle_java2.jpg,rectangle_java2.jpg,2567636356,64,745.06375,541.0725,737.5,549,33,21,int,3,class->block->function->type->name,
2,133,rectangle_java2.jpg,rectangle_java2.jpg,2567844354,72,781.6227777777777,539.5338888888889,775.5,549,62,21,height,6,class->block->function->name,
2,133,rectangle_java2.jpg,rectangle_java2.jpg,2568084364,72,854.165,555.7894444444445,846.5,549,10,21,(,1,class->block->function->parameter_list,
2,133,rectangle_java2.jpg,rectangle_java2.jpg,2568084364,72,854.165,555.7894444444445,863.5,549,9,21,),1,class->block->function->parameter_list,
2,133,rectangle_java2.jpg,rectangle_java2.jpg,2568236347,148,850.5554054054054,560.4010810810811,846.5,549,10,21,(,1,class->block->function->parameter_list,
2,133,rectangle_java2.jpg,rectangle_java2.jpg,2568352333,112,854.5567857142858,556.4885714285714,846.5,549,10,21,(,1,class->block->function->parameter_list,
2,133,rectangle_java2.jpg,rectangle_java2.jpg,2568352333,112,854.5567857142858,556.4885714285714,863.5,549,9,21,),1,class->block->function->parameter_list,
2,133,rectangle_java2.jpg,rectangle_java2.jpg,2568560418,92,793.9226086956521,539.0973913043479,775.5,549,62,21,height,6,class->block->function->name,
2,133,rectangle_java2.jpg,rectangle_java2.jpg,2568632434,68,786.6052941176471,536.9341176470588,775.5,549,62,21,height,6,class->block->function->name,
2,133,rectangle_java2.jpg,rectangle_java2.jpg,2568696412,60,770.9546666666666,549.2113333333333,775.5,549,62,21,height,6,class->block->function->name,
2,133,rectangle_java2.jpg,rectangle_java2.jpg,2568760380,60,790.068,547.8833333333333,775.5,549,62,21,height,6,class->block->function->name,
2,133,rectangle_java2.jpg,rectangle_java2.jpg,2568912330,76,796.0105263157894,521.8531578947368,775.5,512,53,21,width,5,class->block->function->name,
2,133,rectangle_java2.jpg,rectangle_java2.jpg,2568976324,60,789.028,520.3386666666667,775.5,512,53,21,width,5,class->block->function->name,
2,133,rectangle_java2.jpg,rectangle_java2.jpg,2569076254,72,778.8827777777777,511.3255555555557,775.5,512,53,21,width,5,class->block->function->name,
2,133,rectangle_java2.jpg,rectangle_java2.jpg,2569280127,68,844.7064705882353,551.2958823529411,846.5,549,10,21,(,1,class->block->function->parameter_list,
2,133,rectangle_java2.jpg,rectangle_java2.jpg,2569876389,84,850.7947619047619,519.082380952381,854.5,512,9,21,),1,class->block->function->parameter_list,
2,133,rectangle_java2.jpg,rectangle_java2.jpg,2569936378,56,863.0657142857143,527.1585714285715,854.5,512,9,21,),1,class->block->function->parameter_list,
2,133,rectangle_java2.jpg,rectangle_java2.jpg,2569936378,56,863.0657142857143,527.1585714285715,874.5,512,10,21,{,1,class->block->function->block,
2,133,rectangle_java2.jpg,rectangle_java2.jpg,2570004366,64,865.0925,514.989375,874.5,512,10,21,{,1,class->block->function->block,
2,133,rectangle_java2.jpg,rectangle_java2.jpg,2570076368,68,851.8911764705882,528.4629411764706,854.5,512,9,21,),1,class->block->function->parameter_list,
2,133,rectangle_java2.jpg,rectangle_java2.jpg,2570584273,132,932.9842424242424,573.2575757575758,910.5,585,62,21,return,6,class->block->function->block->block_content->return,
2,133,rectangle_java2.jpg,rectangle_java2.jpg,2570652266,64,920.078125,567.74875,900.5,549,63,21,return,6,class->block->function->block->block_content->return,
2,133,rectangle_java2.jpg,rectangle_java2.jpg,2571208070,148,1043.7410810810811,548.5151351351351,1045.5,549,13,21,-,1,class->block->function->block->block_content->return->expr->operator,
2,133,rectangle_java2.jpg,rectangle_java2.jpg,2571412004,104,1036.6234615384617,567.77,968.5,549,70,21,this.y2,7,class->block->function->block->block_content->return->expr->name->name->operator->name,
2,133,rectangle_java2.jpg,rectangle_java2.jpg,2571412004,104,1036.6234615384617,567.77,1045.5,549,13,21,-,1,class->block->function->block->block_content->return->expr->operator,
2,133,rectangle_java2.jpg,rectangle_java2.jpg,2571571996,108,1024.4559259259258,560.7111111111111,968.5,549,70,21,this.y2,7,class->block->function->block->block_content->return->expr->name->name->operator->name,
2,133,rectangle_java2.jpg,rectangle_java2.jpg,2571720020,56,1038.7821428571428,545.5964285714285,1045.5,549,13,21,-,1,class->block->function->block->block_content->return->expr->operator,
2,133,rectangle_java2.jpg,rectangle_java2.jpg,2571868078,72,981.4183333333332,559.6761111111111,968.5,549,70,21,this.y2,7,class->block->function->block->block_content->return->expr->name->name->operator->name,
2,133,rectangle_java2.jpg,rectangle_java2.jpg,2571956103,84,982.9628571428572,565.7438095238095,968.5,549,70,21,this.y2,7,class->block->function->block->block_content->return->expr->name->name->operator->name,
2,133,rectangle_java2.jpg,rectangle_java2.jpg,2572020122,60,987.3293333333334,567.7766666666666,968.5,549,70,21,this.y2,7,class->block->function->block->block_content->return->expr->name->name->operator->name,
2,133,rectangle_java2.jpg,rectangle_java2.jpg,2572372097,104,1179.8942307692307,575.4084615384616,1140.5,585,110,21,this.height,11,class->block->function->block->block_content->return->expr->call->name->name->operator->name,
2,133,rectangle_java2.jpg,rectangle_java2.jpg,2572484095,56,1176.3035714285716,573.4657142857143,1140.5,585,110,21,this.height,11,class->block->function->block->block_content->return->expr->call->name->name->operator->name,
2,133,rectangle_java2.jpg,rectangle_java2.jpg,2572804110,96,1129.9970833333334,548.1804166666667,1064.5,549,71,21,this.y1,7,class->block->function->block->block_content->return->expr->name->name->operator->name,
2,133,rectangle_java2.jpg,rectangle_java2.jpg,2573315953,76,821.9284210526316,548.9331578947368,775.5,549,62,21,height,6,class->block->function->name,
2,133,rectangle_java2.jpg,rectangle_java2.jpg,2573468003,56,824.7071428571428,565.3021428571428,775.5,549,62,21,height,6,class->block->function->name,
2,133,rectangle_java2.jpg,rectangle_java2.jpg,2573752036,104,775.4184615384615,552.1892307692308,775.5,549,62,21,height,6,class->block->function->name,
2,133,rectangle_java2.jpg,rectangle_java2.jpg,2574123992,60,788.1006666666667,382.6713333333333,730.5,367,71,21,this.y1,7,class->block->constructor->block->block_content->expr_stmt->expr->name->name->operator->name,
2,133,rectangle_java2.jpg,rectangle_java2.jpg,2574183984,56,792.8771428571429,370.8378571428572,730.5,367,71,21,this.y1,7,class->block->constructor->block->block_content->expr_stmt->expr->name->name->operator->name,
2,133,rectangle_java2.jpg,rectangle_java2.jpg,2574611990,112,788.9892857142858,300.4657142857143,737.5,295,91,21,Rectangle,9,class->block->constructor->name,
2,133,rectangle_java2.jpg,rectangle_java2.jpg,2575291881,56,922.9192857142856,557.465,900.5,549,63,21,return,6,class->block->function->block->block_content->return,
2,133,rectangle_java2.jpg,rectangle_java2.jpg,2575579809,60,1019.3173333333332,547.7853333333334,968.5,549,70,21,this.y2,7,class->block->function->block->block_content->return->expr->name->name->operator->name,
2,133,rectangle_java2.jpg,rectangle_java2.jpg,2575715830,84,1009.8590476190476,564.8104761904762,968.5,549,70,21,this.y2,7,class->block->function->block->block_content->return->expr->name->name->operator->name,
2,133,rectangle_java2.jpg,rectangle_java2.jpg,2575943837,100,977.8264,554.0528,968.5,549,70,21,this.y2,7,class->block->function->block->block_content->return->expr->name->name->operator->name,
2,133,rectangle_java2.jpg,rectangle_java2.jpg,2576123877,68,1063.154705882353,560.9552941176471,1064.5,549,71,21,this.y1,7,class->block->function->block->block_content->return->expr->name->name->operator->name,
2,133,rectangle_java2.jpg,rectangle_java2.jpg,2576335817,76,749.6715789473684,576.7215789473685,737.5,585,62,21,double,6,class->block->function->type->name,
2,133,rectangle_java2.jpg,rectangle_java2.jpg,2576443829,104,758.9511538461538,577.3515384615384,737.5,585,62,21,double,6,class->block->function->type->name,
2,133,rectangle_java2.jpg,rectangle_java2.jpg,2576651849,56,840.76,559.2121428571429,846.5,549,10,21,(,1,class->block->function->parameter_list,
2,133,rectangle_java2.jpg,rectangle_java2.jpg,2576835829,72,842.8011111111111,597.0672222222222,804.5,585,43,21,area,4,class->block->function->name,
2,133,rectangle_java2.jpg,rectangle_java2.jpg,2576895788,56,837.9928571428571,582.6971428571428,804.5,585,43,21,area,4,class->block->function->name,
2,133,rectangle_java2.jpg,rectangle_java2.jpg,2577059693,88,893.7318181818182,602.5036363636364,893.5,585,10,21,{,1,class->block->function->block,
2,133,rectangle_java2.jpg,rectangle_java2.jpg,2577295741,60,1014.4673333333334,597.924,977.5,585,101,21,this.width,10,class->block->function->block->block_content->return->expr->call->name->name->operator->name,
2,133,rectangle_java2.jpg,rectangle_java2.jpg,2577363753,64,1034.638125,599.886875,977.5,585,101,21,this.width,10,class->block->function->block->block_content->return->expr->call->name->name->operator->name,
2,133,rectangle_java2.jpg,rectangle_java2.jpg,2577639760,108,811.9385185185185,609.4166666666666,804.5,621,44,21,void,4,class->block->function->type->name,
2,133,rectangle_java2.jpg,rectangle_java2.jpg,2577739775,60,811.52,628.7526666666666,804.5,621,44,21,void,4,class->block->function->type->name,
2,133,rectangle_java2.jpg,rectangle_java2.jpg,2578815658,68,922.1041176470588,633.484705882353,920.5,621,62,21,String,6,class->block->function->parameter_list->parameter->decl->type->name->name,
2,133,rectangle_java2.jpg,rectangle_java2.jpg,2579091621,56,987.925,624.3807142857142,990.5,621,10,21,[,1,class->block->function->parameter_list->parameter->decl->type->name->index,
2,133,rectangle_java2.jpg,rectangle_java2.jpg,2579395598,64,1090.583125,628.691875,1094.5,621,10,21,{,1,class->block->function->block,
2,133,rectangle_java2.jpg,rectangle_java2.jpg,2579571550,80,1096.419,630.4085,1094.5,621,10,21,{,1,class->block->function->block,
2,133,rectangle_java2.jpg,rectangle_java2.jpg,2579687556,56,1112.4392857142857,646.3621428571429,1115.5,658,10,20,"""","""",1,class->block->function->block->block_content->decl_stmt->decl->init->expr->call->argument_list
2,133,rectangle_java2.jpg,rectangle_java2.jpg,2579803567,112,1107.8728571428571,655.8764285714286,1095.5,658,13,20,0,1,class->block->function->block->block_content->decl_stmt->decl->init->expr->call->argument_list->argument->expr->literal,
2,133,rectangle_java2.jpg,rectangle_java2.jpg,2579803567,112,1107.8728571428571,655.8764285714286,1115.5,658,10,20,"""","""",1,class->block->function->block->block_content->decl_stmt->decl->init->expr->call->argument_list
2,133,rectangle_java2.jpg,rectangle_java2.jpg,2580199589,80,997.83,623.782,990.5,621,10,21,[,1,class->block->function->parameter_list->parameter->decl->type->name->index,
2,133,rectangle_java2.jpg,rectangle_java2.jpg,2580199589,80,997.83,623.782,1007.5,621,10,21,],1,class->block->function->parameter_list->parameter->decl->type->name->index,
2,133,rectangle_java2.jpg,rectangle_java2.jpg,2580303593,100,993.5052,625.87,990.5,621,10,21,[,1,class->block->function->parameter_list->parameter->decl->type->name->index,
2,133,rectangle_java2.jpg,rectangle_java2.jpg,2580863314,56,1090.8771428571429,626.0664285714286,1094.5,621,10,21,{,1,class->block->function->block,
2,133,rectangle_java2.jpg,rectangle_java2.jpg,2580967408,60,1080.9913333333334,627.3166666666667,1074.5,621,10,21,),1,class->block->function->parameter_list,
2,133,rectangle_java2.jpg,rectangle_java2.jpg,2581051482,80,1087.6335,622.0785,1094.5,621,10,21,{,1,class->block->function->block,
2,133,rectangle_java2.jpg,rectangle_java2.jpg,2581171503,64,1075.8775,623.485,1074.5,621,10,21,),1,class->block->function->parameter_list,
2,133,rectangle_java2.jpg,rectangle_java2.jpg,2581247516,72,1073.368333333333,636.4399999999999,1074.5,621,10,21,),1,class->block->function->parameter_list,
2,133,rectangle_java2.jpg,rectangle_java2.jpg,2582607412,68,971.969411764706,597.8811764705882,910.5,585,62,21,return,6,class->block->function->block->block_content->return,
2,133,rectangle_java2.jpg,rectangle_java2.jpg,2582607412,68,971.969411764706,597.8811764705882,977.5,585,101,21,this.width,10,class->block->function->block->block_content->return->expr->call->name->name->operator->name,
2,133,rectangle_java2.jpg,rectangle_java2.jpg,2582839200,56,972.9607142857144,654.0935714285714,941.5,658,91,20,Rectangle,9,class->block->function->block->block_content->decl_stmt->decl->init->expr->call->name,
2,133,rectangle_java2.jpg,rectangle_java2.jpg,2583115264,60,810.4126666666666,623.66,804.5,621,44,21,void,4,class->block->function->type->name,
2,133,rectangle_java2.jpg,rectangle_java2.jpg,2583255310,56,851.0878571428572,657.3885714285714,826.5,658,52,20,rect1,5,class->block->function->block->block_content->decl_stmt->decl->name,
2,133,rectangle_java2.jpg,rectangle_java2.jpg,2583399336,64,967.38375,665.071875,941.5,658,91,20,Rectangle,9,class->block->function->block->block_content->decl_stmt->decl->init->expr->call->name,
2,133,rectangle_java2.jpg,rectangle_java2.jpg,2583507345,104,967.6530769230768,655.2573076923077,941.5,658,91,20,Rectangle,9,class->block->function->block->block_content->decl_stmt->decl->init->expr->call->name,
2,133,rectangle_java2.jpg,rectangle_java2.jpg,2583991311,72,935.59,638.6055555555555,920.5,621,62,21,String,6,class->block->function->parameter_list->parameter->decl->type->name->name,
2,133,rectangle_java2.jpg,rectangle_java2.jpg,2584419342,132,832.1057575757576,552.7242424242424,775.5,549,62,21,height,6,class->block->function->name,
2,133,rectangle_java2.jpg,rectangle_java2.jpg,2584531296,60,823.8820000000001,554.2346666666666,775.5,549,62,21,height,6,class->block->function->name,
2,133,rectangle_java2.jpg,rectangle_java2.jpg,2584635179,100,821.5908,542.6912,775.5,549,62,21,height,6,class->block->function->name,
2,133,rectangle_java2.jpg,rectangle_java2.jpg,2584959152,68,965.0235294117648,562.4417647058823,968.5,549,70,21,this.y2,7,class->block->function->block->block_content->return->expr->name->name->operator->name,
2,133,rectangle_java2.jpg,rectangle_java2.jpg,2585187206,128,990.84625,538.615625,968.5,549,70,21,this.y2,7,class->block->function->block->block_content->return->expr->name->name->operator->name,
2,133,rectangle_java2.jpg,rectangle_java2.jpg,2585499288,112,1163.4135714285717,556.7539285714286,1161.5,549,10,21,},1,class->block->function->block,
2,133,rectangle_java2.jpg,rectangle_java2.jpg,2585707238,108,885.73,523.7603703703703,891.5,512,62,21,return,6,class->block->function->block->block_content->return->expr->name->name,
2,133,rectangle_java2.jpg,rectangle_java2.jpg,2585927214,76,846.488947368421,538.0278947368421,846.5,549,10,21,(,1,class->block->function->parameter_list,
2,133,rectangle_java2.jpg,rectangle_java2.jpg,2586111189,72,1127.0444444444445,539.0133333333333,1064.5,549,71,21,this.y1,7,class->block->function->block->block_content->return->expr->name->name->operator->name,
2,133,rectangle_java2.jpg,rectangle_java2.jpg,2586543111,100,1230.0984,573.2656,1140.5,585,110,21,this.height,11,class->block->function->block->block_content->return->expr->call->name->name->operator->name,
2,133,rectangle_java2.jpg,rectangle_java2.jpg,2586775052,56,951.2292857142858,551.8992857142857,900.5,549,63,21,return,6,class->block->function->block->block_content->return,
2,133,rectangle_java2.jpg,rectangle_java2.jpg,2587175055,84,823.3428571428572,373.7685714285714,826.5,367,23,21,y1,2,class->block->constructor->block->block_content->expr_stmt->expr->name->name,
2,133,rectangle_java2.jpg,rectangle_java2.jpg,2587291105,112,833.7439285714286,377.0407142857143,826.5,367,23,21,y1,2,class->block->constructor->block->block_content->expr_stmt->expr->name->name,
2,133,rectangle_java2.jpg,rectangle_java2.jpg,2587451133,80,822.526,333.597,826.5,331,23,19,x1,2,class->block->constructor->block->block_content->expr_stmt->expr->name->name,
2,133,rectangle_java2.jpg,rectangle_java2.jpg,2587567119,112,823.7607142857142,341.1928571428571,826.5,331,23,19,x1,2,class->block->constructor->block->block_content->expr_stmt->expr->name->name,
2,133,rectangle_java2.jpg,rectangle_java2.jpg,2588051108,88,986.1677272727272,503.7904545454546,958.5,512,71,21,this.x2,7,class->block->function->block->block_content->return->expr->name->name->operator->name->operator,
2,133,rectangle_java2.jpg,rectangle_java2.jpg,2588111133,56,998.9435714285714,506.5478571428571,958.5,512,71,21,this.x2,7,class->block->function->block->block_content->return->expr->name->name->operator->name->operator,
2,133,rectangle_java2.jpg,rectangle_java2.jpg,2588275127,80,927.3095,502.477,891.5,512,62,21,return,6,class->block->function->block->block_content->return->expr->name->name,
2,133,rectangle_java2.jpg,rectangle_java2.jpg,2588434961,76,911.5026315789472,502.5389473684211,891.5,512,62,21,return,6,class->block->function->block->block_content->return->expr->name->name,
2,133,rectangle_java2.jpg,rectangle_java2.jpg,2588530828,92,917.1717391304348,516.0921739130434,891.5,512,62,21,return,6,class->block->function->block->block_content->return->expr->name->name,
2,133,rectangle_java2.jpg,rectangle_java2.jpg,2588646759,68,1011.3776470588236,500.9041176470589,958.5,512,71,21,this.x2,7,class->block->function->block->block_content->return->expr->name->name->operator->name->operator,
2,133,rectangle_java2.jpg,rectangle_java2.jpg,2588706801,56,1008.4971428571428,513.3942857142857,958.5,512,71,21,this.x2,7,class->block->function->block->block_content->return->expr->name->name->operator->name->operator,
2,133,rectangle_java2.jpg,rectangle_java2.jpg,2589582947,68,973.2647058823528,666.8905882352941,941.5,658,91,20,Rectangle,9,class->block->function->block->block_content->decl_stmt->decl->init->expr->call->name,
2,133,rectangle_java2.jpg,rectangle_java2.jpg,2589894924,68,936.2164705882352,667.2917647058823,902.5,658,34,20,new,3,class->block->function->block->block_content->decl_stmt->decl->init->expr->operator,
2,133,rectangle_java2.jpg,rectangle_java2.jpg,2589894924,68,936.2164705882352,667.2917647058823,941.5,658,91,20,Rectangle,9,class->block->function->block->block_content->decl_stmt->decl->init->expr->call->name,
2,133,rectangle_java2.jpg,rectangle_java2.jpg,2590498902,88,978.3072727272728,517.6763636363637,958.5,512,71,21,this.x2,7,class->block->function->block->block_content->return->expr->name->name->operator->name->operator,
2,133,rectangle_java2.jpg,rectangle_java2.jpg,2590730854,84,1113.877619047619,574.7604761904762,1122.5,585,12,21,*,1,class->block->function->block->block_content->return->expr->operator,
2,133,rectangle_java2.jpg,rectangle_java2.jpg,2590902863,68,1118.716470588235,559.7917647058823,1064.5,549,71,21,this.y1,7,class->block->function->block->block_content->return->expr->name->name->operator->name,
2,133,rectangle_java2.jpg,rectangle_java2.jpg,2591074836,168,1106.9609523809524,545.7683333333333,1064.5,549,71,21,this.y1,7,class->block->function->block->block_content->return->expr->name->name->operator->name,
2,133,rectangle_java2.jpg,rectangle_java2.jpg,2591230807,72,1096.493888888889,546.6966666666667,1064.5,549,71,21,this.y1,7,class->block->function->block->block_content->return->expr->name->name->operator->name,
2,133,rectangle_java2.jpg,rectangle_java2.jpg,2591310805,76,1085.4326315789474,551.0173684210527,1064.5,549,71,21,this.y1,7,class->block->function->block->block_content->return->expr->name->name->operator->name,
2,133,rectangle_java2.jpg,rectangle_java2.jpg,2591466817,68,1086.7411764705882,553.5317647058823,1064.5,549,71,21,this.y1,7,class->block->function->block->block_content->return->expr->name->name->operator->name,
2,133,rectangle_java2.jpg,rectangle_java2.jpg,2592086802,72,930.6444444444444,561.2588888888889,900.5,549,63,21,return,6,class->block->function->block->block_content->return,
2,133,rectangle_java2.jpg,rectangle_java2.jpg,2592206780,68,938.025294117647,555.0011764705882,900.5,549,63,21,return,6,class->block->function->block->block_content->return,
2,133,rectangle_java2.jpg,rectangle_java2.jpg,2592290726,80,936.3025,561.2885,900.5,549,63,21,return,6,class->block->function->block->block_content->return,
2,133,rectangle_java2.jpg,rectangle_java2.jpg,2592430547,104,868.1234615384616,548.3861538461539,863.5,549,9,21,),1,class->block->function->parameter_list,
2,133,rectangle_java2.jpg,rectangle_java2.jpg,2592558609,64,755.13625,549.891875,737.5,549,33,21,int,3,class->block->function->type->name,
2,133,rectangle_java2.jpg,rectangle_java2.jpg,2592654699,60,781.328,551.0946666666666,775.5,549,62,21,height,6,class->block->function->name,
2,133,rectangle_java2.jpg,rectangle_java2.jpg,2592854681,72,822.3955555555556,548.5883333333334,775.5,549,62,21,height,6,class->block->function->name,
2,133,rectangle_java2.jpg,rectangle_java2.jpg,2593106686,56,1010.8364285714284,626.6792857142857,1007.5,621,10,21,],1,class->block->function->parameter_list->parameter->decl->type->name->index,
2,133,rectangle_java2.jpg,rectangle_java2.jpg,2593178673,68,1005.8558823529412,627.3117647058824,1007.5,621,10,21,],1,class->block->function->parameter_list->parameter->decl->type->name->index,
2,133,rectangle_java2.jpg,rectangle_java2.jpg,2593318677,80,943.437,638.975,920.5,621,62,21,String,6,class->block->function->parameter_list->parameter->decl->type->name->name,
2,133,rectangle_java2.jpg,rectangle_java2.jpg,2593582682,168,943.540238095238,630.1888095238095,920.5,621,62,21,String,6,class->block->function->parameter_list->parameter->decl->type->name->name,
2,133,rectangle_java2.jpg,rectangle_java2.jpg,2593766651,64,965.64,657.404375,941.5,658,91,20,Rectangle,9,class->block->function->block->block_content->decl_stmt->decl->init->expr->call->name,
2,133,rectangle_java2.jpg,rectangle_java2.jpg,2593882655,64,971.44375,648.57875,941.5,658,91,20,Rectangle,9,class->block->function->block->block_content->decl_stmt->decl->init->expr->call->name,
2,133,rectangle_java2.jpg,rectangle_java2.jpg,2593942658,56,965.5792857142856,662.4778571428571,941.5,658,91,20,Rectangle,9,class->block->function->block->block_content->decl_stmt->decl->init->expr->call->name,
2,133,rectangle_java2.jpg,rectangle_java2.jpg,2594018662,72,962.4661111111112,652.9588888888889,941.5,658,91,20,Rectangle,9,class->block->function->block->block_content->decl_stmt->decl->init->expr->call->name,
2,133,rectangle_java2.jpg,rectangle_java2.jpg,2594226704,72,826.5022222222223,654.1088888888889,826.5,658,52,20,rect1,5,class->block->function->block->block_content->decl_stmt->decl->name,
2,133,rectangle_java2.jpg,rectangle_java2.jpg,2594310674,80,835.5085,658.205,826.5,658,52,20,rect1,5,class->block->function->block->block_content->decl_stmt->decl->name,
2,133,rectangle_java2.jpg,rectangle_java2.jpg,2594474428,128,871.0878125,654.24875,826.5,658,52,20,rect1,5,class->block->function->block->block_content->decl_stmt->decl->name,
2,133,rectangle_java2.jpg,rectangle_java2.jpg,2594474428,128,871.0878125,654.24875,883.5,658,15,20,=,1,class->block->function->block->block_content->decl_stmt->decl->init,
2,133,rectangle_java2.jpg,rectangle_java2.jpg,2594654499,148,927.7135135135136,672.7824324324324,902.5,658,34,20,new,3,class->block->function->block->block_content->decl_stmt->decl->init->expr->operator,
2,133,rectangle_java2.jpg,rectangle_java2.jpg,2595030501,100,909.3864,581.1308,910.5,585,62,21,return,6,class->block->function->block->block_content->return,
2,133,rectangle_java2.jpg,rectangle_java2.jpg,2595094507,60,916.8946666666668,567.518,900.5,549,63,21,return,6,class->block->function->block->block_content->return,
2,133,rectangle_java2.jpg,rectangle_java2.jpg,2595382558,148,1029.075135135135,623.9251351351352,1025.5,621,42,21,args,4,class->block->function->parameter_list->parameter->decl->name,
2,133,rectangle_java2.jpg,rectangle_java2.jpg,2595546574,60,1071.61,698.452,1077.5,694,9,21,),1,class->block->function->block->block_content->expr_stmt->expr->call->argument_list,
2,133,rectangle_java2.jpg,rectangle_java2.jpg,2595714596,88,1054.739090909091,666.7490909090909,1057.5,658,13,20,0,1,class->block->function->block->block_content->decl_stmt->decl->init->expr->call->argument_list->argument->expr->literal,
2,133,rectangle_java2.jpg,rectangle_java2.jpg,2596522425,60,1043.296,688.574,1041.5,694,9,21,(,1,class->block->function->block->block_content->expr_stmt->expr->call->argument_list->argument->expr->call->argument_list,
2,133,rectangle_java2.jpg,rectangle_java2.jpg,2596650433,80,912.361,691.457,916.5,694,9,21,(,1,class->block->function->block->block_content->expr_stmt->expr->call->argument_list,
2,133,rectangle_java2.jpg,rectangle_java2.jpg,2596738431,84,912.522380952381,694.5866666666667,916.5,694,9,21,(,1,class->block->function->block->block_content->expr_stmt->expr->call->argument_list,
2,133,rectangle_java2.jpg,rectangle_java2.jpg,2597006423,120,986.6253333333332,675.895,941.5,658,91,20,Rectangle,9,class->block->function->block->block_content->decl_stmt->decl->init->expr->call->name,
2,133,rectangle_java2.jpg,rectangle_java2.jpg,2597078415,68,989.9935294117648,691.2570588235294,932.5,694,100,21,rect1.area,10,class->block->function->block->block_content->expr_stmt->expr->call->argument_list->argument->expr->call->name->name->operator->name,
2,133,rectangle_java2.jpg,rectangle_java2.jpg,2597210389,56,1151.7542857142855,665.4628571428572,1134.5,658,22,20,10,2,class->block->function->block->block_content->decl_stmt->decl->init->expr->call->argument_list->argument->expr->literal,
2,133,rectangle_java2.jpg,rectangle_java2.jpg,2597210389,56,1151.7542857142855,665.4628571428572,1163.5,658,10,20,"""","""",1,class->block->function->block->block_content->decl_stmt->decl->init->expr->call->argument_list
2,133,rectangle_java2.jpg,rectangle_java2.jpg,2597338394,124,1139.4948387096774,667.7048387096775,1134.5,658,22,20,10,2,class->block->function->block->block_content->decl_stmt->decl->init->expr->call->argument_list->argument->expr->literal,
2,133,rectangle_java2.jpg,rectangle_java2.jpg,2597498409,116,1192.2368965517242,674.3348275862069,1182.5,658,22,20,10,2,class->block->function->block->block_content->decl_stmt->decl->init->expr->call->argument_list->argument->expr->literal,
2,133,rectangle_java2.jpg,rectangle_java2.jpg,2597690384,80,927.3545,721.2595,902.5,731,34,20,new,3,class->block->function->block->block_content->decl_stmt->decl->init->expr->operator,
2,133,rectangle_java2.jpg,rectangle_java2.jpg,2597798358,104,933.3784615384616,705.1173076923077,932.5,694,100,21,rect1.area,10,class->block->function->block->block_content->expr_stmt->expr->call->argument_list->argument->expr->call->name->name->operator->name,
2,133,rectangle_java2.jpg,rectangle_java2.jpg,2598770274,64,1122.21625,657.568125,1115.5,658,10,20,"""","""",1,class->block->function->block->block_content->decl_stmt->decl->init->expr->call->argument_list
2,133,rectangle_java2.jpg,rectangle_java2.jpg,2598770274,64,1122.21625,657.568125,1134.5,658,22,20,10,2,class->block->function->block->block_content->decl_stmt->decl->init->expr->call->argument_list->argument->expr->literal,
2,133,rectangle_java2.jpg,rectangle_java2.jpg,2598874282,100,1105.2944,671.596,1095.5,658,13,20,0,1,class->block->function->block->block_content->decl_stmt->decl->init->expr->call->argument_list->argument->expr->literal,
2,133,rectangle_java2.jpg,rectangle_java2.jpg,2598874282,100,1105.2944,671.596,1115.5,658,10,20,"""","""",1,class->block->function->block->block_content->decl_stmt->decl->init->expr->call->argument_list
2,133,rectangle_java2.jpg,rectangle_java2.jpg,2598942274,64,1116.86,675.470625,1115.5,658,10,20,"""","""",1,class->block->function->block->block_content->decl_stmt->decl->init->expr->call->argument_list
2,133,rectangle_java2.jpg,rectangle_java2.jpg,2599134290,68,1109.7823529411764,648.2370588235294,1115.5,658,10,20,"""","""",1,class->block->function->block->block_content->decl_stmt->decl->init->expr->call->argument_list
2,133,rectangle_java2.jpg,rectangle_java2.jpg,2599254340,96,1162.9329166666666,665.1554166666667,1163.5,658,10,20,"""","""",1,class->block->function->block->block_content->decl_stmt->decl->init->expr->call->argument_list
2,133,rectangle_java2.jpg,rectangle_java2.jpg,2599326353,68,1152.1005882352945,666.165294117647,1134.5,658,22,20,10,2,class->block->function->block->block_content->decl_stmt->decl->init->expr->call->argument_list->argument->expr->literal,
2,133,rectangle_java2.jpg,rectangle_java2.jpg,2599326353,68,1152.1005882352945,666.165294117647,1163.5,658,10,20,"""","""",1,class->block->function->block->block_content->decl_stmt->decl->init->expr->call->argument_list
2,133,rectangle_java2.jpg,rectangle_java2.jpg,2599402366,72,1158.7555555555557,663.4566666666667,1163.5,658,10,20,"""","""",1,class->block->function->block->block_content->decl_stmt->decl->init->expr->call->argument_list
2,133,rectangle_java2.jpg,rectangle_java2.jpg,2600250013,60,970.328,745.802,941.5,731,91,20,Rectangle,9,class->block->function->block->block_content->decl_stmt->decl->init->expr->call->name,
2,133,rectangle_java2.jpg,rectangle_java2.jpg,2600382117,88,967.4559090909092,735.8113636363636,941.5,731,91,20,Rectangle,9,class->block->function->block->block_content->decl_stmt->decl->init->expr->call->name,
2,133,rectangle_java2.jpg,rectangle_java2.jpg,2600514164,60,787.8653333333333,723.7006666666666,730.5,731,91,20,Rectangle,9,class->block->function->block->block_content->decl_stmt->decl->type->name,
