trial,participant,code_file,code_language,timestamp,duration,x_cord,y_cord,aoi_x,aoi_y,aoi_width,aoi_height,token,length,srcML,
2,143,rectangle_java2.jpg,rectangle_java2.jpg,3983775220,228,971.6063157894736,302.93087719298245,939.5,295,33,21,int,3,class->block->constructor->parameter_list->parameter->decl->type->name,
2,143,rectangle_java2.jpg,rectangle_java2.jpg,3983775220,228,971.6063157894736,302.93087719298245,977.5,295,23,21,y1,2,class->block->constructor->parameter_list->parameter->decl->type->name,
2,143,rectangle_java2.jpg,rectangle_java2.jpg,3987007141,164,784.9153658536585,229.9848780487805,715.5,222,90,21,Rectangle,9,class->name,
2,143,rectangle_java2.jpg,rectangle_java2.jpg,3987262998,252,818.3280952380952,227.525873015873,813.5,222,10,21,{,1,class->block,
2,143,rectangle_java2.jpg,rectangle_java2.jpg,3988419068,132,848.6915151515152,292.17939393939395,853.5,295,32,21,int,3,class->block->constructor->parameter_list->parameter->decl->type->name,
2,143,rectangle_java2.jpg,rectangle_java2.jpg,3988591019,168,835.937619047619,273.9164285714286,833.5,259,23,21,y1,2,class->block->decl_stmt->decl->name,
2,143,rectangle_java2.jpg,rectangle_java2.jpg,3988994941,288,842.8263888888889,267.4423611111111,833.5,259,23,21,y1,2,class->block->decl_stmt->decl->name,
2,143,rectangle_java2.jpg,rectangle_java2.jpg,3989214782,216,847.4022222222222,271.4761111111111,833.5,259,23,21,y1,2,class->block->decl_stmt->decl->name,
2,143,rectangle_java2.jpg,rectangle_java2.jpg,3989502835,272,958.7020588235296,270.46941176470585,959.5,259,10,21,;,1,class->block->decl_stmt,
2,143,rectangle_java2.jpg,rectangle_java2.jpg,3990926863,212,1096.8664150943396,283.3262264150944,1094.5,295,9,21,"""","""",1,class->block->constructor->parameter_list
2,143,rectangle_java2.jpg,rectangle_java2.jpg,3991718711,88,1016.3527272727272,305.6972727272727,1007.5,295,10,21,"""","""",1,class->block->constructor->parameter_list
2,143,rectangle_java2.jpg,rectangle_java2.jpg,3991718711,88,1016.3527272727272,305.6972727272727,1025.5,295,33,21,int,3,class->block->constructor->parameter_list->parameter->decl->type->name,
2,143,rectangle_java2.jpg,rectangle_java2.jpg,3992010733,276,902.9044927536232,314.5572463768116,890.5,295,24,21,x1,2,class->block->constructor->parameter_list->parameter->decl->type->name,
2,143,rectangle_java2.jpg,rectangle_java2.jpg,3992154737,140,861.3085714285714,311.626,853.5,295,32,21,int,3,class->block->constructor->parameter_list->parameter->decl->type->name,
2,143,rectangle_java2.jpg,rectangle_java2.jpg,3992270737,112,863.3532142857143,305.3542857142857,853.5,295,32,21,int,3,class->block->constructor->parameter_list->parameter->decl->type->name,
2,143,rectangle_java2.jpg,rectangle_java2.jpg,3992470731,164,958.6446341463414,308.9531707317073,939.5,295,33,21,int,3,class->block->constructor->parameter_list->parameter->decl->type->name,
2,143,rectangle_java2.jpg,rectangle_java2.jpg,3992538731,64,965.645625,311.686875,939.5,295,33,21,int,3,class->block->constructor->parameter_list->parameter->decl->type->name,
2,143,rectangle_java2.jpg,rectangle_java2.jpg,3992538731,64,965.645625,311.686875,977.5,295,23,21,y1,2,class->block->constructor->parameter_list->parameter->decl->type->name,
2,143,rectangle_java2.jpg,rectangle_java2.jpg,3992670729,116,861.7744827586207,302.7748275862069,853.5,295,32,21,int,3,class->block->constructor->parameter_list->parameter->decl->type->name,
2,143,rectangle_java2.jpg,rectangle_java2.jpg,3992750696,76,875.9515789473684,309.8526315789473,853.5,295,32,21,int,3,class->block->constructor->parameter_list->parameter->decl->type->name,
2,143,rectangle_java2.jpg,rectangle_java2.jpg,3993002623,248,892.9308064516129,315.4604838709677,890.5,295,24,21,x1,2,class->block->constructor->parameter_list->parameter->decl->type->name,
2,143,rectangle_java2.jpg,rectangle_java2.jpg,3994066693,120,1051.5273333333332,290.991,1025.5,295,33,21,int,3,class->block->constructor->parameter_list->parameter->decl->type->name,
2,143,rectangle_java2.jpg,rectangle_java2.jpg,3994066693,120,1051.5273333333332,290.991,1063.5,295,23,21,x2,2,class->block->constructor->parameter_list->parameter->decl->type->name,
2,143,rectangle_java2.jpg,rectangle_java2.jpg,3994162651,92,1059.567391304348,289.7208695652174,1063.5,295,23,21,x2,2,class->block->constructor->parameter_list->parameter->decl->type->name,
2,143,rectangle_java2.jpg,rectangle_java2.jpg,3994234604,68,1101.6141176470587,288.16352941176467,1094.5,295,9,21,"""","""",1,class->block->constructor->parameter_list
2,143,rectangle_java2.jpg,rectangle_java2.jpg,3994234604,68,1101.6141176470587,288.16352941176467,1112.5,295,33,21,int,3,class->block->constructor->parameter_list->parameter->decl->type->name,
2,143,rectangle_java2.jpg,rectangle_java2.jpg,3994326566,88,1105.3263636363636,290.43227272727273,1112.5,295,33,21,int,3,class->block->constructor->parameter_list->parameter->decl->type->name,
2,143,rectangle_java2.jpg,rectangle_java2.jpg,3995134370,64,1167.96375,282.7825,1150.5,295,23,21,y2,2,class->block->constructor->parameter_list->parameter->decl->type->name,
2,143,rectangle_java2.jpg,rectangle_java2.jpg,3997262357,216,862.0624074074074,508.6162962962962,854.5,512,9,21,),1,class->block->function->parameter_list,
2,143,rectangle_java2.jpg,rectangle_java2.jpg,3997262357,216,862.0624074074074,508.6162962962962,874.5,512,10,21,{,1,class->block->function->block,
2,143,rectangle_java2.jpg,rectangle_java2.jpg,3997414340,120,901.7676666666666,522.9203333333334,891.5,512,62,21,return,6,class->block->function->block->block_content->return->expr->name->name,
2,143,rectangle_java2.jpg,rectangle_java2.jpg,3997734322,108,864.4051851851852,262.9307407407408,863.5,259,10,21,"""","""",1,class->block->decl_stmt
2,143,rectangle_java2.jpg,rectangle_java2.jpg,3997890320,152,862.6557894736842,272.7702631578948,863.5,259,10,21,"""","""",1,class->block->decl_stmt
2,143,rectangle_java2.jpg,rectangle_java2.jpg,3998026327,132,856.219696969697,289.5842424242424,853.5,295,32,21,int,3,class->block->constructor->parameter_list->parameter->decl->type->name,
2,143,rectangle_java2.jpg,rectangle_java2.jpg,3998366343,304,805.458552631579,285.70223684210526,737.5,295,91,21,Rectangle,9,class->block->constructor->name,
2,143,rectangle_java2.jpg,rectangle_java2.jpg,3999282227,256,1186.2284375,284.33484375,1180.5,295,9,21,),1,class->block->constructor->parameter_list,
2,143,rectangle_java2.jpg,rectangle_java2.jpg,3999474223,188,1205.4317021276595,288.92893617021275,1200.5,295,10,21,{,1,class->block->constructor->block,
2,143,rectangle_java2.jpg,rectangle_java2.jpg,3999854188,172,847.6927906976745,368.7616279069768,826.5,367,23,21,y1,2,class->block->constructor->block->block_content->expr_stmt->expr->name->name,
2,143,rectangle_java2.jpg,rectangle_java2.jpg,3999854188,172,847.6927906976745,368.7616279069768,856.5,367,10,21,;,1,class->block->constructor->block->block_content->expr_stmt,
2,143,rectangle_java2.jpg,rectangle_java2.jpg,4000110199,72,829.8955555555556,521.5788888888889,837.5,512,9,21,(,1,class->block->function->parameter_list,
2,143,rectangle_java2.jpg,rectangle_java2.jpg,4000406216,292,836.0656164383562,530.6832876712328,837.5,512,9,21,(,1,class->block->function->parameter_list,
2,143,rectangle_java2.jpg,rectangle_java2.jpg,4000802035,324,903.0914814814817,529.2327160493827,891.5,512,62,21,return,6,class->block->function->block->block_content->return->expr->name->name,
2,143,rectangle_java2.jpg,rectangle_java2.jpg,4001130099,140,931.0925714285714,515.3537142857143,891.5,512,62,21,return,6,class->block->function->block->block_content->return->expr->name->name,
2,143,rectangle_java2.jpg,rectangle_java2.jpg,4001246106,112,946.5196428571428,518.5332142857143,891.5,512,62,21,return,6,class->block->function->block->block_content->return->expr->name->name,
2,143,rectangle_java2.jpg,rectangle_java2.jpg,4001246106,112,946.5196428571428,518.5332142857143,958.5,512,71,21,this.x2,7,class->block->function->block->block_content->return->expr->name->name->operator->name->operator,
2,143,rectangle_java2.jpg,rectangle_java2.jpg,4001326111,76,951.4478947368422,526.8152631578947,891.5,512,62,21,return,6,class->block->function->block->block_content->return->expr->name->name,
2,143,rectangle_java2.jpg,rectangle_java2.jpg,4001326111,76,951.4478947368422,526.8152631578947,958.5,512,71,21,this.x2,7,class->block->function->block->block_content->return->expr->name->name->operator->name->operator,
2,143,rectangle_java2.jpg,rectangle_java2.jpg,4001386113,56,1022.3057142857144,526.2628571428571,958.5,512,71,21,this.x2,7,class->block->function->block->block_content->return->expr->name->name->operator->name->operator,
2,143,rectangle_java2.jpg,rectangle_java2.jpg,4001894086,504,1021.8218253968254,531.5416666666666,958.5,512,71,21,this.x2,7,class->block->function->block->block_content->return->expr->name->name->operator->name->operator,
2,143,rectangle_java2.jpg,rectangle_java2.jpg,4002118108,220,1042.787090909091,532.0032727272727,1035.5,512,13,21,-,1,class->block->function->block->block_content->return->expr->name->name,
2,143,rectangle_java2.jpg,rectangle_java2.jpg,4002118108,220,1042.787090909091,532.0032727272727,1054.5,512,71,21,this.x1,7,class->block->function->block->block_content->return->expr->name->name->operator->name,
2,143,rectangle_java2.jpg,rectangle_java2.jpg,4002190124,68,1050.230588235294,525.4876470588235,1054.5,512,71,21,this.x1,7,class->block->function->block->block_content->return->expr->name->name->operator->name,
2,143,rectangle_java2.jpg,rectangle_java2.jpg,4002454144,108,1055.868148148148,516.6051851851852,1054.5,512,71,21,this.x1,7,class->block->function->block->block_content->return->expr->name->name->operator->name,
2,143,rectangle_java2.jpg,rectangle_java2.jpg,4002985918,528,1060.436590909091,525.9506060606061,1054.5,512,71,21,this.x1,7,class->block->function->block->block_content->return->expr->name->name->operator->name,
2,143,rectangle_java2.jpg,rectangle_java2.jpg,4003177932,144,931.2522222222224,544.8819444444445,900.5,549,63,21,return,6,class->block->function->block->block_content->return,
2,143,rectangle_java2.jpg,rectangle_java2.jpg,4003377972,196,948.0234693877552,530.2326530612245,891.5,512,62,21,return,6,class->block->function->block->block_content->return->expr->name->name,
2,143,rectangle_java2.jpg,rectangle_java2.jpg,4003377972,196,948.0234693877552,530.2326530612245,958.5,512,71,21,this.x2,7,class->block->function->block->block_content->return->expr->name->name->operator->name->operator,
2,143,rectangle_java2.jpg,rectangle_java2.jpg,4003477972,72,1043.2372222222225,531.8722222222223,1035.5,512,13,21,-,1,class->block->function->block->block_content->return->expr->name->name,
2,143,rectangle_java2.jpg,rectangle_java2.jpg,4003477972,72,1043.2372222222225,531.8722222222223,1054.5,512,71,21,this.x1,7,class->block->function->block->block_content->return->expr->name->name->operator->name,
2,143,rectangle_java2.jpg,rectangle_java2.jpg,4003821977,340,1045.7657647058822,525.9630588235294,1035.5,512,13,21,-,1,class->block->function->block->block_content->return->expr->name->name,
2,143,rectangle_java2.jpg,rectangle_java2.jpg,4003821977,340,1045.7657647058822,525.9630588235294,1054.5,512,71,21,this.x1,7,class->block->function->block->block_content->return->expr->name->name->operator->name,
2,143,rectangle_java2.jpg,rectangle_java2.jpg,4004009946,164,1093.067317073171,559.500487804878,1064.5,549,71,21,this.y1,7,class->block->function->block->block_content->return->expr->name->name->operator->name,
2,143,rectangle_java2.jpg,rectangle_java2.jpg,4004085938,72,1089.4422222222222,562.9605555555555,1064.5,549,71,21,this.y1,7,class->block->function->block->block_content->return->expr->name->name->operator->name,
2,143,rectangle_java2.jpg,rectangle_java2.jpg,4004513642,372,946.7881720430108,565.8025806451612,900.5,549,63,21,return,6,class->block->function->block->block_content->return,
2,143,rectangle_java2.jpg,rectangle_java2.jpg,4004793822,244,1009.1455737704918,556.9555737704918,968.5,549,70,21,this.y2,7,class->block->function->block->block_content->return->expr->name->name->operator->name,
2,143,rectangle_java2.jpg,rectangle_java2.jpg,4005109801,232,902.6072413793104,550.096724137931,900.5,549,63,21,return,6,class->block->function->block->block_content->return,
2,143,rectangle_java2.jpg,rectangle_java2.jpg,4005193809,80,898.0585,554.5395,900.5,549,63,21,return,6,class->block->function->block->block_content->return,
2,143,rectangle_java2.jpg,rectangle_java2.jpg,4005317821,120,963.6466666666666,557.8703333333333,968.5,549,70,21,this.y2,7,class->block->function->block->block_content->return->expr->name->name->operator->name,
2,143,rectangle_java2.jpg,rectangle_java2.jpg,4005469870,148,966.6332432432432,559.0175675675675,968.5,549,70,21,this.y2,7,class->block->function->block->block_content->return->expr->name->name->operator->name,
2,143,rectangle_java2.jpg,rectangle_java2.jpg,4005621847,136,1092.7867647058824,546.3867647058823,1064.5,549,71,21,this.y1,7,class->block->function->block->block_content->return->expr->name->name->operator->name,
2,143,rectangle_java2.jpg,rectangle_java2.jpg,4006297805,136,1160.765,544.1979411764706,1161.5,549,10,21,},1,class->block->function->block,
2,143,rectangle_java2.jpg,rectangle_java2.jpg,4007077680,288,936.0102777777778,597.9565277777778,910.5,585,62,21,return,6,class->block->function->block->block_content->return,
2,143,rectangle_java2.jpg,rectangle_java2.jpg,4007349727,228,1023.8050877192984,584.7978947368421,977.5,585,101,21,this.width,10,class->block->function->block->block_content->return->expr->call->name->name->operator->name,
2,143,rectangle_java2.jpg,rectangle_java2.jpg,4007461719,80,969.6425,587.521,910.5,585,62,21,return,6,class->block->function->block->block_content->return,
2,143,rectangle_java2.jpg,rectangle_java2.jpg,4007461719,80,969.6425,587.521,977.5,585,101,21,this.width,10,class->block->function->block->block_content->return->expr->call->name->name->operator->name,
2,143,rectangle_java2.jpg,rectangle_java2.jpg,4007717703,240,1127.5755,579.3795,1122.5,585,12,21,*,1,class->block->function->block->block_content->return->expr->operator,
2,143,rectangle_java2.jpg,rectangle_java2.jpg,4007925685,68,1162.100588235294,561.4735294117647,1161.5,549,10,21,},1,class->block->function->block,
2,143,rectangle_java2.jpg,rectangle_java2.jpg,4008149638,220,1166.2874545454545,581.9507272727272,1140.5,585,110,21,this.height,11,class->block->function->block->block_content->return->expr->call->name->name->operator->name,
2,143,rectangle_java2.jpg,rectangle_java2.jpg,4008337547,112,963.3360714285716,632.5378571428571,920.5,621,62,21,String,6,class->block->function->parameter_list->parameter->decl->type->name->name,
2,143,rectangle_java2.jpg,rectangle_java2.jpg,4008581578,224,881.1142857142858,654.6173214285715,883.5,658,15,20,=,1,class->block->function->block->block_content->decl_stmt->decl->init,
2,143,rectangle_java2.jpg,rectangle_java2.jpg,4008841567,228,941.5389473684212,675.1447368421053,941.5,658,91,20,Rectangle,9,class->block->function->block->block_content->decl_stmt->decl->init->expr->call->name,
2,143,rectangle_java2.jpg,rectangle_java2.jpg,4008905567,60,1003.4073333333332,675.9953333333333,941.5,658,91,20,Rectangle,9,class->block->function->block->block_content->decl_stmt->decl->init->expr->call->name,
2,143,rectangle_java2.jpg,rectangle_java2.jpg,4009045564,136,1014.6414705882352,677.1955882352942,941.5,658,91,20,Rectangle,9,class->block->function->block->block_content->decl_stmt->decl->init->expr->call->name,
2,143,rectangle_java2.jpg,rectangle_java2.jpg,4009297562,204,1141.3790196078432,665.1870588235295,1134.5,658,22,20,10,2,class->block->function->block->block_content->decl_stmt->decl->init->expr->call->argument_list->argument->expr->literal,
2,143,rectangle_java2.jpg,rectangle_java2.jpg,4009805569,168,915.3980952380952,747.1057142857143,902.5,731,34,20,new,3,class->block->function->block->block_content->decl_stmt->decl->init->expr->operator,
2,143,rectangle_java2.jpg,rectangle_java2.jpg,4009985558,176,867.2672727272727,743.6520454545455,826.5,731,51,20,rect2,5,class->block->function->block->block_content->decl_stmt->decl->name,
2,143,rectangle_java2.jpg,rectangle_java2.jpg,4010181329,164,937.698536585366,745.979268292683,941.5,731,91,20,Rectangle,9,class->block->function->block->block_content->decl_stmt->decl->init->expr->call->name,
2,143,rectangle_java2.jpg,rectangle_java2.jpg,4010401351,180,982.0137777777778,746.884,941.5,731,91,20,Rectangle,9,class->block->function->block->block_content->decl_stmt->decl->init->expr->call->name,
2,143,rectangle_java2.jpg,rectangle_java2.jpg,4011001458,216,897.8824074074074,674.1225925925926,883.5,658,15,20,=,1,class->block->function->block->block_content->decl_stmt->decl->init,
2,143,rectangle_java2.jpg,rectangle_java2.jpg,4011001458,216,897.8824074074074,674.1225925925926,902.5,658,34,20,new,3,class->block->function->block->block_content->decl_stmt->decl->init->expr->operator,
2,143,rectangle_java2.jpg,rectangle_java2.jpg,4011173424,128,895.0271875,583.9321875,893.5,585,10,21,{,1,class->block->function->block,
2,143,rectangle_java2.jpg,rectangle_java2.jpg,4011349423,140,929.5951428571428,553.0054285714285,900.5,549,63,21,return,6,class->block->function->block->block_content->return,
2,143,rectangle_java2.jpg,rectangle_java2.jpg,4011469431,100,908.704,782.972,916.5,766,9,21,(,1,class->block->function->block->block_content->expr_stmt->expr->call->argument_list,
2,143,rectangle_java2.jpg,rectangle_java2.jpg,4011645365,172,909.7588372093024,765.3113953488372,916.5,766,9,21,(,1,class->block->function->block->block_content->expr_stmt->expr->call->argument_list,
2,143,rectangle_java2.jpg,rectangle_java2.jpg,4012101286,92,982.5117391304348,744.4234782608695,941.5,731,91,20,Rectangle,9,class->block->function->block->block_content->decl_stmt->decl->init->expr->call->name,
2,143,rectangle_java2.jpg,rectangle_java2.jpg,4012229344,104,1039.0526923076925,738.463076923077,1041.5,731,9,20,(,1,class->block->function->block->block_content->decl_stmt->decl->init->expr->call->argument_list,
2,143,rectangle_java2.jpg,rectangle_java2.jpg,4012413331,160,1012.42175,517.849,958.5,512,71,21,this.x2,7,class->block->function->block->block_content->return->expr->name->name->operator->name->operator,
2,143,rectangle_java2.jpg,rectangle_java2.jpg,4012633323,204,932.9888235294118,509.05725490196073,891.5,512,62,21,return,6,class->block->function->block->block_content->return->expr->name->name,
2,143,rectangle_java2.jpg,rectangle_java2.jpg,4012873274,204,895.7356862745098,509.026862745098,891.5,512,62,21,return,6,class->block->function->block->block_content->return->expr->name->name,
2,143,rectangle_java2.jpg,rectangle_java2.jpg,4013021260,128,1016.0384375,505.128125,958.5,512,71,21,this.x2,7,class->block->function->block->block_content->return->expr->name->name->operator->name->operator,
2,143,rectangle_java2.jpg,rectangle_java2.jpg,4013285197,252,869.1598412698413,503.2882539682539,874.5,512,10,21,{,1,class->block->function->block,
2,143,rectangle_java2.jpg,rectangle_java2.jpg,4013449277,160,934.156,502.94775,891.5,512,62,21,return,6,class->block->function->block->block_content->return->expr->name->name,
2,143,rectangle_java2.jpg,rectangle_java2.jpg,4013613288,116,1033.6658620689657,503.6658620689655,1035.5,512,13,21,-,1,class->block->function->block->block_content->return->expr->name->name,
2,143,rectangle_java2.jpg,rectangle_java2.jpg,4014141044,64,886.19125,776.910625,730.5,766,177,21,System.out.println,18,class->block->function->block->block_content->expr_stmt->expr->call->name->name->operator->name->operator->name,
2,143,rectangle_java2.jpg,rectangle_java2.jpg,4014241150,96,881.9304166666667,784.5166666666667,730.5,766,177,21,System.out.println,18,class->block->function->block->block_content->expr_stmt->expr->call->name->name->operator->name->operator->name,
2,143,rectangle_java2.jpg,rectangle_java2.jpg,4026256410,64,866.998125,639.53625,851.5,621,44,21,main,4,class->block->function->name,
2,143,rectangle_java2.jpg,rectangle_java2.jpg,4027644237,92,798.2360869565217,249.16260869565215,785.5,259,23,21,x1,2,class->block->decl_stmt->decl->name,
