trial,participant,code_file,code_language,timestamp,duration,x_cord,y_cord,aoi_x,aoi_y,aoi_width,aoi_height,token,length,srcML,
2,149,rectangle_java2.jpg,rectangle_java2.jpg,16607468409,144,948.5991666666666,294.7308333333333,939.5,295,33,21,int,3,class->block->constructor->parameter_list->parameter->decl->type->name,
2,149,rectangle_java2.jpg,rectangle_java2.jpg,16607600405,128,947.584375,304.93,939.5,295,33,21,int,3,class->block->constructor->parameter_list->parameter->decl->type->name,
2,149,rectangle_java2.jpg,rectangle_java2.jpg,16607668372,56,783.65,342.115,730.5,331,71,19,this.x1,7,class->block->constructor->block->block_content->expr_stmt->expr->name->name->operator->name,
2,149,rectangle_java2.jpg,rectangle_java2.jpg,16607888342,216,779.1966666666667,342.77777777777777,730.5,331,71,19,this.x1,7,class->block->constructor->block->block_content->expr_stmt->expr->name->name->operator->name,
2,149,rectangle_java2.jpg,rectangle_java2.jpg,16609923819,216,796.9583333333334,219.50296296296293,715.5,222,90,21,Rectangle,9,class->name,
2,149,rectangle_java2.jpg,rectangle_java2.jpg,16610324195,372,746.4643010752688,239.13043010752688,715.5,222,90,21,Rectangle,9,class->name,
2,149,rectangle_java2.jpg,rectangle_java2.jpg,16610392198,64,731.77,238.56937500000004,715.5,222,90,21,Rectangle,9,class->name,
2,149,rectangle_java2.jpg,rectangle_java2.jpg,16610844070,68,851.3270588235295,254.97823529411767,833.5,259,23,21,y1,2,class->block->decl_stmt->decl->name,
2,149,rectangle_java2.jpg,rectangle_java2.jpg,16610844070,68,851.3270588235295,254.97823529411767,863.5,259,10,21,"""","""",1,class->block->decl_stmt
2,149,rectangle_java2.jpg,rectangle_java2.jpg,16610975753,128,852.88125,253.46500000000003,833.5,259,23,21,y1,2,class->block->decl_stmt->decl->name,
2,149,rectangle_java2.jpg,rectangle_java2.jpg,16610975753,128,852.88125,253.46500000000003,863.5,259,10,21,"""","""",1,class->block->decl_stmt
2,149,rectangle_java2.jpg,rectangle_java2.jpg,16611228322,220,904.4752727272728,266.60636363636365,881.5,259,23,21,x2,2,class->block->decl_stmt->decl->name,
2,149,rectangle_java2.jpg,rectangle_java2.jpg,16611228322,220,904.4752727272728,266.60636363636365,911.5,259,10,21,"""","""",1,class->block->decl_stmt
2,149,rectangle_java2.jpg,rectangle_java2.jpg,16611384816,124,856.7774193548387,263.96193548387095,863.5,259,10,21,"""","""",1,class->block->decl_stmt
2,149,rectangle_java2.jpg,rectangle_java2.jpg,16611476501,88,855.6604545454545,256.9786363636364,833.5,259,23,21,y1,2,class->block->decl_stmt->decl->name,
2,149,rectangle_java2.jpg,rectangle_java2.jpg,16611476501,88,855.6604545454545,256.9786363636364,863.5,259,10,21,"""","""",1,class->block->decl_stmt
2,149,rectangle_java2.jpg,rectangle_java2.jpg,16611728042,248,907.145,264.99709677419355,911.5,259,10,21,"""","""",1,class->block->decl_stmt
2,149,rectangle_java2.jpg,rectangle_java2.jpg,16611968022,172,771.6039534883721,278.7567441860465,747.5,259,33,21,int,3,class->block->decl_stmt->decl->type->name,
2,149,rectangle_java2.jpg,rectangle_java2.jpg,16612124028,120,735.3823333333333,284.61333333333334,737.5,295,91,21,Rectangle,9,class->block->constructor->name,
2,149,rectangle_java2.jpg,rectangle_java2.jpg,16612276055,148,734.5248648648649,296.7727027027027,737.5,295,91,21,Rectangle,9,class->block->constructor->name,
2,149,rectangle_java2.jpg,rectangle_java2.jpg,16612384082,104,806.2342307692307,291.81461538461537,737.5,295,91,21,Rectangle,9,class->block->constructor->name,
2,149,rectangle_java2.jpg,rectangle_java2.jpg,16612592176,204,814.1145098039216,300.3570588235294,737.5,295,91,21,Rectangle,9,class->block->constructor->name,
2,149,rectangle_java2.jpg,rectangle_java2.jpg,16612816050,152,743.6052631578948,283.2473684210526,737.5,295,91,21,Rectangle,9,class->block->constructor->name,
2,149,rectangle_java2.jpg,rectangle_java2.jpg,16612920062,100,741.9992,290.1624,737.5,295,91,21,Rectangle,9,class->block->constructor->name,
2,149,rectangle_java2.jpg,rectangle_java2.jpg,16613819944,160,792.8077499999999,323.93875,730.5,331,71,19,this.x1,7,class->block->constructor->block->block_content->expr_stmt->expr->name->name->operator->name,
2,149,rectangle_java2.jpg,rectangle_java2.jpg,16613931902,108,795.9503703703704,299.6781481481481,737.5,295,91,21,Rectangle,9,class->block->constructor->name,
2,149,rectangle_java2.jpg,rectangle_java2.jpg,16614039879,104,800.8973076923077,299.5326923076923,737.5,295,91,21,Rectangle,9,class->block->constructor->name,
2,149,rectangle_java2.jpg,rectangle_java2.jpg,16614167987,116,894.6672413793103,297.781724137931,890.5,295,24,21,x1,2,class->block->constructor->parameter_list->parameter->decl->type->name,
2,149,rectangle_java2.jpg,rectangle_java2.jpg,16614563991,188,924.3034042553192,305.7663829787234,921.5,295,9,21,"""","""",1,class->block->constructor->parameter_list
2,149,rectangle_java2.jpg,rectangle_java2.jpg,16614791948,200,786.284,325.4976,730.5,331,71,19,this.x1,7,class->block->constructor->block->block_content->expr_stmt->expr->name->name->operator->name,
2,149,rectangle_java2.jpg,rectangle_java2.jpg,16614907940,112,776.5585714285714,322.10035714285715,730.5,331,71,19,this.x1,7,class->block->constructor->block->block_content->expr_stmt->expr->name->name->operator->name,
2,149,rectangle_java2.jpg,rectangle_java2.jpg,16615163929,220,844.3641818181818,332.38654545454546,826.5,331,23,19,x1,2,class->block->constructor->block->block_content->expr_stmt->expr->name->name,
2,149,rectangle_java2.jpg,rectangle_java2.jpg,16615163929,220,844.3641818181818,332.38654545454546,856.5,331,10,19,;,1,class->block->constructor->block->block_content->expr_stmt,
2,149,rectangle_java2.jpg,rectangle_java2.jpg,16615547817,84,842.6133333333333,366.1576190476191,826.5,367,23,21,y1,2,class->block->constructor->block->block_content->expr_stmt->expr->name->name,
2,149,rectangle_java2.jpg,rectangle_java2.jpg,16615699816,148,842.2467567567568,376.4756756756757,826.5,367,23,21,y1,2,class->block->constructor->block->block_content->expr_stmt->expr->name->name,
2,149,rectangle_java2.jpg,rectangle_java2.jpg,16615875823,116,910.9786206896551,300.03172413793106,890.5,295,24,21,x1,2,class->block->constructor->parameter_list->parameter->decl->type->name,
2,149,rectangle_java2.jpg,rectangle_java2.jpg,16615875823,116,910.9786206896551,300.03172413793106,921.5,295,9,21,"""","""",1,class->block->constructor->parameter_list
2,149,rectangle_java2.jpg,rectangle_java2.jpg,16616075829,164,877.4931707317073,306.87048780487805,853.5,295,32,21,int,3,class->block->constructor->parameter_list->parameter->decl->type->name,
2,149,rectangle_java2.jpg,rectangle_java2.jpg,16616295858,172,761.1502325581396,306.38953488372096,737.5,295,91,21,Rectangle,9,class->block->constructor->name,
2,149,rectangle_java2.jpg,rectangle_java2.jpg,16616943797,112,775.8410714285715,501.8221428571428,775.5,512,53,21,width,5,class->block->function->name,
2,149,rectangle_java2.jpg,rectangle_java2.jpg,16617067767,120,771.083,507.5123333333333,775.5,512,53,21,width,5,class->block->function->name,
2,149,rectangle_java2.jpg,rectangle_java2.jpg,16617615372,60,766.5306666666667,541.228,737.5,549,33,21,int,3,class->block->function->type->name,
2,149,rectangle_java2.jpg,rectangle_java2.jpg,16617615372,60,766.5306666666667,541.228,775.5,549,62,21,height,6,class->block->function->name,
2,149,rectangle_java2.jpg,rectangle_java2.jpg,16617731602,112,757.8503571428571,543.0010714285714,737.5,549,33,21,int,3,class->block->function->type->name,
2,149,rectangle_java2.jpg,rectangle_java2.jpg,16617807740,72,763.3533333333334,540.4527777777778,737.5,549,33,21,int,3,class->block->function->type->name,
2,149,rectangle_java2.jpg,rectangle_java2.jpg,16617807740,72,763.3533333333334,540.4527777777778,775.5,549,62,21,height,6,class->block->function->name,
2,149,rectangle_java2.jpg,rectangle_java2.jpg,16617943718,84,874.3342857142857,541.5852380952381,883.5,549,10,21,{,1,class->block->function->block,
2,149,rectangle_java2.jpg,rectangle_java2.jpg,16618251627,72,948.2311111111112,546.8516666666667,900.5,549,63,21,return,6,class->block->function->block->block_content->return,
2,149,rectangle_java2.jpg,rectangle_java2.jpg,16618311614,56,948.8657142857144,562.7835714285715,900.5,549,63,21,return,6,class->block->function->block->block_content->return,
2,149,rectangle_java2.jpg,rectangle_java2.jpg,16618459474,128,1018.046875,542.873125,968.5,549,70,21,this.y2,7,class->block->function->block->block_content->return->expr->name->name->operator->name,
2,149,rectangle_java2.jpg,rectangle_java2.jpg,16618611470,108,997.594074074074,542.3351851851852,968.5,549,70,21,this.y2,7,class->block->function->block->block_content->return->expr->name->name->operator->name,
2,149,rectangle_java2.jpg,rectangle_java2.jpg,16618671537,56,994.2085714285714,546.7657142857142,968.5,549,70,21,this.y2,7,class->block->function->block->block_content->return->expr->name->name->operator->name,
2,149,rectangle_java2.jpg,rectangle_java2.jpg,16618867723,184,1095.9306521739131,547.9863043478261,1064.5,549,71,21,this.y1,7,class->block->function->block->block_content->return->expr->name->name->operator->name,
2,149,rectangle_java2.jpg,rectangle_java2.jpg,16618975741,104,1093.7888461538462,551.4603846153847,1064.5,549,71,21,this.y1,7,class->block->function->block->block_content->return->expr->name->name->operator->name,
2,149,rectangle_java2.jpg,rectangle_java2.jpg,16619095656,72,1071.1344444444444,540.1727777777778,1064.5,549,71,21,this.y1,7,class->block->function->block->block_content->return->expr->name->name->operator->name,
2,149,rectangle_java2.jpg,rectangle_java2.jpg,16619187582,88,1065.946818181818,545.0622727272727,1064.5,549,71,21,this.y1,7,class->block->function->block->block_content->return->expr->name->name->operator->name,
2,149,rectangle_java2.jpg,rectangle_java2.jpg,16619371587,152,1131.193157894737,551.1255263157894,1064.5,549,71,21,this.y1,7,class->block->function->block->block_content->return->expr->name->name->operator->name,
2,149,rectangle_java2.jpg,rectangle_java2.jpg,16619371587,152,1131.193157894737,551.1255263157894,1142.5,549,10,21,;,1,class->block->function->block->block_content->return,
2,149,rectangle_java2.jpg,rectangle_java2.jpg,16619471582,96,1128.4808333333333,561.6329166666667,1064.5,549,71,21,this.y1,7,class->block->function->block->block_content->return->expr->name->name->operator->name,
2,149,rectangle_java2.jpg,rectangle_java2.jpg,16619631567,100,1147.3452,553.1232,1142.5,549,10,21,;,1,class->block->function->block->block_content->return,
2,149,rectangle_java2.jpg,rectangle_java2.jpg,16619795551,160,1144.212,565.65925,1142.5,549,10,21,;,1,class->block->function->block->block_content->return,
2,149,rectangle_java2.jpg,rectangle_java2.jpg,16619883547,84,1142.7480952380952,559.6233333333333,1142.5,549,10,21,;,1,class->block->function->block->block_content->return,
2,149,rectangle_java2.jpg,rectangle_java2.jpg,16619987546,68,829.7335294117647,551.89,775.5,549,62,21,height,6,class->block->function->name,
2,149,rectangle_java2.jpg,rectangle_java2.jpg,16620155591,60,832.184,588.9373333333333,804.5,585,43,21,area,4,class->block->function->name,
2,149,rectangle_java2.jpg,rectangle_java2.jpg,16620283564,60,894.4033333333333,578.1313333333334,893.5,585,10,21,{,1,class->block->function->block,
2,149,rectangle_java2.jpg,rectangle_java2.jpg,16620443518,56,859.4564285714285,510.73642857142863,854.5,512,9,21,),1,class->block->function->parameter_list,
2,149,rectangle_java2.jpg,rectangle_java2.jpg,16620519513,72,856.5011111111111,527.4805555555556,854.5,512,9,21,),1,class->block->function->parameter_list,
2,149,rectangle_java2.jpg,rectangle_java2.jpg,16620655538,132,840.6387878787879,539.41,846.5,549,10,21,(,1,class->block->function->parameter_list,
2,149,rectangle_java2.jpg,rectangle_java2.jpg,16620843586,60,1003.0393333333334,536.6226666666666,968.5,549,70,21,this.y2,7,class->block->function->block->block_content->return->expr->name->name->operator->name,
2,149,rectangle_java2.jpg,rectangle_java2.jpg,16620975571,80,1009.206,537.04,968.5,549,70,21,this.y2,7,class->block->function->block->block_content->return->expr->name->name->operator->name,
2,149,rectangle_java2.jpg,rectangle_java2.jpg,16621067507,88,999.2018181818182,546.9027272727272,968.5,549,70,21,this.y2,7,class->block->function->block->block_content->return->expr->name->name->operator->name,
2,149,rectangle_java2.jpg,rectangle_java2.jpg,16621175416,104,1007.8265384615383,538.3615384615384,968.5,549,70,21,this.y2,7,class->block->function->block->block_content->return->expr->name->name->operator->name,
2,149,rectangle_java2.jpg,rectangle_java2.jpg,16621383420,172,868.8332558139535,516.4653488372093,874.5,512,10,21,{,1,class->block->function->block,
2,149,rectangle_java2.jpg,rectangle_java2.jpg,16621727440,236,828.7035593220339,524.9564406779662,837.5,512,9,21,(,1,class->block->function->parameter_list,
2,149,rectangle_java2.jpg,rectangle_java2.jpg,16621823437,76,899.2247368421052,519.578947368421,891.5,512,62,21,return,6,class->block->function->block->block_content->return->expr->name->name,
2,149,rectangle_java2.jpg,rectangle_java2.jpg,16621927427,100,899.8224,524.3199999999999,891.5,512,62,21,return,6,class->block->function->block->block_content->return->expr->name->name,
2,149,rectangle_java2.jpg,rectangle_java2.jpg,16622095407,92,968.03,550.7973913043478,968.5,549,70,21,this.y2,7,class->block->function->block->block_content->return->expr->name->name->operator->name,
2,149,rectangle_java2.jpg,rectangle_java2.jpg,16622263407,96,1008.0383333333332,544.2008333333333,968.5,549,70,21,this.y2,7,class->block->function->block->block_content->return->expr->name->name->operator->name,
2,149,rectangle_java2.jpg,rectangle_java2.jpg,16622987127,152,808.503947368421,629.6621052631579,804.5,621,44,21,void,4,class->block->function->type->name,
2,149,rectangle_java2.jpg,rectangle_java2.jpg,16623047128,56,800.5585714285714,608.78,804.5,621,44,21,void,4,class->block->function->type->name,
2,149,rectangle_java2.jpg,rectangle_java2.jpg,16623195250,124,817.3567741935484,662.9945161290323,730.5,658,91,20,Rectangle,9,class->block->function->block->block_content->decl_stmt->decl->type->name,
2,149,rectangle_java2.jpg,rectangle_java2.jpg,16623195250,124,817.3567741935484,662.9945161290323,826.5,658,52,20,rect1,5,class->block->function->block->block_content->decl_stmt->decl->name,
2,149,rectangle_java2.jpg,rectangle_java2.jpg,16623303278,104,816.6061538461538,675.4073076923077,730.5,658,91,20,Rectangle,9,class->block->function->block->block_content->decl_stmt->decl->type->name,
2,149,rectangle_java2.jpg,rectangle_java2.jpg,16623303278,104,816.6061538461538,675.4073076923077,826.5,658,52,20,rect1,5,class->block->function->block->block_content->decl_stmt->decl->name,
2,149,rectangle_java2.jpg,rectangle_java2.jpg,16623555284,240,895.5645,684.011,730.5,694,177,21,System.out.println,18,class->block->function->block->block_content->expr_stmt->expr->call->name->name->operator->name->operator->name,
2,149,rectangle_java2.jpg,rectangle_java2.jpg,16623763525,184,1087.7232608695651,700.341304347826,1096.5,694,10,21,;,1,class->block->function->block->block_content->expr_stmt,
2,149,rectangle_java2.jpg,rectangle_java2.jpg,16623855504,56,1034.1385714285714,701.1621428571428,1041.5,694,9,21,(,1,class->block->function->block->block_content->expr_stmt->expr->call->argument_list->argument->expr->call->argument_list,
2,149,rectangle_java2.jpg,rectangle_java2.jpg,16623987325,128,1035.928125,697.4096875,1041.5,694,9,21,(,1,class->block->function->block->block_content->expr_stmt->expr->call->argument_list->argument->expr->call->argument_list,
2,149,rectangle_java2.jpg,rectangle_java2.jpg,16624679302,108,913.5285185185184,671.7603703703704,902.5,658,34,20,new,3,class->block->function->block->block_content->decl_stmt->decl->init->expr->operator,
2,149,rectangle_java2.jpg,rectangle_java2.jpg,16624763299,80,902.796,675.5844999999999,902.5,658,34,20,new,3,class->block->function->block->block_content->decl_stmt->decl->init->expr->operator,
2,149,rectangle_java2.jpg,rectangle_java2.jpg,16624827280,60,840.8466666666667,672.274,826.5,658,52,20,rect1,5,class->block->function->block->block_content->decl_stmt->decl->name,
2,149,rectangle_java2.jpg,rectangle_java2.jpg,16624919227,88,833.0727272727273,667.7436363636364,826.5,658,52,20,rect1,5,class->block->function->block->block_content->decl_stmt->decl->name,
2,149,rectangle_java2.jpg,rectangle_java2.jpg,16625163196,72,899.8100000000001,551.7033333333334,900.5,549,63,21,return,6,class->block->function->block->block_content->return,
2,149,rectangle_java2.jpg,rectangle_java2.jpg,16625223200,56,898.8307142857143,551.2814285714286,900.5,549,63,21,return,6,class->block->function->block->block_content->return,
2,149,rectangle_java2.jpg,rectangle_java2.jpg,16625295195,68,892.9023529411764,540.0017647058824,883.5,549,10,21,{,1,class->block->function->block,
2,149,rectangle_java2.jpg,rectangle_java2.jpg,16625295195,68,892.9023529411764,540.0017647058824,900.5,549,63,21,return,6,class->block->function->block->block_content->return,
2,149,rectangle_java2.jpg,rectangle_java2.jpg,16625423177,124,879.2103225806452,525.8912903225806,874.5,512,10,21,{,1,class->block->function->block,
2,149,rectangle_java2.jpg,rectangle_java2.jpg,16625423177,124,879.2103225806452,525.8912903225806,891.5,512,62,21,return,6,class->block->function->block->block_content->return->expr->name->name,
2,149,rectangle_java2.jpg,rectangle_java2.jpg,16625523178,96,865.9045833333333,525.6304166666666,874.5,512,10,21,{,1,class->block->function->block,
2,149,rectangle_java2.jpg,rectangle_java2.jpg,16625611189,84,852.8257142857143,527.6490476190477,854.5,512,9,21,),1,class->block->function->parameter_list,
2,149,rectangle_java2.jpg,rectangle_java2.jpg,16625771183,108,998.325925925926,539.3640740740741,968.5,549,70,21,this.y2,7,class->block->function->block->block_content->return->expr->name->name->operator->name,
2,149,rectangle_java2.jpg,rectangle_java2.jpg,16625875155,100,1006.5284,551.0228,968.5,549,70,21,this.y2,7,class->block->function->block->block_content->return->expr->name->name->operator->name,
2,149,rectangle_java2.jpg,rectangle_java2.jpg,16625975129,68,1023.714705882353,557.4,968.5,549,70,21,this.y2,7,class->block->function->block->block_content->return->expr->name->name->operator->name,
2,149,rectangle_java2.jpg,rectangle_java2.jpg,16626087127,56,1020.0264285714286,541.8921428571429,968.5,549,70,21,this.y2,7,class->block->function->block->block_content->return->expr->name->name->operator->name,
2,149,rectangle_java2.jpg,rectangle_java2.jpg,16626171155,56,1033.6107142857145,576.5121428571429,977.5,585,101,21,this.width,10,class->block->function->block->block_content->return->expr->call->name->name->operator->name,
2,149,rectangle_java2.jpg,rectangle_java2.jpg,16631974793,132,817.2315151515152,271.47848484848487,815.5,259,10,21,"""","""",1,class->block->decl_stmt
2,149,rectangle_java2.jpg,rectangle_java2.jpg,16632114755,80,797.8795,341.015,730.5,331,71,19,this.x1,7,class->block->constructor->block->block_content->expr_stmt->expr->name->name->operator->name,
2,149,rectangle_java2.jpg,rectangle_java2.jpg,16632114755,80,797.8795,341.015,806.5,331,15,19,=,1,class->block->constructor->block->block_content->expr_stmt->expr->operator,
2,149,rectangle_java2.jpg,rectangle_java2.jpg,16632294743,176,792.5893181818182,342.3438636363636,730.5,331,71,19,this.x1,7,class->block->constructor->block->block_content->expr_stmt->expr->name->name->operator->name,
2,149,rectangle_java2.jpg,rectangle_java2.jpg,16632506559,172,841.089534883721,349.723488372093,826.5,331,23,19,x1,2,class->block->constructor->block->block_content->expr_stmt->expr->name->name,
2,149,rectangle_java2.jpg,rectangle_java2.jpg,16632574427,64,828.6125,380.314375,826.5,367,23,21,y1,2,class->block->constructor->block->block_content->expr_stmt->expr->name->name,
2,149,rectangle_java2.jpg,rectangle_java2.jpg,16632918987,96,830.4308333333333,396.44125,826.5,404,23,19,x2,2,class->block->constructor->block->block_content->expr_stmt->expr->name->name,
2,149,rectangle_java2.jpg,rectangle_java2.jpg,16635318515,108,863.3844444444444,785.1562962962963,730.5,766,177,21,System.out.println,18,class->block->function->block->block_content->expr_stmt->expr->call->name->name->operator->name->operator->name,
2,149,rectangle_java2.jpg,rectangle_java2.jpg,16635482489,160,857.32425,773.324,730.5,766,177,21,System.out.println,18,class->block->function->block->block_content->expr_stmt->expr->call->name->name->operator->name->operator->name,
2,149,rectangle_java2.jpg,rectangle_java2.jpg,16635914568,152,1115.6115789473683,566.3115789473684,1064.5,549,71,21,this.y1,7,class->block->function->block->block_content->return->expr->name->name->operator->name,
2,149,rectangle_java2.jpg,rectangle_java2.jpg,16636078762,68,1085.5341176470588,577.8164705882352,1086.5,585,10,21,(,1,class->block->function->block->block_content->return->expr->call->argument_list,
2,149,rectangle_java2.jpg,rectangle_java2.jpg,16636494357,180,1017.3842222222222,590.9637777777778,977.5,585,101,21,this.width,10,class->block->function->block->block_content->return->expr->call->name->name->operator->name,
2,149,rectangle_java2.jpg,rectangle_java2.jpg,16636626409,84,1021.2833333333332,596.0628571428572,977.5,585,101,21,this.width,10,class->block->function->block->block_content->return->expr->call->name->name->operator->name,
2,149,rectangle_java2.jpg,rectangle_java2.jpg,16636778416,108,1016.8581481481482,605.1459259259259,977.5,585,101,21,this.width,10,class->block->function->block->block_content->return->expr->call->name->name->operator->name,
2,149,rectangle_java2.jpg,rectangle_java2.jpg,16636882396,100,1023.0296,599.5904,977.5,585,101,21,this.width,10,class->block->function->block->block_content->return->expr->call->name->name->operator->name,
2,149,rectangle_java2.jpg,rectangle_java2.jpg,16636954373,68,1018.2611764705882,612.9064705882353,1025.5,621,42,21,args,4,class->block->function->parameter_list->parameter->decl->name,
