trial,participant,code_file,code_language,timestamp,duration,x_cord,y_cord,aoi_x,aoi_y,aoi_width,aoi_height,token,length,srcML,
2,157,rectangle_java2.jpg,rectangle_java2.jpg,3705792952,92,722.8260869565217,290.48,669.5,295,63,21,public,6,class->block->constructor->specifier,
2,157,rectangle_java2.jpg,rectangle_java2.jpg,3751198629,64,911.64625,271.284375,911.5,259,10,21,"""","""",1,class->block->decl_stmt
2,157,rectangle_java2.jpg,rectangle_java2.jpg,3751750614,100,927.2548,247.3804,929.5,259,23,21,y2,2,class->block->decl_stmt->decl->name,
2,157,rectangle_java2.jpg,rectangle_java2.jpg,3752962481,100,798.498,219.7412,715.5,222,90,21,Rectangle,9,class->name,
2,157,rectangle_java2.jpg,rectangle_java2.jpg,3753022474,56,802.9221428571428,236.07,715.5,222,90,21,Rectangle,9,class->name,
2,157,rectangle_java2.jpg,rectangle_java2.jpg,3753022474,56,802.9221428571428,236.07,813.5,222,10,21,{,1,class->block,
2,157,rectangle_java2.jpg,rectangle_java2.jpg,3753534574,120,934.89,290.33433333333335,939.5,295,33,21,int,3,class->block->constructor->parameter_list->parameter->decl->type->name,
2,157,rectangle_java2.jpg,rectangle_java2.jpg,3753626519,88,925.1345454545454,277.85727272727274,929.5,259,23,21,y2,2,class->block->decl_stmt->decl->name,
2,157,rectangle_java2.jpg,rectangle_java2.jpg,3753686525,56,921.9607142857144,260.1428571428572,929.5,259,23,21,y2,2,class->block->decl_stmt->decl->name,
2,157,rectangle_java2.jpg,rectangle_java2.jpg,3753878491,112,926.8642857142858,278.4453571428571,929.5,259,23,21,y2,2,class->block->decl_stmt->decl->name,
2,157,rectangle_java2.jpg,rectangle_java2.jpg,3755134368,68,918.4235294117648,273.42411764705884,911.5,259,10,21,"""","""",1,class->block->decl_stmt
2,157,rectangle_java2.jpg,rectangle_java2.jpg,3755134368,68,918.4235294117648,273.42411764705884,929.5,259,23,21,y2,2,class->block->decl_stmt->decl->name,
2,157,rectangle_java2.jpg,rectangle_java2.jpg,3755382633,124,920.881935483871,297.61225806451614,921.5,295,9,21,"""","""",1,class->block->constructor->parameter_list
2,157,rectangle_java2.jpg,rectangle_java2.jpg,3755498429,72,936.0144444444444,276.1911111111111,929.5,259,23,21,y2,2,class->block->decl_stmt->decl->name,
2,157,rectangle_java2.jpg,rectangle_java2.jpg,3755558324,56,938.3814285714286,251.98285714285717,929.5,259,23,21,y2,2,class->block->decl_stmt->decl->name,
