trial,participant,code_file,code_language,timestamp,duration,x_cord,y_cord,aoi_x,aoi_y,aoi_width,aoi_height,token,length,srcML,
2,16,rectangle_java2.jpg,rectangle_java2.jpg,7480909659,172,680.6758139534884,259.3332558139535,669.5,259,72,21,private,7,class->block->decl_stmt->decl->type->specifier,
2,16,rectangle_java2.jpg,rectangle_java2.jpg,7481081875,128,703.4046875,265.44875,669.5,259,72,21,private,7,class->block->decl_stmt->decl->type->specifier,
2,16,rectangle_java2.jpg,rectangle_java2.jpg,7481305849,188,844.8225531914893,312.4768085106383,837.5,295,9,21,(,1,class->block->constructor->parameter_list,
2,16,rectangle_java2.jpg,rectangle_java2.jpg,7481305849,188,844.8225531914893,312.4768085106383,853.5,295,32,21,int,3,class->block->constructor->parameter_list->parameter->decl->type->name,
2,16,rectangle_java2.jpg,rectangle_java2.jpg,7481665914,172,725.36,269.7623255813954,669.5,259,72,21,private,7,class->block->decl_stmt->decl->type->specifier,
2,16,rectangle_java2.jpg,rectangle_java2.jpg,7481757912,88,729.8454545454546,296.62,669.5,295,63,21,public,6,class->block->constructor->specifier,
2,16,rectangle_java2.jpg,rectangle_java2.jpg,7481757912,88,729.8454545454546,296.62,737.5,295,91,21,Rectangle,9,class->block->constructor->name,
2,16,rectangle_java2.jpg,rectangle_java2.jpg,7481905921,144,730.1508333333334,295.43055555555554,669.5,295,63,21,public,6,class->block->constructor->specifier,
2,16,rectangle_java2.jpg,rectangle_java2.jpg,7481905921,144,730.1508333333334,295.43055555555554,737.5,295,91,21,Rectangle,9,class->block->constructor->name,
2,16,rectangle_java2.jpg,rectangle_java2.jpg,7482189920,240,809.676,300.1815,737.5,295,91,21,Rectangle,9,class->block->constructor->name,
2,16,rectangle_java2.jpg,rectangle_java2.jpg,7482345804,108,765.7677777777777,302.1166666666667,737.5,295,91,21,Rectangle,9,class->block->constructor->name,
2,16,rectangle_java2.jpg,rectangle_java2.jpg,7482677812,60,838.9046666666667,306.83866666666665,837.5,295,9,21,(,1,class->block->constructor->parameter_list,
2,16,rectangle_java2.jpg,rectangle_java2.jpg,7482921819,224,914.5264285714286,313.0573214285714,921.5,295,9,21,"""","""",1,class->block->constructor->parameter_list
2,16,rectangle_java2.jpg,rectangle_java2.jpg,7483325783,368,879.5563043478261,296.81489130434784,853.5,295,32,21,int,3,class->block->constructor->parameter_list->parameter->decl->type->name,
2,16,rectangle_java2.jpg,rectangle_java2.jpg,7483325783,368,879.5563043478261,296.81489130434784,890.5,295,24,21,x1,2,class->block->constructor->parameter_list->parameter->decl->type->name,
2,16,rectangle_java2.jpg,rectangle_java2.jpg,7483505768,176,864.7690909090909,297.0088636363636,853.5,295,32,21,int,3,class->block->constructor->parameter_list->parameter->decl->type->name,
2,16,rectangle_java2.jpg,rectangle_java2.jpg,7483629747,120,866.884,291.266,853.5,295,32,21,int,3,class->block->constructor->parameter_list->parameter->decl->type->name,
2,16,rectangle_java2.jpg,rectangle_java2.jpg,7483717721,84,869.8347619047619,304.44619047619045,853.5,295,32,21,int,3,class->block->constructor->parameter_list->parameter->decl->type->name,
2,16,rectangle_java2.jpg,rectangle_java2.jpg,7483921542,172,920.6125581395348,299.3302325581395,921.5,295,9,21,"""","""",1,class->block->constructor->parameter_list
2,16,rectangle_java2.jpg,rectangle_java2.jpg,7483997545,72,817.3205555555555,296.82944444444445,737.5,295,91,21,Rectangle,9,class->block->constructor->name,
2,16,rectangle_java2.jpg,rectangle_java2.jpg,7484181631,180,813.5871111111111,287.22444444444443,737.5,295,91,21,Rectangle,9,class->block->constructor->name,
2,16,rectangle_java2.jpg,rectangle_java2.jpg,7484273649,88,816.334090909091,302.05045454545456,737.5,295,91,21,Rectangle,9,class->block->constructor->name,
2,16,rectangle_java2.jpg,rectangle_java2.jpg,7484509623,188,878.5072340425531,297.0436170212766,853.5,295,32,21,int,3,class->block->constructor->parameter_list->parameter->decl->type->name,
2,16,rectangle_java2.jpg,rectangle_java2.jpg,7484509623,188,878.5072340425531,297.0436170212766,890.5,295,24,21,x1,2,class->block->constructor->parameter_list->parameter->decl->type->name,
2,16,rectangle_java2.jpg,rectangle_java2.jpg,7484609656,96,881.3666666666667,297.87041666666664,853.5,295,32,21,int,3,class->block->constructor->parameter_list->parameter->decl->type->name,
2,16,rectangle_java2.jpg,rectangle_java2.jpg,7484609656,96,881.3666666666667,297.87041666666664,890.5,295,24,21,x1,2,class->block->constructor->parameter_list->parameter->decl->type->name,
2,16,rectangle_java2.jpg,rectangle_java2.jpg,7484773714,128,925.76375,300.316875,921.5,295,9,21,"""","""",1,class->block->constructor->parameter_list
2,16,rectangle_java2.jpg,rectangle_java2.jpg,7484901659,64,785.318125,305.88,737.5,295,91,21,Rectangle,9,class->block->constructor->name,
2,16,rectangle_java2.jpg,rectangle_java2.jpg,7485053626,148,778.9148648648649,307.23945945945945,737.5,295,91,21,Rectangle,9,class->block->constructor->name,
2,16,rectangle_java2.jpg,rectangle_java2.jpg,7485285643,144,834.4372222222222,332.5861111111111,826.5,331,23,19,x1,2,class->block->constructor->block->block_content->expr_stmt->expr->name->name,
2,16,rectangle_java2.jpg,rectangle_java2.jpg,7485789307,72,783.65,335.03166666666664,730.5,331,71,19,this.x1,7,class->block->constructor->block->block_content->expr_stmt->expr->name->name->operator->name,
2,16,rectangle_java2.jpg,rectangle_java2.jpg,7485945465,152,777.5457894736842,336.9113157894737,730.5,331,71,19,this.x1,7,class->block->constructor->block->block_content->expr_stmt->expr->name->name->operator->name,
2,16,rectangle_java2.jpg,rectangle_java2.jpg,7486509311,168,1140.9240476190475,308.96309523809526,1112.5,295,33,21,int,3,class->block->constructor->parameter_list->parameter->decl->type->name,
2,16,rectangle_java2.jpg,rectangle_java2.jpg,7486509311,168,1140.9240476190475,308.96309523809526,1150.5,295,23,21,y2,2,class->block->constructor->parameter_list->parameter->decl->type->name,
2,16,rectangle_java2.jpg,rectangle_java2.jpg,7486845512,152,812.6297368421052,380.435,806.5,367,15,21,=,1,class->block->constructor->block->block_content->expr_stmt->expr->operator,
2,16,rectangle_java2.jpg,rectangle_java2.jpg,7486925507,76,815.1442105263158,356.00052631578944,806.5,367,15,21,=,1,class->block->constructor->block->block_content->expr_stmt->expr->operator,
2,16,rectangle_java2.jpg,rectangle_java2.jpg,7486925507,76,815.1442105263158,356.00052631578944,826.5,367,23,21,y1,2,class->block->constructor->block->block_content->expr_stmt->expr->name->name,
2,16,rectangle_java2.jpg,rectangle_java2.jpg,7487029493,100,817.5956,354.5868,806.5,367,15,21,=,1,class->block->constructor->block->block_content->expr_stmt->expr->operator,
2,16,rectangle_java2.jpg,rectangle_java2.jpg,7487029493,100,817.5956,354.5868,826.5,367,23,21,y1,2,class->block->constructor->block->block_content->expr_stmt->expr->name->name,
2,16,rectangle_java2.jpg,rectangle_java2.jpg,7487153471,120,836.237,355.768,826.5,367,23,21,y1,2,class->block->constructor->block->block_content->expr_stmt->expr->name->name,
2,16,rectangle_java2.jpg,rectangle_java2.jpg,7487213457,56,830.8821428571429,363.9628571428572,826.5,367,23,21,y1,2,class->block->constructor->block->block_content->expr_stmt->expr->name->name,
2,16,rectangle_java2.jpg,rectangle_java2.jpg,7487353423,108,782.0714814814814,356.25333333333333,730.5,367,71,21,this.y1,7,class->block->constructor->block->block_content->expr_stmt->expr->name->name->operator->name,
2,16,rectangle_java2.jpg,rectangle_java2.jpg,7487481263,72,779.4733333333334,355.20944444444444,730.5,367,71,21,this.y1,7,class->block->constructor->block->block_content->expr_stmt->expr->name->name->operator->name,
2,16,rectangle_java2.jpg,rectangle_java2.jpg,7487917452,196,798.2136734693878,360.9761224489796,730.5,367,71,21,this.y1,7,class->block->constructor->block->block_content->expr_stmt->expr->name->name->operator->name,
2,16,rectangle_java2.jpg,rectangle_java2.jpg,7487917452,196,798.2136734693878,360.9761224489796,806.5,367,15,21,=,1,class->block->constructor->block->block_content->expr_stmt->expr->operator,
2,16,rectangle_java2.jpg,rectangle_java2.jpg,7487985393,64,794.383125,378.984375,730.5,367,71,21,this.y1,7,class->block->constructor->block->block_content->expr_stmt->expr->name->name->operator->name,
2,16,rectangle_java2.jpg,rectangle_java2.jpg,7487985393,64,794.383125,378.984375,806.5,367,15,21,=,1,class->block->constructor->block->block_content->expr_stmt->expr->operator,
2,16,rectangle_java2.jpg,rectangle_java2.jpg,7488045480,56,804.2335714285714,374.3435714285714,806.5,367,15,21,=,1,class->block->constructor->block->block_content->expr_stmt->expr->operator,
2,16,rectangle_java2.jpg,rectangle_java2.jpg,7488337629,260,776.1058461538462,432.8446153846154,730.5,440,71,21,this.y2,7,class->block->constructor->block->block_content->expr_stmt->expr->name->name->operator->name,
2,16,rectangle_java2.jpg,rectangle_java2.jpg,7488429590,64,804.6725,404.278125,806.5,404,15,19,=,1,class->block->constructor->block->block_content->expr_stmt->expr->operator,
2,16,rectangle_java2.jpg,rectangle_java2.jpg,7488673411,204,810.2711764705882,365.79823529411766,806.5,367,15,21,=,1,class->block->constructor->block->block_content->expr_stmt->expr->operator,
2,16,rectangle_java2.jpg,rectangle_java2.jpg,7488741408,64,813.82,362.913125,806.5,367,15,21,=,1,class->block->constructor->block->block_content->expr_stmt->expr->operator,
2,16,rectangle_java2.jpg,rectangle_java2.jpg,7488949309,204,834.2392156862745,367.8811764705882,826.5,367,23,21,y1,2,class->block->constructor->block->block_content->expr_stmt->expr->name->name,
2,16,rectangle_java2.jpg,rectangle_java2.jpg,7489241439,264,786.6375757575757,359.0712121212121,730.5,367,71,21,this.y1,7,class->block->constructor->block->block_content->expr_stmt->expr->name->name->operator->name,
2,16,rectangle_java2.jpg,rectangle_java2.jpg,7489301359,56,793.9114285714286,362.86285714285714,730.5,367,71,21,this.y1,7,class->block->constructor->block->block_content->expr_stmt->expr->name->name->operator->name,
2,16,rectangle_java2.jpg,rectangle_java2.jpg,7489389244,84,824.71,365.6404761904762,826.5,367,23,21,y1,2,class->block->constructor->block->block_content->expr_stmt->expr->name->name,
2,16,rectangle_java2.jpg,rectangle_java2.jpg,7489481216,88,834.204090909091,371.6527272727273,826.5,367,23,21,y1,2,class->block->constructor->block->block_content->expr_stmt->expr->name->name,
2,16,rectangle_java2.jpg,rectangle_java2.jpg,7489541213,56,837.9907142857143,379.01714285714286,826.5,367,23,21,y1,2,class->block->constructor->block->block_content->expr_stmt->expr->name->name,
2,16,rectangle_java2.jpg,rectangle_java2.jpg,7489641217,96,831.5308333333334,368.9691666666666,826.5,367,23,21,y1,2,class->block->constructor->block->block_content->expr_stmt->expr->name->name,
2,16,rectangle_java2.jpg,rectangle_java2.jpg,7489773202,128,829.9721875,364.454375,826.5,367,23,21,y1,2,class->block->constructor->block->block_content->expr_stmt->expr->name->name,
2,16,rectangle_java2.jpg,rectangle_java2.jpg,7489981629,176,785.1229545454545,363.56,730.5,367,71,21,this.y1,7,class->block->constructor->block->block_content->expr_stmt->expr->name->name->operator->name,
2,16,rectangle_java2.jpg,rectangle_java2.jpg,7490161388,176,783.6506818181819,362.74227272727273,730.5,367,71,21,this.y1,7,class->block->constructor->block->block_content->expr_stmt->expr->name->name->operator->name,
2,16,rectangle_java2.jpg,rectangle_java2.jpg,7490221329,56,789.9264285714286,356.4485714285714,730.5,367,71,21,this.y1,7,class->block->constructor->block->block_content->expr_stmt->expr->name->name->operator->name,
2,16,rectangle_java2.jpg,rectangle_java2.jpg,7490333322,108,801.3381481481481,369.5355555555556,730.5,367,71,21,this.y1,7,class->block->constructor->block->block_content->expr_stmt->expr->name->name->operator->name,
2,16,rectangle_java2.jpg,rectangle_java2.jpg,7490333322,108,801.3381481481481,369.5355555555556,806.5,367,15,21,=,1,class->block->constructor->block->block_content->expr_stmt->expr->operator,
2,16,rectangle_java2.jpg,rectangle_java2.jpg,7490425356,88,800.7263636363637,377.065,730.5,367,71,21,this.y1,7,class->block->constructor->block->block_content->expr_stmt->expr->name->name->operator->name,
2,16,rectangle_java2.jpg,rectangle_java2.jpg,7490425356,88,800.7263636363637,377.065,806.5,367,15,21,=,1,class->block->constructor->block->block_content->expr_stmt->expr->operator,
2,16,rectangle_java2.jpg,rectangle_java2.jpg,7490529429,100,804.4392,364.1824,806.5,367,15,21,=,1,class->block->constructor->block->block_content->expr_stmt->expr->operator,
2,16,rectangle_java2.jpg,rectangle_java2.jpg,7490893249,332,841.4940963855422,394.4346987951808,826.5,404,23,19,x2,2,class->block->constructor->block->block_content->expr_stmt->expr->name->name,
2,16,rectangle_java2.jpg,rectangle_java2.jpg,7491097249,128,813.20125,448.1653125,806.5,440,15,21,=,1,class->block->constructor->block->block_content->expr_stmt->expr->operator,
2,16,rectangle_java2.jpg,rectangle_java2.jpg,7491461144,132,748.8372727272728,522.3027272727272,737.5,512,33,21,int,3,class->block->function->type->name,
2,16,rectangle_java2.jpg,rectangle_java2.jpg,7491633120,112,824.0710714285714,516.8353571428571,775.5,512,53,21,width,5,class->block->function->name,
2,16,rectangle_java2.jpg,rectangle_java2.jpg,7491773071,80,822.343,531.7545,775.5,512,53,21,width,5,class->block->function->name,
2,16,rectangle_java2.jpg,rectangle_java2.jpg,7491901098,76,791.4736842105264,524.9126315789474,775.5,512,53,21,width,5,class->block->function->name,
2,16,rectangle_java2.jpg,rectangle_java2.jpg,7492033148,128,777.2346875,519.8021875,775.5,512,53,21,width,5,class->block->function->name,
2,16,rectangle_java2.jpg,rectangle_java2.jpg,7492349133,120,999.2806666666668,543.5906666666667,968.5,549,70,21,this.y2,7,class->block->function->block->block_content->return->expr->name->name->operator->name,
2,16,rectangle_java2.jpg,rectangle_java2.jpg,7492661054,252,1082.818888888889,528.2161904761905,1054.5,512,71,21,this.x1,7,class->block->function->block->block_content->return->expr->name->name->operator->name,
2,16,rectangle_java2.jpg,rectangle_java2.jpg,7492869078,156,1007.3194871794872,522.8610256410257,958.5,512,71,21,this.x2,7,class->block->function->block->block_content->return->expr->name->name->operator->name->operator,
2,16,rectangle_java2.jpg,rectangle_java2.jpg,7493033096,112,944.1921428571428,518.1675,891.5,512,62,21,return,6,class->block->function->block->block_content->return->expr->name->name,
2,16,rectangle_java2.jpg,rectangle_java2.jpg,7493136986,100,948.7716,519.9448,891.5,512,62,21,return,6,class->block->function->block->block_content->return->expr->name->name,
2,16,rectangle_java2.jpg,rectangle_java2.jpg,7493136986,100,948.7716,519.9448,958.5,512,71,21,this.x2,7,class->block->function->block->block_content->return->expr->name->name->operator->name->operator,
2,16,rectangle_java2.jpg,rectangle_java2.jpg,7493384848,212,1003.5607547169813,525.1169811320755,958.5,512,71,21,this.x2,7,class->block->function->block->block_content->return->expr->name->name->operator->name->operator,
2,16,rectangle_java2.jpg,rectangle_java2.jpg,7493616955,200,1062.6994,530.0882,1054.5,512,71,21,this.x1,7,class->block->function->block->block_content->return->expr->name->name->operator->name,
2,16,rectangle_java2.jpg,rectangle_java2.jpg,7493680959,60,1060.006666666667,537.578,1064.5,549,71,21,this.y1,7,class->block->function->block->block_content->return->expr->name->name->operator->name,
2,16,rectangle_java2.jpg,rectangle_java2.jpg,7493925161,60,1026.47,515.8686666666666,958.5,512,71,21,this.x2,7,class->block->function->block->block_content->return->expr->name->name->operator->name->operator,
2,16,rectangle_java2.jpg,rectangle_java2.jpg,7493925161,60,1026.47,515.8686666666666,1035.5,512,13,21,-,1,class->block->function->block->block_content->return->expr->name->name,
2,16,rectangle_java2.jpg,rectangle_java2.jpg,7494053044,124,1023.5896774193548,527.3896774193548,958.5,512,71,21,this.x2,7,class->block->function->block->block_content->return->expr->name->name->operator->name->operator,
2,16,rectangle_java2.jpg,rectangle_java2.jpg,7494053044,124,1023.5896774193548,527.3896774193548,1035.5,512,13,21,-,1,class->block->function->block->block_content->return->expr->name->name,
2,16,rectangle_java2.jpg,rectangle_java2.jpg,7494184926,72,1075.4538888888887,532.2844444444445,1054.5,512,71,21,this.x1,7,class->block->function->block->block_content->return->expr->name->name->operator->name,
2,16,rectangle_java2.jpg,rectangle_java2.jpg,7494260943,72,1082.2583333333332,547.0755555555555,1064.5,549,71,21,this.y1,7,class->block->function->block->block_content->return->expr->name->name->operator->name,
2,16,rectangle_java2.jpg,rectangle_java2.jpg,7494392991,128,1084.00125,553.420625,1064.5,549,71,21,this.y1,7,class->block->function->block->block_content->return->expr->name->name->operator->name,
2,16,rectangle_java2.jpg,rectangle_java2.jpg,7494472987,76,1087.8894736842103,545.3857894736842,1064.5,549,71,21,this.y1,7,class->block->function->block->block_content->return->expr->name->name->operator->name,
2,16,rectangle_java2.jpg,rectangle_java2.jpg,7494772962,212,1115.3469811320754,554.2435849056603,1064.5,549,71,21,this.y1,7,class->block->function->block->block_content->return->expr->name->name->operator->name,
2,16,rectangle_java2.jpg,rectangle_java2.jpg,7495040765,232,1048.559827586207,548.5439655172414,1045.5,549,13,21,-,1,class->block->function->block->block_content->return->expr->operator,
2,16,rectangle_java2.jpg,rectangle_java2.jpg,7495108661,64,1047.2925,553.49625,1045.5,549,13,21,-,1,class->block->function->block->block_content->return->expr->operator,
2,16,rectangle_java2.jpg,rectangle_java2.jpg,7495368805,184,797.4597826086956,556.7421739130435,775.5,549,62,21,height,6,class->block->function->name,
2,16,rectangle_java2.jpg,rectangle_java2.jpg,7495512797,140,795.624,564.3114285714286,775.5,549,62,21,height,6,class->block->function->name,
2,16,rectangle_java2.jpg,rectangle_java2.jpg,7495572866,56,798.1328571428571,559.1614285714286,775.5,549,62,21,height,6,class->block->function->name,
2,16,rectangle_java2.jpg,rectangle_java2.jpg,7495813240,108,832.3196296296296,566.5348148148148,775.5,549,62,21,height,6,class->block->function->name,
2,16,rectangle_java2.jpg,rectangle_java2.jpg,7496228816,324,836.5349382716049,514.4772839506173,837.5,512,9,21,(,1,class->block->function->parameter_list,
2,16,rectangle_java2.jpg,rectangle_java2.jpg,7496316788,64,830.37375,355.308125,826.5,367,23,21,y1,2,class->block->constructor->block->block_content->expr_stmt->expr->name->name,
2,16,rectangle_java2.jpg,rectangle_java2.jpg,7496496805,176,816.6059090909091,347.0609090909091,806.5,331,15,19,=,1,class->block->constructor->block->block_content->expr_stmt->expr->operator,
2,16,rectangle_java2.jpg,rectangle_java2.jpg,7496496805,176,816.6059090909091,347.0609090909091,826.5,331,23,19,x1,2,class->block->constructor->block->block_content->expr_stmt->expr->name->name,
2,16,rectangle_java2.jpg,rectangle_java2.jpg,7496716771,216,821.6355555555556,365.6877777777778,826.5,367,23,21,y1,2,class->block->constructor->block->block_content->expr_stmt->expr->name->name,
2,16,rectangle_java2.jpg,rectangle_java2.jpg,7496856631,136,815.3064705882352,364.1932352941176,806.5,367,15,21,=,1,class->block->constructor->block->block_content->expr_stmt->expr->operator,
2,16,rectangle_java2.jpg,rectangle_java2.jpg,7496856631,136,815.3064705882352,364.1932352941176,826.5,367,23,21,y1,2,class->block->constructor->block->block_content->expr_stmt->expr->name->name,
2,16,rectangle_java2.jpg,rectangle_java2.jpg,7497040506,88,1136.1131818181818,588.8690909090909,1140.5,585,110,21,this.height,11,class->block->function->block->block_content->return->expr->call->name->name->operator->name,
2,16,rectangle_java2.jpg,rectangle_java2.jpg,7497292667,156,1091.159487179487,555.4364102564102,1064.5,549,71,21,this.y1,7,class->block->function->block->block_content->return->expr->name->name->operator->name,
2,16,rectangle_java2.jpg,rectangle_java2.jpg,7497396686,100,1081.9592,575.0364,1086.5,585,10,21,(,1,class->block->function->block->block_content->return->expr->call->argument_list,
2,16,rectangle_java2.jpg,rectangle_java2.jpg,7497708722,96,914.5245833333332,555.11,900.5,549,63,21,return,6,class->block->function->block->block_content->return,
2,16,rectangle_java2.jpg,rectangle_java2.jpg,7497896706,88,813.8618181818182,604.7559090909091,804.5,585,43,21,area,4,class->block->function->name,
2,16,rectangle_java2.jpg,rectangle_java2.jpg,7497984702,84,826.4166666666666,604.5257142857143,804.5,585,43,21,area,4,class->block->function->name,
2,16,rectangle_java2.jpg,rectangle_java2.jpg,7498148678,124,771.9300000000001,600.178064516129,737.5,585,62,21,double,6,class->block->function->type->name,
2,16,rectangle_java2.jpg,rectangle_java2.jpg,7498268661,116,773.3993103448275,609.0086206896551,738.5,621,61,21,static,6,class->block->function->type->specifier,
2,16,rectangle_java2.jpg,rectangle_java2.jpg,7498420636,148,843.0735135135135,608.8132432432433,804.5,621,44,21,void,4,class->block->function->type->name,
2,16,rectangle_java2.jpg,rectangle_java2.jpg,7498420636,148,843.0735135135135,608.8132432432433,851.5,621,44,21,main,4,class->block->function->name,
2,16,rectangle_java2.jpg,rectangle_java2.jpg,7498544604,64,1008.98125,594.808125,977.5,585,101,21,this.width,10,class->block->function->block->block_content->return->expr->call->name->name->operator->name,
2,16,rectangle_java2.jpg,rectangle_java2.jpg,7498720491,80,1014.1235,625.3905,1007.5,621,10,21,],1,class->block->function->parameter_list->parameter->decl->type->name->index,
2,16,rectangle_java2.jpg,rectangle_java2.jpg,7498720491,80,1014.1235,625.3905,1025.5,621,42,21,args,4,class->block->function->parameter_list->parameter->decl->name,
2,16,rectangle_java2.jpg,rectangle_java2.jpg,7499416532,64,866.389375,634.2524999999999,851.5,621,44,21,main,4,class->block->function->name,
2,16,rectangle_java2.jpg,rectangle_java2.jpg,7499704514,116,1053.6,617.6365517241379,1025.5,621,42,21,args,4,class->block->function->parameter_list->parameter->decl->name,
2,16,rectangle_java2.jpg,rectangle_java2.jpg,7499768508,60,1045.7113333333334,616.8493333333333,1025.5,621,42,21,args,4,class->block->function->parameter_list->parameter->decl->name,
2,16,rectangle_java2.jpg,rectangle_java2.jpg,7499832510,60,1049.1553333333334,596.564,977.5,585,101,21,this.width,10,class->block->function->block->block_content->return->expr->call->name->name->operator->name,
2,16,rectangle_java2.jpg,rectangle_java2.jpg,7499952585,76,1008.7247368421052,605.8452631578947,977.5,585,101,21,this.width,10,class->block->function->block->block_content->return->expr->call->name->name->operator->name,
2,16,rectangle_java2.jpg,rectangle_java2.jpg,7500016610,60,1009.9493333333334,620.8466666666667,1007.5,621,10,21,],1,class->block->function->parameter_list->parameter->decl->type->name->index,
2,16,rectangle_java2.jpg,rectangle_java2.jpg,7500124548,104,1004.4526923076924,604.1046153846154,977.5,585,101,21,this.width,10,class->block->function->block->block_content->return->expr->call->name->name->operator->name,
2,16,rectangle_java2.jpg,rectangle_java2.jpg,7500272494,112,950.1703571428573,614.6446428571429,920.5,621,62,21,String,6,class->block->function->parameter_list->parameter->decl->type->name->name,
2,16,rectangle_java2.jpg,rectangle_java2.jpg,7500620504,88,815.03,540.8490909090909,775.5,549,62,21,height,6,class->block->function->name,
2,16,rectangle_java2.jpg,rectangle_java2.jpg,7500780436,156,810.7846153846153,531.5166666666667,775.5,512,53,21,width,5,class->block->function->name,
2,16,rectangle_java2.jpg,rectangle_java2.jpg,7500840433,56,805.8407142857143,516.5985714285714,775.5,512,53,21,width,5,class->block->function->name,
2,16,rectangle_java2.jpg,rectangle_java2.jpg,7500964407,120,811.5526666666667,526.154,775.5,512,53,21,width,5,class->block->function->name,
2,16,rectangle_java2.jpg,rectangle_java2.jpg,7501280419,56,1147.3828571428571,604.8414285714285,1140.5,585,110,21,this.height,11,class->block->function->block->block_content->return->expr->call->name->name->operator->name,
2,16,rectangle_java2.jpg,rectangle_java2.jpg,7501480374,72,1057.5211111111112,620.0277777777778,1025.5,621,42,21,args,4,class->block->function->parameter_list->parameter->decl->name,
2,16,rectangle_java2.jpg,rectangle_java2.jpg,7501572412,88,1047.4663636363637,627.745,1025.5,621,42,21,args,4,class->block->function->parameter_list->parameter->decl->name,
2,16,rectangle_java2.jpg,rectangle_java2.jpg,7501640412,64,1002.565,629.589375,1007.5,621,10,21,],1,class->block->function->parameter_list->parameter->decl->type->name->index,
2,16,rectangle_java2.jpg,rectangle_java2.jpg,7501728373,84,997.1538095238096,629.292380952381,990.5,621,10,21,[,1,class->block->function->parameter_list->parameter->decl->type->name->index,
2,16,rectangle_java2.jpg,rectangle_java2.jpg,7501728373,84,997.1538095238096,629.292380952381,1007.5,621,10,21,],1,class->block->function->parameter_list->parameter->decl->type->name->index,
2,16,rectangle_java2.jpg,rectangle_java2.jpg,7502068321,100,1111.0916,596.7832,1103.5,585,9,21,),1,class->block->function->block->block_content->return->expr->call->argument_list,
2,16,rectangle_java2.jpg,rectangle_java2.jpg,7502068321,100,1111.0916,596.7832,1122.5,585,12,21,*,1,class->block->function->block->block_content->return->expr->operator,
2,16,rectangle_java2.jpg,rectangle_java2.jpg,7502776292,84,785.8623809523809,587.4171428571428,737.5,585,62,21,double,6,class->block->function->type->name,
2,16,rectangle_java2.jpg,rectangle_java2.jpg,7503016296,88,776.0759090909091,628.2531818181818,738.5,621,61,21,static,6,class->block->function->type->specifier,
2,16,rectangle_java2.jpg,rectangle_java2.jpg,7503232270,152,907.3584210526316,658.0494736842105,902.5,658,34,20,new,3,class->block->function->block->block_content->decl_stmt->decl->init->expr->operator,
2,16,rectangle_java2.jpg,rectangle_java2.jpg,7503296276,60,981.94,663.858,941.5,658,91,20,Rectangle,9,class->block->function->block->block_content->decl_stmt->decl->init->expr->call->name,
2,16,rectangle_java2.jpg,rectangle_java2.jpg,7503464252,164,985.1421951219512,669.2717073170732,941.5,658,91,20,Rectangle,9,class->block->function->block->block_content->decl_stmt->decl->init->expr->call->name,
2,16,rectangle_java2.jpg,rectangle_java2.jpg,7503564238,72,1027.435,670.9894444444444,941.5,658,91,20,Rectangle,9,class->block->function->block->block_content->decl_stmt->decl->init->expr->call->name,
2,16,rectangle_java2.jpg,rectangle_java2.jpg,7503696238,128,1035.584375,674.7228125,1041.5,658,9,20,(,1,class->block->function->block->block_content->decl_stmt->decl->init->expr->call->argument_list,
2,16,rectangle_java2.jpg,rectangle_java2.jpg,7503920252,220,1038.8096363636364,662.9247272727273,1041.5,658,9,20,(,1,class->block->function->block->block_content->decl_stmt->decl->init->expr->call->argument_list,
2,16,rectangle_java2.jpg,rectangle_java2.jpg,7504128238,172,1072.3937209302326,685.2820930232558,1077.5,694,9,21,),1,class->block->function->block->block_content->expr_stmt->expr->call->argument_list,
2,16,rectangle_java2.jpg,rectangle_java2.jpg,7504380210,228,834.509298245614,697.180701754386,730.5,694,177,21,System.out.println,18,class->block->function->block->block_content->expr_stmt->expr->call->name->name->operator->name->operator->name,
2,16,rectangle_java2.jpg,rectangle_java2.jpg,7504571997,132,799.8306060606061,691.0021212121212,730.5,694,177,21,System.out.println,18,class->block->function->block->block_content->expr_stmt->expr->call->name->name->operator->name->operator->name,
2,16,rectangle_java2.jpg,rectangle_java2.jpg,7504692052,116,804.6686206896552,687.9596551724138,730.5,694,177,21,System.out.println,18,class->block->function->block->block_content->expr_stmt->expr->call->name->name->operator->name->operator->name,
2,16,rectangle_java2.jpg,rectangle_java2.jpg,7504860111,148,1070.2605405405404,695.1332432432432,1077.5,694,9,21,),1,class->block->function->block->block_content->expr_stmt->expr->call->argument_list,
2,16,rectangle_java2.jpg,rectangle_java2.jpg,7505204092,88,983.7986363636364,704.2686363636363,932.5,694,100,21,rect1.area,10,class->block->function->block->block_content->expr_stmt->expr->call->argument_list->argument->expr->call->name->name->operator->name,
2,16,rectangle_java2.jpg,rectangle_java2.jpg,7505304101,96,989.91,710.4854166666667,932.5,694,100,21,rect1.area,10,class->block->function->block->block_content->expr_stmt->expr->call->argument_list->argument->expr->call->name->name->operator->name,
2,16,rectangle_java2.jpg,rectangle_java2.jpg,7505432114,96,946.6533333333332,700.86625,932.5,694,100,21,rect1.area,10,class->block->function->block->block_content->expr_stmt->expr->call->argument_list->argument->expr->call->name->name->operator->name,
2,16,rectangle_java2.jpg,rectangle_java2.jpg,7505592120,108,958.5270370370372,702.4648148148148,932.5,694,100,21,rect1.area,10,class->block->function->block->block_content->expr_stmt->expr->call->argument_list->argument->expr->call->name->name->operator->name,
2,16,rectangle_java2.jpg,rectangle_java2.jpg,7505756143,120,926.1533333333332,539.8356666666667,900.5,549,63,21,return,6,class->block->function->block->block_content->return,
2,16,rectangle_java2.jpg,rectangle_java2.jpg,7506036275,104,1036.3315384615385,512.3069230769231,1035.5,512,13,21,-,1,class->block->function->block->block_content->return->expr->name->name,
2,16,rectangle_java2.jpg,rectangle_java2.jpg,7506120504,80,1032.585,521.672,1035.5,512,13,21,-,1,class->block->function->block->block_content->return->expr->name->name,
2,16,rectangle_java2.jpg,rectangle_java2.jpg,7506228418,64,1088.805625,520.678125,1054.5,512,71,21,this.x1,7,class->block->function->block->block_content->return->expr->name->name->operator->name,
2,16,rectangle_java2.jpg,rectangle_java2.jpg,7506304131,72,1084.475,539.6344444444444,1064.5,549,71,21,this.y1,7,class->block->function->block->block_content->return->expr->name->name->operator->name,
2,16,rectangle_java2.jpg,rectangle_java2.jpg,7506367899,60,1089.0006666666666,517.098,1054.5,512,71,21,this.x1,7,class->block->function->block->block_content->return->expr->name->name->operator->name,
2,16,rectangle_java2.jpg,rectangle_java2.jpg,7506640036,196,1012.056530612245,523.3920408163266,958.5,512,71,21,this.x2,7,class->block->function->block->block_content->return->expr->name->name->operator->name->operator,
2,16,rectangle_java2.jpg,rectangle_java2.jpg,7506700026,56,1007.5,519.6307142857142,958.5,512,71,21,this.x2,7,class->block->function->block->block_content->return->expr->name->name->operator->name->operator,
2,16,rectangle_java2.jpg,rectangle_java2.jpg,7506760016,56,1010.2678571428572,532.6785714285714,958.5,512,71,21,this.x2,7,class->block->function->block->block_content->return->expr->name->name->operator->name->operator,
2,16,rectangle_java2.jpg,rectangle_java2.jpg,7506892002,128,997.8228125,523.0075,958.5,512,71,21,this.x2,7,class->block->function->block->block_content->return->expr->name->name->operator->name->operator,
2,16,rectangle_java2.jpg,rectangle_java2.jpg,7506983997,88,988.4222727272728,517.9486363636364,958.5,512,71,21,this.x2,7,class->block->function->block->block_content->return->expr->name->name->operator->name->operator,
2,16,rectangle_java2.jpg,rectangle_java2.jpg,7507216002,172,769.97,517.0453488372093,737.5,512,33,21,int,3,class->block->function->type->name,
2,16,rectangle_java2.jpg,rectangle_java2.jpg,7507216002,172,769.97,517.0453488372093,775.5,512,53,21,width,5,class->block->function->name,
2,16,rectangle_java2.jpg,rectangle_java2.jpg,7507555997,304,813.1426315789473,519.9831578947368,775.5,512,53,21,width,5,class->block->function->name,
2,16,rectangle_java2.jpg,rectangle_java2.jpg,7507792090,144,970.8122222222222,311.48555555555555,939.5,295,33,21,int,3,class->block->constructor->parameter_list->parameter->decl->type->name,
2,16,rectangle_java2.jpg,rectangle_java2.jpg,7507792090,144,970.8122222222222,311.48555555555555,977.5,295,23,21,y1,2,class->block->constructor->parameter_list->parameter->decl->type->name,
2,16,rectangle_java2.jpg,rectangle_java2.jpg,7508115852,152,913.9652631578948,311.54052631578946,890.5,295,24,21,x1,2,class->block->constructor->parameter_list->parameter->decl->type->name,
2,16,rectangle_java2.jpg,rectangle_java2.jpg,7508115852,152,913.9652631578948,311.54052631578946,921.5,295,9,21,"""","""",1,class->block->constructor->parameter_list
2,16,rectangle_java2.jpg,rectangle_java2.jpg,7508235761,64,940.56,523.55,891.5,512,62,21,return,6,class->block->function->block->block_content->return->expr->name->name,
2,16,rectangle_java2.jpg,rectangle_java2.jpg,7508347804,68,1111.6623529411766,595.9929411764706,1103.5,585,9,21,),1,class->block->function->block->block_content->return->expr->call->argument_list,
2,16,rectangle_java2.jpg,rectangle_java2.jpg,7508347804,68,1111.6623529411766,595.9929411764706,1122.5,585,12,21,*,1,class->block->function->block->block_content->return->expr->operator,
2,16,rectangle_java2.jpg,rectangle_java2.jpg,7508463837,72,1073.1066666666666,564.0155555555556,1064.5,549,71,21,this.y1,7,class->block->function->block->block_content->return->expr->name->name->operator->name,
2,16,rectangle_java2.jpg,rectangle_java2.jpg,7508575865,108,1075.0474074074075,561.2118518518519,1064.5,549,71,21,this.y1,7,class->block->function->block->block_content->return->expr->name->name->operator->name,
2,16,rectangle_java2.jpg,rectangle_java2.jpg,7508719840,60,1087.236,542.322,1064.5,549,71,21,this.y1,7,class->block->function->block->block_content->return->expr->name->name->operator->name,
2,16,rectangle_java2.jpg,rectangle_java2.jpg,7508783825,60,1100.7133333333334,540.314,1064.5,549,71,21,this.y1,7,class->block->function->block->block_content->return->expr->name->name->operator->name,
2,16,rectangle_java2.jpg,rectangle_java2.jpg,7509048276,96,1035.19,526.5554166666667,1035.5,512,13,21,-,1,class->block->function->block->block_content->return->expr->name->name,
2,16,rectangle_java2.jpg,rectangle_java2.jpg,7509295904,200,955.9892,314.6006,939.5,295,33,21,int,3,class->block->constructor->parameter_list->parameter->decl->type->name,
2,16,rectangle_java2.jpg,rectangle_java2.jpg,7510131770,120,1115.7173333333333,676.754,1115.5,658,10,20,"""","""",1,class->block->function->block->block_content->decl_stmt->decl->init->expr->call->argument_list
2,16,rectangle_java2.jpg,rectangle_java2.jpg,7510431658,104,1074.3134615384615,648.2496153846154,1077.5,658,9,20,"""","""",1,class->block->function->block->block_content->decl_stmt->decl->init->expr->call->argument_list
2,16,rectangle_java2.jpg,rectangle_java2.jpg,7510523667,68,1035.895882352941,560.8458823529412,968.5,549,70,21,this.y2,7,class->block->function->block->block_content->return->expr->name->name->operator->name,
2,16,rectangle_java2.jpg,rectangle_java2.jpg,7510523667,68,1035.895882352941,560.8458823529412,1045.5,549,13,21,-,1,class->block->function->block->block_content->return->expr->operator,
2,16,rectangle_java2.jpg,rectangle_java2.jpg,7510823685,60,1033.7813333333334,510.3826666666666,1035.5,512,13,21,-,1,class->block->function->block->block_content->return->expr->name->name,
2,16,rectangle_java2.jpg,rectangle_java2.jpg,7511236067,112,1012.8746428571428,540.0639285714286,968.5,549,70,21,this.y2,7,class->block->function->block->block_content->return->expr->name->name->operator->name,
2,16,rectangle_java2.jpg,rectangle_java2.jpg,7511355955,60,1012.0873333333332,537.53,968.5,549,70,21,this.y2,7,class->block->function->block->block_content->return->expr->name->name->operator->name,
2,16,rectangle_java2.jpg,rectangle_java2.jpg,7511423877,64,1025.000625,520.006875,958.5,512,71,21,this.x2,7,class->block->function->block->block_content->return->expr->name->name->operator->name->operator,
2,16,rectangle_java2.jpg,rectangle_java2.jpg,7511423877,64,1025.000625,520.006875,1035.5,512,13,21,-,1,class->block->function->block->block_content->return->expr->name->name,
2,16,rectangle_java2.jpg,rectangle_java2.jpg,7513071614,64,1102.03375,705.715625,1096.5,694,10,21,;,1,class->block->function->block->block_content->expr_stmt,
2,16,rectangle_java2.jpg,rectangle_java2.jpg,7513219609,144,1099.7344444444443,697.315,1096.5,694,10,21,;,1,class->block->function->block->block_content->expr_stmt,
2,16,rectangle_java2.jpg,rectangle_java2.jpg,7513779330,100,1081.1088,313.3664,1063.5,295,23,21,x2,2,class->block->constructor->parameter_list->parameter->decl->type->name,
2,16,rectangle_java2.jpg,rectangle_java2.jpg,7514247453,168,1087.1371428571429,565.6142857142858,1064.5,549,71,21,this.y1,7,class->block->function->block->block_content->return->expr->name->name->operator->name,
2,16,rectangle_java2.jpg,rectangle_java2.jpg,7514331453,56,1037.392142857143,548.3207142857143,968.5,549,70,21,this.y2,7,class->block->function->block->block_content->return->expr->name->name->operator->name,
2,16,rectangle_java2.jpg,rectangle_java2.jpg,7514331453,56,1037.392142857143,548.3207142857143,1045.5,549,13,21,-,1,class->block->function->block->block_content->return->expr->operator,
2,16,rectangle_java2.jpg,rectangle_java2.jpg,7514439491,104,1033.5634615384615,531.0273076923077,1035.5,512,13,21,-,1,class->block->function->block->block_content->return->expr->name->name,
2,16,rectangle_java2.jpg,rectangle_java2.jpg,7514511523,68,1031.3647058823528,527.3888235294118,1035.5,512,13,21,-,1,class->block->function->block->block_content->return->expr->name->name,
2,16,rectangle_java2.jpg,rectangle_java2.jpg,7514615535,100,1023.6584,544.2508,968.5,549,70,21,this.y2,7,class->block->function->block->block_content->return->expr->name->name->operator->name,
2,16,rectangle_java2.jpg,rectangle_java2.jpg,7515283461,56,1080.5428571428572,701.5992857142858,1077.5,694,9,21,),1,class->block->function->block->block_content->expr_stmt->expr->call->argument_list,
2,16,rectangle_java2.jpg,rectangle_java2.jpg,7515343465,56,1071.41,691.8221428571428,1077.5,694,9,21,),1,class->block->function->block->block_content->expr_stmt->expr->call->argument_list,
2,16,rectangle_java2.jpg,rectangle_java2.jpg,7515847231,76,1058.9073684210523,749.5394736842105,1057.5,731,13,20,5,1,class->block->function->block->block_content->decl_stmt->decl->init->expr->call->argument_list->argument->expr->literal,
2,16,rectangle_java2.jpg,rectangle_java2.jpg,7516171308,192,909.271875,725.1154166666666,902.5,731,34,20,new,3,class->block->function->block->block_content->decl_stmt->decl->init->expr->operator,
2,16,rectangle_java2.jpg,rectangle_java2.jpg,7516287330,112,906.2482142857144,728.8932142857143,902.5,731,34,20,new,3,class->block->function->block->block_content->decl_stmt->decl->init->expr->operator,
2,16,rectangle_java2.jpg,rectangle_java2.jpg,7516443334,76,996.2605263157894,740.6236842105263,941.5,731,91,20,Rectangle,9,class->block->function->block->block_content->decl_stmt->decl->init->expr->call->name,
2,16,rectangle_java2.jpg,rectangle_java2.jpg,7516643318,196,995.6267346938776,742.3918367346939,941.5,731,91,20,Rectangle,9,class->block->function->block->block_content->decl_stmt->decl->init->expr->call->name,
2,16,rectangle_java2.jpg,rectangle_java2.jpg,7516707334,60,969.974,739.472,941.5,731,91,20,Rectangle,9,class->block->function->block->block_content->decl_stmt->decl->init->expr->call->name,
2,16,rectangle_java2.jpg,rectangle_java2.jpg,7516795350,84,984.2571428571428,743.5609523809524,941.5,731,91,20,Rectangle,9,class->block->function->block->block_content->decl_stmt->decl->init->expr->call->name,
2,16,rectangle_java2.jpg,rectangle_java2.jpg,7516939322,76,877.7315789473685,728.66,883.5,731,15,20,=,1,class->block->function->block->block_content->decl_stmt->decl->init,
2,16,rectangle_java2.jpg,rectangle_java2.jpg,7517151325,208,864.0073076923077,736.0492307692308,826.5,731,51,20,rect2,5,class->block->function->block->block_content->decl_stmt->decl->name,
2,16,rectangle_java2.jpg,rectangle_java2.jpg,7517363318,132,815.639696969697,742.4433333333334,730.5,731,91,20,Rectangle,9,class->block->function->block->block_content->decl_stmt->decl->type->name,
2,16,rectangle_java2.jpg,rectangle_java2.jpg,7517363318,132,815.639696969697,742.4433333333334,826.5,731,51,20,rect2,5,class->block->function->block->block_content->decl_stmt->decl->name,
2,16,rectangle_java2.jpg,rectangle_java2.jpg,7517435222,60,1002.9806666666668,747.3053333333334,941.5,731,91,20,Rectangle,9,class->block->function->block->block_content->decl_stmt->decl->init->expr->call->name,
2,16,rectangle_java2.jpg,rectangle_java2.jpg,7517523076,84,1018.7857142857144,747.7576190476191,941.5,731,91,20,Rectangle,9,class->block->function->block->block_content->decl_stmt->decl->init->expr->call->name,
2,16,rectangle_java2.jpg,rectangle_java2.jpg,7517659050,132,1017.0251515151516,739.9869696969697,941.5,731,91,20,Rectangle,9,class->block->function->block->block_content->decl_stmt->decl->init->expr->call->name,
2,16,rectangle_java2.jpg,rectangle_java2.jpg,7517799183,136,1011.574411764706,727.4814705882353,941.5,731,91,20,Rectangle,9,class->block->function->block->block_content->decl_stmt->decl->init->expr->call->name,
2,16,rectangle_java2.jpg,rectangle_java2.jpg,7518839200,92,1102.6534782608696,689.9865217391305,1096.5,694,10,21,;,1,class->block->function->block->block_content->expr_stmt,
2,16,rectangle_java2.jpg,rectangle_java2.jpg,7518983171,140,1097.0705714285714,701.8945714285715,1096.5,694,10,21,;,1,class->block->function->block->block_content->expr_stmt,
2,16,rectangle_java2.jpg,rectangle_java2.jpg,7519355128,132,1098.719696969697,695.8487878787879,1096.5,694,10,21,;,1,class->block->function->block->block_content->expr_stmt,
2,16,rectangle_java2.jpg,rectangle_java2.jpg,7519443105,84,1084.7233333333334,703.7290476190476,1077.5,694,9,21,),1,class->block->function->block->block_content->expr_stmt->expr->call->argument_list,
2,16,rectangle_java2.jpg,rectangle_java2.jpg,7519443105,84,1084.7233333333334,703.7290476190476,1096.5,694,10,21,;,1,class->block->function->block->block_content->expr_stmt,
2,16,rectangle_java2.jpg,rectangle_java2.jpg,7519591115,144,1084.7125,700.2369444444445,1077.5,694,9,21,),1,class->block->function->block->block_content->expr_stmt->expr->call->argument_list,
2,16,rectangle_java2.jpg,rectangle_java2.jpg,7519591115,144,1084.7125,700.2369444444445,1096.5,694,10,21,;,1,class->block->function->block->block_content->expr_stmt,
2,16,rectangle_java2.jpg,rectangle_java2.jpg,7519655117,60,1085.806,694.4126666666667,1077.5,694,9,21,),1,class->block->function->block->block_content->expr_stmt->expr->call->argument_list,
2,16,rectangle_java2.jpg,rectangle_java2.jpg,7519655117,60,1085.806,694.4126666666667,1096.5,694,10,21,;,1,class->block->function->block->block_content->expr_stmt,
2,16,rectangle_java2.jpg,rectangle_java2.jpg,7520383031,84,1078.24,312.36809523809524,1063.5,295,23,21,x2,2,class->block->constructor->parameter_list->parameter->decl->type->name,
2,16,rectangle_java2.jpg,rectangle_java2.jpg,7520523052,68,843.3211764705883,381.6741176470589,826.5,367,23,21,y1,2,class->block->constructor->block->block_content->expr_stmt->expr->name->name,
2,16,rectangle_java2.jpg,rectangle_java2.jpg,7520615067,88,845.7509090909091,386.4718181818182,826.5,367,23,21,y1,2,class->block->constructor->block->block_content->expr_stmt->expr->name->name,
2,16,rectangle_java2.jpg,rectangle_java2.jpg,7520615067,88,845.7509090909091,386.4718181818182,856.5,367,10,21,;,1,class->block->constructor->block->block_content->expr_stmt,
2,16,rectangle_java2.jpg,rectangle_java2.jpg,7520727053,92,1082.2721739130434,654.7108695652174,1077.5,658,9,20,"""","""",1,class->block->function->block->block_content->decl_stmt->decl->init->expr->call->argument_list
2,16,rectangle_java2.jpg,rectangle_java2.jpg,7520851039,76,1102.6136842105263,640.1442105263158,1094.5,621,10,21,{,1,class->block->function->block,
2,16,rectangle_java2.jpg,rectangle_java2.jpg,7521039002,168,1100.1538095238095,591.5888095238096,1103.5,585,9,21,),1,class->block->function->block->block_content->return->expr->call->argument_list,
2,16,rectangle_java2.jpg,rectangle_java2.jpg,7521254980,108,1037.7592592592594,576.7440740740741,977.5,585,101,21,this.width,10,class->block->function->block->block_content->return->expr->call->name->name->operator->name,
2,16,rectangle_java2.jpg,rectangle_java2.jpg,7521410810,80,1101.3945,611.9305,1094.5,621,10,21,{,1,class->block->function->block,
2,16,rectangle_java2.jpg,rectangle_java2.jpg,7521970937,88,1178.8436363636365,734.4477272727273,1182.5,731,22,20,10,2,class->block->function->block->block_content->decl_stmt->decl->init->expr->call->argument_list->argument->expr->literal,
2,16,rectangle_java2.jpg,rectangle_java2.jpg,7523114861,128,1154.1259375,722.195625,1134.5,731,22,20,10,2,class->block->function->block->block_content->decl_stmt->decl->init->expr->call->argument_list->argument->expr->literal,
2,16,rectangle_java2.jpg,rectangle_java2.jpg,7523114861,128,1154.1259375,722.195625,1163.5,731,10,20,"""","""",1,class->block->function->block->block_content->decl_stmt->decl->init->expr->call->argument_list
2,16,rectangle_java2.jpg,rectangle_java2.jpg,7523178774,60,1145.3746666666666,724.3466666666667,1134.5,731,22,20,10,2,class->block->function->block->block_content->decl_stmt->decl->init->expr->call->argument_list->argument->expr->literal,
2,16,rectangle_java2.jpg,rectangle_java2.jpg,7523238691,56,1082.8485714285714,731.3621428571429,1077.5,731,9,20,"""","""",1,class->block->function->block->block_content->decl_stmt->decl->init->expr->call->argument_list
2,16,rectangle_java2.jpg,rectangle_java2.jpg,7523318543,76,1073.9489473684212,740.8210526315789,1077.5,731,9,20,"""","""",1,class->block->function->block->block_content->decl_stmt->decl->init->expr->call->argument_list
2,16,rectangle_java2.jpg,rectangle_java2.jpg,7523438319,116,1079.1455172413794,742.4772413793104,1077.5,731,9,20,"""","""",1,class->block->function->block->block_content->decl_stmt->decl->init->expr->call->argument_list
2,16,rectangle_java2.jpg,rectangle_java2.jpg,7524414775,88,1128.2554545454543,749.9818181818182,1134.5,731,22,20,10,2,class->block->function->block->block_content->decl_stmt->decl->init->expr->call->argument_list->argument->expr->literal,
2,16,rectangle_java2.jpg,rectangle_java2.jpg,7524806729,60,1121.1266666666666,718.6666666666666,1115.5,731,10,20,"""","""",1,class->block->function->block->block_content->decl_stmt->decl->init->expr->call->argument_list
2,16,rectangle_java2.jpg,rectangle_java2.jpg,7525126538,76,1054.345789473684,774.6978947368422,1057.5,766,10,21,),1,class->block->function->block->block_content->expr_stmt->expr->call->argument_list->argument->expr->call->argument_list,
2,16,rectangle_java2.jpg,rectangle_java2.jpg,7525282577,152,1063.5373684210526,750.057105263158,1057.5,731,13,20,5,1,class->block->function->block->block_content->decl_stmt->decl->init->expr->call->argument_list->argument->expr->literal,
2,16,rectangle_java2.jpg,rectangle_java2.jpg,7526034587,92,864.1473913043478,771.944347826087,730.5,766,177,21,System.out.println,18,class->block->function->block->block_content->expr_stmt->expr->call->name->name->operator->name->operator->name,
2,16,rectangle_java2.jpg,rectangle_java2.jpg,7526274606,236,868.7484745762712,778.4889830508474,730.5,766,177,21,System.out.println,18,class->block->function->block->block_content->expr_stmt->expr->call->name->name->operator->name->operator->name,
2,16,rectangle_java2.jpg,rectangle_java2.jpg,7526490863,172,961.8567441860464,764.8537209302326,932.5,766,100,21,rect2.area,10,class->block->function->block->block_content->expr_stmt->expr->call->argument_list->argument->expr->call->name->name->operator->name,
2,16,rectangle_java2.jpg,rectangle_java2.jpg,7528234232,72,1128.316111111111,723.4944444444444,1134.5,731,22,20,10,2,class->block->function->block->block_content->decl_stmt->decl->init->expr->call->argument_list->argument->expr->literal,
2,16,rectangle_java2.jpg,rectangle_java2.jpg,7528327543,88,1128.4263636363637,736.3086363636364,1134.5,731,22,20,10,2,class->block->function->block->block_content->decl_stmt->decl->init->expr->call->argument_list->argument->expr->literal,
2,16,rectangle_java2.jpg,rectangle_java2.jpg,7529166118,140,1079.7985714285714,729.0225714285714,1077.5,731,9,20,"""","""",1,class->block->function->block->block_content->decl_stmt->decl->init->expr->call->argument_list
2,16,rectangle_java2.jpg,rectangle_java2.jpg,7529390105,204,977.4,735.9719607843138,941.5,731,91,20,Rectangle,9,class->block->function->block->block_content->decl_stmt->decl->init->expr->call->name,
2,16,rectangle_java2.jpg,rectangle_java2.jpg,7529514099,120,977.384,735.9543333333334,941.5,731,91,20,Rectangle,9,class->block->function->block->block_content->decl_stmt->decl->init->expr->call->name,
2,16,rectangle_java2.jpg,rectangle_java2.jpg,7529726098,132,1019.7260606060606,736.0224242424242,941.5,731,91,20,Rectangle,9,class->block->function->block->block_content->decl_stmt->decl->init->expr->call->name,
2,16,rectangle_java2.jpg,rectangle_java2.jpg,7529902096,72,883.0566666666666,725.2894444444445,883.5,731,15,20,=,1,class->block->function->block->block_content->decl_stmt->decl->init,
2,16,rectangle_java2.jpg,rectangle_java2.jpg,7530265899,196,1060.9069387755103,542.91,1064.5,549,71,21,this.y1,7,class->block->function->block->block_content->return->expr->name->name->operator->name,
