trial,participant,code_file,code_language,timestamp,duration,x_cord,y_cord,aoi_x,aoi_y,aoi_width,aoi_height,token,length,srcML,
2,178,rectangle_java2.jpg,rectangle_java2.jpg,10023046163,76,764.5231578947369,263.8178947368421,747.5,259,33,21,int,3,class->block->decl_stmt->decl->type->name,
2,178,rectangle_java2.jpg,rectangle_java2.jpg,10023226157,60,763.4453333333333,287.29866666666663,737.5,295,91,21,Rectangle,9,class->block->constructor->name,
2,178,rectangle_java2.jpg,rectangle_java2.jpg,10023482176,80,672.96,229.027,657.5,222,52,21,class,5,class,
2,178,rectangle_java2.jpg,rectangle_java2.jpg,10023562176,76,676.8184210526316,221.92526315789476,657.5,222,52,21,class,5,class,
2,178,rectangle_java2.jpg,rectangle_java2.jpg,10024630078,84,622.0785714285714,228.0880952380952,589.5,222,63,21,public,6,class->specifier,
2,178,rectangle_java2.jpg,rectangle_java2.jpg,10024982045,100,710.3,235.1336,715.5,222,90,21,Rectangle,9,class->name,
2,178,rectangle_java2.jpg,rectangle_java2.jpg,10025182065,144,750.435,269.21777777777777,747.5,259,33,21,int,3,class->block->decl_stmt->decl->type->name,
2,178,rectangle_java2.jpg,rectangle_java2.jpg,10025258076,72,744.515,270.1927777777778,747.5,259,33,21,int,3,class->block->decl_stmt->decl->type->name,
2,178,rectangle_java2.jpg,rectangle_java2.jpg,10025430053,60,791.788,278.7726666666667,785.5,259,23,21,x1,2,class->block->decl_stmt->decl->name,
2,178,rectangle_java2.jpg,rectangle_java2.jpg,10025577919,56,715.8835714285715,267.11857142857144,669.5,259,72,21,private,7,class->block->decl_stmt->decl->type->specifier,
2,178,rectangle_java2.jpg,rectangle_java2.jpg,10025705794,124,721.1477419354839,277.2551612903226,669.5,259,72,21,private,7,class->block->decl_stmt->decl->type->specifier,
2,178,rectangle_java2.jpg,rectangle_java2.jpg,10025885927,72,782.9472222222222,286.0,737.5,295,91,21,Rectangle,9,class->block->constructor->name,
2,178,rectangle_java2.jpg,rectangle_java2.jpg,10025949966,60,781.8526666666667,286.3466666666667,737.5,295,91,21,Rectangle,9,class->block->constructor->name,
2,178,rectangle_java2.jpg,rectangle_java2.jpg,10026065993,112,775.0739285714286,276.88214285714287,747.5,259,33,21,int,3,class->block->decl_stmt->decl->type->name,
2,178,rectangle_java2.jpg,rectangle_java2.jpg,10026065993,112,775.0739285714286,276.88214285714287,785.5,259,23,21,x1,2,class->block->decl_stmt->decl->name,
2,178,rectangle_java2.jpg,rectangle_java2.jpg,10026125997,56,772.0278571428571,270.2778571428572,747.5,259,33,21,int,3,class->block->decl_stmt->decl->type->name,
2,178,rectangle_java2.jpg,rectangle_java2.jpg,10026321974,56,814.0857142857143,279.5357142857143,815.5,259,10,21,"""","""",1,class->block->decl_stmt
2,178,rectangle_java2.jpg,rectangle_java2.jpg,10026505945,92,868.9026086956521,290.45217391304345,853.5,295,32,21,int,3,class->block->constructor->parameter_list->parameter->decl->type->name,
2,178,rectangle_java2.jpg,rectangle_java2.jpg,10026609957,56,859.5571428571428,302.7792857142857,853.5,295,32,21,int,3,class->block->constructor->parameter_list->parameter->decl->type->name,
2,178,rectangle_java2.jpg,rectangle_java2.jpg,10026709972,72,905.6294444444444,296.24333333333334,890.5,295,24,21,x1,2,class->block->constructor->parameter_list->parameter->decl->type->name,
2,178,rectangle_java2.jpg,rectangle_java2.jpg,10026817976,60,907.644,293.93466666666666,890.5,295,24,21,x1,2,class->block->constructor->parameter_list->parameter->decl->type->name,
2,178,rectangle_java2.jpg,rectangle_java2.jpg,10026913969,68,942.2011764705884,295.7776470588235,939.5,295,33,21,int,3,class->block->constructor->parameter_list->parameter->decl->type->name,
2,178,rectangle_java2.jpg,rectangle_java2.jpg,10027293912,60,951.7573333333332,264.39666666666665,929.5,259,23,21,y2,2,class->block->decl_stmt->decl->name,
2,178,rectangle_java2.jpg,rectangle_java2.jpg,10027293912,60,951.7573333333332,264.39666666666665,959.5,259,10,21,;,1,class->block->decl_stmt,
2,178,rectangle_java2.jpg,rectangle_java2.jpg,10028081844,80,766.877,251.002,747.5,259,33,21,int,3,class->block->decl_stmt->decl->type->name,
2,178,rectangle_java2.jpg,rectangle_java2.jpg,10028201807,72,767.0794444444444,248.14666666666665,747.5,259,33,21,int,3,class->block->decl_stmt->decl->type->name,
2,178,rectangle_java2.jpg,rectangle_java2.jpg,10028369755,128,709.3278124999999,293.3571875,669.5,295,63,21,public,6,class->block->constructor->specifier,
2,178,rectangle_java2.jpg,rectangle_java2.jpg,10028453760,80,707.3385,290.408,669.5,295,63,21,public,6,class->block->constructor->specifier,
2,178,rectangle_java2.jpg,rectangle_java2.jpg,10028677755,72,776.8027777777778,289.01,737.5,295,91,21,Rectangle,9,class->block->constructor->name,
2,178,rectangle_java2.jpg,rectangle_java2.jpg,10028893778,96,702.4545833333333,292.31375,669.5,295,63,21,public,6,class->block->constructor->specifier,
2,178,rectangle_java2.jpg,rectangle_java2.jpg,10029005789,108,707.1681481481481,299.60185185185185,669.5,295,63,21,public,6,class->block->constructor->specifier,
2,178,rectangle_java2.jpg,rectangle_java2.jpg,10029157808,60,822.2986666666667,319.77933333333334,826.5,331,23,19,x1,2,class->block->constructor->block->block_content->expr_stmt->expr->name->name,
2,178,rectangle_java2.jpg,rectangle_java2.jpg,10029229831,68,809.1970588235293,328.0976470588235,806.5,331,15,19,=,1,class->block->constructor->block->block_content->expr_stmt->expr->operator,
2,178,rectangle_java2.jpg,rectangle_java2.jpg,10029385754,60,862.3813333333334,319.12333333333333,856.5,331,10,19,;,1,class->block->constructor->block->block_content->expr_stmt,
2,178,rectangle_java2.jpg,rectangle_java2.jpg,10030121641,64,917.739375,276.5975,911.5,259,10,21,"""","""",1,class->block->decl_stmt
2,178,rectangle_java2.jpg,rectangle_java2.jpg,10030121641,64,917.739375,276.5975,929.5,259,23,21,y2,2,class->block->decl_stmt->decl->name,
2,178,rectangle_java2.jpg,rectangle_java2.jpg,10030273667,60,903.064,296.654,890.5,295,24,21,x1,2,class->block->constructor->parameter_list->parameter->decl->type->name,
2,178,rectangle_java2.jpg,rectangle_java2.jpg,10031317714,64,772.960625,335.073125,730.5,331,71,19,this.x1,7,class->block->constructor->block->block_content->expr_stmt->expr->name->name->operator->name,
2,178,rectangle_java2.jpg,rectangle_java2.jpg,10031393657,72,772.8833333333333,333.0233333333333,730.5,331,71,19,this.x1,7,class->block->constructor->block->block_content->expr_stmt->expr->name->name->operator->name,
2,178,rectangle_java2.jpg,rectangle_java2.jpg,10031481567,56,794.7807142857143,345.8342857142857,730.5,331,71,19,this.x1,7,class->block->constructor->block->block_content->expr_stmt->expr->name->name->operator->name,
2,178,rectangle_java2.jpg,rectangle_java2.jpg,10031481567,56,794.7807142857143,345.8342857142857,806.5,331,15,19,=,1,class->block->constructor->block->block_content->expr_stmt->expr->operator,
2,178,rectangle_java2.jpg,rectangle_java2.jpg,10031685540,152,792.1326315789473,377.0594736842105,730.5,367,71,21,this.y1,7,class->block->constructor->block->block_content->expr_stmt->expr->name->name->operator->name,
2,178,rectangle_java2.jpg,rectangle_java2.jpg,10032017544,92,715.1108695652174,499.6169565217392,669.5,512,63,21,public,6,class->block->function->type->specifier,
2,178,rectangle_java2.jpg,rectangle_java2.jpg,10032141447,120,725.0183333333333,507.8833333333333,669.5,512,63,21,public,6,class->block->function->type->specifier,
2,178,rectangle_java2.jpg,rectangle_java2.jpg,10032141447,120,725.0183333333333,507.8833333333333,737.5,512,33,21,int,3,class->block->function->type->name,
2,178,rectangle_java2.jpg,rectangle_java2.jpg,10032229434,56,727.9914285714285,532.6228571428571,669.5,512,63,21,public,6,class->block->function->type->specifier,
2,178,rectangle_java2.jpg,rectangle_java2.jpg,10032229434,56,727.9914285714285,532.6228571428571,737.5,512,33,21,int,3,class->block->function->type->name,
2,178,rectangle_java2.jpg,rectangle_java2.jpg,10032393488,76,722.3436842105264,527.8147368421053,669.5,512,63,21,public,6,class->block->function->type->specifier,
2,178,rectangle_java2.jpg,rectangle_java2.jpg,10032637515,56,806.4392857142857,460.4957142857143,806.5,440,15,21,=,1,class->block->constructor->block->block_content->expr_stmt->expr->operator,
2,178,rectangle_java2.jpg,rectangle_java2.jpg,10033021531,112,791.9521428571428,457.1528571428571,730.5,440,71,21,this.y2,7,class->block->constructor->block->block_content->expr_stmt->expr->name->name->operator->name,
2,178,rectangle_java2.jpg,rectangle_java2.jpg,10033125539,76,794.2878947368421,417.5942105263158,730.5,404,71,19,this.x2,7,class->block->constructor->block->block_content->expr_stmt->expr->name->name->operator->name,
2,178,rectangle_java2.jpg,rectangle_java2.jpg,10033125539,76,794.2878947368421,417.5942105263158,806.5,404,15,19,=,1,class->block->constructor->block->block_content->expr_stmt->expr->operator,
2,178,rectangle_java2.jpg,rectangle_java2.jpg,10033209549,80,796.485,437.0905,730.5,440,71,21,this.y2,7,class->block->constructor->block->block_content->expr_stmt->expr->name->name->operator->name,
2,178,rectangle_java2.jpg,rectangle_java2.jpg,10033209549,80,796.485,437.0905,806.5,440,15,21,=,1,class->block->constructor->block->block_content->expr_stmt->expr->operator,
2,178,rectangle_java2.jpg,rectangle_java2.jpg,10033497290,156,813.6435897435897,357.6748717948718,806.5,367,15,21,=,1,class->block->constructor->block->block_content->expr_stmt->expr->operator,
2,178,rectangle_java2.jpg,rectangle_java2.jpg,10033589329,88,811.1536363636363,369.5409090909091,806.5,367,15,21,=,1,class->block->constructor->block->block_content->expr_stmt->expr->operator,
2,178,rectangle_java2.jpg,rectangle_java2.jpg,10033657372,64,808.244375,357.469375,806.5,367,15,21,=,1,class->block->constructor->block->block_content->expr_stmt->expr->operator,
2,178,rectangle_java2.jpg,rectangle_java2.jpg,10033853423,72,699.0427777777778,620.0294444444445,669.5,621,63,21,public,6,class->block->function->type->specifier,
2,178,rectangle_java2.jpg,rectangle_java2.jpg,10034037390,112,733.5867857142857,572.7721428571429,737.5,585,62,21,double,6,class->block->function->type->name,
2,178,rectangle_java2.jpg,rectangle_java2.jpg,10034185457,120,690.385,563.6196666666667,669.5,549,63,21,public,6,class->block->function->type->specifier,
2,178,rectangle_java2.jpg,rectangle_java2.jpg,10034325545,84,681.4157142857143,577.3233333333333,669.5,585,63,21,public,6,class->block->function->type->specifier,
2,178,rectangle_java2.jpg,rectangle_java2.jpg,10034581518,108,735.7185185185185,569.0881481481481,737.5,549,33,21,int,3,class->block->function->type->name,
2,178,rectangle_java2.jpg,rectangle_java2.jpg,10034713645,92,702.5047826086957,561.7552173913043,669.5,549,63,21,public,6,class->block->function->type->specifier,
2,178,rectangle_java2.jpg,rectangle_java2.jpg,10034793533,76,701.0257894736842,566.9368421052632,669.5,549,63,21,public,6,class->block->function->type->specifier,
2,178,rectangle_java2.jpg,rectangle_java2.jpg,10034941377,56,754.0757142857143,548.3978571428571,737.5,549,33,21,int,3,class->block->function->type->name,
2,178,rectangle_java2.jpg,rectangle_java2.jpg,10035033384,88,749.555,562.7013636363637,737.5,549,33,21,int,3,class->block->function->type->name,
2,178,rectangle_java2.jpg,rectangle_java2.jpg,10035385219,92,802.0360869565218,554.3834782608695,775.5,549,62,21,height,6,class->block->function->name,
2,178,rectangle_java2.jpg,rectangle_java2.jpg,10035781287,60,871.6666666666666,532.3233333333334,874.5,512,10,21,{,1,class->block->function->block,
2,178,rectangle_java2.jpg,rectangle_java2.jpg,10036221271,108,976.2681481481482,551.3418518518519,968.5,549,70,21,this.y2,7,class->block->function->block->block_content->return->expr->name->name->operator->name,
2,178,rectangle_java2.jpg,rectangle_java2.jpg,10036281306,56,964.7135714285714,555.7514285714286,968.5,549,70,21,this.y2,7,class->block->function->block->block_content->return->expr->name->name->operator->name,
2,178,rectangle_java2.jpg,rectangle_java2.jpg,10036341312,56,979.2314285714284,546.0885714285714,968.5,549,70,21,this.y2,7,class->block->function->block->block_content->return->expr->name->name->operator->name,
2,178,rectangle_java2.jpg,rectangle_java2.jpg,10036533273,60,1015.678,543.4746666666666,968.5,549,70,21,this.y2,7,class->block->function->block->block_content->return->expr->name->name->operator->name,
2,178,rectangle_java2.jpg,rectangle_java2.jpg,10036597276,60,1017.3586666666666,549.1726666666667,968.5,549,70,21,this.y2,7,class->block->function->block->block_content->return->expr->name->name->operator->name,
2,178,rectangle_java2.jpg,rectangle_java2.jpg,10036809260,100,1083.0952,542.1424,1064.5,549,71,21,this.y1,7,class->block->function->block->block_content->return->expr->name->name->operator->name,
2,178,rectangle_java2.jpg,rectangle_java2.jpg,10036921249,64,1067.764375,542.21625,1064.5,549,71,21,this.y1,7,class->block->function->block->block_content->return->expr->name->name->operator->name,
2,178,rectangle_java2.jpg,rectangle_java2.jpg,10037029276,104,1081.466153846154,539.8688461538461,1064.5,549,71,21,this.y1,7,class->block->function->block->block_content->return->expr->name->name->operator->name,
2,178,rectangle_java2.jpg,rectangle_java2.jpg,10037261151,176,1100.2981818181818,548.1277272727273,1064.5,549,71,21,this.y1,7,class->block->function->block->block_content->return->expr->name->name->operator->name,
2,178,rectangle_java2.jpg,rectangle_java2.jpg,10037389117,124,1106.9909677419355,548.0967741935484,1064.5,549,71,21,this.y1,7,class->block->function->block->block_content->return->expr->name->name->operator->name,
2,178,rectangle_java2.jpg,rectangle_java2.jpg,10037557140,132,1006.7675757575756,551.8139393939393,968.5,549,70,21,this.y2,7,class->block->function->block->block_content->return->expr->name->name->operator->name,
2,178,rectangle_java2.jpg,rectangle_java2.jpg,10037621141,60,1008.816,553.9,968.5,549,70,21,this.y2,7,class->block->function->block->block_content->return->expr->name->name->operator->name,
2,178,rectangle_java2.jpg,rectangle_java2.jpg,10037725154,100,1007.906,542.2828,968.5,549,70,21,this.y2,7,class->block->function->block->block_content->return->expr->name->name->operator->name,
2,178,rectangle_java2.jpg,rectangle_java2.jpg,10038089074,56,1092.0607142857143,540.2857142857143,1064.5,549,71,21,this.y1,7,class->block->function->block->block_content->return->expr->name->name->operator->name,
2,178,rectangle_java2.jpg,rectangle_java2.jpg,10038165110,72,1098.6683333333333,537.0494444444445,1064.5,549,71,21,this.y1,7,class->block->function->block->block_content->return->expr->name->name->operator->name,
2,178,rectangle_java2.jpg,rectangle_java2.jpg,10038313277,80,751.261,579.5445,737.5,585,62,21,double,6,class->block->function->type->name,
2,178,rectangle_java2.jpg,rectangle_java2.jpg,10038413299,96,749.8695833333334,562.7379166666667,737.5,549,33,21,int,3,class->block->function->type->name,
2,178,rectangle_java2.jpg,rectangle_java2.jpg,10038601253,56,781.9157142857143,544.4842857142858,775.5,549,62,21,height,6,class->block->function->name,
2,178,rectangle_java2.jpg,rectangle_java2.jpg,10038893084,92,977.438695652174,524.3456521739131,958.5,512,71,21,this.x2,7,class->block->function->block->block_content->return->expr->name->name->operator->name->operator,
2,178,rectangle_java2.jpg,rectangle_java2.jpg,10038976983,80,984.7035,511.6795,958.5,512,71,21,this.x2,7,class->block->function->block->block_content->return->expr->name->name->operator->name->operator,
2,178,rectangle_java2.jpg,rectangle_java2.jpg,10039124750,76,1038.2742105263158,526.6373684210527,1035.5,512,13,21,-,1,class->block->function->block->block_content->return->expr->name->name,
2,178,rectangle_java2.jpg,rectangle_java2.jpg,10039224850,96,1037.9141666666667,540.9329166666666,968.5,549,70,21,this.y2,7,class->block->function->block->block_content->return->expr->name->name->operator->name,
2,178,rectangle_java2.jpg,rectangle_java2.jpg,10039224850,96,1037.9141666666667,540.9329166666666,1045.5,549,13,21,-,1,class->block->function->block->block_content->return->expr->operator,
2,178,rectangle_java2.jpg,rectangle_java2.jpg,10039352955,60,1111.514,538.0193333333333,1064.5,549,71,21,this.y1,7,class->block->function->block->block_content->return->expr->name->name->operator->name,
2,178,rectangle_java2.jpg,rectangle_java2.jpg,10039476988,64,828.560625,285.665,837.5,295,9,21,(,1,class->block->constructor->parameter_list,
2,178,rectangle_java2.jpg,rectangle_java2.jpg,10039697056,96,825.7225,271.51708333333335,833.5,259,23,21,y1,2,class->block->decl_stmt->decl->name,
2,178,rectangle_java2.jpg,rectangle_java2.jpg,10039769049,68,807.4605882352942,271.9735294117648,785.5,259,23,21,x1,2,class->block->decl_stmt->decl->name,
2,178,rectangle_java2.jpg,rectangle_java2.jpg,10039769049,68,807.4605882352942,271.9735294117648,815.5,259,10,21,"""","""",1,class->block->decl_stmt
2,178,rectangle_java2.jpg,rectangle_java2.jpg,10039881006,108,815.0551851851852,273.9996296296296,815.5,259,10,21,"""","""",1,class->block->decl_stmt
2,178,rectangle_java2.jpg,rectangle_java2.jpg,10039984991,72,903.4505555555556,253.66944444444448,881.5,259,23,21,x2,2,class->block->decl_stmt->decl->name,
2,178,rectangle_java2.jpg,rectangle_java2.jpg,10039984991,72,903.4505555555556,253.66944444444448,911.5,259,10,21,"""","""",1,class->block->decl_stmt
2,178,rectangle_java2.jpg,rectangle_java2.jpg,10040229001,72,897.0111111111111,256.5188888888889,881.5,259,23,21,x2,2,class->block->decl_stmt->decl->name,
2,178,rectangle_java2.jpg,rectangle_java2.jpg,10040496994,64,904.95375,251.06,911.5,259,10,21,"""","""",1,class->block->decl_stmt
2,178,rectangle_java2.jpg,rectangle_java2.jpg,10040636977,80,1093.554,530.514,1054.5,512,71,21,this.x1,7,class->block->function->block->block_content->return->expr->name->name->operator->name,
2,178,rectangle_java2.jpg,rectangle_java2.jpg,10040712966,72,1089.4477777777777,529.7083333333333,1054.5,512,71,21,this.x1,7,class->block->function->block->block_content->return->expr->name->name->operator->name,
2,178,rectangle_java2.jpg,rectangle_java2.jpg,10041092887,128,739.9334375,566.5490625,737.5,549,33,21,int,3,class->block->function->type->name,
2,178,rectangle_java2.jpg,rectangle_java2.jpg,10041208883,72,826.4966666666667,601.8494444444444,804.5,585,43,21,area,4,class->block->function->name,
2,178,rectangle_java2.jpg,rectangle_java2.jpg,10041292904,80,824.434,620.5905,804.5,621,44,21,void,4,class->block->function->type->name,
2,178,rectangle_java2.jpg,rectangle_java2.jpg,10041360914,64,806.9225,613.43125,804.5,621,44,21,void,4,class->block->function->type->name,
2,178,rectangle_java2.jpg,rectangle_java2.jpg,10041492910,80,1035.344,565.024,968.5,549,70,21,this.y2,7,class->block->function->block->block_content->return->expr->name->name->operator->name,
2,178,rectangle_java2.jpg,rectangle_java2.jpg,10041492910,80,1035.344,565.024,1045.5,549,13,21,-,1,class->block->function->block->block_content->return->expr->operator,
2,178,rectangle_java2.jpg,rectangle_java2.jpg,10041604896,80,1018.638,603.4815,977.5,585,101,21,this.width,10,class->block->function->block->block_content->return->expr->call->name->name->operator->name,
2,178,rectangle_java2.jpg,rectangle_java2.jpg,10041772886,112,1062.4582142857143,580.8660714285714,977.5,585,101,21,this.width,10,class->block->function->block->block_content->return->expr->call->name->name->operator->name,
2,178,rectangle_java2.jpg,rectangle_java2.jpg,10041836892,60,1059.37,567.9233333333333,1064.5,549,71,21,this.y1,7,class->block->function->block->block_content->return->expr->name->name->operator->name,
2,178,rectangle_java2.jpg,rectangle_java2.jpg,10041936903,56,1069.4857142857145,589.8199999999999,977.5,585,101,21,this.width,10,class->block->function->block->block_content->return->expr->call->name->name->operator->name,
2,178,rectangle_java2.jpg,rectangle_java2.jpg,10042220914,56,1123.6435714285717,558.43,1064.5,549,71,21,this.y1,7,class->block->function->block->block_content->return->expr->name->name->operator->name,
2,178,rectangle_java2.jpg,rectangle_java2.jpg,10042284900,60,1105.0013333333334,560.6693333333334,1064.5,549,71,21,this.y1,7,class->block->function->block->block_content->return->expr->name->name->operator->name,
2,178,rectangle_java2.jpg,rectangle_java2.jpg,10042436885,56,849.795,330.83,856.5,331,10,19,;,1,class->block->constructor->block->block_content->expr_stmt,
2,178,rectangle_java2.jpg,rectangle_java2.jpg,10042564866,56,849.3642857142858,322.2264285714286,826.5,331,23,19,x1,2,class->block->constructor->block->block_content->expr_stmt->expr->name->name,
2,178,rectangle_java2.jpg,rectangle_java2.jpg,10042564866,56,849.3642857142858,322.2264285714286,856.5,331,10,19,;,1,class->block->constructor->block->block_content->expr_stmt,
2,178,rectangle_java2.jpg,rectangle_java2.jpg,10042764819,64,825.88625,358.316875,826.5,367,23,21,y1,2,class->block->constructor->block->block_content->expr_stmt->expr->name->name,
2,178,rectangle_java2.jpg,rectangle_java2.jpg,10042832745,64,838.131875,368.043125,826.5,367,23,21,y1,2,class->block->constructor->block->block_content->expr_stmt->expr->name->name,
2,178,rectangle_java2.jpg,rectangle_java2.jpg,10043300808,76,1024.0536842105264,295.4,1025.5,295,33,21,int,3,class->block->constructor->parameter_list->parameter->decl->type->name,
2,178,rectangle_java2.jpg,rectangle_java2.jpg,10043572760,68,1111.47,315.8158823529412,1112.5,295,33,21,int,3,class->block->constructor->parameter_list->parameter->decl->type->name,
2,178,rectangle_java2.jpg,rectangle_java2.jpg,10043832755,56,1046.3185714285714,296.41785714285714,1025.5,295,33,21,int,3,class->block->constructor->parameter_list->parameter->decl->type->name,
2,178,rectangle_java2.jpg,rectangle_java2.jpg,10044196734,64,1108.231875,543.34875,1064.5,549,71,21,this.y1,7,class->block->function->block->block_content->return->expr->name->name->operator->name,
2,178,rectangle_java2.jpg,rectangle_java2.jpg,10044268745,68,1108.4717647058824,551.584705882353,1064.5,549,71,21,this.y1,7,class->block->function->block->block_content->return->expr->name->name->operator->name,
2,178,rectangle_java2.jpg,rectangle_java2.jpg,10044368754,56,1117.6128571428571,574.0471428571428,1122.5,585,12,21,*,1,class->block->function->block->block_content->return->expr->operator,
2,178,rectangle_java2.jpg,rectangle_java2.jpg,10044440753,68,1128.9541176470589,561.1858823529411,1064.5,549,71,21,this.y1,7,class->block->function->block->block_content->return->expr->name->name->operator->name,
2,178,rectangle_java2.jpg,rectangle_java2.jpg,10044604732,132,1125.7454545454543,587.949090909091,1122.5,585,12,21,*,1,class->block->function->block->block_content->return->expr->operator,
2,178,rectangle_java2.jpg,rectangle_java2.jpg,10044796575,64,771.163125,652.510625,730.5,658,91,20,Rectangle,9,class->block->function->block->block_content->decl_stmt->decl->type->name,
2,178,rectangle_java2.jpg,rectangle_java2.jpg,10044864523,64,779.8375,662.975625,730.5,658,91,20,Rectangle,9,class->block->function->block->block_content->decl_stmt->decl->type->name,
2,178,rectangle_java2.jpg,rectangle_java2.jpg,10045056631,84,713.1552380952381,641.4304761904762,669.5,621,63,21,public,6,class->block->function->type->specifier,
2,178,rectangle_java2.jpg,rectangle_java2.jpg,10045252632,136,720.0467647058823,629.0305882352941,669.5,621,63,21,public,6,class->block->function->type->specifier,
2,178,rectangle_java2.jpg,rectangle_java2.jpg,10045408651,64,769.144375,638.365,738.5,621,61,21,static,6,class->block->function->type->specifier,
2,178,rectangle_java2.jpg,rectangle_java2.jpg,10045500655,88,757.6413636363636,623.5363636363636,738.5,621,61,21,static,6,class->block->function->type->specifier,
2,178,rectangle_java2.jpg,rectangle_java2.jpg,10045612637,96,694.875,634.0641666666667,669.5,621,63,21,public,6,class->block->function->type->specifier,
2,178,rectangle_java2.jpg,rectangle_java2.jpg,10045760582,144,698.2425,623.5325,669.5,621,63,21,public,6,class->block->function->type->specifier,
2,178,rectangle_java2.jpg,rectangle_java2.jpg,10045820563,56,691.0407142857143,638.7271428571429,669.5,621,63,21,public,6,class->block->function->type->specifier,
2,178,rectangle_java2.jpg,rectangle_java2.jpg,10046016597,84,749.8785714285715,615.0514285714286,738.5,621,61,21,static,6,class->block->function->type->specifier,
2,178,rectangle_java2.jpg,rectangle_java2.jpg,10046136642,116,739.7989655172414,633.4520689655172,738.5,621,61,21,static,6,class->block->function->type->specifier,
2,178,rectangle_java2.jpg,rectangle_java2.jpg,10046268660,92,792.3508695652174,624.1673913043478,738.5,621,61,21,static,6,class->block->function->type->specifier,
2,178,rectangle_java2.jpg,rectangle_java2.jpg,10046268660,92,792.3508695652174,624.1673913043478,804.5,621,44,21,void,4,class->block->function->type->name,
2,178,rectangle_java2.jpg,rectangle_java2.jpg,10046356654,84,792.1380952380953,625.4447619047619,738.5,621,61,21,static,6,class->block->function->type->specifier,
2,178,rectangle_java2.jpg,rectangle_java2.jpg,10046356654,84,792.1380952380953,625.4447619047619,804.5,621,44,21,void,4,class->block->function->type->name,
2,178,rectangle_java2.jpg,rectangle_java2.jpg,10046420643,60,809.272,631.1246666666666,804.5,621,44,21,void,4,class->block->function->type->name,
2,178,rectangle_java2.jpg,rectangle_java2.jpg,10046484631,60,810.884,619.5753333333333,804.5,621,44,21,void,4,class->block->function->type->name,
2,178,rectangle_java2.jpg,rectangle_java2.jpg,10046660660,56,772.1185714285714,619.5007142857143,738.5,621,61,21,static,6,class->block->function->type->specifier,
2,178,rectangle_java2.jpg,rectangle_java2.jpg,10046736653,72,768.4238888888889,636.5038888888889,738.5,621,61,21,static,6,class->block->function->type->specifier,
2,178,rectangle_java2.jpg,rectangle_java2.jpg,10046856552,56,806.87,608.9678571428572,804.5,621,44,21,void,4,class->block->function->type->name,
2,178,rectangle_java2.jpg,rectangle_java2.jpg,10047296480,68,827.4517647058824,619.9158823529411,804.5,621,44,21,void,4,class->block->function->type->name,
2,178,rectangle_java2.jpg,rectangle_java2.jpg,10047448468,56,990.1635714285716,612.1264285714285,990.5,621,10,21,[,1,class->block->function->parameter_list->parameter->decl->type->name->index,
2,178,rectangle_java2.jpg,rectangle_java2.jpg,10047520459,68,998.8241176470588,593.2076470588236,977.5,585,101,21,this.width,10,class->block->function->block->block_content->return->expr->call->name->name->operator->name,
2,178,rectangle_java2.jpg,rectangle_java2.jpg,10047708430,96,965.3154166666668,617.0770833333333,920.5,621,62,21,String,6,class->block->function->parameter_list->parameter->decl->type->name->name,
2,178,rectangle_java2.jpg,rectangle_java2.jpg,10047856486,72,1020.4133333333332,600.3761111111111,977.5,585,101,21,this.width,10,class->block->function->block->block_content->return->expr->call->name->name->operator->name,
2,178,rectangle_java2.jpg,rectangle_java2.jpg,10047932504,72,1026.8088888888888,601.3522222222223,977.5,585,101,21,this.width,10,class->block->function->block->block_content->return->expr->call->name->name->operator->name,
2,178,rectangle_java2.jpg,rectangle_java2.jpg,10048000496,64,1026.640625,587.15875,977.5,585,101,21,this.width,10,class->block->function->block->block_content->return->expr->call->name->name->operator->name,
2,178,rectangle_java2.jpg,rectangle_java2.jpg,10048168513,64,1036.58625,600.286875,977.5,585,101,21,this.width,10,class->block->function->block->block_content->return->expr->call->name->name->operator->name,
2,178,rectangle_java2.jpg,rectangle_java2.jpg,10048380566,120,1073.9243333333334,565.071,1064.5,549,71,21,this.y1,7,class->block->function->block->block_content->return->expr->name->name->operator->name,
2,178,rectangle_java2.jpg,rectangle_java2.jpg,10048520508,60,1173.878,596.1853333333333,1140.5,585,110,21,this.height,11,class->block->function->block->block_content->return->expr->call->name->name->operator->name,
2,178,rectangle_java2.jpg,rectangle_java2.jpg,10048604379,80,1165.6675,589.4585,1140.5,585,110,21,this.height,11,class->block->function->block->block_content->return->expr->call->name->name->operator->name,
2,178,rectangle_java2.jpg,rectangle_java2.jpg,10048760239,120,742.138,220.889,715.5,222,90,21,Rectangle,9,class->name,
2,178,rectangle_java2.jpg,rectangle_java2.jpg,10048940342,68,790.7723529411765,220.3388235294118,715.5,222,90,21,Rectangle,9,class->name,
2,178,rectangle_java2.jpg,rectangle_java2.jpg,10049012352,68,789.6747058823529,232.3594117647059,715.5,222,90,21,Rectangle,9,class->name,
2,178,rectangle_java2.jpg,rectangle_java2.jpg,10049208358,96,815.4716666666667,259.34375,815.5,259,10,21,"""","""",1,class->block->decl_stmt
2,178,rectangle_java2.jpg,rectangle_java2.jpg,10049332347,68,808.3070588235294,223.9805882352941,813.5,222,10,21,{,1,class->block,
2,178,rectangle_java2.jpg,rectangle_java2.jpg,10049724330,68,981.350588235294,657.7835294117647,941.5,658,91,20,Rectangle,9,class->block->function->block->block_content->decl_stmt->decl->init->expr->call->name,
2,178,rectangle_java2.jpg,rectangle_java2.jpg,10049920413,108,793.877037037037,619.6977777777778,738.5,621,61,21,static,6,class->block->function->type->specifier,
2,178,rectangle_java2.jpg,rectangle_java2.jpg,10049920413,108,793.877037037037,619.6977777777778,804.5,621,44,21,void,4,class->block->function->type->name,
2,178,rectangle_java2.jpg,rectangle_java2.jpg,10050288410,76,756.2921052631579,647.7105263157895,730.5,658,91,20,Rectangle,9,class->block->function->block->block_content->decl_stmt->decl->type->name,
2,178,rectangle_java2.jpg,rectangle_java2.jpg,10050688239,104,894.2984615384615,620.781923076923,851.5,621,44,21,main,4,class->block->function->name,
2,178,rectangle_java2.jpg,rectangle_java2.jpg,10050688239,104,894.2984615384615,620.781923076923,904.5,621,9,21,(,1,class->block->function->parameter_list,
2,178,rectangle_java2.jpg,rectangle_java2.jpg,10050876236,120,988.613,623.7566666666667,990.5,621,10,21,[,1,class->block->function->parameter_list->parameter->decl->type->name->index,
2,178,rectangle_java2.jpg,rectangle_java2.jpg,10050940231,60,996.5806666666668,630.4373333333333,990.5,621,10,21,[,1,class->block->function->parameter_list->parameter->decl->type->name->index,
2,178,rectangle_java2.jpg,rectangle_java2.jpg,10050940231,60,996.5806666666668,630.4373333333333,1007.5,621,10,21,],1,class->block->function->parameter_list->parameter->decl->type->name->index,
2,178,rectangle_java2.jpg,rectangle_java2.jpg,10051148221,60,1025.22,617.1066666666667,1025.5,621,42,21,args,4,class->block->function->parameter_list->parameter->decl->name,
2,178,rectangle_java2.jpg,rectangle_java2.jpg,10051248256,56,1017.3585714285714,611.6528571428571,1007.5,621,10,21,],1,class->block->function->parameter_list->parameter->decl->type->name->index,
2,178,rectangle_java2.jpg,rectangle_java2.jpg,10051248256,56,1017.3585714285714,611.6528571428571,1025.5,621,42,21,args,4,class->block->function->parameter_list->parameter->decl->name,
2,178,rectangle_java2.jpg,rectangle_java2.jpg,10051320282,68,1028.0929411764705,615.3035294117647,1025.5,621,42,21,args,4,class->block->function->parameter_list->parameter->decl->name,
2,178,rectangle_java2.jpg,rectangle_java2.jpg,10051460275,100,1052.6484,617.224,1025.5,621,42,21,args,4,class->block->function->parameter_list->parameter->decl->name,
2,178,rectangle_java2.jpg,rectangle_java2.jpg,10051528269,64,1055.73375,602.760625,977.5,585,101,21,this.width,10,class->block->function->block->block_content->return->expr->call->name->name->operator->name,
2,178,rectangle_java2.jpg,rectangle_java2.jpg,10051588264,56,1061.547857142857,603.52,977.5,585,101,21,this.width,10,class->block->function->block->block_content->return->expr->call->name->name->operator->name,
2,178,rectangle_java2.jpg,rectangle_java2.jpg,10051764244,120,1054.878333333333,609.932,1025.5,621,42,21,args,4,class->block->function->parameter_list->parameter->decl->name,
2,178,rectangle_java2.jpg,rectangle_java2.jpg,10052148264,80,1136.627,600.1125,1140.5,585,110,21,this.height,11,class->block->function->block->block_content->return->expr->call->name->name->operator->name,
2,178,rectangle_java2.jpg,rectangle_java2.jpg,10052212266,60,1120.9853333333333,604.6733333333333,1122.5,585,12,21,*,1,class->block->function->block->block_content->return->expr->operator,
2,178,rectangle_java2.jpg,rectangle_java2.jpg,10052312246,96,1127.8141666666668,596.6420833333333,1122.5,585,12,21,*,1,class->block->function->block->block_content->return->expr->operator,
2,178,rectangle_java2.jpg,rectangle_java2.jpg,10052508021,60,1168.476,598.3893333333333,1140.5,585,110,21,this.height,11,class->block->function->block->block_content->return->expr->call->name->name->operator->name,
2,178,rectangle_java2.jpg,rectangle_java2.jpg,10052700070,72,820.8155555555555,522.8383333333334,775.5,512,53,21,width,5,class->block->function->name,
2,178,rectangle_java2.jpg,rectangle_java2.jpg,10052904098,76,752.5968421052631,537.1642105263157,737.5,549,33,21,int,3,class->block->function->type->name,
2,178,rectangle_java2.jpg,rectangle_java2.jpg,10053004115,96,768.44375,543.5345833333333,737.5,549,33,21,int,3,class->block->function->type->name,
2,178,rectangle_java2.jpg,rectangle_java2.jpg,10053004115,96,768.44375,543.5345833333333,775.5,549,62,21,height,6,class->block->function->name,
2,178,rectangle_java2.jpg,rectangle_java2.jpg,10053160137,124,796.5551612903225,575.6177419354839,737.5,585,62,21,double,6,class->block->function->type->name,
2,178,rectangle_java2.jpg,rectangle_java2.jpg,10053160137,124,796.5551612903225,575.6177419354839,804.5,585,43,21,area,4,class->block->function->name,
2,178,rectangle_java2.jpg,rectangle_java2.jpg,10053440135,124,768.5558064516129,603.6193548387097,737.5,585,62,21,double,6,class->block->function->type->name,
2,178,rectangle_java2.jpg,rectangle_java2.jpg,10053560137,116,783.0348275862069,586.3510344827587,737.5,585,62,21,double,6,class->block->function->type->name,
2,178,rectangle_java2.jpg,rectangle_java2.jpg,10053772130,68,801.6576470588235,610.4776470588235,804.5,621,44,21,void,4,class->block->function->type->name,
2,178,rectangle_java2.jpg,rectangle_java2.jpg,10054479875,64,1149.5025,602.1168749999999,1140.5,585,110,21,this.height,11,class->block->function->block->block_content->return->expr->call->name->name->operator->name,
2,178,rectangle_java2.jpg,rectangle_java2.jpg,10054847960,148,935.6913513513514,623.7881081081081,920.5,621,62,21,String,6,class->block->function->parameter_list->parameter->decl->type->name->name,
2,178,rectangle_java2.jpg,rectangle_java2.jpg,10054975982,68,937.8988235294116,625.75,920.5,621,62,21,String,6,class->block->function->parameter_list->parameter->decl->type->name->name,
2,178,rectangle_java2.jpg,rectangle_java2.jpg,10055531999,128,1013.6028125,581.7075,977.5,585,101,21,this.width,10,class->block->function->block->block_content->return->expr->call->name->name->operator->name,
2,178,rectangle_java2.jpg,rectangle_java2.jpg,10055675996,92,1039.76,618.7317391304348,1025.5,621,42,21,args,4,class->block->function->parameter_list->parameter->decl->name,
2,178,rectangle_java2.jpg,rectangle_java2.jpg,10055747997,68,1039.6482352941175,627.3870588235294,1025.5,621,42,21,args,4,class->block->function->parameter_list->parameter->decl->name,
2,178,rectangle_java2.jpg,rectangle_java2.jpg,10055811999,60,1043.342,623.0840000000001,1025.5,621,42,21,args,4,class->block->function->parameter_list->parameter->decl->name,
2,178,rectangle_java2.jpg,rectangle_java2.jpg,10055891996,76,1036.4115789473683,623.0273684210526,1025.5,621,42,21,args,4,class->block->function->parameter_list->parameter->decl->name,
2,178,rectangle_java2.jpg,rectangle_java2.jpg,10056007980,84,1046.5347619047618,624.692380952381,1025.5,621,42,21,args,4,class->block->function->parameter_list->parameter->decl->name,
2,178,rectangle_java2.jpg,rectangle_java2.jpg,10056115954,104,1041.0453846153846,613.9807692307693,1025.5,621,42,21,args,4,class->block->function->parameter_list->parameter->decl->name,
2,178,rectangle_java2.jpg,rectangle_java2.jpg,10056291834,80,1200.512,600.1325,1140.5,585,110,21,this.height,11,class->block->function->block->block_content->return->expr->call->name->name->operator->name,
2,178,rectangle_java2.jpg,rectangle_java2.jpg,10056471891,124,1187.221935483871,600.5425806451613,1140.5,585,110,21,this.height,11,class->block->function->block->block_content->return->expr->call->name->name->operator->name,
2,178,rectangle_java2.jpg,rectangle_java2.jpg,10056639900,56,1217.8521428571428,605.545,1140.5,585,110,21,this.height,11,class->block->function->block->block_content->return->expr->call->name->name->operator->name,
2,178,rectangle_java2.jpg,rectangle_java2.jpg,10056763888,80,1223.3805,595.652,1140.5,585,110,21,this.height,11,class->block->function->block->block_content->return->expr->call->name->name->operator->name,
2,178,rectangle_java2.jpg,rectangle_java2.jpg,10057171802,64,1166.569375,604.386875,1140.5,585,110,21,this.height,11,class->block->function->block->block_content->return->expr->call->name->name->operator->name,
2,178,rectangle_java2.jpg,rectangle_java2.jpg,10057799782,104,759.0303846153846,628.9669230769231,738.5,621,61,21,static,6,class->block->function->type->specifier,
2,178,rectangle_java2.jpg,rectangle_java2.jpg,10057951761,92,790.1965217391304,675.8521739130434,730.5,658,91,20,Rectangle,9,class->block->function->block->block_content->decl_stmt->decl->type->name,
2,178,rectangle_java2.jpg,rectangle_java2.jpg,10058211627,88,841.0027272727273,653.36,826.5,658,52,20,rect1,5,class->block->function->block->block_content->decl_stmt->decl->name,
2,178,rectangle_java2.jpg,rectangle_java2.jpg,10058407625,148,763.9040540540541,668.3443243243244,730.5,658,91,20,Rectangle,9,class->block->function->block->block_content->decl_stmt->decl->type->name,
2,178,rectangle_java2.jpg,rectangle_java2.jpg,10059275785,72,993.1938888888888,648.2977777777778,941.5,658,91,20,Rectangle,9,class->block->function->block->block_content->decl_stmt->decl->init->expr->call->name,
2,178,rectangle_java2.jpg,rectangle_java2.jpg,10059419710,60,1041.872,639.3486666666666,1025.5,621,42,21,args,4,class->block->function->parameter_list->parameter->decl->name,
2,178,rectangle_java2.jpg,rectangle_java2.jpg,10059527677,104,1041.771923076923,637.6946153846154,1025.5,621,42,21,args,4,class->block->function->parameter_list->parameter->decl->name,
2,178,rectangle_java2.jpg,rectangle_java2.jpg,10059603686,72,1050.105,635.38,1025.5,621,42,21,args,4,class->block->function->parameter_list->parameter->decl->name,
2,178,rectangle_java2.jpg,rectangle_java2.jpg,10059699698,60,1022.2086666666668,658.7773333333333,941.5,658,91,20,Rectangle,9,class->block->function->block->block_content->decl_stmt->decl->init->expr->call->name,
2,178,rectangle_java2.jpg,rectangle_java2.jpg,10059775700,72,1031.5116666666663,645.6794444444445,941.5,658,91,20,Rectangle,9,class->block->function->block->block_content->decl_stmt->decl->init->expr->call->name,
2,178,rectangle_java2.jpg,rectangle_java2.jpg,10059775700,72,1031.5116666666663,645.6794444444445,1041.5,658,9,20,(,1,class->block->function->block->block_content->decl_stmt->decl->init->expr->call->argument_list,
2,178,rectangle_java2.jpg,rectangle_java2.jpg,10059935704,80,809.2775,694.017,730.5,694,177,21,System.out.println,18,class->block->function->block->block_content->expr_stmt->expr->call->name->name->operator->name->operator->name,
2,178,rectangle_java2.jpg,rectangle_java2.jpg,10060079727,88,810.5727272727273,687.3390909090909,730.5,694,177,21,System.out.println,18,class->block->function->block->block_content->expr_stmt->expr->call->name->name->operator->name->operator->name,
2,178,rectangle_java2.jpg,rectangle_java2.jpg,10060331600,216,770.2092592592593,685.0366666666666,730.5,694,177,21,System.out.println,18,class->block->function->block->block_content->expr_stmt->expr->call->name->name->operator->name->operator->name,
2,178,rectangle_java2.jpg,rectangle_java2.jpg,10060391600,56,782.8214285714286,689.18,730.5,694,177,21,System.out.println,18,class->block->function->block->block_content->expr_stmt->expr->call->name->name->operator->name->operator->name,
2,178,rectangle_java2.jpg,rectangle_java2.jpg,10060471599,76,777.81,708.5763157894737,730.5,694,177,21,System.out.println,18,class->block->function->block->block_content->expr_stmt->expr->call->name->name->operator->name->operator->name,
2,178,rectangle_java2.jpg,rectangle_java2.jpg,10060659581,68,826.4435294117646,709.194705882353,730.5,694,177,21,System.out.println,18,class->block->function->block->block_content->expr_stmt->expr->call->name->name->operator->name->operator->name,
2,178,rectangle_java2.jpg,rectangle_java2.jpg,10060775573,60,948.0993333333332,706.266,932.5,694,100,21,rect1.area,10,class->block->function->block->block_content->expr_stmt->expr->call->argument_list->argument->expr->call->name->name->operator->name,
2,178,rectangle_java2.jpg,rectangle_java2.jpg,10060915585,60,945.814,690.7546666666667,932.5,694,100,21,rect1.area,10,class->block->function->block->block_content->expr_stmt->expr->call->argument_list->argument->expr->call->name->name->operator->name,
2,178,rectangle_java2.jpg,rectangle_java2.jpg,10060975588,56,966.8185714285714,686.3957142857143,932.5,694,100,21,rect1.area,10,class->block->function->block->block_content->expr_stmt->expr->call->argument_list->argument->expr->call->name->name->operator->name,
2,178,rectangle_java2.jpg,rectangle_java2.jpg,10061135580,144,1073.4025,672.8133333333334,1077.5,658,9,20,"""","""",1,class->block->function->block->block_content->decl_stmt->decl->init->expr->call->argument_list
2,178,rectangle_java2.jpg,rectangle_java2.jpg,10061335584,132,1142.8354545454545,667.7687878787879,1134.5,658,22,20,10,2,class->block->function->block->block_content->decl_stmt->decl->init->expr->call->argument_list->argument->expr->literal,
2,178,rectangle_java2.jpg,rectangle_java2.jpg,10061443584,104,1135.186923076923,667.5946153846154,1134.5,658,22,20,10,2,class->block->function->block->block_content->decl_stmt->decl->init->expr->call->argument_list->argument->expr->literal,
2,178,rectangle_java2.jpg,rectangle_java2.jpg,10061651596,80,1130.981,666.4245,1134.5,658,22,20,10,2,class->block->function->block->block_content->decl_stmt->decl->init->expr->call->argument_list->argument->expr->literal,
2,178,rectangle_java2.jpg,rectangle_java2.jpg,10061715604,60,1146.3766666666668,668.9653333333333,1134.5,658,22,20,10,2,class->block->function->block->block_content->decl_stmt->decl->init->expr->call->argument_list->argument->expr->literal,
2,178,rectangle_java2.jpg,rectangle_java2.jpg,10061811594,92,1164.5556521739131,676.6408695652174,1163.5,658,10,20,"""","""",1,class->block->function->block->block_content->decl_stmt->decl->init->expr->call->argument_list
2,178,rectangle_java2.jpg,rectangle_java2.jpg,10061967548,64,1171.349375,676.654375,1163.5,658,10,20,"""","""",1,class->block->function->block->block_content->decl_stmt->decl->init->expr->call->argument_list
2,178,rectangle_java2.jpg,rectangle_java2.jpg,10061967548,64,1171.349375,676.654375,1182.5,658,22,20,10,2,class->block->function->block->block_content->decl_stmt->decl->init->expr->call->argument_list->argument->expr->literal,
2,178,rectangle_java2.jpg,rectangle_java2.jpg,10062167287,88,1188.0713636363637,675.5727272727272,1182.5,658,22,20,10,2,class->block->function->block->block_content->decl_stmt->decl->init->expr->call->argument_list->argument->expr->literal,
2,178,rectangle_java2.jpg,rectangle_java2.jpg,10062579462,64,842.6675,301.04625,837.5,295,9,21,(,1,class->block->constructor->parameter_list,
2,178,rectangle_java2.jpg,rectangle_java2.jpg,10062579462,64,842.6675,301.04625,853.5,295,32,21,int,3,class->block->constructor->parameter_list->parameter->decl->type->name,
2,178,rectangle_java2.jpg,rectangle_java2.jpg,10062639464,56,839.89,275.0807142857143,833.5,259,23,21,y1,2,class->block->decl_stmt->decl->name,
2,178,rectangle_java2.jpg,rectangle_java2.jpg,10063039446,72,794.7944444444445,272.5077777777778,785.5,259,23,21,x1,2,class->block->decl_stmt->decl->name,
2,178,rectangle_java2.jpg,rectangle_java2.jpg,10063399421,72,743.9033333333333,295.31444444444446,737.5,295,91,21,Rectangle,9,class->block->constructor->name,
2,178,rectangle_java2.jpg,rectangle_java2.jpg,10063811484,68,997.0417647058824,290.88529411764705,977.5,295,23,21,y1,2,class->block->constructor->parameter_list->parameter->decl->type->name,
2,178,rectangle_java2.jpg,rectangle_java2.jpg,10063811484,68,997.0417647058824,290.88529411764705,1007.5,295,10,21,"""","""",1,class->block->constructor->parameter_list
2,178,rectangle_java2.jpg,rectangle_java2.jpg,10064147260,56,992.83,705.12,932.5,694,100,21,rect1.area,10,class->block->function->block->block_content->expr_stmt->expr->call->argument_list->argument->expr->call->name->name->operator->name,
2,178,rectangle_java2.jpg,rectangle_java2.jpg,10064263312,112,982.8078571428572,712.5764285714286,932.5,694,100,21,rect1.area,10,class->block->function->block->block_content->expr_stmt->expr->call->argument_list->argument->expr->call->name->name->operator->name,
2,178,rectangle_java2.jpg,rectangle_java2.jpg,10064387331,60,819.0513333333333,746.0113333333334,730.5,731,91,20,Rectangle,9,class->block->function->block->block_content->decl_stmt->decl->type->name,
2,178,rectangle_java2.jpg,rectangle_java2.jpg,10064387331,60,819.0513333333333,746.0113333333334,826.5,731,51,20,rect2,5,class->block->function->block->block_content->decl_stmt->decl->name,
2,178,rectangle_java2.jpg,rectangle_java2.jpg,10064459329,68,811.04,754.9582352941177,730.5,766,177,21,System.out.println,18,class->block->function->block->block_content->expr_stmt->expr->call->name->name->operator->name->operator->name,
2,178,rectangle_java2.jpg,rectangle_java2.jpg,10064659324,76,772.1578947368421,719.5694736842105,730.5,731,91,20,Rectangle,9,class->block->function->block->block_content->decl_stmt->decl->type->name,
2,178,rectangle_java2.jpg,rectangle_java2.jpg,10064759307,56,883.7378571428571,699.4392857142857,730.5,694,177,21,System.out.println,18,class->block->function->block->block_content->expr_stmt->expr->call->name->name->operator->name->operator->name,
2,178,rectangle_java2.jpg,rectangle_java2.jpg,10064971301,76,953.1068421052632,694.6731578947368,932.5,694,100,21,rect1.area,10,class->block->function->block->block_content->expr_stmt->expr->call->argument_list->argument->expr->call->name->name->operator->name,
2,178,rectangle_java2.jpg,rectangle_java2.jpg,10065059314,84,962.8242857142856,683.7590476190476,932.5,694,100,21,rect1.area,10,class->block->function->block->block_content->expr_stmt->expr->call->argument_list->argument->expr->call->name->name->operator->name,
2,178,rectangle_java2.jpg,rectangle_java2.jpg,10065203315,60,780.0246666666667,725.4313333333333,730.5,731,91,20,Rectangle,9,class->block->function->block->block_content->decl_stmt->decl->type->name,
2,178,rectangle_java2.jpg,rectangle_java2.jpg,10065287312,80,768.1015,719.956,730.5,731,91,20,Rectangle,9,class->block->function->block->block_content->decl_stmt->decl->type->name,
2,178,rectangle_java2.jpg,rectangle_java2.jpg,10065539315,156,761.2248717948718,730.4658974358974,730.5,731,91,20,Rectangle,9,class->block->function->block->block_content->decl_stmt->decl->type->name,
2,178,rectangle_java2.jpg,rectangle_java2.jpg,10065631321,64,837.435625,745.76625,826.5,731,51,20,rect2,5,class->block->function->block->block_content->decl_stmt->decl->name,
2,178,rectangle_java2.jpg,rectangle_java2.jpg,10065855202,76,958.4147368421052,737.2042105263158,941.5,731,91,20,Rectangle,9,class->block->function->block->block_content->decl_stmt->decl->init->expr->call->name,
2,178,rectangle_java2.jpg,rectangle_java2.jpg,10066119189,164,958.1246341463416,723.0278048780488,941.5,731,91,20,Rectangle,9,class->block->function->block->block_content->decl_stmt->decl->init->expr->call->name,
2,178,rectangle_java2.jpg,rectangle_java2.jpg,10066183179,60,966.454,731.462,941.5,731,91,20,Rectangle,9,class->block->function->block->block_content->decl_stmt->decl->init->expr->call->name,
2,178,rectangle_java2.jpg,rectangle_java2.jpg,10066247168,60,960.2646666666668,733.132,941.5,731,91,20,Rectangle,9,class->block->function->block->block_content->decl_stmt->decl->init->expr->call->name,
2,178,rectangle_java2.jpg,rectangle_java2.jpg,10066407204,104,976.7103846153848,741.1384615384616,941.5,731,91,20,Rectangle,9,class->block->function->block->block_content->decl_stmt->decl->init->expr->call->name,
2,178,rectangle_java2.jpg,rectangle_java2.jpg,10066491233,80,966.3095,741.5264999999999,941.5,731,91,20,Rectangle,9,class->block->function->block->block_content->decl_stmt->decl->init->expr->call->name,
2,178,rectangle_java2.jpg,rectangle_java2.jpg,10066663220,64,1040.96125,705.9775,1041.5,694,9,21,(,1,class->block->function->block->block_content->expr_stmt->expr->call->argument_list->argument->expr->call->argument_list,
2,178,rectangle_java2.jpg,rectangle_java2.jpg,10066811247,144,1035.486666666667,701.6786111111111,1041.5,694,9,21,(,1,class->block->function->block->block_content->expr_stmt->expr->call->argument_list->argument->expr->call->argument_list,
2,178,rectangle_java2.jpg,rectangle_java2.jpg,10067127190,140,816.2505714285714,758.6848571428571,730.5,766,177,21,System.out.println,18,class->block->function->block->block_content->expr_stmt->expr->call->name->name->operator->name->operator->name,
2,178,rectangle_java2.jpg,rectangle_java2.jpg,10067347203,72,870.4183333333333,769.1616666666666,730.5,766,177,21,System.out.println,18,class->block->function->block->block_content->expr_stmt->expr->call->name->name->operator->name->operator->name,
2,178,rectangle_java2.jpg,rectangle_java2.jpg,10067731154,92,1154.6321739130435,664.0295652173913,1134.5,658,22,20,10,2,class->block->function->block->block_content->decl_stmt->decl->init->expr->call->argument_list->argument->expr->literal,
2,178,rectangle_java2.jpg,rectangle_java2.jpg,10067731154,92,1154.6321739130435,664.0295652173913,1163.5,658,10,20,"""","""",1,class->block->function->block->block_content->decl_stmt->decl->init->expr->call->argument_list
2,178,rectangle_java2.jpg,rectangle_java2.jpg,10068351059,112,811.545,756.915,730.5,766,177,21,System.out.println,18,class->block->function->block->block_content->expr_stmt->expr->call->name->name->operator->name->operator->name,
2,178,rectangle_java2.jpg,rectangle_java2.jpg,10068515097,160,805.243,773.82525,730.5,766,177,21,System.out.println,18,class->block->function->block->block_content->expr_stmt->expr->call->name->name->operator->name->operator->name,
2,178,rectangle_java2.jpg,rectangle_java2.jpg,10068799054,60,776.6893333333334,766.3573333333334,730.5,766,177,21,System.out.println,18,class->block->function->block->block_content->expr_stmt->expr->call->name->name->operator->name->operator->name,
2,178,rectangle_java2.jpg,rectangle_java2.jpg,10069071048,164,769.2592682926829,762.8790243902439,730.5,766,177,21,System.out.println,18,class->block->function->block->block_content->expr_stmt->expr->call->name->name->operator->name->operator->name,
2,178,rectangle_java2.jpg,rectangle_java2.jpg,10069279025,128,772.0159375,765.13375,730.5,766,177,21,System.out.println,18,class->block->function->block->block_content->expr_stmt->expr->call->name->name->operator->name->operator->name,
2,178,rectangle_java2.jpg,rectangle_java2.jpg,10069395022,112,777.1960714285714,757.1339285714286,730.5,766,177,21,System.out.println,18,class->block->function->block->block_content->expr_stmt->expr->call->name->name->operator->name->operator->name,
2,178,rectangle_java2.jpg,rectangle_java2.jpg,10069495026,64,873.07125,758.48125,730.5,766,177,21,System.out.println,18,class->block->function->block->block_content->expr_stmt->expr->call->name->name->operator->name->operator->name,
2,178,rectangle_java2.jpg,rectangle_java2.jpg,10069627033,128,868.9971875,766.8203125,730.5,766,177,21,System.out.println,18,class->block->function->block->block_content->expr_stmt->expr->call->name->name->operator->name->operator->name,
2,178,rectangle_java2.jpg,rectangle_java2.jpg,10069826977,104,951.435,760.9176923076923,932.5,766,100,21,rect2.area,10,class->block->function->block->block_content->expr_stmt->expr->call->argument_list->argument->expr->call->name->name->operator->name,
2,178,rectangle_java2.jpg,rectangle_java2.jpg,10069906937,76,941.208947368421,758.07,932.5,766,100,21,rect2.area,10,class->block->function->block->block_content->expr_stmt->expr->call->argument_list->argument->expr->call->name->name->operator->name,
2,178,rectangle_java2.jpg,rectangle_java2.jpg,10069986933,76,951.7036842105264,762.5478947368421,932.5,766,100,21,rect2.area,10,class->block->function->block->block_content->expr_stmt->expr->call->argument_list->argument->expr->call->name->name->operator->name,
2,178,rectangle_java2.jpg,rectangle_java2.jpg,10070046929,56,949.9264285714286,773.6392857142857,932.5,766,100,21,rect2.area,10,class->block->function->block->block_content->expr_stmt->expr->call->argument_list->argument->expr->call->name->name->operator->name,
2,178,rectangle_java2.jpg,rectangle_java2.jpg,10070214944,84,1105.8309523809523,733.0547619047619,1095.5,731,13,20,5,1,class->block->function->block->block_content->decl_stmt->decl->init->expr->call->argument_list->argument->expr->literal,
2,178,rectangle_java2.jpg,rectangle_java2.jpg,10070214944,84,1105.8309523809523,733.0547619047619,1115.5,731,10,20,"""","""",1,class->block->function->block->block_content->decl_stmt->decl->init->expr->call->argument_list
2,178,rectangle_java2.jpg,rectangle_java2.jpg,10070370964,56,1154.6914285714286,750.0571428571428,1134.5,731,22,20,10,2,class->block->function->block->block_content->decl_stmt->decl->init->expr->call->argument_list->argument->expr->literal,
2,178,rectangle_java2.jpg,rectangle_java2.jpg,10070370964,56,1154.6914285714286,750.0571428571428,1163.5,731,10,20,"""","""",1,class->block->function->block->block_content->decl_stmt->decl->init->expr->call->argument_list
2,178,rectangle_java2.jpg,rectangle_java2.jpg,10070518949,92,1144.3773913043478,738.6313043478261,1134.5,731,22,20,10,2,class->block->function->block->block_content->decl_stmt->decl->init->expr->call->argument_list->argument->expr->literal,
2,178,rectangle_java2.jpg,rectangle_java2.jpg,10070710975,60,1074.608,761.918,1077.5,766,9,21,),1,class->block->function->block->block_content->expr_stmt->expr->call->argument_list,
2,178,rectangle_java2.jpg,rectangle_java2.jpg,10070822973,64,1071.405625,777.345625,1077.5,766,9,21,),1,class->block->function->block->block_content->expr_stmt->expr->call->argument_list,
2,178,rectangle_java2.jpg,rectangle_java2.jpg,10070966961,68,1080.820588235294,768.3541176470588,1077.5,766,9,21,),1,class->block->function->block->block_content->expr_stmt->expr->call->argument_list,
2,178,rectangle_java2.jpg,rectangle_java2.jpg,10071030940,60,1086.9026666666666,754.9706666666667,1096.5,766,10,21,;,1,class->block->function->block->block_content->expr_stmt,
2,178,rectangle_java2.jpg,rectangle_java2.jpg,10071430901,56,912.97,786.4871428571429,916.5,766,9,21,(,1,class->block->function->block->block_content->expr_stmt->expr->call->argument_list,
2,178,rectangle_java2.jpg,rectangle_java2.jpg,10072962837,116,825.9348275862069,562.1627586206896,775.5,549,62,21,height,6,class->block->function->name,
