trial,participant,code_file,code_language,timestamp,duration,x_cord,y_cord,aoi_x,aoi_y,aoi_width,aoi_height,token,length,srcML,
2,183,rectangle_java2.jpg,rectangle_java2.jpg,436785120,108,756.5918518518519,282.74296296296296,737.5,295,91,21,Rectangle,9,class->block->constructor->name,
2,183,rectangle_java2.jpg,rectangle_java2.jpg,439256853,100,839.0052,260.8092,833.5,259,23,21,y1,2,class->block->decl_stmt->decl->name,
2,183,rectangle_java2.jpg,rectangle_java2.jpg,439460855,160,791.75525,223.4545,715.5,222,90,21,Rectangle,9,class->name,
2,183,rectangle_java2.jpg,rectangle_java2.jpg,439556848,92,793.6982608695652,232.20652173913044,715.5,222,90,21,Rectangle,9,class->name,
2,183,rectangle_java2.jpg,rectangle_java2.jpg,446960167,148,834.2654054054054,255.76432432432432,833.5,259,23,21,y1,2,class->block->decl_stmt->decl->name,
2,183,rectangle_java2.jpg,rectangle_java2.jpg,447120216,132,797.5351515151515,231.86030303030304,715.5,222,90,21,Rectangle,9,class->name,
2,183,rectangle_java2.jpg,rectangle_java2.jpg,451803757,112,772.6028571428571,235.82607142857145,715.5,222,90,21,Rectangle,9,class->name,
2,183,rectangle_java2.jpg,rectangle_java2.jpg,451915761,72,744.4911111111111,219.74888888888893,715.5,222,90,21,Rectangle,9,class->name,
2,183,rectangle_java2.jpg,rectangle_java2.jpg,451999768,80,745.4215,219.174,715.5,222,90,21,Rectangle,9,class->name,
2,183,rectangle_java2.jpg,rectangle_java2.jpg,452143801,64,799.89,213.25187500000004,715.5,222,90,21,Rectangle,9,class->name,
2,183,rectangle_java2.jpg,rectangle_java2.jpg,452215807,68,809.3617647058824,235.68,813.5,222,10,21,{,1,class->block,
2,183,rectangle_java2.jpg,rectangle_java2.jpg,453399655,228,831.2243859649122,267.5961403508772,833.5,259,23,21,y1,2,class->block->decl_stmt->decl->name,
2,183,rectangle_java2.jpg,rectangle_java2.jpg,453583629,144,808.4536111111111,247.11555555555557,785.5,259,23,21,x1,2,class->block->decl_stmt->decl->name,
2,183,rectangle_java2.jpg,rectangle_java2.jpg,453583629,144,808.4536111111111,247.11555555555557,815.5,259,10,21,"""","""",1,class->block->decl_stmt
2,183,rectangle_java2.jpg,rectangle_java2.jpg,453795636,160,889.20325,254.1165,881.5,259,23,21,x2,2,class->block->decl_stmt->decl->name,
2,183,rectangle_java2.jpg,rectangle_java2.jpg,454011138,180,909.4542222222224,268.5084444444444,911.5,259,10,21,"""","""",1,class->block->decl_stmt
2,183,rectangle_java2.jpg,rectangle_java2.jpg,454355592,244,823.3618032786885,314.19475409836065,737.5,295,91,21,Rectangle,9,class->block->constructor->name,
2,183,rectangle_java2.jpg,rectangle_java2.jpg,454943736,184,774.6256521739131,226.5776086956522,715.5,222,90,21,Rectangle,9,class->name,
2,183,rectangle_java2.jpg,rectangle_java2.jpg,455119456,84,757.6123809523809,232.94095238095235,715.5,222,90,21,Rectangle,9,class->name,
2,183,rectangle_java2.jpg,rectangle_java2.jpg,455187469,64,749.124375,229.241875,715.5,222,90,21,Rectangle,9,class->name,
2,183,rectangle_java2.jpg,rectangle_java2.jpg,455391507,164,813.5939024390244,222.0509756097561,813.5,222,10,21,{,1,class->block,
2,183,rectangle_java2.jpg,rectangle_java2.jpg,455547522,100,808.2292,227.8768,813.5,222,10,21,{,1,class->block,
2,183,rectangle_java2.jpg,rectangle_java2.jpg,455655524,104,811.5807692307692,224.27153846153848,813.5,222,10,21,{,1,class->block,
2,183,rectangle_java2.jpg,rectangle_java2.jpg,455731527,72,796.9194444444445,242.0211111111111,715.5,222,90,21,Rectangle,9,class->name,
2,183,rectangle_java2.jpg,rectangle_java2.jpg,455799530,64,796.928125,235.95125,715.5,222,90,21,Rectangle,9,class->name,
2,183,rectangle_java2.jpg,rectangle_java2.jpg,455911509,108,793.6762962962963,220.97740740740744,715.5,222,90,21,Rectangle,9,class->name,
2,183,rectangle_java2.jpg,rectangle_java2.jpg,458267240,88,814.0,269.48318181818183,815.5,259,10,21,"""","""",1,class->block->decl_stmt
2,183,rectangle_java2.jpg,rectangle_java2.jpg,458423249,152,811.7205263157895,254.7057894736842,815.5,259,10,21,"""","""",1,class->block->decl_stmt
2,183,rectangle_java2.jpg,rectangle_java2.jpg,458515254,88,824.6036363636364,250.2590909090909,815.5,259,10,21,"""","""",1,class->block->decl_stmt
2,183,rectangle_java2.jpg,rectangle_java2.jpg,458515254,88,824.6036363636364,250.2590909090909,833.5,259,23,21,y1,2,class->block->decl_stmt->decl->name,
2,183,rectangle_java2.jpg,rectangle_java2.jpg,458755278,148,811.0091891891892,234.3537837837838,813.5,222,10,21,{,1,class->block,
2,183,rectangle_java2.jpg,rectangle_java2.jpg,458895296,136,818.7641176470588,248.49617647058824,815.5,259,10,21,"""","""",1,class->block->decl_stmt
2,183,rectangle_java2.jpg,rectangle_java2.jpg,459063528,132,849.6466666666666,271.18848484848485,833.5,259,23,21,y1,2,class->block->decl_stmt->decl->name,
2,183,rectangle_java2.jpg,rectangle_java2.jpg,459135600,68,846.8429411764706,287.8647058823529,853.5,295,32,21,int,3,class->block->constructor->parameter_list->parameter->decl->type->name,
2,183,rectangle_java2.jpg,rectangle_java2.jpg,459267305,56,903.4357142857144,283.82928571428573,890.5,295,24,21,x1,2,class->block->constructor->parameter_list->parameter->decl->type->name,
2,183,rectangle_java2.jpg,rectangle_java2.jpg,459391184,72,842.6594444444445,268.1716666666667,833.5,259,23,21,y1,2,class->block->decl_stmt->decl->name,
2,183,rectangle_java2.jpg,rectangle_java2.jpg,459575121,180,833.35,282.57444444444445,837.5,295,9,21,(,1,class->block->constructor->parameter_list,
2,183,rectangle_java2.jpg,rectangle_java2.jpg,459647116,68,827.9564705882353,268.9935294117647,833.5,259,23,21,y1,2,class->block->decl_stmt->decl->name,
2,183,rectangle_java2.jpg,rectangle_java2.jpg,459915137,264,814.4374242424242,261.6968181818182,815.5,259,10,21,"""","""",1,class->block->decl_stmt
2,183,rectangle_java2.jpg,rectangle_java2.jpg,460047129,128,811.0065625,254.1121875,815.5,259,10,21,"""","""",1,class->block->decl_stmt
2,183,rectangle_java2.jpg,rectangle_java2.jpg,460155130,104,802.9926923076923,240.5823076923077,715.5,222,90,21,Rectangle,9,class->name,
2,183,rectangle_java2.jpg,rectangle_java2.jpg,460155130,104,802.9926923076923,240.5823076923077,813.5,222,10,21,{,1,class->block,
2,183,rectangle_java2.jpg,rectangle_java2.jpg,460219124,60,793.2033333333334,265.338,785.5,259,23,21,x1,2,class->block->decl_stmt->decl->name,
2,183,rectangle_java2.jpg,rectangle_java2.jpg,460359107,84,810.9833333333333,295.2261904761905,737.5,295,91,21,Rectangle,9,class->block->constructor->name,
2,183,rectangle_java2.jpg,rectangle_java2.jpg,460538921,148,873.4340540540541,252.7127027027027,863.5,259,10,21,"""","""",1,class->block->decl_stmt
2,183,rectangle_java2.jpg,rectangle_java2.jpg,460538921,148,873.4340540540541,252.7127027027027,881.5,259,23,21,x2,2,class->block->decl_stmt->decl->name,
2,183,rectangle_java2.jpg,rectangle_java2.jpg,460770846,148,799.7059459459459,271.8148648648649,785.5,259,23,21,x1,2,class->block->decl_stmt->decl->name,
2,183,rectangle_java2.jpg,rectangle_java2.jpg,461086967,124,836.3309677419355,338.76,826.5,331,23,19,x1,2,class->block->constructor->block->block_content->expr_stmt->expr->name->name,
2,183,rectangle_java2.jpg,rectangle_java2.jpg,462470868,116,838.1096551724138,257.14620689655175,833.5,259,23,21,y1,2,class->block->decl_stmt->decl->name,
2,183,rectangle_java2.jpg,rectangle_java2.jpg,462614879,56,809.6392857142857,289.12714285714287,737.5,295,91,21,Rectangle,9,class->block->constructor->name,
2,183,rectangle_java2.jpg,rectangle_java2.jpg,462734856,116,796.1013793103448,298.16379310344826,737.5,295,91,21,Rectangle,9,class->block->constructor->name,
2,183,rectangle_java2.jpg,rectangle_java2.jpg,463262876,180,828.0306666666667,279.1922222222222,833.5,259,23,21,y1,2,class->block->decl_stmt->decl->name,
2,183,rectangle_java2.jpg,rectangle_java2.jpg,463446847,180,830.5755555555555,296.58,837.5,295,9,21,(,1,class->block->constructor->parameter_list,
2,183,rectangle_java2.jpg,rectangle_java2.jpg,463606778,76,844.9521052631579,249.21894736842103,833.5,259,23,21,y1,2,class->block->decl_stmt->decl->name,
2,183,rectangle_java2.jpg,rectangle_java2.jpg,463850711,112,905.1953571428572,252.0032142857143,911.5,259,10,21,"""","""",1,class->block->decl_stmt
2,183,rectangle_java2.jpg,rectangle_java2.jpg,464722646,68,894.0288235294117,251.27941176470583,881.5,259,23,21,x2,2,class->block->decl_stmt->decl->name,
2,183,rectangle_java2.jpg,rectangle_java2.jpg,464966694,204,791.3996078431372,242.03392156862745,715.5,222,90,21,Rectangle,9,class->name,
2,183,rectangle_java2.jpg,rectangle_java2.jpg,465070695,64,831.2325,247.14,833.5,259,23,21,y1,2,class->block->decl_stmt->decl->name,
2,183,rectangle_java2.jpg,rectangle_java2.jpg,465398472,64,878.281875,301.77250000000004,853.5,295,32,21,int,3,class->block->constructor->parameter_list->parameter->decl->type->name,
2,183,rectangle_java2.jpg,rectangle_java2.jpg,465398472,64,878.281875,301.77250000000004,890.5,295,24,21,x1,2,class->block->constructor->parameter_list->parameter->decl->type->name,
2,183,rectangle_java2.jpg,rectangle_java2.jpg,465766543,232,840.6610344827586,314.6734482758621,837.5,295,9,21,(,1,class->block->constructor->parameter_list,
2,183,rectangle_java2.jpg,rectangle_java2.jpg,465970569,200,828.3908,310.2022,737.5,295,91,21,Rectangle,9,class->block->constructor->name,
2,183,rectangle_java2.jpg,rectangle_java2.jpg,465970569,200,828.3908,310.2022,837.5,295,9,21,(,1,class->block->constructor->parameter_list,
2,183,rectangle_java2.jpg,rectangle_java2.jpg,466110607,120,893.048,313.61066666666665,890.5,295,24,21,x1,2,class->block->constructor->parameter_list->parameter->decl->type->name,
2,183,rectangle_java2.jpg,rectangle_java2.jpg,466202586,88,886.3695454545455,298.91227272727275,890.5,295,24,21,x1,2,class->block->constructor->parameter_list->parameter->decl->type->name,
2,183,rectangle_java2.jpg,rectangle_java2.jpg,467002423,100,913.3664,300.4812,890.5,295,24,21,x1,2,class->block->constructor->parameter_list->parameter->decl->type->name,
2,183,rectangle_java2.jpg,rectangle_java2.jpg,467002423,100,913.3664,300.4812,921.5,295,9,21,"""","""",1,class->block->constructor->parameter_list
2,183,rectangle_java2.jpg,rectangle_java2.jpg,467390470,68,821.9994117647059,338.89882352941174,826.5,331,23,19,x1,2,class->block->constructor->block->block_content->expr_stmt->expr->name->name,
2,183,rectangle_java2.jpg,rectangle_java2.jpg,467518451,124,836.6054838709678,326.8141935483871,826.5,331,23,19,x1,2,class->block->constructor->block->block_content->expr_stmt->expr->name->name,
2,183,rectangle_java2.jpg,rectangle_java2.jpg,468522300,208,860.2171153846153,359.7603846153846,856.5,367,10,21,;,1,class->block->constructor->block->block_content->expr_stmt,
2,183,rectangle_java2.jpg,rectangle_java2.jpg,468614322,88,861.4245454545454,343.4986363636364,856.5,331,10,19,;,1,class->block->constructor->block->block_content->expr_stmt,
2,183,rectangle_java2.jpg,rectangle_java2.jpg,468718338,100,853.5912,356.6408,856.5,367,10,21,;,1,class->block->constructor->block->block_content->expr_stmt,
2,183,rectangle_java2.jpg,rectangle_java2.jpg,469330338,120,784.7886666666667,453.02566666666667,730.5,440,71,21,this.y2,7,class->block->constructor->block->block_content->expr_stmt->expr->name->name->operator->name,
2,183,rectangle_java2.jpg,rectangle_java2.jpg,469438322,64,765.60875,442.729375,730.5,440,71,21,this.y2,7,class->block->constructor->block->block_content->expr_stmt->expr->name->name->operator->name,
2,183,rectangle_java2.jpg,rectangle_java2.jpg,469534306,92,774.3508695652174,460.94434782608687,730.5,440,71,21,this.y2,7,class->block->constructor->block->block_content->expr_stmt->expr->name->name->operator->name,
2,183,rectangle_java2.jpg,rectangle_java2.jpg,469946139,96,861.7454166666666,450.8154166666667,856.5,440,10,21,;,1,class->block->constructor->block->block_content->expr_stmt,
2,183,rectangle_java2.jpg,rectangle_java2.jpg,472106037,80,965.463,503.4865,958.5,512,71,21,this.x2,7,class->block->function->block->block_content->return->expr->name->name->operator->name->operator,
2,183,rectangle_java2.jpg,rectangle_java2.jpg,472238024,128,968.9690625,521.298125,958.5,512,71,21,this.x2,7,class->block->function->block->block_content->return->expr->name->name->operator->name->operator,
2,183,rectangle_java2.jpg,rectangle_java2.jpg,473085905,76,1021.7994736842104,509.5368421052632,958.5,512,71,21,this.x2,7,class->block->function->block->block_content->return->expr->name->name->operator->name->operator,
2,183,rectangle_java2.jpg,rectangle_java2.jpg,473225890,88,1015.8936363636363,515.0913636363637,958.5,512,71,21,this.x2,7,class->block->function->block->block_content->return->expr->name->name->operator->name->operator,
2,183,rectangle_java2.jpg,rectangle_java2.jpg,474253938,156,757.4825641025641,456.4107692307692,730.5,440,71,21,this.y2,7,class->block->constructor->block->block_content->expr_stmt->expr->name->name->operator->name,
2,183,rectangle_java2.jpg,rectangle_java2.jpg,474353941,96,738.8270833333333,450.4820833333333,730.5,440,71,21,this.y2,7,class->block->constructor->block->block_content->expr_stmt->expr->name->name->operator->name,
2,183,rectangle_java2.jpg,rectangle_java2.jpg,478653518,72,793.9383333333333,456.73333333333335,730.5,440,71,21,this.y2,7,class->block->constructor->block->block_content->expr_stmt->expr->name->name->operator->name,
2,183,rectangle_java2.jpg,rectangle_java2.jpg,479153490,168,817.8540476190476,439.1330952380952,806.5,440,15,21,=,1,class->block->constructor->block->block_content->expr_stmt->expr->operator,
2,183,rectangle_java2.jpg,rectangle_java2.jpg,479153490,168,817.8540476190476,439.1330952380952,826.5,440,23,21,y2,2,class->block->constructor->block->block_content->expr_stmt->expr->name->name,
2,183,rectangle_java2.jpg,rectangle_java2.jpg,479225410,68,818.5617647058824,454.23823529411766,806.5,440,15,21,=,1,class->block->constructor->block->block_content->expr_stmt->expr->operator,
2,183,rectangle_java2.jpg,rectangle_java2.jpg,479225410,68,818.5617647058824,454.23823529411766,826.5,440,23,21,y2,2,class->block->constructor->block->block_content->expr_stmt->expr->name->name,
2,183,rectangle_java2.jpg,rectangle_java2.jpg,480033358,124,855.7770967741935,452.02193548387095,856.5,440,10,21,;,1,class->block->constructor->block->block_content->expr_stmt,
2,183,rectangle_java2.jpg,rectangle_java2.jpg,480121336,84,858.2133333333334,460.4133333333334,856.5,440,10,21,;,1,class->block->constructor->block->block_content->expr_stmt,
2,183,rectangle_java2.jpg,rectangle_java2.jpg,480265343,76,861.9747368421052,452.378947368421,856.5,440,10,21,;,1,class->block->constructor->block->block_content->expr_stmt,
2,183,rectangle_java2.jpg,rectangle_java2.jpg,481869267,88,861.875,408.30045454545456,856.5,404,10,19,;,1,class->block->constructor->block->block_content->expr_stmt,
2,183,rectangle_java2.jpg,rectangle_java2.jpg,482253248,80,777.3835,437.8465,730.5,440,71,21,this.y2,7,class->block->constructor->block->block_content->expr_stmt->expr->name->name->operator->name,
2,183,rectangle_java2.jpg,rectangle_java2.jpg,482357191,100,781.9536,445.8564,730.5,440,71,21,this.y2,7,class->block->constructor->block->block_content->expr_stmt->expr->name->name->operator->name,
2,183,rectangle_java2.jpg,rectangle_java2.jpg,482537194,176,760.0493181818182,443.7309090909091,730.5,440,71,21,this.y2,7,class->block->constructor->block->block_content->expr_stmt->expr->name->name->operator->name,
2,183,rectangle_java2.jpg,rectangle_java2.jpg,482681207,56,811.3592857142858,444.6207142857143,806.5,440,15,21,=,1,class->block->constructor->block->block_content->expr_stmt->expr->operator,
2,183,rectangle_java2.jpg,rectangle_java2.jpg,482793162,108,826.1425925925926,442.1533333333333,826.5,440,23,21,y2,2,class->block->constructor->block->block_content->expr_stmt->expr->name->name,
2,183,rectangle_java2.jpg,rectangle_java2.jpg,483205057,60,851.314,442.172,856.5,440,10,21,;,1,class->block->constructor->block->block_content->expr_stmt,
2,183,rectangle_java2.jpg,rectangle_java2.jpg,483345084,136,842.7305882352941,451.8564705882353,826.5,440,23,21,y2,2,class->block->constructor->block->block_content->expr_stmt->expr->name->name,
2,183,rectangle_java2.jpg,rectangle_java2.jpg,484381006,68,805.5976470588236,501.8594117647059,775.5,512,53,21,width,5,class->block->function->name,
2,183,rectangle_java2.jpg,rectangle_java2.jpg,484568982,92,800.8669565217391,504.054347826087,775.5,512,53,21,width,5,class->block->function->name,
2,183,rectangle_java2.jpg,rectangle_java2.jpg,484732980,56,875.6707142857142,515.0078571428571,874.5,512,10,21,{,1,class->block->function->block,
2,183,rectangle_java2.jpg,rectangle_java2.jpg,484897004,76,915.8057894736842,508.4784210526316,891.5,512,62,21,return,6,class->block->function->block->block_content->return->expr->name->name,
2,183,rectangle_java2.jpg,rectangle_java2.jpg,485012999,112,911.6578571428572,503.2053571428571,891.5,512,62,21,return,6,class->block->function->block->block_content->return->expr->name->name,
2,183,rectangle_java2.jpg,rectangle_java2.jpg,485468988,56,1036.2507142857144,548.8428571428572,968.5,549,70,21,this.y2,7,class->block->function->block->block_content->return->expr->name->name->operator->name,
2,183,rectangle_java2.jpg,rectangle_java2.jpg,485468988,56,1036.2507142857144,548.8428571428572,1045.5,549,13,21,-,1,class->block->function->block->block_content->return->expr->operator,
2,183,rectangle_java2.jpg,rectangle_java2.jpg,485864848,64,1142.683125,522.921875,1152.5,512,10,21,},1,class->block,
2,183,rectangle_java2.jpg,rectangle_java2.jpg,485928872,60,1150.838,520.5506666666666,1152.5,512,10,21,},1,class->block,
2,183,rectangle_java2.jpg,rectangle_java2.jpg,486276833,76,1113.0852631578948,509.4157894736842,1054.5,512,71,21,this.x1,7,class->block->function->block->block_content->return->expr->name->name->operator->name,
2,183,rectangle_java2.jpg,rectangle_java2.jpg,486740712,92,876.1986956521739,512.9717391304348,874.5,512,10,21,{,1,class->block->function->block,
2,183,rectangle_java2.jpg,rectangle_java2.jpg,486848452,104,877.205,502.79,874.5,512,10,21,{,1,class->block->function->block,
2,183,rectangle_java2.jpg,rectangle_java2.jpg,486992638,96,925.1,520.4383333333334,891.5,512,62,21,return,6,class->block->function->block->block_content->return->expr->name->name,
2,183,rectangle_java2.jpg,rectangle_java2.jpg,487156579,80,1062.389,544.0795,1064.5,549,71,21,this.y1,7,class->block->function->block->block_content->return->expr->name->name->operator->name,
2,183,rectangle_java2.jpg,rectangle_java2.jpg,487264184,104,1055.155,543.6361538461539,1045.5,549,13,21,-,1,class->block->function->block->block_content->return->expr->operator,
2,183,rectangle_java2.jpg,rectangle_java2.jpg,487264184,104,1055.155,543.6361538461539,1064.5,549,71,21,this.y1,7,class->block->function->block->block_content->return->expr->name->name->operator->name,
2,183,rectangle_java2.jpg,rectangle_java2.jpg,487496682,140,1026.9714285714283,521.1268571428571,958.5,512,71,21,this.x2,7,class->block->function->block->block_content->return->expr->name->name->operator->name->operator,
2,183,rectangle_java2.jpg,rectangle_java2.jpg,487496682,140,1026.9714285714283,521.1268571428571,1035.5,512,13,21,-,1,class->block->function->block->block_content->return->expr->name->name,
2,183,rectangle_java2.jpg,rectangle_java2.jpg,487596674,96,1037.7545833333334,522.25375,1035.5,512,13,21,-,1,class->block->function->block->block_content->return->expr->name->name,
2,183,rectangle_java2.jpg,rectangle_java2.jpg,488024792,108,1037.1437037037035,545.824074074074,968.5,549,70,21,this.y2,7,class->block->function->block->block_content->return->expr->name->name->operator->name,
2,183,rectangle_java2.jpg,rectangle_java2.jpg,488024792,108,1037.1437037037035,545.824074074074,1045.5,549,13,21,-,1,class->block->function->block->block_content->return->expr->operator,
2,183,rectangle_java2.jpg,rectangle_java2.jpg,488092816,64,1017.621875,532.12375,958.5,512,71,21,this.x2,7,class->block->function->block->block_content->return->expr->name->name->operator->name->operator,
2,183,rectangle_java2.jpg,rectangle_java2.jpg,488156759,60,1008.8586666666666,531.9613333333333,958.5,512,71,21,this.x2,7,class->block->function->block->block_content->return->expr->name->name->operator->name->operator,
2,183,rectangle_java2.jpg,rectangle_java2.jpg,488288621,112,827.3707142857143,618.2328571428571,804.5,621,44,21,void,4,class->block->function->type->name,
2,183,rectangle_java2.jpg,rectangle_java2.jpg,488408661,56,802.2285714285714,598.2107142857143,804.5,585,43,21,area,4,class->block->function->name,
2,183,rectangle_java2.jpg,rectangle_java2.jpg,488528649,60,777.3033333333334,525.9133333333333,775.5,512,53,21,width,5,class->block->function->name,
2,183,rectangle_java2.jpg,rectangle_java2.jpg,488648455,72,881.2161111111111,662.5933333333334,883.5,658,15,20,=,1,class->block->function->block->block_content->decl_stmt->decl->init,
2,183,rectangle_java2.jpg,rectangle_java2.jpg,488828494,64,919.0225,650.866875,902.5,658,34,20,new,3,class->block->function->block->block_content->decl_stmt->decl->init->expr->operator,
2,183,rectangle_java2.jpg,rectangle_java2.jpg,488924547,92,929.2604347826089,663.2604347826087,902.5,658,34,20,new,3,class->block->function->block->block_content->decl_stmt->decl->init->expr->operator,
2,183,rectangle_java2.jpg,rectangle_java2.jpg,488924547,92,929.2604347826089,663.2604347826087,941.5,658,91,20,Rectangle,9,class->block->function->block->block_content->decl_stmt->decl->init->expr->call->name,
2,183,rectangle_java2.jpg,rectangle_java2.jpg,489056586,80,1016.1355,656.501,941.5,658,91,20,Rectangle,9,class->block->function->block->block_content->decl_stmt->decl->init->expr->call->name,
2,183,rectangle_java2.jpg,rectangle_java2.jpg,489281010,132,1087.6021212121211,580.2590909090909,1086.5,585,10,21,(,1,class->block->function->block->block_content->return->expr->call->argument_list,
2,183,rectangle_java2.jpg,rectangle_java2.jpg,489448814,100,1122.5196,671.87,1115.5,658,10,20,"""","""",1,class->block->function->block->block_content->decl_stmt->decl->init->expr->call->argument_list
2,183,rectangle_java2.jpg,rectangle_java2.jpg,489448814,100,1122.5196,671.87,1134.5,658,22,20,10,2,class->block->function->block->block_content->decl_stmt->decl->init->expr->call->argument_list->argument->expr->literal,
2,183,rectangle_java2.jpg,rectangle_java2.jpg,489996636,72,894.9272222222222,724.5416666666666,883.5,731,15,20,=,1,class->block->function->block->block_content->decl_stmt->decl->init,
2,183,rectangle_java2.jpg,rectangle_java2.jpg,489996636,72,894.9272222222222,724.5416666666666,902.5,731,34,20,new,3,class->block->function->block->block_content->decl_stmt->decl->init->expr->operator,
2,183,rectangle_java2.jpg,rectangle_java2.jpg,490084652,84,891.5385714285715,707.3414285714285,730.5,694,177,21,System.out.println,18,class->block->function->block->block_content->expr_stmt->expr->call->name->name->operator->name->operator->name,
2,183,rectangle_java2.jpg,rectangle_java2.jpg,490260375,116,846.5248275862069,743.0741379310344,826.5,731,51,20,rect2,5,class->block->function->block->block_content->decl_stmt->decl->name,
2,183,rectangle_java2.jpg,rectangle_java2.jpg,490384340,100,803.8736,723.2836,730.5,731,91,20,Rectangle,9,class->block->function->block->block_content->decl_stmt->decl->type->name,
2,183,rectangle_java2.jpg,rectangle_java2.jpg,490452395,64,801.924375,705.5275,730.5,694,177,21,System.out.println,18,class->block->function->block->block_content->expr_stmt->expr->call->name->name->operator->name->operator->name,
2,183,rectangle_java2.jpg,rectangle_java2.jpg,490552446,88,891.6890909090909,703.1009090909091,730.5,694,177,21,System.out.println,18,class->block->function->block->block_content->expr_stmt->expr->call->name->name->operator->name->operator->name,
2,183,rectangle_java2.jpg,rectangle_java2.jpg,490804468,248,891.4937096774194,704.195806451613,730.5,694,177,21,System.out.println,18,class->block->function->block->block_content->expr_stmt->expr->call->name->name->operator->name->operator->name,
2,183,rectangle_java2.jpg,rectangle_java2.jpg,491164422,164,840.240243902439,460.9436585365854,826.5,440,23,21,y2,2,class->block->constructor->block->block_content->expr_stmt->expr->name->name,
2,183,rectangle_java2.jpg,rectangle_java2.jpg,491628446,80,886.3555,750.5085,883.5,731,15,20,=,1,class->block->function->block->block_content->decl_stmt->decl->init,
2,183,rectangle_java2.jpg,rectangle_java2.jpg,491692410,60,881.492,755.022,730.5,766,177,21,System.out.println,18,class->block->function->block->block_content->expr_stmt->expr->call->name->name->operator->name->operator->name,
2,183,rectangle_java2.jpg,rectangle_java2.jpg,491832312,112,912.1328571428572,702.7939285714285,916.5,694,9,21,(,1,class->block->function->block->block_content->expr_stmt->expr->call->argument_list,
2,183,rectangle_java2.jpg,rectangle_java2.jpg,491912293,76,906.267894736842,699.3715789473684,730.5,694,177,21,System.out.println,18,class->block->function->block->block_content->expr_stmt->expr->call->name->name->operator->name->operator->name,
2,183,rectangle_java2.jpg,rectangle_java2.jpg,491912293,76,906.267894736842,699.3715789473684,916.5,694,9,21,(,1,class->block->function->block->block_content->expr_stmt->expr->call->argument_list,
2,183,rectangle_java2.jpg,rectangle_java2.jpg,492360335,96,829.1129166666667,693.5004166666666,730.5,694,177,21,System.out.println,18,class->block->function->block->block_content->expr_stmt->expr->call->name->name->operator->name->operator->name,
2,183,rectangle_java2.jpg,rectangle_java2.jpg,492504180,100,780.2316,689.9288,730.5,694,177,21,System.out.println,18,class->block->function->block->block_content->expr_stmt->expr->call->name->name->operator->name->operator->name,
2,183,rectangle_java2.jpg,rectangle_java2.jpg,493572122,152,1071.322894736842,785.6005263157895,1077.5,766,9,21,),1,class->block->function->block->block_content->expr_stmt->expr->call->argument_list,
2,183,rectangle_java2.jpg,rectangle_java2.jpg,496539802,56,804.9542857142857,210.2671428571429,715.5,222,90,21,Rectangle,9,class->name,
2,183,rectangle_java2.jpg,rectangle_java2.jpg,496539802,56,804.9542857142857,210.2671428571429,813.5,222,10,21,{,1,class->block,
2,183,rectangle_java2.jpg,rectangle_java2.jpg,496779939,88,892.0945454545455,260.94545454545454,881.5,259,23,21,x2,2,class->block->decl_stmt->decl->name,
2,183,rectangle_java2.jpg,rectangle_java2.jpg,498999810,104,810.5665384615385,261.68115384615385,815.5,259,10,21,"""","""",1,class->block->decl_stmt
2,183,rectangle_java2.jpg,rectangle_java2.jpg,499067811,64,812.165625,282.529375,737.5,295,91,21,Rectangle,9,class->block->constructor->name,
2,183,rectangle_java2.jpg,rectangle_java2.jpg,499187932,116,831.5710344827586,300.7831034482759,837.5,295,9,21,(,1,class->block->constructor->parameter_list,
2,183,rectangle_java2.jpg,rectangle_java2.jpg,499356103,164,836.7592682926829,290.9187804878049,837.5,295,9,21,(,1,class->block->constructor->parameter_list,
2,183,rectangle_java2.jpg,rectangle_java2.jpg,499467917,56,844.3764285714285,329.1457142857143,826.5,331,23,19,x1,2,class->block->constructor->block->block_content->expr_stmt->expr->name->name,
2,183,rectangle_java2.jpg,rectangle_java2.jpg,499467917,56,844.3764285714285,329.1457142857143,856.5,331,10,19,;,1,class->block->constructor->block->block_content->expr_stmt,
2,183,rectangle_java2.jpg,rectangle_java2.jpg,501119482,76,874.8836842105263,303.87052631578945,853.5,295,32,21,int,3,class->block->constructor->parameter_list->parameter->decl->type->name,
2,183,rectangle_java2.jpg,rectangle_java2.jpg,501251433,84,814.9895238095238,312.98571428571427,737.5,295,91,21,Rectangle,9,class->block->constructor->name,
2,183,rectangle_java2.jpg,rectangle_java2.jpg,501795570,120,844.4273333333333,377.698,826.5,367,23,21,y1,2,class->block->constructor->block->block_content->expr_stmt->expr->name->name,
2,183,rectangle_java2.jpg,rectangle_java2.jpg,501795570,120,844.4273333333333,377.698,856.5,367,10,21,;,1,class->block->constructor->block->block_content->expr_stmt,
2,183,rectangle_java2.jpg,rectangle_java2.jpg,503135421,80,950.9045,746.732,941.5,731,91,20,Rectangle,9,class->block->function->block->block_content->decl_stmt->decl->init->expr->call->name,
2,183,rectangle_java2.jpg,rectangle_java2.jpg,503219416,56,901.2471428571428,645.8457142857143,902.5,658,34,20,new,3,class->block->function->block->block_content->decl_stmt->decl->init->expr->operator,
2,183,rectangle_java2.jpg,rectangle_java2.jpg,503619387,88,989.188181818182,501.8290909090909,958.5,512,71,21,this.x2,7,class->block->function->block->block_content->return->expr->name->name->operator->name->operator,
2,183,rectangle_java2.jpg,rectangle_java2.jpg,503767437,144,999.1775,503.7541666666666,958.5,512,71,21,this.x2,7,class->block->function->block->block_content->return->expr->name->name->operator->name->operator,
2,183,rectangle_java2.jpg,rectangle_java2.jpg,503827452,56,994.9178571428572,513.0842857142857,958.5,512,71,21,this.x2,7,class->block->function->block->block_content->return->expr->name->name->operator->name->operator,
2,183,rectangle_java2.jpg,rectangle_java2.jpg,504355029,108,793.5788888888889,459.02259259259256,730.5,440,71,21,this.y2,7,class->block->constructor->block->block_content->expr_stmt->expr->name->name->operator->name,
2,183,rectangle_java2.jpg,rectangle_java2.jpg,504446911,88,768.3563636363637,446.5627272727272,730.5,440,71,21,this.y2,7,class->block->constructor->block->block_content->expr_stmt->expr->name->name->operator->name,
2,183,rectangle_java2.jpg,rectangle_java2.jpg,504506974,56,766.8192857142857,457.1992857142857,730.5,440,71,21,this.y2,7,class->block->constructor->block->block_content->expr_stmt->expr->name->name->operator->name,
2,183,rectangle_java2.jpg,rectangle_java2.jpg,505339267,76,930.5147368421052,507.0189473684211,891.5,512,62,21,return,6,class->block->function->block->block_content->return->expr->name->name,
2,183,rectangle_java2.jpg,rectangle_java2.jpg,506667183,104,742.7488461538461,442.78692307692313,730.5,440,71,21,this.y2,7,class->block->constructor->block->block_content->expr_stmt->expr->name->name->operator->name,
2,183,rectangle_java2.jpg,rectangle_java2.jpg,506739187,68,735.7088235294118,437.19647058823534,730.5,440,71,21,this.y2,7,class->block->constructor->block->block_content->expr_stmt->expr->name->name->operator->name,
2,183,rectangle_java2.jpg,rectangle_java2.jpg,506991136,160,840.94125,451.19675000000007,826.5,440,23,21,y2,2,class->block->constructor->block->block_content->expr_stmt->expr->name->name,
2,183,rectangle_java2.jpg,rectangle_java2.jpg,507099096,104,841.4388461538462,457.44000000000005,826.5,440,23,21,y2,2,class->block->constructor->block->block_content->expr_stmt->expr->name->name,
2,183,rectangle_java2.jpg,rectangle_java2.jpg,507255149,88,750.4072727272727,443.3813636363636,730.5,440,71,21,this.y2,7,class->block->constructor->block->block_content->expr_stmt->expr->name->name->operator->name,
2,183,rectangle_java2.jpg,rectangle_java2.jpg,507474817,124,846.2851612903225,448.808064516129,826.5,440,23,21,y2,2,class->block->constructor->block->block_content->expr_stmt->expr->name->name,
2,183,rectangle_java2.jpg,rectangle_java2.jpg,507474817,124,846.2851612903225,448.808064516129,856.5,440,10,21,;,1,class->block->constructor->block->block_content->expr_stmt,
2,183,rectangle_java2.jpg,rectangle_java2.jpg,507570883,92,850.2195652173913,454.84,856.5,440,10,21,;,1,class->block->constructor->block->block_content->expr_stmt,
2,183,rectangle_java2.jpg,rectangle_java2.jpg,507662975,88,855.1281818181818,449.6177272727273,856.5,440,10,21,;,1,class->block->constructor->block->block_content->expr_stmt,
2,183,rectangle_java2.jpg,rectangle_java2.jpg,507751000,84,863.0090476190476,446.4471428571428,856.5,440,10,21,;,1,class->block->constructor->block->block_content->expr_stmt,
2,183,rectangle_java2.jpg,rectangle_java2.jpg,508135016,80,936.056,501.5825,891.5,512,62,21,return,6,class->block->function->block->block_content->return->expr->name->name,
2,183,rectangle_java2.jpg,rectangle_java2.jpg,508258998,100,871.7332,515.0052,874.5,512,10,21,{,1,class->block->function->block,
2,183,rectangle_java2.jpg,rectangle_java2.jpg,508422984,160,862.62575,515.95725,854.5,512,9,21,),1,class->block->function->parameter_list,
2,183,rectangle_java2.jpg,rectangle_java2.jpg,508422984,160,862.62575,515.95725,874.5,512,10,21,{,1,class->block->function->block,
2,183,rectangle_java2.jpg,rectangle_java2.jpg,508530979,104,869.6388461538462,521.1015384615384,874.5,512,10,21,{,1,class->block->function->block,
2,183,rectangle_java2.jpg,rectangle_java2.jpg,508654987,80,914.8875,529.7965,891.5,512,62,21,return,6,class->block->function->block->block_content->return->expr->name->name,
2,183,rectangle_java2.jpg,rectangle_java2.jpg,508746989,88,921.195,525.7954545454545,891.5,512,62,21,return,6,class->block->function->block->block_content->return->expr->name->name,
2,183,rectangle_java2.jpg,rectangle_java2.jpg,508826992,76,910.2794736842104,540.271052631579,900.5,549,63,21,return,6,class->block->function->block->block_content->return,
2,183,rectangle_java2.jpg,rectangle_java2.jpg,509166903,96,917.6375,542.2233333333334,900.5,549,63,21,return,6,class->block->function->block->block_content->return,
2,183,rectangle_java2.jpg,rectangle_java2.jpg,509495623,56,923.7978571428572,531.6457142857143,891.5,512,62,21,return,6,class->block->function->block->block_content->return->expr->name->name,
2,183,rectangle_java2.jpg,rectangle_java2.jpg,510099093,68,1037.0011764705882,512.2882352941176,1035.5,512,13,21,-,1,class->block->function->block->block_content->return->expr->name->name,
2,183,rectangle_java2.jpg,rectangle_java2.jpg,511114751,84,1057.3904761904762,500.8571428571429,1054.5,512,71,21,this.x1,7,class->block->function->block->block_content->return->expr->name->name->operator->name,
2,183,rectangle_java2.jpg,rectangle_java2.jpg,511786800,68,838.3776470588235,435.8423529411765,826.5,440,23,21,y2,2,class->block->constructor->block->block_content->expr_stmt->expr->name->name,
2,183,rectangle_java2.jpg,rectangle_java2.jpg,512098635,68,805.4664705882353,404.93,806.5,404,15,19,=,1,class->block->constructor->block->block_content->expr_stmt->expr->operator,
2,183,rectangle_java2.jpg,rectangle_java2.jpg,512498603,124,802.3183870967742,213.33741935483877,715.5,222,90,21,Rectangle,9,class->name,
2,183,rectangle_java2.jpg,rectangle_java2.jpg,512498603,124,802.3183870967742,213.33741935483877,813.5,222,10,21,{,1,class->block,
2,183,rectangle_java2.jpg,rectangle_java2.jpg,514410487,56,934.6107142857144,522.3964285714286,891.5,512,62,21,return,6,class->block->function->block->block_content->return->expr->name->name,
2,183,rectangle_java2.jpg,rectangle_java2.jpg,516754324,92,913.1165217391303,502.8426086956522,891.5,512,62,21,return,6,class->block->function->block->block_content->return->expr->name->name,
2,183,rectangle_java2.jpg,rectangle_java2.jpg,517714239,80,1003.979,521.2495,958.5,512,71,21,this.x2,7,class->block->function->block->block_content->return->expr->name->name->operator->name->operator,
2,183,rectangle_java2.jpg,rectangle_java2.jpg,518990118,72,859.0738888888889,409.1461111111111,856.5,404,10,19,;,1,class->block->constructor->block->block_content->expr_stmt,
2,183,rectangle_java2.jpg,rectangle_java2.jpg,519662188,76,806.8078947368421,411.9905263157895,806.5,404,15,19,=,1,class->block->constructor->block->block_content->expr_stmt->expr->operator,
2,183,rectangle_java2.jpg,rectangle_java2.jpg,520285919,56,1128.3042857142857,502.6571428571429,1132.5,512,10,21,;,1,class->block->function->block,
2,183,rectangle_java2.jpg,rectangle_java2.jpg,520870073,104,1061.66,509.95153846153846,1054.5,512,71,21,this.x1,7,class->block->function->block->block_content->return->expr->name->name->operator->name,
2,183,rectangle_java2.jpg,rectangle_java2.jpg,521078218,64,922.055,552.6,900.5,549,63,21,return,6,class->block->function->block->block_content->return,
2,183,rectangle_java2.jpg,rectangle_java2.jpg,521285632,160,955.7445,528.2485,958.5,512,71,21,this.x2,7,class->block->function->block->block_content->return->expr->name->name->operator->name->operator,
2,183,rectangle_java2.jpg,rectangle_java2.jpg,521597845,116,960.1286206896552,526.2593103448276,958.5,512,71,21,this.x2,7,class->block->function->block->block_content->return->expr->name->name->operator->name->operator,
2,183,rectangle_java2.jpg,rectangle_java2.jpg,522310295,56,877.1521428571428,519.1607142857143,874.5,512,10,21,{,1,class->block->function->block,
2,183,rectangle_java2.jpg,rectangle_java2.jpg,522382139,68,879.8564705882353,538.0829411764706,883.5,549,10,21,{,1,class->block->function->block,
2,183,rectangle_java2.jpg,rectangle_java2.jpg,522545811,64,823.57625,531.918125,775.5,512,53,21,width,5,class->block->function->name,
2,183,rectangle_java2.jpg,rectangle_java2.jpg,522989679,100,996.1848,539.7384,968.5,549,70,21,this.y2,7,class->block->function->block->block_content->return->expr->name->name->operator->name,
2,183,rectangle_java2.jpg,rectangle_java2.jpg,523273681,76,1134.2957894736842,514.4252631578947,1132.5,512,10,21,;,1,class->block->function->block,
2,183,rectangle_java2.jpg,rectangle_java2.jpg,523505739,144,1143.2291666666667,582.5075,1140.5,585,110,21,this.height,11,class->block->function->block->block_content->return->expr->call->name->name->operator->name,
2,183,rectangle_java2.jpg,rectangle_java2.jpg,523565727,56,1143.805,605.0721428571428,1140.5,585,110,21,this.height,11,class->block->function->block->block_content->return->expr->call->name->name->operator->name,
2,183,rectangle_java2.jpg,rectangle_java2.jpg,523973645,56,946.8435714285714,595.4014285714286,910.5,585,62,21,return,6,class->block->function->block->block_content->return,
2,183,rectangle_java2.jpg,rectangle_java2.jpg,524125671,92,954.9608695652174,609.265652173913,920.5,621,62,21,String,6,class->block->function->parameter_list->parameter->decl->type->name->name,
2,183,rectangle_java2.jpg,rectangle_java2.jpg,524257669,72,838.3727777777777,730.4377777777778,826.5,731,51,20,rect2,5,class->block->function->block->block_content->decl_stmt->decl->name,
2,183,rectangle_java2.jpg,rectangle_java2.jpg,524593656,136,803.0144117647059,728.5623529411764,730.5,731,91,20,Rectangle,9,class->block->function->block->block_content->decl_stmt->decl->type->name,
2,183,rectangle_java2.jpg,rectangle_java2.jpg,526705432,56,802.03,242.59571428571428,715.5,222,90,21,Rectangle,9,class->name,
2,183,rectangle_java2.jpg,rectangle_java2.jpg,526705432,56,802.03,242.59571428571428,813.5,222,10,21,{,1,class->block,
2,183,rectangle_java2.jpg,rectangle_java2.jpg,527853183,60,836.6413333333334,585.1893333333334,804.5,585,43,21,area,4,class->block->function->name,
2,183,rectangle_java2.jpg,rectangle_java2.jpg,527989281,112,829.6517857142857,557.3832142857143,775.5,549,62,21,height,6,class->block->function->name,
2,183,rectangle_java2.jpg,rectangle_java2.jpg,528381328,80,911.3505,511.32400000000007,891.5,512,62,21,return,6,class->block->function->block->block_content->return->expr->name->name,
2,183,rectangle_java2.jpg,rectangle_java2.jpg,528517760,56,905.815,503.0621428571428,891.5,512,62,21,return,6,class->block->function->block->block_content->return->expr->name->name,
