trial,participant,code_file,code_language,timestamp,duration,x_cord,y_cord,aoi_x,aoi_y,aoi_width,aoi_height,token,length,srcML,
2,204,rectangle_java2.jpg,rectangle_java2.jpg,6087920796,56,727.7057142857143,255.0092857142857,669.5,259,72,21,private,7,class->block->decl_stmt->decl->type->specifier,
2,204,rectangle_java2.jpg,rectangle_java2.jpg,6089480648,68,786.9894117647059,359.2,730.5,367,71,21,this.y1,7,class->block->constructor->block->block_content->expr_stmt->expr->name->name->operator->name,
2,204,rectangle_java2.jpg,rectangle_java2.jpg,6091760275,140,822.058,671.2617142857143,826.5,658,52,20,rect1,5,class->block->function->block->block_content->decl_stmt->decl->name,
2,204,rectangle_java2.jpg,rectangle_java2.jpg,6091944315,180,827.478,675.4246666666667,826.5,658,52,20,rect1,5,class->block->function->block->block_content->decl_stmt->decl->name,
2,204,rectangle_java2.jpg,rectangle_java2.jpg,6097260031,60,824.2346666666667,252.3073333333333,815.5,259,10,21,"""","""",1,class->block->decl_stmt
2,204,rectangle_java2.jpg,rectangle_java2.jpg,6097260031,60,824.2346666666667,252.3073333333333,833.5,259,23,21,y1,2,class->block->decl_stmt->decl->name,
2,204,rectangle_java2.jpg,rectangle_java2.jpg,6097995937,60,856.5053333333333,398.04066666666665,856.5,404,10,19,;,1,class->block->constructor->block->block_content->expr_stmt,
2,204,rectangle_java2.jpg,rectangle_java2.jpg,6098739762,92,789.3678260869565,257.24434782608694,785.5,259,23,21,x1,2,class->block->decl_stmt->decl->name,
2,204,rectangle_java2.jpg,rectangle_java2.jpg,6102751550,64,820.868125,240.6,813.5,222,10,21,{,1,class->block,
2,204,rectangle_java2.jpg,rectangle_java2.jpg,6103019539,60,913.5046666666668,268.4193333333333,911.5,259,10,21,"""","""",1,class->block->decl_stmt
2,204,rectangle_java2.jpg,rectangle_java2.jpg,6104587328,60,828.1266666666667,754.92,730.5,766,177,21,System.out.println,18,class->block->function->block->block_content->expr_stmt->expr->call->name->name->operator->name->operator->name,
2,204,rectangle_java2.jpg,rectangle_java2.jpg,6104671313,80,824.41,750.9115,826.5,731,51,20,rect2,5,class->block->function->block->block_content->decl_stmt->decl->name,
2,204,rectangle_java2.jpg,rectangle_java2.jpg,6104907340,96,765.8704166666666,767.3479166666666,730.5,766,177,21,System.out.println,18,class->block->function->block->block_content->expr_stmt->expr->call->name->name->operator->name->operator->name,
2,204,rectangle_java2.jpg,rectangle_java2.jpg,6105099407,96,897.34,741.1629166666667,883.5,731,15,20,=,1,class->block->function->block->block_content->decl_stmt->decl->init,
2,204,rectangle_java2.jpg,rectangle_java2.jpg,6105099407,96,897.34,741.1629166666667,902.5,731,34,20,new,3,class->block->function->block->block_content->decl_stmt->decl->init->expr->operator,
2,204,rectangle_java2.jpg,rectangle_java2.jpg,6105239369,80,923.7825,741.0515,902.5,731,34,20,new,3,class->block->function->block->block_content->decl_stmt->decl->init->expr->operator,
2,204,rectangle_java2.jpg,rectangle_java2.jpg,6105327341,56,922.79,738.6414285714286,902.5,731,34,20,new,3,class->block->function->block->block_content->decl_stmt->decl->init->expr->operator,
2,204,rectangle_java2.jpg,rectangle_java2.jpg,6107235233,88,833.1477272727273,598.8559090909091,804.5,585,43,21,area,4,class->block->function->name,
2,204,rectangle_java2.jpg,rectangle_java2.jpg,6107351256,104,838.1488461538462,611.7576923076923,804.5,621,44,21,void,4,class->block->function->type->name,
