trial,participant,code_file,code_language,timestamp,duration,x_cord,y_cord,aoi_x,aoi_y,aoi_width,aoi_height,token,length,srcML
2,22,rectangle_java2.jpg,rectangle_java2.jpg,1626870409,64,792.379375,302.7175,737.5,295,91,21,Rectangle,9,class->block->constructor->name
2,22,rectangle_java2.jpg,rectangle_java2.jpg,1626930417,56,780.05,295.2628571428571,737.5,295,91,21,Rectangle,9,class->block->constructor->name
2,22,rectangle_java2.jpg,rectangle_java2.jpg,1628414301,60,803.466,398.592,806.5,404,15,19,=,1,class->block->constructor->block->block_content->expr_stmt->expr->operator
2,22,rectangle_java2.jpg,rectangle_java2.jpg,1628638317,80,760.5654999999999,385.36,730.5,367,71,21,this.y1,7,class->block->constructor->block->block_content->expr_stmt->expr->name->name->operator->name
2,22,rectangle_java2.jpg,rectangle_java2.jpg,1631562344,56,1004.0128571428572,507.7392857142856,958.5,512,71,21,this.x2,7,class->block->function->block->block_content->return->expr->name->name->operator->name->operator
