trial,participant,code_file,code_language,timestamp,duration,x_cord,y_cord,aoi_x,aoi_y,aoi_width,aoi_height,token,length,srcML,
2,24,rectangle_java2.jpg,rectangle_java2.jpg,2715685711,96,703.1683333333333,313.26625,669.5,295,63,21,public,6,class->block->constructor->specifier,
2,24,rectangle_java2.jpg,rectangle_java2.jpg,2715953713,80,802.528,277.3085,785.5,259,23,21,x1,2,class->block->decl_stmt->decl->name,
2,24,rectangle_java2.jpg,rectangle_java2.jpg,2720716345,104,781.7057692307692,211.5523076923077,715.5,222,90,21,Rectangle,9,class->name,
2,24,rectangle_java2.jpg,rectangle_java2.jpg,2720840358,120,781.3506666666667,217.5493333333333,715.5,222,90,21,Rectangle,9,class->name,
2,24,rectangle_java2.jpg,rectangle_java2.jpg,2722336229,340,749.5475294117647,216.572,715.5,222,90,21,Rectangle,9,class->name,
2,24,rectangle_java2.jpg,rectangle_java2.jpg,2722608233,268,751.0967164179104,216.5782089552239,715.5,222,90,21,Rectangle,9,class->name,
2,24,rectangle_java2.jpg,rectangle_java2.jpg,2723168068,308,750.0572727272727,218.8398701298701,715.5,222,90,21,Rectangle,9,class->name,
2,24,rectangle_java2.jpg,rectangle_java2.jpg,2723276125,104,756.01,222.79461538461535,715.5,222,90,21,Rectangle,9,class->name,
2,24,rectangle_java2.jpg,rectangle_java2.jpg,2723748108,468,742.3252991452991,213.8465811965812,715.5,222,90,21,Rectangle,9,class->name,
2,24,rectangle_java2.jpg,rectangle_java2.jpg,2724040049,256,796.28296875,216.1715625,715.5,222,90,21,Rectangle,9,class->name,
2,24,rectangle_java2.jpg,rectangle_java2.jpg,2724308153,236,758.2706779661017,225.3872881355932,715.5,222,90,21,Rectangle,9,class->name,
2,24,rectangle_java2.jpg,rectangle_java2.jpg,2724540232,204,809.8745098039216,214.361568627451,813.5,222,10,21,{,1,class->block,
2,24,rectangle_java2.jpg,rectangle_java2.jpg,2724964042,172,820.7323255813953,213.1116279069768,813.5,222,10,21,{,1,class->block,
2,24,rectangle_java2.jpg,rectangle_java2.jpg,2731347571,112,792.4346428571429,213.1489285714285,715.5,222,90,21,Rectangle,9,class->name,
2,24,rectangle_java2.jpg,rectangle_java2.jpg,2732179558,64,796.675,230.650625,715.5,222,90,21,Rectangle,9,class->name,
2,24,rectangle_java2.jpg,rectangle_java2.jpg,2732275585,92,797.7821739130435,241.8852173913043,715.5,222,90,21,Rectangle,9,class->name,
2,24,rectangle_java2.jpg,rectangle_java2.jpg,2732459560,124,754.3474193548387,225.16419354838703,715.5,222,90,21,Rectangle,9,class->name,
2,24,rectangle_java2.jpg,rectangle_java2.jpg,2732647334,184,748.9004347826087,236.9121739130435,715.5,222,90,21,Rectangle,9,class->name,
2,24,rectangle_java2.jpg,rectangle_java2.jpg,2733031471,348,794.2756321839081,237.14747126436785,715.5,222,90,21,Rectangle,9,class->name,
2,24,rectangle_java2.jpg,rectangle_java2.jpg,2734231442,172,771.2848837209302,296.57162790697674,737.5,295,91,21,Rectangle,9,class->block->constructor->name,
2,24,rectangle_java2.jpg,rectangle_java2.jpg,2734439510,204,756.8727450980392,303.6503921568627,737.5,295,91,21,Rectangle,9,class->block->constructor->name,
2,24,rectangle_java2.jpg,rectangle_java2.jpg,2734607417,132,806.2136363636364,295.6009090909091,737.5,295,91,21,Rectangle,9,class->block->constructor->name,
2,24,rectangle_java2.jpg,rectangle_java2.jpg,2734907289,92,835.3278260869565,287.92826086956524,837.5,295,9,21,(,1,class->block->constructor->parameter_list,
2,24,rectangle_java2.jpg,rectangle_java2.jpg,2734971296,60,834.2653333333334,285.064,837.5,295,9,21,(,1,class->block->constructor->parameter_list,
2,24,rectangle_java2.jpg,rectangle_java2.jpg,2735191305,164,936.5075609756096,284.1187804878049,939.5,295,33,21,int,3,class->block->constructor->parameter_list->parameter->decl->type->name,
2,24,rectangle_java2.jpg,rectangle_java2.jpg,2735259305,64,912.785,284.726875,890.5,295,24,21,x1,2,class->block->constructor->parameter_list->parameter->decl->type->name,
2,24,rectangle_java2.jpg,rectangle_java2.jpg,2735259305,64,912.785,284.726875,921.5,295,9,21,"""","""",1,class->block->constructor->parameter_list
2,24,rectangle_java2.jpg,rectangle_java2.jpg,2735407351,144,911.8566666666668,292.9386111111112,890.5,295,24,21,x1,2,class->block->constructor->parameter_list->parameter->decl->type->name,
2,24,rectangle_java2.jpg,rectangle_java2.jpg,2735407351,144,911.8566666666668,292.9386111111112,921.5,295,9,21,"""","""",1,class->block->constructor->parameter_list
2,24,rectangle_java2.jpg,rectangle_java2.jpg,2735703293,96,917.3320833333332,295.68833333333333,921.5,295,9,21,"""","""",1,class->block->constructor->parameter_list
2,24,rectangle_java2.jpg,rectangle_java2.jpg,2737454472,80,782.2015,277.3425,785.5,259,23,21,x1,2,class->block->decl_stmt->decl->name,
2,24,rectangle_java2.jpg,rectangle_java2.jpg,2737693806,236,758.0783050847458,274.0969491525424,747.5,259,33,21,int,3,class->block->decl_stmt->decl->type->name,
2,24,rectangle_java2.jpg,rectangle_java2.jpg,2737933816,192,831.995,275.43916666666667,833.5,259,23,21,y1,2,class->block->decl_stmt->decl->name,
2,24,rectangle_java2.jpg,rectangle_java2.jpg,2738393845,404,909.670792079208,279.5026732673267,911.5,259,10,21,"""","""",1,class->block->decl_stmt
2,24,rectangle_java2.jpg,rectangle_java2.jpg,2738669824,264,793.1471212121212,273.4957575757576,785.5,259,23,21,x1,2,class->block->decl_stmt->decl->name,
2,24,rectangle_java2.jpg,rectangle_java2.jpg,2738741830,68,800.1764705882352,276.5529411764706,785.5,259,23,21,x1,2,class->block->decl_stmt->decl->name,
2,24,rectangle_java2.jpg,rectangle_java2.jpg,2739005820,232,865.3755172413793,275.84896551724137,863.5,259,10,21,"""","""",1,class->block->decl_stmt
2,24,rectangle_java2.jpg,rectangle_java2.jpg,2739369754,172,912.546046511628,277.34000000000003,911.5,259,10,21,"""","""",1,class->block->decl_stmt
2,24,rectangle_java2.jpg,rectangle_java2.jpg,2739701665,196,952.7375510204082,277.52755102040817,959.5,259,10,21,;,1,class->block->decl_stmt,
2,24,rectangle_java2.jpg,rectangle_java2.jpg,2739925704,172,921.0572093023256,277.4893023255814,911.5,259,10,21,"""","""",1,class->block->decl_stmt
2,24,rectangle_java2.jpg,rectangle_java2.jpg,2739925704,172,921.0572093023256,277.4893023255814,929.5,259,23,21,y2,2,class->block->decl_stmt->decl->name,
2,24,rectangle_java2.jpg,rectangle_java2.jpg,2740065681,136,929.5620588235294,274.1491176470588,929.5,259,23,21,y2,2,class->block->decl_stmt->decl->name,
2,24,rectangle_java2.jpg,rectangle_java2.jpg,2740213672,124,1010.0035483870968,284.11967741935484,1007.5,295,10,21,"""","""",1,class->block->constructor->parameter_list
2,24,rectangle_java2.jpg,rectangle_java2.jpg,2740553631,104,779.1676923076923,279.5819230769231,747.5,259,33,21,int,3,class->block->decl_stmt->decl->type->name,
2,24,rectangle_java2.jpg,rectangle_java2.jpg,2740553631,104,779.1676923076923,279.5819230769231,785.5,259,23,21,x1,2,class->block->decl_stmt->decl->name,
2,24,rectangle_java2.jpg,rectangle_java2.jpg,2740801658,212,826.2466037735849,271.7396226415094,833.5,259,23,21,y1,2,class->block->decl_stmt->decl->name,
2,24,rectangle_java2.jpg,rectangle_java2.jpg,2741821518,64,755.98625,331.474375,730.5,331,71,19,this.x1,7,class->block->constructor->block->block_content->expr_stmt->expr->name->name->operator->name,
2,24,rectangle_java2.jpg,rectangle_java2.jpg,2742013530,188,759.6853191489362,344.28978723404254,730.5,331,71,19,this.x1,7,class->block->constructor->block->block_content->expr_stmt->expr->name->name->operator->name,
2,24,rectangle_java2.jpg,rectangle_java2.jpg,2742237568,200,826.1714,336.0582,826.5,331,23,19,x1,2,class->block->constructor->block->block_content->expr_stmt->expr->name->name,
2,24,rectangle_java2.jpg,rectangle_java2.jpg,2742481658,240,822.8815,324.7511666666667,826.5,331,23,19,x1,2,class->block->constructor->block->block_content->expr_stmt->expr->name->name,
2,24,rectangle_java2.jpg,rectangle_java2.jpg,2742569637,84,822.5452380952381,323.65761904761905,826.5,331,23,19,x1,2,class->block->constructor->block->block_content->expr_stmt->expr->name->name,
2,24,rectangle_java2.jpg,rectangle_java2.jpg,2743113540,132,849.520606060606,314.7236363636364,853.5,295,32,21,int,3,class->block->constructor->parameter_list->parameter->decl->type->name,
2,24,rectangle_java2.jpg,rectangle_java2.jpg,2744001446,128,882.9521875,313.5390625,853.5,295,32,21,int,3,class->block->constructor->parameter_list->parameter->decl->type->name,
2,24,rectangle_java2.jpg,rectangle_java2.jpg,2744001446,128,882.9521875,313.5390625,890.5,295,24,21,x1,2,class->block->constructor->parameter_list->parameter->decl->type->name,
2,24,rectangle_java2.jpg,rectangle_java2.jpg,2744509386,264,919.0266666666666,314.6962121212121,921.5,295,9,21,"""","""",1,class->block->constructor->parameter_list
2,24,rectangle_java2.jpg,rectangle_java2.jpg,2744689381,140,951.7937142857144,304.53257142857143,939.5,295,33,21,int,3,class->block->constructor->parameter_list->parameter->decl->type->name,
2,24,rectangle_java2.jpg,rectangle_java2.jpg,2745009411,308,1082.2103896103897,283.0288311688312,1063.5,295,23,21,x2,2,class->block->constructor->parameter_list->parameter->decl->type->name,
2,24,rectangle_java2.jpg,rectangle_java2.jpg,2745009411,308,1082.2103896103897,283.0288311688312,1094.5,295,9,21,"""","""",1,class->block->constructor->parameter_list
2,24,rectangle_java2.jpg,rectangle_java2.jpg,2745773277,112,831.1060714285715,349.47535714285715,826.5,331,23,19,x1,2,class->block->constructor->block->block_content->expr_stmt->expr->name->name,
2,24,rectangle_java2.jpg,rectangle_java2.jpg,2745841276,64,830.258125,356.9075,826.5,367,23,21,y1,2,class->block->constructor->block->block_content->expr_stmt->expr->name->name,
2,24,rectangle_java2.jpg,rectangle_java2.jpg,2745909281,64,849.5,356.500625,826.5,367,23,21,y1,2,class->block->constructor->block->block_content->expr_stmt->expr->name->name,
2,24,rectangle_java2.jpg,rectangle_java2.jpg,2745909281,64,849.5,356.500625,856.5,367,10,21,;,1,class->block->constructor->block->block_content->expr_stmt,
2,24,rectangle_java2.jpg,rectangle_java2.jpg,2746125323,212,860.7450943396226,347.8209433962264,856.5,331,10,19,;,1,class->block->constructor->block->block_content->expr_stmt,
2,24,rectangle_java2.jpg,rectangle_java2.jpg,2746185312,56,849.585,375.82714285714286,856.5,367,10,21,;,1,class->block->constructor->block->block_content->expr_stmt,
2,24,rectangle_java2.jpg,rectangle_java2.jpg,2746533309,200,771.0108,283.6706,737.5,295,91,21,Rectangle,9,class->block->constructor->name,
2,24,rectangle_java2.jpg,rectangle_java2.jpg,2746705234,112,844.3189285714286,269.3385714285714,833.5,259,23,21,y1,2,class->block->decl_stmt->decl->name,
2,24,rectangle_java2.jpg,rectangle_java2.jpg,2746853242,92,841.1482608695652,273.8521739130435,833.5,259,23,21,y1,2,class->block->decl_stmt->decl->name,
2,24,rectangle_java2.jpg,rectangle_java2.jpg,2746945271,88,849.0204545454545,252.9818181818182,833.5,259,23,21,y1,2,class->block->decl_stmt->decl->name,
2,24,rectangle_java2.jpg,rectangle_java2.jpg,2747029290,60,813.1333333333333,394.744,806.5,404,15,19,=,1,class->block->constructor->block->block_content->expr_stmt->expr->operator,
2,24,rectangle_java2.jpg,rectangle_java2.jpg,2747121333,88,816.13,386.7704545454545,806.5,367,15,21,=,1,class->block->constructor->block->block_content->expr_stmt->expr->operator,
2,24,rectangle_java2.jpg,rectangle_java2.jpg,2747121333,88,816.13,386.7704545454545,826.5,367,23,21,y1,2,class->block->constructor->block->block_content->expr_stmt->expr->name->name,
2,24,rectangle_java2.jpg,rectangle_java2.jpg,2747197292,72,816.7933333333333,398.425,806.5,404,15,19,=,1,class->block->constructor->block->block_content->expr_stmt->expr->operator,
2,24,rectangle_java2.jpg,rectangle_java2.jpg,2747197292,72,816.7933333333333,398.425,826.5,404,23,19,x2,2,class->block->constructor->block->block_content->expr_stmt->expr->name->name,
2,24,rectangle_java2.jpg,rectangle_java2.jpg,2747501209,276,863.464347826087,381.8979710144928,856.5,367,10,21,;,1,class->block->constructor->block->block_content->expr_stmt,
2,24,rectangle_java2.jpg,rectangle_java2.jpg,2747593157,88,846.3236363636363,382.20863636363634,826.5,367,23,21,y1,2,class->block->constructor->block->block_content->expr_stmt->expr->name->name,
2,24,rectangle_java2.jpg,rectangle_java2.jpg,2747593157,88,846.3236363636363,382.20863636363634,856.5,367,10,21,;,1,class->block->constructor->block->block_content->expr_stmt,
2,24,rectangle_java2.jpg,rectangle_java2.jpg,2749081156,72,841.4933333333333,427.855,826.5,440,23,21,y2,2,class->block->constructor->block->block_content->expr_stmt->expr->name->name,
2,24,rectangle_java2.jpg,rectangle_java2.jpg,2749509042,164,861.3995121951219,415.5629268292682,856.5,404,10,19,;,1,class->block->constructor->block->block_content->expr_stmt,
2,24,rectangle_java2.jpg,rectangle_java2.jpg,2750221050,136,768.8955882352941,501.4414705882352,737.5,512,33,21,int,3,class->block->function->type->name,
2,24,rectangle_java2.jpg,rectangle_java2.jpg,2750221050,136,768.8955882352941,501.4414705882352,775.5,512,53,21,width,5,class->block->function->name,
2,24,rectangle_java2.jpg,rectangle_java2.jpg,2750353044,104,742.2434615384616,525.2130769230769,737.5,512,33,21,int,3,class->block->function->type->name,
2,24,rectangle_java2.jpg,rectangle_java2.jpg,2750581014,60,791.0406666666667,520.9106666666667,775.5,512,53,21,width,5,class->block->function->name,
2,24,rectangle_java2.jpg,rectangle_java2.jpg,2750793051,208,779.7473076923077,526.9946153846154,775.5,512,53,21,width,5,class->block->function->name,
2,24,rectangle_java2.jpg,rectangle_java2.jpg,2750964992,116,767.128275862069,519.0358620689656,737.5,512,33,21,int,3,class->block->function->type->name,
2,24,rectangle_java2.jpg,rectangle_java2.jpg,2750964992,116,767.128275862069,519.0358620689656,775.5,512,53,21,width,5,class->block->function->name,
2,24,rectangle_java2.jpg,rectangle_java2.jpg,2751060919,80,771.386,513.644,775.5,512,53,21,width,5,class->block->function->name,
2,24,rectangle_java2.jpg,rectangle_java2.jpg,2751308979,216,838.7279629629629,518.3096296296296,837.5,512,9,21,(,1,class->block->function->parameter_list,
2,24,rectangle_java2.jpg,rectangle_java2.jpg,2751412970,100,836.0284,522.582,837.5,512,9,21,(,1,class->block->function->parameter_list,
2,24,rectangle_java2.jpg,rectangle_java2.jpg,2751476951,60,868.5513333333333,530.6313333333334,874.5,512,10,21,{,1,class->block->function->block,
2,24,rectangle_java2.jpg,rectangle_java2.jpg,2751540934,60,874.422,532.316,874.5,512,10,21,{,1,class->block->function->block,
2,24,rectangle_java2.jpg,rectangle_java2.jpg,2752348819,128,834.5303125,546.1115625,775.5,549,62,21,height,6,class->block->function->name,
2,24,rectangle_java2.jpg,rectangle_java2.jpg,2752348819,128,834.5303125,546.1115625,846.5,549,10,21,(,1,class->block->function->parameter_list,
2,24,rectangle_java2.jpg,rectangle_java2.jpg,2752745020,360,878.2602222222222,520.8371111111111,874.5,512,10,21,{,1,class->block->function->block,
2,24,rectangle_java2.jpg,rectangle_java2.jpg,2760404351,244,882.6418032786885,539.6016393442623,883.5,549,10,21,{,1,class->block->function->block,
2,24,rectangle_java2.jpg,rectangle_java2.jpg,2760528353,84,811.0838095238096,544.5195238095238,775.5,549,62,21,height,6,class->block->function->name,
2,24,rectangle_java2.jpg,rectangle_java2.jpg,2760744358,212,818.0018867924529,544.31,775.5,549,62,21,height,6,class->block->function->name,
2,24,rectangle_java2.jpg,rectangle_java2.jpg,2760908273,64,813.323125,553.8425,775.5,549,62,21,height,6,class->block->function->name,
2,24,rectangle_java2.jpg,rectangle_java2.jpg,2761236237,296,878.8872972972973,551.2712162162162,883.5,549,10,21,{,1,class->block->function->block,
2,24,rectangle_java2.jpg,rectangle_java2.jpg,2761576213,296,923.898918918919,554.1932432432433,900.5,549,63,21,return,6,class->block->function->block->block_content->return,
2,24,rectangle_java2.jpg,rectangle_java2.jpg,2761648181,68,923.3823529411764,556.4282352941176,900.5,549,63,21,return,6,class->block->function->block->block_content->return,
2,24,rectangle_java2.jpg,rectangle_java2.jpg,2761920169,224,1008.9064285714286,552.5592857142857,968.5,549,70,21,this.y2,7,class->block->function->block->block_content->return->expr->name->name->operator->name,
2,24,rectangle_java2.jpg,rectangle_java2.jpg,2762152187,228,1041.4745614035087,556.0491228070175,1045.5,549,13,21,-,1,class->block->function->block->block_content->return->expr->operator,
2,24,rectangle_java2.jpg,rectangle_java2.jpg,2762452226,84,1034.757619047619,557.7166666666667,968.5,549,70,21,this.y2,7,class->block->function->block->block_content->return->expr->name->name->operator->name,
2,24,rectangle_java2.jpg,rectangle_java2.jpg,2762452226,84,1034.757619047619,557.7166666666667,1045.5,549,13,21,-,1,class->block->function->block->block_content->return->expr->operator,
2,24,rectangle_java2.jpg,rectangle_java2.jpg,2762836006,60,1123.412,549.5553333333334,1064.5,549,71,21,this.y1,7,class->block->function->block->block_content->return->expr->name->name->operator->name,
2,24,rectangle_java2.jpg,rectangle_java2.jpg,2763236451,184,1121.509347826087,568.4476086956522,1064.5,549,71,21,this.y1,7,class->block->function->block->block_content->return->expr->name->name->operator->name,
2,24,rectangle_java2.jpg,rectangle_java2.jpg,2763336188,96,1132.8554166666668,566.4679166666667,1064.5,549,71,21,this.y1,7,class->block->function->block->block_content->return->expr->name->name->operator->name,
2,24,rectangle_java2.jpg,rectangle_java2.jpg,2763336188,96,1132.8554166666668,566.4679166666667,1142.5,549,10,21,;,1,class->block->function->block->block_content->return,
2,24,rectangle_java2.jpg,rectangle_java2.jpg,2763480125,140,1124.278857142857,585.0157142857142,1122.5,585,12,21,*,1,class->block->function->block->block_content->return->expr->operator,
2,24,rectangle_java2.jpg,rectangle_java2.jpg,2763580120,64,1153.350625,599.7375,1140.5,585,110,21,this.height,11,class->block->function->block->block_content->return->expr->call->name->name->operator->name,
2,24,rectangle_java2.jpg,rectangle_java2.jpg,2763672115,88,1142.6404545454543,598.3054545454545,1140.5,585,110,21,this.height,11,class->block->function->block->block_content->return->expr->call->name->name->operator->name,
2,24,rectangle_java2.jpg,rectangle_java2.jpg,2763884097,132,1142.8627272727274,590.5318181818182,1140.5,585,110,21,this.height,11,class->block->function->block->block_content->return->expr->call->name->name->operator->name,
2,24,rectangle_java2.jpg,rectangle_java2.jpg,2764072069,88,1215.134545454545,575.2036363636364,1140.5,585,110,21,this.height,11,class->block->function->block->block_content->return->expr->call->name->name->operator->name,
2,24,rectangle_java2.jpg,rectangle_java2.jpg,2764603938,60,1062.506,577.3766666666667,977.5,585,101,21,this.width,10,class->block->function->block->block_content->return->expr->call->name->name->operator->name,
2,24,rectangle_java2.jpg,rectangle_java2.jpg,2764739894,132,1055.4175757575758,574.1912121212122,977.5,585,101,21,this.width,10,class->block->function->block->block_content->return->expr->call->name->name->operator->name,
2,24,rectangle_java2.jpg,rectangle_java2.jpg,2764855955,112,1052.6028571428571,564.8525,1045.5,549,13,21,-,1,class->block->function->block->block_content->return->expr->operator,
2,24,rectangle_java2.jpg,rectangle_java2.jpg,2764855955,112,1052.6028571428571,564.8525,1064.5,549,71,21,this.y1,7,class->block->function->block->block_content->return->expr->name->name->operator->name,
2,24,rectangle_java2.jpg,rectangle_java2.jpg,2765147947,212,854.4292452830189,601.5328301886792,856.5,585,9,21,(,1,class->block->function->parameter_list,
2,24,rectangle_java2.jpg,rectangle_java2.jpg,2765395953,196,921.4622448979592,594.2842857142857,910.5,585,62,21,return,6,class->block->function->block->block_content->return,
2,24,rectangle_java2.jpg,rectangle_java2.jpg,2765487985,72,1012.6677777777778,587.4344444444445,977.5,585,101,21,this.width,10,class->block->function->block->block_content->return->expr->call->name->name->operator->name,
2,24,rectangle_java2.jpg,rectangle_java2.jpg,2765683916,192,1018.5610416666668,581.97625,977.5,585,101,21,this.width,10,class->block->function->block->block_content->return->expr->call->name->name->operator->name,
2,24,rectangle_java2.jpg,rectangle_java2.jpg,2765879917,164,1074.2658536585366,582.7075609756098,977.5,585,101,21,this.width,10,class->block->function->block->block_content->return->expr->call->name->name->operator->name,
2,24,rectangle_java2.jpg,rectangle_java2.jpg,2765879917,164,1074.2658536585366,582.7075609756098,1086.5,585,10,21,(,1,class->block->function->block->block_content->return->expr->call->argument_list,
2,24,rectangle_java2.jpg,rectangle_java2.jpg,2765983939,72,1123.655,584.9955555555556,1122.5,585,12,21,*,1,class->block->function->block->block_content->return->expr->operator,
2,24,rectangle_java2.jpg,rectangle_java2.jpg,2766267922,252,819.4633333333334,654.9647619047619,730.5,658,91,20,Rectangle,9,class->block->function->block->block_content->decl_stmt->decl->type->name,
2,24,rectangle_java2.jpg,rectangle_java2.jpg,2766267922,252,819.4633333333334,654.9647619047619,826.5,658,52,20,rect1,5,class->block->function->block->block_content->decl_stmt->decl->name,
2,24,rectangle_java2.jpg,rectangle_java2.jpg,2766455858,152,896.9234210526316,675.055,883.5,658,15,20,=,1,class->block->function->block->block_content->decl_stmt->decl->init,
2,24,rectangle_java2.jpg,rectangle_java2.jpg,2766455858,152,896.9234210526316,675.055,902.5,658,34,20,new,3,class->block->function->block->block_content->decl_stmt->decl->init->expr->operator,
2,24,rectangle_java2.jpg,rectangle_java2.jpg,2766627806,148,959.3086486486486,661.3713513513513,941.5,658,91,20,Rectangle,9,class->block->function->block->block_content->decl_stmt->decl->init->expr->call->name,
2,24,rectangle_java2.jpg,rectangle_java2.jpg,2766855866,212,1050.893962264151,661.2884905660377,1057.5,658,13,20,0,1,class->block->function->block->block_content->decl_stmt->decl->init->expr->call->argument_list->argument->expr->literal,
2,24,rectangle_java2.jpg,rectangle_java2.jpg,2766927873,68,1056.7564705882353,660.3717647058824,1057.5,658,13,20,0,1,class->block->function->block->block_content->decl_stmt->decl->init->expr->call->argument_list->argument->expr->literal,
2,24,rectangle_java2.jpg,rectangle_java2.jpg,2767219868,260,1125.0287692307693,665.0923076923077,1115.5,658,10,20,"""","""",1,class->block->function->block->block_content->decl_stmt->decl->init->expr->call->argument_list
2,24,rectangle_java2.jpg,rectangle_java2.jpg,2767219868,260,1125.0287692307693,665.0923076923077,1134.5,658,22,20,10,2,class->block->function->block->block_content->decl_stmt->decl->init->expr->call->argument_list->argument->expr->literal,
2,24,rectangle_java2.jpg,rectangle_java2.jpg,2767463839,180,1204.3733333333334,660.8837777777778,1182.5,658,22,20,10,2,class->block->function->block->block_content->decl_stmt->decl->init->expr->call->argument_list->argument->expr->literal,
2,24,rectangle_java2.jpg,rectangle_java2.jpg,2767463839,180,1204.3733333333334,660.8837777777778,1211.5,658,9,20,),1,class->block->function->block->block_content->decl_stmt->decl->init->expr->call->argument_list,
2,24,rectangle_java2.jpg,rectangle_java2.jpg,2767775809,132,1228.998787878788,654.4675757575758,1231.5,658,10,20,;,1,class->block->function->block->block_content->decl_stmt,
2,24,rectangle_java2.jpg,rectangle_java2.jpg,2768007830,172,828.856511627907,732.1862790697675,826.5,731,51,20,rect2,5,class->block->function->block->block_content->decl_stmt->decl->name,
2,24,rectangle_java2.jpg,rectangle_java2.jpg,2768211838,164,799.7019512195122,741.6963414634147,730.5,731,91,20,Rectangle,9,class->block->function->block->block_content->decl_stmt->decl->type->name,
2,24,rectangle_java2.jpg,rectangle_java2.jpg,2768503631,208,895.3938461538462,733.9388461538462,883.5,731,15,20,=,1,class->block->function->block->block_content->decl_stmt->decl->init,
2,24,rectangle_java2.jpg,rectangle_java2.jpg,2768503631,208,895.3938461538462,733.9388461538462,902.5,731,34,20,new,3,class->block->function->block->block_content->decl_stmt->decl->init->expr->operator,
2,24,rectangle_java2.jpg,rectangle_java2.jpg,2768719654,140,937.0182857142858,730.1368571428571,941.5,731,91,20,Rectangle,9,class->block->function->block->block_content->decl_stmt->decl->init->expr->call->name,
2,24,rectangle_java2.jpg,rectangle_java2.jpg,2768819704,76,858.5600000000001,742.5926315789474,826.5,731,51,20,rect2,5,class->block->function->block->block_content->decl_stmt->decl->name,
2,24,rectangle_java2.jpg,rectangle_java2.jpg,2768959696,136,864.7191176470589,741.1435294117647,826.5,731,51,20,rect2,5,class->block->function->block->block_content->decl_stmt->decl->name,
2,24,rectangle_java2.jpg,rectangle_java2.jpg,2769079674,100,940.3832,732.0824,941.5,731,91,20,Rectangle,9,class->block->function->block->block_content->decl_stmt->decl->init->expr->call->name,
2,24,rectangle_java2.jpg,rectangle_java2.jpg,2769351699,216,791.3672222222223,743.1157407407408,730.5,731,91,20,Rectangle,9,class->block->function->block->block_content->decl_stmt->decl->type->name,
2,24,rectangle_java2.jpg,rectangle_java2.jpg,2769423702,68,796.1723529411764,738.2011764705883,730.5,731,91,20,Rectangle,9,class->block->function->block->block_content->decl_stmt->decl->type->name,
2,24,rectangle_java2.jpg,rectangle_java2.jpg,2769711689,240,857.521,735.5875,826.5,731,51,20,rect2,5,class->block->function->block->block_content->decl_stmt->decl->name,
2,24,rectangle_java2.jpg,rectangle_java2.jpg,2770815568,196,738.2595918367347,624.7002040816327,738.5,621,61,21,static,6,class->block->function->type->specifier,
2,24,rectangle_java2.jpg,rectangle_java2.jpg,2770935544,76,729.9442105263158,269.96315789473687,669.5,259,72,21,private,7,class->block->decl_stmt->decl->type->specifier,
