trial,participant,code_file,code_language,timestamp,duration,x_cord,y_cord,aoi_x,aoi_y,aoi_width,aoi_height,token,length,srcML,
2,2,rectangle_java2.jpg,rectangle_java2.jpg,15539035998,64,703.573125,218.52250000000004,657.5,222,52,21,class,5,class,
2,2,rectangle_java2.jpg,rectangle_java2.jpg,15539035998,64,703.573125,218.52250000000004,715.5,222,90,21,Rectangle,9,class->name,
2,2,rectangle_java2.jpg,rectangle_java2.jpg,15540503808,56,738.095,284.8621428571429,737.5,295,91,21,Rectangle,9,class->block->constructor->name,
2,2,rectangle_java2.jpg,rectangle_java2.jpg,15540819891,68,784.7082352941177,267.66470588235296,785.5,259,23,21,x1,2,class->block->decl_stmt->decl->name,
2,2,rectangle_java2.jpg,rectangle_java2.jpg,15542535767,76,831.0547368421053,254.1642105263158,833.5,259,23,21,y1,2,class->block->decl_stmt->decl->name,
2,2,rectangle_java2.jpg,rectangle_java2.jpg,15543155775,64,925.6775,272.364375,929.5,259,23,21,y2,2,class->block->decl_stmt->decl->name,
2,2,rectangle_java2.jpg,rectangle_java2.jpg,15543455711,64,907.25375,296.0725,890.5,295,24,21,x1,2,class->block->constructor->parameter_list->parameter->decl->type->name,
2,2,rectangle_java2.jpg,rectangle_java2.jpg,15543615780,68,925.5341176470588,298.5494117647059,921.5,295,9,21,"""","""",1,class->block->constructor->parameter_list
2,2,rectangle_java2.jpg,rectangle_java2.jpg,15543683769,64,914.074375,292.560625,890.5,295,24,21,x1,2,class->block->constructor->parameter_list->parameter->decl->type->name,
2,2,rectangle_java2.jpg,rectangle_java2.jpg,15543683769,64,914.074375,292.560625,921.5,295,9,21,"""","""",1,class->block->constructor->parameter_list
2,2,rectangle_java2.jpg,rectangle_java2.jpg,15548631306,72,795.3188888888889,369.5811111111111,730.5,367,71,21,this.y1,7,class->block->constructor->block->block_content->expr_stmt->expr->name->name->operator->name,
2,2,rectangle_java2.jpg,rectangle_java2.jpg,15548631306,72,795.3188888888889,369.5811111111111,806.5,367,15,21,=,1,class->block->constructor->block->block_content->expr_stmt->expr->operator,
2,2,rectangle_java2.jpg,rectangle_java2.jpg,15575385523,60,1035.76,526.7653333333333,1035.5,512,13,21,-,1,class->block->function->block->block_content->return->expr->name->name,
