trial,participant,code_file,code_language,timestamp,duration,x_cord,y_cord,aoi_x,aoi_y,aoi_width,aoi_height,token,length,srcML,
2,33,rectangle_java2.jpg,rectangle_java2.jpg,13026346290,120,810.9973333333334,215.818,813.5,222,10,21,{,1,class->block,
2,33,rectangle_java2.jpg,rectangle_java2.jpg,13026498294,68,753.1111764705882,214.68882352941176,715.5,222,90,21,Rectangle,9,class->name,
2,33,rectangle_java2.jpg,rectangle_java2.jpg,13026830122,72,774.8022222222222,223.2605555555556,715.5,222,90,21,Rectangle,9,class->name,
2,33,rectangle_java2.jpg,rectangle_java2.jpg,13027098161,68,818.9658823529412,236.74,813.5,222,10,21,{,1,class->block,
2,33,rectangle_java2.jpg,rectangle_java2.jpg,13027178159,76,822.1031578947368,228.09263157894736,813.5,222,10,21,{,1,class->block,
2,33,rectangle_java2.jpg,rectangle_java2.jpg,13027414161,192,749.8516666666667,250.00104166666665,747.5,259,33,21,int,3,class->block->decl_stmt->decl->type->name,
2,33,rectangle_java2.jpg,rectangle_java2.jpg,13027490164,72,750.6327777777777,262.0494444444444,747.5,259,33,21,int,3,class->block->decl_stmt->decl->type->name,
2,33,rectangle_java2.jpg,rectangle_java2.jpg,13027678169,132,798.5248484848485,257.02363636363634,785.5,259,23,21,x1,2,class->block->decl_stmt->decl->name,
2,33,rectangle_java2.jpg,rectangle_java2.jpg,13027830182,148,804.2245945945946,242.41351351351352,715.5,222,90,21,Rectangle,9,class->name,
2,33,rectangle_java2.jpg,rectangle_java2.jpg,13027830182,148,804.2245945945946,242.41351351351352,813.5,222,10,21,{,1,class->block,
2,33,rectangle_java2.jpg,rectangle_java2.jpg,13028150112,68,793.5629411764706,287.81882352941176,737.5,295,91,21,Rectangle,9,class->block->constructor->name,
2,33,rectangle_java2.jpg,rectangle_java2.jpg,13028294060,140,791.4085714285715,297.3642857142857,737.5,295,91,21,Rectangle,9,class->block->constructor->name,
2,33,rectangle_java2.jpg,rectangle_java2.jpg,13028522149,156,765.2976923076923,674.6915384615385,730.5,658,91,20,Rectangle,9,class->block->function->block->block_content->decl_stmt->decl->type->name,
2,33,rectangle_java2.jpg,rectangle_java2.jpg,13029805980,92,874.7826086956521,550.8278260869565,883.5,549,10,21,{,1,class->block->function->block,
2,33,rectangle_java2.jpg,rectangle_java2.jpg,13029901972,92,859.3373913043479,548.415652173913,863.5,549,9,21,),1,class->block->function->parameter_list,
2,33,rectangle_java2.jpg,rectangle_java2.jpg,13029965983,60,872.5613333333333,537.1213333333333,883.5,549,10,21,{,1,class->block->function->block,
2,33,rectangle_java2.jpg,rectangle_java2.jpg,13030114012,144,844.6469444444444,536.9922222222222,846.5,549,10,21,(,1,class->block->function->parameter_list,
2,33,rectangle_java2.jpg,rectangle_java2.jpg,13030234027,116,852.4479310344827,559.2124137931035,846.5,549,10,21,(,1,class->block->function->parameter_list,
2,33,rectangle_java2.jpg,rectangle_java2.jpg,13030234027,116,852.4479310344827,559.2124137931035,863.5,549,9,21,),1,class->block->function->parameter_list,
2,33,rectangle_java2.jpg,rectangle_java2.jpg,13030322030,84,840.0380952380953,542.2504761904762,846.5,549,10,21,(,1,class->block->function->parameter_list,
2,33,rectangle_java2.jpg,rectangle_java2.jpg,13030406024,80,833.418,541.005,775.5,549,62,21,height,6,class->block->function->name,
2,33,rectangle_java2.jpg,rectangle_java2.jpg,13030598031,100,863.254,264.4776,863.5,259,10,21,"""","""",1,class->block->decl_stmt
2,33,rectangle_java2.jpg,rectangle_java2.jpg,13030897888,76,828.4036842105263,289.5421052631579,737.5,295,91,21,Rectangle,9,class->block->constructor->name,
2,33,rectangle_java2.jpg,rectangle_java2.jpg,13030897888,76,828.4036842105263,289.5421052631579,837.5,295,9,21,(,1,class->block->constructor->parameter_list,
2,33,rectangle_java2.jpg,rectangle_java2.jpg,13031093917,140,798.994,269.45057142857144,785.5,259,23,21,x1,2,class->block->decl_stmt->decl->name,
2,33,rectangle_java2.jpg,rectangle_java2.jpg,13031177901,60,922.1113333333334,275.848,929.5,259,23,21,y2,2,class->block->decl_stmt->decl->name,
2,33,rectangle_java2.jpg,rectangle_java2.jpg,13031501881,124,958.4109677419356,272.6893548387097,959.5,259,10,21,;,1,class->block->decl_stmt,
2,33,rectangle_java2.jpg,rectangle_java2.jpg,13032049871,92,835.2465217391305,335.2773913043478,826.5,331,23,19,x1,2,class->block->constructor->block->block_content->expr_stmt->expr->name->name,
2,33,rectangle_java2.jpg,rectangle_java2.jpg,13032129861,76,838.9205263157895,331.64736842105265,826.5,331,23,19,x1,2,class->block->constructor->block->block_content->expr_stmt->expr->name->name,
2,33,rectangle_java2.jpg,rectangle_java2.jpg,13032221865,88,803.2918181818181,340.8186363636364,806.5,331,15,19,=,1,class->block->constructor->block->block_content->expr_stmt->expr->operator,
2,33,rectangle_java2.jpg,rectangle_java2.jpg,13032313870,88,789.7159090909091,328.18636363636364,730.5,331,71,19,this.x1,7,class->block->constructor->block->block_content->expr_stmt->expr->name->name->operator->name,
2,33,rectangle_java2.jpg,rectangle_java2.jpg,13032381909,64,793.984375,312.986875,737.5,295,91,21,Rectangle,9,class->block->constructor->name,
2,33,rectangle_java2.jpg,rectangle_java2.jpg,13032521988,112,870.4192857142857,295.69428571428574,853.5,295,32,21,int,3,class->block->constructor->parameter_list->parameter->decl->type->name,
2,33,rectangle_java2.jpg,rectangle_java2.jpg,13032825709,92,922.3247826086956,310.46086956521737,921.5,295,9,21,"""","""",1,class->block->constructor->parameter_list
2,33,rectangle_java2.jpg,rectangle_java2.jpg,13032993692,80,843.894,345.3275,826.5,331,23,19,x1,2,class->block->constructor->block->block_content->expr_stmt->expr->name->name,
2,33,rectangle_java2.jpg,rectangle_java2.jpg,13033065705,68,848.6411764705882,361.2535294117647,826.5,367,23,21,y1,2,class->block->constructor->block->block_content->expr_stmt->expr->name->name,
2,33,rectangle_java2.jpg,rectangle_java2.jpg,13033065705,68,848.6411764705882,361.2535294117647,856.5,367,10,21,;,1,class->block->constructor->block->block_content->expr_stmt,
2,33,rectangle_java2.jpg,rectangle_java2.jpg,13033241711,172,848.3458139534883,348.4913953488372,826.5,331,23,19,x1,2,class->block->constructor->block->block_content->expr_stmt->expr->name->name,
2,33,rectangle_java2.jpg,rectangle_java2.jpg,13033241711,172,848.3458139534883,348.4913953488372,856.5,331,10,19,;,1,class->block->constructor->block->block_content->expr_stmt,
2,33,rectangle_java2.jpg,rectangle_java2.jpg,13033545721,132,844.0784848484849,412.1215151515152,826.5,404,23,19,x2,2,class->block->constructor->block->block_content->expr_stmt->expr->name->name,
2,33,rectangle_java2.jpg,rectangle_java2.jpg,13033545721,132,844.0784848484849,412.1215151515152,856.5,404,10,19,;,1,class->block->constructor->block->block_content->expr_stmt,
2,33,rectangle_java2.jpg,rectangle_java2.jpg,13033657739,108,852.5377777777778,419.4174074074074,856.5,404,10,19,;,1,class->block->constructor->block->block_content->expr_stmt,
2,33,rectangle_java2.jpg,rectangle_java2.jpg,13034161855,56,772.1042857142858,521.3564285714285,775.5,512,53,21,width,5,class->block->function->name,
2,33,rectangle_java2.jpg,rectangle_java2.jpg,13034537676,184,844.6221739130435,537.8826086956522,846.5,549,10,21,(,1,class->block->function->parameter_list,
2,33,rectangle_java2.jpg,rectangle_java2.jpg,13034621641,72,844.2044444444444,614.5166666666667,804.5,621,44,21,void,4,class->block->function->type->name,
2,33,rectangle_java2.jpg,rectangle_java2.jpg,13034621641,72,844.2044444444444,614.5166666666667,851.5,621,44,21,main,4,class->block->function->name,
2,33,rectangle_java2.jpg,rectangle_java2.jpg,13035145605,56,838.4828571428571,541.8385714285714,846.5,549,10,21,(,1,class->block->function->parameter_list,
2,33,rectangle_java2.jpg,rectangle_java2.jpg,13035293642,76,799.681052631579,572.5131578947369,804.5,585,43,21,area,4,class->block->function->name,
2,33,rectangle_java2.jpg,rectangle_java2.jpg,13035361640,64,799.50125,557.11375,775.5,549,62,21,height,6,class->block->function->name,
2,33,rectangle_java2.jpg,rectangle_java2.jpg,13035477635,112,864.4989285714286,564.2821428571428,863.5,549,9,21,),1,class->block->function->parameter_list,
2,33,rectangle_java2.jpg,rectangle_java2.jpg,13035569634,88,881.6022727272727,564.329090909091,883.5,549,10,21,{,1,class->block->function->block,
2,33,rectangle_java2.jpg,rectangle_java2.jpg,13035641652,68,875.824705882353,559.4182352941176,883.5,549,10,21,{,1,class->block->function->block,
2,33,rectangle_java2.jpg,rectangle_java2.jpg,13035893623,180,944.2822222222222,574.1842222222223,910.5,585,62,21,return,6,class->block->function->block->block_content->return,
2,33,rectangle_java2.jpg,rectangle_java2.jpg,13035953606,56,947.3442857142855,584.8535714285714,910.5,585,62,21,return,6,class->block->function->block->block_content->return,
2,33,rectangle_java2.jpg,rectangle_java2.jpg,13036053598,96,1011.9979166666668,573.11,977.5,585,101,21,this.width,10,class->block->function->block->block_content->return->expr->call->name->name->operator->name,
2,33,rectangle_java2.jpg,rectangle_java2.jpg,13036161611,104,1010.7392307692307,562.0546153846154,968.5,549,70,21,this.y2,7,class->block->function->block->block_content->return->expr->name->name->operator->name,
2,33,rectangle_java2.jpg,rectangle_java2.jpg,13036557442,356,1046.2124719101123,565.7442696629214,1045.5,549,13,21,-,1,class->block->function->block->block_content->return->expr->operator,
2,33,rectangle_java2.jpg,rectangle_java2.jpg,13036745376,184,1042.425,568.4610869565217,1045.5,549,13,21,-,1,class->block->function->block->block_content->return->expr->operator,
2,33,rectangle_java2.jpg,rectangle_java2.jpg,13036897452,92,1066.4082608695653,561.3465217391305,1064.5,549,71,21,this.y1,7,class->block->function->block->block_content->return->expr->name->name->operator->name,
2,33,rectangle_java2.jpg,rectangle_java2.jpg,13037069497,80,1146.8595,562.64,1142.5,549,10,21,;,1,class->block->function->block->block_content->return,
2,33,rectangle_java2.jpg,rectangle_java2.jpg,13037193505,76,1141.6663157894736,574.0978947368421,1140.5,585,110,21,this.height,11,class->block->function->block->block_content->return->expr->call->name->name->operator->name,
2,33,rectangle_java2.jpg,rectangle_java2.jpg,13037317485,120,1146.3553333333334,565.0023333333334,1142.5,549,10,21,;,1,class->block->function->block->block_content->return,
2,33,rectangle_java2.jpg,rectangle_java2.jpg,13037721517,100,1165.5796,585.1208,1140.5,585,110,21,this.height,11,class->block->function->block->block_content->return->expr->call->name->name->operator->name,
2,33,rectangle_java2.jpg,rectangle_java2.jpg,13039617446,132,751.1672727272727,212.8284848484849,715.5,222,90,21,Rectangle,9,class->name,
2,33,rectangle_java2.jpg,rectangle_java2.jpg,13039781370,160,735.8795,214.92075,715.5,222,90,21,Rectangle,9,class->name,
2,33,rectangle_java2.jpg,rectangle_java2.jpg,13040429128,268,797.738656716418,227.74776119402983,715.5,222,90,21,Rectangle,9,class->name,
2,33,rectangle_java2.jpg,rectangle_java2.jpg,13041705239,92,747.1513043478261,228.69434782608695,715.5,222,90,21,Rectangle,9,class->name,
2,33,rectangle_java2.jpg,rectangle_java2.jpg,13041793214,84,737.4319047619048,232.66476190476192,715.5,222,90,21,Rectangle,9,class->name,
2,33,rectangle_java2.jpg,rectangle_java2.jpg,13041865193,68,724.6576470588235,253.1870588235294,669.5,259,72,21,private,7,class->block->decl_stmt->decl->type->specifier,
2,33,rectangle_java2.jpg,rectangle_java2.jpg,13041929187,60,731.1373333333333,262.13866666666667,669.5,259,72,21,private,7,class->block->decl_stmt->decl->type->specifier,
2,33,rectangle_java2.jpg,rectangle_java2.jpg,13042097205,108,792.8655555555556,239.02814814814812,715.5,222,90,21,Rectangle,9,class->name,
2,33,rectangle_java2.jpg,rectangle_java2.jpg,13042161219,60,797.2853333333334,247.25666666666663,785.5,259,23,21,x1,2,class->block->decl_stmt->decl->name,
2,33,rectangle_java2.jpg,rectangle_java2.jpg,13042373209,172,775.1458139534884,237.93418604651163,715.5,222,90,21,Rectangle,9,class->name,
2,33,rectangle_java2.jpg,rectangle_java2.jpg,13043137147,60,979.364,604.1166666666667,977.5,585,101,21,this.width,10,class->block->function->block->block_content->return->expr->call->name->name->operator->name,
2,33,rectangle_java2.jpg,rectangle_java2.jpg,13043225169,84,994.2019047619048,613.7095238095238,990.5,621,10,21,[,1,class->block->function->parameter_list->parameter->decl->type->name->index,
2,33,rectangle_java2.jpg,rectangle_java2.jpg,13043365172,104,1055.4684615384615,561.4515384615385,1045.5,549,13,21,-,1,class->block->function->block->block_content->return->expr->operator,
2,33,rectangle_java2.jpg,rectangle_java2.jpg,13043365172,104,1055.4684615384615,561.4515384615385,1064.5,549,71,21,this.y1,7,class->block->function->block->block_content->return->expr->name->name->operator->name,
2,33,rectangle_java2.jpg,rectangle_java2.jpg,13043505141,136,1057.8914705882353,573.2102941176471,977.5,585,101,21,this.width,10,class->block->function->block->block_content->return->expr->call->name->name->operator->name,
2,33,rectangle_java2.jpg,rectangle_java2.jpg,13043589108,60,1023.6373333333332,594.546,977.5,585,101,21,this.width,10,class->block->function->block->block_content->return->expr->call->name->name->operator->name,
2,33,rectangle_java2.jpg,rectangle_java2.jpg,13043689048,96,1014.5295833333332,588.7004166666667,977.5,585,101,21,this.width,10,class->block->function->block->block_content->return->expr->call->name->name->operator->name,
2,33,rectangle_java2.jpg,rectangle_java2.jpg,13043993073,76,903.0436842105264,578.3142105263158,893.5,585,10,21,{,1,class->block->function->block,
2,33,rectangle_java2.jpg,rectangle_java2.jpg,13043993073,76,903.0436842105264,578.3142105263158,910.5,585,62,21,return,6,class->block->function->block->block_content->return,
2,33,rectangle_java2.jpg,rectangle_java2.jpg,13044149046,152,897.0307894736842,580.468947368421,893.5,585,10,21,{,1,class->block->function->block,
2,33,rectangle_java2.jpg,rectangle_java2.jpg,13044288880,108,943.6596296296296,586.6996296296296,910.5,585,62,21,return,6,class->block->function->block->block_content->return,
2,33,rectangle_java2.jpg,rectangle_java2.jpg,13044556934,60,1169.004,576.1326666666666,1140.5,585,110,21,this.height,11,class->block->function->block->block_content->return->expr->call->name->name->operator->name,
2,33,rectangle_java2.jpg,rectangle_java2.jpg,13044632948,72,1161.5011111111112,559.8744444444444,1161.5,549,10,21,},1,class->block->function->block,
2,33,rectangle_java2.jpg,rectangle_java2.jpg,13044692960,56,1148.597857142857,569.385,1142.5,549,10,21,;,1,class->block->function->block->block_content->return,
2,33,rectangle_java2.jpg,rectangle_java2.jpg,13044980905,84,1113.6914285714286,567.9557142857143,1064.5,549,71,21,this.y1,7,class->block->function->block->block_content->return->expr->name->name->operator->name,
2,33,rectangle_java2.jpg,rectangle_java2.jpg,13045148965,100,1048.048,559.3804,1045.5,549,13,21,-,1,class->block->function->block->block_content->return->expr->operator,
2,33,rectangle_java2.jpg,rectangle_java2.jpg,13045272983,64,1050.934375,582.326875,977.5,585,101,21,this.width,10,class->block->function->block->block_content->return->expr->call->name->name->operator->name,
2,33,rectangle_java2.jpg,rectangle_java2.jpg,13045388978,80,941.8495,579.343,910.5,585,62,21,return,6,class->block->function->block->block_content->return,
2,33,rectangle_java2.jpg,rectangle_java2.jpg,13045524975,132,954.8972727272728,578.110303030303,910.5,585,62,21,return,6,class->block->function->block->block_content->return,
2,33,rectangle_java2.jpg,rectangle_java2.jpg,13045588978,60,941.2126666666668,584.1566666666666,910.5,585,62,21,return,6,class->block->function->block->block_content->return,
2,33,rectangle_java2.jpg,rectangle_java2.jpg,13045828988,192,1056.3195833333334,569.2327083333333,1045.5,549,13,21,-,1,class->block->function->block->block_content->return->expr->operator,
2,33,rectangle_java2.jpg,rectangle_java2.jpg,13045828988,192,1056.3195833333334,569.2327083333333,1064.5,549,71,21,this.y1,7,class->block->function->block->block_content->return->expr->name->name->operator->name,
2,33,rectangle_java2.jpg,rectangle_java2.jpg,13045957016,124,1056.2512903225806,569.0138709677419,1045.5,549,13,21,-,1,class->block->function->block->block_content->return->expr->operator,
2,33,rectangle_java2.jpg,rectangle_java2.jpg,13045957016,124,1056.2512903225806,569.0138709677419,1064.5,549,71,21,this.y1,7,class->block->function->block->block_content->return->expr->name->name->operator->name,
2,33,rectangle_java2.jpg,rectangle_java2.jpg,13046172972,164,941.3587804878048,550.3946341463414,900.5,549,63,21,return,6,class->block->function->block->block_content->return,
2,33,rectangle_java2.jpg,rectangle_java2.jpg,13046292859,108,1006.0196296296295,546.4781481481482,968.5,549,70,21,this.y2,7,class->block->function->block->block_content->return->expr->name->name->operator->name,
2,33,rectangle_java2.jpg,rectangle_java2.jpg,13046360854,64,1023.173125,543.895625,968.5,549,70,21,this.y2,7,class->block->function->block->block_content->return->expr->name->name->operator->name,
2,33,rectangle_java2.jpg,rectangle_java2.jpg,13046564839,200,995.0574,549.309,968.5,549,70,21,this.y2,7,class->block->function->block->block_content->return->expr->name->name->operator->name,
2,33,rectangle_java2.jpg,rectangle_java2.jpg,13046676859,84,905.17,605.6833333333333,910.5,585,62,21,return,6,class->block->function->block->block_content->return,
2,33,rectangle_java2.jpg,rectangle_java2.jpg,13046736876,56,910.3135714285714,609.1092857142858,904.5,621,9,21,(,1,class->block->function->parameter_list,
2,33,rectangle_java2.jpg,rectangle_java2.jpg,13046736876,56,910.3135714285714,609.1092857142858,920.5,621,62,21,String,6,class->block->function->parameter_list->parameter->decl->type->name->name,
2,33,rectangle_java2.jpg,rectangle_java2.jpg,13046804894,64,903.705,620.5699999999999,904.5,621,9,21,(,1,class->block->function->parameter_list,
2,33,rectangle_java2.jpg,rectangle_java2.jpg,13048520750,56,843.7335714285714,528.6614285714286,837.5,512,9,21,(,1,class->block->function->parameter_list,
2,33,rectangle_java2.jpg,rectangle_java2.jpg,13048520750,56,843.7335714285714,528.6614285714286,854.5,512,9,21,),1,class->block->function->parameter_list,
2,33,rectangle_java2.jpg,rectangle_java2.jpg,13048592737,68,837.834705882353,527.0147058823529,837.5,512,9,21,(,1,class->block->function->parameter_list,
2,33,rectangle_java2.jpg,rectangle_java2.jpg,13048692714,96,855.0029166666667,523.4779166666667,854.5,512,9,21,),1,class->block->function->parameter_list,
2,33,rectangle_java2.jpg,rectangle_java2.jpg,13048984682,120,860.5456666666666,551.224,863.5,549,9,21,),1,class->block->function->parameter_list,
2,33,rectangle_java2.jpg,rectangle_java2.jpg,13049104710,96,899.93625,591.325,893.5,585,10,21,{,1,class->block->function->block,
2,33,rectangle_java2.jpg,rectangle_java2.jpg,13049104710,96,899.93625,591.325,910.5,585,62,21,return,6,class->block->function->block->block_content->return,
2,33,rectangle_java2.jpg,rectangle_java2.jpg,13049268799,84,827.5995238095238,685.1290476190476,730.5,694,177,21,System.out.println,18,class->block->function->block->block_content->expr_stmt->expr->call->name->name->operator->name->operator->name,
2,33,rectangle_java2.jpg,rectangle_java2.jpg,13049348793,76,835.208947368421,674.5731578947368,826.5,658,52,20,rect1,5,class->block->function->block->block_content->decl_stmt->decl->name,
2,33,rectangle_java2.jpg,rectangle_java2.jpg,13049408778,56,812.0771428571429,663.66,730.5,658,91,20,Rectangle,9,class->block->function->block->block_content->decl_stmt->decl->type->name,
2,33,rectangle_java2.jpg,rectangle_java2.jpg,13049540747,128,809.6428125,652.3034375,730.5,658,91,20,Rectangle,9,class->block->function->block->block_content->decl_stmt->decl->type->name,
2,33,rectangle_java2.jpg,rectangle_java2.jpg,13049888767,100,813.4244,632.7536,804.5,621,44,21,void,4,class->block->function->type->name,
2,33,rectangle_java2.jpg,rectangle_java2.jpg,13049980766,68,885.6358823529412,657.4652941176471,883.5,658,15,20,=,1,class->block->function->block->block_content->decl_stmt->decl->init,
2,33,rectangle_java2.jpg,rectangle_java2.jpg,13050396557,80,958.992,663.2615,941.5,658,91,20,Rectangle,9,class->block->function->block->block_content->decl_stmt->decl->init->expr->call->name,
2,33,rectangle_java2.jpg,rectangle_java2.jpg,13050484537,84,965.8509523809524,666.4490476190476,941.5,658,91,20,Rectangle,9,class->block->function->block->block_content->decl_stmt->decl->init->expr->call->name,
2,33,rectangle_java2.jpg,rectangle_java2.jpg,13050852575,128,882.190625,634.456875,851.5,621,44,21,main,4,class->block->function->name,
2,33,rectangle_java2.jpg,rectangle_java2.jpg,13050964562,76,917.7763157894736,590.7936842105263,910.5,585,62,21,return,6,class->block->function->block->block_content->return,
2,33,rectangle_java2.jpg,rectangle_java2.jpg,13051224561,84,934.3609523809524,591.0290476190476,910.5,585,62,21,return,6,class->block->function->block->block_content->return,
2,33,rectangle_java2.jpg,rectangle_java2.jpg,13051320575,68,1078.6805882352942,659.5570588235294,1077.5,658,9,20,"""","""",1,class->block->function->block->block_content->decl_stmt->decl->init->expr->call->argument_list
2,33,rectangle_java2.jpg,rectangle_java2.jpg,13051488552,164,1086.8075609756097,659.1434146341463,1095.5,658,13,20,0,1,class->block->function->block->block_content->decl_stmt->decl->init->expr->call->argument_list->argument->expr->literal,
2,33,rectangle_java2.jpg,rectangle_java2.jpg,13051660537,168,1067.5933333333332,665.807619047619,1057.5,658,13,20,0,1,class->block->function->block->block_content->decl_stmt->decl->init->expr->call->argument_list->argument->expr->literal,
2,33,rectangle_java2.jpg,rectangle_java2.jpg,13051660537,168,1067.5933333333332,665.807619047619,1077.5,658,9,20,"""","""",1,class->block->function->block->block_content->decl_stmt->decl->init->expr->call->argument_list
2,33,rectangle_java2.jpg,rectangle_java2.jpg,13051972425,268,1133.0731343283585,665.3050746268657,1134.5,658,22,20,10,2,class->block->function->block->block_content->decl_stmt->decl->init->expr->call->argument_list->argument->expr->literal,
2,33,rectangle_java2.jpg,rectangle_java2.jpg,13052128243,152,1121.370263157895,666.5071052631579,1115.5,658,10,20,"""","""",1,class->block->function->block->block_content->decl_stmt->decl->init->expr->call->argument_list
2,33,rectangle_java2.jpg,rectangle_java2.jpg,13052488421,312,1201.754871794872,658.9610256410257,1182.5,658,22,20,10,2,class->block->function->block->block_content->decl_stmt->decl->init->expr->call->argument_list->argument->expr->literal,
2,33,rectangle_java2.jpg,rectangle_java2.jpg,13052488421,312,1201.754871794872,658.9610256410257,1211.5,658,9,20,),1,class->block->function->block->block_content->decl_stmt->decl->init->expr->call->argument_list,
2,33,rectangle_java2.jpg,rectangle_java2.jpg,13052608436,116,1229.7044827586208,661.5017241379311,1231.5,658,10,20,;,1,class->block->function->block->block_content->decl_stmt,
2,33,rectangle_java2.jpg,rectangle_java2.jpg,13052996493,128,1144.775625,658.8353125,1134.5,658,22,20,10,2,class->block->function->block->block_content->decl_stmt->decl->init->expr->call->argument_list->argument->expr->literal,
2,33,rectangle_java2.jpg,rectangle_java2.jpg,13053200490,192,1082.459791666667,672.2275,1077.5,658,9,20,"""","""",1,class->block->function->block->block_content->decl_stmt->decl->init->expr->call->argument_list
2,33,rectangle_java2.jpg,rectangle_java2.jpg,13053320470,56,918.6357142857142,656.0221428571429,902.5,658,34,20,new,3,class->block->function->block->block_content->decl_stmt->decl->init->expr->operator,
2,33,rectangle_java2.jpg,rectangle_java2.jpg,13053600464,68,844.7982352941176,658.0805882352942,826.5,658,52,20,rect1,5,class->block->function->block->block_content->decl_stmt->decl->name,
2,33,rectangle_java2.jpg,rectangle_java2.jpg,13053788455,156,837.2653846153846,578.3658974358974,804.5,585,43,21,area,4,class->block->function->name,
2,33,rectangle_java2.jpg,rectangle_java2.jpg,13054008375,56,922.9828571428573,567.5878571428572,900.5,549,63,21,return,6,class->block->function->block->block_content->return,
2,33,rectangle_java2.jpg,rectangle_java2.jpg,13054260332,176,1035.1745454545455,567.0875,968.5,549,70,21,this.y2,7,class->block->function->block->block_content->return->expr->name->name->operator->name,
2,33,rectangle_java2.jpg,rectangle_java2.jpg,13054260332,176,1035.1745454545455,567.0875,1045.5,549,13,21,-,1,class->block->function->block->block_content->return->expr->operator,
2,33,rectangle_java2.jpg,rectangle_java2.jpg,13054484330,176,958.2193181818182,576.3640909090909,910.5,585,62,21,return,6,class->block->function->block->block_content->return,
2,33,rectangle_java2.jpg,rectangle_java2.jpg,13054752316,60,1109.4066666666668,551.1286666666666,1064.5,549,71,21,this.y1,7,class->block->function->block->block_content->return->expr->name->name->operator->name,
2,33,rectangle_java2.jpg,rectangle_java2.jpg,13054988354,224,957.4355357142856,556.2642857142857,900.5,549,63,21,return,6,class->block->function->block->block_content->return,
2,33,rectangle_java2.jpg,rectangle_java2.jpg,13054988354,224,957.4355357142856,556.2642857142857,968.5,549,70,21,this.y2,7,class->block->function->block->block_content->return->expr->name->name->operator->name,
2,33,rectangle_java2.jpg,rectangle_java2.jpg,13055128395,100,920.1172,578.2748,910.5,585,62,21,return,6,class->block->function->block->block_content->return,
2,33,rectangle_java2.jpg,rectangle_java2.jpg,13055328321,196,919.7808163265306,565.999387755102,900.5,549,63,21,return,6,class->block->function->block->block_content->return,
2,33,rectangle_java2.jpg,rectangle_java2.jpg,13055576293,124,986.0896774193548,569.8967741935484,968.5,549,70,21,this.y2,7,class->block->function->block->block_content->return->expr->name->name->operator->name,
2,33,rectangle_java2.jpg,rectangle_java2.jpg,13055772272,152,1063.225,567.6392105263158,1064.5,549,71,21,this.y1,7,class->block->function->block->block_content->return->expr->name->name->operator->name,
2,33,rectangle_java2.jpg,rectangle_java2.jpg,13056004088,68,1113.0811764705882,549.5688235294117,1064.5,549,71,21,this.y1,7,class->block->function->block->block_content->return->expr->name->name->operator->name,
2,33,rectangle_java2.jpg,rectangle_java2.jpg,13056064100,56,1105.7514285714285,558.7192857142857,1064.5,549,71,21,this.y1,7,class->block->function->block->block_content->return->expr->name->name->operator->name,
2,33,rectangle_java2.jpg,rectangle_java2.jpg,13056144132,76,1050.7168421052631,555.6531578947369,1045.5,549,13,21,-,1,class->block->function->block->block_content->return->expr->operator,
2,33,rectangle_java2.jpg,rectangle_java2.jpg,13056312236,164,1043.120243902439,559.7997560975609,1045.5,549,13,21,-,1,class->block->function->block->block_content->return->expr->operator,
2,33,rectangle_java2.jpg,rectangle_java2.jpg,13056424242,108,1043.8985185185186,568.0633333333334,1045.5,549,13,21,-,1,class->block->function->block->block_content->return->expr->operator,
2,33,rectangle_java2.jpg,rectangle_java2.jpg,13056524230,96,1056.75,568.74625,1045.5,549,13,21,-,1,class->block->function->block->block_content->return->expr->operator,
2,33,rectangle_java2.jpg,rectangle_java2.jpg,13056524230,96,1056.75,568.74625,1064.5,549,71,21,this.y1,7,class->block->function->block->block_content->return->expr->name->name->operator->name,
2,33,rectangle_java2.jpg,rectangle_java2.jpg,13056760205,232,1047.1596551724135,576.4024137931034,977.5,585,101,21,this.width,10,class->block->function->block->block_content->return->expr->call->name->name->operator->name,
2,33,rectangle_java2.jpg,rectangle_java2.jpg,13056916186,152,1045.3071052631578,564.7194736842105,1045.5,549,13,21,-,1,class->block->function->block->block_content->return->expr->operator,
2,33,rectangle_java2.jpg,rectangle_java2.jpg,13057120180,192,1141.7402083333334,567.431875,1142.5,549,10,21,;,1,class->block->function->block->block_content->return,
2,33,rectangle_java2.jpg,rectangle_java2.jpg,13057272180,148,1141.8586486486486,564.8445945945946,1142.5,549,10,21,;,1,class->block->function->block->block_content->return,
2,33,rectangle_java2.jpg,rectangle_java2.jpg,13057792109,116,925.7662068965516,594.0606896551724,910.5,585,62,21,return,6,class->block->function->block->block_content->return,
2,33,rectangle_java2.jpg,rectangle_java2.jpg,13057872065,76,899.5268421052632,604.3889473684211,893.5,585,10,21,{,1,class->block->function->block,
2,33,rectangle_java2.jpg,rectangle_java2.jpg,13057872065,76,899.5268421052632,604.3889473684211,910.5,585,62,21,return,6,class->block->function->block->block_content->return,
2,33,rectangle_java2.jpg,rectangle_java2.jpg,13057996056,120,900.9673333333332,614.5826666666667,904.5,621,9,21,(,1,class->block->function->parameter_list,
2,33,rectangle_java2.jpg,rectangle_java2.jpg,13058192088,156,976.5189743589744,612.243076923077,920.5,621,62,21,String,6,class->block->function->parameter_list->parameter->decl->type->name->name,
2,33,rectangle_java2.jpg,rectangle_java2.jpg,13058388076,124,1086.391612903226,601.2409677419355,1086.5,585,10,21,(,1,class->block->function->block->block_content->return->expr->call->argument_list,
2,33,rectangle_java2.jpg,rectangle_java2.jpg,13058696043,80,1098.2085,608.844,1094.5,621,10,21,{,1,class->block->function->block,
2,33,rectangle_java2.jpg,rectangle_java2.jpg,13058860075,160,1100.68925,613.765,1094.5,621,10,21,{,1,class->block->function->block,
2,33,rectangle_java2.jpg,rectangle_java2.jpg,13059136039,188,891.6831914893617,696.8989361702128,730.5,694,177,21,System.out.println,18,class->block->function->block->block_content->expr_stmt->expr->call->name->name->operator->name->operator->name,
2,33,rectangle_java2.jpg,rectangle_java2.jpg,13059520022,184,1125.249347826087,677.6867391304348,1115.5,658,10,20,"""","""",1,class->block->function->block->block_content->decl_stmt->decl->init->expr->call->argument_list
2,33,rectangle_java2.jpg,rectangle_java2.jpg,13059520022,184,1125.249347826087,677.6867391304348,1134.5,658,22,20,10,2,class->block->function->block->block_content->decl_stmt->decl->init->expr->call->argument_list->argument->expr->literal,
2,33,rectangle_java2.jpg,rectangle_java2.jpg,13059672033,140,1231.9845714285714,665.4171428571428,1231.5,658,10,20,;,1,class->block->function->block->block_content->decl_stmt,
2,33,rectangle_java2.jpg,rectangle_java2.jpg,13060043873,160,1208.21075,658.5945,1211.5,658,9,20,),1,class->block->function->block->block_content->decl_stmt->decl->init->expr->call->argument_list,
2,33,rectangle_java2.jpg,rectangle_java2.jpg,13060139964,92,1146.5939130434783,659.9665217391305,1134.5,658,22,20,10,2,class->block->function->block->block_content->decl_stmt->decl->init->expr->call->argument_list->argument->expr->literal,
2,33,rectangle_java2.jpg,rectangle_java2.jpg,13060248041,104,1138.6534615384614,661.7907692307692,1134.5,658,22,20,10,2,class->block->function->block->block_content->decl_stmt->decl->init->expr->call->argument_list->argument->expr->literal,
2,33,rectangle_java2.jpg,rectangle_java2.jpg,13060384027,124,926.5370967741936,668.4522580645162,902.5,658,34,20,new,3,class->block->function->block->block_content->decl_stmt->decl->init->expr->operator,
2,33,rectangle_java2.jpg,rectangle_java2.jpg,13060599928,156,831.1469230769231,755.0553846153846,730.5,766,177,21,System.out.println,18,class->block->function->block->block_content->expr_stmt->expr->call->name->name->operator->name->operator->name,
2,33,rectangle_java2.jpg,rectangle_java2.jpg,13060779918,176,797.1511363636364,760.9134090909091,730.5,766,177,21,System.out.println,18,class->block->function->block->block_content->expr_stmt->expr->call->name->name->operator->name->operator->name,
2,33,rectangle_java2.jpg,rectangle_java2.jpg,13060963930,156,919.2117948717948,763.4038461538462,916.5,766,9,21,(,1,class->block->function->block->block_content->expr_stmt->expr->call->argument_list,
2,33,rectangle_java2.jpg,rectangle_java2.jpg,13061095904,104,855.3407692307692,556.58,846.5,549,10,21,(,1,class->block->function->parameter_list,
2,33,rectangle_java2.jpg,rectangle_java2.jpg,13061095904,104,855.3407692307692,556.58,863.5,549,9,21,),1,class->block->function->parameter_list,
2,33,rectangle_java2.jpg,rectangle_java2.jpg,13061283951,184,851.4589130434782,541.5989130434782,846.5,549,10,21,(,1,class->block->function->parameter_list,
2,33,rectangle_java2.jpg,rectangle_java2.jpg,13061283951,184,851.4589130434782,541.5989130434782,863.5,549,9,21,),1,class->block->function->parameter_list,
2,33,rectangle_java2.jpg,rectangle_java2.jpg,13067411534,180,864.572,385.7562222222222,856.5,367,10,21,;,1,class->block->constructor->block->block_content->expr_stmt,
2,33,rectangle_java2.jpg,rectangle_java2.jpg,13067531359,68,855.8770588235294,398.6488235294117,856.5,404,10,19,;,1,class->block->constructor->block->block_content->expr_stmt,
2,33,rectangle_java2.jpg,rectangle_java2.jpg,13068555390,80,1101.8775,289.1115,1094.5,295,9,21,"""","""",1,class->block->constructor->parameter_list
2,33,rectangle_java2.jpg,rectangle_java2.jpg,13068555390,80,1101.8775,289.1115,1112.5,295,33,21,int,3,class->block->constructor->parameter_list->parameter->decl->type->name,
2,33,rectangle_java2.jpg,rectangle_java2.jpg,13069407273,56,1064.087857142857,282.56714285714287,1063.5,295,23,21,x2,2,class->block->constructor->parameter_list->parameter->decl->type->name,
2,33,rectangle_java2.jpg,rectangle_java2.jpg,13070035273,144,846.3544444444444,359.44194444444446,826.5,367,23,21,y1,2,class->block->constructor->block->block_content->expr_stmt->expr->name->name,
2,33,rectangle_java2.jpg,rectangle_java2.jpg,13070035273,144,846.3544444444444,359.44194444444446,856.5,367,10,21,;,1,class->block->constructor->block->block_content->expr_stmt,
2,33,rectangle_java2.jpg,rectangle_java2.jpg,13070255276,180,860.3811111111111,348.1057777777778,856.5,331,10,19,;,1,class->block->constructor->block->block_content->expr_stmt,
2,33,rectangle_java2.jpg,rectangle_java2.jpg,13070383249,124,862.1229032258065,338.32935483870966,856.5,331,10,19,;,1,class->block->constructor->block->block_content->expr_stmt,
2,33,rectangle_java2.jpg,rectangle_java2.jpg,13070619447,232,862.2439655172413,333.7170689655172,856.5,331,10,19,;,1,class->block->constructor->block->block_content->expr_stmt,
2,33,rectangle_java2.jpg,rectangle_java2.jpg,13070683526,60,862.474,332.39466666666664,856.5,331,10,19,;,1,class->block->constructor->block->block_content->expr_stmt,
2,33,rectangle_java2.jpg,rectangle_java2.jpg,13071899139,100,802.7292,211.69960000000003,715.5,222,90,21,Rectangle,9,class->name,
2,33,rectangle_java2.jpg,rectangle_java2.jpg,13071899139,100,802.7292,211.69960000000003,813.5,222,10,21,{,1,class->block,
2,33,rectangle_java2.jpg,rectangle_java2.jpg,13072103151,76,776.9873684210527,216.0910526315789,715.5,222,90,21,Rectangle,9,class->name,
2,33,rectangle_java2.jpg,rectangle_java2.jpg,13073259207,128,855.9409375,368.3578125,856.5,367,10,21,;,1,class->block->constructor->block->block_content->expr_stmt,
2,33,rectangle_java2.jpg,rectangle_java2.jpg,13073443080,132,837.9115151515151,376.27363636363634,826.5,367,23,21,y1,2,class->block->constructor->block->block_content->expr_stmt->expr->name->name,
2,33,rectangle_java2.jpg,rectangle_java2.jpg,13075071038,100,950.5048,262.038,929.5,259,23,21,y2,2,class->block->decl_stmt->decl->name,
2,33,rectangle_java2.jpg,rectangle_java2.jpg,13075071038,100,950.5048,262.038,959.5,259,10,21,;,1,class->block->decl_stmt,
2,33,rectangle_java2.jpg,rectangle_java2.jpg,13075234887,160,948.6885,272.556,929.5,259,23,21,y2,2,class->block->decl_stmt->decl->name,
2,33,rectangle_java2.jpg,rectangle_java2.jpg,13075234887,160,948.6885,272.556,959.5,259,10,21,;,1,class->block->decl_stmt,
2,33,rectangle_java2.jpg,rectangle_java2.jpg,13075666905,56,882.96,313.41785714285714,853.5,295,32,21,int,3,class->block->constructor->parameter_list->parameter->decl->type->name,
2,33,rectangle_java2.jpg,rectangle_java2.jpg,13075666905,56,882.96,313.41785714285714,890.5,295,24,21,x1,2,class->block->constructor->parameter_list->parameter->decl->type->name,
2,33,rectangle_java2.jpg,rectangle_java2.jpg,13075902906,56,897.575,289.4578571428572,890.5,295,24,21,x1,2,class->block->constructor->parameter_list->parameter->decl->type->name,
2,33,rectangle_java2.jpg,rectangle_java2.jpg,13076262874,328,848.949756097561,357.2229268292683,826.5,367,23,21,y1,2,class->block->constructor->block->block_content->expr_stmt->expr->name->name,
2,33,rectangle_java2.jpg,rectangle_java2.jpg,13076262874,328,848.949756097561,357.2229268292683,856.5,367,10,21,;,1,class->block->constructor->block->block_content->expr_stmt,
2,33,rectangle_java2.jpg,rectangle_java2.jpg,13076530872,236,870.5989830508474,261.1357627118644,863.5,259,10,21,"""","""",1,class->block->decl_stmt
2,33,rectangle_java2.jpg,rectangle_java2.jpg,13076530872,236,870.5989830508474,261.1357627118644,881.5,259,23,21,x2,2,class->block->decl_stmt->decl->name,
2,33,rectangle_java2.jpg,rectangle_java2.jpg,13076746882,68,816.8535294117647,328.0929411764706,806.5,331,15,19,=,1,class->block->constructor->block->block_content->expr_stmt->expr->operator,
2,33,rectangle_java2.jpg,rectangle_java2.jpg,13076746882,68,816.8535294117647,328.0929411764706,826.5,331,23,19,x1,2,class->block->constructor->block->block_content->expr_stmt->expr->name->name,
2,33,rectangle_java2.jpg,rectangle_java2.jpg,13076858866,56,815.7464285714286,328.71214285714285,806.5,331,15,19,=,1,class->block->constructor->block->block_content->expr_stmt->expr->operator,
2,33,rectangle_java2.jpg,rectangle_java2.jpg,13076858866,56,815.7464285714286,328.71214285714285,826.5,331,23,19,x1,2,class->block->constructor->block->block_content->expr_stmt->expr->name->name,
2,33,rectangle_java2.jpg,rectangle_java2.jpg,13076970855,72,827.3461111111111,338.40944444444443,826.5,331,23,19,x1,2,class->block->constructor->block->block_content->expr_stmt->expr->name->name,
2,33,rectangle_java2.jpg,rectangle_java2.jpg,13077082858,76,867.1973684210526,256.98578947368424,863.5,259,10,21,"""","""",1,class->block->decl_stmt
2,33,rectangle_java2.jpg,rectangle_java2.jpg,13080266706,172,864.2197674418604,689.8958139534884,730.5,694,177,21,System.out.println,18,class->block->function->block->block_content->expr_stmt->expr->call->name->name->operator->name->operator->name,
2,33,rectangle_java2.jpg,rectangle_java2.jpg,13080518667,196,897.3620408163265,774.6702040816326,730.5,766,177,21,System.out.println,18,class->block->function->block->block_content->expr_stmt->expr->call->name->name->operator->name->operator->name,
2,33,rectangle_java2.jpg,rectangle_java2.jpg,13080718606,196,896.5322448979592,773.1697959183673,730.5,766,177,21,System.out.println,18,class->block->function->block->block_content->expr_stmt->expr->call->name->name->operator->name->operator->name,
