trial,participant,code_file,code_language,timestamp,duration,x_cord,y_cord,aoi_x,aoi_y,aoi_width,aoi_height,token,length,srcML
2,36,rectangle_java2.jpg,rectangle_java2.jpg,6682610751,136,724.1838235294117,400.2794117647059,730.5,404,71,19,this.x2,7,class->block->constructor->block->block_content->expr_stmt->expr->name->name->operator->name
2,36,rectangle_java2.jpg,rectangle_java2.jpg,6686394463,64,771.41625,345.335,730.5,331,71,19,this.x1,7,class->block->constructor->block->block_content->expr_stmt->expr->name->name->operator->name
2,36,rectangle_java2.jpg,rectangle_java2.jpg,6686510505,112,776.1439285714285,346.8378571428572,730.5,331,71,19,this.x1,7,class->block->constructor->block->block_content->expr_stmt->expr->name->name->operator->name
2,36,rectangle_java2.jpg,rectangle_java2.jpg,6686698520,64,852.496875,335.504375,856.5,331,10,19,;,1,class->block->constructor->block->block_content->expr_stmt
2,36,rectangle_java2.jpg,rectangle_java2.jpg,6686778500,76,858.8210526315789,335.47473684210524,856.5,331,10,19,;,1,class->block->constructor->block->block_content->expr_stmt
2,36,rectangle_java2.jpg,rectangle_java2.jpg,6688002354,68,833.2629411764706,362.4935294117647,826.5,367,23,21,y1,2,class->block->constructor->block->block_content->expr_stmt->expr->name->name
2,36,rectangle_java2.jpg,rectangle_java2.jpg,6688642326,76,782.7473684210527,369.2973684210526,730.5,367,71,21,this.y1,7,class->block->constructor->block->block_content->expr_stmt->expr->name->name->operator->name
2,36,rectangle_java2.jpg,rectangle_java2.jpg,6688722130,76,789.4763157894737,378.41263157894736,730.5,367,71,21,this.y1,7,class->block->constructor->block->block_content->expr_stmt->expr->name->name->operator->name
2,36,rectangle_java2.jpg,rectangle_java2.jpg,6688906138,72,742.8366666666667,344.6122222222222,730.5,331,71,19,this.x1,7,class->block->constructor->block->block_content->expr_stmt->expr->name->name->operator->name
2,36,rectangle_java2.jpg,rectangle_java2.jpg,6689042207,56,833.0971428571429,371.70142857142855,826.5,367,23,21,y1,2,class->block->constructor->block->block_content->expr_stmt->expr->name->name
2,36,rectangle_java2.jpg,rectangle_java2.jpg,6689110241,64,832.864375,359.255625,826.5,367,23,21,y1,2,class->block->constructor->block->block_content->expr_stmt->expr->name->name
2,36,rectangle_java2.jpg,rectangle_java2.jpg,6689190263,76,836.3436842105264,376.6205263157895,826.5,367,23,21,y1,2,class->block->constructor->block->block_content->expr_stmt->expr->name->name
2,36,rectangle_java2.jpg,rectangle_java2.jpg,6689274269,80,836.0525,369.2245,826.5,367,23,21,y1,2,class->block->constructor->block->block_content->expr_stmt->expr->name->name
2,36,rectangle_java2.jpg,rectangle_java2.jpg,6689445981,148,761.14,349.32756756756754,730.5,331,71,19,this.x1,7,class->block->constructor->block->block_content->expr_stmt->expr->name->name->operator->name
2,36,rectangle_java2.jpg,rectangle_java2.jpg,6689545688,96,761.71875,345.575,730.5,331,71,19,this.x1,7,class->block->constructor->block->block_content->expr_stmt->expr->name->name->operator->name
2,36,rectangle_java2.jpg,rectangle_java2.jpg,6689698006,56,722.2621428571429,359.7235714285714,730.5,367,71,21,this.y1,7,class->block->constructor->block->block_content->expr_stmt->expr->name->name->operator->name
2,36,rectangle_java2.jpg,rectangle_java2.jpg,6691410102,116,766.6106896551725,409.1275862068965,730.5,404,71,19,this.x2,7,class->block->constructor->block->block_content->expr_stmt->expr->name->name->operator->name
2,36,rectangle_java2.jpg,rectangle_java2.jpg,6692013924,140,708.3248571428571,626.3182857142857,669.5,621,63,21,public,6,class->block->function->type->specifier
2,36,rectangle_java2.jpg,rectangle_java2.jpg,6692165947,116,666.3186206896552,613.3237931034482,669.5,621,63,21,public,6,class->block->function->type->specifier
2,36,rectangle_java2.jpg,rectangle_java2.jpg,6692550035,120,679.302,573.9923333333334,669.5,585,63,21,public,6,class->block->function->type->specifier
2,36,rectangle_java2.jpg,rectangle_java2.jpg,6692937945,136,777.285,591.6614705882353,737.5,585,62,21,double,6,class->block->function->type->name
2,36,rectangle_java2.jpg,rectangle_java2.jpg,6693005940,64,777.4,598.195625,737.5,585,62,21,double,6,class->block->function->type->name
2,36,rectangle_java2.jpg,rectangle_java2.jpg,6693093949,72,882.5427777777778,585.2466666666667,893.5,585,10,21,{,1,class->block->function->block
2,36,rectangle_java2.jpg,rectangle_java2.jpg,6693233938,136,884.4452941176471,605.8576470588235,893.5,585,10,21,{,1,class->block->function->block
2,36,rectangle_java2.jpg,rectangle_java2.jpg,6693417765,140,854.5574285714285,605.5914285714285,856.5,585,9,21,(,1,class->block->function->parameter_list
2,36,rectangle_java2.jpg,rectangle_java2.jpg,6693677549,132,934.6978787878788,602.2878787878788,910.5,585,62,21,return,6,class->block->function->block->block_content->return
2,36,rectangle_java2.jpg,rectangle_java2.jpg,6693793671,68,891.4300000000001,605.8276470588235,893.5,585,10,21,{,1,class->block->function->block
2,36,rectangle_java2.jpg,rectangle_java2.jpg,6694097791,72,962.9655555555556,554.0872222222222,900.5,549,63,21,return,6,class->block->function->block->block_content->return
2,36,rectangle_java2.jpg,rectangle_java2.jpg,6694097791,72,962.9655555555556,554.0872222222222,968.5,549,70,21,this.y2,7,class->block->function->block->block_content->return->expr->name->name->operator->name
2,36,rectangle_java2.jpg,rectangle_java2.jpg,6694249831,68,1023.5617647058824,612.9329411764705,1025.5,621,42,21,args,4,class->block->function->parameter_list->parameter->decl->name
2,36,rectangle_java2.jpg,rectangle_java2.jpg,6694365822,112,1029.9964285714286,620.9389285714285,1025.5,621,42,21,args,4,class->block->function->parameter_list->parameter->decl->name
2,36,rectangle_java2.jpg,rectangle_java2.jpg,6694461798,60,1023.5306666666668,631.518,1025.5,621,42,21,args,4,class->block->function->parameter_list->parameter->decl->name
2,36,rectangle_java2.jpg,rectangle_java2.jpg,6694637751,100,708.7332,582.7,669.5,585,63,21,public,6,class->block->function->type->specifier
2,36,rectangle_java2.jpg,rectangle_java2.jpg,6695177660,64,702.46,553.53875,669.5,549,63,21,public,6,class->block->function->type->specifier
2,36,rectangle_java2.jpg,rectangle_java2.jpg,6695345723,72,733.9272222222222,595.1611111111112,737.5,585,62,21,double,6,class->block->function->type->name
2,36,rectangle_java2.jpg,rectangle_java2.jpg,6695497691,64,728.890625,615.63,669.5,621,63,21,public,6,class->block->function->type->specifier
2,36,rectangle_java2.jpg,rectangle_java2.jpg,6695497691,64,728.890625,615.63,738.5,621,61,21,static,6,class->block->function->type->specifier
2,36,rectangle_java2.jpg,rectangle_java2.jpg,6695829709,124,734.2174193548387,636.4512903225807,738.5,621,61,21,static,6,class->block->function->type->specifier
2,36,rectangle_java2.jpg,rectangle_java2.jpg,6695981737,60,911.5813333333332,636.1693333333334,904.5,621,9,21,(,1,class->block->function->parameter_list
2,36,rectangle_java2.jpg,rectangle_java2.jpg,6695981737,60,911.5813333333332,636.1693333333334,920.5,621,62,21,String,6,class->block->function->parameter_list->parameter->decl->type->name->name
2,36,rectangle_java2.jpg,rectangle_java2.jpg,6696477611,72,1021.9283333333332,662.2122222222222,941.5,658,91,20,Rectangle,9,class->block->function->block->block_content->decl_stmt->decl->init->expr->call->name
2,36,rectangle_java2.jpg,rectangle_java2.jpg,6696633136,56,757.9835714285714,735.665,730.5,731,91,20,Rectangle,9,class->block->function->block->block_content->decl_stmt->decl->type->name
2,36,rectangle_java2.jpg,rectangle_java2.jpg,6696813241,176,762.1211363636363,737.3420454545454,730.5,731,91,20,Rectangle,9,class->block->function->block->block_content->decl_stmt->decl->type->name
2,36,rectangle_java2.jpg,rectangle_java2.jpg,6697341590,92,735.9686956521739,673.9969565217391,730.5,658,91,20,Rectangle,9,class->block->function->block->block_content->decl_stmt->decl->type->name
2,36,rectangle_java2.jpg,rectangle_java2.jpg,6697657548,152,1016.897894736842,669.4157894736842,941.5,658,91,20,Rectangle,9,class->block->function->block->block_content->decl_stmt->decl->init->expr->call->name
2,36,rectangle_java2.jpg,rectangle_java2.jpg,6697985448,64,1138.191875,663.446875,1134.5,658,22,20,10,2,class->block->function->block->block_content->decl_stmt->decl->init->expr->call->argument_list->argument->expr->literal
2,36,rectangle_java2.jpg,rectangle_java2.jpg,6698957445,132,1057.581515151515,691.0618181818181,1057.5,694,10,21,),1,class->block->function->block->block_content->expr_stmt->expr->call->argument_list->argument->expr->call->argument_list
2,36,rectangle_java2.jpg,rectangle_java2.jpg,6699441457,84,733.83,702.2266666666667,730.5,694,177,21,System.out.println,18,class->block->function->block->block_content->expr_stmt->expr->call->name->name->operator->name->operator->name
2,36,rectangle_java2.jpg,rectangle_java2.jpg,6699937349,72,724.45,724.8872222222222,730.5,731,91,20,Rectangle,9,class->block->function->block->block_content->decl_stmt->decl->type->name
2,36,rectangle_java2.jpg,rectangle_java2.jpg,6700481264,140,902.8777142857144,776.5877142857142,730.5,766,177,21,System.out.println,18,class->block->function->block->block_content->expr_stmt->expr->call->name->name->operator->name->operator->name
2,36,rectangle_java2.jpg,rectangle_java2.jpg,6700609228,72,743.6261111111111,761.09,730.5,766,177,21,System.out.println,18,class->block->function->block->block_content->expr_stmt->expr->call->name->name->operator->name->operator->name
2,36,rectangle_java2.jpg,rectangle_java2.jpg,6700681214,68,730.8141176470588,771.9752941176471,730.5,766,177,21,System.out.println,18,class->block->function->block->block_content->expr_stmt->expr->call->name->name->operator->name->operator->name
2,36,rectangle_java2.jpg,rectangle_java2.jpg,6701029155,96,764.6,774.9433333333334,730.5,766,177,21,System.out.println,18,class->block->function->block->block_content->expr_stmt->expr->call->name->name->operator->name->operator->name
2,36,rectangle_java2.jpg,rectangle_java2.jpg,6701401133,84,858.9766666666667,770.6657142857143,730.5,766,177,21,System.out.println,18,class->block->function->block->block_content->expr_stmt->expr->call->name->name->operator->name->operator->name
2,36,rectangle_java2.jpg,rectangle_java2.jpg,6701633031,60,957.5353333333334,784.564,932.5,766,100,21,rect2.area,10,class->block->function->block->block_content->expr_stmt->expr->call->argument_list->argument->expr->call->name->name->operator->name
2,36,rectangle_java2.jpg,rectangle_java2.jpg,6701813142,60,1028.148,781.308,932.5,766,100,21,rect2.area,10,class->block->function->block->block_content->expr_stmt->expr->call->argument_list->argument->expr->call->name->name->operator->name
2,36,rectangle_java2.jpg,rectangle_java2.jpg,6702637163,64,864.833125,764.225625,730.5,766,177,21,System.out.println,18,class->block->function->block->block_content->expr_stmt->expr->call->name->name->operator->name->operator->name
2,36,rectangle_java2.jpg,rectangle_java2.jpg,6702892983,172,733.6009302325582,771.0395348837209,730.5,766,177,21,System.out.println,18,class->block->function->block->block_content->expr_stmt->expr->call->name->name->operator->name->operator->name
2,36,rectangle_java2.jpg,rectangle_java2.jpg,6703225000,56,781.2135714285714,779.58,730.5,766,177,21,System.out.println,18,class->block->function->block->block_content->expr_stmt->expr->call->name->name->operator->name->operator->name
