trial,participant,code_file,code_language,timestamp,duration,x_cord,y_cord,aoi_x,aoi_y,aoi_width,aoi_height,token,length,srcML,
2,3,rectangle_java2.jpg,rectangle_java2.jpg,2252904054,104,804.1865384615385,514.2957692307692,775.5,512,53,21,width,5,class->block->function->name,
2,3,rectangle_java2.jpg,rectangle_java2.jpg,2252988057,80,800.721,527.3555,775.5,512,53,21,width,5,class->block->function->name,
2,3,rectangle_java2.jpg,rectangle_java2.jpg,2253176545,152,757.2742105263158,531.823947368421,737.5,512,33,21,int,3,class->block->function->type->name,
2,3,rectangle_java2.jpg,rectangle_java2.jpg,2253376199,128,820.953125,526.779375,775.5,512,53,21,width,5,class->block->function->name,
2,3,rectangle_java2.jpg,rectangle_java2.jpg,2253472096,68,873.7829411764706,528.4870588235294,874.5,512,10,21,{,1,class->block->function->block,
2,3,rectangle_java2.jpg,rectangle_java2.jpg,2253628029,152,866.978947368421,540.6942105263158,863.5,549,9,21,),1,class->block->function->parameter_list,
2,3,rectangle_java2.jpg,rectangle_java2.jpg,2253812038,88,830.7186363636364,554.1495454545454,775.5,549,62,21,height,6,class->block->function->name,
2,3,rectangle_java2.jpg,rectangle_java2.jpg,2253888029,72,851.8872222222222,537.1055555555556,846.5,549,10,21,(,1,class->block->function->parameter_list,
2,3,rectangle_java2.jpg,rectangle_java2.jpg,2253888029,72,851.8872222222222,537.1055555555556,863.5,549,9,21,),1,class->block->function->parameter_list,
2,3,rectangle_java2.jpg,rectangle_java2.jpg,2253980017,88,855.28,531.939090909091,854.5,512,9,21,),1,class->block->function->parameter_list,
2,3,rectangle_java2.jpg,rectangle_java2.jpg,2254343855,108,837.0518518518519,508.1296296296296,837.5,512,9,21,(,1,class->block->function->parameter_list,
2,3,rectangle_java2.jpg,rectangle_java2.jpg,2254427875,80,827.092,504.424,775.5,512,53,21,width,5,class->block->function->name,
2,3,rectangle_java2.jpg,rectangle_java2.jpg,2254427875,80,827.092,504.424,837.5,512,9,21,(,1,class->block->function->parameter_list,
2,3,rectangle_java2.jpg,rectangle_java2.jpg,2254695999,212,846.7916981132075,530.4879245283018,854.5,512,9,21,),1,class->block->function->parameter_list,
2,3,rectangle_java2.jpg,rectangle_java2.jpg,2254784037,84,862.2447619047618,544.1385714285715,863.5,549,9,21,),1,class->block->function->parameter_list,
2,3,rectangle_java2.jpg,rectangle_java2.jpg,2255040001,60,883.4426666666667,541.8066666666666,883.5,549,10,21,{,1,class->block->function->block,
2,3,rectangle_java2.jpg,rectangle_java2.jpg,2255344062,92,975.3717391304348,522.3282608695652,958.5,512,71,21,this.x2,7,class->block->function->block->block_content->return->expr->name->name->operator->name->operator,
2,3,rectangle_java2.jpg,rectangle_java2.jpg,2256063762,128,845.511875,530.12875,837.5,512,9,21,(,1,class->block->function->parameter_list,
2,3,rectangle_java2.jpg,rectangle_java2.jpg,2256063762,128,845.511875,530.12875,854.5,512,9,21,),1,class->block->function->parameter_list,
2,3,rectangle_java2.jpg,rectangle_java2.jpg,2256191806,68,847.929411764706,541.0417647058823,846.5,549,10,21,(,1,class->block->function->parameter_list,
2,3,rectangle_java2.jpg,rectangle_java2.jpg,2256263804,68,850.4282352941176,520.2005882352942,854.5,512,9,21,),1,class->block->function->parameter_list,
2,3,rectangle_java2.jpg,rectangle_java2.jpg,2256335781,68,845.4117647058823,541.1335294117647,846.5,549,10,21,(,1,class->block->function->parameter_list,
2,3,rectangle_java2.jpg,rectangle_java2.jpg,2256395763,56,868.1157142857143,539.215,863.5,549,9,21,),1,class->block->function->parameter_list,
2,3,rectangle_java2.jpg,rectangle_java2.jpg,2256615736,60,867.258,521.0246666666667,874.5,512,10,21,{,1,class->block->function->block,
2,3,rectangle_java2.jpg,rectangle_java2.jpg,2256847790,84,848.2380952380952,520.6661904761905,854.5,512,9,21,),1,class->block->function->parameter_list,
2,3,rectangle_java2.jpg,rectangle_java2.jpg,2256963790,112,839.0832142857143,529.6935714285714,837.5,512,9,21,(,1,class->block->function->parameter_list,
2,3,rectangle_java2.jpg,rectangle_java2.jpg,2257187758,144,859.7286111111111,523.9902777777778,854.5,512,9,21,),1,class->block->function->parameter_list,
2,3,rectangle_java2.jpg,rectangle_java2.jpg,2257247731,56,857.6642857142857,530.2214285714285,854.5,512,9,21,),1,class->block->function->parameter_list,
2,3,rectangle_java2.jpg,rectangle_java2.jpg,2257319641,68,855.8676470588235,525.1817647058823,854.5,512,9,21,),1,class->block->function->parameter_list,
2,3,rectangle_java2.jpg,rectangle_java2.jpg,2257495498,84,878.3909523809524,537.2133333333334,883.5,549,10,21,{,1,class->block->function->block,
2,3,rectangle_java2.jpg,rectangle_java2.jpg,2257599566,100,876.6283999999999,526.5996,874.5,512,10,21,{,1,class->block->function->block,
2,3,rectangle_java2.jpg,rectangle_java2.jpg,2257699599,96,877.5995833333334,538.2545833333334,883.5,549,10,21,{,1,class->block->function->block,
2,3,rectangle_java2.jpg,rectangle_java2.jpg,2257795620,92,899.5391304347826,517.74,891.5,512,62,21,return,6,class->block->function->block->block_content->return->expr->name->name,
2,3,rectangle_java2.jpg,rectangle_java2.jpg,2257979639,180,903.0175555555556,521.7273333333334,891.5,512,62,21,return,6,class->block->function->block->block_content->return->expr->name->name,
2,3,rectangle_java2.jpg,rectangle_java2.jpg,2258071644,88,901.25,530.690909090909,891.5,512,62,21,return,6,class->block->function->block->block_content->return->expr->name->name,
2,3,rectangle_java2.jpg,rectangle_java2.jpg,2258147626,72,903.1016666666668,511.49777777777786,891.5,512,62,21,return,6,class->block->function->block->block_content->return->expr->name->name,
2,3,rectangle_java2.jpg,rectangle_java2.jpg,2260647258,60,757.0713333333333,249.5093333333333,747.5,259,33,21,int,3,class->block->decl_stmt->decl->type->name,
2,3,rectangle_java2.jpg,rectangle_java2.jpg,2260715293,64,767.426875,260.309375,747.5,259,33,21,int,3,class->block->decl_stmt->decl->type->name,
2,3,rectangle_java2.jpg,rectangle_java2.jpg,2260779330,60,778.6386666666667,250.20066666666668,747.5,259,33,21,int,3,class->block->decl_stmt->decl->type->name,
2,3,rectangle_java2.jpg,rectangle_java2.jpg,2260779330,60,778.6386666666667,250.20066666666668,785.5,259,23,21,x1,2,class->block->decl_stmt->decl->name,
2,3,rectangle_java2.jpg,rectangle_java2.jpg,2260883355,84,805.0861904761905,312.6690476190476,737.5,295,91,21,Rectangle,9,class->block->constructor->name,
2,3,rectangle_java2.jpg,rectangle_java2.jpg,2262191149,144,819.785,212.42027777777776,813.5,222,10,21,{,1,class->block,
2,3,rectangle_java2.jpg,rectangle_java2.jpg,2264002995,56,729.1871428571428,216.54,715.5,222,90,21,Rectangle,9,class->name,
2,3,rectangle_java2.jpg,rectangle_java2.jpg,2264119049,96,796.64625,225.90166666666664,715.5,222,90,21,Rectangle,9,class->name,
2,3,rectangle_java2.jpg,rectangle_java2.jpg,2264231088,108,802.0596296296296,210.93740740740745,715.5,222,90,21,Rectangle,9,class->name,
2,3,rectangle_java2.jpg,rectangle_java2.jpg,2264231088,108,802.0596296296296,210.93740740740745,813.5,222,10,21,{,1,class->block,
2,3,rectangle_java2.jpg,rectangle_java2.jpg,2264303083,68,776.4858823529412,219.1641176470588,715.5,222,90,21,Rectangle,9,class->name,
2,3,rectangle_java2.jpg,rectangle_java2.jpg,2264539094,112,791.0546428571429,229.46607142857147,715.5,222,90,21,Rectangle,9,class->name,
2,3,rectangle_java2.jpg,rectangle_java2.jpg,2264659100,116,800.6141379310345,231.49275862068964,715.5,222,90,21,Rectangle,9,class->name,
2,3,rectangle_java2.jpg,rectangle_java2.jpg,2264807086,144,795.01,230.30861111111108,715.5,222,90,21,Rectangle,9,class->name,
2,3,rectangle_java2.jpg,rectangle_java2.jpg,2265575013,96,769.6816666666666,264.10291666666666,747.5,259,33,21,int,3,class->block->decl_stmt->decl->type->name,
2,3,rectangle_java2.jpg,rectangle_java2.jpg,2265651010,72,783.6738888888889,261.4483333333333,785.5,259,23,21,x1,2,class->block->decl_stmt->decl->name,
2,3,rectangle_java2.jpg,rectangle_java2.jpg,2265723007,68,756.3435294117647,269.71941176470585,747.5,259,33,21,int,3,class->block->decl_stmt->decl->type->name,
2,3,rectangle_java2.jpg,rectangle_java2.jpg,2265934961,56,814.9292857142857,263.63214285714287,815.5,259,10,21,"""","""",1,class->block->decl_stmt
2,3,rectangle_java2.jpg,rectangle_java2.jpg,2265998934,60,822.744,285.9406666666667,737.5,295,91,21,Rectangle,9,class->block->constructor->name,
2,3,rectangle_java2.jpg,rectangle_java2.jpg,2266322967,108,911.3455555555556,279.2518518518519,911.5,259,10,21,"""","""",1,class->block->decl_stmt
2,3,rectangle_java2.jpg,rectangle_java2.jpg,2266439001,112,901.5507142857144,275.00892857142856,881.5,259,23,21,x2,2,class->block->decl_stmt->decl->name,
2,3,rectangle_java2.jpg,rectangle_java2.jpg,2266439001,112,901.5507142857144,275.00892857142856,911.5,259,10,21,"""","""",1,class->block->decl_stmt
2,3,rectangle_java2.jpg,rectangle_java2.jpg,2266522985,80,898.7665,287.503,890.5,295,24,21,x1,2,class->block->constructor->parameter_list->parameter->decl->type->name,
2,3,rectangle_java2.jpg,rectangle_java2.jpg,2266746923,76,971.2726315789472,285.6115789473684,939.5,295,33,21,int,3,class->block->constructor->parameter_list->parameter->decl->type->name,
2,3,rectangle_java2.jpg,rectangle_java2.jpg,2266746923,76,971.2726315789472,285.6115789473684,977.5,295,23,21,y1,2,class->block->constructor->parameter_list->parameter->decl->type->name,
2,3,rectangle_java2.jpg,rectangle_java2.jpg,2267654793,80,1113.568,287.9405,1112.5,295,33,21,int,3,class->block->constructor->parameter_list->parameter->decl->type->name,
2,3,rectangle_java2.jpg,rectangle_java2.jpg,2267758823,100,1112.5868,288.1452,1112.5,295,33,21,int,3,class->block->constructor->parameter_list->parameter->decl->type->name,
2,3,rectangle_java2.jpg,rectangle_java2.jpg,2268066857,76,1133.375789473684,286.28684210526313,1112.5,295,33,21,int,3,class->block->constructor->parameter_list->parameter->decl->type->name,
2,3,rectangle_java2.jpg,rectangle_java2.jpg,2268514685,136,812.2179411764706,314.82323529411764,737.5,295,91,21,Rectangle,9,class->block->constructor->name,
2,3,rectangle_java2.jpg,rectangle_java2.jpg,2268923091,60,848.5366666666666,315.08666666666664,853.5,295,32,21,int,3,class->block->constructor->parameter_list->parameter->decl->type->name,
2,3,rectangle_java2.jpg,rectangle_java2.jpg,2268998917,72,854.6516666666666,304.44666666666666,853.5,295,32,21,int,3,class->block->constructor->parameter_list->parameter->decl->type->name,
2,3,rectangle_java2.jpg,rectangle_java2.jpg,2269326675,64,844.53375,298.3725,837.5,295,9,21,(,1,class->block->constructor->parameter_list,
2,3,rectangle_java2.jpg,rectangle_java2.jpg,2269326675,64,844.53375,298.3725,853.5,295,32,21,int,3,class->block->constructor->parameter_list->parameter->decl->type->name,
2,3,rectangle_java2.jpg,rectangle_java2.jpg,2269398692,68,843.09,289.6205882352941,837.5,295,9,21,(,1,class->block->constructor->parameter_list,
2,3,rectangle_java2.jpg,rectangle_java2.jpg,2269398692,68,843.09,289.6205882352941,853.5,295,32,21,int,3,class->block->constructor->parameter_list->parameter->decl->type->name,
2,3,rectangle_java2.jpg,rectangle_java2.jpg,2269686673,160,857.489,398.57125,856.5,404,10,19,;,1,class->block->constructor->block->block_content->expr_stmt,
2,3,rectangle_java2.jpg,rectangle_java2.jpg,2271502526,60,767.5606666666666,210.708,715.5,222,90,21,Rectangle,9,class->name,
2,3,rectangle_java2.jpg,rectangle_java2.jpg,2271606462,100,778.654,210.852,715.5,222,90,21,Rectangle,9,class->name,
2,3,rectangle_java2.jpg,rectangle_java2.jpg,2271922541,164,732.2665853658536,234.0926829268293,715.5,222,90,21,Rectangle,9,class->name,
2,3,rectangle_java2.jpg,rectangle_java2.jpg,2272046540,104,790.2661538461539,226.49961538461537,715.5,222,90,21,Rectangle,9,class->name,
2,3,rectangle_java2.jpg,rectangle_java2.jpg,2272246469,196,783.1716326530612,226.79265306122448,715.5,222,90,21,Rectangle,9,class->name,
2,3,rectangle_java2.jpg,rectangle_java2.jpg,2272862469,56,840.675,341.1564285714286,826.5,331,23,19,x1,2,class->block->constructor->block->block_content->expr_stmt->expr->name->name,
2,3,rectangle_java2.jpg,rectangle_java2.jpg,2272930452,64,837.498125,357.431875,826.5,367,23,21,y1,2,class->block->constructor->block->block_content->expr_stmt->expr->name->name,
2,3,rectangle_java2.jpg,rectangle_java2.jpg,2273118272,60,1088.1806666666666,289.04,1094.5,295,9,21,"""","""",1,class->block->constructor->parameter_list
2,3,rectangle_java2.jpg,rectangle_java2.jpg,2273382291,112,797.6260714285714,585.4635714285714,737.5,585,62,21,double,6,class->block->function->type->name,
2,3,rectangle_java2.jpg,rectangle_java2.jpg,2273382291,112,797.6260714285714,585.4635714285714,804.5,585,43,21,area,4,class->block->function->name,
2,3,rectangle_java2.jpg,rectangle_java2.jpg,2273542349,80,789.6335,528.5335,775.5,512,53,21,width,5,class->block->function->name,
2,3,rectangle_java2.jpg,rectangle_java2.jpg,2273618360,72,787.3716666666667,539.1827777777778,775.5,549,62,21,height,6,class->block->function->name,
2,3,rectangle_java2.jpg,rectangle_java2.jpg,2273834340,72,878.0427777777778,514.9022222222222,874.5,512,10,21,{,1,class->block->function->block,
2,3,rectangle_java2.jpg,rectangle_java2.jpg,2274010360,64,978.351875,540.993125,968.5,549,70,21,this.y2,7,class->block->function->block->block_content->return->expr->name->name->operator->name,
2,3,rectangle_java2.jpg,rectangle_java2.jpg,2274098341,84,974.2552380952382,537.4871428571429,968.5,549,70,21,this.y2,7,class->block->function->block->block_content->return->expr->name->name->operator->name,
2,3,rectangle_java2.jpg,rectangle_java2.jpg,2274234317,132,972.9730303030304,523.880606060606,958.5,512,71,21,this.x2,7,class->block->function->block->block_content->return->expr->name->name->operator->name->operator,
2,3,rectangle_java2.jpg,rectangle_java2.jpg,2274394310,68,1004.1423529411765,527.6982352941177,958.5,512,71,21,this.x2,7,class->block->function->block->block_content->return->expr->name->name->operator->name->operator,
2,3,rectangle_java2.jpg,rectangle_java2.jpg,2274650259,116,843.7531034482759,583.1237931034483,804.5,585,43,21,area,4,class->block->function->name,
2,3,rectangle_java2.jpg,rectangle_java2.jpg,2274734079,80,847.945,569.332,846.5,549,10,21,(,1,class->block->function->parameter_list,
2,3,rectangle_java2.jpg,rectangle_java2.jpg,2274882035,88,937.084090909091,563.329090909091,900.5,549,63,21,return,6,class->block->function->block->block_content->return,
2,3,rectangle_java2.jpg,rectangle_java2.jpg,2275014223,128,941.4371875,581.2771875,910.5,585,62,21,return,6,class->block->function->block->block_content->return,
2,3,rectangle_java2.jpg,rectangle_java2.jpg,2275198197,140,915.3522857142856,582.2554285714285,910.5,585,62,21,return,6,class->block->function->block->block_content->return,
2,3,rectangle_java2.jpg,rectangle_java2.jpg,2275422197,180,1028.399777777778,575.2073333333333,977.5,585,101,21,this.width,10,class->block->function->block->block_content->return->expr->call->name->name->operator->name,
2,3,rectangle_java2.jpg,rectangle_java2.jpg,2275530183,104,1030.806923076923,587.2476923076923,977.5,585,101,21,this.width,10,class->block->function->block->block_content->return->expr->call->name->name->operator->name,
2,3,rectangle_java2.jpg,rectangle_java2.jpg,2275962193,112,1049.5207142857143,557.6657142857143,1045.5,549,13,21,-,1,class->block->function->block->block_content->return->expr->operator,
2,3,rectangle_java2.jpg,rectangle_java2.jpg,2276058190,84,1140.38,575.5095238095238,1140.5,585,110,21,this.height,11,class->block->function->block->block_content->return->expr->call->name->name->operator->name,
2,3,rectangle_java2.jpg,rectangle_java2.jpg,2276206121,68,1145.6917647058824,578.4623529411765,1140.5,585,110,21,this.height,11,class->block->function->block->block_content->return->expr->call->name->name->operator->name,
2,3,rectangle_java2.jpg,rectangle_java2.jpg,2276278094,68,1130.93,565.4917647058824,1064.5,549,71,21,this.y1,7,class->block->function->block->block_content->return->expr->name->name->operator->name,
2,3,rectangle_java2.jpg,rectangle_java2.jpg,2276278094,68,1130.93,565.4917647058824,1142.5,549,10,21,;,1,class->block->function->block->block_content->return,
2,3,rectangle_java2.jpg,rectangle_java2.jpg,2276406069,68,1109.8958823529413,568.6811764705882,1064.5,549,71,21,this.y1,7,class->block->function->block->block_content->return->expr->name->name->operator->name,
2,3,rectangle_java2.jpg,rectangle_java2.jpg,2276466065,56,1111.6171428571429,574.6257142857143,1103.5,585,9,21,),1,class->block->function->block->block_content->return->expr->call->argument_list,
2,3,rectangle_java2.jpg,rectangle_java2.jpg,2276466065,56,1111.6171428571429,574.6257142857143,1122.5,585,12,21,*,1,class->block->function->block->block_content->return->expr->operator,
2,3,rectangle_java2.jpg,rectangle_java2.jpg,2276938129,108,1187.1696296296298,573.8237037037037,1140.5,585,110,21,this.height,11,class->block->function->block->block_content->return->expr->call->name->name->operator->name,
2,3,rectangle_java2.jpg,rectangle_java2.jpg,2277554062,88,986.6836363636364,567.8481818181818,968.5,549,70,21,this.y2,7,class->block->function->block->block_content->return->expr->name->name->operator->name,
2,3,rectangle_java2.jpg,rectangle_java2.jpg,2277842217,208,930.9790384615384,557.7061538461538,900.5,549,63,21,return,6,class->block->function->block->block_content->return,
2,3,rectangle_java2.jpg,rectangle_java2.jpg,2278057879,120,987.3416666666668,593.998,977.5,585,101,21,this.width,10,class->block->function->block->block_content->return->expr->call->name->name->operator->name,
2,3,rectangle_java2.jpg,rectangle_java2.jpg,2278473890,80,1090.969,558.6955,1064.5,549,71,21,this.y1,7,class->block->function->block->block_content->return->expr->name->name->operator->name,
2,3,rectangle_java2.jpg,rectangle_java2.jpg,2278533922,56,1092.9378571428572,569.6078571428571,1064.5,549,71,21,this.y1,7,class->block->function->block->block_content->return->expr->name->name->operator->name,
2,3,rectangle_java2.jpg,rectangle_java2.jpg,2278637974,100,1089.5512,560.26,1064.5,549,71,21,this.y1,7,class->block->function->block->block_content->return->expr->name->name->operator->name,
2,3,rectangle_java2.jpg,rectangle_java2.jpg,2278769975,60,1147.8066666666666,588.0253333333334,1140.5,585,110,21,this.height,11,class->block->function->block->block_content->return->expr->call->name->name->operator->name,
2,3,rectangle_java2.jpg,rectangle_java2.jpg,2279061944,80,898.92,610.745,904.5,621,9,21,(,1,class->block->function->parameter_list,
2,3,rectangle_java2.jpg,rectangle_java2.jpg,2279185916,120,883.9903333333333,611.294,851.5,621,44,21,main,4,class->block->function->name,
2,3,rectangle_java2.jpg,rectangle_java2.jpg,2279293894,104,861.805,605.4357692307692,856.5,585,9,21,(,1,class->block->function->parameter_list,
2,3,rectangle_java2.jpg,rectangle_java2.jpg,2279293894,104,861.805,605.4357692307692,873.5,585,9,21,),1,class->block->function->parameter_list,
2,3,rectangle_java2.jpg,rectangle_java2.jpg,2279433760,136,856.5629411764705,614.3035294117647,851.5,621,44,21,main,4,class->block->function->name,
2,3,rectangle_java2.jpg,rectangle_java2.jpg,2279549679,60,921.1093333333332,610.064,920.5,621,62,21,String,6,class->block->function->parameter_list->parameter->decl->type->name->name,
2,3,rectangle_java2.jpg,rectangle_java2.jpg,2279629671,76,928.8415789473684,610.3942105263158,920.5,621,62,21,String,6,class->block->function->parameter_list->parameter->decl->type->name->name,
2,3,rectangle_java2.jpg,rectangle_java2.jpg,2279733699,100,926.0648,596.2012,910.5,585,62,21,return,6,class->block->function->block->block_content->return,
2,3,rectangle_java2.jpg,rectangle_java2.jpg,2279857701,100,1113.596,591.2388,1122.5,585,12,21,*,1,class->block->function->block->block_content->return->expr->operator,
2,3,rectangle_java2.jpg,rectangle_java2.jpg,2280069762,96,829.99125,638.2445833333334,804.5,621,44,21,void,4,class->block->function->type->name,
2,3,rectangle_java2.jpg,rectangle_java2.jpg,2280133780,60,843.464,646.5373333333333,826.5,658,52,20,rect1,5,class->block->function->block->block_content->decl_stmt->decl->name,
2,3,rectangle_java2.jpg,rectangle_java2.jpg,2280301805,120,928.781,677.775,902.5,658,34,20,new,3,class->block->function->block->block_content->decl_stmt->decl->init->expr->operator,
2,3,rectangle_java2.jpg,rectangle_java2.jpg,2280601771,72,1218.4883333333332,667.14,1211.5,658,9,20,),1,class->block->function->block->block_content->decl_stmt->decl->init->expr->call->argument_list,
2,3,rectangle_java2.jpg,rectangle_java2.jpg,2280821816,64,1218.725625,658.34625,1211.5,658,9,20,),1,class->block->function->block->block_content->decl_stmt->decl->init->expr->call->argument_list,
2,3,rectangle_java2.jpg,rectangle_java2.jpg,2281001699,148,855.8910810810811,775.1113513513513,730.5,766,177,21,System.out.println,18,class->block->function->block->block_content->expr_stmt->expr->call->name->name->operator->name->operator->name,
2,3,rectangle_java2.jpg,rectangle_java2.jpg,2281185541,180,837.3817777777778,754.4715555555556,730.5,766,177,21,System.out.println,18,class->block->function->block->block_content->expr_stmt->expr->call->name->name->operator->name->operator->name,
2,3,rectangle_java2.jpg,rectangle_java2.jpg,2281261577,72,829.9227777777778,745.7611111111112,826.5,731,51,20,rect2,5,class->block->function->block->block_content->decl_stmt->decl->name,
2,3,rectangle_java2.jpg,rectangle_java2.jpg,2281341630,68,915.7429411764706,756.1264705882353,916.5,766,9,21,(,1,class->block->function->block->block_content->expr_stmt->expr->call->argument_list,
2,3,rectangle_java2.jpg,rectangle_java2.jpg,2281429664,84,918.5685714285714,743.8619047619047,902.5,731,34,20,new,3,class->block->function->block->block_content->decl_stmt->decl->init->expr->operator,
2,3,rectangle_java2.jpg,rectangle_java2.jpg,2287805155,84,835.4385714285714,756.062380952381,730.5,766,177,21,System.out.println,18,class->block->function->block->block_content->expr_stmt->expr->call->name->name->operator->name->operator->name,
2,3,rectangle_java2.jpg,rectangle_java2.jpg,2287873158,64,832.178125,742.270625,826.5,731,51,20,rect2,5,class->block->function->block->block_content->decl_stmt->decl->name,
2,3,rectangle_java2.jpg,rectangle_java2.jpg,2288109127,104,811.0880769230769,734.1184615384616,730.5,731,91,20,Rectangle,9,class->block->function->block->block_content->decl_stmt->decl->type->name,
2,3,rectangle_java2.jpg,rectangle_java2.jpg,2288185132,72,809.9266666666666,745.42,730.5,731,91,20,Rectangle,9,class->block->function->block->block_content->decl_stmt->decl->type->name,
2,3,rectangle_java2.jpg,rectangle_java2.jpg,2288253134,64,811.83875,731.961875,730.5,731,91,20,Rectangle,9,class->block->function->block->block_content->decl_stmt->decl->type->name,
2,3,rectangle_java2.jpg,rectangle_java2.jpg,2288433117,60,984.862,746.0293333333333,941.5,731,91,20,Rectangle,9,class->block->function->block->block_content->decl_stmt->decl->init->expr->call->name,
