trial,participant,code_file,code_language,timestamp,duration,x_cord,y_cord,aoi_x,aoi_y,aoi_width,aoi_height,token,length,srcML,
2,40,rectangle_java2.jpg,rectangle_java2.jpg,25288799160,76,715.5589473684211,217.4573684210526,715.5,222,90,21,Rectangle,9,class->name,
2,40,rectangle_java2.jpg,rectangle_java2.jpg,25288867071,64,717.59,236.244375,715.5,222,90,21,Rectangle,9,class->name,
2,40,rectangle_java2.jpg,rectangle_java2.jpg,25289307130,80,691.359,223.699,657.5,222,52,21,class,5,class,
2,40,rectangle_java2.jpg,rectangle_java2.jpg,25289435052,64,744.6625,229.22562500000004,715.5,222,90,21,Rectangle,9,class->name,
2,40,rectangle_java2.jpg,rectangle_java2.jpg,25289695021,136,786.5688235294118,235.22617647058823,715.5,222,90,21,Rectangle,9,class->name,
2,40,rectangle_java2.jpg,rectangle_java2.jpg,25290043174,60,733.1466666666666,228.39066666666668,715.5,222,90,21,Rectangle,9,class->name,
2,40,rectangle_java2.jpg,rectangle_java2.jpg,25290119159,72,737.0266666666666,226.30444444444447,715.5,222,90,21,Rectangle,9,class->name,
2,40,rectangle_java2.jpg,rectangle_java2.jpg,25290339157,72,597.4661111111111,242.03277777777777,589.5,222,63,21,public,6,class->specifier,
2,40,rectangle_java2.jpg,rectangle_java2.jpg,25290419164,76,604.5600000000001,225.40736842105264,589.5,222,63,21,public,6,class->specifier,
2,40,rectangle_java2.jpg,rectangle_java2.jpg,25290587085,112,696.5503571428571,240.86142857142855,657.5,222,52,21,class,5,class,
2,40,rectangle_java2.jpg,rectangle_java2.jpg,25290874990,96,837.91875,254.38583333333327,833.5,259,23,21,y1,2,class->block->decl_stmt->decl->name,
2,40,rectangle_java2.jpg,rectangle_java2.jpg,25291283005,168,925.985,258.46666666666664,929.5,259,23,21,y2,2,class->block->decl_stmt->decl->name,
2,40,rectangle_java2.jpg,rectangle_java2.jpg,25291355004,68,927.2676470588236,271.48117647058825,929.5,259,23,21,y2,2,class->block->decl_stmt->decl->name,
2,40,rectangle_java2.jpg,rectangle_java2.jpg,25291447002,88,961.8077272727272,263.7286363636364,959.5,259,10,21,;,1,class->block->decl_stmt,
2,40,rectangle_java2.jpg,rectangle_java2.jpg,25291526995,76,967.3305263157896,271.2410526315789,959.5,259,10,21,;,1,class->block->decl_stmt,
2,40,rectangle_java2.jpg,rectangle_java2.jpg,25292134721,88,682.5995454545455,294.56772727272727,669.5,295,63,21,public,6,class->block->constructor->specifier,
2,40,rectangle_java2.jpg,rectangle_java2.jpg,25292230796,92,688.0826086956522,301.9134782608696,669.5,295,63,21,public,6,class->block->constructor->specifier,
2,40,rectangle_java2.jpg,rectangle_java2.jpg,25292334861,100,715.618,291.6564,669.5,295,63,21,public,6,class->block->constructor->specifier,
2,40,rectangle_java2.jpg,rectangle_java2.jpg,25292546948,208,719.1086538461539,294.6017307692308,669.5,295,63,21,public,6,class->block->constructor->specifier,
2,40,rectangle_java2.jpg,rectangle_java2.jpg,25292666975,68,747.0964705882353,299.0358823529412,737.5,295,91,21,Rectangle,9,class->block->constructor->name,
2,40,rectangle_java2.jpg,rectangle_java2.jpg,25292754930,84,750.2980952380952,300.6566666666667,737.5,295,91,21,Rectangle,9,class->block->constructor->name,
2,40,rectangle_java2.jpg,rectangle_java2.jpg,25292986871,228,780.1091228070176,295.8926315789474,737.5,295,91,21,Rectangle,9,class->block->constructor->name,
2,40,rectangle_java2.jpg,rectangle_java2.jpg,25293050870,60,777.5926666666667,308.9066666666667,737.5,295,91,21,Rectangle,9,class->block->constructor->name,
2,40,rectangle_java2.jpg,rectangle_java2.jpg,25293134880,60,745.202,348.36,730.5,331,71,19,this.x1,7,class->block->constructor->block->block_content->expr_stmt->expr->name->name->operator->name,
2,40,rectangle_java2.jpg,rectangle_java2.jpg,25293630567,152,773.8076315789474,346.0752631578947,730.5,331,71,19,this.x1,7,class->block->constructor->block->block_content->expr_stmt->expr->name->name->operator->name,
2,40,rectangle_java2.jpg,rectangle_java2.jpg,25297526511,132,748.0360606060606,460.5566666666666,730.5,440,71,21,this.y2,7,class->block->constructor->block->block_content->expr_stmt->expr->name->name->operator->name,
2,40,rectangle_java2.jpg,rectangle_java2.jpg,25298678418,72,885.5416666666666,250.81833333333333,881.5,259,23,21,x2,2,class->block->decl_stmt->decl->name,
2,40,rectangle_java2.jpg,rectangle_java2.jpg,25301138137,84,752.967619047619,550.2966666666666,737.5,549,33,21,int,3,class->block->function->type->name,
2,40,rectangle_java2.jpg,rectangle_java2.jpg,25301278169,72,709.1477777777777,530.8194444444445,669.5,512,63,21,public,6,class->block->function->type->specifier,
2,40,rectangle_java2.jpg,rectangle_java2.jpg,25301462191,64,920.410625,521.173125,891.5,512,62,21,return,6,class->block->function->block->block_content->return->expr->name->name,
2,40,rectangle_java2.jpg,rectangle_java2.jpg,25301610118,144,922.1744444444444,516.6961111111111,891.5,512,62,21,return,6,class->block->function->block->block_content->return->expr->name->name,
2,40,rectangle_java2.jpg,rectangle_java2.jpg,25301970036,332,1030.9701204819278,515.9803614457832,1035.5,512,13,21,-,1,class->block->function->block->block_content->return->expr->name->name,
2,40,rectangle_java2.jpg,rectangle_java2.jpg,25302034043,60,1027.3513333333333,521.3566666666667,958.5,512,71,21,this.x2,7,class->block->function->block->block_content->return->expr->name->name->operator->name->operator,
2,40,rectangle_java2.jpg,rectangle_java2.jpg,25302034043,60,1027.3513333333333,521.3566666666667,1035.5,512,13,21,-,1,class->block->function->block->block_content->return->expr->name->name,
2,40,rectangle_java2.jpg,rectangle_java2.jpg,25302894016,108,815.4111111111112,213.32666666666665,813.5,222,10,21,{,1,class->block,
2,40,rectangle_java2.jpg,rectangle_java2.jpg,25303101840,204,810.6111764705882,214.5123529411765,813.5,222,10,21,{,1,class->block,
2,40,rectangle_java2.jpg,rectangle_java2.jpg,25303469944,56,752.8764285714286,212.825,715.5,222,90,21,Rectangle,9,class->name,
2,40,rectangle_java2.jpg,rectangle_java2.jpg,25304589917,128,742.075625,460.0174999999999,730.5,440,71,21,this.y2,7,class->block->constructor->block->block_content->expr_stmt->expr->name->name->operator->name,
2,40,rectangle_java2.jpg,rectangle_java2.jpg,25305209959,100,1045.37,513.4268,1035.5,512,13,21,-,1,class->block->function->block->block_content->return->expr->name->name,
2,40,rectangle_java2.jpg,rectangle_java2.jpg,25305209959,100,1045.37,513.4268,1054.5,512,71,21,this.x1,7,class->block->function->block->block_content->return->expr->name->name->operator->name,
2,40,rectangle_java2.jpg,rectangle_java2.jpg,25305361922,104,1132.523846153846,513.8473076923077,1132.5,512,10,21,;,1,class->block->function->block,
2,40,rectangle_java2.jpg,rectangle_java2.jpg,25305485827,120,1141.922,503.491,1132.5,512,10,21,;,1,class->block->function->block,
2,40,rectangle_java2.jpg,rectangle_java2.jpg,25305485827,120,1141.922,503.491,1152.5,512,10,21,},1,class->block,
2,40,rectangle_java2.jpg,rectangle_java2.jpg,25305809804,124,702.1567741935484,505.16516129032266,669.5,512,63,21,public,6,class->block->function->type->specifier,
2,40,rectangle_java2.jpg,rectangle_java2.jpg,25306509639,96,814.3354166666667,210.18875000000003,813.5,222,10,21,{,1,class->block,
2,40,rectangle_java2.jpg,rectangle_java2.jpg,25307005746,76,1115.9473684210527,572.8652631578948,1122.5,585,12,21,*,1,class->block->function->block->block_content->return->expr->operator,
2,40,rectangle_java2.jpg,rectangle_java2.jpg,25307545665,64,699.835625,561.363125,669.5,549,63,21,public,6,class->block->function->type->specifier,
2,40,rectangle_java2.jpg,rectangle_java2.jpg,25307621614,72,693.22,549.2427777777777,669.5,549,63,21,public,6,class->block->function->type->specifier,
2,40,rectangle_java2.jpg,rectangle_java2.jpg,25307849424,76,768.011052631579,556.5936842105264,737.5,549,33,21,int,3,class->block->function->type->name,
2,40,rectangle_java2.jpg,rectangle_java2.jpg,25307849424,76,768.011052631579,556.5936842105264,775.5,549,62,21,height,6,class->block->function->name,
2,40,rectangle_java2.jpg,rectangle_java2.jpg,25308005777,92,703.1195652173913,526.341304347826,669.5,512,63,21,public,6,class->block->function->type->specifier,
2,40,rectangle_java2.jpg,rectangle_java2.jpg,25308273785,60,960.5226666666666,521.6933333333334,958.5,512,71,21,this.x2,7,class->block->function->block->block_content->return->expr->name->name->operator->name->operator,
2,40,rectangle_java2.jpg,rectangle_java2.jpg,25308837454,132,925.609393939394,545.66,900.5,549,63,21,return,6,class->block->function->block->block_content->return,
2,40,rectangle_java2.jpg,rectangle_java2.jpg,25309117560,64,1004.348125,547.145625,968.5,549,70,21,this.y2,7,class->block->function->block->block_content->return->expr->name->name->operator->name,
2,40,rectangle_java2.jpg,rectangle_java2.jpg,25309217549,96,1011.1566666666666,539.2141666666666,968.5,549,70,21,this.y2,7,class->block->function->block->block_content->return->expr->name->name->operator->name,
2,40,rectangle_java2.jpg,rectangle_java2.jpg,25309305433,84,1006.7085714285714,538.45,968.5,549,70,21,this.y2,7,class->block->function->block->block_content->return->expr->name->name->operator->name,
2,40,rectangle_java2.jpg,rectangle_java2.jpg,25309501282,64,1065.77125,530.4225,1054.5,512,71,21,this.x1,7,class->block->function->block->block_content->return->expr->name->name->operator->name,
2,40,rectangle_java2.jpg,rectangle_java2.jpg,25309605362,100,1067.22,515.274,1054.5,512,71,21,this.x1,7,class->block->function->block->block_content->return->expr->name->name->operator->name,
2,40,rectangle_java2.jpg,rectangle_java2.jpg,25309677419,68,1058.5594117647058,540.7305882352941,1064.5,549,71,21,this.y1,7,class->block->function->block->block_content->return->expr->name->name->operator->name,
2,40,rectangle_java2.jpg,rectangle_java2.jpg,25309753427,72,1065.5583333333334,545.7761111111112,1064.5,549,71,21,this.y1,7,class->block->function->block->block_content->return->expr->name->name->operator->name,
2,40,rectangle_java2.jpg,rectangle_java2.jpg,25310093672,72,1140.945,539.6155555555556,1142.5,549,10,21,;,1,class->block->function->block->block_content->return,
2,40,rectangle_java2.jpg,rectangle_java2.jpg,25310185536,88,1149.9540909090908,550.1354545454545,1142.5,549,10,21,;,1,class->block->function->block->block_content->return,
2,40,rectangle_java2.jpg,rectangle_java2.jpg,25310185536,88,1149.9540909090908,550.1354545454545,1161.5,549,10,21,},1,class->block->function->block,
2,40,rectangle_java2.jpg,rectangle_java2.jpg,25310385393,132,1057.9469696969695,542.5636363636364,1045.5,549,13,21,-,1,class->block->function->block->block_content->return->expr->operator,
2,40,rectangle_java2.jpg,rectangle_java2.jpg,25310385393,132,1057.9469696969695,542.5636363636364,1064.5,549,71,21,this.y1,7,class->block->function->block->block_content->return->expr->name->name->operator->name,
2,40,rectangle_java2.jpg,rectangle_java2.jpg,25310457388,68,1066.1064705882352,538.6441176470588,1064.5,549,71,21,this.y1,7,class->block->function->block->block_content->return->expr->name->name->operator->name,
2,40,rectangle_java2.jpg,rectangle_java2.jpg,25311093282,104,1167.7715384615385,567.6807692307692,1161.5,549,10,21,},1,class->block->function->block,
2,40,rectangle_java2.jpg,rectangle_java2.jpg,25311225283,96,1157.2,590.1183333333333,1140.5,585,110,21,this.height,11,class->block->function->block->block_content->return->expr->call->name->name->operator->name,
2,40,rectangle_java2.jpg,rectangle_java2.jpg,25312805140,64,1146.35,542.975,1142.5,549,10,21,;,1,class->block->function->block->block_content->return,
2,40,rectangle_java2.jpg,rectangle_java2.jpg,25312985158,176,1143.5429545454544,554.6111363636363,1142.5,549,10,21,;,1,class->block->function->block->block_content->return,
2,40,rectangle_java2.jpg,rectangle_java2.jpg,25313205146,68,938.800588235294,520.3376470588236,891.5,512,62,21,return,6,class->block->function->block->block_content->return->expr->name->name,
2,40,rectangle_java2.jpg,rectangle_java2.jpg,25313301141,64,914.65125,526.328125,891.5,512,62,21,return,6,class->block->function->block->block_content->return->expr->name->name,
2,40,rectangle_java2.jpg,rectangle_java2.jpg,25313385147,80,917.284,543.2635,900.5,549,63,21,return,6,class->block->function->block->block_content->return,
2,40,rectangle_java2.jpg,rectangle_java2.jpg,25313577137,56,1052.9471428571428,545.6328571428571,1045.5,549,13,21,-,1,class->block->function->block->block_content->return->expr->operator,
2,40,rectangle_java2.jpg,rectangle_java2.jpg,25313577137,56,1052.9471428571428,545.6328571428571,1064.5,549,71,21,this.y1,7,class->block->function->block->block_content->return->expr->name->name->operator->name,
2,40,rectangle_java2.jpg,rectangle_java2.jpg,25313649124,68,1050.265294117647,547.1658823529411,1045.5,549,13,21,-,1,class->block->function->block->block_content->return->expr->operator,
2,40,rectangle_java2.jpg,rectangle_java2.jpg,25313789172,80,1164.525,551.6375,1161.5,549,10,21,},1,class->block->function->block,
2,40,rectangle_java2.jpg,rectangle_java2.jpg,25313941087,148,1166.3945945945943,556.9237837837837,1161.5,549,10,21,},1,class->block->function->block,
2,40,rectangle_java2.jpg,rectangle_java2.jpg,25314156890,212,1149.0249056603773,547.1588679245283,1142.5,549,10,21,;,1,class->block->function->block->block_content->return,
2,40,rectangle_java2.jpg,rectangle_java2.jpg,25314156890,212,1149.0249056603773,547.1588679245283,1161.5,549,10,21,},1,class->block->function->block,
2,40,rectangle_java2.jpg,rectangle_java2.jpg,25314797002,144,989.885,530.8075,958.5,512,71,21,this.x2,7,class->block->function->block->block_content->return->expr->name->name->operator->name->operator,
2,40,rectangle_java2.jpg,rectangle_java2.jpg,25315089004,128,1040.4325,537.4603125,1045.5,549,13,21,-,1,class->block->function->block->block_content->return->expr->operator,
2,40,rectangle_java2.jpg,rectangle_java2.jpg,25317456699,60,942.632,563.9133333333333,900.5,549,63,21,return,6,class->block->function->block->block_content->return,
2,40,rectangle_java2.jpg,rectangle_java2.jpg,25317536730,76,941.192105263158,558.39,900.5,549,63,21,return,6,class->block->function->block->block_content->return,
2,40,rectangle_java2.jpg,rectangle_java2.jpg,25317716754,56,678.0321428571428,574.2985714285714,669.5,585,63,21,public,6,class->block->function->type->specifier,
2,40,rectangle_java2.jpg,rectangle_java2.jpg,25317812748,92,680.2465217391305,577.1769565217392,669.5,585,63,21,public,6,class->block->function->type->specifier,
2,40,rectangle_java2.jpg,rectangle_java2.jpg,25317928747,80,672.3165,630.1335,669.5,621,63,21,public,6,class->block->function->type->specifier,
2,40,rectangle_java2.jpg,rectangle_java2.jpg,25318328735,92,785.7865217391304,559.2526086956522,775.5,549,62,21,height,6,class->block->function->name,
2,40,rectangle_java2.jpg,rectangle_java2.jpg,25318644669,140,745.0134285714286,450.5337142857143,730.5,440,71,21,this.y2,7,class->block->constructor->block->block_content->expr_stmt->expr->name->name->operator->name,
2,40,rectangle_java2.jpg,rectangle_java2.jpg,25318924168,64,822.788125,566.501875,775.5,549,62,21,height,6,class->block->function->name,
2,40,rectangle_java2.jpg,rectangle_java2.jpg,25319012144,84,826.7319047619047,589.2385714285714,804.5,585,43,21,area,4,class->block->function->name,
2,40,rectangle_java2.jpg,rectangle_java2.jpg,25319076275,60,815.7206666666667,587.2173333333333,804.5,585,43,21,area,4,class->block->function->name,
2,40,rectangle_java2.jpg,rectangle_java2.jpg,25319244712,84,963.672380952381,581.0238095238095,910.5,585,62,21,return,6,class->block->function->block->block_content->return,
2,40,rectangle_java2.jpg,rectangle_java2.jpg,25319316873,68,966.410588235294,576.3588235294118,910.5,585,62,21,return,6,class->block->function->block->block_content->return,
2,40,rectangle_java2.jpg,rectangle_java2.jpg,25319316873,68,966.410588235294,576.3588235294118,977.5,585,101,21,this.width,10,class->block->function->block->block_content->return->expr->call->name->name->operator->name,
2,40,rectangle_java2.jpg,rectangle_java2.jpg,25319508844,56,1035.5107142857144,579.2428571428571,977.5,585,101,21,this.width,10,class->block->function->block->block_content->return->expr->call->name->name->operator->name,
2,40,rectangle_java2.jpg,rectangle_java2.jpg,25319584731,72,1032.671111111111,587.6127777777778,977.5,585,101,21,this.width,10,class->block->function->block->block_content->return->expr->call->name->name->operator->name,
2,40,rectangle_java2.jpg,rectangle_java2.jpg,25319912564,116,738.8455172413793,573.711724137931,737.5,585,62,21,double,6,class->block->function->type->name,
2,40,rectangle_java2.jpg,rectangle_java2.jpg,25319976561,60,748.9586666666667,582.3953333333334,737.5,585,62,21,double,6,class->block->function->type->name,
2,40,rectangle_java2.jpg,rectangle_java2.jpg,25320136572,72,799.8438888888888,585.4094444444445,804.5,585,43,21,area,4,class->block->function->name,
2,40,rectangle_java2.jpg,rectangle_java2.jpg,25320448359,120,724.2596666666667,620.601,669.5,621,63,21,public,6,class->block->function->type->specifier,
2,40,rectangle_java2.jpg,rectangle_java2.jpg,25320540395,88,728.800909090909,614.0963636363637,669.5,621,63,21,public,6,class->block->function->type->specifier,
2,40,rectangle_java2.jpg,rectangle_java2.jpg,25320540395,88,728.800909090909,614.0963636363637,738.5,621,61,21,static,6,class->block->function->type->specifier,
2,40,rectangle_java2.jpg,rectangle_java2.jpg,25320752488,56,795.1821428571428,615.9035714285715,738.5,621,61,21,static,6,class->block->function->type->specifier,
2,40,rectangle_java2.jpg,rectangle_java2.jpg,25320752488,56,795.1821428571428,615.9035714285715,804.5,621,44,21,void,4,class->block->function->type->name,
2,40,rectangle_java2.jpg,rectangle_java2.jpg,25321532446,56,1091.4642857142858,625.3671428571429,1094.5,621,10,21,{,1,class->block->function->block,
2,40,rectangle_java2.jpg,rectangle_java2.jpg,25321692485,80,1088.4365,624.913,1094.5,621,10,21,{,1,class->block->function->block,
2,40,rectangle_java2.jpg,rectangle_java2.jpg,25322364290,56,1166.25,661.26,1163.5,658,10,20,"""","""",1,class->block->function->block->block_content->decl_stmt->decl->init->expr->call->argument_list
2,40,rectangle_java2.jpg,rectangle_java2.jpg,25322892406,60,1086.4093333333333,640.286,1094.5,621,10,21,{,1,class->block->function->block,
2,40,rectangle_java2.jpg,rectangle_java2.jpg,25322964390,68,1086.5494117647058,666.2064705882353,1095.5,658,13,20,0,1,class->block->function->block->block_content->decl_stmt->decl->init->expr->call->argument_list->argument->expr->literal,
2,40,rectangle_java2.jpg,rectangle_java2.jpg,25323668172,56,1100.9278571428572,651.0192857142857,1095.5,658,13,20,0,1,class->block->function->block->block_content->decl_stmt->decl->init->expr->call->argument_list->argument->expr->literal,
2,40,rectangle_java2.jpg,rectangle_java2.jpg,25323872207,72,1102.4427777777778,667.6172222222223,1095.5,658,13,20,0,1,class->block->function->block->block_content->decl_stmt->decl->init->expr->call->argument_list->argument->expr->literal,
2,40,rectangle_java2.jpg,rectangle_java2.jpg,25324240216,96,723.9079166666667,697.4170833333334,730.5,694,177,21,System.out.println,18,class->block->function->block->block_content->expr_stmt->expr->call->name->name->operator->name->operator->name,
2,40,rectangle_java2.jpg,rectangle_java2.jpg,25324340211,96,724.0045833333334,707.8266666666667,730.5,694,177,21,System.out.println,18,class->block->function->block->block_content->expr_stmt->expr->call->name->name->operator->name->operator->name,
2,40,rectangle_java2.jpg,rectangle_java2.jpg,25324456197,100,792.0624,697.7352,730.5,694,177,21,System.out.println,18,class->block->function->block->block_content->expr_stmt->expr->call->name->name->operator->name->operator->name,
2,40,rectangle_java2.jpg,rectangle_java2.jpg,25324520210,60,789.926,699.8426666666667,730.5,694,177,21,System.out.println,18,class->block->function->block->block_content->expr_stmt->expr->call->name->name->operator->name->operator->name,
2,40,rectangle_java2.jpg,rectangle_java2.jpg,25324648277,124,786.425806451613,703.7270967741936,730.5,694,177,21,System.out.println,18,class->block->function->block->block_content->expr_stmt->expr->call->name->name->operator->name->operator->name,
2,40,rectangle_java2.jpg,rectangle_java2.jpg,25325248015,84,740.607619047619,676.6690476190475,730.5,658,91,20,Rectangle,9,class->block->function->block->block_content->decl_stmt->decl->type->name,
2,40,rectangle_java2.jpg,rectangle_java2.jpg,25325448039,76,735.5336842105263,682.9336842105263,730.5,694,177,21,System.out.println,18,class->block->function->block->block_content->expr_stmt->expr->call->name->name->operator->name->operator->name,
2,40,rectangle_java2.jpg,rectangle_java2.jpg,25325944085,60,962.7906666666668,677.398,941.5,658,91,20,Rectangle,9,class->block->function->block->block_content->decl_stmt->decl->init->expr->call->name,
2,40,rectangle_java2.jpg,rectangle_java2.jpg,25326332098,144,1007.4891666666666,685.19,932.5,694,100,21,rect1.area,10,class->block->function->block->block_content->expr_stmt->expr->call->argument_list->argument->expr->call->name->name->operator->name,
2,40,rectangle_java2.jpg,rectangle_java2.jpg,25327375912,56,730.1485714285715,507.1214285714286,669.5,512,63,21,public,6,class->block->function->type->specifier,
2,40,rectangle_java2.jpg,rectangle_java2.jpg,25327375912,56,730.1485714285715,507.1214285714286,737.5,512,33,21,int,3,class->block->function->type->name,
2,40,rectangle_java2.jpg,rectangle_java2.jpg,25327447829,68,736.4294117647058,526.1676470588235,737.5,512,33,21,int,3,class->block->function->type->name,
2,40,rectangle_java2.jpg,rectangle_java2.jpg,25327527748,76,731.1368421052632,519.2736842105263,669.5,512,63,21,public,6,class->block->function->type->specifier,
2,40,rectangle_java2.jpg,rectangle_java2.jpg,25327527748,76,731.1368421052632,519.2736842105263,737.5,512,33,21,int,3,class->block->function->type->name,
2,40,rectangle_java2.jpg,rectangle_java2.jpg,25327815894,72,1134.2227777777778,523.1833333333334,1132.5,512,10,21,;,1,class->block->function->block,
2,40,rectangle_java2.jpg,rectangle_java2.jpg,25328923817,60,1100.0406666666663,683.2906666666667,1096.5,694,10,21,;,1,class->block->function->block->block_content->expr_stmt,
2,40,rectangle_java2.jpg,rectangle_java2.jpg,25329007845,80,1093.004,692.282,1096.5,694,10,21,;,1,class->block->function->block->block_content->expr_stmt,
2,40,rectangle_java2.jpg,rectangle_java2.jpg,25329463875,64,920.25125,757.000625,916.5,766,9,21,(,1,class->block->function->block->block_content->expr_stmt->expr->call->argument_list,
2,40,rectangle_java2.jpg,rectangle_java2.jpg,25329463875,64,920.25125,757.000625,932.5,766,100,21,rect2.area,10,class->block->function->block->block_content->expr_stmt->expr->call->argument_list->argument->expr->call->name->name->operator->name,
2,40,rectangle_java2.jpg,rectangle_java2.jpg,25329631962,140,929.9894285714286,696.1854285714286,932.5,694,100,21,rect1.area,10,class->block->function->block->block_content->expr_stmt->expr->call->argument_list->argument->expr->call->name->name->operator->name,
2,40,rectangle_java2.jpg,rectangle_java2.jpg,25329943648,96,766.4825,730.5604166666667,730.5,731,91,20,Rectangle,9,class->block->function->block->block_content->decl_stmt->decl->type->name,
2,40,rectangle_java2.jpg,rectangle_java2.jpg,25330367608,68,814.344705882353,741.7770588235294,730.5,731,91,20,Rectangle,9,class->block->function->block->block_content->decl_stmt->decl->type->name,
2,40,rectangle_java2.jpg,rectangle_java2.jpg,25330367608,68,814.344705882353,741.7770588235294,826.5,731,51,20,rect2,5,class->block->function->block->block_content->decl_stmt->decl->name,
2,40,rectangle_java2.jpg,rectangle_java2.jpg,25330615689,244,812.3722950819672,746.8980327868852,730.5,731,91,20,Rectangle,9,class->block->function->block->block_content->decl_stmt->decl->type->name,
2,40,rectangle_java2.jpg,rectangle_java2.jpg,25330763699,96,890.6041666666666,738.3945833333333,883.5,731,15,20,=,1,class->block->function->block->block_content->decl_stmt->decl->init,
2,40,rectangle_java2.jpg,rectangle_java2.jpg,25330763699,96,890.6041666666666,738.3945833333333,902.5,731,34,20,new,3,class->block->function->block->block_content->decl_stmt->decl->init->expr->operator,
2,40,rectangle_java2.jpg,rectangle_java2.jpg,25330983680,176,979.7145454545456,749.5418181818181,941.5,731,91,20,Rectangle,9,class->block->function->block->block_content->decl_stmt->decl->init->expr->call->name,
2,40,rectangle_java2.jpg,rectangle_java2.jpg,25331059708,56,1080.057857142857,743.995,1077.5,731,9,20,"""","""",1,class->block->function->block->block_content->decl_stmt->decl->init->expr->call->argument_list
2,40,rectangle_java2.jpg,rectangle_java2.jpg,25331231822,168,1085.6669047619048,750.2783333333333,1077.5,731,9,20,"""","""",1,class->block->function->block->block_content->decl_stmt->decl->init->expr->call->argument_list
2,40,rectangle_java2.jpg,rectangle_java2.jpg,25331231822,168,1085.6669047619048,750.2783333333333,1095.5,731,13,20,5,1,class->block->function->block->block_content->decl_stmt->decl->init->expr->call->argument_list->argument->expr->literal,
2,40,rectangle_java2.jpg,rectangle_java2.jpg,25331975523,64,1125.219375,737.975625,1115.5,731,10,20,"""","""",1,class->block->function->block->block_content->decl_stmt->decl->init->expr->call->argument_list
2,40,rectangle_java2.jpg,rectangle_java2.jpg,25331975523,64,1125.219375,737.975625,1134.5,731,22,20,10,2,class->block->function->block->block_content->decl_stmt->decl->init->expr->call->argument_list->argument->expr->literal,
2,40,rectangle_java2.jpg,rectangle_java2.jpg,25332367551,56,1175.7907142857143,662.4871428571429,1182.5,658,22,20,10,2,class->block->function->block->block_content->decl_stmt->decl->init->expr->call->argument_list->argument->expr->literal,
2,40,rectangle_java2.jpg,rectangle_java2.jpg,25332495576,124,1184.9132258064517,661.5635483870967,1182.5,658,22,20,10,2,class->block->function->block->block_content->decl_stmt->decl->init->expr->call->argument_list->argument->expr->literal,
2,40,rectangle_java2.jpg,rectangle_java2.jpg,25332643534,96,1189.2925,671.6641666666667,1182.5,658,22,20,10,2,class->block->function->block->block_content->decl_stmt->decl->init->expr->call->argument_list->argument->expr->literal,
2,40,rectangle_java2.jpg,rectangle_java2.jpg,25332755396,80,1181.6335,731.093,1182.5,731,22,20,10,2,class->block->function->block->block_content->decl_stmt->decl->init->expr->call->argument_list->argument->expr->literal,
2,40,rectangle_java2.jpg,rectangle_java2.jpg,25332871214,112,1183.474642857143,731.7489285714286,1182.5,731,22,20,10,2,class->block->function->block->block_content->decl_stmt->decl->init->expr->call->argument_list->argument->expr->literal,
2,40,rectangle_java2.jpg,rectangle_java2.jpg,25333011322,104,1009.625,782.0684615384615,932.5,766,100,21,rect2.area,10,class->block->function->block->block_content->expr_stmt->expr->call->argument_list->argument->expr->call->name->name->operator->name,
2,40,rectangle_java2.jpg,rectangle_java2.jpg,25333707409,132,950.460606060606,779.310909090909,932.5,766,100,21,rect2.area,10,class->block->function->block->block_content->expr_stmt->expr->call->argument_list->argument->expr->call->name->name->operator->name,
2,40,rectangle_java2.jpg,rectangle_java2.jpg,25334111096,76,1021.6442105263158,740.0926315789474,941.5,731,91,20,Rectangle,9,class->block->function->block->block_content->decl_stmt->decl->init->expr->call->name,
2,40,rectangle_java2.jpg,rectangle_java2.jpg,25334343303,72,1065.112777777778,580.4833333333333,977.5,585,101,21,this.width,10,class->block->function->block->block_content->return->expr->call->name->name->operator->name,
2,40,rectangle_java2.jpg,rectangle_java2.jpg,25334591168,60,896.0913333333333,563.7526666666666,900.5,549,63,21,return,6,class->block->function->block->block_content->return,
2,40,rectangle_java2.jpg,rectangle_java2.jpg,25334719231,96,904.9329166666666,526.2466666666667,891.5,512,62,21,return,6,class->block->function->block->block_content->return->expr->name->name,
2,40,rectangle_java2.jpg,rectangle_java2.jpg,25336763149,64,821.170625,417.788125,806.5,404,15,19,=,1,class->block->constructor->block->block_content->expr_stmt->expr->operator,
2,40,rectangle_java2.jpg,rectangle_java2.jpg,25336763149,64,821.170625,417.788125,826.5,404,23,19,x2,2,class->block->constructor->block->block_content->expr_stmt->expr->name->name,
2,40,rectangle_java2.jpg,rectangle_java2.jpg,25336839133,72,817.2783333333333,409.6272222222222,806.5,404,15,19,=,1,class->block->constructor->block->block_content->expr_stmt->expr->operator,
2,40,rectangle_java2.jpg,rectangle_java2.jpg,25336839133,72,817.2783333333333,409.6272222222222,826.5,404,23,19,x2,2,class->block->constructor->block->block_content->expr_stmt->expr->name->name,
2,40,rectangle_java2.jpg,rectangle_java2.jpg,25336959120,116,817.6565517241379,436.4113793103448,806.5,440,15,21,=,1,class->block->constructor->block->block_content->expr_stmt->expr->operator,
2,40,rectangle_java2.jpg,rectangle_java2.jpg,25336959120,116,817.6565517241379,436.4113793103448,826.5,440,23,21,y2,2,class->block->constructor->block->block_content->expr_stmt->expr->name->name,
