trial,participant,code_file,code_language,timestamp,duration,x_cord,y_cord,aoi_x,aoi_y,aoi_width,aoi_height,token,length,srcML,
2,42,rectangle_java2.jpg,rectangle_java2.jpg,439689257,84,759.0290476190476,211.0252380952381,715.5,222,90,21,Rectangle,9,class->name,
2,42,rectangle_java2.jpg,rectangle_java2.jpg,441021105,60,852.218,279.236,833.5,259,23,21,y1,2,class->block->decl_stmt->decl->name,
2,42,rectangle_java2.jpg,rectangle_java2.jpg,441021105,60,852.218,279.236,863.5,259,10,21,"""","""",1,class->block->decl_stmt
2,42,rectangle_java2.jpg,rectangle_java2.jpg,441940992,64,835.73375,302.943125,837.5,295,9,21,(,1,class->block->constructor->parameter_list,
2,42,rectangle_java2.jpg,rectangle_java2.jpg,442052993,76,837.6552631578948,310.1615789473684,837.5,295,9,21,(,1,class->block->constructor->parameter_list,
2,42,rectangle_java2.jpg,rectangle_java2.jpg,442244724,60,923.5973333333334,305.796,921.5,295,9,21,"""","""",1,class->block->constructor->parameter_list
2,42,rectangle_java2.jpg,rectangle_java2.jpg,442580943,72,810.6216666666667,381.1277777777778,806.5,367,15,21,=,1,class->block->constructor->block->block_content->expr_stmt->expr->operator,
2,42,rectangle_java2.jpg,rectangle_java2.jpg,442644980,60,807.3666666666667,372.2153333333333,806.5,367,15,21,=,1,class->block->constructor->block->block_content->expr_stmt->expr->operator,
2,42,rectangle_java2.jpg,rectangle_java2.jpg,443285011,92,806.3865217391304,420.32608695652175,806.5,404,15,19,=,1,class->block->constructor->block->block_content->expr_stmt->expr->operator,
2,42,rectangle_java2.jpg,rectangle_java2.jpg,443392976,104,803.7169230769231,428.2207692307693,806.5,440,15,21,=,1,class->block->constructor->block->block_content->expr_stmt->expr->operator,
2,42,rectangle_java2.jpg,rectangle_java2.jpg,443720844,80,778.044,538.9685000000001,775.5,549,62,21,height,6,class->block->function->name,
2,42,rectangle_java2.jpg,rectangle_java2.jpg,443964807,72,883.8083333333333,565.6605555555556,883.5,549,10,21,{,1,class->block->function->block,
2,42,rectangle_java2.jpg,rectangle_java2.jpg,444072839,104,875.5292307692308,583.7984615384615,873.5,585,9,21,),1,class->block->function->parameter_list,
2,42,rectangle_java2.jpg,rectangle_java2.jpg,444308826,68,933.1888235294116,590.9,910.5,585,62,21,return,6,class->block->function->block->block_content->return,
2,42,rectangle_java2.jpg,rectangle_java2.jpg,444440851,92,942.4430434782608,612.9760869565217,920.5,621,62,21,String,6,class->block->function->parameter_list->parameter->decl->type->name->name,
2,42,rectangle_java2.jpg,rectangle_java2.jpg,444636882,152,1038.836052631579,592.4242105263157,977.5,585,101,21,this.width,10,class->block->function->block->block_content->return->expr->call->name->name->operator->name,
2,42,rectangle_java2.jpg,rectangle_java2.jpg,444732882,56,1039.7164285714289,582.925,977.5,585,101,21,this.width,10,class->block->function->block->block_content->return->expr->call->name->name->operator->name,
2,42,rectangle_java2.jpg,rectangle_java2.jpg,444916864,108,1126.9762962962964,590.2481481481482,1122.5,585,12,21,*,1,class->block->function->block->block_content->return->expr->operator,
2,42,rectangle_java2.jpg,rectangle_java2.jpg,448400563,144,887.3430555555556,566.4558333333333,883.5,549,10,21,{,1,class->block->function->block,
2,42,rectangle_java2.jpg,rectangle_java2.jpg,448572578,60,803.6566666666666,252.002,785.5,259,23,21,x1,2,class->block->decl_stmt->decl->name,
2,42,rectangle_java2.jpg,rectangle_java2.jpg,448572578,60,803.6566666666666,252.002,815.5,259,10,21,"""","""",1,class->block->decl_stmt
2,42,rectangle_java2.jpg,rectangle_java2.jpg,448716589,140,802.4928571428571,254.6162857142857,785.5,259,23,21,x1,2,class->block->decl_stmt->decl->name,
2,42,rectangle_java2.jpg,rectangle_java2.jpg,449748557,92,1015.1417391304348,294.6808695652174,1007.5,295,10,21,"""","""",1,class->block->constructor->parameter_list
2,42,rectangle_java2.jpg,rectangle_java2.jpg,449748557,92,1015.1417391304348,294.6808695652174,1025.5,295,33,21,int,3,class->block->constructor->parameter_list->parameter->decl->type->name,
2,42,rectangle_java2.jpg,rectangle_java2.jpg,449980524,132,1144.509696969697,287.2609090909091,1112.5,295,33,21,int,3,class->block->constructor->parameter_list->parameter->decl->type->name,
2,42,rectangle_java2.jpg,rectangle_java2.jpg,449980524,132,1144.509696969697,287.2609090909091,1150.5,295,23,21,y2,2,class->block->constructor->parameter_list->parameter->decl->type->name,
2,42,rectangle_java2.jpg,rectangle_java2.jpg,450112503,64,1158.7375,285.92,1150.5,295,23,21,y2,2,class->block->constructor->parameter_list->parameter->decl->type->name,
2,42,rectangle_java2.jpg,rectangle_java2.jpg,450288544,108,849.9640740740741,430.5203703703703,856.5,440,10,21,;,1,class->block->constructor->block->block_content->expr_stmt,
2,42,rectangle_java2.jpg,rectangle_java2.jpg,450356515,64,865.11125,434.554375,856.5,440,10,21,;,1,class->block->constructor->block->block_content->expr_stmt,
2,42,rectangle_java2.jpg,rectangle_java2.jpg,450496470,80,831.1514999999999,412.01150000000007,826.5,404,23,19,x2,2,class->block->constructor->block->block_content->expr_stmt->expr->name->name,
2,42,rectangle_java2.jpg,rectangle_java2.jpg,450608545,68,839.1705882352941,431.1205882352941,826.5,440,23,21,y2,2,class->block->constructor->block->block_content->expr_stmt->expr->name->name,
2,42,rectangle_java2.jpg,rectangle_java2.jpg,450680593,68,862.5329411764706,433.34352941176473,856.5,440,10,21,;,1,class->block->constructor->block->block_content->expr_stmt,
2,42,rectangle_java2.jpg,rectangle_java2.jpg,450748549,64,849.6025,436.82062500000006,856.5,440,10,21,;,1,class->block->constructor->block->block_content->expr_stmt,
2,42,rectangle_java2.jpg,rectangle_java2.jpg,450836485,64,845.794375,401.40875,826.5,404,23,19,x2,2,class->block->constructor->block->block_content->expr_stmt->expr->name->name,
2,42,rectangle_java2.jpg,rectangle_java2.jpg,450836485,64,845.794375,401.40875,856.5,404,10,19,;,1,class->block->constructor->block->block_content->expr_stmt,
2,42,rectangle_java2.jpg,rectangle_java2.jpg,450920450,80,841.755,399.0,826.5,404,23,19,x2,2,class->block->constructor->block->block_content->expr_stmt->expr->name->name,
2,42,rectangle_java2.jpg,rectangle_java2.jpg,453860207,60,978.5586666666668,559.2826666666666,968.5,549,70,21,this.y2,7,class->block->function->block->block_content->return->expr->name->name->operator->name,
2,42,rectangle_java2.jpg,rectangle_java2.jpg,454060212,168,971.9819047619048,580.9645238095238,910.5,585,62,21,return,6,class->block->function->block->block_content->return,
2,42,rectangle_java2.jpg,rectangle_java2.jpg,454060212,168,971.9819047619048,580.9645238095238,977.5,585,101,21,this.width,10,class->block->function->block->block_content->return->expr->call->name->name->operator->name,
2,42,rectangle_java2.jpg,rectangle_java2.jpg,454132208,68,977.6782352941176,568.6970588235295,968.5,549,70,21,this.y2,7,class->block->function->block->block_content->return->expr->name->name->operator->name,
2,42,rectangle_java2.jpg,rectangle_java2.jpg,454472202,72,915.395,545.8511111111111,900.5,549,63,21,return,6,class->block->function->block->block_content->return,
2,42,rectangle_java2.jpg,rectangle_java2.jpg,454716249,116,837.628275862069,543.19,846.5,549,10,21,(,1,class->block->function->parameter_list,
2,42,rectangle_java2.jpg,rectangle_java2.jpg,454792350,72,836.9216666666666,531.9305555555555,837.5,512,9,21,(,1,class->block->function->parameter_list,
2,42,rectangle_java2.jpg,rectangle_java2.jpg,454972198,56,925.6778571428572,578.3178571428572,910.5,585,62,21,return,6,class->block->function->block->block_content->return,
2,42,rectangle_java2.jpg,rectangle_java2.jpg,455188077,112,1054.7539285714286,567.3339285714286,1045.5,549,13,21,-,1,class->block->function->block->block_content->return->expr->operator,
2,42,rectangle_java2.jpg,rectangle_java2.jpg,455188077,112,1054.7539285714286,567.3339285714286,1064.5,549,71,21,this.y1,7,class->block->function->block->block_content->return->expr->name->name->operator->name,
2,42,rectangle_java2.jpg,rectangle_java2.jpg,455252110,60,1052.354,552.5226666666666,1045.5,549,13,21,-,1,class->block->function->block->block_content->return->expr->operator,
2,42,rectangle_java2.jpg,rectangle_java2.jpg,455252110,60,1052.354,552.5226666666666,1064.5,549,71,21,this.y1,7,class->block->function->block->block_content->return->expr->name->name->operator->name,
2,42,rectangle_java2.jpg,rectangle_java2.jpg,455420100,80,1133.635,581.4925,1122.5,585,12,21,*,1,class->block->function->block->block_content->return->expr->operator,
2,42,rectangle_java2.jpg,rectangle_java2.jpg,455420100,80,1133.635,581.4925,1140.5,585,110,21,this.height,11,class->block->function->block->block_content->return->expr->call->name->name->operator->name,
2,42,rectangle_java2.jpg,rectangle_java2.jpg,455528090,84,1146.402857142857,566.9009523809524,1142.5,549,10,21,;,1,class->block->function->block->block_content->return,
2,42,rectangle_java2.jpg,rectangle_java2.jpg,456100105,68,1168.4611764705885,547.4405882352942,1161.5,549,10,21,},1,class->block->function->block,
2,42,rectangle_java2.jpg,rectangle_java2.jpg,456232341,88,890.439090909091,623.4068181818182,851.5,621,44,21,main,4,class->block->function->name,
2,42,rectangle_java2.jpg,rectangle_java2.jpg,456308379,72,893.5055555555556,623.4327777777778,851.5,621,44,21,main,4,class->block->function->name,
2,42,rectangle_java2.jpg,rectangle_java2.jpg,456308379,72,893.5055555555556,623.4327777777778,904.5,621,9,21,(,1,class->block->function->parameter_list,
2,42,rectangle_java2.jpg,rectangle_java2.jpg,456388225,76,884.4252631578947,631.2805263157895,851.5,621,44,21,main,4,class->block->function->name,
2,42,rectangle_java2.jpg,rectangle_java2.jpg,456644039,92,977.1173913043478,594.944347826087,977.5,585,101,21,this.width,10,class->block->function->block->block_content->return->expr->call->name->name->operator->name,
2,42,rectangle_java2.jpg,rectangle_java2.jpg,456843977,56,1058.8842857142856,622.0614285714286,1025.5,621,42,21,args,4,class->block->function->parameter_list->parameter->decl->name,
2,42,rectangle_java2.jpg,rectangle_java2.jpg,456943983,96,1052.92875,610.6733333333333,1025.5,621,42,21,args,4,class->block->function->parameter_list->parameter->decl->name,
2,42,rectangle_java2.jpg,rectangle_java2.jpg,457016000,68,1055.3058823529411,615.73,1025.5,621,42,21,args,4,class->block->function->parameter_list->parameter->decl->name,
2,42,rectangle_java2.jpg,rectangle_java2.jpg,457195973,88,1066.7968181818185,614.8063636363636,1025.5,621,42,21,args,4,class->block->function->parameter_list->parameter->decl->name,
2,42,rectangle_java2.jpg,rectangle_java2.jpg,457195973,88,1066.7968181818185,614.8063636363636,1074.5,621,10,21,),1,class->block->function->parameter_list,
2,42,rectangle_java2.jpg,rectangle_java2.jpg,457287951,88,1057.9731818181815,617.7022727272727,1025.5,621,42,21,args,4,class->block->function->parameter_list->parameter->decl->name,
2,42,rectangle_java2.jpg,rectangle_java2.jpg,457359948,68,1059.0329411764706,611.4482352941177,1025.5,621,42,21,args,4,class->block->function->parameter_list->parameter->decl->name,
2,42,rectangle_java2.jpg,rectangle_java2.jpg,457539943,100,895.0596,629.4052,851.5,621,44,21,main,4,class->block->function->name,
2,42,rectangle_java2.jpg,rectangle_java2.jpg,457539943,100,895.0596,629.4052,904.5,621,9,21,(,1,class->block->function->parameter_list,
2,42,rectangle_java2.jpg,rectangle_java2.jpg,457667939,124,896.6448387096774,613.7561290322581,904.5,621,9,21,(,1,class->block->function->parameter_list,
2,42,rectangle_java2.jpg,rectangle_java2.jpg,457779933,108,900.1403703703704,621.4759259259259,904.5,621,9,21,(,1,class->block->function->parameter_list,
2,42,rectangle_java2.jpg,rectangle_java2.jpg,457975946,68,842.5211764705882,662.1588235294117,826.5,658,52,20,rect1,5,class->block->function->block->block_content->decl_stmt->decl->name,
2,42,rectangle_java2.jpg,rectangle_java2.jpg,458155957,80,984.596,655.543,941.5,658,91,20,Rectangle,9,class->block->function->block->block_content->decl_stmt->decl->init->expr->call->name,
2,42,rectangle_java2.jpg,rectangle_java2.jpg,458331968,104,1105.621153846154,650.8084615384615,1095.5,658,13,20,0,1,class->block->function->block->block_content->decl_stmt->decl->init->expr->call->argument_list->argument->expr->literal,
2,42,rectangle_java2.jpg,rectangle_java2.jpg,458331968,104,1105.621153846154,650.8084615384615,1115.5,658,10,20,"""","""",1,class->block->function->block->block_content->decl_stmt->decl->init->expr->call->argument_list
2,42,rectangle_java2.jpg,rectangle_java2.jpg,458435964,56,1104.1542857142856,627.7085714285714,1094.5,621,10,21,{,1,class->block->function->block,
2,42,rectangle_java2.jpg,rectangle_java2.jpg,458720008,76,1218.9884210526316,670.1736842105263,1211.5,658,9,20,),1,class->block->function->block->block_content->decl_stmt->decl->init->expr->call->argument_list,
2,42,rectangle_java2.jpg,rectangle_java2.jpg,459355769,64,1241.098125,649.701875,1231.5,658,10,20,;,1,class->block->function->block->block_content->decl_stmt,
2,42,rectangle_java2.jpg,rectangle_java2.jpg,459791839,56,826.9428571428571,741.405,826.5,731,51,20,rect2,5,class->block->function->block->block_content->decl_stmt->decl->name,
2,42,rectangle_java2.jpg,rectangle_java2.jpg,460223882,56,942.5335714285716,516.4157142857143,891.5,512,62,21,return,6,class->block->function->block->block_content->return->expr->name->name,
2,42,rectangle_java2.jpg,rectangle_java2.jpg,460503770,96,987.2566666666668,527.3366666666667,958.5,512,71,21,this.x2,7,class->block->function->block->block_content->return->expr->name->name->operator->name->operator,
2,42,rectangle_java2.jpg,rectangle_java2.jpg,460775588,68,836.8211764705883,545.2917647058823,775.5,549,62,21,height,6,class->block->function->name,
2,42,rectangle_java2.jpg,rectangle_java2.jpg,460775588,68,836.8211764705883,545.2917647058823,846.5,549,10,21,(,1,class->block->function->parameter_list,
2,42,rectangle_java2.jpg,rectangle_java2.jpg,460847649,68,840.5117647058823,528.0605882352942,837.5,512,9,21,(,1,class->block->function->parameter_list,
2,42,rectangle_java2.jpg,rectangle_java2.jpg,460931662,80,829.5889999999999,532.713,837.5,512,9,21,(,1,class->block->function->parameter_list,
2,42,rectangle_java2.jpg,rectangle_java2.jpg,462351637,76,993.9331578947368,548.8584210526316,968.5,549,70,21,this.y2,7,class->block->function->block->block_content->return->expr->name->name->operator->name,
2,42,rectangle_java2.jpg,rectangle_java2.jpg,462543413,140,974.0768571428572,527.2651428571429,958.5,512,71,21,this.x2,7,class->block->function->block->block_content->return->expr->name->name->operator->name->operator,
2,42,rectangle_java2.jpg,rectangle_java2.jpg,462843541,132,802.3539393939394,276.7690909090909,785.5,259,23,21,x1,2,class->block->decl_stmt->decl->name,
2,42,rectangle_java2.jpg,rectangle_java2.jpg,463296068,56,815.6428571428571,356.41285714285715,806.5,367,15,21,=,1,class->block->constructor->block->block_content->expr_stmt->expr->operator,
2,42,rectangle_java2.jpg,rectangle_java2.jpg,463296068,56,815.6428571428571,356.41285714285715,826.5,367,23,21,y1,2,class->block->constructor->block->block_content->expr_stmt->expr->name->name,
2,42,rectangle_java2.jpg,rectangle_java2.jpg,463423873,72,820.5772222222222,372.8444444444444,806.5,367,15,21,=,1,class->block->constructor->block->block_content->expr_stmt->expr->operator,
2,42,rectangle_java2.jpg,rectangle_java2.jpg,463423873,72,820.5772222222222,372.8444444444444,826.5,367,23,21,y1,2,class->block->constructor->block->block_content->expr_stmt->expr->name->name,
2,42,rectangle_java2.jpg,rectangle_java2.jpg,463631631,76,851.9305263157895,404.1784210526316,856.5,404,10,19,;,1,class->block->constructor->block->block_content->expr_stmt,
2,42,rectangle_java2.jpg,rectangle_java2.jpg,464079529,64,897.438125,587.631875,893.5,585,10,21,{,1,class->block->function->block,
2,42,rectangle_java2.jpg,rectangle_java2.jpg,464191479,108,898.5933333333334,604.0096296296297,893.5,585,10,21,{,1,class->block->function->block,
2,42,rectangle_java2.jpg,rectangle_java2.jpg,464191479,108,898.5933333333334,604.0096296296297,910.5,585,62,21,return,6,class->block->function->block->block_content->return,
2,42,rectangle_java2.jpg,rectangle_java2.jpg,464487337,124,931.0141935483872,591.028064516129,910.5,585,62,21,return,6,class->block->function->block->block_content->return,
2,42,rectangle_java2.jpg,rectangle_java2.jpg,464967411,88,1012.0586363636364,573.6040909090909,977.5,585,101,21,this.width,10,class->block->function->block->block_content->return->expr->call->name->name->operator->name,
2,42,rectangle_java2.jpg,rectangle_java2.jpg,465131450,64,848.70375,580.95,856.5,585,9,21,(,1,class->block->function->parameter_list,
2,42,rectangle_java2.jpg,rectangle_java2.jpg,465199457,64,844.169375,580.2893750000001,804.5,585,43,21,area,4,class->block->function->name,
2,42,rectangle_java2.jpg,rectangle_java2.jpg,465199457,64,844.169375,580.2893750000001,856.5,585,9,21,(,1,class->block->function->parameter_list,
2,42,rectangle_java2.jpg,rectangle_java2.jpg,465271460,68,857.0064705882353,581.7370588235294,856.5,585,9,21,(,1,class->block->function->parameter_list,
2,42,rectangle_java2.jpg,rectangle_java2.jpg,465379441,56,994.8364285714284,585.8707142857143,977.5,585,101,21,this.width,10,class->block->function->block->block_content->return->expr->call->name->name->operator->name,
2,42,rectangle_java2.jpg,rectangle_java2.jpg,465851430,68,1053.91,537.4270588235294,1045.5,549,13,21,-,1,class->block->function->block->block_content->return->expr->operator,
2,42,rectangle_java2.jpg,rectangle_java2.jpg,465851430,68,1053.91,537.4270588235294,1064.5,549,71,21,this.y1,7,class->block->function->block->block_content->return->expr->name->name->operator->name,
2,42,rectangle_java2.jpg,rectangle_java2.jpg,466339311,72,898.5744444444445,510.87277777777786,891.5,512,62,21,return,6,class->block->function->block->block_content->return->expr->name->name,
2,42,rectangle_java2.jpg,rectangle_java2.jpg,467859310,96,901.4658333333332,593.64,893.5,585,10,21,{,1,class->block->function->block,
2,42,rectangle_java2.jpg,rectangle_java2.jpg,467859310,96,901.4658333333332,593.64,910.5,585,62,21,return,6,class->block->function->block->block_content->return,
2,42,rectangle_java2.jpg,rectangle_java2.jpg,467919297,56,918.9457142857144,583.1171428571429,910.5,585,62,21,return,6,class->block->function->block->block_content->return,
2,42,rectangle_java2.jpg,rectangle_java2.jpg,468115187,108,1112.9807407407409,603.5525925925926,1122.5,585,12,21,*,1,class->block->function->block->block_content->return->expr->operator,
2,42,rectangle_java2.jpg,rectangle_java2.jpg,468219167,60,1053.9693333333332,629.2093333333333,1025.5,621,42,21,args,4,class->block->function->parameter_list->parameter->decl->name,
2,42,rectangle_java2.jpg,rectangle_java2.jpg,468359190,64,1045.24625,601.525625,977.5,585,101,21,this.width,10,class->block->function->block->block_content->return->expr->call->name->name->operator->name,
2,42,rectangle_java2.jpg,rectangle_java2.jpg,468591169,88,1065.3181818181818,672.2368181818182,1057.5,658,13,20,0,1,class->block->function->block->block_content->decl_stmt->decl->init->expr->call->argument_list->argument->expr->literal,
2,42,rectangle_java2.jpg,rectangle_java2.jpg,468591169,88,1065.3181818181818,672.2368181818182,1077.5,658,9,20,"""","""",1,class->block->function->block->block_content->decl_stmt->decl->init->expr->call->argument_list
2,42,rectangle_java2.jpg,rectangle_java2.jpg,469003211,56,842.5785714285714,723.7171428571429,826.5,731,51,20,rect2,5,class->block->function->block->block_content->decl_stmt->decl->name,
2,42,rectangle_java2.jpg,rectangle_java2.jpg,469075211,68,856.7747058823529,720.6817647058823,826.5,731,51,20,rect2,5,class->block->function->block->block_content->decl_stmt->decl->name,
2,42,rectangle_java2.jpg,rectangle_java2.jpg,469167182,60,851.6853333333333,755.1786666666667,730.5,766,177,21,System.out.println,18,class->block->function->block->block_content->expr_stmt->expr->call->name->name->operator->name->operator->name,
2,42,rectangle_java2.jpg,rectangle_java2.jpg,469447173,80,926.5,741.202,902.5,731,34,20,new,3,class->block->function->block->block_content->decl_stmt->decl->init->expr->operator,
2,42,rectangle_java2.jpg,rectangle_java2.jpg,470687092,172,830.6281395348838,522.7879069767442,837.5,512,9,21,(,1,class->block->function->parameter_list,
