trial,participant,code_file,code_language,timestamp,duration,x_cord,y_cord,aoi_x,aoi_y,aoi_width,aoi_height,token,length,srcML,
2,46,rectangle_java2.jpg,rectangle_java2.jpg,374199135,72,802.8894444444445,224.10777777777776,715.5,222,90,21,Rectangle,9,class->name,
2,46,rectangle_java2.jpg,rectangle_java2.jpg,374199135,72,802.8894444444445,224.10777777777776,813.5,222,10,21,{,1,class->block,
2,46,rectangle_java2.jpg,rectangle_java2.jpg,375434523,56,767.5757142857143,258.2085714285714,747.5,259,33,21,int,3,class->block->decl_stmt->decl->type->name,
2,46,rectangle_java2.jpg,rectangle_java2.jpg,375818499,56,821.97,272.5128571428572,815.5,259,10,21,"""","""",1,class->block->decl_stmt
2,46,rectangle_java2.jpg,rectangle_java2.jpg,375818499,56,821.97,272.5128571428572,833.5,259,23,21,y1,2,class->block->decl_stmt->decl->name,
2,46,rectangle_java2.jpg,rectangle_java2.jpg,376135689,72,911.1222222222224,263.9916666666667,911.5,259,10,21,"""","""",1,class->block->decl_stmt
2,46,rectangle_java2.jpg,rectangle_java2.jpg,376569723,68,941.2423529411764,261.9976470588236,929.5,259,23,21,y2,2,class->block->decl_stmt->decl->name,
2,46,rectangle_java2.jpg,rectangle_java2.jpg,377254032,84,912.0680952380952,264.6066666666667,911.5,259,10,21,"""","""",1,class->block->decl_stmt
2,46,rectangle_java2.jpg,rectangle_java2.jpg,379424105,136,862.3255882352942,307.16705882352943,853.5,295,32,21,int,3,class->block->constructor->parameter_list->parameter->decl->type->name,
2,46,rectangle_java2.jpg,rectangle_java2.jpg,379758034,76,856.8626315789473,325.3168421052632,856.5,331,10,19,;,1,class->block->constructor->block->block_content->expr_stmt,
2,46,rectangle_java2.jpg,rectangle_java2.jpg,380459249,60,864.2773333333333,368.7726666666667,856.5,367,10,21,;,1,class->block->constructor->block->block_content->expr_stmt,
2,46,rectangle_java2.jpg,rectangle_java2.jpg,381560851,60,829.4,402.4966666666666,826.5,404,23,19,x2,2,class->block->constructor->block->block_content->expr_stmt->expr->name->name,
2,46,rectangle_java2.jpg,rectangle_java2.jpg,383213329,56,1117.2235714285714,285.3514285714286,1112.5,295,33,21,int,3,class->block->constructor->parameter_list->parameter->decl->type->name,
2,46,rectangle_java2.jpg,rectangle_java2.jpg,384148436,64,762.283125,501.06625,737.5,512,33,21,int,3,class->block->function->type->name,
2,46,rectangle_java2.jpg,rectangle_java2.jpg,384749264,68,848.8811764705882,499.8652941176471,854.5,512,9,21,),1,class->block->function->parameter_list,
2,46,rectangle_java2.jpg,rectangle_java2.jpg,384999574,56,872.7578571428571,501.5892857142858,874.5,512,10,21,{,1,class->block->function->block,
2,46,rectangle_java2.jpg,rectangle_java2.jpg,386351584,64,868.4625,527.719375,874.5,512,10,21,{,1,class->block->function->block,
2,46,rectangle_java2.jpg,rectangle_java2.jpg,386735530,72,924.8083333333332,515.5072222222223,891.5,512,62,21,return,6,class->block->function->block->block_content->return->expr->name->name,
2,46,rectangle_java2.jpg,rectangle_java2.jpg,387119551,68,965.4623529411764,525.0535294117647,958.5,512,71,21,this.x2,7,class->block->function->block->block_content->return->expr->name->name->operator->name->operator,
2,46,rectangle_java2.jpg,rectangle_java2.jpg,387486886,56,1028.8835714285717,527.0314285714286,958.5,512,71,21,this.x2,7,class->block->function->block->block_content->return->expr->name->name->operator->name->operator,
2,46,rectangle_java2.jpg,rectangle_java2.jpg,387486886,56,1028.8835714285717,527.0314285714286,1035.5,512,13,21,-,1,class->block->function->block->block_content->return->expr->name->name,
2,46,rectangle_java2.jpg,rectangle_java2.jpg,389974105,56,1125.462142857143,528.6778571428572,1054.5,512,71,21,this.x1,7,class->block->function->block->block_content->return->expr->name->name->operator->name,
2,46,rectangle_java2.jpg,rectangle_java2.jpg,389974105,56,1125.462142857143,528.6778571428572,1132.5,512,10,21,;,1,class->block->function->block,
2,46,rectangle_java2.jpg,rectangle_java2.jpg,392444897,64,1108.97875,559.72875,1064.5,549,71,21,this.y1,7,class->block->function->block->block_content->return->expr->name->name->operator->name,
2,46,rectangle_java2.jpg,rectangle_java2.jpg,393062475,92,1071.486956521739,517.8378260869565,1054.5,512,71,21,this.x1,7,class->block->function->block->block_content->return->expr->name->name->operator->name,
2,46,rectangle_java2.jpg,rectangle_java2.jpg,398604480,56,1130.682142857143,524.4085714285715,1132.5,512,10,21,;,1,class->block->function->block,
2,46,rectangle_java2.jpg,rectangle_java2.jpg,400624542,64,944.10875,731.635,941.5,731,91,20,Rectangle,9,class->block->function->block->block_content->decl_stmt->decl->init->expr->call->name,
2,46,rectangle_java2.jpg,rectangle_java2.jpg,401459186,148,816.9448648648648,735.5491891891892,730.5,731,91,20,Rectangle,9,class->block->function->block->block_content->decl_stmt->decl->type->name,
2,46,rectangle_java2.jpg,rectangle_java2.jpg,401459186,148,816.9448648648648,735.5491891891892,826.5,731,51,20,rect2,5,class->block->function->block->block_content->decl_stmt->decl->name,
2,46,rectangle_java2.jpg,rectangle_java2.jpg,411491625,144,819.8322222222222,315.1377777777778,737.5,295,91,21,Rectangle,9,class->block->constructor->name,
2,46,rectangle_java2.jpg,rectangle_java2.jpg,411825462,56,892.4364285714286,300.5235714285714,890.5,295,24,21,x1,2,class->block->constructor->parameter_list->parameter->decl->type->name,
