trial,participant,code_file,code_language,timestamp,duration,x_cord,y_cord,aoi_x,aoi_y,aoi_width,aoi_height,token,length,srcML,
2,48,rectangle_java2.jpg,rectangle_java2.jpg,371815925,88,860.5781818181819,406.50272727272727,856.5,404,10,19,;,1,class->block->constructor->block->block_content->expr_stmt,
2,48,rectangle_java2.jpg,rectangle_java2.jpg,373895636,56,751.0214285714286,230.225,715.5,222,90,21,Rectangle,9,class->name,
2,48,rectangle_java2.jpg,rectangle_java2.jpg,374251674,92,808.1800000000001,213.86826086956523,813.5,222,10,21,{,1,class->block,
2,48,rectangle_java2.jpg,rectangle_java2.jpg,375923741,80,764.3615,218.895,715.5,222,90,21,Rectangle,9,class->name,
2,48,rectangle_java2.jpg,rectangle_java2.jpg,376079749,92,787.74,231.33695652173915,715.5,222,90,21,Rectangle,9,class->name,
2,48,rectangle_java2.jpg,rectangle_java2.jpg,376223747,72,737.9077777777778,233.7266666666667,715.5,222,90,21,Rectangle,9,class->name,
2,48,rectangle_java2.jpg,rectangle_java2.jpg,376303739,76,731.9231578947368,230.7478947368421,715.5,222,90,21,Rectangle,9,class->name,
2,48,rectangle_java2.jpg,rectangle_java2.jpg,376379721,72,739.1755555555555,220.8505555555556,715.5,222,90,21,Rectangle,9,class->name,
2,48,rectangle_java2.jpg,rectangle_java2.jpg,376603601,184,786.0834782608696,238.03891304347823,715.5,222,90,21,Rectangle,9,class->name,
2,48,rectangle_java2.jpg,rectangle_java2.jpg,377315651,124,837.786129032258,252.63548387096773,833.5,259,23,21,y1,2,class->block->decl_stmt->decl->name,
2,48,rectangle_java2.jpg,rectangle_java2.jpg,377907505,64,770.461875,229.30375000000004,715.5,222,90,21,Rectangle,9,class->name,
2,48,rectangle_java2.jpg,rectangle_java2.jpg,377991422,80,780.735,232.1265,715.5,222,90,21,Rectangle,9,class->name,
2,48,rectangle_java2.jpg,rectangle_java2.jpg,378143357,68,746.03,220.86235294117648,715.5,222,90,21,Rectangle,9,class->name,
2,48,rectangle_java2.jpg,rectangle_java2.jpg,378251449,56,788.6,271.71714285714285,785.5,259,23,21,x1,2,class->block->decl_stmt->decl->name,
2,48,rectangle_java2.jpg,rectangle_java2.jpg,378319521,64,783.31125,293.77625,737.5,295,91,21,Rectangle,9,class->block->constructor->name,
2,48,rectangle_java2.jpg,rectangle_java2.jpg,378439557,80,789.875,289.9455,737.5,295,91,21,Rectangle,9,class->block->constructor->name,
2,48,rectangle_java2.jpg,rectangle_java2.jpg,378727440,244,741.276393442623,284.8626229508197,737.5,295,91,21,Rectangle,9,class->block->constructor->name,
2,48,rectangle_java2.jpg,rectangle_java2.jpg,378851411,68,833.1594117647059,283.59411764705885,837.5,295,9,21,(,1,class->block->constructor->parameter_list,
2,48,rectangle_java2.jpg,rectangle_java2.jpg,379007412,152,833.5484210526316,279.6457894736842,833.5,259,23,21,y1,2,class->block->decl_stmt->decl->name,
2,48,rectangle_java2.jpg,rectangle_java2.jpg,379259784,120,909.073,278.8533333333333,911.5,259,10,21,"""","""",1,class->block->decl_stmt
2,48,rectangle_java2.jpg,rectangle_java2.jpg,379427382,164,915.4682926829267,288.9170731707317,921.5,295,9,21,"""","""",1,class->block->constructor->parameter_list
2,48,rectangle_java2.jpg,rectangle_java2.jpg,379515082,84,979.8985714285716,291.3442857142857,977.5,295,23,21,y1,2,class->block->constructor->parameter_list->parameter->decl->type->name,
2,48,rectangle_java2.jpg,rectangle_java2.jpg,379595071,76,975.7468421052632,295.11052631578946,977.5,295,23,21,y1,2,class->block->constructor->parameter_list->parameter->decl->type->name,
2,48,rectangle_java2.jpg,rectangle_java2.jpg,380007386,264,1036.928787878788,290.87151515151515,1025.5,295,33,21,int,3,class->block->constructor->parameter_list->parameter->decl->type->name,
2,48,rectangle_java2.jpg,rectangle_java2.jpg,380095312,56,1129.385,299.16785714285714,1112.5,295,33,21,int,3,class->block->constructor->parameter_list->parameter->decl->type->name,
2,48,rectangle_java2.jpg,rectangle_java2.jpg,380195291,96,1127.645,296.71166666666664,1112.5,295,33,21,int,3,class->block->constructor->parameter_list->parameter->decl->type->name,
2,48,rectangle_java2.jpg,rectangle_java2.jpg,380291342,92,1122.7652173913043,300.1282608695652,1112.5,295,33,21,int,3,class->block->constructor->parameter_list->parameter->decl->type->name,
2,48,rectangle_java2.jpg,rectangle_java2.jpg,380363378,68,1104.1076470588234,293.9088235294118,1112.5,295,33,21,int,3,class->block->constructor->parameter_list->parameter->decl->type->name,
2,48,rectangle_java2.jpg,rectangle_java2.jpg,380491385,124,1101.963870967742,299.52516129032256,1094.5,295,9,21,"""","""",1,class->block->constructor->parameter_list
2,48,rectangle_java2.jpg,rectangle_java2.jpg,380491385,124,1101.963870967742,299.52516129032256,1112.5,295,33,21,int,3,class->block->constructor->parameter_list->parameter->decl->type->name,
2,48,rectangle_java2.jpg,rectangle_java2.jpg,380571390,76,1105.401052631579,291.7621052631579,1112.5,295,33,21,int,3,class->block->constructor->parameter_list->parameter->decl->type->name,
2,48,rectangle_java2.jpg,rectangle_java2.jpg,380663415,88,1159.3590909090908,296.15818181818184,1150.5,295,23,21,y2,2,class->block->constructor->parameter_list->parameter->decl->type->name,
2,48,rectangle_java2.jpg,rectangle_java2.jpg,380787504,120,1171.7746666666667,284.7223333333333,1150.5,295,23,21,y2,2,class->block->constructor->parameter_list->parameter->decl->type->name,
2,48,rectangle_java2.jpg,rectangle_java2.jpg,380787504,120,1171.7746666666667,284.7223333333333,1180.5,295,9,21,),1,class->block->constructor->parameter_list,
2,48,rectangle_java2.jpg,rectangle_java2.jpg,381167560,112,799.7453571428572,315.62928571428574,737.5,295,91,21,Rectangle,9,class->block->constructor->name,
2,48,rectangle_java2.jpg,rectangle_java2.jpg,381231383,60,797.922,325.576,730.5,331,71,19,this.x1,7,class->block->constructor->block->block_content->expr_stmt->expr->name->name->operator->name,
2,48,rectangle_java2.jpg,rectangle_java2.jpg,381231383,60,797.922,325.576,806.5,331,15,19,=,1,class->block->constructor->block->block_content->expr_stmt->expr->operator,
2,48,rectangle_java2.jpg,rectangle_java2.jpg,381319140,84,800.3466666666667,313.89714285714285,737.5,295,91,21,Rectangle,9,class->block->constructor->name,
2,48,rectangle_java2.jpg,rectangle_java2.jpg,381747200,112,933.6017857142856,304.34535714285715,939.5,295,33,21,int,3,class->block->constructor->parameter_list->parameter->decl->type->name,
2,48,rectangle_java2.jpg,rectangle_java2.jpg,381899386,76,927.2936842105264,314.7742105263158,921.5,295,9,21,"""","""",1,class->block->constructor->parameter_list
2,48,rectangle_java2.jpg,rectangle_java2.jpg,381899386,76,927.2936842105264,314.7742105263158,939.5,295,33,21,int,3,class->block->constructor->parameter_list->parameter->decl->type->name,
2,48,rectangle_java2.jpg,rectangle_java2.jpg,382187200,56,875.6692857142857,307.3192857142857,853.5,295,32,21,int,3,class->block->constructor->parameter_list->parameter->decl->type->name,
2,48,rectangle_java2.jpg,rectangle_java2.jpg,383007055,168,780.0633333333333,233.98642857142855,715.5,222,90,21,Rectangle,9,class->name,
2,48,rectangle_java2.jpg,rectangle_java2.jpg,383326983,152,903.146052631579,313.95710526315787,890.5,295,24,21,x1,2,class->block->constructor->parameter_list->parameter->decl->type->name,
2,48,rectangle_java2.jpg,rectangle_java2.jpg,383535019,100,1038.2036,303.3476,1025.5,295,33,21,int,3,class->block->constructor->parameter_list->parameter->decl->type->name,
2,48,rectangle_java2.jpg,rectangle_java2.jpg,383687154,100,956.1828,289.23,939.5,295,33,21,int,3,class->block->constructor->parameter_list->parameter->decl->type->name,
2,48,rectangle_java2.jpg,rectangle_java2.jpg,383763250,72,955.4644444444444,292.685,939.5,295,33,21,int,3,class->block->constructor->parameter_list->parameter->decl->type->name,
2,48,rectangle_java2.jpg,rectangle_java2.jpg,383967068,56,931.3478571428572,297.2028571428572,939.5,295,33,21,int,3,class->block->constructor->parameter_list->parameter->decl->type->name,
2,48,rectangle_java2.jpg,rectangle_java2.jpg,384083094,112,927.9235714285714,314.06142857142856,921.5,295,9,21,"""","""",1,class->block->constructor->parameter_list
2,48,rectangle_java2.jpg,rectangle_java2.jpg,384083094,112,927.9235714285714,314.06142857142856,939.5,295,33,21,int,3,class->block->constructor->parameter_list->parameter->decl->type->name,
2,48,rectangle_java2.jpg,rectangle_java2.jpg,384147111,60,924.0493333333334,304.49466666666666,921.5,295,9,21,"""","""",1,class->block->constructor->parameter_list
2,48,rectangle_java2.jpg,rectangle_java2.jpg,384259203,80,1016.523,297.8195,1007.5,295,10,21,"""","""",1,class->block->constructor->parameter_list
2,48,rectangle_java2.jpg,rectangle_java2.jpg,384259203,80,1016.523,297.8195,1025.5,295,33,21,int,3,class->block->constructor->parameter_list->parameter->decl->type->name,
2,48,rectangle_java2.jpg,rectangle_java2.jpg,384563152,212,1029.491320754717,292.7254716981132,1025.5,295,33,21,int,3,class->block->constructor->parameter_list->parameter->decl->type->name,
2,48,rectangle_java2.jpg,rectangle_java2.jpg,384675100,108,1025.0718518518518,299.01296296296294,1025.5,295,33,21,int,3,class->block->constructor->parameter_list->parameter->decl->type->name,
2,48,rectangle_java2.jpg,rectangle_java2.jpg,385183008,208,832.6111538461538,340.0540384615385,826.5,331,23,19,x1,2,class->block->constructor->block->block_content->expr_stmt->expr->name->name,
2,48,rectangle_java2.jpg,rectangle_java2.jpg,385366954,124,863.1296774193548,376.7567741935484,856.5,367,10,21,;,1,class->block->constructor->block->block_content->expr_stmt,
2,48,rectangle_java2.jpg,rectangle_java2.jpg,385454914,84,865.8242857142857,377.2776190476191,856.5,367,10,21,;,1,class->block->constructor->block->block_content->expr_stmt,
2,48,rectangle_java2.jpg,rectangle_java2.jpg,385594875,56,833.7778571428571,377.2628571428571,826.5,367,23,21,y1,2,class->block->constructor->block->block_content->expr_stmt->expr->name->name,
2,48,rectangle_java2.jpg,rectangle_java2.jpg,385662890,64,837.39,374.956875,826.5,367,23,21,y1,2,class->block->constructor->block->block_content->expr_stmt->expr->name->name,
2,48,rectangle_java2.jpg,rectangle_java2.jpg,386042955,88,1110.48,299.8609090909091,1112.5,295,33,21,int,3,class->block->constructor->parameter_list->parameter->decl->type->name,
2,48,rectangle_java2.jpg,rectangle_java2.jpg,386239213,192,1110.458125,300.03458333333333,1112.5,295,33,21,int,3,class->block->constructor->parameter_list->parameter->decl->type->name,
2,48,rectangle_java2.jpg,rectangle_java2.jpg,386307154,64,1114.1175,303.78125,1112.5,295,33,21,int,3,class->block->constructor->parameter_list->parameter->decl->type->name,
2,48,rectangle_java2.jpg,rectangle_java2.jpg,386374965,64,1116.30375,296.118125,1112.5,295,33,21,int,3,class->block->constructor->parameter_list->parameter->decl->type->name,
2,48,rectangle_java2.jpg,rectangle_java2.jpg,386814927,132,860.3375757575758,413.77454545454543,856.5,404,10,19,;,1,class->block->constructor->block->block_content->expr_stmt,
2,48,rectangle_java2.jpg,rectangle_java2.jpg,387862902,84,865.0004761904762,372.9747619047619,856.5,367,10,21,;,1,class->block->constructor->block->block_content->expr_stmt,
2,48,rectangle_java2.jpg,rectangle_java2.jpg,387983153,116,855.4693103448276,369.85896551724136,856.5,367,10,21,;,1,class->block->constructor->block->block_content->expr_stmt,
2,48,rectangle_java2.jpg,rectangle_java2.jpg,388059195,72,858.2338888888889,370.12555555555554,856.5,367,10,21,;,1,class->block->constructor->block->block_content->expr_stmt,
2,48,rectangle_java2.jpg,rectangle_java2.jpg,388243134,116,833.3772413793104,330.5803448275862,826.5,331,23,19,x1,2,class->block->constructor->block->block_content->expr_stmt->expr->name->name,
2,48,rectangle_java2.jpg,rectangle_java2.jpg,389078675,100,984.5236,506.5404,958.5,512,71,21,this.x2,7,class->block->function->block->block_content->return->expr->name->name->operator->name->operator,
2,48,rectangle_java2.jpg,rectangle_java2.jpg,389166654,84,971.4128571428572,504.6728571428571,958.5,512,71,21,this.x2,7,class->block->function->block->block_content->return->expr->name->name->operator->name->operator,
2,48,rectangle_java2.jpg,rectangle_java2.jpg,389234662,64,979.1275,501.47,958.5,512,71,21,this.x2,7,class->block->function->block->block_content->return->expr->name->name->operator->name->operator,
2,48,rectangle_java2.jpg,rectangle_java2.jpg,389382694,100,1014.8936,507.8672,958.5,512,71,21,this.x2,7,class->block->function->block->block_content->return->expr->name->name->operator->name->operator,
2,48,rectangle_java2.jpg,rectangle_java2.jpg,390322656,172,1006.0118604651162,501.4816279069768,958.5,512,71,21,this.x2,7,class->block->function->block->block_content->return->expr->name->name->operator->name->operator,
2,48,rectangle_java2.jpg,rectangle_java2.jpg,390430568,104,1009.8796153846154,509.5776923076924,958.5,512,71,21,this.x2,7,class->block->function->block->block_content->return->expr->name->name->operator->name->operator,
2,48,rectangle_java2.jpg,rectangle_java2.jpg,390494485,60,1011.7473333333334,507.7000000000001,958.5,512,71,21,this.x2,7,class->block->function->block->block_content->return->expr->name->name->operator->name->operator,
2,48,rectangle_java2.jpg,rectangle_java2.jpg,390918549,172,1041.2060465116278,504.18651162790695,1035.5,512,13,21,-,1,class->block->function->block->block_content->return->expr->name->name,
2,48,rectangle_java2.jpg,rectangle_java2.jpg,391154528,168,848.8607142857143,515.2538095238095,854.5,512,9,21,),1,class->block->function->parameter_list,
2,48,rectangle_java2.jpg,rectangle_java2.jpg,391298525,128,852.043125,510.3809375000001,854.5,512,9,21,),1,class->block->function->parameter_list,
2,48,rectangle_java2.jpg,rectangle_java2.jpg,391518623,104,806.205,520.5342307692308,775.5,512,53,21,width,5,class->block->function->name,
2,48,rectangle_java2.jpg,rectangle_java2.jpg,391766664,76,875.4336842105263,522.8552631578948,874.5,512,10,21,{,1,class->block->function->block,
2,48,rectangle_java2.jpg,rectangle_java2.jpg,391922706,60,934.074,515.7313333333333,891.5,512,62,21,return,6,class->block->function->block->block_content->return->expr->name->name,
2,48,rectangle_java2.jpg,rectangle_java2.jpg,392034789,76,931.5768421052632,532.2052631578947,891.5,512,62,21,return,6,class->block->function->block->block_content->return->expr->name->name,
2,48,rectangle_java2.jpg,rectangle_java2.jpg,392170704,116,935.4027586206896,531.7303448275862,891.5,512,62,21,return,6,class->block->function->block->block_content->return->expr->name->name,
2,48,rectangle_java2.jpg,rectangle_java2.jpg,392470296,104,1037.9165384615385,539.1480769230769,968.5,549,70,21,this.y2,7,class->block->function->block->block_content->return->expr->name->name->operator->name,
2,48,rectangle_java2.jpg,rectangle_java2.jpg,392470296,104,1037.9165384615385,539.1480769230769,1045.5,549,13,21,-,1,class->block->function->block->block_content->return->expr->operator,
2,48,rectangle_java2.jpg,rectangle_java2.jpg,392890199,72,1056.9577777777777,539.7688888888889,1045.5,549,13,21,-,1,class->block->function->block->block_content->return->expr->operator,
2,48,rectangle_java2.jpg,rectangle_java2.jpg,392890199,72,1056.9577777777777,539.7688888888889,1064.5,549,71,21,this.y1,7,class->block->function->block->block_content->return->expr->name->name->operator->name,
2,48,rectangle_java2.jpg,rectangle_java2.jpg,393014416,56,1043.6671428571428,543.505,1045.5,549,13,21,-,1,class->block->function->block->block_content->return->expr->operator,
2,48,rectangle_java2.jpg,rectangle_java2.jpg,393186449,64,1032.653125,545.495,968.5,549,70,21,this.y2,7,class->block->function->block->block_content->return->expr->name->name->operator->name,
2,48,rectangle_java2.jpg,rectangle_java2.jpg,393254439,64,1035.61625,543.0493749999999,968.5,549,70,21,this.y2,7,class->block->function->block->block_content->return->expr->name->name->operator->name,
2,48,rectangle_java2.jpg,rectangle_java2.jpg,393254439,64,1035.61625,543.0493749999999,1045.5,549,13,21,-,1,class->block->function->block->block_content->return->expr->operator,
2,48,rectangle_java2.jpg,rectangle_java2.jpg,393318422,60,1031.968,557.852,968.5,549,70,21,this.y2,7,class->block->function->block->block_content->return->expr->name->name->operator->name,
2,48,rectangle_java2.jpg,rectangle_java2.jpg,393498371,136,1001.7991176470588,531.3838235294118,958.5,512,71,21,this.x2,7,class->block->function->block->block_content->return->expr->name->name->operator->name->operator,
2,48,rectangle_java2.jpg,rectangle_java2.jpg,393742326,68,1031.0076470588235,542.5929411764706,968.5,549,70,21,this.y2,7,class->block->function->block->block_content->return->expr->name->name->operator->name,
2,48,rectangle_java2.jpg,rectangle_java2.jpg,393806324,60,1022.568,557.7386666666666,968.5,549,70,21,this.y2,7,class->block->function->block->block_content->return->expr->name->name->operator->name,
2,48,rectangle_java2.jpg,rectangle_java2.jpg,393902319,60,1037.2113333333334,548.6220000000001,968.5,549,70,21,this.y2,7,class->block->function->block->block_content->return->expr->name->name->operator->name,
2,48,rectangle_java2.jpg,rectangle_java2.jpg,393902319,60,1037.2113333333334,548.6220000000001,1045.5,549,13,21,-,1,class->block->function->block->block_content->return->expr->operator,
2,48,rectangle_java2.jpg,rectangle_java2.jpg,393962350,56,1033.4607142857142,556.83,968.5,549,70,21,this.y2,7,class->block->function->block->block_content->return->expr->name->name->operator->name,
2,48,rectangle_java2.jpg,rectangle_java2.jpg,393962350,56,1033.4607142857142,556.83,1045.5,549,13,21,-,1,class->block->function->block->block_content->return->expr->operator,
2,48,rectangle_java2.jpg,rectangle_java2.jpg,394062425,56,1114.3028571428572,551.5028571428571,1064.5,549,71,21,this.y1,7,class->block->function->block->block_content->return->expr->name->name->operator->name,
2,48,rectangle_java2.jpg,rectangle_java2.jpg,394138441,72,1110.4922222222222,560.3716666666667,1064.5,549,71,21,this.y1,7,class->block->function->block->block_content->return->expr->name->name->operator->name,
2,48,rectangle_java2.jpg,rectangle_java2.jpg,394246410,104,1121.805769230769,548.3526923076923,1064.5,549,71,21,this.y1,7,class->block->function->block->block_content->return->expr->name->name->operator->name,
2,48,rectangle_java2.jpg,rectangle_java2.jpg,394378318,128,1123.5921875,542.0425,1064.5,549,71,21,this.y1,7,class->block->function->block->block_content->return->expr->name->name->operator->name,
2,48,rectangle_java2.jpg,rectangle_java2.jpg,394498186,80,1157.514,558.366,1161.5,549,10,21,},1,class->block->function->block,
2,48,rectangle_java2.jpg,rectangle_java2.jpg,394682210,124,1156.2354838709678,563.2029032258065,1161.5,549,10,21,},1,class->block->function->block,
2,48,rectangle_java2.jpg,rectangle_java2.jpg,395086384,120,901.6756666666666,503.0203333333334,891.5,512,62,21,return,6,class->block->function->block->block_content->return->expr->name->name,
2,48,rectangle_java2.jpg,rectangle_java2.jpg,395930278,144,1005.7383333333332,501.9216666666666,958.5,512,71,21,this.x2,7,class->block->function->block->block_content->return->expr->name->name->operator->name->operator,
2,48,rectangle_java2.jpg,rectangle_java2.jpg,396162215,120,902.6013333333332,507.2026666666667,891.5,512,62,21,return,6,class->block->function->block->block_content->return->expr->name->name,
2,48,rectangle_java2.jpg,rectangle_java2.jpg,396358168,64,1166.190625,554.85375,1161.5,549,10,21,},1,class->block->function->block,
2,48,rectangle_java2.jpg,rectangle_java2.jpg,396442157,80,1158.836,559.1135,1161.5,549,10,21,},1,class->block->function->block,
2,48,rectangle_java2.jpg,rectangle_java2.jpg,396677976,64,865.35625,560.095,863.5,549,9,21,),1,class->block->function->parameter_list,
2,48,rectangle_java2.jpg,rectangle_java2.jpg,397394062,68,969.7435294117648,506.0870588235293,958.5,512,71,21,this.x2,7,class->block->function->block->block_content->return->expr->name->name->operator->name->operator,
2,48,rectangle_java2.jpg,rectangle_java2.jpg,398202127,68,993.369411764706,508.4358823529412,958.5,512,71,21,this.x2,7,class->block->function->block->block_content->return->expr->name->name->operator->name->operator,
2,48,rectangle_java2.jpg,rectangle_java2.jpg,398402009,196,987.5240816326532,511.9481632653061,958.5,512,71,21,this.x2,7,class->block->function->block->block_content->return->expr->name->name->operator->name->operator,
2,48,rectangle_java2.jpg,rectangle_java2.jpg,398613981,208,986.8167307692308,505.7509615384615,958.5,512,71,21,this.x2,7,class->block->function->block->block_content->return->expr->name->name->operator->name->operator,
2,48,rectangle_java2.jpg,rectangle_java2.jpg,398677986,60,981.552,514.144,958.5,512,71,21,this.x2,7,class->block->function->block->block_content->return->expr->name->name->operator->name->operator,
2,48,rectangle_java2.jpg,rectangle_java2.jpg,398849999,168,985.4511904761904,506.0409523809524,958.5,512,71,21,this.x2,7,class->block->function->block->block_content->return->expr->name->name->operator->name->operator,
2,48,rectangle_java2.jpg,rectangle_java2.jpg,399034236,88,861.8172727272727,508.9500000000001,854.5,512,9,21,),1,class->block->function->parameter_list,
2,48,rectangle_java2.jpg,rectangle_java2.jpg,399154101,68,848.0670588235295,511.7976470588235,854.5,512,9,21,),1,class->block->function->parameter_list,
2,48,rectangle_java2.jpg,rectangle_java2.jpg,399569960,92,859.5252173913043,581.9908695652174,856.5,585,9,21,(,1,class->block->function->parameter_list,
2,48,rectangle_java2.jpg,rectangle_java2.jpg,399689926,80,875.8385,574.3025,873.5,585,9,21,),1,class->block->function->parameter_list,
2,48,rectangle_java2.jpg,rectangle_java2.jpg,399826022,60,967.368,574.9060000000001,910.5,585,62,21,return,6,class->block->function->block->block_content->return,
2,48,rectangle_java2.jpg,rectangle_java2.jpg,399826022,60,967.368,574.9060000000001,977.5,585,101,21,this.width,10,class->block->function->block->block_content->return->expr->call->name->name->operator->name,
2,48,rectangle_java2.jpg,rectangle_java2.jpg,399914070,76,970.6115789473683,581.8789473684211,910.5,585,62,21,return,6,class->block->function->block->block_content->return,
2,48,rectangle_java2.jpg,rectangle_java2.jpg,399914070,76,970.6115789473683,581.8789473684211,977.5,585,101,21,this.width,10,class->block->function->block->block_content->return->expr->call->name->name->operator->name,
2,48,rectangle_java2.jpg,rectangle_java2.jpg,400102033,76,1065.6605263157894,595.0236842105263,977.5,585,101,21,this.width,10,class->block->function->block->block_content->return->expr->call->name->name->operator->name,
2,48,rectangle_java2.jpg,rectangle_java2.jpg,400166017,60,1064.6873333333333,592.4,977.5,585,101,21,this.width,10,class->block->function->block->block_content->return->expr->call->name->name->operator->name,
2,48,rectangle_java2.jpg,rectangle_java2.jpg,400290001,56,1127.787857142857,600.5664285714286,1122.5,585,12,21,*,1,class->block->function->block->block_content->return->expr->operator,
2,48,rectangle_java2.jpg,rectangle_java2.jpg,400409880,116,1131.0275862068966,594.0,1122.5,585,12,21,*,1,class->block->function->block->block_content->return->expr->operator,
2,48,rectangle_java2.jpg,rectangle_java2.jpg,400409880,116,1131.0275862068966,594.0,1140.5,585,110,21,this.height,11,class->block->function->block->block_content->return->expr->call->name->name->operator->name,
2,48,rectangle_java2.jpg,rectangle_java2.jpg,401081863,60,989.6513333333334,502.3013333333333,958.5,512,71,21,this.x2,7,class->block->function->block->block_content->return->expr->name->name->operator->name->operator,
2,48,rectangle_java2.jpg,rectangle_java2.jpg,401261974,72,949.8083333333334,508.33333333333326,891.5,512,62,21,return,6,class->block->function->block->block_content->return->expr->name->name,
2,48,rectangle_java2.jpg,rectangle_java2.jpg,401261974,72,949.8083333333334,508.33333333333326,958.5,512,71,21,this.x2,7,class->block->function->block->block_content->return->expr->name->name->operator->name->operator,
2,48,rectangle_java2.jpg,rectangle_java2.jpg,401325979,60,947.358,514.63,891.5,512,62,21,return,6,class->block->function->block->block_content->return->expr->name->name,
2,48,rectangle_java2.jpg,rectangle_java2.jpg,401325979,60,947.358,514.63,958.5,512,71,21,this.x2,7,class->block->function->block->block_content->return->expr->name->name->operator->name->operator,
2,48,rectangle_java2.jpg,rectangle_java2.jpg,401473895,144,957.2819444444444,512.5586111111111,958.5,512,71,21,this.x2,7,class->block->function->block->block_content->return->expr->name->name->operator->name->operator,
2,48,rectangle_java2.jpg,rectangle_java2.jpg,401533848,56,946.1064285714284,518.0707142857143,891.5,512,62,21,return,6,class->block->function->block->block_content->return->expr->name->name,
2,48,rectangle_java2.jpg,rectangle_java2.jpg,401533848,56,946.1064285714284,518.0707142857143,958.5,512,71,21,this.x2,7,class->block->function->block->block_content->return->expr->name->name->operator->name->operator,
2,48,rectangle_java2.jpg,rectangle_java2.jpg,401597789,60,946.0153333333334,526.5093333333333,891.5,512,62,21,return,6,class->block->function->block->block_content->return->expr->name->name,
2,48,rectangle_java2.jpg,rectangle_java2.jpg,401597789,60,946.0153333333334,526.5093333333333,958.5,512,71,21,this.x2,7,class->block->function->block->block_content->return->expr->name->name->operator->name->operator,
2,48,rectangle_java2.jpg,rectangle_java2.jpg,401689727,88,946.0059090909092,504.83409090909095,891.5,512,62,21,return,6,class->block->function->block->block_content->return->expr->name->name,
2,48,rectangle_java2.jpg,rectangle_java2.jpg,401689727,88,946.0059090909092,504.83409090909095,958.5,512,71,21,this.x2,7,class->block->function->block->block_content->return->expr->name->name->operator->name->operator,
2,48,rectangle_java2.jpg,rectangle_java2.jpg,401801701,60,1106.514,594.19,1103.5,585,9,21,),1,class->block->function->block->block_content->return->expr->call->argument_list,
2,48,rectangle_java2.jpg,rectangle_java2.jpg,401929681,68,1091.219411764706,610.98,1094.5,621,10,21,{,1,class->block->function->block,
2,48,rectangle_java2.jpg,rectangle_java2.jpg,402265660,84,812.7757142857142,620.5071428571429,804.5,621,44,21,void,4,class->block->function->type->name,
2,48,rectangle_java2.jpg,rectangle_java2.jpg,402981828,80,966.5645,692.3805,932.5,694,100,21,rect1.area,10,class->block->function->block->block_content->expr_stmt->expr->call->argument_list->argument->expr->call->name->name->operator->name,
2,48,rectangle_java2.jpg,rectangle_java2.jpg,403269778,112,1028.9842857142858,692.82,932.5,694,100,21,rect1.area,10,class->block->function->block->block_content->expr_stmt->expr->call->argument_list->argument->expr->call->name->name->operator->name,
2,48,rectangle_java2.jpg,rectangle_java2.jpg,403393623,60,1087.1266666666668,696.406,1096.5,694,10,21,;,1,class->block->function->block->block_content->expr_stmt,
2,48,rectangle_java2.jpg,rectangle_java2.jpg,403465477,68,1099.2870588235294,693.8564705882353,1096.5,694,10,21,;,1,class->block->function->block->block_content->expr_stmt,
2,48,rectangle_java2.jpg,rectangle_java2.jpg,403601416,132,1101.7836363636363,686.1715151515151,1096.5,694,10,21,;,1,class->block->function->block->block_content->expr_stmt,
2,48,rectangle_java2.jpg,rectangle_java2.jpg,404285618,112,921.3310714285716,736.3175,902.5,731,34,20,new,3,class->block->function->block->block_content->decl_stmt->decl->init->expr->operator,
2,48,rectangle_java2.jpg,rectangle_java2.jpg,404501525,184,851.4626086956522,761.1597826086957,730.5,766,177,21,System.out.println,18,class->block->function->block->block_content->expr_stmt->expr->call->name->name->operator->name->operator->name,
2,48,rectangle_java2.jpg,rectangle_java2.jpg,404617561,104,950.8815384615384,769.51,932.5,766,100,21,rect2.area,10,class->block->function->block->block_content->expr_stmt->expr->call->argument_list->argument->expr->call->name->name->operator->name,
2,48,rectangle_java2.jpg,rectangle_java2.jpg,404697578,76,957.4410526315788,776.2047368421053,932.5,766,100,21,rect2.area,10,class->block->function->block->block_content->expr_stmt->expr->call->argument_list->argument->expr->call->name->name->operator->name,
2,48,rectangle_java2.jpg,rectangle_java2.jpg,404937629,164,841.9604878048781,520.4158536585365,837.5,512,9,21,(,1,class->block->function->parameter_list,
2,48,rectangle_java2.jpg,rectangle_java2.jpg,405041653,64,873.5375,506.1775,874.5,512,10,21,{,1,class->block->function->block,
2,48,rectangle_java2.jpg,rectangle_java2.jpg,405141643,96,866.9654166666667,500.9720833333333,874.5,512,10,21,{,1,class->block->function->block,
2,48,rectangle_java2.jpg,rectangle_java2.jpg,405229632,84,874.3614285714285,504.1085714285714,874.5,512,10,21,{,1,class->block->function->block,
2,48,rectangle_java2.jpg,rectangle_java2.jpg,405421554,96,1014.1679166666668,569.9783333333334,968.5,549,70,21,this.y2,7,class->block->function->block->block_content->return->expr->name->name->operator->name,
2,48,rectangle_java2.jpg,rectangle_java2.jpg,405573784,56,1117.2307142857144,572.9414285714286,1122.5,585,12,21,*,1,class->block->function->block->block_content->return->expr->operator,
2,48,rectangle_java2.jpg,rectangle_java2.jpg,405690045,112,1131.4875,565.7167857142857,1064.5,549,71,21,this.y1,7,class->block->function->block->block_content->return->expr->name->name->operator->name,
2,48,rectangle_java2.jpg,rectangle_java2.jpg,405690045,112,1131.4875,565.7167857142857,1142.5,549,10,21,;,1,class->block->function->block->block_content->return,
2,48,rectangle_java2.jpg,rectangle_java2.jpg,405813809,120,1157.0896666666667,557.634,1161.5,549,10,21,},1,class->block->function->block,
2,48,rectangle_java2.jpg,rectangle_java2.jpg,405873696,56,1149.0885714285714,567.1335714285714,1142.5,549,10,21,;,1,class->block->function->block->block_content->return,
2,48,rectangle_java2.jpg,rectangle_java2.jpg,405873696,56,1149.0885714285714,567.1335714285714,1161.5,549,10,21,},1,class->block->function->block,
2,48,rectangle_java2.jpg,rectangle_java2.jpg,405957667,80,1156.4865,564.0195,1161.5,549,10,21,},1,class->block->function->block,
2,48,rectangle_java2.jpg,rectangle_java2.jpg,406597420,68,935.2511764705882,539.2023529411765,900.5,549,63,21,return,6,class->block->function->block->block_content->return,
2,48,rectangle_java2.jpg,rectangle_java2.jpg,406965353,64,918.071875,769.6743749999999,916.5,766,9,21,(,1,class->block->function->block->block_content->expr_stmt->expr->call->argument_list,
2,48,rectangle_java2.jpg,rectangle_java2.jpg,407025139,56,912.9692857142855,777.34,916.5,766,9,21,(,1,class->block->function->block->block_content->expr_stmt->expr->call->argument_list,
2,48,rectangle_java2.jpg,rectangle_java2.jpg,413596865,96,912.9995833333334,259.2583333333333,911.5,259,10,21,"""","""",1,class->block->decl_stmt
2,48,rectangle_java2.jpg,rectangle_java2.jpg,413721127,104,912.3211538461538,268.9196153846154,911.5,259,10,21,"""","""",1,class->block->decl_stmt
2,48,rectangle_java2.jpg,rectangle_java2.jpg,413841126,76,927.0173684210528,303.3105263157895,921.5,295,9,21,"""","""",1,class->block->constructor->parameter_list
2,48,rectangle_java2.jpg,rectangle_java2.jpg,413841126,76,927.0173684210528,303.3105263157895,939.5,295,33,21,int,3,class->block->constructor->parameter_list->parameter->decl->type->name,
2,48,rectangle_java2.jpg,rectangle_java2.jpg,413917121,72,931.8416666666668,296.14444444444445,939.5,295,33,21,int,3,class->block->constructor->parameter_list->parameter->decl->type->name,
2,48,rectangle_java2.jpg,rectangle_java2.jpg,414884802,80,758.0875,229.723,715.5,222,90,21,Rectangle,9,class->name,
2,48,rectangle_java2.jpg,rectangle_java2.jpg,414944903,56,746.9892857142858,253.54999999999995,747.5,259,33,21,int,3,class->block->decl_stmt->decl->type->name,
2,48,rectangle_java2.jpg,rectangle_java2.jpg,415292966,60,1017.0013333333334,292.6086666666667,1007.5,295,10,21,"""","""",1,class->block->constructor->parameter_list
2,48,rectangle_java2.jpg,rectangle_java2.jpg,415292966,60,1017.0013333333334,292.6086666666667,1025.5,295,33,21,int,3,class->block->constructor->parameter_list->parameter->decl->type->name,
2,48,rectangle_java2.jpg,rectangle_java2.jpg,415401017,104,1015.6111538461538,307.095,1007.5,295,10,21,"""","""",1,class->block->constructor->parameter_list
2,48,rectangle_java2.jpg,rectangle_java2.jpg,415401017,104,1015.6111538461538,307.095,1025.5,295,33,21,int,3,class->block->constructor->parameter_list->parameter->decl->type->name,
2,48,rectangle_java2.jpg,rectangle_java2.jpg,415513105,68,1098.6582352941175,288.02647058823527,1094.5,295,9,21,"""","""",1,class->block->constructor->parameter_list
2,48,rectangle_java2.jpg,rectangle_java2.jpg,415736831,104,1100.3176923076924,290.49961538461537,1094.5,295,9,21,"""","""",1,class->block->constructor->parameter_list
2,48,rectangle_java2.jpg,rectangle_java2.jpg,415736831,104,1100.3176923076924,290.49961538461537,1112.5,295,33,21,int,3,class->block->constructor->parameter_list->parameter->decl->type->name,
2,48,rectangle_java2.jpg,rectangle_java2.jpg,416092879,104,866.41,347.7746153846154,856.5,331,10,19,;,1,class->block->constructor->block->block_content->expr_stmt,
2,48,rectangle_java2.jpg,rectangle_java2.jpg,416364663,64,842.14125,380.05,826.5,367,23,21,y1,2,class->block->constructor->block->block_content->expr_stmt->expr->name->name,
2,48,rectangle_java2.jpg,rectangle_java2.jpg,416532667,140,840.8317142857143,382.4562857142857,826.5,367,23,21,y1,2,class->block->constructor->block->block_content->expr_stmt->expr->name->name,
2,48,rectangle_java2.jpg,rectangle_java2.jpg,416620707,84,841.3238095238095,380.6842857142857,826.5,367,23,21,y1,2,class->block->constructor->block->block_content->expr_stmt->expr->name->name,
2,48,rectangle_java2.jpg,rectangle_java2.jpg,418288408,88,963.2545454545456,282.57954545454544,939.5,295,33,21,int,3,class->block->constructor->parameter_list->parameter->decl->type->name,
2,48,rectangle_java2.jpg,rectangle_java2.jpg,418536580,60,899.102,269.068,881.5,259,23,21,x2,2,class->block->decl_stmt->decl->name,
2,48,rectangle_java2.jpg,rectangle_java2.jpg,418536580,60,899.102,269.068,911.5,259,10,21,"""","""",1,class->block->decl_stmt
2,48,rectangle_java2.jpg,rectangle_java2.jpg,418604582,64,886.08375,286.965625,890.5,295,24,21,x1,2,class->block->constructor->parameter_list->parameter->decl->type->name,
