trial,participant,code_file,code_language,timestamp,duration,x_cord,y_cord,aoi_x,aoi_y,aoi_width,aoi_height,token,length,srcML,
2,4,rectangle_java2.jpg,rectangle_java2.jpg,279189789,168,779.6607142857143,311.6142857142857,737.5,295,91,21,Rectangle,9,class->block->constructor->name,
2,4,rectangle_java2.jpg,rectangle_java2.jpg,279345749,108,742.7207407407408,267.9785185185185,747.5,259,33,21,int,3,class->block->decl_stmt->decl->type->name,
2,4,rectangle_java2.jpg,rectangle_java2.jpg,279541759,112,642.7557142857142,239.66785714285717,589.5,222,63,21,public,6,class->specifier,
2,4,rectangle_java2.jpg,rectangle_java2.jpg,279697756,136,735.619705882353,232.59500000000003,715.5,222,90,21,Rectangle,9,class->name,
2,4,rectangle_java2.jpg,rectangle_java2.jpg,279829698,128,731.3540625,229.260625,715.5,222,90,21,Rectangle,9,class->name,
2,4,rectangle_java2.jpg,rectangle_java2.jpg,279925638,92,725.991304347826,242.19086956521735,715.5,222,90,21,Rectangle,9,class->name,
2,4,rectangle_java2.jpg,rectangle_java2.jpg,280093608,136,773.815,229.2138235294118,715.5,222,90,21,Rectangle,9,class->name,
2,4,rectangle_java2.jpg,rectangle_java2.jpg,280249593,132,737.3321212121213,253.26393939393935,669.5,259,72,21,private,7,class->block->decl_stmt->decl->type->specifier,
2,4,rectangle_java2.jpg,rectangle_java2.jpg,280249593,132,737.3321212121213,253.26393939393935,747.5,259,33,21,int,3,class->block->decl_stmt->decl->type->name,
2,4,rectangle_java2.jpg,rectangle_java2.jpg,280437609,156,796.9474358974359,273.67,785.5,259,23,21,x1,2,class->block->decl_stmt->decl->name,
2,4,rectangle_java2.jpg,rectangle_java2.jpg,280805716,284,804.616338028169,338.03014084507043,806.5,331,15,19,=,1,class->block->constructor->block->block_content->expr_stmt->expr->operator,
2,4,rectangle_java2.jpg,rectangle_java2.jpg,280881675,72,790.265,346.1116666666667,730.5,331,71,19,this.x1,7,class->block->constructor->block->block_content->expr_stmt->expr->name->name->operator->name,
2,4,rectangle_java2.jpg,rectangle_java2.jpg,280985625,100,766.9256,333.6452,730.5,331,71,19,this.x1,7,class->block->constructor->block->block_content->expr_stmt->expr->name->name->operator->name,
2,4,rectangle_java2.jpg,rectangle_java2.jpg,281089585,100,768.5744,330.5304,730.5,331,71,19,this.x1,7,class->block->constructor->block->block_content->expr_stmt->expr->name->name->operator->name,
2,4,rectangle_java2.jpg,rectangle_java2.jpg,281221588,100,821.2068,326.8172,806.5,331,15,19,=,1,class->block->constructor->block->block_content->expr_stmt->expr->operator,
2,4,rectangle_java2.jpg,rectangle_java2.jpg,281221588,100,821.2068,326.8172,826.5,331,23,19,x1,2,class->block->constructor->block->block_content->expr_stmt->expr->name->name,
2,4,rectangle_java2.jpg,rectangle_java2.jpg,281717503,188,727.4253191489362,263.3527659574468,669.5,259,72,21,private,7,class->block->decl_stmt->decl->type->specifier,
2,4,rectangle_java2.jpg,rectangle_java2.jpg,281781492,60,783.2933333333333,259.342,785.5,259,23,21,x1,2,class->block->decl_stmt->decl->name,
2,4,rectangle_java2.jpg,rectangle_java2.jpg,281889505,104,789.3107692307692,259.31961538461536,785.5,259,23,21,x1,2,class->block->decl_stmt->decl->name,
2,4,rectangle_java2.jpg,rectangle_java2.jpg,281965512,72,717.2977777777778,261.21777777777777,669.5,259,72,21,private,7,class->block->decl_stmt->decl->type->specifier,
2,4,rectangle_java2.jpg,rectangle_java2.jpg,282125498,156,717.634358974359,263.37384615384616,669.5,259,72,21,private,7,class->block->decl_stmt->decl->type->specifier,
2,4,rectangle_java2.jpg,rectangle_java2.jpg,282245510,96,775.9283333333333,248.8108333333333,747.5,259,33,21,int,3,class->block->decl_stmt->decl->type->name,
2,4,rectangle_java2.jpg,rectangle_java2.jpg,282245510,96,775.9283333333333,248.8108333333333,785.5,259,23,21,x1,2,class->block->decl_stmt->decl->name,
2,4,rectangle_java2.jpg,rectangle_java2.jpg,282569510,320,781.724625,258.28475,785.5,259,23,21,x1,2,class->block->decl_stmt->decl->name,
2,4,rectangle_java2.jpg,rectangle_java2.jpg,282877511,304,805.2827631578947,266.09315789473686,785.5,259,23,21,x1,2,class->block->decl_stmt->decl->name,
2,4,rectangle_java2.jpg,rectangle_java2.jpg,282877511,304,805.2827631578947,266.09315789473686,815.5,259,10,21,"""","""",1,class->block->decl_stmt
2,4,rectangle_java2.jpg,rectangle_java2.jpg,282945505,64,828.915,267.6375,833.5,259,23,21,y1,2,class->block->decl_stmt->decl->name,
2,4,rectangle_java2.jpg,rectangle_java2.jpg,283353444,240,886.3801666666667,278.80316666666664,881.5,259,23,21,x2,2,class->block->decl_stmt->decl->name,
2,4,rectangle_java2.jpg,rectangle_java2.jpg,283589245,160,722.49175,276.0935,669.5,259,72,21,private,7,class->block->decl_stmt->decl->type->specifier,
2,4,rectangle_java2.jpg,rectangle_java2.jpg,284029379,436,780.3625688073395,273.19018348623854,747.5,259,33,21,int,3,class->block->decl_stmt->decl->type->name,
2,4,rectangle_java2.jpg,rectangle_java2.jpg,284029379,436,780.3625688073395,273.19018348623854,785.5,259,23,21,x1,2,class->block->decl_stmt->decl->name,
2,4,rectangle_java2.jpg,rectangle_java2.jpg,284133364,56,723.7592857142857,307.445,669.5,295,63,21,public,6,class->block->constructor->specifier,
2,4,rectangle_java2.jpg,rectangle_java2.jpg,284217349,80,723.6515,306.1965,669.5,295,63,21,public,6,class->block->constructor->specifier,
2,4,rectangle_java2.jpg,rectangle_java2.jpg,284493330,252,789.1652380952381,301.59269841269844,737.5,295,91,21,Rectangle,9,class->block->constructor->name,
2,4,rectangle_java2.jpg,rectangle_java2.jpg,284573332,60,870.8966666666666,302.62466666666666,853.5,295,32,21,int,3,class->block->constructor->parameter_list->parameter->decl->type->name,
2,4,rectangle_java2.jpg,rectangle_java2.jpg,284733329,156,875.1602564102564,305.76871794871795,853.5,295,32,21,int,3,class->block->constructor->parameter_list->parameter->decl->type->name,
2,4,rectangle_java2.jpg,rectangle_java2.jpg,284933352,164,945.7565853658537,299.0295121951219,939.5,295,33,21,int,3,class->block->constructor->parameter_list->parameter->decl->type->name,
2,4,rectangle_java2.jpg,rectangle_java2.jpg,285133384,196,971.2628571428572,291.7557142857143,939.5,295,33,21,int,3,class->block->constructor->parameter_list->parameter->decl->type->name,
2,4,rectangle_java2.jpg,rectangle_java2.jpg,285133384,196,971.2628571428572,291.7557142857143,977.5,295,23,21,y1,2,class->block->constructor->parameter_list->parameter->decl->type->name,
2,4,rectangle_java2.jpg,rectangle_java2.jpg,285381303,212,906.0241509433962,296.86811320754714,890.5,295,24,21,x1,2,class->block->constructor->parameter_list->parameter->decl->type->name,
2,4,rectangle_java2.jpg,rectangle_java2.jpg,285449255,56,908.9614285714284,294.06,890.5,295,24,21,x1,2,class->block->constructor->parameter_list->parameter->decl->type->name,
2,4,rectangle_java2.jpg,rectangle_java2.jpg,285513209,60,964.4693333333332,292.53266666666667,939.5,295,33,21,int,3,class->block->constructor->parameter_list->parameter->decl->type->name,
2,4,rectangle_java2.jpg,rectangle_java2.jpg,285629197,112,972.24,289.1714285714286,939.5,295,33,21,int,3,class->block->constructor->parameter_list->parameter->decl->type->name,
2,4,rectangle_java2.jpg,rectangle_java2.jpg,285629197,112,972.24,289.1714285714286,977.5,295,23,21,y1,2,class->block->constructor->parameter_list->parameter->decl->type->name,
2,4,rectangle_java2.jpg,rectangle_java2.jpg,285849251,216,956.7424074074074,284.3725925925926,939.5,295,33,21,int,3,class->block->constructor->parameter_list->parameter->decl->type->name,
2,4,rectangle_java2.jpg,rectangle_java2.jpg,285921255,68,1022.7470588235294,286.3176470588235,1025.5,295,33,21,int,3,class->block->constructor->parameter_list->parameter->decl->type->name,
2,4,rectangle_java2.jpg,rectangle_java2.jpg,286041188,116,1027.2927586206897,293.8610344827586,1025.5,295,33,21,int,3,class->block->constructor->parameter_list->parameter->decl->type->name,
2,4,rectangle_java2.jpg,rectangle_java2.jpg,286569288,116,834.5120689655173,279.72241379310344,833.5,259,23,21,y1,2,class->block->decl_stmt->decl->name,
2,4,rectangle_java2.jpg,rectangle_java2.jpg,286641297,68,825.9123529411764,274.0429411764706,833.5,259,23,21,y1,2,class->block->decl_stmt->decl->name,
2,4,rectangle_java2.jpg,rectangle_java2.jpg,286725304,80,767.1655,294.016,737.5,295,91,21,Rectangle,9,class->block->constructor->name,
2,4,rectangle_java2.jpg,rectangle_java2.jpg,286829257,100,754.7388,289.9124,737.5,295,91,21,Rectangle,9,class->block->constructor->name,
2,4,rectangle_java2.jpg,rectangle_java2.jpg,287053223,152,723.2628947368421,267.5736842105263,669.5,259,72,21,private,7,class->block->decl_stmt->decl->type->specifier,
2,4,rectangle_java2.jpg,rectangle_java2.jpg,287189168,132,721.5154545454545,253.1809090909091,669.5,259,72,21,private,7,class->block->decl_stmt->decl->type->specifier,
2,4,rectangle_java2.jpg,rectangle_java2.jpg,287381107,160,790.9495,267.72925,785.5,259,23,21,x1,2,class->block->decl_stmt->decl->name,
2,4,rectangle_java2.jpg,rectangle_java2.jpg,287461244,60,733.2306666666667,235.9613333333333,715.5,222,90,21,Rectangle,9,class->name,
2,4,rectangle_java2.jpg,rectangle_java2.jpg,287573310,108,727.8722222222223,226.61592592592592,715.5,222,90,21,Rectangle,9,class->name,
2,4,rectangle_java2.jpg,rectangle_java2.jpg,287785076,172,690.7983720930232,233.78232558139536,657.5,222,52,21,class,5,class,
2,4,rectangle_java2.jpg,rectangle_java2.jpg,287921171,132,647.7372727272727,232.37545454545452,589.5,222,63,21,public,6,class->specifier,
2,4,rectangle_java2.jpg,rectangle_java2.jpg,287921171,132,647.7372727272727,232.37545454545452,657.5,222,52,21,class,5,class,
2,4,rectangle_java2.jpg,rectangle_java2.jpg,288053098,72,718.2994444444445,285.4105555555556,669.5,295,63,21,public,6,class->block->constructor->specifier,
2,4,rectangle_java2.jpg,rectangle_java2.jpg,288169045,112,723.33,287.36357142857145,669.5,295,63,21,public,6,class->block->constructor->specifier,
2,4,rectangle_java2.jpg,rectangle_java2.jpg,288273082,80,795.9915,290.4355,737.5,295,91,21,Rectangle,9,class->block->constructor->name,
2,4,rectangle_java2.jpg,rectangle_java2.jpg,288565310,288,794.0758333333333,294.62388888888887,737.5,295,91,21,Rectangle,9,class->block->constructor->name,
2,4,rectangle_java2.jpg,rectangle_java2.jpg,288837106,256,714.3625,289.478125,669.5,295,63,21,public,6,class->block->constructor->specifier,
2,4,rectangle_java2.jpg,rectangle_java2.jpg,288953074,100,787.5316,283.5196,737.5,295,91,21,Rectangle,9,class->block->constructor->name,
2,4,rectangle_java2.jpg,rectangle_java2.jpg,289064915,108,789.3092592592593,292.27629629629627,737.5,295,91,21,Rectangle,9,class->block->constructor->name,
2,4,rectangle_java2.jpg,rectangle_java2.jpg,289252871,148,853.4535135135135,297.45567567567565,853.5,295,32,21,int,3,class->block->constructor->parameter_list->parameter->decl->type->name,
2,4,rectangle_java2.jpg,rectangle_java2.jpg,289376936,88,801.7672727272727,284.1918181818182,737.5,295,91,21,Rectangle,9,class->block->constructor->name,
2,4,rectangle_java2.jpg,rectangle_java2.jpg,289672957,248,715.0887096774194,217.78129032258065,715.5,222,90,21,Rectangle,9,class->name,
2,4,rectangle_java2.jpg,rectangle_java2.jpg,289776983,56,758.1571428571428,220.79214285714284,715.5,222,90,21,Rectangle,9,class->name,
2,4,rectangle_java2.jpg,rectangle_java2.jpg,289952993,172,768.343488372093,229.09279069767445,715.5,222,90,21,Rectangle,9,class->name,
2,4,rectangle_java2.jpg,rectangle_java2.jpg,290257026,264,708.6518181818182,234.88954545454544,657.5,222,52,21,class,5,class,
2,4,rectangle_java2.jpg,rectangle_java2.jpg,290257026,264,708.6518181818182,234.88954545454544,715.5,222,90,21,Rectangle,9,class->name,
2,4,rectangle_java2.jpg,rectangle_java2.jpg,290645005,232,777.8639655172414,235.3789655172413,715.5,222,90,21,Rectangle,9,class->name,
2,4,rectangle_java2.jpg,rectangle_java2.jpg,290808920,112,822.3792857142857,313.08142857142855,737.5,295,91,21,Rectangle,9,class->block->constructor->name,
2,4,rectangle_java2.jpg,rectangle_java2.jpg,291044729,152,620.97,223.53526315789475,589.5,222,63,21,public,6,class->specifier,
2,4,rectangle_java2.jpg,rectangle_java2.jpg,291260858,180,671.6326666666666,227.73466666666667,657.5,222,52,21,class,5,class,
2,4,rectangle_java2.jpg,rectangle_java2.jpg,291596830,116,1086.681379310345,289.29241379310344,1094.5,295,9,21,"""","""",1,class->block->constructor->parameter_list
2,4,rectangle_java2.jpg,rectangle_java2.jpg,291804886,176,1164.4725,293.7440909090909,1150.5,295,23,21,y2,2,class->block->constructor->parameter_list->parameter->decl->type->name,
2,4,rectangle_java2.jpg,rectangle_java2.jpg,291904728,72,814.8444444444444,327.07222222222225,806.5,331,15,19,=,1,class->block->constructor->block->block_content->expr_stmt->expr->operator,
2,4,rectangle_java2.jpg,rectangle_java2.jpg,291904728,72,814.8444444444444,327.07222222222225,826.5,331,23,19,x1,2,class->block->constructor->block->block_content->expr_stmt->expr->name->name,
2,4,rectangle_java2.jpg,rectangle_java2.jpg,291992623,84,798.5809523809523,325.06,730.5,331,71,19,this.x1,7,class->block->constructor->block->block_content->expr_stmt->expr->name->name->operator->name,
2,4,rectangle_java2.jpg,rectangle_java2.jpg,291992623,84,798.5809523809523,325.06,806.5,331,15,19,=,1,class->block->constructor->block->block_content->expr_stmt->expr->operator,
2,4,rectangle_java2.jpg,rectangle_java2.jpg,292172732,176,778.6856818181818,320.7895454545455,730.5,331,71,19,this.x1,7,class->block->constructor->block->block_content->expr_stmt->expr->name->name->operator->name,
2,4,rectangle_java2.jpg,rectangle_java2.jpg,293084674,520,794.6855384615385,321.19307692307694,730.5,331,71,19,this.x1,7,class->block->constructor->block->block_content->expr_stmt->expr->name->name->operator->name,
2,4,rectangle_java2.jpg,rectangle_java2.jpg,293084674,520,794.6855384615385,321.19307692307694,806.5,331,15,19,=,1,class->block->constructor->block->block_content->expr_stmt->expr->operator,
2,4,rectangle_java2.jpg,rectangle_java2.jpg,293160698,72,836.8811111111111,320.3666666666667,826.5,331,23,19,x1,2,class->block->constructor->block->block_content->expr_stmt->expr->name->name,
2,4,rectangle_java2.jpg,rectangle_java2.jpg,293308727,144,838.2616666666667,324.925,826.5,331,23,19,x1,2,class->block->constructor->block->block_content->expr_stmt->expr->name->name,
2,4,rectangle_java2.jpg,rectangle_java2.jpg,293500744,188,844.9995744680851,327.2091489361702,826.5,331,23,19,x1,2,class->block->constructor->block->block_content->expr_stmt->expr->name->name,
2,4,rectangle_java2.jpg,rectangle_java2.jpg,293500744,188,844.9995744680851,327.2091489361702,856.5,331,10,19,;,1,class->block->constructor->block->block_content->expr_stmt,
2,4,rectangle_java2.jpg,rectangle_java2.jpg,293988722,80,767.3045,347.3275,730.5,331,71,19,this.x1,7,class->block->constructor->block->block_content->expr_stmt->expr->name->name->operator->name,
2,4,rectangle_java2.jpg,rectangle_java2.jpg,294116723,88,801.8659090909091,342.95045454545453,806.5,331,15,19,=,1,class->block->constructor->block->block_content->expr_stmt->expr->operator,
2,4,rectangle_java2.jpg,rectangle_java2.jpg,294292760,108,859.637037037037,295.4959259259259,853.5,295,32,21,int,3,class->block->constructor->parameter_list->parameter->decl->type->name,
2,4,rectangle_java2.jpg,rectangle_java2.jpg,294428838,132,889.1012121212121,300.12666666666667,890.5,295,24,21,x1,2,class->block->constructor->parameter_list->parameter->decl->type->name,
2,4,rectangle_java2.jpg,rectangle_java2.jpg,294580709,148,900.3575675675676,294.2789189189189,890.5,295,24,21,x1,2,class->block->constructor->parameter_list->parameter->decl->type->name,
2,4,rectangle_java2.jpg,rectangle_java2.jpg,294764459,180,910.7462222222222,289.33955555555553,890.5,295,24,21,x1,2,class->block->constructor->parameter_list->parameter->decl->type->name,
2,4,rectangle_java2.jpg,rectangle_java2.jpg,294764459,180,910.7462222222222,289.33955555555553,921.5,295,9,21,"""","""",1,class->block->constructor->parameter_list
2,4,rectangle_java2.jpg,rectangle_java2.jpg,294956567,160,1148.64675,285.26525,1150.5,295,23,21,y2,2,class->block->constructor->parameter_list->parameter->decl->type->name,
2,4,rectangle_java2.jpg,rectangle_java2.jpg,295120582,104,1196.215,288.64,1200.5,295,10,21,{,1,class->block->constructor->block,
2,4,rectangle_java2.jpg,rectangle_java2.jpg,295244594,88,743.4959090909091,284.06454545454545,737.5,295,91,21,Rectangle,9,class->block->constructor->name,
2,4,rectangle_java2.jpg,rectangle_java2.jpg,295692585,156,806.5620512820512,285.16333333333336,737.5,295,91,21,Rectangle,9,class->block->constructor->name,
2,4,rectangle_java2.jpg,rectangle_java2.jpg,295916546,144,859.8366666666667,262.2183333333333,863.5,259,10,21,"""","""",1,class->block->decl_stmt
2,4,rectangle_java2.jpg,rectangle_java2.jpg,296028576,100,960.3172,257.088,959.5,259,10,21,;,1,class->block->decl_stmt,
2,4,rectangle_java2.jpg,rectangle_java2.jpg,296156600,124,962.3429032258064,251.0106451612903,959.5,259,10,21,;,1,class->block->decl_stmt,
2,4,rectangle_java2.jpg,rectangle_java2.jpg,296732487,264,956.2760606060606,253.57090909090908,959.5,259,10,21,;,1,class->block->decl_stmt,
2,4,rectangle_java2.jpg,rectangle_java2.jpg,296928391,172,801.0455813953488,315.1167441860465,737.5,295,91,21,Rectangle,9,class->block->constructor->name,
2,4,rectangle_java2.jpg,rectangle_java2.jpg,297568467,208,873.2338461538461,273.62903846153847,863.5,259,10,21,"""","""",1,class->block->decl_stmt
2,4,rectangle_java2.jpg,rectangle_java2.jpg,297568467,208,873.2338461538461,273.62903846153847,881.5,259,23,21,x2,2,class->block->decl_stmt->decl->name,
2,4,rectangle_java2.jpg,rectangle_java2.jpg,297840454,140,968.6608571428573,261.6965714285714,959.5,259,10,21,;,1,class->block->decl_stmt,
2,4,rectangle_java2.jpg,rectangle_java2.jpg,297908430,64,967.921875,273.75625,959.5,259,10,21,;,1,class->block->decl_stmt,
2,4,rectangle_java2.jpg,rectangle_java2.jpg,298072416,152,813.1055263157895,283.1402631578947,737.5,295,91,21,Rectangle,9,class->block->constructor->name,
2,4,rectangle_java2.jpg,rectangle_java2.jpg,298248333,136,757.5891176470589,299.34470588235297,737.5,295,91,21,Rectangle,9,class->block->constructor->name,
2,4,rectangle_java2.jpg,rectangle_java2.jpg,298732737,212,833.3149056603773,361.0722641509434,826.5,367,23,21,y1,2,class->block->constructor->block->block_content->expr_stmt->expr->name->name,
2,4,rectangle_java2.jpg,rectangle_java2.jpg,298960344,200,856.8978,404.0364,856.5,404,10,19,;,1,class->block->constructor->block->block_content->expr_stmt,
2,4,rectangle_java2.jpg,rectangle_java2.jpg,299076336,112,835.3475,392.6707142857143,826.5,404,23,19,x2,2,class->block->constructor->block->block_content->expr_stmt->expr->name->name,
2,4,rectangle_java2.jpg,rectangle_java2.jpg,299168328,88,830.2922727272727,407.5331818181818,826.5,404,23,19,x2,2,class->block->constructor->block->block_content->expr_stmt->expr->name->name,
2,4,rectangle_java2.jpg,rectangle_java2.jpg,299428238,216,775.5961111111111,396.19944444444445,730.5,404,71,19,this.x2,7,class->block->constructor->block->block_content->expr_stmt->expr->name->name->operator->name,
2,4,rectangle_java2.jpg,rectangle_java2.jpg,299592290,160,757.572,418.38225,730.5,404,71,19,this.x2,7,class->block->constructor->block->block_content->expr_stmt->expr->name->name->operator->name,
2,4,rectangle_java2.jpg,rectangle_java2.jpg,299692310,96,761.26875,418.2125,730.5,404,71,19,this.x2,7,class->block->constructor->block->block_content->expr_stmt->expr->name->name->operator->name,
2,4,rectangle_java2.jpg,rectangle_java2.jpg,299756318,60,781.526,407.8193333333333,730.5,404,71,19,this.x2,7,class->block->constructor->block->block_content->expr_stmt->expr->name->name->operator->name,
2,4,rectangle_java2.jpg,rectangle_java2.jpg,300012290,60,811.7133333333334,380.2766666666666,806.5,367,15,21,=,1,class->block->constructor->block->block_content->expr_stmt->expr->operator,
2,4,rectangle_java2.jpg,rectangle_java2.jpg,300100292,84,812.5185714285715,405.2342857142857,806.5,404,15,19,=,1,class->block->constructor->block->block_content->expr_stmt->expr->operator,
2,4,rectangle_java2.jpg,rectangle_java2.jpg,300384259,280,810.4584285714286,411.7411428571429,806.5,404,15,19,=,1,class->block->constructor->block->block_content->expr_stmt->expr->operator,
2,4,rectangle_java2.jpg,rectangle_java2.jpg,300520233,132,787.3169696969697,412.4930303030303,730.5,404,71,19,this.x2,7,class->block->constructor->block->block_content->expr_stmt->expr->name->name->operator->name,
2,4,rectangle_java2.jpg,rectangle_java2.jpg,300644200,120,790.9433333333334,420.5426666666667,730.5,404,71,19,this.x2,7,class->block->constructor->block->block_content->expr_stmt->expr->name->name->operator->name,
2,4,rectangle_java2.jpg,rectangle_java2.jpg,300872212,168,785.6228571428571,459.5464285714286,730.5,440,71,21,this.y2,7,class->block->constructor->block->block_content->expr_stmt->expr->name->name->operator->name,
2,4,rectangle_java2.jpg,rectangle_java2.jpg,301116241,132,689.3760606060606,522.7230303030303,669.5,512,63,21,public,6,class->block->function->type->specifier,
2,4,rectangle_java2.jpg,rectangle_java2.jpg,301296200,124,762.3287096774194,506.4803225806452,737.5,512,33,21,int,3,class->block->function->type->name,
2,4,rectangle_java2.jpg,rectangle_java2.jpg,301372190,72,744.4022222222222,517.2988888888889,737.5,512,33,21,int,3,class->block->function->type->name,
2,4,rectangle_java2.jpg,rectangle_java2.jpg,301460211,84,751.6685714285715,505.8219047619048,737.5,512,33,21,int,3,class->block->function->type->name,
2,4,rectangle_java2.jpg,rectangle_java2.jpg,301592241,84,828.1561904761904,501.4319047619048,775.5,512,53,21,width,5,class->block->function->name,
2,4,rectangle_java2.jpg,rectangle_java2.jpg,301592241,84,828.1561904761904,501.4319047619048,837.5,512,9,21,(,1,class->block->function->parameter_list,
2,4,rectangle_java2.jpg,rectangle_java2.jpg,303963976,80,946.3295,505.464,891.5,512,62,21,return,6,class->block->function->block->block_content->return->expr->name->name,
2,4,rectangle_java2.jpg,rectangle_java2.jpg,303963976,80,946.3295,505.464,958.5,512,71,21,this.x2,7,class->block->function->block->block_content->return->expr->name->name->operator->name->operator,
2,4,rectangle_java2.jpg,rectangle_java2.jpg,304063965,96,951.1616666666666,511.16583333333335,891.5,512,62,21,return,6,class->block->function->block->block_content->return->expr->name->name,
2,4,rectangle_java2.jpg,rectangle_java2.jpg,304063965,96,951.1616666666666,511.16583333333335,958.5,512,71,21,this.x2,7,class->block->function->block->block_content->return->expr->name->name->operator->name->operator,
2,4,rectangle_java2.jpg,rectangle_java2.jpg,304159942,76,1028.735263157895,526.8426315789474,958.5,512,71,21,this.x2,7,class->block->function->block->block_content->return->expr->name->name->operator->name->operator,
2,4,rectangle_java2.jpg,rectangle_java2.jpg,304159942,76,1028.735263157895,526.8426315789474,1035.5,512,13,21,-,1,class->block->function->block->block_content->return->expr->name->name,
2,4,rectangle_java2.jpg,rectangle_java2.jpg,304411913,132,1027.770303030303,509.0193939393939,958.5,512,71,21,this.x2,7,class->block->function->block->block_content->return->expr->name->name->operator->name->operator,
2,4,rectangle_java2.jpg,rectangle_java2.jpg,304411913,132,1027.770303030303,509.0193939393939,1035.5,512,13,21,-,1,class->block->function->block->block_content->return->expr->name->name,
2,4,rectangle_java2.jpg,rectangle_java2.jpg,304799895,64,1116.6875,508.14,1054.5,512,71,21,this.x1,7,class->block->function->block->block_content->return->expr->name->name->operator->name,
2,4,rectangle_java2.jpg,rectangle_java2.jpg,304875871,72,1121.1483333333333,502.79166666666674,1054.5,512,71,21,this.x1,7,class->block->function->block->block_content->return->expr->name->name->operator->name,
2,4,rectangle_java2.jpg,rectangle_java2.jpg,304875871,72,1121.1483333333333,502.79166666666674,1132.5,512,10,21,;,1,class->block->function->block,
2,4,rectangle_java2.jpg,rectangle_java2.jpg,305687923,152,752.0278947368421,558.551052631579,737.5,549,33,21,int,3,class->block->function->type->name,
2,4,rectangle_java2.jpg,rectangle_java2.jpg,305863798,128,841.6946875,550.2590625,846.5,549,10,21,(,1,class->block->function->parameter_list,
2,4,rectangle_java2.jpg,rectangle_java2.jpg,306039790,140,714.9368571428571,565.5308571428571,669.5,549,63,21,public,6,class->block->function->type->specifier,
2,4,rectangle_java2.jpg,rectangle_java2.jpg,306223797,80,681.7325,582.8735,669.5,585,63,21,public,6,class->block->function->type->specifier,
2,4,rectangle_java2.jpg,rectangle_java2.jpg,306319786,76,751.2010526315789,566.8731578947369,737.5,549,33,21,int,3,class->block->function->type->name,
2,4,rectangle_java2.jpg,rectangle_java2.jpg,306419760,96,761.35625,558.50375,737.5,549,33,21,int,3,class->block->function->type->name,
2,4,rectangle_java2.jpg,rectangle_java2.jpg,306571738,84,944.7761904761904,547.8395238095238,900.5,549,63,21,return,6,class->block->function->block->block_content->return,
2,4,rectangle_java2.jpg,rectangle_java2.jpg,306671744,96,952.5679166666666,545.0904166666667,900.5,549,63,21,return,6,class->block->function->block->block_content->return,
2,4,rectangle_java2.jpg,rectangle_java2.jpg,306871526,160,1005.516,547.889,968.5,549,70,21,this.y2,7,class->block->function->block->block_content->return->expr->name->name->operator->name,
2,4,rectangle_java2.jpg,rectangle_java2.jpg,307079761,72,1074.372777777778,537.9294444444445,1064.5,549,71,21,this.y1,7,class->block->function->block->block_content->return->expr->name->name->operator->name,
2,4,rectangle_java2.jpg,rectangle_java2.jpg,307203876,68,1161.404705882353,561.32,1161.5,549,10,21,},1,class->block->function->block,
2,4,rectangle_java2.jpg,rectangle_java2.jpg,307367822,160,1158.688,565.644,1161.5,549,10,21,},1,class->block->function->block,
2,4,rectangle_java2.jpg,rectangle_java2.jpg,307447704,76,1133.1352631578948,560.001052631579,1064.5,549,71,21,this.y1,7,class->block->function->block->block_content->return->expr->name->name->operator->name,
2,4,rectangle_java2.jpg,rectangle_java2.jpg,307447704,76,1133.1352631578948,560.001052631579,1142.5,549,10,21,;,1,class->block->function->block->block_content->return,
2,4,rectangle_java2.jpg,rectangle_java2.jpg,307575608,124,1137.7467741935484,551.6645161290322,1142.5,549,10,21,;,1,class->block->function->block->block_content->return,
2,4,rectangle_java2.jpg,rectangle_java2.jpg,307639637,60,1133.6606666666669,545.85,1064.5,549,71,21,this.y1,7,class->block->function->block->block_content->return->expr->name->name->operator->name,
2,4,rectangle_java2.jpg,rectangle_java2.jpg,307639637,60,1133.6606666666669,545.85,1142.5,549,10,21,;,1,class->block->function->block->block_content->return,
2,4,rectangle_java2.jpg,rectangle_java2.jpg,308399689,136,979.0173529411765,548.8435294117647,968.5,549,70,21,this.y2,7,class->block->function->block->block_content->return->expr->name->name->operator->name,
2,4,rectangle_java2.jpg,rectangle_java2.jpg,308555675,116,1025.6586206896552,554.0068965517241,968.5,549,70,21,this.y2,7,class->block->function->block->block_content->return->expr->name->name->operator->name,
2,4,rectangle_java2.jpg,rectangle_java2.jpg,308691265,112,916.6910714285714,551.6682142857143,900.5,549,63,21,return,6,class->block->function->block->block_content->return,
2,4,rectangle_java2.jpg,rectangle_java2.jpg,308811416,116,915.2489655172412,557.6417241379311,900.5,549,63,21,return,6,class->block->function->block->block_content->return,
2,4,rectangle_java2.jpg,rectangle_java2.jpg,308967955,140,1012.5668571428572,549.4188571428572,968.5,549,70,21,this.y2,7,class->block->function->block->block_content->return->expr->name->name->operator->name,
2,4,rectangle_java2.jpg,rectangle_java2.jpg,309151715,132,709.7024242424243,593.4412121212122,669.5,585,63,21,public,6,class->block->function->type->specifier,
2,4,rectangle_java2.jpg,rectangle_java2.jpg,309287713,132,701.1312121212121,597.3854545454545,669.5,585,63,21,public,6,class->block->function->type->specifier,
2,4,rectangle_java2.jpg,rectangle_java2.jpg,309451523,92,779.2921739130435,595.9752173913043,737.5,585,62,21,double,6,class->block->function->type->name,
2,4,rectangle_java2.jpg,rectangle_java2.jpg,309519396,64,786.234375,595.69125,737.5,585,62,21,double,6,class->block->function->type->name,
2,4,rectangle_java2.jpg,rectangle_java2.jpg,309703450,152,853.935,590.24,856.5,585,9,21,(,1,class->block->function->parameter_list,
2,4,rectangle_java2.jpg,rectangle_java2.jpg,309767476,60,844.8666666666667,590.7193333333333,804.5,585,43,21,area,4,class->block->function->name,
2,4,rectangle_java2.jpg,rectangle_java2.jpg,309767476,60,844.8666666666667,590.7193333333333,856.5,585,9,21,(,1,class->block->function->parameter_list,
2,4,rectangle_java2.jpg,rectangle_java2.jpg,309915512,144,952.9811111111112,585.9827777777778,910.5,585,62,21,return,6,class->block->function->block->block_content->return,
2,4,rectangle_java2.jpg,rectangle_java2.jpg,310003519,84,957.6138095238096,590.69,910.5,585,62,21,return,6,class->block->function->block->block_content->return,
2,4,rectangle_java2.jpg,rectangle_java2.jpg,310235527,192,1027.70375,576.049375,977.5,585,101,21,this.width,10,class->block->function->block->block_content->return->expr->call->name->name->operator->name,
2,4,rectangle_java2.jpg,rectangle_java2.jpg,310399524,140,1048.7665714285715,574.9531428571429,977.5,585,101,21,this.width,10,class->block->function->block->block_content->return->expr->call->name->name->operator->name,
2,4,rectangle_java2.jpg,rectangle_java2.jpg,310511520,60,787.3113333333333,631.7926666666667,738.5,621,61,21,static,6,class->block->function->type->specifier,
2,4,rectangle_java2.jpg,rectangle_java2.jpg,310811573,152,772.3378947368421,639.0794736842105,738.5,621,61,21,static,6,class->block->function->type->specifier,
2,4,rectangle_java2.jpg,rectangle_java2.jpg,311059362,140,847.0125714285714,637.974,804.5,621,44,21,void,4,class->block->function->type->name,
2,4,rectangle_java2.jpg,rectangle_java2.jpg,311059362,140,847.0125714285714,637.974,851.5,621,44,21,main,4,class->block->function->name,
2,4,rectangle_java2.jpg,rectangle_java2.jpg,311263061,172,909.363953488372,628.9169767441861,904.5,621,9,21,(,1,class->block->function->parameter_list,
2,4,rectangle_java2.jpg,rectangle_java2.jpg,311263061,172,909.363953488372,628.9169767441861,920.5,621,62,21,String,6,class->block->function->parameter_list->parameter->decl->type->name->name,
2,4,rectangle_java2.jpg,rectangle_java2.jpg,311403133,120,968.3066666666666,627.0296666666667,920.5,621,62,21,String,6,class->block->function->parameter_list->parameter->decl->type->name->name,
2,4,rectangle_java2.jpg,rectangle_java2.jpg,311467234,60,973.2686666666668,629.8313333333333,920.5,621,62,21,String,6,class->block->function->parameter_list->parameter->decl->type->name->name,
2,4,rectangle_java2.jpg,rectangle_java2.jpg,311631375,84,1083.2719047619048,629.842380952381,1074.5,621,10,21,),1,class->block->function->parameter_list,
2,4,rectangle_java2.jpg,rectangle_java2.jpg,311631375,84,1083.2719047619048,629.842380952381,1094.5,621,10,21,{,1,class->block->function->block,
2,4,rectangle_java2.jpg,rectangle_java2.jpg,311731408,96,1086.0791666666669,613.40875,1094.5,621,10,21,{,1,class->block->function->block,
2,4,rectangle_java2.jpg,rectangle_java2.jpg,311871414,72,1130.3066666666666,673.5811111111111,1134.5,658,22,20,10,2,class->block->function->block->block_content->decl_stmt->decl->init->expr->call->argument_list->argument->expr->literal,
2,4,rectangle_java2.jpg,rectangle_java2.jpg,312043374,136,951.4638235294118,623.4508823529412,920.5,621,62,21,String,6,class->block->function->parameter_list->parameter->decl->type->name->name,
2,4,rectangle_java2.jpg,rectangle_java2.jpg,312147259,88,864.4213636363636,616.7509090909091,851.5,621,44,21,main,4,class->block->function->name,
2,4,rectangle_java2.jpg,rectangle_java2.jpg,312319321,116,805.5703448275863,620.4855172413793,804.5,621,44,21,void,4,class->block->function->type->name,
2,4,rectangle_java2.jpg,rectangle_java2.jpg,312523394,172,718.5611627906977,601.8555813953488,669.5,585,63,21,public,6,class->block->function->type->specifier,
2,4,rectangle_java2.jpg,rectangle_java2.jpg,312723443,144,807.8422222222222,589.895,804.5,585,43,21,area,4,class->block->function->name,
2,4,rectangle_java2.jpg,rectangle_java2.jpg,312919440,144,887.5002777777778,580.2011111111111,893.5,585,10,21,{,1,class->block->function->block,
2,4,rectangle_java2.jpg,rectangle_java2.jpg,313127319,184,955.5967391304348,584.0254347826087,910.5,585,62,21,return,6,class->block->function->block->block_content->return,
2,4,rectangle_java2.jpg,rectangle_java2.jpg,313303169,92,1042.4921739130434,578.8195652173913,977.5,585,101,21,this.width,10,class->block->function->block->block_content->return->expr->call->name->name->operator->name,
2,4,rectangle_java2.jpg,rectangle_java2.jpg,313411218,104,1048.605,582.7980769230769,977.5,585,101,21,this.width,10,class->block->function->block->block_content->return->expr->call->name->name->operator->name,
2,4,rectangle_java2.jpg,rectangle_java2.jpg,313699289,248,1093.4529032258065,565.4493548387097,1064.5,549,71,21,this.y1,7,class->block->function->block->block_content->return->expr->name->name->operator->name,
2,4,rectangle_java2.jpg,rectangle_java2.jpg,313963337,68,1316.2111764705885,575.045294117647,1315.5,585,10,21,},1,class->block->function->block,
2,4,rectangle_java2.jpg,rectangle_java2.jpg,314047310,80,1325.331,576.508,1315.5,585,10,21,},1,class->block->function->block,
2,4,rectangle_java2.jpg,rectangle_java2.jpg,314203306,64,759.793125,547.87375,737.5,549,33,21,int,3,class->block->function->type->name,
2,4,rectangle_java2.jpg,rectangle_java2.jpg,314431278,56,709.6935714285714,559.3407142857143,669.5,549,63,21,public,6,class->block->function->type->specifier,
2,4,rectangle_java2.jpg,rectangle_java2.jpg,314731281,228,824.8373684210526,547.3401754385965,775.5,549,62,21,height,6,class->block->function->name,
2,4,rectangle_java2.jpg,rectangle_java2.jpg,314959196,196,877.8771428571429,540.1985714285714,883.5,549,10,21,{,1,class->block->function->block,
2,4,rectangle_java2.jpg,rectangle_java2.jpg,315067032,104,881.0284615384616,539.5834615384615,883.5,549,10,21,{,1,class->block->function->block,
2,4,rectangle_java2.jpg,rectangle_java2.jpg,315143004,60,828.2966666666666,547.0886666666667,775.5,549,62,21,height,6,class->block->function->name,
2,4,rectangle_java2.jpg,rectangle_java2.jpg,315203047,56,826.1785714285714,553.85,775.5,549,62,21,height,6,class->block->function->name,
2,4,rectangle_java2.jpg,rectangle_java2.jpg,315299120,92,782.0391304347826,557.0669565217391,775.5,549,62,21,height,6,class->block->function->name,
2,4,rectangle_java2.jpg,rectangle_java2.jpg,315387157,84,778.0866666666667,548.4795238095238,775.5,549,62,21,height,6,class->block->function->name,
2,4,rectangle_java2.jpg,rectangle_java2.jpg,315539167,148,760.2191891891891,555.7940540540541,737.5,549,33,21,int,3,class->block->function->type->name,
2,4,rectangle_java2.jpg,rectangle_java2.jpg,315763201,180,824.5686666666667,539.8937777777778,775.5,549,62,21,height,6,class->block->function->name,
2,4,rectangle_java2.jpg,rectangle_java2.jpg,316463209,64,788.004375,457.0437500000001,730.5,440,71,21,this.y2,7,class->block->constructor->block->block_content->expr_stmt->expr->name->name->operator->name,
2,4,rectangle_java2.jpg,rectangle_java2.jpg,317623038,152,801.4757894736842,539.6160526315789,775.5,549,62,21,height,6,class->block->function->name,
2,4,rectangle_java2.jpg,rectangle_java2.jpg,318163053,136,799.444705882353,538.8091176470588,775.5,549,62,21,height,6,class->block->function->name,
2,4,rectangle_java2.jpg,rectangle_java2.jpg,318227025,60,807.342,547.8053333333334,775.5,549,62,21,height,6,class->block->function->name,
2,4,rectangle_java2.jpg,rectangle_java2.jpg,318346979,116,815.99,564.3424137931034,775.5,549,62,21,height,6,class->block->function->name,
2,4,rectangle_java2.jpg,rectangle_java2.jpg,318834706,68,787.444705882353,338.6335294117647,730.5,331,71,19,this.x1,7,class->block->constructor->block->block_content->expr_stmt->expr->name->name->operator->name,
2,4,rectangle_java2.jpg,rectangle_java2.jpg,319058864,220,782.8230909090909,326.014,730.5,331,71,19,this.x1,7,class->block->constructor->block->block_content->expr_stmt->expr->name->name->operator->name,
2,4,rectangle_java2.jpg,rectangle_java2.jpg,319282859,92,768.3939130434783,590.6621739130435,737.5,585,62,21,double,6,class->block->function->type->name,
2,4,rectangle_java2.jpg,rectangle_java2.jpg,319654884,152,765.3663157894737,693.1752631578947,730.5,694,177,21,System.out.println,18,class->block->function->block->block_content->expr_stmt->expr->call->name->name->operator->name->operator->name,
2,4,rectangle_java2.jpg,rectangle_java2.jpg,319770829,80,798.7965,672.7085,730.5,658,91,20,Rectangle,9,class->block->function->block->block_content->decl_stmt->decl->type->name,
2,4,rectangle_java2.jpg,rectangle_java2.jpg,319970897,108,875.9744444444444,658.5985185185185,826.5,658,52,20,rect1,5,class->block->function->block->block_content->decl_stmt->decl->name,
2,4,rectangle_java2.jpg,rectangle_java2.jpg,319970897,108,875.9744444444444,658.5985185185185,883.5,658,15,20,=,1,class->block->function->block->block_content->decl_stmt->decl->init,
2,4,rectangle_java2.jpg,rectangle_java2.jpg,320194864,120,943.6953333333332,628.797,920.5,621,62,21,String,6,class->block->function->parameter_list->parameter->decl->type->name->name,
2,4,rectangle_java2.jpg,rectangle_java2.jpg,320922769,108,1086.9925925925927,671.31,1095.5,658,13,20,0,1,class->block->function->block->block_content->decl_stmt->decl->init->expr->call->argument_list->argument->expr->literal,
2,4,rectangle_java2.jpg,rectangle_java2.jpg,321082793,156,1114.7507692307693,671.5717948717949,1115.5,658,10,20,"""","""",1,class->block->function->block->block_content->decl_stmt->decl->init->expr->call->argument_list
2,4,rectangle_java2.jpg,rectangle_java2.jpg,322114714,104,1108.666153846154,665.14,1115.5,658,10,20,"""","""",1,class->block->function->block->block_content->decl_stmt->decl->init->expr->call->argument_list
2,4,rectangle_java2.jpg,rectangle_java2.jpg,322898661,96,1001.9891666666668,609.7875,1007.5,621,10,21,],1,class->block->function->parameter_list->parameter->decl->type->name->index,
2,4,rectangle_java2.jpg,rectangle_java2.jpg,323062601,160,998.73375,611.24475,990.5,621,10,21,[,1,class->block->function->parameter_list->parameter->decl->type->name->index,
2,4,rectangle_java2.jpg,rectangle_java2.jpg,323062601,160,998.73375,611.24475,1007.5,621,10,21,],1,class->block->function->parameter_list->parameter->decl->type->name->index,
2,4,rectangle_java2.jpg,rectangle_java2.jpg,323162594,56,999.2314285714284,639.6085714285714,990.5,621,10,21,[,1,class->block->function->parameter_list->parameter->decl->type->name->index,
2,4,rectangle_java2.jpg,rectangle_java2.jpg,323162594,56,999.2314285714284,639.6085714285714,1007.5,621,10,21,],1,class->block->function->parameter_list->parameter->decl->type->name->index,
2,4,rectangle_java2.jpg,rectangle_java2.jpg,323374609,68,812.0088235294118,647.9035294117647,730.5,658,91,20,Rectangle,9,class->block->function->block->block_content->decl_stmt->decl->type->name,
2,4,rectangle_java2.jpg,rectangle_java2.jpg,323530614,64,900.494375,634.7075,904.5,621,9,21,(,1,class->block->function->parameter_list,
2,4,rectangle_java2.jpg,rectangle_java2.jpg,323702583,72,760.9766666666667,646.0122222222222,730.5,658,91,20,Rectangle,9,class->block->function->block->block_content->decl_stmt->decl->type->name,
2,4,rectangle_java2.jpg,rectangle_java2.jpg,323838556,92,773.8560869565217,649.6213043478261,730.5,658,91,20,Rectangle,9,class->block->function->block->block_content->decl_stmt->decl->type->name,
2,4,rectangle_java2.jpg,rectangle_java2.jpg,324098627,92,985.5717391304348,632.0539130434782,990.5,621,10,21,[,1,class->block->function->parameter_list->parameter->decl->type->name->index,
2,4,rectangle_java2.jpg,rectangle_java2.jpg,324302505,80,1182.258,600.858,1140.5,585,110,21,this.height,11,class->block->function->block->block_content->return->expr->call->name->name->operator->name,
2,4,rectangle_java2.jpg,rectangle_java2.jpg,324766579,152,1121.404210526316,283.4218421052632,1112.5,295,33,21,int,3,class->block->constructor->parameter_list->parameter->decl->type->name,
2,4,rectangle_java2.jpg,rectangle_java2.jpg,325406548,136,1053.0126470588236,284.73,1025.5,295,33,21,int,3,class->block->constructor->parameter_list->parameter->decl->type->name,
2,4,rectangle_java2.jpg,rectangle_java2.jpg,325406548,136,1053.0126470588236,284.73,1063.5,295,23,21,x2,2,class->block->constructor->parameter_list->parameter->decl->type->name,
2,4,rectangle_java2.jpg,rectangle_java2.jpg,325926574,56,1132.952142857143,674.0528571428572,1134.5,658,22,20,10,2,class->block->function->block->block_content->decl_stmt->decl->init->expr->call->argument_list->argument->expr->literal,
2,4,rectangle_java2.jpg,rectangle_java2.jpg,325986534,56,1115.515,662.9321428571428,1115.5,658,10,20,"""","""",1,class->block->function->block->block_content->decl_stmt->decl->init->expr->call->argument_list
2,4,rectangle_java2.jpg,rectangle_java2.jpg,326514397,140,1075.4742857142858,681.8325714285714,1077.5,694,9,21,),1,class->block->function->block->block_content->expr_stmt->expr->call->argument_list,
2,4,rectangle_java2.jpg,rectangle_java2.jpg,326658351,60,868.0233333333333,674.6666666666666,826.5,658,52,20,rect1,5,class->block->function->block->block_content->decl_stmt->decl->name,
2,4,rectangle_java2.jpg,rectangle_java2.jpg,326770328,96,780.1233333333333,689.4416666666666,730.5,694,177,21,System.out.println,18,class->block->function->block->block_content->expr_stmt->expr->call->name->name->operator->name->operator->name,
2,4,rectangle_java2.jpg,rectangle_java2.jpg,326846339,72,774.4455555555555,688.5361111111112,730.5,694,177,21,System.out.println,18,class->block->function->block->block_content->expr_stmt->expr->call->name->name->operator->name->operator->name,
2,4,rectangle_java2.jpg,rectangle_java2.jpg,326938354,72,846.7294444444444,685.6427777777778,730.5,694,177,21,System.out.println,18,class->block->function->block->block_content->expr_stmt->expr->call->name->name->operator->name->operator->name,
2,4,rectangle_java2.jpg,rectangle_java2.jpg,327034351,72,846.6427777777778,691.95,730.5,694,177,21,System.out.println,18,class->block->function->block->block_content->expr_stmt->expr->call->name->name->operator->name->operator->name,
2,4,rectangle_java2.jpg,rectangle_java2.jpg,327142346,76,900.3410526315789,683.9484210526316,730.5,694,177,21,System.out.println,18,class->block->function->block->block_content->expr_stmt->expr->call->name->name->operator->name->operator->name,
2,4,rectangle_java2.jpg,rectangle_java2.jpg,327330350,124,968.8890322580644,675.2696774193548,941.5,658,91,20,Rectangle,9,class->block->function->block->block_content->decl_stmt->decl->init->expr->call->name,
2,4,rectangle_java2.jpg,rectangle_java2.jpg,327486483,152,960.1663157894736,694.7215789473685,932.5,694,100,21,rect1.area,10,class->block->function->block->block_content->expr_stmt->expr->call->argument_list->argument->expr->call->name->name->operator->name,
2,4,rectangle_java2.jpg,rectangle_java2.jpg,327550508,60,1015.2513333333334,689.982,932.5,694,100,21,rect1.area,10,class->block->function->block->block_content->expr_stmt->expr->call->argument_list->argument->expr->call->name->name->operator->name,
2,4,rectangle_java2.jpg,rectangle_java2.jpg,327650435,96,1012.8295833333332,677.79,941.5,658,91,20,Rectangle,9,class->block->function->block->block_content->decl_stmt->decl->init->expr->call->name,
2,4,rectangle_java2.jpg,rectangle_java2.jpg,327910363,116,877.2589655172413,706.3603448275862,730.5,694,177,21,System.out.println,18,class->block->function->block->block_content->expr_stmt->expr->call->name->name->operator->name->operator->name,
2,4,rectangle_java2.jpg,rectangle_java2.jpg,328026300,112,874.2496428571428,693.5653571428571,730.5,694,177,21,System.out.println,18,class->block->function->block->block_content->expr_stmt->expr->call->name->name->operator->name->operator->name,
2,4,rectangle_java2.jpg,rectangle_java2.jpg,328202227,136,762.4261764705882,730.8420588235294,730.5,731,91,20,Rectangle,9,class->block->function->block->block_content->decl_stmt->decl->type->name,
2,4,rectangle_java2.jpg,rectangle_java2.jpg,328382254,152,876.0755263157895,730.5415789473684,826.5,731,51,20,rect2,5,class->block->function->block->block_content->decl_stmt->decl->name,
2,4,rectangle_java2.jpg,rectangle_java2.jpg,328382254,152,876.0755263157895,730.5415789473684,883.5,731,15,20,=,1,class->block->function->block->block_content->decl_stmt->decl->init,
2,4,rectangle_java2.jpg,rectangle_java2.jpg,328574292,120,947.193,739.099,941.5,731,91,20,Rectangle,9,class->block->function->block->block_content->decl_stmt->decl->init->expr->call->name,
2,4,rectangle_java2.jpg,rectangle_java2.jpg,328706240,56,982.0207142857142,726.3642857142858,941.5,731,91,20,Rectangle,9,class->block->function->block->block_content->decl_stmt->decl->init->expr->call->name,
2,4,rectangle_java2.jpg,rectangle_java2.jpg,328970294,232,1086.8525862068966,753.7022413793103,1096.5,766,10,21,;,1,class->block->function->block->block_content->expr_stmt,
2,4,rectangle_java2.jpg,rectangle_java2.jpg,329346224,116,969.4644827586206,747.2310344827586,941.5,731,91,20,Rectangle,9,class->block->function->block->block_content->decl_stmt->decl->init->expr->call->name,
2,4,rectangle_java2.jpg,rectangle_java2.jpg,329482245,60,920.9986666666666,769.752,916.5,766,9,21,(,1,class->block->function->block->block_content->expr_stmt->expr->call->argument_list,
2,4,rectangle_java2.jpg,rectangle_java2.jpg,329482245,60,920.9986666666666,769.752,932.5,766,100,21,rect2.area,10,class->block->function->block->block_content->expr_stmt->expr->call->argument_list->argument->expr->call->name->name->operator->name,
2,4,rectangle_java2.jpg,rectangle_java2.jpg,329646240,140,813.8822857142857,781.8257142857143,730.5,766,177,21,System.out.println,18,class->block->function->block->block_content->expr_stmt->expr->call->name->name->operator->name->operator->name,
2,4,rectangle_java2.jpg,rectangle_java2.jpg,329954114,112,851.0114285714286,781.155,730.5,766,177,21,System.out.println,18,class->block->function->block->block_content->expr_stmt->expr->call->name->name->operator->name->operator->name,
