trial,participant,code_file,code_language,timestamp,duration,x_cord,y_cord,aoi_x,aoi_y,aoi_width,aoi_height,token,length,srcML,
2,50,rectangle_java2.jpg,rectangle_java2.jpg,5096941992,104,757.5442307692308,313.3023076923077,737.5,295,91,21,Rectangle,9,class->block->constructor->name,
2,50,rectangle_java2.jpg,rectangle_java2.jpg,5097022149,76,759.5126315789473,328.00947368421055,730.5,331,71,19,this.x1,7,class->block->constructor->block->block_content->expr_stmt->expr->name->name->operator->name,
2,50,rectangle_java2.jpg,rectangle_java2.jpg,5098273848,72,771.1366666666667,214.45055555555552,715.5,222,90,21,Rectangle,9,class->name,
2,50,rectangle_java2.jpg,rectangle_java2.jpg,5099345660,204,764.2494117647059,213.203137254902,715.5,222,90,21,Rectangle,9,class->name,
2,50,rectangle_java2.jpg,rectangle_java2.jpg,5100709425,76,762.161052631579,237.57421052631585,715.5,222,90,21,Rectangle,9,class->name,
2,50,rectangle_java2.jpg,rectangle_java2.jpg,5101445630,84,795.3195238095238,289.82238095238097,737.5,295,91,21,Rectangle,9,class->block->constructor->name,
2,50,rectangle_java2.jpg,rectangle_java2.jpg,5101565835,84,800.077619047619,277.8204761904762,785.5,259,23,21,x1,2,class->block->decl_stmt->decl->name,
2,50,rectangle_java2.jpg,rectangle_java2.jpg,5101837642,184,759.0715217391304,277.11782608695654,747.5,259,33,21,int,3,class->block->decl_stmt->decl->type->name,
2,50,rectangle_java2.jpg,rectangle_java2.jpg,5101989561,76,838.9605263157895,279.95105263157893,833.5,259,23,21,y1,2,class->block->decl_stmt->decl->name,
2,50,rectangle_java2.jpg,rectangle_java2.jpg,5102109424,76,819.7805263157894,264.85,815.5,259,10,21,"""","""",1,class->block->decl_stmt
2,50,rectangle_java2.jpg,rectangle_java2.jpg,5102349298,156,950.8194871794872,252.9002564102564,929.5,259,23,21,y2,2,class->block->decl_stmt->decl->name,
2,50,rectangle_java2.jpg,rectangle_java2.jpg,5102349298,156,950.8194871794872,252.9002564102564,959.5,259,10,21,;,1,class->block->decl_stmt,
2,50,rectangle_java2.jpg,rectangle_java2.jpg,5102473402,120,942.6193333333332,248.305,929.5,259,23,21,y2,2,class->block->decl_stmt->decl->name,
2,50,rectangle_java2.jpg,rectangle_java2.jpg,5102665459,96,806.5929166666667,330.0875,806.5,331,15,19,=,1,class->block->constructor->block->block_content->expr_stmt->expr->operator,
2,50,rectangle_java2.jpg,rectangle_java2.jpg,5102973439,72,861.3638888888889,335.99055555555555,856.5,331,10,19,;,1,class->block->constructor->block->block_content->expr_stmt,
2,50,rectangle_java2.jpg,rectangle_java2.jpg,5103781362,84,770.4409523809524,297.8552380952381,737.5,295,91,21,Rectangle,9,class->block->constructor->name,
2,50,rectangle_java2.jpg,rectangle_java2.jpg,5103845309,60,770.7333333333333,304.70666666666665,737.5,295,91,21,Rectangle,9,class->block->constructor->name,
2,50,rectangle_java2.jpg,rectangle_java2.jpg,5103981272,56,831.4764285714286,252.28571428571428,833.5,259,23,21,y1,2,class->block->decl_stmt->decl->name,
2,50,rectangle_java2.jpg,rectangle_java2.jpg,5104981291,64,778.75125,213.8475,715.5,222,90,21,Rectangle,9,class->name,
2,50,rectangle_java2.jpg,rectangle_java2.jpg,5105085293,60,782.3566666666667,335.25666666666666,730.5,331,71,19,this.x1,7,class->block->constructor->block->block_content->expr_stmt->expr->name->name->operator->name,
2,50,rectangle_java2.jpg,rectangle_java2.jpg,5105417095,68,862.234705882353,326.1276470588235,856.5,331,10,19,;,1,class->block->constructor->block->block_content->expr_stmt,
2,50,rectangle_java2.jpg,rectangle_java2.jpg,5105485123,64,851.0925,332.02625,856.5,331,10,19,;,1,class->block->constructor->block->block_content->expr_stmt,
2,50,rectangle_java2.jpg,rectangle_java2.jpg,5105585131,60,929.96,302.93733333333336,921.5,295,9,21,"""","""",1,class->block->constructor->parameter_list
2,50,rectangle_java2.jpg,rectangle_java2.jpg,5105585131,60,929.96,302.93733333333336,939.5,295,33,21,int,3,class->block->constructor->parameter_list->parameter->decl->type->name,
2,50,rectangle_java2.jpg,rectangle_java2.jpg,5105709142,120,933.3996666666668,304.6573333333333,939.5,295,33,21,int,3,class->block->constructor->parameter_list->parameter->decl->type->name,
2,50,rectangle_java2.jpg,rectangle_java2.jpg,5105769149,56,932.7228571428572,292.10785714285714,939.5,295,33,21,int,3,class->block->constructor->parameter_list->parameter->decl->type->name,
2,50,rectangle_java2.jpg,rectangle_java2.jpg,5105881161,108,933.9455555555556,297.59592592592594,939.5,295,33,21,int,3,class->block->constructor->parameter_list->parameter->decl->type->name,
2,50,rectangle_java2.jpg,rectangle_java2.jpg,5106141116,56,1018.225,306.5521428571429,1025.5,295,33,21,int,3,class->block->constructor->parameter_list->parameter->decl->type->name,
2,50,rectangle_java2.jpg,rectangle_java2.jpg,5106321149,80,1089.916,286.72,1094.5,295,9,21,"""","""",1,class->block->constructor->parameter_list
2,50,rectangle_java2.jpg,rectangle_java2.jpg,5106577157,112,1137.7782142857145,311.0889285714286,1112.5,295,33,21,int,3,class->block->constructor->parameter_list->parameter->decl->type->name,
2,50,rectangle_java2.jpg,rectangle_java2.jpg,5106717111,136,1131.315,296.3305882352941,1112.5,295,33,21,int,3,class->block->constructor->parameter_list->parameter->decl->type->name,
2,50,rectangle_java2.jpg,rectangle_java2.jpg,5106816831,96,1137.0108333333333,310.49875,1112.5,295,33,21,int,3,class->block->constructor->parameter_list->parameter->decl->type->name,
2,50,rectangle_java2.jpg,rectangle_java2.jpg,5106948723,72,1135.4227777777778,293.4216666666667,1112.5,295,33,21,int,3,class->block->constructor->parameter_list->parameter->decl->type->name,
2,50,rectangle_java2.jpg,rectangle_java2.jpg,5107024863,72,1131.5622222222223,307.80111111111114,1112.5,295,33,21,int,3,class->block->constructor->parameter_list->parameter->decl->type->name,
2,50,rectangle_java2.jpg,rectangle_java2.jpg,5107272951,80,1139.1665,291.401,1112.5,295,33,21,int,3,class->block->constructor->parameter_list->parameter->decl->type->name,
2,50,rectangle_java2.jpg,rectangle_java2.jpg,5107272951,80,1139.1665,291.401,1150.5,295,23,21,y2,2,class->block->constructor->parameter_list->parameter->decl->type->name,
2,50,rectangle_java2.jpg,rectangle_java2.jpg,5107468990,124,910.8709677419356,279.4374193548387,911.5,259,10,21,"""","""",1,class->block->decl_stmt
2,50,rectangle_java2.jpg,rectangle_java2.jpg,5107717083,144,834.1483333333333,348.3497222222222,826.5,331,23,19,x1,2,class->block->constructor->block->block_content->expr_stmt->expr->name->name,
2,50,rectangle_java2.jpg,rectangle_java2.jpg,5108817000,64,840.151875,341.7075,826.5,331,23,19,x1,2,class->block->constructor->block->block_content->expr_stmt->expr->name->name,
2,50,rectangle_java2.jpg,rectangle_java2.jpg,5108916994,96,852.01125,326.01375,856.5,331,10,19,;,1,class->block->constructor->block->block_content->expr_stmt,
2,50,rectangle_java2.jpg,rectangle_java2.jpg,5109612864,60,802.82,385.4513333333333,806.5,367,15,21,=,1,class->block->constructor->block->block_content->expr_stmt->expr->operator,
2,50,rectangle_java2.jpg,rectangle_java2.jpg,5109684870,68,811.8364705882353,401.2264705882353,806.5,404,15,19,=,1,class->block->constructor->block->block_content->expr_stmt->expr->operator,
2,50,rectangle_java2.jpg,rectangle_java2.jpg,5109768873,80,806.6205,393.39,806.5,404,15,19,=,1,class->block->constructor->block->block_content->expr_stmt->expr->operator,
2,50,rectangle_java2.jpg,rectangle_java2.jpg,5111012797,60,848.148,337.944,826.5,331,23,19,x1,2,class->block->constructor->block->block_content->expr_stmt->expr->name->name,
2,50,rectangle_java2.jpg,rectangle_java2.jpg,5111012797,60,848.148,337.944,856.5,331,10,19,;,1,class->block->constructor->block->block_content->expr_stmt,
2,50,rectangle_java2.jpg,rectangle_java2.jpg,5111256779,64,795.2950000000001,325.109375,730.5,331,71,19,this.x1,7,class->block->constructor->block->block_content->expr_stmt->expr->name->name->operator->name,
2,50,rectangle_java2.jpg,rectangle_java2.jpg,5111256779,64,795.2950000000001,325.109375,806.5,331,15,19,=,1,class->block->constructor->block->block_content->expr_stmt->expr->operator,
2,50,rectangle_java2.jpg,rectangle_java2.jpg,5111400749,56,802.9685714285714,338.84785714285715,806.5,331,15,19,=,1,class->block->constructor->block->block_content->expr_stmt->expr->operator,
2,50,rectangle_java2.jpg,rectangle_java2.jpg,5111860602,64,834.175625,344.26875,826.5,331,23,19,x1,2,class->block->constructor->block->block_content->expr_stmt->expr->name->name,
2,50,rectangle_java2.jpg,rectangle_java2.jpg,5111920585,56,850.4778571428571,338.60214285714284,856.5,331,10,19,;,1,class->block->constructor->block->block_content->expr_stmt,
2,50,rectangle_java2.jpg,rectangle_java2.jpg,5112004554,80,849.371,349.8075,826.5,331,23,19,x1,2,class->block->constructor->block->block_content->expr_stmt->expr->name->name,
2,50,rectangle_java2.jpg,rectangle_java2.jpg,5112004554,80,849.371,349.8075,856.5,331,10,19,;,1,class->block->constructor->block->block_content->expr_stmt,
2,50,rectangle_java2.jpg,rectangle_java2.jpg,5112148587,92,849.9486956521739,340.28565217391304,856.5,331,10,19,;,1,class->block->constructor->block->block_content->expr_stmt,
2,50,rectangle_java2.jpg,rectangle_java2.jpg,5112276627,68,805.2588235294118,380.9776470588236,806.5,367,15,21,=,1,class->block->constructor->block->block_content->expr_stmt->expr->operator,
2,50,rectangle_java2.jpg,rectangle_java2.jpg,5112400619,120,793.9486666666667,383.631,730.5,367,71,21,this.y1,7,class->block->constructor->block->block_content->expr_stmt->expr->name->name->operator->name,
2,50,rectangle_java2.jpg,rectangle_java2.jpg,5112460615,56,811.2678571428571,374.9671428571429,806.5,367,15,21,=,1,class->block->constructor->block->block_content->expr_stmt->expr->operator,
2,50,rectangle_java2.jpg,rectangle_java2.jpg,5112644617,124,848.6787096774193,392.5393548387097,826.5,404,23,19,x2,2,class->block->constructor->block->block_content->expr_stmt->expr->name->name,
2,50,rectangle_java2.jpg,rectangle_java2.jpg,5112644617,124,848.6787096774193,392.5393548387097,856.5,404,10,19,;,1,class->block->constructor->block->block_content->expr_stmt,
2,50,rectangle_java2.jpg,rectangle_java2.jpg,5112776647,80,817.441,384.8265,806.5,367,15,21,=,1,class->block->constructor->block->block_content->expr_stmt->expr->operator,
2,50,rectangle_java2.jpg,rectangle_java2.jpg,5112776647,80,817.441,384.8265,826.5,367,23,21,y1,2,class->block->constructor->block->block_content->expr_stmt->expr->name->name,
2,50,rectangle_java2.jpg,rectangle_java2.jpg,5113212505,64,843.0975,283.838125,837.5,295,9,21,(,1,class->block->constructor->parameter_list,
2,50,rectangle_java2.jpg,rectangle_java2.jpg,5113212505,64,843.0975,283.838125,853.5,295,32,21,int,3,class->block->constructor->parameter_list->parameter->decl->type->name,
2,50,rectangle_java2.jpg,rectangle_java2.jpg,5113280458,64,825.615625,279.756875,833.5,259,23,21,y1,2,class->block->decl_stmt->decl->name,
2,50,rectangle_java2.jpg,rectangle_java2.jpg,5113368465,84,838.9690476190476,289.87380952380954,837.5,295,9,21,(,1,class->block->constructor->parameter_list,
2,50,rectangle_java2.jpg,rectangle_java2.jpg,5113720500,60,879.692,287.458,853.5,295,32,21,int,3,class->block->constructor->parameter_list->parameter->decl->type->name,
2,50,rectangle_java2.jpg,rectangle_java2.jpg,5113720500,60,879.692,287.458,890.5,295,24,21,x1,2,class->block->constructor->parameter_list->parameter->decl->type->name,
2,50,rectangle_java2.jpg,rectangle_java2.jpg,5114240408,56,917.77,304.1878571428571,921.5,295,9,21,"""","""",1,class->block->constructor->parameter_list
2,50,rectangle_java2.jpg,rectangle_java2.jpg,5114308425,64,913.89375,314.893125,890.5,295,24,21,x1,2,class->block->constructor->parameter_list->parameter->decl->type->name,
2,50,rectangle_java2.jpg,rectangle_java2.jpg,5114308425,64,913.89375,314.893125,921.5,295,9,21,"""","""",1,class->block->constructor->parameter_list
2,50,rectangle_java2.jpg,rectangle_java2.jpg,5114376466,64,921.61125,310.6825,921.5,295,9,21,"""","""",1,class->block->constructor->parameter_list
2,50,rectangle_java2.jpg,rectangle_java2.jpg,5115024363,56,804.7242857142857,416.74785714285713,806.5,404,15,19,=,1,class->block->constructor->block->block_content->expr_stmt->expr->operator,
2,50,rectangle_java2.jpg,rectangle_java2.jpg,5115340378,64,865.604375,402.02625,856.5,404,10,19,;,1,class->block->constructor->block->block_content->expr_stmt,
2,50,rectangle_java2.jpg,rectangle_java2.jpg,5116020391,60,732.9346666666667,548.046,737.5,549,33,21,int,3,class->block->function->type->name,
2,50,rectangle_java2.jpg,rectangle_java2.jpg,5116516221,76,863.931052631579,586.0536842105263,856.5,585,9,21,(,1,class->block->function->parameter_list,
2,50,rectangle_java2.jpg,rectangle_java2.jpg,5116516221,76,863.931052631579,586.0536842105263,873.5,585,9,21,),1,class->block->function->parameter_list,
2,50,rectangle_java2.jpg,rectangle_java2.jpg,5117956221,64,815.251875,529.149375,775.5,512,53,21,width,5,class->block->function->name,
2,50,rectangle_java2.jpg,rectangle_java2.jpg,5118208366,80,839.9385,509.256,837.5,512,9,21,(,1,class->block->function->parameter_list,
2,50,rectangle_java2.jpg,rectangle_java2.jpg,5118280452,68,843.3676470588235,523.3770588235294,837.5,512,9,21,(,1,class->block->function->parameter_list,
2,50,rectangle_java2.jpg,rectangle_java2.jpg,5118280452,68,843.3676470588235,523.3770588235294,854.5,512,9,21,),1,class->block->function->parameter_list,
2,50,rectangle_java2.jpg,rectangle_java2.jpg,5118396240,72,951.0761111111112,545.5155555555556,900.5,549,63,21,return,6,class->block->function->block->block_content->return,
2,50,rectangle_java2.jpg,rectangle_java2.jpg,5118572083,72,962.8044444444444,508.2583333333333,958.5,512,71,21,this.x2,7,class->block->function->block->block_content->return->expr->name->name->operator->name->operator,
2,50,rectangle_java2.jpg,rectangle_java2.jpg,5119423858,60,937.7413333333334,657.4913333333334,941.5,658,91,20,Rectangle,9,class->block->function->block->block_content->decl_stmt->decl->init->expr->call->name,
2,50,rectangle_java2.jpg,rectangle_java2.jpg,5128839211,64,818.05375,528.91875,775.5,512,53,21,width,5,class->block->function->name,
2,50,rectangle_java2.jpg,rectangle_java2.jpg,5129215327,68,795.83,441.7941176470588,730.5,440,71,21,this.y2,7,class->block->constructor->block->block_content->expr_stmt->expr->name->name->operator->name,
2,50,rectangle_java2.jpg,rectangle_java2.jpg,5129215327,68,795.83,441.7941176470588,806.5,440,15,21,=,1,class->block->constructor->block->block_content->expr_stmt->expr->operator,
2,50,rectangle_java2.jpg,rectangle_java2.jpg,5129459176,104,901.3253846153848,747.5392307692308,902.5,731,34,20,new,3,class->block->function->block->block_content->decl_stmt->decl->init->expr->operator,
2,50,rectangle_java2.jpg,rectangle_java2.jpg,5129579166,72,903.776111111111,729.9505555555555,902.5,731,34,20,new,3,class->block->function->block->block_content->decl_stmt->decl->init->expr->operator,
2,50,rectangle_java2.jpg,rectangle_java2.jpg,5129871093,108,998.7755555555556,740.2892592592592,941.5,731,91,20,Rectangle,9,class->block->function->block->block_content->decl_stmt->decl->init->expr->call->name,
2,50,rectangle_java2.jpg,rectangle_java2.jpg,5129947068,56,995.955,729.6142857142858,941.5,731,91,20,Rectangle,9,class->block->function->block->block_content->decl_stmt->decl->init->expr->call->name,
2,50,rectangle_java2.jpg,rectangle_java2.jpg,5130027068,76,1003.1352631578948,728.6805263157895,941.5,731,91,20,Rectangle,9,class->block->function->block->block_content->decl_stmt->decl->init->expr->call->name,
2,50,rectangle_java2.jpg,rectangle_java2.jpg,5130183129,152,1007.8486842105264,713.9407894736842,932.5,694,100,21,rect1.area,10,class->block->function->block->block_content->expr_stmt->expr->call->argument_list->argument->expr->call->name->name->operator->name,
2,50,rectangle_java2.jpg,rectangle_java2.jpg,5130346968,56,790.9764285714285,501.97428571428577,775.5,512,53,21,width,5,class->block->function->name,
2,50,rectangle_java2.jpg,rectangle_java2.jpg,5130691051,80,889.8495,503.9895,891.5,512,62,21,return,6,class->block->function->block->block_content->return->expr->name->name,
2,50,rectangle_java2.jpg,rectangle_java2.jpg,5130791064,96,889.9691666666666,506.24875,891.5,512,62,21,return,6,class->block->function->block->block_content->return->expr->name->name,
2,50,rectangle_java2.jpg,rectangle_java2.jpg,5131803254,108,829.7129629629629,742.9803703703703,826.5,731,51,20,rect2,5,class->block->function->block->block_content->decl_stmt->decl->name,
2,50,rectangle_java2.jpg,rectangle_java2.jpg,5133035149,104,810.4788461538461,332.74115384615385,806.5,331,15,19,=,1,class->block->constructor->block->block_content->expr_stmt->expr->operator,
2,50,rectangle_java2.jpg,rectangle_java2.jpg,5133230923,76,802.7784210526315,210.58368421052631,715.5,222,90,21,Rectangle,9,class->name,
2,50,rectangle_java2.jpg,rectangle_java2.jpg,5133230923,76,802.7784210526315,210.58368421052631,813.5,222,10,21,{,1,class->block,
2,50,rectangle_java2.jpg,rectangle_java2.jpg,5133638784,136,859.4173529411764,248.03235294117644,863.5,259,10,21,"""","""",1,class->block->decl_stmt
2,50,rectangle_java2.jpg,rectangle_java2.jpg,5133774753,132,859.5827272727273,259.6248484848485,863.5,259,10,21,"""","""",1,class->block->decl_stmt
2,50,rectangle_java2.jpg,rectangle_java2.jpg,5135958635,136,819.5379411764706,337.7058823529412,806.5,331,15,19,=,1,class->block->constructor->block->block_content->expr_stmt->expr->operator,
2,50,rectangle_java2.jpg,rectangle_java2.jpg,5135958635,136,819.5379411764706,337.7058823529412,826.5,331,23,19,x1,2,class->block->constructor->block->block_content->expr_stmt->expr->name->name,
2,50,rectangle_java2.jpg,rectangle_java2.jpg,5136226550,80,877.8045,283.1015,853.5,295,32,21,int,3,class->block->constructor->parameter_list->parameter->decl->type->name,
2,50,rectangle_java2.jpg,rectangle_java2.jpg,5136422422,108,874.9837037037037,299.8414814814815,853.5,295,32,21,int,3,class->block->constructor->parameter_list->parameter->decl->type->name,
2,50,rectangle_java2.jpg,rectangle_java2.jpg,5136766275,76,835.5405263157895,314.2921052631579,837.5,295,9,21,(,1,class->block->constructor->parameter_list,
2,50,rectangle_java2.jpg,rectangle_java2.jpg,5137330462,68,845.0882352941177,298.8741176470588,837.5,295,9,21,(,1,class->block->constructor->parameter_list,
2,50,rectangle_java2.jpg,rectangle_java2.jpg,5137330462,68,845.0882352941177,298.8741176470588,853.5,295,32,21,int,3,class->block->constructor->parameter_list->parameter->decl->type->name,
2,50,rectangle_java2.jpg,rectangle_java2.jpg,5137478539,100,823.7664,260.4348,815.5,259,10,21,"""","""",1,class->block->decl_stmt
2,50,rectangle_java2.jpg,rectangle_java2.jpg,5137478539,100,823.7664,260.4348,833.5,259,23,21,y1,2,class->block->decl_stmt->decl->name,
2,50,rectangle_java2.jpg,rectangle_java2.jpg,5137542538,60,831.2053333333333,250.92266666666663,833.5,259,23,21,y1,2,class->block->decl_stmt->decl->name,
2,50,rectangle_java2.jpg,rectangle_java2.jpg,5139958155,72,800.1894444444445,217.31388888888887,715.5,222,90,21,Rectangle,9,class->name,
2,50,rectangle_java2.jpg,rectangle_java2.jpg,5140286293,96,776.87,233.7925,715.5,222,90,21,Rectangle,9,class->name,
2,50,rectangle_java2.jpg,rectangle_java2.jpg,5140362257,72,772.0788888888889,220.80444444444447,715.5,222,90,21,Rectangle,9,class->name,
2,50,rectangle_java2.jpg,rectangle_java2.jpg,5141930080,64,774.196875,256.81375,747.5,259,33,21,int,3,class->block->decl_stmt->decl->type->name,
2,50,rectangle_java2.jpg,rectangle_java2.jpg,5141930080,64,774.196875,256.81375,785.5,259,23,21,x1,2,class->block->decl_stmt->decl->name,
2,50,rectangle_java2.jpg,rectangle_java2.jpg,5142002091,68,774.8241176470589,238.91058823529409,715.5,222,90,21,Rectangle,9,class->name,
2,50,rectangle_java2.jpg,rectangle_java2.jpg,5142102107,96,779.8620833333333,254.02,747.5,259,33,21,int,3,class->block->decl_stmt->decl->type->name,
2,50,rectangle_java2.jpg,rectangle_java2.jpg,5142102107,96,779.8620833333333,254.02,785.5,259,23,21,x1,2,class->block->decl_stmt->decl->name,
2,50,rectangle_java2.jpg,rectangle_java2.jpg,5142290108,104,820.8673076923077,271.9546153846154,815.5,259,10,21,"""","""",1,class->block->decl_stmt
2,50,rectangle_java2.jpg,rectangle_java2.jpg,5142506081,100,790.5168,232.9868,715.5,222,90,21,Rectangle,9,class->name,
2,50,rectangle_java2.jpg,rectangle_java2.jpg,5144777858,76,798.3584210526316,257.7978947368421,785.5,259,23,21,x1,2,class->block->decl_stmt->decl->name,
2,50,rectangle_java2.jpg,rectangle_java2.jpg,5144873879,92,798.1817391304348,262.934347826087,785.5,259,23,21,x1,2,class->block->decl_stmt->decl->name,
2,50,rectangle_java2.jpg,rectangle_java2.jpg,5145013903,96,801.2787500000001,234.71375,715.5,222,90,21,Rectangle,9,class->name,
2,50,rectangle_java2.jpg,rectangle_java2.jpg,5145013903,96,801.2787500000001,234.71375,813.5,222,10,21,{,1,class->block,
2,50,rectangle_java2.jpg,rectangle_java2.jpg,5145125906,108,802.5381481481481,251.23370370370367,785.5,259,23,21,x1,2,class->block->decl_stmt->decl->name,
2,50,rectangle_java2.jpg,rectangle_java2.jpg,5145357857,88,776.1927272727273,287.095,737.5,295,91,21,Rectangle,9,class->block->constructor->name,
2,50,rectangle_java2.jpg,rectangle_java2.jpg,5145445846,84,771.2833333333333,279.7609523809524,747.5,259,33,21,int,3,class->block->decl_stmt->decl->type->name,
2,50,rectangle_java2.jpg,rectangle_java2.jpg,5145805805,328,823.425243902439,265.21158536585364,815.5,259,10,21,"""","""",1,class->block->decl_stmt
2,50,rectangle_java2.jpg,rectangle_java2.jpg,5145805805,328,823.425243902439,265.21158536585364,833.5,259,23,21,y1,2,class->block->decl_stmt->decl->name,
2,50,rectangle_java2.jpg,rectangle_java2.jpg,5145945718,64,759.23125,277.510625,747.5,259,33,21,int,3,class->block->decl_stmt->decl->type->name,
2,50,rectangle_java2.jpg,rectangle_java2.jpg,5146009621,60,763.5253333333334,271.97866666666664,747.5,259,33,21,int,3,class->block->decl_stmt->decl->type->name,
2,50,rectangle_java2.jpg,rectangle_java2.jpg,5146293659,136,818.4070588235294,231.0967647058824,813.5,222,10,21,{,1,class->block,
2,50,rectangle_java2.jpg,rectangle_java2.jpg,5146369666,72,819.6572222222222,242.00388888888887,813.5,222,10,21,{,1,class->block,
2,50,rectangle_java2.jpg,rectangle_java2.jpg,5146577682,92,937.73,247.2404347826087,929.5,259,23,21,y2,2,class->block->decl_stmt->decl->name,
2,50,rectangle_java2.jpg,rectangle_java2.jpg,5146653690,72,945.3605555555556,267.9422222222222,929.5,259,23,21,y2,2,class->block->decl_stmt->decl->name,
2,50,rectangle_java2.jpg,rectangle_java2.jpg,5146929388,72,799.3844444444444,242.0105555555556,715.5,222,90,21,Rectangle,9,class->name,
2,50,rectangle_java2.jpg,rectangle_java2.jpg,5147009485,76,801.3436842105264,254.5526315789474,785.5,259,23,21,x1,2,class->block->decl_stmt->decl->name,
2,50,rectangle_java2.jpg,rectangle_java2.jpg,5147181861,84,772.8385714285714,267.2152380952381,747.5,259,33,21,int,3,class->block->decl_stmt->decl->type->name,
2,50,rectangle_java2.jpg,rectangle_java2.jpg,5147246031,60,772.958,262.092,747.5,259,33,21,int,3,class->block->decl_stmt->decl->type->name,
2,50,rectangle_java2.jpg,rectangle_java2.jpg,5148781641,92,936.4834782608696,251.4082608695652,929.5,259,23,21,y2,2,class->block->decl_stmt->decl->name,
2,50,rectangle_java2.jpg,rectangle_java2.jpg,5150065506,64,940.58625,246.60562500000003,929.5,259,23,21,y2,2,class->block->decl_stmt->decl->name,
2,50,rectangle_java2.jpg,rectangle_java2.jpg,5150389453,60,810.6886666666667,222.156,813.5,222,10,21,{,1,class->block,
2,50,rectangle_java2.jpg,rectangle_java2.jpg,5154456969,72,876.9766666666667,315.2738888888889,853.5,295,32,21,int,3,class->block->constructor->parameter_list->parameter->decl->type->name,
2,50,rectangle_java2.jpg,rectangle_java2.jpg,5155592872,72,905.1927777777778,294.34833333333336,890.5,295,24,21,x1,2,class->block->constructor->parameter_list->parameter->decl->type->name,
2,50,rectangle_java2.jpg,rectangle_java2.jpg,5156140948,104,874.0961538461538,289.76384615384615,853.5,295,32,21,int,3,class->block->constructor->parameter_list->parameter->decl->type->name,
2,50,rectangle_java2.jpg,rectangle_java2.jpg,5156824971,68,895.6929411764706,251.4694117647059,881.5,259,23,21,x2,2,class->block->decl_stmt->decl->name,
2,50,rectangle_java2.jpg,rectangle_java2.jpg,5157033061,96,906.41125,284.84458333333333,890.5,295,24,21,x1,2,class->block->constructor->parameter_list->parameter->decl->type->name,
2,50,rectangle_java2.jpg,rectangle_java2.jpg,5157448796,88,979.8863636363636,295.8681818181818,977.5,295,23,21,y1,2,class->block->constructor->parameter_list->parameter->decl->type->name,
2,50,rectangle_java2.jpg,rectangle_java2.jpg,5157972800,76,927.8826315789472,282.60473684210524,921.5,295,9,21,"""","""",1,class->block->constructor->parameter_list
2,50,rectangle_java2.jpg,rectangle_java2.jpg,5157972800,76,927.8826315789472,282.60473684210524,939.5,295,33,21,int,3,class->block->constructor->parameter_list->parameter->decl->type->name,
2,50,rectangle_java2.jpg,rectangle_java2.jpg,5158048782,72,940.8266666666668,296.085,939.5,295,33,21,int,3,class->block->constructor->parameter_list->parameter->decl->type->name,
2,50,rectangle_java2.jpg,rectangle_java2.jpg,5158512774,80,878.8245000000001,286.5485,853.5,295,32,21,int,3,class->block->constructor->parameter_list->parameter->decl->type->name,
2,50,rectangle_java2.jpg,rectangle_java2.jpg,5158512774,80,878.8245000000001,286.5485,890.5,295,24,21,x1,2,class->block->constructor->parameter_list->parameter->decl->type->name,
2,50,rectangle_java2.jpg,rectangle_java2.jpg,5158972671,64,819.860625,227.47875,813.5,222,10,21,{,1,class->block,
2,50,rectangle_java2.jpg,rectangle_java2.jpg,5159320610,64,935.723125,253.53375,929.5,259,23,21,y2,2,class->block->decl_stmt->decl->name,
2,50,rectangle_java2.jpg,rectangle_java2.jpg,5159384613,60,948.2293333333332,248.52,929.5,259,23,21,y2,2,class->block->decl_stmt->decl->name,
2,50,rectangle_java2.jpg,rectangle_java2.jpg,5159384613,60,948.2293333333332,248.52,959.5,259,10,21,;,1,class->block->decl_stmt,
2,50,rectangle_java2.jpg,rectangle_java2.jpg,5160076545,64,810.590625,303.524375,737.5,295,91,21,Rectangle,9,class->block->constructor->name,
2,50,rectangle_java2.jpg,rectangle_java2.jpg,5160344454,152,859.2836842105263,384.5184210526316,856.5,367,10,21,;,1,class->block->constructor->block->block_content->expr_stmt,
2,50,rectangle_java2.jpg,rectangle_java2.jpg,5160476524,80,850.633,392.552,856.5,404,10,19,;,1,class->block->constructor->block->block_content->expr_stmt,
2,50,rectangle_java2.jpg,rectangle_java2.jpg,5160872535,60,874.7413333333334,315.3453333333333,853.5,295,32,21,int,3,class->block->constructor->parameter_list->parameter->decl->type->name,
2,50,rectangle_java2.jpg,rectangle_java2.jpg,5163824374,68,890.91,264.8717647058824,881.5,259,23,21,x2,2,class->block->decl_stmt->decl->name,
2,50,rectangle_java2.jpg,rectangle_java2.jpg,5167803996,100,814.2536,211.224,813.5,222,10,21,{,1,class->block,
2,50,rectangle_java2.jpg,rectangle_java2.jpg,5169223843,64,855.97375,354.79125,856.5,367,10,21,;,1,class->block->constructor->block->block_content->expr_stmt,
2,50,rectangle_java2.jpg,rectangle_java2.jpg,5170571715,64,836.859375,375.460625,826.5,367,23,21,y1,2,class->block->constructor->block->block_content->expr_stmt->expr->name->name,
2,50,rectangle_java2.jpg,rectangle_java2.jpg,5170631716,56,837.4207142857143,354.8235714285714,826.5,367,23,21,y1,2,class->block->constructor->block->block_content->expr_stmt->expr->name->name,
2,50,rectangle_java2.jpg,rectangle_java2.jpg,5175527301,72,822.6538888888889,400.3366666666666,826.5,404,23,19,x2,2,class->block->constructor->block->block_content->expr_stmt->expr->name->name,
2,50,rectangle_java2.jpg,rectangle_java2.jpg,5175587300,56,829.4042857142857,381.4528571428572,826.5,367,23,21,y1,2,class->block->constructor->block->block_content->expr_stmt->expr->name->name,
2,50,rectangle_java2.jpg,rectangle_java2.jpg,5176491161,80,828.261,315.83,737.5,295,91,21,Rectangle,9,class->block->constructor->name,
2,50,rectangle_java2.jpg,rectangle_java2.jpg,5176491161,80,828.261,315.83,837.5,295,9,21,(,1,class->block->constructor->parameter_list,
2,50,rectangle_java2.jpg,rectangle_java2.jpg,5176599173,88,854.2036363636364,375.2631818181818,856.5,367,10,21,;,1,class->block->constructor->block->block_content->expr_stmt,
2,50,rectangle_java2.jpg,rectangle_java2.jpg,5176695185,92,858.72,381.4291304347826,856.5,367,10,21,;,1,class->block->constructor->block->block_content->expr_stmt,
2,50,rectangle_java2.jpg,rectangle_java2.jpg,5176915170,144,862.3561111111111,380.3394444444445,856.5,367,10,21,;,1,class->block->constructor->block->block_content->expr_stmt,
2,50,rectangle_java2.jpg,rectangle_java2.jpg,5177439150,108,807.0288888888889,217.3662962962963,813.5,222,10,21,{,1,class->block,
2,50,rectangle_java2.jpg,rectangle_java2.jpg,5181346749,64,846.873125,349.631875,826.5,331,23,19,x1,2,class->block->constructor->block->block_content->expr_stmt->expr->name->name,
2,50,rectangle_java2.jpg,rectangle_java2.jpg,5181346749,64,846.873125,349.631875,856.5,331,10,19,;,1,class->block->constructor->block->block_content->expr_stmt,
2,50,rectangle_java2.jpg,rectangle_java2.jpg,5181406740,56,840.4928571428571,358.99071428571426,826.5,367,23,21,y1,2,class->block->constructor->block->block_content->expr_stmt->expr->name->name,
2,50,rectangle_java2.jpg,rectangle_java2.jpg,5184686502,80,808.8715,315.706,737.5,295,91,21,Rectangle,9,class->block->constructor->name,
2,50,rectangle_java2.jpg,rectangle_java2.jpg,5184910502,120,893.069,285.70966666666664,890.5,295,24,21,x1,2,class->block->constructor->parameter_list->parameter->decl->type->name,
2,50,rectangle_java2.jpg,rectangle_java2.jpg,5185222001,64,940.5275,277.613125,929.5,259,23,21,y2,2,class->block->decl_stmt->decl->name,
2,50,rectangle_java2.jpg,rectangle_java2.jpg,5185321751,80,866.4305,268.3535,863.5,259,10,21,"""","""",1,class->block->decl_stmt
2,50,rectangle_java2.jpg,rectangle_java2.jpg,5185385959,60,863.21,270.4033333333333,863.5,259,10,21,"""","""",1,class->block->decl_stmt
2,50,rectangle_java2.jpg,rectangle_java2.jpg,5185466219,76,871.0221052631579,273.0994736842105,863.5,259,10,21,"""","""",1,class->block->decl_stmt
2,50,rectangle_java2.jpg,rectangle_java2.jpg,5185466219,76,871.0221052631579,273.0994736842105,881.5,259,23,21,x2,2,class->block->decl_stmt->decl->name,
2,50,rectangle_java2.jpg,rectangle_java2.jpg,5185874431,108,904.6333333333332,278.8533333333333,911.5,259,10,21,"""","""",1,class->block->decl_stmt
2,50,rectangle_java2.jpg,rectangle_java2.jpg,5185998475,120,909.3813333333334,271.5073333333333,911.5,259,10,21,"""","""",1,class->block->decl_stmt
2,50,rectangle_java2.jpg,rectangle_java2.jpg,5187506249,76,944.0968421052632,274.81157894736845,929.5,259,23,21,y2,2,class->block->decl_stmt->decl->name,
2,50,rectangle_java2.jpg,rectangle_java2.jpg,5188322336,88,863.1590909090909,362.71590909090907,856.5,367,10,21,;,1,class->block->constructor->block->block_content->expr_stmt,
2,50,rectangle_java2.jpg,rectangle_java2.jpg,5188402205,76,866.1689473684211,363.388947368421,856.5,367,10,21,;,1,class->block->constructor->block->block_content->expr_stmt,
2,50,rectangle_java2.jpg,rectangle_java2.jpg,5188710266,60,966.4113333333332,312.796,939.5,295,33,21,int,3,class->block->constructor->parameter_list->parameter->decl->type->name,
2,50,rectangle_java2.jpg,rectangle_java2.jpg,5188710266,60,966.4113333333332,312.796,977.5,295,23,21,y1,2,class->block->constructor->parameter_list->parameter->decl->type->name,
2,50,rectangle_java2.jpg,rectangle_java2.jpg,5189182164,64,830.34875,366.06875,826.5,367,23,21,y1,2,class->block->constructor->block->block_content->expr_stmt->expr->name->name,
2,50,rectangle_java2.jpg,rectangle_java2.jpg,5189330186,64,836.8775,363.626875,826.5,367,23,21,y1,2,class->block->constructor->block->block_content->expr_stmt->expr->name->name,
2,50,rectangle_java2.jpg,rectangle_java2.jpg,5190998208,132,844.5190909090909,433.6251515151515,826.5,440,23,21,y2,2,class->block->constructor->block->block_content->expr_stmt->expr->name->name,
2,50,rectangle_java2.jpg,rectangle_java2.jpg,5190998208,132,844.5190909090909,433.6251515151515,856.5,440,10,21,;,1,class->block->constructor->block->block_content->expr_stmt,
2,50,rectangle_java2.jpg,rectangle_java2.jpg,5191146043,88,845.8413636363637,429.3581818181818,826.5,440,23,21,y2,2,class->block->constructor->block->block_content->expr_stmt->expr->name->name,
2,50,rectangle_java2.jpg,rectangle_java2.jpg,5191146043,88,845.8413636363637,429.3581818181818,856.5,440,10,21,;,1,class->block->constructor->block->block_content->expr_stmt,
2,50,rectangle_java2.jpg,rectangle_java2.jpg,5191749874,56,839.4228571428572,269.3464285714286,833.5,259,23,21,y1,2,class->block->decl_stmt->decl->name,
2,50,rectangle_java2.jpg,rectangle_java2.jpg,5191937855,56,843.5228571428571,271.6607142857143,833.5,259,23,21,y1,2,class->block->decl_stmt->decl->name,
2,50,rectangle_java2.jpg,rectangle_java2.jpg,5192569827,76,827.0005263157894,254.15736842105264,833.5,259,23,21,y1,2,class->block->decl_stmt->decl->name,
2,50,rectangle_java2.jpg,rectangle_java2.jpg,5195581570,56,826.5192857142857,414.2492857142856,826.5,404,23,19,x2,2,class->block->constructor->block->block_content->expr_stmt->expr->name->name,
2,50,rectangle_java2.jpg,rectangle_java2.jpg,5197613515,56,954.0985714285714,308.40785714285715,939.5,295,33,21,int,3,class->block->constructor->parameter_list->parameter->decl->type->name,
2,50,rectangle_java2.jpg,rectangle_java2.jpg,5200205176,100,864.7588,439.49,856.5,440,10,21,;,1,class->block->constructor->block->block_content->expr_stmt,
2,50,rectangle_java2.jpg,rectangle_java2.jpg,5200289304,80,862.5345,439.91,856.5,440,10,21,;,1,class->block->constructor->block->block_content->expr_stmt,
2,50,rectangle_java2.jpg,rectangle_java2.jpg,5203688948,92,795.955652173913,404.3239130434783,730.5,404,71,19,this.x2,7,class->block->constructor->block->block_content->expr_stmt->expr->name->name->operator->name,
2,50,rectangle_java2.jpg,rectangle_java2.jpg,5203688948,92,795.955652173913,404.3239130434783,806.5,404,15,19,=,1,class->block->constructor->block->block_content->expr_stmt->expr->operator,
2,50,rectangle_java2.jpg,rectangle_java2.jpg,5203780916,56,790.8771428571429,434.3485714285714,730.5,440,71,21,this.y2,7,class->block->constructor->block->block_content->expr_stmt->expr->name->name->operator->name,
2,50,rectangle_java2.jpg,rectangle_java2.jpg,5204028734,80,747.63,511.0165,737.5,512,33,21,int,3,class->block->function->type->name,
2,50,rectangle_java2.jpg,rectangle_java2.jpg,5204108657,76,742.7763157894736,514.5705263157895,737.5,512,33,21,int,3,class->block->function->type->name,
2,50,rectangle_java2.jpg,rectangle_java2.jpg,5204476814,68,798.5835294117647,510.9323529411765,775.5,512,53,21,width,5,class->block->function->name,
2,50,rectangle_java2.jpg,rectangle_java2.jpg,5211716256,56,864.1421428571429,446.0114285714285,856.5,440,10,21,;,1,class->block->constructor->block->block_content->expr_stmt,
2,50,rectangle_java2.jpg,rectangle_java2.jpg,5211784149,64,828.859375,454.4081249999999,826.5,440,23,21,y2,2,class->block->constructor->block->block_content->expr_stmt->expr->name->name,
2,50,rectangle_java2.jpg,rectangle_java2.jpg,5218039749,88,860.7940909090909,330.46590909090907,856.5,331,10,19,;,1,class->block->constructor->block->block_content->expr_stmt,
2,50,rectangle_java2.jpg,rectangle_java2.jpg,5218195614,64,887.0625,262.62125,881.5,259,23,21,x2,2,class->block->decl_stmt->decl->name,
2,50,rectangle_java2.jpg,rectangle_java2.jpg,5219163461,88,1083.2513636363635,501.33409090909095,1054.5,512,71,21,this.x1,7,class->block->function->block->block_content->return->expr->name->name->operator->name,
2,50,rectangle_java2.jpg,rectangle_java2.jpg,5221731343,88,927.5822727272728,562.3563636363637,900.5,549,63,21,return,6,class->block->function->block->block_content->return,
2,50,rectangle_java2.jpg,rectangle_java2.jpg,5222423340,64,1136.61875,505.5818750000001,1132.5,512,10,21,;,1,class->block->function->block,
2,50,rectangle_java2.jpg,rectangle_java2.jpg,5222587329,72,1005.8405555555556,513.8305555555555,958.5,512,71,21,this.x2,7,class->block->function->block->block_content->return->expr->name->name->operator->name->operator,
2,50,rectangle_java2.jpg,rectangle_java2.jpg,5223143205,64,908.035,507.4325,891.5,512,62,21,return,6,class->block->function->block->block_content->return->expr->name->name,
2,50,rectangle_java2.jpg,rectangle_java2.jpg,5223243200,96,905.1108333333332,514.7683333333333,891.5,512,62,21,return,6,class->block->function->block->block_content->return->expr->name->name,
2,50,rectangle_java2.jpg,rectangle_java2.jpg,5224215342,84,874.4604761904761,523.0566666666666,874.5,512,10,21,{,1,class->block->function->block,
2,50,rectangle_java2.jpg,rectangle_java2.jpg,5224355126,136,872.6655882352941,512.4032352941176,874.5,512,10,21,{,1,class->block->function->block,
2,50,rectangle_java2.jpg,rectangle_java2.jpg,5225398997,60,1011.842,502.9126666666666,958.5,512,71,21,this.x2,7,class->block->function->block->block_content->return->expr->name->name->operator->name->operator,
2,50,rectangle_java2.jpg,rectangle_java2.jpg,5227278895,80,793.0915,566.814,775.5,549,62,21,height,6,class->block->function->name,
2,50,rectangle_java2.jpg,rectangle_java2.jpg,5227482889,56,835.5935714285714,597.0057142857142,804.5,585,43,21,area,4,class->block->function->name,
2,50,rectangle_java2.jpg,rectangle_java2.jpg,5227570832,84,825.9180952380952,574.2861904761904,804.5,585,43,21,area,4,class->block->function->name,
2,50,rectangle_java2.jpg,rectangle_java2.jpg,5227958822,72,969.2533333333332,584.8044444444445,910.5,585,62,21,return,6,class->block->function->block->block_content->return,
2,50,rectangle_java2.jpg,rectangle_java2.jpg,5227958822,72,969.2533333333332,584.8044444444445,977.5,585,101,21,this.width,10,class->block->function->block->block_content->return->expr->call->name->name->operator->name,
2,50,rectangle_java2.jpg,rectangle_java2.jpg,5228078861,56,932.7057142857144,575.8735714285714,910.5,585,62,21,return,6,class->block->function->block->block_content->return,
2,50,rectangle_java2.jpg,rectangle_java2.jpg,5230098681,60,936.092,580.7346666666666,910.5,585,62,21,return,6,class->block->function->block->block_content->return,
2,50,rectangle_java2.jpg,rectangle_java2.jpg,5230162683,60,949.8466666666668,585.008,910.5,585,62,21,return,6,class->block->function->block->block_content->return,
2,50,rectangle_java2.jpg,rectangle_java2.jpg,5231710593,56,1136.715,554.48,1142.5,549,10,21,;,1,class->block->function->block->block_content->return,
2,50,rectangle_java2.jpg,rectangle_java2.jpg,5232622742,80,1250.686,583.1175,1259.5,585,9,21,(,1,class->block->function->block->block_content->return->expr->call->argument_list,
2,50,rectangle_java2.jpg,rectangle_java2.jpg,5234018171,60,1066.232,504.336,1054.5,512,71,21,this.x1,7,class->block->function->block->block_content->return->expr->name->name->operator->name,
2,50,rectangle_java2.jpg,rectangle_java2.jpg,5235742220,88,1288.1645454545455,601.295909090909,1295.5,585,10,21,;,1,class->block->function->block->block_content->return,
2,50,rectangle_java2.jpg,rectangle_java2.jpg,5235946170,152,1128.262894736842,579.0213157894736,1122.5,585,12,21,*,1,class->block->function->block->block_content->return->expr->operator,
2,50,rectangle_java2.jpg,rectangle_java2.jpg,5235946170,152,1128.262894736842,579.0213157894736,1140.5,585,110,21,this.height,11,class->block->function->block->block_content->return->expr->call->name->name->operator->name,
2,50,rectangle_java2.jpg,rectangle_java2.jpg,5236010123,60,1127.868,585.124,1122.5,585,12,21,*,1,class->block->function->block->block_content->return->expr->operator,
2,50,rectangle_java2.jpg,rectangle_java2.jpg,5238070043,76,984.952105263158,662.4294736842105,941.5,658,91,20,Rectangle,9,class->block->function->block->block_content->decl_stmt->decl->init->expr->call->name,
2,50,rectangle_java2.jpg,rectangle_java2.jpg,5238845931,56,847.5514285714286,728.05,826.5,731,51,20,rect2,5,class->block->function->block->block_content->decl_stmt->decl->name,
2,50,rectangle_java2.jpg,rectangle_java2.jpg,5239617916,60,806.8766666666667,455.4693333333333,806.5,440,15,21,=,1,class->block->constructor->block->block_content->expr_stmt->expr->operator,
2,50,rectangle_java2.jpg,rectangle_java2.jpg,5242962352,56,855.485,381.3507142857143,856.5,367,10,21,;,1,class->block->constructor->block->block_content->expr_stmt,
2,50,rectangle_java2.jpg,rectangle_java2.jpg,5243637450,56,808.4957142857143,428.0307142857144,806.5,440,15,21,=,1,class->block->constructor->block->block_content->expr_stmt->expr->operator,
2,50,rectangle_java2.jpg,rectangle_java2.jpg,5247201245,72,902.0216666666666,288.26222222222225,890.5,295,24,21,x1,2,class->block->constructor->parameter_list->parameter->decl->type->name,
2,50,rectangle_java2.jpg,rectangle_java2.jpg,5247453259,64,909.033125,577.4981250000001,910.5,585,62,21,return,6,class->block->function->block->block_content->return,
