trial,participant,code_file,code_language,timestamp,duration,x_cord,y_cord,aoi_x,aoi_y,aoi_width,aoi_height,token,length,srcML,
2,58,rectangle_java2.jpg,rectangle_java2.jpg,1053674431,136,797.21,256.60323529411767,785.5,259,23,21,x1,2,class->block->decl_stmt->decl->name,
2,58,rectangle_java2.jpg,rectangle_java2.jpg,1053822424,60,804.2606666666667,263.79,785.5,259,23,21,x1,2,class->block->decl_stmt->decl->name,
2,58,rectangle_java2.jpg,rectangle_java2.jpg,1053822424,60,804.2606666666667,263.79,815.5,259,10,21,"""","""",1,class->block->decl_stmt
2,58,rectangle_java2.jpg,rectangle_java2.jpg,1053950448,96,864.1845833333333,249.24,863.5,259,10,21,"""","""",1,class->block->decl_stmt
2,58,rectangle_java2.jpg,rectangle_java2.jpg,1054130456,72,954.2544444444444,246.78611111111115,959.5,259,10,21,;,1,class->block->decl_stmt,
2,58,rectangle_java2.jpg,rectangle_java2.jpg,1054838264,68,959.7476470588236,247.08352941176477,959.5,259,10,21,;,1,class->block->decl_stmt,
2,58,rectangle_java2.jpg,rectangle_java2.jpg,1055170294,100,806.144,234.39840000000004,813.5,222,10,21,{,1,class->block,
2,58,rectangle_java2.jpg,rectangle_java2.jpg,1055242297,68,802.9652941176471,230.16647058823528,715.5,222,90,21,Rectangle,9,class->name,
2,58,rectangle_java2.jpg,rectangle_java2.jpg,1055242297,68,802.9652941176471,230.16647058823528,813.5,222,10,21,{,1,class->block,
2,58,rectangle_java2.jpg,rectangle_java2.jpg,1055318295,72,813.3888888888889,230.9377777777778,813.5,222,10,21,{,1,class->block,
2,58,rectangle_java2.jpg,rectangle_java2.jpg,1055378290,56,801.395,237.08214285714288,715.5,222,90,21,Rectangle,9,class->name,
2,58,rectangle_java2.jpg,rectangle_java2.jpg,1055378290,56,801.395,237.08214285714288,813.5,222,10,21,{,1,class->block,
2,58,rectangle_java2.jpg,rectangle_java2.jpg,1055610599,196,758.1630612244898,237.6948979591837,715.5,222,90,21,Rectangle,9,class->name,
2,58,rectangle_java2.jpg,rectangle_java2.jpg,1055718660,80,762.7975,300.252,737.5,295,91,21,Rectangle,9,class->block->constructor->name,
2,58,rectangle_java2.jpg,rectangle_java2.jpg,1055818466,96,763.5441666666667,313.51916666666665,737.5,295,91,21,Rectangle,9,class->block->constructor->name,
2,58,rectangle_java2.jpg,rectangle_java2.jpg,1055914276,76,878.8852631578948,299.4157894736842,853.5,295,32,21,int,3,class->block->constructor->parameter_list->parameter->decl->type->name,
2,58,rectangle_java2.jpg,rectangle_java2.jpg,1055914276,76,878.8852631578948,299.4157894736842,890.5,295,24,21,x1,2,class->block->constructor->parameter_list->parameter->decl->type->name,
2,58,rectangle_java2.jpg,rectangle_java2.jpg,1056042274,124,883.1364516129032,292.5116129032258,853.5,295,32,21,int,3,class->block->constructor->parameter_list->parameter->decl->type->name,
2,58,rectangle_java2.jpg,rectangle_java2.jpg,1056042274,124,883.1364516129032,292.5116129032258,890.5,295,24,21,x1,2,class->block->constructor->parameter_list->parameter->decl->type->name,
2,58,rectangle_java2.jpg,rectangle_java2.jpg,1056118291,72,877.7366666666667,288.0988888888889,853.5,295,32,21,int,3,class->block->constructor->parameter_list->parameter->decl->type->name,
2,58,rectangle_java2.jpg,rectangle_java2.jpg,1056198272,76,884.4189473684211,298.01157894736843,853.5,295,32,21,int,3,class->block->constructor->parameter_list->parameter->decl->type->name,
2,58,rectangle_java2.jpg,rectangle_java2.jpg,1056198272,76,884.4189473684211,298.01157894736843,890.5,295,24,21,x1,2,class->block->constructor->parameter_list->parameter->decl->type->name,
2,58,rectangle_java2.jpg,rectangle_java2.jpg,1056394172,160,990.8085,283.69175,977.5,295,23,21,y1,2,class->block->constructor->parameter_list->parameter->decl->type->name,
2,58,rectangle_java2.jpg,rectangle_java2.jpg,1056486116,88,993.3159090909091,299.8027272727273,977.5,295,23,21,y1,2,class->block->constructor->parameter_list->parameter->decl->type->name,
2,58,rectangle_java2.jpg,rectangle_java2.jpg,1056670108,148,1116.1851351351352,299.892972972973,1112.5,295,33,21,int,3,class->block->constructor->parameter_list->parameter->decl->type->name,
2,58,rectangle_java2.jpg,rectangle_java2.jpg,1056730111,56,1115.2542857142855,295.9528571428572,1112.5,295,33,21,int,3,class->block->constructor->parameter_list->parameter->decl->type->name,
2,58,rectangle_java2.jpg,rectangle_java2.jpg,1057054126,296,1052.5036486486486,292.9258108108108,1025.5,295,33,21,int,3,class->block->constructor->parameter_list->parameter->decl->type->name,
2,58,rectangle_java2.jpg,rectangle_java2.jpg,1057054126,296,1052.5036486486486,292.9258108108108,1063.5,295,23,21,x2,2,class->block->constructor->parameter_list->parameter->decl->type->name,
2,58,rectangle_java2.jpg,rectangle_java2.jpg,1057278133,168,1179.8495238095238,287.3071428571429,1180.5,295,9,21,),1,class->block->constructor->parameter_list,
2,58,rectangle_java2.jpg,rectangle_java2.jpg,1057438187,84,1123.6480952380953,283.4190476190476,1112.5,295,33,21,int,3,class->block->constructor->parameter_list->parameter->decl->type->name,
2,58,rectangle_java2.jpg,rectangle_java2.jpg,1057602039,128,1118.573125,299.2715625,1112.5,295,33,21,int,3,class->block->constructor->parameter_list->parameter->decl->type->name,
2,58,rectangle_java2.jpg,rectangle_java2.jpg,1057825979,220,1121.8843636363636,298.9150909090909,1112.5,295,33,21,int,3,class->block->constructor->parameter_list->parameter->decl->type->name,
2,58,rectangle_java2.jpg,rectangle_java2.jpg,1057906076,76,1126.3931578947368,310.1894736842105,1112.5,295,33,21,int,3,class->block->constructor->parameter_list->parameter->decl->type->name,
2,58,rectangle_java2.jpg,rectangle_java2.jpg,1058350023,120,902.573,307.8926666666667,890.5,295,24,21,x1,2,class->block->constructor->parameter_list->parameter->decl->type->name,
2,58,rectangle_java2.jpg,rectangle_java2.jpg,1058521981,140,894.6985714285714,251.7988571428572,881.5,259,23,21,x2,2,class->block->decl_stmt->decl->name,
2,58,rectangle_java2.jpg,rectangle_java2.jpg,1058618010,64,789.23625,234.420625,715.5,222,90,21,Rectangle,9,class->name,
2,58,rectangle_java2.jpg,rectangle_java2.jpg,1058814035,192,788.62875,237.73562500000003,715.5,222,90,21,Rectangle,9,class->name,
2,58,rectangle_java2.jpg,rectangle_java2.jpg,1059765868,204,865.6292156862745,339.9543137254902,856.5,331,10,19,;,1,class->block->constructor->block->block_content->expr_stmt,
2,58,rectangle_java2.jpg,rectangle_java2.jpg,1060641912,160,861.56825,401.68375,856.5,404,10,19,;,1,class->block->constructor->block->block_content->expr_stmt,
2,58,rectangle_java2.jpg,rectangle_java2.jpg,1060777885,132,863.26,410.9551515151515,856.5,404,10,19,;,1,class->block->constructor->block->block_content->expr_stmt,
2,58,rectangle_java2.jpg,rectangle_java2.jpg,1062061767,200,832.523,435.0286,826.5,440,23,21,y2,2,class->block->constructor->block->block_content->expr_stmt->expr->name->name,
2,58,rectangle_java2.jpg,rectangle_java2.jpg,1063017649,184,861.4943478260869,304.4715217391304,853.5,295,32,21,int,3,class->block->constructor->parameter_list->parameter->decl->type->name,
2,58,rectangle_java2.jpg,rectangle_java2.jpg,1063605618,168,853.5123809523809,367.2116666666666,856.5,367,10,21,;,1,class->block->constructor->block->block_content->expr_stmt,
2,58,rectangle_java2.jpg,rectangle_java2.jpg,1063781600,172,853.3188372093023,360.1048837209302,856.5,367,10,21,;,1,class->block->constructor->block->block_content->expr_stmt,
2,58,rectangle_java2.jpg,rectangle_java2.jpg,1064821481,56,904.4628571428572,513.4428571428572,891.5,512,62,21,return,6,class->block->function->block->block_content->return->expr->name->name,
2,58,rectangle_java2.jpg,rectangle_java2.jpg,1064957493,132,915.9245454545454,520.050909090909,891.5,512,62,21,return,6,class->block->function->block->block_content->return->expr->name->name,
2,58,rectangle_java2.jpg,rectangle_java2.jpg,1065229739,212,1013.681320754717,513.1073584905661,958.5,512,71,21,this.x2,7,class->block->function->block->block_content->return->expr->name->name->operator->name->operator,
2,58,rectangle_java2.jpg,rectangle_java2.jpg,1065357760,124,1005.6125806451612,513.821935483871,958.5,512,71,21,this.x2,7,class->block->function->block->block_content->return->expr->name->name->operator->name->operator,
2,58,rectangle_java2.jpg,rectangle_java2.jpg,1065529367,168,1007.1883333333334,510.187380952381,958.5,512,71,21,this.x2,7,class->block->function->block->block_content->return->expr->name->name->operator->name->operator,
2,58,rectangle_java2.jpg,rectangle_java2.jpg,1065697396,164,1012.6334146341464,506.7124390243903,958.5,512,71,21,this.x2,7,class->block->function->block->block_content->return->expr->name->name->operator->name->operator,
2,58,rectangle_java2.jpg,rectangle_java2.jpg,1066093389,168,1022.9764285714284,286.5311904761905,1025.5,295,33,21,int,3,class->block->constructor->parameter_list->parameter->decl->type->name,
2,58,rectangle_java2.jpg,rectangle_java2.jpg,1066185367,88,1033.7768181818185,286.68636363636364,1025.5,295,33,21,int,3,class->block->constructor->parameter_list->parameter->decl->type->name,
2,58,rectangle_java2.jpg,rectangle_java2.jpg,1066409357,148,847.375945945946,377.48,826.5,367,23,21,y1,2,class->block->constructor->block->block_content->expr_stmt->expr->name->name,
2,58,rectangle_java2.jpg,rectangle_java2.jpg,1066409357,148,847.375945945946,377.48,856.5,367,10,21,;,1,class->block->constructor->block->block_content->expr_stmt,
2,58,rectangle_java2.jpg,rectangle_java2.jpg,1066549355,136,855.1182352941177,356.99970588235294,856.5,367,10,21,;,1,class->block->constructor->block->block_content->expr_stmt,
2,58,rectangle_java2.jpg,rectangle_java2.jpg,1067393261,56,922.1742857142856,575.5571428571428,910.5,585,62,21,return,6,class->block->function->block->block_content->return,
2,58,rectangle_java2.jpg,rectangle_java2.jpg,1067477273,64,841.561875,566.261875,846.5,549,10,21,(,1,class->block->function->parameter_list,
2,58,rectangle_java2.jpg,rectangle_java2.jpg,1067573292,60,822.6053333333333,560.5546666666667,775.5,549,62,21,height,6,class->block->function->name,
2,58,rectangle_java2.jpg,rectangle_java2.jpg,1067677313,100,828.8384,554.2024,775.5,549,62,21,height,6,class->block->function->name,
2,58,rectangle_java2.jpg,rectangle_java2.jpg,1068077222,56,851.7542857142857,519.7878571428571,854.5,512,9,21,),1,class->block->function->parameter_list,
2,58,rectangle_java2.jpg,rectangle_java2.jpg,1068145246,64,849.3125,515.895625,854.5,512,9,21,),1,class->block->function->parameter_list,
2,58,rectangle_java2.jpg,rectangle_java2.jpg,1068229284,80,844.3995,503.6885,837.5,512,9,21,(,1,class->block->function->parameter_list,
2,58,rectangle_java2.jpg,rectangle_java2.jpg,1068229284,80,844.3995,503.6885,854.5,512,9,21,),1,class->block->function->parameter_list,
2,58,rectangle_java2.jpg,rectangle_java2.jpg,1068525261,240,915.0908333333332,519.9801666666667,891.5,512,62,21,return,6,class->block->function->block->block_content->return->expr->name->name,
2,58,rectangle_java2.jpg,rectangle_java2.jpg,1068740927,192,928.06625,553.88875,900.5,549,63,21,return,6,class->block->function->block->block_content->return,
2,58,rectangle_java2.jpg,rectangle_java2.jpg,1068997119,252,930.2185714285714,546.8387301587302,900.5,549,63,21,return,6,class->block->function->block->block_content->return,
2,58,rectangle_java2.jpg,rectangle_java2.jpg,1069289100,256,1028.9559375,540.80953125,968.5,549,70,21,this.y2,7,class->block->function->block->block_content->return->expr->name->name->operator->name,
2,58,rectangle_java2.jpg,rectangle_java2.jpg,1069569074,224,938.5382142857144,553.9914285714285,900.5,549,63,21,return,6,class->block->function->block->block_content->return,
2,58,rectangle_java2.jpg,rectangle_java2.jpg,1070013150,288,1004.4152777777778,543.5047222222222,968.5,549,70,21,this.y2,7,class->block->function->block->block_content->return->expr->name->name->operator->name,
2,58,rectangle_java2.jpg,rectangle_java2.jpg,1070300988,232,1064.949482758621,547.8506896551725,1064.5,549,71,21,this.y1,7,class->block->function->block->block_content->return->expr->name->name->operator->name,
2,58,rectangle_java2.jpg,rectangle_java2.jpg,1070536883,232,1064.0020689655173,543.6946551724138,1064.5,549,71,21,this.y1,7,class->block->function->block->block_content->return->expr->name->name->operator->name,
2,58,rectangle_java2.jpg,rectangle_java2.jpg,1070708955,60,1110.3533333333332,555.5066666666667,1064.5,549,71,21,this.y1,7,class->block->function->block->block_content->return->expr->name->name->operator->name,
2,58,rectangle_java2.jpg,rectangle_java2.jpg,1071028998,316,1105.3037974683543,550.793164556962,1064.5,549,71,21,this.y1,7,class->block->function->block->block_content->return->expr->name->name->operator->name,
2,58,rectangle_java2.jpg,rectangle_java2.jpg,1072136924,96,1006.6054166666668,575.3041666666667,977.5,585,101,21,this.width,10,class->block->function->block->block_content->return->expr->call->name->name->operator->name,
2,58,rectangle_java2.jpg,rectangle_java2.jpg,1072340879,148,897.1762162162162,584.6956756756757,893.5,585,10,21,{,1,class->block->function->block,
2,58,rectangle_java2.jpg,rectangle_java2.jpg,1072416873,72,900.9472222222222,573.3777777777777,893.5,585,10,21,{,1,class->block->function->block,
2,58,rectangle_java2.jpg,rectangle_java2.jpg,1072416873,72,900.9472222222222,573.3777777777777,910.5,585,62,21,return,6,class->block->function->block->block_content->return,
2,58,rectangle_java2.jpg,rectangle_java2.jpg,1072532883,60,986.4346666666668,609.598,990.5,621,10,21,[,1,class->block->function->parameter_list->parameter->decl->type->name->index,
2,58,rectangle_java2.jpg,rectangle_java2.jpg,1072684852,148,986.1610810810812,610.5862162162163,990.5,621,10,21,[,1,class->block->function->parameter_list->parameter->decl->type->name->index,
2,58,rectangle_java2.jpg,rectangle_java2.jpg,1073108838,80,1042.788,613.4035,1025.5,621,42,21,args,4,class->block->function->parameter_list->parameter->decl->name,
2,58,rectangle_java2.jpg,rectangle_java2.jpg,1073228770,116,1040.1503448275862,612.9006896551724,1025.5,621,42,21,args,4,class->block->function->parameter_list->parameter->decl->name,
2,58,rectangle_java2.jpg,rectangle_java2.jpg,1073372734,140,1038.7277142857142,600.88,977.5,585,101,21,this.width,10,class->block->function->block->block_content->return->expr->call->name->name->operator->name,
2,58,rectangle_java2.jpg,rectangle_java2.jpg,1073648699,240,1111.5543333333333,597.11,1103.5,585,9,21,),1,class->block->function->block->block_content->return->expr->call->argument_list,
2,58,rectangle_java2.jpg,rectangle_java2.jpg,1073648699,240,1111.5543333333333,597.11,1122.5,585,12,21,*,1,class->block->function->block->block_content->return->expr->operator,
2,58,rectangle_java2.jpg,rectangle_java2.jpg,1073880453,136,922.155588235294,598.0282352941176,910.5,585,62,21,return,6,class->block->function->block->block_content->return,
2,58,rectangle_java2.jpg,rectangle_java2.jpg,1073996590,104,918.1373076923076,598.1457692307692,910.5,585,62,21,return,6,class->block->function->block->block_content->return,
2,58,rectangle_java2.jpg,rectangle_java2.jpg,1074148731,148,918.4583783783784,604.7721621621622,910.5,585,62,21,return,6,class->block->function->block->block_content->return,
2,58,rectangle_java2.jpg,rectangle_java2.jpg,1074468705,268,880.9361194029851,578.4153731343283,873.5,585,9,21,),1,class->block->function->parameter_list,
2,58,rectangle_java2.jpg,rectangle_java2.jpg,1074648710,68,1129.3141176470588,583.2817647058823,1122.5,585,12,21,*,1,class->block->function->block->block_content->return->expr->operator,
2,58,rectangle_java2.jpg,rectangle_java2.jpg,1074648710,68,1129.3141176470588,583.2817647058823,1140.5,585,110,21,this.height,11,class->block->function->block->block_content->return->expr->call->name->name->operator->name,
2,58,rectangle_java2.jpg,rectangle_java2.jpg,1074840532,88,1053.525,586.445,977.5,585,101,21,this.width,10,class->block->function->block->block_content->return->expr->call->name->name->operator->name,
2,58,rectangle_java2.jpg,rectangle_java2.jpg,1075104561,204,1057.287450980392,595.1778431372549,977.5,585,101,21,this.width,10,class->block->function->block->block_content->return->expr->call->name->name->operator->name,
2,58,rectangle_java2.jpg,rectangle_java2.jpg,1075176563,68,1061.120588235294,595.9811764705883,977.5,585,101,21,this.width,10,class->block->function->block->block_content->return->expr->call->name->name->operator->name,
2,58,rectangle_java2.jpg,rectangle_java2.jpg,1075312447,132,1064.1618181818185,584.270303030303,977.5,585,101,21,this.width,10,class->block->function->block->block_content->return->expr->call->name->name->operator->name,
2,58,rectangle_java2.jpg,rectangle_java2.jpg,1075396257,80,1058.4375,591.606,977.5,585,101,21,this.width,10,class->block->function->block->block_content->return->expr->call->name->name->operator->name,
2,58,rectangle_java2.jpg,rectangle_java2.jpg,1075480077,60,1125.184,585.9033333333333,1122.5,585,12,21,*,1,class->block->function->block->block_content->return->expr->operator,
2,58,rectangle_java2.jpg,rectangle_java2.jpg,1075552184,68,1127.8617647058825,582.0835294117647,1122.5,585,12,21,*,1,class->block->function->block->block_content->return->expr->operator,
2,58,rectangle_java2.jpg,rectangle_java2.jpg,1075612326,56,1123.3721428571428,598.3292857142857,1122.5,585,12,21,*,1,class->block->function->block->block_content->return->expr->operator,
2,58,rectangle_java2.jpg,rectangle_java2.jpg,1075724587,108,1123.3011111111111,584.2144444444444,1122.5,585,12,21,*,1,class->block->function->block->block_content->return->expr->operator,
2,58,rectangle_java2.jpg,rectangle_java2.jpg,1075992557,196,991.9261224489796,555.3030612244899,968.5,549,70,21,this.y2,7,class->block->function->block->block_content->return->expr->name->name->operator->name,
2,58,rectangle_java2.jpg,rectangle_java2.jpg,1076132531,80,927.9645,569.2515,900.5,549,63,21,return,6,class->block->function->block->block_content->return,
2,58,rectangle_java2.jpg,rectangle_java2.jpg,1076244532,108,931.4974074074074,577.7140740740741,910.5,585,62,21,return,6,class->block->function->block->block_content->return,
2,58,rectangle_java2.jpg,rectangle_java2.jpg,1076428364,80,819.8485000000001,564.981,775.5,549,62,21,height,6,class->block->function->name,
2,58,rectangle_java2.jpg,rectangle_java2.jpg,1076576309,96,822.2666666666667,551.3354166666667,775.5,549,62,21,height,6,class->block->function->name,
2,58,rectangle_java2.jpg,rectangle_java2.jpg,1076860441,108,979.2888888888888,601.2481481481482,977.5,585,101,21,this.width,10,class->block->function->block->block_content->return->expr->call->name->name->operator->name,
2,58,rectangle_java2.jpg,rectangle_java2.jpg,1077428462,132,1050.8939393939395,596.0345454545454,977.5,585,101,21,this.width,10,class->block->function->block->block_content->return->expr->call->name->name->operator->name,
2,58,rectangle_java2.jpg,rectangle_java2.jpg,1077664496,232,1047.8701724137932,590.4551724137931,977.5,585,101,21,this.width,10,class->block->function->block->block_content->return->expr->call->name->name->operator->name,
2,58,rectangle_java2.jpg,rectangle_java2.jpg,1077936443,248,921.5556451612904,596.2014516129033,910.5,585,62,21,return,6,class->block->function->block->block_content->return,
2,58,rectangle_java2.jpg,rectangle_java2.jpg,1078056452,116,922.2603448275862,585.8868965517241,910.5,585,62,21,return,6,class->block->function->block->block_content->return,
2,58,rectangle_java2.jpg,rectangle_java2.jpg,1078352270,292,922.9524657534248,581.3769863013699,910.5,585,62,21,return,6,class->block->function->block->block_content->return,
2,58,rectangle_java2.jpg,rectangle_java2.jpg,1078588335,232,926.4543103448276,581.2031034482759,910.5,585,62,21,return,6,class->block->function->block->block_content->return,
2,58,rectangle_java2.jpg,rectangle_java2.jpg,1078900323,248,972.1058064516128,577.878064516129,910.5,585,62,21,return,6,class->block->function->block->block_content->return,
2,58,rectangle_java2.jpg,rectangle_java2.jpg,1078900323,248,972.1058064516128,577.878064516129,977.5,585,101,21,this.width,10,class->block->function->block->block_content->return->expr->call->name->name->operator->name,
2,58,rectangle_java2.jpg,rectangle_java2.jpg,1079716108,204,813.0803921568628,247.5986274509804,815.5,259,10,21,"""","""",1,class->block->decl_stmt
2,58,rectangle_java2.jpg,rectangle_java2.jpg,1080179936,124,940.5474193548388,523.7235483870968,891.5,512,62,21,return,6,class->block->function->block->block_content->return->expr->name->name,
2,58,rectangle_java2.jpg,rectangle_java2.jpg,1080296043,72,923.8622222222224,677.5527777777778,902.5,658,34,20,new,3,class->block->function->block->block_content->decl_stmt->decl->init->expr->operator,
2,58,rectangle_java2.jpg,rectangle_java2.jpg,1080364085,64,919.555625,674.92625,902.5,658,34,20,new,3,class->block->function->block->block_content->decl_stmt->decl->init->expr->operator,
2,58,rectangle_java2.jpg,rectangle_java2.jpg,1080472140,80,940.3935,604.253,910.5,585,62,21,return,6,class->block->function->block->block_content->return,
2,58,rectangle_java2.jpg,rectangle_java2.jpg,1080548170,72,945.2627777777776,609.3616666666667,920.5,621,62,21,String,6,class->block->function->parameter_list->parameter->decl->type->name->name,
2,58,rectangle_java2.jpg,rectangle_java2.jpg,1080704193,80,865.715,334.4185,856.5,331,10,19,;,1,class->block->constructor->block->block_content->expr_stmt,
2,58,rectangle_java2.jpg,rectangle_java2.jpg,1080960248,164,829.5258536585366,254.7687804878049,833.5,259,23,21,y1,2,class->block->decl_stmt->decl->name,
2,58,rectangle_java2.jpg,rectangle_java2.jpg,1081088227,124,832.6929032258065,250.2822580645161,833.5,259,23,21,y1,2,class->block->decl_stmt->decl->name,
2,58,rectangle_java2.jpg,rectangle_java2.jpg,1081568053,276,936.1750724637682,253.93014492753625,929.5,259,23,21,y2,2,class->block->decl_stmt->decl->name,
2,58,rectangle_java2.jpg,rectangle_java2.jpg,1081900022,152,968.8168421052632,653.9255263157895,941.5,658,91,20,Rectangle,9,class->block->function->block->block_content->decl_stmt->decl->init->expr->call->name,
2,58,rectangle_java2.jpg,rectangle_java2.jpg,1082099958,156,891.8476923076923,674.8125641025641,883.5,658,15,20,=,1,class->block->function->block->block_content->decl_stmt->decl->init,
2,58,rectangle_java2.jpg,rectangle_java2.jpg,1082099958,156,891.8476923076923,674.8125641025641,902.5,658,34,20,new,3,class->block->function->block->block_content->decl_stmt->decl->init->expr->operator,
2,58,rectangle_java2.jpg,rectangle_java2.jpg,1082191900,56,806.8764285714285,620.8,804.5,621,44,21,void,4,class->block->function->type->name,
2,58,rectangle_java2.jpg,rectangle_java2.jpg,1082324083,128,806.75625,616.9534375,804.5,621,44,21,void,4,class->block->function->type->name,
2,58,rectangle_java2.jpg,rectangle_java2.jpg,1082676031,56,905.5514285714286,660.1492857142857,902.5,658,34,20,new,3,class->block->function->block->block_content->decl_stmt->decl->init->expr->operator,
2,58,rectangle_java2.jpg,rectangle_java2.jpg,1082735944,56,905.9164285714286,659.0528571428572,902.5,658,34,20,new,3,class->block->function->block->block_content->decl_stmt->decl->init->expr->operator,
2,58,rectangle_java2.jpg,rectangle_java2.jpg,1082807989,68,900.3,666.3582352941177,902.5,658,34,20,new,3,class->block->function->block->block_content->decl_stmt->decl->init->expr->operator,
2,58,rectangle_java2.jpg,rectangle_java2.jpg,1082948063,84,989.3895238095238,658.9719047619047,941.5,658,91,20,Rectangle,9,class->block->function->block->block_content->decl_stmt->decl->init->expr->call->name,
2,58,rectangle_java2.jpg,rectangle_java2.jpg,1083119963,140,986.206,660.5477142857143,941.5,658,91,20,Rectangle,9,class->block->function->block->block_content->decl_stmt->decl->init->expr->call->name,
2,58,rectangle_java2.jpg,rectangle_java2.jpg,1083219946,96,991.065,661.1820833333334,941.5,658,91,20,Rectangle,9,class->block->function->block->block_content->decl_stmt->decl->init->expr->call->name,
2,58,rectangle_java2.jpg,rectangle_java2.jpg,1083415931,148,1145.2237837837838,663.2332432432432,1134.5,658,22,20,10,2,class->block->function->block->block_content->decl_stmt->decl->init->expr->call->argument_list->argument->expr->literal,
2,58,rectangle_java2.jpg,rectangle_java2.jpg,1083703976,228,1071.408596491228,647.0108771929824,1077.5,658,9,20,"""","""",1,class->block->function->block->block_content->decl_stmt->decl->init->expr->call->argument_list
2,58,rectangle_java2.jpg,rectangle_java2.jpg,1084008163,300,1069.9650666666666,648.1729333333333,1057.5,658,13,20,0,1,class->block->function->block->block_content->decl_stmt->decl->init->expr->call->argument_list->argument->expr->literal,
2,58,rectangle_java2.jpg,rectangle_java2.jpg,1084008163,300,1069.9650666666666,648.1729333333333,1077.5,658,9,20,"""","""",1,class->block->function->block->block_content->decl_stmt->decl->init->expr->call->argument_list
2,58,rectangle_java2.jpg,rectangle_java2.jpg,1084203773,192,1061.9729166666666,639.3272916666666,1025.5,621,42,21,args,4,class->block->function->parameter_list->parameter->decl->name,
2,58,rectangle_java2.jpg,rectangle_java2.jpg,1084483850,264,1171.2372727272727,651.0496969696969,1163.5,658,10,20,"""","""",1,class->block->function->block->block_content->decl_stmt->decl->init->expr->call->argument_list
2,58,rectangle_java2.jpg,rectangle_java2.jpg,1084483850,264,1171.2372727272727,651.0496969696969,1182.5,658,22,20,10,2,class->block->function->block->block_content->decl_stmt->decl->init->expr->call->argument_list->argument->expr->literal,
2,58,rectangle_java2.jpg,rectangle_java2.jpg,1084555894,68,1140.715294117647,645.9982352941176,1134.5,658,22,20,10,2,class->block->function->block->block_content->decl_stmt->decl->init->expr->call->argument_list->argument->expr->literal,
2,58,rectangle_java2.jpg,rectangle_java2.jpg,1084623852,64,1139.25875,651.05375,1134.5,658,22,20,10,2,class->block->function->block->block_content->decl_stmt->decl->init->expr->call->argument_list->argument->expr->literal,
2,58,rectangle_java2.jpg,rectangle_java2.jpg,1084927799,272,1225.6526470588235,647.8745588235295,1231.5,658,10,20,;,1,class->block->function->block->block_content->decl_stmt,
2,58,rectangle_java2.jpg,rectangle_java2.jpg,1085011789,60,1107.714,648.2533333333333,1095.5,658,13,20,0,1,class->block->function->block->block_content->decl_stmt->decl->init->expr->call->argument_list->argument->expr->literal,
2,58,rectangle_java2.jpg,rectangle_java2.jpg,1085011789,60,1107.714,648.2533333333333,1115.5,658,10,20,"""","""",1,class->block->function->block->block_content->decl_stmt->decl->init->expr->call->argument_list
2,58,rectangle_java2.jpg,rectangle_java2.jpg,1085167777,152,1099.3892105263158,651.8986842105263,1095.5,658,13,20,0,1,class->block->function->block->block_content->decl_stmt->decl->init->expr->call->argument_list->argument->expr->literal,
2,58,rectangle_java2.jpg,rectangle_java2.jpg,1085483753,264,869.9807575757576,545.0019696969697,863.5,549,9,21,),1,class->block->function->parameter_list,
2,58,rectangle_java2.jpg,rectangle_java2.jpg,1085599754,112,866.5092857142857,538.8489285714286,863.5,549,9,21,),1,class->block->function->parameter_list,
2,58,rectangle_java2.jpg,rectangle_java2.jpg,1085679771,68,957.9458823529412,542.9347058823529,900.5,549,63,21,return,6,class->block->function->block->block_content->return,
2,58,rectangle_java2.jpg,rectangle_java2.jpg,1085679771,68,957.9458823529412,542.9347058823529,968.5,549,70,21,this.y2,7,class->block->function->block->block_content->return->expr->name->name->operator->name,
2,58,rectangle_java2.jpg,rectangle_java2.jpg,1085903685,220,971.5689090909092,547.7032727272727,968.5,549,70,21,this.y2,7,class->block->function->block->block_content->return->expr->name->name->operator->name,
2,58,rectangle_java2.jpg,rectangle_java2.jpg,1086135718,212,1057.4858490566037,548.1009433962264,1045.5,549,13,21,-,1,class->block->function->block->block_content->return->expr->operator,
2,58,rectangle_java2.jpg,rectangle_java2.jpg,1086135718,212,1057.4858490566037,548.1009433962264,1064.5,549,71,21,this.y1,7,class->block->function->block->block_content->return->expr->name->name->operator->name,
2,58,rectangle_java2.jpg,rectangle_java2.jpg,1086315656,176,1037.7404545454544,545.5234090909091,968.5,549,70,21,this.y2,7,class->block->function->block->block_content->return->expr->name->name->operator->name,
2,58,rectangle_java2.jpg,rectangle_java2.jpg,1086315656,176,1037.7404545454544,545.5234090909091,1045.5,549,13,21,-,1,class->block->function->block->block_content->return->expr->operator,
2,58,rectangle_java2.jpg,rectangle_java2.jpg,1086871653,212,1141.3562264150944,554.261320754717,1142.5,549,10,21,;,1,class->block->function->block->block_content->return,
2,58,rectangle_java2.jpg,rectangle_java2.jpg,1087003640,128,1141.288125,558.3115625,1142.5,549,10,21,;,1,class->block->function->block->block_content->return,
2,58,rectangle_java2.jpg,rectangle_java2.jpg,1087395411,356,1092.3294382022473,545.6788764044944,1064.5,549,71,21,this.y1,7,class->block->function->block->block_content->return->expr->name->name->operator->name,
2,58,rectangle_java2.jpg,rectangle_java2.jpg,1087531521,108,1044.432962962963,546.0866666666667,1045.5,549,13,21,-,1,class->block->function->block->block_content->return->expr->operator,
2,58,rectangle_java2.jpg,rectangle_java2.jpg,1087875720,340,1043.2001176470587,548.9241176470588,1045.5,549,13,21,-,1,class->block->function->block->block_content->return->expr->operator,
2,58,rectangle_java2.jpg,rectangle_java2.jpg,1088047552,112,858.0346428571429,651.9814285714285,826.5,658,52,20,rect1,5,class->block->function->block->block_content->decl_stmt->decl->name,
2,58,rectangle_java2.jpg,rectangle_java2.jpg,1088107524,56,866.1635714285715,656.4478571428572,826.5,658,52,20,rect1,5,class->block->function->block->block_content->decl_stmt->decl->name,
2,58,rectangle_java2.jpg,rectangle_java2.jpg,1088263521,128,865.92,773.6246875,730.5,766,177,21,System.out.println,18,class->block->function->block->block_content->expr_stmt->expr->call->name->name->operator->name->operator->name,
2,58,rectangle_java2.jpg,rectangle_java2.jpg,1088383541,84,869.3338095238095,738.0185714285715,826.5,731,51,20,rect2,5,class->block->function->block->block_content->decl_stmt->decl->name,
2,58,rectangle_java2.jpg,rectangle_java2.jpg,1088463542,76,872.2352631578948,749.0273684210526,826.5,731,51,20,rect2,5,class->block->function->block->block_content->decl_stmt->decl->name,
2,58,rectangle_java2.jpg,rectangle_java2.jpg,1088463542,76,872.2352631578948,749.0273684210526,883.5,731,15,20,=,1,class->block->function->block->block_content->decl_stmt->decl->init,
2,58,rectangle_java2.jpg,rectangle_java2.jpg,1088615545,104,974.5623076923076,744.7046153846154,941.5,731,91,20,Rectangle,9,class->block->function->block->block_content->decl_stmt->decl->init->expr->call->name,
2,58,rectangle_java2.jpg,rectangle_java2.jpg,1088775539,128,971.43875,730.85875,941.5,731,91,20,Rectangle,9,class->block->function->block->block_content->decl_stmt->decl->init->expr->call->name,
2,58,rectangle_java2.jpg,rectangle_java2.jpg,1089103256,76,908.6394736842104,739.0136842105263,902.5,731,34,20,new,3,class->block->function->block->block_content->decl_stmt->decl->init->expr->operator,
2,58,rectangle_java2.jpg,rectangle_java2.jpg,1089207348,100,911.9076,743.9476,902.5,731,34,20,new,3,class->block->function->block->block_content->decl_stmt->decl->init->expr->operator,
2,58,rectangle_java2.jpg,rectangle_java2.jpg,1093067104,72,832.3266666666667,736.6788888888889,826.5,731,51,20,rect2,5,class->block->function->block->block_content->decl_stmt->decl->name,
