trial,participant,code_file,code_language,timestamp,duration,x_cord,y_cord,aoi_x,aoi_y,aoi_width,aoi_height,token,length,srcML,
2,63,rectangle_java2.jpg,rectangle_java2.jpg,11711144724,188,658.3904255319148,286.0244680851064,669.5,295,63,21,public,6,class->block->constructor->specifier,
2,63,rectangle_java2.jpg,rectangle_java2.jpg,11711320793,128,768.701875,212.7428125,715.5,222,90,21,Rectangle,9,class->name,
2,63,rectangle_java2.jpg,rectangle_java2.jpg,11723496017,148,796.742972972973,217.3024324324324,715.5,222,90,21,Rectangle,9,class->name,
2,63,rectangle_java2.jpg,rectangle_java2.jpg,11726311641,88,786.2390909090909,263.79227272727275,785.5,259,23,21,x1,2,class->block->decl_stmt->decl->name,
2,63,rectangle_java2.jpg,rectangle_java2.jpg,11726515644,112,802.905,250.4664285714285,785.5,259,23,21,x1,2,class->block->decl_stmt->decl->name,
2,63,rectangle_java2.jpg,rectangle_java2.jpg,11726667628,148,774.9224324324324,249.1783783783784,747.5,259,33,21,int,3,class->block->decl_stmt->decl->type->name,
2,63,rectangle_java2.jpg,rectangle_java2.jpg,11726667628,148,774.9224324324324,249.1783783783784,785.5,259,23,21,x1,2,class->block->decl_stmt->decl->name,
2,63,rectangle_java2.jpg,rectangle_java2.jpg,11726807655,136,773.8326470588236,258.9914705882353,747.5,259,33,21,int,3,class->block->decl_stmt->decl->type->name,
2,63,rectangle_java2.jpg,rectangle_java2.jpg,11726807655,136,773.8326470588236,258.9914705882353,785.5,259,23,21,x1,2,class->block->decl_stmt->decl->name,
2,63,rectangle_java2.jpg,rectangle_java2.jpg,11727059693,208,905.0642307692308,259.06115384615384,911.5,259,10,21,"""","""",1,class->block->decl_stmt
2,63,rectangle_java2.jpg,rectangle_java2.jpg,11727135657,72,900.8833333333332,267.6505555555556,881.5,259,23,21,x2,2,class->block->decl_stmt->decl->name,
2,63,rectangle_java2.jpg,rectangle_java2.jpg,11727135657,72,900.8833333333332,267.6505555555556,911.5,259,10,21,"""","""",1,class->block->decl_stmt
2,63,rectangle_java2.jpg,rectangle_java2.jpg,11727267683,60,823.2206666666666,253.342,815.5,259,10,21,"""","""",1,class->block->decl_stmt
2,63,rectangle_java2.jpg,rectangle_java2.jpg,11727267683,60,823.2206666666666,253.342,833.5,259,23,21,y1,2,class->block->decl_stmt->decl->name,
2,63,rectangle_java2.jpg,rectangle_java2.jpg,11727487506,56,815.4057142857143,238.0164285714286,813.5,222,10,21,{,1,class->block,
2,63,rectangle_java2.jpg,rectangle_java2.jpg,11727739511,196,753.3228571428572,241.0985714285714,715.5,222,90,21,Rectangle,9,class->name,
2,63,rectangle_java2.jpg,rectangle_java2.jpg,11727983446,220,710.0792727272727,233.2701818181818,715.5,222,90,21,Rectangle,9,class->name,
2,63,rectangle_java2.jpg,rectangle_java2.jpg,11728251327,160,796.30125,233.79725,715.5,222,90,21,Rectangle,9,class->name,
2,63,rectangle_java2.jpg,rectangle_java2.jpg,11728315217,60,785.7566666666667,237.256,715.5,222,90,21,Rectangle,9,class->name,
2,63,rectangle_java2.jpg,rectangle_java2.jpg,11732150015,64,740.57125,222.531875,715.5,222,90,21,Rectangle,9,class->name,
2,63,rectangle_java2.jpg,rectangle_java2.jpg,11732317938,164,742.9031707317073,213.9736585365854,715.5,222,90,21,Rectangle,9,class->name,
2,63,rectangle_java2.jpg,rectangle_java2.jpg,11732581786,260,728.0670769230769,218.0916923076923,715.5,222,90,21,Rectangle,9,class->name,
2,63,rectangle_java2.jpg,rectangle_java2.jpg,11733001724,384,784.6721875000001,222.5321875,715.5,222,90,21,Rectangle,9,class->name,
2,63,rectangle_java2.jpg,rectangle_java2.jpg,11733245761,104,706.5973076923077,215.7184615384615,657.5,222,52,21,class,5,class,
2,63,rectangle_java2.jpg,rectangle_java2.jpg,11733245761,104,706.5973076923077,215.7184615384615,715.5,222,90,21,Rectangle,9,class->name,
2,63,rectangle_java2.jpg,rectangle_java2.jpg,11733325763,76,702.82,223.9884210526316,657.5,222,52,21,class,5,class,
2,63,rectangle_java2.jpg,rectangle_java2.jpg,11733409752,80,706.0945,226.20550000000003,657.5,222,52,21,class,5,class,
2,63,rectangle_java2.jpg,rectangle_java2.jpg,11733409752,80,706.0945,226.20550000000003,715.5,222,90,21,Rectangle,9,class->name,
2,63,rectangle_java2.jpg,rectangle_java2.jpg,11733549761,96,792.015,222.2425,715.5,222,90,21,Rectangle,9,class->name,
2,63,rectangle_java2.jpg,rectangle_java2.jpg,11733665806,112,788.0785714285714,236.18321428571423,715.5,222,90,21,Rectangle,9,class->name,
2,63,rectangle_java2.jpg,rectangle_java2.jpg,11733749810,80,801.265,218.168,715.5,222,90,21,Rectangle,9,class->name,
2,63,rectangle_java2.jpg,rectangle_java2.jpg,11733749810,80,801.265,218.168,813.5,222,10,21,{,1,class->block,
2,63,rectangle_java2.jpg,rectangle_java2.jpg,11733821805,68,793.2723529411765,225.84764705882355,715.5,222,90,21,Rectangle,9,class->name,
2,63,rectangle_java2.jpg,rectangle_java2.jpg,11733905799,80,797.617,222.3515,715.5,222,90,21,Rectangle,9,class->name,
2,63,rectangle_java2.jpg,rectangle_java2.jpg,11739717355,132,822.1575757575757,285.6378787878788,737.5,295,91,21,Rectangle,9,class->block->constructor->name,
2,63,rectangle_java2.jpg,rectangle_java2.jpg,11739869250,88,776.2836363636363,255.36772727272728,747.5,259,33,21,int,3,class->block->decl_stmt->decl->type->name,
2,63,rectangle_java2.jpg,rectangle_java2.jpg,11739869250,88,776.2836363636363,255.36772727272728,785.5,259,23,21,x1,2,class->block->decl_stmt->decl->name,
2,63,rectangle_java2.jpg,rectangle_java2.jpg,11739973220,100,766.9072,253.132,747.5,259,33,21,int,3,class->block->decl_stmt->decl->type->name,
2,63,rectangle_java2.jpg,rectangle_java2.jpg,11740493261,388,826.2953608247423,254.6974226804124,833.5,259,23,21,y1,2,class->block->decl_stmt->decl->name,
2,63,rectangle_java2.jpg,rectangle_java2.jpg,11740889245,360,809.7803333333334,284.95233333333334,737.5,295,91,21,Rectangle,9,class->block->constructor->name,
2,63,rectangle_java2.jpg,rectangle_java2.jpg,11740981227,56,857.5935714285714,285.43642857142856,853.5,295,32,21,int,3,class->block->constructor->parameter_list->parameter->decl->type->name,
2,63,rectangle_java2.jpg,rectangle_java2.jpg,11741053214,68,870.1152941176471,294.86882352941177,853.5,295,32,21,int,3,class->block->constructor->parameter_list->parameter->decl->type->name,
2,63,rectangle_java2.jpg,rectangle_java2.jpg,11741269330,156,782.7366666666667,296.95179487179485,737.5,295,91,21,Rectangle,9,class->block->constructor->name,
2,63,rectangle_java2.jpg,rectangle_java2.jpg,11741361313,88,817.5422727272727,296.5459090909091,737.5,295,91,21,Rectangle,9,class->block->constructor->name,
2,63,rectangle_java2.jpg,rectangle_java2.jpg,11741525295,160,819.70225,291.65125,737.5,295,91,21,Rectangle,9,class->block->constructor->name,
2,63,rectangle_java2.jpg,rectangle_java2.jpg,11741609303,80,825.1135,319.3045,826.5,331,23,19,x1,2,class->block->constructor->block->block_content->expr_stmt->expr->name->name,
2,63,rectangle_java2.jpg,rectangle_java2.jpg,11741805206,192,827.1545833333333,327.49291666666664,826.5,331,23,19,x1,2,class->block->constructor->block->block_content->expr_stmt->expr->name->name,
2,63,rectangle_java2.jpg,rectangle_java2.jpg,11742245160,64,718.535,210.5575,715.5,222,90,21,Rectangle,9,class->name,
2,63,rectangle_java2.jpg,rectangle_java2.jpg,11742925150,124,824.0803225806452,512.6516129032258,775.5,512,53,21,width,5,class->block->function->name,
2,63,rectangle_java2.jpg,rectangle_java2.jpg,11743201144,240,773.9085,525.4896666666667,775.5,512,53,21,width,5,class->block->function->name,
2,63,rectangle_java2.jpg,rectangle_java2.jpg,11743712794,156,899.9484615384615,515.6989743589744,891.5,512,62,21,return,6,class->block->function->block->block_content->return->expr->name->name,
2,63,rectangle_java2.jpg,rectangle_java2.jpg,11743916881,116,966.9858620689656,505.0279310344828,958.5,512,71,21,this.x2,7,class->block->function->block->block_content->return->expr->name->name->operator->name->operator,
2,63,rectangle_java2.jpg,rectangle_java2.jpg,11744164990,92,968.7465217391303,514.6404347826087,958.5,512,71,21,this.x2,7,class->block->function->block->block_content->return->expr->name->name->operator->name->operator,
2,63,rectangle_java2.jpg,rectangle_java2.jpg,11744820973,124,811.5183870967742,542.4348387096775,775.5,549,62,21,height,6,class->block->function->name,
2,63,rectangle_java2.jpg,rectangle_java2.jpg,11744888967,64,802.971875,550.454375,775.5,549,62,21,height,6,class->block->function->name,
2,63,rectangle_java2.jpg,rectangle_java2.jpg,11745000979,108,777.3896296296297,545.3111111111111,775.5,549,62,21,height,6,class->block->function->name,
2,63,rectangle_java2.jpg,rectangle_java2.jpg,11745060986,56,783.4235714285714,552.7435714285714,775.5,549,62,21,height,6,class->block->function->name,
2,63,rectangle_java2.jpg,rectangle_java2.jpg,11745168994,72,884.7083333333334,538.8533333333334,883.5,549,10,21,{,1,class->block->function->block,
2,63,rectangle_java2.jpg,rectangle_java2.jpg,11745309019,136,884.6179411764706,536.6882352941177,883.5,549,10,21,{,1,class->block->function->block,
2,63,rectangle_java2.jpg,rectangle_java2.jpg,11745480975,132,836.4681818181818,541.0839393939394,775.5,549,62,21,height,6,class->block->function->name,
2,63,rectangle_java2.jpg,rectangle_java2.jpg,11745480975,132,836.4681818181818,541.0839393939394,846.5,549,10,21,(,1,class->block->function->parameter_list,
2,63,rectangle_java2.jpg,rectangle_java2.jpg,11745600886,80,961.6795,547.4805,900.5,549,63,21,return,6,class->block->function->block->block_content->return,
2,63,rectangle_java2.jpg,rectangle_java2.jpg,11745600886,80,961.6795,547.4805,968.5,549,70,21,this.y2,7,class->block->function->block->block_content->return->expr->name->name->operator->name,
2,63,rectangle_java2.jpg,rectangle_java2.jpg,11745692872,88,957.4668181818182,540.3981818181818,900.5,549,63,21,return,6,class->block->function->block->block_content->return,
2,63,rectangle_java2.jpg,rectangle_java2.jpg,11745692872,88,957.4668181818182,540.3981818181818,968.5,549,70,21,this.y2,7,class->block->function->block->block_content->return->expr->name->name->operator->name,
2,63,rectangle_java2.jpg,rectangle_java2.jpg,11745860990,148,1035.7883783783784,544.6554054054054,968.5,549,70,21,this.y2,7,class->block->function->block->block_content->return->expr->name->name->operator->name,
2,63,rectangle_java2.jpg,rectangle_java2.jpg,11745860990,148,1035.7883783783784,544.6554054054054,1045.5,549,13,21,-,1,class->block->function->block->block_content->return->expr->operator,
2,63,rectangle_java2.jpg,rectangle_java2.jpg,11745972970,108,1027.0118518518518,545.93,968.5,549,70,21,this.y2,7,class->block->function->block->block_content->return->expr->name->name->operator->name,
2,63,rectangle_java2.jpg,rectangle_java2.jpg,11746152884,176,1027.4536363636364,544.5984090909091,968.5,549,70,21,this.y2,7,class->block->function->block->block_content->return->expr->name->name->operator->name,
2,63,rectangle_java2.jpg,rectangle_java2.jpg,11746280867,92,1157.7930434782609,557.278695652174,1161.5,549,10,21,},1,class->block->function->block,
2,63,rectangle_java2.jpg,rectangle_java2.jpg,11746576836,292,1159.069589041096,552.4784931506849,1161.5,549,10,21,},1,class->block->function->block,
2,63,rectangle_java2.jpg,rectangle_java2.jpg,11746980865,240,1144.2265,541.5858333333333,1142.5,549,10,21,;,1,class->block->function->block->block_content->return,
2,63,rectangle_java2.jpg,rectangle_java2.jpg,11747132867,84,838.7071428571429,515.9747619047619,837.5,512,9,21,(,1,class->block->function->parameter_list,
2,63,rectangle_java2.jpg,rectangle_java2.jpg,11747196855,60,842.2366666666667,531.3026666666667,837.5,512,9,21,(,1,class->block->function->parameter_list,
2,63,rectangle_java2.jpg,rectangle_java2.jpg,11747196855,60,842.2366666666667,531.3026666666667,854.5,512,9,21,),1,class->block->function->parameter_list,
2,63,rectangle_java2.jpg,rectangle_java2.jpg,11747316768,116,846.2051724137931,532.6144827586207,837.5,512,9,21,(,1,class->block->function->parameter_list,
2,63,rectangle_java2.jpg,rectangle_java2.jpg,11747316768,116,846.2051724137931,532.6144827586207,854.5,512,9,21,),1,class->block->function->parameter_list,
2,63,rectangle_java2.jpg,rectangle_java2.jpg,11747380708,60,840.4293333333334,524.2926666666667,837.5,512,9,21,(,1,class->block->function->parameter_list,
2,63,rectangle_java2.jpg,rectangle_java2.jpg,11747788717,76,1023.1336842105264,543.978947368421,968.5,549,70,21,this.y2,7,class->block->function->block->block_content->return->expr->name->name->operator->name,
2,63,rectangle_java2.jpg,rectangle_java2.jpg,11747884654,92,1021.065652173913,536.7830434782609,968.5,549,70,21,this.y2,7,class->block->function->block->block_content->return->expr->name->name->operator->name,
2,63,rectangle_java2.jpg,rectangle_java2.jpg,11748088691,140,1086.6677142857145,532.07,1054.5,512,71,21,this.x1,7,class->block->function->block->block_content->return->expr->name->name->operator->name,
2,63,rectangle_java2.jpg,rectangle_java2.jpg,11748264778,144,1128.2841666666666,550.7666666666667,1064.5,549,71,21,this.y1,7,class->block->function->block->block_content->return->expr->name->name->operator->name,
2,63,rectangle_java2.jpg,rectangle_java2.jpg,11748352808,84,1103.243333333333,561.8138095238095,1064.5,549,71,21,this.y1,7,class->block->function->block->block_content->return->expr->name->name->operator->name,
2,63,rectangle_java2.jpg,rectangle_java2.jpg,11748468802,112,1104.0775,551.3525,1064.5,549,71,21,this.y1,7,class->block->function->block->block_content->return->expr->name->name->operator->name,
2,63,rectangle_java2.jpg,rectangle_java2.jpg,11748540786,68,1121.5317647058823,545.0735294117646,1064.5,549,71,21,this.y1,7,class->block->function->block->block_content->return->expr->name->name->operator->name,
2,63,rectangle_java2.jpg,rectangle_java2.jpg,11748620756,76,1104.548947368421,561.0142105263158,1064.5,549,71,21,this.y1,7,class->block->function->block->block_content->return->expr->name->name->operator->name,
2,63,rectangle_java2.jpg,rectangle_java2.jpg,11749236710,264,844.2378787878788,581.2737878787879,804.5,585,43,21,area,4,class->block->function->name,
2,63,rectangle_java2.jpg,rectangle_java2.jpg,11749236710,264,844.2378787878788,581.2737878787879,856.5,585,9,21,(,1,class->block->function->parameter_list,
2,63,rectangle_java2.jpg,rectangle_java2.jpg,11749300669,60,835.5693333333334,578.272,804.5,585,43,21,area,4,class->block->function->name,
2,63,rectangle_java2.jpg,rectangle_java2.jpg,11749488610,124,929.3119354838708,576.5174193548387,910.5,585,62,21,return,6,class->block->function->block->block_content->return,
2,63,rectangle_java2.jpg,rectangle_java2.jpg,11749604629,104,1061.8680769230768,586.1476923076923,977.5,585,101,21,this.width,10,class->block->function->block->block_content->return->expr->call->name->name->operator->name,
2,63,rectangle_java2.jpg,rectangle_java2.jpg,11749736644,128,1051.5284375,587.203125,977.5,585,101,21,this.width,10,class->block->function->block->block_content->return->expr->call->name->name->operator->name,
2,63,rectangle_java2.jpg,rectangle_java2.jpg,11749840632,88,1137.5245454545454,585.6422727272727,1140.5,585,110,21,this.height,11,class->block->function->block->block_content->return->expr->call->name->name->operator->name,
2,63,rectangle_java2.jpg,rectangle_java2.jpg,11749936604,92,1117.1339130434783,588.0965217391305,1122.5,585,12,21,*,1,class->block->function->block->block_content->return->expr->operator,
2,63,rectangle_java2.jpg,rectangle_java2.jpg,11750040575,100,1126.5916,588.4572000000001,1122.5,585,12,21,*,1,class->block->function->block->block_content->return->expr->operator,
2,63,rectangle_java2.jpg,rectangle_java2.jpg,11750128570,68,806.0047058823529,647.7988235294117,730.5,658,91,20,Rectangle,9,class->block->function->block->block_content->decl_stmt->decl->type->name,
2,63,rectangle_java2.jpg,rectangle_java2.jpg,11750236586,104,793.9076923076923,647.3007692307692,730.5,658,91,20,Rectangle,9,class->block->function->block->block_content->decl_stmt->decl->type->name,
2,63,rectangle_java2.jpg,rectangle_java2.jpg,11750396596,132,762.9684848484849,624.5093939393939,738.5,621,61,21,static,6,class->block->function->type->specifier,
2,63,rectangle_java2.jpg,rectangle_java2.jpg,11750684586,216,830.2061111111111,670.7690740740741,826.5,658,52,20,rect1,5,class->block->function->block->block_content->decl_stmt->decl->name,
2,63,rectangle_java2.jpg,rectangle_java2.jpg,11750780595,68,883.1764705882352,661.7835294117647,883.5,658,15,20,=,1,class->block->function->block->block_content->decl_stmt->decl->init,
2,63,rectangle_java2.jpg,rectangle_java2.jpg,11750884604,100,897.6863999999999,662.5668000000001,883.5,658,15,20,=,1,class->block->function->block->block_content->decl_stmt->decl->init,
2,63,rectangle_java2.jpg,rectangle_java2.jpg,11750884604,100,897.6863999999999,662.5668000000001,902.5,658,34,20,new,3,class->block->function->block->block_content->decl_stmt->decl->init->expr->operator,
2,63,rectangle_java2.jpg,rectangle_java2.jpg,11750956604,68,889.5741176470589,661.1588235294117,883.5,658,15,20,=,1,class->block->function->block->block_content->decl_stmt->decl->init,
2,63,rectangle_java2.jpg,rectangle_java2.jpg,11751096597,104,956.885,667.9665384615384,941.5,658,91,20,Rectangle,9,class->block->function->block->block_content->decl_stmt->decl->init->expr->call->name,
2,63,rectangle_java2.jpg,rectangle_java2.jpg,11751232529,80,963.7665,667.6320000000001,941.5,658,91,20,Rectangle,9,class->block->function->block->block_content->decl_stmt->decl->init->expr->call->name,
2,63,rectangle_java2.jpg,rectangle_java2.jpg,11751356474,84,1069.1333333333334,669.7133333333334,1057.5,658,13,20,0,1,class->block->function->block->block_content->decl_stmt->decl->init->expr->call->argument_list->argument->expr->literal,
2,63,rectangle_java2.jpg,rectangle_java2.jpg,11751356474,84,1069.1333333333334,669.7133333333334,1077.5,658,9,20,"""","""",1,class->block->function->block->block_content->decl_stmt->decl->init->expr->call->argument_list
2,63,rectangle_java2.jpg,rectangle_java2.jpg,11751632399,272,1063.1326470588235,663.5608823529411,1057.5,658,13,20,0,1,class->block->function->block->block_content->decl_stmt->decl->init->expr->call->argument_list->argument->expr->literal,
2,63,rectangle_java2.jpg,rectangle_java2.jpg,11751944455,308,1067.8246753246754,674.7576623376623,1057.5,658,13,20,0,1,class->block->function->block->block_content->decl_stmt->decl->init->expr->call->argument_list->argument->expr->literal,
2,63,rectangle_java2.jpg,rectangle_java2.jpg,11751944455,308,1067.8246753246754,674.7576623376623,1077.5,658,9,20,"""","""",1,class->block->function->block->block_content->decl_stmt->decl->init->expr->call->argument_list
2,63,rectangle_java2.jpg,rectangle_java2.jpg,11752112497,80,1151.835,676.329,1134.5,658,22,20,10,2,class->block->function->block->block_content->decl_stmt->decl->init->expr->call->argument_list->argument->expr->literal,
2,63,rectangle_java2.jpg,rectangle_java2.jpg,11752112497,80,1151.835,676.329,1163.5,658,10,20,"""","""",1,class->block->function->block->block_content->decl_stmt->decl->init->expr->call->argument_list
2,63,rectangle_java2.jpg,rectangle_java2.jpg,11752244513,64,876.985625,666.2175,826.5,658,52,20,rect1,5,class->block->function->block->block_content->decl_stmt->decl->name,
2,63,rectangle_java2.jpg,rectangle_java2.jpg,11752244513,64,876.985625,666.2175,883.5,658,15,20,=,1,class->block->function->block->block_content->decl_stmt->decl->init,
2,63,rectangle_java2.jpg,rectangle_java2.jpg,11752308511,60,874.0906666666667,655.852,826.5,658,52,20,rect1,5,class->block->function->block->block_content->decl_stmt->decl->name,
2,63,rectangle_java2.jpg,rectangle_java2.jpg,11752308511,60,874.0906666666667,655.852,883.5,658,15,20,=,1,class->block->function->block->block_content->decl_stmt->decl->init,
2,63,rectangle_java2.jpg,rectangle_java2.jpg,11752560491,188,802.2302127659574,664.7768085106383,730.5,658,91,20,Rectangle,9,class->block->function->block->block_content->decl_stmt->decl->type->name,
2,63,rectangle_java2.jpg,rectangle_java2.jpg,11752732485,124,905.5970967741936,668.0232258064516,902.5,658,34,20,new,3,class->block->function->block->block_content->decl_stmt->decl->init->expr->operator,
2,63,rectangle_java2.jpg,rectangle_java2.jpg,11752900410,164,902.8202439024392,661.1036585365854,902.5,658,34,20,new,3,class->block->function->block->block_content->decl_stmt->decl->init->expr->operator,
2,63,rectangle_java2.jpg,rectangle_java2.jpg,11753068157,100,973.3344,655.2268,941.5,658,91,20,Rectangle,9,class->block->function->block->block_content->decl_stmt->decl->init->expr->call->name,
2,63,rectangle_java2.jpg,rectangle_java2.jpg,11753144200,72,983.1605555555556,667.9077777777778,941.5,658,91,20,Rectangle,9,class->block->function->block->block_content->decl_stmt->decl->init->expr->call->name,
2,63,rectangle_java2.jpg,rectangle_java2.jpg,11753260302,64,988.2425,655.7893750000001,941.5,658,91,20,Rectangle,9,class->block->function->block->block_content->decl_stmt->decl->init->expr->call->name,
2,63,rectangle_java2.jpg,rectangle_java2.jpg,11753448336,128,1062.9425,662.2240625000001,1057.5,658,13,20,0,1,class->block->function->block->block_content->decl_stmt->decl->init->expr->call->argument_list->argument->expr->literal,
2,63,rectangle_java2.jpg,rectangle_java2.jpg,11753644330,192,1060.518125,660.1810416666667,1057.5,658,13,20,0,1,class->block->function->block->block_content->decl_stmt->decl->init->expr->call->argument_list->argument->expr->literal,
2,63,rectangle_java2.jpg,rectangle_java2.jpg,11753716326,68,1069.0382352941176,672.9864705882353,1057.5,658,13,20,0,1,class->block->function->block->block_content->decl_stmt->decl->init->expr->call->argument_list->argument->expr->literal,
2,63,rectangle_java2.jpg,rectangle_java2.jpg,11753716326,68,1069.0382352941176,672.9864705882353,1077.5,658,9,20,"""","""",1,class->block->function->block->block_content->decl_stmt->decl->init->expr->call->argument_list
2,63,rectangle_java2.jpg,rectangle_java2.jpg,11753980353,160,1150.7955,657.58825,1134.5,658,22,20,10,2,class->block->function->block->block_content->decl_stmt->decl->init->expr->call->argument_list->argument->expr->literal,
2,63,rectangle_java2.jpg,rectangle_java2.jpg,11754144435,108,1237.3714814814814,661.8696296296297,1231.5,658,10,20,;,1,class->block->function->block->block_content->decl_stmt,
2,63,rectangle_java2.jpg,rectangle_java2.jpg,11754248469,100,1236.564,665.8232,1231.5,658,10,20,;,1,class->block->function->block->block_content->decl_stmt,
2,63,rectangle_java2.jpg,rectangle_java2.jpg,11754636336,68,817.6294117647059,655.4958823529412,730.5,658,91,20,Rectangle,9,class->block->function->block->block_content->decl_stmt->decl->type->name,
2,63,rectangle_java2.jpg,rectangle_java2.jpg,11754636336,68,817.6294117647059,655.4958823529412,826.5,658,52,20,rect1,5,class->block->function->block->block_content->decl_stmt->decl->name,
2,63,rectangle_java2.jpg,rectangle_java2.jpg,11754748312,108,810.0351851851852,654.5333333333333,730.5,658,91,20,Rectangle,9,class->block->function->block->block_content->decl_stmt->decl->type->name,
2,63,rectangle_java2.jpg,rectangle_java2.jpg,11754896174,104,878.4888461538461,648.0073076923077,826.5,658,52,20,rect1,5,class->block->function->block->block_content->decl_stmt->decl->name,
2,63,rectangle_java2.jpg,rectangle_java2.jpg,11754896174,104,878.4888461538461,648.0073076923077,883.5,658,15,20,=,1,class->block->function->block->block_content->decl_stmt->decl->init,
2,63,rectangle_java2.jpg,rectangle_java2.jpg,11755116182,176,782.1054545454546,623.0959090909091,738.5,621,61,21,static,6,class->block->function->type->specifier,
2,63,rectangle_java2.jpg,rectangle_java2.jpg,11755256184,136,787.5088235294118,632.0076470588235,738.5,621,61,21,static,6,class->block->function->type->specifier,
2,63,rectangle_java2.jpg,rectangle_java2.jpg,11755360196,64,798.7943750000001,523.6875,775.5,512,53,21,width,5,class->block->function->name,
2,63,rectangle_java2.jpg,rectangle_java2.jpg,11755420200,56,787.0235714285714,521.5550000000001,775.5,512,53,21,width,5,class->block->function->name,
2,63,rectangle_java2.jpg,rectangle_java2.jpg,11755568187,144,779.6969444444444,518.5416666666666,775.5,512,53,21,width,5,class->block->function->name,
2,63,rectangle_java2.jpg,rectangle_java2.jpg,11755676178,104,783.0,532.7242307692308,775.5,512,53,21,width,5,class->block->function->name,
2,63,rectangle_java2.jpg,rectangle_java2.jpg,11755972247,244,875.4355737704918,540.3816393442623,883.5,549,10,21,{,1,class->block->function->block,
2,63,rectangle_java2.jpg,rectangle_java2.jpg,11756080248,104,875.8307692307692,536.8507692307693,883.5,549,10,21,{,1,class->block->function->block,
2,63,rectangle_java2.jpg,rectangle_java2.jpg,11756188259,104,882.5234615384616,551.61,883.5,549,10,21,{,1,class->block->function->block,
2,63,rectangle_java2.jpg,rectangle_java2.jpg,11756296300,68,955.48,506.9688235294118,958.5,512,71,21,this.x2,7,class->block->function->block->block_content->return->expr->name->name->operator->name->operator,
2,63,rectangle_java2.jpg,rectangle_java2.jpg,11756600285,144,1028.4683333333332,530.8761111111111,958.5,512,71,21,this.x2,7,class->block->function->block->block_content->return->expr->name->name->operator->name->operator,
2,63,rectangle_java2.jpg,rectangle_java2.jpg,11756600285,144,1028.4683333333332,530.8761111111111,1035.5,512,13,21,-,1,class->block->function->block->block_content->return->expr->name->name,
2,63,rectangle_java2.jpg,rectangle_java2.jpg,11756812121,144,1113.4280555555556,556.7758333333334,1064.5,549,71,21,this.y1,7,class->block->function->block->block_content->return->expr->name->name->operator->name,
2,63,rectangle_java2.jpg,rectangle_java2.jpg,11757048007,124,1140.4503225806452,563.4848387096774,1142.5,549,10,21,;,1,class->block->function->block->block_content->return,
2,63,rectangle_java2.jpg,rectangle_java2.jpg,11757172043,120,1150.658,558.1333333333333,1142.5,549,10,21,;,1,class->block->function->block->block_content->return,
2,63,rectangle_java2.jpg,rectangle_java2.jpg,11757172043,120,1150.658,558.1333333333333,1161.5,549,10,21,},1,class->block->function->block,
2,63,rectangle_java2.jpg,rectangle_java2.jpg,11757268089,92,1148.3852173913044,554.8695652173913,1142.5,549,10,21,;,1,class->block->function->block->block_content->return,
2,63,rectangle_java2.jpg,rectangle_java2.jpg,11757632158,100,1132.9936,552.8924000000001,1064.5,549,71,21,this.y1,7,class->block->function->block->block_content->return->expr->name->name->operator->name,
2,63,rectangle_java2.jpg,rectangle_java2.jpg,11757632158,100,1132.9936,552.8924000000001,1142.5,549,10,21,;,1,class->block->function->block->block_content->return,
2,63,rectangle_java2.jpg,rectangle_java2.jpg,11758076095,56,1046.0842857142857,670.8878571428571,1041.5,658,9,20,(,1,class->block->function->block->block_content->decl_stmt->decl->init->expr->call->argument_list,
2,63,rectangle_java2.jpg,rectangle_java2.jpg,11758076095,56,1046.0842857142857,670.8878571428571,1057.5,658,13,20,0,1,class->block->function->block->block_content->decl_stmt->decl->init->expr->call->argument_list->argument->expr->literal,
2,63,rectangle_java2.jpg,rectangle_java2.jpg,11758156089,76,1042.5473684210526,673.3147368421053,1041.5,658,9,20,(,1,class->block->function->block->block_content->decl_stmt->decl->init->expr->call->argument_list,
2,63,rectangle_java2.jpg,rectangle_java2.jpg,11758428065,204,903.2407843137256,681.6543137254902,730.5,694,177,21,System.out.println,18,class->block->function->block->block_content->expr_stmt->expr->call->name->name->operator->name->operator->name,
2,63,rectangle_java2.jpg,rectangle_java2.jpg,11758595996,164,892.9621951219513,674.0495121951219,883.5,658,15,20,=,1,class->block->function->block->block_content->decl_stmt->decl->init,
2,63,rectangle_java2.jpg,rectangle_java2.jpg,11758595996,164,892.9621951219513,674.0495121951219,902.5,658,34,20,new,3,class->block->function->block->block_content->decl_stmt->decl->init->expr->operator,
2,63,rectangle_java2.jpg,rectangle_java2.jpg,11758887950,232,852.7705172413793,689.4205172413793,730.5,694,177,21,System.out.println,18,class->block->function->block->block_content->expr_stmt->expr->call->name->name->operator->name->operator->name,
2,63,rectangle_java2.jpg,rectangle_java2.jpg,11759043973,88,1072.6518181818185,699.8331818181819,1077.5,694,9,21,),1,class->block->function->block->block_content->expr_stmt->expr->call->argument_list,
2,63,rectangle_java2.jpg,rectangle_java2.jpg,11759212016,164,1075.529756097561,693.5629268292682,1077.5,694,9,21,),1,class->block->function->block->block_content->expr_stmt->expr->call->argument_list,
2,63,rectangle_java2.jpg,rectangle_java2.jpg,11759272009,56,1062.3264285714286,693.3264285714286,1057.5,694,10,21,),1,class->block->function->block->block_content->expr_stmt->expr->call->argument_list->argument->expr->call->argument_list,
2,63,rectangle_java2.jpg,rectangle_java2.jpg,11759675947,184,777.2054347826087,656.190652173913,730.5,658,91,20,Rectangle,9,class->block->function->block->block_content->decl_stmt->decl->type->name,
2,63,rectangle_java2.jpg,rectangle_java2.jpg,11759819962,140,782.038,652.3722857142857,730.5,658,91,20,Rectangle,9,class->block->function->block->block_content->decl_stmt->decl->type->name,
2,63,rectangle_java2.jpg,rectangle_java2.jpg,11759887986,64,779.276875,637.1975,738.5,621,61,21,static,6,class->block->function->type->specifier,
2,63,rectangle_java2.jpg,rectangle_java2.jpg,11760067975,136,761.6561764705882,744.5805882352942,730.5,731,91,20,Rectangle,9,class->block->function->block->block_content->decl_stmt->decl->type->name,
2,63,rectangle_java2.jpg,rectangle_java2.jpg,11760127962,56,761.2378571428571,768.4114285714286,730.5,766,177,21,System.out.println,18,class->block->function->block->block_content->expr_stmt->expr->call->name->name->operator->name->operator->name,
2,63,rectangle_java2.jpg,rectangle_java2.jpg,11760223942,84,898.0042857142857,779.6890476190476,730.5,766,177,21,System.out.println,18,class->block->function->block->block_content->expr_stmt->expr->call->name->name->operator->name->operator->name,
2,63,rectangle_java2.jpg,rectangle_java2.jpg,11760311914,84,887.2671428571429,771.4790476190476,730.5,766,177,21,System.out.println,18,class->block->function->block->block_content->expr_stmt->expr->call->name->name->operator->name->operator->name,
2,63,rectangle_java2.jpg,rectangle_java2.jpg,11760507800,136,847.4785294117647,786.4382352941176,730.5,766,177,21,System.out.println,18,class->block->function->block->block_content->expr_stmt->expr->call->name->name->operator->name->operator->name,
2,63,rectangle_java2.jpg,rectangle_java2.jpg,11760787757,164,955.3687804878048,775.9078048780488,932.5,766,100,21,rect2.area,10,class->block->function->block->block_content->expr_stmt->expr->call->argument_list->argument->expr->call->name->name->operator->name,
2,63,rectangle_java2.jpg,rectangle_java2.jpg,11760919827,84,929.792380952381,686.3014285714286,932.5,694,100,21,rect1.area,10,class->block->function->block->block_content->expr_stmt->expr->call->argument_list->argument->expr->call->name->name->operator->name,
2,63,rectangle_java2.jpg,rectangle_java2.jpg,11761047885,124,915.8406451612904,702.9993548387097,916.5,694,9,21,(,1,class->block->function->block->block_content->expr_stmt->expr->call->argument_list,
2,63,rectangle_java2.jpg,rectangle_java2.jpg,11761155892,56,925.3185714285714,694.51,916.5,694,9,21,(,1,class->block->function->block->block_content->expr_stmt->expr->call->argument_list,
2,63,rectangle_java2.jpg,rectangle_java2.jpg,11761155892,56,925.3185714285714,694.51,932.5,694,100,21,rect1.area,10,class->block->function->block->block_content->expr_stmt->expr->call->argument_list->argument->expr->call->name->name->operator->name,
2,63,rectangle_java2.jpg,rectangle_java2.jpg,11761299867,124,831.2567741935484,686.6945161290323,730.5,694,177,21,System.out.println,18,class->block->function->block->block_content->expr_stmt->expr->call->name->name->operator->name->operator->name,
2,63,rectangle_java2.jpg,rectangle_java2.jpg,11761607816,264,869.6137878787879,590.134696969697,873.5,585,9,21,),1,class->block->function->parameter_list,
2,63,rectangle_java2.jpg,rectangle_java2.jpg,11761719801,76,994.92,600.8078947368421,977.5,585,101,21,this.width,10,class->block->function->block->block_content->return->expr->call->name->name->operator->name,
2,63,rectangle_java2.jpg,rectangle_java2.jpg,11761815805,92,992.7160869565216,598.0960869565217,977.5,585,101,21,this.width,10,class->block->function->block->block_content->return->expr->call->name->name->operator->name,
2,63,rectangle_java2.jpg,rectangle_java2.jpg,11761999782,96,1054.3375,612.7791666666667,1025.5,621,42,21,args,4,class->block->function->parameter_list->parameter->decl->name,
2,63,rectangle_java2.jpg,rectangle_java2.jpg,11762259820,80,1102.7095,582.6045,1103.5,585,9,21,),1,class->block->function->block->block_content->return->expr->call->argument_list,
2,63,rectangle_java2.jpg,rectangle_java2.jpg,11762355690,92,1103.433043478261,569.3017391304347,1064.5,549,71,21,this.y1,7,class->block->function->block->block_content->return->expr->name->name->operator->name,
2,63,rectangle_java2.jpg,rectangle_java2.jpg,11762667671,92,829.7221739130434,458.71739130434776,826.5,440,23,21,y2,2,class->block->constructor->block->block_content->expr_stmt->expr->name->name,
2,63,rectangle_java2.jpg,rectangle_java2.jpg,11763263604,152,1051.7676315789474,598.1071052631579,977.5,585,101,21,this.width,10,class->block->function->block->block_content->return->expr->call->name->name->operator->name,
2,63,rectangle_java2.jpg,rectangle_java2.jpg,11763543583,108,1009.9074074074074,600.0788888888889,977.5,585,101,21,this.width,10,class->block->function->block->block_content->return->expr->call->name->name->operator->name,
2,63,rectangle_java2.jpg,rectangle_java2.jpg,11763707644,140,1073.8617142857142,605.7985714285714,977.5,585,101,21,this.width,10,class->block->function->block->block_content->return->expr->call->name->name->operator->name,
2,63,rectangle_java2.jpg,rectangle_java2.jpg,11763991688,192,1036.698125,599.2454166666666,977.5,585,101,21,this.width,10,class->block->function->block->block_content->return->expr->call->name->name->operator->name,
2,63,rectangle_java2.jpg,rectangle_java2.jpg,11764191644,156,1171.4546153846154,557.2853846153846,1161.5,549,10,21,},1,class->block->function->block,
2,63,rectangle_java2.jpg,rectangle_java2.jpg,11764251573,56,1161.645,559.8192857142857,1161.5,549,10,21,},1,class->block->function->block,
2,63,rectangle_java2.jpg,rectangle_java2.jpg,11764443455,132,1053.7930303030305,542.2769696969697,1045.5,549,13,21,-,1,class->block->function->block->block_content->return->expr->operator,
2,63,rectangle_java2.jpg,rectangle_java2.jpg,11764443455,132,1053.7930303030305,542.2769696969697,1064.5,549,71,21,this.y1,7,class->block->function->block->block_content->return->expr->name->name->operator->name,
2,63,rectangle_java2.jpg,rectangle_java2.jpg,11764591481,104,1093.721923076923,556.0596153846154,1064.5,549,71,21,this.y1,7,class->block->function->block->block_content->return->expr->name->name->operator->name,
2,63,rectangle_java2.jpg,rectangle_java2.jpg,11764855530,260,1095.5463076923077,562.4795384615385,1064.5,549,71,21,this.y1,7,class->block->function->block->block_content->return->expr->name->name->operator->name,
2,63,rectangle_java2.jpg,rectangle_java2.jpg,11765195524,104,1144.5465384615384,557.9838461538461,1142.5,549,10,21,;,1,class->block->function->block->block_content->return,
2,63,rectangle_java2.jpg,rectangle_java2.jpg,11765355554,156,1150.048717948718,559.4151282051282,1142.5,549,10,21,;,1,class->block->function->block->block_content->return,
2,63,rectangle_java2.jpg,rectangle_java2.jpg,11765355554,156,1150.048717948718,559.4151282051282,1161.5,549,10,21,},1,class->block->function->block,
2,63,rectangle_java2.jpg,rectangle_java2.jpg,11765435549,76,1140.1894736842105,561.3547368421052,1142.5,549,10,21,;,1,class->block->function->block->block_content->return,
2,63,rectangle_java2.jpg,rectangle_java2.jpg,11765871512,340,818.0301176470588,588.9983529411764,804.5,585,43,21,area,4,class->block->function->name,
2,63,rectangle_java2.jpg,rectangle_java2.jpg,11766091497,140,837.4414285714286,551.2982857142857,775.5,549,62,21,height,6,class->block->function->name,
2,63,rectangle_java2.jpg,rectangle_java2.jpg,11766091497,140,837.4414285714286,551.2982857142857,846.5,549,10,21,(,1,class->block->function->parameter_list,
2,63,rectangle_java2.jpg,rectangle_java2.jpg,11766239459,116,788.135172413793,554.5910344827586,775.5,549,62,21,height,6,class->block->function->name,
2,63,rectangle_java2.jpg,rectangle_java2.jpg,11766499447,184,895.2963043478261,554.825652173913,900.5,549,63,21,return,6,class->block->function->block->block_content->return,
2,63,rectangle_java2.jpg,rectangle_java2.jpg,11766599460,96,889.5804166666667,555.5583333333334,883.5,549,10,21,{,1,class->block->function->block,
2,63,rectangle_java2.jpg,rectangle_java2.jpg,11766599460,96,889.5804166666667,555.5583333333334,900.5,549,63,21,return,6,class->block->function->block->block_content->return,
2,63,rectangle_java2.jpg,rectangle_java2.jpg,11766751459,108,1040.8944444444444,560.4033333333333,1045.5,549,13,21,-,1,class->block->function->block->block_content->return->expr->operator,
2,63,rectangle_java2.jpg,rectangle_java2.jpg,11766939419,184,1037.605652173913,555.314347826087,968.5,549,70,21,this.y2,7,class->block->function->block->block_content->return->expr->name->name->operator->name,
2,63,rectangle_java2.jpg,rectangle_java2.jpg,11766939419,184,1037.605652173913,555.314347826087,1045.5,549,13,21,-,1,class->block->function->block->block_content->return->expr->operator,
2,63,rectangle_java2.jpg,rectangle_java2.jpg,11767131427,188,1021.2891489361702,556.8251063829787,968.5,549,70,21,this.y2,7,class->block->function->block->block_content->return->expr->name->name->operator->name,
2,63,rectangle_java2.jpg,rectangle_java2.jpg,11767227447,72,909.4166666666666,545.4111111111112,900.5,549,63,21,return,6,class->block->function->block->block_content->return,
2,63,rectangle_java2.jpg,rectangle_java2.jpg,11767347412,116,914.9606896551724,553.7762068965517,900.5,549,63,21,return,6,class->block->function->block->block_content->return,
2,63,rectangle_java2.jpg,rectangle_java2.jpg,11767479335,128,911.845625,547.534375,900.5,549,63,21,return,6,class->block->function->block->block_content->return,
2,63,rectangle_java2.jpg,rectangle_java2.jpg,11767655299,76,1038.2747368421053,540.1994736842105,968.5,549,70,21,this.y2,7,class->block->function->block->block_content->return->expr->name->name->operator->name,
2,63,rectangle_java2.jpg,rectangle_java2.jpg,11767655299,76,1038.2747368421053,540.1994736842105,1045.5,549,13,21,-,1,class->block->function->block->block_content->return->expr->operator,
2,63,rectangle_java2.jpg,rectangle_java2.jpg,11767879365,76,910.6305263157894,545.2947368421053,900.5,549,63,21,return,6,class->block->function->block->block_content->return,
2,63,rectangle_java2.jpg,rectangle_java2.jpg,11768247259,200,1163.9964,553.5296,1161.5,549,10,21,},1,class->block->function->block,
2,63,rectangle_java2.jpg,rectangle_java2.jpg,11768519341,196,1138.864081632653,567.2236734693878,1142.5,549,10,21,;,1,class->block->function->block->block_content->return,
2,63,rectangle_java2.jpg,rectangle_java2.jpg,11769063279,104,798.8623076923077,255.20230769230773,785.5,259,23,21,x1,2,class->block->decl_stmt->decl->name,
2,63,rectangle_java2.jpg,rectangle_java2.jpg,11769227301,60,798.37,255.376,785.5,259,23,21,x1,2,class->block->decl_stmt->decl->name,
2,63,rectangle_java2.jpg,rectangle_java2.jpg,11769291296,60,785.9246666666667,246.97466666666668,785.5,259,23,21,x1,2,class->block->decl_stmt->decl->name,
2,63,rectangle_java2.jpg,rectangle_java2.jpg,11769507247,68,945.3241176470588,506.17294117647066,891.5,512,62,21,return,6,class->block->function->block->block_content->return->expr->name->name,
2,63,rectangle_java2.jpg,rectangle_java2.jpg,11769631284,100,849.0492,510.99,854.5,512,9,21,),1,class->block->function->parameter_list,
2,63,rectangle_java2.jpg,rectangle_java2.jpg,11769771292,84,857.6409523809524,518.1628571428571,854.5,512,9,21,),1,class->block->function->parameter_list,
2,63,rectangle_java2.jpg,rectangle_java2.jpg,11769903284,72,761.0072222222223,506.4983333333333,737.5,512,33,21,int,3,class->block->function->type->name,
2,63,rectangle_java2.jpg,rectangle_java2.jpg,11770067209,104,763.1169230769231,520.6869230769231,737.5,512,33,21,int,3,class->block->function->type->name,
2,63,rectangle_java2.jpg,rectangle_java2.jpg,11770067209,104,763.1169230769231,520.6869230769231,775.5,512,53,21,width,5,class->block->function->name,
2,63,rectangle_java2.jpg,rectangle_java2.jpg,11770215186,104,869.4396153846154,508.3180769230769,874.5,512,10,21,{,1,class->block->function->block,
2,63,rectangle_java2.jpg,rectangle_java2.jpg,11770319189,56,893.6028571428571,500.3007142857143,891.5,512,62,21,return,6,class->block->function->block->block_content->return->expr->name->name,
2,63,rectangle_java2.jpg,rectangle_java2.jpg,11770435227,60,1066.9666666666667,553.224,1064.5,549,71,21,this.y1,7,class->block->function->block->block_content->return->expr->name->name->operator->name,
2,63,rectangle_java2.jpg,rectangle_java2.jpg,11770527232,88,1057.575,542.1840909090909,1045.5,549,13,21,-,1,class->block->function->block->block_content->return->expr->operator,
2,63,rectangle_java2.jpg,rectangle_java2.jpg,11770527232,88,1057.575,542.1840909090909,1064.5,549,71,21,this.y1,7,class->block->function->block->block_content->return->expr->name->name->operator->name,
2,63,rectangle_java2.jpg,rectangle_java2.jpg,11770619193,88,1050.4186363636363,557.9740909090909,1045.5,549,13,21,-,1,class->block->function->block->block_content->return->expr->operator,
2,63,rectangle_java2.jpg,rectangle_java2.jpg,11770719160,56,1131.7457142857145,587.5642857142857,1122.5,585,12,21,*,1,class->block->function->block->block_content->return->expr->operator,
2,63,rectangle_java2.jpg,rectangle_java2.jpg,11770719160,56,1131.7457142857145,587.5642857142857,1140.5,585,110,21,this.height,11,class->block->function->block->block_content->return->expr->call->name->name->operator->name,
2,63,rectangle_java2.jpg,rectangle_java2.jpg,11770787162,64,1127.3925,592.305625,1122.5,585,12,21,*,1,class->block->function->block->block_content->return->expr->operator,
2,63,rectangle_java2.jpg,rectangle_java2.jpg,11770951141,160,1119.8105,591.912,1122.5,585,12,21,*,1,class->block->function->block->block_content->return->expr->operator,
2,63,rectangle_java2.jpg,rectangle_java2.jpg,11771039107,84,1132.1942857142858,591.2871428571428,1122.5,585,12,21,*,1,class->block->function->block->block_content->return->expr->operator,
2,63,rectangle_java2.jpg,rectangle_java2.jpg,11771039107,84,1132.1942857142858,591.2871428571428,1140.5,585,110,21,this.height,11,class->block->function->block->block_content->return->expr->call->name->name->operator->name,
2,63,rectangle_java2.jpg,rectangle_java2.jpg,11771103082,60,1116.106,592.162,1122.5,585,12,21,*,1,class->block->function->block->block_content->return->expr->operator,
2,63,rectangle_java2.jpg,rectangle_java2.jpg,11771203063,96,1119.763333333333,595.9983333333333,1122.5,585,12,21,*,1,class->block->function->block->block_content->return->expr->operator,
2,63,rectangle_java2.jpg,rectangle_java2.jpg,11771291045,56,934.8878571428572,596.2528571428571,910.5,585,62,21,return,6,class->block->function->block->block_content->return,
2,63,rectangle_java2.jpg,rectangle_java2.jpg,11771571156,96,1059.8770833333333,592.8658333333333,977.5,585,101,21,this.width,10,class->block->function->block->block_content->return->expr->call->name->name->operator->name,
2,63,rectangle_java2.jpg,rectangle_java2.jpg,11771639196,64,1058.614375,604.516875,977.5,585,101,21,this.width,10,class->block->function->block->block_content->return->expr->call->name->name->operator->name,
2,63,rectangle_java2.jpg,rectangle_java2.jpg,11771763111,68,1067.82,595.5864705882353,977.5,585,101,21,this.width,10,class->block->function->block->block_content->return->expr->call->name->name->operator->name,
2,63,rectangle_java2.jpg,rectangle_java2.jpg,11771874881,56,1153.1942857142858,671.0878571428572,1134.5,658,22,20,10,2,class->block->function->block->block_content->decl_stmt->decl->init->expr->call->argument_list->argument->expr->literal,
2,63,rectangle_java2.jpg,rectangle_java2.jpg,11771874881,56,1153.1942857142858,671.0878571428572,1163.5,658,10,20,"""","""",1,class->block->function->block->block_content->decl_stmt->decl->init->expr->call->argument_list
2,63,rectangle_java2.jpg,rectangle_java2.jpg,11771942874,64,1150.969375,673.11625,1134.5,658,22,20,10,2,class->block->function->block->block_content->decl_stmt->decl->init->expr->call->argument_list->argument->expr->literal,
2,63,rectangle_java2.jpg,rectangle_java2.jpg,11772091071,144,1154.3963888888889,667.6647222222222,1134.5,658,22,20,10,2,class->block->function->block->block_content->decl_stmt->decl->init->expr->call->argument_list->argument->expr->literal,
2,63,rectangle_java2.jpg,rectangle_java2.jpg,11772091071,144,1154.3963888888889,667.6647222222222,1163.5,658,10,20,"""","""",1,class->block->function->block->block_content->decl_stmt->decl->init->expr->call->argument_list
2,63,rectangle_java2.jpg,rectangle_java2.jpg,11772251011,92,989.551304347826,674.0573913043478,941.5,658,91,20,Rectangle,9,class->block->function->block->block_content->decl_stmt->decl->init->expr->call->name,
2,63,rectangle_java2.jpg,rectangle_java2.jpg,11772318985,64,994.108125,665.49625,941.5,658,91,20,Rectangle,9,class->block->function->block->block_content->decl_stmt->decl->init->expr->call->name,
2,63,rectangle_java2.jpg,rectangle_java2.jpg,11772382963,60,985.7126666666668,683.088,932.5,694,100,21,rect1.area,10,class->block->function->block->block_content->expr_stmt->expr->call->argument_list->argument->expr->call->name->name->operator->name,
2,63,rectangle_java2.jpg,rectangle_java2.jpg,11777854654,100,949.6056,279.272,929.5,259,23,21,y2,2,class->block->decl_stmt->decl->name,
2,63,rectangle_java2.jpg,rectangle_java2.jpg,11777854654,100,949.6056,279.272,959.5,259,10,21,;,1,class->block->decl_stmt,
2,63,rectangle_java2.jpg,rectangle_java2.jpg,11778550549,76,840.7152631578947,322.4957894736842,826.5,331,23,19,x1,2,class->block->constructor->block->block_content->expr_stmt->expr->name->name,
2,63,rectangle_java2.jpg,rectangle_java2.jpg,11778610574,56,837.4214285714286,300.61,837.5,295,9,21,(,1,class->block->constructor->parameter_list,
2,63,rectangle_java2.jpg,rectangle_java2.jpg,11778926591,60,850.702,362.9333333333333,856.5,367,10,21,;,1,class->block->constructor->block->block_content->expr_stmt,
2,63,rectangle_java2.jpg,rectangle_java2.jpg,11779066568,80,805.0115,331.1865,806.5,331,15,19,=,1,class->block->constructor->block->block_content->expr_stmt->expr->operator,
2,63,rectangle_java2.jpg,rectangle_java2.jpg,11779202588,80,811.7985,348.196,806.5,331,15,19,=,1,class->block->constructor->block->block_content->expr_stmt->expr->operator,
2,63,rectangle_java2.jpg,rectangle_java2.jpg,11779778449,120,779.1086666666666,226.12466666666663,715.5,222,90,21,Rectangle,9,class->name,
2,63,rectangle_java2.jpg,rectangle_java2.jpg,11787105907,92,815.0160869565217,598.5034782608695,804.5,585,43,21,area,4,class->block->function->name,
2,63,rectangle_java2.jpg,rectangle_java2.jpg,11787189938,80,811.4875,604.165,804.5,585,43,21,area,4,class->block->function->name,
2,63,rectangle_java2.jpg,rectangle_java2.jpg,11787261969,68,820.7905882352941,604.8911764705882,804.5,585,43,21,area,4,class->block->function->name,
2,63,rectangle_java2.jpg,rectangle_java2.jpg,11787361992,96,813.7583333333333,599.27625,804.5,585,43,21,area,4,class->block->function->name,
2,63,rectangle_java2.jpg,rectangle_java2.jpg,11787477992,112,820.2042857142857,610.3442857142857,804.5,621,44,21,void,4,class->block->function->type->name,
