trial,participant,code_file,code_language,timestamp,duration,x_cord,y_cord,aoi_x,aoi_y,aoi_width,aoi_height,token,length,srcML,
2,80,rectangle_java2.jpg,rectangle_java2.jpg,384696496,92,679.5591304347826,466.5495652173913,672.5,478,10,18,},1,class->block->constructor->block,
2,80,rectangle_java2.jpg,rectangle_java2.jpg,387048406,104,802.4507692307692,256.4769230769231,785.5,259,23,21,x1,2,class->block->decl_stmt->decl->name,
2,80,rectangle_java2.jpg,rectangle_java2.jpg,387112397,60,808.9626666666667,265.19666666666666,815.5,259,10,21,"""","""",1,class->block->decl_stmt
2,80,rectangle_java2.jpg,rectangle_java2.jpg,388144209,56,818.0642857142857,264.6228571428572,815.5,259,10,21,"""","""",1,class->block->decl_stmt
2,80,rectangle_java2.jpg,rectangle_java2.jpg,388276276,60,884.678,254.43533333333332,881.5,259,23,21,x2,2,class->block->decl_stmt->decl->name,
2,80,rectangle_java2.jpg,rectangle_java2.jpg,388400258,120,892.294,264.497,881.5,259,23,21,x2,2,class->block->decl_stmt->decl->name,
2,80,rectangle_java2.jpg,rectangle_java2.jpg,388548257,76,883.7005263157895,305.71263157894737,853.5,295,32,21,int,3,class->block->constructor->parameter_list->parameter->decl->type->name,
2,80,rectangle_java2.jpg,rectangle_java2.jpg,388548257,76,883.7005263157895,305.71263157894737,890.5,295,24,21,x1,2,class->block->constructor->parameter_list->parameter->decl->type->name,
2,80,rectangle_java2.jpg,rectangle_java2.jpg,388640254,88,887.4272727272727,315.5636363636364,890.5,295,24,21,x1,2,class->block->constructor->parameter_list->parameter->decl->type->name,
2,80,rectangle_java2.jpg,rectangle_java2.jpg,388776246,56,818.8335714285714,312.5264285714286,737.5,295,91,21,Rectangle,9,class->block->constructor->name,
2,80,rectangle_java2.jpg,rectangle_java2.jpg,388836245,56,799.9221428571428,289.35714285714283,737.5,295,91,21,Rectangle,9,class->block->constructor->name,
2,80,rectangle_java2.jpg,rectangle_java2.jpg,388996269,76,855.5415789473684,364.6221052631579,856.5,367,10,21,;,1,class->block->constructor->block->block_content->expr_stmt,
2,80,rectangle_java2.jpg,rectangle_java2.jpg,389915962,140,826.806,391.7251428571429,826.5,404,23,19,x2,2,class->block->constructor->block->block_content->expr_stmt->expr->name->name,
2,80,rectangle_java2.jpg,rectangle_java2.jpg,390576076,112,983.3607142857144,540.6446428571429,968.5,549,70,21,this.y2,7,class->block->function->block->block_content->return->expr->name->name->operator->name,
2,80,rectangle_java2.jpg,rectangle_java2.jpg,390932080,80,865.5455,563.3595,863.5,549,9,21,),1,class->block->function->parameter_list,
2,80,rectangle_java2.jpg,rectangle_java2.jpg,391308036,80,1048.232,564.8425,1045.5,549,13,21,-,1,class->block->function->block->block_content->return->expr->operator,
2,80,rectangle_java2.jpg,rectangle_java2.jpg,391576014,56,1194.5592857142856,581.3678571428571,1140.5,585,110,21,this.height,11,class->block->function->block->block_content->return->expr->call->name->name->operator->name,
2,80,rectangle_java2.jpg,rectangle_java2.jpg,391759977,56,883.1507142857142,566.155,883.5,549,10,21,{,1,class->block->function->block,
2,80,rectangle_java2.jpg,rectangle_java2.jpg,391871962,64,907.96125,553.56875,900.5,549,63,21,return,6,class->block->function->block->block_content->return,
2,80,rectangle_java2.jpg,rectangle_java2.jpg,392155866,72,1212.6888888888889,580.94,1140.5,585,110,21,this.height,11,class->block->function->block->block_content->return->expr->call->name->name->operator->name,
2,80,rectangle_java2.jpg,rectangle_java2.jpg,392219892,60,1209.1693333333333,581.5813333333333,1140.5,585,110,21,this.height,11,class->block->function->block->block_content->return->expr->call->name->name->operator->name,
2,80,rectangle_java2.jpg,rectangle_java2.jpg,392391909,68,1104.044705882353,588.4,1103.5,585,9,21,),1,class->block->function->block->block_content->return->expr->call->argument_list,
2,80,rectangle_java2.jpg,rectangle_java2.jpg,392731935,72,1047.5627777777777,568.5633333333333,1045.5,549,13,21,-,1,class->block->function->block->block_content->return->expr->operator,
2,80,rectangle_java2.jpg,rectangle_java2.jpg,392871885,56,968.72,625.1042857142857,920.5,621,62,21,String,6,class->block->function->parameter_list->parameter->decl->type->name->name,
2,80,rectangle_java2.jpg,rectangle_java2.jpg,393027922,96,983.7258333333332,628.8741666666667,990.5,621,10,21,[,1,class->block->function->parameter_list->parameter->decl->type->name->index,
2,80,rectangle_java2.jpg,rectangle_java2.jpg,393543881,60,1056.0966666666666,632.064,1025.5,621,42,21,args,4,class->block->function->parameter_list->parameter->decl->name,
2,80,rectangle_java2.jpg,rectangle_java2.jpg,393615858,68,1059.964705882353,618.6876470588235,1025.5,621,42,21,args,4,class->block->function->parameter_list->parameter->decl->name,
2,80,rectangle_java2.jpg,rectangle_java2.jpg,393927809,88,1008.2504545454544,647.1727272727272,941.5,658,91,20,Rectangle,9,class->block->function->block->block_content->decl_stmt->decl->init->expr->call->name,
2,80,rectangle_java2.jpg,rectangle_java2.jpg,394439868,120,880.4363333333333,704.9503333333333,730.5,694,177,21,System.out.println,18,class->block->function->block->block_content->expr_stmt->expr->call->name->name->operator->name->operator->name,
2,80,rectangle_java2.jpg,rectangle_java2.jpg,400563428,100,835.5684,263.47,833.5,259,23,21,y1,2,class->block->decl_stmt->decl->name,
2,80,rectangle_java2.jpg,rectangle_java2.jpg,401063388,64,852.119375,257.72875,833.5,259,23,21,y1,2,class->block->decl_stmt->decl->name,
2,80,rectangle_java2.jpg,rectangle_java2.jpg,401063388,64,852.119375,257.72875,863.5,259,10,21,"""","""",1,class->block->decl_stmt
2,80,rectangle_java2.jpg,rectangle_java2.jpg,401191316,124,869.7441935483871,261.8896774193548,863.5,259,10,21,"""","""",1,class->block->decl_stmt
2,80,rectangle_java2.jpg,rectangle_java2.jpg,401191316,124,869.7441935483871,261.8896774193548,881.5,259,23,21,x2,2,class->block->decl_stmt->decl->name,
2,80,rectangle_java2.jpg,rectangle_java2.jpg,401383279,140,805.8485714285714,250.8608571428572,785.5,259,23,21,x1,2,class->block->decl_stmt->decl->name,
2,80,rectangle_java2.jpg,rectangle_java2.jpg,401383279,140,805.8485714285714,250.8608571428572,815.5,259,10,21,"""","""",1,class->block->decl_stmt
2,80,rectangle_java2.jpg,rectangle_java2.jpg,403971171,100,1034.2088,315.398,1025.5,295,33,21,int,3,class->block->constructor->parameter_list->parameter->decl->type->name,
2,80,rectangle_java2.jpg,rectangle_java2.jpg,404147146,88,830.6086363636364,285.89454545454544,837.5,295,9,21,(,1,class->block->constructor->parameter_list,
2,80,rectangle_java2.jpg,rectangle_java2.jpg,404367151,132,817.8884848484848,271.20151515151514,815.5,259,10,21,"""","""",1,class->block->decl_stmt
2,80,rectangle_java2.jpg,rectangle_java2.jpg,405447013,120,798.7346666666666,342.1623333333333,730.5,331,71,19,this.x1,7,class->block->constructor->block->block_content->expr_stmt->expr->name->name->operator->name,
2,80,rectangle_java2.jpg,rectangle_java2.jpg,405447013,120,798.7346666666666,342.1623333333333,806.5,331,15,19,=,1,class->block->constructor->block->block_content->expr_stmt->expr->operator,
2,80,rectangle_java2.jpg,rectangle_java2.jpg,405699012,196,823.8818367346938,273.5810204081633,815.5,259,10,21,"""","""",1,class->block->decl_stmt
2,80,rectangle_java2.jpg,rectangle_java2.jpg,405699012,196,823.8818367346938,273.5810204081633,833.5,259,23,21,y1,2,class->block->decl_stmt->decl->name,
2,80,rectangle_java2.jpg,rectangle_java2.jpg,405875002,88,869.165909090909,284.05954545454546,853.5,295,32,21,int,3,class->block->constructor->parameter_list->parameter->decl->type->name,
2,80,rectangle_java2.jpg,rectangle_java2.jpg,406466991,84,837.6523809523809,303.242380952381,837.5,295,9,21,(,1,class->block->constructor->parameter_list,
2,80,rectangle_java2.jpg,rectangle_java2.jpg,407382909,76,822.7547368421053,349.58473684210526,826.5,331,23,19,x1,2,class->block->constructor->block->block_content->expr_stmt->expr->name->name,
2,80,rectangle_java2.jpg,rectangle_java2.jpg,407506917,120,825.3516666666667,334.4766666666667,826.5,331,23,19,x1,2,class->block->constructor->block->block_content->expr_stmt->expr->name->name,
2,80,rectangle_java2.jpg,rectangle_java2.jpg,408562630,76,961.807894736842,301.78526315789475,939.5,295,33,21,int,3,class->block->constructor->parameter_list->parameter->decl->type->name,
2,80,rectangle_java2.jpg,rectangle_java2.jpg,408838787,80,835.545,343.713,826.5,331,23,19,x1,2,class->block->constructor->block->block_content->expr_stmt->expr->name->name,
2,80,rectangle_java2.jpg,rectangle_java2.jpg,409106804,68,859.2029411764705,342.27529411764704,856.5,331,10,19,;,1,class->block->constructor->block->block_content->expr_stmt,
2,80,rectangle_java2.jpg,rectangle_java2.jpg,410786658,96,855.1116666666667,520.2583333333333,854.5,512,9,21,),1,class->block->function->parameter_list,
2,80,rectangle_java2.jpg,rectangle_java2.jpg,410978625,84,1039.5233333333333,591.4114285714286,977.5,585,101,21,this.width,10,class->block->function->block->block_content->return->expr->call->name->name->operator->name,
2,80,rectangle_java2.jpg,rectangle_java2.jpg,411286697,76,822.2084210526316,499.88052631578944,775.5,512,53,21,width,5,class->block->function->name,
2,80,rectangle_java2.jpg,rectangle_java2.jpg,411790589,80,850.8534999999999,579.5275,856.5,585,9,21,(,1,class->block->function->parameter_list,
2,80,rectangle_java2.jpg,rectangle_java2.jpg,411910608,56,908.3864285714286,569.7157142857143,900.5,549,63,21,return,6,class->block->function->block->block_content->return,
2,80,rectangle_java2.jpg,rectangle_java2.jpg,412286552,96,1047.2208333333333,591.7954166666667,977.5,585,101,21,this.width,10,class->block->function->block->block_content->return->expr->call->name->name->operator->name,
2,80,rectangle_java2.jpg,rectangle_java2.jpg,412826520,56,1031.1721428571427,538.2635714285715,968.5,549,70,21,this.y2,7,class->block->function->block->block_content->return->expr->name->name->operator->name,
2,80,rectangle_java2.jpg,rectangle_java2.jpg,413014463,72,1136.89,648.1188888888889,1134.5,658,22,20,10,2,class->block->function->block->block_content->decl_stmt->decl->init->expr->call->argument_list->argument->expr->literal,
2,80,rectangle_java2.jpg,rectangle_java2.jpg,413254390,80,1066.9355,601.8340000000001,977.5,585,101,21,this.width,10,class->block->function->block->block_content->return->expr->call->name->name->operator->name,
2,80,rectangle_java2.jpg,rectangle_java2.jpg,413322396,64,1050.861875,616.69625,1025.5,621,42,21,args,4,class->block->function->parameter_list->parameter->decl->name,
2,80,rectangle_java2.jpg,rectangle_java2.jpg,413454411,56,819.7607142857142,733.6264285714285,730.5,731,91,20,Rectangle,9,class->block->function->block->block_content->decl_stmt->decl->type->name,
2,80,rectangle_java2.jpg,rectangle_java2.jpg,413454411,56,819.7607142857142,733.6264285714285,826.5,731,51,20,rect2,5,class->block->function->block->block_content->decl_stmt->decl->name,
2,80,rectangle_java2.jpg,rectangle_java2.jpg,413558422,60,843.2906666666667,705.54,730.5,694,177,21,System.out.println,18,class->block->function->block->block_content->expr_stmt->expr->call->name->name->operator->name->operator->name,
2,80,rectangle_java2.jpg,rectangle_java2.jpg,413706440,64,887.781875,591.93875,893.5,585,10,21,{,1,class->block->function->block,
2,80,rectangle_java2.jpg,rectangle_java2.jpg,413842465,96,884.7295833333334,618.6820833333334,851.5,621,44,21,main,4,class->block->function->name,
2,80,rectangle_java2.jpg,rectangle_java2.jpg,414018533,84,930.9995238095238,553.2333333333333,900.5,549,63,21,return,6,class->block->function->block->block_content->return,
2,80,rectangle_java2.jpg,rectangle_java2.jpg,414098504,56,1185.1642857142856,580.7614285714286,1140.5,585,110,21,this.height,11,class->block->function->block->block_content->return->expr->call->name->name->operator->name,
2,80,rectangle_java2.jpg,rectangle_java2.jpg,414170438,68,1177.5711764705882,585.9894117647059,1140.5,585,110,21,this.height,11,class->block->function->block->block_content->return->expr->call->name->name->operator->name,
2,80,rectangle_java2.jpg,rectangle_java2.jpg,414422364,92,1162.0647826086956,589.138695652174,1140.5,585,110,21,this.height,11,class->block->function->block->block_content->return->expr->call->name->name->operator->name,
2,80,rectangle_java2.jpg,rectangle_java2.jpg,414530355,76,1211.0163157894738,604.7157894736843,1140.5,585,110,21,this.height,11,class->block->function->block->block_content->return->expr->call->name->name->operator->name,
2,80,rectangle_java2.jpg,rectangle_java2.jpg,414630326,60,1211.9513333333334,605.4306666666666,1140.5,585,110,21,this.height,11,class->block->function->block->block_content->return->expr->call->name->name->operator->name,
2,80,rectangle_java2.jpg,rectangle_java2.jpg,414910353,96,940.0216666666666,561.7454166666666,900.5,549,63,21,return,6,class->block->function->block->block_content->return,
2,80,rectangle_java2.jpg,rectangle_java2.jpg,415154295,144,1054.2933333333333,597.8922222222222,977.5,585,101,21,this.width,10,class->block->function->block->block_content->return->expr->call->name->name->operator->name,
2,80,rectangle_java2.jpg,rectangle_java2.jpg,415302320,68,1058.6170588235293,647.6588235294117,1057.5,658,13,20,0,1,class->block->function->block->block_content->decl_stmt->decl->init->expr->call->argument_list->argument->expr->literal,
2,80,rectangle_java2.jpg,rectangle_java2.jpg,416258223,56,1012.6607142857144,786.6321428571429,932.5,766,100,21,rect2.area,10,class->block->function->block->block_content->expr_stmt->expr->call->argument_list->argument->expr->call->name->name->operator->name,
