trial,participant,code_file,code_language,timestamp,duration,x_cord,y_cord,aoi_x,aoi_y,aoi_width,aoi_height,token,length,srcML,
2,81,rectangle_java2.jpg,rectangle_java2.jpg,1867049562,116,821.9327586206897,211.80275862068964,813.5,222,10,21,{,1,class->block,
2,81,rectangle_java2.jpg,rectangle_java2.jpg,1869837279,92,804.6417391304348,241.04,715.5,222,90,21,Rectangle,9,class->name,
2,81,rectangle_java2.jpg,rectangle_java2.jpg,1869837279,92,804.6417391304348,241.04,813.5,222,10,21,{,1,class->block,
2,81,rectangle_java2.jpg,rectangle_java2.jpg,1869953257,112,809.5878571428572,232.4125,813.5,222,10,21,{,1,class->block,
2,81,rectangle_java2.jpg,rectangle_java2.jpg,1870025224,68,803.9676470588236,216.19117647058823,715.5,222,90,21,Rectangle,9,class->name,
2,81,rectangle_java2.jpg,rectangle_java2.jpg,1870025224,68,803.9676470588236,216.19117647058823,813.5,222,10,21,{,1,class->block,
2,81,rectangle_java2.jpg,rectangle_java2.jpg,1870553547,200,887.862,252.2892,881.5,259,23,21,x2,2,class->block->decl_stmt->decl->name,
2,81,rectangle_java2.jpg,rectangle_java2.jpg,1870973123,100,857.2212,273.1448,863.5,259,10,21,"""","""",1,class->block->decl_stmt
2,81,rectangle_java2.jpg,rectangle_java2.jpg,1871049144,72,854.0016666666667,275.0627777777778,833.5,259,23,21,y1,2,class->block->decl_stmt->decl->name,
2,81,rectangle_java2.jpg,rectangle_java2.jpg,1871049144,72,854.0016666666667,275.0627777777778,863.5,259,10,21,"""","""",1,class->block->decl_stmt
2,81,rectangle_java2.jpg,rectangle_java2.jpg,1871177134,100,959.214,271.6656,959.5,259,10,21,;,1,class->block->decl_stmt,
2,81,rectangle_java2.jpg,rectangle_java2.jpg,1871297118,116,953.7717241379312,271.18206896551726,959.5,259,10,21,;,1,class->block->decl_stmt,
2,81,rectangle_java2.jpg,rectangle_java2.jpg,1871393105,60,948.316,307.56666666666666,939.5,295,33,21,int,3,class->block->constructor->parameter_list->parameter->decl->type->name,
2,81,rectangle_java2.jpg,rectangle_java2.jpg,1871597108,200,952.7688,310.1504,939.5,295,33,21,int,3,class->block->constructor->parameter_list->parameter->decl->type->name,
2,81,rectangle_java2.jpg,rectangle_java2.jpg,1872201096,80,778.17,432.4425,730.5,440,71,21,this.y2,7,class->block->constructor->block->block_content->expr_stmt->expr->name->name->operator->name,
2,81,rectangle_java2.jpg,rectangle_java2.jpg,1872265070,60,775.052,441.0586666666667,730.5,440,71,21,this.y2,7,class->block->constructor->block->block_content->expr_stmt->expr->name->name->operator->name,
2,81,rectangle_java2.jpg,rectangle_java2.jpg,1872808967,140,964.5471428571428,297.1808571428571,939.5,295,33,21,int,3,class->block->constructor->parameter_list->parameter->decl->type->name,
2,81,rectangle_java2.jpg,rectangle_java2.jpg,1872928945,116,961.5217241379312,302.6989655172414,939.5,295,33,21,int,3,class->block->constructor->parameter_list->parameter->decl->type->name,
2,81,rectangle_java2.jpg,rectangle_java2.jpg,1874024819,76,912.7315789473683,300.63947368421054,890.5,295,24,21,x1,2,class->block->constructor->parameter_list->parameter->decl->type->name,
2,81,rectangle_java2.jpg,rectangle_java2.jpg,1874024819,76,912.7315789473683,300.63947368421054,921.5,295,9,21,"""","""",1,class->block->constructor->parameter_list
2,81,rectangle_java2.jpg,rectangle_java2.jpg,1874208835,108,911.4233333333332,304.402962962963,890.5,295,24,21,x1,2,class->block->constructor->parameter_list->parameter->decl->type->name,
2,81,rectangle_java2.jpg,rectangle_java2.jpg,1874208835,108,911.4233333333332,304.402962962963,921.5,295,9,21,"""","""",1,class->block->constructor->parameter_list
2,81,rectangle_java2.jpg,rectangle_java2.jpg,1877324286,108,851.2333333333333,248.5981481481481,833.5,259,23,21,y1,2,class->block->decl_stmt->decl->name,
2,81,rectangle_java2.jpg,rectangle_java2.jpg,1877324286,108,851.2333333333333,248.5981481481481,863.5,259,10,21,"""","""",1,class->block->decl_stmt
2,81,rectangle_java2.jpg,rectangle_java2.jpg,1879668449,96,817.2283333333334,532.3666666666667,775.5,512,53,21,width,5,class->block->function->name,
2,81,rectangle_java2.jpg,rectangle_java2.jpg,1879760450,88,815.3768181818182,532.3831818181818,775.5,512,53,21,width,5,class->block->function->name,
2,81,rectangle_java2.jpg,rectangle_java2.jpg,1879900436,108,883.9022222222222,526.0077777777777,874.5,512,10,21,{,1,class->block->function->block,
2,81,rectangle_java2.jpg,rectangle_java2.jpg,1879900436,108,883.9022222222222,526.0077777777777,891.5,512,62,21,return,6,class->block->function->block->block_content->return->expr->name->name,
2,81,rectangle_java2.jpg,rectangle_java2.jpg,1880072290,168,888.2404761904762,521.452619047619,891.5,512,62,21,return,6,class->block->function->block->block_content->return->expr->name->name,
2,81,rectangle_java2.jpg,rectangle_java2.jpg,1880440300,312,982.9157692307692,529.9619230769231,958.5,512,71,21,this.x2,7,class->block->function->block->block_content->return->expr->name->name->operator->name->operator,
2,81,rectangle_java2.jpg,rectangle_java2.jpg,1880732311,248,1063.8885483870968,530.178064516129,1054.5,512,71,21,this.x1,7,class->block->function->block->block_content->return->expr->name->name->operator->name,
2,81,rectangle_java2.jpg,rectangle_java2.jpg,1881148326,88,1154.2195454545454,527.5495454545454,1152.5,512,10,21,},1,class->block,
2,81,rectangle_java2.jpg,rectangle_java2.jpg,1881264297,112,1151.1835714285714,522.1714285714286,1152.5,512,10,21,},1,class->block,
2,81,rectangle_java2.jpg,rectangle_java2.jpg,1882772210,256,783.83453125,218.01187500000003,715.5,222,90,21,Rectangle,9,class->name,
2,81,rectangle_java2.jpg,rectangle_java2.jpg,1885563893,72,839.4694444444444,264.0566666666667,833.5,259,23,21,y1,2,class->block->decl_stmt->decl->name,
2,81,rectangle_java2.jpg,rectangle_java2.jpg,1885807919,212,806.1322641509433,234.74396226415087,813.5,222,10,21,{,1,class->block,
2,81,rectangle_java2.jpg,rectangle_java2.jpg,1886487657,156,868.6133333333333,260.8369230769231,863.5,259,10,21,"""","""",1,class->block->decl_stmt
2,81,rectangle_java2.jpg,rectangle_java2.jpg,1886787781,232,808.7689655172413,248.6686206896552,815.5,259,10,21,"""","""",1,class->block->decl_stmt
2,81,rectangle_java2.jpg,rectangle_java2.jpg,1886935728,144,810.9327777777778,257.9161111111111,815.5,259,10,21,"""","""",1,class->block->decl_stmt
2,81,rectangle_java2.jpg,rectangle_java2.jpg,1887195681,224,865.8264285714286,247.6696428571429,863.5,259,10,21,"""","""",1,class->block->decl_stmt
2,81,rectangle_java2.jpg,rectangle_java2.jpg,1887423826,188,797.3229787234043,254.858085106383,785.5,259,23,21,x1,2,class->block->decl_stmt->decl->name,
2,81,rectangle_java2.jpg,rectangle_java2.jpg,1887527821,100,768.1048,255.93240000000003,747.5,259,33,21,int,3,class->block->decl_stmt->decl->type->name,
2,81,rectangle_java2.jpg,rectangle_java2.jpg,1888947612,148,829.5445945945946,251.36864864864867,833.5,259,23,21,y1,2,class->block->decl_stmt->decl->name,
2,81,rectangle_java2.jpg,rectangle_java2.jpg,1889023603,72,830.8411111111111,259.2783333333333,833.5,259,23,21,y1,2,class->block->decl_stmt->decl->name,
2,81,rectangle_java2.jpg,rectangle_java2.jpg,1889347626,248,771.8646774193548,257.1287096774193,747.5,259,33,21,int,3,class->block->decl_stmt->decl->type->name,
2,81,rectangle_java2.jpg,rectangle_java2.jpg,1889499508,132,823.3318181818182,264.5566666666667,815.5,259,10,21,"""","""",1,class->block->decl_stmt
2,81,rectangle_java2.jpg,rectangle_java2.jpg,1889499508,132,823.3318181818182,264.5566666666667,833.5,259,23,21,y1,2,class->block->decl_stmt->decl->name,
2,81,rectangle_java2.jpg,rectangle_java2.jpg,1890495514,96,869.1108333333333,256.2966666666667,863.5,259,10,21,"""","""",1,class->block->decl_stmt
2,81,rectangle_java2.jpg,rectangle_java2.jpg,1890495514,96,869.1108333333333,256.2966666666667,881.5,259,23,21,x2,2,class->block->decl_stmt->decl->name,
2,81,rectangle_java2.jpg,rectangle_java2.jpg,1890711514,108,833.607037037037,290.69074074074075,837.5,295,9,21,(,1,class->block->constructor->parameter_list,
2,81,rectangle_java2.jpg,rectangle_java2.jpg,1890787521,72,832.0444444444445,287.055,837.5,295,9,21,(,1,class->block->constructor->parameter_list,
2,81,rectangle_java2.jpg,rectangle_java2.jpg,1890943416,64,884.476875,301.893125,853.5,295,32,21,int,3,class->block->constructor->parameter_list->parameter->decl->type->name,
2,81,rectangle_java2.jpg,rectangle_java2.jpg,1890943416,64,884.476875,301.893125,890.5,295,24,21,x1,2,class->block->constructor->parameter_list->parameter->decl->type->name,
2,81,rectangle_java2.jpg,rectangle_java2.jpg,1891007311,60,876.256,293.20733333333334,853.5,295,32,21,int,3,class->block->constructor->parameter_list->parameter->decl->type->name,
2,81,rectangle_java2.jpg,rectangle_java2.jpg,1891363391,128,960.67375,283.7128125,939.5,295,33,21,int,3,class->block->constructor->parameter_list->parameter->decl->type->name,
2,81,rectangle_java2.jpg,rectangle_java2.jpg,1892346954,84,756.5433333333333,452.6752380952381,730.5,440,71,21,this.y2,7,class->block->constructor->block->block_content->expr_stmt->expr->name->name->operator->name,
2,81,rectangle_java2.jpg,rectangle_java2.jpg,1892427022,76,753.3931578947369,440.1768421052632,730.5,440,71,21,this.y2,7,class->block->constructor->block->block_content->expr_stmt->expr->name->name->operator->name,
2,81,rectangle_java2.jpg,rectangle_java2.jpg,1892575030,68,758.3423529411765,453.0682352941176,730.5,440,71,21,this.y2,7,class->block->constructor->block->block_content->expr_stmt->expr->name->name->operator->name,
2,81,rectangle_java2.jpg,rectangle_java2.jpg,1892739127,120,728.7006666666666,448.889,730.5,440,71,21,this.y2,7,class->block->constructor->block->block_content->expr_stmt->expr->name->name->operator->name,
2,81,rectangle_java2.jpg,rectangle_java2.jpg,1892855267,88,829.5286363636363,440.91590909090905,826.5,440,23,21,y2,2,class->block->constructor->block->block_content->expr_stmt->expr->name->name,
2,81,rectangle_java2.jpg,rectangle_java2.jpg,1892927313,68,826.2635294117647,440.6988235294118,826.5,440,23,21,y2,2,class->block->constructor->block->block_content->expr_stmt->expr->name->name,
2,81,rectangle_java2.jpg,rectangle_java2.jpg,1893139286,120,805.6503333333334,442.0563333333333,806.5,440,15,21,=,1,class->block->constructor->block->block_content->expr_stmt->expr->operator,
2,81,rectangle_java2.jpg,rectangle_java2.jpg,1893339247,172,772.2344186046512,439.0981395348838,730.5,440,71,21,this.y2,7,class->block->constructor->block->block_content->expr_stmt->expr->name->name->operator->name,
2,81,rectangle_java2.jpg,rectangle_java2.jpg,1893431357,64,830.795,427.6925,826.5,440,23,21,y2,2,class->block->constructor->block->block_content->expr_stmt->expr->name->name,
2,81,rectangle_java2.jpg,rectangle_java2.jpg,1894631174,56,773.6685714285715,448.7357142857143,730.5,440,71,21,this.y2,7,class->block->constructor->block->block_content->expr_stmt->expr->name->name->operator->name,
2,81,rectangle_java2.jpg,rectangle_java2.jpg,1895475100,80,877.8435,503.5195,874.5,512,10,21,{,1,class->block->function->block,
2,81,rectangle_java2.jpg,rectangle_java2.jpg,1895591094,112,881.7078571428572,505.3557142857143,874.5,512,10,21,{,1,class->block->function->block,
2,81,rectangle_java2.jpg,rectangle_java2.jpg,1895591094,112,881.7078571428572,505.3557142857143,891.5,512,62,21,return,6,class->block->function->block->block_content->return->expr->name->name,
2,81,rectangle_java2.jpg,rectangle_java2.jpg,1895750856,60,962.916,510.624,958.5,512,71,21,this.x2,7,class->block->function->block->block_content->return->expr->name->name->operator->name->operator,
2,81,rectangle_java2.jpg,rectangle_java2.jpg,1895854756,100,956.3232,507.3564,958.5,512,71,21,this.x2,7,class->block->function->block->block_content->return->expr->name->name->operator->name->operator,
2,81,rectangle_java2.jpg,rectangle_java2.jpg,1896134968,148,896.2291891891892,503.4951351351351,891.5,512,62,21,return,6,class->block->function->block->block_content->return->expr->name->name,
2,81,rectangle_java2.jpg,rectangle_java2.jpg,1897075021,60,1067.7173333333333,504.8033333333333,1054.5,512,71,21,this.x1,7,class->block->function->block->block_content->return->expr->name->name->operator->name,
2,81,rectangle_java2.jpg,rectangle_java2.jpg,1899050557,56,1082.4735714285714,500.66571428571433,1054.5,512,71,21,this.x1,7,class->block->function->block->block_content->return->expr->name->name->operator->name,
2,81,rectangle_java2.jpg,rectangle_java2.jpg,1899166612,112,1082.7932142857144,511.895,1054.5,512,71,21,this.x1,7,class->block->function->block->block_content->return->expr->name->name->operator->name,
2,81,rectangle_java2.jpg,rectangle_java2.jpg,1899402687,56,1124.2142857142858,505.9107142857142,1054.5,512,71,21,this.x1,7,class->block->function->block->block_content->return->expr->name->name->operator->name,
2,81,rectangle_java2.jpg,rectangle_java2.jpg,1899402687,56,1124.2142857142858,505.9107142857142,1132.5,512,10,21,;,1,class->block->function->block,
2,81,rectangle_java2.jpg,rectangle_java2.jpg,1900062762,92,808.7978260869565,507.54304347826087,775.5,512,53,21,width,5,class->block->function->name,
2,81,rectangle_java2.jpg,rectangle_java2.jpg,1901154577,96,874.0954166666667,546.4620833333333,883.5,549,10,21,{,1,class->block->function->block,
2,81,rectangle_java2.jpg,rectangle_java2.jpg,1901270630,112,877.1003571428571,540.3967857142857,883.5,549,10,21,{,1,class->block->function->block,
2,81,rectangle_java2.jpg,rectangle_java2.jpg,1901394615,100,832.6208,544.0044,775.5,549,62,21,height,6,class->block->function->name,
2,81,rectangle_java2.jpg,rectangle_java2.jpg,1901538580,140,834.7411428571429,542.57,775.5,549,62,21,height,6,class->block->function->name,
2,81,rectangle_java2.jpg,rectangle_java2.jpg,1901538580,140,834.7411428571429,542.57,846.5,549,10,21,(,1,class->block->function->parameter_list,
2,81,rectangle_java2.jpg,rectangle_java2.jpg,1902002529,172,1053.326976744186,536.8209302325581,1045.5,549,13,21,-,1,class->block->function->block->block_content->return->expr->operator,
2,81,rectangle_java2.jpg,rectangle_java2.jpg,1902002529,172,1053.326976744186,536.8209302325581,1064.5,549,71,21,this.y1,7,class->block->function->block->block_content->return->expr->name->name->operator->name,
2,81,rectangle_java2.jpg,rectangle_java2.jpg,1902138486,64,1129.1950000000002,554.215,1064.5,549,71,21,this.y1,7,class->block->function->block->block_content->return->expr->name->name->operator->name,
2,81,rectangle_java2.jpg,rectangle_java2.jpg,1902366447,76,1108.9615789473685,546.9178947368421,1064.5,549,71,21,this.y1,7,class->block->function->block->block_content->return->expr->name->name->operator->name,
2,81,rectangle_java2.jpg,rectangle_java2.jpg,1902610454,144,753.3177777777778,590.8222222222222,737.5,585,62,21,double,6,class->block->function->type->name,
2,81,rectangle_java2.jpg,rectangle_java2.jpg,1902850433,200,797.6286,589.0718,737.5,585,62,21,double,6,class->block->function->type->name,
2,81,rectangle_java2.jpg,rectangle_java2.jpg,1902850433,200,797.6286,589.0718,804.5,585,43,21,area,4,class->block->function->name,
2,81,rectangle_java2.jpg,rectangle_java2.jpg,1903006383,88,870.9072727272727,625.2381818181818,851.5,621,44,21,main,4,class->block->function->name,
2,81,rectangle_java2.jpg,rectangle_java2.jpg,1903114331,104,873.5357692307692,616.3669230769231,851.5,621,44,21,main,4,class->block->function->name,
2,81,rectangle_java2.jpg,rectangle_java2.jpg,1903306381,164,976.7134146341464,641.1007317073171,920.5,621,62,21,String,6,class->block->function->parameter_list->parameter->decl->type->name->name,
2,81,rectangle_java2.jpg,rectangle_java2.jpg,1903554272,160,1098.5895,614.203,1094.5,621,10,21,{,1,class->block->function->block,
2,81,rectangle_java2.jpg,rectangle_java2.jpg,1903626228,68,1098.2088235294118,612.0058823529412,1094.5,621,10,21,{,1,class->block->function->block,
2,81,rectangle_java2.jpg,rectangle_java2.jpg,1903990344,92,1101.7647826086957,591.8560869565217,1103.5,585,9,21,),1,class->block->function->block->block_content->return->expr->call->argument_list,
2,81,rectangle_java2.jpg,rectangle_java2.jpg,1904066345,56,1070.642142857143,619.4478571428572,1074.5,621,10,21,),1,class->block->function->parameter_list,
2,81,rectangle_java2.jpg,rectangle_java2.jpg,1904142353,72,1067.6766666666667,620.2088888888889,1074.5,621,10,21,),1,class->block->function->parameter_list,
2,81,rectangle_java2.jpg,rectangle_java2.jpg,1904202348,56,1063.4071428571428,623.2942857142857,1025.5,621,42,21,args,4,class->block->function->parameter_list->parameter->decl->name,
2,81,rectangle_java2.jpg,rectangle_java2.jpg,1904202348,56,1063.4071428571428,623.2942857142857,1074.5,621,10,21,),1,class->block->function->parameter_list,
2,81,rectangle_java2.jpg,rectangle_java2.jpg,1904282326,76,1069.1263157894737,624.1731578947368,1074.5,621,10,21,),1,class->block->function->parameter_list,
2,81,rectangle_java2.jpg,rectangle_java2.jpg,1904430306,144,1065.101111111111,637.0977777777778,1025.5,621,42,21,args,4,class->block->function->parameter_list->parameter->decl->name,
2,81,rectangle_java2.jpg,rectangle_java2.jpg,1904430306,144,1065.101111111111,637.0977777777778,1074.5,621,10,21,),1,class->block->function->parameter_list,
2,81,rectangle_java2.jpg,rectangle_java2.jpg,1905398226,76,860.998947368421,616.3778947368421,851.5,621,44,21,main,4,class->block->function->name,
2,81,rectangle_java2.jpg,rectangle_java2.jpg,1905794138,392,867.3223469387755,626.1160204081633,851.5,621,44,21,main,4,class->block->function->name,
2,81,rectangle_java2.jpg,rectangle_java2.jpg,1905890169,80,803.2515,632.571,804.5,621,44,21,void,4,class->block->function->type->name,
2,81,rectangle_java2.jpg,rectangle_java2.jpg,1906038197,116,778.91,567.4855172413793,775.5,549,62,21,height,6,class->block->function->name,
2,81,rectangle_java2.jpg,rectangle_java2.jpg,1906102212,60,776.1113333333334,568.9626666666667,775.5,549,62,21,height,6,class->block->function->name,
2,81,rectangle_java2.jpg,rectangle_java2.jpg,1906182230,76,773.8394736842105,569.3847368421052,775.5,549,62,21,height,6,class->block->function->name,
2,81,rectangle_java2.jpg,rectangle_java2.jpg,1906414197,192,877.2547916666666,617.9247916666667,851.5,621,44,21,main,4,class->block->function->name,
2,81,rectangle_java2.jpg,rectangle_java2.jpg,1906602174,184,877.5865217391305,614.9691304347826,851.5,621,44,21,main,4,class->block->function->name,
2,81,rectangle_java2.jpg,rectangle_java2.jpg,1906714138,60,964.494,631.1106666666667,920.5,621,62,21,String,6,class->block->function->parameter_list->parameter->decl->type->name->name,
2,81,rectangle_java2.jpg,rectangle_java2.jpg,1906798105,80,964.1575,626.096,920.5,621,62,21,String,6,class->block->function->parameter_list->parameter->decl->type->name->name,
2,81,rectangle_java2.jpg,rectangle_java2.jpg,1906870086,68,957.5576470588236,639.3617647058824,920.5,621,62,21,String,6,class->block->function->parameter_list->parameter->decl->type->name->name,
2,81,rectangle_java2.jpg,rectangle_java2.jpg,1907050057,176,958.1427272727273,629.7975,920.5,621,62,21,String,6,class->block->function->parameter_list->parameter->decl->type->name->name,
2,81,rectangle_java2.jpg,rectangle_java2.jpg,1907266049,116,1094.1768965517242,636.8113793103448,1094.5,621,10,21,{,1,class->block->function->block,
2,81,rectangle_java2.jpg,rectangle_java2.jpg,1907490030,144,1063.2744444444445,611.4013888888888,1025.5,621,42,21,args,4,class->block->function->parameter_list->parameter->decl->name,
2,81,rectangle_java2.jpg,rectangle_java2.jpg,1907490030,144,1063.2744444444445,611.4013888888888,1074.5,621,10,21,),1,class->block->function->parameter_list,
2,81,rectangle_java2.jpg,rectangle_java2.jpg,1908293862,156,797.1584615384616,699.0889743589744,730.5,694,177,21,System.out.println,18,class->block->function->block->block_content->expr_stmt->expr->call->name->name->operator->name->operator->name,
2,81,rectangle_java2.jpg,rectangle_java2.jpg,1908606076,276,749.1076811594203,703.5224637681159,730.5,694,177,21,System.out.println,18,class->block->function->block->block_content->expr_stmt->expr->call->name->name->operator->name->operator->name,
2,81,rectangle_java2.jpg,rectangle_java2.jpg,1908749980,140,751.6094285714286,698.3185714285714,730.5,694,177,21,System.out.println,18,class->block->function->block->block_content->expr_stmt->expr->call->name->name->operator->name->operator->name,
2,81,rectangle_java2.jpg,rectangle_java2.jpg,1908977861,136,835.5197058823529,687.0632352941177,730.5,694,177,21,System.out.println,18,class->block->function->block->block_content->expr_stmt->expr->call->name->name->operator->name->operator->name,
2,81,rectangle_java2.jpg,rectangle_java2.jpg,1909065855,84,836.1719047619048,702.4280952380952,730.5,694,177,21,System.out.println,18,class->block->function->block->block_content->expr_stmt->expr->call->name->name->operator->name->operator->name,
2,81,rectangle_java2.jpg,rectangle_java2.jpg,1909141866,72,859.1583333333333,695.5444444444445,730.5,694,177,21,System.out.println,18,class->block->function->block->block_content->expr_stmt->expr->call->name->name->operator->name->operator->name,
2,81,rectangle_java2.jpg,rectangle_java2.jpg,1909281887,72,973.8744444444444,692.1488888888889,932.5,694,100,21,rect1.area,10,class->block->function->block->block_content->expr_stmt->expr->call->argument_list->argument->expr->call->name->name->operator->name,
2,81,rectangle_java2.jpg,rectangle_java2.jpg,1909361902,76,967.8505263157896,696.3957894736842,932.5,694,100,21,rect1.area,10,class->block->function->block->block_content->expr_stmt->expr->call->argument_list->argument->expr->call->name->name->operator->name,
2,81,rectangle_java2.jpg,rectangle_java2.jpg,1909425915,60,974.5706666666666,706.1886666666667,932.5,694,100,21,rect1.area,10,class->block->function->block->block_content->expr_stmt->expr->call->argument_list->argument->expr->call->name->name->operator->name,
2,81,rectangle_java2.jpg,rectangle_java2.jpg,1909645880,64,760.630625,696.555,730.5,694,177,21,System.out.println,18,class->block->function->block->block_content->expr_stmt->expr->call->name->name->operator->name->operator->name,
2,81,rectangle_java2.jpg,rectangle_java2.jpg,1909725812,76,760.4947368421052,707.9405263157895,730.5,694,177,21,System.out.println,18,class->block->function->block->block_content->expr_stmt->expr->call->name->name->operator->name->operator->name,
2,81,rectangle_java2.jpg,rectangle_java2.jpg,1909821679,92,756.1995652173913,721.3286956521739,730.5,731,91,20,Rectangle,9,class->block->function->block->block_content->decl_stmt->decl->type->name,
2,81,rectangle_java2.jpg,rectangle_java2.jpg,1910077803,128,856.3040625,722.120625,826.5,731,51,20,rect2,5,class->block->function->block->block_content->decl_stmt->decl->name,
2,81,rectangle_java2.jpg,rectangle_java2.jpg,1910209808,64,949.544375,731.1575,941.5,731,91,20,Rectangle,9,class->block->function->block->block_content->decl_stmt->decl->init->expr->call->name,
2,81,rectangle_java2.jpg,rectangle_java2.jpg,1910277801,64,950.71375,724.26125,941.5,731,91,20,Rectangle,9,class->block->function->block->block_content->decl_stmt->decl->init->expr->call->name,
2,81,rectangle_java2.jpg,rectangle_java2.jpg,1910465803,112,906.2567857142856,736.2428571428571,902.5,731,34,20,new,3,class->block->function->block->block_content->decl_stmt->decl->init->expr->operator,
2,81,rectangle_java2.jpg,rectangle_java2.jpg,1910601837,132,900.9548484848484,746.9454545454546,902.5,731,34,20,new,3,class->block->function->block->block_content->decl_stmt->decl->init->expr->operator,
2,81,rectangle_java2.jpg,rectangle_java2.jpg,1910685845,60,982.5046666666668,739.2793333333334,941.5,731,91,20,Rectangle,9,class->block->function->block->block_content->decl_stmt->decl->init->expr->call->name,
2,81,rectangle_java2.jpg,rectangle_java2.jpg,1910885807,196,984.6283673469388,746.590612244898,941.5,731,91,20,Rectangle,9,class->block->function->block->block_content->decl_stmt->decl->init->expr->call->name,
2,81,rectangle_java2.jpg,rectangle_java2.jpg,1911153810,84,794.5609523809524,743.8566666666667,730.5,731,91,20,Rectangle,9,class->block->function->block->block_content->decl_stmt->decl->type->name,
2,81,rectangle_java2.jpg,rectangle_java2.jpg,1911245784,88,791.98,746.8618181818182,730.5,731,91,20,Rectangle,9,class->block->function->block->block_content->decl_stmt->decl->type->name,
2,81,rectangle_java2.jpg,rectangle_java2.jpg,1911305743,56,776.3321428571428,741.4692857142857,730.5,731,91,20,Rectangle,9,class->block->function->block->block_content->decl_stmt->decl->type->name,
2,81,rectangle_java2.jpg,rectangle_java2.jpg,1911429694,56,852.5835714285714,743.1314285714285,826.5,731,51,20,rect2,5,class->block->function->block->block_content->decl_stmt->decl->name,
2,81,rectangle_java2.jpg,rectangle_java2.jpg,1911565711,132,856.500303030303,738.4663636363637,826.5,731,51,20,rect2,5,class->block->function->block->block_content->decl_stmt->decl->name,
2,81,rectangle_java2.jpg,rectangle_java2.jpg,1911841701,272,841.0455882352941,730.7592647058824,826.5,731,51,20,rect2,5,class->block->function->block->block_content->decl_stmt->decl->name,
2,81,rectangle_java2.jpg,rectangle_java2.jpg,1911937685,92,839.5104347826087,721.1552173913044,826.5,731,51,20,rect2,5,class->block->function->block->block_content->decl_stmt->decl->name,
2,81,rectangle_java2.jpg,rectangle_java2.jpg,1912069813,128,841.9015625,727.6215625,826.5,731,51,20,rect2,5,class->block->function->block->block_content->decl_stmt->decl->name,
2,81,rectangle_java2.jpg,rectangle_java2.jpg,1918585202,96,814.30375,222.9925,813.5,222,10,21,{,1,class->block,
2,81,rectangle_java2.jpg,rectangle_java2.jpg,1920232871,96,729.11,247.84875,669.5,259,72,21,private,7,class->block->decl_stmt->decl->type->specifier,
2,81,rectangle_java2.jpg,rectangle_java2.jpg,1920516981,64,792.050625,263.256875,785.5,259,23,21,x1,2,class->block->decl_stmt->decl->name,
2,81,rectangle_java2.jpg,rectangle_java2.jpg,1920613009,68,925.5229411764706,275.3594117647059,929.5,259,23,21,y2,2,class->block->decl_stmt->decl->name,
2,81,rectangle_java2.jpg,rectangle_java2.jpg,1920832816,216,927.0822222222222,260.91925925925926,929.5,259,23,21,y2,2,class->block->decl_stmt->decl->name,
2,81,rectangle_java2.jpg,rectangle_java2.jpg,1920936806,80,771.096,285.0815,737.5,295,91,21,Rectangle,9,class->block->constructor->name,
2,81,rectangle_java2.jpg,rectangle_java2.jpg,1921044839,104,773.7976923076923,294.44807692307694,737.5,295,91,21,Rectangle,9,class->block->constructor->name,
2,81,rectangle_java2.jpg,rectangle_java2.jpg,1921288927,124,828.0567741935484,286.8109677419355,737.5,295,91,21,Rectangle,9,class->block->constructor->name,
2,81,rectangle_java2.jpg,rectangle_java2.jpg,1921288927,124,828.0567741935484,286.8109677419355,837.5,295,9,21,(,1,class->block->constructor->parameter_list,
2,81,rectangle_java2.jpg,rectangle_java2.jpg,1921472843,144,797.1686111111111,277.10805555555555,785.5,259,23,21,x1,2,class->block->decl_stmt->decl->name,
2,81,rectangle_java2.jpg,rectangle_java2.jpg,1921540837,64,800.418125,279.69125,785.5,259,23,21,x1,2,class->block->decl_stmt->decl->name,
2,81,rectangle_java2.jpg,rectangle_java2.jpg,1924192553,76,945.4105263157896,519.3763157894737,891.5,512,62,21,return,6,class->block->function->block->block_content->return->expr->name->name,
2,81,rectangle_java2.jpg,rectangle_java2.jpg,1924308593,112,943.9964285714286,530.9157142857143,891.5,512,62,21,return,6,class->block->function->block->block_content->return->expr->name->name,
2,81,rectangle_java2.jpg,rectangle_java2.jpg,1924424604,112,944.5021428571428,540.7110714285715,900.5,549,63,21,return,6,class->block->function->block->block_content->return,
2,81,rectangle_java2.jpg,rectangle_java2.jpg,1924528577,100,937.9624,545.9452,900.5,549,63,21,return,6,class->block->function->block->block_content->return,
2,81,rectangle_java2.jpg,rectangle_java2.jpg,1924676580,64,1149.08,547.75875,1142.5,549,10,21,;,1,class->block->function->block->block_content->return,
2,81,rectangle_java2.jpg,rectangle_java2.jpg,1924676580,64,1149.08,547.75875,1161.5,549,10,21,},1,class->block->function->block,
2,81,rectangle_java2.jpg,rectangle_java2.jpg,1925720504,80,1132.9945,668.043,1134.5,658,22,20,10,2,class->block->function->block->block_content->decl_stmt->decl->init->expr->call->argument_list->argument->expr->literal,
2,81,rectangle_java2.jpg,rectangle_java2.jpg,1926024529,272,1092.8064705882352,629.7025,1094.5,621,10,21,{,1,class->block->function->block,
2,81,rectangle_java2.jpg,rectangle_java2.jpg,1926140507,112,1091.7685714285717,633.785,1094.5,621,10,21,{,1,class->block->function->block,
