trial,participant,code_file,code_language,timestamp,duration,x_cord,y_cord,aoi_x,aoi_y,aoi_width,aoi_height,token,length,srcML,
2,88,rectangle_java2.jpg,rectangle_java2.jpg,5585569266,88,741.8827272727273,253.70909090909092,747.5,259,33,21,int,3,class->block->decl_stmt->decl->type->name,
2,88,rectangle_java2.jpg,rectangle_java2.jpg,5586349330,76,708.2184210526316,223.16736842105263,657.5,222,52,21,class,5,class,
2,88,rectangle_java2.jpg,rectangle_java2.jpg,5586349330,76,708.2184210526316,223.16736842105263,715.5,222,90,21,Rectangle,9,class->name,
2,88,rectangle_java2.jpg,rectangle_java2.jpg,5587272933,68,779.7358823529412,254.1547058823529,747.5,259,33,21,int,3,class->block->decl_stmt->decl->type->name,
2,88,rectangle_java2.jpg,rectangle_java2.jpg,5587272933,68,779.7358823529412,254.1547058823529,785.5,259,23,21,x1,2,class->block->decl_stmt->decl->name,
2,88,rectangle_java2.jpg,rectangle_java2.jpg,5587552741,72,719.4727777777778,229.745,715.5,222,90,21,Rectangle,9,class->name,
2,88,rectangle_java2.jpg,rectangle_java2.jpg,5587756950,60,678.5053333333334,252.59333333333336,669.5,259,72,21,private,7,class->block->decl_stmt->decl->type->specifier,
2,88,rectangle_java2.jpg,rectangle_java2.jpg,5589784889,92,797.2052173913044,224.37347826086955,715.5,222,90,21,Rectangle,9,class->name,
2,88,rectangle_java2.jpg,rectangle_java2.jpg,5589844881,56,790.0757142857143,229.55785714285716,715.5,222,90,21,Rectangle,9,class->name,
2,88,rectangle_java2.jpg,rectangle_java2.jpg,5589904873,56,806.2678571428571,228.13214285714287,813.5,222,10,21,{,1,class->block,
2,88,rectangle_java2.jpg,rectangle_java2.jpg,5590056882,68,815.7388235294118,247.38529411764705,815.5,259,10,21,"""","""",1,class->block->decl_stmt
2,88,rectangle_java2.jpg,rectangle_java2.jpg,5591624570,124,1049.0174193548387,282.82935483870966,1025.5,295,33,21,int,3,class->block->constructor->parameter_list->parameter->decl->type->name,
2,88,rectangle_java2.jpg,rectangle_java2.jpg,5591688561,60,1039.8466666666666,302.74733333333336,1025.5,295,33,21,int,3,class->block->constructor->parameter_list->parameter->decl->type->name,
2,88,rectangle_java2.jpg,rectangle_java2.jpg,5591752607,60,1038.6653333333334,289.748,1025.5,295,33,21,int,3,class->block->constructor->parameter_list->parameter->decl->type->name,
2,88,rectangle_java2.jpg,rectangle_java2.jpg,5592252698,60,809.046,328.07533333333333,806.5,331,15,19,=,1,class->block->constructor->block->block_content->expr_stmt->expr->operator,
2,88,rectangle_java2.jpg,rectangle_java2.jpg,5592588675,56,800.2014285714286,310.5464285714286,737.5,295,91,21,Rectangle,9,class->block->constructor->name,
2,88,rectangle_java2.jpg,rectangle_java2.jpg,5592656683,64,806.185,320.0175,806.5,331,15,19,=,1,class->block->constructor->block->block_content->expr_stmt->expr->operator,
2,88,rectangle_java2.jpg,rectangle_java2.jpg,5593036910,116,864.8206896551724,250.76758620689657,863.5,259,10,21,"""","""",1,class->block->decl_stmt
2,88,rectangle_java2.jpg,rectangle_java2.jpg,5593140839,100,855.872,254.7292,833.5,259,23,21,y1,2,class->block->decl_stmt->decl->name,
2,88,rectangle_java2.jpg,rectangle_java2.jpg,5593140839,100,855.872,254.7292,863.5,259,10,21,"""","""",1,class->block->decl_stmt
2,88,rectangle_java2.jpg,rectangle_java2.jpg,5593508462,68,867.555294117647,267.3617647058824,863.5,259,10,21,"""","""",1,class->block->decl_stmt
2,88,rectangle_java2.jpg,rectangle_java2.jpg,5594020516,72,921.7716666666666,254.23222222222225,929.5,259,23,21,y2,2,class->block->decl_stmt->decl->name,
2,88,rectangle_java2.jpg,rectangle_java2.jpg,5594948911,60,796.6,549.1973333333333,775.5,549,62,21,height,6,class->block->function->name,
2,88,rectangle_java2.jpg,rectangle_java2.jpg,5595016778,64,813.92625,559.5656250000001,775.5,549,62,21,height,6,class->block->function->name,
2,88,rectangle_java2.jpg,rectangle_java2.jpg,5595572451,60,959.4413333333332,512.8793333333333,958.5,512,71,21,this.x2,7,class->block->function->block->block_content->return->expr->name->name->operator->name->operator,
2,88,rectangle_java2.jpg,rectangle_java2.jpg,5595788448,60,1029.244,511.6493333333333,958.5,512,71,21,this.x2,7,class->block->function->block->block_content->return->expr->name->name->operator->name->operator,
2,88,rectangle_java2.jpg,rectangle_java2.jpg,5595788448,60,1029.244,511.6493333333333,1035.5,512,13,21,-,1,class->block->function->block->block_content->return->expr->name->name,
2,88,rectangle_java2.jpg,rectangle_java2.jpg,5595984428,104,1025.5596153846154,511.7000000000001,958.5,512,71,21,this.x2,7,class->block->function->block->block_content->return->expr->name->name->operator->name->operator,
2,88,rectangle_java2.jpg,rectangle_java2.jpg,5595984428,104,1025.5596153846154,511.7000000000001,1035.5,512,13,21,-,1,class->block->function->block->block_content->return->expr->name->name,
2,88,rectangle_java2.jpg,rectangle_java2.jpg,5596152460,60,1069.8713333333333,508.8126666666667,1054.5,512,71,21,this.x1,7,class->block->function->block->block_content->return->expr->name->name->operator->name,
2,88,rectangle_java2.jpg,rectangle_java2.jpg,5597520260,56,814.1864285714286,515.9885714285714,775.5,512,53,21,width,5,class->block->function->name,
2,88,rectangle_java2.jpg,rectangle_java2.jpg,5597592279,68,816.3994117647059,528.3223529411765,775.5,512,53,21,width,5,class->block->function->name,
2,88,rectangle_java2.jpg,rectangle_java2.jpg,5597816122,56,837.1964285714286,528.7471428571429,837.5,512,9,21,(,1,class->block->function->parameter_list,
2,88,rectangle_java2.jpg,rectangle_java2.jpg,5598584320,88,844.6590909090909,519.065,837.5,512,9,21,(,1,class->block->function->parameter_list,
2,88,rectangle_java2.jpg,rectangle_java2.jpg,5598584320,88,844.6590909090909,519.065,854.5,512,9,21,),1,class->block->function->parameter_list,
2,88,rectangle_java2.jpg,rectangle_java2.jpg,5598668310,80,835.4185,510.11,837.5,512,9,21,(,1,class->block->function->parameter_list,
2,88,rectangle_java2.jpg,rectangle_java2.jpg,5598880354,104,824.9215384615385,520.776923076923,775.5,512,53,21,width,5,class->block->function->name,
2,88,rectangle_java2.jpg,rectangle_java2.jpg,5598988292,92,962.9830434782608,515.824347826087,958.5,512,71,21,this.x2,7,class->block->function->block->block_content->return->expr->name->name->operator->name->operator,
2,88,rectangle_java2.jpg,rectangle_java2.jpg,5599092194,100,963.6488,514.116,958.5,512,71,21,this.x2,7,class->block->function->block->block_content->return->expr->name->name->operator->name->operator,
2,88,rectangle_java2.jpg,rectangle_java2.jpg,5599196154,100,965.3844,516.5588,958.5,512,71,21,this.x2,7,class->block->function->block->block_content->return->expr->name->name->operator->name->operator,
2,88,rectangle_java2.jpg,rectangle_java2.jpg,5599304120,96,1034.169583333333,508.7116666666666,1035.5,512,13,21,-,1,class->block->function->block->block_content->return->expr->name->name,
2,88,rectangle_java2.jpg,rectangle_java2.jpg,5599508149,64,1033.933125,512.37875,1035.5,512,13,21,-,1,class->block->function->block->block_content->return->expr->name->name,
2,88,rectangle_java2.jpg,rectangle_java2.jpg,5599716179,76,1030.1068421052632,502.5205263157896,1035.5,512,13,21,-,1,class->block->function->block->block_content->return->expr->name->name,
2,88,rectangle_java2.jpg,rectangle_java2.jpg,5599844199,76,1046.9815789473685,500.8847368421052,1035.5,512,13,21,-,1,class->block->function->block->block_content->return->expr->name->name,
2,88,rectangle_java2.jpg,rectangle_java2.jpg,5599844199,76,1046.9815789473685,500.8847368421052,1054.5,512,71,21,this.x1,7,class->block->function->block->block_content->return->expr->name->name->operator->name,
2,88,rectangle_java2.jpg,rectangle_java2.jpg,5600580116,104,1111.958076923077,530.6834615384615,1054.5,512,71,21,this.x1,7,class->block->function->block->block_content->return->expr->name->name->operator->name,
2,88,rectangle_java2.jpg,rectangle_java2.jpg,5600664140,80,1116.9025,547.1905,1064.5,549,71,21,this.y1,7,class->block->function->block->block_content->return->expr->name->name->operator->name,
2,88,rectangle_java2.jpg,rectangle_java2.jpg,5601179941,148,1065.722972972973,501.4175675675676,1054.5,512,71,21,this.x1,7,class->block->function->block->block_content->return->expr->name->name->operator->name,
2,88,rectangle_java2.jpg,rectangle_java2.jpg,5601259999,76,1051.4494736842105,506.552105263158,1054.5,512,71,21,this.x1,7,class->block->function->block->block_content->return->expr->name->name->operator->name,
2,88,rectangle_java2.jpg,rectangle_java2.jpg,5601936073,88,813.7386363636364,515.69,775.5,512,53,21,width,5,class->block->function->name,
2,88,rectangle_java2.jpg,rectangle_java2.jpg,5602004088,64,806.250625,518.9625,775.5,512,53,21,width,5,class->block->function->name,
2,88,rectangle_java2.jpg,rectangle_java2.jpg,5602100095,92,817.0539130434782,513.5213043478261,775.5,512,53,21,width,5,class->block->function->name,
2,88,rectangle_java2.jpg,rectangle_java2.jpg,5604991754,56,1188.6857142857143,589.8735714285715,1140.5,585,110,21,this.height,11,class->block->function->block->block_content->return->expr->call->name->name->operator->name,
2,88,rectangle_java2.jpg,rectangle_java2.jpg,5606747699,96,1035.440833333333,569.1179166666667,968.5,549,70,21,this.y2,7,class->block->function->block->block_content->return->expr->name->name->operator->name,
2,88,rectangle_java2.jpg,rectangle_java2.jpg,5606747699,96,1035.440833333333,569.1179166666667,1045.5,549,13,21,-,1,class->block->function->block->block_content->return->expr->operator,
2,88,rectangle_java2.jpg,rectangle_java2.jpg,5606811708,60,1032.4366666666667,559.3146666666667,968.5,549,70,21,this.y2,7,class->block->function->block->block_content->return->expr->name->name->operator->name,
2,88,rectangle_java2.jpg,rectangle_java2.jpg,5608499492,120,1246.3066666666666,600.6856666666666,1140.5,585,110,21,this.height,11,class->block->function->block->block_content->return->expr->call->name->name->operator->name,
2,88,rectangle_java2.jpg,rectangle_java2.jpg,5608643463,76,981.2384210526316,635.6642105263157,920.5,621,62,21,String,6,class->block->function->parameter_list->parameter->decl->type->name->name,
2,88,rectangle_java2.jpg,rectangle_java2.jpg,5608643463,76,981.2384210526316,635.6642105263157,990.5,621,10,21,[,1,class->block->function->parameter_list->parameter->decl->type->name->index,
2,88,rectangle_java2.jpg,rectangle_java2.jpg,5608991497,64,831.735625,649.57875,826.5,658,52,20,rect1,5,class->block->function->block->block_content->decl_stmt->decl->name,
2,88,rectangle_java2.jpg,rectangle_java2.jpg,5609939524,64,997.01625,712.585,932.5,694,100,21,rect1.area,10,class->block->function->block->block_content->expr_stmt->expr->call->argument_list->argument->expr->call->name->name->operator->name,
2,88,rectangle_java2.jpg,rectangle_java2.jpg,5610159553,72,1109.2916666666667,727.3327777777778,1115.5,731,10,20,"""","""",1,class->block->function->block->block_content->decl_stmt->decl->init->expr->call->argument_list
2,88,rectangle_java2.jpg,rectangle_java2.jpg,5610295438,76,1114.154210526316,728.3605263157895,1115.5,731,10,20,"""","""",1,class->block->function->block->block_content->decl_stmt->decl->init->expr->call->argument_list
2,88,rectangle_java2.jpg,rectangle_java2.jpg,5610363349,64,1110.28625,734.415625,1115.5,731,10,20,"""","""",1,class->block->function->block->block_content->decl_stmt->decl->init->expr->call->argument_list
2,88,rectangle_java2.jpg,rectangle_java2.jpg,5610451253,84,1136.6119047619047,736.1795238095239,1134.5,731,22,20,10,2,class->block->function->block->block_content->decl_stmt->decl->init->expr->call->argument_list->argument->expr->literal,
2,88,rectangle_java2.jpg,rectangle_java2.jpg,5610587266,132,1146.253333333333,729.9618181818182,1134.5,731,22,20,10,2,class->block->function->block->block_content->decl_stmt->decl->init->expr->call->argument_list->argument->expr->literal,
2,88,rectangle_java2.jpg,rectangle_java2.jpg,5610655331,64,1157.360625,740.028125,1163.5,731,10,20,"""","""",1,class->block->function->block->block_content->decl_stmt->decl->init->expr->call->argument_list
2,88,rectangle_java2.jpg,rectangle_java2.jpg,5611439372,68,915.4382352941176,252.63529411764705,911.5,259,10,21,"""","""",1,class->block->decl_stmt
2,88,rectangle_java2.jpg,rectangle_java2.jpg,5612111273,92,904.7873913043478,275.1026086956522,911.5,259,10,21,"""","""",1,class->block->decl_stmt
2,88,rectangle_java2.jpg,rectangle_java2.jpg,5612175169,60,897.55,268.5193333333333,881.5,259,23,21,x2,2,class->block->decl_stmt->decl->name,
2,88,rectangle_java2.jpg,rectangle_java2.jpg,5612327114,112,874.1642857142857,257.7125,881.5,259,23,21,x2,2,class->block->decl_stmt->decl->name,
2,88,rectangle_java2.jpg,rectangle_java2.jpg,5613003180,96,841.5983333333334,277.29791666666665,833.5,259,23,21,y1,2,class->block->decl_stmt->decl->name,
2,88,rectangle_java2.jpg,rectangle_java2.jpg,5613135456,88,895.8404545454546,254.45590909090916,881.5,259,23,21,x2,2,class->block->decl_stmt->decl->name,
2,88,rectangle_java2.jpg,rectangle_java2.jpg,5613207676,68,895.7935294117648,256.3176470588235,881.5,259,23,21,x2,2,class->block->decl_stmt->decl->name,
2,88,rectangle_java2.jpg,rectangle_java2.jpg,5613275756,64,883.54125,246.825,881.5,259,23,21,x2,2,class->block->decl_stmt->decl->name,
2,88,rectangle_java2.jpg,rectangle_java2.jpg,5613647309,60,880.2,246.682,881.5,259,23,21,x2,2,class->block->decl_stmt->decl->name,
2,88,rectangle_java2.jpg,rectangle_java2.jpg,5613867227,64,933.551875,262.4075,929.5,259,23,21,y2,2,class->block->decl_stmt->decl->name,
2,88,rectangle_java2.jpg,rectangle_java2.jpg,5614327113,104,1187.5523076923075,669.0730769230769,1182.5,658,22,20,10,2,class->block->function->block->block_content->decl_stmt->decl->init->expr->call->argument_list->argument->expr->literal,
2,88,rectangle_java2.jpg,rectangle_java2.jpg,5614471122,140,1177.5857142857144,674.8377142857142,1182.5,658,22,20,10,2,class->block->function->block->block_content->decl_stmt->decl->init->expr->call->argument_list->argument->expr->literal,
2,88,rectangle_java2.jpg,rectangle_java2.jpg,5614755048,96,1127.50125,673.9579166666667,1134.5,658,22,20,10,2,class->block->function->block->block_content->decl_stmt->decl->init->expr->call->argument_list->argument->expr->literal,
2,88,rectangle_java2.jpg,rectangle_java2.jpg,5615503286,92,1097.93,687.3182608695652,1096.5,694,10,21,;,1,class->block->function->block->block_content->expr_stmt,
2,88,rectangle_java2.jpg,rectangle_java2.jpg,5615818762,88,990.06,730.7818181818182,941.5,731,91,20,Rectangle,9,class->block->function->block->block_content->decl_stmt->decl->init->expr->call->name,
2,88,rectangle_java2.jpg,rectangle_java2.jpg,5616018814,60,822.148,723.6293333333333,826.5,731,51,20,rect2,5,class->block->function->block->block_content->decl_stmt->decl->name,
2,88,rectangle_java2.jpg,rectangle_java2.jpg,5616110896,56,817.2792857142857,759.6242857142857,730.5,766,177,21,System.out.println,18,class->block->function->block->block_content->expr_stmt->expr->call->name->name->operator->name->operator->name,
2,88,rectangle_java2.jpg,rectangle_java2.jpg,5617210989,108,1061.2333333333331,735.5896296296296,1057.5,731,13,20,5,1,class->block->function->block->block_content->decl_stmt->decl->init->expr->call->argument_list->argument->expr->literal,
2,88,rectangle_java2.jpg,rectangle_java2.jpg,5617302976,88,1076.0168181818185,737.015,1077.5,731,9,20,"""","""",1,class->block->function->block->block_content->decl_stmt->decl->init->expr->call->argument_list
2,88,rectangle_java2.jpg,rectangle_java2.jpg,5617958894,56,1054.0521428571428,770.3635714285714,1057.5,766,10,21,),1,class->block->function->block->block_content->expr_stmt->expr->call->argument_list->argument->expr->call->argument_list,
2,88,rectangle_java2.jpg,rectangle_java2.jpg,5618054946,60,1048.1353333333334,730.4206666666666,1041.5,731,9,20,(,1,class->block->function->block->block_content->decl_stmt->decl->init->expr->call->argument_list,
2,88,rectangle_java2.jpg,rectangle_java2.jpg,5618054946,60,1048.1353333333334,730.4206666666666,1057.5,731,13,20,5,1,class->block->function->block->block_content->decl_stmt->decl->init->expr->call->argument_list->argument->expr->literal,
2,88,rectangle_java2.jpg,rectangle_java2.jpg,5618166875,60,998.046,781.98,932.5,766,100,21,rect2.area,10,class->block->function->block->block_content->expr_stmt->expr->call->argument_list->argument->expr->call->name->name->operator->name,
2,88,rectangle_java2.jpg,rectangle_java2.jpg,5618486844,68,783.8552941176471,725.4982352941176,730.5,731,91,20,Rectangle,9,class->block->function->block->block_content->decl_stmt->decl->type->name,
2,88,rectangle_java2.jpg,rectangle_java2.jpg,5618766866,112,861.8921428571429,732.9710714285715,826.5,731,51,20,rect2,5,class->block->function->block->block_content->decl_stmt->decl->name,
2,88,rectangle_java2.jpg,rectangle_java2.jpg,5618906841,60,957.1333333333332,777.4933333333333,932.5,766,100,21,rect2.area,10,class->block->function->block->block_content->expr_stmt->expr->call->argument_list->argument->expr->call->name->name->operator->name,
2,88,rectangle_java2.jpg,rectangle_java2.jpg,5618998820,88,956.8222727272728,785.5713636363637,932.5,766,100,21,rect2.area,10,class->block->function->block->block_content->expr_stmt->expr->call->argument_list->argument->expr->call->name->name->operator->name,
2,88,rectangle_java2.jpg,rectangle_java2.jpg,5619226947,84,932.3,784.5247619047619,932.5,766,100,21,rect2.area,10,class->block->function->block->block_content->expr_stmt->expr->call->argument_list->argument->expr->call->name->name->operator->name,
2,88,rectangle_java2.jpg,rectangle_java2.jpg,5619970222,64,1057.175,769.36625,1057.5,766,10,21,),1,class->block->function->block->block_content->expr_stmt->expr->call->argument_list->argument->expr->call->argument_list,
2,88,rectangle_java2.jpg,rectangle_java2.jpg,5621514553,72,1134.375,726.6261111111111,1134.5,731,22,20,10,2,class->block->function->block->block_content->decl_stmt->decl->init->expr->call->argument_list->argument->expr->literal,
2,88,rectangle_java2.jpg,rectangle_java2.jpg,5626986257,64,1034.656875,596.81375,977.5,585,101,21,this.width,10,class->block->function->block->block_content->return->expr->call->name->name->operator->name,
2,88,rectangle_java2.jpg,rectangle_java2.jpg,5627514161,92,1070.3147826086956,500.9782608695653,1054.5,512,71,21,this.x1,7,class->block->function->block->block_content->return->expr->name->name->operator->name,
2,88,rectangle_java2.jpg,rectangle_java2.jpg,5627730106,64,825.9193750000001,251.47375,833.5,259,23,21,y1,2,class->block->decl_stmt->decl->name,
2,88,rectangle_java2.jpg,rectangle_java2.jpg,5628338297,64,997.9575,527.88875,958.5,512,71,21,this.x2,7,class->block->function->block->block_content->return->expr->name->name->operator->name->operator,
2,88,rectangle_java2.jpg,rectangle_java2.jpg,5628898180,84,884.8361904761905,736.3204761904761,883.5,731,15,20,=,1,class->block->function->block->block_content->decl_stmt->decl->init,
