trial,participant,code_file,code_language,timestamp,duration,x_cord,y_cord,aoi_x,aoi_y,aoi_width,aoi_height,token,length,srcML,
2,94,rectangle_java2.jpg,rectangle_java2.jpg,5345994636,136,739.7179411764706,562.1244117647059,737.5,549,33,21,int,3,class->block->function->type->name,
2,94,rectangle_java2.jpg,rectangle_java2.jpg,5346166651,140,734.4288571428572,500.0917142857143,737.5,512,33,21,int,3,class->block->function->type->name,
2,94,rectangle_java2.jpg,rectangle_java2.jpg,5346518655,84,715.4309523809524,297.50857142857143,669.5,295,63,21,public,6,class->block->constructor->specifier,
2,94,rectangle_java2.jpg,rectangle_java2.jpg,5347826513,100,737.6832,276.3228,669.5,259,72,21,private,7,class->block->decl_stmt->decl->type->specifier,
2,94,rectangle_java2.jpg,rectangle_java2.jpg,5347826513,100,737.6832,276.3228,747.5,259,33,21,int,3,class->block->decl_stmt->decl->type->name,
2,94,rectangle_java2.jpg,rectangle_java2.jpg,5347898505,68,737.2458823529412,272.2470588235294,669.5,259,72,21,private,7,class->block->decl_stmt->decl->type->specifier,
2,94,rectangle_java2.jpg,rectangle_java2.jpg,5347898505,68,737.2458823529412,272.2470588235294,747.5,259,33,21,int,3,class->block->decl_stmt->decl->type->name,
2,94,rectangle_java2.jpg,rectangle_java2.jpg,5347990497,88,734.3895454545454,276.2227272727273,669.5,259,72,21,private,7,class->block->decl_stmt->decl->type->specifier,
2,94,rectangle_java2.jpg,rectangle_java2.jpg,5348226570,76,873.8005263157895,601.6652631578947,873.5,585,9,21,),1,class->block->function->parameter_list,
2,94,rectangle_java2.jpg,rectangle_java2.jpg,5348490492,148,1018.8389189189188,758.5794594594595,932.5,766,100,21,rect2.area,10,class->block->function->block->block_content->expr_stmt->expr->call->argument_list->argument->expr->call->name->name->operator->name,
2,94,rectangle_java2.jpg,rectangle_java2.jpg,5349026319,180,749.2195555555555,583.9791111111111,737.5,585,62,21,double,6,class->block->function->type->name,
2,94,rectangle_java2.jpg,rectangle_java2.jpg,5349122280,68,697.0752941176471,561.8111764705882,669.5,549,63,21,public,6,class->block->function->type->specifier,
2,94,rectangle_java2.jpg,rectangle_java2.jpg,5349234341,108,696.3844444444444,543.684074074074,669.5,549,63,21,public,6,class->block->function->type->specifier,
2,94,rectangle_java2.jpg,rectangle_java2.jpg,5349390460,92,781.0413043478261,565.3404347826087,775.5,549,62,21,height,6,class->block->function->name,
2,94,rectangle_java2.jpg,rectangle_java2.jpg,5349614437,60,860.7813333333334,569.5946666666666,863.5,549,9,21,),1,class->block->function->parameter_list,
2,94,rectangle_java2.jpg,rectangle_java2.jpg,5349778406,160,864.467,552.90175,863.5,549,9,21,),1,class->block->function->parameter_list,
2,94,rectangle_java2.jpg,rectangle_java2.jpg,5349894321,104,993.743076923077,559.0276923076923,968.5,549,70,21,this.y2,7,class->block->function->block->block_content->return->expr->name->name->operator->name,
2,94,rectangle_java2.jpg,rectangle_java2.jpg,5350037976,140,999.6765714285714,551.3602857142857,968.5,549,70,21,this.y2,7,class->block->function->block->block_content->return->expr->name->name->operator->name,
2,94,rectangle_java2.jpg,rectangle_java2.jpg,5350113947,72,1001.9877777777778,550.0855555555555,968.5,549,70,21,this.y2,7,class->block->function->block->block_content->return->expr->name->name->operator->name,
2,94,rectangle_java2.jpg,rectangle_java2.jpg,5350234166,84,1130.7180952380952,524.807619047619,1132.5,512,10,21,;,1,class->block->function->block,
2,94,rectangle_java2.jpg,rectangle_java2.jpg,5350374360,80,1132.054,540.9795,1064.5,549,71,21,this.y1,7,class->block->function->block->block_content->return->expr->name->name->operator->name,
2,94,rectangle_java2.jpg,rectangle_java2.jpg,5350374360,80,1132.054,540.9795,1142.5,549,10,21,;,1,class->block->function->block->block_content->return,
2,94,rectangle_java2.jpg,rectangle_java2.jpg,5350682396,60,807.5006666666667,409.6406666666667,806.5,404,15,19,=,1,class->block->constructor->block->block_content->expr_stmt->expr->operator,
2,94,rectangle_java2.jpg,rectangle_java2.jpg,5350826408,140,809.3165714285715,414.884,806.5,404,15,19,=,1,class->block->constructor->block->block_content->expr_stmt->expr->operator,
2,94,rectangle_java2.jpg,rectangle_java2.jpg,5350930384,64,785.685,398.114375,730.5,404,71,19,this.x2,7,class->block->constructor->block->block_content->expr_stmt->expr->name->name->operator->name,
2,94,rectangle_java2.jpg,rectangle_java2.jpg,5351190280,256,772.156875,400.86578125,730.5,404,71,19,this.x2,7,class->block->constructor->block->block_content->expr_stmt->expr->name->name->operator->name,
2,94,rectangle_java2.jpg,rectangle_java2.jpg,5351258241,64,784.869375,386.539375,730.5,367,71,21,this.y1,7,class->block->constructor->block->block_content->expr_stmt->expr->name->name->operator->name,
2,94,rectangle_java2.jpg,rectangle_java2.jpg,5351358228,56,787.9192857142857,374.23785714285714,730.5,367,71,21,this.y1,7,class->block->constructor->block->block_content->expr_stmt->expr->name->name->operator->name,
2,94,rectangle_java2.jpg,rectangle_java2.jpg,5351538332,92,810.3826086956522,368.9682608695652,806.5,367,15,21,=,1,class->block->constructor->block->block_content->expr_stmt->expr->operator,
2,94,rectangle_java2.jpg,rectangle_java2.jpg,5351698480,156,799.4482051282051,380.5176923076923,730.5,367,71,21,this.y1,7,class->block->constructor->block->block_content->expr_stmt->expr->name->name->operator->name,
2,94,rectangle_java2.jpg,rectangle_java2.jpg,5351698480,156,799.4482051282051,380.5176923076923,806.5,367,15,21,=,1,class->block->constructor->block->block_content->expr_stmt->expr->operator,
2,94,rectangle_java2.jpg,rectangle_java2.jpg,5352510338,60,644.4293333333334,219.22266666666667,589.5,222,63,21,public,6,class->specifier,
2,94,rectangle_java2.jpg,rectangle_java2.jpg,5352738305,76,633.8684210526316,225.2152631578947,589.5,222,63,21,public,6,class->specifier,
2,94,rectangle_java2.jpg,rectangle_java2.jpg,5352842150,100,620.1152,216.3052,589.5,222,63,21,public,6,class->specifier,
2,94,rectangle_java2.jpg,rectangle_java2.jpg,5352922030,76,624.4094736842105,209.73947368421057,589.5,222,63,21,public,6,class->specifier,
2,94,rectangle_java2.jpg,rectangle_java2.jpg,5352998054,72,615.1027777777778,219.4005555555556,589.5,222,63,21,public,6,class->specifier,
2,94,rectangle_java2.jpg,rectangle_java2.jpg,5353114119,68,721.6223529411765,239.24882352941177,715.5,222,90,21,Rectangle,9,class->name,
2,94,rectangle_java2.jpg,rectangle_java2.jpg,5353262229,144,714.6655555555556,236.90944444444443,715.5,222,90,21,Rectangle,9,class->name,
2,94,rectangle_java2.jpg,rectangle_java2.jpg,5353334283,68,718.0888235294118,234.7570588235294,715.5,222,90,21,Rectangle,9,class->name,
2,94,rectangle_java2.jpg,rectangle_java2.jpg,5353414211,76,721.5921052631579,227.12894736842105,715.5,222,90,21,Rectangle,9,class->name,
2,94,rectangle_java2.jpg,rectangle_java2.jpg,5353574092,112,714.6142857142858,261.5957142857143,669.5,259,72,21,private,7,class->block->decl_stmt->decl->type->specifier,
2,94,rectangle_java2.jpg,rectangle_java2.jpg,5353638069,60,713.4206666666666,260.37466666666666,669.5,259,72,21,private,7,class->block->decl_stmt->decl->type->specifier,
2,94,rectangle_java2.jpg,rectangle_java2.jpg,5353702047,60,704.8186666666667,279.68066666666664,669.5,259,72,21,private,7,class->block->decl_stmt->decl->type->specifier,
2,94,rectangle_java2.jpg,rectangle_java2.jpg,5353933926,88,775.4709090909091,274.2613636363636,747.5,259,33,21,int,3,class->block->decl_stmt->decl->type->name,
2,94,rectangle_java2.jpg,rectangle_java2.jpg,5353933926,88,775.4709090909091,274.2613636363636,785.5,259,23,21,x1,2,class->block->decl_stmt->decl->name,
2,94,rectangle_java2.jpg,rectangle_java2.jpg,5354054085,64,779.7075,268.829375,747.5,259,33,21,int,3,class->block->decl_stmt->decl->type->name,
2,94,rectangle_java2.jpg,rectangle_java2.jpg,5354054085,64,779.7075,268.829375,785.5,259,23,21,x1,2,class->block->decl_stmt->decl->name,
2,94,rectangle_java2.jpg,rectangle_java2.jpg,5354170204,112,774.5610714285714,279.43,747.5,259,33,21,int,3,class->block->decl_stmt->decl->type->name,
2,94,rectangle_java2.jpg,rectangle_java2.jpg,5354170204,112,774.5610714285714,279.43,785.5,259,23,21,x1,2,class->block->decl_stmt->decl->name,
2,94,rectangle_java2.jpg,rectangle_java2.jpg,5354274205,100,781.1872,284.8848,737.5,295,91,21,Rectangle,9,class->block->constructor->name,
2,94,rectangle_java2.jpg,rectangle_java2.jpg,5354358212,60,878.4293333333334,271.74333333333334,881.5,259,23,21,x2,2,class->block->decl_stmt->decl->name,
2,94,rectangle_java2.jpg,rectangle_java2.jpg,5354442213,80,881.107,266.482,881.5,259,23,21,x2,2,class->block->decl_stmt->decl->name,
2,94,rectangle_java2.jpg,rectangle_java2.jpg,5354558195,112,889.1746428571429,279.095,881.5,259,23,21,x2,2,class->block->decl_stmt->decl->name,
2,94,rectangle_java2.jpg,rectangle_java2.jpg,5354729918,92,750.91,321.33565217391305,730.5,331,71,19,this.x1,7,class->block->constructor->block->block_content->expr_stmt->expr->name->name->operator->name,
2,94,rectangle_java2.jpg,rectangle_java2.jpg,5354789941,56,744.6721428571428,337.3342857142857,730.5,331,71,19,this.x1,7,class->block->constructor->block->block_content->expr_stmt->expr->name->name->operator->name,
2,94,rectangle_java2.jpg,rectangle_java2.jpg,5355273950,88,787.4340909090909,312.6677272727273,737.5,295,91,21,Rectangle,9,class->block->constructor->name,
2,94,rectangle_java2.jpg,rectangle_java2.jpg,5355341948,64,793.3275,336.0875,730.5,331,71,19,this.x1,7,class->block->constructor->block->block_content->expr_stmt->expr->name->name->operator->name,
2,94,rectangle_java2.jpg,rectangle_java2.jpg,5355489985,144,791.9144444444445,327.6058333333333,730.5,331,71,19,this.x1,7,class->block->constructor->block->block_content->expr_stmt->expr->name->name->operator->name,
2,94,rectangle_java2.jpg,rectangle_java2.jpg,5355586002,92,791.1647826086956,327.69391304347823,730.5,331,71,19,this.x1,7,class->block->constructor->block->block_content->expr_stmt->expr->name->name->operator->name,
2,94,rectangle_java2.jpg,rectangle_java2.jpg,5355998092,68,1102.5364705882353,297.1217647058824,1094.5,295,9,21,"""","""",1,class->block->constructor->parameter_list
2,94,rectangle_java2.jpg,rectangle_java2.jpg,5355998092,68,1102.5364705882353,297.1217647058824,1112.5,295,33,21,int,3,class->block->constructor->parameter_list->parameter->decl->type->name,
2,94,rectangle_java2.jpg,rectangle_java2.jpg,5357041965,120,768.7933333333333,367.165,730.5,367,71,21,this.y1,7,class->block->constructor->block->block_content->expr_stmt->expr->name->name->operator->name,
2,94,rectangle_java2.jpg,rectangle_java2.jpg,5357137927,64,785.680625,336.42,730.5,331,71,19,this.x1,7,class->block->constructor->block->block_content->expr_stmt->expr->name->name->operator->name,
2,94,rectangle_java2.jpg,rectangle_java2.jpg,5357365893,80,797.797,322.16,730.5,331,71,19,this.x1,7,class->block->constructor->block->block_content->expr_stmt->expr->name->name->operator->name,
2,94,rectangle_java2.jpg,rectangle_java2.jpg,5357365893,80,797.797,322.16,806.5,331,15,19,=,1,class->block->constructor->block->block_content->expr_stmt->expr->operator,
2,94,rectangle_java2.jpg,rectangle_java2.jpg,5357557908,128,847.5284375,334.03875,826.5,331,23,19,x1,2,class->block->constructor->block->block_content->expr_stmt->expr->name->name,
2,94,rectangle_java2.jpg,rectangle_java2.jpg,5357557908,128,847.5284375,334.03875,856.5,331,10,19,;,1,class->block->constructor->block->block_content->expr_stmt,
2,94,rectangle_java2.jpg,rectangle_java2.jpg,5357765926,72,692.5644444444445,223.93444444444447,657.5,222,52,21,class,5,class,
2,94,rectangle_java2.jpg,rectangle_java2.jpg,5357893918,124,706.2896774193548,221.77516129032256,657.5,222,52,21,class,5,class,
2,94,rectangle_java2.jpg,rectangle_java2.jpg,5357893918,124,706.2896774193548,221.77516129032256,715.5,222,90,21,Rectangle,9,class->name,
2,94,rectangle_java2.jpg,rectangle_java2.jpg,5357985917,88,699.6181818181818,237.7122727272728,657.5,222,52,21,class,5,class,
2,94,rectangle_java2.jpg,rectangle_java2.jpg,5358137902,60,788.5393333333333,228.6873333333333,715.5,222,90,21,Rectangle,9,class->name,
2,94,rectangle_java2.jpg,rectangle_java2.jpg,5358317892,116,774.8427586206897,227.71275862068967,715.5,222,90,21,Rectangle,9,class->name,
2,94,rectangle_java2.jpg,rectangle_java2.jpg,5358617777,60,679.576,294.0553333333333,669.5,295,63,21,public,6,class->block->constructor->specifier,
2,94,rectangle_java2.jpg,rectangle_java2.jpg,5358677788,56,677.72,290.45428571428573,669.5,295,63,21,public,6,class->block->constructor->specifier,
2,94,rectangle_java2.jpg,rectangle_java2.jpg,5358737806,56,666.2814285714286,304.2,669.5,295,63,21,public,6,class->block->constructor->specifier,
2,94,rectangle_java2.jpg,rectangle_java2.jpg,5358829822,56,715.5192857142857,295.68071428571426,669.5,295,63,21,public,6,class->block->constructor->specifier,
2,94,rectangle_java2.jpg,rectangle_java2.jpg,5358897815,64,723.176875,304.69875,669.5,295,63,21,public,6,class->block->constructor->specifier,
2,94,rectangle_java2.jpg,rectangle_java2.jpg,5359101790,84,772.8809523809524,296.52809523809526,737.5,295,91,21,Rectangle,9,class->block->constructor->name,
2,94,rectangle_java2.jpg,rectangle_java2.jpg,5359177801,72,788.2894444444445,288.9033333333333,737.5,295,91,21,Rectangle,9,class->block->constructor->name,
2,94,rectangle_java2.jpg,rectangle_java2.jpg,5359337860,84,788.7061904761905,315.97333333333336,737.5,295,91,21,Rectangle,9,class->block->constructor->name,
2,94,rectangle_java2.jpg,rectangle_java2.jpg,5359550129,140,757.4545714285714,362.2651428571429,730.5,367,71,21,this.y1,7,class->block->constructor->block->block_content->expr_stmt->expr->name->name->operator->name,
2,94,rectangle_java2.jpg,rectangle_java2.jpg,5359630250,76,759.7215789473685,366.12368421052633,730.5,367,71,21,this.y1,7,class->block->constructor->block->block_content->expr_stmt->expr->name->name->operator->name,
2,94,rectangle_java2.jpg,rectangle_java2.jpg,5359742089,56,775.1035714285714,379.6978571428571,730.5,367,71,21,this.y1,7,class->block->constructor->block->block_content->expr_stmt->expr->name->name->operator->name,
2,94,rectangle_java2.jpg,rectangle_java2.jpg,5359853829,108,793.3618518518518,367.6644444444444,730.5,367,71,21,this.y1,7,class->block->constructor->block->block_content->expr_stmt->expr->name->name->operator->name,
2,94,rectangle_java2.jpg,rectangle_java2.jpg,5359941914,84,788.2933333333333,375.90809523809526,730.5,367,71,21,this.y1,7,class->block->constructor->block->block_content->expr_stmt->expr->name->name->operator->name,
2,94,rectangle_java2.jpg,rectangle_java2.jpg,5360130180,144,841.1547222222222,349.9508333333333,826.5,331,23,19,x1,2,class->block->constructor->block->block_content->expr_stmt->expr->name->name,
2,94,rectangle_java2.jpg,rectangle_java2.jpg,5360198083,64,833.811875,358.010625,826.5,367,23,21,y1,2,class->block->constructor->block->block_content->expr_stmt->expr->name->name,
2,94,rectangle_java2.jpg,rectangle_java2.jpg,5360273963,72,837.0111111111111,372.3377777777778,826.5,367,23,21,y1,2,class->block->constructor->block->block_content->expr_stmt->expr->name->name,
2,94,rectangle_java2.jpg,rectangle_java2.jpg,5360373732,56,837.2014285714286,401.5,826.5,404,23,19,x2,2,class->block->constructor->block->block_content->expr_stmt->expr->name->name,
2,94,rectangle_java2.jpg,rectangle_java2.jpg,5360437634,60,837.386,381.548,826.5,367,23,21,y1,2,class->block->constructor->block->block_content->expr_stmt->expr->name->name,
2,94,rectangle_java2.jpg,rectangle_java2.jpg,5360613587,164,771.620243902439,396.2982926829269,730.5,404,71,19,this.x2,7,class->block->constructor->block->block_content->expr_stmt->expr->name->name->operator->name,
2,94,rectangle_java2.jpg,rectangle_java2.jpg,5360805691,128,776.370625,410.4809375,730.5,404,71,19,this.x2,7,class->block->constructor->block->block_content->expr_stmt->expr->name->name->operator->name,
2,94,rectangle_java2.jpg,rectangle_java2.jpg,5360913715,104,773.3134615384615,400.0873076923077,730.5,404,71,19,this.x2,7,class->block->constructor->block->block_content->expr_stmt->expr->name->name->operator->name,
2,94,rectangle_java2.jpg,rectangle_java2.jpg,5361025731,88,751.4804545454546,454.06590909090914,730.5,440,71,21,this.y2,7,class->block->constructor->block->block_content->expr_stmt->expr->name->name->operator->name,
2,94,rectangle_java2.jpg,rectangle_java2.jpg,5361757606,148,715.7694594594594,542.372972972973,669.5,549,63,21,public,6,class->block->function->type->specifier,
2,94,rectangle_java2.jpg,rectangle_java2.jpg,5362021685,260,691.5376923076923,544.3972307692308,669.5,549,63,21,public,6,class->block->function->type->specifier,
2,94,rectangle_java2.jpg,rectangle_java2.jpg,5362113682,68,765.8135294117646,566.7094117647059,737.5,549,33,21,int,3,class->block->function->type->name,
2,94,rectangle_java2.jpg,rectangle_java2.jpg,5362113682,68,765.8135294117646,566.7094117647059,775.5,549,62,21,height,6,class->block->function->name,
2,94,rectangle_java2.jpg,rectangle_java2.jpg,5362177590,60,763.1493333333334,563.856,737.5,549,33,21,int,3,class->block->function->type->name,
2,94,rectangle_java2.jpg,rectangle_java2.jpg,5362177590,60,763.1493333333334,563.856,775.5,549,62,21,height,6,class->block->function->name,
2,94,rectangle_java2.jpg,rectangle_java2.jpg,5362397332,76,775.7647368421053,569.3094736842105,775.5,549,62,21,height,6,class->block->function->name,
2,94,rectangle_java2.jpg,rectangle_java2.jpg,5362605422,180,815.0637777777778,558.6888888888889,775.5,549,62,21,height,6,class->block->function->name,
2,94,rectangle_java2.jpg,rectangle_java2.jpg,5362685532,60,910.44,561.2593333333333,900.5,549,63,21,return,6,class->block->function->block->block_content->return,
2,94,rectangle_java2.jpg,rectangle_java2.jpg,5362765592,76,915.1515789473684,562.3794736842106,900.5,549,63,21,return,6,class->block->function->block->block_content->return,
2,94,rectangle_java2.jpg,rectangle_java2.jpg,5362841581,72,914.0833333333334,562.07,900.5,549,63,21,return,6,class->block->function->block->block_content->return,
2,94,rectangle_java2.jpg,rectangle_java2.jpg,5363025589,72,998.2894444444444,557.9744444444444,968.5,549,70,21,this.y2,7,class->block->function->block->block_content->return->expr->name->name->operator->name,
2,94,rectangle_java2.jpg,rectangle_java2.jpg,5363181604,152,1014.8697368421052,554.6463157894736,968.5,549,70,21,this.y2,7,class->block->function->block->block_content->return->expr->name->name->operator->name,
2,94,rectangle_java2.jpg,rectangle_java2.jpg,5363313591,128,1015.0003125,568.158125,968.5,549,70,21,this.y2,7,class->block->function->block->block_content->return->expr->name->name->operator->name,
2,94,rectangle_java2.jpg,rectangle_java2.jpg,5363397589,80,1012.6405,567.6355,968.5,549,70,21,this.y2,7,class->block->function->block->block_content->return->expr->name->name->operator->name,
2,94,rectangle_java2.jpg,rectangle_java2.jpg,5363525588,124,1014.786129032258,573.3103225806452,977.5,585,101,21,this.width,10,class->block->function->block->block_content->return->expr->call->name->name->operator->name,
2,94,rectangle_java2.jpg,rectangle_java2.jpg,5363737494,68,1055.9811764705885,550.7029411764706,1045.5,549,13,21,-,1,class->block->function->block->block_content->return->expr->operator,
2,94,rectangle_java2.jpg,rectangle_java2.jpg,5363737494,68,1055.9811764705885,550.7029411764706,1064.5,549,71,21,this.y1,7,class->block->function->block->block_content->return->expr->name->name->operator->name,
2,94,rectangle_java2.jpg,rectangle_java2.jpg,5363929294,100,1088.2528,566.4304,1064.5,549,71,21,this.y1,7,class->block->function->block->block_content->return->expr->name->name->operator->name,
2,94,rectangle_java2.jpg,rectangle_java2.jpg,5364001369,68,1098.239411764706,551.5588235294117,1064.5,549,71,21,this.y1,7,class->block->function->block->block_content->return->expr->name->name->operator->name,
2,94,rectangle_java2.jpg,rectangle_java2.jpg,5364137540,64,1125.15375,542.060625,1064.5,549,71,21,this.y1,7,class->block->function->block->block_content->return->expr->name->name->operator->name,
2,94,rectangle_java2.jpg,rectangle_java2.jpg,5364281471,140,1127.8208571428572,558.6008571428572,1064.5,549,71,21,this.y1,7,class->block->function->block->block_content->return->expr->name->name->operator->name,
2,94,rectangle_java2.jpg,rectangle_java2.jpg,5364481410,64,1084.7825,538.330625,1064.5,549,71,21,this.y1,7,class->block->function->block->block_content->return->expr->name->name->operator->name,
2,94,rectangle_java2.jpg,rectangle_java2.jpg,5364557397,72,1088.2733333333333,550.415,1064.5,549,71,21,this.y1,7,class->block->function->block->block_content->return->expr->name->name->operator->name,
2,94,rectangle_java2.jpg,rectangle_java2.jpg,5364685436,92,1110.3321739130436,548.408695652174,1064.5,549,71,21,this.y1,7,class->block->function->block->block_content->return->expr->name->name->operator->name,
2,94,rectangle_java2.jpg,rectangle_java2.jpg,5364941518,88,834.0909090909091,596.5068181818182,804.5,585,43,21,area,4,class->block->function->name,
2,94,rectangle_java2.jpg,rectangle_java2.jpg,5365121445,164,736.3985365853658,585.2785365853658,737.5,585,62,21,double,6,class->block->function->type->name,
2,94,rectangle_java2.jpg,rectangle_java2.jpg,5365245416,64,749.66125,609.0525,738.5,621,61,21,static,6,class->block->function->type->specifier,
2,94,rectangle_java2.jpg,rectangle_java2.jpg,5365557380,180,807.0693333333334,586.8031111111111,804.5,585,43,21,area,4,class->block->function->name,
2,94,rectangle_java2.jpg,rectangle_java2.jpg,5365833426,228,929.0054385964912,583.7970175438596,910.5,585,62,21,return,6,class->block->function->block->block_content->return,
2,94,rectangle_java2.jpg,rectangle_java2.jpg,5365901462,64,937.715,598.4575,910.5,585,62,21,return,6,class->block->function->block->block_content->return,
2,94,rectangle_java2.jpg,rectangle_java2.jpg,5366013432,88,1033.5154545454543,590.3331818181819,977.5,585,101,21,this.width,10,class->block->function->block->block_content->return->expr->call->name->name->operator->name,
2,94,rectangle_java2.jpg,rectangle_java2.jpg,5366189335,124,1013.1029032258064,578.878064516129,977.5,585,101,21,this.width,10,class->block->function->block->block_content->return->expr->call->name->name->operator->name,
2,94,rectangle_java2.jpg,rectangle_java2.jpg,5366297302,104,1021.0446153846152,580.4065384615385,977.5,585,101,21,this.width,10,class->block->function->block->block_content->return->expr->call->name->name->operator->name,
2,94,rectangle_java2.jpg,rectangle_java2.jpg,5366433296,76,1109.112105263158,593.781052631579,1103.5,585,9,21,),1,class->block->function->block->block_content->return->expr->call->argument_list,
2,94,rectangle_java2.jpg,rectangle_java2.jpg,5366597317,160,1097.37575,586.38025,1103.5,585,9,21,),1,class->block->function->block->block_content->return->expr->call->argument_list,
2,94,rectangle_java2.jpg,rectangle_java2.jpg,5366697336,96,1102.4558333333334,585.3545833333334,1103.5,585,9,21,),1,class->block->function->block->block_content->return->expr->call->argument_list,
2,94,rectangle_java2.jpg,rectangle_java2.jpg,5366989334,144,763.8327777777778,630.0877777777778,738.5,621,61,21,static,6,class->block->function->type->specifier,
2,94,rectangle_java2.jpg,rectangle_java2.jpg,5367129332,88,721.4286363636363,612.1359090909091,669.5,621,63,21,public,6,class->block->function->type->specifier,
2,94,rectangle_java2.jpg,rectangle_java2.jpg,5367245286,112,716.0935714285714,628.3789285714286,669.5,621,63,21,public,6,class->block->function->type->specifier,
2,94,rectangle_java2.jpg,rectangle_java2.jpg,5367465204,120,779.261,626.778,738.5,621,61,21,static,6,class->block->function->type->specifier,
2,94,rectangle_java2.jpg,rectangle_java2.jpg,5367609301,124,1063.4341935483872,621.3009677419354,1025.5,621,42,21,args,4,class->block->function->parameter_list->parameter->decl->name,
2,94,rectangle_java2.jpg,rectangle_java2.jpg,5367609301,124,1063.4341935483872,621.3009677419354,1074.5,621,10,21,),1,class->block->function->parameter_list,
2,94,rectangle_java2.jpg,rectangle_java2.jpg,5367685344,72,1066.1222222222225,639.5227777777777,1025.5,621,42,21,args,4,class->block->function->parameter_list->parameter->decl->name,
2,94,rectangle_java2.jpg,rectangle_java2.jpg,5367685344,72,1066.1222222222225,639.5227777777777,1074.5,621,10,21,),1,class->block->function->parameter_list,
2,94,rectangle_java2.jpg,rectangle_java2.jpg,5367929331,132,1065.0366666666666,625.1360606060606,1025.5,621,42,21,args,4,class->block->function->parameter_list->parameter->decl->name,
2,94,rectangle_java2.jpg,rectangle_java2.jpg,5367929331,132,1065.0366666666666,625.1360606060606,1074.5,621,10,21,),1,class->block->function->parameter_list,
2,94,rectangle_java2.jpg,rectangle_java2.jpg,5368001269,68,1051.49,629.204705882353,1025.5,621,42,21,args,4,class->block->function->parameter_list->parameter->decl->name,
2,94,rectangle_java2.jpg,rectangle_java2.jpg,5368149184,144,965.3566666666668,620.1136111111111,920.5,621,62,21,String,6,class->block->function->parameter_list->parameter->decl->type->name->name,
2,94,rectangle_java2.jpg,rectangle_java2.jpg,5368329170,84,939.5485714285714,626.4619047619047,920.5,621,62,21,String,6,class->block->function->parameter_list->parameter->decl->type->name->name,
2,94,rectangle_java2.jpg,rectangle_java2.jpg,5368924773,116,914.0189655172412,689.7124137931035,916.5,694,9,21,(,1,class->block->function->block->block_content->expr_stmt->expr->call->argument_list,
2,94,rectangle_java2.jpg,rectangle_java2.jpg,5369080961,152,912.587894736842,694.9731578947368,916.5,694,9,21,(,1,class->block->function->block->block_content->expr_stmt->expr->call->argument_list,
2,94,rectangle_java2.jpg,rectangle_java2.jpg,5369305110,212,785.1398113207547,689.0830188679246,730.5,694,177,21,System.out.println,18,class->block->function->block->block_content->expr_stmt->expr->call->name->name->operator->name->operator->name,
2,94,rectangle_java2.jpg,rectangle_java2.jpg,5369509124,200,774.5016,690.5294,730.5,694,177,21,System.out.println,18,class->block->function->block->block_content->expr_stmt->expr->call->name->name->operator->name->operator->name,
2,94,rectangle_java2.jpg,rectangle_java2.jpg,5369781251,236,840.0566101694915,701.8562711864407,730.5,694,177,21,System.out.println,18,class->block->function->block->block_content->expr_stmt->expr->call->name->name->operator->name->operator->name,
2,94,rectangle_java2.jpg,rectangle_java2.jpg,5369849185,64,852.75125,694.839375,730.5,694,177,21,System.out.println,18,class->block->function->block->block_content->expr_stmt->expr->call->name->name->operator->name->operator->name,
2,94,rectangle_java2.jpg,rectangle_java2.jpg,5369925116,72,854.545,694.1838888888889,730.5,694,177,21,System.out.println,18,class->block->function->block->block_content->expr_stmt->expr->call->name->name->operator->name->operator->name,
2,94,rectangle_java2.jpg,rectangle_java2.jpg,5369997108,68,863.9911764705882,699.8082352941176,730.5,694,177,21,System.out.println,18,class->block->function->block->block_content->expr_stmt->expr->call->name->name->operator->name->operator->name,
2,94,rectangle_java2.jpg,rectangle_java2.jpg,5370676764,180,993.9224444444444,711.5117777777778,932.5,694,100,21,rect1.area,10,class->block->function->block->block_content->expr_stmt->expr->call->argument_list->argument->expr->call->name->name->operator->name,
2,94,rectangle_java2.jpg,rectangle_java2.jpg,5371457187,84,824.4847619047619,771.9171428571428,730.5,766,177,21,System.out.println,18,class->block->function->block->block_content->expr_stmt->expr->call->name->name->operator->name->operator->name,
