trial,participant,code_file,code_language,timestamp,duration,x_cord,y_cord,aoi_x,aoi_y,aoi_width,aoi_height,token,length,srcML
2,164,rectangle_java2.jpg,rectangle_java2.jpg,3107011304,156,898.5756410256411,301.50820512820513,890.5,295,24,21,x1,2,class->block->constructor->parameter_list->parameter->decl->type->name
2,164,rectangle_java2.jpg,rectangle_java2.jpg,3113950593,92,712.2847826086957,216.90652173913043,715.5,222,90,21,Rectangle,9,class->name
2,164,rectangle_java2.jpg,rectangle_java2.jpg,3114806566,136,819.545,213.68676470588235,813.5,222,10,21,{,1,class->block
2,164,rectangle_java2.jpg,rectangle_java2.jpg,3116366448,120,820.7626666666666,218.72766666666666,813.5,222,10,21,{,1,class->block
2,164,rectangle_java2.jpg,rectangle_java2.jpg,3118470058,68,890.18,266.4788235294118,881.5,259,23,21,x2,2,class->block->decl_stmt->decl->name
2,164,rectangle_java2.jpg,rectangle_java2.jpg,3118706162,152,1092.8247368421053,286.4563157894737,1094.5,295,9,21,",",1,class->block->constructor->parameter_list
2,164,rectangle_java2.jpg,rectangle_java2.jpg,3119102258,88,790.0863636363637,252.37181818181818,785.5,259,23,21,x1,2,class->block->decl_stmt->decl->name
2,164,rectangle_java2.jpg,rectangle_java2.jpg,3119370210,136,792.3826470588235,238.41176470588232,715.5,222,90,21,Rectangle,9,class->name
2,164,rectangle_java2.jpg,rectangle_java2.jpg,3121018022,68,835.5017647058824,273.11764705882354,833.5,259,23,21,y1,2,class->block->decl_stmt->decl->name
2,164,rectangle_java2.jpg,rectangle_java2.jpg,3121310099,80,786.094,263.044,785.5,259,23,21,x1,2,class->block->decl_stmt->decl->name
2,164,rectangle_java2.jpg,rectangle_java2.jpg,3121449637,72,880.8672222222223,271.13444444444445,881.5,259,23,21,x2,2,class->block->decl_stmt->decl->name
2,164,rectangle_java2.jpg,rectangle_java2.jpg,3121525437,72,893.1661111111111,274.00722222222225,881.5,259,23,21,x2,2,class->block->decl_stmt->decl->name
2,164,rectangle_java2.jpg,rectangle_java2.jpg,3121673761,88,883.3277272727273,270.9022727272727,881.5,259,23,21,x2,2,class->block->decl_stmt->decl->name
2,164,rectangle_java2.jpg,rectangle_java2.jpg,3122317897,80,930.9225,262.9025,929.5,259,23,21,y2,2,class->block->decl_stmt->decl->name
2,164,rectangle_java2.jpg,rectangle_java2.jpg,3122557948,60,950.112,253.47000000000003,929.5,259,23,21,y2,2,class->block->decl_stmt->decl->name
2,164,rectangle_java2.jpg,rectangle_java2.jpg,3122557948,60,950.112,253.47000000000003,959.5,259,10,21,;,1,class->block->decl_stmt
2,164,rectangle_java2.jpg,rectangle_java2.jpg,3122645950,84,951.81,259.9033333333333,929.5,259,23,21,y2,2,class->block->decl_stmt->decl->name
2,164,rectangle_java2.jpg,rectangle_java2.jpg,3122645950,84,951.81,259.9033333333333,959.5,259,10,21,;,1,class->block->decl_stmt
2,164,rectangle_java2.jpg,rectangle_java2.jpg,3123593839,64,904.456875,277.29312500000003,881.5,259,23,21,x2,2,class->block->decl_stmt->decl->name
2,164,rectangle_java2.jpg,rectangle_java2.jpg,3123593839,64,904.456875,277.29312500000003,911.5,259,10,21,",",1,class->block->decl_stmt
2,164,rectangle_java2.jpg,rectangle_java2.jpg,3123889777,64,829.13125,311.058125,837.5,295,9,21,(,1,class->block->constructor->parameter_list
2,164,rectangle_java2.jpg,rectangle_java2.jpg,3123961769,68,844.6794117647058,303.1941176470588,837.5,295,9,21,(,1,class->block->constructor->parameter_list
2,164,rectangle_java2.jpg,rectangle_java2.jpg,3123961769,68,844.6794117647058,303.1941176470588,853.5,295,32,21,int,3,class->block->constructor->parameter_list->parameter->decl->type->name
2,164,rectangle_java2.jpg,rectangle_java2.jpg,3124133766,104,782.7976923076923,308.62192307692305,737.5,295,91,21,Rectangle,9,class->block->constructor->name
2,164,rectangle_java2.jpg,rectangle_java2.jpg,3124717688,80,966.8415,253.09450000000004,959.5,259,10,21,;,1,class->block->decl_stmt
2,164,rectangle_java2.jpg,rectangle_java2.jpg,3124797686,76,964.7,267.0478947368421,959.5,259,10,21,;,1,class->block->decl_stmt
2,164,rectangle_java2.jpg,rectangle_java2.jpg,3125721569,68,772.1076470588235,427.93294117647065,730.5,440,71,21,this.y2,7,class->block->constructor->block->block_content->expr_stmt->expr->name->name->operator->name
2,164,rectangle_java2.jpg,rectangle_java2.jpg,3125909609,92,773.2347826086957,419.3304347826087,730.5,404,71,19,this.x2,7,class->block->constructor->block->block_content->expr_stmt->expr->name->name->operator->name
2,164,rectangle_java2.jpg,rectangle_java2.jpg,3126089565,76,820.0194736842105,447.02105263157887,806.5,440,15,21,=,1,class->block->constructor->block->block_content->expr_stmt->expr->operator
2,164,rectangle_java2.jpg,rectangle_java2.jpg,3126089565,76,820.0194736842105,447.02105263157887,826.5,440,23,21,y2,2,class->block->constructor->block->block_content->expr_stmt->expr->name->name
2,164,rectangle_java2.jpg,rectangle_java2.jpg,3126149505,56,822.4028571428571,448.35285714285715,826.5,440,23,21,y2,2,class->block->constructor->block->block_content->expr_stmt->expr->name->name
2,164,rectangle_java2.jpg,rectangle_java2.jpg,3126217441,64,822.264375,459.71000000000004,826.5,440,23,21,y2,2,class->block->constructor->block->block_content->expr_stmt->expr->name->name
2,164,rectangle_java2.jpg,rectangle_java2.jpg,3126409514,64,720.460625,445.219375,730.5,440,71,21,this.y2,7,class->block->constructor->block->block_content->expr_stmt->expr->name->name->operator->name
2,164,rectangle_java2.jpg,rectangle_java2.jpg,3126597595,64,805.005,417.3768749999999,806.5,404,15,19,=,1,class->block->constructor->block->block_content->expr_stmt->expr->operator
2,164,rectangle_java2.jpg,rectangle_java2.jpg,3127525513,60,777.558,449.92066666666665,730.5,440,71,21,this.y2,7,class->block->constructor->block->block_content->expr_stmt->expr->name->name->operator->name
2,164,rectangle_java2.jpg,rectangle_java2.jpg,3127589523,60,780.206,434.5013333333334,730.5,440,71,21,this.y2,7,class->block->constructor->block->block_content->expr_stmt->expr->name->name->operator->name
2,164,rectangle_java2.jpg,rectangle_java2.jpg,3127669505,56,821.8342857142857,250.1957142857143,815.5,259,10,21,",",1,class->block->decl_stmt
2,164,rectangle_java2.jpg,rectangle_java2.jpg,3127669505,56,821.8342857142857,250.1957142857143,833.5,259,23,21,y1,2,class->block->decl_stmt->decl->name
2,164,rectangle_java2.jpg,rectangle_java2.jpg,3127841316,168,818.7433333333333,240.73190476190473,813.5,222,10,21,{,1,class->block
2,164,rectangle_java2.jpg,rectangle_java2.jpg,3127945400,100,821.0688,259.3796,815.5,259,10,21,",",1,class->block->decl_stmt
2,164,rectangle_java2.jpg,rectangle_java2.jpg,3127945400,100,821.0688,259.3796,833.5,259,23,21,y1,2,class->block->decl_stmt->decl->name
2,164,rectangle_java2.jpg,rectangle_java2.jpg,3128137527,68,776.1811764705882,234.96058823529415,715.5,222,90,21,Rectangle,9,class->name
2,164,rectangle_java2.jpg,rectangle_java2.jpg,3128225475,68,777.8394117647059,217.41882352941172,715.5,222,90,21,Rectangle,9,class->name
2,164,rectangle_java2.jpg,rectangle_java2.jpg,3128697412,84,844.5580952380952,255.48619047619047,833.5,259,23,21,y1,2,class->block->decl_stmt->decl->name
2,164,rectangle_java2.jpg,rectangle_java2.jpg,3129013379,260,836.4838461538461,263.45369230769234,833.5,259,23,21,y1,2,class->block->decl_stmt->decl->name
2,164,rectangle_java2.jpg,rectangle_java2.jpg,3129081392,64,848.948125,260.20437499999997,833.5,259,23,21,y1,2,class->block->decl_stmt->decl->name
2,164,rectangle_java2.jpg,rectangle_java2.jpg,3129213439,128,839.6075,246.56656250000003,833.5,259,23,21,y1,2,class->block->decl_stmt->decl->name
2,164,rectangle_java2.jpg,rectangle_java2.jpg,3129521250,72,837.93,262.4761111111111,833.5,259,23,21,y1,2,class->block->decl_stmt->decl->name
2,164,rectangle_java2.jpg,rectangle_java2.jpg,3129933326,60,753.4,237.53200000000004,715.5,222,90,21,Rectangle,9,class->name
2,164,rectangle_java2.jpg,rectangle_java2.jpg,3130397729,56,904.0028571428571,253.72500000000002,881.5,259,23,21,x2,2,class->block->decl_stmt->decl->name
2,164,rectangle_java2.jpg,rectangle_java2.jpg,3130397729,56,904.0028571428571,253.72500000000002,911.5,259,10,21,",",1,class->block->decl_stmt
2,164,rectangle_java2.jpg,rectangle_java2.jpg,3130461835,60,905.5313333333334,261.85,911.5,259,10,21,",",1,class->block->decl_stmt
2,164,rectangle_java2.jpg,rectangle_java2.jpg,3130569680,104,904.9346153846154,252.85961538461538,911.5,259,10,21,",",1,class->block->decl_stmt
2,164,rectangle_java2.jpg,rectangle_java2.jpg,3130761072,92,828.8221739130435,301.86695652173916,837.5,295,9,21,(,1,class->block->constructor->parameter_list
2,164,rectangle_java2.jpg,rectangle_java2.jpg,3130916716,112,837.9467857142857,327.6196428571429,826.5,331,23,19,x1,2,class->block->constructor->block->block_content->expr_stmt->expr->name->name
2,164,rectangle_java2.jpg,rectangle_java2.jpg,3131000973,80,836.9505,324.28499999999997,826.5,331,23,19,x1,2,class->block->constructor->block->block_content->expr_stmt->expr->name->name
2,164,rectangle_java2.jpg,rectangle_java2.jpg,3131193253,104,858.5784615384615,341.29192307692307,856.5,331,10,19,;,1,class->block->constructor->block->block_content->expr_stmt
2,164,rectangle_java2.jpg,rectangle_java2.jpg,3131305169,108,863.9666666666667,359.7174074074074,856.5,367,10,21,;,1,class->block->constructor->block->block_content->expr_stmt
2,164,rectangle_java2.jpg,rectangle_java2.jpg,3131577176,88,840.3436363636364,382.82,826.5,367,23,21,y1,2,class->block->constructor->block->block_content->expr_stmt->expr->name->name
2,164,rectangle_java2.jpg,rectangle_java2.jpg,3136084706,56,921.8771428571429,258.6957142857143,929.5,259,23,21,y2,2,class->block->decl_stmt->decl->name
2,164,rectangle_java2.jpg,rectangle_java2.jpg,3136352728,64,818.028125,274.855,815.5,259,10,21,",",1,class->block->decl_stmt
2,164,rectangle_java2.jpg,rectangle_java2.jpg,3136668778,108,835.4344444444445,268.59444444444443,833.5,259,23,21,y1,2,class->block->decl_stmt->decl->name
2,164,rectangle_java2.jpg,rectangle_java2.jpg,3136804751,64,839.83125,308.095,837.5,295,9,21,(,1,class->block->constructor->parameter_list
2,164,rectangle_java2.jpg,rectangle_java2.jpg,3136948721,80,832.292,310.3255,837.5,295,9,21,(,1,class->block->constructor->parameter_list
2,164,rectangle_java2.jpg,rectangle_java2.jpg,3137064689,64,824.18125,308.1175,737.5,295,91,21,Rectangle,9,class->block->constructor->name
2,164,rectangle_java2.jpg,rectangle_java2.jpg,3138060634,56,877.5607142857143,300.685,853.5,295,32,21,int,3,class->block->constructor->parameter_list->parameter->decl->type->name
2,164,rectangle_java2.jpg,rectangle_java2.jpg,3138220574,88,888.52,297.6554545454545,890.5,295,24,21,x1,2,class->block->constructor->parameter_list->parameter->decl->type->name
2,164,rectangle_java2.jpg,rectangle_java2.jpg,3138420564,56,887.7385714285714,270.3435714285714,881.5,259,23,21,x2,2,class->block->decl_stmt->decl->name
2,164,rectangle_java2.jpg,rectangle_java2.jpg,3140056445,68,904.6623529411764,266.3341176470588,911.5,259,10,21,",",1,class->block->decl_stmt
2,164,rectangle_java2.jpg,rectangle_java2.jpg,3140536339,64,953.849375,263.85625,959.5,259,10,21,;,1,class->block->decl_stmt
2,164,rectangle_java2.jpg,rectangle_java2.jpg,3140724267,72,919.3005555555555,255.38944444444445,911.5,259,10,21,",",1,class->block->decl_stmt
2,164,rectangle_java2.jpg,rectangle_java2.jpg,3140724267,72,919.3005555555555,255.38944444444445,929.5,259,23,21,y2,2,class->block->decl_stmt->decl->name
2,164,rectangle_java2.jpg,rectangle_java2.jpg,3141540364,84,899.3723809523809,314.71809523809526,890.5,295,24,21,x1,2,class->block->constructor->parameter_list->parameter->decl->type->name
2,164,rectangle_java2.jpg,rectangle_java2.jpg,3141947978,60,860.714,411.214,856.5,404,10,19,;,1,class->block->constructor->block->block_content->expr_stmt
2,164,rectangle_java2.jpg,rectangle_java2.jpg,3143884767,72,858.8772222222223,434.8616666666667,856.5,440,10,21,;,1,class->block->constructor->block->block_content->expr_stmt
2,164,rectangle_java2.jpg,rectangle_java2.jpg,3149700798,60,1059.4886666666666,501.476,1054.5,512,71,21,this.x1,7,class->block->function->block->block_content->return->expr->name->name->operator->name
2,164,rectangle_java2.jpg,rectangle_java2.jpg,3149884823,60,1072.982,500.1686666666667,1054.5,512,71,21,this.x1,7,class->block->function->block->block_content->return->expr->name->name->operator->name
2,164,rectangle_java2.jpg,rectangle_java2.jpg,3150096929,76,1064.5452631578946,507.23473684210524,1054.5,512,71,21,this.x1,7,class->block->function->block->block_content->return->expr->name->name->operator->name
2,164,rectangle_java2.jpg,rectangle_java2.jpg,3152644903,60,1147.0206666666668,499.6093333333333,1152.5,512,10,21,},1,class->block
2,164,rectangle_java2.jpg,rectangle_java2.jpg,3153040243,108,845.03,307.25851851851854,837.5,295,9,21,(,1,class->block->constructor->parameter_list
2,164,rectangle_java2.jpg,rectangle_java2.jpg,3153040243,108,845.03,307.25851851851854,853.5,295,32,21,int,3,class->block->constructor->parameter_list->parameter->decl->type->name
2,164,rectangle_java2.jpg,rectangle_java2.jpg,3153124219,80,843.9544999999999,308.86,837.5,295,9,21,(,1,class->block->constructor->parameter_list
2,164,rectangle_java2.jpg,rectangle_java2.jpg,3153124219,80,843.9544999999999,308.86,853.5,295,32,21,int,3,class->block->constructor->parameter_list->parameter->decl->type->name
2,164,rectangle_java2.jpg,rectangle_java2.jpg,3153232351,104,840.3057692307692,326.4603846153846,826.5,331,23,19,x1,2,class->block->constructor->block->block_content->expr_stmt->expr->name->name
2,164,rectangle_java2.jpg,rectangle_java2.jpg,3153744383,56,901.6421428571429,511.0935714285714,891.5,512,62,21,return,6,class->block->function->block->block_content->return->expr->name->name
2,164,rectangle_java2.jpg,rectangle_java2.jpg,3154372429,60,1043.24,530.5046666666667,1035.5,512,13,21,-,1,class->block->function->block->block_content->return->expr->name->name
2,164,rectangle_java2.jpg,rectangle_java2.jpg,3154372429,60,1043.24,530.5046666666667,1054.5,512,71,21,this.x1,7,class->block->function->block->block_content->return->expr->name->name->operator->name
2,164,rectangle_java2.jpg,rectangle_java2.jpg,3154612315,56,851.05,509.95142857142855,854.5,512,9,21,),1,class->block->function->parameter_list
2,164,rectangle_java2.jpg,rectangle_java2.jpg,3154856264,96,937.3833333333333,517.93875,891.5,512,62,21,return,6,class->block->function->block->block_content->return->expr->name->name
2,164,rectangle_java2.jpg,rectangle_java2.jpg,3155144308,92,809.5273913043478,601.4391304347827,804.5,585,43,21,area,4,class->block->function->name
2,164,rectangle_java2.jpg,rectangle_java2.jpg,3155280300,60,803.4833333333333,537.202,775.5,549,62,21,height,6,class->block->function->name
2,164,rectangle_java2.jpg,rectangle_java2.jpg,3155368296,84,799.9480952380952,553.0176190476191,775.5,549,62,21,height,6,class->block->function->name
2,164,rectangle_java2.jpg,rectangle_java2.jpg,3155512289,56,826.3778571428571,379.85714285714283,826.5,367,23,21,y1,2,class->block->constructor->block->block_content->expr_stmt->expr->name->name
2,164,rectangle_java2.jpg,rectangle_java2.jpg,3155576295,60,816.9593333333333,399.71133333333336,806.5,404,15,19,=,1,class->block->constructor->block->block_content->expr_stmt->expr->operator
2,164,rectangle_java2.jpg,rectangle_java2.jpg,3155576295,60,816.9593333333333,399.71133333333336,826.5,404,23,19,x2,2,class->block->constructor->block->block_content->expr_stmt->expr->name->name
2,164,rectangle_java2.jpg,rectangle_java2.jpg,3155668316,88,828.1568181818182,385.07681818181817,826.5,367,23,21,y1,2,class->block->constructor->block->block_content->expr_stmt->expr->name->name
2,164,rectangle_java2.jpg,rectangle_java2.jpg,3156200158,88,981.9513636363637,633.525,920.5,621,62,21,String,6,class->block->function->parameter_list->parameter->decl->type->name->name
2,164,rectangle_java2.jpg,rectangle_java2.jpg,3156200158,88,981.9513636363637,633.525,990.5,621,10,21,[,1,class->block->function->parameter_list->parameter->decl->type->name->index
2,164,rectangle_java2.jpg,rectangle_java2.jpg,3156584130,156,912.3166666666667,626.9282051282051,904.5,621,9,21,(,1,class->block->function->parameter_list
2,164,rectangle_java2.jpg,rectangle_java2.jpg,3156584130,156,912.3166666666667,626.9282051282051,920.5,621,62,21,String,6,class->block->function->parameter_list->parameter->decl->type->name->name
2,164,rectangle_java2.jpg,rectangle_java2.jpg,3156676172,88,909.3363636363637,632.1881818181818,904.5,621,9,21,(,1,class->block->function->parameter_list
2,164,rectangle_java2.jpg,rectangle_java2.jpg,3156676172,88,909.3363636363637,632.1881818181818,920.5,621,62,21,String,6,class->block->function->parameter_list->parameter->decl->type->name->name
2,164,rectangle_java2.jpg,rectangle_java2.jpg,3156800187,60,912.224,622.5066666666667,904.5,621,9,21,(,1,class->block->function->parameter_list
2,164,rectangle_java2.jpg,rectangle_java2.jpg,3156800187,60,912.224,622.5066666666667,920.5,621,62,21,String,6,class->block->function->parameter_list->parameter->decl->type->name->name
2,164,rectangle_java2.jpg,rectangle_java2.jpg,3157256148,96,933.925,624.7816666666666,920.5,621,62,21,String,6,class->block->function->parameter_list->parameter->decl->type->name->name
2,164,rectangle_java2.jpg,rectangle_java2.jpg,3157384326,72,929.8666666666667,639.1227777777777,920.5,621,62,21,String,6,class->block->function->parameter_list->parameter->decl->type->name->name
2,164,rectangle_java2.jpg,rectangle_java2.jpg,3157468451,80,920.089,635.0865,920.5,621,62,21,String,6,class->block->function->parameter_list->parameter->decl->type->name->name
2,164,rectangle_java2.jpg,rectangle_java2.jpg,3157596509,112,917.5646428571429,633.9971428571429,920.5,621,62,21,String,6,class->block->function->parameter_list->parameter->decl->type->name->name
2,164,rectangle_java2.jpg,rectangle_java2.jpg,3157891832,60,910.882,510.69866666666667,891.5,512,62,21,return,6,class->block->function->block->block_content->return->expr->name->name
2,164,rectangle_java2.jpg,rectangle_java2.jpg,3158220053,132,1184.2112121212122,670.6724242424242,1182.5,658,22,20,10,2,class->block->function->block->block_content->decl_stmt->decl->init->expr->call->argument_list->argument->expr->literal
2,164,rectangle_java2.jpg,rectangle_java2.jpg,3158360010,108,1130.3748148148147,651.5644444444445,1134.5,658,22,20,10,2,class->block->function->block->block_content->decl_stmt->decl->init->expr->call->argument_list->argument->expr->literal
2,164,rectangle_java2.jpg,rectangle_java2.jpg,3158423990,60,1124.772,652.1893333333334,1115.5,658,10,20,",",1,class->block->function->block->block_content->decl_stmt->decl->init->expr->call->argument_list
2,164,rectangle_java2.jpg,rectangle_java2.jpg,3158423990,60,1124.772,652.1893333333334,1134.5,658,22,20,10,2,class->block->function->block->block_content->decl_stmt->decl->init->expr->call->argument_list->argument->expr->literal
2,164,rectangle_java2.jpg,rectangle_java2.jpg,3158608001,80,1061.808,638.3495,1025.5,621,42,21,args,4,class->block->function->parameter_list->parameter->decl->name
2,164,rectangle_java2.jpg,rectangle_java2.jpg,3158731984,64,815.189375,737.01375,730.5,731,91,20,Rectangle,9,class->block->function->block->block_content->decl_stmt->decl->type->name
2,164,rectangle_java2.jpg,rectangle_java2.jpg,3158731984,64,815.189375,737.01375,826.5,731,51,20,rect2,5,class->block->function->block->block_content->decl_stmt->decl->name
2,164,rectangle_java2.jpg,rectangle_java2.jpg,3158895976,160,820.665,749.44725,730.5,731,91,20,Rectangle,9,class->block->function->block->block_content->decl_stmt->decl->type->name
2,164,rectangle_java2.jpg,rectangle_java2.jpg,3158895976,160,820.665,749.44725,826.5,731,51,20,rect2,5,class->block->function->block->block_content->decl_stmt->decl->name
2,164,rectangle_java2.jpg,rectangle_java2.jpg,3159107994,68,943.17,709.7970588235294,932.5,694,100,21,rect1.area,10,class->block->function->block->block_content->expr_stmt->expr->call->argument_list->argument->expr->call->name->name->operator->name
2,164,rectangle_java2.jpg,rectangle_java2.jpg,3159267887,96,931.9591666666666,708.45125,932.5,694,100,21,rect1.area,10,class->block->function->block->block_content->expr_stmt->expr->call->argument_list->argument->expr->call->name->name->operator->name
2,164,rectangle_java2.jpg,rectangle_java2.jpg,3159335665,64,898.4293749999999,710.49625,730.5,694,177,21,System.out.println,18,class->block->function->block->block_content->expr_stmt->expr->call->name->name->operator->name->operator->name
2,164,rectangle_java2.jpg,rectangle_java2.jpg,3159539551,200,890.209,712.5008,730.5,694,177,21,System.out.println,18,class->block->function->block->block_content->expr_stmt->expr->call->name->name->operator->name->operator->name
2,164,rectangle_java2.jpg,rectangle_java2.jpg,3159715862,172,890.5276744186046,723.3630232558139,883.5,731,15,20,=,1,class->block->function->block->block_content->decl_stmt->decl->init
2,164,rectangle_java2.jpg,rectangle_java2.jpg,3159715862,172,890.5276744186046,723.3630232558139,902.5,731,34,20,new,3,class->block->function->block->block_content->decl_stmt->decl->init->expr->operator
2,164,rectangle_java2.jpg,rectangle_java2.jpg,3159879896,100,1170.714,668.952,1163.5,658,10,20,",",1,class->block->function->block->block_content->decl_stmt->decl->init->expr->call->argument_list
2,164,rectangle_java2.jpg,rectangle_java2.jpg,3159879896,100,1170.714,668.952,1182.5,658,22,20,10,2,class->block->function->block->block_content->decl_stmt->decl->init->expr->call->argument_list->argument->expr->literal
2,164,rectangle_java2.jpg,rectangle_java2.jpg,3159967880,84,1183.9785714285715,670.9657142857143,1182.5,658,22,20,10,2,class->block->function->block->block_content->decl_stmt->decl->init->expr->call->argument_list->argument->expr->literal
2,164,rectangle_java2.jpg,rectangle_java2.jpg,3160111873,84,807.7404761904762,435.0747619047619,806.5,440,15,21,=,1,class->block->constructor->block->block_content->expr_stmt->expr->operator
2,164,rectangle_java2.jpg,rectangle_java2.jpg,3160759707,68,1144.0635294117646,577.8641176470588,1140.5,585,110,21,this.height,11,class->block->function->block->block_content->return->expr->call->name->name->operator->name
2,164,rectangle_java2.jpg,rectangle_java2.jpg,3160931612,112,1134.3853571428572,653.6639285714285,1134.5,658,22,20,10,2,class->block->function->block->block_content->decl_stmt->decl->init->expr->call->argument_list->argument->expr->literal
2,164,rectangle_java2.jpg,rectangle_java2.jpg,3161067731,60,917.4646666666666,719.1986666666667,902.5,731,34,20,new,3,class->block->function->block->block_content->decl_stmt->decl->init->expr->operator
2,164,rectangle_java2.jpg,rectangle_java2.jpg,3161215691,144,896.9283333333333,721.1422222222222,883.5,731,15,20,=,1,class->block->function->block->block_content->decl_stmt->decl->init
2,164,rectangle_java2.jpg,rectangle_java2.jpg,3161215691,144,896.9283333333333,721.1422222222222,902.5,731,34,20,new,3,class->block->function->block->block_content->decl_stmt->decl->init->expr->operator
2,164,rectangle_java2.jpg,rectangle_java2.jpg,3161711755,80,889.4955,632.23,851.5,621,44,21,main,4,class->block->function->name
2,164,rectangle_java2.jpg,rectangle_java2.jpg,3161871829,80,792.425,612.4545,738.5,621,61,21,static,6,class->block->function->type->specifier
2,164,rectangle_java2.jpg,rectangle_java2.jpg,3161871829,80,792.425,612.4545,804.5,621,44,21,void,4,class->block->function->type->name
2,164,rectangle_java2.jpg,rectangle_java2.jpg,3162003759,96,808.7654166666666,620.0375,804.5,621,44,21,void,4,class->block->function->type->name
2,164,rectangle_java2.jpg,rectangle_java2.jpg,3162251760,168,1026.4980952380952,649.162380952381,941.5,658,91,20,Rectangle,9,class->block->function->block->block_content->decl_stmt->decl->init->expr->call->name
2,164,rectangle_java2.jpg,rectangle_java2.jpg,3162415574,124,1165.001935483871,654.2825806451613,1163.5,658,10,20,",",1,class->block->function->block->block_content->decl_stmt->decl->init->expr->call->argument_list
2,164,rectangle_java2.jpg,rectangle_java2.jpg,3162891579,84,1061.9590476190476,627.8833333333333,1025.5,621,42,21,args,4,class->block->function->parameter_list->parameter->decl->name
2,164,rectangle_java2.jpg,rectangle_java2.jpg,3162999602,96,1062.1608333333334,634.4845833333334,1025.5,621,42,21,args,4,class->block->function->parameter_list->parameter->decl->name
2,164,rectangle_java2.jpg,rectangle_java2.jpg,3162999602,96,1062.1608333333334,634.4845833333334,1074.5,621,10,21,),1,class->block->function->parameter_list
2,164,rectangle_java2.jpg,rectangle_java2.jpg,3163067614,64,1050.35125,629.213125,1025.5,621,42,21,args,4,class->block->function->parameter_list->parameter->decl->name
2,164,rectangle_java2.jpg,rectangle_java2.jpg,3163431619,68,865.3358823529412,322.3347058823529,856.5,331,10,19,;,1,class->block->constructor->block->block_content->expr_stmt
2,164,rectangle_java2.jpg,rectangle_java2.jpg,3163879577,108,1003.2744444444444,531.7296296296296,958.5,512,71,21,this.x2,7,class->block->function->block->block_content->return->expr->name->name->operator->name->operator
2,164,rectangle_java2.jpg,rectangle_java2.jpg,3163947548,64,1007.7125,528.9525,958.5,512,71,21,this.x2,7,class->block->function->block->block_content->return->expr->name->name->operator->name->operator
2,164,rectangle_java2.jpg,rectangle_java2.jpg,3164263518,220,846.502,334.76854545454546,826.5,331,23,19,x1,2,class->block->constructor->block->block_content->expr_stmt->expr->name->name
2,164,rectangle_java2.jpg,rectangle_java2.jpg,3164263518,220,846.502,334.76854545454546,856.5,331,10,19,;,1,class->block->constructor->block->block_content->expr_stmt
2,164,rectangle_java2.jpg,rectangle_java2.jpg,3164835212,164,864.8685365853659,337.3078048780488,856.5,331,10,19,;,1,class->block->constructor->block->block_content->expr_stmt
2,164,rectangle_java2.jpg,rectangle_java2.jpg,3165415068,64,819.153125,221.41375,813.5,222,10,21,{,1,class->block
2,164,rectangle_java2.jpg,rectangle_java2.jpg,3166951342,60,902.758,506.95533333333333,891.5,512,62,21,return,6,class->block->function->block->block_content->return->expr->name->name
2,164,rectangle_java2.jpg,rectangle_java2.jpg,3167587227,184,1086.0904347826088,637.0930434782608,1094.5,621,10,21,{,1,class->block->function->block
2,164,rectangle_java2.jpg,rectangle_java2.jpg,3167679243,88,1100.6977272727272,623.0122727272727,1094.5,621,10,21,{,1,class->block->function->block
2,164,rectangle_java2.jpg,rectangle_java2.jpg,3167947206,76,866.098947368421,698.8715789473684,730.5,694,177,21,System.out.println,18,class->block->function->block->block_content->expr_stmt->expr->call->name->name->operator->name->operator->name
2,164,rectangle_java2.jpg,rectangle_java2.jpg,3168107183,136,860.0888235294118,709.0282352941176,730.5,694,177,21,System.out.println,18,class->block->function->block->block_content->expr_stmt->expr->call->name->name->operator->name->operator->name
2,164,rectangle_java2.jpg,rectangle_java2.jpg,3168187186,60,827.2373333333334,727.5986666666666,826.5,731,51,20,rect2,5,class->block->function->block->block_content->decl_stmt->decl->name
2,164,rectangle_java2.jpg,rectangle_java2.jpg,3168315208,88,837.6518181818182,745.5445454545454,826.5,731,51,20,rect2,5,class->block->function->block->block_content->decl_stmt->decl->name
2,164,rectangle_java2.jpg,rectangle_java2.jpg,3174606671,92,778.3213043478261,405.1682608695652,730.5,404,71,19,this.x2,7,class->block->constructor->block->block_content->expr_stmt->expr->name->name->operator->name
2,164,rectangle_java2.jpg,rectangle_java2.jpg,3177846350,56,867.925,266.3964285714286,863.5,259,10,21,",",1,class->block->decl_stmt
2,164,rectangle_java2.jpg,rectangle_java2.jpg,3178722312,60,822.5353333333334,240.654,813.5,222,10,21,{,1,class->block
2,164,rectangle_java2.jpg,rectangle_java2.jpg,3178878281,60,803.5313333333334,248.8313333333333,785.5,259,23,21,x1,2,class->block->decl_stmt->decl->name
2,164,rectangle_java2.jpg,rectangle_java2.jpg,3178878281,60,803.5313333333334,248.8313333333333,815.5,259,10,21,",",1,class->block->decl_stmt
2,164,rectangle_java2.jpg,rectangle_java2.jpg,3179158565,168,742.4557142857143,239.89238095238096,715.5,222,90,21,Rectangle,9,class->name
2,164,rectangle_java2.jpg,rectangle_java2.jpg,3179638299,72,757.66,228.60722222222222,715.5,222,90,21,Rectangle,9,class->name
2,164,rectangle_java2.jpg,rectangle_java2.jpg,3182438003,60,757.184,242.324,715.5,222,90,21,Rectangle,9,class->name
2,164,rectangle_java2.jpg,rectangle_java2.jpg,3182678035,56,800.9292857142857,254.75714285714287,785.5,259,23,21,x1,2,class->block->decl_stmt->decl->name
2,164,rectangle_java2.jpg,rectangle_java2.jpg,3182741961,60,811.6266666666667,210.85199999999998,813.5,222,10,21,{,1,class->block
