trial,participant,code_file,code_language,timestamp,duration,x_cord,y_cord,aoi_x,aoi_y,aoi_width,aoi_height,token,length,srcML
2,163,rectangle_java2.jpg,rectangle_java2.jpg,16416174189,104,837.8988461538462,309.9326923076923,837.5,295,9,21,(,1,class->block->constructor->parameter_list
2,163,rectangle_java2.jpg,rectangle_java2.jpg,16416238181,60,844.9366666666667,327.502,826.5,331,23,19,x1,2,class->block->constructor->block->block_content->expr_stmt->expr->name->name
2,163,rectangle_java2.jpg,rectangle_java2.jpg,16416238181,60,844.9366666666667,327.502,856.5,331,10,19,;,1,class->block->constructor->block->block_content->expr_stmt
2,163,rectangle_java2.jpg,rectangle_java2.jpg,16426193535,68,785.4858823529412,218.7017647058824,715.5,222,90,21,Rectangle,9,class->name
2,163,rectangle_java2.jpg,rectangle_java2.jpg,16426337395,140,798.1491428571428,229.16742857142856,715.5,222,90,21,Rectangle,9,class->name
2,163,rectangle_java2.jpg,rectangle_java2.jpg,16428273264,144,774.7663888888889,230.58972222222224,715.5,222,90,21,Rectangle,9,class->name
2,163,rectangle_java2.jpg,rectangle_java2.jpg,16428369218,68,707.3076470588235,224.23823529411766,657.5,222,52,21,class,5,class
2,163,rectangle_java2.jpg,rectangle_java2.jpg,16428369218,68,707.3076470588235,224.23823529411766,715.5,222,90,21,Rectangle,9,class->name
2,163,rectangle_java2.jpg,rectangle_java2.jpg,16428513057,140,706.1577142857143,222.618,657.5,222,52,21,class,5,class
2,163,rectangle_java2.jpg,rectangle_java2.jpg,16428513057,140,706.1577142857143,222.618,715.5,222,90,21,Rectangle,9,class->name
2,163,rectangle_java2.jpg,rectangle_java2.jpg,16428821135,280,787.5371428571428,250.81685714285715,785.5,259,23,21,x1,2,class->block->decl_stmt->decl->name
2,163,rectangle_java2.jpg,rectangle_java2.jpg,16428937170,112,761.4978571428571,252.06607142857143,747.5,259,33,21,int,3,class->block->decl_stmt->decl->type->name
2,163,rectangle_java2.jpg,rectangle_java2.jpg,16429209176,184,897.1430434782609,248.72326086956525,881.5,259,23,21,x2,2,class->block->decl_stmt->decl->name
2,163,rectangle_java2.jpg,rectangle_java2.jpg,16429365149,152,904.9744736842106,248.08184210526315,911.5,259,10,21,",",1,class->block->decl_stmt
2,163,rectangle_java2.jpg,rectangle_java2.jpg,16429581091,200,776.0086,252.11059999999998,747.5,259,33,21,int,3,class->block->decl_stmt->decl->type->name
2,163,rectangle_java2.jpg,rectangle_java2.jpg,16429581091,200,776.0086,252.11059999999998,785.5,259,23,21,x1,2,class->block->decl_stmt->decl->name
2,163,rectangle_java2.jpg,rectangle_java2.jpg,16429781141,160,739.8942499999999,249.9525,669.5,259,72,21,private,7,class->block->decl_stmt->decl->type->specifier
2,163,rectangle_java2.jpg,rectangle_java2.jpg,16429781141,160,739.8942499999999,249.9525,747.5,259,33,21,int,3,class->block->decl_stmt->decl->type->name
2,163,rectangle_java2.jpg,rectangle_java2.jpg,16430077192,224,825.7273214285715,257.80410714285716,833.5,259,23,21,y1,2,class->block->decl_stmt->decl->name
2,163,rectangle_java2.jpg,rectangle_java2.jpg,16430569014,104,775.531923076923,288.9526923076923,737.5,295,91,21,Rectangle,9,class->block->constructor->name
2,163,rectangle_java2.jpg,rectangle_java2.jpg,16430693022,120,777.3646666666666,275.915,747.5,259,33,21,int,3,class->block->decl_stmt->decl->type->name
2,163,rectangle_java2.jpg,rectangle_java2.jpg,16430693022,120,777.3646666666666,275.915,785.5,259,23,21,x1,2,class->block->decl_stmt->decl->name
2,163,rectangle_java2.jpg,rectangle_java2.jpg,16430913078,196,853.7173469387756,285.81265306122447,853.5,295,32,21,int,3,class->block->constructor->parameter_list->parameter->decl->type->name
2,163,rectangle_java2.jpg,rectangle_java2.jpg,16431173015,192,748.7672916666667,285.13354166666664,737.5,295,91,21,Rectangle,9,class->block->constructor->name
2,163,rectangle_java2.jpg,rectangle_java2.jpg,16431356988,152,807.9213157894737,287.775,737.5,295,91,21,Rectangle,9,class->block->constructor->name
2,163,rectangle_java2.jpg,rectangle_java2.jpg,16431428991,68,810.6929411764706,288.67411764705884,737.5,295,91,21,Rectangle,9,class->block->constructor->name
2,163,rectangle_java2.jpg,rectangle_java2.jpg,16431548899,100,867.348,296.3468,853.5,295,32,21,int,3,class->block->constructor->parameter_list->parameter->decl->type->name
2,163,rectangle_java2.jpg,rectangle_java2.jpg,16431684733,132,864.8175757575758,288.38272727272727,853.5,295,32,21,int,3,class->block->constructor->parameter_list->parameter->decl->type->name
2,163,rectangle_java2.jpg,rectangle_java2.jpg,16431760961,72,860.345,298.74666666666667,853.5,295,32,21,int,3,class->block->constructor->parameter_list->parameter->decl->type->name
2,163,rectangle_java2.jpg,rectangle_java2.jpg,16432188903,148,782.8472972972972,302.0421621621622,737.5,295,91,21,Rectangle,9,class->block->constructor->name
2,163,rectangle_java2.jpg,rectangle_java2.jpg,16432460919,192,828.3216666666667,312.29020833333334,737.5,295,91,21,Rectangle,9,class->block->constructor->name
2,163,rectangle_java2.jpg,rectangle_java2.jpg,16432460919,192,828.3216666666667,312.29020833333334,837.5,295,9,21,(,1,class->block->constructor->parameter_list
2,163,rectangle_java2.jpg,rectangle_java2.jpg,16432596910,96,869.2895833333333,313.97583333333336,853.5,295,32,21,int,3,class->block->constructor->parameter_list->parameter->decl->type->name
2,163,rectangle_java2.jpg,rectangle_java2.jpg,16432852884,236,764.9991525423728,332.23610169491525,730.5,331,71,19,this.x1,7,class->block->constructor->block->block_content->expr_stmt->expr->name->name->operator->name
2,163,rectangle_java2.jpg,rectangle_java2.jpg,16433116876,228,819.0598245614035,326.21771929824564,806.5,331,15,19,=,1,class->block->constructor->block->block_content->expr_stmt->expr->operator
2,163,rectangle_java2.jpg,rectangle_java2.jpg,16433116876,228,819.0598245614035,326.21771929824564,826.5,331,23,19,x1,2,class->block->constructor->block->block_content->expr_stmt->expr->name->name
2,163,rectangle_java2.jpg,rectangle_java2.jpg,16433428749,136,891.2005882352942,315.845,890.5,295,24,21,x1,2,class->block->constructor->parameter_list->parameter->decl->type->name
2,163,rectangle_java2.jpg,rectangle_java2.jpg,16433820780,64,922.3875,304.458125,921.5,295,9,21,",",1,class->block->constructor->parameter_list
2,163,rectangle_java2.jpg,rectangle_java2.jpg,16434236763,216,789.6388888888889,313.59333333333336,737.5,295,91,21,Rectangle,9,class->block->constructor->name
2,163,rectangle_java2.jpg,rectangle_java2.jpg,16435080913,168,786.4792857142858,357.7502380952381,730.5,367,71,21,this.y1,7,class->block->constructor->block->block_content->expr_stmt->expr->name->name->operator->name
2,163,rectangle_java2.jpg,rectangle_java2.jpg,16435964612,160,730.93075,442.28075,730.5,440,71,21,this.y2,7,class->block->constructor->block->block_content->expr_stmt->expr->name->name->operator->name
2,163,rectangle_java2.jpg,rectangle_java2.jpg,16436632474,176,816.7754545454545,447.1470454545454,806.5,440,15,21,=,1,class->block->constructor->block->block_content->expr_stmt->expr->operator
2,163,rectangle_java2.jpg,rectangle_java2.jpg,16436632474,176,816.7754545454545,447.1470454545454,826.5,440,23,21,y2,2,class->block->constructor->block->block_content->expr_stmt->expr->name->name
2,163,rectangle_java2.jpg,rectangle_java2.jpg,16437428529,60,860.7139999999999,418.01733333333334,856.5,404,10,19,;,1,class->block->constructor->block->block_content->expr_stmt
2,163,rectangle_java2.jpg,rectangle_java2.jpg,16437560538,128,857.1240625,434.49906250000004,856.5,440,10,21,;,1,class->block->constructor->block->block_content->expr_stmt
2,163,rectangle_java2.jpg,rectangle_java2.jpg,16437820479,220,826.2825454545455,449.2318181818182,826.5,440,23,21,y2,2,class->block->constructor->block->block_content->expr_stmt->expr->name->name
2,163,rectangle_java2.jpg,rectangle_java2.jpg,16439880218,188,741.6474468085106,455.59085106382986,730.5,440,71,21,this.y2,7,class->block->constructor->block->block_content->expr_stmt->expr->name->name->operator->name
2,163,rectangle_java2.jpg,rectangle_java2.jpg,16442124168,56,963.25,504.1514285714286,958.5,512,71,21,this.x2,7,class->block->function->block->block_content->return->expr->name->name->operator->name->operator
2,163,rectangle_java2.jpg,rectangle_java2.jpg,16442492084,156,857.9958974358974,542.4264102564102,863.5,549,9,21,),1,class->block->function->parameter_list
2,163,rectangle_java2.jpg,rectangle_java2.jpg,16442635863,80,965.362,527.603,958.5,512,71,21,this.x2,7,class->block->function->block->block_content->return->expr->name->name->operator->name->operator
2,163,rectangle_java2.jpg,rectangle_java2.jpg,16442835906,164,1102.9936585365854,537.4253658536585,1064.5,549,71,21,this.y1,7,class->block->function->block->block_content->return->expr->name->name->operator->name
2,163,rectangle_java2.jpg,rectangle_java2.jpg,16442935974,64,1057.323125,525.07375,1054.5,512,71,21,this.x1,7,class->block->function->block->block_content->return->expr->name->name->operator->name
2,163,rectangle_java2.jpg,rectangle_java2.jpg,16443148012,152,1056.3042105263157,530.7686842105263,1054.5,512,71,21,this.x1,7,class->block->function->block->block_content->return->expr->name->name->operator->name
2,163,rectangle_java2.jpg,rectangle_java2.jpg,16443239995,88,1046.4545454545455,538.5090909090909,1045.5,549,13,21,-,1,class->block->function->block->block_content->return->expr->operator
2,163,rectangle_java2.jpg,rectangle_java2.jpg,16443635941,88,769.2340909090909,564.3990909090909,737.5,549,33,21,int,3,class->block->function->type->name
2,163,rectangle_java2.jpg,rectangle_java2.jpg,16443635941,88,769.2340909090909,564.3990909090909,775.5,549,62,21,height,6,class->block->function->name
2,163,rectangle_java2.jpg,rectangle_java2.jpg,16443735951,80,778.808,572.727,737.5,585,62,21,double,6,class->block->function->type->name
2,163,rectangle_java2.jpg,rectangle_java2.jpg,16443799971,60,785.7426666666667,569.1973333333333,775.5,549,62,21,height,6,class->block->function->name
2,163,rectangle_java2.jpg,rectangle_java2.jpg,16444171998,64,809.59,635.366875,804.5,621,44,21,void,4,class->block->function->type->name
2,163,rectangle_java2.jpg,rectangle_java2.jpg,16444335851,160,810.645,650.69175,730.5,658,91,20,Rectangle,9,class->block->function->block->block_content->decl_stmt->decl->type->name
2,163,rectangle_java2.jpg,rectangle_java2.jpg,16444407843,68,817.0694117647059,639.9605882352942,804.5,621,44,21,void,4,class->block->function->type->name
2,163,rectangle_java2.jpg,rectangle_java2.jpg,16444499833,76,860.9926315789473,653.3821052631579,826.5,658,52,20,rect1,5,class->block->function->block->block_content->decl_stmt->decl->name
2,163,rectangle_java2.jpg,rectangle_java2.jpg,16444935774,212,801.8960377358491,453.38245283018864,806.5,440,15,21,=,1,class->block->constructor->block->block_content->expr_stmt->expr->operator
2,163,rectangle_java2.jpg,rectangle_java2.jpg,16445903617,152,1094.3034210526316,506.9594736842105,1054.5,512,71,21,this.x1,7,class->block->function->block->block_content->return->expr->name->name->operator->name
2,163,rectangle_java2.jpg,rectangle_java2.jpg,16447615567,56,785.1428571428571,448.4100000000001,730.5,440,71,21,this.y2,7,class->block->constructor->block->block_content->expr_stmt->expr->name->name->operator->name
2,163,rectangle_java2.jpg,rectangle_java2.jpg,16447835597,176,865.9375,451.72136363636366,856.5,440,10,21,;,1,class->block->constructor->block->block_content->expr_stmt
2,163,rectangle_java2.jpg,rectangle_java2.jpg,16448075551,200,835.5178,448.8202,826.5,440,23,21,y2,2,class->block->constructor->block->block_content->expr_stmt->expr->name->name
2,163,rectangle_java2.jpg,rectangle_java2.jpg,16448295574,68,807.39,505.22,775.5,512,53,21,width,5,class->block->function->name
2,163,rectangle_java2.jpg,rectangle_java2.jpg,16448695599,148,853.0202702702703,445.60513513513513,856.5,440,10,21,;,1,class->block->constructor->block->block_content->expr_stmt
2,163,rectangle_java2.jpg,rectangle_java2.jpg,16452451210,72,975.2488888888889,501.73833333333334,958.5,512,71,21,this.x2,7,class->block->function->block->block_content->return->expr->name->name->operator->name->operator
2,163,rectangle_java2.jpg,rectangle_java2.jpg,16452527210,72,969.1672222222222,507.46888888888884,958.5,512,71,21,this.x2,7,class->block->function->block->block_content->return->expr->name->name->operator->name->operator
2,163,rectangle_java2.jpg,rectangle_java2.jpg,16452675179,96,1071.4945833333334,501.01958333333334,1054.5,512,71,21,this.x1,7,class->block->function->block->block_content->return->expr->name->name->operator->name
2,163,rectangle_java2.jpg,rectangle_java2.jpg,16452911255,232,1070.07,502.1479310344828,1054.5,512,71,21,this.x1,7,class->block->function->block->block_content->return->expr->name->name->operator->name
2,163,rectangle_java2.jpg,rectangle_java2.jpg,16453127519,188,1105.3117021276596,505.48297872340424,1054.5,512,71,21,this.x1,7,class->block->function->block->block_content->return->expr->name->name->operator->name
2,163,rectangle_java2.jpg,rectangle_java2.jpg,16453587108,200,1161.5238,511.65100000000007,1152.5,512,10,21,},1,class->block
2,163,rectangle_java2.jpg,rectangle_java2.jpg,16453979062,112,1013.9157142857143,526.5485714285714,958.5,512,71,21,this.x2,7,class->block->function->block->block_content->return->expr->name->name->operator->name->operator
2,163,rectangle_java2.jpg,rectangle_java2.jpg,16454415025,100,769.6392,511.818,737.5,512,33,21,int,3,class->block->function->type->name
2,163,rectangle_java2.jpg,rectangle_java2.jpg,16454415025,100,769.6392,511.818,775.5,512,53,21,width,5,class->block->function->name
2,163,rectangle_java2.jpg,rectangle_java2.jpg,16454874989,92,859.01,504.4465217391305,854.5,512,9,21,),1,class->block->function->parameter_list
2,163,rectangle_java2.jpg,rectangle_java2.jpg,16455155040,276,862.232463768116,511.85942028985505,854.5,512,9,21,),1,class->block->function->parameter_list
2,163,rectangle_java2.jpg,rectangle_java2.jpg,16455155040,276,862.232463768116,511.85942028985505,874.5,512,10,21,{,1,class->block->function->block
2,163,rectangle_java2.jpg,rectangle_java2.jpg,16455294948,84,763.4380952380952,513.4666666666667,737.5,512,33,21,int,3,class->block->function->type->name
2,163,rectangle_java2.jpg,rectangle_java2.jpg,16455294948,84,763.4380952380952,513.4666666666667,775.5,512,53,21,width,5,class->block->function->name
2,163,rectangle_java2.jpg,rectangle_java2.jpg,16455526946,64,858.288125,510.89625,854.5,512,9,21,),1,class->block->function->parameter_list
2,163,rectangle_java2.jpg,rectangle_java2.jpg,16455666947,88,862.7190909090909,509.1090909090909,854.5,512,9,21,),1,class->block->function->parameter_list
2,163,rectangle_java2.jpg,rectangle_java2.jpg,16455666947,88,862.7190909090909,509.1090909090909,874.5,512,10,21,{,1,class->block->function->block
2,163,rectangle_java2.jpg,rectangle_java2.jpg,16455726943,56,865.5664285714286,508.355,874.5,512,10,21,{,1,class->block->function->block
2,163,rectangle_java2.jpg,rectangle_java2.jpg,16455878905,148,861.3208108108108,513.5078378378379,854.5,512,9,21,),1,class->block->function->parameter_list
2,163,rectangle_java2.jpg,rectangle_java2.jpg,16456018885,92,895.1265217391305,519.7795652173913,891.5,512,62,21,return,6,class->block->function->block->block_content->return->expr->name->name
2,163,rectangle_java2.jpg,rectangle_java2.jpg,16456198878,176,883.6918181818182,513.2009090909091,874.5,512,10,21,{,1,class->block->function->block
2,163,rectangle_java2.jpg,rectangle_java2.jpg,16456198878,176,883.6918181818182,513.2009090909091,891.5,512,62,21,return,6,class->block->function->block->block_content->return->expr->name->name
2,163,rectangle_java2.jpg,rectangle_java2.jpg,16456294898,92,877.4795652173913,509.2613043478261,874.5,512,10,21,{,1,class->block->function->block
2,163,rectangle_java2.jpg,rectangle_java2.jpg,16456494897,148,943.2916216216216,501.7602702702702,891.5,512,62,21,return,6,class->block->function->block->block_content->return->expr->name->name
2,163,rectangle_java2.jpg,rectangle_java2.jpg,16456882432,204,921.6633333333333,507.98960784313726,891.5,512,62,21,return,6,class->block->function->block->block_content->return->expr->name->name
2,163,rectangle_java2.jpg,rectangle_java2.jpg,16456942503,56,920.0678571428572,524.5235714285715,891.5,512,62,21,return,6,class->block->function->block->block_content->return->expr->name->name
2,163,rectangle_java2.jpg,rectangle_java2.jpg,16458986645,56,1108.755,501.2528571428571,1054.5,512,71,21,this.x1,7,class->block->function->block->block_content->return->expr->name->name->operator->name
2,163,rectangle_java2.jpg,rectangle_java2.jpg,16459126652,136,1098.8882352941177,510.78029411764703,1054.5,512,71,21,this.x1,7,class->block->function->block->block_content->return->expr->name->name->operator->name
2,163,rectangle_java2.jpg,rectangle_java2.jpg,16459246642,116,1132.9258620689654,509.23896551724135,1132.5,512,10,21,;,1,class->block->function->block
2,163,rectangle_java2.jpg,rectangle_java2.jpg,16461218530,120,815.1353333333334,546.2826666666666,775.5,549,62,21,height,6,class->block->function->name
2,163,rectangle_java2.jpg,rectangle_java2.jpg,16461298518,76,822.8373684210526,547.9952631578948,775.5,549,62,21,height,6,class->block->function->name
2,163,rectangle_java2.jpg,rectangle_java2.jpg,16461370440,68,826.6770588235294,532.9770588235294,775.5,512,53,21,width,5,class->block->function->name
2,163,rectangle_java2.jpg,rectangle_java2.jpg,16461370440,68,826.6770588235294,532.9770588235294,837.5,512,9,21,(,1,class->block->function->parameter_list
2,163,rectangle_java2.jpg,rectangle_java2.jpg,16461666323,80,900.1245,526.2865,891.5,512,62,21,return,6,class->block->function->block->block_content->return->expr->name->name
2,163,rectangle_java2.jpg,rectangle_java2.jpg,16461978311,148,895.1432432432432,540.1275675675676,900.5,549,63,21,return,6,class->block->function->block->block_content->return
2,163,rectangle_java2.jpg,rectangle_java2.jpg,16462242377,204,977.3017647058823,539.7598039215686,968.5,549,70,21,this.y2,7,class->block->function->block->block_content->return->expr->name->name->operator->name
2,163,rectangle_java2.jpg,rectangle_java2.jpg,16462414396,136,953.895,538.6447058823529,900.5,549,63,21,return,6,class->block->function->block->block_content->return
2,163,rectangle_java2.jpg,rectangle_java2.jpg,16462574393,76,1032.187894736842,600.3173684210526,977.5,585,101,21,this.width,10,class->block->function->block->block_content->return->expr->call->name->name->operator->name
2,163,rectangle_java2.jpg,rectangle_java2.jpg,16462770351,116,1062.8731034482757,548.681724137931,1064.5,549,71,21,this.y1,7,class->block->function->block->block_content->return->expr->name->name->operator->name
2,163,rectangle_java2.jpg,rectangle_java2.jpg,16462950326,176,1064.5997727272727,544.4863636363636,1064.5,549,71,21,this.y1,7,class->block->function->block->block_content->return->expr->name->name->operator->name
2,163,rectangle_java2.jpg,rectangle_java2.jpg,16463110259,156,1048.3866666666668,544.8833333333333,1045.5,549,13,21,-,1,class->block->function->block->block_content->return->expr->operator
2,163,rectangle_java2.jpg,rectangle_java2.jpg,16463337834,192,1130.3302083333333,545.3064583333334,1064.5,549,71,21,this.y1,7,class->block->function->block->block_content->return->expr->name->name->operator->name
2,163,rectangle_java2.jpg,rectangle_java2.jpg,16463337834,192,1130.3302083333333,545.3064583333334,1142.5,549,10,21,;,1,class->block->function->block->block_content->return
2,163,rectangle_java2.jpg,rectangle_java2.jpg,16463546157,156,1090.0276923076924,549.994358974359,1064.5,549,71,21,this.y1,7,class->block->function->block->block_content->return->expr->name->name->operator->name
2,163,rectangle_java2.jpg,rectangle_java2.jpg,16463658201,108,1093.9222222222222,552.4662962962963,1064.5,549,71,21,this.y1,7,class->block->function->block->block_content->return->expr->name->name->operator->name
2,163,rectangle_java2.jpg,rectangle_java2.jpg,16463754229,92,1094.986956521739,546.8682608695652,1064.5,549,71,21,this.y1,7,class->block->function->block->block_content->return->expr->name->name->operator->name
2,163,rectangle_java2.jpg,rectangle_java2.jpg,16463954260,168,1037.0614285714287,550.3933333333333,968.5,549,70,21,this.y2,7,class->block->function->block->block_content->return->expr->name->name->operator->name
2,163,rectangle_java2.jpg,rectangle_java2.jpg,16463954260,168,1037.0614285714287,550.3933333333333,1045.5,549,13,21,-,1,class->block->function->block->block_content->return->expr->operator
2,163,rectangle_java2.jpg,rectangle_java2.jpg,16464134261,156,1099.2528205128206,541.7258974358974,1064.5,549,71,21,this.y1,7,class->block->function->block->block_content->return->expr->name->name->operator->name
2,163,rectangle_java2.jpg,rectangle_java2.jpg,16464354267,160,1169.956,551.3295,1161.5,549,10,21,},1,class->block->function->block
2,163,rectangle_java2.jpg,rectangle_java2.jpg,16464598034,72,851.8588888888889,558.6144444444444,846.5,549,10,21,(,1,class->block->function->parameter_list
2,163,rectangle_java2.jpg,rectangle_java2.jpg,16464598034,72,851.8588888888889,558.6144444444444,863.5,549,9,21,),1,class->block->function->parameter_list
2,163,rectangle_java2.jpg,rectangle_java2.jpg,16464970110,104,1061.981923076923,518.1453846153846,1054.5,512,71,21,this.x1,7,class->block->function->block->block_content->return->expr->name->name->operator->name
2,163,rectangle_java2.jpg,rectangle_java2.jpg,16465038112,64,1065.173125,508.98125000000005,1054.5,512,71,21,this.x1,7,class->block->function->block->block_content->return->expr->name->name->operator->name
2,163,rectangle_java2.jpg,rectangle_java2.jpg,16465282119,220,1129.7074545454545,516.8694545454546,1132.5,512,10,21,;,1,class->block->function->block
2,163,rectangle_java2.jpg,rectangle_java2.jpg,16465490086,204,1150.4323529411765,512.55,1152.5,512,10,21,},1,class->block
2,163,rectangle_java2.jpg,rectangle_java2.jpg,16465618080,124,1148.6964516129033,505.2748387096774,1152.5,512,10,21,},1,class->block
2,163,rectangle_java2.jpg,rectangle_java2.jpg,16465758084,96,887.4979166666667,505.54583333333335,891.5,512,62,21,return,6,class->block->function->block->block_content->return->expr->name->name
2,163,rectangle_java2.jpg,rectangle_java2.jpg,16465834097,72,893.8872222222222,501.61333333333334,891.5,512,62,21,return,6,class->block->function->block->block_content->return->expr->name->name
2,163,rectangle_java2.jpg,rectangle_java2.jpg,16466637961,148,1024.4356756756756,501.7356756756757,958.5,512,71,21,this.x2,7,class->block->function->block->block_content->return->expr->name->name->operator->name->operator
2,163,rectangle_java2.jpg,rectangle_java2.jpg,16466637961,148,1024.4356756756756,501.7356756756757,1035.5,512,13,21,-,1,class->block->function->block->block_content->return->expr->name->name
2,163,rectangle_java2.jpg,rectangle_java2.jpg,16468289840,140,938.962,508.0331428571428,891.5,512,62,21,return,6,class->block->function->block->block_content->return->expr->name->name
2,163,rectangle_java2.jpg,rectangle_java2.jpg,16468453824,92,1045.976956521739,508.3995652173912,1035.5,512,13,21,-,1,class->block->function->block->block_content->return->expr->name->name
2,163,rectangle_java2.jpg,rectangle_java2.jpg,16468453824,92,1045.976956521739,508.3995652173912,1054.5,512,71,21,this.x1,7,class->block->function->block->block_content->return->expr->name->name->operator->name
2,163,rectangle_java2.jpg,rectangle_java2.jpg,16468549830,92,1061.3195652173913,500.9204347826087,1054.5,512,71,21,this.x1,7,class->block->function->block->block_content->return->expr->name->name->operator->name
2,163,rectangle_java2.jpg,rectangle_java2.jpg,16469105847,88,876.704090909091,548.2054545454546,883.5,549,10,21,{,1,class->block->function->block
2,163,rectangle_java2.jpg,rectangle_java2.jpg,16469249772,112,906.2689285714285,532.5532142857143,891.5,512,62,21,return,6,class->block->function->block->block_content->return->expr->name->name
2,163,rectangle_java2.jpg,rectangle_java2.jpg,16469445673,168,825.3938095238095,530.3380952380952,775.5,512,53,21,width,5,class->block->function->name
2,163,rectangle_java2.jpg,rectangle_java2.jpg,16469445673,168,825.3938095238095,530.3380952380952,837.5,512,9,21,(,1,class->block->function->parameter_list
2,163,rectangle_java2.jpg,rectangle_java2.jpg,16469649700,72,1019.7305555555556,550.76,968.5,549,70,21,this.y2,7,class->block->function->block->block_content->return->expr->name->name->operator->name
2,163,rectangle_java2.jpg,rectangle_java2.jpg,16469801721,148,1029.0262162162162,562.2062162162163,968.5,549,70,21,this.y2,7,class->block->function->block->block_content->return->expr->name->name->operator->name
2,163,rectangle_java2.jpg,rectangle_java2.jpg,16469953713,132,1094.019696969697,563.9615151515152,1064.5,549,71,21,this.y1,7,class->block->function->block->block_content->return->expr->name->name->operator->name
2,163,rectangle_java2.jpg,rectangle_java2.jpg,16470085700,104,1168.7469230769232,555.2069230769231,1161.5,549,10,21,},1,class->block->function->block
2,163,rectangle_java2.jpg,rectangle_java2.jpg,16470521679,56,997.5521428571428,538.3307142857143,968.5,549,70,21,this.y2,7,class->block->function->block->block_content->return->expr->name->name->operator->name
2,163,rectangle_java2.jpg,rectangle_java2.jpg,16470633708,108,1003.5140740740741,537.0855555555555,968.5,549,70,21,this.y2,7,class->block->function->block->block_content->return->expr->name->name->operator->name
2,163,rectangle_java2.jpg,rectangle_java2.jpg,16470837513,184,794.8545652173913,527.5191304347826,775.5,512,53,21,width,5,class->block->function->name
2,163,rectangle_java2.jpg,rectangle_java2.jpg,16470993438,76,751.7947368421053,604.8047368421053,737.5,585,62,21,double,6,class->block->function->type->name
2,163,rectangle_java2.jpg,rectangle_java2.jpg,16471105544,68,807.1952941176471,603.6905882352942,804.5,585,43,21,area,4,class->block->function->name
2,163,rectangle_java2.jpg,rectangle_java2.jpg,16471966120,172,1095.291395348837,517.0290697674419,1054.5,512,71,21,this.x1,7,class->block->function->block->block_content->return->expr->name->name->operator->name
2,163,rectangle_java2.jpg,rectangle_java2.jpg,16472105666,136,1105.6867647058823,510.83352941176463,1054.5,512,71,21,this.x1,7,class->block->function->block->block_content->return->expr->name->name->operator->name
2,163,rectangle_java2.jpg,rectangle_java2.jpg,16472329572,196,1085.2089795918366,554.5383673469388,1064.5,549,71,21,this.y1,7,class->block->function->block->block_content->return->expr->name->name->operator->name
2,163,rectangle_java2.jpg,rectangle_java2.jpg,16472417450,56,1038.7821428571428,548.0221428571429,1045.5,549,13,21,-,1,class->block->function->block->block_content->return->expr->operator
2,163,rectangle_java2.jpg,rectangle_java2.jpg,16472517305,96,1044.7783333333334,544.8708333333334,1045.5,549,13,21,-,1,class->block->function->block->block_content->return->expr->operator
2,163,rectangle_java2.jpg,rectangle_java2.jpg,16472657370,120,753.2613333333334,560.487,737.5,549,33,21,int,3,class->block->function->type->name
2,163,rectangle_java2.jpg,rectangle_java2.jpg,16473165492,144,847.8561111111111,657.875,826.5,658,52,20,rect1,5,class->block->function->block->block_content->decl_stmt->decl->name
2,163,rectangle_java2.jpg,rectangle_java2.jpg,16473305469,136,843.6094117647059,660.5835294117647,826.5,658,52,20,rect1,5,class->block->function->block->block_content->decl_stmt->decl->name
2,163,rectangle_java2.jpg,rectangle_java2.jpg,16473940877,92,826.6521739130435,658.4869565217391,826.5,658,52,20,rect1,5,class->block->function->block->block_content->decl_stmt->decl->name
2,163,rectangle_java2.jpg,rectangle_java2.jpg,16474113137,168,824.5007142857143,662.3592857142858,826.5,658,52,20,rect1,5,class->block->function->block->block_content->decl_stmt->decl->name
2,163,rectangle_java2.jpg,rectangle_java2.jpg,16474325234,144,924.0958333333333,658.3091666666667,902.5,658,34,20,new,3,class->block->function->block->block_content->decl_stmt->decl->init->expr->operator
2,163,rectangle_java2.jpg,rectangle_java2.jpg,16474557316,60,1076.6793333333333,646.002,1077.5,658,9,20,",",1,class->block->function->block->block_content->decl_stmt->decl->init->expr->call->argument_list
2,163,rectangle_java2.jpg,rectangle_java2.jpg,16474865327,96,1184.7566666666667,650.8983333333333,1182.5,658,22,20,10,2,class->block->function->block->block_content->decl_stmt->decl->init->expr->call->argument_list->argument->expr->literal
2,163,rectangle_java2.jpg,rectangle_java2.jpg,16474997327,92,1006.7665217391304,614.9995652173913,1007.5,621,10,21,],1,class->block->function->parameter_list->parameter->decl->type->name->index
2,163,rectangle_java2.jpg,rectangle_java2.jpg,16475269325,92,1063.233043478261,668.9126086956521,1057.5,658,13,20,0,1,class->block->function->block->block_content->decl_stmt->decl->init->expr->call->argument_list->argument->expr->literal
2,163,rectangle_java2.jpg,rectangle_java2.jpg,16475677119,112,1062.9596428571429,635.6453571428572,1025.5,621,42,21,args,4,class->block->function->parameter_list->parameter->decl->name
2,163,rectangle_java2.jpg,rectangle_java2.jpg,16475677119,112,1062.9596428571429,635.6453571428572,1074.5,621,10,21,),1,class->block->function->parameter_list
2,163,rectangle_java2.jpg,rectangle_java2.jpg,16475801135,64,1056.206875,641.250625,1025.5,621,42,21,args,4,class->block->function->parameter_list->parameter->decl->name
2,163,rectangle_java2.jpg,rectangle_java2.jpg,16476045176,100,781.1224,573.6383999999999,737.5,585,62,21,double,6,class->block->function->type->name
2,163,rectangle_java2.jpg,rectangle_java2.jpg,16476145181,96,791.90375,577.93375,737.5,585,62,21,double,6,class->block->function->type->name
2,163,rectangle_java2.jpg,rectangle_java2.jpg,16476341219,72,1028.7544444444445,624.7938888888889,1025.5,621,42,21,args,4,class->block->function->parameter_list->parameter->decl->name
2,163,rectangle_java2.jpg,rectangle_java2.jpg,16476569233,64,1046.891875,648.013125,1041.5,658,9,20,(,1,class->block->function->block->block_content->decl_stmt->decl->init->expr->call->argument_list
2,163,rectangle_java2.jpg,rectangle_java2.jpg,16476569233,64,1046.891875,648.013125,1057.5,658,13,20,0,1,class->block->function->block->block_content->decl_stmt->decl->init->expr->call->argument_list->argument->expr->literal
2,163,rectangle_java2.jpg,rectangle_java2.jpg,16476661210,88,1048.6068181818182,658.0859090909091,1041.5,658,9,20,(,1,class->block->function->block->block_content->decl_stmt->decl->init->expr->call->argument_list
2,163,rectangle_java2.jpg,rectangle_java2.jpg,16476661210,88,1048.6068181818182,658.0859090909091,1057.5,658,13,20,0,1,class->block->function->block->block_content->decl_stmt->decl->init->expr->call->argument_list->argument->expr->literal
2,163,rectangle_java2.jpg,rectangle_java2.jpg,16476737172,72,1048.5283333333334,659.015,1041.5,658,9,20,(,1,class->block->function->block->block_content->decl_stmt->decl->init->expr->call->argument_list
2,163,rectangle_java2.jpg,rectangle_java2.jpg,16476737172,72,1048.5283333333334,659.015,1057.5,658,13,20,0,1,class->block->function->block->block_content->decl_stmt->decl->init->expr->call->argument_list->argument->expr->literal
2,163,rectangle_java2.jpg,rectangle_java2.jpg,16477065099,84,1051.655238095238,640.9514285714286,1025.5,621,42,21,args,4,class->block->function->parameter_list->parameter->decl->name
2,163,rectangle_java2.jpg,rectangle_java2.jpg,16477141036,72,1044.3144444444445,652.8027777777778,1041.5,658,9,20,(,1,class->block->function->block->block_content->decl_stmt->decl->init->expr->call->argument_list
2,163,rectangle_java2.jpg,rectangle_java2.jpg,16477236943,92,1045.311304347826,656.6052173913043,1041.5,658,9,20,(,1,class->block->function->block->block_content->decl_stmt->decl->init->expr->call->argument_list
2,163,rectangle_java2.jpg,rectangle_java2.jpg,16477236943,92,1045.311304347826,656.6052173913043,1057.5,658,13,20,0,1,class->block->function->block->block_content->decl_stmt->decl->init->expr->call->argument_list->argument->expr->literal
2,163,rectangle_java2.jpg,rectangle_java2.jpg,16477348955,108,1040.9574074074073,660.6714814814815,1041.5,658,9,20,(,1,class->block->function->block->block_content->decl_stmt->decl->init->expr->call->argument_list
2,163,rectangle_java2.jpg,rectangle_java2.jpg,16479736989,84,893.7233333333334,664.4728571428572,883.5,658,15,20,=,1,class->block->function->block->block_content->decl_stmt->decl->init
2,163,rectangle_java2.jpg,rectangle_java2.jpg,16479736989,84,893.7233333333334,664.4728571428572,902.5,658,34,20,new,3,class->block->function->block->block_content->decl_stmt->decl->init->expr->operator
2,163,rectangle_java2.jpg,rectangle_java2.jpg,16480029047,72,832.3888888888889,692.5344444444445,730.5,694,177,21,System.out.println,18,class->block->function->block->block_content->expr_stmt->expr->call->name->name->operator->name->operator->name
2,163,rectangle_java2.jpg,rectangle_java2.jpg,16480660342,72,858.7505555555556,712.0688888888889,730.5,694,177,21,System.out.println,18,class->block->function->block->block_content->expr_stmt->expr->call->name->name->operator->name->operator->name
2,163,rectangle_java2.jpg,rectangle_java2.jpg,16480724218,60,875.388,720.0113333333334,826.5,731,51,20,rect2,5,class->block->function->block->block_content->decl_stmt->decl->name
2,163,rectangle_java2.jpg,rectangle_java2.jpg,16480724218,60,875.388,720.0113333333334,883.5,731,15,20,=,1,class->block->function->block->block_content->decl_stmt->decl->init
2,163,rectangle_java2.jpg,rectangle_java2.jpg,16480836497,108,875.1744444444445,733.497037037037,826.5,731,51,20,rect2,5,class->block->function->block->block_content->decl_stmt->decl->name
2,163,rectangle_java2.jpg,rectangle_java2.jpg,16480836497,108,875.1744444444445,733.497037037037,883.5,731,15,20,=,1,class->block->function->block->block_content->decl_stmt->decl->init
2,163,rectangle_java2.jpg,rectangle_java2.jpg,16481052761,84,966.5609523809524,764.4195238095238,932.5,766,100,21,rect2.area,10,class->block->function->block->block_content->expr_stmt->expr->call->argument_list->argument->expr->call->name->name->operator->name
2,163,rectangle_java2.jpg,rectangle_java2.jpg,16481124750,68,997.2382352941177,769.6841176470589,932.5,766,100,21,rect2.area,10,class->block->function->block->block_content->expr_stmt->expr->call->argument_list->argument->expr->call->name->name->operator->name
2,163,rectangle_java2.jpg,rectangle_java2.jpg,16481188749,60,998.2206666666667,776.4686666666666,932.5,766,100,21,rect2.area,10,class->block->function->block->block_content->expr_stmt->expr->call->argument_list->argument->expr->call->name->name->operator->name
2,163,rectangle_java2.jpg,rectangle_java2.jpg,16481336752,144,996.1302777777778,782.6411111111111,932.5,766,100,21,rect2.area,10,class->block->function->block->block_content->expr_stmt->expr->call->argument_list->argument->expr->call->name->name->operator->name
