trial,participant,code_file,code_language,timestamp,duration,x_cord,y_cord,aoi_x,aoi_y,aoi_width,aoi_height,token,length,srcML
2,19,rectangle_java2.jpg,rectangle_java2.jpg,2849277777,76,746.8547368421052,436.888947368421,730.5,440,71,21,this.y2,7,class->block->constructor->block->block_content->expr_stmt->expr->name->name->operator->name
2,19,rectangle_java2.jpg,rectangle_java2.jpg,2849357735,76,757.7305263157895,433.37947368421055,730.5,440,71,21,this.y2,7,class->block->constructor->block->block_content->expr_stmt->expr->name->name->operator->name
2,19,rectangle_java2.jpg,rectangle_java2.jpg,2854967902,92,731.8591304347826,326.7882608695652,730.5,331,71,19,this.x1,7,class->block->constructor->block->block_content->expr_stmt->expr->name->name->operator->name
2,19,rectangle_java2.jpg,rectangle_java2.jpg,2855788843,76,808.2157894736843,229.26210526315788,813.5,222,10,21,{,1,class->block
2,19,rectangle_java2.jpg,rectangle_java2.jpg,2857464704,56,718.9635714285714,415.1085714285714,730.5,404,71,19,this.x2,7,class->block->constructor->block->block_content->expr_stmt->expr->name->name->operator->name
2,19,rectangle_java2.jpg,rectangle_java2.jpg,2858008757,76,734.4915789473685,408.8457894736842,730.5,404,71,19,this.x2,7,class->block->constructor->block->block_content->expr_stmt->expr->name->name->operator->name
2,19,rectangle_java2.jpg,rectangle_java2.jpg,2858088736,64,728.036875,392.81,730.5,404,71,19,this.x2,7,class->block->constructor->block->block_content->expr_stmt->expr->name->name->operator->name
2,19,rectangle_java2.jpg,rectangle_java2.jpg,2858148724,56,732.0235714285715,383.75714285714287,730.5,367,71,21,this.y1,7,class->block->constructor->block->block_content->expr_stmt->expr->name->name->operator->name
2,19,rectangle_java2.jpg,rectangle_java2.jpg,2858348710,60,796.1633333333333,276.00866666666667,785.5,259,23,21,x1,2,class->block->decl_stmt->decl->name
2,19,rectangle_java2.jpg,rectangle_java2.jpg,2858604592,152,725.1478947368421,255.7292105263158,669.5,259,72,21,private,7,class->block->decl_stmt->decl->type->specifier
2,19,rectangle_java2.jpg,rectangle_java2.jpg,2858884606,72,907.0177777777778,279.2788888888889,911.5,259,10,21,",",1,class->block->decl_stmt
2,19,rectangle_java2.jpg,rectangle_java2.jpg,2859020612,60,709.04,255.16666666666663,669.5,259,72,21,private,7,class->block->decl_stmt->decl->type->specifier
2,19,rectangle_java2.jpg,rectangle_java2.jpg,2859092616,68,706.2988235294117,270.84,669.5,259,72,21,private,7,class->block->decl_stmt->decl->type->specifier
2,19,rectangle_java2.jpg,rectangle_java2.jpg,2859288557,80,921.37,290.952,921.5,295,9,21,",",1,class->block->constructor->parameter_list
2,19,rectangle_java2.jpg,rectangle_java2.jpg,2859368539,76,921.7821052631579,287.0342105263158,921.5,295,9,21,",",1,class->block->constructor->parameter_list
2,19,rectangle_java2.jpg,rectangle_java2.jpg,2859468569,56,923.7007142857143,278.95642857142855,929.5,259,23,21,y2,2,class->block->decl_stmt->decl->name
2,19,rectangle_java2.jpg,rectangle_java2.jpg,2859728565,84,945.9266666666666,276.9457142857143,929.5,259,23,21,y2,2,class->block->decl_stmt->decl->name
2,19,rectangle_java2.jpg,rectangle_java2.jpg,2860416459,60,733.292,508.87666666666667,737.5,512,33,21,int,3,class->block->function->type->name
2,19,rectangle_java2.jpg,rectangle_java2.jpg,2862484430,92,961.7195652173913,517.1952173913044,958.5,512,71,21,this.x2,7,class->block->function->block->block_content->return->expr->name->name->operator->name->operator
2,19,rectangle_java2.jpg,rectangle_java2.jpg,2862556485,68,948.179411764706,525.3241176470589,891.5,512,62,21,return,6,class->block->function->block->block_content->return->expr->name->name
2,19,rectangle_java2.jpg,rectangle_java2.jpg,2862556485,68,948.179411764706,525.3241176470589,958.5,512,71,21,this.x2,7,class->block->function->block->block_content->return->expr->name->name->operator->name->operator
2,19,rectangle_java2.jpg,rectangle_java2.jpg,2862788334,76,1011.0494736842105,519.1547368421053,958.5,512,71,21,this.x2,7,class->block->function->block->block_content->return->expr->name->name->operator->name->operator
2,19,rectangle_java2.jpg,rectangle_java2.jpg,2862876336,84,1014.3304761904761,526.0909523809523,958.5,512,71,21,this.x2,7,class->block->function->block->block_content->return->expr->name->name->operator->name->operator
2,19,rectangle_java2.jpg,rectangle_java2.jpg,2862936280,56,1048.6957142857143,530.1014285714285,1054.5,512,71,21,this.x1,7,class->block->function->block->block_content->return->expr->name->name->operator->name
2,19,rectangle_java2.jpg,rectangle_java2.jpg,2863084110,144,1051.9788888888888,524.4641666666666,1054.5,512,71,21,this.x1,7,class->block->function->block->block_content->return->expr->name->name->operator->name
2,19,rectangle_java2.jpg,rectangle_java2.jpg,2863268137,180,1022.9673333333334,527.9206666666666,958.5,512,71,21,this.x2,7,class->block->function->block->block_content->return->expr->name->name->operator->name->operator
2,19,rectangle_java2.jpg,rectangle_java2.jpg,2864532224,140,747.1991428571429,567.5688571428572,737.5,549,33,21,int,3,class->block->function->type->name
2,19,rectangle_java2.jpg,rectangle_java2.jpg,2864791924,144,973.9991666666667,569.4544444444444,968.5,549,70,21,this.y2,7,class->block->function->block->block_content->return->expr->name->name->operator->name
2,19,rectangle_java2.jpg,rectangle_java2.jpg,2865020067,80,741.017,565.7285,737.5,549,33,21,int,3,class->block->function->type->name
2,19,rectangle_java2.jpg,rectangle_java2.jpg,2865116070,92,750.9569565217391,559.8008695652173,737.5,549,33,21,int,3,class->block->function->type->name
2,19,rectangle_java2.jpg,rectangle_java2.jpg,2865352087,92,758.7930434782609,596.4786956521739,737.5,585,62,21,double,6,class->block->function->type->name
2,19,rectangle_java2.jpg,rectangle_java2.jpg,2865492088,88,757.275,594.0427272727272,737.5,585,62,21,double,6,class->block->function->type->name
2,19,rectangle_java2.jpg,rectangle_java2.jpg,2865696035,68,1011.1258823529412,566.7023529411765,968.5,549,70,21,this.y2,7,class->block->function->block->block_content->return->expr->name->name->operator->name
2,19,rectangle_java2.jpg,rectangle_java2.jpg,2866076062,108,1090.7848148148148,531.0370370370371,1054.5,512,71,21,this.x1,7,class->block->function->block->block_content->return->expr->name->name->operator->name
2,19,rectangle_java2.jpg,rectangle_java2.jpg,2866411945,76,1154.8631578947368,580.4668421052631,1140.5,585,110,21,this.height,11,class->block->function->block->block_content->return->expr->call->name->name->operator->name
2,19,rectangle_java2.jpg,rectangle_java2.jpg,2866603957,120,1148.6163333333334,587.16,1140.5,585,110,21,this.height,11,class->block->function->block->block_content->return->expr->call->name->name->operator->name
2,19,rectangle_java2.jpg,rectangle_java2.jpg,2866956009,132,775.3272727272728,654.8142424242424,730.5,658,91,20,Rectangle,9,class->block->function->block->block_content->decl_stmt->decl->type->name
2,19,rectangle_java2.jpg,rectangle_java2.jpg,2867072079,112,738.1471428571429,660.6857142857143,730.5,658,91,20,Rectangle,9,class->block->function->block->block_content->decl_stmt->decl->type->name
2,19,rectangle_java2.jpg,rectangle_java2.jpg,2867152136,76,736.3726315789473,671.3510526315789,730.5,658,91,20,Rectangle,9,class->block->function->block->block_content->decl_stmt->decl->type->name
2,19,rectangle_java2.jpg,rectangle_java2.jpg,2867216175,60,752.86,649.994,730.5,658,91,20,Rectangle,9,class->block->function->block->block_content->decl_stmt->decl->type->name
2,19,rectangle_java2.jpg,rectangle_java2.jpg,2867376018,88,790.0322727272727,659.4795454545455,730.5,658,91,20,Rectangle,9,class->block->function->block->block_content->decl_stmt->decl->type->name
2,19,rectangle_java2.jpg,rectangle_java2.jpg,2867467981,88,788.9104545454545,656.4213636363636,730.5,658,91,20,Rectangle,9,class->block->function->block->block_content->decl_stmt->decl->type->name
2,19,rectangle_java2.jpg,rectangle_java2.jpg,2867631942,136,958.3335294117647,650.2032352941177,941.5,658,91,20,Rectangle,9,class->block->function->block->block_content->decl_stmt->decl->init->expr->call->name
2,19,rectangle_java2.jpg,rectangle_java2.jpg,2867907722,88,696.1868181818181,625.6645454545454,669.5,621,63,21,public,6,class->block->function->type->specifier
2,19,rectangle_java2.jpg,rectangle_java2.jpg,2868235821,64,927.09375,614.92875,920.5,621,62,21,String,6,class->block->function->parameter_list->parameter->decl->type->name->name
2,19,rectangle_java2.jpg,rectangle_java2.jpg,2868351839,92,937.6521739130435,616.9417391304348,920.5,621,62,21,String,6,class->block->function->parameter_list->parameter->decl->type->name->name
2,19,rectangle_java2.jpg,rectangle_java2.jpg,2868491856,64,757.10625,727.7975,730.5,731,91,20,Rectangle,9,class->block->function->block->block_content->decl_stmt->decl->type->name
2,19,rectangle_java2.jpg,rectangle_java2.jpg,2868591878,96,755.4495833333333,722.7533333333333,730.5,731,91,20,Rectangle,9,class->block->function->block->block_content->decl_stmt->decl->type->name
2,19,rectangle_java2.jpg,rectangle_java2.jpg,2869211740,88,1107.5004545454544,669.5722727272728,1095.5,658,13,20,0,1,class->block->function->block->block_content->decl_stmt->decl->init->expr->call->argument_list->argument->expr->literal
2,19,rectangle_java2.jpg,rectangle_java2.jpg,2869211740,88,1107.5004545454544,669.5722727272728,1115.5,658,10,20,",",1,class->block->function->block->block_content->decl_stmt->decl->init->expr->call->argument_list
2,19,rectangle_java2.jpg,rectangle_java2.jpg,2869343680,80,1168.3415,669.7305,1163.5,658,10,20,",",1,class->block->function->block->block_content->decl_stmt->decl->init->expr->call->argument_list
2,19,rectangle_java2.jpg,rectangle_java2.jpg,2869475657,80,1164.3375,668.7655,1163.5,658,10,20,",",1,class->block->function->block->block_content->decl_stmt->decl->init->expr->call->argument_list
2,19,rectangle_java2.jpg,rectangle_java2.jpg,2870183662,72,613.2827777777778,852.7894444444445,612.5,841,10,18,},1,class->block
2,19,rectangle_java2.jpg,rectangle_java2.jpg,2870631693,56,951.1178571428571,682.1628571428572,932.5,694,100,21,rect1.area,10,class->block->function->block->block_content->expr_stmt->expr->call->argument_list->argument->expr->call->name->name->operator->name
2,19,rectangle_java2.jpg,rectangle_java2.jpg,2870695688,60,959.7346666666666,668.718,941.5,658,91,20,Rectangle,9,class->block->function->block->block_content->decl_stmt->decl->init->expr->call->name
2,19,rectangle_java2.jpg,rectangle_java2.jpg,2875872188,212,939.7409433962264,769.2654716981132,932.5,766,100,21,rect2.area,10,class->block->function->block->block_content->expr_stmt->expr->call->argument_list->argument->expr->call->name->name->operator->name
2,19,rectangle_java2.jpg,rectangle_java2.jpg,2875948133,72,936.1733333333333,778.5022222222223,932.5,766,100,21,rect2.area,10,class->block->function->block->block_content->expr_stmt->expr->call->argument_list->argument->expr->call->name->name->operator->name
2,19,rectangle_java2.jpg,rectangle_java2.jpg,2876100020,120,938.0846666666666,727.2106666666667,941.5,731,91,20,Rectangle,9,class->block->function->block->block_content->decl_stmt->decl->init->expr->call->name
2,19,rectangle_java2.jpg,rectangle_java2.jpg,2876204006,88,1021.0968181818182,738.4681818181818,941.5,731,91,20,Rectangle,9,class->block->function->block->block_content->decl_stmt->decl->init->expr->call->name
2,19,rectangle_java2.jpg,rectangle_java2.jpg,2876380042,80,909.0375,779.5545,916.5,766,9,21,(,1,class->block->function->block->block_content->expr_stmt->expr->call->argument_list
