trial,participant,code_file,code_language,timestamp,duration,x_cord,y_cord,aoi_x,aoi_y,aoi_width,aoi_height,token,length,srcML
2,100,rectangle_java2.jpg,rectangle_java2.jpg,20611636437,124,726.8706451612903,453.9429032258065,730.5,440,71,21,this.y2,7,class->block->constructor->block->block_content->expr_stmt->expr->name->name->operator->name
2,100,rectangle_java2.jpg,rectangle_java2.jpg,20650494862,80,749.1805,333.9345,730.5,331,71,19,this.x1,7,class->block->constructor->block->block_content->expr_stmt->expr->name->name->operator->name
2,100,rectangle_java2.jpg,rectangle_java2.jpg,20650590877,92,743.5326086956521,323.7913043478261,730.5,331,71,19,this.x1,7,class->block->constructor->block->block_content->expr_stmt->expr->name->name->operator->name
2,100,rectangle_java2.jpg,rectangle_java2.jpg,20653014606,140,765.4788571428571,639.5891428571429,738.5,621,61,21,static,6,class->block->function->type->specifier
2,100,rectangle_java2.jpg,rectangle_java2.jpg,20654158294,196,790.4787755102041,364.6089795918367,730.5,367,71,21,this.y1,7,class->block->constructor->block->block_content->expr_stmt->expr->name->name->operator->name
2,100,rectangle_java2.jpg,rectangle_java2.jpg,20655878239,172,1008.3211627906977,310.43790697674416,1007.5,295,10,21,",",1,class->block->constructor->parameter_list
2,100,rectangle_java2.jpg,rectangle_java2.jpg,20656102329,160,761.63375,329.0545,730.5,331,71,19,this.x1,7,class->block->constructor->block->block_content->expr_stmt->expr->name->name->operator->name
2,100,rectangle_java2.jpg,rectangle_java2.jpg,20656222327,116,761.6089655172414,328.76827586206895,730.5,331,71,19,this.x1,7,class->block->constructor->block->block_content->expr_stmt->expr->name->name->operator->name
2,100,rectangle_java2.jpg,rectangle_java2.jpg,20657278245,72,668.1822222222222,501.6933333333334,669.5,512,63,21,public,6,class->block->function->type->specifier
2,100,rectangle_java2.jpg,rectangle_java2.jpg,20657374244,92,679.724347826087,517.0408695652173,669.5,512,63,21,public,6,class->block->function->type->specifier
2,100,rectangle_java2.jpg,rectangle_java2.jpg,20658030217,184,1026.4076086956522,314.54347826086956,1025.5,295,33,21,int,3,class->block->constructor->parameter_list->parameter->decl->type->name
2,100,rectangle_java2.jpg,rectangle_java2.jpg,20658698065,212,673.6816981132075,560.7664150943397,669.5,549,63,21,public,6,class->block->function->type->specifier
2,100,rectangle_java2.jpg,rectangle_java2.jpg,20659182026,132,1107.3860606060607,731.4254545454545,1095.5,731,13,20,5,1,class->block->function->block->block_content->decl_stmt->decl->init->expr->call->argument_list->argument->expr->literal
2,100,rectangle_java2.jpg,rectangle_java2.jpg,20659182026,132,1107.3860606060607,731.4254545454545,1115.5,731,10,20,",",1,class->block->function->block->block_content->decl_stmt->decl->init->expr->call->argument_list
2,100,rectangle_java2.jpg,rectangle_java2.jpg,20659702006,152,932.5944736842105,721.1402631578948,902.5,731,34,20,new,3,class->block->function->block->block_content->decl_stmt->decl->init->expr->operator
2,100,rectangle_java2.jpg,rectangle_java2.jpg,20659702006,152,932.5944736842105,721.1402631578948,941.5,731,91,20,Rectangle,9,class->block->function->block->block_content->decl_stmt->decl->init->expr->call->name
2,100,rectangle_java2.jpg,rectangle_java2.jpg,20659853683,112,873.0742857142857,744.6232142857143,826.5,731,51,20,rect2,5,class->block->function->block->block_content->decl_stmt->decl->name
2,100,rectangle_java2.jpg,rectangle_java2.jpg,20659853683,112,873.0742857142857,744.6232142857143,883.5,731,15,20,=,1,class->block->function->block->block_content->decl_stmt->decl->init
2,100,rectangle_java2.jpg,rectangle_java2.jpg,20659929758,72,871.425,739.7966666666666,826.5,731,51,20,rect2,5,class->block->function->block->block_content->decl_stmt->decl->name
2,100,rectangle_java2.jpg,rectangle_java2.jpg,20659929758,72,871.425,739.7966666666666,883.5,731,15,20,=,1,class->block->function->block->block_content->decl_stmt->decl->init
2,100,rectangle_java2.jpg,rectangle_java2.jpg,20660194072,208,1017.7305769230769,720.753076923077,941.5,731,91,20,Rectangle,9,class->block->function->block->block_content->decl_stmt->decl->init->expr->call->name
2,100,rectangle_java2.jpg,rectangle_java2.jpg,20660674043,172,927.4344186046511,651.8293023255814,902.5,658,34,20,new,3,class->block->function->block->block_content->decl_stmt->decl->init->expr->operator
2,100,rectangle_java2.jpg,rectangle_java2.jpg,20661278111,236,977.9115254237288,667.1498305084746,941.5,658,91,20,Rectangle,9,class->block->function->block->block_content->decl_stmt->decl->init->expr->call->name
