trial,participant,code_file,code_language,timestamp,duration,x_cord,y_cord,aoi_x,aoi_y,aoi_width,aoi_height,token,length,srcML
2,124,rectangle_java2.jpg,rectangle_java2.jpg,251663547,104,840.7884615384615,326.5980769230769,826.5,331,23,19,x1,2,class->block->constructor->block->block_content->expr_stmt->expr->name->name
2,124,rectangle_java2.jpg,rectangle_java2.jpg,251723537,56,842.1935714285714,321.1542857142857,826.5,331,23,19,x1,2,class->block->constructor->block->block_content->expr_stmt->expr->name->name
2,124,rectangle_java2.jpg,rectangle_java2.jpg,255403311,88,685.4972727272727,213.8981818181818,657.5,222,52,21,class,5,class
2,124,rectangle_java2.jpg,rectangle_java2.jpg,262162667,68,776.3158823529412,237.03529411764703,715.5,222,90,21,Rectangle,9,class->name
2,124,rectangle_java2.jpg,rectangle_java2.jpg,262722817,88,793.3577272727273,227.21409090909094,715.5,222,90,21,Rectangle,9,class->name
2,124,rectangle_java2.jpg,rectangle_java2.jpg,263458775,56,962.4892857142858,249.06214285714287,959.5,259,10,21,;,1,class->block->decl_stmt
2,124,rectangle_java2.jpg,rectangle_java2.jpg,264534615,100,882.248,250.43880000000001,881.5,259,23,21,x2,2,class->block->decl_stmt->decl->name
2,124,rectangle_java2.jpg,rectangle_java2.jpg,264662667,56,806.9514285714286,259.32142857142856,785.5,259,23,21,x1,2,class->block->decl_stmt->decl->name
2,124,rectangle_java2.jpg,rectangle_java2.jpg,264662667,56,806.9514285714286,259.32142857142856,815.5,259,10,21,",",1,class->block->decl_stmt
2,124,rectangle_java2.jpg,rectangle_java2.jpg,264738652,72,802.8694444444444,258.62833333333333,785.5,259,23,21,x1,2,class->block->decl_stmt->decl->name
2,124,rectangle_java2.jpg,rectangle_java2.jpg,264822627,80,804.6075,250.923,785.5,259,23,21,x1,2,class->block->decl_stmt->decl->name
2,124,rectangle_java2.jpg,rectangle_java2.jpg,264822627,80,804.6075,250.923,815.5,259,10,21,",",1,class->block->decl_stmt
2,124,rectangle_java2.jpg,rectangle_java2.jpg,265814515,100,768.1296,365.6956,730.5,367,71,21,this.y1,7,class->block->constructor->block->block_content->expr_stmt->expr->name->name->operator->name
2,124,rectangle_java2.jpg,rectangle_java2.jpg,265934512,68,779.9817647058824,365.3270588235294,730.5,367,71,21,this.y1,7,class->block->constructor->block->block_content->expr_stmt->expr->name->name->operator->name
2,124,rectangle_java2.jpg,rectangle_java2.jpg,265994453,56,779.0957142857143,376.07214285714286,730.5,367,71,21,this.y1,7,class->block->constructor->block->block_content->expr_stmt->expr->name->name->operator->name
2,124,rectangle_java2.jpg,rectangle_java2.jpg,266122394,56,782.2742857142857,270.81642857142856,785.5,259,23,21,x1,2,class->block->decl_stmt->decl->name
2,124,rectangle_java2.jpg,rectangle_java2.jpg,266558479,128,879.020625,272.2515625,881.5,259,23,21,x2,2,class->block->decl_stmt->decl->name
2,124,rectangle_java2.jpg,rectangle_java2.jpg,266662494,100,881.3352,264.7004,881.5,259,23,21,x2,2,class->block->decl_stmt->decl->name
2,124,rectangle_java2.jpg,rectangle_java2.jpg,266782437,116,882.8837931034483,259.85275862068966,881.5,259,23,21,x2,2,class->block->decl_stmt->decl->name
2,124,rectangle_java2.jpg,rectangle_java2.jpg,266914356,128,877.8315625,266.8153125,881.5,259,23,21,x2,2,class->block->decl_stmt->decl->name
2,124,rectangle_java2.jpg,rectangle_java2.jpg,267014397,96,879.5408333333334,271.6620833333333,881.5,259,23,21,x2,2,class->block->decl_stmt->decl->name
2,124,rectangle_java2.jpg,rectangle_java2.jpg,267246359,116,945.1110344827587,258.8651724137931,929.5,259,23,21,y2,2,class->block->decl_stmt->decl->name
2,124,rectangle_java2.jpg,rectangle_java2.jpg,267306355,56,940.2871428571428,275.2471428571429,929.5,259,23,21,y2,2,class->block->decl_stmt->decl->name
2,124,rectangle_java2.jpg,rectangle_java2.jpg,267630331,56,939.9171428571428,257.87857142857143,929.5,259,23,21,y2,2,class->block->decl_stmt->decl->name
2,124,rectangle_java2.jpg,rectangle_java2.jpg,267766379,68,857.6547058823529,257.5241176470588,863.5,259,10,21,",",1,class->block->decl_stmt
2,124,rectangle_java2.jpg,rectangle_java2.jpg,267966399,128,849.1828125,257.83875,833.5,259,23,21,y1,2,class->block->decl_stmt->decl->name
2,124,rectangle_java2.jpg,rectangle_java2.jpg,268070373,60,860.844,288.74466666666666,853.5,295,32,21,int,3,class->block->constructor->parameter_list->parameter->decl->type->name
2,124,rectangle_java2.jpg,rectangle_java2.jpg,268222346,84,923.5180952380953,261.5490476190476,929.5,259,23,21,y2,2,class->block->decl_stmt->decl->name
2,124,rectangle_java2.jpg,rectangle_java2.jpg,268854187,84,889.6509523809524,296.372380952381,890.5,295,24,21,x1,2,class->block->constructor->parameter_list->parameter->decl->type->name
2,124,rectangle_java2.jpg,rectangle_java2.jpg,269026064,92,928.2173913043479,288.69217391304346,921.5,295,9,21,",",1,class->block->constructor->parameter_list
2,124,rectangle_java2.jpg,rectangle_java2.jpg,269026064,92,928.2173913043479,288.69217391304346,939.5,295,33,21,int,3,class->block->constructor->parameter_list->parameter->decl->type->name
2,124,rectangle_java2.jpg,rectangle_java2.jpg,269178169,60,859.9053333333334,302.9526666666667,853.5,295,32,21,int,3,class->block->constructor->parameter_list->parameter->decl->type->name
2,124,rectangle_java2.jpg,rectangle_java2.jpg,269278252,96,851.0270833333333,302.8458333333333,853.5,295,32,21,int,3,class->block->constructor->parameter_list->parameter->decl->type->name
2,124,rectangle_java2.jpg,rectangle_java2.jpg,269426253,88,858.5104545454545,299.355,853.5,295,32,21,int,3,class->block->constructor->parameter_list->parameter->decl->type->name
2,124,rectangle_java2.jpg,rectangle_java2.jpg,269534228,104,868.7565384615384,295.11,853.5,295,32,21,int,3,class->block->constructor->parameter_list->parameter->decl->type->name
2,124,rectangle_java2.jpg,rectangle_java2.jpg,269778289,132,896.1281818181818,295.8939393939394,890.5,295,24,21,x1,2,class->block->constructor->parameter_list->parameter->decl->type->name
2,124,rectangle_java2.jpg,rectangle_java2.jpg,269982275,60,861.7613333333334,330.3306666666667,856.5,331,10,19,;,1,class->block->constructor->block->block_content->expr_stmt
2,124,rectangle_java2.jpg,rectangle_java2.jpg,270110225,80,841.819,319.1795,826.5,331,23,19,x1,2,class->block->constructor->block->block_content->expr_stmt->expr->name->name
2,124,rectangle_java2.jpg,rectangle_java2.jpg,272170031,60,844.0366666666666,385.43066666666664,826.5,367,23,21,y1,2,class->block->constructor->block->block_content->expr_stmt->expr->name->name
2,124,rectangle_java2.jpg,rectangle_java2.jpg,272170031,60,844.0366666666666,385.43066666666664,856.5,367,10,21,;,1,class->block->constructor->block->block_content->expr_stmt
2,124,rectangle_java2.jpg,rectangle_java2.jpg,272941958,64,842.5225,396.42,826.5,404,23,19,x2,2,class->block->constructor->block->block_content->expr_stmt->expr->name->name
2,124,rectangle_java2.jpg,rectangle_java2.jpg,273609954,56,910.3249999999999,247.26285714285711,911.5,259,10,21,",",1,class->block->decl_stmt
2,124,rectangle_java2.jpg,rectangle_java2.jpg,276049846,56,857.08,414.79857142857145,856.5,404,10,19,;,1,class->block->constructor->block->block_content->expr_stmt
2,124,rectangle_java2.jpg,rectangle_java2.jpg,276509654,60,800.1026666666667,531.724,775.5,512,53,21,width,5,class->block->function->name
2,124,rectangle_java2.jpg,rectangle_java2.jpg,276713719,68,768.7941176470588,529.0329411764706,737.5,512,33,21,int,3,class->block->function->type->name
2,124,rectangle_java2.jpg,rectangle_java2.jpg,276713719,68,768.7941176470588,529.0329411764706,775.5,512,53,21,width,5,class->block->function->name
2,124,rectangle_java2.jpg,rectangle_java2.jpg,276941681,92,831.9817391304348,530.9430434782608,837.5,512,9,21,(,1,class->block->function->parameter_list
2,124,rectangle_java2.jpg,rectangle_java2.jpg,277001684,56,830.6392857142857,526.8114285714286,837.5,512,9,21,(,1,class->block->function->parameter_list
2,124,rectangle_java2.jpg,rectangle_java2.jpg,277061689,56,827.13,514.9721428571429,775.5,512,53,21,width,5,class->block->function->name
2,124,rectangle_java2.jpg,rectangle_java2.jpg,277061689,56,827.13,514.9721428571429,837.5,512,9,21,(,1,class->block->function->parameter_list
2,124,rectangle_java2.jpg,rectangle_java2.jpg,277125698,60,826.798,521.508,775.5,512,53,21,width,5,class->block->function->name
2,124,rectangle_java2.jpg,rectangle_java2.jpg,277125698,60,826.798,521.508,837.5,512,9,21,(,1,class->block->function->parameter_list
2,124,rectangle_java2.jpg,rectangle_java2.jpg,277265715,60,873.9953333333333,526.9953333333333,874.5,512,10,21,{,1,class->block->function->block
2,124,rectangle_java2.jpg,rectangle_java2.jpg,277373726,60,867.3526666666667,538.2173333333333,863.5,549,9,21,),1,class->block->function->parameter_list
2,124,rectangle_java2.jpg,rectangle_java2.jpg,277541783,64,985.868125,547.614375,968.5,549,70,21,this.y2,7,class->block->function->block->block_content->return->expr->name->name->operator->name
2,124,rectangle_java2.jpg,rectangle_java2.jpg,277853671,84,971.3595238095238,539.8657142857143,968.5,549,70,21,this.y2,7,class->block->function->block->block_content->return->expr->name->name->operator->name
2,124,rectangle_java2.jpg,rectangle_java2.jpg,278517531,68,810.1711764705882,247.00588235294117,815.5,259,10,21,",",1,class->block->decl_stmt
2,124,rectangle_java2.jpg,rectangle_java2.jpg,278593521,72,818.2938888888889,241.60500000000002,813.5,222,10,21,{,1,class->block
2,124,rectangle_java2.jpg,rectangle_java2.jpg,279161527,92,821.3391304347826,251.1113043478261,815.5,259,10,21,",",1,class->block->decl_stmt
2,124,rectangle_java2.jpg,rectangle_java2.jpg,279161527,92,821.3391304347826,251.1113043478261,833.5,259,23,21,y1,2,class->block->decl_stmt->decl->name
2,124,rectangle_java2.jpg,rectangle_java2.jpg,279221531,56,828.2064285714285,249.36571428571426,833.5,259,23,21,y1,2,class->block->decl_stmt->decl->name
2,124,rectangle_java2.jpg,rectangle_java2.jpg,279533583,68,735.01,249.98823529411766,669.5,259,72,21,private,7,class->block->decl_stmt->decl->type->specifier
2,124,rectangle_java2.jpg,rectangle_java2.jpg,279533583,68,735.01,249.98823529411766,747.5,259,33,21,int,3,class->block->decl_stmt->decl->type->name
2,124,rectangle_java2.jpg,rectangle_java2.jpg,279597572,60,744.4773333333334,237.514,715.5,222,90,21,Rectangle,9,class->name
2,124,rectangle_java2.jpg,rectangle_java2.jpg,279661574,60,750.8973333333333,238.85133333333334,715.5,222,90,21,Rectangle,9,class->name
2,124,rectangle_java2.jpg,rectangle_java2.jpg,279809609,144,744.8663888888889,246.71749999999997,747.5,259,33,21,int,3,class->block->decl_stmt->decl->type->name
2,124,rectangle_java2.jpg,rectangle_java2.jpg,280017365,136,809.8917647058823,254.81911764705882,815.5,259,10,21,",",1,class->block->decl_stmt
2,124,rectangle_java2.jpg,rectangle_java2.jpg,280349406,180,774.5526666666667,510.4895555555556,775.5,512,53,21,width,5,class->block->function->name
2,124,rectangle_java2.jpg,rectangle_java2.jpg,281945328,108,811.3603703703703,226.35370370370367,813.5,222,10,21,{,1,class->block
2,124,rectangle_java2.jpg,rectangle_java2.jpg,282113340,92,820.5678260869565,247.0508695652174,815.5,259,10,21,",",1,class->block->decl_stmt
2,124,rectangle_java2.jpg,rectangle_java2.jpg,282269323,80,804.375,511.9435000000001,775.5,512,53,21,width,5,class->block->function->name
2,124,rectangle_java2.jpg,rectangle_java2.jpg,283105335,88,936.8199999999999,546.8631818181818,900.5,549,63,21,return,6,class->block->function->block->block_content->return
2,124,rectangle_java2.jpg,rectangle_java2.jpg,283265324,60,989.636,511.5186666666666,958.5,512,71,21,this.x2,7,class->block->function->block->block_content->return->expr->name->name->operator->name->operator
2,124,rectangle_java2.jpg,rectangle_java2.jpg,283361307,92,981.1247826086957,525.268695652174,958.5,512,71,21,this.x2,7,class->block->function->block->block_content->return->expr->name->name->operator->name->operator
2,124,rectangle_java2.jpg,rectangle_java2.jpg,283485279,72,995.0461111111111,532.4327777777778,958.5,512,71,21,this.x2,7,class->block->function->block->block_content->return->expr->name->name->operator->name->operator
2,124,rectangle_java2.jpg,rectangle_java2.jpg,283805272,104,1029.2761538461539,532.6265384615384,958.5,512,71,21,this.x2,7,class->block->function->block->block_content->return->expr->name->name->operator->name->operator
2,124,rectangle_java2.jpg,rectangle_java2.jpg,283805272,104,1029.2761538461539,532.6265384615384,1035.5,512,13,21,-,1,class->block->function->block->block_content->return->expr->name->name
2,124,rectangle_java2.jpg,rectangle_java2.jpg,284005205,56,1010.1928571428572,525.4271428571428,958.5,512,71,21,this.x2,7,class->block->function->block->block_content->return->expr->name->name->operator->name->operator
2,124,rectangle_java2.jpg,rectangle_java2.jpg,284097133,56,1002.495,539.0785714285714,968.5,549,70,21,this.y2,7,class->block->function->block->block_content->return->expr->name->name->operator->name
2,124,rectangle_java2.jpg,rectangle_java2.jpg,284189136,88,1009.7381818181818,528.300909090909,958.5,512,71,21,this.x2,7,class->block->function->block->block_content->return->expr->name->name->operator->name->operator
2,124,rectangle_java2.jpg,rectangle_java2.jpg,284593146,64,785.583125,528.49625,775.5,512,53,21,width,5,class->block->function->name
2,124,rectangle_java2.jpg,rectangle_java2.jpg,284745177,80,782.293,514.1065,775.5,512,53,21,width,5,class->block->function->name
2,124,rectangle_java2.jpg,rectangle_java2.jpg,285085266,72,802.5644444444445,500.30444444444447,775.5,512,53,21,width,5,class->block->function->name
2,124,rectangle_java2.jpg,rectangle_java2.jpg,285169243,64,1027.81625,519.1475,958.5,512,71,21,this.x2,7,class->block->function->block->block_content->return->expr->name->name->operator->name->operator
2,124,rectangle_java2.jpg,rectangle_java2.jpg,285169243,64,1027.81625,519.1475,1035.5,512,13,21,-,1,class->block->function->block->block_content->return->expr->name->name
2,124,rectangle_java2.jpg,rectangle_java2.jpg,285373135,68,1013.2458823529412,527.8011764705883,958.5,512,71,21,this.x2,7,class->block->function->block->block_content->return->expr->name->name->operator->name->operator
2,124,rectangle_java2.jpg,rectangle_java2.jpg,286333022,56,968.5157142857142,558.6642857142857,968.5,549,70,21,this.y2,7,class->block->function->block->block_content->return->expr->name->name->operator->name
2,124,rectangle_java2.jpg,rectangle_java2.jpg,286645063,84,1059.4414285714286,545.8609523809523,1064.5,549,71,21,this.y1,7,class->block->function->block->block_content->return->expr->name->name->operator->name
2,124,rectangle_java2.jpg,rectangle_java2.jpg,286765050,60,1054.7433333333333,553.7993333333334,1045.5,549,13,21,-,1,class->block->function->block->block_content->return->expr->operator
2,124,rectangle_java2.jpg,rectangle_java2.jpg,286765050,60,1054.7433333333333,553.7993333333334,1064.5,549,71,21,this.y1,7,class->block->function->block->block_content->return->expr->name->name->operator->name
2,124,rectangle_java2.jpg,rectangle_java2.jpg,286873019,60,1061.9766666666667,551.7786666666667,1064.5,549,71,21,this.y1,7,class->block->function->block->block_content->return->expr->name->name->operator->name
2,124,rectangle_java2.jpg,rectangle_java2.jpg,287069016,56,1107.0057142857142,561.3264285714286,1064.5,549,71,21,this.y1,7,class->block->function->block->block_content->return->expr->name->name->operator->name
2,124,rectangle_java2.jpg,rectangle_java2.jpg,287532857,64,1072.633125,563.84125,1064.5,549,71,21,this.y1,7,class->block->function->block->block_content->return->expr->name->name->operator->name
2,124,rectangle_java2.jpg,rectangle_java2.jpg,287600833,64,1072.97375,564.516875,1064.5,549,71,21,this.y1,7,class->block->function->block->block_content->return->expr->name->name->operator->name
2,124,rectangle_java2.jpg,rectangle_java2.jpg,287676794,72,1084.4483333333333,566.4827777777778,1064.5,549,71,21,this.y1,7,class->block->function->block->block_content->return->expr->name->name->operator->name
2,124,rectangle_java2.jpg,rectangle_java2.jpg,287896847,88,815.4045454545454,519.5140909090909,775.5,512,53,21,width,5,class->block->function->name
2,124,rectangle_java2.jpg,rectangle_java2.jpg,288336889,60,961.5106666666667,572.8026666666667,910.5,585,62,21,return,6,class->block->function->block->block_content->return
2,124,rectangle_java2.jpg,rectangle_java2.jpg,288452902,68,962.405294117647,567.0141176470588,900.5,549,63,21,return,6,class->block->function->block->block_content->return
2,124,rectangle_java2.jpg,rectangle_java2.jpg,288452902,68,962.405294117647,567.0141176470588,968.5,549,70,21,this.y2,7,class->block->function->block->block_content->return->expr->name->name->operator->name
2,124,rectangle_java2.jpg,rectangle_java2.jpg,288988837,80,1064.5565,559.652,1064.5,549,71,21,this.y1,7,class->block->function->block->block_content->return->expr->name->name->operator->name
2,124,rectangle_java2.jpg,rectangle_java2.jpg,289128725,68,1140.9870588235294,567.0082352941176,1142.5,549,10,21,;,1,class->block->function->block->block_content->return
2,124,rectangle_java2.jpg,rectangle_java2.jpg,289188709,56,1153.9235714285714,556.0857142857143,1161.5,549,10,21,},1,class->block->function->block
2,124,rectangle_java2.jpg,rectangle_java2.jpg,289304725,64,1133.885,551.54875,1064.5,549,71,21,this.y1,7,class->block->function->block->block_content->return->expr->name->name->operator->name
2,124,rectangle_java2.jpg,rectangle_java2.jpg,289304725,64,1133.885,551.54875,1142.5,549,10,21,;,1,class->block->function->block->block_content->return
2,124,rectangle_java2.jpg,rectangle_java2.jpg,289452744,92,1125.7121739130434,564.3795652173912,1064.5,549,71,21,this.y1,7,class->block->function->block->block_content->return->expr->name->name->operator->name
2,124,rectangle_java2.jpg,rectangle_java2.jpg,290148803,80,1086.3725,549.903,1064.5,549,71,21,this.y1,7,class->block->function->block->block_content->return->expr->name->name->operator->name
2,124,rectangle_java2.jpg,rectangle_java2.jpg,290220789,60,864.9046666666667,554.9693333333333,863.5,549,9,21,),1,class->block->function->parameter_list
2,124,rectangle_java2.jpg,rectangle_java2.jpg,290992566,64,1042.273125,605.276875,977.5,585,101,21,this.width,10,class->block->function->block->block_content->return->expr->call->name->name->operator->name
2,124,rectangle_java2.jpg,rectangle_java2.jpg,291052547,56,1029.1978571428572,603.4571428571429,977.5,585,101,21,this.width,10,class->block->function->block->block_content->return->expr->call->name->name->operator->name
2,124,rectangle_java2.jpg,rectangle_java2.jpg,291136531,80,1032.892,602.3035,977.5,585,101,21,this.width,10,class->block->function->block->block_content->return->expr->call->name->name->operator->name
2,124,rectangle_java2.jpg,rectangle_java2.jpg,291504674,56,1101.48,599.9935714285714,1103.5,585,9,21,),1,class->block->function->block->block_content->return->expr->call->argument_list
2,124,rectangle_java2.jpg,rectangle_java2.jpg,291664749,88,1141.5581818181818,603.5868181818182,1140.5,585,110,21,this.height,11,class->block->function->block->block_content->return->expr->call->name->name->operator->name
2,124,rectangle_java2.jpg,rectangle_java2.jpg,291776733,60,826.9053333333334,639.7333333333333,804.5,621,44,21,void,4,class->block->function->type->name
2,124,rectangle_java2.jpg,rectangle_java2.jpg,292024642,56,828.9271428571428,653.1592857142857,826.5,658,52,20,rect1,5,class->block->function->block->block_content->decl_stmt->decl->name
2,124,rectangle_java2.jpg,rectangle_java2.jpg,292200508,72,846.4255555555555,653.755,826.5,658,52,20,rect1,5,class->block->function->block->block_content->decl_stmt->decl->name
2,124,rectangle_java2.jpg,rectangle_java2.jpg,292260471,56,832.5842857142857,650.0514285714286,826.5,658,52,20,rect1,5,class->block->function->block->block_content->decl_stmt->decl->name
2,124,rectangle_java2.jpg,rectangle_java2.jpg,292352556,88,843.5763636363637,663.1877272727272,826.5,658,52,20,rect1,5,class->block->function->block->block_content->decl_stmt->decl->name
2,124,rectangle_java2.jpg,rectangle_java2.jpg,292504653,72,853.3372222222222,662.6572222222222,826.5,658,52,20,rect1,5,class->block->function->block->block_content->decl_stmt->decl->name
2,124,rectangle_java2.jpg,rectangle_java2.jpg,292792541,152,893.44,689.5702631578947,730.5,694,177,21,System.out.println,18,class->block->function->block->block_content->expr_stmt->expr->call->name->name->operator->name->operator->name
2,124,rectangle_java2.jpg,rectangle_java2.jpg,293000541,108,875.9085185185185,685.6670370370371,730.5,694,177,21,System.out.println,18,class->block->function->block->block_content->expr_stmt->expr->call->name->name->operator->name->operator->name
2,124,rectangle_java2.jpg,rectangle_java2.jpg,293168520,112,1001.0928571428572,692.2625,932.5,694,100,21,rect1.area,10,class->block->function->block->block_content->expr_stmt->expr->call->argument_list->argument->expr->call->name->name->operator->name
2,124,rectangle_java2.jpg,rectangle_java2.jpg,293332506,80,1103.8885,686.0925,1096.5,694,10,21,;,1,class->block->function->block->block_content->expr_stmt
2,124,rectangle_java2.jpg,rectangle_java2.jpg,293760481,100,871.2972,760.0688,730.5,766,177,21,System.out.println,18,class->block->function->block->block_content->expr_stmt->expr->call->name->name->operator->name->operator->name
2,124,rectangle_java2.jpg,rectangle_java2.jpg,293992444,152,814.6113157894737,762.5581578947368,730.5,766,177,21,System.out.println,18,class->block->function->block->block_content->expr_stmt->expr->call->name->name->operator->name->operator->name
2,124,rectangle_java2.jpg,rectangle_java2.jpg,294204453,140,905.9717142857143,756.5654285714286,730.5,766,177,21,System.out.println,18,class->block->function->block->block_content->expr_stmt->expr->call->name->name->operator->name->operator->name
2,124,rectangle_java2.jpg,rectangle_java2.jpg,294204453,140,905.9717142857143,756.5654285714286,916.5,766,9,21,(,1,class->block->function->block->block_content->expr_stmt->expr->call->argument_list
2,124,rectangle_java2.jpg,rectangle_java2.jpg,294280463,72,909.1983333333334,759.6872222222222,916.5,766,9,21,(,1,class->block->function->block->block_content->expr_stmt->expr->call->argument_list
2,124,rectangle_java2.jpg,rectangle_java2.jpg,294468278,68,1002.1782352941176,761.4911764705882,932.5,766,100,21,rect2.area,10,class->block->function->block->block_content->expr_stmt->expr->call->argument_list->argument->expr->call->name->name->operator->name
2,124,rectangle_java2.jpg,rectangle_java2.jpg,294548279,76,1008.3526315789474,754.3278947368422,932.5,766,100,21,rect2.area,10,class->block->function->block->block_content->expr_stmt->expr->call->argument_list->argument->expr->call->name->name->operator->name
2,124,rectangle_java2.jpg,rectangle_java2.jpg,294924394,80,982.2475,754.058,932.5,766,100,21,rect2.area,10,class->block->function->block->block_content->expr_stmt->expr->call->argument_list->argument->expr->call->name->name->operator->name
2,124,rectangle_java2.jpg,rectangle_java2.jpg,295036393,108,989.9222222222222,747.7044444444444,941.5,731,91,20,Rectangle,9,class->block->function->block->block_content->decl_stmt->decl->init->expr->call->name
2,124,rectangle_java2.jpg,rectangle_java2.jpg,295232436,164,947.7126829268293,762.1090243902439,932.5,766,100,21,rect2.area,10,class->block->function->block->block_content->expr_stmt->expr->call->argument_list->argument->expr->call->name->name->operator->name
2,124,rectangle_java2.jpg,rectangle_java2.jpg,295312458,56,993.54,756.21,932.5,766,100,21,rect2.area,10,class->block->function->block->block_content->expr_stmt->expr->call->argument_list->argument->expr->call->name->name->operator->name
2,124,rectangle_java2.jpg,rectangle_java2.jpg,295440415,68,986.6858823529411,759.9629411764706,932.5,766,100,21,rect2.area,10,class->block->function->block->block_content->expr_stmt->expr->call->argument_list->argument->expr->call->name->name->operator->name
2,124,rectangle_java2.jpg,rectangle_java2.jpg,295876354,88,833.569090909091,628.1531818181818,804.5,621,44,21,void,4,class->block->function->type->name
2,124,rectangle_java2.jpg,rectangle_java2.jpg,295952344,72,835.1405555555556,617.2205555555555,804.5,621,44,21,void,4,class->block->function->type->name
2,124,rectangle_java2.jpg,rectangle_java2.jpg,297004271,148,870.4283783783784,759.1972972972973,730.5,766,177,21,System.out.println,18,class->block->function->block->block_content->expr_stmt->expr->call->name->name->operator->name->operator->name
2,124,rectangle_java2.jpg,rectangle_java2.jpg,297236263,220,955.9949090909091,754.3456363636363,932.5,766,100,21,rect2.area,10,class->block->function->block->block_content->expr_stmt->expr->call->argument_list->argument->expr->call->name->name->operator->name
2,124,rectangle_java2.jpg,rectangle_java2.jpg,297300251,60,971.7346666666667,748.8313333333333,941.5,731,91,20,Rectangle,9,class->block->function->block->block_content->decl_stmt->decl->init->expr->call->name
2,124,rectangle_java2.jpg,rectangle_java2.jpg,297436208,68,880.9317647058824,743.4188235294117,883.5,731,15,20,=,1,class->block->function->block->block_content->decl_stmt->decl->init
2,124,rectangle_java2.jpg,rectangle_java2.jpg,297500202,60,871.0600000000001,747.3666666666667,826.5,731,51,20,rect2,5,class->block->function->block->block_content->decl_stmt->decl->name
2,124,rectangle_java2.jpg,rectangle_java2.jpg,297500202,60,871.0600000000001,747.3666666666667,883.5,731,15,20,=,1,class->block->function->block->block_content->decl_stmt->decl->init
2,124,rectangle_java2.jpg,rectangle_java2.jpg,306743557,84,799.6485714285715,256.81666666666666,785.5,259,23,21,x1,2,class->block->decl_stmt->decl->name
2,124,rectangle_java2.jpg,rectangle_java2.jpg,308147456,84,781.4471428571428,222.9661904761905,715.5,222,90,21,Rectangle,9,class->name
2,124,rectangle_java2.jpg,rectangle_java2.jpg,308263411,64,775.6525,213.87312499999996,715.5,222,90,21,Rectangle,9,class->name
2,124,rectangle_java2.jpg,rectangle_java2.jpg,309979320,84,805.0371428571428,236.83238095238096,715.5,222,90,21,Rectangle,9,class->name
2,124,rectangle_java2.jpg,rectangle_java2.jpg,309979320,84,805.0371428571428,236.83238095238096,813.5,222,10,21,{,1,class->block
2,124,rectangle_java2.jpg,rectangle_java2.jpg,311226963,64,875.034375,532.90125,874.5,512,10,21,{,1,class->block->function->block
2,124,rectangle_java2.jpg,rectangle_java2.jpg,311759184,88,823.9731818181818,256.135,815.5,259,10,21,",",1,class->block->decl_stmt
2,124,rectangle_java2.jpg,rectangle_java2.jpg,311759184,88,823.9731818181818,256.135,833.5,259,23,21,y1,2,class->block->decl_stmt->decl->name
2,124,rectangle_java2.jpg,rectangle_java2.jpg,311907227,76,810.2831578947369,234.1747368421053,813.5,222,10,21,{,1,class->block
2,124,rectangle_java2.jpg,rectangle_java2.jpg,312958924,56,859.9392857142857,549.9221428571428,863.5,549,9,21,),1,class->block->function->parameter_list
2,124,rectangle_java2.jpg,rectangle_java2.jpg,313163058,68,839.6441176470588,510.3264705882352,837.5,512,9,21,(,1,class->block->function->parameter_list
2,124,rectangle_java2.jpg,rectangle_java2.jpg,313255053,68,814.9035294117647,254.9694117647059,815.5,259,10,21,",",1,class->block->decl_stmt
2,124,rectangle_java2.jpg,rectangle_java2.jpg,313447076,148,799.7672972972973,220.0243243243243,715.5,222,90,21,Rectangle,9,class->name
2,124,rectangle_java2.jpg,rectangle_java2.jpg,314511014,56,829.2214285714285,248.68642857142856,833.5,259,23,21,y1,2,class->block->decl_stmt->decl->name
2,124,rectangle_java2.jpg,rectangle_java2.jpg,314974837,72,758.7505555555556,214.2061111111111,715.5,222,90,21,Rectangle,9,class->name
2,124,rectangle_java2.jpg,rectangle_java2.jpg,328942078,64,937.7525,769.31875,932.5,766,100,21,rect2.area,10,class->block->function->block->block_content->expr_stmt->expr->call->argument_list->argument->expr->call->name->name->operator->name
2,124,rectangle_java2.jpg,rectangle_java2.jpg,329006073,60,947.09,759.1006666666667,932.5,766,100,21,rect2.area,10,class->block->function->block->block_content->expr_stmt->expr->call->argument_list->argument->expr->call->name->name->operator->name
2,124,rectangle_java2.jpg,rectangle_java2.jpg,329154001,64,884.969375,696.47875,730.5,694,177,21,System.out.println,18,class->block->function->block->block_content->expr_stmt->expr->call->name->name->operator->name->operator->name
2,124,rectangle_java2.jpg,rectangle_java2.jpg,329213917,56,883.1328571428571,698.6085714285714,730.5,694,177,21,System.out.println,18,class->block->function->block->block_content->expr_stmt->expr->call->name->name->operator->name->operator->name
2,124,rectangle_java2.jpg,rectangle_java2.jpg,332357784,96,793.5541666666667,269.33958333333334,785.5,259,23,21,x1,2,class->block->decl_stmt->decl->name
2,124,rectangle_java2.jpg,rectangle_java2.jpg,332513775,84,870.8547619047619,312.62380952380954,853.5,295,32,21,int,3,class->block->constructor->parameter_list->parameter->decl->type->name
2,124,rectangle_java2.jpg,rectangle_java2.jpg,332805733,76,924.09,282.7163157894737,921.5,295,9,21,",",1,class->block->constructor->parameter_list
2,124,rectangle_java2.jpg,rectangle_java2.jpg,332929680,56,826.885,313.6,737.5,295,91,21,Rectangle,9,class->block->constructor->name
2,124,rectangle_java2.jpg,rectangle_java2.jpg,332929680,56,826.885,313.6,837.5,295,9,21,(,1,class->block->constructor->parameter_list
2,124,rectangle_java2.jpg,rectangle_java2.jpg,333025658,92,831.8121739130435,307.3113043478261,837.5,295,9,21,(,1,class->block->constructor->parameter_list
2,124,rectangle_java2.jpg,rectangle_java2.jpg,333089637,60,839.0093333333333,287.6813333333333,837.5,295,9,21,(,1,class->block->constructor->parameter_list
2,124,rectangle_java2.jpg,rectangle_java2.jpg,333189599,68,881.0382352941176,312.6447058823529,853.5,295,32,21,int,3,class->block->constructor->parameter_list->parameter->decl->type->name
2,124,rectangle_java2.jpg,rectangle_java2.jpg,333189599,68,881.0382352941176,312.6447058823529,890.5,295,24,21,x1,2,class->block->constructor->parameter_list->parameter->decl->type->name
2,124,rectangle_java2.jpg,rectangle_java2.jpg,333409589,72,851.9705555555555,344.2416666666667,856.5,331,10,19,;,1,class->block->constructor->block->block_content->expr_stmt
2,124,rectangle_java2.jpg,rectangle_java2.jpg,333513599,100,848.5368,339.3692,826.5,331,23,19,x1,2,class->block->constructor->block->block_content->expr_stmt->expr->name->name
2,124,rectangle_java2.jpg,rectangle_java2.jpg,333513599,100,848.5368,339.3692,856.5,331,10,19,;,1,class->block->constructor->block->block_content->expr_stmt
2,124,rectangle_java2.jpg,rectangle_java2.jpg,336205471,72,818.4983333333333,445.53499999999997,806.5,440,15,21,=,1,class->block->constructor->block->block_content->expr_stmt->expr->operator
2,124,rectangle_java2.jpg,rectangle_java2.jpg,336205471,72,818.4983333333333,445.53499999999997,826.5,440,23,21,y2,2,class->block->constructor->block->block_content->expr_stmt->expr->name->name
2,124,rectangle_java2.jpg,rectangle_java2.jpg,336285471,76,810.9710526315789,453.858947368421,806.5,440,15,21,=,1,class->block->constructor->block->block_content->expr_stmt->expr->operator
2,124,rectangle_java2.jpg,rectangle_java2.jpg,336873325,56,863.8628571428571,721.7964285714286,826.5,731,51,20,rect2,5,class->block->function->block->block_content->decl_stmt->decl->name
2,124,rectangle_java2.jpg,rectangle_java2.jpg,337113374,104,803.9438461538462,582.5780769230769,804.5,585,43,21,area,4,class->block->function->name
