trial,participant,code_file,code_language,timestamp,duration,x_cord,y_cord,aoi_x,aoi_y,aoi_width,aoi_height,token,length,srcML
2,125,rectangle_java2.jpg,rectangle_java2.jpg,11868043688,84,795.2623809523809,305.3642857142857,737.5,295,91,21,Rectangle,9,class->block->constructor->name
2,125,rectangle_java2.jpg,rectangle_java2.jpg,11868407670,68,696.8923529411765,238.1064705882353,657.5,222,52,21,class,5,class
2,125,rectangle_java2.jpg,rectangle_java2.jpg,11869575348,80,724.9875,329.7105,730.5,331,71,19,this.x1,7,class->block->constructor->block->block_content->expr_stmt->expr->name->name->operator->name
2,125,rectangle_java2.jpg,rectangle_java2.jpg,11869683277,64,871.26,267.309375,863.5,259,10,21,",",1,class->block->decl_stmt
2,125,rectangle_java2.jpg,rectangle_java2.jpg,11869683277,64,871.26,267.309375,881.5,259,23,21,x2,2,class->block->decl_stmt->decl->name
2,125,rectangle_java2.jpg,rectangle_java2.jpg,11869791198,104,869.2269230769231,256.87538461538463,863.5,259,10,21,",",1,class->block->decl_stmt
2,125,rectangle_java2.jpg,rectangle_java2.jpg,11869791198,104,869.2269230769231,256.87538461538463,881.5,259,23,21,x2,2,class->block->decl_stmt->decl->name
2,125,rectangle_java2.jpg,rectangle_java2.jpg,11870807489,104,652.2826923076923,224.54769230769227,589.5,222,63,21,public,6,class->specifier
2,125,rectangle_java2.jpg,rectangle_java2.jpg,11870807489,104,652.2826923076923,224.54769230769227,657.5,222,52,21,class,5,class
2,125,rectangle_java2.jpg,rectangle_java2.jpg,11871103449,112,739.4632142857142,223.2,715.5,222,90,21,Rectangle,9,class->name
2,125,rectangle_java2.jpg,rectangle_java2.jpg,11871639353,120,670.9626666666667,236.81799999999998,657.5,222,52,21,class,5,class
2,125,rectangle_java2.jpg,rectangle_java2.jpg,11871719369,76,665.9847368421052,249.16526315789474,669.5,259,72,21,private,7,class->block->decl_stmt->decl->type->specifier
2,125,rectangle_java2.jpg,rectangle_java2.jpg,11871867400,96,751.6091666666666,239.09333333333336,715.5,222,90,21,Rectangle,9,class->name
2,125,rectangle_java2.jpg,rectangle_java2.jpg,11871959206,64,741.2524999999999,272.635625,669.5,259,72,21,private,7,class->block->decl_stmt->decl->type->specifier
2,125,rectangle_java2.jpg,rectangle_java2.jpg,11871959206,64,741.2524999999999,272.635625,747.5,259,33,21,int,3,class->block->decl_stmt->decl->type->name
2,125,rectangle_java2.jpg,rectangle_java2.jpg,11872603315,140,702.362,233.02685714285712,657.5,222,52,21,class,5,class
2,125,rectangle_java2.jpg,rectangle_java2.jpg,11872703238,96,696.36125,237.41791666666666,657.5,222,52,21,class,5,class
2,125,rectangle_java2.jpg,rectangle_java2.jpg,11872951233,80,715.1975,293.3235,669.5,295,63,21,public,6,class->block->constructor->specifier
2,125,rectangle_java2.jpg,rectangle_java2.jpg,11873419263,156,756.5838461538461,366.7307692307692,730.5,367,71,21,this.y1,7,class->block->constructor->block->block_content->expr_stmt->expr->name->name->operator->name
2,125,rectangle_java2.jpg,rectangle_java2.jpg,11873867363,104,877.228076923077,251.7211538461538,881.5,259,23,21,x2,2,class->block->decl_stmt->decl->name
2,125,rectangle_java2.jpg,rectangle_java2.jpg,11874911119,60,886.182,527.9053333333334,891.5,512,62,21,return,6,class->block->function->block->block_content->return->expr->name->name
2,125,rectangle_java2.jpg,rectangle_java2.jpg,11875455108,76,896.5005263157894,505.71000000000004,891.5,512,62,21,return,6,class->block->function->block->block_content->return->expr->name->name
2,125,rectangle_java2.jpg,rectangle_java2.jpg,11875967171,176,739.4247727272727,454.1463636363636,730.5,440,71,21,this.y2,7,class->block->constructor->block->block_content->expr_stmt->expr->name->name->operator->name
2,125,rectangle_java2.jpg,rectangle_java2.jpg,11877910843,68,753.094705882353,325.48176470588237,730.5,331,71,19,this.x1,7,class->block->constructor->block->block_content->expr_stmt->expr->name->name->operator->name
2,125,rectangle_java2.jpg,rectangle_java2.jpg,11878030830,116,755.2120689655172,312.2413793103448,737.5,295,91,21,Rectangle,9,class->block->constructor->name
2,125,rectangle_java2.jpg,rectangle_java2.jpg,11878330823,156,730.5210256410256,299.89153846153846,669.5,295,63,21,public,6,class->block->constructor->specifier
2,125,rectangle_java2.jpg,rectangle_java2.jpg,11878330823,156,730.5210256410256,299.89153846153846,737.5,295,91,21,Rectangle,9,class->block->constructor->name
2,125,rectangle_java2.jpg,rectangle_java2.jpg,11878630859,108,781.6966666666667,544.6537037037037,775.5,549,62,21,height,6,class->block->function->name
2,125,rectangle_java2.jpg,rectangle_java2.jpg,11879090746,84,751.374761904762,648.5366666666666,730.5,658,91,20,Rectangle,9,class->block->function->block->block_content->decl_stmt->decl->type->name
2,125,rectangle_java2.jpg,rectangle_java2.jpg,11879342739,80,885.964,662.9755,883.5,658,15,20,=,1,class->block->function->block->block_content->decl_stmt->decl->init
2,125,rectangle_java2.jpg,rectangle_java2.jpg,11879426750,80,886.9565,688.681,730.5,694,177,21,System.out.println,18,class->block->function->block->block_content->expr_stmt->expr->call->name->name->operator->name->operator->name
2,125,rectangle_java2.jpg,rectangle_java2.jpg,11879690483,96,753.9762499999999,518.3016666666666,737.5,512,33,21,int,3,class->block->function->type->name
2,125,rectangle_java2.jpg,rectangle_java2.jpg,11880054506,92,937.0086956521739,555.3743478260869,900.5,549,63,21,return,6,class->block->function->block->block_content->return
2,125,rectangle_java2.jpg,rectangle_java2.jpg,11880490577,68,1014.3805882352941,522.1270588235294,958.5,512,71,21,this.x2,7,class->block->function->block->block_content->return->expr->name->name->operator->name->operator
2,125,rectangle_java2.jpg,rectangle_java2.jpg,11880662578,112,996.5264285714286,574.4014285714286,977.5,585,101,21,this.width,10,class->block->function->block->block_content->return->expr->call->name->name->operator->name
2,125,rectangle_java2.jpg,rectangle_java2.jpg,11880870549,76,919.6494736842105,553.1847368421053,900.5,549,63,21,return,6,class->block->function->block->block_content->return
2,125,rectangle_java2.jpg,rectangle_java2.jpg,11881062588,60,1030.99,541.212,968.5,549,70,21,this.y2,7,class->block->function->block->block_content->return->expr->name->name->operator->name
2,125,rectangle_java2.jpg,rectangle_java2.jpg,11882430724,64,690.5275,529.92625,669.5,512,63,21,public,6,class->block->function->type->specifier
2,125,rectangle_java2.jpg,rectangle_java2.jpg,11882642823,88,683.925909090909,543.2886363636363,669.5,549,63,21,public,6,class->block->function->type->specifier
2,125,rectangle_java2.jpg,rectangle_java2.jpg,11882966432,108,764.8014814814815,527.55,737.5,512,33,21,int,3,class->block->function->type->name
2,125,rectangle_java2.jpg,rectangle_java2.jpg,11882966432,108,764.8014814814815,527.55,775.5,512,53,21,width,5,class->block->function->name
2,125,rectangle_java2.jpg,rectangle_java2.jpg,11883206426,148,707.9737837837838,559.6586486486486,669.5,549,63,21,public,6,class->block->function->type->specifier
2,125,rectangle_java2.jpg,rectangle_java2.jpg,11883310435,68,692.6811764705882,589.4494117647059,669.5,585,63,21,public,6,class->block->function->type->specifier
2,125,rectangle_java2.jpg,rectangle_java2.jpg,11883422442,80,710.7285,563.394,669.5,549,63,21,public,6,class->block->function->type->specifier
2,125,rectangle_java2.jpg,rectangle_java2.jpg,11883502445,76,701.8210526315789,562.5721052631579,669.5,549,63,21,public,6,class->block->function->type->specifier
2,125,rectangle_java2.jpg,rectangle_java2.jpg,11883746239,72,792.098888888889,548.4494444444445,775.5,549,62,21,height,6,class->block->function->name
2,125,rectangle_java2.jpg,rectangle_java2.jpg,11883838270,88,794.680909090909,555.1595454545454,775.5,549,62,21,height,6,class->block->function->name
2,125,rectangle_java2.jpg,rectangle_java2.jpg,11884834310,68,926.5794117647059,580.1741176470588,910.5,585,62,21,return,6,class->block->function->block->block_content->return
2,125,rectangle_java2.jpg,rectangle_java2.jpg,11884946313,88,987.9054545454545,559.2059090909091,968.5,549,70,21,this.y2,7,class->block->function->block->block_content->return->expr->name->name->operator->name
2,125,rectangle_java2.jpg,rectangle_java2.jpg,11885022231,72,977.3355555555555,582.6183333333333,977.5,585,101,21,this.width,10,class->block->function->block->block_content->return->expr->call->name->name->operator->name
2,125,rectangle_java2.jpg,rectangle_java2.jpg,11885122121,72,791.0688888888889,526.3255555555555,775.5,512,53,21,width,5,class->block->function->name
2,125,rectangle_java2.jpg,rectangle_java2.jpg,11885218118,92,794.33,517.7073913043479,775.5,512,53,21,width,5,class->block->function->name
2,125,rectangle_java2.jpg,rectangle_java2.jpg,11885410200,140,1012.1188571428571,522.4237142857143,958.5,512,71,21,this.x2,7,class->block->function->block->block_content->return->expr->name->name->operator->name->operator
2,125,rectangle_java2.jpg,rectangle_java2.jpg,11885626231,96,1015.9516666666666,528.5691666666667,958.5,512,71,21,this.x2,7,class->block->function->block->block_content->return->expr->name->name->operator->name->operator
2,125,rectangle_java2.jpg,rectangle_java2.jpg,11885862187,112,813.9728571428572,528.1760714285714,775.5,512,53,21,width,5,class->block->function->name
2,125,rectangle_java2.jpg,rectangle_java2.jpg,11886926103,76,687.061052631579,595.7826315789474,669.5,585,63,21,public,6,class->block->function->type->specifier
2,125,rectangle_java2.jpg,rectangle_java2.jpg,11887026070,96,687.7429166666667,591.9241666666667,669.5,585,63,21,public,6,class->block->function->type->specifier
2,125,rectangle_java2.jpg,rectangle_java2.jpg,11887310074,92,730.3634782608696,531.9739130434782,669.5,512,63,21,public,6,class->block->function->type->specifier
2,125,rectangle_java2.jpg,rectangle_java2.jpg,11887310074,92,730.3634782608696,531.9739130434782,737.5,512,33,21,int,3,class->block->function->type->name
2,125,rectangle_java2.jpg,rectangle_java2.jpg,11887386089,72,732.06,526.7127777777778,669.5,512,63,21,public,6,class->block->function->type->specifier
2,125,rectangle_java2.jpg,rectangle_java2.jpg,11887386089,72,732.06,526.7127777777778,737.5,512,33,21,int,3,class->block->function->type->name
2,125,rectangle_java2.jpg,rectangle_java2.jpg,11887826080,188,761.2353191489361,458.2763829787234,730.5,440,71,21,this.y2,7,class->block->constructor->block->block_content->expr_stmt->expr->name->name->operator->name
2,125,rectangle_java2.jpg,rectangle_java2.jpg,11889081924,64,958.48875,585.406875,910.5,585,62,21,return,6,class->block->function->block->block_content->return
2,125,rectangle_java2.jpg,rectangle_java2.jpg,11889157894,72,959.9783333333334,600.0666666666667,910.5,585,62,21,return,6,class->block->function->block->block_content->return
2,125,rectangle_java2.jpg,rectangle_java2.jpg,11889437895,92,756.5804347826087,347.43565217391307,730.5,331,71,19,this.x1,7,class->block->constructor->block->block_content->expr_stmt->expr->name->name->operator->name
2,125,rectangle_java2.jpg,rectangle_java2.jpg,11889661919,56,722.5264285714286,227.91642857142858,715.5,222,90,21,Rectangle,9,class->name
2,125,rectangle_java2.jpg,rectangle_java2.jpg,11890197733,116,720.3196551724138,574.0248275862069,669.5,585,63,21,public,6,class->block->function->type->specifier
2,125,rectangle_java2.jpg,rectangle_java2.jpg,11891077779,88,754.5836363636364,448.75363636363636,730.5,440,71,21,this.y2,7,class->block->constructor->block->block_content->expr_stmt->expr->name->name->operator->name
2,125,rectangle_java2.jpg,rectangle_java2.jpg,11891637634,60,881.304,537.9126666666667,883.5,549,10,21,{,1,class->block->function->block
2,125,rectangle_java2.jpg,rectangle_java2.jpg,11891781686,92,872.3482608695653,521.4882608695652,874.5,512,10,21,{,1,class->block->function->block
2,125,rectangle_java2.jpg,rectangle_java2.jpg,11891929691,64,976.979375,559.776875,968.5,549,70,21,this.y2,7,class->block->function->block->block_content->return->expr->name->name->operator->name
2,125,rectangle_java2.jpg,rectangle_java2.jpg,11892065680,132,984.7527272727273,558.4412121212122,968.5,549,70,21,this.y2,7,class->block->function->block->block_content->return->expr->name->name->operator->name
2,125,rectangle_java2.jpg,rectangle_java2.jpg,11892173664,68,1033.2435294117647,549.2158823529412,968.5,549,70,21,this.y2,7,class->block->function->block->block_content->return->expr->name->name->operator->name
2,125,rectangle_java2.jpg,rectangle_java2.jpg,11892173664,68,1033.2435294117647,549.2158823529412,1045.5,549,13,21,-,1,class->block->function->block->block_content->return->expr->operator
2,125,rectangle_java2.jpg,rectangle_java2.jpg,11892245670,68,1039.4164705882354,543.6247058823529,1045.5,549,13,21,-,1,class->block->function->block->block_content->return->expr->operator
2,125,rectangle_java2.jpg,rectangle_java2.jpg,11892357678,68,1023.5705882352942,582.4629411764706,977.5,585,101,21,this.width,10,class->block->function->block->block_content->return->expr->call->name->name->operator->name
2,125,rectangle_java2.jpg,rectangle_java2.jpg,11892469665,68,753.2535294117647,442.1705882352942,730.5,440,71,21,this.y2,7,class->block->constructor->block->block_content->expr_stmt->expr->name->name->operator->name
2,125,rectangle_java2.jpg,rectangle_java2.jpg,11892537657,64,745.845,433.201875,730.5,440,71,21,this.y2,7,class->block->constructor->block->block_content->expr_stmt->expr->name->name->operator->name
2,125,rectangle_java2.jpg,rectangle_java2.jpg,11892637663,96,733.7733333333333,456.5370833333334,730.5,440,71,21,this.y2,7,class->block->constructor->block->block_content->expr_stmt->expr->name->name->operator->name
2,125,rectangle_java2.jpg,rectangle_java2.jpg,11893657356,136,1095.4420588235294,565.4108823529411,1064.5,549,71,21,this.y1,7,class->block->function->block->block_content->return->expr->name->name->operator->name
2,125,rectangle_java2.jpg,rectangle_java2.jpg,11893737541,76,1096.286842105263,583.3463157894737,1086.5,585,10,21,(,1,class->block->function->block->block_content->return->expr->call->argument_list
2,125,rectangle_java2.jpg,rectangle_java2.jpg,11893737541,76,1096.286842105263,583.3463157894737,1103.5,585,9,21,),1,class->block->function->block->block_content->return->expr->call->argument_list
2,125,rectangle_java2.jpg,rectangle_java2.jpg,11893877602,88,1147.9363636363637,573.4981818181818,1140.5,585,110,21,this.height,11,class->block->function->block->block_content->return->expr->call->name->name->operator->name
2,125,rectangle_java2.jpg,rectangle_java2.jpg,11894321549,100,1189.172,582.2644,1140.5,585,110,21,this.height,11,class->block->function->block->block_content->return->expr->call->name->name->operator->name
2,125,rectangle_java2.jpg,rectangle_java2.jpg,11894965392,56,683.4978571428571,599.7078571428572,669.5,585,63,21,public,6,class->block->function->type->specifier
2,125,rectangle_java2.jpg,rectangle_java2.jpg,11895145350,56,906.875,579.0735714285714,910.5,585,62,21,return,6,class->block->function->block->block_content->return
2,125,rectangle_java2.jpg,rectangle_java2.jpg,11895829352,72,751.955,653.9866666666667,730.5,658,91,20,Rectangle,9,class->block->function->block->block_content->decl_stmt->decl->type->name
2,125,rectangle_java2.jpg,rectangle_java2.jpg,11896249115,60,897.872,618.426,904.5,621,9,21,(,1,class->block->function->parameter_list
2,125,rectangle_java2.jpg,rectangle_java2.jpg,11896529273,72,808.2961111111111,626.62,804.5,621,44,21,void,4,class->block->function->type->name
2,125,rectangle_java2.jpg,rectangle_java2.jpg,11897133274,64,1184.128125,645.596875,1182.5,658,22,20,10,2,class->block->function->block->block_content->decl_stmt->decl->init->expr->call->argument_list->argument->expr->literal
2,125,rectangle_java2.jpg,rectangle_java2.jpg,11897856950,116,734.8944827586207,621.9641379310344,738.5,621,61,21,static,6,class->block->function->type->specifier
2,125,rectangle_java2.jpg,rectangle_java2.jpg,11898041098,144,783.9316666666666,665.0566666666666,730.5,658,91,20,Rectangle,9,class->block->function->block->block_content->decl_stmt->decl->type->name
2,125,rectangle_java2.jpg,rectangle_java2.jpg,11898133150,68,768.24,693.4129411764706,730.5,694,177,21,System.out.println,18,class->block->function->block->block_content->expr_stmt->expr->call->name->name->operator->name->operator->name
2,125,rectangle_java2.jpg,rectangle_java2.jpg,11898313193,108,725.8748148148148,654.3296296296296,730.5,658,91,20,Rectangle,9,class->block->function->block->block_content->decl_stmt->decl->type->name
2,125,rectangle_java2.jpg,rectangle_java2.jpg,11899205187,136,717.2105882352942,260.36264705882354,669.5,259,72,21,private,7,class->block->decl_stmt->decl->type->specifier
2,125,rectangle_java2.jpg,rectangle_java2.jpg,11899361041,60,932.73,783.4466666666667,932.5,766,100,21,rect2.area,10,class->block->function->block->block_content->expr_stmt->expr->call->argument_list->argument->expr->call->name->name->operator->name
2,125,rectangle_java2.jpg,rectangle_java2.jpg,11899805001,156,999.4735897435897,769.69,932.5,766,100,21,rect2.area,10,class->block->function->block->block_content->expr_stmt->expr->call->argument_list->argument->expr->call->name->name->operator->name
2,125,rectangle_java2.jpg,rectangle_java2.jpg,11899936998,96,960.9408333333333,772.8970833333333,932.5,766,100,21,rect2.area,10,class->block->function->block->block_content->expr_stmt->expr->call->argument_list->argument->expr->call->name->name->operator->name
2,125,rectangle_java2.jpg,rectangle_java2.jpg,11900032978,56,956.2692857142857,766.7507142857143,932.5,766,100,21,rect2.area,10,class->block->function->block->block_content->expr_stmt->expr->call->argument_list->argument->expr->call->name->name->operator->name
2,125,rectangle_java2.jpg,rectangle_java2.jpg,11900593025,92,757.7808695652174,754.0752173913044,730.5,766,177,21,System.out.println,18,class->block->function->block->block_content->expr_stmt->expr->call->name->name->operator->name->operator->name
2,125,rectangle_java2.jpg,rectangle_java2.jpg,11900708951,80,733.942,759.5335,730.5,766,177,21,System.out.println,18,class->block->function->block->block_content->expr_stmt->expr->call->name->name->operator->name->operator->name
2,125,rectangle_java2.jpg,rectangle_java2.jpg,11900864853,152,733.8984210526315,763.177105263158,730.5,766,177,21,System.out.println,18,class->block->function->block->block_content->expr_stmt->expr->call->name->name->operator->name->operator->name
2,125,rectangle_java2.jpg,rectangle_java2.jpg,11901128913,260,737.87,768.6544615384615,730.5,766,177,21,System.out.println,18,class->block->function->block->block_content->expr_stmt->expr->call->name->name->operator->name->operator->name
2,125,rectangle_java2.jpg,rectangle_java2.jpg,11901936897,228,761.0187719298245,712.3643859649122,730.5,694,177,21,System.out.println,18,class->block->function->block->block_content->expr_stmt->expr->call->name->name->operator->name->operator->name
2,125,rectangle_java2.jpg,rectangle_java2.jpg,11902248888,64,1080.0625,726.3412500000001,1077.5,731,9,20,",",1,class->block->function->block->block_content->decl_stmt->decl->init->expr->call->argument_list
2,125,rectangle_java2.jpg,rectangle_java2.jpg,11902416761,164,1088.2017073170732,729.2039024390244,1095.5,731,13,20,5,1,class->block->function->block->block_content->decl_stmt->decl->init->expr->call->argument_list->argument->expr->literal
2,125,rectangle_java2.jpg,rectangle_java2.jpg,11902996883,220,833.8689090909091,693.9758181818182,730.5,694,177,21,System.out.println,18,class->block->function->block->block_content->expr_stmt->expr->call->name->name->operator->name->operator->name
2,125,rectangle_java2.jpg,rectangle_java2.jpg,11903253034,204,907.9578431372549,702.3119607843138,916.5,694,9,21,(,1,class->block->function->block->block_content->expr_stmt->expr->call->argument_list
2,125,rectangle_java2.jpg,rectangle_java2.jpg,11903344938,68,972.7629411764706,713.9329411764705,932.5,694,100,21,rect1.area,10,class->block->function->block->block_content->expr_stmt->expr->call->argument_list->argument->expr->call->name->name->operator->name
2,125,rectangle_java2.jpg,rectangle_java2.jpg,11903500979,112,984.1810714285714,697.3039285714286,932.5,694,100,21,rect1.area,10,class->block->function->block->block_content->expr_stmt->expr->call->argument_list->argument->expr->call->name->name->operator->name
2,125,rectangle_java2.jpg,rectangle_java2.jpg,11903744915,112,1095.1642857142856,723.4957142857143,1095.5,731,13,20,5,1,class->block->function->block->block_content->decl_stmt->decl->init->expr->call->argument_list->argument->expr->literal
2,125,rectangle_java2.jpg,rectangle_java2.jpg,11904100716,136,1169.240294117647,720.545294117647,1163.5,731,10,20,",",1,class->block->function->block->block_content->decl_stmt->decl->init->expr->call->argument_list
2,125,rectangle_java2.jpg,rectangle_java2.jpg,11904284621,140,1015.6408571428572,738.2062857142857,941.5,731,91,20,Rectangle,9,class->block->function->block->block_content->decl_stmt->decl->init->expr->call->name
2,125,rectangle_java2.jpg,rectangle_java2.jpg,11904416597,64,783.2825,701.405,730.5,694,177,21,System.out.println,18,class->block->function->block->block_content->expr_stmt->expr->call->name->name->operator->name->operator->name
2,125,rectangle_java2.jpg,rectangle_java2.jpg,11904476590,56,798.4385714285714,711.8135714285714,730.5,694,177,21,System.out.println,18,class->block->function->block->block_content->expr_stmt->expr->call->name->name->operator->name->operator->name
2,125,rectangle_java2.jpg,rectangle_java2.jpg,11904936557,184,738.3502173913043,251.82217391304346,669.5,259,72,21,private,7,class->block->decl_stmt->decl->type->specifier
2,125,rectangle_java2.jpg,rectangle_java2.jpg,11904936557,184,738.3502173913043,251.82217391304346,747.5,259,33,21,int,3,class->block->decl_stmt->decl->type->name
2,125,rectangle_java2.jpg,rectangle_java2.jpg,11905152581,160,681.58175,264.13075,669.5,259,72,21,private,7,class->block->decl_stmt->decl->type->specifier
2,125,rectangle_java2.jpg,rectangle_java2.jpg,11905360672,140,889.292,254.23285714285714,881.5,259,23,21,x2,2,class->block->decl_stmt->decl->name
2,125,rectangle_java2.jpg,rectangle_java2.jpg,11906264493,128,1050.913125,773.046875,1057.5,766,10,21,),1,class->block->function->block->block_content->expr_stmt->expr->call->argument_list->argument->expr->call->argument_list
2,125,rectangle_java2.jpg,rectangle_java2.jpg,11906648462,116,989.841724137931,743.4768965517242,941.5,731,91,20,Rectangle,9,class->block->function->block->block_content->decl_stmt->decl->init->expr->call->name
2,125,rectangle_java2.jpg,rectangle_java2.jpg,11906780358,108,984.5633333333333,739.6596296296296,941.5,731,91,20,Rectangle,9,class->block->function->block->block_content->decl_stmt->decl->init->expr->call->name
2,125,rectangle_java2.jpg,rectangle_java2.jpg,11907024356,140,736.894,705.2171428571429,730.5,694,177,21,System.out.println,18,class->block->function->block->block_content->expr_stmt->expr->call->name->name->operator->name->operator->name
2,125,rectangle_java2.jpg,rectangle_java2.jpg,11907496414,92,674.0343478260869,816.7660869565217,672.5,804,10,18,},1,class->block->function->block
