trial,participant,code_file,code_language,timestamp,duration,x_cord,y_cord,aoi_x,aoi_y,aoi_width,aoi_height,token,length,srcML
2,139,rectangle_java2.jpg,rectangle_java2.jpg,3483020289,144,843.8091666666667,261.6947222222222,833.5,259,23,21,y1,2,class->block->decl_stmt->decl->name
2,139,rectangle_java2.jpg,rectangle_java2.jpg,3483220205,144,696.0586111111111,218.63611111111112,657.5,222,52,21,class,5,class
2,139,rectangle_java2.jpg,rectangle_java2.jpg,3483896174,312,843.5053846153846,622.8951282051282,804.5,621,44,21,void,4,class->block->function->type->name
2,139,rectangle_java2.jpg,rectangle_java2.jpg,3483896174,312,843.5053846153846,622.8951282051282,851.5,621,44,21,main,4,class->block->function->name
2,139,rectangle_java2.jpg,rectangle_java2.jpg,3484132171,136,763.2944117647058,217.8679411764706,715.5,222,90,21,Rectangle,9,class->name
2,139,rectangle_java2.jpg,rectangle_java2.jpg,3484564145,280,830.0871428571429,314.8157142857143,837.5,295,9,21,(,1,class->block->constructor->parameter_list
2,139,rectangle_java2.jpg,rectangle_java2.jpg,3484847893,236,766.5452542372881,340.09661016949156,730.5,331,71,19,this.x1,7,class->block->constructor->block->block_content->expr_stmt->expr->name->name->operator->name
2,139,rectangle_java2.jpg,rectangle_java2.jpg,3485239992,316,742.6151898734178,257.6207594936709,747.5,259,33,21,int,3,class->block->decl_stmt->decl->type->name
2,139,rectangle_java2.jpg,rectangle_java2.jpg,3485564027,280,679.9404285714286,218.7487142857143,657.5,222,52,21,class,5,class
2,139,rectangle_java2.jpg,rectangle_java2.jpg,3485776148,148,827.5135135135135,593.701081081081,804.5,585,43,21,area,4,class->block->function->name
2,139,rectangle_java2.jpg,rectangle_java2.jpg,3485952087,96,804.3808333333334,361.6983333333333,806.5,367,15,21,=,1,class->block->constructor->block->block_content->expr_stmt->expr->operator
2,139,rectangle_java2.jpg,rectangle_java2.jpg,3486152219,196,796.9328571428572,361.2348979591837,730.5,367,71,21,this.y1,7,class->block->constructor->block->block_content->expr_stmt->expr->name->name->operator->name
2,139,rectangle_java2.jpg,rectangle_java2.jpg,3486152219,196,796.9328571428572,361.2348979591837,806.5,367,15,21,=,1,class->block->constructor->block->block_content->expr_stmt->expr->operator
2,139,rectangle_java2.jpg,rectangle_java2.jpg,3486463773,120,764.8926666666666,328.36466666666666,730.5,331,71,19,this.x1,7,class->block->constructor->block->block_content->expr_stmt->expr->name->name->operator->name
2,139,rectangle_java2.jpg,rectangle_java2.jpg,3486527835,60,768.524,330.03333333333336,730.5,331,71,19,this.x1,7,class->block->constructor->block->block_content->expr_stmt->expr->name->name->operator->name
2,139,rectangle_java2.jpg,rectangle_java2.jpg,3486683960,128,816.5784375,325.5725,806.5,331,15,19,=,1,class->block->constructor->block->block_content->expr_stmt->expr->operator
2,139,rectangle_java2.jpg,rectangle_java2.jpg,3486683960,128,816.5784375,325.5725,826.5,331,23,19,x1,2,class->block->constructor->block->block_content->expr_stmt->expr->name->name
2,139,rectangle_java2.jpg,rectangle_java2.jpg,3486748015,60,818.8466666666667,322.04466666666667,806.5,331,15,19,=,1,class->block->constructor->block->block_content->expr_stmt->expr->operator
2,139,rectangle_java2.jpg,rectangle_java2.jpg,3486748015,60,818.8466666666667,322.04466666666667,826.5,331,23,19,x1,2,class->block->constructor->block->block_content->expr_stmt->expr->name->name
2,139,rectangle_java2.jpg,rectangle_java2.jpg,3486908068,124,711.4941935483871,286.63612903225805,669.5,295,63,21,public,6,class->block->constructor->specifier
2,139,rectangle_java2.jpg,rectangle_java2.jpg,3487011989,100,706.456,283.0508,669.5,295,63,21,public,6,class->block->constructor->specifier
2,139,rectangle_java2.jpg,rectangle_java2.jpg,3487127942,112,709.3867857142857,272.63928571428573,669.5,259,72,21,private,7,class->block->decl_stmt->decl->type->specifier
2,139,rectangle_java2.jpg,rectangle_java2.jpg,3488007828,160,739.48425,218.007,715.5,222,90,21,Rectangle,9,class->name
2,139,rectangle_java2.jpg,rectangle_java2.jpg,3488227794,168,739.2378571428571,249.51428571428573,669.5,259,72,21,private,7,class->block->decl_stmt->decl->type->specifier
2,139,rectangle_java2.jpg,rectangle_java2.jpg,3488227794,168,739.2378571428571,249.51428571428573,747.5,259,33,21,int,3,class->block->decl_stmt->decl->type->name
2,139,rectangle_java2.jpg,rectangle_java2.jpg,3488483690,252,725.9009523809524,247.56746031746036,669.5,259,72,21,private,7,class->block->decl_stmt->decl->type->specifier
2,139,rectangle_java2.jpg,rectangle_java2.jpg,3488687693,172,785.1634883720931,247.73465116279067,785.5,259,23,21,x1,2,class->block->decl_stmt->decl->name
2,139,rectangle_java2.jpg,rectangle_java2.jpg,3488923734,232,786.1625862068965,250.0458620689655,785.5,259,23,21,x1,2,class->block->decl_stmt->decl->name
2,139,rectangle_java2.jpg,rectangle_java2.jpg,3489111747,152,821.5981578947368,254.57473684210527,815.5,259,10,21,",",1,class->block->decl_stmt
2,139,rectangle_java2.jpg,rectangle_java2.jpg,3489111747,152,821.5981578947368,254.57473684210527,833.5,259,23,21,y1,2,class->block->decl_stmt->decl->name
2,139,rectangle_java2.jpg,rectangle_java2.jpg,3489295780,108,708.3866666666667,291.9440740740741,669.5,295,63,21,public,6,class->block->constructor->specifier
2,139,rectangle_java2.jpg,rectangle_java2.jpg,3489403719,104,712.0546153846154,295.07307692307694,669.5,295,63,21,public,6,class->block->constructor->specifier
2,139,rectangle_java2.jpg,rectangle_java2.jpg,3489559566,152,734.7178947368421,291.8757894736842,737.5,295,91,21,Rectangle,9,class->block->constructor->name
2,139,rectangle_java2.jpg,rectangle_java2.jpg,3489727534,124,800.7516129032258,287.9490322580645,737.5,295,91,21,Rectangle,9,class->block->constructor->name
2,139,rectangle_java2.jpg,rectangle_java2.jpg,3489851564,92,901.7039130434782,294.3473913043478,890.5,295,24,21,x1,2,class->block->constructor->parameter_list->parameter->decl->type->name
2,139,rectangle_java2.jpg,rectangle_java2.jpg,3489919572,64,909.079375,287.16625,890.5,295,24,21,x1,2,class->block->constructor->parameter_list->parameter->decl->type->name
2,139,rectangle_java2.jpg,rectangle_java2.jpg,3489919572,64,909.079375,287.16625,921.5,295,9,21,",",1,class->block->constructor->parameter_list
2,139,rectangle_java2.jpg,rectangle_java2.jpg,3490035599,112,903.0992857142858,285.99892857142856,890.5,295,24,21,x1,2,class->block->constructor->parameter_list->parameter->decl->type->name
2,139,rectangle_java2.jpg,rectangle_java2.jpg,3490131601,92,880.7178260869565,285.06695652173914,853.5,295,32,21,int,3,class->block->constructor->parameter_list->parameter->decl->type->name
2,139,rectangle_java2.jpg,rectangle_java2.jpg,3490131601,92,880.7178260869565,285.06695652173914,890.5,295,24,21,x1,2,class->block->constructor->parameter_list->parameter->decl->type->name
2,139,rectangle_java2.jpg,rectangle_java2.jpg,3490295263,160,876.112,292.706,853.5,295,32,21,int,3,class->block->constructor->parameter_list->parameter->decl->type->name
2,139,rectangle_java2.jpg,rectangle_java2.jpg,3490447303,104,909.6965384615385,289.79346153846154,890.5,295,24,21,x1,2,class->block->constructor->parameter_list->parameter->decl->type->name
2,139,rectangle_java2.jpg,rectangle_java2.jpg,3490447303,104,909.6965384615385,289.79346153846154,921.5,295,9,21,",",1,class->block->constructor->parameter_list
2,139,rectangle_java2.jpg,rectangle_java2.jpg,3490795636,160,996.659,286.712,977.5,295,23,21,y1,2,class->block->constructor->parameter_list->parameter->decl->type->name
2,139,rectangle_java2.jpg,rectangle_java2.jpg,3490795636,160,996.659,286.712,1007.5,295,10,21,",",1,class->block->constructor->parameter_list
2,139,rectangle_java2.jpg,rectangle_java2.jpg,3490943573,144,983.4575,290.3613888888889,977.5,295,23,21,y1,2,class->block->constructor->parameter_list->parameter->decl->type->name
2,139,rectangle_java2.jpg,rectangle_java2.jpg,3491107434,160,977.3435,286.056,977.5,295,23,21,y1,2,class->block->constructor->parameter_list->parameter->decl->type->name
2,139,rectangle_java2.jpg,rectangle_java2.jpg,3491363488,220,748.4592727272727,238.24472727272723,715.5,222,90,21,Rectangle,9,class->name
2,139,rectangle_java2.jpg,rectangle_java2.jpg,3491475519,68,789.9941176470588,241.08411764705886,715.5,222,90,21,Rectangle,9,class->name
2,139,rectangle_java2.jpg,rectangle_java2.jpg,3491787521,88,994.0440909090909,284.3559090909091,977.5,295,23,21,y1,2,class->block->constructor->parameter_list->parameter->decl->type->name
2,139,rectangle_java2.jpg,rectangle_java2.jpg,3492159479,344,1055.1331395348836,290.69709302325583,1025.5,295,33,21,int,3,class->block->constructor->parameter_list->parameter->decl->type->name
2,139,rectangle_java2.jpg,rectangle_java2.jpg,3492159479,344,1055.1331395348836,290.69709302325583,1063.5,295,23,21,x2,2,class->block->constructor->parameter_list->parameter->decl->type->name
2,139,rectangle_java2.jpg,rectangle_java2.jpg,3492319483,124,1094.1567741935485,293.8922580645161,1094.5,295,9,21,",",1,class->block->constructor->parameter_list
2,139,rectangle_java2.jpg,rectangle_java2.jpg,3492407491,84,1096.8614285714286,286.0680952380952,1094.5,295,9,21,",",1,class->block->constructor->parameter_list
2,139,rectangle_java2.jpg,rectangle_java2.jpg,3492735478,188,1154.8934042553192,290.6127659574468,1150.5,295,23,21,y2,2,class->block->constructor->parameter_list->parameter->decl->type->name
2,139,rectangle_java2.jpg,rectangle_java2.jpg,3492959407,192,791.5966666666667,333.341875,730.5,331,71,19,this.x1,7,class->block->constructor->block->block_content->expr_stmt->expr->name->name->operator->name
2,139,rectangle_java2.jpg,rectangle_java2.jpg,3493039395,76,776.9347368421053,335.341052631579,730.5,331,71,19,this.x1,7,class->block->constructor->block->block_content->expr_stmt->expr->name->name->operator->name
2,139,rectangle_java2.jpg,rectangle_java2.jpg,3493167385,124,766.9896774193548,321.62612903225806,730.5,331,71,19,this.x1,7,class->block->constructor->block->block_content->expr_stmt->expr->name->name->operator->name
2,139,rectangle_java2.jpg,rectangle_java2.jpg,3493567317,240,770.705,331.197,730.5,331,71,19,this.x1,7,class->block->constructor->block->block_content->expr_stmt->expr->name->name->operator->name
2,139,rectangle_java2.jpg,rectangle_java2.jpg,3493643301,72,770.9266666666666,321.51,730.5,331,71,19,this.x1,7,class->block->constructor->block->block_content->expr_stmt->expr->name->name->operator->name
2,139,rectangle_java2.jpg,rectangle_java2.jpg,3493795356,112,803.1071428571429,327.25607142857143,806.5,331,15,19,=,1,class->block->constructor->block->block_content->expr_stmt->expr->operator
2,139,rectangle_java2.jpg,rectangle_java2.jpg,3493899345,100,809.8348,324.036,806.5,331,15,19,=,1,class->block->constructor->block->block_content->expr_stmt->expr->operator
2,139,rectangle_java2.jpg,rectangle_java2.jpg,3494071283,116,786.1368965517241,331.69448275862067,730.5,331,71,19,this.x1,7,class->block->constructor->block->block_content->expr_stmt->expr->name->name->operator->name
2,139,rectangle_java2.jpg,rectangle_java2.jpg,3494527229,272,795.2157352941176,300.4476470588235,737.5,295,91,21,Rectangle,9,class->block->constructor->name
2,139,rectangle_java2.jpg,rectangle_java2.jpg,3494691230,136,829.1073529411765,320.1038235294118,826.5,331,23,19,x1,2,class->block->constructor->block->block_content->expr_stmt->expr->name->name
2,139,rectangle_java2.jpg,rectangle_java2.jpg,3494823210,128,829.970625,327.1165625,826.5,331,23,19,x1,2,class->block->constructor->block->block_content->expr_stmt->expr->name->name
2,139,rectangle_java2.jpg,rectangle_java2.jpg,3494979205,152,827.9763157894737,313.94736842105266,737.5,295,91,21,Rectangle,9,class->block->constructor->name
2,139,rectangle_java2.jpg,rectangle_java2.jpg,3494979205,152,827.9763157894737,313.94736842105266,837.5,295,9,21,(,1,class->block->constructor->parameter_list
2,139,rectangle_java2.jpg,rectangle_java2.jpg,3495063210,80,819.167,320.722,806.5,331,15,19,=,1,class->block->constructor->block->block_content->expr_stmt->expr->operator
2,139,rectangle_java2.jpg,rectangle_java2.jpg,3495063210,80,819.167,320.722,826.5,331,23,19,x1,2,class->block->constructor->block->block_content->expr_stmt->expr->name->name
2,139,rectangle_java2.jpg,rectangle_java2.jpg,3495175241,108,819.0844444444444,306.68074074074076,737.5,295,91,21,Rectangle,9,class->block->constructor->name
2,139,rectangle_java2.jpg,rectangle_java2.jpg,3495347205,100,743.1204,314.3496,737.5,295,91,21,Rectangle,9,class->block->constructor->name
2,139,rectangle_java2.jpg,rectangle_java2.jpg,3495695312,148,762.5443243243243,338.53810810810813,730.5,331,71,19,this.x1,7,class->block->constructor->block->block_content->expr_stmt->expr->name->name->operator->name
2,139,rectangle_java2.jpg,rectangle_java2.jpg,3495858936,160,762.47775,347.868,730.5,331,71,19,this.x1,7,class->block->constructor->block->block_content->expr_stmt->expr->name->name->operator->name
2,139,rectangle_java2.jpg,rectangle_java2.jpg,3496143188,76,795.5757894736842,348.2621052631579,730.5,331,71,19,this.x1,7,class->block->constructor->block->block_content->expr_stmt->expr->name->name->operator->name
2,139,rectangle_java2.jpg,rectangle_java2.jpg,3496143188,76,795.5757894736842,348.2621052631579,806.5,331,15,19,=,1,class->block->constructor->block->block_content->expr_stmt->expr->operator
2,139,rectangle_java2.jpg,rectangle_java2.jpg,3496299133,152,788.1492105263158,357.7626315789474,730.5,367,71,21,this.y1,7,class->block->constructor->block->block_content->expr_stmt->expr->name->name->operator->name
2,139,rectangle_java2.jpg,rectangle_java2.jpg,3496823088,216,765.4159259259259,384.6272222222222,730.5,367,71,21,this.y1,7,class->block->constructor->block->block_content->expr_stmt->expr->name->name->operator->name
2,139,rectangle_java2.jpg,rectangle_java2.jpg,3496947101,120,762.6776666666667,394.34366666666665,730.5,404,71,19,this.x2,7,class->block->constructor->block->block_content->expr_stmt->expr->name->name->operator->name
2,139,rectangle_java2.jpg,rectangle_java2.jpg,3497215076,212,794.5554716981133,385.72641509433964,730.5,367,71,21,this.y1,7,class->block->constructor->block->block_content->expr_stmt->expr->name->name->operator->name
2,139,rectangle_java2.jpg,rectangle_java2.jpg,3497215076,212,794.5554716981133,385.72641509433964,806.5,367,15,21,=,1,class->block->constructor->block->block_content->expr_stmt->expr->operator
2,139,rectangle_java2.jpg,rectangle_java2.jpg,3497610976,100,775.9052,409.2632,730.5,404,71,19,this.x2,7,class->block->constructor->block->block_content->expr_stmt->expr->name->name->operator->name
2,139,rectangle_java2.jpg,rectangle_java2.jpg,3497838969,224,778.4578571428572,415.6039285714286,730.5,404,71,19,this.x2,7,class->block->constructor->block->block_content->expr_stmt->expr->name->name->operator->name
2,139,rectangle_java2.jpg,rectangle_java2.jpg,3498059041,216,766.2240740740741,414.55944444444447,730.5,404,71,19,this.x2,7,class->block->constructor->block->block_content->expr_stmt->expr->name->name->operator->name
2,139,rectangle_java2.jpg,rectangle_java2.jpg,3498211002,124,808.7548387096774,405.9458064516129,806.5,404,15,19,=,1,class->block->constructor->block->block_content->expr_stmt->expr->operator
2,139,rectangle_java2.jpg,rectangle_java2.jpg,3498310981,96,805.9975,415.19000000000005,806.5,404,15,19,=,1,class->block->constructor->block->block_content->expr_stmt->expr->operator
2,139,rectangle_java2.jpg,rectangle_java2.jpg,3498426973,84,741.8390476190476,409.5447619047619,730.5,404,71,19,this.x2,7,class->block->constructor->block->block_content->expr_stmt->expr->name->name->operator->name
2,139,rectangle_java2.jpg,rectangle_java2.jpg,3498578973,148,744.4286486486486,403.74108108108106,730.5,404,71,19,this.x2,7,class->block->constructor->block->block_content->expr_stmt->expr->name->name->operator->name
2,139,rectangle_java2.jpg,rectangle_java2.jpg,3498686981,104,750.098076923077,421.14576923076925,730.5,404,71,19,this.x2,7,class->block->constructor->block->block_content->expr_stmt->expr->name->name->operator->name
2,139,rectangle_java2.jpg,rectangle_java2.jpg,3498806888,76,773.8652631578947,343.5736842105263,730.5,331,71,19,this.x1,7,class->block->constructor->block->block_content->expr_stmt->expr->name->name->operator->name
2,139,rectangle_java2.jpg,rectangle_java2.jpg,3498882808,72,768.8766666666667,345.1272222222222,730.5,331,71,19,this.x1,7,class->block->constructor->block->block_content->expr_stmt->expr->name->name->operator->name
2,139,rectangle_java2.jpg,rectangle_java2.jpg,3500398745,84,1046.0433333333333,504.97,1035.5,512,13,21,-,1,class->block->function->block->block_content->return->expr->name->name
2,139,rectangle_java2.jpg,rectangle_java2.jpg,3500398745,84,1046.0433333333333,504.97,1054.5,512,71,21,this.x1,7,class->block->function->block->block_content->return->expr->name->name->operator->name
2,139,rectangle_java2.jpg,rectangle_java2.jpg,3500574615,172,1050.9425581395349,507.66720930232555,1054.5,512,71,21,this.x1,7,class->block->function->block->block_content->return->expr->name->name->operator->name
2,139,rectangle_java2.jpg,rectangle_java2.jpg,3500906782,152,1025.3436842105264,503.60289473684213,958.5,512,71,21,this.x2,7,class->block->function->block->block_content->return->expr->name->name->operator->name->operator
2,139,rectangle_java2.jpg,rectangle_java2.jpg,3500906782,152,1025.3436842105264,503.60289473684213,1035.5,512,13,21,-,1,class->block->function->block->block_content->return->expr->name->name
2,139,rectangle_java2.jpg,rectangle_java2.jpg,3501406684,184,890.1671739130435,620.8863043478261,851.5,621,44,21,main,4,class->block->function->name
2,139,rectangle_java2.jpg,rectangle_java2.jpg,3501682685,76,770.6568421052632,614.2736842105263,738.5,621,61,21,static,6,class->block->function->type->specifier
2,139,rectangle_java2.jpg,rectangle_java2.jpg,3501850639,132,692.2557575757576,547.3784848484848,669.5,549,63,21,public,6,class->block->function->type->specifier
2,139,rectangle_java2.jpg,rectangle_java2.jpg,3501942647,88,700.5804545454546,523.7395454545455,669.5,512,63,21,public,6,class->block->function->type->specifier
2,139,rectangle_java2.jpg,rectangle_java2.jpg,3502022622,76,705.5973684210526,527.1963157894737,669.5,512,63,21,public,6,class->block->function->type->specifier
2,139,rectangle_java2.jpg,rectangle_java2.jpg,3502382434,92,937.2526086956522,507.53565217391304,891.5,512,62,21,return,6,class->block->function->block->block_content->return->expr->name->name
2,139,rectangle_java2.jpg,rectangle_java2.jpg,3502514523,128,947.964375,512.0603125,891.5,512,62,21,return,6,class->block->function->block->block_content->return->expr->name->name
2,139,rectangle_java2.jpg,rectangle_java2.jpg,3502514523,128,947.964375,512.0603125,958.5,512,71,21,this.x2,7,class->block->function->block->block_content->return->expr->name->name->operator->name->operator
2,139,rectangle_java2.jpg,rectangle_java2.jpg,3502650598,132,944.3490909090909,527.2242424242424,891.5,512,62,21,return,6,class->block->function->block->block_content->return->expr->name->name
2,139,rectangle_java2.jpg,rectangle_java2.jpg,3502990605,108,783.0222222222222,635.0,738.5,621,61,21,static,6,class->block->function->type->specifier
2,139,rectangle_java2.jpg,rectangle_java2.jpg,3503214630,220,770.1532727272727,628.086,738.5,621,61,21,static,6,class->block->function->type->specifier
2,139,rectangle_java2.jpg,rectangle_java2.jpg,3503358594,140,764.1414285714286,625.5008571428572,738.5,621,61,21,static,6,class->block->function->type->specifier
2,139,rectangle_java2.jpg,rectangle_java2.jpg,3503586588,152,792.2636842105263,667.5318421052632,730.5,658,91,20,Rectangle,9,class->block->function->block->block_content->decl_stmt->decl->type->name
2,139,rectangle_java2.jpg,rectangle_java2.jpg,3503974408,320,967.2876249999999,664.165125,941.5,658,91,20,Rectangle,9,class->block->function->block->block_content->decl_stmt->decl->init->expr->call->name
2,139,rectangle_java2.jpg,rectangle_java2.jpg,3504286447,248,1109.2814516129033,677.8448387096774,1115.5,658,10,20,",",1,class->block->function->block->block_content->decl_stmt->decl->init->expr->call->argument_list
2,139,rectangle_java2.jpg,rectangle_java2.jpg,3504494468,184,1092.8091304347827,744.969347826087,1095.5,731,13,20,5,1,class->block->function->block->block_content->decl_stmt->decl->init->expr->call->argument_list->argument->expr->literal
2,139,rectangle_java2.jpg,rectangle_java2.jpg,3504646458,124,809.841935483871,750.3709677419355,730.5,731,91,20,Rectangle,9,class->block->function->block->block_content->decl_stmt->decl->type->name
2,139,rectangle_java2.jpg,rectangle_java2.jpg,3504758472,108,807.9692592592593,742.3644444444444,730.5,731,91,20,Rectangle,9,class->block->function->block->block_content->decl_stmt->decl->type->name
2,139,rectangle_java2.jpg,rectangle_java2.jpg,3504830481,68,804.8576470588235,768.3023529411764,730.5,766,177,21,System.out.println,18,class->block->function->block->block_content->expr_stmt->expr->call->name->name->operator->name->operator->name
2,139,rectangle_java2.jpg,rectangle_java2.jpg,3505238034,404,799.8029702970297,779.9180198019802,730.5,766,177,21,System.out.println,18,class->block->function->block->block_content->expr_stmt->expr->call->name->name->operator->name->operator->name
2,139,rectangle_java2.jpg,rectangle_java2.jpg,3505398290,140,982.6745714285714,784.1137142857143,932.5,766,100,21,rect2.area,10,class->block->function->block->block_content->expr_stmt->expr->call->argument_list->argument->expr->call->name->name->operator->name
2,139,rectangle_java2.jpg,rectangle_java2.jpg,3505594426,192,989.459375,786.3677083333333,932.5,766,100,21,rect2.area,10,class->block->function->block->block_content->expr_stmt->expr->call->argument_list->argument->expr->call->name->name->operator->name
2,139,rectangle_java2.jpg,rectangle_java2.jpg,3505846377,248,987.3695161290323,783.9938709677419,932.5,766,100,21,rect2.area,10,class->block->function->block->block_content->expr_stmt->expr->call->argument_list->argument->expr->call->name->name->operator->name
2,139,rectangle_java2.jpg,rectangle_java2.jpg,3506430359,524,1074.2913740458016,780.2441984732825,1077.5,766,9,21,),1,class->block->function->block->block_content->expr_stmt->expr->call->argument_list
2,139,rectangle_java2.jpg,rectangle_java2.jpg,3506586327,152,1072.0455263157894,783.9994736842106,1077.5,766,9,21,),1,class->block->function->block->block_content->expr_stmt->expr->call->argument_list
2,139,rectangle_java2.jpg,rectangle_java2.jpg,3506654308,64,1040.79625,774.665,1041.5,766,9,21,(,1,class->block->function->block->block_content->expr_stmt->expr->call->argument_list->argument->expr->call->argument_list
2,139,rectangle_java2.jpg,rectangle_java2.jpg,3506909999,252,1031.4526984126985,777.6973015873016,932.5,766,100,21,rect2.area,10,class->block->function->block->block_content->expr_stmt->expr->call->argument_list->argument->expr->call->name->name->operator->name
2,139,rectangle_java2.jpg,rectangle_java2.jpg,3506909999,252,1031.4526984126985,777.6973015873016,1041.5,766,9,21,(,1,class->block->function->block->block_content->expr_stmt->expr->call->argument_list->argument->expr->call->argument_list
