trial,participant,code_file,code_language,timestamp,duration,x_cord,y_cord,aoi_x,aoi_y,aoi_width,aoi_height,token,length,srcML
2,203,rectangle_java2.jpg,rectangle_java2.jpg,14807125933,196,781.9332653061224,325.89122448979595,730.5,331,71,19,this.x1,7,class->block->constructor->block->block_content->expr_stmt->expr->name->name->operator->name
2,203,rectangle_java2.jpg,rectangle_java2.jpg,14807205886,76,776.9073684210526,315.51526315789476,737.5,295,91,21,Rectangle,9,class->block->constructor->name
2,203,rectangle_java2.jpg,rectangle_java2.jpg,14808689474,148,718.8594594594595,264.70324324324326,669.5,259,72,21,private,7,class->block->decl_stmt->decl->type->specifier
2,203,rectangle_java2.jpg,rectangle_java2.jpg,14808825206,84,720.7985714285714,268.5852380952381,669.5,259,72,21,private,7,class->block->decl_stmt->decl->type->specifier
2,203,rectangle_java2.jpg,rectangle_java2.jpg,14809745592,60,758.3993333333333,292.24333333333334,737.5,295,91,21,Rectangle,9,class->block->constructor->name
2,203,rectangle_java2.jpg,rectangle_java2.jpg,14810013626,64,736.6381250000001,269.1225,669.5,259,72,21,private,7,class->block->decl_stmt->decl->type->specifier
2,203,rectangle_java2.jpg,rectangle_java2.jpg,14810013626,64,736.6381250000001,269.1225,747.5,259,33,21,int,3,class->block->decl_stmt->decl->type->name
2,203,rectangle_java2.jpg,rectangle_java2.jpg,14810161617,64,728.399375,301.90500000000003,669.5,295,63,21,public,6,class->block->constructor->specifier
2,203,rectangle_java2.jpg,rectangle_java2.jpg,14810161617,64,728.399375,301.90500000000003,737.5,295,91,21,Rectangle,9,class->block->constructor->name
2,203,rectangle_java2.jpg,rectangle_java2.jpg,14810269620,76,791.311052631579,282.5494736842105,737.5,295,91,21,Rectangle,9,class->block->constructor->name
2,203,rectangle_java2.jpg,rectangle_java2.jpg,14810361638,88,785.8304545454546,268.73,785.5,259,23,21,x1,2,class->block->decl_stmt->decl->name
2,203,rectangle_java2.jpg,rectangle_java2.jpg,14810541781,80,766.5625,311.962,737.5,295,91,21,Rectangle,9,class->block->constructor->name
2,203,rectangle_java2.jpg,rectangle_java2.jpg,14810865599,68,732.6052941176471,289.93,737.5,295,91,21,Rectangle,9,class->block->constructor->name
2,203,rectangle_java2.jpg,rectangle_java2.jpg,14810989398,120,730.0786666666667,279.8113333333333,669.5,259,72,21,private,7,class->block->decl_stmt->decl->type->specifier
2,203,rectangle_java2.jpg,rectangle_java2.jpg,14811093373,100,732.8332,295.782,737.5,295,91,21,Rectangle,9,class->block->constructor->name
2,203,rectangle_java2.jpg,rectangle_java2.jpg,14811157439,60,745.1053333333333,294.666,737.5,295,91,21,Rectangle,9,class->block->constructor->name
2,203,rectangle_java2.jpg,rectangle_java2.jpg,14811261521,100,742.8996,289.8224,737.5,295,91,21,Rectangle,9,class->block->constructor->name
2,203,rectangle_java2.jpg,rectangle_java2.jpg,14811465488,160,751.6605,361.3145,730.5,367,71,21,this.y1,7,class->block->constructor->block->block_content->expr_stmt->expr->name->name->operator->name
2,203,rectangle_java2.jpg,rectangle_java2.jpg,14811533460,64,754.995625,356.9675,730.5,367,71,21,this.y1,7,class->block->constructor->block->block_content->expr_stmt->expr->name->name->operator->name
2,203,rectangle_java2.jpg,rectangle_java2.jpg,14811981491,84,709.9776190476191,576.3595238095238,669.5,585,63,21,public,6,class->block->function->type->specifier
2,203,rectangle_java2.jpg,rectangle_java2.jpg,14812057521,72,707.3416666666667,580.4683333333334,669.5,585,63,21,public,6,class->block->function->type->specifier
2,203,rectangle_java2.jpg,rectangle_java2.jpg,14812257505,64,749.915625,538.94875,737.5,549,33,21,int,3,class->block->function->type->name
2,203,rectangle_java2.jpg,rectangle_java2.jpg,14812457469,124,1020.6709677419354,526.3329032258065,958.5,512,71,21,this.x2,7,class->block->function->block->block_content->return->expr->name->name->operator->name->operator
2,203,rectangle_java2.jpg,rectangle_java2.jpg,14812517419,56,1016.5164285714286,506.73714285714277,958.5,512,71,21,this.x2,7,class->block->function->block->block_content->return->expr->name->name->operator->name->operator
2,203,rectangle_java2.jpg,rectangle_java2.jpg,14812801307,128,971.48,530.3475,958.5,512,71,21,this.x2,7,class->block->function->block->block_content->return->expr->name->name->operator->name->operator
2,203,rectangle_java2.jpg,rectangle_java2.jpg,14812933339,60,1079.5366666666666,506.092,1054.5,512,71,21,this.x1,7,class->block->function->block->block_content->return->expr->name->name->operator->name
2,203,rectangle_java2.jpg,rectangle_java2.jpg,14813145385,56,869.7971428571428,505.3764285714285,874.5,512,10,21,{,1,class->block->function->block
2,203,rectangle_java2.jpg,rectangle_java2.jpg,14813417346,56,874.4971428571429,507.5514285714286,874.5,512,10,21,{,1,class->block->function->block
2,203,rectangle_java2.jpg,rectangle_java2.jpg,14813541345,60,982.102,528.5,958.5,512,71,21,this.x2,7,class->block->function->block->block_content->return->expr->name->name->operator->name->operator
2,203,rectangle_java2.jpg,rectangle_java2.jpg,14813693337,60,974.1766666666666,541.3953333333334,968.5,549,70,21,this.y2,7,class->block->function->block->block_content->return->expr->name->name->operator->name
2,203,rectangle_java2.jpg,rectangle_java2.jpg,14813857370,72,1057.0883333333334,518.6661111111111,1054.5,512,71,21,this.x1,7,class->block->function->block->block_content->return->expr->name->name->operator->name
2,203,rectangle_java2.jpg,rectangle_java2.jpg,14814117142,84,1136.2904761904763,517.6314285714286,1132.5,512,10,21,;,1,class->block->function->block
2,203,rectangle_java2.jpg,rectangle_java2.jpg,14814245142,124,1138.6832258064517,511.7416129032258,1132.5,512,10,21,;,1,class->block->function->block
2,203,rectangle_java2.jpg,rectangle_java2.jpg,14814448935,68,1023.7105882352942,500.85764705882355,958.5,512,71,21,this.x2,7,class->block->function->block->block_content->return->expr->name->name->operator->name->operator
2,203,rectangle_java2.jpg,rectangle_java2.jpg,14814448935,68,1023.7105882352942,500.85764705882355,1035.5,512,13,21,-,1,class->block->function->block->block_content->return->expr->name->name
2,203,rectangle_java2.jpg,rectangle_java2.jpg,14814793159,128,686.746875,544.88875,669.5,549,63,21,public,6,class->block->function->type->specifier
2,203,rectangle_java2.jpg,rectangle_java2.jpg,14814957101,80,743.154,536.5415,737.5,549,33,21,int,3,class->block->function->type->name
2,203,rectangle_java2.jpg,rectangle_java2.jpg,14815353210,84,970.9285714285714,546.7576190476191,968.5,549,70,21,this.y2,7,class->block->function->block->block_content->return->expr->name->name->operator->name
2,203,rectangle_java2.jpg,rectangle_java2.jpg,14815489247,132,956.0833333333334,538.1124242424243,900.5,549,63,21,return,6,class->block->function->block->block_content->return
2,203,rectangle_java2.jpg,rectangle_java2.jpg,14815489247,132,956.0833333333334,538.1124242424243,968.5,549,70,21,this.y2,7,class->block->function->block->block_content->return->expr->name->name->operator->name
2,203,rectangle_java2.jpg,rectangle_java2.jpg,14815649151,84,1050.5590476190475,525.7857142857143,1054.5,512,71,21,this.x1,7,class->block->function->block->block_content->return->expr->name->name->operator->name
2,203,rectangle_java2.jpg,rectangle_java2.jpg,14815792989,140,1044.904857142857,516.0228571428571,1035.5,512,13,21,-,1,class->block->function->block->block_content->return->expr->name->name
2,203,rectangle_java2.jpg,rectangle_java2.jpg,14815792989,140,1044.904857142857,516.0228571428571,1054.5,512,71,21,this.x1,7,class->block->function->block->block_content->return->expr->name->name->operator->name
2,203,rectangle_java2.jpg,rectangle_java2.jpg,14815897010,100,1050.228,511.80920000000003,1054.5,512,71,21,this.x1,7,class->block->function->block->block_content->return->expr->name->name->operator->name
2,203,rectangle_java2.jpg,rectangle_java2.jpg,14815981040,56,750.2864285714286,578.2642857142857,737.5,585,62,21,double,6,class->block->function->type->name
2,203,rectangle_java2.jpg,rectangle_java2.jpg,14816077060,92,758.721304347826,595.5526086956522,737.5,585,62,21,double,6,class->block->function->type->name
2,203,rectangle_java2.jpg,rectangle_java2.jpg,14816233098,64,727.96375,522.98625,669.5,512,63,21,public,6,class->block->function->type->specifier
2,203,rectangle_java2.jpg,rectangle_java2.jpg,14816233098,64,727.96375,522.98625,737.5,512,33,21,int,3,class->block->function->type->name
2,203,rectangle_java2.jpg,rectangle_java2.jpg,14816413123,76,769.1236842105263,503.0994736842106,737.5,512,33,21,int,3,class->block->function->type->name
2,203,rectangle_java2.jpg,rectangle_java2.jpg,14816413123,76,769.1236842105263,503.0994736842106,775.5,512,53,21,width,5,class->block->function->name
2,203,rectangle_java2.jpg,rectangle_java2.jpg,14818260967,92,753.464347826087,454.25130434782614,730.5,440,71,21,this.y2,7,class->block->constructor->block->block_content->expr_stmt->expr->name->name->operator->name
2,203,rectangle_java2.jpg,rectangle_java2.jpg,14819044819,56,789.2278571428571,218.255,715.5,222,90,21,Rectangle,9,class->name
2,203,rectangle_java2.jpg,rectangle_java2.jpg,14820772713,64,746.125,565.341875,737.5,549,33,21,int,3,class->block->function->type->name
2,203,rectangle_java2.jpg,rectangle_java2.jpg,14821460716,64,1101.95375,526.340625,1054.5,512,71,21,this.x1,7,class->block->function->block->block_content->return->expr->name->name->operator->name
2,203,rectangle_java2.jpg,rectangle_java2.jpg,14821868611,84,1021.9404761904761,524.4047619047619,958.5,512,71,21,this.x2,7,class->block->function->block->block_content->return->expr->name->name->operator->name->operator
2,203,rectangle_java2.jpg,rectangle_java2.jpg,14822132515,72,734.55,662.2277777777778,730.5,658,91,20,Rectangle,9,class->block->function->block->block_content->decl_stmt->decl->type->name
2,203,rectangle_java2.jpg,rectangle_java2.jpg,14822276452,140,741.3868571428571,646.2728571428571,730.5,658,91,20,Rectangle,9,class->block->function->block->block_content->decl_stmt->decl->type->name
2,203,rectangle_java2.jpg,rectangle_java2.jpg,14822336554,56,751.7285714285714,641.6985714285714,738.5,621,61,21,static,6,class->block->function->type->specifier
2,203,rectangle_java2.jpg,rectangle_java2.jpg,14822400671,60,741.192,626.1006666666667,738.5,621,61,21,static,6,class->block->function->type->specifier
2,203,rectangle_java2.jpg,rectangle_java2.jpg,14822704606,56,995.3192857142857,634.5021428571429,990.5,621,10,21,[,1,class->block->function->parameter_list->parameter->decl->type->name->index
2,203,rectangle_java2.jpg,rectangle_java2.jpg,14822704606,56,995.3192857142857,634.5021428571429,1007.5,621,10,21,],1,class->block->function->parameter_list->parameter->decl->type->name->index
2,203,rectangle_java2.jpg,rectangle_java2.jpg,14822836504,96,1000.3554166666667,595.0204166666666,977.5,585,101,21,this.width,10,class->block->function->block->block_content->return->expr->call->name->name->operator->name
2,203,rectangle_java2.jpg,rectangle_java2.jpg,14822944505,68,909.4905882352941,595.6629411764706,910.5,585,62,21,return,6,class->block->function->block->block_content->return
2,203,rectangle_java2.jpg,rectangle_java2.jpg,14823100639,64,729.140625,614.92,669.5,621,63,21,public,6,class->block->function->type->specifier
2,203,rectangle_java2.jpg,rectangle_java2.jpg,14823100639,64,729.140625,614.92,738.5,621,61,21,static,6,class->block->function->type->specifier
2,203,rectangle_java2.jpg,rectangle_java2.jpg,14823228969,124,734.8729032258065,586.8774193548387,737.5,585,62,21,double,6,class->block->function->type->name
2,203,rectangle_java2.jpg,rectangle_java2.jpg,14823288961,56,728.6407142857142,582.9792857142858,669.5,585,63,21,public,6,class->block->function->type->specifier
2,203,rectangle_java2.jpg,rectangle_java2.jpg,14823288961,56,728.6407142857142,582.9792857142858,737.5,585,62,21,double,6,class->block->function->type->name
2,203,rectangle_java2.jpg,rectangle_java2.jpg,14823700353,76,714.5931578947368,581.0068421052631,669.5,585,63,21,public,6,class->block->function->type->specifier
2,203,rectangle_java2.jpg,rectangle_java2.jpg,14823760389,56,710.4828571428571,565.6935714285714,669.5,549,63,21,public,6,class->block->function->type->specifier
2,203,rectangle_java2.jpg,rectangle_java2.jpg,14824216394,72,1015.5005555555556,575.1311111111111,977.5,585,101,21,this.width,10,class->block->function->block->block_content->return->expr->call->name->name->operator->name
2,203,rectangle_java2.jpg,rectangle_java2.jpg,14824328452,80,1008.4925,549.5775,968.5,549,70,21,this.y2,7,class->block->function->block->block_content->return->expr->name->name->operator->name
2,203,rectangle_java2.jpg,rectangle_java2.jpg,14824564509,56,1156.4928571428572,549.2285714285714,1161.5,549,10,21,},1,class->block->function->block
2,203,rectangle_java2.jpg,rectangle_java2.jpg,14827832171,72,1058.1805555555557,626.0711111111111,1025.5,621,42,21,args,4,class->block->function->parameter_list->parameter->decl->name
2,203,rectangle_java2.jpg,rectangle_java2.jpg,14829260120,72,982.0422222222222,584.2872222222222,977.5,585,101,21,this.width,10,class->block->function->block->block_content->return->expr->call->name->name->operator->name
2,203,rectangle_java2.jpg,rectangle_java2.jpg,14829687950,68,883.1935294117646,514.8811764705882,874.5,512,10,21,{,1,class->block->function->block
2,203,rectangle_java2.jpg,rectangle_java2.jpg,14829687950,68,883.1935294117646,514.8811764705882,891.5,512,62,21,return,6,class->block->function->block->block_content->return->expr->name->name
2,203,rectangle_java2.jpg,rectangle_java2.jpg,14829839719,60,828.1313333333334,559.1293333333333,775.5,549,62,21,height,6,class->block->function->name
2,203,rectangle_java2.jpg,rectangle_java2.jpg,14829967856,80,843.852,541.544,846.5,549,10,21,(,1,class->block->function->parameter_list
2,203,rectangle_java2.jpg,rectangle_java2.jpg,14830087926,72,788.2838888888889,515.0894444444444,775.5,512,53,21,width,5,class->block->function->name
2,203,rectangle_java2.jpg,rectangle_java2.jpg,14830191925,100,795.5448,513.5456,775.5,512,53,21,width,5,class->block->function->name
2,203,rectangle_java2.jpg,rectangle_java2.jpg,14830255919,60,787.3026666666667,517.9353333333333,775.5,512,53,21,width,5,class->block->function->name
2,203,rectangle_java2.jpg,rectangle_java2.jpg,14830935880,64,773.783125,410.16625,730.5,404,71,19,this.x2,7,class->block->constructor->block->block_content->expr_stmt->expr->name->name->operator->name
2,203,rectangle_java2.jpg,rectangle_java2.jpg,14831183881,88,758.8518181818182,438.4586363636363,730.5,440,71,21,this.y2,7,class->block->constructor->block->block_content->expr_stmt->expr->name->name->operator->name
2,203,rectangle_java2.jpg,rectangle_java2.jpg,14831259845,72,748.6455555555556,438.73777777777775,730.5,440,71,21,this.y2,7,class->block->constructor->block->block_content->expr_stmt->expr->name->name->operator->name
2,203,rectangle_java2.jpg,rectangle_java2.jpg,14839218866,128,1065.83,593.87125,977.5,585,101,21,this.width,10,class->block->function->block->block_content->return->expr->call->name->name->operator->name
2,203,rectangle_java2.jpg,rectangle_java2.jpg,14842170758,104,777.9861538461538,233.23269230769233,715.5,222,90,21,Rectangle,9,class->name
2,203,rectangle_java2.jpg,rectangle_java2.jpg,14842702768,68,750.5523529411764,259.85058823529414,747.5,259,33,21,int,3,class->block->decl_stmt->decl->type->name
2,203,rectangle_java2.jpg,rectangle_java2.jpg,14842866832,64,744.461875,285.68125,737.5,295,91,21,Rectangle,9,class->block->constructor->name
2,203,rectangle_java2.jpg,rectangle_java2.jpg,14843022824,72,765.3933333333333,268.7133333333333,747.5,259,33,21,int,3,class->block->decl_stmt->decl->type->name
2,203,rectangle_java2.jpg,rectangle_java2.jpg,14845702577,68,957.744705882353,548.3370588235294,900.5,549,63,21,return,6,class->block->function->block->block_content->return
2,203,rectangle_java2.jpg,rectangle_java2.jpg,14845702577,68,957.744705882353,548.3370588235294,968.5,549,70,21,this.y2,7,class->block->function->block->block_content->return->expr->name->name->operator->name
2,203,rectangle_java2.jpg,rectangle_java2.jpg,14846894560,72,761.1483333333333,528.9866666666667,737.5,512,33,21,int,3,class->block->function->type->name
2,203,rectangle_java2.jpg,rectangle_java2.jpg,14847022601,84,764.0323809523809,537.4995238095238,737.5,549,33,21,int,3,class->block->function->type->name
2,203,rectangle_java2.jpg,rectangle_java2.jpg,14847022601,84,764.0323809523809,537.4995238095238,775.5,549,62,21,height,6,class->block->function->name
2,203,rectangle_java2.jpg,rectangle_java2.jpg,14847118523,92,763.0082608695652,527.9204347826087,737.5,512,33,21,int,3,class->block->function->type->name
2,203,rectangle_java2.jpg,rectangle_java2.jpg,14847118523,92,763.0082608695652,527.9204347826087,775.5,512,53,21,width,5,class->block->function->name
2,203,rectangle_java2.jpg,rectangle_java2.jpg,14847854444,64,843.764375,540.160625,846.5,549,10,21,(,1,class->block->function->parameter_list
2,203,rectangle_java2.jpg,rectangle_java2.jpg,14848070531,148,745.685945945946,291.23675675675673,737.5,295,91,21,Rectangle,9,class->block->constructor->name
2,203,rectangle_java2.jpg,rectangle_java2.jpg,14848178467,104,745.0738461538461,299.57461538461536,737.5,295,91,21,Rectangle,9,class->block->constructor->name
