trial,participant,code_file,code_language,timestamp,duration,x_cord,y_cord,aoi_x,aoi_y,aoi_width,aoi_height,token,length,srcML
2,206,rectangle_java2.jpg,rectangle_java2.jpg,1568407729,96,732.7791666666667,220.16875,715.5,222,90,21,Rectangle,9,class->name
2,206,rectangle_java2.jpg,rectangle_java2.jpg,1568467739,56,732.0871428571429,233.71785714285716,715.5,222,90,21,Rectangle,9,class->name
2,206,rectangle_java2.jpg,rectangle_java2.jpg,1568575735,104,734.026923076923,241.96230769230772,715.5,222,90,21,Rectangle,9,class->name
2,206,rectangle_java2.jpg,rectangle_java2.jpg,1568791702,68,771.9194117647058,251.38294117647058,747.5,259,33,21,int,3,class->block->decl_stmt->decl->type->name
2,206,rectangle_java2.jpg,rectangle_java2.jpg,1568911689,80,756.085,221.85249999999996,715.5,222,90,21,Rectangle,9,class->name
2,206,rectangle_java2.jpg,rectangle_java2.jpg,1569499515,156,695.1017948717948,226.7,657.5,222,52,21,class,5,class
2,206,rectangle_java2.jpg,rectangle_java2.jpg,1569703549,68,710.6747058823529,255.98117647058825,669.5,259,72,21,private,7,class->block->decl_stmt->decl->type->specifier
2,206,rectangle_java2.jpg,rectangle_java2.jpg,1569939545,136,800.2514705882353,241.18205882352942,715.5,222,90,21,Rectangle,9,class->name
2,206,rectangle_java2.jpg,rectangle_java2.jpg,1570159573,144,730.7433333333333,292.6977777777778,669.5,295,63,21,public,6,class->block->constructor->specifier
2,206,rectangle_java2.jpg,rectangle_java2.jpg,1570159573,144,730.7433333333333,292.6977777777778,737.5,295,91,21,Rectangle,9,class->block->constructor->name
2,206,rectangle_java2.jpg,rectangle_java2.jpg,1570459906,60,811.7133333333334,295.742,737.5,295,91,21,Rectangle,9,class->block->constructor->name
2,206,rectangle_java2.jpg,rectangle_java2.jpg,1570535601,72,814.8366666666667,308.61555555555555,737.5,295,91,21,Rectangle,9,class->block->constructor->name
2,206,rectangle_java2.jpg,rectangle_java2.jpg,1570671227,96,919.97125,303.9033333333333,921.5,295,9,21,",",1,class->block->constructor->parameter_list
2,206,rectangle_java2.jpg,rectangle_java2.jpg,1571067402,80,863.6845,344.806,856.5,331,10,19,;,1,class->block->constructor->block->block_content->expr_stmt
2,206,rectangle_java2.jpg,rectangle_java2.jpg,1571219376,128,811.0378125,366.8803125,806.5,367,15,21,=,1,class->block->constructor->block->block_content->expr_stmt->expr->operator
2,206,rectangle_java2.jpg,rectangle_java2.jpg,1571463433,112,768.8542857142858,397.99,730.5,404,71,19,this.x2,7,class->block->constructor->block->block_content->expr_stmt->expr->name->name->operator->name
2,206,rectangle_java2.jpg,rectangle_java2.jpg,1571531444,64,774.29875,402.15875,730.5,404,71,19,this.x2,7,class->block->constructor->block->block_content->expr_stmt->expr->name->name->operator->name
2,206,rectangle_java2.jpg,rectangle_java2.jpg,1571799423,136,856.8047058823529,393.1461764705882,856.5,404,10,19,;,1,class->block->constructor->block->block_content->expr_stmt
2,206,rectangle_java2.jpg,rectangle_java2.jpg,1573259279,112,731.1421428571429,526.0475,669.5,512,63,21,public,6,class->block->function->type->specifier
2,206,rectangle_java2.jpg,rectangle_java2.jpg,1573259279,112,731.1421428571429,526.0475,737.5,512,33,21,int,3,class->block->function->type->name
2,206,rectangle_java2.jpg,rectangle_java2.jpg,1573331285,68,736.3470588235294,528.9235294117647,737.5,512,33,21,int,3,class->block->function->type->name
2,206,rectangle_java2.jpg,rectangle_java2.jpg,1573591285,84,797.5919047619047,518.9428571428572,775.5,512,53,21,width,5,class->block->function->name
2,206,rectangle_java2.jpg,rectangle_java2.jpg,1573691279,72,838.9261111111111,523.4022222222222,837.5,512,9,21,(,1,class->block->function->parameter_list
2,206,rectangle_java2.jpg,rectangle_java2.jpg,1573823288,128,839.100625,537.4334375,846.5,549,10,21,(,1,class->block->function->parameter_list
2,206,rectangle_java2.jpg,rectangle_java2.jpg,1573939231,112,837.0189285714285,512.2528571428571,837.5,512,9,21,(,1,class->block->function->parameter_list
2,206,rectangle_java2.jpg,rectangle_java2.jpg,1574007184,64,844.0225,528.718125,837.5,512,9,21,(,1,class->block->function->parameter_list
2,206,rectangle_java2.jpg,rectangle_java2.jpg,1574007184,64,844.0225,528.718125,854.5,512,9,21,),1,class->block->function->parameter_list
2,206,rectangle_java2.jpg,rectangle_java2.jpg,1574103153,80,936.5264999999999,527.463,891.5,512,62,21,return,6,class->block->function->block->block_content->return->expr->name->name
2,206,rectangle_java2.jpg,rectangle_java2.jpg,1574203133,96,933.4825,527.72875,891.5,512,62,21,return,6,class->block->function->block->block_content->return->expr->name->name
2,206,rectangle_java2.jpg,rectangle_java2.jpg,1574339124,92,973.2321739130435,522.0686956521739,958.5,512,71,21,this.x2,7,class->block->function->block->block_content->return->expr->name->name->operator->name->operator
2,206,rectangle_java2.jpg,rectangle_java2.jpg,1574459116,64,947.044375,517.209375,891.5,512,62,21,return,6,class->block->function->block->block_content->return->expr->name->name
2,206,rectangle_java2.jpg,rectangle_java2.jpg,1574459116,64,947.044375,517.209375,958.5,512,71,21,this.x2,7,class->block->function->block->block_content->return->expr->name->name->operator->name->operator
2,206,rectangle_java2.jpg,rectangle_java2.jpg,1574543115,80,974.121,518.2139999999999,958.5,512,71,21,this.x2,7,class->block->function->block->block_content->return->expr->name->name->operator->name->operator
2,206,rectangle_java2.jpg,rectangle_java2.jpg,1574643123,96,984.9054166666666,523.51875,958.5,512,71,21,this.x2,7,class->block->function->block->block_content->return->expr->name->name->operator->name->operator
2,206,rectangle_java2.jpg,rectangle_java2.jpg,1574887144,168,843.9904761904762,567.072619047619,846.5,549,10,21,(,1,class->block->function->parameter_list
2,206,rectangle_java2.jpg,rectangle_java2.jpg,1575031183,140,844.8162857142858,553.7671428571429,846.5,549,10,21,(,1,class->block->function->parameter_list
2,206,rectangle_java2.jpg,rectangle_java2.jpg,1575135188,60,933.072,540.4266666666666,900.5,549,63,21,return,6,class->block->function->block->block_content->return
2,206,rectangle_java2.jpg,rectangle_java2.jpg,1575319163,84,928.3066666666666,549.8985714285715,900.5,549,63,21,return,6,class->block->function->block->block_content->return
2,206,rectangle_java2.jpg,rectangle_java2.jpg,1575582978,220,1030.694,549.6543636363637,968.5,549,70,21,this.y2,7,class->block->function->block->block_content->return->expr->name->name->operator->name
2,206,rectangle_java2.jpg,rectangle_java2.jpg,1575759010,172,1029.0051162790699,563.1848837209302,968.5,549,70,21,this.y2,7,class->block->function->block->block_content->return->expr->name->name->operator->name
2,206,rectangle_java2.jpg,rectangle_java2.jpg,1575835007,72,1027.4183333333333,563.9327777777778,968.5,549,70,21,this.y2,7,class->block->function->block->block_content->return->expr->name->name->operator->name
2,206,rectangle_java2.jpg,rectangle_java2.jpg,1575894998,56,1037.222857142857,568.175,968.5,549,70,21,this.y2,7,class->block->function->block->block_content->return->expr->name->name->operator->name
2,206,rectangle_java2.jpg,rectangle_java2.jpg,1575894998,56,1037.222857142857,568.175,1045.5,549,13,21,-,1,class->block->function->block->block_content->return->expr->operator
2,206,rectangle_java2.jpg,rectangle_java2.jpg,1575974984,76,1038.818947368421,556.0947368421052,1045.5,549,13,21,-,1,class->block->function->block->block_content->return->expr->operator
2,206,rectangle_java2.jpg,rectangle_java2.jpg,1576086970,108,1032.5062962962963,568.1414814814815,968.5,549,70,21,this.y2,7,class->block->function->block->block_content->return->expr->name->name->operator->name
2,206,rectangle_java2.jpg,rectangle_java2.jpg,1576251002,160,1033.335,555.58275,968.5,549,70,21,this.y2,7,class->block->function->block->block_content->return->expr->name->name->operator->name
2,206,rectangle_java2.jpg,rectangle_java2.jpg,1576251002,160,1033.335,555.58275,1045.5,549,13,21,-,1,class->block->function->block->block_content->return->expr->operator
2,206,rectangle_java2.jpg,rectangle_java2.jpg,1576375022,100,1095.9756,544.432,1064.5,549,71,21,this.y1,7,class->block->function->block->block_content->return->expr->name->name->operator->name
2,206,rectangle_java2.jpg,rectangle_java2.jpg,1576614835,76,1086.2157894736843,544.06,1064.5,549,71,21,this.y1,7,class->block->function->block->block_content->return->expr->name->name->operator->name
2,206,rectangle_java2.jpg,rectangle_java2.jpg,1576786749,120,817.727,542.736,775.5,549,62,21,height,6,class->block->function->name
2,206,rectangle_java2.jpg,rectangle_java2.jpg,1576910919,120,832.4906666666667,544.498,775.5,549,62,21,height,6,class->block->function->name
2,206,rectangle_java2.jpg,rectangle_java2.jpg,1577042959,128,824.47,538.319375,775.5,549,62,21,height,6,class->block->function->name
2,206,rectangle_java2.jpg,rectangle_java2.jpg,1577142845,96,831.365,556.7933333333333,775.5,549,62,21,height,6,class->block->function->name
2,206,rectangle_java2.jpg,rectangle_java2.jpg,1577298822,128,775.7065625,547.9959375,775.5,549,62,21,height,6,class->block->function->name
2,206,rectangle_java2.jpg,rectangle_java2.jpg,1577390856,88,782.2713636363636,555.5431818181818,775.5,549,62,21,height,6,class->block->function->name
2,206,rectangle_java2.jpg,rectangle_java2.jpg,1577698881,116,884.2620689655172,576.3913793103449,893.5,585,10,21,{,1,class->block->function->block
2,206,rectangle_java2.jpg,rectangle_java2.jpg,1578466886,140,913.5451428571429,585.3377142857142,910.5,585,62,21,return,6,class->block->function->block->block_content->return
2,206,rectangle_java2.jpg,rectangle_java2.jpg,1578554816,84,917.6195238095238,588.3285714285714,910.5,585,62,21,return,6,class->block->function->block->block_content->return
2,206,rectangle_java2.jpg,rectangle_java2.jpg,1578670680,76,976.0731578947368,556.6552631578948,968.5,549,70,21,this.y2,7,class->block->function->block->block_content->return->expr->name->name->operator->name
2,206,rectangle_java2.jpg,rectangle_java2.jpg,1578746642,72,972.7422222222222,561.2894444444445,968.5,549,70,21,this.y2,7,class->block->function->block->block_content->return->expr->name->name->operator->name
2,206,rectangle_java2.jpg,rectangle_java2.jpg,1578882677,132,979.9293939393939,573.4518181818182,977.5,585,101,21,this.width,10,class->block->function->block->block_content->return->expr->call->name->name->operator->name
2,206,rectangle_java2.jpg,rectangle_java2.jpg,1580498613,60,928.2446666666667,550.5473333333333,900.5,549,63,21,return,6,class->block->function->block->block_content->return
2,206,rectangle_java2.jpg,rectangle_java2.jpg,1580646636,100,927.3348,516.2784,891.5,512,62,21,return,6,class->block->function->block->block_content->return->expr->name->name
2,206,rectangle_java2.jpg,rectangle_java2.jpg,1580862628,180,1038.5897777777777,553.6044444444444,1045.5,549,13,21,-,1,class->block->function->block->block_content->return->expr->operator
2,206,rectangle_java2.jpg,rectangle_java2.jpg,1581022628,128,995.6965625,556.04875,968.5,549,70,21,this.y2,7,class->block->function->block->block_content->return->expr->name->name->operator->name
2,206,rectangle_java2.jpg,rectangle_java2.jpg,1581094625,68,998.0629411764706,558.6129411764706,968.5,549,70,21,this.y2,7,class->block->function->block->block_content->return->expr->name->name->operator->name
2,206,rectangle_java2.jpg,rectangle_java2.jpg,1581222619,92,1030.0491304347827,550.0647826086956,968.5,549,70,21,this.y2,7,class->block->function->block->block_content->return->expr->name->name->operator->name
2,206,rectangle_java2.jpg,rectangle_java2.jpg,1581498607,272,1036.7007352941177,559.6125,968.5,549,70,21,this.y2,7,class->block->function->block->block_content->return->expr->name->name->operator->name
2,206,rectangle_java2.jpg,rectangle_java2.jpg,1581498607,272,1036.7007352941177,559.6125,1045.5,549,13,21,-,1,class->block->function->block->block_content->return->expr->operator
2,206,rectangle_java2.jpg,rectangle_java2.jpg,1582242537,60,1026.49,556.42,968.5,549,70,21,this.y2,7,class->block->function->block->block_content->return->expr->name->name->operator->name
2,206,rectangle_java2.jpg,rectangle_java2.jpg,1582414516,116,1007.1496551724138,532.041724137931,958.5,512,71,21,this.x2,7,class->block->function->block->block_content->return->expr->name->name->operator->name->operator
2,206,rectangle_java2.jpg,rectangle_java2.jpg,1582530484,56,1014.5685714285714,614.5964285714285,1007.5,621,10,21,],1,class->block->function->parameter_list->parameter->decl->type->name->index
2,206,rectangle_java2.jpg,rectangle_java2.jpg,1582530484,56,1014.5685714285714,614.5964285714285,1025.5,621,42,21,args,4,class->block->function->parameter_list->parameter->decl->name
2,206,rectangle_java2.jpg,rectangle_java2.jpg,1582678457,120,1007.747,575.5453333333334,977.5,585,101,21,this.width,10,class->block->function->block->block_content->return->expr->call->name->name->operator->name
2,206,rectangle_java2.jpg,rectangle_java2.jpg,1582826529,64,1009.39375,561.474375,968.5,549,70,21,this.y2,7,class->block->function->block->block_content->return->expr->name->name->operator->name
2,206,rectangle_java2.jpg,rectangle_java2.jpg,1582942492,112,1011.8414285714285,550.1382142857143,968.5,549,70,21,this.y2,7,class->block->function->block->block_content->return->expr->name->name->operator->name
2,206,rectangle_java2.jpg,rectangle_java2.jpg,1583114434,108,965.2781481481481,516.0259259259259,958.5,512,71,21,this.x2,7,class->block->function->block->block_content->return->expr->name->name->operator->name->operator
2,206,rectangle_java2.jpg,rectangle_java2.jpg,1583214435,56,948.1171428571429,540.7685714285715,900.5,549,63,21,return,6,class->block->function->block->block_content->return
2,206,rectangle_java2.jpg,rectangle_java2.jpg,1583298383,56,982.8199999999999,510.3292857142858,958.5,512,71,21,this.x2,7,class->block->function->block->block_content->return->expr->name->name->operator->name->operator
2,206,rectangle_java2.jpg,rectangle_java2.jpg,1583370289,68,970.3635294117647,520.3994117647059,958.5,512,71,21,this.x2,7,class->block->function->block->block_content->return->expr->name->name->operator->name->operator
2,206,rectangle_java2.jpg,rectangle_java2.jpg,1583490213,116,977.0993103448276,508.1141379310345,958.5,512,71,21,this.x2,7,class->block->function->block->block_content->return->expr->name->name->operator->name->operator
2,206,rectangle_java2.jpg,rectangle_java2.jpg,1583750403,256,969.95203125,515.008125,958.5,512,71,21,this.x2,7,class->block->function->block->block_content->return->expr->name->name->operator->name->operator
2,206,rectangle_java2.jpg,rectangle_java2.jpg,1584002397,64,997.285,530.94625,958.5,512,71,21,this.x2,7,class->block->function->block->block_content->return->expr->name->name->operator->name->operator
2,206,rectangle_java2.jpg,rectangle_java2.jpg,1584130383,76,997.6057894736842,548.8536842105264,968.5,549,70,21,this.y2,7,class->block->function->block->block_content->return->expr->name->name->operator->name
2,206,rectangle_java2.jpg,rectangle_java2.jpg,1584230352,68,1117.6623529411766,553.3182352941177,1064.5,549,71,21,this.y1,7,class->block->function->block->block_content->return->expr->name->name->operator->name
2,206,rectangle_java2.jpg,rectangle_java2.jpg,1584354370,68,1099.2017647058824,550.9170588235294,1064.5,549,71,21,this.y1,7,class->block->function->block->block_content->return->expr->name->name->operator->name
2,206,rectangle_java2.jpg,rectangle_java2.jpg,1584526295,112,1108.0928571428572,562.8007142857143,1064.5,549,71,21,this.y1,7,class->block->function->block->block_content->return->expr->name->name->operator->name
2,206,rectangle_java2.jpg,rectangle_java2.jpg,1584773999,244,1109.950655737705,568.1039344262296,1064.5,549,71,21,this.y1,7,class->block->function->block->block_content->return->expr->name->name->operator->name
2,206,rectangle_java2.jpg,rectangle_java2.jpg,1584950082,104,1090.5084615384615,566.2415384615384,1064.5,549,71,21,this.y1,7,class->block->function->block->block_content->return->expr->name->name->operator->name
2,206,rectangle_java2.jpg,rectangle_java2.jpg,1585022128,68,1094.729411764706,550.7905882352941,1064.5,549,71,21,this.y1,7,class->block->function->block->block_content->return->expr->name->name->operator->name
2,206,rectangle_java2.jpg,rectangle_java2.jpg,1585346249,108,1146.2814814814815,555.3155555555555,1142.5,549,10,21,;,1,class->block->function->block->block_content->return
2,206,rectangle_java2.jpg,rectangle_java2.jpg,1585498249,148,1152.0581081081082,542.142972972973,1142.5,549,10,21,;,1,class->block->function->block->block_content->return
2,206,rectangle_java2.jpg,rectangle_java2.jpg,1585498249,148,1152.0581081081082,542.142972972973,1161.5,549,10,21,},1,class->block->function->block
2,206,rectangle_java2.jpg,rectangle_java2.jpg,1585986246,92,926.0586956521739,286.38173913043477,921.5,295,9,21,",",1,class->block->constructor->parameter_list
2,206,rectangle_java2.jpg,rectangle_java2.jpg,1586114234,80,934.2585,310.9545,939.5,295,33,21,int,3,class->block->constructor->parameter_list->parameter->decl->type->name
2,206,rectangle_java2.jpg,rectangle_java2.jpg,1586194221,76,926.8057894736842,307.5305263157895,921.5,295,9,21,",",1,class->block->constructor->parameter_list
2,206,rectangle_java2.jpg,rectangle_java2.jpg,1587086135,68,753.1411764705882,217.88,715.5,222,90,21,Rectangle,9,class->name
2,206,rectangle_java2.jpg,rectangle_java2.jpg,1587150148,60,755.5873333333334,217.04066666666665,715.5,222,90,21,Rectangle,9,class->name
2,206,rectangle_java2.jpg,rectangle_java2.jpg,1587874082,140,928.2742857142857,591.7102857142858,910.5,585,62,21,return,6,class->block->function->block->block_content->return
2,206,rectangle_java2.jpg,rectangle_java2.jpg,1587974001,56,814.3307142857143,621.3964285714286,804.5,621,44,21,void,4,class->block->function->type->name
2,206,rectangle_java2.jpg,rectangle_java2.jpg,1588305871,76,839.7694736842105,595.8594736842106,804.5,585,43,21,area,4,class->block->function->name
2,206,rectangle_java2.jpg,rectangle_java2.jpg,1588453950,132,902.689090909091,604.6724242424242,893.5,585,10,21,{,1,class->block->function->block
2,206,rectangle_java2.jpg,rectangle_java2.jpg,1588453950,132,902.689090909091,604.6724242424242,910.5,585,62,21,return,6,class->block->function->block->block_content->return
2,206,rectangle_java2.jpg,rectangle_java2.jpg,1588649979,192,898.01125,609.6274999999999,904.5,621,9,21,(,1,class->block->function->parameter_list
2,206,rectangle_java2.jpg,rectangle_java2.jpg,1588717985,64,899.988125,610.6225,904.5,621,9,21,(,1,class->block->function->parameter_list
2,206,rectangle_java2.jpg,rectangle_java2.jpg,1588777990,56,893.8885714285714,618.3857142857142,851.5,621,44,21,main,4,class->block->function->name
2,206,rectangle_java2.jpg,rectangle_java2.jpg,1588777990,56,893.8885714285714,618.3857142857142,904.5,621,9,21,(,1,class->block->function->parameter_list
2,206,rectangle_java2.jpg,rectangle_java2.jpg,1588945993,108,1067.69,594.9844444444444,977.5,585,101,21,this.width,10,class->block->function->block->block_content->return->expr->call->name->name->operator->name
2,206,rectangle_java2.jpg,rectangle_java2.jpg,1589101976,152,1059.3234210526316,581.1705263157895,977.5,585,101,21,this.width,10,class->block->function->block->block_content->return->expr->call->name->name->operator->name
2,206,rectangle_java2.jpg,rectangle_java2.jpg,1589225965,100,1007.3096,601.5808,977.5,585,101,21,this.width,10,class->block->function->block->block_content->return->expr->call->name->name->operator->name
2,206,rectangle_java2.jpg,rectangle_java2.jpg,1589333959,104,1012.1173076923077,589.4138461538462,977.5,585,101,21,this.width,10,class->block->function->block->block_content->return->expr->call->name->name->operator->name
2,206,rectangle_java2.jpg,rectangle_java2.jpg,1589433961,96,1011.1591666666667,589.8233333333334,977.5,585,101,21,this.width,10,class->block->function->block->block_content->return->expr->call->name->name->operator->name
2,206,rectangle_java2.jpg,rectangle_java2.jpg,1589829817,136,1033.9770588235294,584.52,977.5,585,101,21,this.width,10,class->block->function->block->block_content->return->expr->call->name->name->operator->name
2,206,rectangle_java2.jpg,rectangle_java2.jpg,1589905820,72,1035.8494444444445,597.7416666666667,977.5,585,101,21,this.width,10,class->block->function->block->block_content->return->expr->call->name->name->operator->name
2,206,rectangle_java2.jpg,rectangle_java2.jpg,1590053819,96,912.2175,594.5033333333333,910.5,585,62,21,return,6,class->block->function->block->block_content->return
2,206,rectangle_java2.jpg,rectangle_java2.jpg,1590161810,104,913.4211538461539,611.1003846153847,904.5,621,9,21,(,1,class->block->function->parameter_list
2,206,rectangle_java2.jpg,rectangle_java2.jpg,1590161810,104,913.4211538461539,611.1003846153847,920.5,621,62,21,String,6,class->block->function->parameter_list->parameter->decl->type->name->name
2,206,rectangle_java2.jpg,rectangle_java2.jpg,1590317857,152,899.15,605.4905263157895,893.5,585,10,21,{,1,class->block->function->block
2,206,rectangle_java2.jpg,rectangle_java2.jpg,1590317857,152,899.15,605.4905263157895,910.5,585,62,21,return,6,class->block->function->block->block_content->return
2,206,rectangle_java2.jpg,rectangle_java2.jpg,1590469906,72,828.4838888888889,566.2844444444444,775.5,549,62,21,height,6,class->block->function->name
2,206,rectangle_java2.jpg,rectangle_java2.jpg,1590541901,68,838.4399999999999,587.9682352941177,804.5,585,43,21,area,4,class->block->function->name
2,206,rectangle_java2.jpg,rectangle_java2.jpg,1590673875,128,832.525,579.6575,804.5,585,43,21,area,4,class->block->function->name
2,206,rectangle_java2.jpg,rectangle_java2.jpg,1590785851,80,973.9485,574.1375,977.5,585,101,21,this.width,10,class->block->function->block->block_content->return->expr->call->name->name->operator->name
2,206,rectangle_java2.jpg,rectangle_java2.jpg,1590849841,60,962.9086666666667,586.97,910.5,585,62,21,return,6,class->block->function->block->block_content->return
2,206,rectangle_java2.jpg,rectangle_java2.jpg,1591001861,148,963.4872972972973,573.2675675675675,910.5,585,62,21,return,6,class->block->function->block->block_content->return
2,206,rectangle_java2.jpg,rectangle_java2.jpg,1591273483,96,1060.315,574.9595833333333,977.5,585,101,21,this.width,10,class->block->function->block->block_content->return->expr->call->name->name->operator->name
2,206,rectangle_java2.jpg,rectangle_java2.jpg,1591345449,68,1066.025294117647,574.0747058823529,977.5,585,101,21,this.width,10,class->block->function->block->block_content->return->expr->call->name->name->operator->name
2,206,rectangle_java2.jpg,rectangle_java2.jpg,1591413416,64,1063.731875,589.526875,977.5,585,101,21,this.width,10,class->block->function->block->block_content->return->expr->call->name->name->operator->name
2,206,rectangle_java2.jpg,rectangle_java2.jpg,1591693662,120,1094.071,586.348,1086.5,585,10,21,(,1,class->block->function->block->block_content->return->expr->call->argument_list
2,206,rectangle_java2.jpg,rectangle_java2.jpg,1591693662,120,1094.071,586.348,1103.5,585,9,21,),1,class->block->function->block->block_content->return->expr->call->argument_list
2,206,rectangle_java2.jpg,rectangle_java2.jpg,1591785667,88,1084.949090909091,575.9154545454545,1086.5,585,10,21,(,1,class->block->function->block->block_content->return->expr->call->argument_list
2,206,rectangle_java2.jpg,rectangle_java2.jpg,1591893681,104,1089.1596153846153,586.3861538461538,1086.5,585,10,21,(,1,class->block->function->block->block_content->return->expr->call->argument_list
2,206,rectangle_java2.jpg,rectangle_java2.jpg,1591985697,60,888.6993333333334,569.642,883.5,549,10,21,{,1,class->block->function->block
2,206,rectangle_java2.jpg,rectangle_java2.jpg,1591985697,60,888.6993333333334,569.642,900.5,549,63,21,return,6,class->block->function->block->block_content->return
2,206,rectangle_java2.jpg,rectangle_java2.jpg,1592097714,108,880.642962962963,565.6733333333333,883.5,549,10,21,{,1,class->block->function->block
2,206,rectangle_java2.jpg,rectangle_java2.jpg,1592181723,80,877.283,555.287,883.5,549,10,21,{,1,class->block->function->block
2,206,rectangle_java2.jpg,rectangle_java2.jpg,1592261731,76,889.1715789473684,574.0115789473684,893.5,585,10,21,{,1,class->block->function->block
2,206,rectangle_java2.jpg,rectangle_java2.jpg,1592373740,84,832.8342857142858,567.7666666666667,775.5,549,62,21,height,6,class->block->function->name
2,206,rectangle_java2.jpg,rectangle_java2.jpg,1592469672,92,836.214347826087,586.1373913043478,804.5,585,43,21,area,4,class->block->function->name
2,206,rectangle_java2.jpg,rectangle_java2.jpg,1592573349,100,838.414,584.1664,804.5,585,43,21,area,4,class->block->function->name
2,206,rectangle_java2.jpg,rectangle_java2.jpg,1592765254,144,1107.308888888889,589.0413888888888,1103.5,585,9,21,),1,class->block->function->block->block_content->return->expr->call->argument_list
2,206,rectangle_java2.jpg,rectangle_java2.jpg,1592909504,140,1100.1254285714285,598.71,1103.5,585,9,21,),1,class->block->function->block->block_content->return->expr->call->argument_list
2,206,rectangle_java2.jpg,rectangle_java2.jpg,1592993744,80,1103.009,588.589,1103.5,585,9,21,),1,class->block->function->block->block_content->return->expr->call->argument_list
2,206,rectangle_java2.jpg,rectangle_java2.jpg,1593397579,100,1023.2848,593.098,977.5,585,101,21,this.width,10,class->block->function->block->block_content->return->expr->call->name->name->operator->name
2,206,rectangle_java2.jpg,rectangle_java2.jpg,1593493596,92,1028.0395652173913,574.1517391304347,977.5,585,101,21,this.width,10,class->block->function->block->block_content->return->expr->call->name->name->operator->name
2,206,rectangle_java2.jpg,rectangle_java2.jpg,1593653531,136,978.9305882352941,598.1870588235295,977.5,585,101,21,this.width,10,class->block->function->block->block_content->return->expr->call->name->name->operator->name
2,206,rectangle_java2.jpg,rectangle_java2.jpg,1593761554,104,990.0223076923077,611.9992307692307,990.5,621,10,21,[,1,class->block->function->parameter_list->parameter->decl->type->name->index
2,206,rectangle_java2.jpg,rectangle_java2.jpg,1593885575,96,1029.4941666666666,604.2408333333333,977.5,585,101,21,this.width,10,class->block->function->block->block_content->return->expr->call->name->name->operator->name
2,206,rectangle_java2.jpg,rectangle_java2.jpg,1594065584,76,765.1626315789474,636.2573684210527,738.5,621,61,21,static,6,class->block->function->type->specifier
2,206,rectangle_java2.jpg,rectangle_java2.jpg,1594141593,72,774.0555555555555,637.6850000000001,738.5,621,61,21,static,6,class->block->function->type->specifier
2,206,rectangle_java2.jpg,rectangle_java2.jpg,1594309554,100,807.072,632.3608,804.5,621,44,21,void,4,class->block->function->type->name
2,206,rectangle_java2.jpg,rectangle_java2.jpg,1594393479,80,803.607,633.243,804.5,621,44,21,void,4,class->block->function->type->name
2,206,rectangle_java2.jpg,rectangle_java2.jpg,1594605462,112,848.2428571428571,671.6046428571428,826.5,658,52,20,rect1,5,class->block->function->block->block_content->decl_stmt->decl->name
2,206,rectangle_java2.jpg,rectangle_java2.jpg,1594789449,124,790.9358064516128,638.2796774193548,738.5,621,61,21,static,6,class->block->function->type->specifier
2,206,rectangle_java2.jpg,rectangle_java2.jpg,1594853430,60,788.544,627.7773333333333,738.5,621,61,21,static,6,class->block->function->type->specifier
2,206,rectangle_java2.jpg,rectangle_java2.jpg,1594977413,100,843.8172,655.0828,826.5,658,52,20,rect1,5,class->block->function->block->block_content->decl_stmt->decl->name
2,206,rectangle_java2.jpg,rectangle_java2.jpg,1595141406,160,845.65875,671.895,826.5,658,52,20,rect1,5,class->block->function->block->block_content->decl_stmt->decl->name
2,206,rectangle_java2.jpg,rectangle_java2.jpg,1595261409,88,899.1913636363637,683.7268181818182,730.5,694,177,21,System.out.println,18,class->block->function->block->block_content->expr_stmt->expr->call->name->name->operator->name->operator->name
2,206,rectangle_java2.jpg,rectangle_java2.jpg,1595353420,88,901.6427272727273,670.3590909090909,902.5,658,34,20,new,3,class->block->function->block->block_content->decl_stmt->decl->init->expr->operator
2,206,rectangle_java2.jpg,rectangle_java2.jpg,1595513425,60,861.6506666666667,663.638,826.5,658,52,20,rect1,5,class->block->function->block->block_content->decl_stmt->decl->name
2,206,rectangle_java2.jpg,rectangle_java2.jpg,1595621405,104,861.2803846153846,675.6696153846153,826.5,658,52,20,rect1,5,class->block->function->block->block_content->decl_stmt->decl->name
2,206,rectangle_java2.jpg,rectangle_java2.jpg,1595829304,204,864.0978431372549,668.5156862745098,826.5,658,52,20,rect1,5,class->block->function->block->block_content->decl_stmt->decl->name
2,206,rectangle_java2.jpg,rectangle_java2.jpg,1595905242,72,863.1961111111111,657.5227777777778,826.5,658,52,20,rect1,5,class->block->function->block->block_content->decl_stmt->decl->name
2,206,rectangle_java2.jpg,rectangle_java2.jpg,1595977239,68,868.2876470588235,681.9111764705882,730.5,694,177,21,System.out.println,18,class->block->function->block->block_content->expr_stmt->expr->call->name->name->operator->name->operator->name
2,206,rectangle_java2.jpg,rectangle_java2.jpg,1596125270,92,866.6982608695652,659.5604347826087,826.5,658,52,20,rect1,5,class->block->function->block->block_content->decl_stmt->decl->name
2,206,rectangle_java2.jpg,rectangle_java2.jpg,1596321309,192,867.561875,647.7460416666667,826.5,658,52,20,rect1,5,class->block->function->block->block_content->decl_stmt->decl->name
2,206,rectangle_java2.jpg,rectangle_java2.jpg,1596473308,100,856.8036,641.2968,851.5,621,44,21,main,4,class->block->function->name
2,206,rectangle_java2.jpg,rectangle_java2.jpg,1596573299,96,841.23875,626.3795833333334,804.5,621,44,21,void,4,class->block->function->type->name
2,206,rectangle_java2.jpg,rectangle_java2.jpg,1596573299,96,841.23875,626.3795833333334,851.5,621,44,21,main,4,class->block->function->name
2,206,rectangle_java2.jpg,rectangle_java2.jpg,1596737283,160,842.8785,648.8935,826.5,658,52,20,rect1,5,class->block->function->block->block_content->decl_stmt->decl->name
2,206,rectangle_java2.jpg,rectangle_java2.jpg,1596953323,180,921.8942222222222,638.6662222222222,920.5,621,62,21,String,6,class->block->function->parameter_list->parameter->decl->type->name->name
2,206,rectangle_java2.jpg,rectangle_java2.jpg,1597025337,68,910.7905882352941,650.2729411764706,902.5,658,34,20,new,3,class->block->function->block->block_content->decl_stmt->decl->init->expr->operator
2,206,rectangle_java2.jpg,rectangle_java2.jpg,1597145363,116,914.5262068965517,652.1472413793103,902.5,658,34,20,new,3,class->block->function->block->block_content->decl_stmt->decl->init->expr->operator
2,206,rectangle_java2.jpg,rectangle_java2.jpg,1597309683,160,923.6215,652.30575,902.5,658,34,20,new,3,class->block->function->block->block_content->decl_stmt->decl->init->expr->operator
2,206,rectangle_java2.jpg,rectangle_java2.jpg,1597421533,88,959.1422727272727,668.3077272727272,941.5,658,91,20,Rectangle,9,class->block->function->block->block_content->decl_stmt->decl->init->expr->call->name
2,206,rectangle_java2.jpg,rectangle_java2.jpg,1597541358,116,967.0962068965517,659.9865517241379,941.5,658,91,20,Rectangle,9,class->block->function->block->block_content->decl_stmt->decl->init->expr->call->name
2,206,rectangle_java2.jpg,rectangle_java2.jpg,1597797191,152,1047.21,672.4828947368421,1041.5,658,9,20,(,1,class->block->function->block->block_content->decl_stmt->decl->init->expr->call->argument_list
2,206,rectangle_java2.jpg,rectangle_java2.jpg,1597797191,152,1047.21,672.4828947368421,1057.5,658,13,20,0,1,class->block->function->block->block_content->decl_stmt->decl->init->expr->call->argument_list->argument->expr->literal
2,206,rectangle_java2.jpg,rectangle_java2.jpg,1597925194,124,1047.5554838709677,657.2190322580645,1041.5,658,9,20,(,1,class->block->function->block->block_content->decl_stmt->decl->init->expr->call->argument_list
2,206,rectangle_java2.jpg,rectangle_java2.jpg,1597925194,124,1047.5554838709677,657.2190322580645,1057.5,658,13,20,0,1,class->block->function->block->block_content->decl_stmt->decl->init->expr->call->argument_list->argument->expr->literal
2,206,rectangle_java2.jpg,rectangle_java2.jpg,1598117198,112,1047.7414285714285,671.5517857142858,1041.5,658,9,20,(,1,class->block->function->block->block_content->decl_stmt->decl->init->expr->call->argument_list
2,206,rectangle_java2.jpg,rectangle_java2.jpg,1598117198,112,1047.7414285714285,671.5517857142858,1057.5,658,13,20,0,1,class->block->function->block->block_content->decl_stmt->decl->init->expr->call->argument_list->argument->expr->literal
2,206,rectangle_java2.jpg,rectangle_java2.jpg,1598277153,112,1127.0317857142857,661.1725,1134.5,658,22,20,10,2,class->block->function->block->block_content->decl_stmt->decl->init->expr->call->argument_list->argument->expr->literal
2,206,rectangle_java2.jpg,rectangle_java2.jpg,1598337140,56,1129.5792857142858,648.7542857142857,1134.5,658,22,20,10,2,class->block->function->block->block_content->decl_stmt->decl->init->expr->call->argument_list->argument->expr->literal
2,206,rectangle_java2.jpg,rectangle_java2.jpg,1598437140,96,1120.7925,673.45375,1115.5,658,10,20,",",1,class->block->function->block->block_content->decl_stmt->decl->init->expr->call->argument_list
2,206,rectangle_java2.jpg,rectangle_java2.jpg,1598805113,196,1207.5148979591836,653.250612244898,1211.5,658,9,20,),1,class->block->function->block->block_content->decl_stmt->decl->init->expr->call->argument_list
2,206,rectangle_java2.jpg,rectangle_java2.jpg,1598881150,72,1220.953888888889,646.215,1231.5,658,10,20,;,1,class->block->function->block->block_content->decl_stmt
2,206,rectangle_java2.jpg,rectangle_java2.jpg,1599017167,132,1212.7448484848485,652.7790909090909,1211.5,658,9,20,),1,class->block->function->block->block_content->decl_stmt->decl->init->expr->call->argument_list
2,206,rectangle_java2.jpg,rectangle_java2.jpg,1599229078,144,891.1161111111111,634.9291666666667,851.5,621,44,21,main,4,class->block->function->name
2,206,rectangle_java2.jpg,rectangle_java2.jpg,1599373050,72,813.8383333333334,611.4488888888889,804.5,621,44,21,void,4,class->block->function->type->name
2,206,rectangle_java2.jpg,rectangle_java2.jpg,1599593229,72,843.6633333333333,567.5605555555555,846.5,549,10,21,(,1,class->block->function->parameter_list
2,206,rectangle_java2.jpg,rectangle_java2.jpg,1599685167,88,843.4731818181818,569.9045454545454,846.5,549,10,21,(,1,class->block->function->parameter_list
2,206,rectangle_java2.jpg,rectangle_java2.jpg,1600020998,84,877.0847619047619,582.2509523809524,873.5,585,9,21,),1,class->block->function->parameter_list
2,206,rectangle_java2.jpg,rectangle_java2.jpg,1600165013,56,932.3721428571429,559.9271428571428,900.5,549,63,21,return,6,class->block->function->block->block_content->return
2,206,rectangle_java2.jpg,rectangle_java2.jpg,1600257025,88,943.7745454545454,581.2986363636363,910.5,585,62,21,return,6,class->block->function->block->block_content->return
2,206,rectangle_java2.jpg,rectangle_java2.jpg,1600525073,264,938.1028787878788,583.0937878787879,910.5,585,62,21,return,6,class->block->function->block->block_content->return
2,206,rectangle_java2.jpg,rectangle_java2.jpg,1600621065,56,1027.5342857142857,573.1385714285715,977.5,585,101,21,this.width,10,class->block->function->block->block_content->return->expr->call->name->name->operator->name
2,206,rectangle_java2.jpg,rectangle_java2.jpg,1600701019,76,1020.8321052631579,592.4626315789474,977.5,585,101,21,this.width,10,class->block->function->block->block_content->return->expr->call->name->name->operator->name
2,206,rectangle_java2.jpg,rectangle_java2.jpg,1601012946,160,1041.34825,553.234,1045.5,549,13,21,-,1,class->block->function->block->block_content->return->expr->operator
2,206,rectangle_java2.jpg,rectangle_java2.jpg,1601108924,92,1044.2960869565218,569.4865217391305,1045.5,549,13,21,-,1,class->block->function->block->block_content->return->expr->operator
2,206,rectangle_java2.jpg,rectangle_java2.jpg,1601224901,112,1041.6896428571429,565.6789285714285,1045.5,549,13,21,-,1,class->block->function->block->block_content->return->expr->operator
2,206,rectangle_java2.jpg,rectangle_java2.jpg,1601424945,168,882.0914285714285,569.2845238095238,883.5,549,10,21,{,1,class->block->function->block
2,206,rectangle_java2.jpg,rectangle_java2.jpg,1601500941,72,867.8077777777778,561.1916666666667,863.5,549,9,21,),1,class->block->function->parameter_list
2,206,rectangle_java2.jpg,rectangle_java2.jpg,1601636917,132,880.0121212121212,556.6963636363637,883.5,549,10,21,{,1,class->block->function->block
2,206,rectangle_java2.jpg,rectangle_java2.jpg,1601840865,84,831.7438095238095,503.2161904761905,837.5,512,9,21,(,1,class->block->function->parameter_list
2,206,rectangle_java2.jpg,rectangle_java2.jpg,1601904874,60,839.146,529.2206666666666,837.5,512,9,21,(,1,class->block->function->parameter_list
2,206,rectangle_java2.jpg,rectangle_java2.jpg,1602020891,72,856.6888888888889,550.6033333333334,863.5,549,9,21,),1,class->block->function->parameter_list
2,206,rectangle_java2.jpg,rectangle_java2.jpg,1602276771,72,925.9844444444444,560.3222222222222,900.5,549,63,21,return,6,class->block->function->block->block_content->return
2,206,rectangle_java2.jpg,rectangle_java2.jpg,1602368824,88,918.7086363636364,546.6281818181818,900.5,549,63,21,return,6,class->block->function->block->block_content->return
2,206,rectangle_java2.jpg,rectangle_java2.jpg,1602544812,172,895.9232558139535,552.2802325581396,900.5,549,63,21,return,6,class->block->function->block->block_content->return
2,206,rectangle_java2.jpg,rectangle_java2.jpg,1602804761,124,1034.9335483870968,556.3603225806452,968.5,549,70,21,this.y2,7,class->block->function->block->block_content->return->expr->name->name->operator->name
2,206,rectangle_java2.jpg,rectangle_java2.jpg,1602804761,124,1034.9335483870968,556.3603225806452,1045.5,549,13,21,-,1,class->block->function->block->block_content->return->expr->operator
2,206,rectangle_java2.jpg,rectangle_java2.jpg,1603308773,236,1137.399661016949,555.4169491525423,1142.5,549,10,21,;,1,class->block->function->block->block_content->return
2,206,rectangle_java2.jpg,rectangle_java2.jpg,1603532783,220,1144.7814545454546,566.4576363636363,1142.5,549,10,21,;,1,class->block->function->block->block_content->return
2,206,rectangle_java2.jpg,rectangle_java2.jpg,1604072604,108,1112.141851851852,567.5355555555556,1064.5,549,71,21,this.y1,7,class->block->function->block->block_content->return->expr->name->name->operator->name
2,206,rectangle_java2.jpg,rectangle_java2.jpg,1604224647,148,1111.6164864864866,565.5845945945946,1064.5,549,71,21,this.y1,7,class->block->function->block->block_content->return->expr->name->name->operator->name
2,206,rectangle_java2.jpg,rectangle_java2.jpg,1604604650,108,1022.2129629629629,559.242962962963,968.5,549,70,21,this.y2,7,class->block->function->block->block_content->return->expr->name->name->operator->name
2,206,rectangle_java2.jpg,rectangle_java2.jpg,1604668662,60,1012.7053333333333,580.5033333333333,977.5,585,101,21,this.width,10,class->block->function->block->block_content->return->expr->call->name->name->operator->name
2,206,rectangle_java2.jpg,rectangle_java2.jpg,1604768675,68,864.8794117647059,582.0623529411764,856.5,585,9,21,(,1,class->block->function->parameter_list
2,206,rectangle_java2.jpg,rectangle_java2.jpg,1604768675,68,864.8794117647059,582.0623529411764,873.5,585,9,21,),1,class->block->function->parameter_list
2,206,rectangle_java2.jpg,rectangle_java2.jpg,1604840686,68,877.7817647058823,580.7794117647059,873.5,585,9,21,),1,class->block->function->parameter_list
2,206,rectangle_java2.jpg,rectangle_java2.jpg,1604956660,112,875.0032142857143,595.2310714285715,873.5,585,9,21,),1,class->block->function->parameter_list
2,206,rectangle_java2.jpg,rectangle_java2.jpg,1605036628,76,845.468947368421,597.1442105263158,804.5,585,43,21,area,4,class->block->function->name
2,206,rectangle_java2.jpg,rectangle_java2.jpg,1605036628,76,845.468947368421,597.1442105263158,856.5,585,9,21,(,1,class->block->function->parameter_list
2,206,rectangle_java2.jpg,rectangle_java2.jpg,1605132548,92,843.8034782608696,592.0447826086956,804.5,585,43,21,area,4,class->block->function->name
2,206,rectangle_java2.jpg,rectangle_java2.jpg,1605280389,144,848.6175,610.6255555555556,851.5,621,44,21,main,4,class->block->function->name
2,206,rectangle_java2.jpg,rectangle_java2.jpg,1605400434,72,1051.908888888889,592.3394444444444,977.5,585,101,21,this.width,10,class->block->function->block->block_content->return->expr->call->name->name->operator->name
2,206,rectangle_java2.jpg,rectangle_java2.jpg,1605460458,56,1049.5042857142857,584.2971428571428,977.5,585,101,21,this.width,10,class->block->function->block->block_content->return->expr->call->name->name->operator->name
2,206,rectangle_java2.jpg,rectangle_java2.jpg,1605560474,96,1033.1658333333332,602.4941666666667,977.5,585,101,21,this.width,10,class->block->function->block->block_content->return->expr->call->name->name->operator->name
2,206,rectangle_java2.jpg,rectangle_java2.jpg,1605820554,124,1116.0483870967741,572.7954838709677,1122.5,585,12,21,*,1,class->block->function->block->block_content->return->expr->operator
2,206,rectangle_java2.jpg,rectangle_java2.jpg,1606004558,180,1117.5693333333334,582.056,1122.5,585,12,21,*,1,class->block->function->block->block_content->return->expr->operator
2,206,rectangle_java2.jpg,rectangle_java2.jpg,1606172551,68,1003.3594117647059,575.2288235294118,977.5,585,101,21,this.width,10,class->block->function->block->block_content->return->expr->call->name->name->operator->name
2,206,rectangle_java2.jpg,rectangle_java2.jpg,1606368519,192,1015.381875,591.910625,977.5,585,101,21,this.width,10,class->block->function->block->block_content->return->expr->call->name->name->operator->name
2,206,rectangle_java2.jpg,rectangle_java2.jpg,1606472495,100,1014.4376,598.2564,977.5,585,101,21,this.width,10,class->block->function->block->block_content->return->expr->call->name->name->operator->name
2,206,rectangle_java2.jpg,rectangle_java2.jpg,1606556496,80,1023.816,581.3785,977.5,585,101,21,this.width,10,class->block->function->block->block_content->return->expr->call->name->name->operator->name
2,206,rectangle_java2.jpg,rectangle_java2.jpg,1606672494,88,1082.6027272727272,569.3486363636364,1064.5,549,71,21,this.y1,7,class->block->function->block->block_content->return->expr->name->name->operator->name
2,206,rectangle_java2.jpg,rectangle_java2.jpg,1606768418,92,1083.2069565217391,583.9926086956522,1086.5,585,10,21,(,1,class->block->function->block->block_content->return->expr->call->argument_list
2,206,rectangle_java2.jpg,rectangle_java2.jpg,1606844338,72,1082.7055555555555,574.3938888888889,1086.5,585,10,21,(,1,class->block->function->block->block_content->return->expr->call->argument_list
2,206,rectangle_java2.jpg,rectangle_java2.jpg,1606964335,116,1070.566896551724,591.5306896551724,977.5,585,101,21,this.width,10,class->block->function->block->block_content->return->expr->call->name->name->operator->name
2,206,rectangle_java2.jpg,rectangle_java2.jpg,1607188374,220,1078.4425454545456,578.77,977.5,585,101,21,this.width,10,class->block->function->block->block_content->return->expr->call->name->name->operator->name
2,206,rectangle_java2.jpg,rectangle_java2.jpg,1607188374,220,1078.4425454545456,578.77,1086.5,585,10,21,(,1,class->block->function->block->block_content->return->expr->call->argument_list
2,206,rectangle_java2.jpg,rectangle_java2.jpg,1607344387,104,879.9180769230769,637.0123076923077,851.5,621,44,21,main,4,class->block->function->name
2,206,rectangle_java2.jpg,rectangle_java2.jpg,1607460396,112,883.1575,627.8139285714286,851.5,621,44,21,main,4,class->block->function->name
2,206,rectangle_java2.jpg,rectangle_java2.jpg,1607552358,56,803.3242857142857,636.1735714285714,804.5,621,44,21,void,4,class->block->function->type->name
2,206,rectangle_java2.jpg,rectangle_java2.jpg,1607675985,120,801.818,635.4913333333334,804.5,621,44,21,void,4,class->block->function->type->name
2,206,rectangle_java2.jpg,rectangle_java2.jpg,1607811984,112,848.5289285714285,654.4757142857143,826.5,658,52,20,rect1,5,class->block->function->block->block_content->decl_stmt->decl->name
2,206,rectangle_java2.jpg,rectangle_java2.jpg,1607908149,92,860.7195652173913,660.1782608695652,826.5,658,52,20,rect1,5,class->block->function->block->block_content->decl_stmt->decl->name
2,206,rectangle_java2.jpg,rectangle_java2.jpg,1607984280,56,918.7978571428571,660.9192857142857,902.5,658,34,20,new,3,class->block->function->block->block_content->decl_stmt->decl->init->expr->operator
2,206,rectangle_java2.jpg,rectangle_java2.jpg,1608220613,232,924.6858620689655,668.0172413793103,902.5,658,34,20,new,3,class->block->function->block->block_content->decl_stmt->decl->init->expr->operator
2,206,rectangle_java2.jpg,rectangle_java2.jpg,1608428688,116,898.9737931034483,686.4862068965517,730.5,694,177,21,System.out.println,18,class->block->function->block->block_content->expr_stmt->expr->call->name->name->operator->name->operator->name
2,206,rectangle_java2.jpg,rectangle_java2.jpg,1608488569,56,910.7678571428571,703.3407142857143,916.5,694,9,21,(,1,class->block->function->block->block_content->expr_stmt->expr->call->argument_list
2,206,rectangle_java2.jpg,rectangle_java2.jpg,1608552444,60,904.542,684.8386666666667,730.5,694,177,21,System.out.println,18,class->block->function->block->block_content->expr_stmt->expr->call->name->name->operator->name->operator->name
2,206,rectangle_java2.jpg,rectangle_java2.jpg,1608552444,60,904.542,684.8386666666667,916.5,694,9,21,(,1,class->block->function->block->block_content->expr_stmt->expr->call->argument_list
2,206,rectangle_java2.jpg,rectangle_java2.jpg,1608748310,128,1082.845625,684.490625,1077.5,694,9,21,),1,class->block->function->block->block_content->expr_stmt->expr->call->argument_list
2,206,rectangle_java2.jpg,rectangle_java2.jpg,1608948267,112,1082.8660714285713,671.785,1077.5,658,9,20,",",1,class->block->function->block->block_content->decl_stmt->decl->init->expr->call->argument_list
2,206,rectangle_java2.jpg,rectangle_java2.jpg,1609236269,68,1220.2541176470588,669.4135294117647,1211.5,658,9,20,),1,class->block->function->block->block_content->decl_stmt->decl->init->expr->call->argument_list
2,206,rectangle_java2.jpg,rectangle_java2.jpg,1609236269,68,1220.2541176470588,669.4135294117647,1231.5,658,10,20,;,1,class->block->function->block->block_content->decl_stmt
2,206,rectangle_java2.jpg,rectangle_java2.jpg,1609344283,104,1223.8765384615385,667.8053846153846,1231.5,658,10,20,;,1,class->block->function->block->block_content->decl_stmt
2,206,rectangle_java2.jpg,rectangle_java2.jpg,1609728224,68,948.7111764705883,635.8435294117647,920.5,621,62,21,String,6,class->block->function->parameter_list->parameter->decl->type->name->name
2,206,rectangle_java2.jpg,rectangle_java2.jpg,1609840350,108,945.4696296296296,649.6481481481482,941.5,658,91,20,Rectangle,9,class->block->function->block->block_content->decl_stmt->decl->init->expr->call->name
2,206,rectangle_java2.jpg,rectangle_java2.jpg,1610571956,228,1047.1045614035088,691.5173684210527,1041.5,694,9,21,(,1,class->block->function->block->block_content->expr_stmt->expr->call->argument_list->argument->expr->call->argument_list
2,206,rectangle_java2.jpg,rectangle_java2.jpg,1610571956,228,1047.1045614035088,691.5173684210527,1057.5,694,10,21,),1,class->block->function->block->block_content->expr_stmt->expr->call->argument_list->argument->expr->call->argument_list
2,206,rectangle_java2.jpg,rectangle_java2.jpg,1610672088,96,1045.9375,681.76625,1041.5,694,9,21,(,1,class->block->function->block->block_content->expr_stmt->expr->call->argument_list->argument->expr->call->argument_list
2,206,rectangle_java2.jpg,rectangle_java2.jpg,1610672088,96,1045.9375,681.76625,1057.5,694,10,21,),1,class->block->function->block->block_content->expr_stmt->expr->call->argument_list->argument->expr->call->argument_list
2,206,rectangle_java2.jpg,rectangle_java2.jpg,1610732088,56,1042.8064285714286,674.6949999999999,1041.5,658,9,20,(,1,class->block->function->block->block_content->decl_stmt->decl->init->expr->call->argument_list
2,206,rectangle_java2.jpg,rectangle_java2.jpg,1611036133,64,1163.26125,654.058125,1163.5,658,10,20,",",1,class->block->function->block->block_content->decl_stmt->decl->init->expr->call->argument_list
2,206,rectangle_java2.jpg,rectangle_java2.jpg,1611140150,100,1153.228,645.9356,1134.5,658,22,20,10,2,class->block->function->block->block_content->decl_stmt->decl->init->expr->call->argument_list->argument->expr->literal
2,206,rectangle_java2.jpg,rectangle_java2.jpg,1611140150,100,1153.228,645.9356,1163.5,658,10,20,",",1,class->block->function->block->block_content->decl_stmt->decl->init->expr->call->argument_list
2,206,rectangle_java2.jpg,rectangle_java2.jpg,1611312147,168,1152.0783333333334,652.5690476190476,1134.5,658,22,20,10,2,class->block->function->block->block_content->decl_stmt->decl->init->expr->call->argument_list->argument->expr->literal
2,206,rectangle_java2.jpg,rectangle_java2.jpg,1611312147,168,1152.0783333333334,652.5690476190476,1163.5,658,10,20,",",1,class->block->function->block->block_content->decl_stmt->decl->init->expr->call->argument_list
2,206,rectangle_java2.jpg,rectangle_java2.jpg,1611783995,60,943.2093333333333,637.598,920.5,621,62,21,String,6,class->block->function->parameter_list->parameter->decl->type->name->name
2,206,rectangle_java2.jpg,rectangle_java2.jpg,1611879995,92,957.1326086956522,655.2991304347826,941.5,658,91,20,Rectangle,9,class->block->function->block->block_content->decl_stmt->decl->init->expr->call->name
2,206,rectangle_java2.jpg,rectangle_java2.jpg,1611963985,80,948.159,657.94,941.5,658,91,20,Rectangle,9,class->block->function->block->block_content->decl_stmt->decl->init->expr->call->name
2,206,rectangle_java2.jpg,rectangle_java2.jpg,1612119987,76,841.4863157894737,648.15,826.5,658,52,20,rect1,5,class->block->function->block->block_content->decl_stmt->decl->name
2,206,rectangle_java2.jpg,rectangle_java2.jpg,1612215998,92,842.11,658.4186956521739,826.5,658,52,20,rect1,5,class->block->function->block->block_content->decl_stmt->decl->name
2,206,rectangle_java2.jpg,rectangle_java2.jpg,1612320009,100,840.6124,659.778,826.5,658,52,20,rect1,5,class->block->function->block->block_content->decl_stmt->decl->name
2,206,rectangle_java2.jpg,rectangle_java2.jpg,1612432021,108,839.8203703703704,661.4011111111112,826.5,658,52,20,rect1,5,class->block->function->block->block_content->decl_stmt->decl->name
2,206,rectangle_java2.jpg,rectangle_java2.jpg,1612579952,144,840.6069444444445,675.7816666666666,826.5,658,52,20,rect1,5,class->block->function->block->block_content->decl_stmt->decl->name
2,206,rectangle_java2.jpg,rectangle_java2.jpg,1612763972,160,974.78925,684.3545,932.5,694,100,21,rect1.area,10,class->block->function->block->block_content->expr_stmt->expr->call->argument_list->argument->expr->call->name->name->operator->name
2,206,rectangle_java2.jpg,rectangle_java2.jpg,1612936014,128,958.8790625,670.56,941.5,658,91,20,Rectangle,9,class->block->function->block->block_content->decl_stmt->decl->init->expr->call->name
2,206,rectangle_java2.jpg,rectangle_java2.jpg,1613032022,92,962.7221739130434,665.09,941.5,658,91,20,Rectangle,9,class->block->function->block->block_content->decl_stmt->decl->init->expr->call->name
2,206,rectangle_java2.jpg,rectangle_java2.jpg,1613163961,64,840.27,712.436875,730.5,694,177,21,System.out.println,18,class->block->function->block->block_content->expr_stmt->expr->call->name->name->operator->name->operator->name
2,206,rectangle_java2.jpg,rectangle_java2.jpg,1613435847,60,819.6686666666667,709.848,730.5,694,177,21,System.out.println,18,class->block->function->block->block_content->expr_stmt->expr->call->name->name->operator->name->operator->name
2,206,rectangle_java2.jpg,rectangle_java2.jpg,1613499843,60,798.4893333333333,720.438,730.5,731,91,20,Rectangle,9,class->block->function->block->block_content->decl_stmt->decl->type->name
2,206,rectangle_java2.jpg,rectangle_java2.jpg,1613735841,60,783.6813333333333,759.3586666666666,730.5,766,177,21,System.out.println,18,class->block->function->block->block_content->expr_stmt->expr->call->name->name->operator->name->operator->name
2,206,rectangle_java2.jpg,rectangle_java2.jpg,1613871843,132,786.2887878787878,748.7969696969697,730.5,731,91,20,Rectangle,9,class->block->function->block->block_content->decl_stmt->decl->type->name
2,206,rectangle_java2.jpg,rectangle_java2.jpg,1613975820,100,792.6176,757.5476,730.5,766,177,21,System.out.println,18,class->block->function->block->block_content->expr_stmt->expr->call->name->name->operator->name->operator->name
2,206,rectangle_java2.jpg,rectangle_java2.jpg,1614099812,88,857.0272727272727,736.3386363636364,826.5,731,51,20,rect2,5,class->block->function->block->block_content->decl_stmt->decl->name
2,206,rectangle_java2.jpg,rectangle_java2.jpg,1614211829,108,851.2085185185185,749.4548148148148,826.5,731,51,20,rect2,5,class->block->function->block->block_content->decl_stmt->decl->name
2,206,rectangle_java2.jpg,rectangle_java2.jpg,1614371839,132,786.6184848484849,755.3548484848485,730.5,766,177,21,System.out.println,18,class->block->function->block->block_content->expr_stmt->expr->call->name->name->operator->name->operator->name
2,206,rectangle_java2.jpg,rectangle_java2.jpg,1614583653,208,791.9617307692308,741.5615384615385,730.5,731,91,20,Rectangle,9,class->block->function->block->block_content->decl_stmt->decl->type->name
2,206,rectangle_java2.jpg,rectangle_java2.jpg,1614675553,88,791.5854545454546,738.2190909090909,730.5,731,91,20,Rectangle,9,class->block->function->block->block_content->decl_stmt->decl->type->name
2,206,rectangle_java2.jpg,rectangle_java2.jpg,1614815671,88,917.300909090909,741.6118181818182,902.5,731,34,20,new,3,class->block->function->block->block_content->decl_stmt->decl->init->expr->operator
2,206,rectangle_java2.jpg,rectangle_java2.jpg,1614931711,112,915.2517857142857,734.6657142857143,902.5,731,34,20,new,3,class->block->function->block->block_content->decl_stmt->decl->init->expr->operator
2,206,rectangle_java2.jpg,rectangle_java2.jpg,1615099725,132,943.6078787878788,741.9824242424243,941.5,731,91,20,Rectangle,9,class->block->function->block->block_content->decl_stmt->decl->init->expr->call->name
2,206,rectangle_java2.jpg,rectangle_java2.jpg,1615163717,60,945.4913333333333,753.588,932.5,766,100,21,rect2.area,10,class->block->function->block->block_content->expr_stmt->expr->call->argument_list->argument->expr->call->name->name->operator->name
2,206,rectangle_java2.jpg,rectangle_java2.jpg,1615259706,64,973.2837499999999,740.723125,941.5,731,91,20,Rectangle,9,class->block->function->block->block_content->decl_stmt->decl->init->expr->call->name
2,206,rectangle_java2.jpg,rectangle_java2.jpg,1615323704,60,971.718,746.192,941.5,731,91,20,Rectangle,9,class->block->function->block->block_content->decl_stmt->decl->init->expr->call->name
2,206,rectangle_java2.jpg,rectangle_java2.jpg,1615551700,60,769.106,723.8993333333333,730.5,731,91,20,Rectangle,9,class->block->function->block->block_content->decl_stmt->decl->type->name
2,206,rectangle_java2.jpg,rectangle_java2.jpg,1615623704,68,777.2305882352941,753.5458823529411,730.5,766,177,21,System.out.println,18,class->block->function->block->block_content->expr_stmt->expr->call->name->name->operator->name->operator->name
2,206,rectangle_java2.jpg,rectangle_java2.jpg,1615683708,56,780.1471428571429,747.325,730.5,731,91,20,Rectangle,9,class->block->function->block->block_content->decl_stmt->decl->type->name
2,206,rectangle_java2.jpg,rectangle_java2.jpg,1620415340,60,993.588,574.614,977.5,585,101,21,this.width,10,class->block->function->block->block_content->return->expr->call->name->name->operator->name
2,206,rectangle_java2.jpg,rectangle_java2.jpg,1620691296,192,981.0316666666666,600.89625,977.5,585,101,21,this.width,10,class->block->function->block->block_content->return->expr->call->name->name->operator->name
