trial,participant,code_file,code_language,timestamp,duration,x_cord,y_cord,aoi_x,aoi_y,aoi_width,aoi_height,token,length,srcML
2,37,rectangle_java2.jpg,rectangle_java2.jpg,431109666,64,776.831875,361.64625,730.5,367,71,21,this.y1,7,class->block->constructor->block->block_content->expr_stmt->expr->name->name->operator->name
2,37,rectangle_java2.jpg,rectangle_java2.jpg,432269644,116,750.1186206896551,211.48655172413794,715.5,222,90,21,Rectangle,9,class->name
2,37,rectangle_java2.jpg,rectangle_java2.jpg,432721441,76,690.2147368421053,252.88,669.5,259,72,21,private,7,class->block->decl_stmt->decl->type->specifier
2,37,rectangle_java2.jpg,rectangle_java2.jpg,432861342,136,685.8108823529411,248.44588235294117,669.5,259,72,21,private,7,class->block->decl_stmt->decl->type->specifier
2,37,rectangle_java2.jpg,rectangle_java2.jpg,432945323,80,687.99,247.983,669.5,259,72,21,private,7,class->block->decl_stmt->decl->type->specifier
2,37,rectangle_java2.jpg,rectangle_java2.jpg,433193400,200,672.2962,219.2126,657.5,222,52,21,class,5,class
2,37,rectangle_java2.jpg,rectangle_java2.jpg,433525466,88,678.1740909090909,260.35727272727274,669.5,259,72,21,private,7,class->block->decl_stmt->decl->type->specifier
2,37,rectangle_java2.jpg,rectangle_java2.jpg,433677505,148,681.8056756756757,256.0372972972973,669.5,259,72,21,private,7,class->block->decl_stmt->decl->type->specifier
2,37,rectangle_java2.jpg,rectangle_java2.jpg,433949525,232,730.2905172413793,246.6543103448276,669.5,259,72,21,private,7,class->block->decl_stmt->decl->type->specifier
2,37,rectangle_java2.jpg,rectangle_java2.jpg,434009507,56,730.7328571428571,237.0592857142857,715.5,222,90,21,Rectangle,9,class->name
2,37,rectangle_java2.jpg,rectangle_java2.jpg,434137474,124,767.4335483870967,234.4941935483871,715.5,222,90,21,Rectangle,9,class->name
2,37,rectangle_java2.jpg,rectangle_java2.jpg,434269444,128,767.1118749999999,225.3621875,715.5,222,90,21,Rectangle,9,class->name
2,37,rectangle_java2.jpg,rectangle_java2.jpg,434353356,80,765.9105,216.661,715.5,222,90,21,Rectangle,9,class->name
2,37,rectangle_java2.jpg,rectangle_java2.jpg,434429260,72,771.5538888888889,224.35277777777776,715.5,222,90,21,Rectangle,9,class->name
2,37,rectangle_java2.jpg,rectangle_java2.jpg,434577259,76,728.0047368421052,211.38736842105266,715.5,222,90,21,Rectangle,9,class->name
2,37,rectangle_java2.jpg,rectangle_java2.jpg,434977509,60,881.9646666666666,248.54933333333332,881.5,259,23,21,x2,2,class->block->decl_stmt->decl->name
2,37,rectangle_java2.jpg,rectangle_java2.jpg,435301336,148,822.555945945946,239.79864864864862,813.5,222,10,21,{,1,class->block
2,37,rectangle_java2.jpg,rectangle_java2.jpg,435901228,96,684.5720833333334,268.1066666666667,669.5,259,72,21,private,7,class->block->decl_stmt->decl->type->specifier
2,37,rectangle_java2.jpg,rectangle_java2.jpg,435973191,68,686.7129411764706,285.37176470588236,669.5,295,63,21,public,6,class->block->constructor->specifier
2,37,rectangle_java2.jpg,rectangle_java2.jpg,436073190,96,680.3283333333334,265.4970833333333,669.5,259,72,21,private,7,class->block->decl_stmt->decl->type->specifier
2,37,rectangle_java2.jpg,rectangle_java2.jpg,436293165,136,714.2620588235294,259.4314705882353,669.5,259,72,21,private,7,class->block->decl_stmt->decl->type->specifier
2,37,rectangle_java2.jpg,rectangle_java2.jpg,436397163,56,779.2742857142857,269.9707142857143,747.5,259,33,21,int,3,class->block->decl_stmt->decl->type->name
2,37,rectangle_java2.jpg,rectangle_java2.jpg,436397163,56,779.2742857142857,269.9707142857143,785.5,259,23,21,x1,2,class->block->decl_stmt->decl->name
2,37,rectangle_java2.jpg,rectangle_java2.jpg,436493166,92,780.4726086956522,285.39,737.5,295,91,21,Rectangle,9,class->block->constructor->name
2,37,rectangle_java2.jpg,rectangle_java2.jpg,436561165,64,775.41625,263.194375,747.5,259,33,21,int,3,class->block->decl_stmt->decl->type->name
2,37,rectangle_java2.jpg,rectangle_java2.jpg,436561165,64,775.41625,263.194375,785.5,259,23,21,x1,2,class->block->decl_stmt->decl->name
2,37,rectangle_java2.jpg,rectangle_java2.jpg,436725150,136,833.1370588235294,266.7335294117647,833.5,259,23,21,y1,2,class->block->decl_stmt->decl->name
2,37,rectangle_java2.jpg,rectangle_java2.jpg,436857155,128,834.57625,264.9528125,833.5,259,23,21,y1,2,class->block->decl_stmt->decl->name
2,37,rectangle_java2.jpg,rectangle_java2.jpg,437453174,76,880.7557894736842,264.69947368421055,881.5,259,23,21,x2,2,class->block->decl_stmt->decl->name
2,37,rectangle_java2.jpg,rectangle_java2.jpg,437541103,84,860.3471428571429,256.12380952380954,863.5,259,10,21,",",1,class->block->decl_stmt
2,37,rectangle_java2.jpg,rectangle_java2.jpg,437777103,184,895.194347826087,255.46934782608696,881.5,259,23,21,x2,2,class->block->decl_stmt->decl->name
2,37,rectangle_java2.jpg,rectangle_java2.jpg,437893076,84,954.1704761904762,250.89761904761906,959.5,259,10,21,;,1,class->block->decl_stmt
2,37,rectangle_java2.jpg,rectangle_java2.jpg,437977060,80,946.666,259.36,929.5,259,23,21,y2,2,class->block->decl_stmt->decl->name
2,37,rectangle_java2.jpg,rectangle_java2.jpg,438245020,180,960.3093333333334,258.24044444444445,959.5,259,10,21,;,1,class->block->decl_stmt
2,37,rectangle_java2.jpg,rectangle_java2.jpg,438369041,120,957.8086666666667,251.55533333333335,959.5,259,10,21,;,1,class->block->decl_stmt
2,37,rectangle_java2.jpg,rectangle_java2.jpg,438917085,100,752.9728,313.8068,737.5,295,91,21,Rectangle,9,class->block->constructor->name
2,37,rectangle_java2.jpg,rectangle_java2.jpg,439248778,296,699.3087837837838,260.72837837837835,669.5,259,72,21,private,7,class->block->decl_stmt->decl->type->specifier
2,37,rectangle_java2.jpg,rectangle_java2.jpg,439424919,148,760.8783783783783,263.12216216216217,747.5,259,33,21,int,3,class->block->decl_stmt->decl->type->name
2,37,rectangle_java2.jpg,rectangle_java2.jpg,439680850,56,692.8264285714286,231.96714285714285,657.5,222,52,21,class,5,class
2,37,rectangle_java2.jpg,rectangle_java2.jpg,439760809,76,694.6273684210527,253.63,669.5,259,72,21,private,7,class->block->decl_stmt->decl->type->specifier
2,37,rectangle_java2.jpg,rectangle_java2.jpg,439888874,104,744.8961538461539,278.255,747.5,259,33,21,int,3,class->block->decl_stmt->decl->type->name
2,37,rectangle_java2.jpg,rectangle_java2.jpg,439964899,72,745.1222222222223,292.72555555555556,737.5,295,91,21,Rectangle,9,class->block->constructor->name
2,37,rectangle_java2.jpg,rectangle_java2.jpg,440096878,128,751.374375,305.44375,737.5,295,91,21,Rectangle,9,class->block->constructor->name
2,37,rectangle_java2.jpg,rectangle_java2.jpg,440156872,56,747.2992857142857,294.2742857142857,737.5,295,91,21,Rectangle,9,class->block->constructor->name
2,37,rectangle_java2.jpg,rectangle_java2.jpg,440216881,56,770.8221428571428,293.1978571428572,737.5,295,91,21,Rectangle,9,class->block->constructor->name
2,37,rectangle_java2.jpg,rectangle_java2.jpg,440372908,80,780.0805,305.02049999999997,737.5,295,91,21,Rectangle,9,class->block->constructor->name
2,37,rectangle_java2.jpg,rectangle_java2.jpg,440436933,60,785.6506666666667,304.46933333333334,737.5,295,91,21,Rectangle,9,class->block->constructor->name
2,37,rectangle_java2.jpg,rectangle_java2.jpg,440656880,64,773.35875,294.76125,737.5,295,91,21,Rectangle,9,class->block->constructor->name
2,37,rectangle_java2.jpg,rectangle_java2.jpg,440756810,72,799.8255555555555,273.40555555555557,785.5,259,23,21,x1,2,class->block->decl_stmt->decl->name
2,37,rectangle_java2.jpg,rectangle_java2.jpg,440952784,160,809.1335,314.87850000000003,737.5,295,91,21,Rectangle,9,class->block->constructor->name
2,37,rectangle_java2.jpg,rectangle_java2.jpg,441040775,84,805.4842857142858,311.3247619047619,737.5,295,91,21,Rectangle,9,class->block->constructor->name
2,37,rectangle_java2.jpg,rectangle_java2.jpg,441152761,72,861.2466666666667,253.88277777777773,863.5,259,10,21,",",1,class->block->decl_stmt
2,37,rectangle_java2.jpg,rectangle_java2.jpg,441228757,72,856.355,263.15277777777777,833.5,259,23,21,y1,2,class->block->decl_stmt->decl->name
2,37,rectangle_java2.jpg,rectangle_java2.jpg,441228757,72,856.355,263.15277777777777,863.5,259,10,21,",",1,class->block->decl_stmt
2,37,rectangle_java2.jpg,rectangle_java2.jpg,441320751,88,867.0627272727272,270.9418181818182,863.5,259,10,21,",",1,class->block->decl_stmt
2,37,rectangle_java2.jpg,rectangle_java2.jpg,441720784,164,791.860243902439,221.44463414634146,715.5,222,90,21,Rectangle,9,class->name
2,37,rectangle_java2.jpg,rectangle_java2.jpg,441868772,104,845.2496153846154,259.3538461538461,833.5,259,23,21,y1,2,class->block->decl_stmt->decl->name
2,37,rectangle_java2.jpg,rectangle_java2.jpg,442012776,140,844.37,269.4485714285714,833.5,259,23,21,y1,2,class->block->decl_stmt->decl->name
2,37,rectangle_java2.jpg,rectangle_java2.jpg,442112820,60,771.7553333333334,453.788,730.5,440,71,21,this.y2,7,class->block->constructor->block->block_content->expr_stmt->expr->name->name->operator->name
2,37,rectangle_java2.jpg,rectangle_java2.jpg,442252761,136,764.7402941176471,435.04441176470596,730.5,440,71,21,this.y2,7,class->block->constructor->block->block_content->expr_stmt->expr->name->name->operator->name
2,37,rectangle_java2.jpg,rectangle_java2.jpg,442320712,64,769.7275,411.13125,730.5,404,71,19,this.x2,7,class->block->constructor->block->block_content->expr_stmt->expr->name->name->operator->name
2,37,rectangle_java2.jpg,rectangle_java2.jpg,442628655,64,747.938125,331.670625,730.5,331,71,19,this.x1,7,class->block->constructor->block->block_content->expr_stmt->expr->name->name->operator->name
2,37,rectangle_java2.jpg,rectangle_java2.jpg,442716624,84,750.5909523809523,339.0695238095238,730.5,331,71,19,this.x1,7,class->block->constructor->block->block_content->expr_stmt->expr->name->name->operator->name
2,37,rectangle_java2.jpg,rectangle_java2.jpg,442992621,116,781.1568965517241,356.6120689655172,730.5,367,71,21,this.y1,7,class->block->constructor->block->block_content->expr_stmt->expr->name->name->operator->name
2,37,rectangle_java2.jpg,rectangle_java2.jpg,443160613,80,822.969,345.3005,826.5,331,23,19,x1,2,class->block->constructor->block->block_content->expr_stmt->expr->name->name
2,37,rectangle_java2.jpg,rectangle_java2.jpg,443312622,148,816.7748648648649,345.4337837837838,806.5,331,15,19,=,1,class->block->constructor->block->block_content->expr_stmt->expr->operator
2,37,rectangle_java2.jpg,rectangle_java2.jpg,443312622,148,816.7748648648649,345.4337837837838,826.5,331,23,19,x1,2,class->block->constructor->block->block_content->expr_stmt->expr->name->name
2,37,rectangle_java2.jpg,rectangle_java2.jpg,443644708,104,737.77,398.1,730.5,404,71,19,this.x2,7,class->block->constructor->block->block_content->expr_stmt->expr->name->name->operator->name
2,37,rectangle_java2.jpg,rectangle_java2.jpg,443712616,64,737.318125,394.920625,730.5,404,71,19,this.x2,7,class->block->constructor->block->block_content->expr_stmt->expr->name->name->operator->name
2,37,rectangle_java2.jpg,rectangle_java2.jpg,444036423,64,770.030625,342.799375,730.5,331,71,19,this.x1,7,class->block->constructor->block->block_content->expr_stmt->expr->name->name->operator->name
2,37,rectangle_java2.jpg,rectangle_java2.jpg,444284541,96,817.995,403.89,806.5,404,15,19,=,1,class->block->constructor->block->block_content->expr_stmt->expr->operator
2,37,rectangle_java2.jpg,rectangle_java2.jpg,444284541,96,817.995,403.89,826.5,404,23,19,x2,2,class->block->constructor->block->block_content->expr_stmt->expr->name->name
2,37,rectangle_java2.jpg,rectangle_java2.jpg,444460510,72,788.4488888888889,408.9688888888889,730.5,404,71,19,this.x2,7,class->block->constructor->block->block_content->expr_stmt->expr->name->name->operator->name
2,37,rectangle_java2.jpg,rectangle_java2.jpg,444536502,72,786.3316666666667,413.80555555555554,730.5,404,71,19,this.x2,7,class->block->constructor->block->block_content->expr_stmt->expr->name->name->operator->name
2,37,rectangle_java2.jpg,rectangle_java2.jpg,444944504,108,696.3514814814815,520.5981481481481,669.5,512,63,21,public,6,class->block->function->type->specifier
2,37,rectangle_java2.jpg,rectangle_java2.jpg,445264517,68,786.09,514.5788235294118,775.5,512,53,21,width,5,class->block->function->name
2,37,rectangle_java2.jpg,rectangle_java2.jpg,445508548,64,742.096875,550.466875,737.5,549,33,21,int,3,class->block->function->type->name
2,37,rectangle_java2.jpg,rectangle_java2.jpg,445968409,100,748.1004,529.9568,737.5,512,33,21,int,3,class->block->function->type->name
2,37,rectangle_java2.jpg,rectangle_java2.jpg,446152337,108,794.6451851851851,532.0733333333334,775.5,512,53,21,width,5,class->block->function->name
2,37,rectangle_java2.jpg,rectangle_java2.jpg,446220287,64,782.298125,516.48375,775.5,512,53,21,width,5,class->block->function->name
2,37,rectangle_java2.jpg,rectangle_java2.jpg,446320253,96,792.59875,508.11875,775.5,512,53,21,width,5,class->block->function->name
2,37,rectangle_java2.jpg,rectangle_java2.jpg,446524214,84,793.5480952380952,522.1166666666667,775.5,512,53,21,width,5,class->block->function->name
2,37,rectangle_java2.jpg,rectangle_java2.jpg,446800018,132,843.8169696969697,525.0324242424242,837.5,512,9,21,(,1,class->block->function->parameter_list
2,37,rectangle_java2.jpg,rectangle_java2.jpg,446800018,132,843.8169696969697,525.0324242424242,854.5,512,9,21,),1,class->block->function->parameter_list
2,37,rectangle_java2.jpg,rectangle_java2.jpg,447176235,112,881.6967857142857,504.0392857142857,874.5,512,10,21,{,1,class->block->function->block
2,37,rectangle_java2.jpg,rectangle_java2.jpg,447176235,112,881.6967857142857,504.0392857142857,891.5,512,62,21,return,6,class->block->function->block->block_content->return->expr->name->name
2,37,rectangle_java2.jpg,rectangle_java2.jpg,447252263,60,936.6966666666667,532.0026666666666,891.5,512,62,21,return,6,class->block->function->block->block_content->return->expr->name->name
2,37,rectangle_java2.jpg,rectangle_java2.jpg,447496463,240,937.015,540.0148333333333,900.5,549,63,21,return,6,class->block->function->block->block_content->return
2,37,rectangle_java2.jpg,rectangle_java2.jpg,447560422,60,923.2993333333333,547.348,900.5,549,63,21,return,6,class->block->function->block->block_content->return
2,37,rectangle_java2.jpg,rectangle_java2.jpg,447760256,184,1011.454347826087,539.8893478260869,968.5,549,70,21,this.y2,7,class->block->function->block->block_content->return->expr->name->name->operator->name
2,37,rectangle_java2.jpg,rectangle_java2.jpg,447820257,56,1011.0557142857143,531.8621428571429,958.5,512,71,21,this.x2,7,class->block->function->block->block_content->return->expr->name->name->operator->name->operator
2,37,rectangle_java2.jpg,rectangle_java2.jpg,447948251,92,982.5973913043479,551.825652173913,968.5,549,70,21,this.y2,7,class->block->function->block->block_content->return->expr->name->name->operator->name
2,37,rectangle_java2.jpg,rectangle_java2.jpg,448040240,88,978.0281818181818,536.5227272727273,968.5,549,70,21,this.y2,7,class->block->function->block->block_content->return->expr->name->name->operator->name
2,37,rectangle_java2.jpg,rectangle_java2.jpg,448164222,108,1086.9855555555555,539.3951851851851,1064.5,549,71,21,this.y1,7,class->block->function->block->block_content->return->expr->name->name->operator->name
2,37,rectangle_java2.jpg,rectangle_java2.jpg,448236220,68,1092.2135294117647,528.6123529411765,1054.5,512,71,21,this.x1,7,class->block->function->block->block_content->return->expr->name->name->operator->name
2,37,rectangle_java2.jpg,rectangle_java2.jpg,448396121,156,1082.7297435897435,544.3964102564103,1064.5,549,71,21,this.y1,7,class->block->function->block->block_content->return->expr->name->name->operator->name
2,37,rectangle_java2.jpg,rectangle_java2.jpg,448472018,72,1091.3655555555556,520.7044444444444,1054.5,512,71,21,this.x1,7,class->block->function->block->block_content->return->expr->name->name->operator->name
2,37,rectangle_java2.jpg,rectangle_java2.jpg,448668042,104,1080.836923076923,520.9107692307692,1054.5,512,71,21,this.x1,7,class->block->function->block->block_content->return->expr->name->name->operator->name
2,37,rectangle_java2.jpg,rectangle_java2.jpg,448924230,220,703.8658181818182,552.0187272727272,669.5,549,63,21,public,6,class->block->function->type->specifier
2,37,rectangle_java2.jpg,rectangle_java2.jpg,449080160,104,693.5288461538462,561.4534615384615,669.5,549,63,21,public,6,class->block->function->type->specifier
2,37,rectangle_java2.jpg,rectangle_java2.jpg,449144131,60,691.5413333333333,559.912,669.5,549,63,21,public,6,class->block->function->type->specifier
2,37,rectangle_java2.jpg,rectangle_java2.jpg,449224138,76,703.4363157894737,572.7536842105263,669.5,585,63,21,public,6,class->block->function->type->specifier
2,37,rectangle_java2.jpg,rectangle_java2.jpg,449300145,72,690.7344444444444,561.4155555555556,669.5,549,63,21,public,6,class->block->function->type->specifier
2,37,rectangle_java2.jpg,rectangle_java2.jpg,449400138,72,732.8816666666667,566.6227777777777,737.5,549,33,21,int,3,class->block->function->type->name
2,37,rectangle_java2.jpg,rectangle_java2.jpg,449480125,76,738.4073684210526,577.8221052631579,737.5,585,62,21,double,6,class->block->function->type->name
2,37,rectangle_java2.jpg,rectangle_java2.jpg,449596121,76,762.1894736842105,559.4136842105263,737.5,549,33,21,int,3,class->block->function->type->name
2,37,rectangle_java2.jpg,rectangle_java2.jpg,450052000,92,820.3869565217391,558.7465217391305,775.5,549,62,21,height,6,class->block->function->name
2,37,rectangle_java2.jpg,rectangle_java2.jpg,450227911,128,757.2521875,573.975,737.5,585,62,21,double,6,class->block->function->type->name
2,37,rectangle_java2.jpg,rectangle_java2.jpg,450391993,60,714.3286666666667,564.6186666666666,669.5,549,63,21,public,6,class->block->function->type->specifier
2,37,rectangle_java2.jpg,rectangle_java2.jpg,450835950,112,754.1846428571429,538.3960714285714,737.5,549,33,21,int,3,class->block->function->type->name
2,37,rectangle_java2.jpg,rectangle_java2.jpg,451063977,132,750.9890909090909,564.3466666666667,737.5,549,33,21,int,3,class->block->function->type->name
2,37,rectangle_java2.jpg,rectangle_java2.jpg,451220088,120,802.7676666666666,556.6383333333333,775.5,549,62,21,height,6,class->block->function->name
2,37,rectangle_java2.jpg,rectangle_java2.jpg,451336269,56,803.7585714285714,561.2057142857143,775.5,549,62,21,height,6,class->block->function->name
2,37,rectangle_java2.jpg,rectangle_java2.jpg,451496074,60,788.1766666666666,564.2673333333333,775.5,549,62,21,height,6,class->block->function->name
2,37,rectangle_java2.jpg,rectangle_java2.jpg,451575986,76,798.4452631578947,568.3163157894737,775.5,549,62,21,height,6,class->block->function->name
2,37,rectangle_java2.jpg,rectangle_java2.jpg,451639923,60,801.402,557.6653333333334,775.5,549,62,21,height,6,class->block->function->name
2,37,rectangle_java2.jpg,rectangle_java2.jpg,452007864,56,893.7857142857142,574.8328571428572,893.5,585,10,21,{,1,class->block->function->block
2,37,rectangle_java2.jpg,rectangle_java2.jpg,452123872,60,908.4986666666666,573.7433333333333,910.5,585,62,21,return,6,class->block->function->block->block_content->return
2,37,rectangle_java2.jpg,rectangle_java2.jpg,452283924,64,1012.945,569.805625,968.5,549,70,21,this.y2,7,class->block->function->block->block_content->return->expr->name->name->operator->name
2,37,rectangle_java2.jpg,rectangle_java2.jpg,452343952,56,1015.3685714285714,569.3407142857143,968.5,549,70,21,this.y2,7,class->block->function->block->block_content->return->expr->name->name->operator->name
2,37,rectangle_java2.jpg,rectangle_java2.jpg,452483966,136,1001.005,573.515294117647,977.5,585,101,21,this.width,10,class->block->function->block->block_content->return->expr->call->name->name->operator->name
2,37,rectangle_java2.jpg,rectangle_java2.jpg,452723945,100,980.6724,563.372,968.5,549,70,21,this.y2,7,class->block->function->block->block_content->return->expr->name->name->operator->name
2,37,rectangle_java2.jpg,rectangle_java2.jpg,452843915,116,979.3634482758621,578.8817241379311,977.5,585,101,21,this.width,10,class->block->function->block->block_content->return->expr->call->name->name->operator->name
2,37,rectangle_java2.jpg,rectangle_java2.jpg,452919869,60,1057.512,569.432,1045.5,549,13,21,-,1,class->block->function->block->block_content->return->expr->operator
2,37,rectangle_java2.jpg,rectangle_java2.jpg,452919869,60,1057.512,569.432,1064.5,549,71,21,this.y1,7,class->block->function->block->block_content->return->expr->name->name->operator->name
2,37,rectangle_java2.jpg,rectangle_java2.jpg,452995853,72,1057.2311111111112,563.9366666666667,1045.5,549,13,21,-,1,class->block->function->block->block_content->return->expr->operator
2,37,rectangle_java2.jpg,rectangle_java2.jpg,452995853,72,1057.2311111111112,563.9366666666667,1064.5,549,71,21,this.y1,7,class->block->function->block->block_content->return->expr->name->name->operator->name
2,37,rectangle_java2.jpg,rectangle_java2.jpg,453183643,132,1035.2875757575757,565.609696969697,968.5,549,70,21,this.y2,7,class->block->function->block->block_content->return->expr->name->name->operator->name
2,37,rectangle_java2.jpg,rectangle_java2.jpg,453183643,132,1035.2875757575757,565.609696969697,1045.5,549,13,21,-,1,class->block->function->block->block_content->return->expr->operator
2,37,rectangle_java2.jpg,rectangle_java2.jpg,453311644,124,1036.4270967741936,563.8748387096774,968.5,549,70,21,this.y2,7,class->block->function->block->block_content->return->expr->name->name->operator->name
2,37,rectangle_java2.jpg,rectangle_java2.jpg,453311644,124,1036.4270967741936,563.8748387096774,1045.5,549,13,21,-,1,class->block->function->block->block_content->return->expr->operator
2,37,rectangle_java2.jpg,rectangle_java2.jpg,453459692,56,1036.6271428571429,554.6078571428571,968.5,549,70,21,this.y2,7,class->block->function->block->block_content->return->expr->name->name->operator->name
2,37,rectangle_java2.jpg,rectangle_java2.jpg,453459692,56,1036.6271428571429,554.6078571428571,1045.5,549,13,21,-,1,class->block->function->block->block_content->return->expr->operator
2,37,rectangle_java2.jpg,rectangle_java2.jpg,453607745,72,1093.5372222222222,553.0416666666666,1064.5,549,71,21,this.y1,7,class->block->function->block->block_content->return->expr->name->name->operator->name
2,37,rectangle_java2.jpg,rectangle_java2.jpg,453695714,84,1092.8919047619047,559.1647619047619,1064.5,549,71,21,this.y1,7,class->block->function->block->block_content->return->expr->name->name->operator->name
2,37,rectangle_java2.jpg,rectangle_java2.jpg,453791684,72,809.6477777777778,550.9705555555556,775.5,549,62,21,height,6,class->block->function->name
2,37,rectangle_java2.jpg,rectangle_java2.jpg,453927746,84,810.3647619047618,558.2780952380953,775.5,549,62,21,height,6,class->block->function->name
2,37,rectangle_java2.jpg,rectangle_java2.jpg,454155736,184,806.221304347826,354.8560869565217,806.5,367,15,21,=,1,class->block->constructor->block->block_content->expr_stmt->expr->operator
2,37,rectangle_java2.jpg,rectangle_java2.jpg,454231713,72,803.2116666666667,361.24888888888887,806.5,367,15,21,=,1,class->block->constructor->block->block_content->expr_stmt->expr->operator
2,37,rectangle_java2.jpg,rectangle_java2.jpg,454491730,80,799.0555,255.466,785.5,259,23,21,x1,2,class->block->decl_stmt->decl->name
2,37,rectangle_java2.jpg,rectangle_java2.jpg,454695630,148,815.422972972973,242.7337837837838,813.5,222,10,21,{,1,class->block
2,37,rectangle_java2.jpg,rectangle_java2.jpg,454819535,76,773.5626315789474,328.4863157894737,730.5,331,71,19,this.x1,7,class->block->constructor->block->block_content->expr_stmt->expr->name->name->operator->name
2,37,rectangle_java2.jpg,rectangle_java2.jpg,454891516,68,769.994705882353,327.8311764705882,730.5,331,71,19,this.x1,7,class->block->constructor->block->block_content->expr_stmt->expr->name->name->operator->name
2,37,rectangle_java2.jpg,rectangle_java2.jpg,454955515,60,774.5946666666666,347.00933333333336,730.5,331,71,19,this.x1,7,class->block->constructor->block->block_content->expr_stmt->expr->name->name->operator->name
2,37,rectangle_java2.jpg,rectangle_java2.jpg,455311771,56,825.1457142857143,329.2742857142857,826.5,331,23,19,x1,2,class->block->constructor->block->block_content->expr_stmt->expr->name->name
2,37,rectangle_java2.jpg,rectangle_java2.jpg,455379699,64,833.1175000000001,347.121875,826.5,331,23,19,x1,2,class->block->constructor->block->block_content->expr_stmt->expr->name->name
2,37,rectangle_java2.jpg,rectangle_java2.jpg,455663601,136,822.7273529411765,381.25588235294117,826.5,367,23,21,y1,2,class->block->constructor->block->block_content->expr_stmt->expr->name->name
2,37,rectangle_java2.jpg,rectangle_java2.jpg,455947874,60,842.2953333333334,615.1146666666666,804.5,621,44,21,void,4,class->block->function->type->name
2,37,rectangle_java2.jpg,rectangle_java2.jpg,455947874,60,842.2953333333334,615.1146666666666,851.5,621,44,21,main,4,class->block->function->name
2,37,rectangle_java2.jpg,rectangle_java2.jpg,456023750,72,842.6005555555555,598.4938888888889,804.5,585,43,21,area,4,class->block->function->name
2,37,rectangle_java2.jpg,rectangle_java2.jpg,456123604,96,852.3404166666667,586.8895833333333,856.5,585,9,21,(,1,class->block->function->parameter_list
2,37,rectangle_java2.jpg,rectangle_java2.jpg,456183565,56,858.3821428571429,602.2685714285715,856.5,585,9,21,(,1,class->block->function->parameter_list
2,37,rectangle_java2.jpg,rectangle_java2.jpg,456411506,188,998.2736170212766,586.2644680851064,977.5,585,101,21,this.width,10,class->block->function->block->block_content->return->expr->call->name->name->operator->name
2,37,rectangle_java2.jpg,rectangle_java2.jpg,456471511,56,1013.3471428571429,576.7214285714285,977.5,585,101,21,this.width,10,class->block->function->block->block_content->return->expr->call->name->name->operator->name
2,37,rectangle_java2.jpg,rectangle_java2.jpg,456811372,76,846.2657894736842,253.5257894736842,833.5,259,23,21,y1,2,class->block->decl_stmt->decl->name
2,37,rectangle_java2.jpg,rectangle_java2.jpg,457603505,196,817.2524489795918,232.30959183673468,813.5,222,10,21,{,1,class->block
2,37,rectangle_java2.jpg,rectangle_java2.jpg,457987191,92,765.0082608695652,283.13565217391306,737.5,295,91,21,Rectangle,9,class->block->constructor->name
2,37,rectangle_java2.jpg,rectangle_java2.jpg,458287346,124,709.9622580645162,276.5451612903226,669.5,259,72,21,private,7,class->block->decl_stmt->decl->type->specifier
2,37,rectangle_java2.jpg,rectangle_java2.jpg,458347246,56,692.5528571428572,262.9214285714286,669.5,259,72,21,private,7,class->block->decl_stmt->decl->type->specifier
2,37,rectangle_java2.jpg,rectangle_java2.jpg,458727329,120,896.112,253.4373333333333,881.5,259,23,21,x2,2,class->block->decl_stmt->decl->name
2,37,rectangle_java2.jpg,rectangle_java2.jpg,458827340,96,886.44375,269.58875,881.5,259,23,21,x2,2,class->block->decl_stmt->decl->name
2,37,rectangle_java2.jpg,rectangle_java2.jpg,458915323,84,867.634761904762,271.21476190476193,863.5,259,10,21,",",1,class->block->decl_stmt
2,37,rectangle_java2.jpg,rectangle_java2.jpg,458999346,80,866.2185,271.1635,863.5,259,10,21,",",1,class->block->decl_stmt
2,37,rectangle_java2.jpg,rectangle_java2.jpg,459071370,68,864.6464705882353,270.2029411764706,863.5,259,10,21,",",1,class->block->decl_stmt
2,37,rectangle_java2.jpg,rectangle_java2.jpg,459411254,68,957.5158823529412,275.75235294117647,959.5,259,10,21,;,1,class->block->decl_stmt
2,37,rectangle_java2.jpg,rectangle_java2.jpg,459599099,104,728.4288461538462,261.51384615384615,669.5,259,72,21,private,7,class->block->decl_stmt->decl->type->specifier
2,37,rectangle_java2.jpg,rectangle_java2.jpg,459695165,92,723.5652173913044,270.77,669.5,259,72,21,private,7,class->block->decl_stmt->decl->type->specifier
2,37,rectangle_java2.jpg,rectangle_java2.jpg,459819236,76,692.6857894736842,251.0763157894737,669.5,259,72,21,private,7,class->block->decl_stmt->decl->type->specifier
2,37,rectangle_java2.jpg,rectangle_java2.jpg,460475204,88,742.13,363.08454545454543,730.5,367,71,21,this.y1,7,class->block->constructor->block->block_content->expr_stmt->expr->name->name->operator->name
2,37,rectangle_java2.jpg,rectangle_java2.jpg,460567190,88,736.0831818181819,368.3545454545455,730.5,367,71,21,this.y1,7,class->block->constructor->block->block_content->expr_stmt->expr->name->name->operator->name
2,37,rectangle_java2.jpg,rectangle_java2.jpg,460703194,64,758.9175,402.503125,730.5,404,71,19,this.x2,7,class->block->constructor->block->block_content->expr_stmt->expr->name->name->operator->name
2,37,rectangle_java2.jpg,rectangle_java2.jpg,460767204,60,772.0073333333333,412.68066666666664,730.5,404,71,19,this.x2,7,class->block->constructor->block->block_content->expr_stmt->expr->name->name->operator->name
2,37,rectangle_java2.jpg,rectangle_java2.jpg,460987268,116,810.8968965517241,405.8593103448276,806.5,404,15,19,=,1,class->block->constructor->block->block_content->expr_stmt->expr->operator
2,37,rectangle_java2.jpg,rectangle_java2.jpg,461071163,80,807.4055,395.308,806.5,404,15,19,=,1,class->block->constructor->block->block_content->expr_stmt->expr->operator
2,37,rectangle_java2.jpg,rectangle_java2.jpg,461159079,84,818.5138095238095,395.1495238095238,806.5,404,15,19,=,1,class->block->constructor->block->block_content->expr_stmt->expr->operator
2,37,rectangle_java2.jpg,rectangle_java2.jpg,461159079,84,818.5138095238095,395.1495238095238,826.5,404,23,19,x2,2,class->block->constructor->block->block_content->expr_stmt->expr->name->name
2,37,rectangle_java2.jpg,rectangle_java2.jpg,461399048,120,925.001,542.0926666666667,900.5,549,63,21,return,6,class->block->function->block->block_content->return
2,37,rectangle_java2.jpg,rectangle_java2.jpg,461583136,124,993.61,559.2083870967742,968.5,549,70,21,this.y2,7,class->block->function->block->block_content->return->expr->name->name->operator->name
2,37,rectangle_java2.jpg,rectangle_java2.jpg,461819068,116,1002.5858620689655,524.0779310344827,958.5,512,71,21,this.x2,7,class->block->function->block->block_content->return->expr->name->name->operator->name->operator
2,37,rectangle_java2.jpg,rectangle_java2.jpg,461995020,120,1009.2553333333333,532.381,958.5,512,71,21,this.x2,7,class->block->function->block->block_content->return->expr->name->name->operator->name->operator
2,37,rectangle_java2.jpg,rectangle_java2.jpg,462143038,84,783.4585714285714,331.50095238095236,730.5,331,71,19,this.x1,7,class->block->constructor->block->block_content->expr_stmt->expr->name->name->operator->name
2,37,rectangle_java2.jpg,rectangle_java2.jpg,462243037,96,791.1916666666666,323.71708333333333,730.5,331,71,19,this.x1,7,class->block->constructor->block->block_content->expr_stmt->expr->name->name->operator->name
2,37,rectangle_java2.jpg,rectangle_java2.jpg,462443008,88,783.2313636363637,347.51272727272726,730.5,331,71,19,this.x1,7,class->block->constructor->block->block_content->expr_stmt->expr->name->name->operator->name
2,37,rectangle_java2.jpg,rectangle_java2.jpg,462594912,120,778.5046666666667,400.035,730.5,404,71,19,this.x2,7,class->block->constructor->block->block_content->expr_stmt->expr->name->name->operator->name
2,37,rectangle_java2.jpg,rectangle_java2.jpg,462686945,88,781.675909090909,408.07772727272726,730.5,404,71,19,this.x2,7,class->block->constructor->block->block_content->expr_stmt->expr->name->name->operator->name
2,37,rectangle_java2.jpg,rectangle_java2.jpg,462914929,56,810.7042857142857,395.35714285714283,806.5,404,15,19,=,1,class->block->constructor->block->block_content->expr_stmt->expr->operator
2,37,rectangle_java2.jpg,rectangle_java2.jpg,463174895,64,778.986875,394.72,730.5,404,71,19,this.x2,7,class->block->constructor->block->block_content->expr_stmt->expr->name->name->operator->name
2,37,rectangle_java2.jpg,rectangle_java2.jpg,463234912,56,775.3614285714285,402.9921428571429,730.5,404,71,19,this.x2,7,class->block->constructor->block->block_content->expr_stmt->expr->name->name->operator->name
2,37,rectangle_java2.jpg,rectangle_java2.jpg,463558863,76,772.6,341.67052631578946,730.5,331,71,19,this.x1,7,class->block->constructor->block->block_content->expr_stmt->expr->name->name->operator->name
2,37,rectangle_java2.jpg,rectangle_java2.jpg,463630863,68,769.015294117647,345.0729411764706,730.5,331,71,19,this.x1,7,class->block->constructor->block->block_content->expr_stmt->expr->name->name->operator->name
2,37,rectangle_java2.jpg,rectangle_java2.jpg,463818928,56,765.4864285714286,296.7942857142857,737.5,295,91,21,Rectangle,9,class->block->constructor->name
2,37,rectangle_java2.jpg,rectangle_java2.jpg,464030938,96,769.2075,429.33625000000006,730.5,440,71,21,this.y2,7,class->block->constructor->block->block_content->expr_stmt->expr->name->name->operator->name
2,37,rectangle_java2.jpg,rectangle_java2.jpg,464186839,100,839.3024,437.0416,826.5,440,23,21,y2,2,class->block->constructor->block->block_content->expr_stmt->expr->name->name
2,37,rectangle_java2.jpg,rectangle_java2.jpg,464738816,100,761.0808,649.7708,730.5,658,91,20,Rectangle,9,class->block->function->block->block_content->decl_stmt->decl->type->name
2,37,rectangle_java2.jpg,rectangle_java2.jpg,464922803,152,713.8181578947368,614.7931578947369,669.5,621,63,21,public,6,class->block->function->type->specifier
2,37,rectangle_java2.jpg,rectangle_java2.jpg,465130760,204,694.0074509803922,610.5609803921569,669.5,621,63,21,public,6,class->block->function->type->specifier
2,37,rectangle_java2.jpg,rectangle_java2.jpg,465442788,220,756.5121818181818,597.6832727272728,737.5,585,62,21,double,6,class->block->function->type->name
2,37,rectangle_java2.jpg,rectangle_java2.jpg,465842604,92,859.4678260869565,585.694347826087,856.5,585,9,21,(,1,class->block->function->parameter_list
2,37,rectangle_java2.jpg,rectangle_java2.jpg,465910616,64,857.803125,608.7425,851.5,621,44,21,main,4,class->block->function->name
2,37,rectangle_java2.jpg,rectangle_java2.jpg,466134668,180,807.6106666666667,616.8382222222223,804.5,621,44,21,void,4,class->block->function->type->name
2,37,rectangle_java2.jpg,rectangle_java2.jpg,466254673,72,779.8422222222222,614.9361111111111,738.5,621,61,21,static,6,class->block->function->type->specifier
2,37,rectangle_java2.jpg,rectangle_java2.jpg,466358740,100,775.2932,618.622,738.5,621,61,21,static,6,class->block->function->type->specifier
2,37,rectangle_java2.jpg,rectangle_java2.jpg,466546931,68,910.9429411764706,614.0294117647059,904.5,621,9,21,(,1,class->block->function->parameter_list
2,37,rectangle_java2.jpg,rectangle_java2.jpg,466546931,68,910.9429411764706,614.0294117647059,920.5,621,62,21,String,6,class->block->function->parameter_list->parameter->decl->type->name->name
2,37,rectangle_java2.jpg,rectangle_java2.jpg,466790907,96,990.2754166666666,605.9404166666667,977.5,585,101,21,this.width,10,class->block->function->block->block_content->return->expr->call->name->name->operator->name
2,37,rectangle_java2.jpg,rectangle_java2.jpg,466890736,96,993.9416666666666,605.8045833333333,977.5,585,101,21,this.width,10,class->block->function->block->block_content->return->expr->call->name->name->operator->name
2,37,rectangle_java2.jpg,rectangle_java2.jpg,467326552,140,795.1154285714285,638.136,738.5,621,61,21,static,6,class->block->function->type->specifier
2,37,rectangle_java2.jpg,rectangle_java2.jpg,467326552,140,795.1154285714285,638.136,804.5,621,44,21,void,4,class->block->function->type->name
2,37,rectangle_java2.jpg,rectangle_java2.jpg,467586612,208,711.8642307692307,634.5201923076924,669.5,621,63,21,public,6,class->block->function->type->specifier
2,37,rectangle_java2.jpg,rectangle_java2.jpg,467702623,112,698.4225,627.5992857142858,669.5,621,63,21,public,6,class->block->function->type->specifier
2,37,rectangle_java2.jpg,rectangle_java2.jpg,467998565,96,793.3258333333333,639.8183333333334,738.5,621,61,21,static,6,class->block->function->type->specifier
2,37,rectangle_java2.jpg,rectangle_java2.jpg,467998565,96,793.3258333333333,639.8183333333334,804.5,621,44,21,void,4,class->block->function->type->name
2,37,rectangle_java2.jpg,rectangle_java2.jpg,468166556,140,846.3071428571428,649.44,826.5,658,52,20,rect1,5,class->block->function->block->block_content->decl_stmt->decl->name
2,37,rectangle_java2.jpg,rectangle_java2.jpg,468270565,92,942.3586956521739,652.37,941.5,658,91,20,Rectangle,9,class->block->function->block->block_content->decl_stmt->decl->init->expr->call->name
2,37,rectangle_java2.jpg,rectangle_java2.jpg,468342573,68,947.2435294117647,646.7858823529411,941.5,658,91,20,Rectangle,9,class->block->function->block->block_content->decl_stmt->decl->init->expr->call->name
2,37,rectangle_java2.jpg,rectangle_java2.jpg,468462552,116,947.8427586206897,650.5927586206897,941.5,658,91,20,Rectangle,9,class->block->function->block->block_content->decl_stmt->decl->init->expr->call->name
2,37,rectangle_java2.jpg,rectangle_java2.jpg,468746173,196,1010.6469387755102,654.6783673469388,941.5,658,91,20,Rectangle,9,class->block->function->block->block_content->decl_stmt->decl->init->expr->call->name
2,37,rectangle_java2.jpg,rectangle_java2.jpg,468810185,60,1011.4253333333334,635.734,1007.5,621,10,21,],1,class->block->function->parameter_list->parameter->decl->type->name->index
2,37,rectangle_java2.jpg,rectangle_java2.jpg,468934228,80,937.7995,671.9445,941.5,658,91,20,Rectangle,9,class->block->function->block->block_content->decl_stmt->decl->init->expr->call->name
2,37,rectangle_java2.jpg,rectangle_java2.jpg,469002288,64,932.3824999999999,684.124375,932.5,694,100,21,rect1.area,10,class->block->function->block->block_content->expr_stmt->expr->call->argument_list->argument->expr->call->name->name->operator->name
2,37,rectangle_java2.jpg,rectangle_java2.jpg,469070347,64,939.694375,684.2731249999999,932.5,694,100,21,rect1.area,10,class->block->function->block->block_content->expr_stmt->expr->call->argument_list->argument->expr->call->name->name->operator->name
2,37,rectangle_java2.jpg,rectangle_java2.jpg,469238390,68,819.6882352941177,692.5611764705883,730.5,694,177,21,System.out.println,18,class->block->function->block->block_content->expr_stmt->expr->call->name->name->operator->name->operator->name
2,37,rectangle_java2.jpg,rectangle_java2.jpg,469786464,96,857.01875,646.77625,826.5,658,52,20,rect1,5,class->block->function->block->block_content->decl_stmt->decl->name
2,37,rectangle_java2.jpg,rectangle_java2.jpg,469918410,128,852.2390625,669.5534375,826.5,658,52,20,rect1,5,class->block->function->block->block_content->decl_stmt->decl->name
2,37,rectangle_java2.jpg,rectangle_java2.jpg,470054423,72,896.8761111111111,681.6622222222222,730.5,694,177,21,System.out.println,18,class->block->function->block->block_content->expr_stmt->expr->call->name->name->operator->name->operator->name
2,37,rectangle_java2.jpg,rectangle_java2.jpg,470210410,152,897.0673684210526,673.0589473684211,883.5,658,15,20,=,1,class->block->function->block->block_content->decl_stmt->decl->init
2,37,rectangle_java2.jpg,rectangle_java2.jpg,470210410,152,897.0673684210526,673.0589473684211,902.5,658,34,20,new,3,class->block->function->block->block_content->decl_stmt->decl->init->expr->operator
2,37,rectangle_java2.jpg,rectangle_java2.jpg,470286380,72,888.9111111111112,670.9894444444444,883.5,658,15,20,=,1,class->block->function->block->block_content->decl_stmt->decl->init
2,37,rectangle_java2.jpg,rectangle_java2.jpg,470566250,248,941.0006451612903,676.2,941.5,658,91,20,Rectangle,9,class->block->function->block->block_content->decl_stmt->decl->init->expr->call->name
2,37,rectangle_java2.jpg,rectangle_java2.jpg,470782309,180,1082.062888888889,663.7895555555556,1077.5,658,9,20,",",1,class->block->function->block->block_content->decl_stmt->decl->init->expr->call->argument_list
2,37,rectangle_java2.jpg,rectangle_java2.jpg,470942291,156,1084.8841025641025,682.8976923076923,1077.5,694,9,21,),1,class->block->function->block->block_content->expr_stmt->expr->call->argument_list
2,37,rectangle_java2.jpg,rectangle_java2.jpg,470942291,156,1084.8841025641025,682.8976923076923,1096.5,694,10,21,;,1,class->block->function->block->block_content->expr_stmt
2,37,rectangle_java2.jpg,rectangle_java2.jpg,471082272,120,1161.4466666666667,671.0916666666667,1163.5,658,10,20,",",1,class->block->function->block->block_content->decl_stmt->decl->init->expr->call->argument_list
2,37,rectangle_java2.jpg,rectangle_java2.jpg,471374322,148,838.175945945946,705.6743243243243,730.5,694,177,21,System.out.println,18,class->block->function->block->block_content->expr_stmt->expr->call->name->name->operator->name->operator->name
2,37,rectangle_java2.jpg,rectangle_java2.jpg,471678286,80,762.6515,705.779,730.5,694,177,21,System.out.println,18,class->block->function->block->block_content->expr_stmt->expr->call->name->name->operator->name->operator->name
2,37,rectangle_java2.jpg,rectangle_java2.jpg,472102128,332,850.9813253012048,719.7679518072289,826.5,731,51,20,rect2,5,class->block->function->block->block_content->decl_stmt->decl->name
2,37,rectangle_java2.jpg,rectangle_java2.jpg,472310112,148,803.4851351351351,711.9040540540541,730.5,694,177,21,System.out.println,18,class->block->function->block->block_content->expr_stmt->expr->call->name->name->operator->name->operator->name
2,37,rectangle_java2.jpg,rectangle_java2.jpg,472634170,216,957.9703703703703,712.3153703703704,932.5,694,100,21,rect1.area,10,class->block->function->block->block_content->expr_stmt->expr->call->argument_list->argument->expr->call->name->name->operator->name
2,37,rectangle_java2.jpg,rectangle_java2.jpg,472738187,100,960.6192,708.0728,932.5,694,100,21,rect1.area,10,class->block->function->block->block_content->expr_stmt->expr->call->argument_list->argument->expr->call->name->name->operator->name
2,37,rectangle_java2.jpg,rectangle_java2.jpg,472882047,140,990.58,707.6377142857143,932.5,694,100,21,rect1.area,10,class->block->function->block->block_content->expr_stmt->expr->call->argument_list->argument->expr->call->name->name->operator->name
2,37,rectangle_java2.jpg,rectangle_java2.jpg,473206039,100,826.0044,739.356,826.5,731,51,20,rect2,5,class->block->function->block->block_content->decl_stmt->decl->name
2,37,rectangle_java2.jpg,rectangle_java2.jpg,473302137,92,815.285652173913,750.915652173913,730.5,731,91,20,Rectangle,9,class->block->function->block->block_content->decl_stmt->decl->type->name
2,37,rectangle_java2.jpg,rectangle_java2.jpg,473302137,92,815.285652173913,750.915652173913,826.5,731,51,20,rect2,5,class->block->function->block->block_content->decl_stmt->decl->name
2,37,rectangle_java2.jpg,rectangle_java2.jpg,473422146,116,786.6806896551724,760.8027586206897,730.5,766,177,21,System.out.println,18,class->block->function->block->block_content->expr_stmt->expr->call->name->name->operator->name->operator->name
2,37,rectangle_java2.jpg,rectangle_java2.jpg,473482070,56,784.6114285714286,769.2185714285714,730.5,766,177,21,System.out.println,18,class->block->function->block->block_content->expr_stmt->expr->call->name->name->operator->name->operator->name
