trial,participant,code_file,code_language,timestamp,duration,x_cord,y_cord,aoi_x,aoi_y,aoi_width,aoi_height,token,length,srcML
2,57,rectangle_java2.jpg,rectangle_java2.jpg,3026262886,120,720.224,217.43433333333337,715.5,222,90,21,Rectangle,9,class->name
2,57,rectangle_java2.jpg,rectangle_java2.jpg,3026390857,64,662.11125,210.05375000000004,657.5,222,52,21,class,5,class
2,57,rectangle_java2.jpg,rectangle_java2.jpg,3026478823,84,653.3066666666666,209.78666666666663,657.5,222,52,21,class,5,class
2,57,rectangle_java2.jpg,rectangle_java2.jpg,3026646883,84,734.0128571428571,212.96000000000004,715.5,222,90,21,Rectangle,9,class->name
2,57,rectangle_java2.jpg,rectangle_java2.jpg,3026966775,96,794.4545833333333,210.48874999999998,715.5,222,90,21,Rectangle,9,class->name
2,57,rectangle_java2.jpg,rectangle_java2.jpg,3027454631,60,726.5153333333334,225.53999999999996,715.5,222,90,21,Rectangle,9,class->name
2,57,rectangle_java2.jpg,rectangle_java2.jpg,3028294662,80,772.56,217.95349999999996,715.5,222,90,21,Rectangle,9,class->name
2,57,rectangle_java2.jpg,rectangle_java2.jpg,3028394699,96,771.6541666666667,232.59458333333333,715.5,222,90,21,Rectangle,9,class->name
2,57,rectangle_java2.jpg,rectangle_java2.jpg,3028554743,104,778.6480769230769,259.60615384615386,747.5,259,33,21,int,3,class->block->decl_stmt->decl->type->name
2,57,rectangle_java2.jpg,rectangle_java2.jpg,3028554743,104,778.6480769230769,259.60615384615386,785.5,259,23,21,x1,2,class->block->decl_stmt->decl->name
2,57,rectangle_java2.jpg,rectangle_java2.jpg,3028762782,160,816.51775,250.69849999999997,815.5,259,10,21,",",1,class->block->decl_stmt
2,57,rectangle_java2.jpg,rectangle_java2.jpg,3028894676,96,845.5741666666667,248.36083333333335,833.5,259,23,21,y1,2,class->block->decl_stmt->decl->name
2,57,rectangle_java2.jpg,rectangle_java2.jpg,3029102513,204,849.4335294117647,258.4398039215686,833.5,259,23,21,y1,2,class->block->decl_stmt->decl->name
2,57,rectangle_java2.jpg,rectangle_java2.jpg,3029258612,116,814.7986206896552,255.4168965517241,815.5,259,10,21,",",1,class->block->decl_stmt
2,57,rectangle_java2.jpg,rectangle_java2.jpg,3029434639,124,871.7180645161291,249.47258064516132,863.5,259,10,21,",",1,class->block->decl_stmt
2,57,rectangle_java2.jpg,rectangle_java2.jpg,3029434639,124,871.7180645161291,249.47258064516132,881.5,259,23,21,x2,2,class->block->decl_stmt->decl->name
2,57,rectangle_java2.jpg,rectangle_java2.jpg,3029502648,64,867.998125,246.96749999999997,863.5,259,10,21,",",1,class->block->decl_stmt
2,57,rectangle_java2.jpg,rectangle_java2.jpg,3029698653,68,747.4211764705882,255.2776470588235,747.5,259,33,21,int,3,class->block->decl_stmt->decl->type->name
2,57,rectangle_java2.jpg,rectangle_java2.jpg,3029890673,188,754.8727659574469,258.9236170212766,747.5,259,33,21,int,3,class->block->decl_stmt->decl->type->name
2,57,rectangle_java2.jpg,rectangle_java2.jpg,3030018662,124,757.3235483870968,264.2548387096774,747.5,259,33,21,int,3,class->block->decl_stmt->decl->type->name
2,57,rectangle_java2.jpg,rectangle_java2.jpg,3030346594,244,890.6,261.7672131147541,881.5,259,23,21,x2,2,class->block->decl_stmt->decl->name
2,57,rectangle_java2.jpg,rectangle_java2.jpg,3030486516,136,896.4720588235294,267.8020588235294,881.5,259,23,21,x2,2,class->block->decl_stmt->decl->name
2,57,rectangle_java2.jpg,rectangle_java2.jpg,3031106494,244,809.5054098360656,297.04704918032786,737.5,295,91,21,Rectangle,9,class->block->constructor->name
2,57,rectangle_java2.jpg,rectangle_java2.jpg,3031166505,56,804.715,299.06142857142856,737.5,295,91,21,Rectangle,9,class->block->constructor->name
2,57,rectangle_java2.jpg,rectangle_java2.jpg,3031258522,56,775.9492857142857,323.8121428571428,730.5,331,71,19,this.x1,7,class->block->constructor->block->block_content->expr_stmt->expr->name->name->operator->name
2,57,rectangle_java2.jpg,rectangle_java2.jpg,3031334519,72,785.0355555555556,333.63666666666666,730.5,331,71,19,this.x1,7,class->block->constructor->block->block_content->expr_stmt->expr->name->name->operator->name
2,57,rectangle_java2.jpg,rectangle_java2.jpg,3031698496,240,837.1178333333334,364.82,826.5,367,23,21,y1,2,class->block->constructor->block->block_content->expr_stmt->expr->name->name
2,57,rectangle_java2.jpg,rectangle_java2.jpg,3031866540,68,718.255294117647,456.12470588235294,730.5,440,71,21,this.y2,7,class->block->constructor->block->block_content->expr_stmt->expr->name->name->operator->name
2,57,rectangle_java2.jpg,rectangle_java2.jpg,3032002423,72,764.8755555555556,440.75611111111107,730.5,440,71,21,this.y2,7,class->block->constructor->block->block_content->expr_stmt->expr->name->name->operator->name
2,57,rectangle_java2.jpg,rectangle_java2.jpg,3032062369,56,765.0621428571428,429.6664285714286,730.5,440,71,21,this.y2,7,class->block->constructor->block->block_content->expr_stmt->expr->name->name->operator->name
2,57,rectangle_java2.jpg,rectangle_java2.jpg,3032222386,56,817.4485714285714,447.26714285714286,806.5,440,15,21,=,1,class->block->constructor->block->block_content->expr_stmt->expr->operator
2,57,rectangle_java2.jpg,rectangle_java2.jpg,3032222386,56,817.4485714285714,447.26714285714286,826.5,440,23,21,y2,2,class->block->constructor->block->block_content->expr_stmt->expr->name->name
2,57,rectangle_java2.jpg,rectangle_java2.jpg,3032302391,76,813.3210526315789,446.5821052631579,806.5,440,15,21,=,1,class->block->constructor->block->block_content->expr_stmt->expr->operator
2,57,rectangle_java2.jpg,rectangle_java2.jpg,3032370375,64,825.56,455.30375000000004,826.5,440,23,21,y2,2,class->block->constructor->block->block_content->expr_stmt->expr->name->name
2,57,rectangle_java2.jpg,rectangle_java2.jpg,3033998268,84,852.8509523809523,434.5528571428572,856.5,440,10,21,;,1,class->block->constructor->block->block_content->expr_stmt
2,57,rectangle_java2.jpg,rectangle_java2.jpg,3034070275,68,849.3994117647059,440.22352941176473,826.5,440,23,21,y2,2,class->block->constructor->block->block_content->expr_stmt->expr->name->name
2,57,rectangle_java2.jpg,rectangle_java2.jpg,3034070275,68,849.3994117647059,440.22352941176473,856.5,440,10,21,;,1,class->block->constructor->block->block_content->expr_stmt
2,57,rectangle_java2.jpg,rectangle_java2.jpg,3035398105,64,863.69625,576.140625,856.5,585,9,21,(,1,class->block->function->parameter_list
2,57,rectangle_java2.jpg,rectangle_java2.jpg,3035398105,64,863.69625,576.140625,873.5,585,9,21,),1,class->block->function->parameter_list
2,57,rectangle_java2.jpg,rectangle_java2.jpg,3035850128,108,859.0585185185186,628.3644444444444,851.5,621,44,21,main,4,class->block->function->name
2,57,rectangle_java2.jpg,rectangle_java2.jpg,3035986116,60,874.3066666666666,626.4533333333334,851.5,621,44,21,main,4,class->block->function->name
2,57,rectangle_java2.jpg,rectangle_java2.jpg,3036793863,112,783.1753571428571,608.6860714285714,738.5,621,61,21,static,6,class->block->function->type->specifier
2,57,rectangle_java2.jpg,rectangle_java2.jpg,3039189873,64,809.86125,639.416875,804.5,621,44,21,void,4,class->block->function->type->name
2,57,rectangle_java2.jpg,rectangle_java2.jpg,3039289855,64,869.4625,655.4768750000001,826.5,658,52,20,rect1,5,class->block->function->block->block_content->decl_stmt->decl->name
2,57,rectangle_java2.jpg,rectangle_java2.jpg,3039433828,56,852.7185714285714,650.465,826.5,658,52,20,rect1,5,class->block->function->block->block_content->decl_stmt->decl->name
2,57,rectangle_java2.jpg,rectangle_java2.jpg,3039569875,88,978.7272727272727,677.1654545454545,941.5,658,91,20,Rectangle,9,class->block->function->block->block_content->decl_stmt->decl->init->expr->call->name
2,57,rectangle_java2.jpg,rectangle_java2.jpg,3039857695,124,944.5067741935484,682.21,932.5,694,100,21,rect1.area,10,class->block->function->block->block_content->expr_stmt->expr->call->argument_list->argument->expr->call->name->name->operator->name
2,57,rectangle_java2.jpg,rectangle_java2.jpg,3042857576,56,957.3364285714285,714.4678571428572,932.5,694,100,21,rect1.area,10,class->block->function->block->block_content->expr_stmt->expr->call->argument_list->argument->expr->call->name->name->operator->name
2,57,rectangle_java2.jpg,rectangle_java2.jpg,3043025380,56,988.1578571428572,695.7035714285714,932.5,694,100,21,rect1.area,10,class->block->function->block->block_content->expr_stmt->expr->call->argument_list->argument->expr->call->name->name->operator->name
2,57,rectangle_java2.jpg,rectangle_java2.jpg,3043533477,76,1035.7752631578946,577.77,977.5,585,101,21,this.width,10,class->block->function->block->block_content->return->expr->call->name->name->operator->name
2,57,rectangle_java2.jpg,rectangle_java2.jpg,3049248969,64,920.965625,256.86875,911.5,259,10,21,",",1,class->block->decl_stmt
2,57,rectangle_java2.jpg,rectangle_java2.jpg,3049248969,64,920.965625,256.86875,929.5,259,23,21,y2,2,class->block->decl_stmt->decl->name
2,57,rectangle_java2.jpg,rectangle_java2.jpg,3049360946,68,913.0047058823529,264.56823529411764,911.5,259,10,21,",",1,class->block->decl_stmt
2,57,rectangle_java2.jpg,rectangle_java2.jpg,3050224929,140,743.0328571428571,308.86685714285716,737.5,295,91,21,Rectangle,9,class->block->constructor->name
2,57,rectangle_java2.jpg,rectangle_java2.jpg,3050388908,92,767.2308695652174,262.86695652173916,747.5,259,33,21,int,3,class->block->decl_stmt->decl->type->name
2,57,rectangle_java2.jpg,rectangle_java2.jpg,3050544923,84,788.797619047619,298.7390476190476,737.5,295,91,21,Rectangle,9,class->block->constructor->name
2,57,rectangle_java2.jpg,rectangle_java2.jpg,3050728830,136,765.9220588235294,349.11529411764707,730.5,331,71,19,this.x1,7,class->block->constructor->block->block_content->expr_stmt->expr->name->name->operator->name
2,57,rectangle_java2.jpg,rectangle_java2.jpg,3050932687,56,742.6407142857142,342.31357142857144,730.5,331,71,19,this.x1,7,class->block->constructor->block->block_content->expr_stmt->expr->name->name->operator->name
2,57,rectangle_java2.jpg,rectangle_java2.jpg,3051012741,76,741.1110526315789,361.18631578947367,730.5,367,71,21,this.y1,7,class->block->constructor->block->block_content->expr_stmt->expr->name->name->operator->name
2,57,rectangle_java2.jpg,rectangle_java2.jpg,3051088786,72,743.4838888888889,361.6188888888889,730.5,367,71,21,this.y1,7,class->block->constructor->block->block_content->expr_stmt->expr->name->name->operator->name
2,57,rectangle_java2.jpg,rectangle_java2.jpg,3052988668,72,880.9533333333334,246.755,881.5,259,23,21,x2,2,class->block->decl_stmt->decl->name
2,57,rectangle_java2.jpg,rectangle_java2.jpg,3053112677,76,892.1489473684211,252.01684210526315,881.5,259,23,21,x2,2,class->block->decl_stmt->decl->name
2,57,rectangle_java2.jpg,rectangle_java2.jpg,3055484230,56,730.7907142857143,263.3414285714286,669.5,259,72,21,private,7,class->block->decl_stmt->decl->type->specifier
2,57,rectangle_java2.jpg,rectangle_java2.jpg,3055660315,128,728.7040625,254.73593749999998,669.5,259,72,21,private,7,class->block->decl_stmt->decl->type->specifier
2,57,rectangle_java2.jpg,rectangle_java2.jpg,3055724348,60,726.7586666666666,252.03733333333332,669.5,259,72,21,private,7,class->block->decl_stmt->decl->type->specifier
2,57,rectangle_java2.jpg,rectangle_java2.jpg,3055984279,112,708.2478571428571,256.3225,669.5,259,72,21,private,7,class->block->decl_stmt->decl->type->specifier
2,57,rectangle_java2.jpg,rectangle_java2.jpg,3056080027,56,697.4514285714286,270.7792857142857,669.5,259,72,21,private,7,class->block->decl_stmt->decl->type->specifier
2,57,rectangle_java2.jpg,rectangle_java2.jpg,3056159990,76,707.9815789473685,264.5105263157895,669.5,259,72,21,private,7,class->block->decl_stmt->decl->type->specifier
2,57,rectangle_java2.jpg,rectangle_java2.jpg,3056272184,108,702.8381481481482,253.68851851851855,669.5,259,72,21,private,7,class->block->decl_stmt->decl->type->specifier
2,57,rectangle_java2.jpg,rectangle_java2.jpg,3056396315,76,698.448947368421,273.5884210526316,669.5,259,72,21,private,7,class->block->decl_stmt->decl->type->specifier
2,57,rectangle_java2.jpg,rectangle_java2.jpg,3057872264,112,980.2685714285715,760.0567857142858,932.5,766,100,21,rect2.area,10,class->block->function->block->block_content->expr_stmt->expr->call->argument_list->argument->expr->call->name->name->operator->name
2,57,rectangle_java2.jpg,rectangle_java2.jpg,3058088232,64,1170.025625,738.45875,1163.5,731,10,20,",",1,class->block->function->block->block_content->decl_stmt->decl->init->expr->call->argument_list
2,57,rectangle_java2.jpg,rectangle_java2.jpg,3058088232,64,1170.025625,738.45875,1182.5,731,22,20,10,2,class->block->function->block->block_content->decl_stmt->decl->init->expr->call->argument_list->argument->expr->literal
2,57,rectangle_java2.jpg,rectangle_java2.jpg,3061064321,60,761.112,555.8953333333334,737.5,549,33,21,int,3,class->block->function->type->name
2,57,rectangle_java2.jpg,rectangle_java2.jpg,3061172184,76,754.5184210526315,518.812105263158,737.5,512,33,21,int,3,class->block->function->type->name
2,57,rectangle_java2.jpg,rectangle_java2.jpg,3061296007,80,814.169,517.622,775.5,512,53,21,width,5,class->block->function->name
2,57,rectangle_java2.jpg,rectangle_java2.jpg,3061380020,80,814.1155,522.45,775.5,512,53,21,width,5,class->block->function->name
2,57,rectangle_java2.jpg,rectangle_java2.jpg,3063367769,68,930.5988235294118,653.8141176470589,902.5,658,34,20,new,3,class->block->function->block->block_content->decl_stmt->decl->init->expr->operator
2,57,rectangle_java2.jpg,rectangle_java2.jpg,3063367769,68,930.5988235294118,653.8141176470589,941.5,658,91,20,Rectangle,9,class->block->function->block->block_content->decl_stmt->decl->init->expr->call->name
2,57,rectangle_java2.jpg,rectangle_java2.jpg,3063427766,56,932.6557142857142,640.5528571428572,920.5,621,62,21,String,6,class->block->function->parameter_list->parameter->decl->type->name->name
