trial,participant,code_file,code_language,timestamp,duration,x_cord,y_cord,aoi_x,aoi_y,aoi_width,aoi_height,token,length,srcML
2,62,rectangle_java2.jpg,rectangle_java2.jpg,3718855445,220,719.562,251.77218181818182,669.5,259,72,21,private,7,class->block->decl_stmt->decl->type->specifier
2,62,rectangle_java2.jpg,rectangle_java2.jpg,3720295353,64,702.08,216.195,657.5,222,52,21,class,5,class
2,62,rectangle_java2.jpg,rectangle_java2.jpg,3720375331,76,682.1484210526315,222.85842105263157,657.5,222,52,21,class,5,class
2,62,rectangle_java2.jpg,rectangle_java2.jpg,3720619313,240,676.551,216.65566666666666,657.5,222,52,21,class,5,class
2,62,rectangle_java2.jpg,rectangle_java2.jpg,3720871370,168,739.3002380952381,218.6464285714286,715.5,222,90,21,Rectangle,9,class->name
2,62,rectangle_java2.jpg,rectangle_java2.jpg,3720991361,116,736.4624137931035,214.70172413793102,715.5,222,90,21,Rectangle,9,class->name
2,62,rectangle_java2.jpg,rectangle_java2.jpg,3721179363,156,774.0415384615385,216.93948717948717,715.5,222,90,21,Rectangle,9,class->name
2,62,rectangle_java2.jpg,rectangle_java2.jpg,3721359052,176,774.8709090909091,225.53159090909094,715.5,222,90,21,Rectangle,9,class->name
2,62,rectangle_java2.jpg,rectangle_java2.jpg,3721479057,84,816.4533333333334,235.11714285714288,813.5,222,10,21,{,1,class->block
2,62,rectangle_java2.jpg,rectangle_java2.jpg,3721571170,88,817.95,236.74454545454546,813.5,222,10,21,{,1,class->block
2,62,rectangle_java2.jpg,rectangle_java2.jpg,3721703208,128,817.313125,231.17375000000004,813.5,222,10,21,{,1,class->block
2,62,rectangle_java2.jpg,rectangle_java2.jpg,3722735168,180,714.9528888888889,238.80177777777777,715.5,222,90,21,Rectangle,9,class->name
2,62,rectangle_java2.jpg,rectangle_java2.jpg,3722807168,68,704.9258823529412,225.09823529411767,657.5,222,52,21,class,5,class
2,62,rectangle_java2.jpg,rectangle_java2.jpg,3722807168,68,704.9258823529412,225.09823529411767,715.5,222,90,21,Rectangle,9,class->name
2,62,rectangle_java2.jpg,rectangle_java2.jpg,3723395073,128,729.6434375,252.7259375,669.5,259,72,21,private,7,class->block->decl_stmt->decl->type->specifier
2,62,rectangle_java2.jpg,rectangle_java2.jpg,3723475071,76,738.3257894736842,252.6357894736842,669.5,259,72,21,private,7,class->block->decl_stmt->decl->type->specifier
2,62,rectangle_java2.jpg,rectangle_java2.jpg,3723475071,76,738.3257894736842,252.6357894736842,747.5,259,33,21,int,3,class->block->decl_stmt->decl->type->name
2,62,rectangle_java2.jpg,rectangle_java2.jpg,3723675050,128,846.93125,295.6721875,853.5,295,32,21,int,3,class->block->constructor->parameter_list->parameter->decl->type->name
2,62,rectangle_java2.jpg,rectangle_java2.jpg,3723767058,88,845.4918181818182,295.9277272727273,837.5,295,9,21,(,1,class->block->constructor->parameter_list
2,62,rectangle_java2.jpg,rectangle_java2.jpg,3723767058,88,845.4918181818182,295.9277272727273,853.5,295,32,21,int,3,class->block->constructor->parameter_list->parameter->decl->type->name
2,62,rectangle_java2.jpg,rectangle_java2.jpg,3723895054,124,843.4129032258064,283.5122580645161,837.5,295,9,21,(,1,class->block->constructor->parameter_list
2,62,rectangle_java2.jpg,rectangle_java2.jpg,3723895054,124,843.4129032258064,283.5122580645161,853.5,295,32,21,int,3,class->block->constructor->parameter_list->parameter->decl->type->name
2,62,rectangle_java2.jpg,rectangle_java2.jpg,3724051038,92,906.8356521739131,275.1695652173913,911.5,259,10,21,",",1,class->block->decl_stmt
2,62,rectangle_java2.jpg,rectangle_java2.jpg,3724207038,96,1084.5058333333334,293.99083333333334,1063.5,295,23,21,x2,2,class->block->constructor->parameter_list->parameter->decl->type->name
2,62,rectangle_java2.jpg,rectangle_java2.jpg,3724207038,96,1084.5058333333334,293.99083333333334,1094.5,295,9,21,",",1,class->block->constructor->parameter_list
2,62,rectangle_java2.jpg,rectangle_java2.jpg,3724287039,76,1083.5294736842104,308.2236842105263,1063.5,295,23,21,x2,2,class->block->constructor->parameter_list->parameter->decl->type->name
2,62,rectangle_java2.jpg,rectangle_java2.jpg,3724287039,76,1083.5294736842104,308.2236842105263,1094.5,295,9,21,",",1,class->block->constructor->parameter_list
2,62,rectangle_java2.jpg,rectangle_java2.jpg,3724562968,60,1092.2746666666667,303.50933333333336,1094.5,295,9,21,",",1,class->block->constructor->parameter_list
2,62,rectangle_java2.jpg,rectangle_java2.jpg,3724798902,100,1052.9332,304.6276,1025.5,295,33,21,int,3,class->block->constructor->parameter_list->parameter->decl->type->name
2,62,rectangle_java2.jpg,rectangle_java2.jpg,3724798902,100,1052.9332,304.6276,1063.5,295,23,21,x2,2,class->block->constructor->parameter_list->parameter->decl->type->name
2,62,rectangle_java2.jpg,rectangle_java2.jpg,3724890905,68,899.2929411764705,297.24411764705883,890.5,295,24,21,x1,2,class->block->constructor->parameter_list->parameter->decl->type->name
2,62,rectangle_java2.jpg,rectangle_java2.jpg,3725074939,180,898.0644444444445,289.2908888888889,890.5,295,24,21,x1,2,class->block->constructor->parameter_list->parameter->decl->type->name
2,62,rectangle_java2.jpg,rectangle_java2.jpg,3725394912,56,750.5314285714286,264.505,747.5,259,33,21,int,3,class->block->decl_stmt->decl->type->name
2,62,rectangle_java2.jpg,rectangle_java2.jpg,3725454911,56,757.7242857142858,272.595,747.5,259,33,21,int,3,class->block->decl_stmt->decl->type->name
2,62,rectangle_java2.jpg,rectangle_java2.jpg,3725642926,96,883.4958333333333,286.68,853.5,295,32,21,int,3,class->block->constructor->parameter_list->parameter->decl->type->name
2,62,rectangle_java2.jpg,rectangle_java2.jpg,3725642926,96,883.4958333333333,286.68,890.5,295,24,21,x1,2,class->block->constructor->parameter_list->parameter->decl->type->name
2,62,rectangle_java2.jpg,rectangle_java2.jpg,3725734919,88,887.3763636363636,288.14454545454544,890.5,295,24,21,x1,2,class->block->constructor->parameter_list->parameter->decl->type->name
2,62,rectangle_java2.jpg,rectangle_java2.jpg,3725814907,76,879.0847368421053,274.44947368421055,881.5,259,23,21,x2,2,class->block->decl_stmt->decl->name
2,62,rectangle_java2.jpg,rectangle_java2.jpg,3726006722,64,773.18125,335.8725,730.5,331,71,19,this.x1,7,class->block->constructor->block->block_content->expr_stmt->expr->name->name->operator->name
2,62,rectangle_java2.jpg,rectangle_java2.jpg,3726534830,212,1140.8684905660377,309.8954716981132,1112.5,295,33,21,int,3,class->block->constructor->parameter_list->parameter->decl->type->name
2,62,rectangle_java2.jpg,rectangle_java2.jpg,3726534830,212,1140.8684905660377,309.8954716981132,1150.5,295,23,21,y2,2,class->block->constructor->parameter_list->parameter->decl->type->name
2,62,rectangle_java2.jpg,rectangle_java2.jpg,3726634807,96,1141.18,312.40999999999997,1112.5,295,33,21,int,3,class->block->constructor->parameter_list->parameter->decl->type->name
2,62,rectangle_java2.jpg,rectangle_java2.jpg,3726634807,96,1141.18,312.40999999999997,1150.5,295,23,21,y2,2,class->block->constructor->parameter_list->parameter->decl->type->name
2,62,rectangle_java2.jpg,rectangle_java2.jpg,3726894762,80,1133.128,309.175,1112.5,295,33,21,int,3,class->block->constructor->parameter_list->parameter->decl->type->name
2,62,rectangle_java2.jpg,rectangle_java2.jpg,3726974752,76,1165.87,312.2363157894737,1150.5,295,23,21,y2,2,class->block->constructor->parameter_list->parameter->decl->type->name
2,62,rectangle_java2.jpg,rectangle_java2.jpg,3727050743,72,1173.1277777777777,314.1355555555556,1150.5,295,23,21,y2,2,class->block->constructor->parameter_list->parameter->decl->type->name
2,62,rectangle_java2.jpg,rectangle_java2.jpg,3727050743,72,1173.1277777777777,314.1355555555556,1180.5,295,9,21,),1,class->block->constructor->parameter_list
2,62,rectangle_java2.jpg,rectangle_java2.jpg,3727246798,72,852.6588888888889,320.9166666666667,856.5,331,10,19,;,1,class->block->constructor->block->block_content->expr_stmt
2,62,rectangle_java2.jpg,rectangle_java2.jpg,3727338820,88,852.0218181818182,332.27181818181816,856.5,331,10,19,;,1,class->block->constructor->block->block_content->expr_stmt
2,62,rectangle_java2.jpg,rectangle_java2.jpg,3727514750,172,762.3374418604651,334.04767441860463,730.5,331,71,19,this.x1,7,class->block->constructor->block->block_content->expr_stmt->expr->name->name->operator->name
2,62,rectangle_java2.jpg,rectangle_java2.jpg,3727690496,172,759.1567441860465,336.48837209302326,730.5,331,71,19,this.x1,7,class->block->constructor->block->block_content->expr_stmt->expr->name->name->operator->name
2,62,rectangle_java2.jpg,rectangle_java2.jpg,3727942618,88,808.7272727272727,369.0059090909091,806.5,367,15,21,=,1,class->block->constructor->block->block_content->expr_stmt->expr->operator
2,62,rectangle_java2.jpg,rectangle_java2.jpg,3728054657,108,798.2918518518518,371.72407407407405,730.5,367,71,21,this.y1,7,class->block->constructor->block->block_content->expr_stmt->expr->name->name->operator->name
2,62,rectangle_java2.jpg,rectangle_java2.jpg,3728054657,108,798.2918518518518,371.72407407407405,806.5,367,15,21,=,1,class->block->constructor->block->block_content->expr_stmt->expr->operator
2,62,rectangle_java2.jpg,rectangle_java2.jpg,3728462721,84,734.0490476190477,347.812380952381,730.5,331,71,19,this.x1,7,class->block->constructor->block->block_content->expr_stmt->expr->name->name->operator->name
2,62,rectangle_java2.jpg,rectangle_java2.jpg,3728794716,60,742.1186666666666,341.2386666666667,730.5,331,71,19,this.x1,7,class->block->constructor->block->block_content->expr_stmt->expr->name->name->operator->name
2,62,rectangle_java2.jpg,rectangle_java2.jpg,3728878668,80,736.231,356.793,730.5,367,71,21,this.y1,7,class->block->constructor->block->block_content->expr_stmt->expr->name->name->operator->name
2,62,rectangle_java2.jpg,rectangle_java2.jpg,3729622545,128,679.069375,504.94843749999995,669.5,512,63,21,public,6,class->block->function->type->specifier
2,62,rectangle_java2.jpg,rectangle_java2.jpg,3729838521,136,675.1679411764705,589.8861764705882,669.5,585,63,21,public,6,class->block->function->type->specifier
2,62,rectangle_java2.jpg,rectangle_java2.jpg,3729974524,76,729.9542105263158,574.8868421052631,669.5,585,63,21,public,6,class->block->function->type->specifier
2,62,rectangle_java2.jpg,rectangle_java2.jpg,3729974524,76,729.9542105263158,574.8868421052631,737.5,585,62,21,double,6,class->block->function->type->name
2,62,rectangle_java2.jpg,rectangle_java2.jpg,3730054538,76,733.7457894736842,584.1757894736842,737.5,585,62,21,double,6,class->block->function->type->name
2,62,rectangle_java2.jpg,rectangle_java2.jpg,3730386531,92,849.3973913043478,617.998695652174,851.5,621,44,21,main,4,class->block->function->name
2,62,rectangle_java2.jpg,rectangle_java2.jpg,3730698336,216,941.9220370370371,621.5783333333334,920.5,621,62,21,String,6,class->block->function->parameter_list->parameter->decl->type->name->name
2,62,rectangle_java2.jpg,rectangle_java2.jpg,3731166401,60,945.1013333333333,617.1413333333334,920.5,621,62,21,String,6,class->block->function->parameter_list->parameter->decl->type->name->name
2,62,rectangle_java2.jpg,rectangle_java2.jpg,3731374397,128,992.7203125,649.8709375,941.5,658,91,20,Rectangle,9,class->block->function->block->block_content->decl_stmt->decl->init->expr->call->name
2,62,rectangle_java2.jpg,rectangle_java2.jpg,3731666390,88,996.2440909090909,623.195,990.5,621,10,21,[,1,class->block->function->parameter_list->parameter->decl->type->name->index
2,62,rectangle_java2.jpg,rectangle_java2.jpg,3731666390,88,996.2440909090909,623.195,1007.5,621,10,21,],1,class->block->function->parameter_list->parameter->decl->type->name->index
2,62,rectangle_java2.jpg,rectangle_java2.jpg,3731806396,92,993.1569565217392,595.01,977.5,585,101,21,this.width,10,class->block->function->block->block_content->return->expr->call->name->name->operator->name
2,62,rectangle_java2.jpg,rectangle_java2.jpg,3732106419,260,1011.9683076923077,586.3855384615384,977.5,585,101,21,this.width,10,class->block->function->block->block_content->return->expr->call->name->name->operator->name
2,62,rectangle_java2.jpg,rectangle_java2.jpg,3732354157,144,1083.6205555555555,612.8833333333333,1074.5,621,10,21,),1,class->block->function->parameter_list
2,62,rectangle_java2.jpg,rectangle_java2.jpg,3732354157,144,1083.6205555555555,612.8833333333333,1094.5,621,10,21,{,1,class->block->function->block
2,62,rectangle_java2.jpg,rectangle_java2.jpg,3732414081,56,1076.517142857143,604.5664285714286,977.5,585,101,21,this.width,10,class->block->function->block->block_content->return->expr->call->name->name->operator->name
2,62,rectangle_java2.jpg,rectangle_java2.jpg,3732414081,56,1076.517142857143,604.5664285714286,1086.5,585,10,21,(,1,class->block->function->block->block_content->return->expr->call->argument_list
2,62,rectangle_java2.jpg,rectangle_java2.jpg,3732682224,76,1109.2936842105264,649.8336842105264,1115.5,658,10,20,",",1,class->block->function->block->block_content->decl_stmt->decl->init->expr->call->argument_list
2,62,rectangle_java2.jpg,rectangle_java2.jpg,3732942263,108,715.1966666666667,613.0555555555555,669.5,621,63,21,public,6,class->block->function->type->specifier
2,62,rectangle_java2.jpg,rectangle_java2.jpg,3733154248,140,766.8177142857143,663.2745714285714,730.5,658,91,20,Rectangle,9,class->block->function->block->block_content->decl_stmt->decl->type->name
2,62,rectangle_java2.jpg,rectangle_java2.jpg,3733274260,68,769.4023529411764,674.6017647058824,730.5,658,91,20,Rectangle,9,class->block->function->block->block_content->decl_stmt->decl->type->name
2,62,rectangle_java2.jpg,rectangle_java2.jpg,3733458287,72,901.7694444444444,694.3822222222223,730.5,694,177,21,System.out.println,18,class->block->function->block->block_content->expr_stmt->expr->call->name->name->operator->name->operator->name
2,62,rectangle_java2.jpg,rectangle_java2.jpg,3733614251,152,910.5221052631579,686.0918421052631,916.5,694,9,21,(,1,class->block->function->block->block_content->expr_stmt->expr->call->argument_list
2,62,rectangle_java2.jpg,rectangle_java2.jpg,3733790263,120,1040.2886666666666,695.9133333333333,1041.5,694,9,21,(,1,class->block->function->block->block_content->expr_stmt->expr->call->argument_list->argument->expr->call->argument_list
2,62,rectangle_java2.jpg,rectangle_java2.jpg,3734042131,92,1020.9508695652174,691.2091304347827,932.5,694,100,21,rect1.area,10,class->block->function->block->block_content->expr_stmt->expr->call->argument_list->argument->expr->call->name->name->operator->name
2,62,rectangle_java2.jpg,rectangle_java2.jpg,3734110137,64,1008.2175,696.401875,932.5,694,100,21,rect1.area,10,class->block->function->block->block_content->expr_stmt->expr->call->argument_list->argument->expr->call->name->name->operator->name
2,62,rectangle_java2.jpg,rectangle_java2.jpg,3734794123,76,752.7410526315789,721.7505263157894,730.5,731,91,20,Rectangle,9,class->block->function->block->block_content->decl_stmt->decl->type->name
2,62,rectangle_java2.jpg,rectangle_java2.jpg,3734854155,56,771.3707142857143,727.4928571428571,730.5,731,91,20,Rectangle,9,class->block->function->block->block_content->decl_stmt->decl->type->name
2,62,rectangle_java2.jpg,rectangle_java2.jpg,3734966559,56,765.5742857142857,727.1842857142857,730.5,731,91,20,Rectangle,9,class->block->function->block->block_content->decl_stmt->decl->type->name
2,62,rectangle_java2.jpg,rectangle_java2.jpg,3735098624,128,762.358125,740.9590625,730.5,731,91,20,Rectangle,9,class->block->function->block->block_content->decl_stmt->decl->type->name
2,62,rectangle_java2.jpg,rectangle_java2.jpg,3735449822,76,741.9478947368422,633.5536842105263,738.5,621,61,21,static,6,class->block->function->type->specifier
2,62,rectangle_java2.jpg,rectangle_java2.jpg,3735509870,56,745.6542857142857,649.4607142857143,730.5,658,91,20,Rectangle,9,class->block->function->block->block_content->decl_stmt->decl->type->name
2,62,rectangle_java2.jpg,rectangle_java2.jpg,3736002018,236,923.5561016949152,722.3537288135593,902.5,731,34,20,new,3,class->block->function->block->block_content->decl_stmt->decl->init->expr->operator
2,62,rectangle_java2.jpg,rectangle_java2.jpg,3736146004,104,991.7196153846154,750.7742307692308,941.5,731,91,20,Rectangle,9,class->block->function->block->block_content->decl_stmt->decl->init->expr->call->name
2,62,rectangle_java2.jpg,rectangle_java2.jpg,3736281997,80,983.5585,735.6695,941.5,731,91,20,Rectangle,9,class->block->function->block->block_content->decl_stmt->decl->init->expr->call->name
2,62,rectangle_java2.jpg,rectangle_java2.jpg,3736417994,84,1046.277142857143,744.972380952381,1041.5,731,9,20,(,1,class->block->function->block->block_content->decl_stmt->decl->init->expr->call->argument_list
2,62,rectangle_java2.jpg,rectangle_java2.jpg,3736417994,84,1046.277142857143,744.972380952381,1057.5,731,13,20,5,1,class->block->function->block->block_content->decl_stmt->decl->init->expr->call->argument_list->argument->expr->literal
2,62,rectangle_java2.jpg,rectangle_java2.jpg,3736581983,160,1050.06625,748.5385,1041.5,731,9,20,(,1,class->block->function->block->block_content->decl_stmt->decl->init->expr->call->argument_list
2,62,rectangle_java2.jpg,rectangle_java2.jpg,3736581983,160,1050.06625,748.5385,1057.5,731,13,20,5,1,class->block->function->block->block_content->decl_stmt->decl->init->expr->call->argument_list->argument->expr->literal
2,62,rectangle_java2.jpg,rectangle_java2.jpg,3736645978,60,1045.3146666666667,768.3293333333334,1041.5,766,9,21,(,1,class->block->function->block->block_content->expr_stmt->expr->call->argument_list->argument->expr->call->argument_list
2,62,rectangle_java2.jpg,rectangle_java2.jpg,3736645978,60,1045.3146666666667,768.3293333333334,1057.5,766,10,21,),1,class->block->function->block->block_content->expr_stmt->expr->call->argument_list->argument->expr->call->argument_list
2,62,rectangle_java2.jpg,rectangle_java2.jpg,3737317729,100,795.7624,780.8048,730.5,766,177,21,System.out.println,18,class->block->function->block->block_content->expr_stmt->expr->call->name->name->operator->name->operator->name
2,62,rectangle_java2.jpg,rectangle_java2.jpg,3737705775,68,749.0723529411764,769.3076470588236,730.5,766,177,21,System.out.println,18,class->block->function->block->block_content->expr_stmt->expr->call->name->name->operator->name->operator->name
2,62,rectangle_java2.jpg,rectangle_java2.jpg,3737885898,176,751.0568181818182,782.7947727272727,730.5,766,177,21,System.out.println,18,class->block->function->block->block_content->expr_stmt->expr->call->name->name->operator->name->operator->name
2,62,rectangle_java2.jpg,rectangle_java2.jpg,3738089857,136,794.5770588235295,769.8523529411765,730.5,766,177,21,System.out.println,18,class->block->function->block->block_content->expr_stmt->expr->call->name->name->operator->name->operator->name
2,62,rectangle_java2.jpg,rectangle_java2.jpg,3738233854,112,899.5457142857143,778.6017857142857,730.5,766,177,21,System.out.println,18,class->block->function->block->block_content->expr_stmt->expr->call->name->name->operator->name->operator->name
2,62,rectangle_java2.jpg,rectangle_java2.jpg,3741753415,92,948.7886956521739,266.7882608695652,929.5,259,23,21,y2,2,class->block->decl_stmt->decl->name
2,62,rectangle_java2.jpg,rectangle_java2.jpg,3741753415,92,948.7886956521739,266.7882608695652,959.5,259,10,21,;,1,class->block->decl_stmt
2,62,rectangle_java2.jpg,rectangle_java2.jpg,3741873403,116,944.0175862068966,272.0610344827586,929.5,259,23,21,y2,2,class->block->decl_stmt->decl->name
2,62,rectangle_java2.jpg,rectangle_java2.jpg,3741973448,96,954.8166666666666,293.77208333333334,939.5,295,33,21,int,3,class->block->constructor->parameter_list->parameter->decl->type->name
2,62,rectangle_java2.jpg,rectangle_java2.jpg,3742049466,72,954.6522222222222,269.6116666666667,959.5,259,10,21,;,1,class->block->decl_stmt
2,62,rectangle_java2.jpg,rectangle_java2.jpg,3742217518,76,1032.2168421052631,315.7257894736842,1025.5,295,33,21,int,3,class->block->constructor->parameter_list->parameter->decl->type->name
2,62,rectangle_java2.jpg,rectangle_java2.jpg,3742522016,300,1030.6857333333332,295.4153333333333,1025.5,295,33,21,int,3,class->block->constructor->parameter_list->parameter->decl->type->name
2,62,rectangle_java2.jpg,rectangle_java2.jpg,3742861465,84,1072.0623809523809,297.95761904761906,1063.5,295,23,21,x2,2,class->block->constructor->parameter_list->parameter->decl->type->name
2,62,rectangle_java2.jpg,rectangle_java2.jpg,3743041469,176,1087.6497727272726,291.8627272727273,1094.5,295,9,21,",",1,class->block->constructor->parameter_list
2,62,rectangle_java2.jpg,rectangle_java2.jpg,3743125462,80,1079.9035,310.9935,1063.5,295,23,21,x2,2,class->block->constructor->parameter_list->parameter->decl->type->name
2,62,rectangle_java2.jpg,rectangle_java2.jpg,3743677348,100,903.016,310.4628,890.5,295,24,21,x1,2,class->block->constructor->parameter_list->parameter->decl->type->name
2,62,rectangle_java2.jpg,rectangle_java2.jpg,3744749254,156,857.3123076923077,305.4392307692308,853.5,295,32,21,int,3,class->block->constructor->parameter_list->parameter->decl->type->name
2,62,rectangle_java2.jpg,rectangle_java2.jpg,3744809198,56,857.5285714285715,311.94357142857143,853.5,295,32,21,int,3,class->block->constructor->parameter_list->parameter->decl->type->name
2,62,rectangle_java2.jpg,rectangle_java2.jpg,3744933153,120,886.063,313.93666666666667,890.5,295,24,21,x1,2,class->block->constructor->parameter_list->parameter->decl->type->name
2,62,rectangle_java2.jpg,rectangle_java2.jpg,3745181221,244,888.493606557377,311.73918032786884,890.5,295,24,21,x1,2,class->block->constructor->parameter_list->parameter->decl->type->name
2,62,rectangle_java2.jpg,rectangle_java2.jpg,3746480918,180,866.9933333333333,306.43466666666666,853.5,295,32,21,int,3,class->block->constructor->parameter_list->parameter->decl->type->name
2,62,rectangle_java2.jpg,rectangle_java2.jpg,3746701049,64,949.295625,295.775625,939.5,295,33,21,int,3,class->block->constructor->parameter_list->parameter->decl->type->name
2,62,rectangle_java2.jpg,rectangle_java2.jpg,3747093079,268,940.8997014925374,304.59014925373134,939.5,295,33,21,int,3,class->block->constructor->parameter_list->parameter->decl->type->name
2,62,rectangle_java2.jpg,rectangle_java2.jpg,3747193056,96,939.3745833333334,305.8120833333333,939.5,295,33,21,int,3,class->block->constructor->parameter_list->parameter->decl->type->name
2,62,rectangle_java2.jpg,rectangle_java2.jpg,3752592684,100,954.3152,647.4916,941.5,658,91,20,Rectangle,9,class->block->function->block->block_content->decl_stmt->decl->init->expr->call->name
2,62,rectangle_java2.jpg,rectangle_java2.jpg,3752656665,60,959.772,653.6133333333333,941.5,658,91,20,Rectangle,9,class->block->function->block->block_content->decl_stmt->decl->init->expr->call->name
2,62,rectangle_java2.jpg,rectangle_java2.jpg,3752824543,128,1087.83625,685.4775,1096.5,694,10,21,;,1,class->block->function->block->block_content->expr_stmt
2,62,rectangle_java2.jpg,rectangle_java2.jpg,3752896543,68,1088.8141176470588,694.3194117647058,1096.5,694,10,21,;,1,class->block->function->block->block_content->expr_stmt
2,62,rectangle_java2.jpg,rectangle_java2.jpg,3752984544,76,1012.1368421052632,699.7194736842106,932.5,694,100,21,rect1.area,10,class->block->function->block->block_content->expr_stmt->expr->call->argument_list->argument->expr->call->name->name->operator->name
2,62,rectangle_java2.jpg,rectangle_java2.jpg,3753124537,116,753.1168965517242,689.5793103448276,730.5,694,177,21,System.out.println,18,class->block->function->block->block_content->expr_stmt->expr->call->name->name->operator->name->operator->name
2,62,rectangle_java2.jpg,rectangle_java2.jpg,3753260530,132,753.4872727272727,694.870303030303,730.5,694,177,21,System.out.println,18,class->block->function->block->block_content->expr_stmt->expr->call->name->name->operator->name->operator->name
2,62,rectangle_java2.jpg,rectangle_java2.jpg,3753492532,192,768.1525,726.698125,730.5,731,91,20,Rectangle,9,class->block->function->block->block_content->decl_stmt->decl->type->name
2,62,rectangle_java2.jpg,rectangle_java2.jpg,3754008583,196,1047.6826530612245,759.0418367346939,1041.5,766,9,21,(,1,class->block->function->block->block_content->expr_stmt->expr->call->argument_list->argument->expr->call->argument_list
2,62,rectangle_java2.jpg,rectangle_java2.jpg,3754008583,196,1047.6826530612245,759.0418367346939,1057.5,766,10,21,),1,class->block->function->block->block_content->expr_stmt->expr->call->argument_list->argument->expr->call->argument_list
