trial,participant,code_file,code_language,timestamp,duration,x_cord,y_cord,aoi_x,aoi_y,aoi_width,aoi_height,token,length,srcML
2,71,rectangle_java2.jpg,rectangle_java2.jpg,13902102755,60,961.7973333333333,289.86,939.5,295,33,21,int,3,class->block->constructor->parameter_list->parameter->decl->type->name
2,71,rectangle_java2.jpg,rectangle_java2.jpg,13905426047,72,601.3361111111111,218.40777777777777,589.5,222,63,21,public,6,class->specifier
2,71,rectangle_java2.jpg,rectangle_java2.jpg,13917733055,68,786.6729411764705,222.13117647058823,715.5,222,90,21,Rectangle,9,class->name
2,71,rectangle_java2.jpg,rectangle_java2.jpg,13918133041,84,764.9471428571428,288.1014285714286,737.5,295,91,21,Rectangle,9,class->block->constructor->name
2,71,rectangle_java2.jpg,rectangle_java2.jpg,13919420874,56,863.8014285714286,293.4271428571428,853.5,295,32,21,int,3,class->block->constructor->parameter_list->parameter->decl->type->name
2,71,rectangle_java2.jpg,rectangle_java2.jpg,13919520887,56,851.8264285714286,320.5407142857143,856.5,331,10,19,;,1,class->block->constructor->block->block_content->expr_stmt
2,71,rectangle_java2.jpg,rectangle_java2.jpg,13919644906,72,846.5922222222223,319.4088888888889,826.5,331,23,19,x1,2,class->block->constructor->block->block_content->expr_stmt->expr->name->name
2,71,rectangle_java2.jpg,rectangle_java2.jpg,13919644906,72,846.5922222222223,319.4088888888889,856.5,331,10,19,;,1,class->block->constructor->block->block_content->expr_stmt
2,71,rectangle_java2.jpg,rectangle_java2.jpg,13919748932,56,850.5457142857143,357.69214285714287,856.5,367,10,21,;,1,class->block->constructor->block->block_content->expr_stmt
2,71,rectangle_java2.jpg,rectangle_java2.jpg,13921168727,108,841.3240740740741,439.01370370370364,826.5,440,23,21,y2,2,class->block->constructor->block->block_content->expr_stmt->expr->name->name
2,71,rectangle_java2.jpg,rectangle_java2.jpg,13921232710,60,826.2146666666666,438.0146666666667,826.5,440,23,21,y2,2,class->block->constructor->block->block_content->expr_stmt->expr->name->name
2,71,rectangle_java2.jpg,rectangle_java2.jpg,13921488724,80,786.4555,378.0005,730.5,367,71,21,this.y1,7,class->block->constructor->block->block_content->expr_stmt->expr->name->name->operator->name
2,71,rectangle_java2.jpg,rectangle_java2.jpg,13922428634,64,751.209375,405.32,730.5,404,71,19,this.x2,7,class->block->constructor->block->block_content->expr_stmt->expr->name->name->operator->name
2,71,rectangle_java2.jpg,rectangle_java2.jpg,13922744636,68,802.77,400.4894117647059,806.5,404,15,19,=,1,class->block->constructor->block->block_content->expr_stmt->expr->operator
2,71,rectangle_java2.jpg,rectangle_java2.jpg,13924048544,64,773.733125,274.36,747.5,259,33,21,int,3,class->block->decl_stmt->decl->type->name
2,71,rectangle_java2.jpg,rectangle_java2.jpg,13924048544,64,773.733125,274.36,785.5,259,23,21,x1,2,class->block->decl_stmt->decl->name
2,71,rectangle_java2.jpg,rectangle_java2.jpg,13924108520,56,770.3335714285714,258.68571428571425,747.5,259,33,21,int,3,class->block->decl_stmt->decl->type->name
2,71,rectangle_java2.jpg,rectangle_java2.jpg,13924184493,72,791.7855555555556,266.8988888888889,785.5,259,23,21,x1,2,class->block->decl_stmt->decl->name
2,71,rectangle_java2.jpg,rectangle_java2.jpg,13925492356,124,770.9041935483871,218.7983870967742,715.5,222,90,21,Rectangle,9,class->name
2,71,rectangle_java2.jpg,rectangle_java2.jpg,13925644399,88,814.7809090909091,279.92227272727274,815.5,259,10,21,",",1,class->block->decl_stmt
2,71,rectangle_java2.jpg,rectangle_java2.jpg,13925840406,56,828.2514285714286,292.23785714285714,737.5,295,91,21,Rectangle,9,class->block->constructor->name
2,71,rectangle_java2.jpg,rectangle_java2.jpg,13925840406,56,828.2514285714286,292.23785714285714,837.5,295,9,21,(,1,class->block->constructor->parameter_list
2,71,rectangle_java2.jpg,rectangle_java2.jpg,13931195875,60,763.176,440.1933333333334,730.5,440,71,21,this.y2,7,class->block->constructor->block->block_content->expr_stmt->expr->name->name->operator->name
2,71,rectangle_java2.jpg,rectangle_java2.jpg,13933311727,84,1022.2233333333334,510.6642857142857,958.5,512,71,21,this.x2,7,class->block->function->block->block_content->return->expr->name->name->operator->name->operator
2,71,rectangle_java2.jpg,rectangle_java2.jpg,13933415750,100,1027.0276000000001,515.4472,958.5,512,71,21,this.x2,7,class->block->function->block->block_content->return->expr->name->name->operator->name->operator
2,71,rectangle_java2.jpg,rectangle_java2.jpg,13933415750,100,1027.0276000000001,515.4472,1035.5,512,13,21,-,1,class->block->function->block->block_content->return->expr->name->name
2,71,rectangle_java2.jpg,rectangle_java2.jpg,13939495201,68,1028.1164705882354,586.8723529411765,977.5,585,101,21,this.width,10,class->block->function->block->block_content->return->expr->call->name->name->operator->name
2,71,rectangle_java2.jpg,rectangle_java2.jpg,13940891069,64,734.233125,222.67562499999997,715.5,222,90,21,Rectangle,9,class->name
2,71,rectangle_java2.jpg,rectangle_java2.jpg,13943482886,136,774.1476470588235,452.16588235294125,730.5,440,71,21,this.y2,7,class->block->constructor->block->block_content->expr_stmt->expr->name->name->operator->name
2,71,rectangle_java2.jpg,rectangle_java2.jpg,13943642930,64,765.013125,458.00312499999995,730.5,440,71,21,this.y2,7,class->block->constructor->block->block_content->expr_stmt->expr->name->name->operator->name
2,71,rectangle_java2.jpg,rectangle_java2.jpg,13943906813,60,1121.738,538.6046666666666,1064.5,549,71,21,this.y1,7,class->block->function->block->block_content->return->expr->name->name->operator->name
2,71,rectangle_java2.jpg,rectangle_java2.jpg,13946302741,60,664.7393333333333,585.6273333333334,669.5,585,63,21,public,6,class->block->function->type->specifier
2,71,rectangle_java2.jpg,rectangle_java2.jpg,13947186402,56,709.8657142857143,583.2128571428572,669.5,585,63,21,public,6,class->block->function->type->specifier
2,71,rectangle_java2.jpg,rectangle_java2.jpg,13947422463,56,707.0221428571429,575.4464285714286,669.5,585,63,21,public,6,class->block->function->type->specifier
2,71,rectangle_java2.jpg,rectangle_java2.jpg,13947534487,72,689.9394444444445,563.6372222222222,669.5,549,63,21,public,6,class->block->function->type->specifier
2,71,rectangle_java2.jpg,rectangle_java2.jpg,13947610511,72,686.7061111111111,557.5522222222222,669.5,549,63,21,public,6,class->block->function->type->specifier
2,71,rectangle_java2.jpg,rectangle_java2.jpg,13947962483,56,830.6635714285715,564.3792857142857,775.5,549,62,21,height,6,class->block->function->name
2,71,rectangle_java2.jpg,rectangle_java2.jpg,13949102426,80,886.7909999999999,601.371,893.5,585,10,21,{,1,class->block->function->block
2,71,rectangle_java2.jpg,rectangle_java2.jpg,13953317892,60,724.2993333333334,594.874,669.5,585,63,21,public,6,class->block->function->type->specifier
2,71,rectangle_java2.jpg,rectangle_java2.jpg,13954094032,68,673.0794117647059,600.09,669.5,585,63,21,public,6,class->block->function->type->specifier
2,71,rectangle_java2.jpg,rectangle_java2.jpg,13954258021,76,666.6015789473685,562.6073684210527,669.5,549,63,21,public,6,class->block->function->type->specifier
2,71,rectangle_java2.jpg,rectangle_java2.jpg,13954453964,68,724.8611764705882,600.3135294117646,669.5,585,63,21,public,6,class->block->function->type->specifier
2,71,rectangle_java2.jpg,rectangle_java2.jpg,13956317825,56,725.82,252.005,669.5,259,72,21,private,7,class->block->decl_stmt->decl->type->specifier
2,71,rectangle_java2.jpg,rectangle_java2.jpg,13956685729,64,1019.001875,696.29875,932.5,694,100,21,rect1.area,10,class->block->function->block->block_content->expr_stmt->expr->call->argument_list->argument->expr->call->name->name->operator->name
2,71,rectangle_java2.jpg,rectangle_java2.jpg,13958453574,60,1168.3213333333333,671.6233333333333,1163.5,658,10,20,",",1,class->block->function->block->block_content->decl_stmt->decl->init->expr->call->argument_list
2,71,rectangle_java2.jpg,rectangle_java2.jpg,13958697561,80,1235.0135,579.7815,1140.5,585,110,21,this.height,11,class->block->function->block->block_content->return->expr->call->name->name->operator->name
2,71,rectangle_java2.jpg,rectangle_java2.jpg,13958817596,64,1162.265625,739.31125,1163.5,731,10,20,",",1,class->block->function->block->block_content->decl_stmt->decl->init->expr->call->argument_list
2,71,rectangle_java2.jpg,rectangle_java2.jpg,13959989096,76,858.1478947368421,724.4426315789474,826.5,731,51,20,rect2,5,class->block->function->block->block_content->decl_stmt->decl->name
2,71,rectangle_java2.jpg,rectangle_java2.jpg,13960233450,76,727.2,710.0910526315789,730.5,694,177,21,System.out.println,18,class->block->function->block->block_content->expr_stmt->expr->call->name->name->operator->name->operator->name
2,71,rectangle_java2.jpg,rectangle_java2.jpg,13960393467,60,948.8386666666667,746.612,941.5,731,91,20,Rectangle,9,class->block->function->block->block_content->decl_stmt->decl->init->expr->call->name
2,71,rectangle_java2.jpg,rectangle_java2.jpg,13960469485,64,970.4775,742.991875,941.5,731,91,20,Rectangle,9,class->block->function->block->block_content->decl_stmt->decl->init->expr->call->name
2,71,rectangle_java2.jpg,rectangle_java2.jpg,13961273649,68,774.5670588235295,724.4435294117648,730.5,731,91,20,Rectangle,9,class->block->function->block->block_content->decl_stmt->decl->type->name
2,71,rectangle_java2.jpg,rectangle_java2.jpg,13961505481,60,1064.616,739.9933333333333,1057.5,731,13,20,5,1,class->block->function->block->block_content->decl_stmt->decl->init->expr->call->argument_list->argument->expr->literal
2,71,rectangle_java2.jpg,rectangle_java2.jpg,13963297165,100,1159.7616,546.6224,1161.5,549,10,21,},1,class->block->function->block
2,71,rectangle_java2.jpg,rectangle_java2.jpg,13964520975,84,982.9566666666667,523.9785714285714,958.5,512,71,21,this.x2,7,class->block->function->block->block_content->return->expr->name->name->operator->name->operator
2,71,rectangle_java2.jpg,rectangle_java2.jpg,13964817088,108,1137.8596296296296,506.03703703703695,1132.5,512,10,21,;,1,class->block->function->block
2,71,rectangle_java2.jpg,rectangle_java2.jpg,13965241047,56,1062.2492857142856,507.1907142857143,1054.5,512,71,21,this.x1,7,class->block->function->block->block_content->return->expr->name->name->operator->name
2,71,rectangle_java2.jpg,rectangle_java2.jpg,13965520804,112,1101.0207142857143,516.4442857142857,1054.5,512,71,21,this.x1,7,class->block->function->block->block_content->return->expr->name->name->operator->name
2,71,rectangle_java2.jpg,rectangle_java2.jpg,13965928836,56,1000.7285714285714,508.0350000000001,958.5,512,71,21,this.x2,7,class->block->function->block->block_content->return->expr->name->name->operator->name->operator
2,71,rectangle_java2.jpg,rectangle_java2.jpg,13966360893,64,1028.479375,510.968125,958.5,512,71,21,this.x2,7,class->block->function->block->block_content->return->expr->name->name->operator->name->operator
2,71,rectangle_java2.jpg,rectangle_java2.jpg,13966360893,64,1028.479375,510.968125,1035.5,512,13,21,-,1,class->block->function->block->block_content->return->expr->name->name
2,71,rectangle_java2.jpg,rectangle_java2.jpg,13966648858,148,1109.4091891891892,503.73162162162157,1054.5,512,71,21,this.x1,7,class->block->function->block->block_content->return->expr->name->name->operator->name
2,71,rectangle_java2.jpg,rectangle_java2.jpg,13966944850,140,1118.3962857142858,500.3774285714286,1054.5,512,71,21,this.x1,7,class->block->function->block->block_content->return->expr->name->name->operator->name
2,71,rectangle_java2.jpg,rectangle_java2.jpg,13967624832,68,737.435294117647,438.9494117647059,730.5,440,71,21,this.y2,7,class->block->constructor->block->block_content->expr_stmt->expr->name->name->operator->name
2,71,rectangle_java2.jpg,rectangle_java2.jpg,13967708827,80,755.474,449.17650000000003,730.5,440,71,21,this.y2,7,class->block->constructor->block->block_content->expr_stmt->expr->name->name->operator->name
2,71,rectangle_java2.jpg,rectangle_java2.jpg,13969532676,60,794.26,770.6173333333334,730.5,766,177,21,System.out.println,18,class->block->function->block->block_content->expr_stmt->expr->call->name->name->operator->name->operator->name
2,71,rectangle_java2.jpg,rectangle_java2.jpg,13969680639,56,802.9892857142858,783.1192857142858,730.5,766,177,21,System.out.println,18,class->block->function->block->block_content->expr_stmt->expr->call->name->name->operator->name->operator->name
