trial,participant,code_file,code_language,timestamp,duration,x_cord,y_cord,aoi_x,aoi_y,aoi_width,aoi_height,token,length,srcML,
2,26,rectangle_java2.jpg,rectangle_java2.jpg,3060646014,92,865.3921739130435,268.75652173913045,863.5,259,10,21,"""","""",1,class->block->decl_stmt
2,26,rectangle_java2.jpg,rectangle_java2.jpg,3064577795,160,774.88575,241.6315,715.5,222,90,21,Rectangle,9,class->name,
2,26,rectangle_java2.jpg,rectangle_java2.jpg,3064737802,124,842.7638709677419,259.4632258064516,833.5,259,23,21,y1,2,class->block->decl_stmt->decl->name,
2,26,rectangle_java2.jpg,rectangle_java2.jpg,3065025747,88,848.4381818181818,257.36727272727273,833.5,259,23,21,y1,2,class->block->decl_stmt->decl->name,
2,26,rectangle_java2.jpg,rectangle_java2.jpg,3065137778,64,920.740625,275.794375,911.5,259,10,21,"""","""",1,class->block->decl_stmt
2,26,rectangle_java2.jpg,rectangle_java2.jpg,3065137778,64,920.740625,275.794375,929.5,259,23,21,y2,2,class->block->decl_stmt->decl->name,
2,26,rectangle_java2.jpg,rectangle_java2.jpg,3065509783,368,924.8498913043478,256.55347826086955,929.5,259,23,21,y2,2,class->block->decl_stmt->decl->name,
2,26,rectangle_java2.jpg,rectangle_java2.jpg,3065853761,72,818.5827777777778,429.115,806.5,440,15,21,=,1,class->block->constructor->block->block_content->expr_stmt->expr->operator,
2,26,rectangle_java2.jpg,rectangle_java2.jpg,3065853761,72,818.5827777777778,429.115,826.5,440,23,21,y2,2,class->block->constructor->block->block_content->expr_stmt->expr->name->name,
2,26,rectangle_java2.jpg,rectangle_java2.jpg,3066337691,180,892.4995555555555,262.3191111111111,881.5,259,23,21,x2,2,class->block->decl_stmt->decl->name,
2,26,rectangle_java2.jpg,rectangle_java2.jpg,3066433684,72,832.8988888888889,272.655,833.5,259,23,21,y1,2,class->block->decl_stmt->decl->name,
2,26,rectangle_java2.jpg,rectangle_java2.jpg,3066553666,76,837.8736842105263,260.3436842105263,833.5,259,23,21,y1,2,class->block->decl_stmt->decl->name,
2,26,rectangle_java2.jpg,rectangle_java2.jpg,3066969611,220,909.8790909090908,249.4990909090909,911.5,259,10,21,"""","""",1,class->block->decl_stmt
2,26,rectangle_java2.jpg,rectangle_java2.jpg,3067829632,56,854.8864285714286,273.2185714285714,833.5,259,23,21,y1,2,class->block->decl_stmt->decl->name,
2,26,rectangle_java2.jpg,rectangle_java2.jpg,3067829632,56,854.8864285714286,273.2185714285714,863.5,259,10,21,"""","""",1,class->block->decl_stmt
2,26,rectangle_java2.jpg,rectangle_java2.jpg,3067957501,124,825.9174193548387,284.13612903225805,737.5,295,91,21,Rectangle,9,class->block->constructor->name,
2,26,rectangle_java2.jpg,rectangle_java2.jpg,3067957501,124,825.9174193548387,284.13612903225805,837.5,295,9,21,(,1,class->block->constructor->parameter_list,
2,26,rectangle_java2.jpg,rectangle_java2.jpg,3068177458,188,869.1970212765957,292.93978723404257,853.5,295,32,21,int,3,class->block->constructor->parameter_list->parameter->decl->type->name,
2,26,rectangle_java2.jpg,rectangle_java2.jpg,3068369455,164,824.6985365853659,264.22121951219515,815.5,259,10,21,"""","""",1,class->block->decl_stmt
2,26,rectangle_java2.jpg,rectangle_java2.jpg,3068369455,164,824.6985365853659,264.22121951219515,833.5,259,23,21,y1,2,class->block->decl_stmt->decl->name,
2,26,rectangle_java2.jpg,rectangle_java2.jpg,3068549407,128,930.161875,249.26375,929.5,259,23,21,y2,2,class->block->decl_stmt->decl->name,
2,26,rectangle_java2.jpg,rectangle_java2.jpg,3068721444,168,927.5080952380952,258.51119047619045,929.5,259,23,21,y2,2,class->block->decl_stmt->decl->name,
2,26,rectangle_java2.jpg,rectangle_java2.jpg,3070029370,128,877.798125,298.746875,853.5,295,32,21,int,3,class->block->constructor->parameter_list->parameter->decl->type->name,
2,26,rectangle_java2.jpg,rectangle_java2.jpg,3070185366,128,928.546875,289.2734375,921.5,295,9,21,"""","""",1,class->block->constructor->parameter_list
2,26,rectangle_java2.jpg,rectangle_java2.jpg,3070185366,128,928.546875,289.2734375,939.5,295,33,21,int,3,class->block->constructor->parameter_list->parameter->decl->type->name,
2,26,rectangle_java2.jpg,rectangle_java2.jpg,3070293361,88,846.8013636363636,284.1154545454545,853.5,295,32,21,int,3,class->block->constructor->parameter_list->parameter->decl->type->name,
2,26,rectangle_java2.jpg,rectangle_java2.jpg,3070441357,144,837.0827777777778,295.81555555555553,837.5,295,9,21,(,1,class->block->constructor->parameter_list,
2,26,rectangle_java2.jpg,rectangle_java2.jpg,3070601364,156,816.5392307692308,303.9297435897436,737.5,295,91,21,Rectangle,9,class->block->constructor->name,
2,26,rectangle_java2.jpg,rectangle_java2.jpg,3070805349,172,871.4990697674418,285.5760465116279,853.5,295,32,21,int,3,class->block->constructor->parameter_list->parameter->decl->type->name,
2,26,rectangle_java2.jpg,rectangle_java2.jpg,3071045367,116,828.1727586206897,306.4313793103448,737.5,295,91,21,Rectangle,9,class->block->constructor->name,
2,26,rectangle_java2.jpg,rectangle_java2.jpg,3071045367,116,828.1727586206897,306.4313793103448,837.5,295,9,21,(,1,class->block->constructor->parameter_list,
2,26,rectangle_java2.jpg,rectangle_java2.jpg,3071225395,92,772.9704347826087,226.9482608695652,715.5,222,90,21,Rectangle,9,class->name,
2,26,rectangle_java2.jpg,rectangle_java2.jpg,3071333401,84,832.8409523809523,257.2685714285714,833.5,259,23,21,y1,2,class->block->decl_stmt->decl->name,
2,26,rectangle_java2.jpg,rectangle_java2.jpg,3071681372,124,840.5054838709677,287.53,837.5,295,9,21,(,1,class->block->constructor->parameter_list,
2,26,rectangle_java2.jpg,rectangle_java2.jpg,3071769278,84,829.8647619047618,290.39714285714285,837.5,295,9,21,(,1,class->block->constructor->parameter_list,
2,26,rectangle_java2.jpg,rectangle_java2.jpg,3072061236,184,870.4910869565217,295.8095652173913,853.5,295,32,21,int,3,class->block->constructor->parameter_list->parameter->decl->type->name,
2,26,rectangle_java2.jpg,rectangle_java2.jpg,3072445253,380,857.1612631578947,306.4836842105263,853.5,295,32,21,int,3,class->block->constructor->parameter_list->parameter->decl->type->name,
2,26,rectangle_java2.jpg,rectangle_java2.jpg,3072633270,184,857.9710869565217,299.4141304347826,853.5,295,32,21,int,3,class->block->constructor->parameter_list->parameter->decl->type->name,
2,26,rectangle_java2.jpg,rectangle_java2.jpg,3073257252,92,870.8395652173913,312.11304347826086,853.5,295,32,21,int,3,class->block->constructor->parameter_list->parameter->decl->type->name,
2,26,rectangle_java2.jpg,rectangle_java2.jpg,3073489266,228,866.0915789473685,312.729649122807,853.5,295,32,21,int,3,class->block->constructor->parameter_list->parameter->decl->type->name,
2,26,rectangle_java2.jpg,rectangle_java2.jpg,3074765091,188,854.0421276595745,517.7931914893617,854.5,512,9,21,),1,class->block->function->parameter_list,
2,26,rectangle_java2.jpg,rectangle_java2.jpg,3075017098,224,807.9575,517.3671428571429,775.5,512,53,21,width,5,class->block->function->name,
2,26,rectangle_java2.jpg,rectangle_java2.jpg,3076793019,64,873.400625,523.21375,874.5,512,10,21,{,1,class->block->function->block,
2,26,rectangle_java2.jpg,rectangle_java2.jpg,3076929013,92,873.8208695652174,536.7256521739131,883.5,549,10,21,{,1,class->block->function->block,
2,26,rectangle_java2.jpg,rectangle_java2.jpg,3077096990,120,919.1576666666666,540.5006666666667,900.5,549,63,21,return,6,class->block->function->block->block_content->return,
2,26,rectangle_java2.jpg,rectangle_java2.jpg,3077568826,100,907.8112,532.8448,891.5,512,62,21,return,6,class->block->function->block->block_content->return->expr->name->name,
2,26,rectangle_java2.jpg,rectangle_java2.jpg,3077868814,64,982.638125,520.6625,958.5,512,71,21,this.x2,7,class->block->function->block->block_content->return->expr->name->name->operator->name->operator,
2,26,rectangle_java2.jpg,rectangle_java2.jpg,3078184872,60,910.7033333333334,523.942,891.5,512,62,21,return,6,class->block->function->block->block_content->return->expr->name->name,
2,26,rectangle_java2.jpg,rectangle_java2.jpg,3078248867,60,916.9046666666668,518.5,891.5,512,62,21,return,6,class->block->function->block->block_content->return->expr->name->name,
2,26,rectangle_java2.jpg,rectangle_java2.jpg,3078348868,96,906.8379166666666,539.58625,900.5,549,63,21,return,6,class->block->function->block->block_content->return,
2,26,rectangle_java2.jpg,rectangle_java2.jpg,3078496878,104,897.0838461538461,530.7276923076923,891.5,512,62,21,return,6,class->block->function->block->block_content->return->expr->name->name,
2,26,rectangle_java2.jpg,rectangle_java2.jpg,3078696835,108,968.2996296296296,551.0244444444444,968.5,549,70,21,this.y2,7,class->block->function->block->block_content->return->expr->name->name->operator->name,
2,26,rectangle_java2.jpg,rectangle_java2.jpg,3078848839,124,1065.9003225806453,562.7609677419355,1064.5,549,71,21,this.y1,7,class->block->function->block->block_content->return->expr->name->name->operator->name,
2,26,rectangle_java2.jpg,rectangle_java2.jpg,3079004839,132,989.7318181818182,507.4354545454546,958.5,512,71,21,this.x2,7,class->block->function->block->block_content->return->expr->name->name->operator->name->operator,
2,26,rectangle_java2.jpg,rectangle_java2.jpg,3079188844,100,984.8376,512.8548,958.5,512,71,21,this.x2,7,class->block->function->block->block_content->return->expr->name->name->operator->name->operator,
2,26,rectangle_java2.jpg,rectangle_java2.jpg,3079476841,64,1061.331875,521.22375,1054.5,512,71,21,this.x1,7,class->block->function->block->block_content->return->expr->name->name->operator->name,
2,26,rectangle_java2.jpg,rectangle_java2.jpg,3079776664,228,1164.8333333333333,579.5140350877193,1140.5,585,110,21,this.height,11,class->block->function->block->block_content->return->expr->call->name->name->operator->name,
2,26,rectangle_java2.jpg,rectangle_java2.jpg,3079996766,56,912.265,587.7271428571429,910.5,585,62,21,return,6,class->block->function->block->block_content->return,
2,26,rectangle_java2.jpg,rectangle_java2.jpg,3080188710,188,908.77,595.2359574468085,910.5,585,62,21,return,6,class->block->function->block->block_content->return,
2,26,rectangle_java2.jpg,rectangle_java2.jpg,3080356695,136,952.120588235294,586.1679411764705,910.5,585,62,21,return,6,class->block->function->block->block_content->return,
2,26,rectangle_java2.jpg,rectangle_java2.jpg,3080632711,204,1073.7180392156863,592.6225490196078,977.5,585,101,21,this.width,10,class->block->function->block->block_content->return->expr->call->name->name->operator->name,
2,26,rectangle_java2.jpg,rectangle_java2.jpg,3080696716,60,1083.4533333333334,597.3526666666667,1086.5,585,10,21,(,1,class->block->function->block->block_content->return->expr->call->argument_list,
2,26,rectangle_java2.jpg,rectangle_java2.jpg,3080820773,120,1112.4906666666666,594.1496666666667,1103.5,585,9,21,),1,class->block->function->block->block_content->return->expr->call->argument_list,
2,26,rectangle_java2.jpg,rectangle_java2.jpg,3080820773,120,1112.4906666666666,594.1496666666667,1122.5,585,12,21,*,1,class->block->function->block->block_content->return->expr->operator,
2,26,rectangle_java2.jpg,rectangle_java2.jpg,3081344698,84,953.7733333333332,628.2033333333334,920.5,621,62,21,String,6,class->block->function->parameter_list->parameter->decl->type->name->name,
2,26,rectangle_java2.jpg,rectangle_java2.jpg,3081468606,80,997.6925,574.213,977.5,585,101,21,this.width,10,class->block->function->block->block_content->return->expr->call->name->name->operator->name,
2,26,rectangle_java2.jpg,rectangle_java2.jpg,3081636615,64,928.395,585.728125,910.5,585,62,21,return,6,class->block->function->block->block_content->return,
2,26,rectangle_java2.jpg,rectangle_java2.jpg,3081704633,64,927.305,594.81125,910.5,585,62,21,return,6,class->block->function->block->block_content->return,
2,26,rectangle_java2.jpg,rectangle_java2.jpg,3081788607,72,1109.3294444444443,599.3872222222222,1103.5,585,9,21,),1,class->block->function->block->block_content->return->expr->call->argument_list,
2,26,rectangle_java2.jpg,rectangle_java2.jpg,3081892574,100,1111.468,602.21,1103.5,585,9,21,),1,class->block->function->block->block_content->return->expr->call->argument_list,
2,26,rectangle_java2.jpg,rectangle_java2.jpg,3081892574,100,1111.468,602.21,1122.5,585,12,21,*,1,class->block->function->block->block_content->return->expr->operator,
2,26,rectangle_java2.jpg,rectangle_java2.jpg,3082004559,80,1088.1255,595.724,1086.5,585,10,21,(,1,class->block->function->block->block_content->return->expr->call->argument_list,
2,26,rectangle_java2.jpg,rectangle_java2.jpg,3082072553,56,913.3492857142858,588.6328571428571,910.5,585,62,21,return,6,class->block->function->block->block_content->return,
2,26,rectangle_java2.jpg,rectangle_java2.jpg,3082244649,168,915.9871428571428,583.3269047619048,910.5,585,62,21,return,6,class->block->function->block->block_content->return,
2,26,rectangle_java2.jpg,rectangle_java2.jpg,3082512693,240,970.1835,588.1555,910.5,585,62,21,return,6,class->block->function->block->block_content->return,
2,26,rectangle_java2.jpg,rectangle_java2.jpg,3082512693,240,970.1835,588.1555,977.5,585,101,21,this.width,10,class->block->function->block->block_content->return->expr->call->name->name->operator->name,
2,26,rectangle_java2.jpg,rectangle_java2.jpg,3082712605,172,998.1176744186048,547.283023255814,968.5,549,70,21,this.y2,7,class->block->function->block->block_content->return->expr->name->name->operator->name,
2,26,rectangle_java2.jpg,rectangle_java2.jpg,3083044682,100,884.1868,684.6572,730.5,694,177,21,System.out.println,18,class->block->function->block->block_content->expr_stmt->expr->call->name->name->operator->name->operator->name,
2,26,rectangle_java2.jpg,rectangle_java2.jpg,3083232637,160,951.39425,663.4472499999999,941.5,658,91,20,Rectangle,9,class->block->function->block->block_content->decl_stmt->decl->init->expr->call->name,
2,26,rectangle_java2.jpg,rectangle_java2.jpg,3083480344,212,883.9896226415094,651.5850943396226,883.5,658,15,20,=,1,class->block->function->block->block_content->decl_stmt->decl->init,
2,26,rectangle_java2.jpg,rectangle_java2.jpg,3083668414,160,963.94475,654.955,941.5,658,91,20,Rectangle,9,class->block->function->block->block_content->decl_stmt->decl->init->expr->call->name,
2,26,rectangle_java2.jpg,rectangle_java2.jpg,3083892476,204,1092.532156862745,661.8958823529412,1095.5,658,13,20,0,1,class->block->function->block->block_content->decl_stmt->decl->init->expr->call->argument_list->argument->expr->literal,
2,26,rectangle_java2.jpg,rectangle_java2.jpg,3083980476,84,1096.3585714285714,654.5152380952381,1095.5,658,13,20,0,1,class->block->function->block->block_content->decl_stmt->decl->init->expr->call->argument_list->argument->expr->literal,
2,26,rectangle_java2.jpg,rectangle_java2.jpg,3084272474,168,1140.1816666666666,658.0971428571429,1134.5,658,22,20,10,2,class->block->function->block->block_content->decl_stmt->decl->init->expr->call->argument_list->argument->expr->literal,
2,26,rectangle_java2.jpg,rectangle_java2.jpg,3084408472,132,1111.5248484848485,655.0484848484848,1115.5,658,10,20,"""","""",1,class->block->function->block->block_content->decl_stmt->decl->init->expr->call->argument_list
2,26,rectangle_java2.jpg,rectangle_java2.jpg,3084940442,200,939.1346,637.4456,920.5,621,62,21,String,6,class->block->function->parameter_list->parameter->decl->type->name->name,
2,26,rectangle_java2.jpg,rectangle_java2.jpg,3085224327,56,977.5921428571428,645.7128571428572,941.5,658,91,20,Rectangle,9,class->block->function->block->block_content->decl_stmt->decl->init->expr->call->name,
2,26,rectangle_java2.jpg,rectangle_java2.jpg,3085360221,60,988.8646666666666,654.424,941.5,658,91,20,Rectangle,9,class->block->function->block->block_content->decl_stmt->decl->init->expr->call->name,
2,26,rectangle_java2.jpg,rectangle_java2.jpg,3085504270,112,1095.1042857142857,700.1121428571429,1096.5,694,10,21,;,1,class->block->function->block->block_content->expr_stmt,
2,26,rectangle_java2.jpg,rectangle_java2.jpg,3085708344,180,892.564,714.5686666666667,730.5,694,177,21,System.out.println,18,class->block->function->block->block_content->expr_stmt->expr->call->name->name->operator->name->operator->name,
2,26,rectangle_java2.jpg,rectangle_java2.jpg,3085908365,156,851.634358974359,719.7407692307693,826.5,731,51,20,rect2,5,class->block->function->block->block_content->decl_stmt->decl->name,
2,26,rectangle_java2.jpg,rectangle_java2.jpg,3086028376,116,832.3965517241379,720.5824137931035,826.5,731,51,20,rect2,5,class->block->function->block->block_content->decl_stmt->decl->name,
2,26,rectangle_java2.jpg,rectangle_java2.jpg,3086600349,152,976.4336842105264,724.2484210526316,941.5,731,91,20,Rectangle,9,class->block->function->block->block_content->decl_stmt->decl->init->expr->call->name,
2,26,rectangle_java2.jpg,rectangle_java2.jpg,3086916315,88,942.2881818181818,745.1409090909091,941.5,731,91,20,Rectangle,9,class->block->function->block->block_content->decl_stmt->decl->init->expr->call->name,
2,26,rectangle_java2.jpg,rectangle_java2.jpg,3087296138,216,821.2224074074074,442.4529629629629,806.5,440,15,21,=,1,class->block->constructor->block->block_content->expr_stmt->expr->operator,
2,26,rectangle_java2.jpg,rectangle_java2.jpg,3087296138,216,821.2224074074074,442.4529629629629,826.5,440,23,21,y2,2,class->block->constructor->block->block_content->expr_stmt->expr->name->name,
2,26,rectangle_java2.jpg,rectangle_java2.jpg,3094580020,112,911.7342857142858,279.9214285714286,911.5,259,10,21,"""","""",1,class->block->decl_stmt
2,26,rectangle_java2.jpg,rectangle_java2.jpg,3094688006,104,908.6507692307692,297.34576923076924,890.5,295,24,21,x1,2,class->block->constructor->parameter_list->parameter->decl->type->name,
2,26,rectangle_java2.jpg,rectangle_java2.jpg,3094983757,76,809.67,360.58736842105264,806.5,367,15,21,=,1,class->block->constructor->block->block_content->expr_stmt->expr->operator,
2,26,rectangle_java2.jpg,rectangle_java2.jpg,3097351654,76,940.53,524.7184210526316,891.5,512,62,21,return,6,class->block->function->block->block_content->return->expr->name->name,
2,26,rectangle_java2.jpg,rectangle_java2.jpg,3097679642,164,1076.9526829268293,588.9951219512195,977.5,585,101,21,this.width,10,class->block->function->block->block_content->return->expr->call->name->name->operator->name,
2,26,rectangle_java2.jpg,rectangle_java2.jpg,3097679642,164,1076.9526829268293,588.9951219512195,1086.5,585,10,21,(,1,class->block->function->block->block_content->return->expr->call->argument_list,
2,26,rectangle_java2.jpg,rectangle_java2.jpg,3097775603,92,1070.314347826087,597.7013043478261,977.5,585,101,21,this.width,10,class->block->function->block->block_content->return->expr->call->name->name->operator->name,
2,26,rectangle_java2.jpg,rectangle_java2.jpg,3098183588,152,848.6068421052631,295.2418421052632,853.5,295,32,21,int,3,class->block->constructor->parameter_list->parameter->decl->type->name,
2,26,rectangle_java2.jpg,rectangle_java2.jpg,3098879539,56,815.2664285714286,380.2792857142857,806.5,367,15,21,=,1,class->block->constructor->block->block_content->expr_stmt->expr->operator,
2,26,rectangle_java2.jpg,rectangle_java2.jpg,3098879539,56,815.2664285714286,380.2792857142857,826.5,367,23,21,y1,2,class->block->constructor->block->block_content->expr_stmt->expr->name->name,
2,26,rectangle_java2.jpg,rectangle_java2.jpg,3099191427,132,829.5463636363636,296.42545454545456,837.5,295,9,21,(,1,class->block->constructor->parameter_list,
2,26,rectangle_java2.jpg,rectangle_java2.jpg,3099251391,56,822.9692857142857,291.01928571428573,737.5,295,91,21,Rectangle,9,class->block->constructor->name,
2,26,rectangle_java2.jpg,rectangle_java2.jpg,3099467425,180,820.6951111111111,238.65444444444444,813.5,222,10,21,{,1,class->block,
2,26,rectangle_java2.jpg,rectangle_java2.jpg,3100219331,256,841.6051562499999,269.86109375,833.5,259,23,21,y1,2,class->block->decl_stmt->decl->name,
2,26,rectangle_java2.jpg,rectangle_java2.jpg,3100367439,104,928.6684615384617,273.9907692307692,929.5,259,23,21,y2,2,class->block->decl_stmt->decl->name,
2,26,rectangle_java2.jpg,rectangle_java2.jpg,3100427440,56,934.1271428571428,272.915,929.5,259,23,21,y2,2,class->block->decl_stmt->decl->name,
2,26,rectangle_java2.jpg,rectangle_java2.jpg,3101211299,216,821.6011111111111,250.74611111111108,815.5,259,10,21,"""","""",1,class->block->decl_stmt
2,26,rectangle_java2.jpg,rectangle_java2.jpg,3101211299,216,821.6011111111111,250.74611111111108,833.5,259,23,21,y1,2,class->block->decl_stmt->decl->name,
2,26,rectangle_java2.jpg,rectangle_java2.jpg,3101439334,184,928.0260869565218,258.0704347826087,929.5,259,23,21,y2,2,class->block->decl_stmt->decl->name,
2,26,rectangle_java2.jpg,rectangle_java2.jpg,3101743357,80,945.605,266.242,929.5,259,23,21,y2,2,class->block->decl_stmt->decl->name,
2,26,rectangle_java2.jpg,rectangle_java2.jpg,3102163296,92,869.5695652173913,293.1091304347826,853.5,295,32,21,int,3,class->block->constructor->parameter_list->parameter->decl->type->name,
2,26,rectangle_java2.jpg,rectangle_java2.jpg,3104495197,216,921.7511111111112,268.9011111111111,929.5,259,23,21,y2,2,class->block->decl_stmt->decl->name,
2,26,rectangle_java2.jpg,rectangle_java2.jpg,3104822957,272,853.5730882352941,296.38323529411764,853.5,295,32,21,int,3,class->block->constructor->parameter_list->parameter->decl->type->name,
2,26,rectangle_java2.jpg,rectangle_java2.jpg,3104894981,68,893.5782352941177,293.2417647058824,890.5,295,24,21,x1,2,class->block->constructor->parameter_list->parameter->decl->type->name,
2,26,rectangle_java2.jpg,rectangle_java2.jpg,3105083038,184,903.560652173913,292.8884782608696,890.5,295,24,21,x1,2,class->block->constructor->parameter_list->parameter->decl->type->name,
2,26,rectangle_java2.jpg,rectangle_java2.jpg,3105627086,104,940.233846153846,305.07307692307694,939.5,295,33,21,int,3,class->block->constructor->parameter_list->parameter->decl->type->name,
2,26,rectangle_java2.jpg,rectangle_java2.jpg,3105771059,140,940.5517142857144,309.628,939.5,295,33,21,int,3,class->block->constructor->parameter_list->parameter->decl->type->name,
2,26,rectangle_java2.jpg,rectangle_java2.jpg,3107018817,200,843.2046,401.0946,826.5,404,23,19,x2,2,class->block->constructor->block->block_content->expr_stmt->expr->name->name,
2,26,rectangle_java2.jpg,rectangle_java2.jpg,3107554976,152,923.3768421052632,588.1257894736842,910.5,585,62,21,return,6,class->block->function->block->block_content->return,
2,26,rectangle_java2.jpg,rectangle_java2.jpg,3107658965,100,926.3952,598.7576,910.5,585,62,21,return,6,class->block->function->block->block_content->return,
2,26,rectangle_java2.jpg,rectangle_java2.jpg,3107918922,228,950.338245614035,573.610701754386,910.5,585,62,21,return,6,class->block->function->block->block_content->return,
2,26,rectangle_java2.jpg,rectangle_java2.jpg,3108086922,100,1053.7896,614.9144,1025.5,621,42,21,args,4,class->block->function->parameter_list->parameter->decl->name,
2,26,rectangle_java2.jpg,rectangle_java2.jpg,3108175967,84,1054.470476190476,617.5038095238095,1025.5,621,42,21,args,4,class->block->function->parameter_list->parameter->decl->name,
2,26,rectangle_java2.jpg,rectangle_java2.jpg,3108382892,88,1104.554090909091,604.0568181818182,1103.5,585,9,21,),1,class->block->function->block->block_content->return->expr->call->argument_list,
2,26,rectangle_java2.jpg,rectangle_java2.jpg,3108494779,108,1102.7885185185185,600.0374074074074,1103.5,585,9,21,),1,class->block->function->block->block_content->return->expr->call->argument_list,
2,26,rectangle_java2.jpg,rectangle_java2.jpg,3108686600,164,1058.3965853658538,579.3970731707317,977.5,585,101,21,this.width,10,class->block->function->block->block_content->return->expr->call->name->name->operator->name,
2,26,rectangle_java2.jpg,rectangle_java2.jpg,3109082702,148,1116.9778378378378,564.4483783783784,1064.5,549,71,21,this.y1,7,class->block->function->block->block_content->return->expr->name->name->operator->name,
2,26,rectangle_java2.jpg,rectangle_java2.jpg,3109242775,100,1165.7132,562.0536,1161.5,549,10,21,},1,class->block->function->block,
2,26,rectangle_java2.jpg,rectangle_java2.jpg,3109658780,208,1223.4198076923076,658.1534615384616,1231.5,658,10,20,;,1,class->block->function->block->block_content->decl_stmt,
2,26,rectangle_java2.jpg,rectangle_java2.jpg,3109854780,76,925.6284210526316,720.3610526315789,902.5,731,34,20,new,3,class->block->function->block->block_content->decl_stmt->decl->init->expr->operator,
2,26,rectangle_java2.jpg,rectangle_java2.jpg,3110050801,192,923.0783333333334,724.92875,902.5,731,34,20,new,3,class->block->function->block->block_content->decl_stmt->decl->init->expr->operator,
2,26,rectangle_java2.jpg,rectangle_java2.jpg,3111122656,96,1098.0404166666667,601.0775,1103.5,585,9,21,),1,class->block->function->block->block_content->return->expr->call->argument_list,
2,26,rectangle_java2.jpg,rectangle_java2.jpg,3111266665,64,1007.793125,579.4225,977.5,585,101,21,this.width,10,class->block->function->block->block_content->return->expr->call->name->name->operator->name,
2,26,rectangle_java2.jpg,rectangle_java2.jpg,3111682642,112,1223.876071428571,677.9971428571429,1231.5,658,10,20,;,1,class->block->function->block->block_content->decl_stmt,
