trial,participant,code_file,code_language,timestamp,duration,x_cord,y_cord,aoi_x,aoi_y,aoi_width,aoi_height,token,length,srcML,
2,82,rectangle_java2.jpg,rectangle_java2.jpg,1006330363,80,844.059,318.637,826.5,331,23,19,x1,2,class->block->constructor->block->block_content->expr_stmt->expr->name->name,
2,82,rectangle_java2.jpg,rectangle_java2.jpg,1006330363,80,844.059,318.637,856.5,331,10,19,;,1,class->block->constructor->block->block_content->expr_stmt,
2,82,rectangle_java2.jpg,rectangle_java2.jpg,1009646087,176,759.0556818181818,236.8345454545455,715.5,222,90,21,Rectangle,9,class->name,
2,82,rectangle_java2.jpg,rectangle_java2.jpg,1009866040,156,728.6689743589743,239.1723076923077,715.5,222,90,21,Rectangle,9,class->name,
2,82,rectangle_java2.jpg,rectangle_java2.jpg,1010262103,180,763.816,228.59355555555555,715.5,222,90,21,Rectangle,9,class->name,
2,82,rectangle_java2.jpg,rectangle_java2.jpg,1012169995,152,744.8907894736842,291.61078947368424,737.5,295,91,21,Rectangle,9,class->block->constructor->name,
2,82,rectangle_java2.jpg,rectangle_java2.jpg,1012277979,96,817.9766666666667,294.0366666666667,737.5,295,91,21,Rectangle,9,class->block->constructor->name,
2,82,rectangle_java2.jpg,rectangle_java2.jpg,1012525886,112,836.7364285714285,292.6503571428572,837.5,295,9,21,(,1,class->block->constructor->parameter_list,
2,82,rectangle_java2.jpg,rectangle_java2.jpg,1012729859,168,898.5214285714286,290.4661904761905,890.5,295,24,21,x1,2,class->block->constructor->parameter_list->parameter->decl->type->name,
2,82,rectangle_java2.jpg,rectangle_java2.jpg,1012853837,120,901.773,306.1173333333333,890.5,295,24,21,x1,2,class->block->constructor->parameter_list->parameter->decl->type->name,
2,82,rectangle_java2.jpg,rectangle_java2.jpg,1013109830,180,948.0784444444444,304.3686666666667,939.5,295,33,21,int,3,class->block->constructor->parameter_list->parameter->decl->type->name,
2,82,rectangle_java2.jpg,rectangle_java2.jpg,1013245792,100,1009.5748,315.6632,1007.5,295,10,21,"""","""",1,class->block->constructor->parameter_list
2,82,rectangle_java2.jpg,rectangle_java2.jpg,1013309774,60,1009.2973333333332,300.49333333333334,1007.5,295,10,21,"""","""",1,class->block->constructor->parameter_list
2,82,rectangle_java2.jpg,rectangle_java2.jpg,1013445802,132,1005.088181818182,296.76272727272726,1007.5,295,10,21,"""","""",1,class->block->constructor->parameter_list
2,82,rectangle_java2.jpg,rectangle_java2.jpg,1013533807,84,1003.5028571428572,310.7895238095238,1007.5,295,10,21,"""","""",1,class->block->constructor->parameter_list
2,82,rectangle_java2.jpg,rectangle_java2.jpg,1013665749,80,1002.2165,311.0455,1007.5,295,10,21,"""","""",1,class->block->constructor->parameter_list
2,82,rectangle_java2.jpg,rectangle_java2.jpg,1013825767,144,1055.9347222222225,300.18833333333333,1025.5,295,33,21,int,3,class->block->constructor->parameter_list->parameter->decl->type->name,
2,82,rectangle_java2.jpg,rectangle_java2.jpg,1013825767,144,1055.9347222222225,300.18833333333333,1063.5,295,23,21,x2,2,class->block->constructor->parameter_list->parameter->decl->type->name,
2,82,rectangle_java2.jpg,rectangle_java2.jpg,1013957798,128,1059.7878125,298.5378125,1063.5,295,23,21,x2,2,class->block->constructor->parameter_list->parameter->decl->type->name,
2,82,rectangle_java2.jpg,rectangle_java2.jpg,1014109801,116,1091.0517241379312,313.63724137931035,1094.5,295,9,21,"""","""",1,class->block->constructor->parameter_list
2,82,rectangle_java2.jpg,rectangle_java2.jpg,1014201802,88,1094.5036363636364,304.85227272727275,1094.5,295,9,21,"""","""",1,class->block->constructor->parameter_list
2,82,rectangle_java2.jpg,rectangle_java2.jpg,1014481536,108,1032.184074074074,287.45592592592595,1025.5,295,33,21,int,3,class->block->constructor->parameter_list->parameter->decl->type->name,
2,82,rectangle_java2.jpg,rectangle_java2.jpg,1014625596,96,1122.1020833333332,297.5395833333333,1112.5,295,33,21,int,3,class->block->constructor->parameter_list->parameter->decl->type->name,
2,82,rectangle_java2.jpg,rectangle_java2.jpg,1014757701,128,1112.9896875,293.1853125,1112.5,295,33,21,int,3,class->block->constructor->parameter_list->parameter->decl->type->name,
2,82,rectangle_java2.jpg,rectangle_java2.jpg,1015005653,196,1086.0644897959185,300.17857142857144,1063.5,295,23,21,x2,2,class->block->constructor->parameter_list->parameter->decl->type->name,
2,82,rectangle_java2.jpg,rectangle_java2.jpg,1015005653,196,1086.0644897959185,300.17857142857144,1094.5,295,9,21,"""","""",1,class->block->constructor->parameter_list
2,82,rectangle_java2.jpg,rectangle_java2.jpg,1015069663,60,1080.138,300.5353333333333,1063.5,295,23,21,x2,2,class->block->constructor->parameter_list->parameter->decl->type->name,
2,82,rectangle_java2.jpg,rectangle_java2.jpg,1015193646,120,1097.1513333333332,297.4173333333333,1094.5,295,9,21,"""","""",1,class->block->constructor->parameter_list
2,82,rectangle_java2.jpg,rectangle_java2.jpg,1015273602,76,1110.3868421052632,286.29894736842107,1112.5,295,33,21,int,3,class->block->constructor->parameter_list->parameter->decl->type->name,
2,82,rectangle_java2.jpg,rectangle_java2.jpg,1015349577,72,1109.435,302.7294444444444,1112.5,295,33,21,int,3,class->block->constructor->parameter_list->parameter->decl->type->name,
2,82,rectangle_java2.jpg,rectangle_java2.jpg,1015717679,196,1041.744081632653,294.03469387755104,1025.5,295,33,21,int,3,class->block->constructor->parameter_list->parameter->decl->type->name,
2,82,rectangle_java2.jpg,rectangle_java2.jpg,1015877689,156,1090.0276923076924,290.84,1094.5,295,9,21,"""","""",1,class->block->constructor->parameter_list
2,82,rectangle_java2.jpg,rectangle_java2.jpg,1015953704,72,1089.4644444444446,306.5966666666667,1094.5,295,9,21,"""","""",1,class->block->constructor->parameter_list
2,82,rectangle_java2.jpg,rectangle_java2.jpg,1016185675,172,759.0409302325581,286.4918604651163,737.5,295,91,21,Rectangle,9,class->block->constructor->name,
2,82,rectangle_java2.jpg,rectangle_java2.jpg,1016345456,156,796.86,285.3025641025641,737.5,295,91,21,Rectangle,9,class->block->constructor->name,
2,82,rectangle_java2.jpg,rectangle_java2.jpg,1016417462,68,806.6964705882352,297.91705882352943,737.5,295,91,21,Rectangle,9,class->block->constructor->name,
2,82,rectangle_java2.jpg,rectangle_java2.jpg,1016621535,168,781.3895238095238,216.24809523809523,715.5,222,90,21,Rectangle,9,class->name,
2,82,rectangle_java2.jpg,rectangle_java2.jpg,1017445539,104,757.9776923076923,239.83807692307693,715.5,222,90,21,Rectangle,9,class->name,
2,82,rectangle_java2.jpg,rectangle_java2.jpg,1017553545,104,763.83,253.75,747.5,259,33,21,int,3,class->block->decl_stmt->decl->type->name,
2,82,rectangle_java2.jpg,rectangle_java2.jpg,1017689545,88,801.2413636363636,323.21500000000003,730.5,331,71,19,this.x1,7,class->block->constructor->block->block_content->expr_stmt->expr->name->name->operator->name,
2,82,rectangle_java2.jpg,rectangle_java2.jpg,1017689545,88,801.2413636363636,323.21500000000003,806.5,331,15,19,=,1,class->block->constructor->block->block_content->expr_stmt->expr->operator,
2,82,rectangle_java2.jpg,rectangle_java2.jpg,1017917529,76,836.9552631578947,319.74052631578945,826.5,331,23,19,x1,2,class->block->constructor->block->block_content->expr_stmt->expr->name->name,
2,82,rectangle_java2.jpg,rectangle_java2.jpg,1018041492,120,836.222,330.3533333333333,826.5,331,23,19,x1,2,class->block->constructor->block->block_content->expr_stmt->expr->name->name,
2,82,rectangle_java2.jpg,rectangle_java2.jpg,1018597417,60,925.326,313.532,921.5,295,9,21,"""","""",1,class->block->constructor->parameter_list
2,82,rectangle_java2.jpg,rectangle_java2.jpg,1018813412,212,924.4445283018867,302.6567924528302,921.5,295,9,21,"""","""",1,class->block->constructor->parameter_list
2,82,rectangle_java2.jpg,rectangle_java2.jpg,1019221426,184,842.7336956521739,364.2947826086957,826.5,367,23,21,y1,2,class->block->constructor->block->block_content->expr_stmt->expr->name->name,
2,82,rectangle_java2.jpg,rectangle_java2.jpg,1019817412,212,1058.7115094339622,295.1571698113207,1063.5,295,23,21,x2,2,class->block->constructor->parameter_list->parameter->decl->type->name,
2,82,rectangle_java2.jpg,rectangle_java2.jpg,1020073327,144,1014.2161111111112,290.4633333333333,1007.5,295,10,21,"""","""",1,class->block->constructor->parameter_list
2,82,rectangle_java2.jpg,rectangle_java2.jpg,1020073327,144,1014.2161111111112,290.4633333333333,1025.5,295,33,21,int,3,class->block->constructor->parameter_list->parameter->decl->type->name,
2,82,rectangle_java2.jpg,rectangle_java2.jpg,1020789316,84,825.1880952380952,410.9219047619048,826.5,404,23,19,x2,2,class->block->constructor->block->block_content->expr_stmt->expr->name->name,
2,82,rectangle_java2.jpg,rectangle_java2.jpg,1020949304,156,821.2582051282051,412.364358974359,806.5,404,15,19,=,1,class->block->constructor->block->block_content->expr_stmt->expr->operator,
2,82,rectangle_java2.jpg,rectangle_java2.jpg,1020949304,156,821.2582051282051,412.364358974359,826.5,404,23,19,x2,2,class->block->constructor->block->block_content->expr_stmt->expr->name->name,
2,82,rectangle_java2.jpg,rectangle_java2.jpg,1021949250,108,892.6759259259259,250.4177777777778,881.5,259,23,21,x2,2,class->block->decl_stmt->decl->name,
2,82,rectangle_java2.jpg,rectangle_java2.jpg,1022097190,92,776.6952173913044,214.92217391304348,715.5,222,90,21,Rectangle,9,class->name,
2,82,rectangle_java2.jpg,rectangle_java2.jpg,1022209273,108,777.4262962962963,222.2755555555556,715.5,222,90,21,Rectangle,9,class->name,
2,82,rectangle_java2.jpg,rectangle_java2.jpg,1022561135,116,1039.1920689655171,313.10241379310344,1025.5,295,33,21,int,3,class->block->constructor->parameter_list->parameter->decl->type->name,
2,82,rectangle_java2.jpg,rectangle_java2.jpg,1022717067,124,1080.429677419355,308.8141935483871,1063.5,295,23,21,x2,2,class->block->constructor->parameter_list->parameter->decl->type->name,
2,82,rectangle_java2.jpg,rectangle_java2.jpg,1022781098,60,1083.3993333333333,299.6433333333333,1063.5,295,23,21,x2,2,class->block->constructor->parameter_list->parameter->decl->type->name,
2,82,rectangle_java2.jpg,rectangle_java2.jpg,1022781098,60,1083.3993333333333,299.6433333333333,1094.5,295,9,21,"""","""",1,class->block->constructor->parameter_list
2,82,rectangle_java2.jpg,rectangle_java2.jpg,1023049135,204,766.848431372549,283.7296078431373,737.5,295,91,21,Rectangle,9,class->block->constructor->name,
2,82,rectangle_java2.jpg,rectangle_java2.jpg,1023341150,252,826.0338095238095,284.9219047619048,737.5,295,91,21,Rectangle,9,class->block->constructor->name,
2,82,rectangle_java2.jpg,rectangle_java2.jpg,1023341150,252,826.0338095238095,284.9219047619048,837.5,295,9,21,(,1,class->block->constructor->parameter_list,
2,82,rectangle_java2.jpg,rectangle_java2.jpg,1023669184,284,902.7050704225352,284.97661971830985,890.5,295,24,21,x1,2,class->block->constructor->parameter_list->parameter->decl->type->name,
2,82,rectangle_java2.jpg,rectangle_java2.jpg,1023837103,164,892.2417073170732,262.0743902439024,881.5,259,23,21,x2,2,class->block->decl_stmt->decl->name,
2,82,rectangle_java2.jpg,rectangle_java2.jpg,1023965048,80,824.3795,331.5635,826.5,331,23,19,x1,2,class->block->constructor->block->block_content->expr_stmt->expr->name->name,
2,82,rectangle_java2.jpg,rectangle_java2.jpg,1024177041,208,822.7748076923077,346.1840384615385,826.5,331,23,19,x1,2,class->block->constructor->block->block_content->expr_stmt->expr->name->name,
2,82,rectangle_java2.jpg,rectangle_java2.jpg,1024397062,144,807.7941666666667,504.0533333333333,775.5,512,53,21,width,5,class->block->function->name,
2,82,rectangle_java2.jpg,rectangle_java2.jpg,1024565075,156,878.2874358974359,516.0866666666667,874.5,512,10,21,{,1,class->block->function->block,
2,82,rectangle_java2.jpg,rectangle_java2.jpg,1024765002,132,841.2281818181818,508.8824242424242,837.5,512,9,21,(,1,class->block->function->parameter_list,
2,82,rectangle_java2.jpg,rectangle_java2.jpg,1024868994,100,843.7616,514.8872,837.5,512,9,21,(,1,class->block->function->parameter_list,
2,82,rectangle_java2.jpg,rectangle_java2.jpg,1024868994,100,843.7616,514.8872,854.5,512,9,21,),1,class->block->function->parameter_list,
2,82,rectangle_java2.jpg,rectangle_java2.jpg,1024976997,104,808.8538461538461,518.6523076923077,775.5,512,53,21,width,5,class->block->function->name,
2,82,rectangle_java2.jpg,rectangle_java2.jpg,1025085009,104,803.8692307692307,520.4542307692308,775.5,512,53,21,width,5,class->block->function->name,
2,82,rectangle_java2.jpg,rectangle_java2.jpg,1025253009,124,761.7938709677419,526.9361290322581,737.5,512,33,21,int,3,class->block->function->type->name,
2,82,rectangle_java2.jpg,rectangle_java2.jpg,1025401005,132,848.6672727272727,521.4551515151516,854.5,512,9,21,),1,class->block->function->parameter_list,
2,82,rectangle_java2.jpg,rectangle_java2.jpg,1025596903,136,985.184411764706,525.4688235294118,958.5,512,71,21,this.x2,7,class->block->function->block->block_content->return->expr->name->name->operator->name->operator,
2,82,rectangle_java2.jpg,rectangle_java2.jpg,1025804749,204,969.3901960784314,529.302156862745,958.5,512,71,21,this.x2,7,class->block->function->block->block_content->return->expr->name->name->operator->name->operator,
2,82,rectangle_java2.jpg,rectangle_java2.jpg,1025952857,144,989.8936111111112,525.9388888888889,958.5,512,71,21,this.x2,7,class->block->function->block->block_content->return->expr->name->name->operator->name->operator,
2,82,rectangle_java2.jpg,rectangle_java2.jpg,1026104870,112,851.3357142857143,558.1367857142857,846.5,549,10,21,(,1,class->block->function->parameter_list,
2,82,rectangle_java2.jpg,rectangle_java2.jpg,1026104870,112,851.3357142857143,558.1367857142857,863.5,549,9,21,),1,class->block->function->parameter_list,
2,82,rectangle_java2.jpg,rectangle_java2.jpg,1026188881,80,845.451,563.01,846.5,549,10,21,(,1,class->block->function->parameter_list,
2,82,rectangle_java2.jpg,rectangle_java2.jpg,1026292930,64,920.3625,554.719375,900.5,549,63,21,return,6,class->block->function->block->block_content->return,
2,82,rectangle_java2.jpg,rectangle_java2.jpg,1026456913,160,920.4095,568.55875,900.5,549,63,21,return,6,class->block->function->block->block_content->return,
2,82,rectangle_java2.jpg,rectangle_java2.jpg,1026608904,112,976.4482142857142,556.7710714285714,968.5,549,70,21,this.y2,7,class->block->function->block->block_content->return->expr->name->name->operator->name,
2,82,rectangle_java2.jpg,rectangle_java2.jpg,1026936909,140,1033.581428571429,538.6208571428572,968.5,549,70,21,this.y2,7,class->block->function->block->block_content->return->expr->name->name->operator->name,
2,82,rectangle_java2.jpg,rectangle_java2.jpg,1026936909,140,1033.581428571429,538.6208571428572,1045.5,549,13,21,-,1,class->block->function->block->block_content->return->expr->operator,
2,82,rectangle_java2.jpg,rectangle_java2.jpg,1027000907,60,1039.6826666666666,550.6486666666667,1045.5,549,13,21,-,1,class->block->function->block->block_content->return->expr->operator,
2,82,rectangle_java2.jpg,rectangle_java2.jpg,1027160863,128,987.3890625,521.6746875,958.5,512,71,21,this.x2,7,class->block->function->block->block_content->return->expr->name->name->operator->name->operator,
2,82,rectangle_java2.jpg,rectangle_java2.jpg,1027272876,108,980.5311111111112,529.1011111111111,958.5,512,71,21,this.x2,7,class->block->function->block->block_content->return->expr->name->name->operator->name->operator,
2,82,rectangle_java2.jpg,rectangle_java2.jpg,1027372881,96,986.4675,515.4708333333333,958.5,512,71,21,this.x2,7,class->block->function->block->block_content->return->expr->name->name->operator->name->operator,
2,82,rectangle_java2.jpg,rectangle_java2.jpg,1027812708,88,849.9959090909091,542.9404545454545,846.5,549,10,21,(,1,class->block->function->parameter_list,
2,82,rectangle_java2.jpg,rectangle_java2.jpg,1027964741,148,851.061891891892,553.3891891891892,846.5,549,10,21,(,1,class->block->function->parameter_list,
2,82,rectangle_java2.jpg,rectangle_java2.jpg,1027964741,148,851.061891891892,553.3891891891892,863.5,549,9,21,),1,class->block->function->parameter_list,
2,82,rectangle_java2.jpg,rectangle_java2.jpg,1028068744,100,845.6184,559.4608,846.5,549,10,21,(,1,class->block->function->parameter_list,
2,82,rectangle_java2.jpg,rectangle_java2.jpg,1028212753,140,849.2331428571429,569.0054285714285,846.5,549,10,21,(,1,class->block->function->parameter_list,
2,82,rectangle_java2.jpg,rectangle_java2.jpg,1028448754,168,898.6090476190476,572.5333333333333,893.5,585,10,21,{,1,class->block->function->block,
2,82,rectangle_java2.jpg,rectangle_java2.jpg,1028448754,168,898.6090476190476,572.5333333333333,910.5,585,62,21,return,6,class->block->function->block->block_content->return,
2,82,rectangle_java2.jpg,rectangle_java2.jpg,1028620745,112,978.1917857142856,565.7528571428571,968.5,549,70,21,this.y2,7,class->block->function->block->block_content->return->expr->name->name->operator->name,
2,82,rectangle_java2.jpg,rectangle_java2.jpg,1028956760,76,1056.6536842105263,546.9763157894737,1045.5,549,13,21,-,1,class->block->function->block->block_content->return->expr->operator,
2,82,rectangle_java2.jpg,rectangle_java2.jpg,1028956760,76,1056.6536842105263,546.9763157894737,1064.5,549,71,21,this.y1,7,class->block->function->block->block_content->return->expr->name->name->operator->name,
2,82,rectangle_java2.jpg,rectangle_java2.jpg,1029456642,84,1105.3890476190477,569.8038095238095,1064.5,549,71,21,this.y1,7,class->block->function->block->block_content->return->expr->name->name->operator->name,
2,82,rectangle_java2.jpg,rectangle_java2.jpg,1029696640,72,1104.098888888889,577.9466666666667,1103.5,585,9,21,),1,class->block->function->block->block_content->return->expr->call->argument_list,
2,82,rectangle_java2.jpg,rectangle_java2.jpg,1030052631,324,1148.44,568.2006172839506,1142.5,549,10,21,;,1,class->block->function->block->block_content->return,
2,82,rectangle_java2.jpg,rectangle_java2.jpg,1030436620,96,1232.55375,575.9083333333333,1140.5,585,110,21,this.height,11,class->block->function->block->block_content->return->expr->call->name->name->operator->name,
2,82,rectangle_java2.jpg,rectangle_java2.jpg,1030588591,148,1236.5121621621622,577.8078378378378,1140.5,585,110,21,this.height,11,class->block->function->block->block_content->return->expr->call->name->name->operator->name,
2,82,rectangle_java2.jpg,rectangle_java2.jpg,1030780629,140,890.9917142857142,595.8054285714286,893.5,585,10,21,{,1,class->block->function->block,
2,82,rectangle_java2.jpg,rectangle_java2.jpg,1030952666,168,854.3764285714286,603.1169047619047,856.5,585,9,21,(,1,class->block->function->parameter_list,
2,82,rectangle_java2.jpg,rectangle_java2.jpg,1031144624,148,934.5435135135136,602.8313513513514,910.5,585,62,21,return,6,class->block->function->block->block_content->return,
2,82,rectangle_java2.jpg,rectangle_java2.jpg,1031440369,292,1045.448904109589,615.4057534246575,1025.5,621,42,21,args,4,class->block->function->parameter_list->parameter->decl->name,
2,82,rectangle_java2.jpg,rectangle_java2.jpg,1031528372,84,1088.9433333333334,617.2685714285714,1094.5,621,10,21,{,1,class->block->function->block,
2,82,rectangle_java2.jpg,rectangle_java2.jpg,1031756483,224,1098.30125,621.4003571428572,1094.5,621,10,21,{,1,class->block->function->block,
2,82,rectangle_java2.jpg,rectangle_java2.jpg,1032192471,156,1098.5128205128206,604.2333333333333,1103.5,585,9,21,),1,class->block->function->block->block_content->return->expr->call->argument_list,
2,82,rectangle_java2.jpg,rectangle_java2.jpg,1032264491,68,1052.8905882352942,611.2947058823529,1025.5,621,42,21,args,4,class->block->function->parameter_list->parameter->decl->name,
2,82,rectangle_java2.jpg,rectangle_java2.jpg,1032552459,284,1044.1109859154928,617.1808450704225,1025.5,621,42,21,args,4,class->block->function->parameter_list->parameter->decl->name,
2,82,rectangle_java2.jpg,rectangle_java2.jpg,1032704489,116,1097.0858620689655,615.5613793103448,1094.5,621,10,21,{,1,class->block->function->block,
2,82,rectangle_java2.jpg,rectangle_java2.jpg,1033144395,220,975.7627272727271,608.8852727272728,920.5,621,62,21,String,6,class->block->function->parameter_list->parameter->decl->type->name->name,
2,82,rectangle_java2.jpg,rectangle_java2.jpg,1033524351,60,865.6146666666667,676.0333333333333,826.5,658,52,20,rect1,5,class->block->function->block->block_content->decl_stmt->decl->name,
2,82,rectangle_java2.jpg,rectangle_java2.jpg,1033968388,116,839.2696551724138,649.6589655172414,826.5,658,52,20,rect1,5,class->block->function->block->block_content->decl_stmt->decl->name,
2,82,rectangle_java2.jpg,rectangle_java2.jpg,1034300375,144,941.3458333333332,658.5566666666666,941.5,658,91,20,Rectangle,9,class->block->function->block->block_content->decl_stmt->decl->init->expr->call->name,
2,82,rectangle_java2.jpg,rectangle_java2.jpg,1034592388,248,1073.3425806451612,704.7180645161291,1077.5,694,9,21,),1,class->block->function->block->block_content->expr_stmt->expr->call->argument_list,
2,82,rectangle_java2.jpg,rectangle_java2.jpg,1036236229,352,938.5506818181818,687.6303409090909,932.5,694,100,21,rect1.area,10,class->block->function->block->block_content->expr_stmt->expr->call->argument_list->argument->expr->call->name->name->operator->name,
2,82,rectangle_java2.jpg,rectangle_java2.jpg,1036316208,76,941.7168421052633,688.6042105263158,932.5,694,100,21,rect1.area,10,class->block->function->block->block_content->expr_stmt->expr->call->argument_list->argument->expr->call->name->name->operator->name,
2,82,rectangle_java2.jpg,rectangle_java2.jpg,1036516205,180,939.0073333333332,558.1064444444445,900.5,549,63,21,return,6,class->block->function->block->block_content->return,
2,82,rectangle_java2.jpg,rectangle_java2.jpg,1036772177,80,803.4325,413.03649999999993,806.5,404,15,19,=,1,class->block->constructor->block->block_content->expr_stmt->expr->operator,
2,82,rectangle_java2.jpg,rectangle_java2.jpg,1036912213,136,793.890294117647,407.9311764705882,730.5,404,71,19,this.x2,7,class->block->constructor->block->block_content->expr_stmt->expr->name->name->operator->name,
2,82,rectangle_java2.jpg,rectangle_java2.jpg,1037136143,208,807.5588461538462,294.0823076923077,737.5,295,91,21,Rectangle,9,class->block->constructor->name,
2,82,rectangle_java2.jpg,rectangle_java2.jpg,1037244124,104,810.7853846153846,283.335,737.5,295,91,21,Rectangle,9,class->block->constructor->name,
2,82,rectangle_java2.jpg,rectangle_java2.jpg,1037452086,60,794.7793333333333,261.388,785.5,259,23,21,x1,2,class->block->decl_stmt->decl->name,
2,82,rectangle_java2.jpg,rectangle_java2.jpg,1037612098,156,793.6825641025641,277.42820512820515,785.5,259,23,21,x1,2,class->block->decl_stmt->decl->name,
2,82,rectangle_java2.jpg,rectangle_java2.jpg,1037820120,168,750.1495238095238,294.7754761904762,737.5,295,91,21,Rectangle,9,class->block->constructor->name,
2,82,rectangle_java2.jpg,rectangle_java2.jpg,1038100084,248,866.1987096774194,277.58596774193546,863.5,259,10,21,"""","""",1,class->block->decl_stmt
2,82,rectangle_java2.jpg,rectangle_java2.jpg,1038204085,72,923.1483333333332,298.7927777777778,921.5,295,9,21,"""","""",1,class->block->constructor->parameter_list
2,82,rectangle_java2.jpg,rectangle_java2.jpg,1038304124,96,920.325,290.75666666666666,921.5,295,9,21,"""","""",1,class->block->constructor->parameter_list
2,82,rectangle_java2.jpg,rectangle_java2.jpg,1038444130,128,745.5934375,277.5709375,747.5,259,33,21,int,3,class->block->decl_stmt->decl->type->name,
2,82,rectangle_java2.jpg,rectangle_java2.jpg,1038540123,92,744.3482608695653,279.12260869565216,747.5,259,33,21,int,3,class->block->decl_stmt->decl->type->name,
2,82,rectangle_java2.jpg,rectangle_java2.jpg,1038600117,56,790.0685714285714,292.88928571428573,737.5,295,91,21,Rectangle,9,class->block->constructor->name,
2,82,rectangle_java2.jpg,rectangle_java2.jpg,1038660101,56,800.8928571428571,293.02,737.5,295,91,21,Rectangle,9,class->block->constructor->name,
2,82,rectangle_java2.jpg,rectangle_java2.jpg,1038943941,84,804.1109523809524,283.67571428571426,737.5,295,91,21,Rectangle,9,class->block->constructor->name,
2,82,rectangle_java2.jpg,rectangle_java2.jpg,1039143990,196,804.4514285714286,271.4628571428572,785.5,259,23,21,x1,2,class->block->decl_stmt->decl->name,
2,82,rectangle_java2.jpg,rectangle_java2.jpg,1039143990,196,804.4514285714286,271.4628571428572,815.5,259,10,21,"""","""",1,class->block->decl_stmt
2,82,rectangle_java2.jpg,rectangle_java2.jpg,1039563960,388,907.6563917525772,286.6175257731959,890.5,295,24,21,x1,2,class->block->constructor->parameter_list->parameter->decl->type->name,
2,82,rectangle_java2.jpg,rectangle_java2.jpg,1039815982,240,1005.3911666666668,293.76416666666665,1007.5,295,10,21,"""","""",1,class->block->constructor->parameter_list
2,82,rectangle_java2.jpg,rectangle_java2.jpg,1039907882,64,834.34,342.393125,826.5,331,23,19,x1,2,class->block->constructor->block->block_content->expr_stmt->expr->name->name,
2,82,rectangle_java2.jpg,rectangle_java2.jpg,1040175886,96,845.2454166666666,647.2408333333333,826.5,658,52,20,rect1,5,class->block->function->block->block_content->decl_stmt->decl->name,
2,82,rectangle_java2.jpg,rectangle_java2.jpg,1040247956,68,840.8088235294117,646.0070588235294,826.5,658,52,20,rect1,5,class->block->function->block->block_content->decl_stmt->decl->name,
2,82,rectangle_java2.jpg,rectangle_java2.jpg,1040459955,168,850.5842857142857,749.967619047619,826.5,731,51,20,rect2,5,class->block->function->block->block_content->decl_stmt->decl->name,
2,82,rectangle_java2.jpg,rectangle_java2.jpg,1040675840,164,913.5043902439024,774.9034146341463,916.5,766,9,21,(,1,class->block->function->block->block_content->expr_stmt->expr->call->argument_list,
2,82,rectangle_java2.jpg,rectangle_java2.jpg,1040843692,164,912.3265853658536,761.800975609756,916.5,766,9,21,(,1,class->block->function->block->block_content->expr_stmt->expr->call->argument_list,
2,82,rectangle_java2.jpg,rectangle_java2.jpg,1041011803,144,828.5633333333334,764.9463888888889,730.5,766,177,21,System.out.println,18,class->block->function->block->block_content->expr_stmt->expr->call->name->name->operator->name->operator->name,
2,82,rectangle_java2.jpg,rectangle_java2.jpg,1041255841,208,955.9101923076925,762.1376923076923,932.5,766,100,21,rect2.area,10,class->block->function->block->block_content->expr_stmt->expr->call->argument_list->argument->expr->call->name->name->operator->name,
2,82,rectangle_java2.jpg,rectangle_java2.jpg,1041503855,204,901.8503921568628,749.8811764705882,902.5,731,34,20,new,3,class->block->function->block->block_content->decl_stmt->decl->init->expr->operator,
2,82,rectangle_java2.jpg,rectangle_java2.jpg,1041571857,56,921.3407142857144,564.6842857142857,900.5,549,63,21,return,6,class->block->function->block->block_content->return,
2,82,rectangle_java2.jpg,rectangle_java2.jpg,1041671862,96,919.3191666666668,557.09875,900.5,549,63,21,return,6,class->block->function->block->block_content->return,
2,82,rectangle_java2.jpg,rectangle_java2.jpg,1042083837,164,842.3434146341464,266.6358536585366,833.5,259,23,21,y1,2,class->block->decl_stmt->decl->name,
2,82,rectangle_java2.jpg,rectangle_java2.jpg,1042167821,80,845.0115,289.2325,837.5,295,9,21,(,1,class->block->constructor->parameter_list,
2,82,rectangle_java2.jpg,rectangle_java2.jpg,1042167821,80,845.0115,289.2325,853.5,295,32,21,int,3,class->block->constructor->parameter_list->parameter->decl->type->name,
2,82,rectangle_java2.jpg,rectangle_java2.jpg,1042407820,188,910.1074468085106,502.4721276595744,891.5,512,62,21,return,6,class->block->function->block->block_content->return->expr->name->name,
2,82,rectangle_java2.jpg,rectangle_java2.jpg,1042635663,188,844.258085106383,526.9734042553191,837.5,512,9,21,(,1,class->block->function->parameter_list,
2,82,rectangle_java2.jpg,rectangle_java2.jpg,1042635663,188,844.258085106383,526.9734042553191,854.5,512,9,21,),1,class->block->function->parameter_list,
2,82,rectangle_java2.jpg,rectangle_java2.jpg,1042823654,156,874.4179487179487,564.3207692307692,883.5,549,10,21,{,1,class->block->function->block,
2,82,rectangle_java2.jpg,rectangle_java2.jpg,1043703690,72,1045.3372222222222,574.5133333333333,977.5,585,101,21,this.width,10,class->block->function->block->block_content->return->expr->call->name->name->operator->name,
2,82,rectangle_java2.jpg,rectangle_java2.jpg,1043819695,112,1036.8264285714286,567.2407142857143,968.5,549,70,21,this.y2,7,class->block->function->block->block_content->return->expr->name->name->operator->name,
2,82,rectangle_java2.jpg,rectangle_java2.jpg,1043819695,112,1036.8264285714286,567.2407142857143,1045.5,549,13,21,-,1,class->block->function->block->block_content->return->expr->operator,
2,82,rectangle_java2.jpg,rectangle_java2.jpg,1043903701,80,1043.1815,577.684,977.5,585,101,21,this.width,10,class->block->function->block->block_content->return->expr->call->name->name->operator->name,
2,82,rectangle_java2.jpg,rectangle_java2.jpg,1044507367,136,1140.469411764706,584.4420588235295,1140.5,585,110,21,this.height,11,class->block->function->block->block_content->return->expr->call->name->name->operator->name,
2,82,rectangle_java2.jpg,rectangle_java2.jpg,1044719533,208,1119.5242307692308,574.5790384615385,1122.5,585,12,21,*,1,class->block->function->block->block_content->return->expr->operator,
2,82,rectangle_java2.jpg,rectangle_java2.jpg,1044807555,84,1170.515238095238,585.5914285714285,1140.5,585,110,21,this.height,11,class->block->function->block->block_content->return->expr->call->name->name->operator->name,
2,82,rectangle_java2.jpg,rectangle_java2.jpg,1045087591,276,1177.2694202898551,581.6849275362318,1140.5,585,110,21,this.height,11,class->block->function->block->block_content->return->expr->call->name->name->operator->name,
2,82,rectangle_java2.jpg,rectangle_java2.jpg,1045147608,56,1175.2685714285717,589.3714285714286,1140.5,585,110,21,this.height,11,class->block->function->block->block_content->return->expr->call->name->name->operator->name,
2,82,rectangle_java2.jpg,rectangle_java2.jpg,1045315689,68,859.364705882353,267.35058823529414,863.5,259,10,21,"""","""",1,class->block->decl_stmt
2,82,rectangle_java2.jpg,rectangle_java2.jpg,1045451698,132,853.21,256.08484848484846,833.5,259,23,21,y1,2,class->block->decl_stmt->decl->name,
2,82,rectangle_java2.jpg,rectangle_java2.jpg,1045451698,132,853.21,256.08484848484846,863.5,259,10,21,"""","""",1,class->block->decl_stmt
2,82,rectangle_java2.jpg,rectangle_java2.jpg,1045699570,220,808.7412727272728,230.11236363636365,813.5,222,10,21,{,1,class->block,
2,82,rectangle_java2.jpg,rectangle_java2.jpg,1045939592,236,775.2574576271187,230.79186440677967,715.5,222,90,21,Rectangle,9,class->name,
2,82,rectangle_java2.jpg,rectangle_java2.jpg,1046151598,148,1038.2370270270271,546.7451351351351,968.5,549,70,21,this.y2,7,class->block->function->block->block_content->return->expr->name->name->operator->name,
2,82,rectangle_java2.jpg,rectangle_java2.jpg,1046151598,148,1038.2370270270271,546.7451351351351,1045.5,549,13,21,-,1,class->block->function->block->block_content->return->expr->operator,
2,82,rectangle_java2.jpg,rectangle_java2.jpg,1046291562,92,936.1078260869564,622.518695652174,920.5,621,62,21,String,6,class->block->function->parameter_list->parameter->decl->type->name->name,
2,82,rectangle_java2.jpg,rectangle_java2.jpg,1046487470,156,865.4894871794872,603.9966666666667,856.5,585,9,21,(,1,class->block->function->parameter_list,
2,82,rectangle_java2.jpg,rectangle_java2.jpg,1046487470,156,865.4894871794872,603.9966666666667,873.5,585,9,21,),1,class->block->function->parameter_list,
2,82,rectangle_java2.jpg,rectangle_java2.jpg,1046627458,76,968.3684210526316,602.0573684210526,910.5,585,62,21,return,6,class->block->function->block->block_content->return,
2,82,rectangle_java2.jpg,rectangle_java2.jpg,1046627458,76,968.3684210526316,602.0573684210526,977.5,585,101,21,this.width,10,class->block->function->block->block_content->return->expr->call->name->name->operator->name,
2,82,rectangle_java2.jpg,rectangle_java2.jpg,1046975484,316,1066.0320253164557,613.9567088607595,1025.5,621,42,21,args,4,class->block->function->parameter_list->parameter->decl->name,
2,82,rectangle_java2.jpg,rectangle_java2.jpg,1046975484,316,1066.0320253164557,613.9567088607595,1074.5,621,10,21,),1,class->block->function->parameter_list,
2,82,rectangle_java2.jpg,rectangle_java2.jpg,1047047474,68,1100.5735294117646,617.8023529411764,1094.5,621,10,21,{,1,class->block->function->block,
2,82,rectangle_java2.jpg,rectangle_java2.jpg,1047355401,124,1104.8196774193548,590.8154838709678,1103.5,585,9,21,),1,class->block->function->block->block_content->return->expr->call->argument_list,
2,82,rectangle_java2.jpg,rectangle_java2.jpg,1047551420,108,1052.1788888888889,608.5333333333333,1025.5,621,42,21,args,4,class->block->function->parameter_list->parameter->decl->name,
2,82,rectangle_java2.jpg,rectangle_java2.jpg,1047667431,112,1053.3632142857143,611.7682142857143,1025.5,621,42,21,args,4,class->block->function->parameter_list->parameter->decl->name,
2,82,rectangle_java2.jpg,rectangle_java2.jpg,1047823432,152,1052.397894736842,605.6276315789473,977.5,585,101,21,this.width,10,class->block->function->block->block_content->return->expr->call->name->name->operator->name,
2,82,rectangle_java2.jpg,rectangle_java2.jpg,1048183383,152,1175.052894736842,677.5363157894736,1182.5,658,22,20,10,2,class->block->function->block->block_content->decl_stmt->decl->init->expr->call->argument_list->argument->expr->literal,
2,82,rectangle_java2.jpg,rectangle_java2.jpg,1048467298,156,828.4215384615385,639.5551282051282,804.5,621,44,21,void,4,class->block->function->type->name,
2,82,rectangle_java2.jpg,rectangle_java2.jpg,1048547303,76,824.4736842105264,641.2926315789474,804.5,621,44,21,void,4,class->block->function->type->name,
2,82,rectangle_java2.jpg,rectangle_java2.jpg,1048851270,76,876.4352631578947,657.6984210526316,826.5,658,52,20,rect1,5,class->block->function->block->block_content->decl_stmt->decl->name,
2,82,rectangle_java2.jpg,rectangle_java2.jpg,1048851270,76,876.4352631578947,657.6984210526316,883.5,658,15,20,=,1,class->block->function->block->block_content->decl_stmt->decl->init,
2,82,rectangle_java2.jpg,rectangle_java2.jpg,1049151330,284,964.1164788732394,687.0085915492957,932.5,694,100,21,rect1.area,10,class->block->function->block->block_content->expr_stmt->expr->call->argument_list->argument->expr->call->name->name->operator->name,
2,82,rectangle_java2.jpg,rectangle_java2.jpg,1049291331,136,900.9417647058824,691.089705882353,730.5,694,177,21,System.out.println,18,class->block->function->block->block_content->expr_stmt->expr->call->name->name->operator->name->operator->name,
2,82,rectangle_java2.jpg,rectangle_java2.jpg,1049399326,104,909.5688461538462,690.9719230769231,916.5,694,9,21,(,1,class->block->function->block->block_content->expr_stmt->expr->call->argument_list,
2,82,rectangle_java2.jpg,rectangle_java2.jpg,1049551336,100,1036.8324,693.24,1041.5,694,9,21,(,1,class->block->function->block->block_content->expr_stmt->expr->call->argument_list->argument->expr->call->argument_list,
2,82,rectangle_java2.jpg,rectangle_java2.jpg,1049651332,96,1029.03,689.3520833333333,932.5,694,100,21,rect1.area,10,class->block->function->block->block_content->expr_stmt->expr->call->argument_list->argument->expr->call->name->name->operator->name,
2,82,rectangle_java2.jpg,rectangle_java2.jpg,1049651332,96,1029.03,689.3520833333333,1041.5,694,9,21,(,1,class->block->function->block->block_content->expr_stmt->expr->call->argument_list->argument->expr->call->argument_list,
2,82,rectangle_java2.jpg,rectangle_java2.jpg,1050363101,196,816.9995918367347,756.4865306122449,730.5,766,177,21,System.out.println,18,class->block->function->block->block_content->expr_stmt->expr->call->name->name->operator->name->operator->name,
2,82,rectangle_java2.jpg,rectangle_java2.jpg,1050427134,60,913.4453333333332,758.8126666666667,916.5,766,9,21,(,1,class->block->function->block->block_content->expr_stmt->expr->call->argument_list,
2,82,rectangle_java2.jpg,rectangle_java2.jpg,1050631170,200,915.6984,754.884,916.5,766,9,21,(,1,class->block->function->block->block_content->expr_stmt->expr->call->argument_list,
2,82,rectangle_java2.jpg,rectangle_java2.jpg,1054718890,72,1020.7116666666668,291.7738888888889,1025.5,295,33,21,int,3,class->block->constructor->parameter_list->parameter->decl->type->name,
2,82,rectangle_java2.jpg,rectangle_java2.jpg,1055006914,268,1081.6144776119404,293.37462686567164,1063.5,295,23,21,x2,2,class->block->constructor->parameter_list->parameter->decl->type->name,
2,82,rectangle_java2.jpg,rectangle_java2.jpg,1055130915,120,1086.9076666666667,310.4753333333333,1094.5,295,9,21,"""","""",1,class->block->constructor->parameter_list
2,82,rectangle_java2.jpg,rectangle_java2.jpg,1055330864,124,773.1683870967742,291.0567741935484,737.5,295,91,21,Rectangle,9,class->block->constructor->name,
2,82,rectangle_java2.jpg,rectangle_java2.jpg,1055570889,204,824.9280392156862,290.0113725490196,737.5,295,91,21,Rectangle,9,class->block->constructor->name,
2,82,rectangle_java2.jpg,rectangle_java2.jpg,1055718870,124,1104.701612903226,301.7958064516129,1112.5,295,33,21,int,3,class->block->constructor->parameter_list->parameter->decl->type->name,
2,82,rectangle_java2.jpg,rectangle_java2.jpg,1056990871,216,1100.2283333333332,302.44314814814817,1094.5,295,9,21,"""","""",1,class->block->constructor->parameter_list
2,82,rectangle_java2.jpg,rectangle_java2.jpg,1056990871,216,1100.2283333333332,302.44314814814817,1112.5,295,33,21,int,3,class->block->constructor->parameter_list->parameter->decl->type->name,
2,82,rectangle_java2.jpg,rectangle_java2.jpg,1057082953,88,1111.432727272727,305.0922727272728,1112.5,295,33,21,int,3,class->block->constructor->parameter_list->parameter->decl->type->name,
2,82,rectangle_java2.jpg,rectangle_java2.jpg,1057162987,76,1123.67,294.0578947368421,1112.5,295,33,21,int,3,class->block->constructor->parameter_list->parameter->decl->type->name,
2,82,rectangle_java2.jpg,rectangle_java2.jpg,1057454782,288,1113.6354166666667,298.9552777777778,1112.5,295,33,21,int,3,class->block->constructor->parameter_list->parameter->decl->type->name,
2,82,rectangle_java2.jpg,rectangle_java2.jpg,1060730468,84,925.8190476190476,765.0109523809524,932.5,766,100,21,rect2.area,10,class->block->function->block->block_content->expr_stmt->expr->call->argument_list->argument->expr->call->name->name->operator->name,
2,82,rectangle_java2.jpg,rectangle_java2.jpg,1060990453,88,1038.7404545454544,592.4322727272727,977.5,585,101,21,this.width,10,class->block->function->block->block_content->return->expr->call->name->name->operator->name,
2,82,rectangle_java2.jpg,rectangle_java2.jpg,1061106461,112,1036.2532142857142,589.3282142857142,977.5,585,101,21,this.width,10,class->block->function->block->block_content->return->expr->call->name->name->operator->name,
2,82,rectangle_java2.jpg,rectangle_java2.jpg,1061502239,72,1119.8916666666669,666.0711111111111,1115.5,658,10,20,"""","""",1,class->block->function->block->block_content->decl_stmt->decl->init->expr->call->argument_list
2,82,rectangle_java2.jpg,rectangle_java2.jpg,1061638345,100,1099.8884,628.9412,1094.5,621,10,21,{,1,class->block->function->block,
2,82,rectangle_java2.jpg,rectangle_java2.jpg,1061790391,148,1091.0143243243244,631.1991891891892,1094.5,621,10,21,{,1,class->block->function->block,
2,82,rectangle_java2.jpg,rectangle_java2.jpg,1061938382,120,1069.4116666666666,696.1183333333333,1077.5,694,9,21,),1,class->block->function->block->block_content->expr_stmt->expr->call->argument_list,
2,82,rectangle_java2.jpg,rectangle_java2.jpg,1062002383,60,1073.0793333333334,703.5446666666667,1077.5,694,9,21,),1,class->block->function->block->block_content->expr_stmt->expr->call->argument_list,
2,82,rectangle_java2.jpg,rectangle_java2.jpg,1062862339,188,1075.2625531914894,698.0110638297872,1077.5,694,9,21,),1,class->block->function->block->block_content->expr_stmt->expr->call->argument_list,
2,82,rectangle_java2.jpg,rectangle_java2.jpg,1063002332,108,900.9125925925924,692.6288888888889,730.5,694,177,21,System.out.println,18,class->block->function->block->block_content->expr_stmt->expr->call->name->name->operator->name->operator->name,
2,82,rectangle_java2.jpg,rectangle_java2.jpg,1063166358,160,901.27625,692.96975,730.5,694,177,21,System.out.println,18,class->block->function->block->block_content->expr_stmt->expr->call->name->name->operator->name->operator->name,
2,82,rectangle_java2.jpg,rectangle_java2.jpg,1063502323,180,859.0124444444444,695.3284444444445,730.5,694,177,21,System.out.println,18,class->block->function->block->block_content->expr_stmt->expr->call->name->name->operator->name->operator->name,
2,82,rectangle_java2.jpg,rectangle_java2.jpg,1063726243,184,933.7171739130434,690.01,932.5,694,100,21,rect1.area,10,class->block->function->block->block_content->expr_stmt->expr->call->argument_list->argument->expr->call->name->name->operator->name,
2,82,rectangle_java2.jpg,rectangle_java2.jpg,1063826259,68,993.3682352941177,694.4194117647058,932.5,694,100,21,rect1.area,10,class->block->function->block->block_content->expr_stmt->expr->call->argument_list->argument->expr->call->name->name->operator->name,
2,82,rectangle_java2.jpg,rectangle_java2.jpg,1063890270,60,998.3586666666666,708.4013333333334,932.5,694,100,21,rect1.area,10,class->block->function->block->block_content->expr_stmt->expr->call->argument_list->argument->expr->call->name->name->operator->name,
2,82,rectangle_java2.jpg,rectangle_java2.jpg,1064130278,180,1082.3095555555556,695.8586666666666,1077.5,694,9,21,),1,class->block->function->block->block_content->expr_stmt->expr->call->argument_list,
2,82,rectangle_java2.jpg,rectangle_java2.jpg,1064962297,252,914.8274603174603,247.97190476190477,911.5,259,10,21,"""","""",1,class->block->decl_stmt
2,82,rectangle_java2.jpg,rectangle_java2.jpg,1065878175,100,906.5796,250.536,911.5,259,10,21,"""","""",1,class->block->decl_stmt
2,82,rectangle_java2.jpg,rectangle_java2.jpg,1065946187,64,906.566875,257.4025,911.5,259,10,21,"""","""",1,class->block->decl_stmt
2,82,rectangle_java2.jpg,rectangle_java2.jpg,1066034164,76,788.9894736842106,236.85052631578947,715.5,222,90,21,Rectangle,9,class->name,
2,82,rectangle_java2.jpg,rectangle_java2.jpg,1066138141,100,784.8212,240.9904,715.5,222,90,21,Rectangle,9,class->name,
2,82,rectangle_java2.jpg,rectangle_java2.jpg,1066310075,116,1207.5689655172414,654.6524137931035,1211.5,658,9,20,),1,class->block->function->block->block_content->decl_stmt->decl->init->expr->call->argument_list,
2,82,rectangle_java2.jpg,rectangle_java2.jpg,1066734125,72,1097.158888888889,605.0505555555555,1103.5,585,9,21,),1,class->block->function->block->block_content->return->expr->call->argument_list,
2,82,rectangle_java2.jpg,rectangle_java2.jpg,1067093825,88,1024.216818181818,573.7131818181819,977.5,585,101,21,this.width,10,class->block->function->block->block_content->return->expr->call->name->name->operator->name,
2,82,rectangle_java2.jpg,rectangle_java2.jpg,1067349994,188,965.6517021276596,519.1512765957447,958.5,512,71,21,this.x2,7,class->block->function->block->block_content->return->expr->name->name->operator->name->operator,
2,82,rectangle_java2.jpg,rectangle_java2.jpg,1067422046,60,813.7333333333333,508.2126666666667,775.5,512,53,21,width,5,class->block->function->name,
2,82,rectangle_java2.jpg,rectangle_java2.jpg,1067586061,160,812.29575,509.087,775.5,512,53,21,width,5,class->block->function->name,
2,82,rectangle_java2.jpg,rectangle_java2.jpg,1067646018,56,852.4907142857143,508.2207142857143,854.5,512,9,21,),1,class->block->function->parameter_list,
2,82,rectangle_java2.jpg,rectangle_java2.jpg,1067853982,204,861.6390196078431,516.7160784313726,854.5,512,9,21,),1,class->block->function->parameter_list,
2,82,rectangle_java2.jpg,rectangle_java2.jpg,1067941989,84,969.5761904761904,518.3580952380952,958.5,512,71,21,this.x2,7,class->block->function->block->block_content->return->expr->name->name->operator->name->operator,
2,82,rectangle_java2.jpg,rectangle_java2.jpg,1068066004,120,964.315,520.1703333333334,958.5,512,71,21,this.x2,7,class->block->function->block->block_content->return->expr->name->name->operator->name->operator,
2,82,rectangle_java2.jpg,rectangle_java2.jpg,1068270000,124,1173.624193548387,675.9796774193549,1182.5,658,22,20,10,2,class->block->function->block->block_content->decl_stmt->decl->init->expr->call->argument_list->argument->expr->literal,
2,82,rectangle_java2.jpg,rectangle_java2.jpg,1068777997,180,1084.5466666666666,677.8931111111111,1077.5,658,9,20,"""","""",1,class->block->function->block->block_content->decl_stmt->decl->init->expr->call->argument_list
2,82,rectangle_java2.jpg,rectangle_java2.jpg,1068777997,180,1084.5466666666666,677.8931111111111,1095.5,658,13,20,0,1,class->block->function->block->block_content->decl_stmt->decl->init->expr->call->argument_list->argument->expr->literal,
2,82,rectangle_java2.jpg,rectangle_java2.jpg,1069333847,88,924.3268181818182,685.9122727272727,916.5,694,9,21,(,1,class->block->function->block->block_content->expr_stmt->expr->call->argument_list,
2,82,rectangle_java2.jpg,rectangle_java2.jpg,1069333847,88,924.3268181818182,685.9122727272727,932.5,694,100,21,rect1.area,10,class->block->function->block->block_content->expr_stmt->expr->call->argument_list->argument->expr->call->name->name->operator->name,
2,82,rectangle_java2.jpg,rectangle_java2.jpg,1069525847,188,912.7363829787234,677.9470212765957,902.5,658,34,20,new,3,class->block->function->block->block_content->decl_stmt->decl->init->expr->operator,
2,82,rectangle_java2.jpg,rectangle_java2.jpg,1069681855,124,978.6509677419356,695.1529032258064,932.5,694,100,21,rect1.area,10,class->block->function->block->block_content->expr_stmt->expr->call->argument_list->argument->expr->call->name->name->operator->name,
2,82,rectangle_java2.jpg,rectangle_java2.jpg,1070350020,156,1164.1941025641026,585.974358974359,1140.5,585,110,21,this.height,11,class->block->function->block->block_content->return->expr->call->name->name->operator->name,
2,82,rectangle_java2.jpg,rectangle_java2.jpg,1070458093,104,1169.5623076923075,587.2896153846154,1140.5,585,110,21,this.height,11,class->block->function->block->block_content->return->expr->call->name->name->operator->name,
2,82,rectangle_java2.jpg,rectangle_java2.jpg,1070637968,144,1055.0427777777777,578.3430555555556,977.5,585,101,21,this.width,10,class->block->function->block->block_content->return->expr->call->name->name->operator->name,
