trial,participant,code_file,code_language,timestamp,duration,x_cord,y_cord,aoi_x,aoi_y,aoi_width,aoi_height,token,length,srcML
2,121,rectangle_java2.jpg,rectangle_java2.jpg,3342231004,176,947.2752272727272,298.4431818181818,939.5,295,33,21,int,3,class->block->constructor->parameter_list->parameter->decl->type->name
2,121,rectangle_java2.jpg,rectangle_java2.jpg,3342291024,56,951.1992857142856,287.6857142857143,939.5,295,33,21,int,3,class->block->constructor->parameter_list->parameter->decl->type->name
2,121,rectangle_java2.jpg,rectangle_java2.jpg,3342419066,68,817.5329411764706,226.05117647058825,813.5,222,10,21,{,1,class->block
2,121,rectangle_java2.jpg,rectangle_java2.jpg,3344342885,212,795.5384905660377,215.4977358490566,715.5,222,90,21,Rectangle,9,class->name
2,121,rectangle_java2.jpg,rectangle_java2.jpg,3344542847,116,789.0010344827587,272.20724137931035,785.5,259,23,21,x1,2,class->block->decl_stmt->decl->name
2,121,rectangle_java2.jpg,rectangle_java2.jpg,3344690860,112,813.7310714285715,297.13178571428574,737.5,295,91,21,Rectangle,9,class->block->constructor->name
2,121,rectangle_java2.jpg,rectangle_java2.jpg,3344794849,100,808.2116,308.1496,737.5,295,91,21,Rectangle,9,class->block->constructor->name
2,121,rectangle_java2.jpg,rectangle_java2.jpg,3349486482,188,825.3768085106383,525.0591489361702,775.5,512,53,21,width,5,class->block->function->name
2,121,rectangle_java2.jpg,rectangle_java2.jpg,3349486482,188,825.3768085106383,525.0591489361702,837.5,512,9,21,(,1,class->block->function->parameter_list
2,121,rectangle_java2.jpg,rectangle_java2.jpg,3349694467,204,849.7737254901961,528.3796078431373,854.5,512,9,21,),1,class->block->function->parameter_list
2,121,rectangle_java2.jpg,rectangle_java2.jpg,3349806441,108,846.7233333333334,511.6803703703704,854.5,512,9,21,),1,class->block->function->parameter_list
2,121,rectangle_java2.jpg,rectangle_java2.jpg,3350006431,196,851.5285714285715,516.8420408163265,854.5,512,9,21,),1,class->block->function->parameter_list
2,121,rectangle_java2.jpg,rectangle_java2.jpg,3350286448,156,863.73,509.9802564102564,874.5,512,10,21,{,1,class->block->function->block
2,121,rectangle_java2.jpg,rectangle_java2.jpg,3350422483,132,867.9939393939394,507.10242424242426,874.5,512,10,21,{,1,class->block->function->block
2,121,rectangle_java2.jpg,rectangle_java2.jpg,3350586435,148,967.9127027027027,510.607027027027,958.5,512,71,21,this.x2,7,class->block->function->block->block_content->return->expr->name->name->operator->name->operator
2,121,rectangle_java2.jpg,rectangle_java2.jpg,3350938451,128,981.01125,505.9175,958.5,512,71,21,this.x2,7,class->block->function->block->block_content->return->expr->name->name->operator->name->operator
2,121,rectangle_java2.jpg,rectangle_java2.jpg,3351114392,68,886.9517647058824,523.1035294117647,891.5,512,62,21,return,6,class->block->function->block->block_content->return->expr->name->name
2,121,rectangle_java2.jpg,rectangle_java2.jpg,3351274315,156,889.534358974359,538.6417948717949,883.5,549,10,21,{,1,class->block->function->block
2,121,rectangle_java2.jpg,rectangle_java2.jpg,3351274315,156,889.534358974359,538.6417948717949,900.5,549,63,21,return,6,class->block->function->block->block_content->return
2,121,rectangle_java2.jpg,rectangle_java2.jpg,3351502312,224,904.7328571428573,542.1158928571429,900.5,549,63,21,return,6,class->block->function->block->block_content->return
2,121,rectangle_java2.jpg,rectangle_java2.jpg,3351582321,56,1045.267857142857,546.2978571428572,1045.5,549,13,21,-,1,class->block->function->block->block_content->return->expr->operator
2,121,rectangle_java2.jpg,rectangle_java2.jpg,3351766198,136,1148.2885294117648,548.0758823529412,1142.5,549,10,21,;,1,class->block->function->block->block_content->return
2,121,rectangle_java2.jpg,rectangle_java2.jpg,3351906209,136,1150.750882352941,541.5473529411764,1142.5,549,10,21,;,1,class->block->function->block->block_content->return
2,121,rectangle_java2.jpg,rectangle_java2.jpg,3351906209,136,1150.750882352941,541.5473529411764,1161.5,549,10,21,},1,class->block->function->block
2,121,rectangle_java2.jpg,rectangle_java2.jpg,3351994263,84,1166.5438095238096,538.2414285714286,1161.5,549,10,21,},1,class->block->function->block
2,121,rectangle_java2.jpg,rectangle_java2.jpg,3352074280,56,983.95,532.2264285714285,958.5,512,71,21,this.x2,7,class->block->function->block->block_content->return->expr->name->name->operator->name->operator
2,121,rectangle_java2.jpg,rectangle_java2.jpg,3352214279,136,972.9852941176472,527.2570588235294,958.5,512,71,21,this.x2,7,class->block->function->block->block_content->return->expr->name->name->operator->name->operator
2,121,rectangle_java2.jpg,rectangle_java2.jpg,3352282292,64,976.265,510.098125,958.5,512,71,21,this.x2,7,class->block->function->block->block_content->return->expr->name->name->operator->name->operator
2,121,rectangle_java2.jpg,rectangle_java2.jpg,3352402317,100,874.0332,526.9772,874.5,512,10,21,{,1,class->block->function->block
2,121,rectangle_java2.jpg,rectangle_java2.jpg,3352654396,84,860.4204761904762,328.74142857142857,856.5,331,10,19,;,1,class->block->constructor->block->block_content->expr_stmt
2,121,rectangle_java2.jpg,rectangle_java2.jpg,3352782332,124,866.2283870967742,314.91806451612905,853.5,295,32,21,int,3,class->block->constructor->parameter_list->parameter->decl->type->name
2,121,rectangle_java2.jpg,rectangle_java2.jpg,3353374187,204,885.3401960784314,545.9484313725491,883.5,549,10,21,{,1,class->block->function->block
2,121,rectangle_java2.jpg,rectangle_java2.jpg,3353490208,80,916.8455,574.36,910.5,585,62,21,return,6,class->block->function->block->block_content->return
2,121,rectangle_java2.jpg,rectangle_java2.jpg,3353782170,72,956.0166666666668,580.2766666666666,910.5,585,62,21,return,6,class->block->function->block->block_content->return
2,121,rectangle_java2.jpg,rectangle_java2.jpg,3353914166,60,1059.764,588.4846666666666,977.5,585,101,21,this.width,10,class->block->function->block->block_content->return->expr->call->name->name->operator->name
2,121,rectangle_java2.jpg,rectangle_java2.jpg,3354046177,128,1061.011875,574.4265625,977.5,585,101,21,this.width,10,class->block->function->block->block_content->return->expr->call->name->name->operator->name
2,121,rectangle_java2.jpg,rectangle_java2.jpg,3354302206,252,1053.463650793651,568.1939682539683,1045.5,549,13,21,-,1,class->block->function->block->block_content->return->expr->operator
2,121,rectangle_java2.jpg,rectangle_java2.jpg,3354302206,252,1053.463650793651,568.1939682539683,1064.5,549,71,21,this.y1,7,class->block->function->block->block_content->return->expr->name->name->operator->name
2,121,rectangle_java2.jpg,rectangle_java2.jpg,3354478220,120,818.7216666666667,618.5026666666666,804.5,621,44,21,void,4,class->block->function->type->name
2,121,rectangle_java2.jpg,rectangle_java2.jpg,3354590169,108,807.0111111111111,610.447037037037,804.5,621,44,21,void,4,class->block->function->type->name
2,121,rectangle_java2.jpg,rectangle_java2.jpg,3354706153,112,802.7057142857143,621.5221428571429,804.5,621,44,21,void,4,class->block->function->type->name
2,121,rectangle_java2.jpg,rectangle_java2.jpg,3354962050,160,892.129,626.54275,851.5,621,44,21,main,4,class->block->function->name
2,121,rectangle_java2.jpg,rectangle_java2.jpg,3354962050,160,892.129,626.54275,904.5,621,9,21,(,1,class->block->function->parameter_list
2,121,rectangle_java2.jpg,rectangle_java2.jpg,3355029989,64,894.35125,632.766875,851.5,621,44,21,main,4,class->block->function->name
2,121,rectangle_java2.jpg,rectangle_java2.jpg,3355029989,64,894.35125,632.766875,904.5,621,9,21,(,1,class->block->function->parameter_list
2,121,rectangle_java2.jpg,rectangle_java2.jpg,3355202027,140,935.0434285714284,621.3048571428571,920.5,621,62,21,String,6,class->block->function->parameter_list->parameter->decl->type->name->name
2,121,rectangle_java2.jpg,rectangle_java2.jpg,3355302047,76,1072.1142105263157,637.5752631578947,1074.5,621,10,21,),1,class->block->function->parameter_list
2,121,rectangle_java2.jpg,rectangle_java2.jpg,3355434042,128,1078.10375,630.844375,1074.5,621,10,21,),1,class->block->function->parameter_list
2,121,rectangle_java2.jpg,rectangle_java2.jpg,3355922035,232,1223.5572413793104,647.6441379310345,1231.5,658,10,20,;,1,class->block->function->block->block_content->decl_stmt
2,121,rectangle_java2.jpg,rectangle_java2.jpg,3356202074,88,1219.3854545454546,653.755,1211.5,658,9,20,),1,class->block->function->block->block_content->decl_stmt->decl->init->expr->call->argument_list
2,121,rectangle_java2.jpg,rectangle_java2.jpg,3356202074,88,1219.3854545454546,653.755,1231.5,658,10,20,;,1,class->block->function->block->block_content->decl_stmt
2,121,rectangle_java2.jpg,rectangle_java2.jpg,3356302063,96,1220.15625,655.2829166666667,1211.5,658,9,20,),1,class->block->function->block->block_content->decl_stmt->decl->init->expr->call->argument_list
2,121,rectangle_java2.jpg,rectangle_java2.jpg,3356302063,96,1220.15625,655.2829166666667,1231.5,658,10,20,;,1,class->block->function->block->block_content->decl_stmt
2,121,rectangle_java2.jpg,rectangle_java2.jpg,3356945746,112,802.2960714285714,222.38928571428573,715.5,222,90,21,Rectangle,9,class->name
2,121,rectangle_java2.jpg,rectangle_java2.jpg,3356945746,112,802.2960714285714,222.38928571428573,813.5,222,10,21,{,1,class->block
2,121,rectangle_java2.jpg,rectangle_java2.jpg,3357137864,88,824.9386363636364,314.9836363636364,737.5,295,91,21,Rectangle,9,class->block->constructor->name
2,121,rectangle_java2.jpg,rectangle_java2.jpg,3357414180,240,872.049,309.55033333333336,853.5,295,32,21,int,3,class->block->constructor->parameter_list->parameter->decl->type->name
2,121,rectangle_java2.jpg,rectangle_java2.jpg,3357613978,132,819.6666666666666,307.50242424242424,737.5,295,91,21,Rectangle,9,class->block->constructor->name
2,121,rectangle_java2.jpg,rectangle_java2.jpg,3357813996,172,846.4351162790698,339.3218604651163,826.5,331,23,19,x1,2,class->block->constructor->block->block_content->expr_stmt->expr->name->name
2,121,rectangle_java2.jpg,rectangle_java2.jpg,3357813996,172,846.4351162790698,339.3218604651163,856.5,331,10,19,;,1,class->block->constructor->block->block_content->expr_stmt
2,121,rectangle_java2.jpg,rectangle_java2.jpg,3362509469,120,1019.1203333333332,303.322,1025.5,295,33,21,int,3,class->block->constructor->parameter_list->parameter->decl->type->name
2,121,rectangle_java2.jpg,rectangle_java2.jpg,3362717403,120,865.8453333333333,344.855,856.5,331,10,19,;,1,class->block->constructor->block->block_content->expr_stmt
2,121,rectangle_java2.jpg,rectangle_java2.jpg,3362885599,164,863.1460975609756,346.73756097560977,856.5,331,10,19,;,1,class->block->constructor->block->block_content->expr_stmt
2,121,rectangle_java2.jpg,rectangle_java2.jpg,3363209526,208,830.0828846153846,369.9340384615385,826.5,367,23,21,y1,2,class->block->constructor->block->block_content->expr_stmt->expr->name->name
2,121,rectangle_java2.jpg,rectangle_java2.jpg,3363505542,260,851.6003076923076,434.2976923076924,856.5,440,10,21,;,1,class->block->constructor->block->block_content->expr_stmt
2,121,rectangle_java2.jpg,rectangle_java2.jpg,3363589577,80,855.9835,432.9359999999999,856.5,440,10,21,;,1,class->block->constructor->block->block_content->expr_stmt
2,121,rectangle_java2.jpg,rectangle_java2.jpg,3363761591,84,861.7680952380953,507.4114285714286,854.5,512,9,21,),1,class->block->function->parameter_list
2,121,rectangle_java2.jpg,rectangle_java2.jpg,3363825587,60,886.6193333333333,530.326,891.5,512,62,21,return,6,class->block->function->block->block_content->return->expr->name->name
2,121,rectangle_java2.jpg,rectangle_java2.jpg,3363977521,148,888.7835135135135,538.3305405405406,883.5,549,10,21,{,1,class->block->function->block
2,121,rectangle_java2.jpg,rectangle_java2.jpg,3363977521,148,888.7835135135135,538.3305405405406,900.5,549,63,21,return,6,class->block->function->block->block_content->return
2,121,rectangle_java2.jpg,rectangle_java2.jpg,3364081508,100,901.8544,553.6012,900.5,549,63,21,return,6,class->block->function->block->block_content->return
2,121,rectangle_java2.jpg,rectangle_java2.jpg,3364257550,120,902.816,568.2196666666666,900.5,549,63,21,return,6,class->block->function->block->block_content->return
2,121,rectangle_java2.jpg,rectangle_java2.jpg,3364337600,76,894.76,557.1447368421053,900.5,549,63,21,return,6,class->block->function->block->block_content->return
2,121,rectangle_java2.jpg,rectangle_java2.jpg,3364577830,116,905.4703448275862,560.2475862068966,900.5,549,63,21,return,6,class->block->function->block->block_content->return
2,121,rectangle_java2.jpg,rectangle_java2.jpg,3364645914,64,898.138125,555.5243750000001,900.5,549,63,21,return,6,class->block->function->block->block_content->return
2,121,rectangle_java2.jpg,rectangle_java2.jpg,3364841552,192,900.8979166666668,564.4914583333333,900.5,549,63,21,return,6,class->block->function->block->block_content->return
2,121,rectangle_java2.jpg,rectangle_java2.jpg,3364981450,116,1040.2168965517242,569.4624137931035,1045.5,549,13,21,-,1,class->block->function->block->block_content->return->expr->operator
2,121,rectangle_java2.jpg,rectangle_java2.jpg,3365061424,76,1041.8136842105264,561.6263157894737,1045.5,549,13,21,-,1,class->block->function->block->block_content->return->expr->operator
2,121,rectangle_java2.jpg,rectangle_java2.jpg,3365197440,64,1120.034375,563.985625,1064.5,549,71,21,this.y1,7,class->block->function->block->block_content->return->expr->name->name->operator->name
2,121,rectangle_java2.jpg,rectangle_java2.jpg,3365305443,104,1129.2207692307693,544.5411538461539,1064.5,549,71,21,this.y1,7,class->block->function->block->block_content->return->expr->name->name->operator->name
2,121,rectangle_java2.jpg,rectangle_java2.jpg,3365529462,72,1165.7416666666666,550.6344444444444,1161.5,549,10,21,},1,class->block->function->block
2,121,rectangle_java2.jpg,rectangle_java2.jpg,3365801415,148,954.4132432432432,572.6837837837837,910.5,585,62,21,return,6,class->block->function->block->block_content->return
2,121,rectangle_java2.jpg,rectangle_java2.jpg,3365921401,72,1027.2194444444444,580.8288888888889,977.5,585,101,21,this.width,10,class->block->function->block->block_content->return->expr->call->name->name->operator->name
2,121,rectangle_java2.jpg,rectangle_java2.jpg,3366025411,100,1024.1388,576.0244,977.5,585,101,21,this.width,10,class->block->function->block->block_content->return->expr->call->name->name->operator->name
2,121,rectangle_java2.jpg,rectangle_java2.jpg,3366129432,56,1086.561428571429,581.6257142857143,1086.5,585,10,21,(,1,class->block->function->block->block_content->return->expr->call->argument_list
2,121,rectangle_java2.jpg,rectangle_java2.jpg,3366277450,144,1089.5772222222222,585.4897222222222,1086.5,585,10,21,(,1,class->block->function->block->block_content->return->expr->call->argument_list
2,121,rectangle_java2.jpg,rectangle_java2.jpg,3366341393,60,1090.3093333333334,580.5566666666666,1086.5,585,10,21,(,1,class->block->function->block->block_content->return->expr->call->argument_list
2,121,rectangle_java2.jpg,rectangle_java2.jpg,3366413302,68,1099.2523529411765,649.6464705882353,1095.5,658,13,20,0,1,class->block->function->block->block_content->decl_stmt->decl->init->expr->call->argument_list->argument->expr->literal
2,121,rectangle_java2.jpg,rectangle_java2.jpg,3367509208,112,1041.018928571429,624.7985714285714,1025.5,621,42,21,args,4,class->block->function->parameter_list->parameter->decl->name
2,121,rectangle_java2.jpg,rectangle_java2.jpg,3367769281,112,873.9817857142857,618.5739285714286,851.5,621,44,21,main,4,class->block->function->name
2,121,rectangle_java2.jpg,rectangle_java2.jpg,3367841292,68,878.0129411764706,619.0541176470589,851.5,621,44,21,main,4,class->block->function->name
2,121,rectangle_java2.jpg,rectangle_java2.jpg,3368093281,120,903.056,712.1776666666667,730.5,694,177,21,System.out.println,18,class->block->function->block->block_content->expr_stmt->expr->call->name->name->operator->name->operator->name
2,121,rectangle_java2.jpg,rectangle_java2.jpg,3368221283,124,903.9790322580644,721.8,902.5,731,34,20,new,3,class->block->function->block->block_content->decl_stmt->decl->init->expr->operator
2,121,rectangle_java2.jpg,rectangle_java2.jpg,3368289237,64,903.814375,731.57375,902.5,731,34,20,new,3,class->block->function->block->block_content->decl_stmt->decl->init->expr->operator
