trial,participant,code_file,code_language,timestamp,duration,x_cord,y_cord,aoi_x,aoi_y,aoi_width,aoi_height,token,length,srcML,
2,144,rectangle_java2.jpg,rectangle_java2.jpg,278566693,112,797.115,210.5889285714286,715.5,222,90,21,Rectangle,9,class->name,
2,144,rectangle_java2.jpg,rectangle_java2.jpg,279054671,80,813.02,224.0285,813.5,222,10,21,{,1,class->block,
2,144,rectangle_java2.jpg,rectangle_java2.jpg,279750635,72,955.0777777777778,269.8461111111111,959.5,259,10,21,;,1,class->block->decl_stmt,
2,144,rectangle_java2.jpg,rectangle_java2.jpg,279838766,84,941.9271428571428,265.56142857142856,929.5,259,23,21,y2,2,class->block->decl_stmt->decl->name,
2,144,rectangle_java2.jpg,rectangle_java2.jpg,281686349,92,808.4752173913043,225.07130434782607,813.5,222,10,21,{,1,class->block,
2,144,rectangle_java2.jpg,rectangle_java2.jpg,283590313,64,833.195625,282.88875,837.5,295,9,21,(,1,class->block->constructor->parameter_list,
2,144,rectangle_java2.jpg,rectangle_java2.jpg,283654296,60,846.706,290.7646666666667,853.5,295,32,21,int,3,class->block->constructor->parameter_list->parameter->decl->type->name,
2,144,rectangle_java2.jpg,rectangle_java2.jpg,283742236,84,836.9319047619048,274.4790476190476,833.5,259,23,21,y1,2,class->block->decl_stmt->decl->name,
2,144,rectangle_java2.jpg,rectangle_java2.jpg,283802155,56,833.5142857142857,290.1428571428572,837.5,295,9,21,(,1,class->block->constructor->parameter_list,
2,144,rectangle_java2.jpg,rectangle_java2.jpg,284062131,64,952.541875,300.425625,939.5,295,33,21,int,3,class->block->constructor->parameter_list->parameter->decl->type->name,
2,144,rectangle_java2.jpg,rectangle_java2.jpg,284382192,200,848.696,286.8368,853.5,295,32,21,int,3,class->block->constructor->parameter_list->parameter->decl->type->name,
2,144,rectangle_java2.jpg,rectangle_java2.jpg,284494202,64,908.983125,279.5025,911.5,259,10,21,"""","""",1,class->block->decl_stmt
2,144,rectangle_java2.jpg,rectangle_java2.jpg,284806170,100,904.4772,247.9476,881.5,259,23,21,x2,2,class->block->decl_stmt->decl->name,
2,144,rectangle_java2.jpg,rectangle_java2.jpg,284806170,100,904.4772,247.9476,911.5,259,10,21,"""","""",1,class->block->decl_stmt
2,144,rectangle_java2.jpg,rectangle_java2.jpg,284946183,96,841.9095833333333,314.9895833333333,837.5,295,9,21,(,1,class->block->constructor->parameter_list,
2,144,rectangle_java2.jpg,rectangle_java2.jpg,284946183,96,841.9095833333333,314.9895833333333,853.5,295,32,21,int,3,class->block->constructor->parameter_list->parameter->decl->type->name,
2,144,rectangle_java2.jpg,rectangle_java2.jpg,285010176,60,829.6073333333334,299.0606666666667,837.5,295,9,21,(,1,class->block->constructor->parameter_list,
2,144,rectangle_java2.jpg,rectangle_java2.jpg,285114164,76,779.6094736842105,301.5910526315789,737.5,295,91,21,Rectangle,9,class->block->constructor->name,
2,144,rectangle_java2.jpg,rectangle_java2.jpg,285278183,160,779.66725,313.4375,737.5,295,91,21,Rectangle,9,class->block->constructor->name,
2,144,rectangle_java2.jpg,rectangle_java2.jpg,285370153,68,841.8694117647059,299.8958823529412,837.5,295,9,21,(,1,class->block->constructor->parameter_list,
2,144,rectangle_java2.jpg,rectangle_java2.jpg,285370153,68,841.8694117647059,299.8958823529412,853.5,295,32,21,int,3,class->block->constructor->parameter_list->parameter->decl->type->name,
2,144,rectangle_java2.jpg,rectangle_java2.jpg,286234219,64,831.880625,339.69875,826.5,331,23,19,x1,2,class->block->constructor->block->block_content->expr_stmt->expr->name->name,
2,144,rectangle_java2.jpg,rectangle_java2.jpg,286326332,72,797.0277777777778,309.3305555555556,737.5,295,91,21,Rectangle,9,class->block->constructor->name,
2,144,rectangle_java2.jpg,rectangle_java2.jpg,286662019,60,799.9353333333333,302.724,737.5,295,91,21,Rectangle,9,class->block->constructor->name,
2,144,rectangle_java2.jpg,rectangle_java2.jpg,286833881,76,851.6336842105263,320.1063157894737,856.5,331,10,19,;,1,class->block->constructor->block->block_content->expr_stmt,
2,144,rectangle_java2.jpg,rectangle_java2.jpg,286945734,108,854.1370370370371,333.50925925925924,856.5,331,10,19,;,1,class->block->constructor->block->block_content->expr_stmt,
2,144,rectangle_java2.jpg,rectangle_java2.jpg,287033790,84,840.2419047619047,326.1547619047619,826.5,331,23,19,x1,2,class->block->constructor->block->block_content->expr_stmt->expr->name->name,
2,144,rectangle_java2.jpg,rectangle_java2.jpg,287261934,108,922.9503703703704,313.51666666666665,921.5,295,9,21,"""","""",1,class->block->constructor->parameter_list
2,144,rectangle_java2.jpg,rectangle_java2.jpg,288177914,120,830.3876666666666,361.8086666666667,826.5,367,23,21,y1,2,class->block->constructor->block->block_content->expr_stmt->expr->name->name,
2,144,rectangle_java2.jpg,rectangle_java2.jpg,288313765,80,802.2845,346.619,806.5,331,15,19,=,1,class->block->constructor->block->block_content->expr_stmt->expr->operator,
2,144,rectangle_java2.jpg,rectangle_java2.jpg,290981658,252,794.5653968253969,308.5568253968254,737.5,295,91,21,Rectangle,9,class->block->constructor->name,
2,144,rectangle_java2.jpg,rectangle_java2.jpg,291069653,84,803.3952380952381,295.8152380952381,737.5,295,91,21,Rectangle,9,class->block->constructor->name,
2,144,rectangle_java2.jpg,rectangle_java2.jpg,291269668,116,819.0755172413793,307.2258620689655,737.5,295,91,21,Rectangle,9,class->block->constructor->name,
2,144,rectangle_java2.jpg,rectangle_java2.jpg,291881471,80,772.0945,411.925,730.5,404,71,19,this.x2,7,class->block->constructor->block->block_content->expr_stmt->expr->name->name->operator->name,
2,144,rectangle_java2.jpg,rectangle_java2.jpg,292565540,88,796.3372727272728,506.0186363636364,775.5,512,53,21,width,5,class->block->function->name,
2,144,rectangle_java2.jpg,rectangle_java2.jpg,292629522,60,807.402,521.8666666666667,775.5,512,53,21,width,5,class->block->function->name,
2,144,rectangle_java2.jpg,rectangle_java2.jpg,293633400,88,1037.0040909090908,506.2086363636363,1035.5,512,13,21,-,1,class->block->function->block->block_content->return->expr->name->name,
2,144,rectangle_java2.jpg,rectangle_java2.jpg,294385429,108,914.3533333333334,505.87777777777774,891.5,512,62,21,return,6,class->block->function->block->block_content->return->expr->name->name,
2,144,rectangle_java2.jpg,rectangle_java2.jpg,295501225,96,865.0529166666666,499.89166666666665,874.5,512,10,21,{,1,class->block->function->block,
2,144,rectangle_java2.jpg,rectangle_java2.jpg,295601225,64,878.470625,532.36875,874.5,512,10,21,{,1,class->block->function->block,
2,144,rectangle_java2.jpg,rectangle_java2.jpg,296097239,80,956.995,518.2135000000001,958.5,512,71,21,this.x2,7,class->block->function->block->block_content->return->expr->name->name->operator->name->operator,
2,144,rectangle_java2.jpg,rectangle_java2.jpg,296245139,76,952.8047368421052,515.0926315789474,891.5,512,62,21,return,6,class->block->function->block->block_content->return->expr->name->name,
2,144,rectangle_java2.jpg,rectangle_java2.jpg,296245139,76,952.8047368421052,515.0926315789474,958.5,512,71,21,this.x2,7,class->block->function->block->block_content->return->expr->name->name->operator->name->operator,
2,144,rectangle_java2.jpg,rectangle_java2.jpg,296493456,80,826.6145,332.7635,826.5,331,23,19,x1,2,class->block->constructor->block->block_content->expr_stmt->expr->name->name,
2,144,rectangle_java2.jpg,rectangle_java2.jpg,296673325,72,842.8294444444444,363.6544444444445,826.5,367,23,21,y1,2,class->block->constructor->block->block_content->expr_stmt->expr->name->name,
2,144,rectangle_java2.jpg,rectangle_java2.jpg,296993122,144,852.1369444444445,308.8933333333333,853.5,295,32,21,int,3,class->block->constructor->parameter_list->parameter->decl->type->name,
2,144,rectangle_java2.jpg,rectangle_java2.jpg,298204911,68,1051.5482352941176,525.7529411764706,1054.5,512,71,21,this.x1,7,class->block->function->block->block_content->return->expr->name->name->operator->name,
2,144,rectangle_java2.jpg,rectangle_java2.jpg,299280826,60,1059.05,501.81933333333336,1054.5,512,71,21,this.x1,7,class->block->function->block->block_content->return->expr->name->name->operator->name,
2,144,rectangle_java2.jpg,rectangle_java2.jpg,299916888,60,1155.372,514.3453333333333,1152.5,512,10,21,},1,class->block,
2,144,rectangle_java2.jpg,rectangle_java2.jpg,300388962,60,1075.4946666666667,539.1193333333333,1064.5,549,71,21,this.y1,7,class->block->function->block->block_content->return->expr->name->name->operator->name,
2,144,rectangle_java2.jpg,rectangle_java2.jpg,301132753,60,1058.542,526.4146666666667,1054.5,512,71,21,this.x1,7,class->block->function->block->block_content->return->expr->name->name->operator->name,
2,144,rectangle_java2.jpg,rectangle_java2.jpg,301220744,84,1067.0485714285714,549.1895238095238,1064.5,549,71,21,this.y1,7,class->block->function->block->block_content->return->expr->name->name->operator->name,
2,144,rectangle_java2.jpg,rectangle_java2.jpg,301280745,56,1065.2742857142855,544.7871428571428,1064.5,549,71,21,this.y1,7,class->block->function->block->block_content->return->expr->name->name->operator->name,
2,144,rectangle_java2.jpg,rectangle_java2.jpg,301656731,80,975.153,575.7139999999999,977.5,585,101,21,this.width,10,class->block->function->block->block_content->return->expr->call->name->name->operator->name,
2,144,rectangle_java2.jpg,rectangle_java2.jpg,301872712,80,956.3705,511.41100000000006,958.5,512,71,21,this.x2,7,class->block->function->block->block_content->return->expr->name->name->operator->name->operator,
2,144,rectangle_java2.jpg,rectangle_java2.jpg,302016711,92,1008.7508695652174,528.7947826086956,958.5,512,71,21,this.x2,7,class->block->function->block->block_content->return->expr->name->name->operator->name->operator,
2,144,rectangle_java2.jpg,rectangle_java2.jpg,302732651,60,960.408,507.6133333333333,958.5,512,71,21,this.x2,7,class->block->function->block->block_content->return->expr->name->name->operator->name->operator,
2,144,rectangle_java2.jpg,rectangle_java2.jpg,303036580,60,1099.2126666666666,564.606,1064.5,549,71,21,this.y1,7,class->block->function->block->block_content->return->expr->name->name->operator->name,
2,144,rectangle_java2.jpg,rectangle_java2.jpg,303120580,60,1084.2306666666666,569.1186666666666,1064.5,549,71,21,this.y1,7,class->block->function->block->block_content->return->expr->name->name->operator->name,
2,144,rectangle_java2.jpg,rectangle_java2.jpg,303336584,104,1123.293076923077,540.8973076923077,1064.5,549,71,21,this.y1,7,class->block->function->block->block_content->return->expr->name->name->operator->name,
2,144,rectangle_java2.jpg,rectangle_java2.jpg,303668545,68,921.4235294117648,552.2376470588235,900.5,549,63,21,return,6,class->block->function->block->block_content->return,
2,144,rectangle_java2.jpg,rectangle_java2.jpg,303732530,60,928.2986666666668,567.5293333333333,900.5,549,63,21,return,6,class->block->function->block->block_content->return,
2,144,rectangle_java2.jpg,rectangle_java2.jpg,303888576,60,966.304,531.6786666666667,958.5,512,71,21,this.x2,7,class->block->function->block->block_content->return->expr->name->name->operator->name->operator,
2,144,rectangle_java2.jpg,rectangle_java2.jpg,303964704,72,976.9605555555556,528.8211111111111,958.5,512,71,21,this.x2,7,class->block->function->block->block_content->return->expr->name->name->operator->name->operator,
2,144,rectangle_java2.jpg,rectangle_java2.jpg,304056854,88,961.2445454545456,543.1231818181818,900.5,549,63,21,return,6,class->block->function->block->block_content->return,
2,144,rectangle_java2.jpg,rectangle_java2.jpg,304056854,88,961.2445454545456,543.1231818181818,968.5,549,70,21,this.y2,7,class->block->function->block->block_content->return->expr->name->name->operator->name,
2,144,rectangle_java2.jpg,rectangle_java2.jpg,304120930,60,973.1286666666666,552.7353333333333,968.5,549,70,21,this.y2,7,class->block->function->block->block_content->return->expr->name->name->operator->name,
2,144,rectangle_java2.jpg,rectangle_java2.jpg,304292571,64,1102.42,542.80125,1064.5,549,71,21,this.y1,7,class->block->function->block->block_content->return->expr->name->name->operator->name,
2,144,rectangle_java2.jpg,rectangle_java2.jpg,304392483,96,1098.7595833333332,538.5291666666667,1064.5,549,71,21,this.y1,7,class->block->function->block->block_content->return->expr->name->name->operator->name,
2,144,rectangle_java2.jpg,rectangle_java2.jpg,304664455,56,808.1685714285715,586.88,804.5,585,43,21,area,4,class->block->function->name,
2,144,rectangle_java2.jpg,rectangle_java2.jpg,305112412,84,931.5190476190476,594.2138095238096,910.5,585,62,21,return,6,class->block->function->block->block_content->return,
2,144,rectangle_java2.jpg,rectangle_java2.jpg,305532109,68,986.1076470588235,667.594705882353,941.5,658,91,20,Rectangle,9,class->block->function->block->block_content->decl_stmt->decl->init->expr->call->name,
2,144,rectangle_java2.jpg,rectangle_java2.jpg,305824353,108,1091.098148148148,550.1148148148148,1064.5,549,71,21,this.y1,7,class->block->function->block->block_content->return->expr->name->name->operator->name,
2,144,rectangle_java2.jpg,rectangle_java2.jpg,306620286,64,1105.95875,655.400625,1095.5,658,13,20,0,1,class->block->function->block->block_content->decl_stmt->decl->init->expr->call->argument_list->argument->expr->literal,
2,144,rectangle_java2.jpg,rectangle_java2.jpg,306620286,64,1105.95875,655.400625,1115.5,658,10,20,"""","""",1,class->block->function->block->block_content->decl_stmt->decl->init->expr->call->argument_list
2,144,rectangle_java2.jpg,rectangle_java2.jpg,306728232,76,1108.7384210526316,669.1552631578948,1115.5,658,10,20,"""","""",1,class->block->function->block->block_content->decl_stmt->decl->init->expr->call->argument_list
2,144,rectangle_java2.jpg,rectangle_java2.jpg,307520224,104,939.348846153846,589.4557692307692,910.5,585,62,21,return,6,class->block->function->block->block_content->return,
2,144,rectangle_java2.jpg,rectangle_java2.jpg,307612217,88,946.1531818181818,605.2381818181818,910.5,585,62,21,return,6,class->block->function->block->block_content->return,
2,144,rectangle_java2.jpg,rectangle_java2.jpg,308284136,112,861.3817857142857,654.4332142857143,826.5,658,52,20,rect1,5,class->block->function->block->block_content->decl_stmt->decl->name,
2,144,rectangle_java2.jpg,rectangle_java2.jpg,308408143,60,783.5866666666667,685.1153333333333,730.5,694,177,21,System.out.println,18,class->block->function->block->block_content->expr_stmt->expr->call->name->name->operator->name->operator->name,
2,144,rectangle_java2.jpg,rectangle_java2.jpg,308620099,68,952.3152941176472,700.1205882352941,932.5,694,100,21,rect1.area,10,class->block->function->block->block_content->expr_stmt->expr->call->argument_list->argument->expr->call->name->name->operator->name,
2,144,rectangle_java2.jpg,rectangle_java2.jpg,308684056,60,965.4206666666666,698.5053333333333,932.5,694,100,21,rect1.area,10,class->block->function->block->block_content->expr_stmt->expr->call->argument_list->argument->expr->call->name->name->operator->name,
2,144,rectangle_java2.jpg,rectangle_java2.jpg,313331461,60,957.7633333333332,249.44666666666663,959.5,259,10,21,;,1,class->block->decl_stmt,
2,144,rectangle_java2.jpg,rectangle_java2.jpg,314915345,72,1031.9622222222222,299.5955555555556,1025.5,295,33,21,int,3,class->block->constructor->parameter_list->parameter->decl->type->name,
2,144,rectangle_java2.jpg,rectangle_java2.jpg,315019425,68,1014.12,286.6476470588235,1007.5,295,10,21,"""","""",1,class->block->constructor->parameter_list
2,144,rectangle_java2.jpg,rectangle_java2.jpg,315019425,68,1014.12,286.6476470588235,1025.5,295,33,21,int,3,class->block->constructor->parameter_list->parameter->decl->type->name,
2,144,rectangle_java2.jpg,rectangle_java2.jpg,315423280,132,862.5966666666667,307.8212121212121,853.5,295,32,21,int,3,class->block->constructor->parameter_list->parameter->decl->type->name,
2,144,rectangle_java2.jpg,rectangle_java2.jpg,315575087,80,920.8895,299.014,921.5,295,9,21,"""","""",1,class->block->constructor->parameter_list
2,144,rectangle_java2.jpg,rectangle_java2.jpg,317791356,60,825.1906666666666,323.8066666666667,826.5,331,23,19,x1,2,class->block->constructor->block->block_content->expr_stmt->expr->name->name,
