trial,participant,code_file,code_language,timestamp,duration,x_cord,y_cord,aoi_x,aoi_y,aoi_width,aoi_height,token,length,srcML,
2,161,rectangle_java2.jpg,rectangle_java2.jpg,6507542814,72,816.4,356.08,806.5,367,15,21,=,1,class->block->constructor->block->block_content->expr_stmt->expr->operator,
2,161,rectangle_java2.jpg,rectangle_java2.jpg,6507542814,72,816.4,356.08,826.5,367,23,21,y1,2,class->block->constructor->block->block_content->expr_stmt->expr->name->name,
2,161,rectangle_java2.jpg,rectangle_java2.jpg,6507711682,164,820.3070731707317,359.28292682926826,806.5,367,15,21,=,1,class->block->constructor->block->block_content->expr_stmt->expr->operator,
2,161,rectangle_java2.jpg,rectangle_java2.jpg,6507711682,164,820.3070731707317,359.28292682926826,826.5,367,23,21,y1,2,class->block->constructor->block->block_content->expr_stmt->expr->name->name,
2,161,rectangle_java2.jpg,rectangle_java2.jpg,6507879864,132,765.0257575757576,275.2481818181818,747.5,259,33,21,int,3,class->block->decl_stmt->decl->type->name,
2,161,rectangle_java2.jpg,rectangle_java2.jpg,6508199546,220,708.1574545454546,240.1261818181818,657.5,222,52,21,class,5,class,
2,161,rectangle_java2.jpg,rectangle_java2.jpg,6508199546,220,708.1574545454546,240.1261818181818,715.5,222,90,21,Rectangle,9,class->name,
2,161,rectangle_java2.jpg,rectangle_java2.jpg,6508275632,72,716.2927777777777,248.2527777777777,669.5,259,72,21,private,7,class->block->decl_stmt->decl->type->specifier,
2,161,rectangle_java2.jpg,rectangle_java2.jpg,6508603682,324,709.7211111111111,225.1277777777777,715.5,222,90,21,Rectangle,9,class->name,
2,161,rectangle_java2.jpg,rectangle_java2.jpg,6508763718,88,753.9004545454545,305.29227272727275,737.5,295,91,21,Rectangle,9,class->block->constructor->name,
2,161,rectangle_java2.jpg,rectangle_java2.jpg,6508863708,96,751.1225,273.99958333333336,747.5,259,33,21,int,3,class->block->decl_stmt->decl->type->name,
2,161,rectangle_java2.jpg,rectangle_java2.jpg,6508927698,60,748.1046666666666,275.00333333333333,747.5,259,33,21,int,3,class->block->decl_stmt->decl->type->name,
2,161,rectangle_java2.jpg,rectangle_java2.jpg,6509207717,248,795.9516129032259,342.9791935483871,730.5,331,71,19,this.x1,7,class->block->constructor->block->block_content->expr_stmt->expr->name->name->operator->name,
2,161,rectangle_java2.jpg,rectangle_java2.jpg,6509207717,248,795.9516129032259,342.9791935483871,806.5,331,15,19,=,1,class->block->constructor->block->block_content->expr_stmt->expr->operator,
2,161,rectangle_java2.jpg,rectangle_java2.jpg,6509343780,84,735.2157142857143,236.7295238095238,715.5,222,90,21,Rectangle,9,class->name,
2,161,rectangle_java2.jpg,rectangle_java2.jpg,6509455772,108,737.1466666666666,225.39111111111112,715.5,222,90,21,Rectangle,9,class->name,
2,161,rectangle_java2.jpg,rectangle_java2.jpg,6509531755,72,742.1905555555555,233.68,715.5,222,90,21,Rectangle,9,class->name,
2,161,rectangle_java2.jpg,rectangle_java2.jpg,6509643743,108,736.2833333333333,236.8996296296297,715.5,222,90,21,Rectangle,9,class->name,
2,161,rectangle_java2.jpg,rectangle_java2.jpg,6509831761,184,736.8947826086957,288.5778260869565,737.5,295,91,21,Rectangle,9,class->block->constructor->name,
2,161,rectangle_java2.jpg,rectangle_java2.jpg,6509907685,72,768.1944444444445,290.70944444444444,737.5,295,91,21,Rectangle,9,class->block->constructor->name,
2,161,rectangle_java2.jpg,rectangle_java2.jpg,6510003580,92,767.2708695652174,292.46565217391304,737.5,295,91,21,Rectangle,9,class->block->constructor->name,
2,161,rectangle_java2.jpg,rectangle_java2.jpg,6510071548,64,771.123125,319.586875,730.5,331,71,19,this.x1,7,class->block->constructor->block->block_content->expr_stmt->expr->name->name->operator->name,
2,161,rectangle_java2.jpg,rectangle_java2.jpg,6510151530,76,780.5121052631579,315.9873684210526,737.5,295,91,21,Rectangle,9,class->block->constructor->name,
2,161,rectangle_java2.jpg,rectangle_java2.jpg,6510271587,116,773.5410344827586,336.19689655172414,730.5,331,71,19,this.x1,7,class->block->constructor->block->block_content->expr_stmt->expr->name->name->operator->name,
2,161,rectangle_java2.jpg,rectangle_java2.jpg,6510431624,116,803.5824137931035,328.04896551724136,806.5,331,15,19,=,1,class->block->constructor->block->block_content->expr_stmt->expr->operator,
2,161,rectangle_java2.jpg,rectangle_java2.jpg,6510607614,60,938.6886666666668,312.422,939.5,295,33,21,int,3,class->block->constructor->parameter_list->parameter->decl->type->name,
2,161,rectangle_java2.jpg,rectangle_java2.jpg,6510871564,104,903.9842307692307,289.26884615384614,890.5,295,24,21,x1,2,class->block->constructor->parameter_list->parameter->decl->type->name,
2,161,rectangle_java2.jpg,rectangle_java2.jpg,6511103564,140,869.6662857142857,307.668,853.5,295,32,21,int,3,class->block->constructor->parameter_list->parameter->decl->type->name,
2,161,rectangle_java2.jpg,rectangle_java2.jpg,6511259570,124,899.5909677419355,311.9216129032258,890.5,295,24,21,x1,2,class->block->constructor->parameter_list->parameter->decl->type->name,
2,161,rectangle_java2.jpg,rectangle_java2.jpg,6511447621,128,835.59875,338.90875,826.5,331,23,19,x1,2,class->block->constructor->block->block_content->expr_stmt->expr->name->name,
2,161,rectangle_java2.jpg,rectangle_java2.jpg,6511695581,244,835.6526229508197,340.9562295081967,826.5,331,23,19,x1,2,class->block->constructor->block->block_content->expr_stmt->expr->name->name,
2,161,rectangle_java2.jpg,rectangle_java2.jpg,6511947313,200,931.408,308.4732,939.5,295,33,21,int,3,class->block->constructor->parameter_list->parameter->decl->type->name,
2,161,rectangle_java2.jpg,rectangle_java2.jpg,6512011359,60,932.9533333333334,311.966,939.5,295,33,21,int,3,class->block->constructor->parameter_list->parameter->decl->type->name,
2,161,rectangle_java2.jpg,rectangle_java2.jpg,6512291470,236,981.587627118644,293.4093220338983,977.5,295,23,21,y1,2,class->block->constructor->parameter_list->parameter->decl->type->name,
2,161,rectangle_java2.jpg,rectangle_java2.jpg,6512423509,128,987.2740625,302.6078125,977.5,295,23,21,y1,2,class->block->constructor->parameter_list->parameter->decl->type->name,
2,161,rectangle_java2.jpg,rectangle_java2.jpg,6512543488,92,852.7491304347826,373.99,856.5,367,10,21,;,1,class->block->constructor->block->block_content->expr_stmt,
2,161,rectangle_java2.jpg,rectangle_java2.jpg,6512683478,136,844.2579411764706,354.81382352941176,826.5,367,23,21,y1,2,class->block->constructor->block->block_content->expr_stmt->expr->name->name,
2,161,rectangle_java2.jpg,rectangle_java2.jpg,6512683478,136,844.2579411764706,354.81382352941176,856.5,367,10,21,;,1,class->block->constructor->block->block_content->expr_stmt,
2,161,rectangle_java2.jpg,rectangle_java2.jpg,6512759488,72,836.7716666666666,346.14944444444444,826.5,331,23,19,x1,2,class->block->constructor->block->block_content->expr_stmt->expr->name->name,
2,161,rectangle_java2.jpg,rectangle_java2.jpg,6512955542,144,981.9027777777778,296.09,977.5,295,23,21,y1,2,class->block->constructor->parameter_list->parameter->decl->type->name,
2,161,rectangle_java2.jpg,rectangle_java2.jpg,6513055534,96,989.4508333333332,307.11041666666665,977.5,295,23,21,y1,2,class->block->constructor->parameter_list->parameter->decl->type->name,
2,161,rectangle_java2.jpg,rectangle_java2.jpg,6513247510,148,1011.3943243243244,285.08702702702703,1007.5,295,10,21,"""","""",1,class->block->constructor->parameter_list
2,161,rectangle_java2.jpg,rectangle_java2.jpg,6513371473,120,1024.7203333333334,284.29833333333335,1025.5,295,33,21,int,3,class->block->constructor->parameter_list->parameter->decl->type->name,
2,161,rectangle_java2.jpg,rectangle_java2.jpg,6513567455,192,1009.34875,283.7997916666667,1007.5,295,10,21,"""","""",1,class->block->constructor->parameter_list
2,161,rectangle_java2.jpg,rectangle_java2.jpg,6513747477,116,828.8503448275862,381.581724137931,826.5,367,23,21,y1,2,class->block->constructor->block->block_content->expr_stmt->expr->name->name,
2,161,rectangle_java2.jpg,rectangle_java2.jpg,6513863379,112,838.8064285714286,379.37035714285713,826.5,367,23,21,y1,2,class->block->constructor->block->block_content->expr_stmt->expr->name->name,
2,161,rectangle_java2.jpg,rectangle_java2.jpg,6513923336,56,821.8328571428572,376.0192857142857,826.5,367,23,21,y1,2,class->block->constructor->block->block_content->expr_stmt->expr->name->name,
2,161,rectangle_java2.jpg,rectangle_java2.jpg,6514131344,204,806.9935294117647,381.073137254902,806.5,367,15,21,=,1,class->block->constructor->block->block_content->expr_stmt->expr->operator,
2,161,rectangle_java2.jpg,rectangle_java2.jpg,6514383283,172,968.5397674418604,289.29651162790697,939.5,295,33,21,int,3,class->block->constructor->parameter_list->parameter->decl->type->name,
2,161,rectangle_java2.jpg,rectangle_java2.jpg,6514383283,172,968.5397674418604,289.29651162790697,977.5,295,23,21,y1,2,class->block->constructor->parameter_list->parameter->decl->type->name,
2,161,rectangle_java2.jpg,rectangle_java2.jpg,6514527342,140,966.1505714285714,294.7262857142857,939.5,295,33,21,int,3,class->block->constructor->parameter_list->parameter->decl->type->name,
2,161,rectangle_java2.jpg,rectangle_java2.jpg,6514527342,140,966.1505714285714,294.7262857142857,977.5,295,23,21,y1,2,class->block->constructor->parameter_list->parameter->decl->type->name,
2,161,rectangle_java2.jpg,rectangle_java2.jpg,6514587347,56,981.0057142857142,299.66,977.5,295,23,21,y1,2,class->block->constructor->parameter_list->parameter->decl->type->name,
2,161,rectangle_java2.jpg,rectangle_java2.jpg,6514823373,192,861.2252083333333,366.7141666666666,856.5,367,10,21,;,1,class->block->constructor->block->block_content->expr_stmt,
2,161,rectangle_java2.jpg,rectangle_java2.jpg,6514947397,120,863.3083333333334,371.41133333333335,856.5,367,10,21,;,1,class->block->constructor->block->block_content->expr_stmt,
2,161,rectangle_java2.jpg,rectangle_java2.jpg,6515363422,132,1012.119696969697,284.28606060606063,1007.5,295,10,21,"""","""",1,class->block->constructor->parameter_list
2,161,rectangle_java2.jpg,rectangle_java2.jpg,6515547439,180,1013.5857777777778,291.24555555555554,1007.5,295,10,21,"""","""",1,class->block->constructor->parameter_list
2,161,rectangle_java2.jpg,rectangle_java2.jpg,6515547439,180,1013.5857777777778,291.24555555555554,1025.5,295,33,21,int,3,class->block->constructor->parameter_list->parameter->decl->type->name,
2,161,rectangle_java2.jpg,rectangle_java2.jpg,6515995194,120,820.038,428.35266666666666,806.5,440,15,21,=,1,class->block->constructor->block->block_content->expr_stmt->expr->operator,
2,161,rectangle_java2.jpg,rectangle_java2.jpg,6515995194,120,820.038,428.35266666666666,826.5,440,23,21,y2,2,class->block->constructor->block->block_content->expr_stmt->expr->name->name,
2,161,rectangle_java2.jpg,rectangle_java2.jpg,6516199242,156,831.733076923077,454.6853846153847,826.5,440,23,21,y2,2,class->block->constructor->block->block_content->expr_stmt->expr->name->name,
2,161,rectangle_java2.jpg,rectangle_java2.jpg,6516683234,212,931.4696226415094,290.34207547169814,939.5,295,33,21,int,3,class->block->constructor->parameter_list->parameter->decl->type->name,
2,161,rectangle_java2.jpg,rectangle_java2.jpg,6516747200,60,927.6946666666666,284.53266666666667,921.5,295,9,21,"""","""",1,class->block->constructor->parameter_list
2,161,rectangle_java2.jpg,rectangle_java2.jpg,6516747200,60,927.6946666666666,284.53266666666667,939.5,295,33,21,int,3,class->block->constructor->parameter_list->parameter->decl->type->name,
2,161,rectangle_java2.jpg,rectangle_java2.jpg,6516959216,108,786.1022222222223,561.5170370370371,775.5,549,62,21,height,6,class->block->function->name,
2,161,rectangle_java2.jpg,rectangle_java2.jpg,6517167259,112,759.9503571428571,500.435,737.5,512,33,21,int,3,class->block->function->type->name,
2,161,rectangle_java2.jpg,rectangle_java2.jpg,6517295244,124,770.1051612903226,513.3987096774193,737.5,512,33,21,int,3,class->block->function->type->name,
2,161,rectangle_java2.jpg,rectangle_java2.jpg,6517295244,124,770.1051612903226,513.3987096774193,775.5,512,53,21,width,5,class->block->function->name,
2,161,rectangle_java2.jpg,rectangle_java2.jpg,6517387187,88,775.0940909090909,517.4145454545454,775.5,512,53,21,width,5,class->block->function->name,
2,161,rectangle_java2.jpg,rectangle_java2.jpg,6517475036,84,771.7009523809523,502.08047619047625,775.5,512,53,21,width,5,class->block->function->name,
2,161,rectangle_java2.jpg,rectangle_java2.jpg,6517851081,332,923.048313253012,509.58927710843375,891.5,512,62,21,return,6,class->block->function->block->block_content->return->expr->name->name,
2,161,rectangle_java2.jpg,rectangle_java2.jpg,6517963109,108,929.9911111111112,514.8825925925926,891.5,512,62,21,return,6,class->block->function->block->block_content->return->expr->name->name,
2,161,rectangle_java2.jpg,rectangle_java2.jpg,6518123108,136,798.8947058823529,518.6994117647059,775.5,512,53,21,width,5,class->block->function->name,
2,161,rectangle_java2.jpg,rectangle_java2.jpg,6518303103,176,789.1427272727273,505.6784090909091,775.5,512,53,21,width,5,class->block->function->name,
2,161,rectangle_java2.jpg,rectangle_java2.jpg,6518375103,68,798.2170588235294,499.7394117647059,775.5,512,53,21,width,5,class->block->function->name,
2,161,rectangle_java2.jpg,rectangle_java2.jpg,6518551083,56,888.0485714285714,500.3221428571428,891.5,512,62,21,return,6,class->block->function->block->block_content->return->expr->name->name,
2,161,rectangle_java2.jpg,rectangle_java2.jpg,6519250946,100,902.1808,522.5128,891.5,512,62,21,return,6,class->block->function->block->block_content->return->expr->name->name,
2,161,rectangle_java2.jpg,rectangle_java2.jpg,6519434851,60,971.79,507.956,958.5,512,71,21,this.x2,7,class->block->function->block->block_content->return->expr->name->name->operator->name->operator,
2,161,rectangle_java2.jpg,rectangle_java2.jpg,6519534848,96,975.9133333333332,511.5604166666667,958.5,512,71,21,this.x2,7,class->block->function->block->block_content->return->expr->name->name->operator->name->operator,
2,161,rectangle_java2.jpg,rectangle_java2.jpg,6519826948,84,812.2152380952381,545.2109523809523,775.5,549,62,21,height,6,class->block->function->name,
2,161,rectangle_java2.jpg,rectangle_java2.jpg,6519939000,60,814.8213333333333,575.6,804.5,585,43,21,area,4,class->block->function->name,
2,161,rectangle_java2.jpg,rectangle_java2.jpg,6520039020,96,817.6054166666667,588.2383333333333,804.5,585,43,21,area,4,class->block->function->name,
2,161,rectangle_java2.jpg,rectangle_java2.jpg,6520167011,100,863.0276,603.668,856.5,585,9,21,(,1,class->block->function->parameter_list,
2,161,rectangle_java2.jpg,rectangle_java2.jpg,6520167011,100,863.0276,603.668,873.5,585,9,21,),1,class->block->function->parameter_list,
2,161,rectangle_java2.jpg,rectangle_java2.jpg,6520331001,160,871.427,590.29275,873.5,585,9,21,),1,class->block->function->parameter_list,
2,161,rectangle_java2.jpg,rectangle_java2.jpg,6520426993,92,862.9482608695653,577.2195652173913,856.5,585,9,21,(,1,class->block->function->parameter_list,
2,161,rectangle_java2.jpg,rectangle_java2.jpg,6520426993,92,862.9482608695653,577.2195652173913,873.5,585,9,21,),1,class->block->function->parameter_list,
2,161,rectangle_java2.jpg,rectangle_java2.jpg,6520618992,156,935.5784615384616,590.0794871794872,910.5,585,62,21,return,6,class->block->function->block->block_content->return,
2,161,rectangle_java2.jpg,rectangle_java2.jpg,6520786964,80,799.873,325.024,730.5,331,71,19,this.x1,7,class->block->constructor->block->block_content->expr_stmt->expr->name->name->operator->name,
2,161,rectangle_java2.jpg,rectangle_java2.jpg,6520786964,80,799.873,325.024,806.5,331,15,19,=,1,class->block->constructor->block->block_content->expr_stmt->expr->operator,
2,161,rectangle_java2.jpg,rectangle_java2.jpg,6520970937,180,801.2277777777778,340.3066666666667,730.5,331,71,19,this.x1,7,class->block->constructor->block->block_content->expr_stmt->expr->name->name->operator->name,
2,161,rectangle_java2.jpg,rectangle_java2.jpg,6520970937,180,801.2277777777778,340.3066666666667,806.5,331,15,19,=,1,class->block->constructor->block->block_content->expr_stmt->expr->operator,
2,161,rectangle_java2.jpg,rectangle_java2.jpg,6521178951,84,815.3585714285714,416.9528571428572,806.5,404,15,19,=,1,class->block->constructor->block->block_content->expr_stmt->expr->operator,
2,161,rectangle_java2.jpg,rectangle_java2.jpg,6521178951,84,815.3585714285714,416.9528571428572,826.5,404,23,19,x2,2,class->block->constructor->block->block_content->expr_stmt->expr->name->name,
2,161,rectangle_java2.jpg,rectangle_java2.jpg,6521322866,72,831.9883333333333,460.73222222222216,826.5,440,23,21,y2,2,class->block->constructor->block->block_content->expr_stmt->expr->name->name,
2,161,rectangle_java2.jpg,rectangle_java2.jpg,6521390847,64,838.534375,453.058125,826.5,440,23,21,y2,2,class->block->constructor->block->block_content->expr_stmt->expr->name->name,
2,161,rectangle_java2.jpg,rectangle_java2.jpg,6521882905,68,996.444705882353,576.7788235294117,977.5,585,101,21,this.width,10,class->block->function->block->block_content->return->expr->call->name->name->operator->name,
2,161,rectangle_java2.jpg,rectangle_java2.jpg,6522086808,152,1011.521052631579,312.3302631578948,1007.5,295,10,21,"""","""",1,class->block->constructor->parameter_list
2,161,rectangle_java2.jpg,rectangle_java2.jpg,6522210791,120,1010.9823333333334,293.105,1007.5,295,10,21,"""","""",1,class->block->constructor->parameter_list
2,161,rectangle_java2.jpg,rectangle_java2.jpg,6522286798,72,1028.861111111111,299.7394444444444,1025.5,295,33,21,int,3,class->block->constructor->parameter_list->parameter->decl->type->name,
2,161,rectangle_java2.jpg,rectangle_java2.jpg,6522370813,80,1036.908,306.3585,1025.5,295,33,21,int,3,class->block->constructor->parameter_list->parameter->decl->type->name,
2,161,rectangle_java2.jpg,rectangle_java2.jpg,6522494835,104,958.4703846153848,303.36692307692306,939.5,295,33,21,int,3,class->block->constructor->parameter_list->parameter->decl->type->name,
2,161,rectangle_java2.jpg,rectangle_java2.jpg,6522590838,92,948.6430434782608,298.5139130434783,939.5,295,33,21,int,3,class->block->constructor->parameter_list->parameter->decl->type->name,
2,161,rectangle_java2.jpg,rectangle_java2.jpg,6523194704,72,924.3711111111112,313.0577777777778,921.5,295,9,21,"""","""",1,class->block->constructor->parameter_list
2,161,rectangle_java2.jpg,rectangle_java2.jpg,6523310609,112,918.8639285714286,312.4014285714286,921.5,295,9,21,"""","""",1,class->block->constructor->parameter_list
2,161,rectangle_java2.jpg,rectangle_java2.jpg,6523422655,64,982.41375,634.8225,920.5,621,62,21,String,6,class->block->function->parameter_list->parameter->decl->type->name->name,
2,161,rectangle_java2.jpg,rectangle_java2.jpg,6523422655,64,982.41375,634.8225,990.5,621,10,21,[,1,class->block->function->parameter_list->parameter->decl->type->name->index,
2,161,rectangle_java2.jpg,rectangle_java2.jpg,6523506712,80,997.4585,631.7805,990.5,621,10,21,[,1,class->block->function->parameter_list->parameter->decl->type->name->index,
2,161,rectangle_java2.jpg,rectangle_java2.jpg,6523506712,80,997.4585,631.7805,1007.5,621,10,21,],1,class->block->function->parameter_list->parameter->decl->type->name->index,
2,161,rectangle_java2.jpg,rectangle_java2.jpg,6523594743,84,989.5709523809523,590.7228571428572,977.5,585,101,21,this.width,10,class->block->function->block->block_content->return->expr->call->name->name->operator->name,
2,161,rectangle_java2.jpg,rectangle_java2.jpg,6523694743,96,989.435,590.2341666666666,977.5,585,101,21,this.width,10,class->block->function->block->block_content->return->expr->call->name->name->operator->name,
2,161,rectangle_java2.jpg,rectangle_java2.jpg,6523858739,104,994.505,580.5042307692307,977.5,585,101,21,this.width,10,class->block->function->block->block_content->return->expr->call->name->name->operator->name,
2,161,rectangle_java2.jpg,rectangle_java2.jpg,6523926737,64,992.295,591.520625,977.5,585,101,21,this.width,10,class->block->function->block->block_content->return->expr->call->name->name->operator->name,
2,161,rectangle_java2.jpg,rectangle_java2.jpg,6524026728,96,991.1995833333332,566.3133333333334,968.5,549,70,21,this.y2,7,class->block->function->block->block_content->return->expr->name->name->operator->name,
2,161,rectangle_java2.jpg,rectangle_java2.jpg,6524234675,124,979.4629032258064,518.9335483870967,958.5,512,71,21,this.x2,7,class->block->function->block->block_content->return->expr->name->name->operator->name->operator,
2,161,rectangle_java2.jpg,rectangle_java2.jpg,6524310660,72,974.5066666666668,540.5705555555555,968.5,549,70,21,this.y2,7,class->block->function->block->block_content->return->expr->name->name->operator->name,
2,161,rectangle_java2.jpg,rectangle_java2.jpg,6524370673,56,987.335,524.8192857142857,958.5,512,71,21,this.x2,7,class->block->function->block->block_content->return->expr->name->name->operator->name->operator,
2,161,rectangle_java2.jpg,rectangle_java2.jpg,6524498718,84,967.0785714285714,288.7709523809524,939.5,295,33,21,int,3,class->block->constructor->parameter_list->parameter->decl->type->name,
2,161,rectangle_java2.jpg,rectangle_java2.jpg,6524498718,84,967.0785714285714,288.7709523809524,977.5,295,23,21,y1,2,class->block->constructor->parameter_list->parameter->decl->type->name,
2,161,rectangle_java2.jpg,rectangle_java2.jpg,6524718728,216,968.4679629629628,305.5335185185185,939.5,295,33,21,int,3,class->block->constructor->parameter_list->parameter->decl->type->name,
2,161,rectangle_java2.jpg,rectangle_java2.jpg,6524718728,216,968.4679629629628,305.5335185185185,977.5,295,23,21,y1,2,class->block->constructor->parameter_list->parameter->decl->type->name,
2,161,rectangle_java2.jpg,rectangle_java2.jpg,6525062545,128,821.7353125,513.4040625,775.5,512,53,21,width,5,class->block->function->name,
2,161,rectangle_java2.jpg,rectangle_java2.jpg,6525150468,84,813.3157142857143,502.3790476190477,775.5,512,53,21,width,5,class->block->function->name,
2,161,rectangle_java2.jpg,rectangle_java2.jpg,6525262563,68,792.8664705882353,505.70411764705887,775.5,512,53,21,width,5,class->block->function->name,
2,161,rectangle_java2.jpg,rectangle_java2.jpg,6525378644,112,796.4242857142857,514.1146428571428,775.5,512,53,21,width,5,class->block->function->name,
2,161,rectangle_java2.jpg,rectangle_java2.jpg,6525514686,80,797.925,529.6705,775.5,512,53,21,width,5,class->block->function->name,
2,161,rectangle_java2.jpg,rectangle_java2.jpg,6525714741,80,1068.9335,562.7334999999999,1064.5,549,71,21,this.y1,7,class->block->function->block->block_content->return->expr->name->name->operator->name,
2,161,rectangle_java2.jpg,rectangle_java2.jpg,6525982569,144,1111.995,576.2544444444444,1103.5,585,9,21,),1,class->block->function->block->block_content->return->expr->call->argument_list,
2,161,rectangle_java2.jpg,rectangle_java2.jpg,6525982569,144,1111.995,576.2544444444444,1122.5,585,12,21,*,1,class->block->function->block->block_content->return->expr->operator,
2,161,rectangle_java2.jpg,rectangle_java2.jpg,6526110540,124,1110.887741935484,584.8029032258064,1103.5,585,9,21,),1,class->block->function->block->block_content->return->expr->call->argument_list,
2,161,rectangle_java2.jpg,rectangle_java2.jpg,6526110540,124,1110.887741935484,584.8029032258064,1122.5,585,12,21,*,1,class->block->function->block->block_content->return->expr->operator,
2,161,rectangle_java2.jpg,rectangle_java2.jpg,6526214544,80,1154.271,594.485,1140.5,585,110,21,this.height,11,class->block->function->block->block_content->return->expr->call->name->name->operator->name,
2,161,rectangle_java2.jpg,rectangle_java2.jpg,6526322561,104,1146.9,577.7734615384616,1140.5,585,110,21,this.height,11,class->block->function->block->block_content->return->expr->call->name->name->operator->name,
2,161,rectangle_java2.jpg,rectangle_java2.jpg,6526854475,72,1172.2344444444443,590.3727777777777,1140.5,585,110,21,this.height,11,class->block->function->block->block_content->return->expr->call->name->name->operator->name,
2,161,rectangle_java2.jpg,rectangle_java2.jpg,6526946361,88,1167.702727272727,575.7286363636364,1140.5,585,110,21,this.height,11,class->block->function->block->block_content->return->expr->call->name->name->operator->name,
2,161,rectangle_java2.jpg,rectangle_java2.jpg,6527046345,96,1180.1420833333334,585.10375,1140.5,585,110,21,this.height,11,class->block->function->block->block_content->return->expr->call->name->name->operator->name,
2,161,rectangle_java2.jpg,rectangle_java2.jpg,6527258424,108,1099.8355555555556,556.9774074074074,1064.5,549,71,21,this.y1,7,class->block->function->block->block_content->return->expr->name->name->operator->name,
2,161,rectangle_java2.jpg,rectangle_java2.jpg,6527462498,108,1104.385925925926,549.6511111111112,1064.5,549,71,21,this.y1,7,class->block->function->block->block_content->return->expr->name->name->operator->name,
2,161,rectangle_java2.jpg,rectangle_java2.jpg,6527630482,76,1220.5163157894738,604.95,1140.5,585,110,21,this.height,11,class->block->function->block->block_content->return->expr->call->name->name->operator->name,
2,161,rectangle_java2.jpg,rectangle_java2.jpg,6527770458,68,835.7158823529412,612.0076470588235,804.5,621,44,21,void,4,class->block->function->type->name,
2,161,rectangle_java2.jpg,rectangle_java2.jpg,6527850459,76,833.5578947368421,624.6273684210527,804.5,621,44,21,void,4,class->block->function->type->name,
2,161,rectangle_java2.jpg,rectangle_java2.jpg,6527986466,60,809.1873333333333,583.7053333333333,804.5,585,43,21,area,4,class->block->function->name,
2,161,rectangle_java2.jpg,rectangle_java2.jpg,6528154493,72,979.7222222222222,618.9022222222222,920.5,621,62,21,String,6,class->block->function->parameter_list->parameter->decl->type->name->name,
2,161,rectangle_java2.jpg,rectangle_java2.jpg,6528154493,72,979.7222222222222,618.9022222222222,990.5,621,10,21,[,1,class->block->function->parameter_list->parameter->decl->type->name->index,
2,161,rectangle_java2.jpg,rectangle_java2.jpg,6528230497,72,980.895,626.2383333333333,920.5,621,62,21,String,6,class->block->function->parameter_list->parameter->decl->type->name->name,
2,161,rectangle_java2.jpg,rectangle_java2.jpg,6528230497,72,980.895,626.2383333333333,990.5,621,10,21,[,1,class->block->function->parameter_list->parameter->decl->type->name->index,
2,161,rectangle_java2.jpg,rectangle_java2.jpg,6528430506,144,1044.703611111111,627.365,1025.5,621,42,21,args,4,class->block->function->parameter_list->parameter->decl->name,
2,161,rectangle_java2.jpg,rectangle_java2.jpg,6528578512,60,785.1233333333333,683.3713333333334,730.5,694,177,21,System.out.println,18,class->block->function->block->block_content->expr_stmt->expr->call->name->name->operator->name->operator->name,
2,161,rectangle_java2.jpg,rectangle_java2.jpg,6528758481,176,779.2927272727272,672.4556818181818,730.5,658,91,20,Rectangle,9,class->block->function->block->block_content->decl_stmt->decl->type->name,
2,161,rectangle_java2.jpg,rectangle_java2.jpg,6528942336,180,782.9822222222222,681.5311111111112,730.5,694,177,21,System.out.println,18,class->block->function->block->block_content->expr_stmt->expr->call->name->name->operator->name->operator->name,
2,161,rectangle_java2.jpg,rectangle_java2.jpg,6529110349,104,827.1734615384615,744.5507692307692,826.5,731,51,20,rect2,5,class->block->function->block->block_content->decl_stmt->decl->name,
2,161,rectangle_java2.jpg,rectangle_java2.jpg,6529182355,68,832.0635294117648,741.8470588235294,826.5,731,51,20,rect2,5,class->block->function->block->block_content->decl_stmt->decl->name,
2,161,rectangle_java2.jpg,rectangle_java2.jpg,6529406350,116,894.2003448275862,733.741724137931,883.5,731,15,20,=,1,class->block->function->block->block_content->decl_stmt->decl->init,
2,161,rectangle_java2.jpg,rectangle_java2.jpg,6529406350,116,894.2003448275862,733.741724137931,902.5,731,34,20,new,3,class->block->function->block->block_content->decl_stmt->decl->init->expr->operator,
2,161,rectangle_java2.jpg,rectangle_java2.jpg,6529514376,72,832.2444444444444,736.6366666666667,826.5,731,51,20,rect2,5,class->block->function->block->block_content->decl_stmt->decl->name,
2,161,rectangle_java2.jpg,rectangle_java2.jpg,6529618376,100,819.5264,729.9136,730.5,731,91,20,Rectangle,9,class->block->function->block->block_content->decl_stmt->decl->type->name,
2,161,rectangle_java2.jpg,rectangle_java2.jpg,6529618376,100,819.5264,729.9136,826.5,731,51,20,rect2,5,class->block->function->block->block_content->decl_stmt->decl->name,
2,161,rectangle_java2.jpg,rectangle_java2.jpg,6529726266,60,852.1366666666667,746.0573333333333,826.5,731,51,20,rect2,5,class->block->function->block->block_content->decl_stmt->decl->name,
2,161,rectangle_java2.jpg,rectangle_java2.jpg,6529814228,84,869.8728571428571,736.3814285714286,826.5,731,51,20,rect2,5,class->block->function->block->block_content->decl_stmt->decl->name,
2,161,rectangle_java2.jpg,rectangle_java2.jpg,6530338401,80,1037.1015,707.785,1041.5,694,9,21,(,1,class->block->function->block->block_content->expr_stmt->expr->call->argument_list->argument->expr->call->argument_list,
2,161,rectangle_java2.jpg,rectangle_java2.jpg,6530490378,72,1056.5083333333332,726.1338888888889,1057.5,731,13,20,5,1,class->block->function->block->block_content->decl_stmt->decl->init->expr->call->argument_list->argument->expr->literal,
2,161,rectangle_java2.jpg,rectangle_java2.jpg,6530662248,120,1109.173,720.1883333333334,1115.5,731,10,20,"""","""",1,class->block->function->block->block_content->decl_stmt->decl->init->expr->call->argument_list
2,161,rectangle_java2.jpg,rectangle_java2.jpg,6530778081,112,1096.4310714285714,728.3478571428572,1095.5,731,13,20,5,1,class->block->function->block->block_content->decl_stmt->decl->init->expr->call->argument_list->argument->expr->literal,
2,161,rectangle_java2.jpg,rectangle_java2.jpg,6530882096,100,1104.13,713.8864,1096.5,694,10,21,;,1,class->block->function->block->block_content->expr_stmt,
2,161,rectangle_java2.jpg,rectangle_java2.jpg,6531062179,140,1118.6968571428572,730.0411428571429,1115.5,731,10,20,"""","""",1,class->block->function->block->block_content->decl_stmt->decl->init->expr->call->argument_list
2,161,rectangle_java2.jpg,rectangle_java2.jpg,6531142204,76,1105.8526315789472,722.86,1095.5,731,13,20,5,1,class->block->function->block->block_content->decl_stmt->decl->init->expr->call->argument_list->argument->expr->literal,
2,161,rectangle_java2.jpg,rectangle_java2.jpg,6531142204,76,1105.8526315789472,722.86,1115.5,731,10,20,"""","""",1,class->block->function->block->block_content->decl_stmt->decl->init->expr->call->argument_list
2,161,rectangle_java2.jpg,rectangle_java2.jpg,6531330202,92,834.444347826087,720.9495652173913,826.5,731,51,20,rect2,5,class->block->function->block->block_content->decl_stmt->decl->name,
2,161,rectangle_java2.jpg,rectangle_java2.jpg,6531410208,76,826.6747368421053,724.4594736842105,826.5,731,51,20,rect2,5,class->block->function->block->block_content->decl_stmt->decl->name,
2,161,rectangle_java2.jpg,rectangle_java2.jpg,6531522230,108,835.3811111111111,708.0814814814814,730.5,694,177,21,System.out.println,18,class->block->function->block->block_content->expr_stmt->expr->call->name->name->operator->name->operator->name,
2,161,rectangle_java2.jpg,rectangle_java2.jpg,6532322264,192,803.5635416666667,709.821875,730.5,694,177,21,System.out.println,18,class->block->function->block->block_content->expr_stmt->expr->call->name->name->operator->name->operator->name,
2,161,rectangle_java2.jpg,rectangle_java2.jpg,6532466209,56,867.5907142857143,732.9135714285715,826.5,731,51,20,rect2,5,class->block->function->block->block_content->decl_stmt->decl->name,
2,161,rectangle_java2.jpg,rectangle_java2.jpg,6532570098,60,865.454,720.254,826.5,731,51,20,rect2,5,class->block->function->block->block_content->decl_stmt->decl->name,
2,161,rectangle_java2.jpg,rectangle_java2.jpg,6532785985,184,926.3458695652174,728.5458695652173,902.5,731,34,20,new,3,class->block->function->block->block_content->decl_stmt->decl->init->expr->operator,
2,161,rectangle_java2.jpg,rectangle_java2.jpg,6532966087,136,1044.3117647058823,730.6076470588235,1041.5,731,9,20,(,1,class->block->function->block->block_content->decl_stmt->decl->init->expr->call->argument_list,
2,161,rectangle_java2.jpg,rectangle_java2.jpg,6533090120,120,1040.388,723.541,1041.5,731,9,20,(,1,class->block->function->block->block_content->decl_stmt->decl->init->expr->call->argument_list,
2,161,rectangle_java2.jpg,rectangle_java2.jpg,6533690078,136,770.6958823529412,687.7108823529412,730.5,694,177,21,System.out.println,18,class->block->function->block->block_content->expr_stmt->expr->call->name->name->operator->name->operator->name,
2,161,rectangle_java2.jpg,rectangle_java2.jpg,6533910135,216,767.8468518518519,686.7296296296296,730.5,694,177,21,System.out.println,18,class->block->function->block->block_content->expr_stmt->expr->call->name->name->operator->name->operator->name,
2,161,rectangle_java2.jpg,rectangle_java2.jpg,6534114088,100,960.8836,728.78,941.5,731,91,20,Rectangle,9,class->block->function->block->block_content->decl_stmt->decl->init->expr->call->name,
2,161,rectangle_java2.jpg,rectangle_java2.jpg,6534298098,128,1099.2734375,723.9853125,1095.5,731,13,20,5,1,class->block->function->block->block_content->decl_stmt->decl->init->expr->call->argument_list->argument->expr->literal,
2,161,rectangle_java2.jpg,rectangle_java2.jpg,6534785972,208,817.8101923076923,747.0088461538462,730.5,731,91,20,Rectangle,9,class->block->function->block->block_content->decl_stmt->decl->type->name,
2,161,rectangle_java2.jpg,rectangle_java2.jpg,6534785972,208,817.8101923076923,747.0088461538462,826.5,731,51,20,rect2,5,class->block->function->block->block_content->decl_stmt->decl->name,
2,161,rectangle_java2.jpg,rectangle_java2.jpg,6534969943,92,857.4208695652173,545.5760869565217,863.5,549,9,21,),1,class->block->function->parameter_list,
2,161,rectangle_java2.jpg,rectangle_java2.jpg,6535173991,112,855.1746428571429,601.9571428571429,856.5,585,9,21,(,1,class->block->function->parameter_list,
2,161,rectangle_java2.jpg,rectangle_java2.jpg,6535302049,56,1039.4878571428571,630.4557142857143,1025.5,621,42,21,args,4,class->block->function->parameter_list->parameter->decl->name,
2,161,rectangle_java2.jpg,rectangle_java2.jpg,6535374057,68,1046.7476470588235,636.1229411764706,1025.5,621,42,21,args,4,class->block->function->parameter_list->parameter->decl->name,
2,161,rectangle_java2.jpg,rectangle_java2.jpg,6535494040,116,1041.364827586207,619.2572413793104,1025.5,621,42,21,args,4,class->block->function->parameter_list->parameter->decl->name,
2,161,rectangle_java2.jpg,rectangle_java2.jpg,6535598017,100,1034.2388,629.0348,1025.5,621,42,21,args,4,class->block->function->parameter_list->parameter->decl->name,
2,161,rectangle_java2.jpg,rectangle_java2.jpg,6535686002,84,1067.057142857143,631.9504761904761,1025.5,621,42,21,args,4,class->block->function->parameter_list->parameter->decl->name,
2,161,rectangle_java2.jpg,rectangle_java2.jpg,6535686002,84,1067.057142857143,631.9504761904761,1074.5,621,10,21,),1,class->block->function->parameter_list,
2,161,rectangle_java2.jpg,rectangle_java2.jpg,6535766015,76,1070.0847368421053,634.7152631578947,1074.5,621,10,21,),1,class->block->function->parameter_list,
2,161,rectangle_java2.jpg,rectangle_java2.jpg,6535866068,96,1073.255,618.2766666666666,1074.5,621,10,21,),1,class->block->function->parameter_list,
2,161,rectangle_java2.jpg,rectangle_java2.jpg,6536293960,68,809.9764705882353,700.8458823529412,730.5,694,177,21,System.out.println,18,class->block->function->block->block_content->expr_stmt->expr->call->name->name->operator->name->operator->name,
2,161,rectangle_java2.jpg,rectangle_java2.jpg,6536453845,112,781.4110714285714,722.0260714285714,730.5,731,91,20,Rectangle,9,class->block->function->block->block_content->decl_stmt->decl->type->name,
2,161,rectangle_java2.jpg,rectangle_java2.jpg,6536545750,88,777.9304545454545,740.8281818181817,730.5,731,91,20,Rectangle,9,class->block->function->block->block_content->decl_stmt->decl->type->name,
2,161,rectangle_java2.jpg,rectangle_java2.jpg,6536681807,132,775.8581818181818,756.9836363636364,730.5,766,177,21,System.out.println,18,class->block->function->block->block_content->expr_stmt->expr->call->name->name->operator->name->operator->name,
2,161,rectangle_java2.jpg,rectangle_java2.jpg,6536957878,88,857.0077272727273,753.9177272727272,730.5,766,177,21,System.out.println,18,class->block->function->block->block_content->expr_stmt->expr->call->name->name->operator->name->operator->name,
2,161,rectangle_java2.jpg,rectangle_java2.jpg,6537109799,88,925.8413636363636,761.829090909091,932.5,766,100,21,rect2.area,10,class->block->function->block->block_content->expr_stmt->expr->call->argument_list->argument->expr->call->name->name->operator->name,
2,161,rectangle_java2.jpg,rectangle_java2.jpg,6537197757,84,940.435238095238,767.01,932.5,766,100,21,rect2.area,10,class->block->function->block->block_content->expr_stmt->expr->call->argument_list->argument->expr->call->name->name->operator->name,
2,161,rectangle_java2.jpg,rectangle_java2.jpg,6537265725,64,930.429375,761.185,932.5,766,100,21,rect2.area,10,class->block->function->block->block_content->expr_stmt->expr->call->argument_list->argument->expr->call->name->name->operator->name,
2,161,rectangle_java2.jpg,rectangle_java2.jpg,6539773788,128,895.066875,309.7321875,890.5,295,24,21,x1,2,class->block->constructor->parameter_list->parameter->decl->type->name,
2,161,rectangle_java2.jpg,rectangle_java2.jpg,6539893780,116,894.7010344827586,301.0462068965517,890.5,295,24,21,x1,2,class->block->constructor->parameter_list->parameter->decl->type->name,
2,161,rectangle_java2.jpg,rectangle_java2.jpg,6540005723,108,881.9774074074074,304.3948148148148,853.5,295,32,21,int,3,class->block->constructor->parameter_list->parameter->decl->type->name,
2,161,rectangle_java2.jpg,rectangle_java2.jpg,6540005723,108,881.9774074074074,304.3948148148148,890.5,295,24,21,x1,2,class->block->constructor->parameter_list->parameter->decl->type->name,
2,161,rectangle_java2.jpg,rectangle_java2.jpg,6540121523,64,929.354375,302.016875,921.5,295,9,21,"""","""",1,class->block->constructor->parameter_list
2,161,rectangle_java2.jpg,rectangle_java2.jpg,6540121523,64,929.354375,302.016875,939.5,295,33,21,int,3,class->block->constructor->parameter_list->parameter->decl->type->name,
2,161,rectangle_java2.jpg,rectangle_java2.jpg,6540293523,168,942.5507142857144,313.6604761904762,939.5,295,33,21,int,3,class->block->constructor->parameter_list->parameter->decl->type->name,
2,161,rectangle_java2.jpg,rectangle_java2.jpg,6540493623,108,799.3644444444444,337.8625925925926,730.5,331,71,19,this.x1,7,class->block->constructor->block->block_content->expr_stmt->expr->name->name->operator->name,
2,161,rectangle_java2.jpg,rectangle_java2.jpg,6540493623,108,799.3644444444444,337.8625925925926,806.5,331,15,19,=,1,class->block->constructor->block->block_content->expr_stmt->expr->operator,
2,161,rectangle_java2.jpg,rectangle_java2.jpg,6540621667,124,823.1593548387096,323.87967741935483,826.5,331,23,19,x1,2,class->block->constructor->block->block_content->expr_stmt->expr->name->name,
2,161,rectangle_java2.jpg,rectangle_java2.jpg,6540737624,112,832.0660714285714,333.355,826.5,331,23,19,x1,2,class->block->constructor->block->block_content->expr_stmt->expr->name->name,
2,161,rectangle_java2.jpg,rectangle_java2.jpg,6540849601,108,832.5140740740741,348.6359259259259,826.5,331,23,19,x1,2,class->block->constructor->block->block_content->expr_stmt->expr->name->name,
2,161,rectangle_java2.jpg,rectangle_java2.jpg,6541545612,140,969.0608571428572,293.88142857142856,939.5,295,33,21,int,3,class->block->constructor->parameter_list->parameter->decl->type->name,
2,161,rectangle_java2.jpg,rectangle_java2.jpg,6541545612,140,969.0608571428572,293.88142857142856,977.5,295,23,21,y1,2,class->block->constructor->parameter_list->parameter->decl->type->name,
2,161,rectangle_java2.jpg,rectangle_java2.jpg,6541657610,108,981.2274074074074,296.8948148148148,977.5,295,23,21,y1,2,class->block->constructor->parameter_list->parameter->decl->type->name,
2,161,rectangle_java2.jpg,rectangle_java2.jpg,6542657522,124,1055.4103225806452,314.51612903225805,1025.5,295,33,21,int,3,class->block->constructor->parameter_list->parameter->decl->type->name,
2,161,rectangle_java2.jpg,rectangle_java2.jpg,6542657522,124,1055.4103225806452,314.51612903225805,1063.5,295,23,21,x2,2,class->block->constructor->parameter_list->parameter->decl->type->name,
2,161,rectangle_java2.jpg,rectangle_java2.jpg,6543221481,156,819.074358974359,401.8305128205128,806.5,404,15,19,=,1,class->block->constructor->block->block_content->expr_stmt->expr->operator,
2,161,rectangle_java2.jpg,rectangle_java2.jpg,6543221481,156,819.074358974359,401.8305128205128,826.5,404,23,19,x2,2,class->block->constructor->block->block_content->expr_stmt->expr->name->name,
2,161,rectangle_java2.jpg,rectangle_java2.jpg,6543333482,108,811.1285185185185,416.83629629629627,806.5,404,15,19,=,1,class->block->constructor->block->block_content->expr_stmt->expr->operator,
2,161,rectangle_java2.jpg,rectangle_java2.jpg,6543421497,84,826.2257142857143,438.9461904761904,826.5,440,23,21,y2,2,class->block->constructor->block->block_content->expr_stmt->expr->name->name,
2,161,rectangle_java2.jpg,rectangle_java2.jpg,6543505516,80,828.9595,415.336,826.5,404,23,19,x2,2,class->block->constructor->block->block_content->expr_stmt->expr->name->name,
2,161,rectangle_java2.jpg,rectangle_java2.jpg,6545017354,124,853.5038709677419,550.0409677419354,846.5,549,10,21,(,1,class->block->function->parameter_list,
2,161,rectangle_java2.jpg,rectangle_java2.jpg,6545017354,124,853.5038709677419,550.0409677419354,863.5,549,9,21,),1,class->block->function->parameter_list,
2,161,rectangle_java2.jpg,rectangle_java2.jpg,6545121372,100,848.3036,551.1432,846.5,549,10,21,(,1,class->block->function->parameter_list,
2,161,rectangle_java2.jpg,rectangle_java2.jpg,6545281370,120,863.6363333333334,510.3073333333333,874.5,512,10,21,{,1,class->block->function->block,
2,161,rectangle_java2.jpg,rectangle_java2.jpg,6545437423,84,903.4933333333332,525.1561904761904,891.5,512,62,21,return,6,class->block->function->block->block_content->return->expr->name->name,
2,161,rectangle_java2.jpg,rectangle_java2.jpg,6545633419,136,882.4432352941177,506.1570588235294,874.5,512,10,21,{,1,class->block->function->block,
2,161,rectangle_java2.jpg,rectangle_java2.jpg,6545633419,136,882.4432352941177,506.1570588235294,891.5,512,62,21,return,6,class->block->function->block->block_content->return->expr->name->name,
2,161,rectangle_java2.jpg,rectangle_java2.jpg,6545937260,252,764.4436507936508,503.72968253968247,737.5,512,33,21,int,3,class->block->function->type->name,
2,161,rectangle_java2.jpg,rectangle_java2.jpg,6545937260,252,764.4436507936508,503.72968253968247,775.5,512,53,21,width,5,class->block->function->name,
2,161,rectangle_java2.jpg,rectangle_java2.jpg,6546321277,60,821.996,448.7080000000001,826.5,440,23,21,y2,2,class->block->constructor->block->block_content->expr_stmt->expr->name->name,
2,161,rectangle_java2.jpg,rectangle_java2.jpg,6546521269,84,770.4771428571429,500.1752380952381,737.5,512,33,21,int,3,class->block->function->type->name,
2,161,rectangle_java2.jpg,rectangle_java2.jpg,6546521269,84,770.4771428571429,500.1752380952381,775.5,512,53,21,width,5,class->block->function->name,
2,161,rectangle_java2.jpg,rectangle_java2.jpg,6546833223,56,660.2535714285714,818.9764285714286,672.5,804,10,18,},1,class->block->function->block,
2,161,rectangle_java2.jpg,rectangle_java2.jpg,6547197313,124,714.7932258064516,543.6345161290322,669.5,549,63,21,public,6,class->block->function->type->specifier,
2,161,rectangle_java2.jpg,rectangle_java2.jpg,6547361302,96,768.425,510.0008333333333,737.5,512,33,21,int,3,class->block->function->type->name,
2,161,rectangle_java2.jpg,rectangle_java2.jpg,6547361302,96,768.425,510.0008333333333,775.5,512,53,21,width,5,class->block->function->name,
2,161,rectangle_java2.jpg,rectangle_java2.jpg,6547517264,60,774.7146666666666,516.2686666666667,775.5,512,53,21,width,5,class->block->function->name,
2,161,rectangle_java2.jpg,rectangle_java2.jpg,6547609165,64,923.463125,504.26,891.5,512,62,21,return,6,class->block->function->block->block_content->return->expr->name->name,
2,161,rectangle_java2.jpg,rectangle_java2.jpg,6547681051,68,914.194705882353,521.8382352941177,891.5,512,62,21,return,6,class->block->function->block->block_content->return->expr->name->name,
2,161,rectangle_java2.jpg,rectangle_java2.jpg,6547804972,120,926.0606666666666,505.9463333333333,891.5,512,62,21,return,6,class->block->function->block->block_content->return->expr->name->name,
2,161,rectangle_java2.jpg,rectangle_java2.jpg,6547877011,68,945.8364705882352,511.9317647058824,891.5,512,62,21,return,6,class->block->function->block->block_content->return->expr->name->name,
2,161,rectangle_java2.jpg,rectangle_java2.jpg,6548065093,184,956.777608695652,510.00065217391307,958.5,512,71,21,this.x2,7,class->block->function->block->block_content->return->expr->name->name->operator->name->operator,
2,161,rectangle_java2.jpg,rectangle_java2.jpg,6548185124,116,955.9779310344828,509.95620689655175,958.5,512,71,21,this.x2,7,class->block->function->block->block_content->return->expr->name->name->operator->name->operator,
2,161,rectangle_java2.jpg,rectangle_java2.jpg,6548257123,68,957.730588235294,509.3876470588235,958.5,512,71,21,this.x2,7,class->block->function->block->block_content->return->expr->name->name->operator->name->operator,
2,161,rectangle_java2.jpg,rectangle_java2.jpg,6548333122,72,963.55,513.7994444444445,958.5,512,71,21,this.x2,7,class->block->function->block->block_content->return->expr->name->name->operator->name->operator,
2,161,rectangle_java2.jpg,rectangle_java2.jpg,6548429122,92,956.9330434782609,502.3604347826088,958.5,512,71,21,this.x2,7,class->block->function->block->block_content->return->expr->name->name->operator->name->operator,
2,161,rectangle_java2.jpg,rectangle_java2.jpg,6548541117,108,957.698148148148,507.3711111111111,958.5,512,71,21,this.x2,7,class->block->function->block->block_content->return->expr->name->name->operator->name->operator,
2,161,rectangle_java2.jpg,rectangle_java2.jpg,6548729148,116,846.4303448275862,529.0958620689655,837.5,512,9,21,(,1,class->block->function->parameter_list,
2,161,rectangle_java2.jpg,rectangle_java2.jpg,6548729148,116,846.4303448275862,529.0958620689655,854.5,512,9,21,),1,class->block->function->parameter_list,
2,161,rectangle_java2.jpg,rectangle_java2.jpg,6548925124,64,823.495,576.9562500000001,804.5,585,43,21,area,4,class->block->function->name,
2,161,rectangle_java2.jpg,rectangle_java2.jpg,6549141181,116,950.846551724138,556.0003448275862,900.5,549,63,21,return,6,class->block->function->block->block_content->return,
2,161,rectangle_java2.jpg,rectangle_java2.jpg,6549269168,124,956.751935483871,572.6961290322581,910.5,585,62,21,return,6,class->block->function->block->block_content->return,
2,161,rectangle_java2.jpg,rectangle_java2.jpg,6549437090,164,953.1178048780488,554.7695121951219,900.5,549,63,21,return,6,class->block->function->block->block_content->return,
2,161,rectangle_java2.jpg,rectangle_java2.jpg,6549809060,76,818.3557894736842,553.5805263157895,775.5,549,62,21,height,6,class->block->function->name,
2,161,rectangle_java2.jpg,rectangle_java2.jpg,6549893001,80,816.574,578.8735,804.5,585,43,21,area,4,class->block->function->name,
2,161,rectangle_java2.jpg,rectangle_java2.jpg,6549976962,80,825.951,583.117,804.5,585,43,21,area,4,class->block->function->name,
2,161,rectangle_java2.jpg,rectangle_java2.jpg,6550068973,56,920.0307142857145,568.2785714285715,900.5,549,63,21,return,6,class->block->function->block->block_content->return,
2,161,rectangle_java2.jpg,rectangle_java2.jpg,6550176995,104,918.6453846153846,562.1634615384615,900.5,549,63,21,return,6,class->block->function->block->block_content->return,
2,161,rectangle_java2.jpg,rectangle_java2.jpg,6550237012,56,911.9135714285716,579.3307142857143,910.5,585,62,21,return,6,class->block->function->block->block_content->return,
2,161,rectangle_java2.jpg,rectangle_java2.jpg,6550585068,176,1000.6454545454544,573.2156818181818,977.5,585,101,21,this.width,10,class->block->function->block->block_content->return->expr->call->name->name->operator->name,
2,161,rectangle_java2.jpg,rectangle_java2.jpg,6550781144,192,997.4439583333332,575.6210416666667,977.5,585,101,21,this.width,10,class->block->function->block->block_content->return->expr->call->name->name->operator->name,
2,161,rectangle_java2.jpg,rectangle_java2.jpg,6550909029,84,1147.4204761904762,579.1652380952381,1140.5,585,110,21,this.height,11,class->block->function->block->block_content->return->expr->call->name->name->operator->name,
2,161,rectangle_java2.jpg,rectangle_java2.jpg,6551069005,156,1146.0464102564104,585.5689743589744,1140.5,585,110,21,this.height,11,class->block->function->block->block_content->return->expr->call->name->name->operator->name,
2,161,rectangle_java2.jpg,rectangle_java2.jpg,6551189045,116,1172.053448275862,584.4168965517241,1140.5,585,110,21,this.height,11,class->block->function->block->block_content->return->expr->call->name->name->operator->name,
2,161,rectangle_java2.jpg,rectangle_java2.jpg,6551369043,112,889.4314285714286,631.1707142857143,851.5,621,44,21,main,4,class->block->function->name,
2,161,rectangle_java2.jpg,rectangle_java2.jpg,6551492918,120,884.027,629.878,851.5,621,44,21,main,4,class->block->function->name,
2,161,rectangle_java2.jpg,rectangle_java2.jpg,6551572844,56,1080.6978571428572,617.6707142857143,1074.5,621,10,21,),1,class->block->function->parameter_list,
2,161,rectangle_java2.jpg,rectangle_java2.jpg,6551648813,72,1089.2283333333332,618.4561111111111,1094.5,621,10,21,{,1,class->block->function->block,
2,161,rectangle_java2.jpg,rectangle_java2.jpg,6551824789,128,802.390625,372.3840625,806.5,367,15,21,=,1,class->block->constructor->block->block_content->expr_stmt->expr->operator,
2,161,rectangle_java2.jpg,rectangle_java2.jpg,6551952802,124,803.6490322580645,383.6977419354839,806.5,367,15,21,=,1,class->block->constructor->block->block_content->expr_stmt->expr->operator,
2,161,rectangle_java2.jpg,rectangle_java2.jpg,6552032822,76,805.23,366.9,806.5,367,15,21,=,1,class->block->constructor->block->block_content->expr_stmt->expr->operator,
2,161,rectangle_java2.jpg,rectangle_java2.jpg,6552244855,208,804.3071153846154,332.91365384615386,806.5,331,15,19,=,1,class->block->constructor->block->block_content->expr_stmt->expr->operator,
2,161,rectangle_java2.jpg,rectangle_java2.jpg,6552428911,180,810.3684444444444,344.30555555555554,806.5,331,15,19,=,1,class->block->constructor->block->block_content->expr_stmt->expr->operator,
2,161,rectangle_java2.jpg,rectangle_java2.jpg,6553248808,116,804.1586206896552,302.1655172413793,737.5,295,91,21,Rectangle,9,class->block->constructor->name,
