trial,participant,code_file,code_language,timestamp,duration,x_cord,y_cord,aoi_x,aoi_y,aoi_width,aoi_height,token,length,srcML,
2,169,rectangle_java2.jpg,rectangle_java2.jpg,2191299491,80,802.4905,240.771,715.5,222,90,21,Rectangle,9,class->name,
2,169,rectangle_java2.jpg,rectangle_java2.jpg,2191299491,80,802.4905,240.771,813.5,222,10,21,{,1,class->block,
2,169,rectangle_java2.jpg,rectangle_java2.jpg,2195898930,160,756.33075,226.23225,715.5,222,90,21,Rectangle,9,class->name,
2,169,rectangle_java2.jpg,rectangle_java2.jpg,2196090974,188,760.1482978723404,232.0572340425532,715.5,222,90,21,Rectangle,9,class->name,
2,169,rectangle_java2.jpg,rectangle_java2.jpg,2196342987,216,793.4168518518519,252.5905555555556,785.5,259,23,21,x1,2,class->block->decl_stmt->decl->name,
2,169,rectangle_java2.jpg,rectangle_java2.jpg,2196458961,92,869.1921739130435,267.31652173913045,863.5,259,10,21,"""","""",1,class->block->decl_stmt
2,169,rectangle_java2.jpg,rectangle_java2.jpg,2196458961,92,869.1921739130435,267.31652173913045,881.5,259,23,21,x2,2,class->block->decl_stmt->decl->name,
2,169,rectangle_java2.jpg,rectangle_java2.jpg,2197686932,212,773.7792452830189,236.89056603773588,715.5,222,90,21,Rectangle,9,class->name,
2,169,rectangle_java2.jpg,rectangle_java2.jpg,2198130887,68,765.8835294117647,230.0988235294118,715.5,222,90,21,Rectangle,9,class->name,
2,169,rectangle_java2.jpg,rectangle_java2.jpg,2203135587,96,759.5608333333333,219.2733333333333,715.5,222,90,21,Rectangle,9,class->name,
2,169,rectangle_java2.jpg,rectangle_java2.jpg,2203527648,60,809.7853333333334,237.74466666666663,813.5,222,10,21,{,1,class->block,
2,169,rectangle_java2.jpg,rectangle_java2.jpg,2204187430,84,819.4309523809524,242.77666666666664,813.5,222,10,21,{,1,class->block,
2,169,rectangle_java2.jpg,rectangle_java2.jpg,2204943287,68,820.7782352941176,287.6594117647059,737.5,295,91,21,Rectangle,9,class->block->constructor->name,
2,169,rectangle_java2.jpg,rectangle_java2.jpg,2205007237,60,827.328,301.61333333333334,737.5,295,91,21,Rectangle,9,class->block->constructor->name,
2,169,rectangle_java2.jpg,rectangle_java2.jpg,2205007237,60,827.328,301.61333333333334,837.5,295,9,21,(,1,class->block->constructor->parameter_list,
2,169,rectangle_java2.jpg,rectangle_java2.jpg,2205231246,84,873.8833333333333,309.4,853.5,295,32,21,int,3,class->block->constructor->parameter_list->parameter->decl->type->name,
2,169,rectangle_java2.jpg,rectangle_java2.jpg,2205395282,136,806.420294117647,318.9655882352941,806.5,331,15,19,=,1,class->block->constructor->block->block_content->expr_stmt->expr->operator,
2,169,rectangle_java2.jpg,rectangle_java2.jpg,2205667321,240,910.5286666666668,312.7248333333333,890.5,295,24,21,x1,2,class->block->constructor->parameter_list->parameter->decl->type->name,
2,169,rectangle_java2.jpg,rectangle_java2.jpg,2205667321,240,910.5286666666668,312.7248333333333,921.5,295,9,21,"""","""",1,class->block->constructor->parameter_list
2,169,rectangle_java2.jpg,rectangle_java2.jpg,2205811336,140,913.5408571428572,307.2682857142857,890.5,295,24,21,x1,2,class->block->constructor->parameter_list->parameter->decl->type->name,
2,169,rectangle_java2.jpg,rectangle_java2.jpg,2205811336,140,913.5408571428572,307.2682857142857,921.5,295,9,21,"""","""",1,class->block->constructor->parameter_list
2,169,rectangle_java2.jpg,rectangle_java2.jpg,2206719053,72,865.5838888888889,365.30944444444447,856.5,367,10,21,;,1,class->block->constructor->block->block_content->expr_stmt,
2,169,rectangle_java2.jpg,rectangle_java2.jpg,2207275158,96,867.96625,300.65166666666664,853.5,295,32,21,int,3,class->block->constructor->parameter_list->parameter->decl->type->name,
2,169,rectangle_java2.jpg,rectangle_java2.jpg,2207967229,136,923.854411764706,300.42558823529413,921.5,295,9,21,"""","""",1,class->block->constructor->parameter_list
2,169,rectangle_java2.jpg,rectangle_java2.jpg,2208123087,120,1028.1623333333334,284.31166666666667,1025.5,295,33,21,int,3,class->block->constructor->parameter_list->parameter->decl->type->name,
2,169,rectangle_java2.jpg,rectangle_java2.jpg,2208807156,308,845.3141558441558,365.5361038961039,826.5,367,23,21,y1,2,class->block->constructor->block->block_content->expr_stmt->expr->name->name,
2,169,rectangle_java2.jpg,rectangle_java2.jpg,2208807156,308,845.3141558441558,365.5361038961039,856.5,367,10,21,;,1,class->block->constructor->block->block_content->expr_stmt,
2,169,rectangle_java2.jpg,rectangle_java2.jpg,2209035158,168,806.3542857142858,360.6816666666667,806.5,367,15,21,=,1,class->block->constructor->block->block_content->expr_stmt->expr->operator,
2,169,rectangle_java2.jpg,rectangle_java2.jpg,2209215055,156,856.2666666666667,392.8538461538462,856.5,404,10,19,;,1,class->block->constructor->block->block_content->expr_stmt,
2,169,rectangle_java2.jpg,rectangle_java2.jpg,2209307036,88,861.3077272727272,396.8640909090909,856.5,404,10,19,;,1,class->block->constructor->block->block_content->expr_stmt,
2,169,rectangle_java2.jpg,rectangle_java2.jpg,2210714956,68,834.104705882353,444.7882352941176,826.5,440,23,21,y2,2,class->block->constructor->block->block_content->expr_stmt->expr->name->name,
2,169,rectangle_java2.jpg,rectangle_java2.jpg,2210998882,108,878.5507407407407,527.6981481481481,874.5,512,10,21,{,1,class->block->function->block,
2,169,rectangle_java2.jpg,rectangle_java2.jpg,2211074856,72,877.5061111111111,513.1655555555556,874.5,512,10,21,{,1,class->block->function->block,
2,169,rectangle_java2.jpg,rectangle_java2.jpg,2211138831,60,824.7126666666667,509.7673333333333,775.5,512,53,21,width,5,class->block->function->name,
2,169,rectangle_java2.jpg,rectangle_java2.jpg,2212026766,64,863.375625,500.52,854.5,512,9,21,),1,class->block->function->parameter_list,
2,169,rectangle_java2.jpg,rectangle_java2.jpg,2212026766,64,863.375625,500.52,874.5,512,10,21,{,1,class->block->function->block,
2,169,rectangle_java2.jpg,rectangle_java2.jpg,2212102762,72,876.7688888888889,503.4500000000001,874.5,512,10,21,{,1,class->block->function->block,
2,169,rectangle_java2.jpg,rectangle_java2.jpg,2212234749,128,884.119375,524.026875,874.5,512,10,21,{,1,class->block->function->block,
2,169,rectangle_java2.jpg,rectangle_java2.jpg,2212234749,128,884.119375,524.026875,891.5,512,62,21,return,6,class->block->function->block->block_content->return->expr->name->name,
2,169,rectangle_java2.jpg,rectangle_java2.jpg,2212306742,68,873.4129411764706,513.6052941176471,874.5,512,10,21,{,1,class->block->function->block,
2,169,rectangle_java2.jpg,rectangle_java2.jpg,2212534816,92,920.8639130434784,545.2539130434783,900.5,549,63,21,return,6,class->block->function->block->block_content->return,
2,169,rectangle_java2.jpg,rectangle_java2.jpg,2212674836,112,1011.3539285714286,536.7964285714286,968.5,549,70,21,this.y2,7,class->block->function->block->block_content->return->expr->name->name->operator->name,
2,169,rectangle_java2.jpg,rectangle_java2.jpg,2213026572,248,1001.0429032258064,537.2493548387097,968.5,549,70,21,this.y2,7,class->block->function->block->block_content->return->expr->name->name->operator->name,
2,169,rectangle_java2.jpg,rectangle_java2.jpg,2213122574,92,1000.7156521739132,540.4604347826087,968.5,549,70,21,this.y2,7,class->block->function->block->block_content->return->expr->name->name->operator->name,
2,169,rectangle_java2.jpg,rectangle_java2.jpg,2213302643,144,1033.8280555555557,531.0072222222223,1035.5,512,13,21,-,1,class->block->function->block->block_content->return->expr->name->name,
2,169,rectangle_java2.jpg,rectangle_java2.jpg,2213482625,124,1033.8277419354838,518.8948387096774,1035.5,512,13,21,-,1,class->block->function->block->block_content->return->expr->name->name,
2,169,rectangle_java2.jpg,rectangle_java2.jpg,2213594572,108,1025.6751851851852,524.9103703703704,958.5,512,71,21,this.x2,7,class->block->function->block->block_content->return->expr->name->name->operator->name->operator,
2,169,rectangle_java2.jpg,rectangle_java2.jpg,2213594572,108,1025.6751851851852,524.9103703703704,1035.5,512,13,21,-,1,class->block->function->block->block_content->return->expr->name->name,
2,169,rectangle_java2.jpg,rectangle_java2.jpg,2213674600,76,1031.0894736842106,532.0236842105263,1035.5,512,13,21,-,1,class->block->function->block->block_content->return->expr->name->name,
2,169,rectangle_java2.jpg,rectangle_java2.jpg,2213922645,68,903.2882352941176,513.7388235294118,891.5,512,62,21,return,6,class->block->function->block->block_content->return->expr->name->name,
2,169,rectangle_java2.jpg,rectangle_java2.jpg,2214190600,92,909.7434782608696,513.4073913043478,891.5,512,62,21,return,6,class->block->function->block->block_content->return->expr->name->name,
2,169,rectangle_java2.jpg,rectangle_java2.jpg,2214414342,148,1027.395945945946,541.4064864864865,968.5,549,70,21,this.y2,7,class->block->function->block->block_content->return->expr->name->name->operator->name,
2,169,rectangle_java2.jpg,rectangle_java2.jpg,2214598436,112,882.8835714285715,569.7014285714286,883.5,549,10,21,{,1,class->block->function->block,
2,169,rectangle_java2.jpg,rectangle_java2.jpg,2215226579,68,856.9399999999999,531.74,854.5,512,9,21,),1,class->block->function->parameter_list,
2,169,rectangle_java2.jpg,rectangle_java2.jpg,2215290589,60,865.2426666666667,547.776,863.5,549,9,21,),1,class->block->function->parameter_list,
2,169,rectangle_java2.jpg,rectangle_java2.jpg,2215362600,68,851.1641176470588,539.8235294117648,846.5,549,10,21,(,1,class->block->function->parameter_list,
2,169,rectangle_java2.jpg,rectangle_java2.jpg,2215362600,68,851.1641176470588,539.8235294117648,863.5,549,9,21,),1,class->block->function->parameter_list,
2,169,rectangle_java2.jpg,rectangle_java2.jpg,2215438586,72,846.4111111111112,531.3072222222222,837.5,512,9,21,(,1,class->block->function->parameter_list,
2,169,rectangle_java2.jpg,rectangle_java2.jpg,2215438586,72,846.4111111111112,531.3072222222222,854.5,512,9,21,),1,class->block->function->parameter_list,
2,169,rectangle_java2.jpg,rectangle_java2.jpg,2215522552,60,851.2853333333334,522.9486666666667,854.5,512,9,21,),1,class->block->function->parameter_list,
2,169,rectangle_java2.jpg,rectangle_java2.jpg,2215614529,72,954.1522222222222,540.2205555555555,900.5,549,63,21,return,6,class->block->function->block->block_content->return,
2,169,rectangle_java2.jpg,rectangle_java2.jpg,2215914408,244,958.8049180327868,550.0131147540984,900.5,549,63,21,return,6,class->block->function->block->block_content->return,
2,169,rectangle_java2.jpg,rectangle_java2.jpg,2215914408,244,958.8049180327868,550.0131147540984,968.5,549,70,21,this.y2,7,class->block->function->block->block_content->return->expr->name->name->operator->name,
2,169,rectangle_java2.jpg,rectangle_java2.jpg,2216070384,60,1091.962,578.2493333333333,1086.5,585,10,21,(,1,class->block->function->block->block_content->return->expr->call->argument_list,
2,169,rectangle_java2.jpg,rectangle_java2.jpg,2216070384,60,1091.962,578.2493333333333,1103.5,585,9,21,),1,class->block->function->block->block_content->return->expr->call->argument_list,
2,169,rectangle_java2.jpg,rectangle_java2.jpg,2216170406,96,1093.95875,566.64625,1064.5,549,71,21,this.y1,7,class->block->function->block->block_content->return->expr->name->name->operator->name,
2,169,rectangle_java2.jpg,rectangle_java2.jpg,2216362394,84,1070.4957142857145,572.8557142857143,977.5,585,101,21,this.width,10,class->block->function->block->block_content->return->expr->call->name->name->operator->name,
2,169,rectangle_java2.jpg,rectangle_java2.jpg,2216734394,84,1125.377619047619,523.3214285714286,1054.5,512,71,21,this.x1,7,class->block->function->block->block_content->return->expr->name->name->operator->name,
2,169,rectangle_java2.jpg,rectangle_java2.jpg,2216734394,84,1125.377619047619,523.3214285714286,1132.5,512,10,21,;,1,class->block->function->block,
2,169,rectangle_java2.jpg,rectangle_java2.jpg,2216846415,64,1137.73875,507.649375,1132.5,512,10,21,;,1,class->block->function->block,
2,169,rectangle_java2.jpg,rectangle_java2.jpg,2216930416,80,1134.5935,523.6800000000001,1132.5,512,10,21,;,1,class->block->function->block,
2,169,rectangle_java2.jpg,rectangle_java2.jpg,2217050406,64,1147.9875,547.980625,1142.5,549,10,21,;,1,class->block->function->block->block_content->return,
2,169,rectangle_java2.jpg,rectangle_java2.jpg,2217142393,88,1138.5945454545454,557.1704545454545,1142.5,549,10,21,;,1,class->block->function->block->block_content->return,
2,169,rectangle_java2.jpg,rectangle_java2.jpg,2218006052,96,972.3991666666668,589.87875,910.5,585,62,21,return,6,class->block->function->block->block_content->return,
2,169,rectangle_java2.jpg,rectangle_java2.jpg,2218006052,96,972.3991666666668,589.87875,977.5,585,101,21,this.width,10,class->block->function->block->block_content->return->expr->call->name->name->operator->name,
2,169,rectangle_java2.jpg,rectangle_java2.jpg,2218142061,104,932.8534615384616,603.4426923076924,910.5,585,62,21,return,6,class->block->function->block->block_content->return,
2,169,rectangle_java2.jpg,rectangle_java2.jpg,2218234138,60,936.7233333333334,579.148,910.5,585,62,21,return,6,class->block->function->block->block_content->return,
2,169,rectangle_java2.jpg,rectangle_java2.jpg,2218426249,164,1137.760975609756,587.6534146341463,1140.5,585,110,21,this.height,11,class->block->function->block->block_content->return->expr->call->name->name->operator->name,
2,169,rectangle_java2.jpg,rectangle_java2.jpg,2218582241,132,1058.7136363636364,586.1090909090909,977.5,585,101,21,this.width,10,class->block->function->block->block_content->return->expr->call->name->name->operator->name,
2,169,rectangle_java2.jpg,rectangle_java2.jpg,2218714225,84,1062.9519047619049,599.0642857142857,977.5,585,101,21,this.width,10,class->block->function->block->block_content->return->expr->call->name->name->operator->name,
2,169,rectangle_java2.jpg,rectangle_java2.jpg,2218850224,132,1049.169393939394,602.2642424242424,977.5,585,101,21,this.width,10,class->block->function->block->block_content->return->expr->call->name->name->operator->name,
2,169,rectangle_java2.jpg,rectangle_java2.jpg,2219194012,144,1146.7041666666669,592.1922222222222,1140.5,585,110,21,this.height,11,class->block->function->block->block_content->return->expr->call->name->name->operator->name,
2,169,rectangle_java2.jpg,rectangle_java2.jpg,2219382087,104,855.3880769230769,632.065,851.5,621,44,21,main,4,class->block->function->name,
2,169,rectangle_java2.jpg,rectangle_java2.jpg,2219706093,108,823.9185185185186,502.2362962962964,775.5,512,53,21,width,5,class->block->function->name,
2,169,rectangle_java2.jpg,rectangle_java2.jpg,2219798106,88,823.7713636363636,511.8713636363637,775.5,512,53,21,width,5,class->block->function->name,
2,169,rectangle_java2.jpg,rectangle_java2.jpg,2219934122,108,959.1381481481482,516.7259259259259,958.5,512,71,21,this.x2,7,class->block->function->block->block_content->return->expr->name->name->operator->name->operator,
2,169,rectangle_java2.jpg,rectangle_java2.jpg,2220206148,128,940.94875,709.5815625,932.5,694,100,21,rect1.area,10,class->block->function->block->block_content->expr_stmt->expr->call->argument_list->argument->expr->call->name->name->operator->name,
2,169,rectangle_java2.jpg,rectangle_java2.jpg,2220434131,100,894.5136,639.784,851.5,621,44,21,main,4,class->block->function->name,
2,169,rectangle_java2.jpg,rectangle_java2.jpg,2220434131,100,894.5136,639.784,904.5,621,9,21,(,1,class->block->function->parameter_list,
2,169,rectangle_java2.jpg,rectangle_java2.jpg,2220777828,140,985.6642857142856,648.8917142857143,941.5,658,91,20,Rectangle,9,class->block->function->block->block_content->decl_stmt->decl->init->expr->call->name,
2,169,rectangle_java2.jpg,rectangle_java2.jpg,2220861911,80,982.224,653.964,941.5,658,91,20,Rectangle,9,class->block->function->block->block_content->decl_stmt->decl->init->expr->call->name,
2,169,rectangle_java2.jpg,rectangle_java2.jpg,2221014012,68,937.0147058823528,686.4882352941177,932.5,694,100,21,rect1.area,10,class->block->function->block->block_content->expr_stmt->expr->call->argument_list->argument->expr->call->name->name->operator->name,
2,169,rectangle_java2.jpg,rectangle_java2.jpg,2221177981,60,1131.1833333333334,667.1713333333333,1134.5,658,22,20,10,2,class->block->function->block->block_content->decl_stmt->decl->init->expr->call->argument_list->argument->expr->literal,
2,169,rectangle_java2.jpg,rectangle_java2.jpg,2221329973,148,1125.1591891891892,673.6091891891892,1115.5,658,10,20,"""","""",1,class->block->function->block->block_content->decl_stmt->decl->init->expr->call->argument_list
2,169,rectangle_java2.jpg,rectangle_java2.jpg,2221329973,148,1125.1591891891892,673.6091891891892,1134.5,658,22,20,10,2,class->block->function->block->block_content->decl_stmt->decl->init->expr->call->argument_list->argument->expr->literal,
2,169,rectangle_java2.jpg,rectangle_java2.jpg,2221397979,64,1124.6725,665.561875,1115.5,658,10,20,"""","""",1,class->block->function->block->block_content->decl_stmt->decl->init->expr->call->argument_list
2,169,rectangle_java2.jpg,rectangle_java2.jpg,2221397979,64,1124.6725,665.561875,1134.5,658,22,20,10,2,class->block->function->block->block_content->decl_stmt->decl->init->expr->call->argument_list->argument->expr->literal,
2,169,rectangle_java2.jpg,rectangle_java2.jpg,2221477990,76,1162.904210526316,664.1731578947368,1163.5,658,10,20,"""","""",1,class->block->function->block->block_content->decl_stmt->decl->init->expr->call->argument_list
2,169,rectangle_java2.jpg,rectangle_java2.jpg,2221589999,108,1169.3496296296296,655.6148148148148,1163.5,658,10,20,"""","""",1,class->block->function->block->block_content->decl_stmt->decl->init->expr->call->argument_list
2,169,rectangle_java2.jpg,rectangle_java2.jpg,2221721990,116,1048.973448275862,646.2079310344827,1041.5,658,9,20,(,1,class->block->function->block->block_content->decl_stmt->decl->init->expr->call->argument_list,
2,169,rectangle_java2.jpg,rectangle_java2.jpg,2221721990,116,1048.973448275862,646.2079310344827,1057.5,658,13,20,0,1,class->block->function->block->block_content->decl_stmt->decl->init->expr->call->argument_list->argument->expr->literal,
2,169,rectangle_java2.jpg,rectangle_java2.jpg,2221877980,76,1080.322105263158,620.6936842105263,1074.5,621,10,21,),1,class->block->function->parameter_list,
2,169,rectangle_java2.jpg,rectangle_java2.jpg,2222005974,88,1179.8036363636363,668.4904545454546,1182.5,658,22,20,10,2,class->block->function->block->block_content->decl_stmt->decl->init->expr->call->argument_list->argument->expr->literal,
2,169,rectangle_java2.jpg,rectangle_java2.jpg,2222353854,76,1247.5315789473684,590.4852631578948,1140.5,585,110,21,this.height,11,class->block->function->block->block_content->return->expr->call->name->name->operator->name,
2,169,rectangle_java2.jpg,rectangle_java2.jpg,2222353854,76,1247.5315789473684,590.4852631578948,1259.5,585,9,21,(,1,class->block->function->block->block_content->return->expr->call->argument_list,
2,169,rectangle_java2.jpg,rectangle_java2.jpg,2222657836,160,924.45225,729.19775,902.5,731,34,20,new,3,class->block->function->block->block_content->decl_stmt->decl->init->expr->operator,
2,169,rectangle_java2.jpg,rectangle_java2.jpg,2223145893,204,946.6472549019608,732.2117647058824,941.5,731,91,20,Rectangle,9,class->block->function->block->block_content->decl_stmt->decl->init->expr->call->name,
2,169,rectangle_java2.jpg,rectangle_java2.jpg,2223221912,72,940.5511111111113,727.2194444444444,941.5,731,91,20,Rectangle,9,class->block->function->block->block_content->decl_stmt->decl->init->expr->call->name,
2,169,rectangle_java2.jpg,rectangle_java2.jpg,2223405902,96,872.6770833333334,506.3629166666667,874.5,512,10,21,{,1,class->block->function->block,
2,169,rectangle_java2.jpg,rectangle_java2.jpg,2223505881,96,878.8333333333334,518.5629166666666,874.5,512,10,21,{,1,class->block->function->block,
2,169,rectangle_java2.jpg,rectangle_java2.jpg,2223569868,60,842.0406666666667,517.604,837.5,512,9,21,(,1,class->block->function->parameter_list,
2,169,rectangle_java2.jpg,rectangle_java2.jpg,2223569868,60,842.0406666666667,517.604,854.5,512,9,21,),1,class->block->function->parameter_list,
2,169,rectangle_java2.jpg,rectangle_java2.jpg,2223709666,136,824.4073529411764,512.3514705882353,775.5,512,53,21,width,5,class->block->function->name,
2,169,rectangle_java2.jpg,rectangle_java2.jpg,2224097746,384,900.946875,518.6291666666667,891.5,512,62,21,return,6,class->block->function->block->block_content->return->expr->name->name,
2,169,rectangle_java2.jpg,rectangle_java2.jpg,2224333721,100,1024.4044,546.5812,968.5,549,70,21,this.y2,7,class->block->function->block->block_content->return->expr->name->name->operator->name,
2,169,rectangle_java2.jpg,rectangle_java2.jpg,2224461699,88,1006.4286363636364,557.3018181818181,968.5,549,70,21,this.y2,7,class->block->function->block->block_content->return->expr->name->name->operator->name,
2,169,rectangle_java2.jpg,rectangle_java2.jpg,2224521694,56,993.6835714285714,545.5064285714286,968.5,549,70,21,this.y2,7,class->block->function->block->block_content->return->expr->name->name->operator->name,
2,169,rectangle_java2.jpg,rectangle_java2.jpg,2224597690,72,995.2633333333332,543.3077777777778,968.5,549,70,21,this.y2,7,class->block->function->block->block_content->return->expr->name->name->operator->name,
2,169,rectangle_java2.jpg,rectangle_java2.jpg,2224665699,64,1006.055625,551.43375,968.5,549,70,21,this.y2,7,class->block->function->block->block_content->return->expr->name->name->operator->name,
2,169,rectangle_java2.jpg,rectangle_java2.jpg,2224733709,64,999.7975,538.49,968.5,549,70,21,this.y2,7,class->block->function->block->block_content->return->expr->name->name->operator->name,
2,169,rectangle_java2.jpg,rectangle_java2.jpg,2225217707,56,887.8921428571429,549.0814285714285,883.5,549,10,21,{,1,class->block->function->block,
2,169,rectangle_java2.jpg,rectangle_java2.jpg,2225409421,64,1027.360625,565.2375,968.5,549,70,21,this.y2,7,class->block->function->block->block_content->return->expr->name->name->operator->name,
2,169,rectangle_java2.jpg,rectangle_java2.jpg,2225521512,108,1032.4385185185183,586.7466666666667,977.5,585,101,21,this.width,10,class->block->function->block->block_content->return->expr->call->name->name->operator->name,
2,169,rectangle_java2.jpg,rectangle_java2.jpg,2226189642,68,914.4182352941176,577.9841176470588,910.5,585,62,21,return,6,class->block->function->block->block_content->return,
2,169,rectangle_java2.jpg,rectangle_java2.jpg,2226273672,80,910.9605,587.594,910.5,585,62,21,return,6,class->block->function->block->block_content->return,
2,169,rectangle_java2.jpg,rectangle_java2.jpg,2226509299,200,996.7682,595.312,977.5,585,101,21,this.width,10,class->block->function->block->block_content->return->expr->call->name->name->operator->name,
2,169,rectangle_java2.jpg,rectangle_java2.jpg,2229241338,60,936.3393333333332,731.2353333333333,902.5,731,34,20,new,3,class->block->function->block->block_content->decl_stmt->decl->init->expr->operator,
2,169,rectangle_java2.jpg,rectangle_java2.jpg,2229241338,60,936.3393333333332,731.2353333333333,941.5,731,91,20,Rectangle,9,class->block->function->block->block_content->decl_stmt->decl->init->expr->call->name,
2,169,rectangle_java2.jpg,rectangle_java2.jpg,2229661332,108,870.8214814814814,744.1611111111112,826.5,731,51,20,rect2,5,class->block->function->block->block_content->decl_stmt->decl->name,
2,169,rectangle_java2.jpg,rectangle_java2.jpg,2230061155,124,860.7977419354838,514.1516129032258,854.5,512,9,21,),1,class->block->function->parameter_list,
2,169,rectangle_java2.jpg,rectangle_java2.jpg,2230161145,96,848.2308333333333,510.0183333333333,854.5,512,9,21,),1,class->block->function->parameter_list,
2,169,rectangle_java2.jpg,rectangle_java2.jpg,2242156174,268,731.559104477612,213.60492537313436,715.5,222,90,21,Rectangle,9,class->name,
2,169,rectangle_java2.jpg,rectangle_java2.jpg,2243920312,308,889.751948051948,264.3638961038961,881.5,259,23,21,x2,2,class->block->decl_stmt->decl->name,
2,169,rectangle_java2.jpg,rectangle_java2.jpg,2244128202,160,813.237,287.32225,737.5,295,91,21,Rectangle,9,class->block->constructor->name,
2,169,rectangle_java2.jpg,rectangle_java2.jpg,2244215958,84,816.1376190476191,305.3928571428572,737.5,295,91,21,Rectangle,9,class->block->constructor->name,
2,169,rectangle_java2.jpg,rectangle_java2.jpg,2244327863,88,844.7454545454545,340.8031818181818,826.5,331,23,19,x1,2,class->block->constructor->block->block_content->expr_stmt->expr->name->name,
2,169,rectangle_java2.jpg,rectangle_java2.jpg,2244327863,88,844.7454545454545,340.8031818181818,856.5,331,10,19,;,1,class->block->constructor->block->block_content->expr_stmt,
2,169,rectangle_java2.jpg,rectangle_java2.jpg,2244571996,240,844.2118333333333,343.6621666666667,826.5,331,23,19,x1,2,class->block->constructor->block->block_content->expr_stmt->expr->name->name,
2,169,rectangle_java2.jpg,rectangle_java2.jpg,2244571996,240,844.2118333333333,343.6621666666667,856.5,331,10,19,;,1,class->block->constructor->block->block_content->expr_stmt,
2,169,rectangle_java2.jpg,rectangle_java2.jpg,2244931955,104,826.1315384615384,420.6911538461538,826.5,404,23,19,x2,2,class->block->constructor->block->block_content->expr_stmt->expr->name->name,
2,169,rectangle_java2.jpg,rectangle_java2.jpg,2245091964,156,823.376923076923,416.8689743589744,826.5,404,23,19,x2,2,class->block->constructor->block->block_content->expr_stmt->expr->name->name,
2,169,rectangle_java2.jpg,rectangle_java2.jpg,2246099839,176,817.5902272727272,222.0040909090909,813.5,222,10,21,{,1,class->block,
2,169,rectangle_java2.jpg,rectangle_java2.jpg,2246411862,56,857.2678571428571,259.6407142857143,863.5,259,10,21,"""","""",1,class->block->decl_stmt
2,169,rectangle_java2.jpg,rectangle_java2.jpg,2246603809,164,836.5960975609756,331.3351219512195,826.5,331,23,19,x1,2,class->block->constructor->block->block_content->expr_stmt->expr->name->name,
2,169,rectangle_java2.jpg,rectangle_java2.jpg,2246767820,112,877.4525,276.32928571428573,881.5,259,23,21,x2,2,class->block->decl_stmt->decl->name,
2,169,rectangle_java2.jpg,rectangle_java2.jpg,2246859845,88,878.7486363636364,294.2845454545455,853.5,295,32,21,int,3,class->block->constructor->parameter_list->parameter->decl->type->name,
2,169,rectangle_java2.jpg,rectangle_java2.jpg,2246859845,88,878.7486363636364,294.2845454545455,890.5,295,24,21,x1,2,class->block->constructor->parameter_list->parameter->decl->type->name,
2,169,rectangle_java2.jpg,rectangle_java2.jpg,2246987901,80,951.9075,255.3435,929.5,259,23,21,y2,2,class->block->decl_stmt->decl->name,
2,169,rectangle_java2.jpg,rectangle_java2.jpg,2246987901,80,951.9075,255.3435,959.5,259,10,21,;,1,class->block->decl_stmt,
2,169,rectangle_java2.jpg,rectangle_java2.jpg,2247511791,100,817.3704,349.0976,806.5,331,15,19,=,1,class->block->constructor->block->block_content->expr_stmt->expr->operator,
2,169,rectangle_java2.jpg,rectangle_java2.jpg,2247511791,100,817.3704,349.0976,826.5,331,23,19,x1,2,class->block->constructor->block->block_content->expr_stmt->expr->name->name,
2,169,rectangle_java2.jpg,rectangle_java2.jpg,2247571758,56,819.3135714285714,363.06642857142856,806.5,367,15,21,=,1,class->block->constructor->block->block_content->expr_stmt->expr->operator,
2,169,rectangle_java2.jpg,rectangle_java2.jpg,2247571758,56,819.3135714285714,363.06642857142856,826.5,367,23,21,y1,2,class->block->constructor->block->block_content->expr_stmt->expr->name->name,
2,169,rectangle_java2.jpg,rectangle_java2.jpg,2247883729,68,888.6558823529411,523.4558823529412,891.5,512,62,21,return,6,class->block->function->block->block_content->return->expr->name->name,
2,169,rectangle_java2.jpg,rectangle_java2.jpg,2248019721,104,984.1357692307693,522.9642307692308,958.5,512,71,21,this.x2,7,class->block->function->block->block_content->return->expr->name->name->operator->name->operator,
2,169,rectangle_java2.jpg,rectangle_java2.jpg,2248199716,176,980.5763636363636,509.653409090909,958.5,512,71,21,this.x2,7,class->block->function->block->block_content->return->expr->name->name->operator->name->operator,
2,169,rectangle_java2.jpg,rectangle_java2.jpg,2248299719,96,978.62875,501.1016666666667,958.5,512,71,21,this.x2,7,class->block->function->block->block_content->return->expr->name->name->operator->name->operator,
2,169,rectangle_java2.jpg,rectangle_java2.jpg,2248495726,80,919.096,579.5705,910.5,585,62,21,return,6,class->block->function->block->block_content->return,
2,169,rectangle_java2.jpg,rectangle_java2.jpg,2248739718,144,1032.3244444444445,516.4655555555555,1035.5,512,13,21,-,1,class->block->function->block->block_content->return->expr->name->name,
2,169,rectangle_java2.jpg,rectangle_java2.jpg,2248879467,96,1147.4425,521.0254166666666,1152.5,512,10,21,},1,class->block,
2,169,rectangle_java2.jpg,rectangle_java2.jpg,2248971468,88,1148.959090909091,515.2845454545454,1152.5,512,10,21,},1,class->block,
2,169,rectangle_java2.jpg,rectangle_java2.jpg,2249179553,168,1074.7711904761904,532.2716666666666,1054.5,512,71,21,this.x1,7,class->block->function->block->block_content->return->expr->name->name->operator->name,
2,169,rectangle_java2.jpg,rectangle_java2.jpg,2249779566,84,1133.9009523809525,513.7557142857142,1132.5,512,10,21,;,1,class->block->function->block,
2,169,rectangle_java2.jpg,rectangle_java2.jpg,2250287204,168,1156.5930952380952,509.9907142857143,1152.5,512,10,21,},1,class->block,
2,169,rectangle_java2.jpg,rectangle_java2.jpg,2250375157,84,1070.8480952380953,508.165238095238,1054.5,512,71,21,this.x1,7,class->block->function->block->block_content->return->expr->name->name->operator->name,
2,169,rectangle_java2.jpg,rectangle_java2.jpg,2250555398,176,1065.24,512.8259090909091,1054.5,512,71,21,this.x1,7,class->block->function->block->block_content->return->expr->name->name->operator->name,
2,169,rectangle_java2.jpg,rectangle_java2.jpg,2250779505,188,1130.61,516.6706382978723,1132.5,512,10,21,;,1,class->block->function->block,
2,169,rectangle_java2.jpg,rectangle_java2.jpg,2251223483,88,887.4722727272728,557.5527272727272,883.5,549,10,21,{,1,class->block->function->block,
2,169,rectangle_java2.jpg,rectangle_java2.jpg,2251303476,76,883.2426315789473,541.2473684210527,883.5,549,10,21,{,1,class->block->function->block,
2,169,rectangle_java2.jpg,rectangle_java2.jpg,2251499473,148,1075.7797297297298,554.6878378378378,1064.5,549,71,21,this.y1,7,class->block->function->block->block_content->return->expr->name->name->operator->name,
2,169,rectangle_java2.jpg,rectangle_java2.jpg,2251603469,100,1063.7452,545.1744,1064.5,549,71,21,this.y1,7,class->block->function->block->block_content->return->expr->name->name->operator->name,
2,169,rectangle_java2.jpg,rectangle_java2.jpg,2251667467,60,1051.6446666666666,553.786,1045.5,549,13,21,-,1,class->block->function->block->block_content->return->expr->operator,
2,169,rectangle_java2.jpg,rectangle_java2.jpg,2251807439,104,1121.5176923076924,545.1503846153846,1064.5,549,71,21,this.y1,7,class->block->function->block->block_content->return->expr->name->name->operator->name,
2,169,rectangle_java2.jpg,rectangle_java2.jpg,2251903338,92,1115.6782608695653,549.4373913043478,1064.5,549,71,21,this.y1,7,class->block->function->block->block_content->return->expr->name->name->operator->name,
2,169,rectangle_java2.jpg,rectangle_java2.jpg,2252115295,184,912.9847826086956,569.1169565217391,900.5,549,63,21,return,6,class->block->function->block->block_content->return,
2,169,rectangle_java2.jpg,rectangle_java2.jpg,2252307395,108,823.6925925925926,630.6174074074074,804.5,621,44,21,void,4,class->block->function->type->name,
2,169,rectangle_java2.jpg,rectangle_java2.jpg,2252455379,144,819.4911111111111,626.0063888888889,804.5,621,44,21,void,4,class->block->function->type->name,
