trial,participant,code_file,code_language,timestamp,duration,x_cord,y_cord,aoi_x,aoi_y,aoi_width,aoi_height,token,length,srcML,
2,198,rectangle_java2.jpg,rectangle_java2.jpg,3243259564,72,880.315,504.13166666666666,874.5,512,10,21,{,1,class->block->function->block,
2,198,rectangle_java2.jpg,rectangle_java2.jpg,3243259564,72,880.315,504.13166666666666,891.5,512,62,21,return,6,class->block->function->block->block_content->return->expr->name->name,
2,198,rectangle_java2.jpg,rectangle_java2.jpg,3243383562,120,881.9946666666667,509.847,874.5,512,10,21,{,1,class->block->function->block,
2,198,rectangle_java2.jpg,rectangle_java2.jpg,3243383562,120,881.9946666666667,509.847,891.5,512,62,21,return,6,class->block->function->block->block_content->return->expr->name->name,
2,198,rectangle_java2.jpg,rectangle_java2.jpg,3251302918,72,726.8683333333333,265.425,669.5,259,72,21,private,7,class->block->decl_stmt->decl->type->specifier,
2,198,rectangle_java2.jpg,rectangle_java2.jpg,3251366928,60,729.7653333333334,275.00666666666666,669.5,259,72,21,private,7,class->block->decl_stmt->decl->type->specifier,
2,198,rectangle_java2.jpg,rectangle_java2.jpg,3251506958,136,725.5397058823529,252.91529411764705,669.5,259,72,21,private,7,class->block->decl_stmt->decl->type->specifier,
2,198,rectangle_java2.jpg,rectangle_java2.jpg,3251674708,148,804.2029729729729,241.8508108108108,715.5,222,90,21,Rectangle,9,class->name,
2,198,rectangle_java2.jpg,rectangle_java2.jpg,3251674708,148,804.2029729729729,241.8508108108108,813.5,222,10,21,{,1,class->block,
2,198,rectangle_java2.jpg,rectangle_java2.jpg,3251858763,140,713.6702857142857,233.19142857142856,715.5,222,90,21,Rectangle,9,class->name,
2,198,rectangle_java2.jpg,rectangle_java2.jpg,3252150799,240,806.8776666666666,234.851,813.5,222,10,21,{,1,class->block,
2,198,rectangle_java2.jpg,rectangle_java2.jpg,3252386832,232,795.2537931034483,234.3955172413793,715.5,222,90,21,Rectangle,9,class->name,
2,198,rectangle_java2.jpg,rectangle_java2.jpg,3255406526,124,779.0509677419354,282.8658064516129,737.5,295,91,21,Rectangle,9,class->block->constructor->name,
2,198,rectangle_java2.jpg,rectangle_java2.jpg,3255510526,100,780.6876,288.2584,737.5,295,91,21,Rectangle,9,class->block->constructor->name,
2,198,rectangle_java2.jpg,rectangle_java2.jpg,3257922169,236,763.8410169491525,295.45830508474575,737.5,295,91,21,Rectangle,9,class->block->constructor->name,
2,198,rectangle_java2.jpg,rectangle_java2.jpg,3258066392,140,775.3505714285715,277.35857142857145,747.5,259,33,21,int,3,class->block->decl_stmt->decl->type->name,
2,198,rectangle_java2.jpg,rectangle_java2.jpg,3258066392,140,775.3505714285715,277.35857142857145,785.5,259,23,21,x1,2,class->block->decl_stmt->decl->name,
2,198,rectangle_java2.jpg,rectangle_java2.jpg,3258210350,88,815.3404545454546,277.95863636363634,815.5,259,10,21,"""","""",1,class->block->decl_stmt
2,198,rectangle_java2.jpg,rectangle_java2.jpg,3258754268,456,822.4675438596491,266.9759649122807,815.5,259,10,21,"""","""",1,class->block->decl_stmt
2,198,rectangle_java2.jpg,rectangle_java2.jpg,3258754268,456,822.4675438596491,266.9759649122807,833.5,259,23,21,y1,2,class->block->decl_stmt->decl->name,
2,198,rectangle_java2.jpg,rectangle_java2.jpg,3258994233,200,893.2746,264.6552,881.5,259,23,21,x2,2,class->block->decl_stmt->decl->name,
2,198,rectangle_java2.jpg,rectangle_java2.jpg,3259258740,232,808.8924137931034,283.5106896551724,737.5,295,91,21,Rectangle,9,class->block->constructor->name,
2,198,rectangle_java2.jpg,rectangle_java2.jpg,3259342644,80,774.7295,285.986,737.5,295,91,21,Rectangle,9,class->block->constructor->name,
2,198,rectangle_java2.jpg,rectangle_java2.jpg,3259426301,80,769.7205,288.23,737.5,295,91,21,Rectangle,9,class->block->constructor->name,
2,198,rectangle_java2.jpg,rectangle_java2.jpg,3259642055,212,830.4388679245283,283.8818867924528,837.5,295,9,21,(,1,class->block->constructor->parameter_list,
2,198,rectangle_java2.jpg,rectangle_java2.jpg,3259750095,104,838.4911538461538,276.8411538461538,833.5,259,23,21,y1,2,class->block->decl_stmt->decl->name,
2,198,rectangle_java2.jpg,rectangle_java2.jpg,3259814099,60,890.9366666666666,277.33133333333336,881.5,259,23,21,x2,2,class->block->decl_stmt->decl->name,
2,198,rectangle_java2.jpg,rectangle_java2.jpg,3260062103,244,899.7380327868852,272.76360655737705,881.5,259,23,21,x2,2,class->block->decl_stmt->decl->name,
2,198,rectangle_java2.jpg,rectangle_java2.jpg,3260062103,244,899.7380327868852,272.76360655737705,911.5,259,10,21,"""","""",1,class->block->decl_stmt
2,198,rectangle_java2.jpg,rectangle_java2.jpg,3260246112,120,806.2886666666667,302.27933333333334,737.5,295,91,21,Rectangle,9,class->block->constructor->name,
2,198,rectangle_java2.jpg,rectangle_java2.jpg,3260510161,260,811.0598461538461,310.7521538461538,737.5,295,91,21,Rectangle,9,class->block->constructor->name,
2,198,rectangle_java2.jpg,rectangle_java2.jpg,3260682082,136,790.8838235294118,340.77794117647056,730.5,331,71,19,this.x1,7,class->block->constructor->block->block_content->expr_stmt->expr->name->name->operator->name,
2,198,rectangle_java2.jpg,rectangle_java2.jpg,3260974023,252,813.6498412698413,354.91031746031746,806.5,367,15,21,=,1,class->block->constructor->block->block_content->expr_stmt->expr->operator,
2,198,rectangle_java2.jpg,rectangle_java2.jpg,3261201985,136,811.2879411764706,401.7755882352941,806.5,404,15,19,=,1,class->block->constructor->block->block_content->expr_stmt->expr->operator,
2,198,rectangle_java2.jpg,rectangle_java2.jpg,3262937826,56,970.5828571428572,500.62,958.5,512,71,21,this.x2,7,class->block->function->block->block_content->return->expr->name->name->operator->name->operator,
2,198,rectangle_java2.jpg,rectangle_java2.jpg,3263073842,68,813.5117647058823,522.4288235294118,775.5,512,53,21,width,5,class->block->function->name,
2,198,rectangle_java2.jpg,rectangle_java2.jpg,3263221849,144,810.0766666666667,523.4936111111111,775.5,512,53,21,width,5,class->block->function->name,
2,198,rectangle_java2.jpg,rectangle_java2.jpg,3263369840,80,885.743,513.879,891.5,512,62,21,return,6,class->block->function->block->block_content->return->expr->name->name,
2,198,rectangle_java2.jpg,rectangle_java2.jpg,3263461852,88,879.6927272727272,521.9790909090909,874.5,512,10,21,{,1,class->block->function->block,
2,198,rectangle_java2.jpg,rectangle_java2.jpg,3263461852,88,879.6927272727272,521.9790909090909,891.5,512,62,21,return,6,class->block->function->block->block_content->return->expr->name->name,
2,198,rectangle_java2.jpg,rectangle_java2.jpg,3263661815,160,924.503,510.03675,891.5,512,62,21,return,6,class->block->function->block->block_content->return->expr->name->name,
2,198,rectangle_java2.jpg,rectangle_java2.jpg,3264409874,248,1156.598387096774,506.48983870967743,1152.5,512,10,21,},1,class->block,
2,198,rectangle_java2.jpg,rectangle_java2.jpg,3264677731,264,1143.965,505.8419696969697,1152.5,512,10,21,},1,class->block,
2,198,rectangle_java2.jpg,rectangle_java2.jpg,3264769697,88,1117.0813636363637,507.14863636363634,1054.5,512,71,21,this.x1,7,class->block->function->block->block_content->return->expr->name->name->operator->name,
2,198,rectangle_java2.jpg,rectangle_java2.jpg,3264949979,120,1114.5786666666668,503.1833333333334,1054.5,512,71,21,this.x1,7,class->block->function->block->block_content->return->expr->name->name->operator->name,
2,198,rectangle_java2.jpg,rectangle_java2.jpg,3265081895,128,1113.8896875,510.0721874999999,1054.5,512,71,21,this.x1,7,class->block->function->block->block_content->return->expr->name->name->operator->name,
2,198,rectangle_java2.jpg,rectangle_java2.jpg,3265241738,68,1161.894117647059,505.9741176470589,1152.5,512,10,21,},1,class->block,
2,198,rectangle_java2.jpg,rectangle_java2.jpg,3265321677,76,1157.3215789473684,503.2868421052631,1152.5,512,10,21,},1,class->block,
2,198,rectangle_java2.jpg,rectangle_java2.jpg,3265501404,56,868.9142857142857,522.745,874.5,512,10,21,{,1,class->block->function->block,
2,198,rectangle_java2.jpg,rectangle_java2.jpg,3265573246,68,865.4723529411765,540.4970588235294,863.5,549,9,21,),1,class->block->function->parameter_list,
2,198,rectangle_java2.jpg,rectangle_java2.jpg,3265637204,60,866.4966666666667,545.596,863.5,549,9,21,),1,class->block->function->parameter_list,
2,198,rectangle_java2.jpg,rectangle_java2.jpg,3265749317,76,841.4847368421052,537.2831578947369,846.5,549,10,21,(,1,class->block->function->parameter_list,
2,198,rectangle_java2.jpg,rectangle_java2.jpg,3265909540,156,851.3248717948718,549.8353846153846,846.5,549,10,21,(,1,class->block->function->parameter_list,
2,198,rectangle_java2.jpg,rectangle_java2.jpg,3265909540,156,851.3248717948718,549.8353846153846,863.5,549,9,21,),1,class->block->function->parameter_list,
2,198,rectangle_java2.jpg,rectangle_java2.jpg,3266001545,64,795.9137499999999,525.016875,775.5,512,53,21,width,5,class->block->function->name,
2,198,rectangle_java2.jpg,rectangle_java2.jpg,3266089584,84,795.2423809523809,519.7704761904762,775.5,512,53,21,width,5,class->block->function->name,
2,198,rectangle_java2.jpg,rectangle_java2.jpg,3266169614,76,792.3410526315789,503.9326315789474,775.5,512,53,21,width,5,class->block->function->name,
2,198,rectangle_java2.jpg,rectangle_java2.jpg,3266293645,76,999.0105263157894,549.5242105263158,968.5,549,70,21,this.y2,7,class->block->function->block->block_content->return->expr->name->name->operator->name,
2,198,rectangle_java2.jpg,rectangle_java2.jpg,3266409633,112,1000.2642857142856,551.3903571428572,968.5,549,70,21,this.y2,7,class->block->function->block->block_content->return->expr->name->name->operator->name,
2,198,rectangle_java2.jpg,rectangle_java2.jpg,3266565497,80,1034.9275,529.9925,1035.5,512,13,21,-,1,class->block->function->block->block_content->return->expr->name->name,
2,198,rectangle_java2.jpg,rectangle_java2.jpg,3266685501,60,1032.8726666666666,528.888,1035.5,512,13,21,-,1,class->block->function->block->block_content->return->expr->name->name,
2,198,rectangle_java2.jpg,rectangle_java2.jpg,3266805575,76,1087.7,538.2942105263159,1064.5,549,71,21,this.y1,7,class->block->function->block->block_content->return->expr->name->name->operator->name,
2,198,rectangle_java2.jpg,rectangle_java2.jpg,3267025619,128,887.9246875,568.500625,883.5,549,10,21,{,1,class->block->function->block,
2,198,rectangle_java2.jpg,rectangle_java2.jpg,3267113516,84,895.1147619047618,573.0380952380953,893.5,585,10,21,{,1,class->block->function->block,
2,198,rectangle_java2.jpg,rectangle_java2.jpg,3267185393,60,989.7186666666666,569.05,968.5,549,70,21,this.y2,7,class->block->function->block->block_content->return->expr->name->name->operator->name,
2,198,rectangle_java2.jpg,rectangle_java2.jpg,3267265292,76,993.1257894736842,576.2631578947369,977.5,585,101,21,this.width,10,class->block->function->block->block_content->return->expr->call->name->name->operator->name,
2,198,rectangle_java2.jpg,rectangle_java2.jpg,3267429413,116,812.8168965517241,602.0558620689656,804.5,585,43,21,area,4,class->block->function->name,
2,198,rectangle_java2.jpg,rectangle_java2.jpg,3267649493,56,813.7021428571429,591.3485714285714,804.5,585,43,21,area,4,class->block->function->name,
2,198,rectangle_java2.jpg,rectangle_java2.jpg,3267729459,76,808.7315789473685,605.3763157894737,804.5,585,43,21,area,4,class->block->function->name,
2,198,rectangle_java2.jpg,rectangle_java2.jpg,3267969416,100,882.2832,638.734,851.5,621,44,21,main,4,class->block->function->name,
2,198,rectangle_java2.jpg,rectangle_java2.jpg,3268109432,56,856.43,614.22,851.5,621,44,21,main,4,class->block->function->name,
2,198,rectangle_java2.jpg,rectangle_java2.jpg,3268181483,68,860.5058823529412,629.0841176470589,851.5,621,44,21,main,4,class->block->function->name,
2,198,rectangle_java2.jpg,rectangle_java2.jpg,3268297563,76,914.38,623.63,920.5,621,62,21,String,6,class->block->function->parameter_list->parameter->decl->type->name->name,
2,198,rectangle_java2.jpg,rectangle_java2.jpg,3268373614,72,919.0277777777778,629.125,920.5,621,62,21,String,6,class->block->function->parameter_list->parameter->decl->type->name->name,
2,198,rectangle_java2.jpg,rectangle_java2.jpg,3268777525,88,1074.385909090909,617.335,1074.5,621,10,21,),1,class->block->function->parameter_list,
2,198,rectangle_java2.jpg,rectangle_java2.jpg,3268865416,84,1066.9038095238095,608.9071428571428,1025.5,621,42,21,args,4,class->block->function->parameter_list->parameter->decl->name,
2,198,rectangle_java2.jpg,rectangle_java2.jpg,3268865416,84,1066.9038095238095,608.9071428571428,1074.5,621,10,21,),1,class->block->function->parameter_list,
2,198,rectangle_java2.jpg,rectangle_java2.jpg,3269069432,60,1049.2653333333333,632.018,1025.5,621,42,21,args,4,class->block->function->parameter_list->parameter->decl->name,
2,198,rectangle_java2.jpg,rectangle_java2.jpg,3269205388,96,1043.2158333333332,632.2504166666666,1025.5,621,42,21,args,4,class->block->function->parameter_list->parameter->decl->name,
2,198,rectangle_java2.jpg,rectangle_java2.jpg,3269293344,84,1045.7690476190476,622.2204761904762,1025.5,621,42,21,args,4,class->block->function->parameter_list->parameter->decl->name,
2,198,rectangle_java2.jpg,rectangle_java2.jpg,3270369068,152,807.0294736842105,666.9052631578948,730.5,658,91,20,Rectangle,9,class->block->function->block->block_content->decl_stmt->decl->type->name,
2,198,rectangle_java2.jpg,rectangle_java2.jpg,3270452790,56,785.9285714285714,695.2335714285714,730.5,694,177,21,System.out.println,18,class->block->function->block->block_content->expr_stmt->expr->call->name->name->operator->name->operator->name,
2,198,rectangle_java2.jpg,rectangle_java2.jpg,3270544702,88,781.9027272727272,682.2472727272727,730.5,694,177,21,System.out.println,18,class->block->function->block->block_content->expr_stmt->expr->call->name->name->operator->name->operator->name,
2,198,rectangle_java2.jpg,rectangle_java2.jpg,3270620939,72,780.67,695.6477777777777,730.5,694,177,21,System.out.println,18,class->block->function->block->block_content->expr_stmt->expr->call->name->name->operator->name->operator->name,
2,198,rectangle_java2.jpg,rectangle_java2.jpg,3271105218,60,935.9246666666668,710.488,932.5,694,100,21,rect1.area,10,class->block->function->block->block_content->expr_stmt->expr->call->argument_list->argument->expr->call->name->name->operator->name,
2,198,rectangle_java2.jpg,rectangle_java2.jpg,3271205210,72,857.5944444444444,701.5827777777778,730.5,694,177,21,System.out.println,18,class->block->function->block->block_content->expr_stmt->expr->call->name->name->operator->name->operator->name,
2,198,rectangle_java2.jpg,rectangle_java2.jpg,3271429178,56,955.8771428571428,713.5028571428571,932.5,694,100,21,rect1.area,10,class->block->function->block->block_content->expr_stmt->expr->call->argument_list->argument->expr->call->name->name->operator->name,
2,198,rectangle_java2.jpg,rectangle_java2.jpg,3271557170,64,928.46875,714.1475,932.5,694,100,21,rect1.area,10,class->block->function->block->block_content->expr_stmt->expr->call->argument_list->argument->expr->call->name->name->operator->name,
2,198,rectangle_java2.jpg,rectangle_java2.jpg,3271749167,148,925.5751351351352,685.9697297297297,932.5,694,100,21,rect1.area,10,class->block->function->block->block_content->expr_stmt->expr->call->argument_list->argument->expr->call->name->name->operator->name,
2,198,rectangle_java2.jpg,rectangle_java2.jpg,3271837040,84,929.56,704.6838095238095,932.5,694,100,21,rect1.area,10,class->block->function->block->block_content->expr_stmt->expr->call->argument_list->argument->expr->call->name->name->operator->name,
2,198,rectangle_java2.jpg,rectangle_java2.jpg,3271896953,56,926.9657142857144,695.4257142857143,932.5,694,100,21,rect1.area,10,class->block->function->block->block_content->expr_stmt->expr->call->argument_list->argument->expr->call->name->name->operator->name,
2,198,rectangle_java2.jpg,rectangle_java2.jpg,3271960932,60,934.858,719.6906666666666,902.5,731,34,20,new,3,class->block->function->block->block_content->decl_stmt->decl->init->expr->operator,
2,198,rectangle_java2.jpg,rectangle_java2.jpg,3271960932,60,934.858,719.6906666666666,941.5,731,91,20,Rectangle,9,class->block->function->block->block_content->decl_stmt->decl->init->expr->call->name,
2,198,rectangle_java2.jpg,rectangle_java2.jpg,3272801088,56,976.33,779.0292857142857,932.5,766,100,21,rect2.area,10,class->block->function->block->block_content->expr_stmt->expr->call->argument_list->argument->expr->call->name->name->operator->name,
2,198,rectangle_java2.jpg,rectangle_java2.jpg,3273333069,80,1098.322,767.0645,1096.5,766,10,21,;,1,class->block->function->block->block_content->expr_stmt,
