trial,participant,code_file,code_language,timestamp,duration,x_cord,y_cord,aoi_x,aoi_y,aoi_width,aoi_height,token,length,srcML,
2,47,rectangle_java2.jpg,rectangle_java2.jpg,2410110148,84,801.3733333333333,299.1661904761905,737.5,295,91,21,Rectangle,9,class->block->constructor->name,
2,47,rectangle_java2.jpg,rectangle_java2.jpg,2410318170,204,802.4045098039215,301.9745098039216,737.5,295,91,21,Rectangle,9,class->block->constructor->name,
2,47,rectangle_java2.jpg,rectangle_java2.jpg,2410522100,156,707.1120512820513,224.13333333333333,657.5,222,52,21,class,5,class,
2,47,rectangle_java2.jpg,rectangle_java2.jpg,2410522100,156,707.1120512820513,224.13333333333333,715.5,222,90,21,Rectangle,9,class->name,
2,47,rectangle_java2.jpg,rectangle_java2.jpg,2410586089,60,702.43,231.94666666666663,657.5,222,52,21,class,5,class,
2,47,rectangle_java2.jpg,rectangle_java2.jpg,2410758080,116,748.3724137931034,256.2393103448276,747.5,259,33,21,int,3,class->block->decl_stmt->decl->type->name,
2,47,rectangle_java2.jpg,rectangle_java2.jpg,2410886077,88,732.8404545454546,278.9045454545454,669.5,259,72,21,private,7,class->block->decl_stmt->decl->type->specifier,
2,47,rectangle_java2.jpg,rectangle_java2.jpg,2411150031,88,725.7904545454545,271.9886363636364,669.5,259,72,21,private,7,class->block->decl_stmt->decl->type->specifier,
2,47,rectangle_java2.jpg,rectangle_java2.jpg,2411361948,116,793.0448275862069,286.01206896551724,737.5,295,91,21,Rectangle,9,class->block->constructor->name,
2,47,rectangle_java2.jpg,rectangle_java2.jpg,2411589910,140,698.734,267.48285714285714,669.5,259,72,21,private,7,class->block->decl_stmt->decl->type->specifier,
2,47,rectangle_java2.jpg,rectangle_java2.jpg,2412737909,144,721.1,212.6122222222222,715.5,222,90,21,Rectangle,9,class->name,
2,47,rectangle_java2.jpg,rectangle_java2.jpg,2413305907,84,855.2290476190476,313.6242857142857,853.5,295,32,21,int,3,class->block->constructor->parameter_list->parameter->decl->type->name,
2,47,rectangle_java2.jpg,rectangle_java2.jpg,2413677885,188,736.791914893617,255.73914893617015,669.5,259,72,21,private,7,class->block->decl_stmt->decl->type->specifier,
2,47,rectangle_java2.jpg,rectangle_java2.jpg,2413677885,188,736.791914893617,255.73914893617015,747.5,259,33,21,int,3,class->block->decl_stmt->decl->type->name,
2,47,rectangle_java2.jpg,rectangle_java2.jpg,2413945898,212,857.7390566037736,320.87679245283016,856.5,331,10,19,;,1,class->block->constructor->block->block_content->expr_stmt,
2,47,rectangle_java2.jpg,rectangle_java2.jpg,2414153897,164,760.3841463414634,256.60926829268294,747.5,259,33,21,int,3,class->block->decl_stmt->decl->type->name,
2,47,rectangle_java2.jpg,rectangle_java2.jpg,2414245852,88,730.57,266.41818181818184,669.5,259,72,21,private,7,class->block->decl_stmt->decl->type->specifier,
2,47,rectangle_java2.jpg,rectangle_java2.jpg,2414441833,192,726.5375,271.3020833333333,669.5,259,72,21,private,7,class->block->decl_stmt->decl->type->specifier,
2,47,rectangle_java2.jpg,rectangle_java2.jpg,2414609706,144,805.3327777777778,278.00944444444445,785.5,259,23,21,x1,2,class->block->decl_stmt->decl->name,
2,47,rectangle_java2.jpg,rectangle_java2.jpg,2414609706,144,805.3327777777778,278.00944444444445,815.5,259,10,21,"""","""",1,class->block->decl_stmt
2,47,rectangle_java2.jpg,rectangle_java2.jpg,2414961672,284,721.4129577464789,227.15816901408448,715.5,222,90,21,Rectangle,9,class->name,
2,47,rectangle_java2.jpg,rectangle_java2.jpg,2415173753,196,789.9424489795919,226.4673469387755,715.5,222,90,21,Rectangle,9,class->name,
2,47,rectangle_java2.jpg,rectangle_java2.jpg,2415297761,92,816.5208695652174,225.21434782608696,813.5,222,10,21,{,1,class->block,
2,47,rectangle_java2.jpg,rectangle_java2.jpg,2415405766,80,724.1665,273.6105,669.5,259,72,21,private,7,class->block->decl_stmt->decl->type->specifier,
2,47,rectangle_java2.jpg,rectangle_java2.jpg,2415881772,152,798.0752631578947,295.55815789473684,737.5,295,91,21,Rectangle,9,class->block->constructor->name,
2,47,rectangle_java2.jpg,rectangle_java2.jpg,2416021763,136,797.8473529411765,301.2629411764706,737.5,295,91,21,Rectangle,9,class->block->constructor->name,
2,47,rectangle_java2.jpg,rectangle_java2.jpg,2416429643,240,902.5111666666668,309.44166666666666,890.5,295,24,21,x1,2,class->block->constructor->parameter_list->parameter->decl->type->name,
2,47,rectangle_java2.jpg,rectangle_java2.jpg,2416653491,192,963.896875,302.905625,939.5,295,33,21,int,3,class->block->constructor->parameter_list->parameter->decl->type->name,
2,47,rectangle_java2.jpg,rectangle_java2.jpg,2416741530,72,1049.736666666667,308.0911111111111,1025.5,295,33,21,int,3,class->block->constructor->parameter_list->parameter->decl->type->name,
2,47,rectangle_java2.jpg,rectangle_java2.jpg,2417061623,88,780.7054545454546,360.06545454545454,730.5,367,71,21,this.y1,7,class->block->constructor->block->block_content->expr_stmt->expr->name->name->operator->name,
2,47,rectangle_java2.jpg,rectangle_java2.jpg,2417129637,64,797.109375,376.34125,730.5,367,71,21,this.y1,7,class->block->constructor->block->block_content->expr_stmt->expr->name->name->operator->name,
2,47,rectangle_java2.jpg,rectangle_java2.jpg,2417129637,64,797.109375,376.34125,806.5,367,15,21,=,1,class->block->constructor->block->block_content->expr_stmt->expr->operator,
2,47,rectangle_java2.jpg,rectangle_java2.jpg,2417297651,96,775.1783333333333,330.04833333333335,730.5,331,71,19,this.x1,7,class->block->constructor->block->block_content->expr_stmt->expr->name->name->operator->name,
2,47,rectangle_java2.jpg,rectangle_java2.jpg,2417501614,152,854.7131578947368,337.6560526315789,856.5,331,10,19,;,1,class->block->constructor->block->block_content->expr_stmt,
2,47,rectangle_java2.jpg,rectangle_java2.jpg,2417701602,168,764.3319047619048,296.0759523809524,737.5,295,91,21,Rectangle,9,class->block->constructor->name,
2,47,rectangle_java2.jpg,rectangle_java2.jpg,2417925559,60,897.726,304.002,890.5,295,24,21,x1,2,class->block->constructor->parameter_list->parameter->decl->type->name,
2,47,rectangle_java2.jpg,rectangle_java2.jpg,2418017549,88,886.9468181818182,310.11,890.5,295,24,21,x1,2,class->block->constructor->parameter_list->parameter->decl->type->name,
2,47,rectangle_java2.jpg,rectangle_java2.jpg,2418369371,100,914.0992,303.6432,890.5,295,24,21,x1,2,class->block->constructor->parameter_list->parameter->decl->type->name,
2,47,rectangle_java2.jpg,rectangle_java2.jpg,2418369371,100,914.0992,303.6432,921.5,295,9,21,"""","""",1,class->block->constructor->parameter_list
2,47,rectangle_java2.jpg,rectangle_java2.jpg,2418461313,88,919.4190909090908,290.0140909090909,921.5,295,9,21,"""","""",1,class->block->constructor->parameter_list
2,47,rectangle_java2.jpg,rectangle_java2.jpg,2418681492,196,949.69,312.74510204081633,939.5,295,33,21,int,3,class->block->constructor->parameter_list->parameter->decl->type->name,
2,47,rectangle_java2.jpg,rectangle_java2.jpg,2418989532,304,943.1568421052632,311.3881578947368,939.5,295,33,21,int,3,class->block->constructor->parameter_list->parameter->decl->type->name,
2,47,rectangle_java2.jpg,rectangle_java2.jpg,2419197617,80,876.1895,295.6605,853.5,295,32,21,int,3,class->block->constructor->parameter_list->parameter->decl->type->name,
2,47,rectangle_java2.jpg,rectangle_java2.jpg,2419441486,240,880.1448333333333,288.2676666666667,853.5,295,32,21,int,3,class->block->constructor->parameter_list->parameter->decl->type->name,
2,47,rectangle_java2.jpg,rectangle_java2.jpg,2419441486,240,880.1448333333333,288.2676666666667,890.5,295,24,21,x1,2,class->block->constructor->parameter_list->parameter->decl->type->name,
2,47,rectangle_java2.jpg,rectangle_java2.jpg,2419829492,56,983.6764285714286,312.1528571428572,977.5,295,23,21,y1,2,class->block->constructor->parameter_list->parameter->decl->type->name,
2,47,rectangle_java2.jpg,rectangle_java2.jpg,2419949492,116,984.0124137931034,309.03241379310344,977.5,295,23,21,y1,2,class->block->constructor->parameter_list->parameter->decl->type->name,
2,47,rectangle_java2.jpg,rectangle_java2.jpg,2420509405,312,1028.0321794871795,306.7346153846154,1025.5,295,33,21,int,3,class->block->constructor->parameter_list->parameter->decl->type->name,
2,47,rectangle_java2.jpg,rectangle_java2.jpg,2420733312,200,814.2126000000001,335.9072,806.5,331,15,19,=,1,class->block->constructor->block->block_content->expr_stmt->expr->operator,
2,47,rectangle_java2.jpg,rectangle_java2.jpg,2420733312,200,814.2126000000001,335.9072,826.5,331,23,19,x1,2,class->block->constructor->block->block_content->expr_stmt->expr->name->name,
2,47,rectangle_java2.jpg,rectangle_java2.jpg,2421105280,68,854.7252941176471,323.1258823529412,856.5,331,10,19,;,1,class->block->constructor->block->block_content->expr_stmt,
2,47,rectangle_java2.jpg,rectangle_java2.jpg,2421601359,108,844.7592592592592,387.0485185185185,826.5,367,23,21,y1,2,class->block->constructor->block->block_content->expr_stmt->expr->name->name,
2,47,rectangle_java2.jpg,rectangle_java2.jpg,2421601359,108,844.7592592592592,387.0485185185185,856.5,367,10,21,;,1,class->block->constructor->block->block_content->expr_stmt,
2,47,rectangle_java2.jpg,rectangle_java2.jpg,2421765340,104,796.9915384615384,381.49038461538464,730.5,367,71,21,this.y1,7,class->block->constructor->block->block_content->expr_stmt->expr->name->name->operator->name,
2,47,rectangle_java2.jpg,rectangle_java2.jpg,2421765340,104,796.9915384615384,381.49038461538464,806.5,367,15,21,=,1,class->block->constructor->block->block_content->expr_stmt->expr->operator,
2,47,rectangle_java2.jpg,rectangle_java2.jpg,2421921335,152,795.1313157894737,367.69947368421055,730.5,367,71,21,this.y1,7,class->block->constructor->block->block_content->expr_stmt->expr->name->name->operator->name,
2,47,rectangle_java2.jpg,rectangle_java2.jpg,2421921335,152,795.1313157894737,367.69947368421055,806.5,367,15,21,=,1,class->block->constructor->block->block_content->expr_stmt->expr->operator,
2,47,rectangle_java2.jpg,rectangle_java2.jpg,2421993346,68,791.9917647058824,366.7288235294118,730.5,367,71,21,this.y1,7,class->block->constructor->block->block_content->expr_stmt->expr->name->name->operator->name,
2,47,rectangle_java2.jpg,rectangle_java2.jpg,2422069357,72,812.58,369.55944444444447,806.5,367,15,21,=,1,class->block->constructor->block->block_content->expr_stmt->expr->operator,
2,47,rectangle_java2.jpg,rectangle_java2.jpg,2422209289,136,812.1164705882353,378.76235294117646,806.5,367,15,21,=,1,class->block->constructor->block->block_content->expr_stmt->expr->operator,
2,47,rectangle_java2.jpg,rectangle_java2.jpg,2422373251,104,807.4142307692308,385.7242307692308,806.5,367,15,21,=,1,class->block->constructor->block->block_content->expr_stmt->expr->operator,
2,47,rectangle_java2.jpg,rectangle_java2.jpg,2422525225,148,811.9462162162162,376.5597297297297,806.5,367,15,21,=,1,class->block->constructor->block->block_content->expr_stmt->expr->operator,
2,47,rectangle_java2.jpg,rectangle_java2.jpg,2422705210,128,787.334375,404.2496875,730.5,404,71,19,this.x2,7,class->block->constructor->block->block_content->expr_stmt->expr->name->name->operator->name,
2,47,rectangle_java2.jpg,rectangle_java2.jpg,2422781206,60,791.2513333333334,376.0386666666666,730.5,367,71,21,this.y1,7,class->block->constructor->block->block_content->expr_stmt->expr->name->name->operator->name,
2,47,rectangle_java2.jpg,rectangle_java2.jpg,2422917201,104,815.6615384615385,384.94461538461536,806.5,367,15,21,=,1,class->block->constructor->block->block_content->expr_stmt->expr->operator,
2,47,rectangle_java2.jpg,rectangle_java2.jpg,2422917201,104,815.6615384615385,384.94461538461536,826.5,367,23,21,y1,2,class->block->constructor->block->block_content->expr_stmt->expr->name->name,
2,47,rectangle_java2.jpg,rectangle_java2.jpg,2423133252,212,816.3209433962264,376.5715094339623,806.5,367,15,21,=,1,class->block->constructor->block->block_content->expr_stmt->expr->operator,
2,47,rectangle_java2.jpg,rectangle_java2.jpg,2423133252,212,816.3209433962264,376.5715094339623,826.5,367,23,21,y1,2,class->block->constructor->block->block_content->expr_stmt->expr->name->name,
2,47,rectangle_java2.jpg,rectangle_java2.jpg,2423581159,72,831.9383333333333,399.155,826.5,404,23,19,x2,2,class->block->constructor->block->block_content->expr_stmt->expr->name->name,
2,47,rectangle_java2.jpg,rectangle_java2.jpg,2423781194,72,802.9916666666667,421.9555555555555,806.5,404,15,19,=,1,class->block->constructor->block->block_content->expr_stmt->expr->operator,
2,47,rectangle_java2.jpg,rectangle_java2.jpg,2423853210,68,805.07,412.9429411764706,806.5,404,15,19,=,1,class->block->constructor->block->block_content->expr_stmt->expr->operator,
2,47,rectangle_java2.jpg,rectangle_java2.jpg,2424497108,168,830.7861904761904,422.4907142857143,826.5,404,23,19,x2,2,class->block->constructor->block->block_content->expr_stmt->expr->name->name,
2,47,rectangle_java2.jpg,rectangle_java2.jpg,2424589085,88,828.6968181818182,422.645,826.5,404,23,19,x2,2,class->block->constructor->block->block_content->expr_stmt->expr->name->name,
2,47,rectangle_java2.jpg,rectangle_java2.jpg,2425545132,100,745.6604,241.23400000000004,715.5,222,90,21,Rectangle,9,class->name,
2,47,rectangle_java2.jpg,rectangle_java2.jpg,2425709150,112,782.6296428571428,265.39642857142854,785.5,259,23,21,x1,2,class->block->decl_stmt->decl->name,
2,47,rectangle_java2.jpg,rectangle_java2.jpg,2426425007,96,851.8333333333334,418.4616666666666,856.5,404,10,19,;,1,class->block->constructor->block->block_content->expr_stmt,
2,47,rectangle_java2.jpg,rectangle_java2.jpg,2426504996,76,851.5552631578947,404.2294736842105,856.5,404,10,19,;,1,class->block->constructor->block->block_content->expr_stmt,
2,47,rectangle_java2.jpg,rectangle_java2.jpg,2426736932,60,827.4746666666667,358.0226666666667,826.5,367,23,21,y1,2,class->block->constructor->block->block_content->expr_stmt->expr->name->name,
2,47,rectangle_java2.jpg,rectangle_java2.jpg,2426972950,64,796.295625,282.5575,737.5,295,91,21,Rectangle,9,class->block->constructor->name,
2,47,rectangle_java2.jpg,rectangle_java2.jpg,2427100981,124,802.678064516129,292.2090322580645,737.5,295,91,21,Rectangle,9,class->block->constructor->name,
2,47,rectangle_java2.jpg,rectangle_java2.jpg,2427285020,104,774.891923076923,520.6507692307692,775.5,512,53,21,width,5,class->block->function->name,
2,47,rectangle_java2.jpg,rectangle_java2.jpg,2427397004,108,779.6122222222223,518.1459259259259,775.5,512,53,21,width,5,class->block->function->name,
2,47,rectangle_java2.jpg,rectangle_java2.jpg,2428204792,296,977.4248648648648,511.5537837837837,958.5,512,71,21,this.x2,7,class->block->function->block->block_content->return->expr->name->name->operator->name->operator,
2,47,rectangle_java2.jpg,rectangle_java2.jpg,2428404665,196,972.555306122449,508.4855102040816,958.5,512,71,21,this.x2,7,class->block->function->block->block_content->return->expr->name->name->operator->name->operator,
2,47,rectangle_java2.jpg,rectangle_java2.jpg,2429040829,368,981.4184782608696,517.7877173913043,958.5,512,71,21,this.x2,7,class->block->function->block->block_content->return->expr->name->name->operator->name->operator,
2,47,rectangle_java2.jpg,rectangle_java2.jpg,2429188827,124,835.4932258064516,529.0464516129032,837.5,512,9,21,(,1,class->block->function->parameter_list,
2,47,rectangle_java2.jpg,rectangle_java2.jpg,2429268827,76,833.4984210526316,526.1910526315789,837.5,512,9,21,(,1,class->block->function->parameter_list,
2,47,rectangle_java2.jpg,rectangle_java2.jpg,2429372812,68,765.7670588235294,512.5882352941177,737.5,512,33,21,int,3,class->block->function->type->name,
2,47,rectangle_java2.jpg,rectangle_java2.jpg,2429372812,68,765.7670588235294,512.5882352941177,775.5,512,53,21,width,5,class->block->function->name,
2,47,rectangle_java2.jpg,rectangle_java2.jpg,2429824518,176,924.7761363636364,522.405,891.5,512,62,21,return,6,class->block->function->block->block_content->return->expr->name->name,
2,47,rectangle_java2.jpg,rectangle_java2.jpg,2429948632,112,830.0303571428572,526.2871428571428,837.5,512,9,21,(,1,class->block->function->parameter_list,
2,47,rectangle_java2.jpg,rectangle_java2.jpg,2430088706,136,826.3438235294118,537.3173529411765,775.5,549,62,21,height,6,class->block->function->name,
2,47,rectangle_java2.jpg,rectangle_java2.jpg,2430280682,76,901.281052631579,527.817894736842,891.5,512,62,21,return,6,class->block->function->block->block_content->return->expr->name->name,
2,47,rectangle_java2.jpg,rectangle_java2.jpg,2430492720,76,891.0026315789473,530.5463157894737,891.5,512,62,21,return,6,class->block->function->block->block_content->return->expr->name->name,
2,47,rectangle_java2.jpg,rectangle_java2.jpg,2430832713,280,1014.8601428571428,567.8544285714286,968.5,549,70,21,this.y2,7,class->block->function->block->block_content->return->expr->name->name->operator->name,
2,47,rectangle_java2.jpg,rectangle_java2.jpg,2431072655,164,1142.529756097561,555.1187804878049,1142.5,549,10,21,;,1,class->block->function->block->block_content->return,
2,47,rectangle_java2.jpg,rectangle_java2.jpg,2431300671,192,1097.6225,558.34875,1064.5,549,71,21,this.y1,7,class->block->function->block->block_content->return->expr->name->name->operator->name,
2,47,rectangle_java2.jpg,rectangle_java2.jpg,2431400650,80,1011.504,562.0675,968.5,549,70,21,this.y2,7,class->block->function->block->block_content->return->expr->name->name->operator->name,
2,47,rectangle_java2.jpg,rectangle_java2.jpg,2431460636,56,1012.1764285714286,574.2014285714286,977.5,585,101,21,this.width,10,class->block->function->block->block_content->return->expr->call->name->name->operator->name,
2,47,rectangle_java2.jpg,rectangle_java2.jpg,2431524620,60,1016.0953333333332,582.8086666666667,977.5,585,101,21,this.width,10,class->block->function->block->block_content->return->expr->call->name->name->operator->name,
2,47,rectangle_java2.jpg,rectangle_java2.jpg,2431612632,84,1017.0638095238096,596.0566666666666,977.5,585,101,21,this.width,10,class->block->function->block->block_content->return->expr->call->name->name->operator->name,
2,47,rectangle_java2.jpg,rectangle_java2.jpg,2431820565,144,973.1225,543.4536111111112,968.5,549,70,21,this.y2,7,class->block->function->block->block_content->return->expr->name->name->operator->name,
2,47,rectangle_java2.jpg,rectangle_java2.jpg,2432432619,72,847.8088888888889,531.8916666666667,854.5,512,9,21,),1,class->block->function->parameter_list,
2,47,rectangle_java2.jpg,rectangle_java2.jpg,2432640578,132,738.5815151515152,557.9809090909091,737.5,549,33,21,int,3,class->block->function->type->name,
2,47,rectangle_java2.jpg,rectangle_java2.jpg,2432992603,100,801.3224,523.6308,775.5,512,53,21,width,5,class->block->function->name,
2,47,rectangle_java2.jpg,rectangle_java2.jpg,2433080573,84,794.552380952381,546.9333333333334,775.5,549,62,21,height,6,class->block->function->name,
2,47,rectangle_java2.jpg,rectangle_java2.jpg,2433160581,76,786.0205263157895,550.1178947368421,775.5,549,62,21,height,6,class->block->function->name,
2,47,rectangle_java2.jpg,rectangle_java2.jpg,2433276629,80,744.9635,527.419,737.5,512,33,21,int,3,class->block->function->type->name,
2,47,rectangle_java2.jpg,rectangle_java2.jpg,2433488292,128,869.1,580.06625,873.5,585,9,21,),1,class->block->function->parameter_list,
2,47,rectangle_java2.jpg,rectangle_java2.jpg,2433564275,72,876.0422222222222,566.1522222222222,883.5,549,10,21,{,1,class->block->function->block,
2,47,rectangle_java2.jpg,rectangle_java2.jpg,2433680367,60,982.2406666666668,554.5346666666667,968.5,549,70,21,this.y2,7,class->block->function->block->block_content->return->expr->name->name->operator->name,
2,47,rectangle_java2.jpg,rectangle_java2.jpg,2433828419,144,994.7911111111111,550.6394444444444,968.5,549,70,21,this.y2,7,class->block->function->block->block_content->return->expr->name->name->operator->name,
2,47,rectangle_java2.jpg,rectangle_java2.jpg,2434316386,88,935.2777272727272,501.1095454545455,891.5,512,62,21,return,6,class->block->function->block->block_content->return->expr->name->name,
2,47,rectangle_java2.jpg,rectangle_java2.jpg,2434452390,68,995.4041176470588,526.2947058823529,958.5,512,71,21,this.x2,7,class->block->function->block->block_content->return->expr->name->name->operator->name->operator,
2,47,rectangle_java2.jpg,rectangle_java2.jpg,2434516392,60,1006.084,511.2686666666666,958.5,512,71,21,this.x2,7,class->block->function->block->block_content->return->expr->name->name->operator->name->operator,
2,47,rectangle_java2.jpg,rectangle_java2.jpg,2434772439,76,1116.9768421052631,566.7294736842106,1064.5,549,71,21,this.y1,7,class->block->function->block->block_content->return->expr->name->name->operator->name,
2,47,rectangle_java2.jpg,rectangle_java2.jpg,2434928397,152,1092.8768421052632,564.2597368421052,1064.5,549,71,21,this.y1,7,class->block->function->block->block_content->return->expr->name->name->operator->name,
2,47,rectangle_java2.jpg,rectangle_java2.jpg,2435128408,196,1092.978775510204,554.4375510204081,1064.5,549,71,21,this.y1,7,class->block->function->block->block_content->return->expr->name->name->operator->name,
2,47,rectangle_java2.jpg,rectangle_java2.jpg,2435760303,172,843.7525581395349,592.0497674418605,804.5,585,43,21,area,4,class->block->function->name,
2,47,rectangle_java2.jpg,rectangle_java2.jpg,2435872288,72,814.4738888888888,589.1394444444444,804.5,585,43,21,area,4,class->block->function->name,
2,47,rectangle_java2.jpg,rectangle_java2.jpg,2435960260,76,948.568947368421,594.7531578947369,910.5,585,62,21,return,6,class->block->function->block->block_content->return,
2,47,rectangle_java2.jpg,rectangle_java2.jpg,2436080221,116,959.8289655172414,584.0837931034483,910.5,585,62,21,return,6,class->block->function->block->block_content->return,
2,47,rectangle_java2.jpg,rectangle_java2.jpg,2436248231,132,914.6272727272728,584.4551515151516,910.5,585,62,21,return,6,class->block->function->block->block_content->return,
2,47,rectangle_java2.jpg,rectangle_java2.jpg,2436340254,88,910.9831818181818,591.4004545454545,910.5,585,62,21,return,6,class->block->function->block->block_content->return,
2,47,rectangle_java2.jpg,rectangle_java2.jpg,2436452278,80,1024.623,594.118,977.5,585,101,21,this.width,10,class->block->function->block->block_content->return->expr->call->name->name->operator->name,
2,47,rectangle_java2.jpg,rectangle_java2.jpg,2436628315,172,1030.640930232558,596.7769767441861,977.5,585,101,21,this.width,10,class->block->function->block->block_content->return->expr->call->name->name->operator->name,
2,47,rectangle_java2.jpg,rectangle_java2.jpg,2436812326,168,1098.1461904761904,596.509761904762,1103.5,585,9,21,),1,class->block->function->block->block_content->return->expr->call->argument_list,
2,47,rectangle_java2.jpg,rectangle_java2.jpg,2436928299,88,782.2172727272728,617.98,738.5,621,61,21,static,6,class->block->function->type->specifier,
2,47,rectangle_java2.jpg,rectangle_java2.jpg,2437296030,56,817.4342857142857,665.3585714285714,730.5,658,91,20,Rectangle,9,class->block->function->block->block_content->decl_stmt->decl->type->name,
2,47,rectangle_java2.jpg,rectangle_java2.jpg,2437296030,56,817.4342857142857,665.3585714285714,826.5,658,52,20,rect1,5,class->block->function->block->block_content->decl_stmt->decl->name,
2,47,rectangle_java2.jpg,rectangle_java2.jpg,2437392092,92,814.0608695652173,686.9639130434782,730.5,694,177,21,System.out.println,18,class->block->function->block->block_content->expr_stmt->expr->call->name->name->operator->name->operator->name,
2,47,rectangle_java2.jpg,rectangle_java2.jpg,2437556158,108,1025.568888888889,696.5033333333333,932.5,694,100,21,rect1.area,10,class->block->function->block->block_content->expr_stmt->expr->call->argument_list->argument->expr->call->name->name->operator->name,
2,47,rectangle_java2.jpg,rectangle_java2.jpg,2437664154,104,1029.593076923077,685.8065384615385,932.5,694,100,21,rect1.area,10,class->block->function->block->block_content->expr_stmt->expr->call->argument_list->argument->expr->call->name->name->operator->name,
2,47,rectangle_java2.jpg,rectangle_java2.jpg,2437664154,104,1029.593076923077,685.8065384615385,1041.5,694,9,21,(,1,class->block->function->block->block_content->expr_stmt->expr->call->argument_list->argument->expr->call->argument_list,
2,47,rectangle_java2.jpg,rectangle_java2.jpg,2438360197,124,807.6887096774193,727.5787096774194,730.5,731,91,20,Rectangle,9,class->block->function->block->block_content->decl_stmt->decl->type->name,
2,47,rectangle_java2.jpg,rectangle_java2.jpg,2438472201,108,784.2462962962964,722.5014814814815,730.5,731,91,20,Rectangle,9,class->block->function->block->block_content->decl_stmt->decl->type->name,
2,47,rectangle_java2.jpg,rectangle_java2.jpg,2438744150,208,930.751923076923,736.4273076923077,902.5,731,34,20,new,3,class->block->function->block->block_content->decl_stmt->decl->init->expr->operator,
2,47,rectangle_java2.jpg,rectangle_java2.jpg,2438744150,208,930.751923076923,736.4273076923077,941.5,731,91,20,Rectangle,9,class->block->function->block->block_content->decl_stmt->decl->init->expr->call->name,
2,47,rectangle_java2.jpg,rectangle_java2.jpg,2438828163,80,833.901,737.7175,826.5,731,51,20,rect2,5,class->block->function->block->block_content->decl_stmt->decl->name,
2,47,rectangle_java2.jpg,rectangle_java2.jpg,2439015885,184,832.3334782608696,733.6663043478261,826.5,731,51,20,rect2,5,class->block->function->block->block_content->decl_stmt->decl->name,
2,47,rectangle_java2.jpg,rectangle_java2.jpg,2439131844,96,898.8695833333334,743.0475,902.5,731,34,20,new,3,class->block->function->block->block_content->decl_stmt->decl->init->expr->operator,
2,47,rectangle_java2.jpg,rectangle_java2.jpg,2439428003,60,963.8993333333332,724.6073333333334,941.5,731,91,20,Rectangle,9,class->block->function->block->block_content->decl_stmt->decl->init->expr->call->name,
2,47,rectangle_java2.jpg,rectangle_java2.jpg,2440400026,132,780.3118181818181,433.1506060606061,730.5,440,71,21,this.y2,7,class->block->constructor->block->block_content->expr_stmt->expr->name->name->operator->name,
2,47,rectangle_java2.jpg,rectangle_java2.jpg,2440672045,228,847.9298245614035,443.3875438596491,826.5,440,23,21,y2,2,class->block->constructor->block->block_content->expr_stmt->expr->name->name,
2,47,rectangle_java2.jpg,rectangle_java2.jpg,2440672045,228,847.9298245614035,443.3875438596491,856.5,440,10,21,;,1,class->block->constructor->block->block_content->expr_stmt,
2,47,rectangle_java2.jpg,rectangle_java2.jpg,2440748035,64,841.1825,330.43375,826.5,331,23,19,x1,2,class->block->constructor->block->block_content->expr_stmt->expr->name->name,
2,47,rectangle_java2.jpg,rectangle_java2.jpg,2440971956,220,834.1956363636364,334.1103636363636,826.5,331,23,19,x1,2,class->block->constructor->block->block_content->expr_stmt->expr->name->name,
2,47,rectangle_java2.jpg,rectangle_java2.jpg,2441099880,124,831.4212903225806,322.32516129032257,826.5,331,23,19,x1,2,class->block->constructor->block->block_content->expr_stmt->expr->name->name,
2,47,rectangle_java2.jpg,rectangle_java2.jpg,2441303884,148,820.9810810810811,373.187027027027,806.5,367,15,21,=,1,class->block->constructor->block->block_content->expr_stmt->expr->operator,
2,47,rectangle_java2.jpg,rectangle_java2.jpg,2441303884,148,820.9810810810811,373.187027027027,826.5,367,23,21,y1,2,class->block->constructor->block->block_content->expr_stmt->expr->name->name,
2,47,rectangle_java2.jpg,rectangle_java2.jpg,2441799899,128,895.0190625,754.4371874999999,730.5,766,177,21,System.out.println,18,class->block->function->block->block_content->expr_stmt->expr->call->name->name->operator->name->operator->name,
2,47,rectangle_java2.jpg,rectangle_java2.jpg,2441951876,136,800.7714705882353,740.7273529411765,730.5,731,91,20,Rectangle,9,class->block->function->block->block_content->decl_stmt->decl->type->name,
2,47,rectangle_java2.jpg,rectangle_java2.jpg,2443051779,72,842.3416666666667,283.8694444444444,837.5,295,9,21,(,1,class->block->constructor->parameter_list,
2,47,rectangle_java2.jpg,rectangle_java2.jpg,2443051779,72,842.3416666666667,283.8694444444444,853.5,295,32,21,int,3,class->block->constructor->parameter_list->parameter->decl->type->name,
2,47,rectangle_java2.jpg,rectangle_java2.jpg,2443307782,136,900.6861764705882,288.5126470588235,890.5,295,24,21,x1,2,class->block->constructor->parameter_list->parameter->decl->type->name,
2,47,rectangle_java2.jpg,rectangle_java2.jpg,2443423825,76,946.6742105263158,266.8694736842105,929.5,259,23,21,y2,2,class->block->decl_stmt->decl->name,
2,47,rectangle_java2.jpg,rectangle_java2.jpg,2443503855,76,953.3584210526316,267.94947368421055,959.5,259,10,21,;,1,class->block->decl_stmt,
2,47,rectangle_java2.jpg,rectangle_java2.jpg,2443667860,96,866.7520833333333,312.14875,853.5,295,32,21,int,3,class->block->constructor->parameter_list->parameter->decl->type->name,
2,47,rectangle_java2.jpg,rectangle_java2.jpg,2443735881,64,854.875625,307.49625,853.5,295,32,21,int,3,class->block->constructor->parameter_list->parameter->decl->type->name,
2,47,rectangle_java2.jpg,rectangle_java2.jpg,2443923875,148,819.2535135135136,333.1754054054054,806.5,331,15,19,=,1,class->block->constructor->block->block_content->expr_stmt->expr->operator,
2,47,rectangle_java2.jpg,rectangle_java2.jpg,2443923875,148,819.2535135135136,333.1754054054054,826.5,331,23,19,x1,2,class->block->constructor->block->block_content->expr_stmt->expr->name->name,
2,47,rectangle_java2.jpg,rectangle_java2.jpg,2444791599,116,660.8513793103448,813.0465517241379,672.5,804,10,18,},1,class->block->function->block,
2,47,rectangle_java2.jpg,rectangle_java2.jpg,2445071606,56,849.4107142857142,325.6657142857143,826.5,331,23,19,x1,2,class->block->constructor->block->block_content->expr_stmt->expr->name->name,
2,47,rectangle_java2.jpg,rectangle_java2.jpg,2445071606,56,849.4107142857142,325.6657142857143,856.5,331,10,19,;,1,class->block->constructor->block->block_content->expr_stmt,
2,47,rectangle_java2.jpg,rectangle_java2.jpg,2445151594,76,858.3778947368421,320.12368421052633,856.5,331,10,19,;,1,class->block->constructor->block->block_content->expr_stmt,
2,47,rectangle_java2.jpg,rectangle_java2.jpg,2445231587,76,852.5205263157894,310.2526315789474,853.5,295,32,21,int,3,class->block->constructor->parameter_list->parameter->decl->type->name,
2,47,rectangle_java2.jpg,rectangle_java2.jpg,2445423605,172,763.2774418604652,325.19116279069766,730.5,331,71,19,this.x1,7,class->block->constructor->block->block_content->expr_stmt->expr->name->name->operator->name,
2,47,rectangle_java2.jpg,rectangle_java2.jpg,2445519632,76,845.5615789473684,311.15263157894736,837.5,295,9,21,(,1,class->block->constructor->parameter_list,
2,47,rectangle_java2.jpg,rectangle_java2.jpg,2445519632,76,845.5615789473684,311.15263157894736,853.5,295,32,21,int,3,class->block->constructor->parameter_list->parameter->decl->type->name,
2,47,rectangle_java2.jpg,rectangle_java2.jpg,2445671642,148,848.9502702702703,306.69729729729727,853.5,295,32,21,int,3,class->block->constructor->parameter_list->parameter->decl->type->name,
2,47,rectangle_java2.jpg,rectangle_java2.jpg,2445779638,104,852.0884615384615,319.0430769230769,856.5,331,10,19,;,1,class->block->constructor->block->block_content->expr_stmt,
2,47,rectangle_java2.jpg,rectangle_java2.jpg,2446347607,156,942.2205128205128,298.8305128205128,939.5,295,33,21,int,3,class->block->constructor->parameter_list->parameter->decl->type->name,
2,47,rectangle_java2.jpg,rectangle_java2.jpg,2446547440,176,892.2436363636364,301.3127272727273,890.5,295,24,21,x1,2,class->block->constructor->parameter_list->parameter->decl->type->name,
2,47,rectangle_java2.jpg,rectangle_java2.jpg,2446611378,60,888.574,292.71333333333337,890.5,295,24,21,x1,2,class->block->constructor->parameter_list->parameter->decl->type->name,
2,47,rectangle_java2.jpg,rectangle_java2.jpg,2447659501,148,800.5889189189189,437.38351351351344,730.5,440,71,21,this.y2,7,class->block->constructor->block->block_content->expr_stmt->expr->name->name->operator->name,
2,47,rectangle_java2.jpg,rectangle_java2.jpg,2447659501,148,800.5889189189189,437.38351351351344,806.5,440,15,21,=,1,class->block->constructor->block->block_content->expr_stmt->expr->operator,
2,47,rectangle_java2.jpg,rectangle_java2.jpg,2449043412,120,1033.0343333333333,286.443,1025.5,295,33,21,int,3,class->block->constructor->parameter_list->parameter->decl->type->name,
2,47,rectangle_java2.jpg,rectangle_java2.jpg,2449491369,96,827.4254166666667,440.6325,826.5,440,23,21,y2,2,class->block->constructor->block->block_content->expr_stmt->expr->name->name,
2,47,rectangle_java2.jpg,rectangle_java2.jpg,2449915383,72,833.2066666666667,379.4222222222222,826.5,367,23,21,y1,2,class->block->constructor->block->block_content->expr_stmt->expr->name->name,
2,47,rectangle_java2.jpg,rectangle_java2.jpg,2450003353,84,839.0733333333334,376.8466666666667,826.5,367,23,21,y1,2,class->block->constructor->block->block_content->expr_stmt->expr->name->name,
2,47,rectangle_java2.jpg,rectangle_java2.jpg,2452063251,68,982.5411764705882,673.4294117647058,941.5,658,91,20,Rectangle,9,class->block->function->block->block_content->decl_stmt->decl->init->expr->call->name,
2,47,rectangle_java2.jpg,rectangle_java2.jpg,2452183126,116,973.3286206896552,692.1424137931034,932.5,694,100,21,rect1.area,10,class->block->function->block->block_content->expr_stmt->expr->call->argument_list->argument->expr->call->name->name->operator->name,
2,47,rectangle_java2.jpg,rectangle_java2.jpg,2453683102,156,1033.958205128205,288.6089743589744,1025.5,295,33,21,int,3,class->block->constructor->parameter_list->parameter->decl->type->name,
2,47,rectangle_java2.jpg,rectangle_java2.jpg,2455840844,72,733.7472222222223,218.8438888888889,715.5,222,90,21,Rectangle,9,class->name,
2,47,rectangle_java2.jpg,rectangle_java2.jpg,2455917286,72,725.9355555555555,225.2205555555556,715.5,222,90,21,Rectangle,9,class->name,
2,47,rectangle_java2.jpg,rectangle_java2.jpg,2456037659,64,707.958125,235.33375,657.5,222,52,21,class,5,class,
2,47,rectangle_java2.jpg,rectangle_java2.jpg,2456037659,64,707.958125,235.33375,715.5,222,90,21,Rectangle,9,class->name,
2,47,rectangle_java2.jpg,rectangle_java2.jpg,2456749453,156,842.8020512820513,312.864358974359,837.5,295,9,21,(,1,class->block->constructor->parameter_list,
2,47,rectangle_java2.jpg,rectangle_java2.jpg,2456749453,156,842.8020512820513,312.864358974359,853.5,295,32,21,int,3,class->block->constructor->parameter_list->parameter->decl->type->name,
2,47,rectangle_java2.jpg,rectangle_java2.jpg,2456869395,64,877.695625,593.175,873.5,585,9,21,),1,class->block->function->parameter_list,
2,47,rectangle_java2.jpg,rectangle_java2.jpg,2457021270,148,883.5959459459459,588.6381081081081,893.5,585,10,21,{,1,class->block->function->block,
2,47,rectangle_java2.jpg,rectangle_java2.jpg,2457157344,84,1089.8604761904762,593.2757142857143,1086.5,585,10,21,(,1,class->block->function->block->block_content->return->expr->call->argument_list,
2,47,rectangle_java2.jpg,rectangle_java2.jpg,2457237358,76,1090.128947368421,598.2894736842105,1086.5,585,10,21,(,1,class->block->function->block->block_content->return->expr->call->argument_list,
2,47,rectangle_java2.jpg,rectangle_java2.jpg,2457589256,316,1056.440379746835,605.4826582278481,977.5,585,101,21,this.width,10,class->block->function->block->block_content->return->expr->call->name->name->operator->name,
2,47,rectangle_java2.jpg,rectangle_java2.jpg,2457765309,144,1035.8502777777778,562.6572222222222,968.5,549,70,21,this.y2,7,class->block->function->block->block_content->return->expr->name->name->operator->name,
2,47,rectangle_java2.jpg,rectangle_java2.jpg,2457765309,144,1035.8502777777778,562.6572222222222,1045.5,549,13,21,-,1,class->block->function->block->block_content->return->expr->operator,
2,47,rectangle_java2.jpg,rectangle_java2.jpg,2457841317,72,1036.4888888888888,565.53,968.5,549,70,21,this.y2,7,class->block->function->block->block_content->return->expr->name->name->operator->name,
2,47,rectangle_java2.jpg,rectangle_java2.jpg,2457841317,72,1036.4888888888888,565.53,1045.5,549,13,21,-,1,class->block->function->block->block_content->return->expr->operator,
2,47,rectangle_java2.jpg,rectangle_java2.jpg,2458037370,104,795.7634615384616,460.3373076923077,730.5,440,71,21,this.y2,7,class->block->constructor->block->block_content->expr_stmt->expr->name->name->operator->name,
2,47,rectangle_java2.jpg,rectangle_java2.jpg,2458037370,104,795.7634615384616,460.3373076923077,806.5,440,15,21,=,1,class->block->constructor->block->block_content->expr_stmt->expr->operator,
2,47,rectangle_java2.jpg,rectangle_java2.jpg,2458321344,116,851.798275862069,321.2706896551724,856.5,331,10,19,;,1,class->block->constructor->block->block_content->expr_stmt,
2,47,rectangle_java2.jpg,rectangle_java2.jpg,2460493163,108,775.7007407407407,324.4811111111111,730.5,331,71,19,this.x1,7,class->block->constructor->block->block_content->expr_stmt->expr->name->name->operator->name,
2,47,rectangle_java2.jpg,rectangle_java2.jpg,2460681068,152,748.6281578947369,224.4265789473684,715.5,222,90,21,Rectangle,9,class->name,
2,47,rectangle_java2.jpg,rectangle_java2.jpg,2461089109,60,1091.654,548.9433333333334,1064.5,549,71,21,this.y1,7,class->block->function->block->block_content->return->expr->name->name->operator->name,
2,47,rectangle_java2.jpg,rectangle_java2.jpg,2461161117,68,1087.6323529411766,548.4164705882353,1064.5,549,71,21,this.y1,7,class->block->function->block->block_content->return->expr->name->name->operator->name,
2,47,rectangle_java2.jpg,rectangle_java2.jpg,2461269085,56,1162.668571428571,560.6578571428572,1161.5,549,10,21,},1,class->block->function->block,
2,47,rectangle_java2.jpg,rectangle_java2.jpg,2461349065,76,1167.5936842105264,542.9405263157895,1161.5,549,10,21,},1,class->block->function->block,
2,47,rectangle_java2.jpg,rectangle_java2.jpg,2461453077,100,1164.5392,552.2784,1161.5,549,10,21,},1,class->block->function->block,
2,47,rectangle_java2.jpg,rectangle_java2.jpg,2461609087,120,1025.5863333333334,560.883,968.5,549,70,21,this.y2,7,class->block->function->block->block_content->return->expr->name->name->operator->name,
2,47,rectangle_java2.jpg,rectangle_java2.jpg,2461733077,120,1024.6916666666666,564.4126666666666,968.5,549,70,21,this.y2,7,class->block->function->block->block_content->return->expr->name->name->operator->name,
2,47,rectangle_java2.jpg,rectangle_java2.jpg,2461913088,144,1081.8072222222222,619.6769444444444,1074.5,621,10,21,),1,class->block->function->parameter_list,
2,47,rectangle_java2.jpg,rectangle_java2.jpg,2462049067,100,795.128,652.7504,730.5,658,91,20,Rectangle,9,class->block->function->block->block_content->decl_stmt->decl->type->name,
2,47,rectangle_java2.jpg,rectangle_java2.jpg,2462209031,156,785.7066666666667,641.3492307692308,738.5,621,61,21,static,6,class->block->function->type->specifier,
2,47,rectangle_java2.jpg,rectangle_java2.jpg,2462269029,56,791.2164285714285,641.1978571428572,738.5,621,61,21,static,6,class->block->function->type->specifier,
