trial,participant,code_file,code_language,timestamp,duration,x_cord,y_cord,aoi_x,aoi_y,aoi_width,aoi_height,token,length,srcML,
2,61,rectangle_java2.jpg,rectangle_java2.jpg,757888821,136,760.42,221.5697058823529,715.5,222,90,21,Rectangle,9,class->name,
2,61,rectangle_java2.jpg,rectangle_java2.jpg,757980799,88,765.8204545454546,235.4386363636364,715.5,222,90,21,Rectangle,9,class->name,
2,61,rectangle_java2.jpg,rectangle_java2.jpg,758060784,76,772.2363157894737,240.85473684210524,715.5,222,90,21,Rectangle,9,class->name,
2,61,rectangle_java2.jpg,rectangle_java2.jpg,762464455,112,801.1821428571428,211.34821428571428,715.5,222,90,21,Rectangle,9,class->name,
2,61,rectangle_java2.jpg,rectangle_java2.jpg,762464455,112,801.1821428571428,211.34821428571428,813.5,222,10,21,{,1,class->block,
2,61,rectangle_java2.jpg,rectangle_java2.jpg,763460483,124,752.901935483871,255.41580645161287,747.5,259,33,21,int,3,class->block->decl_stmt->decl->type->name,
2,61,rectangle_java2.jpg,rectangle_java2.jpg,763520486,56,748.7692857142857,258.2292857142857,747.5,259,33,21,int,3,class->block->decl_stmt->decl->type->name,
2,61,rectangle_java2.jpg,rectangle_java2.jpg,763844401,240,812.0153333333334,268.19666666666666,815.5,259,10,21,"""","""",1,class->block->decl_stmt
2,61,rectangle_java2.jpg,rectangle_java2.jpg,764068353,180,738.912,258.82,669.5,259,72,21,private,7,class->block->decl_stmt->decl->type->specifier,
2,61,rectangle_java2.jpg,rectangle_java2.jpg,764068353,180,738.912,258.82,747.5,259,33,21,int,3,class->block->decl_stmt->decl->type->name,
2,61,rectangle_java2.jpg,rectangle_java2.jpg,764180354,108,736.7174074074074,267.8892592592593,669.5,259,72,21,private,7,class->block->decl_stmt->decl->type->specifier,
2,61,rectangle_java2.jpg,rectangle_java2.jpg,764180354,108,736.7174074074074,267.8892592592593,747.5,259,33,21,int,3,class->block->decl_stmt->decl->type->name,
2,61,rectangle_java2.jpg,rectangle_java2.jpg,764568344,156,892.9584615384615,277.9858974358974,881.5,259,23,21,x2,2,class->block->decl_stmt->decl->name,
2,61,rectangle_java2.jpg,rectangle_java2.jpg,764748317,152,959.3315789473684,275.3307894736842,959.5,259,10,21,;,1,class->block->decl_stmt,
2,61,rectangle_java2.jpg,rectangle_java2.jpg,764860323,108,963.0766666666668,275.212962962963,959.5,259,10,21,;,1,class->block->decl_stmt,
2,61,rectangle_java2.jpg,rectangle_java2.jpg,765080337,160,884.84325,284.0115,853.5,295,32,21,int,3,class->block->constructor->parameter_list->parameter->decl->type->name,
2,61,rectangle_java2.jpg,rectangle_java2.jpg,765080337,160,884.84325,284.0115,890.5,295,24,21,x1,2,class->block->constructor->parameter_list->parameter->decl->type->name,
2,61,rectangle_java2.jpg,rectangle_java2.jpg,765992153,68,867.5464705882353,308.3941176470588,853.5,295,32,21,int,3,class->block->constructor->parameter_list->parameter->decl->type->name,
2,61,rectangle_java2.jpg,rectangle_java2.jpg,766148183,152,869.5586842105263,286.88105263157894,853.5,295,32,21,int,3,class->block->constructor->parameter_list->parameter->decl->type->name,
2,61,rectangle_java2.jpg,rectangle_java2.jpg,766228193,76,874.3615789473685,296.1905263157895,853.5,295,32,21,int,3,class->block->constructor->parameter_list->parameter->decl->type->name,
2,61,rectangle_java2.jpg,rectangle_java2.jpg,766380210,96,873.1670833333334,299.35291666666666,853.5,295,32,21,int,3,class->block->constructor->parameter_list->parameter->decl->type->name,
2,61,rectangle_java2.jpg,rectangle_java2.jpg,766500201,60,829.0326666666666,295.284,837.5,295,9,21,(,1,class->block->constructor->parameter_list,
2,61,rectangle_java2.jpg,rectangle_java2.jpg,766576198,72,834.9272222222222,310.1161111111111,837.5,295,9,21,(,1,class->block->constructor->parameter_list,
2,61,rectangle_java2.jpg,rectangle_java2.jpg,766820201,136,853.6685294117647,337.5364705882353,856.5,331,10,19,;,1,class->block->constructor->block->block_content->expr_stmt,
2,61,rectangle_java2.jpg,rectangle_java2.jpg,766960210,84,864.88,385.7547619047619,856.5,367,10,21,;,1,class->block->constructor->block->block_content->expr_stmt,
2,61,rectangle_java2.jpg,rectangle_java2.jpg,767324253,84,855.0642857142857,336.5395238095238,856.5,331,10,19,;,1,class->block->constructor->block->block_content->expr_stmt,
2,61,rectangle_java2.jpg,rectangle_java2.jpg,767396255,68,850.2188235294118,346.9364705882353,856.5,331,10,19,;,1,class->block->constructor->block->block_content->expr_stmt,
2,61,rectangle_java2.jpg,rectangle_java2.jpg,767536231,136,849.6144117647059,339.1964705882353,856.5,331,10,19,;,1,class->block->constructor->block->block_content->expr_stmt,
2,61,rectangle_java2.jpg,rectangle_java2.jpg,768288095,176,756.2386363636364,451.0906818181818,730.5,440,71,21,this.y2,7,class->block->constructor->block->block_content->expr_stmt->expr->name->name->operator->name,
2,61,rectangle_java2.jpg,rectangle_java2.jpg,768384099,68,775.6611764705882,506.285294117647,775.5,512,53,21,width,5,class->block->function->name,
2,61,rectangle_java2.jpg,rectangle_java2.jpg,768496098,108,772.6381481481482,503.7066666666667,775.5,512,53,21,width,5,class->block->function->name,
2,61,rectangle_java2.jpg,rectangle_java2.jpg,768632139,96,869.0225,501.8258333333333,874.5,512,10,21,{,1,class->block->function->block,
2,61,rectangle_java2.jpg,rectangle_java2.jpg,768768184,76,860.3147368421053,508.6184210526316,854.5,512,9,21,),1,class->block->function->parameter_list,
2,61,rectangle_java2.jpg,rectangle_java2.jpg,768832183,60,858.3933333333333,508.3746666666666,854.5,512,9,21,),1,class->block->function->parameter_list,
2,61,rectangle_java2.jpg,rectangle_java2.jpg,768896177,60,843.9399999999999,505.3,837.5,512,9,21,(,1,class->block->function->parameter_list,
2,61,rectangle_java2.jpg,rectangle_java2.jpg,768896177,60,843.9399999999999,505.3,854.5,512,9,21,),1,class->block->function->parameter_list,
2,61,rectangle_java2.jpg,rectangle_java2.jpg,769132143,168,743.2140476190476,508.8445238095238,737.5,512,33,21,int,3,class->block->function->type->name,
2,61,rectangle_java2.jpg,rectangle_java2.jpg,769232126,96,742.37125,500.50958333333335,737.5,512,33,21,int,3,class->block->function->type->name,
2,61,rectangle_java2.jpg,rectangle_java2.jpg,769703809,56,891.4914285714286,514.4992857142857,891.5,512,62,21,return,6,class->block->function->block->block_content->return->expr->name->name,
2,61,rectangle_java2.jpg,rectangle_java2.jpg,769919918,132,980.3027272727272,514.2360606060606,958.5,512,71,21,this.x2,7,class->block->function->block->block_content->return->expr->name->name->operator->name->operator,
2,61,rectangle_java2.jpg,rectangle_java2.jpg,769983923,60,982.146,516.89,958.5,512,71,21,this.x2,7,class->block->function->block->block_content->return->expr->name->name->operator->name->operator,
2,61,rectangle_java2.jpg,rectangle_java2.jpg,770107924,120,995.851,521.6296666666667,958.5,512,71,21,this.x2,7,class->block->function->block->block_content->return->expr->name->name->operator->name->operator,
2,61,rectangle_java2.jpg,rectangle_java2.jpg,770191921,80,994.2575,513.521,958.5,512,71,21,this.x2,7,class->block->function->block->block_content->return->expr->name->name->operator->name->operator,
2,61,rectangle_java2.jpg,rectangle_java2.jpg,770399914,144,959.59,508.4247222222223,958.5,512,71,21,this.x2,7,class->block->function->block->block_content->return->expr->name->name->operator->name->operator,
2,61,rectangle_java2.jpg,rectangle_java2.jpg,770535934,132,955.221212121212,508.1045454545455,958.5,512,71,21,this.x2,7,class->block->function->block->block_content->return->expr->name->name->operator->name->operator,
2,61,rectangle_java2.jpg,rectangle_java2.jpg,770879865,84,853.5909523809523,544.8552380952381,846.5,549,10,21,(,1,class->block->function->parameter_list,
2,61,rectangle_java2.jpg,rectangle_java2.jpg,770879865,84,853.5909523809523,544.8552380952381,863.5,549,9,21,),1,class->block->function->parameter_list,
2,61,rectangle_java2.jpg,rectangle_java2.jpg,771311883,80,858.5375,554.2655,863.5,549,9,21,),1,class->block->function->parameter_list,
2,61,rectangle_java2.jpg,rectangle_java2.jpg,771399758,84,861.3980952380953,537.3976190476191,863.5,549,9,21,),1,class->block->function->parameter_list,
2,61,rectangle_java2.jpg,rectangle_java2.jpg,771487649,84,860.8633333333333,548.8509523809524,863.5,549,9,21,),1,class->block->function->parameter_list,
2,61,rectangle_java2.jpg,rectangle_java2.jpg,771727836,196,787.0867346938776,532.5334693877551,775.5,512,53,21,width,5,class->block->function->name,
2,61,rectangle_java2.jpg,rectangle_java2.jpg,772091825,160,876.21575,552.9905,883.5,549,10,21,{,1,class->block->function->block,
2,61,rectangle_java2.jpg,rectangle_java2.jpg,772195764,100,878.9732,554.4536,883.5,549,10,21,{,1,class->block->function->block,
2,61,rectangle_java2.jpg,rectangle_java2.jpg,772327726,112,934.8296428571427,560.4167857142858,900.5,549,63,21,return,6,class->block->function->block->block_content->return,
2,61,rectangle_java2.jpg,rectangle_java2.jpg,772459794,128,942.5425,553.7,900.5,549,63,21,return,6,class->block->function->block->block_content->return,
2,61,rectangle_java2.jpg,rectangle_java2.jpg,772583816,60,997.4606666666668,565.1646666666667,968.5,549,70,21,this.y2,7,class->block->function->block->block_content->return->expr->name->name->operator->name,
2,61,rectangle_java2.jpg,rectangle_java2.jpg,772723824,56,1051.3257142857142,568.5942857142857,1045.5,549,13,21,-,1,class->block->function->block->block_content->return->expr->operator,
2,61,rectangle_java2.jpg,rectangle_java2.jpg,772807837,80,1052.4555,579.6215,977.5,585,101,21,this.width,10,class->block->function->block->block_content->return->expr->call->name->name->operator->name,
2,61,rectangle_java2.jpg,rectangle_java2.jpg,773031806,96,1029.4366666666667,577.3483333333334,977.5,585,101,21,this.width,10,class->block->function->block->block_content->return->expr->call->name->name->operator->name,
2,61,rectangle_java2.jpg,rectangle_java2.jpg,773371738,72,1043.638888888889,556.6738888888889,1045.5,549,13,21,-,1,class->block->function->block->block_content->return->expr->operator,
2,61,rectangle_java2.jpg,rectangle_java2.jpg,773431720,56,1040.6592857142855,546.7921428571428,1045.5,549,13,21,-,1,class->block->function->block->block_content->return->expr->operator,
2,61,rectangle_java2.jpg,rectangle_java2.jpg,773495700,60,1025.9426666666666,555.9226666666667,968.5,549,70,21,this.y2,7,class->block->function->block->block_content->return->expr->name->name->operator->name,
2,61,rectangle_java2.jpg,rectangle_java2.jpg,773555703,56,1028.2992857142856,562.6607142857143,968.5,549,70,21,this.y2,7,class->block->function->block->block_content->return->expr->name->name->operator->name,
2,61,rectangle_java2.jpg,rectangle_java2.jpg,773727715,124,859.3054838709677,526.861935483871,854.5,512,9,21,),1,class->block->function->parameter_list,
2,61,rectangle_java2.jpg,rectangle_java2.jpg,773831719,68,865.3658823529412,552.1111764705882,863.5,549,9,21,),1,class->block->function->parameter_list,
2,61,rectangle_java2.jpg,rectangle_java2.jpg,773955676,88,833.485,523.695,837.5,512,9,21,(,1,class->block->function->parameter_list,
2,61,rectangle_java2.jpg,rectangle_java2.jpg,774027581,68,846.7417647058824,540.0894117647059,846.5,549,10,21,(,1,class->block->function->parameter_list,
2,61,rectangle_java2.jpg,rectangle_java2.jpg,774499674,88,961.3686363636364,580.810909090909,910.5,585,62,21,return,6,class->block->function->block->block_content->return,
2,61,rectangle_java2.jpg,rectangle_java2.jpg,774607670,104,962.5223076923075,574.7984615384615,910.5,585,62,21,return,6,class->block->function->block->block_content->return,
2,61,rectangle_java2.jpg,rectangle_java2.jpg,774803701,168,1035.8528571428571,562.6273809523809,968.5,549,70,21,this.y2,7,class->block->function->block->block_content->return->expr->name->name->operator->name,
2,61,rectangle_java2.jpg,rectangle_java2.jpg,774803701,168,1035.8528571428571,562.6273809523809,1045.5,549,13,21,-,1,class->block->function->block->block_content->return->expr->operator,
2,61,rectangle_java2.jpg,rectangle_java2.jpg,774887744,80,1025.902,575.7475,977.5,585,101,21,this.width,10,class->block->function->block->block_content->return->expr->call->name->name->operator->name,
2,61,rectangle_java2.jpg,rectangle_java2.jpg,775239513,56,855.6,549.1157142857143,846.5,549,10,21,(,1,class->block->function->parameter_list,
2,61,rectangle_java2.jpg,rectangle_java2.jpg,775239513,56,855.6,549.1157142857143,863.5,549,9,21,),1,class->block->function->parameter_list,
2,61,rectangle_java2.jpg,rectangle_java2.jpg,775523487,104,1119.751923076923,557.9073076923077,1064.5,549,71,21,this.y1,7,class->block->function->block->block_content->return->expr->name->name->operator->name,
2,61,rectangle_java2.jpg,rectangle_java2.jpg,775711566,152,1105.9007894736842,583.2665789473684,1103.5,585,9,21,),1,class->block->function->block->block_content->return->expr->call->argument_list,
2,61,rectangle_java2.jpg,rectangle_java2.jpg,775923552,120,1097.562,564.5243333333333,1064.5,549,71,21,this.y1,7,class->block->function->block->block_content->return->expr->name->name->operator->name,
2,61,rectangle_java2.jpg,rectangle_java2.jpg,776039541,72,1152.7,550.7272222222223,1161.5,549,10,21,},1,class->block->function->block,
2,61,rectangle_java2.jpg,rectangle_java2.jpg,776295527,132,1118.449090909091,564.359393939394,1064.5,549,71,21,this.y1,7,class->block->function->block->block_content->return->expr->name->name->operator->name,
2,61,rectangle_java2.jpg,rectangle_java2.jpg,776391536,92,1131.4765217391305,553.1360869565217,1064.5,549,71,21,this.y1,7,class->block->function->block->block_content->return->expr->name->name->operator->name,
2,61,rectangle_java2.jpg,rectangle_java2.jpg,776391536,92,1131.4765217391305,553.1360869565217,1142.5,549,10,21,;,1,class->block->function->block->block_content->return,
2,61,rectangle_java2.jpg,rectangle_java2.jpg,777171483,84,800.1414285714286,528.2447619047618,775.5,512,53,21,width,5,class->block->function->name,
2,61,rectangle_java2.jpg,rectangle_java2.jpg,777359423,92,904.5939130434782,576.645652173913,910.5,585,62,21,return,6,class->block->function->block->block_content->return,
2,61,rectangle_java2.jpg,rectangle_java2.jpg,777887427,88,1064.9981818181818,595.305909090909,977.5,585,101,21,this.width,10,class->block->function->block->block_content->return->expr->call->name->name->operator->name,
2,61,rectangle_java2.jpg,rectangle_java2.jpg,778267349,100,1107.6012,589.5468,1103.5,585,9,21,),1,class->block->function->block->block_content->return->expr->call->argument_list,
2,61,rectangle_java2.jpg,rectangle_java2.jpg,778611420,76,796.121052631579,601.811052631579,737.5,585,62,21,double,6,class->block->function->type->name,
2,61,rectangle_java2.jpg,rectangle_java2.jpg,778611420,76,796.121052631579,601.811052631579,804.5,585,43,21,area,4,class->block->function->name,
2,61,rectangle_java2.jpg,rectangle_java2.jpg,778699448,84,795.2266666666667,618.1195238095238,738.5,621,61,21,static,6,class->block->function->type->specifier,
2,61,rectangle_java2.jpg,rectangle_java2.jpg,778699448,84,795.2266666666667,618.1195238095238,804.5,621,44,21,void,4,class->block->function->type->name,
2,61,rectangle_java2.jpg,rectangle_java2.jpg,778815457,68,914.1576470588236,665.8076470588235,902.5,658,34,20,new,3,class->block->function->block->block_content->decl_stmt->decl->init->expr->operator,
2,61,rectangle_java2.jpg,rectangle_java2.jpg,778971439,60,920.1646666666668,685.2766666666666,916.5,694,9,21,(,1,class->block->function->block->block_content->expr_stmt->expr->call->argument_list,
2,61,rectangle_java2.jpg,rectangle_java2.jpg,778971439,60,920.1646666666668,685.2766666666666,932.5,694,100,21,rect1.area,10,class->block->function->block->block_content->expr_stmt->expr->call->argument_list->argument->expr->call->name->name->operator->name,
2,61,rectangle_java2.jpg,rectangle_java2.jpg,779143291,160,1087.218,689.328,1096.5,694,10,21,;,1,class->block->function->block->block_content->expr_stmt,
2,61,rectangle_java2.jpg,rectangle_java2.jpg,779331192,136,1071.689411764706,669.560294117647,1077.5,658,9,20,"""","""",1,class->block->function->block->block_content->decl_stmt->decl->init->expr->call->argument_list
2,61,rectangle_java2.jpg,rectangle_java2.jpg,779499223,80,1060.9895,683.1015,1057.5,694,10,21,),1,class->block->function->block->block_content->expr_stmt->expr->call->argument_list->argument->expr->call->argument_list,
2,61,rectangle_java2.jpg,rectangle_java2.jpg,779759216,100,926.6228,684.0972,932.5,694,100,21,rect1.area,10,class->block->function->block->block_content->expr_stmt->expr->call->argument_list->argument->expr->call->name->name->operator->name,
2,61,rectangle_java2.jpg,rectangle_java2.jpg,779835256,72,929.1338888888888,688.5394444444445,932.5,694,100,21,rect1.area,10,class->block->function->block->block_content->expr_stmt->expr->call->argument_list->argument->expr->call->name->name->operator->name,
2,61,rectangle_java2.jpg,rectangle_java2.jpg,780095280,108,854.8303703703704,690.4344444444445,730.5,694,177,21,System.out.println,18,class->block->function->block->block_content->expr_stmt->expr->call->name->name->operator->name->operator->name,
2,61,rectangle_java2.jpg,rectangle_java2.jpg,780171289,72,857.3511111111111,677.9588888888889,826.5,658,52,20,rect1,5,class->block->function->block->block_content->decl_stmt->decl->name,
2,61,rectangle_java2.jpg,rectangle_java2.jpg,780255299,56,860.4921428571429,685.3921428571429,730.5,694,177,21,System.out.println,18,class->block->function->block->block_content->expr_stmt->expr->call->name->name->operator->name->operator->name,
2,61,rectangle_java2.jpg,rectangle_java2.jpg,780399322,104,830.1892307692308,759.1123076923077,730.5,766,177,21,System.out.println,18,class->block->function->block->block_content->expr_stmt->expr->call->name->name->operator->name->operator->name,
2,61,rectangle_java2.jpg,rectangle_java2.jpg,780611324,92,819.4213043478261,733.6430434782609,730.5,731,91,20,Rectangle,9,class->block->function->block->block_content->decl_stmt->decl->type->name,
2,61,rectangle_java2.jpg,rectangle_java2.jpg,780611324,92,819.4213043478261,733.6430434782609,826.5,731,51,20,rect2,5,class->block->function->block->block_content->decl_stmt->decl->name,
2,61,rectangle_java2.jpg,rectangle_java2.jpg,780939257,92,886.3891304347826,774.9204347826087,730.5,766,177,21,System.out.println,18,class->block->function->block->block_content->expr_stmt->expr->call->name->name->operator->name->operator->name,
2,61,rectangle_java2.jpg,rectangle_java2.jpg,781047169,72,947.0761111111112,750.9422222222222,941.5,731,91,20,Rectangle,9,class->block->function->block->block_content->decl_stmt->decl->init->expr->call->name,
2,61,rectangle_java2.jpg,rectangle_java2.jpg,781271164,76,945.27,754.9863157894737,932.5,766,100,21,rect2.area,10,class->block->function->block->block_content->expr_stmt->expr->call->argument_list->argument->expr->call->name->name->operator->name,
2,61,rectangle_java2.jpg,rectangle_java2.jpg,781331151,56,945.3178571428572,767.4128571428572,932.5,766,100,21,rect2.area,10,class->block->function->block->block_content->expr_stmt->expr->call->argument_list->argument->expr->call->name->name->operator->name,
2,61,rectangle_java2.jpg,rectangle_java2.jpg,786134905,88,990.6977272727272,529.0654545454546,958.5,512,71,21,this.x2,7,class->block->function->block->block_content->return->expr->name->name->operator->name->operator,
2,61,rectangle_java2.jpg,rectangle_java2.jpg,786218914,80,992.1505,526.272,958.5,512,71,21,this.x2,7,class->block->function->block->block_content->return->expr->name->name->operator->name->operator,
2,61,rectangle_java2.jpg,rectangle_java2.jpg,786418899,72,1076.421111111111,594.3977777777777,977.5,585,101,21,this.width,10,class->block->function->block->block_content->return->expr->call->name->name->operator->name,
2,61,rectangle_java2.jpg,rectangle_java2.jpg,786418899,72,1076.421111111111,594.3977777777777,1086.5,585,10,21,(,1,class->block->function->block->block_content->return->expr->call->argument_list,
2,61,rectangle_java2.jpg,rectangle_java2.jpg,786554860,64,1066.67625,559.7625,1064.5,549,71,21,this.y1,7,class->block->function->block->block_content->return->expr->name->name->operator->name,
2,61,rectangle_java2.jpg,rectangle_java2.jpg,787102803,76,1008.2531578947368,539.2447368421052,968.5,549,70,21,this.y2,7,class->block->function->block->block_content->return->expr->name->name->operator->name,
2,61,rectangle_java2.jpg,rectangle_java2.jpg,787230813,68,931.385294117647,557.9982352941176,900.5,549,63,21,return,6,class->block->function->block->block_content->return,
2,61,rectangle_java2.jpg,rectangle_java2.jpg,787326797,92,933.8408695652174,561.9269565217392,900.5,549,63,21,return,6,class->block->function->block->block_content->return,
2,61,rectangle_java2.jpg,rectangle_java2.jpg,787482759,100,863.6632,563.1084,863.5,549,9,21,),1,class->block->function->parameter_list,
2,61,rectangle_java2.jpg,rectangle_java2.jpg,787554758,68,869.2723529411765,546.7082352941177,863.5,549,9,21,),1,class->block->function->parameter_list,
2,61,rectangle_java2.jpg,rectangle_java2.jpg,787642764,60,996.702,545.8106666666666,968.5,549,70,21,this.y2,7,class->block->function->block->block_content->return->expr->name->name->operator->name,
2,61,rectangle_java2.jpg,rectangle_java2.jpg,787742764,96,1004.15625,558.6070833333333,968.5,549,70,21,this.y2,7,class->block->function->block->block_content->return->expr->name->name->operator->name,
2,61,rectangle_java2.jpg,rectangle_java2.jpg,787970796,184,1085.6684782608695,564.6015217391305,1064.5,549,71,21,this.y1,7,class->block->function->block->block_content->return->expr->name->name->operator->name,
2,61,rectangle_java2.jpg,rectangle_java2.jpg,788130782,120,1148.192,568.2036666666667,1142.5,549,10,21,;,1,class->block->function->block->block_content->return,
2,61,rectangle_java2.jpg,rectangle_java2.jpg,788230764,96,1145.465416666667,569.5941666666666,1142.5,549,10,21,;,1,class->block->function->block->block_content->return,
2,61,rectangle_java2.jpg,rectangle_java2.jpg,788466764,232,1146.945517241379,575.7186206896552,1140.5,585,110,21,this.height,11,class->block->function->block->block_content->return->expr->call->name->name->operator->name,
2,61,rectangle_java2.jpg,rectangle_java2.jpg,788570760,68,954.1829411764704,600.5088235294118,910.5,585,62,21,return,6,class->block->function->block->block_content->return,
2,61,rectangle_java2.jpg,rectangle_java2.jpg,788638725,64,950.814375,603.00625,910.5,585,62,21,return,6,class->block->function->block->block_content->return,
2,61,rectangle_java2.jpg,rectangle_java2.jpg,788770571,108,888.2948148148148,610.7751851851851,851.5,621,44,21,main,4,class->block->function->name,
2,61,rectangle_java2.jpg,rectangle_java2.jpg,788902601,128,891.4284375,598.5134375,893.5,585,10,21,{,1,class->block->function->block,
2,61,rectangle_java2.jpg,rectangle_java2.jpg,789022735,84,1113.6557142857143,595.9542857142857,1122.5,585,12,21,*,1,class->block->function->block->block_content->return->expr->operator,
2,61,rectangle_java2.jpg,rectangle_java2.jpg,789418666,96,871.6908333333333,690.03125,730.5,694,177,21,System.out.println,18,class->block->function->block->block_content->expr_stmt->expr->call->name->name->operator->name->operator->name,
2,61,rectangle_java2.jpg,rectangle_java2.jpg,789594667,112,881.8707142857143,654.9267857142858,883.5,658,15,20,=,1,class->block->function->block->block_content->decl_stmt->decl->init,
2,61,rectangle_java2.jpg,rectangle_java2.jpg,789726669,72,935.2827777777778,671.25,902.5,658,34,20,new,3,class->block->function->block->block_content->decl_stmt->decl->init->expr->operator,
2,61,rectangle_java2.jpg,rectangle_java2.jpg,789726669,72,935.2827777777778,671.25,941.5,658,91,20,Rectangle,9,class->block->function->block->block_content->decl_stmt->decl->init->expr->call->name,
2,61,rectangle_java2.jpg,rectangle_java2.jpg,789898660,132,934.611212121212,676.2039393939394,902.5,658,34,20,new,3,class->block->function->block->block_content->decl_stmt->decl->init->expr->operator,
2,61,rectangle_java2.jpg,rectangle_java2.jpg,789898660,132,934.611212121212,676.2039393939394,941.5,658,91,20,Rectangle,9,class->block->function->block->block_content->decl_stmt->decl->init->expr->call->name,
2,61,rectangle_java2.jpg,rectangle_java2.jpg,789958644,56,935.7857142857144,687.4085714285713,932.5,694,100,21,rect1.area,10,class->block->function->block->block_content->expr_stmt->expr->call->argument_list->argument->expr->call->name->name->operator->name,
2,61,rectangle_java2.jpg,rectangle_java2.jpg,790134621,100,986.6988,683.27,932.5,694,100,21,rect1.area,10,class->block->function->block->block_content->expr_stmt->expr->call->argument_list->argument->expr->call->name->name->operator->name,
2,61,rectangle_java2.jpg,rectangle_java2.jpg,790330637,64,1080.875625,694.595,1077.5,694,9,21,),1,class->block->function->block->block_content->expr_stmt->expr->call->argument_list,
2,61,rectangle_java2.jpg,rectangle_java2.jpg,790878591,72,1073.7544444444443,674.4094444444445,1077.5,658,9,20,"""","""",1,class->block->function->block->block_content->decl_stmt->decl->init->expr->call->argument_list
2,61,rectangle_java2.jpg,rectangle_java2.jpg,791010554,68,1085.105294117647,677.5341176470588,1077.5,658,9,20,"""","""",1,class->block->function->block->block_content->decl_stmt->decl->init->expr->call->argument_list
2,61,rectangle_java2.jpg,rectangle_java2.jpg,791010554,68,1085.105294117647,677.5341176470588,1095.5,658,13,20,0,1,class->block->function->block->block_content->decl_stmt->decl->init->expr->call->argument_list->argument->expr->literal,
2,61,rectangle_java2.jpg,rectangle_java2.jpg,791070529,56,1085.952142857143,660.6671428571428,1077.5,658,9,20,"""","""",1,class->block->function->block->block_content->decl_stmt->decl->init->expr->call->argument_list
2,61,rectangle_java2.jpg,rectangle_java2.jpg,791070529,56,1085.952142857143,660.6671428571428,1095.5,658,13,20,0,1,class->block->function->block->block_content->decl_stmt->decl->init->expr->call->argument_list->argument->expr->literal,
2,61,rectangle_java2.jpg,rectangle_java2.jpg,791602511,56,1121.6135714285715,667.7878571428571,1115.5,658,10,20,"""","""",1,class->block->function->block->block_content->decl_stmt->decl->init->expr->call->argument_list
2,61,rectangle_java2.jpg,rectangle_java2.jpg,792314544,100,1105.9124,694.6884,1096.5,694,10,21,;,1,class->block->function->block->block_content->expr_stmt,
2,61,rectangle_java2.jpg,rectangle_java2.jpg,793138394,96,983.46625,545.3320833333333,968.5,549,70,21,this.y2,7,class->block->function->block->block_content->return->expr->name->name->operator->name,
2,61,rectangle_java2.jpg,rectangle_java2.jpg,793510330,56,963.8642857142858,528.8614285714285,958.5,512,71,21,this.x2,7,class->block->function->block->block_content->return->expr->name->name->operator->name->operator,
2,61,rectangle_java2.jpg,rectangle_java2.jpg,794110411,60,993.83,543.4306666666666,968.5,549,70,21,this.y2,7,class->block->function->block->block_content->return->expr->name->name->operator->name,
2,61,rectangle_java2.jpg,rectangle_java2.jpg,794182411,68,992.9470588235296,563.684705882353,968.5,549,70,21,this.y2,7,class->block->function->block->block_content->return->expr->name->name->operator->name,
2,61,rectangle_java2.jpg,rectangle_java2.jpg,794378283,56,1050.9135714285717,584.0364285714286,977.5,585,101,21,this.width,10,class->block->function->block->block_content->return->expr->call->name->name->operator->name,
2,61,rectangle_java2.jpg,rectangle_java2.jpg,794598163,60,1087.55,625.2860000000001,1094.5,621,10,21,{,1,class->block->function->block,
2,61,rectangle_java2.jpg,rectangle_java2.jpg,794662242,60,1085.0206666666666,628.438,1094.5,621,10,21,{,1,class->block->function->block,
2,61,rectangle_java2.jpg,rectangle_java2.jpg,794802302,80,970.711,591.9035,910.5,585,62,21,return,6,class->block->function->block->block_content->return,
2,61,rectangle_java2.jpg,rectangle_java2.jpg,794802302,80,970.711,591.9035,977.5,585,101,21,this.width,10,class->block->function->block->block_content->return->expr->call->name->name->operator->name,
2,61,rectangle_java2.jpg,rectangle_java2.jpg,794986304,116,890.1455172413794,590.4858620689655,893.5,585,10,21,{,1,class->block->function->block,
2,61,rectangle_java2.jpg,rectangle_java2.jpg,795046277,56,890.1814285714286,581.4107142857143,893.5,585,10,21,{,1,class->block->function->block,
2,61,rectangle_java2.jpg,rectangle_java2.jpg,795162246,76,930.8047368421052,584.2515789473684,910.5,585,62,21,return,6,class->block->function->block->block_content->return,
2,61,rectangle_java2.jpg,rectangle_java2.jpg,795230232,64,929.371875,603.62875,910.5,585,62,21,return,6,class->block->function->block->block_content->return,
2,61,rectangle_java2.jpg,rectangle_java2.jpg,795354222,120,931.8593333333332,589.263,910.5,585,62,21,return,6,class->block->function->block->block_content->return,
2,61,rectangle_java2.jpg,rectangle_java2.jpg,795470243,80,999.8075,588.5745000000001,977.5,585,101,21,this.width,10,class->block->function->block->block_content->return->expr->call->name->name->operator->name,
2,61,rectangle_java2.jpg,rectangle_java2.jpg,795562257,88,1093.804090909091,586.6240909090909,1086.5,585,10,21,(,1,class->block->function->block->block_content->return->expr->call->argument_list,
2,61,rectangle_java2.jpg,rectangle_java2.jpg,795562257,88,1093.804090909091,586.6240909090909,1103.5,585,9,21,),1,class->block->function->block->block_content->return->expr->call->argument_list,
2,61,rectangle_java2.jpg,rectangle_java2.jpg,795666288,100,1097.85,581.0012,1103.5,585,9,21,),1,class->block->function->block->block_content->return->expr->call->argument_list,
2,61,rectangle_java2.jpg,rectangle_java2.jpg,795738301,60,1055.252,561.0353333333334,1045.5,549,13,21,-,1,class->block->function->block->block_content->return->expr->operator,
2,61,rectangle_java2.jpg,rectangle_java2.jpg,795738301,60,1055.252,561.0353333333334,1064.5,549,71,21,this.y1,7,class->block->function->block->block_content->return->expr->name->name->operator->name,
2,61,rectangle_java2.jpg,rectangle_java2.jpg,795914276,56,823.6528571428571,777.225,730.5,766,177,21,System.out.println,18,class->block->function->block->block_content->expr_stmt->expr->call->name->name->operator->name->operator->name,
2,61,rectangle_java2.jpg,rectangle_java2.jpg,796062249,76,831.248947368421,731.958947368421,826.5,731,51,20,rect2,5,class->block->function->block->block_content->decl_stmt->decl->name,
2,61,rectangle_java2.jpg,rectangle_java2.jpg,796294256,84,814.1604761904762,781.7485714285714,730.5,766,177,21,System.out.println,18,class->block->function->block->block_content->expr_stmt->expr->call->name->name->operator->name->operator->name,
2,61,rectangle_java2.jpg,rectangle_java2.jpg,796454205,68,814.2029411764706,759.1317647058823,730.5,766,177,21,System.out.println,18,class->block->function->block->block_content->expr_stmt->expr->call->name->name->operator->name->operator->name,
2,61,rectangle_java2.jpg,rectangle_java2.jpg,796678127,104,892.4634615384615,762.9688461538461,730.5,766,177,21,System.out.println,18,class->block->function->block->block_content->expr_stmt->expr->call->name->name->operator->name->operator->name,
2,61,rectangle_java2.jpg,rectangle_java2.jpg,797618120,84,836.9104761904762,519.2457142857143,837.5,512,9,21,(,1,class->block->function->parameter_list,
2,61,rectangle_java2.jpg,rectangle_java2.jpg,797870077,64,770.61875,506.9175,775.5,512,53,21,width,5,class->block->function->name,
2,61,rectangle_java2.jpg,rectangle_java2.jpg,797946077,72,780.2888888888889,521.8244444444445,775.5,512,53,21,width,5,class->block->function->name,
2,61,rectangle_java2.jpg,rectangle_java2.jpg,798098107,72,849.285,409.9772222222222,826.5,404,23,19,x2,2,class->block->constructor->block->block_content->expr_stmt->expr->name->name,
2,61,rectangle_java2.jpg,rectangle_java2.jpg,798098107,72,849.285,409.9772222222222,856.5,404,10,19,;,1,class->block->constructor->block->block_content->expr_stmt,
2,61,rectangle_java2.jpg,rectangle_java2.jpg,798158112,56,853.6278571428571,419.225,856.5,404,10,19,;,1,class->block->constructor->block->block_content->expr_stmt,
2,61,rectangle_java2.jpg,rectangle_java2.jpg,798409848,200,839.663,401.4254,826.5,404,23,19,x2,2,class->block->constructor->block->block_content->expr_stmt->expr->name->name,
2,61,rectangle_java2.jpg,rectangle_java2.jpg,799142014,200,866.2336,392.7282,856.5,404,10,19,;,1,class->block->constructor->block->block_content->expr_stmt,
2,61,rectangle_java2.jpg,rectangle_java2.jpg,799510061,64,858.7268750000001,333.399375,856.5,331,10,19,;,1,class->block->constructor->block->block_content->expr_stmt,
2,61,rectangle_java2.jpg,rectangle_java2.jpg,799762064,172,857.0037209302326,366.8951162790698,856.5,367,10,21,;,1,class->block->constructor->block->block_content->expr_stmt,
2,61,rectangle_java2.jpg,rectangle_java2.jpg,799930026,164,840.8017073170731,344.2329268292683,826.5,331,23,19,x1,2,class->block->constructor->block->block_content->expr_stmt->expr->name->name,
2,61,rectangle_java2.jpg,rectangle_java2.jpg,800249827,96,869.1879166666666,278.1145833333333,863.5,259,10,21,"""","""",1,class->block->decl_stmt
2,61,rectangle_java2.jpg,rectangle_java2.jpg,800249827,96,869.1879166666666,278.1145833333333,881.5,259,23,21,x2,2,class->block->decl_stmt->decl->name,
2,61,rectangle_java2.jpg,rectangle_java2.jpg,800325808,72,881.495,275.5177777777778,881.5,259,23,21,x2,2,class->block->decl_stmt->decl->name,
2,61,rectangle_java2.jpg,rectangle_java2.jpg,800693850,68,943.4617647058824,568.7917647058823,900.5,549,63,21,return,6,class->block->function->block->block_content->return,
2,61,rectangle_java2.jpg,rectangle_java2.jpg,800893859,108,908.7592592592592,547.5548148148148,900.5,549,63,21,return,6,class->block->function->block->block_content->return,
2,61,rectangle_java2.jpg,rectangle_java2.jpg,801045842,72,1062.51,565.6861111111111,1064.5,549,71,21,this.y1,7,class->block->function->block->block_content->return->expr->name->name->operator->name,
2,61,rectangle_java2.jpg,rectangle_java2.jpg,801141841,92,1066.381304347826,546.9526086956522,1064.5,549,71,21,this.y1,7,class->block->function->block->block_content->return->expr->name->name->operator->name,
2,61,rectangle_java2.jpg,rectangle_java2.jpg,801417841,64,1065.68375,566.221875,1064.5,549,71,21,this.y1,7,class->block->function->block->block_content->return->expr->name->name->operator->name,
2,61,rectangle_java2.jpg,rectangle_java2.jpg,801529830,108,1054.2948148148148,585.0844444444444,977.5,585,101,21,this.width,10,class->block->function->block->block_content->return->expr->call->name->name->operator->name,
2,61,rectangle_java2.jpg,rectangle_java2.jpg,801641826,72,991.5438888888888,674.2577777777777,941.5,658,91,20,Rectangle,9,class->block->function->block->block_content->decl_stmt->decl->init->expr->call->name,
2,61,rectangle_java2.jpg,rectangle_java2.jpg,801885830,56,881.47,687.1835714285714,730.5,694,177,21,System.out.println,18,class->block->function->block->block_content->expr_stmt->expr->call->name->name->operator->name->operator->name,
2,61,rectangle_java2.jpg,rectangle_java2.jpg,802117763,108,1132.8477777777778,566.4392592592593,1064.5,549,71,21,this.y1,7,class->block->function->block->block_content->return->expr->name->name->operator->name,
2,61,rectangle_java2.jpg,rectangle_java2.jpg,802117763,108,1132.8477777777778,566.4392592592593,1142.5,549,10,21,;,1,class->block->function->block->block_content->return,
2,61,rectangle_java2.jpg,rectangle_java2.jpg,802229620,72,1136.0711111111111,553.5972222222222,1142.5,549,10,21,;,1,class->block->function->block->block_content->return,
2,61,rectangle_java2.jpg,rectangle_java2.jpg,804233594,76,898.9136842105263,777.2584210526315,730.5,766,177,21,System.out.println,18,class->block->function->block->block_content->expr_stmt->expr->call->name->name->operator->name->operator->name,
2,61,rectangle_java2.jpg,rectangle_java2.jpg,804301701,64,882.325,783.799375,730.5,766,177,21,System.out.println,18,class->block->function->block->block_content->expr_stmt->expr->call->name->name->operator->name->operator->name,
2,61,rectangle_java2.jpg,rectangle_java2.jpg,804421657,116,895.9058620689656,778.7927586206897,730.5,766,177,21,System.out.println,18,class->block->function->block->block_content->expr_stmt->expr->call->name->name->operator->name->operator->name,
2,61,rectangle_java2.jpg,rectangle_java2.jpg,806637477,60,903.652,255.932,881.5,259,23,21,x2,2,class->block->decl_stmt->decl->name,
2,61,rectangle_java2.jpg,rectangle_java2.jpg,806637477,60,903.652,255.932,911.5,259,10,21,"""","""",1,class->block->decl_stmt
2,61,rectangle_java2.jpg,rectangle_java2.jpg,806705465,64,894.115,272.978125,881.5,259,23,21,x2,2,class->block->decl_stmt->decl->name,
2,61,rectangle_java2.jpg,rectangle_java2.jpg,806917417,64,999.36875,738.283125,941.5,731,91,20,Rectangle,9,class->block->function->block->block_content->decl_stmt->decl->init->expr->call->name,
2,61,rectangle_java2.jpg,rectangle_java2.jpg,807341472,64,1018.014375,298.309375,1025.5,295,33,21,int,3,class->block->constructor->parameter_list->parameter->decl->type->name,
2,61,rectangle_java2.jpg,rectangle_java2.jpg,807421483,76,1023.6842105263156,311.3442105263158,1025.5,295,33,21,int,3,class->block->constructor->parameter_list->parameter->decl->type->name,
2,61,rectangle_java2.jpg,rectangle_java2.jpg,807481490,56,1029.6128571428571,290.935,1025.5,295,33,21,int,3,class->block->constructor->parameter_list->parameter->decl->type->name,
2,61,rectangle_java2.jpg,rectangle_java2.jpg,808357339,124,923.4506451612904,273.54967741935485,929.5,259,23,21,y2,2,class->block->decl_stmt->decl->name,
2,61,rectangle_java2.jpg,rectangle_java2.jpg,808629282,64,854.198125,363.671875,856.5,367,10,21,;,1,class->block->constructor->block->block_content->expr_stmt,
2,61,rectangle_java2.jpg,rectangle_java2.jpg,808721255,88,859.4445454545455,355.47227272727275,856.5,367,10,21,;,1,class->block->constructor->block->block_content->expr_stmt,
2,61,rectangle_java2.jpg,rectangle_java2.jpg,808781246,56,860.3421428571429,375.94,856.5,367,10,21,;,1,class->block->constructor->block->block_content->expr_stmt,
2,61,rectangle_java2.jpg,rectangle_java2.jpg,808989260,80,824.1395,434.3620000000001,826.5,440,23,21,y2,2,class->block->constructor->block->block_content->expr_stmt->expr->name->name,
2,61,rectangle_java2.jpg,rectangle_java2.jpg,809105298,76,828.8821052631579,432.29631578947374,826.5,440,23,21,y2,2,class->block->constructor->block->block_content->expr_stmt->expr->name->name,
2,61,rectangle_java2.jpg,rectangle_java2.jpg,809377354,144,881.0422222222222,249.7372222222222,881.5,259,23,21,x2,2,class->block->decl_stmt->decl->name,
2,61,rectangle_java2.jpg,rectangle_java2.jpg,810821203,72,1171.6555555555556,597.3672222222223,1140.5,585,110,21,this.height,11,class->block->function->block->block_content->return->expr->call->name->name->operator->name,
2,61,rectangle_java2.jpg,rectangle_java2.jpg,810929236,104,1168.9684615384615,600.9746153846154,1140.5,585,110,21,this.height,11,class->block->function->block->block_content->return->expr->call->name->name->operator->name,
2,61,rectangle_java2.jpg,rectangle_java2.jpg,812024989,76,1115.8336842105264,580.4384210526316,1122.5,585,12,21,*,1,class->block->function->block->block_content->return->expr->operator,
2,61,rectangle_java2.jpg,rectangle_java2.jpg,812113035,84,1122.1604761904762,584.4104761904762,1122.5,585,12,21,*,1,class->block->function->block->block_content->return->expr->operator,
2,61,rectangle_java2.jpg,rectangle_java2.jpg,812233054,116,1117.16,589.6313793103449,1122.5,585,12,21,*,1,class->block->function->block->block_content->return->expr->operator,
2,61,rectangle_java2.jpg,rectangle_java2.jpg,812353067,64,888.77125,541.651875,883.5,549,10,21,{,1,class->block->function->block,
2,61,rectangle_java2.jpg,rectangle_java2.jpg,812353067,64,888.77125,541.651875,900.5,549,63,21,return,6,class->block->function->block->block_content->return,
