trial,participant,code_file,code_language,timestamp,duration,x_cord,y_cord,aoi_x,aoi_y,aoi_width,aoi_height,token,length,srcML,
2,66,rectangle_java2.jpg,rectangle_java2.jpg,2623741362,56,860.0971428571429,343.4614285714286,856.5,331,10,19,;,1,class->block->constructor->block->block_content->expr_stmt,
2,66,rectangle_java2.jpg,rectangle_java2.jpg,2625753058,80,862.3075,256.367,863.5,259,10,21,"""","""",1,class->block->decl_stmt
2,66,rectangle_java2.jpg,rectangle_java2.jpg,2626029065,100,740.3932,258.4948,669.5,259,72,21,private,7,class->block->decl_stmt->decl->type->specifier,
2,66,rectangle_java2.jpg,rectangle_java2.jpg,2626029065,100,740.3932,258.4948,747.5,259,33,21,int,3,class->block->decl_stmt->decl->type->name,
2,66,rectangle_java2.jpg,rectangle_java2.jpg,2626829028,72,777.9933333333333,291.37055555555554,737.5,295,91,21,Rectangle,9,class->block->constructor->name,
2,66,rectangle_java2.jpg,rectangle_java2.jpg,2626961011,80,790.5185,290.895,737.5,295,91,21,Rectangle,9,class->block->constructor->name,
2,66,rectangle_java2.jpg,rectangle_java2.jpg,2627029004,64,795.790625,291.775,737.5,295,91,21,Rectangle,9,class->block->constructor->name,
2,66,rectangle_java2.jpg,rectangle_java2.jpg,2627156998,88,940.9495454545456,285.07272727272726,939.5,295,33,21,int,3,class->block->constructor->parameter_list->parameter->decl->type->name,
2,66,rectangle_java2.jpg,rectangle_java2.jpg,2627293005,96,894.4762499999999,297.07958333333335,890.5,295,24,21,x1,2,class->block->constructor->parameter_list->parameter->decl->type->name,
2,66,rectangle_java2.jpg,rectangle_java2.jpg,2627477014,68,1070.2417647058824,282.52176470588233,1063.5,295,23,21,x2,2,class->block->constructor->parameter_list->parameter->decl->type->name,
2,66,rectangle_java2.jpg,rectangle_java2.jpg,2627637003,76,1052.7773684210526,286.9721052631579,1025.5,295,33,21,int,3,class->block->constructor->parameter_list->parameter->decl->type->name,
2,66,rectangle_java2.jpg,rectangle_java2.jpg,2627637003,76,1052.7773684210526,286.9721052631579,1063.5,295,23,21,x2,2,class->block->constructor->parameter_list->parameter->decl->type->name,
2,66,rectangle_java2.jpg,rectangle_java2.jpg,2627769001,68,1050.0535294117649,291.01,1025.5,295,33,21,int,3,class->block->constructor->parameter_list->parameter->decl->type->name,
2,66,rectangle_java2.jpg,rectangle_java2.jpg,2627876922,72,1091.3477777777778,292.69166666666666,1094.5,295,9,21,"""","""",1,class->block->constructor->parameter_list
2,66,rectangle_java2.jpg,rectangle_java2.jpg,2628216869,88,919.068181818182,296.9722727272727,921.5,295,9,21,"""","""",1,class->block->constructor->parameter_list
2,66,rectangle_java2.jpg,rectangle_java2.jpg,2628380916,108,971.6885185185184,296.42148148148146,939.5,295,33,21,int,3,class->block->constructor->parameter_list->parameter->decl->type->name,
2,66,rectangle_java2.jpg,rectangle_java2.jpg,2628380916,108,971.6885185185184,296.42148148148146,977.5,295,23,21,y1,2,class->block->constructor->parameter_list->parameter->decl->type->name,
2,66,rectangle_java2.jpg,rectangle_java2.jpg,2628464915,80,936.4685,293.575,939.5,295,33,21,int,3,class->block->constructor->parameter_list->parameter->decl->type->name,
2,66,rectangle_java2.jpg,rectangle_java2.jpg,2628692905,120,917.387,278.936,911.5,259,10,21,"""","""",1,class->block->decl_stmt
2,66,rectangle_java2.jpg,rectangle_java2.jpg,2628692905,120,917.387,278.936,929.5,259,23,21,y2,2,class->block->decl_stmt->decl->name,
2,66,rectangle_java2.jpg,rectangle_java2.jpg,2628796919,100,935.812,268.1516,929.5,259,23,21,y2,2,class->block->decl_stmt->decl->name,
2,66,rectangle_java2.jpg,rectangle_java2.jpg,2629268863,60,982.4386666666668,295.3706666666667,977.5,295,23,21,y1,2,class->block->constructor->parameter_list->parameter->decl->type->name,
2,66,rectangle_java2.jpg,rectangle_java2.jpg,2630172736,80,806.771,234.293,813.5,222,10,21,{,1,class->block,
2,66,rectangle_java2.jpg,rectangle_java2.jpg,2630484754,60,779.6746666666667,237.70533333333333,715.5,222,90,21,Rectangle,9,class->name,
2,66,rectangle_java2.jpg,rectangle_java2.jpg,2630908716,96,950.4429166666666,297.79041666666666,939.5,295,33,21,int,3,class->block->constructor->parameter_list->parameter->decl->type->name,
2,66,rectangle_java2.jpg,rectangle_java2.jpg,2631460806,60,1069.1066666666666,293.77666666666664,1063.5,295,23,21,x2,2,class->block->constructor->parameter_list->parameter->decl->type->name,
2,66,rectangle_java2.jpg,rectangle_java2.jpg,2631572800,84,1077.272380952381,283.93333333333334,1063.5,295,23,21,x2,2,class->block->constructor->parameter_list->parameter->decl->type->name,
2,66,rectangle_java2.jpg,rectangle_java2.jpg,2631764653,96,1072.7716666666668,291.19208333333336,1063.5,295,23,21,x2,2,class->block->constructor->parameter_list->parameter->decl->type->name,
2,66,rectangle_java2.jpg,rectangle_java2.jpg,2631880631,112,1081.9925,305.39964285714285,1063.5,295,23,21,x2,2,class->block->constructor->parameter_list->parameter->decl->type->name,
2,66,rectangle_java2.jpg,rectangle_java2.jpg,2632064653,76,1081.3636842105263,290.98315789473685,1063.5,295,23,21,x2,2,class->block->constructor->parameter_list->parameter->decl->type->name,
2,66,rectangle_java2.jpg,rectangle_java2.jpg,2632596664,72,855.3494444444444,255.58777777777777,833.5,259,23,21,y1,2,class->block->decl_stmt->decl->name,
2,66,rectangle_java2.jpg,rectangle_java2.jpg,2632596664,72,855.3494444444444,255.58777777777777,863.5,259,10,21,"""","""",1,class->block->decl_stmt
2,66,rectangle_java2.jpg,rectangle_java2.jpg,2632892654,68,762.6947058823529,248.56823529411764,747.5,259,33,21,int,3,class->block->decl_stmt->decl->type->name,
2,66,rectangle_java2.jpg,rectangle_java2.jpg,2632968650,56,818.5171428571429,241.7864285714286,813.5,222,10,21,{,1,class->block,
2,66,rectangle_java2.jpg,rectangle_java2.jpg,2633316728,88,739.6768181818181,247.09454545454548,669.5,259,72,21,private,7,class->block->decl_stmt->decl->type->specifier,
2,66,rectangle_java2.jpg,rectangle_java2.jpg,2633316728,88,739.6768181818181,247.09454545454548,747.5,259,33,21,int,3,class->block->decl_stmt->decl->type->name,
2,66,rectangle_java2.jpg,rectangle_java2.jpg,2633600538,116,1074.232068965517,309.99827586206897,1063.5,295,23,21,x2,2,class->block->constructor->parameter_list->parameter->decl->type->name,
2,66,rectangle_java2.jpg,rectangle_java2.jpg,2633848418,56,1041.3657142857144,294.445,1025.5,295,33,21,int,3,class->block->constructor->parameter_list->parameter->decl->type->name,
2,66,rectangle_java2.jpg,rectangle_java2.jpg,2633948527,96,1042.5620833333332,298.6641666666667,1025.5,295,33,21,int,3,class->block->constructor->parameter_list->parameter->decl->type->name,
2,66,rectangle_java2.jpg,rectangle_java2.jpg,2634472429,80,832.4435,338.415,826.5,331,23,19,x1,2,class->block->constructor->block->block_content->expr_stmt->expr->name->name,
2,66,rectangle_java2.jpg,rectangle_java2.jpg,2634636446,60,846.922,331.2993333333333,826.5,331,23,19,x1,2,class->block->constructor->block->block_content->expr_stmt->expr->name->name,
2,66,rectangle_java2.jpg,rectangle_java2.jpg,2634636446,60,846.922,331.2993333333333,856.5,331,10,19,;,1,class->block->constructor->block->block_content->expr_stmt,
2,66,rectangle_java2.jpg,rectangle_java2.jpg,2634876478,236,850.1477966101695,327.6442372881356,856.5,331,10,19,;,1,class->block->constructor->block->block_content->expr_stmt,
2,66,rectangle_java2.jpg,rectangle_java2.jpg,2635248566,88,845.5595454545454,319.56636363636363,826.5,331,23,19,x1,2,class->block->constructor->block->block_content->expr_stmt->expr->name->name,
2,66,rectangle_java2.jpg,rectangle_java2.jpg,2635248566,88,845.5595454545454,319.56636363636363,856.5,331,10,19,;,1,class->block->constructor->block->block_content->expr_stmt,
2,66,rectangle_java2.jpg,rectangle_java2.jpg,2635368499,64,838.229375,348.11375,826.5,331,23,19,x1,2,class->block->constructor->block->block_content->expr_stmt->expr->name->name,
2,66,rectangle_java2.jpg,rectangle_java2.jpg,2635480373,108,822.4092592592592,334.0718518518519,826.5,331,23,19,x1,2,class->block->constructor->block->block_content->expr_stmt->expr->name->name,
2,66,rectangle_java2.jpg,rectangle_java2.jpg,2635588220,104,819.615,340.5457692307692,806.5,331,15,19,=,1,class->block->constructor->block->block_content->expr_stmt->expr->operator,
2,66,rectangle_java2.jpg,rectangle_java2.jpg,2635588220,104,819.615,340.5457692307692,826.5,331,23,19,x1,2,class->block->constructor->block->block_content->expr_stmt->expr->name->name,
2,66,rectangle_java2.jpg,rectangle_java2.jpg,2635944353,100,848.5536,379.522,826.5,367,23,21,y1,2,class->block->constructor->block->block_content->expr_stmt->expr->name->name,
2,66,rectangle_java2.jpg,rectangle_java2.jpg,2635944353,100,848.5536,379.522,856.5,367,10,21,;,1,class->block->constructor->block->block_content->expr_stmt,
2,66,rectangle_java2.jpg,rectangle_java2.jpg,2636316382,68,810.2482352941176,381.96176470588233,806.5,367,15,21,=,1,class->block->constructor->block->block_content->expr_stmt->expr->operator,
2,66,rectangle_java2.jpg,rectangle_java2.jpg,2636520337,100,795.9152,387.3376,730.5,367,71,21,this.y1,7,class->block->constructor->block->block_content->expr_stmt->expr->name->name->operator->name,
2,66,rectangle_java2.jpg,rectangle_java2.jpg,2636520337,100,795.9152,387.3376,806.5,367,15,21,=,1,class->block->constructor->block->block_content->expr_stmt->expr->operator,
2,66,rectangle_java2.jpg,rectangle_java2.jpg,2636624374,100,784.1776,383.3512,730.5,367,71,21,this.y1,7,class->block->constructor->block->block_content->expr_stmt->expr->name->name->operator->name,
2,66,rectangle_java2.jpg,rectangle_java2.jpg,2637672137,128,803.54125,411.1215625,806.5,404,15,19,=,1,class->block->constructor->block->block_content->expr_stmt->expr->operator,
2,66,rectangle_java2.jpg,rectangle_java2.jpg,2639028264,100,834.998,521.1332,837.5,512,9,21,(,1,class->block->function->parameter_list,
2,66,rectangle_java2.jpg,rectangle_java2.jpg,2641647964,88,864.1627272727272,608.8904545454545,851.5,621,44,21,main,4,class->block->function->name,
2,66,rectangle_java2.jpg,rectangle_java2.jpg,2641915999,96,878.1166666666667,514.3020833333334,874.5,512,10,21,{,1,class->block->function->block,
2,66,rectangle_java2.jpg,rectangle_java2.jpg,2642939991,128,889.7515625,563.2096875,883.5,549,10,21,{,1,class->block->function->block,
2,66,rectangle_java2.jpg,rectangle_java2.jpg,2642939991,128,889.7515625,563.2096875,900.5,549,63,21,return,6,class->block->function->block->block_content->return,
2,66,rectangle_java2.jpg,rectangle_java2.jpg,2643083929,64,782.0775,546.740625,775.5,549,62,21,height,6,class->block->function->name,
2,66,rectangle_java2.jpg,rectangle_java2.jpg,2643267845,180,772.4451111111111,538.5246666666667,775.5,549,62,21,height,6,class->block->function->name,
2,66,rectangle_java2.jpg,rectangle_java2.jpg,2643683903,72,909.0805555555556,549.3616666666667,900.5,549,63,21,return,6,class->block->function->block->block_content->return,
2,66,rectangle_java2.jpg,rectangle_java2.jpg,2645667863,68,843.4223529411764,525.035294117647,837.5,512,9,21,(,1,class->block->function->parameter_list,
2,66,rectangle_java2.jpg,rectangle_java2.jpg,2645667863,68,843.4223529411764,525.035294117647,854.5,512,9,21,),1,class->block->function->parameter_list,
2,66,rectangle_java2.jpg,rectangle_java2.jpg,2646607786,68,1225.6517647058824,652.8117647058823,1231.5,658,10,20,;,1,class->block->function->block->block_content->decl_stmt,
2,66,rectangle_java2.jpg,rectangle_java2.jpg,2646731807,72,1223.1261111111112,651.3877777777777,1231.5,658,10,20,;,1,class->block->function->block->block_content->decl_stmt,
