trial,participant,code_file,code_language,timestamp,duration,x_cord,y_cord,aoi_x,aoi_y,aoi_width,aoi_height,token,length,srcML,
2,84,rectangle_java2.jpg,rectangle_java2.jpg,10257209394,64,800.136875,213.39375,715.5,222,90,21,Rectangle,9,class->name,
2,84,rectangle_java2.jpg,rectangle_java2.jpg,10257281411,68,795.6970588235295,227.2982352941177,715.5,222,90,21,Rectangle,9,class->name,
2,84,rectangle_java2.jpg,rectangle_java2.jpg,10257661133,124,754.2909677419354,214.49709677419355,715.5,222,90,21,Rectangle,9,class->name,
2,84,rectangle_java2.jpg,rectangle_java2.jpg,10257893350,132,814.6560606060606,223.4439393939394,813.5,222,10,21,{,1,class->block,
2,84,rectangle_java2.jpg,rectangle_java2.jpg,10258989319,104,767.2253846153847,231.25115384615384,715.5,222,90,21,Rectangle,9,class->name,
2,84,rectangle_java2.jpg,rectangle_java2.jpg,10259105310,112,757.4867857142857,235.01392857142852,715.5,222,90,21,Rectangle,9,class->name,
2,84,rectangle_java2.jpg,rectangle_java2.jpg,10259297487,188,760.0251063829787,238.48702127659575,715.5,222,90,21,Rectangle,9,class->name,
2,84,rectangle_java2.jpg,rectangle_java2.jpg,10259373377,72,760.7716666666666,226.88777777777776,715.5,222,90,21,Rectangle,9,class->name,
2,84,rectangle_java2.jpg,rectangle_java2.jpg,10259689009,184,795.7908695652173,221.12239130434784,715.5,222,90,21,Rectangle,9,class->name,
2,84,rectangle_java2.jpg,rectangle_java2.jpg,10259757038,64,805.7006250000001,235.405,813.5,222,10,21,{,1,class->block,
2,84,rectangle_java2.jpg,rectangle_java2.jpg,10259825088,64,790.125625,246.701875,785.5,259,23,21,x1,2,class->block->decl_stmt->decl->name,
2,84,rectangle_java2.jpg,rectangle_java2.jpg,10259949155,84,788.2938095238095,238.6409523809524,715.5,222,90,21,Rectangle,9,class->name,
2,84,rectangle_java2.jpg,rectangle_java2.jpg,10260089172,136,794.1279411764706,223.8108823529412,715.5,222,90,21,Rectangle,9,class->name,
2,84,rectangle_java2.jpg,rectangle_java2.jpg,10260245147,72,788.0944444444444,210.3955555555556,715.5,222,90,21,Rectangle,9,class->name,
2,84,rectangle_java2.jpg,rectangle_java2.jpg,10260481410,100,760.8256,260.6284,747.5,259,33,21,int,3,class->block->decl_stmt->decl->type->name,
2,84,rectangle_java2.jpg,rectangle_java2.jpg,10260901075,172,816.4234883720931,256.15488372093023,815.5,259,10,21,"""","""",1,class->block->decl_stmt
2,84,rectangle_java2.jpg,rectangle_java2.jpg,10260965049,60,818.2166666666667,272.876,815.5,259,10,21,"""","""",1,class->block->decl_stmt
2,84,rectangle_java2.jpg,rectangle_java2.jpg,10261045018,60,899.8106666666666,253.126,881.5,259,23,21,x2,2,class->block->decl_stmt->decl->name,
2,84,rectangle_java2.jpg,rectangle_java2.jpg,10261045018,60,899.8106666666666,253.126,911.5,259,10,21,"""","""",1,class->block->decl_stmt
2,84,rectangle_java2.jpg,rectangle_java2.jpg,10261628987,72,846.3261111111111,319.8238888888889,826.5,331,23,19,x1,2,class->block->constructor->block->block_content->expr_stmt->expr->name->name,
2,84,rectangle_java2.jpg,rectangle_java2.jpg,10261628987,72,846.3261111111111,319.8238888888889,856.5,331,10,19,;,1,class->block->constructor->block->block_content->expr_stmt,
2,84,rectangle_java2.jpg,rectangle_java2.jpg,10261688979,56,850.215,330.7421428571429,856.5,331,10,19,;,1,class->block->constructor->block->block_content->expr_stmt,
2,84,rectangle_java2.jpg,rectangle_java2.jpg,10261956989,120,835.1683333333333,323.069,826.5,331,23,19,x1,2,class->block->constructor->block->block_content->expr_stmt->expr->name->name,
2,84,rectangle_java2.jpg,rectangle_java2.jpg,10262129013,80,819.303,337.586,806.5,331,15,19,=,1,class->block->constructor->block->block_content->expr_stmt->expr->operator,
2,84,rectangle_java2.jpg,rectangle_java2.jpg,10262129013,80,819.303,337.586,826.5,331,23,19,x1,2,class->block->constructor->block->block_content->expr_stmt->expr->name->name,
2,84,rectangle_java2.jpg,rectangle_java2.jpg,10262296997,72,846.4211111111111,329.12,826.5,331,23,19,x1,2,class->block->constructor->block->block_content->expr_stmt->expr->name->name,
2,84,rectangle_java2.jpg,rectangle_java2.jpg,10262296997,72,846.4211111111111,329.12,856.5,331,10,19,;,1,class->block->constructor->block->block_content->expr_stmt,
2,84,rectangle_java2.jpg,rectangle_java2.jpg,10262381002,80,848.8375,321.2225,826.5,331,23,19,x1,2,class->block->constructor->block->block_content->expr_stmt->expr->name->name,
2,84,rectangle_java2.jpg,rectangle_java2.jpg,10262381002,80,848.8375,321.2225,856.5,331,10,19,;,1,class->block->constructor->block->block_content->expr_stmt,
2,84,rectangle_java2.jpg,rectangle_java2.jpg,10262964970,156,1045.426153846154,291.0292307692308,1025.5,295,33,21,int,3,class->block->constructor->parameter_list->parameter->decl->type->name,
2,84,rectangle_java2.jpg,rectangle_java2.jpg,10263324906,72,929.0805555555556,264.6383333333333,929.5,259,23,21,y2,2,class->block->decl_stmt->decl->name,
2,84,rectangle_java2.jpg,rectangle_java2.jpg,10263940808,128,935.2096875,256.791875,929.5,259,23,21,y2,2,class->block->decl_stmt->decl->name,
2,84,rectangle_java2.jpg,rectangle_java2.jpg,10264000841,56,941.07,259.8092857142857,929.5,259,23,21,y2,2,class->block->decl_stmt->decl->name,
2,84,rectangle_java2.jpg,rectangle_java2.jpg,10264112848,84,918.4361904761904,310.8042857142857,921.5,295,9,21,"""","""",1,class->block->constructor->parameter_list
2,84,rectangle_java2.jpg,rectangle_java2.jpg,10265616720,88,1109.5427272727272,290.8722727272728,1112.5,295,33,21,int,3,class->block->constructor->parameter_list->parameter->decl->type->name,
2,84,rectangle_java2.jpg,rectangle_java2.jpg,10266172583,112,848.9175,433.7753571428572,826.5,440,23,21,y2,2,class->block->constructor->block->block_content->expr_stmt->expr->name->name,
2,84,rectangle_java2.jpg,rectangle_java2.jpg,10266172583,112,848.9175,433.7753571428572,856.5,440,10,21,;,1,class->block->constructor->block->block_content->expr_stmt,
2,84,rectangle_java2.jpg,rectangle_java2.jpg,10266236618,60,860.0193333333333,443.67066666666665,856.5,440,10,21,;,1,class->block->constructor->block->block_content->expr_stmt,
2,84,rectangle_java2.jpg,rectangle_java2.jpg,10266296643,56,857.4814285714285,415.83142857142855,856.5,404,10,19,;,1,class->block->constructor->block->block_content->expr_stmt,
2,84,rectangle_java2.jpg,rectangle_java2.jpg,10266360688,60,838.2573333333333,407.16066666666666,826.5,404,23,19,x2,2,class->block->constructor->block->block_content->expr_stmt->expr->name->name,
2,84,rectangle_java2.jpg,rectangle_java2.jpg,10266420740,56,828.9692857142858,414.8685714285714,826.5,404,23,19,x2,2,class->block->constructor->block->block_content->expr_stmt->expr->name->name,
2,84,rectangle_java2.jpg,rectangle_java2.jpg,10266908697,56,827.3242857142857,500.57642857142855,775.5,512,53,21,width,5,class->block->function->name,
2,84,rectangle_java2.jpg,rectangle_java2.jpg,10266908697,56,827.3242857142857,500.57642857142855,837.5,512,9,21,(,1,class->block->function->parameter_list,
2,84,rectangle_java2.jpg,rectangle_java2.jpg,10266976639,64,821.731875,515.435,775.5,512,53,21,width,5,class->block->function->name,
2,84,rectangle_java2.jpg,rectangle_java2.jpg,10267140486,104,807.535,520.1176923076923,775.5,512,53,21,width,5,class->block->function->name,
2,84,rectangle_java2.jpg,rectangle_java2.jpg,10268584607,60,933.9433333333332,288.8566666666667,939.5,295,33,21,int,3,class->block->constructor->parameter_list->parameter->decl->type->name,
2,84,rectangle_java2.jpg,rectangle_java2.jpg,10268756578,72,844.1155555555556,306.40222222222224,837.5,295,9,21,(,1,class->block->constructor->parameter_list,
2,84,rectangle_java2.jpg,rectangle_java2.jpg,10268756578,72,844.1155555555556,306.40222222222224,853.5,295,32,21,int,3,class->block->constructor->parameter_list->parameter->decl->type->name,
2,84,rectangle_java2.jpg,rectangle_java2.jpg,10268816559,56,860.4764285714285,322.3307142857143,856.5,331,10,19,;,1,class->block->constructor->block->block_content->expr_stmt,
2,84,rectangle_java2.jpg,rectangle_java2.jpg,10268912501,92,856.4473913043478,346.5321739130435,856.5,331,10,19,;,1,class->block->constructor->block->block_content->expr_stmt,
2,84,rectangle_java2.jpg,rectangle_java2.jpg,10269072408,108,838.5537037037037,361.6685185185185,826.5,367,23,21,y1,2,class->block->constructor->block->block_content->expr_stmt->expr->name->name,
2,84,rectangle_java2.jpg,rectangle_java2.jpg,10269136426,60,836.752,341.81333333333333,826.5,331,23,19,x1,2,class->block->constructor->block->block_content->expr_stmt->expr->name->name,
2,84,rectangle_java2.jpg,rectangle_java2.jpg,10269224416,84,840.4795238095238,371.3204761904762,826.5,367,23,21,y1,2,class->block->constructor->block->block_content->expr_stmt->expr->name->name,
2,84,rectangle_java2.jpg,rectangle_java2.jpg,10269324384,96,846.3833333333333,344.06625,826.5,331,23,19,x1,2,class->block->constructor->block->block_content->expr_stmt->expr->name->name,
2,84,rectangle_java2.jpg,rectangle_java2.jpg,10269324384,96,846.3833333333333,344.06625,856.5,331,10,19,;,1,class->block->constructor->block->block_content->expr_stmt,
2,84,rectangle_java2.jpg,rectangle_java2.jpg,10269384374,56,848.7085714285714,335.86357142857145,826.5,331,23,19,x1,2,class->block->constructor->block->block_content->expr_stmt->expr->name->name,
2,84,rectangle_java2.jpg,rectangle_java2.jpg,10269384374,56,848.7085714285714,335.86357142857145,856.5,331,10,19,;,1,class->block->constructor->block->block_content->expr_stmt,
2,84,rectangle_java2.jpg,rectangle_java2.jpg,10269500416,80,841.6129999999999,384.752,826.5,367,23,21,y1,2,class->block->constructor->block->block_content->expr_stmt->expr->name->name,
2,84,rectangle_java2.jpg,rectangle_java2.jpg,10269696777,192,850.6689583333333,395.3960416666667,856.5,404,10,19,;,1,class->block->constructor->block->block_content->expr_stmt,
2,84,rectangle_java2.jpg,rectangle_java2.jpg,10269808855,60,857.064,363.946,856.5,367,10,21,;,1,class->block->constructor->block->block_content->expr_stmt,
2,84,rectangle_java2.jpg,rectangle_java2.jpg,10269884737,72,865.7733333333333,378.89222222222224,856.5,367,10,21,;,1,class->block->constructor->block->block_content->expr_stmt,
2,84,rectangle_java2.jpg,rectangle_java2.jpg,10269964614,76,862.2642105263158,355.2042105263158,856.5,367,10,21,;,1,class->block->constructor->block->block_content->expr_stmt,
2,84,rectangle_java2.jpg,rectangle_java2.jpg,10270316481,68,918.7894117647058,314.1264705882353,921.5,295,9,21,"""","""",1,class->block->constructor->parameter_list
2,84,rectangle_java2.jpg,rectangle_java2.jpg,10272132288,196,853.0408163265306,361.6608163265306,856.5,367,10,21,;,1,class->block->constructor->block->block_content->expr_stmt,
2,84,rectangle_java2.jpg,rectangle_java2.jpg,10273744166,128,756.3040625,505.165625,737.5,512,33,21,int,3,class->block->function->type->name,
2,84,rectangle_java2.jpg,rectangle_java2.jpg,10273928187,60,842.6246666666667,507.0613333333333,837.5,512,9,21,(,1,class->block->function->parameter_list,
2,84,rectangle_java2.jpg,rectangle_java2.jpg,10273928187,60,842.6246666666667,507.0613333333333,854.5,512,9,21,),1,class->block->function->parameter_list,
2,84,rectangle_java2.jpg,rectangle_java2.jpg,10274072230,84,877.0419047619048,514.6366666666667,874.5,512,10,21,{,1,class->block->function->block,
2,84,rectangle_java2.jpg,rectangle_java2.jpg,10274136201,60,857.6293333333333,518.0346666666667,854.5,512,9,21,),1,class->block->function->parameter_list,
2,84,rectangle_java2.jpg,rectangle_java2.jpg,10274400166,260,855.544923076923,527.426,854.5,512,9,21,),1,class->block->function->parameter_list,
2,84,rectangle_java2.jpg,rectangle_java2.jpg,10274480166,76,873.4726315789474,524.0236842105263,874.5,512,10,21,{,1,class->block->function->block,
2,84,rectangle_java2.jpg,rectangle_java2.jpg,10274872015,252,954.8193650793652,542.7012698412699,900.5,549,63,21,return,6,class->block->function->block->block_content->return,
2,84,rectangle_java2.jpg,rectangle_java2.jpg,10275032022,120,804.176,529.3183333333334,775.5,512,53,21,width,5,class->block->function->name,
2,84,rectangle_java2.jpg,rectangle_java2.jpg,10275112036,76,811.4021052631579,541.5147368421053,775.5,549,62,21,height,6,class->block->function->name,
2,84,rectangle_java2.jpg,rectangle_java2.jpg,10275324126,68,867.255294117647,555.6994117647059,863.5,549,9,21,),1,class->block->function->parameter_list,
2,84,rectangle_java2.jpg,rectangle_java2.jpg,10275420529,92,860.5565217391304,540.3473913043479,863.5,549,9,21,),1,class->block->function->parameter_list,
2,84,rectangle_java2.jpg,rectangle_java2.jpg,10275616321,180,949.1795555555556,523.7806666666667,891.5,512,62,21,return,6,class->block->function->block->block_content->return->expr->name->name,
2,84,rectangle_java2.jpg,rectangle_java2.jpg,10275616321,180,949.1795555555556,523.7806666666667,958.5,512,71,21,this.x2,7,class->block->function->block->block_content->return->expr->name->name->operator->name->operator,
2,84,rectangle_java2.jpg,rectangle_java2.jpg,10275739879,64,985.210625,514.3325,958.5,512,71,21,this.x2,7,class->block->function->block->block_content->return->expr->name->name->operator->name->operator,
2,84,rectangle_java2.jpg,rectangle_java2.jpg,10275976003,116,994.0524137931036,500.8079310344828,958.5,512,71,21,this.x2,7,class->block->function->block->block_content->return->expr->name->name->operator->name->operator,
2,84,rectangle_java2.jpg,rectangle_java2.jpg,10276128028,112,1020.32,541.2957142857143,968.5,549,70,21,this.y2,7,class->block->function->block->block_content->return->expr->name->name->operator->name,
2,84,rectangle_java2.jpg,rectangle_java2.jpg,10276468114,68,1049.534705882353,505.1476470588235,1054.5,512,71,21,this.x1,7,class->block->function->block->block_content->return->expr->name->name->operator->name,
2,84,rectangle_java2.jpg,rectangle_java2.jpg,10276540103,68,1049.7282352941177,515.7582352941176,1054.5,512,71,21,this.x1,7,class->block->function->block->block_content->return->expr->name->name->operator->name,
2,84,rectangle_java2.jpg,rectangle_java2.jpg,10276703898,112,1041.9603571428572,515.8185714285714,1035.5,512,13,21,-,1,class->block->function->block->block_content->return->expr->name->name,
2,84,rectangle_java2.jpg,rectangle_java2.jpg,10276823889,116,1033.1879310344827,522.1413793103449,1035.5,512,13,21,-,1,class->block->function->block->block_content->return->expr->name->name,
2,84,rectangle_java2.jpg,rectangle_java2.jpg,10276895889,68,1045.5941176470587,525.9435294117648,1035.5,512,13,21,-,1,class->block->function->block->block_content->return->expr->name->name,
2,84,rectangle_java2.jpg,rectangle_java2.jpg,10276895889,68,1045.5941176470587,525.9435294117648,1054.5,512,71,21,this.x1,7,class->block->function->block->block_content->return->expr->name->name->operator->name,
2,84,rectangle_java2.jpg,rectangle_java2.jpg,10277028140,88,1025.409090909091,504.0486363636364,958.5,512,71,21,this.x2,7,class->block->function->block->block_content->return->expr->name->name->operator->name->operator,
2,84,rectangle_java2.jpg,rectangle_java2.jpg,10277028140,88,1025.409090909091,504.0486363636364,1035.5,512,13,21,-,1,class->block->function->block->block_content->return->expr->name->name,
2,84,rectangle_java2.jpg,rectangle_java2.jpg,10277168374,92,904.3082608695652,516.4217391304348,891.5,512,62,21,return,6,class->block->function->block->block_content->return->expr->name->name,
2,84,rectangle_java2.jpg,rectangle_java2.jpg,10277252245,80,905.1445,511.0475,891.5,512,62,21,return,6,class->block->function->block->block_content->return->expr->name->name,
2,84,rectangle_java2.jpg,rectangle_java2.jpg,10277459988,120,952.504,513.859,891.5,512,62,21,return,6,class->block->function->block->block_content->return->expr->name->name,
2,84,rectangle_java2.jpg,rectangle_java2.jpg,10277459988,120,952.504,513.859,958.5,512,71,21,this.x2,7,class->block->function->block->block_content->return->expr->name->name->operator->name->operator,
2,84,rectangle_java2.jpg,rectangle_java2.jpg,10277731900,96,1020.02875,514.1883333333334,958.5,512,71,21,this.x2,7,class->block->function->block->block_content->return->expr->name->name->operator->name->operator,
2,84,rectangle_java2.jpg,rectangle_java2.jpg,10277899891,156,881.9707692307693,522.8407692307692,874.5,512,10,21,{,1,class->block->function->block,
2,84,rectangle_java2.jpg,rectangle_java2.jpg,10277899891,156,881.9707692307693,522.8407692307692,891.5,512,62,21,return,6,class->block->function->block->block_content->return->expr->name->name,
2,84,rectangle_java2.jpg,rectangle_java2.jpg,10278103853,200,892.1054,524.7956,891.5,512,62,21,return,6,class->block->function->block->block_content->return->expr->name->name,
2,84,rectangle_java2.jpg,rectangle_java2.jpg,10278183860,60,1143.0093333333334,521.486,1152.5,512,10,21,},1,class->block,
2,84,rectangle_java2.jpg,rectangle_java2.jpg,10278307888,120,1148.6046666666666,502.5846666666666,1152.5,512,10,21,},1,class->block,
2,84,rectangle_java2.jpg,rectangle_java2.jpg,10278435812,80,1133.7375,527.992,1132.5,512,10,21,;,1,class->block->function->block,
2,84,rectangle_java2.jpg,rectangle_java2.jpg,10278511779,72,1108.7205555555556,532.1083333333333,1054.5,512,71,21,this.x1,7,class->block->function->block->block_content->return->expr->name->name->operator->name,
2,84,rectangle_java2.jpg,rectangle_java2.jpg,10278699748,184,1100.025652173913,523.5430434782609,1054.5,512,71,21,this.x1,7,class->block->function->block->block_content->return->expr->name->name->operator->name,
2,84,rectangle_java2.jpg,rectangle_java2.jpg,10278847748,144,1082.3730555555555,526.1575,1054.5,512,71,21,this.x1,7,class->block->function->block->block_content->return->expr->name->name->operator->name,
2,84,rectangle_java2.jpg,rectangle_java2.jpg,10278967754,76,1118.622105263158,524.2321052631579,1054.5,512,71,21,this.x1,7,class->block->function->block->block_content->return->expr->name->name->operator->name,
2,84,rectangle_java2.jpg,rectangle_java2.jpg,10279619851,88,857.2727272727273,524.5909090909091,854.5,512,9,21,),1,class->block->function->parameter_list,
2,84,rectangle_java2.jpg,rectangle_java2.jpg,10279799739,60,955.1353333333332,553.232,900.5,549,63,21,return,6,class->block->function->block->block_content->return,
2,84,rectangle_java2.jpg,rectangle_java2.jpg,10280043768,240,953.0946666666666,543.1113333333333,900.5,549,63,21,return,6,class->block->function->block->block_content->return,
2,84,rectangle_java2.jpg,rectangle_java2.jpg,10280151772,76,925.157894736842,569.7505263157894,900.5,549,63,21,return,6,class->block->function->block->block_content->return,
2,84,rectangle_java2.jpg,rectangle_java2.jpg,10280323642,168,936.4471428571428,567.2092857142857,900.5,549,63,21,return,6,class->block->function->block->block_content->return,
2,84,rectangle_java2.jpg,rectangle_java2.jpg,10280463506,80,922.02,544.1575,900.5,549,63,21,return,6,class->block->function->block->block_content->return,
2,84,rectangle_java2.jpg,rectangle_java2.jpg,10280679649,148,866.6181081081081,529.1348648648649,874.5,512,10,21,{,1,class->block->function->block,
2,84,rectangle_java2.jpg,rectangle_java2.jpg,10280775695,92,858.8495652173913,539.1169565217391,863.5,549,9,21,),1,class->block->function->parameter_list,
2,84,rectangle_java2.jpg,rectangle_java2.jpg,10280911746,100,789.4832,521.6896,775.5,512,53,21,width,5,class->block->function->name,
2,84,rectangle_java2.jpg,rectangle_java2.jpg,10281023880,108,794.4025925925926,526.8133333333334,775.5,512,53,21,width,5,class->block->function->name,
2,84,rectangle_java2.jpg,rectangle_java2.jpg,10281099937,72,775.1022222222222,514.9411111111111,775.5,512,53,21,width,5,class->block->function->name,
2,84,rectangle_java2.jpg,rectangle_java2.jpg,10281187799,84,786.865238095238,530.1628571428571,775.5,512,53,21,width,5,class->block->function->name,
2,84,rectangle_java2.jpg,rectangle_java2.jpg,10281423599,164,813.380487804878,562.9856097560976,775.5,549,62,21,height,6,class->block->function->name,
2,84,rectangle_java2.jpg,rectangle_java2.jpg,10281747619,320,826.411,555.60175,775.5,549,62,21,height,6,class->block->function->name,
2,84,rectangle_java2.jpg,rectangle_java2.jpg,10281927618,108,864.6048148148149,546.1492592592592,863.5,549,9,21,),1,class->block->function->parameter_list,
2,84,rectangle_java2.jpg,rectangle_java2.jpg,10282175472,172,963.2379069767442,520.61,958.5,512,71,21,this.x2,7,class->block->function->block->block_content->return->expr->name->name->operator->name->operator,
2,84,rectangle_java2.jpg,rectangle_java2.jpg,10282243376,64,978.6275,529.46375,958.5,512,71,21,this.x2,7,class->block->function->block->block_content->return->expr->name->name->operator->name->operator,
2,84,rectangle_java2.jpg,rectangle_java2.jpg,10282399433,84,906.25,543.7214285714285,900.5,549,63,21,return,6,class->block->function->block->block_content->return,
2,84,rectangle_java2.jpg,rectangle_java2.jpg,10282555494,68,877.8258823529412,543.984705882353,883.5,549,10,21,{,1,class->block->function->block,
2,84,rectangle_java2.jpg,rectangle_java2.jpg,10282651491,92,877.074347826087,529.2073913043479,874.5,512,10,21,{,1,class->block->function->block,
2,84,rectangle_java2.jpg,rectangle_java2.jpg,10283011487,204,946.256274509804,522.5898039215687,891.5,512,62,21,return,6,class->block->function->block->block_content->return->expr->name->name,
2,84,rectangle_java2.jpg,rectangle_java2.jpg,10283011487,204,946.256274509804,522.5898039215687,958.5,512,71,21,this.x2,7,class->block->function->block->block_content->return->expr->name->name->operator->name->operator,
2,84,rectangle_java2.jpg,rectangle_java2.jpg,10283199479,184,964.7002173913044,525.471304347826,958.5,512,71,21,this.x2,7,class->block->function->block->block_content->return->expr->name->name->operator->name->operator,
2,84,rectangle_java2.jpg,rectangle_java2.jpg,10283339483,136,974.5582352941176,514.9532352941177,958.5,512,71,21,this.x2,7,class->block->function->block->block_content->return->expr->name->name->operator->name->operator,
2,84,rectangle_java2.jpg,rectangle_java2.jpg,10283435500,92,981.4134782608696,546.5008695652174,968.5,549,70,21,this.y2,7,class->block->function->block->block_content->return->expr->name->name->operator->name,
2,84,rectangle_java2.jpg,rectangle_java2.jpg,10283503509,64,983.705625,525.92875,958.5,512,71,21,this.x2,7,class->block->function->block->block_content->return->expr->name->name->operator->name->operator,
2,84,rectangle_java2.jpg,rectangle_java2.jpg,10283619500,92,1025.8804347826087,512.1004347826087,958.5,512,71,21,this.x2,7,class->block->function->block->block_content->return->expr->name->name->operator->name->operator,
2,84,rectangle_java2.jpg,rectangle_java2.jpg,10283619500,92,1025.8804347826087,512.1004347826087,1035.5,512,13,21,-,1,class->block->function->block->block_content->return->expr->name->name,
2,84,rectangle_java2.jpg,rectangle_java2.jpg,10283727494,104,1028.1642307692307,529.0469230769231,958.5,512,71,21,this.x2,7,class->block->function->block->block_content->return->expr->name->name->operator->name->operator,
2,84,rectangle_java2.jpg,rectangle_java2.jpg,10283727494,104,1028.1642307692307,529.0469230769231,1035.5,512,13,21,-,1,class->block->function->block->block_content->return->expr->name->name,
2,84,rectangle_java2.jpg,rectangle_java2.jpg,10283899494,168,1045.4669047619047,519.7883333333333,1035.5,512,13,21,-,1,class->block->function->block->block_content->return->expr->name->name,
2,84,rectangle_java2.jpg,rectangle_java2.jpg,10283899494,168,1045.4669047619047,519.7883333333333,1054.5,512,71,21,this.x1,7,class->block->function->block->block_content->return->expr->name->name->operator->name,
2,84,rectangle_java2.jpg,rectangle_java2.jpg,10284015536,112,1044.8275,523.6542857142857,1035.5,512,13,21,-,1,class->block->function->block->block_content->return->expr->name->name,
2,84,rectangle_java2.jpg,rectangle_java2.jpg,10284015536,112,1044.8275,523.6542857142857,1054.5,512,71,21,this.x1,7,class->block->function->block->block_content->return->expr->name->name->operator->name,
2,84,rectangle_java2.jpg,rectangle_java2.jpg,10284083560,64,1043.1875,514.229375,1035.5,512,13,21,-,1,class->block->function->block->block_content->return->expr->name->name,
2,84,rectangle_java2.jpg,rectangle_java2.jpg,10284083560,64,1043.1875,514.229375,1054.5,512,71,21,this.x1,7,class->block->function->block->block_content->return->expr->name->name->operator->name,
2,84,rectangle_java2.jpg,rectangle_java2.jpg,10284247431,108,1009.4792592592592,517.9037037037037,958.5,512,71,21,this.x2,7,class->block->function->block->block_content->return->expr->name->name->operator->name->operator,
2,84,rectangle_java2.jpg,rectangle_java2.jpg,10284311394,60,1004.7653333333334,518.962,958.5,512,71,21,this.x2,7,class->block->function->block->block_content->return->expr->name->name->operator->name->operator,
2,84,rectangle_java2.jpg,rectangle_java2.jpg,10284383377,68,1046.1505882352942,523.1358823529412,1035.5,512,13,21,-,1,class->block->function->block->block_content->return->expr->name->name,
2,84,rectangle_java2.jpg,rectangle_java2.jpg,10284383377,68,1046.1505882352942,523.1358823529412,1054.5,512,71,21,this.x1,7,class->block->function->block->block_content->return->expr->name->name->operator->name,
2,84,rectangle_java2.jpg,rectangle_java2.jpg,10284519360,132,1041.6718181818185,525.8881818181818,1035.5,512,13,21,-,1,class->block->function->block->block_content->return->expr->name->name,
2,84,rectangle_java2.jpg,rectangle_java2.jpg,10284599391,76,1042.8594736842106,511.2121052631578,1035.5,512,13,21,-,1,class->block->function->block->block_content->return->expr->name->name,
2,84,rectangle_java2.jpg,rectangle_java2.jpg,10284599391,76,1042.8594736842106,511.2121052631578,1054.5,512,71,21,this.x1,7,class->block->function->block->block_content->return->expr->name->name->operator->name,
2,84,rectangle_java2.jpg,rectangle_java2.jpg,10284935473,136,986.8258823529412,510.9729411764706,958.5,512,71,21,this.x2,7,class->block->function->block->block_content->return->expr->name->name->operator->name->operator,
2,84,rectangle_java2.jpg,rectangle_java2.jpg,10285387590,80,847.2455,509.087,854.5,512,9,21,),1,class->block->function->parameter_list,
2,84,rectangle_java2.jpg,rectangle_java2.jpg,10285971283,252,1058.418888888889,500.4452380952381,1054.5,512,71,21,this.x1,7,class->block->function->block->block_content->return->expr->name->name->operator->name,
2,84,rectangle_java2.jpg,rectangle_java2.jpg,10286047239,72,1141.5277777777778,503.9255555555556,1132.5,512,10,21,;,1,class->block->function->block,
2,84,rectangle_java2.jpg,rectangle_java2.jpg,10286047239,72,1141.5277777777778,503.9255555555556,1152.5,512,10,21,},1,class->block,
2,84,rectangle_java2.jpg,rectangle_java2.jpg,10286387197,116,1161.8572413793104,515.6210344827587,1152.5,512,10,21,},1,class->block,
2,84,rectangle_java2.jpg,rectangle_java2.jpg,10286539180,148,1153.015405405405,510.7508108108109,1152.5,512,10,21,},1,class->block,
2,84,rectangle_java2.jpg,rectangle_java2.jpg,10286663196,92,1115.7408695652173,516.9508695652174,1054.5,512,71,21,this.x1,7,class->block->function->block->block_content->return->expr->name->name->operator->name,
2,84,rectangle_java2.jpg,rectangle_java2.jpg,10286795201,128,1118.5859375,502.70343750000006,1054.5,512,71,21,this.x1,7,class->block->function->block->block_content->return->expr->name->name->operator->name,
2,84,rectangle_java2.jpg,rectangle_java2.jpg,10286939197,140,1140.5014285714285,511.48942857142856,1132.5,512,10,21,;,1,class->block->function->block,
2,84,rectangle_java2.jpg,rectangle_java2.jpg,10286939197,140,1140.5014285714285,511.48942857142856,1152.5,512,10,21,},1,class->block,
2,84,rectangle_java2.jpg,rectangle_java2.jpg,10287699145,168,1126.6390476190477,503.6759523809524,1132.5,512,10,21,;,1,class->block->function->block,
2,84,rectangle_java2.jpg,rectangle_java2.jpg,10287958994,64,891.618125,557.673125,883.5,549,10,21,{,1,class->block->function->block,
2,84,rectangle_java2.jpg,rectangle_java2.jpg,10287958994,64,891.618125,557.673125,900.5,549,63,21,return,6,class->block->function->block->block_content->return,
2,84,rectangle_java2.jpg,rectangle_java2.jpg,10288055013,92,897.5721739130435,545.7660869565217,900.5,549,63,21,return,6,class->block->function->block->block_content->return,
2,84,rectangle_java2.jpg,rectangle_java2.jpg,10288243035,132,880.2330303030303,574.6875757575757,873.5,585,9,21,),1,class->block->function->parameter_list,
2,84,rectangle_java2.jpg,rectangle_java2.jpg,10288315018,68,885.55,561.8970588235294,883.5,549,10,21,{,1,class->block->function->block,
2,84,rectangle_java2.jpg,rectangle_java2.jpg,10288443023,96,959.6320833333332,562.2954166666667,900.5,549,63,21,return,6,class->block->function->block->block_content->return,
2,84,rectangle_java2.jpg,rectangle_java2.jpg,10288443023,96,959.6320833333332,562.2954166666667,968.5,549,70,21,this.y2,7,class->block->function->block->block_content->return->expr->name->name->operator->name,
2,84,rectangle_java2.jpg,rectangle_java2.jpg,10288567044,64,1091.435,530.398125,1054.5,512,71,21,this.x1,7,class->block->function->block->block_content->return->expr->name->name->operator->name,
2,84,rectangle_java2.jpg,rectangle_java2.jpg,10288647062,76,1079.2931578947369,528.1094736842106,1054.5,512,71,21,this.x1,7,class->block->function->block->block_content->return->expr->name->name->operator->name,
2,84,rectangle_java2.jpg,rectangle_java2.jpg,10288871088,116,1096.7486206896551,536.9220689655173,1064.5,549,71,21,this.y1,7,class->block->function->block->block_content->return->expr->name->name->operator->name,
2,84,rectangle_java2.jpg,rectangle_java2.jpg,10288995091,120,1095.4326666666666,563.069,1064.5,549,71,21,this.y1,7,class->block->function->block->block_content->return->expr->name->name->operator->name,
2,84,rectangle_java2.jpg,rectangle_java2.jpg,10289119093,120,1102.4903333333334,560.697,1064.5,549,71,21,this.y1,7,class->block->function->block->block_content->return->expr->name->name->operator->name,
2,84,rectangle_java2.jpg,rectangle_java2.jpg,10289227090,104,1099.908846153846,551.9692307692308,1064.5,549,71,21,this.y1,7,class->block->function->block->block_content->return->expr->name->name->operator->name,
2,84,rectangle_java2.jpg,rectangle_java2.jpg,10289367082,100,1054.5576,552.6836,1045.5,549,13,21,-,1,class->block->function->block->block_content->return->expr->operator,
2,84,rectangle_java2.jpg,rectangle_java2.jpg,10289367082,100,1054.5576,552.6836,1064.5,549,71,21,this.y1,7,class->block->function->block->block_content->return->expr->name->name->operator->name,
2,84,rectangle_java2.jpg,rectangle_java2.jpg,10289527063,96,935.5220833333332,560.035,900.5,549,63,21,return,6,class->block->function->block->block_content->return,
2,84,rectangle_java2.jpg,rectangle_java2.jpg,10289631033,56,810.5435714285715,585.8407142857143,804.5,585,43,21,area,4,class->block->function->name,
2,84,rectangle_java2.jpg,rectangle_java2.jpg,10289742940,108,806.5648148148148,605.8396296296296,804.5,585,43,21,area,4,class->block->function->name,
2,84,rectangle_java2.jpg,rectangle_java2.jpg,10289894825,148,812.1740540540541,608.7875675675675,804.5,621,44,21,void,4,class->block->function->type->name,
2,84,rectangle_java2.jpg,rectangle_java2.jpg,10290030861,100,912.3692,634.5084,904.5,621,9,21,(,1,class->block->function->parameter_list,
2,84,rectangle_java2.jpg,rectangle_java2.jpg,10290030861,100,912.3692,634.5084,920.5,621,62,21,String,6,class->block->function->parameter_list->parameter->decl->type->name->name,
2,84,rectangle_java2.jpg,rectangle_java2.jpg,10290230910,72,902.2744444444444,649.015,902.5,658,34,20,new,3,class->block->function->block->block_content->decl_stmt->decl->init->expr->operator,
2,84,rectangle_java2.jpg,rectangle_java2.jpg,10290330929,96,901.93125,631.91,904.5,621,9,21,(,1,class->block->function->parameter_list,
2,84,rectangle_java2.jpg,rectangle_java2.jpg,10290394935,60,936.5433333333332,631.0826666666667,920.5,621,62,21,String,6,class->block->function->parameter_list->parameter->decl->type->name->name,
2,84,rectangle_java2.jpg,rectangle_java2.jpg,10290534917,136,950.0123529411763,632.3035294117647,920.5,621,62,21,String,6,class->block->function->parameter_list->parameter->decl->type->name->name,
2,84,rectangle_java2.jpg,rectangle_java2.jpg,10290658914,76,1016.4710526315788,627.2463157894737,1007.5,621,10,21,],1,class->block->function->parameter_list->parameter->decl->type->name->index,
2,84,rectangle_java2.jpg,rectangle_java2.jpg,10290658914,76,1016.4710526315788,627.2463157894737,1025.5,621,42,21,args,4,class->block->function->parameter_list->parameter->decl->name,
2,84,rectangle_java2.jpg,rectangle_java2.jpg,10290718925,56,1015.8757142857144,614.9507142857143,1007.5,621,10,21,],1,class->block->function->parameter_list->parameter->decl->type->name->index,
2,84,rectangle_java2.jpg,rectangle_java2.jpg,10290718925,56,1015.8757142857144,614.9507142857143,1025.5,621,42,21,args,4,class->block->function->parameter_list->parameter->decl->name,
2,84,rectangle_java2.jpg,rectangle_java2.jpg,10290966941,60,1090.8006666666668,617.8553333333333,1094.5,621,10,21,{,1,class->block->function->block,
2,84,rectangle_java2.jpg,rectangle_java2.jpg,10291062973,92,1103.8060869565218,609.7030434782608,1094.5,621,10,21,{,1,class->block->function->block,
2,84,rectangle_java2.jpg,rectangle_java2.jpg,10291142983,76,1094.756842105263,617.0942105263158,1094.5,621,10,21,{,1,class->block->function->block,
2,84,rectangle_java2.jpg,rectangle_java2.jpg,10292026822,56,1075.043571428571,641.4192857142857,1074.5,621,10,21,),1,class->block->function->parameter_list,
2,84,rectangle_java2.jpg,rectangle_java2.jpg,10292114778,84,1060.3671428571429,626.462380952381,1025.5,621,42,21,args,4,class->block->function->parameter_list->parameter->decl->name,
2,84,rectangle_java2.jpg,rectangle_java2.jpg,10292254671,60,916.778,637.6586666666667,920.5,621,62,21,String,6,class->block->function->parameter_list->parameter->decl->type->name->name,
2,84,rectangle_java2.jpg,rectangle_java2.jpg,10292334711,56,843.9614285714285,648.0271428571428,826.5,658,52,20,rect1,5,class->block->function->block->block_content->decl_stmt->decl->name,
2,84,rectangle_java2.jpg,rectangle_java2.jpg,10292498826,128,859.85,618.6765625,851.5,621,44,21,main,4,class->block->function->name,
2,84,rectangle_java2.jpg,rectangle_java2.jpg,10292682830,120,833.059,593.8483333333334,804.5,585,43,21,area,4,class->block->function->name,
2,84,rectangle_java2.jpg,rectangle_java2.jpg,10292794834,108,839.8877777777777,608.7892592592592,804.5,621,44,21,void,4,class->block->function->type->name,
2,84,rectangle_java2.jpg,rectangle_java2.jpg,10292794834,108,839.8877777777777,608.7892592592592,851.5,621,44,21,main,4,class->block->function->name,
2,84,rectangle_java2.jpg,rectangle_java2.jpg,10292866836,68,827.6217647058824,609.1594117647059,804.5,621,44,21,void,4,class->block->function->type->name,
2,84,rectangle_java2.jpg,rectangle_java2.jpg,10292998829,56,886.1907142857143,626.9121428571428,851.5,621,44,21,main,4,class->block->function->name,
2,84,rectangle_java2.jpg,rectangle_java2.jpg,10293066825,64,880.454375,633.506875,851.5,621,44,21,main,4,class->block->function->name,
2,84,rectangle_java2.jpg,rectangle_java2.jpg,10293338675,72,985.3511111111112,614.0661111111111,990.5,621,10,21,[,1,class->block->function->parameter_list->parameter->decl->type->name->index,
2,84,rectangle_java2.jpg,rectangle_java2.jpg,10293410513,68,976.9282352941176,611.7823529411764,920.5,621,62,21,String,6,class->block->function->parameter_list->parameter->decl->type->name->name,
2,84,rectangle_java2.jpg,rectangle_java2.jpg,10293582533,128,1058.2625,594.775625,977.5,585,101,21,this.width,10,class->block->function->block->block_content->return->expr->call->name->name->operator->name,
2,84,rectangle_java2.jpg,rectangle_java2.jpg,10293746704,96,1170.2141666666666,595.1395833333333,1140.5,585,110,21,this.height,11,class->block->function->block->block_content->return->expr->call->name->name->operator->name,
2,84,rectangle_java2.jpg,rectangle_java2.jpg,10294118679,120,1228.067,597.7726666666666,1140.5,585,110,21,this.height,11,class->block->function->block->block_content->return->expr->call->name->name->operator->name,
2,84,rectangle_java2.jpg,rectangle_java2.jpg,10294694692,68,1076.5511764705882,521.5576470588236,1054.5,512,71,21,this.x1,7,class->block->function->block->block_content->return->expr->name->name->operator->name,
2,84,rectangle_java2.jpg,rectangle_java2.jpg,10294882678,64,972.4275,634.43125,920.5,621,62,21,String,6,class->block->function->parameter_list->parameter->decl->type->name->name,
2,84,rectangle_java2.jpg,rectangle_java2.jpg,10294974710,88,968.96,608.9668181818182,920.5,621,62,21,String,6,class->block->function->parameter_list->parameter->decl->type->name->name,
2,84,rectangle_java2.jpg,rectangle_java2.jpg,10295110764,112,910.8539285714286,611.9125,904.5,621,9,21,(,1,class->block->function->parameter_list,
2,84,rectangle_java2.jpg,rectangle_java2.jpg,10295110764,112,910.8539285714286,611.9125,920.5,621,62,21,String,6,class->block->function->parameter_list->parameter->decl->type->name->name,
2,84,rectangle_java2.jpg,rectangle_java2.jpg,10295302669,72,910.9822222222222,528.5277777777778,891.5,512,62,21,return,6,class->block->function->block->block_content->return->expr->name->name,
2,84,rectangle_java2.jpg,rectangle_java2.jpg,10295442448,120,989.4333333333332,542.4186666666667,968.5,549,70,21,this.y2,7,class->block->function->block->block_content->return->expr->name->name->operator->name,
2,84,rectangle_java2.jpg,rectangle_java2.jpg,10295542375,96,991.315,558.68375,968.5,549,70,21,this.y2,7,class->block->function->block->block_content->return->expr->name->name->operator->name,
2,84,rectangle_java2.jpg,rectangle_java2.jpg,10295666496,120,1007.4263333333332,555.386,968.5,549,70,21,this.y2,7,class->block->function->block->block_content->return->expr->name->name->operator->name,
2,84,rectangle_java2.jpg,rectangle_java2.jpg,10295846553,140,1071.7648571428572,564.1771428571428,1064.5,549,71,21,this.y1,7,class->block->function->block->block_content->return->expr->name->name->operator->name,
2,84,rectangle_java2.jpg,rectangle_java2.jpg,10295938561,88,1077.2472727272727,548.5136363636364,1064.5,549,71,21,this.y1,7,class->block->function->block->block_content->return->expr->name->name->operator->name,
2,84,rectangle_java2.jpg,rectangle_java2.jpg,10296006545,64,1061.839375,562.389375,1064.5,549,71,21,this.y1,7,class->block->function->block->block_content->return->expr->name->name->operator->name,
2,84,rectangle_java2.jpg,rectangle_java2.jpg,10296394492,324,1094.1893827160493,549.2885185185186,1064.5,549,71,21,this.y1,7,class->block->function->block->block_content->return->expr->name->name->operator->name,
2,84,rectangle_java2.jpg,rectangle_java2.jpg,10296530545,84,1026.2919047619048,553.1290476190476,968.5,549,70,21,this.y2,7,class->block->function->block->block_content->return->expr->name->name->operator->name,
2,84,rectangle_java2.jpg,rectangle_java2.jpg,10296726530,96,1060.950833333333,540.9975000000001,1064.5,549,71,21,this.y1,7,class->block->function->block->block_content->return->expr->name->name->operator->name,
2,84,rectangle_java2.jpg,rectangle_java2.jpg,10296902625,172,1049.6288372093022,547.300465116279,1045.5,549,13,21,-,1,class->block->function->block->block_content->return->expr->operator,
2,84,rectangle_java2.jpg,rectangle_java2.jpg,10297086588,96,1105.1045833333333,567.0470833333334,1064.5,549,71,21,this.y1,7,class->block->function->block->block_content->return->expr->name->name->operator->name,
2,84,rectangle_java2.jpg,rectangle_java2.jpg,10297182542,92,1104.1391304347826,546.3560869565217,1064.5,549,71,21,this.y1,7,class->block->function->block->block_content->return->expr->name->name->operator->name,
2,84,rectangle_java2.jpg,rectangle_java2.jpg,10297306404,120,1098.2603333333334,556.771,1064.5,549,71,21,this.y1,7,class->block->function->block->block_content->return->expr->name->name->operator->name,
2,84,rectangle_java2.jpg,rectangle_java2.jpg,10297694400,140,985.1202857142856,537.3254285714286,968.5,549,70,21,this.y2,7,class->block->function->block->block_content->return->expr->name->name->operator->name,
2,84,rectangle_java2.jpg,rectangle_java2.jpg,10297838398,92,921.8826086956522,523.3504347826087,891.5,512,62,21,return,6,class->block->function->block->block_content->return->expr->name->name,
2,84,rectangle_java2.jpg,rectangle_java2.jpg,10297910396,68,907.5952941176472,520.4694117647059,891.5,512,62,21,return,6,class->block->function->block->block_content->return->expr->name->name,
2,84,rectangle_java2.jpg,rectangle_java2.jpg,10298246440,128,912.2096875,514.3665625,891.5,512,62,21,return,6,class->block->function->block->block_content->return->expr->name->name,
2,84,rectangle_java2.jpg,rectangle_java2.jpg,10298314463,64,905.52125,523.316875,891.5,512,62,21,return,6,class->block->function->block->block_content->return->expr->name->name,
2,84,rectangle_java2.jpg,rectangle_java2.jpg,10299002403,208,887.9505769230769,501.2238461538461,891.5,512,62,21,return,6,class->block->function->block->block_content->return->expr->name->name,
2,84,rectangle_java2.jpg,rectangle_java2.jpg,10299082422,76,877.1963157894737,510.1321052631579,874.5,512,10,21,{,1,class->block->function->block,
2,84,rectangle_java2.jpg,rectangle_java2.jpg,10299202375,64,981.848125,513.89875,958.5,512,71,21,this.x2,7,class->block->function->block->block_content->return->expr->name->name->operator->name->operator,
2,84,rectangle_java2.jpg,rectangle_java2.jpg,10299274319,68,989.88,518.4076470588235,958.5,512,71,21,this.x2,7,class->block->function->block->block_content->return->expr->name->name->operator->name->operator,
2,84,rectangle_java2.jpg,rectangle_java2.jpg,10299334298,56,1038.696428571429,525.7535714285714,1035.5,512,13,21,-,1,class->block->function->block->block_content->return->expr->name->name,
2,84,rectangle_java2.jpg,rectangle_java2.jpg,10299494290,156,1044.2769230769231,521.391282051282,1035.5,512,13,21,-,1,class->block->function->block->block_content->return->expr->name->name,
2,84,rectangle_java2.jpg,rectangle_java2.jpg,10299494290,156,1044.2769230769231,521.391282051282,1054.5,512,71,21,this.x1,7,class->block->function->block->block_content->return->expr->name->name->operator->name,
2,84,rectangle_java2.jpg,rectangle_java2.jpg,10299630306,100,1023.0608,597.8684,977.5,585,101,21,this.width,10,class->block->function->block->block_content->return->expr->call->name->name->operator->name,
2,84,rectangle_java2.jpg,rectangle_java2.jpg,10299786302,152,1020.3347368421051,587.2642105263158,977.5,585,101,21,this.width,10,class->block->function->block->block_content->return->expr->call->name->name->operator->name,
2,84,rectangle_java2.jpg,rectangle_java2.jpg,10299934290,136,903.0276470588236,594.78,893.5,585,10,21,{,1,class->block->function->block,
2,84,rectangle_java2.jpg,rectangle_java2.jpg,10299934290,136,903.0276470588236,594.78,910.5,585,62,21,return,6,class->block->function->block->block_content->return,
2,84,rectangle_java2.jpg,rectangle_java2.jpg,10300018285,80,910.0885,611.5635,904.5,621,9,21,(,1,class->block->function->parameter_list,
2,84,rectangle_java2.jpg,rectangle_java2.jpg,10300018285,80,910.0885,611.5635,920.5,621,62,21,String,6,class->block->function->parameter_list->parameter->decl->type->name->name,
2,84,rectangle_java2.jpg,rectangle_java2.jpg,10300150370,104,867.0176923076923,597.7238461538461,873.5,585,9,21,),1,class->block->function->parameter_list,
2,84,rectangle_java2.jpg,rectangle_java2.jpg,10300282585,128,877.6928125000001,614.515,851.5,621,44,21,main,4,class->block->function->name,
2,84,rectangle_java2.jpg,rectangle_java2.jpg,10300454355,144,845.3911111111112,582.8522222222222,804.5,585,43,21,area,4,class->block->function->name,
2,84,rectangle_java2.jpg,rectangle_java2.jpg,10300454355,144,845.3911111111112,582.8522222222222,856.5,585,9,21,(,1,class->block->function->parameter_list,
2,84,rectangle_java2.jpg,rectangle_java2.jpg,10300578297,104,889.6288461538462,554.9842307692307,883.5,549,10,21,{,1,class->block->function->block,
2,84,rectangle_java2.jpg,rectangle_java2.jpg,10300578297,104,889.6288461538462,554.9842307692307,900.5,549,63,21,return,6,class->block->function->block->block_content->return,
2,84,rectangle_java2.jpg,rectangle_java2.jpg,10300710278,60,973.498,549.8873333333333,968.5,549,70,21,this.y2,7,class->block->function->block->block_content->return->expr->name->name->operator->name,
2,84,rectangle_java2.jpg,rectangle_java2.jpg,10300938258,108,996.2003703703704,540.34,968.5,549,70,21,this.y2,7,class->block->function->block->block_content->return->expr->name->name->operator->name,
2,84,rectangle_java2.jpg,rectangle_java2.jpg,10301030253,88,1001.935,538.3572727272727,968.5,549,70,21,this.y2,7,class->block->function->block->block_content->return->expr->name->name->operator->name,
2,84,rectangle_java2.jpg,rectangle_java2.jpg,10301162204,104,1113.5246153846151,548.6926923076923,1064.5,549,71,21,this.y1,7,class->block->function->block->block_content->return->expr->name->name->operator->name,
2,84,rectangle_java2.jpg,rectangle_java2.jpg,10301258142,56,1092.7414285714283,564.0742857142857,1064.5,549,71,21,this.y1,7,class->block->function->block->block_content->return->expr->name->name->operator->name,
2,84,rectangle_java2.jpg,rectangle_java2.jpg,10301322113,60,1085.958,553.3753333333333,1064.5,549,71,21,this.y1,7,class->block->function->block->block_content->return->expr->name->name->operator->name,
2,84,rectangle_java2.jpg,rectangle_java2.jpg,10301438107,60,1063.2413333333334,553.8953333333334,1064.5,549,71,21,this.y1,7,class->block->function->block->block_content->return->expr->name->name->operator->name,
2,84,rectangle_java2.jpg,rectangle_java2.jpg,10301514122,72,1061.59,532.6533333333333,1054.5,512,71,21,this.x1,7,class->block->function->block->block_content->return->expr->name->name->operator->name,
2,84,rectangle_java2.jpg,rectangle_java2.jpg,10301958092,128,1068.4909375,528.95375,1054.5,512,71,21,this.x1,7,class->block->function->block->block_content->return->expr->name->name->operator->name,
2,84,rectangle_java2.jpg,rectangle_java2.jpg,10302034108,72,1076.996111111111,537.11,1064.5,549,71,21,this.y1,7,class->block->function->block->block_content->return->expr->name->name->operator->name,
2,84,rectangle_java2.jpg,rectangle_java2.jpg,10302174109,84,1086.5614285714285,550.2090476190476,1064.5,549,71,21,this.y1,7,class->block->function->block->block_content->return->expr->name->name->operator->name,
2,84,rectangle_java2.jpg,rectangle_java2.jpg,10302326106,80,1023.26,629.491,1025.5,621,42,21,args,4,class->block->function->parameter_list->parameter->decl->name,
2,84,rectangle_java2.jpg,rectangle_java2.jpg,10302398112,68,1021.2970588235294,638.5464705882353,1025.5,621,42,21,args,4,class->block->function->parameter_list->parameter->decl->name,
2,84,rectangle_java2.jpg,rectangle_java2.jpg,10302586237,164,974.250243902439,614.2107317073171,920.5,621,62,21,String,6,class->block->function->parameter_list->parameter->decl->type->name->name,
2,84,rectangle_java2.jpg,rectangle_java2.jpg,10302742301,96,890.09125,608.6566666666666,851.5,621,44,21,main,4,class->block->function->name,
2,84,rectangle_java2.jpg,rectangle_java2.jpg,10302985699,56,861.7528571428571,670.9392857142857,826.5,658,52,20,rect1,5,class->block->function->block->block_content->decl_stmt->decl->name,
2,84,rectangle_java2.jpg,rectangle_java2.jpg,10303282001,60,902.672,672.8166666666667,902.5,658,34,20,new,3,class->block->function->block->block_content->decl_stmt->decl->init->expr->operator,
2,84,rectangle_java2.jpg,rectangle_java2.jpg,10303469975,132,817.3151515151516,687.8430303030303,730.5,694,177,21,System.out.println,18,class->block->function->block->block_content->expr_stmt->expr->call->name->name->operator->name->operator->name,
2,84,rectangle_java2.jpg,rectangle_java2.jpg,10303629998,108,876.4785185185185,664.7659259259259,826.5,658,52,20,rect1,5,class->block->function->block->block_content->decl_stmt->decl->name,
2,84,rectangle_java2.jpg,rectangle_java2.jpg,10303629998,108,876.4785185185185,664.7659259259259,883.5,658,15,20,=,1,class->block->function->block->block_content->decl_stmt->decl->init,
2,84,rectangle_java2.jpg,rectangle_java2.jpg,10303898010,176,973.5413636363636,658.9279545454546,941.5,658,91,20,Rectangle,9,class->block->function->block->block_content->decl_stmt->decl->init->expr->call->name,
2,84,rectangle_java2.jpg,rectangle_java2.jpg,10303990035,88,975.3495454545456,667.3713636363636,941.5,658,91,20,Rectangle,9,class->block->function->block->block_content->decl_stmt->decl->init->expr->call->name,
2,84,rectangle_java2.jpg,rectangle_java2.jpg,10304138053,64,991.66,687.38375,932.5,694,100,21,rect1.area,10,class->block->function->block->block_content->expr_stmt->expr->call->argument_list->argument->expr->call->name->name->operator->name,
2,84,rectangle_java2.jpg,rectangle_java2.jpg,10304310021,80,791.6655,781.3525,730.5,766,177,21,System.out.println,18,class->block->function->block->block_content->expr_stmt->expr->call->name->name->operator->name->operator->name,
2,84,rectangle_java2.jpg,rectangle_java2.jpg,10305109894,56,940.7307142857144,786.0964285714285,932.5,766,100,21,rect2.area,10,class->block->function->block->block_content->expr_stmt->expr->call->argument_list->argument->expr->call->name->name->operator->name,
2,84,rectangle_java2.jpg,rectangle_java2.jpg,10305373973,60,1042.9086666666667,767.314,1041.5,766,9,21,(,1,class->block->function->block->block_content->expr_stmt->expr->call->argument_list->argument->expr->call->argument_list,
2,84,rectangle_java2.jpg,rectangle_java2.jpg,10310858000,104,820.511923076923,345.6623076923077,806.5,331,15,19,=,1,class->block->constructor->block->block_content->expr_stmt->expr->operator,
2,84,rectangle_java2.jpg,rectangle_java2.jpg,10310858000,104,820.511923076923,345.6623076923077,826.5,331,23,19,x1,2,class->block->constructor->block->block_content->expr_stmt->expr->name->name,
2,84,rectangle_java2.jpg,rectangle_java2.jpg,10311021648,88,749.9677272727273,313.3422727272728,737.5,295,91,21,Rectangle,9,class->block->constructor->name,
2,84,rectangle_java2.jpg,rectangle_java2.jpg,10311777424,108,761.9192592592593,254.3744444444444,747.5,259,33,21,int,3,class->block->decl_stmt->decl->type->name,
2,84,rectangle_java2.jpg,rectangle_java2.jpg,10312037459,72,756.4211111111111,255.1605555555556,747.5,259,33,21,int,3,class->block->decl_stmt->decl->type->name,
2,84,rectangle_java2.jpg,rectangle_java2.jpg,10312217445,80,746.7145,414.7635,730.5,404,71,19,this.x2,7,class->block->constructor->block->block_content->expr_stmt->expr->name->name->operator->name,
