trial,participant,code_file,code_language,timestamp,duration,x_cord,y_cord,aoi_x,aoi_y,aoi_width,aoi_height,token,length,srcML,
2,38,rectangle_java2.jpg,rectangle_java2.jpg,322927183,56,812.3464285714285,342.21714285714285,806.5,331,15,19,=,1,class->block->constructor->block->block_content->expr_stmt->expr->operator,
2,38,rectangle_java2.jpg,rectangle_java2.jpg,323355099,60,670.626,215.9513333333333,657.5,222,52,21,class,5,class,
2,38,rectangle_java2.jpg,rectangle_java2.jpg,323443000,84,664.365238095238,210.8642857142857,657.5,222,52,21,class,5,class,
2,38,rectangle_java2.jpg,rectangle_java2.jpg,323626989,104,649.645,212.8007692307692,589.5,222,63,21,public,6,class->specifier,
2,38,rectangle_java2.jpg,rectangle_java2.jpg,323626989,104,649.645,212.8007692307692,657.5,222,52,21,class,5,class,
2,38,rectangle_java2.jpg,rectangle_java2.jpg,324007053,84,709.34,211.42047619047617,657.5,222,52,21,class,5,class,
2,38,rectangle_java2.jpg,rectangle_java2.jpg,324007053,84,709.34,211.42047619047617,715.5,222,90,21,Rectangle,9,class->name,
2,38,rectangle_java2.jpg,rectangle_java2.jpg,324271007,60,747.382,218.86333333333332,715.5,222,90,21,Rectangle,9,class->name,
2,38,rectangle_java2.jpg,rectangle_java2.jpg,324419005,80,787.3405,218.6685,715.5,222,90,21,Rectangle,9,class->name,
2,38,rectangle_java2.jpg,rectangle_java2.jpg,324643014,76,879.6268421052631,260.9557894736842,881.5,259,23,21,x2,2,class->block->decl_stmt->decl->name,
2,38,rectangle_java2.jpg,rectangle_java2.jpg,325095064,60,747.884,258.938,747.5,259,33,21,int,3,class->block->decl_stmt->decl->type->name,
2,38,rectangle_java2.jpg,rectangle_java2.jpg,325247013,148,754.1194594594594,261.9813513513513,747.5,259,33,21,int,3,class->block->decl_stmt->decl->type->name,
2,38,rectangle_java2.jpg,rectangle_java2.jpg,325434905,88,777.0695454545455,254.7318181818182,747.5,259,33,21,int,3,class->block->decl_stmt->decl->type->name,
2,38,rectangle_java2.jpg,rectangle_java2.jpg,325434905,88,777.0695454545455,254.7318181818182,785.5,259,23,21,x1,2,class->block->decl_stmt->decl->name,
2,38,rectangle_java2.jpg,rectangle_java2.jpg,325722873,140,817.914,417.1145714285715,806.5,404,15,19,=,1,class->block->constructor->block->block_content->expr_stmt->expr->operator,
2,38,rectangle_java2.jpg,rectangle_java2.jpg,325722873,140,817.914,417.1145714285715,826.5,404,23,19,x2,2,class->block->constructor->block->block_content->expr_stmt->expr->name->name,
2,38,rectangle_java2.jpg,rectangle_java2.jpg,325786879,60,825.2326666666667,443.8153333333333,826.5,440,23,21,y2,2,class->block->constructor->block->block_content->expr_stmt->expr->name->name,
2,38,rectangle_java2.jpg,rectangle_java2.jpg,326138878,88,681.204090909091,479.2490909090909,672.5,478,10,18,},1,class->block->constructor->block,
2,38,rectangle_java2.jpg,rectangle_java2.jpg,326226889,84,679.8666666666667,469.4923809523809,672.5,478,10,18,},1,class->block->constructor->block,
2,38,rectangle_java2.jpg,rectangle_java2.jpg,326962877,72,677.705,815.5966666666667,672.5,804,10,18,},1,class->block->function->block,
2,38,rectangle_java2.jpg,rectangle_java2.jpg,327054855,64,757.9525,777.64375,730.5,766,177,21,System.out.println,18,class->block->function->block->block_content->expr_stmt->expr->call->name->name->operator->name->operator->name,
2,38,rectangle_java2.jpg,rectangle_java2.jpg,327122823,64,747.555,764.11375,730.5,766,177,21,System.out.println,18,class->block->function->block->block_content->expr_stmt->expr->call->name->name->operator->name->operator->name,
2,38,rectangle_java2.jpg,rectangle_java2.jpg,327254772,76,750.5947368421052,780.8047368421053,730.5,766,177,21,System.out.println,18,class->block->function->block->block_content->expr_stmt->expr->call->name->name->operator->name->operator->name,
2,38,rectangle_java2.jpg,rectangle_java2.jpg,327410760,96,841.16125,782.0545833333333,730.5,766,177,21,System.out.println,18,class->block->function->block->block_content->expr_stmt->expr->call->name->name->operator->name->operator->name,
2,38,rectangle_java2.jpg,rectangle_java2.jpg,327546737,64,1043.45875,772.9025,1041.5,766,9,21,(,1,class->block->function->block->block_content->expr_stmt->expr->call->argument_list->argument->expr->call->argument_list,
2,38,rectangle_java2.jpg,rectangle_java2.jpg,327810738,96,966.20375,773.8841666666667,932.5,766,100,21,rect2.area,10,class->block->function->block->block_content->expr_stmt->expr->call->argument_list->argument->expr->call->name->name->operator->name,
2,38,rectangle_java2.jpg,rectangle_java2.jpg,328002777,188,958.0965957446808,780.9770212765958,932.5,766,100,21,rect2.area,10,class->block->function->block->block_content->expr_stmt->expr->call->argument_list->argument->expr->call->name->name->operator->name,
2,38,rectangle_java2.jpg,rectangle_java2.jpg,328246768,144,1137.1475,719.89,1134.5,731,22,20,10,2,class->block->function->block->block_content->decl_stmt->decl->init->expr->call->argument_list->argument->expr->literal,
2,38,rectangle_java2.jpg,rectangle_java2.jpg,328470768,132,1155.0181818181818,649.4951515151515,1134.5,658,22,20,10,2,class->block->function->block->block_content->decl_stmt->decl->init->expr->call->argument_list->argument->expr->literal,
2,38,rectangle_java2.jpg,rectangle_java2.jpg,328470768,132,1155.0181818181818,649.4951515151515,1163.5,658,10,20,"""","""",1,class->block->function->block->block_content->decl_stmt->decl->init->expr->call->argument_list
2,38,rectangle_java2.jpg,rectangle_java2.jpg,328650739,56,1144.29,560.8357142857143,1142.5,549,10,21,;,1,class->block->function->block->block_content->return,
2,38,rectangle_java2.jpg,rectangle_java2.jpg,328770732,76,1162.3194736842106,577.7836842105263,1140.5,585,110,21,this.height,11,class->block->function->block->block_content->return->expr->call->name->name->operator->name,
2,38,rectangle_java2.jpg,rectangle_java2.jpg,329042675,112,1106.2242857142858,522.2389285714286,1054.5,512,71,21,this.x1,7,class->block->function->block->block_content->return->expr->name->name->operator->name,
2,38,rectangle_java2.jpg,rectangle_java2.jpg,329158484,56,1089.6671428571428,537.8892857142857,1064.5,549,71,21,this.y1,7,class->block->function->block->block_content->return->expr->name->name->operator->name,
2,38,rectangle_java2.jpg,rectangle_java2.jpg,329246440,84,1085.422857142857,527.2638095238095,1054.5,512,71,21,this.x1,7,class->block->function->block->block_content->return->expr->name->name->operator->name,
2,38,rectangle_java2.jpg,rectangle_java2.jpg,329654647,56,933.2535714285714,553.1835714285714,900.5,549,63,21,return,6,class->block->function->block->block_content->return,
2,38,rectangle_java2.jpg,rectangle_java2.jpg,330058633,56,1004.7892857142856,536.6121428571429,968.5,549,70,21,this.y2,7,class->block->function->block->block_content->return->expr->name->name->operator->name,
2,38,rectangle_java2.jpg,rectangle_java2.jpg,330278643,56,708.295,569.5007142857143,669.5,549,63,21,public,6,class->block->function->type->specifier,
2,38,rectangle_java2.jpg,rectangle_java2.jpg,330582593,56,698.2807142857142,538.9192857142857,669.5,549,63,21,public,6,class->block->function->type->specifier,
2,38,rectangle_java2.jpg,rectangle_java2.jpg,330738544,56,709.6028571428571,543.0142857142857,669.5,549,63,21,public,6,class->block->function->type->specifier,
2,38,rectangle_java2.jpg,rectangle_java2.jpg,330858538,64,787.84125,550.9768750000001,775.5,549,62,21,height,6,class->block->function->name,
2,38,rectangle_java2.jpg,rectangle_java2.jpg,330966581,104,797.6946153846154,559.1515384615385,775.5,549,62,21,height,6,class->block->function->name,
2,38,rectangle_java2.jpg,rectangle_java2.jpg,331062609,60,828.2846666666667,304.6086666666667,737.5,295,91,21,Rectangle,9,class->block->constructor->name,
2,38,rectangle_java2.jpg,rectangle_java2.jpg,331062609,60,828.2846666666667,304.6086666666667,837.5,295,9,21,(,1,class->block->constructor->parameter_list,
2,38,rectangle_java2.jpg,rectangle_java2.jpg,331186638,76,801.6147368421052,286.8742105263158,737.5,295,91,21,Rectangle,9,class->block->constructor->name,
2,38,rectangle_java2.jpg,rectangle_java2.jpg,331362577,60,891.3226666666667,310.68333333333334,890.5,295,24,21,x1,2,class->block->constructor->parameter_list->parameter->decl->type->name,
2,38,rectangle_java2.jpg,rectangle_java2.jpg,331474534,108,893.9848148148149,306.5885185185185,890.5,295,24,21,x1,2,class->block->constructor->parameter_list->parameter->decl->type->name,
2,38,rectangle_java2.jpg,rectangle_java2.jpg,331634484,60,828.514,345.57533333333333,826.5,331,23,19,x1,2,class->block->constructor->block->block_content->expr_stmt->expr->name->name,
2,38,rectangle_java2.jpg,rectangle_java2.jpg,331854652,132,770.4090909090909,357.8509090909091,730.5,367,71,21,this.y1,7,class->block->constructor->block->block_content->expr_stmt->expr->name->name->operator->name,
2,38,rectangle_java2.jpg,rectangle_java2.jpg,332058533,64,819.7525,382.623125,806.5,367,15,21,=,1,class->block->constructor->block->block_content->expr_stmt->expr->operator,
2,38,rectangle_java2.jpg,rectangle_java2.jpg,332058533,64,819.7525,382.623125,826.5,367,23,21,y1,2,class->block->constructor->block->block_content->expr_stmt->expr->name->name,
2,38,rectangle_java2.jpg,rectangle_java2.jpg,332142596,80,824.64,387.898,826.5,367,23,21,y1,2,class->block->constructor->block->block_content->expr_stmt->expr->name->name,
2,38,rectangle_java2.jpg,rectangle_java2.jpg,332250637,104,821.2234615384615,366.085,806.5,367,15,21,=,1,class->block->constructor->block->block_content->expr_stmt->expr->operator,
2,38,rectangle_java2.jpg,rectangle_java2.jpg,332250637,104,821.2234615384615,366.085,826.5,367,23,21,y1,2,class->block->constructor->block->block_content->expr_stmt->expr->name->name,
2,38,rectangle_java2.jpg,rectangle_java2.jpg,332370518,80,832.9885,418.75700000000006,826.5,404,23,19,x2,2,class->block->constructor->block->block_content->expr_stmt->expr->name->name,
2,38,rectangle_java2.jpg,rectangle_java2.jpg,332546531,76,882.7726315789474,273.2805263157895,881.5,259,23,21,x2,2,class->block->decl_stmt->decl->name,
2,38,rectangle_java2.jpg,rectangle_java2.jpg,332610562,60,880.914,269.02666666666664,881.5,259,23,21,x2,2,class->block->decl_stmt->decl->name,
2,38,rectangle_java2.jpg,rectangle_java2.jpg,332818525,56,871.775,311.2657142857143,853.5,295,32,21,int,3,class->block->constructor->parameter_list->parameter->decl->type->name,
2,38,rectangle_java2.jpg,rectangle_java2.jpg,333066430,84,839.5076190476191,360.5514285714286,826.5,367,23,21,y1,2,class->block->constructor->block->block_content->expr_stmt->expr->name->name,
2,38,rectangle_java2.jpg,rectangle_java2.jpg,333298344,112,840.8439285714286,336.1303571428571,826.5,331,23,19,x1,2,class->block->constructor->block->block_content->expr_stmt->expr->name->name,
2,38,rectangle_java2.jpg,rectangle_java2.jpg,333510321,96,811.3429166666667,335.2633333333333,806.5,331,15,19,=,1,class->block->constructor->block->block_content->expr_stmt->expr->operator,
2,38,rectangle_java2.jpg,rectangle_java2.jpg,333622338,56,799.325,341.74285714285713,730.5,331,71,19,this.x1,7,class->block->constructor->block->block_content->expr_stmt->expr->name->name->operator->name,
2,38,rectangle_java2.jpg,rectangle_java2.jpg,333622338,56,799.325,341.74285714285713,806.5,331,15,19,=,1,class->block->constructor->block->block_content->expr_stmt->expr->operator,
2,38,rectangle_java2.jpg,rectangle_java2.jpg,333738360,80,791.429,327.395,730.5,331,71,19,this.x1,7,class->block->constructor->block->block_content->expr_stmt->expr->name->name->operator->name,
2,38,rectangle_java2.jpg,rectangle_java2.jpg,333862372,56,769.4957142857143,346.2442857142857,730.5,331,71,19,this.x1,7,class->block->constructor->block->block_content->expr_stmt->expr->name->name->operator->name,
2,38,rectangle_java2.jpg,rectangle_java2.jpg,334354268,76,817.2626315789474,358.6147368421053,806.5,367,15,21,=,1,class->block->constructor->block->block_content->expr_stmt->expr->operator,
2,38,rectangle_java2.jpg,rectangle_java2.jpg,334354268,76,817.2626315789474,358.6147368421053,826.5,367,23,21,y1,2,class->block->constructor->block->block_content->expr_stmt->expr->name->name,
2,38,rectangle_java2.jpg,rectangle_java2.jpg,334642376,228,839.089649122807,335.280350877193,826.5,331,23,19,x1,2,class->block->constructor->block->block_content->expr_stmt->expr->name->name,
2,38,rectangle_java2.jpg,rectangle_java2.jpg,334854104,132,759.6933333333334,242.8881818181818,715.5,222,90,21,Rectangle,9,class->name,
2,38,rectangle_java2.jpg,rectangle_java2.jpg,335106321,188,728.1002127659574,289.5,669.5,295,63,21,public,6,class->block->constructor->specifier,
2,38,rectangle_java2.jpg,rectangle_java2.jpg,335106321,188,728.1002127659574,289.5,737.5,295,91,21,Rectangle,9,class->block->constructor->name,
2,38,rectangle_java2.jpg,rectangle_java2.jpg,335358542,72,798.6272222222223,278.4533333333333,785.5,259,23,21,x1,2,class->block->decl_stmt->decl->name,
2,38,rectangle_java2.jpg,rectangle_java2.jpg,335422509,60,799.4426666666667,286.2493333333333,737.5,295,91,21,Rectangle,9,class->block->constructor->name,
2,38,rectangle_java2.jpg,rectangle_java2.jpg,335546309,72,669.185,238.33777777777777,657.5,222,52,21,class,5,class,
2,38,rectangle_java2.jpg,rectangle_java2.jpg,335922573,68,710.0094117647059,250.06,669.5,259,72,21,private,7,class->block->decl_stmt->decl->type->specifier,
2,38,rectangle_java2.jpg,rectangle_java2.jpg,336030598,104,715.0107692307693,247.7103846153846,669.5,259,72,21,private,7,class->block->decl_stmt->decl->type->specifier,
2,38,rectangle_java2.jpg,rectangle_java2.jpg,336114457,80,711.2315,233.37,715.5,222,90,21,Rectangle,9,class->name,
2,38,rectangle_java2.jpg,rectangle_java2.jpg,336338258,164,772.7219512195122,241.6990243902439,715.5,222,90,21,Rectangle,9,class->name,
2,38,rectangle_java2.jpg,rectangle_java2.jpg,336542253,200,764.1324,248.74080000000004,747.5,259,33,21,int,3,class->block->decl_stmt->decl->type->name,
2,38,rectangle_java2.jpg,rectangle_java2.jpg,336618163,72,767.5066666666667,252.3883333333333,747.5,259,33,21,int,3,class->block->decl_stmt->decl->type->name,
2,38,rectangle_java2.jpg,rectangle_java2.jpg,336829992,208,773.6463461538461,236.10538461538465,715.5,222,90,21,Rectangle,9,class->name,
2,38,rectangle_java2.jpg,rectangle_java2.jpg,336914029,56,854.915,259.0692857142857,833.5,259,23,21,y1,2,class->block->decl_stmt->decl->name,
2,38,rectangle_java2.jpg,rectangle_java2.jpg,336914029,56,854.915,259.0692857142857,863.5,259,10,21,"""","""",1,class->block->decl_stmt
2,38,rectangle_java2.jpg,rectangle_java2.jpg,337026074,108,861.1407407407407,264.8725925925926,863.5,259,10,21,"""","""",1,class->block->decl_stmt
2,38,rectangle_java2.jpg,rectangle_java2.jpg,337110081,80,896.6899999999999,260.1825,881.5,259,23,21,x2,2,class->block->decl_stmt->decl->name,
2,38,rectangle_java2.jpg,rectangle_java2.jpg,337202091,88,893.9436363636364,263.77454545454543,881.5,259,23,21,x2,2,class->block->decl_stmt->decl->name,
2,38,rectangle_java2.jpg,rectangle_java2.jpg,337430065,204,717.7998039215686,273.7545098039216,669.5,259,72,21,private,7,class->block->decl_stmt->decl->type->specifier,
2,38,rectangle_java2.jpg,rectangle_java2.jpg,337542066,108,720.1240740740741,282.6396296296296,669.5,295,63,21,public,6,class->block->constructor->specifier,
2,38,rectangle_java2.jpg,rectangle_java2.jpg,337630084,64,783.984375,277.474375,785.5,259,23,21,x1,2,class->block->decl_stmt->decl->name,
2,38,rectangle_java2.jpg,rectangle_java2.jpg,337702104,68,793.324705882353,272.8805882352941,785.5,259,23,21,x1,2,class->block->decl_stmt->decl->name,
2,38,rectangle_java2.jpg,rectangle_java2.jpg,338014098,88,710.78,528.7972727272727,669.5,512,63,21,public,6,class->block->function->type->specifier,
2,38,rectangle_java2.jpg,rectangle_java2.jpg,338078098,60,708.3766666666667,525.6746666666667,669.5,512,63,21,public,6,class->block->function->type->specifier,
2,38,rectangle_java2.jpg,rectangle_java2.jpg,338194097,56,783.9428571428572,524.3335714285714,775.5,512,53,21,width,5,class->block->function->name,
2,38,rectangle_java2.jpg,rectangle_java2.jpg,338254098,56,778.2992857142857,522.1157142857143,775.5,512,53,21,width,5,class->block->function->name,
2,38,rectangle_java2.jpg,rectangle_java2.jpg,338314099,56,778.475,500.9721428571429,775.5,512,53,21,width,5,class->block->function->name,
2,38,rectangle_java2.jpg,rectangle_java2.jpg,338374101,56,778.9121428571428,506.88,775.5,512,53,21,width,5,class->block->function->name,
2,38,rectangle_java2.jpg,rectangle_java2.jpg,338466077,88,782.5213636363636,500.64272727272726,775.5,512,53,21,width,5,class->block->function->name,
2,38,rectangle_java2.jpg,rectangle_java2.jpg,338609991,80,664.929,229.43600000000004,657.5,222,52,21,class,5,class,
2,38,rectangle_java2.jpg,rectangle_java2.jpg,338705963,92,663.4952173913043,209.77565217391304,657.5,222,52,21,class,5,class,
2,38,rectangle_java2.jpg,rectangle_java2.jpg,338873947,80,644.9884999999999,224.058,589.5,222,63,21,public,6,class->specifier,
2,38,rectangle_java2.jpg,rectangle_java2.jpg,339274004,72,706.6466666666666,242.6827777777778,657.5,222,52,21,class,5,class,
2,38,rectangle_java2.jpg,rectangle_java2.jpg,339274004,72,706.6466666666666,242.6827777777778,715.5,222,90,21,Rectangle,9,class->name,
2,38,rectangle_java2.jpg,rectangle_java2.jpg,339454060,144,760.2791666666667,223.28944444444448,715.5,222,90,21,Rectangle,9,class->name,
2,38,rectangle_java2.jpg,rectangle_java2.jpg,339590203,60,776.8626666666667,239.26,715.5,222,90,21,Rectangle,9,class->name,
2,38,rectangle_java2.jpg,rectangle_java2.jpg,339734078,68,751.435294117647,238.26882352941172,715.5,222,90,21,Rectangle,9,class->name,
2,38,rectangle_java2.jpg,rectangle_java2.jpg,339842010,104,750.8246153846154,239.2507692307693,715.5,222,90,21,Rectangle,9,class->name,
2,38,rectangle_java2.jpg,rectangle_java2.jpg,339954036,76,707.8484210526316,274.65263157894736,669.5,259,72,21,private,7,class->block->decl_stmt->decl->type->specifier,
2,38,rectangle_java2.jpg,rectangle_java2.jpg,340617617,412,784.5888349514563,273.37359223300973,785.5,259,23,21,x1,2,class->block->decl_stmt->decl->name,
2,38,rectangle_java2.jpg,rectangle_java2.jpg,340765761,144,791.4805555555556,265.69916666666666,785.5,259,23,21,x1,2,class->block->decl_stmt->decl->name,
2,38,rectangle_java2.jpg,rectangle_java2.jpg,340890039,84,721.6409523809524,312.50142857142856,669.5,295,63,21,public,6,class->block->constructor->specifier,
2,38,rectangle_java2.jpg,rectangle_java2.jpg,340974294,80,720.4235,287.8185,669.5,295,63,21,public,6,class->block->constructor->specifier,
2,38,rectangle_java2.jpg,rectangle_java2.jpg,341070285,92,716.3339130434782,271.3226086956521,669.5,259,72,21,private,7,class->block->decl_stmt->decl->type->specifier,
2,38,rectangle_java2.jpg,rectangle_java2.jpg,341154079,80,720.4765,284.0895,669.5,295,63,21,public,6,class->block->constructor->specifier,
2,38,rectangle_java2.jpg,rectangle_java2.jpg,341549831,76,777.8273684210526,296.56052631578945,737.5,295,91,21,Rectangle,9,class->block->constructor->name,
2,38,rectangle_java2.jpg,rectangle_java2.jpg,341709970,156,789.271282051282,298.50897435897434,737.5,295,91,21,Rectangle,9,class->block->constructor->name,
2,38,rectangle_java2.jpg,rectangle_java2.jpg,341790133,76,794.7357894736842,302.99631578947367,737.5,295,91,21,Rectangle,9,class->block->constructor->name,
2,38,rectangle_java2.jpg,rectangle_java2.jpg,341953914,160,804.08175,285.59625,737.5,295,91,21,Rectangle,9,class->block->constructor->name,
2,38,rectangle_java2.jpg,rectangle_java2.jpg,342077797,92,757.408695652174,293.0760869565217,737.5,295,91,21,Rectangle,9,class->block->constructor->name,
2,38,rectangle_java2.jpg,rectangle_java2.jpg,342169813,88,762.8086363636363,299.5668181818182,737.5,295,91,21,Rectangle,9,class->block->constructor->name,
2,38,rectangle_java2.jpg,rectangle_java2.jpg,342269792,96,758.0195833333333,293.5570833333333,737.5,295,91,21,Rectangle,9,class->block->constructor->name,
2,38,rectangle_java2.jpg,rectangle_java2.jpg,342437611,112,785.0532142857143,301.66857142857145,737.5,295,91,21,Rectangle,9,class->block->constructor->name,
2,38,rectangle_java2.jpg,rectangle_java2.jpg,342521585,80,783.378,295.2115,737.5,295,91,21,Rectangle,9,class->block->constructor->name,
2,38,rectangle_java2.jpg,rectangle_java2.jpg,342805716,236,895.7330508474577,297.70186440677963,890.5,295,24,21,x1,2,class->block->constructor->parameter_list->parameter->decl->type->name,
2,38,rectangle_java2.jpg,rectangle_java2.jpg,342961738,112,830.2489285714286,254.59785714285715,833.5,259,23,21,y1,2,class->block->decl_stmt->decl->name,
2,38,rectangle_java2.jpg,rectangle_java2.jpg,343201718,156,802.7866666666666,222.60179487179488,715.5,222,90,21,Rectangle,9,class->name,
2,38,rectangle_java2.jpg,rectangle_java2.jpg,343201718,156,802.7866666666666,222.60179487179488,813.5,222,10,21,{,1,class->block,
2,38,rectangle_java2.jpg,rectangle_java2.jpg,343425581,144,751.6744444444445,221.10888888888888,715.5,222,90,21,Rectangle,9,class->name,
2,38,rectangle_java2.jpg,rectangle_java2.jpg,343517622,88,748.2622727272727,223.36227272727277,715.5,222,90,21,Rectangle,9,class->name,
2,38,rectangle_java2.jpg,rectangle_java2.jpg,343713726,136,663.1985294117648,225.9314705882353,657.5,222,52,21,class,5,class,
2,38,rectangle_java2.jpg,rectangle_java2.jpg,344101646,64,674.2875,517.1125,669.5,512,63,21,public,6,class->block->function->type->specifier,
2,38,rectangle_java2.jpg,rectangle_java2.jpg,344265629,160,670.64725,509.006,669.5,512,63,21,public,6,class->block->function->type->specifier,
2,38,rectangle_java2.jpg,rectangle_java2.jpg,344445634,176,669.7093181818182,501.9295454545454,669.5,512,63,21,public,6,class->block->function->type->specifier,
2,38,rectangle_java2.jpg,rectangle_java2.jpg,344697593,76,697.7073684210526,220.75263157894733,657.5,222,52,21,class,5,class,
2,38,rectangle_java2.jpg,rectangle_java2.jpg,344941615,128,638.275,220.2559375,589.5,222,63,21,public,6,class->specifier,
2,38,rectangle_java2.jpg,rectangle_java2.jpg,345021629,76,634.4542105263158,218.70157894736843,589.5,222,63,21,public,6,class->specifier,
2,38,rectangle_java2.jpg,rectangle_java2.jpg,345189594,124,689.9290322580645,217.69806451612905,657.5,222,52,21,class,5,class,
2,38,rectangle_java2.jpg,rectangle_java2.jpg,345253577,60,677.8173333333333,210.338,657.5,222,52,21,class,5,class,
2,38,rectangle_java2.jpg,rectangle_java2.jpg,345417572,68,765.3282352941177,213.57,715.5,222,90,21,Rectangle,9,class->name,
2,38,rectangle_java2.jpg,rectangle_java2.jpg,345481578,60,767.8526666666667,218.868,715.5,222,90,21,Rectangle,9,class->name,
2,38,rectangle_java2.jpg,rectangle_java2.jpg,345725581,116,760.0768965517242,218.6986206896552,715.5,222,90,21,Rectangle,9,class->name,
2,38,rectangle_java2.jpg,rectangle_java2.jpg,345897576,168,775.4895238095238,225.2135714285714,715.5,222,90,21,Rectangle,9,class->name,
2,38,rectangle_java2.jpg,rectangle_java2.jpg,345985585,84,784.734761904762,232.20714285714288,715.5,222,90,21,Rectangle,9,class->name,
2,38,rectangle_java2.jpg,rectangle_java2.jpg,346229497,88,806.0868181818182,229.16318181818176,813.5,222,10,21,{,1,class->block,
2,38,rectangle_java2.jpg,rectangle_java2.jpg,346329407,60,829.2513333333333,262.1673333333333,833.5,259,23,21,y1,2,class->block->decl_stmt->decl->name,
2,38,rectangle_java2.jpg,rectangle_java2.jpg,346537405,160,713.821,272.133,669.5,259,72,21,private,7,class->block->decl_stmt->decl->type->specifier,
2,38,rectangle_java2.jpg,rectangle_java2.jpg,346657421,116,702.4265517241379,282.57241379310346,669.5,295,63,21,public,6,class->block->constructor->specifier,
2,38,rectangle_java2.jpg,rectangle_java2.jpg,346929385,120,769.7116666666667,315.69666666666666,737.5,295,91,21,Rectangle,9,class->block->constructor->name,
2,38,rectangle_java2.jpg,rectangle_java2.jpg,347049392,72,785.3411111111111,288.1083333333333,737.5,295,91,21,Rectangle,9,class->block->constructor->name,
2,38,rectangle_java2.jpg,rectangle_java2.jpg,347197395,56,785.88,268.0521428571428,785.5,259,23,21,x1,2,class->block->decl_stmt->decl->name,
2,38,rectangle_java2.jpg,rectangle_java2.jpg,347441317,56,667.1278571428571,239.13071428571425,657.5,222,52,21,class,5,class,
2,38,rectangle_java2.jpg,rectangle_java2.jpg,347517308,72,657.1355555555556,232.4738888888889,657.5,222,52,21,class,5,class,
2,38,rectangle_java2.jpg,rectangle_java2.jpg,347845450,112,703.3364285714285,249.94107142857143,669.5,259,72,21,private,7,class->block->decl_stmt->decl->type->specifier,
2,38,rectangle_java2.jpg,rectangle_java2.jpg,347985493,136,703.6214705882353,259.1988235294117,669.5,259,72,21,private,7,class->block->decl_stmt->decl->type->specifier,
2,38,rectangle_java2.jpg,rectangle_java2.jpg,348185193,172,750.2788372093023,254.59906976744185,747.5,259,33,21,int,3,class->block->decl_stmt->decl->type->name,
2,38,rectangle_java2.jpg,rectangle_java2.jpg,348297229,108,752.0877777777778,257.91370370370373,747.5,259,33,21,int,3,class->block->decl_stmt->decl->type->name,
2,38,rectangle_java2.jpg,rectangle_java2.jpg,348373280,72,768.775,253.74277777777772,747.5,259,33,21,int,3,class->block->decl_stmt->decl->type->name,
2,38,rectangle_java2.jpg,rectangle_java2.jpg,348545315,168,772.7828571428571,251.7833333333333,747.5,259,33,21,int,3,class->block->decl_stmt->decl->type->name,
2,38,rectangle_java2.jpg,rectangle_java2.jpg,348713293,164,769.5075609756097,261.5682926829268,747.5,259,33,21,int,3,class->block->decl_stmt->decl->type->name,
2,38,rectangle_java2.jpg,rectangle_java2.jpg,348833269,76,703.2010526315789,313.6384210526316,669.5,295,63,21,public,6,class->block->constructor->specifier,
2,38,rectangle_java2.jpg,rectangle_java2.jpg,348973265,68,711.2994117647058,295.6129411764706,669.5,295,63,21,public,6,class->block->constructor->specifier,
2,38,rectangle_java2.jpg,rectangle_java2.jpg,349113255,136,716.5244117647059,294.6226470588236,669.5,295,63,21,public,6,class->block->constructor->specifier,
2,38,rectangle_java2.jpg,rectangle_java2.jpg,349265264,128,778.70375,295.613125,737.5,295,91,21,Rectangle,9,class->block->constructor->name,
2,38,rectangle_java2.jpg,rectangle_java2.jpg,349421288,152,786.6005263157895,297.1697368421053,737.5,295,91,21,Rectangle,9,class->block->constructor->name,
2,38,rectangle_java2.jpg,rectangle_java2.jpg,349537285,72,812.7572222222223,292.87111111111113,737.5,295,91,21,Rectangle,9,class->block->constructor->name,
2,38,rectangle_java2.jpg,rectangle_java2.jpg,349681285,140,806.3754285714285,276.26885714285714,785.5,259,23,21,x1,2,class->block->decl_stmt->decl->name,
2,38,rectangle_java2.jpg,rectangle_java2.jpg,349681285,140,806.3754285714285,276.26885714285714,815.5,259,10,21,"""","""",1,class->block->decl_stmt
2,38,rectangle_java2.jpg,rectangle_java2.jpg,349877249,168,855.3907142857142,272.285,833.5,259,23,21,y1,2,class->block->decl_stmt->decl->name,
2,38,rectangle_java2.jpg,rectangle_java2.jpg,349877249,168,855.3907142857142,272.285,863.5,259,10,21,"""","""",1,class->block->decl_stmt
2,38,rectangle_java2.jpg,rectangle_java2.jpg,349945210,64,850.5925,267.3825,833.5,259,23,21,y1,2,class->block->decl_stmt->decl->name,
2,38,rectangle_java2.jpg,rectangle_java2.jpg,350345112,196,894.1585714285715,276.4079591836735,881.5,259,23,21,x2,2,class->block->decl_stmt->decl->name,
2,38,rectangle_java2.jpg,rectangle_java2.jpg,350437110,88,888.5886363636364,279.06136363636364,881.5,259,23,21,x2,2,class->block->decl_stmt->decl->name,
2,38,rectangle_java2.jpg,rectangle_java2.jpg,350545120,104,894.3011538461539,270.36346153846154,881.5,259,23,21,x2,2,class->block->decl_stmt->decl->name,
2,38,rectangle_java2.jpg,rectangle_java2.jpg,350621124,72,887.5444444444445,273.2966666666667,881.5,259,23,21,x2,2,class->block->decl_stmt->decl->name,
2,38,rectangle_java2.jpg,rectangle_java2.jpg,350773086,112,937.5125,277.2625,929.5,259,23,21,y2,2,class->block->decl_stmt->decl->name,
2,38,rectangle_java2.jpg,rectangle_java2.jpg,351069154,68,904.8311764705884,285.98764705882354,890.5,295,24,21,x1,2,class->block->constructor->parameter_list->parameter->decl->type->name,
2,38,rectangle_java2.jpg,rectangle_java2.jpg,351129157,56,904.6428571428572,276.54285714285714,911.5,259,10,21,"""","""",1,class->block->decl_stmt
2,38,rectangle_java2.jpg,rectangle_java2.jpg,351333164,148,939.0010810810812,273.12891891891894,929.5,259,23,21,y2,2,class->block->decl_stmt->decl->name,
2,38,rectangle_java2.jpg,rectangle_java2.jpg,351405167,68,936.1870588235296,276.9335294117647,929.5,259,23,21,y2,2,class->block->decl_stmt->decl->name,
2,38,rectangle_java2.jpg,rectangle_java2.jpg,351581310,104,732.6415384615385,293.4419230769231,737.5,295,91,21,Rectangle,9,class->block->constructor->name,
2,38,rectangle_java2.jpg,rectangle_java2.jpg,351797153,160,708.20125,298.474,669.5,295,63,21,public,6,class->block->constructor->specifier,
2,38,rectangle_java2.jpg,rectangle_java2.jpg,352024826,68,769.5170588235294,300.96,737.5,295,91,21,Rectangle,9,class->block->constructor->name,
2,38,rectangle_java2.jpg,rectangle_java2.jpg,352100889,72,768.145,303.49055555555555,737.5,295,91,21,Rectangle,9,class->block->constructor->name,
2,38,rectangle_java2.jpg,rectangle_java2.jpg,352361021,112,804.3953571428572,304.4603571428572,737.5,295,91,21,Rectangle,9,class->block->constructor->name,
2,38,rectangle_java2.jpg,rectangle_java2.jpg,352513085,80,873.7265,303.4755,853.5,295,32,21,int,3,class->block->constructor->parameter_list->parameter->decl->type->name,
2,38,rectangle_java2.jpg,rectangle_java2.jpg,352645116,84,876.4595238095238,303.09190476190474,853.5,295,32,21,int,3,class->block->constructor->parameter_list->parameter->decl->type->name,
2,38,rectangle_java2.jpg,rectangle_java2.jpg,352761059,76,903.252105263158,301.39736842105265,890.5,295,24,21,x1,2,class->block->constructor->parameter_list->parameter->decl->type->name,
2,38,rectangle_java2.jpg,rectangle_java2.jpg,352857039,92,906.7878260869566,298.5504347826087,890.5,295,24,21,x1,2,class->block->constructor->parameter_list->parameter->decl->type->name,
2,38,rectangle_java2.jpg,rectangle_java2.jpg,352933058,72,898.8872222222222,303.315,890.5,295,24,21,x1,2,class->block->constructor->parameter_list->parameter->decl->type->name,
2,38,rectangle_java2.jpg,rectangle_java2.jpg,353229042,144,969.6738888888888,315.1436111111111,939.5,295,33,21,int,3,class->block->constructor->parameter_list->parameter->decl->type->name,
2,38,rectangle_java2.jpg,rectangle_java2.jpg,353229042,144,969.6738888888888,315.1436111111111,977.5,295,23,21,y1,2,class->block->constructor->parameter_list->parameter->decl->type->name,
2,38,rectangle_java2.jpg,rectangle_java2.jpg,353393044,56,956.8414285714284,310.25142857142856,939.5,295,33,21,int,3,class->block->constructor->parameter_list->parameter->decl->type->name,
2,38,rectangle_java2.jpg,rectangle_java2.jpg,353581030,96,991.0025,306.45958333333334,977.5,295,23,21,y1,2,class->block->constructor->parameter_list->parameter->decl->type->name,
2,38,rectangle_java2.jpg,rectangle_java2.jpg,353956801,160,1053.53225,301.58725,1025.5,295,33,21,int,3,class->block->constructor->parameter_list->parameter->decl->type->name,
2,38,rectangle_java2.jpg,rectangle_java2.jpg,353956801,160,1053.53225,301.58725,1063.5,295,23,21,x2,2,class->block->constructor->parameter_list->parameter->decl->type->name,
2,38,rectangle_java2.jpg,rectangle_java2.jpg,354112804,56,796.095,349.47857142857146,730.5,331,71,19,this.x1,7,class->block->constructor->block->block_content->expr_stmt->expr->name->name->operator->name,
2,38,rectangle_java2.jpg,rectangle_java2.jpg,354112804,56,796.095,349.47857142857146,806.5,331,15,19,=,1,class->block->constructor->block->block_content->expr_stmt->expr->operator,
2,38,rectangle_java2.jpg,rectangle_java2.jpg,354176831,60,800.186,355.44933333333336,730.5,367,71,21,this.y1,7,class->block->constructor->block->block_content->expr_stmt->expr->name->name->operator->name,
2,38,rectangle_java2.jpg,rectangle_java2.jpg,354176831,60,800.186,355.44933333333336,806.5,367,15,21,=,1,class->block->constructor->block->block_content->expr_stmt->expr->operator,
2,38,rectangle_java2.jpg,rectangle_java2.jpg,354384867,180,765.3971111111111,340.4822222222222,730.5,331,71,19,this.x1,7,class->block->constructor->block->block_content->expr_stmt->expr->name->name->operator->name,
2,38,rectangle_java2.jpg,rectangle_java2.jpg,354456873,68,769.5864705882353,336.0470588235294,730.5,331,71,19,this.x1,7,class->block->constructor->block->block_content->expr_stmt->expr->name->name->operator->name,
2,38,rectangle_java2.jpg,rectangle_java2.jpg,354768922,136,791.209705882353,343.2258823529412,730.5,331,71,19,this.x1,7,class->block->constructor->block->block_content->expr_stmt->expr->name->name->operator->name,
2,38,rectangle_java2.jpg,rectangle_java2.jpg,354828937,56,789.2392857142858,344.12071428571426,730.5,331,71,19,this.x1,7,class->block->constructor->block->block_content->expr_stmt->expr->name->name->operator->name,
2,38,rectangle_java2.jpg,rectangle_java2.jpg,354976980,84,841.3957142857142,336.42857142857144,826.5,331,23,19,x1,2,class->block->constructor->block->block_content->expr_stmt->expr->name->name,
2,38,rectangle_java2.jpg,rectangle_java2.jpg,355037006,56,843.9028571428571,329.3721428571429,826.5,331,23,19,x1,2,class->block->constructor->block->block_content->expr_stmt->expr->name->name,
2,38,rectangle_java2.jpg,rectangle_java2.jpg,355113029,72,835.9022222222222,339.55333333333334,826.5,331,23,19,x1,2,class->block->constructor->block->block_content->expr_stmt->expr->name->name,
2,38,rectangle_java2.jpg,rectangle_java2.jpg,355193010,76,847.5289473684211,327.2057894736842,826.5,331,23,19,x1,2,class->block->constructor->block->block_content->expr_stmt->expr->name->name,
2,38,rectangle_java2.jpg,rectangle_java2.jpg,355193010,76,847.5289473684211,327.2057894736842,856.5,331,10,19,;,1,class->block->constructor->block->block_content->expr_stmt,
2,38,rectangle_java2.jpg,rectangle_java2.jpg,355396906,76,798.1042105263158,330.6426315789474,730.5,331,71,19,this.x1,7,class->block->constructor->block->block_content->expr_stmt->expr->name->name->operator->name,
2,38,rectangle_java2.jpg,rectangle_java2.jpg,355396906,76,798.1042105263158,330.6426315789474,806.5,331,15,19,=,1,class->block->constructor->block->block_content->expr_stmt->expr->operator,
2,38,rectangle_java2.jpg,rectangle_java2.jpg,355532897,68,754.2376470588235,331.03823529411767,730.5,331,71,19,this.x1,7,class->block->constructor->block->block_content->expr_stmt->expr->name->name->operator->name,
2,38,rectangle_java2.jpg,rectangle_java2.jpg,355752804,216,751.6375925925926,341.80425925925925,730.5,331,71,19,this.x1,7,class->block->constructor->block->block_content->expr_stmt->expr->name->name->operator->name,
2,38,rectangle_java2.jpg,rectangle_java2.jpg,355840788,56,766.6357142857142,381.6192857142857,730.5,367,71,21,this.y1,7,class->block->constructor->block->block_content->expr_stmt->expr->name->name->operator->name,
2,38,rectangle_java2.jpg,rectangle_java2.jpg,355936786,92,762.5856521739131,383.1304347826087,730.5,367,71,21,this.y1,7,class->block->constructor->block->block_content->expr_stmt->expr->name->name->operator->name,
2,38,rectangle_java2.jpg,rectangle_java2.jpg,356132758,152,780.8473684210527,376.5228947368421,730.5,367,71,21,this.y1,7,class->block->constructor->block->block_content->expr_stmt->expr->name->name->operator->name,
2,38,rectangle_java2.jpg,rectangle_java2.jpg,356304768,56,841.1492857142857,366.64,826.5,367,23,21,y1,2,class->block->constructor->block->block_content->expr_stmt->expr->name->name,
2,38,rectangle_java2.jpg,rectangle_java2.jpg,356428818,88,831.9336363636363,360.4677272727273,826.5,367,23,21,y1,2,class->block->constructor->block->block_content->expr_stmt->expr->name->name,
2,38,rectangle_java2.jpg,rectangle_java2.jpg,356557003,56,834.1114285714286,432.525,826.5,440,23,21,y2,2,class->block->constructor->block->block_content->expr_stmt->expr->name->name,
2,38,rectangle_java2.jpg,rectangle_java2.jpg,357032772,56,660.7142857142857,480.7457142857143,672.5,478,10,18,},1,class->block->constructor->block,
2,38,rectangle_java2.jpg,rectangle_java2.jpg,357104767,68,670.435294117647,492.54294117647055,672.5,478,10,18,},1,class->block->constructor->block,
2,38,rectangle_java2.jpg,rectangle_java2.jpg,357472726,64,773.596875,513.631875,775.5,512,53,21,width,5,class->block->function->name,
2,38,rectangle_java2.jpg,rectangle_java2.jpg,357644666,80,794.7845,501.5225,775.5,512,53,21,width,5,class->block->function->name,
2,38,rectangle_java2.jpg,rectangle_java2.jpg,358376628,68,794.0688235294118,500.4741176470589,775.5,512,53,21,width,5,class->block->function->name,
2,38,rectangle_java2.jpg,rectangle_java2.jpg,359492457,80,707.363,530.853,669.5,512,63,21,public,6,class->block->function->type->specifier,
2,38,rectangle_java2.jpg,rectangle_java2.jpg,359608334,112,709.8842857142857,527.3157142857143,669.5,512,63,21,public,6,class->block->function->type->specifier,
2,38,rectangle_java2.jpg,rectangle_java2.jpg,359704414,92,694.2234782608696,519.2795652173913,669.5,512,63,21,public,6,class->block->function->type->specifier,
2,38,rectangle_java2.jpg,rectangle_java2.jpg,359772474,64,693.74375,519.865,669.5,512,63,21,public,6,class->block->function->type->specifier,
2,38,rectangle_java2.jpg,rectangle_java2.jpg,359864513,80,780.1610000000001,524.0375,775.5,512,53,21,width,5,class->block->function->name,
2,38,rectangle_java2.jpg,rectangle_java2.jpg,359980526,112,768.3553571428572,522.8821428571429,737.5,512,33,21,int,3,class->block->function->type->name,
2,38,rectangle_java2.jpg,rectangle_java2.jpg,359980526,112,768.3553571428572,522.8821428571429,775.5,512,53,21,width,5,class->block->function->name,
2,38,rectangle_java2.jpg,rectangle_java2.jpg,360276497,64,914.696875,512.5625,891.5,512,62,21,return,6,class->block->function->block->block_content->return->expr->name->name,
2,38,rectangle_java2.jpg,rectangle_java2.jpg,360540479,104,794.6715384615385,510.26461538461535,775.5,512,53,21,width,5,class->block->function->name,
2,38,rectangle_java2.jpg,rectangle_java2.jpg,361612414,68,1095.1852941176471,536.9770588235294,1064.5,549,71,21,this.y1,7,class->block->function->block->block_content->return->expr->name->name->operator->name,
2,38,rectangle_java2.jpg,rectangle_java2.jpg,362476416,68,984.900588235294,500.9076470588236,958.5,512,71,21,this.x2,7,class->block->function->block->block_content->return->expr->name->name->operator->name->operator,
2,38,rectangle_java2.jpg,rectangle_java2.jpg,362760373,104,832.6107692307692,514.1773076923077,837.5,512,9,21,(,1,class->block->function->parameter_list,
2,38,rectangle_java2.jpg,rectangle_java2.jpg,363224322,56,718.005,621.7971428571428,669.5,621,63,21,public,6,class->block->function->type->specifier,
2,38,rectangle_java2.jpg,rectangle_java2.jpg,363416181,64,672.0625,572.57,669.5,585,63,21,public,6,class->block->function->type->specifier,
2,38,rectangle_java2.jpg,rectangle_java2.jpg,363492304,72,676.9838888888889,582.5683333333334,669.5,585,63,21,public,6,class->block->function->type->specifier,
2,38,rectangle_java2.jpg,rectangle_java2.jpg,363672425,88,687.0795454545455,559.574090909091,669.5,549,63,21,public,6,class->block->function->type->specifier,
2,38,rectangle_java2.jpg,rectangle_java2.jpg,363748300,72,686.2011111111111,550.1266666666667,669.5,549,63,21,public,6,class->block->function->type->specifier,
2,38,rectangle_java2.jpg,rectangle_java2.jpg,364008212,100,762.5832,573.6196,737.5,585,62,21,double,6,class->block->function->type->name,
2,38,rectangle_java2.jpg,rectangle_java2.jpg,364260253,80,816.412,562.3815,775.5,549,62,21,height,6,class->block->function->name,
2,38,rectangle_java2.jpg,rectangle_java2.jpg,364524280,72,795.9288888888889,527.6105555555555,775.5,512,53,21,width,5,class->block->function->name,
2,38,rectangle_java2.jpg,rectangle_java2.jpg,365412020,60,1049.6253333333334,563.418,1045.5,549,13,21,-,1,class->block->function->block->block_content->return->expr->operator,
2,38,rectangle_java2.jpg,rectangle_java2.jpg,368655593,56,779.2757142857143,661.6364285714286,730.5,658,91,20,Rectangle,9,class->block->function->block->block_content->decl_stmt->decl->type->name,
2,38,rectangle_java2.jpg,rectangle_java2.jpg,368743803,84,774.1628571428571,665.6385714285715,730.5,658,91,20,Rectangle,9,class->block->function->block->block_content->decl_stmt->decl->type->name,
2,38,rectangle_java2.jpg,rectangle_java2.jpg,369107908,60,857.7566666666667,670.5346666666667,826.5,658,52,20,rect1,5,class->block->function->block->block_content->decl_stmt->decl->name,
2,38,rectangle_java2.jpg,rectangle_java2.jpg,369547915,56,930.9685714285714,674.1871428571428,902.5,658,34,20,new,3,class->block->function->block->block_content->decl_stmt->decl->init->expr->operator,
2,38,rectangle_java2.jpg,rectangle_java2.jpg,369547915,56,930.9685714285714,674.1871428571428,941.5,658,91,20,Rectangle,9,class->block->function->block->block_content->decl_stmt->decl->init->expr->call->name,
2,38,rectangle_java2.jpg,rectangle_java2.jpg,369643870,92,925.944347826087,681.7839130434783,932.5,694,100,21,rect1.area,10,class->block->function->block->block_content->expr_stmt->expr->call->argument_list->argument->expr->call->name->name->operator->name,
2,38,rectangle_java2.jpg,rectangle_java2.jpg,370291953,112,778.8471428571429,720.9542857142857,730.5,731,91,20,Rectangle,9,class->block->function->block->block_content->decl_stmt->decl->type->name,
2,38,rectangle_java2.jpg,rectangle_java2.jpg,370523833,76,764.2905263157895,725.9063157894736,730.5,731,91,20,Rectangle,9,class->block->function->block->block_content->decl_stmt->decl->type->name,
2,38,rectangle_java2.jpg,rectangle_java2.jpg,371516210,68,968.1923529411764,741.36,941.5,731,91,20,Rectangle,9,class->block->function->block->block_content->decl_stmt->decl->init->expr->call->name,
2,38,rectangle_java2.jpg,rectangle_java2.jpg,373095582,60,1003.462,760.86,932.5,766,100,21,rect2.area,10,class->block->function->block->block_content->expr_stmt->expr->call->argument_list->argument->expr->call->name->name->operator->name,
2,38,rectangle_java2.jpg,rectangle_java2.jpg,373171631,72,998.3961111111112,746.7772222222222,941.5,731,91,20,Rectangle,9,class->block->function->block->block_content->decl_stmt->decl->init->expr->call->name,
2,38,rectangle_java2.jpg,rectangle_java2.jpg,373519530,56,748.9221428571428,784.0535714285714,730.5,766,177,21,System.out.println,18,class->block->function->block->block_content->expr_stmt->expr->call->name->name->operator->name->operator->name,
2,38,rectangle_java2.jpg,rectangle_java2.jpg,373651545,56,742.0014285714286,756.0214285714286,730.5,766,177,21,System.out.println,18,class->block->function->block->block_content->expr_stmt->expr->call->name->name->operator->name->operator->name,
2,38,rectangle_java2.jpg,rectangle_java2.jpg,373783534,72,758.515,765.8944444444444,730.5,766,177,21,System.out.println,18,class->block->function->block->block_content->expr_stmt->expr->call->name->name->operator->name->operator->name,
2,38,rectangle_java2.jpg,rectangle_java2.jpg,374475535,108,811.1018518518518,623.3925925925926,804.5,621,44,21,void,4,class->block->function->type->name,
2,38,rectangle_java2.jpg,rectangle_java2.jpg,374591561,112,809.2864285714286,626.5475,804.5,621,44,21,void,4,class->block->function->type->name,
2,38,rectangle_java2.jpg,rectangle_java2.jpg,374906940,112,825.7032142857142,357.5917857142857,826.5,367,23,21,y1,2,class->block->constructor->block->block_content->expr_stmt->expr->name->name,
2,38,rectangle_java2.jpg,rectangle_java2.jpg,374967085,56,822.8692857142858,345.07714285714286,826.5,331,23,19,x1,2,class->block->constructor->block->block_content->expr_stmt->expr->name->name,
2,38,rectangle_java2.jpg,rectangle_java2.jpg,375587445,132,713.1584848484848,241.18454545454543,715.5,222,90,21,Rectangle,9,class->name,
2,38,rectangle_java2.jpg,rectangle_java2.jpg,375803390,128,719.48625,719.2590625,730.5,731,91,20,Rectangle,9,class->block->function->block->block_content->decl_stmt->decl->type->name,
2,38,rectangle_java2.jpg,rectangle_java2.jpg,377075329,100,886.8688,625.2908,851.5,621,44,21,main,4,class->block->function->name,
2,38,rectangle_java2.jpg,rectangle_java2.jpg,379371122,116,855.1003448275862,518.2048275862069,854.5,512,9,21,),1,class->block->function->parameter_list,
2,38,rectangle_java2.jpg,rectangle_java2.jpg,379667217,176,722.8370454545454,542.4425,669.5,549,63,21,public,6,class->block->function->type->specifier,
2,38,rectangle_java2.jpg,rectangle_java2.jpg,380383061,72,862.4622222222222,759.0894444444444,730.5,766,177,21,System.out.println,18,class->block->function->block->block_content->expr_stmt->expr->call->name->name->operator->name->operator->name,
2,38,rectangle_java2.jpg,rectangle_java2.jpg,380463046,76,856.4852631578947,754.8563157894737,730.5,766,177,21,System.out.println,18,class->block->function->block->block_content->expr_stmt->expr->call->name->name->operator->name->operator->name,
2,38,rectangle_java2.jpg,rectangle_java2.jpg,380551091,84,859.5066666666667,748.4852380952381,826.5,731,51,20,rect2,5,class->block->function->block->block_content->decl_stmt->decl->name,
2,38,rectangle_java2.jpg,rectangle_java2.jpg,381030973,200,946.4292,773.0636,932.5,766,100,21,rect2.area,10,class->block->function->block->block_content->expr_stmt->expr->call->argument_list->argument->expr->call->name->name->operator->name,
2,38,rectangle_java2.jpg,rectangle_java2.jpg,382095014,92,836.2178260869565,439.2539130434782,826.5,440,23,21,y2,2,class->block->constructor->block->block_content->expr_stmt->expr->name->name,
2,38,rectangle_java2.jpg,rectangle_java2.jpg,382215021,116,823.0231034482758,447.2110344827586,826.5,440,23,21,y2,2,class->block->constructor->block->block_content->expr_stmt->expr->name->name,
2,38,rectangle_java2.jpg,rectangle_java2.jpg,383327003,164,762.0443902439024,712.4263414634146,730.5,694,177,21,System.out.println,18,class->block->function->block->block_content->expr_stmt->expr->call->name->name->operator->name->operator->name,
2,38,rectangle_java2.jpg,rectangle_java2.jpg,383547024,148,830.714054054054,396.7167567567568,826.5,404,23,19,x2,2,class->block->constructor->block->block_content->expr_stmt->expr->name->name,
