trial,participant,code_file,code_language,timestamp,duration,x_cord,y_cord,aoi_x,aoi_y,aoi_width,aoi_height,token,length,srcML
2,90,rectangle_java2.jpg,rectangle_java2.jpg,3756718101,60,1241.1453333333334,581.1213333333334,1140.5,585,110,21,this.height,11,class->block->function->block->block_content->return->expr->call->name->name->operator->name
2,90,rectangle_java2.jpg,rectangle_java2.jpg,3756814186,56,1227.3221428571428,589.9864285714285,1140.5,585,110,21,this.height,11,class->block->function->block->block_content->return->expr->call->name->name->operator->name
2,90,rectangle_java2.jpg,rectangle_java2.jpg,3756878177,60,1254.993333333333,584.3833333333333,1259.5,585,9,21,(,1,class->block->function->block->block_content->return->expr->call->argument_list
2,90,rectangle_java2.jpg,rectangle_java2.jpg,3757026173,144,1262.0769444444445,588.1130555555555,1259.5,585,9,21,(,1,class->block->function->block->block_content->return->expr->call->argument_list
2,90,rectangle_java2.jpg,rectangle_java2.jpg,3757218284,80,1257.047,588.6795,1259.5,585,9,21,(,1,class->block->function->block->block_content->return->expr->call->argument_list
