trial,participant,code_file,code_language,timestamp,duration,x_cord,y_cord,aoi_x,aoi_y,aoi_width,aoi_height,token,length,srcML,
2,96,rectangle_java2.jpg,rectangle_java2.jpg,12290679756,260,751.7221538461538,230.158,715.5,222,90,21,Rectangle,9,class->name,
2,96,rectangle_java2.jpg,rectangle_java2.jpg,12290783788,100,772.8444,222.3516,715.5,222,90,21,Rectangle,9,class->name,
2,96,rectangle_java2.jpg,rectangle_java2.jpg,12291403933,80,735.429,232.673,715.5,222,90,21,Rectangle,9,class->name,
2,96,rectangle_java2.jpg,rectangle_java2.jpg,12291491906,84,737.4128571428572,231.66238095238091,715.5,222,90,21,Rectangle,9,class->name,
2,96,rectangle_java2.jpg,rectangle_java2.jpg,12291695817,128,775.3896875,228.6146875,715.5,222,90,21,Rectangle,9,class->name,
2,96,rectangle_java2.jpg,rectangle_java2.jpg,12291763796,64,778.544375,238.888125,715.5,222,90,21,Rectangle,9,class->name,
2,96,rectangle_java2.jpg,rectangle_java2.jpg,12291907792,140,796.2897142857142,229.25971428571427,715.5,222,90,21,Rectangle,9,class->name,
2,96,rectangle_java2.jpg,rectangle_java2.jpg,12293579563,184,718.51,215.3852173913043,715.5,222,90,21,Rectangle,9,class->name,
2,96,rectangle_java2.jpg,rectangle_java2.jpg,12293755622,156,734.8153846153846,284.22282051282053,737.5,295,91,21,Rectangle,9,class->block->constructor->name,
2,96,rectangle_java2.jpg,rectangle_java2.jpg,12293875546,80,779.5865,286.447,737.5,295,91,21,Rectangle,9,class->block->constructor->name,
2,96,rectangle_java2.jpg,rectangle_java2.jpg,12293987384,108,788.5122222222222,293.1277777777778,737.5,295,91,21,Rectangle,9,class->block->constructor->name,
2,96,rectangle_java2.jpg,rectangle_java2.jpg,12294307551,268,883.9561194029851,286.0679104477612,853.5,295,32,21,int,3,class->block->constructor->parameter_list->parameter->decl->type->name,
2,96,rectangle_java2.jpg,rectangle_java2.jpg,12294307551,268,883.9561194029851,286.0679104477612,890.5,295,24,21,x1,2,class->block->constructor->parameter_list->parameter->decl->type->name,
2,96,rectangle_java2.jpg,rectangle_java2.jpg,12294427561,116,906.6151724137932,286.8386206896552,890.5,295,24,21,x1,2,class->block->constructor->parameter_list->parameter->decl->type->name,
2,96,rectangle_java2.jpg,rectangle_java2.jpg,12294543549,112,910.6032142857144,279.135,911.5,259,10,21,"""","""",1,class->block->decl_stmt
2,96,rectangle_java2.jpg,rectangle_java2.jpg,12294951542,72,876.3344444444444,274.6722222222222,881.5,259,23,21,x2,2,class->block->decl_stmt->decl->name,
2,96,rectangle_java2.jpg,rectangle_java2.jpg,12295091558,128,794.055625,271.7690625,785.5,259,23,21,x1,2,class->block->decl_stmt->decl->name,
2,96,rectangle_java2.jpg,rectangle_java2.jpg,12295199568,104,789.6742307692308,274.17692307692306,785.5,259,23,21,x1,2,class->block->decl_stmt->decl->name,
2,96,rectangle_java2.jpg,rectangle_java2.jpg,12296271417,184,747.236304347826,288.7208695652174,737.5,295,91,21,Rectangle,9,class->block->constructor->name,
2,96,rectangle_java2.jpg,rectangle_java2.jpg,12296511410,200,788.9342,279.932,785.5,259,23,21,x1,2,class->block->decl_stmt->decl->name,
2,96,rectangle_java2.jpg,rectangle_java2.jpg,12296731425,204,899.6617647058823,278.20666666666665,881.5,259,23,21,x2,2,class->block->decl_stmt->decl->name,
2,96,rectangle_java2.jpg,rectangle_java2.jpg,12296731425,204,899.6617647058823,278.20666666666665,911.5,259,10,21,"""","""",1,class->block->decl_stmt
2,96,rectangle_java2.jpg,rectangle_java2.jpg,12296819423,84,898.8490476190476,277.23238095238094,881.5,259,23,21,x2,2,class->block->decl_stmt->decl->name,
2,96,rectangle_java2.jpg,rectangle_java2.jpg,12297431370,140,957.8705714285716,276.704,959.5,259,10,21,;,1,class->block->decl_stmt,
2,96,rectangle_java2.jpg,rectangle_java2.jpg,12297503386,56,1030.9085714285711,285.8864285714285,1025.5,295,33,21,int,3,class->block->constructor->parameter_list->parameter->decl->type->name,
2,96,rectangle_java2.jpg,rectangle_java2.jpg,12297587416,80,1040.1075,282.6615,1025.5,295,33,21,int,3,class->block->constructor->parameter_list->parameter->decl->type->name,
2,96,rectangle_java2.jpg,rectangle_java2.jpg,12297751343,132,1100.0045454545457,282.8242424242424,1094.5,295,9,21,"""","""",1,class->block->constructor->parameter_list
2,96,rectangle_java2.jpg,rectangle_java2.jpg,12297751343,132,1100.0045454545457,282.8242424242424,1112.5,295,33,21,int,3,class->block->constructor->parameter_list->parameter->decl->type->name,
2,96,rectangle_java2.jpg,rectangle_java2.jpg,12297843290,68,891.7694117647059,284.2558823529412,890.5,295,24,21,x1,2,class->block->constructor->parameter_list->parameter->decl->type->name,
2,96,rectangle_java2.jpg,rectangle_java2.jpg,12297959291,112,885.2953571428571,277.55892857142857,881.5,259,23,21,x2,2,class->block->decl_stmt->decl->name,
2,96,rectangle_java2.jpg,rectangle_java2.jpg,12298127306,100,942.8224,287.2044,939.5,295,33,21,int,3,class->block->constructor->parameter_list->parameter->decl->type->name,
2,96,rectangle_java2.jpg,rectangle_java2.jpg,12298235346,104,943.97,284.355,939.5,295,33,21,int,3,class->block->constructor->parameter_list->parameter->decl->type->name,
2,96,rectangle_java2.jpg,rectangle_java2.jpg,12298503298,232,993.0751724137932,285.8622413793103,977.5,295,23,21,y1,2,class->block->constructor->parameter_list->parameter->decl->type->name,
2,96,rectangle_java2.jpg,rectangle_java2.jpg,12298587267,80,1018.448,293.753,1025.5,295,33,21,int,3,class->block->constructor->parameter_list->parameter->decl->type->name,
2,96,rectangle_java2.jpg,rectangle_java2.jpg,12298827259,236,1021.901186440678,291.5727118644068,1025.5,295,33,21,int,3,class->block->constructor->parameter_list->parameter->decl->type->name,
2,96,rectangle_java2.jpg,rectangle_java2.jpg,12299099300,248,1069.8390322580644,297.2120967741935,1063.5,295,23,21,x2,2,class->block->constructor->parameter_list->parameter->decl->type->name,
2,96,rectangle_java2.jpg,rectangle_java2.jpg,12299167280,64,1077.111875,288.80125,1063.5,295,23,21,x2,2,class->block->constructor->parameter_list->parameter->decl->type->name,
2,96,rectangle_java2.jpg,rectangle_java2.jpg,12299319278,148,1099.836216216216,289.9091891891892,1094.5,295,9,21,"""","""",1,class->block->constructor->parameter_list
2,96,rectangle_java2.jpg,rectangle_java2.jpg,12299671266,88,1098.0181818181818,284.37954545454545,1094.5,295,9,21,"""","""",1,class->block->constructor->parameter_list
2,96,rectangle_java2.jpg,rectangle_java2.jpg,12299859137,156,914.6033333333334,287.5748717948718,921.5,295,9,21,"""","""",1,class->block->constructor->parameter_list
2,96,rectangle_java2.jpg,rectangle_java2.jpg,12300403162,184,830.5526086956522,314.75304347826085,837.5,295,9,21,(,1,class->block->constructor->parameter_list,
2,96,rectangle_java2.jpg,rectangle_java2.jpg,12300919152,96,910.3354166666668,314.1645833333333,890.5,295,24,21,x1,2,class->block->constructor->parameter_list->parameter->decl->type->name,
2,96,rectangle_java2.jpg,rectangle_java2.jpg,12300919152,96,910.3354166666668,314.1645833333333,921.5,295,9,21,"""","""",1,class->block->constructor->parameter_list
2,96,rectangle_java2.jpg,rectangle_java2.jpg,12301047197,124,913.1254838709676,309.62548387096774,890.5,295,24,21,x1,2,class->block->constructor->parameter_list->parameter->decl->type->name,
2,96,rectangle_java2.jpg,rectangle_java2.jpg,12301047197,124,913.1254838709676,309.62548387096774,921.5,295,9,21,"""","""",1,class->block->constructor->parameter_list
2,96,rectangle_java2.jpg,rectangle_java2.jpg,12301659030,284,812.3125352112676,319.71,806.5,331,15,19,=,1,class->block->constructor->block->block_content->expr_stmt->expr->operator,
2,96,rectangle_java2.jpg,rectangle_java2.jpg,12302338988,532,849.3084210526316,322.1744360902256,826.5,331,23,19,x1,2,class->block->constructor->block->block_content->expr_stmt->expr->name->name,
2,96,rectangle_java2.jpg,rectangle_java2.jpg,12302338988,532,849.3084210526316,322.1744360902256,856.5,331,10,19,;,1,class->block->constructor->block->block_content->expr_stmt,
2,96,rectangle_java2.jpg,rectangle_java2.jpg,12302538974,196,866.2712244897959,314.97979591836736,853.5,295,32,21,int,3,class->block->constructor->parameter_list->parameter->decl->type->name,
2,96,rectangle_java2.jpg,rectangle_java2.jpg,12302746970,148,909.9183783783784,310.96135135135137,890.5,295,24,21,x1,2,class->block->constructor->parameter_list->parameter->decl->type->name,
2,96,rectangle_java2.jpg,rectangle_java2.jpg,12302746970,148,909.9183783783784,310.96135135135137,921.5,295,9,21,"""","""",1,class->block->constructor->parameter_list
2,96,rectangle_java2.jpg,rectangle_java2.jpg,12302858983,108,907.0433333333332,309.46962962962965,890.5,295,24,21,x1,2,class->block->constructor->parameter_list->parameter->decl->type->name,
2,96,rectangle_java2.jpg,rectangle_java2.jpg,12303682810,56,837.8578571428571,361.1892857142857,826.5,367,23,21,y1,2,class->block->constructor->block->block_content->expr_stmt->expr->name->name,
2,96,rectangle_java2.jpg,rectangle_java2.jpg,12304606873,84,842.8714285714286,393.2128571428572,826.5,404,23,19,x2,2,class->block->constructor->block->block_content->expr_stmt->expr->name->name,
2,96,rectangle_java2.jpg,rectangle_java2.jpg,12304738877,56,847.7257142857143,324.4907142857143,826.5,331,23,19,x1,2,class->block->constructor->block->block_content->expr_stmt->expr->name->name,
2,96,rectangle_java2.jpg,rectangle_java2.jpg,12304738877,56,847.7257142857143,324.4907142857143,856.5,331,10,19,;,1,class->block->constructor->block->block_content->expr_stmt,
2,96,rectangle_java2.jpg,rectangle_java2.jpg,12304846876,68,845.1541176470588,359.1370588235294,826.5,367,23,21,y1,2,class->block->constructor->block->block_content->expr_stmt->expr->name->name,
2,96,rectangle_java2.jpg,rectangle_java2.jpg,12304846876,68,845.1541176470588,359.1370588235294,856.5,367,10,21,;,1,class->block->constructor->block->block_content->expr_stmt,
2,96,rectangle_java2.jpg,rectangle_java2.jpg,12305070866,188,814.577659574468,376.8523404255319,806.5,367,15,21,=,1,class->block->constructor->block->block_content->expr_stmt->expr->operator,
2,96,rectangle_java2.jpg,rectangle_java2.jpg,12305070866,188,814.577659574468,376.8523404255319,826.5,367,23,21,y1,2,class->block->constructor->block->block_content->expr_stmt->expr->name->name,
2,96,rectangle_java2.jpg,rectangle_java2.jpg,12305407021,296,858.9152702702703,383.8358108108108,856.5,367,10,21,;,1,class->block->constructor->block->block_content->expr_stmt,
2,96,rectangle_java2.jpg,rectangle_java2.jpg,12305466913,56,863.8592857142858,370.395,856.5,367,10,21,;,1,class->block->constructor->block->block_content->expr_stmt,
2,96,rectangle_java2.jpg,rectangle_java2.jpg,12306842753,252,823.7882539682539,367.8949206349207,826.5,367,23,21,y1,2,class->block->constructor->block->block_content->expr_stmt->expr->name->name,
2,96,rectangle_java2.jpg,rectangle_java2.jpg,12306934754,88,828.5777272727273,376.7318181818182,826.5,367,23,21,y1,2,class->block->constructor->block->block_content->expr_stmt->expr->name->name,
2,96,rectangle_java2.jpg,rectangle_java2.jpg,12307134693,196,826.3104081632653,357.00938775510207,826.5,367,23,21,y1,2,class->block->constructor->block->block_content->expr_stmt->expr->name->name,
2,96,rectangle_java2.jpg,rectangle_java2.jpg,12307278609,140,829.2911428571429,360.312,826.5,367,23,21,y1,2,class->block->constructor->block->block_content->expr_stmt->expr->name->name,
2,96,rectangle_java2.jpg,rectangle_java2.jpg,12308070633,188,888.3272340425532,289.1040425531915,890.5,295,24,21,x1,2,class->block->constructor->parameter_list->parameter->decl->type->name,
2,96,rectangle_java2.jpg,rectangle_java2.jpg,12308146621,72,872.6955555555555,270.41277777777776,863.5,259,10,21,"""","""",1,class->block->decl_stmt
2,96,rectangle_java2.jpg,rectangle_java2.jpg,12308146621,72,872.6955555555555,270.41277777777776,881.5,259,23,21,x2,2,class->block->decl_stmt->decl->name,
2,96,rectangle_java2.jpg,rectangle_java2.jpg,12308218609,68,866.0688235294117,268.3870588235294,863.5,259,10,21,"""","""",1,class->block->decl_stmt
2,96,rectangle_java2.jpg,rectangle_java2.jpg,12308742635,128,955.5140625,294.9915625,939.5,295,33,21,int,3,class->block->constructor->parameter_list->parameter->decl->type->name,
2,96,rectangle_java2.jpg,rectangle_java2.jpg,12308942608,184,1048.8147826086956,298.3528260869565,1025.5,295,33,21,int,3,class->block->constructor->parameter_list->parameter->decl->type->name,
2,96,rectangle_java2.jpg,rectangle_java2.jpg,12309138616,164,1105.5285365853658,289.07975609756096,1112.5,295,33,21,int,3,class->block->constructor->parameter_list->parameter->decl->type->name,
2,96,rectangle_java2.jpg,rectangle_java2.jpg,12309258613,88,1062.2322727272726,293.33590909090907,1063.5,295,23,21,x2,2,class->block->constructor->parameter_list->parameter->decl->type->name,
2,96,rectangle_java2.jpg,rectangle_java2.jpg,12309654449,144,837.5577777777778,405.3413888888889,826.5,404,23,19,x2,2,class->block->constructor->block->block_content->expr_stmt->expr->name->name,
2,96,rectangle_java2.jpg,rectangle_java2.jpg,12309714442,56,819.7564285714286,420.0192857142857,806.5,404,15,19,=,1,class->block->constructor->block->block_content->expr_stmt->expr->operator,
2,96,rectangle_java2.jpg,rectangle_java2.jpg,12309714442,56,819.7564285714286,420.0192857142857,826.5,404,23,19,x2,2,class->block->constructor->block->block_content->expr_stmt->expr->name->name,
2,96,rectangle_java2.jpg,rectangle_java2.jpg,12309834466,116,819.5703448275862,413.68000000000006,806.5,404,15,19,=,1,class->block->constructor->block->block_content->expr_stmt->expr->operator,
2,96,rectangle_java2.jpg,rectangle_java2.jpg,12309834466,116,819.5703448275862,413.68000000000006,826.5,404,23,19,x2,2,class->block->constructor->block->block_content->expr_stmt->expr->name->name,
2,96,rectangle_java2.jpg,rectangle_java2.jpg,12309934478,60,863.416,415.48333333333335,856.5,404,10,19,;,1,class->block->constructor->block->block_content->expr_stmt,
2,96,rectangle_java2.jpg,rectangle_java2.jpg,12310006480,68,860.0358823529411,441.6211764705882,856.5,440,10,21,;,1,class->block->constructor->block->block_content->expr_stmt,
2,96,rectangle_java2.jpg,rectangle_java2.jpg,12310070484,60,861.5173333333333,418.1373333333333,856.5,404,10,19,;,1,class->block->constructor->block->block_content->expr_stmt,
2,96,rectangle_java2.jpg,rectangle_java2.jpg,12310746452,148,852.2383783783783,385.65783783783786,856.5,367,10,21,;,1,class->block->constructor->block->block_content->expr_stmt,
2,96,rectangle_java2.jpg,rectangle_java2.jpg,12310882463,132,845.5260606060606,375.4287878787879,826.5,367,23,21,y1,2,class->block->constructor->block->block_content->expr_stmt->expr->name->name,
2,96,rectangle_java2.jpg,rectangle_java2.jpg,12310882463,132,845.5260606060606,375.4287878787879,856.5,367,10,21,;,1,class->block->constructor->block->block_content->expr_stmt,
2,96,rectangle_java2.jpg,rectangle_java2.jpg,12310986476,100,852.0975999999999,394.7404,856.5,404,10,19,;,1,class->block->constructor->block->block_content->expr_stmt,
2,96,rectangle_java2.jpg,rectangle_java2.jpg,12311154481,164,865.3763414634146,386.99853658536585,856.5,367,10,21,;,1,class->block->constructor->block->block_content->expr_stmt,
2,96,rectangle_java2.jpg,rectangle_java2.jpg,12311962428,72,740.973888888889,500.7511111111112,737.5,512,33,21,int,3,class->block->function->type->name,
2,96,rectangle_java2.jpg,rectangle_java2.jpg,12312130404,112,795.4021428571428,536.5567857142858,775.5,549,62,21,height,6,class->block->function->name,
2,96,rectangle_java2.jpg,rectangle_java2.jpg,12312258334,92,805.8847826086957,502.6995652173913,775.5,512,53,21,width,5,class->block->function->name,
2,96,rectangle_java2.jpg,rectangle_java2.jpg,12312470296,116,838.9458620689655,502.7258620689655,837.5,512,9,21,(,1,class->block->function->parameter_list,
2,96,rectangle_java2.jpg,rectangle_java2.jpg,12312570324,96,839.7891666666667,513.6116666666667,837.5,512,9,21,(,1,class->block->function->parameter_list,
2,96,rectangle_java2.jpg,rectangle_java2.jpg,12312718361,144,837.2702777777778,501.1969444444444,837.5,512,9,21,(,1,class->block->function->parameter_list,
2,96,rectangle_java2.jpg,rectangle_java2.jpg,12312918391,160,812.2535,506.6705,775.5,512,53,21,width,5,class->block->function->name,
2,96,rectangle_java2.jpg,rectangle_java2.jpg,12313234267,224,775.4792857142858,502.3507142857143,775.5,512,53,21,width,5,class->block->function->name,
2,96,rectangle_java2.jpg,rectangle_java2.jpg,12313454259,196,839.4251020408163,500.83938775510205,837.5,512,9,21,(,1,class->block->function->parameter_list,
2,96,rectangle_java2.jpg,rectangle_java2.jpg,12313710230,92,867.8856521739131,504.9182608695652,874.5,512,10,21,{,1,class->block->function->block,
2,96,rectangle_java2.jpg,rectangle_java2.jpg,12313938212,76,869.811052631579,499.5710526315789,874.5,512,10,21,{,1,class->block->function->block,
2,96,rectangle_java2.jpg,rectangle_java2.jpg,12314274180,108,969.461851851852,506.025925925926,958.5,512,71,21,this.x2,7,class->block->function->block->block_content->return->expr->name->name->operator->name->operator,
2,96,rectangle_java2.jpg,rectangle_java2.jpg,12314482154,60,974.5373333333332,521.3833333333333,958.5,512,71,21,this.x2,7,class->block->function->block->block_content->return->expr->name->name->operator->name->operator,
2,96,rectangle_java2.jpg,rectangle_java2.jpg,12314590183,104,975.6826923076924,522.4196153846153,958.5,512,71,21,this.x2,7,class->block->function->block->block_content->return->expr->name->name->operator->name->operator,
2,96,rectangle_java2.jpg,rectangle_java2.jpg,12314782237,84,1001.7871428571428,514.6485714285715,958.5,512,71,21,this.x2,7,class->block->function->block->block_content->return->expr->name->name->operator->name->operator,
2,96,rectangle_java2.jpg,rectangle_java2.jpg,12315142047,268,1003.6065671641792,504.9026865671642,958.5,512,71,21,this.x2,7,class->block->function->block->block_content->return->expr->name->name->operator->name->operator,
2,96,rectangle_java2.jpg,rectangle_java2.jpg,12315281980,136,999.395294117647,507.6476470588235,958.5,512,71,21,this.x2,7,class->block->function->block->block_content->return->expr->name->name->operator->name->operator,
2,96,rectangle_java2.jpg,rectangle_java2.jpg,12315546076,188,922.8670212765958,509.4536170212766,891.5,512,62,21,return,6,class->block->function->block->block_content->return->expr->name->name,
2,96,rectangle_java2.jpg,rectangle_java2.jpg,12315730074,148,846.8078378378378,516.0332432432432,854.5,512,9,21,),1,class->block->function->parameter_list,
2,96,rectangle_java2.jpg,rectangle_java2.jpg,12315882092,116,805.5031034482759,506.3186206896552,775.5,512,53,21,width,5,class->block->function->name,
2,96,rectangle_java2.jpg,rectangle_java2.jpg,12316010111,124,809.6009677419355,531.2558064516129,775.5,512,53,21,width,5,class->block->function->name,
2,96,rectangle_java2.jpg,rectangle_java2.jpg,12316246221,172,897.7209302325581,500.1581395348837,891.5,512,62,21,return,6,class->block->function->block->block_content->return->expr->name->name,
2,96,rectangle_java2.jpg,rectangle_java2.jpg,12316542122,200,857.647,573.0122,856.5,585,9,21,(,1,class->block->function->parameter_list,
2,96,rectangle_java2.jpg,rectangle_java2.jpg,12316722109,148,822.8208108108108,556.7854054054054,775.5,549,62,21,height,6,class->block->function->name,
2,96,rectangle_java2.jpg,rectangle_java2.jpg,12316926083,148,903.7983783783784,572.6927027027027,910.5,585,62,21,return,6,class->block->function->block->block_content->return,
2,96,rectangle_java2.jpg,rectangle_java2.jpg,12317014082,84,901.5257142857143,560.9890476190476,900.5,549,63,21,return,6,class->block->function->block->block_content->return,
2,96,rectangle_java2.jpg,rectangle_java2.jpg,12317098061,60,940.0593333333334,546.3886666666666,900.5,549,63,21,return,6,class->block->function->block->block_content->return,
2,96,rectangle_java2.jpg,rectangle_java2.jpg,12317206036,104,939.8988461538462,558.2411538461538,900.5,549,63,21,return,6,class->block->function->block->block_content->return,
2,96,rectangle_java2.jpg,rectangle_java2.jpg,12317289994,80,939.4935,543.0365,900.5,549,63,21,return,6,class->block->function->block->block_content->return,
2,96,rectangle_java2.jpg,rectangle_java2.jpg,12317397902,64,989.2525,542.576875,968.5,549,70,21,this.y2,7,class->block->function->block->block_content->return->expr->name->name->operator->name,
2,96,rectangle_java2.jpg,rectangle_java2.jpg,12317565890,56,1015.8564285714286,574.9935714285714,977.5,585,101,21,this.width,10,class->block->function->block->block_content->return->expr->call->name->name->operator->name,
2,96,rectangle_java2.jpg,rectangle_java2.jpg,12317633897,64,1028.224375,561.5775,968.5,549,70,21,this.y2,7,class->block->function->block->block_content->return->expr->name->name->operator->name,
2,96,rectangle_java2.jpg,rectangle_java2.jpg,12317753916,116,1025.546551724138,552.3679310344828,968.5,549,70,21,this.y2,7,class->block->function->block->block_content->return->expr->name->name->operator->name,
2,96,rectangle_java2.jpg,rectangle_java2.jpg,12317849929,92,1025.276956521739,574.7030434782608,977.5,585,101,21,this.width,10,class->block->function->block->block_content->return->expr->call->name->name->operator->name,
2,96,rectangle_java2.jpg,rectangle_java2.jpg,12318189966,88,1092.4318181818182,574.6490909090909,1086.5,585,10,21,(,1,class->block->function->block->block_content->return->expr->call->argument_list,
2,96,rectangle_java2.jpg,rectangle_java2.jpg,12318189966,88,1092.4318181818182,574.6490909090909,1103.5,585,9,21,),1,class->block->function->block->block_content->return->expr->call->argument_list,
2,96,rectangle_java2.jpg,rectangle_java2.jpg,12318333980,140,1094.9722857142858,585.834,1086.5,585,10,21,(,1,class->block->function->block->block_content->return->expr->call->argument_list,
2,96,rectangle_java2.jpg,rectangle_java2.jpg,12318333980,140,1094.9722857142858,585.834,1103.5,585,9,21,),1,class->block->function->block->block_content->return->expr->call->argument_list,
2,96,rectangle_java2.jpg,rectangle_java2.jpg,12318557966,148,1154.8297297297297,563.1978378378378,1161.5,549,10,21,},1,class->block->function->block,
2,96,rectangle_java2.jpg,rectangle_java2.jpg,12318645950,84,1153.2957142857142,554.6461904761904,1161.5,549,10,21,},1,class->block->function->block,
2,96,rectangle_java2.jpg,rectangle_java2.jpg,12319093664,196,1127.4426530612243,557.7975510204082,1064.5,549,71,21,this.y1,7,class->block->function->block->block_content->return->expr->name->name->operator->name,
2,96,rectangle_java2.jpg,rectangle_java2.jpg,12319261719,116,889.88,515.1468965517241,891.5,512,62,21,return,6,class->block->function->block->block_content->return->expr->name->name,
2,96,rectangle_java2.jpg,rectangle_java2.jpg,12319453806,100,874.5208,530.3552,874.5,512,10,21,{,1,class->block->function->block,
2,96,rectangle_java2.jpg,rectangle_java2.jpg,12319765867,120,800.4436666666667,504.4433333333334,775.5,512,53,21,width,5,class->block->function->name,
2,96,rectangle_java2.jpg,rectangle_java2.jpg,12319845876,56,847.1878571428572,532.9407142857143,854.5,512,9,21,),1,class->block->function->parameter_list,
2,96,rectangle_java2.jpg,rectangle_java2.jpg,12319905881,56,847.9792857142858,532.8707142857143,854.5,512,9,21,),1,class->block->function->parameter_list,
2,96,rectangle_java2.jpg,rectangle_java2.jpg,12320001866,92,848.2569565217391,500.4847826086957,854.5,512,9,21,),1,class->block->function->parameter_list,
2,96,rectangle_java2.jpg,rectangle_java2.jpg,12320357844,64,902.6525,586.65,893.5,585,10,21,{,1,class->block->function->block,
2,96,rectangle_java2.jpg,rectangle_java2.jpg,12320357844,64,902.6525,586.65,910.5,585,62,21,return,6,class->block->function->block->block_content->return,
2,96,rectangle_java2.jpg,rectangle_java2.jpg,12320621830,160,898.2945,610.561,904.5,621,9,21,(,1,class->block->function->parameter_list,
2,96,rectangle_java2.jpg,rectangle_java2.jpg,12320793809,156,987.9602564102564,610.7035897435898,990.5,621,10,21,[,1,class->block->function->parameter_list->parameter->decl->type->name->index,
2,96,rectangle_java2.jpg,rectangle_java2.jpg,12321057673,212,1057.2471698113206,619.2101886792453,1025.5,621,42,21,args,4,class->block->function->parameter_list->parameter->decl->name,
2,96,rectangle_java2.jpg,rectangle_java2.jpg,12321353673,56,808.7042857142857,619.4042857142857,804.5,621,44,21,void,4,class->block->function->type->name,
2,96,rectangle_java2.jpg,rectangle_java2.jpg,12321521704,164,805.4258536585365,630.0351219512195,804.5,621,44,21,void,4,class->block->function->type->name,
2,96,rectangle_java2.jpg,rectangle_java2.jpg,12321741734,216,804.192037037037,649.6224074074074,730.5,658,91,20,Rectangle,9,class->block->function->block->block_content->decl_stmt->decl->type->name,
2,96,rectangle_java2.jpg,rectangle_java2.jpg,12321957727,112,856.9753571428571,682.04,730.5,694,177,21,System.out.println,18,class->block->function->block->block_content->expr_stmt->expr->call->name->name->operator->name->operator->name,
2,96,rectangle_java2.jpg,rectangle_java2.jpg,12322145677,100,928.6308,687.9436000000001,932.5,694,100,21,rect1.area,10,class->block->function->block->block_content->expr_stmt->expr->call->argument_list->argument->expr->call->name->name->operator->name,
2,96,rectangle_java2.jpg,rectangle_java2.jpg,12322221686,72,934.1672222222222,676.5322222222222,902.5,658,34,20,new,3,class->block->function->block->block_content->decl_stmt->decl->init->expr->operator,
2,96,rectangle_java2.jpg,rectangle_java2.jpg,12322221686,72,934.1672222222222,676.5322222222222,941.5,658,91,20,Rectangle,9,class->block->function->block->block_content->decl_stmt->decl->init->expr->call->name,
2,96,rectangle_java2.jpg,rectangle_java2.jpg,12322665739,244,1049.6283606557377,682.0754098360655,1041.5,694,9,21,(,1,class->block->function->block->block_content->expr_stmt->expr->call->argument_list->argument->expr->call->argument_list,
2,96,rectangle_java2.jpg,rectangle_java2.jpg,12322665739,244,1049.6283606557377,682.0754098360655,1057.5,694,10,21,),1,class->block->function->block->block_content->expr_stmt->expr->call->argument_list->argument->expr->call->argument_list,
2,96,rectangle_java2.jpg,rectangle_java2.jpg,12322793655,104,1103.128846153846,690.3465384615384,1096.5,694,10,21,;,1,class->block->function->block->block_content->expr_stmt,
2,96,rectangle_java2.jpg,rectangle_java2.jpg,12322937461,140,1097.634,690.884,1096.5,694,10,21,;,1,class->block->function->block->block_content->expr_stmt,
2,96,rectangle_java2.jpg,rectangle_java2.jpg,12323573637,148,1092.8994594594594,676.5835135135135,1095.5,658,13,20,0,1,class->block->function->block->block_content->decl_stmt->decl->init->expr->call->argument_list->argument->expr->literal,
2,96,rectangle_java2.jpg,rectangle_java2.jpg,12323741568,136,826.4482352941177,732.5505882352941,826.5,731,51,20,rect2,5,class->block->function->block->block_content->decl_stmt->decl->name,
2,96,rectangle_java2.jpg,rectangle_java2.jpg,12324101575,308,813.5051948051948,761.8338961038961,730.5,766,177,21,System.out.println,18,class->block->function->block->block_content->expr_stmt->expr->call->name->name->operator->name->operator->name,
2,96,rectangle_java2.jpg,rectangle_java2.jpg,12324369560,184,887.6273913043478,758.4378260869565,730.5,766,177,21,System.out.println,18,class->block->function->block->block_content->expr_stmt->expr->call->name->name->operator->name->operator->name,
2,96,rectangle_java2.jpg,rectangle_java2.jpg,12324597562,188,927.8355319148936,764.0653191489362,932.5,766,100,21,rect2.area,10,class->block->function->block->block_content->expr_stmt->expr->call->argument_list->argument->expr->call->name->name->operator->name,
2,96,rectangle_java2.jpg,rectangle_java2.jpg,12324829260,192,893.6583333333333,670.935,883.5,658,15,20,=,1,class->block->function->block->block_content->decl_stmt->decl->init,
2,96,rectangle_java2.jpg,rectangle_java2.jpg,12324829260,192,893.6583333333333,670.935,902.5,658,34,20,new,3,class->block->function->block->block_content->decl_stmt->decl->init->expr->operator,
2,96,rectangle_java2.jpg,rectangle_java2.jpg,12325025504,160,946.21925,673.68175,941.5,658,91,20,Rectangle,9,class->block->function->block->block_content->decl_stmt->decl->init->expr->call->name,
2,96,rectangle_java2.jpg,rectangle_java2.jpg,12325293408,228,916.6257894736842,756.6764912280702,916.5,766,9,21,(,1,class->block->function->block->block_content->expr_stmt->expr->call->argument_list,
2,96,rectangle_java2.jpg,rectangle_java2.jpg,12325497425,188,940.7951063829788,632.5451063829787,920.5,621,62,21,String,6,class->block->function->parameter_list->parameter->decl->type->name->name,
2,96,rectangle_java2.jpg,rectangle_java2.jpg,12325761411,200,970.4622,697.5302,932.5,694,100,21,rect1.area,10,class->block->function->block->block_content->expr_stmt->expr->call->argument_list->argument->expr->call->name->name->operator->name,
2,96,rectangle_java2.jpg,rectangle_java2.jpg,12325941380,132,946.6118181818182,593.8881818181818,910.5,585,62,21,return,6,class->block->function->block->block_content->return,
2,96,rectangle_java2.jpg,rectangle_java2.jpg,12326041376,96,928.46375,610.55375,920.5,621,62,21,String,6,class->block->function->parameter_list->parameter->decl->type->name->name,
2,96,rectangle_java2.jpg,rectangle_java2.jpg,12326141414,96,930.9329166666666,616.9295833333333,920.5,621,62,21,String,6,class->block->function->parameter_list->parameter->decl->type->name->name,
2,96,rectangle_java2.jpg,rectangle_java2.jpg,12326201437,56,923.855,625.3135714285714,920.5,621,62,21,String,6,class->block->function->parameter_list->parameter->decl->type->name->name,
2,96,rectangle_java2.jpg,rectangle_java2.jpg,12326365406,128,969.111875,611.136875,920.5,621,62,21,String,6,class->block->function->parameter_list->parameter->decl->type->name->name,
2,96,rectangle_java2.jpg,rectangle_java2.jpg,12326509417,124,1056.594193548387,613.5096774193548,1025.5,621,42,21,args,4,class->block->function->parameter_list->parameter->decl->name,
2,96,rectangle_java2.jpg,rectangle_java2.jpg,12326573439,60,1057.104,594.0546666666667,977.5,585,101,21,this.width,10,class->block->function->block->block_content->return->expr->call->name->name->operator->name,
2,96,rectangle_java2.jpg,rectangle_java2.jpg,12326649439,72,1059.3522222222225,592.6633333333333,977.5,585,101,21,this.width,10,class->block->function->block->block_content->return->expr->call->name->name->operator->name,
2,96,rectangle_java2.jpg,rectangle_java2.jpg,12326913317,232,1095.6710344827586,608.9012068965517,1094.5,621,10,21,{,1,class->block->function->block,
2,96,rectangle_java2.jpg,rectangle_java2.jpg,12327161291,108,882.9518518518519,695.5466666666666,730.5,694,177,21,System.out.println,18,class->block->function->block->block_content->expr_stmt->expr->call->name->name->operator->name->operator->name,
2,96,rectangle_java2.jpg,rectangle_java2.jpg,12327285303,120,888.0456666666666,699.3636666666666,730.5,694,177,21,System.out.println,18,class->block->function->block->block_content->expr_stmt->expr->call->name->name->operator->name->operator->name,
2,96,rectangle_java2.jpg,rectangle_java2.jpg,12327401330,92,956.6304347826086,688.0673913043478,932.5,694,100,21,rect1.area,10,class->block->function->block->block_content->expr_stmt->expr->call->argument_list->argument->expr->call->name->name->operator->name,
2,96,rectangle_java2.jpg,rectangle_java2.jpg,12327533297,128,958.9046875,691.364375,932.5,694,100,21,rect1.area,10,class->block->function->block->block_content->expr_stmt->expr->call->argument_list->argument->expr->call->name->name->operator->name,
2,96,rectangle_java2.jpg,rectangle_java2.jpg,12327689255,152,958.6689473684212,671.2707894736842,941.5,658,91,20,Rectangle,9,class->block->function->block->block_content->decl_stmt->decl->init->expr->call->name,
2,96,rectangle_java2.jpg,rectangle_java2.jpg,12327869259,144,1013.208611111111,682.7336111111111,932.5,694,100,21,rect1.area,10,class->block->function->block->block_content->expr_stmt->expr->call->argument_list->argument->expr->call->name->name->operator->name,
2,96,rectangle_java2.jpg,rectangle_java2.jpg,12327981301,80,978.366,687.3985,932.5,694,100,21,rect1.area,10,class->block->function->block->block_content->expr_stmt->expr->call->argument_list->argument->expr->call->name->name->operator->name,
2,96,rectangle_java2.jpg,rectangle_java2.jpg,12328065311,80,975.246,687.8095,932.5,694,100,21,rect1.area,10,class->block->function->block->block_content->expr_stmt->expr->call->argument_list->argument->expr->call->name->name->operator->name,
2,96,rectangle_java2.jpg,rectangle_java2.jpg,12328177292,108,970.0688888888888,667.2637037037038,941.5,658,91,20,Rectangle,9,class->block->function->block->block_content->decl_stmt->decl->init->expr->call->name,
2,96,rectangle_java2.jpg,rectangle_java2.jpg,12328345311,132,1092.5821212121211,682.4969696969697,1096.5,694,10,21,;,1,class->block->function->block->block_content->expr_stmt,
2,96,rectangle_java2.jpg,rectangle_java2.jpg,12336208743,176,819.9706818181818,613.9140909090909,804.5,621,44,21,void,4,class->block->function->type->name,
2,96,rectangle_java2.jpg,rectangle_java2.jpg,12336296646,84,817.6038095238096,622.072380952381,804.5,621,44,21,void,4,class->block->function->type->name,
2,96,rectangle_java2.jpg,rectangle_java2.jpg,12336536634,208,823.8557692307693,455.2011538461538,826.5,440,23,21,y2,2,class->block->constructor->block->block_content->expr_stmt->expr->name->name,
2,96,rectangle_java2.jpg,rectangle_java2.jpg,12336992674,116,874.2351724137931,593.8593103448276,873.5,585,9,21,),1,class->block->function->parameter_list,
2,96,rectangle_java2.jpg,rectangle_java2.jpg,12337084680,88,880.7968181818181,600.5036363636364,873.5,585,9,21,),1,class->block->function->parameter_list,
2,96,rectangle_java2.jpg,rectangle_java2.jpg,12337316659,172,822.7841860465116,407.19023255813954,826.5,404,23,19,x2,2,class->block->constructor->block->block_content->expr_stmt->expr->name->name,
2,96,rectangle_java2.jpg,rectangle_java2.jpg,12338256409,140,810.9074285714286,430.07371428571423,806.5,440,15,21,=,1,class->block->constructor->block->block_content->expr_stmt->expr->operator,
2,96,rectangle_java2.jpg,rectangle_java2.jpg,12338388489,60,804.2326666666667,422.52,806.5,404,15,19,=,1,class->block->constructor->block->block_content->expr_stmt->expr->operator,
2,96,rectangle_java2.jpg,rectangle_java2.jpg,12338528516,104,814.6646153846153,376.5519230769231,806.5,367,15,21,=,1,class->block->constructor->block->block_content->expr_stmt->expr->operator,
2,96,rectangle_java2.jpg,rectangle_java2.jpg,12338528516,104,814.6646153846153,376.5519230769231,826.5,367,23,21,y1,2,class->block->constructor->block->block_content->expr_stmt->expr->name->name,
2,96,rectangle_java2.jpg,rectangle_java2.jpg,12338708497,64,871.505625,560.46375,863.5,549,9,21,),1,class->block->function->parameter_list,
2,96,rectangle_java2.jpg,rectangle_java2.jpg,12338708497,64,871.505625,560.46375,883.5,549,10,21,{,1,class->block->function->block,
2,96,rectangle_java2.jpg,rectangle_java2.jpg,12338800523,88,870.3922727272727,583.3640909090909,873.5,585,9,21,),1,class->block->function->parameter_list,
2,96,rectangle_java2.jpg,rectangle_java2.jpg,12338932516,88,905.058181818182,599.7745454545454,910.5,585,62,21,return,6,class->block->function->block->block_content->return,
2,96,rectangle_java2.jpg,rectangle_java2.jpg,12339068495,132,912.8278787878788,587.4190909090909,910.5,585,62,21,return,6,class->block->function->block->block_content->return,
2,96,rectangle_java2.jpg,rectangle_java2.jpg,12340404418,124,875.501935483871,503.6596774193549,874.5,512,10,21,{,1,class->block->function->block,
2,96,rectangle_java2.jpg,rectangle_java2.jpg,12340524427,80,826.4845,602.2090000000001,804.5,585,43,21,area,4,class->block->function->name,
2,96,rectangle_java2.jpg,rectangle_java2.jpg,12340676369,128,816.4134375,216.8325,813.5,222,10,21,{,1,class->block,
2,96,rectangle_java2.jpg,rectangle_java2.jpg,12340756345,76,812.6589473684211,213.72263157894736,813.5,222,10,21,{,1,class->block,
2,96,rectangle_java2.jpg,rectangle_java2.jpg,12341292348,96,899.7541666666666,615.365,904.5,621,9,21,(,1,class->block->function->parameter_list,
2,96,rectangle_java2.jpg,rectangle_java2.jpg,12341448364,152,897.8652631578948,631.515,904.5,621,9,21,(,1,class->block->function->parameter_list,
2,96,rectangle_java2.jpg,rectangle_java2.jpg,12341600382,104,911.9842307692307,705.1819230769231,916.5,694,9,21,(,1,class->block->function->block->block_content->expr_stmt->expr->call->argument_list,
2,96,rectangle_java2.jpg,rectangle_java2.jpg,12341680390,76,910.1031578947368,705.5426315789474,916.5,694,9,21,(,1,class->block->function->block->block_content->expr_stmt->expr->call->argument_list,
2,96,rectangle_java2.jpg,rectangle_java2.jpg,12341756398,64,1044.024375,700.26375,1041.5,694,9,21,(,1,class->block->function->block->block_content->expr_stmt->expr->call->argument_list->argument->expr->call->argument_list,
2,96,rectangle_java2.jpg,rectangle_java2.jpg,12341912464,152,1049.782894736842,695.5286842105263,1041.5,694,9,21,(,1,class->block->function->block->block_content->expr_stmt->expr->call->argument_list->argument->expr->call->argument_list,
2,96,rectangle_java2.jpg,rectangle_java2.jpg,12341912464,152,1049.782894736842,695.5286842105263,1057.5,694,10,21,),1,class->block->function->block->block_content->expr_stmt->expr->call->argument_list->argument->expr->call->argument_list,
2,96,rectangle_java2.jpg,rectangle_java2.jpg,12342544305,124,1018.5722580645162,513.0535483870967,958.5,512,71,21,this.x2,7,class->block->function->block->block_content->return->expr->name->name->operator->name->operator,
