trial,participant,code_file,code_language,timestamp,duration,x_cord,y_cord,aoi_x,aoi_y,aoi_width,aoi_height,token,length,srcML
2,104,rectangle_java2.jpg,rectangle_java2.jpg,939412222,136,779.5173529411765,413.38470588235293,730.5,404,71,19,this.x2,7,class->block->constructor->block->block_content->expr_stmt->expr->name->name->operator->name
2,104,rectangle_java2.jpg,rectangle_java2.jpg,939552225,96,726.2,428.4241666666667,730.5,440,71,21,this.y2,7,class->block->constructor->block->block_content->expr_stmt->expr->name->name->operator->name
2,104,rectangle_java2.jpg,rectangle_java2.jpg,940596062,64,648.540625,231.888125,589.5,222,63,21,public,6,class->specifier
2,104,rectangle_java2.jpg,rectangle_java2.jpg,940596062,64,648.540625,231.888125,657.5,222,52,21,class,5,class
2,104,rectangle_java2.jpg,rectangle_java2.jpg,940660048,60,652.0473333333333,230.1446666666667,589.5,222,63,21,public,6,class->specifier
2,104,rectangle_java2.jpg,rectangle_java2.jpg,940660048,60,652.0473333333333,230.1446666666667,657.5,222,52,21,class,5,class
2,104,rectangle_java2.jpg,rectangle_java2.jpg,941024028,80,821.5705,237.06,813.5,222,10,21,{,1,class->block
2,104,rectangle_java2.jpg,rectangle_java2.jpg,941096030,68,820.0929411764706,227.59058823529415,813.5,222,10,21,{,1,class->block
2,104,rectangle_java2.jpg,rectangle_java2.jpg,941200063,100,814.052,241.65840000000003,813.5,222,10,21,{,1,class->block
2,104,rectangle_java2.jpg,rectangle_java2.jpg,941508120,92,735.984347826087,221.9817391304348,715.5,222,90,21,Rectangle,9,class->name
2,104,rectangle_java2.jpg,rectangle_java2.jpg,941600122,88,729.0563636363636,231.51045454545454,715.5,222,90,21,Rectangle,9,class->name
2,104,rectangle_java2.jpg,rectangle_java2.jpg,942567889,92,739.6173913043478,381.27521739130435,730.5,367,71,21,this.y1,7,class->block->constructor->block->block_content->expr_stmt->expr->name->name->operator->name
2,104,rectangle_java2.jpg,rectangle_java2.jpg,942671933,100,743.9843999999999,382.9588,730.5,367,71,21,this.y1,7,class->block->constructor->block->block_content->expr_stmt->expr->name->name->operator->name
2,104,rectangle_java2.jpg,rectangle_java2.jpg,942919915,184,743.7013043478261,226.36869565217393,715.5,222,90,21,Rectangle,9,class->name
2,104,rectangle_java2.jpg,rectangle_java2.jpg,943019953,96,738.7166666666667,230.28083333333336,715.5,222,90,21,Rectangle,9,class->name
2,104,rectangle_java2.jpg,rectangle_java2.jpg,943419990,120,678.1466666666666,225.21966666666663,657.5,222,52,21,class,5,class
2,104,rectangle_java2.jpg,rectangle_java2.jpg,943819928,64,880.45,279.291875,881.5,259,23,21,x2,2,class->block->decl_stmt->decl->name
2,104,rectangle_java2.jpg,rectangle_java2.jpg,943995833,60,875.8473333333334,272.93,881.5,259,23,21,x2,2,class->block->decl_stmt->decl->name
2,104,rectangle_java2.jpg,rectangle_java2.jpg,944267722,112,711.4282142857143,266.675,669.5,259,72,21,private,7,class->block->decl_stmt->decl->type->specifier
2,104,rectangle_java2.jpg,rectangle_java2.jpg,944375744,104,709.141923076923,272.3523076923077,669.5,259,72,21,private,7,class->block->decl_stmt->decl->type->specifier
2,104,rectangle_java2.jpg,rectangle_java2.jpg,944483791,76,663.9457894736842,263.1357894736842,669.5,259,72,21,private,7,class->block->decl_stmt->decl->type->specifier
2,104,rectangle_java2.jpg,rectangle_java2.jpg,944935836,84,773.0709523809523,261.75714285714287,747.5,259,33,21,int,3,class->block->decl_stmt->decl->type->name
2,104,rectangle_java2.jpg,rectangle_java2.jpg,944935836,84,773.0709523809523,261.75714285714287,785.5,259,23,21,x1,2,class->block->decl_stmt->decl->name
2,104,rectangle_java2.jpg,rectangle_java2.jpg,946471661,168,758.5897619047619,268.4847619047619,747.5,259,33,21,int,3,class->block->decl_stmt->decl->type->name
2,104,rectangle_java2.jpg,rectangle_java2.jpg,946663674,68,919.5376470588235,277.20529411764704,911.5,259,10,21,",",1,class->block->decl_stmt
2,104,rectangle_java2.jpg,rectangle_java2.jpg,946663674,68,919.5376470588235,277.20529411764704,929.5,259,23,21,y2,2,class->block->decl_stmt->decl->name
2,104,rectangle_java2.jpg,rectangle_java2.jpg,946727678,60,915.4786666666666,273.94933333333336,911.5,259,10,21,",",1,class->block->decl_stmt
2,104,rectangle_java2.jpg,rectangle_java2.jpg,947043736,84,744.202380952381,363.05809523809523,730.5,367,71,21,this.y1,7,class->block->constructor->block->block_content->expr_stmt->expr->name->name->operator->name
2,104,rectangle_java2.jpg,rectangle_java2.jpg,947443618,56,732.0071428571429,329.1607142857143,730.5,331,71,19,this.x1,7,class->block->constructor->block->block_content->expr_stmt->expr->name->name->operator->name
2,104,rectangle_java2.jpg,rectangle_java2.jpg,947559613,80,731.1915,368.711,730.5,367,71,21,this.y1,7,class->block->constructor->block->block_content->expr_stmt->expr->name->name->operator->name
2,104,rectangle_java2.jpg,rectangle_java2.jpg,947627578,64,735.936875,349.88,730.5,331,71,19,this.x1,7,class->block->constructor->block->block_content->expr_stmt->expr->name->name->operator->name
2,104,rectangle_java2.jpg,rectangle_java2.jpg,948191578,108,721.0066666666667,322.88888888888886,730.5,331,71,19,this.x1,7,class->block->constructor->block->block_content->expr_stmt->expr->name->name->operator->name
2,104,rectangle_java2.jpg,rectangle_java2.jpg,948355566,160,727.53875,320.47125,730.5,331,71,19,this.x1,7,class->block->constructor->block->block_content->expr_stmt->expr->name->name->operator->name
2,104,rectangle_java2.jpg,rectangle_java2.jpg,948467554,76,768.6663157894736,311.69894736842105,737.5,295,91,21,Rectangle,9,class->block->constructor->name
2,104,rectangle_java2.jpg,rectangle_java2.jpg,948535555,64,766.779375,327.188125,730.5,331,71,19,this.x1,7,class->block->constructor->block->block_content->expr_stmt->expr->name->name->operator->name
2,104,rectangle_java2.jpg,rectangle_java2.jpg,948703565,100,861.6648,269.8264,863.5,259,10,21,",",1,class->block->decl_stmt
2,104,rectangle_java2.jpg,rectangle_java2.jpg,948827541,84,879.7995238095237,268.87857142857143,881.5,259,23,21,x2,2,class->block->decl_stmt->decl->name
2,104,rectangle_java2.jpg,rectangle_java2.jpg,948891526,60,871.9806666666667,259.66133333333335,863.5,259,10,21,",",1,class->block->decl_stmt
2,104,rectangle_java2.jpg,rectangle_java2.jpg,948891526,60,871.9806666666667,259.66133333333335,881.5,259,23,21,x2,2,class->block->decl_stmt->decl->name
2,104,rectangle_java2.jpg,rectangle_java2.jpg,949031513,96,821.83,287.7708333333333,737.5,295,91,21,Rectangle,9,class->block->constructor->name
2,104,rectangle_java2.jpg,rectangle_java2.jpg,949207483,124,822.9393548387096,264.3077419354839,815.5,259,10,21,",",1,class->block->decl_stmt
2,104,rectangle_java2.jpg,rectangle_java2.jpg,949207483,124,822.9393548387096,264.3077419354839,833.5,259,23,21,y1,2,class->block->decl_stmt->decl->name
2,104,rectangle_java2.jpg,rectangle_java2.jpg,949615420,148,767.3405405405406,209.92054054054051,715.5,222,90,21,Rectangle,9,class->name
2,104,rectangle_java2.jpg,rectangle_java2.jpg,949811432,68,662.3717647058824,234.37235294117647,657.5,222,52,21,class,5,class
2,104,rectangle_java2.jpg,rectangle_java2.jpg,949979390,128,627.1015625,239.88125000000002,589.5,222,63,21,public,6,class->specifier
2,104,rectangle_java2.jpg,rectangle_java2.jpg,950255338,64,756.651875,210.36062500000003,715.5,222,90,21,Rectangle,9,class->name
2,104,rectangle_java2.jpg,rectangle_java2.jpg,950479386,104,774.2384615384616,223.92576923076922,715.5,222,90,21,Rectangle,9,class->name
2,104,rectangle_java2.jpg,rectangle_java2.jpg,950647366,68,843.7658823529412,273.48176470588237,833.5,259,23,21,y1,2,class->block->decl_stmt->decl->name
2,104,rectangle_java2.jpg,rectangle_java2.jpg,950731365,80,838.223,282.613,837.5,295,9,21,(,1,class->block->constructor->parameter_list
2,104,rectangle_java2.jpg,rectangle_java2.jpg,950887393,124,871.8964516129032,277.7032258064516,863.5,259,10,21,",",1,class->block->decl_stmt
2,104,rectangle_java2.jpg,rectangle_java2.jpg,950887393,124,871.8964516129032,277.7032258064516,881.5,259,23,21,x2,2,class->block->decl_stmt->decl->name
2,104,rectangle_java2.jpg,rectangle_java2.jpg,951307390,56,888.9614285714285,267.78785714285715,881.5,259,23,21,x2,2,class->block->decl_stmt->decl->name
2,104,rectangle_java2.jpg,rectangle_java2.jpg,951435454,124,883.5125806451613,265.97387096774196,881.5,259,23,21,x2,2,class->block->decl_stmt->decl->name
2,104,rectangle_java2.jpg,rectangle_java2.jpg,951531387,64,869.546875,267.675625,863.5,259,10,21,",",1,class->block->decl_stmt
2,104,rectangle_java2.jpg,rectangle_java2.jpg,951531387,64,869.546875,267.675625,881.5,259,23,21,x2,2,class->block->decl_stmt->decl->name
2,104,rectangle_java2.jpg,rectangle_java2.jpg,951775180,60,721.7793333333333,215.16999999999996,715.5,222,90,21,Rectangle,9,class->name
2,104,rectangle_java2.jpg,rectangle_java2.jpg,951883287,68,751.6935294117648,237.59411764705885,715.5,222,90,21,Rectangle,9,class->name
2,104,rectangle_java2.jpg,rectangle_java2.jpg,952039338,64,747.373125,214.78375,715.5,222,90,21,Rectangle,9,class->name
2,104,rectangle_java2.jpg,rectangle_java2.jpg,952159297,116,747.5327586206896,229.48551724137928,715.5,222,90,21,Rectangle,9,class->name
2,104,rectangle_java2.jpg,rectangle_java2.jpg,955159182,108,736.0977777777778,379.6411111111111,730.5,367,71,21,this.y1,7,class->block->constructor->block->block_content->expr_stmt->expr->name->name->operator->name
2,104,rectangle_java2.jpg,rectangle_java2.jpg,956162997,64,793.224375,348.585625,730.5,331,71,19,this.x1,7,class->block->constructor->block->block_content->expr_stmt->expr->name->name->operator->name
2,104,rectangle_java2.jpg,rectangle_java2.jpg,957418763,60,730.7006666666666,445.4126666666666,730.5,440,71,21,this.y2,7,class->block->constructor->block->block_content->expr_stmt->expr->name->name->operator->name
2,104,rectangle_java2.jpg,rectangle_java2.jpg,958750856,68,714.93,285.0711764705882,669.5,295,63,21,public,6,class->block->constructor->specifier
2,104,rectangle_java2.jpg,rectangle_java2.jpg,959130766,76,714.5431578947369,257.1721052631579,669.5,259,72,21,private,7,class->block->decl_stmt->decl->type->specifier
2,104,rectangle_java2.jpg,rectangle_java2.jpg,959622719,60,661.2,488.09799999999996,672.5,478,10,18,},1,class->block->constructor->block
2,104,rectangle_java2.jpg,rectangle_java2.jpg,960026717,88,762.5936363636364,502.2609090909091,737.5,512,33,21,int,3,class->block->function->type->name
2,104,rectangle_java2.jpg,rectangle_java2.jpg,960254762,72,987.6366666666667,499.89611111111117,958.5,512,71,21,this.x2,7,class->block->function->block->block_content->return->expr->name->name->operator->name->operator
2,104,rectangle_java2.jpg,rectangle_java2.jpg,960378719,120,970.6936666666667,505.62799999999993,958.5,512,71,21,this.x2,7,class->block->function->block->block_content->return->expr->name->name->operator->name->operator
2,104,rectangle_java2.jpg,rectangle_java2.jpg,960502738,80,1094.8274999999999,506.092,1054.5,512,71,21,this.x1,7,class->block->function->block->block_content->return->expr->name->name->operator->name
2,104,rectangle_java2.jpg,rectangle_java2.jpg,960578754,72,1082.5244444444445,518.5111111111112,1054.5,512,71,21,this.x1,7,class->block->function->block->block_content->return->expr->name->name->operator->name
2,104,rectangle_java2.jpg,rectangle_java2.jpg,960650757,68,1071.0194117647059,528.1305882352941,1054.5,512,71,21,this.x1,7,class->block->function->block->block_content->return->expr->name->name->operator->name
2,104,rectangle_java2.jpg,rectangle_java2.jpg,960890751,80,1002.715,749.2225,941.5,731,91,20,Rectangle,9,class->block->function->block->block_content->decl_stmt->decl->init->expr->call->name
2,104,rectangle_java2.jpg,rectangle_java2.jpg,961898620,80,740.368,510.18450000000007,737.5,512,33,21,int,3,class->block->function->type->name
2,104,rectangle_java2.jpg,rectangle_java2.jpg,962298605,60,729.514,290.518,669.5,295,63,21,public,6,class->block->constructor->specifier
2,104,rectangle_java2.jpg,rectangle_java2.jpg,962298605,60,729.514,290.518,737.5,295,91,21,Rectangle,9,class->block->constructor->name
2,104,rectangle_java2.jpg,rectangle_java2.jpg,962382591,80,732.094,298.7345,669.5,295,63,21,public,6,class->block->constructor->specifier
2,104,rectangle_java2.jpg,rectangle_java2.jpg,962382591,80,732.094,298.7345,737.5,295,91,21,Rectangle,9,class->block->constructor->name
2,104,rectangle_java2.jpg,rectangle_java2.jpg,962534597,64,735.675625,366.071875,730.5,367,71,21,this.y1,7,class->block->constructor->block->block_content->expr_stmt->expr->name->name->operator->name
2,104,rectangle_java2.jpg,rectangle_java2.jpg,962654610,60,733.6853333333333,511.8620000000001,737.5,512,33,21,int,3,class->block->function->type->name
2,104,rectangle_java2.jpg,rectangle_java2.jpg,962714619,56,718.615,516.0728571428572,669.5,512,63,21,public,6,class->block->function->type->specifier
2,104,rectangle_java2.jpg,rectangle_java2.jpg,965030370,324,979.3848148148148,508.0696296296296,958.5,512,71,21,this.x2,7,class->block->function->block->block_content->return->expr->name->name->operator->name->operator
2,104,rectangle_java2.jpg,rectangle_java2.jpg,965286377,104,1058.6234615384615,516.225,1054.5,512,71,21,this.x1,7,class->block->function->block->block_content->return->expr->name->name->operator->name
2,104,rectangle_java2.jpg,rectangle_java2.jpg,966454377,68,721.1023529411765,502.8229411764705,669.5,512,63,21,public,6,class->block->function->type->specifier
2,104,rectangle_java2.jpg,rectangle_java2.jpg,966986188,148,886.8478378378378,499.9851351351351,891.5,512,62,21,return,6,class->block->function->block->block_content->return->expr->name->name
2,104,rectangle_java2.jpg,rectangle_java2.jpg,967614239,60,965.2306666666667,502.6526666666666,958.5,512,71,21,this.x2,7,class->block->function->block->block_content->return->expr->name->name->operator->name->operator
2,104,rectangle_java2.jpg,rectangle_java2.jpg,967674246,56,989.4714285714285,510.9835714285714,958.5,512,71,21,this.x2,7,class->block->function->block->block_content->return->expr->name->name->operator->name->operator
2,104,rectangle_java2.jpg,rectangle_java2.jpg,968274212,72,796.6905555555555,271.86055555555555,785.5,259,23,21,x1,2,class->block->decl_stmt->decl->name
2,104,rectangle_java2.jpg,rectangle_java2.jpg,968342212,64,808.135,266.7075,785.5,259,23,21,x1,2,class->block->decl_stmt->decl->name
2,104,rectangle_java2.jpg,rectangle_java2.jpg,968342212,64,808.135,266.7075,815.5,259,10,21,",",1,class->block->decl_stmt
2,104,rectangle_java2.jpg,rectangle_java2.jpg,968478182,132,806.7515151515152,268.2818181818182,785.5,259,23,21,x1,2,class->block->decl_stmt->decl->name
2,104,rectangle_java2.jpg,rectangle_java2.jpg,968478182,132,806.7515151515152,268.2818181818182,815.5,259,10,21,",",1,class->block->decl_stmt
2,104,rectangle_java2.jpg,rectangle_java2.jpg,969174051,244,1047.434918032787,525.3427868852459,1035.5,512,13,21,-,1,class->block->function->block->block_content->return->expr->name->name
2,104,rectangle_java2.jpg,rectangle_java2.jpg,969174051,244,1047.434918032787,525.3427868852459,1054.5,512,71,21,this.x1,7,class->block->function->block->block_content->return->expr->name->name->operator->name
2,104,rectangle_java2.jpg,rectangle_java2.jpg,969370072,164,1012.8607317073171,512.5419512195122,958.5,512,71,21,this.x2,7,class->block->function->block->block_content->return->expr->name->name->operator->name->operator
2,104,rectangle_java2.jpg,rectangle_java2.jpg,969537997,72,749.2777777777778,285.8022222222222,737.5,295,91,21,Rectangle,9,class->block->constructor->name
2,104,rectangle_java2.jpg,rectangle_java2.jpg,969617970,76,748.33,278.9115789473684,747.5,259,33,21,int,3,class->block->decl_stmt->decl->type->name
2,104,rectangle_java2.jpg,rectangle_java2.jpg,969954031,72,685.7911111111111,265.9772222222222,669.5,259,72,21,private,7,class->block->decl_stmt->decl->type->specifier
2,104,rectangle_java2.jpg,rectangle_java2.jpg,970214130,68,800.8541176470588,569.0635294117648,775.5,549,62,21,height,6,class->block->function->name
2,104,rectangle_java2.jpg,rectangle_java2.jpg,970665754,92,724.7269565217391,543.6482608695652,669.5,549,63,21,public,6,class->block->function->type->specifier
2,104,rectangle_java2.jpg,rectangle_java2.jpg,971213899,76,717.63,544.4694736842105,669.5,549,63,21,public,6,class->block->function->type->specifier
2,104,rectangle_java2.jpg,rectangle_java2.jpg,972281891,96,707.7908333333334,573.0916666666667,669.5,585,63,21,public,6,class->block->function->type->specifier
2,104,rectangle_java2.jpg,rectangle_java2.jpg,972909774,76,781.7157894736843,604.6489473684211,737.5,585,62,21,double,6,class->block->function->type->name
2,104,rectangle_java2.jpg,rectangle_java2.jpg,973169811,88,1003.4986363636364,585.0536363636363,977.5,585,101,21,this.width,10,class->block->function->block->block_content->return->expr->call->name->name->operator->name
2,104,rectangle_java2.jpg,rectangle_java2.jpg,973273811,100,1004.9264000000001,573.6056,977.5,585,101,21,this.width,10,class->block->function->block->block_content->return->expr->call->name->name->operator->name
2,104,rectangle_java2.jpg,rectangle_java2.jpg,973549842,168,887.3642857142858,562.6009523809523,883.5,549,10,21,{,1,class->block->function->block
2,104,rectangle_java2.jpg,rectangle_java2.jpg,973653858,100,885.5612,572.6836,893.5,585,10,21,{,1,class->block->function->block
2,104,rectangle_java2.jpg,rectangle_java2.jpg,973749855,92,884.3365217391304,583.97,893.5,585,10,21,{,1,class->block->function->block
2,104,rectangle_java2.jpg,rectangle_java2.jpg,973841853,88,885.9086363636363,595.1986363636364,893.5,585,10,21,{,1,class->block->function->block
2,104,rectangle_java2.jpg,rectangle_java2.jpg,974009812,164,880.6065853658537,577.3546341463415,873.5,585,9,21,),1,class->block->function->parameter_list
2,104,rectangle_java2.jpg,rectangle_java2.jpg,974085803,72,873.3566666666667,585.5272222222222,873.5,585,9,21,),1,class->block->function->parameter_list
2,104,rectangle_java2.jpg,rectangle_java2.jpg,974181808,68,1011.0005882352941,582.1164705882353,977.5,585,101,21,this.width,10,class->block->function->block->block_content->return->expr->call->name->name->operator->name
2,104,rectangle_java2.jpg,rectangle_java2.jpg,974249791,64,1007.93125,583.555625,977.5,585,101,21,this.width,10,class->block->function->block->block_content->return->expr->call->name->name->operator->name
2,104,rectangle_java2.jpg,rectangle_java2.jpg,974385583,132,1000.2896969696969,567.9766666666667,968.5,549,70,21,this.y2,7,class->block->function->block->block_content->return->expr->name->name->operator->name
2,104,rectangle_java2.jpg,rectangle_java2.jpg,974561560,72,977.5038888888889,584.2538888888889,977.5,585,101,21,this.width,10,class->block->function->block->block_content->return->expr->call->name->name->operator->name
2,104,rectangle_java2.jpg,rectangle_java2.jpg,974877662,140,872.974,546.8042857142857,883.5,549,10,21,{,1,class->block->function->block
2,104,rectangle_java2.jpg,rectangle_java2.jpg,974941665,60,854.4513333333333,559.184,846.5,549,10,21,(,1,class->block->function->parameter_list
2,104,rectangle_java2.jpg,rectangle_java2.jpg,974941665,60,854.4513333333333,559.184,863.5,549,9,21,),1,class->block->function->parameter_list
2,104,rectangle_java2.jpg,rectangle_java2.jpg,975213633,64,954.431875,567.54875,900.5,549,63,21,return,6,class->block->function->block->block_content->return
2,104,rectangle_java2.jpg,rectangle_java2.jpg,975273649,56,967.5871428571429,583.0478571428572,910.5,585,62,21,return,6,class->block->function->block->block_content->return
2,104,rectangle_java2.jpg,rectangle_java2.jpg,975273649,56,967.5871428571429,583.0478571428572,977.5,585,101,21,this.width,10,class->block->function->block->block_content->return->expr->call->name->name->operator->name
2,104,rectangle_java2.jpg,rectangle_java2.jpg,975497670,60,997.2806666666667,563.7,968.5,549,70,21,this.y2,7,class->block->function->block->block_content->return->expr->name->name->operator->name
2,104,rectangle_java2.jpg,rectangle_java2.jpg,975645626,64,1004.1,579.325625,977.5,585,101,21,this.width,10,class->block->function->block->block_content->return->expr->call->name->name->operator->name
2,104,rectangle_java2.jpg,rectangle_java2.jpg,976137841,84,696.1057142857143,546.6276190476191,669.5,549,63,21,public,6,class->block->function->type->specifier
2,104,rectangle_java2.jpg,rectangle_java2.jpg,976217767,76,707.7052631578947,558.12,669.5,549,63,21,public,6,class->block->function->type->specifier
2,104,rectangle_java2.jpg,rectangle_java2.jpg,977569588,100,674.3248,575.0600000000001,669.5,585,63,21,public,6,class->block->function->type->specifier
2,104,rectangle_java2.jpg,rectangle_java2.jpg,977973646,64,708.225625,561.573125,669.5,549,63,21,public,6,class->block->function->type->specifier
2,104,rectangle_java2.jpg,rectangle_java2.jpg,978241294,92,769.6426086956521,566.6917391304348,737.5,549,33,21,int,3,class->block->function->type->name
2,104,rectangle_java2.jpg,rectangle_java2.jpg,978241294,92,769.6426086956521,566.6917391304348,775.5,549,62,21,height,6,class->block->function->name
2,104,rectangle_java2.jpg,rectangle_java2.jpg,978449439,56,664.045,563.8814285714286,669.5,549,63,21,public,6,class->block->function->type->specifier
2,104,rectangle_java2.jpg,rectangle_java2.jpg,978537436,84,673.4657142857143,568.5952380952381,669.5,549,63,21,public,6,class->block->function->type->specifier
2,104,rectangle_java2.jpg,rectangle_java2.jpg,978621434,80,661.966,567.329,669.5,549,63,21,public,6,class->block->function->type->specifier
2,104,rectangle_java2.jpg,rectangle_java2.jpg,978705439,80,666.489,563.2745,669.5,549,63,21,public,6,class->block->function->type->specifier
2,104,rectangle_java2.jpg,rectangle_java2.jpg,979997424,172,709.2644186046512,554.2902325581396,669.5,549,63,21,public,6,class->block->function->type->specifier
2,104,rectangle_java2.jpg,rectangle_java2.jpg,980101375,60,693.7366666666667,559.53,669.5,549,63,21,public,6,class->block->function->type->specifier
2,104,rectangle_java2.jpg,rectangle_java2.jpg,980245290,140,683.1162857142857,555.542,669.5,549,63,21,public,6,class->block->function->type->specifier
2,104,rectangle_java2.jpg,rectangle_java2.jpg,980309286,60,699.8153333333333,553.1446666666667,669.5,549,63,21,public,6,class->block->function->type->specifier
2,104,rectangle_java2.jpg,rectangle_java2.jpg,980501254,128,751.738125,546.903125,737.5,549,33,21,int,3,class->block->function->type->name
2,104,rectangle_java2.jpg,rectangle_java2.jpg,980561240,56,743.6428571428571,562.2635714285715,737.5,549,33,21,int,3,class->block->function->type->name
2,104,rectangle_java2.jpg,rectangle_java2.jpg,980857302,80,679.7435,552.467,669.5,549,63,21,public,6,class->block->function->type->specifier
2,104,rectangle_java2.jpg,rectangle_java2.jpg,980929281,68,693.7264705882353,564.1617647058823,669.5,549,63,21,public,6,class->block->function->type->specifier
2,104,rectangle_java2.jpg,rectangle_java2.jpg,980997261,64,669.890625,556.3518750000001,669.5,549,63,21,public,6,class->block->function->type->specifier
2,104,rectangle_java2.jpg,rectangle_java2.jpg,981437271,76,693.2157894736843,539.1947368421053,669.5,549,63,21,public,6,class->block->function->type->specifier
2,104,rectangle_java2.jpg,rectangle_java2.jpg,981913135,56,708.5378571428571,573.2042857142857,669.5,585,63,21,public,6,class->block->function->type->specifier
2,104,rectangle_java2.jpg,rectangle_java2.jpg,982092999,100,781.4896,562.2832,775.5,549,62,21,height,6,class->block->function->name
2,104,rectangle_java2.jpg,rectangle_java2.jpg,982285098,188,778.66,575.8006382978723,737.5,585,62,21,double,6,class->block->function->type->name
2,104,rectangle_java2.jpg,rectangle_java2.jpg,982529120,76,746.2078947368421,561.0352631578947,737.5,549,33,21,int,3,class->block->function->type->name
2,104,rectangle_java2.jpg,rectangle_java2.jpg,982653242,80,755.5935,579.3785,737.5,585,62,21,double,6,class->block->function->type->name
2,104,rectangle_java2.jpg,rectangle_java2.jpg,982925185,92,692.3360869565217,555.8165217391304,669.5,549,63,21,public,6,class->block->function->type->specifier
2,104,rectangle_java2.jpg,rectangle_java2.jpg,983029258,100,678.7572,562.0588,669.5,549,63,21,public,6,class->block->function->type->specifier
2,104,rectangle_java2.jpg,rectangle_java2.jpg,983169179,84,781.412380952381,559.1661904761905,775.5,549,62,21,height,6,class->block->function->name
2,104,rectangle_java2.jpg,rectangle_java2.jpg,983393136,92,1010.9491304347827,562.8582608695652,968.5,549,70,21,this.y2,7,class->block->function->block->block_content->return->expr->name->name->operator->name
2,104,rectangle_java2.jpg,rectangle_java2.jpg,983513145,116,1018.4527586206897,573.4675862068965,977.5,585,101,21,this.width,10,class->block->function->block->block_content->return->expr->call->name->name->operator->name
2,104,rectangle_java2.jpg,rectangle_java2.jpg,983637171,56,1157.3407142857143,585.6607142857143,1140.5,585,110,21,this.height,11,class->block->function->block->block_content->return->expr->call->name->name->operator->name
2,104,rectangle_java2.jpg,rectangle_java2.jpg,983753112,72,1145.1822222222222,593.2966666666666,1140.5,585,110,21,this.height,11,class->block->function->block->block_content->return->expr->call->name->name->operator->name
2,104,rectangle_java2.jpg,rectangle_java2.jpg,983829042,56,1205.725,602.7135714285714,1140.5,585,110,21,this.height,11,class->block->function->block->block_content->return->expr->call->name->name->operator->name
2,104,rectangle_java2.jpg,rectangle_java2.jpg,984376941,116,711.6331034482758,557.1372413793104,669.5,549,63,21,public,6,class->block->function->type->specifier
2,104,rectangle_java2.jpg,rectangle_java2.jpg,984593083,92,719.2660869565217,531.5386956521739,669.5,512,63,21,public,6,class->block->function->type->specifier
2,104,rectangle_java2.jpg,rectangle_java2.jpg,984693107,68,736.6317647058823,520.1270588235294,737.5,512,33,21,int,3,class->block->function->type->name
2,104,rectangle_java2.jpg,rectangle_java2.jpg,985092972,88,661.1386363636364,620.1604545454545,669.5,621,63,21,public,6,class->block->function->type->specifier
2,104,rectangle_java2.jpg,rectangle_java2.jpg,985216979,120,660.5466666666666,601.8856666666667,669.5,585,63,21,public,6,class->block->function->type->specifier
2,104,rectangle_java2.jpg,rectangle_java2.jpg,985617041,96,715.0045833333334,596.42375,669.5,585,63,21,public,6,class->block->function->type->specifier
2,104,rectangle_java2.jpg,rectangle_java2.jpg,985705035,84,716.6376190476191,597.527619047619,669.5,585,63,21,public,6,class->block->function->type->specifier
2,104,rectangle_java2.jpg,rectangle_java2.jpg,985793000,84,729.4661904761905,586.9919047619047,669.5,585,63,21,public,6,class->block->function->type->specifier
2,104,rectangle_java2.jpg,rectangle_java2.jpg,985793000,84,729.4661904761905,586.9919047619047,737.5,585,62,21,double,6,class->block->function->type->name
2,104,rectangle_java2.jpg,rectangle_java2.jpg,986412903,112,947.9178571428571,624.6214285714286,920.5,621,62,21,String,6,class->block->function->parameter_list->parameter->decl->type->name->name
2,104,rectangle_java2.jpg,rectangle_java2.jpg,986484885,68,958.1017647058824,640.1694117647058,920.5,621,62,21,String,6,class->block->function->parameter_list->parameter->decl->type->name->name
2,104,rectangle_java2.jpg,rectangle_java2.jpg,986576851,88,976.4659090909091,652.6877272727272,941.5,658,91,20,Rectangle,9,class->block->function->block->block_content->decl_stmt->decl->init->expr->call->name
2,104,rectangle_java2.jpg,rectangle_java2.jpg,986700823,60,965.4633333333334,641.04,920.5,621,62,21,String,6,class->block->function->parameter_list->parameter->decl->type->name->name
2,104,rectangle_java2.jpg,rectangle_java2.jpg,986768824,64,964.453125,645.689375,941.5,658,91,20,Rectangle,9,class->block->function->block->block_content->decl_stmt->decl->init->expr->call->name
2,104,rectangle_java2.jpg,rectangle_java2.jpg,986972846,56,726.6628571428571,650.0057142857142,730.5,658,91,20,Rectangle,9,class->block->function->block->block_content->decl_stmt->decl->type->name
2,104,rectangle_java2.jpg,rectangle_java2.jpg,987132861,76,683.0326315789474,615.5489473684211,669.5,621,63,21,public,6,class->block->function->type->specifier
2,104,rectangle_java2.jpg,rectangle_java2.jpg,987224875,88,703.1831818181819,613.6672727272727,669.5,621,63,21,public,6,class->block->function->type->specifier
2,104,rectangle_java2.jpg,rectangle_java2.jpg,987308890,80,704.2595,600.836,669.5,585,63,21,public,6,class->block->function->type->specifier
2,104,rectangle_java2.jpg,rectangle_java2.jpg,987404904,92,688.5043478260869,614.3130434782609,669.5,621,63,21,public,6,class->block->function->type->specifier
2,104,rectangle_java2.jpg,rectangle_java2.jpg,987692766,68,789.2517647058824,605.5247058823529,737.5,585,62,21,double,6,class->block->function->type->name
2,104,rectangle_java2.jpg,rectangle_java2.jpg,987924782,228,789.7647368421052,586.1815789473684,737.5,585,62,21,double,6,class->block->function->type->name
2,104,rectangle_java2.jpg,rectangle_java2.jpg,988016795,88,774.0222727272727,591.9127272727272,737.5,585,62,21,double,6,class->block->function->type->name
2,104,rectangle_java2.jpg,rectangle_java2.jpg,988076800,56,761.3942857142857,604.5492857142857,737.5,585,62,21,double,6,class->block->function->type->name
2,104,rectangle_java2.jpg,rectangle_java2.jpg,988136801,56,761.825,615.77,738.5,621,61,21,static,6,class->block->function->type->specifier
2,104,rectangle_java2.jpg,rectangle_java2.jpg,988264749,88,782.9618181818182,605.7559090909091,737.5,585,62,21,double,6,class->block->function->type->name
2,104,rectangle_java2.jpg,rectangle_java2.jpg,988420665,152,779.1407894736842,593.6186842105263,737.5,585,62,21,double,6,class->block->function->type->name
2,104,rectangle_java2.jpg,rectangle_java2.jpg,988628668,104,704.8023076923077,610.945,669.5,621,63,21,public,6,class->block->function->type->specifier
2,104,rectangle_java2.jpg,rectangle_java2.jpg,988692680,60,702.696,615.838,669.5,621,63,21,public,6,class->block->function->type->specifier
2,104,rectangle_java2.jpg,rectangle_java2.jpg,988780689,84,705.9633333333334,628.634761904762,669.5,621,63,21,public,6,class->block->function->type->specifier
2,104,rectangle_java2.jpg,rectangle_java2.jpg,989440774,60,716.0053333333334,610.8673333333334,669.5,621,63,21,public,6,class->block->function->type->specifier
2,104,rectangle_java2.jpg,rectangle_java2.jpg,989524604,60,733.884,626.3446666666666,738.5,621,61,21,static,6,class->block->function->type->specifier
2,104,rectangle_java2.jpg,rectangle_java2.jpg,989752456,92,672.3252173913044,624.4226086956521,669.5,621,63,21,public,6,class->block->function->type->specifier
2,104,rectangle_java2.jpg,rectangle_java2.jpg,989856589,100,673.3976,628.9084,669.5,621,63,21,public,6,class->block->function->type->specifier
2,104,rectangle_java2.jpg,rectangle_java2.jpg,990080571,152,757.1994736842105,604.8136842105263,737.5,585,62,21,double,6,class->block->function->type->name
2,104,rectangle_java2.jpg,rectangle_java2.jpg,990168585,84,748.7095238095238,594.9347619047619,737.5,585,62,21,double,6,class->block->function->type->name
2,104,rectangle_java2.jpg,rectangle_java2.jpg,990328600,124,794.0341935483871,600.961935483871,737.5,585,62,21,double,6,class->block->function->type->name
2,104,rectangle_java2.jpg,rectangle_java2.jpg,990328600,124,794.0341935483871,600.961935483871,804.5,585,43,21,area,4,class->block->function->name
2,104,rectangle_java2.jpg,rectangle_java2.jpg,990552592,72,764.5888888888888,592.3827777777777,737.5,585,62,21,double,6,class->block->function->type->name
2,104,rectangle_java2.jpg,rectangle_java2.jpg,990668574,80,762.288,596.6205,737.5,585,62,21,double,6,class->block->function->type->name
2,104,rectangle_java2.jpg,rectangle_java2.jpg,990784572,112,769.9885714285714,600.4275,737.5,585,62,21,double,6,class->block->function->type->name
2,104,rectangle_java2.jpg,rectangle_java2.jpg,991200610,124,877.6764516129032,636.9374193548387,851.5,621,44,21,main,4,class->block->function->name
2,104,rectangle_java2.jpg,rectangle_java2.jpg,991388476,132,1066.2930303030303,665.8987878787879,1057.5,658,13,20,0,1,class->block->function->block->block_content->decl_stmt->decl->init->expr->call->argument_list->argument->expr->literal
2,104,rectangle_java2.jpg,rectangle_java2.jpg,991388476,132,1066.2930303030303,665.8987878787879,1077.5,658,9,20,",",1,class->block->function->block->block_content->decl_stmt->decl->init->expr->call->argument_list
2,104,rectangle_java2.jpg,rectangle_java2.jpg,991448390,56,1055.1942857142858,649.1071428571429,1057.5,658,13,20,0,1,class->block->function->block->block_content->decl_stmt->decl->init->expr->call->argument_list->argument->expr->literal
2,104,rectangle_java2.jpg,rectangle_java2.jpg,991892467,56,932.8464285714285,634.4528571428572,920.5,621,62,21,String,6,class->block->function->parameter_list->parameter->decl->type->name->name
2,104,rectangle_java2.jpg,rectangle_java2.jpg,992016481,120,935.5226666666666,627.8873333333333,920.5,621,62,21,String,6,class->block->function->parameter_list->parameter->decl->type->name->name
2,104,rectangle_java2.jpg,rectangle_java2.jpg,992088494,68,940.6517647058823,622.9035294117647,920.5,621,62,21,String,6,class->block->function->parameter_list->parameter->decl->type->name->name
2,104,rectangle_java2.jpg,rectangle_java2.jpg,992268502,100,888.8656,622.5276,851.5,621,44,21,main,4,class->block->function->name
2,104,rectangle_java2.jpg,rectangle_java2.jpg,992416520,100,902.7752,650.9732,902.5,658,34,20,new,3,class->block->function->block->block_content->decl_stmt->decl->init->expr->operator
2,104,rectangle_java2.jpg,rectangle_java2.jpg,992872471,140,989.1088571428571,702.454,932.5,694,100,21,rect1.area,10,class->block->function->block->block_content->expr_stmt->expr->call->argument_list->argument->expr->call->name->name->operator->name
2,104,rectangle_java2.jpg,rectangle_java2.jpg,993096521,172,1110.1844186046512,656.5662790697675,1115.5,658,10,20,",",1,class->block->function->block->block_content->decl_stmt->decl->init->expr->call->argument_list
2,104,rectangle_java2.jpg,rectangle_java2.jpg,993228518,128,1111.4925,663.43625,1115.5,658,10,20,",",1,class->block->function->block->block_content->decl_stmt->decl->init->expr->call->argument_list
2,104,rectangle_java2.jpg,rectangle_java2.jpg,993644355,88,1081.4218181818183,659.8590909090909,1077.5,658,9,20,",",1,class->block->function->block->block_content->decl_stmt->decl->init->expr->call->argument_list
2,104,rectangle_java2.jpg,rectangle_java2.jpg,994436324,140,1057.1200000000001,672.0188571428572,1057.5,658,13,20,0,1,class->block->function->block->block_content->decl_stmt->decl->init->expr->call->argument_list->argument->expr->literal
2,104,rectangle_java2.jpg,rectangle_java2.jpg,994712337,56,710.2264285714285,261.7557142857143,669.5,259,72,21,private,7,class->block->decl_stmt->decl->type->specifier
2,104,rectangle_java2.jpg,rectangle_java2.jpg,994844341,60,717.7013333333333,290.328,669.5,295,63,21,public,6,class->block->constructor->specifier
2,104,rectangle_java2.jpg,rectangle_java2.jpg,995120306,124,837.9909677419355,277.20774193548385,833.5,259,23,21,y1,2,class->block->decl_stmt->decl->name
2,104,rectangle_java2.jpg,rectangle_java2.jpg,995192263,68,851.4423529411764,269.25117647058823,833.5,259,23,21,y1,2,class->block->decl_stmt->decl->name
2,104,rectangle_java2.jpg,rectangle_java2.jpg,995192263,68,851.4423529411764,269.25117647058823,863.5,259,10,21,",",1,class->block->decl_stmt
2,104,rectangle_java2.jpg,rectangle_java2.jpg,995368297,100,930.1696,274.972,929.5,259,23,21,y2,2,class->block->decl_stmt->decl->name
2,104,rectangle_java2.jpg,rectangle_java2.jpg,995476313,64,939.653125,254.65125,929.5,259,23,21,y2,2,class->block->decl_stmt->decl->name
2,104,rectangle_java2.jpg,rectangle_java2.jpg,995932224,56,1103.2485714285715,661.5085714285714,1095.5,658,13,20,0,1,class->block->function->block->block_content->decl_stmt->decl->init->expr->call->argument_list->argument->expr->literal
2,104,rectangle_java2.jpg,rectangle_java2.jpg,995932224,56,1103.2485714285715,661.5085714285714,1115.5,658,10,20,",",1,class->block->function->block->block_content->decl_stmt->decl->init->expr->call->argument_list
2,104,rectangle_java2.jpg,rectangle_java2.jpg,996492257,112,848.8832142857143,712.3110714285714,730.5,694,177,21,System.out.println,18,class->block->function->block->block_content->expr_stmt->expr->call->name->name->operator->name->operator->name
2,104,rectangle_java2.jpg,rectangle_java2.jpg,996564232,56,783.2257142857143,707.5257142857142,730.5,694,177,21,System.out.println,18,class->block->function->block->block_content->expr_stmt->expr->call->name->name->operator->name->operator->name
2,104,rectangle_java2.jpg,rectangle_java2.jpg,996728209,84,762.6161904761905,709.1580952380953,730.5,694,177,21,System.out.println,18,class->block->function->block->block_content->expr_stmt->expr->call->name->name->operator->name->operator->name
2,104,rectangle_java2.jpg,rectangle_java2.jpg,996808229,76,772.6542105263158,695.5084210526315,730.5,694,177,21,System.out.println,18,class->block->function->block->block_content->expr_stmt->expr->call->name->name->operator->name->operator->name
2,104,rectangle_java2.jpg,rectangle_java2.jpg,997524121,96,925.5366666666666,693.4708333333333,932.5,694,100,21,rect1.area,10,class->block->function->block->block_content->expr_stmt->expr->call->argument_list->argument->expr->call->name->name->operator->name
2,104,rectangle_java2.jpg,rectangle_java2.jpg,997592137,64,944.814375,691.151875,932.5,694,100,21,rect1.area,10,class->block->function->block->block_content->expr_stmt->expr->call->argument_list->argument->expr->call->name->name->operator->name
2,104,rectangle_java2.jpg,rectangle_java2.jpg,997800081,64,920.45625,685.53,916.5,694,9,21,(,1,class->block->function->block->block_content->expr_stmt->expr->call->argument_list
2,104,rectangle_java2.jpg,rectangle_java2.jpg,997800081,64,920.45625,685.53,932.5,694,100,21,rect1.area,10,class->block->function->block->block_content->expr_stmt->expr->call->argument_list->argument->expr->call->name->name->operator->name
2,104,rectangle_java2.jpg,rectangle_java2.jpg,998080112,168,892.48,705.3433333333334,730.5,694,177,21,System.out.println,18,class->block->function->block->block_content->expr_stmt->expr->call->name->name->operator->name->operator->name
2,104,rectangle_java2.jpg,rectangle_java2.jpg,998220120,68,980.8876470588235,694.6705882352942,932.5,694,100,21,rect1.area,10,class->block->function->block->block_content->expr_stmt->expr->call->argument_list->argument->expr->call->name->name->operator->name
2,104,rectangle_java2.jpg,rectangle_java2.jpg,998548143,80,1142.5295,671.7445,1134.5,658,22,20,10,2,class->block->function->block->block_content->decl_stmt->decl->init->expr->call->argument_list->argument->expr->literal
2,104,rectangle_java2.jpg,rectangle_java2.jpg,998836083,72,1108.5444444444445,665.3122222222222,1115.5,658,10,20,",",1,class->block->function->block->block_content->decl_stmt->decl->init->expr->call->argument_list
2,104,rectangle_java2.jpg,rectangle_java2.jpg,998943985,76,1098.5505263157895,595.4410526315789,1103.5,585,9,21,),1,class->block->function->block->block_content->return->expr->call->argument_list
2,104,rectangle_java2.jpg,rectangle_java2.jpg,999051727,72,1100.33,538.9494444444445,1064.5,549,71,21,this.y1,7,class->block->function->block->block_content->return->expr->name->name->operator->name
2,104,rectangle_java2.jpg,rectangle_java2.jpg,999219764,68,1072.5947058823529,513.4611764705883,1054.5,512,71,21,this.x1,7,class->block->function->block->block_content->return->expr->name->name->operator->name
2,104,rectangle_java2.jpg,rectangle_java2.jpg,999423965,56,1056.3828571428571,503.1314285714286,1054.5,512,71,21,this.x1,7,class->block->function->block->block_content->return->expr->name->name->operator->name
2,104,rectangle_java2.jpg,rectangle_java2.jpg,999564003,68,942.3670588235294,542.6082352941177,900.5,549,63,21,return,6,class->block->function->block->block_content->return
2,104,rectangle_java2.jpg,rectangle_java2.jpg,999791991,60,846.12,301.38866666666667,837.5,295,9,21,(,1,class->block->constructor->parameter_list
2,104,rectangle_java2.jpg,rectangle_java2.jpg,999791991,60,846.12,301.38866666666667,853.5,295,32,21,int,3,class->block->constructor->parameter_list->parameter->decl->type->name
2,104,rectangle_java2.jpg,rectangle_java2.jpg,999899951,56,866.7835714285715,254.76357142857142,863.5,259,10,21,",",1,class->block->decl_stmt
2,104,rectangle_java2.jpg,rectangle_java2.jpg,1000323921,80,915.9175,275.3265,911.5,259,10,21,",",1,class->block->decl_stmt
2,104,rectangle_java2.jpg,rectangle_java2.jpg,1000495935,68,825.8217647058824,259.74,833.5,259,23,21,y1,2,class->block->decl_stmt->decl->name
2,104,rectangle_java2.jpg,rectangle_java2.jpg,1000627942,84,840.4319047619048,258.71999999999997,833.5,259,23,21,y1,2,class->block->decl_stmt->decl->name
2,104,rectangle_java2.jpg,rectangle_java2.jpg,1000775947,100,829.7352,263.1292,833.5,259,23,21,y1,2,class->block->decl_stmt->decl->name
2,104,rectangle_java2.jpg,rectangle_java2.jpg,1001055730,56,739.575,294.98285714285714,737.5,295,91,21,Rectangle,9,class->block->constructor->name
2,104,rectangle_java2.jpg,rectangle_java2.jpg,1001203766,144,741.7386111111111,306.14,737.5,295,91,21,Rectangle,9,class->block->constructor->name
2,104,rectangle_java2.jpg,rectangle_java2.jpg,1001999851,72,733.0961111111111,315.305,737.5,295,91,21,Rectangle,9,class->block->constructor->name
2,104,rectangle_java2.jpg,rectangle_java2.jpg,1002123846,84,752.8252380952381,303.1104761904762,737.5,295,91,21,Rectangle,9,class->block->constructor->name
2,104,rectangle_java2.jpg,rectangle_java2.jpg,1002315751,112,678.0860714285715,304.5835714285714,669.5,295,63,21,public,6,class->block->constructor->specifier
2,104,rectangle_java2.jpg,rectangle_java2.jpg,1002555750,132,702.1581818181818,313.71181818181816,669.5,295,63,21,public,6,class->block->constructor->specifier
2,104,rectangle_java2.jpg,rectangle_java2.jpg,1002691769,68,693.6364705882353,306.3741176470588,669.5,295,63,21,public,6,class->block->constructor->specifier
2,104,rectangle_java2.jpg,rectangle_java2.jpg,1002867679,104,755.6515384615385,337.12961538461536,730.5,331,71,19,this.x1,7,class->block->constructor->block->block_content->expr_stmt->expr->name->name->operator->name
2,104,rectangle_java2.jpg,rectangle_java2.jpg,1003327698,80,688.6045,296.654,669.5,295,63,21,public,6,class->block->constructor->specifier
2,104,rectangle_java2.jpg,rectangle_java2.jpg,1003967665,92,1098.848695652174,603.814347826087,1103.5,585,9,21,),1,class->block->function->block->block_content->return->expr->call->argument_list
2,104,rectangle_java2.jpg,rectangle_java2.jpg,1004131722,60,1094.3953333333334,702.782,1096.5,694,10,21,;,1,class->block->function->block->block_content->expr_stmt
2,104,rectangle_java2.jpg,rectangle_java2.jpg,1004691668,160,750.0285,311.1735,737.5,295,91,21,Rectangle,9,class->block->constructor->name
2,104,rectangle_java2.jpg,rectangle_java2.jpg,1004763675,68,732.7358823529412,309.7217647058823,737.5,295,91,21,Rectangle,9,class->block->constructor->name
2,104,rectangle_java2.jpg,rectangle_java2.jpg,1004907642,68,840.5311764705882,270.8911764705882,833.5,259,23,21,y1,2,class->block->decl_stmt->decl->name
2,104,rectangle_java2.jpg,rectangle_java2.jpg,1005027592,64,838.33625,274.2225,833.5,259,23,21,y1,2,class->block->decl_stmt->decl->name
2,104,rectangle_java2.jpg,rectangle_java2.jpg,1005163564,132,828.1272727272727,287.66121212121215,737.5,295,91,21,Rectangle,9,class->block->constructor->name
2,104,rectangle_java2.jpg,rectangle_java2.jpg,1005163564,132,828.1272727272727,287.66121212121215,837.5,295,9,21,(,1,class->block->constructor->parameter_list
2,104,rectangle_java2.jpg,rectangle_java2.jpg,1005459572,72,897.9733333333334,283.62611111111113,890.5,295,24,21,x1,2,class->block->constructor->parameter_list->parameter->decl->type->name
2,104,rectangle_java2.jpg,rectangle_java2.jpg,1005703553,96,904.0175,247.47125,881.5,259,23,21,x2,2,class->block->decl_stmt->decl->name
2,104,rectangle_java2.jpg,rectangle_java2.jpg,1005703553,96,904.0175,247.47125,911.5,259,10,21,",",1,class->block->decl_stmt
2,104,rectangle_java2.jpg,rectangle_java2.jpg,1006055565,100,819.1212,254.62599999999998,815.5,259,10,21,",",1,class->block->decl_stmt
2,104,rectangle_java2.jpg,rectangle_java2.jpg,1006995392,56,858.4228571428571,257.4442857142857,863.5,259,10,21,",",1,class->block->decl_stmt
2,104,rectangle_java2.jpg,rectangle_java2.jpg,1007267468,56,894.955,267.235,881.5,259,23,21,x2,2,class->block->decl_stmt->decl->name
2,104,rectangle_java2.jpg,rectangle_java2.jpg,1007799421,144,1059.346388888889,287.2677777777778,1063.5,295,23,21,x2,2,class->block->constructor->parameter_list->parameter->decl->type->name
2,104,rectangle_java2.jpg,rectangle_java2.jpg,1008915262,72,1194.1261111111112,581.5983333333334,1140.5,585,110,21,this.height,11,class->block->function->block->block_content->return->expr->call->name->name->operator->name
2,104,rectangle_java2.jpg,rectangle_java2.jpg,1009075306,80,977.5745,702.1655,932.5,694,100,21,rect1.area,10,class->block->function->block->block_content->expr_stmt->expr->call->argument_list->argument->expr->call->name->name->operator->name
2,104,rectangle_java2.jpg,rectangle_java2.jpg,1009207270,128,971.468125,712.6284375,932.5,694,100,21,rect1.area,10,class->block->function->block->block_content->expr_stmt->expr->call->argument_list->argument->expr->call->name->name->operator->name
2,104,rectangle_java2.jpg,rectangle_java2.jpg,1009311261,64,904.45125,714.920625,730.5,694,177,21,System.out.println,18,class->block->function->block->block_content->expr_stmt->expr->call->name->name->operator->name->operator->name
2,104,rectangle_java2.jpg,rectangle_java2.jpg,1009311261,64,904.45125,714.920625,916.5,694,9,21,(,1,class->block->function->block->block_content->expr_stmt->expr->call->argument_list
2,104,rectangle_java2.jpg,rectangle_java2.jpg,1009391261,76,907.3,729.7531578947369,902.5,731,34,20,new,3,class->block->function->block->block_content->decl_stmt->decl->init->expr->operator
2,104,rectangle_java2.jpg,rectangle_java2.jpg,1009495257,80,914.3545,710.978,916.5,694,9,21,(,1,class->block->function->block->block_content->expr_stmt->expr->call->argument_list
2,104,rectangle_java2.jpg,rectangle_java2.jpg,1009747275,108,979.7844444444445,723.1248148148148,941.5,731,91,20,Rectangle,9,class->block->function->block->block_content->decl_stmt->decl->init->expr->call->name
2,104,rectangle_java2.jpg,rectangle_java2.jpg,1009871269,72,1118.2483333333332,670.7711111111112,1115.5,658,10,20,",",1,class->block->function->block->block_content->decl_stmt->decl->init->expr->call->argument_list
2,104,rectangle_java2.jpg,rectangle_java2.jpg,1011991131,76,876.2747368421052,711.3063157894737,730.5,694,177,21,System.out.println,18,class->block->function->block->block_content->expr_stmt->expr->call->name->name->operator->name->operator->name
2,104,rectangle_java2.jpg,rectangle_java2.jpg,1012187059,68,964.3358823529412,711.8429411764706,932.5,694,100,21,rect1.area,10,class->block->function->block->block_content->expr_stmt->expr->call->argument_list->argument->expr->call->name->name->operator->name
2,104,rectangle_java2.jpg,rectangle_java2.jpg,1012290975,68,944.7723529411765,724.5817647058824,941.5,731,91,20,Rectangle,9,class->block->function->block->block_content->decl_stmt->decl->init->expr->call->name
2,104,rectangle_java2.jpg,rectangle_java2.jpg,1012374906,56,961.295,722.7785714285715,941.5,731,91,20,Rectangle,9,class->block->function->block->block_content->decl_stmt->decl->init->expr->call->name
2,104,rectangle_java2.jpg,rectangle_java2.jpg,1012478939,64,957.15625,729.259375,941.5,731,91,20,Rectangle,9,class->block->function->block->block_content->decl_stmt->decl->init->expr->call->name
2,104,rectangle_java2.jpg,rectangle_java2.jpg,1013339045,136,1053.295294117647,548.6855882352941,1045.5,549,13,21,-,1,class->block->function->block->block_content->return->expr->operator
2,104,rectangle_java2.jpg,rectangle_java2.jpg,1013339045,136,1053.295294117647,548.6855882352941,1064.5,549,71,21,this.y1,7,class->block->function->block->block_content->return->expr->name->name->operator->name
2,104,rectangle_java2.jpg,rectangle_java2.jpg,1013407077,64,1054.806875,573.250625,977.5,585,101,21,this.width,10,class->block->function->block->block_content->return->expr->call->name->name->operator->name
2,104,rectangle_java2.jpg,rectangle_java2.jpg,1013483064,72,1068.0316666666668,551.026111111111,1064.5,549,71,21,this.y1,7,class->block->function->block->block_content->return->expr->name->name->operator->name
2,104,rectangle_java2.jpg,rectangle_java2.jpg,1013555046,68,1065.5470588235294,530.8482352941177,1054.5,512,71,21,this.x1,7,class->block->function->block->block_content->return->expr->name->name->operator->name
2,104,rectangle_java2.jpg,rectangle_java2.jpg,1013862970,72,857.9544444444444,720.42,826.5,731,51,20,rect2,5,class->block->function->block->block_content->decl_stmt->decl->name
2,104,rectangle_java2.jpg,rectangle_java2.jpg,1013943023,76,854.8742105263158,735.0805263157895,826.5,731,51,20,rect2,5,class->block->function->block->block_content->decl_stmt->decl->name
2,104,rectangle_java2.jpg,rectangle_java2.jpg,1014406910,140,966.168,713.4494285714286,932.5,694,100,21,rect1.area,10,class->block->function->block->block_content->expr_stmt->expr->call->argument_list->argument->expr->call->name->name->operator->name
2,104,rectangle_java2.jpg,rectangle_java2.jpg,1014482907,72,956.2505555555556,729.8094444444445,941.5,731,91,20,Rectangle,9,class->block->function->block->block_content->decl_stmt->decl->init->expr->call->name
2,104,rectangle_java2.jpg,rectangle_java2.jpg,1014642903,72,961.2194444444444,695.1433333333333,932.5,694,100,21,rect1.area,10,class->block->function->block->block_content->expr_stmt->expr->call->argument_list->argument->expr->call->name->name->operator->name
2,104,rectangle_java2.jpg,rectangle_java2.jpg,1014846914,56,1100.4285714285716,757.2557142857142,1096.5,766,10,21,;,1,class->block->function->block->block_content->expr_stmt
2,104,rectangle_java2.jpg,rectangle_java2.jpg,1017238801,56,1020.5342857142857,739.5271428571428,941.5,731,91,20,Rectangle,9,class->block->function->block->block_content->decl_stmt->decl->init->expr->call->name
2,104,rectangle_java2.jpg,rectangle_java2.jpg,1017786755,72,1093.802222222222,776.0127777777777,1096.5,766,10,21,;,1,class->block->function->block->block_content->expr_stmt
2,104,rectangle_java2.jpg,rectangle_java2.jpg,1017946675,156,1090.6428205128204,781.5633333333333,1096.5,766,10,21,;,1,class->block->function->block->block_content->expr_stmt
2,104,rectangle_java2.jpg,rectangle_java2.jpg,1023094344,68,1105.6211764705884,740.1041176470588,1095.5,731,13,20,5,1,class->block->function->block->block_content->decl_stmt->decl->init->expr->call->argument_list->argument->expr->literal
2,104,rectangle_java2.jpg,rectangle_java2.jpg,1023094344,68,1105.6211764705884,740.1041176470588,1115.5,731,10,20,",",1,class->block->function->block->block_content->decl_stmt->decl->init->expr->call->argument_list
2,104,rectangle_java2.jpg,rectangle_java2.jpg,1024926273,56,1042.4014285714286,732.1964285714286,1041.5,731,9,20,(,1,class->block->function->block->block_content->decl_stmt->decl->init->expr->call->argument_list
2,104,rectangle_java2.jpg,rectangle_java2.jpg,1025098198,120,1050.8183333333334,746.0833333333334,1057.5,731,13,20,5,1,class->block->function->block->block_content->decl_stmt->decl->init->expr->call->argument_list->argument->expr->literal
2,104,rectangle_java2.jpg,rectangle_java2.jpg,1032567613,140,825.2828571428571,338.322,826.5,331,23,19,x1,2,class->block->constructor->block->block_content->expr_stmt->expr->name->name
2,104,rectangle_java2.jpg,rectangle_java2.jpg,1032863713,188,959.698085106383,650.8827659574468,941.5,658,91,20,Rectangle,9,class->block->function->block->block_content->decl_stmt->decl->init->expr->call->name
2,104,rectangle_java2.jpg,rectangle_java2.jpg,1032983708,60,955.0846666666666,672.182,941.5,658,91,20,Rectangle,9,class->block->function->block->block_content->decl_stmt->decl->init->expr->call->name
