trial,participant,code_file,code_language,timestamp,duration,x_cord,y_cord,aoi_x,aoi_y,aoi_width,aoi_height,token,length,srcML
2,112,rectangle_java2.jpg,rectangle_java2.jpg,432524623,68,725.0817647058824,248.75823529411764,669.5,259,72,21,private,7,class->block->decl_stmt->decl->type->specifier
2,112,rectangle_java2.jpg,rectangle_java2.jpg,432752633,112,661.2860714285714,228.56821428571425,657.5,222,52,21,class,5,class
2,112,rectangle_java2.jpg,rectangle_java2.jpg,433022626,92,755.9169565217392,230.48304347826087,715.5,222,90,21,Rectangle,9,class->name
2,112,rectangle_java2.jpg,rectangle_java2.jpg,433292623,136,760.9067647058823,241.93029411764707,715.5,222,90,21,Rectangle,9,class->name
2,112,rectangle_java2.jpg,rectangle_java2.jpg,433604608,160,736.6445,295.894,737.5,295,91,21,Rectangle,9,class->block->constructor->name
2,112,rectangle_java2.jpg,rectangle_java2.jpg,433754604,96,745.5620833333334,287.7004166666667,737.5,295,91,21,Rectangle,9,class->block->constructor->name
2,112,rectangle_java2.jpg,rectangle_java2.jpg,434408650,156,909.6089743589744,264.8751282051282,911.5,259,10,21,",",1,class->block->decl_stmt
2,112,rectangle_java2.jpg,rectangle_java2.jpg,434774600,160,836.88925,286.199,837.5,295,9,21,(,1,class->block->constructor->parameter_list
2,112,rectangle_java2.jpg,rectangle_java2.jpg,434986186,148,768.7408108108108,287.67243243243246,737.5,295,91,21,Rectangle,9,class->block->constructor->name
2,112,rectangle_java2.jpg,rectangle_java2.jpg,435128133,128,771.6765625,284.5075,737.5,295,91,21,Rectangle,9,class->block->constructor->name
2,112,rectangle_java2.jpg,rectangle_java2.jpg,435283782,152,773.437105263158,298.1092105263158,737.5,295,91,21,Rectangle,9,class->block->constructor->name
2,112,rectangle_java2.jpg,rectangle_java2.jpg,435427803,96,950.2275,279.60083333333336,929.5,259,23,21,y2,2,class->block->decl_stmt->decl->name
2,112,rectangle_java2.jpg,rectangle_java2.jpg,435427803,96,950.2275,279.60083333333336,959.5,259,10,21,;,1,class->block->decl_stmt
2,112,rectangle_java2.jpg,rectangle_java2.jpg,435547817,116,947.0134482758621,291.591724137931,939.5,295,33,21,int,3,class->block->constructor->parameter_list->parameter->decl->type->name
2,112,rectangle_java2.jpg,rectangle_java2.jpg,435715778,136,985.6529411764706,290.68176470588236,977.5,295,23,21,y1,2,class->block->constructor->parameter_list->parameter->decl->type->name
2,112,rectangle_java2.jpg,rectangle_java2.jpg,435779702,60,985.438,292.128,977.5,295,23,21,y1,2,class->block->constructor->parameter_list->parameter->decl->type->name
2,112,rectangle_java2.jpg,rectangle_java2.jpg,436063567,148,815.2221621621621,362.5748648648649,806.5,367,15,21,=,1,class->block->constructor->block->block_content->expr_stmt->expr->operator
2,112,rectangle_java2.jpg,rectangle_java2.jpg,436063567,148,815.2221621621621,362.5748648648649,826.5,367,23,21,y1,2,class->block->constructor->block->block_content->expr_stmt->expr->name->name
2,112,rectangle_java2.jpg,rectangle_java2.jpg,436187591,60,718.8186666666667,561.204,669.5,549,63,21,public,6,class->block->function->type->specifier
2,112,rectangle_java2.jpg,rectangle_java2.jpg,436319633,128,727.5678125,559.2171875,669.5,549,63,21,public,6,class->block->function->type->specifier
2,112,rectangle_java2.jpg,rectangle_java2.jpg,436319633,128,727.5678125,559.2171875,737.5,549,33,21,int,3,class->block->function->type->name
2,112,rectangle_java2.jpg,rectangle_java2.jpg,436912118,132,1036.1515151515152,532.3869696969697,1035.5,512,13,21,-,1,class->block->function->block->block_content->return->expr->name->name
2,112,rectangle_java2.jpg,rectangle_java2.jpg,437320153,204,1085.859019607843,519.8778431372549,1054.5,512,71,21,this.x1,7,class->block->function->block->block_content->return->expr->name->name->operator->name
2,112,rectangle_java2.jpg,rectangle_java2.jpg,438472076,240,939.001,560.8855,900.5,549,63,21,return,6,class->block->function->block->block_content->return
2,112,rectangle_java2.jpg,rectangle_java2.jpg,438681922,96,1008.715,531.1845833333333,958.5,512,71,21,this.x2,7,class->block->function->block->block_content->return->expr->name->name->operator->name->operator
2,112,rectangle_java2.jpg,rectangle_java2.jpg,438891842,80,999.7,537.3435,968.5,549,70,21,this.y2,7,class->block->function->block->block_content->return->expr->name->name->operator->name
2,112,rectangle_java2.jpg,rectangle_java2.jpg,439029836,88,1012.8827272727273,525.2190909090909,958.5,512,71,21,this.x2,7,class->block->function->block->block_content->return->expr->name->name->operator->name->operator
2,112,rectangle_java2.jpg,rectangle_java2.jpg,439611744,184,937.4869565217391,564.6691304347826,900.5,549,63,21,return,6,class->block->function->block->block_content->return
2,112,rectangle_java2.jpg,rectangle_java2.jpg,439911772,92,843.5304347826087,289.66391304347826,837.5,295,9,21,(,1,class->block->constructor->parameter_list
2,112,rectangle_java2.jpg,rectangle_java2.jpg,439911772,92,843.5304347826087,289.66391304347826,853.5,295,32,21,int,3,class->block->constructor->parameter_list->parameter->decl->type->name
2,112,rectangle_java2.jpg,rectangle_java2.jpg,440163792,68,749.3388235294118,264.59470588235297,747.5,259,33,21,int,3,class->block->decl_stmt->decl->type->name
2,112,rectangle_java2.jpg,rectangle_java2.jpg,440277799,72,756.5544444444445,258.3827777777778,747.5,259,33,21,int,3,class->block->decl_stmt->decl->type->name
2,112,rectangle_java2.jpg,rectangle_java2.jpg,440421792,92,757.9326086956522,267.63,747.5,259,33,21,int,3,class->block->decl_stmt->decl->type->name
2,112,rectangle_java2.jpg,rectangle_java2.jpg,440541781,76,759.5357894736842,234.62842105263155,715.5,222,90,21,Rectangle,9,class->name
2,112,rectangle_java2.jpg,rectangle_java2.jpg,440871776,132,738.9681818181818,563.7796969696969,737.5,549,33,21,int,3,class->block->function->type->name
2,112,rectangle_java2.jpg,rectangle_java2.jpg,441087792,56,713.9557142857143,597.0521428571428,669.5,585,63,21,public,6,class->block->function->type->specifier
2,112,rectangle_java2.jpg,rectangle_java2.jpg,441873822,128,768.425,580.4,737.5,585,62,21,double,6,class->block->function->type->name
2,112,rectangle_java2.jpg,rectangle_java2.jpg,441942363,56,776.7185714285714,581.1292857142857,737.5,585,62,21,double,6,class->block->function->type->name
2,112,rectangle_java2.jpg,rectangle_java2.jpg,442255252,84,806.9109523809524,587.0361904761904,804.5,585,43,21,area,4,class->block->function->name
2,112,rectangle_java2.jpg,rectangle_java2.jpg,442529287,196,805.9134693877551,559.2095918367347,775.5,549,62,21,height,6,class->block->function->name
2,112,rectangle_java2.jpg,rectangle_java2.jpg,442709319,116,812.5058620689655,542.9062068965517,775.5,549,62,21,height,6,class->block->function->name
2,112,rectangle_java2.jpg,rectangle_java2.jpg,442889350,100,1031.6812,537.4004,968.5,549,70,21,this.y2,7,class->block->function->block->block_content->return->expr->name->name->operator->name
2,112,rectangle_java2.jpg,rectangle_java2.jpg,443117351,148,1037.6827027027027,525.5410810810811,1035.5,512,13,21,-,1,class->block->function->block->block_content->return->expr->name->name
2,112,rectangle_java2.jpg,rectangle_java2.jpg,443231345,72,1030.9472222222223,539.9594444444444,968.5,549,70,21,this.y2,7,class->block->function->block->block_content->return->expr->name->name->operator->name
2,112,rectangle_java2.jpg,rectangle_java2.jpg,443609252,248,1012.5908064516129,537.6693548387096,968.5,549,70,21,this.y2,7,class->block->function->block->block_content->return->expr->name->name->operator->name
2,112,rectangle_java2.jpg,rectangle_java2.jpg,443825210,120,1084.2853333333333,529.4333333333333,1054.5,512,71,21,this.x1,7,class->block->function->block->block_content->return->expr->name->name->operator->name
2,112,rectangle_java2.jpg,rectangle_java2.jpg,444059171,152,1089.4305263157894,525.9434210526316,1054.5,512,71,21,this.x1,7,class->block->function->block->block_content->return->expr->name->name->operator->name
2,112,rectangle_java2.jpg,rectangle_java2.jpg,444227160,72,827.0488888888889,541.355,775.5,549,62,21,height,6,class->block->function->name
2,112,rectangle_java2.jpg,rectangle_java2.jpg,444689168,304,830.6034210526316,531.5938157894736,837.5,512,9,21,(,1,class->block->function->parameter_list
2,112,rectangle_java2.jpg,rectangle_java2.jpg,445109179,80,806.5955,576.5695,804.5,585,43,21,area,4,class->block->function->name
2,112,rectangle_java2.jpg,rectangle_java2.jpg,445451173,224,819.1441071428571,568.2262499999999,775.5,549,62,21,height,6,class->block->function->name
2,112,rectangle_java2.jpg,rectangle_java2.jpg,445697180,160,806.86225,567.145,775.5,549,62,21,height,6,class->block->function->name
2,112,rectangle_java2.jpg,rectangle_java2.jpg,445937162,108,806.6485185185185,596.707037037037,804.5,585,43,21,area,4,class->block->function->name
2,112,rectangle_java2.jpg,rectangle_java2.jpg,446639253,84,835.5509523809524,601.7885714285715,804.5,585,43,21,area,4,class->block->function->name
2,112,rectangle_java2.jpg,rectangle_java2.jpg,446771249,84,835.8071428571428,594.0871428571429,804.5,585,43,21,area,4,class->block->function->name
2,112,rectangle_java2.jpg,rectangle_java2.jpg,446927244,100,830.7256,612.1236,804.5,621,44,21,void,4,class->block->function->type->name
2,112,rectangle_java2.jpg,rectangle_java2.jpg,447215221,96,979.8275,622.0704166666667,920.5,621,62,21,String,6,class->block->function->parameter_list->parameter->decl->type->name->name
2,112,rectangle_java2.jpg,rectangle_java2.jpg,447215221,96,979.8275,622.0704166666667,990.5,621,10,21,[,1,class->block->function->parameter_list->parameter->decl->type->name->index
2,112,rectangle_java2.jpg,rectangle_java2.jpg,447371138,100,953.9228,602.156,910.5,585,62,21,return,6,class->block->function->block->block_content->return
2,112,rectangle_java2.jpg,rectangle_java2.jpg,447521073,96,952.33125,591.22,910.5,585,62,21,return,6,class->block->function->block->block_content->return
2,112,rectangle_java2.jpg,rectangle_java2.jpg,447804508,164,1029.540731707317,597.9851219512195,977.5,585,101,21,this.width,10,class->block->function->block->block_content->return->expr->call->name->name->operator->name
2,112,rectangle_java2.jpg,rectangle_java2.jpg,447901932,88,1025.89,613.0231818181818,1025.5,621,42,21,args,4,class->block->function->parameter_list->parameter->decl->name
2,112,rectangle_java2.jpg,rectangle_java2.jpg,447962873,56,1018.5914285714285,604.3628571428571,977.5,585,101,21,this.width,10,class->block->function->block->block_content->return->expr->call->name->name->operator->name
2,112,rectangle_java2.jpg,rectangle_java2.jpg,448070843,104,1019.1265384615384,594.1053846153847,977.5,585,101,21,this.width,10,class->block->function->block->block_content->return->expr->call->name->name->operator->name
2,112,rectangle_java2.jpg,rectangle_java2.jpg,448222836,108,1064.4759259259258,597.33,977.5,585,101,21,this.width,10,class->block->function->block->block_content->return->expr->call->name->name->operator->name
2,112,rectangle_java2.jpg,rectangle_java2.jpg,448322856,96,1069.8241666666668,595.8341666666666,977.5,585,101,21,this.width,10,class->block->function->block->block_content->return->expr->call->name->name->operator->name
2,112,rectangle_java2.jpg,rectangle_java2.jpg,448538823,116,1070.8462068965516,589.5375862068965,977.5,585,101,21,this.width,10,class->block->function->block->block_content->return->expr->call->name->name->operator->name
2,112,rectangle_java2.jpg,rectangle_java2.jpg,448750835,104,1170.676923076923,579.6161538461538,1140.5,585,110,21,this.height,11,class->block->function->block->block_content->return->expr->call->name->name->operator->name
2,112,rectangle_java2.jpg,rectangle_java2.jpg,448858844,72,1145.4716666666666,602.82,1140.5,585,110,21,this.height,11,class->block->function->block->block_content->return->expr->call->name->name->operator->name
2,112,rectangle_java2.jpg,rectangle_java2.jpg,449238833,60,1180.1186666666667,585.2486666666666,1140.5,585,110,21,this.height,11,class->block->function->block->block_content->return->expr->call->name->name->operator->name
2,112,rectangle_java2.jpg,rectangle_java2.jpg,449330834,60,811.63,637.6806666666666,804.5,621,44,21,void,4,class->block->function->type->name
2,112,rectangle_java2.jpg,rectangle_java2.jpg,449494657,160,815.6795,635.59075,804.5,621,44,21,void,4,class->block->function->type->name
2,112,rectangle_java2.jpg,rectangle_java2.jpg,449662580,132,760.2069696969697,656.3824242424242,730.5,658,91,20,Rectangle,9,class->block->function->block->block_content->decl_stmt->decl->type->name
2,112,rectangle_java2.jpg,rectangle_java2.jpg,449758630,92,764.4139130434783,646.2382608695652,730.5,658,91,20,Rectangle,9,class->block->function->block->block_content->decl_stmt->decl->type->name
2,112,rectangle_java2.jpg,rectangle_java2.jpg,449966534,160,873.99975,637.54575,851.5,621,44,21,main,4,class->block->function->name
2,112,rectangle_java2.jpg,rectangle_java2.jpg,450058502,88,877.8986363636363,626.3577272727273,851.5,621,44,21,main,4,class->block->function->name
2,112,rectangle_java2.jpg,rectangle_java2.jpg,450530737,120,919.002,682.7046666666666,916.5,694,9,21,(,1,class->block->function->block->block_content->expr_stmt->expr->call->argument_list
2,112,rectangle_java2.jpg,rectangle_java2.jpg,450702737,76,1127.9073684210525,670.9805263157895,1134.5,658,22,20,10,2,class->block->function->block->block_content->decl_stmt->decl->init->expr->call->argument_list->argument->expr->literal
2,112,rectangle_java2.jpg,rectangle_java2.jpg,450770729,64,1116.888125,672.765625,1115.5,658,10,20,",",1,class->block->function->block->block_content->decl_stmt->decl->init->expr->call->argument_list
2,112,rectangle_java2.jpg,rectangle_java2.jpg,450998757,116,1174.6603448275862,667.1751724137931,1182.5,658,22,20,10,2,class->block->function->block->block_content->decl_stmt->decl->init->expr->call->argument_list->argument->expr->literal
2,112,rectangle_java2.jpg,rectangle_java2.jpg,451106766,104,1185.8626923076922,660.1934615384615,1182.5,658,22,20,10,2,class->block->function->block->block_content->decl_stmt->decl->init->expr->call->argument_list->argument->expr->literal
2,112,rectangle_java2.jpg,rectangle_java2.jpg,451190744,80,1209.4335,664.653,1211.5,658,9,20,),1,class->block->function->block->block_content->decl_stmt->decl->init->expr->call->argument_list
2,112,rectangle_java2.jpg,rectangle_java2.jpg,451362625,60,1118.5933333333332,733.584,1115.5,731,10,20,",",1,class->block->function->block->block_content->decl_stmt->decl->init->expr->call->argument_list
2,112,rectangle_java2.jpg,rectangle_java2.jpg,451498513,132,1125.0881818181817,739.03,1115.5,731,10,20,",",1,class->block->function->block->block_content->decl_stmt->decl->init->expr->call->argument_list
2,112,rectangle_java2.jpg,rectangle_java2.jpg,451498513,132,1125.0881818181817,739.03,1134.5,731,22,20,10,2,class->block->function->block->block_content->decl_stmt->decl->init->expr->call->argument_list->argument->expr->literal
2,112,rectangle_java2.jpg,rectangle_java2.jpg,451594541,92,1115.1852173913044,740.5539130434782,1115.5,731,10,20,",",1,class->block->function->block->block_content->decl_stmt->decl->init->expr->call->argument_list
2,112,rectangle_java2.jpg,rectangle_java2.jpg,451718612,76,1080.26,725.5315789473684,1077.5,731,9,20,",",1,class->block->function->block->block_content->decl_stmt->decl->init->expr->call->argument_list
2,112,rectangle_java2.jpg,rectangle_java2.jpg,452026661,72,1058.003888888889,710.0711111111111,1057.5,694,10,21,),1,class->block->function->block->block_content->expr_stmt->expr->call->argument_list->argument->expr->call->argument_list
2,112,rectangle_java2.jpg,rectangle_java2.jpg,452145192,104,918.3015384615385,720.265,902.5,731,34,20,new,3,class->block->function->block->block_content->decl_stmt->decl->init->expr->operator
2,112,rectangle_java2.jpg,rectangle_java2.jpg,452570604,112,975.4889285714286,721.6539285714285,941.5,731,91,20,Rectangle,9,class->block->function->block->block_content->decl_stmt->decl->init->expr->call->name
2,112,rectangle_java2.jpg,rectangle_java2.jpg,453154566,264,980.1722727272727,719.3831818181818,941.5,731,91,20,Rectangle,9,class->block->function->block->block_content->decl_stmt->decl->init->expr->call->name
2,112,rectangle_java2.jpg,rectangle_java2.jpg,453378619,140,1007.6551428571429,724.3588571428571,941.5,731,91,20,Rectangle,9,class->block->function->block->block_content->decl_stmt->decl->init->expr->call->name
2,112,rectangle_java2.jpg,rectangle_java2.jpg,453546516,124,1112.6967741935484,670.636129032258,1115.5,658,10,20,",",1,class->block->function->block->block_content->decl_stmt->decl->init->expr->call->argument_list
2,112,rectangle_java2.jpg,rectangle_java2.jpg,453894544,76,1059.0442105263157,719.1452631578948,1057.5,731,13,20,5,1,class->block->function->block->block_content->decl_stmt->decl->init->expr->call->argument_list->argument->expr->literal
2,112,rectangle_java2.jpg,rectangle_java2.jpg,453986584,88,1065.2272727272727,703.1077272727273,1057.5,694,10,21,),1,class->block->function->block->block_content->expr_stmt->expr->call->argument_list->argument->expr->call->argument_list
2,112,rectangle_java2.jpg,rectangle_java2.jpg,453986584,88,1065.2272727272727,703.1077272727273,1077.5,694,9,21,),1,class->block->function->block->block_content->expr_stmt->expr->call->argument_list
2,112,rectangle_java2.jpg,rectangle_java2.jpg,454070539,68,985.9735294117647,723.1358823529412,941.5,731,91,20,Rectangle,9,class->block->function->block->block_content->decl_stmt->decl->init->expr->call->name
2,112,rectangle_java2.jpg,rectangle_java2.jpg,454154495,80,989.5,709.5325,932.5,694,100,21,rect1.area,10,class->block->function->block->block_content->expr_stmt->expr->call->argument_list->argument->expr->call->name->name->operator->name
2,112,rectangle_java2.jpg,rectangle_java2.jpg,454222489,64,990.635625,732.529375,941.5,731,91,20,Rectangle,9,class->block->function->block->block_content->decl_stmt->decl->init->expr->call->name
2,112,rectangle_java2.jpg,rectangle_java2.jpg,454282501,56,971.7814285714286,734.6035714285714,941.5,731,91,20,Rectangle,9,class->block->function->block->block_content->decl_stmt->decl->init->expr->call->name
2,112,rectangle_java2.jpg,rectangle_java2.jpg,454390518,104,961.1557692307692,735.1426923076923,941.5,731,91,20,Rectangle,9,class->block->function->block->block_content->decl_stmt->decl->init->expr->call->name
2,112,rectangle_java2.jpg,rectangle_java2.jpg,454606574,100,860.1184,721.56,826.5,731,51,20,rect2,5,class->block->function->block->block_content->decl_stmt->decl->name
2,112,rectangle_java2.jpg,rectangle_java2.jpg,454746492,128,1011.61875,722.2596875,941.5,731,91,20,Rectangle,9,class->block->function->block->block_content->decl_stmt->decl->init->expr->call->name
2,112,rectangle_java2.jpg,rectangle_java2.jpg,454886423,136,1012.2970588235294,729.579705882353,941.5,731,91,20,Rectangle,9,class->block->function->block->block_content->decl_stmt->decl->init->expr->call->name
2,112,rectangle_java2.jpg,rectangle_java2.jpg,455118487,188,967.5489361702128,732.3340425531915,941.5,731,91,20,Rectangle,9,class->block->function->block->block_content->decl_stmt->decl->init->expr->call->name
2,112,rectangle_java2.jpg,rectangle_java2.jpg,455206517,84,967.7633333333333,729.3428571428572,941.5,731,91,20,Rectangle,9,class->block->function->block->block_content->decl_stmt->decl->init->expr->call->name
2,112,rectangle_java2.jpg,rectangle_java2.jpg,455378258,96,838.4591666666666,719.6675,826.5,731,51,20,rect2,5,class->block->function->block->block_content->decl_stmt->decl->name
2,112,rectangle_java2.jpg,rectangle_java2.jpg,455842389,88,862.290909090909,338.6840909090909,856.5,331,10,19,;,1,class->block->constructor->block->block_content->expr_stmt
2,112,rectangle_java2.jpg,rectangle_java2.jpg,455942415,68,811.2905882352941,691.69,730.5,694,177,21,System.out.println,18,class->block->function->block->block_content->expr_stmt->expr->call->name->name->operator->name->operator->name
2,112,rectangle_java2.jpg,rectangle_java2.jpg,456070423,88,808.6868181818181,712.9200000000001,730.5,694,177,21,System.out.println,18,class->block->function->block->block_content->expr_stmt->expr->call->name->name->operator->name->operator->name
2,112,rectangle_java2.jpg,rectangle_java2.jpg,456138415,64,803.5393750000001,741.466875,730.5,731,91,20,Rectangle,9,class->block->function->block->block_content->decl_stmt->decl->type->name
2,112,rectangle_java2.jpg,rectangle_java2.jpg,456230400,88,810.195,743.4336363636364,730.5,731,91,20,Rectangle,9,class->block->function->block->block_content->decl_stmt->decl->type->name
2,112,rectangle_java2.jpg,rectangle_java2.jpg,456346375,104,983.1703846153846,740.1073076923077,941.5,731,91,20,Rectangle,9,class->block->function->block->block_content->decl_stmt->decl->init->expr->call->name
2,112,rectangle_java2.jpg,rectangle_java2.jpg,456470372,120,985.9123333333333,732.3233333333334,941.5,731,91,20,Rectangle,9,class->block->function->block->block_content->decl_stmt->decl->init->expr->call->name
2,112,rectangle_java2.jpg,rectangle_java2.jpg,456602396,128,964.363125,730.85375,941.5,731,91,20,Rectangle,9,class->block->function->block->block_content->decl_stmt->decl->init->expr->call->name
2,112,rectangle_java2.jpg,rectangle_java2.jpg,456674397,68,963.29,730.63,941.5,731,91,20,Rectangle,9,class->block->function->block->block_content->decl_stmt->decl->init->expr->call->name
2,112,rectangle_java2.jpg,rectangle_java2.jpg,456830387,120,1018.7856666666667,727.8596666666666,941.5,731,91,20,Rectangle,9,class->block->function->block->block_content->decl_stmt->decl->init->expr->call->name
2,112,rectangle_java2.jpg,rectangle_java2.jpg,456902381,68,1024.8164705882352,731.3270588235295,941.5,731,91,20,Rectangle,9,class->block->function->block->block_content->decl_stmt->decl->init->expr->call->name
2,112,rectangle_java2.jpg,rectangle_java2.jpg,456978374,72,1062.6394444444445,724.69,1057.5,731,13,20,5,1,class->block->function->block->block_content->decl_stmt->decl->init->expr->call->argument_list->argument->expr->literal
2,112,rectangle_java2.jpg,rectangle_java2.jpg,457210398,124,1061.8377419354838,722.8293548387097,1057.5,731,13,20,5,1,class->block->function->block->block_content->decl_stmt->decl->init->expr->call->argument_list->argument->expr->literal
2,112,rectangle_java2.jpg,rectangle_java2.jpg,457502234,224,1010.53875,721.06625,941.5,731,91,20,Rectangle,9,class->block->function->block->block_content->decl_stmt->decl->init->expr->call->name
2,112,rectangle_java2.jpg,rectangle_java2.jpg,457578248,72,1012.2377777777778,713.8377777777778,932.5,694,100,21,rect1.area,10,class->block->function->block->block_content->expr_stmt->expr->call->argument_list->argument->expr->call->name->name->operator->name
2,112,rectangle_java2.jpg,rectangle_java2.jpg,457706240,96,799.1933333333334,373.52166666666665,730.5,367,71,21,this.y1,7,class->block->constructor->block->block_content->expr_stmt->expr->name->name->operator->name
2,112,rectangle_java2.jpg,rectangle_java2.jpg,457706240,96,799.1933333333334,373.52166666666665,806.5,367,15,21,=,1,class->block->constructor->block->block_content->expr_stmt->expr->operator
2,112,rectangle_java2.jpg,rectangle_java2.jpg,457842213,132,796.9815151515152,378.4806060606061,730.5,367,71,21,this.y1,7,class->block->constructor->block->block_content->expr_stmt->expr->name->name->operator->name
2,112,rectangle_java2.jpg,rectangle_java2.jpg,457842213,132,796.9815151515152,378.4806060606061,806.5,367,15,21,=,1,class->block->constructor->block->block_content->expr_stmt->expr->operator
2,112,rectangle_java2.jpg,rectangle_java2.jpg,457914189,68,790.98,359.4294117647059,730.5,367,71,21,this.y1,7,class->block->constructor->block->block_content->expr_stmt->expr->name->name->operator->name
2,112,rectangle_java2.jpg,rectangle_java2.jpg,458242220,296,772.5802702702703,299.127027027027,737.5,295,91,21,Rectangle,9,class->block->constructor->name
2,112,rectangle_java2.jpg,rectangle_java2.jpg,458346249,56,781.2985714285714,543.4964285714286,775.5,549,62,21,height,6,class->block->function->name
2,112,rectangle_java2.jpg,rectangle_java2.jpg,458434261,84,772.9795238095238,553.5590476190476,775.5,549,62,21,height,6,class->block->function->name
2,112,rectangle_java2.jpg,rectangle_java2.jpg,458518269,56,817.3528571428571,544.965,775.5,549,62,21,height,6,class->block->function->name
2,112,rectangle_java2.jpg,rectangle_java2.jpg,458638280,116,820.4155172413793,560.0289655172414,775.5,549,62,21,height,6,class->block->function->name
2,112,rectangle_java2.jpg,rectangle_java2.jpg,458746282,104,817.7803846153846,581.5669230769231,804.5,585,43,21,area,4,class->block->function->name
2,112,rectangle_java2.jpg,rectangle_java2.jpg,458886275,136,810.1776470588235,565.1905882352941,775.5,549,62,21,height,6,class->block->function->name
2,112,rectangle_java2.jpg,rectangle_java2.jpg,459034378,60,784.8593333333333,609.35,738.5,621,61,21,static,6,class->block->function->type->specifier
2,112,rectangle_java2.jpg,rectangle_java2.jpg,459254118,140,839.8757142857143,630.0957142857143,804.5,621,44,21,void,4,class->block->function->type->name
2,112,rectangle_java2.jpg,rectangle_java2.jpg,459254118,140,839.8757142857143,630.0957142857143,851.5,621,44,21,main,4,class->block->function->name
2,112,rectangle_java2.jpg,rectangle_java2.jpg,459326038,60,1002.3526666666667,630.4886666666666,1007.5,621,10,21,],1,class->block->function->parameter_list->parameter->decl->type->name->index
2,112,rectangle_java2.jpg,rectangle_java2.jpg,459522108,192,999.3279166666666,614.8264583333333,990.5,621,10,21,[,1,class->block->function->parameter_list->parameter->decl->type->name->index
2,112,rectangle_java2.jpg,rectangle_java2.jpg,459522108,192,999.3279166666666,614.8264583333333,1007.5,621,10,21,],1,class->block->function->parameter_list->parameter->decl->type->name->index
2,112,rectangle_java2.jpg,rectangle_java2.jpg,459606118,80,976.184,614.7515,920.5,621,62,21,String,6,class->block->function->parameter_list->parameter->decl->type->name->name
2,112,rectangle_java2.jpg,rectangle_java2.jpg,459682099,72,967.1855555555555,611.4205555555556,920.5,621,62,21,String,6,class->block->function->parameter_list->parameter->decl->type->name->name
2,112,rectangle_java2.jpg,rectangle_java2.jpg,459782086,96,975.4583333333334,621.22125,920.5,621,62,21,String,6,class->block->function->parameter_list->parameter->decl->type->name->name
2,112,rectangle_java2.jpg,rectangle_java2.jpg,460038137,152,926.3594736842106,624.7981578947368,920.5,621,62,21,String,6,class->block->function->parameter_list->parameter->decl->type->name->name
2,112,rectangle_java2.jpg,rectangle_java2.jpg,460122138,80,932.645,622.816,920.5,621,62,21,String,6,class->block->function->parameter_list->parameter->decl->type->name->name
2,112,rectangle_java2.jpg,rectangle_java2.jpg,460214169,68,1119.6835294117648,740.4782352941177,1115.5,731,10,20,",",1,class->block->function->block->block_content->decl_stmt->decl->init->expr->call->argument_list
2,112,rectangle_java2.jpg,rectangle_java2.jpg,460286195,68,1127.2441176470588,730.9641176470589,1134.5,731,22,20,10,2,class->block->function->block->block_content->decl_stmt->decl->init->expr->call->argument_list->argument->expr->literal
2,112,rectangle_java2.jpg,rectangle_java2.jpg,460350201,60,1124.5633333333333,723.6080000000001,1115.5,731,10,20,",",1,class->block->function->block->block_content->decl_stmt->decl->init->expr->call->argument_list
2,112,rectangle_java2.jpg,rectangle_java2.jpg,460350201,60,1124.5633333333333,723.6080000000001,1134.5,731,22,20,10,2,class->block->function->block->block_content->decl_stmt->decl->init->expr->call->argument_list->argument->expr->literal
2,112,rectangle_java2.jpg,rectangle_java2.jpg,460446182,68,1080.5564705882352,730.145294117647,1077.5,731,9,20,",",1,class->block->function->block->block_content->decl_stmt->decl->init->expr->call->argument_list
2,112,rectangle_java2.jpg,rectangle_java2.jpg,460522163,72,1083.3077777777778,738.7666666666667,1077.5,731,9,20,",",1,class->block->function->block->block_content->decl_stmt->decl->init->expr->call->argument_list
2,112,rectangle_java2.jpg,rectangle_java2.jpg,460522163,72,1083.3077777777778,738.7666666666667,1095.5,731,13,20,5,1,class->block->function->block->block_content->decl_stmt->decl->init->expr->call->argument_list->argument->expr->literal
2,112,rectangle_java2.jpg,rectangle_java2.jpg,460642138,60,1114.098,736.8093333333334,1115.5,731,10,20,",",1,class->block->function->block->block_content->decl_stmt->decl->init->expr->call->argument_list
2,112,rectangle_java2.jpg,rectangle_java2.jpg,460738117,92,1121.1204347826088,740.8395652173913,1115.5,731,10,20,",",1,class->block->function->block->block_content->decl_stmt->decl->init->expr->call->argument_list
2,112,rectangle_java2.jpg,rectangle_java2.jpg,460846084,80,1089.372,779.893,1096.5,766,10,21,;,1,class->block->function->block->block_content->expr_stmt
2,112,rectangle_java2.jpg,rectangle_java2.jpg,460950081,100,1081.1032,786.4879999999999,1077.5,766,9,21,),1,class->block->function->block->block_content->expr_stmt->expr->call->argument_list
2,112,rectangle_java2.jpg,rectangle_java2.jpg,461122196,168,1086.017380952381,782.0269047619048,1077.5,766,9,21,),1,class->block->function->block->block_content->expr_stmt->expr->call->argument_list
2,112,rectangle_java2.jpg,rectangle_java2.jpg,461122196,168,1086.017380952381,782.0269047619048,1096.5,766,10,21,;,1,class->block->function->block->block_content->expr_stmt
2,112,rectangle_java2.jpg,rectangle_java2.jpg,461357788,196,976.6014285714285,749.7212244897959,941.5,731,91,20,Rectangle,9,class->block->function->block->block_content->decl_stmt->decl->init->expr->call->name
2,112,rectangle_java2.jpg,rectangle_java2.jpg,461429824,68,964.3682352941177,758.7964705882353,932.5,766,100,21,rect2.area,10,class->block->function->block->block_content->expr_stmt->expr->call->argument_list->argument->expr->call->name->name->operator->name
2,112,rectangle_java2.jpg,rectangle_java2.jpg,461533929,100,974.738,759.2824,932.5,766,100,21,rect2.area,10,class->block->function->block->block_content->expr_stmt->expr->call->argument_list->argument->expr->call->name->name->operator->name
2,112,rectangle_java2.jpg,rectangle_java2.jpg,461933969,192,940.4016666666666,766.0783333333334,932.5,766,100,21,rect2.area,10,class->block->function->block->block_content->expr_stmt->expr->call->argument_list->argument->expr->call->name->name->operator->name
2,112,rectangle_java2.jpg,rectangle_java2.jpg,462053967,116,842.868275862069,760.1113793103448,730.5,766,177,21,System.out.println,18,class->block->function->block->block_content->expr_stmt->expr->call->name->name->operator->name->operator->name
2,112,rectangle_java2.jpg,rectangle_java2.jpg,462121968,64,844.006875,766.565,730.5,766,177,21,System.out.println,18,class->block->function->block->block_content->expr_stmt->expr->call->name->name->operator->name->operator->name
2,112,rectangle_java2.jpg,rectangle_java2.jpg,462293987,64,792.15875,785.30125,730.5,766,177,21,System.out.println,18,class->block->function->block->block_content->expr_stmt->expr->call->name->name->operator->name->operator->name
2,112,rectangle_java2.jpg,rectangle_java2.jpg,463257819,120,1007.924,780.1933333333334,932.5,766,100,21,rect2.area,10,class->block->function->block->block_content->expr_stmt->expr->call->argument_list->argument->expr->call->name->name->operator->name
2,112,rectangle_java2.jpg,rectangle_java2.jpg,463673907,348,1067.845747126437,785.8249425287356,1077.5,766,9,21,),1,class->block->function->block->block_content->expr_stmt->expr->call->argument_list
2,112,rectangle_java2.jpg,rectangle_java2.jpg,463981822,152,1028.0671052631578,609.1202631578948,1025.5,621,42,21,args,4,class->block->function->parameter_list->parameter->decl->name
2,112,rectangle_java2.jpg,rectangle_java2.jpg,464041848,56,1023.395,617.5642857142857,1025.5,621,42,21,args,4,class->block->function->parameter_list->parameter->decl->name
2,112,rectangle_java2.jpg,rectangle_java2.jpg,464217906,68,1071.694705882353,573.3705882352941,977.5,585,101,21,this.width,10,class->block->function->block->block_content->return->expr->call->name->name->operator->name
2,112,rectangle_java2.jpg,rectangle_java2.jpg,464305902,84,1071.5452380952381,593.4385714285714,977.5,585,101,21,this.width,10,class->block->function->block->block_content->return->expr->call->name->name->operator->name
2,112,rectangle_java2.jpg,rectangle_java2.jpg,464449904,116,949.0006896551724,578.9851724137931,910.5,585,62,21,return,6,class->block->function->block->block_content->return
2,112,rectangle_java2.jpg,rectangle_java2.jpg,464589914,60,900.3153333333333,568.8526666666667,900.5,549,63,21,return,6,class->block->function->block->block_content->return
2,112,rectangle_java2.jpg,rectangle_java2.jpg,464673887,80,902.1205,592.532,893.5,585,10,21,{,1,class->block->function->block
2,112,rectangle_java2.jpg,rectangle_java2.jpg,464673887,80,902.1205,592.532,910.5,585,62,21,return,6,class->block->function->block->block_content->return
2,112,rectangle_java2.jpg,rectangle_java2.jpg,464737866,60,901.0733333333334,591.6106666666667,893.5,585,10,21,{,1,class->block->function->block
2,112,rectangle_java2.jpg,rectangle_java2.jpg,464737866,60,901.0733333333334,591.6106666666667,910.5,585,62,21,return,6,class->block->function->block->block_content->return
2,112,rectangle_java2.jpg,rectangle_java2.jpg,464873847,132,908.6760606060606,592.9648484848485,910.5,585,62,21,return,6,class->block->function->block->block_content->return
2,112,rectangle_java2.jpg,rectangle_java2.jpg,464981837,104,908.1646153846153,594.7119230769231,910.5,585,62,21,return,6,class->block->function->block->block_content->return
2,112,rectangle_java2.jpg,rectangle_java2.jpg,465081694,56,907.18,599.2942857142857,910.5,585,62,21,return,6,class->block->function->block->block_content->return
2,112,rectangle_java2.jpg,rectangle_java2.jpg,465229562,64,889.3775,586.265625,893.5,585,10,21,{,1,class->block->function->block
2,112,rectangle_java2.jpg,rectangle_java2.jpg,465297631,64,884.74875,579.148125,893.5,585,10,21,{,1,class->block->function->block
2,112,rectangle_java2.jpg,rectangle_java2.jpg,465393715,92,878.5686956521739,611.2826086956521,851.5,621,44,21,main,4,class->block->function->name
2,112,rectangle_java2.jpg,rectangle_java2.jpg,465517722,120,881.13,589.3646666666666,873.5,585,9,21,),1,class->block->function->parameter_list
2,112,rectangle_java2.jpg,rectangle_java2.jpg,465517722,120,881.13,589.3646666666666,893.5,585,10,21,{,1,class->block->function->block
2,112,rectangle_java2.jpg,rectangle_java2.jpg,465581726,60,885.172,579.4533333333334,893.5,585,10,21,{,1,class->block->function->block
2,112,rectangle_java2.jpg,rectangle_java2.jpg,465749747,136,933.2335294117647,565.4129411764706,900.5,549,63,21,return,6,class->block->function->block->block_content->return
2,112,rectangle_java2.jpg,rectangle_java2.jpg,465809751,56,932.6571428571428,592.8421428571429,910.5,585,62,21,return,6,class->block->function->block->block_content->return
2,112,rectangle_java2.jpg,rectangle_java2.jpg,466005746,192,864.9335416666667,590.5585416666667,856.5,585,9,21,(,1,class->block->function->parameter_list
2,112,rectangle_java2.jpg,rectangle_java2.jpg,466005746,192,864.9335416666667,590.5585416666667,873.5,585,9,21,),1,class->block->function->parameter_list
2,112,rectangle_java2.jpg,rectangle_java2.jpg,466081750,72,864.4838888888889,573.6333333333333,856.5,585,9,21,(,1,class->block->function->parameter_list
2,112,rectangle_java2.jpg,rectangle_java2.jpg,466081750,72,864.4838888888889,573.6333333333333,873.5,585,9,21,),1,class->block->function->parameter_list
2,112,rectangle_java2.jpg,rectangle_java2.jpg,466145752,60,869.8813333333334,593.3426666666667,873.5,585,9,21,),1,class->block->function->parameter_list
2,112,rectangle_java2.jpg,rectangle_java2.jpg,466313861,108,874.5214814814815,584.002962962963,873.5,585,9,21,),1,class->block->function->parameter_list
2,112,rectangle_java2.jpg,rectangle_java2.jpg,466453852,136,869.1217647058824,573.3847058823529,873.5,585,9,21,),1,class->block->function->parameter_list
2,112,rectangle_java2.jpg,rectangle_java2.jpg,466513799,56,861.3314285714285,544.3792857142857,863.5,549,9,21,),1,class->block->function->parameter_list
2,112,rectangle_java2.jpg,rectangle_java2.jpg,466593739,76,858.1231578947369,530.6631578947369,854.5,512,9,21,),1,class->block->function->parameter_list
2,112,rectangle_java2.jpg,rectangle_java2.jpg,466745726,148,865.6137837837838,548.3056756756756,863.5,549,9,21,),1,class->block->function->parameter_list
2,112,rectangle_java2.jpg,rectangle_java2.jpg,466929749,108,1013.6103703703703,568.7385185185185,968.5,549,70,21,this.y2,7,class->block->function->block->block_content->return->expr->name->name->operator->name
2,112,rectangle_java2.jpg,rectangle_java2.jpg,466989757,56,1020.1064285714285,583.0521428571428,977.5,585,101,21,this.width,10,class->block->function->block->block_content->return->expr->call->name->name->operator->name
2,112,rectangle_java2.jpg,rectangle_java2.jpg,467169672,100,1093.3584,568.9108,1064.5,549,71,21,this.y1,7,class->block->function->block->block_content->return->expr->name->name->operator->name
2,112,rectangle_java2.jpg,rectangle_java2.jpg,467397656,96,1096.435,582.565,1086.5,585,10,21,(,1,class->block->function->block->block_content->return->expr->call->argument_list
2,112,rectangle_java2.jpg,rectangle_java2.jpg,467397656,96,1096.435,582.565,1103.5,585,9,21,),1,class->block->function->block->block_content->return->expr->call->argument_list
2,112,rectangle_java2.jpg,rectangle_java2.jpg,467561650,128,1139.39,591.3446875,1140.5,585,110,21,this.height,11,class->block->function->block->block_content->return->expr->call->name->name->operator->name
2,112,rectangle_java2.jpg,rectangle_java2.jpg,467728639,80,1184.3635,605.9995,1140.5,585,110,21,this.height,11,class->block->function->block->block_content->return->expr->call->name->name->operator->name
2,112,rectangle_java2.jpg,rectangle_java2.jpg,467908743,148,994.3256756756757,605.1775675675675,977.5,585,101,21,this.width,10,class->block->function->block->block_content->return->expr->call->name->name->operator->name
2,112,rectangle_java2.jpg,rectangle_java2.jpg,468005097,76,995.0078947368421,599.1215789473684,977.5,585,101,21,this.width,10,class->block->function->block->block_content->return->expr->call->name->name->operator->name
2,112,rectangle_java2.jpg,rectangle_java2.jpg,468365631,120,824.0243333333333,286.2196666666667,737.5,295,91,21,Rectangle,9,class->block->constructor->name
2,112,rectangle_java2.jpg,rectangle_java2.jpg,468517582,148,824.0524324324324,291.0164864864865,737.5,295,91,21,Rectangle,9,class->block->constructor->name
2,112,rectangle_java2.jpg,rectangle_java2.jpg,468641592,96,793.76625,253.1591666666667,785.5,259,23,21,x1,2,class->block->decl_stmt->decl->name
2,112,rectangle_java2.jpg,rectangle_java2.jpg,468869659,76,790.5136842105263,252.1357894736842,785.5,259,23,21,x1,2,class->block->decl_stmt->decl->name
2,112,rectangle_java2.jpg,rectangle_java2.jpg,469009563,100,748.2008,298.4472,737.5,295,91,21,Rectangle,9,class->block->constructor->name
2,112,rectangle_java2.jpg,rectangle_java2.jpg,469181391,76,780.9805263157895,301.56684210526316,737.5,295,91,21,Rectangle,9,class->block->constructor->name
2,112,rectangle_java2.jpg,rectangle_java2.jpg,469309416,124,790.9045161290322,322.6125806451613,730.5,331,71,19,this.x1,7,class->block->constructor->block->block_content->expr_stmt->expr->name->name->operator->name
2,112,rectangle_java2.jpg,rectangle_java2.jpg,469409463,96,785.19125,307.3416666666667,737.5,295,91,21,Rectangle,9,class->block->constructor->name
2,112,rectangle_java2.jpg,rectangle_java2.jpg,469473468,60,791.7873333333333,308.084,737.5,295,91,21,Rectangle,9,class->block->constructor->name
2,112,rectangle_java2.jpg,rectangle_java2.jpg,469601467,116,964.24,313.0258620689655,939.5,295,33,21,int,3,class->block->constructor->parameter_list->parameter->decl->type->name
2,112,rectangle_java2.jpg,rectangle_java2.jpg,470189516,120,803.655,359.69933333333336,806.5,367,15,21,=,1,class->block->constructor->block->block_content->expr_stmt->expr->operator
2,112,rectangle_java2.jpg,rectangle_java2.jpg,470333480,116,863.943448275862,358.25827586206896,856.5,367,10,21,;,1,class->block->constructor->block->block_content->expr_stmt
2,112,rectangle_java2.jpg,rectangle_java2.jpg,470573457,72,856.2794444444445,384.34833333333336,856.5,367,10,21,;,1,class->block->constructor->block->block_content->expr_stmt
2,112,rectangle_java2.jpg,rectangle_java2.jpg,470820855,104,811.8184615384615,377.0053846153846,806.5,367,15,21,=,1,class->block->constructor->block->block_content->expr_stmt->expr->operator
2,112,rectangle_java2.jpg,rectangle_java2.jpg,471069193,244,815.9247540983606,383.0977049180328,806.5,367,15,21,=,1,class->block->constructor->block->block_content->expr_stmt->expr->operator
2,112,rectangle_java2.jpg,rectangle_java2.jpg,471069193,244,815.9247540983606,383.0977049180328,826.5,367,23,21,y1,2,class->block->constructor->block->block_content->expr_stmt->expr->name->name
2,112,rectangle_java2.jpg,rectangle_java2.jpg,471185377,72,791.1911111111111,363.3038888888889,730.5,367,71,21,this.y1,7,class->block->constructor->block->block_content->expr_stmt->expr->name->name->operator->name
2,112,rectangle_java2.jpg,rectangle_java2.jpg,471361422,80,791.424,347.51800000000003,730.5,331,71,19,this.x1,7,class->block->constructor->block->block_content->expr_stmt->expr->name->name->operator->name
2,112,rectangle_java2.jpg,rectangle_java2.jpg,471533385,132,823.1351515151515,340.3221212121212,826.5,331,23,19,x1,2,class->block->constructor->block->block_content->expr_stmt->expr->name->name
2,112,rectangle_java2.jpg,rectangle_java2.jpg,471677391,96,846.2729166666667,326.72208333333333,826.5,331,23,19,x1,2,class->block->constructor->block->block_content->expr_stmt->expr->name->name
2,112,rectangle_java2.jpg,rectangle_java2.jpg,471677391,96,846.2729166666667,326.72208333333333,856.5,331,10,19,;,1,class->block->constructor->block->block_content->expr_stmt
2,112,rectangle_java2.jpg,rectangle_java2.jpg,471901426,56,852.425,318.72714285714284,856.5,331,10,19,;,1,class->block->constructor->block->block_content->expr_stmt
2,112,rectangle_java2.jpg,rectangle_java2.jpg,472009393,104,851.2653846153846,344.0926923076923,856.5,331,10,19,;,1,class->block->constructor->block->block_content->expr_stmt
2,112,rectangle_java2.jpg,rectangle_java2.jpg,472073380,60,850.8433333333334,346.5253333333333,856.5,331,10,19,;,1,class->block->constructor->block->block_content->expr_stmt
2,112,rectangle_java2.jpg,rectangle_java2.jpg,472249373,136,808.1017647058824,340.3311764705882,806.5,331,15,19,=,1,class->block->constructor->block->block_content->expr_stmt->expr->operator
2,112,rectangle_java2.jpg,rectangle_java2.jpg,472445340,192,805.8208333333333,348.81895833333334,806.5,331,15,19,=,1,class->block->constructor->block->block_content->expr_stmt->expr->operator
2,112,rectangle_java2.jpg,rectangle_java2.jpg,472537329,88,812.5368181818181,340.79727272727274,806.5,331,15,19,=,1,class->block->constructor->block->block_content->expr_stmt->expr->operator
2,112,rectangle_java2.jpg,rectangle_java2.jpg,472925324,84,850.4785714285714,373.97,856.5,367,10,21,;,1,class->block->constructor->block->block_content->expr_stmt
2,112,rectangle_java2.jpg,rectangle_java2.jpg,472989277,60,846.5,379.6773333333333,826.5,367,23,21,y1,2,class->block->constructor->block->block_content->expr_stmt->expr->name->name
2,112,rectangle_java2.jpg,rectangle_java2.jpg,472989277,60,846.5,379.6773333333333,856.5,367,10,21,;,1,class->block->constructor->block->block_content->expr_stmt
2,112,rectangle_java2.jpg,rectangle_java2.jpg,473081230,88,854.1845454545454,386.2640909090909,856.5,367,10,21,;,1,class->block->constructor->block->block_content->expr_stmt
2,112,rectangle_java2.jpg,rectangle_java2.jpg,473161216,60,826.45,442.476,826.5,440,23,21,y2,2,class->block->constructor->block->block_content->expr_stmt->expr->name->name
2,112,rectangle_java2.jpg,rectangle_java2.jpg,473277204,72,829.4516666666666,415.5205555555556,826.5,404,23,19,x2,2,class->block->constructor->block->block_content->expr_stmt->expr->name->name
2,112,rectangle_java2.jpg,rectangle_java2.jpg,473561246,88,795.5736363636364,411.6881818181818,730.5,404,71,19,this.x2,7,class->block->constructor->block->block_content->expr_stmt->expr->name->name->operator->name
2,112,rectangle_java2.jpg,rectangle_java2.jpg,473561246,88,795.5736363636364,411.6881818181818,806.5,404,15,19,=,1,class->block->constructor->block->block_content->expr_stmt->expr->operator
2,112,rectangle_java2.jpg,rectangle_java2.jpg,473701239,100,997.6228,314.2744,977.5,295,23,21,y1,2,class->block->constructor->parameter_list->parameter->decl->type->name
2,112,rectangle_java2.jpg,rectangle_java2.jpg,473701239,100,997.6228,314.2744,1007.5,295,10,21,",",1,class->block->constructor->parameter_list
2,112,rectangle_java2.jpg,rectangle_java2.jpg,473957153,72,992.28,315.25666666666666,977.5,295,23,21,y1,2,class->block->constructor->parameter_list->parameter->decl->type->name
2,112,rectangle_java2.jpg,rectangle_java2.jpg,474065180,60,893.1573333333333,562.5886666666667,883.5,549,10,21,{,1,class->block->function->block
2,112,rectangle_java2.jpg,rectangle_java2.jpg,474065180,60,893.1573333333333,562.5886666666667,900.5,549,63,21,return,6,class->block->function->block->block_content->return
2,112,rectangle_java2.jpg,rectangle_java2.jpg,474237206,112,889.5539285714285,581.5771428571428,893.5,585,10,21,{,1,class->block->function->block
2,112,rectangle_java2.jpg,rectangle_java2.jpg,474301210,60,898.1986666666667,569.674,900.5,549,63,21,return,6,class->block->function->block->block_content->return
2,112,rectangle_java2.jpg,rectangle_java2.jpg,474417218,112,887.8996428571429,591.1467857142857,893.5,585,10,21,{,1,class->block->function->block
2,112,rectangle_java2.jpg,rectangle_java2.jpg,474885018,136,909.6223529411765,706.2126470588236,916.5,694,9,21,(,1,class->block->function->block->block_content->expr_stmt->expr->call->argument_list
2,112,rectangle_java2.jpg,rectangle_java2.jpg,475573064,96,1020.8454166666667,737.1520833333334,941.5,731,91,20,Rectangle,9,class->block->function->block->block_content->decl_stmt->decl->init->expr->call->name
2,112,rectangle_java2.jpg,rectangle_java2.jpg,475709115,132,1017.0830303030303,721.4090909090909,941.5,731,91,20,Rectangle,9,class->block->function->block->block_content->decl_stmt->decl->init->expr->call->name
2,112,rectangle_java2.jpg,rectangle_java2.jpg,475817076,76,1100.0563157894737,675.7447368421052,1095.5,658,13,20,0,1,class->block->function->block->block_content->decl_stmt->decl->init->expr->call->argument_list->argument->expr->literal
2,112,rectangle_java2.jpg,rectangle_java2.jpg,475985060,76,1105.0394736842104,672.9847368421052,1095.5,658,13,20,0,1,class->block->function->block->block_content->decl_stmt->decl->init->expr->call->argument_list->argument->expr->literal
2,112,rectangle_java2.jpg,rectangle_java2.jpg,475985060,76,1105.0394736842104,672.9847368421052,1115.5,658,10,20,",",1,class->block->function->block->block_content->decl_stmt->decl->init->expr->call->argument_list
2,112,rectangle_java2.jpg,rectangle_java2.jpg,476089072,100,1111.4024,664.5664,1115.5,658,10,20,",",1,class->block->function->block->block_content->decl_stmt->decl->init->expr->call->argument_list
2,112,rectangle_java2.jpg,rectangle_java2.jpg,476389122,80,991.766,309.594,977.5,295,23,21,y1,2,class->block->constructor->parameter_list->parameter->decl->type->name
2,112,rectangle_java2.jpg,rectangle_java2.jpg,476589126,68,1043.264705882353,584.0688235294117,977.5,585,101,21,this.width,10,class->block->function->block->block_content->return->expr->call->name->name->operator->name
2,112,rectangle_java2.jpg,rectangle_java2.jpg,476709138,116,1049.1441379310345,578.041724137931,977.5,585,101,21,this.width,10,class->block->function->block->block_content->return->expr->call->name->name->operator->name
2,112,rectangle_java2.jpg,rectangle_java2.jpg,476793079,80,1053.764,582.624,977.5,585,101,21,this.width,10,class->block->function->block->block_content->return->expr->call->name->name->operator->name
2,112,rectangle_java2.jpg,rectangle_java2.jpg,476984995,96,1096.7958333333333,547.5566666666666,1064.5,549,71,21,this.y1,7,class->block->function->block->block_content->return->expr->name->name->operator->name
2,112,rectangle_java2.jpg,rectangle_java2.jpg,477064975,76,1098.3368421052633,541.8352631578947,1064.5,549,71,21,this.y1,7,class->block->function->block->block_content->return->expr->name->name->operator->name
2,112,rectangle_java2.jpg,rectangle_java2.jpg,477244995,132,989.2157575757576,552.2248484848485,968.5,549,70,21,this.y2,7,class->block->function->block->block_content->return->expr->name->name->operator->name
2,112,rectangle_java2.jpg,rectangle_java2.jpg,477485015,148,842.8124324324324,558.0591891891892,846.5,549,10,21,(,1,class->block->function->parameter_list
2,112,rectangle_java2.jpg,rectangle_java2.jpg,477612987,124,843.5761290322581,555.5829032258065,846.5,549,10,21,(,1,class->block->function->parameter_list
2,112,rectangle_java2.jpg,rectangle_java2.jpg,477856930,68,725.8435294117647,554.8717647058824,669.5,549,63,21,public,6,class->block->function->type->specifier
2,112,rectangle_java2.jpg,rectangle_java2.jpg,477856930,68,725.8435294117647,554.8717647058824,737.5,549,33,21,int,3,class->block->function->type->name
2,112,rectangle_java2.jpg,rectangle_java2.jpg,477984960,68,729.1611764705882,588.0564705882352,669.5,585,63,21,public,6,class->block->function->type->specifier
2,112,rectangle_java2.jpg,rectangle_java2.jpg,477984960,68,729.1611764705882,588.0564705882352,737.5,585,62,21,double,6,class->block->function->type->name
2,112,rectangle_java2.jpg,rectangle_java2.jpg,478293011,88,858.0677272727273,709.4563636363637,730.5,694,177,21,System.out.println,18,class->block->function->block->block_content->expr_stmt->expr->call->name->name->operator->name->operator->name
2,112,rectangle_java2.jpg,rectangle_java2.jpg,478361013,64,850.54,724.369375,826.5,731,51,20,rect2,5,class->block->function->block->block_content->decl_stmt->decl->name
2,112,rectangle_java2.jpg,rectangle_java2.jpg,478840738,60,820.934,628.4159999999999,804.5,621,44,21,void,4,class->block->function->type->name
2,112,rectangle_java2.jpg,rectangle_java2.jpg,478988774,144,826.0688888888889,627.8511111111111,804.5,621,44,21,void,4,class->block->function->type->name
