trial,participant,code_file,code_language,timestamp,duration,x_cord,y_cord,aoi_x,aoi_y,aoi_width,aoi_height,token,length,srcML
2,115,rectangle_java2.jpg,rectangle_java2.jpg,290605661,220,845.9236363636363,358.9241818181818,826.5,367,23,21,y1,2,class->block->constructor->block->block_content->expr_stmt->expr->name->name
2,115,rectangle_java2.jpg,rectangle_java2.jpg,290605661,220,845.9236363636363,358.9241818181818,856.5,367,10,21,;,1,class->block->constructor->block->block_content->expr_stmt
2,115,rectangle_java2.jpg,rectangle_java2.jpg,290793656,140,779.1074285714286,230.38400000000001,715.5,222,90,21,Rectangle,9,class->name
2,115,rectangle_java2.jpg,rectangle_java2.jpg,291001629,176,684.5047727272728,230.2813636363636,657.5,222,52,21,class,5,class
2,115,rectangle_java2.jpg,rectangle_java2.jpg,291201606,124,648.0709677419354,223.85612903225808,589.5,222,63,21,public,6,class->specifier
2,115,rectangle_java2.jpg,rectangle_java2.jpg,291201606,124,648.0709677419354,223.85612903225808,657.5,222,52,21,class,5,class
2,115,rectangle_java2.jpg,rectangle_java2.jpg,291281598,60,722.6246666666667,266.96933333333334,669.5,259,72,21,private,7,class->block->decl_stmt->decl->type->specifier
2,115,rectangle_java2.jpg,rectangle_java2.jpg,291373589,88,722.96,266.3372727272727,669.5,259,72,21,private,7,class->block->decl_stmt->decl->type->specifier
2,115,rectangle_java2.jpg,rectangle_java2.jpg,292001652,148,749.9181081081081,218.13594594594593,715.5,222,90,21,Rectangle,9,class->name
2,115,rectangle_java2.jpg,rectangle_java2.jpg,292145600,84,750.0766666666667,268.0495238095238,747.5,259,33,21,int,3,class->block->decl_stmt->decl->type->name
2,115,rectangle_java2.jpg,rectangle_java2.jpg,292261452,112,748.1417857142857,277.82892857142855,747.5,259,33,21,int,3,class->block->decl_stmt->decl->type->name
2,115,rectangle_java2.jpg,rectangle_java2.jpg,292557392,248,703.2290322580645,279.8808064516129,669.5,259,72,21,private,7,class->block->decl_stmt->decl->type->specifier
2,115,rectangle_java2.jpg,rectangle_java2.jpg,292673433,92,834.7517391304348,267.2321739130435,833.5,259,23,21,y1,2,class->block->decl_stmt->decl->name
2,115,rectangle_java2.jpg,rectangle_java2.jpg,292845462,168,839.0457142857143,269.872619047619,833.5,259,23,21,y1,2,class->block->decl_stmt->decl->name
2,115,rectangle_java2.jpg,rectangle_java2.jpg,293005481,116,903.6165517241379,270.0755172413793,881.5,259,23,21,x2,2,class->block->decl_stmt->decl->name
2,115,rectangle_java2.jpg,rectangle_java2.jpg,293005481,116,903.6165517241379,270.0755172413793,911.5,259,10,21,",",1,class->block->decl_stmt
2,115,rectangle_java2.jpg,rectangle_java2.jpg,293073515,64,905.551875,261.930625,911.5,259,10,21,",",1,class->block->decl_stmt
2,115,rectangle_java2.jpg,rectangle_java2.jpg,293277537,148,819.7267567567568,272.56054054054056,815.5,259,10,21,",",1,class->block->decl_stmt
2,115,rectangle_java2.jpg,rectangle_java2.jpg,293509489,220,705.2627272727273,270.0769090909091,669.5,259,72,21,private,7,class->block->decl_stmt->decl->type->specifier
2,115,rectangle_java2.jpg,rectangle_java2.jpg,293621501,108,699.1314814814815,279.30555555555554,669.5,259,72,21,private,7,class->block->decl_stmt->decl->type->specifier
2,115,rectangle_java2.jpg,rectangle_java2.jpg,293777548,92,772.8282608695653,332.10782608695655,730.5,331,71,19,this.x1,7,class->block->constructor->block->block_content->expr_stmt->expr->name->name->operator->name
2,115,rectangle_java2.jpg,rectangle_java2.jpg,293889568,108,778.8096296296296,327.0640740740741,730.5,331,71,19,this.x1,7,class->block->constructor->block->block_content->expr_stmt->expr->name->name->operator->name
2,115,rectangle_java2.jpg,rectangle_java2.jpg,294101449,152,775.6757894736842,329.5255263157895,730.5,331,71,19,this.x1,7,class->block->constructor->block->block_content->expr_stmt->expr->name->name->operator->name
2,115,rectangle_java2.jpg,rectangle_java2.jpg,294601350,124,1055.7816129032258,312.96838709677417,1025.5,295,33,21,int,3,class->block->constructor->parameter_list->parameter->decl->type->name
2,115,rectangle_java2.jpg,rectangle_java2.jpg,294601350,124,1055.7816129032258,312.96838709677417,1063.5,295,23,21,x2,2,class->block->constructor->parameter_list->parameter->decl->type->name
2,115,rectangle_java2.jpg,rectangle_java2.jpg,294689295,64,791.34625,378.335,730.5,367,71,21,this.y1,7,class->block->constructor->block->block_content->expr_stmt->expr->name->name->operator->name
2,115,rectangle_java2.jpg,rectangle_java2.jpg,294933247,240,784.6996666666666,381.648,730.5,367,71,21,this.y1,7,class->block->constructor->block->block_content->expr_stmt->expr->name->name->operator->name
2,115,rectangle_java2.jpg,rectangle_java2.jpg,295209502,60,697.064,547.5366666666666,669.5,549,63,21,public,6,class->block->function->type->specifier
2,115,rectangle_java2.jpg,rectangle_java2.jpg,295325507,112,697.0296428571429,552.6060714285715,669.5,549,63,21,public,6,class->block->function->type->specifier
2,115,rectangle_java2.jpg,rectangle_java2.jpg,295489363,160,705.84375,538.20275,669.5,549,63,21,public,6,class->block->function->type->specifier
2,115,rectangle_java2.jpg,rectangle_java2.jpg,295865355,120,788.6643333333334,538.5273333333333,775.5,549,62,21,height,6,class->block->function->name
2,115,rectangle_java2.jpg,rectangle_java2.jpg,296545256,316,812.9379746835443,568.6040506329114,775.5,549,62,21,height,6,class->block->function->name
2,115,rectangle_java2.jpg,rectangle_java2.jpg,296817209,216,957.3194444444445,530.9487037037037,958.5,512,71,21,this.x2,7,class->block->function->block->block_content->return->expr->name->name->operator->name->operator
2,115,rectangle_java2.jpg,rectangle_java2.jpg,297149256,280,1039.0325714285714,538.1578571428571,1045.5,549,13,21,-,1,class->block->function->block->block_content->return->expr->operator
2,115,rectangle_java2.jpg,rectangle_java2.jpg,297293241,88,1004.7386363636364,538.9863636363636,968.5,549,70,21,this.y2,7,class->block->function->block->block_content->return->expr->name->name->operator->name
2,115,rectangle_java2.jpg,rectangle_java2.jpg,297541206,64,956.3875,532.50375,958.5,512,71,21,this.x2,7,class->block->function->block->block_content->return->expr->name->name->operator->name->operator
2,115,rectangle_java2.jpg,rectangle_java2.jpg,297709157,156,775.8230769230769,528.474358974359,775.5,512,53,21,width,5,class->block->function->name
2,115,rectangle_java2.jpg,rectangle_java2.jpg,298069032,156,1049.545641025641,520.8951282051282,1054.5,512,71,21,this.x1,7,class->block->function->block->block_content->return->expr->name->name->operator->name
2,115,rectangle_java2.jpg,rectangle_java2.jpg,298385086,280,995.9755714285715,524.7724285714286,958.5,512,71,21,this.x2,7,class->block->function->block->block_content->return->expr->name->name->operator->name->operator
2,115,rectangle_java2.jpg,rectangle_java2.jpg,298769117,168,1028.797380952381,537.4861904761905,968.5,549,70,21,this.y2,7,class->block->function->block->block_content->return->expr->name->name->operator->name
2,115,rectangle_java2.jpg,rectangle_java2.jpg,299493079,368,1015.5546739130435,577.3327173913043,977.5,585,101,21,this.width,10,class->block->function->block->block_content->return->expr->call->name->name->operator->name
2,115,rectangle_java2.jpg,rectangle_java2.jpg,299876872,348,1101.9659770114943,573.5186206896552,1103.5,585,9,21,),1,class->block->function->block->block_content->return->expr->call->argument_list
2,115,rectangle_java2.jpg,rectangle_java2.jpg,300088957,176,1013.8011363636364,566.9806818181818,968.5,549,70,21,this.y2,7,class->block->function->block->block_content->return->expr->name->name->operator->name
2,115,rectangle_java2.jpg,rectangle_java2.jpg,300516953,184,800.234347826087,567.0521739130435,775.5,549,62,21,height,6,class->block->function->name
2,115,rectangle_java2.jpg,rectangle_java2.jpg,300640954,120,805.318,574.2926666666667,804.5,585,43,21,area,4,class->block->function->name
2,115,rectangle_java2.jpg,rectangle_java2.jpg,300912951,240,832.7015,605.0945,804.5,585,43,21,area,4,class->block->function->name
2,115,rectangle_java2.jpg,rectangle_java2.jpg,301124993,180,1027.0235555555555,597.7228888888889,977.5,585,101,21,this.width,10,class->block->function->block->block_content->return->expr->call->name->name->operator->name
2,115,rectangle_java2.jpg,rectangle_java2.jpg,301205013,76,993.6578947368421,603.0673684210526,977.5,585,101,21,this.width,10,class->block->function->block->block_content->return->expr->call->name->name->operator->name
2,115,rectangle_java2.jpg,rectangle_java2.jpg,301409039,56,1122.7242857142858,583.3228571428572,1122.5,585,12,21,*,1,class->block->function->block->block_content->return->expr->operator
2,115,rectangle_java2.jpg,rectangle_java2.jpg,301517019,104,1117.1480769230768,595.9488461538461,1122.5,585,12,21,*,1,class->block->function->block->block_content->return->expr->operator
2,115,rectangle_java2.jpg,rectangle_java2.jpg,301676853,140,1192.405142857143,597.4865714285714,1140.5,585,110,21,this.height,11,class->block->function->block->block_content->return->expr->call->name->name->operator->name
2,115,rectangle_java2.jpg,rectangle_java2.jpg,301920753,196,855.5495918367346,651.0775510204081,826.5,658,52,20,rect1,5,class->block->function->block->block_content->decl_stmt->decl->name
2,115,rectangle_java2.jpg,rectangle_java2.jpg,302264818,124,891.771935483871,653.7170967741936,883.5,658,15,20,=,1,class->block->function->block->block_content->decl_stmt->decl->init
2,115,rectangle_java2.jpg,rectangle_java2.jpg,302264818,124,891.771935483871,653.7170967741936,902.5,658,34,20,new,3,class->block->function->block->block_content->decl_stmt->decl->init->expr->operator
2,115,rectangle_java2.jpg,rectangle_java2.jpg,302324808,56,891.6614285714286,650.0007142857143,883.5,658,15,20,=,1,class->block->function->block->block_content->decl_stmt->decl->init
2,115,rectangle_java2.jpg,rectangle_java2.jpg,302324808,56,891.6614285714286,650.0007142857143,902.5,658,34,20,new,3,class->block->function->block->block_content->decl_stmt->decl->init->expr->operator
2,115,rectangle_java2.jpg,rectangle_java2.jpg,302436800,84,944.5228571428571,668.1314285714286,941.5,658,91,20,Rectangle,9,class->block->function->block->block_content->decl_stmt->decl->init->expr->call->name
2,115,rectangle_java2.jpg,rectangle_java2.jpg,302628805,188,950.1874468085107,653.1795744680851,941.5,658,91,20,Rectangle,9,class->block->function->block->block_content->decl_stmt->decl->init->expr->call->name
2,115,rectangle_java2.jpg,rectangle_java2.jpg,302964813,264,862.0895454545455,673.1459090909091,826.5,658,52,20,rect1,5,class->block->function->block->block_content->decl_stmt->decl->name
2,115,rectangle_java2.jpg,rectangle_java2.jpg,303252826,220,987.7843636363637,675.5987272727273,941.5,658,91,20,Rectangle,9,class->block->function->block->block_content->decl_stmt->decl->init->expr->call->name
2,115,rectangle_java2.jpg,rectangle_java2.jpg,303560834,204,959.2950980392156,664.0290196078431,941.5,658,91,20,Rectangle,9,class->block->function->block->block_content->decl_stmt->decl->init->expr->call->name
2,115,rectangle_java2.jpg,rectangle_java2.jpg,303680792,116,959.1206896551724,652.9444827586207,941.5,658,91,20,Rectangle,9,class->block->function->block->block_content->decl_stmt->decl->init->expr->call->name
2,115,rectangle_java2.jpg,rectangle_java2.jpg,304068737,340,1120.0424705882353,656.3172941176471,1115.5,658,10,20,",",1,class->block->function->block->block_content->decl_stmt->decl->init->expr->call->argument_list
2,115,rectangle_java2.jpg,rectangle_java2.jpg,304288716,216,1095.927037037037,664.3646296296297,1095.5,658,13,20,0,1,class->block->function->block->block_content->decl_stmt->decl->init->expr->call->argument_list->argument->expr->literal
2,115,rectangle_java2.jpg,rectangle_java2.jpg,304388692,96,1094.0766666666666,668.4579166666667,1095.5,658,13,20,0,1,class->block->function->block->block_content->decl_stmt->decl->init->expr->call->argument_list->argument->expr->literal
2,115,rectangle_java2.jpg,rectangle_java2.jpg,304648703,204,1136.1819607843138,667.6762745098039,1134.5,658,22,20,10,2,class->block->function->block->block_content->decl_stmt->decl->init->expr->call->argument_list->argument->expr->literal
2,115,rectangle_java2.jpg,rectangle_java2.jpg,304828714,128,1169.6940625,675.0353125,1163.5,658,10,20,",",1,class->block->function->block->block_content->decl_stmt->decl->init->expr->call->argument_list
2,115,rectangle_java2.jpg,rectangle_java2.jpg,304920717,68,1092.9035294117648,665.5735294117648,1095.5,658,13,20,0,1,class->block->function->block->block_content->decl_stmt->decl->init->expr->call->argument_list->argument->expr->literal
2,115,rectangle_java2.jpg,rectangle_java2.jpg,305012705,80,859.5225,673.4195,826.5,658,52,20,rect1,5,class->block->function->block->block_content->decl_stmt->decl->name
2,115,rectangle_java2.jpg,rectangle_java2.jpg,305244717,228,857.3068421052632,671.7668421052632,826.5,658,52,20,rect1,5,class->block->function->block->block_content->decl_stmt->decl->name
2,115,rectangle_java2.jpg,rectangle_java2.jpg,305408714,116,973.6551724137931,672.326551724138,941.5,658,91,20,Rectangle,9,class->block->function->block->block_content->decl_stmt->decl->init->expr->call->name
2,115,rectangle_java2.jpg,rectangle_java2.jpg,305488675,76,968.9342105263158,683.0647368421053,932.5,694,100,21,rect1.area,10,class->block->function->block->block_content->expr_stmt->expr->call->argument_list->argument->expr->call->name->name->operator->name
2,115,rectangle_java2.jpg,rectangle_java2.jpg,305700446,148,943.2178378378378,676.4718918918919,941.5,658,91,20,Rectangle,9,class->block->function->block->block_content->decl_stmt->decl->init->expr->call->name
2,115,rectangle_java2.jpg,rectangle_java2.jpg,305804463,100,949.7876,672.39,941.5,658,91,20,Rectangle,9,class->block->function->block->block_content->decl_stmt->decl->init->expr->call->name
2,115,rectangle_java2.jpg,rectangle_java2.jpg,306052531,236,1124.8538983050848,668.3377966101694,1115.5,658,10,20,",",1,class->block->function->block->block_content->decl_stmt->decl->init->expr->call->argument_list
2,115,rectangle_java2.jpg,rectangle_java2.jpg,306052531,236,1124.8538983050848,668.3377966101694,1134.5,658,22,20,10,2,class->block->function->block->block_content->decl_stmt->decl->init->expr->call->argument_list->argument->expr->literal
2,115,rectangle_java2.jpg,rectangle_java2.jpg,306196553,140,1142.1862857142858,664.254,1134.5,658,22,20,10,2,class->block->function->block->block_content->decl_stmt->decl->init->expr->call->argument_list->argument->expr->literal
2,115,rectangle_java2.jpg,rectangle_java2.jpg,306420581,184,1174.4313043478262,674.5380434782609,1182.5,658,22,20,10,2,class->block->function->block->block_content->decl_stmt->decl->init->expr->call->argument_list->argument->expr->literal
2,115,rectangle_java2.jpg,rectangle_java2.jpg,306608645,156,1124.141794871795,669.84,1115.5,658,10,20,",",1,class->block->function->block->block_content->decl_stmt->decl->init->expr->call->argument_list
2,115,rectangle_java2.jpg,rectangle_java2.jpg,306608645,156,1124.141794871795,669.84,1134.5,658,22,20,10,2,class->block->function->block->block_content->decl_stmt->decl->init->expr->call->argument_list->argument->expr->literal
2,115,rectangle_java2.jpg,rectangle_java2.jpg,306776643,140,1065.462857142857,667.2302857142857,1057.5,658,13,20,0,1,class->block->function->block->block_content->decl_stmt->decl->init->expr->call->argument_list->argument->expr->literal
2,115,rectangle_java2.jpg,rectangle_java2.jpg,306776643,140,1065.462857142857,667.2302857142857,1077.5,658,9,20,",",1,class->block->function->block->block_content->decl_stmt->decl->init->expr->call->argument_list
2,115,rectangle_java2.jpg,rectangle_java2.jpg,306916568,136,1062.2123529411765,674.8355882352942,1057.5,658,13,20,0,1,class->block->function->block->block_content->decl_stmt->decl->init->expr->call->argument_list->argument->expr->literal
2,115,rectangle_java2.jpg,rectangle_java2.jpg,307032524,84,856.0733333333334,308.20190476190476,853.5,295,32,21,int,3,class->block->constructor->parameter_list->parameter->decl->type->name
2,115,rectangle_java2.jpg,rectangle_java2.jpg,307216549,64,811.034375,276.971875,815.5,259,10,21,",",1,class->block->decl_stmt
2,115,rectangle_java2.jpg,rectangle_java2.jpg,307368488,148,814.5502702702703,275.15513513513514,815.5,259,10,21,",",1,class->block->decl_stmt
2,115,rectangle_java2.jpg,rectangle_java2.jpg,307464333,64,877.485,279.9075,881.5,259,23,21,x2,2,class->block->decl_stmt->decl->name
2,115,rectangle_java2.jpg,rectangle_java2.jpg,307544276,76,876.9121052631579,266.54315789473685,881.5,259,23,21,x2,2,class->block->decl_stmt->decl->name
2,115,rectangle_java2.jpg,rectangle_java2.jpg,307636361,88,878.0363636363636,290.6740909090909,853.5,295,32,21,int,3,class->block->constructor->parameter_list->parameter->decl->type->name
2,115,rectangle_java2.jpg,rectangle_java2.jpg,307636361,88,878.0363636363636,290.6740909090909,890.5,295,24,21,x1,2,class->block->constructor->parameter_list->parameter->decl->type->name
2,115,rectangle_java2.jpg,rectangle_java2.jpg,307796445,156,876.9387179487179,275.2182051282051,881.5,259,23,21,x2,2,class->block->decl_stmt->decl->name
2,115,rectangle_java2.jpg,rectangle_java2.jpg,307900440,100,850.2908,275.8296,833.5,259,23,21,y1,2,class->block->decl_stmt->decl->name
2,115,rectangle_java2.jpg,rectangle_java2.jpg,307972457,68,842.4635294117647,269.9570588235294,833.5,259,23,21,y1,2,class->block->decl_stmt->decl->name
2,115,rectangle_java2.jpg,rectangle_java2.jpg,308168504,192,843.4127083333333,274.98791666666665,833.5,259,23,21,y1,2,class->block->decl_stmt->decl->name
2,115,rectangle_java2.jpg,rectangle_java2.jpg,308328488,88,811.3572727272727,274.8486363636364,815.5,259,10,21,",",1,class->block->decl_stmt
2,115,rectangle_java2.jpg,rectangle_java2.jpg,308420476,88,806.6572727272727,252.8486363636364,785.5,259,23,21,x1,2,class->block->decl_stmt->decl->name
2,115,rectangle_java2.jpg,rectangle_java2.jpg,308420476,88,806.6572727272727,252.8486363636364,815.5,259,10,21,",",1,class->block->decl_stmt
2,115,rectangle_java2.jpg,rectangle_java2.jpg,308496466,72,811.0283333333333,277.1438888888889,815.5,259,10,21,",",1,class->block->decl_stmt
2,115,rectangle_java2.jpg,rectangle_java2.jpg,308852409,288,844.5859722222223,278.84875,833.5,259,23,21,y1,2,class->block->decl_stmt->decl->name
2,115,rectangle_java2.jpg,rectangle_java2.jpg,308912405,56,816.2635714285715,282.6985714285714,737.5,295,91,21,Rectangle,9,class->block->constructor->name
2,115,rectangle_java2.jpg,rectangle_java2.jpg,309192359,160,802.2935,275.61025,785.5,259,23,21,x1,2,class->block->decl_stmt->decl->name
2,115,rectangle_java2.jpg,rectangle_java2.jpg,309276316,80,804.4225,284.3155,737.5,295,91,21,Rectangle,9,class->block->constructor->name
2,115,rectangle_java2.jpg,rectangle_java2.jpg,309504279,132,895.969393939394,286.3712121212121,890.5,295,24,21,x1,2,class->block->constructor->parameter_list->parameter->decl->type->name
2,115,rectangle_java2.jpg,rectangle_java2.jpg,309600288,92,890.0713043478261,272.5517391304348,881.5,259,23,21,x2,2,class->block->decl_stmt->decl->name
2,115,rectangle_java2.jpg,rectangle_java2.jpg,309712304,108,894.5277777777778,291.5451851851852,890.5,295,24,21,x1,2,class->block->constructor->parameter_list->parameter->decl->type->name
2,115,rectangle_java2.jpg,rectangle_java2.jpg,309836276,120,889.2766666666666,284.9506666666667,890.5,295,24,21,x1,2,class->block->constructor->parameter_list->parameter->decl->type->name
2,115,rectangle_java2.jpg,rectangle_java2.jpg,309988255,88,933.0159090909091,290.87363636363636,939.5,295,33,21,int,3,class->block->constructor->parameter_list->parameter->decl->type->name
2,115,rectangle_java2.jpg,rectangle_java2.jpg,310796363,144,897.3472222222222,287.89694444444444,890.5,295,24,21,x1,2,class->block->constructor->parameter_list->parameter->decl->type->name
2,115,rectangle_java2.jpg,rectangle_java2.jpg,310944277,116,935.2255172413793,299.6162068965517,939.5,295,33,21,int,3,class->block->constructor->parameter_list->parameter->decl->type->name
2,115,rectangle_java2.jpg,rectangle_java2.jpg,311208262,156,843.4035897435897,270.4710256410256,833.5,259,23,21,y1,2,class->block->decl_stmt->decl->name
2,115,rectangle_java2.jpg,rectangle_java2.jpg,311284227,72,850.0772222222222,266.685,833.5,259,23,21,y1,2,class->block->decl_stmt->decl->name
2,115,rectangle_java2.jpg,rectangle_java2.jpg,311360203,72,845.026111111111,251.95944444444444,833.5,259,23,21,y1,2,class->block->decl_stmt->decl->name
2,115,rectangle_java2.jpg,rectangle_java2.jpg,311468164,104,845.7730769230769,268.69384615384615,833.5,259,23,21,y1,2,class->block->decl_stmt->decl->name
2,115,rectangle_java2.jpg,rectangle_java2.jpg,311532136,60,848.1086666666666,254.26999999999998,833.5,259,23,21,y1,2,class->block->decl_stmt->decl->name
2,115,rectangle_java2.jpg,rectangle_java2.jpg,311716167,152,803.5692105263158,264.1865789473684,785.5,259,23,21,x1,2,class->block->decl_stmt->decl->name
2,115,rectangle_java2.jpg,rectangle_java2.jpg,311716167,152,803.5692105263158,264.1865789473684,815.5,259,10,21,",",1,class->block->decl_stmt
2,115,rectangle_java2.jpg,rectangle_java2.jpg,312064212,132,1185.5754545454545,653.350303030303,1182.5,658,22,20,10,2,class->block->function->block->block_content->decl_stmt->decl->init->expr->call->argument_list->argument->expr->literal
2,115,rectangle_java2.jpg,rectangle_java2.jpg,312292192,192,1102.484375,667.2208333333333,1095.5,658,13,20,0,1,class->block->function->block->block_content->decl_stmt->decl->init->expr->call->argument_list->argument->expr->literal
2,115,rectangle_java2.jpg,rectangle_java2.jpg,312388187,68,834.7647058823529,305.56529411764706,837.5,295,9,21,(,1,class->block->constructor->parameter_list
2,115,rectangle_java2.jpg,rectangle_java2.jpg,312500196,108,837.1055555555556,301.36074074074077,837.5,295,9,21,(,1,class->block->constructor->parameter_list
2,115,rectangle_java2.jpg,rectangle_java2.jpg,312668197,164,823.199512195122,287.0390243902439,737.5,295,91,21,Rectangle,9,class->block->constructor->name
2,115,rectangle_java2.jpg,rectangle_java2.jpg,312864189,144,849.598888888889,296.1325,853.5,295,32,21,int,3,class->block->constructor->parameter_list->parameter->decl->type->name
2,115,rectangle_java2.jpg,rectangle_java2.jpg,312956172,60,1111.498,656.8166666666667,1115.5,658,10,20,",",1,class->block->function->block->block_content->decl_stmt->decl->init->expr->call->argument_list
2,115,rectangle_java2.jpg,rectangle_java2.jpg,313096039,136,1106.0811764705882,660.9029411764706,1095.5,658,13,20,0,1,class->block->function->block->block_content->decl_stmt->decl->init->expr->call->argument_list->argument->expr->literal
2,115,rectangle_java2.jpg,rectangle_java2.jpg,313096039,136,1106.0811764705882,660.9029411764706,1115.5,658,10,20,",",1,class->block->function->block->block_content->decl_stmt->decl->init->expr->call->argument_list
2,115,rectangle_java2.jpg,rectangle_java2.jpg,313171988,72,1147.6694444444445,667.3938888888889,1134.5,658,22,20,10,2,class->block->function->block->block_content->decl_stmt->decl->init->expr->call->argument_list->argument->expr->literal
2,115,rectangle_java2.jpg,rectangle_java2.jpg,313368046,192,1150.8597916666668,666.4425,1134.5,658,22,20,10,2,class->block->function->block->block_content->decl_stmt->decl->init->expr->call->argument_list->argument->expr->literal
2,115,rectangle_java2.jpg,rectangle_java2.jpg,313576049,148,837.6697297297297,689.8194594594595,730.5,694,177,21,System.out.println,18,class->block->function->block->block_content->expr_stmt->expr->call->name->name->operator->name->operator->name
2,115,rectangle_java2.jpg,rectangle_java2.jpg,313692079,92,789.2739130434783,699.5813043478261,730.5,694,177,21,System.out.println,18,class->block->function->block->block_content->expr_stmt->expr->call->name->name->operator->name->operator->name
2,115,rectangle_java2.jpg,rectangle_java2.jpg,313844130,148,782.8564864864865,700.28,730.5,694,177,21,System.out.println,18,class->block->function->block->block_content->expr_stmt->expr->call->name->name->operator->name->operator->name
2,115,rectangle_java2.jpg,rectangle_java2.jpg,313924125,76,763.8473684210526,697.8052631578947,730.5,694,177,21,System.out.println,18,class->block->function->block->block_content->expr_stmt->expr->call->name->name->operator->name->operator->name
2,115,rectangle_java2.jpg,rectangle_java2.jpg,314024113,84,869.5938095238096,709.4842857142858,730.5,694,177,21,System.out.println,18,class->block->function->block->block_content->expr_stmt->expr->call->name->name->operator->name->operator->name
2,115,rectangle_java2.jpg,rectangle_java2.jpg,314184089,156,874.5794871794872,712.9079487179487,730.5,694,177,21,System.out.println,18,class->block->function->block->block_content->expr_stmt->expr->call->name->name->operator->name->operator->name
2,115,rectangle_java2.jpg,rectangle_java2.jpg,314332100,144,863.79,712.7163888888889,730.5,694,177,21,System.out.println,18,class->block->function->block->block_content->expr_stmt->expr->call->name->name->operator->name->operator->name
2,115,rectangle_java2.jpg,rectangle_java2.jpg,314468128,108,956.0166666666667,711.4403703703704,932.5,694,100,21,rect1.area,10,class->block->function->block->block_content->expr_stmt->expr->call->argument_list->argument->expr->call->name->name->operator->name
2,115,rectangle_java2.jpg,rectangle_java2.jpg,314580129,108,961.552962962963,720.9911111111111,941.5,731,91,20,Rectangle,9,class->block->function->block->block_content->decl_stmt->decl->init->expr->call->name
2,115,rectangle_java2.jpg,rectangle_java2.jpg,314692087,108,958.1496296296297,714.8107407407407,932.5,694,100,21,rect1.area,10,class->block->function->block->block_content->expr_stmt->expr->call->argument_list->argument->expr->call->name->name->operator->name
2,115,rectangle_java2.jpg,rectangle_java2.jpg,314848033,88,1001.8790909090909,718.8277272727273,941.5,731,91,20,Rectangle,9,class->block->function->block->block_content->decl_stmt->decl->init->expr->call->name
2,115,rectangle_java2.jpg,rectangle_java2.jpg,315127815,244,857.1903278688525,713.6634426229508,730.5,694,177,21,System.out.println,18,class->block->function->block->block_content->expr_stmt->expr->call->name->name->operator->name->operator->name
2,115,rectangle_java2.jpg,rectangle_java2.jpg,315203841,72,859.3683333333333,710.5788888888889,730.5,694,177,21,System.out.println,18,class->block->function->block->block_content->expr_stmt->expr->call->name->name->operator->name->operator->name
2,115,rectangle_java2.jpg,rectangle_java2.jpg,315271875,64,845.2212499999999,713.526875,730.5,694,177,21,System.out.println,18,class->block->function->block->block_content->expr_stmt->expr->call->name->name->operator->name->operator->name
2,115,rectangle_java2.jpg,rectangle_java2.jpg,315339923,56,975.8178571428572,713.4471428571428,932.5,694,100,21,rect1.area,10,class->block->function->block->block_content->expr_stmt->expr->call->argument_list->argument->expr->call->name->name->operator->name
2,115,rectangle_java2.jpg,rectangle_java2.jpg,315443947,100,969.4048,701.9364,932.5,694,100,21,rect1.area,10,class->block->function->block->block_content->expr_stmt->expr->call->argument_list->argument->expr->call->name->name->operator->name
2,115,rectangle_java2.jpg,rectangle_java2.jpg,315535949,88,986.3927272727273,710.8231818181819,932.5,694,100,21,rect1.area,10,class->block->function->block->block_content->expr_stmt->expr->call->argument_list->argument->expr->call->name->name->operator->name
2,115,rectangle_java2.jpg,rectangle_java2.jpg,315711928,116,1014.2572413793104,695.9710344827586,932.5,694,100,21,rect1.area,10,class->block->function->block->block_content->expr_stmt->expr->call->argument_list->argument->expr->call->name->name->operator->name
2,115,rectangle_java2.jpg,rectangle_java2.jpg,315915917,200,1010.3148,704.5786,932.5,694,100,21,rect1.area,10,class->block->function->block->block_content->expr_stmt->expr->call->argument_list->argument->expr->call->name->name->operator->name
2,115,rectangle_java2.jpg,rectangle_java2.jpg,316091913,172,1005.2418604651162,709.7244186046512,932.5,694,100,21,rect1.area,10,class->block->function->block->block_content->expr_stmt->expr->call->argument_list->argument->expr->call->name->name->operator->name
2,115,rectangle_java2.jpg,rectangle_java2.jpg,316219910,124,982.8964516129032,711.8074193548387,932.5,694,100,21,rect1.area,10,class->block->function->block->block_content->expr_stmt->expr->call->argument_list->argument->expr->call->name->name->operator->name
2,115,rectangle_java2.jpg,rectangle_java2.jpg,316315896,92,975.2034782608696,697.725652173913,932.5,694,100,21,rect1.area,10,class->block->function->block->block_content->expr_stmt->expr->call->argument_list->argument->expr->call->name->name->operator->name
2,115,rectangle_java2.jpg,rectangle_java2.jpg,316771894,184,1018.9513043478261,721.2080434782608,941.5,731,91,20,Rectangle,9,class->block->function->block->block_content->decl_stmt->decl->init->expr->call->name
2,115,rectangle_java2.jpg,rectangle_java2.jpg,316899797,112,875.2553571428572,733.8542857142858,826.5,731,51,20,rect2,5,class->block->function->block->block_content->decl_stmt->decl->name
2,115,rectangle_java2.jpg,rectangle_java2.jpg,316899797,112,875.2553571428572,733.8542857142858,883.5,731,15,20,=,1,class->block->function->block->block_content->decl_stmt->decl->init
2,115,rectangle_java2.jpg,rectangle_java2.jpg,317123758,220,873.1643636363636,730.3921818181818,826.5,731,51,20,rect2,5,class->block->function->block->block_content->decl_stmt->decl->name
2,115,rectangle_java2.jpg,rectangle_java2.jpg,317123758,220,873.1643636363636,730.3921818181818,883.5,731,15,20,=,1,class->block->function->block->block_content->decl_stmt->decl->init
2,115,rectangle_java2.jpg,rectangle_java2.jpg,317235777,108,867.5711111111111,732.1225925925926,826.5,731,51,20,rect2,5,class->block->function->block->block_content->decl_stmt->decl->name
2,115,rectangle_java2.jpg,rectangle_java2.jpg,317363796,124,875.4054838709677,749.2603225806452,826.5,731,51,20,rect2,5,class->block->function->block->block_content->decl_stmt->decl->name
2,115,rectangle_java2.jpg,rectangle_java2.jpg,317363796,124,875.4054838709677,749.2603225806452,883.5,731,15,20,=,1,class->block->function->block->block_content->decl_stmt->decl->init
2,115,rectangle_java2.jpg,rectangle_java2.jpg,317491797,124,988.0841935483871,746.0870967741936,941.5,731,91,20,Rectangle,9,class->block->function->block->block_content->decl_stmt->decl->init->expr->call->name
2,115,rectangle_java2.jpg,rectangle_java2.jpg,317583780,88,983.0309090909091,734.6495454545454,941.5,731,91,20,Rectangle,9,class->block->function->block->block_content->decl_stmt->decl->init->expr->call->name
2,115,rectangle_java2.jpg,rectangle_java2.jpg,317747751,160,955.60725,739.881,941.5,731,91,20,Rectangle,9,class->block->function->block->block_content->decl_stmt->decl->init->expr->call->name
2,115,rectangle_java2.jpg,rectangle_java2.jpg,317959783,200,1080.8346,740.9544,1077.5,731,9,20,",",1,class->block->function->block->block_content->decl_stmt->decl->init->expr->call->argument_list
2,115,rectangle_java2.jpg,rectangle_java2.jpg,318139861,176,1089.0606818181818,736.8745454545455,1095.5,731,13,20,5,1,class->block->function->block->block_content->decl_stmt->decl->init->expr->call->argument_list->argument->expr->literal
2,115,rectangle_java2.jpg,rectangle_java2.jpg,318335753,152,1112.2413157894737,739.126052631579,1115.5,731,10,20,",",1,class->block->function->block->block_content->decl_stmt->decl->init->expr->call->argument_list
2,115,rectangle_java2.jpg,rectangle_java2.jpg,318519860,180,1117.2662222222223,741.5988888888888,1115.5,731,10,20,",",1,class->block->function->block->block_content->decl_stmt->decl->init->expr->call->argument_list
2,115,rectangle_java2.jpg,rectangle_java2.jpg,318687774,132,1156.7669696969697,737.0939393939394,1163.5,731,10,20,",",1,class->block->function->block->block_content->decl_stmt->decl->init->expr->call->argument_list
2,115,rectangle_java2.jpg,rectangle_java2.jpg,318823717,132,1147.1324242424243,736.3781818181818,1134.5,731,22,20,10,2,class->block->function->block->block_content->decl_stmt->decl->init->expr->call->argument_list->argument->expr->literal
2,115,rectangle_java2.jpg,rectangle_java2.jpg,318907691,72,1043.9183333333333,741.3644444444444,1041.5,731,9,20,(,1,class->block->function->block->block_content->decl_stmt->decl->init->expr->call->argument_list
2,115,rectangle_java2.jpg,rectangle_java2.jpg,319031664,120,1037.2383333333332,736.124,1041.5,731,9,20,(,1,class->block->function->block->block_content->decl_stmt->decl->init->expr->call->argument_list
2,115,rectangle_java2.jpg,rectangle_java2.jpg,319203661,140,835.136,777.8228571428572,730.5,766,177,21,System.out.println,18,class->block->function->block->block_content->expr_stmt->expr->call->name->name->operator->name->operator->name
2,115,rectangle_java2.jpg,rectangle_java2.jpg,319263677,56,843.1921428571428,777.9957142857143,730.5,766,177,21,System.out.println,18,class->block->function->block->block_content->expr_stmt->expr->call->name->name->operator->name->operator->name
2,115,rectangle_java2.jpg,rectangle_java2.jpg,320131617,76,1002.1173684210527,723.8873684210527,941.5,731,91,20,Rectangle,9,class->block->function->block->block_content->decl_stmt->decl->init->expr->call->name
2,115,rectangle_java2.jpg,rectangle_java2.jpg,320603413,92,1065.3265217391304,733.8047826086956,1057.5,731,13,20,5,1,class->block->function->block->block_content->decl_stmt->decl->init->expr->call->argument_list->argument->expr->literal
2,115,rectangle_java2.jpg,rectangle_java2.jpg,320603413,92,1065.3265217391304,733.8047826086956,1077.5,731,9,20,",",1,class->block->function->block->block_content->decl_stmt->decl->init->expr->call->argument_list
2,115,rectangle_java2.jpg,rectangle_java2.jpg,320715354,108,1070.1974074074074,734.7259259259259,1057.5,731,13,20,5,1,class->block->function->block->block_content->decl_stmt->decl->init->expr->call->argument_list->argument->expr->literal
2,115,rectangle_java2.jpg,rectangle_java2.jpg,320715354,108,1070.1974074074074,734.7259259259259,1077.5,731,9,20,",",1,class->block->function->block->block_content->decl_stmt->decl->init->expr->call->argument_list
2,115,rectangle_java2.jpg,rectangle_java2.jpg,321135490,84,1099.6161904761905,750.7390476190476,1095.5,731,13,20,5,1,class->block->function->block->block_content->decl_stmt->decl->init->expr->call->argument_list->argument->expr->literal
2,115,rectangle_java2.jpg,rectangle_java2.jpg,321379516,56,1111.2207142857142,742.9771428571429,1115.5,731,10,20,",",1,class->block->function->block->block_content->decl_stmt->decl->init->expr->call->argument_list
2,115,rectangle_java2.jpg,rectangle_java2.jpg,321475521,92,1106.068695652174,747.3260869565217,1095.5,731,13,20,5,1,class->block->function->block->block_content->decl_stmt->decl->init->expr->call->argument_list->argument->expr->literal
2,115,rectangle_java2.jpg,rectangle_java2.jpg,321475521,92,1106.068695652174,747.3260869565217,1115.5,731,10,20,",",1,class->block->function->block->block_content->decl_stmt->decl->init->expr->call->argument_list
2,115,rectangle_java2.jpg,rectangle_java2.jpg,321623522,120,1072.0720000000001,754.4546666666666,1077.5,766,9,21,),1,class->block->function->block->block_content->expr_stmt->expr->call->argument_list
2,115,rectangle_java2.jpg,rectangle_java2.jpg,321691516,64,1068.534375,760.890625,1077.5,766,9,21,),1,class->block->function->block->block_content->expr_stmt->expr->call->argument_list
2,115,rectangle_java2.jpg,rectangle_java2.jpg,321767511,72,1078.1644444444444,757.9177777777778,1077.5,766,9,21,),1,class->block->function->block->block_content->expr_stmt->expr->call->argument_list
2,115,rectangle_java2.jpg,rectangle_java2.jpg,321979511,208,1092.191923076923,764.5994230769231,1096.5,766,10,21,;,1,class->block->function->block->block_content->expr_stmt
2,115,rectangle_java2.jpg,rectangle_java2.jpg,322051496,68,1099.9352941176471,758.4741176470588,1096.5,766,10,21,;,1,class->block->function->block->block_content->expr_stmt
2,115,rectangle_java2.jpg,rectangle_java2.jpg,323147488,80,1067.078,609.0925,1025.5,621,42,21,args,4,class->block->function->parameter_list->parameter->decl->name
2,115,rectangle_java2.jpg,rectangle_java2.jpg,323147488,80,1067.078,609.0925,1074.5,621,10,21,),1,class->block->function->parameter_list
2,115,rectangle_java2.jpg,rectangle_java2.jpg,323346481,164,1064.070731707317,727.8551219512195,1057.5,731,13,20,5,1,class->block->function->block->block_content->decl_stmt->decl->init->expr->call->argument_list->argument->expr->literal
2,115,rectangle_java2.jpg,rectangle_java2.jpg,323781839,228,956.6608771929824,705.8831578947369,932.5,694,100,21,rect1.area,10,class->block->function->block->block_content->expr_stmt->expr->call->argument_list->argument->expr->call->name->name->operator->name
2,115,rectangle_java2.jpg,rectangle_java2.jpg,323905772,120,953.064,702.2573333333333,932.5,694,100,21,rect1.area,10,class->block->function->block->block_content->expr_stmt->expr->call->argument_list->argument->expr->call->name->name->operator->name
2,115,rectangle_java2.jpg,rectangle_java2.jpg,324125855,168,993.2576190476191,711.6204761904762,932.5,694,100,21,rect1.area,10,class->block->function->block->block_content->expr_stmt->expr->call->argument_list->argument->expr->call->name->name->operator->name
