trial,participant,code_file,code_language,timestamp,duration,x_cord,y_cord,aoi_x,aoi_y,aoi_width,aoi_height,token,length,srcML
2,116,rectangle_java2.jpg,rectangle_java2.jpg,2608650586,92,727.2465217391305,221.75434782608693,715.5,222,90,21,Rectangle,9,class->name
2,116,rectangle_java2.jpg,rectangle_java2.jpg,2610950426,144,816.9711111111111,215.03555555555556,813.5,222,10,21,{,1,class->block
2,116,rectangle_java2.jpg,rectangle_java2.jpg,2611806286,96,767.6608333333334,236.10833333333335,715.5,222,90,21,Rectangle,9,class->name
2,116,rectangle_java2.jpg,rectangle_java2.jpg,2612030331,220,763.7805454545454,242.98127272727277,715.5,222,90,21,Rectangle,9,class->name
2,116,rectangle_java2.jpg,rectangle_java2.jpg,2612146318,112,755.4817857142857,256.20892857142854,747.5,259,33,21,int,3,class->block->decl_stmt->decl->type->name
2,116,rectangle_java2.jpg,rectangle_java2.jpg,2612406288,200,790.4848,262.1166,785.5,259,23,21,x1,2,class->block->decl_stmt->decl->name
2,116,rectangle_java2.jpg,rectangle_java2.jpg,2612782323,156,750.7020512820512,234.07384615384615,715.5,222,90,21,Rectangle,9,class->name
2,116,rectangle_java2.jpg,rectangle_java2.jpg,2613330017,84,806.0033333333333,248.44809523809522,785.5,259,23,21,x1,2,class->block->decl_stmt->decl->name
2,116,rectangle_java2.jpg,rectangle_java2.jpg,2613330017,84,806.0033333333333,248.44809523809522,815.5,259,10,21,",",1,class->block->decl_stmt
2,116,rectangle_java2.jpg,rectangle_java2.jpg,2613634175,108,788.6781481481481,237.34407407407411,715.5,222,90,21,Rectangle,9,class->name
2,116,rectangle_java2.jpg,rectangle_java2.jpg,2613726343,88,794.3827272727273,236.26272727272726,715.5,222,90,21,Rectangle,9,class->name
2,116,rectangle_java2.jpg,rectangle_java2.jpg,2613814522,84,795.5880952380952,223.38,715.5,222,90,21,Rectangle,9,class->name
2,116,rectangle_java2.jpg,rectangle_java2.jpg,2613910508,92,821.2452173913043,231.13695652173914,813.5,222,10,21,{,1,class->block
2,116,rectangle_java2.jpg,rectangle_java2.jpg,2613986338,72,820.045,247.54666666666662,815.5,259,10,21,",",1,class->block->decl_stmt
2,116,rectangle_java2.jpg,rectangle_java2.jpg,2615286029,188,908.278085106383,249.37659574468086,911.5,259,10,21,",",1,class->block->decl_stmt
2,116,rectangle_java2.jpg,rectangle_java2.jpg,2615358050,68,902.2423529411765,251.8805882352941,881.5,259,23,21,x2,2,class->block->decl_stmt->decl->name
2,116,rectangle_java2.jpg,rectangle_java2.jpg,2615358050,68,902.2423529411765,251.8805882352941,911.5,259,10,21,",",1,class->block->decl_stmt
2,116,rectangle_java2.jpg,rectangle_java2.jpg,2615506088,116,957.0610344827586,252.6279310344828,959.5,259,10,21,;,1,class->block->decl_stmt
2,116,rectangle_java2.jpg,rectangle_java2.jpg,2615758063,56,947.4514285714286,247.13214285714287,929.5,259,23,21,y2,2,class->block->decl_stmt->decl->name
2,116,rectangle_java2.jpg,rectangle_java2.jpg,2615758063,56,947.4514285714286,247.13214285714287,959.5,259,10,21,;,1,class->block->decl_stmt
2,116,rectangle_java2.jpg,rectangle_java2.jpg,2615842032,60,794.1633333333333,288.5373333333333,737.5,295,91,21,Rectangle,9,class->block->constructor->name
2,116,rectangle_java2.jpg,rectangle_java2.jpg,2615966032,120,790.757,288.7056666666667,737.5,295,91,21,Rectangle,9,class->block->constructor->name
2,116,rectangle_java2.jpg,rectangle_java2.jpg,2616082049,80,745.751,305.797,737.5,295,91,21,Rectangle,9,class->block->constructor->name
2,116,rectangle_java2.jpg,rectangle_java2.jpg,2616166040,80,743.42,315.5335,737.5,295,91,21,Rectangle,9,class->block->constructor->name
2,116,rectangle_java2.jpg,rectangle_java2.jpg,2616370030,96,837.7541666666667,298.755,837.5,295,9,21,(,1,class->block->constructor->parameter_list
2,116,rectangle_java2.jpg,rectangle_java2.jpg,2616614022,120,810.9176666666666,357.021,806.5,367,15,21,=,1,class->block->constructor->block->block_content->expr_stmt->expr->operator
2,116,rectangle_java2.jpg,rectangle_java2.jpg,2616694015,76,818.7342105263158,349.7573684210526,806.5,331,15,19,=,1,class->block->constructor->block->block_content->expr_stmt->expr->operator
2,116,rectangle_java2.jpg,rectangle_java2.jpg,2616694015,76,818.7342105263158,349.7573684210526,826.5,331,23,19,x1,2,class->block->constructor->block->block_content->expr_stmt->expr->name->name
2,116,rectangle_java2.jpg,rectangle_java2.jpg,2617417861,84,916.2895238095238,295.9533333333333,921.5,295,9,21,",",1,class->block->constructor->parameter_list
2,116,rectangle_java2.jpg,rectangle_java2.jpg,2617517891,96,913.63125,297.39,890.5,295,24,21,x1,2,class->block->constructor->parameter_list->parameter->decl->type->name
2,116,rectangle_java2.jpg,rectangle_java2.jpg,2617517891,96,913.63125,297.39,921.5,295,9,21,",",1,class->block->constructor->parameter_list
2,116,rectangle_java2.jpg,rectangle_java2.jpg,2617593890,72,908.3477777777778,306.96555555555557,890.5,295,24,21,x1,2,class->block->constructor->parameter_list->parameter->decl->type->name
2,116,rectangle_java2.jpg,rectangle_java2.jpg,2617709886,84,980.5814285714285,300.7638095238095,977.5,295,23,21,y1,2,class->block->constructor->parameter_list->parameter->decl->type->name
2,116,rectangle_java2.jpg,rectangle_java2.jpg,2617797892,84,986.4309523809524,292.0895238095238,977.5,295,23,21,y1,2,class->block->constructor->parameter_list->parameter->decl->type->name
2,116,rectangle_java2.jpg,rectangle_java2.jpg,2618029884,184,1020.7876086956521,294.6258695652174,1025.5,295,33,21,int,3,class->block->constructor->parameter_list->parameter->decl->type->name
2,116,rectangle_java2.jpg,rectangle_java2.jpg,2618125880,72,1109.2255555555555,283.4533333333333,1112.5,295,33,21,int,3,class->block->constructor->parameter_list->parameter->decl->type->name
2,116,rectangle_java2.jpg,rectangle_java2.jpg,2618241886,112,1108.5275,286.8142857142857,1112.5,295,33,21,int,3,class->block->constructor->parameter_list->parameter->decl->type->name
2,116,rectangle_java2.jpg,rectangle_java2.jpg,2618305885,60,1102.8413333333333,285.7013333333333,1094.5,295,9,21,",",1,class->block->constructor->parameter_list
2,116,rectangle_java2.jpg,rectangle_java2.jpg,2618305885,60,1102.8413333333333,285.7013333333333,1112.5,295,33,21,int,3,class->block->constructor->parameter_list->parameter->decl->type->name
2,116,rectangle_java2.jpg,rectangle_java2.jpg,2618569888,224,1144.7478571428571,282.7875,1112.5,295,33,21,int,3,class->block->constructor->parameter_list->parameter->decl->type->name
2,116,rectangle_java2.jpg,rectangle_java2.jpg,2618569888,224,1144.7478571428571,282.7875,1150.5,295,23,21,y2,2,class->block->constructor->parameter_list->parameter->decl->type->name
2,116,rectangle_java2.jpg,rectangle_java2.jpg,2618733886,72,830.4127777777778,319.9661111111111,826.5,331,23,19,x1,2,class->block->constructor->block->block_content->expr_stmt->expr->name->name
2,116,rectangle_java2.jpg,rectangle_java2.jpg,2618917745,132,752.0351515151515,293.5072727272727,737.5,295,91,21,Rectangle,9,class->block->constructor->name
2,116,rectangle_java2.jpg,rectangle_java2.jpg,2619041703,120,753.8846666666667,302.562,737.5,295,91,21,Rectangle,9,class->block->constructor->name
2,116,rectangle_java2.jpg,rectangle_java2.jpg,2619209753,136,825.2508823529412,305.7985294117647,737.5,295,91,21,Rectangle,9,class->block->constructor->name
2,116,rectangle_java2.jpg,rectangle_java2.jpg,2619209753,136,825.2508823529412,305.7985294117647,837.5,295,9,21,(,1,class->block->constructor->parameter_list
2,116,rectangle_java2.jpg,rectangle_java2.jpg,2619329780,116,832.7186206896552,295.84379310344826,837.5,295,9,21,(,1,class->block->constructor->parameter_list
2,116,rectangle_java2.jpg,rectangle_java2.jpg,2619445800,104,749.2807692307692,305.0776923076923,737.5,295,91,21,Rectangle,9,class->block->constructor->name
2,116,rectangle_java2.jpg,rectangle_java2.jpg,2619565787,116,747.6899999999999,319.5506896551724,730.5,331,71,19,this.x1,7,class->block->constructor->block->block_content->expr_stmt->expr->name->name->operator->name
2,116,rectangle_java2.jpg,rectangle_java2.jpg,2619761818,152,828.5573684210526,343.4392105263158,826.5,331,23,19,x1,2,class->block->constructor->block->block_content->expr_stmt->expr->name->name
2,116,rectangle_java2.jpg,rectangle_java2.jpg,2619997738,232,805.791724137931,337.2951724137931,806.5,331,15,19,=,1,class->block->constructor->block->block_content->expr_stmt->expr->operator
2,116,rectangle_java2.jpg,rectangle_java2.jpg,2620821684,180,840.853111111111,364.38022222222224,826.5,367,23,21,y1,2,class->block->constructor->block->block_content->expr_stmt->expr->name->name
2,116,rectangle_java2.jpg,rectangle_java2.jpg,2621073631,108,801.8418518518519,368.57666666666665,806.5,367,15,21,=,1,class->block->constructor->block->block_content->expr_stmt->expr->operator
2,116,rectangle_java2.jpg,rectangle_java2.jpg,2621249606,156,859.5574358974359,366.0141025641026,856.5,367,10,21,;,1,class->block->constructor->block->block_content->expr_stmt
2,116,rectangle_java2.jpg,rectangle_java2.jpg,2621769609,88,824.6090909090909,378.2368181818182,826.5,367,23,21,y1,2,class->block->constructor->block->block_content->expr_stmt->expr->name->name
2,116,rectangle_java2.jpg,rectangle_java2.jpg,2621917876,144,835.6902777777777,375.18888888888887,826.5,367,23,21,y1,2,class->block->constructor->block->block_content->expr_stmt->expr->name->name
2,116,rectangle_java2.jpg,rectangle_java2.jpg,2621977986,56,829.0957142857143,380.15714285714284,826.5,367,23,21,y1,2,class->block->constructor->block->block_content->expr_stmt->expr->name->name
2,116,rectangle_java2.jpg,rectangle_java2.jpg,2622209841,204,801.2558823529412,409.82450980392156,730.5,404,71,19,this.x2,7,class->block->constructor->block->block_content->expr_stmt->expr->name->name->operator->name
2,116,rectangle_java2.jpg,rectangle_java2.jpg,2622209841,204,801.2558823529412,409.82450980392156,806.5,404,15,19,=,1,class->block->constructor->block->block_content->expr_stmt->expr->operator
2,116,rectangle_java2.jpg,rectangle_java2.jpg,2623157486,56,793.8492857142858,441.26428571428573,730.5,440,71,21,this.y2,7,class->block->constructor->block->block_content->expr_stmt->expr->name->name->operator->name
2,116,rectangle_java2.jpg,rectangle_java2.jpg,2623277480,60,797.072,439.87133333333327,730.5,440,71,21,this.y2,7,class->block->constructor->block->block_content->expr_stmt->expr->name->name->operator->name
2,116,rectangle_java2.jpg,rectangle_java2.jpg,2623277480,60,797.072,439.87133333333327,806.5,440,15,21,=,1,class->block->constructor->block->block_content->expr_stmt->expr->operator
2,116,rectangle_java2.jpg,rectangle_java2.jpg,2623557650,212,865.683962264151,442.0079245283018,856.5,440,10,21,;,1,class->block->constructor->block->block_content->expr_stmt
2,116,rectangle_java2.jpg,rectangle_java2.jpg,2624373493,144,849.8138888888889,443.3897222222222,856.5,440,10,21,;,1,class->block->constructor->block->block_content->expr_stmt
2,116,rectangle_java2.jpg,rectangle_java2.jpg,2624469436,92,849.8434782608696,449.86739130434785,856.5,440,10,21,;,1,class->block->constructor->block->block_content->expr_stmt
2,116,rectangle_java2.jpg,rectangle_java2.jpg,2624613253,140,809.4285714285714,456.54228571428575,806.5,440,15,21,=,1,class->block->constructor->block->block_content->expr_stmt->expr->operator
2,116,rectangle_java2.jpg,rectangle_java2.jpg,2624893244,192,745.953125,550.62875,737.5,549,33,21,int,3,class->block->function->type->name
2,116,rectangle_java2.jpg,rectangle_java2.jpg,2625084693,148,829.6878378378378,548.35,775.5,549,62,21,height,6,class->block->function->name
2,116,rectangle_java2.jpg,rectangle_java2.jpg,2625148901,60,841.234,549.6813333333333,846.5,549,10,21,(,1,class->block->function->parameter_list
2,116,rectangle_java2.jpg,rectangle_java2.jpg,2625233174,80,843.219,542.0255,846.5,549,10,21,(,1,class->block->function->parameter_list
2,116,rectangle_java2.jpg,rectangle_java2.jpg,2625417332,180,819.4853333333333,546.7342222222222,775.5,549,62,21,height,6,class->block->function->name
2,116,rectangle_java2.jpg,rectangle_java2.jpg,2625829251,288,982.2405555555556,532.8361111111111,958.5,512,71,21,this.x2,7,class->block->function->block->block_content->return->expr->name->name->operator->name->operator
2,116,rectangle_java2.jpg,rectangle_java2.jpg,2626021344,188,960.7029787234043,527.567659574468,958.5,512,71,21,this.x2,7,class->block->function->block->block_content->return->expr->name->name->operator->name->operator
2,116,rectangle_java2.jpg,rectangle_java2.jpg,2626249369,160,1006.92425,528.86325,958.5,512,71,21,this.x2,7,class->block->function->block->block_content->return->expr->name->name->operator->name->operator
2,116,rectangle_java2.jpg,rectangle_java2.jpg,2626357363,104,1005.3169230769231,520.098076923077,958.5,512,71,21,this.x2,7,class->block->function->block->block_content->return->expr->name->name->operator->name->operator
2,116,rectangle_java2.jpg,rectangle_java2.jpg,2626501345,104,1037.19,531.525,1035.5,512,13,21,-,1,class->block->function->block->block_content->return->expr->name->name
2,116,rectangle_java2.jpg,rectangle_java2.jpg,2626685011,108,975.8377777777778,516.3581481481482,958.5,512,71,21,this.x2,7,class->block->function->block->block_content->return->expr->name->name->operator->name->operator
2,116,rectangle_java2.jpg,rectangle_java2.jpg,2626825145,136,984.9961764705882,516.6414705882353,958.5,512,71,21,this.x2,7,class->block->function->block->block_content->return->expr->name->name->operator->name->operator
2,116,rectangle_java2.jpg,rectangle_java2.jpg,2626993234,112,1012.8660714285714,515.5921428571429,958.5,512,71,21,this.x2,7,class->block->function->block->block_content->return->expr->name->name->operator->name->operator
2,116,rectangle_java2.jpg,rectangle_java2.jpg,2627053255,56,1014.96,506.72642857142864,958.5,512,71,21,this.x2,7,class->block->function->block->block_content->return->expr->name->name->operator->name->operator
2,116,rectangle_java2.jpg,rectangle_java2.jpg,2627309240,212,815.2577358490566,556.6105660377358,775.5,549,62,21,height,6,class->block->function->name
2,116,rectangle_java2.jpg,rectangle_java2.jpg,2627453275,84,887.2404761904762,557.4347619047619,883.5,549,10,21,{,1,class->block->function->block
2,116,rectangle_java2.jpg,rectangle_java2.jpg,2627557288,100,880.0708,558.7968,883.5,549,10,21,{,1,class->block->function->block
2,116,rectangle_java2.jpg,rectangle_java2.jpg,2627809265,228,943.1377192982457,557.2010526315789,900.5,549,63,21,return,6,class->block->function->block->block_content->return
2,116,rectangle_java2.jpg,rectangle_java2.jpg,2627885251,72,945.5577777777778,556.6988888888889,900.5,549,63,21,return,6,class->block->function->block->block_content->return
2,116,rectangle_java2.jpg,rectangle_java2.jpg,2628021249,132,918.41,558.3060606060607,900.5,549,63,21,return,6,class->block->function->block->block_content->return
2,116,rectangle_java2.jpg,rectangle_java2.jpg,2628165247,140,915.9568571428572,554.3762857142857,900.5,549,63,21,return,6,class->block->function->block->block_content->return
2,116,rectangle_java2.jpg,rectangle_java2.jpg,2628433033,216,1044.9027777777778,549.2535185185185,1045.5,549,13,21,-,1,class->block->function->block->block_content->return->expr->operator
2,116,rectangle_java2.jpg,rectangle_java2.jpg,2628692816,236,863.5894915254237,554.8827118644068,863.5,549,9,21,),1,class->block->function->parameter_list
2,116,rectangle_java2.jpg,rectangle_java2.jpg,2628885012,120,944.1146666666666,561.313,900.5,549,63,21,return,6,class->block->function->block->block_content->return
2,116,rectangle_java2.jpg,rectangle_java2.jpg,2629137082,104,1015.4107692307692,553.7211538461538,968.5,549,70,21,this.y2,7,class->block->function->block->block_content->return->expr->name->name->operator->name
2,116,rectangle_java2.jpg,rectangle_java2.jpg,2629269093,72,1049.9133333333334,550.4166666666666,1045.5,549,13,21,-,1,class->block->function->block->block_content->return->expr->operator
2,116,rectangle_java2.jpg,rectangle_java2.jpg,2629377111,104,1051.8626923076922,561.7215384615384,1045.5,549,13,21,-,1,class->block->function->block->block_content->return->expr->operator
2,116,rectangle_java2.jpg,rectangle_java2.jpg,2629589153,152,1028.678947368421,560.3318421052631,968.5,549,70,21,this.y2,7,class->block->function->block->block_content->return->expr->name->name->operator->name
2,116,rectangle_java2.jpg,rectangle_java2.jpg,2630077199,92,1044.3578260869565,559.2204347826087,1045.5,549,13,21,-,1,class->block->function->block->block_content->return->expr->operator
2,116,rectangle_java2.jpg,rectangle_java2.jpg,2630564985,228,1135.6691228070176,573.9652631578947,1140.5,585,110,21,this.height,11,class->block->function->block->block_content->return->expr->call->name->name->operator->name
2,116,rectangle_java2.jpg,rectangle_java2.jpg,2630988977,160,1115.5605,563.69375,1064.5,549,71,21,this.y1,7,class->block->function->block->block_content->return->expr->name->name->operator->name
2,116,rectangle_java2.jpg,rectangle_java2.jpg,2631224974,212,1040.7722641509433,567.7198113207547,1045.5,549,13,21,-,1,class->block->function->block->block_content->return->expr->operator
2,116,rectangle_java2.jpg,rectangle_java2.jpg,2631368988,140,1044.1677142857143,559.7068571428572,1045.5,549,13,21,-,1,class->block->function->block->block_content->return->expr->operator
2,116,rectangle_java2.jpg,rectangle_java2.jpg,2631580973,176,1097.1322727272727,566.81,1064.5,549,71,21,this.y1,7,class->block->function->block->block_content->return->expr->name->name->operator->name
2,116,rectangle_java2.jpg,rectangle_java2.jpg,2631984961,372,1167.455053763441,559.3951612903226,1161.5,549,10,21,},1,class->block->function->block
2,116,rectangle_java2.jpg,rectangle_java2.jpg,2632156945,112,1134.6560714285715,568.2667857142857,1064.5,549,71,21,this.y1,7,class->block->function->block->block_content->return->expr->name->name->operator->name
2,116,rectangle_java2.jpg,rectangle_java2.jpg,2632156945,112,1134.6560714285715,568.2667857142857,1142.5,549,10,21,;,1,class->block->function->block->block_content->return
2,116,rectangle_java2.jpg,rectangle_java2.jpg,2632776858,188,924.5089361702128,574.0259574468085,910.5,585,62,21,return,6,class->block->function->block->block_content->return
2,116,rectangle_java2.jpg,rectangle_java2.jpg,2632932815,152,890.9071052631579,564.8839473684211,883.5,549,10,21,{,1,class->block->function->block
2,116,rectangle_java2.jpg,rectangle_java2.jpg,2632932815,152,890.9071052631579,564.8839473684211,900.5,549,63,21,return,6,class->block->function->block->block_content->return
2,116,rectangle_java2.jpg,rectangle_java2.jpg,2633936871,276,887.612463768116,598.28,893.5,585,10,21,{,1,class->block->function->block
2,116,rectangle_java2.jpg,rectangle_java2.jpg,2634352582,224,946.1723214285714,604.6292857142857,910.5,585,62,21,return,6,class->block->function->block->block_content->return
2,116,rectangle_java2.jpg,rectangle_java2.jpg,2634620679,224,927.0921428571429,599.49875,910.5,585,62,21,return,6,class->block->function->block->block_content->return
2,116,rectangle_java2.jpg,rectangle_java2.jpg,2634724679,100,936.7188,600.3304,910.5,585,62,21,return,6,class->block->function->block->block_content->return
2,116,rectangle_java2.jpg,rectangle_java2.jpg,2634864694,116,998.6913793103448,594.1096551724138,977.5,585,101,21,this.width,10,class->block->function->block->block_content->return->expr->call->name->name->operator->name
2,116,rectangle_java2.jpg,rectangle_java2.jpg,2634924687,56,990.4978571428571,605.5978571428572,977.5,585,101,21,this.width,10,class->block->function->block->block_content->return->expr->call->name->name->operator->name
2,116,rectangle_java2.jpg,rectangle_java2.jpg,2635128670,120,1095.368,594.8983333333333,1086.5,585,10,21,(,1,class->block->function->block->block_content->return->expr->call->argument_list
2,116,rectangle_java2.jpg,rectangle_java2.jpg,2635128670,120,1095.368,594.8983333333333,1103.5,585,9,21,),1,class->block->function->block->block_content->return->expr->call->argument_list
2,116,rectangle_java2.jpg,rectangle_java2.jpg,2635240675,108,1070.427037037037,605.19,977.5,585,101,21,this.width,10,class->block->function->block->block_content->return->expr->call->name->name->operator->name
2,116,rectangle_java2.jpg,rectangle_java2.jpg,2635352678,108,1066.0496296296296,604.2222222222222,977.5,585,101,21,this.width,10,class->block->function->block->block_content->return->expr->call->name->name->operator->name
2,116,rectangle_java2.jpg,rectangle_java2.jpg,2635568743,188,1121.905319148936,603.337659574468,1122.5,585,12,21,*,1,class->block->function->block->block_content->return->expr->operator
2,116,rectangle_java2.jpg,rectangle_java2.jpg,2635824698,64,1088.699375,589.03625,1086.5,585,10,21,(,1,class->block->function->block->block_content->return->expr->call->argument_list
2,116,rectangle_java2.jpg,rectangle_java2.jpg,2635928679,100,1092.3476,599.7908,1086.5,585,10,21,(,1,class->block->function->block->block_content->return->expr->call->argument_list
2,116,rectangle_java2.jpg,rectangle_java2.jpg,2635928679,100,1092.3476,599.7908,1103.5,585,9,21,),1,class->block->function->block->block_content->return->expr->call->argument_list
2,116,rectangle_java2.jpg,rectangle_java2.jpg,2636056734,96,1029.85125,596.2554166666666,977.5,585,101,21,this.width,10,class->block->function->block->block_content->return->expr->call->name->name->operator->name
2,116,rectangle_java2.jpg,rectangle_java2.jpg,2636316542,84,1088.259523809524,594.5319047619048,1086.5,585,10,21,(,1,class->block->function->block->block_content->return->expr->call->argument_list
2,116,rectangle_java2.jpg,rectangle_java2.jpg,2636608572,288,1093.8584722222222,598.5161111111111,1086.5,585,10,21,(,1,class->block->function->block->block_content->return->expr->call->argument_list
2,116,rectangle_java2.jpg,rectangle_java2.jpg,2636608572,288,1093.8584722222222,598.5161111111111,1103.5,585,9,21,),1,class->block->function->block->block_content->return->expr->call->argument_list
2,116,rectangle_java2.jpg,rectangle_java2.jpg,2636744542,108,801.3540740740741,614.0962962962963,804.5,621,44,21,void,4,class->block->function->type->name
2,116,rectangle_java2.jpg,rectangle_java2.jpg,2636900558,152,799.3481578947368,629.8542105263158,738.5,621,61,21,static,6,class->block->function->type->specifier
2,116,rectangle_java2.jpg,rectangle_java2.jpg,2636900558,152,799.3481578947368,629.8542105263158,804.5,621,44,21,void,4,class->block->function->type->name
2,116,rectangle_java2.jpg,rectangle_java2.jpg,2637236574,332,812.0957831325301,638.7748192771085,804.5,621,44,21,void,4,class->block->function->type->name
2,116,rectangle_java2.jpg,rectangle_java2.jpg,2637336574,60,1089.0473333333334,603.356,1086.5,585,10,21,(,1,class->block->function->block->block_content->return->expr->call->argument_list
2,116,rectangle_java2.jpg,rectangle_java2.jpg,2637708596,80,1085.5075,575.332,1086.5,585,10,21,(,1,class->block->function->block->block_content->return->expr->call->argument_list
2,116,rectangle_java2.jpg,rectangle_java2.jpg,2637800610,88,1079.8668181818182,578.9654545454546,1086.5,585,10,21,(,1,class->block->function->block->block_content->return->expr->call->argument_list
2,116,rectangle_java2.jpg,rectangle_java2.jpg,2638060451,172,808.1897674418605,639.313023255814,804.5,621,44,21,void,4,class->block->function->type->name
2,116,rectangle_java2.jpg,rectangle_java2.jpg,2638136444,72,817.5966666666667,638.8294444444444,804.5,621,44,21,void,4,class->block->function->type->name
2,116,rectangle_java2.jpg,rectangle_java2.jpg,2638368344,184,1002.3086956521739,568.6293478260869,968.5,549,70,21,this.y2,7,class->block->function->block->block_content->return->expr->name->name->operator->name
2,116,rectangle_java2.jpg,rectangle_java2.jpg,2638496040,104,879.6084615384615,601.0780769230769,873.5,585,9,21,),1,class->block->function->parameter_list
2,116,rectangle_java2.jpg,rectangle_java2.jpg,2638592079,92,877.4108695652174,609.3373913043479,851.5,621,44,21,main,4,class->block->function->name
2,116,rectangle_java2.jpg,rectangle_java2.jpg,2638772344,92,951.075652173913,605.4286956521739,910.5,585,62,21,return,6,class->block->function->block->block_content->return
2,116,rectangle_java2.jpg,rectangle_java2.jpg,2639216474,132,1008.1860606060607,590.8045454545454,977.5,585,101,21,this.width,10,class->block->function->block->block_content->return->expr->call->name->name->operator->name
2,116,rectangle_java2.jpg,rectangle_java2.jpg,2639468458,176,1088.2127272727273,605.1031818181818,1086.5,585,10,21,(,1,class->block->function->block->block_content->return->expr->call->argument_list
2,116,rectangle_java2.jpg,rectangle_java2.jpg,2639548449,76,1061.5573684210526,604.0857894736843,977.5,585,101,21,this.width,10,class->block->function->block->block_content->return->expr->call->name->name->operator->name
2,116,rectangle_java2.jpg,rectangle_java2.jpg,2639728442,176,1059.1372727272728,609.9715909090909,1025.5,621,42,21,args,4,class->block->function->parameter_list->parameter->decl->name
2,116,rectangle_java2.jpg,rectangle_java2.jpg,2640364340,176,1098.8147727272726,594.1393181818182,1103.5,585,9,21,),1,class->block->function->block->block_content->return->expr->call->argument_list
2,116,rectangle_java2.jpg,rectangle_java2.jpg,2640592323,224,1092.865,602.1273214285715,1086.5,585,10,21,(,1,class->block->function->block->block_content->return->expr->call->argument_list
2,116,rectangle_java2.jpg,rectangle_java2.jpg,2640592323,224,1092.865,602.1273214285715,1103.5,585,9,21,),1,class->block->function->block->block_content->return->expr->call->argument_list
2,116,rectangle_java2.jpg,rectangle_java2.jpg,2640908330,56,1084.87,599.8935714285715,1086.5,585,10,21,(,1,class->block->function->block->block_content->return->expr->call->argument_list
2,116,rectangle_java2.jpg,rectangle_java2.jpg,2641084341,112,883.1521428571428,592.6607142857143,893.5,585,10,21,{,1,class->block->function->block
2,116,rectangle_java2.jpg,rectangle_java2.jpg,2641148327,60,888.092,605.774,893.5,585,10,21,{,1,class->block->function->block
2,116,rectangle_java2.jpg,rectangle_java2.jpg,2641512302,340,953.5751764705882,597.344705882353,910.5,585,62,21,return,6,class->block->function->block->block_content->return
2,116,rectangle_java2.jpg,rectangle_java2.jpg,2641584449,68,951.2605882352941,590.2594117647059,910.5,585,62,21,return,6,class->block->function->block->block_content->return
2,116,rectangle_java2.jpg,rectangle_java2.jpg,2642020190,404,1087.6868316831683,602.6131683168317,1086.5,585,10,21,(,1,class->block->function->block->block_content->return->expr->call->argument_list
2,116,rectangle_java2.jpg,rectangle_java2.jpg,2642220482,160,846.087,619.47425,804.5,621,44,21,void,4,class->block->function->type->name
2,116,rectangle_java2.jpg,rectangle_java2.jpg,2642220482,160,846.087,619.47425,851.5,621,44,21,main,4,class->block->function->name
2,116,rectangle_java2.jpg,rectangle_java2.jpg,2642444201,176,815.9713636363637,637.245,804.5,621,44,21,void,4,class->block->function->type->name
2,116,rectangle_java2.jpg,rectangle_java2.jpg,2642704195,216,871.655,676.1140740740741,826.5,658,52,20,rect1,5,class->block->function->block->block_content->decl_stmt->decl->name
2,116,rectangle_java2.jpg,rectangle_java2.jpg,2642704195,216,871.655,676.1140740740741,883.5,658,15,20,=,1,class->block->function->block->block_content->decl_stmt->decl->init
2,116,rectangle_java2.jpg,rectangle_java2.jpg,2642960198,220,922.1818181818181,677.076,902.5,658,34,20,new,3,class->block->function->block->block_content->decl_stmt->decl->init->expr->operator
2,116,rectangle_java2.jpg,rectangle_java2.jpg,2643072199,92,1022.045652173913,682.0017391304348,932.5,694,100,21,rect1.area,10,class->block->function->block->block_content->expr_stmt->expr->call->argument_list->argument->expr->call->name->name->operator->name
2,116,rectangle_java2.jpg,rectangle_java2.jpg,2643148193,72,1025.1744444444444,670.1105555555556,941.5,658,91,20,Rectangle,9,class->block->function->block->block_content->decl_stmt->decl->init->expr->call->name
2,116,rectangle_java2.jpg,rectangle_java2.jpg,2643296175,120,1096.5543333333333,676.138,1095.5,658,13,20,0,1,class->block->function->block->block_content->decl_stmt->decl->init->expr->call->argument_list->argument->expr->literal
2,116,rectangle_java2.jpg,rectangle_java2.jpg,2643448153,148,1095.781891891892,684.1537837837838,1096.5,694,10,21,;,1,class->block->function->block->block_content->expr_stmt
2,116,rectangle_java2.jpg,rectangle_java2.jpg,2643692151,208,1143.6315384615384,676.9465384615385,1134.5,658,22,20,10,2,class->block->function->block->block_content->decl_stmt->decl->init->expr->call->argument_list->argument->expr->literal
2,116,rectangle_java2.jpg,rectangle_java2.jpg,2643860212,164,1167.6982926829269,673.2012195121952,1163.5,658,10,20,",",1,class->block->function->block->block_content->decl_stmt->decl->init->expr->call->argument_list
2,116,rectangle_java2.jpg,rectangle_java2.jpg,2644068107,148,1233.3662162162163,661.9932432432432,1231.5,658,10,20,;,1,class->block->function->block->block_content->decl_stmt
2,116,rectangle_java2.jpg,rectangle_java2.jpg,2644140078,68,1231.375294117647,669.8882352941176,1231.5,658,10,20,;,1,class->block->function->block->block_content->decl_stmt
2,116,rectangle_java2.jpg,rectangle_java2.jpg,2644280020,112,1110.6439285714287,670.7460714285714,1115.5,658,10,20,",",1,class->block->function->block->block_content->decl_stmt->decl->init->expr->call->argument_list
2,116,rectangle_java2.jpg,rectangle_java2.jpg,2644383988,84,915.0404761904762,660.6704761904762,902.5,658,34,20,new,3,class->block->function->block->block_content->decl_stmt->decl->init->expr->operator
2,116,rectangle_java2.jpg,rectangle_java2.jpg,2644583969,196,914.8067346938775,666.8955102040816,902.5,658,34,20,new,3,class->block->function->block->block_content->decl_stmt->decl->init->expr->operator
2,116,rectangle_java2.jpg,rectangle_java2.jpg,2644839851,220,957.7643636363637,668.7654545454545,941.5,658,91,20,Rectangle,9,class->block->function->block->block_content->decl_stmt->decl->init->expr->call->name
2,116,rectangle_java2.jpg,rectangle_java2.jpg,2645091981,192,1171.7325,675.6360416666666,1163.5,658,10,20,",",1,class->block->function->block->block_content->decl_stmt->decl->init->expr->call->argument_list
2,116,rectangle_java2.jpg,rectangle_java2.jpg,2645091981,192,1171.7325,675.6360416666666,1182.5,658,22,20,10,2,class->block->function->block->block_content->decl_stmt->decl->init->expr->call->argument_list->argument->expr->literal
2,116,rectangle_java2.jpg,rectangle_java2.jpg,2645211958,92,1105.9213043478262,677.6995652173913,1095.5,658,13,20,0,1,class->block->function->block->block_content->decl_stmt->decl->init->expr->call->argument_list->argument->expr->literal
2,116,rectangle_java2.jpg,rectangle_java2.jpg,2645211958,92,1105.9213043478262,677.6995652173913,1115.5,658,10,20,",",1,class->block->function->block->block_content->decl_stmt->decl->init->expr->call->argument_list
2,116,rectangle_java2.jpg,rectangle_java2.jpg,2645383942,76,1115.7105263157894,668.3384210526316,1115.5,658,10,20,",",1,class->block->function->block->block_content->decl_stmt->decl->init->expr->call->argument_list
2,116,rectangle_java2.jpg,rectangle_java2.jpg,2645767733,156,1241.3653846153845,675.3161538461538,1231.5,658,10,20,;,1,class->block->function->block->block_content->decl_stmt
2,116,rectangle_java2.jpg,rectangle_java2.jpg,2645891862,80,854.578,742.991,826.5,731,51,20,rect2,5,class->block->function->block->block_content->decl_stmt->decl->name
2,116,rectangle_java2.jpg,rectangle_java2.jpg,2646271894,68,892.9435294117646,747.1882352941176,883.5,731,15,20,=,1,class->block->function->block->block_content->decl_stmt->decl->init
2,116,rectangle_java2.jpg,rectangle_java2.jpg,2646271894,68,892.9435294117646,747.1882352941176,902.5,731,34,20,new,3,class->block->function->block->block_content->decl_stmt->decl->init->expr->operator
2,116,rectangle_java2.jpg,rectangle_java2.jpg,2646387885,112,896.2446428571428,738.1589285714285,883.5,731,15,20,=,1,class->block->function->block->block_content->decl_stmt->decl->init
2,116,rectangle_java2.jpg,rectangle_java2.jpg,2646387885,112,896.2446428571428,738.1589285714285,902.5,731,34,20,new,3,class->block->function->block->block_content->decl_stmt->decl->init->expr->operator
2,116,rectangle_java2.jpg,rectangle_java2.jpg,2646615873,204,960.6662745098039,732.8388235294118,941.5,731,91,20,Rectangle,9,class->block->function->block->block_content->decl_stmt->decl->init->expr->call->name
