trial,participant,code_file,code_language,timestamp,duration,x_cord,y_cord,aoi_x,aoi_y,aoi_width,aoi_height,token,length,srcML
2,123,rectangle_java2.jpg,rectangle_java2.jpg,1842583467,72,752.9683333333334,320.005,730.5,331,71,19,this.x1,7,class->block->constructor->block->block_content->expr_stmt->expr->name->name->operator->name
2,123,rectangle_java2.jpg,rectangle_java2.jpg,1842792381,204,753.4035294117647,308.9564705882353,737.5,295,91,21,Rectangle,9,class->block->constructor->name
2,123,rectangle_java2.jpg,rectangle_java2.jpg,1844424218,92,769.5152173913043,214.27478260869566,715.5,222,90,21,Rectangle,9,class->name
2,123,rectangle_java2.jpg,rectangle_java2.jpg,1844540228,112,775.6803571428571,218.29250000000002,715.5,222,90,21,Rectangle,9,class->name
2,123,rectangle_java2.jpg,rectangle_java2.jpg,1844652255,108,695.4111111111112,240.1996296296296,657.5,222,52,21,class,5,class
2,123,rectangle_java2.jpg,rectangle_java2.jpg,1844740136,84,692.1414285714286,222.0866666666667,657.5,222,52,21,class,5,class
2,123,rectangle_java2.jpg,rectangle_java2.jpg,1844835960,92,690.2991304347826,211.72608695652173,657.5,222,52,21,class,5,class
2,123,rectangle_java2.jpg,rectangle_java2.jpg,1845108031,192,803.8102083333333,210.65708333333333,715.5,222,90,21,Rectangle,9,class->name
2,123,rectangle_java2.jpg,rectangle_java2.jpg,1845108031,192,803.8102083333333,210.65708333333333,813.5,222,10,21,{,1,class->block
2,123,rectangle_java2.jpg,rectangle_java2.jpg,1845176032,64,809.029375,209.83249999999998,813.5,222,10,21,{,1,class->block
2,123,rectangle_java2.jpg,rectangle_java2.jpg,1845388025,180,769.699111111111,212.18755555555555,715.5,222,90,21,Rectangle,9,class->name
2,123,rectangle_java2.jpg,rectangle_java2.jpg,1845564037,56,745.2457142857143,228.1142857142857,715.5,222,90,21,Rectangle,9,class->name
2,123,rectangle_java2.jpg,rectangle_java2.jpg,1845676061,96,750.2795833333333,221.48666666666668,715.5,222,90,21,Rectangle,9,class->name
2,123,rectangle_java2.jpg,rectangle_java2.jpg,1845840123,88,749.4045454545454,212.93,715.5,222,90,21,Rectangle,9,class->name
2,123,rectangle_java2.jpg,rectangle_java2.jpg,1845928135,84,751.2495238095238,224.1528571428571,715.5,222,90,21,Rectangle,9,class->name
2,123,rectangle_java2.jpg,rectangle_java2.jpg,1846096111,60,812.7966666666666,210.952,813.5,222,10,21,{,1,class->block
2,123,rectangle_java2.jpg,rectangle_java2.jpg,1846644005,100,681.4208,236.40120000000002,657.5,222,52,21,class,5,class
2,123,rectangle_java2.jpg,rectangle_java2.jpg,1847092035,128,739.734375,248.15218749999997,669.5,259,72,21,private,7,class->block->decl_stmt->decl->type->specifier
2,123,rectangle_java2.jpg,rectangle_java2.jpg,1847092035,128,739.734375,248.15218749999997,747.5,259,33,21,int,3,class->block->decl_stmt->decl->type->name
2,123,rectangle_java2.jpg,rectangle_java2.jpg,1847279946,92,859.75,247.49565217391307,863.5,259,10,21,",",1,class->block->decl_stmt
2,123,rectangle_java2.jpg,rectangle_java2.jpg,1847528002,244,873.7068852459016,254.05868852459014,881.5,259,23,21,x2,2,class->block->decl_stmt->decl->name
2,123,rectangle_java2.jpg,rectangle_java2.jpg,1847756037,108,731.7481481481482,319.647037037037,730.5,331,71,19,this.x1,7,class->block->constructor->block->block_content->expr_stmt->expr->name->name->operator->name
2,123,rectangle_java2.jpg,rectangle_java2.jpg,1847856034,96,730.4804166666667,333.2875,730.5,331,71,19,this.x1,7,class->block->constructor->block->block_content->expr_stmt->expr->name->name->operator->name
2,123,rectangle_java2.jpg,rectangle_java2.jpg,1848004050,100,713.1080000000001,306.2404,669.5,295,63,21,public,6,class->block->constructor->specifier
2,123,rectangle_java2.jpg,rectangle_java2.jpg,1848092045,84,711.624761904762,292.4157142857143,669.5,295,63,21,public,6,class->block->constructor->specifier
2,123,rectangle_java2.jpg,rectangle_java2.jpg,1848200008,80,800.2505,250.4735,785.5,259,23,21,x1,2,class->block->decl_stmt->decl->name
2,123,rectangle_java2.jpg,rectangle_java2.jpg,1848307980,104,806.4288461538462,254.44884615384615,785.5,259,23,21,x1,2,class->block->decl_stmt->decl->name
2,123,rectangle_java2.jpg,rectangle_java2.jpg,1848307980,104,806.4288461538462,254.44884615384615,815.5,259,10,21,",",1,class->block->decl_stmt
2,123,rectangle_java2.jpg,rectangle_java2.jpg,1848487893,56,877.43,248.65785714285715,881.5,259,23,21,x2,2,class->block->decl_stmt->decl->name
2,123,rectangle_java2.jpg,rectangle_java2.jpg,1848927812,88,756.9277272727272,254.61318181818183,747.5,259,33,21,int,3,class->block->decl_stmt->decl->type->name
2,123,rectangle_java2.jpg,rectangle_java2.jpg,1848995832,64,747.904375,256.14125,747.5,259,33,21,int,3,class->block->decl_stmt->decl->type->name
2,123,rectangle_java2.jpg,rectangle_java2.jpg,1849475813,84,725.4395238095238,524.6833333333333,669.5,512,63,21,public,6,class->block->function->type->specifier
2,123,rectangle_java2.jpg,rectangle_java2.jpg,1849475813,84,725.4395238095238,524.6833333333333,737.5,512,33,21,int,3,class->block->function->type->name
2,123,rectangle_java2.jpg,rectangle_java2.jpg,1849691854,56,753.2328571428571,523.5371428571428,737.5,512,33,21,int,3,class->block->function->type->name
2,123,rectangle_java2.jpg,rectangle_java2.jpg,1849895804,80,756.894,598.874,737.5,585,62,21,double,6,class->block->function->type->name
2,123,rectangle_java2.jpg,rectangle_java2.jpg,1849995797,96,762.1816666666666,590.66625,737.5,585,62,21,double,6,class->block->function->type->name
2,123,rectangle_java2.jpg,rectangle_java2.jpg,1850223793,156,779.0328205128205,635.5697435897436,738.5,621,61,21,static,6,class->block->function->type->specifier
2,123,rectangle_java2.jpg,rectangle_java2.jpg,1850479626,128,719.566875,653.4921875,730.5,658,91,20,Rectangle,9,class->block->function->block->block_content->decl_stmt->decl->type->name
2,123,rectangle_java2.jpg,rectangle_java2.jpg,1850647672,164,724.4568292682927,641.3390243902439,669.5,621,63,21,public,6,class->block->function->type->specifier
2,123,rectangle_java2.jpg,rectangle_java2.jpg,1850967685,80,800.943,681.8685,730.5,694,177,21,System.out.println,18,class->block->function->block->block_content->expr_stmt->expr->call->name->name->operator->name->operator->name
2,123,rectangle_java2.jpg,rectangle_java2.jpg,1851083719,64,797.759375,677.043125,730.5,658,91,20,Rectangle,9,class->block->function->block->block_content->decl_stmt->decl->type->name
2,123,rectangle_java2.jpg,rectangle_java2.jpg,1851295774,56,803.66,667.5557142857143,730.5,658,91,20,Rectangle,9,class->block->function->block->block_content->decl_stmt->decl->type->name
2,123,rectangle_java2.jpg,rectangle_java2.jpg,1851551735,92,866.1204347826086,675.2152173913043,826.5,658,52,20,rect1,5,class->block->function->block->block_content->decl_stmt->decl->name
2,123,rectangle_java2.jpg,rectangle_java2.jpg,1851779761,84,690.6428571428571,221.74666666666667,657.5,222,52,21,class,5,class
2,123,rectangle_java2.jpg,rectangle_java2.jpg,1852347623,76,693.708947368421,215.3015789473684,657.5,222,52,21,class,5,class
2,123,rectangle_java2.jpg,rectangle_java2.jpg,1852535565,100,791.76,225.53999999999996,715.5,222,90,21,Rectangle,9,class->name
2,123,rectangle_java2.jpg,rectangle_java2.jpg,1852971538,104,675.8892307692307,227.41884615384618,657.5,222,52,21,class,5,class
2,123,rectangle_java2.jpg,rectangle_java2.jpg,1853147588,172,680.2518604651162,246.78139534883724,669.5,259,72,21,private,7,class->block->decl_stmt->decl->type->specifier
2,123,rectangle_java2.jpg,rectangle_java2.jpg,1853551599,56,752.4185714285715,238.26,715.5,222,90,21,Rectangle,9,class->name
2,123,rectangle_java2.jpg,rectangle_java2.jpg,1853715590,76,661.5305263157895,267.95947368421054,669.5,259,72,21,private,7,class->block->decl_stmt->decl->type->specifier
2,123,rectangle_java2.jpg,rectangle_java2.jpg,1853911586,56,749.6314285714286,268.51214285714286,747.5,259,33,21,int,3,class->block->decl_stmt->decl->type->name
2,123,rectangle_java2.jpg,rectangle_java2.jpg,1854099526,104,751.7626923076923,251.5807692307692,747.5,259,33,21,int,3,class->block->decl_stmt->decl->type->name
2,123,rectangle_java2.jpg,rectangle_java2.jpg,1854263324,76,870.2789473684211,270.62631578947367,863.5,259,10,21,",",1,class->block->decl_stmt
2,123,rectangle_java2.jpg,rectangle_java2.jpg,1854263324,76,870.2789473684211,270.62631578947367,881.5,259,23,21,x2,2,class->block->decl_stmt->decl->name
2,123,rectangle_java2.jpg,rectangle_java2.jpg,1854335318,68,868.7582352941176,256.32588235294116,863.5,259,10,21,",",1,class->block->decl_stmt
2,123,rectangle_java2.jpg,rectangle_java2.jpg,1854619444,60,946.3126666666667,251.394,929.5,259,23,21,y2,2,class->block->decl_stmt->decl->name
2,123,rectangle_java2.jpg,rectangle_java2.jpg,1854747493,96,738.95125,312.56583333333333,737.5,295,91,21,Rectangle,9,class->block->constructor->name
2,123,rectangle_java2.jpg,rectangle_java2.jpg,1854959507,104,731.3046153846153,296.9542307692308,669.5,295,63,21,public,6,class->block->constructor->specifier
2,123,rectangle_java2.jpg,rectangle_java2.jpg,1854959507,104,731.3046153846153,296.9542307692308,737.5,295,91,21,Rectangle,9,class->block->constructor->name
2,123,rectangle_java2.jpg,rectangle_java2.jpg,1855131471,68,717.6076470588235,303.1335294117647,669.5,295,63,21,public,6,class->block->constructor->specifier
2,123,rectangle_java2.jpg,rectangle_java2.jpg,1855279482,68,764.9523529411764,311.34470588235297,737.5,295,91,21,Rectangle,9,class->block->constructor->name
2,123,rectangle_java2.jpg,rectangle_java2.jpg,1856687327,60,905.5626666666667,255.50866666666667,911.5,259,10,21,",",1,class->block->decl_stmt
2,123,rectangle_java2.jpg,rectangle_java2.jpg,1856903339,108,897.7925925925925,253.92518518518523,881.5,259,23,21,x2,2,class->block->decl_stmt->decl->name
2,123,rectangle_java2.jpg,rectangle_java2.jpg,1857095339,120,867.7123333333334,252.673,863.5,259,10,21,",",1,class->block->decl_stmt
2,123,rectangle_java2.jpg,rectangle_java2.jpg,1857155319,56,860.5014285714286,247.26285714285711,863.5,259,10,21,",",1,class->block->decl_stmt
2,123,rectangle_java2.jpg,rectangle_java2.jpg,1858007222,68,768.8094117647059,321.75823529411764,730.5,331,71,19,this.x1,7,class->block->constructor->block->block_content->expr_stmt->expr->name->name->operator->name
2,123,rectangle_java2.jpg,rectangle_java2.jpg,1858379297,132,662.130303030303,256.7751515151515,669.5,259,72,21,private,7,class->block->decl_stmt->decl->type->specifier
2,123,rectangle_java2.jpg,rectangle_java2.jpg,1858519231,96,744.6983333333334,258.0808333333333,747.5,259,33,21,int,3,class->block->decl_stmt->decl->type->name
2,123,rectangle_java2.jpg,rectangle_java2.jpg,1858611204,88,748.3113636363637,248.24045454545455,747.5,259,33,21,int,3,class->block->decl_stmt->decl->type->name
2,123,rectangle_java2.jpg,rectangle_java2.jpg,1858831172,88,634.9822727272727,235.9686363636364,589.5,222,63,21,public,6,class->specifier
2,123,rectangle_java2.jpg,rectangle_java2.jpg,1859387196,148,698.7591891891892,253.8508108108108,669.5,259,72,21,private,7,class->block->decl_stmt->decl->type->specifier
2,123,rectangle_java2.jpg,rectangle_java2.jpg,1859491205,100,675.136,259.7296,669.5,259,72,21,private,7,class->block->decl_stmt->decl->type->specifier
2,123,rectangle_java2.jpg,rectangle_java2.jpg,1859551218,56,662.4114285714286,251.41499999999996,669.5,259,72,21,private,7,class->block->decl_stmt->decl->type->specifier
2,123,rectangle_java2.jpg,rectangle_java2.jpg,1859635236,80,658.737,251.55849999999998,669.5,259,72,21,private,7,class->block->decl_stmt->decl->type->specifier
2,123,rectangle_java2.jpg,rectangle_java2.jpg,1859727196,68,744.4429411764706,250.7005882352941,747.5,259,33,21,int,3,class->block->decl_stmt->decl->type->name
2,123,rectangle_java2.jpg,rectangle_java2.jpg,1860175077,96,656.8829166666667,242.33083333333332,657.5,222,52,21,class,5,class
2,123,rectangle_java2.jpg,rectangle_java2.jpg,1860439072,240,721.6075,247.58283333333333,669.5,259,72,21,private,7,class->block->decl_stmt->decl->type->specifier
2,123,rectangle_java2.jpg,rectangle_java2.jpg,1860619076,124,662.4970967741936,252.0551612903226,669.5,259,72,21,private,7,class->block->decl_stmt->decl->type->specifier
2,123,rectangle_java2.jpg,rectangle_java2.jpg,1860755057,72,837.5861111111111,253.50722222222225,833.5,259,23,21,y1,2,class->block->decl_stmt->decl->name
2,123,rectangle_java2.jpg,rectangle_java2.jpg,1860975025,216,842.3642592592593,254.74166666666667,833.5,259,23,21,y1,2,class->block->decl_stmt->decl->name
2,123,rectangle_java2.jpg,rectangle_java2.jpg,1861051020,64,753.70375,264.853125,747.5,259,33,21,int,3,class->block->decl_stmt->decl->type->name
2,123,rectangle_java2.jpg,rectangle_java2.jpg,1861347054,76,767.0657894736842,224.99105263157895,715.5,222,90,21,Rectangle,9,class->name
2,123,rectangle_java2.jpg,rectangle_java2.jpg,1861547078,128,777.2675,252.11062500000003,747.5,259,33,21,int,3,class->block->decl_stmt->decl->type->name
2,123,rectangle_java2.jpg,rectangle_java2.jpg,1861547078,128,777.2675,252.11062500000003,785.5,259,23,21,x1,2,class->block->decl_stmt->decl->name
2,123,rectangle_java2.jpg,rectangle_java2.jpg,1861675072,88,684.9372727272728,249.84000000000003,669.5,259,72,21,private,7,class->block->decl_stmt->decl->type->specifier
2,123,rectangle_java2.jpg,rectangle_java2.jpg,1861890956,96,662.3408333333333,210.53125,657.5,222,52,21,class,5,class
2,123,rectangle_java2.jpg,rectangle_java2.jpg,1862130940,176,661.3131818181818,257.4075,669.5,259,72,21,private,7,class->block->decl_stmt->decl->type->specifier
2,123,rectangle_java2.jpg,rectangle_java2.jpg,1862250896,116,665.1479310344828,263.4362068965517,669.5,259,72,21,private,7,class->block->decl_stmt->decl->type->specifier
2,123,rectangle_java2.jpg,rectangle_java2.jpg,1862474914,180,748.8844444444444,267.32444444444445,747.5,259,33,21,int,3,class->block->decl_stmt->decl->type->name
2,123,rectangle_java2.jpg,rectangle_java2.jpg,1862606977,128,756.246875,273.96625,747.5,259,33,21,int,3,class->block->decl_stmt->decl->type->name
2,123,rectangle_java2.jpg,rectangle_java2.jpg,1863666640,136,700.4488235294118,304.19382352941176,669.5,295,63,21,public,6,class->block->constructor->specifier
2,123,rectangle_java2.jpg,rectangle_java2.jpg,1863878846,56,676.5642857142857,266.18,669.5,259,72,21,private,7,class->block->decl_stmt->decl->type->specifier
2,123,rectangle_java2.jpg,rectangle_java2.jpg,1864026768,68,743.6217647058824,276.40764705882356,747.5,259,33,21,int,3,class->block->decl_stmt->decl->type->name
2,123,rectangle_java2.jpg,rectangle_java2.jpg,1864090744,60,738.8233333333334,258.424,669.5,259,72,21,private,7,class->block->decl_stmt->decl->type->specifier
2,123,rectangle_java2.jpg,rectangle_java2.jpg,1864090744,60,738.8233333333334,258.424,747.5,259,33,21,int,3,class->block->decl_stmt->decl->type->name
2,123,rectangle_java2.jpg,rectangle_java2.jpg,1864418798,60,668.7813333333334,478.10400000000004,672.5,478,10,18,},1,class->block->constructor->block
2,123,rectangle_java2.jpg,rectangle_java2.jpg,1865430546,100,658.1632,228.44640000000004,657.5,222,52,21,class,5,class
2,123,rectangle_java2.jpg,rectangle_java2.jpg,1865522472,88,665.2804545454545,211.6209090909091,657.5,222,52,21,class,5,class
2,123,rectangle_java2.jpg,rectangle_java2.jpg,1866198611,68,743.0082352941176,674.6741176470588,730.5,658,91,20,Rectangle,9,class->block->function->block->block_content->decl_stmt->decl->type->name
2,123,rectangle_java2.jpg,rectangle_java2.jpg,1866258607,56,735.86,686.8857142857142,730.5,694,177,21,System.out.println,18,class->block->function->block->block_content->expr_stmt->expr->call->name->name->operator->name->operator->name
2,123,rectangle_java2.jpg,rectangle_java2.jpg,1866414689,84,679.0309523809524,213.99047619047622,657.5,222,52,21,class,5,class
2,123,rectangle_java2.jpg,rectangle_java2.jpg,1867290519,56,705.5692857142857,530.3707142857143,669.5,512,63,21,public,6,class->block->function->type->specifier
2,123,rectangle_java2.jpg,rectangle_java2.jpg,1867826515,64,745.368125,698.27125,730.5,694,177,21,System.out.println,18,class->block->function->block->block_content->expr_stmt->expr->call->name->name->operator->name->operator->name
2,123,rectangle_java2.jpg,rectangle_java2.jpg,1871102301,60,782.2173333333334,556.8466666666667,775.5,549,62,21,height,6,class->block->function->name
2,123,rectangle_java2.jpg,rectangle_java2.jpg,1871206247,100,792.4508,569.4232,775.5,549,62,21,height,6,class->block->function->name
2,123,rectangle_java2.jpg,rectangle_java2.jpg,1871518304,60,1008.1113333333333,578.6046666666666,977.5,585,101,21,this.width,10,class->block->function->block->block_content->return->expr->call->name->name->operator->name
2,123,rectangle_java2.jpg,rectangle_java2.jpg,1871578344,56,1005.2692857142857,563.8992857142857,968.5,549,70,21,this.y2,7,class->block->function->block->block_content->return->expr->name->name->operator->name
2,123,rectangle_java2.jpg,rectangle_java2.jpg,1871866262,76,1116.8373684210526,556.8757894736842,1064.5,549,71,21,this.y1,7,class->block->function->block->block_content->return->expr->name->name->operator->name
2,123,rectangle_java2.jpg,rectangle_java2.jpg,1872042299,80,860.8415,625.2815,851.5,621,44,21,main,4,class->block->function->name
2,123,rectangle_java2.jpg,rectangle_java2.jpg,1872594238,84,1028.9714285714285,620.9680952380952,1025.5,621,42,21,args,4,class->block->function->parameter_list->parameter->decl->name
2,123,rectangle_java2.jpg,rectangle_java2.jpg,1872786233,80,1206.825,598.3235,1140.5,585,110,21,this.height,11,class->block->function->block->block_content->return->expr->call->name->name->operator->name
2,123,rectangle_java2.jpg,rectangle_java2.jpg,1873058025,124,1083.886451612903,614.8745161290323,1074.5,621,10,21,),1,class->block->function->parameter_list
2,123,rectangle_java2.jpg,rectangle_java2.jpg,1873058025,124,1083.886451612903,614.8745161290323,1094.5,621,10,21,{,1,class->block->function->block
2,123,rectangle_java2.jpg,rectangle_java2.jpg,1873150081,60,1009.782,617.8033333333333,1007.5,621,10,21,],1,class->block->function->parameter_list->parameter->decl->type->name->index
2,123,rectangle_java2.jpg,rectangle_java2.jpg,1873338204,72,787.9677777777778,641.6577777777778,738.5,621,61,21,static,6,class->block->function->type->specifier
2,123,rectangle_java2.jpg,rectangle_java2.jpg,1873414223,72,769.0255555555556,635.4111111111112,738.5,621,61,21,static,6,class->block->function->type->specifier
2,123,rectangle_java2.jpg,rectangle_java2.jpg,1874234146,64,737.904375,698.63875,730.5,694,177,21,System.out.println,18,class->block->function->block->block_content->expr_stmt->expr->call->name->name->operator->name->operator->name
2,123,rectangle_java2.jpg,rectangle_java2.jpg,1874298139,60,728.66,698.358,730.5,694,177,21,System.out.println,18,class->block->function->block->block_content->expr_stmt->expr->call->name->name->operator->name->operator->name
2,123,rectangle_java2.jpg,rectangle_java2.jpg,1874370143,68,726.8741176470588,694.6176470588235,730.5,694,177,21,System.out.println,18,class->block->function->block->block_content->expr_stmt->expr->call->name->name->operator->name->operator->name
2,123,rectangle_java2.jpg,rectangle_java2.jpg,1874442147,68,719.1605882352941,701.9188235294117,730.5,694,177,21,System.out.println,18,class->block->function->block->block_content->expr_stmt->expr->call->name->name->operator->name->operator->name
2,123,rectangle_java2.jpg,rectangle_java2.jpg,1874622137,116,818.0293103448275,697.8003448275862,730.5,694,177,21,System.out.println,18,class->block->function->block->block_content->expr_stmt->expr->call->name->name->operator->name->operator->name
2,123,rectangle_java2.jpg,rectangle_java2.jpg,1874690122,64,832.718125,703.134375,730.5,694,177,21,System.out.println,18,class->block->function->block->block_content->expr_stmt->expr->call->name->name->operator->name->operator->name
2,123,rectangle_java2.jpg,rectangle_java2.jpg,1874797974,84,800.7709523809524,699.8566666666667,730.5,694,177,21,System.out.println,18,class->block->function->block->block_content->expr_stmt->expr->call->name->name->operator->name->operator->name
2,123,rectangle_java2.jpg,rectangle_java2.jpg,1874929872,72,752.3805555555556,705.1372222222222,730.5,694,177,21,System.out.println,18,class->block->function->block->block_content->expr_stmt->expr->call->name->name->operator->name->operator->name
2,123,rectangle_java2.jpg,rectangle_java2.jpg,1875545982,68,921.0311764705882,697.0282352941176,916.5,694,9,21,(,1,class->block->function->block->block_content->expr_stmt->expr->call->argument_list
2,123,rectangle_java2.jpg,rectangle_java2.jpg,1875545982,68,921.0311764705882,697.0282352941176,932.5,694,100,21,rect1.area,10,class->block->function->block->block_content->expr_stmt->expr->call->argument_list->argument->expr->call->name->name->operator->name
2,123,rectangle_java2.jpg,rectangle_java2.jpg,1875666036,116,906.5720689655172,696.1213793103449,730.5,694,177,21,System.out.println,18,class->block->function->block->block_content->expr_stmt->expr->call->name->name->operator->name->operator->name
2,123,rectangle_java2.jpg,rectangle_java2.jpg,1875666036,116,906.5720689655172,696.1213793103449,916.5,694,9,21,(,1,class->block->function->block->block_content->expr_stmt->expr->call->argument_list
2,123,rectangle_java2.jpg,rectangle_java2.jpg,1875785998,72,961.7988888888889,699.3822222222223,932.5,694,100,21,rect1.area,10,class->block->function->block->block_content->expr_stmt->expr->call->argument_list->argument->expr->call->name->name->operator->name
2,123,rectangle_java2.jpg,rectangle_java2.jpg,1875985966,84,732.5461904761905,528.6571428571428,737.5,512,33,21,int,3,class->block->function->type->name
2,123,rectangle_java2.jpg,rectangle_java2.jpg,1876421989,100,1036.4816,696.6252,1041.5,694,9,21,(,1,class->block->function->block->block_content->expr_stmt->expr->call->argument_list->argument->expr->call->argument_list
2,123,rectangle_java2.jpg,rectangle_java2.jpg,1876633937,84,1072.7895238095239,710.2038095238095,1077.5,694,9,21,),1,class->block->function->block->block_content->expr_stmt->expr->call->argument_list
2,123,rectangle_java2.jpg,rectangle_java2.jpg,1876701871,64,1079.70625,711.85,1077.5,694,9,21,),1,class->block->function->block->block_content->expr_stmt->expr->call->argument_list
2,123,rectangle_java2.jpg,rectangle_java2.jpg,1876785802,80,1094.219,709.736,1096.5,694,10,21,;,1,class->block->function->block->block_content->expr_stmt
2,123,rectangle_java2.jpg,rectangle_java2.jpg,1877265890,84,935.0885714285714,744.7747619047619,902.5,731,34,20,new,3,class->block->function->block->block_content->decl_stmt->decl->init->expr->operator
2,123,rectangle_java2.jpg,rectangle_java2.jpg,1877265890,84,935.0885714285714,744.7747619047619,941.5,731,91,20,Rectangle,9,class->block->function->block->block_content->decl_stmt->decl->init->expr->call->name
2,123,rectangle_java2.jpg,rectangle_java2.jpg,1877749784,56,801.5085714285715,739.975,730.5,731,91,20,Rectangle,9,class->block->function->block->block_content->decl_stmt->decl->type->name
2,123,rectangle_java2.jpg,rectangle_java2.jpg,1877881780,64,985.315625,726.66875,941.5,731,91,20,Rectangle,9,class->block->function->block->block_content->decl_stmt->decl->init->expr->call->name
2,123,rectangle_java2.jpg,rectangle_java2.jpg,1877953804,68,998.25,732.0641176470589,941.5,731,91,20,Rectangle,9,class->block->function->block->block_content->decl_stmt->decl->init->expr->call->name
2,123,rectangle_java2.jpg,rectangle_java2.jpg,1878037853,80,1004.883,733.24,941.5,731,91,20,Rectangle,9,class->block->function->block->block_content->decl_stmt->decl->init->expr->call->name
2,123,rectangle_java2.jpg,rectangle_java2.jpg,1878129890,68,965.0876470588236,731.7070588235295,941.5,731,91,20,Rectangle,9,class->block->function->block->block_content->decl_stmt->decl->init->expr->call->name
2,123,rectangle_java2.jpg,rectangle_java2.jpg,1878253865,120,953.375,735.9636666666667,941.5,731,91,20,Rectangle,9,class->block->function->block->block_content->decl_stmt->decl->init->expr->call->name
2,123,rectangle_java2.jpg,rectangle_java2.jpg,1878325839,68,963.3505882352941,720.1182352941177,941.5,731,91,20,Rectangle,9,class->block->function->block->block_content->decl_stmt->decl->init->expr->call->name
2,123,rectangle_java2.jpg,rectangle_java2.jpg,1878397819,68,955.8094117647059,737.084705882353,941.5,731,91,20,Rectangle,9,class->block->function->block->block_content->decl_stmt->decl->init->expr->call->name
2,123,rectangle_java2.jpg,rectangle_java2.jpg,1878721722,64,751.846875,766.328125,730.5,766,177,21,System.out.println,18,class->block->function->block->block_content->expr_stmt->expr->call->name->name->operator->name->operator->name
2,123,rectangle_java2.jpg,rectangle_java2.jpg,1879065772,140,888.7,785.3457142857143,730.5,766,177,21,System.out.println,18,class->block->function->block->block_content->expr_stmt->expr->call->name->name->operator->name->operator->name
2,123,rectangle_java2.jpg,rectangle_java2.jpg,1879253744,88,988.6459090909091,781.5109090909091,932.5,766,100,21,rect2.area,10,class->block->function->block->block_content->expr_stmt->expr->call->argument_list->argument->expr->call->name->name->operator->name
2,123,rectangle_java2.jpg,rectangle_java2.jpg,1879333739,76,983.6221052631579,783.921052631579,932.5,766,100,21,rect2.area,10,class->block->function->block->block_content->expr_stmt->expr->call->argument_list->argument->expr->call->name->name->operator->name
2,123,rectangle_java2.jpg,rectangle_java2.jpg,1879469749,104,1082.523846153846,770.3742307692307,1077.5,766,9,21,),1,class->block->function->block->block_content->expr_stmt->expr->call->argument_list
2,123,rectangle_java2.jpg,rectangle_java2.jpg,1880561678,76,1013.4715789473685,783.0915789473684,932.5,766,100,21,rect2.area,10,class->block->function->block->block_content->expr_stmt->expr->call->argument_list->argument->expr->call->name->name->operator->name
2,123,rectangle_java2.jpg,rectangle_java2.jpg,1881193601,88,947.9681818181818,744.3386363636364,941.5,731,91,20,Rectangle,9,class->block->function->block->block_content->decl_stmt->decl->init->expr->call->name
2,123,rectangle_java2.jpg,rectangle_java2.jpg,1882253584,92,781.138695652174,429.30565217391313,730.5,440,71,21,this.y2,7,class->block->constructor->block->block_content->expr_stmt->expr->name->name->operator->name
