trial,participant,code_file,code_language,timestamp,duration,x_cord,y_cord,aoi_x,aoi_y,aoi_width,aoi_height,token,length,srcML
2,134,rectangle_java2.jpg,rectangle_java2.jpg,1908807220,152,669.4236842105263,268.43605263157895,669.5,259,72,21,private,7,class->block->decl_stmt->decl->type->specifier
2,134,rectangle_java2.jpg,rectangle_java2.jpg,1908875164,64,667.383125,278.885,669.5,259,72,21,private,7,class->block->decl_stmt->decl->type->specifier
2,134,rectangle_java2.jpg,rectangle_java2.jpg,1909734835,92,731.4665217391305,218.63826086956522,715.5,222,90,21,Rectangle,9,class->name
2,134,rectangle_java2.jpg,rectangle_java2.jpg,1909878827,120,721.694,225.039,715.5,222,90,21,Rectangle,9,class->name
2,134,rectangle_java2.jpg,rectangle_java2.jpg,1909990799,56,777.0428571428571,218.9007142857143,715.5,222,90,21,Rectangle,9,class->name
2,134,rectangle_java2.jpg,rectangle_java2.jpg,1910142828,148,780.5775675675676,217.50945945945944,715.5,222,90,21,Rectangle,9,class->name
2,134,rectangle_java2.jpg,rectangle_java2.jpg,1910222860,76,787.3678947368421,220.77947368421053,715.5,222,90,21,Rectangle,9,class->name
2,134,rectangle_java2.jpg,rectangle_java2.jpg,1910770654,92,817.9582608695653,217.82652173913044,813.5,222,10,21,{,1,class->block
2,134,rectangle_java2.jpg,rectangle_java2.jpg,1911066832,136,785.9788235294118,232.1641176470588,715.5,222,90,21,Rectangle,9,class->name
2,134,rectangle_java2.jpg,rectangle_java2.jpg,1911950748,84,848.4609523809523,247.5333333333333,833.5,259,23,21,y1,2,class->block->decl_stmt->decl->name
2,134,rectangle_java2.jpg,rectangle_java2.jpg,1912038629,84,860.3552380952381,257.3204761904762,863.5,259,10,21,",",1,class->block->decl_stmt
2,134,rectangle_java2.jpg,rectangle_java2.jpg,1912294635,68,755.1558823529411,253.49588235294118,747.5,259,33,21,int,3,class->block->decl_stmt->decl->type->name
2,134,rectangle_java2.jpg,rectangle_java2.jpg,1912458442,92,721.5639130434782,253.434347826087,669.5,259,72,21,private,7,class->block->decl_stmt->decl->type->specifier
2,134,rectangle_java2.jpg,rectangle_java2.jpg,1912530443,68,720.834705882353,260.7335294117647,669.5,259,72,21,private,7,class->block->decl_stmt->decl->type->specifier
2,134,rectangle_java2.jpg,rectangle_java2.jpg,1912658503,100,879.1496,253.49879999999996,881.5,259,23,21,x2,2,class->block->decl_stmt->decl->name
2,134,rectangle_java2.jpg,rectangle_java2.jpg,1912730543,68,876.8041176470588,266.0464705882353,881.5,259,23,21,x2,2,class->block->decl_stmt->decl->name
2,134,rectangle_java2.jpg,rectangle_java2.jpg,1912830594,96,879.0120833333333,253.7841666666667,881.5,259,23,21,x2,2,class->block->decl_stmt->decl->name
2,134,rectangle_java2.jpg,rectangle_java2.jpg,1912994601,112,939.0339285714285,250.0675,929.5,259,23,21,y2,2,class->block->decl_stmt->decl->name
2,134,rectangle_java2.jpg,rectangle_java2.jpg,1913094605,96,938.51875,263.62083333333334,929.5,259,23,21,y2,2,class->block->decl_stmt->decl->name
2,134,rectangle_java2.jpg,rectangle_java2.jpg,1913234556,136,959.4064705882353,257.47617647058826,959.5,259,10,21,;,1,class->block->decl_stmt
2,134,rectangle_java2.jpg,rectangle_java2.jpg,1914542410,68,822.4641176470589,233.9294117647059,813.5,222,10,21,{,1,class->block
2,134,rectangle_java2.jpg,rectangle_java2.jpg,1914658456,112,817.9810714285715,226.31607142857143,813.5,222,10,21,{,1,class->block
2,134,rectangle_java2.jpg,rectangle_java2.jpg,1914754467,92,818.6126086956522,229.3378260869565,813.5,222,10,21,{,1,class->block
2,134,rectangle_java2.jpg,rectangle_java2.jpg,1915814340,76,953.8836842105263,270.68894736842105,959.5,259,10,21,;,1,class->block->decl_stmt
2,134,rectangle_java2.jpg,rectangle_java2.jpg,1916030318,212,946.464716981132,265.5207547169811,929.5,259,23,21,y2,2,class->block->decl_stmt->decl->name
2,134,rectangle_java2.jpg,rectangle_java2.jpg,1916178345,100,856.5984,271.89,863.5,259,10,21,",",1,class->block->decl_stmt
2,134,rectangle_java2.jpg,rectangle_java2.jpg,1916394486,120,810.5153333333333,284.66200000000003,737.5,295,91,21,Rectangle,9,class->block->constructor->name
2,134,rectangle_java2.jpg,rectangle_java2.jpg,1916622317,100,777.2328,285.7296,737.5,295,91,21,Rectangle,9,class->block->constructor->name
2,134,rectangle_java2.jpg,rectangle_java2.jpg,1916834342,104,764.9319230769231,300.4146153846154,737.5,295,91,21,Rectangle,9,class->block->constructor->name
2,134,rectangle_java2.jpg,rectangle_java2.jpg,1917006299,100,791.86,289.8336,737.5,295,91,21,Rectangle,9,class->block->constructor->name
2,134,rectangle_java2.jpg,rectangle_java2.jpg,1917086227,76,793.0684210526316,306.28736842105263,737.5,295,91,21,Rectangle,9,class->block->constructor->name
2,134,rectangle_java2.jpg,rectangle_java2.jpg,1917166155,76,792.901052631579,323.03315789473686,730.5,331,71,19,this.x1,7,class->block->constructor->block->block_content->expr_stmt->expr->name->name->operator->name
2,134,rectangle_java2.jpg,rectangle_java2.jpg,1917318374,100,798.9464,327.8848,730.5,331,71,19,this.x1,7,class->block->constructor->block->block_content->expr_stmt->expr->name->name->operator->name
2,134,rectangle_java2.jpg,rectangle_java2.jpg,1917318374,100,798.9464,327.8848,806.5,331,15,19,=,1,class->block->constructor->block->block_content->expr_stmt->expr->operator
2,134,rectangle_java2.jpg,rectangle_java2.jpg,1917438443,116,774.0117241379311,328.5206896551724,730.5,331,71,19,this.x1,7,class->block->constructor->block->block_content->expr_stmt->expr->name->name->operator->name
2,134,rectangle_java2.jpg,rectangle_java2.jpg,1917702155,84,751.972380952381,255.76714285714286,747.5,259,33,21,int,3,class->block->decl_stmt->decl->type->name
2,134,rectangle_java2.jpg,rectangle_java2.jpg,1917762164,56,757.9357142857143,263.4757142857143,747.5,259,33,21,int,3,class->block->decl_stmt->decl->type->name
2,134,rectangle_java2.jpg,rectangle_java2.jpg,1917854169,80,773.4485,287.64300000000003,737.5,295,91,21,Rectangle,9,class->block->constructor->name
2,134,rectangle_java2.jpg,rectangle_java2.jpg,1917958166,100,783.7084,274.5012,785.5,259,23,21,x1,2,class->block->decl_stmt->decl->name
2,134,rectangle_java2.jpg,rectangle_java2.jpg,1918242241,56,688.7778571428571,293.5135714285714,669.5,295,63,21,public,6,class->block->constructor->specifier
2,134,rectangle_java2.jpg,rectangle_java2.jpg,1918442203,76,776.4947368421052,286.2547368421053,737.5,295,91,21,Rectangle,9,class->block->constructor->name
2,134,rectangle_java2.jpg,rectangle_java2.jpg,1918510176,64,778.81,274.425,747.5,259,33,21,int,3,class->block->decl_stmt->decl->type->name
2,134,rectangle_java2.jpg,rectangle_java2.jpg,1918510176,64,778.81,274.425,785.5,259,23,21,x1,2,class->block->decl_stmt->decl->name
2,134,rectangle_java2.jpg,rectangle_java2.jpg,1918745936,68,762.16,270.0211764705882,747.5,259,33,21,int,3,class->block->decl_stmt->decl->type->name
2,134,rectangle_java2.jpg,rectangle_java2.jpg,1918917907,112,763.7785714285715,277.1585714285714,747.5,259,33,21,int,3,class->block->decl_stmt->decl->type->name
2,134,rectangle_java2.jpg,rectangle_java2.jpg,1919146013,84,865.64,294.2919047619048,853.5,295,32,21,int,3,class->block->constructor->parameter_list->parameter->decl->type->name
2,134,rectangle_java2.jpg,rectangle_java2.jpg,1919310067,124,866.5654838709677,268.75,863.5,259,10,21,",",1,class->block->decl_stmt
2,134,rectangle_java2.jpg,rectangle_java2.jpg,1919466120,132,918.0630303030304,291.25545454545454,921.5,295,9,21,",",1,class->block->constructor->parameter_list
2,134,rectangle_java2.jpg,rectangle_java2.jpg,1919598156,76,897.1873684210526,295.30578947368423,890.5,295,24,21,x1,2,class->block->constructor->parameter_list->parameter->decl->type->name
2,134,rectangle_java2.jpg,rectangle_java2.jpg,1919670141,68,898.7582352941176,289.46529411764703,890.5,295,24,21,x1,2,class->block->constructor->parameter_list->parameter->decl->type->name
2,134,rectangle_java2.jpg,rectangle_java2.jpg,1919810075,88,764.1868181818181,337.7181818181818,730.5,331,71,19,this.x1,7,class->block->constructor->block->block_content->expr_stmt->expr->name->name->operator->name
2,134,rectangle_java2.jpg,rectangle_java2.jpg,1919890067,76,765.3310526315789,347.3984210526316,730.5,331,71,19,this.x1,7,class->block->constructor->block->block_content->expr_stmt->expr->name->name->operator->name
2,134,rectangle_java2.jpg,rectangle_java2.jpg,1919962061,68,755.0370588235294,334.65294117647056,730.5,331,71,19,this.x1,7,class->block->constructor->block->block_content->expr_stmt->expr->name->name->operator->name
2,134,rectangle_java2.jpg,rectangle_java2.jpg,1920078044,112,767.3232142857142,338.59499999999997,730.5,331,71,19,this.x1,7,class->block->constructor->block->block_content->expr_stmt->expr->name->name->operator->name
2,134,rectangle_java2.jpg,rectangle_java2.jpg,1920226010,112,782.1489285714285,357.26,730.5,367,71,21,this.y1,7,class->block->constructor->block->block_content->expr_stmt->expr->name->name->operator->name
2,134,rectangle_java2.jpg,rectangle_java2.jpg,1920442392,56,845.3407142857143,359.8442857142857,826.5,367,23,21,y1,2,class->block->constructor->block->block_content->expr_stmt->expr->name->name
2,134,rectangle_java2.jpg,rectangle_java2.jpg,1920442392,56,845.3407142857143,359.8442857142857,856.5,367,10,21,;,1,class->block->constructor->block->block_content->expr_stmt
2,134,rectangle_java2.jpg,rectangle_java2.jpg,1920502276,56,835.0171428571429,344.075,826.5,331,23,19,x1,2,class->block->constructor->block->block_content->expr_stmt->expr->name->name
2,134,rectangle_java2.jpg,rectangle_java2.jpg,1920686159,180,837.6659999999999,347.074,826.5,331,23,19,x1,2,class->block->constructor->block->block_content->expr_stmt->expr->name->name
2,134,rectangle_java2.jpg,rectangle_java2.jpg,1920942205,68,812.535294117647,320.76235294117646,806.5,331,15,19,=,1,class->block->constructor->block->block_content->expr_stmt->expr->operator
2,134,rectangle_java2.jpg,rectangle_java2.jpg,1921041972,72,801.4472222222222,276.88222222222225,785.5,259,23,21,x1,2,class->block->decl_stmt->decl->name
2,134,rectangle_java2.jpg,rectangle_java2.jpg,1921109943,64,806.6025,260.869375,785.5,259,23,21,x1,2,class->block->decl_stmt->decl->name
2,134,rectangle_java2.jpg,rectangle_java2.jpg,1921109943,64,806.6025,260.869375,815.5,259,10,21,",",1,class->block->decl_stmt
2,134,rectangle_java2.jpg,rectangle_java2.jpg,1921241899,128,797.4340625,269.6709375,785.5,259,23,21,x1,2,class->block->decl_stmt->decl->name
2,134,rectangle_java2.jpg,rectangle_java2.jpg,1921421940,120,770.232,260.7153333333333,747.5,259,33,21,int,3,class->block->decl_stmt->decl->type->name
2,134,rectangle_java2.jpg,rectangle_java2.jpg,1921557911,76,730.4047368421053,255.48157894736846,669.5,259,72,21,private,7,class->block->decl_stmt->decl->type->specifier
2,134,rectangle_java2.jpg,rectangle_java2.jpg,1921929688,124,888.5154838709677,274.638064516129,881.5,259,23,21,x2,2,class->block->decl_stmt->decl->name
2,134,rectangle_java2.jpg,rectangle_java2.jpg,1922037706,56,853.9171428571428,262.9164285714286,833.5,259,23,21,y1,2,class->block->decl_stmt->decl->name
2,134,rectangle_java2.jpg,rectangle_java2.jpg,1922037706,56,853.9171428571428,262.9164285714286,863.5,259,10,21,",",1,class->block->decl_stmt
2,134,rectangle_java2.jpg,rectangle_java2.jpg,1922097726,56,853.6992857142857,268.445,833.5,259,23,21,y1,2,class->block->decl_stmt->decl->name
2,134,rectangle_java2.jpg,rectangle_java2.jpg,1922097726,56,853.6992857142857,268.445,863.5,259,10,21,",",1,class->block->decl_stmt
2,134,rectangle_java2.jpg,rectangle_java2.jpg,1922225785,124,850.0958064516129,255.45838709677423,833.5,259,23,21,y1,2,class->block->decl_stmt->decl->name
2,134,rectangle_java2.jpg,rectangle_java2.jpg,1922453806,84,827.1009523809523,443.86,826.5,440,23,21,y2,2,class->block->constructor->block->block_content->expr_stmt->expr->name->name
2,134,rectangle_java2.jpg,rectangle_java2.jpg,1922545783,88,830.9504545454546,434.10136363636366,826.5,440,23,21,y2,2,class->block->constructor->block->block_content->expr_stmt->expr->name->name
2,134,rectangle_java2.jpg,rectangle_java2.jpg,1922801748,108,740.7525925925926,513.6314814814815,737.5,512,33,21,int,3,class->block->function->type->name
2,134,rectangle_java2.jpg,rectangle_java2.jpg,1922893766,88,717.1209090909091,514.0954545454546,669.5,512,63,21,public,6,class->block->function->type->specifier
2,134,rectangle_java2.jpg,rectangle_java2.jpg,1923021796,68,861.55,286.76882352941175,853.5,295,32,21,int,3,class->block->constructor->parameter_list->parameter->decl->type->name
2,134,rectangle_java2.jpg,rectangle_java2.jpg,1923237852,56,743.885,567.1478571428571,737.5,549,33,21,int,3,class->block->function->type->name
2,134,rectangle_java2.jpg,rectangle_java2.jpg,1923877630,104,935.7761538461539,531.4988461538461,891.5,512,62,21,return,6,class->block->function->block->block_content->return->expr->name->name
2,134,rectangle_java2.jpg,rectangle_java2.jpg,1924049650,108,923.3522222222222,515.3503703703703,891.5,512,62,21,return,6,class->block->function->block->block_content->return->expr->name->name
2,134,rectangle_java2.jpg,rectangle_java2.jpg,1924269657,60,1004.9166666666666,507.00266666666664,958.5,512,71,21,this.x2,7,class->block->function->block->block_content->return->expr->name->name->operator->name->operator
2,134,rectangle_java2.jpg,rectangle_java2.jpg,1924373666,100,1004.972,512.492,958.5,512,71,21,this.x2,7,class->block->function->block->block_content->return->expr->name->name->operator->name->operator
2,134,rectangle_java2.jpg,rectangle_java2.jpg,1924745763,56,1044.6685714285713,515.3521428571429,1035.5,512,13,21,-,1,class->block->function->block->block_content->return->expr->name->name
2,134,rectangle_java2.jpg,rectangle_java2.jpg,1924745763,56,1044.6685714285713,515.3521428571429,1054.5,512,71,21,this.x1,7,class->block->function->block->block_content->return->expr->name->name->operator->name
2,134,rectangle_java2.jpg,rectangle_java2.jpg,1925001577,100,1100.6868,518.1816,1054.5,512,71,21,this.x1,7,class->block->function->block->block_content->return->expr->name->name->operator->name
2,134,rectangle_java2.jpg,rectangle_java2.jpg,1925517502,60,771.0553333333334,608.778,738.5,621,61,21,static,6,class->block->function->type->specifier
2,134,rectangle_java2.jpg,rectangle_java2.jpg,1925665543,88,765.2222727272728,593.9195454545454,737.5,585,62,21,double,6,class->block->function->type->name
2,134,rectangle_java2.jpg,rectangle_java2.jpg,1925965492,64,815.93625,597.7425,804.5,585,43,21,area,4,class->block->function->name
2,134,rectangle_java2.jpg,rectangle_java2.jpg,1926125463,156,821.0682051282051,610.0617948717949,804.5,621,44,21,void,4,class->block->function->type->name
2,134,rectangle_java2.jpg,rectangle_java2.jpg,1926257479,72,998.5883333333334,633.8933333333333,990.5,621,10,21,[,1,class->block->function->parameter_list->parameter->decl->type->name->index
2,134,rectangle_java2.jpg,rectangle_java2.jpg,1926257479,72,998.5883333333334,633.8933333333333,1007.5,621,10,21,],1,class->block->function->parameter_list->parameter->decl->type->name->index
2,134,rectangle_java2.jpg,rectangle_java2.jpg,1926337497,76,999.59,625.868947368421,990.5,621,10,21,[,1,class->block->function->parameter_list->parameter->decl->type->name->index
2,134,rectangle_java2.jpg,rectangle_java2.jpg,1926337497,76,999.59,625.868947368421,1007.5,621,10,21,],1,class->block->function->parameter_list->parameter->decl->type->name->index
2,134,rectangle_java2.jpg,rectangle_java2.jpg,1926513459,132,930.7654545454545,630.6057575757576,920.5,621,62,21,String,6,class->block->function->parameter_list->parameter->decl->type->name->name
2,134,rectangle_java2.jpg,rectangle_java2.jpg,1926681395,128,928.895625,618.0625,920.5,621,62,21,String,6,class->block->function->parameter_list->parameter->decl->type->name->name
2,134,rectangle_java2.jpg,rectangle_java2.jpg,1926805390,120,931.2803333333334,619.5276666666666,920.5,621,62,21,String,6,class->block->function->parameter_list->parameter->decl->type->name->name
2,134,rectangle_java2.jpg,rectangle_java2.jpg,1927053356,128,793.9290625,749.263125,730.5,731,91,20,Rectangle,9,class->block->function->block->block_content->decl_stmt->decl->type->name
2,134,rectangle_java2.jpg,rectangle_java2.jpg,1927137364,56,769.0228571428571,727.47,730.5,731,91,20,Rectangle,9,class->block->function->block->block_content->decl_stmt->decl->type->name
2,134,rectangle_java2.jpg,rectangle_java2.jpg,1927281358,140,759.016,738.0537142857142,730.5,731,91,20,Rectangle,9,class->block->function->block->block_content->decl_stmt->decl->type->name
2,134,rectangle_java2.jpg,rectangle_java2.jpg,1927521431,156,730.4397435897436,667.0802564102564,730.5,658,91,20,Rectangle,9,class->block->function->block->block_content->decl_stmt->decl->type->name
2,134,rectangle_java2.jpg,rectangle_java2.jpg,1927645460,76,812.9142105263157,666.0994736842105,730.5,658,91,20,Rectangle,9,class->block->function->block->block_content->decl_stmt->decl->type->name
2,134,rectangle_java2.jpg,rectangle_java2.jpg,1927757422,108,816.15,660.4437037037037,730.5,658,91,20,Rectangle,9,class->block->function->block->block_content->decl_stmt->decl->type->name
2,134,rectangle_java2.jpg,rectangle_java2.jpg,1927757422,108,816.15,660.4437037037037,826.5,658,52,20,rect1,5,class->block->function->block->block_content->decl_stmt->decl->name
2,134,rectangle_java2.jpg,rectangle_java2.jpg,1927841403,80,818.3215,654.122,730.5,658,91,20,Rectangle,9,class->block->function->block->block_content->decl_stmt->decl->type->name
2,134,rectangle_java2.jpg,rectangle_java2.jpg,1927841403,80,818.3215,654.122,826.5,658,52,20,rect1,5,class->block->function->block->block_content->decl_stmt->decl->name
2,134,rectangle_java2.jpg,rectangle_java2.jpg,1928293158,152,1046.7223684210526,682.6626315789474,1041.5,694,9,21,(,1,class->block->function->block->block_content->expr_stmt->expr->call->argument_list->argument->expr->call->argument_list
2,134,rectangle_java2.jpg,rectangle_java2.jpg,1928293158,152,1046.7223684210526,682.6626315789474,1057.5,694,10,21,),1,class->block->function->block->block_content->expr_stmt->expr->call->argument_list->argument->expr->call->argument_list
2,134,rectangle_java2.jpg,rectangle_java2.jpg,1928581418,152,846.3452631578947,726.205,826.5,731,51,20,rect2,5,class->block->function->block->block_content->decl_stmt->decl->name
2,134,rectangle_java2.jpg,rectangle_java2.jpg,1928749307,144,778.7225,696.3044444444445,730.5,694,177,21,System.out.println,18,class->block->function->block->block_content->expr_stmt->expr->call->name->name->operator->name->operator->name
