trial,participant,code_file,code_language,timestamp,duration,x_cord,y_cord,aoi_x,aoi_y,aoi_width,aoi_height,token,length,srcML
2,152,rectangle_java2.jpg,rectangle_java2.jpg,411367626,112,848.6875,333.00678571428574,826.5,331,23,19,x1,2,class->block->constructor->block->block_content->expr_stmt->expr->name->name
2,152,rectangle_java2.jpg,rectangle_java2.jpg,411367626,112,848.6875,333.00678571428574,856.5,331,10,19,;,1,class->block->constructor->block->block_content->expr_stmt
2,152,rectangle_java2.jpg,rectangle_java2.jpg,414644877,136,744.5420588235294,257.70323529411763,747.5,259,33,21,int,3,class->block->decl_stmt->decl->type->name
2,152,rectangle_java2.jpg,rectangle_java2.jpg,414723188,68,744.8911764705882,239.0888235294118,715.5,222,90,21,Rectangle,9,class->name
2,152,rectangle_java2.jpg,rectangle_java2.jpg,414925529,64,824.690625,249.46625,815.5,259,10,21,",",1,class->block->decl_stmt
2,152,rectangle_java2.jpg,rectangle_java2.jpg,414925529,64,824.690625,249.46625,833.5,259,23,21,y1,2,class->block->decl_stmt->decl->name
2,152,rectangle_java2.jpg,rectangle_java2.jpg,415562337,320,808.324375,256.033125,785.5,259,23,21,x1,2,class->block->decl_stmt->decl->name
2,152,rectangle_java2.jpg,rectangle_java2.jpg,415562337,320,808.324375,256.033125,815.5,259,10,21,",",1,class->block->decl_stmt
2,152,rectangle_java2.jpg,rectangle_java2.jpg,417922173,56,838.7807142857143,267.25714285714287,833.5,259,23,21,y1,2,class->block->decl_stmt->decl->name
2,152,rectangle_java2.jpg,rectangle_java2.jpg,418122176,196,834.2155102040816,270.5785714285714,833.5,259,23,21,y1,2,class->block->decl_stmt->decl->name
2,152,rectangle_java2.jpg,rectangle_java2.jpg,418454172,328,814.7523170731707,265.48743902439026,815.5,259,10,21,",",1,class->block->decl_stmt
2,152,rectangle_java2.jpg,rectangle_java2.jpg,418738090,248,850.4145161290322,260.86306451612904,833.5,259,23,21,y1,2,class->block->decl_stmt->decl->name
2,152,rectangle_java2.jpg,rectangle_java2.jpg,418926014,164,930.7136585365854,265.9309756097561,929.5,259,23,21,y2,2,class->block->decl_stmt->decl->name
2,152,rectangle_java2.jpg,rectangle_java2.jpg,419086009,120,877.3776666666666,257.8976666666667,881.5,259,23,21,x2,2,class->block->decl_stmt->decl->name
2,152,rectangle_java2.jpg,rectangle_java2.jpg,419346033,256,877.8553125,260.75546875,881.5,259,23,21,x2,2,class->block->decl_stmt->decl->name
2,152,rectangle_java2.jpg,rectangle_java2.jpg,419634037,256,835.94921875,291.21421875,837.5,295,9,21,(,1,class->block->constructor->parameter_list
2,152,rectangle_java2.jpg,rectangle_java2.jpg,419725936,88,839.4431818181819,303.73045454545456,837.5,295,9,21,(,1,class->block->constructor->parameter_list
2,152,rectangle_java2.jpg,rectangle_java2.jpg,419901929,100,895.6012,307.3772,890.5,295,24,21,x1,2,class->block->constructor->parameter_list->parameter->decl->type->name
2,152,rectangle_java2.jpg,rectangle_java2.jpg,419978009,72,897.0038888888889,309.89722222222224,890.5,295,24,21,x1,2,class->block->constructor->parameter_list->parameter->decl->type->name
2,152,rectangle_java2.jpg,rectangle_java2.jpg,420362053,80,850.8905,342.512,856.5,331,10,19,;,1,class->block->constructor->block->block_content->expr_stmt
2,152,rectangle_java2.jpg,rectangle_java2.jpg,421329908,72,858.9538888888889,379.79611111111114,856.5,367,10,21,;,1,class->block->constructor->block->block_content->expr_stmt
2,152,rectangle_java2.jpg,rectangle_java2.jpg,422141949,76,857.5226315789474,460.7726315789473,856.5,440,10,21,;,1,class->block->constructor->block->block_content->expr_stmt
2,152,rectangle_java2.jpg,rectangle_java2.jpg,422329939,148,758.785945945946,500.3832432432432,737.5,512,33,21,int,3,class->block->function->type->name
2,152,rectangle_java2.jpg,rectangle_java2.jpg,422533825,200,753.8732,504.32220000000007,737.5,512,33,21,int,3,class->block->function->type->name
2,152,rectangle_java2.jpg,rectangle_java2.jpg,422669764,108,820.4203703703704,502.3425925925926,775.5,512,53,21,width,5,class->block->function->name
2,152,rectangle_java2.jpg,rectangle_java2.jpg,423509781,308,846.7340259740259,508.5642857142857,854.5,512,9,21,),1,class->block->function->parameter_list
2,152,rectangle_java2.jpg,rectangle_java2.jpg,423637803,124,843.3703225806452,506.06741935483865,837.5,512,9,21,(,1,class->block->function->parameter_list
2,152,rectangle_java2.jpg,rectangle_java2.jpg,423637803,124,843.3703225806452,506.06741935483865,854.5,512,9,21,),1,class->block->function->parameter_list
2,152,rectangle_java2.jpg,rectangle_java2.jpg,423717816,76,845.9,501.77105263157887,837.5,512,9,21,(,1,class->block->function->parameter_list
2,152,rectangle_java2.jpg,rectangle_java2.jpg,423717816,76,845.9,501.77105263157887,854.5,512,9,21,),1,class->block->function->parameter_list
2,152,rectangle_java2.jpg,rectangle_java2.jpg,424005811,260,861.848,502.84907692307695,854.5,512,9,21,),1,class->block->function->parameter_list
2,152,rectangle_java2.jpg,rectangle_java2.jpg,424413559,404,852.950396039604,502.3944554455445,854.5,512,9,21,),1,class->block->function->parameter_list
2,152,rectangle_java2.jpg,rectangle_java2.jpg,424577537,160,875.12825,500.92650000000003,874.5,512,10,21,{,1,class->block->function->block
2,152,rectangle_java2.jpg,rectangle_java2.jpg,424745633,164,871.8653658536585,501.6139024390244,874.5,512,10,21,{,1,class->block->function->block
2,152,rectangle_java2.jpg,rectangle_java2.jpg,424813636,64,881.33125,506.76874999999995,874.5,512,10,21,{,1,class->block->function->block
2,152,rectangle_java2.jpg,rectangle_java2.jpg,424813636,64,881.33125,506.76874999999995,891.5,512,62,21,return,6,class->block->function->block->block_content->return->expr->name->name
2,152,rectangle_java2.jpg,rectangle_java2.jpg,424961601,144,905.3938888888889,507.2061111111111,891.5,512,62,21,return,6,class->block->function->block->block_content->return->expr->name->name
2,152,rectangle_java2.jpg,rectangle_java2.jpg,425053618,88,967.6945454545454,506.1700000000001,958.5,512,71,21,this.x2,7,class->block->function->block->block_content->return->expr->name->name->operator->name->operator
2,152,rectangle_java2.jpg,rectangle_java2.jpg,425229670,172,970.2258139534883,504.22232558139535,958.5,512,71,21,this.x2,7,class->block->function->block->block_content->return->expr->name->name->operator->name->operator
2,152,rectangle_java2.jpg,rectangle_java2.jpg,426069650,272,879.0707352941176,537.5002941176471,883.5,549,10,21,{,1,class->block->function->block
2,152,rectangle_java2.jpg,rectangle_java2.jpg,426221588,148,876.0808108108108,542.7351351351351,883.5,549,10,21,{,1,class->block->function->block
2,152,rectangle_java2.jpg,rectangle_java2.jpg,426341454,88,944.1654545454545,538.7636363636364,900.5,549,63,21,return,6,class->block->function->block->block_content->return
2,152,rectangle_java2.jpg,rectangle_java2.jpg,426405396,60,944.7093333333333,542.4626666666667,900.5,549,63,21,return,6,class->block->function->block->block_content->return
2,152,rectangle_java2.jpg,rectangle_java2.jpg,426969509,112,941.7510714285714,539.1328571428571,900.5,549,63,21,return,6,class->block->function->block->block_content->return
2,152,rectangle_java2.jpg,rectangle_java2.jpg,427253502,244,904.1575409836065,545.1686885245902,900.5,549,63,21,return,6,class->block->function->block->block_content->return
2,152,rectangle_java2.jpg,rectangle_java2.jpg,427317505,60,877.186,545.5326666666666,883.5,549,10,21,{,1,class->block->function->block
2,152,rectangle_java2.jpg,rectangle_java2.jpg,427621525,300,870.7653333333334,539.9370666666666,863.5,549,9,21,),1,class->block->function->parameter_list
2,152,rectangle_java2.jpg,rectangle_java2.jpg,428381356,176,927.4663636363637,538.3590909090909,900.5,549,63,21,return,6,class->block->function->block->block_content->return
2,152,rectangle_java2.jpg,rectangle_java2.jpg,428581368,168,966.3447619047619,543.0080952380953,968.5,549,70,21,this.y2,7,class->block->function->block->block_content->return->expr->name->name->operator->name
2,152,rectangle_java2.jpg,rectangle_java2.jpg,428857373,232,986.8758620689655,540.4751724137931,968.5,549,70,21,this.y2,7,class->block->function->block->block_content->return->expr->name->name->operator->name
2,152,rectangle_java2.jpg,rectangle_java2.jpg,428985322,84,1016.7380952380953,527.7328571428571,958.5,512,71,21,this.x2,7,class->block->function->block->block_content->return->expr->name->name->operator->name->operator
2,152,rectangle_java2.jpg,rectangle_java2.jpg,429269331,72,1042.45,507.3172222222222,1035.5,512,13,21,-,1,class->block->function->block->block_content->return->expr->name->name
2,152,rectangle_java2.jpg,rectangle_java2.jpg,429269331,72,1042.45,507.3172222222222,1054.5,512,71,21,this.x1,7,class->block->function->block->block_content->return->expr->name->name->operator->name
2,152,rectangle_java2.jpg,rectangle_java2.jpg,429333338,60,1048.5113333333334,514.8233333333334,1054.5,512,71,21,this.x1,7,class->block->function->block->block_content->return->expr->name->name->operator->name
2,152,rectangle_java2.jpg,rectangle_java2.jpg,429481381,108,1072.4562962962964,511.2962962962963,1054.5,512,71,21,this.x1,7,class->block->function->block->block_content->return->expr->name->name->operator->name
2,152,rectangle_java2.jpg,rectangle_java2.jpg,429621452,136,1072.585882352941,522.5323529411764,1054.5,512,71,21,this.x1,7,class->block->function->block->block_content->return->expr->name->name->operator->name
2,152,rectangle_java2.jpg,rectangle_java2.jpg,429865397,196,1157.184693877551,519.1355102040816,1152.5,512,10,21,},1,class->block
2,152,rectangle_java2.jpg,rectangle_java2.jpg,431769302,60,1050.1326666666666,569.8793333333333,1045.5,549,13,21,-,1,class->block->function->block->block_content->return->expr->operator
2,152,rectangle_java2.jpg,rectangle_java2.jpg,431861317,88,1035.385909090909,577.1627272727272,977.5,585,101,21,this.width,10,class->block->function->block->block_content->return->expr->call->name->name->operator->name
2,152,rectangle_java2.jpg,rectangle_java2.jpg,432489123,368,1120.2194565217392,518.7410869565217,1054.5,512,71,21,this.x1,7,class->block->function->block->block_content->return->expr->name->name->operator->name
2,152,rectangle_java2.jpg,rectangle_java2.jpg,432489123,368,1120.2194565217392,518.7410869565217,1132.5,512,10,21,;,1,class->block->function->block
2,152,rectangle_java2.jpg,rectangle_java2.jpg,432557117,64,1117.980625,510.72,1054.5,512,71,21,this.x1,7,class->block->function->block->block_content->return->expr->name->name->operator->name
2,152,rectangle_java2.jpg,rectangle_java2.jpg,432701122,140,1115.1745714285714,518.9368571428571,1054.5,512,71,21,this.x1,7,class->block->function->block->block_content->return->expr->name->name->operator->name
2,152,rectangle_java2.jpg,rectangle_java2.jpg,432789134,84,1117.8295238095238,525.5057142857142,1054.5,512,71,21,this.x1,7,class->block->function->block->block_content->return->expr->name->name->operator->name
2,152,rectangle_java2.jpg,rectangle_java2.jpg,432921126,128,1118.103125,519.616875,1054.5,512,71,21,this.x1,7,class->block->function->block->block_content->return->expr->name->name->operator->name
2,152,rectangle_java2.jpg,rectangle_java2.jpg,433029109,104,1120.0511538461537,518.3569230769231,1054.5,512,71,21,this.x1,7,class->block->function->block->block_content->return->expr->name->name->operator->name
2,152,rectangle_java2.jpg,rectangle_java2.jpg,433029109,104,1120.0511538461537,518.3569230769231,1132.5,512,10,21,;,1,class->block->function->block
2,152,rectangle_java2.jpg,rectangle_java2.jpg,433141113,108,1112.9911111111112,524.8677777777777,1054.5,512,71,21,this.x1,7,class->block->function->block->block_content->return->expr->name->name->operator->name
2,152,rectangle_java2.jpg,rectangle_java2.jpg,433625101,236,880.4169491525423,582.6876271186441,873.5,585,9,21,),1,class->block->function->parameter_list
2,152,rectangle_java2.jpg,rectangle_java2.jpg,433809135,180,909.9268888888889,586.8966666666666,910.5,585,62,21,return,6,class->block->function->block->block_content->return
2,152,rectangle_java2.jpg,rectangle_java2.jpg,433905091,92,915.9652173913043,587.2608695652174,910.5,585,62,21,return,6,class->block->function->block->block_content->return
2,152,rectangle_java2.jpg,rectangle_java2.jpg,433997029,88,945.8413636363637,577.5809090909091,910.5,585,62,21,return,6,class->block->function->block->block_content->return
2,152,rectangle_java2.jpg,rectangle_java2.jpg,434121007,120,949.6873333333333,579.809,910.5,585,62,21,return,6,class->block->function->block->block_content->return
2,152,rectangle_java2.jpg,rectangle_java2.jpg,434377038,212,990.0628301886793,579.8884905660377,977.5,585,101,21,this.width,10,class->block->function->block->block_content->return->expr->call->name->name->operator->name
2,152,rectangle_java2.jpg,rectangle_java2.jpg,434696980,280,1067.4802857142856,569.9327142857143,1064.5,549,71,21,this.y1,7,class->block->function->block->block_content->return->expr->name->name->operator->name
2,152,rectangle_java2.jpg,rectangle_java2.jpg,434836973,136,1058.9167647058823,574.7502941176471,977.5,585,101,21,this.width,10,class->block->function->block->block_content->return->expr->call->name->name->operator->name
2,152,rectangle_java2.jpg,rectangle_java2.jpg,434896975,56,1105.4164285714285,572.7771428571428,1103.5,585,9,21,),1,class->block->function->block->block_content->return->expr->call->argument_list
2,152,rectangle_java2.jpg,rectangle_java2.jpg,435441003,240,908.0595,588.923,910.5,585,62,21,return,6,class->block->function->block->block_content->return
2,152,rectangle_java2.jpg,rectangle_java2.jpg,435757011,212,1071.4769811320755,572.9586792452831,977.5,585,101,21,this.width,10,class->block->function->block->block_content->return->expr->call->name->name->operator->name
2,152,rectangle_java2.jpg,rectangle_java2.jpg,436148805,380,945.4578947368421,575.0514736842106,910.5,585,62,21,return,6,class->block->function->block->block_content->return
2,152,rectangle_java2.jpg,rectangle_java2.jpg,436460873,276,1112.4039130434783,565.2517391304348,1064.5,549,71,21,this.y1,7,class->block->function->block->block_content->return->expr->name->name->operator->name
2,152,rectangle_java2.jpg,rectangle_java2.jpg,436608870,144,1129.6177777777777,579.1102777777778,1122.5,585,12,21,*,1,class->block->function->block->block_content->return->expr->operator
2,152,rectangle_java2.jpg,rectangle_java2.jpg,436608870,144,1129.6177777777777,579.1102777777778,1140.5,585,110,21,this.height,11,class->block->function->block->block_content->return->expr->call->name->name->operator->name
2,152,rectangle_java2.jpg,rectangle_java2.jpg,436680894,56,1048.6764285714285,582.2128571428572,977.5,585,101,21,this.width,10,class->block->function->block->block_content->return->expr->call->name->name->operator->name
2,152,rectangle_java2.jpg,rectangle_java2.jpg,436824916,140,1046.2237142857143,579.28,977.5,585,101,21,this.width,10,class->block->function->block->block_content->return->expr->call->name->name->operator->name
2,152,rectangle_java2.jpg,rectangle_java2.jpg,436980872,116,830.1868965517241,619.11,804.5,621,44,21,void,4,class->block->function->type->name
2,152,rectangle_java2.jpg,rectangle_java2.jpg,437072862,88,833.295,615.8681818181818,804.5,621,44,21,void,4,class->block->function->type->name
2,152,rectangle_java2.jpg,rectangle_java2.jpg,437160859,84,818.8052380952381,624.0361904761904,804.5,621,44,21,void,4,class->block->function->type->name
2,152,rectangle_java2.jpg,rectangle_java2.jpg,437492816,104,859.3569230769231,667.9823076923077,826.5,658,52,20,rect1,5,class->block->function->block->block_content->decl_stmt->decl->name
2,152,rectangle_java2.jpg,rectangle_java2.jpg,437556829,60,857.046,677.7713333333334,826.5,658,52,20,rect1,5,class->block->function->block->block_content->decl_stmt->decl->name
2,152,rectangle_java2.jpg,rectangle_java2.jpg,437800795,220,927.4607272727272,670.3494545454546,902.5,658,34,20,new,3,class->block->function->block->block_content->decl_stmt->decl->init->expr->operator
2,152,rectangle_java2.jpg,rectangle_java2.jpg,437984774,160,996.595,666.063,941.5,658,91,20,Rectangle,9,class->block->function->block->block_content->decl_stmt->decl->init->expr->call->name
2,152,rectangle_java2.jpg,rectangle_java2.jpg,438084769,96,1003.2220833333333,661.91875,941.5,658,91,20,Rectangle,9,class->block->function->block->block_content->decl_stmt->decl->init->expr->call->name
2,152,rectangle_java2.jpg,rectangle_java2.jpg,438344689,244,1090.4673770491804,662.6803278688525,1095.5,658,13,20,0,1,class->block->function->block->block_content->decl_stmt->decl->init->expr->call->argument_list->argument->expr->literal
2,152,rectangle_java2.jpg,rectangle_java2.jpg,438524698,104,1198.0807692307692,650.3846153846154,1182.5,658,22,20,10,2,class->block->function->block->block_content->decl_stmt->decl->init->expr->call->argument_list->argument->expr->literal
2,152,rectangle_java2.jpg,rectangle_java2.jpg,439368736,276,1134.8792753623188,645.5908695652174,1134.5,658,22,20,10,2,class->block->function->block->block_content->decl_stmt->decl->init->expr->call->argument_list->argument->expr->literal
2,152,rectangle_java2.jpg,rectangle_java2.jpg,439540738,168,1130.7366666666667,650.6228571428571,1134.5,658,22,20,10,2,class->block->function->block->block_content->decl_stmt->decl->init->expr->call->argument_list->argument->expr->literal
2,152,rectangle_java2.jpg,rectangle_java2.jpg,439828406,276,927.7811594202899,660.3795652173914,902.5,658,34,20,new,3,class->block->function->block->block_content->decl_stmt->decl->init->expr->operator
2,152,rectangle_java2.jpg,rectangle_java2.jpg,439968602,120,993.2606666666667,649.442,941.5,658,91,20,Rectangle,9,class->block->function->block->block_content->decl_stmt->decl->init->expr->call->name
2,152,rectangle_java2.jpg,rectangle_java2.jpg,440092661,120,997.5736666666667,650.6176666666667,941.5,658,91,20,Rectangle,9,class->block->function->block->block_content->decl_stmt->decl->init->expr->call->name
2,152,rectangle_java2.jpg,rectangle_java2.jpg,440512595,172,890.9558139534884,727.27,883.5,731,15,20,=,1,class->block->function->block->block_content->decl_stmt->decl->init
2,152,rectangle_java2.jpg,rectangle_java2.jpg,440512595,172,890.9558139534884,727.27,902.5,731,34,20,new,3,class->block->function->block->block_content->decl_stmt->decl->init->expr->operator
2,152,rectangle_java2.jpg,rectangle_java2.jpg,440576601,60,889.4106666666667,732.4553333333333,883.5,731,15,20,=,1,class->block->function->block->block_content->decl_stmt->decl->init
2,152,rectangle_java2.jpg,rectangle_java2.jpg,440864477,236,808.8242372881356,742.0430508474576,730.5,731,91,20,Rectangle,9,class->block->function->block->block_content->decl_stmt->decl->type->name
2,152,rectangle_java2.jpg,rectangle_java2.jpg,440976466,84,870.4509523809523,733.8571428571429,826.5,731,51,20,rect2,5,class->block->function->block->block_content->decl_stmt->decl->name
2,152,rectangle_java2.jpg,rectangle_java2.jpg,441100492,120,875.463,739.808,826.5,731,51,20,rect2,5,class->block->function->block->block_content->decl_stmt->decl->name
2,152,rectangle_java2.jpg,rectangle_java2.jpg,441100492,120,875.463,739.808,883.5,731,15,20,=,1,class->block->function->block->block_content->decl_stmt->decl->init
2,152,rectangle_java2.jpg,rectangle_java2.jpg,441384598,256,932.499375,730.95671875,902.5,731,34,20,new,3,class->block->function->block->block_content->decl_stmt->decl->init->expr->operator
2,152,rectangle_java2.jpg,rectangle_java2.jpg,441384598,256,932.499375,730.95671875,941.5,731,91,20,Rectangle,9,class->block->function->block->block_content->decl_stmt->decl->init->expr->call->name
2,152,rectangle_java2.jpg,rectangle_java2.jpg,441448599,60,934.5013333333334,738.558,902.5,731,34,20,new,3,class->block->function->block->block_content->decl_stmt->decl->init->expr->operator
2,152,rectangle_java2.jpg,rectangle_java2.jpg,441448599,60,934.5013333333334,738.558,941.5,731,91,20,Rectangle,9,class->block->function->block->block_content->decl_stmt->decl->init->expr->call->name
2,152,rectangle_java2.jpg,rectangle_java2.jpg,441716406,264,968.415606060606,728.7984848484848,941.5,731,91,20,Rectangle,9,class->block->function->block->block_content->decl_stmt->decl->init->expr->call->name
2,152,rectangle_java2.jpg,rectangle_java2.jpg,441828446,108,941.4222222222222,728.3048148148148,941.5,731,91,20,Rectangle,9,class->block->function->block->block_content->decl_stmt->decl->init->expr->call->name
2,152,rectangle_java2.jpg,rectangle_java2.jpg,441924497,92,945.8691304347826,731.0482608695652,941.5,731,91,20,Rectangle,9,class->block->function->block->block_content->decl_stmt->decl->init->expr->call->name
2,152,rectangle_java2.jpg,rectangle_java2.jpg,449523895,84,1100.2485714285715,516.8128571428572,1054.5,512,71,21,this.x1,7,class->block->function->block->block_content->return->expr->name->name->operator->name
2,152,rectangle_java2.jpg,rectangle_java2.jpg,449603843,76,1104.5815789473684,516.2536842105263,1054.5,512,71,21,this.x1,7,class->block->function->block->block_content->return->expr->name->name->operator->name
2,152,rectangle_java2.jpg,rectangle_java2.jpg,449767913,140,1000.92,507.9242857142857,958.5,512,71,21,this.x2,7,class->block->function->block->block_content->return->expr->name->name->operator->name->operator
2,152,rectangle_java2.jpg,rectangle_java2.jpg,449835953,64,995.853125,502.19437500000004,958.5,512,71,21,this.x2,7,class->block->function->block->block_content->return->expr->name->name->operator->name->operator
2,152,rectangle_java2.jpg,rectangle_java2.jpg,449967884,84,988.7085714285714,510.06952380952384,958.5,512,71,21,this.x2,7,class->block->function->block->block_content->return->expr->name->name->operator->name->operator
2,152,rectangle_java2.jpg,rectangle_java2.jpg,450315911,128,887.4890625,506.13968750000004,891.5,512,62,21,return,6,class->block->function->block->block_content->return->expr->name->name
2,152,rectangle_java2.jpg,rectangle_java2.jpg,453659677,240,857.1298333333333,670.9823333333334,826.5,658,52,20,rect1,5,class->block->function->block->block_content->decl_stmt->decl->name
2,152,rectangle_java2.jpg,rectangle_java2.jpg,453827691,132,844.229393939394,629.1524242424242,804.5,621,44,21,void,4,class->block->function->type->name
2,152,rectangle_java2.jpg,rectangle_java2.jpg,453827691,132,844.229393939394,629.1524242424242,851.5,621,44,21,main,4,class->block->function->name
2,152,rectangle_java2.jpg,rectangle_java2.jpg,455863579,140,892.298,623.2142857142857,851.5,621,44,21,main,4,class->block->function->name
2,152,rectangle_java2.jpg,rectangle_java2.jpg,455863579,140,892.298,623.2142857142857,904.5,621,9,21,(,1,class->block->function->parameter_list
2,152,rectangle_java2.jpg,rectangle_java2.jpg,456091563,176,862.0070454545455,520.5331818181818,854.5,512,9,21,),1,class->block->function->parameter_list
2,152,rectangle_java2.jpg,rectangle_java2.jpg,456091563,176,862.0070454545455,520.5331818181818,874.5,512,10,21,{,1,class->block->function->block
2,152,rectangle_java2.jpg,rectangle_java2.jpg,457155332,64,956.389375,516.715,958.5,512,71,21,this.x2,7,class->block->function->block->block_content->return->expr->name->name->operator->name->operator
2,152,rectangle_java2.jpg,rectangle_java2.jpg,457287397,128,949.75875,525.0409375,891.5,512,62,21,return,6,class->block->function->block->block_content->return->expr->name->name
2,152,rectangle_java2.jpg,rectangle_java2.jpg,457287397,128,949.75875,525.0409375,958.5,512,71,21,this.x2,7,class->block->function->block->block_content->return->expr->name->name->operator->name->operator
2,152,rectangle_java2.jpg,rectangle_java2.jpg,457423413,132,947.7581818181818,528.879696969697,891.5,512,62,21,return,6,class->block->function->block->block_content->return->expr->name->name
2,152,rectangle_java2.jpg,rectangle_java2.jpg,457423413,132,947.7581818181818,528.879696969697,958.5,512,71,21,this.x2,7,class->block->function->block->block_content->return->expr->name->name->operator->name->operator
2,152,rectangle_java2.jpg,rectangle_java2.jpg,457607421,148,1041.367837837838,522.6240540540541,1035.5,512,13,21,-,1,class->block->function->block->block_content->return->expr->name->name
2,152,rectangle_java2.jpg,rectangle_java2.jpg,457711433,100,1039.9264,524.744,1035.5,512,13,21,-,1,class->block->function->block->block_content->return->expr->name->name
2,152,rectangle_java2.jpg,rectangle_java2.jpg,457771440,56,1062.1242857142856,539.19,1064.5,549,71,21,this.y1,7,class->block->function->block->block_content->return->expr->name->name->operator->name
2,152,rectangle_java2.jpg,rectangle_java2.jpg,457943413,168,1072.7192857142857,543.9685714285714,1064.5,549,71,21,this.y1,7,class->block->function->block->block_content->return->expr->name->name->operator->name
2,152,rectangle_java2.jpg,rectangle_java2.jpg,458135408,68,1066.9729411764706,575.8641176470588,977.5,585,101,21,this.width,10,class->block->function->block->block_content->return->expr->call->name->name->operator->name
2,152,rectangle_java2.jpg,rectangle_java2.jpg,458339423,200,1074.6842,546.1854,1064.5,549,71,21,this.y1,7,class->block->function->block->block_content->return->expr->name->name->operator->name
2,152,rectangle_java2.jpg,rectangle_java2.jpg,459843288,180,1009.1244444444444,547.3208888888889,968.5,549,70,21,this.y2,7,class->block->function->block->block_content->return->expr->name->name->operator->name
2,152,rectangle_java2.jpg,rectangle_java2.jpg,460091308,200,938.6564,610.2386,920.5,621,62,21,String,6,class->block->function->parameter_list->parameter->decl->type->name->name
2,152,rectangle_java2.jpg,rectangle_java2.jpg,461119151,72,861.9888888888889,365.94222222222226,856.5,367,10,21,;,1,class->block->constructor->block->block_content->expr_stmt
2,152,rectangle_java2.jpg,rectangle_java2.jpg,461255175,132,841.3881818181818,363.1781818181818,826.5,367,23,21,y1,2,class->block->constructor->block->block_content->expr_stmt->expr->name->name
2,152,rectangle_java2.jpg,rectangle_java2.jpg,462803065,148,917.8981081081081,298.9218918918919,921.5,295,9,21,",",1,class->block->constructor->parameter_list
2,152,rectangle_java2.jpg,rectangle_java2.jpg,462931042,124,912.3022580645161,308.5,890.5,295,24,21,x1,2,class->block->constructor->parameter_list->parameter->decl->type->name
2,152,rectangle_java2.jpg,rectangle_java2.jpg,462931042,124,912.3022580645161,308.5,921.5,295,9,21,",",1,class->block->constructor->parameter_list
2,152,rectangle_java2.jpg,rectangle_java2.jpg,463263037,88,891.5513636363636,708.3886363636364,730.5,694,177,21,System.out.println,18,class->block->function->block->block_content->expr_stmt->expr->call->name->name->operator->name->operator->name
2,152,rectangle_java2.jpg,rectangle_java2.jpg,464674772,216,903.4703703703703,590.7942592592592,893.5,585,10,21,{,1,class->block->function->block
2,152,rectangle_java2.jpg,rectangle_java2.jpg,464674772,216,903.4703703703703,590.7942592592592,910.5,585,62,21,return,6,class->block->function->block->block_content->return
2,152,rectangle_java2.jpg,rectangle_java2.jpg,464745876,64,901.608125,576.9125,893.5,585,10,21,{,1,class->block->function->block
2,152,rectangle_java2.jpg,rectangle_java2.jpg,464745876,64,901.608125,576.9125,910.5,585,62,21,return,6,class->block->function->block->block_content->return
2,152,rectangle_java2.jpg,rectangle_java2.jpg,465389551,344,864.015,330.1044186046512,856.5,331,10,19,;,1,class->block->constructor->block->block_content->expr_stmt
