trial,participant,code_file,code_language,timestamp,duration,x_cord,y_cord,aoi_x,aoi_y,aoi_width,aoi_height,token,length,srcML
2,154,rectangle_java2.jpg,rectangle_java2.jpg,2813603946,144,776.7216666666667,215.8316666666667,715.5,222,90,21,Rectangle,9,class->name
2,154,rectangle_java2.jpg,rectangle_java2.jpg,2815187766,88,757.8840909090909,228.4777272727273,715.5,222,90,21,Rectangle,9,class->name
2,154,rectangle_java2.jpg,rectangle_java2.jpg,2815463734,152,730.0415789473684,232.06131578947372,715.5,222,90,21,Rectangle,9,class->name
2,154,rectangle_java2.jpg,rectangle_java2.jpg,2815535728,68,731.7511764705882,249.14941176470586,669.5,259,72,21,private,7,class->block->decl_stmt->decl->type->specifier
2,154,rectangle_java2.jpg,rectangle_java2.jpg,2815991670,72,738.28,504.6544444444444,737.5,512,33,21,int,3,class->block->function->type->name
2,154,rectangle_java2.jpg,rectangle_java2.jpg,2816131582,112,749.905,239.21964285714284,715.5,222,90,21,Rectangle,9,class->name
2,154,rectangle_java2.jpg,rectangle_java2.jpg,2816267611,60,735.5166666666667,241.4906666666667,715.5,222,90,21,Rectangle,9,class->name
2,154,rectangle_java2.jpg,rectangle_java2.jpg,2816383670,112,728.7546428571428,231.66214285714284,715.5,222,90,21,Rectangle,9,class->name
2,154,rectangle_java2.jpg,rectangle_java2.jpg,2816491593,84,801.3033333333333,229.9766666666667,715.5,222,90,21,Rectangle,9,class->name
2,154,rectangle_java2.jpg,rectangle_java2.jpg,2816491593,84,801.3033333333333,229.9766666666667,813.5,222,10,21,{,1,class->block
2,154,rectangle_java2.jpg,rectangle_java2.jpg,2816567506,72,802.1911111111111,238.42222222222222,715.5,222,90,21,Rectangle,9,class->name
2,154,rectangle_java2.jpg,rectangle_java2.jpg,2816567506,72,802.1911111111111,238.42222222222222,813.5,222,10,21,{,1,class->block
2,154,rectangle_java2.jpg,rectangle_java2.jpg,2816639452,68,806.7511764705882,238.3,813.5,222,10,21,{,1,class->block
2,154,rectangle_java2.jpg,rectangle_java2.jpg,2818139598,144,948.8041666666667,247.29499999999996,929.5,259,23,21,y2,2,class->block->decl_stmt->decl->name
2,154,rectangle_java2.jpg,rectangle_java2.jpg,2818139598,144,948.8041666666667,247.29499999999996,959.5,259,10,21,;,1,class->block->decl_stmt
2,154,rectangle_java2.jpg,rectangle_java2.jpg,2820715321,140,838.2314285714285,289.0174285714286,837.5,295,9,21,(,1,class->block->constructor->parameter_list
2,154,rectangle_java2.jpg,rectangle_java2.jpg,2820779329,60,836.4293333333334,289.624,837.5,295,9,21,(,1,class->block->constructor->parameter_list
2,154,rectangle_java2.jpg,rectangle_java2.jpg,2820919335,96,797.165,279.62041666666664,785.5,259,23,21,x1,2,class->block->decl_stmt->decl->name
2,154,rectangle_java2.jpg,rectangle_java2.jpg,2820995302,72,811.2883333333333,278.86277777777775,815.5,259,10,21,",",1,class->block->decl_stmt
2,154,rectangle_java2.jpg,rectangle_java2.jpg,2821095257,96,801.785,285.54,737.5,295,91,21,Rectangle,9,class->block->constructor->name
2,154,rectangle_java2.jpg,rectangle_java2.jpg,2821179251,80,795.9165,282.55,737.5,295,91,21,Rectangle,9,class->block->constructor->name
2,154,rectangle_java2.jpg,rectangle_java2.jpg,2821279267,68,846.7429411764706,287.58294117647057,853.5,295,32,21,int,3,class->block->constructor->parameter_list->parameter->decl->type->name
2,154,rectangle_java2.jpg,rectangle_java2.jpg,2821339276,56,853.9121428571428,287.7864285714286,853.5,295,32,21,int,3,class->block->constructor->parameter_list->parameter->decl->type->name
2,154,rectangle_java2.jpg,rectangle_java2.jpg,2821467277,124,848.9425806451612,270.06225806451613,833.5,259,23,21,y1,2,class->block->decl_stmt->decl->name
2,154,rectangle_java2.jpg,rectangle_java2.jpg,2821603305,96,903.0829166666666,265.82875,881.5,259,23,21,x2,2,class->block->decl_stmt->decl->name
2,154,rectangle_java2.jpg,rectangle_java2.jpg,2821603305,96,903.0829166666666,265.82875,911.5,259,10,21,",",1,class->block->decl_stmt
2,154,rectangle_java2.jpg,rectangle_java2.jpg,2821691332,84,912.6180952380952,271.7319047619048,911.5,259,10,21,",",1,class->block->decl_stmt
2,154,rectangle_java2.jpg,rectangle_java2.jpg,2821883359,188,913.8510638297872,277.11574468085104,911.5,259,10,21,",",1,class->block->decl_stmt
2,154,rectangle_java2.jpg,rectangle_java2.jpg,2821975358,88,907.8881818181818,285.57954545454544,890.5,295,24,21,x1,2,class->block->constructor->parameter_list->parameter->decl->type->name
2,154,rectangle_java2.jpg,rectangle_java2.jpg,2822235291,56,877.4635714285714,279.53714285714284,881.5,259,23,21,x2,2,class->block->decl_stmt->decl->name
2,154,rectangle_java2.jpg,rectangle_java2.jpg,2822335240,96,888.58875,274.16083333333336,881.5,259,23,21,x2,2,class->block->decl_stmt->decl->name
2,154,rectangle_java2.jpg,rectangle_java2.jpg,2822411233,72,884.2977777777778,297.0833333333333,853.5,295,32,21,int,3,class->block->constructor->parameter_list->parameter->decl->type->name
2,154,rectangle_java2.jpg,rectangle_java2.jpg,2822411233,72,884.2977777777778,297.0833333333333,890.5,295,24,21,x1,2,class->block->constructor->parameter_list->parameter->decl->type->name
2,154,rectangle_java2.jpg,rectangle_java2.jpg,2822535221,96,808.66125,306.06375,737.5,295,91,21,Rectangle,9,class->block->constructor->name
2,154,rectangle_java2.jpg,rectangle_java2.jpg,2822695131,60,804.4313333333333,306.36466666666666,737.5,295,91,21,Rectangle,9,class->block->constructor->name
2,154,rectangle_java2.jpg,rectangle_java2.jpg,2822927267,228,782.1257894736842,305.41736842105263,737.5,295,91,21,Rectangle,9,class->block->constructor->name
2,154,rectangle_java2.jpg,rectangle_java2.jpg,2823311185,60,808.2353333333333,308.58,737.5,295,91,21,Rectangle,9,class->block->constructor->name
2,154,rectangle_java2.jpg,rectangle_java2.jpg,2823571175,204,794.1188235294118,346.1701960784314,730.5,331,71,19,this.x1,7,class->block->constructor->block->block_content->expr_stmt->expr->name->name->operator->name
2,154,rectangle_java2.jpg,rectangle_java2.jpg,2823571175,204,794.1188235294118,346.1701960784314,806.5,331,15,19,=,1,class->block->constructor->block->block_content->expr_stmt->expr->operator
2,154,rectangle_java2.jpg,rectangle_java2.jpg,2823791140,216,795.2909259259259,342.5612962962963,730.5,331,71,19,this.x1,7,class->block->constructor->block->block_content->expr_stmt->expr->name->name->operator->name
2,154,rectangle_java2.jpg,rectangle_java2.jpg,2823791140,216,795.2909259259259,342.5612962962963,806.5,331,15,19,=,1,class->block->constructor->block->block_content->expr_stmt->expr->operator
2,154,rectangle_java2.jpg,rectangle_java2.jpg,2824607099,140,816.1102857142857,223.34742857142857,813.5,222,10,21,{,1,class->block
2,154,rectangle_java2.jpg,rectangle_java2.jpg,2824731051,96,748.75625,242.90958333333333,715.5,222,90,21,Rectangle,9,class->name
2,154,rectangle_java2.jpg,rectangle_java2.jpg,2824827039,92,746.854347826087,247.34521739130435,747.5,259,33,21,int,3,class->block->decl_stmt->decl->type->name
2,154,rectangle_java2.jpg,rectangle_java2.jpg,2825675026,92,840.8321739130434,357.4821739130435,826.5,367,23,21,y1,2,class->block->constructor->block->block_content->expr_stmt->expr->name->name
2,154,rectangle_java2.jpg,rectangle_java2.jpg,2825795005,88,846.8013636363637,363.7140909090909,826.5,367,23,21,y1,2,class->block->constructor->block->block_content->expr_stmt->expr->name->name
2,154,rectangle_java2.jpg,rectangle_java2.jpg,2825795005,88,846.8013636363637,363.7140909090909,856.5,367,10,21,;,1,class->block->constructor->block->block_content->expr_stmt
2,154,rectangle_java2.jpg,rectangle_java2.jpg,2826514890,68,860.8482352941177,408.38117647058823,856.5,404,10,19,;,1,class->block->constructor->block->block_content->expr_stmt
2,154,rectangle_java2.jpg,rectangle_java2.jpg,2826638866,68,744.5676470588235,409.35823529411766,730.5,404,71,19,this.x2,7,class->block->constructor->block->block_content->expr_stmt->expr->name->name->operator->name
2,154,rectangle_java2.jpg,rectangle_java2.jpg,2826734890,92,753.2769565217392,415.3152173913044,730.5,404,71,19,this.x2,7,class->block->constructor->block->block_content->expr_stmt->expr->name->name->operator->name
2,154,rectangle_java2.jpg,rectangle_java2.jpg,2826870903,104,794.7130769230769,421.25461538461536,730.5,404,71,19,this.x2,7,class->block->constructor->block->block_content->expr_stmt->expr->name->name->operator->name
2,154,rectangle_java2.jpg,rectangle_java2.jpg,2826870903,104,794.7130769230769,421.25461538461536,806.5,404,15,19,=,1,class->block->constructor->block->block_content->expr_stmt->expr->operator
2,154,rectangle_java2.jpg,rectangle_java2.jpg,2826998893,124,793.445806451613,419.9503225806452,730.5,404,71,19,this.x2,7,class->block->constructor->block->block_content->expr_stmt->expr->name->name->operator->name
2,154,rectangle_java2.jpg,rectangle_java2.jpg,2827598879,68,823.5888235294118,525.8882352941176,775.5,512,53,21,width,5,class->block->function->name
2,154,rectangle_java2.jpg,rectangle_java2.jpg,2827970993,84,854.2557142857142,376.3561904761905,856.5,367,10,21,;,1,class->block->constructor->block->block_content->expr_stmt
2,154,rectangle_java2.jpg,rectangle_java2.jpg,2828047146,72,847.9472222222222,385.20944444444444,826.5,367,23,21,y1,2,class->block->constructor->block->block_content->expr_stmt->expr->name->name
2,154,rectangle_java2.jpg,rectangle_java2.jpg,2828047146,72,847.9472222222222,385.20944444444444,856.5,367,10,21,;,1,class->block->constructor->block->block_content->expr_stmt
2,154,rectangle_java2.jpg,rectangle_java2.jpg,2828191006,84,833.9119047619048,365.22285714285715,826.5,367,23,21,y1,2,class->block->constructor->block->block_content->expr_stmt->expr->name->name
2,154,rectangle_java2.jpg,rectangle_java2.jpg,2828262885,56,752.3057142857143,377.6664285714286,730.5,367,71,21,this.y1,7,class->block->constructor->block->block_content->expr_stmt->expr->name->name->operator->name
2,154,rectangle_java2.jpg,rectangle_java2.jpg,2828406758,84,757.6919047619048,393.307619047619,730.5,404,71,19,this.x2,7,class->block->constructor->block->block_content->expr_stmt->expr->name->name->operator->name
2,154,rectangle_java2.jpg,rectangle_java2.jpg,2828758784,56,726.1335714285715,515.0535714285714,669.5,512,63,21,public,6,class->block->function->type->specifier
2,154,rectangle_java2.jpg,rectangle_java2.jpg,2828758784,56,726.1335714285715,515.0535714285714,737.5,512,33,21,int,3,class->block->function->type->name
2,154,rectangle_java2.jpg,rectangle_java2.jpg,2829166762,56,847.8107142857143,502.01714285714286,854.5,512,9,21,),1,class->block->function->parameter_list
2,154,rectangle_java2.jpg,rectangle_java2.jpg,2829238762,68,844.1182352941177,529.0694117647059,837.5,512,9,21,(,1,class->block->function->parameter_list
2,154,rectangle_java2.jpg,rectangle_java2.jpg,2829238762,68,844.1182352941177,529.0694117647059,854.5,512,9,21,),1,class->block->function->parameter_list
2,154,rectangle_java2.jpg,rectangle_java2.jpg,2829630691,88,722.1127272727273,455.4140909090909,730.5,440,71,21,this.y2,7,class->block->constructor->block->block_content->expr_stmt->expr->name->name->operator->name
2,154,rectangle_java2.jpg,rectangle_java2.jpg,2830170646,80,915.695,255.01999999999998,911.5,259,10,21,",",1,class->block->decl_stmt
2,154,rectangle_java2.jpg,rectangle_java2.jpg,2830326707,68,812.9964705882353,275.3205882352941,815.5,259,10,21,",",1,class->block->decl_stmt
2,154,rectangle_java2.jpg,rectangle_java2.jpg,2831014322,84,752.9752380952381,227.55714285714282,715.5,222,90,21,Rectangle,9,class->name
2,154,rectangle_java2.jpg,rectangle_java2.jpg,2831566519,108,758.8377777777778,509.6807407407407,737.5,512,33,21,int,3,class->block->function->type->name
2,154,rectangle_java2.jpg,rectangle_java2.jpg,2831722508,68,764.1341176470588,550.9988235294118,737.5,549,33,21,int,3,class->block->function->type->name
2,154,rectangle_java2.jpg,rectangle_java2.jpg,2831722508,68,764.1341176470588,550.9988235294118,775.5,549,62,21,height,6,class->block->function->name
2,154,rectangle_java2.jpg,rectangle_java2.jpg,2831858519,76,853.421052631579,512.6263157894737,854.5,512,9,21,),1,class->block->function->parameter_list
2,154,rectangle_java2.jpg,rectangle_java2.jpg,2831986527,72,847.4272222222222,528.4705555555555,854.5,512,9,21,),1,class->block->function->parameter_list
2,154,rectangle_java2.jpg,rectangle_java2.jpg,2832058524,68,857.5905882352941,528.4976470588235,854.5,512,9,21,),1,class->block->function->parameter_list
2,154,rectangle_java2.jpg,rectangle_java2.jpg,2832142510,80,850.73,537.9645,846.5,549,10,21,(,1,class->block->function->parameter_list
2,154,rectangle_java2.jpg,rectangle_java2.jpg,2832202340,56,852.8507142857143,523.1657142857143,854.5,512,9,21,),1,class->block->function->parameter_list
2,154,rectangle_java2.jpg,rectangle_java2.jpg,2832754493,72,852.6133333333333,555.1538888888889,846.5,549,10,21,(,1,class->block->function->parameter_list
2,154,rectangle_java2.jpg,rectangle_java2.jpg,2832754493,72,852.6133333333333,555.1538888888889,863.5,549,9,21,),1,class->block->function->parameter_list
2,154,rectangle_java2.jpg,rectangle_java2.jpg,2833198483,56,812.17,367.4942857142857,806.5,367,15,21,=,1,class->block->constructor->block->block_content->expr_stmt->expr->operator
2,154,rectangle_java2.jpg,rectangle_java2.jpg,2833286428,84,810.7195238095238,384.28714285714284,806.5,367,15,21,=,1,class->block->constructor->block->block_content->expr_stmt->expr->operator
2,154,rectangle_java2.jpg,rectangle_java2.jpg,2833514387,68,793.8741176470588,460.9517647058824,730.5,440,71,21,this.y2,7,class->block->constructor->block->block_content->expr_stmt->expr->name->name->operator->name
2,154,rectangle_java2.jpg,rectangle_java2.jpg,2833993994,72,814.0344444444445,521.3938888888889,775.5,512,53,21,width,5,class->block->function->name
2,154,rectangle_java2.jpg,rectangle_java2.jpg,2834054112,56,817.5164285714286,531.9628571428572,775.5,512,53,21,width,5,class->block->function->name
2,154,rectangle_java2.jpg,rectangle_java2.jpg,2834730422,56,759.1421428571429,517.4685714285714,737.5,512,33,21,int,3,class->block->function->type->name
2,154,rectangle_java2.jpg,rectangle_java2.jpg,2834818404,84,761.9914285714286,521.3247619047619,737.5,512,33,21,int,3,class->block->function->type->name
2,154,rectangle_java2.jpg,rectangle_java2.jpg,2834894376,72,762.5766666666667,523.6872222222222,737.5,512,33,21,int,3,class->block->function->type->name
2,154,rectangle_java2.jpg,rectangle_java2.jpg,2835034297,104,937.7930769230769,554.3519230769231,900.5,549,63,21,return,6,class->block->function->block->block_content->return
2,154,rectangle_java2.jpg,rectangle_java2.jpg,2835122242,84,951.1371428571429,553.422380952381,900.5,549,63,21,return,6,class->block->function->block->block_content->return
2,154,rectangle_java2.jpg,rectangle_java2.jpg,2835242235,116,964.4682758620689,544.9137931034483,968.5,549,70,21,this.y2,7,class->block->function->block->block_content->return->expr->name->name->operator->name
2,154,rectangle_java2.jpg,rectangle_java2.jpg,2835666214,92,960.8108695652173,529.9430434782608,958.5,512,71,21,this.x2,7,class->block->function->block->block_content->return->expr->name->name->operator->name->operator
2,154,rectangle_java2.jpg,rectangle_java2.jpg,2835926204,224,1057.410357142857,569.6683928571429,1045.5,549,13,21,-,1,class->block->function->block->block_content->return->expr->operator
2,154,rectangle_java2.jpg,rectangle_java2.jpg,2835926204,224,1057.410357142857,569.6683928571429,1064.5,549,71,21,this.y1,7,class->block->function->block->block_content->return->expr->name->name->operator->name
2,154,rectangle_java2.jpg,rectangle_java2.jpg,2836126224,56,1172.5585714285714,595.2557142857142,1140.5,585,110,21,this.height,11,class->block->function->block->block_content->return->expr->call->name->name->operator->name
2,154,rectangle_java2.jpg,rectangle_java2.jpg,2836366253,56,1120.2921428571428,579.1078571428571,1122.5,585,12,21,*,1,class->block->function->block->block_content->return->expr->operator
2,154,rectangle_java2.jpg,rectangle_java2.jpg,2836486266,96,959.1995833333333,564.7841666666667,900.5,549,63,21,return,6,class->block->function->block->block_content->return
2,154,rectangle_java2.jpg,rectangle_java2.jpg,2836486266,96,959.1995833333333,564.7841666666667,968.5,549,70,21,this.y2,7,class->block->function->block->block_content->return->expr->name->name->operator->name
2,154,rectangle_java2.jpg,rectangle_java2.jpg,2836634282,76,953.8815789473684,567.9573684210526,900.5,549,63,21,return,6,class->block->function->block->block_content->return
2,154,rectangle_java2.jpg,rectangle_java2.jpg,2836710270,64,832.70875,574.728125,804.5,585,43,21,area,4,class->block->function->name
2,154,rectangle_java2.jpg,rectangle_java2.jpg,2836818197,104,826.7546153846154,560.25,775.5,549,62,21,height,6,class->block->function->name
2,154,rectangle_java2.jpg,rectangle_java2.jpg,2836894061,72,826.2388888888889,557.8955555555556,775.5,549,62,21,height,6,class->block->function->name
2,154,rectangle_java2.jpg,rectangle_java2.jpg,2837234052,100,778.0484,559.6972,775.5,549,62,21,height,6,class->block->function->name
2,154,rectangle_java2.jpg,rectangle_java2.jpg,2837306072,68,772.2747058823529,554.0141176470588,775.5,549,62,21,height,6,class->block->function->name
2,154,rectangle_java2.jpg,rectangle_java2.jpg,2837614070,72,1024.2783333333334,528.5844444444444,958.5,512,71,21,this.x2,7,class->block->function->block->block_content->return->expr->name->name->operator->name->operator
2,154,rectangle_java2.jpg,rectangle_java2.jpg,2837614070,72,1024.2783333333334,528.5844444444444,1035.5,512,13,21,-,1,class->block->function->block->block_content->return->expr->name->name
2,154,rectangle_java2.jpg,rectangle_java2.jpg,2837798072,56,1025.0014285714285,530.3671428571429,958.5,512,71,21,this.x2,7,class->block->function->block->block_content->return->expr->name->name->operator->name->operator
2,154,rectangle_java2.jpg,rectangle_java2.jpg,2837798072,56,1025.0014285714285,530.3671428571429,1035.5,512,13,21,-,1,class->block->function->block->block_content->return->expr->name->name
2,154,rectangle_java2.jpg,rectangle_java2.jpg,2837986092,64,764.228125,548.2325,737.5,549,33,21,int,3,class->block->function->type->name
2,154,rectangle_java2.jpg,rectangle_java2.jpg,2837986092,64,764.228125,548.2325,775.5,549,62,21,height,6,class->block->function->name
2,154,rectangle_java2.jpg,rectangle_java2.jpg,2838426125,92,1021.7356521739131,543.715652173913,968.5,549,70,21,this.y2,7,class->block->function->block->block_content->return->expr->name->name->operator->name
2,154,rectangle_java2.jpg,rectangle_java2.jpg,2838762025,60,1029.3346666666666,549.1553333333334,968.5,549,70,21,this.y2,7,class->block->function->block->block_content->return->expr->name->name->operator->name
2,154,rectangle_java2.jpg,rectangle_java2.jpg,2838845979,60,1235.3886666666667,589.39,1140.5,585,110,21,this.height,11,class->block->function->block->block_content->return->expr->call->name->name->operator->name
2,154,rectangle_java2.jpg,rectangle_java2.jpg,2839037892,76,793.3726315789473,682.9736842105264,730.5,694,177,21,System.out.println,18,class->block->function->block->block_content->expr_stmt->expr->call->name->name->operator->name->operator->name
2,154,rectangle_java2.jpg,rectangle_java2.jpg,2839129880,88,786.5222727272727,681.8140909090909,730.5,694,177,21,System.out.println,18,class->block->function->block->block_content->expr_stmt->expr->call->name->name->operator->name->operator->name
2,154,rectangle_java2.jpg,rectangle_java2.jpg,2839225887,68,771.7235294117647,659.0035294117647,730.5,658,91,20,Rectangle,9,class->block->function->block->block_content->decl_stmt->decl->type->name
2,154,rectangle_java2.jpg,rectangle_java2.jpg,2839301896,72,760.6927777777778,656.0822222222222,730.5,658,91,20,Rectangle,9,class->block->function->block->block_content->decl_stmt->decl->type->name
2,154,rectangle_java2.jpg,rectangle_java2.jpg,2839361906,56,771.5742857142857,647.1214285714286,730.5,658,91,20,Rectangle,9,class->block->function->block->block_content->decl_stmt->decl->type->name
2,154,rectangle_java2.jpg,rectangle_java2.jpg,2839441915,76,787.3042105263158,641.4205263157895,738.5,621,61,21,static,6,class->block->function->type->specifier
2,154,rectangle_java2.jpg,rectangle_java2.jpg,2839541950,96,777.7691666666667,653.7058333333333,730.5,658,91,20,Rectangle,9,class->block->function->block->block_content->decl_stmt->decl->type->name
2,154,rectangle_java2.jpg,rectangle_java2.jpg,2841513772,80,824.5015,562.3525,775.5,549,62,21,height,6,class->block->function->name
2,154,rectangle_java2.jpg,rectangle_java2.jpg,2841621796,72,751.6216666666667,545.3538888888888,737.5,549,33,21,int,3,class->block->function->type->name
2,154,rectangle_java2.jpg,rectangle_java2.jpg,2841681812,56,751.26,540.5971428571429,737.5,549,33,21,int,3,class->block->function->type->name
2,154,rectangle_java2.jpg,rectangle_java2.jpg,2842097746,156,815.6415384615385,543.9705128205128,775.5,549,62,21,height,6,class->block->function->name
2,154,rectangle_java2.jpg,rectangle_java2.jpg,2842297751,104,800.4107692307692,510.073076923077,775.5,512,53,21,width,5,class->block->function->name
2,154,rectangle_java2.jpg,rectangle_java2.jpg,2842381690,60,961.268,506.578,958.5,512,71,21,this.x2,7,class->block->function->block->block_content->return->expr->name->name->operator->name->operator
2,154,rectangle_java2.jpg,rectangle_java2.jpg,2842553457,84,946.3661904761905,521.2361904761905,891.5,512,62,21,return,6,class->block->function->block->block_content->return->expr->name->name
2,154,rectangle_java2.jpg,rectangle_java2.jpg,2842553457,84,946.3661904761905,521.2361904761905,958.5,512,71,21,this.x2,7,class->block->function->block->block_content->return->expr->name->name->operator->name->operator
2,154,rectangle_java2.jpg,rectangle_java2.jpg,2842629542,72,955.9066666666666,519.5738888888889,958.5,512,71,21,this.x2,7,class->block->function->block->block_content->return->expr->name->name->operator->name->operator
2,154,rectangle_java2.jpg,rectangle_java2.jpg,2843285722,60,787.7426666666667,527.336,775.5,512,53,21,width,5,class->block->function->name
2,154,rectangle_java2.jpg,rectangle_java2.jpg,2844209634,64,983.81375,512.273125,958.5,512,71,21,this.x2,7,class->block->function->block->block_content->return->expr->name->name->operator->name->operator
2,154,rectangle_java2.jpg,rectangle_java2.jpg,2844381377,76,973.6689473684211,527.1073684210527,958.5,512,71,21,this.x2,7,class->block->function->block->block_content->return->expr->name->name->operator->name->operator
2,154,rectangle_java2.jpg,rectangle_java2.jpg,2844477452,56,947.3028571428571,502.09285714285716,891.5,512,62,21,return,6,class->block->function->block->block_content->return->expr->name->name
2,154,rectangle_java2.jpg,rectangle_java2.jpg,2844477452,56,947.3028571428571,502.09285714285716,958.5,512,71,21,this.x2,7,class->block->function->block->block_content->return->expr->name->name->operator->name->operator
2,154,rectangle_java2.jpg,rectangle_java2.jpg,2844773580,56,995.76,521.5621428571428,958.5,512,71,21,this.x2,7,class->block->function->block->block_content->return->expr->name->name->operator->name->operator
2,154,rectangle_java2.jpg,rectangle_java2.jpg,2844901581,100,996.5083999999999,510.2564,958.5,512,71,21,this.x2,7,class->block->function->block->block_content->return->expr->name->name->operator->name->operator
2,154,rectangle_java2.jpg,rectangle_java2.jpg,2844965583,60,995.9406666666666,527.4626666666667,958.5,512,71,21,this.x2,7,class->block->function->block->block_content->return->expr->name->name->operator->name->operator
2,154,rectangle_java2.jpg,rectangle_java2.jpg,2845029579,60,991.4673333333334,523.3526666666667,958.5,512,71,21,this.x2,7,class->block->function->block->block_content->return->expr->name->name->operator->name->operator
2,154,rectangle_java2.jpg,rectangle_java2.jpg,2845161561,128,984.2159375,521.7528125,958.5,512,71,21,this.x2,7,class->block->function->block->block_content->return->expr->name->name->operator->name->operator
2,154,rectangle_java2.jpg,rectangle_java2.jpg,2845365537,64,982.0,513.425625,958.5,512,71,21,this.x2,7,class->block->function->block->block_content->return->expr->name->name->operator->name->operator
2,154,rectangle_java2.jpg,rectangle_java2.jpg,2845505493,136,988.584705882353,521.1297058823529,958.5,512,71,21,this.x2,7,class->block->function->block->block_content->return->expr->name->name->operator->name->operator
2,154,rectangle_java2.jpg,rectangle_java2.jpg,2845945495,96,832.5541666666667,573.5045833333334,804.5,585,43,21,area,4,class->block->function->name
2,154,rectangle_java2.jpg,rectangle_java2.jpg,2846041451,92,827.91,594.0347826086957,804.5,585,43,21,area,4,class->block->function->name
2,154,rectangle_java2.jpg,rectangle_java2.jpg,2846157333,68,832.5011764705882,590.5047058823529,804.5,585,43,21,area,4,class->block->function->name
2,154,rectangle_java2.jpg,rectangle_java2.jpg,2846433362,64,997.968125,508.54625,958.5,512,71,21,this.x2,7,class->block->function->block->block_content->return->expr->name->name->operator->name->operator
2,154,rectangle_java2.jpg,rectangle_java2.jpg,2846605433,116,986.9651724137931,539.1827586206897,968.5,549,70,21,this.y2,7,class->block->function->block->block_content->return->expr->name->name->operator->name
2,154,rectangle_java2.jpg,rectangle_java2.jpg,2846797418,128,817.0884374999999,557.0746875,775.5,549,62,21,height,6,class->block->function->name
2,154,rectangle_java2.jpg,rectangle_java2.jpg,2846861420,60,829.5806666666666,561.9293333333334,775.5,549,62,21,height,6,class->block->function->name
2,154,rectangle_java2.jpg,rectangle_java2.jpg,2846941427,76,851.3431578947368,541.5405263157895,846.5,549,10,21,(,1,class->block->function->parameter_list
2,154,rectangle_java2.jpg,rectangle_java2.jpg,2846941427,76,851.3431578947368,541.5405263157895,863.5,549,9,21,),1,class->block->function->parameter_list
2,154,rectangle_java2.jpg,rectangle_java2.jpg,2847001428,56,851.8471428571429,539.6235714285714,846.5,549,10,21,(,1,class->block->function->parameter_list
2,154,rectangle_java2.jpg,rectangle_java2.jpg,2847001428,56,851.8471428571429,539.6235714285714,863.5,549,9,21,),1,class->block->function->parameter_list
2,154,rectangle_java2.jpg,rectangle_java2.jpg,2847197414,108,917.0003703703703,564.6351851851852,900.5,549,63,21,return,6,class->block->function->block->block_content->return
2,154,rectangle_java2.jpg,rectangle_java2.jpg,2847373419,80,921.9055,559.075,900.5,549,63,21,return,6,class->block->function->block->block_content->return
2,154,rectangle_java2.jpg,rectangle_java2.jpg,2847649369,64,1038.060625,564.951875,968.5,549,70,21,this.y2,7,class->block->function->block->block_content->return->expr->name->name->operator->name
2,154,rectangle_java2.jpg,rectangle_java2.jpg,2847649369,64,1038.060625,564.951875,1045.5,549,13,21,-,1,class->block->function->block->block_content->return->expr->operator
2,154,rectangle_java2.jpg,rectangle_java2.jpg,2847789378,136,1046.5326470588236,557.7761764705882,1045.5,549,13,21,-,1,class->block->function->block->block_content->return->expr->operator
2,154,rectangle_java2.jpg,rectangle_java2.jpg,2848241279,68,1125.1676470588236,552.75,1064.5,549,71,21,this.y1,7,class->block->function->block->block_content->return->expr->name->name->operator->name
2,154,rectangle_java2.jpg,rectangle_java2.jpg,2848605305,76,826.7884210526316,603.8684210526316,804.5,585,43,21,area,4,class->block->function->name
2,154,rectangle_java2.jpg,rectangle_java2.jpg,2848753283,144,826.9691666666666,590.4261111111111,804.5,585,43,21,area,4,class->block->function->name
2,154,rectangle_java2.jpg,rectangle_java2.jpg,2848889281,88,889.7309090909091,603.4554545454546,893.5,585,10,21,{,1,class->block->function->block
2,154,rectangle_java2.jpg,rectangle_java2.jpg,2848957285,64,888.025,587.858125,893.5,585,10,21,{,1,class->block->function->block
2,154,rectangle_java2.jpg,rectangle_java2.jpg,2849185263,80,933.082,593.497,910.5,585,62,21,return,6,class->block->function->block->block_content->return
2,154,rectangle_java2.jpg,rectangle_java2.jpg,2849301234,92,1040.6430434782608,595.9508695652174,977.5,585,101,21,this.width,10,class->block->function->block->block_content->return->expr->call->name->name->operator->name
2,154,rectangle_java2.jpg,rectangle_java2.jpg,2849609247,180,1041.795111111111,600.4864444444445,977.5,585,101,21,this.width,10,class->block->function->block->block_content->return->expr->call->name->name->operator->name
2,154,rectangle_java2.jpg,rectangle_java2.jpg,2849745204,100,1094.4528,603.01,1086.5,585,10,21,(,1,class->block->function->block->block_content->return->expr->call->argument_list
2,154,rectangle_java2.jpg,rectangle_java2.jpg,2849745204,100,1094.4528,603.01,1103.5,585,9,21,),1,class->block->function->block->block_content->return->expr->call->argument_list
2,154,rectangle_java2.jpg,rectangle_java2.jpg,2849981056,76,1087.6331578947368,593.6894736842105,1086.5,585,10,21,(,1,class->block->function->block->block_content->return->expr->call->argument_list
2,154,rectangle_java2.jpg,rectangle_java2.jpg,2850165183,180,1104.8146666666667,597.7473333333334,1103.5,585,9,21,),1,class->block->function->block->block_content->return->expr->call->argument_list
2,154,rectangle_java2.jpg,rectangle_java2.jpg,2850313144,144,1108.1008333333334,594.8580555555556,1103.5,585,9,21,),1,class->block->function->block->block_content->return->expr->call->argument_list
2,154,rectangle_java2.jpg,rectangle_java2.jpg,2850448913,132,1106.7021212121213,586.6769696969696,1103.5,585,9,21,),1,class->block->function->block->block_content->return->expr->call->argument_list
2,154,rectangle_java2.jpg,rectangle_java2.jpg,2850552839,72,768.1116666666667,629.1766666666666,738.5,621,61,21,static,6,class->block->function->type->specifier
2,154,rectangle_java2.jpg,rectangle_java2.jpg,2850693022,88,769.5977272727273,640.4568181818182,738.5,621,61,21,static,6,class->block->function->type->specifier
2,154,rectangle_java2.jpg,rectangle_java2.jpg,2850825110,128,768.0278125,645.54125,730.5,658,91,20,Rectangle,9,class->block->function->block->block_content->decl_stmt->decl->type->name
2,154,rectangle_java2.jpg,rectangle_java2.jpg,2851149074,120,837.4956666666667,673.4343333333334,826.5,658,52,20,rect1,5,class->block->function->block->block_content->decl_stmt->decl->name
2,154,rectangle_java2.jpg,rectangle_java2.jpg,2851225083,72,835.25,668.2294444444444,826.5,658,52,20,rect1,5,class->block->function->block->block_content->decl_stmt->decl->name
2,154,rectangle_java2.jpg,rectangle_java2.jpg,2851417127,96,833.13875,689.155,730.5,694,177,21,System.out.println,18,class->block->function->block->block_content->expr_stmt->expr->call->name->name->operator->name->operator->name
2,154,rectangle_java2.jpg,rectangle_java2.jpg,2851565096,84,901.1928571428572,670.6376190476191,902.5,658,34,20,new,3,class->block->function->block->block_content->decl_stmt->decl->init->expr->operator
2,154,rectangle_java2.jpg,rectangle_java2.jpg,2851892984,80,958.411,687.51,932.5,694,100,21,rect1.area,10,class->block->function->block->block_content->expr_stmt->expr->call->argument_list->argument->expr->call->name->name->operator->name
2,154,rectangle_java2.jpg,rectangle_java2.jpg,2852093037,80,1037.3495,668.323,1041.5,658,9,20,(,1,class->block->function->block->block_content->decl_stmt->decl->init->expr->call->argument_list
2,154,rectangle_java2.jpg,rectangle_java2.jpg,2852169060,72,1039.3916666666667,681.8422222222222,1041.5,694,9,21,(,1,class->block->function->block->block_content->expr_stmt->expr->call->argument_list->argument->expr->call->argument_list
2,154,rectangle_java2.jpg,rectangle_java2.jpg,2852233088,60,1040.646,671.952,1041.5,658,9,20,(,1,class->block->function->block->block_content->decl_stmt->decl->init->expr->call->argument_list
2,154,rectangle_java2.jpg,rectangle_java2.jpg,2852305120,68,1041.0488235294117,688.8564705882353,1041.5,694,9,21,(,1,class->block->function->block->block_content->expr_stmt->expr->call->argument_list->argument->expr->call->argument_list
2,154,rectangle_java2.jpg,rectangle_java2.jpg,2852465065,136,1093.7438235294117,677.454705882353,1095.5,658,13,20,0,1,class->block->function->block->block_content->decl_stmt->decl->init->expr->call->argument_list->argument->expr->literal
2,154,rectangle_java2.jpg,rectangle_java2.jpg,2852585019,116,1086.7824137931034,700.7655172413793,1096.5,694,10,21,;,1,class->block->function->block->block_content->expr_stmt
2,154,rectangle_java2.jpg,rectangle_java2.jpg,2853804855,92,1212.8869565217392,653.3552173913043,1211.5,658,9,20,),1,class->block->function->block->block_content->decl_stmt->decl->init->expr->call->argument_list
2,154,rectangle_java2.jpg,rectangle_java2.jpg,2853968891,64,1072.59875,505.733125,1054.5,512,71,21,this.x1,7,class->block->function->block->block_content->return->expr->name->name->operator->name
2,154,rectangle_java2.jpg,rectangle_java2.jpg,2854256846,104,1000.15,519.9380769230769,958.5,512,71,21,this.x2,7,class->block->function->block->block_content->return->expr->name->name->operator->name->operator
2,154,rectangle_java2.jpg,rectangle_java2.jpg,2854452878,100,942.4688,523.2444,891.5,512,62,21,return,6,class->block->function->block->block_content->return->expr->name->name
2,154,rectangle_java2.jpg,rectangle_java2.jpg,2854865050,96,785.7533333333333,772.70375,730.5,766,177,21,System.out.println,18,class->block->function->block->block_content->expr_stmt->expr->call->name->name->operator->name->operator->name
2,154,rectangle_java2.jpg,rectangle_java2.jpg,2854972907,104,763.7596153846154,775.5857692307692,730.5,766,177,21,System.out.println,18,class->block->function->block->block_content->expr_stmt->expr->call->name->name->operator->name->operator->name
2,154,rectangle_java2.jpg,rectangle_java2.jpg,2855144904,168,759.3504761904762,772.4471428571428,730.5,766,177,21,System.out.println,18,class->block->function->block->block_content->expr_stmt->expr->call->name->name->operator->name->operator->name
2,154,rectangle_java2.jpg,rectangle_java2.jpg,2855300774,112,823.6132142857143,780.575,730.5,766,177,21,System.out.println,18,class->block->function->block->block_content->expr_stmt->expr->call->name->name->operator->name->operator->name
2,154,rectangle_java2.jpg,rectangle_java2.jpg,2855400678,96,823.4620833333333,771.1695833333333,730.5,766,177,21,System.out.println,18,class->block->function->block->block_content->expr_stmt->expr->call->name->name->operator->name->operator->name
2,154,rectangle_java2.jpg,rectangle_java2.jpg,2855520706,116,823.8531034482759,760.4631034482759,730.5,766,177,21,System.out.println,18,class->block->function->block->block_content->expr_stmt->expr->call->name->name->operator->name->operator->name
2,154,rectangle_java2.jpg,rectangle_java2.jpg,2855692728,124,911.3403225806452,761.0977419354839,916.5,766,9,21,(,1,class->block->function->block->block_content->expr_stmt->expr->call->argument_list
2,154,rectangle_java2.jpg,rectangle_java2.jpg,2855920974,92,891.675652173913,770.6760869565218,730.5,766,177,21,System.out.println,18,class->block->function->block->block_content->expr_stmt->expr->call->name->name->operator->name->operator->name
2,154,rectangle_java2.jpg,rectangle_java2.jpg,2856005054,80,906.603,771.148,730.5,766,177,21,System.out.println,18,class->block->function->block->block_content->expr_stmt->expr->call->name->name->operator->name->operator->name
2,154,rectangle_java2.jpg,rectangle_java2.jpg,2856005054,80,906.603,771.148,916.5,766,9,21,(,1,class->block->function->block->block_content->expr_stmt->expr->call->argument_list
2,154,rectangle_java2.jpg,rectangle_java2.jpg,2856072931,64,924.89875,783.415625,916.5,766,9,21,(,1,class->block->function->block->block_content->expr_stmt->expr->call->argument_list
2,154,rectangle_java2.jpg,rectangle_java2.jpg,2856072931,64,924.89875,783.415625,932.5,766,100,21,rect2.area,10,class->block->function->block->block_content->expr_stmt->expr->call->argument_list->argument->expr->call->name->name->operator->name
2,154,rectangle_java2.jpg,rectangle_java2.jpg,2856164791,88,926.7322727272727,767.9613636363637,932.5,766,100,21,rect2.area,10,class->block->function->block->block_content->expr_stmt->expr->call->argument_list->argument->expr->call->name->name->operator->name
2,154,rectangle_java2.jpg,rectangle_java2.jpg,2856308742,140,950.408,763.8882857142858,932.5,766,100,21,rect2.area,10,class->block->function->block->block_content->expr_stmt->expr->call->argument_list->argument->expr->call->name->name->operator->name
2,154,rectangle_java2.jpg,rectangle_java2.jpg,2856512717,92,751.4582608695653,763.41,730.5,766,177,21,System.out.println,18,class->block->function->block->block_content->expr_stmt->expr->call->name->name->operator->name->operator->name
2,154,rectangle_java2.jpg,rectangle_java2.jpg,2856632711,60,735.4933333333333,755.1326666666666,730.5,766,177,21,System.out.println,18,class->block->function->block->block_content->expr_stmt->expr->call->name->name->operator->name->operator->name
2,154,rectangle_java2.jpg,rectangle_java2.jpg,2856704720,68,733.6305882352941,769.2647058823529,730.5,766,177,21,System.out.println,18,class->block->function->block->block_content->expr_stmt->expr->call->name->name->operator->name->operator->name
2,154,rectangle_java2.jpg,rectangle_java2.jpg,2856896716,84,785.6628571428572,638.245238095238,738.5,621,61,21,static,6,class->block->function->type->specifier
2,154,rectangle_java2.jpg,rectangle_java2.jpg,2856992715,60,767.0593333333334,662.0086666666667,730.5,658,91,20,Rectangle,9,class->block->function->block->block_content->decl_stmt->decl->type->name
2,154,rectangle_java2.jpg,rectangle_java2.jpg,2857124733,80,911.148,516.706,891.5,512,62,21,return,6,class->block->function->block->block_content->return->expr->name->name
2,154,rectangle_java2.jpg,rectangle_java2.jpg,2857228684,100,916.8344,508.6168,891.5,512,62,21,return,6,class->block->function->block->block_content->return->expr->name->name
2,154,rectangle_java2.jpg,rectangle_java2.jpg,2857460771,72,856.205,526.4555555555555,854.5,512,9,21,),1,class->block->function->parameter_list
2,154,rectangle_java2.jpg,rectangle_java2.jpg,2857612788,148,850.8456756756757,529.7886486486486,854.5,512,9,21,),1,class->block->function->parameter_list
2,154,rectangle_java2.jpg,rectangle_java2.jpg,2857716632,64,975.930625,521.3325,958.5,512,71,21,this.x2,7,class->block->function->block->block_content->return->expr->name->name->operator->name->operator
2,154,rectangle_java2.jpg,rectangle_java2.jpg,2873339472,72,800.8616666666667,338.5466666666667,730.5,331,71,19,this.x1,7,class->block->constructor->block->block_content->expr_stmt->expr->name->name->operator->name
2,154,rectangle_java2.jpg,rectangle_java2.jpg,2873339472,72,800.8616666666667,338.5466666666667,806.5,331,15,19,=,1,class->block->constructor->block->block_content->expr_stmt->expr->operator
2,154,rectangle_java2.jpg,rectangle_java2.jpg,2873463488,120,796.3776666666666,349.1286666666667,730.5,331,71,19,this.x1,7,class->block->constructor->block->block_content->expr_stmt->expr->name->name->operator->name
2,154,rectangle_java2.jpg,rectangle_java2.jpg,2873463488,120,796.3776666666666,349.1286666666667,806.5,331,15,19,=,1,class->block->constructor->block->block_content->expr_stmt->expr->operator
2,154,rectangle_java2.jpg,rectangle_java2.jpg,2873531497,64,814.075625,331.875,806.5,331,15,19,=,1,class->block->constructor->block->block_content->expr_stmt->expr->operator
2,154,rectangle_java2.jpg,rectangle_java2.jpg,2873531497,64,814.075625,331.875,826.5,331,23,19,x1,2,class->block->constructor->block->block_content->expr_stmt->expr->name->name
2,154,rectangle_java2.jpg,rectangle_java2.jpg,2873711499,176,815.5561363636364,320.4538636363636,806.5,331,15,19,=,1,class->block->constructor->block->block_content->expr_stmt->expr->operator
2,154,rectangle_java2.jpg,rectangle_java2.jpg,2873711499,176,815.5561363636364,320.4538636363636,826.5,331,23,19,x1,2,class->block->constructor->block->block_content->expr_stmt->expr->name->name
2,154,rectangle_java2.jpg,rectangle_java2.jpg,2878439096,88,906.1745454545454,314.4218181818182,890.5,295,24,21,x1,2,class->block->constructor->parameter_list->parameter->decl->type->name
2,154,rectangle_java2.jpg,rectangle_java2.jpg,2879239498,76,852.5942105263158,517.5621052631578,854.5,512,9,21,),1,class->block->function->parameter_list
2,154,rectangle_java2.jpg,rectangle_java2.jpg,2879431112,56,844.085,507.8142857142857,837.5,512,9,21,(,1,class->block->function->parameter_list
2,154,rectangle_java2.jpg,rectangle_java2.jpg,2879431112,56,844.085,507.8142857142857,854.5,512,9,21,),1,class->block->function->parameter_list
2,154,rectangle_java2.jpg,rectangle_java2.jpg,2879578830,80,849.2255,340.1495,826.5,331,23,19,x1,2,class->block->constructor->block->block_content->expr_stmt->expr->name->name
2,154,rectangle_java2.jpg,rectangle_java2.jpg,2879578830,80,849.2255,340.1495,856.5,331,10,19,;,1,class->block->constructor->block->block_content->expr_stmt
2,154,rectangle_java2.jpg,rectangle_java2.jpg,2879746934,80,845.997,342.07,826.5,331,23,19,x1,2,class->block->constructor->block->block_content->expr_stmt->expr->name->name
2,154,rectangle_java2.jpg,rectangle_java2.jpg,2879746934,80,845.997,342.07,856.5,331,10,19,;,1,class->block->constructor->block->block_content->expr_stmt
2,154,rectangle_java2.jpg,rectangle_java2.jpg,2879982980,172,810.2802325581396,259.6246511627907,815.5,259,10,21,",",1,class->block->decl_stmt
2,154,rectangle_java2.jpg,rectangle_java2.jpg,2880050987,64,805.000625,255.840625,785.5,259,23,21,x1,2,class->block->decl_stmt->decl->name
2,154,rectangle_java2.jpg,rectangle_java2.jpg,2880050987,64,805.000625,255.840625,815.5,259,10,21,",",1,class->block->decl_stmt
2,154,rectangle_java2.jpg,rectangle_java2.jpg,2880535012,100,850.6076,249.24239999999998,833.5,259,23,21,y1,2,class->block->decl_stmt->decl->name
2,154,rectangle_java2.jpg,rectangle_java2.jpg,2880842979,208,770.7132692307692,223.04365384615386,715.5,222,90,21,Rectangle,9,class->name
2,154,rectangle_java2.jpg,rectangle_java2.jpg,2881550826,108,816.687037037037,238.0403703703704,813.5,222,10,21,{,1,class->block
2,154,rectangle_java2.jpg,rectangle_java2.jpg,2881614843,60,815.014,253.4906666666667,815.5,259,10,21,",",1,class->block->decl_stmt
2,154,rectangle_java2.jpg,rectangle_java2.jpg,2881798861,104,842.3896153846154,275.9023076923077,833.5,259,23,21,y1,2,class->block->decl_stmt->decl->name
2,154,rectangle_java2.jpg,rectangle_java2.jpg,2884382655,96,796.17375,225.33708333333334,715.5,222,90,21,Rectangle,9,class->name
2,154,rectangle_java2.jpg,rectangle_java2.jpg,2886182554,60,734.2213333333333,227.06600000000003,715.5,222,90,21,Rectangle,9,class->name
2,154,rectangle_java2.jpg,rectangle_java2.jpg,2886346525,160,730.39075,217.25225,715.5,222,90,21,Rectangle,9,class->name
2,154,rectangle_java2.jpg,rectangle_java2.jpg,2886482564,68,770.5441176470588,240.27352941176468,715.5,222,90,21,Rectangle,9,class->name
2,154,rectangle_java2.jpg,rectangle_java2.jpg,2886622678,76,800.4563157894737,253.5773684210526,785.5,259,23,21,x1,2,class->block->decl_stmt->decl->name
2,154,rectangle_java2.jpg,rectangle_java2.jpg,2886714740,88,802.145,240.60727272727274,715.5,222,90,21,Rectangle,9,class->name
2,154,rectangle_java2.jpg,rectangle_java2.jpg,2886714740,88,802.145,240.60727272727274,813.5,222,10,21,{,1,class->block
2,154,rectangle_java2.jpg,rectangle_java2.jpg,2886818636,60,913.5653333333333,249.45866666666666,911.5,259,10,21,",",1,class->block->decl_stmt
2,154,rectangle_java2.jpg,rectangle_java2.jpg,2888258069,100,772.8996,229.3252,715.5,222,90,21,Rectangle,9,class->name
2,154,rectangle_java2.jpg,rectangle_java2.jpg,2888338161,76,777.2884210526315,227.66210526315786,715.5,222,90,21,Rectangle,9,class->name
2,154,rectangle_java2.jpg,rectangle_java2.jpg,2888434249,92,771.3195652173913,225.6713043478261,715.5,222,90,21,Rectangle,9,class->name
2,154,rectangle_java2.jpg,rectangle_java2.jpg,2888578070,68,734.4535294117647,213.3870588235294,715.5,222,90,21,Rectangle,9,class->name
2,154,rectangle_java2.jpg,rectangle_java2.jpg,2888709996,128,740.325625,237.56093750000002,715.5,222,90,21,Rectangle,9,class->name
2,154,rectangle_java2.jpg,rectangle_java2.jpg,2888894252,60,837.0306666666667,279.38933333333335,833.5,259,23,21,y1,2,class->block->decl_stmt->decl->name
2,154,rectangle_java2.jpg,rectangle_java2.jpg,2888974299,76,829.1057894736842,253.0357894736842,833.5,259,23,21,y1,2,class->block->decl_stmt->decl->name
2,154,rectangle_java2.jpg,rectangle_java2.jpg,2890542244,60,890.172,266.592,881.5,259,23,21,x2,2,class->block->decl_stmt->decl->name
2,154,rectangle_java2.jpg,rectangle_java2.jpg,2890706234,72,895.2072222222222,268.6622222222222,881.5,259,23,21,x2,2,class->block->decl_stmt->decl->name
2,154,rectangle_java2.jpg,rectangle_java2.jpg,2890826193,68,839.0858823529412,305.68117647058824,837.5,295,9,21,(,1,class->block->constructor->parameter_list
2,154,rectangle_java2.jpg,rectangle_java2.jpg,2891086140,76,784.7463157894737,288.47789473684213,737.5,295,91,21,Rectangle,9,class->block->constructor->name
2,154,rectangle_java2.jpg,rectangle_java2.jpg,2891218137,76,799.44,296.6068421052631,737.5,295,91,21,Rectangle,9,class->block->constructor->name
2,154,rectangle_java2.jpg,rectangle_java2.jpg,2891573918,60,870.8853333333333,541.6746666666667,863.5,549,9,21,),1,class->block->function->parameter_list
2,154,rectangle_java2.jpg,rectangle_java2.jpg,2891818094,72,865.3461111111111,336.59277777777777,856.5,331,10,19,;,1,class->block->constructor->block->block_content->expr_stmt
2,154,rectangle_java2.jpg,rectangle_java2.jpg,2891918130,60,844.26,333.18333333333334,826.5,331,23,19,x1,2,class->block->constructor->block->block_content->expr_stmt->expr->name->name
2,154,rectangle_java2.jpg,rectangle_java2.jpg,2891918130,60,844.26,333.18333333333334,856.5,331,10,19,;,1,class->block->constructor->block->block_content->expr_stmt
2,154,rectangle_java2.jpg,rectangle_java2.jpg,2891990247,68,845.7129411764706,325.9288235294118,826.5,331,23,19,x1,2,class->block->constructor->block->block_content->expr_stmt->expr->name->name
2,154,rectangle_java2.jpg,rectangle_java2.jpg,2891990247,68,845.7129411764706,325.9288235294118,856.5,331,10,19,;,1,class->block->constructor->block->block_content->expr_stmt
2,154,rectangle_java2.jpg,rectangle_java2.jpg,2892338201,64,866.856875,283.854375,853.5,295,32,21,int,3,class->block->constructor->parameter_list->parameter->decl->type->name
2,154,rectangle_java2.jpg,rectangle_java2.jpg,2892726087,84,839.3985714285715,310.6666666666667,837.5,295,9,21,(,1,class->block->constructor->parameter_list
2,154,rectangle_java2.jpg,rectangle_java2.jpg,2892802058,72,840.0855555555555,308.45722222222224,837.5,295,9,21,(,1,class->block->constructor->parameter_list
2,154,rectangle_java2.jpg,rectangle_java2.jpg,2892878028,72,844.5372222222222,285.25555555555553,837.5,295,9,21,(,1,class->block->constructor->parameter_list
2,154,rectangle_java2.jpg,rectangle_java2.jpg,2892878028,72,844.5372222222222,285.25555555555553,853.5,295,32,21,int,3,class->block->constructor->parameter_list->parameter->decl->type->name
2,154,rectangle_java2.jpg,rectangle_java2.jpg,2893017999,92,792.851304347826,323.6578260869565,730.5,331,71,19,this.x1,7,class->block->constructor->block->block_content->expr_stmt->expr->name->name->operator->name
2,154,rectangle_java2.jpg,rectangle_java2.jpg,2893153996,76,795.7021052631579,335.82157894736844,730.5,331,71,19,this.x1,7,class->block->constructor->block->block_content->expr_stmt->expr->name->name->operator->name
2,154,rectangle_java2.jpg,rectangle_java2.jpg,2893153996,76,795.7021052631579,335.82157894736844,806.5,331,15,19,=,1,class->block->constructor->block->block_content->expr_stmt->expr->operator
2,154,rectangle_java2.jpg,rectangle_java2.jpg,2893342005,184,798.898695652174,341.96021739130435,730.5,331,71,19,this.x1,7,class->block->constructor->block->block_content->expr_stmt->expr->name->name->operator->name
2,154,rectangle_java2.jpg,rectangle_java2.jpg,2893342005,184,798.898695652174,341.96021739130435,806.5,331,15,19,=,1,class->block->constructor->block->block_content->expr_stmt->expr->operator
2,154,rectangle_java2.jpg,rectangle_java2.jpg,2893474055,128,802.0196875,347.56,806.5,331,15,19,=,1,class->block->constructor->block->block_content->expr_stmt->expr->operator
2,154,rectangle_java2.jpg,rectangle_java2.jpg,2893974044,60,865.8813333333334,356.18333333333334,856.5,367,10,21,;,1,class->block->constructor->block->block_content->expr_stmt
2,154,rectangle_java2.jpg,rectangle_java2.jpg,2894034038,56,865.4264285714286,371.8935714285714,856.5,367,10,21,;,1,class->block->constructor->block->block_content->expr_stmt
2,154,rectangle_java2.jpg,rectangle_java2.jpg,2894381882,144,841.2519444444445,370.54333333333335,826.5,367,23,21,y1,2,class->block->constructor->block->block_content->expr_stmt->expr->name->name
2,154,rectangle_java2.jpg,rectangle_java2.jpg,2894549899,164,841.8921951219512,364.42829268292684,826.5,367,23,21,y1,2,class->block->constructor->block->block_content->expr_stmt->expr->name->name
2,154,rectangle_java2.jpg,rectangle_java2.jpg,2894609896,56,842.5435714285715,370.95714285714286,826.5,367,23,21,y1,2,class->block->constructor->block->block_content->expr_stmt->expr->name->name
2,154,rectangle_java2.jpg,rectangle_java2.jpg,2894749892,56,795.03,348.70142857142855,730.5,331,71,19,this.x1,7,class->block->constructor->block->block_content->expr_stmt->expr->name->name->operator->name
2,154,rectangle_java2.jpg,rectangle_java2.jpg,2894749892,56,795.03,348.70142857142855,806.5,331,15,19,=,1,class->block->constructor->block->block_content->expr_stmt->expr->operator
2,154,rectangle_java2.jpg,rectangle_java2.jpg,2894853874,100,795.1816,359.446,730.5,367,71,21,this.y1,7,class->block->constructor->block->block_content->expr_stmt->expr->name->name->operator->name
2,154,rectangle_java2.jpg,rectangle_java2.jpg,2894853874,100,795.1816,359.446,806.5,367,15,21,=,1,class->block->constructor->block->block_content->expr_stmt->expr->operator
2,154,rectangle_java2.jpg,rectangle_java2.jpg,2895769894,72,822.8894444444444,514.2772222222222,775.5,512,53,21,width,5,class->block->function->name
2,154,rectangle_java2.jpg,rectangle_java2.jpg,2895941842,104,795.0919230769231,532.3442307692308,775.5,512,53,21,width,5,class->block->function->name
2,154,rectangle_java2.jpg,rectangle_java2.jpg,2896097746,152,794.8742105263158,548.1131578947369,775.5,549,62,21,height,6,class->block->function->name
2,154,rectangle_java2.jpg,rectangle_java2.jpg,2896873759,56,852.8521428571429,404.4921428571429,856.5,404,10,19,;,1,class->block->constructor->block->block_content->expr_stmt
2,154,rectangle_java2.jpg,rectangle_java2.jpg,2897065803,92,804.2604347826087,431.98521739130433,806.5,440,15,21,=,1,class->block->constructor->block->block_content->expr_stmt->expr->operator
2,154,rectangle_java2.jpg,rectangle_java2.jpg,2897833755,164,865.4775609756098,433.4809756097561,856.5,440,10,21,;,1,class->block->constructor->block->block_content->expr_stmt
2,154,rectangle_java2.jpg,rectangle_java2.jpg,2898029542,172,857.3439534883721,411.86837209302325,856.5,404,10,19,;,1,class->block->constructor->block->block_content->expr_stmt
2,154,rectangle_java2.jpg,rectangle_java2.jpg,2898757371,104,841.733076923077,385.6226923076923,826.5,367,23,21,y1,2,class->block->constructor->block->block_content->expr_stmt->expr->name->name
2,154,rectangle_java2.jpg,rectangle_java2.jpg,2899065460,252,841.318253968254,394.8044444444444,826.5,404,23,19,x2,2,class->block->constructor->block->block_content->expr_stmt->expr->name->name
2,154,rectangle_java2.jpg,rectangle_java2.jpg,2899137586,68,840.9676470588236,399.14588235294116,826.5,404,23,19,x2,2,class->block->constructor->block->block_content->expr_stmt->expr->name->name
2,154,rectangle_java2.jpg,rectangle_java2.jpg,2900833193,64,759.3199999999999,429.745625,730.5,440,71,21,this.y2,7,class->block->constructor->block->block_content->expr_stmt->expr->name->name->operator->name
2,154,rectangle_java2.jpg,rectangle_java2.jpg,2900933057,96,769.7616666666667,415.4595833333333,730.5,404,71,19,this.x2,7,class->block->constructor->block->block_content->expr_stmt->expr->name->name->operator->name
2,154,rectangle_java2.jpg,rectangle_java2.jpg,2901077347,64,868.386875,306.88187500000004,853.5,295,32,21,int,3,class->block->constructor->parameter_list->parameter->decl->type->name
2,154,rectangle_java2.jpg,rectangle_java2.jpg,2901153519,72,873.3188888888889,287.06555555555553,853.5,295,32,21,int,3,class->block->constructor->parameter_list->parameter->decl->type->name
2,154,rectangle_java2.jpg,rectangle_java2.jpg,2901221535,64,875.691875,279.34875,881.5,259,23,21,x2,2,class->block->decl_stmt->decl->name
2,154,rectangle_java2.jpg,rectangle_java2.jpg,2901829275,124,868.1254838709677,311.3503225806452,853.5,295,32,21,int,3,class->block->constructor->parameter_list->parameter->decl->type->name
2,154,rectangle_java2.jpg,rectangle_java2.jpg,2901901311,68,861.8964705882353,313.67,853.5,295,32,21,int,3,class->block->constructor->parameter_list->parameter->decl->type->name
2,154,rectangle_java2.jpg,rectangle_java2.jpg,2902401387,108,869.3944444444444,292.4614814814815,853.5,295,32,21,int,3,class->block->constructor->parameter_list->parameter->decl->type->name
2,154,rectangle_java2.jpg,rectangle_java2.jpg,2902601453,196,868.5069387755102,307.02183673469386,853.5,295,32,21,int,3,class->block->constructor->parameter_list->parameter->decl->type->name
2,154,rectangle_java2.jpg,rectangle_java2.jpg,2903969156,92,786.8473913043479,330.2078260869565,730.5,331,71,19,this.x1,7,class->block->constructor->block->block_content->expr_stmt->expr->name->name->operator->name
2,154,rectangle_java2.jpg,rectangle_java2.jpg,2904061187,88,786.815,318.6231818181818,730.5,331,71,19,this.x1,7,class->block->constructor->block->block_content->expr_stmt->expr->name->name->operator->name
2,154,rectangle_java2.jpg,rectangle_java2.jpg,2904669228,56,773.8414285714285,521.5278571428571,775.5,512,53,21,width,5,class->block->function->name
2,154,rectangle_java2.jpg,rectangle_java2.jpg,2904729225,56,772.2642857142857,529.3292857142857,775.5,512,53,21,width,5,class->block->function->name
2,154,rectangle_java2.jpg,rectangle_java2.jpg,2904909230,76,718.5652631578947,531.4473684210526,669.5,512,63,21,public,6,class->block->function->type->specifier
2,154,rectangle_java2.jpg,rectangle_java2.jpg,2905177271,80,809.2915,527.1255,775.5,512,53,21,width,5,class->block->function->name
2,154,rectangle_java2.jpg,rectangle_java2.jpg,2905245184,64,812.92,514.64625,775.5,512,53,21,width,5,class->block->function->name
2,154,rectangle_java2.jpg,rectangle_java2.jpg,2905352972,72,822.5388888888889,523.765,775.5,512,53,21,width,5,class->block->function->name
2,154,rectangle_java2.jpg,rectangle_java2.jpg,2905440946,84,844.8723809523809,503.53,837.5,512,9,21,(,1,class->block->function->parameter_list
2,154,rectangle_java2.jpg,rectangle_java2.jpg,2905440946,84,844.8723809523809,503.53,854.5,512,9,21,),1,class->block->function->parameter_list
2,154,rectangle_java2.jpg,rectangle_java2.jpg,2905512988,68,848.6105882352941,502.85823529411766,854.5,512,9,21,),1,class->block->function->parameter_list
2,154,rectangle_java2.jpg,rectangle_java2.jpg,2905713082,56,794.9564285714285,543.9742857142858,775.5,549,62,21,height,6,class->block->function->name
2,154,rectangle_java2.jpg,rectangle_java2.jpg,2905909114,120,792.8703333333333,511.073,775.5,512,53,21,width,5,class->block->function->name
2,154,rectangle_java2.jpg,rectangle_java2.jpg,2906017107,84,856.7723809523809,524.7752380952381,854.5,512,9,21,),1,class->block->function->parameter_list
2,154,rectangle_java2.jpg,rectangle_java2.jpg,2906225100,60,849.3493333333333,522.6026666666667,854.5,512,9,21,),1,class->block->function->parameter_list
2,154,rectangle_java2.jpg,rectangle_java2.jpg,2906397069,168,843.47,531.3911904761904,837.5,512,9,21,(,1,class->block->function->parameter_list
2,154,rectangle_java2.jpg,rectangle_java2.jpg,2906397069,168,843.47,531.3911904761904,854.5,512,9,21,),1,class->block->function->parameter_list
2,154,rectangle_java2.jpg,rectangle_java2.jpg,2906537037,100,876.4188,529.1692,874.5,512,10,21,{,1,class->block->function->block
2,154,rectangle_java2.jpg,rectangle_java2.jpg,2906665039,64,960.195,528.280625,958.5,512,71,21,this.x2,7,class->block->function->block->block_content->return->expr->name->name->operator->name->operator
2,154,rectangle_java2.jpg,rectangle_java2.jpg,2906973118,56,945.2878571428571,546.2221428571429,900.5,549,63,21,return,6,class->block->function->block->block_content->return
2,154,rectangle_java2.jpg,rectangle_java2.jpg,2907041107,64,960.303125,520.901875,958.5,512,71,21,this.x2,7,class->block->function->block->block_content->return->expr->name->name->operator->name->operator
2,154,rectangle_java2.jpg,rectangle_java2.jpg,2907113034,68,951.6441176470588,524.5211764705882,891.5,512,62,21,return,6,class->block->function->block->block_content->return->expr->name->name
2,154,rectangle_java2.jpg,rectangle_java2.jpg,2907113034,68,951.6441176470588,524.5211764705882,958.5,512,71,21,this.x2,7,class->block->function->block->block_content->return->expr->name->name->operator->name->operator
2,154,rectangle_java2.jpg,rectangle_java2.jpg,2907192940,76,984.6315789473684,514.5426315789474,958.5,512,71,21,this.x2,7,class->block->function->block->block_content->return->expr->name->name->operator->name->operator
2,154,rectangle_java2.jpg,rectangle_java2.jpg,2907296856,60,983.2166666666667,541.3146666666667,968.5,549,70,21,this.y2,7,class->block->function->block->block_content->return->expr->name->name->operator->name
2,154,rectangle_java2.jpg,rectangle_java2.jpg,2907476894,60,788.8993333333333,569.4733333333334,775.5,549,62,21,height,6,class->block->function->name
2,154,rectangle_java2.jpg,rectangle_java2.jpg,2907572941,60,766.9486666666667,561.578,737.5,549,33,21,int,3,class->block->function->type->name
2,154,rectangle_java2.jpg,rectangle_java2.jpg,2907572941,60,766.9486666666667,561.578,775.5,549,62,21,height,6,class->block->function->name
2,154,rectangle_java2.jpg,rectangle_java2.jpg,2907652947,76,784.38,568.3221052631579,775.5,549,62,21,height,6,class->block->function->name
2,154,rectangle_java2.jpg,rectangle_java2.jpg,2907952880,144,855.7991666666667,583.9255555555555,856.5,585,9,21,(,1,class->block->function->parameter_list
2,154,rectangle_java2.jpg,rectangle_java2.jpg,2908068882,112,855.3364285714285,589.6885714285714,856.5,585,9,21,(,1,class->block->function->parameter_list
2,154,rectangle_java2.jpg,rectangle_java2.jpg,2908200962,60,987.1013333333333,569.0866666666667,968.5,549,70,21,this.y2,7,class->block->function->block->block_content->return->expr->name->name->operator->name
2,154,rectangle_java2.jpg,rectangle_java2.jpg,2908300997,96,991.9466666666667,560.82875,968.5,549,70,21,this.y2,7,class->block->function->block->block_content->return->expr->name->name->operator->name
2,154,rectangle_java2.jpg,rectangle_java2.jpg,2908396987,80,1078.913,568.7325,1064.5,549,71,21,this.y1,7,class->block->function->block->block_content->return->expr->name->name->operator->name
2,154,rectangle_java2.jpg,rectangle_java2.jpg,2908496959,96,1078.5875,562.92625,1064.5,549,71,21,this.y1,7,class->block->function->block->block_content->return->expr->name->name->operator->name
2,154,rectangle_java2.jpg,rectangle_java2.jpg,2908897437,92,1159.89,542.0682608695652,1161.5,549,10,21,},1,class->block->function->block
2,154,rectangle_java2.jpg,rectangle_java2.jpg,2908981228,56,1150.5564285714286,588.6692857142857,1140.5,585,110,21,this.height,11,class->block->function->block->block_content->return->expr->call->name->name->operator->name
2,154,rectangle_java2.jpg,rectangle_java2.jpg,2909236723,88,1121.5363636363636,593.3472727272728,1122.5,585,12,21,*,1,class->block->function->block->block_content->return->expr->operator
2,154,rectangle_java2.jpg,rectangle_java2.jpg,2909392795,152,1134.8065789473685,591.0342105263157,1140.5,585,110,21,this.height,11,class->block->function->block->block_content->return->expr->call->name->name->operator->name
2,154,rectangle_java2.jpg,rectangle_java2.jpg,2909500788,88,934.6531818181818,611.115,920.5,621,62,21,String,6,class->block->function->parameter_list->parameter->decl->type->name->name
2,154,rectangle_java2.jpg,rectangle_java2.jpg,2909580817,76,943.0221052631579,609.9078947368421,920.5,621,62,21,String,6,class->block->function->parameter_list->parameter->decl->type->name->name
2,154,rectangle_java2.jpg,rectangle_java2.jpg,2909708850,88,847.1204545454545,626.4804545454546,804.5,621,44,21,void,4,class->block->function->type->name
2,154,rectangle_java2.jpg,rectangle_java2.jpg,2909708850,88,847.1204545454545,626.4804545454546,851.5,621,44,21,main,4,class->block->function->name
2,154,rectangle_java2.jpg,rectangle_java2.jpg,2909780862,68,860.1223529411765,619.8123529411764,851.5,621,44,21,main,4,class->block->function->name
2,154,rectangle_java2.jpg,rectangle_java2.jpg,2909964848,88,840.9531818181819,633.9127272727272,804.5,621,44,21,void,4,class->block->function->type->name
2,154,rectangle_java2.jpg,rectangle_java2.jpg,2909964848,88,840.9531818181819,633.9127272727272,851.5,621,44,21,main,4,class->block->function->name
2,154,rectangle_java2.jpg,rectangle_java2.jpg,2910028837,60,825.7586666666666,614.7353333333333,804.5,621,44,21,void,4,class->block->function->type->name
2,154,rectangle_java2.jpg,rectangle_java2.jpg,2910268846,216,796.9211111111111,661.702037037037,730.5,658,91,20,Rectangle,9,class->block->function->block->block_content->decl_stmt->decl->type->name
2,154,rectangle_java2.jpg,rectangle_java2.jpg,2911004531,180,919.4164444444444,689.6715555555555,916.5,694,9,21,(,1,class->block->function->block->block_content->expr_stmt->expr->call->argument_list
2,154,rectangle_java2.jpg,rectangle_java2.jpg,2911148610,140,910.756,703.7651428571429,916.5,694,9,21,(,1,class->block->function->block->block_content->expr_stmt->expr->call->argument_list
2,154,rectangle_java2.jpg,rectangle_java2.jpg,2911264627,72,993.3494444444444,706.3033333333333,932.5,694,100,21,rect1.area,10,class->block->function->block->block_content->expr_stmt->expr->call->argument_list->argument->expr->call->name->name->operator->name
2,154,rectangle_java2.jpg,rectangle_java2.jpg,2911500661,72,966.07,686.3583333333333,932.5,694,100,21,rect1.area,10,class->block->function->block->block_content->expr_stmt->expr->call->argument_list->argument->expr->call->name->name->operator->name
2,154,rectangle_java2.jpg,rectangle_java2.jpg,2911748624,212,1043.2858490566039,696.7018867924528,1041.5,694,9,21,(,1,class->block->function->block->block_content->expr_stmt->expr->call->argument_list->argument->expr->call->argument_list
2,154,rectangle_java2.jpg,rectangle_java2.jpg,2911852642,100,1041.3744,691.3108,1041.5,694,9,21,(,1,class->block->function->block->block_content->expr_stmt->expr->call->argument_list->argument->expr->call->argument_list
2,154,rectangle_java2.jpg,rectangle_java2.jpg,2912768342,108,1230.0274074074075,658.3192592592593,1231.5,658,10,20,;,1,class->block->function->block->block_content->decl_stmt
2,154,rectangle_java2.jpg,rectangle_java2.jpg,2913244918,108,826.1459259259259,768.56,730.5,766,177,21,System.out.println,18,class->block->function->block->block_content->expr_stmt->expr->call->name->name->operator->name->operator->name
2,154,rectangle_java2.jpg,rectangle_java2.jpg,2913308739,60,826.9086666666667,785.2933333333333,730.5,766,177,21,System.out.println,18,class->block->function->block->block_content->expr_stmt->expr->call->name->name->operator->name->operator->name
2,154,rectangle_java2.jpg,rectangle_java2.jpg,2913500546,160,761.54625,786.66525,730.5,766,177,21,System.out.println,18,class->block->function->block->block_content->expr_stmt->expr->call->name->name->operator->name->operator->name
2,154,rectangle_java2.jpg,rectangle_java2.jpg,2913580523,76,755.2742105263158,771.4215789473684,730.5,766,177,21,System.out.println,18,class->block->function->block->block_content->expr_stmt->expr->call->name->name->operator->name->operator->name
2,154,rectangle_java2.jpg,rectangle_java2.jpg,2913720552,64,821.211875,780.399375,730.5,766,177,21,System.out.println,18,class->block->function->block->block_content->expr_stmt->expr->call->name->name->operator->name->operator->name
2,154,rectangle_java2.jpg,rectangle_java2.jpg,2913824560,100,828.4756,773.8512,730.5,766,177,21,System.out.println,18,class->block->function->block->block_content->expr_stmt->expr->call->name->name->operator->name->operator->name
2,154,rectangle_java2.jpg,rectangle_java2.jpg,2914104547,76,899.1131578947369,771.4868421052631,730.5,766,177,21,System.out.println,18,class->block->function->block->block_content->expr_stmt->expr->call->name->name->operator->name->operator->name
2,154,rectangle_java2.jpg,rectangle_java2.jpg,2914288504,180,895.4402222222222,774.6006666666667,730.5,766,177,21,System.out.println,18,class->block->function->block->block_content->expr_stmt->expr->call->name->name->operator->name->operator->name
2,154,rectangle_java2.jpg,rectangle_java2.jpg,2914420456,116,961.9886206896551,773.8951724137931,932.5,766,100,21,rect2.area,10,class->block->function->block->block_content->expr_stmt->expr->call->argument_list->argument->expr->call->name->name->operator->name
2,154,rectangle_java2.jpg,rectangle_java2.jpg,2914624304,160,972.8435,749.918,941.5,731,91,20,Rectangle,9,class->block->function->block->block_content->decl_stmt->decl->init->expr->call->name
2,154,rectangle_java2.jpg,rectangle_java2.jpg,2914696309,68,950.9370588235295,761.2917647058823,932.5,766,100,21,rect2.area,10,class->block->function->block->block_content->expr_stmt->expr->call->argument_list->argument->expr->call->name->name->operator->name
2,154,rectangle_java2.jpg,rectangle_java2.jpg,2914756312,56,946.33,769.5457142857143,932.5,766,100,21,rect2.area,10,class->block->function->block->block_content->expr_stmt->expr->call->argument_list->argument->expr->call->name->name->operator->name
2,154,rectangle_java2.jpg,rectangle_java2.jpg,2915060390,80,876.4175,762.2035,730.5,766,177,21,System.out.println,18,class->block->function->block->block_content->expr_stmt->expr->call->name->name->operator->name->operator->name
2,154,rectangle_java2.jpg,rectangle_java2.jpg,2915256379,68,770.3029411764707,786.5788235294118,730.5,766,177,21,System.out.println,18,class->block->function->block->block_content->expr_stmt->expr->call->name->name->operator->name->operator->name
2,154,rectangle_java2.jpg,rectangle_java2.jpg,2915364357,56,792.5085714285714,778.5692857142857,730.5,766,177,21,System.out.println,18,class->block->function->block->block_content->expr_stmt->expr->call->name->name->operator->name->operator->name
2,154,rectangle_java2.jpg,rectangle_java2.jpg,2915448368,80,799.9225,786.305,730.5,766,177,21,System.out.println,18,class->block->function->block->block_content->expr_stmt->expr->call->name->name->operator->name->operator->name
2,154,rectangle_java2.jpg,rectangle_java2.jpg,2915620424,120,778.5513333333333,764.2466666666667,730.5,766,177,21,System.out.println,18,class->block->function->block->block_content->expr_stmt->expr->call->name->name->operator->name->operator->name
2,154,rectangle_java2.jpg,rectangle_java2.jpg,2915840432,112,852.3192857142857,754.6539285714285,730.5,766,177,21,System.out.println,18,class->block->function->block->block_content->expr_stmt->expr->call->name->name->operator->name->operator->name
2,154,rectangle_java2.jpg,rectangle_java2.jpg,2916536051,140,806.1111428571429,539.0388571428572,775.5,549,62,21,height,6,class->block->function->name
2,154,rectangle_java2.jpg,rectangle_java2.jpg,2916816088,256,985.4303125,526.23953125,958.5,512,71,21,this.x2,7,class->block->function->block->block_content->return->expr->name->name->operator->name->operator
2,154,rectangle_java2.jpg,rectangle_java2.jpg,2916888139,68,991.5029411764706,531.15,958.5,512,71,21,this.x2,7,class->block->function->block->block_content->return->expr->name->name->operator->name->operator
2,154,rectangle_java2.jpg,rectangle_java2.jpg,2917056255,80,779.298,568.6085,775.5,549,62,21,height,6,class->block->function->name
2,154,rectangle_java2.jpg,rectangle_java2.jpg,2917448290,68,748.4929411764706,550.1388235294118,737.5,549,33,21,int,3,class->block->function->type->name
2,154,rectangle_java2.jpg,rectangle_java2.jpg,2917536297,84,754.0647619047619,537.49,737.5,549,33,21,int,3,class->block->function->type->name
2,154,rectangle_java2.jpg,rectangle_java2.jpg,2917608302,68,758.5952941176471,553.5070588235294,737.5,549,33,21,int,3,class->block->function->type->name
2,154,rectangle_java2.jpg,rectangle_java2.jpg,2917680307,68,754.0782352941177,553.8576470588235,737.5,549,33,21,int,3,class->block->function->type->name
2,154,rectangle_java2.jpg,rectangle_java2.jpg,2917844290,124,786.9870967741936,579.6270967741935,737.5,585,62,21,double,6,class->block->function->type->name
2,154,rectangle_java2.jpg,rectangle_java2.jpg,2917908269,60,780.582,573.8913333333334,737.5,585,62,21,double,6,class->block->function->type->name
2,154,rectangle_java2.jpg,rectangle_java2.jpg,2917972250,60,784.342,556.9606666666666,775.5,549,62,21,height,6,class->block->function->name
2,154,rectangle_java2.jpg,rectangle_java2.jpg,2918244177,80,780.563,634.8335,738.5,621,61,21,static,6,class->block->function->type->specifier
2,154,rectangle_java2.jpg,rectangle_java2.jpg,2918519891,272,778.7883823529412,653.4622058823529,730.5,658,91,20,Rectangle,9,class->block->function->block->block_content->decl_stmt->decl->type->name
2,154,rectangle_java2.jpg,rectangle_java2.jpg,2918684023,144,806.5297222222222,725.7858333333334,730.5,731,91,20,Rectangle,9,class->block->function->block->block_content->decl_stmt->decl->type->name
2,154,rectangle_java2.jpg,rectangle_java2.jpg,2918940103,120,786.0903333333333,639.039,738.5,621,61,21,static,6,class->block->function->type->specifier
2,154,rectangle_java2.jpg,rectangle_java2.jpg,2919092131,116,780.9275862068965,593.7941379310345,737.5,585,62,21,double,6,class->block->function->type->name
2,154,rectangle_java2.jpg,rectangle_java2.jpg,2919240191,72,798.6983333333334,665.1722222222222,730.5,658,91,20,Rectangle,9,class->block->function->block->block_content->decl_stmt->decl->type->name
2,154,rectangle_java2.jpg,rectangle_java2.jpg,2919356198,112,798.4832142857143,666.6921428571428,730.5,658,91,20,Rectangle,9,class->block->function->block->block_content->decl_stmt->decl->type->name
2,154,rectangle_java2.jpg,rectangle_java2.jpg,2919456157,96,802.62875,673.7029166666666,730.5,658,91,20,Rectangle,9,class->block->function->block->block_content->decl_stmt->decl->type->name
2,154,rectangle_java2.jpg,rectangle_java2.jpg,2919968126,144,842.7752777777778,569.6833333333333,846.5,549,10,21,(,1,class->block->function->parameter_list
2,154,rectangle_java2.jpg,rectangle_java2.jpg,2920112001,68,998.7435294117647,538.3352941176471,968.5,549,70,21,this.y2,7,class->block->function->block->block_content->return->expr->name->name->operator->name
2,154,rectangle_java2.jpg,rectangle_java2.jpg,2920228035,112,990.0378571428571,531.2489285714286,958.5,512,71,21,this.x2,7,class->block->function->block->block_content->return->expr->name->name->operator->name->operator
2,154,rectangle_java2.jpg,rectangle_java2.jpg,2920292109,60,987.6786666666667,545.838,968.5,549,70,21,this.y2,7,class->block->function->block->block_content->return->expr->name->name->operator->name
2,154,rectangle_java2.jpg,rectangle_java2.jpg,2920452104,84,942.9504761904761,603.3114285714286,910.5,585,62,21,return,6,class->block->function->block->block_content->return
2,154,rectangle_java2.jpg,rectangle_java2.jpg,2920575994,100,941.1628,781.7716,932.5,766,100,21,rect2.area,10,class->block->function->block->block_content->expr_stmt->expr->call->argument_list->argument->expr->call->name->name->operator->name
2,154,rectangle_java2.jpg,rectangle_java2.jpg,2920952013,156,857.3774358974359,772.1305128205129,730.5,766,177,21,System.out.println,18,class->block->function->block->block_content->expr_stmt->expr->call->name->name->operator->name->operator->name
2,154,rectangle_java2.jpg,rectangle_java2.jpg,2921071989,96,782.5666666666666,664.5870833333333,730.5,658,91,20,Rectangle,9,class->block->function->block->block_content->decl_stmt->decl->type->name
2,154,rectangle_java2.jpg,rectangle_java2.jpg,2921231985,156,784.7123076923077,664.1820512820512,730.5,658,91,20,Rectangle,9,class->block->function->block->block_content->decl_stmt->decl->type->name
2,154,rectangle_java2.jpg,rectangle_java2.jpg,2921323998,88,796.4186363636363,668.4481818181819,730.5,658,91,20,Rectangle,9,class->block->function->block->block_content->decl_stmt->decl->type->name
2,154,rectangle_java2.jpg,rectangle_java2.jpg,2921420027,92,790.2047826086956,673.424347826087,730.5,658,91,20,Rectangle,9,class->block->function->block->block_content->decl_stmt->decl->type->name
2,154,rectangle_java2.jpg,rectangle_java2.jpg,2921560098,80,800.9,673.1165,730.5,658,91,20,Rectangle,9,class->block->function->block->block_content->decl_stmt->decl->type->name
2,154,rectangle_java2.jpg,rectangle_java2.jpg,2922079915,84,947.4642857142858,759.8538095238096,932.5,766,100,21,rect2.area,10,class->block->function->block->block_content->expr_stmt->expr->call->argument_list->argument->expr->call->name->name->operator->name
2,154,rectangle_java2.jpg,rectangle_java2.jpg,2922151879,68,966.0029411764706,769.665294117647,932.5,766,100,21,rect2.area,10,class->block->function->block->block_content->expr_stmt->expr->call->argument_list->argument->expr->call->name->name->operator->name
2,154,rectangle_java2.jpg,rectangle_java2.jpg,2922267844,96,817.4654166666667,778.7604166666666,730.5,766,177,21,System.out.println,18,class->block->function->block->block_content->expr_stmt->expr->call->name->name->operator->name->operator->name
2,154,rectangle_java2.jpg,rectangle_java2.jpg,2922347821,76,818.2226315789474,777.7957894736842,730.5,766,177,21,System.out.println,18,class->block->function->block->block_content->expr_stmt->expr->call->name->name->operator->name->operator->name
2,154,rectangle_java2.jpg,rectangle_java2.jpg,2922411836,60,785.7166666666667,775.4259999999999,730.5,766,177,21,System.out.println,18,class->block->function->block->block_content->expr_stmt->expr->call->name->name->operator->name->operator->name
2,154,rectangle_java2.jpg,rectangle_java2.jpg,2922843903,60,738.372,729.8466666666667,730.5,731,91,20,Rectangle,9,class->block->function->block->block_content->decl_stmt->decl->type->name
2,154,rectangle_java2.jpg,rectangle_java2.jpg,2923303814,68,883.9429411764706,540.9376470588236,883.5,549,10,21,{,1,class->block->function->block
2,154,rectangle_java2.jpg,rectangle_java2.jpg,2923539858,84,969.4957142857143,546.6880952380952,968.5,549,70,21,this.y2,7,class->block->function->block->block_content->return->expr->name->name->operator->name
2,154,rectangle_java2.jpg,rectangle_java2.jpg,2923627860,84,975.702380952381,541.9390476190476,968.5,549,70,21,this.y2,7,class->block->function->block->block_content->return->expr->name->name->operator->name
2,154,rectangle_java2.jpg,rectangle_java2.jpg,2923727847,80,737.0365,531.2295,737.5,512,33,21,int,3,class->block->function->type->name
2,154,rectangle_java2.jpg,rectangle_java2.jpg,2923863776,76,731.2010526315789,550.5131578947369,669.5,549,63,21,public,6,class->block->function->type->specifier
2,154,rectangle_java2.jpg,rectangle_java2.jpg,2923863776,76,731.2010526315789,550.5131578947369,737.5,549,33,21,int,3,class->block->function->type->name
2,154,rectangle_java2.jpg,rectangle_java2.jpg,2924091723,144,891.5783333333334,659.4072222222222,883.5,658,15,20,=,1,class->block->function->block->block_content->decl_stmt->decl->init
2,154,rectangle_java2.jpg,rectangle_java2.jpg,2924091723,144,891.5783333333334,659.4072222222222,902.5,658,34,20,new,3,class->block->function->block->block_content->decl_stmt->decl->init->expr->operator
2,154,rectangle_java2.jpg,rectangle_java2.jpg,2924359752,92,1136.0865217391304,675.73,1134.5,658,22,20,10,2,class->block->function->block->block_content->decl_stmt->decl->init->expr->call->argument_list->argument->expr->literal
2,154,rectangle_java2.jpg,rectangle_java2.jpg,2925483700,132,764.3357575757576,412.1209090909091,730.5,404,71,19,this.x2,7,class->block->constructor->block->block_content->expr_stmt->expr->name->name->operator->name
2,154,rectangle_java2.jpg,rectangle_java2.jpg,2925779565,108,744.1918518518519,335.2751851851852,730.5,331,71,19,this.x1,7,class->block->constructor->block->block_content->expr_stmt->expr->name->name->operator->name
2,154,rectangle_java2.jpg,rectangle_java2.jpg,2925983592,60,749.072,265.01666666666665,747.5,259,33,21,int,3,class->block->decl_stmt->decl->type->name
2,154,rectangle_java2.jpg,rectangle_java2.jpg,2926155567,64,789.28,263.791875,785.5,259,23,21,x1,2,class->block->decl_stmt->decl->name
2,154,rectangle_java2.jpg,rectangle_java2.jpg,2936734882,60,763.972,505.6726666666666,737.5,512,33,21,int,3,class->block->function->type->name
2,154,rectangle_java2.jpg,rectangle_java2.jpg,2936734882,60,763.972,505.6726666666666,775.5,512,53,21,width,5,class->block->function->name
2,154,rectangle_java2.jpg,rectangle_java2.jpg,2937002929,100,805.7572,504.40959999999995,775.5,512,53,21,width,5,class->block->function->name
2,154,rectangle_java2.jpg,rectangle_java2.jpg,2937162799,128,853.514375,519.1778125,854.5,512,9,21,),1,class->block->function->parameter_list
2,154,rectangle_java2.jpg,rectangle_java2.jpg,2937370803,128,790.1365625,530.7684375,775.5,512,53,21,width,5,class->block->function->name
2,154,rectangle_java2.jpg,rectangle_java2.jpg,2937430786,56,795.4564285714285,537.8278571428572,775.5,549,62,21,height,6,class->block->function->name
2,154,rectangle_java2.jpg,rectangle_java2.jpg,2937578752,112,846.0653571428571,513.3764285714286,837.5,512,9,21,(,1,class->block->function->parameter_list
2,154,rectangle_java2.jpg,rectangle_java2.jpg,2937578752,112,846.0653571428571,513.3764285714286,854.5,512,9,21,),1,class->block->function->parameter_list
2,154,rectangle_java2.jpg,rectangle_java2.jpg,2938474767,68,816.1347058823529,502.2611764705882,775.5,512,53,21,width,5,class->block->function->name
2,154,rectangle_java2.jpg,rectangle_java2.jpg,2938610695,96,845.8966666666666,516.1354166666666,837.5,512,9,21,(,1,class->block->function->parameter_list
2,154,rectangle_java2.jpg,rectangle_java2.jpg,2938610695,96,845.8966666666666,516.1354166666666,854.5,512,9,21,),1,class->block->function->parameter_list
2,154,rectangle_java2.jpg,rectangle_java2.jpg,2938846495,144,849.0463888888889,521.3944444444445,854.5,512,9,21,),1,class->block->function->parameter_list
2,154,rectangle_java2.jpg,rectangle_java2.jpg,2939026534,120,869.615,528.7983333333333,874.5,512,10,21,{,1,class->block->function->block
2,154,rectangle_java2.jpg,rectangle_java2.jpg,2939166552,68,849.8552941176471,355.1735294117647,856.5,367,10,21,;,1,class->block->constructor->block->block_content->expr_stmt
2,154,rectangle_java2.jpg,rectangle_java2.jpg,2939746637,56,757.2721428571429,232.8257142857143,715.5,222,90,21,Rectangle,9,class->name
2,154,rectangle_java2.jpg,rectangle_java2.jpg,2939834568,84,765.6766666666666,250.25238095238092,747.5,259,33,21,int,3,class->block->decl_stmt->decl->type->name
2,154,rectangle_java2.jpg,rectangle_java2.jpg,2939938477,100,768.4524,231.14160000000004,715.5,222,90,21,Rectangle,9,class->name
2,154,rectangle_java2.jpg,rectangle_java2.jpg,2940042501,100,769.7696,229.2208,715.5,222,90,21,Rectangle,9,class->name
2,154,rectangle_java2.jpg,rectangle_java2.jpg,2942802374,56,984.8942857142857,728.9807142857143,941.5,731,91,20,Rectangle,9,class->block->function->block->block_content->decl_stmt->decl->init->expr->call->name
2,154,rectangle_java2.jpg,rectangle_java2.jpg,2942894405,88,981.9231818181818,754.01,932.5,766,100,21,rect2.area,10,class->block->function->block->block_content->expr_stmt->expr->call->argument_list->argument->expr->call->name->name->operator->name
2,154,rectangle_java2.jpg,rectangle_java2.jpg,2943154380,64,900.13875,568.909375,900.5,549,63,21,return,6,class->block->function->block->block_content->return
2,154,rectangle_java2.jpg,rectangle_java2.jpg,2943274344,72,892.9972222222223,568.7777777777777,883.5,549,10,21,{,1,class->block->function->block
2,154,rectangle_java2.jpg,rectangle_java2.jpg,2943274344,72,892.9972222222223,568.7777777777777,900.5,549,63,21,return,6,class->block->function->block->block_content->return
2,154,rectangle_java2.jpg,rectangle_java2.jpg,2943362316,84,896.3361904761905,567.5452380952381,900.5,549,63,21,return,6,class->block->function->block->block_content->return
