trial,participant,code_file,code_language,timestamp,duration,x_cord,y_cord,aoi_x,aoi_y,aoi_width,aoi_height,token,length,srcML
2,170,rectangle_java2.jpg,rectangle_java2.jpg,623084532,136,661.3120588235294,239.3679411764706,657.5,222,52,21,class,5,class
2,170,rectangle_java2.jpg,rectangle_java2.jpg,623196570,108,628.7655555555556,233.61555555555555,589.5,222,63,21,public,6,class->specifier
2,170,rectangle_java2.jpg,rectangle_java2.jpg,623308530,108,628.9951851851852,234.98148148148152,589.5,222,63,21,public,6,class->specifier
2,170,rectangle_java2.jpg,rectangle_java2.jpg,623576518,228,763.2861403508772,257.71508771929825,747.5,259,33,21,int,3,class->block->decl_stmt->decl->type->name
2,170,rectangle_java2.jpg,rectangle_java2.jpg,623720394,116,714.4351724137931,240.66137931034484,715.5,222,90,21,Rectangle,9,class->name
2,170,rectangle_java2.jpg,rectangle_java2.jpg,623980265,256,682.80671875,241.2503125,657.5,222,52,21,class,5,class
2,170,rectangle_java2.jpg,rectangle_java2.jpg,624060266,64,752.91,248.530625,747.5,259,33,21,int,3,class->block->decl_stmt->decl->type->name
2,170,rectangle_java2.jpg,rectangle_java2.jpg,624340383,276,766.8766666666667,250.19753623188404,747.5,259,33,21,int,3,class->block->decl_stmt->decl->type->name
2,170,rectangle_java2.jpg,rectangle_java2.jpg,624440402,96,766.8645833333334,252.03625,747.5,259,33,21,int,3,class->block->decl_stmt->decl->type->name
2,170,rectangle_java2.jpg,rectangle_java2.jpg,624872365,388,706.8994845360825,288.7807216494845,669.5,295,63,21,public,6,class->block->constructor->specifier
2,170,rectangle_java2.jpg,rectangle_java2.jpg,625236377,120,815.7906666666667,294.4033333333333,737.5,295,91,21,Rectangle,9,class->block->constructor->name
2,170,rectangle_java2.jpg,rectangle_java2.jpg,625668034,240,891.2288333333333,292.2615,890.5,295,24,21,x1,2,class->block->constructor->parameter_list->parameter->decl->type->name
2,170,rectangle_java2.jpg,rectangle_java2.jpg,625788270,64,779.245,723.374375,730.5,731,91,20,Rectangle,9,class->block->function->block->block_content->decl_stmt->decl->type->name
2,170,rectangle_java2.jpg,rectangle_java2.jpg,625884256,92,770.9526086956522,739.1195652173913,730.5,731,91,20,Rectangle,9,class->block->function->block->block_content->decl_stmt->decl->type->name
2,170,rectangle_java2.jpg,rectangle_java2.jpg,625976247,60,761.4573333333333,589.7033333333334,737.5,585,62,21,double,6,class->block->function->type->name
2,170,rectangle_java2.jpg,rectangle_java2.jpg,626072250,92,760.6865217391304,583.8665217391305,737.5,585,62,21,double,6,class->block->function->type->name
2,170,rectangle_java2.jpg,rectangle_java2.jpg,626256267,116,711.0775862068965,550.7720689655173,669.5,549,63,21,public,6,class->block->function->type->specifier
2,170,rectangle_java2.jpg,rectangle_java2.jpg,626464275,104,725.2784615384616,519.0773076923077,669.5,512,63,21,public,6,class->block->function->type->specifier
2,170,rectangle_java2.jpg,rectangle_java2.jpg,626464275,104,725.2784615384616,519.0773076923077,737.5,512,33,21,int,3,class->block->function->type->name
2,170,rectangle_java2.jpg,rectangle_java2.jpg,626608268,68,793.2382352941177,528.4205882352941,775.5,512,53,21,width,5,class->block->function->name
2,170,rectangle_java2.jpg,rectangle_java2.jpg,626676265,64,762.473125,521.725625,737.5,512,33,21,int,3,class->block->function->type->name
2,170,rectangle_java2.jpg,rectangle_java2.jpg,626776254,96,747.5358333333334,517.8095833333333,737.5,512,33,21,int,3,class->block->function->type->name
2,170,rectangle_java2.jpg,rectangle_java2.jpg,626876252,96,756.3179166666666,519.92625,737.5,512,33,21,int,3,class->block->function->type->name
2,170,rectangle_java2.jpg,rectangle_java2.jpg,626956243,76,756.3605263157895,517.5731578947368,737.5,512,33,21,int,3,class->block->function->type->name
2,170,rectangle_java2.jpg,rectangle_java2.jpg,627188177,192,815.45125,521.6785416666667,775.5,512,53,21,width,5,class->block->function->name
2,170,rectangle_java2.jpg,rectangle_java2.jpg,627280187,88,814.6331818181818,528.4854545454546,775.5,512,53,21,width,5,class->block->function->name
2,170,rectangle_java2.jpg,rectangle_java2.jpg,627356169,64,962.220625,528.458125,958.5,512,71,21,this.x2,7,class->block->function->block->block_content->return->expr->name->name->operator->name->operator
2,170,rectangle_java2.jpg,rectangle_java2.jpg,627563934,204,969.5105882352941,529.2176470588236,958.5,512,71,21,this.x2,7,class->block->function->block->block_content->return->expr->name->name->operator->name->operator
2,170,rectangle_java2.jpg,rectangle_java2.jpg,627748028,100,850.7868,766.0452,730.5,766,177,21,System.out.println,18,class->block->function->block->block_content->expr_stmt->expr->call->name->name->operator->name->operator->name
2,170,rectangle_java2.jpg,rectangle_java2.jpg,627816091,64,832.49125,761.1275,730.5,766,177,21,System.out.println,18,class->block->function->block->block_content->expr_stmt->expr->call->name->name->operator->name->operator->name
2,170,rectangle_java2.jpg,rectangle_java2.jpg,627916152,96,776.605,762.1229166666667,730.5,766,177,21,System.out.println,18,class->block->function->block->block_content->expr_stmt->expr->call->name->name->operator->name->operator->name
2,170,rectangle_java2.jpg,rectangle_java2.jpg,628060174,140,760.6277142857143,757.1497142857143,730.5,766,177,21,System.out.println,18,class->block->function->block->block_content->expr_stmt->expr->call->name->name->operator->name->operator->name
2,170,rectangle_java2.jpg,rectangle_java2.jpg,628292077,136,933.5411764705882,762.4526470588236,932.5,766,100,21,rect2.area,10,class->block->function->block->block_content->expr_stmt->expr->call->argument_list->argument->expr->call->name->name->operator->name
2,170,rectangle_java2.jpg,rectangle_java2.jpg,628464068,112,871.4353571428571,760.0732142857142,730.5,766,177,21,System.out.println,18,class->block->function->block->block_content->expr_stmt->expr->call->name->name->operator->name->operator->name
2,170,rectangle_java2.jpg,rectangle_java2.jpg,628624085,104,863.96,756.8976923076923,730.5,766,177,21,System.out.println,18,class->block->function->block->block_content->expr_stmt->expr->call->name->name->operator->name->operator->name
2,170,rectangle_java2.jpg,rectangle_java2.jpg,628824062,64,872.45375,758.1375,730.5,766,177,21,System.out.println,18,class->block->function->block->block_content->expr_stmt->expr->call->name->name->operator->name->operator->name
2,170,rectangle_java2.jpg,rectangle_java2.jpg,628904098,76,910.1363157894737,758.6731578947368,916.5,766,9,21,(,1,class->block->function->block->block_content->expr_stmt->expr->call->argument_list
2,170,rectangle_java2.jpg,rectangle_java2.jpg,629012137,104,927.5073076923077,762.6242307692307,932.5,766,100,21,rect2.area,10,class->block->function->block->block_content->expr_stmt->expr->call->argument_list->argument->expr->call->name->name->operator->name
2,170,rectangle_java2.jpg,rectangle_java2.jpg,629084141,68,928.1458823529412,773.0235294117647,932.5,766,100,21,rect2.area,10,class->block->function->block->block_content->expr_stmt->expr->call->argument_list->argument->expr->call->name->name->operator->name
2,170,rectangle_java2.jpg,rectangle_java2.jpg,629464086,344,847.5709302325581,762.2568604651162,730.5,766,177,21,System.out.println,18,class->block->function->block->block_content->expr_stmt->expr->call->name->name->operator->name->operator->name
2,170,rectangle_java2.jpg,rectangle_java2.jpg,629579996,112,842.4946428571428,761.0646428571429,730.5,766,177,21,System.out.println,18,class->block->function->block->block_content->expr_stmt->expr->call->name->name->operator->name->operator->name
2,170,rectangle_java2.jpg,rectangle_java2.jpg,629655986,72,816.6327777777777,756.3355555555555,730.5,766,177,21,System.out.println,18,class->block->function->block->block_content->expr_stmt->expr->call->name->name->operator->name->operator->name
2,170,rectangle_java2.jpg,rectangle_java2.jpg,629755981,96,813.70625,759.07375,730.5,766,177,21,System.out.println,18,class->block->function->block->block_content->expr_stmt->expr->call->name->name->operator->name->operator->name
2,170,rectangle_java2.jpg,rectangle_java2.jpg,629915965,156,811.2435897435897,754.8558974358974,730.5,766,177,21,System.out.println,18,class->block->function->block->block_content->expr_stmt->expr->call->name->name->operator->name->operator->name
2,170,rectangle_java2.jpg,rectangle_java2.jpg,629979958,60,819.124,761.504,730.5,766,177,21,System.out.println,18,class->block->function->block->block_content->expr_stmt->expr->call->name->name->operator->name->operator->name
2,170,rectangle_java2.jpg,rectangle_java2.jpg,630091931,108,801.9514814814814,748.132962962963,730.5,731,91,20,Rectangle,9,class->block->function->block->block_content->decl_stmt->decl->type->name
2,170,rectangle_java2.jpg,rectangle_java2.jpg,630219920,124,818.3251612903226,754.4706451612903,730.5,766,177,21,System.out.println,18,class->block->function->block->block_content->expr_stmt->expr->call->name->name->operator->name->operator->name
2,170,rectangle_java2.jpg,rectangle_java2.jpg,630387977,76,990.1078947368421,758.4484210526316,932.5,766,100,21,rect2.area,10,class->block->function->block->block_content->expr_stmt->expr->call->argument_list->argument->expr->call->name->name->operator->name
2,170,rectangle_java2.jpg,rectangle_java2.jpg,630523994,132,994.83,763.670303030303,932.5,766,100,21,rect2.area,10,class->block->function->block->block_content->expr_stmt->expr->call->argument_list->argument->expr->call->name->name->operator->name
2,170,rectangle_java2.jpg,rectangle_java2.jpg,630608002,80,991.9195,768.0445,932.5,766,100,21,rect2.area,10,class->block->function->block->block_content->expr_stmt->expr->call->argument_list->argument->expr->call->name->name->operator->name
2,170,rectangle_java2.jpg,rectangle_java2.jpg,630683996,72,997.0,759.1588888888889,932.5,766,100,21,rect2.area,10,class->block->function->block->block_content->expr_stmt->expr->call->argument_list->argument->expr->call->name->name->operator->name
2,170,rectangle_java2.jpg,rectangle_java2.jpg,630899996,176,938.2409090909091,759.2222727272728,932.5,766,100,21,rect2.area,10,class->block->function->block->block_content->expr_stmt->expr->call->argument_list->argument->expr->call->name->name->operator->name
2,170,rectangle_java2.jpg,rectangle_java2.jpg,631527873,148,856.4894594594595,527.6054054054055,854.5,512,9,21,),1,class->block->function->parameter_list
2,170,rectangle_java2.jpg,rectangle_java2.jpg,631687880,104,829.5284615384616,524.468076923077,837.5,512,9,21,(,1,class->block->function->parameter_list
2,170,rectangle_java2.jpg,rectangle_java2.jpg,632043860,340,724.8985882352941,520.7451764705883,669.5,512,63,21,public,6,class->block->function->type->specifier
2,170,rectangle_java2.jpg,rectangle_java2.jpg,632223886,136,898.4691176470589,540.8255882352942,900.5,549,63,21,return,6,class->block->function->block->block_content->return
2,170,rectangle_java2.jpg,rectangle_java2.jpg,632379867,124,837.6222580645161,523.1848387096774,837.5,512,9,21,(,1,class->block->function->parameter_list
2,170,rectangle_java2.jpg,rectangle_java2.jpg,632532089,148,803.3648648648649,523.311891891892,775.5,512,53,21,width,5,class->block->function->name
2,170,rectangle_java2.jpg,rectangle_java2.jpg,633773586,156,785.1071794871795,349.1974358974359,730.5,331,71,19,this.x1,7,class->block->constructor->block->block_content->expr_stmt->expr->name->name->operator->name
2,170,rectangle_java2.jpg,rectangle_java2.jpg,633942297,152,763.7171052631579,354.5986842105263,730.5,367,71,21,this.y1,7,class->block->constructor->block->block_content->expr_stmt->expr->name->name->operator->name
2,170,rectangle_java2.jpg,rectangle_java2.jpg,634064058,116,767.8248275862069,357.0610344827586,730.5,367,71,21,this.y1,7,class->block->constructor->block->block_content->expr_stmt->expr->name->name->operator->name
2,170,rectangle_java2.jpg,rectangle_java2.jpg,634276874,184,811.1789130434782,358.0597826086956,806.5,367,15,21,=,1,class->block->constructor->block->block_content->expr_stmt->expr->operator
2,170,rectangle_java2.jpg,rectangle_java2.jpg,634492819,212,790.3852830188679,349.08792452830187,730.5,331,71,19,this.x1,7,class->block->constructor->block->block_content->expr_stmt->expr->name->name->operator->name
2,170,rectangle_java2.jpg,rectangle_java2.jpg,634640848,144,788.4577777777778,358.9794444444444,730.5,367,71,21,this.y1,7,class->block->constructor->block->block_content->expr_stmt->expr->name->name->operator->name
2,170,rectangle_java2.jpg,rectangle_java2.jpg,634916850,272,766.7217647058824,357.0977941176471,730.5,367,71,21,this.y1,7,class->block->constructor->block->block_content->expr_stmt->expr->name->name->operator->name
2,170,rectangle_java2.jpg,rectangle_java2.jpg,635140851,196,728.3697959183673,315.93795918367346,669.5,295,63,21,public,6,class->block->constructor->specifier
2,170,rectangle_java2.jpg,rectangle_java2.jpg,635140851,196,728.3697959183673,315.93795918367346,737.5,295,91,21,Rectangle,9,class->block->constructor->name
2,170,rectangle_java2.jpg,rectangle_java2.jpg,635284729,140,726.6302857142857,311.26628571428574,669.5,295,63,21,public,6,class->block->constructor->specifier
2,170,rectangle_java2.jpg,rectangle_java2.jpg,635284729,140,726.6302857142857,311.26628571428574,737.5,295,91,21,Rectangle,9,class->block->constructor->name
2,170,rectangle_java2.jpg,rectangle_java2.jpg,635532703,144,692.8472222222222,272.4161111111111,669.5,259,72,21,private,7,class->block->decl_stmt->decl->type->specifier
2,170,rectangle_java2.jpg,rectangle_java2.jpg,635704682,148,641.9381081081082,239.27567567567564,589.5,222,63,21,public,6,class->specifier
2,170,rectangle_java2.jpg,rectangle_java2.jpg,635948731,128,736.293125,255.6928125,669.5,259,72,21,private,7,class->block->decl_stmt->decl->type->specifier
2,170,rectangle_java2.jpg,rectangle_java2.jpg,635948731,128,736.293125,255.6928125,747.5,259,33,21,int,3,class->block->decl_stmt->decl->type->name
2,170,rectangle_java2.jpg,rectangle_java2.jpg,636128702,132,676.5221212121212,249.37757575757576,669.5,259,72,21,private,7,class->block->decl_stmt->decl->type->specifier
2,170,rectangle_java2.jpg,rectangle_java2.jpg,636236720,104,673.3173076923077,239.5853846153846,657.5,222,52,21,class,5,class
