trial,participant,code_file,code_language,timestamp,duration,x_cord,y_cord,aoi_x,aoi_y,aoi_width,aoi_height,token,length,srcML
2,177,rectangle_java2.jpg,rectangle_java2.jpg,1155637059,64,787.163125,314.018125,737.5,295,91,21,Rectangle,9,class->block->constructor->name
2,177,rectangle_java2.jpg,rectangle_java2.jpg,1155801258,160,785.56225,307.95775,737.5,295,91,21,Rectangle,9,class->block->constructor->name
2,177,rectangle_java2.jpg,rectangle_java2.jpg,1155925150,80,694.5745000000001,288.301,669.5,295,63,21,public,6,class->block->constructor->specifier
2,177,rectangle_java2.jpg,rectangle_java2.jpg,1156152996,72,690.3605555555556,302.73055555555555,669.5,295,63,21,public,6,class->block->constructor->specifier
2,177,rectangle_java2.jpg,rectangle_java2.jpg,1156289014,92,772.2682608695652,283.51260869565215,737.5,295,91,21,Rectangle,9,class->block->constructor->name
2,177,rectangle_java2.jpg,rectangle_java2.jpg,1156385018,92,775.6952173913044,295.8008695652174,737.5,295,91,21,Rectangle,9,class->block->constructor->name
2,177,rectangle_java2.jpg,rectangle_java2.jpg,1156504995,116,773.6272413793104,303.4606896551724,737.5,295,91,21,Rectangle,9,class->block->constructor->name
2,177,rectangle_java2.jpg,rectangle_java2.jpg,1156572984,64,762.315625,296.466875,737.5,295,91,21,Rectangle,9,class->block->constructor->name
2,177,rectangle_java2.jpg,rectangle_java2.jpg,1156800972,164,715.6431707317073,289.8380487804878,669.5,295,63,21,public,6,class->block->constructor->specifier
2,177,rectangle_java2.jpg,rectangle_java2.jpg,1157008968,164,761.3409756097561,274.719756097561,747.5,259,33,21,int,3,class->block->decl_stmt->decl->type->name
2,177,rectangle_java2.jpg,rectangle_java2.jpg,1157284738,208,845.0148076923077,292.2017307692308,837.5,295,9,21,(,1,class->block->constructor->parameter_list
2,177,rectangle_java2.jpg,rectangle_java2.jpg,1157284738,208,845.0148076923077,292.2017307692308,853.5,295,32,21,int,3,class->block->constructor->parameter_list->parameter->decl->type->name
2,177,rectangle_java2.jpg,rectangle_java2.jpg,1157492866,96,872.5604166666667,275.51916666666665,863.5,259,10,21,",",1,class->block->decl_stmt
2,177,rectangle_java2.jpg,rectangle_java2.jpg,1157492866,96,872.5604166666667,275.51916666666665,881.5,259,23,21,x2,2,class->block->decl_stmt->decl->name
2,177,rectangle_java2.jpg,rectangle_java2.jpg,1157724858,76,935.96,288.28526315789475,939.5,295,33,21,int,3,class->block->constructor->parameter_list->parameter->decl->type->name
2,177,rectangle_java2.jpg,rectangle_java2.jpg,1157880852,120,709.683,312.20033333333333,669.5,295,63,21,public,6,class->block->constructor->specifier
2,177,rectangle_java2.jpg,rectangle_java2.jpg,1158236801,176,779.0065909090908,310.16568181818184,737.5,295,91,21,Rectangle,9,class->block->constructor->name
2,177,rectangle_java2.jpg,rectangle_java2.jpg,1158360618,120,774.0466666666666,300.3976666666667,737.5,295,91,21,Rectangle,9,class->block->constructor->name
2,177,rectangle_java2.jpg,rectangle_java2.jpg,1158452555,88,755.3386363636364,298.9768181818182,737.5,295,91,21,Rectangle,9,class->block->constructor->name
2,177,rectangle_java2.jpg,rectangle_java2.jpg,1158548682,64,721.88375,314.255,669.5,295,63,21,public,6,class->block->constructor->specifier
2,177,rectangle_java2.jpg,rectangle_java2.jpg,1158612769,60,714.3946666666667,302.8306666666667,669.5,295,63,21,public,6,class->block->constructor->specifier
2,177,rectangle_java2.jpg,rectangle_java2.jpg,1158769180,72,866.905,315.9266666666667,853.5,295,32,21,int,3,class->block->constructor->parameter_list->parameter->decl->type->name
2,177,rectangle_java2.jpg,rectangle_java2.jpg,1158897160,124,862.741935483871,306.1438709677419,853.5,295,32,21,int,3,class->block->constructor->parameter_list->parameter->decl->type->name
2,177,rectangle_java2.jpg,rectangle_java2.jpg,1158964984,64,868.449375,307.025,853.5,295,32,21,int,3,class->block->constructor->parameter_list->parameter->decl->type->name
2,177,rectangle_java2.jpg,rectangle_java2.jpg,1159276710,196,886.5138775510204,311.6212244897959,890.5,295,24,21,x1,2,class->block->constructor->parameter_list->parameter->decl->type->name
2,177,rectangle_java2.jpg,rectangle_java2.jpg,1159396736,116,883.3496551724138,313.79137931034484,853.5,295,32,21,int,3,class->block->constructor->parameter_list->parameter->decl->type->name
2,177,rectangle_java2.jpg,rectangle_java2.jpg,1159396736,116,883.3496551724138,313.79137931034484,890.5,295,24,21,x1,2,class->block->constructor->parameter_list->parameter->decl->type->name
2,177,rectangle_java2.jpg,rectangle_java2.jpg,1159568743,168,884.5214285714286,314.4607142857143,853.5,295,32,21,int,3,class->block->constructor->parameter_list->parameter->decl->type->name
2,177,rectangle_java2.jpg,rectangle_java2.jpg,1159568743,168,884.5214285714286,314.4607142857143,890.5,295,24,21,x1,2,class->block->constructor->parameter_list->parameter->decl->type->name
2,177,rectangle_java2.jpg,rectangle_java2.jpg,1159660736,80,1013.903,310.2725,1007.5,295,10,21,",",1,class->block->constructor->parameter_list
2,177,rectangle_java2.jpg,rectangle_java2.jpg,1159660736,80,1013.903,310.2725,1025.5,295,33,21,int,3,class->block->constructor->parameter_list->parameter->decl->type->name
2,177,rectangle_java2.jpg,rectangle_java2.jpg,1159856709,192,1010.1366666666667,314.62916666666666,1007.5,295,10,21,",",1,class->block->constructor->parameter_list
2,177,rectangle_java2.jpg,rectangle_java2.jpg,1160260366,88,834.8390909090909,360.4727272727273,826.5,367,23,21,y1,2,class->block->constructor->block->block_content->expr_stmt->expr->name->name
2,177,rectangle_java2.jpg,rectangle_java2.jpg,1161020643,104,759.6938461538462,514.5761538461538,737.5,512,33,21,int,3,class->block->function->type->name
2,177,rectangle_java2.jpg,rectangle_java2.jpg,1161112603,88,760.175909090909,513.6831818181818,737.5,512,33,21,int,3,class->block->function->type->name
2,177,rectangle_java2.jpg,rectangle_java2.jpg,1161192582,76,756.83,508.6957894736843,737.5,512,33,21,int,3,class->block->function->type->name
2,177,rectangle_java2.jpg,rectangle_java2.jpg,1161548597,316,792.5810126582278,512.9477215189874,775.5,512,53,21,width,5,class->block->function->name
2,177,rectangle_java2.jpg,rectangle_java2.jpg,1161720501,168,801.379761904762,522.6611904761904,775.5,512,53,21,width,5,class->block->function->name
2,177,rectangle_java2.jpg,rectangle_java2.jpg,1161884330,132,793.2984848484848,563.4724242424243,775.5,549,62,21,height,6,class->block->function->name
2,177,rectangle_java2.jpg,rectangle_java2.jpg,1161956423,68,795.6505882352941,574.8994117647059,737.5,585,62,21,double,6,class->block->function->type->name
2,177,rectangle_java2.jpg,rectangle_java2.jpg,1161956423,68,795.6505882352941,574.8994117647059,804.5,585,43,21,area,4,class->block->function->name
2,177,rectangle_java2.jpg,rectangle_java2.jpg,1162056553,96,798.0804166666667,565.3575,775.5,549,62,21,height,6,class->block->function->name
2,177,rectangle_java2.jpg,rectangle_java2.jpg,1162164505,104,810.6523076923077,565.1084615384616,775.5,549,62,21,height,6,class->block->function->name
2,177,rectangle_java2.jpg,rectangle_java2.jpg,1162284450,116,811.5210344827586,577.5996551724138,804.5,585,43,21,area,4,class->block->function->name
2,177,rectangle_java2.jpg,rectangle_java2.jpg,1162380440,68,808.8523529411765,617.3511764705883,804.5,621,44,21,void,4,class->block->function->type->name
2,177,rectangle_java2.jpg,rectangle_java2.jpg,1162580428,56,810.47,614.2064285714285,804.5,621,44,21,void,4,class->block->function->type->name
2,177,rectangle_java2.jpg,rectangle_java2.jpg,1162740416,72,752.5105555555556,603.8044444444445,737.5,585,62,21,double,6,class->block->function->type->name
2,177,rectangle_java2.jpg,rectangle_java2.jpg,1162900377,72,757.1677777777778,622.3344444444444,738.5,621,61,21,static,6,class->block->function->type->specifier
2,177,rectangle_java2.jpg,rectangle_java2.jpg,1163064391,160,756.03125,602.75,737.5,585,62,21,double,6,class->block->function->type->name
2,177,rectangle_java2.jpg,rectangle_java2.jpg,1163164411,56,806.31,624.83,804.5,621,44,21,void,4,class->block->function->type->name
2,177,rectangle_java2.jpg,rectangle_java2.jpg,1163228425,60,805.9386666666667,604.804,804.5,585,43,21,area,4,class->block->function->name
2,177,rectangle_java2.jpg,rectangle_java2.jpg,1163308402,76,815.8005263157895,609.868947368421,804.5,621,44,21,void,4,class->block->function->type->name
2,177,rectangle_java2.jpg,rectangle_java2.jpg,1163468321,120,945.3123333333333,622.9633333333334,920.5,621,62,21,String,6,class->block->function->parameter_list->parameter->decl->type->name->name
2,177,rectangle_java2.jpg,rectangle_java2.jpg,1163544315,72,950.3961111111112,616.0438888888889,920.5,621,62,21,String,6,class->block->function->parameter_list->parameter->decl->type->name->name
2,177,rectangle_java2.jpg,rectangle_java2.jpg,1163648314,100,950.3968,595.374,910.5,585,62,21,return,6,class->block->function->block->block_content->return
2,177,rectangle_java2.jpg,rectangle_java2.jpg,1163776323,92,1037.4882608695652,629.6091304347826,1025.5,621,42,21,args,4,class->block->function->parameter_list->parameter->decl->name
2,177,rectangle_java2.jpg,rectangle_java2.jpg,1163848325,68,1041.8752941176472,636.0094117647059,1025.5,621,42,21,args,4,class->block->function->parameter_list->parameter->decl->name
2,177,rectangle_java2.jpg,rectangle_java2.jpg,1163916323,64,1028.565,628.24,1025.5,621,42,21,args,4,class->block->function->parameter_list->parameter->decl->name
2,177,rectangle_java2.jpg,rectangle_java2.jpg,1164000339,80,1040.435,602.817,977.5,585,101,21,this.width,10,class->block->function->block->block_content->return->expr->call->name->name->operator->name
2,177,rectangle_java2.jpg,rectangle_java2.jpg,1164136351,96,799.7604166666666,660.8075,730.5,658,91,20,Rectangle,9,class->block->function->block->block_content->decl_stmt->decl->type->name
2,177,rectangle_java2.jpg,rectangle_java2.jpg,1164332347,72,752.6422222222222,658.5388888888889,730.5,658,91,20,Rectangle,9,class->block->function->block->block_content->decl_stmt->decl->type->name
2,177,rectangle_java2.jpg,rectangle_java2.jpg,1164484652,92,745.5526086956522,651.0426086956521,730.5,658,91,20,Rectangle,9,class->block->function->block->block_content->decl_stmt->decl->type->name
2,177,rectangle_java2.jpg,rectangle_java2.jpg,1164672545,116,821.5548275862069,639.05,804.5,621,44,21,void,4,class->block->function->type->name
2,177,rectangle_java2.jpg,rectangle_java2.jpg,1164788374,80,829.4385,673.7685,826.5,658,52,20,rect1,5,class->block->function->block->block_content->decl_stmt->decl->name
2,177,rectangle_java2.jpg,rectangle_java2.jpg,1164964102,60,864.02,649.3506666666667,826.5,658,52,20,rect1,5,class->block->function->block->block_content->decl_stmt->decl->name
2,177,rectangle_java2.jpg,rectangle_java2.jpg,1165200123,108,953.6281481481482,682.6674074074074,932.5,694,100,21,rect1.area,10,class->block->function->block->block_content->expr_stmt->expr->call->argument_list->argument->expr->call->name->name->operator->name
2,177,rectangle_java2.jpg,rectangle_java2.jpg,1165372123,96,1035.70125,673.3345833333333,1041.5,658,9,20,(,1,class->block->function->block->block_content->decl_stmt->decl->init->expr->call->argument_list
2,177,rectangle_java2.jpg,rectangle_java2.jpg,1165560183,104,1038.9957692307692,670.0226923076923,1041.5,658,9,20,(,1,class->block->function->block->block_content->decl_stmt->decl->init->expr->call->argument_list
2,177,rectangle_java2.jpg,rectangle_java2.jpg,1165624202,60,1041.6373333333333,684.472,1041.5,694,9,21,(,1,class->block->function->block->block_content->expr_stmt->expr->call->argument_list->argument->expr->call->argument_list
2,177,rectangle_java2.jpg,rectangle_java2.jpg,1165820186,140,950.5517142857143,670.4871428571429,941.5,658,91,20,Rectangle,9,class->block->function->block->block_content->decl_stmt->decl->init->expr->call->name
2,177,rectangle_java2.jpg,rectangle_java2.jpg,1165996153,128,925.4078125,539.8134375,900.5,549,63,21,return,6,class->block->function->block->block_content->return
2,177,rectangle_java2.jpg,rectangle_java2.jpg,1166516023,152,1004.8636842105263,543.5910526315789,968.5,549,70,21,this.y2,7,class->block->function->block->block_content->return->expr->name->name->operator->name
2,177,rectangle_java2.jpg,rectangle_java2.jpg,1166587952,68,995.2835294117647,549.135294117647,968.5,549,70,21,this.y2,7,class->block->function->block->block_content->return->expr->name->name->operator->name
2,177,rectangle_java2.jpg,rectangle_java2.jpg,1166896011,216,790.1751851851852,526.8592592592593,775.5,512,53,21,width,5,class->block->function->name
2,177,rectangle_java2.jpg,rectangle_java2.jpg,1167044138,112,750.6985714285714,515.4042857142857,737.5,512,33,21,int,3,class->block->function->type->name
2,177,rectangle_java2.jpg,rectangle_java2.jpg,1167196414,112,794.2207142857143,523.7782142857143,775.5,512,53,21,width,5,class->block->function->name
2,177,rectangle_java2.jpg,rectangle_java2.jpg,1167336437,128,977.86875,519.314375,958.5,512,71,21,this.x2,7,class->block->function->block->block_content->return->expr->name->name->operator->name->operator
2,177,rectangle_java2.jpg,rectangle_java2.jpg,1167448299,108,987.7085185185185,519.1111111111111,958.5,512,71,21,this.x2,7,class->block->function->block->block_content->return->expr->name->name->operator->name->operator
2,177,rectangle_java2.jpg,rectangle_java2.jpg,1167688098,128,1025.9421875,523.9578125,958.5,512,71,21,this.x2,7,class->block->function->block->block_content->return->expr->name->name->operator->name->operator
2,177,rectangle_java2.jpg,rectangle_java2.jpg,1167688098,128,1025.9421875,523.9578125,1035.5,512,13,21,-,1,class->block->function->block->block_content->return->expr->name->name
2,177,rectangle_java2.jpg,rectangle_java2.jpg,1167944072,100,975.5224,537.0632,968.5,549,70,21,this.y2,7,class->block->function->block->block_content->return->expr->name->name->operator->name
2,177,rectangle_java2.jpg,rectangle_java2.jpg,1168044087,96,976.1108333333333,538.5479166666667,968.5,549,70,21,this.y2,7,class->block->function->block->block_content->return->expr->name->name->operator->name
2,177,rectangle_java2.jpg,rectangle_java2.jpg,1168156108,68,1091.1788235294118,527.7876470588235,1054.5,512,71,21,this.x1,7,class->block->function->block->block_content->return->expr->name->name->operator->name
2,177,rectangle_java2.jpg,rectangle_java2.jpg,1168328006,168,1091.5419047619048,529.2814285714286,1054.5,512,71,21,this.x1,7,class->block->function->block->block_content->return->expr->name->name->operator->name
2,177,rectangle_java2.jpg,rectangle_java2.jpg,1168423925,92,1096.4913043478261,536.78,1064.5,549,71,21,this.y1,7,class->block->function->block->block_content->return->expr->name->name->operator->name
2,177,rectangle_java2.jpg,rectangle_java2.jpg,1168607896,92,1114.0447826086956,543.2573913043478,1064.5,549,71,21,this.y1,7,class->block->function->block->block_content->return->expr->name->name->operator->name
2,177,rectangle_java2.jpg,rectangle_java2.jpg,1168695906,68,792.1535294117647,561.8323529411765,775.5,549,62,21,height,6,class->block->function->name
2,177,rectangle_java2.jpg,rectangle_java2.jpg,1168795914,96,788.9783333333334,555.3666666666667,775.5,549,62,21,height,6,class->block->function->name
2,177,rectangle_java2.jpg,rectangle_java2.jpg,1168875914,76,785.6342105263158,572.8473684210526,737.5,585,62,21,double,6,class->block->function->type->name
2,177,rectangle_java2.jpg,rectangle_java2.jpg,1168967899,88,790.1981818181819,545.8590909090909,775.5,549,62,21,height,6,class->block->function->name
2,177,rectangle_java2.jpg,rectangle_java2.jpg,1169035889,64,775.48125,543.198125,775.5,549,62,21,height,6,class->block->function->name
2,177,rectangle_java2.jpg,rectangle_java2.jpg,1169183921,124,1030.8438709677419,547.2283870967742,968.5,549,70,21,this.y2,7,class->block->function->block->block_content->return->expr->name->name->operator->name
2,177,rectangle_java2.jpg,rectangle_java2.jpg,1169383912,108,1100.0074074074075,561.8277777777778,1064.5,549,71,21,this.y1,7,class->block->function->block->block_content->return->expr->name->name->operator->name
2,177,rectangle_java2.jpg,rectangle_java2.jpg,1170047749,204,847.9580392156863,395.57666666666665,826.5,404,23,19,x2,2,class->block->constructor->block->block_content->expr_stmt->expr->name->name
2,177,rectangle_java2.jpg,rectangle_java2.jpg,1170047749,204,847.9580392156863,395.57666666666665,856.5,404,10,19,;,1,class->block->constructor->block->block_content->expr_stmt
2,177,rectangle_java2.jpg,rectangle_java2.jpg,1170231795,120,788.7433333333333,378.0276666666667,730.5,367,71,21,this.y1,7,class->block->constructor->block->block_content->expr_stmt->expr->name->name->operator->name
2,177,rectangle_java2.jpg,rectangle_java2.jpg,1170307802,56,1044.7178571428572,311.57428571428574,1025.5,295,33,21,int,3,class->block->constructor->parameter_list->parameter->decl->type->name
2,177,rectangle_java2.jpg,rectangle_java2.jpg,1170635803,76,992.5873684210526,545.5047368421052,968.5,549,70,21,this.y2,7,class->block->function->block->block_content->return->expr->name->name->operator->name
2,177,rectangle_java2.jpg,rectangle_java2.jpg,1170703806,64,990.27625,552.129375,968.5,549,70,21,this.y2,7,class->block->function->block->block_content->return->expr->name->name->operator->name
2,177,rectangle_java2.jpg,rectangle_java2.jpg,1171007814,68,957.4729411764706,686.7288235294118,932.5,694,100,21,rect1.area,10,class->block->function->block->block_content->expr_stmt->expr->call->argument_list->argument->expr->call->name->name->operator->name
2,177,rectangle_java2.jpg,rectangle_java2.jpg,1171431683,64,675.045625,638.82125,669.5,621,63,21,public,6,class->block->function->type->specifier
2,177,rectangle_java2.jpg,rectangle_java2.jpg,1171719720,76,761.6547368421053,656.4410526315789,730.5,658,91,20,Rectangle,9,class->block->function->block->block_content->decl_stmt->decl->type->name
2,177,rectangle_java2.jpg,rectangle_java2.jpg,1171923870,80,840.706,672.872,826.5,658,52,20,rect1,5,class->block->function->block->block_content->decl_stmt->decl->name
2,177,rectangle_java2.jpg,rectangle_java2.jpg,1172123726,196,857.371224489796,660.7063265306123,826.5,658,52,20,rect1,5,class->block->function->block->block_content->decl_stmt->decl->name
2,177,rectangle_java2.jpg,rectangle_java2.jpg,1172319705,56,1007.895,659.3892857142857,941.5,658,91,20,Rectangle,9,class->block->function->block->block_content->decl_stmt->decl->init->expr->call->name
2,177,rectangle_java2.jpg,rectangle_java2.jpg,1172491762,132,1061.0124242424242,693.3578787878788,1057.5,694,10,21,),1,class->block->function->block->block_content->expr_stmt->expr->call->argument_list->argument->expr->call->argument_list
2,177,rectangle_java2.jpg,rectangle_java2.jpg,1172639714,72,750.9116666666666,695.735,730.5,694,177,21,System.out.println,18,class->block->function->block->block_content->expr_stmt->expr->call->name->name->operator->name->operator->name
2,177,rectangle_java2.jpg,rectangle_java2.jpg,1172719630,76,749.4063157894736,686.1221052631579,730.5,694,177,21,System.out.println,18,class->block->function->block->block_content->expr_stmt->expr->call->name->name->operator->name->operator->name
2,177,rectangle_java2.jpg,rectangle_java2.jpg,1172855361,132,748.7084848484849,703.129696969697,730.5,694,177,21,System.out.println,18,class->block->function->block->block_content->expr_stmt->expr->call->name->name->operator->name->operator->name
2,177,rectangle_java2.jpg,rectangle_java2.jpg,1173143490,84,830.81,733.98,826.5,731,51,20,rect2,5,class->block->function->block->block_content->decl_stmt->decl->name
2,177,rectangle_java2.jpg,rectangle_java2.jpg,1173359511,212,839.2216981132076,723.5907547169811,826.5,731,51,20,rect2,5,class->block->function->block->block_content->decl_stmt->decl->name
2,177,rectangle_java2.jpg,rectangle_java2.jpg,1173623441,96,922.9883333333333,723.1104166666667,902.5,731,34,20,new,3,class->block->function->block->block_content->decl_stmt->decl->init->expr->operator
2,177,rectangle_java2.jpg,rectangle_java2.jpg,1173835487,152,956.2268421052631,702.3926315789473,932.5,694,100,21,rect1.area,10,class->block->function->block->block_content->expr_stmt->expr->call->argument_list->argument->expr->call->name->name->operator->name
2,177,rectangle_java2.jpg,rectangle_java2.jpg,1173947519,108,960.2577777777777,722.2544444444444,941.5,731,91,20,Rectangle,9,class->block->function->block->block_content->decl_stmt->decl->init->expr->call->name
2,177,rectangle_java2.jpg,rectangle_java2.jpg,1174207600,64,1123.796875,723.20875,1115.5,731,10,20,",",1,class->block->function->block->block_content->decl_stmt->decl->init->expr->call->argument_list
2,177,rectangle_java2.jpg,rectangle_java2.jpg,1174207600,64,1123.796875,723.20875,1134.5,731,22,20,10,2,class->block->function->block->block_content->decl_stmt->decl->init->expr->call->argument_list->argument->expr->literal
2,177,rectangle_java2.jpg,rectangle_java2.jpg,1174287589,76,1115.4747368421054,731.4752631578947,1115.5,731,10,20,",",1,class->block->function->block->block_content->decl_stmt->decl->init->expr->call->argument_list
2,177,rectangle_java2.jpg,rectangle_java2.jpg,1174691389,56,830.78,740.0692857142857,826.5,731,51,20,rect2,5,class->block->function->block->block_content->decl_stmt->decl->name
2,177,rectangle_java2.jpg,rectangle_java2.jpg,1174767387,56,814.4235714285714,728.9135714285715,730.5,731,91,20,Rectangle,9,class->block->function->block->block_content->decl_stmt->decl->type->name
2,177,rectangle_java2.jpg,rectangle_java2.jpg,1174767387,56,814.4235714285714,728.9135714285715,826.5,731,51,20,rect2,5,class->block->function->block->block_content->decl_stmt->decl->name
2,177,rectangle_java2.jpg,rectangle_java2.jpg,1174907410,60,758.476,730.054,730.5,731,91,20,Rectangle,9,class->block->function->block->block_content->decl_stmt->decl->type->name
2,177,rectangle_java2.jpg,rectangle_java2.jpg,1175119367,88,744.1054545454546,766.205,730.5,766,177,21,System.out.println,18,class->block->function->block->block_content->expr_stmt->expr->call->name->name->operator->name->operator->name
2,177,rectangle_java2.jpg,rectangle_java2.jpg,1175223358,100,744.3588,738.1252,730.5,731,91,20,Rectangle,9,class->block->function->block->block_content->decl_stmt->decl->type->name
2,177,rectangle_java2.jpg,rectangle_java2.jpg,1175451359,144,833.5088888888889,771.8002777777778,730.5,766,177,21,System.out.println,18,class->block->function->block->block_content->expr_stmt->expr->call->name->name->operator->name->operator->name
2,177,rectangle_java2.jpg,rectangle_java2.jpg,1175567398,64,858.123125,777.221875,730.5,766,177,21,System.out.println,18,class->block->function->block->block_content->expr_stmt->expr->call->name->name->operator->name->operator->name
2,177,rectangle_java2.jpg,rectangle_java2.jpg,1175671446,100,852.2048,765.148,730.5,766,177,21,System.out.println,18,class->block->function->block->block_content->expr_stmt->expr->call->name->name->operator->name->operator->name
2,177,rectangle_java2.jpg,rectangle_java2.jpg,1175779433,72,959.5444444444445,741.0294444444445,941.5,731,91,20,Rectangle,9,class->block->function->block->block_content->decl_stmt->decl->init->expr->call->name
2,177,rectangle_java2.jpg,rectangle_java2.jpg,1175899393,72,965.5216666666666,768.2966666666666,932.5,766,100,21,rect2.area,10,class->block->function->block->block_content->expr_stmt->expr->call->argument_list->argument->expr->call->name->name->operator->name
2,177,rectangle_java2.jpg,rectangle_java2.jpg,1175959366,56,957.4014285714286,770.5142857142857,932.5,766,100,21,rect2.area,10,class->block->function->block->block_content->expr_stmt->expr->call->argument_list->argument->expr->call->name->name->operator->name
2,177,rectangle_java2.jpg,rectangle_java2.jpg,1176167255,132,1016.6409090909091,756.0042424242424,932.5,766,100,21,rect2.area,10,class->block->function->block->block_content->expr_stmt->expr->call->argument_list->argument->expr->call->name->name->operator->name
2,177,rectangle_java2.jpg,rectangle_java2.jpg,1176275239,104,1012.7738461538462,771.7388461538461,932.5,766,100,21,rect2.area,10,class->block->function->block->block_content->expr_stmt->expr->call->argument_list->argument->expr->call->name->name->operator->name
2,177,rectangle_java2.jpg,rectangle_java2.jpg,1176407256,80,793.4805,743.1775,730.5,731,91,20,Rectangle,9,class->block->function->block->block_content->decl_stmt->decl->type->name
2,177,rectangle_java2.jpg,rectangle_java2.jpg,1176527269,92,765.435652173913,701.3573913043479,730.5,694,177,21,System.out.println,18,class->block->function->block->block_content->expr_stmt->expr->call->name->name->operator->name->operator->name
2,177,rectangle_java2.jpg,rectangle_java2.jpg,1176707224,124,766.1509677419355,691.9754838709678,730.5,694,177,21,System.out.println,18,class->block->function->block->block_content->expr_stmt->expr->call->name->name->operator->name->operator->name
2,177,rectangle_java2.jpg,rectangle_java2.jpg,1176827201,84,742.7542857142857,705.3771428571429,730.5,694,177,21,System.out.println,18,class->block->function->block->block_content->expr_stmt->expr->call->name->name->operator->name->operator->name
2,177,rectangle_java2.jpg,rectangle_java2.jpg,1177019242,132,820.7769696969697,695.9875757575758,730.5,694,177,21,System.out.println,18,class->block->function->block->block_content->expr_stmt->expr->call->name->name->operator->name->operator->name
2,177,rectangle_java2.jpg,rectangle_java2.jpg,1177095246,72,839.6155555555556,707.3166666666666,730.5,694,177,21,System.out.println,18,class->block->function->block->block_content->expr_stmt->expr->call->name->name->operator->name->operator->name
2,177,rectangle_java2.jpg,rectangle_java2.jpg,1177227235,128,847.31375,720.2571875,826.5,731,51,20,rect2,5,class->block->function->block->block_content->decl_stmt->decl->name
2,177,rectangle_java2.jpg,rectangle_java2.jpg,1177659313,56,875.4421428571428,735.9607142857143,826.5,731,51,20,rect2,5,class->block->function->block->block_content->decl_stmt->decl->name
2,177,rectangle_java2.jpg,rectangle_java2.jpg,1177659313,56,875.4421428571428,735.9607142857143,883.5,731,15,20,=,1,class->block->function->block->block_content->decl_stmt->decl->init
2,177,rectangle_java2.jpg,rectangle_java2.jpg,1177883126,136,926.9570588235295,709.3791176470588,932.5,694,100,21,rect1.area,10,class->block->function->block->block_content->expr_stmt->expr->call->argument_list->argument->expr->call->name->name->operator->name
2,177,rectangle_java2.jpg,rectangle_java2.jpg,1177999121,84,978.3704761904762,710.697619047619,932.5,694,100,21,rect1.area,10,class->block->function->block->block_content->expr_stmt->expr->call->argument_list->argument->expr->call->name->name->operator->name
2,177,rectangle_java2.jpg,rectangle_java2.jpg,1178227156,72,971.6405555555556,728.8672222222223,941.5,731,91,20,Rectangle,9,class->block->function->block->block_content->decl_stmt->decl->init->expr->call->name
2,177,rectangle_java2.jpg,rectangle_java2.jpg,1178411412,68,1056.8035294117647,696.45,1057.5,694,10,21,),1,class->block->function->block->block_content->expr_stmt->expr->call->argument_list->argument->expr->call->argument_list
2,177,rectangle_java2.jpg,rectangle_java2.jpg,1178963123,80,1174.338,720.067,1182.5,731,22,20,10,2,class->block->function->block->block_content->decl_stmt->decl->init->expr->call->argument_list->argument->expr->literal
2,177,rectangle_java2.jpg,rectangle_java2.jpg,1179115020,100,1087.4836,727.6288,1095.5,731,13,20,5,1,class->block->function->block->block_content->decl_stmt->decl->init->expr->call->argument_list->argument->expr->literal
2,177,rectangle_java2.jpg,rectangle_java2.jpg,1179314904,96,861.5008333333333,601.9283333333333,856.5,585,9,21,(,1,class->block->function->parameter_list
2,177,rectangle_java2.jpg,rectangle_java2.jpg,1179314904,96,861.5008333333333,601.9283333333333,873.5,585,9,21,),1,class->block->function->parameter_list
2,177,rectangle_java2.jpg,rectangle_java2.jpg,1179459045,64,688.499375,543.02625,669.5,549,63,21,public,6,class->block->function->type->specifier
2,177,rectangle_java2.jpg,rectangle_java2.jpg,1179803021,88,955.0672727272728,560.1590909090909,900.5,549,63,21,return,6,class->block->function->block->block_content->return
2,177,rectangle_java2.jpg,rectangle_java2.jpg,1179874997,68,961.4394117647059,569.0447058823529,900.5,549,63,21,return,6,class->block->function->block->block_content->return
2,177,rectangle_java2.jpg,rectangle_java2.jpg,1179874997,68,961.4394117647059,569.0447058823529,968.5,549,70,21,this.y2,7,class->block->function->block->block_content->return->expr->name->name->operator->name
2,177,rectangle_java2.jpg,rectangle_java2.jpg,1180063003,100,1052.5568,650.0612,1057.5,658,13,20,0,1,class->block->function->block->block_content->decl_stmt->decl->init->expr->call->argument_list->argument->expr->literal
2,177,rectangle_java2.jpg,rectangle_java2.jpg,1180462987,112,948.1021428571429,670.3260714285715,941.5,658,91,20,Rectangle,9,class->block->function->block->block_content->decl_stmt->decl->init->expr->call->name
2,177,rectangle_java2.jpg,rectangle_java2.jpg,1180591011,60,946.0246666666667,723.5733333333334,941.5,731,91,20,Rectangle,9,class->block->function->block->block_content->decl_stmt->decl->init->expr->call->name
2,177,rectangle_java2.jpg,rectangle_java2.jpg,1180790937,196,948.304693877551,728.0693877551021,941.5,731,91,20,Rectangle,9,class->block->function->block->block_content->decl_stmt->decl->init->expr->call->name
2,177,rectangle_java2.jpg,rectangle_java2.jpg,1180958919,164,945.8246341463415,737.0829268292683,941.5,731,91,20,Rectangle,9,class->block->function->block->block_content->decl_stmt->decl->init->expr->call->name
2,177,rectangle_java2.jpg,rectangle_java2.jpg,1181122914,88,1010.4104545454545,541.3640909090909,968.5,549,70,21,this.y2,7,class->block->function->block->block_content->return->expr->name->name->operator->name
2,177,rectangle_java2.jpg,rectangle_java2.jpg,1181270858,144,1003.5941666666666,546.4183333333333,968.5,549,70,21,this.y2,7,class->block->function->block->block_content->return->expr->name->name->operator->name
2,177,rectangle_java2.jpg,rectangle_java2.jpg,1181426882,100,822.088,532.1276,775.5,512,53,21,width,5,class->block->function->name
2,177,rectangle_java2.jpg,rectangle_java2.jpg,1181498881,60,730.0166666666667,530.554,669.5,512,63,21,public,6,class->block->function->type->specifier
2,177,rectangle_java2.jpg,rectangle_java2.jpg,1181498881,60,730.0166666666667,530.554,737.5,512,33,21,int,3,class->block->function->type->name
2,177,rectangle_java2.jpg,rectangle_java2.jpg,1181634859,88,734.0931818181818,309.3340909090909,737.5,295,91,21,Rectangle,9,class->block->constructor->name
2,177,rectangle_java2.jpg,rectangle_java2.jpg,1181730987,92,730.3386956521739,291.89434782608697,669.5,295,63,21,public,6,class->block->constructor->specifier
2,177,rectangle_java2.jpg,rectangle_java2.jpg,1181730987,92,730.3386956521739,291.89434782608697,737.5,295,91,21,Rectangle,9,class->block->constructor->name
2,177,rectangle_java2.jpg,rectangle_java2.jpg,1181831169,96,764.1425,294.2970833333333,737.5,295,91,21,Rectangle,9,class->block->constructor->name
2,177,rectangle_java2.jpg,rectangle_java2.jpg,1181947081,76,805.0926315789474,313.4678947368421,737.5,295,91,21,Rectangle,9,class->block->constructor->name
2,177,rectangle_java2.jpg,rectangle_java2.jpg,1182058913,108,802.0162962962963,300.9362962962963,737.5,295,91,21,Rectangle,9,class->block->constructor->name
2,177,rectangle_java2.jpg,rectangle_java2.jpg,1182194715,108,778.2133333333334,329.4577777777778,730.5,331,71,19,this.x1,7,class->block->constructor->block->block_content->expr_stmt->expr->name->name->operator->name
2,177,rectangle_java2.jpg,rectangle_java2.jpg,1182794878,128,876.1796875,315.4890625,853.5,295,32,21,int,3,class->block->constructor->parameter_list->parameter->decl->type->name
2,177,rectangle_java2.jpg,rectangle_java2.jpg,1183214740,92,782.6173913043478,372.43565217391307,730.5,367,71,21,this.y1,7,class->block->constructor->block->block_content->expr_stmt->expr->name->name->operator->name
2,177,rectangle_java2.jpg,rectangle_java2.jpg,1183362780,144,782.9872222222223,380.8230555555555,730.5,367,71,21,this.y1,7,class->block->constructor->block->block_content->expr_stmt->expr->name->name->operator->name
2,177,rectangle_java2.jpg,rectangle_java2.jpg,1183434812,68,751.7676470588235,364.4094117647059,730.5,367,71,21,this.y1,7,class->block->constructor->block->block_content->expr_stmt->expr->name->name->operator->name
2,177,rectangle_java2.jpg,rectangle_java2.jpg,1183522830,84,747.3128571428572,369.4057142857143,730.5,367,71,21,this.y1,7,class->block->constructor->block->block_content->expr_stmt->expr->name->name->operator->name
2,177,rectangle_java2.jpg,rectangle_java2.jpg,1183762589,168,862.7007142857143,375.25404761904764,856.5,367,10,21,;,1,class->block->constructor->block->block_content->expr_stmt
2,177,rectangle_java2.jpg,rectangle_java2.jpg,1183854312,88,854.2018181818182,362.4013636363636,856.5,367,10,21,;,1,class->block->constructor->block->block_content->expr_stmt
2,177,rectangle_java2.jpg,rectangle_java2.jpg,1183990414,100,817.6472,433.8176000000001,806.5,440,15,21,=,1,class->block->constructor->block->block_content->expr_stmt->expr->operator
2,177,rectangle_java2.jpg,rectangle_java2.jpg,1183990414,100,817.6472,433.8176000000001,826.5,440,23,21,y2,2,class->block->constructor->block->block_content->expr_stmt->expr->name->name
2,177,rectangle_java2.jpg,rectangle_java2.jpg,1184134549,108,1053.2477777777779,302.5151851851852,1025.5,295,33,21,int,3,class->block->constructor->parameter_list->parameter->decl->type->name
2,177,rectangle_java2.jpg,rectangle_java2.jpg,1184134549,108,1053.2477777777779,302.5151851851852,1063.5,295,23,21,x2,2,class->block->constructor->parameter_list->parameter->decl->type->name
2,177,rectangle_java2.jpg,rectangle_java2.jpg,1184198595,60,1044.2246666666667,295.47266666666667,1025.5,295,33,21,int,3,class->block->constructor->parameter_list->parameter->decl->type->name
2,177,rectangle_java2.jpg,rectangle_java2.jpg,1184366651,132,1098.6663636363637,308.1618181818182,1094.5,295,9,21,",",1,class->block->constructor->parameter_list
2,177,rectangle_java2.jpg,rectangle_java2.jpg,1184582685,80,1168.2965,589.832,1140.5,585,110,21,this.height,11,class->block->function->block->block_content->return->expr->call->name->name->operator->name
2,177,rectangle_java2.jpg,rectangle_java2.jpg,1184646698,60,1165.6673333333333,568.632,1161.5,549,10,21,},1,class->block->function->block
2,177,rectangle_java2.jpg,rectangle_java2.jpg,1184850657,68,899.1605882352941,563.8494117647059,900.5,549,63,21,return,6,class->block->function->block->block_content->return
2,177,rectangle_java2.jpg,rectangle_java2.jpg,1184994570,112,936.4717857142857,554.32,900.5,549,63,21,return,6,class->block->function->block->block_content->return
2,177,rectangle_java2.jpg,rectangle_java2.jpg,1185190655,148,1051.0883783783784,543.7554054054054,1045.5,549,13,21,-,1,class->block->function->block->block_content->return->expr->operator
2,177,rectangle_java2.jpg,rectangle_java2.jpg,1185254674,60,1074.2166666666667,558.7433333333333,1064.5,549,71,21,this.y1,7,class->block->function->block->block_content->return->expr->name->name->operator->name
2,177,rectangle_java2.jpg,rectangle_java2.jpg,1185366474,108,1079.9344444444444,556.607037037037,1064.5,549,71,21,this.y1,7,class->block->function->block->block_content->return->expr->name->name->operator->name
2,177,rectangle_java2.jpg,rectangle_java2.jpg,1185586433,152,995.2573684210527,542.345,968.5,549,70,21,this.y2,7,class->block->function->block->block_content->return->expr->name->name->operator->name
2,177,rectangle_java2.jpg,rectangle_java2.jpg,1185806514,180,1021.8028888888889,527.1915555555555,958.5,512,71,21,this.x2,7,class->block->function->block->block_content->return->expr->name->name->operator->name->operator
2,177,rectangle_java2.jpg,rectangle_java2.jpg,1185922549,84,1043.2271428571428,539.4314285714286,1045.5,549,13,21,-,1,class->block->function->block->block_content->return->expr->operator
2,177,rectangle_java2.jpg,rectangle_java2.jpg,1186022587,64,1035.22875,563.700625,968.5,549,70,21,this.y2,7,class->block->function->block->block_content->return->expr->name->name->operator->name
2,177,rectangle_java2.jpg,rectangle_java2.jpg,1186022587,64,1035.22875,563.700625,1045.5,549,13,21,-,1,class->block->function->block->block_content->return->expr->operator
2,177,rectangle_java2.jpg,rectangle_java2.jpg,1186186539,96,836.0658333333333,380.21583333333336,826.5,367,23,21,y1,2,class->block->constructor->block->block_content->expr_stmt->expr->name->name
2,177,rectangle_java2.jpg,rectangle_java2.jpg,1186418441,56,838.0699999999999,346.62071428571426,826.5,331,23,19,x1,2,class->block->constructor->block->block_content->expr_stmt->expr->name->name
2,177,rectangle_java2.jpg,rectangle_java2.jpg,1186546630,84,794.5366666666666,358.4604761904762,730.5,367,71,21,this.y1,7,class->block->constructor->block->block_content->expr_stmt->expr->name->name->operator->name
2,177,rectangle_java2.jpg,rectangle_java2.jpg,1186546630,84,794.5366666666666,358.4604761904762,806.5,367,15,21,=,1,class->block->constructor->block->block_content->expr_stmt->expr->operator
2,177,rectangle_java2.jpg,rectangle_java2.jpg,1186758671,128,1132.580625,559.4321875,1064.5,549,71,21,this.y1,7,class->block->function->block->block_content->return->expr->name->name->operator->name
2,177,rectangle_java2.jpg,rectangle_java2.jpg,1186758671,128,1132.580625,559.4321875,1142.5,549,10,21,;,1,class->block->function->block->block_content->return
2,177,rectangle_java2.jpg,rectangle_java2.jpg,1186874467,112,1138.682142857143,548.5814285714285,1142.5,549,10,21,;,1,class->block->function->block->block_content->return
2,177,rectangle_java2.jpg,rectangle_java2.jpg,1187010372,68,1108.9711764705883,542.9370588235294,1064.5,549,71,21,this.y1,7,class->block->function->block->block_content->return->expr->name->name->operator->name
2,177,rectangle_java2.jpg,rectangle_java2.jpg,1187070333,56,1111.77,561.5114285714286,1064.5,549,71,21,this.y1,7,class->block->function->block->block_content->return->expr->name->name->operator->name
2,177,rectangle_java2.jpg,rectangle_java2.jpg,1187322366,176,838.8134090909091,542.1263636363636,846.5,549,10,21,(,1,class->block->function->parameter_list
2,177,rectangle_java2.jpg,rectangle_java2.jpg,1187582473,200,910.936,526.2952,891.5,512,62,21,return,6,class->block->function->block->block_content->return->expr->name->name
2,177,rectangle_java2.jpg,rectangle_java2.jpg,1187686485,88,966.6731818181818,531.8813636363636,958.5,512,71,21,this.x2,7,class->block->function->block->block_content->return->expr->name->name->operator->name->operator
2,177,rectangle_java2.jpg,rectangle_java2.jpg,1187814408,124,974.3170967741936,521.2822580645161,958.5,512,71,21,this.x2,7,class->block->function->block->block_content->return->expr->name->name->operator->name->operator
2,177,rectangle_java2.jpg,rectangle_java2.jpg,1188090308,216,909.0081481481482,531.8088888888889,891.5,512,62,21,return,6,class->block->function->block->block_content->return->expr->name->name
2,177,rectangle_java2.jpg,rectangle_java2.jpg,1188406349,136,1010.8841176470588,525.7985294117647,958.5,512,71,21,this.x2,7,class->block->function->block->block_content->return->expr->name->name->operator->name->operator
2,177,rectangle_java2.jpg,rectangle_java2.jpg,1188565987,156,1009.8689743589744,540.1571794871795,968.5,549,70,21,this.y2,7,class->block->function->block->block_content->return->expr->name->name->operator->name
2,177,rectangle_java2.jpg,rectangle_java2.jpg,1188986200,200,834.966,383.5862,826.5,367,23,21,y1,2,class->block->constructor->block->block_content->expr_stmt->expr->name->name
2,177,rectangle_java2.jpg,rectangle_java2.jpg,1189158153,128,827.1040625,431.87593749999996,826.5,440,23,21,y2,2,class->block->constructor->block->block_content->expr_stmt->expr->name->name
2,177,rectangle_java2.jpg,rectangle_java2.jpg,1189270157,64,789.6,434.604375,730.5,440,71,21,this.y2,7,class->block->constructor->block->block_content->expr_stmt->expr->name->name->operator->name
2,177,rectangle_java2.jpg,rectangle_java2.jpg,1189446238,60,748.7886666666667,432.1726666666666,730.5,440,71,21,this.y2,7,class->block->constructor->block->block_content->expr_stmt->expr->name->name->operator->name
2,177,rectangle_java2.jpg,rectangle_java2.jpg,1189542223,92,750.7843478260869,433.02260869565225,730.5,440,71,21,this.y2,7,class->block->constructor->block->block_content->expr_stmt->expr->name->name->operator->name
2,177,rectangle_java2.jpg,rectangle_java2.jpg,1190482077,100,1076.118,518.0728,1054.5,512,71,21,this.x1,7,class->block->function->block->block_content->return->expr->name->name->operator->name
2,177,rectangle_java2.jpg,rectangle_java2.jpg,1190570140,68,1128.014705882353,524.0076470588235,1132.5,512,10,21,;,1,class->block->function->block
2,177,rectangle_java2.jpg,rectangle_java2.jpg,1190738146,76,1114.438947368421,543.8152631578947,1064.5,549,71,21,this.y1,7,class->block->function->block->block_content->return->expr->name->name->operator->name
2,177,rectangle_java2.jpg,rectangle_java2.jpg,1190806103,64,1083.568125,539.5775,1064.5,549,71,21,this.y1,7,class->block->function->block->block_content->return->expr->name->name->operator->name
2,177,rectangle_java2.jpg,rectangle_java2.jpg,1190954094,144,1079.0558333333333,539.9036111111111,1064.5,549,71,21,this.y1,7,class->block->function->block->block_content->return->expr->name->name->operator->name
2,177,rectangle_java2.jpg,rectangle_java2.jpg,1191230753,108,1079.921111111111,538.9096296296296,1064.5,549,71,21,this.y1,7,class->block->function->block->block_content->return->expr->name->name->operator->name
2,177,rectangle_java2.jpg,rectangle_java2.jpg,1191522163,116,1073.7779310344827,529.7703448275862,1054.5,512,71,21,this.x1,7,class->block->function->block->block_content->return->expr->name->name->operator->name
2,177,rectangle_java2.jpg,rectangle_java2.jpg,1191586291,60,1064.7160000000001,532.3533333333334,1054.5,512,71,21,this.x1,7,class->block->function->block->block_content->return->expr->name->name->operator->name
2,177,rectangle_java2.jpg,rectangle_java2.jpg,1191686354,96,1091.3975,523.2495833333334,1054.5,512,71,21,this.x1,7,class->block->function->block->block_content->return->expr->name->name->operator->name
2,177,rectangle_java2.jpg,rectangle_java2.jpg,1191766168,76,1086.5436842105264,518.9094736842105,1054.5,512,71,21,this.x1,7,class->block->function->block->block_content->return->expr->name->name->operator->name
2,177,rectangle_java2.jpg,rectangle_java2.jpg,1191905957,88,1061.1186363636364,519.2590909090909,1054.5,512,71,21,this.x1,7,class->block->function->block->block_content->return->expr->name->name->operator->name
2,177,rectangle_java2.jpg,rectangle_java2.jpg,1192013941,104,1074.8173076923076,518.7511538461539,1054.5,512,71,21,this.x1,7,class->block->function->block->block_content->return->expr->name->name->operator->name
2,177,rectangle_java2.jpg,rectangle_java2.jpg,1192073936,56,1067.0292857142858,530.6157142857143,1054.5,512,71,21,this.x1,7,class->block->function->block->block_content->return->expr->name->name->operator->name
2,177,rectangle_java2.jpg,rectangle_java2.jpg,1192193904,116,1090.25,528.66,1054.5,512,71,21,this.x1,7,class->block->function->block->block_content->return->expr->name->name->operator->name
2,177,rectangle_java2.jpg,rectangle_java2.jpg,1192273908,76,1086.7163157894738,538.5115789473684,1064.5,549,71,21,this.y1,7,class->block->function->block->block_content->return->expr->name->name->operator->name
2,177,rectangle_java2.jpg,rectangle_java2.jpg,1192574048,84,1034.2509523809524,540.0319047619048,968.5,549,70,21,this.y2,7,class->block->function->block->block_content->return->expr->name->name->operator->name
2,177,rectangle_java2.jpg,rectangle_java2.jpg,1192574048,84,1034.2509523809524,540.0319047619048,1045.5,549,13,21,-,1,class->block->function->block->block_content->return->expr->operator
2,177,rectangle_java2.jpg,rectangle_java2.jpg,1192745964,168,1013.6254761904762,538.3535714285714,968.5,549,70,21,this.y2,7,class->block->function->block->block_content->return->expr->name->name->operator->name
2,177,rectangle_java2.jpg,rectangle_java2.jpg,1192858001,100,936.2784,532.1832,891.5,512,62,21,return,6,class->block->function->block->block_content->return->expr->name->name
2,177,rectangle_java2.jpg,rectangle_java2.jpg,1193030067,128,891.436875,523.7134374999999,891.5,512,62,21,return,6,class->block->function->block->block_content->return->expr->name->name
2,177,rectangle_java2.jpg,rectangle_java2.jpg,1193090045,56,889.6892857142857,527.6035714285714,891.5,512,62,21,return,6,class->block->function->block->block_content->return->expr->name->name
2,177,rectangle_java2.jpg,rectangle_java2.jpg,1193173880,56,978.9214285714286,521.9764285714285,958.5,512,71,21,this.x2,7,class->block->function->block->block_content->return->expr->name->name->operator->name->operator
2,177,rectangle_java2.jpg,rectangle_java2.jpg,1193445790,60,1050.306,526.8873333333333,1054.5,512,71,21,this.x1,7,class->block->function->block->block_content->return->expr->name->name->operator->name
2,177,rectangle_java2.jpg,rectangle_java2.jpg,1193657761,72,1078.5977777777778,521.5322222222222,1054.5,512,71,21,this.x1,7,class->block->function->block->block_content->return->expr->name->name->operator->name
2,177,rectangle_java2.jpg,rectangle_java2.jpg,1193733766,72,1099.2405555555556,539.6377777777777,1064.5,549,71,21,this.y1,7,class->block->function->block->block_content->return->expr->name->name->operator->name
2,177,rectangle_java2.jpg,rectangle_java2.jpg,1193841782,56,1122.1399999999999,539.8199999999999,1064.5,549,71,21,this.y1,7,class->block->function->block->block_content->return->expr->name->name->operator->name
2,177,rectangle_java2.jpg,rectangle_java2.jpg,1193905828,60,1112.3653333333334,531.1046666666666,1054.5,512,71,21,this.x1,7,class->block->function->block->block_content->return->expr->name->name->operator->name
2,177,rectangle_java2.jpg,rectangle_java2.jpg,1194153919,104,1112.306923076923,312.22576923076923,1112.5,295,33,21,int,3,class->block->constructor->parameter_list->parameter->decl->type->name
2,177,rectangle_java2.jpg,rectangle_java2.jpg,1194309896,92,834.95,329.59913043478264,826.5,331,23,19,x1,2,class->block->constructor->block->block_content->expr_stmt->expr->name->name
2,177,rectangle_java2.jpg,rectangle_java2.jpg,1194449894,136,820.44,323.96617647058827,806.5,331,15,19,=,1,class->block->constructor->block->block_content->expr_stmt->expr->operator
2,177,rectangle_java2.jpg,rectangle_java2.jpg,1194449894,136,820.44,323.96617647058827,826.5,331,23,19,x1,2,class->block->constructor->block->block_content->expr_stmt->expr->name->name
2,177,rectangle_java2.jpg,rectangle_java2.jpg,1194569894,72,780.1727777777778,347.6911111111111,730.5,331,71,19,this.x1,7,class->block->constructor->block->block_content->expr_stmt->expr->name->name->operator->name
2,177,rectangle_java2.jpg,rectangle_java2.jpg,1194717874,144,775.5736111111112,340.43416666666667,730.5,331,71,19,this.x1,7,class->block->constructor->block->block_content->expr_stmt->expr->name->name->operator->name
2,177,rectangle_java2.jpg,rectangle_java2.jpg,1194873598,92,834.6160869565217,319.4091304347826,826.5,331,23,19,x1,2,class->block->constructor->block->block_content->expr_stmt->expr->name->name
2,177,rectangle_java2.jpg,rectangle_java2.jpg,1195333754,132,908.9175757575757,304.1809090909091,890.5,295,24,21,x1,2,class->block->constructor->parameter_list->parameter->decl->type->name
2,177,rectangle_java2.jpg,rectangle_java2.jpg,1195661691,56,1084.1292857142857,312.8092857142857,1063.5,295,23,21,x2,2,class->block->constructor->parameter_list->parameter->decl->type->name
2,177,rectangle_java2.jpg,rectangle_java2.jpg,1195661691,56,1084.1292857142857,312.8092857142857,1094.5,295,9,21,",",1,class->block->constructor->parameter_list
2,177,rectangle_java2.jpg,rectangle_java2.jpg,1196197749,100,1055.1779999999999,302.3884,1025.5,295,33,21,int,3,class->block->constructor->parameter_list->parameter->decl->type->name
2,177,rectangle_java2.jpg,rectangle_java2.jpg,1196197749,100,1055.1779999999999,302.3884,1063.5,295,23,21,x2,2,class->block->constructor->parameter_list->parameter->decl->type->name
2,177,rectangle_java2.jpg,rectangle_java2.jpg,1196293774,64,1131.1156250000001,299.053125,1112.5,295,33,21,int,3,class->block->constructor->parameter_list->parameter->decl->type->name
2,177,rectangle_java2.jpg,rectangle_java2.jpg,1196409744,112,1125.785,315.71214285714285,1112.5,295,33,21,int,3,class->block->constructor->parameter_list->parameter->decl->type->name
2,177,rectangle_java2.jpg,rectangle_java2.jpg,1196773642,76,927.7973684210526,302.6242105263158,921.5,295,9,21,",",1,class->block->constructor->parameter_list
2,177,rectangle_java2.jpg,rectangle_java2.jpg,1196773642,76,927.7973684210526,302.6242105263158,939.5,295,33,21,int,3,class->block->constructor->parameter_list->parameter->decl->type->name
2,177,rectangle_java2.jpg,rectangle_java2.jpg,1196833689,56,922.16,304.83785714285716,921.5,295,9,21,",",1,class->block->constructor->parameter_list
2,177,rectangle_java2.jpg,rectangle_java2.jpg,1198417580,268,862.0367164179105,337.1053731343284,856.5,331,10,19,;,1,class->block->constructor->block->block_content->expr_stmt
2,177,rectangle_java2.jpg,rectangle_java2.jpg,1198489578,56,823.3207142857143,342.9035714285714,826.5,331,23,19,x1,2,class->block->constructor->block->block_content->expr_stmt->expr->name->name
2,177,rectangle_java2.jpg,rectangle_java2.jpg,1198805446,80,1074.3235,527.032,1054.5,512,71,21,this.x1,7,class->block->function->block->block_content->return->expr->name->name->operator->name
2,177,rectangle_java2.jpg,rectangle_java2.jpg,1199004792,72,858.2772222222222,563.4966666666667,863.5,549,9,21,),1,class->block->function->parameter_list
2,177,rectangle_java2.jpg,rectangle_java2.jpg,1199225349,128,721.700625,546.3715625,669.5,549,63,21,public,6,class->block->function->type->specifier
2,177,rectangle_java2.jpg,rectangle_java2.jpg,1199337429,92,763.9969565217391,517.7652173913043,737.5,512,33,21,int,3,class->block->function->type->name
2,177,rectangle_java2.jpg,rectangle_java2.jpg,1199337429,92,763.9969565217391,517.7652173913043,775.5,512,53,21,width,5,class->block->function->name
2,177,rectangle_java2.jpg,rectangle_java2.jpg,1199401423,60,774.9886666666666,521.6933333333333,775.5,512,53,21,width,5,class->block->function->name
2,177,rectangle_java2.jpg,rectangle_java2.jpg,1199601157,196,790.758775510204,521.0544897959184,775.5,512,53,21,width,5,class->block->function->name
2,177,rectangle_java2.jpg,rectangle_java2.jpg,1200045299,72,1075.5533333333333,515.4344444444445,1054.5,512,71,21,this.x1,7,class->block->function->block->block_content->return->expr->name->name->operator->name
2,177,rectangle_java2.jpg,rectangle_java2.jpg,1200181390,132,1088.3254545454545,520.3581818181818,1054.5,512,71,21,this.x1,7,class->block->function->block->block_content->return->expr->name->name->operator->name
2,177,rectangle_java2.jpg,rectangle_java2.jpg,1200397347,100,1077.1712,527.364,1054.5,512,71,21,this.x1,7,class->block->function->block->block_content->return->expr->name->name->operator->name
2,177,rectangle_java2.jpg,rectangle_java2.jpg,1200597328,76,1071.4047368421052,523.7136842105263,1054.5,512,71,21,this.x1,7,class->block->function->block->block_content->return->expr->name->name->operator->name
2,177,rectangle_java2.jpg,rectangle_java2.jpg,1200773289,104,1007.9203846153846,547.766923076923,968.5,549,70,21,this.y2,7,class->block->function->block->block_content->return->expr->name->name->operator->name
2,177,rectangle_java2.jpg,rectangle_java2.jpg,1200925288,80,1008.941,555.222,968.5,549,70,21,this.y2,7,class->block->function->block->block_content->return->expr->name->name->operator->name
2,177,rectangle_java2.jpg,rectangle_java2.jpg,1201177114,96,1099.3591666666666,524.6575,1054.5,512,71,21,this.x1,7,class->block->function->block->block_content->return->expr->name->name->operator->name
2,177,rectangle_java2.jpg,rectangle_java2.jpg,1201397113,100,1097.3776,531.5908000000001,1054.5,512,71,21,this.x1,7,class->block->function->block->block_content->return->expr->name->name->operator->name
2,177,rectangle_java2.jpg,rectangle_java2.jpg,1201553176,144,827.7830555555556,553.9433333333334,775.5,549,62,21,height,6,class->block->function->name
2,177,rectangle_java2.jpg,rectangle_java2.jpg,1202057149,72,1013.605,587.25,977.5,585,101,21,this.width,10,class->block->function->block->block_content->return->expr->call->name->name->operator->name
2,177,rectangle_java2.jpg,rectangle_java2.jpg,1202125149,64,1014.625625,561.8881250000001,968.5,549,70,21,this.y2,7,class->block->function->block->block_content->return->expr->name->name->operator->name
2,177,rectangle_java2.jpg,rectangle_java2.jpg,1202221150,56,1016.2335714285714,578.9521428571429,977.5,585,101,21,this.width,10,class->block->function->block->block_content->return->expr->call->name->name->operator->name
2,177,rectangle_java2.jpg,rectangle_java2.jpg,1202285144,60,1021.4173333333333,569.512,968.5,549,70,21,this.y2,7,class->block->function->block->block_content->return->expr->name->name->operator->name
2,177,rectangle_java2.jpg,rectangle_java2.jpg,1202361111,72,1018.3438888888888,589.1438888888889,977.5,585,101,21,this.width,10,class->block->function->block->block_content->return->expr->call->name->name->operator->name
2,177,rectangle_java2.jpg,rectangle_java2.jpg,1202493077,80,1053.823,592.672,977.5,585,101,21,this.width,10,class->block->function->block->block_content->return->expr->call->name->name->operator->name
2,177,rectangle_java2.jpg,rectangle_java2.jpg,1202677128,68,1130.100588235294,578.8152941176471,1122.5,585,12,21,*,1,class->block->function->block->block_content->return->expr->operator
2,177,rectangle_java2.jpg,rectangle_java2.jpg,1202677128,68,1130.100588235294,578.8152941176471,1140.5,585,110,21,this.height,11,class->block->function->block->block_content->return->expr->call->name->name->operator->name
2,177,rectangle_java2.jpg,rectangle_java2.jpg,1202789182,64,1132.545625,543.504375,1064.5,549,71,21,this.y1,7,class->block->function->block->block_content->return->expr->name->name->operator->name
2,177,rectangle_java2.jpg,rectangle_java2.jpg,1202789182,64,1132.545625,543.504375,1142.5,549,10,21,;,1,class->block->function->block->block_content->return
2,177,rectangle_java2.jpg,rectangle_java2.jpg,1202941118,72,1060.21,566.9811111111111,1064.5,549,71,21,this.y1,7,class->block->function->block->block_content->return->expr->name->name->operator->name
2,177,rectangle_java2.jpg,rectangle_java2.jpg,1203001044,56,1050.162857142857,575.3257142857143,977.5,585,101,21,this.width,10,class->block->function->block->block_content->return->expr->call->name->name->operator->name
2,177,rectangle_java2.jpg,rectangle_java2.jpg,1203452947,112,1045.8364285714285,523.3367857142857,1035.5,512,13,21,-,1,class->block->function->block->block_content->return->expr->name->name
2,177,rectangle_java2.jpg,rectangle_java2.jpg,1203452947,112,1045.8364285714285,523.3367857142857,1054.5,512,71,21,this.x1,7,class->block->function->block->block_content->return->expr->name->name->operator->name
2,177,rectangle_java2.jpg,rectangle_java2.jpg,1203557022,68,1117.7588235294118,582.5894117647059,1122.5,585,12,21,*,1,class->block->function->block->block_content->return->expr->operator
2,177,rectangle_java2.jpg,rectangle_java2.jpg,1203641093,80,1111.6095,595.4205,1103.5,585,9,21,),1,class->block->function->block->block_content->return->expr->call->argument_list
2,177,rectangle_java2.jpg,rectangle_java2.jpg,1203641093,80,1111.6095,595.4205,1122.5,585,12,21,*,1,class->block->function->block->block_content->return->expr->operator
2,177,rectangle_java2.jpg,rectangle_java2.jpg,1203709087,64,1102.5225,603.663125,1103.5,585,9,21,),1,class->block->function->block->block_content->return->expr->call->argument_list
2,177,rectangle_java2.jpg,rectangle_java2.jpg,1203872972,152,1193.4565789473684,596.2028947368422,1140.5,585,110,21,this.height,11,class->block->function->block->block_content->return->expr->call->name->name->operator->name
2,177,rectangle_java2.jpg,rectangle_java2.jpg,1204228847,56,1225.015,676.9978571428571,1231.5,658,10,20,;,1,class->block->function->block->block_content->decl_stmt
2,177,rectangle_java2.jpg,rectangle_java2.jpg,1204592902,92,1047.743043478261,662.3908695652174,1041.5,658,9,20,(,1,class->block->function->block->block_content->decl_stmt->decl->init->expr->call->argument_list
2,177,rectangle_java2.jpg,rectangle_java2.jpg,1204592902,92,1047.743043478261,662.3908695652174,1057.5,658,13,20,0,1,class->block->function->block->block_content->decl_stmt->decl->init->expr->call->argument_list->argument->expr->literal
2,177,rectangle_java2.jpg,rectangle_java2.jpg,1204664954,68,1042.3423529411766,670.3488235294118,1041.5,658,9,20,(,1,class->block->function->block->block_content->decl_stmt->decl->init->expr->call->argument_list
2,177,rectangle_java2.jpg,rectangle_java2.jpg,1204740878,72,1042.951111111111,683.4644444444444,1041.5,694,9,21,(,1,class->block->function->block->block_content->expr_stmt->expr->call->argument_list->argument->expr->call->argument_list
2,177,rectangle_java2.jpg,rectangle_java2.jpg,1204820627,76,1039.0063157894738,677.9994736842106,1041.5,658,9,20,(,1,class->block->function->block->block_content->decl_stmt->decl->init->expr->call->argument_list
2,177,rectangle_java2.jpg,rectangle_java2.jpg,1204880530,56,1034.9207142857142,694.09,1041.5,694,9,21,(,1,class->block->function->block->block_content->expr_stmt->expr->call->argument_list->argument->expr->call->argument_list
2,177,rectangle_java2.jpg,rectangle_java2.jpg,1205216885,60,1096.6433333333332,563.434,1064.5,549,71,21,this.y1,7,class->block->function->block->block_content->return->expr->name->name->operator->name
2,177,rectangle_java2.jpg,rectangle_java2.jpg,1205616946,148,1182.0256756756758,604.3935135135135,1140.5,585,110,21,this.height,11,class->block->function->block->block_content->return->expr->call->name->name->operator->name
2,177,rectangle_java2.jpg,rectangle_java2.jpg,1205768868,104,942.0596153846154,624.885,920.5,621,62,21,String,6,class->block->function->parameter_list->parameter->decl->type->name->name
2,177,rectangle_java2.jpg,rectangle_java2.jpg,1205908683,80,948.8475,656.549,941.5,658,91,20,Rectangle,9,class->block->function->block->block_content->decl_stmt->decl->init->expr->call->name
2,177,rectangle_java2.jpg,rectangle_java2.jpg,1206100677,92,1063.993043478261,713.5930434782608,1057.5,694,10,21,),1,class->block->function->block->block_content->expr_stmt->expr->call->argument_list->argument->expr->call->argument_list
2,177,rectangle_java2.jpg,rectangle_java2.jpg,1206196708,80,1155.3715,723.9115,1134.5,731,22,20,10,2,class->block->function->block->block_content->decl_stmt->decl->init->expr->call->argument_list->argument->expr->literal
2,177,rectangle_java2.jpg,rectangle_java2.jpg,1206196708,80,1155.3715,723.9115,1163.5,731,10,20,",",1,class->block->function->block->block_content->decl_stmt->decl->init->expr->call->argument_list
2,177,rectangle_java2.jpg,rectangle_java2.jpg,1206576896,64,866.80125,730.780625,826.5,731,51,20,rect2,5,class->block->function->block->block_content->decl_stmt->decl->name
2,177,rectangle_java2.jpg,rectangle_java2.jpg,1206648845,68,871.3194117647059,746.6852941176471,826.5,731,51,20,rect2,5,class->block->function->block->block_content->decl_stmt->decl->name
2,177,rectangle_java2.jpg,rectangle_java2.jpg,1206648845,68,871.3194117647059,746.6852941176471,883.5,731,15,20,=,1,class->block->function->block->block_content->decl_stmt->decl->init
2,177,rectangle_java2.jpg,rectangle_java2.jpg,1206844678,100,743.7308,708.4556,730.5,694,177,21,System.out.println,18,class->block->function->block->block_content->expr_stmt->expr->call->name->name->operator->name->operator->name
2,177,rectangle_java2.jpg,rectangle_java2.jpg,1206928693,80,735.6745,699.0605,730.5,694,177,21,System.out.println,18,class->block->function->block->block_content->expr_stmt->expr->call->name->name->operator->name->operator->name
2,177,rectangle_java2.jpg,rectangle_java2.jpg,1207048707,76,864.2405263157895,719.0578947368421,826.5,731,51,20,rect2,5,class->block->function->block->block_content->decl_stmt->decl->name
2,177,rectangle_java2.jpg,rectangle_java2.jpg,1207108709,56,858.6921428571428,730.4421428571428,826.5,731,51,20,rect2,5,class->block->function->block->block_content->decl_stmt->decl->name
2,177,rectangle_java2.jpg,rectangle_java2.jpg,1207248709,136,849.1614705882353,720.9702941176471,826.5,731,51,20,rect2,5,class->block->function->block->block_content->decl_stmt->decl->name
2,177,rectangle_java2.jpg,rectangle_java2.jpg,1207360643,108,837.3307407407408,713.402962962963,730.5,694,177,21,System.out.println,18,class->block->function->block->block_content->expr_stmt->expr->call->name->name->operator->name->operator->name
2,177,rectangle_java2.jpg,rectangle_java2.jpg,1207645000,236,754.4394915254237,704.0484745762711,730.5,694,177,21,System.out.println,18,class->block->function->block->block_content->expr_stmt->expr->call->name->name->operator->name->operator->name
2,177,rectangle_java2.jpg,rectangle_java2.jpg,1207812775,76,962.5742105263158,697.67,932.5,694,100,21,rect1.area,10,class->block->function->block->block_content->expr_stmt->expr->call->argument_list->argument->expr->call->name->name->operator->name
2,177,rectangle_java2.jpg,rectangle_java2.jpg,1207972717,56,1090.3728571428571,704.0842857142857,1096.5,694,10,21,;,1,class->block->function->block->block_content->expr_stmt
2,177,rectangle_java2.jpg,rectangle_java2.jpg,1208056710,80,1098.8115,719.9635,1095.5,731,13,20,5,1,class->block->function->block->block_content->decl_stmt->decl->init->expr->call->argument_list->argument->expr->literal
2,177,rectangle_java2.jpg,rectangle_java2.jpg,1208128697,68,1095.8247058823529,710.0841176470589,1096.5,694,10,21,;,1,class->block->function->block->block_content->expr_stmt
2,177,rectangle_java2.jpg,rectangle_java2.jpg,1209800575,96,1213.02,732.5695833333333,1211.5,731,9,20,),1,class->block->function->block->block_content->decl_stmt->decl->init->expr->call->argument_list
2,177,rectangle_java2.jpg,rectangle_java2.jpg,1209900595,76,1117.1068421052632,731.6078947368421,1115.5,731,10,20,",",1,class->block->function->block->block_content->decl_stmt->decl->init->expr->call->argument_list
2,177,rectangle_java2.jpg,rectangle_java2.jpg,1210008579,104,1129.1765384615385,737.2030769230769,1134.5,731,22,20,10,2,class->block->function->block->block_content->decl_stmt->decl->init->expr->call->argument_list->argument->expr->literal
2,177,rectangle_java2.jpg,rectangle_java2.jpg,1210164531,152,1116.1763157894736,730.2981578947368,1115.5,731,10,20,",",1,class->block->function->block->block_content->decl_stmt->decl->init->expr->call->argument_list
2,177,rectangle_java2.jpg,rectangle_java2.jpg,1210244508,76,1103.7136842105263,746.9615789473685,1095.5,731,13,20,5,1,class->block->function->block->block_content->decl_stmt->decl->init->expr->call->argument_list->argument->expr->literal
2,177,rectangle_java2.jpg,rectangle_java2.jpg,1210244508,76,1103.7136842105263,746.9615789473685,1115.5,731,10,20,",",1,class->block->function->block->block_content->decl_stmt->decl->init->expr->call->argument_list
2,177,rectangle_java2.jpg,rectangle_java2.jpg,1210632218,68,913.6764705882352,772.5058823529412,916.5,766,9,21,(,1,class->block->function->block->block_content->expr_stmt->expr->call->argument_list
2,177,rectangle_java2.jpg,rectangle_java2.jpg,1210756192,120,905.451,776.263,730.5,766,177,21,System.out.println,18,class->block->function->block->block_content->expr_stmt->expr->call->name->name->operator->name->operator->name
2,177,rectangle_java2.jpg,rectangle_java2.jpg,1210756192,120,905.451,776.263,916.5,766,9,21,(,1,class->block->function->block->block_content->expr_stmt->expr->call->argument_list
2,177,rectangle_java2.jpg,rectangle_java2.jpg,1210856191,68,970.4341176470588,745.2282352941177,941.5,731,91,20,Rectangle,9,class->block->function->block->block_content->decl_stmt->decl->init->expr->call->name
2,177,rectangle_java2.jpg,rectangle_java2.jpg,1211180358,104,794.15,762.0926923076923,730.5,766,177,21,System.out.println,18,class->block->function->block->block_content->expr_stmt->expr->call->name->name->operator->name->operator->name
2,177,rectangle_java2.jpg,rectangle_java2.jpg,1211328403,68,808.175294117647,770.4705882352941,730.5,766,177,21,System.out.println,18,class->block->function->block->block_content->expr_stmt->expr->call->name->name->operator->name->operator->name
2,177,rectangle_java2.jpg,rectangle_java2.jpg,1211428424,80,746.9205,757.805,730.5,766,177,21,System.out.println,18,class->block->function->block->block_content->expr_stmt->expr->call->name->name->operator->name->operator->name
2,177,rectangle_java2.jpg,rectangle_java2.jpg,1211532455,100,743.4196,750.7548,730.5,731,91,20,Rectangle,9,class->block->function->block->block_content->decl_stmt->decl->type->name
2,177,rectangle_java2.jpg,rectangle_java2.jpg,1211768397,208,826.4475,760.2617307692308,730.5,766,177,21,System.out.println,18,class->block->function->block->block_content->expr_stmt->expr->call->name->name->operator->name->operator->name
2,177,rectangle_java2.jpg,rectangle_java2.jpg,1211836338,64,833.623125,760.94625,730.5,766,177,21,System.out.println,18,class->block->function->block->block_content->expr_stmt->expr->call->name->name->operator->name->operator->name
2,177,rectangle_java2.jpg,rectangle_java2.jpg,1211972354,108,779.9396296296296,749.5840740740741,730.5,731,91,20,Rectangle,9,class->block->function->block->block_content->decl_stmt->decl->type->name
2,177,rectangle_java2.jpg,rectangle_java2.jpg,1212056373,80,741.785,745.346,730.5,731,91,20,Rectangle,9,class->block->function->block->block_content->decl_stmt->decl->type->name
2,177,rectangle_java2.jpg,rectangle_java2.jpg,1212160317,100,722.3256,754.164,730.5,766,177,21,System.out.println,18,class->block->function->block->block_content->expr_stmt->expr->call->name->name->operator->name->operator->name
2,177,rectangle_java2.jpg,rectangle_java2.jpg,1212364487,88,832.0159090909091,756.5468181818181,730.5,766,177,21,System.out.println,18,class->block->function->block->block_content->expr_stmt->expr->call->name->name->operator->name->operator->name
2,177,rectangle_java2.jpg,rectangle_java2.jpg,1212476688,108,825.4992592592592,747.9711111111111,826.5,731,51,20,rect2,5,class->block->function->block->block_content->decl_stmt->decl->name
2,177,rectangle_java2.jpg,rectangle_java2.jpg,1212904192,140,955.8751428571429,759.7271428571429,932.5,766,100,21,rect2.area,10,class->block->function->block->block_content->expr_stmt->expr->call->argument_list->argument->expr->call->name->name->operator->name
2,177,rectangle_java2.jpg,rectangle_java2.jpg,1212968219,60,966.1986666666667,774.4346666666667,932.5,766,100,21,rect2.area,10,class->block->function->block->block_content->expr_stmt->expr->call->argument_list->argument->expr->call->name->name->operator->name
2,177,rectangle_java2.jpg,rectangle_java2.jpg,1213048253,76,954.9357894736842,770.6694736842105,932.5,766,100,21,rect2.area,10,class->block->function->block->block_content->expr_stmt->expr->call->argument_list->argument->expr->call->name->name->operator->name
2,177,rectangle_java2.jpg,rectangle_java2.jpg,1213200219,68,1004.2941176470588,758.5170588235294,932.5,766,100,21,rect2.area,10,class->block->function->block->block_content->expr_stmt->expr->call->argument_list->argument->expr->call->name->name->operator->name
2,177,rectangle_java2.jpg,rectangle_java2.jpg,1213344216,140,1005.7451428571428,768.9277142857143,932.5,766,100,21,rect2.area,10,class->block->function->block->block_content->expr_stmt->expr->call->argument_list->argument->expr->call->name->name->operator->name
2,177,rectangle_java2.jpg,rectangle_java2.jpg,1213424220,76,1003.6394736842105,778.5278947368421,932.5,766,100,21,rect2.area,10,class->block->function->block->block_content->expr_stmt->expr->call->argument_list->argument->expr->call->name->name->operator->name
2,177,rectangle_java2.jpg,rectangle_java2.jpg,1214836110,116,913.576551724138,764.8720689655172,916.5,766,9,21,(,1,class->block->function->block->block_content->expr_stmt->expr->call->argument_list
2,177,rectangle_java2.jpg,rectangle_java2.jpg,1214920137,80,907.0955,771.5185,730.5,766,177,21,System.out.println,18,class->block->function->block->block_content->expr_stmt->expr->call->name->name->operator->name->operator->name
2,177,rectangle_java2.jpg,rectangle_java2.jpg,1214920137,80,907.0955,771.5185,916.5,766,9,21,(,1,class->block->function->block->block_content->expr_stmt->expr->call->argument_list
2,177,rectangle_java2.jpg,rectangle_java2.jpg,1215024161,92,749.3869565217391,772.3873913043478,730.5,766,177,21,System.out.println,18,class->block->function->block->block_content->expr_stmt->expr->call->name->name->operator->name->operator->name
2,177,rectangle_java2.jpg,rectangle_java2.jpg,1215104163,76,758.8042105263158,775.9515789473685,730.5,766,177,21,System.out.println,18,class->block->function->block->block_content->expr_stmt->expr->call->name->name->operator->name->operator->name
2,177,rectangle_java2.jpg,rectangle_java2.jpg,1215216041,108,738.5585185185186,786.6559259259259,730.5,766,177,21,System.out.println,18,class->block->function->block->block_content->expr_stmt->expr->call->name->name->operator->name->operator->name
2,177,rectangle_java2.jpg,rectangle_java2.jpg,1215287950,68,822.0711764705883,784.0164705882353,730.5,766,177,21,System.out.println,18,class->block->function->block->block_content->expr_stmt->expr->call->name->name->operator->name->operator->name
2,177,rectangle_java2.jpg,rectangle_java2.jpg,1216151929,112,841.5596428571429,720.2425,826.5,731,51,20,rect2,5,class->block->function->block->block_content->decl_stmt->decl->name
