trial,participant,code_file,code_language,timestamp,duration,x_cord,y_cord,aoi_x,aoi_y,aoi_width,aoi_height,token,length,srcML
2,181,rectangle_java2.jpg,rectangle_java2.jpg,4486593265,68,813.3741176470588,432.8182352941176,806.5,440,15,21,=,1,class->block->constructor->block->block_content->expr_stmt->expr->operator
2,181,rectangle_java2.jpg,rectangle_java2.jpg,4486661273,64,807.1,418.08187499999997,806.5,404,15,19,=,1,class->block->constructor->block->block_content->expr_stmt->expr->operator
2,181,rectangle_java2.jpg,rectangle_java2.jpg,4486925338,196,699.7622448979591,238.66795918367347,657.5,222,52,21,class,5,class
2,181,rectangle_java2.jpg,rectangle_java2.jpg,4487033344,68,660.0894117647059,252.0629411764706,669.5,259,72,21,private,7,class->block->decl_stmt->decl->type->specifier
2,181,rectangle_java2.jpg,rectangle_java2.jpg,4487521336,64,745.3925,249.48000000000002,747.5,259,33,21,int,3,class->block->decl_stmt->decl->type->name
2,181,rectangle_java2.jpg,rectangle_java2.jpg,4487601337,76,751.3084210526316,254.97052631578947,747.5,259,33,21,int,3,class->block->decl_stmt->decl->type->name
2,181,rectangle_java2.jpg,rectangle_java2.jpg,4488001344,108,775.7211111111111,289.4311111111111,737.5,295,91,21,Rectangle,9,class->block->constructor->name
2,181,rectangle_java2.jpg,rectangle_java2.jpg,4488193450,188,772.0919148936171,287.44617021276594,737.5,295,91,21,Rectangle,9,class->block->constructor->name
2,181,rectangle_java2.jpg,rectangle_java2.jpg,4488457016,164,813.1948780487805,293.44243902439024,737.5,295,91,21,Rectangle,9,class->block->constructor->name
2,181,rectangle_java2.jpg,rectangle_java2.jpg,4488697177,204,857.2103921568628,295.27372549019606,853.5,295,32,21,int,3,class->block->constructor->parameter_list->parameter->decl->type->name
2,181,rectangle_java2.jpg,rectangle_java2.jpg,4488769219,68,885.4070588235294,297.00588235294117,853.5,295,32,21,int,3,class->block->constructor->parameter_list->parameter->decl->type->name
2,181,rectangle_java2.jpg,rectangle_java2.jpg,4488769219,68,885.4070588235294,297.00588235294117,890.5,295,24,21,x1,2,class->block->constructor->parameter_list->parameter->decl->type->name
2,181,rectangle_java2.jpg,rectangle_java2.jpg,4488833244,60,902.812,296.20466666666664,890.5,295,24,21,x1,2,class->block->constructor->parameter_list->parameter->decl->type->name
2,181,rectangle_java2.jpg,rectangle_java2.jpg,4488953272,84,750.0852380952381,286.44380952380953,737.5,295,91,21,Rectangle,9,class->block->constructor->name
2,181,rectangle_java2.jpg,rectangle_java2.jpg,4489029291,72,762.4272222222222,292.76222222222225,737.5,295,91,21,Rectangle,9,class->block->constructor->name
2,181,rectangle_java2.jpg,rectangle_java2.jpg,4489141288,108,742.4803703703703,294.7137037037037,737.5,295,91,21,Rectangle,9,class->block->constructor->name
2,181,rectangle_java2.jpg,rectangle_java2.jpg,4489277261,72,706.4916666666667,313.2138888888889,669.5,295,63,21,public,6,class->block->constructor->specifier
2,181,rectangle_java2.jpg,rectangle_java2.jpg,4489553263,176,760.9384090909091,322.6434090909091,730.5,331,71,19,this.x1,7,class->block->constructor->block->block_content->expr_stmt->expr->name->name->operator->name
2,181,rectangle_java2.jpg,rectangle_java2.jpg,4489737263,96,793.3920833333333,325.9841666666667,730.5,331,71,19,this.x1,7,class->block->constructor->block->block_content->expr_stmt->expr->name->name->operator->name
2,181,rectangle_java2.jpg,rectangle_java2.jpg,4489897249,156,795.0441025641026,323.32179487179485,730.5,331,71,19,this.x1,7,class->block->constructor->block->block_content->expr_stmt->expr->name->name->operator->name
2,181,rectangle_java2.jpg,rectangle_java2.jpg,4489897249,156,795.0441025641026,323.32179487179485,806.5,331,15,19,=,1,class->block->constructor->block->block_content->expr_stmt->expr->operator
2,181,rectangle_java2.jpg,rectangle_java2.jpg,4490153154,148,762.4545945945946,355.5735135135135,730.5,367,71,21,this.y1,7,class->block->constructor->block->block_content->expr_stmt->expr->name->name->operator->name
2,181,rectangle_java2.jpg,rectangle_java2.jpg,4490277139,120,769.8033333333333,364.3743333333333,730.5,367,71,21,this.y1,7,class->block->constructor->block->block_content->expr_stmt->expr->name->name->operator->name
2,181,rectangle_java2.jpg,rectangle_java2.jpg,4490381070,100,782.7296,366.8668,730.5,367,71,21,this.y1,7,class->block->constructor->block->block_content->expr_stmt->expr->name->name->operator->name
2,181,rectangle_java2.jpg,rectangle_java2.jpg,4490589040,172,820.7037209302325,357.9772093023256,806.5,367,15,21,=,1,class->block->constructor->block->block_content->expr_stmt->expr->operator
2,181,rectangle_java2.jpg,rectangle_java2.jpg,4490589040,172,820.7037209302325,357.9772093023256,826.5,367,23,21,y1,2,class->block->constructor->block->block_content->expr_stmt->expr->name->name
2,181,rectangle_java2.jpg,rectangle_java2.jpg,4491217086,132,683.3151515151516,522.2139393939394,669.5,512,63,21,public,6,class->block->function->type->specifier
2,181,rectangle_java2.jpg,rectangle_java2.jpg,4491289085,68,710.0705882352942,525.3417647058824,669.5,512,63,21,public,6,class->block->function->type->specifier
2,181,rectangle_java2.jpg,rectangle_java2.jpg,4491389072,96,716.3929166666667,536.7008333333333,669.5,549,63,21,public,6,class->block->function->type->specifier
2,181,rectangle_java2.jpg,rectangle_java2.jpg,4491529031,92,792.424347826087,527.2186956521739,775.5,512,53,21,width,5,class->block->function->name
2,181,rectangle_java2.jpg,rectangle_java2.jpg,4491661050,128,784.4790625,526.03125,775.5,512,53,21,width,5,class->block->function->name
2,181,rectangle_java2.jpg,rectangle_java2.jpg,4492129067,88,762.6045454545455,516.6609090909091,737.5,512,33,21,int,3,class->block->function->type->name
2,181,rectangle_java2.jpg,rectangle_java2.jpg,4492288908,156,765.8835897435897,529.2861538461539,737.5,512,33,21,int,3,class->block->function->type->name
2,181,rectangle_java2.jpg,rectangle_java2.jpg,4492288908,156,765.8835897435897,529.2861538461539,775.5,512,53,21,width,5,class->block->function->name
2,181,rectangle_java2.jpg,rectangle_java2.jpg,4492368845,68,861.0782352941177,521.3582352941177,854.5,512,9,21,),1,class->block->function->parameter_list
2,181,rectangle_java2.jpg,rectangle_java2.jpg,4492540888,92,958.8773913043478,531.2547826086957,958.5,512,71,21,this.x2,7,class->block->function->block->block_content->return->expr->name->name->operator->name->operator
2,181,rectangle_java2.jpg,rectangle_java2.jpg,4492652927,56,934.13,549.0721428571428,900.5,549,63,21,return,6,class->block->function->block->block_content->return
2,181,rectangle_java2.jpg,rectangle_java2.jpg,4492732938,76,928.7878947368421,536.5036842105263,900.5,549,63,21,return,6,class->block->function->block->block_content->return
2,181,rectangle_java2.jpg,rectangle_java2.jpg,4493012937,148,982.3475675675676,532.8235135135135,958.5,512,71,21,this.x2,7,class->block->function->block->block_content->return->expr->name->name->operator->name->operator
2,181,rectangle_java2.jpg,rectangle_java2.jpg,4493096948,80,985.4085,516.196,958.5,512,71,21,this.x2,7,class->block->function->block->block_content->return->expr->name->name->operator->name->operator
2,181,rectangle_java2.jpg,rectangle_java2.jpg,4493176961,76,1062.6852631578947,524.208947368421,1054.5,512,71,21,this.x1,7,class->block->function->block->block_content->return->expr->name->name->operator->name
2,181,rectangle_java2.jpg,rectangle_java2.jpg,4493260968,80,1079.841,528.563,1054.5,512,71,21,this.x1,7,class->block->function->block->block_content->return->expr->name->name->operator->name
2,181,rectangle_java2.jpg,rectangle_java2.jpg,4493336968,72,1074.3694444444445,523.5966666666667,1054.5,512,71,21,this.x1,7,class->block->function->block->block_content->return->expr->name->name->operator->name
2,181,rectangle_java2.jpg,rectangle_java2.jpg,4493584888,132,733.6645454545454,562.1636363636363,737.5,549,33,21,int,3,class->block->function->type->name
2,181,rectangle_java2.jpg,rectangle_java2.jpg,4493680886,92,723.8891304347826,553.4578260869565,669.5,549,63,21,public,6,class->block->function->type->specifier
2,181,rectangle_java2.jpg,rectangle_java2.jpg,4493880912,160,791.0755,565.54075,775.5,549,62,21,height,6,class->block->function->name
2,181,rectangle_java2.jpg,rectangle_java2.jpg,4493996909,88,813.0736363636363,560.6827272727273,775.5,549,62,21,height,6,class->block->function->name
2,181,rectangle_java2.jpg,rectangle_java2.jpg,4494132753,132,803.6412121212121,566.8839393939394,775.5,549,62,21,height,6,class->block->function->name
2,181,rectangle_java2.jpg,rectangle_java2.jpg,4494304766,132,807.0412121212121,597.2163636363637,804.5,585,43,21,area,4,class->block->function->name
2,181,rectangle_java2.jpg,rectangle_java2.jpg,4494388815,80,787.341,593.0235,737.5,585,62,21,double,6,class->block->function->type->name
2,181,rectangle_java2.jpg,rectangle_java2.jpg,4494564791,172,772.303488372093,600.7574418604651,737.5,585,62,21,double,6,class->block->function->type->name
2,181,rectangle_java2.jpg,rectangle_java2.jpg,4494648786,68,846.6241176470588,594.1247058823529,804.5,585,43,21,area,4,class->block->function->name
2,181,rectangle_java2.jpg,rectangle_java2.jpg,4494648786,68,846.6241176470588,594.1247058823529,856.5,585,9,21,(,1,class->block->function->parameter_list
2,181,rectangle_java2.jpg,rectangle_java2.jpg,4494744791,92,852.4608695652174,585.5291304347826,856.5,585,9,21,(,1,class->block->function->parameter_list
2,181,rectangle_java2.jpg,rectangle_java2.jpg,4494828791,80,849.626,603.411,856.5,585,9,21,(,1,class->block->function->parameter_list
2,181,rectangle_java2.jpg,rectangle_java2.jpg,4494888783,56,939.6771428571428,601.4171428571428,910.5,585,62,21,return,6,class->block->function->block->block_content->return
2,181,rectangle_java2.jpg,rectangle_java2.jpg,4495068663,176,945.2104545454546,590.2822727272727,910.5,585,62,21,return,6,class->block->function->block->block_content->return
2,181,rectangle_java2.jpg,rectangle_java2.jpg,4495356793,192,1004.1170833333333,599.0791666666667,977.5,585,101,21,this.width,10,class->block->function->block->block_content->return->expr->call->name->name->operator->name
2,181,rectangle_java2.jpg,rectangle_java2.jpg,4495496798,104,1044.3257692307693,612.0088461538462,1025.5,621,42,21,args,4,class->block->function->parameter_list->parameter->decl->name
2,181,rectangle_java2.jpg,rectangle_java2.jpg,4495560747,60,1050.0433333333333,621.03,1025.5,621,42,21,args,4,class->block->function->parameter_list->parameter->decl->name
2,181,rectangle_java2.jpg,rectangle_java2.jpg,4495760915,152,1170.697894736842,592.9881578947368,1140.5,585,110,21,this.height,11,class->block->function->block->block_content->return->expr->call->name->name->operator->name
2,181,rectangle_java2.jpg,rectangle_java2.jpg,4495820958,56,1157.9335714285714,605.7535714285714,1140.5,585,110,21,this.height,11,class->block->function->block->block_content->return->expr->call->name->name->operator->name
2,181,rectangle_java2.jpg,rectangle_java2.jpg,4496180758,132,721.5460606060606,620.8990909090909,669.5,621,63,21,public,6,class->block->function->type->specifier
2,181,rectangle_java2.jpg,rectangle_java2.jpg,4496260727,76,713.6368421052632,636.3789473684211,669.5,621,63,21,public,6,class->block->function->type->specifier
2,181,rectangle_java2.jpg,rectangle_java2.jpg,4496440684,148,749.9754054054054,632.2316216216216,738.5,621,61,21,static,6,class->block->function->type->specifier
2,181,rectangle_java2.jpg,rectangle_java2.jpg,4496588686,120,797.6483333333333,627.6576666666666,738.5,621,61,21,static,6,class->block->function->type->specifier
2,181,rectangle_java2.jpg,rectangle_java2.jpg,4496588686,120,797.6483333333333,627.6576666666666,804.5,621,44,21,void,4,class->block->function->type->name
2,181,rectangle_java2.jpg,rectangle_java2.jpg,4496660647,68,799.9105882352941,627.2482352941176,804.5,621,44,21,void,4,class->block->function->type->name
2,181,rectangle_java2.jpg,rectangle_java2.jpg,4496888579,148,848.2162162162163,620.1356756756757,804.5,621,44,21,void,4,class->block->function->type->name
2,181,rectangle_java2.jpg,rectangle_java2.jpg,4496888579,148,848.2162162162163,620.1356756756757,851.5,621,44,21,main,4,class->block->function->name
2,181,rectangle_java2.jpg,rectangle_java2.jpg,4497048684,124,889.2741935483871,629.5996774193549,851.5,621,44,21,main,4,class->block->function->name
2,181,rectangle_java2.jpg,rectangle_java2.jpg,4497140693,88,881.0118181818182,639.5436363636363,851.5,621,44,21,main,4,class->block->function->name
2,181,rectangle_java2.jpg,rectangle_java2.jpg,4497360715,188,951.6985106382979,631.7263829787234,920.5,621,62,21,String,6,class->block->function->parameter_list->parameter->decl->type->name->name
2,181,rectangle_java2.jpg,rectangle_java2.jpg,4497512838,92,1031.8847826086956,633.0639130434782,1025.5,621,42,21,args,4,class->block->function->parameter_list->parameter->decl->name
2,181,rectangle_java2.jpg,rectangle_java2.jpg,4497584946,68,1041.8658823529413,629.8735294117647,1025.5,621,42,21,args,4,class->block->function->parameter_list->parameter->decl->name
2,181,rectangle_java2.jpg,rectangle_java2.jpg,4497748831,92,787.3778260869565,670.5569565217392,730.5,658,91,20,Rectangle,9,class->block->function->block->block_content->decl_stmt->decl->type->name
2,181,rectangle_java2.jpg,rectangle_java2.jpg,4497840726,88,784.59,659.0563636363636,730.5,658,91,20,Rectangle,9,class->block->function->block->block_content->decl_stmt->decl->type->name
2,181,rectangle_java2.jpg,rectangle_java2.jpg,4498116410,180,839.5933333333334,667.9266666666667,826.5,658,52,20,rect1,5,class->block->function->block->block_content->decl_stmt->decl->name
2,181,rectangle_java2.jpg,rectangle_java2.jpg,4498180465,60,868.5853333333333,660.3993333333333,826.5,658,52,20,rect1,5,class->block->function->block->block_content->decl_stmt->decl->name
2,181,rectangle_java2.jpg,rectangle_java2.jpg,4498328530,144,868.5888888888888,665.3152777777777,826.5,658,52,20,rect1,5,class->block->function->block->block_content->decl_stmt->decl->name
2,181,rectangle_java2.jpg,rectangle_java2.jpg,4498456563,100,923.5004,674.9784,902.5,658,34,20,new,3,class->block->function->block->block_content->decl_stmt->decl->init->expr->operator
2,181,rectangle_java2.jpg,rectangle_java2.jpg,4498540542,80,925.6949999999999,670.235,902.5,658,34,20,new,3,class->block->function->block->block_content->decl_stmt->decl->init->expr->operator
2,181,rectangle_java2.jpg,rectangle_java2.jpg,4498608527,64,916.499375,668.484375,902.5,658,34,20,new,3,class->block->function->block->block_content->decl_stmt->decl->init->expr->operator
2,181,rectangle_java2.jpg,rectangle_java2.jpg,4498708542,64,973.56875,662.623125,941.5,658,91,20,Rectangle,9,class->block->function->block->block_content->decl_stmt->decl->init->expr->call->name
2,181,rectangle_java2.jpg,rectangle_java2.jpg,4498884564,116,984.5879310344827,670.0796551724138,941.5,658,91,20,Rectangle,9,class->block->function->block->block_content->decl_stmt->decl->init->expr->call->name
2,181,rectangle_java2.jpg,rectangle_java2.jpg,4498960539,64,1067.3075,651.509375,1057.5,658,13,20,0,1,class->block->function->block->block_content->decl_stmt->decl->init->expr->call->argument_list->argument->expr->literal
2,181,rectangle_java2.jpg,rectangle_java2.jpg,4498960539,64,1067.3075,651.509375,1077.5,658,9,20,",",1,class->block->function->block->block_content->decl_stmt->decl->init->expr->call->argument_list
2,181,rectangle_java2.jpg,rectangle_java2.jpg,4499032523,68,1072.6776470588236,662.2176470588236,1077.5,658,9,20,",",1,class->block->function->block->block_content->decl_stmt->decl->init->expr->call->argument_list
2,181,rectangle_java2.jpg,rectangle_java2.jpg,4499156554,120,1080.3676666666668,673.6856666666666,1077.5,658,9,20,",",1,class->block->function->block->block_content->decl_stmt->decl->init->expr->call->argument_list
2,181,rectangle_java2.jpg,rectangle_java2.jpg,4499288569,68,1139.6288235294116,663.1023529411765,1134.5,658,22,20,10,2,class->block->function->block->block_content->decl_stmt->decl->init->expr->call->argument_list->argument->expr->literal
2,181,rectangle_java2.jpg,rectangle_java2.jpg,4499420567,128,1133.6328125,674.91375,1134.5,658,22,20,10,2,class->block->function->block->block_content->decl_stmt->decl->init->expr->call->argument_list->argument->expr->literal
2,181,rectangle_java2.jpg,rectangle_java2.jpg,4499512560,56,1173.0149999999999,673.5592857142857,1163.5,658,10,20,",",1,class->block->function->block->block_content->decl_stmt->decl->init->expr->call->argument_list
2,181,rectangle_java2.jpg,rectangle_java2.jpg,4499512560,56,1173.0149999999999,673.5592857142857,1182.5,658,22,20,10,2,class->block->function->block->block_content->decl_stmt->decl->init->expr->call->argument_list->argument->expr->literal
2,181,rectangle_java2.jpg,rectangle_java2.jpg,4499828390,60,804.962,661.758,730.5,658,91,20,Rectangle,9,class->block->function->block->block_content->decl_stmt->decl->type->name
2,181,rectangle_java2.jpg,rectangle_java2.jpg,4500000350,92,766.3604347826086,664.9465217391304,730.5,658,91,20,Rectangle,9,class->block->function->block->block_content->decl_stmt->decl->type->name
2,181,rectangle_java2.jpg,rectangle_java2.jpg,4500116376,112,774.8542857142858,686.3342857142857,730.5,694,177,21,System.out.println,18,class->block->function->block->block_content->expr_stmt->expr->call->name->name->operator->name->operator->name
2,181,rectangle_java2.jpg,rectangle_java2.jpg,4500368412,212,830.0979245283019,711.8303773584905,730.5,694,177,21,System.out.println,18,class->block->function->block->block_content->expr_stmt->expr->call->name->name->operator->name->operator->name
2,181,rectangle_java2.jpg,rectangle_java2.jpg,4500520408,80,878.45,703.5875,730.5,694,177,21,System.out.println,18,class->block->function->block->block_content->expr_stmt->expr->call->name->name->operator->name->operator->name
2,181,rectangle_java2.jpg,rectangle_java2.jpg,4500640417,116,880.0055172413793,695.4858620689655,730.5,694,177,21,System.out.println,18,class->block->function->block->block_content->expr_stmt->expr->call->name->name->operator->name->operator->name
2,181,rectangle_java2.jpg,rectangle_java2.jpg,4500716421,72,960.0144444444444,706.0661111111111,932.5,694,100,21,rect1.area,10,class->block->function->block->block_content->expr_stmt->expr->call->argument_list->argument->expr->call->name->name->operator->name
2,181,rectangle_java2.jpg,rectangle_java2.jpg,4500836421,116,973.2744827586207,714.99,932.5,694,100,21,rect1.area,10,class->block->function->block->block_content->expr_stmt->expr->call->argument_list->argument->expr->call->name->name->operator->name
2,181,rectangle_java2.jpg,rectangle_java2.jpg,4501016409,84,774.0214285714286,720.1109523809524,730.5,731,91,20,Rectangle,9,class->block->function->block->block_content->decl_stmt->decl->type->name
2,181,rectangle_java2.jpg,rectangle_java2.jpg,4501204254,184,766.79,708.1530434782609,730.5,694,177,21,System.out.println,18,class->block->function->block->block_content->expr_stmt->expr->call->name->name->operator->name->operator->name
2,181,rectangle_java2.jpg,rectangle_java2.jpg,4501344055,88,825.4463636363637,719.1945454545454,826.5,731,51,20,rect2,5,class->block->function->block->block_content->decl_stmt->decl->name
2,181,rectangle_java2.jpg,rectangle_java2.jpg,4501411884,64,827.104375,730.5475,826.5,731,51,20,rect2,5,class->block->function->block->block_content->decl_stmt->decl->name
2,181,rectangle_java2.jpg,rectangle_java2.jpg,4501507797,60,870.8866666666667,737.7273333333334,826.5,731,51,20,rect2,5,class->block->function->block->block_content->decl_stmt->decl->name
2,181,rectangle_java2.jpg,rectangle_java2.jpg,4501816300,72,930.2044444444444,722.5827777777778,902.5,731,34,20,new,3,class->block->function->block->block_content->decl_stmt->decl->init->expr->operator
2,181,rectangle_java2.jpg,rectangle_java2.jpg,4501816300,72,930.2044444444444,722.5827777777778,941.5,731,91,20,Rectangle,9,class->block->function->block->block_content->decl_stmt->decl->init->expr->call->name
2,181,rectangle_java2.jpg,rectangle_java2.jpg,4502040266,72,997.0011111111111,744.0677777777778,941.5,731,91,20,Rectangle,9,class->block->function->block->block_content->decl_stmt->decl->init->expr->call->name
2,181,rectangle_java2.jpg,rectangle_java2.jpg,4502648298,180,1125.3268888888888,736.6266666666667,1115.5,731,10,20,",",1,class->block->function->block->block_content->decl_stmt->decl->init->expr->call->argument_list
2,181,rectangle_java2.jpg,rectangle_java2.jpg,4502648298,180,1125.3268888888888,736.6266666666667,1134.5,731,22,20,10,2,class->block->function->block->block_content->decl_stmt->decl->init->expr->call->argument_list->argument->expr->literal
2,181,rectangle_java2.jpg,rectangle_java2.jpg,4502776347,92,1168.3452173913045,740.1734782608696,1163.5,731,10,20,",",1,class->block->function->block->block_content->decl_stmt->decl->init->expr->call->argument_list
2,181,rectangle_java2.jpg,rectangle_java2.jpg,4504408180,68,734.7747058823529,268.0941176470588,669.5,259,72,21,private,7,class->block->decl_stmt->decl->type->specifier
