trial,participant,code_file,code_language,timestamp,duration,x_cord,y_cord,aoi_x,aoi_y,aoi_width,aoi_height,token,length,srcML
2,208,rectangle_java2.jpg,rectangle_java2.jpg,1786943797,180,749.4957777777778,214.85733333333337,715.5,222,90,21,Rectangle,9,class->name
2,208,rectangle_java2.jpg,rectangle_java2.jpg,1787059815,112,755.8296428571429,211.1775,715.5,222,90,21,Rectangle,9,class->name
2,208,rectangle_java2.jpg,rectangle_java2.jpg,1787291813,56,777.1307142857142,213.74428571428575,715.5,222,90,21,Rectangle,9,class->name
2,208,rectangle_java2.jpg,rectangle_java2.jpg,1787435810,140,781.1334285714286,212.7942857142857,715.5,222,90,21,Rectangle,9,class->name
2,208,rectangle_java2.jpg,rectangle_java2.jpg,1787495798,56,778.8207142857143,228.32857142857142,715.5,222,90,21,Rectangle,9,class->name
2,208,rectangle_java2.jpg,rectangle_java2.jpg,1787595779,96,775.3154166666667,220.46958333333333,715.5,222,90,21,Rectangle,9,class->name
2,208,rectangle_java2.jpg,rectangle_java2.jpg,1787695767,96,783.13125,212.35749999999996,715.5,222,90,21,Rectangle,9,class->name
2,208,rectangle_java2.jpg,rectangle_java2.jpg,1788627588,84,738.7985714285714,265.7419047619048,669.5,259,72,21,private,7,class->block->decl_stmt->decl->type->specifier
2,208,rectangle_java2.jpg,rectangle_java2.jpg,1788627588,84,738.7985714285714,265.7419047619048,747.5,259,33,21,int,3,class->block->decl_stmt->decl->type->name
2,208,rectangle_java2.jpg,rectangle_java2.jpg,1788735569,104,744.2780769230769,274.1369230769231,747.5,259,33,21,int,3,class->block->decl_stmt->decl->type->name
2,208,rectangle_java2.jpg,rectangle_java2.jpg,1788871563,132,730.0830303030303,267.8627272727273,669.5,259,72,21,private,7,class->block->decl_stmt->decl->type->specifier
2,208,rectangle_java2.jpg,rectangle_java2.jpg,1789067666,112,780.9557142857143,254.67821428571426,785.5,259,23,21,x1,2,class->block->decl_stmt->decl->name
2,208,rectangle_java2.jpg,rectangle_java2.jpg,1789151650,80,782.421,261.4895,785.5,259,23,21,x1,2,class->block->decl_stmt->decl->name
2,208,rectangle_java2.jpg,rectangle_java2.jpg,1789267620,80,717.881,264.9695,669.5,259,72,21,private,7,class->block->decl_stmt->decl->type->specifier
2,208,rectangle_java2.jpg,rectangle_java2.jpg,1789475405,84,725.542380952381,254.87666666666667,669.5,259,72,21,private,7,class->block->decl_stmt->decl->type->specifier
2,208,rectangle_java2.jpg,rectangle_java2.jpg,1789551414,60,832.1466666666666,255.09266666666667,833.5,259,23,21,y1,2,class->block->decl_stmt->decl->name
2,208,rectangle_java2.jpg,rectangle_java2.jpg,1789643441,88,836.9290909090909,266.90590909090906,833.5,259,23,21,y1,2,class->block->decl_stmt->decl->name
2,208,rectangle_java2.jpg,rectangle_java2.jpg,1789743476,96,838.4929166666667,266.6670833333333,833.5,259,23,21,y1,2,class->block->decl_stmt->decl->name
2,208,rectangle_java2.jpg,rectangle_java2.jpg,1789859484,76,794.4542105263158,263.52894736842103,785.5,259,23,21,x1,2,class->block->decl_stmt->decl->name
2,208,rectangle_java2.jpg,rectangle_java2.jpg,1790043487,180,793.1171111111111,270.9371111111111,785.5,259,23,21,x1,2,class->block->decl_stmt->decl->name
2,208,rectangle_java2.jpg,rectangle_java2.jpg,1790375795,292,901.2028767123288,257.71739726027397,881.5,259,23,21,x2,2,class->block->decl_stmt->decl->name
2,208,rectangle_java2.jpg,rectangle_java2.jpg,1790375795,292,901.2028767123288,257.71739726027397,911.5,259,10,21,",",1,class->block->decl_stmt
2,208,rectangle_java2.jpg,rectangle_java2.jpg,1790455848,76,891.9531578947368,250.5873684210526,881.5,259,23,21,x2,2,class->block->decl_stmt->decl->name
2,208,rectangle_java2.jpg,rectangle_java2.jpg,1790519854,60,907.5173333333333,265.51933333333335,911.5,259,10,21,",",1,class->block->decl_stmt
2,208,rectangle_java2.jpg,rectangle_java2.jpg,1791551377,224,791.7096428571429,260.0548214285714,785.5,259,23,21,x1,2,class->block->decl_stmt->decl->name
2,208,rectangle_java2.jpg,rectangle_java2.jpg,1791739378,184,788.6104347826088,247.09000000000003,785.5,259,23,21,x1,2,class->block->decl_stmt->decl->name
2,208,rectangle_java2.jpg,rectangle_java2.jpg,1791979324,92,843.0786956521739,302.06347826086954,837.5,295,9,21,(,1,class->block->constructor->parameter_list
2,208,rectangle_java2.jpg,rectangle_java2.jpg,1791979324,92,843.0786956521739,302.06347826086954,853.5,295,32,21,int,3,class->block->constructor->parameter_list->parameter->decl->type->name
2,208,rectangle_java2.jpg,rectangle_java2.jpg,1792095346,80,893.6925,308.032,890.5,295,24,21,x1,2,class->block->constructor->parameter_list->parameter->decl->type->name
2,208,rectangle_java2.jpg,rectangle_java2.jpg,1792331366,176,793.3893181818182,300.6525,737.5,295,91,21,Rectangle,9,class->block->constructor->name
2,208,rectangle_java2.jpg,rectangle_java2.jpg,1792463313,128,824.1153125,300.606875,737.5,295,91,21,Rectangle,9,class->block->constructor->name
2,208,rectangle_java2.jpg,rectangle_java2.jpg,1792631240,164,828.4285365853658,307.5958536585366,737.5,295,91,21,Rectangle,9,class->block->constructor->name
2,208,rectangle_java2.jpg,rectangle_java2.jpg,1792631240,164,828.4285365853658,307.5958536585366,837.5,295,9,21,(,1,class->block->constructor->parameter_list
2,208,rectangle_java2.jpg,rectangle_java2.jpg,1792711238,76,833.0094736842105,308.4894736842105,837.5,295,9,21,(,1,class->block->constructor->parameter_list
2,208,rectangle_java2.jpg,rectangle_java2.jpg,1792799225,84,826.357619047619,298.92857142857144,737.5,295,91,21,Rectangle,9,class->block->constructor->name
2,208,rectangle_java2.jpg,rectangle_java2.jpg,1792799225,84,826.357619047619,298.92857142857144,837.5,295,9,21,(,1,class->block->constructor->parameter_list
2,208,rectangle_java2.jpg,rectangle_java2.jpg,1792991217,60,980.3413333333333,287.1566666666667,977.5,295,23,21,y1,2,class->block->constructor->parameter_list->parameter->decl->type->name
2,208,rectangle_java2.jpg,rectangle_java2.jpg,1793231277,68,926.7170588235294,271.23117647058825,929.5,259,23,21,y2,2,class->block->decl_stmt->decl->name
2,208,rectangle_java2.jpg,rectangle_java2.jpg,1793315288,80,891.062,264.7515,881.5,259,23,21,x2,2,class->block->decl_stmt->decl->name
2,208,rectangle_java2.jpg,rectangle_java2.jpg,1793407263,88,889.7281818181818,267.3322727272727,881.5,259,23,21,x2,2,class->block->decl_stmt->decl->name
2,208,rectangle_java2.jpg,rectangle_java2.jpg,1794883103,100,856.3948,334.3828,856.5,331,10,19,;,1,class->block->constructor->block->block_content->expr_stmt
2,208,rectangle_java2.jpg,rectangle_java2.jpg,1794955099,68,859.48,342.1070588235294,856.5,331,10,19,;,1,class->block->constructor->block->block_content->expr_stmt
2,208,rectangle_java2.jpg,rectangle_java2.jpg,1795119134,68,823.8994117647059,306.7735294117647,737.5,295,91,21,Rectangle,9,class->block->constructor->name
2,208,rectangle_java2.jpg,rectangle_java2.jpg,1795207161,84,811.3514285714285,303.4004761904762,737.5,295,91,21,Rectangle,9,class->block->constructor->name
2,208,rectangle_java2.jpg,rectangle_java2.jpg,1795291177,80,822.229,301.6485,737.5,295,91,21,Rectangle,9,class->block->constructor->name
2,208,rectangle_java2.jpg,rectangle_java2.jpg,1795351189,56,819.31,285.41714285714284,737.5,295,91,21,Rectangle,9,class->block->constructor->name
2,208,rectangle_java2.jpg,rectangle_java2.jpg,1795527129,56,832.115,279.85785714285714,833.5,259,23,21,y1,2,class->block->decl_stmt->decl->name
2,208,rectangle_java2.jpg,rectangle_java2.jpg,1795599085,68,824.4129411764706,303.2576470588235,737.5,295,91,21,Rectangle,9,class->block->constructor->name
2,208,rectangle_java2.jpg,rectangle_java2.jpg,1795726910,76,808.2494736842106,332.92473684210523,806.5,331,15,19,=,1,class->block->constructor->block->block_content->expr_stmt->expr->operator
2,208,rectangle_java2.jpg,rectangle_java2.jpg,1795918939,188,821.7676595744681,337.3829787234043,826.5,331,23,19,x1,2,class->block->constructor->block->block_content->expr_stmt->expr->name->name
2,208,rectangle_java2.jpg,rectangle_java2.jpg,1796082997,160,811.77075,320.54025,806.5,331,15,19,=,1,class->block->constructor->block->block_content->expr_stmt->expr->operator
2,208,rectangle_java2.jpg,rectangle_java2.jpg,1796146990,60,810.3506666666667,322.028,806.5,331,15,19,=,1,class->block->constructor->block->block_content->expr_stmt->expr->operator
2,208,rectangle_java2.jpg,rectangle_java2.jpg,1796902922,336,828.1867857142857,311.05904761904765,737.5,295,91,21,Rectangle,9,class->block->constructor->name
2,208,rectangle_java2.jpg,rectangle_java2.jpg,1796902922,336,828.1867857142857,311.05904761904765,837.5,295,9,21,(,1,class->block->constructor->parameter_list
2,208,rectangle_java2.jpg,rectangle_java2.jpg,1797358699,88,824.7981818181818,365.20863636363634,826.5,367,23,21,y1,2,class->block->constructor->block->block_content->expr_stmt->expr->name->name
2,208,rectangle_java2.jpg,rectangle_java2.jpg,1797806804,120,810.408,334.505,806.5,331,15,19,=,1,class->block->constructor->block->block_content->expr_stmt->expr->operator
2,208,rectangle_java2.jpg,rectangle_java2.jpg,1797975179,164,813.1721951219512,338.62341463414634,806.5,331,15,19,=,1,class->block->constructor->block->block_content->expr_stmt->expr->operator
2,208,rectangle_java2.jpg,rectangle_java2.jpg,1798150990,172,809.6872093023256,340.0386046511628,806.5,331,15,19,=,1,class->block->constructor->block->block_content->expr_stmt->expr->operator
2,208,rectangle_java2.jpg,rectangle_java2.jpg,1798398838,136,806.4870588235294,322.22764705882355,806.5,331,15,19,=,1,class->block->constructor->block->block_content->expr_stmt->expr->operator
2,208,rectangle_java2.jpg,rectangle_java2.jpg,1798470838,68,803.34,313.0776470588235,737.5,295,91,21,Rectangle,9,class->block->constructor->name
2,208,rectangle_java2.jpg,rectangle_java2.jpg,1798854789,56,825.3828571428571,378.805,826.5,367,23,21,y1,2,class->block->constructor->block->block_content->expr_stmt->expr->name->name
2,208,rectangle_java2.jpg,rectangle_java2.jpg,1798918743,60,820.5873333333334,374.9886666666667,806.5,367,15,21,=,1,class->block->constructor->block->block_content->expr_stmt->expr->operator
2,208,rectangle_java2.jpg,rectangle_java2.jpg,1798918743,60,820.5873333333334,374.9886666666667,826.5,367,23,21,y1,2,class->block->constructor->block->block_content->expr_stmt->expr->name->name
2,208,rectangle_java2.jpg,rectangle_java2.jpg,1799058693,136,818.1370588235294,374.2711764705882,806.5,367,15,21,=,1,class->block->constructor->block->block_content->expr_stmt->expr->operator
2,208,rectangle_java2.jpg,rectangle_java2.jpg,1799058693,136,818.1370588235294,374.2711764705882,826.5,367,23,21,y1,2,class->block->constructor->block->block_content->expr_stmt->expr->name->name
2,208,rectangle_java2.jpg,rectangle_java2.jpg,1799222752,124,849.0051612903226,380.50967741935483,826.5,367,23,21,y1,2,class->block->constructor->block->block_content->expr_stmt->expr->name->name
2,208,rectangle_java2.jpg,rectangle_java2.jpg,1799222752,124,849.0051612903226,380.50967741935483,856.5,367,10,21,;,1,class->block->constructor->block->block_content->expr_stmt
2,208,rectangle_java2.jpg,rectangle_java2.jpg,1800078591,156,838.8197435897436,416.6707692307692,826.5,404,23,19,x2,2,class->block->constructor->block->block_content->expr_stmt->expr->name->name
2,208,rectangle_java2.jpg,rectangle_java2.jpg,1800206702,124,834.6029032258065,420.8309677419354,826.5,404,23,19,x2,2,class->block->constructor->block->block_content->expr_stmt->expr->name->name
2,208,rectangle_java2.jpg,rectangle_java2.jpg,1800350650,140,828.218,415.9822857142857,826.5,404,23,19,x2,2,class->block->constructor->block->block_content->expr_stmt->expr->name->name
2,208,rectangle_java2.jpg,rectangle_java2.jpg,1800778575,100,845.8508,363.6032,826.5,367,23,21,y1,2,class->block->constructor->block->block_content->expr_stmt->expr->name->name
2,208,rectangle_java2.jpg,rectangle_java2.jpg,1800778575,100,845.8508,363.6032,856.5,367,10,21,;,1,class->block->constructor->block->block_content->expr_stmt
2,208,rectangle_java2.jpg,rectangle_java2.jpg,1800946567,116,846.8579310344827,341.70620689655175,826.5,331,23,19,x1,2,class->block->constructor->block->block_content->expr_stmt->expr->name->name
2,208,rectangle_java2.jpg,rectangle_java2.jpg,1800946567,116,846.8579310344827,341.70620689655175,856.5,331,10,19,;,1,class->block->constructor->block->block_content->expr_stmt
2,208,rectangle_java2.jpg,rectangle_java2.jpg,1801094567,144,828.9461111111111,338.6388888888889,826.5,331,23,19,x1,2,class->block->constructor->block->block_content->expr_stmt->expr->name->name
2,208,rectangle_java2.jpg,rectangle_java2.jpg,1801294566,196,820.3006122448979,355.7173469387755,806.5,367,15,21,=,1,class->block->constructor->block->block_content->expr_stmt->expr->operator
2,208,rectangle_java2.jpg,rectangle_java2.jpg,1801294566,196,820.3006122448979,355.7173469387755,826.5,367,23,21,y1,2,class->block->constructor->block->block_content->expr_stmt->expr->name->name
2,208,rectangle_java2.jpg,rectangle_java2.jpg,1801454540,116,853.5144827586207,343.0596551724138,856.5,331,10,19,;,1,class->block->constructor->block->block_content->expr_stmt
2,208,rectangle_java2.jpg,rectangle_java2.jpg,1801562513,104,859.2726923076923,338.1884615384615,856.5,331,10,19,;,1,class->block->constructor->block->block_content->expr_stmt
2,208,rectangle_java2.jpg,rectangle_java2.jpg,1802030424,212,845.0803773584905,314.2911320754717,837.5,295,9,21,(,1,class->block->constructor->parameter_list
2,208,rectangle_java2.jpg,rectangle_java2.jpg,1802030424,212,845.0803773584905,314.2911320754717,853.5,295,32,21,int,3,class->block->constructor->parameter_list->parameter->decl->type->name
2,208,rectangle_java2.jpg,rectangle_java2.jpg,1802090358,56,846.5442857142857,329.975,826.5,331,23,19,x1,2,class->block->constructor->block->block_content->expr_stmt->expr->name->name
2,208,rectangle_java2.jpg,rectangle_java2.jpg,1802090358,56,846.5442857142857,329.975,856.5,331,10,19,;,1,class->block->constructor->block->block_content->expr_stmt
2,208,rectangle_java2.jpg,rectangle_java2.jpg,1802494421,84,841.9285714285714,545.71,846.5,549,10,21,(,1,class->block->function->parameter_list
2,208,rectangle_java2.jpg,rectangle_java2.jpg,1802558421,60,836.5446666666667,563.7813333333334,775.5,549,62,21,height,6,class->block->function->name
2,208,rectangle_java2.jpg,rectangle_java2.jpg,1802558421,60,836.5446666666667,563.7813333333334,846.5,549,10,21,(,1,class->block->function->parameter_list
2,208,rectangle_java2.jpg,rectangle_java2.jpg,1802954395,80,930.9805,575.404,910.5,585,62,21,return,6,class->block->function->block->block_content->return
2,208,rectangle_java2.jpg,rectangle_java2.jpg,1803050394,92,923.9826086956522,581.4060869565218,910.5,585,62,21,return,6,class->block->function->block->block_content->return
2,208,rectangle_java2.jpg,rectangle_java2.jpg,1803326415,60,861.4893333333333,605.3466666666667,856.5,585,9,21,(,1,class->block->function->parameter_list
2,208,rectangle_java2.jpg,rectangle_java2.jpg,1803326415,60,861.4893333333333,605.3466666666667,873.5,585,9,21,),1,class->block->function->parameter_list
2,208,rectangle_java2.jpg,rectangle_java2.jpg,1803422433,92,845.8126086956522,599.0269565217392,804.5,585,43,21,area,4,class->block->function->name
2,208,rectangle_java2.jpg,rectangle_java2.jpg,1803422433,92,845.8126086956522,599.0269565217392,856.5,585,9,21,(,1,class->block->function->parameter_list
2,208,rectangle_java2.jpg,rectangle_java2.jpg,1803502443,76,851.1647368421053,605.34,856.5,585,9,21,(,1,class->block->function->parameter_list
2,208,rectangle_java2.jpg,rectangle_java2.jpg,1803590451,84,850.8519047619047,595.12,856.5,585,9,21,(,1,class->block->function->parameter_list
2,208,rectangle_java2.jpg,rectangle_java2.jpg,1803818321,60,781.8253333333333,601.01,737.5,585,62,21,double,6,class->block->function->type->name
2,208,rectangle_java2.jpg,rectangle_java2.jpg,1803978332,84,770.3938095238095,618.6028571428571,738.5,621,61,21,static,6,class->block->function->type->specifier
2,208,rectangle_java2.jpg,rectangle_java2.jpg,1804046327,64,768.998125,601.619375,737.5,585,62,21,double,6,class->block->function->type->name
2,208,rectangle_java2.jpg,rectangle_java2.jpg,1804310310,112,878.1917857142857,650.7157142857143,826.5,658,52,20,rect1,5,class->block->function->block->block_content->decl_stmt->decl->name
2,208,rectangle_java2.jpg,rectangle_java2.jpg,1804310310,112,878.1917857142857,650.7157142857143,883.5,658,15,20,=,1,class->block->function->block->block_content->decl_stmt->decl->init
2,208,rectangle_java2.jpg,rectangle_java2.jpg,1804422308,108,880.0151851851851,635.164074074074,851.5,621,44,21,main,4,class->block->function->name
2,208,rectangle_java2.jpg,rectangle_java2.jpg,1804506300,80,875.2379999999999,623.6645,851.5,621,44,21,main,4,class->block->function->name
2,208,rectangle_java2.jpg,rectangle_java2.jpg,1804686307,88,932.2927272727272,637.9736363636364,920.5,621,62,21,String,6,class->block->function->parameter_list->parameter->decl->type->name->name
2,208,rectangle_java2.jpg,rectangle_java2.jpg,1804826210,64,934.785625,668.446875,902.5,658,34,20,new,3,class->block->function->block->block_content->decl_stmt->decl->init->expr->operator
2,208,rectangle_java2.jpg,rectangle_java2.jpg,1804826210,64,934.785625,668.446875,941.5,658,91,20,Rectangle,9,class->block->function->block->block_content->decl_stmt->decl->init->expr->call->name
2,208,rectangle_java2.jpg,rectangle_java2.jpg,1805130066,104,1094.0007692307693,629.6703846153846,1094.5,621,10,21,{,1,class->block->function->block
2,208,rectangle_java2.jpg,rectangle_java2.jpg,1805210150,76,1086.4852631578947,613.1078947368421,1094.5,621,10,21,{,1,class->block->function->block
2,208,rectangle_java2.jpg,rectangle_java2.jpg,1805270157,56,1073.2235714285714,612.7228571428572,1074.5,621,10,21,),1,class->block->function->parameter_list
2,208,rectangle_java2.jpg,rectangle_java2.jpg,1805529867,92,893.0260869565218,698.035652173913,730.5,694,177,21,System.out.println,18,class->block->function->block->block_content->expr_stmt->expr->call->name->name->operator->name->operator->name
2,208,rectangle_java2.jpg,rectangle_java2.jpg,1805721988,72,889.0655555555555,714.47,730.5,694,177,21,System.out.println,18,class->block->function->block->block_content->expr_stmt->expr->call->name->name->operator->name->operator->name
2,208,rectangle_java2.jpg,rectangle_java2.jpg,1806050126,104,838.0615384615385,614.4076923076923,804.5,621,44,21,void,4,class->block->function->type->name
2,208,rectangle_java2.jpg,rectangle_java2.jpg,1806162110,108,840.3011111111111,605.804074074074,804.5,585,43,21,area,4,class->block->function->name
2,208,rectangle_java2.jpg,rectangle_java2.jpg,1806230107,64,829.095,625.92625,804.5,621,44,21,void,4,class->block->function->type->name
2,208,rectangle_java2.jpg,rectangle_java2.jpg,1806318112,84,834.8242857142857,615.3552380952381,804.5,621,44,21,void,4,class->block->function->type->name
2,208,rectangle_java2.jpg,rectangle_java2.jpg,1806450129,76,831.3615789473685,610.4610526315789,804.5,621,44,21,void,4,class->block->function->type->name
2,208,rectangle_java2.jpg,rectangle_java2.jpg,1806510145,56,832.9764285714285,629.5528571428572,804.5,621,44,21,void,4,class->block->function->type->name
2,208,rectangle_java2.jpg,rectangle_java2.jpg,1806682262,64,950.49375,707.603125,932.5,694,100,21,rect1.area,10,class->block->function->block->block_content->expr_stmt->expr->call->argument_list->argument->expr->call->name->name->operator->name
2,208,rectangle_java2.jpg,rectangle_java2.jpg,1806834390,56,951.4,684.935,932.5,694,100,21,rect1.area,10,class->block->function->block->block_content->expr_stmt->expr->call->argument_list->argument->expr->call->name->name->operator->name
2,208,rectangle_java2.jpg,rectangle_java2.jpg,1806914225,76,952.37,694.8915789473684,932.5,694,100,21,rect1.area,10,class->block->function->block->block_content->expr_stmt->expr->call->argument_list->argument->expr->call->name->name->operator->name
2,208,rectangle_java2.jpg,rectangle_java2.jpg,1807278050,132,910.5524242424242,632.0454545454545,904.5,621,9,21,(,1,class->block->function->parameter_list
2,208,rectangle_java2.jpg,rectangle_java2.jpg,1807278050,132,910.5524242424242,632.0454545454545,920.5,621,62,21,String,6,class->block->function->parameter_list->parameter->decl->type->name->name
2,208,rectangle_java2.jpg,rectangle_java2.jpg,1807354068,56,902.6914285714286,623.7814285714286,904.5,621,9,21,(,1,class->block->function->parameter_list
2,208,rectangle_java2.jpg,rectangle_java2.jpg,1807742030,60,884.7546666666667,626.8100000000001,851.5,621,44,21,main,4,class->block->function->name
2,208,rectangle_java2.jpg,rectangle_java2.jpg,1807858025,112,884.7167857142857,639.6232142857143,851.5,621,44,21,main,4,class->block->function->name
2,208,rectangle_java2.jpg,rectangle_java2.jpg,1807974023,56,888.8092857142857,665.4164285714286,883.5,658,15,20,=,1,class->block->function->block->block_content->decl_stmt->decl->init
