trial,participant,code_file,code_language,timestamp,duration,x_cord,y_cord,aoi_x,aoi_y,aoi_width,aoi_height,token,length,srcML
2,20,rectangle_java2.jpg,rectangle_java2.jpg,1574049669,236,762.495593220339,252.19796610169487,747.5,259,33,21,int,3,class->block->decl_stmt->decl->type->name
2,20,rectangle_java2.jpg,rectangle_java2.jpg,1574629554,264,726.1643939393939,241.22696969696972,715.5,222,90,21,Rectangle,9,class->name
2,20,rectangle_java2.jpg,rectangle_java2.jpg,1574869587,204,802.3821568627451,284.3623529411765,737.5,295,91,21,Rectangle,9,class->block->constructor->name
2,20,rectangle_java2.jpg,rectangle_java2.jpg,1575037589,164,804.4043902439024,288.8451219512195,737.5,295,91,21,Rectangle,9,class->block->constructor->name
2,20,rectangle_java2.jpg,rectangle_java2.jpg,1575165588,124,785.0229032258064,299.92870967741936,737.5,295,91,21,Rectangle,9,class->block->constructor->name
2,20,rectangle_java2.jpg,rectangle_java2.jpg,1575405509,64,901.9375,283.261875,890.5,295,24,21,x1,2,class->block->constructor->parameter_list->parameter->decl->type->name
2,20,rectangle_java2.jpg,rectangle_java2.jpg,1575649430,240,904.155,303.5061666666667,890.5,295,24,21,x1,2,class->block->constructor->parameter_list->parameter->decl->type->name
2,20,rectangle_java2.jpg,rectangle_java2.jpg,1576089425,56,846.3692857142858,286.19357142857143,837.5,295,9,21,(,1,class->block->constructor->parameter_list
2,20,rectangle_java2.jpg,rectangle_java2.jpg,1576089425,56,846.3692857142858,286.19357142857143,853.5,295,32,21,int,3,class->block->constructor->parameter_list->parameter->decl->type->name
2,20,rectangle_java2.jpg,rectangle_java2.jpg,1576201452,108,856.967037037037,306.8196296296296,853.5,295,32,21,int,3,class->block->constructor->parameter_list->parameter->decl->type->name
2,20,rectangle_java2.jpg,rectangle_java2.jpg,1576381468,128,854.25375,315.9190625,853.5,295,32,21,int,3,class->block->constructor->parameter_list->parameter->decl->type->name
2,20,rectangle_java2.jpg,rectangle_java2.jpg,1576565445,136,929.9208823529411,303.69323529411764,921.5,295,9,21,",",1,class->block->constructor->parameter_list
2,20,rectangle_java2.jpg,rectangle_java2.jpg,1576565445,136,929.9208823529411,303.69323529411764,939.5,295,33,21,int,3,class->block->constructor->parameter_list->parameter->decl->type->name
2,20,rectangle_java2.jpg,rectangle_java2.jpg,1576717443,148,926.9310810810811,292.96054054054053,921.5,295,9,21,",",1,class->block->constructor->parameter_list
2,20,rectangle_java2.jpg,rectangle_java2.jpg,1577041420,280,888.2078571428572,301.84114285714287,890.5,295,24,21,x1,2,class->block->constructor->parameter_list->parameter->decl->type->name
2,20,rectangle_java2.jpg,rectangle_java2.jpg,1577369342,280,858.8181428571429,299.1481428571429,853.5,295,32,21,int,3,class->block->constructor->parameter_list->parameter->decl->type->name
2,20,rectangle_java2.jpg,rectangle_java2.jpg,1577657308,260,917.5772307692308,295.97138461538464,921.5,295,9,21,",",1,class->block->constructor->parameter_list
2,20,rectangle_java2.jpg,rectangle_java2.jpg,1577773388,92,985.7934782608696,304.40608695652173,977.5,295,23,21,y1,2,class->block->constructor->parameter_list->parameter->decl->type->name
2,20,rectangle_java2.jpg,rectangle_java2.jpg,1578121244,56,928.5457142857143,279.175,929.5,259,23,21,y2,2,class->block->decl_stmt->decl->name
2,20,rectangle_java2.jpg,rectangle_java2.jpg,1578205261,80,931.3175,267.246,929.5,259,23,21,y2,2,class->block->decl_stmt->decl->name
2,20,rectangle_java2.jpg,rectangle_java2.jpg,1578285276,76,925.7568421052631,279.30105263157895,929.5,259,23,21,y2,2,class->block->decl_stmt->decl->name
2,20,rectangle_java2.jpg,rectangle_java2.jpg,1578553248,200,978.7982,297.3214,977.5,295,23,21,y1,2,class->block->constructor->parameter_list->parameter->decl->type->name
2,20,rectangle_java2.jpg,rectangle_java2.jpg,1578617264,60,981.3793333333333,298.44533333333334,977.5,295,23,21,y1,2,class->block->constructor->parameter_list->parameter->decl->type->name
2,20,rectangle_java2.jpg,rectangle_java2.jpg,1578933355,248,1062.6546774193548,301.4709677419355,1063.5,295,23,21,x2,2,class->block->constructor->parameter_list->parameter->decl->type->name
2,20,rectangle_java2.jpg,rectangle_java2.jpg,1579141403,168,1141.7433333333333,299.17285714285714,1112.5,295,33,21,int,3,class->block->constructor->parameter_list->parameter->decl->type->name
2,20,rectangle_java2.jpg,rectangle_java2.jpg,1579141403,168,1141.7433333333333,299.17285714285714,1150.5,295,23,21,y2,2,class->block->constructor->parameter_list->parameter->decl->type->name
2,20,rectangle_java2.jpg,rectangle_java2.jpg,1579261313,116,1138.778275862069,302.33862068965516,1112.5,295,33,21,int,3,class->block->constructor->parameter_list->parameter->decl->type->name
2,20,rectangle_java2.jpg,rectangle_java2.jpg,1579261313,116,1138.778275862069,302.33862068965516,1150.5,295,23,21,y2,2,class->block->constructor->parameter_list->parameter->decl->type->name
2,20,rectangle_java2.jpg,rectangle_java2.jpg,1579413260,148,1143.1886486486487,301.84945945945947,1112.5,295,33,21,int,3,class->block->constructor->parameter_list->parameter->decl->type->name
2,20,rectangle_java2.jpg,rectangle_java2.jpg,1579413260,148,1143.1886486486487,301.84945945945947,1150.5,295,23,21,y2,2,class->block->constructor->parameter_list->parameter->decl->type->name
2,20,rectangle_java2.jpg,rectangle_java2.jpg,1579685138,248,1033.8879032258064,293.44354838709677,1025.5,295,33,21,int,3,class->block->constructor->parameter_list->parameter->decl->type->name
2,20,rectangle_java2.jpg,rectangle_java2.jpg,1579877184,172,945.1372093023256,288.68930232558137,939.5,295,33,21,int,3,class->block->constructor->parameter_list->parameter->decl->type->name
2,20,rectangle_java2.jpg,rectangle_java2.jpg,1579973182,92,943.7139130434782,295.5978260869565,939.5,295,33,21,int,3,class->block->constructor->parameter_list->parameter->decl->type->name
2,20,rectangle_java2.jpg,rectangle_java2.jpg,1580129186,136,863.5235294117647,293.1658823529412,853.5,295,32,21,int,3,class->block->constructor->parameter_list->parameter->decl->type->name
2,20,rectangle_java2.jpg,rectangle_java2.jpg,1580253311,120,861.529,294.2006666666667,853.5,295,32,21,int,3,class->block->constructor->parameter_list->parameter->decl->type->name
2,20,rectangle_java2.jpg,rectangle_java2.jpg,1580457211,132,908.7539393939394,298.150303030303,890.5,295,24,21,x1,2,class->block->constructor->parameter_list->parameter->decl->type->name
2,20,rectangle_java2.jpg,rectangle_java2.jpg,1580865211,120,977.618,284.81966666666665,977.5,295,23,21,y1,2,class->block->constructor->parameter_list->parameter->decl->type->name
2,20,rectangle_java2.jpg,rectangle_java2.jpg,1580929204,60,989.4813333333334,295.24533333333335,977.5,295,23,21,y1,2,class->block->constructor->parameter_list->parameter->decl->type->name
2,20,rectangle_java2.jpg,rectangle_java2.jpg,1581073230,140,983.2234285714286,296.954,977.5,295,23,21,y1,2,class->block->constructor->parameter_list->parameter->decl->type->name
2,20,rectangle_java2.jpg,rectangle_java2.jpg,1581133212,56,984.7092857142857,301.415,977.5,295,23,21,y1,2,class->block->constructor->parameter_list->parameter->decl->type->name
2,20,rectangle_java2.jpg,rectangle_java2.jpg,1581232991,56,1050.4814285714285,302.3535714285714,1025.5,295,33,21,int,3,class->block->constructor->parameter_list->parameter->decl->type->name
2,20,rectangle_java2.jpg,rectangle_java2.jpg,1581296848,60,1052.808,292.6573333333333,1025.5,295,33,21,int,3,class->block->constructor->parameter_list->parameter->decl->type->name
2,20,rectangle_java2.jpg,rectangle_java2.jpg,1581296848,60,1052.808,292.6573333333333,1063.5,295,23,21,x2,2,class->block->constructor->parameter_list->parameter->decl->type->name
2,20,rectangle_java2.jpg,rectangle_java2.jpg,1581392869,92,1051.361304347826,304.1978260869565,1025.5,295,33,21,int,3,class->block->constructor->parameter_list->parameter->decl->type->name
2,20,rectangle_java2.jpg,rectangle_java2.jpg,1581392869,92,1051.361304347826,304.1978260869565,1063.5,295,23,21,x2,2,class->block->constructor->parameter_list->parameter->decl->type->name
2,20,rectangle_java2.jpg,rectangle_java2.jpg,1581500952,104,1051.4434615384614,293.91153846153844,1025.5,295,33,21,int,3,class->block->constructor->parameter_list->parameter->decl->type->name
2,20,rectangle_java2.jpg,rectangle_java2.jpg,1581500952,104,1051.4434615384614,293.91153846153844,1063.5,295,23,21,x2,2,class->block->constructor->parameter_list->parameter->decl->type->name
2,20,rectangle_java2.jpg,rectangle_java2.jpg,1581564974,60,1077.4953333333333,300.12666666666667,1063.5,295,23,21,x2,2,class->block->constructor->parameter_list->parameter->decl->type->name
2,20,rectangle_java2.jpg,rectangle_java2.jpg,1581673032,104,1082.0261538461539,314.66653846153844,1063.5,295,23,21,x2,2,class->block->constructor->parameter_list->parameter->decl->type->name
2,20,rectangle_java2.jpg,rectangle_java2.jpg,1581673032,104,1082.0261538461539,314.66653846153844,1094.5,295,9,21,",",1,class->block->constructor->parameter_list
2,20,rectangle_java2.jpg,rectangle_java2.jpg,1581837087,120,1027.5903333333333,304.1453333333333,1025.5,295,33,21,int,3,class->block->constructor->parameter_list->parameter->decl->type->name
2,20,rectangle_java2.jpg,rectangle_java2.jpg,1581945120,60,1126.4593333333332,305.866,1112.5,295,33,21,int,3,class->block->constructor->parameter_list->parameter->decl->type->name
2,20,rectangle_java2.jpg,rectangle_java2.jpg,1582133056,184,1135.138695652174,301.9489130434783,1112.5,295,33,21,int,3,class->block->constructor->parameter_list->parameter->decl->type->name
2,20,rectangle_java2.jpg,rectangle_java2.jpg,1582201052,64,1159.67875,311.563125,1150.5,295,23,21,y2,2,class->block->constructor->parameter_list->parameter->decl->type->name
2,20,rectangle_java2.jpg,rectangle_java2.jpg,1582469057,148,888.0651351351352,261.44567567567566,881.5,259,23,21,x2,2,class->block->decl_stmt->decl->name
2,20,rectangle_java2.jpg,rectangle_java2.jpg,1582589055,116,891.6648275862069,253.77275862068961,881.5,259,23,21,x2,2,class->block->decl_stmt->decl->name
2,20,rectangle_java2.jpg,rectangle_java2.jpg,1582725040,112,841.2153571428571,275.49357142857144,833.5,259,23,21,y1,2,class->block->decl_stmt->decl->name
2,20,rectangle_java2.jpg,rectangle_java2.jpg,1582833005,104,840.3965384615385,270.8792307692308,833.5,259,23,21,y1,2,class->block->decl_stmt->decl->name
2,20,rectangle_java2.jpg,rectangle_java2.jpg,1583096886,64,657.20125,252.27499999999998,669.5,259,72,21,private,7,class->block->decl_stmt->decl->type->specifier
2,20,rectangle_java2.jpg,rectangle_java2.jpg,1583244794,80,680.849,251.197,669.5,259,72,21,private,7,class->block->decl_stmt->decl->type->specifier
2,20,rectangle_java2.jpg,rectangle_java2.jpg,1583468857,200,737.602,271.5912,669.5,259,72,21,private,7,class->block->decl_stmt->decl->type->specifier
2,20,rectangle_java2.jpg,rectangle_java2.jpg,1583468857,200,737.602,271.5912,747.5,259,33,21,int,3,class->block->decl_stmt->decl->type->name
2,20,rectangle_java2.jpg,rectangle_java2.jpg,1583556880,60,792.008,279.0713333333333,785.5,259,23,21,x1,2,class->block->decl_stmt->decl->name
2,20,rectangle_java2.jpg,rectangle_java2.jpg,1583740901,128,790.123125,274.875625,785.5,259,23,21,x1,2,class->block->decl_stmt->decl->name
2,20,rectangle_java2.jpg,rectangle_java2.jpg,1583832903,88,788.6386363636364,270.78272727272724,785.5,259,23,21,x1,2,class->block->decl_stmt->decl->name
2,20,rectangle_java2.jpg,rectangle_java2.jpg,1584036873,144,792.0841666666666,309.55694444444447,737.5,295,91,21,Rectangle,9,class->block->constructor->name
2,20,rectangle_java2.jpg,rectangle_java2.jpg,1584316885,200,778.938,336.147,730.5,331,71,19,this.x1,7,class->block->constructor->block->block_content->expr_stmt->expr->name->name->operator->name
2,20,rectangle_java2.jpg,rectangle_java2.jpg,1584480902,160,763.981,345.34075,730.5,331,71,19,this.x1,7,class->block->constructor->block->block_content->expr_stmt->expr->name->name->operator->name
2,20,rectangle_java2.jpg,rectangle_java2.jpg,1584740878,232,805.7539655172413,347.1337931034483,806.5,331,15,19,=,1,class->block->constructor->block->block_content->expr_stmt->expr->operator
2,20,rectangle_java2.jpg,rectangle_java2.jpg,1584888873,144,802.9191666666667,354.5602777777778,806.5,367,15,21,=,1,class->block->constructor->block->block_content->expr_stmt->expr->operator
2,20,rectangle_java2.jpg,rectangle_java2.jpg,1585052800,132,836.5857575757576,336.95878787878786,826.5,331,23,19,x1,2,class->block->constructor->block->block_content->expr_stmt->expr->name->name
2,20,rectangle_java2.jpg,rectangle_java2.jpg,1585380841,248,720.9048387096774,301.7501612903226,669.5,295,63,21,public,6,class->block->constructor->specifier
2,20,rectangle_java2.jpg,rectangle_java2.jpg,1585512925,112,785.5257142857143,296.3885714285714,737.5,295,91,21,Rectangle,9,class->block->constructor->name
2,20,rectangle_java2.jpg,rectangle_java2.jpg,1585724877,208,787.785,300.77346153846156,737.5,295,91,21,Rectangle,9,class->block->constructor->name
2,20,rectangle_java2.jpg,rectangle_java2.jpg,1585936744,176,806.8279545454545,330.3081818181818,806.5,331,15,19,=,1,class->block->constructor->block->block_content->expr_stmt->expr->operator
2,20,rectangle_java2.jpg,rectangle_java2.jpg,1586000744,60,832.9826666666667,341.91,826.5,331,23,19,x1,2,class->block->constructor->block->block_content->expr_stmt->expr->name->name
2,20,rectangle_java2.jpg,rectangle_java2.jpg,1586128765,124,835.3306451612904,337.40354838709675,826.5,331,23,19,x1,2,class->block->constructor->block->block_content->expr_stmt->expr->name->name
2,20,rectangle_java2.jpg,rectangle_java2.jpg,1586408731,56,814.1778571428572,314.2442857142857,737.5,295,91,21,Rectangle,9,class->block->constructor->name
2,20,rectangle_java2.jpg,rectangle_java2.jpg,1586556718,144,810.8008333333333,321.3616666666667,806.5,331,15,19,=,1,class->block->constructor->block->block_content->expr_stmt->expr->operator
2,20,rectangle_java2.jpg,rectangle_java2.jpg,1586676735,116,819.4927586206896,333.12,806.5,331,15,19,=,1,class->block->constructor->block->block_content->expr_stmt->expr->operator
2,20,rectangle_java2.jpg,rectangle_java2.jpg,1586676735,116,819.4927586206896,333.12,826.5,331,23,19,x1,2,class->block->constructor->block->block_content->expr_stmt->expr->name->name
2,20,rectangle_java2.jpg,rectangle_java2.jpg,1586848782,168,825.652619047619,340.5435714285714,826.5,331,23,19,x1,2,class->block->constructor->block->block_content->expr_stmt->expr->name->name
2,20,rectangle_java2.jpg,rectangle_java2.jpg,1587212631,280,782.4295714285714,348.25185714285715,730.5,331,71,19,this.x1,7,class->block->constructor->block->block_content->expr_stmt->expr->name->name->operator->name
2,20,rectangle_java2.jpg,rectangle_java2.jpg,1587456656,216,755.0151851851851,376.33537037037036,730.5,367,71,21,this.y1,7,class->block->constructor->block->block_content->expr_stmt->expr->name->name->operator->name
2,20,rectangle_java2.jpg,rectangle_java2.jpg,1587688667,184,791.7823913043478,364.215,730.5,367,71,21,this.y1,7,class->block->constructor->block->block_content->expr_stmt->expr->name->name->operator->name
2,20,rectangle_java2.jpg,rectangle_java2.jpg,1587764658,72,793.3672222222223,370.1411111111111,730.5,367,71,21,this.y1,7,class->block->constructor->block->block_content->expr_stmt->expr->name->name->operator->name
2,20,rectangle_java2.jpg,rectangle_java2.jpg,1587984616,188,789.7202127659574,310.59723404255317,737.5,295,91,21,Rectangle,9,class->block->constructor->name
2,20,rectangle_java2.jpg,rectangle_java2.jpg,1588148598,120,755.91,299.2953333333333,737.5,295,91,21,Rectangle,9,class->block->constructor->name
2,20,rectangle_java2.jpg,rectangle_java2.jpg,1588320614,128,731.3215625,229.455625,715.5,222,90,21,Rectangle,9,class->name
2,20,rectangle_java2.jpg,rectangle_java2.jpg,1588384618,60,728.75,213.48333333333335,715.5,222,90,21,Rectangle,9,class->name
2,20,rectangle_java2.jpg,rectangle_java2.jpg,1588608619,132,689.1454545454545,224.14363636363635,657.5,222,52,21,class,5,class
2,20,rectangle_java2.jpg,rectangle_java2.jpg,1588740613,128,690.940625,225.8665625,657.5,222,52,21,class,5,class
2,20,rectangle_java2.jpg,rectangle_java2.jpg,1589020555,240,731.866,328.51233333333334,730.5,331,71,19,this.x1,7,class->block->constructor->block->block_content->expr_stmt->expr->name->name->operator->name
2,20,rectangle_java2.jpg,rectangle_java2.jpg,1589156533,76,769.4142105263157,407.4010526315789,730.5,404,71,19,this.x2,7,class->block->constructor->block->block_content->expr_stmt->expr->name->name->operator->name
2,20,rectangle_java2.jpg,rectangle_java2.jpg,1589304548,144,771.2055555555555,414.75722222222225,730.5,404,71,19,this.x2,7,class->block->constructor->block->block_content->expr_stmt->expr->name->name->operator->name
2,20,rectangle_java2.jpg,rectangle_java2.jpg,1589416563,108,769.422962962963,416.3825925925926,730.5,404,71,19,this.x2,7,class->block->constructor->block->block_content->expr_stmt->expr->name->name->operator->name
2,20,rectangle_java2.jpg,rectangle_java2.jpg,1589716545,264,839.1330303030303,442.2812121212121,826.5,440,23,21,y2,2,class->block->constructor->block->block_content->expr_stmt->expr->name->name
2,20,rectangle_java2.jpg,rectangle_java2.jpg,1589928483,160,832.192,383.27575,826.5,367,23,21,y1,2,class->block->constructor->block->block_content->expr_stmt->expr->name->name
2,20,rectangle_java2.jpg,rectangle_java2.jpg,1590040496,108,840.4037037037037,383.1162962962963,826.5,367,23,21,y1,2,class->block->constructor->block->block_content->expr_stmt->expr->name->name
2,20,rectangle_java2.jpg,rectangle_java2.jpg,1590292524,184,761.1995652173913,404.1708695652174,730.5,404,71,19,this.x2,7,class->block->constructor->block->block_content->expr_stmt->expr->name->name->operator->name
2,20,rectangle_java2.jpg,rectangle_java2.jpg,1590716529,96,798.8383333333334,508.7841666666667,775.5,512,53,21,width,5,class->block->function->name
2,20,rectangle_java2.jpg,rectangle_java2.jpg,1590872269,152,799.4660526315789,508.62842105263167,775.5,512,53,21,width,5,class->block->function->name
2,20,rectangle_java2.jpg,rectangle_java2.jpg,1591000291,124,801.7067741935484,516.3367741935484,775.5,512,53,21,width,5,class->block->function->name
2,20,rectangle_java2.jpg,rectangle_java2.jpg,1591160366,128,985.6759375,528.5325,958.5,512,71,21,this.x2,7,class->block->function->block->block_content->return->expr->name->name->operator->name->operator
2,20,rectangle_java2.jpg,rectangle_java2.jpg,1591296347,132,974.2072727272728,524.4439393939394,958.5,512,71,21,this.x2,7,class->block->function->block->block_content->return->expr->name->name->operator->name->operator
2,20,rectangle_java2.jpg,rectangle_java2.jpg,1591408352,88,925.8627272727273,509.57318181818187,891.5,512,62,21,return,6,class->block->function->block->block_content->return->expr->name->name
2,20,rectangle_java2.jpg,rectangle_java2.jpg,1591504356,92,917.2573913043478,528.8478260869565,891.5,512,62,21,return,6,class->block->function->block->block_content->return->expr->name->name
2,20,rectangle_java2.jpg,rectangle_java2.jpg,1591572357,64,921.035625,515.996875,891.5,512,62,21,return,6,class->block->function->block->block_content->return->expr->name->name
2,20,rectangle_java2.jpg,rectangle_java2.jpg,1591652360,64,1030.729375,510.4237499999999,1035.5,512,13,21,-,1,class->block->function->block->block_content->return->expr->name->name
2,20,rectangle_java2.jpg,rectangle_java2.jpg,1591844368,188,1026.2176595744681,506.748085106383,958.5,512,71,21,this.x2,7,class->block->function->block->block_content->return->expr->name->name->operator->name->operator
2,20,rectangle_java2.jpg,rectangle_java2.jpg,1591844368,188,1026.2176595744681,506.748085106383,1035.5,512,13,21,-,1,class->block->function->block->block_content->return->expr->name->name
2,20,rectangle_java2.jpg,rectangle_java2.jpg,1592248377,80,1081.1435000000001,504.124,1054.5,512,71,21,this.x1,7,class->block->function->block->block_content->return->expr->name->name->operator->name
2,20,rectangle_java2.jpg,rectangle_java2.jpg,1592364388,76,1131.9552631578947,508.1952631578947,1132.5,512,10,21,;,1,class->block->function->block
2,20,rectangle_java2.jpg,rectangle_java2.jpg,1592520371,152,1129.727894736842,517.5981578947368,1132.5,512,10,21,;,1,class->block->function->block
2,20,rectangle_java2.jpg,rectangle_java2.jpg,1592780334,232,1082.5125862068965,507.43000000000006,1054.5,512,71,21,this.x1,7,class->block->function->block->block_content->return->expr->name->name->operator->name
2,20,rectangle_java2.jpg,rectangle_java2.jpg,1593484296,160,1002.325,291.43,1007.5,295,10,21,",",1,class->block->constructor->parameter_list
2,20,rectangle_java2.jpg,rectangle_java2.jpg,1593664295,176,1005.8620454545454,294.6634090909091,1007.5,295,10,21,",",1,class->block->constructor->parameter_list
2,20,rectangle_java2.jpg,rectangle_java2.jpg,1593832264,124,1114.7445161290323,595.7932258064516,1122.5,585,12,21,*,1,class->block->function->block->block_content->return->expr->operator
2,20,rectangle_java2.jpg,rectangle_java2.jpg,1594052337,180,1092.2697777777778,522.328,1054.5,512,71,21,this.x1,7,class->block->function->block->block_content->return->expr->name->name->operator->name
2,20,rectangle_java2.jpg,rectangle_java2.jpg,1594124340,68,1089.0429411764705,527.6594117647059,1054.5,512,71,21,this.x1,7,class->block->function->block->block_content->return->expr->name->name->operator->name
2,20,rectangle_java2.jpg,rectangle_java2.jpg,1594256297,92,785.7982608695652,255.11913043478262,785.5,259,23,21,x1,2,class->block->decl_stmt->decl->name
2,20,rectangle_java2.jpg,rectangle_java2.jpg,1594380270,120,785.4453333333333,247.56033333333335,785.5,259,23,21,x1,2,class->block->decl_stmt->decl->name
2,20,rectangle_java2.jpg,rectangle_java2.jpg,1594604256,192,722.773125,239.19,715.5,222,90,21,Rectangle,9,class->name
2,20,rectangle_java2.jpg,rectangle_java2.jpg,1594792057,60,1043.2866666666666,568.1566666666666,1045.5,549,13,21,-,1,class->block->function->block->block_content->return->expr->operator
2,20,rectangle_java2.jpg,rectangle_java2.jpg,1594876008,80,1039.7069999999999,566.4665,1045.5,549,13,21,-,1,class->block->function->block->block_content->return->expr->operator
2,20,rectangle_java2.jpg,rectangle_java2.jpg,1594972039,92,1040.942608695652,574.9226086956521,977.5,585,101,21,this.width,10,class->block->function->block->block_content->return->expr->call->name->name->operator->name
2,20,rectangle_java2.jpg,rectangle_java2.jpg,1595280110,268,1097.7383582089553,528.6382089552238,1054.5,512,71,21,this.x1,7,class->block->function->block->block_content->return->expr->name->name->operator->name
2,20,rectangle_java2.jpg,rectangle_java2.jpg,1595760199,100,1051.3316,508.36879999999996,1054.5,512,71,21,this.x1,7,class->block->function->block->block_content->return->expr->name->name->operator->name
2,20,rectangle_java2.jpg,rectangle_java2.jpg,1595876191,112,1047.2203571428572,520.4135714285715,1035.5,512,13,21,-,1,class->block->function->block->block_content->return->expr->name->name
2,20,rectangle_java2.jpg,rectangle_java2.jpg,1595876191,112,1047.2203571428572,520.4135714285715,1054.5,512,71,21,this.x1,7,class->block->function->block->block_content->return->expr->name->name->operator->name
2,20,rectangle_java2.jpg,rectangle_java2.jpg,1596092152,164,1120.480731707317,536.7278048780488,1064.5,549,71,21,this.y1,7,class->block->function->block->block_content->return->expr->name->name->operator->name
2,20,rectangle_java2.jpg,rectangle_java2.jpg,1596400137,64,1067.72,523.480625,1054.5,512,71,21,this.x1,7,class->block->function->block->block_content->return->expr->name->name->operator->name
2,20,rectangle_java2.jpg,rectangle_java2.jpg,1596779930,376,1070.0606382978724,536.8997872340426,1064.5,549,71,21,this.y1,7,class->block->function->block->block_content->return->expr->name->name->operator->name
2,20,rectangle_java2.jpg,rectangle_java2.jpg,1597047998,136,1026.1782352941177,516.8302941176471,958.5,512,71,21,this.x2,7,class->block->function->block->block_content->return->expr->name->name->operator->name->operator
2,20,rectangle_java2.jpg,rectangle_java2.jpg,1597047998,136,1026.1782352941177,516.8302941176471,1035.5,512,13,21,-,1,class->block->function->block->block_content->return->expr->name->name
2,20,rectangle_java2.jpg,rectangle_java2.jpg,1597276003,196,985.0189795918367,522.5283673469388,958.5,512,71,21,this.x2,7,class->block->function->block->block_content->return->expr->name->name->operator->name->operator
2,20,rectangle_java2.jpg,rectangle_java2.jpg,1597547973,160,937.8344999999999,516.5665,891.5,512,62,21,return,6,class->block->function->block->block_content->return->expr->name->name
2,20,rectangle_java2.jpg,rectangle_java2.jpg,1597775948,184,1060.3636956521739,573.0082608695652,977.5,585,101,21,this.width,10,class->block->function->block->block_content->return->expr->call->name->name->operator->name
2,20,rectangle_java2.jpg,rectangle_java2.jpg,1597843961,64,1047.270625,563.06125,1045.5,549,13,21,-,1,class->block->function->block->block_content->return->expr->operator
2,20,rectangle_java2.jpg,rectangle_java2.jpg,1598011981,164,1036.3485365853658,565.7039024390244,968.5,549,70,21,this.y2,7,class->block->function->block->block_content->return->expr->name->name->operator->name
2,20,rectangle_java2.jpg,rectangle_java2.jpg,1598011981,164,1036.3485365853658,565.7039024390244,1045.5,549,13,21,-,1,class->block->function->block->block_content->return->expr->operator
2,20,rectangle_java2.jpg,rectangle_java2.jpg,1598160009,88,1104.7463636363636,552.625,1064.5,549,71,21,this.y1,7,class->block->function->block->block_content->return->expr->name->name->operator->name
2,20,rectangle_java2.jpg,rectangle_java2.jpg,1598252035,88,1103.6213636363636,557.005,1064.5,549,71,21,this.y1,7,class->block->function->block->block_content->return->expr->name->name->operator->name
2,20,rectangle_java2.jpg,rectangle_java2.jpg,1598428020,148,1140.7608108108109,556.9735135135135,1142.5,549,10,21,;,1,class->block->function->block->block_content->return
2,20,rectangle_java2.jpg,rectangle_java2.jpg,1598567968,72,823.1172222222223,551.5505555555555,775.5,549,62,21,height,6,class->block->function->name
2,20,rectangle_java2.jpg,rectangle_java2.jpg,1598667912,96,824.9404166666667,567.0283333333333,775.5,549,62,21,height,6,class->block->function->name
2,20,rectangle_java2.jpg,rectangle_java2.jpg,1598783863,112,834.0689285714286,556.1010714285715,775.5,549,62,21,height,6,class->block->function->name
2,20,rectangle_java2.jpg,rectangle_java2.jpg,1598783863,112,834.0689285714286,556.1010714285715,846.5,549,10,21,(,1,class->block->function->parameter_list
2,20,rectangle_java2.jpg,rectangle_java2.jpg,1598843841,56,828.695,560.1357142857142,775.5,549,62,21,height,6,class->block->function->name
2,20,rectangle_java2.jpg,rectangle_java2.jpg,1599043842,144,832.2683333333333,550.4611111111111,775.5,549,62,21,height,6,class->block->function->name
2,20,rectangle_java2.jpg,rectangle_java2.jpg,1599235823,156,805.0246153846153,574.9574358974359,804.5,585,43,21,area,4,class->block->function->name
2,20,rectangle_java2.jpg,rectangle_java2.jpg,1599383820,116,830.3472413793104,594.5913793103448,804.5,585,43,21,area,4,class->block->function->name
2,20,rectangle_java2.jpg,rectangle_java2.jpg,1599519842,132,837.2578787878788,590.3654545454546,804.5,585,43,21,area,4,class->block->function->name
2,20,rectangle_java2.jpg,rectangle_java2.jpg,1599719887,112,1112.5421428571428,586.0371428571428,1122.5,585,12,21,*,1,class->block->function->block->block_content->return->expr->operator
2,20,rectangle_java2.jpg,rectangle_java2.jpg,1599815853,80,1212.776,593.394,1140.5,585,110,21,this.height,11,class->block->function->block->block_content->return->expr->call->name->name->operator->name
2,20,rectangle_java2.jpg,rectangle_java2.jpg,1600059934,240,1208.6778333333334,590.5728333333333,1140.5,585,110,21,this.height,11,class->block->function->block->block_content->return->expr->call->name->name->operator->name
2,20,rectangle_java2.jpg,rectangle_java2.jpg,1600463607,320,1052.978125,599.69825,977.5,585,101,21,this.width,10,class->block->function->block->block_content->return->expr->call->name->name->operator->name
2,20,rectangle_java2.jpg,rectangle_java2.jpg,1600723686,224,1023.9769642857143,596.5541071428571,977.5,585,101,21,this.width,10,class->block->function->block->block_content->return->expr->call->name->name->operator->name
2,20,rectangle_java2.jpg,rectangle_java2.jpg,1600903707,112,1123.8639285714287,586.9489285714286,1122.5,585,12,21,*,1,class->block->function->block->block_content->return->expr->operator
2,20,rectangle_java2.jpg,rectangle_java2.jpg,1601091730,140,1214.7254285714287,597.0671428571428,1140.5,585,110,21,this.height,11,class->block->function->block->block_content->return->expr->call->name->name->operator->name
2,20,rectangle_java2.jpg,rectangle_java2.jpg,1601227762,132,1217.9209090909092,585.9924242424242,1140.5,585,110,21,this.height,11,class->block->function->block->block_content->return->expr->call->name->name->operator->name
2,20,rectangle_java2.jpg,rectangle_java2.jpg,1601779738,124,1026.858387096774,638.9467741935484,1025.5,621,42,21,args,4,class->block->function->parameter_list->parameter->decl->name
2,20,rectangle_java2.jpg,rectangle_java2.jpg,1601843752,60,1030.7046666666668,634.5746666666666,1025.5,621,42,21,args,4,class->block->function->parameter_list->parameter->decl->name
2,20,rectangle_java2.jpg,rectangle_java2.jpg,1601983753,80,950.295,627.7295,920.5,621,62,21,String,6,class->block->function->parameter_list->parameter->decl->type->name->name
2,20,rectangle_java2.jpg,rectangle_java2.jpg,1602135674,148,949.8681081081081,625.6627027027027,920.5,621,62,21,String,6,class->block->function->parameter_list->parameter->decl->type->name->name
2,20,rectangle_java2.jpg,rectangle_java2.jpg,1602239727,100,952.9328,625.846,920.5,621,62,21,String,6,class->block->function->parameter_list->parameter->decl->type->name->name
2,20,rectangle_java2.jpg,rectangle_java2.jpg,1602491632,192,863.1110416666667,508.6158333333333,854.5,512,9,21,),1,class->block->function->parameter_list
2,20,rectangle_java2.jpg,rectangle_java2.jpg,1602491632,192,863.1110416666667,508.6158333333333,874.5,512,10,21,{,1,class->block->function->block
2,20,rectangle_java2.jpg,rectangle_java2.jpg,1602635640,112,860.6160714285714,326.2142857142857,856.5,331,10,19,;,1,class->block->constructor->block->block_content->expr_stmt
2,20,rectangle_java2.jpg,rectangle_java2.jpg,1602783651,84,814.9866666666667,600.4161904761904,804.5,585,43,21,area,4,class->block->function->name
2,20,rectangle_java2.jpg,rectangle_java2.jpg,1603003613,92,798.5847826086956,552.8139130434782,775.5,549,62,21,height,6,class->block->function->name
2,20,rectangle_java2.jpg,rectangle_java2.jpg,1603231555,100,797.1536,548.1628000000001,775.5,549,62,21,height,6,class->block->function->name
2,20,rectangle_java2.jpg,rectangle_java2.jpg,1603535585,184,778.2502173913043,516.9121739130435,775.5,512,53,21,width,5,class->block->function->name
2,20,rectangle_java2.jpg,rectangle_java2.jpg,1603731548,156,798.0907692307692,507.39,775.5,512,53,21,width,5,class->block->function->name
2,20,rectangle_java2.jpg,rectangle_java2.jpg,1604139587,120,1141.7353333333333,584.46,1140.5,585,110,21,this.height,11,class->block->function->block->block_content->return->expr->call->name->name->operator->name
2,20,rectangle_java2.jpg,rectangle_java2.jpg,1604295570,56,1079.0885714285714,555.7842857142857,1064.5,549,71,21,this.y1,7,class->block->function->block->block_content->return->expr->name->name->operator->name
2,20,rectangle_java2.jpg,rectangle_java2.jpg,1604359532,60,1082.5953333333334,577.9613333333333,1086.5,585,10,21,(,1,class->block->function->block->block_content->return->expr->call->argument_list
2,20,rectangle_java2.jpg,rectangle_java2.jpg,1604643445,56,875.245,610.6857142857143,851.5,621,44,21,main,4,class->block->function->name
2,20,rectangle_java2.jpg,rectangle_java2.jpg,1604707467,60,896.572,624.7533333333333,904.5,621,9,21,(,1,class->block->function->parameter_list
2,20,rectangle_java2.jpg,rectangle_java2.jpg,1604795507,84,890.5361904761904,613.0219047619048,851.5,621,44,21,main,4,class->block->function->name
2,20,rectangle_java2.jpg,rectangle_java2.jpg,1604867532,68,892.5711764705883,635.094705882353,851.5,621,44,21,main,4,class->block->function->name
2,20,rectangle_java2.jpg,rectangle_java2.jpg,1604867532,68,892.5711764705883,635.094705882353,904.5,621,9,21,(,1,class->block->function->parameter_list
2,20,rectangle_java2.jpg,rectangle_java2.jpg,1604939532,68,900.8094117647059,626.7317647058824,904.5,621,9,21,(,1,class->block->function->parameter_list
2,20,rectangle_java2.jpg,rectangle_java2.jpg,1605023510,80,894.829,618.246,851.5,621,44,21,main,4,class->block->function->name
2,20,rectangle_java2.jpg,rectangle_java2.jpg,1605023510,80,894.829,618.246,904.5,621,9,21,(,1,class->block->function->parameter_list
2,20,rectangle_java2.jpg,rectangle_java2.jpg,1605219503,148,984.6378378378379,617.9702702702702,990.5,621,10,21,[,1,class->block->function->parameter_list->parameter->decl->type->name->index
2,20,rectangle_java2.jpg,rectangle_java2.jpg,1605287493,64,988.3775,620.315,990.5,621,10,21,[,1,class->block->function->parameter_list->parameter->decl->type->name->index
2,20,rectangle_java2.jpg,rectangle_java2.jpg,1605443445,104,1014.6742307692308,653.8988461538462,941.5,658,91,20,Rectangle,9,class->block->function->block->block_content->decl_stmt->decl->init->expr->call->name
2,20,rectangle_java2.jpg,rectangle_java2.jpg,1605515436,68,1012.5417647058823,651.7464705882353,941.5,658,91,20,Rectangle,9,class->block->function->block->block_content->decl_stmt->decl->init->expr->call->name
2,20,rectangle_java2.jpg,rectangle_java2.jpg,1605603438,84,1006.4047619047619,666.197619047619,941.5,658,91,20,Rectangle,9,class->block->function->block->block_content->decl_stmt->decl->init->expr->call->name
2,20,rectangle_java2.jpg,rectangle_java2.jpg,1605787445,124,909.0309677419355,666.1625806451613,902.5,658,34,20,new,3,class->block->function->block->block_content->decl_stmt->decl->init->expr->operator
2,20,rectangle_java2.jpg,rectangle_java2.jpg,1606075495,228,806.6275438596491,671.1935087719298,730.5,658,91,20,Rectangle,9,class->block->function->block->block_content->decl_stmt->decl->type->name
2,20,rectangle_java2.jpg,rectangle_java2.jpg,1606223427,96,882.36125,653.8270833333333,883.5,658,15,20,=,1,class->block->function->block->block_content->decl_stmt->decl->init
2,20,rectangle_java2.jpg,rectangle_java2.jpg,1606459314,196,878.8622448979592,654.82,883.5,658,15,20,=,1,class->block->function->block->block_content->decl_stmt->decl->init
2,20,rectangle_java2.jpg,rectangle_java2.jpg,1606847355,184,1147.7428260869565,677.6671739130435,1134.5,658,22,20,10,2,class->block->function->block->block_content->decl_stmt->decl->init->expr->call->argument_list->argument->expr->literal
2,20,rectangle_java2.jpg,rectangle_java2.jpg,1606991340,140,1154.2942857142857,674.1351428571429,1134.5,658,22,20,10,2,class->block->function->block->block_content->decl_stmt->decl->init->expr->call->argument_list->argument->expr->literal
2,20,rectangle_java2.jpg,rectangle_java2.jpg,1606991340,140,1154.2942857142857,674.1351428571429,1163.5,658,10,20,",",1,class->block->function->block->block_content->decl_stmt->decl->init->expr->call->argument_list
2,20,rectangle_java2.jpg,rectangle_java2.jpg,1607235337,188,1153.0565957446809,664.4508510638298,1134.5,658,22,20,10,2,class->block->function->block->block_content->decl_stmt->decl->init->expr->call->argument_list->argument->expr->literal
2,20,rectangle_java2.jpg,rectangle_java2.jpg,1607235337,188,1153.0565957446809,664.4508510638298,1163.5,658,10,20,",",1,class->block->function->block->block_content->decl_stmt->decl->init->expr->call->argument_list
2,20,rectangle_java2.jpg,rectangle_java2.jpg,1607307345,68,1159.8805882352942,663.7882352941176,1163.5,658,10,20,",",1,class->block->function->block->block_content->decl_stmt->decl->init->expr->call->argument_list
2,20,rectangle_java2.jpg,rectangle_java2.jpg,1607435418,92,1104.9495652173914,718.6708695652173,1095.5,731,13,20,5,1,class->block->function->block->block_content->decl_stmt->decl->init->expr->call->argument_list->argument->expr->literal
2,20,rectangle_java2.jpg,rectangle_java2.jpg,1607435418,92,1104.9495652173914,718.6708695652173,1115.5,731,10,20,",",1,class->block->function->block->block_content->decl_stmt->decl->init->expr->call->argument_list
2,20,rectangle_java2.jpg,rectangle_java2.jpg,1607611404,172,1104.5141860465117,714.9609302325581,1096.5,694,10,21,;,1,class->block->function->block->block_content->expr_stmt
2,20,rectangle_java2.jpg,rectangle_java2.jpg,1607759382,112,1054.0107142857144,713.4039285714285,1057.5,694,10,21,),1,class->block->function->block->block_content->expr_stmt->expr->call->argument_list->argument->expr->call->argument_list
2,20,rectangle_java2.jpg,rectangle_java2.jpg,1607839412,56,804.5078571428571,704.0464285714286,730.5,694,177,21,System.out.println,18,class->block->function->block->block_content->expr_stmt->expr->call->name->name->operator->name->operator->name
2,20,rectangle_java2.jpg,rectangle_java2.jpg,1608131328,288,811.77125,712.9441666666667,730.5,694,177,21,System.out.println,18,class->block->function->block->block_content->expr_stmt->expr->call->name->name->operator->name->operator->name
2,20,rectangle_java2.jpg,rectangle_java2.jpg,1608407204,240,901.2413333333334,704.2583333333333,730.5,694,177,21,System.out.println,18,class->block->function->block->block_content->expr_stmt->expr->call->name->name->operator->name->operator->name
2,20,rectangle_java2.jpg,rectangle_java2.jpg,1608723221,136,995.8020588235294,713.4688235294118,932.5,694,100,21,rect1.area,10,class->block->function->block->block_content->expr_stmt->expr->call->argument_list->argument->expr->call->name->name->operator->name
2,20,rectangle_java2.jpg,rectangle_java2.jpg,1608983112,188,855.601914893617,694.251914893617,730.5,694,177,21,System.out.println,18,class->block->function->block->block_content->expr_stmt->expr->call->name->name->operator->name->operator->name
2,20,rectangle_java2.jpg,rectangle_java2.jpg,1609055039,68,873.9676470588236,698.4258823529411,730.5,694,177,21,System.out.println,18,class->block->function->block->block_content->expr_stmt->expr->call->name->name->operator->name->operator->name
2,20,rectangle_java2.jpg,rectangle_java2.jpg,1609327164,268,881.8394029850746,696.4201492537313,730.5,694,177,21,System.out.println,18,class->block->function->block->block_content->expr_stmt->expr->call->name->name->operator->name->operator->name
2,20,rectangle_java2.jpg,rectangle_java2.jpg,1609435170,104,888.1726923076923,696.3050000000001,730.5,694,177,21,System.out.println,18,class->block->function->block->block_content->expr_stmt->expr->call->name->name->operator->name->operator->name
2,20,rectangle_java2.jpg,rectangle_java2.jpg,1609515174,76,883.6952631578947,703.83,730.5,694,177,21,System.out.println,18,class->block->function->block->block_content->expr_stmt->expr->call->name->name->operator->name->operator->name
2,20,rectangle_java2.jpg,rectangle_java2.jpg,1609623189,84,911.9447619047619,745.322380952381,902.5,731,34,20,new,3,class->block->function->block->block_content->decl_stmt->decl->init->expr->operator
2,20,rectangle_java2.jpg,rectangle_java2.jpg,1609695201,68,913.9211764705882,745.4723529411765,902.5,731,34,20,new,3,class->block->function->block->block_content->decl_stmt->decl->init->expr->operator
2,20,rectangle_java2.jpg,rectangle_java2.jpg,1609859292,136,893.3826470588235,703.9111764705882,730.5,694,177,21,System.out.println,18,class->block->function->block->block_content->expr_stmt->expr->call->name->name->operator->name->operator->name
2,20,rectangle_java2.jpg,rectangle_java2.jpg,1609955273,92,890.3391304347826,705.6317391304348,730.5,694,177,21,System.out.println,18,class->block->function->block->block_content->expr_stmt->expr->call->name->name->operator->name->operator->name
2,20,rectangle_java2.jpg,rectangle_java2.jpg,1610066997,108,909.1392592592592,704.5388888888889,916.5,694,9,21,(,1,class->block->function->block->block_content->expr_stmt->expr->call->argument_list
2,20,rectangle_java2.jpg,rectangle_java2.jpg,1610815086,268,1086.9298507462686,758.0867164179105,1096.5,766,10,21,;,1,class->block->function->block->block_content->expr_stmt
2,20,rectangle_java2.jpg,rectangle_java2.jpg,1611111126,224,929.1026785714286,772.4953571428572,932.5,766,100,21,rect2.area,10,class->block->function->block->block_content->expr_stmt->expr->call->argument_list->argument->expr->call->name->name->operator->name
2,20,rectangle_java2.jpg,rectangle_java2.jpg,1611279096,136,931.8732352941176,736.7035294117647,902.5,731,34,20,new,3,class->block->function->block->block_content->decl_stmt->decl->init->expr->operator
2,20,rectangle_java2.jpg,rectangle_java2.jpg,1611279096,136,931.8732352941176,736.7035294117647,941.5,731,91,20,Rectangle,9,class->block->function->block->block_content->decl_stmt->decl->init->expr->call->name
2,20,rectangle_java2.jpg,rectangle_java2.jpg,1611379089,72,899.0983333333334,701.2955555555556,730.5,694,177,21,System.out.println,18,class->block->function->block->block_content->expr_stmt->expr->call->name->name->operator->name->operator->name
2,20,rectangle_java2.jpg,rectangle_java2.jpg,1611531104,92,899.6669565217392,700.11,730.5,694,177,21,System.out.println,18,class->block->function->block->block_content->expr_stmt->expr->call->name->name->operator->name->operator->name
2,20,rectangle_java2.jpg,rectangle_java2.jpg,1611755033,116,900.0289655172414,706.4558620689655,730.5,694,177,21,System.out.println,18,class->block->function->block->block_content->expr_stmt->expr->call->name->name->operator->name->operator->name
2,20,rectangle_java2.jpg,rectangle_java2.jpg,1611998994,188,894.2865957446809,700.8174468085107,730.5,694,177,21,System.out.println,18,class->block->function->block->block_content->expr_stmt->expr->call->name->name->operator->name->operator->name
2,20,rectangle_java2.jpg,rectangle_java2.jpg,1612250942,208,897.3057692307692,698.2790384615384,730.5,694,177,21,System.out.println,18,class->block->function->block->block_content->expr_stmt->expr->call->name->name->operator->name->operator->name
2,20,rectangle_java2.jpg,rectangle_java2.jpg,1612358925,104,895.2084615384615,696.2973076923076,730.5,694,177,21,System.out.println,18,class->block->function->block->block_content->expr_stmt->expr->call->name->name->operator->name->operator->name
2,20,rectangle_java2.jpg,rectangle_java2.jpg,1612603007,240,896.4698333333333,702.6621666666666,730.5,694,177,21,System.out.println,18,class->block->function->block->block_content->expr_stmt->expr->call->name->name->operator->name->operator->name
2,20,rectangle_java2.jpg,rectangle_java2.jpg,1612882958,220,916.9165454545455,710.1769090909091,916.5,694,9,21,(,1,class->block->function->block->block_content->expr_stmt->expr->call->argument_list
2,20,rectangle_java2.jpg,rectangle_java2.jpg,1613063008,176,913.7925,708.6777272727272,916.5,694,9,21,(,1,class->block->function->block->block_content->expr_stmt->expr->call->argument_list
2,20,rectangle_java2.jpg,rectangle_java2.jpg,1613418957,164,846.3782926829268,772.4168292682926,730.5,766,177,21,System.out.println,18,class->block->function->block->block_content->expr_stmt->expr->call->name->name->operator->name->operator->name
2,20,rectangle_java2.jpg,rectangle_java2.jpg,1613602952,156,892.6833333333333,743.2761538461539,883.5,731,15,20,=,1,class->block->function->block->block_content->decl_stmt->decl->init
2,20,rectangle_java2.jpg,rectangle_java2.jpg,1613602952,156,892.6833333333333,743.2761538461539,902.5,731,34,20,new,3,class->block->function->block->block_content->decl_stmt->decl->init->expr->operator
2,20,rectangle_java2.jpg,rectangle_java2.jpg,1613866875,260,869.873076923077,743.3195384615385,826.5,731,51,20,rect2,5,class->block->function->block->block_content->decl_stmt->decl->name
2,20,rectangle_java2.jpg,rectangle_java2.jpg,1614194825,268,909.999552238806,777.1897014925373,916.5,766,9,21,(,1,class->block->function->block->block_content->expr_stmt->expr->call->argument_list
2,20,rectangle_java2.jpg,rectangle_java2.jpg,1614282850,68,899.1576470588235,708.0652941176471,730.5,694,177,21,System.out.println,18,class->block->function->block->block_content->expr_stmt->expr->call->name->name->operator->name->operator->name
2,20,rectangle_java2.jpg,rectangle_java2.jpg,1614526824,240,904.3935,707.6218333333334,730.5,694,177,21,System.out.println,18,class->block->function->block->block_content->expr_stmt->expr->call->name->name->operator->name->operator->name
2,20,rectangle_java2.jpg,rectangle_java2.jpg,1614526824,240,904.3935,707.6218333333334,916.5,694,9,21,(,1,class->block->function->block->block_content->expr_stmt->expr->call->argument_list
2,20,rectangle_java2.jpg,rectangle_java2.jpg,1614890839,324,991.9535802469136,732.4467901234568,941.5,731,91,20,Rectangle,9,class->block->function->block->block_content->decl_stmt->decl->init->expr->call->name
2,20,rectangle_java2.jpg,rectangle_java2.jpg,1615054829,160,970.49425,743.46775,941.5,731,91,20,Rectangle,9,class->block->function->block->block_content->decl_stmt->decl->init->expr->call->name
2,20,rectangle_java2.jpg,rectangle_java2.jpg,1615250801,176,898.9888636363636,746.9761363636363,902.5,731,34,20,new,3,class->block->function->block->block_content->decl_stmt->decl->init->expr->operator
2,20,rectangle_java2.jpg,rectangle_java2.jpg,1615406796,152,900.8721052631579,740.9510526315789,902.5,731,34,20,new,3,class->block->function->block->block_content->decl_stmt->decl->init->expr->operator
2,20,rectangle_java2.jpg,rectangle_java2.jpg,1616314692,220,1035.3676363636364,775.6770909090909,1041.5,766,9,21,(,1,class->block->function->block->block_content->expr_stmt->expr->call->argument_list->argument->expr->call->argument_list
2,20,rectangle_java2.jpg,rectangle_java2.jpg,1617178626,172,803.5418604651163,785.2413953488372,730.5,766,177,21,System.out.println,18,class->block->function->block->block_content->expr_stmt->expr->call->name->name->operator->name->operator->name
2,20,rectangle_java2.jpg,rectangle_java2.jpg,1617662715,108,1019.437037037037,770.2203703703703,932.5,766,100,21,rect2.area,10,class->block->function->block->block_content->expr_stmt->expr->call->argument_list->argument->expr->call->name->name->operator->name
2,20,rectangle_java2.jpg,rectangle_java2.jpg,1617906473,240,1015.2948333333334,768.5948333333333,932.5,766,100,21,rect2.area,10,class->block->function->block->block_content->expr_stmt->expr->call->argument_list->argument->expr->call->name->name->operator->name
2,20,rectangle_java2.jpg,rectangle_java2.jpg,1618218551,276,1122.9460869565216,736.4821739130434,1115.5,731,10,20,",",1,class->block->function->block->block_content->decl_stmt->decl->init->expr->call->argument_list
2,20,rectangle_java2.jpg,rectangle_java2.jpg,1618218551,276,1122.9460869565216,736.4821739130434,1134.5,731,22,20,10,2,class->block->function->block->block_content->decl_stmt->decl->init->expr->call->argument_list->argument->expr->literal
2,20,rectangle_java2.jpg,rectangle_java2.jpg,1618374537,120,1214.8963333333334,737.1873333333333,1211.5,731,9,20,),1,class->block->function->block->block_content->decl_stmt->decl->init->expr->call->argument_list
2,20,rectangle_java2.jpg,rectangle_java2.jpg,1618530553,152,1215.3344736842105,736.52,1211.5,731,9,20,),1,class->block->function->block->block_content->decl_stmt->decl->init->expr->call->argument_list
2,20,rectangle_java2.jpg,rectangle_java2.jpg,1618594542,60,1207.8893333333333,745.1026666666667,1211.5,731,9,20,),1,class->block->function->block->block_content->decl_stmt->decl->init->expr->call->argument_list
2,20,rectangle_java2.jpg,rectangle_java2.jpg,1618934536,304,1067.4455263157895,775.6367105263158,1057.5,766,10,21,),1,class->block->function->block->block_content->expr_stmt->expr->call->argument_list->argument->expr->call->argument_list
2,20,rectangle_java2.jpg,rectangle_java2.jpg,1618934536,304,1067.4455263157895,775.6367105263158,1077.5,766,9,21,),1,class->block->function->block->block_content->expr_stmt->expr->call->argument_list
2,20,rectangle_java2.jpg,rectangle_java2.jpg,1619254577,292,1098.7794520547945,738.0534246575343,1095.5,731,13,20,5,1,class->block->function->block->block_content->decl_stmt->decl->init->expr->call->argument_list->argument->expr->literal
2,20,rectangle_java2.jpg,rectangle_java2.jpg,1619486617,176,1103.2122727272726,663.2918181818181,1095.5,658,13,20,0,1,class->block->function->block->block_content->decl_stmt->decl->init->expr->call->argument_list->argument->expr->literal
2,20,rectangle_java2.jpg,rectangle_java2.jpg,1619486617,176,1103.2122727272726,663.2918181818181,1115.5,658,10,20,",",1,class->block->function->block->block_content->decl_stmt->decl->init->expr->call->argument_list
2,20,rectangle_java2.jpg,rectangle_java2.jpg,1619606587,116,1106.5241379310344,669.9841379310345,1095.5,658,13,20,0,1,class->block->function->block->block_content->decl_stmt->decl->init->expr->call->argument_list->argument->expr->literal
2,20,rectangle_java2.jpg,rectangle_java2.jpg,1619606587,116,1106.5241379310344,669.9841379310345,1115.5,658,10,20,",",1,class->block->function->block->block_content->decl_stmt->decl->init->expr->call->argument_list
