trial,participant,code_file,code_language,timestamp,duration,x_cord,y_cord,aoi_x,aoi_y,aoi_width,aoi_height,token,length,srcML
2,21,rectangle_java2.jpg,rectangle_java2.jpg,13354899770,56,781.6971428571428,258.3142857142857,785.5,259,23,21,x1,2,class->block->decl_stmt->decl->name
2,21,rectangle_java2.jpg,rectangle_java2.jpg,13356691588,132,744.6727272727272,246.57363636363635,747.5,259,33,21,int,3,class->block->decl_stmt->decl->type->name
2,21,rectangle_java2.jpg,rectangle_java2.jpg,13357127570,184,811.0586956521739,246.68130434782609,815.5,259,10,21,",",1,class->block->decl_stmt
2,21,rectangle_java2.jpg,rectangle_java2.jpg,13357199559,68,813.9147058823529,258.1894117647059,815.5,259,10,21,",",1,class->block->decl_stmt
2,21,rectangle_java2.jpg,rectangle_java2.jpg,13357343538,80,773.9485,272.6,747.5,259,33,21,int,3,class->block->decl_stmt->decl->type->name
2,21,rectangle_java2.jpg,rectangle_java2.jpg,13357343538,80,773.9485,272.6,785.5,259,23,21,x1,2,class->block->decl_stmt->decl->name
2,21,rectangle_java2.jpg,rectangle_java2.jpg,13357615524,60,708.64,274.70133333333337,669.5,259,72,21,private,7,class->block->decl_stmt->decl->type->specifier
2,21,rectangle_java2.jpg,rectangle_java2.jpg,13357699478,64,798.809375,286.890625,737.5,295,91,21,Rectangle,9,class->block->constructor->name
2,21,rectangle_java2.jpg,rectangle_java2.jpg,13357871304,168,806.7542857142857,272.38428571428574,785.5,259,23,21,x1,2,class->block->decl_stmt->decl->name
2,21,rectangle_java2.jpg,rectangle_java2.jpg,13357871304,168,806.7542857142857,272.38428571428574,815.5,259,10,21,",",1,class->block->decl_stmt
2,21,rectangle_java2.jpg,rectangle_java2.jpg,13358003324,96,817.0316666666666,322.05958333333336,806.5,331,15,19,=,1,class->block->constructor->block->block_content->expr_stmt->expr->operator
2,21,rectangle_java2.jpg,rectangle_java2.jpg,13358003324,96,817.0316666666666,322.05958333333336,826.5,331,23,19,x1,2,class->block->constructor->block->block_content->expr_stmt->expr->name->name
2,21,rectangle_java2.jpg,rectangle_java2.jpg,13358075364,68,816.2194117647059,327.9023529411765,806.5,331,15,19,=,1,class->block->constructor->block->block_content->expr_stmt->expr->operator
2,21,rectangle_java2.jpg,rectangle_java2.jpg,13358075364,68,816.2194117647059,327.9023529411765,826.5,331,23,19,x1,2,class->block->constructor->block->block_content->expr_stmt->expr->name->name
2,21,rectangle_java2.jpg,rectangle_java2.jpg,13358271403,148,944.4148648648649,284.56135135135133,939.5,295,33,21,int,3,class->block->constructor->parameter_list->parameter->decl->type->name
2,21,rectangle_java2.jpg,rectangle_java2.jpg,13358351398,76,941.4784210526316,270.9478947368421,929.5,259,23,21,y2,2,class->block->decl_stmt->decl->name
2,21,rectangle_java2.jpg,rectangle_java2.jpg,13358435396,60,887.8713333333334,276.09066666666666,881.5,259,23,21,x2,2,class->block->decl_stmt->decl->name
2,21,rectangle_java2.jpg,rectangle_java2.jpg,13358575398,136,886.1588235294117,268.7929411764706,881.5,259,23,21,x2,2,class->block->decl_stmt->decl->name
2,21,rectangle_java2.jpg,rectangle_java2.jpg,13360295366,64,822.3149999999999,321.339375,826.5,331,23,19,x1,2,class->block->constructor->block->block_content->expr_stmt->expr->name->name
2,21,rectangle_java2.jpg,rectangle_java2.jpg,13360483281,120,812.0293333333333,306.65500000000003,737.5,295,91,21,Rectangle,9,class->block->constructor->name
2,21,rectangle_java2.jpg,rectangle_java2.jpg,13360643279,104,822.3773076923077,319.30115384615385,826.5,331,23,19,x1,2,class->block->constructor->block->block_content->expr_stmt->expr->name->name
2,21,rectangle_java2.jpg,rectangle_java2.jpg,13360703287,56,814.6014285714285,334.4921428571429,806.5,331,15,19,=,1,class->block->constructor->block->block_content->expr_stmt->expr->operator
2,21,rectangle_java2.jpg,rectangle_java2.jpg,13360703287,56,814.6014285714285,334.4921428571429,826.5,331,23,19,x1,2,class->block->constructor->block->block_content->expr_stmt->expr->name->name
2,21,rectangle_java2.jpg,rectangle_java2.jpg,13360943264,128,808.0571875,331.2203125,806.5,331,15,19,=,1,class->block->constructor->block->block_content->expr_stmt->expr->operator
2,21,rectangle_java2.jpg,rectangle_java2.jpg,13361063282,64,811.034375,327.2125,806.5,331,15,19,=,1,class->block->constructor->block->block_content->expr_stmt->expr->operator
2,21,rectangle_java2.jpg,rectangle_java2.jpg,13361215275,92,859.4526086956522,395.9508695652174,856.5,404,10,19,;,1,class->block->constructor->block->block_content->expr_stmt
2,21,rectangle_java2.jpg,rectangle_java2.jpg,13361575278,120,844.0186666666667,382.87533333333334,826.5,367,23,21,y1,2,class->block->constructor->block->block_content->expr_stmt->expr->name->name
2,21,rectangle_java2.jpg,rectangle_java2.jpg,13361575278,120,844.0186666666667,382.87533333333334,856.5,367,10,21,;,1,class->block->constructor->block->block_content->expr_stmt
2,21,rectangle_java2.jpg,rectangle_java2.jpg,13361651219,60,777.9453333333333,374.192,730.5,367,71,21,this.y1,7,class->block->constructor->block->block_content->expr_stmt->expr->name->name->operator->name
2,21,rectangle_java2.jpg,rectangle_java2.jpg,13361987111,92,802.6860869565218,431.7934782608695,806.5,440,15,21,=,1,class->block->constructor->block->block_content->expr_stmt->expr->operator
2,21,rectangle_java2.jpg,rectangle_java2.jpg,13362167080,176,801.9954545454545,435.07409090909096,806.5,440,15,21,=,1,class->block->constructor->block->block_content->expr_stmt->expr->operator
2,21,rectangle_java2.jpg,rectangle_java2.jpg,13362603132,92,820.794347826087,538.1882608695652,775.5,549,62,21,height,6,class->block->function->name
2,21,rectangle_java2.jpg,rectangle_java2.jpg,13362687123,80,814.7715000000001,519.071,775.5,512,53,21,width,5,class->block->function->name
2,21,rectangle_java2.jpg,rectangle_java2.jpg,13363011159,124,770.7267741935484,532.0154838709677,775.5,512,53,21,width,5,class->block->function->name
2,21,rectangle_java2.jpg,rectangle_java2.jpg,13363219131,136,827.964705882353,529.8782352941176,775.5,512,53,21,width,5,class->block->function->name
2,21,rectangle_java2.jpg,rectangle_java2.jpg,13363219131,136,827.964705882353,529.8782352941176,837.5,512,9,21,(,1,class->block->function->parameter_list
2,21,rectangle_java2.jpg,rectangle_java2.jpg,13363407111,88,1017.2781818181818,500.3540909090909,958.5,512,71,21,this.x2,7,class->block->function->block->block_content->return->expr->name->name->operator->name->operator
2,21,rectangle_java2.jpg,rectangle_java2.jpg,13363471002,60,1021.788,511.9366666666667,958.5,512,71,21,this.x2,7,class->block->function->block->block_content->return->expr->name->name->operator->name->operator
2,21,rectangle_java2.jpg,rectangle_java2.jpg,13363654961,68,941.3188235294117,509.7258823529412,891.5,512,62,21,return,6,class->block->function->block->block_content->return->expr->name->name
2,21,rectangle_java2.jpg,rectangle_java2.jpg,13363771033,112,924.9225,510.37892857142856,891.5,512,62,21,return,6,class->block->function->block->block_content->return->expr->name->name
2,21,rectangle_java2.jpg,rectangle_java2.jpg,13363835031,60,915.2379999999999,504.914,891.5,512,62,21,return,6,class->block->function->block->block_content->return->expr->name->name
2,21,rectangle_java2.jpg,rectangle_java2.jpg,13363903029,56,1020.5085714285715,517.5271428571428,958.5,512,71,21,this.x2,7,class->block->function->block->block_content->return->expr->name->name->operator->name->operator
2,21,rectangle_java2.jpg,rectangle_java2.jpg,13364063043,60,1023.1353333333333,527.6213333333333,958.5,512,71,21,this.x2,7,class->block->function->block->block_content->return->expr->name->name->operator->name->operator
2,21,rectangle_java2.jpg,rectangle_java2.jpg,13364063043,60,1023.1353333333333,527.6213333333333,1035.5,512,13,21,-,1,class->block->function->block->block_content->return->expr->name->name
2,21,rectangle_java2.jpg,rectangle_java2.jpg,13364179056,60,1017.792,518.9433333333334,958.5,512,71,21,this.x2,7,class->block->function->block->block_content->return->expr->name->name->operator->name->operator
2,21,rectangle_java2.jpg,rectangle_java2.jpg,13364291004,108,1023.4088888888889,514.8022222222222,958.5,512,71,21,this.x2,7,class->block->function->block->block_content->return->expr->name->name->operator->name->operator
2,21,rectangle_java2.jpg,rectangle_java2.jpg,13364291004,108,1023.4088888888889,514.8022222222222,1035.5,512,13,21,-,1,class->block->function->block->block_content->return->expr->name->name
2,21,rectangle_java2.jpg,rectangle_java2.jpg,13364498980,204,1019.2407843137255,511.7721568627451,958.5,512,71,21,this.x2,7,class->block->function->block->block_content->return->expr->name->name->operator->name->operator
2,21,rectangle_java2.jpg,rectangle_java2.jpg,13364751031,72,1017.4733333333334,502.0088888888888,958.5,512,71,21,this.x2,7,class->block->function->block->block_content->return->expr->name->name->operator->name->operator
2,21,rectangle_java2.jpg,rectangle_java2.jpg,13364895019,100,1134.9504,516.982,1132.5,512,10,21,;,1,class->block->function->block
2,21,rectangle_java2.jpg,rectangle_java2.jpg,13365031061,132,1126.1621212121213,515.1663636363636,1132.5,512,10,21,;,1,class->block->function->block
2,21,rectangle_java2.jpg,rectangle_java2.jpg,13365211126,124,1083.7935483870967,500.23064516129034,1054.5,512,71,21,this.x1,7,class->block->function->block->block_content->return->expr->name->name->operator->name
2,21,rectangle_java2.jpg,rectangle_java2.jpg,13365299076,84,1078.257619047619,516.1433333333333,1054.5,512,71,21,this.x1,7,class->block->function->block->block_content->return->expr->name->name->operator->name
2,21,rectangle_java2.jpg,rectangle_java2.jpg,13365506823,96,715.33875,522.5558333333333,669.5,512,63,21,public,6,class->block->function->type->specifier
2,21,rectangle_java2.jpg,rectangle_java2.jpg,13365566754,56,718.4378571428572,537.1607142857143,669.5,549,63,21,public,6,class->block->function->type->specifier
2,21,rectangle_java2.jpg,rectangle_java2.jpg,13365646751,76,690.5321052631579,541.0636842105263,669.5,549,63,21,public,6,class->block->function->type->specifier
2,21,rectangle_java2.jpg,rectangle_java2.jpg,13365742806,92,688.4330434782609,549.4104347826087,669.5,549,63,21,public,6,class->block->function->type->specifier
2,21,rectangle_java2.jpg,rectangle_java2.jpg,13365822841,64,813.623125,528.8,775.5,512,53,21,width,5,class->block->function->name
2,21,rectangle_java2.jpg,rectangle_java2.jpg,13365974846,148,801.9602702702703,538.2359459459459,775.5,549,62,21,height,6,class->block->function->name
2,21,rectangle_java2.jpg,rectangle_java2.jpg,13366070817,72,673.1883333333334,547.3311111111111,669.5,549,63,21,public,6,class->block->function->type->specifier
2,21,rectangle_java2.jpg,rectangle_java2.jpg,13366158790,84,668.6971428571428,549.2466666666667,669.5,549,63,21,public,6,class->block->function->type->specifier
2,21,rectangle_java2.jpg,rectangle_java2.jpg,13366326828,96,744.9025,560.9379166666666,737.5,549,33,21,int,3,class->block->function->type->name
2,21,rectangle_java2.jpg,rectangle_java2.jpg,13366450858,120,738.8096666666667,561.729,737.5,549,33,21,int,3,class->block->function->type->name
2,21,rectangle_java2.jpg,rectangle_java2.jpg,13366654885,84,858.6142857142858,557.7719047619048,863.5,549,9,21,),1,class->block->function->parameter_list
2,21,rectangle_java2.jpg,rectangle_java2.jpg,13366722876,64,863.74875,558.82,863.5,549,9,21,),1,class->block->function->parameter_list
2,21,rectangle_java2.jpg,rectangle_java2.jpg,13366838866,60,825.194,558.302,775.5,549,62,21,height,6,class->block->function->name
2,21,rectangle_java2.jpg,rectangle_java2.jpg,13366902872,60,815.8993333333333,551.222,775.5,549,62,21,height,6,class->block->function->name
2,21,rectangle_java2.jpg,rectangle_java2.jpg,13366990891,76,1066.9636842105263,551.6042105263158,1064.5,549,71,21,this.y1,7,class->block->function->block->block_content->return->expr->name->name->operator->name
2,21,rectangle_java2.jpg,rectangle_java2.jpg,13367122922,76,1099.5294736842104,545.761052631579,1064.5,549,71,21,this.y1,7,class->block->function->block->block_content->return->expr->name->name->operator->name
2,21,rectangle_java2.jpg,rectangle_java2.jpg,13367274903,96,952.6979166666666,550.0695833333333,900.5,549,63,21,return,6,class->block->function->block->block_content->return
2,21,rectangle_java2.jpg,rectangle_java2.jpg,13367346839,68,949.454705882353,541.6917647058824,900.5,549,63,21,return,6,class->block->function->block->block_content->return
2,21,rectangle_java2.jpg,rectangle_java2.jpg,13367462688,112,949.7967857142858,542.0317857142857,900.5,549,63,21,return,6,class->block->function->block->block_content->return
2,21,rectangle_java2.jpg,rectangle_java2.jpg,13367570676,80,1036.2045,544.9475,968.5,549,70,21,this.y2,7,class->block->function->block->block_content->return->expr->name->name->operator->name
2,21,rectangle_java2.jpg,rectangle_java2.jpg,13367570676,80,1036.2045,544.9475,1045.5,549,13,21,-,1,class->block->function->block->block_content->return->expr->operator
2,21,rectangle_java2.jpg,rectangle_java2.jpg,13367686749,112,1027.6542857142856,555.5835714285714,968.5,549,70,21,this.y2,7,class->block->function->block->block_content->return->expr->name->name->operator->name
2,21,rectangle_java2.jpg,rectangle_java2.jpg,13367830771,140,1038.4502857142857,546.0751428571429,968.5,549,70,21,this.y2,7,class->block->function->block->block_content->return->expr->name->name->operator->name
2,21,rectangle_java2.jpg,rectangle_java2.jpg,13367830771,140,1038.4502857142857,546.0751428571429,1045.5,549,13,21,-,1,class->block->function->block->block_content->return->expr->operator
2,21,rectangle_java2.jpg,rectangle_java2.jpg,13368006774,152,1155.711052631579,559.843947368421,1161.5,549,10,21,},1,class->block->function->block
2,21,rectangle_java2.jpg,rectangle_java2.jpg,13368070781,60,1155.7513333333334,546.6026666666667,1161.5,549,10,21,},1,class->block->function->block
2,21,rectangle_java2.jpg,rectangle_java2.jpg,13368234769,120,1117.6146666666666,558.3893333333333,1064.5,549,71,21,this.y1,7,class->block->function->block->block_content->return->expr->name->name->operator->name
2,21,rectangle_java2.jpg,rectangle_java2.jpg,13368470918,60,1087.59,560.354,1064.5,549,71,21,this.y1,7,class->block->function->block->block_content->return->expr->name->name->operator->name
2,21,rectangle_java2.jpg,rectangle_java2.jpg,13368574879,100,1091.6456,559.3508,1064.5,549,71,21,this.y1,7,class->block->function->block->block_content->return->expr->name->name->operator->name
2,21,rectangle_java2.jpg,rectangle_java2.jpg,13368670821,56,1093.1742857142858,542.91,1064.5,549,71,21,this.y1,7,class->block->function->block->block_content->return->expr->name->name->operator->name
2,21,rectangle_java2.jpg,rectangle_java2.jpg,13368810781,76,776.4952631578948,621.4247368421053,738.5,621,61,21,static,6,class->block->function->type->specifier
2,21,rectangle_java2.jpg,rectangle_java2.jpg,13368946735,56,750.2357142857143,611.0771428571429,738.5,621,61,21,static,6,class->block->function->type->specifier
2,21,rectangle_java2.jpg,rectangle_java2.jpg,13369030693,80,763.0415,597.799,737.5,585,62,21,double,6,class->block->function->type->name
2,21,rectangle_java2.jpg,rectangle_java2.jpg,13369250669,140,683.9328571428572,603.6822857142857,669.5,585,63,21,public,6,class->block->function->type->specifier
2,21,rectangle_java2.jpg,rectangle_java2.jpg,13369326645,72,675.7294444444444,611.3983333333333,669.5,621,63,21,public,6,class->block->function->type->specifier
2,21,rectangle_java2.jpg,rectangle_java2.jpg,13369758602,176,785.5795454545455,601.8056818181818,737.5,585,62,21,double,6,class->block->function->type->name
2,21,rectangle_java2.jpg,rectangle_java2.jpg,13370066610,140,1058.4337142857144,594.7157142857143,977.5,585,101,21,this.width,10,class->block->function->block->block_content->return->expr->call->name->name->operator->name
2,21,rectangle_java2.jpg,rectangle_java2.jpg,13370238710,96,938.65625,579.9579166666666,910.5,585,62,21,return,6,class->block->function->block->block_content->return
2,21,rectangle_java2.jpg,rectangle_java2.jpg,13370354752,68,934.9129411764706,574.7582352941176,910.5,585,62,21,return,6,class->block->function->block->block_content->return
2,21,rectangle_java2.jpg,rectangle_java2.jpg,13370438716,80,942.472,590.421,910.5,585,62,21,return,6,class->block->function->block->block_content->return
2,21,rectangle_java2.jpg,rectangle_java2.jpg,13370590653,136,1036.0411764705882,599.2379411764706,977.5,585,101,21,this.width,10,class->block->function->block->block_content->return->expr->call->name->name->operator->name
2,21,rectangle_java2.jpg,rectangle_java2.jpg,13370662631,68,1037.3276470588235,595.5864705882353,977.5,585,101,21,this.width,10,class->block->function->block->block_content->return->expr->call->name->name->operator->name
2,21,rectangle_java2.jpg,rectangle_java2.jpg,13370726613,60,1039.7773333333334,574.954,977.5,585,101,21,this.width,10,class->block->function->block->block_content->return->expr->call->name->name->operator->name
2,21,rectangle_java2.jpg,rectangle_java2.jpg,13371046573,140,1261.0434285714286,581.5394285714285,1259.5,585,9,21,(,1,class->block->function->block->block_content->return->expr->call->argument_list
2,21,rectangle_java2.jpg,rectangle_java2.jpg,13371110557,60,1268.482,578.8,1259.5,585,9,21,(,1,class->block->function->block->block_content->return->expr->call->argument_list
2,21,rectangle_java2.jpg,rectangle_java2.jpg,13371110557,60,1268.482,578.8,1276.5,585,9,21,),1,class->block->function->block->block_content->return->expr->call->argument_list
2,21,rectangle_java2.jpg,rectangle_java2.jpg,13371226424,64,1184.7125,579.626875,1140.5,585,110,21,this.height,11,class->block->function->block->block_content->return->expr->call->name->name->operator->name
2,21,rectangle_java2.jpg,rectangle_java2.jpg,13371386342,112,1182.067857142857,581.8617857142857,1140.5,585,110,21,this.height,11,class->block->function->block->block_content->return->expr->call->name->name->operator->name
2,21,rectangle_java2.jpg,rectangle_java2.jpg,13371534474,92,1273.015652173913,579.9547826086956,1276.5,585,9,21,),1,class->block->function->block->block_content->return->expr->call->argument_list
2,21,rectangle_java2.jpg,rectangle_java2.jpg,13371638481,100,1276.2348,594.1756,1276.5,585,9,21,),1,class->block->function->block->block_content->return->expr->call->argument_list
2,21,rectangle_java2.jpg,rectangle_java2.jpg,13371706485,64,1276.725625,596.309375,1276.5,585,9,21,),1,class->block->function->block->block_content->return->expr->call->argument_list
2,21,rectangle_java2.jpg,rectangle_java2.jpg,13371962597,252,1275.2457142857143,594.6314285714286,1276.5,585,9,21,),1,class->block->function->block->block_content->return->expr->call->argument_list
2,21,rectangle_java2.jpg,rectangle_java2.jpg,13372426505,460,1268.1897391304349,588.3771304347827,1259.5,585,9,21,(,1,class->block->function->block->block_content->return->expr->call->argument_list
2,21,rectangle_java2.jpg,rectangle_java2.jpg,13372426505,460,1268.1897391304349,588.3771304347827,1276.5,585,9,21,),1,class->block->function->block->block_content->return->expr->call->argument_list
2,21,rectangle_java2.jpg,rectangle_java2.jpg,13372530488,88,1222.6422727272727,573.7054545454546,1140.5,585,110,21,this.height,11,class->block->function->block->block_content->return->expr->call->name->name->operator->name
2,21,rectangle_java2.jpg,rectangle_java2.jpg,13372630474,96,1217.8033333333333,582.6416666666667,1140.5,585,110,21,this.height,11,class->block->function->block->block_content->return->expr->call->name->name->operator->name
2,21,rectangle_java2.jpg,rectangle_java2.jpg,13373306344,176,836.0984090909091,603.7620454545455,804.5,585,43,21,area,4,class->block->function->name
2,21,rectangle_java2.jpg,rectangle_java2.jpg,13373402340,92,843.8321739130434,600.5108695652174,804.5,585,43,21,area,4,class->block->function->name
2,21,rectangle_java2.jpg,rectangle_java2.jpg,13373622396,164,693.5146341463415,605.8148780487805,669.5,585,63,21,public,6,class->block->function->type->specifier
2,21,rectangle_java2.jpg,rectangle_java2.jpg,13373706413,80,691.466,612.796,669.5,621,63,21,public,6,class->block->function->type->specifier
2,21,rectangle_java2.jpg,rectangle_java2.jpg,13373822414,60,776.674,631.2906666666667,738.5,621,61,21,static,6,class->block->function->type->specifier
2,21,rectangle_java2.jpg,rectangle_java2.jpg,13373918402,92,785.3943478260869,628.7056521739131,738.5,621,61,21,static,6,class->block->function->type->specifier
2,21,rectangle_java2.jpg,rectangle_java2.jpg,13373998392,76,770.0205263157895,629.4236842105263,738.5,621,61,21,static,6,class->block->function->type->specifier
2,21,rectangle_java2.jpg,rectangle_java2.jpg,13374202353,144,896.8452777777778,625.2619444444445,904.5,621,9,21,(,1,class->block->function->parameter_list
2,21,rectangle_java2.jpg,rectangle_java2.jpg,13374366349,92,817.6660869565218,620.5182608695652,804.5,621,44,21,void,4,class->block->function->type->name
2,21,rectangle_java2.jpg,rectangle_java2.jpg,13374454335,84,813.8728571428571,630.0647619047619,804.5,621,44,21,void,4,class->block->function->type->name
2,21,rectangle_java2.jpg,rectangle_java2.jpg,13374522321,64,879.434375,624.885625,851.5,621,44,21,main,4,class->block->function->name
2,21,rectangle_java2.jpg,rectangle_java2.jpg,13374586305,60,872.9853333333333,634.5886666666667,851.5,621,44,21,main,4,class->block->function->name
2,21,rectangle_java2.jpg,rectangle_java2.jpg,13374658306,68,880.9941176470588,631.3223529411765,851.5,621,44,21,main,4,class->block->function->name
2,21,rectangle_java2.jpg,rectangle_java2.jpg,13374742308,80,875.5995,634.925,851.5,621,44,21,main,4,class->block->function->name
2,21,rectangle_java2.jpg,rectangle_java2.jpg,13374918360,172,873.7867441860465,626.2579069767442,851.5,621,44,21,main,4,class->block->function->name
2,21,rectangle_java2.jpg,rectangle_java2.jpg,13375054239,72,1046.1561111111112,640.7283333333334,1025.5,621,42,21,args,4,class->block->function->parameter_list->parameter->decl->name
2,21,rectangle_java2.jpg,rectangle_java2.jpg,13375170104,112,1066.454642857143,638.9357142857143,1025.5,621,42,21,args,4,class->block->function->parameter_list->parameter->decl->name
2,21,rectangle_java2.jpg,rectangle_java2.jpg,13375170104,112,1066.454642857143,638.9357142857143,1074.5,621,10,21,),1,class->block->function->parameter_list
2,21,rectangle_java2.jpg,rectangle_java2.jpg,13375358143,92,959.7230434782608,638.0956521739131,920.5,621,62,21,String,6,class->block->function->parameter_list->parameter->decl->type->name->name
2,21,rectangle_java2.jpg,rectangle_java2.jpg,13375454201,92,958.6882608695652,624.7852173913044,920.5,621,62,21,String,6,class->block->function->parameter_list->parameter->decl->type->name->name
2,21,rectangle_java2.jpg,rectangle_java2.jpg,13375614291,100,1099.8952,634.0276,1094.5,621,10,21,{,1,class->block->function->block
2,21,rectangle_java2.jpg,rectangle_java2.jpg,13375714297,96,1103.1541666666667,632.99375,1094.5,621,10,21,{,1,class->block->function->block
2,21,rectangle_java2.jpg,rectangle_java2.jpg,13375926287,72,767.12,661.5583333333334,730.5,658,91,20,Rectangle,9,class->block->function->block->block_content->decl_stmt->decl->type->name
2,21,rectangle_java2.jpg,rectangle_java2.jpg,13376118280,188,758.0431914893617,669.4893617021277,730.5,658,91,20,Rectangle,9,class->block->function->block->block_content->decl_stmt->decl->type->name
2,21,rectangle_java2.jpg,rectangle_java2.jpg,13376454212,228,878.5035087719298,664.4863157894737,883.5,658,15,20,=,1,class->block->function->block->block_content->decl_stmt->decl->init
2,21,rectangle_java2.jpg,rectangle_java2.jpg,13376518208,60,840.1733333333333,664.6466666666666,826.5,658,52,20,rect1,5,class->block->function->block->block_content->decl_stmt->decl->name
2,21,rectangle_java2.jpg,rectangle_java2.jpg,13376774226,164,1013.050975609756,671.1117073170732,941.5,658,91,20,Rectangle,9,class->block->function->block->block_content->decl_stmt->decl->init->expr->call->name
2,21,rectangle_java2.jpg,rectangle_java2.jpg,13376934252,108,963.8133333333333,663.2785185185185,941.5,658,91,20,Rectangle,9,class->block->function->block->block_content->decl_stmt->decl->init->expr->call->name
2,21,rectangle_java2.jpg,rectangle_java2.jpg,13377034181,96,948.29,663.1933333333334,941.5,658,91,20,Rectangle,9,class->block->function->block->block_content->decl_stmt->decl->init->expr->call->name
2,21,rectangle_java2.jpg,rectangle_java2.jpg,13377130112,92,945.69,675.7891304347826,941.5,658,91,20,Rectangle,9,class->block->function->block->block_content->decl_stmt->decl->init->expr->call->name
2,21,rectangle_java2.jpg,rectangle_java2.jpg,13377214108,80,956.3215,668.1265,941.5,658,91,20,Rectangle,9,class->block->function->block->block_content->decl_stmt->decl->init->expr->call->name
2,21,rectangle_java2.jpg,rectangle_java2.jpg,13377374104,96,880.7066666666667,673.78625,883.5,658,15,20,=,1,class->block->function->block->block_content->decl_stmt->decl->init
2,21,rectangle_java2.jpg,rectangle_java2.jpg,13377614087,72,1155.1805555555557,661.7438888888889,1134.5,658,22,20,10,2,class->block->function->block->block_content->decl_stmt->decl->init->expr->call->argument_list->argument->expr->literal
2,21,rectangle_java2.jpg,rectangle_java2.jpg,13377614087,72,1155.1805555555557,661.7438888888889,1163.5,658,10,20,",",1,class->block->function->block->block_content->decl_stmt->decl->init->expr->call->argument_list
2,21,rectangle_java2.jpg,rectangle_java2.jpg,13377790090,148,1095.3924324324325,666.8956756756756,1095.5,658,13,20,0,1,class->block->function->block->block_content->decl_stmt->decl->init->expr->call->argument_list->argument->expr->literal
2,21,rectangle_java2.jpg,rectangle_java2.jpg,13377854092,60,1108.7,667.6513333333334,1115.5,658,10,20,",",1,class->block->function->block->block_content->decl_stmt->decl->init->expr->call->argument_list
2,21,rectangle_java2.jpg,rectangle_java2.jpg,13378070096,156,1199.274358974359,659.9528205128205,1182.5,658,22,20,10,2,class->block->function->block->block_content->decl_stmt->decl->init->expr->call->argument_list->argument->expr->literal
2,21,rectangle_java2.jpg,rectangle_java2.jpg,13378070096,156,1199.274358974359,659.9528205128205,1211.5,658,9,20,),1,class->block->function->block->block_content->decl_stmt->decl->init->expr->call->argument_list
2,21,rectangle_java2.jpg,rectangle_java2.jpg,13378378092,188,783.2642553191489,672.0602127659574,730.5,658,91,20,Rectangle,9,class->block->function->block->block_content->decl_stmt->decl->type->name
2,21,rectangle_java2.jpg,rectangle_java2.jpg,13378622057,96,909.3195833333333,663.3816666666667,902.5,658,34,20,new,3,class->block->function->block->block_content->decl_stmt->decl->init->expr->operator
2,21,rectangle_java2.jpg,rectangle_java2.jpg,13378766092,112,855.6032142857143,668.6446428571428,826.5,658,52,20,rect1,5,class->block->function->block->block_content->decl_stmt->decl->name
2,21,rectangle_java2.jpg,rectangle_java2.jpg,13379049891,156,862.3271794871795,724.7105128205128,826.5,731,51,20,rect2,5,class->block->function->block->block_content->decl_stmt->decl->name
2,21,rectangle_java2.jpg,rectangle_java2.jpg,13379113845,60,870.39,704.8953333333334,730.5,694,177,21,System.out.println,18,class->block->function->block->block_content->expr_stmt->expr->call->name->name->operator->name->operator->name
2,21,rectangle_java2.jpg,rectangle_java2.jpg,13379193891,68,768.1858823529411,696.4476470588236,730.5,694,177,21,System.out.println,18,class->block->function->block->block_content->expr_stmt->expr->call->name->name->operator->name->operator->name
2,21,rectangle_java2.jpg,rectangle_java2.jpg,13379309979,112,764.6178571428571,698.9592857142857,730.5,694,177,21,System.out.println,18,class->block->function->block->block_content->expr_stmt->expr->call->name->name->operator->name->operator->name
2,21,rectangle_java2.jpg,rectangle_java2.jpg,13379413968,100,772.0196,712.0296,730.5,694,177,21,System.out.println,18,class->block->function->block->block_content->expr_stmt->expr->call->name->name->operator->name->operator->name
2,21,rectangle_java2.jpg,rectangle_java2.jpg,13379537949,92,845.5073913043478,695.7960869565218,730.5,694,177,21,System.out.println,18,class->block->function->block->block_content->expr_stmt->expr->call->name->name->operator->name->operator->name
2,21,rectangle_java2.jpg,rectangle_java2.jpg,13379629977,88,852.9945454545455,706.3918181818182,730.5,694,177,21,System.out.println,18,class->block->function->block->block_content->expr_stmt->expr->call->name->name->operator->name->operator->name
2,21,rectangle_java2.jpg,rectangle_java2.jpg,13379697995,64,835.834375,720.525625,826.5,731,51,20,rect2,5,class->block->function->block->block_content->decl_stmt->decl->name
2,21,rectangle_java2.jpg,rectangle_java2.jpg,13379797987,96,844.4158333333334,712.0658333333333,730.5,694,177,21,System.out.println,18,class->block->function->block->block_content->expr_stmt->expr->call->name->name->operator->name->operator->name
2,21,rectangle_java2.jpg,rectangle_java2.jpg,13379881969,80,838.1185,708.284,730.5,694,177,21,System.out.println,18,class->block->function->block->block_content->expr_stmt->expr->call->name->name->operator->name->operator->name
2,21,rectangle_java2.jpg,rectangle_java2.jpg,13380121956,160,894.90825,728.5962499999999,883.5,731,15,20,=,1,class->block->function->block->block_content->decl_stmt->decl->init
2,21,rectangle_java2.jpg,rectangle_java2.jpg,13380121956,160,894.90825,728.5962499999999,902.5,731,34,20,new,3,class->block->function->block->block_content->decl_stmt->decl->init->expr->operator
2,21,rectangle_java2.jpg,rectangle_java2.jpg,13380297980,140,1027.9651428571428,730.1297142857143,941.5,731,91,20,Rectangle,9,class->block->function->block->block_content->decl_stmt->decl->init->expr->call->name
2,21,rectangle_java2.jpg,rectangle_java2.jpg,13380654027,80,1043.8085,711.522,1041.5,694,9,21,(,1,class->block->function->block->block_content->expr_stmt->expr->call->argument_list->argument->expr->call->argument_list
2,21,rectangle_java2.jpg,rectangle_java2.jpg,13380730038,72,1057.4322222222222,718.5994444444444,1057.5,731,13,20,5,1,class->block->function->block->block_content->decl_stmt->decl->init->expr->call->argument_list->argument->expr->literal
2,21,rectangle_java2.jpg,rectangle_java2.jpg,13380825960,92,1038.6917391304348,722.8408695652174,1041.5,731,9,20,(,1,class->block->function->block->block_content->decl_stmt->decl->init->expr->call->argument_list
2,21,rectangle_java2.jpg,rectangle_java2.jpg,13380957849,128,1057.52125,707.4846875,1057.5,694,10,21,),1,class->block->function->block->block_content->expr_stmt->expr->call->argument_list->argument->expr->call->argument_list
2,21,rectangle_java2.jpg,rectangle_java2.jpg,13381049806,88,1045.794090909091,700.1790909090909,1041.5,694,9,21,(,1,class->block->function->block->block_content->expr_stmt->expr->call->argument_list->argument->expr->call->argument_list
2,21,rectangle_java2.jpg,rectangle_java2.jpg,13381049806,88,1045.794090909091,700.1790909090909,1057.5,694,10,21,),1,class->block->function->block->block_content->expr_stmt->expr->call->argument_list->argument->expr->call->argument_list
2,21,rectangle_java2.jpg,rectangle_java2.jpg,13381201789,64,769.51375,749.389375,730.5,731,91,20,Rectangle,9,class->block->function->block->block_content->decl_stmt->decl->type->name
2,21,rectangle_java2.jpg,rectangle_java2.jpg,13381329825,124,760.8848387096774,734.4209677419354,730.5,731,91,20,Rectangle,9,class->block->function->block->block_content->decl_stmt->decl->type->name
2,21,rectangle_java2.jpg,rectangle_java2.jpg,13381489844,156,746.3043589743589,743.4464102564102,730.5,731,91,20,Rectangle,9,class->block->function->block->block_content->decl_stmt->decl->type->name
2,21,rectangle_java2.jpg,rectangle_java2.jpg,13381689814,188,867.9068085106383,750.3408510638297,826.5,731,51,20,rect2,5,class->block->function->block->block_content->decl_stmt->decl->name
2,21,rectangle_java2.jpg,rectangle_java2.jpg,13381749810,56,871.5014285714285,759.8957142857143,730.5,766,177,21,System.out.println,18,class->block->function->block->block_content->expr_stmt->expr->call->name->name->operator->name->operator->name
2,21,rectangle_java2.jpg,rectangle_java2.jpg,13381961854,144,1007.2352777777778,732.7294444444444,941.5,731,91,20,Rectangle,9,class->block->function->block->block_content->decl_stmt->decl->init->expr->call->name
2,21,rectangle_java2.jpg,rectangle_java2.jpg,13382177880,60,947.4773333333334,735.8093333333334,941.5,731,91,20,Rectangle,9,class->block->function->block->block_content->decl_stmt->decl->init->expr->call->name
2,21,rectangle_java2.jpg,rectangle_java2.jpg,13382477865,120,985.3763333333334,755.863,932.5,766,100,21,rect2.area,10,class->block->function->block->block_content->expr_stmt->expr->call->argument_list->argument->expr->call->name->name->operator->name
2,21,rectangle_java2.jpg,rectangle_java2.jpg,13382609854,128,978.3265625,746.0090625,941.5,731,91,20,Rectangle,9,class->block->function->block->block_content->decl_stmt->decl->init->expr->call->name
2,21,rectangle_java2.jpg,rectangle_java2.jpg,13382729848,116,990.3331034482759,756.7431034482759,932.5,766,100,21,rect2.area,10,class->block->function->block->block_content->expr_stmt->expr->call->argument_list->argument->expr->call->name->name->operator->name
2,21,rectangle_java2.jpg,rectangle_java2.jpg,13382869616,60,1209.1680000000001,720.4466666666666,1211.5,731,9,20,),1,class->block->function->block->block_content->decl_stmt->decl->init->expr->call->argument_list
2,21,rectangle_java2.jpg,rectangle_java2.jpg,13382929508,56,1216.945,721.4657142857143,1211.5,731,9,20,),1,class->block->function->block->block_content->decl_stmt->decl->init->expr->call->argument_list
2,21,rectangle_java2.jpg,rectangle_java2.jpg,13383041586,108,1211.1214814814814,732.3488888888888,1211.5,731,9,20,),1,class->block->function->block->block_content->decl_stmt->decl->init->expr->call->argument_list
2,21,rectangle_java2.jpg,rectangle_java2.jpg,13383221681,168,1076.077857142857,724.817619047619,1077.5,731,9,20,",",1,class->block->function->block->block_content->decl_stmt->decl->init->expr->call->argument_list
2,21,rectangle_java2.jpg,rectangle_java2.jpg,13383397698,132,1168.5754545454545,744.5439393939394,1163.5,731,10,20,",",1,class->block->function->block->block_content->decl_stmt->decl->init->expr->call->argument_list
2,21,rectangle_java2.jpg,rectangle_java2.jpg,13383457704,56,1181.0485714285714,735.7821428571428,1182.5,731,22,20,10,2,class->block->function->block->block_content->decl_stmt->decl->init->expr->call->argument_list->argument->expr->literal
2,21,rectangle_java2.jpg,rectangle_java2.jpg,13383557710,60,805.326,781.386,730.5,766,177,21,System.out.println,18,class->block->function->block->block_content->expr_stmt->expr->call->name->name->operator->name->operator->name
2,21,rectangle_java2.jpg,rectangle_java2.jpg,13383673698,112,810.655,757.1275,730.5,766,177,21,System.out.println,18,class->block->function->block->block_content->expr_stmt->expr->call->name->name->operator->name->operator->name
2,21,rectangle_java2.jpg,rectangle_java2.jpg,13383753692,68,748.1176470588235,759.1770588235294,730.5,766,177,21,System.out.println,18,class->block->function->block->block_content->expr_stmt->expr->call->name->name->operator->name->operator->name
2,21,rectangle_java2.jpg,rectangle_java2.jpg,13383817691,60,741.506,784.6833333333334,730.5,766,177,21,System.out.println,18,class->block->function->block->block_content->expr_stmt->expr->call->name->name->operator->name->operator->name
2,21,rectangle_java2.jpg,rectangle_java2.jpg,13383969688,64,963.4675,782.296875,932.5,766,100,21,rect2.area,10,class->block->function->block->block_content->expr_stmt->expr->call->argument_list->argument->expr->call->name->name->operator->name
2,21,rectangle_java2.jpg,rectangle_java2.jpg,13384065686,92,952.165652173913,774.7130434782608,932.5,766,100,21,rect2.area,10,class->block->function->block->block_content->expr_stmt->expr->call->argument_list->argument->expr->call->name->name->operator->name
2,21,rectangle_java2.jpg,rectangle_java2.jpg,13384281678,148,715.39,209.53756756756758,715.5,222,90,21,Rectangle,9,class->name
2,21,rectangle_java2.jpg,rectangle_java2.jpg,13384645628,68,728.9394117647058,231.86058823529413,715.5,222,90,21,Rectangle,9,class->name
2,21,rectangle_java2.jpg,rectangle_java2.jpg,13384729551,80,740.4385,220.0655,715.5,222,90,21,Rectangle,9,class->name
2,21,rectangle_java2.jpg,rectangle_java2.jpg,13386641475,104,706.1965384615385,214.7826923076923,657.5,222,52,21,class,5,class
2,21,rectangle_java2.jpg,rectangle_java2.jpg,13386641475,104,706.1965384615385,214.7826923076923,715.5,222,90,21,Rectangle,9,class->name
2,21,rectangle_java2.jpg,rectangle_java2.jpg,13387765411,92,915.3878260869565,246.75217391304352,911.5,259,10,21,",",1,class->block->decl_stmt
2,21,rectangle_java2.jpg,rectangle_java2.jpg,13388461420,76,708.7831578947369,253.9068421052632,669.5,259,72,21,private,7,class->block->decl_stmt->decl->type->specifier
2,21,rectangle_java2.jpg,rectangle_java2.jpg,13388581291,116,699.8303448275861,239.78931034482758,657.5,222,52,21,class,5,class
2,21,rectangle_java2.jpg,rectangle_java2.jpg,13388697182,100,787.8672,261.4592,785.5,259,23,21,x1,2,class->block->decl_stmt->decl->name
2,21,rectangle_java2.jpg,rectangle_java2.jpg,13388765192,64,797.99125,256.159375,785.5,259,23,21,x1,2,class->block->decl_stmt->decl->name
2,21,rectangle_java2.jpg,rectangle_java2.jpg,13388985315,216,793.9694444444444,264.70296296296294,785.5,259,23,21,x1,2,class->block->decl_stmt->decl->name
2,21,rectangle_java2.jpg,rectangle_java2.jpg,13389173333,112,850.1371428571429,262.27285714285716,833.5,259,23,21,y1,2,class->block->decl_stmt->decl->name
2,21,rectangle_java2.jpg,rectangle_java2.jpg,13389421320,80,903.3,266.105,881.5,259,23,21,x2,2,class->block->decl_stmt->decl->name
2,21,rectangle_java2.jpg,rectangle_java2.jpg,13389421320,80,903.3,266.105,911.5,259,10,21,",",1,class->block->decl_stmt
2,21,rectangle_java2.jpg,rectangle_java2.jpg,13389501314,76,909.9468421052632,256.77315789473687,911.5,259,10,21,",",1,class->block->decl_stmt
2,21,rectangle_java2.jpg,rectangle_java2.jpg,13389597312,92,908.4395652173913,271.9782608695652,911.5,259,10,21,",",1,class->block->decl_stmt
2,21,rectangle_java2.jpg,rectangle_java2.jpg,13389725319,124,914.3245161290323,277.9193548387097,911.5,259,10,21,",",1,class->block->decl_stmt
2,21,rectangle_java2.jpg,rectangle_java2.jpg,13390053299,120,792.7386666666666,274.26733333333334,785.5,259,23,21,x1,2,class->block->decl_stmt->decl->name
2,21,rectangle_java2.jpg,rectangle_java2.jpg,13390225285,68,701.5270588235294,283.43823529411765,669.5,295,63,21,public,6,class->block->constructor->specifier
2,21,rectangle_java2.jpg,rectangle_java2.jpg,13390557283,132,820.1836363636364,368.65787878787876,806.5,367,15,21,=,1,class->block->constructor->block->block_content->expr_stmt->expr->operator
2,21,rectangle_java2.jpg,rectangle_java2.jpg,13390557283,132,820.1836363636364,368.65787878787876,826.5,367,23,21,y1,2,class->block->constructor->block->block_content->expr_stmt->expr->name->name
2,21,rectangle_java2.jpg,rectangle_java2.jpg,13390725237,100,902.7959999999999,294.9896,890.5,295,24,21,x1,2,class->block->constructor->parameter_list->parameter->decl->type->name
2,21,rectangle_java2.jpg,rectangle_java2.jpg,13391121179,72,1075.753888888889,287.8888888888889,1063.5,295,23,21,x2,2,class->block->constructor->parameter_list->parameter->decl->type->name
2,21,rectangle_java2.jpg,rectangle_java2.jpg,13391721126,80,794.462,228.63149999999996,715.5,222,90,21,Rectangle,9,class->name
2,21,rectangle_java2.jpg,rectangle_java2.jpg,13391877125,72,708.2533333333333,286.12833333333333,669.5,295,63,21,public,6,class->block->constructor->specifier
2,21,rectangle_java2.jpg,rectangle_java2.jpg,13392013178,80,711.429,292.911,669.5,295,63,21,public,6,class->block->constructor->specifier
2,21,rectangle_java2.jpg,rectangle_java2.jpg,13392201251,60,754.3553333333333,254.668,747.5,259,33,21,int,3,class->block->decl_stmt->decl->type->name
2,21,rectangle_java2.jpg,rectangle_java2.jpg,13392261253,56,747.1914285714286,255.4507142857143,747.5,259,33,21,int,3,class->block->decl_stmt->decl->type->name
2,21,rectangle_java2.jpg,rectangle_java2.jpg,13392697040,56,778.5807142857143,325.89785714285716,730.5,331,71,19,this.x1,7,class->block->constructor->block->block_content->expr_stmt->expr->name->name->operator->name
2,21,rectangle_java2.jpg,rectangle_java2.jpg,13392801053,64,833.7574999999999,330.709375,826.5,331,23,19,x1,2,class->block->constructor->block->block_content->expr_stmt->expr->name->name
2,21,rectangle_java2.jpg,rectangle_java2.jpg,13392877037,72,854.8922222222222,332.40166666666664,856.5,331,10,19,;,1,class->block->constructor->block->block_content->expr_stmt
2,21,rectangle_java2.jpg,rectangle_java2.jpg,13393061034,180,842.3975555555555,328.4117777777778,826.5,331,23,19,x1,2,class->block->constructor->block->block_content->expr_stmt->expr->name->name
2,21,rectangle_java2.jpg,rectangle_java2.jpg,13393197058,64,864.783125,329.81,856.5,331,10,19,;,1,class->block->constructor->block->block_content->expr_stmt
2,21,rectangle_java2.jpg,rectangle_java2.jpg,13393365102,56,806.5699999999999,301.1064285714286,737.5,295,91,21,Rectangle,9,class->block->constructor->name
2,21,rectangle_java2.jpg,rectangle_java2.jpg,13393429076,60,808.922,314.44733333333335,737.5,295,91,21,Rectangle,9,class->block->constructor->name
2,21,rectangle_java2.jpg,rectangle_java2.jpg,13393577033,108,803.5725925925926,315.28333333333336,737.5,295,91,21,Rectangle,9,class->block->constructor->name
2,21,rectangle_java2.jpg,rectangle_java2.jpg,13393701027,64,808.77875,288.753125,737.5,295,91,21,Rectangle,9,class->block->constructor->name
2,21,rectangle_java2.jpg,rectangle_java2.jpg,13393817044,60,849.384,334.022,826.5,331,23,19,x1,2,class->block->constructor->block->block_content->expr_stmt->expr->name->name
2,21,rectangle_java2.jpg,rectangle_java2.jpg,13393817044,60,849.384,334.022,856.5,331,10,19,;,1,class->block->constructor->block->block_content->expr_stmt
2,21,rectangle_java2.jpg,rectangle_java2.jpg,13393881067,60,855.9633333333334,323.3066666666667,856.5,331,10,19,;,1,class->block->constructor->block->block_content->expr_stmt
2,21,rectangle_java2.jpg,rectangle_java2.jpg,13394009095,124,844.511935483871,327.2006451612903,826.5,331,23,19,x1,2,class->block->constructor->block->block_content->expr_stmt->expr->name->name
2,21,rectangle_java2.jpg,rectangle_java2.jpg,13394009095,124,844.511935483871,327.2006451612903,856.5,331,10,19,;,1,class->block->constructor->block->block_content->expr_stmt
2,21,rectangle_java2.jpg,rectangle_java2.jpg,13394105112,56,1064.577857142857,286.01142857142855,1063.5,295,23,21,x2,2,class->block->constructor->parameter_list->parameter->decl->type->name
2,21,rectangle_java2.jpg,rectangle_java2.jpg,13394385024,68,1191.7129411764706,287.46176470588233,1200.5,295,10,21,{,1,class->block->constructor->block
2,21,rectangle_java2.jpg,rectangle_java2.jpg,13394540920,72,1188.148888888889,301.6922222222222,1180.5,295,9,21,),1,class->block->constructor->parameter_list
2,21,rectangle_java2.jpg,rectangle_java2.jpg,13394540920,72,1188.148888888889,301.6922222222222,1200.5,295,10,21,{,1,class->block->constructor->block
2,21,rectangle_java2.jpg,rectangle_java2.jpg,13394760935,60,946.7366666666667,265.6553333333333,929.5,259,23,21,y2,2,class->block->decl_stmt->decl->name
2,21,rectangle_java2.jpg,rectangle_java2.jpg,13395020920,120,869.7576666666666,264.883,863.5,259,10,21,",",1,class->block->decl_stmt
2,21,rectangle_java2.jpg,rectangle_java2.jpg,13395020920,120,869.7576666666666,264.883,881.5,259,23,21,x2,2,class->block->decl_stmt->decl->name
2,21,rectangle_java2.jpg,rectangle_java2.jpg,13395148874,88,882.1318181818182,249.6118181818182,881.5,259,23,21,x2,2,class->block->decl_stmt->decl->name
2,21,rectangle_java2.jpg,rectangle_java2.jpg,13395336889,92,814.3678260869565,336.63608695652175,806.5,331,15,19,=,1,class->block->constructor->block->block_content->expr_stmt->expr->operator
2,21,rectangle_java2.jpg,rectangle_java2.jpg,13395336889,92,814.3678260869565,336.63608695652175,826.5,331,23,19,x1,2,class->block->constructor->block->block_content->expr_stmt->expr->name->name
2,21,rectangle_java2.jpg,rectangle_java2.jpg,13395404888,64,813.278125,362.828125,806.5,367,15,21,=,1,class->block->constructor->block->block_content->expr_stmt->expr->operator
2,21,rectangle_java2.jpg,rectangle_java2.jpg,13395540911,60,755.1506666666667,345.138,730.5,331,71,19,this.x1,7,class->block->constructor->block->block_content->expr_stmt->expr->name->name->operator->name
2,21,rectangle_java2.jpg,rectangle_java2.jpg,13395608899,64,750.860625,326.20375,730.5,331,71,19,this.x1,7,class->block->constructor->block->block_content->expr_stmt->expr->name->name->operator->name
2,21,rectangle_java2.jpg,rectangle_java2.jpg,13395668921,56,756.5957142857143,335.14428571428573,730.5,331,71,19,this.x1,7,class->block->constructor->block->block_content->expr_stmt->expr->name->name->operator->name
2,21,rectangle_java2.jpg,rectangle_java2.jpg,13395760955,88,758.3781818181818,362.79136363636366,730.5,367,71,21,this.y1,7,class->block->constructor->block->block_content->expr_stmt->expr->name->name->operator->name
2,21,rectangle_java2.jpg,rectangle_java2.jpg,13396000923,176,826.7679545454546,381.53659090909093,826.5,367,23,21,y1,2,class->block->constructor->block->block_content->expr_stmt->expr->name->name
2,21,rectangle_java2.jpg,rectangle_java2.jpg,13396144906,140,822.5162857142857,382.9445714285714,826.5,367,23,21,y1,2,class->block->constructor->block->block_content->expr_stmt->expr->name->name
2,21,rectangle_java2.jpg,rectangle_java2.jpg,13396288722,140,828.2862857142857,394.9457142857143,826.5,404,23,19,x2,2,class->block->constructor->block->block_content->expr_stmt->expr->name->name
2,21,rectangle_java2.jpg,rectangle_java2.jpg,13396348635,56,826.3764285714286,404.3907142857143,826.5,404,23,19,x2,2,class->block->constructor->block->block_content->expr_stmt->expr->name->name
2,21,rectangle_java2.jpg,rectangle_java2.jpg,13396600723,72,723.3688888888889,240.43333333333334,715.5,222,90,21,Rectangle,9,class->name
2,21,rectangle_java2.jpg,rectangle_java2.jpg,13397180770,156,701.0435897435898,514.4158974358975,669.5,512,63,21,public,6,class->block->function->type->specifier
2,21,rectangle_java2.jpg,rectangle_java2.jpg,13397256780,64,840.77,508.02625,837.5,512,9,21,(,1,class->block->function->parameter_list
2,21,rectangle_java2.jpg,rectangle_java2.jpg,13397496796,236,844.3389830508474,504.837966101695,837.5,512,9,21,(,1,class->block->function->parameter_list
2,21,rectangle_java2.jpg,rectangle_java2.jpg,13397496796,236,844.3389830508474,504.837966101695,854.5,512,9,21,),1,class->block->function->parameter_list
2,21,rectangle_java2.jpg,rectangle_java2.jpg,13397560804,60,776.8366666666667,502.96866666666665,775.5,512,53,21,width,5,class->block->function->name
2,21,rectangle_java2.jpg,rectangle_java2.jpg,13397736799,144,764.3766666666667,522.8902777777778,737.5,512,33,21,int,3,class->block->function->type->name
2,21,rectangle_java2.jpg,rectangle_java2.jpg,13397736799,144,764.3766666666667,522.8902777777778,775.5,512,53,21,width,5,class->block->function->name
2,21,rectangle_java2.jpg,rectangle_java2.jpg,13397808791,68,770.49,516.5194117647059,737.5,512,33,21,int,3,class->block->function->type->name
2,21,rectangle_java2.jpg,rectangle_java2.jpg,13397808791,68,770.49,516.5194117647059,775.5,512,53,21,width,5,class->block->function->name
2,21,rectangle_java2.jpg,rectangle_java2.jpg,13397976795,164,767.1256097560976,525.9287804878048,737.5,512,33,21,int,3,class->block->function->type->name
2,21,rectangle_java2.jpg,rectangle_java2.jpg,13397976795,164,767.1256097560976,525.9287804878048,775.5,512,53,21,width,5,class->block->function->name
2,21,rectangle_java2.jpg,rectangle_java2.jpg,13398128833,76,701.4,519.77,669.5,512,63,21,public,6,class->block->function->type->specifier
2,21,rectangle_java2.jpg,rectangle_java2.jpg,13398388688,108,804.5985185185185,531.6696296296296,775.5,512,53,21,width,5,class->block->function->name
2,21,rectangle_java2.jpg,rectangle_java2.jpg,13398496675,104,808.3880769230769,507.0442307692308,775.5,512,53,21,width,5,class->block->function->name
2,21,rectangle_java2.jpg,rectangle_java2.jpg,13398716606,148,1028.928108108108,508.7054054054054,958.5,512,71,21,this.x2,7,class->block->function->block->block_content->return->expr->name->name->operator->name->operator
2,21,rectangle_java2.jpg,rectangle_java2.jpg,13398716606,148,1028.928108108108,508.7054054054054,1035.5,512,13,21,-,1,class->block->function->block->block_content->return->expr->name->name
2,21,rectangle_java2.jpg,rectangle_java2.jpg,13398816612,88,917.3336363636364,521.8118181818181,891.5,512,62,21,return,6,class->block->function->block->block_content->return->expr->name->name
2,21,rectangle_java2.jpg,rectangle_java2.jpg,13398884627,64,915.724375,520.548125,891.5,512,62,21,return,6,class->block->function->block->block_content->return->expr->name->name
2,21,rectangle_java2.jpg,rectangle_java2.jpg,13398984647,96,923.5979166666667,509.98,891.5,512,62,21,return,6,class->block->function->block->block_content->return->expr->name->name
2,21,rectangle_java2.jpg,rectangle_java2.jpg,13399072652,84,996.6566666666666,517.7790476190476,958.5,512,71,21,this.x2,7,class->block->function->block->block_content->return->expr->name->name->operator->name->operator
2,21,rectangle_java2.jpg,rectangle_java2.jpg,13399232638,156,1010.4979487179487,524.0882051282051,958.5,512,71,21,this.x2,7,class->block->function->block->block_content->return->expr->name->name->operator->name->operator
2,21,rectangle_java2.jpg,rectangle_java2.jpg,13399392632,148,1111.019189189189,530.8789189189189,1054.5,512,71,21,this.x1,7,class->block->function->block->block_content->return->expr->name->name->operator->name
2,21,rectangle_java2.jpg,rectangle_java2.jpg,13399532661,136,1114.31,513.68,1054.5,512,71,21,this.x1,7,class->block->function->block->block_content->return->expr->name->name->operator->name
2,21,rectangle_java2.jpg,rectangle_java2.jpg,13399636660,64,1019.903125,515.725625,958.5,512,71,21,this.x2,7,class->block->function->block->block_content->return->expr->name->name->operator->name->operator
2,21,rectangle_java2.jpg,rectangle_java2.jpg,13399716658,76,1010.6942105263158,525.3068421052632,958.5,512,71,21,this.x2,7,class->block->function->block->block_content->return->expr->name->name->operator->name->operator
2,21,rectangle_java2.jpg,rectangle_java2.jpg,13399900646,116,934.4903448275862,502.15,891.5,512,62,21,return,6,class->block->function->block->block_content->return->expr->name->name
2,21,rectangle_java2.jpg,rectangle_java2.jpg,13399984665,72,1032.6883333333333,510.70000000000005,1035.5,512,13,21,-,1,class->block->function->block->block_content->return->expr->name->name
2,21,rectangle_java2.jpg,rectangle_java2.jpg,13400056686,68,1033.1582352941177,515.4335294117647,1035.5,512,13,21,-,1,class->block->function->block->block_content->return->expr->name->name
2,21,rectangle_java2.jpg,rectangle_java2.jpg,13400128647,68,1050.825294117647,502.76941176470586,1054.5,512,71,21,this.x1,7,class->block->function->block->block_content->return->expr->name->name->operator->name
2,21,rectangle_java2.jpg,rectangle_java2.jpg,13400324378,192,1050.5320833333333,517.1904166666667,1054.5,512,71,21,this.x1,7,class->block->function->block->block_content->return->expr->name->name->operator->name
2,21,rectangle_java2.jpg,rectangle_java2.jpg,13400564541,200,997.8074,509.15059999999994,958.5,512,71,21,this.x2,7,class->block->function->block->block_content->return->expr->name->name->operator->name->operator
2,21,rectangle_java2.jpg,rectangle_java2.jpg,13400708594,128,1124.496875,504.9425,1054.5,512,71,21,this.x1,7,class->block->function->block->block_content->return->expr->name->name->operator->name
2,21,rectangle_java2.jpg,rectangle_java2.jpg,13400708594,128,1124.496875,504.9425,1132.5,512,10,21,;,1,class->block->function->block
2,21,rectangle_java2.jpg,rectangle_java2.jpg,13400816575,104,1130.0761538461538,505.9838461538461,1132.5,512,10,21,;,1,class->block->function->block
2,21,rectangle_java2.jpg,rectangle_java2.jpg,13400896549,76,1117.1852631578947,514.1868421052632,1054.5,512,71,21,this.x1,7,class->block->function->block->block_content->return->expr->name->name->operator->name
2,21,rectangle_java2.jpg,rectangle_java2.jpg,13400964534,64,1119.91375,505.42125,1054.5,512,71,21,this.x1,7,class->block->function->block->block_content->return->expr->name->name->operator->name
2,21,rectangle_java2.jpg,rectangle_java2.jpg,13401108546,140,1103.576,516.6402857142857,1054.5,512,71,21,this.x1,7,class->block->function->block->block_content->return->expr->name->name->operator->name
2,21,rectangle_java2.jpg,rectangle_java2.jpg,13401264549,64,942.6925,499.910625,891.5,512,62,21,return,6,class->block->function->block->block_content->return->expr->name->name
2,21,rectangle_java2.jpg,rectangle_java2.jpg,13401360554,92,935.601304347826,503.34652173913037,891.5,512,62,21,return,6,class->block->function->block->block_content->return->expr->name->name
2,21,rectangle_java2.jpg,rectangle_java2.jpg,13401468550,104,941.5388461538462,504.75461538461536,891.5,512,62,21,return,6,class->block->function->block->block_content->return->expr->name->name
2,21,rectangle_java2.jpg,rectangle_java2.jpg,13401656558,56,988.0164285714286,507.2464285714286,958.5,512,71,21,this.x2,7,class->block->function->block->block_content->return->expr->name->name->operator->name->operator
2,21,rectangle_java2.jpg,rectangle_java2.jpg,13401904484,60,943.5906666666667,529.9926666666667,891.5,512,62,21,return,6,class->block->function->block->block_content->return->expr->name->name
2,21,rectangle_java2.jpg,rectangle_java2.jpg,13401964458,56,937.0364285714286,558.0735714285714,900.5,549,63,21,return,6,class->block->function->block->block_content->return
2,21,rectangle_java2.jpg,rectangle_java2.jpg,13402128396,128,757.2196875,565.9028125,737.5,549,33,21,int,3,class->block->function->type->name
2,21,rectangle_java2.jpg,rectangle_java2.jpg,13402212373,80,749.352,567.3685,737.5,549,33,21,int,3,class->block->function->type->name
2,21,rectangle_java2.jpg,rectangle_java2.jpg,13402348347,72,689.0238888888889,576.4422222222222,669.5,585,63,21,public,6,class->block->function->type->specifier
2,21,rectangle_java2.jpg,rectangle_java2.jpg,13402560396,132,805.170606060606,560.7457575757576,775.5,549,62,21,height,6,class->block->function->name
2,21,rectangle_java2.jpg,rectangle_java2.jpg,13402644409,80,814.5995,557.5605,775.5,549,62,21,height,6,class->block->function->name
2,21,rectangle_java2.jpg,rectangle_java2.jpg,13402896402,208,760.3496153846154,559.5934615384615,737.5,549,33,21,int,3,class->block->function->type->name
2,21,rectangle_java2.jpg,rectangle_java2.jpg,13403116413,72,800.3061111111111,500.8466666666667,775.5,512,53,21,width,5,class->block->function->name
2,21,rectangle_java2.jpg,rectangle_java2.jpg,13403264396,144,822.3469444444445,507.47833333333335,775.5,512,53,21,width,5,class->block->function->name
2,21,rectangle_java2.jpg,rectangle_java2.jpg,13403452374,84,821.04,511.5880952380953,775.5,512,53,21,width,5,class->block->function->name
2,21,rectangle_java2.jpg,rectangle_java2.jpg,13403628353,104,860.3426923076923,542.9965384615384,863.5,549,9,21,),1,class->block->function->parameter_list
2,21,rectangle_java2.jpg,rectangle_java2.jpg,13403768350,136,860.0661764705882,541.845,863.5,549,9,21,),1,class->block->function->parameter_list
2,21,rectangle_java2.jpg,rectangle_java2.jpg,13403984327,164,799.5468292682926,616.2680487804878,804.5,621,44,21,void,4,class->block->function->type->name
2,21,rectangle_java2.jpg,rectangle_java2.jpg,13404132117,108,690.4529629629629,579.8703703703703,669.5,585,63,21,public,6,class->block->function->type->specifier
2,21,rectangle_java2.jpg,rectangle_java2.jpg,13404248161,112,684.8289285714286,576.4071428571428,669.5,585,63,21,public,6,class->block->function->type->specifier
2,21,rectangle_java2.jpg,rectangle_java2.jpg,13404472268,164,1121.3724390243901,596.4914634146342,1122.5,585,12,21,*,1,class->block->function->block->block_content->return->expr->operator
2,21,rectangle_java2.jpg,rectangle_java2.jpg,13404668311,120,984.8963333333334,583.9783333333334,977.5,585,101,21,this.width,10,class->block->function->block->block_content->return->expr->call->name->name->operator->name
2,21,rectangle_java2.jpg,rectangle_java2.jpg,13404788298,64,903.57,589.176875,910.5,585,62,21,return,6,class->block->function->block->block_content->return
2,21,rectangle_java2.jpg,rectangle_java2.jpg,13404968239,80,787.551,590.921,737.5,585,62,21,double,6,class->block->function->type->name
2,21,rectangle_java2.jpg,rectangle_java2.jpg,13405140290,168,783.7766666666666,609.725,738.5,621,61,21,static,6,class->block->function->type->specifier
2,21,rectangle_java2.jpg,rectangle_java2.jpg,13405280230,136,781.9908823529412,601.0141176470588,737.5,585,62,21,double,6,class->block->function->type->name
2,21,rectangle_java2.jpg,rectangle_java2.jpg,13405356194,72,781.4888888888889,594.1272222222223,737.5,585,62,21,double,6,class->block->function->type->name
2,21,rectangle_java2.jpg,rectangle_java2.jpg,13405472207,80,867.558,597.3455,873.5,585,9,21,),1,class->block->function->parameter_list
2,21,rectangle_java2.jpg,rectangle_java2.jpg,13405532221,56,858.97,589.8785714285714,856.5,585,9,21,(,1,class->block->function->parameter_list
2,21,rectangle_java2.jpg,rectangle_java2.jpg,13405660252,68,852.9817647058824,587.6547058823529,856.5,585,9,21,(,1,class->block->function->parameter_list
2,21,rectangle_java2.jpg,rectangle_java2.jpg,13405724272,60,860.0386666666667,576.468,856.5,585,9,21,(,1,class->block->function->parameter_list
2,21,rectangle_java2.jpg,rectangle_java2.jpg,13405808252,60,770.11,592.8313333333333,737.5,585,62,21,double,6,class->block->function->type->name
2,21,rectangle_java2.jpg,rectangle_java2.jpg,13405876193,64,766.184375,581.72125,737.5,585,62,21,double,6,class->block->function->type->name
2,21,rectangle_java2.jpg,rectangle_java2.jpg,13405988112,108,762.2711111111112,611.01,738.5,621,61,21,static,6,class->block->function->type->specifier
2,21,rectangle_java2.jpg,rectangle_java2.jpg,13406448142,132,799.2466666666667,598.319393939394,737.5,585,62,21,double,6,class->block->function->type->name
2,21,rectangle_java2.jpg,rectangle_java2.jpg,13406448142,132,799.2466666666667,598.319393939394,804.5,585,43,21,area,4,class->block->function->name
2,21,rectangle_java2.jpg,rectangle_java2.jpg,13406592167,60,748.598,573.1493333333333,737.5,585,62,21,double,6,class->block->function->type->name
2,21,rectangle_java2.jpg,rectangle_java2.jpg,13406724141,128,748.8109375,585.47875,737.5,585,62,21,double,6,class->block->function->type->name
2,21,rectangle_java2.jpg,rectangle_java2.jpg,13406808104,80,763.809,583.069,737.5,585,62,21,double,6,class->block->function->type->name
2,21,rectangle_java2.jpg,rectangle_java2.jpg,13407020071,176,843.4820454545454,592.4293181818182,804.5,585,43,21,area,4,class->block->function->name
2,21,rectangle_java2.jpg,rectangle_java2.jpg,13407188128,68,1083.7917647058823,583.0741176470589,1086.5,585,10,21,(,1,class->block->function->block->block_content->return->expr->call->argument_list
2,21,rectangle_java2.jpg,rectangle_java2.jpg,13407552055,232,954.553448275862,562.3305172413793,900.5,549,63,21,return,6,class->block->function->block->block_content->return
2,21,rectangle_java2.jpg,rectangle_java2.jpg,13407688095,80,1061.3885,572.824,977.5,585,101,21,this.width,10,class->block->function->block->block_content->return->expr->call->name->name->operator->name
2,21,rectangle_java2.jpg,rectangle_java2.jpg,13407772102,80,1066.3035,596.987,977.5,585,101,21,this.width,10,class->block->function->block->block_content->return->expr->call->name->name->operator->name
2,21,rectangle_java2.jpg,rectangle_java2.jpg,13408023892,192,1201.3689583333332,585.8395833333333,1140.5,585,110,21,this.height,11,class->block->function->block->block_content->return->expr->call->name->name->operator->name
2,21,rectangle_java2.jpg,rectangle_java2.jpg,13408103900,76,1206.3010526315788,598.8794736842106,1140.5,585,110,21,this.height,11,class->block->function->block->block_content->return->expr->call->name->name->operator->name
2,21,rectangle_java2.jpg,rectangle_java2.jpg,13408292004,92,1285.83,575.4917391304348,1295.5,585,10,21,;,1,class->block->function->block->block_content->return
2,21,rectangle_java2.jpg,rectangle_java2.jpg,13408628000,260,1021.1413846153846,517.266923076923,958.5,512,71,21,this.x2,7,class->block->function->block->block_content->return->expr->name->name->operator->name->operator
2,21,rectangle_java2.jpg,rectangle_java2.jpg,13408963927,68,760.5105882352941,520.5405882352941,737.5,512,33,21,int,3,class->block->function->type->name
2,21,rectangle_java2.jpg,rectangle_java2.jpg,13409031949,64,754.49875,529.848125,737.5,512,33,21,int,3,class->block->function->type->name
2,21,rectangle_java2.jpg,rectangle_java2.jpg,13409496010,128,835.5859375,558.7065625,775.5,549,62,21,height,6,class->block->function->name
2,21,rectangle_java2.jpg,rectangle_java2.jpg,13409496010,128,835.5859375,558.7065625,846.5,549,10,21,(,1,class->block->function->parameter_list
2,21,rectangle_java2.jpg,rectangle_java2.jpg,13409564017,64,845.021875,550.2925,846.5,549,10,21,(,1,class->block->function->parameter_list
2,21,rectangle_java2.jpg,rectangle_java2.jpg,13409688006,96,1270.5170833333334,581.5983333333334,1276.5,585,9,21,),1,class->block->function->block->block_content->return->expr->call->argument_list
2,21,rectangle_java2.jpg,rectangle_java2.jpg,13409839813,148,1277.3886486486488,593.7216216216216,1276.5,585,9,21,),1,class->block->function->block->block_content->return->expr->call->argument_list
2,21,rectangle_java2.jpg,rectangle_java2.jpg,13410075830,88,758.58,618.5413636363636,738.5,621,61,21,static,6,class->block->function->type->specifier
2,21,rectangle_java2.jpg,rectangle_java2.jpg,13410183872,56,773.2714285714286,622.0521428571428,738.5,621,61,21,static,6,class->block->function->type->specifier
2,21,rectangle_java2.jpg,rectangle_java2.jpg,13410331862,108,1028.4881481481482,621.4103703703704,1025.5,621,42,21,args,4,class->block->function->parameter_list->parameter->decl->name
2,21,rectangle_java2.jpg,rectangle_java2.jpg,13410475851,140,1030.6774285714287,619.4277142857143,1025.5,621,42,21,args,4,class->block->function->parameter_list->parameter->decl->name
2,21,rectangle_java2.jpg,rectangle_java2.jpg,13410591889,84,968.4952380952382,614.9661904761905,920.5,621,62,21,String,6,class->block->function->parameter_list->parameter->decl->type->name->name
2,21,rectangle_java2.jpg,rectangle_java2.jpg,13410763905,168,957.6692857142857,630.3430952380952,920.5,621,62,21,String,6,class->block->function->parameter_list->parameter->decl->type->name->name
2,21,rectangle_java2.jpg,rectangle_java2.jpg,13410859859,92,1075.4204347826087,646.6343478260869,1077.5,658,9,20,",",1,class->block->function->block->block_content->decl_stmt->decl->init->expr->call->argument_list
2,21,rectangle_java2.jpg,rectangle_java2.jpg,13411175915,64,1237.04125,666.979375,1231.5,658,10,20,;,1,class->block->function->block->block_content->decl_stmt
2,21,rectangle_java2.jpg,rectangle_java2.jpg,13411383960,104,1214.563076923077,655.9873076923077,1211.5,658,9,20,),1,class->block->function->block->block_content->decl_stmt->decl->init->expr->call->argument_list
2,21,rectangle_java2.jpg,rectangle_java2.jpg,13411623988,92,1053.5326086956522,760.0608695652174,1057.5,766,10,21,),1,class->block->function->block->block_content->expr_stmt->expr->call->argument_list->argument->expr->call->argument_list
2,21,rectangle_java2.jpg,rectangle_java2.jpg,13411719906,56,1009.2485714285714,745.3621428571429,941.5,731,91,20,Rectangle,9,class->block->function->block->block_content->decl_stmt->decl->init->expr->call->name
2,21,rectangle_java2.jpg,rectangle_java2.jpg,13411799844,76,1005.16,733.24,941.5,731,91,20,Rectangle,9,class->block->function->block->block_content->decl_stmt->decl->init->expr->call->name
2,21,rectangle_java2.jpg,rectangle_java2.jpg,13411999722,148,980.0962162162162,713.0997297297297,932.5,694,100,21,rect1.area,10,class->block->function->block->block_content->expr_stmt->expr->call->argument_list->argument->expr->call->name->name->operator->name
2,21,rectangle_java2.jpg,rectangle_java2.jpg,13412143685,140,990.2994285714285,721.3091428571429,941.5,731,91,20,Rectangle,9,class->block->function->block->block_content->decl_stmt->decl->init->expr->call->name
2,21,rectangle_java2.jpg,rectangle_java2.jpg,13412215692,56,1053.8971428571429,701.6307142857142,1057.5,694,10,21,),1,class->block->function->block->block_content->expr_stmt->expr->call->argument_list->argument->expr->call->argument_list
2,21,rectangle_java2.jpg,rectangle_java2.jpg,13412311702,92,1053.4956521739132,695.361304347826,1057.5,694,10,21,),1,class->block->function->block->block_content->expr_stmt->expr->call->argument_list->argument->expr->call->argument_list
2,21,rectangle_java2.jpg,rectangle_java2.jpg,13412399699,84,1049.5138095238096,705.9261904761904,1041.5,694,9,21,(,1,class->block->function->block->block_content->expr_stmt->expr->call->argument_list->argument->expr->call->argument_list
2,21,rectangle_java2.jpg,rectangle_java2.jpg,13412399699,84,1049.5138095238096,705.9261904761904,1057.5,694,10,21,),1,class->block->function->block->block_content->expr_stmt->expr->call->argument_list->argument->expr->call->argument_list
2,21,rectangle_java2.jpg,rectangle_java2.jpg,13412471693,68,1058.369411764706,702.9317647058823,1057.5,694,10,21,),1,class->block->function->block->block_content->expr_stmt->expr->call->argument_list->argument->expr->call->argument_list
2,21,rectangle_java2.jpg,rectangle_java2.jpg,13412583697,88,809.5472727272727,692.9618181818182,730.5,694,177,21,System.out.println,18,class->block->function->block->block_content->expr_stmt->expr->call->name->name->operator->name->operator->name
2,21,rectangle_java2.jpg,rectangle_java2.jpg,13412679714,92,799.2108695652174,694.4804347826087,730.5,694,177,21,System.out.println,18,class->block->function->block->block_content->expr_stmt->expr->call->name->name->operator->name->operator->name
2,21,rectangle_java2.jpg,rectangle_java2.jpg,13412839735,120,741.3173333333333,702.613,730.5,694,177,21,System.out.println,18,class->block->function->block->block_content->expr_stmt->expr->call->name->name->operator->name->operator->name
2,21,rectangle_java2.jpg,rectangle_java2.jpg,13412979757,88,893.4840909090909,708.1609090909091,730.5,694,177,21,System.out.println,18,class->block->function->block->block_content->expr_stmt->expr->call->name->name->operator->name->operator->name
2,21,rectangle_java2.jpg,rectangle_java2.jpg,13413063777,80,891.884,706.5695,730.5,694,177,21,System.out.println,18,class->block->function->block->block_content->expr_stmt->expr->call->name->name->operator->name->operator->name
2,21,rectangle_java2.jpg,rectangle_java2.jpg,13413139792,72,889.5661111111111,714.9727777777778,730.5,694,177,21,System.out.println,18,class->block->function->block->block_content->expr_stmt->expr->call->name->name->operator->name->operator->name
2,21,rectangle_java2.jpg,rectangle_java2.jpg,13413275739,132,893.2136363636364,704.9815151515152,730.5,694,177,21,System.out.println,18,class->block->function->block->block_content->expr_stmt->expr->call->name->name->operator->name->operator->name
2,21,rectangle_java2.jpg,rectangle_java2.jpg,13413451708,172,890.5113953488373,704.7955813953488,730.5,694,177,21,System.out.println,18,class->block->function->block->block_content->expr_stmt->expr->call->name->name->operator->name->operator->name
2,21,rectangle_java2.jpg,rectangle_java2.jpg,13413567661,56,883.6635714285715,712.1514285714286,730.5,694,177,21,System.out.println,18,class->block->function->block->block_content->expr_stmt->expr->call->name->name->operator->name->operator->name
2,21,rectangle_java2.jpg,rectangle_java2.jpg,13413643526,72,886.4205555555556,698.8905555555556,730.5,694,177,21,System.out.println,18,class->block->function->block->block_content->expr_stmt->expr->call->name->name->operator->name->operator->name
2,21,rectangle_java2.jpg,rectangle_java2.jpg,13413863513,116,889.1655172413793,711.8341379310344,730.5,694,177,21,System.out.println,18,class->block->function->block->block_content->expr_stmt->expr->call->name->name->operator->name->operator->name
