trial,participant,code_file,code_language,timestamp,duration,x_cord,y_cord,aoi_x,aoi_y,aoi_width,aoi_height,token,length,srcML
2,29,rectangle_java2.jpg,rectangle_java2.jpg,1961775778,112,721.5557142857143,236.76285714285711,715.5,222,90,21,Rectangle,9,class->name
2,29,rectangle_java2.jpg,rectangle_java2.jpg,1962235844,84,779.2742857142857,215.8823809523809,715.5,222,90,21,Rectangle,9,class->name
2,29,rectangle_java2.jpg,rectangle_java2.jpg,1963735759,128,774.9896875,236.18375000000003,715.5,222,90,21,Rectangle,9,class->name
2,29,rectangle_java2.jpg,rectangle_java2.jpg,1963831731,92,809.9852173913043,219.45478260869567,813.5,222,10,21,{,1,class->block
2,29,rectangle_java2.jpg,rectangle_java2.jpg,1964435713,56,735.2950000000001,234.65785714285715,715.5,222,90,21,Rectangle,9,class->name
2,29,rectangle_java2.jpg,rectangle_java2.jpg,1964795690,356,730.0083146067416,239.60696629213487,715.5,222,90,21,Rectangle,9,class->name
2,29,rectangle_java2.jpg,rectangle_java2.jpg,1965423601,56,764.9378571428572,219.92571428571432,715.5,222,90,21,Rectangle,9,class->name
2,29,rectangle_java2.jpg,rectangle_java2.jpg,1965491576,64,761.6475,247.8775,747.5,259,33,21,int,3,class->block->decl_stmt->decl->type->name
2,29,rectangle_java2.jpg,rectangle_java2.jpg,1965747523,252,768.5068253968254,261.44174603174605,747.5,259,33,21,int,3,class->block->decl_stmt->decl->type->name
2,29,rectangle_java2.jpg,rectangle_java2.jpg,1966435628,100,728.9148,294.9172,669.5,295,63,21,public,6,class->block->constructor->specifier
2,29,rectangle_java2.jpg,rectangle_java2.jpg,1966435628,100,728.9148,294.9172,737.5,295,91,21,Rectangle,9,class->block->constructor->name
2,29,rectangle_java2.jpg,rectangle_java2.jpg,1966499594,60,742.472,310.97,737.5,295,91,21,Rectangle,9,class->block->constructor->name
2,29,rectangle_java2.jpg,rectangle_java2.jpg,1966587560,84,748.5238095238095,331.25190476190477,730.5,331,71,19,this.x1,7,class->block->constructor->block->block_content->expr_stmt->expr->name->name->operator->name
2,29,rectangle_java2.jpg,rectangle_java2.jpg,1966803351,64,784.081875,262.479375,785.5,259,23,21,x1,2,class->block->decl_stmt->decl->name
2,29,rectangle_java2.jpg,rectangle_java2.jpg,1967075415,176,905.8661363636363,313.45204545454544,890.5,295,24,21,x1,2,class->block->constructor->parameter_list->parameter->decl->type->name
2,29,rectangle_java2.jpg,rectangle_java2.jpg,1967191438,72,855.8644444444444,289.14444444444445,853.5,295,32,21,int,3,class->block->constructor->parameter_list->parameter->decl->type->name
2,29,rectangle_java2.jpg,rectangle_java2.jpg,1967339448,100,832.7244,288.776,837.5,295,9,21,(,1,class->block->constructor->parameter_list
2,29,rectangle_java2.jpg,rectangle_java2.jpg,1969495307,60,766.2746666666667,249.51800000000003,747.5,259,33,21,int,3,class->block->decl_stmt->decl->type->name
2,29,rectangle_java2.jpg,rectangle_java2.jpg,1969751306,112,822.8828571428571,309.0314285714286,737.5,295,91,21,Rectangle,9,class->block->constructor->name
2,29,rectangle_java2.jpg,rectangle_java2.jpg,1969967367,60,818.0253333333334,320.094,806.5,331,15,19,=,1,class->block->constructor->block->block_content->expr_stmt->expr->operator
2,29,rectangle_java2.jpg,rectangle_java2.jpg,1969967367,60,818.0253333333334,320.094,826.5,331,23,19,x1,2,class->block->constructor->block->block_content->expr_stmt->expr->name->name
2,29,rectangle_java2.jpg,rectangle_java2.jpg,1970139331,76,811.7252631578947,297.2368421052632,737.5,295,91,21,Rectangle,9,class->block->constructor->name
2,29,rectangle_java2.jpg,rectangle_java2.jpg,1970455389,80,858.9315,355.237,856.5,367,10,21,;,1,class->block->constructor->block->block_content->expr_stmt
2,29,rectangle_java2.jpg,rectangle_java2.jpg,1970823053,84,754.8133333333334,380.0733333333333,730.5,367,71,21,this.y1,7,class->block->constructor->block->block_content->expr_stmt->expr->name->name->operator->name
2,29,rectangle_java2.jpg,rectangle_java2.jpg,1970907123,80,744.1560000000001,370.2185,730.5,367,71,21,this.y1,7,class->block->constructor->block->block_content->expr_stmt->expr->name->name->operator->name
2,29,rectangle_java2.jpg,rectangle_java2.jpg,1971155170,204,816.916862745098,385.5443137254902,806.5,367,15,21,=,1,class->block->constructor->block->block_content->expr_stmt->expr->operator
2,29,rectangle_java2.jpg,rectangle_java2.jpg,1971155170,204,816.916862745098,385.5443137254902,826.5,367,23,21,y1,2,class->block->constructor->block->block_content->expr_stmt->expr->name->name
2,29,rectangle_java2.jpg,rectangle_java2.jpg,1971223166,64,824.2725,395.905,826.5,404,23,19,x2,2,class->block->constructor->block->block_content->expr_stmt->expr->name->name
2,29,rectangle_java2.jpg,rectangle_java2.jpg,1971287163,60,814.854,386.2733333333333,806.5,367,15,21,=,1,class->block->constructor->block->block_content->expr_stmt->expr->operator
2,29,rectangle_java2.jpg,rectangle_java2.jpg,1971287163,60,814.854,386.2733333333333,826.5,367,23,21,y1,2,class->block->constructor->block->block_content->expr_stmt->expr->name->name
2,29,rectangle_java2.jpg,rectangle_java2.jpg,1971963204,128,796.924375,322.61375,730.5,331,71,19,this.x1,7,class->block->constructor->block->block_content->expr_stmt->expr->name->name->operator->name
2,29,rectangle_java2.jpg,rectangle_java2.jpg,1971963204,128,796.924375,322.61375,806.5,331,15,19,=,1,class->block->constructor->block->block_content->expr_stmt->expr->operator
2,29,rectangle_java2.jpg,rectangle_java2.jpg,1972075180,108,795.8092592592593,334.36555555555555,730.5,331,71,19,this.x1,7,class->block->constructor->block->block_content->expr_stmt->expr->name->name->operator->name
2,29,rectangle_java2.jpg,rectangle_java2.jpg,1972075180,108,795.8092592592593,334.36555555555555,806.5,331,15,19,=,1,class->block->constructor->block->block_content->expr_stmt->expr->operator
2,29,rectangle_java2.jpg,rectangle_java2.jpg,1972227170,148,810.3202702702703,333.8505405405405,806.5,331,15,19,=,1,class->block->constructor->block->block_content->expr_stmt->expr->operator
2,29,rectangle_java2.jpg,rectangle_java2.jpg,1972502620,56,784.9578571428572,320.4157142857143,730.5,331,71,19,this.x1,7,class->block->constructor->block->block_content->expr_stmt->expr->name->name->operator->name
2,29,rectangle_java2.jpg,rectangle_java2.jpg,1972674797,168,790.8335714285714,346.56595238095235,730.5,331,71,19,this.x1,7,class->block->constructor->block->block_content->expr_stmt->expr->name->name->operator->name
2,29,rectangle_java2.jpg,rectangle_java2.jpg,1972871009,132,828.5381818181818,371.5748484848485,826.5,367,23,21,y1,2,class->block->constructor->block->block_content->expr_stmt->expr->name->name
2,29,rectangle_java2.jpg,rectangle_java2.jpg,1973115067,180,768.9455555555555,234.68200000000002,715.5,222,90,21,Rectangle,9,class->name
2,29,rectangle_java2.jpg,rectangle_java2.jpg,1973187069,68,749.2847058823529,230.74176470588236,715.5,222,90,21,Rectangle,9,class->name
2,29,rectangle_java2.jpg,rectangle_java2.jpg,1973287039,96,742.9991666666667,217.08625,715.5,222,90,21,Rectangle,9,class->name
2,29,rectangle_java2.jpg,rectangle_java2.jpg,1973383018,92,750.1604347826087,212.51391304347828,715.5,222,90,21,Rectangle,9,class->name
2,29,rectangle_java2.jpg,rectangle_java2.jpg,1973671029,68,824.4641176470589,261.8070588235294,815.5,259,10,21,",",1,class->block->decl_stmt
2,29,rectangle_java2.jpg,rectangle_java2.jpg,1973671029,68,824.4641176470589,261.8070588235294,833.5,259,23,21,y1,2,class->block->decl_stmt->decl->name
2,29,rectangle_java2.jpg,rectangle_java2.jpg,1973843270,168,829.9064285714286,271.51761904761906,833.5,259,23,21,y1,2,class->block->decl_stmt->decl->name
2,29,rectangle_java2.jpg,rectangle_java2.jpg,1974291049,116,785.3489655172414,297.52724137931034,737.5,295,91,21,Rectangle,9,class->block->constructor->name
2,29,rectangle_java2.jpg,rectangle_java2.jpg,1974410994,84,811.0095238095238,330.2404761904762,806.5,331,15,19,=,1,class->block->constructor->block->block_content->expr_stmt->expr->operator
2,29,rectangle_java2.jpg,rectangle_java2.jpg,1974510949,96,809.0733333333334,314.26125,737.5,295,91,21,Rectangle,9,class->block->constructor->name
2,29,rectangle_java2.jpg,rectangle_java2.jpg,1974738909,184,776.5739130434782,337.9704347826087,730.5,331,71,19,this.x1,7,class->block->constructor->block->block_content->expr_stmt->expr->name->name->operator->name
2,29,rectangle_java2.jpg,rectangle_java2.jpg,1975010971,132,822.6521212121212,395.1821212121212,826.5,404,23,19,x2,2,class->block->constructor->block->block_content->expr_stmt->expr->name->name
2,29,rectangle_java2.jpg,rectangle_java2.jpg,1975138948,72,828.6238888888889,369.45944444444444,826.5,367,23,21,y1,2,class->block->constructor->block->block_content->expr_stmt->expr->name->name
2,29,rectangle_java2.jpg,rectangle_java2.jpg,1975230931,88,844.8418181818182,374.1963636363636,826.5,367,23,21,y1,2,class->block->constructor->block->block_content->expr_stmt->expr->name->name
2,29,rectangle_java2.jpg,rectangle_java2.jpg,1975230931,88,844.8418181818182,374.1963636363636,856.5,367,10,21,;,1,class->block->constructor->block->block_content->expr_stmt
2,29,rectangle_java2.jpg,rectangle_java2.jpg,1976214780,60,850.3946666666667,589.6253333333333,856.5,585,9,21,(,1,class->block->function->parameter_list
2,29,rectangle_java2.jpg,rectangle_java2.jpg,1976330626,112,860.5742857142857,602.6685714285715,856.5,585,9,21,(,1,class->block->function->parameter_list
2,29,rectangle_java2.jpg,rectangle_java2.jpg,1976978772,56,893.5464285714286,573.2321428571429,893.5,585,10,21,{,1,class->block->function->block
2,29,rectangle_java2.jpg,rectangle_java2.jpg,1977406804,80,974.124,540.6775,968.5,549,70,21,this.y2,7,class->block->function->block->block_content->return->expr->name->name->operator->name
2,29,rectangle_java2.jpg,rectangle_java2.jpg,1977634725,64,956.585,538.834375,900.5,549,63,21,return,6,class->block->function->block->block_content->return
2,29,rectangle_java2.jpg,rectangle_java2.jpg,1977634725,64,956.585,538.834375,968.5,549,70,21,this.y2,7,class->block->function->block->block_content->return->expr->name->name->operator->name
2,29,rectangle_java2.jpg,rectangle_java2.jpg,1977962768,68,897.9317647058824,543.5341176470588,900.5,549,63,21,return,6,class->block->function->block->block_content->return
2,29,rectangle_java2.jpg,rectangle_java2.jpg,1978054765,88,903.3336363636364,536.5531818181818,900.5,549,63,21,return,6,class->block->function->block->block_content->return
2,29,rectangle_java2.jpg,rectangle_java2.jpg,1978190624,120,957.3596666666667,567.6286666666666,900.5,549,63,21,return,6,class->block->function->block->block_content->return
2,29,rectangle_java2.jpg,rectangle_java2.jpg,1978190624,120,957.3596666666667,567.6286666666666,968.5,549,70,21,this.y2,7,class->block->function->block->block_content->return->expr->name->name->operator->name
2,29,rectangle_java2.jpg,rectangle_java2.jpg,1978250546,56,957.4964285714286,574.8478571428572,910.5,585,62,21,return,6,class->block->function->block->block_content->return
2,29,rectangle_java2.jpg,rectangle_java2.jpg,1978486611,124,1033.2929032258064,569.4912903225807,968.5,549,70,21,this.y2,7,class->block->function->block->block_content->return->expr->name->name->operator->name
2,29,rectangle_java2.jpg,rectangle_java2.jpg,1978486611,124,1033.2929032258064,569.4912903225807,1045.5,549,13,21,-,1,class->block->function->block->block_content->return->expr->operator
2,29,rectangle_java2.jpg,rectangle_java2.jpg,1978550652,60,1026.1533333333334,562.616,968.5,549,70,21,this.y2,7,class->block->function->block->block_content->return->expr->name->name->operator->name
2,29,rectangle_java2.jpg,rectangle_java2.jpg,1978666649,112,1031.1507142857142,556.16,968.5,549,70,21,this.y2,7,class->block->function->block->block_content->return->expr->name->name->operator->name
2,29,rectangle_java2.jpg,rectangle_java2.jpg,1978742639,64,1151.000625,579.73875,1140.5,585,110,21,this.height,11,class->block->function->block->block_content->return->expr->call->name->name->operator->name
2,29,rectangle_java2.jpg,rectangle_java2.jpg,1979334632,68,890.05,624.8517647058824,851.5,621,44,21,main,4,class->block->function->name
2,29,rectangle_java2.jpg,rectangle_java2.jpg,1979614636,68,838.1329411764706,728.9064705882353,826.5,731,51,20,rect2,5,class->block->function->block->block_content->decl_stmt->decl->name
2,29,rectangle_java2.jpg,rectangle_java2.jpg,1979774637,156,847.9164102564102,724.104358974359,826.5,731,51,20,rect2,5,class->block->function->block->block_content->decl_stmt->decl->name
2,29,rectangle_java2.jpg,rectangle_java2.jpg,1981542536,84,738.6890476190476,222.5966666666667,715.5,222,90,21,Rectangle,9,class->name
2,29,rectangle_java2.jpg,rectangle_java2.jpg,1981678524,132,762.4478787878787,233.63,715.5,222,90,21,Rectangle,9,class->name
2,29,rectangle_java2.jpg,rectangle_java2.jpg,1982446384,204,764.153725490196,251.16372549019604,747.5,259,33,21,int,3,class->block->decl_stmt->decl->type->name
2,29,rectangle_java2.jpg,rectangle_java2.jpg,1983402448,60,729.7926666666667,216.05666666666667,715.5,222,90,21,Rectangle,9,class->name
2,29,rectangle_java2.jpg,rectangle_java2.jpg,1983758406,352,729.5073863636363,217.79568181818183,715.5,222,90,21,Rectangle,9,class->name
2,29,rectangle_java2.jpg,rectangle_java2.jpg,1984934104,240,750.3196666666666,250.43083333333334,747.5,259,33,21,int,3,class->block->decl_stmt->decl->type->name
2,29,rectangle_java2.jpg,rectangle_java2.jpg,1985238183,176,730.430909090909,235.36863636363637,715.5,222,90,21,Rectangle,9,class->name
2,29,rectangle_java2.jpg,rectangle_java2.jpg,1985670265,60,724.7186666666666,313.07533333333333,669.5,295,63,21,public,6,class->block->constructor->specifier
2,29,rectangle_java2.jpg,rectangle_java2.jpg,1986130116,72,784.7816666666666,254.92555555555555,785.5,259,23,21,x1,2,class->block->decl_stmt->decl->name
2,29,rectangle_java2.jpg,rectangle_java2.jpg,1986314116,56,800.0185714285714,305.11285714285714,737.5,295,91,21,Rectangle,9,class->block->constructor->name
2,29,rectangle_java2.jpg,rectangle_java2.jpg,1986378110,60,785.9533333333334,279.61533333333335,785.5,259,23,21,x1,2,class->block->decl_stmt->decl->name
2,29,rectangle_java2.jpg,rectangle_java2.jpg,1986490106,60,900.4573333333333,271.03866666666664,881.5,259,23,21,x2,2,class->block->decl_stmt->decl->name
2,29,rectangle_java2.jpg,rectangle_java2.jpg,1986490106,60,900.4573333333333,271.03866666666664,911.5,259,10,21,",",1,class->block->decl_stmt
2,29,rectangle_java2.jpg,rectangle_java2.jpg,1986662102,168,904.6492857142857,254.41214285714284,911.5,259,10,21,",",1,class->block->decl_stmt
2,29,rectangle_java2.jpg,rectangle_java2.jpg,1986810107,128,763.08875,229.03468750000002,715.5,222,90,21,Rectangle,9,class->name
2,29,rectangle_java2.jpg,rectangle_java2.jpg,1986926115,72,723.6738888888889,235.74888888888893,715.5,222,90,21,Rectangle,9,class->name
2,29,rectangle_java2.jpg,rectangle_java2.jpg,1987038141,108,719.194074074074,230.42333333333335,715.5,222,90,21,Rectangle,9,class->name
2,29,rectangle_java2.jpg,rectangle_java2.jpg,1987310091,180,782.7317777777778,383.9711111111111,730.5,367,71,21,this.y1,7,class->block->constructor->block->block_content->expr_stmt->expr->name->name->operator->name
2,29,rectangle_java2.jpg,rectangle_java2.jpg,1987402103,56,833.1342857142857,400.75928571428574,826.5,404,23,19,x2,2,class->block->constructor->block->block_content->expr_stmt->expr->name->name
2,29,rectangle_java2.jpg,rectangle_java2.jpg,1987554121,92,820.3582608695652,332.13695652173914,806.5,331,15,19,=,1,class->block->constructor->block->block_content->expr_stmt->expr->operator
2,29,rectangle_java2.jpg,rectangle_java2.jpg,1987554121,92,820.3582608695652,332.13695652173914,826.5,331,23,19,x1,2,class->block->constructor->block->block_content->expr_stmt->expr->name->name
2,29,rectangle_java2.jpg,rectangle_java2.jpg,1987682045,68,747.6011764705883,293.0282352941176,737.5,295,91,21,Rectangle,9,class->block->constructor->name
2,29,rectangle_java2.jpg,rectangle_java2.jpg,1987809967,124,743.4696774193549,285.27258064516127,737.5,295,91,21,Rectangle,9,class->block->constructor->name
2,29,rectangle_java2.jpg,rectangle_java2.jpg,1987969908,92,805.6447826086957,309.5491304347826,737.5,295,91,21,Rectangle,9,class->block->constructor->name
2,29,rectangle_java2.jpg,rectangle_java2.jpg,1988049864,76,806.6836842105263,290.85105263157897,737.5,295,91,21,Rectangle,9,class->block->constructor->name
2,29,rectangle_java2.jpg,rectangle_java2.jpg,1988169862,116,799.1541379310345,286.0789655172414,737.5,295,91,21,Rectangle,9,class->block->constructor->name
2,29,rectangle_java2.jpg,rectangle_java2.jpg,1988325903,124,767.8577419354839,249.1554838709677,747.5,259,33,21,int,3,class->block->decl_stmt->decl->type->name
2,29,rectangle_java2.jpg,rectangle_java2.jpg,1989061990,324,812.6911111111111,323.82024691358026,806.5,331,15,19,=,1,class->block->constructor->block->block_content->expr_stmt->expr->operator
2,29,rectangle_java2.jpg,rectangle_java2.jpg,1989218002,144,860.76,307.4613888888889,853.5,295,32,21,int,3,class->block->constructor->parameter_list->parameter->decl->type->name
2,29,rectangle_java2.jpg,rectangle_java2.jpg,1989449989,156,803.2851282051282,272.88897435897434,785.5,259,23,21,x1,2,class->block->decl_stmt->decl->name
2,29,rectangle_java2.jpg,rectangle_java2.jpg,1989449989,156,803.2851282051282,272.88897435897434,815.5,259,10,21,",",1,class->block->decl_stmt
2,29,rectangle_java2.jpg,rectangle_java2.jpg,1989557959,104,807.6057692307693,295.8765384615385,737.5,295,91,21,Rectangle,9,class->block->constructor->name
2,29,rectangle_java2.jpg,rectangle_java2.jpg,1989633876,72,772.4205555555556,303.0238888888889,737.5,295,91,21,Rectangle,9,class->block->constructor->name
2,29,rectangle_java2.jpg,rectangle_java2.jpg,1989765747,128,763.005,303.0021875,737.5,295,91,21,Rectangle,9,class->block->constructor->name
2,29,rectangle_java2.jpg,rectangle_java2.jpg,1990081823,56,822.3457142857143,354.74071428571426,826.5,367,23,21,y1,2,class->block->constructor->block->block_content->expr_stmt->expr->name->name
2,29,rectangle_java2.jpg,rectangle_java2.jpg,1990181833,96,813.0758333333333,335.36,806.5,331,15,19,=,1,class->block->constructor->block->block_content->expr_stmt->expr->operator
2,29,rectangle_java2.jpg,rectangle_java2.jpg,1990265847,80,811.448,318.5255,806.5,331,15,19,=,1,class->block->constructor->block->block_content->expr_stmt->expr->operator
2,29,rectangle_java2.jpg,rectangle_java2.jpg,1990357862,72,863.495,307.2838888888889,853.5,295,32,21,int,3,class->block->constructor->parameter_list->parameter->decl->type->name
2,29,rectangle_java2.jpg,rectangle_java2.jpg,1990465875,104,869.1238461538461,313.5073076923077,853.5,295,32,21,int,3,class->block->constructor->parameter_list->parameter->decl->type->name
2,29,rectangle_java2.jpg,rectangle_java2.jpg,1991749658,156,729.8923076923077,214.23846153846154,715.5,222,90,21,Rectangle,9,class->name
2,29,rectangle_java2.jpg,rectangle_java2.jpg,1991921713,132,810.050303030303,255.26333333333332,815.5,259,10,21,",",1,class->block->decl_stmt
2,29,rectangle_java2.jpg,rectangle_java2.jpg,1992037740,88,785.4559090909091,308.955,737.5,295,91,21,Rectangle,9,class->block->constructor->name
2,29,rectangle_java2.jpg,rectangle_java2.jpg,1992141781,100,785.0944,319.1788,730.5,331,71,19,this.x1,7,class->block->constructor->block->block_content->expr_stmt->expr->name->name->operator->name
2,29,rectangle_java2.jpg,rectangle_java2.jpg,1992433802,192,741.49,289.653125,737.5,295,91,21,Rectangle,9,class->block->constructor->name
2,29,rectangle_java2.jpg,rectangle_java2.jpg,1992557690,88,813.3963636363636,348.89363636363635,806.5,331,15,19,=,1,class->block->constructor->block->block_content->expr_stmt->expr->operator
2,29,rectangle_java2.jpg,rectangle_java2.jpg,1992617672,56,801.08,337.22285714285715,730.5,331,71,19,this.x1,7,class->block->constructor->block->block_content->expr_stmt->expr->name->name->operator->name
2,29,rectangle_java2.jpg,rectangle_java2.jpg,1992617672,56,801.08,337.22285714285715,806.5,331,15,19,=,1,class->block->constructor->block->block_content->expr_stmt->expr->operator
2,29,rectangle_java2.jpg,rectangle_java2.jpg,1992937706,196,844.0685714285714,344.30795918367346,826.5,331,23,19,x1,2,class->block->constructor->block->block_content->expr_stmt->expr->name->name
2,29,rectangle_java2.jpg,rectangle_java2.jpg,1992937706,196,844.0685714285714,344.30795918367346,856.5,331,10,19,;,1,class->block->constructor->block->block_content->expr_stmt
2,29,rectangle_java2.jpg,rectangle_java2.jpg,1993437487,232,790.1303448275862,322.3701724137931,730.5,331,71,19,this.x1,7,class->block->constructor->block->block_content->expr_stmt->expr->name->name->operator->name
2,29,rectangle_java2.jpg,rectangle_java2.jpg,1993905724,124,771.59,506.3277419354838,775.5,512,53,21,width,5,class->block->function->name
2,29,rectangle_java2.jpg,rectangle_java2.jpg,1998161300,152,802.3102631578947,323.8471052631579,806.5,331,15,19,=,1,class->block->constructor->block->block_content->expr_stmt->expr->operator
2,29,rectangle_java2.jpg,rectangle_java2.jpg,2000677140,84,773.4757142857143,504.9995238095238,775.5,512,53,21,width,5,class->block->function->name
2,29,rectangle_java2.jpg,rectangle_java2.jpg,2000745137,64,770.91,503.129375,775.5,512,53,21,width,5,class->block->function->name
2,29,rectangle_java2.jpg,rectangle_java2.jpg,2000961158,176,779.4293181818182,449.7890909090909,730.5,440,71,21,this.y2,7,class->block->constructor->block->block_content->expr_stmt->expr->name->name->operator->name
2,29,rectangle_java2.jpg,rectangle_java2.jpg,2001160888,136,768.5308823529411,330.19588235294117,730.5,331,71,19,this.x1,7,class->block->constructor->block->block_content->expr_stmt->expr->name->name->operator->name
2,29,rectangle_java2.jpg,rectangle_java2.jpg,2001280939,76,793.0605263157895,301.36368421052634,737.5,295,91,21,Rectangle,9,class->block->constructor->name
2,29,rectangle_java2.jpg,rectangle_java2.jpg,2001433026,148,791.2143243243244,283.84135135135136,737.5,295,91,21,Rectangle,9,class->block->constructor->name
2,29,rectangle_java2.jpg,rectangle_java2.jpg,2002237041,196,750.710612244898,212.0904081632653,715.5,222,90,21,Rectangle,9,class->name
2,29,rectangle_java2.jpg,rectangle_java2.jpg,2002393030,84,886.5709523809523,556.5752380952381,883.5,549,10,21,{,1,class->block->function->block
2,29,rectangle_java2.jpg,rectangle_java2.jpg,2002577080,72,833.2411111111111,556.7888888888889,775.5,549,62,21,height,6,class->block->function->name
2,29,rectangle_java2.jpg,rectangle_java2.jpg,2002745083,164,838.9180487804878,501.4465853658537,837.5,512,9,21,(,1,class->block->function->parameter_list
2,29,rectangle_java2.jpg,rectangle_java2.jpg,2002956735,56,863.6385714285714,522.0464285714286,874.5,512,10,21,{,1,class->block->function->block
2,29,rectangle_java2.jpg,rectangle_java2.jpg,2003068733,108,866.9981481481482,518.9633333333334,874.5,512,10,21,{,1,class->block->function->block
2,29,rectangle_java2.jpg,rectangle_java2.jpg,2003324884,156,944.7076923076924,509.7061538461538,891.5,512,62,21,return,6,class->block->function->block->block_content->return->expr->name->name
2,29,rectangle_java2.jpg,rectangle_java2.jpg,2003396897,68,945.6464705882353,512.6194117647059,891.5,512,62,21,return,6,class->block->function->block->block_content->return->expr->name->name
2,29,rectangle_java2.jpg,rectangle_java2.jpg,2003700966,136,937.7885294117647,541.6276470588235,900.5,549,63,21,return,6,class->block->function->block->block_content->return
2,29,rectangle_java2.jpg,rectangle_java2.jpg,2003860933,116,931.0141379310345,515.9762068965517,891.5,512,62,21,return,6,class->block->function->block->block_content->return->expr->name->name
2,29,rectangle_java2.jpg,rectangle_java2.jpg,2003988913,92,987.0017391304348,546.8330434782608,968.5,549,70,21,this.y2,7,class->block->function->block->block_content->return->expr->name->name->operator->name
2,29,rectangle_java2.jpg,rectangle_java2.jpg,2004064897,64,828.265,540.6625,775.5,549,62,21,height,6,class->block->function->name
2,29,rectangle_java2.jpg,rectangle_java2.jpg,2004140870,72,823.3555555555556,552.5388888888889,775.5,549,62,21,height,6,class->block->function->name
2,29,rectangle_java2.jpg,rectangle_java2.jpg,2004484908,92,1059.8821739130435,524.5613043478261,1054.5,512,71,21,this.x1,7,class->block->function->block->block_content->return->expr->name->name->operator->name
2,29,rectangle_java2.jpg,rectangle_java2.jpg,2004748771,84,1020.8838095238095,544.2871428571428,968.5,549,70,21,this.y2,7,class->block->function->block->block_content->return->expr->name->name->operator->name
2,29,rectangle_java2.jpg,rectangle_java2.jpg,2005000704,116,810.6662068965517,500.22,775.5,512,53,21,width,5,class->block->function->name
2,29,rectangle_java2.jpg,rectangle_java2.jpg,2005060725,56,800.9014285714286,517.2007142857143,775.5,512,53,21,width,5,class->block->function->name
2,29,rectangle_java2.jpg,rectangle_java2.jpg,2005204765,112,863.7396428571428,439.90571428571434,856.5,440,10,21,;,1,class->block->constructor->block->block_content->expr_stmt
2,29,rectangle_java2.jpg,rectangle_java2.jpg,2005300771,92,852.8669565217391,431.56304347826085,856.5,440,10,21,;,1,class->block->constructor->block->block_content->expr_stmt
2,29,rectangle_java2.jpg,rectangle_java2.jpg,2005984761,60,1139.47,564.6233333333333,1142.5,549,10,21,;,1,class->block->function->block->block_content->return
2,29,rectangle_java2.jpg,rectangle_java2.jpg,2006120775,88,1129.2077272727272,591.0,1122.5,585,12,21,*,1,class->block->function->block->block_content->return->expr->operator
2,29,rectangle_java2.jpg,rectangle_java2.jpg,2006120775,88,1129.2077272727272,591.0,1140.5,585,110,21,this.height,11,class->block->function->block->block_content->return->expr->call->name->name->operator->name
2,29,rectangle_java2.jpg,rectangle_java2.jpg,2006320762,108,1113.274074074074,575.9714814814815,1122.5,585,12,21,*,1,class->block->function->block->block_content->return->expr->operator
2,29,rectangle_java2.jpg,rectangle_java2.jpg,2006388748,64,1116.15375,568.670625,1064.5,549,71,21,this.y1,7,class->block->function->block->block_content->return->expr->name->name->operator->name
2,29,rectangle_java2.jpg,rectangle_java2.jpg,2006760632,124,890.8083870967741,664.7796774193548,883.5,658,15,20,=,1,class->block->function->block->block_content->decl_stmt->decl->init
2,29,rectangle_java2.jpg,rectangle_java2.jpg,2006760632,124,890.8083870967741,664.7796774193548,902.5,658,34,20,new,3,class->block->function->block->block_content->decl_stmt->decl->init->expr->operator
2,29,rectangle_java2.jpg,rectangle_java2.jpg,2006920650,112,835.7364285714285,631.4764285714285,804.5,621,44,21,void,4,class->block->function->type->name
2,29,rectangle_java2.jpg,rectangle_java2.jpg,2006984674,60,829.368,637.5066666666667,804.5,621,44,21,void,4,class->block->function->type->name
2,29,rectangle_java2.jpg,rectangle_java2.jpg,2007104676,88,1024.0477272727273,605.4081818181818,977.5,585,101,21,this.width,10,class->block->function->block->block_content->return->expr->call->name->name->operator->name
2,29,rectangle_java2.jpg,rectangle_java2.jpg,2007356660,144,1020.6763888888889,609.7247222222222,1025.5,621,42,21,args,4,class->block->function->parameter_list->parameter->decl->name
2,29,rectangle_java2.jpg,rectangle_java2.jpg,2007584641,184,1099.624347826087,621.486304347826,1094.5,621,10,21,{,1,class->block->function->block
2,29,rectangle_java2.jpg,rectangle_java2.jpg,2007732648,100,930.1336,635.9472,920.5,621,62,21,String,6,class->block->function->parameter_list->parameter->decl->type->name->name
2,29,rectangle_java2.jpg,rectangle_java2.jpg,2007848658,68,937.8782352941176,592.8170588235295,910.5,585,62,21,return,6,class->block->function->block->block_content->return
2,29,rectangle_java2.jpg,rectangle_java2.jpg,2008360590,76,1061.302105263158,573.38,977.5,585,101,21,this.width,10,class->block->function->block->block_content->return->expr->call->name->name->operator->name
2,29,rectangle_java2.jpg,rectangle_java2.jpg,2008572549,128,1050.346875,583.63,977.5,585,101,21,this.width,10,class->block->function->block->block_content->return->expr->call->name->name->operator->name
2,29,rectangle_java2.jpg,rectangle_java2.jpg,2008696414,56,816.9035714285715,648.1007142857143,730.5,658,91,20,Rectangle,9,class->block->function->block->block_content->decl_stmt->decl->type->name
2,29,rectangle_java2.jpg,rectangle_java2.jpg,2008696414,56,816.9035714285715,648.1007142857143,826.5,658,52,20,rect1,5,class->block->function->block->block_content->decl_stmt->decl->name
2,29,rectangle_java2.jpg,rectangle_java2.jpg,2008792394,92,814.464347826087,660.0569565217392,730.5,658,91,20,Rectangle,9,class->block->function->block->block_content->decl_stmt->decl->type->name
2,29,rectangle_java2.jpg,rectangle_java2.jpg,2008792394,92,814.464347826087,660.0569565217392,826.5,658,52,20,rect1,5,class->block->function->block->block_content->decl_stmt->decl->name
2,29,rectangle_java2.jpg,rectangle_java2.jpg,2008872456,76,815.9373684210526,641.7747368421053,804.5,621,44,21,void,4,class->block->function->type->name
2,29,rectangle_java2.jpg,rectangle_java2.jpg,2009008533,92,813.6056521739131,603.1886956521739,804.5,585,43,21,area,4,class->block->function->name
2,29,rectangle_java2.jpg,rectangle_java2.jpg,2009220493,180,857.4135555555556,631.3811111111111,851.5,621,44,21,main,4,class->block->function->name
2,29,rectangle_java2.jpg,rectangle_java2.jpg,2009328475,68,876.1205882352941,656.5264705882353,826.5,658,52,20,rect1,5,class->block->function->block->block_content->decl_stmt->decl->name
2,29,rectangle_java2.jpg,rectangle_java2.jpg,2009328475,68,876.1205882352941,656.5264705882353,883.5,658,15,20,=,1,class->block->function->block->block_content->decl_stmt->decl->init
2,29,rectangle_java2.jpg,rectangle_java2.jpg,2009412474,80,877.196,671.674,826.5,658,52,20,rect1,5,class->block->function->block->block_content->decl_stmt->decl->name
2,29,rectangle_java2.jpg,rectangle_java2.jpg,2009412474,80,877.196,671.674,883.5,658,15,20,=,1,class->block->function->block->block_content->decl_stmt->decl->init
2,29,rectangle_java2.jpg,rectangle_java2.jpg,2009708505,220,972.0636363636363,693.27,932.5,694,100,21,rect1.area,10,class->block->function->block->block_content->expr_stmt->expr->call->argument_list->argument->expr->call->name->name->operator->name
2,29,rectangle_java2.jpg,rectangle_java2.jpg,2009780501,68,964.9305882352941,701.3517647058824,932.5,694,100,21,rect1.area,10,class->block->function->block->block_content->expr_stmt->expr->call->argument_list->argument->expr->call->name->name->operator->name
