trial,participant,code_file,code_language,timestamp,duration,x_cord,y_cord,aoi_x,aoi_y,aoi_width,aoi_height,token,length,srcML
2,51,rectangle_java2.jpg,rectangle_java2.jpg,4683244512,64,818.753125,448.395625,806.5,440,15,21,=,1,class->block->constructor->block->block_content->expr_stmt->expr->operator
2,51,rectangle_java2.jpg,rectangle_java2.jpg,4683244512,64,818.753125,448.395625,826.5,440,23,21,y2,2,class->block->constructor->block->block_content->expr_stmt->expr->name->name
2,51,rectangle_java2.jpg,rectangle_java2.jpg,4683404556,76,824.9357894736842,439.6847368421053,826.5,440,23,21,y2,2,class->block->constructor->block->block_content->expr_stmt->expr->name->name
2,51,rectangle_java2.jpg,rectangle_java2.jpg,4686464328,80,800.8805,209.709,715.5,222,90,21,Rectangle,9,class->name
2,51,rectangle_java2.jpg,rectangle_java2.jpg,4686608322,140,787.7894285714286,231.18114285714285,715.5,222,90,21,Rectangle,9,class->name
2,51,rectangle_java2.jpg,rectangle_java2.jpg,4686776311,164,789.7412195121951,236.26390243902438,715.5,222,90,21,Rectangle,9,class->name
2,51,rectangle_java2.jpg,rectangle_java2.jpg,4686864357,84,798.7428571428571,217.82999999999998,715.5,222,90,21,Rectangle,9,class->name
2,51,rectangle_java2.jpg,rectangle_java2.jpg,4687472364,104,796.6692307692308,308.52230769230766,737.5,295,91,21,Rectangle,9,class->block->constructor->name
2,51,rectangle_java2.jpg,rectangle_java2.jpg,4687548232,72,794.9094444444445,297.8561111111111,737.5,295,91,21,Rectangle,9,class->block->constructor->name
2,51,rectangle_java2.jpg,rectangle_java2.jpg,4687752085,140,801.2548571428572,297.4702857142857,737.5,295,91,21,Rectangle,9,class->block->constructor->name
2,51,rectangle_java2.jpg,rectangle_java2.jpg,4687812139,56,812.9235714285714,297.4642857142857,737.5,295,91,21,Rectangle,9,class->block->constructor->name
2,51,rectangle_java2.jpg,rectangle_java2.jpg,4688144177,252,888.7833333333333,310.23317460317463,890.5,295,24,21,x1,2,class->block->constructor->parameter_list->parameter->decl->type->name
2,51,rectangle_java2.jpg,rectangle_java2.jpg,4688204147,56,896.3185714285714,304.455,890.5,295,24,21,x1,2,class->block->constructor->parameter_list->parameter->decl->type->name
2,51,rectangle_java2.jpg,rectangle_java2.jpg,4688312106,92,994.4230434782609,296.485652173913,977.5,295,23,21,y1,2,class->block->constructor->parameter_list->parameter->decl->type->name
2,51,rectangle_java2.jpg,rectangle_java2.jpg,4688420126,104,994.6423076923077,306.8476923076923,977.5,295,23,21,y1,2,class->block->constructor->parameter_list->parameter->decl->type->name
2,51,rectangle_java2.jpg,rectangle_java2.jpg,4688544151,120,990.268,298.11466666666666,977.5,295,23,21,y1,2,class->block->constructor->parameter_list->parameter->decl->type->name
2,51,rectangle_java2.jpg,rectangle_java2.jpg,4688768163,184,1078.3121739130436,293.3384782608696,1063.5,295,23,21,x2,2,class->block->constructor->parameter_list->parameter->decl->type->name
2,51,rectangle_java2.jpg,rectangle_java2.jpg,4688896158,124,1071.918064516129,284.40516129032255,1063.5,295,23,21,x2,2,class->block->constructor->parameter_list->parameter->decl->type->name
2,51,rectangle_java2.jpg,rectangle_java2.jpg,4689000344,92,936.1669565217392,309.3521739130435,939.5,295,33,21,int,3,class->block->constructor->parameter_list->parameter->decl->type->name
2,51,rectangle_java2.jpg,rectangle_java2.jpg,4689152452,148,923.9954054054054,307.23594594594596,921.5,295,9,21,",",1,class->block->constructor->parameter_list
2,51,rectangle_java2.jpg,rectangle_java2.jpg,4689451952,268,796.9567164179105,345.2697014925373,730.5,331,71,19,this.x1,7,class->block->constructor->block->block_content->expr_stmt->expr->name->name->operator->name
2,51,rectangle_java2.jpg,rectangle_java2.jpg,4689451952,268,796.9567164179105,345.2697014925373,806.5,331,15,19,=,1,class->block->constructor->block->block_content->expr_stmt->expr->operator
2,51,rectangle_java2.jpg,rectangle_java2.jpg,4689583952,104,852.835,313.6003846153846,853.5,295,32,21,int,3,class->block->constructor->parameter_list->parameter->decl->type->name
2,51,rectangle_java2.jpg,rectangle_java2.jpg,4689712063,124,854.8593548387097,322.60548387096776,856.5,331,10,19,;,1,class->block->constructor->block->block_content->expr_stmt
2,51,rectangle_java2.jpg,rectangle_java2.jpg,4689788122,72,848.0627777777778,323.42333333333335,826.5,331,23,19,x1,2,class->block->constructor->block->block_content->expr_stmt->expr->name->name
2,51,rectangle_java2.jpg,rectangle_java2.jpg,4689788122,72,848.0627777777778,323.42333333333335,856.5,331,10,19,;,1,class->block->constructor->block->block_content->expr_stmt
2,51,rectangle_java2.jpg,rectangle_java2.jpg,4689852172,60,850.0446666666667,331.5373333333333,856.5,331,10,19,;,1,class->block->constructor->block->block_content->expr_stmt
2,51,rectangle_java2.jpg,rectangle_java2.jpg,4690280070,68,907.6370588235294,300.4794117647059,890.5,295,24,21,x1,2,class->block->constructor->parameter_list->parameter->decl->type->name
2,51,rectangle_java2.jpg,rectangle_java2.jpg,4690507934,224,912.8528571428571,302.81642857142856,890.5,295,24,21,x1,2,class->block->constructor->parameter_list->parameter->decl->type->name
2,51,rectangle_java2.jpg,rectangle_java2.jpg,4690507934,224,912.8528571428571,302.81642857142856,921.5,295,9,21,",",1,class->block->constructor->parameter_list
2,51,rectangle_java2.jpg,rectangle_java2.jpg,4690660089,112,929.1532142857143,270.8746428571429,929.5,259,23,21,y2,2,class->block->decl_stmt->decl->name
2,51,rectangle_java2.jpg,rectangle_java2.jpg,4690904114,240,927.073,256.3975,929.5,259,23,21,y2,2,class->block->decl_stmt->decl->name
2,51,rectangle_java2.jpg,rectangle_java2.jpg,4691040123,84,877.3090476190476,303.34,853.5,295,32,21,int,3,class->block->constructor->parameter_list->parameter->decl->type->name
2,51,rectangle_java2.jpg,rectangle_java2.jpg,4691184120,108,828.442962962963,328.87814814814817,826.5,331,23,19,x1,2,class->block->constructor->block->block_content->expr_stmt->expr->name->name
2,51,rectangle_java2.jpg,rectangle_java2.jpg,4691376050,188,821.0174468085106,315.5004255319149,737.5,295,91,21,Rectangle,9,class->block->constructor->name
2,51,rectangle_java2.jpg,rectangle_java2.jpg,4691667930,160,848.73775,360.64175,826.5,367,23,21,y1,2,class->block->constructor->block->block_content->expr_stmt->expr->name->name
2,51,rectangle_java2.jpg,rectangle_java2.jpg,4691667930,160,848.73775,360.64175,856.5,367,10,21,;,1,class->block->constructor->block->block_content->expr_stmt
2,51,rectangle_java2.jpg,rectangle_java2.jpg,4691727915,56,841.6657142857143,356.86,826.5,367,23,21,y1,2,class->block->constructor->block->block_content->expr_stmt->expr->name->name
2,51,rectangle_java2.jpg,rectangle_java2.jpg,4692519984,104,834.3976923076923,383.56038461538463,826.5,367,23,21,y1,2,class->block->constructor->block->block_content->expr_stmt->expr->name->name
2,51,rectangle_java2.jpg,rectangle_java2.jpg,4692947943,140,839.2054285714286,448.62542857142853,826.5,440,23,21,y2,2,class->block->constructor->block->block_content->expr_stmt->expr->name->name
2,51,rectangle_java2.jpg,rectangle_java2.jpg,4693155868,204,831.8507843137255,455.23745098039217,826.5,440,23,21,y2,2,class->block->constructor->block->block_content->expr_stmt->expr->name->name
2,51,rectangle_java2.jpg,rectangle_java2.jpg,4693219848,60,834.524,444.56066666666675,826.5,440,23,21,y2,2,class->block->constructor->block->block_content->expr_stmt->expr->name->name
2,51,rectangle_java2.jpg,rectangle_java2.jpg,4693339848,116,825.9879310344828,529.5875862068965,775.5,512,53,21,width,5,class->block->function->name
2,51,rectangle_java2.jpg,rectangle_java2.jpg,4693339848,116,825.9879310344828,529.5875862068965,837.5,512,9,21,(,1,class->block->function->parameter_list
2,51,rectangle_java2.jpg,rectangle_java2.jpg,4693439877,96,820.0108333333333,526.4066666666666,775.5,512,53,21,width,5,class->block->function->name
2,51,rectangle_java2.jpg,rectangle_java2.jpg,4693815898,144,765.3044444444445,527.8583333333333,737.5,512,33,21,int,3,class->block->function->type->name
2,51,rectangle_java2.jpg,rectangle_java2.jpg,4693815898,144,765.3044444444445,527.8583333333333,775.5,512,53,21,width,5,class->block->function->name
2,51,rectangle_java2.jpg,rectangle_java2.jpg,4694100420,280,756.1792857142857,538.1894285714286,737.5,549,33,21,int,3,class->block->function->type->name
2,51,rectangle_java2.jpg,rectangle_java2.jpg,4694164286,60,765.986,523.056,737.5,512,33,21,int,3,class->block->function->type->name
2,51,rectangle_java2.jpg,rectangle_java2.jpg,4694164286,60,765.986,523.056,775.5,512,53,21,width,5,class->block->function->name
2,51,rectangle_java2.jpg,rectangle_java2.jpg,4694264020,72,803.7266666666667,540.0266666666666,775.5,549,62,21,height,6,class->block->function->name
2,51,rectangle_java2.jpg,rectangle_java2.jpg,4694447896,180,805.2817777777777,517.9451111111111,775.5,512,53,21,width,5,class->block->function->name
2,51,rectangle_java2.jpg,rectangle_java2.jpg,4694619932,128,924.9875,527.1034375,891.5,512,62,21,return,6,class->block->function->block->block_content->return->expr->name->name
2,51,rectangle_java2.jpg,rectangle_java2.jpg,4694775911,152,927.3044736842105,520.3697368421052,891.5,512,62,21,return,6,class->block->function->block->block_content->return->expr->name->name
2,51,rectangle_java2.jpg,rectangle_java2.jpg,4695139715,276,968.7184057971015,537.4221739130435,968.5,549,70,21,this.y2,7,class->block->function->block->block_content->return->expr->name->name->operator->name
2,51,rectangle_java2.jpg,rectangle_java2.jpg,4695387666,60,933.5813333333333,536.8013333333333,900.5,549,63,21,return,6,class->block->function->block->block_content->return
2,51,rectangle_java2.jpg,rectangle_java2.jpg,4695503725,88,816.0945454545455,547.0704545454546,775.5,549,62,21,height,6,class->block->function->name
2,51,rectangle_java2.jpg,rectangle_java2.jpg,4695587750,80,816.192,532.9595,775.5,512,53,21,width,5,class->block->function->name
2,51,rectangle_java2.jpg,rectangle_java2.jpg,4695715751,96,863.525,550.0079166666667,863.5,549,9,21,),1,class->block->function->parameter_list
2,51,rectangle_java2.jpg,rectangle_java2.jpg,4695779738,60,865.586,564.4006666666667,863.5,549,9,21,),1,class->block->function->parameter_list
2,51,rectangle_java2.jpg,rectangle_java2.jpg,4696035767,196,940.9142857142857,558.654693877551,900.5,549,63,21,return,6,class->block->function->block->block_content->return
2,51,rectangle_java2.jpg,rectangle_java2.jpg,4696211716,152,1011.7939473684211,557.005,968.5,549,70,21,this.y2,7,class->block->function->block->block_content->return->expr->name->name->operator->name
2,51,rectangle_java2.jpg,rectangle_java2.jpg,4696287703,72,1014.6694444444445,544.7661111111111,968.5,549,70,21,this.y2,7,class->block->function->block->block_content->return->expr->name->name->operator->name
2,51,rectangle_java2.jpg,rectangle_java2.jpg,4696547722,68,1014.6123529411765,548.6423529411765,968.5,549,70,21,this.y2,7,class->block->function->block->block_content->return->expr->name->name->operator->name
2,51,rectangle_java2.jpg,rectangle_java2.jpg,4696695733,132,901.2060606060606,542.8660606060606,900.5,549,63,21,return,6,class->block->function->block->block_content->return
2,51,rectangle_java2.jpg,rectangle_java2.jpg,4696879674,116,892.5506896551724,539.6,883.5,549,10,21,{,1,class->block->function->block
2,51,rectangle_java2.jpg,rectangle_java2.jpg,4696879674,116,892.5506896551724,539.6,900.5,549,63,21,return,6,class->block->function->block->block_content->return
2,51,rectangle_java2.jpg,rectangle_java2.jpg,4696991517,108,894.8218518518519,555.5955555555555,900.5,549,63,21,return,6,class->block->function->block->block_content->return
2,51,rectangle_java2.jpg,rectangle_java2.jpg,4697259577,244,940.3550819672131,543.0473770491803,900.5,549,63,21,return,6,class->block->function->block->block_content->return
2,51,rectangle_java2.jpg,rectangle_java2.jpg,4697519669,152,1017.6531578947369,541.5265789473684,968.5,549,70,21,this.y2,7,class->block->function->block->block_content->return->expr->name->name->operator->name
2,51,rectangle_java2.jpg,rectangle_java2.jpg,4697623694,100,1013.768,539.5544,968.5,549,70,21,this.y2,7,class->block->function->block->block_content->return->expr->name->name->operator->name
2,51,rectangle_java2.jpg,rectangle_java2.jpg,4697727671,80,949.2805,524.722,891.5,512,62,21,return,6,class->block->function->block->block_content->return->expr->name->name
2,51,rectangle_java2.jpg,rectangle_java2.jpg,4697727671,80,949.2805,524.722,958.5,512,71,21,this.x2,7,class->block->function->block->block_content->return->expr->name->name->operator->name->operator
2,51,rectangle_java2.jpg,rectangle_java2.jpg,4697895600,164,954.1014634146342,505.17463414634153,958.5,512,71,21,this.x2,7,class->block->function->block->block_content->return->expr->name->name->operator->name->operator
2,51,rectangle_java2.jpg,rectangle_java2.jpg,4698187811,104,823.9653846153847,499.5350000000001,775.5,512,53,21,width,5,class->block->function->name
2,51,rectangle_java2.jpg,rectangle_java2.jpg,4698295933,104,827.3723076923077,506.6461538461539,775.5,512,53,21,width,5,class->block->function->name
2,51,rectangle_java2.jpg,rectangle_java2.jpg,4698295933,104,827.3723076923077,506.6461538461539,837.5,512,9,21,(,1,class->block->function->parameter_list
2,51,rectangle_java2.jpg,rectangle_java2.jpg,4698575569,164,1147.1721951219513,545.3214634146342,1142.5,549,10,21,;,1,class->block->function->block->block_content->return
2,51,rectangle_java2.jpg,rectangle_java2.jpg,4698715392,72,916.2005555555555,589.5938888888888,910.5,585,62,21,return,6,class->block->function->block->block_content->return
2,51,rectangle_java2.jpg,rectangle_java2.jpg,4698779453,60,909.9333333333333,603.722,910.5,585,62,21,return,6,class->block->function->block->block_content->return
2,51,rectangle_java2.jpg,rectangle_java2.jpg,4698855526,72,915.7816666666666,577.3472222222222,910.5,585,62,21,return,6,class->block->function->block->block_content->return
2,51,rectangle_java2.jpg,rectangle_java2.jpg,4698967580,108,917.412962962963,581.6385185185185,910.5,585,62,21,return,6,class->block->function->block->block_content->return
2,51,rectangle_java2.jpg,rectangle_java2.jpg,4699079570,60,1016.0013333333334,600.1646666666667,977.5,585,101,21,this.width,10,class->block->function->block->block_content->return->expr->call->name->name->operator->name
2,51,rectangle_java2.jpg,rectangle_java2.jpg,4699299527,92,781.4043478260869,621.9239130434783,738.5,621,61,21,static,6,class->block->function->type->specifier
2,51,rectangle_java2.jpg,rectangle_java2.jpg,4699575515,132,815.1236363636364,620.3769696969697,804.5,621,44,21,void,4,class->block->function->type->name
2,51,rectangle_java2.jpg,rectangle_java2.jpg,4699795488,144,890.6030555555556,654.6502777777778,883.5,658,15,20,=,1,class->block->function->block->block_content->decl_stmt->decl->init
2,51,rectangle_java2.jpg,rectangle_java2.jpg,4699795488,144,890.6030555555556,654.6502777777778,902.5,658,34,20,new,3,class->block->function->block->block_content->decl_stmt->decl->init->expr->operator
2,51,rectangle_java2.jpg,rectangle_java2.jpg,4699895485,64,898.00625,638.430625,904.5,621,9,21,(,1,class->block->function->parameter_list
2,51,rectangle_java2.jpg,rectangle_java2.jpg,4700003489,60,994.6026666666667,665.458,941.5,658,91,20,Rectangle,9,class->block->function->block->block_content->decl_stmt->decl->init->expr->call->name
2,51,rectangle_java2.jpg,rectangle_java2.jpg,4700671481,116,1194.4058620689655,660.64,1182.5,658,22,20,10,2,class->block->function->block->block_content->decl_stmt->decl->init->expr->call->argument_list->argument->expr->literal
2,51,rectangle_java2.jpg,rectangle_java2.jpg,4700967625,56,1114.685,546.6371428571429,1064.5,549,71,21,this.y1,7,class->block->function->block->block_content->return->expr->name->name->operator->name
2,51,rectangle_java2.jpg,rectangle_java2.jpg,4701427413,176,911.6531818181818,518.0870454545454,891.5,512,62,21,return,6,class->block->function->block->block_content->return->expr->name->name
2,51,rectangle_java2.jpg,rectangle_java2.jpg,4701611372,104,1021.9984615384616,520.0923076923077,958.5,512,71,21,this.x2,7,class->block->function->block->block_content->return->expr->name->name->operator->name->operator
2,51,rectangle_java2.jpg,rectangle_java2.jpg,4701675380,60,1024.5126666666667,520.332,958.5,512,71,21,this.x2,7,class->block->function->block->block_content->return->expr->name->name->operator->name->operator
2,51,rectangle_java2.jpg,rectangle_java2.jpg,4701675380,60,1024.5126666666667,520.332,1035.5,512,13,21,-,1,class->block->function->block->block_content->return->expr->name->name
2,51,rectangle_java2.jpg,rectangle_java2.jpg,4702199598,84,1175.7647619047618,594.0261904761904,1140.5,585,110,21,this.height,11,class->block->function->block->block_content->return->expr->call->name->name->operator->name
2,51,rectangle_java2.jpg,rectangle_java2.jpg,4702299424,56,1085.6207142857143,630.5678571428572,1094.5,621,10,21,{,1,class->block->function->block
2,51,rectangle_java2.jpg,rectangle_java2.jpg,4702403399,100,1080.3392000000001,634.1283999999999,1074.5,621,10,21,),1,class->block->function->parameter_list
2,51,rectangle_java2.jpg,rectangle_java2.jpg,4702587385,104,942.2096153846154,636.4388461538462,920.5,621,62,21,String,6,class->block->function->parameter_list->parameter->decl->type->name->name
2,51,rectangle_java2.jpg,rectangle_java2.jpg,4702743299,68,825.2729411764706,735.9423529411765,826.5,731,51,20,rect2,5,class->block->function->block->block_content->decl_stmt->decl->name
