trial,participant,code_file,code_language,timestamp,duration,x_cord,y_cord,aoi_x,aoi_y,aoi_width,aoi_height,token,length,srcML
2,55,rectangle_java2.jpg,rectangle_java2.jpg,1897418435,68,741.9470588235295,226.4688235294118,715.5,222,90,21,Rectangle,9,class->name
2,55,rectangle_java2.jpg,rectangle_java2.jpg,1897962400,112,697.74,214.23892857142857,657.5,222,52,21,class,5,class
2,55,rectangle_java2.jpg,rectangle_java2.jpg,1898146417,152,764.3426315789474,215.20605263157893,715.5,222,90,21,Rectangle,9,class->name
2,55,rectangle_java2.jpg,rectangle_java2.jpg,1898226413,76,768.5468421052632,216.11578947368423,715.5,222,90,21,Rectangle,9,class->name
2,55,rectangle_java2.jpg,rectangle_java2.jpg,1898474478,244,772.8373770491803,222.0355737704918,715.5,222,90,21,Rectangle,9,class->name
2,55,rectangle_java2.jpg,rectangle_java2.jpg,1898714426,200,821.9948,242.2448,813.5,222,10,21,{,1,class->block
2,55,rectangle_java2.jpg,rectangle_java2.jpg,1898902396,60,812.4726666666667,228.70066666666668,813.5,222,10,21,{,1,class->block
2,55,rectangle_java2.jpg,rectangle_java2.jpg,1899030369,124,810.148064516129,230.0132258064516,813.5,222,10,21,{,1,class->block
2,55,rectangle_java2.jpg,rectangle_java2.jpg,1899330163,264,775.729696969697,234.95439393939398,715.5,222,90,21,Rectangle,9,class->name
2,55,rectangle_java2.jpg,rectangle_java2.jpg,1899526254,144,786.5208333333334,219.62333333333333,715.5,222,90,21,Rectangle,9,class->name
2,55,rectangle_java2.jpg,rectangle_java2.jpg,1899702215,128,759.690625,218.6921875,715.5,222,90,21,Rectangle,9,class->name
2,55,rectangle_java2.jpg,rectangle_java2.jpg,1899806244,92,758.7965217391304,221.45695652173913,715.5,222,90,21,Rectangle,9,class->name
2,55,rectangle_java2.jpg,rectangle_java2.jpg,1899866261,56,767.1842857142857,224.02714285714285,715.5,222,90,21,Rectangle,9,class->name
2,55,rectangle_java2.jpg,rectangle_java2.jpg,1899986263,64,793.200625,218.02687500000002,715.5,222,90,21,Rectangle,9,class->name
2,55,rectangle_java2.jpg,rectangle_java2.jpg,1900118249,128,795.9275,214.98874999999998,715.5,222,90,21,Rectangle,9,class->name
2,55,rectangle_java2.jpg,rectangle_java2.jpg,1900218258,80,787.3605,210.11199999999997,715.5,222,90,21,Rectangle,9,class->name
2,55,rectangle_java2.jpg,rectangle_java2.jpg,1900942281,196,798.1234693877551,210.14877551020408,715.5,222,90,21,Rectangle,9,class->name
2,55,rectangle_java2.jpg,rectangle_java2.jpg,1901366096,140,807.5131428571428,242.8774285714286,813.5,222,10,21,{,1,class->block
2,55,rectangle_java2.jpg,rectangle_java2.jpg,1901790194,408,726.2182352941177,233.5535294117647,715.5,222,90,21,Rectangle,9,class->name
2,55,rectangle_java2.jpg,rectangle_java2.jpg,1901958132,56,810.6685714285715,250.05357142857144,815.5,259,10,21,",",1,class->block->decl_stmt
2,55,rectangle_java2.jpg,rectangle_java2.jpg,1902054129,84,805.4938095238095,250.42523809523811,785.5,259,23,21,x1,2,class->block->decl_stmt->decl->name
2,55,rectangle_java2.jpg,rectangle_java2.jpg,1902054129,84,805.4938095238095,250.42523809523811,815.5,259,10,21,",",1,class->block->decl_stmt
2,55,rectangle_java2.jpg,rectangle_java2.jpg,1902366160,60,872.208,246.856,863.5,259,10,21,",",1,class->block->decl_stmt
2,55,rectangle_java2.jpg,rectangle_java2.jpg,1902366160,60,872.208,246.856,881.5,259,23,21,x2,2,class->block->decl_stmt->decl->name
2,55,rectangle_java2.jpg,rectangle_java2.jpg,1902486159,96,859.2591666666667,250.35875,863.5,259,10,21,",",1,class->block->decl_stmt
2,55,rectangle_java2.jpg,rectangle_java2.jpg,1902718130,228,893.0729824561404,257.22,881.5,259,23,21,x2,2,class->block->decl_stmt->decl->name
2,55,rectangle_java2.jpg,rectangle_java2.jpg,1902862097,140,844.6714285714286,252.61485714285715,833.5,259,23,21,y1,2,class->block->decl_stmt->decl->name
2,55,rectangle_java2.jpg,rectangle_java2.jpg,1903009915,144,842.9447222222223,251.54222222222222,833.5,259,23,21,y1,2,class->block->decl_stmt->decl->name
2,55,rectangle_java2.jpg,rectangle_java2.jpg,1903245928,232,814.2805172413794,247.7915517241379,815.5,259,10,21,",",1,class->block->decl_stmt
2,55,rectangle_java2.jpg,rectangle_java2.jpg,1903438004,160,932.473,247.00099999999998,929.5,259,23,21,y2,2,class->block->decl_stmt->decl->name
2,55,rectangle_java2.jpg,rectangle_java2.jpg,1903854053,412,910.7940776699029,247.06582524271846,911.5,259,10,21,",",1,class->block->decl_stmt
2,55,rectangle_java2.jpg,rectangle_java2.jpg,1904046025,144,803.5683333333334,259.2836111111111,785.5,259,23,21,x1,2,class->block->decl_stmt->decl->name
2,55,rectangle_java2.jpg,rectangle_java2.jpg,1904046025,144,803.5683333333334,259.2836111111111,815.5,259,10,21,",",1,class->block->decl_stmt
2,55,rectangle_java2.jpg,rectangle_java2.jpg,1904278001,204,734.015294117647,246.91509803921565,669.5,259,72,21,private,7,class->block->decl_stmt->decl->type->specifier
2,55,rectangle_java2.jpg,rectangle_java2.jpg,1904434016,88,752.5936363636364,220.59909090909093,715.5,222,90,21,Rectangle,9,class->name
2,55,rectangle_java2.jpg,rectangle_java2.jpg,1904514023,76,752.3531578947368,222.63894736842104,715.5,222,90,21,Rectangle,9,class->name
2,55,rectangle_java2.jpg,rectangle_java2.jpg,1904610004,92,705.9,217.05173913043478,657.5,222,52,21,class,5,class
2,55,rectangle_java2.jpg,rectangle_java2.jpg,1904610004,92,705.9,217.05173913043478,715.5,222,90,21,Rectangle,9,class->name
2,55,rectangle_java2.jpg,rectangle_java2.jpg,1904753982,140,699.068,217.1337142857143,657.5,222,52,21,class,5,class
2,55,rectangle_java2.jpg,rectangle_java2.jpg,1904985892,192,742.4966666666667,212.22958333333332,715.5,222,90,21,Rectangle,9,class->name
2,55,rectangle_java2.jpg,rectangle_java2.jpg,1905193885,80,719.657,241.5355,715.5,222,90,21,Rectangle,9,class->name
2,55,rectangle_java2.jpg,rectangle_java2.jpg,1905457937,88,776.9513636363637,215.73045454545456,715.5,222,90,21,Rectangle,9,class->name
2,55,rectangle_java2.jpg,rectangle_java2.jpg,1905609941,148,781.3751351351351,229.377027027027,715.5,222,90,21,Rectangle,9,class->name
2,55,rectangle_java2.jpg,rectangle_java2.jpg,1905701927,88,786.4654545454546,242.26045454545454,715.5,222,90,21,Rectangle,9,class->name
2,55,rectangle_java2.jpg,rectangle_java2.jpg,1905777917,72,784.4461111111111,247.7116666666667,785.5,259,23,21,x1,2,class->block->decl_stmt->decl->name
2,55,rectangle_java2.jpg,rectangle_java2.jpg,1906053924,144,741.1219444444445,253.26722222222224,669.5,259,72,21,private,7,class->block->decl_stmt->decl->type->specifier
2,55,rectangle_java2.jpg,rectangle_java2.jpg,1906053924,144,741.1219444444445,253.26722222222224,747.5,259,33,21,int,3,class->block->decl_stmt->decl->type->name
2,55,rectangle_java2.jpg,rectangle_java2.jpg,1906241872,184,741.3347826086956,273.00152173913045,669.5,259,72,21,private,7,class->block->decl_stmt->decl->type->specifier
2,55,rectangle_java2.jpg,rectangle_java2.jpg,1906241872,184,741.3347826086956,273.00152173913045,747.5,259,33,21,int,3,class->block->decl_stmt->decl->type->name
2,55,rectangle_java2.jpg,rectangle_java2.jpg,1906393847,148,774.8843243243243,278.27837837837836,747.5,259,33,21,int,3,class->block->decl_stmt->decl->type->name
2,55,rectangle_java2.jpg,rectangle_java2.jpg,1906393847,148,774.8843243243243,278.27837837837836,785.5,259,23,21,x1,2,class->block->decl_stmt->decl->name
2,55,rectangle_java2.jpg,rectangle_java2.jpg,1906593894,196,725.8387755102041,282.66408163265305,669.5,295,63,21,public,6,class->block->constructor->specifier
2,55,rectangle_java2.jpg,rectangle_java2.jpg,1906593894,196,725.8387755102041,282.66408163265305,737.5,295,91,21,Rectangle,9,class->block->constructor->name
2,55,rectangle_java2.jpg,rectangle_java2.jpg,1906741800,144,724.8408333333333,278.3933333333333,669.5,259,72,21,private,7,class->block->decl_stmt->decl->type->specifier
2,55,rectangle_java2.jpg,rectangle_java2.jpg,1906949597,204,797.4556862745098,269.3164705882353,785.5,259,23,21,x1,2,class->block->decl_stmt->decl->name
2,55,rectangle_java2.jpg,rectangle_java2.jpg,1907277714,324,797.3049382716049,273.1130864197531,785.5,259,23,21,x1,2,class->block->decl_stmt->decl->name
2,55,rectangle_java2.jpg,rectangle_java2.jpg,1907377726,68,727.9529411764706,277.3623529411765,669.5,259,72,21,private,7,class->block->decl_stmt->decl->type->specifier
2,55,rectangle_java2.jpg,rectangle_java2.jpg,1907893801,208,815.4175,269.9546153846154,815.5,259,10,21,",",1,class->block->decl_stmt
2,55,rectangle_java2.jpg,rectangle_java2.jpg,1908345751,380,895.5891578947369,294.85884210526314,890.5,295,24,21,x1,2,class->block->constructor->parameter_list->parameter->decl->type->name
2,55,rectangle_java2.jpg,rectangle_java2.jpg,1908453752,104,943.7303846153847,293.8696153846154,939.5,295,33,21,int,3,class->block->constructor->parameter_list->parameter->decl->type->name
2,55,rectangle_java2.jpg,rectangle_java2.jpg,1908565745,108,947.465925925926,291.57037037037037,939.5,295,33,21,int,3,class->block->constructor->parameter_list->parameter->decl->type->name
2,55,rectangle_java2.jpg,rectangle_java2.jpg,1908793744,204,998.8072549019607,285.64450980392155,977.5,295,23,21,y1,2,class->block->constructor->parameter_list->parameter->decl->type->name
2,55,rectangle_java2.jpg,rectangle_java2.jpg,1908793744,204,998.8072549019607,285.64450980392155,1007.5,295,10,21,",",1,class->block->constructor->parameter_list
2,55,rectangle_java2.jpg,rectangle_java2.jpg,1908885688,88,1001.0613636363637,284.58181818181816,1007.5,295,10,21,",",1,class->block->constructor->parameter_list
2,55,rectangle_java2.jpg,rectangle_java2.jpg,1909109613,220,982.8972727272727,285.4821818181818,977.5,295,23,21,y1,2,class->block->constructor->parameter_list->parameter->decl->type->name
2,55,rectangle_java2.jpg,rectangle_java2.jpg,1909341618,196,938.1763265306122,288.0130612244898,939.5,295,33,21,int,3,class->block->constructor->parameter_list->parameter->decl->type->name
2,55,rectangle_java2.jpg,rectangle_java2.jpg,1909553631,208,909.1098076923076,291.48365384615386,890.5,295,24,21,x1,2,class->block->constructor->parameter_list->parameter->decl->type->name
2,55,rectangle_java2.jpg,rectangle_java2.jpg,1909553631,208,909.1098076923076,291.48365384615386,921.5,295,9,21,",",1,class->block->constructor->parameter_list
2,55,rectangle_java2.jpg,rectangle_java2.jpg,1909853654,256,869.81640625,284.15828125,853.5,295,32,21,int,3,class->block->constructor->parameter_list->parameter->decl->type->name
2,55,rectangle_java2.jpg,rectangle_java2.jpg,1911213496,148,929.4459459459459,283.0856756756757,921.5,295,9,21,",",1,class->block->constructor->parameter_list
2,55,rectangle_java2.jpg,rectangle_java2.jpg,1911213496,148,929.4459459459459,283.0856756756757,939.5,295,33,21,int,3,class->block->constructor->parameter_list->parameter->decl->type->name
2,55,rectangle_java2.jpg,rectangle_java2.jpg,1911301497,76,802.4873684210527,276.2105263157895,785.5,259,23,21,x1,2,class->block->decl_stmt->decl->name
2,55,rectangle_java2.jpg,rectangle_java2.jpg,1911401489,96,794.44125,273.41791666666666,785.5,259,23,21,x1,2,class->block->decl_stmt->decl->name
2,55,rectangle_java2.jpg,rectangle_java2.jpg,1911597504,192,743.713125,277.72625,747.5,259,33,21,int,3,class->block->decl_stmt->decl->type->name
2,55,rectangle_java2.jpg,rectangle_java2.jpg,1911801476,200,709.8764,275.7564,669.5,259,72,21,private,7,class->block->decl_stmt->decl->type->specifier
2,55,rectangle_java2.jpg,rectangle_java2.jpg,1911965485,140,731.7322857142857,232.79828571428573,715.5,222,90,21,Rectangle,9,class->name
2,55,rectangle_java2.jpg,rectangle_java2.jpg,1912197529,204,688.6052941176471,215.01509803921567,657.5,222,52,21,class,5,class
2,55,rectangle_java2.jpg,rectangle_java2.jpg,1912477489,264,761.0706060606061,210.0130303030303,715.5,222,90,21,Rectangle,9,class->name
2,55,rectangle_java2.jpg,rectangle_java2.jpg,1912757386,248,719.6495161290322,241.966935483871,715.5,222,90,21,Rectangle,9,class->name
2,55,rectangle_java2.jpg,rectangle_java2.jpg,1912985405,192,689.603125,221.53562499999998,657.5,222,52,21,class,5,class
2,55,rectangle_java2.jpg,rectangle_java2.jpg,1913129375,140,661.6268571428571,213.74914285714283,657.5,222,52,21,class,5,class
2,55,rectangle_java2.jpg,rectangle_java2.jpg,1913401334,116,753.8686206896551,209.84482758620686,715.5,222,90,21,Rectangle,9,class->name
2,55,rectangle_java2.jpg,rectangle_java2.jpg,1913625368,192,780.1304166666666,258.11875,747.5,259,33,21,int,3,class->block->decl_stmt->decl->type->name
2,55,rectangle_java2.jpg,rectangle_java2.jpg,1913625368,192,780.1304166666666,258.11875,785.5,259,23,21,x1,2,class->block->decl_stmt->decl->name
2,55,rectangle_java2.jpg,rectangle_java2.jpg,1913857407,228,790.6447368421053,276.559649122807,785.5,259,23,21,x1,2,class->block->decl_stmt->decl->name
2,55,rectangle_java2.jpg,rectangle_java2.jpg,1914293370,300,872.9466666666667,294.47266666666667,853.5,295,32,21,int,3,class->block->constructor->parameter_list->parameter->decl->type->name
2,55,rectangle_java2.jpg,rectangle_java2.jpg,1914509369,200,793.7082,304.1082,737.5,295,91,21,Rectangle,9,class->block->constructor->name
2,55,rectangle_java2.jpg,rectangle_java2.jpg,1914605305,92,776.6930434782608,304.81695652173914,737.5,295,91,21,Rectangle,9,class->block->constructor->name
2,55,rectangle_java2.jpg,rectangle_java2.jpg,1914673222,64,780.786875,310.520625,737.5,295,91,21,Rectangle,9,class->block->constructor->name
2,55,rectangle_java2.jpg,rectangle_java2.jpg,1914845096,168,820.9926190476191,306.6907142857143,737.5,295,91,21,Rectangle,9,class->block->constructor->name
2,55,rectangle_java2.jpg,rectangle_java2.jpg,1915029164,180,821.4384444444445,310.534,737.5,295,91,21,Rectangle,9,class->block->constructor->name
2,55,rectangle_java2.jpg,rectangle_java2.jpg,1915257228,224,793.7898214285715,308.4007142857143,737.5,295,91,21,Rectangle,9,class->block->constructor->name
2,55,rectangle_java2.jpg,rectangle_java2.jpg,1915357252,72,772.5683333333334,345.4766666666667,730.5,331,71,19,this.x1,7,class->block->constructor->block->block_content->expr_stmt->expr->name->name->operator->name
2,55,rectangle_java2.jpg,rectangle_java2.jpg,1915565404,204,771.7633333333333,348.9872549019608,730.5,331,71,19,this.x1,7,class->block->constructor->block->block_content->expr_stmt->expr->name->name->operator->name
2,55,rectangle_java2.jpg,rectangle_java2.jpg,1915809242,192,780.9264583333334,391.8041666666667,730.5,404,71,19,this.x2,7,class->block->constructor->block->block_content->expr_stmt->expr->name->name->operator->name
2,55,rectangle_java2.jpg,rectangle_java2.jpg,1916057182,244,797.9332786885246,408.8886885245902,730.5,404,71,19,this.x2,7,class->block->constructor->block->block_content->expr_stmt->expr->name->name->operator->name
2,55,rectangle_java2.jpg,rectangle_java2.jpg,1916057182,244,797.9332786885246,408.8886885245902,806.5,404,15,19,=,1,class->block->constructor->block->block_content->expr_stmt->expr->operator
2,55,rectangle_java2.jpg,rectangle_java2.jpg,1916417178,356,770.4488764044944,409.9483146067416,730.5,404,71,19,this.x2,7,class->block->constructor->block->block_content->expr_stmt->expr->name->name->operator->name
2,55,rectangle_java2.jpg,rectangle_java2.jpg,1926892456,72,952.9694444444444,517.7688888888889,891.5,512,62,21,return,6,class->block->function->block->block_content->return->expr->name->name
2,55,rectangle_java2.jpg,rectangle_java2.jpg,1926892456,72,952.9694444444444,517.7688888888889,958.5,512,71,21,this.x2,7,class->block->function->block->block_content->return->expr->name->name->operator->name->operator
2,55,rectangle_java2.jpg,rectangle_java2.jpg,1927036467,140,957.9471428571428,530.1557142857143,958.5,512,71,21,this.x2,7,class->block->function->block->block_content->return->expr->name->name->operator->name->operator
2,55,rectangle_java2.jpg,rectangle_java2.jpg,1927136495,96,1014.2425000000001,526.0008333333334,958.5,512,71,21,this.x2,7,class->block->function->block->block_content->return->expr->name->name->operator->name->operator
2,55,rectangle_java2.jpg,rectangle_java2.jpg,1927280460,140,1015.7445714285715,519.922,958.5,512,71,21,this.x2,7,class->block->function->block->block_content->return->expr->name->name->operator->name->operator
2,55,rectangle_java2.jpg,rectangle_java2.jpg,1927468419,184,995.6632608695652,514.0265217391304,958.5,512,71,21,this.x2,7,class->block->function->block->block_content->return->expr->name->name->operator->name->operator
2,55,rectangle_java2.jpg,rectangle_java2.jpg,1927676463,144,887.84,299.99361111111114,890.5,295,24,21,x1,2,class->block->constructor->parameter_list->parameter->decl->type->name
2,55,rectangle_java2.jpg,rectangle_java2.jpg,1927864448,160,833.086,294.9685,837.5,295,9,21,(,1,class->block->constructor->parameter_list
2,55,rectangle_java2.jpg,rectangle_java2.jpg,1927960459,64,791.52125,268.885625,785.5,259,23,21,x1,2,class->block->decl_stmt->decl->name
2,55,rectangle_java2.jpg,rectangle_java2.jpg,1928200472,140,772.7211428571428,291.37514285714286,737.5,295,91,21,Rectangle,9,class->block->constructor->name
2,55,rectangle_java2.jpg,rectangle_java2.jpg,1928336361,124,753.3312903225807,279.0006451612903,747.5,259,33,21,int,3,class->block->decl_stmt->decl->type->name
2,55,rectangle_java2.jpg,rectangle_java2.jpg,1928588288,180,928.9482222222222,276.03711111111113,929.5,259,23,21,y2,2,class->block->decl_stmt->decl->name
2,55,rectangle_java2.jpg,rectangle_java2.jpg,1928668295,76,925.3784210526316,278.281052631579,929.5,259,23,21,y2,2,class->block->decl_stmt->decl->name
2,55,rectangle_java2.jpg,rectangle_java2.jpg,1928860318,188,902.5265957446809,277.9821276595745,881.5,259,23,21,x2,2,class->block->decl_stmt->decl->name
2,55,rectangle_java2.jpg,rectangle_java2.jpg,1928860318,188,902.5265957446809,277.9821276595745,911.5,259,10,21,",",1,class->block->decl_stmt
2,55,rectangle_java2.jpg,rectangle_java2.jpg,1929124341,252,775.0177777777777,283.67650793650796,737.5,295,91,21,Rectangle,9,class->block->constructor->name
2,55,rectangle_java2.jpg,rectangle_java2.jpg,1929324332,88,728.5968181818182,291.50363636363636,669.5,295,63,21,public,6,class->block->constructor->specifier
2,55,rectangle_java2.jpg,rectangle_java2.jpg,1929324332,88,728.5968181818182,291.50363636363636,737.5,295,91,21,Rectangle,9,class->block->constructor->name
2,55,rectangle_java2.jpg,rectangle_java2.jpg,1929552310,168,691.630238095238,234.78357142857146,657.5,222,52,21,class,5,class
2,55,rectangle_java2.jpg,rectangle_java2.jpg,1929744339,136,841.0985294117647,275.6673529411765,833.5,259,23,21,y1,2,class->block->decl_stmt->decl->name
2,55,rectangle_java2.jpg,rectangle_java2.jpg,1929960326,204,922.0954901960785,274.55117647058825,929.5,259,23,21,y2,2,class->block->decl_stmt->decl->name
2,55,rectangle_java2.jpg,rectangle_java2.jpg,1930676172,292,909.0739726027397,275.5242465753425,911.5,259,10,21,",",1,class->block->decl_stmt
2,55,rectangle_java2.jpg,rectangle_java2.jpg,1930880181,200,882.984,276.1224,881.5,259,23,21,x2,2,class->block->decl_stmt->decl->name
2,55,rectangle_java2.jpg,rectangle_java2.jpg,1931180208,288,974.8847222222222,282.9797222222222,977.5,295,23,21,y1,2,class->block->constructor->parameter_list->parameter->decl->type->name
2,55,rectangle_java2.jpg,rectangle_java2.jpg,1931248209,64,949.536875,283.87375,939.5,295,33,21,int,3,class->block->constructor->parameter_list->parameter->decl->type->name
2,55,rectangle_java2.jpg,rectangle_java2.jpg,1931364188,112,943.45,283.19392857142856,939.5,295,33,21,int,3,class->block->constructor->parameter_list->parameter->decl->type->name
2,55,rectangle_java2.jpg,rectangle_java2.jpg,1931484172,116,914.438275862069,275.00172413793103,911.5,259,10,21,",",1,class->block->decl_stmt
2,55,rectangle_java2.jpg,rectangle_java2.jpg,1932064179,184,859.3706521739131,249.97521739130434,863.5,259,10,21,",",1,class->block->decl_stmt
2,55,rectangle_java2.jpg,rectangle_java2.jpg,1932544069,404,896.3927722772278,246.60118811881188,881.5,259,23,21,x2,2,class->block->decl_stmt->decl->name
2,55,rectangle_java2.jpg,rectangle_java2.jpg,1933048082,272,807.6291176470588,248.06441176470588,785.5,259,23,21,x1,2,class->block->decl_stmt->decl->name
2,55,rectangle_java2.jpg,rectangle_java2.jpg,1933048082,272,807.6291176470588,248.06441176470588,815.5,259,10,21,",",1,class->block->decl_stmt
2,55,rectangle_java2.jpg,rectangle_java2.jpg,1934143786,284,814.7030985915493,247.89492957746478,815.5,259,10,21,",",1,class->block->decl_stmt
2,55,rectangle_java2.jpg,rectangle_java2.jpg,1934275836,116,733.6562068965517,239.0610344827586,715.5,222,90,21,Rectangle,9,class->name
2,55,rectangle_java2.jpg,rectangle_java2.jpg,1934395919,116,732.1279310344828,239.6810344827586,715.5,222,90,21,Rectangle,9,class->name
2,55,rectangle_java2.jpg,rectangle_java2.jpg,1934840026,100,894.1932,282.672,890.5,295,24,21,x1,2,class->block->constructor->parameter_list->parameter->decl->type->name
2,55,rectangle_java2.jpg,rectangle_java2.jpg,1935032026,84,957.494761904762,503.9200000000001,958.5,512,71,21,this.x2,7,class->block->function->block->block_content->return->expr->name->name->operator->name->operator
2,55,rectangle_java2.jpg,rectangle_java2.jpg,1935115958,80,956.5264999999999,517.1545,958.5,512,71,21,this.x2,7,class->block->function->block->block_content->return->expr->name->name->operator->name->operator
2,55,rectangle_java2.jpg,rectangle_java2.jpg,1937227897,60,1113.9046666666666,514.2526666666666,1054.5,512,71,21,this.x1,7,class->block->function->block->block_content->return->expr->name->name->operator->name
2,55,rectangle_java2.jpg,rectangle_java2.jpg,1937544199,144,1083.471388888889,502.0002777777778,1054.5,512,71,21,this.x1,7,class->block->function->block->block_content->return->expr->name->name->operator->name
2,55,rectangle_java2.jpg,rectangle_java2.jpg,1937612023,56,949.89,509.8471428571429,891.5,512,62,21,return,6,class->block->function->block->block_content->return->expr->name->name
2,55,rectangle_java2.jpg,rectangle_java2.jpg,1937612023,56,949.89,509.8471428571429,958.5,512,71,21,this.x2,7,class->block->function->block->block_content->return->expr->name->name->operator->name->operator
2,55,rectangle_java2.jpg,rectangle_java2.jpg,1937715767,100,941.8976,522.7052,891.5,512,62,21,return,6,class->block->function->block->block_content->return->expr->name->name
2,55,rectangle_java2.jpg,rectangle_java2.jpg,1937903932,144,943.0038888888889,532.5466666666666,891.5,512,62,21,return,6,class->block->function->block->block_content->return->expr->name->name
2,55,rectangle_java2.jpg,rectangle_java2.jpg,1938819698,188,761.7029787234043,524.1482978723404,737.5,512,33,21,int,3,class->block->function->type->name
2,55,rectangle_java2.jpg,rectangle_java2.jpg,1938991697,104,1047.8588461538461,550.0838461538461,1045.5,549,13,21,-,1,class->block->function->block->block_content->return->expr->operator
2,55,rectangle_java2.jpg,rectangle_java2.jpg,1939139690,92,1058.2260869565218,521.83,1054.5,512,71,21,this.x1,7,class->block->function->block->block_content->return->expr->name->name->operator->name
2,55,rectangle_java2.jpg,rectangle_java2.jpg,1939363643,144,1025.435,517.8855555555556,958.5,512,71,21,this.x2,7,class->block->function->block->block_content->return->expr->name->name->operator->name->operator
2,55,rectangle_java2.jpg,rectangle_java2.jpg,1939363643,144,1025.435,517.8855555555556,1035.5,512,13,21,-,1,class->block->function->block->block_content->return->expr->name->name
2,55,rectangle_java2.jpg,rectangle_java2.jpg,1939891612,184,741.2997826086956,552.6469565217392,737.5,549,33,21,int,3,class->block->function->type->name
2,55,rectangle_java2.jpg,rectangle_java2.jpg,1940307551,372,792.5352688172043,546.3383870967742,775.5,549,62,21,height,6,class->block->function->name
2,55,rectangle_java2.jpg,rectangle_java2.jpg,1940511541,164,843.7739024390244,530.6787804878048,837.5,512,9,21,(,1,class->block->function->parameter_list
2,55,rectangle_java2.jpg,rectangle_java2.jpg,1940511541,164,843.7739024390244,530.6787804878048,854.5,512,9,21,),1,class->block->function->parameter_list
2,55,rectangle_java2.jpg,rectangle_java2.jpg,1940739624,164,946.1263414634146,551.2365853658537,900.5,549,63,21,return,6,class->block->function->block->block_content->return
2,55,rectangle_java2.jpg,rectangle_java2.jpg,1940979518,236,938.0133898305085,565.6362711864407,900.5,549,63,21,return,6,class->block->function->block->block_content->return
2,55,rectangle_java2.jpg,rectangle_java2.jpg,1941055532,64,1017.4925,547.654375,968.5,549,70,21,this.y2,7,class->block->function->block->block_content->return->expr->name->name->operator->name
2,55,rectangle_java2.jpg,rectangle_java2.jpg,1941239535,180,1024.8546666666666,547.8217777777778,968.5,549,70,21,this.y2,7,class->block->function->block->block_content->return->expr->name->name->operator->name
2,55,rectangle_java2.jpg,rectangle_java2.jpg,1941323523,60,847.1793333333334,546.0793333333334,846.5,549,10,21,(,1,class->block->function->parameter_list
2,55,rectangle_java2.jpg,rectangle_java2.jpg,1941667541,340,837.3345882352941,536.8663529411765,775.5,549,62,21,height,6,class->block->function->name
2,55,rectangle_java2.jpg,rectangle_java2.jpg,1941667541,340,837.3345882352941,536.8663529411765,846.5,549,10,21,(,1,class->block->function->parameter_list
2,55,rectangle_java2.jpg,rectangle_java2.jpg,1941859399,188,808.5678723404255,526.7104255319149,775.5,512,53,21,width,5,class->block->function->name
2,55,rectangle_java2.jpg,rectangle_java2.jpg,1942211367,196,744.4981632653062,540.2051020408163,737.5,549,33,21,int,3,class->block->function->type->name
2,55,rectangle_java2.jpg,rectangle_java2.jpg,1942287411,72,782.4938888888889,545.3927777777778,775.5,549,62,21,height,6,class->block->function->name
2,55,rectangle_java2.jpg,rectangle_java2.jpg,1942431414,140,788.5325714285714,541.9882857142857,775.5,549,62,21,height,6,class->block->function->name
2,55,rectangle_java2.jpg,rectangle_java2.jpg,1942671348,236,843.1837288135594,542.4174576271187,846.5,549,10,21,(,1,class->block->function->parameter_list
2,55,rectangle_java2.jpg,rectangle_java2.jpg,1942827369,152,852.1418421052631,546.6065789473685,846.5,549,10,21,(,1,class->block->function->parameter_list
2,55,rectangle_java2.jpg,rectangle_java2.jpg,1942827369,152,852.1418421052631,546.6065789473685,863.5,549,9,21,),1,class->block->function->parameter_list
2,55,rectangle_java2.jpg,rectangle_java2.jpg,1943027386,196,848.0473469387755,542.5361224489795,846.5,549,10,21,(,1,class->block->function->parameter_list
2,55,rectangle_java2.jpg,rectangle_java2.jpg,1943227382,80,889.7205,582.7355,893.5,585,10,21,{,1,class->block->function->block
2,55,rectangle_java2.jpg,rectangle_java2.jpg,1943343443,84,956.4209523809524,557.8066666666667,900.5,549,63,21,return,6,class->block->function->block->block_content->return
2,55,rectangle_java2.jpg,rectangle_java2.jpg,1943343443,84,956.4209523809524,557.8066666666667,968.5,549,70,21,this.y2,7,class->block->function->block->block_content->return->expr->name->name->operator->name
2,55,rectangle_java2.jpg,rectangle_java2.jpg,1943471436,124,956.1161290322581,549.178064516129,900.5,549,63,21,return,6,class->block->function->block->block_content->return
2,55,rectangle_java2.jpg,rectangle_java2.jpg,1943471436,124,956.1161290322581,549.178064516129,968.5,549,70,21,this.y2,7,class->block->function->block->block_content->return->expr->name->name->operator->name
2,55,rectangle_java2.jpg,rectangle_java2.jpg,1943539423,64,1020.3618749999999,547.35375,968.5,549,70,21,this.y2,7,class->block->function->block->block_content->return->expr->name->name->operator->name
2,55,rectangle_java2.jpg,rectangle_java2.jpg,1944123278,580,1023.3246206896551,545.4092413793103,968.5,549,70,21,this.y2,7,class->block->function->block->block_content->return->expr->name->name->operator->name
2,55,rectangle_java2.jpg,rectangle_java2.jpg,1944379258,252,1014.3285714285714,549.0407936507936,968.5,549,70,21,this.y2,7,class->block->function->block->block_content->return->expr->name->name->operator->name
2,55,rectangle_java2.jpg,rectangle_java2.jpg,1944655283,256,1059.81046875,548.59703125,1064.5,549,71,21,this.y1,7,class->block->function->block->block_content->return->expr->name->name->operator->name
2,55,rectangle_java2.jpg,rectangle_java2.jpg,1945067278,408,1044.1286274509803,557.2916666666666,1045.5,549,13,21,-,1,class->block->function->block->block_content->return->expr->operator
2,55,rectangle_java2.jpg,rectangle_java2.jpg,1945367305,256,1133.42796875,558.70328125,1064.5,549,71,21,this.y1,7,class->block->function->block->block_content->return->expr->name->name->operator->name
2,55,rectangle_java2.jpg,rectangle_java2.jpg,1945367305,256,1133.42796875,558.70328125,1142.5,549,10,21,;,1,class->block->function->block->block_content->return
2,55,rectangle_java2.jpg,rectangle_java2.jpg,1946575156,248,1170.3703225806453,565.8422580645162,1161.5,549,10,21,},1,class->block->function->block
2,55,rectangle_java2.jpg,rectangle_java2.jpg,1947035126,156,1052.8202564102564,555.118717948718,1045.5,549,13,21,-,1,class->block->function->block->block_content->return->expr->operator
2,55,rectangle_java2.jpg,rectangle_java2.jpg,1947035126,156,1052.8202564102564,555.118717948718,1064.5,549,71,21,this.y1,7,class->block->function->block->block_content->return->expr->name->name->operator->name
2,55,rectangle_java2.jpg,rectangle_java2.jpg,1947155153,116,1050.354827586207,556.7644827586207,1045.5,549,13,21,-,1,class->block->function->block->block_content->return->expr->operator
2,55,rectangle_java2.jpg,rectangle_java2.jpg,1947379203,220,1004.1303636363637,555.8472727272728,968.5,549,70,21,this.y2,7,class->block->function->block->block_content->return->expr->name->name->operator->name
2,55,rectangle_java2.jpg,rectangle_java2.jpg,1947555092,112,934.5057142857142,551.6378571428571,900.5,549,63,21,return,6,class->block->function->block->block_content->return
2,55,rectangle_java2.jpg,rectangle_java2.jpg,1947750917,144,820.6102777777778,379.4825,806.5,367,15,21,=,1,class->block->constructor->block->block_content->expr_stmt->expr->operator
2,55,rectangle_java2.jpg,rectangle_java2.jpg,1947750917,144,820.6102777777778,379.4825,826.5,367,23,21,y1,2,class->block->constructor->block->block_content->expr_stmt->expr->name->name
2,55,rectangle_java2.jpg,rectangle_java2.jpg,1948078980,284,792.6350704225353,265.9429577464789,785.5,259,23,21,x1,2,class->block->decl_stmt->decl->name
2,55,rectangle_java2.jpg,rectangle_java2.jpg,1948271011,180,781.4993333333333,259.7202222222222,785.5,259,23,21,x1,2,class->block->decl_stmt->decl->name
2,55,rectangle_java2.jpg,rectangle_java2.jpg,1949543036,88,908.9659090909091,520.8963636363636,891.5,512,62,21,return,6,class->block->function->block->block_content->return->expr->name->name
2,55,rectangle_java2.jpg,rectangle_java2.jpg,1949842913,196,1139.9385714285713,592.1330612244898,1140.5,585,110,21,this.height,11,class->block->function->block->block_content->return->expr->call->name->name->operator->name
2,55,rectangle_java2.jpg,rectangle_java2.jpg,1949970912,84,1164.847142857143,581.3714285714285,1140.5,585,110,21,this.height,11,class->block->function->block->block_content->return->expr->call->name->name->operator->name
2,55,rectangle_java2.jpg,rectangle_java2.jpg,1950030888,56,1156.5007142857144,563.6092857142858,1161.5,549,10,21,},1,class->block->function->block
2,55,rectangle_java2.jpg,rectangle_java2.jpg,1950354833,56,1234.932142857143,593.3121428571428,1140.5,585,110,21,this.height,11,class->block->function->block->block_content->return->expr->call->name->name->operator->name
2,55,rectangle_java2.jpg,rectangle_java2.jpg,1950706862,64,1285.0625,573.3774999999999,1276.5,585,9,21,),1,class->block->function->block->block_content->return->expr->call->argument_list
2,55,rectangle_java2.jpg,rectangle_java2.jpg,1950706862,64,1285.0625,573.3774999999999,1295.5,585,10,21,;,1,class->block->function->block->block_content->return
2,55,rectangle_java2.jpg,rectangle_java2.jpg,1951694711,224,1312.38625,574.56875,1315.5,585,10,21,},1,class->block->function->block
2,55,rectangle_java2.jpg,rectangle_java2.jpg,1951778740,60,1069.7306666666666,549.0226666666666,1064.5,549,71,21,this.y1,7,class->block->function->block->block_content->return->expr->name->name->operator->name
2,55,rectangle_java2.jpg,rectangle_java2.jpg,1952030781,248,1064.9574193548387,551.4012903225806,1064.5,549,71,21,this.y1,7,class->block->function->block->block_content->return->expr->name->name->operator->name
2,55,rectangle_java2.jpg,rectangle_java2.jpg,1952506787,236,1065.2318644067798,546.6698305084745,1064.5,549,71,21,this.y1,7,class->block->function->block->block_content->return->expr->name->name->operator->name
2,55,rectangle_java2.jpg,rectangle_java2.jpg,1952746785,188,924.4210638297873,575.8210638297872,910.5,585,62,21,return,6,class->block->function->block->block_content->return
2,55,rectangle_java2.jpg,rectangle_java2.jpg,1952942690,144,766.6086111111111,582.7319444444445,737.5,585,62,21,double,6,class->block->function->type->name
2,55,rectangle_java2.jpg,rectangle_java2.jpg,1953374737,428,732.0127102803739,586.2965420560747,669.5,585,63,21,public,6,class->block->function->type->specifier
2,55,rectangle_java2.jpg,rectangle_java2.jpg,1953374737,428,732.0127102803739,586.2965420560747,737.5,585,62,21,double,6,class->block->function->type->name
2,55,rectangle_java2.jpg,rectangle_java2.jpg,1953558492,152,795.6434210526315,581.715,737.5,585,62,21,double,6,class->block->function->type->name
2,55,rectangle_java2.jpg,rectangle_java2.jpg,1953558492,152,795.6434210526315,581.715,804.5,585,43,21,area,4,class->block->function->name
2,55,rectangle_java2.jpg,rectangle_java2.jpg,1953666491,72,873.0894444444444,569.9911111111111,883.5,549,10,21,{,1,class->block->function->block
2,55,rectangle_java2.jpg,rectangle_java2.jpg,1953930633,192,1244.2304166666668,574.5183333333333,1140.5,585,110,21,this.height,11,class->block->function->block->block_content->return->expr->call->name->name->operator->name
2,55,rectangle_java2.jpg,rectangle_java2.jpg,1954326670,128,1057.4140625,521.9590625,1054.5,512,71,21,this.x1,7,class->block->function->block->block_content->return->expr->name->name->operator->name
2,55,rectangle_java2.jpg,rectangle_java2.jpg,1954670660,56,1032.3464285714285,552.3571428571429,968.5,549,70,21,this.y2,7,class->block->function->block->block_content->return->expr->name->name->operator->name
2,55,rectangle_java2.jpg,rectangle_java2.jpg,1956010398,60,753.782,517.1353333333333,737.5,512,33,21,int,3,class->block->function->type->name
2,55,rectangle_java2.jpg,rectangle_java2.jpg,1956246452,64,696.37,531.010625,669.5,512,63,21,public,6,class->block->function->type->specifier
2,55,rectangle_java2.jpg,rectangle_java2.jpg,1956430464,72,737.6055555555556,573.1544444444445,737.5,585,62,21,double,6,class->block->function->type->name
2,55,rectangle_java2.jpg,rectangle_java2.jpg,1956566457,64,781.505625,568.29,775.5,549,62,21,height,6,class->block->function->name
2,55,rectangle_java2.jpg,rectangle_java2.jpg,1956662476,84,788.7695238095238,574.1257142857143,737.5,585,62,21,double,6,class->block->function->type->name
2,55,rectangle_java2.jpg,rectangle_java2.jpg,1956814496,104,850.6188461538461,554.6076923076923,846.5,549,10,21,(,1,class->block->function->parameter_list
2,55,rectangle_java2.jpg,rectangle_java2.jpg,1956930499,112,851.9253571428571,554.9610714285715,846.5,549,10,21,(,1,class->block->function->parameter_list
2,55,rectangle_java2.jpg,rectangle_java2.jpg,1956930499,112,851.9253571428571,554.9610714285715,863.5,549,9,21,),1,class->block->function->parameter_list
2,55,rectangle_java2.jpg,rectangle_java2.jpg,1957298956,60,738.552,558.1306666666667,737.5,549,33,21,int,3,class->block->function->type->name
2,55,rectangle_java2.jpg,rectangle_java2.jpg,1957403012,100,732.5652,555.3356,737.5,549,33,21,int,3,class->block->function->type->name
2,55,rectangle_java2.jpg,rectangle_java2.jpg,1957506693,100,695.8704,563.1352,669.5,549,63,21,public,6,class->block->function->type->specifier
2,55,rectangle_java2.jpg,rectangle_java2.jpg,1957634459,124,686.8164516129033,555.0864516129033,669.5,549,63,21,public,6,class->block->function->type->specifier
2,55,rectangle_java2.jpg,rectangle_java2.jpg,1957762350,96,728.16875,546.94875,669.5,549,63,21,public,6,class->block->function->type->specifier
2,55,rectangle_java2.jpg,rectangle_java2.jpg,1957762350,96,728.16875,546.94875,737.5,549,33,21,int,3,class->block->function->type->name
2,55,rectangle_java2.jpg,rectangle_java2.jpg,1958606367,64,694.62125,609.248125,669.5,621,63,21,public,6,class->block->function->type->specifier
2,55,rectangle_java2.jpg,rectangle_java2.jpg,1958830387,56,705.895,599.4764285714285,669.5,585,63,21,public,6,class->block->function->type->specifier
2,55,rectangle_java2.jpg,rectangle_java2.jpg,1959458301,84,723.8928571428571,592.2685714285714,669.5,585,63,21,public,6,class->block->function->type->specifier
2,55,rectangle_java2.jpg,rectangle_java2.jpg,1959754189,292,727.6020547945205,602.9853424657534,669.5,585,63,21,public,6,class->block->function->type->specifier
2,55,rectangle_java2.jpg,rectangle_java2.jpg,1959754189,292,727.6020547945205,602.9853424657534,737.5,585,62,21,double,6,class->block->function->type->name
2,55,rectangle_java2.jpg,rectangle_java2.jpg,1959878209,100,782.6392,592.9012,737.5,585,62,21,double,6,class->block->function->type->name
2,55,rectangle_java2.jpg,rectangle_java2.jpg,1960310218,104,816.373076923077,574.8438461538461,804.5,585,43,21,area,4,class->block->function->name
2,55,rectangle_java2.jpg,rectangle_java2.jpg,1960566299,252,794.8690476190476,583.3225396825396,737.5,585,62,21,double,6,class->block->function->type->name
2,55,rectangle_java2.jpg,rectangle_java2.jpg,1960566299,252,794.8690476190476,583.3225396825396,804.5,585,43,21,area,4,class->block->function->name
2,55,rectangle_java2.jpg,rectangle_java2.jpg,1960850301,236,855.3945762711865,585.9693220338983,856.5,585,9,21,(,1,class->block->function->parameter_list
2,55,rectangle_java2.jpg,rectangle_java2.jpg,1960922295,60,934.7153333333333,582.8086666666667,910.5,585,62,21,return,6,class->block->function->block->block_content->return
2,55,rectangle_java2.jpg,rectangle_java2.jpg,1961062244,136,938.5879411764706,576.9167647058823,910.5,585,62,21,return,6,class->block->function->block->block_content->return
2,55,rectangle_java2.jpg,rectangle_java2.jpg,1961246035,148,990.6286486486487,584.9054054054054,977.5,585,101,21,this.width,10,class->block->function->block->block_content->return->expr->call->name->name->operator->name
2,55,rectangle_java2.jpg,rectangle_java2.jpg,1961309943,60,1026.9786666666666,585.6453333333333,977.5,585,101,21,this.width,10,class->block->function->block->block_content->return->expr->call->name->name->operator->name
2,55,rectangle_java2.jpg,rectangle_java2.jpg,1961522081,208,1032.6486538461538,591.6380769230769,977.5,585,101,21,this.width,10,class->block->function->block->block_content->return->expr->call->name->name->operator->name
2,55,rectangle_java2.jpg,rectangle_java2.jpg,1961782080,256,1051.0215625,600.95546875,977.5,585,101,21,this.width,10,class->block->function->block->block_content->return->expr->call->name->name->operator->name
2,55,rectangle_java2.jpg,rectangle_java2.jpg,1961970054,152,880.723947368421,588.9194736842105,873.5,585,9,21,),1,class->block->function->parameter_list
2,55,rectangle_java2.jpg,rectangle_java2.jpg,1962138064,164,823.5182926829268,590.7524390243902,804.5,585,43,21,area,4,class->block->function->name
2,55,rectangle_java2.jpg,rectangle_java2.jpg,1962486166,316,792.9908860759493,592.0564556962025,737.5,585,62,21,double,6,class->block->function->type->name
2,55,rectangle_java2.jpg,rectangle_java2.jpg,1962486166,316,792.9908860759493,592.0564556962025,804.5,585,43,21,area,4,class->block->function->name
2,55,rectangle_java2.jpg,rectangle_java2.jpg,1962558160,68,813.86,584.4217647058823,804.5,585,43,21,area,4,class->block->function->name
2,55,rectangle_java2.jpg,rectangle_java2.jpg,1962682116,120,817.885,583.7086666666667,804.5,585,43,21,area,4,class->block->function->name
2,55,rectangle_java2.jpg,rectangle_java2.jpg,1962974129,288,851.4752777777778,590.6511111111112,856.5,585,9,21,(,1,class->block->function->parameter_list
2,55,rectangle_java2.jpg,rectangle_java2.jpg,1963262132,244,788.26,639.317868852459,738.5,621,61,21,static,6,class->block->function->type->specifier
2,55,rectangle_java2.jpg,rectangle_java2.jpg,1963394078,96,862.1475,631.5695833333333,851.5,621,44,21,main,4,class->block->function->name
2,55,rectangle_java2.jpg,rectangle_java2.jpg,1963605942,208,862.6580769230769,634.6223076923077,851.5,621,44,21,main,4,class->block->function->name
2,55,rectangle_java2.jpg,rectangle_java2.jpg,1963777949,168,894.6638095238095,632.4097619047619,851.5,621,44,21,main,4,class->block->function->name
2,55,rectangle_java2.jpg,rectangle_java2.jpg,1963777949,168,894.6638095238095,632.4097619047619,904.5,621,9,21,(,1,class->block->function->parameter_list
2,55,rectangle_java2.jpg,rectangle_java2.jpg,1964030000,236,956.6316949152542,633.7974576271187,920.5,621,62,21,String,6,class->block->function->parameter_list->parameter->decl->type->name->name
2,55,rectangle_java2.jpg,rectangle_java2.jpg,1964125991,92,963.4586956521739,635.98,920.5,621,62,21,String,6,class->block->function->parameter_list->parameter->decl->type->name->name
2,55,rectangle_java2.jpg,rectangle_java2.jpg,1964381966,220,1090.4789090909092,631.7823636363636,1094.5,621,10,21,{,1,class->block->function->block
2,55,rectangle_java2.jpg,rectangle_java2.jpg,1965297764,156,993.5494871794872,627.861282051282,990.5,621,10,21,[,1,class->block->function->parameter_list->parameter->decl->type->name->index
2,55,rectangle_java2.jpg,rectangle_java2.jpg,1965597852,264,945.7333333333333,634.0569696969696,920.5,621,62,21,String,6,class->block->function->parameter_list->parameter->decl->type->name->name
2,55,rectangle_java2.jpg,rectangle_java2.jpg,1965741874,140,965.4157142857143,623.01,920.5,621,62,21,String,6,class->block->function->parameter_list->parameter->decl->type->name->name
2,55,rectangle_java2.jpg,rectangle_java2.jpg,1965997834,212,878.4907547169811,623.5516981132075,851.5,621,44,21,main,4,class->block->function->name
2,55,rectangle_java2.jpg,rectangle_java2.jpg,1966445844,100,910.0064,662.9988,902.5,658,34,20,new,3,class->block->function->block->block_content->decl_stmt->decl->init->expr->operator
2,55,rectangle_java2.jpg,rectangle_java2.jpg,1966681792,220,802.2,664.0796363636364,730.5,658,91,20,Rectangle,9,class->block->function->block->block_content->decl_stmt->decl->type->name
2,55,rectangle_java2.jpg,rectangle_java2.jpg,1966821691,116,853.5710344827586,660.0806896551724,826.5,658,52,20,rect1,5,class->block->function->block->block_content->decl_stmt->decl->name
2,55,rectangle_java2.jpg,rectangle_java2.jpg,1967017717,192,856.3822916666667,662.52375,826.5,658,52,20,rect1,5,class->block->function->block->block_content->decl_stmt->decl->name
2,55,rectangle_java2.jpg,rectangle_java2.jpg,1967085716,64,855.934375,666.465625,826.5,658,52,20,rect1,5,class->block->function->block->block_content->decl_stmt->decl->name
2,55,rectangle_java2.jpg,rectangle_java2.jpg,1967173719,84,894.6314285714286,666.1195238095238,883.5,658,15,20,=,1,class->block->function->block->block_content->decl_stmt->decl->init
2,55,rectangle_java2.jpg,rectangle_java2.jpg,1967173719,84,894.6314285714286,666.1195238095238,902.5,658,34,20,new,3,class->block->function->block->block_content->decl_stmt->decl->init->expr->operator
2,55,rectangle_java2.jpg,rectangle_java2.jpg,1967297732,120,901.9966666666667,675.114,902.5,658,34,20,new,3,class->block->function->block->block_content->decl_stmt->decl->init->expr->operator
2,55,rectangle_java2.jpg,rectangle_java2.jpg,1967565721,224,977.2182142857143,675.91,941.5,658,91,20,Rectangle,9,class->block->function->block->block_content->decl_stmt->decl->init->expr->call->name
2,55,rectangle_java2.jpg,rectangle_java2.jpg,1967681710,96,911.7979166666667,670.8791666666667,902.5,658,34,20,new,3,class->block->function->block->block_content->decl_stmt->decl->init->expr->operator
2,55,rectangle_java2.jpg,rectangle_java2.jpg,1968129727,320,881.598625,677.3663750000001,883.5,658,15,20,=,1,class->block->function->block->block_content->decl_stmt->decl->init
2,55,rectangle_java2.jpg,rectangle_java2.jpg,1968337698,196,870.2451020408163,747.8865306122449,826.5,731,51,20,rect2,5,class->block->function->block->block_content->decl_stmt->decl->name
2,55,rectangle_java2.jpg,rectangle_java2.jpg,1968429684,80,871.818,750.958,826.5,731,51,20,rect2,5,class->block->function->block->block_content->decl_stmt->decl->name
2,55,rectangle_java2.jpg,rectangle_java2.jpg,1968429684,80,871.818,750.958,883.5,731,15,20,=,1,class->block->function->block->block_content->decl_stmt->decl->init
2,55,rectangle_java2.jpg,rectangle_java2.jpg,1968841686,396,896.3367676767676,746.3774747474747,883.5,731,15,20,=,1,class->block->function->block->block_content->decl_stmt->decl->init
2,55,rectangle_java2.jpg,rectangle_java2.jpg,1968841686,396,896.3367676767676,746.3774747474747,902.5,731,34,20,new,3,class->block->function->block->block_content->decl_stmt->decl->init->expr->operator
2,55,rectangle_java2.jpg,rectangle_java2.jpg,1968997568,152,900.4497368421053,748.5321052631579,902.5,731,34,20,new,3,class->block->function->block->block_content->decl_stmt->decl->init->expr->operator
2,55,rectangle_java2.jpg,rectangle_java2.jpg,1969069476,68,902.9147058823529,749.4223529411764,902.5,731,34,20,new,3,class->block->function->block->block_content->decl_stmt->decl->init->expr->operator
2,55,rectangle_java2.jpg,rectangle_java2.jpg,1969517531,200,901.0076,687.532,730.5,694,177,21,System.out.println,18,class->block->function->block->block_content->expr_stmt->expr->call->name->name->operator->name->operator->name
2,55,rectangle_java2.jpg,rectangle_java2.jpg,1969841646,320,891.78975,690.774875,730.5,694,177,21,System.out.println,18,class->block->function->block->block_content->expr_stmt->expr->call->name->name->operator->name->operator->name
2,55,rectangle_java2.jpg,rectangle_java2.jpg,1970041453,196,888.4904081632653,689.7697959183673,730.5,694,177,21,System.out.println,18,class->block->function->block->block_content->expr_stmt->expr->call->name->name->operator->name->operator->name
2,55,rectangle_java2.jpg,rectangle_java2.jpg,1970413567,368,895.7370652173913,689.4139130434783,730.5,694,177,21,System.out.println,18,class->block->function->block->block_content->expr_stmt->expr->call->name->name->operator->name->operator->name
2,55,rectangle_java2.jpg,rectangle_java2.jpg,1970661560,192,900.5197916666667,763.370625,730.5,766,177,21,System.out.println,18,class->block->function->block->block_content->expr_stmt->expr->call->name->name->operator->name->operator->name
2,55,rectangle_java2.jpg,rectangle_java2.jpg,1970861568,196,872.0414285714286,768.0383673469388,730.5,766,177,21,System.out.println,18,class->block->function->block->block_content->expr_stmt->expr->call->name->name->operator->name->operator->name
2,55,rectangle_java2.jpg,rectangle_java2.jpg,1971037533,156,945.67,673.7817948717949,941.5,658,91,20,Rectangle,9,class->block->function->block->block_content->decl_stmt->decl->init->expr->call->name
2,55,rectangle_java2.jpg,rectangle_java2.jpg,1971289422,184,980.3695652173913,687.4034782608695,932.5,694,100,21,rect1.area,10,class->block->function->block->block_content->expr_stmt->expr->call->argument_list->argument->expr->call->name->name->operator->name
2,55,rectangle_java2.jpg,rectangle_java2.jpg,1971465442,172,1019.0004651162791,683.4058139534884,932.5,694,100,21,rect1.area,10,class->block->function->block->block_content->expr_stmt->expr->call->argument_list->argument->expr->call->name->name->operator->name
2,55,rectangle_java2.jpg,rectangle_java2.jpg,1971757479,164,988.1531707317073,674.8378048780488,941.5,658,91,20,Rectangle,9,class->block->function->block->block_content->decl_stmt->decl->init->expr->call->name
2,55,rectangle_java2.jpg,rectangle_java2.jpg,1972649459,456,1003.3928947368421,675.4135964912281,941.5,658,91,20,Rectangle,9,class->block->function->block->block_content->decl_stmt->decl->init->expr->call->name
2,55,rectangle_java2.jpg,rectangle_java2.jpg,1972829395,176,1028.0793181818183,675.7163636363637,941.5,658,91,20,Rectangle,9,class->block->function->block->block_content->decl_stmt->decl->init->expr->call->name
2,55,rectangle_java2.jpg,rectangle_java2.jpg,1973393322,180,1036.2506666666666,669.4835555555555,1041.5,658,9,20,(,1,class->block->function->block->block_content->decl_stmt->decl->init->expr->call->argument_list
2,55,rectangle_java2.jpg,rectangle_java2.jpg,1973629303,168,895.8978571428571,693.3630952380953,730.5,694,177,21,System.out.println,18,class->block->function->block->block_content->expr_stmt->expr->call->name->name->operator->name->operator->name
2,55,rectangle_java2.jpg,rectangle_java2.jpg,1973825232,192,868.5289583333333,686.478125,730.5,694,177,21,System.out.println,18,class->block->function->block->block_content->expr_stmt->expr->call->name->name->operator->name->operator->name
2,55,rectangle_java2.jpg,rectangle_java2.jpg,1974137348,308,889.5023376623377,682.1398701298701,730.5,694,177,21,System.out.println,18,class->block->function->block->block_content->expr_stmt->expr->call->name->name->operator->name->operator->name
2,55,rectangle_java2.jpg,rectangle_java2.jpg,1974385385,244,902.2,669.2509836065574,902.5,658,34,20,new,3,class->block->function->block->block_content->decl_stmt->decl->init->expr->operator
2,55,rectangle_java2.jpg,rectangle_java2.jpg,1974485378,96,900.1479166666667,665.1854166666667,902.5,658,34,20,new,3,class->block->function->block->block_content->decl_stmt->decl->init->expr->operator
2,55,rectangle_java2.jpg,rectangle_java2.jpg,1975085220,596,904.7761073825503,663.2927516778524,902.5,658,34,20,new,3,class->block->function->block->block_content->decl_stmt->decl->init->expr->operator
2,55,rectangle_java2.jpg,rectangle_java2.jpg,1975261205,124,836.6241935483871,696.1267741935484,730.5,694,177,21,System.out.println,18,class->block->function->block->block_content->expr_stmt->expr->call->name->name->operator->name->operator->name
2,55,rectangle_java2.jpg,rectangle_java2.jpg,1975329184,64,830.993125,695.950625,730.5,694,177,21,System.out.println,18,class->block->function->block->block_content->expr_stmt->expr->call->name->name->operator->name->operator->name
2,55,rectangle_java2.jpg,rectangle_java2.jpg,1975465165,120,837.2226666666667,718.6943333333334,826.5,731,51,20,rect2,5,class->block->function->block->block_content->decl_stmt->decl->name
2,55,rectangle_java2.jpg,rectangle_java2.jpg,1975657196,124,871.0893548387097,703.0887096774194,730.5,694,177,21,System.out.println,18,class->block->function->block->block_content->expr_stmt->expr->call->name->name->operator->name->operator->name
2,55,rectangle_java2.jpg,rectangle_java2.jpg,1975813236,112,872.5435714285715,594.185,873.5,585,9,21,),1,class->block->function->parameter_list
2,55,rectangle_java2.jpg,rectangle_java2.jpg,1976017209,128,979.14875,701.2709375,932.5,694,100,21,rect1.area,10,class->block->function->block->block_content->expr_stmt->expr->call->argument_list->argument->expr->call->name->name->operator->name
2,55,rectangle_java2.jpg,rectangle_java2.jpg,1976125192,104,980.155,711.733076923077,932.5,694,100,21,rect1.area,10,class->block->function->block->block_content->expr_stmt->expr->call->argument_list->argument->expr->call->name->name->operator->name
2,55,rectangle_java2.jpg,rectangle_java2.jpg,1976281281,152,972.2931578947369,712.6118421052631,932.5,694,100,21,rect1.area,10,class->block->function->block->block_content->expr_stmt->expr->call->argument_list->argument->expr->call->name->name->operator->name
2,55,rectangle_java2.jpg,rectangle_java2.jpg,1976521230,192,1052.3302083333333,711.6322916666667,1057.5,694,10,21,),1,class->block->function->block->block_content->expr_stmt->expr->call->argument_list->argument->expr->call->argument_list
2,55,rectangle_java2.jpg,rectangle_java2.jpg,1977068965,60,1154.1019999999999,657.5553333333334,1134.5,658,22,20,10,2,class->block->function->block->block_content->decl_stmt->decl->init->expr->call->argument_list->argument->expr->literal
2,55,rectangle_java2.jpg,rectangle_java2.jpg,1977068965,60,1154.1019999999999,657.5553333333334,1163.5,658,10,20,",",1,class->block->function->block->block_content->decl_stmt->decl->init->expr->call->argument_list
2,55,rectangle_java2.jpg,rectangle_java2.jpg,1977209048,136,1153.0285294117648,659.4608823529412,1134.5,658,22,20,10,2,class->block->function->block->block_content->decl_stmt->decl->init->expr->call->argument_list->argument->expr->literal
2,55,rectangle_java2.jpg,rectangle_java2.jpg,1977209048,136,1153.0285294117648,659.4608823529412,1163.5,658,10,20,",",1,class->block->function->block->block_content->decl_stmt->decl->init->expr->call->argument_list
2,55,rectangle_java2.jpg,rectangle_java2.jpg,1977293035,80,1157.7015000000001,664.333,1163.5,658,10,20,",",1,class->block->function->block->block_content->decl_stmt->decl->init->expr->call->argument_list
2,55,rectangle_java2.jpg,rectangle_java2.jpg,1977869060,228,1130.2147368421054,652.2812280701754,1134.5,658,22,20,10,2,class->block->function->block->block_content->decl_stmt->decl->init->expr->call->argument_list->argument->expr->literal
2,55,rectangle_java2.jpg,rectangle_java2.jpg,1978129091,228,1092.4550877192983,685.6331578947369,1096.5,694,10,21,;,1,class->block->function->block->block_content->expr_stmt
2,55,rectangle_java2.jpg,rectangle_java2.jpg,1978229070,96,1063.5929166666667,683.6216666666667,1057.5,694,10,21,),1,class->block->function->block->block_content->expr_stmt->expr->call->argument_list->argument->expr->call->argument_list
2,55,rectangle_java2.jpg,rectangle_java2.jpg,1978329050,96,1059.5370833333334,683.2729166666667,1057.5,694,10,21,),1,class->block->function->block->block_content->expr_stmt->expr->call->argument_list->argument->expr->call->argument_list
2,55,rectangle_java2.jpg,rectangle_java2.jpg,1978557075,196,958.1191836734694,597.2538775510204,910.5,585,62,21,return,6,class->block->function->block->block_content->return
2,55,rectangle_java2.jpg,rectangle_java2.jpg,1978760997,144,966.9427777777778,614.5572222222222,920.5,621,62,21,String,6,class->block->function->parameter_list->parameter->decl->type->name->name
2,55,rectangle_java2.jpg,rectangle_java2.jpg,1978876945,92,1028.458695652174,612.4808695652174,1025.5,621,42,21,args,4,class->block->function->parameter_list->parameter->decl->name
2,55,rectangle_java2.jpg,rectangle_java2.jpg,1978984903,104,1033.9926923076923,603.4326923076923,977.5,585,101,21,this.width,10,class->block->function->block->block_content->return->expr->call->name->name->operator->name
2,55,rectangle_java2.jpg,rectangle_java2.jpg,1979280911,240,970.9485,614.8516666666667,920.5,621,62,21,String,6,class->block->function->parameter_list->parameter->decl->type->name->name
2,55,rectangle_java2.jpg,rectangle_java2.jpg,1979428915,144,972.2308333333333,625.3086111111111,920.5,621,62,21,String,6,class->block->function->parameter_list->parameter->decl->type->name->name
2,55,rectangle_java2.jpg,rectangle_java2.jpg,1980084973,56,963.0085714285714,586.0457142857143,910.5,585,62,21,return,6,class->block->function->block->block_content->return
2,55,rectangle_java2.jpg,rectangle_java2.jpg,1980248958,116,966.1010344827587,630.0827586206897,920.5,621,62,21,String,6,class->block->function->parameter_list->parameter->decl->type->name->name
2,55,rectangle_java2.jpg,rectangle_java2.jpg,1980340939,88,978.4013636363636,610.665909090909,920.5,621,62,21,String,6,class->block->function->parameter_list->parameter->decl->type->name->name
2,55,rectangle_java2.jpg,rectangle_java2.jpg,1980340939,88,978.4013636363636,610.665909090909,990.5,621,10,21,[,1,class->block->function->parameter_list->parameter->decl->type->name->index
2,55,rectangle_java2.jpg,rectangle_java2.jpg,1980536923,192,982.8654166666666,604.5814583333333,977.5,585,101,21,this.width,10,class->block->function->block->block_content->return->expr->call->name->name->operator->name
2,55,rectangle_java2.jpg,rectangle_java2.jpg,1980608879,56,881.51,599.2778571428571,873.5,585,9,21,),1,class->block->function->parameter_list
2,55,rectangle_java2.jpg,rectangle_java2.jpg,1980608879,56,881.51,599.2778571428571,893.5,585,10,21,{,1,class->block->function->block
2,55,rectangle_java2.jpg,rectangle_java2.jpg,1980772596,160,872.62225,594.079,873.5,585,9,21,),1,class->block->function->parameter_list
2,55,rectangle_java2.jpg,rectangle_java2.jpg,1980876701,64,829.746875,587.9075,804.5,585,43,21,area,4,class->block->function->name
2,55,rectangle_java2.jpg,rectangle_java2.jpg,1980988837,108,833.3199999999999,589.6492592592592,804.5,585,43,21,area,4,class->block->function->name
2,55,rectangle_java2.jpg,rectangle_java2.jpg,1981212792,164,805.189024390244,598.4039024390244,804.5,585,43,21,area,4,class->block->function->name
2,55,rectangle_java2.jpg,rectangle_java2.jpg,1981288801,72,805.0911111111111,595.645,804.5,585,43,21,area,4,class->block->function->name
2,55,rectangle_java2.jpg,rectangle_java2.jpg,1981572788,220,777.2249090909091,693.2981818181818,730.5,694,177,21,System.out.println,18,class->block->function->block->block_content->expr_stmt->expr->call->name->name->operator->name->operator->name
2,55,rectangle_java2.jpg,rectangle_java2.jpg,1981640791,64,779.040625,736.7893750000001,730.5,731,91,20,Rectangle,9,class->block->function->block->block_content->decl_stmt->decl->type->name
2,55,rectangle_java2.jpg,rectangle_java2.jpg,1981800808,88,991.7922727272727,760.6854545454545,932.5,766,100,21,rect2.area,10,class->block->function->block->block_content->expr_stmt->expr->call->argument_list->argument->expr->call->name->name->operator->name
2,55,rectangle_java2.jpg,rectangle_java2.jpg,1982088789,284,1004.8569014084507,762.5211267605633,932.5,766,100,21,rect2.area,10,class->block->function->block->block_content->expr_stmt->expr->call->argument_list->argument->expr->call->name->name->operator->name
2,55,rectangle_java2.jpg,rectangle_java2.jpg,1982176792,76,1042.0894736842106,657.5063157894737,1041.5,658,9,20,(,1,class->block->function->block->block_content->decl_stmt->decl->init->expr->call->argument_list
2,55,rectangle_java2.jpg,rectangle_java2.jpg,1982268793,88,1045.658181818182,651.8577272727273,1041.5,658,9,20,(,1,class->block->function->block->block_content->decl_stmt->decl->init->expr->call->argument_list
2,55,rectangle_java2.jpg,rectangle_java2.jpg,1982268793,88,1045.658181818182,651.8577272727273,1057.5,658,13,20,0,1,class->block->function->block->block_content->decl_stmt->decl->init->expr->call->argument_list->argument->expr->literal
2,55,rectangle_java2.jpg,rectangle_java2.jpg,1982588784,260,990.4441538461539,710.6581538461538,932.5,694,100,21,rect1.area,10,class->block->function->block->block_content->expr_stmt->expr->call->argument_list->argument->expr->call->name->name->operator->name
2,55,rectangle_java2.jpg,rectangle_java2.jpg,1982824649,232,988.7125862068965,700.3498275862069,932.5,694,100,21,rect1.area,10,class->block->function->block->block_content->expr_stmt->expr->call->argument_list->argument->expr->call->name->name->operator->name
2,55,rectangle_java2.jpg,rectangle_java2.jpg,1983036670,208,973.0534615384615,689.8034615384615,932.5,694,100,21,rect1.area,10,class->block->function->block->block_content->expr_stmt->expr->call->argument_list->argument->expr->call->name->name->operator->name
2,55,rectangle_java2.jpg,rectangle_java2.jpg,1983212672,172,1003.8376744186047,690.1962790697675,932.5,694,100,21,rect1.area,10,class->block->function->block->block_content->expr_stmt->expr->call->argument_list->argument->expr->call->name->name->operator->name
2,55,rectangle_java2.jpg,rectangle_java2.jpg,1983292674,76,1003.07,690.0605263157895,932.5,694,100,21,rect1.area,10,class->block->function->block->block_content->expr_stmt->expr->call->argument_list->argument->expr->call->name->name->operator->name
2,55,rectangle_java2.jpg,rectangle_java2.jpg,1983764659,68,873.1482352941176,758.8435294117647,730.5,766,177,21,System.out.println,18,class->block->function->block->block_content->expr_stmt->expr->call->name->name->operator->name->operator->name
2,55,rectangle_java2.jpg,rectangle_java2.jpg,1983864663,96,875.77,763.4320833333334,730.5,766,177,21,System.out.println,18,class->block->function->block->block_content->expr_stmt->expr->call->name->name->operator->name->operator->name
2,55,rectangle_java2.jpg,rectangle_java2.jpg,1984172632,248,1038.458064516129,581.3198387096774,977.5,585,101,21,this.width,10,class->block->function->block->block_content->return->expr->call->name->name->operator->name
2,55,rectangle_java2.jpg,rectangle_java2.jpg,1984336657,144,1080.4105555555554,561.478888888889,1064.5,549,71,21,this.y1,7,class->block->function->block->block_content->return->expr->name->name->operator->name
2,55,rectangle_java2.jpg,rectangle_java2.jpg,1984568428,172,1166.9144186046512,560.4711627906977,1161.5,549,10,21,},1,class->block->function->block
2,55,rectangle_java2.jpg,rectangle_java2.jpg,1984988527,224,1054.8519642857143,564.0385714285715,1045.5,549,13,21,-,1,class->block->function->block->block_content->return->expr->operator
2,55,rectangle_java2.jpg,rectangle_java2.jpg,1984988527,224,1054.8519642857143,564.0385714285715,1064.5,549,71,21,this.y1,7,class->block->function->block->block_content->return->expr->name->name->operator->name
2,55,rectangle_java2.jpg,rectangle_java2.jpg,1985240532,192,1028.9104166666666,564.1722916666666,968.5,549,70,21,this.y2,7,class->block->function->block->block_content->return->expr->name->name->operator->name
2,55,rectangle_java2.jpg,rectangle_java2.jpg,1985428530,172,916.6367441860465,552.6181395348838,900.5,549,63,21,return,6,class->block->function->block->block_content->return
2,55,rectangle_java2.jpg,rectangle_java2.jpg,1985536538,72,965.1477777777777,556.9444444444445,968.5,549,70,21,this.y2,7,class->block->function->block->block_content->return->expr->name->name->operator->name
2,55,rectangle_java2.jpg,rectangle_java2.jpg,1985704546,164,970.7975609756097,563.9070731707317,968.5,549,70,21,this.y2,7,class->block->function->block->block_content->return->expr->name->name->operator->name
2,55,rectangle_java2.jpg,rectangle_java2.jpg,1985900524,184,872.3808695652174,565.5621739130435,863.5,549,9,21,),1,class->block->function->parameter_list
2,55,rectangle_java2.jpg,rectangle_java2.jpg,1985900524,184,872.3808695652174,565.5621739130435,883.5,549,10,21,{,1,class->block->function->block
2,55,rectangle_java2.jpg,rectangle_java2.jpg,1986048513,64,834.6975,591.375625,804.5,585,43,21,area,4,class->block->function->name
2,55,rectangle_java2.jpg,rectangle_java2.jpg,1986176520,124,836.4483870967742,600.4658064516129,804.5,585,43,21,area,4,class->block->function->name
2,55,rectangle_java2.jpg,rectangle_java2.jpg,1986316533,104,886.963076923077,603.7211538461538,893.5,585,10,21,{,1,class->block->function->block
2,55,rectangle_java2.jpg,rectangle_java2.jpg,1986416557,96,983.7058333333333,598.0558333333333,977.5,585,101,21,this.width,10,class->block->function->block->block_content->return->expr->call->name->name->operator->name
2,55,rectangle_java2.jpg,rectangle_java2.jpg,1986500532,80,984.4165,609.484,990.5,621,10,21,[,1,class->block->function->parameter_list->parameter->decl->type->name->index
2,55,rectangle_java2.jpg,rectangle_java2.jpg,1986724431,180,979.1557777777778,502.71911111111103,958.5,512,71,21,this.x2,7,class->block->function->block->block_content->return->expr->name->name->operator->name->operator
2,55,rectangle_java2.jpg,rectangle_java2.jpg,1986884394,128,1018.760625,522.61375,958.5,512,71,21,this.x2,7,class->block->function->block->block_content->return->expr->name->name->operator->name->operator
2,55,rectangle_java2.jpg,rectangle_java2.jpg,1987220358,304,1091.900657894737,521.3407894736843,1054.5,512,71,21,this.x1,7,class->block->function->block->block_content->return->expr->name->name->operator->name
2,55,rectangle_java2.jpg,rectangle_java2.jpg,1987292357,60,924.0813333333333,516.0173333333333,891.5,512,62,21,return,6,class->block->function->block->block_content->return->expr->name->name
2,55,rectangle_java2.jpg,rectangle_java2.jpg,1987400380,104,921.7296153846154,529.4157692307692,891.5,512,62,21,return,6,class->block->function->block->block_content->return->expr->name->name
2,55,rectangle_java2.jpg,rectangle_java2.jpg,1987748415,280,784.4628571428572,519.3727142857143,775.5,512,53,21,width,5,class->block->function->name
2,55,rectangle_java2.jpg,rectangle_java2.jpg,1987864411,68,1046.6711764705883,590.4352941176471,977.5,585,101,21,this.width,10,class->block->function->block->block_content->return->expr->call->name->name->operator->name
2,55,rectangle_java2.jpg,rectangle_java2.jpg,1988064362,172,1195.173488372093,584.6383720930232,1140.5,585,110,21,this.height,11,class->block->function->block->block_content->return->expr->call->name->name->operator->name
2,55,rectangle_java2.jpg,rectangle_java2.jpg,1988364376,252,1223.0960317460317,579.4949206349206,1140.5,585,110,21,this.height,11,class->block->function->block->block_content->return->expr->call->name->name->operator->name
2,55,rectangle_java2.jpg,rectangle_java2.jpg,1988608103,232,1101.700172413793,559.8625862068966,1064.5,549,71,21,this.y1,7,class->block->function->block->block_content->return->expr->name->name->operator->name
2,55,rectangle_java2.jpg,rectangle_java2.jpg,1988876252,240,1047.267,555.5455,1045.5,549,13,21,-,1,class->block->function->block->block_content->return->expr->operator
2,55,rectangle_java2.jpg,rectangle_java2.jpg,1989012252,96,1026.6108333333334,564.17625,968.5,549,70,21,this.y2,7,class->block->function->block->block_content->return->expr->name->name->operator->name
2,55,rectangle_java2.jpg,rectangle_java2.jpg,1989140252,116,1147.3155172413792,562.2644827586207,1142.5,549,10,21,;,1,class->block->function->block->block_content->return
2,55,rectangle_java2.jpg,rectangle_java2.jpg,1989260267,116,1150.4841379310344,558.4979310344828,1142.5,549,10,21,;,1,class->block->function->block->block_content->return
2,55,rectangle_java2.jpg,rectangle_java2.jpg,1989260267,116,1150.4841379310344,558.4979310344828,1161.5,549,10,21,},1,class->block->function->block
2,55,rectangle_java2.jpg,rectangle_java2.jpg,1989700246,212,832.1815094339622,348.4777358490566,826.5,331,23,19,x1,2,class->block->constructor->block->block_content->expr_stmt->expr->name->name
2,55,rectangle_java2.jpg,rectangle_java2.jpg,1989968281,188,736.693829787234,219.81851063829788,715.5,222,90,21,Rectangle,9,class->name
2,55,rectangle_java2.jpg,rectangle_java2.jpg,1990376253,200,747.8434,730.9362,730.5,731,91,20,Rectangle,9,class->block->function->block->block_content->decl_stmt->decl->type->name
2,55,rectangle_java2.jpg,rectangle_java2.jpg,1990444240,64,766.120625,748.58125,730.5,731,91,20,Rectangle,9,class->block->function->block->block_content->decl_stmt->decl->type->name
2,55,rectangle_java2.jpg,rectangle_java2.jpg,1990820173,252,836.2833333333333,742.7126984126984,826.5,731,51,20,rect2,5,class->block->function->block->block_content->decl_stmt->decl->name
2,55,rectangle_java2.jpg,rectangle_java2.jpg,1990992132,120,982.461,709.686,932.5,694,100,21,rect1.area,10,class->block->function->block->block_content->expr_stmt->expr->call->argument_list->argument->expr->call->name->name->operator->name
2,55,rectangle_java2.jpg,rectangle_java2.jpg,1991268068,224,925.03625,530.1,891.5,512,62,21,return,6,class->block->function->block->block_content->return->expr->name->name
2,55,rectangle_java2.jpg,rectangle_java2.jpg,1991444040,76,854.4026315789474,396.3568421052632,856.5,404,10,19,;,1,class->block->constructor->block->block_content->expr_stmt
2,55,rectangle_java2.jpg,rectangle_java2.jpg,1991568229,120,843.803,402.47566666666665,826.5,404,23,19,x2,2,class->block->constructor->block->block_content->expr_stmt->expr->name->name
2,55,rectangle_java2.jpg,rectangle_java2.jpg,1991644236,72,808.8933333333333,401.75055555555554,806.5,404,15,19,=,1,class->block->constructor->block->block_content->expr_stmt->expr->operator
2,55,rectangle_java2.jpg,rectangle_java2.jpg,1991812181,164,810.7619512195122,392.13878048780487,806.5,404,15,19,=,1,class->block->constructor->block->block_content->expr_stmt->expr->operator
