trial,participant,code_file,code_language,timestamp,duration,x_cord,y_cord,aoi_x,aoi_y,aoi_width,aoi_height,token,length,srcML
2,60,rectangle_java2.jpg,rectangle_java2.jpg,1314959822,92,891.2795652173913,311.70304347826084,890.5,295,24,21,x1,2,class->block->constructor->parameter_list->parameter->decl->type->name
2,60,rectangle_java2.jpg,rectangle_java2.jpg,1315043928,80,893.7305,304.0715,890.5,295,24,21,x1,2,class->block->constructor->parameter_list->parameter->decl->type->name
2,60,rectangle_java2.jpg,rectangle_java2.jpg,1317431639,120,744.376,230.37599999999998,715.5,222,90,21,Rectangle,9,class->name
2,60,rectangle_java2.jpg,rectangle_java2.jpg,1317499616,64,756.115,234.465625,715.5,222,90,21,Rectangle,9,class->name
2,60,rectangle_java2.jpg,rectangle_java2.jpg,1317751524,92,790.5934782608696,239.27086956521737,715.5,222,90,21,Rectangle,9,class->name
2,60,rectangle_java2.jpg,rectangle_java2.jpg,1317963510,176,749.1313636363636,248.86795454545455,747.5,259,33,21,int,3,class->block->decl_stmt->decl->type->name
2,60,rectangle_java2.jpg,rectangle_java2.jpg,1319075509,92,740.574347826087,292.91782608695655,737.5,295,91,21,Rectangle,9,class->block->constructor->name
2,60,rectangle_java2.jpg,rectangle_java2.jpg,1319235515,156,740.7458974358974,299.57102564102564,737.5,295,91,21,Rectangle,9,class->block->constructor->name
2,60,rectangle_java2.jpg,rectangle_java2.jpg,1319379414,112,817.5310714285714,301.4717857142857,737.5,295,91,21,Rectangle,9,class->block->constructor->name
2,60,rectangle_java2.jpg,rectangle_java2.jpg,1319663280,112,820.9507142857143,282.5025,737.5,295,91,21,Rectangle,9,class->block->constructor->name
2,60,rectangle_java2.jpg,rectangle_java2.jpg,1320071359,68,904.1823529411765,272.68176470588236,881.5,259,23,21,x2,2,class->block->decl_stmt->decl->name
2,60,rectangle_java2.jpg,rectangle_java2.jpg,1320071359,68,904.1823529411765,272.68176470588236,911.5,259,10,21,",",1,class->block->decl_stmt
2,60,rectangle_java2.jpg,rectangle_java2.jpg,1320215390,64,966.145,282.69937500000003,939.5,295,33,21,int,3,class->block->constructor->parameter_list->parameter->decl->type->name
2,60,rectangle_java2.jpg,rectangle_java2.jpg,1320215390,64,966.145,282.69937500000003,977.5,295,23,21,y1,2,class->block->constructor->parameter_list->parameter->decl->type->name
2,60,rectangle_java2.jpg,rectangle_java2.jpg,1320755409,160,1114.404,283.00825,1112.5,295,33,21,int,3,class->block->constructor->parameter_list->parameter->decl->type->name
2,60,rectangle_java2.jpg,rectangle_java2.jpg,1320987443,172,766.3823255813953,305.4181395348837,737.5,295,91,21,Rectangle,9,class->block->constructor->name
2,60,rectangle_java2.jpg,rectangle_java2.jpg,1321123492,100,816.3976,285.7256,737.5,295,91,21,Rectangle,9,class->block->constructor->name
2,60,rectangle_java2.jpg,rectangle_java2.jpg,1321223453,96,822.2058333333333,271.1854166666667,815.5,259,10,21,",",1,class->block->decl_stmt
2,60,rectangle_java2.jpg,rectangle_java2.jpg,1321223453,96,822.2058333333333,271.1854166666667,833.5,259,23,21,y1,2,class->block->decl_stmt->decl->name
2,60,rectangle_java2.jpg,rectangle_java2.jpg,1321483230,236,808.0716949152543,308.8628813559322,737.5,295,91,21,Rectangle,9,class->block->constructor->name
2,60,rectangle_java2.jpg,rectangle_java2.jpg,1321559232,72,793.2427777777777,313.30944444444447,737.5,295,91,21,Rectangle,9,class->block->constructor->name
2,60,rectangle_java2.jpg,rectangle_java2.jpg,1321667246,76,856.6557894736842,313.91052631578947,853.5,295,32,21,int,3,class->block->constructor->parameter_list->parameter->decl->type->name
2,60,rectangle_java2.jpg,rectangle_java2.jpg,1321735260,64,860.993125,309.55125,853.5,295,32,21,int,3,class->block->constructor->parameter_list->parameter->decl->type->name
2,60,rectangle_java2.jpg,rectangle_java2.jpg,1321919298,132,860.6139393939394,326.25969696969696,856.5,331,10,19,;,1,class->block->constructor->block->block_content->expr_stmt
2,60,rectangle_java2.jpg,rectangle_java2.jpg,1322447265,232,927.3105172413793,315.5203448275862,921.5,295,9,21,",",1,class->block->constructor->parameter_list
2,60,rectangle_java2.jpg,rectangle_java2.jpg,1322447265,232,927.3105172413793,315.5203448275862,939.5,295,33,21,int,3,class->block->constructor->parameter_list->parameter->decl->type->name
2,60,rectangle_java2.jpg,rectangle_java2.jpg,1322631273,180,928.2811111111112,311.30622222222223,921.5,295,9,21,",",1,class->block->constructor->parameter_list
2,60,rectangle_java2.jpg,rectangle_java2.jpg,1322631273,180,928.2811111111112,311.30622222222223,939.5,295,33,21,int,3,class->block->constructor->parameter_list->parameter->decl->type->name
2,60,rectangle_java2.jpg,rectangle_java2.jpg,1322775234,72,903.4744444444444,278.2394444444445,881.5,259,23,21,x2,2,class->block->decl_stmt->decl->name
2,60,rectangle_java2.jpg,rectangle_java2.jpg,1322775234,72,903.4744444444444,278.2394444444445,911.5,259,10,21,",",1,class->block->decl_stmt
2,60,rectangle_java2.jpg,rectangle_java2.jpg,1322839220,60,882.516,284.43466666666666,853.5,295,32,21,int,3,class->block->constructor->parameter_list->parameter->decl->type->name
2,60,rectangle_java2.jpg,rectangle_java2.jpg,1322839220,60,882.516,284.43466666666666,890.5,295,24,21,x1,2,class->block->constructor->parameter_list->parameter->decl->type->name
2,60,rectangle_java2.jpg,rectangle_java2.jpg,1323107230,220,769.0230909090909,268.0589090909091,747.5,259,33,21,int,3,class->block->decl_stmt->decl->type->name
2,60,rectangle_java2.jpg,rectangle_java2.jpg,1323478934,80,792.579,277.4395,785.5,259,23,21,x1,2,class->block->decl_stmt->decl->name
2,60,rectangle_java2.jpg,rectangle_java2.jpg,1323619075,84,806.9009523809524,348.54047619047617,806.5,331,15,19,=,1,class->block->constructor->block->block_content->expr_stmt->expr->operator
2,60,rectangle_java2.jpg,rectangle_java2.jpg,1323699141,76,814.2936842105263,362.6847368421053,806.5,367,15,21,=,1,class->block->constructor->block->block_content->expr_stmt->expr->operator
2,60,rectangle_java2.jpg,rectangle_java2.jpg,1323699141,76,814.2936842105263,362.6847368421053,826.5,367,23,21,y1,2,class->block->constructor->block->block_content->expr_stmt->expr->name->name
2,60,rectangle_java2.jpg,rectangle_java2.jpg,1324055132,56,935.7914285714286,288.1878571428571,939.5,295,33,21,int,3,class->block->constructor->parameter_list->parameter->decl->type->name
2,60,rectangle_java2.jpg,rectangle_java2.jpg,1324115137,56,942.2978571428572,303.47857142857146,939.5,295,33,21,int,3,class->block->constructor->parameter_list->parameter->decl->type->name
2,60,rectangle_java2.jpg,rectangle_java2.jpg,1324299143,148,998.3040540540541,307.6654054054054,977.5,295,23,21,y1,2,class->block->constructor->parameter_list->parameter->decl->type->name
2,60,rectangle_java2.jpg,rectangle_java2.jpg,1324299143,148,998.3040540540541,307.6654054054054,1007.5,295,10,21,",",1,class->block->constructor->parameter_list
2,60,rectangle_java2.jpg,rectangle_java2.jpg,1324843104,140,1103.306857142857,289.6982857142857,1094.5,295,9,21,",",1,class->block->constructor->parameter_list
2,60,rectangle_java2.jpg,rectangle_java2.jpg,1324843104,140,1103.306857142857,289.6982857142857,1112.5,295,33,21,int,3,class->block->constructor->parameter_list->parameter->decl->type->name
2,60,rectangle_java2.jpg,rectangle_java2.jpg,1325239130,180,804.3957777777778,382.0917777777778,806.5,367,15,21,=,1,class->block->constructor->block->block_content->expr_stmt->expr->operator
2,60,rectangle_java2.jpg,rectangle_java2.jpg,1325399011,72,859.4283333333333,393.0622222222222,856.5,404,10,19,;,1,class->block->constructor->block->block_content->expr_stmt
2,60,rectangle_java2.jpg,rectangle_java2.jpg,1325947020,96,935.8658333333333,293.79041666666666,939.5,295,33,21,int,3,class->block->constructor->parameter_list->parameter->decl->type->name
2,60,rectangle_java2.jpg,rectangle_java2.jpg,1326066974,116,944.7231034482759,302.91758620689654,939.5,295,33,21,int,3,class->block->constructor->parameter_list->parameter->decl->type->name
2,60,rectangle_java2.jpg,rectangle_java2.jpg,1326238981,128,1151.0987499999999,286.3,1150.5,295,23,21,y2,2,class->block->constructor->parameter_list->parameter->decl->type->name
2,60,rectangle_java2.jpg,rectangle_java2.jpg,1326326978,84,1150.9909523809524,293.9638095238095,1150.5,295,23,21,y2,2,class->block->constructor->parameter_list->parameter->decl->type->name
2,60,rectangle_java2.jpg,rectangle_java2.jpg,1326474964,144,1122.5947222222221,288.1533333333333,1112.5,295,33,21,int,3,class->block->constructor->parameter_list->parameter->decl->type->name
2,60,rectangle_java2.jpg,rectangle_java2.jpg,1326598983,120,1118.2406666666666,296.323,1112.5,295,33,21,int,3,class->block->constructor->parameter_list->parameter->decl->type->name
2,60,rectangle_java2.jpg,rectangle_java2.jpg,1326918943,92,787.9878260869565,447.04695652173916,730.5,440,71,21,this.y2,7,class->block->constructor->block->block_content->expr_stmt->expr->name->name->operator->name
2,60,rectangle_java2.jpg,rectangle_java2.jpg,1327154881,64,842.81875,438.6600000000001,826.5,440,23,21,y2,2,class->block->constructor->block->block_content->expr_stmt->expr->name->name
2,60,rectangle_java2.jpg,rectangle_java2.jpg,1328410861,140,722.6617142857143,512.1885714285714,669.5,512,63,21,public,6,class->block->function->type->specifier
2,60,rectangle_java2.jpg,rectangle_java2.jpg,1328534861,100,775.922,526.0015999999999,775.5,512,53,21,width,5,class->block->function->name
2,60,rectangle_java2.jpg,rectangle_java2.jpg,1328967049,320,846.999625,514.59375,854.5,512,9,21,),1,class->block->function->parameter_list
2,60,rectangle_java2.jpg,rectangle_java2.jpg,1329266768,96,858.1995833333333,510.7016666666666,854.5,512,9,21,),1,class->block->function->parameter_list
2,60,rectangle_java2.jpg,rectangle_java2.jpg,1329422739,104,804.5534615384615,509.8319230769231,775.5,512,53,21,width,5,class->block->function->name
2,60,rectangle_java2.jpg,rectangle_java2.jpg,1329510727,84,799.8928571428571,516.2485714285714,775.5,512,53,21,width,5,class->block->function->name
2,60,rectangle_java2.jpg,rectangle_java2.jpg,1329634724,68,736.8382352941177,514.9,737.5,512,33,21,int,3,class->block->function->type->name
2,60,rectangle_java2.jpg,rectangle_java2.jpg,1329710723,72,741.2222222222222,510.94000000000005,737.5,512,33,21,int,3,class->block->function->type->name
2,60,rectangle_java2.jpg,rectangle_java2.jpg,1329802711,64,932.560625,512.425,891.5,512,62,21,return,6,class->block->function->block->block_content->return->expr->name->name
2,60,rectangle_java2.jpg,rectangle_java2.jpg,1329934681,128,935.0884375,520.4340625,891.5,512,62,21,return,6,class->block->function->block->block_content->return->expr->name->name
2,60,rectangle_java2.jpg,rectangle_java2.jpg,1330062623,68,975.8976470588235,526.135294117647,958.5,512,71,21,this.x2,7,class->block->function->block->block_content->return->expr->name->name->operator->name->operator
2,60,rectangle_java2.jpg,rectangle_java2.jpg,1330474702,108,987.637037037037,518.1992592592593,958.5,512,71,21,this.x2,7,class->block->function->block->block_content->return->expr->name->name->operator->name->operator
2,60,rectangle_java2.jpg,rectangle_java2.jpg,1330638723,160,967.23,517.39675,958.5,512,71,21,this.x2,7,class->block->function->block->block_content->return->expr->name->name->operator->name->operator
2,60,rectangle_java2.jpg,rectangle_java2.jpg,1330866703,120,1009.6403333333333,515.147,958.5,512,71,21,this.x2,7,class->block->function->block->block_content->return->expr->name->name->operator->name->operator
2,60,rectangle_java2.jpg,rectangle_java2.jpg,1330966700,72,804.1638888888889,508.9805555555556,775.5,512,53,21,width,5,class->block->function->name
2,60,rectangle_java2.jpg,rectangle_java2.jpg,1331158506,188,796.1514893617021,514.1121276595744,775.5,512,53,21,width,5,class->block->function->name
2,60,rectangle_java2.jpg,rectangle_java2.jpg,1331254476,92,773.1391304347826,516.88,775.5,512,53,21,width,5,class->block->function->name
2,60,rectangle_java2.jpg,rectangle_java2.jpg,1331390519,96,863.9754166666667,529.7533333333333,874.5,512,10,21,{,1,class->block->function->block
2,60,rectangle_java2.jpg,rectangle_java2.jpg,1331678599,88,862.6627272727272,513.8781818181818,854.5,512,9,21,),1,class->block->function->parameter_list
2,60,rectangle_java2.jpg,rectangle_java2.jpg,1331678599,88,862.6627272727272,513.8781818181818,874.5,512,10,21,{,1,class->block->function->block
2,60,rectangle_java2.jpg,rectangle_java2.jpg,1331910646,176,841.2470454545455,532.6488636363637,837.5,512,9,21,(,1,class->block->function->parameter_list
2,60,rectangle_java2.jpg,rectangle_java2.jpg,1331990621,76,838.3747368421052,550.5342105263159,846.5,549,10,21,(,1,class->block->function->parameter_list
2,60,rectangle_java2.jpg,rectangle_java2.jpg,1332234622,208,792.3132692307693,552.7088461538461,775.5,549,62,21,height,6,class->block->function->name
2,60,rectangle_java2.jpg,rectangle_java2.jpg,1332314625,68,869.8976470588235,549.4535294117647,863.5,549,9,21,),1,class->block->function->parameter_list
2,60,rectangle_java2.jpg,rectangle_java2.jpg,1332438641,64,874.55,557.459375,883.5,549,10,21,{,1,class->block->function->block
2,60,rectangle_java2.jpg,rectangle_java2.jpg,1332966546,184,966.0547826086956,551.5891304347826,968.5,549,70,21,this.y2,7,class->block->function->block->block_content->return->expr->name->name->operator->name
2,60,rectangle_java2.jpg,rectangle_java2.jpg,1333046485,76,959.391052631579,538.5526315789474,900.5,549,63,21,return,6,class->block->function->block->block_content->return
2,60,rectangle_java2.jpg,rectangle_java2.jpg,1333046485,76,959.391052631579,538.5526315789474,968.5,549,70,21,this.y2,7,class->block->function->block->block_content->return->expr->name->name->operator->name
2,60,rectangle_java2.jpg,rectangle_java2.jpg,1333346437,72,931.1711111111111,543.395,900.5,549,63,21,return,6,class->block->function->block->block_content->return
2,60,rectangle_java2.jpg,rectangle_java2.jpg,1333590504,124,1005.2754838709677,567.2267741935484,968.5,549,70,21,this.y2,7,class->block->function->block->block_content->return->expr->name->name->operator->name
2,60,rectangle_java2.jpg,rectangle_java2.jpg,1333818557,188,1057.533404255319,551.3576595744681,1045.5,549,13,21,-,1,class->block->function->block->block_content->return->expr->operator
2,60,rectangle_java2.jpg,rectangle_java2.jpg,1333818557,188,1057.533404255319,551.3576595744681,1064.5,549,71,21,this.y1,7,class->block->function->block->block_content->return->expr->name->name->operator->name
2,60,rectangle_java2.jpg,rectangle_java2.jpg,1333890545,68,1037.954705882353,548.9370588235295,968.5,549,70,21,this.y2,7,class->block->function->block->block_content->return->expr->name->name->operator->name
2,60,rectangle_java2.jpg,rectangle_java2.jpg,1333890545,68,1037.954705882353,548.9370588235295,1045.5,549,13,21,-,1,class->block->function->block->block_content->return->expr->operator
2,60,rectangle_java2.jpg,rectangle_java2.jpg,1333962508,68,1037.5129411764706,562.424705882353,968.5,549,70,21,this.y2,7,class->block->function->block->block_content->return->expr->name->name->operator->name
2,60,rectangle_java2.jpg,rectangle_java2.jpg,1333962508,68,1037.5129411764706,562.424705882353,1045.5,549,13,21,-,1,class->block->function->block->block_content->return->expr->operator
2,60,rectangle_java2.jpg,rectangle_java2.jpg,1334222491,172,1093.64,552.3741860465117,1064.5,549,71,21,this.y1,7,class->block->function->block->block_content->return->expr->name->name->operator->name
2,60,rectangle_java2.jpg,rectangle_java2.jpg,1334470460,212,1140.843396226415,554.17,1142.5,549,10,21,;,1,class->block->function->block->block_content->return
2,60,rectangle_java2.jpg,rectangle_java2.jpg,1334750443,208,990.9230769230769,517.6565384615385,958.5,512,71,21,this.x2,7,class->block->function->block->block_content->return->expr->name->name->operator->name->operator
2,60,rectangle_java2.jpg,rectangle_java2.jpg,1334850449,96,994.4941666666667,514.03625,958.5,512,71,21,this.x2,7,class->block->function->block->block_content->return->expr->name->name->operator->name->operator
2,60,rectangle_java2.jpg,rectangle_java2.jpg,1334986259,76,1139.3094736842106,566.1884210526316,1142.5,549,10,21,;,1,class->block->function->block->block_content->return
2,60,rectangle_java2.jpg,rectangle_java2.jpg,1335150197,160,1147.8585,563.37475,1142.5,549,10,21,;,1,class->block->function->block->block_content->return
2,60,rectangle_java2.jpg,rectangle_java2.jpg,1335450336,108,1123.5418518518518,530.3125925925926,1054.5,512,71,21,this.x1,7,class->block->function->block->block_content->return->expr->name->name->operator->name
2,60,rectangle_java2.jpg,rectangle_java2.jpg,1335450336,108,1123.5418518518518,530.3125925925926,1132.5,512,10,21,;,1,class->block->function->block
2,60,rectangle_java2.jpg,rectangle_java2.jpg,1336506353,228,1134.2557894736842,552.8371929824561,1064.5,549,71,21,this.y1,7,class->block->function->block->block_content->return->expr->name->name->operator->name
2,60,rectangle_java2.jpg,rectangle_java2.jpg,1336506353,228,1134.2557894736842,552.8371929824561,1142.5,549,10,21,;,1,class->block->function->block->block_content->return
2,60,rectangle_java2.jpg,rectangle_java2.jpg,1336834346,64,877.849375,574.685625,873.5,585,9,21,),1,class->block->function->parameter_list
2,60,rectangle_java2.jpg,rectangle_java2.jpg,1336994231,156,869.8471794871795,589.7943589743589,873.5,585,9,21,),1,class->block->function->parameter_list
2,60,rectangle_java2.jpg,rectangle_java2.jpg,1337054178,56,922.425,592.6457142857143,910.5,585,62,21,return,6,class->block->function->block->block_content->return
2,60,rectangle_java2.jpg,rectangle_java2.jpg,1337118168,60,924.114,582.3193333333334,910.5,585,62,21,return,6,class->block->function->block->block_content->return
2,60,rectangle_java2.jpg,rectangle_java2.jpg,1337494239,176,953.4586363636364,574.6947727272727,910.5,585,62,21,return,6,class->block->function->block->block_content->return
2,60,rectangle_java2.jpg,rectangle_java2.jpg,1337662238,164,953.7126829268293,591.2873170731707,910.5,585,62,21,return,6,class->block->function->block->block_content->return
2,60,rectangle_java2.jpg,rectangle_java2.jpg,1337782238,60,1003.326,590.32,977.5,585,101,21,this.width,10,class->block->function->block->block_content->return->expr->call->name->name->operator->name
2,60,rectangle_java2.jpg,rectangle_java2.jpg,1338342183,148,1061.1386486486485,589.1037837837838,977.5,585,101,21,this.width,10,class->block->function->block->block_content->return->expr->call->name->name->operator->name
2,60,rectangle_java2.jpg,rectangle_java2.jpg,1338590191,228,1123.6908771929825,587.8126315789474,1122.5,585,12,21,*,1,class->block->function->block->block_content->return->expr->operator
2,60,rectangle_java2.jpg,rectangle_java2.jpg,1338853927,60,1090.9833333333333,593.852,1086.5,585,10,21,(,1,class->block->function->block->block_content->return->expr->call->argument_list
2,60,rectangle_java2.jpg,rectangle_java2.jpg,1339090038,232,1094.171551724138,588.7206896551725,1086.5,585,10,21,(,1,class->block->function->block->block_content->return->expr->call->argument_list
2,60,rectangle_java2.jpg,rectangle_java2.jpg,1339090038,232,1094.171551724138,588.7206896551725,1103.5,585,9,21,),1,class->block->function->block->block_content->return->expr->call->argument_list
2,60,rectangle_java2.jpg,rectangle_java2.jpg,1339266067,136,1136.6023529411764,590.4411764705883,1140.5,585,110,21,this.height,11,class->block->function->block->block_content->return->expr->call->name->name->operator->name
2,60,rectangle_java2.jpg,rectangle_java2.jpg,1339366066,96,1144.3425,592.6679166666667,1140.5,585,110,21,this.height,11,class->block->function->block->block_content->return->expr->call->name->name->operator->name
2,60,rectangle_java2.jpg,rectangle_java2.jpg,1339478080,88,826.5904545454546,618.7872727272727,804.5,621,44,21,void,4,class->block->function->type->name
2,60,rectangle_java2.jpg,rectangle_java2.jpg,1339554083,72,814.7638888888889,628.5272222222222,804.5,621,44,21,void,4,class->block->function->type->name
2,60,rectangle_java2.jpg,rectangle_java2.jpg,1339698087,84,829.7214285714285,632.6519047619048,804.5,621,44,21,void,4,class->block->function->type->name
2,60,rectangle_java2.jpg,rectangle_java2.jpg,1340274059,208,903.7180769230769,654.2744230769231,902.5,658,34,20,new,3,class->block->function->block->block_content->decl_stmt->decl->init->expr->operator
2,60,rectangle_java2.jpg,rectangle_java2.jpg,1340522085,212,952.3703773584906,657.5235849056604,941.5,658,91,20,Rectangle,9,class->block->function->block->block_content->decl_stmt->decl->init->expr->call->name
2,60,rectangle_java2.jpg,rectangle_java2.jpg,1341129973,160,1040.19575,657.339,1041.5,658,9,20,(,1,class->block->function->block->block_content->decl_stmt->decl->init->expr->call->argument_list
2,60,rectangle_java2.jpg,rectangle_java2.jpg,1341417956,192,1028.964375,654.5154166666666,941.5,658,91,20,Rectangle,9,class->block->function->block->block_content->decl_stmt->decl->init->expr->call->name
2,60,rectangle_java2.jpg,rectangle_java2.jpg,1341513949,92,1016.8926086956521,647.5130434782609,941.5,658,91,20,Rectangle,9,class->block->function->block->block_content->decl_stmt->decl->init->expr->call->name
2,60,rectangle_java2.jpg,rectangle_java2.jpg,1341961911,216,1116.9474074074074,650.4803703703703,1115.5,658,10,20,",",1,class->block->function->block->block_content->decl_stmt->decl->init->expr->call->argument_list
2,60,rectangle_java2.jpg,rectangle_java2.jpg,1342117910,152,1118.2573684210527,648.8186842105263,1115.5,658,10,20,",",1,class->block->function->block->block_content->decl_stmt->decl->init->expr->call->argument_list
2,60,rectangle_java2.jpg,rectangle_java2.jpg,1342285924,164,1097.0463414634146,650.5919512195122,1095.5,658,13,20,0,1,class->block->function->block->block_content->decl_stmt->decl->init->expr->call->argument_list->argument->expr->literal
2,60,rectangle_java2.jpg,rectangle_java2.jpg,1342413943,124,1099.8187096774193,651.3790322580645,1095.5,658,13,20,0,1,class->block->function->block->block_content->decl_stmt->decl->init->expr->call->argument_list->argument->expr->literal
2,60,rectangle_java2.jpg,rectangle_java2.jpg,1342501929,84,1096.165238095238,654.5880952380952,1095.5,658,13,20,0,1,class->block->function->block->block_content->decl_stmt->decl->init->expr->call->argument_list->argument->expr->literal
2,60,rectangle_java2.jpg,rectangle_java2.jpg,1342605910,72,1172.9122222222222,657.6661111111111,1163.5,658,10,20,",",1,class->block->function->block->block_content->decl_stmt->decl->init->expr->call->argument_list
2,60,rectangle_java2.jpg,rectangle_java2.jpg,1342605910,72,1172.9122222222222,657.6661111111111,1182.5,658,22,20,10,2,class->block->function->block->block_content->decl_stmt->decl->init->expr->call->argument_list->argument->expr->literal
2,60,rectangle_java2.jpg,rectangle_java2.jpg,1343041834,68,1227.005294117647,657.4264705882352,1231.5,658,10,20,;,1,class->block->function->block->block_content->decl_stmt
2,60,rectangle_java2.jpg,rectangle_java2.jpg,1343221844,100,1230.3388,652.3272,1231.5,658,10,20,;,1,class->block->function->block->block_content->decl_stmt
2,60,rectangle_java2.jpg,rectangle_java2.jpg,1343509807,156,1228.5094871794872,648.0807692307692,1231.5,658,10,20,;,1,class->block->function->block->block_content->decl_stmt
2,60,rectangle_java2.jpg,rectangle_java2.jpg,1343617777,88,891.0295454545454,653.7772727272727,883.5,658,15,20,=,1,class->block->function->block->block_content->decl_stmt->decl->init
2,60,rectangle_java2.jpg,rectangle_java2.jpg,1343617777,88,891.0295454545454,653.7772727272727,902.5,658,34,20,new,3,class->block->function->block->block_content->decl_stmt->decl->init->expr->operator
2,60,rectangle_java2.jpg,rectangle_java2.jpg,1343693769,72,877.58,663.9172222222222,826.5,658,52,20,rect1,5,class->block->function->block->block_content->decl_stmt->decl->name
2,60,rectangle_java2.jpg,rectangle_java2.jpg,1343693769,72,877.58,663.9172222222222,883.5,658,15,20,=,1,class->block->function->block->block_content->decl_stmt->decl->init
2,60,rectangle_java2.jpg,rectangle_java2.jpg,1343765776,68,883.4064705882353,651.4711764705883,883.5,658,15,20,=,1,class->block->function->block->block_content->decl_stmt->decl->init
2,60,rectangle_java2.jpg,rectangle_java2.jpg,1343873796,104,867.06,653.6234615384616,826.5,658,52,20,rect1,5,class->block->function->block->block_content->decl_stmt->decl->name
2,60,rectangle_java2.jpg,rectangle_java2.jpg,1344065853,116,922.2413793103448,652.3444827586206,902.5,658,34,20,new,3,class->block->function->block->block_content->decl_stmt->decl->init->expr->operator
2,60,rectangle_java2.jpg,rectangle_java2.jpg,1344229947,132,817.7439393939394,617.839696969697,804.5,621,44,21,void,4,class->block->function->type->name
2,60,rectangle_java2.jpg,rectangle_java2.jpg,1344337925,56,805.2014285714286,724.0214285714286,730.5,731,91,20,Rectangle,9,class->block->function->block->block_content->decl_stmt->decl->type->name
2,60,rectangle_java2.jpg,rectangle_java2.jpg,1344469868,128,807.2659375,721.375625,730.5,731,91,20,Rectangle,9,class->block->function->block->block_content->decl_stmt->decl->type->name
2,60,rectangle_java2.jpg,rectangle_java2.jpg,1344581842,108,804.7211111111111,735.6018518518518,730.5,731,91,20,Rectangle,9,class->block->function->block->block_content->decl_stmt->decl->type->name
2,60,rectangle_java2.jpg,rectangle_java2.jpg,1344825738,176,879.9354545454546,737.2875,883.5,731,15,20,=,1,class->block->function->block->block_content->decl_stmt->decl->init
2,60,rectangle_java2.jpg,rectangle_java2.jpg,1344965675,116,944.0013793103449,730.9541379310346,941.5,731,91,20,Rectangle,9,class->block->function->block->block_content->decl_stmt->decl->init->expr->call->name
2,60,rectangle_java2.jpg,rectangle_java2.jpg,1345093646,124,954.1654838709677,721.7025806451613,941.5,731,91,20,Rectangle,9,class->block->function->block->block_content->decl_stmt->decl->init->expr->call->name
2,60,rectangle_java2.jpg,rectangle_java2.jpg,1345225672,128,981.1371875,730.04,941.5,731,91,20,Rectangle,9,class->block->function->block->block_content->decl_stmt->decl->init->expr->call->name
2,60,rectangle_java2.jpg,rectangle_java2.jpg,1345421661,192,976.0941666666666,734.405,941.5,731,91,20,Rectangle,9,class->block->function->block->block_content->decl_stmt->decl->init->expr->call->name
2,60,rectangle_java2.jpg,rectangle_java2.jpg,1345677665,172,884.7820930232558,647.8472093023256,883.5,658,15,20,=,1,class->block->function->block->block_content->decl_stmt->decl->init
2,60,rectangle_java2.jpg,rectangle_java2.jpg,1346137655,144,831.6247222222222,630.3869444444445,804.5,621,44,21,void,4,class->block->function->type->name
2,60,rectangle_java2.jpg,rectangle_java2.jpg,1346217649,76,834.9857894736842,620.5378947368421,804.5,621,44,21,void,4,class->block->function->type->name
2,60,rectangle_java2.jpg,rectangle_java2.jpg,1346377657,64,1013.459375,568.1274999999999,968.5,549,70,21,this.y2,7,class->block->function->block->block_content->return->expr->name->name->operator->name
2,60,rectangle_java2.jpg,rectangle_java2.jpg,1346501627,120,1014.9086666666667,576.9126666666666,977.5,585,101,21,this.width,10,class->block->function->block->block_content->return->expr->call->name->name->operator->name
2,60,rectangle_java2.jpg,rectangle_java2.jpg,1346689351,132,872.190303030303,554.1393939393939,863.5,549,9,21,),1,class->block->function->parameter_list
2,60,rectangle_java2.jpg,rectangle_java2.jpg,1346689351,132,872.190303030303,554.1393939393939,883.5,549,10,21,{,1,class->block->function->block
2,60,rectangle_java2.jpg,rectangle_java2.jpg,1347073532,96,944.9558333333333,540.89125,900.5,549,63,21,return,6,class->block->function->block->block_content->return
2,60,rectangle_java2.jpg,rectangle_java2.jpg,1347181540,72,903.72,544.8966666666666,900.5,549,63,21,return,6,class->block->function->block->block_content->return
2,60,rectangle_java2.jpg,rectangle_java2.jpg,1347325551,140,905.2745714285714,555.2265714285714,900.5,549,63,21,return,6,class->block->function->block->block_content->return
2,60,rectangle_java2.jpg,rectangle_java2.jpg,1347833630,148,911.4705405405406,542.1421621621622,900.5,549,63,21,return,6,class->block->function->block->block_content->return
2,60,rectangle_java2.jpg,rectangle_java2.jpg,1348069568,200,1022.4758,546.342,968.5,549,70,21,this.y2,7,class->block->function->block->block_content->return->expr->name->name->operator->name
2,60,rectangle_java2.jpg,rectangle_java2.jpg,1348173545,100,1025.2644,548.0608,968.5,549,70,21,this.y2,7,class->block->function->block->block_content->return->expr->name->name->operator->name
2,60,rectangle_java2.jpg,rectangle_java2.jpg,1348325509,108,977.5762962962963,546.9377777777778,968.5,549,70,21,this.y2,7,class->block->function->block->block_content->return->expr->name->name->operator->name
2,60,rectangle_java2.jpg,rectangle_java2.jpg,1348417530,64,1021.444375,563.685625,968.5,549,70,21,this.y2,7,class->block->function->block->block_content->return->expr->name->name->operator->name
2,60,rectangle_java2.jpg,rectangle_java2.jpg,1348489531,68,1037.6494117647057,552.0758823529412,968.5,549,70,21,this.y2,7,class->block->function->block->block_content->return->expr->name->name->operator->name
2,60,rectangle_java2.jpg,rectangle_java2.jpg,1348489531,68,1037.6494117647057,552.0758823529412,1045.5,549,13,21,-,1,class->block->function->block->block_content->return->expr->operator
2,60,rectangle_java2.jpg,rectangle_java2.jpg,1348585477,92,1032.8969565217392,541.0908695652174,968.5,549,70,21,this.y2,7,class->block->function->block->block_content->return->expr->name->name->operator->name
2,60,rectangle_java2.jpg,rectangle_java2.jpg,1348721434,68,1125.565294117647,562.179411764706,1064.5,549,71,21,this.y1,7,class->block->function->block->block_content->return->expr->name->name->operator->name
2,60,rectangle_java2.jpg,rectangle_java2.jpg,1348781427,56,1116.1778571428572,560.675,1064.5,549,71,21,this.y1,7,class->block->function->block->block_content->return->expr->name->name->operator->name
2,60,rectangle_java2.jpg,rectangle_java2.jpg,1348901411,116,1122.6162068965516,550.7965517241379,1064.5,549,71,21,this.y1,7,class->block->function->block->block_content->return->expr->name->name->operator->name
2,60,rectangle_java2.jpg,rectangle_java2.jpg,1350157424,72,1095.5855555555556,576.5355555555556,1086.5,585,10,21,(,1,class->block->function->block->block_content->return->expr->call->argument_list
2,60,rectangle_java2.jpg,rectangle_java2.jpg,1350157424,72,1095.5855555555556,576.5355555555556,1103.5,585,9,21,),1,class->block->function->block->block_content->return->expr->call->argument_list
2,60,rectangle_java2.jpg,rectangle_java2.jpg,1350365383,172,870.6211627906977,597.7279069767442,873.5,585,9,21,),1,class->block->function->parameter_list
2,60,rectangle_java2.jpg,rectangle_java2.jpg,1350445317,76,866.4763157894737,600.4568421052631,873.5,585,9,21,),1,class->block->function->parameter_list
2,60,rectangle_java2.jpg,rectangle_java2.jpg,1350749248,220,916.3614545454545,586.654,910.5,585,62,21,return,6,class->block->function->block->block_content->return
2,60,rectangle_java2.jpg,rectangle_java2.jpg,1350945318,184,1041.1769565217392,590.6869565217391,977.5,585,101,21,this.width,10,class->block->function->block->block_content->return->expr->call->name->name->operator->name
2,60,rectangle_java2.jpg,rectangle_java2.jpg,1351029312,80,1042.292,580.866,977.5,585,101,21,this.width,10,class->block->function->block->block_content->return->expr->call->name->name->operator->name
2,60,rectangle_java2.jpg,rectangle_java2.jpg,1351257275,184,1110.331304347826,586.450652173913,1103.5,585,9,21,),1,class->block->function->block->block_content->return->expr->call->argument_list
2,60,rectangle_java2.jpg,rectangle_java2.jpg,1351257275,184,1110.331304347826,586.450652173913,1122.5,585,12,21,*,1,class->block->function->block->block_content->return->expr->operator
2,60,rectangle_java2.jpg,rectangle_java2.jpg,1351573303,208,956.2376923076923,581.0413461538461,910.5,585,62,21,return,6,class->block->function->block->block_content->return
2,60,rectangle_java2.jpg,rectangle_java2.jpg,1351685368,108,951.6285185185185,595.0507407407407,910.5,585,62,21,return,6,class->block->function->block->block_content->return
2,60,rectangle_java2.jpg,rectangle_java2.jpg,1351773388,84,921.2295238095238,594.0066666666667,910.5,585,62,21,return,6,class->block->function->block->block_content->return
2,60,rectangle_java2.jpg,rectangle_java2.jpg,1351941289,88,888.699090909091,664.6086363636364,883.5,658,15,20,=,1,class->block->function->block->block_content->decl_stmt->decl->init
2,60,rectangle_java2.jpg,rectangle_java2.jpg,1352073239,128,874.3796875,676.06875,826.5,658,52,20,rect1,5,class->block->function->block->block_content->decl_stmt->decl->name
2,60,rectangle_java2.jpg,rectangle_java2.jpg,1352073239,128,874.3796875,676.06875,883.5,658,15,20,=,1,class->block->function->block->block_content->decl_stmt->decl->init
2,60,rectangle_java2.jpg,rectangle_java2.jpg,1352173232,96,870.295,664.9420833333334,826.5,658,52,20,rect1,5,class->block->function->block->block_content->decl_stmt->decl->name
2,60,rectangle_java2.jpg,rectangle_java2.jpg,1352453166,212,949.1433962264151,655.7850943396227,941.5,658,91,20,Rectangle,9,class->block->function->block->block_content->decl_stmt->decl->init->expr->call->name
2,60,rectangle_java2.jpg,rectangle_java2.jpg,1352685159,220,1053.8434545454545,654.6483636363637,1057.5,658,13,20,0,1,class->block->function->block->block_content->decl_stmt->decl->init->expr->call->argument_list->argument->expr->literal
2,60,rectangle_java2.jpg,rectangle_java2.jpg,1352881177,168,1130.4938095238094,657.7211904761905,1134.5,658,22,20,10,2,class->block->function->block->block_content->decl_stmt->decl->init->expr->call->argument_list->argument->expr->literal
2,60,rectangle_java2.jpg,rectangle_java2.jpg,1353281171,84,1238.96,649.5919047619047,1231.5,658,10,20,;,1,class->block->function->block->block_content->decl_stmt
2,60,rectangle_java2.jpg,rectangle_java2.jpg,1353373122,88,1220.6204545454545,655.6309090909091,1231.5,658,10,20,;,1,class->block->function->block->block_content->decl_stmt
2,60,rectangle_java2.jpg,rectangle_java2.jpg,1353461089,84,1228.547619047619,648.5352380952381,1231.5,658,10,20,;,1,class->block->function->block->block_content->decl_stmt
2,60,rectangle_java2.jpg,rectangle_java2.jpg,1353701134,152,787.1931578947368,729.7286842105264,730.5,731,91,20,Rectangle,9,class->block->function->block->block_content->decl_stmt->decl->type->name
2,60,rectangle_java2.jpg,rectangle_java2.jpg,1353789126,56,860.745,737.6592857142857,826.5,731,51,20,rect2,5,class->block->function->block->block_content->decl_stmt->decl->name
2,60,rectangle_java2.jpg,rectangle_java2.jpg,1354241110,72,903.9655555555555,723.995,902.5,731,34,20,new,3,class->block->function->block->block_content->decl_stmt->decl->init->expr->operator
2,60,rectangle_java2.jpg,rectangle_java2.jpg,1355073031,80,821.9245,499.6635,775.5,512,53,21,width,5,class->block->function->name
2,60,rectangle_java2.jpg,rectangle_java2.jpg,1355209024,132,818.0069696969697,504.1884848484849,775.5,512,53,21,width,5,class->block->function->name
2,60,rectangle_java2.jpg,rectangle_java2.jpg,1355273016,60,815.61,512.2833333333333,775.5,512,53,21,width,5,class->block->function->name
2,60,rectangle_java2.jpg,rectangle_java2.jpg,1355384995,108,854.942962962963,516.7014814814814,854.5,512,9,21,),1,class->block->function->parameter_list
2,60,rectangle_java2.jpg,rectangle_java2.jpg,1355509020,120,859.0356666666667,522.9386666666667,854.5,512,9,21,),1,class->block->function->parameter_list
2,60,rectangle_java2.jpg,rectangle_java2.jpg,1355653136,140,854.49,527.2448571428572,854.5,512,9,21,),1,class->block->function->parameter_list
2,60,rectangle_java2.jpg,rectangle_java2.jpg,1355757084,92,977.0930434782608,513.9486956521739,958.5,512,71,21,this.x2,7,class->block->function->block->block_content->return->expr->name->name->operator->name->operator
2,60,rectangle_java2.jpg,rectangle_java2.jpg,1355869007,56,982.3942857142857,524.2792857142857,958.5,512,71,21,this.x2,7,class->block->function->block->block_content->return->expr->name->name->operator->name->operator
2,60,rectangle_java2.jpg,rectangle_java2.jpg,1362236363,100,733.9644,267.4048,669.5,259,72,21,private,7,class->block->decl_stmt->decl->type->specifier
2,60,rectangle_java2.jpg,rectangle_java2.jpg,1362440465,72,799.7944444444445,269.485,785.5,259,23,21,x1,2,class->block->decl_stmt->decl->name
2,60,rectangle_java2.jpg,rectangle_java2.jpg,1362524480,80,798.2315,284.1095,737.5,295,91,21,Rectangle,9,class->block->constructor->name
2,60,rectangle_java2.jpg,rectangle_java2.jpg,1363120506,80,1131.0365,295.988,1112.5,295,33,21,int,3,class->block->constructor->parameter_list->parameter->decl->type->name
2,60,rectangle_java2.jpg,rectangle_java2.jpg,1363192517,68,1134.6070588235293,300.09,1112.5,295,33,21,int,3,class->block->constructor->parameter_list->parameter->decl->type->name
2,60,rectangle_java2.jpg,rectangle_java2.jpg,1363388493,144,852.9288888888889,346.1022222222222,856.5,331,10,19,;,1,class->block->constructor->block->block_content->expr_stmt
2,60,rectangle_java2.jpg,rectangle_java2.jpg,1363560472,136,803.8670588235294,375.19588235294117,806.5,367,15,21,=,1,class->block->constructor->block->block_content->expr_stmt->expr->operator
2,60,rectangle_java2.jpg,rectangle_java2.jpg,1363732474,168,798.2571428571429,371.2202380952381,730.5,367,71,21,this.y1,7,class->block->constructor->block->block_content->expr_stmt->expr->name->name->operator->name
2,60,rectangle_java2.jpg,rectangle_java2.jpg,1363732474,168,798.2571428571429,371.2202380952381,806.5,367,15,21,=,1,class->block->constructor->block->block_content->expr_stmt->expr->operator
2,60,rectangle_java2.jpg,rectangle_java2.jpg,1364264409,108,839.2903703703704,398.07703703703703,826.5,404,23,19,x2,2,class->block->constructor->block->block_content->expr_stmt->expr->name->name
2,60,rectangle_java2.jpg,rectangle_java2.jpg,1364380414,112,827.0782142857142,379.7210714285714,826.5,367,23,21,y1,2,class->block->constructor->block->block_content->expr_stmt->expr->name->name
2,60,rectangle_java2.jpg,rectangle_java2.jpg,1364484411,100,830.21,372.8828,826.5,367,23,21,y1,2,class->block->constructor->block->block_content->expr_stmt->expr->name->name
2,60,rectangle_java2.jpg,rectangle_java2.jpg,1367504256,76,933.6484210526315,658.4963157894737,902.5,658,34,20,new,3,class->block->function->block->block_content->decl_stmt->decl->init->expr->operator
2,60,rectangle_java2.jpg,rectangle_java2.jpg,1367504256,76,933.6484210526315,658.4963157894737,941.5,658,91,20,Rectangle,9,class->block->function->block->block_content->decl_stmt->decl->init->expr->call->name
2,60,rectangle_java2.jpg,rectangle_java2.jpg,1367620250,112,925.6335714285715,647.1610714285714,902.5,658,34,20,new,3,class->block->function->block->block_content->decl_stmt->decl->init->expr->operator
2,60,rectangle_java2.jpg,rectangle_java2.jpg,1367816259,180,866.2713333333334,530.4917777777778,874.5,512,10,21,{,1,class->block->function->block
2,60,rectangle_java2.jpg,rectangle_java2.jpg,1367968200,92,788.5282608695652,508.12434782608693,775.5,512,53,21,width,5,class->block->function->name
2,60,rectangle_java2.jpg,rectangle_java2.jpg,1368112127,84,786.822380952381,515.3147619047619,775.5,512,53,21,width,5,class->block->function->name
2,60,rectangle_java2.jpg,rectangle_java2.jpg,1368324153,116,844.2579310344828,553.3831034482758,846.5,549,10,21,(,1,class->block->function->parameter_list
2,60,rectangle_java2.jpg,rectangle_java2.jpg,1368416142,88,852.3140909090909,559.5699999999999,846.5,549,10,21,(,1,class->block->function->parameter_list
2,60,rectangle_java2.jpg,rectangle_java2.jpg,1368416142,88,852.3140909090909,559.5699999999999,863.5,549,9,21,),1,class->block->function->parameter_list
2,60,rectangle_java2.jpg,rectangle_java2.jpg,1368496132,76,842.5878947368421,545.5368421052632,846.5,549,10,21,(,1,class->block->function->parameter_list
2,60,rectangle_java2.jpg,rectangle_java2.jpg,1368664106,92,768.5930434782608,510.8730434782608,737.5,512,33,21,int,3,class->block->function->type->name
2,60,rectangle_java2.jpg,rectangle_java2.jpg,1368664106,92,768.5930434782608,510.8730434782608,775.5,512,53,21,width,5,class->block->function->name
2,60,rectangle_java2.jpg,rectangle_java2.jpg,1369268049,124,867.9706451612903,524.3712903225806,874.5,512,10,21,{,1,class->block->function->block
2,60,rectangle_java2.jpg,rectangle_java2.jpg,1369432087,152,999.2473684210527,512.5276315789474,958.5,512,71,21,this.x2,7,class->block->function->block->block_content->return->expr->name->name->operator->name->operator
2,60,rectangle_java2.jpg,rectangle_java2.jpg,1369668106,156,956.0584615384615,514.9035897435897,958.5,512,71,21,this.x2,7,class->block->function->block->block_content->return->expr->name->name->operator->name->operator
2,60,rectangle_java2.jpg,rectangle_java2.jpg,1370119871,112,751.1496428571429,515.1292857142857,737.5,512,33,21,int,3,class->block->function->type->name
2,60,rectangle_java2.jpg,rectangle_java2.jpg,1370323943,164,817.9975609756098,512.3160975609757,775.5,512,53,21,width,5,class->block->function->name
2,60,rectangle_java2.jpg,rectangle_java2.jpg,1370579947,196,858.5987755102041,507.9418367346939,854.5,512,9,21,),1,class->block->function->parameter_list
2,60,rectangle_java2.jpg,rectangle_java2.jpg,1370743950,124,1168.0709677419354,547.4487096774194,1161.5,549,10,21,},1,class->block->function->block
2,60,rectangle_java2.jpg,rectangle_java2.jpg,1371072031,180,1067.9486666666667,560.2211111111111,1064.5,549,71,21,this.y1,7,class->block->function->block->block_content->return->expr->name->name->operator->name
2,60,rectangle_java2.jpg,rectangle_java2.jpg,1371180030,64,1130.56,559.96875,1064.5,549,71,21,this.y1,7,class->block->function->block->block_content->return->expr->name->name->operator->name
2,60,rectangle_java2.jpg,rectangle_java2.jpg,1371180030,64,1130.56,559.96875,1142.5,549,10,21,;,1,class->block->function->block->block_content->return
2,60,rectangle_java2.jpg,rectangle_java2.jpg,1371419993,64,1133.78,540.4,1064.5,549,71,21,this.y1,7,class->block->function->block->block_content->return->expr->name->name->operator->name
2,60,rectangle_java2.jpg,rectangle_java2.jpg,1371419993,64,1133.78,540.4,1142.5,549,10,21,;,1,class->block->function->block->block_content->return
2,60,rectangle_java2.jpg,rectangle_java2.jpg,1371539995,116,1132.9593103448276,554.3220689655172,1064.5,549,71,21,this.y1,7,class->block->function->block->block_content->return->expr->name->name->operator->name
2,60,rectangle_java2.jpg,rectangle_java2.jpg,1371539995,116,1132.9593103448276,554.3220689655172,1142.5,549,10,21,;,1,class->block->function->block->block_content->return
2,60,rectangle_java2.jpg,rectangle_java2.jpg,1371695985,152,1129.2236842105262,556.3213157894737,1064.5,549,71,21,this.y1,7,class->block->function->block->block_content->return->expr->name->name->operator->name
2,60,rectangle_java2.jpg,rectangle_java2.jpg,1371835891,136,1111.4126470588235,561.3879411764706,1064.5,549,71,21,this.y1,7,class->block->function->block->block_content->return->expr->name->name->operator->name
2,60,rectangle_java2.jpg,rectangle_java2.jpg,1371903861,64,1109.09625,569.5856249999999,1064.5,549,71,21,this.y1,7,class->block->function->block->block_content->return->expr->name->name->operator->name
2,60,rectangle_java2.jpg,rectangle_java2.jpg,1372003846,64,981.401875,561.048125,968.5,549,70,21,this.y2,7,class->block->function->block->block_content->return->expr->name->name->operator->name
2,60,rectangle_java2.jpg,rectangle_java2.jpg,1372127819,120,960.224,555.3513333333333,900.5,549,63,21,return,6,class->block->function->block->block_content->return
2,60,rectangle_java2.jpg,rectangle_java2.jpg,1372127819,120,960.224,555.3513333333333,968.5,549,70,21,this.y2,7,class->block->function->block->block_content->return->expr->name->name->operator->name
2,60,rectangle_java2.jpg,rectangle_java2.jpg,1372199814,68,975.3652941176471,568.4817647058824,968.5,549,70,21,this.y2,7,class->block->function->block->block_content->return->expr->name->name->operator->name
2,60,rectangle_java2.jpg,rectangle_java2.jpg,1372295822,72,917.3194444444445,573.8783333333333,910.5,585,62,21,return,6,class->block->function->block->block_content->return
2,60,rectangle_java2.jpg,rectangle_java2.jpg,1372815869,88,1133.7718181818182,564.925,1064.5,549,71,21,this.y1,7,class->block->function->block->block_content->return->expr->name->name->operator->name
2,60,rectangle_java2.jpg,rectangle_java2.jpg,1372815869,88,1133.7718181818182,564.925,1142.5,549,10,21,;,1,class->block->function->block->block_content->return
2,60,rectangle_java2.jpg,rectangle_java2.jpg,1372927867,108,1138.64,557.4903703703703,1142.5,549,10,21,;,1,class->block->function->block->block_content->return
2,60,rectangle_java2.jpg,rectangle_java2.jpg,1373003863,56,1182.9542857142858,579.2135714285714,1140.5,585,110,21,this.height,11,class->block->function->block->block_content->return->expr->call->name->name->operator->name
2,60,rectangle_java2.jpg,rectangle_java2.jpg,1373671756,180,1104.4755555555555,595.3375555555556,1103.5,585,9,21,),1,class->block->function->block->block_content->return->expr->call->argument_list
2,60,rectangle_java2.jpg,rectangle_java2.jpg,1373811599,60,1080.4226666666666,580.68,1086.5,585,10,21,(,1,class->block->function->block->block_content->return->expr->call->argument_list
2,60,rectangle_java2.jpg,rectangle_java2.jpg,1373923557,108,1064.1114814814814,594.7440740740741,977.5,585,101,21,this.width,10,class->block->function->block->block_content->return->expr->call->name->name->operator->name
2,60,rectangle_java2.jpg,rectangle_java2.jpg,1374199664,88,1090.0322727272728,569.3259090909091,1064.5,549,71,21,this.y1,7,class->block->function->block->block_content->return->expr->name->name->operator->name
2,60,rectangle_java2.jpg,rectangle_java2.jpg,1374527678,88,1091.966818181818,603.0195454545454,1086.5,585,10,21,(,1,class->block->function->block->block_content->return->expr->call->argument_list
2,60,rectangle_java2.jpg,rectangle_java2.jpg,1374527678,88,1091.966818181818,603.0195454545454,1103.5,585,9,21,),1,class->block->function->block->block_content->return->expr->call->argument_list
2,60,rectangle_java2.jpg,rectangle_java2.jpg,1374651737,120,1070.7076666666667,611.844,1074.5,621,10,21,),1,class->block->function->parameter_list
2,60,rectangle_java2.jpg,rectangle_java2.jpg,1374791735,108,1091.4003703703704,595.2907407407407,1086.5,585,10,21,(,1,class->block->function->block->block_content->return->expr->call->argument_list
2,60,rectangle_java2.jpg,rectangle_java2.jpg,1374791735,108,1091.4003703703704,595.2907407407407,1103.5,585,9,21,),1,class->block->function->block->block_content->return->expr->call->argument_list
2,60,rectangle_java2.jpg,rectangle_java2.jpg,1374887737,92,1089.7821739130434,602.1260869565217,1086.5,585,10,21,(,1,class->block->function->block->block_content->return->expr->call->argument_list
2,60,rectangle_java2.jpg,rectangle_java2.jpg,1375019761,128,1087.1171875,595.3065625,1086.5,585,10,21,(,1,class->block->function->block->block_content->return->expr->call->argument_list
2,60,rectangle_java2.jpg,rectangle_java2.jpg,1375323686,84,1077.1404761904762,587.5533333333333,977.5,585,101,21,this.width,10,class->block->function->block->block_content->return->expr->call->name->name->operator->name
2,60,rectangle_java2.jpg,rectangle_java2.jpg,1375323686,84,1077.1404761904762,587.5533333333333,1086.5,585,10,21,(,1,class->block->function->block->block_content->return->expr->call->argument_list
2,60,rectangle_java2.jpg,rectangle_java2.jpg,1375523681,196,1078.2191836734694,600.2410204081633,977.5,585,101,21,this.width,10,class->block->function->block->block_content->return->expr->call->name->name->operator->name
2,60,rectangle_java2.jpg,rectangle_java2.jpg,1375523681,196,1078.2191836734694,600.2410204081633,1086.5,585,10,21,(,1,class->block->function->block->block_content->return->expr->call->argument_list
2,60,rectangle_java2.jpg,rectangle_java2.jpg,1375687692,160,1074.3335,604.36425,977.5,585,101,21,this.width,10,class->block->function->block->block_content->return->expr->call->name->name->operator->name
2,60,rectangle_java2.jpg,rectangle_java2.jpg,1375687692,160,1074.3335,604.36425,1086.5,585,10,21,(,1,class->block->function->block->block_content->return->expr->call->argument_list
2,60,rectangle_java2.jpg,rectangle_java2.jpg,1376159560,152,1082.7847368421053,593.8431578947368,1086.5,585,10,21,(,1,class->block->function->block->block_content->return->expr->call->argument_list
2,60,rectangle_java2.jpg,rectangle_java2.jpg,1376367618,204,1096.992156862745,600.3796078431373,1103.5,585,9,21,),1,class->block->function->block->block_content->return->expr->call->argument_list
2,60,rectangle_java2.jpg,rectangle_java2.jpg,1376523604,100,1095.2796,609.308,1094.5,621,10,21,{,1,class->block->function->block
2,60,rectangle_java2.jpg,rectangle_java2.jpg,1376647580,120,1098.6773333333333,605.47,1103.5,585,9,21,),1,class->block->function->block->block_content->return->expr->call->argument_list
2,60,rectangle_java2.jpg,rectangle_java2.jpg,1376947575,296,1098.9497297297298,597.982027027027,1103.5,585,9,21,),1,class->block->function->block->block_content->return->expr->call->argument_list
2,60,rectangle_java2.jpg,rectangle_java2.jpg,1377211545,136,891.3679411764706,315.8673529411765,890.5,295,24,21,x1,2,class->block->constructor->parameter_list->parameter->decl->type->name
2,60,rectangle_java2.jpg,rectangle_java2.jpg,1377983508,308,1088.681948051948,596.2045454545455,1086.5,585,10,21,(,1,class->block->function->block->block_content->return->expr->call->argument_list
2,60,rectangle_java2.jpg,rectangle_java2.jpg,1378627451,224,1100.8635714285715,591.5341071428571,1103.5,585,9,21,),1,class->block->function->block->block_content->return->expr->call->argument_list
2,60,rectangle_java2.jpg,rectangle_java2.jpg,1378883452,252,1099.6850793650794,588.6677777777778,1103.5,585,9,21,),1,class->block->function->block->block_content->return->expr->call->argument_list
2,60,rectangle_java2.jpg,rectangle_java2.jpg,1379183443,248,1212.4446774193548,658.5043548387097,1211.5,658,9,20,),1,class->block->function->block->block_content->decl_stmt->decl->init->expr->call->argument_list
2,60,rectangle_java2.jpg,rectangle_java2.jpg,1380151375,80,841.1125,601.542,804.5,585,43,21,area,4,class->block->function->name
