trial,participant,code_file,code_language,timestamp,duration,x_cord,y_cord,aoi_x,aoi_y,aoi_width,aoi_height,token,length,srcML
2,146,rectangle_java2.jpg,rectangle_java2.jpg,1074335491,60,759.724,292.59133333333335,737.5,295,91,21,Rectangle,9,class->block->constructor->name
2,146,rectangle_java2.jpg,rectangle_java2.jpg,1077915103,56,643.5492857142857,229.10500000000002,589.5,222,63,21,public,6,class->specifier
2,146,rectangle_java2.jpg,rectangle_java2.jpg,1078031091,80,714.957,230.4805,715.5,222,90,21,Rectangle,9,class->name
2,146,rectangle_java2.jpg,rectangle_java2.jpg,1078095077,60,713.2953333333334,241.64333333333332,715.5,222,90,21,Rectangle,9,class->name
2,146,rectangle_java2.jpg,rectangle_java2.jpg,1078623109,72,744.8066666666666,224.27222222222224,715.5,222,90,21,Rectangle,9,class->name
2,146,rectangle_java2.jpg,rectangle_java2.jpg,1078787116,76,692.6526315789474,220.80842105263162,657.5,222,52,21,class,5,class
2,146,rectangle_java2.jpg,rectangle_java2.jpg,1079566965,84,789.4719047619047,212.62333333333333,715.5,222,90,21,Rectangle,9,class->name
2,146,rectangle_java2.jpg,rectangle_java2.jpg,1079678964,60,760.374,209.9566666666667,715.5,222,90,21,Rectangle,9,class->name
2,146,rectangle_java2.jpg,rectangle_java2.jpg,1079938994,128,756.468125,225.4634375,715.5,222,90,21,Rectangle,9,class->name
2,146,rectangle_java2.jpg,rectangle_java2.jpg,1080006978,64,759.258125,239.24,715.5,222,90,21,Rectangle,9,class->name
2,146,rectangle_java2.jpg,rectangle_java2.jpg,1080114948,84,809.5171428571429,226.87571428571425,813.5,222,10,21,{,1,class->block
2,146,rectangle_java2.jpg,rectangle_java2.jpg,1080174928,56,815.3885714285714,236.32928571428573,813.5,222,10,21,{,1,class->block
2,146,rectangle_java2.jpg,rectangle_java2.jpg,1080454906,64,747.52125,210.69624999999996,715.5,222,90,21,Rectangle,9,class->name
2,146,rectangle_java2.jpg,rectangle_java2.jpg,1080662965,124,798.6622580645161,214.13516129032257,715.5,222,90,21,Rectangle,9,class->name
2,146,rectangle_java2.jpg,rectangle_java2.jpg,1082558697,56,750.7185714285714,288.32,737.5,295,91,21,Rectangle,9,class->block->constructor->name
2,146,rectangle_java2.jpg,rectangle_java2.jpg,1083586677,68,749.9688235294118,307.98,737.5,295,91,21,Rectangle,9,class->block->constructor->name
2,146,rectangle_java2.jpg,rectangle_java2.jpg,1083650680,60,754.2673333333333,307.894,737.5,295,91,21,Rectangle,9,class->block->constructor->name
2,146,rectangle_java2.jpg,rectangle_java2.jpg,1083722688,68,755.8105882352942,325.0005882352941,730.5,331,71,19,this.x1,7,class->block->constructor->block->block_content->expr_stmt->expr->name->name->operator->name
2,146,rectangle_java2.jpg,rectangle_java2.jpg,1087406324,76,959.5731578947368,249.81,959.5,259,10,21,;,1,class->block->decl_stmt
2,146,rectangle_java2.jpg,rectangle_java2.jpg,1088858223,80,741.051,315.1805,737.5,295,91,21,Rectangle,9,class->block->constructor->name
2,146,rectangle_java2.jpg,rectangle_java2.jpg,1089590112,64,731.43125,314.735,669.5,295,63,21,public,6,class->block->constructor->specifier
2,146,rectangle_java2.jpg,rectangle_java2.jpg,1089590112,64,731.43125,314.735,737.5,295,91,21,Rectangle,9,class->block->constructor->name
2,146,rectangle_java2.jpg,rectangle_java2.jpg,1089678163,84,729.7847619047619,308.31904761904764,669.5,295,63,21,public,6,class->block->constructor->specifier
2,146,rectangle_java2.jpg,rectangle_java2.jpg,1089678163,84,729.7847619047619,308.31904761904764,737.5,295,91,21,Rectangle,9,class->block->constructor->name
2,146,rectangle_java2.jpg,rectangle_java2.jpg,1089902179,116,780.9748275862069,292.5751724137931,737.5,295,91,21,Rectangle,9,class->block->constructor->name
2,146,rectangle_java2.jpg,rectangle_java2.jpg,1090358526,72,734.4094444444445,561.9372222222222,737.5,549,33,21,int,3,class->block->function->type->name
2,146,rectangle_java2.jpg,rectangle_java2.jpg,1090462359,72,688.3222222222222,561.255,669.5,549,63,21,public,6,class->block->function->type->specifier
2,146,rectangle_java2.jpg,rectangle_java2.jpg,1090550188,84,693.8357142857143,553.2180952380952,669.5,549,63,21,public,6,class->block->function->type->specifier
2,146,rectangle_java2.jpg,rectangle_java2.jpg,1090610122,56,687.5121428571429,561.8485714285714,669.5,549,63,21,public,6,class->block->function->type->specifier
2,146,rectangle_java2.jpg,rectangle_java2.jpg,1090738021,124,689.8912903225806,547.9464516129033,669.5,549,63,21,public,6,class->block->function->type->specifier
2,146,rectangle_java2.jpg,rectangle_java2.jpg,1090866022,80,786.5765,547.2105,775.5,549,62,21,height,6,class->block->function->name
2,146,rectangle_java2.jpg,rectangle_java2.jpg,1091038038,64,684.635,540.503125,669.5,549,63,21,public,6,class->block->function->type->specifier
2,146,rectangle_java2.jpg,rectangle_java2.jpg,1091318110,148,684.308918918919,539.1072972972972,669.5,549,63,21,public,6,class->block->function->type->specifier
2,146,rectangle_java2.jpg,rectangle_java2.jpg,1091382141,60,678.5106666666667,546.9006666666667,669.5,549,63,21,public,6,class->block->function->type->specifier
2,146,rectangle_java2.jpg,rectangle_java2.jpg,1091657944,56,718.03,550.5657142857143,669.5,549,63,21,public,6,class->block->function->type->specifier
2,146,rectangle_java2.jpg,rectangle_java2.jpg,1091741839,80,713.0675,551.9795,669.5,549,63,21,public,6,class->block->function->type->specifier
2,146,rectangle_java2.jpg,rectangle_java2.jpg,1091881845,64,693.645625,552.70625,669.5,549,63,21,public,6,class->block->function->type->specifier
2,146,rectangle_java2.jpg,rectangle_java2.jpg,1091941874,56,692.6157142857143,540.2821428571428,669.5,549,63,21,public,6,class->block->function->type->specifier
2,146,rectangle_java2.jpg,rectangle_java2.jpg,1092001891,56,699.2592857142857,545.1392857142857,669.5,549,63,21,public,6,class->block->function->type->specifier
2,146,rectangle_java2.jpg,rectangle_java2.jpg,1092121918,76,692.5405263157895,220.60631578947368,657.5,222,52,21,class,5,class
2,146,rectangle_java2.jpg,rectangle_java2.jpg,1092229864,104,695.5103846153846,224.1742307692308,657.5,222,52,21,class,5,class
2,146,rectangle_java2.jpg,rectangle_java2.jpg,1093721760,56,862.2657142857142,588.79,856.5,585,9,21,(,1,class->block->function->parameter_list
2,146,rectangle_java2.jpg,rectangle_java2.jpg,1093721760,56,862.2657142857142,588.79,873.5,585,9,21,),1,class->block->function->parameter_list
2,146,rectangle_java2.jpg,rectangle_java2.jpg,1093953767,68,961.8176470588235,602.3605882352941,910.5,585,62,21,return,6,class->block->function->block->block_content->return
2,146,rectangle_java2.jpg,rectangle_java2.jpg,1094017767,60,948.6946666666666,616.122,920.5,621,62,21,String,6,class->block->function->parameter_list->parameter->decl->type->name->name
2,146,rectangle_java2.jpg,rectangle_java2.jpg,1094093748,72,935.6411111111112,600.8561111111111,910.5,585,62,21,return,6,class->block->function->block->block_content->return
2,146,rectangle_java2.jpg,rectangle_java2.jpg,1094177723,80,942.9995,579.3149999999999,910.5,585,62,21,return,6,class->block->function->block->block_content->return
2,146,rectangle_java2.jpg,rectangle_java2.jpg,1094565755,104,1101.7692307692307,556.8403846153847,1064.5,549,71,21,this.y1,7,class->block->function->block->block_content->return->expr->name->name->operator->name
2,146,rectangle_java2.jpg,rectangle_java2.jpg,1095521641,68,991.4323529411765,585.4652941176471,977.5,585,101,21,this.width,10,class->block->function->block->block_content->return->expr->call->name->name->operator->name
2,146,rectangle_java2.jpg,rectangle_java2.jpg,1095593653,68,983.4894117647059,597.4470588235295,977.5,585,101,21,this.width,10,class->block->function->block->block_content->return->expr->call->name->name->operator->name
2,146,rectangle_java2.jpg,rectangle_java2.jpg,1095837616,128,894.6365625,622.8171875,851.5,621,44,21,main,4,class->block->function->name
2,146,rectangle_java2.jpg,rectangle_java2.jpg,1095837616,128,894.6365625,622.8171875,904.5,621,9,21,(,1,class->block->function->parameter_list
2,146,rectangle_java2.jpg,rectangle_java2.jpg,1095997683,92,997.4504347826087,633.7104347826087,990.5,621,10,21,[,1,class->block->function->parameter_list->parameter->decl->type->name->index
2,146,rectangle_java2.jpg,rectangle_java2.jpg,1095997683,92,997.4504347826087,633.7104347826087,1007.5,621,10,21,],1,class->block->function->parameter_list->parameter->decl->type->name->index
2,146,rectangle_java2.jpg,rectangle_java2.jpg,1096321606,56,1061.5885714285714,627.2457142857143,1025.5,621,42,21,args,4,class->block->function->parameter_list->parameter->decl->name
2,146,rectangle_java2.jpg,rectangle_java2.jpg,1096437443,112,1055.847142857143,659.5957142857143,1057.5,658,13,20,0,1,class->block->function->block->block_content->decl_stmt->decl->init->expr->call->argument_list->argument->expr->literal
2,146,rectangle_java2.jpg,rectangle_java2.jpg,1096609469,84,1226.6514285714286,658.2266666666667,1231.5,658,10,20,;,1,class->block->function->block->block_content->decl_stmt
2,146,rectangle_java2.jpg,rectangle_java2.jpg,1097813496,120,860.705,685.0506666666666,730.5,694,177,21,System.out.println,18,class->block->function->block->block_content->expr_stmt->expr->call->name->name->operator->name->operator->name
2,146,rectangle_java2.jpg,rectangle_java2.jpg,1098313404,136,784.2744117647059,711.4458823529412,730.5,694,177,21,System.out.println,18,class->block->function->block->block_content->expr_stmt->expr->call->name->name->operator->name->operator->name
2,146,rectangle_java2.jpg,rectangle_java2.jpg,1098517367,140,895.3354285714286,696.2865714285714,730.5,694,177,21,System.out.println,18,class->block->function->block->block_content->expr_stmt->expr->call->name->name->operator->name->operator->name
2,146,rectangle_java2.jpg,rectangle_java2.jpg,1098589364,68,878.32,691.1070588235294,730.5,694,177,21,System.out.println,18,class->block->function->block->block_content->expr_stmt->expr->call->name->name->operator->name->operator->name
2,146,rectangle_java2.jpg,rectangle_java2.jpg,1098801213,72,991.8222222222222,699.1661111111111,932.5,694,100,21,rect1.area,10,class->block->function->block->block_content->expr_stmt->expr->call->argument_list->argument->expr->call->name->name->operator->name
2,146,rectangle_java2.jpg,rectangle_java2.jpg,1098904969,100,992.0148,697.3208,932.5,694,100,21,rect1.area,10,class->block->function->block->block_content->expr_stmt->expr->call->argument_list->argument->expr->call->name->name->operator->name
2,146,rectangle_java2.jpg,rectangle_java2.jpg,1099297342,80,1092.0285000000001,700.5925,1096.5,694,10,21,;,1,class->block->function->block->block_content->expr_stmt
2,146,rectangle_java2.jpg,rectangle_java2.jpg,1099389323,88,1099.4663636363637,688.7972727272727,1096.5,694,10,21,;,1,class->block->function->block->block_content->expr_stmt
2,146,rectangle_java2.jpg,rectangle_java2.jpg,1099497254,104,1088.5346153846153,699.8184615384615,1096.5,694,10,21,;,1,class->block->function->block->block_content->expr_stmt
2,146,rectangle_java2.jpg,rectangle_java2.jpg,1100205212,68,1083.8688235294117,702.7317647058824,1077.5,694,9,21,),1,class->block->function->block->block_content->expr_stmt->expr->call->argument_list
2,146,rectangle_java2.jpg,rectangle_java2.jpg,1100341261,132,1079.6706060606061,705.729393939394,1077.5,694,9,21,),1,class->block->function->block->block_content->expr_stmt->expr->call->argument_list
2,146,rectangle_java2.jpg,rectangle_java2.jpg,1100493231,92,1074.6,713.8352173913044,1077.5,694,9,21,),1,class->block->function->block->block_content->expr_stmt->expr->call->argument_list
2,146,rectangle_java2.jpg,rectangle_java2.jpg,1100569207,72,1075.5205555555556,707.5805555555555,1077.5,694,9,21,),1,class->block->function->block->block_content->expr_stmt->expr->call->argument_list
2,146,rectangle_java2.jpg,rectangle_java2.jpg,1100909239,80,727.1155,735.808,730.5,731,91,20,Rectangle,9,class->block->function->block->block_content->decl_stmt->decl->type->name
2,146,rectangle_java2.jpg,rectangle_java2.jpg,1101172924,120,736.817,738.0216666666666,730.5,731,91,20,Rectangle,9,class->block->function->block->block_content->decl_stmt->decl->type->name
2,146,rectangle_java2.jpg,rectangle_java2.jpg,1101561125,64,855.259375,742.47875,826.5,731,51,20,rect2,5,class->block->function->block->block_content->decl_stmt->decl->name
2,146,rectangle_java2.jpg,rectangle_java2.jpg,1101789127,68,986.7217647058824,743.1735294117647,941.5,731,91,20,Rectangle,9,class->block->function->block->block_content->decl_stmt->decl->init->expr->call->name
2,146,rectangle_java2.jpg,rectangle_java2.jpg,1101901109,60,999.6253333333333,733.0106666666667,941.5,731,91,20,Rectangle,9,class->block->function->block->block_content->decl_stmt->decl->init->expr->call->name
2,146,rectangle_java2.jpg,rectangle_java2.jpg,1101973097,68,998.86,729.7111764705883,941.5,731,91,20,Rectangle,9,class->block->function->block->block_content->decl_stmt->decl->init->expr->call->name
2,146,rectangle_java2.jpg,rectangle_java2.jpg,1102481087,56,764.3628571428571,779.5571428571428,730.5,766,177,21,System.out.println,18,class->block->function->block->block_content->expr_stmt->expr->call->name->name->operator->name->operator->name
2,146,rectangle_java2.jpg,rectangle_java2.jpg,1102673055,76,761.1005263157895,764.6694736842105,730.5,766,177,21,System.out.println,18,class->block->function->block->block_content->expr_stmt->expr->call->name->name->operator->name->operator->name
2,146,rectangle_java2.jpg,rectangle_java2.jpg,1103368958,104,615.9111538461539,858.7576923076923,612.5,841,10,18,},1,class->block
2,146,rectangle_java2.jpg,rectangle_java2.jpg,1104624841,124,796.3690322580645,331.39290322580644,730.5,331,71,19,this.x1,7,class->block->constructor->block->block_content->expr_stmt->expr->name->name->operator->name
2,146,rectangle_java2.jpg,rectangle_java2.jpg,1104624841,124,796.3690322580645,331.39290322580644,806.5,331,15,19,=,1,class->block->constructor->block->block_content->expr_stmt->expr->operator
2,146,rectangle_java2.jpg,rectangle_java2.jpg,1104936833,72,744.705,773.0038888888889,730.5,766,177,21,System.out.println,18,class->block->function->block->block_content->expr_stmt->expr->call->name->name->operator->name->operator->name
2,146,rectangle_java2.jpg,rectangle_java2.jpg,1105644804,112,748.0739285714286,335.90285714285716,730.5,331,71,19,this.x1,7,class->block->constructor->block->block_content->expr_stmt->expr->name->name->operator->name
2,146,rectangle_java2.jpg,rectangle_java2.jpg,1106136682,164,727.7507317073171,320.93560975609756,730.5,331,71,19,this.x1,7,class->block->constructor->block->block_content->expr_stmt->expr->name->name->operator->name
