trial,participant,code_file,code_language,timestamp,duration,x_cord,y_cord,aoi_x,aoi_y,aoi_width,aoi_height,token,length,srcML
2,105,rectangle_java2.jpg,rectangle_java2.jpg,500642793,76,804.3815789473684,331.8921052631579,806.5,331,15,19,=,1,class->block->constructor->block->block_content->expr_stmt->expr->operator
2,105,rectangle_java2.jpg,rectangle_java2.jpg,500724596,76,808.3294736842105,332.17105263157896,806.5,331,15,19,=,1,class->block->constructor->block->block_content->expr_stmt->expr->operator
2,105,rectangle_java2.jpg,rectangle_java2.jpg,500932315,88,724.2018181818182,295.7431818181818,669.5,295,63,21,public,6,class->block->constructor->specifier
2,105,rectangle_java2.jpg,rectangle_java2.jpg,501020526,84,721.2904761904762,283.13428571428574,669.5,295,63,21,public,6,class->block->constructor->specifier
2,105,rectangle_java2.jpg,rectangle_java2.jpg,501160708,56,690.2307142857143,261.5807142857143,669.5,259,72,21,private,7,class->block->decl_stmt->decl->type->specifier
2,105,rectangle_java2.jpg,rectangle_java2.jpg,501608762,264,773.8262121212122,274.8262121212121,747.5,259,33,21,int,3,class->block->decl_stmt->decl->type->name
2,105,rectangle_java2.jpg,rectangle_java2.jpg,501608762,264,773.8262121212122,274.8262121212121,785.5,259,23,21,x1,2,class->block->decl_stmt->decl->name
2,105,rectangle_java2.jpg,rectangle_java2.jpg,501840673,196,818.7781632653061,277.4773469387755,815.5,259,10,21,",",1,class->block->decl_stmt
2,105,rectangle_java2.jpg,rectangle_java2.jpg,501980577,108,859.4188888888889,304.50666666666666,853.5,295,32,21,int,3,class->block->constructor->parameter_list->parameter->decl->type->name
2,105,rectangle_java2.jpg,rectangle_java2.jpg,502132589,148,864.1837837837838,312.4610810810811,853.5,295,32,21,int,3,class->block->constructor->parameter_list->parameter->decl->type->name
2,105,rectangle_java2.jpg,rectangle_java2.jpg,502580409,76,786.9426315789474,374.93842105263155,730.5,367,71,21,this.y1,7,class->block->constructor->block->block_content->expr_stmt->expr->name->name->operator->name
2,105,rectangle_java2.jpg,rectangle_java2.jpg,502704612,120,778.114,378.65066666666667,730.5,367,71,21,this.y1,7,class->block->constructor->block->block_content->expr_stmt->expr->name->name->operator->name
2,105,rectangle_java2.jpg,rectangle_java2.jpg,502864487,128,757.8578125,408.9903125,730.5,404,71,19,this.x2,7,class->block->constructor->block->block_content->expr_stmt->expr->name->name->operator->name
2,105,rectangle_java2.jpg,rectangle_java2.jpg,503048257,108,822.1944444444445,414.72185185185185,826.5,404,23,19,x2,2,class->block->constructor->block->block_content->expr_stmt->expr->name->name
2,105,rectangle_java2.jpg,rectangle_java2.jpg,503140400,88,820.8813636363636,428.4472727272728,806.5,440,15,21,=,1,class->block->constructor->block->block_content->expr_stmt->expr->operator
2,105,rectangle_java2.jpg,rectangle_java2.jpg,503140400,88,820.8813636363636,428.4472727272728,826.5,440,23,21,y2,2,class->block->constructor->block->block_content->expr_stmt->expr->name->name
2,105,rectangle_java2.jpg,rectangle_java2.jpg,503232542,60,785.9153333333334,538.8153333333333,775.5,549,62,21,height,6,class->block->function->name
2,105,rectangle_java2.jpg,rectangle_java2.jpg,503364641,100,787.0844,555.8424,775.5,549,62,21,height,6,class->block->function->name
2,105,rectangle_java2.jpg,rectangle_java2.jpg,503524541,108,750.434074074074,513.0444444444445,737.5,512,33,21,int,3,class->block->function->type->name
2,105,rectangle_java2.jpg,rectangle_java2.jpg,503660418,64,798.3875,503.411875,775.5,512,53,21,width,5,class->block->function->name
2,105,rectangle_java2.jpg,rectangle_java2.jpg,503768430,104,799.7723076923077,521.6826923076923,775.5,512,53,21,width,5,class->block->function->name
2,105,rectangle_java2.jpg,rectangle_java2.jpg,503856472,76,965.2947368421053,502.63052631578944,958.5,512,71,21,this.x2,7,class->block->function->block->block_content->return->expr->name->name->operator->name->operator
2,105,rectangle_java2.jpg,rectangle_java2.jpg,504052504,72,965.7055555555555,504.49333333333334,958.5,512,71,21,this.x2,7,class->block->function->block->block_content->return->expr->name->name->operator->name->operator
2,105,rectangle_java2.jpg,rectangle_java2.jpg,504544462,56,1102.4871428571428,509.23571428571427,1054.5,512,71,21,this.x1,7,class->block->function->block->block_content->return->expr->name->name->operator->name
2,105,rectangle_java2.jpg,rectangle_java2.jpg,505000397,120,749.8213333333333,507.14133333333336,737.5,512,33,21,int,3,class->block->function->type->name
2,105,rectangle_java2.jpg,rectangle_java2.jpg,505140308,92,805.8008695652173,508.82913043478266,775.5,512,53,21,width,5,class->block->function->name
2,105,rectangle_java2.jpg,rectangle_java2.jpg,505528383,60,1048.5953333333334,507.1533333333333,1054.5,512,71,21,this.x1,7,class->block->function->block->block_content->return->expr->name->name->operator->name
2,105,rectangle_java2.jpg,rectangle_java2.jpg,506140378,72,1127.6894444444445,562.5127777777777,1064.5,549,71,21,this.y1,7,class->block->function->block->block_content->return->expr->name->name->operator->name
2,105,rectangle_java2.jpg,rectangle_java2.jpg,506512296,72,980.8566666666667,530.1083333333333,958.5,512,71,21,this.x2,7,class->block->function->block->block_content->return->expr->name->name->operator->name->operator
2,105,rectangle_java2.jpg,rectangle_java2.jpg,506688070,72,1019.4477777777778,566.0661111111111,968.5,549,70,21,this.y2,7,class->block->function->block->block_content->return->expr->name->name->operator->name
2,105,rectangle_java2.jpg,rectangle_java2.jpg,508088266,68,982.92,561.1617647058823,968.5,549,70,21,this.y2,7,class->block->function->block->block_content->return->expr->name->name->operator->name
2,105,rectangle_java2.jpg,rectangle_java2.jpg,508172149,80,978.007,569.019,968.5,549,70,21,this.y2,7,class->block->function->block->block_content->return->expr->name->name->operator->name
2,105,rectangle_java2.jpg,rectangle_java2.jpg,508311896,64,1047.61625,543.185,1045.5,549,13,21,-,1,class->block->function->block->block_content->return->expr->operator
2,105,rectangle_java2.jpg,rectangle_java2.jpg,508540065,120,1044.2146666666667,567.629,1045.5,549,13,21,-,1,class->block->function->block->block_content->return->expr->operator
2,105,rectangle_java2.jpg,rectangle_java2.jpg,508652107,76,1028.9168421052632,561.2757894736842,968.5,549,70,21,this.y2,7,class->block->function->block->block_content->return->expr->name->name->operator->name
2,105,rectangle_java2.jpg,rectangle_java2.jpg,508776114,68,1035.8188235294117,577.5852941176471,977.5,585,101,21,this.width,10,class->block->function->block->block_content->return->expr->call->name->name->operator->name
2,105,rectangle_java2.jpg,rectangle_java2.jpg,509260067,64,1241.773125,587.744375,1140.5,585,110,21,this.height,11,class->block->function->block->block_content->return->expr->call->name->name->operator->name
2,105,rectangle_java2.jpg,rectangle_java2.jpg,509336044,72,1232.2755555555555,591.1388888888889,1140.5,585,110,21,this.height,11,class->block->function->block->block_content->return->expr->call->name->name->operator->name
2,105,rectangle_java2.jpg,rectangle_java2.jpg,509444052,84,1169.27,563.8842857142857,1161.5,549,10,21,},1,class->block->function->block
2,105,rectangle_java2.jpg,rectangle_java2.jpg,509612040,80,1255.731,602.9055,1259.5,585,9,21,(,1,class->block->function->block->block_content->return->expr->call->argument_list
2,105,rectangle_java2.jpg,rectangle_java2.jpg,509708019,56,1252.3207142857143,604.2342857142858,1259.5,585,9,21,(,1,class->block->function->block->block_content->return->expr->call->argument_list
2,105,rectangle_java2.jpg,rectangle_java2.jpg,509772078,60,1248.212,601.9086666666667,1140.5,585,110,21,this.height,11,class->block->function->block->block_content->return->expr->call->name->name->operator->name
2,105,rectangle_java2.jpg,rectangle_java2.jpg,509772078,60,1248.212,601.9086666666667,1259.5,585,9,21,(,1,class->block->function->block->block_content->return->expr->call->argument_list
2,105,rectangle_java2.jpg,rectangle_java2.jpg,510436134,64,797.151875,439.86187500000005,730.5,440,71,21,this.y2,7,class->block->constructor->block->block_content->expr_stmt->expr->name->name->operator->name
2,105,rectangle_java2.jpg,rectangle_java2.jpg,510436134,64,797.151875,439.86187500000005,806.5,440,15,21,=,1,class->block->constructor->block->block_content->expr_stmt->expr->operator
2,105,rectangle_java2.jpg,rectangle_java2.jpg,510668189,108,787.8511111111111,505.59037037037035,775.5,512,53,21,width,5,class->block->function->name
2,105,rectangle_java2.jpg,rectangle_java2.jpg,511459713,100,727.5219999999999,578.1764000000001,669.5,585,63,21,public,6,class->block->function->type->specifier
2,105,rectangle_java2.jpg,rectangle_java2.jpg,511459713,100,727.5219999999999,578.1764000000001,737.5,585,62,21,double,6,class->block->function->type->name
2,105,rectangle_java2.jpg,rectangle_java2.jpg,512199852,56,1020.8578571428571,577.9142857142857,977.5,585,101,21,this.width,10,class->block->function->block->block_content->return->expr->call->name->name->operator->name
2,105,rectangle_java2.jpg,rectangle_java2.jpg,512283852,80,1013.04,584.7455,977.5,585,101,21,this.width,10,class->block->function->block->block_content->return->expr->call->name->name->operator->name
2,105,rectangle_java2.jpg,rectangle_java2.jpg,513187655,60,917.614,622.712,920.5,621,62,21,String,6,class->block->function->parameter_list->parameter->decl->type->name->name
2,105,rectangle_java2.jpg,rectangle_java2.jpg,513383735,56,790.8014285714286,608.9764285714285,738.5,621,61,21,static,6,class->block->function->type->specifier
2,105,rectangle_java2.jpg,rectangle_java2.jpg,513703720,64,862.10875,639.411875,851.5,621,44,21,main,4,class->block->function->name
2,105,rectangle_java2.jpg,rectangle_java2.jpg,513791723,64,866.135,629.5625,851.5,621,44,21,main,4,class->block->function->name
2,105,rectangle_java2.jpg,rectangle_java2.jpg,513855722,60,864.4193333333333,641.8506666666666,851.5,621,44,21,main,4,class->block->function->name
2,105,rectangle_java2.jpg,rectangle_java2.jpg,514431651,100,974.4912,652.18,941.5,658,91,20,Rectangle,9,class->block->function->block->block_content->decl_stmt->decl->init->expr->call->name
2,105,rectangle_java2.jpg,rectangle_java2.jpg,514839556,112,1087.3932142857143,668.3603571428572,1095.5,658,13,20,0,1,class->block->function->block->block_content->decl_stmt->decl->init->expr->call->argument_list->argument->expr->literal
2,105,rectangle_java2.jpg,rectangle_java2.jpg,515151582,64,830.5125,653.589375,826.5,658,52,20,rect1,5,class->block->function->block->block_content->decl_stmt->decl->name
2,105,rectangle_java2.jpg,rectangle_java2.jpg,515231601,76,825.4731578947368,659.3673684210527,826.5,658,52,20,rect1,5,class->block->function->block->block_content->decl_stmt->decl->name
2,105,rectangle_java2.jpg,rectangle_java2.jpg,515455559,68,923.4276470588235,682.3541176470588,916.5,694,9,21,(,1,class->block->function->block->block_content->expr_stmt->expr->call->argument_list
2,105,rectangle_java2.jpg,rectangle_java2.jpg,515455559,68,923.4276470588235,682.3541176470588,932.5,694,100,21,rect1.area,10,class->block->function->block->block_content->expr_stmt->expr->call->argument_list->argument->expr->call->name->name->operator->name
2,105,rectangle_java2.jpg,rectangle_java2.jpg,515707600,100,975.2264,674.6492,941.5,658,91,20,Rectangle,9,class->block->function->block->block_content->decl_stmt->decl->init->expr->call->name
2,105,rectangle_java2.jpg,rectangle_java2.jpg,515799677,72,1092.905,675.6605555555556,1095.5,658,13,20,0,1,class->block->function->block->block_content->decl_stmt->decl->init->expr->call->argument_list->argument->expr->literal
2,105,rectangle_java2.jpg,rectangle_java2.jpg,515871737,68,1100.6882352941177,688.6982352941177,1096.5,694,10,21,;,1,class->block->function->block->block_content->expr_stmt
2,105,rectangle_java2.jpg,rectangle_java2.jpg,516531448,60,1168.8233333333333,672.106,1163.5,658,10,20,",",1,class->block->function->block->block_content->decl_stmt->decl->init->expr->call->argument_list
2,105,rectangle_java2.jpg,rectangle_java2.jpg,516863762,84,1205.0204761904763,657.5990476190476,1211.5,658,9,20,),1,class->block->function->block->block_content->decl_stmt->decl->init->expr->call->argument_list
2,105,rectangle_java2.jpg,rectangle_java2.jpg,517159442,60,871.8393333333333,685.1926666666667,730.5,694,177,21,System.out.println,18,class->block->function->block->block_content->expr_stmt->expr->call->name->name->operator->name->operator->name
2,105,rectangle_java2.jpg,rectangle_java2.jpg,517291445,64,830.5699999999999,665.173125,826.5,658,52,20,rect1,5,class->block->function->block->block_content->decl_stmt->decl->name
2,105,rectangle_java2.jpg,rectangle_java2.jpg,517639182,84,886.4414285714286,287.29238095238094,890.5,295,24,21,x1,2,class->block->constructor->parameter_list->parameter->decl->type->name
2,105,rectangle_java2.jpg,rectangle_java2.jpg,517743113,100,882.9752,287.6352,853.5,295,32,21,int,3,class->block->constructor->parameter_list->parameter->decl->type->name
2,105,rectangle_java2.jpg,rectangle_java2.jpg,517743113,100,882.9752,287.6352,890.5,295,24,21,x1,2,class->block->constructor->parameter_list->parameter->decl->type->name
2,105,rectangle_java2.jpg,rectangle_java2.jpg,517843247,96,883.15625,297.1541666666667,853.5,295,32,21,int,3,class->block->constructor->parameter_list->parameter->decl->type->name
2,105,rectangle_java2.jpg,rectangle_java2.jpg,517843247,96,883.15625,297.1541666666667,890.5,295,24,21,x1,2,class->block->constructor->parameter_list->parameter->decl->type->name
2,105,rectangle_java2.jpg,rectangle_java2.jpg,518111308,76,974.4473684210526,310.71473684210525,977.5,295,23,21,y1,2,class->block->constructor->parameter_list->parameter->decl->type->name
2,105,rectangle_java2.jpg,rectangle_java2.jpg,518427312,136,975.5094117647059,301.2194117647059,977.5,295,23,21,y1,2,class->block->constructor->parameter_list->parameter->decl->type->name
2,105,rectangle_java2.jpg,rectangle_java2.jpg,518507339,60,1055.424,305.67333333333335,1025.5,295,33,21,int,3,class->block->constructor->parameter_list->parameter->decl->type->name
2,105,rectangle_java2.jpg,rectangle_java2.jpg,518507339,60,1055.424,305.67333333333335,1063.5,295,23,21,x2,2,class->block->constructor->parameter_list->parameter->decl->type->name
2,105,rectangle_java2.jpg,rectangle_java2.jpg,518587317,76,1064.9047368421052,298.7621052631579,1063.5,295,23,21,x2,2,class->block->constructor->parameter_list->parameter->decl->type->name
2,105,rectangle_java2.jpg,rectangle_java2.jpg,518679284,88,1065.7304545454544,285.96090909090907,1063.5,295,23,21,x2,2,class->block->constructor->parameter_list->parameter->decl->type->name
2,105,rectangle_java2.jpg,rectangle_java2.jpg,518747279,64,1056.669375,290.101875,1025.5,295,33,21,int,3,class->block->constructor->parameter_list->parameter->decl->type->name
2,105,rectangle_java2.jpg,rectangle_java2.jpg,518747279,64,1056.669375,290.101875,1063.5,295,23,21,x2,2,class->block->constructor->parameter_list->parameter->decl->type->name
2,105,rectangle_java2.jpg,rectangle_java2.jpg,519143259,112,1117.857857142857,598.8239285714286,1122.5,585,12,21,*,1,class->block->function->block->block_content->return->expr->operator
2,105,rectangle_java2.jpg,rectangle_java2.jpg,519223217,76,1119.6057894736841,596.0821052631579,1122.5,585,12,21,*,1,class->block->function->block->block_content->return->expr->operator
2,105,rectangle_java2.jpg,rectangle_java2.jpg,519291182,64,1112.990625,586.37875,1122.5,585,12,21,*,1,class->block->function->block->block_content->return->expr->operator
2,105,rectangle_java2.jpg,rectangle_java2.jpg,519523208,84,1083.2614285714285,564.7238095238096,1064.5,549,71,21,this.y1,7,class->block->function->block->block_content->return->expr->name->name->operator->name
2,105,rectangle_java2.jpg,rectangle_java2.jpg,519771173,128,1123.4115625,661.6253125,1115.5,658,10,20,",",1,class->block->function->block->block_content->decl_stmt->decl->init->expr->call->argument_list
2,105,rectangle_java2.jpg,rectangle_java2.jpg,519771173,128,1123.4115625,661.6253125,1134.5,658,22,20,10,2,class->block->function->block->block_content->decl_stmt->decl->init->expr->call->argument_list->argument->expr->literal
2,105,rectangle_java2.jpg,rectangle_java2.jpg,519855174,80,1128.8835,657.044,1134.5,658,22,20,10,2,class->block->function->block->block_content->decl_stmt->decl->init->expr->call->argument_list->argument->expr->literal
2,105,rectangle_java2.jpg,rectangle_java2.jpg,519919175,60,1123.9246666666668,661.4313333333333,1115.5,658,10,20,",",1,class->block->function->block->block_content->decl_stmt->decl->init->expr->call->argument_list
2,105,rectangle_java2.jpg,rectangle_java2.jpg,519919175,60,1123.9246666666668,661.4313333333333,1134.5,658,22,20,10,2,class->block->function->block->block_content->decl_stmt->decl->init->expr->call->argument_list->argument->expr->literal
2,105,rectangle_java2.jpg,rectangle_java2.jpg,520039275,72,1121.431111111111,661.02,1115.5,658,10,20,",",1,class->block->function->block->block_content->decl_stmt->decl->init->expr->call->argument_list
2,105,rectangle_java2.jpg,rectangle_java2.jpg,520171341,128,1120.5734375,653.1528125,1115.5,658,10,20,",",1,class->block->function->block->block_content->decl_stmt->decl->init->expr->call->argument_list
2,105,rectangle_java2.jpg,rectangle_java2.jpg,520279236,104,1121.1811538461538,660.0961538461538,1115.5,658,10,20,",",1,class->block->function->block->block_content->decl_stmt->decl->init->expr->call->argument_list
2,105,rectangle_java2.jpg,rectangle_java2.jpg,520495225,212,1121.9205660377359,658.1950943396226,1115.5,658,10,20,",",1,class->block->function->block->block_content->decl_stmt->decl->init->expr->call->argument_list
2,105,rectangle_java2.jpg,rectangle_java2.jpg,520627141,60,1158.9093333333333,650.9953333333333,1163.5,658,10,20,",",1,class->block->function->block->block_content->decl_stmt->decl->init->expr->call->argument_list
2,105,rectangle_java2.jpg,rectangle_java2.jpg,520814960,88,1159.4318181818182,677.7168181818182,1163.5,658,10,20,",",1,class->block->function->block->block_content->decl_stmt->decl->init->expr->call->argument_list
2,105,rectangle_java2.jpg,rectangle_java2.jpg,521502964,104,1158.291153846154,676.6861538461538,1163.5,658,10,20,",",1,class->block->function->block->block_content->decl_stmt->decl->init->expr->call->argument_list
2,105,rectangle_java2.jpg,rectangle_java2.jpg,521903333,60,1093.596,695.3713333333334,1096.5,694,10,21,;,1,class->block->function->block->block_content->expr_stmt
2,105,rectangle_java2.jpg,rectangle_java2.jpg,522199078,88,1055.834090909091,729.5054545454545,1057.5,731,13,20,5,1,class->block->function->block->block_content->decl_stmt->decl->init->expr->call->argument_list->argument->expr->literal
2,105,rectangle_java2.jpg,rectangle_java2.jpg,522346837,96,914.4133333333333,706.1166666666667,916.5,694,9,21,(,1,class->block->function->block->block_content->expr_stmt->expr->call->argument_list
2,105,rectangle_java2.jpg,rectangle_java2.jpg,522630860,108,956.1155555555556,713.3314814814814,932.5,694,100,21,rect1.area,10,class->block->function->block->block_content->expr_stmt->expr->call->argument_list->argument->expr->call->name->name->operator->name
2,105,rectangle_java2.jpg,rectangle_java2.jpg,522754911,120,959.5206666666667,721.697,941.5,731,91,20,Rectangle,9,class->block->function->block->block_content->decl_stmt->decl->init->expr->call->name
2,105,rectangle_java2.jpg,rectangle_java2.jpg,523010868,160,799.169,709.7305,730.5,694,177,21,System.out.println,18,class->block->function->block->block_content->expr_stmt->expr->call->name->name->operator->name->operator->name
2,105,rectangle_java2.jpg,rectangle_java2.jpg,523142915,72,836.3333333333334,708.3638888888889,730.5,694,177,21,System.out.println,18,class->block->function->block->block_content->expr_stmt->expr->call->name->name->operator->name->operator->name
2,105,rectangle_java2.jpg,rectangle_java2.jpg,523226937,80,831.793,690.5105,730.5,694,177,21,System.out.println,18,class->block->function->block->block_content->expr_stmt->expr->call->name->name->operator->name->operator->name
2,105,rectangle_java2.jpg,rectangle_java2.jpg,523358949,80,883.6985,704.7385,730.5,694,177,21,System.out.println,18,class->block->function->block->block_content->expr_stmt->expr->call->name->name->operator->name->operator->name
2,105,rectangle_java2.jpg,rectangle_java2.jpg,523638908,120,979.6853333333333,703.999,932.5,694,100,21,rect1.area,10,class->block->function->block->block_content->expr_stmt->expr->call->argument_list->argument->expr->call->name->name->operator->name
2,105,rectangle_java2.jpg,rectangle_java2.jpg,523766849,124,969.3532258064516,699.7651612903226,932.5,694,100,21,rect1.area,10,class->block->function->block->block_content->expr_stmt->expr->call->argument_list->argument->expr->call->name->name->operator->name
2,105,rectangle_java2.jpg,rectangle_java2.jpg,523854800,84,973.124761904762,687.547619047619,932.5,694,100,21,rect1.area,10,class->block->function->block->block_content->expr_stmt->expr->call->argument_list->argument->expr->call->name->name->operator->name
2,105,rectangle_java2.jpg,rectangle_java2.jpg,524006760,112,1006.6396428571428,707.6442857142857,932.5,694,100,21,rect1.area,10,class->block->function->block->block_content->expr_stmt->expr->call->argument_list->argument->expr->call->name->name->operator->name
2,105,rectangle_java2.jpg,rectangle_java2.jpg,524142783,132,1009.1833333333333,704.0784848484849,932.5,694,100,21,rect1.area,10,class->block->function->block->block_content->expr_stmt->expr->call->argument_list->argument->expr->call->name->name->operator->name
2,105,rectangle_java2.jpg,rectangle_java2.jpg,524414791,68,992.5005882352941,704.8105882352941,932.5,694,100,21,rect1.area,10,class->block->function->block->block_content->expr_stmt->expr->call->argument_list->argument->expr->call->name->name->operator->name
2,105,rectangle_java2.jpg,rectangle_java2.jpg,524518787,100,996.7404,705.1088,932.5,694,100,21,rect1.area,10,class->block->function->block->block_content->expr_stmt->expr->call->argument_list->argument->expr->call->name->name->operator->name
2,105,rectangle_java2.jpg,rectangle_java2.jpg,524646799,124,998.0603225806452,712.7325806451613,932.5,694,100,21,rect1.area,10,class->block->function->block->block_content->expr_stmt->expr->call->argument_list->argument->expr->call->name->name->operator->name
2,105,rectangle_java2.jpg,rectangle_java2.jpg,524906745,256,1000.4575,727.36234375,941.5,731,91,20,Rectangle,9,class->block->function->block->block_content->decl_stmt->decl->init->expr->call->name
2,105,rectangle_java2.jpg,rectangle_java2.jpg,524982738,72,994.9711111111111,727.3055555555555,941.5,731,91,20,Rectangle,9,class->block->function->block->block_content->decl_stmt->decl->init->expr->call->name
2,105,rectangle_java2.jpg,rectangle_java2.jpg,525082730,96,994.4520833333333,710.7370833333333,932.5,694,100,21,rect1.area,10,class->block->function->block->block_content->expr_stmt->expr->call->argument_list->argument->expr->call->name->name->operator->name
2,105,rectangle_java2.jpg,rectangle_java2.jpg,525246729,80,974.1075,744.5595,941.5,731,91,20,Rectangle,9,class->block->function->block->block_content->decl_stmt->decl->init->expr->call->name
2,105,rectangle_java2.jpg,rectangle_java2.jpg,525562653,108,907.3311111111111,758.7492592592592,730.5,766,177,21,System.out.println,18,class->block->function->block->block_content->expr_stmt->expr->call->name->name->operator->name->operator->name
2,105,rectangle_java2.jpg,rectangle_java2.jpg,525562653,108,907.3311111111111,758.7492592592592,916.5,766,9,21,(,1,class->block->function->block->block_content->expr_stmt->expr->call->argument_list
2,105,rectangle_java2.jpg,rectangle_java2.jpg,525714642,80,832.9185,773.8025,730.5,766,177,21,System.out.println,18,class->block->function->block->block_content->expr_stmt->expr->call->name->name->operator->name->operator->name
2,105,rectangle_java2.jpg,rectangle_java2.jpg,525830612,60,826.9333333333333,764.4373333333333,730.5,766,177,21,System.out.println,18,class->block->function->block->block_content->expr_stmt->expr->call->name->name->operator->name->operator->name
2,105,rectangle_java2.jpg,rectangle_java2.jpg,526306592,80,1049.0230000000001,731.24,1041.5,731,9,20,(,1,class->block->function->block->block_content->decl_stmt->decl->init->expr->call->argument_list
2,105,rectangle_java2.jpg,rectangle_java2.jpg,526306592,80,1049.0230000000001,731.24,1057.5,731,13,20,5,1,class->block->function->block->block_content->decl_stmt->decl->init->expr->call->argument_list->argument->expr->literal
2,105,rectangle_java2.jpg,rectangle_java2.jpg,526378597,68,1053.7376470588235,743.2152941176471,1057.5,731,13,20,5,1,class->block->function->block->block_content->decl_stmt->decl->init->expr->call->argument_list->argument->expr->literal
2,105,rectangle_java2.jpg,rectangle_java2.jpg,526514599,100,1080.9964,753.7572,1077.5,766,9,21,),1,class->block->function->block->block_content->expr_stmt->expr->call->argument_list
2,105,rectangle_java2.jpg,rectangle_java2.jpg,526718583,56,1105.2785714285715,742.2621428571429,1095.5,731,13,20,5,1,class->block->function->block->block_content->decl_stmt->decl->init->expr->call->argument_list->argument->expr->literal
2,105,rectangle_java2.jpg,rectangle_java2.jpg,526718583,56,1105.2785714285715,742.2621428571429,1115.5,731,10,20,",",1,class->block->function->block->block_content->decl_stmt->decl->init->expr->call->argument_list
2,105,rectangle_java2.jpg,rectangle_java2.jpg,526998494,56,1139.277857142857,745.9364285714286,1134.5,731,22,20,10,2,class->block->function->block->block_content->decl_stmt->decl->init->expr->call->argument_list->argument->expr->literal
2,105,rectangle_java2.jpg,rectangle_java2.jpg,527218458,216,1144.6557407407408,745.7181481481482,1134.5,731,22,20,10,2,class->block->function->block->block_content->decl_stmt->decl->init->expr->call->argument_list->argument->expr->literal
2,105,rectangle_java2.jpg,rectangle_java2.jpg,528342475,96,957.4612500000001,785.63625,932.5,766,100,21,rect2.area,10,class->block->function->block->block_content->expr_stmt->expr->call->argument_list->argument->expr->call->name->name->operator->name
2,105,rectangle_java2.jpg,rectangle_java2.jpg,528470494,124,958.6667741935483,778.7587096774193,932.5,766,100,21,rect2.area,10,class->block->function->block->block_content->expr_stmt->expr->call->argument_list->argument->expr->call->name->name->operator->name
2,105,rectangle_java2.jpg,rectangle_java2.jpg,528686268,60,772.73,774.5253333333334,730.5,766,177,21,System.out.println,18,class->block->function->block->block_content->expr_stmt->expr->call->name->name->operator->name->operator->name
2,105,rectangle_java2.jpg,rectangle_java2.jpg,528910453,92,851.1895652173913,767.1082608695652,730.5,766,177,21,System.out.println,18,class->block->function->block->block_content->expr_stmt->expr->call->name->name->operator->name->operator->name
2,105,rectangle_java2.jpg,rectangle_java2.jpg,529510358,80,790.0075,374.706,730.5,367,71,21,this.y1,7,class->block->constructor->block->block_content->expr_stmt->expr->name->name->operator->name
2,105,rectangle_java2.jpg,rectangle_java2.jpg,529794358,88,776.3577272727273,323.6472727272727,730.5,331,71,19,this.x1,7,class->block->constructor->block->block_content->expr_stmt->expr->name->name->operator->name
2,105,rectangle_java2.jpg,rectangle_java2.jpg,529886335,56,773.1185714285714,242.825,715.5,222,90,21,Rectangle,9,class->name
2,105,rectangle_java2.jpg,rectangle_java2.jpg,530110353,128,787.4059374999999,254.20156250000002,785.5,259,23,21,x1,2,class->block->decl_stmt->decl->name
2,105,rectangle_java2.jpg,rectangle_java2.jpg,530414232,64,995.964375,742.61,941.5,731,91,20,Rectangle,9,class->block->function->block->block_content->decl_stmt->decl->init->expr->call->name
2,105,rectangle_java2.jpg,rectangle_java2.jpg,530522271,104,996.1073076923077,747.4773076923077,941.5,731,91,20,Rectangle,9,class->block->function->block->block_content->decl_stmt->decl->init->expr->call->name
2,105,rectangle_java2.jpg,rectangle_java2.jpg,530698290,76,1069.602105263158,736.0694736842105,1057.5,731,13,20,5,1,class->block->function->block->block_content->decl_stmt->decl->init->expr->call->argument_list->argument->expr->literal
2,105,rectangle_java2.jpg,rectangle_java2.jpg,530698290,76,1069.602105263158,736.0694736842105,1077.5,731,9,20,",",1,class->block->function->block->block_content->decl_stmt->decl->init->expr->call->argument_list
2,105,rectangle_java2.jpg,rectangle_java2.jpg,530830265,72,1077.3194444444443,734.0766666666667,1077.5,731,9,20,",",1,class->block->function->block->block_content->decl_stmt->decl->init->expr->call->argument_list
2,105,rectangle_java2.jpg,rectangle_java2.jpg,530986223,120,1061.4203333333332,656.9586666666667,1057.5,658,13,20,0,1,class->block->function->block->block_content->decl_stmt->decl->init->expr->call->argument_list->argument->expr->literal
2,105,rectangle_java2.jpg,rectangle_java2.jpg,531054215,64,1052.6287499999999,655.58,1057.5,658,13,20,0,1,class->block->function->block->block_content->decl_stmt->decl->init->expr->call->argument_list->argument->expr->literal
2,105,rectangle_java2.jpg,rectangle_java2.jpg,531258257,124,1078.458064516129,672.5109677419355,1077.5,658,9,20,",",1,class->block->function->block->block_content->decl_stmt->decl->init->expr->call->argument_list
2,105,rectangle_java2.jpg,rectangle_java2.jpg,531330322,68,1085.595882352941,671.4158823529411,1077.5,658,9,20,",",1,class->block->function->block->block_content->decl_stmt->decl->init->expr->call->argument_list
2,105,rectangle_java2.jpg,rectangle_java2.jpg,531330322,68,1085.595882352941,671.4158823529411,1095.5,658,13,20,0,1,class->block->function->block->block_content->decl_stmt->decl->init->expr->call->argument_list->argument->expr->literal
2,105,rectangle_java2.jpg,rectangle_java2.jpg,531430490,60,1126.172,675.14,1134.5,658,22,20,10,2,class->block->function->block->block_content->decl_stmt->decl->init->expr->call->argument_list->argument->expr->literal
2,105,rectangle_java2.jpg,rectangle_java2.jpg,532002073,104,1081.371153846154,762.8253846153846,1077.5,766,9,21,),1,class->block->function->block->block_content->expr_stmt->expr->call->argument_list
2,105,rectangle_java2.jpg,rectangle_java2.jpg,532094157,88,1075.005909090909,756.7136363636364,1077.5,766,9,21,),1,class->block->function->block->block_content->expr_stmt->expr->call->argument_list
2,105,rectangle_java2.jpg,rectangle_java2.jpg,534425950,96,865.5995833333334,755.17375,730.5,766,177,21,System.out.println,18,class->block->function->block->block_content->expr_stmt->expr->call->name->name->operator->name->operator->name
2,105,rectangle_java2.jpg,rectangle_java2.jpg,534525972,96,870.7016666666667,742.55625,826.5,731,51,20,rect2,5,class->block->function->block->block_content->decl_stmt->decl->name
2,105,rectangle_java2.jpg,rectangle_java2.jpg,534725996,64,850.9875,782.68875,730.5,766,177,21,System.out.println,18,class->block->function->block->block_content->expr_stmt->expr->call->name->name->operator->name->operator->name
2,105,rectangle_java2.jpg,rectangle_java2.jpg,534785950,56,845.4907142857143,767.5257142857143,730.5,766,177,21,System.out.println,18,class->block->function->block->block_content->expr_stmt->expr->call->name->name->operator->name->operator->name
2,105,rectangle_java2.jpg,rectangle_java2.jpg,534913737,68,843.5594117647058,765.0211764705882,730.5,766,177,21,System.out.println,18,class->block->function->block->block_content->expr_stmt->expr->call->name->name->operator->name->operator->name
2,105,rectangle_java2.jpg,rectangle_java2.jpg,535017632,64,752.17,745.7275,730.5,731,91,20,Rectangle,9,class->block->function->block->block_content->decl_stmt->decl->type->name
2,105,rectangle_java2.jpg,rectangle_java2.jpg,535153711,132,754.6636363636363,742.1469696969697,730.5,731,91,20,Rectangle,9,class->block->function->block->block_content->decl_stmt->decl->type->name
2,105,rectangle_java2.jpg,rectangle_java2.jpg,535525837,88,1019.1672727272727,770.9731818181818,932.5,766,100,21,rect2.area,10,class->block->function->block->block_content->expr_stmt->expr->call->argument_list->argument->expr->call->name->name->operator->name
2,105,rectangle_java2.jpg,rectangle_java2.jpg,535593843,64,1013.108125,767.67625,932.5,766,100,21,rect2.area,10,class->block->function->block->block_content->expr_stmt->expr->call->argument_list->argument->expr->call->name->name->operator->name
2,105,rectangle_java2.jpg,rectangle_java2.jpg,535653849,56,1010.6778571428572,760.8085714285714,932.5,766,100,21,rect2.area,10,class->block->function->block->block_content->expr_stmt->expr->call->argument_list->argument->expr->call->name->name->operator->name
