trial,participant,code_file,code_language,timestamp,duration,x_cord,y_cord,aoi_x,aoi_y,aoi_width,aoi_height,token,length,srcML
2,120,rectangle_java2.jpg,rectangle_java2.jpg,9951149310,88,929.1327272727273,682.5686363636364,932.5,694,100,21,rect1.area,10,class->block->function->block->block_content->expr_stmt->expr->call->argument_list->argument->expr->call->name->name->operator->name
2,120,rectangle_java2.jpg,rectangle_java2.jpg,9951261308,108,930.5007407407408,691.8996296296297,932.5,694,100,21,rect1.area,10,class->block->function->block->block_content->expr_stmt->expr->call->argument_list->argument->expr->call->name->name->operator->name
2,120,rectangle_java2.jpg,rectangle_java2.jpg,9951405175,80,764.528,225.46749999999997,715.5,222,90,21,Rectangle,9,class->name
2,120,rectangle_java2.jpg,rectangle_java2.jpg,9951505105,96,770.6425,241.08083333333332,715.5,222,90,21,Rectangle,9,class->name
2,120,rectangle_java2.jpg,rectangle_java2.jpg,9951609131,100,775.1104,247.01279999999997,747.5,259,33,21,int,3,class->block->decl_stmt->decl->type->name
2,120,rectangle_java2.jpg,rectangle_java2.jpg,9951609131,100,775.1104,247.01279999999997,785.5,259,23,21,x1,2,class->block->decl_stmt->decl->name
2,120,rectangle_java2.jpg,rectangle_java2.jpg,9951677180,64,774.626875,254.91562499999998,747.5,259,33,21,int,3,class->block->decl_stmt->decl->type->name
2,120,rectangle_java2.jpg,rectangle_java2.jpg,9951677180,64,774.626875,254.91562499999998,785.5,259,23,21,x1,2,class->block->decl_stmt->decl->name
2,120,rectangle_java2.jpg,rectangle_java2.jpg,9952741192,116,638.2858620689656,216.93172413793104,589.5,222,63,21,public,6,class->specifier
2,120,rectangle_java2.jpg,rectangle_java2.jpg,9952889156,144,638.8627777777778,219.61361111111114,589.5,222,63,21,public,6,class->specifier
2,120,rectangle_java2.jpg,rectangle_java2.jpg,9953156989,88,646.7545454545455,214.3931818181818,589.5,222,63,21,public,6,class->specifier
2,120,rectangle_java2.jpg,rectangle_java2.jpg,9953156989,88,646.7545454545455,214.3931818181818,657.5,222,52,21,class,5,class
2,120,rectangle_java2.jpg,rectangle_java2.jpg,9953945074,120,712.7203333333333,210.97433333333333,715.5,222,90,21,Rectangle,9,class->name
2,120,rectangle_java2.jpg,rectangle_java2.jpg,9954189096,188,650.5393617021276,216.87,589.5,222,63,21,public,6,class->specifier
2,120,rectangle_java2.jpg,rectangle_java2.jpg,9954189096,188,650.5393617021276,216.87,657.5,222,52,21,class,5,class
2,120,rectangle_java2.jpg,rectangle_java2.jpg,9959764875,96,769.2016666666667,212.78750000000002,715.5,222,90,21,Rectangle,9,class->name
2,120,rectangle_java2.jpg,rectangle_java2.jpg,9961416374,72,786.4072222222222,266.5722222222222,785.5,259,23,21,x1,2,class->block->decl_stmt->decl->name
2,120,rectangle_java2.jpg,rectangle_java2.jpg,9961644413,144,686.2786111111111,266.44055555555553,669.5,259,72,21,private,7,class->block->decl_stmt->decl->type->specifier
2,120,rectangle_java2.jpg,rectangle_java2.jpg,9962144364,80,889.727,247.98450000000003,881.5,259,23,21,x2,2,class->block->decl_stmt->decl->name
2,120,rectangle_java2.jpg,rectangle_java2.jpg,9962804249,160,740.007,288.77049999999997,737.5,295,91,21,Rectangle,9,class->block->constructor->name
2,120,rectangle_java2.jpg,rectangle_java2.jpg,9962932258,124,745.081935483871,291.7164516129032,737.5,295,91,21,Rectangle,9,class->block->constructor->name
2,120,rectangle_java2.jpg,rectangle_java2.jpg,9963104330,112,735.4096428571429,274.04535714285714,669.5,259,72,21,private,7,class->block->decl_stmt->decl->type->specifier
2,120,rectangle_java2.jpg,rectangle_java2.jpg,9963104330,112,735.4096428571429,274.04535714285714,747.5,259,33,21,int,3,class->block->decl_stmt->decl->type->name
2,120,rectangle_java2.jpg,rectangle_java2.jpg,9963248338,108,690.3844444444444,277.2862962962963,669.5,259,72,21,private,7,class->block->decl_stmt->decl->type->specifier
2,120,rectangle_java2.jpg,rectangle_java2.jpg,9963336336,84,693.1133333333333,283.0833333333333,669.5,295,63,21,public,6,class->block->constructor->specifier
2,120,rectangle_java2.jpg,rectangle_java2.jpg,9963632293,244,720.5454098360656,276.026393442623,669.5,259,72,21,private,7,class->block->decl_stmt->decl->type->specifier
2,120,rectangle_java2.jpg,rectangle_java2.jpg,9963748231,112,722.2271428571429,279.24357142857144,669.5,259,72,21,private,7,class->block->decl_stmt->decl->type->specifier
2,120,rectangle_java2.jpg,rectangle_java2.jpg,9963812139,60,710.698,288.7513333333333,669.5,295,63,21,public,6,class->block->constructor->specifier
2,120,rectangle_java2.jpg,rectangle_java2.jpg,9963876045,60,710.4733333333334,276.278,669.5,259,72,21,private,7,class->block->decl_stmt->decl->type->specifier
2,120,rectangle_java2.jpg,rectangle_java2.jpg,9964236136,356,712.6224719101124,292.2332584269663,669.5,295,63,21,public,6,class->block->constructor->specifier
2,120,rectangle_java2.jpg,rectangle_java2.jpg,9964472158,232,707.6863793103448,285.62327586206897,669.5,295,63,21,public,6,class->block->constructor->specifier
2,120,rectangle_java2.jpg,rectangle_java2.jpg,9964540151,64,718.385625,296.419375,669.5,295,63,21,public,6,class->block->constructor->specifier
2,120,rectangle_java2.jpg,rectangle_java2.jpg,9964672139,84,775.6947619047619,290.6942857142857,737.5,295,91,21,Rectangle,9,class->block->constructor->name
2,120,rectangle_java2.jpg,rectangle_java2.jpg,9964804131,80,768.3555,301.899,737.5,295,91,21,Rectangle,9,class->block->constructor->name
2,120,rectangle_java2.jpg,rectangle_java2.jpg,9964908128,100,745.9852,290.0632,737.5,295,91,21,Rectangle,9,class->block->constructor->name
2,120,rectangle_java2.jpg,rectangle_java2.jpg,9965076147,164,744.0970731707317,296.51585365853657,737.5,295,91,21,Rectangle,9,class->block->constructor->name
2,120,rectangle_java2.jpg,rectangle_java2.jpg,9965168164,56,713.7421428571429,284.95428571428573,669.5,295,63,21,public,6,class->block->constructor->specifier
2,120,rectangle_java2.jpg,rectangle_java2.jpg,9965332189,160,717.25975,298.82075,669.5,295,63,21,public,6,class->block->constructor->specifier
2,120,rectangle_java2.jpg,rectangle_java2.jpg,9965515855,156,768.5846153846154,301.72641025641025,737.5,295,91,21,Rectangle,9,class->block->constructor->name
2,120,rectangle_java2.jpg,rectangle_java2.jpg,9965767977,108,747.1140740740741,277.8411111111111,747.5,259,33,21,int,3,class->block->decl_stmt->decl->type->name
2,120,rectangle_java2.jpg,rectangle_java2.jpg,9966268018,72,816.7983333333333,268.9288888888889,815.5,259,10,21,",",1,class->block->decl_stmt
2,120,rectangle_java2.jpg,rectangle_java2.jpg,9966331997,60,809.3753333333333,293.5353333333333,737.5,295,91,21,Rectangle,9,class->block->constructor->name
2,120,rectangle_java2.jpg,rectangle_java2.jpg,9966543947,100,789.4888,294.6912,737.5,295,91,21,Rectangle,9,class->block->constructor->name
2,120,rectangle_java2.jpg,rectangle_java2.jpg,9966631864,84,801.587619047619,286.1804761904762,737.5,295,91,21,Rectangle,9,class->block->constructor->name
2,120,rectangle_java2.jpg,rectangle_java2.jpg,9966815783,112,750.5535714285714,361.0807142857143,730.5,367,71,21,this.y1,7,class->block->constructor->block->block_content->expr_stmt->expr->name->name->operator->name
2,120,rectangle_java2.jpg,rectangle_java2.jpg,9967032401,64,750.52125,357.73875,730.5,367,71,21,this.y1,7,class->block->constructor->block->block_content->expr_stmt->expr->name->name->operator->name
2,120,rectangle_java2.jpg,rectangle_java2.jpg,9967167975,68,807.27,334.47705882352943,806.5,331,15,19,=,1,class->block->constructor->block->block_content->expr_stmt->expr->operator
2,120,rectangle_java2.jpg,rectangle_java2.jpg,9967459867,108,744.4640740740741,395.04925925925926,730.5,404,71,19,this.x2,7,class->block->constructor->block->block_content->expr_stmt->expr->name->name->operator->name
2,120,rectangle_java2.jpg,rectangle_java2.jpg,9967551849,88,745.4481818181819,407.07681818181817,730.5,404,71,19,this.x2,7,class->block->constructor->block->block_content->expr_stmt->expr->name->name->operator->name
2,120,rectangle_java2.jpg,rectangle_java2.jpg,9967811724,196,691.9910204081633,517.738775510204,669.5,512,63,21,public,6,class->block->function->type->specifier
2,120,rectangle_java2.jpg,rectangle_java2.jpg,9968083825,140,797.8254285714286,532.8954285714286,775.5,512,53,21,width,5,class->block->function->name
2,120,rectangle_java2.jpg,rectangle_java2.jpg,9968183809,96,797.4570833333333,527.8220833333334,775.5,512,53,21,width,5,class->block->function->name
2,120,rectangle_java2.jpg,rectangle_java2.jpg,9968307844,68,977.6464705882353,508.52941176470586,958.5,512,71,21,this.x2,7,class->block->function->block->block_content->return->expr->name->name->operator->name->operator
2,120,rectangle_java2.jpg,rectangle_java2.jpg,9968599825,180,894.6997777777777,510.5011111111112,891.5,512,62,21,return,6,class->block->function->block->block_content->return->expr->name->name
2,120,rectangle_java2.jpg,rectangle_java2.jpg,9968679791,64,980.250625,518.3518750000001,958.5,512,71,21,this.x2,7,class->block->function->block->block_content->return->expr->name->name->operator->name->operator
2,120,rectangle_java2.jpg,rectangle_java2.jpg,9968763760,80,985.7425000000001,530.5509999999999,958.5,512,71,21,this.x2,7,class->block->function->block->block_content->return->expr->name->name->operator->name->operator
2,120,rectangle_java2.jpg,rectangle_java2.jpg,9969079742,128,1116.4278125,514.7734375,1054.5,512,71,21,this.x1,7,class->block->function->block->block_content->return->expr->name->name->operator->name
2,120,rectangle_java2.jpg,rectangle_java2.jpg,9969199737,60,1104.406,531.918,1054.5,512,71,21,this.x1,7,class->block->function->block->block_content->return->expr->name->name->operator->name
2,120,rectangle_java2.jpg,rectangle_java2.jpg,9969511751,104,1028.485,521.5815384615385,958.5,512,71,21,this.x2,7,class->block->function->block->block_content->return->expr->name->name->operator->name->operator
2,120,rectangle_java2.jpg,rectangle_java2.jpg,9969511751,104,1028.485,521.5815384615385,1035.5,512,13,21,-,1,class->block->function->block->block_content->return->expr->name->name
2,120,rectangle_java2.jpg,rectangle_java2.jpg,9969699742,156,976.5494871794872,509.44589743589745,958.5,512,71,21,this.x2,7,class->block->function->block->block_content->return->expr->name->name->operator->name->operator
2,120,rectangle_java2.jpg,rectangle_java2.jpg,9969847712,80,875.7315,508.05449999999996,874.5,512,10,21,{,1,class->block->function->block
2,120,rectangle_java2.jpg,rectangle_java2.jpg,9970007448,72,755.2333333333333,512.585,737.5,512,33,21,int,3,class->block->function->type->name
2,120,rectangle_java2.jpg,rectangle_java2.jpg,9970447529,360,989.8834444444444,532.3294444444444,958.5,512,71,21,this.x2,7,class->block->function->block->block_content->return->expr->name->name->operator->name->operator
2,120,rectangle_java2.jpg,rectangle_java2.jpg,9970543557,64,1027.764375,527.5225,958.5,512,71,21,this.x2,7,class->block->function->block->block_content->return->expr->name->name->operator->name->operator
2,120,rectangle_java2.jpg,rectangle_java2.jpg,9970543557,64,1027.764375,527.5225,1035.5,512,13,21,-,1,class->block->function->block->block_content->return->expr->name->name
2,120,rectangle_java2.jpg,rectangle_java2.jpg,9970631559,84,1023.7833333333333,522.8233333333334,958.5,512,71,21,this.x2,7,class->block->function->block->block_content->return->expr->name->name->operator->name->operator
2,120,rectangle_java2.jpg,rectangle_java2.jpg,9970631559,84,1023.7833333333333,522.8233333333334,1035.5,512,13,21,-,1,class->block->function->block->block_content->return->expr->name->name
2,120,rectangle_java2.jpg,rectangle_java2.jpg,9970795559,124,1031.9512903225807,520.648064516129,1035.5,512,13,21,-,1,class->block->function->block->block_content->return->expr->name->name
2,120,rectangle_java2.jpg,rectangle_java2.jpg,9970987579,148,1156.8991891891892,520.3775675675676,1152.5,512,10,21,},1,class->block
2,120,rectangle_java2.jpg,rectangle_java2.jpg,9971183678,116,1106.6620689655172,524.9848275862068,1054.5,512,71,21,this.x1,7,class->block->function->block->block_content->return->expr->name->name->operator->name
2,120,rectangle_java2.jpg,rectangle_java2.jpg,9971379656,92,1154.7960869565218,532.3221739130435,1152.5,512,10,21,},1,class->block
2,120,rectangle_java2.jpg,rectangle_java2.jpg,9971471597,88,1155.7304545454544,510.755,1152.5,512,10,21,},1,class->block
2,120,rectangle_java2.jpg,rectangle_java2.jpg,9971667514,120,918.6876666666667,563.8193333333334,900.5,549,63,21,return,6,class->block->function->block->block_content->return
2,120,rectangle_java2.jpg,rectangle_java2.jpg,9971791475,120,916.9416666666667,569.552,900.5,549,63,21,return,6,class->block->function->block->block_content->return
2,120,rectangle_java2.jpg,rectangle_java2.jpg,9972151506,116,750.9396551724138,602.3793103448276,737.5,585,62,21,double,6,class->block->function->type->name
2,120,rectangle_java2.jpg,rectangle_java2.jpg,9972463554,64,697.846875,609.5962499999999,669.5,621,63,21,public,6,class->block->function->type->specifier
2,120,rectangle_java2.jpg,rectangle_java2.jpg,9972531485,64,707.7775,590.83375,669.5,585,63,21,public,6,class->block->function->type->specifier
2,120,rectangle_java2.jpg,rectangle_java2.jpg,9972691466,112,761.0607142857143,596.6196428571428,737.5,585,62,21,double,6,class->block->function->type->name
2,120,rectangle_java2.jpg,rectangle_java2.jpg,9972943284,120,803.9106666666667,545.566,775.5,549,62,21,height,6,class->block->function->name
2,120,rectangle_java2.jpg,rectangle_java2.jpg,9973087429,72,722.54,562.2883333333333,669.5,549,63,21,public,6,class->block->function->type->specifier
2,120,rectangle_java2.jpg,rectangle_java2.jpg,9973159483,68,727.6888235294118,558.8652941176471,669.5,549,63,21,public,6,class->block->function->type->specifier
2,120,rectangle_java2.jpg,rectangle_java2.jpg,9973159483,68,727.6888235294118,558.8652941176471,737.5,549,33,21,int,3,class->block->function->type->name
2,120,rectangle_java2.jpg,rectangle_java2.jpg,9973387229,128,1016.383125,562.566875,968.5,549,70,21,this.y2,7,class->block->function->block->block_content->return->expr->name->name->operator->name
2,120,rectangle_java2.jpg,rectangle_java2.jpg,9973551186,160,1009.055,567.8725000000001,968.5,549,70,21,this.y2,7,class->block->function->block->block_content->return->expr->name->name->operator->name
2,120,rectangle_java2.jpg,rectangle_java2.jpg,9973891230,116,1169.1572413793103,560.4824137931034,1161.5,549,10,21,},1,class->block->function->block
2,120,rectangle_java2.jpg,rectangle_java2.jpg,9974135229,160,1128.07475,558.77575,1064.5,549,71,21,this.y1,7,class->block->function->block->block_content->return->expr->name->name->operator->name
2,120,rectangle_java2.jpg,rectangle_java2.jpg,9974227319,64,1153.08125,591.1475,1140.5,585,110,21,this.height,11,class->block->function->block->block_content->return->expr->call->name->name->operator->name
2,120,rectangle_java2.jpg,rectangle_java2.jpg,9974327416,96,1151.5629166666668,601.1075,1140.5,585,110,21,this.height,11,class->block->function->block->block_content->return->expr->call->name->name->operator->name
2,120,rectangle_java2.jpg,rectangle_java2.jpg,9974495388,120,1270.3603333333333,601.5926666666667,1276.5,585,9,21,),1,class->block->function->block->block_content->return->expr->call->argument_list
2,120,rectangle_java2.jpg,rectangle_java2.jpg,9974595356,60,746.7713333333334,668.742,730.5,658,91,20,Rectangle,9,class->block->function->block->block_content->decl_stmt->decl->type->name
2,120,rectangle_java2.jpg,rectangle_java2.jpg,9974703352,104,747.21,675.9619230769231,730.5,658,91,20,Rectangle,9,class->block->function->block->block_content->decl_stmt->decl->type->name
2,120,rectangle_java2.jpg,rectangle_java2.jpg,9975071129,128,732.0859375,705.235,730.5,694,177,21,System.out.println,18,class->block->function->block->block_content->expr_stmt->expr->call->name->name->operator->name->operator->name
2,120,rectangle_java2.jpg,rectangle_java2.jpg,9975659195,156,768.8753846153846,636.126923076923,738.5,621,61,21,static,6,class->block->function->type->specifier
2,120,rectangle_java2.jpg,rectangle_java2.jpg,9975907197,100,855.1936000000001,633.74,851.5,621,44,21,main,4,class->block->function->name
2,120,rectangle_java2.jpg,rectangle_java2.jpg,9976031200,72,759.6233333333333,640.8555555555556,738.5,621,61,21,static,6,class->block->function->type->specifier
2,120,rectangle_java2.jpg,rectangle_java2.jpg,9976103197,68,759.4641176470589,626.8711764705882,738.5,621,61,21,static,6,class->block->function->type->specifier
2,120,rectangle_java2.jpg,rectangle_java2.jpg,9976411161,84,752.8823809523809,706.077619047619,730.5,694,177,21,System.out.println,18,class->block->function->block->block_content->expr_stmt->expr->call->name->name->operator->name->operator->name
2,120,rectangle_java2.jpg,rectangle_java2.jpg,9976590929,176,751.7695454545454,707.7625,730.5,694,177,21,System.out.println,18,class->block->function->block->block_content->expr_stmt->expr->call->name->name->operator->name->operator->name
2,120,rectangle_java2.jpg,rectangle_java2.jpg,9976679010,84,759.8466666666667,704.3819047619047,730.5,694,177,21,System.out.println,18,class->block->function->block->block_content->expr_stmt->expr->call->name->name->operator->name->operator->name
2,120,rectangle_java2.jpg,rectangle_java2.jpg,9976811083,104,875.125,695.1161538461538,730.5,694,177,21,System.out.println,18,class->block->function->block->block_content->expr_stmt->expr->call->name->name->operator->name->operator->name
2,120,rectangle_java2.jpg,rectangle_java2.jpg,9976899064,84,875.437619047619,685.9804761904762,730.5,694,177,21,System.out.println,18,class->block->function->block->block_content->expr_stmt->expr->call->name->name->operator->name->operator->name
2,120,rectangle_java2.jpg,rectangle_java2.jpg,9977275056,184,817.8191304347827,675.0252173913043,730.5,658,91,20,Rectangle,9,class->block->function->block->block_content->decl_stmt->decl->type->name
2,120,rectangle_java2.jpg,rectangle_java2.jpg,9977275056,184,817.8191304347827,675.0252173913043,826.5,658,52,20,rect1,5,class->block->function->block->block_content->decl_stmt->decl->name
2,120,rectangle_java2.jpg,rectangle_java2.jpg,9977339066,60,820.0773333333333,673.3393333333333,730.5,658,91,20,Rectangle,9,class->block->function->block->block_content->decl_stmt->decl->type->name
2,120,rectangle_java2.jpg,rectangle_java2.jpg,9977339066,60,820.0773333333333,673.3393333333333,826.5,658,52,20,rect1,5,class->block->function->block->block_content->decl_stmt->decl->name
2,120,rectangle_java2.jpg,rectangle_java2.jpg,9977851046,236,1076.0583050847458,685.4493220338983,1077.5,694,9,21,),1,class->block->function->block->block_content->expr_stmt->expr->call->argument_list
2,120,rectangle_java2.jpg,rectangle_java2.jpg,9978355051,104,718.7303846153847,735.2,730.5,731,91,20,Rectangle,9,class->block->function->block->block_content->decl_stmt->decl->type->name
2,120,rectangle_java2.jpg,rectangle_java2.jpg,9978451048,92,722.65,734.1382608695652,730.5,731,91,20,Rectangle,9,class->block->function->block->block_content->decl_stmt->decl->type->name
2,120,rectangle_java2.jpg,rectangle_java2.jpg,9979058963,64,721.94625,684.02,730.5,694,177,21,System.out.println,18,class->block->function->block->block_content->expr_stmt->expr->call->name->name->operator->name->operator->name
2,120,rectangle_java2.jpg,rectangle_java2.jpg,9979522891,56,837.5264285714286,674.1507142857142,826.5,658,52,20,rect1,5,class->block->function->block->block_content->decl_stmt->decl->name
2,120,rectangle_java2.jpg,rectangle_java2.jpg,9979618807,76,928.7315789473685,675.7315789473685,902.5,658,34,20,new,3,class->block->function->block->block_content->decl_stmt->decl->init->expr->operator
2,120,rectangle_java2.jpg,rectangle_java2.jpg,9979806771,184,931.1797826086956,677.7797826086957,902.5,658,34,20,new,3,class->block->function->block->block_content->decl_stmt->decl->init->expr->operator
2,120,rectangle_java2.jpg,rectangle_java2.jpg,9979806771,184,931.1797826086956,677.7797826086957,941.5,658,91,20,Rectangle,9,class->block->function->block->block_content->decl_stmt->decl->init->expr->call->name
2,120,rectangle_java2.jpg,rectangle_java2.jpg,9980178802,104,1153.3738461538462,662.4303846153846,1134.5,658,22,20,10,2,class->block->function->block->block_content->decl_stmt->decl->init->expr->call->argument_list->argument->expr->literal
2,120,rectangle_java2.jpg,rectangle_java2.jpg,9980178802,104,1153.3738461538462,662.4303846153846,1163.5,658,10,20,",",1,class->block->function->block->block_content->decl_stmt->decl->init->expr->call->argument_list
2,120,rectangle_java2.jpg,rectangle_java2.jpg,9980402798,120,1228.0323333333333,677.2613333333334,1231.5,658,10,20,;,1,class->block->function->block->block_content->decl_stmt
2,120,rectangle_java2.jpg,rectangle_java2.jpg,9980578803,108,723.2166666666667,733.9737037037037,730.5,731,91,20,Rectangle,9,class->block->function->block->block_content->decl_stmt->decl->type->name
2,120,rectangle_java2.jpg,rectangle_java2.jpg,9980638810,56,722.1207142857143,742.3671428571429,730.5,731,91,20,Rectangle,9,class->block->function->block->block_content->decl_stmt->decl->type->name
2,120,rectangle_java2.jpg,rectangle_java2.jpg,9980734784,92,724.9108695652174,735.5921739130434,730.5,731,91,20,Rectangle,9,class->block->function->block->block_content->decl_stmt->decl->type->name
2,120,rectangle_java2.jpg,rectangle_java2.jpg,9980830748,68,857.5088235294118,722.3905882352941,826.5,731,51,20,rect2,5,class->block->function->block->block_content->decl_stmt->decl->name
2,120,rectangle_java2.jpg,rectangle_java2.jpg,9981046743,212,862.2298113207547,729.4869811320755,826.5,731,51,20,rect2,5,class->block->function->block->block_content->decl_stmt->decl->name
2,120,rectangle_java2.jpg,rectangle_java2.jpg,9981278553,156,1010.9605128205128,726.8215384615385,941.5,731,91,20,Rectangle,9,class->block->function->block->block_content->decl_stmt->decl->init->expr->call->name
2,120,rectangle_java2.jpg,rectangle_java2.jpg,9981470610,112,964.3332142857142,732.555,941.5,731,91,20,Rectangle,9,class->block->function->block->block_content->decl_stmt->decl->init->expr->call->name
2,120,rectangle_java2.jpg,rectangle_java2.jpg,9981566677,92,968.684347826087,724.1339130434783,941.5,731,91,20,Rectangle,9,class->block->function->block->block_content->decl_stmt->decl->init->expr->call->name
2,120,rectangle_java2.jpg,rectangle_java2.jpg,9981742695,96,1041.8120833333332,723.5529166666666,1041.5,731,9,20,(,1,class->block->function->block->block_content->decl_stmt->decl->init->expr->call->argument_list
2,120,rectangle_java2.jpg,rectangle_java2.jpg,9982098742,236,723.8183050847458,782.5037288135593,730.5,766,177,21,System.out.println,18,class->block->function->block->block_content->expr_stmt->expr->call->name->name->operator->name->operator->name
2,120,rectangle_java2.jpg,rectangle_java2.jpg,9982178766,76,724.968947368421,779.9363157894737,730.5,766,177,21,System.out.println,18,class->block->function->block->block_content->expr_stmt->expr->call->name->name->operator->name->operator->name
2,120,rectangle_java2.jpg,rectangle_java2.jpg,9982582986,128,833.700625,780.6075,730.5,766,177,21,System.out.println,18,class->block->function->block->block_content->expr_stmt->expr->call->name->name->operator->name->operator->name
2,120,rectangle_java2.jpg,rectangle_java2.jpg,9986190311,92,891.2239130434783,712.9013043478261,730.5,694,177,21,System.out.println,18,class->block->function->block->block_content->expr_stmt->expr->call->name->name->operator->name->operator->name
2,120,rectangle_java2.jpg,rectangle_java2.jpg,9987090260,200,853.5764,783.6614,730.5,766,177,21,System.out.println,18,class->block->function->block->block_content->expr_stmt->expr->call->name->name->operator->name->operator->name
2,120,rectangle_java2.jpg,rectangle_java2.jpg,9988462166,56,1047.38,779.9235714285714,1041.5,766,9,21,(,1,class->block->function->block->block_content->expr_stmt->expr->call->argument_list->argument->expr->call->argument_list
2,120,rectangle_java2.jpg,rectangle_java2.jpg,9988462166,56,1047.38,779.9235714285714,1057.5,766,10,21,),1,class->block->function->block->block_content->expr_stmt->expr->call->argument_list->argument->expr->call->argument_list
2,120,rectangle_java2.jpg,rectangle_java2.jpg,9988610158,96,920.0054166666666,732.91,902.5,731,34,20,new,3,class->block->function->block->block_content->decl_stmt->decl->init->expr->operator
2,120,rectangle_java2.jpg,rectangle_java2.jpg,9988682150,68,928.8147058823529,748.0288235294117,902.5,731,34,20,new,3,class->block->function->block->block_content->decl_stmt->decl->init->expr->operator
2,120,rectangle_java2.jpg,rectangle_java2.jpg,9988806137,96,982.5716666666667,731.3658333333333,941.5,731,91,20,Rectangle,9,class->block->function->block->block_content->decl_stmt->decl->init->expr->call->name
2,120,rectangle_java2.jpg,rectangle_java2.jpg,9988890067,80,994.582,714.127,932.5,694,100,21,rect1.area,10,class->block->function->block->block_content->expr_stmt->expr->call->argument_list->argument->expr->call->name->name->operator->name
2,120,rectangle_java2.jpg,rectangle_java2.jpg,9989033931,104,1015.7969230769231,729.5776923076924,941.5,731,91,20,Rectangle,9,class->block->function->block->block_content->decl_stmt->decl->init->expr->call->name
2,120,rectangle_java2.jpg,rectangle_java2.jpg,9989177946,60,964.194,740.456,941.5,731,91,20,Rectangle,9,class->block->function->block->block_content->decl_stmt->decl->init->expr->call->name
2,120,rectangle_java2.jpg,rectangle_java2.jpg,9989245967,64,970.505,743.795625,941.5,731,91,20,Rectangle,9,class->block->function->block->block_content->decl_stmt->decl->init->expr->call->name
2,120,rectangle_java2.jpg,rectangle_java2.jpg,9989402017,152,969.753947368421,737.9294736842105,941.5,731,91,20,Rectangle,9,class->block->function->block->block_content->decl_stmt->decl->init->expr->call->name
2,120,rectangle_java2.jpg,rectangle_java2.jpg,9990273566,80,901.0545,673.341,902.5,658,34,20,new,3,class->block->function->block->block_content->decl_stmt->decl->init->expr->operator
2,120,rectangle_java2.jpg,rectangle_java2.jpg,9990361740,84,903.0433333333333,686.9314285714286,730.5,694,177,21,System.out.println,18,class->block->function->block->block_content->expr_stmt->expr->call->name->name->operator->name->operator->name
2,120,rectangle_java2.jpg,rectangle_java2.jpg,9990461883,64,1018.34375,691.651875,932.5,694,100,21,rect1.area,10,class->block->function->block->block_content->expr_stmt->expr->call->argument_list->argument->expr->call->name->name->operator->name
2,120,rectangle_java2.jpg,rectangle_java2.jpg,9990781757,80,874.002,723.249,826.5,731,51,20,rect2,5,class->block->function->block->block_content->decl_stmt->decl->name
2,120,rectangle_java2.jpg,rectangle_java2.jpg,9990781757,80,874.002,723.249,883.5,731,15,20,=,1,class->block->function->block->block_content->decl_stmt->decl->init
2,120,rectangle_java2.jpg,rectangle_java2.jpg,9990881814,64,834.494375,743.70125,826.5,731,51,20,rect2,5,class->block->function->block->block_content->decl_stmt->decl->name
2,120,rectangle_java2.jpg,rectangle_java2.jpg,9990941881,56,842.0164285714286,740.8585714285714,826.5,731,51,20,rect2,5,class->block->function->block->block_content->decl_stmt->decl->name
2,120,rectangle_java2.jpg,rectangle_java2.jpg,9991121936,128,1033.6490625,707.211875,1041.5,694,9,21,(,1,class->block->function->block->block_content->expr_stmt->expr->call->argument_list->argument->expr->call->argument_list
2,120,rectangle_java2.jpg,rectangle_java2.jpg,9991317873,96,776.7770833333333,584.95125,737.5,585,62,21,double,6,class->block->function->type->name
2,120,rectangle_java2.jpg,rectangle_java2.jpg,9991569875,132,839.0142424242424,604.0015151515152,804.5,585,43,21,area,4,class->block->function->name
2,120,rectangle_java2.jpg,rectangle_java2.jpg,9991717890,88,692.1668181818181,605.5195454545454,669.5,585,63,21,public,6,class->block->function->type->specifier
2,120,rectangle_java2.jpg,rectangle_java2.jpg,9991869871,80,758.7895,611.8385,738.5,621,61,21,static,6,class->block->function->type->specifier
2,120,rectangle_java2.jpg,rectangle_java2.jpg,9992013797,64,751.205,614.61125,738.5,621,61,21,static,6,class->block->function->type->specifier
2,120,rectangle_java2.jpg,rectangle_java2.jpg,9992097734,64,813.77,601.858125,804.5,585,43,21,area,4,class->block->function->name
2,120,rectangle_java2.jpg,rectangle_java2.jpg,9992417767,184,1019.4434782608696,602.8941304347826,977.5,585,101,21,this.width,10,class->block->function->block->block_content->return->expr->call->name->name->operator->name
2,120,rectangle_java2.jpg,rectangle_java2.jpg,9992577788,128,1113.8196874999999,592.65,1122.5,585,12,21,*,1,class->block->function->block->block_content->return->expr->operator
2,120,rectangle_java2.jpg,rectangle_java2.jpg,9992709729,64,942.78375,585.8725,910.5,585,62,21,return,6,class->block->function->block->block_content->return
2,120,rectangle_java2.jpg,rectangle_java2.jpg,9992773519,60,944.038,592.3186666666667,910.5,585,62,21,return,6,class->block->function->block->block_content->return
2,120,rectangle_java2.jpg,rectangle_java2.jpg,9992841373,64,948.678125,587.824375,910.5,585,62,21,return,6,class->block->function->block->block_content->return
2,120,rectangle_java2.jpg,rectangle_java2.jpg,9992977299,92,1043.732608695652,596.7878260869566,977.5,585,101,21,this.width,10,class->block->function->block->block_content->return->expr->call->name->name->operator->name
2,120,rectangle_java2.jpg,rectangle_java2.jpg,9993221733,204,1147.6627450980393,583.6874509803922,1140.5,585,110,21,this.height,11,class->block->function->block->block_content->return->expr->call->name->name->operator->name
2,120,rectangle_java2.jpg,rectangle_java2.jpg,9993405754,96,1254.8366666666666,592.47875,1259.5,585,9,21,(,1,class->block->function->block->block_content->return->expr->call->argument_list
2,120,rectangle_java2.jpg,rectangle_java2.jpg,9993697538,116,1212.8968965517242,597.9148275862069,1140.5,585,110,21,this.height,11,class->block->function->block->block_content->return->expr->call->name->name->operator->name
2,120,rectangle_java2.jpg,rectangle_java2.jpg,9993929591,84,967.5509523809524,604.2914285714286,910.5,585,62,21,return,6,class->block->function->block->block_content->return
2,120,rectangle_java2.jpg,rectangle_java2.jpg,9993929591,84,967.5509523809524,604.2914285714286,977.5,585,101,21,this.width,10,class->block->function->block->block_content->return->expr->call->name->name->operator->name
2,120,rectangle_java2.jpg,rectangle_java2.jpg,9994081971,72,961.0777777777778,590.8983333333333,910.5,585,62,21,return,6,class->block->function->block->block_content->return
2,120,rectangle_java2.jpg,rectangle_java2.jpg,9994318265,112,1049.8035714285713,593.8764285714286,977.5,585,101,21,this.width,10,class->block->function->block->block_content->return->expr->call->name->name->operator->name
2,120,rectangle_java2.jpg,rectangle_java2.jpg,9994677671,72,798.9166666666666,251.39055555555558,785.5,259,23,21,x1,2,class->block->decl_stmt->decl->name
2,120,rectangle_java2.jpg,rectangle_java2.jpg,9994769601,88,786.9690909090909,258.6677272727273,785.5,259,23,21,x1,2,class->block->decl_stmt->decl->name
2,120,rectangle_java2.jpg,rectangle_java2.jpg,9994869612,96,798.3670833333333,248.59625,785.5,259,23,21,x1,2,class->block->decl_stmt->decl->name
2,120,rectangle_java2.jpg,rectangle_java2.jpg,9995525452,108,861.3611111111111,599.4740740740741,856.5,585,9,21,(,1,class->block->function->parameter_list
2,120,rectangle_java2.jpg,rectangle_java2.jpg,9995525452,108,861.3611111111111,599.4740740740741,873.5,585,9,21,),1,class->block->function->parameter_list
2,120,rectangle_java2.jpg,rectangle_java2.jpg,9995657465,104,1106.1792307692308,531.6215384615384,1054.5,512,71,21,this.x1,7,class->block->function->block->block_content->return->expr->name->name->operator->name
2,120,rectangle_java2.jpg,rectangle_java2.jpg,9995789457,128,1106.54,526.994375,1054.5,512,71,21,this.x1,7,class->block->function->block->block_content->return->expr->name->name->operator->name
2,120,rectangle_java2.jpg,rectangle_java2.jpg,9995873459,80,1102.502,518.049,1054.5,512,71,21,this.x1,7,class->block->function->block->block_content->return->expr->name->name->operator->name
2,120,rectangle_java2.jpg,rectangle_java2.jpg,9996161588,116,982.0620689655173,524.106551724138,958.5,512,71,21,this.x2,7,class->block->function->block->block_content->return->expr->name->name->operator->name->operator
2,120,rectangle_java2.jpg,rectangle_java2.jpg,9996353445,148,1063.779189189189,564.7705405405405,1064.5,549,71,21,this.y1,7,class->block->function->block->block_content->return->expr->name->name->operator->name
2,120,rectangle_java2.jpg,rectangle_java2.jpg,9996461347,104,1064.4261538461537,579.1626923076923,977.5,585,101,21,this.width,10,class->block->function->block->block_content->return->expr->call->name->name->operator->name
2,120,rectangle_java2.jpg,rectangle_java2.jpg,9997081334,64,1213.154375,598.166875,1140.5,585,110,21,this.height,11,class->block->function->block->block_content->return->expr->call->name->name->operator->name
2,120,rectangle_java2.jpg,rectangle_java2.jpg,9997685368,156,1193.8687179487179,600.0046153846154,1140.5,585,110,21,this.height,11,class->block->function->block->block_content->return->expr->call->name->name->operator->name
2,120,rectangle_java2.jpg,rectangle_java2.jpg,9997921682,232,1196.3727586206896,590.325,1140.5,585,110,21,this.height,11,class->block->function->block->block_content->return->expr->call->name->name->operator->name
2,120,rectangle_java2.jpg,rectangle_java2.jpg,9998069691,124,1250.6309677419356,591.8067741935483,1259.5,585,9,21,(,1,class->block->function->block->block_content->return->expr->call->argument_list
2,120,rectangle_java2.jpg,rectangle_java2.jpg,9998413182,100,1232.5332,596.4856,1140.5,585,110,21,this.height,11,class->block->function->block->block_content->return->expr->call->name->name->operator->name
2,120,rectangle_java2.jpg,rectangle_java2.jpg,9998505170,88,1230.3463636363635,592.1563636363636,1140.5,585,110,21,this.height,11,class->block->function->block->block_content->return->expr->call->name->name->operator->name
2,120,rectangle_java2.jpg,rectangle_java2.jpg,9998713203,72,931.7388888888888,304.28555555555556,939.5,295,33,21,int,3,class->block->constructor->parameter_list->parameter->decl->type->name
2,120,rectangle_java2.jpg,rectangle_java2.jpg,9998897229,144,795.0933333333334,290.65166666666664,737.5,295,91,21,Rectangle,9,class->block->constructor->name
2,120,rectangle_java2.jpg,rectangle_java2.jpg,9999081231,68,732.5188235294117,276.10117647058826,669.5,259,72,21,private,7,class->block->decl_stmt->decl->type->specifier
2,120,rectangle_java2.jpg,rectangle_java2.jpg,9999277231,192,738.171875,277.56333333333333,669.5,259,72,21,private,7,class->block->decl_stmt->decl->type->specifier
2,120,rectangle_java2.jpg,rectangle_java2.jpg,9999277231,192,738.171875,277.56333333333333,747.5,259,33,21,int,3,class->block->decl_stmt->decl->type->name
2,120,rectangle_java2.jpg,rectangle_java2.jpg,9999477212,80,792.6715,263.62,785.5,259,23,21,x1,2,class->block->decl_stmt->decl->name
2,120,rectangle_java2.jpg,rectangle_java2.jpg,9999617236,136,787.0758823529412,257.48,785.5,259,23,21,x1,2,class->block->decl_stmt->decl->name
2,120,rectangle_java2.jpg,rectangle_java2.jpg,9999801174,148,779.7875675675675,305.30405405405406,737.5,295,91,21,Rectangle,9,class->block->constructor->name
2,120,rectangle_java2.jpg,rectangle_java2.jpg,9999980928,96,756.3666666666667,330.1091666666667,730.5,331,71,19,this.x1,7,class->block->constructor->block->block_content->expr_stmt->expr->name->name->operator->name
2,120,rectangle_java2.jpg,rectangle_java2.jpg,10000160987,148,720.3827027027027,357.1,730.5,367,71,21,this.y1,7,class->block->constructor->block->block_content->expr_stmt->expr->name->name->operator->name
2,120,rectangle_java2.jpg,rectangle_java2.jpg,10000309067,68,758.3594117647059,343.7364705882353,730.5,331,71,19,this.x1,7,class->block->constructor->block->block_content->expr_stmt->expr->name->name->operator->name
2,120,rectangle_java2.jpg,rectangle_java2.jpg,10001288955,92,774.3960869565218,239.4252173913044,715.5,222,90,21,Rectangle,9,class->name
2,120,rectangle_java2.jpg,rectangle_java2.jpg,10001365100,72,781.54,237.92944444444447,715.5,222,90,21,Rectangle,9,class->name
2,120,rectangle_java2.jpg,rectangle_java2.jpg,10001588999,84,715.4957142857143,227.13285714285712,715.5,222,90,21,Rectangle,9,class->name
2,120,rectangle_java2.jpg,rectangle_java2.jpg,10002216991,124,753.131935483871,552.3,737.5,549,33,21,int,3,class->block->function->type->name
2,120,rectangle_java2.jpg,rectangle_java2.jpg,10002576962,136,768.1611764705882,546.7573529411765,737.5,549,33,21,int,3,class->block->function->type->name
2,120,rectangle_java2.jpg,rectangle_java2.jpg,10002576962,136,768.1611764705882,546.7573529411765,775.5,549,62,21,height,6,class->block->function->name
2,120,rectangle_java2.jpg,rectangle_java2.jpg,10002772969,116,1022.0272413793103,520.1520689655173,958.5,512,71,21,this.x2,7,class->block->function->block->block_content->return->expr->name->name->operator->name->operator
2,120,rectangle_java2.jpg,rectangle_java2.jpg,10002852952,76,1025.0531578947368,519.7231578947368,958.5,512,71,21,this.x2,7,class->block->function->block->block_content->return->expr->name->name->operator->name->operator
2,120,rectangle_java2.jpg,rectangle_java2.jpg,10002852952,76,1025.0531578947368,519.7231578947368,1035.5,512,13,21,-,1,class->block->function->block->block_content->return->expr->name->name
2,120,rectangle_java2.jpg,rectangle_java2.jpg,10002972869,80,936.733,522.3675,891.5,512,62,21,return,6,class->block->function->block->block_content->return->expr->name->name
2,120,rectangle_java2.jpg,rectangle_java2.jpg,10003196720,164,943.339268292683,519.3514634146342,891.5,512,62,21,return,6,class->block->function->block->block_content->return->expr->name->name
2,120,rectangle_java2.jpg,rectangle_java2.jpg,10003416840,144,808.6516666666666,562.7044444444444,775.5,549,62,21,height,6,class->block->function->name
2,120,rectangle_java2.jpg,rectangle_java2.jpg,10003656800,84,1166.0609523809524,553.6290476190476,1161.5,549,10,21,},1,class->block->function->block
2,120,rectangle_java2.jpg,rectangle_java2.jpg,10003820804,72,983.0355555555556,758.5722222222222,932.5,766,100,21,rect2.area,10,class->block->function->block->block_content->expr_stmt->expr->call->argument_list->argument->expr->call->name->name->operator->name
