trial,participant,code_file,code_language,timestamp,duration,x_cord,y_cord,aoi_x,aoi_y,aoi_width,aoi_height,token,length,srcML
2,17,rectangle_java2.jpg,rectangle_java2.jpg,330925863,100,777.2712,337.0588,730.5,331,71,19,this.x1,7,class->block->constructor->block->block_content->expr_stmt->expr->name->name->operator->name
2,17,rectangle_java2.jpg,rectangle_java2.jpg,331053862,56,742.3942857142857,225.16285714285715,715.5,222,90,21,Rectangle,9,class->name
2,17,rectangle_java2.jpg,rectangle_java2.jpg,331141802,84,742.0709523809523,228.65476190476193,715.5,222,90,21,Rectangle,9,class->name
2,17,rectangle_java2.jpg,rectangle_java2.jpg,331657633,192,703.48375,222.2520833333333,657.5,222,52,21,class,5,class
2,17,rectangle_java2.jpg,rectangle_java2.jpg,331657633,192,703.48375,222.2520833333333,715.5,222,90,21,Rectangle,9,class->name
2,17,rectangle_java2.jpg,rectangle_java2.jpg,331777626,88,770.9877272727273,209.92909090909092,715.5,222,90,21,Rectangle,9,class->name
2,17,rectangle_java2.jpg,rectangle_java2.jpg,332029668,80,735.487,251.72500000000002,669.5,259,72,21,private,7,class->block->decl_stmt->decl->type->specifier
2,17,rectangle_java2.jpg,rectangle_java2.jpg,332029668,80,735.487,251.72500000000002,747.5,259,33,21,int,3,class->block->decl_stmt->decl->type->name
2,17,rectangle_java2.jpg,rectangle_java2.jpg,332113683,68,687.9394117647058,239.6676470588235,657.5,222,52,21,class,5,class
2,17,rectangle_java2.jpg,rectangle_java2.jpg,332209682,92,684.5117391304348,232.4534782608696,657.5,222,52,21,class,5,class
2,17,rectangle_java2.jpg,rectangle_java2.jpg,332433676,116,769.5786206896552,232.48310344827587,715.5,222,90,21,Rectangle,9,class->name
2,17,rectangle_java2.jpg,rectangle_java2.jpg,332569624,132,768.3257575757576,249.07727272727277,747.5,259,33,21,int,3,class->block->decl_stmt->decl->type->name
2,17,rectangle_java2.jpg,rectangle_java2.jpg,332649535,76,763.0221052631579,260.58,747.5,259,33,21,int,3,class->block->decl_stmt->decl->type->name
2,17,rectangle_java2.jpg,rectangle_java2.jpg,334073539,132,813.1142424242424,230.53515151515148,813.5,222,10,21,{,1,class->block
2,17,rectangle_java2.jpg,rectangle_java2.jpg,334697403,124,932.7516129032258,247.8290322580645,929.5,259,23,21,y2,2,class->block->decl_stmt->decl->name
2,17,rectangle_java2.jpg,rectangle_java2.jpg,334913421,184,890.4176086956521,252.6119565217391,881.5,259,23,21,x2,2,class->block->decl_stmt->decl->name
2,17,rectangle_java2.jpg,rectangle_java2.jpg,335153431,148,727.1764864864865,287.2289189189189,669.5,295,63,21,public,6,class->block->constructor->specifier
2,17,rectangle_java2.jpg,rectangle_java2.jpg,335153431,148,727.1764864864865,287.2289189189189,737.5,295,91,21,Rectangle,9,class->block->constructor->name
2,17,rectangle_java2.jpg,rectangle_java2.jpg,335333449,144,696.1933333333334,276.825,669.5,259,72,21,private,7,class->block->decl_stmt->decl->type->specifier
2,17,rectangle_java2.jpg,rectangle_java2.jpg,335669669,144,713.2947222222222,304.72527777777776,669.5,295,63,21,public,6,class->block->constructor->specifier
2,17,rectangle_java2.jpg,rectangle_java2.jpg,335825653,96,703.3108333333333,301.7570833333333,669.5,295,63,21,public,6,class->block->constructor->specifier
2,17,rectangle_java2.jpg,rectangle_java2.jpg,335909508,80,691.3054999999999,307.1655,669.5,295,63,21,public,6,class->block->constructor->specifier
2,17,rectangle_java2.jpg,rectangle_java2.jpg,336317360,212,688.7481132075471,305.14566037735847,669.5,295,63,21,public,6,class->block->constructor->specifier
2,17,rectangle_java2.jpg,rectangle_java2.jpg,336381327,60,714.1133333333333,302.64933333333335,669.5,295,63,21,public,6,class->block->constructor->specifier
2,17,rectangle_java2.jpg,rectangle_java2.jpg,336497266,112,711.4289285714285,298.35107142857146,669.5,295,63,21,public,6,class->block->constructor->specifier
2,17,rectangle_java2.jpg,rectangle_java2.jpg,336605247,104,714.7846153846153,290.40923076923076,669.5,295,63,21,public,6,class->block->constructor->specifier
2,17,rectangle_java2.jpg,rectangle_java2.jpg,336773277,64,779.861875,315.54,737.5,295,91,21,Rectangle,9,class->block->constructor->name
2,17,rectangle_java2.jpg,rectangle_java2.jpg,337005291,64,824.825,292.584375,737.5,295,91,21,Rectangle,9,class->block->constructor->name
2,17,rectangle_java2.jpg,rectangle_java2.jpg,337121301,112,837.6157142857143,312.56357142857144,837.5,295,9,21,(,1,class->block->constructor->parameter_list
2,17,rectangle_java2.jpg,rectangle_java2.jpg,337253278,108,691.194074074074,315.02185185185186,669.5,295,63,21,public,6,class->block->constructor->specifier
2,17,rectangle_java2.jpg,rectangle_java2.jpg,337345075,88,693.5595454545454,305.74363636363637,669.5,295,63,21,public,6,class->block->constructor->specifier
2,17,rectangle_java2.jpg,rectangle_java2.jpg,337560980,80,775.2495,308.519,737.5,295,91,21,Rectangle,9,class->block->constructor->name
2,17,rectangle_java2.jpg,rectangle_java2.jpg,337661111,96,775.59875,299.48625,737.5,295,91,21,Rectangle,9,class->block->constructor->name
2,17,rectangle_java2.jpg,rectangle_java2.jpg,337841146,96,881.7941666666667,300.13416666666666,853.5,295,32,21,int,3,class->block->constructor->parameter_list->parameter->decl->type->name
2,17,rectangle_java2.jpg,rectangle_java2.jpg,337841146,96,881.7941666666667,300.13416666666666,890.5,295,24,21,x1,2,class->block->constructor->parameter_list->parameter->decl->type->name
2,17,rectangle_java2.jpg,rectangle_java2.jpg,337929051,84,862.722380952381,297.7185714285714,853.5,295,32,21,int,3,class->block->constructor->parameter_list->parameter->decl->type->name
2,17,rectangle_java2.jpg,rectangle_java2.jpg,338052950,120,854.1643333333334,302.4173333333333,853.5,295,32,21,int,3,class->block->constructor->parameter_list->parameter->decl->type->name
2,17,rectangle_java2.jpg,rectangle_java2.jpg,338209076,108,710.8618518518518,306.41555555555556,669.5,295,63,21,public,6,class->block->constructor->specifier
2,17,rectangle_java2.jpg,rectangle_java2.jpg,338301130,88,710.8177272727273,305.17954545454546,669.5,295,63,21,public,6,class->block->constructor->specifier
2,17,rectangle_java2.jpg,rectangle_java2.jpg,338529173,224,694.7148214285714,305.5801785714286,669.5,295,63,21,public,6,class->block->constructor->specifier
2,17,rectangle_java2.jpg,rectangle_java2.jpg,338637191,88,780.5877272727273,293.12863636363636,737.5,295,91,21,Rectangle,9,class->block->constructor->name
2,17,rectangle_java2.jpg,rectangle_java2.jpg,338781171,140,779.4068571428571,297.9031428571429,737.5,295,91,21,Rectangle,9,class->block->constructor->name
2,17,rectangle_java2.jpg,rectangle_java2.jpg,338925120,112,804.8625,307.3457142857143,737.5,295,91,21,Rectangle,9,class->block->constructor->name
2,17,rectangle_java2.jpg,rectangle_java2.jpg,339257047,220,871.0290909090909,286.7749090909091,853.5,295,32,21,int,3,class->block->constructor->parameter_list->parameter->decl->type->name
2,17,rectangle_java2.jpg,rectangle_java2.jpg,339369042,72,719.3511111111111,286.79777777777775,669.5,295,63,21,public,6,class->block->constructor->specifier
2,17,rectangle_java2.jpg,rectangle_java2.jpg,339465039,92,710.9539130434782,288.1673913043478,669.5,295,63,21,public,6,class->block->constructor->specifier
2,17,rectangle_java2.jpg,rectangle_java2.jpg,339537037,68,700.3870588235294,310.0464705882353,669.5,295,63,21,public,6,class->block->constructor->specifier
2,17,rectangle_java2.jpg,rectangle_java2.jpg,339633036,92,693.3717391304348,311.1021739130435,669.5,295,63,21,public,6,class->block->constructor->specifier
2,17,rectangle_java2.jpg,rectangle_java2.jpg,339809023,156,803.2033333333334,304.92,737.5,295,91,21,Rectangle,9,class->block->constructor->name
2,17,rectangle_java2.jpg,rectangle_java2.jpg,339877020,64,803.180625,304.673125,737.5,295,91,21,Rectangle,9,class->block->constructor->name
2,17,rectangle_java2.jpg,rectangle_java2.jpg,340109022,192,870.650625,294.93604166666665,853.5,295,32,21,int,3,class->block->constructor->parameter_list->parameter->decl->type->name
2,17,rectangle_java2.jpg,rectangle_java2.jpg,340261031,148,869.2954054054054,296.0310810810811,853.5,295,32,21,int,3,class->block->constructor->parameter_list->parameter->decl->type->name
2,17,rectangle_java2.jpg,rectangle_java2.jpg,340416867,136,916.694705882353,314.49176470588236,921.5,295,9,21,",",1,class->block->constructor->parameter_list
2,17,rectangle_java2.jpg,rectangle_java2.jpg,340532821,112,916.4689285714286,303.82142857142856,921.5,295,9,21,",",1,class->block->constructor->parameter_list
2,17,rectangle_java2.jpg,rectangle_java2.jpg,340712880,120,916.3346666666666,302.90766666666667,921.5,295,9,21,",",1,class->block->constructor->parameter_list
2,17,rectangle_java2.jpg,rectangle_java2.jpg,340888851,120,720.9903333333333,307.90133333333335,669.5,295,63,21,public,6,class->block->constructor->specifier
2,17,rectangle_java2.jpg,rectangle_java2.jpg,341048865,156,728.1635897435898,308.0861538461539,669.5,295,63,21,public,6,class->block->constructor->specifier
2,17,rectangle_java2.jpg,rectangle_java2.jpg,341048865,156,728.1635897435898,308.0861538461539,737.5,295,91,21,Rectangle,9,class->block->constructor->name
2,17,rectangle_java2.jpg,rectangle_java2.jpg,341120872,68,719.7858823529411,307.7541176470588,669.5,295,63,21,public,6,class->block->constructor->specifier
2,17,rectangle_java2.jpg,rectangle_java2.jpg,341432917,100,754.0544,340.5132,730.5,331,71,19,this.x1,7,class->block->constructor->block->block_content->expr_stmt->expr->name->name->operator->name
2,17,rectangle_java2.jpg,rectangle_java2.jpg,341504915,68,755.5723529411765,336.82,730.5,331,71,19,this.x1,7,class->block->constructor->block->block_content->expr_stmt->expr->name->name->operator->name
2,17,rectangle_java2.jpg,rectangle_java2.jpg,341612927,68,799.7517647058824,341.8929411764706,730.5,331,71,19,this.x1,7,class->block->constructor->block->block_content->expr_stmt->expr->name->name->operator->name
2,17,rectangle_java2.jpg,rectangle_java2.jpg,341612927,68,799.7517647058824,341.8929411764706,806.5,331,15,19,=,1,class->block->constructor->block->block_content->expr_stmt->expr->operator
2,17,rectangle_java2.jpg,rectangle_java2.jpg,341672932,56,800.5321428571428,337.85714285714283,730.5,331,71,19,this.x1,7,class->block->constructor->block->block_content->expr_stmt->expr->name->name->operator->name
2,17,rectangle_java2.jpg,rectangle_java2.jpg,341672932,56,800.5321428571428,337.85714285714283,806.5,331,15,19,=,1,class->block->constructor->block->block_content->expr_stmt->expr->operator
2,17,rectangle_java2.jpg,rectangle_java2.jpg,341800925,124,799.3858064516129,331.8883870967742,730.5,331,71,19,this.x1,7,class->block->constructor->block->block_content->expr_stmt->expr->name->name->operator->name
2,17,rectangle_java2.jpg,rectangle_java2.jpg,341800925,124,799.3858064516129,331.8883870967742,806.5,331,15,19,=,1,class->block->constructor->block->block_content->expr_stmt->expr->operator
2,17,rectangle_java2.jpg,rectangle_java2.jpg,341892920,88,797.8645454545455,337.8659090909091,730.5,331,71,19,this.x1,7,class->block->constructor->block->block_content->expr_stmt->expr->name->name->operator->name
2,17,rectangle_java2.jpg,rectangle_java2.jpg,341892920,88,797.8645454545455,337.8659090909091,806.5,331,15,19,=,1,class->block->constructor->block->block_content->expr_stmt->expr->operator
2,17,rectangle_java2.jpg,rectangle_java2.jpg,341968986,72,787.0205555555556,339.7472222222222,730.5,331,71,19,this.x1,7,class->block->constructor->block->block_content->expr_stmt->expr->name->name->operator->name
2,17,rectangle_java2.jpg,rectangle_java2.jpg,342053085,80,778.7665,329.4095,730.5,331,71,19,this.x1,7,class->block->constructor->block->block_content->expr_stmt->expr->name->name->operator->name
2,17,rectangle_java2.jpg,rectangle_java2.jpg,342169001,112,796.965,337.7682142857143,730.5,331,71,19,this.x1,7,class->block->constructor->block->block_content->expr_stmt->expr->name->name->operator->name
2,17,rectangle_java2.jpg,rectangle_java2.jpg,342169001,112,796.965,337.7682142857143,806.5,331,15,19,=,1,class->block->constructor->block->block_content->expr_stmt->expr->operator
2,17,rectangle_java2.jpg,rectangle_java2.jpg,342324838,80,838.2005,328.041,826.5,331,23,19,x1,2,class->block->constructor->block->block_content->expr_stmt->expr->name->name
2,17,rectangle_java2.jpg,rectangle_java2.jpg,342384820,56,837.3907142857142,325.9014285714286,826.5,331,23,19,x1,2,class->block->constructor->block->block_content->expr_stmt->expr->name->name
2,17,rectangle_java2.jpg,rectangle_java2.jpg,342572809,184,838.9032608695652,336.3528260869565,826.5,331,23,19,x1,2,class->block->constructor->block->block_content->expr_stmt->expr->name->name
2,17,rectangle_java2.jpg,rectangle_java2.jpg,342700824,80,809.185,345.293,806.5,331,15,19,=,1,class->block->constructor->block->block_content->expr_stmt->expr->operator
2,17,rectangle_java2.jpg,rectangle_java2.jpg,342928788,116,1040.67,300.25448275862067,1025.5,295,33,21,int,3,class->block->constructor->parameter_list->parameter->decl->type->name
2,17,rectangle_java2.jpg,rectangle_java2.jpg,343012776,80,1043.3925,301.491,1025.5,295,33,21,int,3,class->block->constructor->parameter_list->parameter->decl->type->name
2,17,rectangle_java2.jpg,rectangle_java2.jpg,343216909,200,1037.3852,294.425,1025.5,295,33,21,int,3,class->block->constructor->parameter_list->parameter->decl->type->name
2,17,rectangle_java2.jpg,rectangle_java2.jpg,343285010,64,1029.133125,296.514375,1025.5,295,33,21,int,3,class->block->constructor->parameter_list->parameter->decl->type->name
2,17,rectangle_java2.jpg,rectangle_java2.jpg,343393009,96,923.2833333333333,304.61583333333334,921.5,295,9,21,",",1,class->block->constructor->parameter_list
2,17,rectangle_java2.jpg,rectangle_java2.jpg,343524861,128,920.80625,303.4234375,921.5,295,9,21,",",1,class->block->constructor->parameter_list
2,17,rectangle_java2.jpg,rectangle_java2.jpg,343604746,76,922.2968421052632,296.2778947368421,921.5,295,9,21,",",1,class->block->constructor->parameter_list
2,17,rectangle_java2.jpg,rectangle_java2.jpg,343796656,120,979.0543333333334,299.35433333333333,977.5,295,23,21,y1,2,class->block->constructor->parameter_list->parameter->decl->type->name
2,17,rectangle_java2.jpg,rectangle_java2.jpg,343920645,76,989.2921052631579,300.5126315789474,977.5,295,23,21,y1,2,class->block->constructor->parameter_list->parameter->decl->type->name
2,17,rectangle_java2.jpg,rectangle_java2.jpg,344076628,112,947.7828571428571,291.3225,939.5,295,33,21,int,3,class->block->constructor->parameter_list->parameter->decl->type->name
2,17,rectangle_java2.jpg,rectangle_java2.jpg,344228611,104,855.6969230769231,309.95153846153846,853.5,295,32,21,int,3,class->block->constructor->parameter_list->parameter->decl->type->name
2,17,rectangle_java2.jpg,rectangle_java2.jpg,344460691,196,704.2124489795918,298.9934693877551,669.5,295,63,21,public,6,class->block->constructor->specifier
2,17,rectangle_java2.jpg,rectangle_java2.jpg,345000574,60,896.1253333333333,313.5493333333333,890.5,295,24,21,x1,2,class->block->constructor->parameter_list->parameter->decl->type->name
2,17,rectangle_java2.jpg,rectangle_java2.jpg,345060503,56,872.925,303.8385714285714,853.5,295,32,21,int,3,class->block->constructor->parameter_list->parameter->decl->type->name
2,17,rectangle_java2.jpg,rectangle_java2.jpg,345228359,140,724.8014285714286,294.4585714285714,669.5,295,63,21,public,6,class->block->constructor->specifier
2,17,rectangle_java2.jpg,rectangle_java2.jpg,345304394,72,716.5488888888889,288.37611111111113,669.5,295,63,21,public,6,class->block->constructor->specifier
2,17,rectangle_java2.jpg,rectangle_java2.jpg,345388472,80,701.822,284.8195,669.5,295,63,21,public,6,class->block->constructor->specifier
2,17,rectangle_java2.jpg,rectangle_java2.jpg,345624708,112,766.9310714285714,284.0992857142857,737.5,295,91,21,Rectangle,9,class->block->constructor->name
2,17,rectangle_java2.jpg,rectangle_java2.jpg,345780591,152,770.3526315789474,284.6905263157895,737.5,295,91,21,Rectangle,9,class->block->constructor->name
2,17,rectangle_java2.jpg,rectangle_java2.jpg,346100521,76,692.8205263157895,232.48842105263157,657.5,222,52,21,class,5,class
2,17,rectangle_java2.jpg,rectangle_java2.jpg,346208520,76,734.5026315789473,310.2194736842105,737.5,295,91,21,Rectangle,9,class->block->constructor->name
2,17,rectangle_java2.jpg,rectangle_java2.jpg,346396518,184,738.346304347826,313.92739130434785,737.5,295,91,21,Rectangle,9,class->block->constructor->name
2,17,rectangle_java2.jpg,rectangle_java2.jpg,346816325,388,777.0539175257732,333.1076288659794,730.5,331,71,19,this.x1,7,class->block->constructor->block->block_content->expr_stmt->expr->name->name->operator->name
2,17,rectangle_java2.jpg,rectangle_java2.jpg,346908344,64,835.7075,346.259375,826.5,331,23,19,x1,2,class->block->constructor->block->block_content->expr_stmt->expr->name->name
2,17,rectangle_java2.jpg,rectangle_java2.jpg,347000389,88,835.8477272727273,348.65772727272724,826.5,331,23,19,x1,2,class->block->constructor->block->block_content->expr_stmt->expr->name->name
2,17,rectangle_java2.jpg,rectangle_java2.jpg,347324357,180,836.0113333333334,354.5762222222222,826.5,367,23,21,y1,2,class->block->constructor->block->block_content->expr_stmt->expr->name->name
2,17,rectangle_java2.jpg,rectangle_java2.jpg,347584375,192,1033.1225,313.65875,1025.5,295,33,21,int,3,class->block->constructor->parameter_list->parameter->decl->type->name
2,17,rectangle_java2.jpg,rectangle_java2.jpg,347724372,76,1098.3163157894737,305.29842105263157,1094.5,295,9,21,",",1,class->block->constructor->parameter_list
2,17,rectangle_java2.jpg,rectangle_java2.jpg,347912392,184,1096.5556521739131,295.4054347826087,1094.5,295,9,21,",",1,class->block->constructor->parameter_list
2,17,rectangle_java2.jpg,rectangle_java2.jpg,347972419,56,1129.1235714285715,299.1892857142857,1112.5,295,33,21,int,3,class->block->constructor->parameter_list->parameter->decl->type->name
2,17,rectangle_java2.jpg,rectangle_java2.jpg,348076436,100,1133.3472,304.9004,1112.5,295,33,21,int,3,class->block->constructor->parameter_list->parameter->decl->type->name
2,17,rectangle_java2.jpg,rectangle_java2.jpg,348344285,216,884.8701851851852,278.4024074074074,881.5,259,23,21,x2,2,class->block->decl_stmt->decl->name
2,17,rectangle_java2.jpg,rectangle_java2.jpg,348548205,132,753.49,267.3990909090909,747.5,259,33,21,int,3,class->block->decl_stmt->decl->type->name
2,17,rectangle_java2.jpg,rectangle_java2.jpg,348616203,64,744.7075,270.415,747.5,259,33,21,int,3,class->block->decl_stmt->decl->type->name
2,17,rectangle_java2.jpg,rectangle_java2.jpg,348840219,200,922.947,271.8368,929.5,259,23,21,y2,2,class->block->decl_stmt->decl->name
2,17,rectangle_java2.jpg,rectangle_java2.jpg,348932232,72,737.8533333333334,284.20944444444444,737.5,295,91,21,Rectangle,9,class->block->constructor->name
2,17,rectangle_java2.jpg,rectangle_java2.jpg,349096237,120,726.6226666666666,269.28766666666667,669.5,259,72,21,private,7,class->block->decl_stmt->decl->type->specifier
2,17,rectangle_java2.jpg,rectangle_java2.jpg,349180221,64,781.080625,271.110625,785.5,259,23,21,x1,2,class->block->decl_stmt->decl->name
2,17,rectangle_java2.jpg,rectangle_java2.jpg,349268205,84,778.8923809523809,284.26761904761906,737.5,295,91,21,Rectangle,9,class->block->constructor->name
2,17,rectangle_java2.jpg,rectangle_java2.jpg,354707730,128,1116.073125,509.1625,1054.5,512,71,21,this.x1,7,class->block->function->block->block_content->return->expr->name->name->operator->name
2,17,rectangle_java2.jpg,rectangle_java2.jpg,354939751,76,988.4647368421053,544.671052631579,968.5,549,70,21,this.y2,7,class->block->function->block->block_content->return->expr->name->name->operator->name
2,17,rectangle_java2.jpg,rectangle_java2.jpg,355203716,112,809.3428571428572,517.5253571428572,775.5,512,53,21,width,5,class->block->function->name
2,17,rectangle_java2.jpg,rectangle_java2.jpg,355419680,212,810.048679245283,519.0315094339622,775.5,512,53,21,width,5,class->block->function->name
2,17,rectangle_java2.jpg,rectangle_java2.jpg,355551656,76,1016.0289473684211,538.1763157894736,968.5,549,70,21,this.y2,7,class->block->function->block->block_content->return->expr->name->name->operator->name
2,17,rectangle_java2.jpg,rectangle_java2.jpg,355635674,80,1016.5575,515.7545,958.5,512,71,21,this.x2,7,class->block->function->block->block_content->return->expr->name->name->operator->name->operator
2,17,rectangle_java2.jpg,rectangle_java2.jpg,355807719,60,1061.3166666666666,538.718,1064.5,549,71,21,this.y1,7,class->block->function->block->block_content->return->expr->name->name->operator->name
2,17,rectangle_java2.jpg,rectangle_java2.jpg,355867714,56,1058.1414285714286,550.9185714285715,1045.5,549,13,21,-,1,class->block->function->block->block_content->return->expr->operator
2,17,rectangle_java2.jpg,rectangle_java2.jpg,355867714,56,1058.1414285714286,550.9185714285715,1064.5,549,71,21,this.y1,7,class->block->function->block->block_content->return->expr->name->name->operator->name
2,17,rectangle_java2.jpg,rectangle_java2.jpg,356055586,56,961.6328571428571,552.1592857142857,900.5,549,63,21,return,6,class->block->function->block->block_content->return
2,17,rectangle_java2.jpg,rectangle_java2.jpg,356055586,56,961.6328571428571,552.1592857142857,968.5,549,70,21,this.y2,7,class->block->function->block->block_content->return->expr->name->name->operator->name
2,17,rectangle_java2.jpg,rectangle_java2.jpg,356303447,92,1018.3478260869565,546.9173913043478,968.5,549,70,21,this.y2,7,class->block->function->block->block_content->return->expr->name->name->operator->name
2,17,rectangle_java2.jpg,rectangle_java2.jpg,356399521,92,1017.2552173913043,547.6234782608695,968.5,549,70,21,this.y2,7,class->block->function->block->block_content->return->expr->name->name->operator->name
2,17,rectangle_java2.jpg,rectangle_java2.jpg,356591743,80,1078.832,519.559,1054.5,512,71,21,this.x1,7,class->block->function->block->block_content->return->expr->name->name->operator->name
2,17,rectangle_java2.jpg,rectangle_java2.jpg,356695697,68,1144.3629411764707,543.0305882352941,1142.5,549,10,21,;,1,class->block->function->block->block_content->return
2,17,rectangle_java2.jpg,rectangle_java2.jpg,356771628,72,1144.3994444444445,524.4477777777778,1152.5,512,10,21,},1,class->block
2,17,rectangle_java2.jpg,rectangle_java2.jpg,357015545,136,1110.8191176470589,526.1252941176471,1054.5,512,71,21,this.x1,7,class->block->function->block->block_content->return->expr->name->name->operator->name
2,17,rectangle_java2.jpg,rectangle_java2.jpg,357111539,80,1051.254,547.7145,1045.5,549,13,21,-,1,class->block->function->block->block_content->return->expr->operator
2,17,rectangle_java2.jpg,rectangle_java2.jpg,357391561,56,1100.2628571428572,539.285,1064.5,549,71,21,this.y1,7,class->block->function->block->block_content->return->expr->name->name->operator->name
2,17,rectangle_java2.jpg,rectangle_java2.jpg,357475576,80,1109.156,515.0120000000001,1054.5,512,71,21,this.x1,7,class->block->function->block->block_content->return->expr->name->name->operator->name
2,17,rectangle_java2.jpg,rectangle_java2.jpg,357659618,60,849.4246666666667,599.6353333333334,856.5,585,9,21,(,1,class->block->function->parameter_list
2,17,rectangle_java2.jpg,rectangle_java2.jpg,357867514,72,823.2794444444444,329.6455555555556,826.5,331,23,19,x1,2,class->block->constructor->block->block_content->expr_stmt->expr->name->name
2,17,rectangle_java2.jpg,rectangle_java2.jpg,357927499,56,823.4407142857143,321.1871428571429,826.5,331,23,19,x1,2,class->block->constructor->block->block_content->expr_stmt->expr->name->name
2,17,rectangle_java2.jpg,rectangle_java2.jpg,357987484,56,827.4971428571429,332.43357142857144,826.5,331,23,19,x1,2,class->block->constructor->block->block_content->expr_stmt->expr->name->name
2,17,rectangle_java2.jpg,rectangle_java2.jpg,358279439,240,841.2538333333333,263.026,833.5,259,23,21,y1,2,class->block->decl_stmt->decl->name
2,17,rectangle_java2.jpg,rectangle_java2.jpg,358339433,56,832.4228571428572,263.04214285714284,833.5,259,23,21,y1,2,class->block->decl_stmt->decl->name
2,17,rectangle_java2.jpg,rectangle_java2.jpg,358551435,120,792.341,347.01433333333335,730.5,331,71,19,this.x1,7,class->block->constructor->block->block_content->expr_stmt->expr->name->name->operator->name
2,17,rectangle_java2.jpg,rectangle_java2.jpg,358687450,132,808.8636363636364,343.7336363636364,806.5,331,15,19,=,1,class->block->constructor->block->block_content->expr_stmt->expr->operator
2,17,rectangle_java2.jpg,rectangle_java2.jpg,358807462,80,768.281,328.034,730.5,331,71,19,this.x1,7,class->block->constructor->block->block_content->expr_stmt->expr->name->name->operator->name
2,17,rectangle_java2.jpg,rectangle_java2.jpg,358899461,88,768.305,341.5436363636364,730.5,331,71,19,this.x1,7,class->block->constructor->block->block_content->expr_stmt->expr->name->name->operator->name
2,17,rectangle_java2.jpg,rectangle_java2.jpg,359111363,140,951.4505714285714,301.6625714285714,939.5,295,33,21,int,3,class->block->constructor->parameter_list->parameter->decl->type->name
2,17,rectangle_java2.jpg,rectangle_java2.jpg,359223225,108,952.6048148148149,306.75555555555553,939.5,295,33,21,int,3,class->block->constructor->parameter_list->parameter->decl->type->name
2,17,rectangle_java2.jpg,rectangle_java2.jpg,359343212,60,874.0413333333333,288.912,853.5,295,32,21,int,3,class->block->constructor->parameter_list->parameter->decl->type->name
2,17,rectangle_java2.jpg,rectangle_java2.jpg,359455244,96,883.1479166666667,293.15583333333336,853.5,295,32,21,int,3,class->block->constructor->parameter_list->parameter->decl->type->name
2,17,rectangle_java2.jpg,rectangle_java2.jpg,359455244,96,883.1479166666667,293.15583333333336,890.5,295,24,21,x1,2,class->block->constructor->parameter_list->parameter->decl->type->name
2,17,rectangle_java2.jpg,rectangle_java2.jpg,360119292,152,929.8913157894737,302.3428947368421,921.5,295,9,21,",",1,class->block->constructor->parameter_list
2,17,rectangle_java2.jpg,rectangle_java2.jpg,360119292,152,929.8913157894737,302.3428947368421,939.5,295,33,21,int,3,class->block->constructor->parameter_list->parameter->decl->type->name
2,17,rectangle_java2.jpg,rectangle_java2.jpg,360355268,172,981.7041860465116,303.80046511627904,977.5,295,23,21,y1,2,class->block->constructor->parameter_list->parameter->decl->type->name
2,17,rectangle_java2.jpg,rectangle_java2.jpg,360435272,64,1072.035,292.819375,1063.5,295,23,21,x2,2,class->block->constructor->parameter_list->parameter->decl->type->name
2,17,rectangle_java2.jpg,rectangle_java2.jpg,360667298,228,1075.3457894736841,300.6117543859649,1063.5,295,23,21,x2,2,class->block->constructor->parameter_list->parameter->decl->type->name
2,17,rectangle_java2.jpg,rectangle_java2.jpg,360831054,136,1137.0761764705883,314.9823529411765,1112.5,295,33,21,int,3,class->block->constructor->parameter_list->parameter->decl->type->name
2,17,rectangle_java2.jpg,rectangle_java2.jpg,360939026,104,1136.4365384615385,303.7803846153846,1112.5,295,33,21,int,3,class->block->constructor->parameter_list->parameter->decl->type->name
2,17,rectangle_java2.jpg,rectangle_java2.jpg,361295142,236,1077.3950847457627,624.5181355932203,1074.5,621,10,21,),1,class->block->function->parameter_list
2,17,rectangle_java2.jpg,rectangle_java2.jpg,361747175,60,755.9266666666666,545.3773333333334,737.5,549,33,21,int,3,class->block->function->type->name
2,17,rectangle_java2.jpg,rectangle_java2.jpg,362067156,72,790.2305555555556,566.9544444444444,775.5,549,62,21,height,6,class->block->function->name
2,17,rectangle_java2.jpg,rectangle_java2.jpg,362255173,56,827.6392857142857,560.2564285714286,775.5,549,62,21,height,6,class->block->function->name
2,17,rectangle_java2.jpg,rectangle_java2.jpg,362879005,56,1016.0992857142858,587.2357142857143,977.5,585,101,21,this.width,10,class->block->function->block->block_content->return->expr->call->name->name->operator->name
2,17,rectangle_java2.jpg,rectangle_java2.jpg,363147056,72,1063.996111111111,625.2661111111111,1025.5,621,42,21,args,4,class->block->function->parameter_list->parameter->decl->name
2,17,rectangle_java2.jpg,rectangle_java2.jpg,363147056,72,1063.996111111111,625.2661111111111,1074.5,621,10,21,),1,class->block->function->parameter_list
2,17,rectangle_java2.jpg,rectangle_java2.jpg,363223077,72,1069.7227777777778,627.5616666666667,1074.5,621,10,21,),1,class->block->function->parameter_list
2,17,rectangle_java2.jpg,rectangle_java2.jpg,364466955,108,1198.0566666666666,604.8648148148148,1140.5,585,110,21,this.height,11,class->block->function->block->block_content->return->expr->call->name->name->operator->name
2,17,rectangle_java2.jpg,rectangle_java2.jpg,365470841,144,1094.5452777777778,517.4666666666667,1054.5,512,71,21,this.x1,7,class->block->function->block->block_content->return->expr->name->name->operator->name
2,17,rectangle_java2.jpg,rectangle_java2.jpg,365614676,100,1013.586,525.5852,958.5,512,71,21,this.x2,7,class->block->function->block->block_content->return->expr->name->name->operator->name->operator
2,17,rectangle_java2.jpg,rectangle_java2.jpg,365886808,104,834.805,668.9973076923077,826.5,658,52,20,rect1,5,class->block->function->block->block_content->decl_stmt->decl->name
2,17,rectangle_java2.jpg,rectangle_java2.jpg,365978806,88,837.4140909090909,654.1413636363636,826.5,658,52,20,rect1,5,class->block->function->block->block_content->decl_stmt->decl->name
2,17,rectangle_java2.jpg,rectangle_java2.jpg,366138783,92,745.0213043478261,638.4665217391305,738.5,621,61,21,static,6,class->block->function->type->specifier
2,17,rectangle_java2.jpg,rectangle_java2.jpg,366454836,212,708.4484905660378,636.3033962264151,669.5,621,63,21,public,6,class->block->function->type->specifier
2,17,rectangle_java2.jpg,rectangle_java2.jpg,366622772,148,774.938918918919,646.624054054054,730.5,658,91,20,Rectangle,9,class->block->function->block->block_content->decl_stmt->decl->type->name
2,17,rectangle_java2.jpg,rectangle_java2.jpg,366774729,148,772.9859459459459,639.9962162162162,738.5,621,61,21,static,6,class->block->function->type->specifier
2,17,rectangle_java2.jpg,rectangle_java2.jpg,366890705,112,771.8710714285714,637.2246428571428,738.5,621,61,21,static,6,class->block->function->type->specifier
2,17,rectangle_java2.jpg,rectangle_java2.jpg,367094619,168,854.687619047619,653.0295238095238,826.5,658,52,20,rect1,5,class->block->function->block->block_content->decl_stmt->decl->name
2,17,rectangle_java2.jpg,rectangle_java2.jpg,367274603,176,857.2731818181818,651.8486363636364,826.5,658,52,20,rect1,5,class->block->function->block->block_content->decl_stmt->decl->name
2,17,rectangle_java2.jpg,rectangle_java2.jpg,367390596,76,821.5547368421053,654.5163157894737,826.5,658,52,20,rect1,5,class->block->function->block->block_content->decl_stmt->decl->name
2,17,rectangle_java2.jpg,rectangle_java2.jpg,367598610,104,893.055,653.0188461538462,883.5,658,15,20,=,1,class->block->function->block->block_content->decl_stmt->decl->init
2,17,rectangle_java2.jpg,rectangle_java2.jpg,367598610,104,893.055,653.0188461538462,902.5,658,34,20,new,3,class->block->function->block->block_content->decl_stmt->decl->init->expr->operator
2,17,rectangle_java2.jpg,rectangle_java2.jpg,367666617,64,889.6425,646.196875,883.5,658,15,20,=,1,class->block->function->block->block_content->decl_stmt->decl->init
2,17,rectangle_java2.jpg,rectangle_java2.jpg,368438657,88,779.1963636363637,585.0831818181819,737.5,585,62,21,double,6,class->block->function->type->name
2,17,rectangle_java2.jpg,rectangle_java2.jpg,369874976,180,808.3648888888889,658.032,730.5,658,91,20,Rectangle,9,class->block->function->block->block_content->decl_stmt->decl->type->name
2,17,rectangle_java2.jpg,rectangle_java2.jpg,369958842,56,796.8892857142857,660.0214285714286,730.5,658,91,20,Rectangle,9,class->block->function->block->block_content->decl_stmt->decl->type->name
2,17,rectangle_java2.jpg,rectangle_java2.jpg,370106518,112,852.115,689.5525,730.5,694,177,21,System.out.println,18,class->block->function->block->block_content->expr_stmt->expr->call->name->name->operator->name->operator->name
2,17,rectangle_java2.jpg,rectangle_java2.jpg,370218311,108,850.5196296296297,677.5544444444445,826.5,658,52,20,rect1,5,class->block->function->block->block_content->decl_stmt->decl->name
2,17,rectangle_java2.jpg,rectangle_java2.jpg,370438316,180,786.6155555555556,674.61,730.5,658,91,20,Rectangle,9,class->block->function->block->block_content->decl_stmt->decl->type->name
2,17,rectangle_java2.jpg,rectangle_java2.jpg,370578388,88,821.3186363636364,675.4963636363636,730.5,658,91,20,Rectangle,9,class->block->function->block->block_content->decl_stmt->decl->type->name
2,17,rectangle_java2.jpg,rectangle_java2.jpg,370578388,88,821.3186363636364,675.4963636363636,826.5,658,52,20,rect1,5,class->block->function->block->block_content->decl_stmt->decl->name
2,17,rectangle_java2.jpg,rectangle_java2.jpg,370766414,68,876.1523529411764,684.8841176470588,730.5,694,177,21,System.out.println,18,class->block->function->block->block_content->expr_stmt->expr->call->name->name->operator->name->operator->name
2,17,rectangle_java2.jpg,rectangle_java2.jpg,370906387,80,928.3035,677.921,902.5,658,34,20,new,3,class->block->function->block->block_content->decl_stmt->decl->init->expr->operator
2,17,rectangle_java2.jpg,rectangle_java2.jpg,370970388,60,932.6673333333333,672.636,902.5,658,34,20,new,3,class->block->function->block->block_content->decl_stmt->decl->init->expr->operator
2,17,rectangle_java2.jpg,rectangle_java2.jpg,370970388,60,932.6673333333333,672.636,941.5,658,91,20,Rectangle,9,class->block->function->block->block_content->decl_stmt->decl->init->expr->call->name
2,17,rectangle_java2.jpg,rectangle_java2.jpg,371266398,244,914.815737704918,684.2970491803279,916.5,694,9,21,(,1,class->block->function->block->block_content->expr_stmt->expr->call->argument_list
2,17,rectangle_java2.jpg,rectangle_java2.jpg,371338397,68,921.5211764705882,669.0023529411765,902.5,658,34,20,new,3,class->block->function->block->block_content->decl_stmt->decl->init->expr->operator
2,17,rectangle_java2.jpg,rectangle_java2.jpg,371622355,136,991.4917647058824,683.0320588235294,932.5,694,100,21,rect1.area,10,class->block->function->block->block_content->expr_stmt->expr->call->argument_list->argument->expr->call->name->name->operator->name
2,17,rectangle_java2.jpg,rectangle_java2.jpg,372046256,204,993.0080392156863,676.2827450980392,941.5,658,91,20,Rectangle,9,class->block->function->block->block_content->decl_stmt->decl->init->expr->call->name
2,17,rectangle_java2.jpg,rectangle_java2.jpg,372310249,60,1062.8653333333334,688.4673333333334,1057.5,694,10,21,),1,class->block->function->block->block_content->expr_stmt->expr->call->argument_list->argument->expr->call->argument_list
2,17,rectangle_java2.jpg,rectangle_java2.jpg,373290097,56,879.7957142857143,674.5692857142857,883.5,658,15,20,=,1,class->block->function->block->block_content->decl_stmt->decl->init
2,17,rectangle_java2.jpg,rectangle_java2.jpg,373378025,84,876.2266666666667,672.1371428571429,826.5,658,52,20,rect1,5,class->block->function->block->block_content->decl_stmt->decl->name
2,17,rectangle_java2.jpg,rectangle_java2.jpg,373378025,84,876.2266666666667,672.1371428571429,883.5,658,15,20,=,1,class->block->function->block->block_content->decl_stmt->decl->init
2,17,rectangle_java2.jpg,rectangle_java2.jpg,373530037,72,772.9577777777778,672.1094444444444,730.5,658,91,20,Rectangle,9,class->block->function->block->block_content->decl_stmt->decl->type->name
2,17,rectangle_java2.jpg,rectangle_java2.jpg,373670110,96,774.4745833333334,682.93875,730.5,694,177,21,System.out.println,18,class->block->function->block->block_content->expr_stmt->expr->call->name->name->operator->name->operator->name
2,17,rectangle_java2.jpg,rectangle_java2.jpg,373806140,132,759.0848484848485,713.4863636363636,730.5,694,177,21,System.out.println,18,class->block->function->block->block_content->expr_stmt->expr->call->name->name->operator->name->operator->name
2,17,rectangle_java2.jpg,rectangle_java2.jpg,374006142,60,814.216,726.904,730.5,731,91,20,Rectangle,9,class->block->function->block->block_content->decl_stmt->decl->type->name
2,17,rectangle_java2.jpg,rectangle_java2.jpg,374006142,60,814.216,726.904,826.5,731,51,20,rect2,5,class->block->function->block->block_content->decl_stmt->decl->name
2,17,rectangle_java2.jpg,rectangle_java2.jpg,374118129,108,817.3414814814815,728.2066666666667,730.5,731,91,20,Rectangle,9,class->block->function->block->block_content->decl_stmt->decl->type->name
2,17,rectangle_java2.jpg,rectangle_java2.jpg,374118129,108,817.3414814814815,728.2066666666667,826.5,731,51,20,rect2,5,class->block->function->block->block_content->decl_stmt->decl->name
2,17,rectangle_java2.jpg,rectangle_java2.jpg,374210126,60,869.6126666666667,724.116,826.5,731,51,20,rect2,5,class->block->function->block->block_content->decl_stmt->decl->name
2,17,rectangle_java2.jpg,rectangle_java2.jpg,374358119,56,982.4257142857143,719.365,941.5,731,91,20,Rectangle,9,class->block->function->block->block_content->decl_stmt->decl->init->expr->call->name
2,17,rectangle_java2.jpg,rectangle_java2.jpg,374626161,128,960.7278125,725.443125,941.5,731,91,20,Rectangle,9,class->block->function->block->block_content->decl_stmt->decl->init->expr->call->name
2,17,rectangle_java2.jpg,rectangle_java2.jpg,374802107,124,1012.0048387096774,728.3967741935484,941.5,731,91,20,Rectangle,9,class->block->function->block->block_content->decl_stmt->decl->init->expr->call->name
2,17,rectangle_java2.jpg,rectangle_java2.jpg,374925939,120,1011.3856666666667,725.251,941.5,731,91,20,Rectangle,9,class->block->function->block->block_content->decl_stmt->decl->init->expr->call->name
2,17,rectangle_java2.jpg,rectangle_java2.jpg,375041833,80,965.5995,724.9935,941.5,731,91,20,Rectangle,9,class->block->function->block->block_content->decl_stmt->decl->init->expr->call->name
2,17,rectangle_java2.jpg,rectangle_java2.jpg,375145877,100,962.1636,719.8815999999999,941.5,731,91,20,Rectangle,9,class->block->function->block->block_content->decl_stmt->decl->init->expr->call->name
2,17,rectangle_java2.jpg,rectangle_java2.jpg,375229943,80,997.1285,718.575,941.5,731,91,20,Rectangle,9,class->block->function->block->block_content->decl_stmt->decl->init->expr->call->name
2,17,rectangle_java2.jpg,rectangle_java2.jpg,375393994,60,1033.2313333333334,530.7093333333333,1035.5,512,13,21,-,1,class->block->function->block->block_content->return->expr->name->name
2,17,rectangle_java2.jpg,rectangle_java2.jpg,375537988,100,1028.7196,550.6332,968.5,549,70,21,this.y2,7,class->block->function->block->block_content->return->expr->name->name->operator->name
2,17,rectangle_java2.jpg,rectangle_java2.jpg,376293928,68,798.0364705882353,565.38,775.5,549,62,21,height,6,class->block->function->name
2,17,rectangle_java2.jpg,rectangle_java2.jpg,376501852,104,839.5584615384615,564.5342307692308,846.5,549,10,21,(,1,class->block->function->parameter_list
2,17,rectangle_java2.jpg,rectangle_java2.jpg,376669815,76,1047.808947368421,660.0594736842105,1041.5,658,9,20,(,1,class->block->function->block->block_content->decl_stmt->decl->init->expr->call->argument_list
2,17,rectangle_java2.jpg,rectangle_java2.jpg,376669815,76,1047.808947368421,660.0594736842105,1057.5,658,13,20,0,1,class->block->function->block->block_content->decl_stmt->decl->init->expr->call->argument_list->argument->expr->literal
2,17,rectangle_java2.jpg,rectangle_java2.jpg,376825822,120,1033.8773333333334,577.035,977.5,585,101,21,this.width,10,class->block->function->block->block_content->return->expr->call->name->name->operator->name
2,17,rectangle_java2.jpg,rectangle_java2.jpg,376957829,128,1032.8890625,563.4809375,968.5,549,70,21,this.y2,7,class->block->function->block->block_content->return->expr->name->name->operator->name
2,17,rectangle_java2.jpg,rectangle_java2.jpg,377077914,84,1022.652380952381,766.6580952380953,932.5,766,100,21,rect2.area,10,class->block->function->block->block_content->expr_stmt->expr->call->argument_list->argument->expr->call->name->name->operator->name
2,17,rectangle_java2.jpg,rectangle_java2.jpg,377214148,84,1023.1666666666666,749.8419047619047,941.5,731,91,20,Rectangle,9,class->block->function->block->block_content->decl_stmt->decl->init->expr->call->name
2,17,rectangle_java2.jpg,rectangle_java2.jpg,377274182,56,1025.232142857143,760.515,932.5,766,100,21,rect2.area,10,class->block->function->block->block_content->expr_stmt->expr->call->argument_list->argument->expr->call->name->name->operator->name
2,17,rectangle_java2.jpg,rectangle_java2.jpg,377445891,136,1078.1823529411765,707.675294117647,1077.5,694,9,21,),1,class->block->function->block->block_content->expr_stmt->expr->call->argument_list
2,17,rectangle_java2.jpg,rectangle_java2.jpg,377649822,124,1120.1325806451612,672.1306451612903,1115.5,658,10,20,",",1,class->block->function->block->block_content->decl_stmt->decl->init->expr->call->argument_list
2,17,rectangle_java2.jpg,rectangle_java2.jpg,377741836,88,1117.6940909090908,673.675909090909,1115.5,658,10,20,",",1,class->block->function->block->block_content->decl_stmt->decl->init->expr->call->argument_list
2,17,rectangle_java2.jpg,rectangle_java2.jpg,378037554,80,1018.619,709.735,932.5,694,100,21,rect1.area,10,class->block->function->block->block_content->expr_stmt->expr->call->argument_list->argument->expr->call->name->name->operator->name
2,17,rectangle_java2.jpg,rectangle_java2.jpg,378125567,84,1016.3685714285714,720.027619047619,941.5,731,91,20,Rectangle,9,class->block->function->block->block_content->decl_stmt->decl->init->expr->call->name
2,17,rectangle_java2.jpg,rectangle_java2.jpg,378257727,96,1075.8966666666668,767.4141666666667,1077.5,766,9,21,),1,class->block->function->block->block_content->expr_stmt->expr->call->argument_list
2,17,rectangle_java2.jpg,rectangle_java2.jpg,378393701,132,1082.2178787878788,766.8993939393939,1077.5,766,9,21,),1,class->block->function->block->block_content->expr_stmt->expr->call->argument_list
2,17,rectangle_java2.jpg,rectangle_java2.jpg,378553693,92,950.7782608695652,760.9686956521739,932.5,766,100,21,rect2.area,10,class->block->function->block->block_content->expr_stmt->expr->call->argument_list->argument->expr->call->name->name->operator->name
2,17,rectangle_java2.jpg,rectangle_java2.jpg,378905728,124,928.1035483870968,747.8170967741936,902.5,731,34,20,new,3,class->block->function->block->block_content->decl_stmt->decl->init->expr->operator
2,17,rectangle_java2.jpg,rectangle_java2.jpg,379005757,96,915.9670833333333,744.4529166666666,902.5,731,34,20,new,3,class->block->function->block->block_content->decl_stmt->decl->init->expr->operator
2,17,rectangle_java2.jpg,rectangle_java2.jpg,379253705,196,815.0183673469388,757.8414285714285,730.5,766,177,21,System.out.println,18,class->block->function->block->block_content->expr_stmt->expr->call->name->name->operator->name->operator->name
2,17,rectangle_java2.jpg,rectangle_java2.jpg,379441728,108,763.847037037037,763.64,730.5,766,177,21,System.out.println,18,class->block->function->block->block_content->expr_stmt->expr->call->name->name->operator->name->operator->name
2,17,rectangle_java2.jpg,rectangle_java2.jpg,379529661,84,768.7814285714286,775.0914285714285,730.5,766,177,21,System.out.println,18,class->block->function->block->block_content->expr_stmt->expr->call->name->name->operator->name->operator->name
2,17,rectangle_java2.jpg,rectangle_java2.jpg,379609507,76,764.4447368421053,778.5578947368422,730.5,766,177,21,System.out.println,18,class->block->function->block->block_content->expr_stmt->expr->call->name->name->operator->name->operator->name
2,17,rectangle_java2.jpg,rectangle_java2.jpg,380113616,60,997.724,512.8113333333333,958.5,512,71,21,this.x2,7,class->block->function->block->block_content->return->expr->name->name->operator->name->operator
2,17,rectangle_java2.jpg,rectangle_java2.jpg,380413582,132,987.2227272727273,508.76969696969695,958.5,512,71,21,this.x2,7,class->block->function->block->block_content->return->expr->name->name->operator->name->operator
2,17,rectangle_java2.jpg,rectangle_java2.jpg,381617407,228,1076.5198245614035,754.2989473684211,1077.5,766,9,21,),1,class->block->function->block->block_content->expr_stmt->expr->call->argument_list
2,17,rectangle_java2.jpg,rectangle_java2.jpg,381765404,132,928.6930303030304,750.3981818181818,902.5,731,34,20,new,3,class->block->function->block->block_content->decl_stmt->decl->init->expr->operator
2,17,rectangle_java2.jpg,rectangle_java2.jpg,381833423,64,924.728125,742.35375,902.5,731,34,20,new,3,class->block->function->block->block_content->decl_stmt->decl->init->expr->operator
2,17,rectangle_java2.jpg,rectangle_java2.jpg,382021450,108,827.2081481481481,764.0318518518518,730.5,766,177,21,System.out.println,18,class->block->function->block->block_content->expr_stmt->expr->call->name->name->operator->name->operator->name
2,17,rectangle_java2.jpg,rectangle_java2.jpg,382113458,88,826.235,758.9063636363636,730.5,766,177,21,System.out.println,18,class->block->function->block->block_content->expr_stmt->expr->call->name->name->operator->name->operator->name
2,17,rectangle_java2.jpg,rectangle_java2.jpg,382205442,88,849.1481818181818,756.4545454545455,730.5,766,177,21,System.out.println,18,class->block->function->block->block_content->expr_stmt->expr->call->name->name->operator->name->operator->name
2,17,rectangle_java2.jpg,rectangle_java2.jpg,382297423,88,850.4509090909091,762.075,730.5,766,177,21,System.out.println,18,class->block->function->block->block_content->expr_stmt->expr->call->name->name->operator->name->operator->name
2,17,rectangle_java2.jpg,rectangle_java2.jpg,382413484,76,989.9142105263157,785.8347368421053,932.5,766,100,21,rect2.area,10,class->block->function->block->block_content->expr_stmt->expr->call->argument_list->argument->expr->call->name->name->operator->name
2,17,rectangle_java2.jpg,rectangle_java2.jpg,382581525,60,935.9853333333333,777.7486666666666,932.5,766,100,21,rect2.area,10,class->block->function->block->block_content->expr_stmt->expr->call->argument_list->argument->expr->call->name->name->operator->name
2,17,rectangle_java2.jpg,rectangle_java2.jpg,382765260,124,926.9745161290323,777.6893548387097,932.5,766,100,21,rect2.area,10,class->block->function->block->block_content->expr_stmt->expr->call->argument_list->argument->expr->call->name->name->operator->name
2,17,rectangle_java2.jpg,rectangle_java2.jpg,382837259,68,933.3847058823529,762.7141176470589,932.5,766,100,21,rect2.area,10,class->block->function->block->block_content->expr_stmt->expr->call->argument_list->argument->expr->call->name->name->operator->name
2,17,rectangle_java2.jpg,rectangle_java2.jpg,382937279,76,987.2184210526316,775.7184210526316,932.5,766,100,21,rect2.area,10,class->block->function->block->block_content->expr_stmt->expr->call->argument_list->argument->expr->call->name->name->operator->name
2,17,rectangle_java2.jpg,rectangle_java2.jpg,383009296,68,982.8570588235294,773.5905882352941,932.5,766,100,21,rect2.area,10,class->block->function->block->block_content->expr_stmt->expr->call->argument_list->argument->expr->call->name->name->operator->name
2,17,rectangle_java2.jpg,rectangle_java2.jpg,383305304,124,1080.938064516129,768.0935483870968,1077.5,766,9,21,),1,class->block->function->block->block_content->expr_stmt->expr->call->argument_list
2,17,rectangle_java2.jpg,rectangle_java2.jpg,383521332,104,1105.5134615384616,778.3476923076923,1096.5,766,10,21,;,1,class->block->function->block->block_content->expr_stmt
2,17,rectangle_java2.jpg,rectangle_java2.jpg,385097174,56,1051.9457142857143,757.8707142857143,1057.5,766,10,21,),1,class->block->function->block->block_content->expr_stmt->expr->call->argument_list->argument->expr->call->argument_list
2,17,rectangle_java2.jpg,rectangle_java2.jpg,385829150,60,996.4866666666667,746.6726666666667,941.5,731,91,20,Rectangle,9,class->block->function->block->block_content->decl_stmt->decl->init->expr->call->name
2,17,rectangle_java2.jpg,rectangle_java2.jpg,386117206,284,997.7832394366197,744.2202816901408,941.5,731,91,20,Rectangle,9,class->block->function->block->block_content->decl_stmt->decl->init->expr->call->name
2,17,rectangle_java2.jpg,rectangle_java2.jpg,386609041,68,1099.9017647058824,771.0176470588235,1096.5,766,10,21,;,1,class->block->function->block->block_content->expr_stmt
2,17,rectangle_java2.jpg,rectangle_java2.jpg,386681041,68,1084.1235294117648,771.7117647058824,1077.5,766,9,21,),1,class->block->function->block->block_content->expr_stmt->expr->call->argument_list
2,17,rectangle_java2.jpg,rectangle_java2.jpg,386681041,68,1084.1235294117648,771.7117647058824,1096.5,766,10,21,;,1,class->block->function->block->block_content->expr_stmt
2,17,rectangle_java2.jpg,rectangle_java2.jpg,386809028,68,1082.544705882353,770.9341176470588,1077.5,766,9,21,),1,class->block->function->block->block_content->expr_stmt->expr->call->argument_list
2,17,rectangle_java2.jpg,rectangle_java2.jpg,387928895,116,1039.5696551724138,750.8965517241379,1041.5,731,9,20,(,1,class->block->function->block->block_content->decl_stmt->decl->init->expr->call->argument_list
