trial,participant,code_file,code_language,timestamp,duration,x_cord,y_cord,aoi_x,aoi_y,aoi_width,aoi_height,token,length,srcML
2,64,rectangle_java2.jpg,rectangle_java2.jpg,789895083,104,823.4738461538461,358.5769230769231,826.5,367,23,21,y1,2,class->block->constructor->block->block_content->expr_stmt->expr->name->name
2,64,rectangle_java2.jpg,rectangle_java2.jpg,790019050,120,811.1293333333333,343.55766666666665,806.5,331,15,19,=,1,class->block->constructor->block->block_content->expr_stmt->expr->operator
2,64,rectangle_java2.jpg,rectangle_java2.jpg,791127132,100,765.66,269.7296,747.5,259,33,21,int,3,class->block->decl_stmt->decl->type->name
2,64,rectangle_java2.jpg,rectangle_java2.jpg,791518859,140,799.2371428571429,288.14885714285714,737.5,295,91,21,Rectangle,9,class->block->constructor->name
2,64,rectangle_java2.jpg,rectangle_java2.jpg,791646854,124,805.3341935483871,294.53709677419357,737.5,295,91,21,Rectangle,9,class->block->constructor->name
2,64,rectangle_java2.jpg,rectangle_java2.jpg,791802941,152,802.0015789473684,299.5773684210526,737.5,295,91,21,Rectangle,9,class->block->constructor->name
2,64,rectangle_java2.jpg,rectangle_java2.jpg,793358718,92,749.7078260869565,213.4204347826087,715.5,222,90,21,Rectangle,9,class->name
2,64,rectangle_java2.jpg,rectangle_java2.jpg,793546741,144,808.0083333333333,225.3027777777778,813.5,222,10,21,{,1,class->block
2,64,rectangle_java2.jpg,rectangle_java2.jpg,793606763,56,810.0742857142857,211.8492857142857,813.5,222,10,21,{,1,class->block
2,64,rectangle_java2.jpg,rectangle_java2.jpg,795718670,144,776.1486111111111,238.11638888888888,715.5,222,90,21,Rectangle,9,class->name
2,64,rectangle_java2.jpg,rectangle_java2.jpg,795926667,60,774.97,246.95733333333334,747.5,259,33,21,int,3,class->block->decl_stmt->decl->type->name
2,64,rectangle_java2.jpg,rectangle_java2.jpg,795926667,60,774.97,246.95733333333334,785.5,259,23,21,x1,2,class->block->decl_stmt->decl->name
2,64,rectangle_java2.jpg,rectangle_java2.jpg,796050698,120,778.0126666666666,233.35133333333334,715.5,222,90,21,Rectangle,9,class->name
2,64,rectangle_java2.jpg,rectangle_java2.jpg,796674641,116,784.23,298.4096551724138,737.5,295,91,21,Rectangle,9,class->block->constructor->name
2,64,rectangle_java2.jpg,rectangle_java2.jpg,796806605,128,784.7684375,288.3578125,737.5,295,91,21,Rectangle,9,class->block->constructor->name
2,64,rectangle_java2.jpg,rectangle_java2.jpg,797018453,188,897.9489361702127,282.58425531914895,890.5,295,24,21,x1,2,class->block->constructor->parameter_list->parameter->decl->type->name
2,64,rectangle_java2.jpg,rectangle_java2.jpg,797342542,96,996.06125,284.2970833333333,977.5,295,23,21,y1,2,class->block->constructor->parameter_list->parameter->decl->type->name
2,64,rectangle_java2.jpg,rectangle_java2.jpg,797342542,96,996.06125,284.2970833333333,1007.5,295,10,21,",",1,class->block->constructor->parameter_list
2,64,rectangle_java2.jpg,rectangle_java2.jpg,797418547,72,997.5238888888889,294.65999999999997,977.5,295,23,21,y1,2,class->block->constructor->parameter_list->parameter->decl->type->name
2,64,rectangle_java2.jpg,rectangle_java2.jpg,797418547,72,997.5238888888889,294.65999999999997,1007.5,295,10,21,",",1,class->block->constructor->parameter_list
2,64,rectangle_java2.jpg,rectangle_java2.jpg,797498552,76,1004.0315789473684,284.53578947368425,1007.5,295,10,21,",",1,class->block->constructor->parameter_list
2,64,rectangle_java2.jpg,rectangle_java2.jpg,797574552,72,1002.0427777777778,292.6561111111111,1007.5,295,10,21,",",1,class->block->constructor->parameter_list
2,64,rectangle_java2.jpg,rectangle_java2.jpg,797958534,80,817.367,315.0055,737.5,295,91,21,Rectangle,9,class->block->constructor->name
2,64,rectangle_java2.jpg,rectangle_java2.jpg,798042532,80,806.0185,297.797,737.5,295,91,21,Rectangle,9,class->block->constructor->name
2,64,rectangle_java2.jpg,rectangle_java2.jpg,798110531,64,805.824375,287.753125,737.5,295,91,21,Rectangle,9,class->block->constructor->name
2,64,rectangle_java2.jpg,rectangle_java2.jpg,798214491,100,810.6336,297.3156,737.5,295,91,21,Rectangle,9,class->block->constructor->name
2,64,rectangle_java2.jpg,rectangle_java2.jpg,798578564,160,842.94525,330.32325000000003,826.5,331,23,19,x1,2,class->block->constructor->block->block_content->expr_stmt->expr->name->name
2,64,rectangle_java2.jpg,rectangle_java2.jpg,798750495,88,810.680909090909,343.335,806.5,331,15,19,=,1,class->block->constructor->block->block_content->expr_stmt->expr->operator
2,64,rectangle_java2.jpg,rectangle_java2.jpg,798834367,80,816.4755,336.473,806.5,331,15,19,=,1,class->block->constructor->block->block_content->expr_stmt->expr->operator
2,64,rectangle_java2.jpg,rectangle_java2.jpg,798834367,80,816.4755,336.473,826.5,331,23,19,x1,2,class->block->constructor->block->block_content->expr_stmt->expr->name->name
2,64,rectangle_java2.jpg,rectangle_java2.jpg,798910250,72,810.2205555555555,344.5627777777778,806.5,331,15,19,=,1,class->block->constructor->block->block_content->expr_stmt->expr->operator
2,64,rectangle_java2.jpg,rectangle_java2.jpg,798974249,60,815.038,341.14466666666664,806.5,331,15,19,=,1,class->block->constructor->block->block_content->expr_stmt->expr->operator
2,64,rectangle_java2.jpg,rectangle_java2.jpg,798974249,60,815.038,341.14466666666664,826.5,331,23,19,x1,2,class->block->constructor->block->block_content->expr_stmt->expr->name->name
2,64,rectangle_java2.jpg,rectangle_java2.jpg,799170458,156,810.3261538461538,380.49,806.5,367,15,21,=,1,class->block->constructor->block->block_content->expr_stmt->expr->operator
2,64,rectangle_java2.jpg,rectangle_java2.jpg,799318400,96,857.45625,374.89666666666665,856.5,367,10,21,;,1,class->block->constructor->block->block_content->expr_stmt
2,64,rectangle_java2.jpg,rectangle_java2.jpg,799482370,60,825.912,404.49266666666665,826.5,404,23,19,x2,2,class->block->constructor->block->block_content->expr_stmt->expr->name->name
2,64,rectangle_java2.jpg,rectangle_java2.jpg,799566366,80,827.6915,421.49250000000006,826.5,404,23,19,x2,2,class->block->constructor->block->block_content->expr_stmt->expr->name->name
2,64,rectangle_java2.jpg,rectangle_java2.jpg,800094341,140,827.266,320.55,826.5,331,23,19,x1,2,class->block->constructor->block->block_content->expr_stmt->expr->name->name
2,64,rectangle_java2.jpg,rectangle_java2.jpg,800154334,56,838.1514285714286,315.175,837.5,295,9,21,(,1,class->block->constructor->parameter_list
2,64,rectangle_java2.jpg,rectangle_java2.jpg,800442401,60,914.0226666666666,285.2726666666667,890.5,295,24,21,x1,2,class->block->constructor->parameter_list->parameter->decl->type->name
2,64,rectangle_java2.jpg,rectangle_java2.jpg,800442401,60,914.0226666666666,285.2726666666667,921.5,295,9,21,",",1,class->block->constructor->parameter_list
2,64,rectangle_java2.jpg,rectangle_java2.jpg,800586360,104,878.3538461538461,288.82384615384615,853.5,295,32,21,int,3,class->block->constructor->parameter_list->parameter->decl->type->name
2,64,rectangle_java2.jpg,rectangle_java2.jpg,800586360,104,878.3538461538461,288.82384615384615,890.5,295,24,21,x1,2,class->block->constructor->parameter_list->parameter->decl->type->name
2,64,rectangle_java2.jpg,rectangle_java2.jpg,800698188,88,795.7136363636364,283.32545454545453,737.5,295,91,21,Rectangle,9,class->block->constructor->name
2,64,rectangle_java2.jpg,rectangle_java2.jpg,800810138,108,787.252962962963,283.0037037037037,737.5,295,91,21,Rectangle,9,class->block->constructor->name
2,64,rectangle_java2.jpg,rectangle_java2.jpg,800902200,60,837.5886666666667,272.09,833.5,259,23,21,y1,2,class->block->decl_stmt->decl->name
2,64,rectangle_java2.jpg,rectangle_java2.jpg,801066228,160,829.29,259.576,833.5,259,23,21,y1,2,class->block->decl_stmt->decl->name
2,64,rectangle_java2.jpg,rectangle_java2.jpg,801170225,60,955.51,265.758,959.5,259,10,21,;,1,class->block->decl_stmt
2,64,rectangle_java2.jpg,rectangle_java2.jpg,801282274,108,954.4796296296296,275.2459259259259,959.5,259,10,21,;,1,class->block->decl_stmt
2,64,rectangle_java2.jpg,rectangle_java2.jpg,801426305,108,919.6777777777778,253.31407407407409,911.5,259,10,21,",",1,class->block->decl_stmt
2,64,rectangle_java2.jpg,rectangle_java2.jpg,801426305,108,919.6777777777778,253.31407407407409,929.5,259,23,21,y2,2,class->block->decl_stmt->decl->name
2,64,rectangle_java2.jpg,rectangle_java2.jpg,801554306,64,1013.426875,286.165625,1007.5,295,10,21,",",1,class->block->constructor->parameter_list
2,64,rectangle_java2.jpg,rectangle_java2.jpg,801554306,64,1013.426875,286.165625,1025.5,295,33,21,int,3,class->block->constructor->parameter_list->parameter->decl->type->name
2,64,rectangle_java2.jpg,rectangle_java2.jpg,801758156,200,1016.0146,294.011,1007.5,295,10,21,",",1,class->block->constructor->parameter_list
2,64,rectangle_java2.jpg,rectangle_java2.jpg,801758156,200,1016.0146,294.011,1025.5,295,33,21,int,3,class->block->constructor->parameter_list->parameter->decl->type->name
2,64,rectangle_java2.jpg,rectangle_java2.jpg,801858188,56,889.2978571428572,269.48071428571427,881.5,259,23,21,x2,2,class->block->decl_stmt->decl->name
2,64,rectangle_java2.jpg,rectangle_java2.jpg,801990251,128,892.16125,251.35281250000003,881.5,259,23,21,x2,2,class->block->decl_stmt->decl->name
2,64,rectangle_java2.jpg,rectangle_java2.jpg,802142276,56,810.3478571428572,338.74785714285713,806.5,331,15,19,=,1,class->block->constructor->block->block_content->expr_stmt->expr->operator
2,64,rectangle_java2.jpg,rectangle_java2.jpg,802286313,56,834.85,338.01214285714286,826.5,331,23,19,x1,2,class->block->constructor->block->block_content->expr_stmt->expr->name->name
2,64,rectangle_java2.jpg,rectangle_java2.jpg,802346339,56,837.975,304.3442857142857,837.5,295,9,21,(,1,class->block->constructor->parameter_list
2,64,rectangle_java2.jpg,rectangle_java2.jpg,802478289,72,841.9966666666667,310.10555555555555,837.5,295,9,21,(,1,class->block->constructor->parameter_list
2,64,rectangle_java2.jpg,rectangle_java2.jpg,802478289,72,841.9966666666667,310.10555555555555,853.5,295,32,21,int,3,class->block->constructor->parameter_list->parameter->decl->type->name
2,64,rectangle_java2.jpg,rectangle_java2.jpg,802622151,84,808.8695238095238,300.88428571428574,737.5,295,91,21,Rectangle,9,class->block->constructor->name
2,64,rectangle_java2.jpg,rectangle_java2.jpg,802714126,88,813.4381818181819,296.39272727272726,737.5,295,91,21,Rectangle,9,class->block->constructor->name
2,64,rectangle_java2.jpg,rectangle_java2.jpg,802806127,88,808.5872727272728,293.1431818181818,737.5,295,91,21,Rectangle,9,class->block->constructor->name
2,64,rectangle_java2.jpg,rectangle_java2.jpg,802946146,96,827.4541666666667,325.1225,826.5,331,23,19,x1,2,class->block->constructor->block->block_content->expr_stmt->expr->name->name
2,64,rectangle_java2.jpg,rectangle_java2.jpg,803062144,112,823.1717857142858,310.64535714285716,737.5,295,91,21,Rectangle,9,class->block->constructor->name
2,64,rectangle_java2.jpg,rectangle_java2.jpg,803122137,56,836.2692857142857,318.94928571428574,826.5,331,23,19,x1,2,class->block->constructor->block->block_content->expr_stmt->expr->name->name
2,64,rectangle_java2.jpg,rectangle_java2.jpg,803258115,104,804.2311538461538,332.1746153846154,806.5,331,15,19,=,1,class->block->constructor->block->block_content->expr_stmt->expr->operator
2,64,rectangle_java2.jpg,rectangle_java2.jpg,803346087,84,799.8728571428571,332.26761904761906,730.5,331,71,19,this.x1,7,class->block->constructor->block->block_content->expr_stmt->expr->name->name->operator->name
2,64,rectangle_java2.jpg,rectangle_java2.jpg,803346087,84,799.8728571428571,332.26761904761906,806.5,331,15,19,=,1,class->block->constructor->block->block_content->expr_stmt->expr->operator
2,64,rectangle_java2.jpg,rectangle_java2.jpg,803698122,108,802.6181481481482,310.98148148148147,737.5,295,91,21,Rectangle,9,class->block->constructor->name
2,64,rectangle_java2.jpg,rectangle_java2.jpg,803826140,88,778.8995454545454,325.48636363636365,730.5,331,71,19,this.x1,7,class->block->constructor->block->block_content->expr_stmt->expr->name->name->operator->name
2,64,rectangle_java2.jpg,rectangle_java2.jpg,803942143,112,791.6657142857143,306.35214285714284,737.5,295,91,21,Rectangle,9,class->block->constructor->name
2,64,rectangle_java2.jpg,rectangle_java2.jpg,804014148,68,778.7811764705882,324.50117647058823,730.5,331,71,19,this.x1,7,class->block->constructor->block->block_content->expr_stmt->expr->name->name->operator->name
2,64,rectangle_java2.jpg,rectangle_java2.jpg,804150155,80,838.4085,298.192,837.5,295,9,21,(,1,class->block->constructor->parameter_list
2,64,rectangle_java2.jpg,rectangle_java2.jpg,804214162,60,849.7226666666667,300.23466666666667,853.5,295,32,21,int,3,class->block->constructor->parameter_list->parameter->decl->type->name
2,64,rectangle_java2.jpg,rectangle_java2.jpg,804369992,88,943.6740909090909,283.68227272727273,939.5,295,33,21,int,3,class->block->constructor->parameter_list->parameter->decl->type->name
2,64,rectangle_java2.jpg,rectangle_java2.jpg,804557889,144,884.9380555555556,271.99083333333334,881.5,259,23,21,x2,2,class->block->decl_stmt->decl->name
2,64,rectangle_java2.jpg,rectangle_java2.jpg,804693986,72,997.8766666666667,298.8622222222222,977.5,295,23,21,y1,2,class->block->constructor->parameter_list->parameter->decl->type->name
2,64,rectangle_java2.jpg,rectangle_java2.jpg,804693986,72,997.8766666666667,298.8622222222222,1007.5,295,10,21,",",1,class->block->constructor->parameter_list
2,64,rectangle_java2.jpg,rectangle_java2.jpg,804774013,76,1004.3363157894737,286.74,1007.5,295,10,21,",",1,class->block->constructor->parameter_list
2,64,rectangle_java2.jpg,rectangle_java2.jpg,804913984,136,1000.4482352941177,292.54470588235296,977.5,295,23,21,y1,2,class->block->constructor->parameter_list->parameter->decl->type->name
2,64,rectangle_java2.jpg,rectangle_java2.jpg,804913984,136,1000.4482352941177,292.54470588235296,1007.5,295,10,21,",",1,class->block->constructor->parameter_list
2,64,rectangle_java2.jpg,rectangle_java2.jpg,805313969,80,788.267,517.65,775.5,512,53,21,width,5,class->block->function->name
2,64,rectangle_java2.jpg,rectangle_java2.jpg,805722005,84,825.0871428571429,506.8499999999999,775.5,512,53,21,width,5,class->block->function->name
2,64,rectangle_java2.jpg,rectangle_java2.jpg,805722005,84,825.0871428571429,506.8499999999999,837.5,512,9,21,(,1,class->block->function->parameter_list
2,64,rectangle_java2.jpg,rectangle_java2.jpg,806014121,116,787.8020689655173,501.37862068965524,775.5,512,53,21,width,5,class->block->function->name
2,64,rectangle_java2.jpg,rectangle_java2.jpg,806193978,96,786.2416666666667,290.27875,737.5,295,91,21,Rectangle,9,class->block->constructor->name
2,64,rectangle_java2.jpg,rectangle_java2.jpg,806309851,112,792.5325,285.20892857142854,737.5,295,91,21,Rectangle,9,class->block->constructor->name
2,64,rectangle_java2.jpg,rectangle_java2.jpg,806617922,264,734.7695454545454,279.76545454545453,669.5,259,72,21,private,7,class->block->decl_stmt->decl->type->specifier
2,64,rectangle_java2.jpg,rectangle_java2.jpg,806985862,328,804.0982926829269,287.8721951219512,737.5,295,91,21,Rectangle,9,class->block->constructor->name
2,64,rectangle_java2.jpg,rectangle_java2.jpg,807073863,84,802.1666666666666,279.8666666666667,785.5,259,23,21,x1,2,class->block->decl_stmt->decl->name
2,64,rectangle_java2.jpg,rectangle_java2.jpg,807209834,92,749.1260869565217,277.2086956521739,747.5,259,33,21,int,3,class->block->decl_stmt->decl->type->name
2,64,rectangle_java2.jpg,rectangle_java2.jpg,807269818,56,757.4928571428571,274.97214285714284,747.5,259,33,21,int,3,class->block->decl_stmt->decl->type->name
2,64,rectangle_java2.jpg,rectangle_java2.jpg,807421811,60,818.4153333333334,372.99133333333333,806.5,367,15,21,=,1,class->block->constructor->block->block_content->expr_stmt->expr->operator
2,64,rectangle_java2.jpg,rectangle_java2.jpg,807421811,60,818.4153333333334,372.99133333333333,826.5,367,23,21,y1,2,class->block->constructor->block->block_content->expr_stmt->expr->name->name
2,64,rectangle_java2.jpg,rectangle_java2.jpg,807577842,72,774.9,400.7011111111111,730.5,404,71,19,this.x2,7,class->block->constructor->block->block_content->expr_stmt->expr->name->name->operator->name
2,64,rectangle_java2.jpg,rectangle_java2.jpg,807673846,92,774.2578260869565,413.21217391304344,730.5,404,71,19,this.x2,7,class->block->constructor->block->block_content->expr_stmt->expr->name->name->operator->name
2,64,rectangle_java2.jpg,rectangle_java2.jpg,807825859,104,726.1334615384616,505.5061538461539,669.5,512,63,21,public,6,class->block->function->type->specifier
2,64,rectangle_java2.jpg,rectangle_java2.jpg,807825859,104,726.1334615384616,505.5061538461539,737.5,512,33,21,int,3,class->block->function->type->name
2,64,rectangle_java2.jpg,rectangle_java2.jpg,807889868,60,721.9106666666667,508.7686666666666,669.5,512,63,21,public,6,class->block->function->type->specifier
2,64,rectangle_java2.jpg,rectangle_java2.jpg,808045629,152,723.5476315789474,504.1247368421052,669.5,512,63,21,public,6,class->block->function->type->specifier
2,64,rectangle_java2.jpg,rectangle_java2.jpg,808277619,184,804.1980434782608,537.7852173913044,775.5,549,62,21,height,6,class->block->function->name
2,64,rectangle_java2.jpg,rectangle_java2.jpg,808385696,76,846.5468421052632,549.9326315789474,846.5,549,10,21,(,1,class->block->function->parameter_list
2,64,rectangle_java2.jpg,rectangle_java2.jpg,808637806,176,798.3013636363636,554.9,775.5,549,62,21,height,6,class->block->function->name
2,64,rectangle_java2.jpg,rectangle_java2.jpg,808841842,200,789.9188,547.6946,775.5,549,62,21,height,6,class->block->function->name
2,64,rectangle_java2.jpg,rectangle_java2.jpg,808945793,68,894.8294117647059,551.0741176470589,900.5,549,63,21,return,6,class->block->function->block->block_content->return
2,64,rectangle_java2.jpg,rectangle_java2.jpg,809065785,116,895.3472413793104,559.56,900.5,549,63,21,return,6,class->block->function->block->block_content->return
2,64,rectangle_java2.jpg,rectangle_java2.jpg,809257786,144,817.3933333333333,622.0994444444444,804.5,621,44,21,void,4,class->block->function->type->name
2,64,rectangle_java2.jpg,rectangle_java2.jpg,809485744,224,816.5046428571428,623.3539285714286,804.5,621,44,21,void,4,class->block->function->type->name
2,64,rectangle_java2.jpg,rectangle_java2.jpg,809745657,192,807.9302083333333,699.18125,730.5,694,177,21,System.out.println,18,class->block->function->block->block_content->expr_stmt->expr->call->name->name->operator->name->operator->name
2,64,rectangle_java2.jpg,rectangle_java2.jpg,809873605,60,809.2073333333334,513.2246666666666,775.5,512,53,21,width,5,class->block->function->name
2,64,rectangle_java2.jpg,rectangle_java2.jpg,809933580,56,811.1728571428571,511.37571428571425,775.5,512,53,21,width,5,class->block->function->name
2,64,rectangle_java2.jpg,rectangle_java2.jpg,810013586,76,790.4457894736842,505.32578947368415,775.5,512,53,21,width,5,class->block->function->name
2,64,rectangle_java2.jpg,rectangle_java2.jpg,810089609,64,867.995625,506.546875,874.5,512,10,21,{,1,class->block->function->block
2,64,rectangle_java2.jpg,rectangle_java2.jpg,810197612,104,861.6842307692308,505.20884615384614,854.5,512,9,21,),1,class->block->function->parameter_list
2,64,rectangle_java2.jpg,rectangle_java2.jpg,810373567,140,786.8154285714286,563.4628571428572,775.5,549,62,21,height,6,class->block->function->name
2,64,rectangle_java2.jpg,rectangle_java2.jpg,810501629,124,795.6716129032258,569.5751612903226,775.5,549,62,21,height,6,class->block->function->name
2,64,rectangle_java2.jpg,rectangle_java2.jpg,810681664,176,793.3806818181819,565.0859090909091,775.5,549,62,21,height,6,class->block->function->name
2,64,rectangle_java2.jpg,rectangle_java2.jpg,810829668,124,787.0864516129033,708.3706451612903,730.5,694,177,21,System.out.println,18,class->block->function->block->block_content->expr_stmt->expr->call->name->name->operator->name->operator->name
2,64,rectangle_java2.jpg,rectangle_java2.jpg,810901671,68,782.5805882352942,711.9035294117647,730.5,694,177,21,System.out.println,18,class->block->function->block->block_content->expr_stmt->expr->call->name->name->operator->name->operator->name
2,64,rectangle_java2.jpg,rectangle_java2.jpg,811029643,72,814.6261111111111,769.8294444444444,730.5,766,177,21,System.out.println,18,class->block->function->block->block_content->expr_stmt->expr->call->name->name->operator->name->operator->name
2,64,rectangle_java2.jpg,rectangle_java2.jpg,812005569,160,841.90375,684.34325,730.5,694,177,21,System.out.println,18,class->block->function->block->block_content->expr_stmt->expr->call->name->name->operator->name->operator->name
2,64,rectangle_java2.jpg,rectangle_java2.jpg,812205650,116,828.5748275862069,542.2137931034483,775.5,549,62,21,height,6,class->block->function->name
2,64,rectangle_java2.jpg,rectangle_java2.jpg,812393469,120,895.197,562.4243333333334,900.5,549,63,21,return,6,class->block->function->block->block_content->return
2,64,rectangle_java2.jpg,rectangle_java2.jpg,812481475,84,904.707619047619,555.0933333333334,900.5,549,63,21,return,6,class->block->function->block->block_content->return
2,64,rectangle_java2.jpg,rectangle_java2.jpg,812545481,60,892.692,563.5393333333334,883.5,549,10,21,{,1,class->block->function->block
2,64,rectangle_java2.jpg,rectangle_java2.jpg,812545481,60,892.692,563.5393333333334,900.5,549,63,21,return,6,class->block->function->block->block_content->return
2,64,rectangle_java2.jpg,rectangle_java2.jpg,812773561,164,1010.7970731707317,547.7982926829268,968.5,549,70,21,this.y2,7,class->block->function->block->block_content->return->expr->name->name->operator->name
2,64,rectangle_java2.jpg,rectangle_java2.jpg,812961345,108,1074.262962962963,564.0807407407408,1064.5,549,71,21,this.y1,7,class->block->function->block->block_content->return->expr->name->name->operator->name
2,64,rectangle_java2.jpg,rectangle_java2.jpg,813089358,76,946.6026315789474,554.3721052631579,900.5,549,63,21,return,6,class->block->function->block->block_content->return
2,64,rectangle_java2.jpg,rectangle_java2.jpg,813257425,164,958.84,550.0539024390243,900.5,549,63,21,return,6,class->block->function->block->block_content->return
2,64,rectangle_java2.jpg,rectangle_java2.jpg,813257425,164,958.84,550.0539024390243,968.5,549,70,21,this.y2,7,class->block->function->block->block_content->return->expr->name->name->operator->name
2,64,rectangle_java2.jpg,rectangle_java2.jpg,814221345,104,1166.8846153846155,568.4661538461538,1161.5,549,10,21,},1,class->block->function->block
2,64,rectangle_java2.jpg,rectangle_java2.jpg,814293367,68,1171.2405882352941,565.4523529411765,1161.5,549,10,21,},1,class->block->function->block
2,64,rectangle_java2.jpg,rectangle_java2.jpg,814453377,68,886.2370588235294,313.9682352941177,890.5,295,24,21,x1,2,class->block->constructor->parameter_list->parameter->decl->type->name
2,64,rectangle_java2.jpg,rectangle_java2.jpg,814549360,92,880.8695652173913,305.3021739130435,853.5,295,32,21,int,3,class->block->constructor->parameter_list->parameter->decl->type->name
2,64,rectangle_java2.jpg,rectangle_java2.jpg,814549360,92,880.8695652173913,305.3021739130435,890.5,295,24,21,x1,2,class->block->constructor->parameter_list->parameter->decl->type->name
2,64,rectangle_java2.jpg,rectangle_java2.jpg,815917186,104,878.5234615384616,592.3330769230769,873.5,585,9,21,),1,class->block->function->parameter_list
2,64,rectangle_java2.jpg,rectangle_java2.jpg,815985191,64,884.318125,591.450625,893.5,585,10,21,{,1,class->block->function->block
2,64,rectangle_java2.jpg,rectangle_java2.jpg,816109205,64,944.42625,587.441875,910.5,585,62,21,return,6,class->block->function->block->block_content->return
2,64,rectangle_java2.jpg,rectangle_java2.jpg,816201218,88,947.1277272727273,574.9986363636364,910.5,585,62,21,return,6,class->block->function->block->block_content->return
2,64,rectangle_java2.jpg,rectangle_java2.jpg,816269223,64,941.173125,575.49,910.5,585,62,21,return,6,class->block->function->block->block_content->return
2,64,rectangle_java2.jpg,rectangle_java2.jpg,816429183,136,1075.980294117647,592.5397058823529,977.5,585,101,21,this.width,10,class->block->function->block->block_content->return->expr->call->name->name->operator->name
2,64,rectangle_java2.jpg,rectangle_java2.jpg,816429183,136,1075.980294117647,592.5397058823529,1086.5,585,10,21,(,1,class->block->function->block->block_content->return->expr->call->argument_list
2,64,rectangle_java2.jpg,rectangle_java2.jpg,816585169,152,1073.0442105263157,579.635,977.5,585,101,21,this.width,10,class->block->function->block->block_content->return->expr->call->name->name->operator->name
2,64,rectangle_java2.jpg,rectangle_java2.jpg,816913181,76,877.0252631578948,596.8026315789474,873.5,585,9,21,),1,class->block->function->parameter_list
2,64,rectangle_java2.jpg,rectangle_java2.jpg,817277150,60,881.9593333333333,629.428,851.5,621,44,21,main,4,class->block->function->name
2,64,rectangle_java2.jpg,rectangle_java2.jpg,817597127,96,964.8841666666667,640.1070833333333,920.5,621,62,21,String,6,class->block->function->parameter_list->parameter->decl->type->name->name
2,64,rectangle_java2.jpg,rectangle_java2.jpg,817753089,56,1059.2214285714285,639.3678571428571,1025.5,621,42,21,args,4,class->block->function->parameter_list->parameter->decl->name
2,64,rectangle_java2.jpg,rectangle_java2.jpg,817833066,76,1056.8357894736841,630.5978947368421,1025.5,621,42,21,args,4,class->block->function->parameter_list->parameter->decl->name
2,64,rectangle_java2.jpg,rectangle_java2.jpg,817933061,96,1053.885,649.7041666666667,1057.5,658,13,20,0,1,class->block->function->block->block_content->decl_stmt->decl->init->expr->call->argument_list->argument->expr->literal
2,64,rectangle_java2.jpg,rectangle_java2.jpg,818029190,56,1168.7721428571429,648.4242857142857,1163.5,658,10,20,",",1,class->block->function->block->block_content->decl_stmt->decl->init->expr->call->argument_list
2,64,rectangle_java2.jpg,rectangle_java2.jpg,818173228,140,1174.8814285714286,657.8962857142857,1182.5,658,22,20,10,2,class->block->function->block->block_content->decl_stmt->decl->init->expr->call->argument_list->argument->expr->literal
2,64,rectangle_java2.jpg,rectangle_java2.jpg,818484958,60,1152.3700000000001,558.5026666666666,1142.5,549,10,21,;,1,class->block->function->block->block_content->return
2,64,rectangle_java2.jpg,rectangle_java2.jpg,818484958,60,1152.3700000000001,558.5026666666666,1161.5,549,10,21,},1,class->block->function->block
2,64,rectangle_java2.jpg,rectangle_java2.jpg,818661051,124,1078.7503225806452,523.9,1054.5,512,71,21,this.x1,7,class->block->function->block->block_content->return->expr->name->name->operator->name
2,64,rectangle_java2.jpg,rectangle_java2.jpg,818845089,76,901.6626315789474,503.967894736842,891.5,512,62,21,return,6,class->block->function->block->block_content->return->expr->name->name
2,64,rectangle_java2.jpg,rectangle_java2.jpg,819608975,76,877.1842105263158,502.87052631578945,874.5,512,10,21,{,1,class->block->function->block
2,64,rectangle_java2.jpg,rectangle_java2.jpg,819864961,136,833.5279411764706,509.02382352941174,837.5,512,9,21,(,1,class->block->function->parameter_list
2,64,rectangle_java2.jpg,rectangle_java2.jpg,820124915,112,842.6607142857143,298.8614285714286,837.5,295,9,21,(,1,class->block->constructor->parameter_list
2,64,rectangle_java2.jpg,rectangle_java2.jpg,820124915,112,842.6607142857143,298.8614285714286,853.5,295,32,21,int,3,class->block->constructor->parameter_list->parameter->decl->type->name
2,64,rectangle_java2.jpg,rectangle_java2.jpg,820240912,112,839.6432142857143,289.17285714285714,837.5,295,9,21,(,1,class->block->constructor->parameter_list
2,64,rectangle_java2.jpg,rectangle_java2.jpg,820348912,56,814.4957142857143,285.3778571428571,737.5,295,91,21,Rectangle,9,class->block->constructor->name
2,64,rectangle_java2.jpg,rectangle_java2.jpg,820505005,152,807.8050000000001,295.50447368421055,737.5,295,91,21,Rectangle,9,class->block->constructor->name
2,64,rectangle_java2.jpg,rectangle_java2.jpg,820661005,136,806.3532352941177,217.29352941176467,813.5,222,10,21,{,1,class->block
2,64,rectangle_java2.jpg,rectangle_java2.jpg,820921028,208,903.7559615384615,537.1194230769231,900.5,549,63,21,return,6,class->block->function->block->block_content->return
2,64,rectangle_java2.jpg,rectangle_java2.jpg,821044859,88,1085.115909090909,527.1627272727272,1054.5,512,71,21,this.x1,7,class->block->function->block->block_content->return->expr->name->name->operator->name
2,64,rectangle_java2.jpg,rectangle_java2.jpg,821148644,100,1084.2484,517.4444,1054.5,512,71,21,this.x1,7,class->block->function->block->block_content->return->expr->name->name->operator->name
2,64,rectangle_java2.jpg,rectangle_java2.jpg,821644801,68,860.73,708.3205882352942,730.5,694,177,21,System.out.println,18,class->block->function->block->block_content->expr_stmt->expr->call->name->name->operator->name->operator->name
2,64,rectangle_java2.jpg,rectangle_java2.jpg,821844740,168,838.0130952380953,765.6640476190477,730.5,766,177,21,System.out.println,18,class->block->function->block->block_content->expr_stmt->expr->call->name->name->operator->name->operator->name
2,64,rectangle_java2.jpg,rectangle_java2.jpg,821924728,76,831.7436842105263,769.9963157894737,730.5,766,177,21,System.out.println,18,class->block->function->block->block_content->expr_stmt->expr->call->name->name->operator->name->operator->name
2,64,rectangle_java2.jpg,rectangle_java2.jpg,822008745,68,936.4535294117647,772.0617647058823,932.5,766,100,21,rect2.area,10,class->block->function->block->block_content->expr_stmt->expr->call->argument_list->argument->expr->call->name->name->operator->name
2,64,rectangle_java2.jpg,rectangle_java2.jpg,822116857,104,942.3984615384616,768.6403846153846,932.5,766,100,21,rect2.area,10,class->block->function->block->block_content->expr_stmt->expr->call->argument_list->argument->expr->call->name->name->operator->name
2,64,rectangle_java2.jpg,rectangle_java2.jpg,823508723,136,788.8982352941176,240.73470588235296,715.5,222,90,21,Rectangle,9,class->name
2,64,rectangle_java2.jpg,rectangle_java2.jpg,823580734,68,788.7323529411765,229.21294117647062,715.5,222,90,21,Rectangle,9,class->name
2,64,rectangle_java2.jpg,rectangle_java2.jpg,823828739,104,775.7411538461538,214.1565384615385,715.5,222,90,21,Rectangle,9,class->name
2,64,rectangle_java2.jpg,rectangle_java2.jpg,824584683,84,1064.2471428571428,646.0742857142857,1057.5,658,13,20,0,1,class->block->function->block->block_content->decl_stmt->decl->init->expr->call->argument_list->argument->expr->literal
2,64,rectangle_java2.jpg,rectangle_java2.jpg,824648683,60,1059.6126666666667,655.854,1057.5,658,13,20,0,1,class->block->function->block->block_content->decl_stmt->decl->init->expr->call->argument_list->argument->expr->literal
2,64,rectangle_java2.jpg,rectangle_java2.jpg,824816503,64,836.749375,565.5,775.5,549,62,21,height,6,class->block->function->name
2,64,rectangle_java2.jpg,rectangle_java2.jpg,824816503,64,836.749375,565.5,846.5,549,10,21,(,1,class->block->function->parameter_list
2,64,rectangle_java2.jpg,rectangle_java2.jpg,825352515,100,864.3108,257.6452,863.5,259,10,21,",",1,class->block->decl_stmt
2,64,rectangle_java2.jpg,rectangle_java2.jpg,825528593,132,1034.4769696969697,711.7436363636364,1041.5,694,9,21,(,1,class->block->function->block->block_content->expr_stmt->expr->call->argument_list->argument->expr->call->argument_list
2,64,rectangle_java2.jpg,rectangle_java2.jpg,825600593,68,1031.4782352941177,705.4123529411764,932.5,694,100,21,rect1.area,10,class->block->function->block->block_content->expr_stmt->expr->call->argument_list->argument->expr->call->name->name->operator->name
2,64,rectangle_java2.jpg,rectangle_java2.jpg,825600593,68,1031.4782352941177,705.4123529411764,1041.5,694,9,21,(,1,class->block->function->block->block_content->expr_stmt->expr->call->argument_list->argument->expr->call->argument_list
2,64,rectangle_java2.jpg,rectangle_java2.jpg,825792515,56,853.2435714285714,655.1292857142857,826.5,658,52,20,rect1,5,class->block->function->block->block_content->decl_stmt->decl->name
2,64,rectangle_java2.jpg,rectangle_java2.jpg,825852492,56,853.285,647.1835714285714,826.5,658,52,20,rect1,5,class->block->function->block->block_content->decl_stmt->decl->name
2,64,rectangle_java2.jpg,rectangle_java2.jpg,826368542,64,967.0225,651.56125,941.5,658,91,20,Rectangle,9,class->block->function->block->block_content->decl_stmt->decl->init->expr->call->name
2,64,rectangle_java2.jpg,rectangle_java2.jpg,826608536,88,1160.3168181818182,671.9786363636364,1163.5,658,10,20,",",1,class->block->function->block->block_content->decl_stmt->decl->init->expr->call->argument_list
2,64,rectangle_java2.jpg,rectangle_java2.jpg,826700465,88,1154.8372727272726,677.6781818181818,1134.5,658,22,20,10,2,class->block->function->block->block_content->decl_stmt->decl->init->expr->call->argument_list->argument->expr->literal
2,64,rectangle_java2.jpg,rectangle_java2.jpg,826700465,88,1154.8372727272726,677.6781818181818,1163.5,658,10,20,",",1,class->block->function->block->block_content->decl_stmt->decl->init->expr->call->argument_list
2,64,rectangle_java2.jpg,rectangle_java2.jpg,827280350,68,854.2676470588235,729.525294117647,826.5,731,51,20,rect2,5,class->block->function->block->block_content->decl_stmt->decl->name
2,64,rectangle_java2.jpg,rectangle_java2.jpg,827400370,116,861.076551724138,743.8344827586207,826.5,731,51,20,rect2,5,class->block->function->block->block_content->decl_stmt->decl->name
2,64,rectangle_java2.jpg,rectangle_java2.jpg,827500417,56,852.8635714285714,764.0985714285714,730.5,766,177,21,System.out.println,18,class->block->function->block->block_content->expr_stmt->expr->call->name->name->operator->name->operator->name
2,64,rectangle_java2.jpg,rectangle_java2.jpg,827684413,64,987.641875,773.266875,932.5,766,100,21,rect2.area,10,class->block->function->block->block_content->expr_stmt->expr->call->argument_list->argument->expr->call->name->name->operator->name
2,64,rectangle_java2.jpg,rectangle_java2.jpg,827824405,104,1025.006153846154,765.7223076923077,932.5,766,100,21,rect2.area,10,class->block->function->block->block_content->expr_stmt->expr->call->argument_list->argument->expr->call->name->name->operator->name
2,64,rectangle_java2.jpg,rectangle_java2.jpg,827896411,68,1025.21,765.6476470588235,932.5,766,100,21,rect2.area,10,class->block->function->block->block_content->expr_stmt->expr->call->argument_list->argument->expr->call->name->name->operator->name
2,64,rectangle_java2.jpg,rectangle_java2.jpg,827976413,64,868.05,763.426875,730.5,766,177,21,System.out.println,18,class->block->function->block->block_content->expr_stmt->expr->call->name->name->operator->name->operator->name
2,64,rectangle_java2.jpg,rectangle_java2.jpg,828076398,96,878.45,775.2175,730.5,766,177,21,System.out.println,18,class->block->function->block->block_content->expr_stmt->expr->call->name->name->operator->name->operator->name
2,64,rectangle_java2.jpg,rectangle_java2.jpg,828228390,148,874.5832432432433,786.4043243243243,730.5,766,177,21,System.out.println,18,class->block->function->block->block_content->expr_stmt->expr->call->name->name->operator->name->operator->name
2,64,rectangle_java2.jpg,rectangle_java2.jpg,830927868,60,813.4586666666667,435.06600000000003,806.5,440,15,21,=,1,class->block->constructor->block->block_content->expr_stmt->expr->operator
2,64,rectangle_java2.jpg,rectangle_java2.jpg,831027824,96,815.3166666666667,442.90958333333333,806.5,440,15,21,=,1,class->block->constructor->block->block_content->expr_stmt->expr->operator
2,64,rectangle_java2.jpg,rectangle_java2.jpg,831027824,96,815.3166666666667,442.90958333333333,826.5,440,23,21,y2,2,class->block->constructor->block->block_content->expr_stmt->expr->name->name
2,64,rectangle_java2.jpg,rectangle_java2.jpg,831551731,60,781.478,222.19333333333333,715.5,222,90,21,Rectangle,9,class->name
2,64,rectangle_java2.jpg,rectangle_java2.jpg,840827056,120,826.5776666666667,636.0763333333333,804.5,621,44,21,void,4,class->block->function->type->name
2,64,rectangle_java2.jpg,rectangle_java2.jpg,840887031,56,830.1478571428571,637.6728571428572,804.5,621,44,21,void,4,class->block->function->type->name
2,64,rectangle_java2.jpg,rectangle_java2.jpg,841059147,76,841.2052631578947,520.7373684210527,837.5,512,9,21,(,1,class->block->function->parameter_list
2,64,rectangle_java2.jpg,rectangle_java2.jpg,841155208,92,837.5039130434783,501.15565217391304,837.5,512,9,21,(,1,class->block->function->parameter_list
2,64,rectangle_java2.jpg,rectangle_java2.jpg,842159183,96,729.1108333333333,454.16875000000005,730.5,440,71,21,this.y2,7,class->block->constructor->block->block_content->expr_stmt->expr->name->name->operator->name
2,64,rectangle_java2.jpg,rectangle_java2.jpg,842275113,76,777.838947368421,460.78736842105263,730.5,440,71,21,this.y2,7,class->block->constructor->block->block_content->expr_stmt->expr->name->name->operator->name
2,64,rectangle_java2.jpg,rectangle_java2.jpg,843110986,104,911.7107692307692,517.0376923076923,891.5,512,62,21,return,6,class->block->function->block->block_content->return->expr->name->name
2,64,rectangle_java2.jpg,rectangle_java2.jpg,843190984,76,908.1689473684211,520.49,891.5,512,62,21,return,6,class->block->function->block->block_content->return->expr->name->name
2,64,rectangle_java2.jpg,rectangle_java2.jpg,843278984,84,829.2514285714286,518.5585714285714,837.5,512,9,21,(,1,class->block->function->parameter_list
2,64,rectangle_java2.jpg,rectangle_java2.jpg,843654994,176,1004.14,605.5252272727273,977.5,585,101,21,this.width,10,class->block->function->block->block_content->return->expr->call->name->name->operator->name
2,64,rectangle_java2.jpg,rectangle_java2.jpg,843790980,108,855.902962962963,572.817037037037,856.5,585,9,21,(,1,class->block->function->parameter_list
2,64,rectangle_java2.jpg,rectangle_java2.jpg,843927001,132,856.910303030303,566.5087878787879,863.5,549,9,21,),1,class->block->function->parameter_list
2,64,rectangle_java2.jpg,rectangle_java2.jpg,846234849,132,927.5466666666666,527.6409090909091,891.5,512,62,21,return,6,class->block->function->block->block_content->return->expr->name->name
2,64,rectangle_java2.jpg,rectangle_java2.jpg,846338778,100,919.0944,518.27,891.5,512,62,21,return,6,class->block->function->block->block_content->return->expr->name->name
2,64,rectangle_java2.jpg,rectangle_java2.jpg,846594708,124,1100.8848387096775,637.5548387096774,1094.5,621,10,21,{,1,class->block->function->block
2,64,rectangle_java2.jpg,rectangle_java2.jpg,847286728,124,878.4948387096774,500.1606451612904,874.5,512,10,21,{,1,class->block->function->block
2,64,rectangle_java2.jpg,rectangle_java2.jpg,847366730,76,876.0531578947368,503.27631578947376,874.5,512,10,21,{,1,class->block->function->block
2,64,rectangle_java2.jpg,rectangle_java2.jpg,848482582,168,731.1376190476191,458.5514285714286,730.5,440,71,21,this.y2,7,class->block->constructor->block->block_content->expr_stmt->expr->name->name->operator->name
2,64,rectangle_java2.jpg,rectangle_java2.jpg,848910570,148,828.2164864864865,459.6310810810811,826.5,440,23,21,y2,2,class->block->constructor->block->block_content->expr_stmt->expr->name->name
2,64,rectangle_java2.jpg,rectangle_java2.jpg,849950590,160,865.95575,638.64075,851.5,621,44,21,main,4,class->block->function->name
2,64,rectangle_java2.jpg,rectangle_java2.jpg,850202537,144,802.4047222222222,721.0494444444445,730.5,731,91,20,Rectangle,9,class->block->function->block->block_content->decl_stmt->decl->type->name
2,64,rectangle_java2.jpg,rectangle_java2.jpg,850322504,116,800.9672413793103,731.0424137931035,730.5,731,91,20,Rectangle,9,class->block->function->block->block_content->decl_stmt->decl->type->name
2,64,rectangle_java2.jpg,rectangle_java2.jpg,850578464,224,840.2682142857143,500.8605357142858,837.5,512,9,21,(,1,class->block->function->parameter_list
2,64,rectangle_java2.jpg,rectangle_java2.jpg,852926347,148,966.6851351351352,565.1816216216216,968.5,549,70,21,this.y2,7,class->block->function->block->block_content->return->expr->name->name->operator->name
2,64,rectangle_java2.jpg,rectangle_java2.jpg,853014360,84,961.4942857142858,553.5795238095238,900.5,549,63,21,return,6,class->block->function->block->block_content->return
2,64,rectangle_java2.jpg,rectangle_java2.jpg,853014360,84,961.4942857142858,553.5795238095238,968.5,549,70,21,this.y2,7,class->block->function->block->block_content->return->expr->name->name->operator->name
2,64,rectangle_java2.jpg,rectangle_java2.jpg,853118357,100,968.8468,557.3328,968.5,549,70,21,this.y2,7,class->block->function->block->block_content->return->expr->name->name->operator->name
2,64,rectangle_java2.jpg,rectangle_java2.jpg,853934260,64,881.72375,539.839375,883.5,549,10,21,{,1,class->block->function->block
2,64,rectangle_java2.jpg,rectangle_java2.jpg,854118264,180,888.406,520.2566666666667,891.5,512,62,21,return,6,class->block->function->block->block_content->return->expr->name->name
2,64,rectangle_java2.jpg,rectangle_java2.jpg,854394252,180,1132.3833333333334,532.8424444444445,1132.5,512,10,21,;,1,class->block->function->block
2,64,rectangle_java2.jpg,rectangle_java2.jpg,854502224,104,1130.7853846153846,528.8834615384616,1132.5,512,10,21,;,1,class->block->function->block
2,64,rectangle_java2.jpg,rectangle_java2.jpg,854734215,84,854.4976190476191,541.3947619047619,846.5,549,10,21,(,1,class->block->function->parameter_list
2,64,rectangle_java2.jpg,rectangle_java2.jpg,854734215,84,854.4976190476191,541.3947619047619,863.5,549,9,21,),1,class->block->function->parameter_list
2,64,rectangle_java2.jpg,rectangle_java2.jpg,854818193,80,862.194,556.3149999999999,863.5,549,9,21,),1,class->block->function->parameter_list
2,64,rectangle_java2.jpg,rectangle_java2.jpg,854898183,76,856.6236842105263,547.5773684210526,863.5,549,9,21,),1,class->block->function->parameter_list
2,64,rectangle_java2.jpg,rectangle_java2.jpg,855042177,68,962.9970588235294,551.0129411764706,900.5,549,63,21,return,6,class->block->function->block->block_content->return
2,64,rectangle_java2.jpg,rectangle_java2.jpg,855042177,68,962.9970588235294,551.0129411764706,968.5,549,70,21,this.y2,7,class->block->function->block->block_content->return->expr->name->name->operator->name
2,64,rectangle_java2.jpg,rectangle_java2.jpg,855126186,80,965.1885,566.0675,968.5,549,70,21,this.y2,7,class->block->function->block->block_content->return->expr->name->name->operator->name
2,64,rectangle_java2.jpg,rectangle_java2.jpg,855370236,176,1056.1313636363636,566.0425,1045.5,549,13,21,-,1,class->block->function->block->block_content->return->expr->operator
2,64,rectangle_java2.jpg,rectangle_java2.jpg,855370236,176,1056.1313636363636,566.0425,1064.5,549,71,21,this.y1,7,class->block->function->block->block_content->return->expr->name->name->operator->name
2,64,rectangle_java2.jpg,rectangle_java2.jpg,855866070,68,903.6988235294118,637.1023529411765,904.5,621,9,21,(,1,class->block->function->parameter_list
2,64,rectangle_java2.jpg,rectangle_java2.jpg,855974068,56,877.1835714285714,655.2414285714285,826.5,658,52,20,rect1,5,class->block->function->block->block_content->decl_stmt->decl->name
2,64,rectangle_java2.jpg,rectangle_java2.jpg,855974068,56,877.1835714285714,655.2414285714285,883.5,658,15,20,=,1,class->block->function->block->block_content->decl_stmt->decl->init
2,64,rectangle_java2.jpg,rectangle_java2.jpg,856130087,152,875.8957894736842,657.256052631579,826.5,658,52,20,rect1,5,class->block->function->block->block_content->decl_stmt->decl->name
2,64,rectangle_java2.jpg,rectangle_java2.jpg,856130087,152,875.8957894736842,657.256052631579,883.5,658,15,20,=,1,class->block->function->block->block_content->decl_stmt->decl->init
2,64,rectangle_java2.jpg,rectangle_java2.jpg,856270011,100,1074.1748,655.6347999999999,1077.5,658,9,20,",",1,class->block->function->block->block_content->decl_stmt->decl->init->expr->call->argument_list
2,64,rectangle_java2.jpg,rectangle_java2.jpg,856365971,92,1073.6234782608697,654.0330434782609,1077.5,658,9,20,",",1,class->block->function->block->block_content->decl_stmt->decl->init->expr->call->argument_list
2,64,rectangle_java2.jpg,rectangle_java2.jpg,856482004,112,1063.605,655.2675,1057.5,658,13,20,0,1,class->block->function->block->block_content->decl_stmt->decl->init->expr->call->argument_list->argument->expr->literal
2,64,rectangle_java2.jpg,rectangle_java2.jpg,856670065,176,1184.1781818181819,646.4825,1182.5,658,22,20,10,2,class->block->function->block->block_content->decl_stmt->decl->init->expr->call->argument_list->argument->expr->literal
2,64,rectangle_java2.jpg,rectangle_java2.jpg,856842071,132,1223.6609090909092,655.4830303030303,1231.5,658,10,20,;,1,class->block->function->block->block_content->decl_stmt
2,64,rectangle_java2.jpg,rectangle_java2.jpg,856990115,108,947.0840740740741,691.7622222222222,932.5,694,100,21,rect1.area,10,class->block->function->block->block_content->expr_stmt->expr->call->argument_list->argument->expr->call->name->name->operator->name
2,64,rectangle_java2.jpg,rectangle_java2.jpg,857278094,116,835.2831034482758,720.2841379310345,826.5,731,51,20,rect2,5,class->block->function->block->block_content->decl_stmt->decl->name
2,64,rectangle_java2.jpg,rectangle_java2.jpg,857421990,140,840.8340000000001,731.2842857142857,826.5,731,51,20,rect2,5,class->block->function->block->block_content->decl_stmt->decl->name
2,64,rectangle_java2.jpg,rectangle_java2.jpg,857701930,236,917.0296610169491,729.74,902.5,731,34,20,new,3,class->block->function->block->block_content->decl_stmt->decl->init->expr->operator
2,64,rectangle_java2.jpg,rectangle_java2.jpg,857789935,84,906.7395238095238,724.0866666666667,902.5,731,34,20,new,3,class->block->function->block->block_content->decl_stmt->decl->init->expr->operator
2,64,rectangle_java2.jpg,rectangle_java2.jpg,857893904,72,987.9677777777778,735.6055555555555,941.5,731,91,20,Rectangle,9,class->block->function->block->block_content->decl_stmt->decl->init->expr->call->name
2,64,rectangle_java2.jpg,rectangle_java2.jpg,858025907,128,994.7753125,742.1059375,941.5,731,91,20,Rectangle,9,class->block->function->block->block_content->decl_stmt->decl->init->expr->call->name
2,64,rectangle_java2.jpg,rectangle_java2.jpg,858181963,124,918.4790322580645,723.498064516129,902.5,731,34,20,new,3,class->block->function->block->block_content->decl_stmt->decl->init->expr->operator
2,64,rectangle_java2.jpg,rectangle_java2.jpg,858245986,60,936.0306666666667,721.9706666666667,902.5,731,34,20,new,3,class->block->function->block->block_content->decl_stmt->decl->init->expr->operator
2,64,rectangle_java2.jpg,rectangle_java2.jpg,858245986,60,936.0306666666667,721.9706666666667,941.5,731,91,20,Rectangle,9,class->block->function->block->block_content->decl_stmt->decl->init->expr->call->name
2,64,rectangle_java2.jpg,rectangle_java2.jpg,858333988,84,935.9733333333334,732.69,902.5,731,34,20,new,3,class->block->function->block->block_content->decl_stmt->decl->init->expr->operator
2,64,rectangle_java2.jpg,rectangle_java2.jpg,858333988,84,935.9733333333334,732.69,941.5,731,91,20,Rectangle,9,class->block->function->block->block_content->decl_stmt->decl->init->expr->call->name
2,64,rectangle_java2.jpg,rectangle_java2.jpg,858465958,92,899.7460869565217,631.9873913043479,904.5,621,9,21,(,1,class->block->function->parameter_list
2,64,rectangle_java2.jpg,rectangle_java2.jpg,859061916,56,1056.5957142857142,635.805,1025.5,621,42,21,args,4,class->block->function->parameter_list->parameter->decl->name
2,64,rectangle_java2.jpg,rectangle_java2.jpg,859433673,68,1079.74,620.7911764705882,1074.5,621,10,21,),1,class->block->function->parameter_list
2,64,rectangle_java2.jpg,rectangle_java2.jpg,859593760,68,1153.2876470588235,647.6647058823529,1134.5,658,22,20,10,2,class->block->function->block->block_content->decl_stmt->decl->init->expr->call->argument_list->argument->expr->literal
2,64,rectangle_java2.jpg,rectangle_java2.jpg,859593760,68,1153.2876470588235,647.6647058823529,1163.5,658,10,20,",",1,class->block->function->block->block_content->decl_stmt->decl->init->expr->call->argument_list
2,64,rectangle_java2.jpg,rectangle_java2.jpg,859725760,128,1145.4809375,653.84125,1134.5,658,22,20,10,2,class->block->function->block->block_content->decl_stmt->decl->init->expr->call->argument_list->argument->expr->literal
2,64,rectangle_java2.jpg,rectangle_java2.jpg,859841712,112,1235.7107142857144,650.7514285714286,1231.5,658,10,20,;,1,class->block->function->block->block_content->decl_stmt
2,64,rectangle_java2.jpg,rectangle_java2.jpg,860253863,124,1212.1109677419354,592.2683870967742,1140.5,585,110,21,this.height,11,class->block->function->block->block_content->return->expr->call->name->name->operator->name
2,64,rectangle_java2.jpg,rectangle_java2.jpg,860761789,160,1187.80925,656.1245,1182.5,658,22,20,10,2,class->block->function->block->block_content->decl_stmt->decl->init->expr->call->argument_list->argument->expr->literal
2,64,rectangle_java2.jpg,rectangle_java2.jpg,860877718,60,950.268,573.362,910.5,585,62,21,return,6,class->block->function->block->block_content->return
2,64,rectangle_java2.jpg,rectangle_java2.jpg,861005785,124,951.6196774193548,577.0103225806452,910.5,585,62,21,return,6,class->block->function->block->block_content->return
2,64,rectangle_java2.jpg,rectangle_java2.jpg,861461571,168,899.0802380952381,525.0247619047619,891.5,512,62,21,return,6,class->block->function->block->block_content->return->expr->name->name
2,64,rectangle_java2.jpg,rectangle_java2.jpg,861637545,140,849.9774285714285,525.574,854.5,512,9,21,),1,class->block->function->parameter_list
2,64,rectangle_java2.jpg,rectangle_java2.jpg,862625726,60,855.5546666666667,501.8646666666666,854.5,512,9,21,),1,class->block->function->parameter_list
2,64,rectangle_java2.jpg,rectangle_java2.jpg,863693541,148,803.9910810810811,250.4445945945946,785.5,259,23,21,x1,2,class->block->decl_stmt->decl->name
2,64,rectangle_java2.jpg,rectangle_java2.jpg,863693541,148,803.9910810810811,250.4445945945946,815.5,259,10,21,",",1,class->block->decl_stmt
2,64,rectangle_java2.jpg,rectangle_java2.jpg,864521510,92,769.9786956521739,274.91869565217394,747.5,259,33,21,int,3,class->block->decl_stmt->decl->type->name
2,64,rectangle_java2.jpg,rectangle_java2.jpg,864589516,64,784.095,276.4575,785.5,259,23,21,x1,2,class->block->decl_stmt->decl->name
2,64,rectangle_java2.jpg,rectangle_java2.jpg,864737521,124,804.3970967741935,218.58580645161294,715.5,222,90,21,Rectangle,9,class->name
2,64,rectangle_java2.jpg,rectangle_java2.jpg,864737521,124,804.3970967741935,218.58580645161294,813.5,222,10,21,{,1,class->block
2,64,rectangle_java2.jpg,rectangle_java2.jpg,864845401,104,799.7011538461538,216.30884615384616,715.5,222,90,21,Rectangle,9,class->name
2,64,rectangle_java2.jpg,rectangle_java2.jpg,865037312,188,804.6104255319149,211.80787234042555,715.5,222,90,21,Rectangle,9,class->name
2,64,rectangle_java2.jpg,rectangle_java2.jpg,865037312,188,804.6104255319149,211.80787234042555,813.5,222,10,21,{,1,class->block
2,64,rectangle_java2.jpg,rectangle_java2.jpg,865701453,120,792.7226666666667,221.82799999999997,715.5,222,90,21,Rectangle,9,class->name
2,64,rectangle_java2.jpg,rectangle_java2.jpg,866549369,196,753.9138775510204,213.745306122449,715.5,222,90,21,Rectangle,9,class->name
2,64,rectangle_java2.jpg,rectangle_java2.jpg,866869305,136,806.2705882352941,212.93382352941177,813.5,222,10,21,{,1,class->block
2,64,rectangle_java2.jpg,rectangle_java2.jpg,867565250,204,734.2129411764706,238.7429411764706,715.5,222,90,21,Rectangle,9,class->name
2,64,rectangle_java2.jpg,rectangle_java2.jpg,868141250,116,798.4206896551724,249.47793103448276,785.5,259,23,21,x1,2,class->block->decl_stmt->decl->name
2,64,rectangle_java2.jpg,rectangle_java2.jpg,868401232,216,767.5638888888889,253.91462962962964,747.5,259,33,21,int,3,class->block->decl_stmt->decl->type->name
2,64,rectangle_java2.jpg,rectangle_java2.jpg,868469173,64,762.31375,249.85749999999996,747.5,259,33,21,int,3,class->block->decl_stmt->decl->type->name
2,64,rectangle_java2.jpg,rectangle_java2.jpg,868785028,104,917.9630769230769,255.03346153846155,911.5,259,10,21,",",1,class->block->decl_stmt
2,64,rectangle_java2.jpg,rectangle_java2.jpg,868785028,104,917.9630769230769,255.03346153846155,929.5,259,23,21,y2,2,class->block->decl_stmt->decl->name
2,64,rectangle_java2.jpg,rectangle_java2.jpg,868933110,144,914.5452777777778,251.0386111111111,911.5,259,10,21,",",1,class->block->decl_stmt
2,64,rectangle_java2.jpg,rectangle_java2.jpg,869077140,96,785.4866666666667,300.21375,737.5,295,91,21,Rectangle,9,class->block->constructor->name
2,64,rectangle_java2.jpg,rectangle_java2.jpg,869325107,92,746.3478260869565,296.5421739130435,737.5,295,91,21,Rectangle,9,class->block->constructor->name
2,64,rectangle_java2.jpg,rectangle_java2.jpg,869497150,140,819.9105714285714,287.56971428571427,737.5,295,91,21,Rectangle,9,class->block->constructor->name
2,64,rectangle_java2.jpg,rectangle_java2.jpg,869605197,104,816.3511538461538,296.6953846153846,737.5,295,91,21,Rectangle,9,class->block->constructor->name
2,64,rectangle_java2.jpg,rectangle_java2.jpg,869681230,72,823.5355555555556,288.3588888888889,737.5,295,91,21,Rectangle,9,class->block->constructor->name
2,64,rectangle_java2.jpg,rectangle_java2.jpg,869817255,124,941.461935483871,290.55645161290323,939.5,295,33,21,int,3,class->block->constructor->parameter_list->parameter->decl->type->name
2,64,rectangle_java2.jpg,rectangle_java2.jpg,869989295,68,911.214705882353,297.75,890.5,295,24,21,x1,2,class->block->constructor->parameter_list->parameter->decl->type->name
2,64,rectangle_java2.jpg,rectangle_java2.jpg,869989295,68,911.214705882353,297.75,921.5,295,9,21,",",1,class->block->constructor->parameter_list
2,64,rectangle_java2.jpg,rectangle_java2.jpg,870436810,60,777.674,274.99466666666666,747.5,259,33,21,int,3,class->block->decl_stmt->decl->type->name
2,64,rectangle_java2.jpg,rectangle_java2.jpg,870436810,60,777.674,274.99466666666666,785.5,259,23,21,x1,2,class->block->decl_stmt->decl->name
2,64,rectangle_java2.jpg,rectangle_java2.jpg,870604996,164,789.7841463414634,285.30146341463416,737.5,295,91,21,Rectangle,9,class->block->constructor->name
2,64,rectangle_java2.jpg,rectangle_java2.jpg,870733037,96,916.2075,299.7004166666667,921.5,295,9,21,",",1,class->block->constructor->parameter_list
2,64,rectangle_java2.jpg,rectangle_java2.jpg,870921016,184,925.0823913043479,307.0517391304348,921.5,295,9,21,",",1,class->block->constructor->parameter_list
2,64,rectangle_java2.jpg,rectangle_java2.jpg,871025026,92,802.9786956521739,308.90478260869565,737.5,295,91,21,Rectangle,9,class->block->constructor->name
2,64,rectangle_java2.jpg,rectangle_java2.jpg,871221019,192,805.2879166666667,307.581875,737.5,295,91,21,Rectangle,9,class->block->constructor->name
2,64,rectangle_java2.jpg,rectangle_java2.jpg,871369001,92,747.7147826086956,308.5778260869565,737.5,295,91,21,Rectangle,9,class->block->constructor->name
2,64,rectangle_java2.jpg,rectangle_java2.jpg,871468986,96,754.5016666666667,295.9266666666667,737.5,295,91,21,Rectangle,9,class->block->constructor->name
2,64,rectangle_java2.jpg,rectangle_java2.jpg,871532968,60,758.494,296.77133333333336,737.5,295,91,21,Rectangle,9,class->block->constructor->name
2,64,rectangle_java2.jpg,rectangle_java2.jpg,871704938,96,845.8645833333334,300.1075,837.5,295,9,21,(,1,class->block->constructor->parameter_list
2,64,rectangle_java2.jpg,rectangle_java2.jpg,871704938,96,845.8645833333334,300.1075,853.5,295,32,21,int,3,class->block->constructor->parameter_list->parameter->decl->type->name
2,64,rectangle_java2.jpg,rectangle_java2.jpg,871884950,136,922.8135294117648,313.99970588235294,921.5,295,9,21,",",1,class->block->constructor->parameter_list
2,64,rectangle_java2.jpg,rectangle_java2.jpg,872072980,184,922.1382608695652,312.2410869565217,921.5,295,9,21,",",1,class->block->constructor->parameter_list
2,64,rectangle_java2.jpg,rectangle_java2.jpg,872265079,84,842.4795238095238,343.2004761904762,826.5,331,23,19,x1,2,class->block->constructor->block->block_content->expr_stmt->expr->name->name
2,64,rectangle_java2.jpg,rectangle_java2.jpg,872328989,60,833.5613333333333,347.8826666666667,826.5,331,23,19,x1,2,class->block->constructor->block->block_content->expr_stmt->expr->name->name
2,64,rectangle_java2.jpg,rectangle_java2.jpg,873524826,144,966.1972222222222,293.22555555555556,939.5,295,33,21,int,3,class->block->constructor->parameter_list->parameter->decl->type->name
2,64,rectangle_java2.jpg,rectangle_java2.jpg,873524826,144,966.1972222222222,293.22555555555556,977.5,295,23,21,y1,2,class->block->constructor->parameter_list->parameter->decl->type->name
2,64,rectangle_java2.jpg,rectangle_java2.jpg,873588865,60,937.8886666666666,302.77133333333336,939.5,295,33,21,int,3,class->block->constructor->parameter_list->parameter->decl->type->name
2,64,rectangle_java2.jpg,rectangle_java2.jpg,873708911,116,936.8455172413793,292.8196551724138,939.5,295,33,21,int,3,class->block->constructor->parameter_list->parameter->decl->type->name
2,64,rectangle_java2.jpg,rectangle_java2.jpg,874612732,128,1090.1465625,296.95375,1094.5,295,9,21,",",1,class->block->constructor->parameter_list
2,64,rectangle_java2.jpg,rectangle_java2.jpg,874960634,128,1121.41875,290.305,1112.5,295,33,21,int,3,class->block->constructor->parameter_list->parameter->decl->type->name
2,64,rectangle_java2.jpg,rectangle_java2.jpg,875696747,92,847.8921739130435,504.6543478260869,854.5,512,9,21,),1,class->block->function->parameter_list
2,64,rectangle_java2.jpg,rectangle_java2.jpg,875980649,128,960.788125,505.7365625,958.5,512,71,21,this.x2,7,class->block->function->block->block_content->return->expr->name->name->operator->name->operator
2,64,rectangle_java2.jpg,rectangle_java2.jpg,876120602,136,957.1044117647059,500.3685294117647,958.5,512,71,21,this.x2,7,class->block->function->block->block_content->return->expr->name->name->operator->name->operator
2,64,rectangle_java2.jpg,rectangle_java2.jpg,876224605,76,832.6636842105263,515.1121052631579,837.5,512,9,21,(,1,class->block->function->parameter_list
2,64,rectangle_java2.jpg,rectangle_java2.jpg,876320604,92,829.9013043478261,527.9465217391304,837.5,512,9,21,(,1,class->block->function->parameter_list
2,64,rectangle_java2.jpg,rectangle_java2.jpg,876584489,168,888.5197619047619,532.0864285714285,891.5,512,62,21,return,6,class->block->function->block->block_content->return->expr->name->name
2,64,rectangle_java2.jpg,rectangle_java2.jpg,876692523,88,840.9868181818182,525.059090909091,837.5,512,9,21,(,1,class->block->function->parameter_list
2,64,rectangle_java2.jpg,rectangle_java2.jpg,876752543,56,843.4421428571429,519.6678571428572,837.5,512,9,21,(,1,class->block->function->parameter_list
2,64,rectangle_java2.jpg,rectangle_java2.jpg,876752543,56,843.4421428571429,519.6678571428572,854.5,512,9,21,),1,class->block->function->parameter_list
2,64,rectangle_java2.jpg,rectangle_java2.jpg,876864598,108,847.427037037037,514.422962962963,854.5,512,9,21,),1,class->block->function->parameter_list
2,64,rectangle_java2.jpg,rectangle_java2.jpg,877036606,96,924.9754166666667,538.75875,900.5,549,63,21,return,6,class->block->function->block->block_content->return
2,64,rectangle_java2.jpg,rectangle_java2.jpg,877116598,76,926.2968421052632,531.181052631579,891.5,512,62,21,return,6,class->block->function->block->block_content->return->expr->name->name
2,64,rectangle_java2.jpg,rectangle_java2.jpg,877260607,100,1031.2288,543.2288,968.5,549,70,21,this.y2,7,class->block->function->block->block_content->return->expr->name->name->operator->name
2,64,rectangle_java2.jpg,rectangle_java2.jpg,877324619,60,1037.9066666666668,532.34,1035.5,512,13,21,-,1,class->block->function->block->block_content->return->expr->name->name
2,64,rectangle_java2.jpg,rectangle_java2.jpg,877404628,76,1029.6847368421052,544.1205263157894,968.5,549,70,21,this.y2,7,class->block->function->block->block_content->return->expr->name->name->operator->name
2,64,rectangle_java2.jpg,rectangle_java2.jpg,877576612,64,1127.015625,519.583125,1132.5,512,10,21,;,1,class->block->function->block
2,64,rectangle_java2.jpg,rectangle_java2.jpg,878224447,108,1011.5592592592593,539.9492592592593,968.5,549,70,21,this.y2,7,class->block->function->block->block_content->return->expr->name->name->operator->name
2,64,rectangle_java2.jpg,rectangle_java2.jpg,878460404,184,1044.2586956521739,526.7119565217391,1035.5,512,13,21,-,1,class->block->function->block->block_content->return->expr->name->name
2,64,rectangle_java2.jpg,rectangle_java2.jpg,878460404,184,1044.2586956521739,526.7119565217391,1054.5,512,71,21,this.x1,7,class->block->function->block->block_content->return->expr->name->name->operator->name
2,64,rectangle_java2.jpg,rectangle_java2.jpg,878968463,356,1120.7151685393258,529.5878651685393,1054.5,512,71,21,this.x1,7,class->block->function->block->block_content->return->expr->name->name->operator->name
2,64,rectangle_java2.jpg,rectangle_java2.jpg,878968463,356,1120.7151685393258,529.5878651685393,1132.5,512,10,21,;,1,class->block->function->block
2,64,rectangle_java2.jpg,rectangle_java2.jpg,879188464,216,1119.6624074074075,528.559074074074,1054.5,512,71,21,this.x1,7,class->block->function->block->block_content->return->expr->name->name->operator->name
2,64,rectangle_java2.jpg,rectangle_java2.jpg,879384440,148,1159.0764864864864,523.0729729729729,1152.5,512,10,21,},1,class->block
2,64,rectangle_java2.jpg,rectangle_java2.jpg,879576465,112,1108.5535714285716,524.3157142857143,1054.5,512,71,21,this.x1,7,class->block->function->block->block_content->return->expr->name->name->operator->name
2,64,rectangle_java2.jpg,rectangle_java2.jpg,879668459,88,1119.909090909091,524.175,1054.5,512,71,21,this.x1,7,class->block->function->block->block_content->return->expr->name->name->operator->name
2,64,rectangle_java2.jpg,rectangle_java2.jpg,879824336,100,946.6912,522.47,891.5,512,62,21,return,6,class->block->function->block->block_content->return->expr->name->name
2,64,rectangle_java2.jpg,rectangle_java2.jpg,879824336,100,946.6912,522.47,958.5,512,71,21,this.x2,7,class->block->function->block->block_content->return->expr->name->name->operator->name->operator
2,64,rectangle_java2.jpg,rectangle_java2.jpg,879904312,76,943.5052631578948,518.48,891.5,512,62,21,return,6,class->block->function->block->block_content->return->expr->name->name
2,64,rectangle_java2.jpg,rectangle_java2.jpg,880064321,128,846.475625,507.4296875,837.5,512,9,21,(,1,class->block->function->parameter_list
2,64,rectangle_java2.jpg,rectangle_java2.jpg,880064321,128,846.475625,507.4296875,854.5,512,9,21,),1,class->block->function->parameter_list
2,64,rectangle_java2.jpg,rectangle_java2.jpg,880176353,108,842.8255555555555,511.1403703703704,837.5,512,9,21,(,1,class->block->function->parameter_list
2,64,rectangle_java2.jpg,rectangle_java2.jpg,880176353,108,842.8255555555555,511.1403703703704,854.5,512,9,21,),1,class->block->function->parameter_list
2,64,rectangle_java2.jpg,rectangle_java2.jpg,880444328,184,920.4954347826086,523.6426086956521,891.5,512,62,21,return,6,class->block->function->block->block_content->return->expr->name->name
2,64,rectangle_java2.jpg,rectangle_java2.jpg,880672364,180,1005.5864444444444,521.478888888889,958.5,512,71,21,this.x2,7,class->block->function->block->block_content->return->expr->name->name->operator->name->operator
2,64,rectangle_java2.jpg,rectangle_java2.jpg,881092333,104,1035.0834615384615,513.49,1035.5,512,13,21,-,1,class->block->function->block->block_content->return->expr->name->name
2,64,rectangle_java2.jpg,rectangle_java2.jpg,881160335,64,1007.626875,512.375,958.5,512,71,21,this.x2,7,class->block->function->block->block_content->return->expr->name->name->operator->name->operator
2,64,rectangle_java2.jpg,rectangle_java2.jpg,881364316,160,997.565,528.46575,958.5,512,71,21,this.x2,7,class->block->function->block->block_content->return->expr->name->name->operator->name->operator
2,64,rectangle_java2.jpg,rectangle_java2.jpg,881608186,204,1073.7845098039215,521.5260784313725,1054.5,512,71,21,this.x1,7,class->block->function->block->block_content->return->expr->name->name->operator->name
2,64,rectangle_java2.jpg,rectangle_java2.jpg,881776159,128,1048.2571875,525.058125,1035.5,512,13,21,-,1,class->block->function->block->block_content->return->expr->name->name
2,64,rectangle_java2.jpg,rectangle_java2.jpg,881776159,128,1048.2571875,525.058125,1054.5,512,71,21,this.x1,7,class->block->function->block->block_content->return->expr->name->name->operator->name
2,64,rectangle_java2.jpg,rectangle_java2.jpg,881868166,68,826.7835294117647,513.854705882353,775.5,512,53,21,width,5,class->block->function->name
2,64,rectangle_java2.jpg,rectangle_java2.jpg,881868166,68,826.7835294117647,513.854705882353,837.5,512,9,21,(,1,class->block->function->parameter_list
2,64,rectangle_java2.jpg,rectangle_java2.jpg,882000197,128,824.659375,519.50125,775.5,512,53,21,width,5,class->block->function->name
2,64,rectangle_java2.jpg,rectangle_java2.jpg,882092206,88,833.5522727272728,508.89181818181817,837.5,512,9,21,(,1,class->block->function->parameter_list
2,64,rectangle_java2.jpg,rectangle_java2.jpg,882160193,64,831.348125,503.30375000000004,837.5,512,9,21,(,1,class->block->function->parameter_list
2,64,rectangle_java2.jpg,rectangle_java2.jpg,882276175,112,904.3157142857143,512.2882142857143,891.5,512,62,21,return,6,class->block->function->block->block_content->return->expr->name->name
2,64,rectangle_java2.jpg,rectangle_java2.jpg,882352184,72,896.9761111111111,521.655,891.5,512,62,21,return,6,class->block->function->block->block_content->return->expr->name->name
2,64,rectangle_java2.jpg,rectangle_java2.jpg,882584202,192,843.75125,527.251875,837.5,512,9,21,(,1,class->block->function->parameter_list
2,64,rectangle_java2.jpg,rectangle_java2.jpg,882584202,192,843.75125,527.251875,854.5,512,9,21,),1,class->block->function->parameter_list
2,64,rectangle_java2.jpg,rectangle_java2.jpg,882856203,180,1115.0857777777778,519.3922222222222,1054.5,512,71,21,this.x1,7,class->block->function->block->block_content->return->expr->name->name->operator->name
2,64,rectangle_java2.jpg,rectangle_java2.jpg,883016160,156,1113.923076923077,527.795641025641,1054.5,512,71,21,this.x1,7,class->block->function->block->block_content->return->expr->name->name->operator->name
2,64,rectangle_java2.jpg,rectangle_java2.jpg,883892066,104,1149.4023076923077,538.5861538461538,1142.5,549,10,21,;,1,class->block->function->block->block_content->return
2,64,rectangle_java2.jpg,rectangle_java2.jpg,883892066,104,1149.4023076923077,538.5861538461538,1161.5,549,10,21,},1,class->block->function->block
2,64,rectangle_java2.jpg,rectangle_java2.jpg,885303848,56,870.1964285714286,597.585,873.5,585,9,21,),1,class->block->function->parameter_list
2,64,rectangle_java2.jpg,rectangle_java2.jpg,885379834,60,871.2586666666666,598.6186666666666,873.5,585,9,21,),1,class->block->function->parameter_list
2,64,rectangle_java2.jpg,rectangle_java2.jpg,885795837,60,897.3326666666667,573.702,893.5,585,10,21,{,1,class->block->function->block
2,64,rectangle_java2.jpg,rectangle_java2.jpg,886555892,172,1045.0704651162791,574.7097674418604,977.5,585,101,21,this.width,10,class->block->function->block->block_content->return->expr->call->name->name->operator->name
2,64,rectangle_java2.jpg,rectangle_java2.jpg,886635875,76,1050.7805263157895,574.0842105263158,977.5,585,101,21,this.width,10,class->block->function->block->block_content->return->expr->call->name->name->operator->name
2,64,rectangle_java2.jpg,rectangle_java2.jpg,886851843,192,1010.5189583333333,563.1327083333333,968.5,549,70,21,this.y2,7,class->block->function->block->block_content->return->expr->name->name->operator->name
2,64,rectangle_java2.jpg,rectangle_java2.jpg,887027789,68,1014.7941176470588,561.8470588235294,968.5,549,70,21,this.y2,7,class->block->function->block->block_content->return->expr->name->name->operator->name
2,64,rectangle_java2.jpg,rectangle_java2.jpg,887399810,84,1063.7647619047618,585.2395238095238,977.5,585,101,21,this.width,10,class->block->function->block->block_content->return->expr->call->name->name->operator->name
2,64,rectangle_java2.jpg,rectangle_java2.jpg,887515895,84,1115.4633333333334,572.5790476190476,1122.5,585,12,21,*,1,class->block->function->block->block_content->return->expr->operator
2,64,rectangle_java2.jpg,rectangle_java2.jpg,887655894,136,1124.715588235294,579.1144117647059,1122.5,585,12,21,*,1,class->block->function->block->block_content->return->expr->operator
2,64,rectangle_java2.jpg,rectangle_java2.jpg,887835829,152,919.3386842105264,573.1436842105263,910.5,585,62,21,return,6,class->block->function->block->block_content->return
2,64,rectangle_java2.jpg,rectangle_java2.jpg,888011779,64,828.394375,553.599375,775.5,549,62,21,height,6,class->block->function->name
2,64,rectangle_java2.jpg,rectangle_java2.jpg,888167786,152,845.9355263157895,552.5921052631579,846.5,549,10,21,(,1,class->block->function->parameter_list
2,64,rectangle_java2.jpg,rectangle_java2.jpg,888311814,60,793.6673333333333,610.398,738.5,621,61,21,static,6,class->block->function->type->specifier
2,64,rectangle_java2.jpg,rectangle_java2.jpg,888311814,60,793.6673333333333,610.398,804.5,621,44,21,void,4,class->block->function->type->name
2,64,rectangle_java2.jpg,rectangle_java2.jpg,888455848,140,804.4805714285715,613.2342857142858,804.5,621,44,21,void,4,class->block->function->type->name
2,64,rectangle_java2.jpg,rectangle_java2.jpg,888695817,168,876.1178571428571,651.8807142857142,826.5,658,52,20,rect1,5,class->block->function->block->block_content->decl_stmt->decl->name
2,64,rectangle_java2.jpg,rectangle_java2.jpg,888695817,168,876.1178571428571,651.8807142857142,883.5,658,15,20,=,1,class->block->function->block->block_content->decl_stmt->decl->init
2,64,rectangle_java2.jpg,rectangle_java2.jpg,888759795,60,857.4673333333333,654.0513333333333,826.5,658,52,20,rect1,5,class->block->function->block->block_content->decl_stmt->decl->name
2,64,rectangle_java2.jpg,rectangle_java2.jpg,888851735,88,854.8318181818182,645.7640909090909,826.5,658,52,20,rect1,5,class->block->function->block->block_content->decl_stmt->decl->name
2,64,rectangle_java2.jpg,rectangle_java2.jpg,889047536,120,1035.3383333333334,670.5396666666667,1041.5,658,9,20,(,1,class->block->function->block->block_content->decl_stmt->decl->init->expr->call->argument_list
2,64,rectangle_java2.jpg,rectangle_java2.jpg,889171618,120,1023.957,654.9303333333334,941.5,658,91,20,Rectangle,9,class->block->function->block->block_content->decl_stmt->decl->init->expr->call->name
2,64,rectangle_java2.jpg,rectangle_java2.jpg,889243665,68,1030.1141176470587,659.4505882352942,941.5,658,91,20,Rectangle,9,class->block->function->block->block_content->decl_stmt->decl->init->expr->call->name
2,64,rectangle_java2.jpg,rectangle_java2.jpg,889243665,68,1030.1141176470587,659.4505882352942,1041.5,658,9,20,(,1,class->block->function->block->block_content->decl_stmt->decl->init->expr->call->argument_list
2,64,rectangle_java2.jpg,rectangle_java2.jpg,889395604,96,1151.2754166666666,674.0104166666666,1134.5,658,22,20,10,2,class->block->function->block->block_content->decl_stmt->decl->init->expr->call->argument_list->argument->expr->literal
2,64,rectangle_java2.jpg,rectangle_java2.jpg,889395604,96,1151.2754166666666,674.0104166666666,1163.5,658,10,20,",",1,class->block->function->block->block_content->decl_stmt->decl->init->expr->call->argument_list
2,64,rectangle_java2.jpg,rectangle_java2.jpg,889579607,100,1210.4664,657.1392,1211.5,658,9,20,),1,class->block->function->block->block_content->decl_stmt->decl->init->expr->call->argument_list
2,64,rectangle_java2.jpg,rectangle_java2.jpg,889727622,144,1221.6183333333333,662.1763888888889,1231.5,658,10,20,;,1,class->block->function->block->block_content->decl_stmt
2,64,rectangle_java2.jpg,rectangle_java2.jpg,890071704,92,1235.975652173913,659.5908695652174,1231.5,658,10,20,;,1,class->block->function->block->block_content->decl_stmt
2,64,rectangle_java2.jpg,rectangle_java2.jpg,890191704,76,1072.8384210526317,594.6531578947369,977.5,585,101,21,this.width,10,class->block->function->block->block_content->return->expr->call->name->name->operator->name
2,64,rectangle_java2.jpg,rectangle_java2.jpg,890307696,112,1073.452857142857,599.9760714285715,977.5,585,101,21,this.width,10,class->block->function->block->block_content->return->expr->call->name->name->operator->name
2,64,rectangle_java2.jpg,rectangle_java2.jpg,890467692,68,1020.5164705882353,657.2694117647059,941.5,658,91,20,Rectangle,9,class->block->function->block->block_content->decl_stmt->decl->init->expr->call->name
2,64,rectangle_java2.jpg,rectangle_java2.jpg,890535669,64,1024.524375,664.8125,941.5,658,91,20,Rectangle,9,class->block->function->block->block_content->decl_stmt->decl->init->expr->call->name
2,64,rectangle_java2.jpg,rectangle_java2.jpg,890655625,92,884.6130434782609,737.2521739130435,883.5,731,15,20,=,1,class->block->function->block->block_content->decl_stmt->decl->init
2,64,rectangle_java2.jpg,rectangle_java2.jpg,890751496,92,884.5413043478261,746.9130434782609,883.5,731,15,20,=,1,class->block->function->block->block_content->decl_stmt->decl->init
2,64,rectangle_java2.jpg,rectangle_java2.jpg,891023433,196,764.1724489795919,755.8828571428571,730.5,766,177,21,System.out.println,18,class->block->function->block->block_content->expr_stmt->expr->call->name->name->operator->name->operator->name
2,64,rectangle_java2.jpg,rectangle_java2.jpg,891327518,116,846.4337931034482,753.6362068965517,730.5,766,177,21,System.out.println,18,class->block->function->block->block_content->expr_stmt->expr->call->name->name->operator->name->operator->name
2,64,rectangle_java2.jpg,rectangle_java2.jpg,891431577,100,801.0368,755.3212,730.5,766,177,21,System.out.println,18,class->block->function->block->block_content->expr_stmt->expr->call->name->name->operator->name->operator->name
2,64,rectangle_java2.jpg,rectangle_java2.jpg,891831599,92,1047.6917391304348,631.5221739130435,1025.5,621,42,21,args,4,class->block->function->parameter_list->parameter->decl->name
2,64,rectangle_java2.jpg,rectangle_java2.jpg,891923594,88,1036.2104545454545,631.2272727272727,1025.5,621,42,21,args,4,class->block->function->parameter_list->parameter->decl->name
2,64,rectangle_java2.jpg,rectangle_java2.jpg,891983592,56,1041.5507142857143,631.8428571428572,1025.5,621,42,21,args,4,class->block->function->parameter_list->parameter->decl->name
2,64,rectangle_java2.jpg,rectangle_java2.jpg,892047590,60,1034.6686666666667,616.826,1025.5,621,42,21,args,4,class->block->function->parameter_list->parameter->decl->name
2,64,rectangle_java2.jpg,rectangle_java2.jpg,892495490,108,1148.0162962962963,655.192962962963,1134.5,658,22,20,10,2,class->block->function->block->block_content->decl_stmt->decl->init->expr->call->argument_list->argument->expr->literal
2,64,rectangle_java2.jpg,rectangle_java2.jpg,892679238,140,1212.5857142857142,676.4685714285714,1211.5,658,9,20,),1,class->block->function->block->block_content->decl_stmt->decl->init->expr->call->argument_list
2,64,rectangle_java2.jpg,rectangle_java2.jpg,893287423,96,838.7075,720.4833333333333,826.5,731,51,20,rect2,5,class->block->function->block->block_content->decl_stmt->decl->name
2,64,rectangle_java2.jpg,rectangle_java2.jpg,893599394,80,840.7885,764.3395,730.5,766,177,21,System.out.println,18,class->block->function->block->block_content->expr_stmt->expr->call->name->name->operator->name->operator->name
2,64,rectangle_java2.jpg,rectangle_java2.jpg,893903347,204,900.6754901960784,757.0319607843137,730.5,766,177,21,System.out.println,18,class->block->function->block->block_content->expr_stmt->expr->call->name->name->operator->name->operator->name
2,64,rectangle_java2.jpg,rectangle_java2.jpg,894019387,72,961.695,745.8938888888889,941.5,731,91,20,Rectangle,9,class->block->function->block->block_content->decl_stmt->decl->init->expr->call->name
2,64,rectangle_java2.jpg,rectangle_java2.jpg,894091405,68,968.2923529411764,749.9494117647059,941.5,731,91,20,Rectangle,9,class->block->function->block->block_content->decl_stmt->decl->init->expr->call->name
2,64,rectangle_java2.jpg,rectangle_java2.jpg,894203374,88,856.18,740.6113636363636,826.5,731,51,20,rect2,5,class->block->function->block->block_content->decl_stmt->decl->name
2,64,rectangle_java2.jpg,rectangle_java2.jpg,894279349,72,856.9711111111111,729.6533333333333,826.5,731,51,20,rect2,5,class->block->function->block->block_content->decl_stmt->decl->name
2,64,rectangle_java2.jpg,rectangle_java2.jpg,894431253,148,860.2902702702703,743.9716216216216,826.5,731,51,20,rect2,5,class->block->function->block->block_content->decl_stmt->decl->name
2,64,rectangle_java2.jpg,rectangle_java2.jpg,894563163,96,919.2820833333333,746.1116666666667,902.5,731,34,20,new,3,class->block->function->block->block_content->decl_stmt->decl->init->expr->operator
2,64,rectangle_java2.jpg,rectangle_java2.jpg,894667167,100,919.3204000000001,743.6984,902.5,731,34,20,new,3,class->block->function->block->block_content->decl_stmt->decl->init->expr->operator
2,64,rectangle_java2.jpg,rectangle_java2.jpg,894823212,88,836.3068181818181,746.18,826.5,731,51,20,rect2,5,class->block->function->block->block_content->decl_stmt->decl->name
2,64,rectangle_java2.jpg,rectangle_java2.jpg,895099249,64,919.981875,754.25625,916.5,766,9,21,(,1,class->block->function->block->block_content->expr_stmt->expr->call->argument_list
2,64,rectangle_java2.jpg,rectangle_java2.jpg,895303282,200,927.2236,743.157,902.5,731,34,20,new,3,class->block->function->block->block_content->decl_stmt->decl->init->expr->operator
2,64,rectangle_java2.jpg,rectangle_java2.jpg,895619337,64,977.075625,517.84375,958.5,512,71,21,this.x2,7,class->block->function->block->block_content->return->expr->name->name->operator->name->operator
2,64,rectangle_java2.jpg,rectangle_java2.jpg,896199166,112,832.5635714285714,503.2232142857142,837.5,512,9,21,(,1,class->block->function->parameter_list
2,64,rectangle_java2.jpg,rectangle_java2.jpg,896711203,188,916.7427659574469,725.9072340425532,902.5,731,34,20,new,3,class->block->function->block->block_content->decl_stmt->decl->init->expr->operator
2,64,rectangle_java2.jpg,rectangle_java2.jpg,896883138,132,871.8633333333333,734.4045454545454,826.5,731,51,20,rect2,5,class->block->function->block->block_content->decl_stmt->decl->name
2,64,rectangle_java2.jpg,rectangle_java2.jpg,896883138,132,871.8633333333333,734.4045454545454,883.5,731,15,20,=,1,class->block->function->block->block_content->decl_stmt->decl->init
2,64,rectangle_java2.jpg,rectangle_java2.jpg,897103074,172,962.5493023255814,735.4427906976745,941.5,731,91,20,Rectangle,9,class->block->function->block->block_content->decl_stmt->decl->init->expr->call->name
2,64,rectangle_java2.jpg,rectangle_java2.jpg,897187077,80,956.079,729.2195,941.5,731,91,20,Rectangle,9,class->block->function->block->block_content->decl_stmt->decl->init->expr->call->name
2,64,rectangle_java2.jpg,rectangle_java2.jpg,897531149,88,928.965,725.67,902.5,731,34,20,new,3,class->block->function->block->block_content->decl_stmt->decl->init->expr->operator
2,64,rectangle_java2.jpg,rectangle_java2.jpg,897679104,76,916.9857894736842,726.8305263157895,902.5,731,34,20,new,3,class->block->function->block->block_content->decl_stmt->decl->init->expr->operator
2,64,rectangle_java2.jpg,rectangle_java2.jpg,897943131,188,845.4787234042553,733.6614893617021,826.5,731,51,20,rect2,5,class->block->function->block->block_content->decl_stmt->decl->name
2,64,rectangle_java2.jpg,rectangle_java2.jpg,898043136,56,927.0064285714286,748.8214285714286,902.5,731,34,20,new,3,class->block->function->block->block_content->decl_stmt->decl->init->expr->operator
2,64,rectangle_java2.jpg,rectangle_java2.jpg,898155028,108,942.435925925926,743.3603703703703,941.5,731,91,20,Rectangle,9,class->block->function->block->block_content->decl_stmt->decl->init->expr->call->name
2,64,rectangle_java2.jpg,rectangle_java2.jpg,898234956,76,928.9868421052631,745.4294736842105,902.5,731,34,20,new,3,class->block->function->block->block_content->decl_stmt->decl->init->expr->operator
2,64,rectangle_java2.jpg,rectangle_java2.jpg,898314959,76,974.781052631579,746.141052631579,941.5,731,91,20,Rectangle,9,class->block->function->block->block_content->decl_stmt->decl->init->expr->call->name
2,64,rectangle_java2.jpg,rectangle_java2.jpg,903898574,136,891.0717647058824,564.6494117647059,883.5,549,10,21,{,1,class->block->function->block
2,64,rectangle_java2.jpg,rectangle_java2.jpg,903898574,136,891.0717647058824,564.6494117647059,900.5,549,63,21,return,6,class->block->function->block->block_content->return
2,64,rectangle_java2.jpg,rectangle_java2.jpg,904094606,136,854.3079411764706,436.545294117647,856.5,440,10,21,;,1,class->block->constructor->block->block_content->expr_stmt
2,64,rectangle_java2.jpg,rectangle_java2.jpg,905178588,60,1001.5373333333333,521.9,958.5,512,71,21,this.x2,7,class->block->function->block->block_content->return->expr->name->name->operator->name->operator
2,64,rectangle_java2.jpg,rectangle_java2.jpg,905542508,180,1123.1546666666666,553.7473333333334,1064.5,549,71,21,this.y1,7,class->block->function->block->block_content->return->expr->name->name->operator->name
2,64,rectangle_java2.jpg,rectangle_java2.jpg,905966447,172,1031.9695348837208,549.2093023255813,968.5,549,70,21,this.y2,7,class->block->function->block->block_content->return->expr->name->name->operator->name
2,64,rectangle_java2.jpg,rectangle_java2.jpg,906114483,116,1087.2289655172415,538.7524137931034,1064.5,549,71,21,this.y1,7,class->block->function->block->block_content->return->expr->name->name->operator->name
2,64,rectangle_java2.jpg,rectangle_java2.jpg,906294494,152,933.791052631579,552.2286842105264,900.5,549,63,21,return,6,class->block->function->block->block_content->return
2,64,rectangle_java2.jpg,rectangle_java2.jpg,906366503,68,931.6664705882353,565.0511764705882,900.5,549,63,21,return,6,class->block->function->block->block_content->return
2,64,rectangle_java2.jpg,rectangle_java2.jpg,906606506,164,861.43,573.1153658536585,856.5,585,9,21,(,1,class->block->function->parameter_list
2,64,rectangle_java2.jpg,rectangle_java2.jpg,906606506,164,861.43,573.1153658536585,873.5,585,9,21,),1,class->block->function->parameter_list
2,64,rectangle_java2.jpg,rectangle_java2.jpg,906690506,80,857.487,568.88,863.5,549,9,21,),1,class->block->function->parameter_list
2,64,rectangle_java2.jpg,rectangle_java2.jpg,906766514,72,856.6688888888889,581.3677777777777,856.5,585,9,21,(,1,class->block->function->parameter_list
2,64,rectangle_java2.jpg,rectangle_java2.jpg,906862526,60,830.2873333333333,730.1966666666667,826.5,731,51,20,rect2,5,class->block->function->block->block_content->decl_stmt->decl->name
2,64,rectangle_java2.jpg,rectangle_java2.jpg,906946540,80,829.361,735.0575,826.5,731,51,20,rect2,5,class->block->function->block->block_content->decl_stmt->decl->name
2,64,rectangle_java2.jpg,rectangle_java2.jpg,907050551,100,832.7944,730.238,826.5,731,51,20,rect2,5,class->block->function->block->block_content->decl_stmt->decl->name
2,64,rectangle_java2.jpg,rectangle_java2.jpg,907230540,132,951.1733333333333,757.7263636363637,932.5,766,100,21,rect2.area,10,class->block->function->block->block_content->expr_stmt->expr->call->argument_list->argument->expr->call->name->name->operator->name
2,64,rectangle_java2.jpg,rectangle_java2.jpg,910994172,68,851.5823529411765,249.76176470588234,833.5,259,23,21,y1,2,class->block->decl_stmt->decl->name
2,64,rectangle_java2.jpg,rectangle_java2.jpg,910994172,68,851.5823529411765,249.76176470588234,863.5,259,10,21,",",1,class->block->decl_stmt
2,64,rectangle_java2.jpg,rectangle_java2.jpg,913349993,168,959.8352380952381,579.2569047619048,910.5,585,62,21,return,6,class->block->function->block->block_content->return
2,64,rectangle_java2.jpg,rectangle_java2.jpg,916469758,136,880.755294117647,669.8079411764705,883.5,658,15,20,=,1,class->block->function->block->block_content->decl_stmt->decl->init
2,64,rectangle_java2.jpg,rectangle_java2.jpg,917345708,100,843.1808,422.44280000000003,826.5,404,23,19,x2,2,class->block->constructor->block->block_content->expr_stmt->expr->name->name
2,64,rectangle_java2.jpg,rectangle_java2.jpg,917509712,116,843.0044827586207,391.6389655172414,826.5,404,23,19,x2,2,class->block->constructor->block->block_content->expr_stmt->expr->name->name
2,64,rectangle_java2.jpg,rectangle_java2.jpg,917601707,72,805.1677777777778,628.9588888888889,804.5,621,44,21,void,4,class->block->function->type->name
2,64,rectangle_java2.jpg,rectangle_java2.jpg,917757704,152,803.7281578947368,628.7823684210526,804.5,621,44,21,void,4,class->block->function->type->name
2,64,rectangle_java2.jpg,rectangle_java2.jpg,917857703,96,807.9920833333333,615.2716666666666,804.5,621,44,21,void,4,class->block->function->type->name
2,64,rectangle_java2.jpg,rectangle_java2.jpg,921846576,164,914.2685365853658,588.9931707317073,910.5,585,62,21,return,6,class->block->function->block->block_content->return
2,64,rectangle_java2.jpg,rectangle_java2.jpg,922026590,148,834.3064864864865,623.928918918919,804.5,621,44,21,void,4,class->block->function->type->name
2,64,rectangle_java2.jpg,rectangle_java2.jpg,922254504,124,796.6490322580645,320.55451612903227,730.5,331,71,19,this.x1,7,class->block->constructor->block->block_content->expr_stmt->expr->name->name->operator->name
2,64,rectangle_java2.jpg,rectangle_java2.jpg,922254504,124,796.6490322580645,320.55451612903227,806.5,331,15,19,=,1,class->block->constructor->block->block_content->expr_stmt->expr->operator
2,64,rectangle_java2.jpg,rectangle_java2.jpg,927550193,88,748.9990909090909,215.57772727272732,715.5,222,90,21,Rectangle,9,class->name
2,64,rectangle_java2.jpg,rectangle_java2.jpg,927614197,60,747.448,228.35199999999998,715.5,222,90,21,Rectangle,9,class->name
2,64,rectangle_java2.jpg,rectangle_java2.jpg,927930061,68,906.6435294117647,247.47529411764708,911.5,259,10,21,",",1,class->block->decl_stmt
2,64,rectangle_java2.jpg,rectangle_java2.jpg,928022008,88,913.9077272727272,257.55136363636365,911.5,259,10,21,",",1,class->block->decl_stmt
2,64,rectangle_java2.jpg,rectangle_java2.jpg,928325958,92,956.0430434782609,256.12391304347824,959.5,259,10,21,;,1,class->block->decl_stmt
2,64,rectangle_java2.jpg,rectangle_java2.jpg,928914044,128,870.551875,251.28218749999996,863.5,259,10,21,",",1,class->block->decl_stmt
2,64,rectangle_java2.jpg,rectangle_java2.jpg,928914044,128,870.551875,251.28218749999996,881.5,259,23,21,x2,2,class->block->decl_stmt->decl->name
2,64,rectangle_java2.jpg,rectangle_java2.jpg,929050098,68,962.1276470588235,251.66176470588232,959.5,259,10,21,;,1,class->block->decl_stmt
2,64,rectangle_java2.jpg,rectangle_java2.jpg,929238083,184,962.8334782608696,259.62739130434784,959.5,259,10,21,;,1,class->block->decl_stmt
2,64,rectangle_java2.jpg,rectangle_java2.jpg,929314072,72,956.9016666666666,258.725,959.5,259,10,21,;,1,class->block->decl_stmt
2,64,rectangle_java2.jpg,rectangle_java2.jpg,930161873,120,758.9113333333333,230.6823333333333,715.5,222,90,21,Rectangle,9,class->name
2,64,rectangle_java2.jpg,rectangle_java2.jpg,930293880,128,762.1537500000001,225.1015625,715.5,222,90,21,Rectangle,9,class->name
2,64,rectangle_java2.jpg,rectangle_java2.jpg,930501937,180,818.8997777777778,247.416,815.5,259,10,21,",",1,class->block->decl_stmt
2,64,rectangle_java2.jpg,rectangle_java2.jpg,930581946,68,903.2482352941176,247.62,881.5,259,23,21,x2,2,class->block->decl_stmt->decl->name
2,64,rectangle_java2.jpg,rectangle_java2.jpg,930581946,68,903.2482352941176,247.62,911.5,259,10,21,",",1,class->block->decl_stmt
2,64,rectangle_java2.jpg,rectangle_java2.jpg,931133924,92,761.9969565217391,292.18260869565216,737.5,295,91,21,Rectangle,9,class->block->constructor->name
2,64,rectangle_java2.jpg,rectangle_java2.jpg,931273907,136,769.1605882352941,273.46794117647056,747.5,259,33,21,int,3,class->block->decl_stmt->decl->type->name
2,64,rectangle_java2.jpg,rectangle_java2.jpg,931429915,128,837.575625,288.4359375,837.5,295,9,21,(,1,class->block->constructor->parameter_list
2,64,rectangle_java2.jpg,rectangle_java2.jpg,931509914,76,836.1952631578947,304.3878947368421,837.5,295,9,21,(,1,class->block->constructor->parameter_list
2,64,rectangle_java2.jpg,rectangle_java2.jpg,931701866,180,937.0557777777777,302.91622222222225,939.5,295,33,21,int,3,class->block->constructor->parameter_list->parameter->decl->type->name
2,64,rectangle_java2.jpg,rectangle_java2.jpg,931837792,132,930.569696969697,289.3509090909091,939.5,295,33,21,int,3,class->block->constructor->parameter_list->parameter->decl->type->name
2,64,rectangle_java2.jpg,rectangle_java2.jpg,932069760,176,1003.4581818181819,294.55227272727274,1007.5,295,10,21,",",1,class->block->constructor->parameter_list
2,64,rectangle_java2.jpg,rectangle_java2.jpg,932289815,160,1114.04325,291.8235,1112.5,295,33,21,int,3,class->block->constructor->parameter_list->parameter->decl->type->name
2,64,rectangle_java2.jpg,rectangle_java2.jpg,932393796,64,854.594375,334.1575,856.5,331,10,19,;,1,class->block->constructor->block->block_content->expr_stmt
2,64,rectangle_java2.jpg,rectangle_java2.jpg,932585807,144,849.0561111111111,320.81416666666667,826.5,331,23,19,x1,2,class->block->constructor->block->block_content->expr_stmt->expr->name->name
2,64,rectangle_java2.jpg,rectangle_java2.jpg,932585807,144,849.0561111111111,320.81416666666667,856.5,331,10,19,;,1,class->block->constructor->block->block_content->expr_stmt
2,64,rectangle_java2.jpg,rectangle_java2.jpg,933373735,156,845.5882051282051,378.50589743589745,826.5,367,23,21,y1,2,class->block->constructor->block->block_content->expr_stmt->expr->name->name
2,64,rectangle_java2.jpg,rectangle_java2.jpg,933373735,156,845.5882051282051,378.50589743589745,856.5,367,10,21,;,1,class->block->constructor->block->block_content->expr_stmt
2,64,rectangle_java2.jpg,rectangle_java2.jpg,933461739,84,854.12,382.02142857142854,856.5,367,10,21,;,1,class->block->constructor->block->block_content->expr_stmt
2,64,rectangle_java2.jpg,rectangle_java2.jpg,934013602,120,836.3376666666667,436.54133333333334,826.5,440,23,21,y2,2,class->block->constructor->block->block_content->expr_stmt->expr->name->name
2,64,rectangle_java2.jpg,rectangle_java2.jpg,934417701,112,804.8546428571428,540.2196428571428,775.5,549,62,21,height,6,class->block->function->name
2,64,rectangle_java2.jpg,rectangle_java2.jpg,934577674,100,865.9168,542.5276,863.5,549,9,21,),1,class->block->function->parameter_list
2,64,rectangle_java2.jpg,rectangle_java2.jpg,934665637,84,870.54,531.4295238095239,874.5,512,10,21,{,1,class->block->function->block
2,64,rectangle_java2.jpg,rectangle_java2.jpg,934921600,72,986.5611111111111,531.9772222222222,958.5,512,71,21,this.x2,7,class->block->function->block->block_content->return->expr->name->name->operator->name->operator
2,64,rectangle_java2.jpg,rectangle_java2.jpg,935037603,68,832.8905882352941,575.7488235294118,804.5,585,43,21,area,4,class->block->function->name
2,64,rectangle_java2.jpg,rectangle_java2.jpg,935129608,88,837.6768181818181,567.795,846.5,549,10,21,(,1,class->block->function->parameter_list
2,64,rectangle_java2.jpg,rectangle_java2.jpg,935581536,196,1068.8812244897958,575.0936734693878,977.5,585,101,21,this.width,10,class->block->function->block->block_content->return->expr->call->name->name->operator->name
2,64,rectangle_java2.jpg,rectangle_java2.jpg,935745556,128,1147.6512500000001,558.1378125,1142.5,549,10,21,;,1,class->block->function->block->block_content->return
2,64,rectangle_java2.jpg,rectangle_java2.jpg,935897580,148,1151.5824324324324,560.7183783783784,1142.5,549,10,21,;,1,class->block->function->block->block_content->return
2,64,rectangle_java2.jpg,rectangle_java2.jpg,935897580,148,1151.5824324324324,560.7183783783784,1161.5,549,10,21,},1,class->block->function->block
2,64,rectangle_java2.jpg,rectangle_java2.jpg,936361548,80,906.42,597.143,910.5,585,62,21,return,6,class->block->function->block->block_content->return
2,64,rectangle_java2.jpg,rectangle_java2.jpg,936493493,128,909.3190625,585.401875,910.5,585,62,21,return,6,class->block->function->block->block_content->return
2,64,rectangle_java2.jpg,rectangle_java2.jpg,936617467,108,1003.1466666666666,582.2418518518518,977.5,585,101,21,this.width,10,class->block->function->block->block_content->return->expr->call->name->name->operator->name
2,64,rectangle_java2.jpg,rectangle_java2.jpg,936681465,60,1006.4706666666667,574.6473333333333,977.5,585,101,21,this.width,10,class->block->function->block->block_content->return->expr->call->name->name->operator->name
2,64,rectangle_java2.jpg,rectangle_java2.jpg,936745470,60,1067.228,575.71,977.5,585,101,21,this.width,10,class->block->function->block->block_content->return->expr->call->name->name->operator->name
2,64,rectangle_java2.jpg,rectangle_java2.jpg,936897490,148,1070.327027027027,572.5537837837838,977.5,585,101,21,this.width,10,class->block->function->block->block_content->return->expr->call->name->name->operator->name
2,64,rectangle_java2.jpg,rectangle_java2.jpg,937113492,160,872.779,650.99875,826.5,658,52,20,rect1,5,class->block->function->block->block_content->decl_stmt->decl->name
2,64,rectangle_java2.jpg,rectangle_java2.jpg,937113492,160,872.779,650.99875,883.5,658,15,20,=,1,class->block->function->block->block_content->decl_stmt->decl->init
2,64,rectangle_java2.jpg,rectangle_java2.jpg,937369394,104,950.835,662.3676923076923,941.5,658,91,20,Rectangle,9,class->block->function->block->block_content->decl_stmt->decl->init->expr->call->name
2,64,rectangle_java2.jpg,rectangle_java2.jpg,937477366,104,955.8665384615384,667.9669230769231,941.5,658,91,20,Rectangle,9,class->block->function->block->block_content->decl_stmt->decl->init->expr->call->name
2,64,rectangle_java2.jpg,rectangle_java2.jpg,937717409,160,1042.3525,669.5805,1041.5,658,9,20,(,1,class->block->function->block->block_content->decl_stmt->decl->init->expr->call->argument_list
2,64,rectangle_java2.jpg,rectangle_java2.jpg,937921401,100,1137.9548,656.808,1134.5,658,22,20,10,2,class->block->function->block->block_content->decl_stmt->decl->init->expr->call->argument_list->argument->expr->literal
2,64,rectangle_java2.jpg,rectangle_java2.jpg,938061376,88,1212.84,667.7827272727272,1211.5,658,9,20,),1,class->block->function->block->block_content->decl_stmt->decl->init->expr->call->argument_list
2,64,rectangle_java2.jpg,rectangle_java2.jpg,938349405,208,837.2801923076923,726.1028846153846,826.5,731,51,20,rect2,5,class->block->function->block->block_content->decl_stmt->decl->name
2,64,rectangle_java2.jpg,rectangle_java2.jpg,938465405,112,826.9385714285714,736.6489285714285,826.5,731,51,20,rect2,5,class->block->function->block->block_content->decl_stmt->decl->name
2,64,rectangle_java2.jpg,rectangle_java2.jpg,938769352,180,910.9257777777777,750.5328888888889,902.5,731,34,20,new,3,class->block->function->block->block_content->decl_stmt->decl->init->expr->operator
2,64,rectangle_java2.jpg,rectangle_java2.jpg,938961355,108,978.7822222222222,743.5903703703704,941.5,731,91,20,Rectangle,9,class->block->function->block->block_content->decl_stmt->decl->init->expr->call->name
2,64,rectangle_java2.jpg,rectangle_java2.jpg,948552533,168,874.3997619047619,755.0321428571428,730.5,766,177,21,System.out.println,18,class->block->function->block->block_content->expr_stmt->expr->call->name->name->operator->name->operator->name
2,64,rectangle_java2.jpg,rectangle_java2.jpg,948612581,56,855.16,749.7092857142857,826.5,731,51,20,rect2,5,class->block->function->block->block_content->decl_stmt->decl->name
2,64,rectangle_java2.jpg,rectangle_java2.jpg,948840563,152,956.0173684210527,539.0405263157895,900.5,549,63,21,return,6,class->block->function->block->block_content->return
2,64,rectangle_java2.jpg,rectangle_java2.jpg,948840563,152,956.0173684210527,539.0405263157895,968.5,549,70,21,this.y2,7,class->block->function->block->block_content->return->expr->name->name->operator->name
2,64,rectangle_java2.jpg,rectangle_java2.jpg,948988508,144,944.7083333333334,539.7386111111111,900.5,549,63,21,return,6,class->block->function->block->block_content->return
2,64,rectangle_java2.jpg,rectangle_java2.jpg,949076500,68,842.0770588235295,702.4405882352941,730.5,694,177,21,System.out.println,18,class->block->function->block->block_content->expr_stmt->expr->call->name->name->operator->name->operator->name
2,64,rectangle_java2.jpg,rectangle_java2.jpg,949188506,108,836.072962962963,712.5014814814815,730.5,694,177,21,System.out.println,18,class->block->function->block->block_content->expr_stmt->expr->call->name->name->operator->name->operator->name
2,64,rectangle_java2.jpg,rectangle_java2.jpg,950060572,64,821.53375,620.5074999999999,804.5,621,44,21,void,4,class->block->function->type->name
2,64,rectangle_java2.jpg,rectangle_java2.jpg,950224357,160,832.88175,618.33975,804.5,621,44,21,void,4,class->block->function->type->name
2,64,rectangle_java2.jpg,rectangle_java2.jpg,950444448,96,938.8979166666667,662.6916666666667,941.5,658,91,20,Rectangle,9,class->block->function->block->block_content->decl_stmt->decl->init->expr->call->name
2,64,rectangle_java2.jpg,rectangle_java2.jpg,950636425,128,1148.3884375,661.5859375,1134.5,658,22,20,10,2,class->block->function->block->block_content->decl_stmt->decl->init->expr->call->argument_list->argument->expr->literal
2,64,rectangle_java2.jpg,rectangle_java2.jpg,950696407,56,1147.29,672.3378571428572,1134.5,658,22,20,10,2,class->block->function->block->block_content->decl_stmt->decl->init->expr->call->argument_list->argument->expr->literal
2,64,rectangle_java2.jpg,rectangle_java2.jpg,950884397,156,831.43,774.8620512820513,730.5,766,177,21,System.out.println,18,class->block->function->block->block_content->expr_stmt->expr->call->name->name->operator->name->operator->name
2,64,rectangle_java2.jpg,rectangle_java2.jpg,951892409,172,857.4979069767442,774.0127906976744,730.5,766,177,21,System.out.println,18,class->block->function->block->block_content->expr_stmt->expr->call->name->name->operator->name->operator->name
2,64,rectangle_java2.jpg,rectangle_java2.jpg,951964301,68,852.8488235294118,759.6041176470588,730.5,766,177,21,System.out.println,18,class->block->function->block->block_content->expr_stmt->expr->call->name->name->operator->name->operator->name
2,64,rectangle_java2.jpg,rectangle_java2.jpg,952116132,64,947.8125,774.860625,932.5,766,100,21,rect2.area,10,class->block->function->block->block_content->expr_stmt->expr->call->argument_list->argument->expr->call->name->name->operator->name
