trial,participant,code_file,code_language,timestamp,duration,x_cord,y_cord,aoi_x,aoi_y,aoi_width,aoi_height,token,length,srcML
2,72,rectangle_java2.jpg,rectangle_java2.jpg,826061550,84,838.6628571428571,561.172380952381,846.5,549,10,21,(,1,class->block->function->parameter_list
2,72,rectangle_java2.jpg,rectangle_java2.jpg,826153555,88,843.4877272727273,547.92,846.5,549,10,21,(,1,class->block->function->parameter_list
2,72,rectangle_java2.jpg,rectangle_java2.jpg,826289566,108,782.2125925925926,539.8392592592593,775.5,549,62,21,height,6,class->block->function->name
2,72,rectangle_java2.jpg,rectangle_java2.jpg,826633416,96,971.8566666666667,576.0104166666666,910.5,585,62,21,return,6,class->block->function->block->block_content->return
2,72,rectangle_java2.jpg,rectangle_java2.jpg,826633416,96,971.8566666666667,576.0104166666666,977.5,585,101,21,this.width,10,class->block->function->block->block_content->return->expr->call->name->name->operator->name
2,72,rectangle_java2.jpg,rectangle_java2.jpg,826705327,68,966.9641176470589,562.7541176470588,968.5,549,70,21,this.y2,7,class->block->function->block->block_content->return->expr->name->name->operator->name
2,72,rectangle_java2.jpg,rectangle_java2.jpg,826789292,80,973.809,550.971,968.5,549,70,21,this.y2,7,class->block->function->block->block_content->return->expr->name->name->operator->name
2,72,rectangle_java2.jpg,rectangle_java2.jpg,826929294,96,832.0954166666667,551.28125,775.5,549,62,21,height,6,class->block->function->name
2,72,rectangle_java2.jpg,rectangle_java2.jpg,827021358,88,834.7740909090909,549.9350000000001,775.5,549,62,21,height,6,class->block->function->name
2,72,rectangle_java2.jpg,rectangle_java2.jpg,827021358,88,834.7740909090909,549.9350000000001,846.5,549,10,21,(,1,class->block->function->parameter_list
2,72,rectangle_java2.jpg,rectangle_java2.jpg,827097409,72,845.0033333333333,537.1800000000001,846.5,549,10,21,(,1,class->block->function->parameter_list
2,72,rectangle_java2.jpg,rectangle_java2.jpg,827261422,72,768.6616666666666,233.4272222222222,715.5,222,90,21,Rectangle,9,class->name
2,72,rectangle_java2.jpg,rectangle_java2.jpg,827457474,80,782.8915,267.0985,785.5,259,23,21,x1,2,class->block->decl_stmt->decl->name
2,72,rectangle_java2.jpg,rectangle_java2.jpg,827689481,84,842.7895238095238,289.14238095238096,837.5,295,9,21,(,1,class->block->constructor->parameter_list
2,72,rectangle_java2.jpg,rectangle_java2.jpg,827689481,84,842.7895238095238,289.14238095238096,853.5,295,32,21,int,3,class->block->constructor->parameter_list->parameter->decl->type->name
2,72,rectangle_java2.jpg,rectangle_java2.jpg,827773468,80,838.808,267.569,833.5,259,23,21,y1,2,class->block->decl_stmt->decl->name
2,72,rectangle_java2.jpg,rectangle_java2.jpg,827861459,84,838.7995238095237,283.34666666666664,837.5,295,9,21,(,1,class->block->constructor->parameter_list
2,72,rectangle_java2.jpg,rectangle_java2.jpg,829321313,72,735.915,210.64222222222224,715.5,222,90,21,Rectangle,9,class->name
2,72,rectangle_java2.jpg,rectangle_java2.jpg,829553409,96,775.2366666666667,210.38666666666666,715.5,222,90,21,Rectangle,9,class->name
2,72,rectangle_java2.jpg,rectangle_java2.jpg,832461106,100,753.2972,285.94,737.5,295,91,21,Rectangle,9,class->block->constructor->name
2,72,rectangle_java2.jpg,rectangle_java2.jpg,832676993,132,820.0057575757576,275.5978787878788,815.5,259,10,21,",",1,class->block->decl_stmt
2,72,rectangle_java2.jpg,rectangle_java2.jpg,832877031,72,833.6416666666667,271.6511111111111,833.5,259,23,21,y1,2,class->block->decl_stmt->decl->name
2,72,rectangle_java2.jpg,rectangle_java2.jpg,832977108,64,774.53375,273.13375,747.5,259,33,21,int,3,class->block->decl_stmt->decl->type->name
2,72,rectangle_java2.jpg,rectangle_java2.jpg,832977108,64,774.53375,273.13375,785.5,259,23,21,x1,2,class->block->decl_stmt->decl->name
2,72,rectangle_java2.jpg,rectangle_java2.jpg,833049213,68,760.2152941176471,255.1505882352941,747.5,259,33,21,int,3,class->block->decl_stmt->decl->type->name
2,72,rectangle_java2.jpg,rectangle_java2.jpg,833141315,88,769.2077272727273,256.5131818181818,747.5,259,33,21,int,3,class->block->decl_stmt->decl->type->name
2,72,rectangle_java2.jpg,rectangle_java2.jpg,833221216,76,771.078947368421,275.78684210526313,747.5,259,33,21,int,3,class->block->decl_stmt->decl->type->name
2,72,rectangle_java2.jpg,rectangle_java2.jpg,833345097,72,839.3755555555556,272.5661111111111,833.5,259,23,21,y1,2,class->block->decl_stmt->decl->name
2,72,rectangle_java2.jpg,rectangle_java2.jpg,833477066,128,838.4715625,275.525,833.5,259,23,21,y1,2,class->block->decl_stmt->decl->name
2,72,rectangle_java2.jpg,rectangle_java2.jpg,833701030,136,912.6408823529412,258.53,911.5,259,10,21,",",1,class->block->decl_stmt
2,72,rectangle_java2.jpg,rectangle_java2.jpg,833933039,124,833.518064516129,299.3151612903226,837.5,295,9,21,(,1,class->block->constructor->parameter_list
2,72,rectangle_java2.jpg,rectangle_java2.jpg,834017044,80,843.8525,275.447,833.5,259,23,21,y1,2,class->block->decl_stmt->decl->name
2,72,rectangle_java2.jpg,rectangle_java2.jpg,834125042,60,812.722,274.254,815.5,259,10,21,",",1,class->block->decl_stmt
2,72,rectangle_java2.jpg,rectangle_java2.jpg,834213034,84,804.9738095238096,265.94761904761907,785.5,259,23,21,x1,2,class->block->decl_stmt->decl->name
2,72,rectangle_java2.jpg,rectangle_java2.jpg,834213034,84,804.9738095238096,265.94761904761907,815.5,259,10,21,",",1,class->block->decl_stmt
2,72,rectangle_java2.jpg,rectangle_java2.jpg,834293028,76,796.421052631579,291.0736842105263,737.5,295,91,21,Rectangle,9,class->block->constructor->name
2,72,rectangle_java2.jpg,rectangle_java2.jpg,834357006,60,798.1813333333333,304.164,737.5,295,91,21,Rectangle,9,class->block->constructor->name
2,72,rectangle_java2.jpg,rectangle_java2.jpg,834840870,80,883.3165,309.6215,853.5,295,32,21,int,3,class->block->constructor->parameter_list->parameter->decl->type->name
2,72,rectangle_java2.jpg,rectangle_java2.jpg,834840870,80,883.3165,309.6215,890.5,295,24,21,x1,2,class->block->constructor->parameter_list->parameter->decl->type->name
2,72,rectangle_java2.jpg,rectangle_java2.jpg,834992932,104,933.1830769230769,311.94038461538463,939.5,295,33,21,int,3,class->block->constructor->parameter_list->parameter->decl->type->name
2,72,rectangle_java2.jpg,rectangle_java2.jpg,835096979,100,936.2776,301.324,939.5,295,33,21,int,3,class->block->constructor->parameter_list->parameter->decl->type->name
2,72,rectangle_java2.jpg,rectangle_java2.jpg,835180991,64,808.251875,326.28375,806.5,331,15,19,=,1,class->block->constructor->block->block_content->expr_stmt->expr->operator
2,72,rectangle_java2.jpg,rectangle_java2.jpg,835276986,92,796.9360869565218,333.18608695652176,730.5,331,71,19,this.x1,7,class->block->constructor->block->block_content->expr_stmt->expr->name->name->operator->name
2,72,rectangle_java2.jpg,rectangle_java2.jpg,835276986,92,796.9360869565218,333.18608695652176,806.5,331,15,19,=,1,class->block->constructor->block->block_content->expr_stmt->expr->operator
2,72,rectangle_java2.jpg,rectangle_java2.jpg,835388969,76,798.0189473684211,361.3236842105263,730.5,367,71,21,this.y1,7,class->block->constructor->block->block_content->expr_stmt->expr->name->name->operator->name
2,72,rectangle_java2.jpg,rectangle_java2.jpg,835388969,76,798.0189473684211,361.3236842105263,806.5,367,15,21,=,1,class->block->constructor->block->block_content->expr_stmt->expr->operator
2,72,rectangle_java2.jpg,rectangle_java2.jpg,835612960,84,822.2166666666667,313.9014285714286,737.5,295,91,21,Rectangle,9,class->block->constructor->name
2,72,rectangle_java2.jpg,rectangle_java2.jpg,836336814,80,818.103,330.807,806.5,331,15,19,=,1,class->block->constructor->block->block_content->expr_stmt->expr->operator
2,72,rectangle_java2.jpg,rectangle_java2.jpg,836336814,80,818.103,330.807,826.5,331,23,19,x1,2,class->block->constructor->block->block_content->expr_stmt->expr->name->name
2,72,rectangle_java2.jpg,rectangle_java2.jpg,836440787,56,845.5692857142857,321.82142857142856,826.5,331,23,19,x1,2,class->block->constructor->block->block_content->expr_stmt->expr->name->name
2,72,rectangle_java2.jpg,rectangle_java2.jpg,836440787,56,845.5692857142857,321.82142857142856,856.5,331,10,19,;,1,class->block->constructor->block->block_content->expr_stmt
2,72,rectangle_java2.jpg,rectangle_java2.jpg,836676705,184,843.2804347826087,345.0278260869565,826.5,331,23,19,x1,2,class->block->constructor->block->block_content->expr_stmt->expr->name->name
2,72,rectangle_java2.jpg,rectangle_java2.jpg,836744732,64,838.841875,331.490625,826.5,331,23,19,x1,2,class->block->constructor->block->block_content->expr_stmt->expr->name->name
2,72,rectangle_java2.jpg,rectangle_java2.jpg,836948833,72,865.7438888888889,362.6338888888889,856.5,367,10,21,;,1,class->block->constructor->block->block_content->expr_stmt
2,72,rectangle_java2.jpg,rectangle_java2.jpg,837356787,76,813.631052631579,377.3142105263158,806.5,367,15,21,=,1,class->block->constructor->block->block_content->expr_stmt->expr->operator
2,72,rectangle_java2.jpg,rectangle_java2.jpg,837416802,56,808.7007142857143,370.41285714285715,806.5,367,15,21,=,1,class->block->constructor->block->block_content->expr_stmt->expr->operator
2,72,rectangle_java2.jpg,rectangle_java2.jpg,837560701,88,811.6140909090909,395.6968181818182,806.5,404,15,19,=,1,class->block->constructor->block->block_content->expr_stmt->expr->operator
2,72,rectangle_java2.jpg,rectangle_java2.jpg,837620581,56,829.7414285714285,385.3542857142857,826.5,367,23,21,y1,2,class->block->constructor->block->block_content->expr_stmt->expr->name->name
2,72,rectangle_java2.jpg,rectangle_java2.jpg,837728428,104,832.7073076923077,374.5796153846154,826.5,367,23,21,y1,2,class->block->constructor->block->block_content->expr_stmt->expr->name->name
2,72,rectangle_java2.jpg,rectangle_java2.jpg,837788546,56,849.1257142857143,370.59285714285716,826.5,367,23,21,y1,2,class->block->constructor->block->block_content->expr_stmt->expr->name->name
2,72,rectangle_java2.jpg,rectangle_java2.jpg,837788546,56,849.1257142857143,370.59285714285716,856.5,367,10,21,;,1,class->block->constructor->block->block_content->expr_stmt
2,72,rectangle_java2.jpg,rectangle_java2.jpg,839488577,68,857.5276470588235,438.77941176470586,856.5,440,10,21,;,1,class->block->constructor->block->block_content->expr_stmt
2,72,rectangle_java2.jpg,rectangle_java2.jpg,839644611,60,840.6053333333333,455.5626666666667,826.5,440,23,21,y2,2,class->block->constructor->block->block_content->expr_stmt->expr->name->name
2,72,rectangle_java2.jpg,rectangle_java2.jpg,840044494,60,976.9493333333334,502.77600000000007,958.5,512,71,21,this.x2,7,class->block->function->block->block_content->return->expr->name->name->operator->name->operator
2,72,rectangle_java2.jpg,rectangle_java2.jpg,840376596,108,983.0666666666667,500.8674074074074,958.5,512,71,21,this.x2,7,class->block->function->block->block_content->return->expr->name->name->operator->name->operator
2,72,rectangle_java2.jpg,rectangle_java2.jpg,840444557,64,985.5275,517.655625,958.5,512,71,21,this.x2,7,class->block->function->block->block_content->return->expr->name->name->operator->name->operator
2,72,rectangle_java2.jpg,rectangle_java2.jpg,840612506,164,982.9621951219513,527.0195121951219,958.5,512,71,21,this.x2,7,class->block->function->block->block_content->return->expr->name->name->operator->name->operator
2,72,rectangle_java2.jpg,rectangle_java2.jpg,840760500,144,980.8444444444444,526.7319444444445,958.5,512,71,21,this.x2,7,class->block->function->block->block_content->return->expr->name->name->operator->name->operator
2,72,rectangle_java2.jpg,rectangle_java2.jpg,840888463,124,971.794193548387,532.5829032258065,958.5,512,71,21,this.x2,7,class->block->function->block->block_content->return->expr->name->name->operator->name->operator
2,72,rectangle_java2.jpg,rectangle_java2.jpg,840964449,72,982.5622222222222,532.4183333333333,958.5,512,71,21,this.x2,7,class->block->function->block->block_content->return->expr->name->name->operator->name->operator
2,72,rectangle_java2.jpg,rectangle_java2.jpg,841084490,116,982.2044827586207,531.6724137931035,958.5,512,71,21,this.x2,7,class->block->function->block->block_content->return->expr->name->name->operator->name->operator
2,72,rectangle_java2.jpg,rectangle_java2.jpg,841144505,56,985.1521428571428,516.2521428571429,958.5,512,71,21,this.x2,7,class->block->function->block->block_content->return->expr->name->name->operator->name->operator
2,72,rectangle_java2.jpg,rectangle_java2.jpg,841312488,128,928.5021875,580.4496875,910.5,585,62,21,return,6,class->block->function->block->block_content->return
2,72,rectangle_java2.jpg,rectangle_java2.jpg,841436505,120,914.5776666666667,567.3733333333333,900.5,549,63,21,return,6,class->block->function->block->block_content->return
2,72,rectangle_java2.jpg,rectangle_java2.jpg,841608530,64,866.04625,601.774375,873.5,585,9,21,),1,class->block->function->parameter_list
2,72,rectangle_java2.jpg,rectangle_java2.jpg,841696524,84,859.4190476190477,617.39,851.5,621,44,21,main,4,class->block->function->name
2,72,rectangle_java2.jpg,rectangle_java2.jpg,842232444,60,836.5533333333333,727.6613333333333,826.5,731,51,20,rect2,5,class->block->function->block->block_content->decl_stmt->decl->name
2,72,rectangle_java2.jpg,rectangle_java2.jpg,842380440,56,832.6778571428572,729.2628571428571,826.5,731,51,20,rect2,5,class->block->function->block->block_content->decl_stmt->decl->name
2,72,rectangle_java2.jpg,rectangle_java2.jpg,842496421,112,842.0457142857143,726.5817857142857,826.5,731,51,20,rect2,5,class->block->function->block->block_content->decl_stmt->decl->name
2,72,rectangle_java2.jpg,rectangle_java2.jpg,842580449,80,831.034,712.353,730.5,694,177,21,System.out.println,18,class->block->function->block->block_content->expr_stmt->expr->call->name->name->operator->name->operator->name
2,72,rectangle_java2.jpg,rectangle_java2.jpg,842712146,76,836.9952631578948,733.3615789473685,826.5,731,51,20,rect2,5,class->block->function->block->block_content->decl_stmt->decl->name
2,72,rectangle_java2.jpg,rectangle_java2.jpg,844476202,76,890.7442105263158,600.4021052631579,893.5,585,10,21,{,1,class->block->function->block
2,72,rectangle_java2.jpg,rectangle_java2.jpg,844592204,60,879.4286666666667,593.116,873.5,585,9,21,),1,class->block->function->parameter_list
2,72,rectangle_java2.jpg,rectangle_java2.jpg,844696204,64,850.40125,583.625625,856.5,585,9,21,(,1,class->block->function->parameter_list
2,72,rectangle_java2.jpg,rectangle_java2.jpg,844768210,68,851.9764705882353,563.7482352941176,846.5,549,10,21,(,1,class->block->function->parameter_list
2,72,rectangle_java2.jpg,rectangle_java2.jpg,844768210,68,851.9764705882353,563.7482352941176,863.5,549,9,21,),1,class->block->function->parameter_list
2,72,rectangle_java2.jpg,rectangle_java2.jpg,844832215,60,844.9893333333333,569.8586666666666,846.5,549,10,21,(,1,class->block->function->parameter_list
2,72,rectangle_java2.jpg,rectangle_java2.jpg,844908231,72,848.0055555555556,565.4266666666666,846.5,549,10,21,(,1,class->block->function->parameter_list
2,72,rectangle_java2.jpg,rectangle_java2.jpg,845092282,92,813.9573913043479,577.9660869565217,804.5,585,43,21,area,4,class->block->function->name
2,72,rectangle_java2.jpg,rectangle_java2.jpg,845304296,124,884.6070967741936,584.0877419354839,893.5,585,10,21,{,1,class->block->function->block
2,72,rectangle_java2.jpg,rectangle_java2.jpg,845416299,108,885.0581481481481,591.27,893.5,585,10,21,{,1,class->block->function->block
2,72,rectangle_java2.jpg,rectangle_java2.jpg,845560313,116,935.34,579.4327586206897,910.5,585,62,21,return,6,class->block->function->block->block_content->return
2,72,rectangle_java2.jpg,rectangle_java2.jpg,845820119,124,1058.9087096774194,585.3290322580646,977.5,585,101,21,this.width,10,class->block->function->block->block_content->return->expr->call->name->name->operator->name
2,72,rectangle_java2.jpg,rectangle_java2.jpg,846040117,64,1039.2450000000001,552.85625,1045.5,549,13,21,-,1,class->block->function->block->block_content->return->expr->operator
2,72,rectangle_java2.jpg,rectangle_java2.jpg,846128154,84,1038.3704761904762,558.4833333333333,968.5,549,70,21,this.y2,7,class->block->function->block->block_content->return->expr->name->name->operator->name
2,72,rectangle_java2.jpg,rectangle_java2.jpg,846128154,84,1038.3704761904762,558.4833333333333,1045.5,549,13,21,-,1,class->block->function->block->block_content->return->expr->operator
2,72,rectangle_java2.jpg,rectangle_java2.jpg,846200148,68,1033.5370588235294,577.7488235294118,977.5,585,101,21,this.width,10,class->block->function->block->block_content->return->expr->call->name->name->operator->name
2,72,rectangle_java2.jpg,rectangle_java2.jpg,846500132,56,1044.5764285714286,576.7314285714286,977.5,585,101,21,this.width,10,class->block->function->block->block_content->return->expr->call->name->name->operator->name
2,72,rectangle_java2.jpg,rectangle_java2.jpg,846760166,68,1131.2882352941176,527.9023529411764,1132.5,512,10,21,;,1,class->block->function->block
2,72,rectangle_java2.jpg,rectangle_java2.jpg,847076145,96,1107.29625,549.5554166666667,1064.5,549,71,21,this.y1,7,class->block->function->block->block_content->return->expr->name->name->operator->name
2,72,rectangle_java2.jpg,rectangle_java2.jpg,847228166,64,1167.706875,565.845,1161.5,549,10,21,},1,class->block->function->block
2,72,rectangle_java2.jpg,rectangle_java2.jpg,847787880,104,1099.4538461538461,575.3515384615384,1103.5,585,9,21,),1,class->block->function->block->block_content->return->expr->call->argument_list
2,72,rectangle_java2.jpg,rectangle_java2.jpg,847863942,72,1097.335,568.8405555555555,1064.5,549,71,21,this.y1,7,class->block->function->block->block_content->return->expr->name->name->operator->name
2,72,rectangle_java2.jpg,rectangle_java2.jpg,848075973,208,1086.5198076923077,594.9511538461538,1086.5,585,10,21,(,1,class->block->function->block->block_content->return->expr->call->argument_list
2,72,rectangle_java2.jpg,rectangle_java2.jpg,848179979,100,1089.5676,592.7432,1086.5,585,10,21,(,1,class->block->function->block->block_content->return->expr->call->argument_list
2,72,rectangle_java2.jpg,rectangle_java2.jpg,848631832,56,848.7392857142858,529.6857142857143,854.5,512,9,21,),1,class->block->function->parameter_list
2,72,rectangle_java2.jpg,rectangle_java2.jpg,848747999,76,840.8284210526316,519.4226315789474,837.5,512,9,21,(,1,class->block->function->parameter_list
2,72,rectangle_java2.jpg,rectangle_java2.jpg,848864022,76,850.0078947368421,549.4610526315789,846.5,549,10,21,(,1,class->block->function->parameter_list
2,72,rectangle_java2.jpg,rectangle_java2.jpg,849387992,96,936.5325,531.8191666666667,891.5,512,62,21,return,6,class->block->function->block->block_content->return->expr->name->name
2,72,rectangle_java2.jpg,rectangle_java2.jpg,849463906,72,948.6405555555556,517.2538888888889,891.5,512,62,21,return,6,class->block->function->block->block_content->return->expr->name->name
2,72,rectangle_java2.jpg,rectangle_java2.jpg,849463906,72,948.6405555555556,517.2538888888889,958.5,512,71,21,this.x2,7,class->block->function->block->block_content->return->expr->name->name->operator->name->operator
2,72,rectangle_java2.jpg,rectangle_java2.jpg,849591826,56,1035.5742857142857,569.57,968.5,549,70,21,this.y2,7,class->block->function->block->block_content->return->expr->name->name->operator->name
2,72,rectangle_java2.jpg,rectangle_java2.jpg,849591826,56,1035.5742857142857,569.57,1045.5,549,13,21,-,1,class->block->function->block->block_content->return->expr->operator
2,72,rectangle_java2.jpg,rectangle_java2.jpg,849931859,80,1034.613,541.035,968.5,549,70,21,this.y2,7,class->block->function->block->block_content->return->expr->name->name->operator->name
2,72,rectangle_java2.jpg,rectangle_java2.jpg,849931859,80,1034.613,541.035,1045.5,549,13,21,-,1,class->block->function->block->block_content->return->expr->operator
2,72,rectangle_java2.jpg,rectangle_java2.jpg,850035904,100,1034.1784,559.1487999999999,968.5,549,70,21,this.y2,7,class->block->function->block->block_content->return->expr->name->name->operator->name
2,72,rectangle_java2.jpg,rectangle_java2.jpg,850035904,100,1034.1784,559.1487999999999,1045.5,549,13,21,-,1,class->block->function->block->block_content->return->expr->operator
2,72,rectangle_java2.jpg,rectangle_java2.jpg,850151944,112,1038.3228571428572,542.2778571428571,968.5,549,70,21,this.y2,7,class->block->function->block->block_content->return->expr->name->name->operator->name
2,72,rectangle_java2.jpg,rectangle_java2.jpg,850151944,112,1038.3228571428572,542.2778571428571,1045.5,549,13,21,-,1,class->block->function->block->block_content->return->expr->operator
2,72,rectangle_java2.jpg,rectangle_java2.jpg,850391938,76,1149.6226315789474,546.4115789473684,1142.5,549,10,21,;,1,class->block->function->block->block_content->return
2,72,rectangle_java2.jpg,rectangle_java2.jpg,850391938,76,1149.6226315789474,546.4115789473684,1161.5,549,10,21,},1,class->block->function->block
2,72,rectangle_java2.jpg,rectangle_java2.jpg,850455980,60,1144.9253333333334,553.052,1142.5,549,10,21,;,1,class->block->function->block->block_content->return
2,72,rectangle_java2.jpg,rectangle_java2.jpg,850583988,56,1153.145,538.9328571428572,1161.5,549,10,21,},1,class->block->function->block
2,72,rectangle_java2.jpg,rectangle_java2.jpg,851271927,56,1153.69,530.3321428571428,1152.5,512,10,21,},1,class->block
2,72,rectangle_java2.jpg,rectangle_java2.jpg,851355887,80,1157.6175,544.79,1161.5,549,10,21,},1,class->block->function->block
2,72,rectangle_java2.jpg,rectangle_java2.jpg,852675952,56,899.0207142857143,560.5207142857143,900.5,549,63,21,return,6,class->block->function->block->block_content->return
2,72,rectangle_java2.jpg,rectangle_java2.jpg,852907735,92,868.1065217391305,559.388695652174,863.5,549,9,21,),1,class->block->function->parameter_list
2,72,rectangle_java2.jpg,rectangle_java2.jpg,853063725,60,970.7993333333334,621.6413333333334,920.5,621,62,21,String,6,class->block->function->parameter_list->parameter->decl->type->name->name
2,72,rectangle_java2.jpg,rectangle_java2.jpg,853311554,88,1000.9713636363637,638.8913636363636,1007.5,621,10,21,],1,class->block->function->parameter_list->parameter->decl->type->name->index
2,72,rectangle_java2.jpg,rectangle_java2.jpg,853591620,176,1049.4670454545455,597.1040909090909,977.5,585,101,21,this.width,10,class->block->function->block->block_content->return->expr->call->name->name->operator->name
2,72,rectangle_java2.jpg,rectangle_java2.jpg,853959669,100,1094.3224,617.1068,1094.5,621,10,21,{,1,class->block->function->block
2,72,rectangle_java2.jpg,rectangle_java2.jpg,854255658,68,795.4664705882353,701.7123529411765,730.5,694,177,21,System.out.println,18,class->block->function->block->block_content->expr_stmt->expr->call->name->name->operator->name->operator->name
2,72,rectangle_java2.jpg,rectangle_java2.jpg,854415651,84,838.9480952380952,675.5123809523809,826.5,658,52,20,rect1,5,class->block->function->block->block_content->decl_stmt->decl->name
2,72,rectangle_java2.jpg,rectangle_java2.jpg,854587631,76,854.4568421052631,677.5205263157894,826.5,658,52,20,rect1,5,class->block->function->block->block_content->decl_stmt->decl->name
2,72,rectangle_java2.jpg,rectangle_java2.jpg,854719598,60,884.772,708.1633333333333,730.5,694,177,21,System.out.println,18,class->block->function->block->block_content->expr_stmt->expr->call->name->name->operator->name->operator->name
2,72,rectangle_java2.jpg,rectangle_java2.jpg,854815585,92,877.96,725.2752173913043,883.5,731,15,20,=,1,class->block->function->block->block_content->decl_stmt->decl->init
2,72,rectangle_java2.jpg,rectangle_java2.jpg,854903593,84,879.8976190476191,689.8580952380952,730.5,694,177,21,System.out.println,18,class->block->function->block->block_content->expr_stmt->expr->call->name->name->operator->name->operator->name
2,72,rectangle_java2.jpg,rectangle_java2.jpg,854991607,84,877.7847619047619,699.1171428571429,730.5,694,177,21,System.out.println,18,class->block->function->block->block_content->expr_stmt->expr->call->name->name->operator->name->operator->name
2,72,rectangle_java2.jpg,rectangle_java2.jpg,855279399,56,908.6435714285715,719.5785714285714,902.5,731,34,20,new,3,class->block->function->block->block_content->decl_stmt->decl->init->expr->operator
2,72,rectangle_java2.jpg,rectangle_java2.jpg,855607535,100,959.9388,699.4876,932.5,694,100,21,rect1.area,10,class->block->function->block->block_content->expr_stmt->expr->call->argument_list->argument->expr->call->name->name->operator->name
2,72,rectangle_java2.jpg,rectangle_java2.jpg,855679517,68,954.9235294117647,701.6170588235294,932.5,694,100,21,rect1.area,10,class->block->function->block->block_content->expr_stmt->expr->call->argument_list->argument->expr->call->name->name->operator->name
2,72,rectangle_java2.jpg,rectangle_java2.jpg,855831482,108,1051.1292592592592,706.4885185185185,1057.5,694,10,21,),1,class->block->function->block->block_content->expr_stmt->expr->call->argument_list->argument->expr->call->argument_list
2,72,rectangle_java2.jpg,rectangle_java2.jpg,855963482,128,1037.9275,708.4671875,1041.5,694,9,21,(,1,class->block->function->block->block_content->expr_stmt->expr->call->argument_list->argument->expr->call->argument_list
2,72,rectangle_java2.jpg,rectangle_java2.jpg,856071494,104,1045.1642307692307,700.2192307692308,1041.5,694,9,21,(,1,class->block->function->block->block_content->expr_stmt->expr->call->argument_list->argument->expr->call->argument_list
2,72,rectangle_java2.jpg,rectangle_java2.jpg,856071494,104,1045.1642307692307,700.2192307692308,1057.5,694,10,21,),1,class->block->function->block->block_content->expr_stmt->expr->call->argument_list->argument->expr->call->argument_list
2,72,rectangle_java2.jpg,rectangle_java2.jpg,856175489,76,1098.8026315789473,697.4031578947369,1096.5,694,10,21,;,1,class->block->function->block->block_content->expr_stmt
2,72,rectangle_java2.jpg,rectangle_java2.jpg,857795349,84,886.3990476190477,785.7995238095239,730.5,766,177,21,System.out.println,18,class->block->function->block->block_content->expr_stmt->expr->call->name->name->operator->name->operator->name
2,72,rectangle_java2.jpg,rectangle_java2.jpg,863318989,56,812.0057142857142,383.1307142857143,806.5,367,15,21,=,1,class->block->constructor->block->block_content->expr_stmt->expr->operator
2,72,rectangle_java2.jpg,rectangle_java2.jpg,863594940,100,746.7188,223.97479999999996,715.5,222,90,21,Rectangle,9,class->name
2,72,rectangle_java2.jpg,rectangle_java2.jpg,863774926,76,825.3789473684211,259.37894736842105,815.5,259,10,21,",",1,class->block->decl_stmt
2,72,rectangle_java2.jpg,rectangle_java2.jpg,863774926,76,825.3789473684211,259.37894736842105,833.5,259,23,21,y1,2,class->block->decl_stmt->decl->name
2,72,rectangle_java2.jpg,rectangle_java2.jpg,864435018,80,817.855,216.25,813.5,222,10,21,{,1,class->block
2,72,rectangle_java2.jpg,rectangle_java2.jpg,867526763,84,751.1238095238095,539.3923809523809,737.5,549,33,21,int,3,class->block->function->type->name
2,72,rectangle_java2.jpg,rectangle_java2.jpg,867678674,56,754.8835714285714,563.24,737.5,549,33,21,int,3,class->block->function->type->name
2,72,rectangle_java2.jpg,rectangle_java2.jpg,867782686,100,748.3124,558.5372,737.5,549,33,21,int,3,class->block->function->type->name
2,72,rectangle_java2.jpg,rectangle_java2.jpg,868014711,100,839.8836,528.2035999999999,837.5,512,9,21,(,1,class->block->function->parameter_list
2,72,rectangle_java2.jpg,rectangle_java2.jpg,868226740,60,853.25,538.7393333333333,846.5,549,10,21,(,1,class->block->function->parameter_list
2,72,rectangle_java2.jpg,rectangle_java2.jpg,868226740,60,853.25,538.7393333333333,863.5,549,9,21,),1,class->block->function->parameter_list
2,72,rectangle_java2.jpg,rectangle_java2.jpg,868286760,56,848.8285714285714,511.11928571428575,854.5,512,9,21,),1,class->block->function->parameter_list
2,72,rectangle_java2.jpg,rectangle_java2.jpg,868578517,60,797.3213333333333,541.4933333333333,775.5,549,62,21,height,6,class->block->function->name
2,72,rectangle_java2.jpg,rectangle_java2.jpg,868718585,60,846.4166666666666,601.4473333333333,804.5,585,43,21,area,4,class->block->function->name
2,72,rectangle_java2.jpg,rectangle_java2.jpg,868718585,60,846.4166666666666,601.4473333333333,856.5,585,9,21,(,1,class->block->function->parameter_list
2,72,rectangle_java2.jpg,rectangle_java2.jpg,868938721,216,840.3837037037038,590.2075925925926,804.5,585,43,21,area,4,class->block->function->name
2,72,rectangle_java2.jpg,rectangle_java2.jpg,869051058,72,881.6844444444445,583.8094444444445,873.5,585,9,21,),1,class->block->function->parameter_list
2,72,rectangle_java2.jpg,rectangle_java2.jpg,869051058,72,881.6844444444445,583.8094444444445,893.5,585,10,21,{,1,class->block->function->block
2,72,rectangle_java2.jpg,rectangle_java2.jpg,869222908,76,882.2468421052631,584.1552631578948,873.5,585,9,21,),1,class->block->function->parameter_list
2,72,rectangle_java2.jpg,rectangle_java2.jpg,869222908,76,882.2468421052631,584.1552631578948,893.5,585,10,21,{,1,class->block->function->block
2,72,rectangle_java2.jpg,rectangle_java2.jpg,869398571,64,965.3356249999999,519.81875,958.5,512,71,21,this.x2,7,class->block->function->block->block_content->return->expr->name->name->operator->name->operator
2,72,rectangle_java2.jpg,rectangle_java2.jpg,869506576,104,964.2261538461538,546.7111538461538,968.5,549,70,21,this.y2,7,class->block->function->block->block_content->return->expr->name->name->operator->name
2,72,rectangle_java2.jpg,rectangle_java2.jpg,869594577,84,967.1342857142857,551.1742857142857,968.5,549,70,21,this.y2,7,class->block->function->block->block_content->return->expr->name->name->operator->name
2,72,rectangle_java2.jpg,rectangle_java2.jpg,869706578,56,963.665,505.85285714285715,958.5,512,71,21,this.x2,7,class->block->function->block->block_content->return->expr->name->name->operator->name->operator
2,72,rectangle_java2.jpg,rectangle_java2.jpg,871106446,56,922.9157142857143,564.3371428571429,900.5,549,63,21,return,6,class->block->function->block->block_content->return
2,72,rectangle_java2.jpg,rectangle_java2.jpg,871210445,100,913.388,577.5844,910.5,585,62,21,return,6,class->block->function->block->block_content->return
2,72,rectangle_java2.jpg,rectangle_java2.jpg,871402481,72,915.4361111111111,553.23,900.5,549,63,21,return,6,class->block->function->block->block_content->return
2,72,rectangle_java2.jpg,rectangle_java2.jpg,871574532,120,958.2576666666666,552.4573333333333,900.5,549,63,21,return,6,class->block->function->block->block_content->return
2,72,rectangle_java2.jpg,rectangle_java2.jpg,871574532,120,958.2576666666666,552.4573333333333,968.5,549,70,21,this.y2,7,class->block->function->block->block_content->return->expr->name->name->operator->name
2,72,rectangle_java2.jpg,rectangle_java2.jpg,871714475,76,955.1568421052632,550.498947368421,900.5,549,63,21,return,6,class->block->function->block->block_content->return
2,72,rectangle_java2.jpg,rectangle_java2.jpg,871890467,104,848.6088461538461,594.9973076923077,856.5,585,9,21,(,1,class->block->function->parameter_list
2,72,rectangle_java2.jpg,rectangle_java2.jpg,871998432,72,841.9088888888889,577.0677777777778,804.5,585,43,21,area,4,class->block->function->name
2,72,rectangle_java2.jpg,rectangle_java2.jpg,872078345,76,836.6057894736842,582.761052631579,804.5,585,43,21,area,4,class->block->function->name
2,72,rectangle_java2.jpg,rectangle_java2.jpg,872202261,120,833.4423333333333,558.531,775.5,549,62,21,height,6,class->block->function->name
2,72,rectangle_java2.jpg,rectangle_java2.jpg,873330335,116,870.8210344827586,576.7375862068966,873.5,585,9,21,),1,class->block->function->parameter_list
2,72,rectangle_java2.jpg,rectangle_java2.jpg,873742273,136,873.3291176470589,560.8576470588235,883.5,549,10,21,{,1,class->block->function->block
2,72,rectangle_java2.jpg,rectangle_java2.jpg,873810298,64,876.583125,573.28625,873.5,585,9,21,),1,class->block->function->parameter_list
2,72,rectangle_java2.jpg,rectangle_java2.jpg,873926349,72,921.3911111111111,557.32,900.5,549,63,21,return,6,class->block->function->block->block_content->return
2,72,rectangle_java2.jpg,rectangle_java2.jpg,874266212,100,745.4284,501.17920000000004,737.5,512,33,21,int,3,class->block->function->type->name
2,72,rectangle_java2.jpg,rectangle_java2.jpg,874334198,64,744.599375,523.455625,737.5,512,33,21,int,3,class->block->function->type->name
2,72,rectangle_java2.jpg,rectangle_java2.jpg,874570177,80,792.943,506.78549999999996,775.5,512,53,21,width,5,class->block->function->name
2,72,rectangle_java2.jpg,rectangle_java2.jpg,874842155,68,949.2123529411765,549.8764705882353,900.5,549,63,21,return,6,class->block->function->block->block_content->return
2,72,rectangle_java2.jpg,rectangle_java2.jpg,874938161,64,973.695,542.894375,968.5,549,70,21,this.y2,7,class->block->function->block->block_content->return->expr->name->name->operator->name
2,72,rectangle_java2.jpg,rectangle_java2.jpg,875022171,56,974.1807142857143,519.6842857142857,958.5,512,71,21,this.x2,7,class->block->function->block->block_content->return->expr->name->name->operator->name->operator
2,72,rectangle_java2.jpg,rectangle_java2.jpg,875326133,88,827.6254545454545,513.5313636363636,775.5,512,53,21,width,5,class->block->function->name
2,72,rectangle_java2.jpg,rectangle_java2.jpg,875326133,88,827.6254545454545,513.5313636363636,837.5,512,9,21,(,1,class->block->function->parameter_list
2,72,rectangle_java2.jpg,rectangle_java2.jpg,875594548,120,858.4676666666667,563.21,863.5,549,9,21,),1,class->block->function->parameter_list
2,72,rectangle_java2.jpg,rectangle_java2.jpg,875866278,68,868.4888235294118,576.2129411764706,873.5,585,9,21,),1,class->block->function->parameter_list
2,72,rectangle_java2.jpg,rectangle_java2.jpg,877737985,60,965.0926666666667,529.5013333333334,958.5,512,71,21,this.x2,7,class->block->function->block->block_content->return->expr->name->name->operator->name->operator
2,72,rectangle_java2.jpg,rectangle_java2.jpg,877833872,92,973.7147826086956,547.9282608695652,968.5,549,70,21,this.y2,7,class->block->function->block->block_content->return->expr->name->name->operator->name
2,72,rectangle_java2.jpg,rectangle_java2.jpg,878165946,84,817.9447619047619,611.8814285714286,804.5,621,44,21,void,4,class->block->function->type->name
2,72,rectangle_java2.jpg,rectangle_java2.jpg,878249951,80,819.433,621.5525,804.5,621,44,21,void,4,class->block->function->type->name
2,72,rectangle_java2.jpg,rectangle_java2.jpg,878357940,56,860.655,610.0828571428572,851.5,621,44,21,main,4,class->block->function->name
2,72,rectangle_java2.jpg,rectangle_java2.jpg,878481920,120,859.4646666666666,588.633,856.5,585,9,21,(,1,class->block->function->parameter_list
2,72,rectangle_java2.jpg,rectangle_java2.jpg,878601920,88,849.3181818181819,620.4495454545455,851.5,621,44,21,main,4,class->block->function->name
2,72,rectangle_java2.jpg,rectangle_java2.jpg,878777927,124,980.9312903225806,542.7477419354839,968.5,549,70,21,this.y2,7,class->block->function->block->block_content->return->expr->name->name->operator->name
2,72,rectangle_java2.jpg,rectangle_java2.jpg,878889930,88,971.9640909090909,537.5318181818182,968.5,549,70,21,this.y2,7,class->block->function->block->block_content->return->expr->name->name->operator->name
2,72,rectangle_java2.jpg,rectangle_java2.jpg,879033954,92,971.9417391304348,551.111304347826,968.5,549,70,21,this.y2,7,class->block->function->block->block_content->return->expr->name->name->operator->name
2,72,rectangle_java2.jpg,rectangle_java2.jpg,879221978,184,969.9930434782609,546.4486956521739,968.5,549,70,21,this.y2,7,class->block->function->block->block_content->return->expr->name->name->operator->name
2,72,rectangle_java2.jpg,rectangle_java2.jpg,879365971,72,887.0594444444445,594.4972222222223,893.5,585,10,21,{,1,class->block->function->block
2,72,rectangle_java2.jpg,rectangle_java2.jpg,879537908,64,794.61125,589.829375,737.5,585,62,21,double,6,class->block->function->type->name
2,72,rectangle_java2.jpg,rectangle_java2.jpg,879537908,64,794.61125,589.829375,804.5,585,43,21,area,4,class->block->function->name
2,72,rectangle_java2.jpg,rectangle_java2.jpg,879597812,56,783.5607142857143,574.73,737.5,585,62,21,double,6,class->block->function->type->name
2,72,rectangle_java2.jpg,rectangle_java2.jpg,879773685,172,794.9662790697674,579.3053488372093,737.5,585,62,21,double,6,class->block->function->type->name
2,72,rectangle_java2.jpg,rectangle_java2.jpg,879773685,172,794.9662790697674,579.3053488372093,804.5,585,43,21,area,4,class->block->function->name
2,72,rectangle_java2.jpg,rectangle_java2.jpg,879889841,112,791.1267857142857,588.8657142857143,737.5,585,62,21,double,6,class->block->function->type->name
2,72,rectangle_java2.jpg,rectangle_java2.jpg,880005867,64,888.653125,578.269375,893.5,585,10,21,{,1,class->block->function->block
2,72,rectangle_java2.jpg,rectangle_java2.jpg,880101848,92,890.9639130434782,592.0817391304348,893.5,585,10,21,{,1,class->block->function->block
2,72,rectangle_java2.jpg,rectangle_java2.jpg,880181822,76,887.4515789473684,581.85,893.5,585,10,21,{,1,class->block->function->block
2,72,rectangle_java2.jpg,rectangle_java2.jpg,880281779,96,893.6833333333333,593.7566666666667,893.5,585,10,21,{,1,class->block->function->block
2,72,rectangle_java2.jpg,rectangle_java2.jpg,880349763,64,893.4225,565.8675,883.5,549,10,21,{,1,class->block->function->block
2,72,rectangle_java2.jpg,rectangle_java2.jpg,880349763,64,893.4225,565.8675,900.5,549,63,21,return,6,class->block->function->block->block_content->return
2,72,rectangle_java2.jpg,rectangle_java2.jpg,880453775,68,883.6535294117647,594.5752941176471,893.5,585,10,21,{,1,class->block->function->block
2,72,rectangle_java2.jpg,rectangle_java2.jpg,880625798,92,832.4073913043478,257.02086956521737,833.5,259,23,21,y1,2,class->block->decl_stmt->decl->name
2,72,rectangle_java2.jpg,rectangle_java2.jpg,880685808,56,829.4692857142857,261.97285714285715,833.5,259,23,21,y1,2,class->block->decl_stmt->decl->name
2,72,rectangle_java2.jpg,rectangle_java2.jpg,881241795,60,908.32,307.81666666666666,890.5,295,24,21,x1,2,class->block->constructor->parameter_list->parameter->decl->type->name
2,72,rectangle_java2.jpg,rectangle_java2.jpg,881505814,108,891.63,314.9051851851852,890.5,295,24,21,x1,2,class->block->constructor->parameter_list->parameter->decl->type->name
2,72,rectangle_java2.jpg,rectangle_java2.jpg,881577771,68,886.7976470588235,309.9888235294118,890.5,295,24,21,x1,2,class->block->constructor->parameter_list->parameter->decl->type->name
2,72,rectangle_java2.jpg,rectangle_java2.jpg,882653685,76,861.2305263157895,444.532105263158,856.5,440,10,21,;,1,class->block->constructor->block->block_content->expr_stmt
2,72,rectangle_java2.jpg,rectangle_java2.jpg,883249683,104,822.4107692307692,420.26076923076926,826.5,404,23,19,x2,2,class->block->constructor->block->block_content->expr_stmt->expr->name->name
2,72,rectangle_java2.jpg,rectangle_java2.jpg,883385630,72,801.8233333333333,396.9816666666667,806.5,404,15,19,=,1,class->block->constructor->block->block_content->expr_stmt->expr->operator
2,72,rectangle_java2.jpg,rectangle_java2.jpg,883449595,60,789.2346666666666,421.64733333333334,730.5,404,71,19,this.x2,7,class->block->constructor->block->block_content->expr_stmt->expr->name->name->operator->name
2,72,rectangle_java2.jpg,rectangle_java2.jpg,883509563,56,796.5014285714286,437.5899999999999,730.5,440,71,21,this.y2,7,class->block->constructor->block->block_content->expr_stmt->expr->name->name->operator->name
2,72,rectangle_java2.jpg,rectangle_java2.jpg,883509563,56,796.5014285714286,437.5899999999999,806.5,440,15,21,=,1,class->block->constructor->block->block_content->expr_stmt->expr->operator
2,72,rectangle_java2.jpg,rectangle_java2.jpg,883569564,56,792.5528571428572,446.8235714285714,730.5,440,71,21,this.y2,7,class->block->constructor->block->block_content->expr_stmt->expr->name->name->operator->name
2,72,rectangle_java2.jpg,rectangle_java2.jpg,884105580,68,846.994705882353,592.9882352941177,804.5,585,43,21,area,4,class->block->function->name
2,72,rectangle_java2.jpg,rectangle_java2.jpg,884105580,68,846.994705882353,592.9882352941177,856.5,585,9,21,(,1,class->block->function->parameter_list
2,72,rectangle_java2.jpg,rectangle_java2.jpg,884189588,80,853.022,603.876,856.5,585,9,21,(,1,class->block->function->parameter_list
2,72,rectangle_java2.jpg,rectangle_java2.jpg,884305576,64,859.9456250000001,573.810625,856.5,585,9,21,(,1,class->block->function->parameter_list
2,72,rectangle_java2.jpg,rectangle_java2.jpg,884421580,80,828.0195,574.8895,804.5,585,43,21,area,4,class->block->function->name
2,72,rectangle_java2.jpg,rectangle_java2.jpg,884673588,120,940.554,587.3463333333333,910.5,585,62,21,return,6,class->block->function->block->block_content->return
2,72,rectangle_java2.jpg,rectangle_java2.jpg,884973498,56,1065.0357142857142,575.9428571428572,977.5,585,101,21,this.width,10,class->block->function->block->block_content->return->expr->call->name->name->operator->name
2,72,rectangle_java2.jpg,rectangle_java2.jpg,885113498,136,1061.635588235294,597.8205882352942,977.5,585,101,21,this.width,10,class->block->function->block->block_content->return->expr->call->name->name->operator->name
2,72,rectangle_java2.jpg,rectangle_java2.jpg,885241473,124,1048.9164516129033,599.1719354838709,977.5,585,101,21,this.width,10,class->block->function->block->block_content->return->expr->call->name->name->operator->name
2,72,rectangle_java2.jpg,rectangle_java2.jpg,885305241,60,1044.462,590.0726666666667,977.5,585,101,21,this.width,10,class->block->function->block->block_content->return->expr->call->name->name->operator->name
2,72,rectangle_java2.jpg,rectangle_java2.jpg,885377040,68,1051.514705882353,577.6635294117647,977.5,585,101,21,this.width,10,class->block->function->block->block_content->return->expr->call->name->name->operator->name
2,72,rectangle_java2.jpg,rectangle_java2.jpg,885440905,60,1060.006,590.5693333333334,977.5,585,101,21,this.width,10,class->block->function->block->block_content->return->expr->call->name->name->operator->name
2,72,rectangle_java2.jpg,rectangle_java2.jpg,885665295,68,801.3282352941177,523.224705882353,775.5,512,53,21,width,5,class->block->function->name
2,72,rectangle_java2.jpg,rectangle_java2.jpg,885725441,56,800.9035714285715,531.9392857142857,775.5,512,53,21,width,5,class->block->function->name
2,72,rectangle_java2.jpg,rectangle_java2.jpg,885837477,108,793.58,538.6188888888889,775.5,549,62,21,height,6,class->block->function->name
2,72,rectangle_java2.jpg,rectangle_java2.jpg,886153371,88,881.7895454545454,599.5890909090909,873.5,585,9,21,),1,class->block->function->parameter_list
2,72,rectangle_java2.jpg,rectangle_java2.jpg,886153371,88,881.7895454545454,599.5890909090909,893.5,585,10,21,{,1,class->block->function->block
2,72,rectangle_java2.jpg,rectangle_java2.jpg,886217385,60,885.2433333333333,594.9639999999999,893.5,585,10,21,{,1,class->block->function->block
2,72,rectangle_java2.jpg,rectangle_java2.jpg,886641402,96,1131.5145833333333,563.9870833333333,1064.5,549,71,21,this.y1,7,class->block->function->block->block_content->return->expr->name->name->operator->name
2,72,rectangle_java2.jpg,rectangle_java2.jpg,886641402,96,1131.5145833333333,563.9870833333333,1142.5,549,10,21,;,1,class->block->function->block->block_content->return
2,72,rectangle_java2.jpg,rectangle_java2.jpg,886717420,72,1125.716111111111,581.0955555555555,1122.5,585,12,21,*,1,class->block->function->block->block_content->return->expr->operator
2,72,rectangle_java2.jpg,rectangle_java2.jpg,886829460,108,1127.9133333333334,560.8485185185185,1064.5,549,71,21,this.y1,7,class->block->function->block->block_content->return->expr->name->name->operator->name
2,72,rectangle_java2.jpg,rectangle_java2.jpg,886953448,84,1131.6090476190477,583.2828571428571,1122.5,585,12,21,*,1,class->block->function->block->block_content->return->expr->operator
2,72,rectangle_java2.jpg,rectangle_java2.jpg,886953448,84,1131.6090476190477,583.2828571428571,1140.5,585,110,21,this.height,11,class->block->function->block->block_content->return->expr->call->name->name->operator->name
2,72,rectangle_java2.jpg,rectangle_java2.jpg,887065393,80,1171.3375,559.8580000000001,1161.5,549,10,21,},1,class->block->function->block
2,72,rectangle_java2.jpg,rectangle_java2.jpg,887277098,68,1104.7241176470588,574.4723529411765,1103.5,585,9,21,),1,class->block->function->block->block_content->return->expr->call->argument_list
2,72,rectangle_java2.jpg,rectangle_java2.jpg,887365110,84,1103.942857142857,581.5947619047619,1103.5,585,9,21,),1,class->block->function->block->block_content->return->expr->call->argument_list
2,72,rectangle_java2.jpg,rectangle_java2.jpg,887637275,64,1186.048125,576.933125,1140.5,585,110,21,this.height,11,class->block->function->block->block_content->return->expr->call->name->name->operator->name
2,72,rectangle_java2.jpg,rectangle_java2.jpg,887801340,100,1181.6296,581.5848,1140.5,585,110,21,this.height,11,class->block->function->block->block_content->return->expr->call->name->name->operator->name
2,72,rectangle_java2.jpg,rectangle_java2.jpg,887893356,88,1189.2136363636364,577.1754545454545,1140.5,585,110,21,this.height,11,class->block->function->block->block_content->return->expr->call->name->name->operator->name
2,72,rectangle_java2.jpg,rectangle_java2.jpg,888109285,84,1194.7261904761904,578.58,1140.5,585,110,21,this.height,11,class->block->function->block->block_content->return->expr->call->name->name->operator->name
2,72,rectangle_java2.jpg,rectangle_java2.jpg,888269267,100,1179.3316,581.3212,1140.5,585,110,21,this.height,11,class->block->function->block->block_content->return->expr->call->name->name->operator->name
2,72,rectangle_java2.jpg,rectangle_java2.jpg,888481222,156,858.8364102564103,270.3074358974359,863.5,259,10,21,",",1,class->block->decl_stmt
2,72,rectangle_java2.jpg,rectangle_java2.jpg,888609259,124,850.88,265.0738709677419,833.5,259,23,21,y1,2,class->block->decl_stmt->decl->name
2,72,rectangle_java2.jpg,rectangle_java2.jpg,888761300,80,834.168,327.2465,826.5,331,23,19,x1,2,class->block->constructor->block->block_content->expr_stmt->expr->name->name
2,72,rectangle_java2.jpg,rectangle_java2.jpg,888841296,76,831.4305263157895,347.37842105263155,826.5,331,23,19,x1,2,class->block->constructor->block->block_content->expr_stmt->expr->name->name
2,72,rectangle_java2.jpg,rectangle_java2.jpg,888989156,144,827.3683333333333,348.795,826.5,331,23,19,x1,2,class->block->constructor->block->block_content->expr_stmt->expr->name->name
2,72,rectangle_java2.jpg,rectangle_java2.jpg,889053048,60,848.9113333333333,356.7626666666667,826.5,367,23,21,y1,2,class->block->constructor->block->block_content->expr_stmt->expr->name->name
2,72,rectangle_java2.jpg,rectangle_java2.jpg,889053048,60,848.9113333333333,356.7626666666667,856.5,367,10,21,;,1,class->block->constructor->block->block_content->expr_stmt
2,72,rectangle_java2.jpg,rectangle_java2.jpg,889185006,84,846.8957142857142,337.7838095238095,826.5,331,23,19,x1,2,class->block->constructor->block->block_content->expr_stmt->expr->name->name
2,72,rectangle_java2.jpg,rectangle_java2.jpg,889185006,84,846.8957142857142,337.7838095238095,856.5,331,10,19,;,1,class->block->constructor->block->block_content->expr_stmt
2,72,rectangle_java2.jpg,rectangle_java2.jpg,889265079,76,845.8078947368421,347.93842105263155,826.5,331,23,19,x1,2,class->block->constructor->block->block_content->expr_stmt->expr->name->name
2,72,rectangle_java2.jpg,rectangle_java2.jpg,889265079,76,845.8078947368421,347.93842105263155,856.5,331,10,19,;,1,class->block->constructor->block->block_content->expr_stmt
2,72,rectangle_java2.jpg,rectangle_java2.jpg,889341141,72,844.9005555555556,362.29,826.5,367,23,21,y1,2,class->block->constructor->block->block_content->expr_stmt->expr->name->name
2,72,rectangle_java2.jpg,rectangle_java2.jpg,889341141,72,844.9005555555556,362.29,856.5,367,10,21,;,1,class->block->constructor->block->block_content->expr_stmt
2,72,rectangle_java2.jpg,rectangle_java2.jpg,890041168,120,939.6893333333334,311.4563333333333,939.5,295,33,21,int,3,class->block->constructor->parameter_list->parameter->decl->type->name
2,72,rectangle_java2.jpg,rectangle_java2.jpg,890301133,60,870.9146666666667,314.9413333333333,853.5,295,32,21,int,3,class->block->constructor->parameter_list->parameter->decl->type->name
2,72,rectangle_java2.jpg,rectangle_java2.jpg,890681184,76,828.5894736842105,314.84473684210525,837.5,295,9,21,(,1,class->block->constructor->parameter_list
2,72,rectangle_java2.jpg,rectangle_java2.jpg,891337061,88,922.2440909090909,263.3445454545455,929.5,259,23,21,y2,2,class->block->decl_stmt->decl->name
2,72,rectangle_java2.jpg,rectangle_java2.jpg,891425049,84,904.0942857142858,250.48285714285714,881.5,259,23,21,x2,2,class->block->decl_stmt->decl->name
2,72,rectangle_java2.jpg,rectangle_java2.jpg,891425049,84,904.0942857142858,250.48285714285714,911.5,259,10,21,",",1,class->block->decl_stmt
2,72,rectangle_java2.jpg,rectangle_java2.jpg,892360990,60,1178.916,604.0166666666667,1140.5,585,110,21,this.height,11,class->block->function->block->block_content->return->expr->call->name->name->operator->name
2,72,rectangle_java2.jpg,rectangle_java2.jpg,892524958,68,1100.4664705882353,603.6711764705882,1103.5,585,9,21,),1,class->block->function->block->block_content->return->expr->call->argument_list
2,72,rectangle_java2.jpg,rectangle_java2.jpg,892612955,56,1093.8421428571428,627.3371428571429,1094.5,621,10,21,{,1,class->block->function->block
2,72,rectangle_java2.jpg,rectangle_java2.jpg,892804882,68,1083.0835294117646,638.2547058823529,1074.5,621,10,21,),1,class->block->function->parameter_list
2,72,rectangle_java2.jpg,rectangle_java2.jpg,892804882,68,1083.0835294117646,638.2547058823529,1094.5,621,10,21,{,1,class->block->function->block
2,72,rectangle_java2.jpg,rectangle_java2.jpg,892960808,60,877.7846666666667,269.8346666666667,881.5,259,23,21,x2,2,class->block->decl_stmt->decl->name
2,72,rectangle_java2.jpg,rectangle_java2.jpg,894520883,56,1042.3042857142857,711.3721428571429,1041.5,694,9,21,(,1,class->block->function->block->block_content->expr_stmt->expr->call->argument_list->argument->expr->call->argument_list
2,72,rectangle_java2.jpg,rectangle_java2.jpg,894640881,80,1047.3785,659.8795,1041.5,658,9,20,(,1,class->block->function->block->block_content->decl_stmt->decl->init->expr->call->argument_list
2,72,rectangle_java2.jpg,rectangle_java2.jpg,894640881,80,1047.3785,659.8795,1057.5,658,13,20,0,1,class->block->function->block->block_content->decl_stmt->decl->init->expr->call->argument_list->argument->expr->literal
2,72,rectangle_java2.jpg,rectangle_java2.jpg,894872710,72,1154.2144444444446,589.8205555555555,1140.5,585,110,21,this.height,11,class->block->function->block->block_content->return->expr->call->name->name->operator->name
2,72,rectangle_java2.jpg,rectangle_java2.jpg,895040731,144,1106.3494444444445,574.4605555555555,1103.5,585,9,21,),1,class->block->function->block->block_content->return->expr->call->argument_list
2,72,rectangle_java2.jpg,rectangle_java2.jpg,895284760,80,948.9635,614.117,920.5,621,62,21,String,6,class->block->function->parameter_list->parameter->decl->type->name->name
2,72,rectangle_java2.jpg,rectangle_java2.jpg,895420741,132,945.2915151515151,597.8427272727273,910.5,585,62,21,return,6,class->block->function->block->block_content->return
2,72,rectangle_java2.jpg,rectangle_java2.jpg,895560712,84,925.3452380952381,585.32,910.5,585,62,21,return,6,class->block->function->block->block_content->return
2,72,rectangle_java2.jpg,rectangle_java2.jpg,895792732,104,868.8707692307693,579.5284615384616,873.5,585,9,21,),1,class->block->function->parameter_list
2,72,rectangle_java2.jpg,rectangle_java2.jpg,895868737,72,868.3961111111112,579.3194444444445,873.5,585,9,21,),1,class->block->function->parameter_list
2,72,rectangle_java2.jpg,rectangle_java2.jpg,896036743,68,1013.3270588235295,582.8564705882353,977.5,585,101,21,this.width,10,class->block->function->block->block_content->return->expr->call->name->name->operator->name
2,72,rectangle_java2.jpg,rectangle_java2.jpg,896096755,56,1017.1721428571428,596.6442857142857,977.5,585,101,21,this.width,10,class->block->function->block->block_content->return->expr->call->name->name->operator->name
2,72,rectangle_java2.jpg,rectangle_java2.jpg,896156757,56,1012.2678571428571,578.2528571428571,977.5,585,101,21,this.width,10,class->block->function->block->block_content->return->expr->call->name->name->operator->name
2,72,rectangle_java2.jpg,rectangle_java2.jpg,896264701,56,1034.8428571428572,595.9,977.5,585,101,21,this.width,10,class->block->function->block->block_content->return->expr->call->name->name->operator->name
2,72,rectangle_java2.jpg,rectangle_java2.jpg,896376491,68,1043.9664705882353,604.4370588235294,977.5,585,101,21,this.width,10,class->block->function->block->block_content->return->expr->call->name->name->operator->name
2,72,rectangle_java2.jpg,rectangle_java2.jpg,896460389,80,1057.4365,600.7105,977.5,585,101,21,this.width,10,class->block->function->block->block_content->return->expr->call->name->name->operator->name
2,72,rectangle_java2.jpg,rectangle_java2.jpg,896680419,56,1130.15,582.8050000000001,1122.5,585,12,21,*,1,class->block->function->block->block_content->return->expr->operator
2,72,rectangle_java2.jpg,rectangle_java2.jpg,896680419,56,1130.15,582.8050000000001,1140.5,585,110,21,this.height,11,class->block->function->block->block_content->return->expr->call->name->name->operator->name
2,72,rectangle_java2.jpg,rectangle_java2.jpg,896788506,104,1123.2673076923077,577.5038461538461,1122.5,585,12,21,*,1,class->block->function->block->block_content->return->expr->operator
2,72,rectangle_java2.jpg,rectangle_java2.jpg,896864561,72,1131.2177777777779,600.9238888888889,1122.5,585,12,21,*,1,class->block->function->block->block_content->return->expr->operator
2,72,rectangle_java2.jpg,rectangle_java2.jpg,896864561,72,1131.2177777777779,600.9238888888889,1140.5,585,110,21,this.height,11,class->block->function->block->block_content->return->expr->call->name->name->operator->name
2,72,rectangle_java2.jpg,rectangle_java2.jpg,896952620,84,1122.770476190476,587.7590476190476,1122.5,585,12,21,*,1,class->block->function->block->block_content->return->expr->operator
2,72,rectangle_java2.jpg,rectangle_java2.jpg,897028638,72,1124.3572222222222,589.6072222222222,1122.5,585,12,21,*,1,class->block->function->block->block_content->return->expr->operator
2,72,rectangle_java2.jpg,rectangle_java2.jpg,897176691,56,1115.0714285714287,596.2335714285714,1122.5,585,12,21,*,1,class->block->function->block->block_content->return->expr->operator
2,72,rectangle_java2.jpg,rectangle_java2.jpg,897248701,68,1117.9441176470589,592.1458823529412,1122.5,585,12,21,*,1,class->block->function->block->block_content->return->expr->operator
2,72,rectangle_java2.jpg,rectangle_java2.jpg,897524605,120,1157.463,575.1266666666667,1140.5,585,110,21,this.height,11,class->block->function->block->block_content->return->expr->call->name->name->operator->name
2,72,rectangle_java2.jpg,rectangle_java2.jpg,897596611,68,1151.1411764705883,598.2041176470589,1140.5,585,110,21,this.height,11,class->block->function->block->block_content->return->expr->call->name->name->operator->name
2,72,rectangle_java2.jpg,rectangle_java2.jpg,897676618,76,1156.4621052631578,602.6105263157895,1140.5,585,110,21,this.height,11,class->block->function->block->block_content->return->expr->call->name->name->operator->name
2,72,rectangle_java2.jpg,rectangle_java2.jpg,897764608,56,1154.432857142857,580.8407142857143,1140.5,585,110,21,this.height,11,class->block->function->block->block_content->return->expr->call->name->name->operator->name
2,72,rectangle_java2.jpg,rectangle_java2.jpg,897832597,64,1169.2193750000001,591.379375,1140.5,585,110,21,this.height,11,class->block->function->block->block_content->return->expr->call->name->name->operator->name
2,72,rectangle_java2.jpg,rectangle_java2.jpg,897916643,80,1193.3575,578.3055,1140.5,585,110,21,this.height,11,class->block->function->block->block_content->return->expr->call->name->name->operator->name
2,72,rectangle_java2.jpg,rectangle_java2.jpg,897980723,60,1186.2586666666666,588.5033333333333,1140.5,585,110,21,this.height,11,class->block->function->block->block_content->return->expr->call->name->name->operator->name
2,72,rectangle_java2.jpg,rectangle_java2.jpg,898084845,100,1189.1276,592.01,1140.5,585,110,21,this.height,11,class->block->function->block->block_content->return->expr->call->name->name->operator->name
2,72,rectangle_java2.jpg,rectangle_java2.jpg,898288697,56,1155.0271428571427,604.4821428571429,1140.5,585,110,21,this.height,11,class->block->function->block->block_content->return->expr->call->name->name->operator->name
2,72,rectangle_java2.jpg,rectangle_java2.jpg,898348661,56,1141.162142857143,592.4657142857143,1140.5,585,110,21,this.height,11,class->block->function->block->block_content->return->expr->call->name->name->operator->name
2,72,rectangle_java2.jpg,rectangle_java2.jpg,898424645,72,1134.7183333333332,597.8705555555556,1140.5,585,110,21,this.height,11,class->block->function->block->block_content->return->expr->call->name->name->operator->name
2,72,rectangle_java2.jpg,rectangle_java2.jpg,898748551,116,1100.8627586206896,593.278275862069,1103.5,585,9,21,),1,class->block->function->block->block_content->return->expr->call->argument_list
2,72,rectangle_java2.jpg,rectangle_java2.jpg,898860530,108,1090.9518518518519,595.4048148148148,1086.5,585,10,21,(,1,class->block->function->block->block_content->return->expr->call->argument_list
2,72,rectangle_java2.jpg,rectangle_java2.jpg,898944517,80,1098.064,597.2115,1103.5,585,9,21,),1,class->block->function->block->block_content->return->expr->call->argument_list
2,72,rectangle_java2.jpg,rectangle_java2.jpg,899072521,124,1091.8193548387096,587.0129032258064,1086.5,585,10,21,(,1,class->block->function->block->block_content->return->expr->call->argument_list
2,72,rectangle_java2.jpg,rectangle_java2.jpg,899072521,124,1091.8193548387096,587.0129032258064,1103.5,585,9,21,),1,class->block->function->block->block_content->return->expr->call->argument_list
2,72,rectangle_java2.jpg,rectangle_java2.jpg,899212494,68,918.9711764705883,612.9164705882353,920.5,621,62,21,String,6,class->block->function->parameter_list->parameter->decl->type->name->name
2,72,rectangle_java2.jpg,rectangle_java2.jpg,899328463,112,912.5817857142857,615.9703571428571,904.5,621,9,21,(,1,class->block->function->parameter_list
2,72,rectangle_java2.jpg,rectangle_java2.jpg,899328463,112,912.5817857142857,615.9703571428571,920.5,621,62,21,String,6,class->block->function->parameter_list->parameter->decl->type->name->name
2,72,rectangle_java2.jpg,rectangle_java2.jpg,899420459,56,870.1742857142857,620.29,851.5,621,44,21,main,4,class->block->function->name
2,72,rectangle_java2.jpg,rectangle_java2.jpg,899480457,56,878.1535714285715,598.8092857142857,873.5,585,9,21,),1,class->block->function->parameter_list
2,72,rectangle_java2.jpg,rectangle_java2.jpg,899592466,56,865.2364285714286,635.1578571428571,851.5,621,44,21,main,4,class->block->function->name
2,72,rectangle_java2.jpg,rectangle_java2.jpg,899736478,140,859.4708571428572,639.608,851.5,621,44,21,main,4,class->block->function->name
2,72,rectangle_java2.jpg,rectangle_java2.jpg,899796473,56,867.2985714285714,654.4542857142858,826.5,658,52,20,rect1,5,class->block->function->block->block_content->decl_stmt->decl->name
2,72,rectangle_java2.jpg,rectangle_java2.jpg,900008470,108,1069.2877777777778,634.1922222222222,1074.5,621,10,21,),1,class->block->function->parameter_list
2,72,rectangle_java2.jpg,rectangle_java2.jpg,900244421,124,1036.91,656.2706451612903,1041.5,658,9,20,(,1,class->block->function->block->block_content->decl_stmt->decl->init->expr->call->argument_list
2,72,rectangle_java2.jpg,rectangle_java2.jpg,900368325,120,1038.9893333333334,638.689,1025.5,621,42,21,args,4,class->block->function->parameter_list->parameter->decl->name
2,72,rectangle_java2.jpg,rectangle_java2.jpg,900464195,92,1025.6369565217392,650.8978260869565,941.5,658,91,20,Rectangle,9,class->block->function->block->block_content->decl_stmt->decl->init->expr->call->name
2,72,rectangle_java2.jpg,rectangle_java2.jpg,900548140,64,877.0575,667.4975,826.5,658,52,20,rect1,5,class->block->function->block->block_content->decl_stmt->decl->name
2,72,rectangle_java2.jpg,rectangle_java2.jpg,900548140,64,877.0575,667.4975,883.5,658,15,20,=,1,class->block->function->block->block_content->decl_stmt->decl->init
2,72,rectangle_java2.jpg,rectangle_java2.jpg,900644243,60,872.4773333333334,692.3206666666666,730.5,694,177,21,System.out.println,18,class->block->function->block->block_content->expr_stmt->expr->call->name->name->operator->name->operator->name
2,72,rectangle_java2.jpg,rectangle_java2.jpg,900732324,84,877.5261904761904,685.8057142857143,730.5,694,177,21,System.out.println,18,class->block->function->block->block_content->expr_stmt->expr->call->name->name->operator->name->operator->name
2,72,rectangle_java2.jpg,rectangle_java2.jpg,901024368,72,809.08,635.8116666666667,804.5,621,44,21,void,4,class->block->function->type->name
2,72,rectangle_java2.jpg,rectangle_java2.jpg,901140402,64,791.760625,647.973125,730.5,658,91,20,Rectangle,9,class->block->function->block->block_content->decl_stmt->decl->type->name
2,72,rectangle_java2.jpg,rectangle_java2.jpg,901212390,68,801.0047058823529,641.34,804.5,621,44,21,void,4,class->block->function->type->name
2,72,rectangle_java2.jpg,rectangle_java2.jpg,901356369,72,808.1438888888889,684.6738888888889,730.5,694,177,21,System.out.println,18,class->block->function->block->block_content->expr_stmt->expr->call->name->name->operator->name->operator->name
2,72,rectangle_java2.jpg,rectangle_java2.jpg,901504366,144,821.5691666666667,682.3197222222223,730.5,694,177,21,System.out.println,18,class->block->function->block->block_content->expr_stmt->expr->call->name->name->operator->name->operator->name
2,72,rectangle_java2.jpg,rectangle_java2.jpg,901568369,60,832.3033333333333,634.0986666666666,804.5,621,44,21,void,4,class->block->function->type->name
2,72,rectangle_java2.jpg,rectangle_java2.jpg,901744379,172,833.9455813953489,632.0804651162791,804.5,621,44,21,void,4,class->block->function->type->name
2,72,rectangle_java2.jpg,rectangle_java2.jpg,901828397,80,830.875,615.771,804.5,621,44,21,void,4,class->block->function->type->name
2,72,rectangle_java2.jpg,rectangle_java2.jpg,901968408,116,867.2817241379311,660.6537931034483,826.5,658,52,20,rect1,5,class->block->function->block->block_content->decl_stmt->decl->name
2,72,rectangle_java2.jpg,rectangle_java2.jpg,902100378,76,873.9047368421053,637.791052631579,851.5,621,44,21,main,4,class->block->function->name
2,72,rectangle_java2.jpg,rectangle_java2.jpg,902196291,92,879.3247826086956,677.2556521739131,883.5,658,15,20,=,1,class->block->function->block->block_content->decl_stmt->decl->init
2,72,rectangle_java2.jpg,rectangle_java2.jpg,902280162,80,871.9205000000001,670.206,826.5,658,52,20,rect1,5,class->block->function->block->block_content->decl_stmt->decl->name
2,72,rectangle_java2.jpg,rectangle_java2.jpg,902280162,80,871.9205000000001,670.206,883.5,658,15,20,=,1,class->block->function->block->block_content->decl_stmt->decl->init
2,72,rectangle_java2.jpg,rectangle_java2.jpg,902404114,92,916.8186956521739,682.7417391304348,916.5,694,9,21,(,1,class->block->function->block->block_content->expr_stmt->expr->call->argument_list
2,72,rectangle_java2.jpg,rectangle_java2.jpg,902668182,112,1011.0617857142857,675.3403571428571,941.5,658,91,20,Rectangle,9,class->block->function->block->block_content->decl_stmt->decl->init->expr->call->name
2,72,rectangle_java2.jpg,rectangle_java2.jpg,902740183,68,1006.0600000000001,694.92,932.5,694,100,21,rect1.area,10,class->block->function->block->block_content->expr_stmt->expr->call->argument_list->argument->expr->call->name->name->operator->name
2,72,rectangle_java2.jpg,rectangle_java2.jpg,902804199,60,1011.5753333333333,712.6413333333334,932.5,694,100,21,rect1.area,10,class->block->function->block->block_content->expr_stmt->expr->call->argument_list->argument->expr->call->name->name->operator->name
2,72,rectangle_java2.jpg,rectangle_java2.jpg,902964243,116,1052.4268965517242,701.1972413793103,1057.5,694,10,21,),1,class->block->function->block->block_content->expr_stmt->expr->call->argument_list->argument->expr->call->argument_list
2,72,rectangle_java2.jpg,rectangle_java2.jpg,903024256,56,1065.13,711.7128571428572,1057.5,694,10,21,),1,class->block->function->block->block_content->expr_stmt->expr->call->argument_list->argument->expr->call->argument_list
2,72,rectangle_java2.jpg,rectangle_java2.jpg,903024256,56,1065.13,711.7128571428572,1077.5,694,9,21,),1,class->block->function->block->block_content->expr_stmt->expr->call->argument_list
2,72,rectangle_java2.jpg,rectangle_java2.jpg,903600262,76,821.6731578947368,657.0563157894737,826.5,658,52,20,rect1,5,class->block->function->block->block_content->decl_stmt->decl->name
2,72,rectangle_java2.jpg,rectangle_java2.jpg,904004446,76,827.0952631578947,599.7531578947369,804.5,585,43,21,area,4,class->block->function->name
2,72,rectangle_java2.jpg,rectangle_java2.jpg,904267986,64,992.863125,629.195,990.5,621,10,21,[,1,class->block->function->parameter_list->parameter->decl->type->name->index
2,72,rectangle_java2.jpg,rectangle_java2.jpg,904536098,84,1070.682380952381,631.0595238095239,1074.5,621,10,21,),1,class->block->function->parameter_list
2,72,rectangle_java2.jpg,rectangle_java2.jpg,904772089,64,1059.044375,581.9725,977.5,585,101,21,this.width,10,class->block->function->block->block_content->return->expr->call->name->name->operator->name
2,72,rectangle_java2.jpg,rectangle_java2.jpg,905312107,96,879.7262499999999,693.125,730.5,694,177,21,System.out.println,18,class->block->function->block->block_content->expr_stmt->expr->call->name->name->operator->name->operator->name
2,72,rectangle_java2.jpg,rectangle_java2.jpg,905648110,60,789.1233333333333,575.042,737.5,585,62,21,double,6,class->block->function->type->name
2,72,rectangle_java2.jpg,rectangle_java2.jpg,905996122,68,873.5994117647059,671.6564705882353,826.5,658,52,20,rect1,5,class->block->function->block->block_content->decl_stmt->decl->name
2,72,rectangle_java2.jpg,rectangle_java2.jpg,905996122,68,873.5994117647059,671.6564705882353,883.5,658,15,20,=,1,class->block->function->block->block_content->decl_stmt->decl->init
2,72,rectangle_java2.jpg,rectangle_java2.jpg,906132093,80,992.825,652.5985000000001,941.5,658,91,20,Rectangle,9,class->block->function->block->block_content->decl_stmt->decl->init->expr->call->name
2,72,rectangle_java2.jpg,rectangle_java2.jpg,906287974,152,989.9376315789474,675.2507894736842,941.5,658,91,20,Rectangle,9,class->block->function->block->block_content->decl_stmt->decl->init->expr->call->name
2,72,rectangle_java2.jpg,rectangle_java2.jpg,906359971,68,990.0370588235294,689.0958823529412,932.5,694,100,21,rect1.area,10,class->block->function->block->block_content->expr_stmt->expr->call->argument_list->argument->expr->call->name->name->operator->name
2,72,rectangle_java2.jpg,rectangle_java2.jpg,906435992,72,998.9705555555555,667.6994444444445,941.5,658,91,20,Rectangle,9,class->block->function->block->block_content->decl_stmt->decl->init->expr->call->name
2,72,rectangle_java2.jpg,rectangle_java2.jpg,907139937,72,865.265,677.1244444444444,826.5,658,52,20,rect1,5,class->block->function->block->block_content->decl_stmt->decl->name
2,72,rectangle_java2.jpg,rectangle_java2.jpg,907223959,60,916.0966666666667,667.732,902.5,658,34,20,new,3,class->block->function->block->block_content->decl_stmt->decl->init->expr->operator
2,72,rectangle_java2.jpg,rectangle_java2.jpg,907391968,116,902.0020689655172,695.8031034482759,730.5,694,177,21,System.out.println,18,class->block->function->block->block_content->expr_stmt->expr->call->name->name->operator->name->operator->name
2,72,rectangle_java2.jpg,rectangle_java2.jpg,907515934,72,849.8616666666667,692.3333333333334,730.5,694,177,21,System.out.println,18,class->block->function->block->block_content->expr_stmt->expr->call->name->name->operator->name->operator->name
2,72,rectangle_java2.jpg,rectangle_java2.jpg,907647913,68,828.9952941176471,666.0417647058823,826.5,658,52,20,rect1,5,class->block->function->block->block_content->decl_stmt->decl->name
2,72,rectangle_java2.jpg,rectangle_java2.jpg,907791949,88,932.8272727272728,689.18,932.5,694,100,21,rect1.area,10,class->block->function->block->block_content->expr_stmt->expr->call->argument_list->argument->expr->call->name->name->operator->name
2,72,rectangle_java2.jpg,rectangle_java2.jpg,908031771,88,1051.2363636363636,712.7454545454545,1057.5,694,10,21,),1,class->block->function->block->block_content->expr_stmt->expr->call->argument_list->argument->expr->call->argument_list
2,72,rectangle_java2.jpg,rectangle_java2.jpg,908191720,124,1047.939677419355,693.7161290322581,1041.5,694,9,21,(,1,class->block->function->block->block_content->expr_stmt->expr->call->argument_list->argument->expr->call->argument_list
2,72,rectangle_java2.jpg,rectangle_java2.jpg,908191720,124,1047.939677419355,693.7161290322581,1057.5,694,10,21,),1,class->block->function->block->block_content->expr_stmt->expr->call->argument_list->argument->expr->call->argument_list
2,72,rectangle_java2.jpg,rectangle_java2.jpg,908335819,92,1101.1739130434783,685.6534782608695,1096.5,694,10,21,;,1,class->block->function->block->block_content->expr_stmt
2,72,rectangle_java2.jpg,rectangle_java2.jpg,908415835,76,1104.3384210526315,703.6436842105263,1096.5,694,10,21,;,1,class->block->function->block->block_content->expr_stmt
2,72,rectangle_java2.jpg,rectangle_java2.jpg,908851850,56,1212.0492857142858,677.3985714285715,1211.5,658,9,20,),1,class->block->function->block->block_content->decl_stmt->decl->init->expr->call->argument_list
2,72,rectangle_java2.jpg,rectangle_java2.jpg,909635873,96,948.9083333333333,690.41375,932.5,694,100,21,rect1.area,10,class->block->function->block->block_content->expr_stmt->expr->call->argument_list->argument->expr->call->name->name->operator->name
2,72,rectangle_java2.jpg,rectangle_java2.jpg,909883559,116,892.3103448275862,698.2662068965517,730.5,694,177,21,System.out.println,18,class->block->function->block->block_content->expr_stmt->expr->call->name->name->operator->name->operator->name
2,72,rectangle_java2.jpg,rectangle_java2.jpg,910179771,108,1043.052962962963,592.6040740740741,977.5,585,101,21,this.width,10,class->block->function->block->block_content->return->expr->call->name->name->operator->name
2,72,rectangle_java2.jpg,rectangle_java2.jpg,910311837,92,1047.5778260869565,600.4321739130435,977.5,585,101,21,this.width,10,class->block->function->block->block_content->return->expr->call->name->name->operator->name
2,72,rectangle_java2.jpg,rectangle_java2.jpg,910987713,96,1145.3658333333333,556.0229166666667,1142.5,549,10,21,;,1,class->block->function->block->block_content->return
2,72,rectangle_java2.jpg,rectangle_java2.jpg,911067723,76,1139.248947368421,576.3452631578947,1140.5,585,110,21,this.height,11,class->block->function->block->block_content->return->expr->call->name->name->operator->name
2,72,rectangle_java2.jpg,rectangle_java2.jpg,911899575,76,856.34,620.3926315789473,851.5,621,44,21,main,4,class->block->function->name
2,72,rectangle_java2.jpg,rectangle_java2.jpg,912043594,56,861.2135714285714,605.9085714285715,856.5,585,9,21,(,1,class->block->function->parameter_list
2,72,rectangle_java2.jpg,rectangle_java2.jpg,912043594,56,861.2135714285714,605.9085714285715,873.5,585,9,21,),1,class->block->function->parameter_list
2,72,rectangle_java2.jpg,rectangle_java2.jpg,912439591,68,917.4817647058824,555.7176470588236,900.5,549,63,21,return,6,class->block->function->block->block_content->return
2,72,rectangle_java2.jpg,rectangle_java2.jpg,912583588,56,874.0178571428571,566.065,883.5,549,10,21,{,1,class->block->function->block
2,72,rectangle_java2.jpg,rectangle_java2.jpg,912671591,64,873.919375,560.45625,883.5,549,10,21,{,1,class->block->function->block
2,72,rectangle_java2.jpg,rectangle_java2.jpg,912827603,88,1063.4031818181818,541.6122727272727,1064.5,549,71,21,this.y1,7,class->block->function->block->block_content->return->expr->name->name->operator->name
2,72,rectangle_java2.jpg,rectangle_java2.jpg,912975613,76,1067.1094736842106,555.3131578947368,1064.5,549,71,21,this.y1,7,class->block->function->block->block_content->return->expr->name->name->operator->name
2,72,rectangle_java2.jpg,rectangle_java2.jpg,913271608,64,1091.860625,539.84125,1064.5,549,71,21,this.y1,7,class->block->function->block->block_content->return->expr->name->name->operator->name
2,72,rectangle_java2.jpg,rectangle_java2.jpg,913383616,108,1087.9196296296295,526.5425925925925,1054.5,512,71,21,this.x1,7,class->block->function->block->block_content->return->expr->name->name->operator->name
2,72,rectangle_java2.jpg,rectangle_java2.jpg,913539583,56,1125.3064285714286,549.7871428571428,1064.5,549,71,21,this.y1,7,class->block->function->block->block_content->return->expr->name->name->operator->name
2,72,rectangle_java2.jpg,rectangle_java2.jpg,914235469,108,1024.0211111111112,609.5092592592592,1025.5,621,42,21,args,4,class->block->function->parameter_list->parameter->decl->name
2,72,rectangle_java2.jpg,rectangle_java2.jpg,914299470,60,1028.982,617.5926666666667,1025.5,621,42,21,args,4,class->block->function->parameter_list->parameter->decl->name
2,72,rectangle_java2.jpg,rectangle_java2.jpg,914463478,56,1053.9292857142857,609.6842857142857,1025.5,621,42,21,args,4,class->block->function->parameter_list->parameter->decl->name
2,72,rectangle_java2.jpg,rectangle_java2.jpg,914619494,152,1055.822105263158,626.1897368421053,1025.5,621,42,21,args,4,class->block->function->parameter_list->parameter->decl->name
2,72,rectangle_java2.jpg,rectangle_java2.jpg,914815459,72,1095.9733333333334,627.3050000000001,1094.5,621,10,21,{,1,class->block->function->block
2,72,rectangle_java2.jpg,rectangle_java2.jpg,915131481,148,908.5391891891892,612.9432432432433,904.5,621,9,21,(,1,class->block->function->parameter_list
2,72,rectangle_java2.jpg,rectangle_java2.jpg,915131481,148,908.5391891891892,612.9432432432433,920.5,621,62,21,String,6,class->block->function->parameter_list->parameter->decl->type->name->name
2,72,rectangle_java2.jpg,rectangle_java2.jpg,915263519,76,919.41,611.2705263157894,920.5,621,62,21,String,6,class->block->function->parameter_list->parameter->decl->type->name->name
2,72,rectangle_java2.jpg,rectangle_java2.jpg,915927334,60,1058.764,594.02,977.5,585,101,21,this.width,10,class->block->function->block->block_content->return->expr->call->name->name->operator->name
2,72,rectangle_java2.jpg,rectangle_java2.jpg,916047342,92,1141.8060869565218,605.6408695652174,1140.5,585,110,21,this.height,11,class->block->function->block->block_content->return->expr->call->name->name->operator->name
2,72,rectangle_java2.jpg,rectangle_java2.jpg,916435282,68,963.4294117647058,543.6694117647058,900.5,549,63,21,return,6,class->block->function->block->block_content->return
2,72,rectangle_java2.jpg,rectangle_java2.jpg,916435282,68,963.4294117647058,543.6694117647058,968.5,549,70,21,this.y2,7,class->block->function->block->block_content->return->expr->name->name->operator->name
2,72,rectangle_java2.jpg,rectangle_java2.jpg,916519310,80,951.8445,549.6795,900.5,549,63,21,return,6,class->block->function->block->block_content->return
2,72,rectangle_java2.jpg,rectangle_java2.jpg,916867408,96,952.34625,537.6991666666667,900.5,549,63,21,return,6,class->block->function->block->block_content->return
2,72,rectangle_java2.jpg,rectangle_java2.jpg,917555089,84,727.1004761904762,347.0080952380952,730.5,331,71,19,this.x1,7,class->block->constructor->block->block_content->expr_stmt->expr->name->name->operator->name
