trial,participant,code_file,code_language,timestamp,duration,x_cord,y_cord,aoi_x,aoi_y,aoi_width,aoi_height,token,length,srcML
2,166,rectangle_java2.jpg,rectangle_java2.jpg,2571229584,84,697.9490476190476,221.68809523809523,657.5,222,52,21,class,5,class
2,166,rectangle_java2.jpg,rectangle_java2.jpg,2571297566,64,704.430625,229.19375000000002,657.5,222,52,21,class,5,class
2,166,rectangle_java2.jpg,rectangle_java2.jpg,2571297566,64,704.430625,229.19375000000002,715.5,222,90,21,Rectangle,9,class->name
2,166,rectangle_java2.jpg,rectangle_java2.jpg,2571621538,108,648.3066666666666,221.72555555555556,589.5,222,63,21,public,6,class->specifier
2,166,rectangle_java2.jpg,rectangle_java2.jpg,2571621538,108,648.3066666666666,221.72555555555556,657.5,222,52,21,class,5,class
2,166,rectangle_java2.jpg,rectangle_java2.jpg,2571953583,100,714.388,241.7976,715.5,222,90,21,Rectangle,9,class->name
2,166,rectangle_java2.jpg,rectangle_java2.jpg,2572077607,120,711.578,228.52266666666662,715.5,222,90,21,Rectangle,9,class->name
2,166,rectangle_java2.jpg,rectangle_java2.jpg,2572177526,96,722.4725,228.6170833333333,715.5,222,90,21,Rectangle,9,class->name
2,166,rectangle_java2.jpg,rectangle_java2.jpg,2572745453,68,720.2682352941176,238.92764705882354,715.5,222,90,21,Rectangle,9,class->name
2,166,rectangle_java2.jpg,rectangle_java2.jpg,2572821437,72,717.0277777777778,241.0966666666667,715.5,222,90,21,Rectangle,9,class->name
2,166,rectangle_java2.jpg,rectangle_java2.jpg,2573217420,92,795.2734782608695,247.1865217391304,785.5,259,23,21,x1,2,class->block->decl_stmt->decl->name
2,166,rectangle_java2.jpg,rectangle_java2.jpg,2573281435,60,792.7553333333334,226.48000000000002,715.5,222,90,21,Rectangle,9,class->name
2,166,rectangle_java2.jpg,rectangle_java2.jpg,2573785453,72,704.2533333333333,219.63944444444445,657.5,222,52,21,class,5,class
2,166,rectangle_java2.jpg,rectangle_java2.jpg,2573785453,72,704.2533333333333,219.63944444444445,715.5,222,90,21,Rectangle,9,class->name
2,166,rectangle_java2.jpg,rectangle_java2.jpg,2573849347,60,699.1273333333334,236.83466666666664,657.5,222,52,21,class,5,class
2,166,rectangle_java2.jpg,rectangle_java2.jpg,2574025226,60,673.5753333333333,240.2593333333333,657.5,222,52,21,class,5,class
2,166,rectangle_java2.jpg,rectangle_java2.jpg,2574265293,56,731.5785714285714,256.105,669.5,259,72,21,private,7,class->block->decl_stmt->decl->type->specifier
2,166,rectangle_java2.jpg,rectangle_java2.jpg,2574517310,64,817.378125,255.60812499999997,815.5,259,10,21,",",1,class->block->decl_stmt
2,166,rectangle_java2.jpg,rectangle_java2.jpg,2574653306,68,771.7176470588236,266.59588235294115,747.5,259,33,21,int,3,class->block->decl_stmt->decl->type->name
2,166,rectangle_java2.jpg,rectangle_java2.jpg,2574713292,56,760.4464285714286,269.00928571428574,747.5,259,33,21,int,3,class->block->decl_stmt->decl->type->name
2,166,rectangle_java2.jpg,rectangle_java2.jpg,2575757225,108,724.8199999999999,301.917037037037,669.5,295,63,21,public,6,class->block->constructor->specifier
2,166,rectangle_java2.jpg,rectangle_java2.jpg,2575849257,64,720.914375,258.986875,669.5,259,72,21,private,7,class->block->decl_stmt->decl->type->specifier
2,166,rectangle_java2.jpg,rectangle_java2.jpg,2576317322,72,755.3483333333334,324.6144444444444,730.5,331,71,19,this.x1,7,class->block->constructor->block->block_content->expr_stmt->expr->name->name->operator->name
2,166,rectangle_java2.jpg,rectangle_java2.jpg,2577109037,56,718.8707142857143,381.31714285714287,730.5,367,71,21,this.y1,7,class->block->constructor->block->block_content->expr_stmt->expr->name->name->operator->name
2,166,rectangle_java2.jpg,rectangle_java2.jpg,2577173041,60,724.1886666666667,374.728,730.5,367,71,21,this.y1,7,class->block->constructor->block->block_content->expr_stmt->expr->name->name->operator->name
2,166,rectangle_java2.jpg,rectangle_java2.jpg,2577329051,152,732.645,384.8313157894737,730.5,367,71,21,this.y1,7,class->block->constructor->block->block_content->expr_stmt->expr->name->name->operator->name
2,166,rectangle_java2.jpg,rectangle_java2.jpg,2578093000,60,757.7133333333334,364.75666666666666,730.5,367,71,21,this.y1,7,class->block->constructor->block->block_content->expr_stmt->expr->name->name->operator->name
2,166,rectangle_java2.jpg,rectangle_java2.jpg,2578172850,76,756.4842105263158,371.9373684210526,730.5,367,71,21,this.y1,7,class->block->constructor->block->block_content->expr_stmt->expr->name->name->operator->name
2,166,rectangle_java2.jpg,rectangle_java2.jpg,2578484719,80,793.632,341.8685,730.5,331,71,19,this.x1,7,class->block->constructor->block->block_content->expr_stmt->expr->name->name->operator->name
2,166,rectangle_java2.jpg,rectangle_java2.jpg,2579212902,60,676.672,474.64200000000005,672.5,478,10,18,},1,class->block->constructor->block
2,166,rectangle_java2.jpg,rectangle_java2.jpg,2579344897,72,674.0166666666667,468.4627777777778,672.5,478,10,18,},1,class->block->constructor->block
2,166,rectangle_java2.jpg,rectangle_java2.jpg,2581788563,92,1035.286956521739,523.8786956521739,1035.5,512,13,21,-,1,class->block->function->block->block_content->return->expr->name->name
2,166,rectangle_java2.jpg,rectangle_java2.jpg,2582508662,64,671.30625,488.82062500000006,672.5,478,10,18,},1,class->block->constructor->block
2,166,rectangle_java2.jpg,rectangle_java2.jpg,2582728667,76,667.1031578947368,470.2142105263158,672.5,478,10,18,},1,class->block->constructor->block
2,166,rectangle_java2.jpg,rectangle_java2.jpg,2583012518,56,1031.045,527.7214285714285,1035.5,512,13,21,-,1,class->block->function->block->block_content->return->expr->name->name
2,166,rectangle_java2.jpg,rectangle_java2.jpg,2583200344,92,1041.6969565217391,525.4126086956521,1035.5,512,13,21,-,1,class->block->function->block->block_content->return->expr->name->name
2,166,rectangle_java2.jpg,rectangle_java2.jpg,2583264358,60,1042.4426666666668,524.602,1035.5,512,13,21,-,1,class->block->function->block->block_content->return->expr->name->name
2,166,rectangle_java2.jpg,rectangle_java2.jpg,2583264358,60,1042.4426666666668,524.602,1054.5,512,71,21,this.x1,7,class->block->function->block->block_content->return->expr->name->name->operator->name
2,166,rectangle_java2.jpg,rectangle_java2.jpg,2584744292,84,963.8447619047619,505.1395238095238,958.5,512,71,21,this.x2,7,class->block->function->block->block_content->return->expr->name->name->operator->name->operator
2,166,rectangle_java2.jpg,rectangle_java2.jpg,2584988427,92,857.4147826086956,529.5465217391304,854.5,512,9,21,),1,class->block->function->parameter_list
2,166,rectangle_java2.jpg,rectangle_java2.jpg,2586412289,68,735.6882352941176,226.93058823529412,715.5,222,90,21,Rectangle,9,class->name
2,166,rectangle_java2.jpg,rectangle_java2.jpg,2586504288,88,736.0781818181819,215.6481818181818,715.5,222,90,21,Rectangle,9,class->name
2,166,rectangle_java2.jpg,rectangle_java2.jpg,2586588289,80,737.8534999999999,222.8485,715.5,222,90,21,Rectangle,9,class->name
2,166,rectangle_java2.jpg,rectangle_java2.jpg,2586908269,92,661.3004347826087,523.4513043478261,669.5,512,63,21,public,6,class->block->function->type->specifier
2,166,rectangle_java2.jpg,rectangle_java2.jpg,2587076257,68,721.6335294117647,523.2329411764706,669.5,512,63,21,public,6,class->block->function->type->specifier
2,166,rectangle_java2.jpg,rectangle_java2.jpg,2587136267,56,740.3678571428571,503.9214285714286,737.5,512,33,21,int,3,class->block->function->type->name
2,166,rectangle_java2.jpg,rectangle_java2.jpg,2587788180,60,924.632,502.76199999999994,891.5,512,62,21,return,6,class->block->function->block->block_content->return->expr->name->name
2,166,rectangle_java2.jpg,rectangle_java2.jpg,2589599984,60,1097.8633333333335,525.3466666666667,1054.5,512,71,21,this.x1,7,class->block->function->block->block_content->return->expr->name->name->operator->name
2,166,rectangle_java2.jpg,rectangle_java2.jpg,2589931990,80,785.3015,275.389,785.5,259,23,21,x1,2,class->block->decl_stmt->decl->name
2,166,rectangle_java2.jpg,rectangle_java2.jpg,2590031998,64,718.8050000000001,291.178125,669.5,295,63,21,public,6,class->block->constructor->specifier
2,166,rectangle_java2.jpg,rectangle_java2.jpg,2590155993,64,715.823125,273.513125,669.5,259,72,21,private,7,class->block->decl_stmt->decl->type->specifier
2,166,rectangle_java2.jpg,rectangle_java2.jpg,2590388008,56,726.1571428571428,328.45214285714286,730.5,331,71,19,this.x1,7,class->block->constructor->block->block_content->expr_stmt->expr->name->name->operator->name
2,166,rectangle_java2.jpg,rectangle_java2.jpg,2590472064,80,724.3355,331.1115,730.5,331,71,19,this.x1,7,class->block->constructor->block->block_content->expr_stmt->expr->name->name->operator->name
2,166,rectangle_java2.jpg,rectangle_java2.jpg,2590592118,64,723.61375,327.50625,730.5,331,71,19,this.x1,7,class->block->constructor->block->block_content->expr_stmt->expr->name->name->operator->name
2,166,rectangle_java2.jpg,rectangle_java2.jpg,2590752107,56,767.0728571428572,253.84714285714284,747.5,259,33,21,int,3,class->block->decl_stmt->decl->type->name
2,166,rectangle_java2.jpg,rectangle_java2.jpg,2591031793,64,1081.48125,516.7893750000001,1054.5,512,71,21,this.x1,7,class->block->function->block->block_content->return->expr->name->name->operator->name
2,166,rectangle_java2.jpg,rectangle_java2.jpg,2591391892,72,731.9111111111112,514.1372222222222,669.5,512,63,21,public,6,class->block->function->type->specifier
2,166,rectangle_java2.jpg,rectangle_java2.jpg,2591391892,72,731.9111111111112,514.1372222222222,737.5,512,33,21,int,3,class->block->function->type->name
2,166,rectangle_java2.jpg,rectangle_java2.jpg,2592763764,60,958.29,568.6886666666667,900.5,549,63,21,return,6,class->block->function->block->block_content->return
2,166,rectangle_java2.jpg,rectangle_java2.jpg,2592763764,60,958.29,568.6886666666667,968.5,549,70,21,this.y2,7,class->block->function->block->block_content->return->expr->name->name->operator->name
2,166,rectangle_java2.jpg,rectangle_java2.jpg,2592863580,96,949.9141666666667,576.25875,910.5,585,62,21,return,6,class->block->function->block->block_content->return
2,166,rectangle_java2.jpg,rectangle_java2.jpg,2593215596,72,812.4927777777777,241.38944444444445,813.5,222,10,21,{,1,class->block
2,166,rectangle_java2.jpg,rectangle_java2.jpg,2593375753,156,813.6451282051282,233.7,813.5,222,10,21,{,1,class->block
2,166,rectangle_java2.jpg,rectangle_java2.jpg,2594675613,100,1076.116,576.1916,977.5,585,101,21,this.width,10,class->block->function->block->block_content->return->expr->call->name->name->operator->name
2,166,rectangle_java2.jpg,rectangle_java2.jpg,2594675613,100,1076.116,576.1916,1086.5,585,10,21,(,1,class->block->function->block->block_content->return->expr->call->argument_list
2,166,rectangle_java2.jpg,rectangle_java2.jpg,2595835424,64,916.819375,578.6274999999999,910.5,585,62,21,return,6,class->block->function->block->block_content->return
2,166,rectangle_java2.jpg,rectangle_java2.jpg,2597959360,124,774.5203225806451,551.065806451613,775.5,549,62,21,height,6,class->block->function->name
2,166,rectangle_java2.jpg,rectangle_java2.jpg,2598235322,72,668.9338888888889,525.4211111111111,669.5,512,63,21,public,6,class->block->function->type->specifier
2,166,rectangle_java2.jpg,rectangle_java2.jpg,2600515000,60,1103.0733333333333,541.296,1064.5,549,71,21,this.y1,7,class->block->function->block->block_content->return->expr->name->name->operator->name
2,166,rectangle_java2.jpg,rectangle_java2.jpg,2600599019,80,1093.7375,545.952,1064.5,549,71,21,this.y1,7,class->block->function->block->block_content->return->expr->name->name->operator->name
2,166,rectangle_java2.jpg,rectangle_java2.jpg,2600699035,96,1096.7708333333333,546.5916666666667,1064.5,549,71,21,this.y1,7,class->block->function->block->block_content->return->expr->name->name->operator->name
2,166,rectangle_java2.jpg,rectangle_java2.jpg,2600786947,84,1098.634761904762,548.8404761904762,1064.5,549,71,21,this.y1,7,class->block->function->block->block_content->return->expr->name->name->operator->name
2,166,rectangle_java2.jpg,rectangle_java2.jpg,2601970789,76,1098.3057894736842,569.9131578947369,1064.5,549,71,21,this.y1,7,class->block->function->block->block_content->return->expr->name->name->operator->name
2,166,rectangle_java2.jpg,rectangle_java2.jpg,2602094922,120,1105.657,577.903,1103.5,585,9,21,),1,class->block->function->block->block_content->return->expr->call->argument_list
2,166,rectangle_java2.jpg,rectangle_java2.jpg,2602966998,56,1156.2064285714287,546.0057142857142,1161.5,549,10,21,},1,class->block->function->block
2,166,rectangle_java2.jpg,rectangle_java2.jpg,2603582766,96,1139.8458333333333,527.8554166666667,1132.5,512,10,21,;,1,class->block->function->block
2,166,rectangle_java2.jpg,rectangle_java2.jpg,2603662831,76,1132.5994736842106,523.6121052631579,1132.5,512,10,21,;,1,class->block->function->block
2,166,rectangle_java2.jpg,rectangle_java2.jpg,2604082778,60,671.2173333333333,550.6046666666666,669.5,549,63,21,public,6,class->block->function->type->specifier
2,166,rectangle_java2.jpg,rectangle_java2.jpg,2604534843,64,705.745625,569.598125,669.5,549,63,21,public,6,class->block->function->type->specifier
2,166,rectangle_java2.jpg,rectangle_java2.jpg,2604718854,72,825.7333333333333,599.4794444444444,804.5,585,43,21,area,4,class->block->function->name
2,166,rectangle_java2.jpg,rectangle_java2.jpg,2604890722,64,968.72125,585.08375,910.5,585,62,21,return,6,class->block->function->block->block_content->return
2,166,rectangle_java2.jpg,rectangle_java2.jpg,2604890722,64,968.72125,585.08375,977.5,585,101,21,this.width,10,class->block->function->block->block_content->return->expr->call->name->name->operator->name
2,166,rectangle_java2.jpg,rectangle_java2.jpg,2605022519,80,968.486,592.7705,910.5,585,62,21,return,6,class->block->function->block->block_content->return
2,166,rectangle_java2.jpg,rectangle_java2.jpg,2605022519,80,968.486,592.7705,977.5,585,101,21,this.width,10,class->block->function->block->block_content->return->expr->call->name->name->operator->name
2,166,rectangle_java2.jpg,rectangle_java2.jpg,2605094545,68,969.1135294117647,590.3805882352941,910.5,585,62,21,return,6,class->block->function->block->block_content->return
2,166,rectangle_java2.jpg,rectangle_java2.jpg,2605094545,68,969.1135294117647,590.3805882352941,977.5,585,101,21,this.width,10,class->block->function->block->block_content->return->expr->call->name->name->operator->name
2,166,rectangle_java2.jpg,rectangle_java2.jpg,2605218696,120,955.6256666666667,603.193,910.5,585,62,21,return,6,class->block->function->block->block_content->return
2,166,rectangle_java2.jpg,rectangle_java2.jpg,2605658676,76,1131.2615789473684,599.8705263157894,1122.5,585,12,21,*,1,class->block->function->block->block_content->return->expr->operator
2,166,rectangle_java2.jpg,rectangle_java2.jpg,2605658676,76,1131.2615789473684,599.8705263157894,1140.5,585,110,21,this.height,11,class->block->function->block->block_content->return->expr->call->name->name->operator->name
2,166,rectangle_java2.jpg,rectangle_java2.jpg,2605738665,76,1134.4836842105262,603.1252631578948,1122.5,585,12,21,*,1,class->block->function->block->block_content->return->expr->operator
2,166,rectangle_java2.jpg,rectangle_java2.jpg,2605738665,76,1134.4836842105262,603.1252631578948,1140.5,585,110,21,this.height,11,class->block->function->block->block_content->return->expr->call->name->name->operator->name
2,166,rectangle_java2.jpg,rectangle_java2.jpg,2607134391,56,759.96,548.395,737.5,549,33,21,int,3,class->block->function->type->name
2,166,rectangle_java2.jpg,rectangle_java2.jpg,2609050381,64,709.34625,608.610625,669.5,621,63,21,public,6,class->block->function->type->specifier
2,166,rectangle_java2.jpg,rectangle_java2.jpg,2609158321,104,714.4446153846154,615.7942307692308,669.5,621,63,21,public,6,class->block->function->type->specifier
2,166,rectangle_java2.jpg,rectangle_java2.jpg,2609270080,76,791.7205263157895,622.3199999999999,738.5,621,61,21,static,6,class->block->function->type->specifier
2,166,rectangle_java2.jpg,rectangle_java2.jpg,2609438291,112,802.2846428571429,604.4835714285714,804.5,585,43,21,area,4,class->block->function->name
2,166,rectangle_java2.jpg,rectangle_java2.jpg,2609578304,84,890.8957142857142,640.82,851.5,621,44,21,main,4,class->block->function->name
2,166,rectangle_java2.jpg,rectangle_java2.jpg,2609662220,80,894.205,638.8355,851.5,621,44,21,main,4,class->block->function->name
2,166,rectangle_java2.jpg,rectangle_java2.jpg,2609662220,80,894.205,638.8355,904.5,621,9,21,(,1,class->block->function->parameter_list
2,166,rectangle_java2.jpg,rectangle_java2.jpg,2609874274,56,1005.085,651.485,941.5,658,91,20,Rectangle,9,class->block->function->block->block_content->decl_stmt->decl->init->expr->call->name
2,166,rectangle_java2.jpg,rectangle_java2.jpg,2614701845,84,743.1133333333333,718.5542857142857,730.5,731,91,20,Rectangle,9,class->block->function->block->block_content->decl_stmt->decl->type->name
2,166,rectangle_java2.jpg,rectangle_java2.jpg,2614909855,132,812.2845454545454,711.3418181818182,730.5,694,177,21,System.out.println,18,class->block->function->block->block_content->expr_stmt->expr->call->name->name->operator->name->operator->name
2,166,rectangle_java2.jpg,rectangle_java2.jpg,2615005954,92,815.2947826086956,729.5008695652174,730.5,731,91,20,Rectangle,9,class->block->function->block->block_content->decl_stmt->decl->type->name
2,166,rectangle_java2.jpg,rectangle_java2.jpg,2615005954,92,815.2947826086956,729.5008695652174,826.5,731,51,20,rect2,5,class->block->function->block->block_content->decl_stmt->decl->name
2,166,rectangle_java2.jpg,rectangle_java2.jpg,2615337872,300,851.7512,721.658,826.5,731,51,20,rect2,5,class->block->function->block->block_content->decl_stmt->decl->name
2,166,rectangle_java2.jpg,rectangle_java2.jpg,2615413840,72,850.8733333333333,709.0766666666667,730.5,694,177,21,System.out.println,18,class->block->function->block->block_content->expr_stmt->expr->call->name->name->operator->name->operator->name
2,166,rectangle_java2.jpg,rectangle_java2.jpg,2615513842,56,979.23,721.4485714285714,941.5,731,91,20,Rectangle,9,class->block->function->block->block_content->decl_stmt->decl->init->expr->call->name
2,166,rectangle_java2.jpg,rectangle_java2.jpg,2615589861,72,981.77,713.6416666666667,932.5,694,100,21,rect1.area,10,class->block->function->block->block_content->expr_stmt->expr->call->argument_list->argument->expr->call->name->name->operator->name
2,166,rectangle_java2.jpg,rectangle_java2.jpg,2616389779,68,959.9376470588235,728.8111764705883,941.5,731,91,20,Rectangle,9,class->block->function->block->block_content->decl_stmt->decl->init->expr->call->name
2,166,rectangle_java2.jpg,rectangle_java2.jpg,2616765774,56,954.0207142857143,735.2571428571429,941.5,731,91,20,Rectangle,9,class->block->function->block->block_content->decl_stmt->decl->init->expr->call->name
2,166,rectangle_java2.jpg,rectangle_java2.jpg,2617365802,116,987.4965517241379,714.7006896551724,932.5,694,100,21,rect1.area,10,class->block->function->block->block_content->expr_stmt->expr->call->argument_list->argument->expr->call->name->name->operator->name
2,166,rectangle_java2.jpg,rectangle_java2.jpg,2617465773,96,986.3933333333333,727.7108333333333,941.5,731,91,20,Rectangle,9,class->block->function->block->block_content->decl_stmt->decl->init->expr->call->name
2,166,rectangle_java2.jpg,rectangle_java2.jpg,2617685633,56,1070.2171428571428,730.9192857142857,1057.5,731,13,20,5,1,class->block->function->block->block_content->decl_stmt->decl->init->expr->call->argument_list->argument->expr->literal
2,166,rectangle_java2.jpg,rectangle_java2.jpg,2617685633,56,1070.2171428571428,730.9192857142857,1077.5,731,9,20,",",1,class->block->function->block->block_content->decl_stmt->decl->init->expr->call->argument_list
2,166,rectangle_java2.jpg,rectangle_java2.jpg,2618661672,92,1149.2882608695652,666.064347826087,1134.5,658,22,20,10,2,class->block->function->block->block_content->decl_stmt->decl->init->expr->call->argument_list->argument->expr->literal
2,166,rectangle_java2.jpg,rectangle_java2.jpg,2618725671,60,1156.0646666666667,651.0086666666667,1134.5,658,22,20,10,2,class->block->function->block->block_content->decl_stmt->decl->init->expr->call->argument_list->argument->expr->literal
2,166,rectangle_java2.jpg,rectangle_java2.jpg,2618725671,60,1156.0646666666667,651.0086666666667,1163.5,658,10,20,",",1,class->block->function->block->block_content->decl_stmt->decl->init->expr->call->argument_list
2,166,rectangle_java2.jpg,rectangle_java2.jpg,2618785631,56,1162.6742857142858,667.415,1163.5,658,10,20,",",1,class->block->function->block->block_content->decl_stmt->decl->init->expr->call->argument_list
2,166,rectangle_java2.jpg,rectangle_java2.jpg,2619393509,56,790.5521428571428,695.8828571428571,730.5,694,177,21,System.out.println,18,class->block->function->block->block_content->expr_stmt->expr->call->name->name->operator->name->operator->name
2,166,rectangle_java2.jpg,rectangle_java2.jpg,2619453546,56,780.5621428571428,697.9571428571428,730.5,694,177,21,System.out.println,18,class->block->function->block->block_content->expr_stmt->expr->call->name->name->operator->name->operator->name
2,166,rectangle_java2.jpg,rectangle_java2.jpg,2619521538,64,782.761875,699.300625,730.5,694,177,21,System.out.println,18,class->block->function->block->block_content->expr_stmt->expr->call->name->name->operator->name->operator->name
2,166,rectangle_java2.jpg,rectangle_java2.jpg,2619633534,68,776.34,707.8158823529411,730.5,694,177,21,System.out.println,18,class->block->function->block->block_content->expr_stmt->expr->call->name->name->operator->name->operator->name
2,166,rectangle_java2.jpg,rectangle_java2.jpg,2619993526,60,1001.9399999999999,700.394,932.5,694,100,21,rect1.area,10,class->block->function->block->block_content->expr_stmt->expr->call->argument_list->argument->expr->call->name->name->operator->name
2,166,rectangle_java2.jpg,rectangle_java2.jpg,2620473266,56,1067.2414285714285,697.5935714285714,1057.5,694,10,21,),1,class->block->function->block->block_content->expr_stmt->expr->call->argument_list->argument->expr->call->argument_list
2,166,rectangle_java2.jpg,rectangle_java2.jpg,2620473266,56,1067.2414285714285,697.5935714285714,1077.5,694,9,21,),1,class->block->function->block->block_content->expr_stmt->expr->call->argument_list
2,166,rectangle_java2.jpg,rectangle_java2.jpg,2620701252,72,1069.0133333333333,702.2422222222223,1077.5,694,9,21,),1,class->block->function->block->block_content->expr_stmt->expr->call->argument_list
2,166,rectangle_java2.jpg,rectangle_java2.jpg,2621041283,76,1187.0742105263157,673.7310526315789,1182.5,658,22,20,10,2,class->block->function->block->block_content->decl_stmt->decl->init->expr->call->argument_list->argument->expr->literal
2,166,rectangle_java2.jpg,rectangle_java2.jpg,2621253253,56,1188.6064285714285,663.385,1182.5,658,22,20,10,2,class->block->function->block->block_content->decl_stmt->decl->init->expr->call->argument_list->argument->expr->literal
2,166,rectangle_java2.jpg,rectangle_java2.jpg,2621989326,96,1218.61125,671.8554166666667,1211.5,658,9,20,),1,class->block->function->block->block_content->decl_stmt->decl->init->expr->call->argument_list
2,166,rectangle_java2.jpg,rectangle_java2.jpg,2623169248,112,756.3485714285714,307.9532142857143,737.5,295,91,21,Rectangle,9,class->block->constructor->name
2,166,rectangle_java2.jpg,rectangle_java2.jpg,2623413234,56,1127.3192857142858,668.0907142857143,1134.5,658,22,20,10,2,class->block->function->block->block_content->decl_stmt->decl->init->expr->call->argument_list->argument->expr->literal
2,166,rectangle_java2.jpg,rectangle_java2.jpg,2624176871,88,877.9581818181819,736.0527272727272,883.5,731,15,20,=,1,class->block->function->block->block_content->decl_stmt->decl->init
2,166,rectangle_java2.jpg,rectangle_java2.jpg,2624253101,72,879.6183333333333,726.5761111111111,883.5,731,15,20,=,1,class->block->function->block->block_content->decl_stmt->decl->init
2,166,rectangle_java2.jpg,rectangle_java2.jpg,2624369142,88,919.305909090909,690.7190909090909,916.5,694,9,21,(,1,class->block->function->block->block_content->expr_stmt->expr->call->argument_list
2,166,rectangle_java2.jpg,rectangle_java2.jpg,2624765123,196,1046.4271428571428,655.9304081632653,1041.5,658,9,20,(,1,class->block->function->block->block_content->decl_stmt->decl->init->expr->call->argument_list
2,166,rectangle_java2.jpg,rectangle_java2.jpg,2624765123,196,1046.4271428571428,655.9304081632653,1057.5,658,13,20,0,1,class->block->function->block->block_content->decl_stmt->decl->init->expr->call->argument_list->argument->expr->literal
2,166,rectangle_java2.jpg,rectangle_java2.jpg,2624941110,96,1008.5283333333333,561.94625,968.5,549,70,21,this.y2,7,class->block->function->block->block_content->return->expr->name->name->operator->name
2,166,rectangle_java2.jpg,rectangle_java2.jpg,2625025092,80,1008.522,562.402,968.5,549,70,21,this.y2,7,class->block->function->block->block_content->return->expr->name->name->operator->name
2,166,rectangle_java2.jpg,rectangle_java2.jpg,2625217032,80,1102.336,554.3305,1064.5,549,71,21,this.y1,7,class->block->function->block->block_content->return->expr->name->name->operator->name
2,166,rectangle_java2.jpg,rectangle_java2.jpg,2625293004,72,1102.5822222222223,564.3255555555555,1064.5,549,71,21,this.y1,7,class->block->function->block->block_content->return->expr->name->name->operator->name
2,166,rectangle_java2.jpg,rectangle_java2.jpg,2625392964,96,1116.1558333333332,558.9383333333334,1064.5,549,71,21,this.y1,7,class->block->function->block->block_content->return->expr->name->name->operator->name
2,166,rectangle_java2.jpg,rectangle_java2.jpg,2625464942,68,1118.9535294117647,555.8870588235294,1064.5,549,71,21,this.y1,7,class->block->function->block->block_content->return->expr->name->name->operator->name
2,166,rectangle_java2.jpg,rectangle_java2.jpg,2625640934,88,1080.9745454545455,632.9818181818182,1074.5,621,10,21,),1,class->block->function->parameter_list
2,166,rectangle_java2.jpg,rectangle_java2.jpg,2625704948,60,1076.3093333333334,619.8713333333334,1074.5,621,10,21,),1,class->block->function->parameter_list
2,166,rectangle_java2.jpg,rectangle_java2.jpg,2626068925,172,1020.7658139534884,612.77,1025.5,621,42,21,args,4,class->block->function->parameter_list->parameter->decl->name
2,166,rectangle_java2.jpg,rectangle_java2.jpg,2626248977,84,1202.6461904761904,602.6428571428571,1140.5,585,110,21,this.height,11,class->block->function->block->block_content->return->expr->call->name->name->operator->name
2,166,rectangle_java2.jpg,rectangle_java2.jpg,2626396861,64,959.77875,540.655625,900.5,549,63,21,return,6,class->block->function->block->block_content->return
2,166,rectangle_java2.jpg,rectangle_java2.jpg,2626396861,64,959.77875,540.655625,968.5,549,70,21,this.y2,7,class->block->function->block->block_content->return->expr->name->name->operator->name
2,166,rectangle_java2.jpg,rectangle_java2.jpg,2626556866,156,952.6182051282051,539.6382051282051,900.5,549,63,21,return,6,class->block->function->block->block_content->return
2,166,rectangle_java2.jpg,rectangle_java2.jpg,2626896749,244,1014.3470491803279,552.9288524590164,968.5,549,70,21,this.y2,7,class->block->function->block->block_content->return->expr->name->name->operator->name
2,166,rectangle_java2.jpg,rectangle_java2.jpg,2627020690,60,977.5666666666667,520.782,958.5,512,71,21,this.x2,7,class->block->function->block->block_content->return->expr->name->name->operator->name->operator
2,166,rectangle_java2.jpg,rectangle_java2.jpg,2627568784,68,757.6382352941176,339.82941176470587,730.5,331,71,19,this.x1,7,class->block->constructor->block->block_content->expr_stmt->expr->name->name->operator->name
2,166,rectangle_java2.jpg,rectangle_java2.jpg,2627688742,76,748.4410526315789,314.3984210526316,737.5,295,91,21,Rectangle,9,class->block->constructor->name
2,166,rectangle_java2.jpg,rectangle_java2.jpg,2628396616,64,936.448125,251.09249999999997,929.5,259,23,21,y2,2,class->block->decl_stmt->decl->name
2,166,rectangle_java2.jpg,rectangle_java2.jpg,2628672618,84,1146.3733333333332,664.177619047619,1134.5,658,22,20,10,2,class->block->function->block->block_content->decl_stmt->decl->init->expr->call->argument_list->argument->expr->literal
2,166,rectangle_java2.jpg,rectangle_java2.jpg,2628736640,60,1147.5733333333333,670.068,1134.5,658,22,20,10,2,class->block->function->block->block_content->decl_stmt->decl->init->expr->call->argument_list->argument->expr->literal
2,166,rectangle_java2.jpg,rectangle_java2.jpg,2629396705,164,863.0331707317073,265.1807317073171,863.5,259,10,21,",",1,class->block->decl_stmt
2,166,rectangle_java2.jpg,rectangle_java2.jpg,2630040554,64,1217.256875,663.46625,1211.5,658,9,20,),1,class->block->function->block->block_content->decl_stmt->decl->init->expr->call->argument_list
2,166,rectangle_java2.jpg,rectangle_java2.jpg,2630116544,72,1215.2194444444444,656.3261111111111,1211.5,658,9,20,),1,class->block->function->block->block_content->decl_stmt->decl->init->expr->call->argument_list
2,166,rectangle_java2.jpg,rectangle_java2.jpg,2630652488,168,1049.9485714285713,727.0519047619048,1041.5,731,9,20,(,1,class->block->function->block->block_content->decl_stmt->decl->init->expr->call->argument_list
2,166,rectangle_java2.jpg,rectangle_java2.jpg,2630652488,168,1049.9485714285713,727.0519047619048,1057.5,731,13,20,5,1,class->block->function->block->block_content->decl_stmt->decl->init->expr->call->argument_list->argument->expr->literal
2,166,rectangle_java2.jpg,rectangle_java2.jpg,2631036522,148,999.5151351351351,297.8167567567568,977.5,295,23,21,y1,2,class->block->constructor->parameter_list->parameter->decl->type->name
2,166,rectangle_java2.jpg,rectangle_java2.jpg,2631036522,148,999.5151351351351,297.8167567567568,1007.5,295,10,21,",",1,class->block->constructor->parameter_list
2,166,rectangle_java2.jpg,rectangle_java2.jpg,2634532308,84,1208.3123809523809,577.3795238095238,1140.5,585,110,21,this.height,11,class->block->function->block->block_content->return->expr->call->name->name->operator->name
2,166,rectangle_java2.jpg,rectangle_java2.jpg,2634600297,64,1208.52875,580.504375,1140.5,585,110,21,this.height,11,class->block->function->block->block_content->return->expr->call->name->name->operator->name
2,166,rectangle_java2.jpg,rectangle_java2.jpg,2634672271,68,1208.535294117647,595.1023529411765,1140.5,585,110,21,this.height,11,class->block->function->block->block_content->return->expr->call->name->name->operator->name
2,166,rectangle_java2.jpg,rectangle_java2.jpg,2635088142,164,1064.6356097560977,676.98,1057.5,658,13,20,0,1,class->block->function->block->block_content->decl_stmt->decl->init->expr->call->argument_list->argument->expr->literal
2,166,rectangle_java2.jpg,rectangle_java2.jpg,2636244344,64,1178.805,670.75875,1182.5,658,22,20,10,2,class->block->function->block->block_content->decl_stmt->decl->init->expr->call->argument_list->argument->expr->literal
2,166,rectangle_java2.jpg,rectangle_java2.jpg,2636792342,60,1134.8433333333332,738.7606666666667,1134.5,731,22,20,10,2,class->block->function->block->block_content->decl_stmt->decl->init->expr->call->argument_list->argument->expr->literal
2,166,rectangle_java2.jpg,rectangle_java2.jpg,2636972230,176,1129.2024999999999,747.3225,1134.5,731,22,20,10,2,class->block->function->block->block_content->decl_stmt->decl->init->expr->call->argument_list->argument->expr->literal
2,166,rectangle_java2.jpg,rectangle_java2.jpg,2637188101,64,1185.1443749999999,737.461875,1182.5,731,22,20,10,2,class->block->function->block->block_content->decl_stmt->decl->init->expr->call->argument_list->argument->expr->literal
2,166,rectangle_java2.jpg,rectangle_java2.jpg,2637384078,120,992.9246666666667,287.4083333333333,977.5,295,23,21,y1,2,class->block->constructor->parameter_list->parameter->decl->type->name
2,166,rectangle_java2.jpg,rectangle_java2.jpg,2637647955,188,768.4997872340425,286.6063829787234,737.5,295,91,21,Rectangle,9,class->block->constructor->name
2,166,rectangle_java2.jpg,rectangle_java2.jpg,2638055810,64,1166.3225,599.735625,1140.5,585,110,21,this.height,11,class->block->function->block->block_content->return->expr->call->name->name->operator->name
2,166,rectangle_java2.jpg,rectangle_java2.jpg,2638191866,64,1166.8431249999999,603.499375,1140.5,585,110,21,this.height,11,class->block->function->block->block_content->return->expr->call->name->name->operator->name
2,166,rectangle_java2.jpg,rectangle_java2.jpg,2638335893,92,1075.1573913043478,671.5413043478261,1077.5,658,9,20,",",1,class->block->function->block->block_content->decl_stmt->decl->init->expr->call->argument_list
2,166,rectangle_java2.jpg,rectangle_java2.jpg,2638459885,64,1075.798125,674.71375,1077.5,658,9,20,",",1,class->block->function->block->block_content->decl_stmt->decl->init->expr->call->argument_list
2,166,rectangle_java2.jpg,rectangle_java2.jpg,2638867868,76,909.63,688.8384210526316,916.5,694,9,21,(,1,class->block->function->block->block_content->expr_stmt->expr->call->argument_list
2,166,rectangle_java2.jpg,rectangle_java2.jpg,2639031879,88,785.6240909090909,671.0963636363637,730.5,658,91,20,Rectangle,9,class->block->function->block->block_content->decl_stmt->decl->type->name
2,166,rectangle_java2.jpg,rectangle_java2.jpg,2639607823,112,1042.8214285714287,661.4996428571428,1041.5,658,9,20,(,1,class->block->function->block->block_content->decl_stmt->decl->init->expr->call->argument_list
2,166,rectangle_java2.jpg,rectangle_java2.jpg,2639763815,56,853.8257142857143,702.0528571428572,730.5,694,177,21,System.out.println,18,class->block->function->block->block_content->expr_stmt->expr->call->name->name->operator->name->operator->name
2,166,rectangle_java2.jpg,rectangle_java2.jpg,2639895704,128,851.5696875,713.811875,730.5,694,177,21,System.out.println,18,class->block->function->block->block_content->expr_stmt->expr->call->name->name->operator->name->operator->name
2,166,rectangle_java2.jpg,rectangle_java2.jpg,2640331743,160,1002.93425,585.51575,977.5,585,101,21,this.width,10,class->block->function->block->block_content->return->expr->call->name->name->operator->name
2,166,rectangle_java2.jpg,rectangle_java2.jpg,2640499758,100,1110.4188,575.992,1103.5,585,9,21,),1,class->block->function->block->block_content->return->expr->call->argument_list
2,166,rectangle_java2.jpg,rectangle_java2.jpg,2640499758,100,1110.4188,575.992,1122.5,585,12,21,*,1,class->block->function->block->block_content->return->expr->operator
2,166,rectangle_java2.jpg,rectangle_java2.jpg,2640563753,60,1111.984,566.798,1064.5,549,71,21,this.y1,7,class->block->function->block->block_content->return->expr->name->name->operator->name
2,166,rectangle_java2.jpg,rectangle_java2.jpg,2640695718,88,1180.0377272727274,599.7345454545455,1140.5,585,110,21,this.height,11,class->block->function->block->block_content->return->expr->call->name->name->operator->name
2,166,rectangle_java2.jpg,rectangle_java2.jpg,2640911672,72,1186.19,604.0883333333334,1140.5,585,110,21,this.height,11,class->block->function->block->block_content->return->expr->call->name->name->operator->name
2,166,rectangle_java2.jpg,rectangle_java2.jpg,2641219650,92,972.3717391304348,611.5182608695652,920.5,621,62,21,String,6,class->block->function->parameter_list->parameter->decl->type->name->name
2,166,rectangle_java2.jpg,rectangle_java2.jpg,2642055635,92,1105.4321739130435,682.2721739130435,1096.5,694,10,21,;,1,class->block->function->block->block_content->expr_stmt
2,166,rectangle_java2.jpg,rectangle_java2.jpg,2642115662,56,1115.315,676.4735714285714,1115.5,658,10,20,",",1,class->block->function->block->block_content->decl_stmt->decl->init->expr->call->argument_list
2,166,rectangle_java2.jpg,rectangle_java2.jpg,2642871600,144,1011.0730555555556,713.8738888888889,932.5,694,100,21,rect1.area,10,class->block->function->block->block_content->expr_stmt->expr->call->argument_list->argument->expr->call->name->name->operator->name
2,166,rectangle_java2.jpg,rectangle_java2.jpg,2643059659,56,895.4185714285715,719.9992857142857,883.5,731,15,20,=,1,class->block->function->block->block_content->decl_stmt->decl->init
2,166,rectangle_java2.jpg,rectangle_java2.jpg,2643059659,56,895.4185714285715,719.9992857142857,902.5,731,34,20,new,3,class->block->function->block->block_content->decl_stmt->decl->init->expr->operator
2,166,rectangle_java2.jpg,rectangle_java2.jpg,2643911491,56,725.2721428571429,701.0457142857143,730.5,694,177,21,System.out.println,18,class->block->function->block->block_content->expr_stmt->expr->call->name->name->operator->name->operator->name
2,166,rectangle_java2.jpg,rectangle_java2.jpg,2644083334,76,724.7473684210527,703.401052631579,730.5,694,177,21,System.out.println,18,class->block->function->block->block_content->expr_stmt->expr->call->name->name->operator->name->operator->name
2,166,rectangle_java2.jpg,rectangle_java2.jpg,2644555360,100,772.6992,720.9436000000001,730.5,731,91,20,Rectangle,9,class->block->function->block->block_content->decl_stmt->decl->type->name
2,166,rectangle_java2.jpg,rectangle_java2.jpg,2644655369,96,786.99875,727.4858333333333,730.5,731,91,20,Rectangle,9,class->block->function->block->block_content->decl_stmt->decl->type->name
2,166,rectangle_java2.jpg,rectangle_java2.jpg,2645023377,68,1005.7094117647059,732.1335294117647,941.5,731,91,20,Rectangle,9,class->block->function->block->block_content->decl_stmt->decl->init->expr->call->name
2,166,rectangle_java2.jpg,rectangle_java2.jpg,2646551277,84,1093.112380952381,775.2985714285714,1096.5,766,10,21,;,1,class->block->function->block->block_content->expr_stmt
2,166,rectangle_java2.jpg,rectangle_java2.jpg,2646959201,84,942.4728571428572,771.2242857142857,932.5,766,100,21,rect2.area,10,class->block->function->block->block_content->expr_stmt->expr->call->argument_list->argument->expr->call->name->name->operator->name
2,166,rectangle_java2.jpg,rectangle_java2.jpg,2647027159,64,948.305625,781.09375,932.5,766,100,21,rect2.area,10,class->block->function->block->block_content->expr_stmt->expr->call->argument_list->argument->expr->call->name->name->operator->name
2,166,rectangle_java2.jpg,rectangle_java2.jpg,2648363133,76,779.261052631579,361.3963157894737,730.5,367,71,21,this.y1,7,class->block->constructor->block->block_content->expr_stmt->expr->name->name->operator->name
2,166,rectangle_java2.jpg,rectangle_java2.jpg,2648435105,68,769.8429411764706,364.32,730.5,367,71,21,this.y1,7,class->block->constructor->block->block_content->expr_stmt->expr->name->name->operator->name
2,166,rectangle_java2.jpg,rectangle_java2.jpg,2648499095,60,762.902,364.14,730.5,367,71,21,this.y1,7,class->block->constructor->block->block_content->expr_stmt->expr->name->name->operator->name
2,166,rectangle_java2.jpg,rectangle_java2.jpg,2648706576,84,723.9661904761905,333.43619047619046,730.5,331,71,19,this.x1,7,class->block->constructor->block->block_content->expr_stmt->expr->name->name->operator->name
2,166,rectangle_java2.jpg,rectangle_java2.jpg,2648798711,56,704.7242857142858,301.94714285714286,669.5,295,63,21,public,6,class->block->constructor->specifier
2,166,rectangle_java2.jpg,rectangle_java2.jpg,2648890823,88,707.0268181818182,290.65909090909093,669.5,295,63,21,public,6,class->block->constructor->specifier
2,166,rectangle_java2.jpg,rectangle_java2.jpg,2649378917,180,1078.0653333333335,753.9688888888888,1077.5,766,9,21,),1,class->block->function->block->block_content->expr_stmt->expr->call->argument_list
2,166,rectangle_java2.jpg,rectangle_java2.jpg,2649602916,68,1184.8323529411764,595.1647058823529,1140.5,585,110,21,this.height,11,class->block->function->block->block_content->return->expr->call->name->name->operator->name
2,166,rectangle_java2.jpg,rectangle_java2.jpg,2649806964,72,976.8977777777777,537.7038888888889,968.5,549,70,21,this.y2,7,class->block->function->block->block_content->return->expr->name->name->operator->name
2,166,rectangle_java2.jpg,rectangle_java2.jpg,2649878996,68,971.4041176470588,542.9841176470588,968.5,549,70,21,this.y2,7,class->block->function->block->block_content->return->expr->name->name->operator->name
2,166,rectangle_java2.jpg,rectangle_java2.jpg,2650119027,104,828.7065384615385,273.41423076923076,833.5,259,23,21,y1,2,class->block->decl_stmt->decl->name
2,166,rectangle_java2.jpg,rectangle_java2.jpg,2650398890,108,1127.7940740740742,741.7618518518518,1134.5,731,22,20,10,2,class->block->function->block->block_content->decl_stmt->decl->init->expr->call->argument_list->argument->expr->literal
2,166,rectangle_java2.jpg,rectangle_java2.jpg,2651014792,76,1218.3315789473684,747.6768421052632,1211.5,731,9,20,),1,class->block->function->block->block_content->decl_stmt->decl->init->expr->call->argument_list
2,166,rectangle_java2.jpg,rectangle_java2.jpg,2651382819,64,1178.525625,675.6875,1182.5,658,22,20,10,2,class->block->function->block->block_content->decl_stmt->decl->init->expr->call->argument_list->argument->expr->literal
2,166,rectangle_java2.jpg,rectangle_java2.jpg,2651594855,60,1184.218,664.1213333333334,1182.5,658,22,20,10,2,class->block->function->block->block_content->decl_stmt->decl->init->expr->call->argument_list->argument->expr->literal
2,166,rectangle_java2.jpg,rectangle_java2.jpg,2652266696,76,1217.8652631578948,664.3310526315789,1211.5,658,9,20,),1,class->block->function->block->block_content->decl_stmt->decl->init->expr->call->argument_list
2,166,rectangle_java2.jpg,rectangle_java2.jpg,2652338712,68,1227.3823529411766,655.1058823529412,1231.5,658,10,20,;,1,class->block->function->block->block_content->decl_stmt
2,166,rectangle_java2.jpg,rectangle_java2.jpg,2652646654,64,1222.525,742.534375,1231.5,731,10,20,;,1,class->block->function->block->block_content->decl_stmt
2,166,rectangle_java2.jpg,rectangle_java2.jpg,2653066644,56,1096.8878571428572,746.02,1095.5,731,13,20,5,1,class->block->function->block->block_content->decl_stmt->decl->init->expr->call->argument_list->argument->expr->literal
2,166,rectangle_java2.jpg,rectangle_java2.jpg,2653310691,96,832.9470833333334,768.2079166666666,730.5,766,177,21,System.out.println,18,class->block->function->block->block_content->expr_stmt->expr->call->name->name->operator->name->operator->name
2,166,rectangle_java2.jpg,rectangle_java2.jpg,2653446691,100,908.0168,768.2583999999999,916.5,766,9,21,(,1,class->block->function->block->block_content->expr_stmt->expr->call->argument_list
2,166,rectangle_java2.jpg,rectangle_java2.jpg,2653710452,64,972.405,766.433125,932.5,766,100,21,rect2.area,10,class->block->function->block->block_content->expr_stmt->expr->call->argument_list->argument->expr->call->name->name->operator->name
2,166,rectangle_java2.jpg,rectangle_java2.jpg,2653774498,60,974.756,779.482,932.5,766,100,21,rect2.area,10,class->block->function->block->block_content->expr_stmt->expr->call->argument_list->argument->expr->call->name->name->operator->name
2,166,rectangle_java2.jpg,rectangle_java2.jpg,2653890574,60,760.7266666666667,767.272,730.5,766,177,21,System.out.println,18,class->block->function->block->block_content->expr_stmt->expr->call->name->name->operator->name->operator->name
2,166,rectangle_java2.jpg,rectangle_java2.jpg,2653962591,68,757.7841176470588,755.4876470588235,730.5,766,177,21,System.out.println,18,class->block->function->block->block_content->expr_stmt->expr->call->name->name->operator->name->operator->name
2,166,rectangle_java2.jpg,rectangle_java2.jpg,2654506484,80,765.348,379.775,730.5,367,71,21,this.y1,7,class->block->constructor->block->block_content->expr_stmt->expr->name->name->operator->name
