trial,participant,code_file,code_language,timestamp,duration,x_cord,y_cord,aoi_x,aoi_y,aoi_width,aoi_height,token,length,srcML
2,131,rectangle_java2.jpg,rectangle_java2.jpg,212834638,88,776.1009090909091,220.74863636363636,715.5,222,90,21,Rectangle,9,class->name
2,131,rectangle_java2.jpg,rectangle_java2.jpg,214579206,64,814.618125,706.7325,730.5,694,177,21,System.out.println,18,class->block->function->block->block_content->expr_stmt->expr->call->name->name->operator->name->operator->name
2,131,rectangle_java2.jpg,rectangle_java2.jpg,214830785,112,828.2421428571429,288.2835714285714,737.5,295,91,21,Rectangle,9,class->block->constructor->name
2,131,rectangle_java2.jpg,rectangle_java2.jpg,214830785,112,828.2421428571429,288.2835714285714,837.5,295,9,21,(,1,class->block->constructor->parameter_list
2,131,rectangle_java2.jpg,rectangle_java2.jpg,227401776,80,730.622,212.9105,715.5,222,90,21,Rectangle,9,class->name
2,131,rectangle_java2.jpg,rectangle_java2.jpg,230897261,120,726.9246666666667,209.9376666666667,715.5,222,90,21,Rectangle,9,class->name
2,131,rectangle_java2.jpg,rectangle_java2.jpg,231153186,88,813.0522727272728,232.9818181818182,813.5,222,10,21,{,1,class->block
2,131,rectangle_java2.jpg,rectangle_java2.jpg,231217250,60,822.3513333333333,228.48933333333332,813.5,222,10,21,{,1,class->block
2,131,rectangle_java2.jpg,rectangle_java2.jpg,233357213,100,808.7908,222.47680000000003,813.5,222,10,21,{,1,class->block
2,131,rectangle_java2.jpg,rectangle_java2.jpg,234125243,76,830.2968421052632,285.1778947368421,837.5,295,9,21,(,1,class->block->constructor->parameter_list
2,131,rectangle_java2.jpg,rectangle_java2.jpg,235525125,132,823.3557575757576,256.1963636363636,815.5,259,10,21,",",1,class->block->decl_stmt
2,131,rectangle_java2.jpg,rectangle_java2.jpg,235525125,132,823.3557575757576,256.1963636363636,833.5,259,23,21,y1,2,class->block->decl_stmt->decl->name
2,131,rectangle_java2.jpg,rectangle_java2.jpg,235601115,72,823.8644444444444,247.5233333333333,815.5,259,10,21,",",1,class->block->decl_stmt
2,131,rectangle_java2.jpg,rectangle_java2.jpg,235601115,72,823.8644444444444,247.5233333333333,833.5,259,23,21,y1,2,class->block->decl_stmt->decl->name
2,131,rectangle_java2.jpg,rectangle_java2.jpg,235729102,68,822.0470588235294,274.3764705882353,815.5,259,10,21,",",1,class->block->decl_stmt
2,131,rectangle_java2.jpg,rectangle_java2.jpg,235729102,68,822.0470588235294,274.3764705882353,833.5,259,23,21,y1,2,class->block->decl_stmt->decl->name
2,131,rectangle_java2.jpg,rectangle_java2.jpg,235925102,68,871.6464705882353,283.3670588235294,853.5,295,32,21,int,3,class->block->constructor->parameter_list->parameter->decl->type->name
2,131,rectangle_java2.jpg,rectangle_java2.jpg,236552958,132,857.6033333333334,263.5760606060606,863.5,259,10,21,",",1,class->block->decl_stmt
2,131,rectangle_java2.jpg,rectangle_java2.jpg,236865009,136,853.6844117647058,271.5508823529412,833.5,259,23,21,y1,2,class->block->decl_stmt->decl->name
2,131,rectangle_java2.jpg,rectangle_java2.jpg,236865009,136,853.6844117647058,271.5508823529412,863.5,259,10,21,",",1,class->block->decl_stmt
2,131,rectangle_java2.jpg,rectangle_java2.jpg,237140949,236,814.4637288135593,286.7610169491525,737.5,295,91,21,Rectangle,9,class->block->constructor->name
2,131,rectangle_java2.jpg,rectangle_java2.jpg,237400821,148,857.4818918918919,271.52675675675675,863.5,259,10,21,",",1,class->block->decl_stmt
2,131,rectangle_java2.jpg,rectangle_java2.jpg,237624775,160,772.8045,266.59275,747.5,259,33,21,int,3,class->block->decl_stmt->decl->type->name
2,131,rectangle_java2.jpg,rectangle_java2.jpg,237905110,252,839.0414285714286,271.3288888888889,833.5,259,23,21,y1,2,class->block->decl_stmt->decl->name
2,131,rectangle_java2.jpg,rectangle_java2.jpg,238136921,196,870.4479591836734,273.95775510204084,863.5,259,10,21,",",1,class->block->decl_stmt
2,131,rectangle_java2.jpg,rectangle_java2.jpg,238136921,196,870.4479591836734,273.95775510204084,881.5,259,23,21,x2,2,class->block->decl_stmt->decl->name
2,131,rectangle_java2.jpg,rectangle_java2.jpg,238256860,116,861.6931034482759,267.90655172413796,863.5,259,10,21,",",1,class->block->decl_stmt
2,131,rectangle_java2.jpg,rectangle_java2.jpg,239396671,124,834.4590322580646,300.0064516129032,837.5,295,9,21,(,1,class->block->constructor->parameter_list
2,131,rectangle_java2.jpg,rectangle_java2.jpg,239680692,168,789.6428571428571,312.97261904761905,737.5,295,91,21,Rectangle,9,class->block->constructor->name
2,131,rectangle_java2.jpg,rectangle_java2.jpg,239768702,84,791.2795238095238,312.8566666666667,737.5,295,91,21,Rectangle,9,class->block->constructor->name
2,131,rectangle_java2.jpg,rectangle_java2.jpg,239944697,128,873.81625,307.271875,853.5,295,32,21,int,3,class->block->constructor->parameter_list->parameter->decl->type->name
2,131,rectangle_java2.jpg,rectangle_java2.jpg,240072688,68,913.0335294117647,314.64,890.5,295,24,21,x1,2,class->block->constructor->parameter_list->parameter->decl->type->name
2,131,rectangle_java2.jpg,rectangle_java2.jpg,240072688,68,913.0335294117647,314.64,921.5,295,9,21,",",1,class->block->constructor->parameter_list
2,131,rectangle_java2.jpg,rectangle_java2.jpg,241576584,72,836.9844444444444,305.37388888888887,837.5,295,9,21,(,1,class->block->constructor->parameter_list
2,131,rectangle_java2.jpg,rectangle_java2.jpg,241740602,84,781.0933333333334,305.41761904761904,737.5,295,91,21,Rectangle,9,class->block->constructor->name
2,131,rectangle_java2.jpg,rectangle_java2.jpg,241868611,124,775.3616129032258,293.5325806451613,737.5,295,91,21,Rectangle,9,class->block->constructor->name
2,131,rectangle_java2.jpg,rectangle_java2.jpg,242144450,112,821.3582142857143,307.7842857142857,737.5,295,91,21,Rectangle,9,class->block->constructor->name
2,131,rectangle_java2.jpg,rectangle_java2.jpg,243084410,80,872.951,292.425,853.5,295,32,21,int,3,class->block->constructor->parameter_list->parameter->decl->type->name
2,131,rectangle_java2.jpg,rectangle_java2.jpg,243248415,128,829.1425,298.8259375,837.5,295,9,21,(,1,class->block->constructor->parameter_list
2,131,rectangle_java2.jpg,rectangle_java2.jpg,243456440,204,830.9170588235294,309.501568627451,837.5,295,9,21,(,1,class->block->constructor->parameter_list
2,131,rectangle_java2.jpg,rectangle_java2.jpg,243668791,196,916.3653061224489,309.2877551020408,921.5,295,9,21,",",1,class->block->constructor->parameter_list
2,131,rectangle_java2.jpg,rectangle_java2.jpg,245880167,148,866.6764864864865,289.4691891891892,853.5,295,32,21,int,3,class->block->constructor->parameter_list->parameter->decl->type->name
2,131,rectangle_java2.jpg,rectangle_java2.jpg,246064169,180,884.312,300.83355555555556,853.5,295,32,21,int,3,class->block->constructor->parameter_list->parameter->decl->type->name
2,131,rectangle_java2.jpg,rectangle_java2.jpg,246064169,180,884.312,300.83355555555556,890.5,295,24,21,x1,2,class->block->constructor->parameter_list->parameter->decl->type->name
2,131,rectangle_java2.jpg,rectangle_java2.jpg,246172170,88,800.4527272727273,306.61227272727274,737.5,295,91,21,Rectangle,9,class->block->constructor->name
2,131,rectangle_java2.jpg,rectangle_java2.jpg,246304170,128,799.60375,308.4325,737.5,295,91,21,Rectangle,9,class->block->constructor->name
2,131,rectangle_java2.jpg,rectangle_java2.jpg,246548148,204,910.2419607843137,310.37333333333333,890.5,295,24,21,x1,2,class->block->constructor->parameter_list->parameter->decl->type->name
2,131,rectangle_java2.jpg,rectangle_java2.jpg,246548148,204,910.2419607843137,310.37333333333333,921.5,295,9,21,",",1,class->block->constructor->parameter_list
2,131,rectangle_java2.jpg,rectangle_java2.jpg,246748156,68,825.21,342.30176470588236,826.5,331,23,19,x1,2,class->block->constructor->block->block_content->expr_stmt->expr->name->name
2,131,rectangle_java2.jpg,rectangle_java2.jpg,246907926,104,824.2284615384615,315.8346153846154,737.5,295,91,21,Rectangle,9,class->block->constructor->name
2,131,rectangle_java2.jpg,rectangle_java2.jpg,246979939,68,816.73,332.5805882352941,806.5,331,15,19,=,1,class->block->constructor->block->block_content->expr_stmt->expr->operator
2,131,rectangle_java2.jpg,rectangle_java2.jpg,246979939,68,816.73,332.5805882352941,826.5,331,23,19,x1,2,class->block->constructor->block->block_content->expr_stmt->expr->name->name
2,131,rectangle_java2.jpg,rectangle_java2.jpg,247204004,172,780.7013953488372,334.5072093023256,730.5,331,71,19,this.x1,7,class->block->constructor->block->block_content->expr_stmt->expr->name->name->operator->name
2,131,rectangle_java2.jpg,rectangle_java2.jpg,247472041,196,847.9273469387755,304.61551020408166,853.5,295,32,21,int,3,class->block->constructor->parameter_list->parameter->decl->type->name
2,131,rectangle_java2.jpg,rectangle_java2.jpg,247772046,260,820.6729230769231,311.2067692307692,737.5,295,91,21,Rectangle,9,class->block->constructor->name
2,131,rectangle_java2.jpg,rectangle_java2.jpg,249687914,88,841.7177272727273,337.2540909090909,826.5,331,23,19,x1,2,class->block->constructor->block->block_content->expr_stmt->expr->name->name
2,131,rectangle_java2.jpg,rectangle_java2.jpg,249759868,68,843.6729411764705,349.52235294117645,826.5,331,23,19,x1,2,class->block->constructor->block->block_content->expr_stmt->expr->name->name
2,131,rectangle_java2.jpg,rectangle_java2.jpg,249867809,104,838.6669230769231,340.82076923076926,826.5,331,23,19,x1,2,class->block->constructor->block->block_content->expr_stmt->expr->name->name
2,131,rectangle_java2.jpg,rectangle_java2.jpg,249987682,88,822.0913636363637,297.3168181818182,737.5,295,91,21,Rectangle,9,class->block->constructor->name
2,131,rectangle_java2.jpg,rectangle_java2.jpg,250175698,80,823.82,279.137,815.5,259,10,21,",",1,class->block->decl_stmt
2,131,rectangle_java2.jpg,rectangle_java2.jpg,250175698,80,823.82,279.137,833.5,259,23,21,y1,2,class->block->decl_stmt->decl->name
2,131,rectangle_java2.jpg,rectangle_java2.jpg,250243729,64,827.899375,294.4425,737.5,295,91,21,Rectangle,9,class->block->constructor->name
2,131,rectangle_java2.jpg,rectangle_java2.jpg,250243729,64,827.899375,294.4425,837.5,295,9,21,(,1,class->block->constructor->parameter_list
2,131,rectangle_java2.jpg,rectangle_java2.jpg,250683679,84,865.3447619047619,344.14428571428573,856.5,331,10,19,;,1,class->block->constructor->block->block_content->expr_stmt
2,131,rectangle_java2.jpg,rectangle_java2.jpg,251995891,112,791.0017857142857,432.49,730.5,440,71,21,this.y2,7,class->block->constructor->block->block_content->expr_stmt->expr->name->name->operator->name
2,131,rectangle_java2.jpg,rectangle_java2.jpg,252263652,60,786.0293333333333,433.5626666666667,730.5,440,71,21,this.y2,7,class->block->constructor->block->block_content->expr_stmt->expr->name->name->operator->name
2,131,rectangle_java2.jpg,rectangle_java2.jpg,252371661,104,786.68,429.2323076923077,730.5,440,71,21,this.y2,7,class->block->constructor->block->block_content->expr_stmt->expr->name->name->operator->name
2,131,rectangle_java2.jpg,rectangle_java2.jpg,254803255,116,855.8058620689656,500.94586206896554,854.5,512,9,21,),1,class->block->function->parameter_list
2,131,rectangle_java2.jpg,rectangle_java2.jpg,254903366,96,857.0220833333333,513.1479166666667,854.5,512,9,21,),1,class->block->function->parameter_list
2,131,rectangle_java2.jpg,rectangle_java2.jpg,254999383,60,967.9426666666667,526.4013333333334,958.5,512,71,21,this.x2,7,class->block->function->block->block_content->return->expr->name->name->operator->name->operator
2,131,rectangle_java2.jpg,rectangle_java2.jpg,255123382,120,970.182,531.768,958.5,512,71,21,this.x2,7,class->block->function->block->block_content->return->expr->name->name->operator->name->operator
2,131,rectangle_java2.jpg,rectangle_java2.jpg,255339406,188,1050.5053191489362,528.9812765957447,1054.5,512,71,21,this.x1,7,class->block->function->block->block_content->return->expr->name->name->operator->name
2,131,rectangle_java2.jpg,rectangle_java2.jpg,255771384,208,1170.4688461538462,537.5890384615385,1161.5,549,10,21,},1,class->block->function->block
2,131,rectangle_java2.jpg,rectangle_java2.jpg,256535256,256,824.88734375,530.80578125,775.5,512,53,21,width,5,class->block->function->name
2,131,rectangle_java2.jpg,rectangle_java2.jpg,256883227,300,914.9053333333334,524.2869333333333,891.5,512,62,21,return,6,class->block->function->block->block_content->return->expr->name->name
2,131,rectangle_java2.jpg,rectangle_java2.jpg,257139205,76,869.4373684210526,509.361052631579,874.5,512,10,21,{,1,class->block->function->block
2,131,rectangle_java2.jpg,rectangle_java2.jpg,257203228,60,871.8573333333334,511.2973333333333,874.5,512,10,21,{,1,class->block->function->block
2,131,rectangle_java2.jpg,rectangle_java2.jpg,257319318,64,999.64625,509.1856250000001,958.5,512,71,21,this.x2,7,class->block->function->block->block_content->return->expr->name->name->operator->name->operator
2,131,rectangle_java2.jpg,rectangle_java2.jpg,257387334,64,1004.615625,507.14750000000004,958.5,512,71,21,this.x2,7,class->block->function->block->block_content->return->expr->name->name->operator->name->operator
2,131,rectangle_java2.jpg,rectangle_java2.jpg,263274727,104,884.6996153846154,510.05230769230775,891.5,512,62,21,return,6,class->block->function->block->block_content->return->expr->name->name
2,131,rectangle_java2.jpg,rectangle_java2.jpg,263574710,264,844.2006060606061,516.6412121212121,837.5,512,9,21,(,1,class->block->function->parameter_list
2,131,rectangle_java2.jpg,rectangle_java2.jpg,263574710,264,844.2006060606061,516.6412121212121,854.5,512,9,21,),1,class->block->function->parameter_list
2,131,rectangle_java2.jpg,rectangle_java2.jpg,263726716,68,921.4776470588235,508.5211764705882,891.5,512,62,21,return,6,class->block->function->block->block_content->return->expr->name->name
2,131,rectangle_java2.jpg,rectangle_java2.jpg,263814701,84,922.0490476190477,521.4142857142857,891.5,512,62,21,return,6,class->block->function->block->block_content->return->expr->name->name
2,131,rectangle_java2.jpg,rectangle_java2.jpg,264010550,100,1073.008,504.8412000000001,1054.5,512,71,21,this.x1,7,class->block->function->block->block_content->return->expr->name->name->operator->name
2,131,rectangle_java2.jpg,rectangle_java2.jpg,264126410,112,1078.5967857142857,505.9914285714285,1054.5,512,71,21,this.x1,7,class->block->function->block->block_content->return->expr->name->name->operator->name
2,131,rectangle_java2.jpg,rectangle_java2.jpg,264254545,76,1047.7368421052631,507.9047368421052,1035.5,512,13,21,-,1,class->block->function->block->block_content->return->expr->name->name
2,131,rectangle_java2.jpg,rectangle_java2.jpg,264254545,76,1047.7368421052631,507.9047368421052,1054.5,512,71,21,this.x1,7,class->block->function->block->block_content->return->expr->name->name->operator->name
2,131,rectangle_java2.jpg,rectangle_java2.jpg,264522577,56,902.9585714285714,502.2714285714285,891.5,512,62,21,return,6,class->block->function->block->block_content->return->expr->name->name
2,131,rectangle_java2.jpg,rectangle_java2.jpg,264878516,120,826.971,523.0393333333334,775.5,512,53,21,width,5,class->block->function->name
2,131,rectangle_java2.jpg,rectangle_java2.jpg,264878516,120,826.971,523.0393333333334,837.5,512,9,21,(,1,class->block->function->parameter_list
2,131,rectangle_java2.jpg,rectangle_java2.jpg,265018532,104,902.6457692307692,521.1084615384615,891.5,512,62,21,return,6,class->block->function->block->block_content->return->expr->name->name
2,131,rectangle_java2.jpg,rectangle_java2.jpg,265198560,96,899.8529166666667,512.0720833333334,891.5,512,62,21,return,6,class->block->function->block->block_content->return->expr->name->name
2,131,rectangle_java2.jpg,rectangle_java2.jpg,265282586,80,900.4615,503.40200000000004,891.5,512,62,21,return,6,class->block->function->block->block_content->return->expr->name->name
2,131,rectangle_java2.jpg,rectangle_java2.jpg,265646536,88,1077.1504545454545,522.050909090909,1054.5,512,71,21,this.x1,7,class->block->function->block->block_content->return->expr->name->name->operator->name
2,131,rectangle_java2.jpg,rectangle_java2.jpg,265966481,64,1123.763125,532.869375,1054.5,512,71,21,this.x1,7,class->block->function->block->block_content->return->expr->name->name->operator->name
2,131,rectangle_java2.jpg,rectangle_java2.jpg,265966481,64,1123.763125,532.869375,1132.5,512,10,21,;,1,class->block->function->block
2,131,rectangle_java2.jpg,rectangle_java2.jpg,266150388,136,1044.2335294117647,522.6544117647059,1035.5,512,13,21,-,1,class->block->function->block->block_content->return->expr->name->name
2,131,rectangle_java2.jpg,rectangle_java2.jpg,266150388,136,1044.2335294117647,522.6544117647059,1054.5,512,71,21,this.x1,7,class->block->function->block->block_content->return->expr->name->name->operator->name
2,131,rectangle_java2.jpg,rectangle_java2.jpg,267162222,68,912.62,510.3935294117647,891.5,512,62,21,return,6,class->block->function->block->block_content->return->expr->name->name
2,131,rectangle_java2.jpg,rectangle_java2.jpg,267642317,112,872.1496428571429,638.9214285714286,851.5,621,44,21,main,4,class->block->function->name
2,131,rectangle_java2.jpg,rectangle_java2.jpg,267782343,136,870.21,628.8982352941176,851.5,621,44,21,main,4,class->block->function->name
2,131,rectangle_java2.jpg,rectangle_java2.jpg,267894349,108,876.6725925925927,621.0137037037038,851.5,621,44,21,main,4,class->block->function->name
2,131,rectangle_java2.jpg,rectangle_java2.jpg,267954351,56,867.6171428571429,621.4407142857143,851.5,621,44,21,main,4,class->block->function->name
2,131,rectangle_java2.jpg,rectangle_java2.jpg,271961863,64,950.8824999999999,521.45125,891.5,512,62,21,return,6,class->block->function->block->block_content->return->expr->name->name
2,131,rectangle_java2.jpg,rectangle_java2.jpg,271961863,64,950.8824999999999,521.45125,958.5,512,71,21,this.x2,7,class->block->function->block->block_content->return->expr->name->name->operator->name->operator
2,131,rectangle_java2.jpg,rectangle_java2.jpg,272049935,84,959.2819047619048,553.0704761904761,900.5,549,63,21,return,6,class->block->function->block->block_content->return
2,131,rectangle_java2.jpg,rectangle_java2.jpg,272049935,84,959.2819047619048,553.0704761904761,968.5,549,70,21,this.y2,7,class->block->function->block->block_content->return->expr->name->name->operator->name
2,131,rectangle_java2.jpg,rectangle_java2.jpg,272689919,72,1032.3838888888888,501.855,1035.5,512,13,21,-,1,class->block->function->block->block_content->return->expr->name->name
2,131,rectangle_java2.jpg,rectangle_java2.jpg,272753915,60,1035.3633333333335,499.716,1035.5,512,13,21,-,1,class->block->function->block->block_content->return->expr->name->name
2,131,rectangle_java2.jpg,rectangle_java2.jpg,272961897,60,850.2226666666667,614.6953333333333,851.5,621,44,21,main,4,class->block->function->name
2,131,rectangle_java2.jpg,rectangle_java2.jpg,273345912,108,882.5292592592592,637.2322222222223,851.5,621,44,21,main,4,class->block->function->name
2,131,rectangle_java2.jpg,rectangle_java2.jpg,273613690,148,954.0718918918919,628.4564864864865,920.5,621,62,21,String,6,class->block->function->parameter_list->parameter->decl->type->name->name
2,131,rectangle_java2.jpg,rectangle_java2.jpg,273741804,76,1094.848947368421,632.0973684210526,1094.5,621,10,21,{,1,class->block->function->block
2,131,rectangle_java2.jpg,rectangle_java2.jpg,274169647,56,887.4914285714285,635.3514285714285,851.5,621,44,21,main,4,class->block->function->name
2,131,rectangle_java2.jpg,rectangle_java2.jpg,274277685,104,898.4784615384615,650.276923076923,883.5,658,15,20,=,1,class->block->function->block->block_content->decl_stmt->decl->init
2,131,rectangle_java2.jpg,rectangle_java2.jpg,274277685,104,898.4784615384615,650.276923076923,902.5,658,34,20,new,3,class->block->function->block->block_content->decl_stmt->decl->init->expr->operator
2,131,rectangle_java2.jpg,rectangle_java2.jpg,274517763,184,931.1689130434783,625.3530434782608,920.5,621,62,21,String,6,class->block->function->parameter_list->parameter->decl->type->name->name
2,131,rectangle_java2.jpg,rectangle_java2.jpg,274813827,208,1064.5776923076924,629.0530769230769,1025.5,621,42,21,args,4,class->block->function->parameter_list->parameter->decl->name
2,131,rectangle_java2.jpg,rectangle_java2.jpg,274813827,208,1064.5776923076924,629.0530769230769,1074.5,621,10,21,),1,class->block->function->parameter_list
2,131,rectangle_java2.jpg,rectangle_java2.jpg,274989841,112,1150.1035714285715,595.3878571428571,1140.5,585,110,21,this.height,11,class->block->function->block->block_content->return->expr->call->name->name->operator->name
2,131,rectangle_java2.jpg,rectangle_java2.jpg,276041695,148,1124.7748648648649,646.8937837837838,1115.5,658,10,20,",",1,class->block->function->block->block_content->decl_stmt->decl->init->expr->call->argument_list
2,131,rectangle_java2.jpg,rectangle_java2.jpg,276041695,148,1124.7748648648649,646.8937837837838,1134.5,658,22,20,10,2,class->block->function->block->block_content->decl_stmt->decl->init->expr->call->argument_list->argument->expr->literal
2,131,rectangle_java2.jpg,rectangle_java2.jpg,276193671,80,903.467,633.009,904.5,621,9,21,(,1,class->block->function->parameter_list
2,131,rectangle_java2.jpg,rectangle_java2.jpg,276301655,60,901.478,622.8853333333334,904.5,621,9,21,(,1,class->block->function->parameter_list
2,131,rectangle_java2.jpg,rectangle_java2.jpg,276597464,60,1097.0953333333334,605.7946666666667,1103.5,585,9,21,),1,class->block->function->block->block_content->return->expr->call->argument_list
2,131,rectangle_java2.jpg,rectangle_java2.jpg,276845522,80,841.607,624.727,804.5,621,44,21,void,4,class->block->function->type->name
2,131,rectangle_java2.jpg,rectangle_java2.jpg,276845522,80,841.607,624.727,851.5,621,44,21,main,4,class->block->function->name
2,131,rectangle_java2.jpg,rectangle_java2.jpg,277149566,60,872.452,632.1173333333334,851.5,621,44,21,main,4,class->block->function->name
2,131,rectangle_java2.jpg,rectangle_java2.jpg,277241556,88,875.4018181818182,637.9086363636363,851.5,621,44,21,main,4,class->block->function->name
2,131,rectangle_java2.jpg,rectangle_java2.jpg,277445529,80,1039.3245,639.975,1025.5,621,42,21,args,4,class->block->function->parameter_list->parameter->decl->name
2,131,rectangle_java2.jpg,rectangle_java2.jpg,278157243,100,871.3992,714.7416,730.5,694,177,21,System.out.println,18,class->block->function->block->block_content->expr_stmt->expr->call->name->name->operator->name->operator->name
2,131,rectangle_java2.jpg,rectangle_java2.jpg,278465403,232,774.178275862069,732.0167241379311,730.5,731,91,20,Rectangle,9,class->block->function->block->block_content->decl_stmt->decl->type->name
2,131,rectangle_java2.jpg,rectangle_java2.jpg,278653412,104,901.3988461538462,728.8157692307692,902.5,731,34,20,new,3,class->block->function->block->block_content->decl_stmt->decl->init->expr->operator
2,131,rectangle_java2.jpg,rectangle_java2.jpg,278765410,68,950.7594117647059,725.7847058823529,941.5,731,91,20,Rectangle,9,class->block->function->block->block_content->decl_stmt->decl->init->expr->call->name
2,131,rectangle_java2.jpg,rectangle_java2.jpg,278885395,116,957.4344827586207,709.5551724137931,932.5,694,100,21,rect1.area,10,class->block->function->block->block_content->expr_stmt->expr->call->argument_list->argument->expr->call->name->name->operator->name
2,131,rectangle_java2.jpg,rectangle_java2.jpg,292856204,148,1203.4978378378378,577.9202702702703,1140.5,585,110,21,this.height,11,class->block->function->block->block_content->return->expr->call->name->name->operator->name
