trial,participant,code_file,code_language,timestamp,duration,x_cord,y_cord,aoi_x,aoi_y,aoi_width,aoi_height,token,length,srcML
2,197,rectangle_java2.jpg,rectangle_java2.jpg,13005678456,188,1161.776595744681,289.28255319148934,1150.5,295,23,21,y2,2,class->block->constructor->parameter_list->parameter->decl->type->name
2,197,rectangle_java2.jpg,rectangle_java2.jpg,13013145803,156,778.9569230769231,215.7902564102564,715.5,222,90,21,Rectangle,9,class->name
2,197,rectangle_java2.jpg,rectangle_java2.jpg,13016945518,360,827.8193333333334,260.04277777777776,833.5,259,23,21,y1,2,class->block->decl_stmt->decl->name
2,197,rectangle_java2.jpg,rectangle_java2.jpg,13017213477,224,812.1833928571428,284.2051785714286,737.5,295,91,21,Rectangle,9,class->block->constructor->name
2,197,rectangle_java2.jpg,rectangle_java2.jpg,13017545246,64,896.968125,252.71437500000002,881.5,259,23,21,x2,2,class->block->decl_stmt->decl->name
2,197,rectangle_java2.jpg,rectangle_java2.jpg,13017605306,56,847.7585714285715,256.6957142857143,833.5,259,23,21,y1,2,class->block->decl_stmt->decl->name
2,197,rectangle_java2.jpg,rectangle_java2.jpg,13017837406,228,838.2428070175439,268.22771929824563,833.5,259,23,21,y1,2,class->block->decl_stmt->decl->name
2,197,rectangle_java2.jpg,rectangle_java2.jpg,13018109404,240,810.0546666666667,304.434,737.5,295,91,21,Rectangle,9,class->block->constructor->name
2,197,rectangle_java2.jpg,rectangle_java2.jpg,13018813272,648,886.1923456790123,290.91172839506174,890.5,295,24,21,x1,2,class->block->constructor->parameter_list->parameter->decl->type->name
2,197,rectangle_java2.jpg,rectangle_java2.jpg,13019041273,200,929.2198,272.2362,929.5,259,23,21,y2,2,class->block->decl_stmt->decl->name
2,197,rectangle_java2.jpg,rectangle_java2.jpg,13020069265,184,857.7026086956522,458.7191304347825,856.5,440,10,21,;,1,class->block->constructor->block->block_content->expr_stmt
2,197,rectangle_java2.jpg,rectangle_java2.jpg,13020269242,96,745.9683333333334,460.06500000000005,730.5,440,71,21,this.y2,7,class->block->constructor->block->block_content->expr_stmt->expr->name->name->operator->name
2,197,rectangle_java2.jpg,rectangle_java2.jpg,13023105086,108,825.3174074074074,502.98333333333335,775.5,512,53,21,width,5,class->block->function->name
2,197,rectangle_java2.jpg,rectangle_java2.jpg,13023105086,108,825.3174074074074,502.98333333333335,837.5,512,9,21,(,1,class->block->function->parameter_list
2,197,rectangle_java2.jpg,rectangle_java2.jpg,13023325269,72,831.0844444444444,511.3905555555556,837.5,512,9,21,(,1,class->block->function->parameter_list
2,197,rectangle_java2.jpg,rectangle_java2.jpg,13023501199,148,780.1929729729729,507.59648648648647,775.5,512,53,21,width,5,class->block->function->name
2,197,rectangle_java2.jpg,rectangle_java2.jpg,13023640988,84,966.4704761904762,531.3690476190476,958.5,512,71,21,this.x2,7,class->block->function->block->block_content->return->expr->name->name->operator->name->operator
2,197,rectangle_java2.jpg,rectangle_java2.jpg,13023744941,100,956.704,517.8824,958.5,512,71,21,this.x2,7,class->block->function->block->block_content->return->expr->name->name->operator->name->operator
2,197,rectangle_java2.jpg,rectangle_java2.jpg,13023968902,220,959.1827272727272,526.1776363636363,958.5,512,71,21,this.x2,7,class->block->function->block->block_content->return->expr->name->name->operator->name->operator
2,197,rectangle_java2.jpg,rectangle_java2.jpg,13024216898,172,1011.3227906976745,503.59255813953496,958.5,512,71,21,this.x2,7,class->block->function->block->block_content->return->expr->name->name->operator->name->operator
2,197,rectangle_java2.jpg,rectangle_java2.jpg,13024644852,228,891.0280701754386,537.0145614035088,883.5,549,10,21,{,1,class->block->function->block
2,197,rectangle_java2.jpg,rectangle_java2.jpg,13024644852,228,891.0280701754386,537.0145614035088,900.5,549,63,21,return,6,class->block->function->block->block_content->return
2,197,rectangle_java2.jpg,rectangle_java2.jpg,13024768864,120,888.119,529.197,891.5,512,62,21,return,6,class->block->function->block->block_content->return->expr->name->name
2,197,rectangle_java2.jpg,rectangle_java2.jpg,13024944860,144,822.3713888888889,523.3641666666666,775.5,512,53,21,width,5,class->block->function->name
2,197,rectangle_java2.jpg,rectangle_java2.jpg,13025136675,188,826.8148936170213,517.3610638297872,775.5,512,53,21,width,5,class->block->function->name
2,197,rectangle_java2.jpg,rectangle_java2.jpg,13025136675,188,826.8148936170213,517.3610638297872,837.5,512,9,21,(,1,class->block->function->parameter_list
2,197,rectangle_java2.jpg,rectangle_java2.jpg,13025224522,72,911.5011111111111,525.7016666666667,891.5,512,62,21,return,6,class->block->function->block->block_content->return->expr->name->name
2,197,rectangle_java2.jpg,rectangle_java2.jpg,13025456728,176,929.5377272727272,549.4484090909091,900.5,549,63,21,return,6,class->block->function->block->block_content->return
2,197,rectangle_java2.jpg,rectangle_java2.jpg,13025604753,68,999.2211764705883,515.7194117647059,958.5,512,71,21,this.x2,7,class->block->function->block->block_content->return->expr->name->name->operator->name->operator
2,197,rectangle_java2.jpg,rectangle_java2.jpg,13025736793,80,1020.851,505.105,958.5,512,71,21,this.x2,7,class->block->function->block->block_content->return->expr->name->name->operator->name->operator
2,197,rectangle_java2.jpg,rectangle_java2.jpg,13026216720,144,1050.8719444444444,523.7202777777778,1054.5,512,71,21,this.x1,7,class->block->function->block->block_content->return->expr->name->name->operator->name
2,197,rectangle_java2.jpg,rectangle_java2.jpg,13026420289,200,1049.7562,531.6526,1054.5,512,71,21,this.x1,7,class->block->function->block->block_content->return->expr->name->name->operator->name
2,197,rectangle_java2.jpg,rectangle_java2.jpg,13026680565,216,1100.8148148148148,522.6844444444445,1054.5,512,71,21,this.x1,7,class->block->function->block->block_content->return->expr->name->name->operator->name
2,197,rectangle_java2.jpg,rectangle_java2.jpg,13026828419,108,1065.2062962962964,528.7751851851851,1054.5,512,71,21,this.x1,7,class->block->function->block->block_content->return->expr->name->name->operator->name
2,197,rectangle_java2.jpg,rectangle_java2.jpg,13027100578,268,1070.9950746268657,541.6602985074627,1064.5,549,71,21,this.y1,7,class->block->function->block->block_content->return->expr->name->name->operator->name
2,197,rectangle_java2.jpg,rectangle_java2.jpg,13027244660,76,1078.1236842105263,538.9326315789474,1064.5,549,71,21,this.y1,7,class->block->function->block->block_content->return->expr->name->name->operator->name
2,197,rectangle_java2.jpg,rectangle_java2.jpg,13027696611,172,1159.8786046511627,500.03093023255815,1152.5,512,10,21,},1,class->block
2,197,rectangle_java2.jpg,rectangle_java2.jpg,13027764593,64,1154.553125,506.41125,1152.5,512,10,21,},1,class->block
2,197,rectangle_java2.jpg,rectangle_java2.jpg,13027912569,120,913.5766666666667,555.202,900.5,549,63,21,return,6,class->block->function->block->block_content->return
2,197,rectangle_java2.jpg,rectangle_java2.jpg,13027988569,72,921.8344444444444,568.3711111111111,900.5,549,63,21,return,6,class->block->function->block->block_content->return
2,197,rectangle_java2.jpg,rectangle_java2.jpg,13028104584,112,924.8371428571429,589.8578571428571,910.5,585,62,21,return,6,class->block->function->block->block_content->return
2,197,rectangle_java2.jpg,rectangle_java2.jpg,13028184581,56,978.885,578.69,977.5,585,101,21,this.width,10,class->block->function->block->block_content->return->expr->call->name->name->operator->name
2,197,rectangle_java2.jpg,rectangle_java2.jpg,13028288531,100,985.4532,586.3924,977.5,585,101,21,this.width,10,class->block->function->block->block_content->return->expr->call->name->name->operator->name
2,197,rectangle_java2.jpg,rectangle_java2.jpg,13028412470,76,1113.3194736842106,548.3078947368422,1064.5,549,71,21,this.y1,7,class->block->function->block->block_content->return->expr->name->name->operator->name
2,197,rectangle_java2.jpg,rectangle_java2.jpg,13028564506,148,1115.3597297297297,557.0772972972973,1064.5,549,71,21,this.y1,7,class->block->function->block->block_content->return->expr->name->name->operator->name
2,197,rectangle_java2.jpg,rectangle_java2.jpg,13028640509,72,1094.6427777777778,541.7016666666667,1064.5,549,71,21,this.y1,7,class->block->function->block->block_content->return->expr->name->name->operator->name
2,197,rectangle_java2.jpg,rectangle_java2.jpg,13028736482,92,1102.5873913043479,526.601304347826,1054.5,512,71,21,this.x1,7,class->block->function->block->block_content->return->expr->name->name->operator->name
2,197,rectangle_java2.jpg,rectangle_java2.jpg,13029044516,76,1168.927894736842,542.6899999999999,1161.5,549,10,21,},1,class->block->function->block
2,197,rectangle_java2.jpg,rectangle_java2.jpg,13029332461,232,954.2720689655173,636.2084482758621,920.5,621,62,21,String,6,class->block->function->parameter_list->parameter->decl->type->name->name
2,197,rectangle_java2.jpg,rectangle_java2.jpg,13029556477,148,889.1667567567567,626.3321621621621,851.5,621,44,21,main,4,class->block->function->name
2,197,rectangle_java2.jpg,rectangle_java2.jpg,13029824402,204,821.7194117647059,605.9574509803922,804.5,585,43,21,area,4,class->block->function->name
2,197,rectangle_java2.jpg,rectangle_java2.jpg,13030320353,76,871.8631578947369,772.9257894736842,730.5,766,177,21,System.out.println,18,class->block->function->block->block_content->expr_stmt->expr->call->name->name->operator->name->operator->name
2,197,rectangle_java2.jpg,rectangle_java2.jpg,13030452355,60,956.876,721.664,941.5,731,91,20,Rectangle,9,class->block->function->block->block_content->decl_stmt->decl->init->expr->call->name
2,197,rectangle_java2.jpg,rectangle_java2.jpg,13030632352,176,960.2875,728.4570454545454,941.5,731,91,20,Rectangle,9,class->block->function->block->block_content->decl_stmt->decl->init->expr->call->name
2,197,rectangle_java2.jpg,rectangle_java2.jpg,13031060316,124,833.1212903225806,729.9412903225807,826.5,731,51,20,rect2,5,class->block->function->block->block_content->decl_stmt->decl->name
2,197,rectangle_java2.jpg,rectangle_java2.jpg,13031232317,120,936.2176666666667,712.7106666666666,932.5,694,100,21,rect1.area,10,class->block->function->block->block_content->expr_stmt->expr->call->argument_list->argument->expr->call->name->name->operator->name
2,197,rectangle_java2.jpg,rectangle_java2.jpg,13031512131,124,830.9796774193549,459.1167741935484,826.5,440,23,21,y2,2,class->block->constructor->block->block_content->expr_stmt->expr->name->name
2,197,rectangle_java2.jpg,rectangle_java2.jpg,13031580042,64,827.9081249999999,447.60124999999994,826.5,440,23,21,y2,2,class->block->constructor->block->block_content->expr_stmt->expr->name->name
2,197,rectangle_java2.jpg,rectangle_java2.jpg,13032336224,68,851.1782352941176,520.6235294117647,854.5,512,9,21,),1,class->block->function->parameter_list
2,197,rectangle_java2.jpg,rectangle_java2.jpg,13032680168,340,848.8830588235294,522.9122352941176,854.5,512,9,21,),1,class->block->function->parameter_list
2,197,rectangle_java2.jpg,rectangle_java2.jpg,13032848159,108,931.5011111111111,531.8318518518519,891.5,512,62,21,return,6,class->block->function->block->block_content->return->expr->name->name
2,197,rectangle_java2.jpg,rectangle_java2.jpg,13033128074,92,958.835652173913,523.8865217391304,958.5,512,71,21,this.x2,7,class->block->function->block->block_content->return->expr->name->name->operator->name->operator
2,197,rectangle_java2.jpg,rectangle_java2.jpg,13033276100,144,962.4472222222222,539.1883333333333,900.5,549,63,21,return,6,class->block->function->block->block_content->return
2,197,rectangle_java2.jpg,rectangle_java2.jpg,13033276100,144,962.4472222222222,539.1883333333333,968.5,549,70,21,this.y2,7,class->block->function->block->block_content->return->expr->name->name->operator->name
2,197,rectangle_java2.jpg,rectangle_java2.jpg,13033492106,176,884.3659090909091,526.4747727272727,874.5,512,10,21,{,1,class->block->function->block
2,197,rectangle_java2.jpg,rectangle_java2.jpg,13033492106,176,884.3659090909091,526.4747727272727,891.5,512,62,21,return,6,class->block->function->block->block_content->return->expr->name->name
2,197,rectangle_java2.jpg,rectangle_java2.jpg,13033580152,60,1011.6666666666666,540.6313333333334,968.5,549,70,21,this.y2,7,class->block->function->block->block_content->return->expr->name->name->operator->name
2,197,rectangle_java2.jpg,rectangle_java2.jpg,13033796114,212,1013.9583018867925,528.9945283018868,958.5,512,71,21,this.x2,7,class->block->function->block->block_content->return->expr->name->name->operator->name->operator
2,197,rectangle_java2.jpg,rectangle_java2.jpg,13033980083,164,1072.8229268292682,523.9641463414634,1054.5,512,71,21,this.x1,7,class->block->function->block->block_content->return->expr->name->name->operator->name
2,197,rectangle_java2.jpg,rectangle_java2.jpg,13034268097,284,1074.0429577464788,512.5785915492958,1054.5,512,71,21,this.x1,7,class->block->function->block->block_content->return->expr->name->name->operator->name
2,197,rectangle_java2.jpg,rectangle_java2.jpg,13034488084,128,933.0446875,520.80875,891.5,512,62,21,return,6,class->block->function->block->block_content->return->expr->name->name
2,197,rectangle_java2.jpg,rectangle_java2.jpg,13034664030,172,932.6258139534883,514.5720930232558,891.5,512,62,21,return,6,class->block->function->block->block_content->return->expr->name->name
2,197,rectangle_java2.jpg,rectangle_java2.jpg,13034763988,96,927.4758333333333,522.18125,891.5,512,62,21,return,6,class->block->function->block->block_content->return->expr->name->name
2,197,rectangle_java2.jpg,rectangle_java2.jpg,13035747914,104,880.0342307692308,556.8223076923077,883.5,549,10,21,{,1,class->block->function->block
2,197,rectangle_java2.jpg,rectangle_java2.jpg,13036259595,104,1124.9165384615385,514.6646153846153,1054.5,512,71,21,this.x1,7,class->block->function->block->block_content->return->expr->name->name->operator->name
2,197,rectangle_java2.jpg,rectangle_java2.jpg,13036259595,104,1124.9165384615385,514.6646153846153,1132.5,512,10,21,;,1,class->block->function->block
2,197,rectangle_java2.jpg,rectangle_java2.jpg,13036503415,240,1127.4546666666668,509.15599999999995,1132.5,512,10,21,;,1,class->block->function->block
2,197,rectangle_java2.jpg,rectangle_java2.jpg,13038099620,104,961.2576923076923,503.3626923076923,958.5,512,71,21,this.x2,7,class->block->function->block->block_content->return->expr->name->name->operator->name->operator
2,197,rectangle_java2.jpg,rectangle_java2.jpg,13038275646,172,949.9423255813954,517.0976744186047,891.5,512,62,21,return,6,class->block->function->block->block_content->return->expr->name->name
2,197,rectangle_java2.jpg,rectangle_java2.jpg,13038275646,172,949.9423255813954,517.0976744186047,958.5,512,71,21,this.x2,7,class->block->function->block->block_content->return->expr->name->name->operator->name->operator
2,197,rectangle_java2.jpg,rectangle_java2.jpg,13038443669,164,950.4787804878049,525.6914634146341,891.5,512,62,21,return,6,class->block->function->block->block_content->return->expr->name->name
2,197,rectangle_java2.jpg,rectangle_java2.jpg,13038443669,164,950.4787804878049,525.6914634146341,958.5,512,71,21,this.x2,7,class->block->function->block->block_content->return->expr->name->name->operator->name->operator
2,197,rectangle_java2.jpg,rectangle_java2.jpg,13038599698,152,941.3315789473684,536.9163157894736,900.5,549,63,21,return,6,class->block->function->block->block_content->return
2,197,rectangle_java2.jpg,rectangle_java2.jpg,13038723713,76,920.9794736842106,564.1942105263158,900.5,549,63,21,return,6,class->block->function->block->block_content->return
2,197,rectangle_java2.jpg,rectangle_java2.jpg,13038783705,56,872.4721428571429,564.7471428571429,863.5,549,9,21,),1,class->block->function->parameter_list
2,197,rectangle_java2.jpg,rectangle_java2.jpg,13038783705,56,872.4721428571429,564.7471428571429,883.5,549,10,21,{,1,class->block->function->block
2,197,rectangle_java2.jpg,rectangle_java2.jpg,13039011666,224,871.0621428571428,562.4032142857143,863.5,549,9,21,),1,class->block->function->parameter_list
2,197,rectangle_java2.jpg,rectangle_java2.jpg,13039011666,224,871.0621428571428,562.4032142857143,883.5,549,10,21,{,1,class->block->function->block
2,197,rectangle_java2.jpg,rectangle_java2.jpg,13039151662,136,886.6711764705882,559.1591176470588,883.5,549,10,21,{,1,class->block->function->block
2,197,rectangle_java2.jpg,rectangle_java2.jpg,13039287607,56,846.9035714285715,525.4935714285714,854.5,512,9,21,),1,class->block->function->parameter_list
2,197,rectangle_java2.jpg,rectangle_java2.jpg,13039547550,144,1127.5991666666666,541.5044444444444,1064.5,549,71,21,this.y1,7,class->block->function->block->block_content->return->expr->name->name->operator->name
2,197,rectangle_java2.jpg,rectangle_java2.jpg,13039807526,216,1047.403888888889,554.4474074074074,1045.5,549,13,21,-,1,class->block->function->block->block_content->return->expr->operator
2,197,rectangle_java2.jpg,rectangle_java2.jpg,13040063530,252,1049.8850793650793,562.5065079365079,1045.5,549,13,21,-,1,class->block->function->block->block_content->return->expr->operator
2,197,rectangle_java2.jpg,rectangle_java2.jpg,13040279508,164,893.6980487804879,556.8648780487805,900.5,549,63,21,return,6,class->block->function->block->block_content->return
2,197,rectangle_java2.jpg,rectangle_java2.jpg,13040343521,60,896.6973333333333,544.196,900.5,549,63,21,return,6,class->block->function->block->block_content->return
2,197,rectangle_java2.jpg,rectangle_java2.jpg,13040403548,56,933.3471428571429,548.7335714285714,900.5,549,63,21,return,6,class->block->function->block->block_content->return
2,197,rectangle_java2.jpg,rectangle_java2.jpg,13040631566,224,939.8682142857143,557.2457142857143,900.5,549,63,21,return,6,class->block->function->block->block_content->return
2,197,rectangle_java2.jpg,rectangle_java2.jpg,13040947348,56,974.9192857142857,565.5407142857143,968.5,549,70,21,this.y2,7,class->block->function->block->block_content->return->expr->name->name->operator->name
2,197,rectangle_java2.jpg,rectangle_java2.jpg,13041027308,76,975.8126315789474,565.6305263157894,968.5,549,70,21,this.y2,7,class->block->function->block->block_content->return->expr->name->name->operator->name
2,197,rectangle_java2.jpg,rectangle_java2.jpg,13041119349,88,981.4931818181818,563.9422727272728,968.5,549,70,21,this.y2,7,class->block->function->block->block_content->return->expr->name->name->operator->name
2,197,rectangle_java2.jpg,rectangle_java2.jpg,13041427670,68,870.3382352941177,646.3941176470588,826.5,658,52,20,rect1,5,class->block->function->block->block_content->decl_stmt->decl->name
2,197,rectangle_java2.jpg,rectangle_java2.jpg,13041652204,164,948.7136585365854,635.0251219512195,920.5,621,62,21,String,6,class->block->function->parameter_list->parameter->decl->type->name->name
2,197,rectangle_java2.jpg,rectangle_java2.jpg,13041863383,72,852.3172222222222,580.9627777777778,856.5,585,9,21,(,1,class->block->function->parameter_list
2,197,rectangle_java2.jpg,rectangle_java2.jpg,13041979395,100,940.9656,605.2072,910.5,585,62,21,return,6,class->block->function->block->block_content->return
2,197,rectangle_java2.jpg,rectangle_java2.jpg,13042087459,104,937.521923076923,619.9384615384615,920.5,621,62,21,String,6,class->block->function->parameter_list->parameter->decl->type->name->name
2,197,rectangle_java2.jpg,rectangle_java2.jpg,13042455386,96,1192.7979166666667,591.8529166666667,1140.5,585,110,21,this.height,11,class->block->function->block->block_content->return->expr->call->name->name->operator->name
2,197,rectangle_java2.jpg,rectangle_java2.jpg,13042555316,96,1195.385,604.4783333333334,1140.5,585,110,21,this.height,11,class->block->function->block->block_content->return->expr->call->name->name->operator->name
2,197,rectangle_java2.jpg,rectangle_java2.jpg,13042971128,64,970.2787500000001,602.44125,910.5,585,62,21,return,6,class->block->function->block->block_content->return
2,197,rectangle_java2.jpg,rectangle_java2.jpg,13042971128,64,970.2787500000001,602.44125,977.5,585,101,21,this.width,10,class->block->function->block->block_content->return->expr->call->name->name->operator->name
2,197,rectangle_java2.jpg,rectangle_java2.jpg,13043035266,60,969.0073333333333,596.802,910.5,585,62,21,return,6,class->block->function->block->block_content->return
2,197,rectangle_java2.jpg,rectangle_java2.jpg,13043035266,60,969.0073333333333,596.802,977.5,585,101,21,this.width,10,class->block->function->block->block_content->return->expr->call->name->name->operator->name
2,197,rectangle_java2.jpg,rectangle_java2.jpg,13043119270,80,976.197,614.0825,920.5,621,62,21,String,6,class->block->function->parameter_list->parameter->decl->type->name->name
2,197,rectangle_java2.jpg,rectangle_java2.jpg,13043211274,88,974.2618181818182,635.550909090909,920.5,621,62,21,String,6,class->block->function->parameter_list->parameter->decl->type->name->name
2,197,rectangle_java2.jpg,rectangle_java2.jpg,13043535312,288,913.8627777777778,626.1809722222222,920.5,621,62,21,String,6,class->block->function->parameter_list->parameter->decl->type->name->name
2,197,rectangle_java2.jpg,rectangle_java2.jpg,13043899297,60,1100.4633333333334,628.3313333333333,1094.5,621,10,21,{,1,class->block->function->block
2,197,rectangle_java2.jpg,rectangle_java2.jpg,13044123223,124,840.8606451612903,573.3916129032258,804.5,585,43,21,area,4,class->block->function->name
2,197,rectangle_java2.jpg,rectangle_java2.jpg,13045578892,104,1060.6634615384614,619.85,1025.5,621,42,21,args,4,class->block->function->parameter_list->parameter->decl->name
2,197,rectangle_java2.jpg,rectangle_java2.jpg,13045682819,100,1061.4884,624.0704,1025.5,621,42,21,args,4,class->block->function->parameter_list->parameter->decl->name
2,197,rectangle_java2.jpg,rectangle_java2.jpg,13045766915,72,913.36,617.7955555555556,904.5,621,9,21,(,1,class->block->function->parameter_list
2,197,rectangle_java2.jpg,rectangle_java2.jpg,13045766915,72,913.36,617.7955555555556,920.5,621,62,21,String,6,class->block->function->parameter_list->parameter->decl->type->name->name
2,197,rectangle_java2.jpg,rectangle_java2.jpg,13045834989,64,924.93375,613.41875,920.5,621,62,21,String,6,class->block->function->parameter_list->parameter->decl->type->name->name
2,197,rectangle_java2.jpg,rectangle_java2.jpg,13045910987,72,921.1244444444444,638.7244444444444,920.5,621,62,21,String,6,class->block->function->parameter_list->parameter->decl->type->name->name
2,197,rectangle_java2.jpg,rectangle_java2.jpg,13046090946,84,912.0247619047619,515.9938095238095,891.5,512,62,21,return,6,class->block->function->block->block_content->return->expr->name->name
2,197,rectangle_java2.jpg,rectangle_java2.jpg,13047150874,64,864.800625,431.30437499999994,856.5,440,10,21,;,1,class->block->constructor->block->block_content->expr_stmt
2,197,rectangle_java2.jpg,rectangle_java2.jpg,13047330723,84,981.687619047619,625.057619047619,920.5,621,62,21,String,6,class->block->function->parameter_list->parameter->decl->type->name->name
2,197,rectangle_java2.jpg,rectangle_java2.jpg,13047330723,84,981.687619047619,625.057619047619,990.5,621,10,21,[,1,class->block->function->parameter_list->parameter->decl->type->name->index
2,197,rectangle_java2.jpg,rectangle_java2.jpg,13047498832,164,978.7263414634147,634.9290243902439,920.5,621,62,21,String,6,class->block->function->parameter_list->parameter->decl->type->name->name
2,197,rectangle_java2.jpg,rectangle_java2.jpg,13047498832,164,978.7263414634147,634.9290243902439,990.5,621,10,21,[,1,class->block->function->parameter_list->parameter->decl->type->name->index
2,197,rectangle_java2.jpg,rectangle_java2.jpg,13048514919,160,1142.584,650.2915,1134.5,658,22,20,10,2,class->block->function->block->block_content->decl_stmt->decl->init->expr->call->argument_list->argument->expr->literal
2,197,rectangle_java2.jpg,rectangle_java2.jpg,13048802773,160,1063.87525,638.93375,1025.5,621,42,21,args,4,class->block->function->parameter_list->parameter->decl->name
2,197,rectangle_java2.jpg,rectangle_java2.jpg,13048802773,160,1063.87525,638.93375,1074.5,621,10,21,),1,class->block->function->parameter_list
2,197,rectangle_java2.jpg,rectangle_java2.jpg,13049174720,60,1133.1033333333332,513.688,1132.5,512,10,21,;,1,class->block->function->block
2,197,rectangle_java2.jpg,rectangle_java2.jpg,13050386536,80,1024.6545,502.71000000000004,958.5,512,71,21,this.x2,7,class->block->function->block->block_content->return->expr->name->name->operator->name->operator
2,197,rectangle_java2.jpg,rectangle_java2.jpg,13050386536,80,1024.6545,502.71000000000004,1035.5,512,13,21,-,1,class->block->function->block->block_content->return->expr->name->name
2,197,rectangle_java2.jpg,rectangle_java2.jpg,13051542801,108,1058.3885185185186,616.195925925926,1025.5,621,42,21,args,4,class->block->function->parameter_list->parameter->decl->name
2,197,rectangle_java2.jpg,rectangle_java2.jpg,13051626938,80,1057.1265,610.5795,1025.5,621,42,21,args,4,class->block->function->parameter_list->parameter->decl->name
2,197,rectangle_java2.jpg,rectangle_java2.jpg,13052650458,144,1265.6766666666667,602.3963888888889,1259.5,585,9,21,(,1,class->block->function->block->block_content->return->expr->call->argument_list
2,197,rectangle_java2.jpg,rectangle_java2.jpg,13052650458,144,1265.6766666666667,602.3963888888889,1276.5,585,9,21,),1,class->block->function->block->block_content->return->expr->call->argument_list
2,197,rectangle_java2.jpg,rectangle_java2.jpg,13053894364,60,924.394,634.6973333333333,920.5,621,62,21,String,6,class->block->function->parameter_list->parameter->decl->type->name->name
2,197,rectangle_java2.jpg,rectangle_java2.jpg,13053998354,100,915.7552000000001,631.0228,920.5,621,62,21,String,6,class->block->function->parameter_list->parameter->decl->type->name->name
2,197,rectangle_java2.jpg,rectangle_java2.jpg,13054098348,96,926.55875,634.3975,920.5,621,62,21,String,6,class->block->function->parameter_list->parameter->decl->type->name->name
2,197,rectangle_java2.jpg,rectangle_java2.jpg,13054198344,68,919.7241176470588,636.7194117647059,920.5,621,62,21,String,6,class->block->function->parameter_list->parameter->decl->type->name->name
2,197,rectangle_java2.jpg,rectangle_java2.jpg,13054518380,232,858.9463793103448,638.0784482758621,851.5,621,44,21,main,4,class->block->function->name
2,197,rectangle_java2.jpg,rectangle_java2.jpg,13055078045,200,1049.8804,630.8282,1025.5,621,42,21,args,4,class->block->function->parameter_list->parameter->decl->name
2,197,rectangle_java2.jpg,rectangle_java2.jpg,13055366199,56,922.6378571428571,629.9907142857143,920.5,621,62,21,String,6,class->block->function->parameter_list->parameter->decl->type->name->name
2,197,rectangle_java2.jpg,rectangle_java2.jpg,13055470208,100,916.9096,621.1012,920.5,621,62,21,String,6,class->block->function->parameter_list->parameter->decl->type->name->name
2,197,rectangle_java2.jpg,rectangle_java2.jpg,13055534216,60,918.82,634.848,920.5,621,62,21,String,6,class->block->function->parameter_list->parameter->decl->type->name->name
2,197,rectangle_java2.jpg,rectangle_java2.jpg,13055878154,100,952.5456,613.9564,920.5,621,62,21,String,6,class->block->function->parameter_list->parameter->decl->type->name->name
2,197,rectangle_java2.jpg,rectangle_java2.jpg,13056154243,192,961.9872916666667,551.2639583333333,900.5,549,63,21,return,6,class->block->function->block->block_content->return
2,197,rectangle_java2.jpg,rectangle_java2.jpg,13056154243,192,961.9872916666667,551.2639583333333,968.5,549,70,21,this.y2,7,class->block->function->block->block_content->return->expr->name->name->operator->name
2,197,rectangle_java2.jpg,rectangle_java2.jpg,13056286276,128,967.64625,558.8484375,968.5,549,70,21,this.y2,7,class->block->function->block->block_content->return->expr->name->name->operator->name
2,197,rectangle_java2.jpg,rectangle_java2.jpg,13056434291,116,1124.8306896551724,562.7358620689655,1064.5,549,71,21,this.y1,7,class->block->function->block->block_content->return->expr->name->name->operator->name
2,197,rectangle_java2.jpg,rectangle_java2.jpg,13056526163,88,1121.6868181818181,566.725,1064.5,549,71,21,this.y1,7,class->block->function->block->block_content->return->expr->name->name->operator->name
2,197,rectangle_java2.jpg,rectangle_java2.jpg,13056586025,56,1122.06,563.1685714285715,1064.5,549,71,21,this.y1,7,class->block->function->block->block_content->return->expr->name->name->operator->name
2,197,rectangle_java2.jpg,rectangle_java2.jpg,13056701901,64,1117.320625,558.978125,1064.5,549,71,21,this.y1,7,class->block->function->block->block_content->return->expr->name->name->operator->name
2,197,rectangle_java2.jpg,rectangle_java2.jpg,13056785984,80,1063.7375,560.941,1064.5,549,71,21,this.y1,7,class->block->function->block->block_content->return->expr->name->name->operator->name
2,197,rectangle_java2.jpg,rectangle_java2.jpg,13056938059,148,1057.027027027027,562.9221621621622,1045.5,549,13,21,-,1,class->block->function->block->block_content->return->expr->operator
2,197,rectangle_java2.jpg,rectangle_java2.jpg,13056938059,148,1057.027027027027,562.9221621621622,1064.5,549,71,21,this.y1,7,class->block->function->block->block_content->return->expr->name->name->operator->name
2,197,rectangle_java2.jpg,rectangle_java2.jpg,13057334250,68,1084.2494117647059,509.49411764705883,1054.5,512,71,21,this.x1,7,class->block->function->block->block_content->return->expr->name->name->operator->name
2,197,rectangle_java2.jpg,rectangle_java2.jpg,13057394361,56,1080.4514285714286,516.6528571428571,1054.5,512,71,21,this.x1,7,class->block->function->block->block_content->return->expr->name->name->operator->name
2,197,rectangle_java2.jpg,rectangle_java2.jpg,13057494465,96,1074.8879166666666,522.0279166666667,1054.5,512,71,21,this.x1,7,class->block->function->block->block_content->return->expr->name->name->operator->name
2,197,rectangle_java2.jpg,rectangle_java2.jpg,13057694148,140,1018.9557142857143,517.4625714285714,958.5,512,71,21,this.x2,7,class->block->function->block->block_content->return->expr->name->name->operator->name->operator
2,197,rectangle_java2.jpg,rectangle_java2.jpg,13057914119,120,892.878,502.914,891.5,512,62,21,return,6,class->block->function->block->block_content->return->expr->name->name
2,197,rectangle_java2.jpg,rectangle_java2.jpg,13058042145,124,894.271935483871,513.7245161290323,891.5,512,62,21,return,6,class->block->function->block->block_content->return->expr->name->name
2,197,rectangle_java2.jpg,rectangle_java2.jpg,13058114098,68,883.9770588235294,504.6988235294118,874.5,512,10,21,{,1,class->block->function->block
2,197,rectangle_java2.jpg,rectangle_java2.jpg,13058114098,68,883.9770588235294,504.6988235294118,891.5,512,62,21,return,6,class->block->function->block->block_content->return->expr->name->name
2,197,rectangle_java2.jpg,rectangle_java2.jpg,13058194023,76,878.7357894736842,506.9573684210527,874.5,512,10,21,{,1,class->block->function->block
2,197,rectangle_java2.jpg,rectangle_java2.jpg,13058265979,60,809.2266666666667,508.2586666666666,775.5,512,53,21,width,5,class->block->function->name
2,197,rectangle_java2.jpg,rectangle_java2.jpg,13058605981,76,1052.7115789473685,514.9,1054.5,512,71,21,this.x1,7,class->block->function->block->block_content->return->expr->name->name->operator->name
2,197,rectangle_java2.jpg,rectangle_java2.jpg,13058893905,92,974.5552173913044,508.65565217391304,958.5,512,71,21,this.x2,7,class->block->function->block->block_content->return->expr->name->name->operator->name->operator
2,197,rectangle_java2.jpg,rectangle_java2.jpg,13058953902,56,971.9235714285714,503.39857142857136,958.5,512,71,21,this.x2,7,class->block->function->block->block_content->return->expr->name->name->operator->name->operator
2,197,rectangle_java2.jpg,rectangle_java2.jpg,13059077907,120,970.8726666666666,515.3656666666667,958.5,512,71,21,this.x2,7,class->block->function->block->block_content->return->expr->name->name->operator->name->operator
2,197,rectangle_java2.jpg,rectangle_java2.jpg,13059233930,136,903.9491176470589,520.890294117647,891.5,512,62,21,return,6,class->block->function->block->block_content->return->expr->name->name
2,197,rectangle_java2.jpg,rectangle_java2.jpg,13060333821,168,966.827619047619,519.23,958.5,512,71,21,this.x2,7,class->block->function->block->block_content->return->expr->name->name->operator->name->operator
2,197,rectangle_java2.jpg,rectangle_java2.jpg,13060533795,60,932.8446666666666,562.5213333333334,900.5,549,63,21,return,6,class->block->function->block->block_content->return
2,197,rectangle_java2.jpg,rectangle_java2.jpg,13060605796,68,921.3164705882353,558.6429411764706,900.5,549,63,21,return,6,class->block->function->block->block_content->return
2,197,rectangle_java2.jpg,rectangle_java2.jpg,13061573642,116,767.3903448275862,454.61482758620696,730.5,440,71,21,this.y2,7,class->block->constructor->block->block_content->expr_stmt->expr->name->name->operator->name
2,197,rectangle_java2.jpg,rectangle_java2.jpg,13062653652,344,935.2666279069767,682.2866279069767,932.5,694,100,21,rect1.area,10,class->block->function->block->block_content->expr_stmt->expr->call->argument_list->argument->expr->call->name->name->operator->name
2,197,rectangle_java2.jpg,rectangle_java2.jpg,13062741666,84,941.6995238095238,685.2204761904762,932.5,694,100,21,rect1.area,10,class->block->function->block->block_content->expr_stmt->expr->call->argument_list->argument->expr->call->name->name->operator->name
2,197,rectangle_java2.jpg,rectangle_java2.jpg,13062965609,152,861.0673684210526,703.6965789473684,730.5,694,177,21,System.out.println,18,class->block->function->block->block_content->expr_stmt->expr->call->name->name->operator->name->operator->name
2,197,rectangle_java2.jpg,rectangle_java2.jpg,13063133610,164,834.5031707317073,703.3551219512195,730.5,694,177,21,System.out.println,18,class->block->function->block->block_content->expr_stmt->expr->call->name->name->operator->name->operator->name
2,197,rectangle_java2.jpg,rectangle_java2.jpg,13063757465,180,1026.8562222222222,657.6884444444445,941.5,658,91,20,Rectangle,9,class->block->function->block->block_content->decl_stmt->decl->init->expr->call->name
2,197,rectangle_java2.jpg,rectangle_java2.jpg,13063837614,60,934.4466666666667,663.284,902.5,658,34,20,new,3,class->block->function->block->block_content->decl_stmt->decl->init->expr->operator
2,197,rectangle_java2.jpg,rectangle_java2.jpg,13063837614,60,934.4466666666667,663.284,941.5,658,91,20,Rectangle,9,class->block->function->block->block_content->decl_stmt->decl->init->expr->call->name
2,197,rectangle_java2.jpg,rectangle_java2.jpg,13063921591,80,926.907,660.468,902.5,658,34,20,new,3,class->block->function->block->block_content->decl_stmt->decl->init->expr->operator
2,197,rectangle_java2.jpg,rectangle_java2.jpg,13064017566,92,929.35,661.5852173913044,902.5,658,34,20,new,3,class->block->function->block->block_content->decl_stmt->decl->init->expr->operator
2,197,rectangle_java2.jpg,rectangle_java2.jpg,13064017566,92,929.35,661.5852173913044,941.5,658,91,20,Rectangle,9,class->block->function->block->block_content->decl_stmt->decl->init->expr->call->name
2,197,rectangle_java2.jpg,rectangle_java2.jpg,13064173499,152,934.6642105263157,655.8318421052631,902.5,658,34,20,new,3,class->block->function->block->block_content->decl_stmt->decl->init->expr->operator
2,197,rectangle_java2.jpg,rectangle_java2.jpg,13064173499,152,934.6642105263157,655.8318421052631,941.5,658,91,20,Rectangle,9,class->block->function->block->block_content->decl_stmt->decl->init->expr->call->name
2,197,rectangle_java2.jpg,rectangle_java2.jpg,13064417478,148,932.5764864864865,733.8951351351351,902.5,731,34,20,new,3,class->block->function->block->block_content->decl_stmt->decl->init->expr->operator
2,197,rectangle_java2.jpg,rectangle_java2.jpg,13064417478,148,932.5764864864865,733.8951351351351,941.5,731,91,20,Rectangle,9,class->block->function->block->block_content->decl_stmt->decl->init->expr->call->name
2,197,rectangle_java2.jpg,rectangle_java2.jpg,13064713431,244,838.4575409836066,728.2440983606557,826.5,731,51,20,rect2,5,class->block->function->block->block_content->decl_stmt->decl->name
2,197,rectangle_java2.jpg,rectangle_java2.jpg,13064845466,72,786.8216666666667,776.8494444444444,730.5,766,177,21,System.out.println,18,class->block->function->block->block_content->expr_stmt->expr->call->name->name->operator->name->operator->name
2,197,rectangle_java2.jpg,rectangle_java2.jpg,13064921467,72,793.43,777.9433333333334,730.5,766,177,21,System.out.println,18,class->block->function->block->block_content->expr_stmt->expr->call->name->name->operator->name->operator->name
2,197,rectangle_java2.jpg,rectangle_java2.jpg,13073236797,116,980.0889655172414,573.6048275862069,977.5,585,101,21,this.width,10,class->block->function->block->block_content->return->expr->call->name->name->operator->name
2,197,rectangle_java2.jpg,rectangle_java2.jpg,13075636502,64,1028.139375,760.12375,932.5,766,100,21,rect2.area,10,class->block->function->block->block_content->expr_stmt->expr->call->argument_list->argument->expr->call->name->name->operator->name
