trial,participant,code_file,code_language,timestamp,duration,x_cord,y_cord,aoi_x,aoi_y,aoi_width,aoi_height,token,length,srcML
2,174,rectangle_java2.jpg,rectangle_java2.jpg,816400565,64,884.355625,250.13874999999996,881.5,259,23,21,x2,2,class->block->decl_stmt->decl->name
2,174,rectangle_java2.jpg,rectangle_java2.jpg,816636575,56,918.39,274.0707142857143,911.5,259,10,21,",",1,class->block->decl_stmt
2,174,rectangle_java2.jpg,rectangle_java2.jpg,816636575,56,918.39,274.0707142857143,929.5,259,23,21,y2,2,class->block->decl_stmt->decl->name
2,174,rectangle_java2.jpg,rectangle_java2.jpg,817160939,88,957.6945454545455,287.8127272727273,939.5,295,33,21,int,3,class->block->constructor->parameter_list->parameter->decl->type->name
2,174,rectangle_java2.jpg,rectangle_java2.jpg,832951495,60,1135.2186666666666,290.7613333333333,1112.5,295,33,21,int,3,class->block->constructor->parameter_list->parameter->decl->type->name
2,174,rectangle_java2.jpg,rectangle_java2.jpg,833759472,64,834.25875,292.413125,837.5,295,9,21,(,1,class->block->constructor->parameter_list
2,174,rectangle_java2.jpg,rectangle_java2.jpg,836213367,60,821.9506666666666,293.56666666666666,737.5,295,91,21,Rectangle,9,class->block->constructor->name
2,174,rectangle_java2.jpg,rectangle_java2.jpg,836757799,56,767.3721428571429,319.2842857142857,730.5,331,71,19,this.x1,7,class->block->constructor->block->block_content->expr_stmt->expr->name->name->operator->name
2,174,rectangle_java2.jpg,rectangle_java2.jpg,836993747,64,793.698125,343.183125,730.5,331,71,19,this.x1,7,class->block->constructor->block->block_content->expr_stmt->expr->name->name->operator->name
2,174,rectangle_java2.jpg,rectangle_java2.jpg,837117799,56,801.6864285714286,362.01428571428573,806.5,367,15,21,=,1,class->block->constructor->block->block_content->expr_stmt->expr->operator
2,174,rectangle_java2.jpg,rectangle_java2.jpg,837509720,56,816.99,356.01928571428573,806.5,367,15,21,=,1,class->block->constructor->block->block_content->expr_stmt->expr->operator
2,174,rectangle_java2.jpg,rectangle_java2.jpg,837509720,56,816.99,356.01928571428573,826.5,367,23,21,y1,2,class->block->constructor->block->block_content->expr_stmt->expr->name->name
2,174,rectangle_java2.jpg,rectangle_java2.jpg,837949426,80,738.3285,248.3465,669.5,259,72,21,private,7,class->block->decl_stmt->decl->type->specifier
2,174,rectangle_java2.jpg,rectangle_java2.jpg,837949426,80,738.3285,248.3465,747.5,259,33,21,int,3,class->block->decl_stmt->decl->type->name
2,174,rectangle_java2.jpg,rectangle_java2.jpg,838953660,60,803.5013333333333,307.804,737.5,295,91,21,Rectangle,9,class->block->constructor->name
2,174,rectangle_java2.jpg,rectangle_java2.jpg,846040660,72,825.9988888888889,348.62111111111113,826.5,331,23,19,x1,2,class->block->constructor->block->block_content->expr_stmt->expr->name->name
2,174,rectangle_java2.jpg,rectangle_java2.jpg,850603454,60,797.5593333333334,504.45000000000005,775.5,512,53,21,width,5,class->block->function->name
2,174,rectangle_java2.jpg,rectangle_java2.jpg,850815482,64,728.0225,537.858125,669.5,549,63,21,public,6,class->block->function->type->specifier
2,174,rectangle_java2.jpg,rectangle_java2.jpg,850815482,64,728.0225,537.858125,737.5,549,33,21,int,3,class->block->function->type->name
2,174,rectangle_java2.jpg,rectangle_java2.jpg,850907413,68,799.0494117647058,550.2452941176471,775.5,549,62,21,height,6,class->block->function->name
2,174,rectangle_java2.jpg,rectangle_java2.jpg,851003240,92,798.2804347826087,540.6608695652174,775.5,549,62,21,height,6,class->block->function->name
2,174,rectangle_java2.jpg,rectangle_java2.jpg,851439364,64,904.4025,559.48875,900.5,549,63,21,return,6,class->block->function->block->block_content->return
2,174,rectangle_java2.jpg,rectangle_java2.jpg,851975369,92,999.4234782608696,579.4295652173913,977.5,585,101,21,this.width,10,class->block->function->block->block_content->return->expr->call->name->name->operator->name
2,174,rectangle_java2.jpg,rectangle_java2.jpg,852983332,84,703.347619047619,528.0661904761905,669.5,512,63,21,public,6,class->block->function->type->specifier
2,174,rectangle_java2.jpg,rectangle_java2.jpg,853115157,128,713.3371875,523.55,669.5,512,63,21,public,6,class->block->function->type->specifier
2,174,rectangle_java2.jpg,rectangle_java2.jpg,853339163,56,779.7621428571429,564.7671428571429,775.5,549,62,21,height,6,class->block->function->name
2,174,rectangle_java2.jpg,rectangle_java2.jpg,853831213,104,942.5057692307693,578.7723076923077,910.5,585,62,21,return,6,class->block->function->block->block_content->return
2,174,rectangle_java2.jpg,rectangle_java2.jpg,855987120,124,747.51,542.7080645161291,737.5,549,33,21,int,3,class->block->function->type->name
2,174,rectangle_java2.jpg,rectangle_java2.jpg,856422952,64,906.626875,584.04625,910.5,585,62,21,return,6,class->block->function->block->block_content->return
2,174,rectangle_java2.jpg,rectangle_java2.jpg,857118978,56,781.6014285714285,582.0307142857143,737.5,585,62,21,double,6,class->block->function->type->name
2,174,rectangle_java2.jpg,rectangle_java2.jpg,858098745,80,775.49,561.9525,775.5,549,62,21,height,6,class->block->function->name
2,174,rectangle_java2.jpg,rectangle_java2.jpg,858334718,76,944.2152631578947,554.5684210526316,900.5,549,63,21,return,6,class->block->function->block->block_content->return
2,174,rectangle_java2.jpg,rectangle_java2.jpg,858402438,56,958.7314285714285,557.3528571428571,900.5,549,63,21,return,6,class->block->function->block->block_content->return
2,174,rectangle_java2.jpg,rectangle_java2.jpg,858402438,56,958.7314285714285,557.3528571428571,968.5,549,70,21,this.y2,7,class->block->function->block->block_content->return->expr->name->name->operator->name
2,174,rectangle_java2.jpg,rectangle_java2.jpg,859066752,60,954.1613333333333,595.646,910.5,585,62,21,return,6,class->block->function->block->block_content->return
2,174,rectangle_java2.jpg,rectangle_java2.jpg,860002674,60,741.5426666666667,525.0706666666667,737.5,512,33,21,int,3,class->block->function->type->name
2,174,rectangle_java2.jpg,rectangle_java2.jpg,860178662,68,776.5941176470589,551.9841176470588,775.5,549,62,21,height,6,class->block->function->name
2,174,rectangle_java2.jpg,rectangle_java2.jpg,860254681,72,762.6222222222223,554.3544444444444,737.5,549,33,21,int,3,class->block->function->type->name
2,174,rectangle_java2.jpg,rectangle_java2.jpg,860778697,68,786.7847058823529,516.2305882352941,775.5,512,53,21,width,5,class->block->function->name
2,174,rectangle_java2.jpg,rectangle_java2.jpg,862250563,68,923.3082352941177,578.8641176470588,910.5,585,62,21,return,6,class->block->function->block->block_content->return
2,174,rectangle_java2.jpg,rectangle_java2.jpg,862366509,56,895.9964285714286,557.215,900.5,549,63,21,return,6,class->block->function->block->block_content->return
2,174,rectangle_java2.jpg,rectangle_java2.jpg,862458441,88,909.5990909090909,563.7209090909091,900.5,549,63,21,return,6,class->block->function->block->block_content->return
2,174,rectangle_java2.jpg,rectangle_java2.jpg,863614397,56,786.54,557.84,775.5,549,62,21,height,6,class->block->function->name
2,174,rectangle_java2.jpg,rectangle_java2.jpg,896642153,56,935.1464285714286,514.2642857142857,891.5,512,62,21,return,6,class->block->function->block->block_content->return->expr->name->name
2,174,rectangle_java2.jpg,rectangle_java2.jpg,896814173,88,934.3640909090909,528.62,891.5,512,62,21,return,6,class->block->function->block->block_content->return->expr->name->name
2,174,rectangle_java2.jpg,rectangle_java2.jpg,897054164,80,866.1850000000001,629.4175,851.5,621,44,21,main,4,class->block->function->name
2,174,rectangle_java2.jpg,rectangle_java2.jpg,899529848,76,867.6047368421052,515.4826315789473,874.5,512,10,21,{,1,class->block->function->block
2,174,rectangle_java2.jpg,rectangle_java2.jpg,904577536,56,959.3571428571429,277.475,959.5,259,10,21,;,1,class->block->decl_stmt
2,174,rectangle_java2.jpg,rectangle_java2.jpg,911584814,68,1098.5964705882352,552.3264705882353,1064.5,549,71,21,this.y1,7,class->block->function->block->block_content->return->expr->name->name->operator->name
2,174,rectangle_java2.jpg,rectangle_java2.jpg,916416509,80,956.1415,552.3905,900.5,549,63,21,return,6,class->block->function->block->block_content->return
2,174,rectangle_java2.jpg,rectangle_java2.jpg,916416509,80,956.1415,552.3905,968.5,549,70,21,this.y2,7,class->block->function->block->block_content->return->expr->name->name->operator->name
2,174,rectangle_java2.jpg,rectangle_java2.jpg,929788612,64,1138.67375,561.823125,1142.5,549,10,21,;,1,class->block->function->block->block_content->return
2,174,rectangle_java2.jpg,rectangle_java2.jpg,929881127,56,1116.6942857142858,546.4564285714285,1064.5,549,71,21,this.y1,7,class->block->function->block->block_content->return->expr->name->name->operator->name
2,174,rectangle_java2.jpg,rectangle_java2.jpg,933762461,80,838.6355,528.1135,837.5,512,9,21,(,1,class->block->function->parameter_list
2,174,rectangle_java2.jpg,rectangle_java2.jpg,934662392,60,833.712,330.68666666666667,826.5,331,23,19,x1,2,class->block->constructor->block->block_content->expr_stmt->expr->name->name
