trial,participant,code_file,code_language,timestamp,duration,x_cord,y_cord,aoi_x,aoi_y,aoi_width,aoi_height,token,length,srcML
2,192,rectangle_java2.jpg,rectangle_java2.jpg,8333512359,188,850.1095744680852,358.7868085106383,856.5,367,10,21,;,1,class->block->constructor->block->block_content->expr_stmt
2,192,rectangle_java2.jpg,rectangle_java2.jpg,8333704766,156,734.7602564102564,252.96128205128207,669.5,259,72,21,private,7,class->block->decl_stmt->decl->type->specifier
2,192,rectangle_java2.jpg,rectangle_java2.jpg,8334744748,100,675.6648,249.66880000000003,669.5,259,72,21,private,7,class->block->decl_stmt->decl->type->specifier
2,192,rectangle_java2.jpg,rectangle_java2.jpg,8334872742,124,675.146129032258,257.17806451612904,669.5,259,72,21,private,7,class->block->decl_stmt->decl->type->specifier
2,192,rectangle_java2.jpg,rectangle_java2.jpg,8335092597,156,751.4728205128205,250.89128205128202,747.5,259,33,21,int,3,class->block->decl_stmt->decl->type->name
2,192,rectangle_java2.jpg,rectangle_java2.jpg,8335428547,140,718.866,266.7617142857143,669.5,259,72,21,private,7,class->block->decl_stmt->decl->type->specifier
2,192,rectangle_java2.jpg,rectangle_java2.jpg,8335556618,124,710.5135483870968,274.0738709677419,669.5,259,72,21,private,7,class->block->decl_stmt->decl->type->specifier
2,192,rectangle_java2.jpg,rectangle_java2.jpg,8335632670,72,705.4361111111111,267.5711111111111,669.5,259,72,21,private,7,class->block->decl_stmt->decl->type->specifier
2,192,rectangle_java2.jpg,rectangle_java2.jpg,8335940590,276,764.8982608695652,261.34608695652173,747.5,259,33,21,int,3,class->block->decl_stmt->decl->type->name
2,192,rectangle_java2.jpg,rectangle_java2.jpg,8336400591,372,826.2713978494623,262.37032258064517,833.5,259,23,21,y1,2,class->block->decl_stmt->decl->name
2,192,rectangle_java2.jpg,rectangle_java2.jpg,8336680202,276,841.8721739130435,262.09057971014494,833.5,259,23,21,y1,2,class->block->decl_stmt->decl->name
2,192,rectangle_java2.jpg,rectangle_java2.jpg,8336808360,124,877.4367741935484,259.4235483870968,881.5,259,23,21,x2,2,class->block->decl_stmt->decl->name
2,192,rectangle_java2.jpg,rectangle_java2.jpg,8336876412,64,882.753125,255.99125000000004,881.5,259,23,21,x2,2,class->block->decl_stmt->decl->name
2,192,rectangle_java2.jpg,rectangle_java2.jpg,8337164474,92,877.9221739130435,251.61173913043478,881.5,259,23,21,x2,2,class->block->decl_stmt->decl->name
2,192,rectangle_java2.jpg,rectangle_java2.jpg,8337456440,244,822.1314754098361,256.9834426229508,815.5,259,10,21,",",1,class->block->decl_stmt
2,192,rectangle_java2.jpg,rectangle_java2.jpg,8337456440,244,822.1314754098361,256.9834426229508,833.5,259,23,21,y1,2,class->block->decl_stmt->decl->name
2,192,rectangle_java2.jpg,rectangle_java2.jpg,8337736466,252,771.6033333333334,255.71301587301588,747.5,259,33,21,int,3,class->block->decl_stmt->decl->type->name
2,192,rectangle_java2.jpg,rectangle_java2.jpg,8337884445,116,816.2310344827587,253.3110344827586,815.5,259,10,21,",",1,class->block->decl_stmt
2,192,rectangle_java2.jpg,rectangle_java2.jpg,8338156364,72,812.4088888888889,263.24944444444446,815.5,259,10,21,",",1,class->block->decl_stmt
2,192,rectangle_java2.jpg,rectangle_java2.jpg,8338236682,76,811.5142105263158,272.81631578947366,815.5,259,10,21,",",1,class->block->decl_stmt
2,192,rectangle_java2.jpg,rectangle_java2.jpg,8338468450,204,761.276862745098,247.2307843137255,747.5,259,33,21,int,3,class->block->decl_stmt->decl->type->name
2,192,rectangle_java2.jpg,rectangle_java2.jpg,8338576372,104,767.3142307692308,246.5896153846154,747.5,259,33,21,int,3,class->block->decl_stmt->decl->type->name
2,192,rectangle_java2.jpg,rectangle_java2.jpg,8339072382,280,783.4907142857143,257.026,785.5,259,23,21,x1,2,class->block->decl_stmt->decl->name
2,192,rectangle_java2.jpg,rectangle_java2.jpg,8339148385,72,786.0338888888889,264.9327777777778,785.5,259,23,21,x1,2,class->block->decl_stmt->decl->name
2,192,rectangle_java2.jpg,rectangle_java2.jpg,8339424397,76,755.2363157894737,224.07947368421054,715.5,222,90,21,Rectangle,9,class->name
2,192,rectangle_java2.jpg,rectangle_java2.jpg,8340008153,252,751.6828571428572,260.1152380952381,747.5,259,33,21,int,3,class->block->decl_stmt->decl->type->name
2,192,rectangle_java2.jpg,rectangle_java2.jpg,8340640220,160,807.4155,276.923,785.5,259,23,21,x1,2,class->block->decl_stmt->decl->name
2,192,rectangle_java2.jpg,rectangle_java2.jpg,8340640220,160,807.4155,276.923,815.5,259,10,21,",",1,class->block->decl_stmt
2,192,rectangle_java2.jpg,rectangle_java2.jpg,8340988204,344,811.9738372093024,258.0903488372093,815.5,259,10,21,",",1,class->block->decl_stmt
2,192,rectangle_java2.jpg,rectangle_java2.jpg,8341052189,60,821.604,259.864,815.5,259,10,21,",",1,class->block->decl_stmt
2,192,rectangle_java2.jpg,rectangle_java2.jpg,8341052189,60,821.604,259.864,833.5,259,23,21,y1,2,class->block->decl_stmt->decl->name
2,192,rectangle_java2.jpg,rectangle_java2.jpg,8341184115,96,871.8275,249.03541666666666,863.5,259,10,21,",",1,class->block->decl_stmt
2,192,rectangle_java2.jpg,rectangle_java2.jpg,8341184115,96,871.8275,249.03541666666666,881.5,259,23,21,x2,2,class->block->decl_stmt->decl->name
2,192,rectangle_java2.jpg,rectangle_java2.jpg,8341444033,80,851.387,254.1735,833.5,259,23,21,y1,2,class->block->decl_stmt->decl->name
2,192,rectangle_java2.jpg,rectangle_java2.jpg,8341444033,80,851.387,254.1735,863.5,259,10,21,",",1,class->block->decl_stmt
2,192,rectangle_java2.jpg,rectangle_java2.jpg,8341664029,216,850.6766666666666,263.1587037037037,833.5,259,23,21,y1,2,class->block->decl_stmt->decl->name
2,192,rectangle_java2.jpg,rectangle_java2.jpg,8342196107,276,847.1986956521739,256.7050724637681,833.5,259,23,21,y1,2,class->block->decl_stmt->decl->name
2,192,rectangle_java2.jpg,rectangle_java2.jpg,8342416044,56,836.9157142857143,254.25428571428574,833.5,259,23,21,y1,2,class->block->decl_stmt->decl->name
2,192,rectangle_java2.jpg,rectangle_java2.jpg,8342556105,136,834.9082352941176,271.80470588235295,833.5,259,23,21,y1,2,class->block->decl_stmt->decl->name
2,192,rectangle_java2.jpg,rectangle_java2.jpg,8342743903,156,798.8110256410256,254.3346153846154,785.5,259,23,21,x1,2,class->block->decl_stmt->decl->name
2,192,rectangle_java2.jpg,rectangle_java2.jpg,8342999901,56,815.6592857142857,228.28285714285715,813.5,222,10,21,{,1,class->block
2,192,rectangle_java2.jpg,rectangle_java2.jpg,8343139914,136,817.5497058823529,235.5714705882353,813.5,222,10,21,{,1,class->block
2,192,rectangle_java2.jpg,rectangle_java2.jpg,8343459936,316,817.9787341772152,241.47392405063295,813.5,222,10,21,{,1,class->block
2,192,rectangle_java2.jpg,rectangle_java2.jpg,8343655899,192,816.2822916666667,255.3825,815.5,259,10,21,",",1,class->block->decl_stmt
2,192,rectangle_java2.jpg,rectangle_java2.jpg,8343731923,72,786.1861111111111,246.79611111111114,785.5,259,23,21,x1,2,class->block->decl_stmt->decl->name
2,192,rectangle_java2.jpg,rectangle_java2.jpg,8343795943,60,783.776,253.34000000000003,785.5,259,23,21,x1,2,class->block->decl_stmt->decl->name
2,192,rectangle_java2.jpg,rectangle_java2.jpg,8344175907,140,775.3365714285715,260.97542857142855,747.5,259,33,21,int,3,class->block->decl_stmt->decl->type->name
2,192,rectangle_java2.jpg,rectangle_java2.jpg,8344175907,140,775.3365714285715,260.97542857142855,785.5,259,23,21,x1,2,class->block->decl_stmt->decl->name
2,192,rectangle_java2.jpg,rectangle_java2.jpg,8344503679,64,807.065,240.111875,813.5,222,10,21,{,1,class->block
2,192,rectangle_java2.jpg,rectangle_java2.jpg,8344867581,72,858.3338888888889,262.0622222222222,863.5,259,10,21,",",1,class->block->decl_stmt
2,192,rectangle_java2.jpg,rectangle_java2.jpg,8344947671,56,711.87,303.9007142857143,669.5,295,63,21,public,6,class->block->constructor->specifier
2,192,rectangle_java2.jpg,rectangle_java2.jpg,8345379740,136,721.5638235294118,291.8982352941176,669.5,295,63,21,public,6,class->block->constructor->specifier
2,192,rectangle_java2.jpg,rectangle_java2.jpg,8345459745,76,732.838947368421,286.7178947368421,737.5,295,91,21,Rectangle,9,class->block->constructor->name
2,192,rectangle_java2.jpg,rectangle_java2.jpg,8345643804,112,876.3996428571429,300.7660714285714,853.5,295,32,21,int,3,class->block->constructor->parameter_list->parameter->decl->type->name
2,192,rectangle_java2.jpg,rectangle_java2.jpg,8345780167,100,740.76,376.0348,730.5,367,71,21,this.y1,7,class->block->constructor->block->block_content->expr_stmt->expr->name->name->operator->name
2,192,rectangle_java2.jpg,rectangle_java2.jpg,8345948313,164,746.6536585365853,392.90170731707315,730.5,404,71,19,this.x2,7,class->block->constructor->block->block_content->expr_stmt->expr->name->name->operator->name
2,192,rectangle_java2.jpg,rectangle_java2.jpg,8346116069,140,811.6534285714285,392.488,806.5,404,15,19,=,1,class->block->constructor->block->block_content->expr_stmt->expr->operator
2,192,rectangle_java2.jpg,rectangle_java2.jpg,8346243657,124,813.4164516129032,395.4161290322581,806.5,404,15,19,=,1,class->block->constructor->block->block_content->expr_stmt->expr->operator
2,192,rectangle_java2.jpg,rectangle_java2.jpg,8346423672,104,779.0838461538461,441.74192307692306,730.5,440,71,21,this.y2,7,class->block->constructor->block->block_content->expr_stmt->expr->name->name->operator->name
2,192,rectangle_java2.jpg,rectangle_java2.jpg,8346883292,88,676.86,574.9422727272728,669.5,585,63,21,public,6,class->block->function->type->specifier
2,192,rectangle_java2.jpg,rectangle_java2.jpg,8346947428,60,675.386,540.1233333333333,669.5,549,63,21,public,6,class->block->function->type->specifier
2,192,rectangle_java2.jpg,rectangle_java2.jpg,8347027598,76,670.1921052631579,529.1768421052632,669.5,512,63,21,public,6,class->block->function->type->specifier
2,192,rectangle_java2.jpg,rectangle_java2.jpg,8347271723,180,747.2813333333334,544.9491111111112,737.5,549,33,21,int,3,class->block->function->type->name
2,192,rectangle_java2.jpg,rectangle_java2.jpg,8347467646,192,749.8216666666667,551.813125,737.5,549,33,21,int,3,class->block->function->type->name
2,192,rectangle_java2.jpg,rectangle_java2.jpg,8347699610,180,916.5957777777778,545.1548888888889,900.5,549,63,21,return,6,class->block->function->block->block_content->return
2,192,rectangle_java2.jpg,rectangle_java2.jpg,8348007555,204,995.0711764705883,540.1809803921568,968.5,549,70,21,this.y2,7,class->block->function->block->block_content->return->expr->name->name->operator->name
2,192,rectangle_java2.jpg,rectangle_java2.jpg,8348699528,56,1012.2592857142857,541.3242857142857,968.5,549,70,21,this.y2,7,class->block->function->block->block_content->return->expr->name->name->operator->name
2,192,rectangle_java2.jpg,rectangle_java2.jpg,8348923526,220,1020.6198181818182,540.8889090909091,968.5,549,70,21,this.y2,7,class->block->function->block->block_content->return->expr->name->name->operator->name
2,192,rectangle_java2.jpg,rectangle_java2.jpg,8348999439,64,1108.980625,546.6725,1064.5,549,71,21,this.y1,7,class->block->function->block->block_content->return->expr->name->name->operator->name
2,192,rectangle_java2.jpg,rectangle_java2.jpg,8349147412,144,1115.8522222222223,546.9069444444444,1064.5,549,71,21,this.y1,7,class->block->function->block->block_content->return->expr->name->name->operator->name
2,192,rectangle_java2.jpg,rectangle_java2.jpg,8349315716,108,1087.4177777777777,540.5170370370371,1064.5,549,71,21,this.y1,7,class->block->function->block->block_content->return->expr->name->name->operator->name
2,192,rectangle_java2.jpg,rectangle_java2.jpg,8349439554,120,1113.1616666666666,531.566,1054.5,512,71,21,this.x1,7,class->block->function->block->block_content->return->expr->name->name->operator->name
2,192,rectangle_java2.jpg,rectangle_java2.jpg,8349575516,132,1113.509696969697,547.5427272727272,1064.5,549,71,21,this.y1,7,class->block->function->block->block_content->return->expr->name->name->operator->name
2,192,rectangle_java2.jpg,rectangle_java2.jpg,8349639532,60,1113.0686666666666,540.54,1064.5,549,71,21,this.y1,7,class->block->function->block->block_content->return->expr->name->name->operator->name
2,192,rectangle_java2.jpg,rectangle_java2.jpg,8349787500,144,1115.306111111111,537.4866666666667,1064.5,549,71,21,this.y1,7,class->block->function->block->block_content->return->expr->name->name->operator->name
2,192,rectangle_java2.jpg,rectangle_java2.jpg,8350195430,68,940.9282352941177,542.9358823529411,900.5,549,63,21,return,6,class->block->function->block->block_content->return
2,192,rectangle_java2.jpg,rectangle_java2.jpg,8350395364,196,938.8077551020408,537.5955102040816,900.5,549,63,21,return,6,class->block->function->block->block_content->return
2,192,rectangle_java2.jpg,rectangle_java2.jpg,8350523336,76,663.3310526315789,526.5647368421053,669.5,512,63,21,public,6,class->block->function->type->specifier
2,192,rectangle_java2.jpg,rectangle_java2.jpg,8350619225,92,671.6569565217392,542.574347826087,669.5,549,63,21,public,6,class->block->function->type->specifier
2,192,rectangle_java2.jpg,rectangle_java2.jpg,8350807360,164,770.1636585365853,541.7509756097561,737.5,549,33,21,int,3,class->block->function->type->name
2,192,rectangle_java2.jpg,rectangle_java2.jpg,8350807360,164,770.1636585365853,541.7509756097561,775.5,549,62,21,height,6,class->block->function->name
2,192,rectangle_java2.jpg,rectangle_java2.jpg,8351035177,176,1002.7456818181819,543.7320454545454,968.5,549,70,21,this.y2,7,class->block->function->block->block_content->return->expr->name->name->operator->name
2,192,rectangle_java2.jpg,rectangle_java2.jpg,8351391217,64,1141.3118749999999,551.89125,1142.5,549,10,21,;,1,class->block->function->block->block_content->return
2,192,rectangle_java2.jpg,rectangle_java2.jpg,8351507293,112,1150.8042857142857,561.1942857142857,1142.5,549,10,21,;,1,class->block->function->block->block_content->return
2,192,rectangle_java2.jpg,rectangle_java2.jpg,8351507293,112,1150.8042857142857,561.1942857142857,1161.5,549,10,21,},1,class->block->function->block
2,192,rectangle_java2.jpg,rectangle_java2.jpg,8351815270,256,1094.42359375,541.4640625,1064.5,549,71,21,this.y1,7,class->block->function->block->block_content->return->expr->name->name->operator->name
2,192,rectangle_java2.jpg,rectangle_java2.jpg,8352191185,124,1080.4612903225807,564.0570967741935,1064.5,549,71,21,this.y1,7,class->block->function->block->block_content->return->expr->name->name->operator->name
2,192,rectangle_java2.jpg,rectangle_java2.jpg,8352283146,88,1083.3422727272728,563.3086363636363,1064.5,549,71,21,this.y1,7,class->block->function->block->block_content->return->expr->name->name->operator->name
2,192,rectangle_java2.jpg,rectangle_java2.jpg,8352427132,140,1085.2157142857143,560.8377142857142,1064.5,549,71,21,this.y1,7,class->block->function->block->block_content->return->expr->name->name->operator->name
2,192,rectangle_java2.jpg,rectangle_java2.jpg,8352659140,228,1084.4456140350878,567.1843859649123,1064.5,549,71,21,this.y1,7,class->block->function->block->block_content->return->expr->name->name->operator->name
2,192,rectangle_java2.jpg,rectangle_java2.jpg,8352779172,116,1082.2710344827585,563.0324137931034,1064.5,549,71,21,this.y1,7,class->block->function->block->block_content->return->expr->name->name->operator->name
2,192,rectangle_java2.jpg,rectangle_java2.jpg,8352999286,216,1083.7351851851852,563.2546296296297,1064.5,549,71,21,this.y1,7,class->block->function->block->block_content->return->expr->name->name->operator->name
2,192,rectangle_java2.jpg,rectangle_java2.jpg,8353199168,196,1084.5151020408164,569.61,1064.5,549,71,21,this.y1,7,class->block->function->block->block_content->return->expr->name->name->operator->name
2,192,rectangle_java2.jpg,rectangle_java2.jpg,8353311132,108,1090.74,549.7129629629629,1064.5,549,71,21,this.y1,7,class->block->function->block->block_content->return->expr->name->name->operator->name
2,192,rectangle_java2.jpg,rectangle_java2.jpg,8353946909,164,1063.3041463414634,564.1373170731707,1064.5,549,71,21,this.y1,7,class->block->function->block->block_content->return->expr->name->name->operator->name
2,192,rectangle_java2.jpg,rectangle_java2.jpg,8354254965,56,1037.0014285714285,519.2821428571428,1035.5,512,13,21,-,1,class->block->function->block->block_content->return->expr->name->name
2,192,rectangle_java2.jpg,rectangle_java2.jpg,8354322980,64,1042.890625,540.2475,1045.5,549,13,21,-,1,class->block->function->block->block_content->return->expr->operator
2,192,rectangle_java2.jpg,rectangle_java2.jpg,8354503017,80,1015.076,547.5195,968.5,549,70,21,this.y2,7,class->block->function->block->block_content->return->expr->name->name->operator->name
2,192,rectangle_java2.jpg,rectangle_java2.jpg,8354775021,60,1010.22,507.03,958.5,512,71,21,this.x2,7,class->block->function->block->block_content->return->expr->name->name->operator->name->operator
2,192,rectangle_java2.jpg,rectangle_java2.jpg,8354851005,72,1016.7316666666667,526.6933333333334,958.5,512,71,21,this.x2,7,class->block->function->block->block_content->return->expr->name->name->operator->name->operator
2,192,rectangle_java2.jpg,rectangle_java2.jpg,8354994979,140,1013.4962857142857,544.9462857142858,968.5,549,70,21,this.y2,7,class->block->function->block->block_content->return->expr->name->name->operator->name
2,192,rectangle_java2.jpg,rectangle_java2.jpg,8355474671,200,1001.4222,549.1416,968.5,549,70,21,this.y2,7,class->block->function->block->block_content->return->expr->name->name->operator->name
2,192,rectangle_java2.jpg,rectangle_java2.jpg,8356082866,124,999.9683870967742,545.7651612903226,968.5,549,70,21,this.y2,7,class->block->function->block->block_content->return->expr->name->name->operator->name
2,192,rectangle_java2.jpg,rectangle_java2.jpg,8356278893,164,1041.019756097561,538.7831707317073,1045.5,549,13,21,-,1,class->block->function->block->block_content->return->expr->operator
2,192,rectangle_java2.jpg,rectangle_java2.jpg,8356650928,112,989.065,542.4517857142857,968.5,549,70,21,this.y2,7,class->block->function->block->block_content->return->expr->name->name->operator->name
2,192,rectangle_java2.jpg,rectangle_java2.jpg,8356958887,100,977.004,526.3488,958.5,512,71,21,this.x2,7,class->block->function->block->block_content->return->expr->name->name->operator->name->operator
2,192,rectangle_java2.jpg,rectangle_java2.jpg,8357066800,104,979.1196153846154,541.126923076923,968.5,549,70,21,this.y2,7,class->block->function->block->block_content->return->expr->name->name->operator->name
2,192,rectangle_java2.jpg,rectangle_java2.jpg,8357154792,84,980.6014285714285,555.0980952380952,968.5,549,70,21,this.y2,7,class->block->function->block->block_content->return->expr->name->name->operator->name
2,192,rectangle_java2.jpg,rectangle_java2.jpg,8357386755,228,979.0750877192983,550.7133333333334,968.5,549,70,21,this.y2,7,class->block->function->block->block_content->return->expr->name->name->operator->name
2,192,rectangle_java2.jpg,rectangle_java2.jpg,8357706746,316,979.2654430379747,558.7358227848101,968.5,549,70,21,this.y2,7,class->block->function->block->block_content->return->expr->name->name->operator->name
2,192,rectangle_java2.jpg,rectangle_java2.jpg,8357866711,156,980.1982051282051,563.135641025641,968.5,549,70,21,this.y2,7,class->block->function->block->block_content->return->expr->name->name->operator->name
2,192,rectangle_java2.jpg,rectangle_java2.jpg,8357958733,88,979.7186363636364,563.6022727272727,968.5,549,70,21,this.y2,7,class->block->function->block->block_content->return->expr->name->name->operator->name
2,192,rectangle_java2.jpg,rectangle_java2.jpg,8358234733,140,984.9448571428571,557.4374285714285,968.5,549,70,21,this.y2,7,class->block->function->block->block_content->return->expr->name->name->operator->name
2,192,rectangle_java2.jpg,rectangle_java2.jpg,8358366656,128,987.4762499999999,568.666875,968.5,549,70,21,this.y2,7,class->block->function->block->block_content->return->expr->name->name->operator->name
2,192,rectangle_java2.jpg,rectangle_java2.jpg,8358698620,92,986.285652173913,542.0504347826087,968.5,549,70,21,this.y2,7,class->block->function->block->block_content->return->expr->name->name->operator->name
2,192,rectangle_java2.jpg,rectangle_java2.jpg,8358778856,76,991.64,548.8678947368421,968.5,549,70,21,this.y2,7,class->block->function->block->block_content->return->expr->name->name->operator->name
2,192,rectangle_java2.jpg,rectangle_java2.jpg,8358895071,112,991.5089285714286,557.5867857142857,968.5,549,70,21,this.y2,7,class->block->function->block->block_content->return->expr->name->name->operator->name
2,192,rectangle_java2.jpg,rectangle_java2.jpg,8358994884,96,989.7945833333333,561.8341666666666,968.5,549,70,21,this.y2,7,class->block->function->block->block_content->return->expr->name->name->operator->name
2,192,rectangle_java2.jpg,rectangle_java2.jpg,8359098741,64,914.555625,598.599375,910.5,585,62,21,return,6,class->block->function->block->block_content->return
2,192,rectangle_java2.jpg,rectangle_java2.jpg,8359166678,64,908.746875,580.56375,910.5,585,62,21,return,6,class->block->function->block->block_content->return
2,192,rectangle_java2.jpg,rectangle_java2.jpg,8359234613,64,918.74625,596.7325,910.5,585,62,21,return,6,class->block->function->block->block_content->return
2,192,rectangle_java2.jpg,rectangle_java2.jpg,8359426597,144,1021.9522222222222,596.0797222222222,977.5,585,101,21,this.width,10,class->block->function->block->block_content->return->expr->call->name->name->operator->name
2,192,rectangle_java2.jpg,rectangle_java2.jpg,8359518588,88,1022.0695454545455,604.3609090909091,977.5,585,101,21,this.width,10,class->block->function->block->block_content->return->expr->call->name->name->operator->name
2,192,rectangle_java2.jpg,rectangle_java2.jpg,8359646593,124,1034.2903225806451,587.5203225806451,977.5,585,101,21,this.width,10,class->block->function->block->block_content->return->expr->call->name->name->operator->name
2,192,rectangle_java2.jpg,rectangle_java2.jpg,8359738602,88,1045.3968181818182,586.925909090909,977.5,585,101,21,this.width,10,class->block->function->block->block_content->return->expr->call->name->name->operator->name
2,192,rectangle_java2.jpg,rectangle_java2.jpg,8359886587,128,1126.321875,580.78,1122.5,585,12,21,*,1,class->block->function->block->block_content->return->expr->operator
2,192,rectangle_java2.jpg,rectangle_java2.jpg,8360298395,136,1115.4338235294117,582.2541176470588,1122.5,585,12,21,*,1,class->block->function->block->block_content->return->expr->operator
2,192,rectangle_java2.jpg,rectangle_java2.jpg,8360510477,208,1114.8651923076923,588.0657692307692,1122.5,585,12,21,*,1,class->block->function->block->block_content->return->expr->operator
2,192,rectangle_java2.jpg,rectangle_java2.jpg,8360726465,212,1114.732641509434,598.4211320754717,1122.5,585,12,21,*,1,class->block->function->block->block_content->return->expr->operator
2,192,rectangle_java2.jpg,rectangle_java2.jpg,8361166676,436,1114.5392660550458,596.3378899082569,1122.5,585,12,21,*,1,class->block->function->block->block_content->return->expr->operator
2,192,rectangle_java2.jpg,rectangle_java2.jpg,8361362588,192,1111.6200000000001,592.6,1103.5,585,9,21,),1,class->block->function->block->block_content->return->expr->call->argument_list
2,192,rectangle_java2.jpg,rectangle_java2.jpg,8361362588,192,1111.6200000000001,592.6,1122.5,585,12,21,*,1,class->block->function->block->block_content->return->expr->operator
2,192,rectangle_java2.jpg,rectangle_java2.jpg,8362662332,56,1037.73,566.2107142857143,968.5,549,70,21,this.y2,7,class->block->function->block->block_content->return->expr->name->name->operator->name
2,192,rectangle_java2.jpg,rectangle_java2.jpg,8362662332,56,1037.73,566.2107142857143,1045.5,549,13,21,-,1,class->block->function->block->block_content->return->expr->operator
2,192,rectangle_java2.jpg,rectangle_java2.jpg,8362978362,312,1043.1747435897437,585.613076923077,977.5,585,101,21,this.width,10,class->block->function->block->block_content->return->expr->call->name->name->operator->name
2,192,rectangle_java2.jpg,rectangle_java2.jpg,8363102402,120,1041.371,575.2263333333333,977.5,585,101,21,this.width,10,class->block->function->block->block_content->return->expr->call->name->name->operator->name
2,192,rectangle_java2.jpg,rectangle_java2.jpg,8363182456,76,1047.7068421052631,599.8884210526315,977.5,585,101,21,this.width,10,class->block->function->block->block_content->return->expr->call->name->name->operator->name
2,192,rectangle_java2.jpg,rectangle_java2.jpg,8363494190,308,1043.5997402597402,596.1758441558442,977.5,585,101,21,this.width,10,class->block->function->block->block_content->return->expr->call->name->name->operator->name
2,192,rectangle_java2.jpg,rectangle_java2.jpg,8363990282,244,1045.9116393442623,612.3303278688525,1025.5,621,42,21,args,4,class->block->function->parameter_list->parameter->decl->name
2,192,rectangle_java2.jpg,rectangle_java2.jpg,8364390202,396,1042.137878787879,620.0872727272728,1025.5,621,42,21,args,4,class->block->function->parameter_list->parameter->decl->name
2,192,rectangle_java2.jpg,rectangle_java2.jpg,8364550202,156,1041.013846153846,627.6189743589744,1025.5,621,42,21,args,4,class->block->function->parameter_list->parameter->decl->name
2,192,rectangle_java2.jpg,rectangle_java2.jpg,8364646180,92,1037.5117391304348,621.1508695652174,1025.5,621,42,21,args,4,class->block->function->parameter_list->parameter->decl->name
2,192,rectangle_java2.jpg,rectangle_java2.jpg,8364809989,160,1037.02525,629.296,1025.5,621,42,21,args,4,class->block->function->parameter_list->parameter->decl->name
2,192,rectangle_java2.jpg,rectangle_java2.jpg,8364958032,144,1040.7752777777778,639.9780555555556,1025.5,621,42,21,args,4,class->block->function->parameter_list->parameter->decl->name
2,192,rectangle_java2.jpg,rectangle_java2.jpg,8365034107,72,1032.0305555555556,628.3972222222222,1025.5,621,42,21,args,4,class->block->function->parameter_list->parameter->decl->name
2,192,rectangle_java2.jpg,rectangle_java2.jpg,8365106280,68,1036.29,651.4194117647058,1041.5,658,9,20,(,1,class->block->function->block->block_content->decl_stmt->decl->init->expr->call->argument_list
2,192,rectangle_java2.jpg,rectangle_java2.jpg,8365494074,332,1031.3956626506024,635.1957831325301,1025.5,621,42,21,args,4,class->block->function->parameter_list->parameter->decl->name
2,192,rectangle_java2.jpg,rectangle_java2.jpg,8365897707,400,1025.869,637.8717,1025.5,621,42,21,args,4,class->block->function->parameter_list->parameter->decl->name
2,192,rectangle_java2.jpg,rectangle_java2.jpg,8366202078,300,1030.4150666666667,645.736,941.5,658,91,20,Rectangle,9,class->block->function->block->block_content->decl_stmt->decl->init->expr->call->name
2,192,rectangle_java2.jpg,rectangle_java2.jpg,8366202078,300,1030.4150666666667,645.736,1041.5,658,9,20,(,1,class->block->function->block->block_content->decl_stmt->decl->init->expr->call->argument_list
2,192,rectangle_java2.jpg,rectangle_java2.jpg,8366633989,428,1035.4357009345795,652.8811214953271,1041.5,658,9,20,(,1,class->block->function->block->block_content->decl_stmt->decl->init->expr->call->argument_list
2,192,rectangle_java2.jpg,rectangle_java2.jpg,8366789982,152,1039.663947368421,657.2947368421053,1041.5,658,9,20,(,1,class->block->function->block->block_content->decl_stmt->decl->init->expr->call->argument_list
2,192,rectangle_java2.jpg,rectangle_java2.jpg,8366905981,112,1041.1967857142856,662.4482142857142,1041.5,658,9,20,(,1,class->block->function->block->block_content->decl_stmt->decl->init->expr->call->argument_list
2,192,rectangle_java2.jpg,rectangle_java2.jpg,8366989981,80,1039.67,661.0915,1041.5,658,9,20,(,1,class->block->function->block->block_content->decl_stmt->decl->init->expr->call->argument_list
2,192,rectangle_java2.jpg,rectangle_java2.jpg,8367101965,108,1036.558888888889,668.0081481481482,1041.5,658,9,20,(,1,class->block->function->block->block_content->decl_stmt->decl->init->expr->call->argument_list
2,192,rectangle_java2.jpg,rectangle_java2.jpg,8367253922,148,1038.817027027027,664.4345945945946,1041.5,658,9,20,(,1,class->block->function->block->block_content->decl_stmt->decl->init->expr->call->argument_list
2,192,rectangle_java2.jpg,rectangle_java2.jpg,8367505935,248,1047.4588709677419,658.4893548387097,1041.5,658,9,20,(,1,class->block->function->block->block_content->decl_stmt->decl->init->expr->call->argument_list
2,192,rectangle_java2.jpg,rectangle_java2.jpg,8367505935,248,1047.4588709677419,658.4893548387097,1057.5,658,13,20,0,1,class->block->function->block->block_content->decl_stmt->decl->init->expr->call->argument_list->argument->expr->literal
2,192,rectangle_java2.jpg,rectangle_java2.jpg,8368141901,392,1047.7467346938777,647.985612244898,1041.5,658,9,20,(,1,class->block->function->block->block_content->decl_stmt->decl->init->expr->call->argument_list
2,192,rectangle_java2.jpg,rectangle_java2.jpg,8368141901,392,1047.7467346938777,647.985612244898,1057.5,658,13,20,0,1,class->block->function->block->block_content->decl_stmt->decl->init->expr->call->argument_list->argument->expr->literal
2,192,rectangle_java2.jpg,rectangle_java2.jpg,8368341946,196,1051.3302040816327,635.4026530612244,1025.5,621,42,21,args,4,class->block->function->parameter_list->parameter->decl->name
2,192,rectangle_java2.jpg,rectangle_java2.jpg,8368549833,204,1054.1735294117648,635.3290196078432,1025.5,621,42,21,args,4,class->block->function->parameter_list->parameter->decl->name
2,192,rectangle_java2.jpg,rectangle_java2.jpg,8368685825,116,745.076551724138,682.9982758620689,730.5,694,177,21,System.out.println,18,class->block->function->block->block_content->expr_stmt->expr->call->name->name->operator->name->operator->name
2,192,rectangle_java2.jpg,rectangle_java2.jpg,8368881791,192,759.4110416666666,693.9741666666666,730.5,694,177,21,System.out.println,18,class->block->function->block->block_content->expr_stmt->expr->call->name->name->operator->name->operator->name
2,192,rectangle_java2.jpg,rectangle_java2.jpg,8369177782,292,760.947397260274,686.8957534246575,730.5,694,177,21,System.out.println,18,class->block->function->block->block_content->expr_stmt->expr->call->name->name->operator->name->operator->name
2,192,rectangle_java2.jpg,rectangle_java2.jpg,8369257806,76,765.381052631579,690.0352631578947,730.5,694,177,21,System.out.println,18,class->block->function->block->block_content->expr_stmt->expr->call->name->name->operator->name->operator->name
2,192,rectangle_java2.jpg,rectangle_java2.jpg,8369377770,116,764.6613793103448,677.6210344827587,730.5,658,91,20,Rectangle,9,class->block->function->block->block_content->decl_stmt->decl->type->name
2,192,rectangle_java2.jpg,rectangle_java2.jpg,8369645623,264,767.2816666666666,688.2104545454546,730.5,694,177,21,System.out.println,18,class->block->function->block->block_content->expr_stmt->expr->call->name->name->operator->name->operator->name
2,192,rectangle_java2.jpg,rectangle_java2.jpg,8369809712,160,767.7095,694.086,730.5,694,177,21,System.out.println,18,class->block->function->block->block_content->expr_stmt->expr->call->name->name->operator->name->operator->name
2,192,rectangle_java2.jpg,rectangle_java2.jpg,8369997702,184,762.7076086956522,700.7819565217392,730.5,694,177,21,System.out.println,18,class->block->function->block->block_content->expr_stmt->expr->call->name->name->operator->name->operator->name
2,192,rectangle_java2.jpg,rectangle_java2.jpg,8370245708,244,764.5726229508197,707.9673770491803,730.5,694,177,21,System.out.println,18,class->block->function->block->block_content->expr_stmt->expr->call->name->name->operator->name->operator->name
2,192,rectangle_java2.jpg,rectangle_java2.jpg,8370361672,112,765.0221428571429,712.4982142857143,730.5,694,177,21,System.out.println,18,class->block->function->block->block_content->expr_stmt->expr->call->name->name->operator->name->operator->name
2,192,rectangle_java2.jpg,rectangle_java2.jpg,8370621674,256,768.8934375,720.29828125,730.5,731,91,20,Rectangle,9,class->block->function->block->block_content->decl_stmt->decl->type->name
2,192,rectangle_java2.jpg,rectangle_java2.jpg,8370809628,184,773.7084782608696,729.035,730.5,731,91,20,Rectangle,9,class->block->function->block->block_content->decl_stmt->decl->type->name
2,192,rectangle_java2.jpg,rectangle_java2.jpg,8371085757,272,778.2269117647058,721.6430882352942,730.5,731,91,20,Rectangle,9,class->block->function->block->block_content->decl_stmt->decl->type->name
2,192,rectangle_java2.jpg,rectangle_java2.jpg,8371165567,76,724.93,722.0357894736842,730.5,731,91,20,Rectangle,9,class->block->function->block->block_content->decl_stmt->decl->type->name
2,192,rectangle_java2.jpg,rectangle_java2.jpg,8371289457,120,734.646,723.8096666666667,730.5,731,91,20,Rectangle,9,class->block->function->block->block_content->decl_stmt->decl->type->name
2,192,rectangle_java2.jpg,rectangle_java2.jpg,8371673553,200,856.6112,685.0496,730.5,694,177,21,System.out.println,18,class->block->function->block->block_content->expr_stmt->expr->call->name->name->operator->name->operator->name
2,192,rectangle_java2.jpg,rectangle_java2.jpg,8372337528,108,806.2403703703703,699.3762962962963,730.5,694,177,21,System.out.println,18,class->block->function->block->block_content->expr_stmt->expr->call->name->name->operator->name->operator->name
2,192,rectangle_java2.jpg,rectangle_java2.jpg,8372397535,56,807.4514285714286,704.0442857142857,730.5,694,177,21,System.out.println,18,class->block->function->block->block_content->expr_stmt->expr->call->name->name->operator->name->operator->name
2,192,rectangle_java2.jpg,rectangle_java2.jpg,8372469528,68,807.0088235294118,718.9729411764706,730.5,731,91,20,Rectangle,9,class->block->function->block->block_content->decl_stmt->decl->type->name
2,192,rectangle_java2.jpg,rectangle_java2.jpg,8372749852,224,915.0771428571428,712.4408928571429,916.5,694,9,21,(,1,class->block->function->block->block_content->expr_stmt->expr->call->argument_list
2,192,rectangle_java2.jpg,rectangle_java2.jpg,8372901713,124,974.0419354838709,701.7703225806451,932.5,694,100,21,rect1.area,10,class->block->function->block->block_content->expr_stmt->expr->call->argument_list->argument->expr->call->name->name->operator->name
2,192,rectangle_java2.jpg,rectangle_java2.jpg,8373169382,224,1100.0457142857142,703.2135714285714,1096.5,694,10,21,;,1,class->block->function->block->block_content->expr_stmt
2,192,rectangle_java2.jpg,rectangle_java2.jpg,8373729442,76,1098.223157894737,693.8357894736843,1096.5,694,10,21,;,1,class->block->function->block->block_content->expr_stmt
2,192,rectangle_java2.jpg,rectangle_java2.jpg,8373917410,152,898.2626315789473,579.4773684210527,893.5,585,10,21,{,1,class->block->function->block
2,192,rectangle_java2.jpg,rectangle_java2.jpg,8373917410,152,898.2626315789473,579.4773684210527,910.5,585,62,21,return,6,class->block->function->block->block_content->return
2,192,rectangle_java2.jpg,rectangle_java2.jpg,8374025366,64,825.5575,529.728125,775.5,512,53,21,width,5,class->block->function->name
2,192,rectangle_java2.jpg,rectangle_java2.jpg,8374025366,64,825.5575,529.728125,837.5,512,9,21,(,1,class->block->function->parameter_list
2,192,rectangle_java2.jpg,rectangle_java2.jpg,8374281111,128,868.175,519.6575,874.5,512,10,21,{,1,class->block->function->block
2,192,rectangle_java2.jpg,rectangle_java2.jpg,8374461234,148,936.5637837837837,536.5313513513513,900.5,549,63,21,return,6,class->block->function->block->block_content->return
2,192,rectangle_java2.jpg,rectangle_java2.jpg,8374521247,56,988.4607142857143,537.58,968.5,549,70,21,this.y2,7,class->block->function->block->block_content->return->expr->name->name->operator->name
2,192,rectangle_java2.jpg,rectangle_java2.jpg,8374605266,80,997.81,539.809,968.5,549,70,21,this.y2,7,class->block->function->block->block_content->return->expr->name->name->operator->name
2,192,rectangle_java2.jpg,rectangle_java2.jpg,8374821271,152,740.885,292.95421052631576,737.5,295,91,21,Rectangle,9,class->block->constructor->name
2,192,rectangle_java2.jpg,rectangle_java2.jpg,8374993390,136,739.3123529411764,343.165,730.5,331,71,19,this.x1,7,class->block->constructor->block->block_content->expr_stmt->expr->name->name->operator->name
2,192,rectangle_java2.jpg,rectangle_java2.jpg,8375085385,88,750.1190909090909,344.9977272727273,730.5,331,71,19,this.x1,7,class->block->constructor->block->block_content->expr_stmt->expr->name->name->operator->name
2,192,rectangle_java2.jpg,rectangle_java2.jpg,8375221304,92,778.6995652173913,346.35521739130434,730.5,331,71,19,this.x1,7,class->block->constructor->block->block_content->expr_stmt->expr->name->name->operator->name
2,192,rectangle_java2.jpg,rectangle_java2.jpg,8375401597,152,731.7807894736842,372.825,730.5,367,71,21,this.y1,7,class->block->constructor->block->block_content->expr_stmt->expr->name->name->operator->name
2,192,rectangle_java2.jpg,rectangle_java2.jpg,8375701250,164,1127.6431707317074,727.0775609756098,1134.5,731,22,20,10,2,class->block->function->block->block_content->decl_stmt->decl->init->expr->call->argument_list->argument->expr->literal
2,192,rectangle_java2.jpg,rectangle_java2.jpg,8375848983,128,1075.4878125,693.8003125,1077.5,694,9,21,),1,class->block->function->block->block_content->expr_stmt->expr->call->argument_list
2,192,rectangle_java2.jpg,rectangle_java2.jpg,8376073271,108,798.5481481481481,344.2462962962963,730.5,331,71,19,this.x1,7,class->block->constructor->block->block_content->expr_stmt->expr->name->name->operator->name
2,192,rectangle_java2.jpg,rectangle_java2.jpg,8376073271,108,798.5481481481481,344.2462962962963,806.5,331,15,19,=,1,class->block->constructor->block->block_content->expr_stmt->expr->operator
2,192,rectangle_java2.jpg,rectangle_java2.jpg,8376229706,124,760.3106451612904,602.7080645161291,737.5,585,62,21,double,6,class->block->function->type->name
2,192,rectangle_java2.jpg,rectangle_java2.jpg,8376373360,120,761.9003333333334,573.7263333333333,737.5,585,62,21,double,6,class->block->function->type->name
2,192,rectangle_java2.jpg,rectangle_java2.jpg,8376453153,76,770.4968421052631,575.2278947368421,737.5,585,62,21,double,6,class->block->function->type->name
2,192,rectangle_java2.jpg,rectangle_java2.jpg,8376781218,304,729.9605263157895,547.561052631579,669.5,549,63,21,public,6,class->block->function->type->specifier
2,192,rectangle_java2.jpg,rectangle_java2.jpg,8376781218,304,729.9605263157895,547.561052631579,737.5,549,33,21,int,3,class->block->function->type->name
2,192,rectangle_java2.jpg,rectangle_java2.jpg,8376865203,64,813.004375,553.91375,775.5,549,62,21,height,6,class->block->function->name
2,192,rectangle_java2.jpg,rectangle_java2.jpg,8376973316,56,908.3528571428571,540.0721428571428,900.5,549,63,21,return,6,class->block->function->block->block_content->return
2,192,rectangle_java2.jpg,rectangle_java2.jpg,8377093339,116,914.7727586206896,538.4258620689656,900.5,549,63,21,return,6,class->block->function->block->block_content->return
2,192,rectangle_java2.jpg,rectangle_java2.jpg,8377429111,60,929.6753333333334,659.3,902.5,658,34,20,new,3,class->block->function->block->block_content->decl_stmt->decl->init->expr->operator
2,192,rectangle_java2.jpg,rectangle_java2.jpg,8377429111,60,929.6753333333334,659.3,941.5,658,91,20,Rectangle,9,class->block->function->block->block_content->decl_stmt->decl->init->expr->call->name
2,192,rectangle_java2.jpg,rectangle_java2.jpg,8377613027,88,885.7236363636364,741.7395454545455,883.5,731,15,20,=,1,class->block->function->block->block_content->decl_stmt->decl->init
2,192,rectangle_java2.jpg,rectangle_java2.jpg,8377673010,56,895.1228571428571,710.9078571428571,730.5,694,177,21,System.out.println,18,class->block->function->block->block_content->expr_stmt->expr->call->name->name->operator->name->operator->name
2,192,rectangle_java2.jpg,rectangle_java2.jpg,8377853045,120,966.0243333333333,687.8433333333334,932.5,694,100,21,rect1.area,10,class->block->function->block->block_content->expr_stmt->expr->call->argument_list->argument->expr->call->name->name->operator->name
2,192,rectangle_java2.jpg,rectangle_java2.jpg,8377961036,72,837.885,374.87444444444446,826.5,367,23,21,y1,2,class->block->constructor->block->block_content->expr_stmt->expr->name->name
2,192,rectangle_java2.jpg,rectangle_java2.jpg,8378121025,68,783.2541176470588,302.67529411764707,737.5,295,91,21,Rectangle,9,class->block->constructor->name
2,192,rectangle_java2.jpg,rectangle_java2.jpg,8378181021,56,780.4828571428571,296.97857142857146,737.5,295,91,21,Rectangle,9,class->block->constructor->name
2,192,rectangle_java2.jpg,rectangle_java2.jpg,8378313009,84,719.0852380952381,296.94190476190477,669.5,295,63,21,public,6,class->block->constructor->specifier
2,192,rectangle_java2.jpg,rectangle_java2.jpg,8378465009,92,908.1321739130435,302.735652173913,890.5,295,24,21,x1,2,class->block->constructor->parameter_list->parameter->decl->type->name
2,192,rectangle_java2.jpg,rectangle_java2.jpg,8378625006,100,871.1863999999999,291.4344,853.5,295,32,21,int,3,class->block->constructor->parameter_list->parameter->decl->type->name
2,192,rectangle_java2.jpg,rectangle_java2.jpg,8378729017,100,876.9428,285.1068,853.5,295,32,21,int,3,class->block->constructor->parameter_list->parameter->decl->type->name
2,192,rectangle_java2.jpg,rectangle_java2.jpg,8378992945,100,975.5492,286.058,977.5,295,23,21,y1,2,class->block->constructor->parameter_list->parameter->decl->type->name
2,192,rectangle_java2.jpg,rectangle_java2.jpg,8379076916,80,980.4259999999999,311.3235,977.5,295,23,21,y1,2,class->block->constructor->parameter_list->parameter->decl->type->name
2,192,rectangle_java2.jpg,rectangle_java2.jpg,8379440895,88,1092.8172727272727,702.8418181818182,1096.5,694,10,21,;,1,class->block->function->block->block_content->expr_stmt
2,192,rectangle_java2.jpg,rectangle_java2.jpg,8379636855,192,1085.46125,698.985625,1077.5,694,9,21,),1,class->block->function->block->block_content->expr_stmt->expr->call->argument_list
2,192,rectangle_java2.jpg,rectangle_java2.jpg,8379636855,192,1085.46125,698.985625,1096.5,694,10,21,;,1,class->block->function->block->block_content->expr_stmt
2,192,rectangle_java2.jpg,rectangle_java2.jpg,8380172932,112,1081.9757142857143,705.7382142857143,1077.5,694,9,21,),1,class->block->function->block->block_content->expr_stmt->expr->call->argument_list
2,192,rectangle_java2.jpg,rectangle_java2.jpg,8380504709,140,1083.5557142857142,687.4682857142857,1077.5,694,9,21,),1,class->block->function->block->block_content->expr_stmt->expr->call->argument_list
2,192,rectangle_java2.jpg,rectangle_java2.jpg,8380836781,76,1051.9957894736842,684.0957894736842,1057.5,694,10,21,),1,class->block->function->block->block_content->expr_stmt->expr->call->argument_list->argument->expr->call->argument_list
2,192,rectangle_java2.jpg,rectangle_java2.jpg,8380908773,68,1050.6129411764707,691.7929411764705,1057.5,694,10,21,),1,class->block->function->block->block_content->expr_stmt->expr->call->argument_list->argument->expr->call->argument_list
2,192,rectangle_java2.jpg,rectangle_java2.jpg,8380976762,64,1052.7525,701.485,1057.5,694,10,21,),1,class->block->function->block->block_content->expr_stmt->expr->call->argument_list->argument->expr->call->argument_list
2,192,rectangle_java2.jpg,rectangle_java2.jpg,8381148759,168,1072.5759523809525,703.98,1077.5,694,9,21,),1,class->block->function->block->block_content->expr_stmt->expr->call->argument_list
2,192,rectangle_java2.jpg,rectangle_java2.jpg,8381776776,100,1077.6376,698.9852,1077.5,694,9,21,),1,class->block->function->block->block_content->expr_stmt->expr->call->argument_list
2,192,rectangle_java2.jpg,rectangle_java2.jpg,8381840760,60,1063.0773333333334,700.468,1057.5,694,10,21,),1,class->block->function->block->block_content->expr_stmt->expr->call->argument_list->argument->expr->call->argument_list
2,192,rectangle_java2.jpg,rectangle_java2.jpg,8381912724,68,1054.929411764706,705.98,1057.5,694,10,21,),1,class->block->function->block->block_content->expr_stmt->expr->call->argument_list->argument->expr->call->argument_list
2,192,rectangle_java2.jpg,rectangle_java2.jpg,8382736591,60,1091.57,311.6286666666667,1094.5,295,9,21,",",1,class->block->constructor->parameter_list
2,192,rectangle_java2.jpg,rectangle_java2.jpg,8383048628,60,1089.6693333333333,299.1186666666667,1094.5,295,9,21,",",1,class->block->constructor->parameter_list
2,192,rectangle_java2.jpg,rectangle_java2.jpg,8383216599,164,1088.780243902439,293.15560975609753,1094.5,295,9,21,",",1,class->block->constructor->parameter_list
2,192,rectangle_java2.jpg,rectangle_java2.jpg,8383340648,92,1141.445652173913,288.7926086956522,1112.5,295,33,21,int,3,class->block->constructor->parameter_list->parameter->decl->type->name
2,192,rectangle_java2.jpg,rectangle_java2.jpg,8383340648,92,1141.445652173913,288.7926086956522,1150.5,295,23,21,y2,2,class->block->constructor->parameter_list->parameter->decl->type->name
2,192,rectangle_java2.jpg,rectangle_java2.jpg,8383412754,68,1144.7870588235294,306.25882352941176,1112.5,295,33,21,int,3,class->block->constructor->parameter_list->parameter->decl->type->name
2,192,rectangle_java2.jpg,rectangle_java2.jpg,8383412754,68,1144.7870588235294,306.25882352941176,1150.5,295,23,21,y2,2,class->block->constructor->parameter_list->parameter->decl->type->name
2,192,rectangle_java2.jpg,rectangle_java2.jpg,8383564896,120,1176.6426666666666,286.907,1180.5,295,9,21,),1,class->block->constructor->parameter_list
2,192,rectangle_java2.jpg,rectangle_java2.jpg,8384072694,264,1167.9189393939394,299.4087878787879,1150.5,295,23,21,y2,2,class->block->constructor->parameter_list->parameter->decl->type->name
2,192,rectangle_java2.jpg,rectangle_java2.jpg,8384328762,164,847.3302439024391,261.28926829268295,833.5,259,23,21,y1,2,class->block->decl_stmt->decl->name
2,192,rectangle_java2.jpg,rectangle_java2.jpg,8384552442,172,909.5927906976744,267.4513953488372,911.5,259,10,21,",",1,class->block->decl_stmt
2,192,rectangle_java2.jpg,rectangle_java2.jpg,8384760609,120,628.4266666666666,214.52966666666669,589.5,222,63,21,public,6,class->specifier
2,192,rectangle_java2.jpg,rectangle_java2.jpg,8385404199,156,788.6371794871795,404.6694871794872,730.5,404,71,19,this.x2,7,class->block->constructor->block->block_content->expr_stmt->expr->name->name->operator->name
2,192,rectangle_java2.jpg,rectangle_java2.jpg,8385576345,140,677.0437142857143,594.3205714285714,669.5,585,63,21,public,6,class->block->function->type->specifier
2,192,rectangle_java2.jpg,rectangle_java2.jpg,8385748339,168,689.6980952380952,601.3921428571429,669.5,585,63,21,public,6,class->block->function->type->specifier
2,192,rectangle_java2.jpg,rectangle_java2.jpg,8385852334,68,761.2452941176471,635.6647058823529,738.5,621,61,21,static,6,class->block->function->type->specifier
2,192,rectangle_java2.jpg,rectangle_java2.jpg,8386116358,260,761.5775384615384,623.362923076923,738.5,621,61,21,static,6,class->block->function->type->specifier
2,192,rectangle_java2.jpg,rectangle_java2.jpg,8386616336,184,926.9619565217391,613.3121739130435,920.5,621,62,21,String,6,class->block->function->parameter_list->parameter->decl->type->name->name
2,192,rectangle_java2.jpg,rectangle_java2.jpg,8386700265,68,1032.5470588235294,610.1282352941176,1025.5,621,42,21,args,4,class->block->function->parameter_list->parameter->decl->name
2,192,rectangle_java2.jpg,rectangle_java2.jpg,8386788110,84,1040.3295238095238,609.412380952381,1025.5,621,42,21,args,4,class->block->function->parameter_list->parameter->decl->name
2,192,rectangle_java2.jpg,rectangle_java2.jpg,8387048097,100,1020.0735999999999,598.6043999999999,977.5,585,101,21,this.width,10,class->block->function->block->block_content->return->expr->call->name->name->operator->name
2,192,rectangle_java2.jpg,rectangle_java2.jpg,8387252243,200,1027.1158,612.0568,1025.5,621,42,21,args,4,class->block->function->parameter_list->parameter->decl->name
2,192,rectangle_java2.jpg,rectangle_java2.jpg,8388284178,104,1267.2507692307693,600.1915384615385,1259.5,585,9,21,(,1,class->block->function->block->block_content->return->expr->call->argument_list
2,192,rectangle_java2.jpg,rectangle_java2.jpg,8388284178,104,1267.2507692307693,600.1915384615385,1276.5,585,9,21,),1,class->block->function->block->block_content->return->expr->call->argument_list
2,192,rectangle_java2.jpg,rectangle_java2.jpg,8388436081,116,699.4886206896551,622.6465517241379,669.5,621,63,21,public,6,class->block->function->type->specifier
2,192,rectangle_java2.jpg,rectangle_java2.jpg,8388552077,112,701.8107142857143,625.7882142857143,669.5,621,63,21,public,6,class->block->function->type->specifier
2,192,rectangle_java2.jpg,rectangle_java2.jpg,8388824061,256,806.27015625,609.18515625,804.5,621,44,21,void,4,class->block->function->type->name
2,192,rectangle_java2.jpg,rectangle_java2.jpg,8388988077,108,1131.4914814814815,545.7570370370371,1064.5,549,71,21,this.y1,7,class->block->function->block->block_content->return->expr->name->name->operator->name
2,192,rectangle_java2.jpg,rectangle_java2.jpg,8388988077,108,1131.4914814814815,545.7570370370371,1142.5,549,10,21,;,1,class->block->function->block->block_content->return
2,192,rectangle_java2.jpg,rectangle_java2.jpg,8389088104,96,1126.6095833333334,547.4054166666667,1064.5,549,71,21,this.y1,7,class->block->function->block->block_content->return->expr->name->name->operator->name
2,192,rectangle_java2.jpg,rectangle_java2.jpg,8389260129,136,787.8220588235295,702.8441176470589,730.5,694,177,21,System.out.println,18,class->block->function->block->block_content->expr_stmt->expr->call->name->name->operator->name->operator->name
2,192,rectangle_java2.jpg,rectangle_java2.jpg,8389480069,168,718.4319047619048,698.4880952380952,730.5,694,177,21,System.out.println,18,class->block->function->block->block_content->expr_stmt->expr->call->name->name->operator->name->operator->name
2,192,rectangle_java2.jpg,rectangle_java2.jpg,8389552078,68,720.5311764705882,699.3488235294118,730.5,694,177,21,System.out.println,18,class->block->function->block->block_content->expr_stmt->expr->call->name->name->operator->name->operator->name
2,192,rectangle_java2.jpg,rectangle_java2.jpg,8389804010,136,731.7855882352941,753.5964705882353,730.5,766,177,21,System.out.println,18,class->block->function->block->block_content->expr_stmt->expr->call->name->name->operator->name->operator->name
2,192,rectangle_java2.jpg,rectangle_java2.jpg,8389899898,92,747.925652173913,738.2608695652174,730.5,731,91,20,Rectangle,9,class->block->function->block->block_content->decl_stmt->decl->type->name
2,192,rectangle_java2.jpg,rectangle_java2.jpg,8390127886,216,829.3435185185185,734.925,826.5,731,51,20,rect2,5,class->block->function->block->block_content->decl_stmt->decl->name
2,192,rectangle_java2.jpg,rectangle_java2.jpg,8390343942,192,990.9185416666667,723.63,941.5,731,91,20,Rectangle,9,class->block->function->block->block_content->decl_stmt->decl->init->expr->call->name
2,192,rectangle_java2.jpg,rectangle_java2.jpg,8390467934,120,955.5116666666667,722.4713333333333,941.5,731,91,20,Rectangle,9,class->block->function->block->block_content->decl_stmt->decl->init->expr->call->name
2,192,rectangle_java2.jpg,rectangle_java2.jpg,8390719948,64,968.761875,706.999375,932.5,694,100,21,rect1.area,10,class->block->function->block->block_content->expr_stmt->expr->call->argument_list->argument->expr->call->name->name->operator->name
2,192,rectangle_java2.jpg,rectangle_java2.jpg,8390959952,236,976.3601694915254,721.6801694915255,941.5,731,91,20,Rectangle,9,class->block->function->block->block_content->decl_stmt->decl->init->expr->call->name
2,192,rectangle_java2.jpg,rectangle_java2.jpg,8391091953,128,1007.8121875,721.6671875,941.5,731,91,20,Rectangle,9,class->block->function->block->block_content->decl_stmt->decl->init->expr->call->name
2,192,rectangle_java2.jpg,rectangle_java2.jpg,8391163957,68,1010.1935294117648,722.6088235294118,941.5,731,91,20,Rectangle,9,class->block->function->block->block_content->decl_stmt->decl->init->expr->call->name
2,192,rectangle_java2.jpg,rectangle_java2.jpg,8391391894,192,947.026875,722.8677083333333,941.5,731,91,20,Rectangle,9,class->block->function->block->block_content->decl_stmt->decl->init->expr->call->name
2,192,rectangle_java2.jpg,rectangle_java2.jpg,8391519658,100,1011.2164,722.3108,941.5,731,91,20,Rectangle,9,class->block->function->block->block_content->decl_stmt->decl->init->expr->call->name
2,192,rectangle_java2.jpg,rectangle_java2.jpg,8391639572,116,1010.9386206896552,731.8989655172414,941.5,731,91,20,Rectangle,9,class->block->function->block->block_content->decl_stmt->decl->init->expr->call->name
2,192,rectangle_java2.jpg,rectangle_java2.jpg,8391939709,200,728.5814,730.3434,730.5,731,91,20,Rectangle,9,class->block->function->block->block_content->decl_stmt->decl->type->name
2,192,rectangle_java2.jpg,rectangle_java2.jpg,8392259814,140,1013.1934285714286,726.5551428571429,941.5,731,91,20,Rectangle,9,class->block->function->block->block_content->decl_stmt->decl->init->expr->call->name
2,192,rectangle_java2.jpg,rectangle_java2.jpg,8392363815,100,1016.5116,732.38,941.5,731,91,20,Rectangle,9,class->block->function->block->block_content->decl_stmt->decl->init->expr->call->name
2,192,rectangle_java2.jpg,rectangle_java2.jpg,8392727785,96,1008.6270833333333,713.7529166666667,932.5,694,100,21,rect1.area,10,class->block->function->block->block_content->expr_stmt->expr->call->argument_list->argument->expr->call->name->name->operator->name
2,192,rectangle_java2.jpg,rectangle_java2.jpg,8393267639,84,1091.9957142857143,684.3557142857143,1096.5,694,10,21,;,1,class->block->function->block->block_content->expr_stmt
2,192,rectangle_java2.jpg,rectangle_java2.jpg,8393539647,60,1136.6473333333333,659.0313333333334,1134.5,658,22,20,10,2,class->block->function->block->block_content->decl_stmt->decl->init->expr->call->argument_list->argument->expr->literal
2,192,rectangle_java2.jpg,rectangle_java2.jpg,8393615657,72,1148.4894444444444,676.5788888888889,1134.5,658,22,20,10,2,class->block->function->block->block_content->decl_stmt->decl->init->expr->call->argument_list->argument->expr->literal
2,192,rectangle_java2.jpg,rectangle_java2.jpg,8393807771,120,1077.2206666666666,692.0956666666667,1077.5,694,9,21,),1,class->block->function->block->block_content->expr_stmt->expr->call->argument_list
2,192,rectangle_java2.jpg,rectangle_java2.jpg,8394031719,204,799.7156862745098,688.6378431372549,730.5,694,177,21,System.out.println,18,class->block->function->block->block_content->expr_stmt->expr->call->name->name->operator->name->operator->name
2,192,rectangle_java2.jpg,rectangle_java2.jpg,8394115676,80,805.051,697.824,730.5,694,177,21,System.out.println,18,class->block->function->block->block_content->expr_stmt->expr->call->name->name->operator->name->operator->name
2,192,rectangle_java2.jpg,rectangle_java2.jpg,8394247633,120,979.927,692.8003333333334,932.5,694,100,21,rect1.area,10,class->block->function->block->block_content->expr_stmt->expr->call->argument_list->argument->expr->call->name->name->operator->name
2,192,rectangle_java2.jpg,rectangle_java2.jpg,8394331644,80,980.4055,699.2325,932.5,694,100,21,rect1.area,10,class->block->function->block->block_content->expr_stmt->expr->call->argument_list->argument->expr->call->name->name->operator->name
2,192,rectangle_java2.jpg,rectangle_java2.jpg,8394883237,228,1083.311403508772,697.999298245614,1077.5,694,9,21,),1,class->block->function->block->block_content->expr_stmt->expr->call->argument_list
2,192,rectangle_java2.jpg,rectangle_java2.jpg,8395459612,212,1070.8637735849056,692.052641509434,1077.5,694,9,21,),1,class->block->function->block->block_content->expr_stmt->expr->call->argument_list
2,192,rectangle_java2.jpg,rectangle_java2.jpg,8396715498,88,1135.6936363636364,675.4859090909091,1134.5,658,22,20,10,2,class->block->function->block->block_content->decl_stmt->decl->init->expr->call->argument_list->argument->expr->literal
2,192,rectangle_java2.jpg,rectangle_java2.jpg,8396987554,116,1080.4803448275861,687.36,1077.5,694,9,21,),1,class->block->function->block->block_content->expr_stmt->expr->call->argument_list
2,192,rectangle_java2.jpg,rectangle_java2.jpg,8397347630,324,794.0530864197531,357.3777777777778,730.5,367,71,21,this.y1,7,class->block->constructor->block->block_content->expr_stmt->expr->name->name->operator->name
2,192,rectangle_java2.jpg,rectangle_java2.jpg,8397347630,324,794.0530864197531,357.3777777777778,806.5,367,15,21,=,1,class->block->constructor->block->block_content->expr_stmt->expr->operator
2,192,rectangle_java2.jpg,rectangle_java2.jpg,8397639461,248,754.8301612903226,339.805,730.5,331,71,19,this.x1,7,class->block->constructor->block->block_content->expr_stmt->expr->name->name->operator->name
2,192,rectangle_java2.jpg,rectangle_java2.jpg,8398055280,208,763.6232692307692,297.84173076923076,737.5,295,91,21,Rectangle,9,class->block->constructor->name
2,192,rectangle_java2.jpg,rectangle_java2.jpg,8398287141,60,719.996,270.32,669.5,259,72,21,private,7,class->block->decl_stmt->decl->type->specifier
2,192,rectangle_java2.jpg,rectangle_java2.jpg,8398483233,100,725.3704,276.188,669.5,259,72,21,private,7,class->block->decl_stmt->decl->type->specifier
2,192,rectangle_java2.jpg,rectangle_java2.jpg,8398595253,108,696.914074074074,279.4085185185185,669.5,259,72,21,private,7,class->block->decl_stmt->decl->type->specifier
2,192,rectangle_java2.jpg,rectangle_java2.jpg,8398675266,76,693.8394736842105,275.77473684210526,669.5,259,72,21,private,7,class->block->decl_stmt->decl->type->specifier
2,192,rectangle_java2.jpg,rectangle_java2.jpg,8398775280,68,934.0958823529412,298.43882352941176,939.5,295,33,21,int,3,class->block->constructor->parameter_list->parameter->decl->type->name
2,192,rectangle_java2.jpg,rectangle_java2.jpg,8398939302,160,937.567,294.94825,939.5,295,33,21,int,3,class->block->constructor->parameter_list->parameter->decl->type->name
2,192,rectangle_java2.jpg,rectangle_java2.jpg,8399103306,132,892.9093939393939,285.93848484848485,890.5,295,24,21,x1,2,class->block->constructor->parameter_list->parameter->decl->type->name
2,192,rectangle_java2.jpg,rectangle_java2.jpg,8399291259,120,932.9926666666667,305.405,939.5,295,33,21,int,3,class->block->constructor->parameter_list->parameter->decl->type->name
2,192,rectangle_java2.jpg,rectangle_java2.jpg,8399363221,60,1006.244,292.638,1007.5,295,10,21,",",1,class->block->constructor->parameter_list
2,192,rectangle_java2.jpg,rectangle_java2.jpg,8399587188,220,1015.3758181818182,289.2029090909091,1007.5,295,10,21,",",1,class->block->constructor->parameter_list
2,192,rectangle_java2.jpg,rectangle_java2.jpg,8399587188,220,1015.3758181818182,289.2029090909091,1025.5,295,33,21,int,3,class->block->constructor->parameter_list->parameter->decl->type->name
2,192,rectangle_java2.jpg,rectangle_java2.jpg,8400135001,140,959.7308571428572,296.29914285714284,939.5,295,33,21,int,3,class->block->constructor->parameter_list->parameter->decl->type->name
2,192,rectangle_java2.jpg,rectangle_java2.jpg,8400375144,184,1119.8545652173914,298.96065217391305,1112.5,295,33,21,int,3,class->block->constructor->parameter_list->parameter->decl->type->name
2,192,rectangle_java2.jpg,rectangle_java2.jpg,8400439154,60,1093.6553333333334,294.89933333333335,1094.5,295,9,21,",",1,class->block->constructor->parameter_list
2,192,rectangle_java2.jpg,rectangle_java2.jpg,8400571181,128,1088.2271875,285.6371875,1094.5,295,9,21,",",1,class->block->constructor->parameter_list
2,192,rectangle_java2.jpg,rectangle_java2.jpg,8400639197,64,1089.505,283.706875,1094.5,295,9,21,",",1,class->block->constructor->parameter_list
2,192,rectangle_java2.jpg,rectangle_java2.jpg,8400743195,56,1118.3221428571428,285.8828571428571,1112.5,295,33,21,int,3,class->block->constructor->parameter_list->parameter->decl->type->name
2,192,rectangle_java2.jpg,rectangle_java2.jpg,8401803011,112,858.9189285714285,327.69607142857143,856.5,331,10,19,;,1,class->block->constructor->block->block_content->expr_stmt
2,192,rectangle_java2.jpg,rectangle_java2.jpg,8402055039,204,793.5709803921569,338.60627450980394,730.5,331,71,19,this.x1,7,class->block->constructor->block->block_content->expr_stmt->expr->name->name->operator->name
2,192,rectangle_java2.jpg,rectangle_java2.jpg,8402171041,112,792.525,337.37892857142856,730.5,331,71,19,this.x1,7,class->block->constructor->block->block_content->expr_stmt->expr->name->name->operator->name
2,192,rectangle_java2.jpg,rectangle_java2.jpg,8402331072,64,763.103125,341.350625,730.5,331,71,19,this.x1,7,class->block->constructor->block->block_content->expr_stmt->expr->name->name->operator->name
2,192,rectangle_java2.jpg,rectangle_java2.jpg,8402578800,224,777.6810714285714,412.0019642857143,730.5,404,71,19,this.x2,7,class->block->constructor->block->block_content->expr_stmt->expr->name->name->operator->name
2,192,rectangle_java2.jpg,rectangle_java2.jpg,8403006916,96,802.9108333333334,519.7779166666667,775.5,512,53,21,width,5,class->block->function->name
2,192,rectangle_java2.jpg,rectangle_java2.jpg,8403139297,128,807.045,530.7534375,775.5,512,53,21,width,5,class->block->function->name
2,192,rectangle_java2.jpg,rectangle_java2.jpg,8403251373,92,1046.641304347826,591.3582608695652,977.5,585,101,21,this.width,10,class->block->function->block->block_content->return->expr->call->name->name->operator->name
2,192,rectangle_java2.jpg,rectangle_java2.jpg,8403331156,76,1053.9663157894736,594.4131578947369,977.5,585,101,21,this.width,10,class->block->function->block->block_content->return->expr->call->name->name->operator->name
2,192,rectangle_java2.jpg,rectangle_java2.jpg,8403526829,168,1106.4107142857142,580.7883333333333,1103.5,585,9,21,),1,class->block->function->block->block_content->return->expr->call->argument_list
2,192,rectangle_java2.jpg,rectangle_java2.jpg,8403742893,156,1145.2694871794872,581.4282051282051,1140.5,585,110,21,this.height,11,class->block->function->block->block_content->return->expr->call->name->name->operator->name
2,192,rectangle_java2.jpg,rectangle_java2.jpg,8403874933,108,947.302962962963,569.2511111111111,900.5,549,63,21,return,6,class->block->function->block->block_content->return
2,192,rectangle_java2.jpg,rectangle_java2.jpg,8404014841,136,943.0888235294118,573.9458823529412,910.5,585,62,21,return,6,class->block->function->block->block_content->return
2,192,rectangle_java2.jpg,rectangle_java2.jpg,8404242776,128,1022.686875,574.3584375,977.5,585,101,21,this.width,10,class->block->function->block->block_content->return->expr->call->name->name->operator->name
2,192,rectangle_java2.jpg,rectangle_java2.jpg,8404570727,108,1057.1522222222222,568.4937037037037,1045.5,549,13,21,-,1,class->block->function->block->block_content->return->expr->operator
2,192,rectangle_java2.jpg,rectangle_java2.jpg,8404570727,108,1057.1522222222222,568.4937037037037,1064.5,549,71,21,this.y1,7,class->block->function->block->block_content->return->expr->name->name->operator->name
2,192,rectangle_java2.jpg,rectangle_java2.jpg,8404762740,136,1136.6858823529412,575.3408823529412,1140.5,585,110,21,this.height,11,class->block->function->block->block_content->return->expr->call->name->name->operator->name
2,192,rectangle_java2.jpg,rectangle_java2.jpg,8405030594,240,721.9916666666667,583.2763333333334,669.5,585,63,21,public,6,class->block->function->type->specifier
2,192,rectangle_java2.jpg,rectangle_java2.jpg,8405170695,124,781.3890322580645,573.7022580645162,737.5,585,62,21,double,6,class->block->function->type->name
2,192,rectangle_java2.jpg,rectangle_java2.jpg,8405447049,56,800.9785714285714,554.9921428571429,775.5,549,62,21,height,6,class->block->function->name
2,192,rectangle_java2.jpg,rectangle_java2.jpg,8405554771,104,811.525,567.5592307692308,775.5,549,62,21,height,6,class->block->function->name
2,192,rectangle_java2.jpg,rectangle_java2.jpg,8405734538,160,1078.5445,569.30225,1064.5,549,71,21,this.y1,7,class->block->function->block->block_content->return->expr->name->name->operator->name
2,192,rectangle_java2.jpg,rectangle_java2.jpg,8405998604,88,1022.1895454545454,552.0577272727272,968.5,549,70,21,this.y2,7,class->block->function->block->block_content->return->expr->name->name->operator->name
2,192,rectangle_java2.jpg,rectangle_java2.jpg,8406214611,148,710.142972972973,585.0505405405405,669.5,585,63,21,public,6,class->block->function->type->specifier
2,192,rectangle_java2.jpg,rectangle_java2.jpg,8406326628,76,1036.3215789473684,577.0136842105263,977.5,585,101,21,this.width,10,class->block->function->block->block_content->return->expr->call->name->name->operator->name
2,192,rectangle_java2.jpg,rectangle_java2.jpg,8406542651,212,1043.9618867924528,578.718679245283,977.5,585,101,21,this.width,10,class->block->function->block->block_content->return->expr->call->name->name->operator->name
2,192,rectangle_java2.jpg,rectangle_java2.jpg,8406698640,152,1045.678947368421,582.6863157894737,977.5,585,101,21,this.width,10,class->block->function->block->block_content->return->expr->call->name->name->operator->name
2,192,rectangle_java2.jpg,rectangle_java2.jpg,8406782642,80,1065.4645,575.8605,977.5,585,101,21,this.width,10,class->block->function->block->block_content->return->expr->call->name->name->operator->name
2,192,rectangle_java2.jpg,rectangle_java2.jpg,8407546562,264,1117.914696969697,579.6490909090909,1122.5,585,12,21,*,1,class->block->function->block->block_content->return->expr->operator
2,192,rectangle_java2.jpg,rectangle_java2.jpg,8408054453,504,1115.5146031746033,594.5062698412698,1122.5,585,12,21,*,1,class->block->function->block->block_content->return->expr->operator
2,192,rectangle_java2.jpg,rectangle_java2.jpg,8408250465,184,1039.941956521739,583.24,977.5,585,101,21,this.width,10,class->block->function->block->block_content->return->expr->call->name->name->operator->name
2,192,rectangle_java2.jpg,rectangle_java2.jpg,8408366253,112,1039.7285714285715,578.6064285714285,977.5,585,101,21,this.width,10,class->block->function->block->block_content->return->expr->call->name->name->operator->name
2,192,rectangle_java2.jpg,rectangle_java2.jpg,8408758303,172,1044.0044186046512,577.8376744186047,977.5,585,101,21,this.width,10,class->block->function->block->block_content->return->expr->call->name->name->operator->name
2,192,rectangle_java2.jpg,rectangle_java2.jpg,8409126378,364,1048.1368131868132,581.4550549450549,977.5,585,101,21,this.width,10,class->block->function->block->block_content->return->expr->call->name->name->operator->name
2,192,rectangle_java2.jpg,rectangle_java2.jpg,8409538416,112,1127.152857142857,605.2382142857143,1122.5,585,12,21,*,1,class->block->function->block->block_content->return->expr->operator
2,192,rectangle_java2.jpg,rectangle_java2.jpg,8409806371,188,1015.5825531914894,632.3455319148936,1007.5,621,10,21,],1,class->block->function->parameter_list->parameter->decl->type->name->index
2,192,rectangle_java2.jpg,rectangle_java2.jpg,8409806371,188,1015.5825531914894,632.3455319148936,1025.5,621,42,21,args,4,class->block->function->parameter_list->parameter->decl->name
2,192,rectangle_java2.jpg,rectangle_java2.jpg,8409954294,88,1079.0868181818182,619.3377272727273,1074.5,621,10,21,),1,class->block->function->parameter_list
2,192,rectangle_java2.jpg,rectangle_java2.jpg,8410038043,80,1076.3545,625.1875,1074.5,621,10,21,),1,class->block->function->parameter_list
2,192,rectangle_java2.jpg,rectangle_java2.jpg,8410918237,228,1249.291403508772,601.2873684210526,1140.5,585,110,21,this.height,11,class->block->function->block->block_content->return->expr->call->name->name->operator->name
2,192,rectangle_java2.jpg,rectangle_java2.jpg,8410918237,228,1249.291403508772,601.2873684210526,1259.5,585,9,21,(,1,class->block->function->block->block_content->return->expr->call->argument_list
2,192,rectangle_java2.jpg,rectangle_java2.jpg,8411226184,80,720.11,623.384,669.5,621,63,21,public,6,class->block->function->type->specifier
2,192,rectangle_java2.jpg,rectangle_java2.jpg,8411354179,124,717.1838709677419,624.37,669.5,621,63,21,public,6,class->block->function->type->specifier
2,192,rectangle_java2.jpg,rectangle_java2.jpg,8411666214,236,796.5494915254237,616.5098305084746,738.5,621,61,21,static,6,class->block->function->type->specifier
2,192,rectangle_java2.jpg,rectangle_java2.jpg,8411666214,236,796.5494915254237,616.5098305084746,804.5,621,44,21,void,4,class->block->function->type->name
2,192,rectangle_java2.jpg,rectangle_java2.jpg,8411950012,56,990.8407142857143,600.1592857142857,977.5,585,101,21,this.width,10,class->block->function->block->block_content->return->expr->call->name->name->operator->name
2,192,rectangle_java2.jpg,rectangle_java2.jpg,8412362141,304,1059.1640789473684,616.4914473684211,1025.5,621,42,21,args,4,class->block->function->parameter_list->parameter->decl->name
2,192,rectangle_java2.jpg,rectangle_java2.jpg,8412666162,152,1235.3176315789474,604.6010526315789,1140.5,585,110,21,this.height,11,class->block->function->block->block_content->return->expr->call->name->name->operator->name
2,192,rectangle_java2.jpg,rectangle_java2.jpg,8412989935,108,991.8755555555556,669.1481481481482,941.5,658,91,20,Rectangle,9,class->block->function->block->block_content->decl_stmt->decl->init->expr->call->name
2,192,rectangle_java2.jpg,rectangle_java2.jpg,8413069969,76,974.8473684210526,659.1184210526316,941.5,658,91,20,Rectangle,9,class->block->function->block->block_content->decl_stmt->decl->init->expr->call->name
2,192,rectangle_java2.jpg,rectangle_java2.jpg,8413138028,64,943.2425,667.444375,941.5,658,91,20,Rectangle,9,class->block->function->block->block_content->decl_stmt->decl->init->expr->call->name
2,192,rectangle_java2.jpg,rectangle_java2.jpg,8413234090,92,943.0173913043478,672.1521739130435,941.5,658,91,20,Rectangle,9,class->block->function->block->block_content->decl_stmt->decl->init->expr->call->name
2,192,rectangle_java2.jpg,rectangle_java2.jpg,8413418046,124,1090.0525806451612,694.5903225806452,1096.5,694,10,21,;,1,class->block->function->block->block_content->expr_stmt
2,192,rectangle_java2.jpg,rectangle_java2.jpg,8413506037,84,1091.3133333333333,699.4414285714286,1096.5,694,10,21,;,1,class->block->function->block->block_content->expr_stmt
2,192,rectangle_java2.jpg,rectangle_java2.jpg,8413993974,60,1080.904,764.11,1077.5,766,9,21,),1,class->block->function->block->block_content->expr_stmt->expr->call->argument_list
2,192,rectangle_java2.jpg,rectangle_java2.jpg,8414145775,148,1088.8516216216217,769.5713513513514,1096.5,766,10,21,;,1,class->block->function->block->block_content->expr_stmt
2,192,rectangle_java2.jpg,rectangle_java2.jpg,8414737927,164,862.0958536585366,781.4958536585366,730.5,766,177,21,System.out.println,18,class->block->function->block->block_content->expr_stmt->expr->call->name->name->operator->name->operator->name
2,192,rectangle_java2.jpg,rectangle_java2.jpg,8414953801,148,941.3467567567568,773.1691891891892,932.5,766,100,21,rect2.area,10,class->block->function->block->block_content->expr_stmt->expr->call->argument_list->argument->expr->call->name->name->operator->name
2,192,rectangle_java2.jpg,rectangle_java2.jpg,8415953889,152,1066.3531578947368,735.0557894736842,1057.5,731,13,20,5,1,class->block->function->block->block_content->decl_stmt->decl->init->expr->call->argument_list->argument->expr->literal
2,192,rectangle_java2.jpg,rectangle_java2.jpg,8415953889,152,1066.3531578947368,735.0557894736842,1077.5,731,9,20,",",1,class->block->function->block->block_content->decl_stmt->decl->init->expr->call->argument_list
2,192,rectangle_java2.jpg,rectangle_java2.jpg,8416525751,84,1110.4133333333334,733.8171428571428,1115.5,731,10,20,",",1,class->block->function->block->block_content->decl_stmt->decl->init->expr->call->argument_list
2,192,rectangle_java2.jpg,rectangle_java2.jpg,8416846139,248,1079.7914516129033,683.0809677419355,1077.5,694,9,21,),1,class->block->function->block->block_content->expr_stmt->expr->call->argument_list
2,192,rectangle_java2.jpg,rectangle_java2.jpg,8417025830,136,771.0382352941176,688.1376470588235,730.5,694,177,21,System.out.println,18,class->block->function->block->block_content->expr_stmt->expr->call->name->name->operator->name->operator->name
2,192,rectangle_java2.jpg,rectangle_java2.jpg,8417181718,68,877.1217647058824,682.9935294117647,730.5,694,177,21,System.out.println,18,class->block->function->block->block_content->expr_stmt->expr->call->name->name->operator->name->operator->name
2,192,rectangle_java2.jpg,rectangle_java2.jpg,8417397722,204,1019.1219607843137,677.685294117647,941.5,658,91,20,Rectangle,9,class->block->function->block->block_content->decl_stmt->decl->init->expr->call->name
2,192,rectangle_java2.jpg,rectangle_java2.jpg,8417457739,56,1022.9092857142857,682.7571428571429,932.5,694,100,21,rect1.area,10,class->block->function->block->block_content->expr_stmt->expr->call->argument_list->argument->expr->call->name->name->operator->name
2,192,rectangle_java2.jpg,rectangle_java2.jpg,8417761698,84,1071.2685714285715,668.3542857142858,1077.5,658,9,20,",",1,class->block->function->block->block_content->decl_stmt->decl->init->expr->call->argument_list
2,192,rectangle_java2.jpg,rectangle_java2.jpg,8417909699,144,1069.526111111111,672.5372222222222,1057.5,658,13,20,0,1,class->block->function->block->block_content->decl_stmt->decl->init->expr->call->argument_list->argument->expr->literal
2,192,rectangle_java2.jpg,rectangle_java2.jpg,8417909699,144,1069.526111111111,672.5372222222222,1077.5,658,9,20,",",1,class->block->function->block->block_content->decl_stmt->decl->init->expr->call->argument_list
2,192,rectangle_java2.jpg,rectangle_java2.jpg,8418301574,84,1088.6023809523808,677.9009523809524,1095.5,658,13,20,0,1,class->block->function->block->block_content->decl_stmt->decl->init->expr->call->argument_list->argument->expr->literal
2,192,rectangle_java2.jpg,rectangle_java2.jpg,8418657395,92,1145.044347826087,663.2708695652174,1134.5,658,22,20,10,2,class->block->function->block->block_content->decl_stmt->decl->init->expr->call->argument_list->argument->expr->literal
2,192,rectangle_java2.jpg,rectangle_java2.jpg,8419237572,136,1073.490882352941,683.1888235294117,1077.5,694,9,21,),1,class->block->function->block->block_content->expr_stmt->expr->call->argument_list
2,192,rectangle_java2.jpg,rectangle_java2.jpg,8419589326,120,1105.2603333333334,688.8673333333334,1096.5,694,10,21,;,1,class->block->function->block->block_content->expr_stmt
