trial,participant,code_file,code_language,timestamp,duration,x_cord,y_cord,aoi_x,aoi_y,aoi_width,aoi_height,token,length,srcML
2,18,rectangle_java2.jpg,rectangle_java2.jpg,26131985695,64,818.045,262.541875,815.5,259,10,21,",",1,class->block->decl_stmt
2,18,rectangle_java2.jpg,rectangle_java2.jpg,26138737152,104,734.5523076923076,256.97115384615387,669.5,259,72,21,private,7,class->block->decl_stmt->decl->type->specifier
2,18,rectangle_java2.jpg,rectangle_java2.jpg,26138853149,112,719.3475,248.81,669.5,259,72,21,private,7,class->block->decl_stmt->decl->type->specifier
2,18,rectangle_java2.jpg,rectangle_java2.jpg,26139072969,136,757.0470588235294,232.5938235294118,715.5,222,90,21,Rectangle,9,class->name
2,18,rectangle_java2.jpg,rectangle_java2.jpg,26139481014,60,776.2293333333333,249.7253333333333,747.5,259,33,21,int,3,class->block->decl_stmt->decl->type->name
2,18,rectangle_java2.jpg,rectangle_java2.jpg,26139481014,60,776.2293333333333,249.7253333333333,785.5,259,23,21,x1,2,class->block->decl_stmt->decl->name
2,18,rectangle_java2.jpg,rectangle_java2.jpg,26139908980,148,947.0413513513514,251.11756756756756,929.5,259,23,21,y2,2,class->block->decl_stmt->decl->name
2,18,rectangle_java2.jpg,rectangle_java2.jpg,26139908980,148,947.0413513513514,251.11756756756756,959.5,259,10,21,;,1,class->block->decl_stmt
2,18,rectangle_java2.jpg,rectangle_java2.jpg,26140017004,104,950.2423076923077,257.47153846153844,929.5,259,23,21,y2,2,class->block->decl_stmt->decl->name
2,18,rectangle_java2.jpg,rectangle_java2.jpg,26140017004,104,950.2423076923077,257.47153846153844,959.5,259,10,21,;,1,class->block->decl_stmt
2,18,rectangle_java2.jpg,rectangle_java2.jpg,26140169018,116,907.625172413793,252.27344827586205,911.5,259,10,21,",",1,class->block->decl_stmt
2,18,rectangle_java2.jpg,rectangle_java2.jpg,26140396968,124,967.5412903225806,254.59000000000003,959.5,259,10,21,;,1,class->block->decl_stmt
2,18,rectangle_java2.jpg,rectangle_java2.jpg,26142540787,64,894.144375,249.83937500000002,881.5,259,23,21,x2,2,class->block->decl_stmt->decl->name
2,18,rectangle_java2.jpg,rectangle_java2.jpg,26144344592,76,843.0442105263157,284.7363157894737,837.5,295,9,21,(,1,class->block->constructor->parameter_list
2,18,rectangle_java2.jpg,rectangle_java2.jpg,26144344592,76,843.0442105263157,284.7363157894737,853.5,295,32,21,int,3,class->block->constructor->parameter_list->parameter->decl->type->name
2,18,rectangle_java2.jpg,rectangle_java2.jpg,26144440566,92,830.6395652173914,284.25739130434783,837.5,295,9,21,(,1,class->block->constructor->parameter_list
2,18,rectangle_java2.jpg,rectangle_java2.jpg,26144500578,56,799.3028571428572,272.23071428571427,785.5,259,23,21,x1,2,class->block->decl_stmt->decl->name
2,18,rectangle_java2.jpg,rectangle_java2.jpg,26144584600,80,790.9399999999999,268.9355,785.5,259,23,21,x1,2,class->block->decl_stmt->decl->name
2,18,rectangle_java2.jpg,rectangle_java2.jpg,26144672612,56,756.8535714285714,259.14214285714286,747.5,259,33,21,int,3,class->block->decl_stmt->decl->type->name
2,18,rectangle_java2.jpg,rectangle_java2.jpg,26144744606,68,760.5158823529412,277.11176470588236,747.5,259,33,21,int,3,class->block->decl_stmt->decl->type->name
2,18,rectangle_java2.jpg,rectangle_java2.jpg,26145008625,68,767.4558823529412,235.26470588235293,715.5,222,90,21,Rectangle,9,class->name
2,18,rectangle_java2.jpg,rectangle_java2.jpg,26145072629,60,765.134,247.76,747.5,259,33,21,int,3,class->block->decl_stmt->decl->type->name
2,18,rectangle_java2.jpg,rectangle_java2.jpg,26145148626,72,778.1466666666666,242.03722222222223,715.5,222,90,21,Rectangle,9,class->name
2,18,rectangle_java2.jpg,rectangle_java2.jpg,26147384387,116,763.7637931034483,273.7648275862069,747.5,259,33,21,int,3,class->block->decl_stmt->decl->type->name
2,18,rectangle_java2.jpg,rectangle_java2.jpg,26147472385,84,783.8085714285714,279.60571428571427,785.5,259,23,21,x1,2,class->block->decl_stmt->decl->name
2,18,rectangle_java2.jpg,rectangle_java2.jpg,26147584516,108,789.6277777777777,279.34592592592594,785.5,259,23,21,x1,2,class->block->decl_stmt->decl->name
2,18,rectangle_java2.jpg,rectangle_java2.jpg,26147756625,112,805.5567857142858,299.3989285714286,737.5,295,91,21,Rectangle,9,class->block->constructor->name
2,18,rectangle_java2.jpg,rectangle_java2.jpg,26147820567,60,786.4353333333333,292.2126666666667,737.5,295,91,21,Rectangle,9,class->block->constructor->name
2,18,rectangle_java2.jpg,rectangle_java2.jpg,26147944529,72,774.3294444444444,282.9,737.5,295,91,21,Rectangle,9,class->block->constructor->name
2,18,rectangle_java2.jpg,rectangle_java2.jpg,26148040482,92,770.7952173913044,292.38,737.5,295,91,21,Rectangle,9,class->block->constructor->name
2,18,rectangle_java2.jpg,rectangle_java2.jpg,26148192382,108,871.5829629629629,304.69888888888886,853.5,295,32,21,int,3,class->block->constructor->parameter_list->parameter->decl->type->name
2,18,rectangle_java2.jpg,rectangle_java2.jpg,26148260357,64,897.378125,306.394375,890.5,295,24,21,x1,2,class->block->constructor->parameter_list->parameter->decl->type->name
2,18,rectangle_java2.jpg,rectangle_java2.jpg,26148400352,136,903.5923529411765,298.4944117647059,890.5,295,24,21,x1,2,class->block->constructor->parameter_list->parameter->decl->type->name
2,18,rectangle_java2.jpg,rectangle_java2.jpg,26148896221,96,928.735,274.48,929.5,259,23,21,y2,2,class->block->decl_stmt->decl->name
2,18,rectangle_java2.jpg,rectangle_java2.jpg,26149012219,112,907.7739285714285,269.1767857142857,911.5,259,10,21,",",1,class->block->decl_stmt
2,18,rectangle_java2.jpg,rectangle_java2.jpg,26149156208,104,844.9557692307692,346.6953846153846,826.5,331,23,19,x1,2,class->block->constructor->block->block_content->expr_stmt->expr->name->name
2,18,rectangle_java2.jpg,rectangle_java2.jpg,26149156208,104,844.9557692307692,346.6953846153846,856.5,331,10,19,;,1,class->block->constructor->block->block_content->expr_stmt
2,18,rectangle_java2.jpg,rectangle_java2.jpg,26149312189,120,786.457,340.123,730.5,331,71,19,this.x1,7,class->block->constructor->block->block_content->expr_stmt->expr->name->name->operator->name
2,18,rectangle_java2.jpg,rectangle_java2.jpg,26149408182,92,785.674347826087,326.55739130434785,730.5,331,71,19,this.x1,7,class->block->constructor->block->block_content->expr_stmt->expr->name->name->operator->name
2,18,rectangle_java2.jpg,rectangle_java2.jpg,26149536191,76,863.7526315789473,343.6963157894737,856.5,331,10,19,;,1,class->block->constructor->block->block_content->expr_stmt
2,18,rectangle_java2.jpg,rectangle_java2.jpg,26150116107,104,774.7753846153846,360.2923076923077,730.5,367,71,21,this.y1,7,class->block->constructor->block->block_content->expr_stmt->expr->name->name->operator->name
2,18,rectangle_java2.jpg,rectangle_java2.jpg,26150364125,84,795.2785714285715,361.4442857142857,730.5,367,71,21,this.y1,7,class->block->constructor->block->block_content->expr_stmt->expr->name->name->operator->name
2,18,rectangle_java2.jpg,rectangle_java2.jpg,26150364125,84,795.2785714285715,361.4442857142857,806.5,367,15,21,=,1,class->block->constructor->block->block_content->expr_stmt->expr->operator
2,18,rectangle_java2.jpg,rectangle_java2.jpg,26150564076,156,829.2130769230769,370.31128205128203,826.5,367,23,21,y1,2,class->block->constructor->block->block_content->expr_stmt->expr->name->name
2,18,rectangle_java2.jpg,rectangle_java2.jpg,26150636073,68,833.7623529411765,375.9905882352941,826.5,367,23,21,y1,2,class->block->constructor->block->block_content->expr_stmt->expr->name->name
2,18,rectangle_java2.jpg,rectangle_java2.jpg,26150888072,228,799.9,328.9880701754386,730.5,331,71,19,this.x1,7,class->block->constructor->block->block_content->expr_stmt->expr->name->name->operator->name
2,18,rectangle_java2.jpg,rectangle_java2.jpg,26150888072,228,799.9,328.9880701754386,806.5,331,15,19,=,1,class->block->constructor->block->block_content->expr_stmt->expr->operator
2,18,rectangle_java2.jpg,rectangle_java2.jpg,26151004062,112,794.6996428571429,330.4382142857143,730.5,331,71,19,this.x1,7,class->block->constructor->block->block_content->expr_stmt->expr->name->name->operator->name
2,18,rectangle_java2.jpg,rectangle_java2.jpg,26151004062,112,794.6996428571429,330.4382142857143,806.5,331,15,19,=,1,class->block->constructor->block->block_content->expr_stmt->expr->operator
2,18,rectangle_java2.jpg,rectangle_java2.jpg,26151188108,68,814.4582352941177,260.7817647058824,815.5,259,10,21,",",1,class->block->decl_stmt
2,18,rectangle_java2.jpg,rectangle_java2.jpg,26151356082,140,798.3942857142857,314.50485714285713,737.5,295,91,21,Rectangle,9,class->block->constructor->name
2,18,rectangle_java2.jpg,rectangle_java2.jpg,26151436087,76,798.1357894736842,303.04894736842107,737.5,295,91,21,Rectangle,9,class->block->constructor->name
2,18,rectangle_java2.jpg,rectangle_java2.jpg,26151652034,156,799.9915384615384,335.125641025641,730.5,331,71,19,this.x1,7,class->block->constructor->block->block_content->expr_stmt->expr->name->name->operator->name
2,18,rectangle_java2.jpg,rectangle_java2.jpg,26151652034,156,799.9915384615384,335.125641025641,806.5,331,15,19,=,1,class->block->constructor->block->block_content->expr_stmt->expr->operator
2,18,rectangle_java2.jpg,rectangle_java2.jpg,26151748026,92,801.9856521739131,336.64130434782606,806.5,331,15,19,=,1,class->block->constructor->block->block_content->expr_stmt->expr->operator
2,18,rectangle_java2.jpg,rectangle_java2.jpg,26151979969,204,813.6388235294118,279.02372549019606,815.5,259,10,21,",",1,class->block->decl_stmt
2,18,rectangle_java2.jpg,rectangle_java2.jpg,26152099960,116,818.3303448275861,265.80310344827586,815.5,259,10,21,",",1,class->block->decl_stmt
2,18,rectangle_java2.jpg,rectangle_java2.jpg,26152191965,56,803.5092857142857,392.74142857142857,806.5,404,15,19,=,1,class->block->constructor->block->block_content->expr_stmt->expr->operator
2,18,rectangle_java2.jpg,rectangle_java2.jpg,26152423939,104,844.8373076923077,418.73,826.5,404,23,19,x2,2,class->block->constructor->block->block_content->expr_stmt->expr->name->name
2,18,rectangle_java2.jpg,rectangle_java2.jpg,26152423939,104,844.8373076923077,418.73,856.5,404,10,19,;,1,class->block->constructor->block->block_content->expr_stmt
2,18,rectangle_java2.jpg,rectangle_java2.jpg,26152511946,84,847.9785714285714,398.3414285714286,826.5,404,23,19,x2,2,class->block->constructor->block->block_content->expr_stmt->expr->name->name
2,18,rectangle_java2.jpg,rectangle_java2.jpg,26152511946,84,847.9785714285714,398.3414285714286,856.5,404,10,19,;,1,class->block->constructor->block->block_content->expr_stmt
2,18,rectangle_java2.jpg,rectangle_java2.jpg,26153855853,80,802.234,531.156,775.5,512,53,21,width,5,class->block->function->name
2,18,rectangle_java2.jpg,rectangle_java2.jpg,26153999812,116,759.3844827586207,517.0117241379311,737.5,512,33,21,int,3,class->block->function->type->name
2,18,rectangle_java2.jpg,rectangle_java2.jpg,26154175803,120,771.648,435.2819999999999,730.5,440,71,21,this.y2,7,class->block->constructor->block->block_content->expr_stmt->expr->name->name->operator->name
2,18,rectangle_java2.jpg,rectangle_java2.jpg,26154363824,128,833.49,415.3034375,826.5,404,23,19,x2,2,class->block->constructor->block->block_content->expr_stmt->expr->name->name
2,18,rectangle_java2.jpg,rectangle_java2.jpg,26154567817,200,842.8984,422.1942,826.5,404,23,19,x2,2,class->block->constructor->block->block_content->expr_stmt->expr->name->name
2,18,rectangle_java2.jpg,rectangle_java2.jpg,26155403774,76,792.6678947368421,500.6600000000001,775.5,512,53,21,width,5,class->block->function->name
2,18,rectangle_java2.jpg,rectangle_java2.jpg,26155807734,108,969.0596296296296,504.10592592592593,958.5,512,71,21,this.x2,7,class->block->function->block->block_content->return->expr->name->name->operator->name->operator
2,18,rectangle_java2.jpg,rectangle_java2.jpg,26156207190,72,956.115,512.3116666666666,958.5,512,71,21,this.x2,7,class->block->function->block->block_content->return->expr->name->name->operator->name->operator
2,18,rectangle_java2.jpg,rectangle_java2.jpg,26156351114,108,993.0107407407407,518.4174074074074,958.5,512,71,21,this.x2,7,class->block->function->block->block_content->return->expr->name->name->operator->name->operator
2,18,rectangle_java2.jpg,rectangle_java2.jpg,26156443250,68,803.7605882352941,544.8505882352941,775.5,549,62,21,height,6,class->block->function->name
2,18,rectangle_java2.jpg,rectangle_java2.jpg,26156607466,112,798.4260714285714,521.4514285714286,775.5,512,53,21,width,5,class->block->function->name
2,18,rectangle_java2.jpg,rectangle_java2.jpg,26156699520,88,799.2695454545454,544.2259090909091,775.5,549,62,21,height,6,class->block->function->name
2,18,rectangle_java2.jpg,rectangle_java2.jpg,26156783522,80,807.9765,562.53,775.5,549,62,21,height,6,class->block->function->name
2,18,rectangle_java2.jpg,rectangle_java2.jpg,26156891520,104,811.9484615384615,546.5292307692308,775.5,549,62,21,height,6,class->block->function->name
2,18,rectangle_java2.jpg,rectangle_java2.jpg,26157095583,156,851.2058974358974,544.334358974359,846.5,549,10,21,(,1,class->block->function->parameter_list
2,18,rectangle_java2.jpg,rectangle_java2.jpg,26157095583,156,851.2058974358974,544.334358974359,863.5,549,9,21,),1,class->block->function->parameter_list
2,18,rectangle_java2.jpg,rectangle_java2.jpg,26157183573,84,855.1385714285715,532.9752380952381,854.5,512,9,21,),1,class->block->function->parameter_list
2,18,rectangle_java2.jpg,rectangle_java2.jpg,26157459558,184,964.2076086956522,554.4023913043478,968.5,549,70,21,this.y2,7,class->block->function->block->block_content->return->expr->name->name->operator->name
2,18,rectangle_java2.jpg,rectangle_java2.jpg,26157867388,164,788.7214634146342,506.29390243902435,775.5,512,53,21,width,5,class->block->function->name
2,18,rectangle_java2.jpg,rectangle_java2.jpg,26157935340,64,793.581875,512.708125,775.5,512,53,21,width,5,class->block->function->name
2,18,rectangle_java2.jpg,rectangle_java2.jpg,26158579439,192,740.5770833333333,505.58375,737.5,512,33,21,int,3,class->block->function->type->name
2,18,rectangle_java2.jpg,rectangle_java2.jpg,26158639451,56,761.6392857142857,519.4028571428571,737.5,512,33,21,int,3,class->block->function->type->name
2,18,rectangle_java2.jpg,rectangle_java2.jpg,26158899437,64,771.566875,503.858125,775.5,512,53,21,width,5,class->block->function->name
2,18,rectangle_java2.jpg,rectangle_java2.jpg,26159155497,172,719.9046511627907,521.4134883720931,669.5,512,63,21,public,6,class->block->function->type->specifier
2,18,rectangle_java2.jpg,rectangle_java2.jpg,26159359721,156,792.1015384615384,521.9420512820512,775.5,512,53,21,width,5,class->block->function->name
2,18,rectangle_java2.jpg,rectangle_java2.jpg,26159635288,156,689.975641025641,527.1405128205129,669.5,512,63,21,public,6,class->block->function->type->specifier
2,18,rectangle_java2.jpg,rectangle_java2.jpg,26159783301,116,738.8793103448276,520.9958620689655,737.5,512,33,21,int,3,class->block->function->type->name
2,18,rectangle_java2.jpg,rectangle_java2.jpg,26159959269,144,806.9891666666666,520.9519444444445,775.5,512,53,21,width,5,class->block->function->name
2,18,rectangle_java2.jpg,rectangle_java2.jpg,26160119301,156,820.3961538461539,513.4605128205128,775.5,512,53,21,width,5,class->block->function->name
2,18,rectangle_java2.jpg,rectangle_java2.jpg,26160367354,216,769.1503703703704,519.3674074074074,737.5,512,33,21,int,3,class->block->function->type->name
2,18,rectangle_java2.jpg,rectangle_java2.jpg,26160367354,216,769.1503703703704,519.3674074074074,775.5,512,53,21,width,5,class->block->function->name
2,18,rectangle_java2.jpg,rectangle_java2.jpg,26160451348,68,841.0329411764706,516.7929411764705,837.5,512,9,21,(,1,class->block->function->parameter_list
2,18,rectangle_java2.jpg,rectangle_java2.jpg,26160527341,72,844.9861111111111,517.8072222222222,837.5,512,9,21,(,1,class->block->function->parameter_list
2,18,rectangle_java2.jpg,rectangle_java2.jpg,26160527341,72,844.9861111111111,517.8072222222222,854.5,512,9,21,),1,class->block->function->parameter_list
2,18,rectangle_java2.jpg,rectangle_java2.jpg,26160603324,64,967.39625,510.0450000000001,958.5,512,71,21,this.x2,7,class->block->function->block->block_content->return->expr->name->name->operator->name->operator
2,18,rectangle_java2.jpg,rectangle_java2.jpg,26160711301,104,970.39,519.4434615384615,958.5,512,71,21,this.x2,7,class->block->function->block->block_content->return->expr->name->name->operator->name->operator
2,18,rectangle_java2.jpg,rectangle_java2.jpg,26160975032,224,941.6405357142858,510.6905357142857,891.5,512,62,21,return,6,class->block->function->block->block_content->return->expr->name->name
2,18,rectangle_java2.jpg,rectangle_java2.jpg,26161071048,92,942.795652173913,523.5795652173913,891.5,512,62,21,return,6,class->block->function->block->block_content->return->expr->name->name
2,18,rectangle_java2.jpg,rectangle_java2.jpg,26161135103,60,971.8233333333334,515.924,958.5,512,71,21,this.x2,7,class->block->function->block->block_content->return->expr->name->name->operator->name->operator
2,18,rectangle_java2.jpg,rectangle_java2.jpg,26161367119,228,981.1914035087719,508.1482456140351,958.5,512,71,21,this.x2,7,class->block->function->block->block_content->return->expr->name->name->operator->name->operator
2,18,rectangle_java2.jpg,rectangle_java2.jpg,26161451105,80,981.237,500.74749999999995,958.5,512,71,21,this.x2,7,class->block->function->block->block_content->return->expr->name->name->operator->name->operator
2,18,rectangle_java2.jpg,rectangle_java2.jpg,26161571140,88,930.7136363636364,509.16363636363644,891.5,512,62,21,return,6,class->block->function->block->block_content->return->expr->name->name
2,18,rectangle_java2.jpg,rectangle_java2.jpg,26162179244,84,1118.8057142857142,286.8233333333333,1112.5,295,33,21,int,3,class->block->constructor->parameter_list->parameter->decl->type->name
2,18,rectangle_java2.jpg,rectangle_java2.jpg,26163055026,140,812.0831428571429,406.20971428571426,806.5,404,15,19,=,1,class->block->constructor->block->block_content->expr_stmt->expr->operator
2,18,rectangle_java2.jpg,rectangle_java2.jpg,26163183051,72,815.485,417.38166666666666,806.5,404,15,19,=,1,class->block->constructor->block->block_content->expr_stmt->expr->operator
2,18,rectangle_java2.jpg,rectangle_java2.jpg,26163183051,72,815.485,417.38166666666666,826.5,404,23,19,x2,2,class->block->constructor->block->block_content->expr_stmt->expr->name->name
2,18,rectangle_java2.jpg,rectangle_java2.jpg,26163478975,232,820.9458620689655,345.99258620689653,806.5,331,15,19,=,1,class->block->constructor->block->block_content->expr_stmt->expr->operator
2,18,rectangle_java2.jpg,rectangle_java2.jpg,26163478975,232,820.9458620689655,345.99258620689653,826.5,331,23,19,x1,2,class->block->constructor->block->block_content->expr_stmt->expr->name->name
2,18,rectangle_java2.jpg,rectangle_java2.jpg,26165098886,72,753.5288888888889,574.9794444444444,737.5,585,62,21,double,6,class->block->function->type->name
2,18,rectangle_java2.jpg,rectangle_java2.jpg,26165274874,172,749.3760465116279,580.2872093023256,737.5,585,62,21,double,6,class->block->function->type->name
2,18,rectangle_java2.jpg,rectangle_java2.jpg,26165686825,60,860.996,500.172,854.5,512,9,21,),1,class->block->function->parameter_list
2,18,rectangle_java2.jpg,rectangle_java2.jpg,26166058749,236,832.2859322033898,524.9766101694916,837.5,512,9,21,(,1,class->block->function->parameter_list
2,18,rectangle_java2.jpg,rectangle_java2.jpg,26166154751,92,841.2421739130435,532.6913043478261,837.5,512,9,21,(,1,class->block->function->parameter_list
2,18,rectangle_java2.jpg,rectangle_java2.jpg,26166306753,108,832.8822222222223,569.3503703703703,775.5,549,62,21,height,6,class->block->function->name
2,18,rectangle_java2.jpg,rectangle_java2.jpg,26166522751,140,909.0905714285715,546.7034285714286,900.5,549,63,21,return,6,class->block->function->block->block_content->return
2,18,rectangle_java2.jpg,rectangle_java2.jpg,26166666737,140,886.5454285714286,548.2282857142857,883.5,549,10,21,{,1,class->block->function->block
2,18,rectangle_java2.jpg,rectangle_java2.jpg,26167042784,120,816.8916666666667,546.8286666666667,775.5,549,62,21,height,6,class->block->function->name
2,18,rectangle_java2.jpg,rectangle_java2.jpg,26167214645,112,726.6642857142857,517.1417857142857,669.5,512,63,21,public,6,class->block->function->type->specifier
2,18,rectangle_java2.jpg,rectangle_java2.jpg,26167214645,112,726.6642857142857,517.1417857142857,737.5,512,33,21,int,3,class->block->function->type->name
2,18,rectangle_java2.jpg,rectangle_java2.jpg,26167302553,84,752.6504761904762,527.46,737.5,512,33,21,int,3,class->block->function->type->name
2,18,rectangle_java2.jpg,rectangle_java2.jpg,26167614614,96,863.5158333333334,503.33625000000006,874.5,512,10,21,{,1,class->block->function->block
2,18,rectangle_java2.jpg,rectangle_java2.jpg,26167686624,68,844.3341176470589,521.7905882352941,837.5,512,9,21,(,1,class->block->function->parameter_list
2,18,rectangle_java2.jpg,rectangle_java2.jpg,26167686624,68,844.3341176470589,521.7905882352941,854.5,512,9,21,),1,class->block->function->parameter_list
2,18,rectangle_java2.jpg,rectangle_java2.jpg,26167778624,88,839.3359090909091,516.5395454545454,837.5,512,9,21,(,1,class->block->function->parameter_list
2,18,rectangle_java2.jpg,rectangle_java2.jpg,26167874617,92,823.6382608695652,524.3752173913043,775.5,512,53,21,width,5,class->block->function->name
2,18,rectangle_java2.jpg,rectangle_java2.jpg,26168022576,60,912.25,547.5606666666666,900.5,549,63,21,return,6,class->block->function->block->block_content->return
2,18,rectangle_java2.jpg,rectangle_java2.jpg,26168290299,264,916.2013636363637,531.8810606060606,891.5,512,62,21,return,6,class->block->function->block->block_content->return->expr->name->name
2,18,rectangle_java2.jpg,rectangle_java2.jpg,26168614598,72,1005.0027777777777,522.3366666666667,958.5,512,71,21,this.x2,7,class->block->function->block->block_content->return->expr->name->name->operator->name->operator
2,18,rectangle_java2.jpg,rectangle_java2.jpg,26168690582,72,1000.9633333333334,542.1705555555556,968.5,549,70,21,this.y2,7,class->block->function->block->block_content->return->expr->name->name->operator->name
2,18,rectangle_java2.jpg,rectangle_java2.jpg,26168830507,100,1028.1064,520.5048,958.5,512,71,21,this.x2,7,class->block->function->block->block_content->return->expr->name->name->operator->name->operator
2,18,rectangle_java2.jpg,rectangle_java2.jpg,26168830507,100,1028.1064,520.5048,1035.5,512,13,21,-,1,class->block->function->block->block_content->return->expr->name->name
2,18,rectangle_java2.jpg,rectangle_java2.jpg,26169682505,84,970.9085714285715,500.19047619047615,958.5,512,71,21,this.x2,7,class->block->function->block->block_content->return->expr->name->name->operator->name->operator
2,18,rectangle_java2.jpg,rectangle_java2.jpg,26169966451,64,896.863125,508.068125,891.5,512,62,21,return,6,class->block->function->block->block_content->return->expr->name->name
2,18,rectangle_java2.jpg,rectangle_java2.jpg,26170178463,184,843.2663043478261,526.4639130434782,837.5,512,9,21,(,1,class->block->function->parameter_list
2,18,rectangle_java2.jpg,rectangle_java2.jpg,26170178463,184,843.2663043478261,526.4639130434782,854.5,512,9,21,),1,class->block->function->parameter_list
2,18,rectangle_java2.jpg,rectangle_java2.jpg,26170462400,252,892.5690476190476,537.4420634920635,883.5,549,10,21,{,1,class->block->function->block
2,18,rectangle_java2.jpg,rectangle_java2.jpg,26170462400,252,892.5690476190476,537.4420634920635,900.5,549,63,21,return,6,class->block->function->block->block_content->return
2,18,rectangle_java2.jpg,rectangle_java2.jpg,26170730421,72,1124.0905555555555,531.6916666666666,1054.5,512,71,21,this.x1,7,class->block->function->block->block_content->return->expr->name->name->operator->name
2,18,rectangle_java2.jpg,rectangle_java2.jpg,26170730421,72,1124.0905555555555,531.6916666666666,1132.5,512,10,21,;,1,class->block->function->block
2,18,rectangle_java2.jpg,rectangle_java2.jpg,26170870357,136,1127.3579411764706,528.020294117647,1132.5,512,10,21,;,1,class->block->function->block
2,18,rectangle_java2.jpg,rectangle_java2.jpg,26171038290,164,1123.0782926829268,543.189024390244,1064.5,549,71,21,this.y1,7,class->block->function->block->block_content->return->expr->name->name->operator->name
2,18,rectangle_java2.jpg,rectangle_java2.jpg,26171418330,136,1125.6620588235294,530.9714705882353,1132.5,512,10,21,;,1,class->block->function->block
2,18,rectangle_java2.jpg,rectangle_java2.jpg,26171522347,100,1160.1628,529.9192,1152.5,512,10,21,},1,class->block
2,18,rectangle_java2.jpg,rectangle_java2.jpg,26171830287,56,1100.4014285714286,504.4278571428572,1054.5,512,71,21,this.x1,7,class->block->function->block->block_content->return->expr->name->name->operator->name
2,18,rectangle_java2.jpg,rectangle_java2.jpg,26171946156,112,1103.0539285714285,514.02,1054.5,512,71,21,this.x1,7,class->block->function->block->block_content->return->expr->name->name->operator->name
2,18,rectangle_java2.jpg,rectangle_java2.jpg,26172122161,144,1140.5302777777779,532.1011111111111,1132.5,512,10,21,;,1,class->block->function->block
2,18,rectangle_java2.jpg,rectangle_java2.jpg,26172122161,144,1140.5302777777779,532.1011111111111,1152.5,512,10,21,},1,class->block
2,18,rectangle_java2.jpg,rectangle_java2.jpg,26172542222,144,1153.7086111111112,530.4822222222222,1152.5,512,10,21,},1,class->block
2,18,rectangle_java2.jpg,rectangle_java2.jpg,26172638224,92,1112.9378260869564,531.8665217391305,1054.5,512,71,21,this.x1,7,class->block->function->block->block_content->return->expr->name->name->operator->name
2,18,rectangle_java2.jpg,rectangle_java2.jpg,26172722227,80,1104.1525,529.576,1054.5,512,71,21,this.x1,7,class->block->function->block->block_content->return->expr->name->name->operator->name
2,18,rectangle_java2.jpg,rectangle_java2.jpg,26173242218,104,823.473076923077,241.4230769230769,813.5,222,10,21,{,1,class->block
2,18,rectangle_java2.jpg,rectangle_java2.jpg,26173314166,68,822.2352941176471,240.16529411764702,813.5,222,10,21,{,1,class->block
2,18,rectangle_java2.jpg,rectangle_java2.jpg,26173442067,104,832.5553846153846,459.051923076923,826.5,440,23,21,y2,2,class->block->constructor->block->block_content->expr_stmt->expr->name->name
2,18,rectangle_java2.jpg,rectangle_java2.jpg,26173609886,56,855.6242857142857,509.65571428571434,854.5,512,9,21,),1,class->block->function->parameter_list
2,18,rectangle_java2.jpg,rectangle_java2.jpg,26174150069,68,1136.570588235294,502.86117647058825,1132.5,512,10,21,;,1,class->block->function->block
2,18,rectangle_java2.jpg,rectangle_java2.jpg,26174422108,132,832.4745454545455,578.6069696969697,804.5,585,43,21,area,4,class->block->function->name
2,18,rectangle_java2.jpg,rectangle_java2.jpg,26174598079,172,831.4916279069768,580.6967441860465,804.5,585,43,21,area,4,class->block->function->name
2,18,rectangle_java2.jpg,rectangle_java2.jpg,26174742098,116,876.4075862068966,561.5237931034483,883.5,549,10,21,{,1,class->block->function->block
2,18,rectangle_java2.jpg,rectangle_java2.jpg,26174918102,96,915.2266666666667,590.7091666666666,910.5,585,62,21,return,6,class->block->function->block->block_content->return
2,18,rectangle_java2.jpg,rectangle_java2.jpg,26175166007,184,1041.5819565217391,577.3447826086956,977.5,585,101,21,this.width,10,class->block->function->block->block_content->return->expr->call->name->name->operator->name
2,18,rectangle_java2.jpg,rectangle_java2.jpg,26175321986,152,1025.2455263157894,585.3392105263158,977.5,585,101,21,this.width,10,class->block->function->block->block_content->return->expr->call->name->name->operator->name
2,18,rectangle_java2.jpg,rectangle_java2.jpg,26175425992,60,887.1293333333333,552.5193333333333,883.5,549,10,21,{,1,class->block->function->block
2,18,rectangle_java2.jpg,rectangle_java2.jpg,26175613682,184,889.3447826086956,550.615,883.5,549,10,21,{,1,class->block->function->block
2,18,rectangle_java2.jpg,rectangle_java2.jpg,26175613682,184,889.3447826086956,550.615,900.5,549,63,21,return,6,class->block->function->block->block_content->return
2,18,rectangle_java2.jpg,rectangle_java2.jpg,26175721729,104,880.7365384615384,562.9003846153846,883.5,549,10,21,{,1,class->block->function->block
2,18,rectangle_java2.jpg,rectangle_java2.jpg,26175837907,68,930.1264705882353,583.6411764705882,910.5,585,62,21,return,6,class->block->function->block->block_content->return
2,18,rectangle_java2.jpg,rectangle_java2.jpg,26176609827,124,851.9493548387097,525.8761290322581,854.5,512,9,21,),1,class->block->function->parameter_list
2,18,rectangle_java2.jpg,rectangle_java2.jpg,26176793804,56,930.2485714285714,562.8892857142857,900.5,549,63,21,return,6,class->block->function->block->block_content->return
2,18,rectangle_java2.jpg,rectangle_java2.jpg,26176905848,64,952.478125,527.87125,891.5,512,62,21,return,6,class->block->function->block->block_content->return->expr->name->name
2,18,rectangle_java2.jpg,rectangle_java2.jpg,26176905848,64,952.478125,527.87125,958.5,512,71,21,this.x2,7,class->block->function->block->block_content->return->expr->name->name->operator->name->operator
2,18,rectangle_java2.jpg,rectangle_java2.jpg,26177369885,192,1039.924375,576.6441666666667,977.5,585,101,21,this.width,10,class->block->function->block->block_content->return->expr->call->name->name->operator->name
2,18,rectangle_java2.jpg,rectangle_java2.jpg,26177473873,56,1074.8521428571428,569.6971428571428,1064.5,549,71,21,this.y1,7,class->block->function->block->block_content->return->expr->name->name->operator->name
2,18,rectangle_java2.jpg,rectangle_java2.jpg,26177641842,132,797.3472727272728,599.2081818181819,737.5,585,62,21,double,6,class->block->function->type->name
2,18,rectangle_java2.jpg,rectangle_java2.jpg,26177641842,132,797.3472727272728,599.2081818181819,804.5,585,43,21,area,4,class->block->function->name
2,18,rectangle_java2.jpg,rectangle_java2.jpg,26177897800,56,779.8242857142857,594.36,737.5,585,62,21,double,6,class->block->function->type->name
2,18,rectangle_java2.jpg,rectangle_java2.jpg,26178105745,148,837.2540540540541,648.5881081081081,826.5,658,52,20,rect1,5,class->block->function->block->block_content->decl_stmt->decl->name
2,18,rectangle_java2.jpg,rectangle_java2.jpg,26178377561,92,876.4213043478261,654.9939130434783,826.5,658,52,20,rect1,5,class->block->function->block->block_content->decl_stmt->decl->name
2,18,rectangle_java2.jpg,rectangle_java2.jpg,26178377561,92,876.4213043478261,654.9939130434783,883.5,658,15,20,=,1,class->block->function->block->block_content->decl_stmt->decl->init
2,18,rectangle_java2.jpg,rectangle_java2.jpg,26178549637,128,914.8575,663.3028125,902.5,658,34,20,new,3,class->block->function->block->block_content->decl_stmt->decl->init->expr->operator
2,18,rectangle_java2.jpg,rectangle_java2.jpg,26178633690,80,921.6015,639.2795,920.5,621,62,21,String,6,class->block->function->parameter_list->parameter->decl->type->name->name
2,18,rectangle_java2.jpg,rectangle_java2.jpg,26178721713,84,916.1857142857143,632.4666666666667,920.5,621,62,21,String,6,class->block->function->parameter_list->parameter->decl->type->name->name
2,18,rectangle_java2.jpg,rectangle_java2.jpg,26178921698,164,1053.8731707317072,632.359756097561,1025.5,621,42,21,args,4,class->block->function->parameter_list->parameter->decl->name
2,18,rectangle_java2.jpg,rectangle_java2.jpg,26179085689,160,1065.905,624.37525,1025.5,621,42,21,args,4,class->block->function->parameter_list->parameter->decl->name
2,18,rectangle_java2.jpg,rectangle_java2.jpg,26179085689,160,1065.905,624.37525,1074.5,621,10,21,),1,class->block->function->parameter_list
2,18,rectangle_java2.jpg,rectangle_java2.jpg,26179377675,60,996.322,523.5253333333334,958.5,512,71,21,this.x2,7,class->block->function->block->block_content->return->expr->name->name->operator->name->operator
2,18,rectangle_java2.jpg,rectangle_java2.jpg,26179445677,64,997.59375,514.1425,958.5,512,71,21,this.x2,7,class->block->function->block->block_content->return->expr->name->name->operator->name->operator
2,18,rectangle_java2.jpg,rectangle_java2.jpg,26179657802,172,947.7658139534884,507.55023255813956,891.5,512,62,21,return,6,class->block->function->block->block_content->return->expr->name->name
2,18,rectangle_java2.jpg,rectangle_java2.jpg,26179657802,172,947.7658139534884,507.55023255813956,958.5,512,71,21,this.x2,7,class->block->function->block->block_content->return->expr->name->name->operator->name->operator
2,18,rectangle_java2.jpg,rectangle_java2.jpg,26179821402,160,946.79975,512.767,891.5,512,62,21,return,6,class->block->function->block->block_content->return->expr->name->name
2,18,rectangle_java2.jpg,rectangle_java2.jpg,26179821402,160,946.79975,512.767,958.5,512,71,21,this.x2,7,class->block->function->block->block_content->return->expr->name->name->operator->name->operator
2,18,rectangle_java2.jpg,rectangle_java2.jpg,26180405563,316,833.4416455696203,512.9088607594937,837.5,512,9,21,(,1,class->block->function->parameter_list
2,18,rectangle_java2.jpg,rectangle_java2.jpg,26180505605,96,838.60625,512.2925,837.5,512,9,21,(,1,class->block->function->parameter_list
2,18,rectangle_java2.jpg,rectangle_java2.jpg,26180657629,112,878.8446428571428,637.6310714285714,851.5,621,44,21,main,4,class->block->function->name
2,18,rectangle_java2.jpg,rectangle_java2.jpg,26180725607,64,878.19375,645.85875,826.5,658,52,20,rect1,5,class->block->function->block->block_content->decl_stmt->decl->name
2,18,rectangle_java2.jpg,rectangle_java2.jpg,26180725607,64,878.19375,645.85875,883.5,658,15,20,=,1,class->block->function->block->block_content->decl_stmt->decl->init
2,18,rectangle_java2.jpg,rectangle_java2.jpg,26180793584,64,845.385625,641.6175000000001,804.5,621,44,21,void,4,class->block->function->type->name
2,18,rectangle_java2.jpg,rectangle_java2.jpg,26180793584,64,845.385625,641.6175000000001,851.5,621,44,21,main,4,class->block->function->name
2,18,rectangle_java2.jpg,rectangle_java2.jpg,26180861570,64,839.638125,638.0825,804.5,621,44,21,void,4,class->block->function->type->name
2,18,rectangle_java2.jpg,rectangle_java2.jpg,26180861570,64,839.638125,638.0825,851.5,621,44,21,main,4,class->block->function->name
2,18,rectangle_java2.jpg,rectangle_java2.jpg,26180981572,96,917.5691666666667,635.30375,920.5,621,62,21,String,6,class->block->function->parameter_list->parameter->decl->type->name->name
2,18,rectangle_java2.jpg,rectangle_java2.jpg,26181181543,96,1050.0808333333332,647.0091666666667,1041.5,658,9,20,(,1,class->block->function->block->block_content->decl_stmt->decl->init->expr->call->argument_list
2,18,rectangle_java2.jpg,rectangle_java2.jpg,26181181543,96,1050.0808333333332,647.0091666666667,1057.5,658,13,20,0,1,class->block->function->block->block_content->decl_stmt->decl->init->expr->call->argument_list->argument->expr->literal
2,18,rectangle_java2.jpg,rectangle_java2.jpg,26181377326,192,1050.2395833333333,640.2560416666666,1025.5,621,42,21,args,4,class->block->function->parameter_list->parameter->decl->name
2,18,rectangle_java2.jpg,rectangle_java2.jpg,26181469354,88,1052.35,633.7790909090909,1025.5,621,42,21,args,4,class->block->function->parameter_list->parameter->decl->name
2,18,rectangle_java2.jpg,rectangle_java2.jpg,26181573436,76,992.2878947368421,639.0157894736842,990.5,621,10,21,[,1,class->block->function->parameter_list->parameter->decl->type->name->index
2,18,rectangle_java2.jpg,rectangle_java2.jpg,26181685612,68,835.9541176470589,624.9411764705882,804.5,621,44,21,void,4,class->block->function->type->name
2,18,rectangle_java2.jpg,rectangle_java2.jpg,26181749675,60,802.8113333333333,626.2726666666666,804.5,621,44,21,void,4,class->block->function->type->name
2,18,rectangle_java2.jpg,rectangle_java2.jpg,26181913565,160,802.43575,631.71575,804.5,621,44,21,void,4,class->block->function->type->name
2,18,rectangle_java2.jpg,rectangle_java2.jpg,26182081415,124,798.5574193548387,602.4541935483871,737.5,585,62,21,double,6,class->block->function->type->name
2,18,rectangle_java2.jpg,rectangle_java2.jpg,26182081415,124,798.5574193548387,602.4541935483871,804.5,585,43,21,area,4,class->block->function->name
2,18,rectangle_java2.jpg,rectangle_java2.jpg,26182249480,136,817.4179411764705,638.2370588235294,804.5,621,44,21,void,4,class->block->function->type->name
2,18,rectangle_java2.jpg,rectangle_java2.jpg,26182485504,232,816.6993103448276,652.6794827586207,730.5,658,91,20,Rectangle,9,class->block->function->block->block_content->decl_stmt->decl->type->name
2,18,rectangle_java2.jpg,rectangle_java2.jpg,26182485504,232,816.6993103448276,652.6794827586207,826.5,658,52,20,rect1,5,class->block->function->block->block_content->decl_stmt->decl->name
2,18,rectangle_java2.jpg,rectangle_java2.jpg,26182593390,76,1120.4121052631579,647.7552631578948,1115.5,658,10,20,",",1,class->block->function->block->block_content->decl_stmt->decl->init->expr->call->argument_list
2,18,rectangle_java2.jpg,rectangle_java2.jpg,26183077321,76,1209.3952631578948,648.2573684210527,1211.5,658,9,20,),1,class->block->function->block->block_content->decl_stmt->decl->init->expr->call->argument_list
2,18,rectangle_java2.jpg,rectangle_java2.jpg,26184021328,128,986.12,531.6553125,958.5,512,71,21,this.x2,7,class->block->function->block->block_content->return->expr->name->name->operator->name->operator
2,18,rectangle_java2.jpg,rectangle_java2.jpg,26184229309,184,935.1923913043478,502.2660869565218,891.5,512,62,21,return,6,class->block->function->block->block_content->return->expr->name->name
2,18,rectangle_java2.jpg,rectangle_java2.jpg,26185073200,148,975.0621621621622,585.6202702702702,977.5,585,101,21,this.width,10,class->block->function->block->block_content->return->expr->call->name->name->operator->name
2,18,rectangle_java2.jpg,rectangle_java2.jpg,26185293156,116,831.2220689655172,621.1696551724137,804.5,621,44,21,void,4,class->block->function->type->name
2,18,rectangle_java2.jpg,rectangle_java2.jpg,26185373159,76,820.9068421052632,623.561052631579,804.5,621,44,21,void,4,class->block->function->type->name
2,18,rectangle_java2.jpg,rectangle_java2.jpg,26185545156,112,893.9032142857143,651.8214285714286,883.5,658,15,20,=,1,class->block->function->block->block_content->decl_stmt->decl->init
2,18,rectangle_java2.jpg,rectangle_java2.jpg,26185545156,112,893.9032142857143,651.8214285714286,902.5,658,34,20,new,3,class->block->function->block->block_content->decl_stmt->decl->init->expr->operator
2,18,rectangle_java2.jpg,rectangle_java2.jpg,26185613153,64,898.465,631.77625,904.5,621,9,21,(,1,class->block->function->parameter_list
2,18,rectangle_java2.jpg,rectangle_java2.jpg,26185953076,116,815.6765517241379,532.1396551724138,775.5,512,53,21,width,5,class->block->function->name
2,18,rectangle_java2.jpg,rectangle_java2.jpg,26186237037,68,941.9341176470588,521.9017647058823,891.5,512,62,21,return,6,class->block->function->block->block_content->return->expr->name->name
2,18,rectangle_java2.jpg,rectangle_java2.jpg,26186365053,124,952.548064516129,519.6270967741935,891.5,512,62,21,return,6,class->block->function->block->block_content->return->expr->name->name
2,18,rectangle_java2.jpg,rectangle_java2.jpg,26186365053,124,952.548064516129,519.6270967741935,958.5,512,71,21,this.x2,7,class->block->function->block->block_content->return->expr->name->name->operator->name->operator
2,18,rectangle_java2.jpg,rectangle_java2.jpg,26186473061,72,985.9761111111111,505.85333333333335,958.5,512,71,21,this.x2,7,class->block->function->block->block_content->return->expr->name->name->operator->name->operator
2,18,rectangle_java2.jpg,rectangle_java2.jpg,26186697123,140,1052.4011428571428,557.2722857142857,1045.5,549,13,21,-,1,class->block->function->block->block_content->return->expr->operator
2,18,rectangle_java2.jpg,rectangle_java2.jpg,26186697123,140,1052.4011428571428,557.2722857142857,1064.5,549,71,21,this.y1,7,class->block->function->block->block_content->return->expr->name->name->operator->name
2,18,rectangle_java2.jpg,rectangle_java2.jpg,26186801060,72,861.5994444444444,576.9966666666667,856.5,585,9,21,(,1,class->block->function->parameter_list
2,18,rectangle_java2.jpg,rectangle_java2.jpg,26186801060,72,861.5994444444444,576.9966666666667,873.5,585,9,21,),1,class->block->function->parameter_list
2,18,rectangle_java2.jpg,rectangle_java2.jpg,26187221071,216,924.2825925925926,565.6081481481482,900.5,549,63,21,return,6,class->block->function->block->block_content->return
2,18,rectangle_java2.jpg,rectangle_java2.jpg,26187421034,88,1065.5422727272728,574.21,977.5,585,101,21,this.width,10,class->block->function->block->block_content->return->expr->call->name->name->operator->name
2,18,rectangle_java2.jpg,rectangle_java2.jpg,26187760784,92,1066.2586956521739,556.9795652173913,1064.5,549,71,21,this.y1,7,class->block->function->block->block_content->return->expr->name->name->operator->name
2,18,rectangle_java2.jpg,rectangle_java2.jpg,26187984903,192,1026.0566666666666,565.04625,968.5,549,70,21,this.y2,7,class->block->function->block->block_content->return->expr->name->name->operator->name
2,18,rectangle_java2.jpg,rectangle_java2.jpg,26188124926,136,1022.3926470588235,575.3926470588235,977.5,585,101,21,this.width,10,class->block->function->block->block_content->return->expr->call->name->name->operator->name
2,18,rectangle_java2.jpg,rectangle_java2.jpg,26188320994,144,1099.6966666666667,564.7294444444444,1064.5,549,71,21,this.y1,7,class->block->function->block->block_content->return->expr->name->name->operator->name
2,18,rectangle_java2.jpg,rectangle_java2.jpg,26188397018,72,1098.033888888889,556.6122222222223,1064.5,549,71,21,this.y1,7,class->block->function->block->block_content->return->expr->name->name->operator->name
2,18,rectangle_java2.jpg,rectangle_java2.jpg,26188700912,236,1020.2571186440678,580.7942372881356,977.5,585,101,21,this.width,10,class->block->function->block->block_content->return->expr->call->name->name->operator->name
2,18,rectangle_java2.jpg,rectangle_java2.jpg,26188792930,68,1079.8741176470587,566.1952941176471,1064.5,549,71,21,this.y1,7,class->block->function->block->block_content->return->expr->name->name->operator->name
2,18,rectangle_java2.jpg,rectangle_java2.jpg,26189476804,328,937.4418292682927,509.66792682926825,891.5,512,62,21,return,6,class->block->function->block->block_content->return->expr->name->name
2,18,rectangle_java2.jpg,rectangle_java2.jpg,26189940757,112,731.6503571428572,753.6282142857143,730.5,766,177,21,System.out.println,18,class->block->function->block->block_content->expr_stmt->expr->call->name->name->operator->name->operator->name
2,18,rectangle_java2.jpg,rectangle_java2.jpg,26190480743,208,873.1363461538461,704.2086538461539,730.5,694,177,21,System.out.println,18,class->block->function->block->block_content->expr_stmt->expr->call->name->name->operator->name->operator->name
2,18,rectangle_java2.jpg,rectangle_java2.jpg,26190552754,68,872.3476470588236,722.6823529411764,826.5,731,51,20,rect2,5,class->block->function->block->block_content->decl_stmt->decl->name
2,18,rectangle_java2.jpg,rectangle_java2.jpg,26190552754,68,872.3476470588236,722.6823529411764,883.5,731,15,20,=,1,class->block->function->block->block_content->decl_stmt->decl->init
2,18,rectangle_java2.jpg,rectangle_java2.jpg,26190640696,68,769.1382352941176,737.2470588235294,730.5,731,91,20,Rectangle,9,class->block->function->block->block_content->decl_stmt->decl->type->name
2,18,rectangle_java2.jpg,rectangle_java2.jpg,26190728593,84,768.3571428571429,724.3523809523809,730.5,731,91,20,Rectangle,9,class->block->function->block->block_content->decl_stmt->decl->type->name
2,18,rectangle_java2.jpg,rectangle_java2.jpg,26190800563,68,771.0829411764706,737.070588235294,730.5,731,91,20,Rectangle,9,class->block->function->block->block_content->decl_stmt->decl->type->name
2,18,rectangle_java2.jpg,rectangle_java2.jpg,26191004709,100,863.8968,707.8528,730.5,694,177,21,System.out.println,18,class->block->function->block->block_content->expr_stmt->expr->call->name->name->operator->name->operator->name
2,18,rectangle_java2.jpg,rectangle_java2.jpg,26191604673,192,865.4502083333333,501.60875,874.5,512,10,21,{,1,class->block->function->block
2,18,rectangle_java2.jpg,rectangle_java2.jpg,26191692690,84,871.9804761904762,509.7190476190476,874.5,512,10,21,{,1,class->block->function->block
2,18,rectangle_java2.jpg,rectangle_java2.jpg,26191844695,92,817.5634782608696,621.4491304347825,804.5,621,44,21,void,4,class->block->function->type->name
2,18,rectangle_java2.jpg,rectangle_java2.jpg,26191984671,136,814.7267647058824,624.3026470588235,804.5,621,44,21,void,4,class->block->function->type->name
2,18,rectangle_java2.jpg,rectangle_java2.jpg,26195032411,60,1074.8213333333333,786.7393333333333,1077.5,766,9,21,),1,class->block->function->block->block_content->expr_stmt->expr->call->argument_list
2,18,rectangle_java2.jpg,rectangle_java2.jpg,26195840163,112,826.7182142857143,779.3482142857143,730.5,766,177,21,System.out.println,18,class->block->function->block->block_content->expr_stmt->expr->call->name->name->operator->name->operator->name
2,18,rectangle_java2.jpg,rectangle_java2.jpg,26207195049,68,1155.8823529411766,523.8929411764706,1152.5,512,10,21,},1,class->block
2,18,rectangle_java2.jpg,rectangle_java2.jpg,26207331226,80,1057.8945,551.356,1045.5,549,13,21,-,1,class->block->function->block->block_content->return->expr->operator
2,18,rectangle_java2.jpg,rectangle_java2.jpg,26207331226,80,1057.8945,551.356,1064.5,549,71,21,this.y1,7,class->block->function->block->block_content->return->expr->name->name->operator->name
2,18,rectangle_java2.jpg,rectangle_java2.jpg,26207739342,64,850.144375,527.51375,854.5,512,9,21,),1,class->block->function->parameter_list
2,18,rectangle_java2.jpg,rectangle_java2.jpg,26207811329,68,851.96,529.2452941176471,854.5,512,9,21,),1,class->block->function->parameter_list
2,18,rectangle_java2.jpg,rectangle_java2.jpg,26208375189,60,1028.8746666666666,538.6706666666666,968.5,549,70,21,this.y2,7,class->block->function->block->block_content->return->expr->name->name->operator->name
2,18,rectangle_java2.jpg,rectangle_java2.jpg,26209099252,80,938.6945,521.493,891.5,512,62,21,return,6,class->block->function->block->block_content->return->expr->name->name
2,18,rectangle_java2.jpg,rectangle_java2.jpg,26210115085,64,1058.18625,526.521875,1054.5,512,71,21,this.x1,7,class->block->function->block->block_content->return->expr->name->name->operator->name
2,18,rectangle_java2.jpg,rectangle_java2.jpg,26210283062,72,1033.2027777777778,541.0022222222223,968.5,549,70,21,this.y2,7,class->block->function->block->block_content->return->expr->name->name->operator->name
2,18,rectangle_java2.jpg,rectangle_java2.jpg,26210283062,72,1033.2027777777778,541.0022222222223,1045.5,549,13,21,-,1,class->block->function->block->block_content->return->expr->operator
2,18,rectangle_java2.jpg,rectangle_java2.jpg,26210479267,96,930.44625,265.4716666666667,929.5,259,23,21,y2,2,class->block->decl_stmt->decl->name
2,18,rectangle_java2.jpg,rectangle_java2.jpg,26211027056,64,828.486875,314.565,737.5,295,91,21,Rectangle,9,class->block->constructor->name
2,18,rectangle_java2.jpg,rectangle_java2.jpg,26211027056,64,828.486875,314.565,837.5,295,9,21,(,1,class->block->constructor->parameter_list
2,18,rectangle_java2.jpg,rectangle_java2.jpg,26211130912,100,827.1076,305.3496,737.5,295,91,21,Rectangle,9,class->block->constructor->name
2,18,rectangle_java2.jpg,rectangle_java2.jpg,26211130912,100,827.1076,305.3496,837.5,295,9,21,(,1,class->block->constructor->parameter_list
2,18,rectangle_java2.jpg,rectangle_java2.jpg,26211294755,112,848.9732142857143,371.6867857142857,826.5,367,23,21,y1,2,class->block->constructor->block->block_content->expr_stmt->expr->name->name
2,18,rectangle_java2.jpg,rectangle_java2.jpg,26211294755,112,848.9732142857143,371.6867857142857,856.5,367,10,21,;,1,class->block->constructor->block->block_content->expr_stmt
2,18,rectangle_java2.jpg,rectangle_java2.jpg,26211418793,120,839.669,373.58566666666667,826.5,367,23,21,y1,2,class->block->constructor->block->block_content->expr_stmt->expr->name->name
2,18,rectangle_java2.jpg,rectangle_java2.jpg,26212042941,72,836.0727777777778,387.25388888888887,826.5,367,23,21,y1,2,class->block->constructor->block->block_content->expr_stmt->expr->name->name
2,18,rectangle_java2.jpg,rectangle_java2.jpg,26212586994,96,966.7825,545.8070833333334,968.5,549,70,21,this.y2,7,class->block->function->block->block_content->return->expr->name->name->operator->name
2,18,rectangle_java2.jpg,rectangle_java2.jpg,26212934798,80,971.363,519.0120000000001,958.5,512,71,21,this.x2,7,class->block->function->block->block_content->return->expr->name->name->operator->name->operator
2,18,rectangle_java2.jpg,rectangle_java2.jpg,26213114812,88,900.6745454545454,556.3909090909091,900.5,549,63,21,return,6,class->block->function->block->block_content->return
2,18,rectangle_java2.jpg,rectangle_java2.jpg,26213222792,104,875.6553846153846,568.0334615384616,883.5,549,10,21,{,1,class->block->function->block
2,18,rectangle_java2.jpg,rectangle_java2.jpg,26213314797,88,868.4640909090909,553.5572727272727,863.5,549,9,21,),1,class->block->function->parameter_list
2,18,rectangle_java2.jpg,rectangle_java2.jpg,26213422820,104,867.1676923076923,549.8788461538462,863.5,549,9,21,),1,class->block->function->parameter_list
2,18,rectangle_java2.jpg,rectangle_java2.jpg,26213682814,60,1037.108,566.824,968.5,549,70,21,this.y2,7,class->block->function->block->block_content->return->expr->name->name->operator->name
2,18,rectangle_java2.jpg,rectangle_java2.jpg,26213682814,60,1037.108,566.824,1045.5,549,13,21,-,1,class->block->function->block->block_content->return->expr->operator
2,18,rectangle_java2.jpg,rectangle_java2.jpg,26213746820,60,1025.3693333333333,569.506,968.5,549,70,21,this.y2,7,class->block->function->block->block_content->return->expr->name->name->operator->name
2,18,rectangle_java2.jpg,rectangle_java2.jpg,26213826827,76,1028.65,559.4294736842105,968.5,549,70,21,this.y2,7,class->block->function->block->block_content->return->expr->name->name->operator->name
2,18,rectangle_java2.jpg,rectangle_java2.jpg,26214182738,76,916.5126315789473,552.5531578947368,900.5,549,63,21,return,6,class->block->function->block->block_content->return
2,18,rectangle_java2.jpg,rectangle_java2.jpg,26214354700,168,919.8638095238096,557.0130952380953,900.5,549,63,21,return,6,class->block->function->block->block_content->return
2,18,rectangle_java2.jpg,rectangle_java2.jpg,26214602679,72,1047.5272222222222,539.9544444444444,1045.5,549,13,21,-,1,class->block->function->block->block_content->return->expr->operator
2,18,rectangle_java2.jpg,rectangle_java2.jpg,26214762664,60,1096.7513333333334,545.8986666666667,1064.5,549,71,21,this.y1,7,class->block->function->block->block_content->return->expr->name->name->operator->name
2,18,rectangle_java2.jpg,rectangle_java2.jpg,26214934603,148,1101.8937837837839,550.3689189189189,1064.5,549,71,21,this.y1,7,class->block->function->block->block_content->return->expr->name->name->operator->name
2,18,rectangle_java2.jpg,rectangle_java2.jpg,26215130511,128,1155.5403125,545.5721875,1161.5,549,10,21,},1,class->block->function->block
2,18,rectangle_java2.jpg,rectangle_java2.jpg,26215250590,116,1155.4889655172415,544.3337931034483,1161.5,549,10,21,},1,class->block->function->block
2,18,rectangle_java2.jpg,rectangle_java2.jpg,26216694414,104,1119.2673076923077,528.3992307692307,1054.5,512,71,21,this.x1,7,class->block->function->block->block_content->return->expr->name->name->operator->name
2,18,rectangle_java2.jpg,rectangle_java2.jpg,26216794451,96,1125.9570833333332,532.6520833333334,1132.5,512,10,21,;,1,class->block->function->block
2,18,rectangle_java2.jpg,rectangle_java2.jpg,26217142556,64,931.02375,561.130625,900.5,549,63,21,return,6,class->block->function->block->block_content->return
2,18,rectangle_java2.jpg,rectangle_java2.jpg,26217210551,64,925.01625,590.41875,910.5,585,62,21,return,6,class->block->function->block->block_content->return
2,18,rectangle_java2.jpg,rectangle_java2.jpg,26217330509,72,873.6972222222222,661.5283333333333,826.5,658,52,20,rect1,5,class->block->function->block->block_content->decl_stmt->decl->name
2,18,rectangle_java2.jpg,rectangle_java2.jpg,26217330509,72,873.6972222222222,661.5283333333333,883.5,658,15,20,=,1,class->block->function->block->block_content->decl_stmt->decl->init
2,18,rectangle_java2.jpg,rectangle_java2.jpg,26217826405,216,1063.1216666666667,656.0492592592593,1057.5,658,13,20,0,1,class->block->function->block->block_content->decl_stmt->decl->init->expr->call->argument_list->argument->expr->literal
2,18,rectangle_java2.jpg,rectangle_java2.jpg,26219526287,84,1048.962380952381,612.1357142857142,1025.5,621,42,21,args,4,class->block->function->parameter_list->parameter->decl->name
2,18,rectangle_java2.jpg,rectangle_java2.jpg,26219674337,88,864.4404545454546,538.2363636363636,863.5,549,9,21,),1,class->block->function->parameter_list
2,18,rectangle_java2.jpg,rectangle_java2.jpg,26219790319,64,829.5543749999999,504.291875,837.5,512,9,21,(,1,class->block->function->parameter_list
2,18,rectangle_java2.jpg,rectangle_java2.jpg,26219858164,64,826.97375,502.228125,775.5,512,53,21,width,5,class->block->function->name
2,18,rectangle_java2.jpg,rectangle_java2.jpg,26219858164,64,826.97375,502.228125,837.5,512,9,21,(,1,class->block->function->parameter_list
2,18,rectangle_java2.jpg,rectangle_java2.jpg,26221018140,56,925.4407142857143,563.3735714285715,900.5,549,63,21,return,6,class->block->function->block->block_content->return
2,18,rectangle_java2.jpg,rectangle_java2.jpg,26221366155,68,921.9670588235294,546.1935294117646,900.5,549,63,21,return,6,class->block->function->block->block_content->return
2,18,rectangle_java2.jpg,rectangle_java2.jpg,26221646109,180,1024.1728888888888,539.0375555555555,968.5,549,70,21,this.y2,7,class->block->function->block->block_content->return->expr->name->name->operator->name
2,18,rectangle_java2.jpg,rectangle_java2.jpg,26222206047,56,1033.035,526.395,1035.5,512,13,21,-,1,class->block->function->block->block_content->return->expr->name->name
2,18,rectangle_java2.jpg,rectangle_java2.jpg,26222453968,100,1023.9032,538.1944,968.5,549,70,21,this.y2,7,class->block->function->block->block_content->return->expr->name->name->operator->name
2,18,rectangle_java2.jpg,rectangle_java2.jpg,26223218070,80,848.0915,404.397,826.5,404,23,19,x2,2,class->block->constructor->block->block_content->expr_stmt->expr->name->name
2,18,rectangle_java2.jpg,rectangle_java2.jpg,26223218070,80,848.0915,404.397,856.5,404,10,19,;,1,class->block->constructor->block->block_content->expr_stmt
2,18,rectangle_java2.jpg,rectangle_java2.jpg,26223385981,68,1079.9270588235295,516.5141176470588,1054.5,512,71,21,this.x1,7,class->block->function->block->block_content->return->expr->name->name->operator->name
2,18,rectangle_java2.jpg,rectangle_java2.jpg,26223553877,72,1013.3805555555556,502.6622222222222,958.5,512,71,21,this.x2,7,class->block->function->block->block_content->return->expr->name->name->operator->name->operator
2,18,rectangle_java2.jpg,rectangle_java2.jpg,26223701791,88,1024.915,531.6145454545455,958.5,512,71,21,this.x2,7,class->block->function->block->block_content->return->expr->name->name->operator->name->operator
2,18,rectangle_java2.jpg,rectangle_java2.jpg,26223701791,88,1024.915,531.6145454545455,1035.5,512,13,21,-,1,class->block->function->block->block_content->return->expr->name->name
2,18,rectangle_java2.jpg,rectangle_java2.jpg,26224101779,60,989.404,549.976,968.5,549,70,21,this.y2,7,class->block->function->block->block_content->return->expr->name->name->operator->name
2,18,rectangle_java2.jpg,rectangle_java2.jpg,26224205864,56,1007.6635714285715,514.6371428571429,958.5,512,71,21,this.x2,7,class->block->function->block->block_content->return->expr->name->name->operator->name->operator
2,18,rectangle_java2.jpg,rectangle_java2.jpg,26224269917,60,1011.4273333333333,526.604,958.5,512,71,21,this.x2,7,class->block->function->block->block_content->return->expr->name->name->operator->name->operator
2,18,rectangle_java2.jpg,rectangle_java2.jpg,26224789916,104,1043.318076923077,544.9011538461539,1045.5,549,13,21,-,1,class->block->function->block->block_content->return->expr->operator
2,18,rectangle_java2.jpg,rectangle_java2.jpg,26224873885,80,1054.2365,523.9895,1054.5,512,71,21,this.x1,7,class->block->function->block->block_content->return->expr->name->name->operator->name
2,18,rectangle_java2.jpg,rectangle_java2.jpg,26225741740,88,1020.3518181818182,565.3072727272727,968.5,549,70,21,this.y2,7,class->block->function->block->block_content->return->expr->name->name->operator->name
2,18,rectangle_java2.jpg,rectangle_java2.jpg,26225861744,76,1028.3257894736842,556.2347368421052,968.5,549,70,21,this.y2,7,class->block->function->block->block_content->return->expr->name->name->operator->name
2,18,rectangle_java2.jpg,rectangle_java2.jpg,26226021849,116,929.2093103448276,591.1048275862069,910.5,585,62,21,return,6,class->block->function->block->block_content->return
2,18,rectangle_java2.jpg,rectangle_java2.jpg,26226133837,72,911.2794444444445,551.6755555555555,900.5,549,63,21,return,6,class->block->function->block->block_content->return
2,18,rectangle_java2.jpg,rectangle_java2.jpg,26226353747,100,914.7748,525.4112,891.5,512,62,21,return,6,class->block->function->block->block_content->return->expr->name->name
2,18,rectangle_java2.jpg,rectangle_java2.jpg,26226485727,116,1064.7486206896551,544.9586206896552,1064.5,549,71,21,this.y1,7,class->block->function->block->block_content->return->expr->name->name->operator->name
2,18,rectangle_java2.jpg,rectangle_java2.jpg,26226689705,112,1054.9771428571428,509.2674999999999,1054.5,512,71,21,this.x1,7,class->block->function->block->block_content->return->expr->name->name->operator->name
2,18,rectangle_java2.jpg,rectangle_java2.jpg,26227609560,84,1112.885238095238,507.5566666666666,1054.5,512,71,21,this.x1,7,class->block->function->block->block_content->return->expr->name->name->operator->name
2,18,rectangle_java2.jpg,rectangle_java2.jpg,26227761606,148,1117.0794594594595,513.9559459459459,1054.5,512,71,21,this.x1,7,class->block->function->block->block_content->return->expr->name->name->operator->name
2,18,rectangle_java2.jpg,rectangle_java2.jpg,26228173778,200,958.6822,637.1016,920.5,621,62,21,String,6,class->block->function->parameter_list->parameter->decl->type->name->name
2,18,rectangle_java2.jpg,rectangle_java2.jpg,26228397412,72,1089.0144444444445,666.8766666666667,1095.5,658,13,20,0,1,class->block->function->block->block_content->decl_stmt->decl->init->expr->call->argument_list->argument->expr->literal
