trial,participant,code_file,code_language,timestamp,duration,x_cord,y_cord,aoi_x,aoi_y,aoi_width,aoi_height,token,length,srcML
2,27,rectangle_java2.jpg,rectangle_java2.jpg,241619775,92,693.4230434782609,216.39391304347828,657.5,222,52,21,class,5,class
2,27,rectangle_java2.jpg,rectangle_java2.jpg,241955722,60,778.9966666666667,212.64,715.5,222,90,21,Rectangle,9,class->name
2,27,rectangle_java2.jpg,rectangle_java2.jpg,242315556,60,781.884,251.13,785.5,259,23,21,x1,2,class->block->decl_stmt->decl->name
2,27,rectangle_java2.jpg,rectangle_java2.jpg,242815737,84,835.3271428571428,306.78285714285715,837.5,295,9,21,(,1,class->block->constructor->parameter_list
2,27,rectangle_java2.jpg,rectangle_java2.jpg,242879717,60,833.6346666666667,270.586,833.5,259,23,21,y1,2,class->block->decl_stmt->decl->name
2,27,rectangle_java2.jpg,rectangle_java2.jpg,242971689,64,838.383125,269.1525,833.5,259,23,21,y1,2,class->block->decl_stmt->decl->name
2,27,rectangle_java2.jpg,rectangle_java2.jpg,243267667,60,807.5766666666667,361.092,806.5,367,15,21,=,1,class->block->constructor->block->block_content->expr_stmt->expr->operator
2,27,rectangle_java2.jpg,rectangle_java2.jpg,243431654,56,820.7057142857143,210.1042857142857,813.5,222,10,21,{,1,class->block
2,27,rectangle_java2.jpg,rectangle_java2.jpg,243899567,64,759.978125,212.69875000000002,715.5,222,90,21,Rectangle,9,class->name
2,27,rectangle_java2.jpg,rectangle_java2.jpg,244243505,76,789.338947368421,567.13,775.5,549,62,21,height,6,class->block->function->name
2,27,rectangle_java2.jpg,rectangle_java2.jpg,244343610,96,788.0104166666666,555.77,775.5,549,62,21,height,6,class->block->function->name
2,27,rectangle_java2.jpg,rectangle_java2.jpg,244459628,80,703.775,563.443,669.5,549,63,21,public,6,class->block->function->type->specifier
2,27,rectangle_java2.jpg,rectangle_java2.jpg,244543557,80,715.3165,577.495,669.5,585,63,21,public,6,class->block->function->type->specifier
2,27,rectangle_java2.jpg,rectangle_java2.jpg,244711530,128,773.0075,579.9003125,737.5,585,62,21,double,6,class->block->function->type->name
2,27,rectangle_java2.jpg,rectangle_java2.jpg,244887548,84,687.7985714285714,557.9304761904762,669.5,549,63,21,public,6,class->block->function->type->specifier
2,27,rectangle_java2.jpg,rectangle_java2.jpg,245507390,80,919.5575,604.084,910.5,585,62,21,return,6,class->block->function->block->block_content->return
2,27,rectangle_java2.jpg,rectangle_java2.jpg,245571373,60,913.956,612.7493333333333,920.5,621,62,21,String,6,class->block->function->parameter_list->parameter->decl->type->name->name
2,27,rectangle_java2.jpg,rectangle_java2.jpg,245743374,124,810.5464516129032,586.4329032258064,804.5,585,43,21,area,4,class->block->function->name
2,27,rectangle_java2.jpg,rectangle_java2.jpg,245827375,80,815.035,580.943,804.5,585,43,21,area,4,class->block->function->name
2,27,rectangle_java2.jpg,rectangle_java2.jpg,246007423,120,817.893,589.4093333333333,804.5,585,43,21,area,4,class->block->function->name
2,27,rectangle_java2.jpg,rectangle_java2.jpg,246191407,80,826.4795,590.823,804.5,585,43,21,area,4,class->block->function->name
2,27,rectangle_java2.jpg,rectangle_java2.jpg,246263397,68,826.0894117647059,597.42,804.5,585,43,21,area,4,class->block->function->name
2,27,rectangle_java2.jpg,rectangle_java2.jpg,246391349,68,823.1958823529412,590.584705882353,804.5,585,43,21,area,4,class->block->function->name
2,27,rectangle_java2.jpg,rectangle_java2.jpg,246563595,96,992.8824999999999,603.44625,977.5,585,101,21,this.width,10,class->block->function->block->block_content->return->expr->call->name->name->operator->name
2,27,rectangle_java2.jpg,rectangle_java2.jpg,246627710,60,997.1213333333334,601.378,977.5,585,101,21,this.width,10,class->block->function->block->block_content->return->expr->call->name->name->operator->name
2,27,rectangle_java2.jpg,rectangle_java2.jpg,246803544,116,920.1455172413793,610.2462068965517,920.5,621,62,21,String,6,class->block->function->parameter_list->parameter->decl->type->name->name
2,27,rectangle_java2.jpg,rectangle_java2.jpg,246875478,68,920.7676470588235,617.145294117647,920.5,621,62,21,String,6,class->block->function->parameter_list->parameter->decl->type->name->name
2,27,rectangle_java2.jpg,rectangle_java2.jpg,247087149,120,799.9756666666667,595.4876666666667,804.5,585,43,21,area,4,class->block->function->name
2,27,rectangle_java2.jpg,rectangle_java2.jpg,247519211,108,1025.3462962962963,610.5633333333333,1025.5,621,42,21,args,4,class->block->function->parameter_list->parameter->decl->name
2,27,rectangle_java2.jpg,rectangle_java2.jpg,247587149,64,1030.849375,609.063125,1025.5,621,42,21,args,4,class->block->function->parameter_list->parameter->decl->name
2,27,rectangle_java2.jpg,rectangle_java2.jpg,248239191,60,1185.4953333333333,602.3846666666667,1140.5,585,110,21,this.height,11,class->block->function->block->block_content->return->expr->call->name->name->operator->name
2,27,rectangle_java2.jpg,rectangle_java2.jpg,248559118,188,1141.9031914893617,594.1165957446808,1140.5,585,110,21,this.height,11,class->block->function->block->block_content->return->expr->call->name->name->operator->name
2,27,rectangle_java2.jpg,rectangle_java2.jpg,248751257,68,1066.050588235294,616.54,1025.5,621,42,21,args,4,class->block->function->parameter_list->parameter->decl->name
2,27,rectangle_java2.jpg,rectangle_java2.jpg,248751257,68,1066.050588235294,616.54,1074.5,621,10,21,),1,class->block->function->parameter_list
2,27,rectangle_java2.jpg,rectangle_java2.jpg,248827263,72,1072.55,598.0522222222222,977.5,585,101,21,this.width,10,class->block->function->block->block_content->return->expr->call->name->name->operator->name
2,27,rectangle_java2.jpg,rectangle_java2.jpg,249011114,124,1107.9393548387097,593.4854838709678,1103.5,585,9,21,),1,class->block->function->block->block_content->return->expr->call->argument_list
2,27,rectangle_java2.jpg,rectangle_java2.jpg,249323150,216,949.1238888888889,613.9883333333333,920.5,621,62,21,String,6,class->block->function->parameter_list->parameter->decl->type->name->name
2,27,rectangle_java2.jpg,rectangle_java2.jpg,249439142,60,869.714,619.3486666666666,851.5,621,44,21,main,4,class->block->function->name
2,27,rectangle_java2.jpg,rectangle_java2.jpg,249675089,56,874.7135714285714,592.6221428571429,873.5,585,9,21,),1,class->block->function->parameter_list
2,27,rectangle_java2.jpg,rectangle_java2.jpg,249771073,84,853.9938095238095,659.532380952381,826.5,658,52,20,rect1,5,class->block->function->block->block_content->decl_stmt->decl->name
2,27,rectangle_java2.jpg,rectangle_java2.jpg,249927075,152,851.2844736842105,664.6792105263157,826.5,658,52,20,rect1,5,class->block->function->block->block_content->decl_stmt->decl->name
2,27,rectangle_java2.jpg,rectangle_java2.jpg,250123012,152,820.3642105263158,649.9384210526316,730.5,658,91,20,Rectangle,9,class->block->function->block->block_content->decl_stmt->decl->type->name
2,27,rectangle_java2.jpg,rectangle_java2.jpg,250123012,152,820.3642105263158,649.9384210526316,826.5,658,52,20,rect1,5,class->block->function->block->block_content->decl_stmt->decl->name
2,27,rectangle_java2.jpg,rectangle_java2.jpg,250274963,128,1010.1890625,628.380625,1007.5,621,10,21,],1,class->block->function->parameter_list->parameter->decl->type->name->index
2,27,rectangle_java2.jpg,rectangle_java2.jpg,250338963,60,1012.066,629.9506666666666,1007.5,621,10,21,],1,class->block->function->parameter_list->parameter->decl->type->name->index
2,27,rectangle_java2.jpg,rectangle_java2.jpg,250522939,80,902.2675,618.902,904.5,621,9,21,(,1,class->block->function->parameter_list
2,27,rectangle_java2.jpg,rectangle_java2.jpg,250598941,72,901.2683333333333,632.7444444444444,904.5,621,9,21,(,1,class->block->function->parameter_list
2,27,rectangle_java2.jpg,rectangle_java2.jpg,250871247,180,932.0284444444444,647.7384444444444,902.5,658,34,20,new,3,class->block->function->block->block_content->decl_stmt->decl->init->expr->operator
2,27,rectangle_java2.jpg,rectangle_java2.jpg,250871247,180,932.0284444444444,647.7384444444444,941.5,658,91,20,Rectangle,9,class->block->function->block->block_content->decl_stmt->decl->init->expr->call->name
2,27,rectangle_java2.jpg,rectangle_java2.jpg,251095145,140,1044.8028571428572,646.4242857142857,1041.5,658,9,20,(,1,class->block->function->block->block_content->decl_stmt->decl->init->expr->call->argument_list
2,27,rectangle_java2.jpg,rectangle_java2.jpg,251270927,68,1053.6088235294117,648.9329411764705,1057.5,658,13,20,0,1,class->block->function->block->block_content->decl_stmt->decl->init->expr->call->argument_list->argument->expr->literal
2,27,rectangle_java2.jpg,rectangle_java2.jpg,251334943,60,1095.442,645.956,1095.5,658,13,20,0,1,class->block->function->block->block_content->decl_stmt->decl->init->expr->call->argument_list->argument->expr->literal
2,27,rectangle_java2.jpg,rectangle_java2.jpg,251442960,104,1097.5753846153846,648.4073076923077,1095.5,658,13,20,0,1,class->block->function->block->block_content->decl_stmt->decl->init->expr->call->argument_list->argument->expr->literal
2,27,rectangle_java2.jpg,rectangle_java2.jpg,251618880,84,1021.3523809523809,631.4557142857143,1025.5,621,42,21,args,4,class->block->function->parameter_list->parameter->decl->name
2,27,rectangle_java2.jpg,rectangle_java2.jpg,251738700,116,1020.4551724137931,639.2617241379311,1025.5,621,42,21,args,4,class->block->function->parameter_list->parameter->decl->name
2,27,rectangle_java2.jpg,rectangle_java2.jpg,251894727,72,1022.5822222222222,635.1077777777778,1025.5,621,42,21,args,4,class->block->function->parameter_list->parameter->decl->name
2,27,rectangle_java2.jpg,rectangle_java2.jpg,252022803,124,1026.6903225806452,636.8874193548387,1025.5,621,42,21,args,4,class->block->function->parameter_list->parameter->decl->name
2,27,rectangle_java2.jpg,rectangle_java2.jpg,252134775,64,1090.81625,632.753125,1094.5,621,10,21,{,1,class->block->function->block
2,27,rectangle_java2.jpg,rectangle_java2.jpg,252278800,140,1087.8222857142857,631.4102857142857,1094.5,621,10,21,{,1,class->block->function->block
2,27,rectangle_java2.jpg,rectangle_java2.jpg,252446839,92,1054.4060869565217,638.4460869565218,1025.5,621,42,21,args,4,class->block->function->parameter_list->parameter->decl->name
2,27,rectangle_java2.jpg,rectangle_java2.jpg,253471120,68,901.1029411764706,542.1894117647058,900.5,549,63,21,return,6,class->block->function->block->block_content->return
2,27,rectangle_java2.jpg,rectangle_java2.jpg,253539636,64,908.505,541.231875,900.5,549,63,21,return,6,class->block->function->block->block_content->return
2,27,rectangle_java2.jpg,rectangle_java2.jpg,253663183,80,905.454,632.379,904.5,621,9,21,(,1,class->block->function->parameter_list
2,27,rectangle_java2.jpg,rectangle_java2.jpg,253841038,72,1069.0894444444443,595.4955555555556,977.5,585,101,21,this.width,10,class->block->function->block->block_content->return->expr->call->name->name->operator->name
2,27,rectangle_java2.jpg,rectangle_java2.jpg,253909133,64,1065.60875,589.494375,977.5,585,101,21,this.width,10,class->block->function->block->block_content->return->expr->call->name->name->operator->name
2,27,rectangle_java2.jpg,rectangle_java2.jpg,254125188,96,819.7808333333334,685.9454166666667,730.5,694,177,21,System.out.println,18,class->block->function->block->block_content->expr_stmt->expr->call->name->name->operator->name->operator->name
2,27,rectangle_java2.jpg,rectangle_java2.jpg,254389308,120,767.426,639.9723333333334,738.5,621,61,21,static,6,class->block->function->type->specifier
2,27,rectangle_java2.jpg,rectangle_java2.jpg,254857233,72,835.3877777777777,671.9838888888889,826.5,658,52,20,rect1,5,class->block->function->block->block_content->decl_stmt->decl->name
2,27,rectangle_java2.jpg,rectangle_java2.jpg,255065254,72,934.7911111111111,655.3844444444444,902.5,658,34,20,new,3,class->block->function->block->block_content->decl_stmt->decl->init->expr->operator
2,27,rectangle_java2.jpg,rectangle_java2.jpg,255065254,72,934.7911111111111,655.3844444444444,941.5,658,91,20,Rectangle,9,class->block->function->block->block_content->decl_stmt->decl->init->expr->call->name
2,27,rectangle_java2.jpg,rectangle_java2.jpg,255165244,96,940.0529166666666,660.9970833333333,941.5,658,91,20,Rectangle,9,class->block->function->block->block_content->decl_stmt->decl->init->expr->call->name
2,27,rectangle_java2.jpg,rectangle_java2.jpg,255429221,72,1054.6866666666667,677.5722222222222,1057.5,658,13,20,0,1,class->block->function->block->block_content->decl_stmt->decl->init->expr->call->argument_list->argument->expr->literal
2,27,rectangle_java2.jpg,rectangle_java2.jpg,255861089,60,1027.8453333333334,658.9106666666667,941.5,658,91,20,Rectangle,9,class->block->function->block->block_content->decl_stmt->decl->init->expr->call->name
2,27,rectangle_java2.jpg,rectangle_java2.jpg,256385119,76,872.9731578947368,722.6157894736842,826.5,731,51,20,rect2,5,class->block->function->block->block_content->decl_stmt->decl->name
2,27,rectangle_java2.jpg,rectangle_java2.jpg,256385119,76,872.9731578947368,722.6157894736842,883.5,731,15,20,=,1,class->block->function->block->block_content->decl_stmt->decl->init
2,27,rectangle_java2.jpg,rectangle_java2.jpg,256497149,108,863.7396296296296,726.97,826.5,731,51,20,rect2,5,class->block->function->block->block_content->decl_stmt->decl->name
2,27,rectangle_java2.jpg,rectangle_java2.jpg,256649220,76,780.9878947368421,712.3184210526316,730.5,694,177,21,System.out.println,18,class->block->function->block->block_content->expr_stmt->expr->call->name->name->operator->name->operator->name
2,27,rectangle_java2.jpg,rectangle_java2.jpg,256789156,104,774.9238461538462,754.76,730.5,766,177,21,System.out.println,18,class->block->function->block->block_content->expr_stmt->expr->call->name->name->operator->name->operator->name
2,27,rectangle_java2.jpg,rectangle_java2.jpg,262124470,176,840.4295454545454,633.7918181818181,804.5,621,44,21,void,4,class->block->function->type->name
2,27,rectangle_java2.jpg,rectangle_java2.jpg,262124470,176,840.4295454545454,633.7918181818181,851.5,621,44,21,main,4,class->block->function->name
