trial,participant,code_file,code_language,timestamp,duration,x_cord,y_cord,aoi_x,aoi_y,aoi_width,aoi_height,token,length,srcML
2,83,rectangle_java2.jpg,rectangle_java2.jpg,310601767,160,758.04975,338.366,730.5,331,71,19,this.x1,7,class->block->constructor->block->block_content->expr_stmt->expr->name->name->operator->name
2,83,rectangle_java2.jpg,rectangle_java2.jpg,310685774,80,752.669,330.7405,730.5,331,71,19,this.x1,7,class->block->constructor->block->block_content->expr_stmt->expr->name->name->operator->name
2,83,rectangle_java2.jpg,rectangle_java2.jpg,313541486,220,750.2534545454546,226.428,715.5,222,90,21,Rectangle,9,class->name
2,83,rectangle_java2.jpg,rectangle_java2.jpg,313757467,188,789.2608510638298,212.63744680851062,715.5,222,90,21,Rectangle,9,class->name
2,83,rectangle_java2.jpg,rectangle_java2.jpg,314001819,176,750.5745454545455,211.2136363636364,715.5,222,90,21,Rectangle,9,class->name
2,83,rectangle_java2.jpg,rectangle_java2.jpg,315365340,140,726.3714285714285,262.8837142857143,669.5,259,72,21,private,7,class->block->decl_stmt->decl->type->specifier
2,83,rectangle_java2.jpg,rectangle_java2.jpg,315673322,220,812.7578181818182,262.0652727272727,815.5,259,10,21,",",1,class->block->decl_stmt
2,83,rectangle_java2.jpg,rectangle_java2.jpg,315769343,80,898.824,266.042,881.5,259,23,21,x2,2,class->block->decl_stmt->decl->name
2,83,rectangle_java2.jpg,rectangle_java2.jpg,315873370,100,904.03,258.8044,881.5,259,23,21,x2,2,class->block->decl_stmt->decl->name
2,83,rectangle_java2.jpg,rectangle_java2.jpg,315873370,100,904.03,258.8044,911.5,259,10,21,",",1,class->block->decl_stmt
2,83,rectangle_java2.jpg,rectangle_java2.jpg,316641210,108,909.8,286.69814814814816,890.5,295,24,21,x1,2,class->block->constructor->parameter_list->parameter->decl->type->name
2,83,rectangle_java2.jpg,rectangle_java2.jpg,316641210,108,909.8,286.69814814814816,921.5,295,9,21,",",1,class->block->constructor->parameter_list
2,83,rectangle_java2.jpg,rectangle_java2.jpg,316945234,100,817.28,293.6544,737.5,295,91,21,Rectangle,9,class->block->constructor->name
2,83,rectangle_java2.jpg,rectangle_java2.jpg,317121208,172,815.3290697674419,298.066511627907,737.5,295,91,21,Rectangle,9,class->block->constructor->name
2,83,rectangle_java2.jpg,rectangle_java2.jpg,317205194,60,861.9066666666666,278.60200000000003,863.5,259,10,21,",",1,class->block->decl_stmt
2,83,rectangle_java2.jpg,rectangle_java2.jpg,317269184,60,859.61,293.13533333333334,853.5,295,32,21,int,3,class->block->constructor->parameter_list->parameter->decl->type->name
2,83,rectangle_java2.jpg,rectangle_java2.jpg,317357159,84,853.9695238095238,292.6542857142857,853.5,295,32,21,int,3,class->block->constructor->parameter_list->parameter->decl->type->name
2,83,rectangle_java2.jpg,rectangle_java2.jpg,317725300,56,815.2435714285714,332.21785714285716,806.5,331,15,19,=,1,class->block->constructor->block->block_content->expr_stmt->expr->operator
2,83,rectangle_java2.jpg,rectangle_java2.jpg,317725300,56,815.2435714285714,332.21785714285716,826.5,331,23,19,x1,2,class->block->constructor->block->block_content->expr_stmt->expr->name->name
2,83,rectangle_java2.jpg,rectangle_java2.jpg,317813107,84,828.212380952381,327.8333333333333,826.5,331,23,19,x1,2,class->block->constructor->block->block_content->expr_stmt->expr->name->name
2,83,rectangle_java2.jpg,rectangle_java2.jpg,317924894,56,817.7664285714286,324.3121428571429,806.5,331,15,19,=,1,class->block->constructor->block->block_content->expr_stmt->expr->operator
2,83,rectangle_java2.jpg,rectangle_java2.jpg,317924894,56,817.7664285714286,324.3121428571429,826.5,331,23,19,x1,2,class->block->constructor->block->block_content->expr_stmt->expr->name->name
2,83,rectangle_java2.jpg,rectangle_java2.jpg,317988955,60,804.0026666666666,337.312,806.5,331,15,19,=,1,class->block->constructor->block->block_content->expr_stmt->expr->operator
2,83,rectangle_java2.jpg,rectangle_java2.jpg,318065027,72,812.6366666666667,333.625,806.5,331,15,19,=,1,class->block->constructor->block->block_content->expr_stmt->expr->operator
2,83,rectangle_java2.jpg,rectangle_java2.jpg,318721234,68,807.2558823529412,358.4670588235294,806.5,367,15,21,=,1,class->block->constructor->block->block_content->expr_stmt->expr->operator
2,83,rectangle_java2.jpg,rectangle_java2.jpg,318925006,200,810.5098,359.0532,806.5,367,15,21,=,1,class->block->constructor->block->block_content->expr_stmt->expr->operator
2,83,rectangle_java2.jpg,rectangle_java2.jpg,319161077,104,841.5165384615384,358.0273076923077,826.5,367,23,21,y1,2,class->block->constructor->block->block_content->expr_stmt->expr->name->name
2,83,rectangle_java2.jpg,rectangle_java2.jpg,319281104,116,839.7806896551724,355.99793103448275,826.5,367,23,21,y1,2,class->block->constructor->block->block_content->expr_stmt->expr->name->name
2,83,rectangle_java2.jpg,rectangle_java2.jpg,319873070,140,818.2385714285714,400.14914285714286,806.5,404,15,19,=,1,class->block->constructor->block->block_content->expr_stmt->expr->operator
2,83,rectangle_java2.jpg,rectangle_java2.jpg,319873070,140,818.2385714285714,400.14914285714286,826.5,404,23,19,x2,2,class->block->constructor->block->block_content->expr_stmt->expr->name->name
2,83,rectangle_java2.jpg,rectangle_java2.jpg,320049040,132,839.8309090909091,392.5339393939394,826.5,404,23,19,x2,2,class->block->constructor->block->block_content->expr_stmt->expr->name->name
2,83,rectangle_java2.jpg,rectangle_java2.jpg,320125021,72,836.3911111111111,394.7294444444444,826.5,404,23,19,x2,2,class->block->constructor->block->block_content->expr_stmt->expr->name->name
2,83,rectangle_java2.jpg,rectangle_java2.jpg,320684958,100,828.0556,300.49,737.5,295,91,21,Rectangle,9,class->block->constructor->name
2,83,rectangle_java2.jpg,rectangle_java2.jpg,320684958,100,828.0556,300.49,837.5,295,9,21,(,1,class->block->constructor->parameter_list
2,83,rectangle_java2.jpg,rectangle_java2.jpg,320788968,100,826.7156,302.3248,737.5,295,91,21,Rectangle,9,class->block->constructor->name
2,83,rectangle_java2.jpg,rectangle_java2.jpg,320788968,100,826.7156,302.3248,837.5,295,9,21,(,1,class->block->constructor->parameter_list
2,83,rectangle_java2.jpg,rectangle_java2.jpg,320952918,132,787.1212121212121,262.0833333333333,785.5,259,23,21,x1,2,class->block->decl_stmt->decl->name
2,83,rectangle_java2.jpg,rectangle_java2.jpg,321076836,88,741.09,264.85136363636366,669.5,259,72,21,private,7,class->block->decl_stmt->decl->type->specifier
2,83,rectangle_java2.jpg,rectangle_java2.jpg,321076836,88,741.09,264.85136363636366,747.5,259,33,21,int,3,class->block->decl_stmt->decl->type->name
2,83,rectangle_java2.jpg,rectangle_java2.jpg,321360833,220,820.7141818181818,257.2965454545454,815.5,259,10,21,",",1,class->block->decl_stmt
2,83,rectangle_java2.jpg,rectangle_java2.jpg,321532911,168,822.9659523809523,263.9040476190476,815.5,259,10,21,",",1,class->block->decl_stmt
2,83,rectangle_java2.jpg,rectangle_java2.jpg,321532911,168,822.9659523809523,263.9040476190476,833.5,259,23,21,y1,2,class->block->decl_stmt->decl->name
2,83,rectangle_java2.jpg,rectangle_java2.jpg,321628909,92,812.0652173913044,259.19,815.5,259,10,21,",",1,class->block->decl_stmt
2,83,rectangle_java2.jpg,rectangle_java2.jpg,321768861,56,737.3085714285714,254.93785714285713,669.5,259,72,21,private,7,class->block->decl_stmt->decl->type->specifier
2,83,rectangle_java2.jpg,rectangle_java2.jpg,321768861,56,737.3085714285714,254.93785714285713,747.5,259,33,21,int,3,class->block->decl_stmt->decl->type->name
2,83,rectangle_java2.jpg,rectangle_java2.jpg,322764739,120,786.3906666666667,289.141,737.5,295,91,21,Rectangle,9,class->block->constructor->name
2,83,rectangle_java2.jpg,rectangle_java2.jpg,322908782,84,774.4742857142858,263.87095238095236,747.5,259,33,21,int,3,class->block->decl_stmt->decl->type->name
2,83,rectangle_java2.jpg,rectangle_java2.jpg,322908782,84,774.4742857142858,263.87095238095236,785.5,259,23,21,x1,2,class->block->decl_stmt->decl->name
2,83,rectangle_java2.jpg,rectangle_java2.jpg,323080733,140,821.4665714285715,252.45657142857146,815.5,259,10,21,",",1,class->block->decl_stmt
2,83,rectangle_java2.jpg,rectangle_java2.jpg,323080733,140,821.4665714285715,252.45657142857146,833.5,259,23,21,y1,2,class->block->decl_stmt->decl->name
2,83,rectangle_java2.jpg,rectangle_java2.jpg,323244765,96,737.0695833333333,251.37833333333333,669.5,259,72,21,private,7,class->block->decl_stmt->decl->type->specifier
2,83,rectangle_java2.jpg,rectangle_java2.jpg,323244765,96,737.0695833333333,251.37833333333333,747.5,259,33,21,int,3,class->block->decl_stmt->decl->type->name
2,83,rectangle_java2.jpg,rectangle_java2.jpg,323596718,88,848.7086363636364,301.39454545454544,853.5,295,32,21,int,3,class->block->constructor->parameter_list->parameter->decl->type->name
2,83,rectangle_java2.jpg,rectangle_java2.jpg,323760718,88,882.2918181818181,265.41727272727275,881.5,259,23,21,x2,2,class->block->decl_stmt->decl->name
2,83,rectangle_java2.jpg,rectangle_java2.jpg,323992707,156,958.0958974358974,261.80410256410255,959.5,259,10,21,;,1,class->block->decl_stmt
2,83,rectangle_java2.jpg,rectangle_java2.jpg,324372451,84,854.3928571428571,283.9761904761905,853.5,295,32,21,int,3,class->block->constructor->parameter_list->parameter->decl->type->name
2,83,rectangle_java2.jpg,rectangle_java2.jpg,324444500,68,852.8341176470589,273.14529411764704,833.5,259,23,21,y1,2,class->block->decl_stmt->decl->name
2,83,rectangle_java2.jpg,rectangle_java2.jpg,324444500,68,852.8341176470589,273.14529411764704,863.5,259,10,21,",",1,class->block->decl_stmt
2,83,rectangle_java2.jpg,rectangle_java2.jpg,324624583,152,804.9321052631578,294.30842105263156,737.5,295,91,21,Rectangle,9,class->block->constructor->name
2,83,rectangle_java2.jpg,rectangle_java2.jpg,324720584,84,892.8747619047618,290.55,890.5,295,24,21,x1,2,class->block->constructor->parameter_list->parameter->decl->type->name
2,83,rectangle_java2.jpg,rectangle_java2.jpg,324780564,56,886.01,285.25214285714287,890.5,295,24,21,x1,2,class->block->constructor->parameter_list->parameter->decl->type->name
2,83,rectangle_java2.jpg,rectangle_java2.jpg,324920547,88,926.4577272727273,296.15863636363633,921.5,295,9,21,",",1,class->block->constructor->parameter_list
2,83,rectangle_java2.jpg,rectangle_java2.jpg,325280570,240,813.3781666666666,322.5996666666667,806.5,331,15,19,=,1,class->block->constructor->block->block_content->expr_stmt->expr->operator
2,83,rectangle_java2.jpg,rectangle_java2.jpg,325724452,108,820.3937037037037,376.95074074074074,806.5,367,15,21,=,1,class->block->constructor->block->block_content->expr_stmt->expr->operator
2,83,rectangle_java2.jpg,rectangle_java2.jpg,325724452,108,820.3937037037037,376.95074074074074,826.5,367,23,21,y1,2,class->block->constructor->block->block_content->expr_stmt->expr->name->name
2,83,rectangle_java2.jpg,rectangle_java2.jpg,325800447,72,817.8227777777778,366.97444444444443,806.5,367,15,21,=,1,class->block->constructor->block->block_content->expr_stmt->expr->operator
2,83,rectangle_java2.jpg,rectangle_java2.jpg,325800447,72,817.8227777777778,366.97444444444443,826.5,367,23,21,y1,2,class->block->constructor->block->block_content->expr_stmt->expr->name->name
2,83,rectangle_java2.jpg,rectangle_java2.jpg,325876442,72,819.4883333333333,384.5572222222222,806.5,367,15,21,=,1,class->block->constructor->block->block_content->expr_stmt->expr->operator
2,83,rectangle_java2.jpg,rectangle_java2.jpg,325876442,72,819.4883333333333,384.5572222222222,826.5,367,23,21,y1,2,class->block->constructor->block->block_content->expr_stmt->expr->name->name
2,83,rectangle_java2.jpg,rectangle_java2.jpg,331879903,72,789.9522222222222,501.56555555555553,775.5,512,53,21,width,5,class->block->function->name
2,83,rectangle_java2.jpg,rectangle_java2.jpg,332875891,96,791.7008333333333,769.5491666666667,730.5,766,177,21,System.out.println,18,class->block->function->block->block_content->expr_stmt->expr->call->name->name->operator->name->operator->name
2,83,rectangle_java2.jpg,rectangle_java2.jpg,333083925,100,810.0796,749.024,730.5,731,91,20,Rectangle,9,class->block->function->block->block_content->decl_stmt->decl->type->name
2,83,rectangle_java2.jpg,rectangle_java2.jpg,333363754,188,870.57,732.8434042553191,826.5,731,51,20,rect2,5,class->block->function->block->block_content->decl_stmt->decl->name
2,83,rectangle_java2.jpg,rectangle_java2.jpg,333563578,96,915.8683333333333,742.3295833333333,902.5,731,34,20,new,3,class->block->function->block->block_content->decl_stmt->decl->init->expr->operator
2,83,rectangle_java2.jpg,rectangle_java2.jpg,334559815,136,748.6958823529412,585.2888235294117,737.5,585,62,21,double,6,class->block->function->type->name
2,83,rectangle_java2.jpg,rectangle_java2.jpg,334667781,76,748.9921052631579,499.95368421052626,737.5,512,33,21,int,3,class->block->function->type->name
2,83,rectangle_java2.jpg,rectangle_java2.jpg,334755768,84,743.8552380952381,509.80714285714294,737.5,512,33,21,int,3,class->block->function->type->name
2,83,rectangle_java2.jpg,rectangle_java2.jpg,334983763,116,848.3237931034482,729.0472413793103,826.5,731,51,20,rect2,5,class->block->function->block->block_content->decl_stmt->decl->name
2,83,rectangle_java2.jpg,rectangle_java2.jpg,335087721,88,790.6509090909091,731.3927272727273,730.5,731,91,20,Rectangle,9,class->block->function->block->block_content->decl_stmt->decl->type->name
2,83,rectangle_java2.jpg,rectangle_java2.jpg,335147712,56,780.6664285714286,721.6114285714286,730.5,731,91,20,Rectangle,9,class->block->function->block->block_content->decl_stmt->decl->type->name
2,83,rectangle_java2.jpg,rectangle_java2.jpg,335319793,64,1015.23375,735.225625,941.5,731,91,20,Rectangle,9,class->block->function->block->block_content->decl_stmt->decl->init->expr->call->name
2,83,rectangle_java2.jpg,rectangle_java2.jpg,335411732,88,1009.1554545454545,743.2618181818182,941.5,731,91,20,Rectangle,9,class->block->function->block->block_content->decl_stmt->decl->init->expr->call->name
2,83,rectangle_java2.jpg,rectangle_java2.jpg,335563649,60,952.2793333333333,755.6566666666666,932.5,766,100,21,rect2.area,10,class->block->function->block->block_content->expr_stmt->expr->call->argument_list->argument->expr->call->name->name->operator->name
2,83,rectangle_java2.jpg,rectangle_java2.jpg,340683252,76,731.661052631579,672.7431578947369,730.5,658,91,20,Rectangle,9,class->block->function->block->block_content->decl_stmt->decl->type->name
2,83,rectangle_java2.jpg,rectangle_java2.jpg,341603330,100,808.1636,767.5332,730.5,766,177,21,System.out.println,18,class->block->function->block->block_content->expr_stmt->expr->call->name->name->operator->name->operator->name
2,83,rectangle_java2.jpg,rectangle_java2.jpg,342903067,104,814.5226923076923,289.67384615384617,737.5,295,91,21,Rectangle,9,class->block->constructor->name
2,83,rectangle_java2.jpg,rectangle_java2.jpg,343178946,56,789.5164285714286,646.4035714285715,730.5,658,91,20,Rectangle,9,class->block->function->block->block_content->decl_stmt->decl->type->name
2,83,rectangle_java2.jpg,rectangle_java2.jpg,343278996,64,821.570625,553.765,775.5,549,62,21,height,6,class->block->function->name
2,83,rectangle_java2.jpg,rectangle_java2.jpg,343371012,88,819.3022727272728,549.4909090909091,775.5,549,62,21,height,6,class->block->function->name
2,83,rectangle_java2.jpg,rectangle_java2.jpg,343522990,108,921.521111111111,506.43703703703704,891.5,512,62,21,return,6,class->block->function->block->block_content->return->expr->name->name
2,83,rectangle_java2.jpg,rectangle_java2.jpg,343690982,100,897.738,550.7139999999999,900.5,549,63,21,return,6,class->block->function->block->block_content->return
2,83,rectangle_java2.jpg,rectangle_java2.jpg,343923021,76,891.8421052631579,553.3131578947368,883.5,549,10,21,{,1,class->block->function->block
2,83,rectangle_java2.jpg,rectangle_java2.jpg,343923021,76,891.8421052631579,553.3131578947368,900.5,549,63,21,return,6,class->block->function->block->block_content->return
2,83,rectangle_java2.jpg,rectangle_java2.jpg,344075007,148,889.5864864864865,537.6662162162162,883.5,549,10,21,{,1,class->block->function->block
2,83,rectangle_java2.jpg,rectangle_java2.jpg,344075007,148,889.5864864864865,537.6662162162162,900.5,549,63,21,return,6,class->block->function->block->block_content->return
2,83,rectangle_java2.jpg,rectangle_java2.jpg,344542896,84,1059.2209523809524,517.3842857142857,1054.5,512,71,21,this.x1,7,class->block->function->block->block_content->return->expr->name->name->operator->name
2,83,rectangle_java2.jpg,rectangle_java2.jpg,344846855,136,1041.4058823529413,528.425294117647,1035.5,512,13,21,-,1,class->block->function->block->block_content->return->expr->name->name
2,83,rectangle_java2.jpg,rectangle_java2.jpg,345022880,68,1157.3017647058823,515.2117647058824,1152.5,512,10,21,},1,class->block
2,83,rectangle_java2.jpg,rectangle_java2.jpg,345094934,68,1146.9541176470589,516.7935294117647,1152.5,512,10,21,},1,class->block
2,83,rectangle_java2.jpg,rectangle_java2.jpg,346062628,160,924.296,564.9505,900.5,549,63,21,return,6,class->block->function->block->block_content->return
2,83,rectangle_java2.jpg,rectangle_java2.jpg,346218687,84,1053.0990476190475,558.5252380952381,1045.5,549,13,21,-,1,class->block->function->block->block_content->return->expr->operator
2,83,rectangle_java2.jpg,rectangle_java2.jpg,346218687,84,1053.0990476190475,558.5252380952381,1064.5,549,71,21,this.y1,7,class->block->function->block->block_content->return->expr->name->name->operator->name
2,83,rectangle_java2.jpg,rectangle_java2.jpg,346330788,60,1054.6213333333333,550.32,1045.5,549,13,21,-,1,class->block->function->block->block_content->return->expr->operator
2,83,rectangle_java2.jpg,rectangle_java2.jpg,346330788,60,1054.6213333333333,550.32,1064.5,549,71,21,this.y1,7,class->block->function->block->block_content->return->expr->name->name->operator->name
2,83,rectangle_java2.jpg,rectangle_java2.jpg,346498781,136,1098.8217647058823,566.0629411764706,1064.5,549,71,21,this.y1,7,class->block->function->block->block_content->return->expr->name->name->operator->name
2,83,rectangle_java2.jpg,rectangle_java2.jpg,346654747,80,1046.9180000000001,563.5125,1045.5,549,13,21,-,1,class->block->function->block->block_content->return->expr->operator
2,83,rectangle_java2.jpg,rectangle_java2.jpg,346730732,72,1046.1216666666667,559.6527777777778,1045.5,549,13,21,-,1,class->block->function->block->block_content->return->expr->operator
2,83,rectangle_java2.jpg,rectangle_java2.jpg,346814727,80,1036.4665,576.6175,977.5,585,101,21,this.width,10,class->block->function->block->block_content->return->expr->call->name->name->operator->name
2,83,rectangle_java2.jpg,rectangle_java2.jpg,347030757,76,1083.5868421052633,568.9857894736842,1064.5,549,71,21,this.y1,7,class->block->function->block->block_content->return->expr->name->name->operator->name
2,83,rectangle_java2.jpg,rectangle_java2.jpg,347110780,76,1087.742105263158,586.71,1086.5,585,10,21,(,1,class->block->function->block->block_content->return->expr->call->argument_list
2,83,rectangle_java2.jpg,rectangle_java2.jpg,347246717,60,907.988,550.61,900.5,549,63,21,return,6,class->block->function->block->block_content->return
2,83,rectangle_java2.jpg,rectangle_java2.jpg,347714375,56,949.1685714285715,555.7892857142857,900.5,549,63,21,return,6,class->block->function->block->block_content->return
2,83,rectangle_java2.jpg,rectangle_java2.jpg,347878604,104,953.7803846153846,560.4507692307692,900.5,549,63,21,return,6,class->block->function->block->block_content->return
2,83,rectangle_java2.jpg,rectangle_java2.jpg,348074544,88,958.9759090909091,545.824090909091,900.5,549,63,21,return,6,class->block->function->block->block_content->return
2,83,rectangle_java2.jpg,rectangle_java2.jpg,348074544,88,958.9759090909091,545.824090909091,968.5,549,70,21,this.y2,7,class->block->function->block->block_content->return->expr->name->name->operator->name
2,83,rectangle_java2.jpg,rectangle_java2.jpg,348166533,88,959.8854545454545,544.5986363636364,900.5,549,63,21,return,6,class->block->function->block->block_content->return
2,83,rectangle_java2.jpg,rectangle_java2.jpg,348166533,88,959.8854545454545,544.5986363636364,968.5,549,70,21,this.y2,7,class->block->function->block->block_content->return->expr->name->name->operator->name
2,83,rectangle_java2.jpg,rectangle_java2.jpg,348462613,176,1045.3095454545455,541.9747727272727,1045.5,549,13,21,-,1,class->block->function->block->block_content->return->expr->operator
2,83,rectangle_java2.jpg,rectangle_java2.jpg,348566598,100,1055.448,517.0944,1054.5,512,71,21,this.x1,7,class->block->function->block->block_content->return->expr->name->name->operator->name
2,83,rectangle_java2.jpg,rectangle_java2.jpg,348650571,68,1114.8411764705882,528.1276470588235,1054.5,512,71,21,this.x1,7,class->block->function->block->block_content->return->expr->name->name->operator->name
2,83,rectangle_java2.jpg,rectangle_java2.jpg,348918794,264,1118.94,536.9040909090909,1064.5,549,71,21,this.y1,7,class->block->function->block->block_content->return->expr->name->name->operator->name
2,83,rectangle_java2.jpg,rectangle_java2.jpg,349154694,196,1133.2269387755102,507.4471428571428,1132.5,512,10,21,;,1,class->block->function->block
2,83,rectangle_java2.jpg,rectangle_java2.jpg,349362868,128,1027.5759375,506.725,958.5,512,71,21,this.x2,7,class->block->function->block->block_content->return->expr->name->name->operator->name->operator
2,83,rectangle_java2.jpg,rectangle_java2.jpg,349362868,128,1027.5759375,506.725,1035.5,512,13,21,-,1,class->block->function->block->block_content->return->expr->name->name
2,83,rectangle_java2.jpg,rectangle_java2.jpg,349870449,56,1026.4464285714287,501.31500000000005,958.5,512,71,21,this.x2,7,class->block->function->block->block_content->return->expr->name->name->operator->name->operator
2,83,rectangle_java2.jpg,rectangle_java2.jpg,349870449,56,1026.4464285714287,501.31500000000005,1035.5,512,13,21,-,1,class->block->function->block->block_content->return->expr->name->name
2,83,rectangle_java2.jpg,rectangle_java2.jpg,349986447,112,1029.7639285714286,504.9328571428571,1035.5,512,13,21,-,1,class->block->function->block->block_content->return->expr->name->name
2,83,rectangle_java2.jpg,rectangle_java2.jpg,350338444,84,1060.4066666666668,504.05904761904753,1054.5,512,71,21,this.x1,7,class->block->function->block->block_content->return->expr->name->name->operator->name
2,83,rectangle_java2.jpg,rectangle_java2.jpg,350498437,116,962.6272413793104,508.85034482758624,958.5,512,71,21,this.x2,7,class->block->function->block->block_content->return->expr->name->name->operator->name->operator
2,83,rectangle_java2.jpg,rectangle_java2.jpg,350558440,56,966.3307142857143,506.87285714285713,958.5,512,71,21,this.x2,7,class->block->function->block->block_content->return->expr->name->name->operator->name->operator
2,83,rectangle_java2.jpg,rectangle_java2.jpg,350766188,64,909.244375,504.495,891.5,512,62,21,return,6,class->block->function->block->block_content->return->expr->name->name
2,83,rectangle_java2.jpg,rectangle_java2.jpg,350978271,188,904.9148936170212,552.5614893617021,900.5,549,63,21,return,6,class->block->function->block->block_content->return
2,83,rectangle_java2.jpg,rectangle_java2.jpg,351158314,96,1059.6895833333333,540.6183333333333,1064.5,549,71,21,this.y1,7,class->block->function->block->block_content->return->expr->name->name->operator->name
2,83,rectangle_java2.jpg,rectangle_java2.jpg,351294343,132,1059.6824242424243,551.2518181818182,1064.5,549,71,21,this.y1,7,class->block->function->block->block_content->return->expr->name->name->operator->name
2,83,rectangle_java2.jpg,rectangle_java2.jpg,351414357,88,1122.6695454545454,551.9427272727273,1064.5,549,71,21,this.y1,7,class->block->function->block->block_content->return->expr->name->name->operator->name
2,83,rectangle_java2.jpg,rectangle_java2.jpg,351498356,80,1113.384,542.2255,1064.5,549,71,21,this.y1,7,class->block->function->block->block_content->return->expr->name->name->operator->name
2,83,rectangle_java2.jpg,rectangle_java2.jpg,351570355,68,1130.1735294117648,552.12,1064.5,549,71,21,this.y1,7,class->block->function->block->block_content->return->expr->name->name->operator->name
2,83,rectangle_java2.jpg,rectangle_java2.jpg,351570355,68,1130.1735294117648,552.12,1142.5,549,10,21,;,1,class->block->function->block->block_content->return
2,83,rectangle_java2.jpg,rectangle_java2.jpg,351726378,112,1050.0475,539.0878571428572,1045.5,549,13,21,-,1,class->block->function->block->block_content->return->expr->operator
2,83,rectangle_java2.jpg,rectangle_java2.jpg,351902332,68,922.5623529411765,531.3505882352941,891.5,512,62,21,return,6,class->block->function->block->block_content->return->expr->name->name
2,83,rectangle_java2.jpg,rectangle_java2.jpg,351990309,84,919.5552380952381,529.2161904761905,891.5,512,62,21,return,6,class->block->function->block->block_content->return->expr->name->name
2,83,rectangle_java2.jpg,rectangle_java2.jpg,352070309,76,933.5126315789473,538.0305263157895,900.5,549,63,21,return,6,class->block->function->block->block_content->return
2,83,rectangle_java2.jpg,rectangle_java2.jpg,352478088,196,849.008775510204,276.16755102040815,833.5,259,23,21,y1,2,class->block->decl_stmt->decl->name
2,83,rectangle_java2.jpg,rectangle_java2.jpg,352594131,80,843.338,314.315,837.5,295,9,21,(,1,class->block->constructor->parameter_list
2,83,rectangle_java2.jpg,rectangle_java2.jpg,352594131,80,843.338,314.315,853.5,295,32,21,int,3,class->block->constructor->parameter_list->parameter->decl->type->name
2,83,rectangle_java2.jpg,rectangle_java2.jpg,352726224,108,814.9977777777777,212.32666666666665,813.5,222,10,21,{,1,class->block
2,83,rectangle_java2.jpg,rectangle_java2.jpg,353094242,136,832.1411764705882,262.3035294117647,833.5,259,23,21,y1,2,class->block->decl_stmt->decl->name
2,83,rectangle_java2.jpg,rectangle_java2.jpg,353354204,68,839.7158823529412,591.3894117647059,804.5,585,43,21,area,4,class->block->function->name
2,83,rectangle_java2.jpg,rectangle_java2.jpg,353454216,96,852.5525,613.5866666666667,851.5,621,44,21,main,4,class->block->function->name
2,83,rectangle_java2.jpg,rectangle_java2.jpg,353618191,96,821.2754166666666,666.4245833333333,730.5,658,91,20,Rectangle,9,class->block->function->block->block_content->decl_stmt->decl->type->name
2,83,rectangle_java2.jpg,rectangle_java2.jpg,353618191,96,821.2754166666666,666.4245833333333,826.5,658,52,20,rect1,5,class->block->function->block->block_content->decl_stmt->decl->name
2,83,rectangle_java2.jpg,rectangle_java2.jpg,353738182,116,838.8434482758621,667.7586206896551,826.5,658,52,20,rect1,5,class->block->function->block->block_content->decl_stmt->decl->name
2,83,rectangle_java2.jpg,rectangle_java2.jpg,353870119,92,893.7726086956521,656.3982608695652,883.5,658,15,20,=,1,class->block->function->block->block_content->decl_stmt->decl->init
2,83,rectangle_java2.jpg,rectangle_java2.jpg,353870119,92,893.7726086956521,656.3982608695652,902.5,658,34,20,new,3,class->block->function->block->block_content->decl_stmt->decl->init->expr->operator
2,83,rectangle_java2.jpg,rectangle_java2.jpg,354022062,148,894.1024324324325,645.6640540540541,883.5,658,15,20,=,1,class->block->function->block->block_content->decl_stmt->decl->init
2,83,rectangle_java2.jpg,rectangle_java2.jpg,354022062,148,894.1024324324325,645.6640540540541,902.5,658,34,20,new,3,class->block->function->block->block_content->decl_stmt->decl->init->expr->operator
2,83,rectangle_java2.jpg,rectangle_java2.jpg,354230045,152,815.9747368421052,742.3921052631579,730.5,731,91,20,Rectangle,9,class->block->function->block->block_content->decl_stmt->decl->type->name
2,83,rectangle_java2.jpg,rectangle_java2.jpg,354230045,152,815.9747368421052,742.3921052631579,826.5,731,51,20,rect2,5,class->block->function->block->block_content->decl_stmt->decl->name
2,83,rectangle_java2.jpg,rectangle_java2.jpg,354430027,136,916.145,732.9011764705882,902.5,731,34,20,new,3,class->block->function->block->block_content->decl_stmt->decl->init->expr->operator
2,83,rectangle_java2.jpg,rectangle_java2.jpg,354666276,132,921.5233333333333,728.5609090909091,902.5,731,34,20,new,3,class->block->function->block->block_content->decl_stmt->decl->init->expr->operator
2,83,rectangle_java2.jpg,rectangle_java2.jpg,355409889,76,858.3684210526316,709.7963157894736,730.5,694,177,21,System.out.println,18,class->block->function->block->block_content->expr_stmt->expr->call->name->name->operator->name->operator->name
2,83,rectangle_java2.jpg,rectangle_java2.jpg,355541816,80,857.4300000000001,735.6345,826.5,731,51,20,rect2,5,class->block->function->block->block_content->decl_stmt->decl->name
2,83,rectangle_java2.jpg,rectangle_java2.jpg,355705890,128,823.170625,758.7196875,730.5,766,177,21,System.out.println,18,class->block->function->block->block_content->expr_stmt->expr->call->name->name->operator->name->operator->name
2,83,rectangle_java2.jpg,rectangle_java2.jpg,355769906,60,832.0446666666667,763.5886666666667,730.5,766,177,21,System.out.println,18,class->block->function->block->block_content->expr_stmt->expr->call->name->name->operator->name->operator->name
2,83,rectangle_java2.jpg,rectangle_java2.jpg,355961939,156,895.3374358974359,695.5348717948718,730.5,694,177,21,System.out.println,18,class->block->function->block->block_content->expr_stmt->expr->call->name->name->operator->name->operator->name
2,83,rectangle_java2.jpg,rectangle_java2.jpg,359557701,128,891.5071875,515.5646875,891.5,512,62,21,return,6,class->block->function->block->block_content->return->expr->name->name
2,83,rectangle_java2.jpg,rectangle_java2.jpg,359625702,64,885.86125,505.5818750000001,891.5,512,62,21,return,6,class->block->function->block->block_content->return->expr->name->name
2,83,rectangle_java2.jpg,rectangle_java2.jpg,359949685,56,817.81,560.4771428571429,775.5,549,62,21,height,6,class->block->function->name
2,83,rectangle_java2.jpg,rectangle_java2.jpg,360021691,68,810.7123529411765,561.2511764705882,775.5,549,62,21,height,6,class->block->function->name
2,83,rectangle_java2.jpg,rectangle_java2.jpg,360101697,76,818.9473684210526,575.5915789473684,804.5,585,43,21,area,4,class->block->function->name
2,83,rectangle_java2.jpg,rectangle_java2.jpg,360281615,92,839.3834782608695,611.75,804.5,621,44,21,void,4,class->block->function->type->name
2,83,rectangle_java2.jpg,rectangle_java2.jpg,360281615,92,839.3834782608695,611.75,851.5,621,44,21,main,4,class->block->function->name
2,83,rectangle_java2.jpg,rectangle_java2.jpg,360345598,60,850.1106666666667,610.244,851.5,621,44,21,main,4,class->block->function->name
2,83,rectangle_java2.jpg,rectangle_java2.jpg,360501570,120,896.3,628.652,904.5,621,9,21,(,1,class->block->function->parameter_list
2,83,rectangle_java2.jpg,rectangle_java2.jpg,360709538,64,1001.494375,626.0525,1007.5,621,10,21,],1,class->block->function->parameter_list->parameter->decl->type->name->index
2,83,rectangle_java2.jpg,rectangle_java2.jpg,360885546,100,1099.6832,611.3672,1094.5,621,10,21,{,1,class->block->function->block
2,83,rectangle_java2.jpg,rectangle_java2.jpg,360957551,68,1101.6605882352942,622.7135294117647,1094.5,621,10,21,{,1,class->block->function->block
2,83,rectangle_java2.jpg,rectangle_java2.jpg,361393518,108,898.0762962962963,730.1362962962963,883.5,731,15,20,=,1,class->block->function->block->block_content->decl_stmt->decl->init
2,83,rectangle_java2.jpg,rectangle_java2.jpg,361393518,108,898.0762962962963,730.1362962962963,902.5,731,34,20,new,3,class->block->function->block->block_content->decl_stmt->decl->init->expr->operator
2,83,rectangle_java2.jpg,rectangle_java2.jpg,361533544,104,825.7046153846154,708.3288461538461,730.5,694,177,21,System.out.println,18,class->block->function->block->block_content->expr_stmt->expr->call->name->name->operator->name->operator->name
2,83,rectangle_java2.jpg,rectangle_java2.jpg,361597544,60,832.0393333333334,708.1773333333333,730.5,694,177,21,System.out.println,18,class->block->function->block->block_content->expr_stmt->expr->call->name->name->operator->name->operator->name
2,83,rectangle_java2.jpg,rectangle_java2.jpg,361665471,64,828.503125,719.013125,826.5,731,51,20,rect2,5,class->block->function->block->block_content->decl_stmt->decl->name
2,83,rectangle_java2.jpg,rectangle_java2.jpg,361885616,180,924.5133333333333,721.8788888888889,902.5,731,34,20,new,3,class->block->function->block->block_content->decl_stmt->decl->init->expr->operator
2,83,rectangle_java2.jpg,rectangle_java2.jpg,361949615,60,928.3726666666666,724.7066666666667,902.5,731,34,20,new,3,class->block->function->block->block_content->decl_stmt->decl->init->expr->operator
2,83,rectangle_java2.jpg,rectangle_java2.jpg,362113423,84,967.3466666666667,724.9838095238096,941.5,731,91,20,Rectangle,9,class->block->function->block->block_content->decl_stmt->decl->init->expr->call->name
2,83,rectangle_java2.jpg,rectangle_java2.jpg,362365434,104,901.6607692307692,728.4853846153846,902.5,731,34,20,new,3,class->block->function->block->block_content->decl_stmt->decl->init->expr->operator
2,83,rectangle_java2.jpg,rectangle_java2.jpg,362525378,156,903.4546153846154,728.4784615384615,902.5,731,34,20,new,3,class->block->function->block->block_content->decl_stmt->decl->init->expr->operator
2,83,rectangle_java2.jpg,rectangle_java2.jpg,362661502,76,792.7421052631579,630.3868421052632,738.5,621,61,21,static,6,class->block->function->type->specifier
2,83,rectangle_java2.jpg,rectangle_java2.jpg,362661502,76,792.7421052631579,630.3868421052632,804.5,621,44,21,void,4,class->block->function->type->name
2,83,rectangle_java2.jpg,rectangle_java2.jpg,362933799,88,807.3831818181818,538.0359090909091,775.5,549,62,21,height,6,class->block->function->name
2,83,rectangle_java2.jpg,rectangle_java2.jpg,363009777,72,800.3066666666666,521.5061111111111,775.5,512,53,21,width,5,class->block->function->name
2,83,rectangle_java2.jpg,rectangle_java2.jpg,363081670,68,788.1523529411764,509.79999999999995,775.5,512,53,21,width,5,class->block->function->name
2,83,rectangle_java2.jpg,rectangle_java2.jpg,363185565,100,788.0064,520.1764000000001,775.5,512,53,21,width,5,class->block->function->name
2,83,rectangle_java2.jpg,rectangle_java2.jpg,363357408,80,783.29,516.9355,775.5,512,53,21,width,5,class->block->function->name
2,83,rectangle_java2.jpg,rectangle_java2.jpg,363437339,76,779.3078947368421,507.10263157894735,775.5,512,53,21,width,5,class->block->function->name
2,83,rectangle_java2.jpg,rectangle_java2.jpg,363517276,76,783.4836842105263,524.7842105263157,775.5,512,53,21,width,5,class->block->function->name
2,83,rectangle_java2.jpg,rectangle_java2.jpg,363581279,60,775.9293333333334,504.2873333333333,775.5,512,53,21,width,5,class->block->function->name
2,83,rectangle_java2.jpg,rectangle_java2.jpg,363705287,120,785.793,507.3946666666666,775.5,512,53,21,width,5,class->block->function->name
2,83,rectangle_java2.jpg,rectangle_java2.jpg,363837297,128,781.0775,502.3340625000001,775.5,512,53,21,width,5,class->block->function->name
2,83,rectangle_java2.jpg,rectangle_java2.jpg,364153325,120,861.465,502.206,854.5,512,9,21,),1,class->block->function->parameter_list
2,83,rectangle_java2.jpg,rectangle_java2.jpg,364273343,76,821.6726315789474,603.0452631578947,804.5,585,43,21,area,4,class->block->function->name
2,83,rectangle_java2.jpg,rectangle_java2.jpg,364381306,64,837.72,612.31625,804.5,621,44,21,void,4,class->block->function->type->name
2,83,rectangle_java2.jpg,rectangle_java2.jpg,364605250,88,857.2136363636364,628.9300000000001,851.5,621,44,21,main,4,class->block->function->name
2,83,rectangle_java2.jpg,rectangle_java2.jpg,364729263,56,940.5107142857142,611.5314285714286,920.5,621,62,21,String,6,class->block->function->parameter_list->parameter->decl->type->name->name
2,83,rectangle_java2.jpg,rectangle_java2.jpg,364865205,68,940.484705882353,623.7223529411765,920.5,621,62,21,String,6,class->block->function->parameter_list->parameter->decl->type->name->name
2,83,rectangle_java2.jpg,rectangle_java2.jpg,364977176,84,1072.4304761904762,627.7514285714286,1074.5,621,10,21,),1,class->block->function->parameter_list
2,83,rectangle_java2.jpg,rectangle_java2.jpg,365285100,132,1132.888181818182,655.1627272727272,1134.5,658,22,20,10,2,class->block->function->block->block_content->decl_stmt->decl->init->expr->call->argument_list->argument->expr->literal
2,83,rectangle_java2.jpg,rectangle_java2.jpg,365472898,120,1137.3593333333333,655.5643333333334,1134.5,658,22,20,10,2,class->block->function->block->block_content->decl_stmt->decl->init->expr->call->argument_list->argument->expr->literal
2,83,rectangle_java2.jpg,rectangle_java2.jpg,366185103,64,1128.3675,501.5875,1132.5,512,10,21,;,1,class->block->function->block
2,83,rectangle_java2.jpg,rectangle_java2.jpg,367580997,152,868.3310526315789,283.6115789473684,853.5,295,32,21,int,3,class->block->constructor->parameter_list->parameter->decl->type->name
2,83,rectangle_java2.jpg,rectangle_java2.jpg,369132893,68,854.6247058823529,418.85470588235296,856.5,404,10,19,;,1,class->block->constructor->block->block_content->expr_stmt
2,83,rectangle_java2.jpg,rectangle_java2.jpg,369252846,56,850.0857142857143,310.83214285714286,853.5,295,32,21,int,3,class->block->constructor->parameter_list->parameter->decl->type->name
2,83,rectangle_java2.jpg,rectangle_java2.jpg,369356818,100,837.9948,298.618,837.5,295,9,21,(,1,class->block->constructor->parameter_list
2,83,rectangle_java2.jpg,rectangle_java2.jpg,369528834,168,836.9516666666667,296.2583333333333,837.5,295,9,21,(,1,class->block->constructor->parameter_list
2,83,rectangle_java2.jpg,rectangle_java2.jpg,369668750,84,893.5076190476191,314.56190476190477,890.5,295,24,21,x1,2,class->block->constructor->parameter_list->parameter->decl->type->name
2,83,rectangle_java2.jpg,rectangle_java2.jpg,369912731,104,849.9588461538461,309.4180769230769,853.5,295,32,21,int,3,class->block->constructor->parameter_list->parameter->decl->type->name
2,83,rectangle_java2.jpg,rectangle_java2.jpg,370132779,60,811.12,357.7286666666667,806.5,367,15,21,=,1,class->block->constructor->block->block_content->expr_stmt->expr->operator
2,83,rectangle_java2.jpg,rectangle_java2.jpg,370224786,88,811.1531818181818,329.7986363636364,806.5,331,15,19,=,1,class->block->constructor->block->block_content->expr_stmt->expr->operator
2,83,rectangle_java2.jpg,rectangle_java2.jpg,370344785,116,806.6713793103448,339.67241379310343,806.5,331,15,19,=,1,class->block->constructor->block->block_content->expr_stmt->expr->operator
2,83,rectangle_java2.jpg,rectangle_java2.jpg,370544780,116,837.4386206896552,297.8862068965517,837.5,295,9,21,(,1,class->block->constructor->parameter_list
2,83,rectangle_java2.jpg,rectangle_java2.jpg,370616772,68,843.3070588235294,303.63235294117646,837.5,295,9,21,(,1,class->block->constructor->parameter_list
2,83,rectangle_java2.jpg,rectangle_java2.jpg,370616772,68,843.3070588235294,303.63235294117646,853.5,295,32,21,int,3,class->block->constructor->parameter_list->parameter->decl->type->name
2,83,rectangle_java2.jpg,rectangle_java2.jpg,370772765,88,896.8840909090909,294.955,890.5,295,24,21,x1,2,class->block->constructor->parameter_list->parameter->decl->type->name
2,83,rectangle_java2.jpg,rectangle_java2.jpg,370836766,60,898.6006666666667,299.1653333333333,890.5,295,24,21,x1,2,class->block->constructor->parameter_list->parameter->decl->type->name
2,83,rectangle_java2.jpg,rectangle_java2.jpg,371140564,164,825.1631707317073,323.95463414634145,826.5,331,23,19,x1,2,class->block->constructor->block->block_content->expr_stmt->expr->name->name
2,83,rectangle_java2.jpg,rectangle_java2.jpg,371300536,156,830.724358974359,333.35205128205126,826.5,331,23,19,x1,2,class->block->constructor->block->block_content->expr_stmt->expr->name->name
2,83,rectangle_java2.jpg,rectangle_java2.jpg,371412589,108,820.1062962962963,360.92333333333335,806.5,367,15,21,=,1,class->block->constructor->block->block_content->expr_stmt->expr->operator
2,83,rectangle_java2.jpg,rectangle_java2.jpg,371412589,108,820.1062962962963,360.92333333333335,826.5,367,23,21,y1,2,class->block->constructor->block->block_content->expr_stmt->expr->name->name
2,83,rectangle_java2.jpg,rectangle_java2.jpg,371484624,68,823.8770588235294,370.6794117647059,826.5,367,23,21,y1,2,class->block->constructor->block->block_content->expr_stmt->expr->name->name
2,83,rectangle_java2.jpg,rectangle_java2.jpg,372104576,64,826.960625,367.07375,826.5,367,23,21,y1,2,class->block->constructor->block->block_content->expr_stmt->expr->name->name
2,83,rectangle_java2.jpg,rectangle_java2.jpg,372168556,60,801.194,365.22,730.5,367,71,21,this.y1,7,class->block->constructor->block->block_content->expr_stmt->expr->name->name->operator->name
2,83,rectangle_java2.jpg,rectangle_java2.jpg,372168556,60,801.194,365.22,806.5,367,15,21,=,1,class->block->constructor->block->block_content->expr_stmt->expr->operator
2,83,rectangle_java2.jpg,rectangle_java2.jpg,372252557,80,798.019,371.168,730.5,367,71,21,this.y1,7,class->block->constructor->block->block_content->expr_stmt->expr->name->name->operator->name
2,83,rectangle_java2.jpg,rectangle_java2.jpg,372252557,80,798.019,371.168,806.5,367,15,21,=,1,class->block->constructor->block->block_content->expr_stmt->expr->operator
2,83,rectangle_java2.jpg,rectangle_java2.jpg,372528574,236,851.2091525423729,364.93745762711865,856.5,367,10,21,;,1,class->block->constructor->block->block_content->expr_stmt
2,83,rectangle_java2.jpg,rectangle_java2.jpg,372688363,84,820.8347619047619,405.3290476190476,806.5,404,15,19,=,1,class->block->constructor->block->block_content->expr_stmt->expr->operator
2,83,rectangle_java2.jpg,rectangle_java2.jpg,372688363,84,820.8347619047619,405.3290476190476,826.5,404,23,19,x2,2,class->block->constructor->block->block_content->expr_stmt->expr->name->name
2,83,rectangle_java2.jpg,rectangle_java2.jpg,372780272,88,830.6222727272727,392.0531818181818,826.5,404,23,19,x2,2,class->block->constructor->block->block_content->expr_stmt->expr->name->name
2,83,rectangle_java2.jpg,rectangle_java2.jpg,373508496,60,831.166,366.574,826.5,367,23,21,y1,2,class->block->constructor->block->block_content->expr_stmt->expr->name->name
2,83,rectangle_java2.jpg,rectangle_java2.jpg,373572497,60,850.0833333333334,364.6426666666667,856.5,367,10,21,;,1,class->block->constructor->block->block_content->expr_stmt
2,83,rectangle_java2.jpg,rectangle_java2.jpg,373748485,172,841.5420930232558,372.3639534883721,826.5,367,23,21,y1,2,class->block->constructor->block->block_content->expr_stmt->expr->name->name
2,83,rectangle_java2.jpg,rectangle_java2.jpg,374468337,124,800.6625806451613,416.9687096774194,730.5,404,71,19,this.x2,7,class->block->constructor->block->block_content->expr_stmt->expr->name->name->operator->name
2,83,rectangle_java2.jpg,rectangle_java2.jpg,374468337,124,800.6625806451613,416.9687096774194,806.5,404,15,19,=,1,class->block->constructor->block->block_content->expr_stmt->expr->operator
2,83,rectangle_java2.jpg,rectangle_java2.jpg,374540323,68,801.7029411764706,404.8929411764706,806.5,404,15,19,=,1,class->block->constructor->block->block_content->expr_stmt->expr->operator
2,83,rectangle_java2.jpg,rectangle_java2.jpg,374780351,208,847.4884615384616,400.08576923076924,826.5,404,23,19,x2,2,class->block->constructor->block->block_content->expr_stmt->expr->name->name
2,83,rectangle_java2.jpg,rectangle_java2.jpg,374780351,208,847.4884615384616,400.08576923076924,856.5,404,10,19,;,1,class->block->constructor->block->block_content->expr_stmt
2,83,rectangle_java2.jpg,rectangle_java2.jpg,374860364,76,852.4752631578947,405.69631578947366,856.5,404,10,19,;,1,class->block->constructor->block->block_content->expr_stmt
