trial,participant,code_file,code_language,timestamp,duration,x_cord,y_cord,aoi_x,aoi_y,aoi_width,aoi_height,token,length,srcML
2,113,rectangle_java2.jpg,rectangle_java2.jpg,3442411663,92,695.5786956521739,229.70652173913044,657.5,222,52,21,class,5,class
2,113,rectangle_java2.jpg,rectangle_java2.jpg,3442895851,64,728.64125,230.315625,715.5,222,90,21,Rectangle,9,class->name
2,113,rectangle_java2.jpg,rectangle_java2.jpg,3442955821,56,728.4878571428571,233.9821428571429,715.5,222,90,21,Rectangle,9,class->name
2,113,rectangle_java2.jpg,rectangle_java2.jpg,3443163742,64,723.850625,230.224375,715.5,222,90,21,Rectangle,9,class->name
2,113,rectangle_java2.jpg,rectangle_java2.jpg,3443283764,56,720.0778571428572,250.20785714285716,669.5,259,72,21,private,7,class->block->decl_stmt->decl->type->specifier
2,113,rectangle_java2.jpg,rectangle_java2.jpg,3443767804,72,719.8694444444444,210.03722222222223,715.5,222,90,21,Rectangle,9,class->name
2,113,rectangle_java2.jpg,rectangle_java2.jpg,3445683566,76,721.7078947368421,230.7778947368421,715.5,222,90,21,Rectangle,9,class->name
2,113,rectangle_java2.jpg,rectangle_java2.jpg,3449611346,132,701.0036363636364,217.10606060606062,657.5,222,52,21,class,5,class
2,113,rectangle_java2.jpg,rectangle_java2.jpg,3449691331,76,703.2684210526315,232.62,657.5,222,52,21,class,5,class
2,113,rectangle_java2.jpg,rectangle_java2.jpg,3449691331,76,703.2684210526315,232.62,715.5,222,90,21,Rectangle,9,class->name
2,113,rectangle_java2.jpg,rectangle_java2.jpg,3449819135,64,706.891875,228.2525,657.5,222,52,21,class,5,class
2,113,rectangle_java2.jpg,rectangle_java2.jpg,3449819135,64,706.891875,228.2525,715.5,222,90,21,Rectangle,9,class->name
2,113,rectangle_java2.jpg,rectangle_java2.jpg,3450907212,176,706.7845454545454,539.7686363636363,669.5,549,63,21,public,6,class->block->function->type->specifier
2,113,rectangle_java2.jpg,rectangle_java2.jpg,3450979209,68,715.1523529411764,545.4288235294117,669.5,549,63,21,public,6,class->block->function->type->specifier
2,113,rectangle_java2.jpg,rectangle_java2.jpg,3451139207,140,786.0588571428572,544.3611428571429,775.5,549,62,21,height,6,class->block->function->name
2,113,rectangle_java2.jpg,rectangle_java2.jpg,3451291225,148,791.874054054054,565.7616216216217,775.5,549,62,21,height,6,class->block->function->name
2,113,rectangle_java2.jpg,rectangle_java2.jpg,3451766948,108,961.9385185185185,558.9966666666667,900.5,549,63,21,return,6,class->block->function->block->block_content->return
2,113,rectangle_java2.jpg,rectangle_java2.jpg,3451766948,108,961.9385185185185,558.9966666666667,968.5,549,70,21,this.y2,7,class->block->function->block->block_content->return->expr->name->name->operator->name
2,113,rectangle_java2.jpg,rectangle_java2.jpg,3452035078,88,989.6763636363636,540.1595454545454,968.5,549,70,21,this.y2,7,class->block->function->block->block_content->return->expr->name->name->operator->name
2,113,rectangle_java2.jpg,rectangle_java2.jpg,3452115069,76,988.4415789473684,551.9421052631579,968.5,549,70,21,this.y2,7,class->block->function->block->block_content->return->expr->name->name->operator->name
2,113,rectangle_java2.jpg,rectangle_java2.jpg,3452235066,116,998.5720689655172,540.6186206896551,968.5,549,70,21,this.y2,7,class->block->function->block->block_content->return->expr->name->name->operator->name
2,113,rectangle_java2.jpg,rectangle_java2.jpg,3453095047,84,1116.5761904761905,554.48,1064.5,549,71,21,this.y1,7,class->block->function->block->block_content->return->expr->name->name->operator->name
2,113,rectangle_java2.jpg,rectangle_java2.jpg,3453207073,108,1114.917037037037,541.6074074074074,1064.5,549,71,21,this.y1,7,class->block->function->block->block_content->return->expr->name->name->operator->name
2,113,rectangle_java2.jpg,rectangle_java2.jpg,3453399095,60,1110.268,554.0246666666667,1064.5,549,71,21,this.y1,7,class->block->function->block->block_content->return->expr->name->name->operator->name
2,113,rectangle_java2.jpg,rectangle_java2.jpg,3453555049,92,711.205652173913,254.50695652173914,669.5,259,72,21,private,7,class->block->decl_stmt->decl->type->specifier
2,113,rectangle_java2.jpg,rectangle_java2.jpg,3453658945,100,702.3552,240.59479999999996,657.5,222,52,21,class,5,class
2,113,rectangle_java2.jpg,rectangle_java2.jpg,3453738903,76,695.4757894736842,247.20947368421054,669.5,259,72,21,private,7,class->block->decl_stmt->decl->type->specifier
2,113,rectangle_java2.jpg,rectangle_java2.jpg,3453810921,68,698.7435294117647,260.07529411764705,669.5,259,72,21,private,7,class->block->decl_stmt->decl->type->specifier
2,113,rectangle_java2.jpg,rectangle_java2.jpg,3453882940,60,742.472,339.03266666666667,730.5,331,71,19,this.x1,7,class->block->constructor->block->block_content->expr_stmt->expr->name->name->operator->name
2,113,rectangle_java2.jpg,rectangle_java2.jpg,3454050947,84,759.1285714285714,379.5676190476191,730.5,367,71,21,this.y1,7,class->block->constructor->block->block_content->expr_stmt->expr->name->name->operator->name
2,113,rectangle_java2.jpg,rectangle_java2.jpg,3454166949,60,759.652,381.27066666666667,730.5,367,71,21,this.y1,7,class->block->constructor->block->block_content->expr_stmt->expr->name->name->operator->name
2,113,rectangle_java2.jpg,rectangle_java2.jpg,3455734812,72,1111.2644444444445,576.6594444444445,1103.5,585,9,21,),1,class->block->function->block->block_content->return->expr->call->argument_list
2,113,rectangle_java2.jpg,rectangle_java2.jpg,3455734812,72,1111.2644444444445,576.6594444444445,1122.5,585,12,21,*,1,class->block->function->block->block_content->return->expr->operator
2,113,rectangle_java2.jpg,rectangle_java2.jpg,3455806810,68,1104.5117647058823,579.5864705882353,1103.5,585,9,21,),1,class->block->function->block->block_content->return->expr->call->argument_list
2,113,rectangle_java2.jpg,rectangle_java2.jpg,3456050784,128,665.845625,542.488125,669.5,549,63,21,public,6,class->block->function->type->specifier
2,113,rectangle_java2.jpg,rectangle_java2.jpg,3456294779,156,750.3043589743589,574.8576923076923,737.5,585,62,21,double,6,class->block->function->type->name
2,113,rectangle_java2.jpg,rectangle_java2.jpg,3456550819,68,913.0429411764705,592.515294117647,910.5,585,62,21,return,6,class->block->function->block->block_content->return
2,113,rectangle_java2.jpg,rectangle_java2.jpg,3457034813,116,1040.1362068965518,611.8437931034483,1025.5,621,42,21,args,4,class->block->function->parameter_list->parameter->decl->name
2,113,rectangle_java2.jpg,rectangle_java2.jpg,3457134831,96,1023.2333333333333,584.9645833333334,977.5,585,101,21,this.width,10,class->block->function->block->block_content->return->expr->call->name->name->operator->name
2,113,rectangle_java2.jpg,rectangle_java2.jpg,3457238799,100,1027.544,597.0032,977.5,585,101,21,this.width,10,class->block->function->block->block_content->return->expr->call->name->name->operator->name
2,113,rectangle_java2.jpg,rectangle_java2.jpg,3457346671,104,1030.9884615384615,603.7465384615384,977.5,585,101,21,this.width,10,class->block->function->block->block_content->return->expr->call->name->name->operator->name
2,113,rectangle_java2.jpg,rectangle_java2.jpg,3457442589,92,1039.7421739130434,596.1613043478261,977.5,585,101,21,this.width,10,class->block->function->block->block_content->return->expr->call->name->name->operator->name
2,113,rectangle_java2.jpg,rectangle_java2.jpg,3457574594,128,1040.3928125,605.673125,977.5,585,101,21,this.width,10,class->block->function->block->block_content->return->expr->call->name->name->operator->name
2,113,rectangle_java2.jpg,rectangle_java2.jpg,3457794663,80,1041.058,589.3785,977.5,585,101,21,this.width,10,class->block->function->block->block_content->return->expr->call->name->name->operator->name
2,113,rectangle_java2.jpg,rectangle_java2.jpg,3457914678,60,1036.282,610.6346666666667,1025.5,621,42,21,args,4,class->block->function->parameter_list->parameter->decl->name
2,113,rectangle_java2.jpg,rectangle_java2.jpg,3458138696,68,1003.094705882353,560.2311764705883,968.5,549,70,21,this.y2,7,class->block->function->block->block_content->return->expr->name->name->operator->name
2,113,rectangle_java2.jpg,rectangle_java2.jpg,3458334717,140,1103.4288571428572,576.3685714285714,1103.5,585,9,21,),1,class->block->function->block->block_content->return->expr->call->argument_list
2,113,rectangle_java2.jpg,rectangle_java2.jpg,3458626707,80,873.255,568.29,883.5,549,10,21,{,1,class->block->function->block
2,113,rectangle_java2.jpg,rectangle_java2.jpg,3458830764,140,983.3454285714286,619.2805714285714,990.5,621,10,21,[,1,class->block->function->parameter_list->parameter->decl->type->name->index
2,113,rectangle_java2.jpg,rectangle_java2.jpg,3458958749,124,994.6919354838709,617.508064516129,990.5,621,10,21,[,1,class->block->function->parameter_list->parameter->decl->type->name->index
2,113,rectangle_java2.jpg,rectangle_java2.jpg,3459066698,64,1025.920625,621.76125,1025.5,621,42,21,args,4,class->block->function->parameter_list->parameter->decl->name
2,113,rectangle_java2.jpg,rectangle_java2.jpg,3459158539,56,1018.235,590.9921428571429,977.5,585,101,21,this.width,10,class->block->function->block->block_content->return->expr->call->name->name->operator->name
2,113,rectangle_java2.jpg,rectangle_java2.jpg,3459370400,108,1108.5377777777778,603.1914814814814,1103.5,585,9,21,),1,class->block->function->block->block_content->return->expr->call->argument_list
2,113,rectangle_java2.jpg,rectangle_java2.jpg,3459450467,76,1103.2447368421053,597.7226315789474,1103.5,585,9,21,),1,class->block->function->block->block_content->return->expr->call->argument_list
2,113,rectangle_java2.jpg,rectangle_java2.jpg,3459642510,76,704.0994736842105,585.4757894736842,669.5,585,63,21,public,6,class->block->function->type->specifier
2,113,rectangle_java2.jpg,rectangle_java2.jpg,3459918542,72,772.3116666666666,581.76,737.5,585,62,21,double,6,class->block->function->type->name
2,113,rectangle_java2.jpg,rectangle_java2.jpg,3460030569,108,761.1818518518519,558.9285185185186,737.5,549,33,21,int,3,class->block->function->type->name
2,113,rectangle_java2.jpg,rectangle_java2.jpg,3460298605,96,1138.2991666666667,596.9275,1140.5,585,110,21,this.height,11,class->block->function->block->block_content->return->expr->call->name->name->operator->name
2,113,rectangle_java2.jpg,rectangle_java2.jpg,3460534569,60,1134.862,577.5566666666667,1140.5,585,110,21,this.height,11,class->block->function->block->block_content->return->expr->call->name->name->operator->name
2,113,rectangle_java2.jpg,rectangle_java2.jpg,3460970495,56,697.4635714285714,628.8557142857143,669.5,621,63,21,public,6,class->block->function->type->specifier
2,113,rectangle_java2.jpg,rectangle_java2.jpg,3461042458,68,683.2976470588235,615.1058823529412,669.5,621,63,21,public,6,class->block->function->type->specifier
2,113,rectangle_java2.jpg,rectangle_java2.jpg,3461166437,72,691.6383333333333,635.0838888888889,669.5,621,63,21,public,6,class->block->function->type->specifier
2,113,rectangle_java2.jpg,rectangle_java2.jpg,3461358434,72,748.0605555555555,653.0666666666666,730.5,658,91,20,Rectangle,9,class->block->function->block->block_content->decl_stmt->decl->type->name
2,113,rectangle_java2.jpg,rectangle_java2.jpg,3461430415,68,754.4117647058823,639.6282352941176,738.5,621,61,21,static,6,class->block->function->type->specifier
2,113,rectangle_java2.jpg,rectangle_java2.jpg,3461686478,120,846.8136666666667,657.3916666666667,826.5,658,52,20,rect1,5,class->block->function->block->block_content->decl_stmt->decl->name
2,113,rectangle_java2.jpg,rectangle_java2.jpg,3461850455,60,961.25,657.7633333333333,941.5,658,91,20,Rectangle,9,class->block->function->block->block_content->decl_stmt->decl->init->expr->call->name
2,113,rectangle_java2.jpg,rectangle_java2.jpg,3461982458,88,975.449090909091,633.8868181818182,920.5,621,62,21,String,6,class->block->function->parameter_list->parameter->decl->type->name->name
2,113,rectangle_java2.jpg,rectangle_java2.jpg,3462078474,92,960.895652173913,641.8604347826086,920.5,621,62,21,String,6,class->block->function->parameter_list->parameter->decl->type->name->name
2,113,rectangle_java2.jpg,rectangle_java2.jpg,3462182460,88,1041.6086363636364,661.4240909090909,1041.5,658,9,20,(,1,class->block->function->block->block_content->decl_stmt->decl->init->expr->call->argument_list
2,113,rectangle_java2.jpg,rectangle_java2.jpg,3462258442,72,1049.9694444444444,649.6038888888888,1041.5,658,9,20,(,1,class->block->function->block->block_content->decl_stmt->decl->init->expr->call->argument_list
2,113,rectangle_java2.jpg,rectangle_java2.jpg,3462258442,72,1049.9694444444444,649.6038888888888,1057.5,658,13,20,0,1,class->block->function->block->block_content->decl_stmt->decl->init->expr->call->argument_list->argument->expr->literal
2,113,rectangle_java2.jpg,rectangle_java2.jpg,3462574414,100,1036.3928,656.0532000000001,1041.5,658,9,20,(,1,class->block->function->block->block_content->decl_stmt->decl->init->expr->call->argument_list
2,113,rectangle_java2.jpg,rectangle_java2.jpg,3462794441,56,1184.5228571428572,646.6128571428571,1182.5,658,22,20,10,2,class->block->function->block->block_content->decl_stmt->decl->init->expr->call->argument_list->argument->expr->literal
2,113,rectangle_java2.jpg,rectangle_java2.jpg,3463150317,128,1070.8078125,648.1925,1077.5,658,9,20,",",1,class->block->function->block->block_content->decl_stmt->decl->init->expr->call->argument_list
2,113,rectangle_java2.jpg,rectangle_java2.jpg,3463294304,140,1063.3682857142858,658.6554285714286,1057.5,658,13,20,0,1,class->block->function->block->block_content->decl_stmt->decl->init->expr->call->argument_list->argument->expr->literal
2,113,rectangle_java2.jpg,rectangle_java2.jpg,3463438366,140,1065.3225714285713,673.7171428571429,1057.5,658,13,20,0,1,class->block->function->block->block_content->decl_stmt->decl->init->expr->call->argument_list->argument->expr->literal
2,113,rectangle_java2.jpg,rectangle_java2.jpg,3463438366,140,1065.3225714285713,673.7171428571429,1077.5,658,9,20,",",1,class->block->function->block->block_content->decl_stmt->decl->init->expr->call->argument_list
2,113,rectangle_java2.jpg,rectangle_java2.jpg,3463774315,128,961.685625,665.1846875,941.5,658,91,20,Rectangle,9,class->block->function->block->block_content->decl_stmt->decl->init->expr->call->name
2,113,rectangle_java2.jpg,rectangle_java2.jpg,3463934258,68,1070.9252941176471,660.2870588235294,1077.5,658,9,20,",",1,class->block->function->block->block_content->decl_stmt->decl->init->expr->call->argument_list
2,113,rectangle_java2.jpg,rectangle_java2.jpg,3464002264,64,1083.275,670.90875,1077.5,658,9,20,",",1,class->block->function->block->block_content->decl_stmt->decl->init->expr->call->argument_list
2,113,rectangle_java2.jpg,rectangle_java2.jpg,3464002264,64,1083.275,670.90875,1095.5,658,13,20,0,1,class->block->function->block->block_content->decl_stmt->decl->init->expr->call->argument_list->argument->expr->literal
2,113,rectangle_java2.jpg,rectangle_java2.jpg,3465270182,92,1077.9447826086957,605.185652173913,977.5,585,101,21,this.width,10,class->block->function->block->block_content->return->expr->call->name->name->operator->name
2,113,rectangle_java2.jpg,rectangle_java2.jpg,3465270182,92,1077.9447826086957,605.185652173913,1086.5,585,10,21,(,1,class->block->function->block->block_content->return->expr->call->argument_list
2,113,rectangle_java2.jpg,rectangle_java2.jpg,3465386207,80,1075.396,651.135,1077.5,658,9,20,",",1,class->block->function->block->block_content->decl_stmt->decl->init->expr->call->argument_list
2,113,rectangle_java2.jpg,rectangle_java2.jpg,3465558193,60,1037.5786666666668,656.074,1041.5,658,9,20,(,1,class->block->function->block->block_content->decl_stmt->decl->init->expr->call->argument_list
2,113,rectangle_java2.jpg,rectangle_java2.jpg,3465650174,64,1016.3512499999999,620.681875,1007.5,621,10,21,],1,class->block->function->parameter_list->parameter->decl->type->name->index
2,113,rectangle_java2.jpg,rectangle_java2.jpg,3465650174,64,1016.3512499999999,620.681875,1025.5,621,42,21,args,4,class->block->function->parameter_list->parameter->decl->name
2,113,rectangle_java2.jpg,rectangle_java2.jpg,3465786169,60,941.0406666666667,692.044,932.5,694,100,21,rect1.area,10,class->block->function->block->block_content->expr_stmt->expr->call->argument_list->argument->expr->call->name->name->operator->name
2,113,rectangle_java2.jpg,rectangle_java2.jpg,3465902178,112,951.54,710.3357142857143,932.5,694,100,21,rect1.area,10,class->block->function->block->block_content->expr_stmt->expr->call->argument_list->argument->expr->call->name->name->operator->name
2,113,rectangle_java2.jpg,rectangle_java2.jpg,3466114185,208,954.2115384615385,700.3886538461538,932.5,694,100,21,rect1.area,10,class->block->function->block->block_content->expr_stmt->expr->call->argument_list->argument->expr->call->name->name->operator->name
2,113,rectangle_java2.jpg,rectangle_java2.jpg,3466282169,68,1045.2488235294118,719.6747058823529,1041.5,731,9,20,(,1,class->block->function->block->block_content->decl_stmt->decl->init->expr->call->argument_list
2,113,rectangle_java2.jpg,rectangle_java2.jpg,3466282169,68,1045.2488235294118,719.6747058823529,1057.5,731,13,20,5,1,class->block->function->block->block_content->decl_stmt->decl->init->expr->call->argument_list->argument->expr->literal
2,113,rectangle_java2.jpg,rectangle_java2.jpg,3466518149,116,716.6779310344828,632.4779310344827,669.5,621,63,21,public,6,class->block->function->type->specifier
2,113,rectangle_java2.jpg,rectangle_java2.jpg,3466578155,56,724.9878571428571,619.4028571428571,669.5,621,63,21,public,6,class->block->function->type->specifier
2,113,rectangle_java2.jpg,rectangle_java2.jpg,3467158036,156,793.9312820512821,661.5638461538462,730.5,658,91,20,Rectangle,9,class->block->function->block->block_content->decl_stmt->decl->type->name
2,113,rectangle_java2.jpg,rectangle_java2.jpg,3467402034,120,726.3283333333334,690.92,730.5,694,177,21,System.out.println,18,class->block->function->block->block_content->expr_stmt->expr->call->name->name->operator->name->operator->name
2,113,rectangle_java2.jpg,rectangle_java2.jpg,3467737982,76,839.3905263157894,674.0021052631579,826.5,658,52,20,rect1,5,class->block->function->block->block_content->decl_stmt->decl->name
2,113,rectangle_java2.jpg,rectangle_java2.jpg,3467993995,76,997.51,729.8815789473684,941.5,731,91,20,Rectangle,9,class->block->function->block->block_content->decl_stmt->decl->init->expr->call->name
2,113,rectangle_java2.jpg,rectangle_java2.jpg,3468054004,56,982.3921428571429,726.8935714285715,941.5,731,91,20,Rectangle,9,class->block->function->block->block_content->decl_stmt->decl->init->expr->call->name
2,113,rectangle_java2.jpg,rectangle_java2.jpg,3468221994,64,1037.77125,687.663125,1041.5,694,9,21,(,1,class->block->function->block->block_content->expr_stmt->expr->call->argument_list->argument->expr->call->argument_list
2,113,rectangle_java2.jpg,rectangle_java2.jpg,3468345993,64,1046.421875,701.250625,1041.5,694,9,21,(,1,class->block->function->block->block_content->expr_stmt->expr->call->argument_list->argument->expr->call->argument_list
2,113,rectangle_java2.jpg,rectangle_java2.jpg,3468345993,64,1046.421875,701.250625,1057.5,694,10,21,),1,class->block->function->block->block_content->expr_stmt->expr->call->argument_list->argument->expr->call->argument_list
2,113,rectangle_java2.jpg,rectangle_java2.jpg,3468461964,56,1024.4542857142858,709.765,932.5,694,100,21,rect1.area,10,class->block->function->block->block_content->expr_stmt->expr->call->argument_list->argument->expr->call->name->name->operator->name
2,113,rectangle_java2.jpg,rectangle_java2.jpg,3469133924,72,860.855,719.29,826.5,731,51,20,rect2,5,class->block->function->block->block_content->decl_stmt->decl->name
2,113,rectangle_java2.jpg,rectangle_java2.jpg,3469301958,60,983.3946666666667,730.7626666666666,941.5,731,91,20,Rectangle,9,class->block->function->block->block_content->decl_stmt->decl->init->expr->call->name
2,113,rectangle_java2.jpg,rectangle_java2.jpg,3469421928,116,974.1631034482758,734.8686206896551,941.5,731,91,20,Rectangle,9,class->block->function->block->block_content->decl_stmt->decl->init->expr->call->name
2,113,rectangle_java2.jpg,rectangle_java2.jpg,3469529841,104,972.6903846153846,727.6076923076923,941.5,731,91,20,Rectangle,9,class->block->function->block->block_content->decl_stmt->decl->init->expr->call->name
2,113,rectangle_java2.jpg,rectangle_java2.jpg,3469597794,64,979.771875,740.405,941.5,731,91,20,Rectangle,9,class->block->function->block->block_content->decl_stmt->decl->init->expr->call->name
2,113,rectangle_java2.jpg,rectangle_java2.jpg,3470049911,80,1102.516,733.6605,1095.5,731,13,20,5,1,class->block->function->block->block_content->decl_stmt->decl->init->expr->call->argument_list->argument->expr->literal
2,113,rectangle_java2.jpg,rectangle_java2.jpg,3470321910,92,831.32,734.2,826.5,731,51,20,rect2,5,class->block->function->block->block_content->decl_stmt->decl->name
2,113,rectangle_java2.jpg,rectangle_java2.jpg,3470425833,56,806.3871428571429,730.47,730.5,731,91,20,Rectangle,9,class->block->function->block->block_content->decl_stmt->decl->type->name
2,113,rectangle_java2.jpg,rectangle_java2.jpg,3470753728,64,767.448125,611.905625,738.5,621,61,21,static,6,class->block->function->type->specifier
2,113,rectangle_java2.jpg,rectangle_java2.jpg,3471081834,100,758.8496,652.9399999999999,730.5,658,91,20,Rectangle,9,class->block->function->block->block_content->decl_stmt->decl->type->name
2,113,rectangle_java2.jpg,rectangle_java2.jpg,3471249745,108,930.7570370370371,656.1674074074074,902.5,658,34,20,new,3,class->block->function->block->block_content->decl_stmt->decl->init->expr->operator
2,113,rectangle_java2.jpg,rectangle_java2.jpg,3471249745,108,930.7570370370371,656.1674074074074,941.5,658,91,20,Rectangle,9,class->block->function->block->block_content->decl_stmt->decl->init->expr->call->name
2,113,rectangle_java2.jpg,rectangle_java2.jpg,3471397730,100,936.6168,689.3588,932.5,694,100,21,rect1.area,10,class->block->function->block->block_content->expr_stmt->expr->call->argument_list->argument->expr->call->name->name->operator->name
2,113,rectangle_java2.jpg,rectangle_java2.jpg,3471465740,64,953.48375,683.50125,932.5,694,100,21,rect1.area,10,class->block->function->block->block_content->expr_stmt->expr->call->argument_list->argument->expr->call->name->name->operator->name
2,113,rectangle_java2.jpg,rectangle_java2.jpg,3471585777,88,1016.5768181818182,682.1168181818182,932.5,694,100,21,rect1.area,10,class->block->function->block->block_content->expr_stmt->expr->call->argument_list->argument->expr->call->name->name->operator->name
2,113,rectangle_java2.jpg,rectangle_java2.jpg,3471841804,68,793.5488235294117,671.5147058823529,730.5,658,91,20,Rectangle,9,class->block->function->block->block_content->decl_stmt->decl->type->name
2,113,rectangle_java2.jpg,rectangle_java2.jpg,3472241725,92,844.9752173913043,637.1530434782609,804.5,621,44,21,void,4,class->block->function->type->name
2,113,rectangle_java2.jpg,rectangle_java2.jpg,3472241725,92,844.9752173913043,637.1530434782609,851.5,621,44,21,main,4,class->block->function->name
2,113,rectangle_java2.jpg,rectangle_java2.jpg,3472305728,60,839.0906666666667,639.2806666666667,804.5,621,44,21,void,4,class->block->function->type->name
2,113,rectangle_java2.jpg,rectangle_java2.jpg,3472305728,60,839.0906666666667,639.2806666666667,851.5,621,44,21,main,4,class->block->function->name
2,113,rectangle_java2.jpg,rectangle_java2.jpg,3472541650,72,989.0761111111111,658.4005555555556,941.5,658,91,20,Rectangle,9,class->block->function->block->block_content->decl_stmt->decl->init->expr->call->name
2,113,rectangle_java2.jpg,rectangle_java2.jpg,3472657634,56,995.94,667.8792857142857,941.5,658,91,20,Rectangle,9,class->block->function->block->block_content->decl_stmt->decl->init->expr->call->name
2,113,rectangle_java2.jpg,rectangle_java2.jpg,3472753602,92,1009.8017391304347,672.3547826086957,941.5,658,91,20,Rectangle,9,class->block->function->block->block_content->decl_stmt->decl->init->expr->call->name
2,113,rectangle_java2.jpg,rectangle_java2.jpg,3472865530,64,1100.90125,674.44125,1095.5,658,13,20,0,1,class->block->function->block->block_content->decl_stmt->decl->init->expr->call->argument_list->argument->expr->literal
2,113,rectangle_java2.jpg,rectangle_java2.jpg,3473277624,104,1155.4311538461538,656.4811538461538,1134.5,658,22,20,10,2,class->block->function->block->block_content->decl_stmt->decl->init->expr->call->argument_list->argument->expr->literal
2,113,rectangle_java2.jpg,rectangle_java2.jpg,3473277624,104,1155.4311538461538,656.4811538461538,1163.5,658,10,20,",",1,class->block->function->block->block_content->decl_stmt->decl->init->expr->call->argument_list
2,113,rectangle_java2.jpg,rectangle_java2.jpg,3473365636,84,1167.32,664.6985714285714,1163.5,658,10,20,",",1,class->block->function->block->block_content->decl_stmt->decl->init->expr->call->argument_list
2,113,rectangle_java2.jpg,rectangle_java2.jpg,3473477649,108,1157.8103703703703,659.4025925925926,1163.5,658,10,20,",",1,class->block->function->block->block_content->decl_stmt->decl->init->expr->call->argument_list
2,113,rectangle_java2.jpg,rectangle_java2.jpg,3473937686,144,1047.8252777777777,646.1261111111111,1041.5,658,9,20,(,1,class->block->function->block->block_content->decl_stmt->decl->init->expr->call->argument_list
2,113,rectangle_java2.jpg,rectangle_java2.jpg,3473937686,144,1047.8252777777777,646.1261111111111,1057.5,658,13,20,0,1,class->block->function->block->block_content->decl_stmt->decl->init->expr->call->argument_list->argument->expr->literal
2,113,rectangle_java2.jpg,rectangle_java2.jpg,3474405444,80,747.6315,626.3995,738.5,621,61,21,static,6,class->block->function->type->specifier
2,113,rectangle_java2.jpg,rectangle_java2.jpg,3474525527,116,737.1379310344828,636.9913793103448,738.5,621,61,21,static,6,class->block->function->type->specifier
2,113,rectangle_java2.jpg,rectangle_java2.jpg,3474845481,200,723.7502,638.2896,669.5,621,63,21,public,6,class->block->function->type->specifier
2,113,rectangle_java2.jpg,rectangle_java2.jpg,3474997488,96,746.575,669.88,730.5,658,91,20,Rectangle,9,class->block->function->block->block_content->decl_stmt->decl->type->name
2,113,rectangle_java2.jpg,rectangle_java2.jpg,3475121488,120,747.9213333333333,646.067,730.5,658,91,20,Rectangle,9,class->block->function->block->block_content->decl_stmt->decl->type->name
2,113,rectangle_java2.jpg,rectangle_java2.jpg,3475309558,108,746.1462962962963,657.4618518518519,730.5,658,91,20,Rectangle,9,class->block->function->block->block_content->decl_stmt->decl->type->name
2,113,rectangle_java2.jpg,rectangle_java2.jpg,3475533554,72,810.6972222222222,691.7638888888889,730.5,694,177,21,System.out.println,18,class->block->function->block->block_content->expr_stmt->expr->call->name->name->operator->name->operator->name
2,113,rectangle_java2.jpg,rectangle_java2.jpg,3475625545,88,828.6777272727272,677.1490909090909,826.5,658,52,20,rect1,5,class->block->function->block->block_content->decl_stmt->decl->name
2,113,rectangle_java2.jpg,rectangle_java2.jpg,3475717532,88,826.9040909090909,677.9086363636363,826.5,658,52,20,rect1,5,class->block->function->block->block_content->decl_stmt->decl->name
2,113,rectangle_java2.jpg,rectangle_java2.jpg,3475833526,112,831.6410714285714,692.8189285714286,730.5,694,177,21,System.out.println,18,class->block->function->block->block_content->expr_stmt->expr->call->name->name->operator->name->operator->name
2,113,rectangle_java2.jpg,rectangle_java2.jpg,3476029480,84,1002.1657142857143,706.1909523809524,932.5,694,100,21,rect1.area,10,class->block->function->block->block_content->expr_stmt->expr->call->argument_list->argument->expr->call->name->name->operator->name
2,113,rectangle_java2.jpg,rectangle_java2.jpg,3476337312,176,1085.7529545454545,645.9663636363637,1077.5,658,9,20,",",1,class->block->function->block->block_content->decl_stmt->decl->init->expr->call->argument_list
2,113,rectangle_java2.jpg,rectangle_java2.jpg,3476337312,176,1085.7529545454545,645.9663636363637,1095.5,658,13,20,0,1,class->block->function->block->block_content->decl_stmt->decl->init->expr->call->argument_list->argument->expr->literal
2,113,rectangle_java2.jpg,rectangle_java2.jpg,3476809379,88,1182.3386363636364,655.6795454545454,1182.5,658,22,20,10,2,class->block->function->block->block_content->decl_stmt->decl->init->expr->call->argument_list->argument->expr->literal
2,113,rectangle_java2.jpg,rectangle_java2.jpg,3477001401,100,1005.9416,654.0532,941.5,658,91,20,Rectangle,9,class->block->function->block->block_content->decl_stmt->decl->init->expr->call->name
2,113,rectangle_java2.jpg,rectangle_java2.jpg,3477073415,68,1003.0105882352941,654.0988235294118,941.5,658,91,20,Rectangle,9,class->block->function->block->block_content->decl_stmt->decl->init->expr->call->name
2,113,rectangle_java2.jpg,rectangle_java2.jpg,3477165416,88,1015.5068181818182,667.5822727272728,941.5,658,91,20,Rectangle,9,class->block->function->block->block_content->decl_stmt->decl->init->expr->call->name
2,113,rectangle_java2.jpg,rectangle_java2.jpg,3477353403,92,1068.296956521739,675.7895652173913,1057.5,658,13,20,0,1,class->block->function->block->block_content->decl_stmt->decl->init->expr->call->argument_list->argument->expr->literal
2,113,rectangle_java2.jpg,rectangle_java2.jpg,3477353403,92,1068.296956521739,675.7895652173913,1077.5,658,9,20,",",1,class->block->function->block->block_content->decl_stmt->decl->init->expr->call->argument_list
2,113,rectangle_java2.jpg,rectangle_java2.jpg,3477413402,56,1060.5214285714285,657.6714285714286,1057.5,658,13,20,0,1,class->block->function->block->block_content->decl_stmt->decl->init->expr->call->argument_list->argument->expr->literal
2,113,rectangle_java2.jpg,rectangle_java2.jpg,3477497391,80,1076.4635,664.8115,1077.5,658,9,20,",",1,class->block->function->block->block_content->decl_stmt->decl->init->expr->call->argument_list
2,113,rectangle_java2.jpg,rectangle_java2.jpg,3477641384,68,1045.5076470588235,688.9888235294118,1041.5,694,9,21,(,1,class->block->function->block->block_content->expr_stmt->expr->call->argument_list->argument->expr->call->argument_list
2,113,rectangle_java2.jpg,rectangle_java2.jpg,3477641384,68,1045.5076470588235,688.9888235294118,1057.5,694,10,21,),1,class->block->function->block->block_content->expr_stmt->expr->call->argument_list->argument->expr->call->argument_list
2,113,rectangle_java2.jpg,rectangle_java2.jpg,3477709388,64,1034.461875,675.87125,1041.5,658,9,20,(,1,class->block->function->block->block_content->decl_stmt->decl->init->expr->call->argument_list
2,113,rectangle_java2.jpg,rectangle_java2.jpg,3478289223,96,894.5279166666667,738.2125,883.5,731,15,20,=,1,class->block->function->block->block_content->decl_stmt->decl->init
2,113,rectangle_java2.jpg,rectangle_java2.jpg,3478289223,96,894.5279166666667,738.2125,902.5,731,34,20,new,3,class->block->function->block->block_content->decl_stmt->decl->init->expr->operator
2,113,rectangle_java2.jpg,rectangle_java2.jpg,3478665251,156,733.9302564102564,744.2848717948718,730.5,731,91,20,Rectangle,9,class->block->function->block->block_content->decl_stmt->decl->type->name
2,113,rectangle_java2.jpg,rectangle_java2.jpg,3478845284,148,839.9629729729729,728.1340540540541,826.5,731,51,20,rect2,5,class->block->function->block->block_content->decl_stmt->decl->name
2,113,rectangle_java2.jpg,rectangle_java2.jpg,3479113248,84,976.5947619047619,770.7833333333333,932.5,766,100,21,rect2.area,10,class->block->function->block->block_content->expr_stmt->expr->call->argument_list->argument->expr->call->name->name->operator->name
2,113,rectangle_java2.jpg,rectangle_java2.jpg,3479189248,72,991.6988888888889,775.2238888888888,932.5,766,100,21,rect2.area,10,class->block->function->block->block_content->expr_stmt->expr->call->argument_list->argument->expr->call->name->name->operator->name
2,113,rectangle_java2.jpg,rectangle_java2.jpg,3479293239,60,1071.058,739.748,1077.5,731,9,20,",",1,class->block->function->block->block_content->decl_stmt->decl->init->expr->call->argument_list
2,113,rectangle_java2.jpg,rectangle_java2.jpg,3479397218,100,1085.2036,756.9116,1077.5,766,9,21,),1,class->block->function->block->block_content->expr_stmt->expr->call->argument_list
2,113,rectangle_java2.jpg,rectangle_java2.jpg,3479397218,100,1085.2036,756.9116,1096.5,766,10,21,;,1,class->block->function->block->block_content->expr_stmt
2,113,rectangle_java2.jpg,rectangle_java2.jpg,3479597221,140,1074.0251428571428,733.922,1077.5,731,9,20,",",1,class->block->function->block->block_content->decl_stmt->decl->init->expr->call->argument_list
2,113,rectangle_java2.jpg,rectangle_java2.jpg,3479713229,96,1143.26625,742.705,1134.5,731,22,20,10,2,class->block->function->block->block_content->decl_stmt->decl->init->expr->call->argument_list->argument->expr->literal
2,113,rectangle_java2.jpg,rectangle_java2.jpg,3479789218,72,1142.0594444444444,739.4361111111111,1134.5,731,22,20,10,2,class->block->function->block->block_content->decl_stmt->decl->init->expr->call->argument_list->argument->expr->literal
2,113,rectangle_java2.jpg,rectangle_java2.jpg,3479997046,72,897.7472222222223,746.9961111111111,883.5,731,15,20,=,1,class->block->function->block->block_content->decl_stmt->decl->init
2,113,rectangle_java2.jpg,rectangle_java2.jpg,3479997046,72,897.7472222222223,746.9961111111111,902.5,731,34,20,new,3,class->block->function->block->block_content->decl_stmt->decl->init->expr->operator
2,113,rectangle_java2.jpg,rectangle_java2.jpg,3480112976,112,903.8239285714286,770.5932142857142,730.5,766,177,21,System.out.println,18,class->block->function->block->block_content->expr_stmt->expr->call->name->name->operator->name->operator->name
2,113,rectangle_java2.jpg,rectangle_java2.jpg,3480269102,88,1065.5827272727272,756.2363636363636,1057.5,766,10,21,),1,class->block->function->block->block_content->expr_stmt->expr->call->argument_list->argument->expr->call->argument_list
2,113,rectangle_java2.jpg,rectangle_java2.jpg,3480269102,88,1065.5827272727272,756.2363636363636,1077.5,766,9,21,),1,class->block->function->block->block_content->expr_stmt->expr->call->argument_list
2,113,rectangle_java2.jpg,rectangle_java2.jpg,3480349138,76,1046.0315789473684,740.1673684210526,1041.5,731,9,20,(,1,class->block->function->block->block_content->decl_stmt->decl->init->expr->call->argument_list
2,113,rectangle_java2.jpg,rectangle_java2.jpg,3480349138,76,1046.0315789473684,740.1673684210526,1057.5,731,13,20,5,1,class->block->function->block->block_content->decl_stmt->decl->init->expr->call->argument_list->argument->expr->literal
2,113,rectangle_java2.jpg,rectangle_java2.jpg,3480557171,152,1163.697894736842,730.9963157894737,1163.5,731,10,20,",",1,class->block->function->block->block_content->decl_stmt->decl->init->expr->call->argument_list
2,113,rectangle_java2.jpg,rectangle_java2.jpg,3480837163,60,1170.3186666666668,723.842,1163.5,731,10,20,",",1,class->block->function->block->block_content->decl_stmt->decl->init->expr->call->argument_list
2,113,rectangle_java2.jpg,rectangle_java2.jpg,3480837163,60,1170.3186666666668,723.842,1182.5,731,22,20,10,2,class->block->function->block->block_content->decl_stmt->decl->init->expr->call->argument_list->argument->expr->literal
2,113,rectangle_java2.jpg,rectangle_java2.jpg,3480981126,120,1010.2046666666666,726.161,941.5,731,91,20,Rectangle,9,class->block->function->block->block_content->decl_stmt->decl->init->expr->call->name
2,113,rectangle_java2.jpg,rectangle_java2.jpg,3481045113,60,1010.9453333333333,738.8066666666666,941.5,731,91,20,Rectangle,9,class->block->function->block->block_content->decl_stmt->decl->init->expr->call->name
2,113,rectangle_java2.jpg,rectangle_java2.jpg,3481401103,160,926.9265,725.6475,902.5,731,34,20,new,3,class->block->function->block->block_content->decl_stmt->decl->init->expr->operator
2,113,rectangle_java2.jpg,rectangle_java2.jpg,3481501091,88,1128.185,727.5781818181819,1134.5,731,22,20,10,2,class->block->function->block->block_content->decl_stmt->decl->init->expr->call->argument_list->argument->expr->literal
2,113,rectangle_java2.jpg,rectangle_java2.jpg,3481828885,76,1137.3736842105263,739.0547368421053,1134.5,731,22,20,10,2,class->block->function->block->block_content->decl_stmt->decl->init->expr->call->argument_list->argument->expr->literal
2,113,rectangle_java2.jpg,rectangle_java2.jpg,3481904790,72,1126.5083333333334,733.3372222222222,1134.5,731,22,20,10,2,class->block->function->block->block_content->decl_stmt->decl->init->expr->call->argument_list->argument->expr->literal
2,113,rectangle_java2.jpg,rectangle_java2.jpg,3482000879,92,1134.5586956521738,748.1108695652174,1134.5,731,22,20,10,2,class->block->function->block->block_content->decl_stmt->decl->init->expr->call->argument_list->argument->expr->literal
2,113,rectangle_java2.jpg,rectangle_java2.jpg,3482168942,164,1133.5624390243902,720.8870731707317,1134.5,731,22,20,10,2,class->block->function->block->block_content->decl_stmt->decl->init->expr->call->argument_list->argument->expr->literal
2,113,rectangle_java2.jpg,rectangle_java2.jpg,3482292890,68,1124.4835294117647,738.2882352941176,1115.5,731,10,20,",",1,class->block->function->block->block_content->decl_stmt->decl->init->expr->call->argument_list
2,113,rectangle_java2.jpg,rectangle_java2.jpg,3482292890,68,1124.4835294117647,738.2882352941176,1134.5,731,22,20,10,2,class->block->function->block->block_content->decl_stmt->decl->init->expr->call->argument_list->argument->expr->literal
2,113,rectangle_java2.jpg,rectangle_java2.jpg,3482368925,72,1133.6005555555555,748.3344444444444,1134.5,731,22,20,10,2,class->block->function->block->block_content->decl_stmt->decl->init->expr->call->argument_list->argument->expr->literal
2,113,rectangle_java2.jpg,rectangle_java2.jpg,3482488994,116,1122.394827586207,732.9551724137931,1115.5,731,10,20,",",1,class->block->function->block->block_content->decl_stmt->decl->init->expr->call->argument_list
2,113,rectangle_java2.jpg,rectangle_java2.jpg,3482488994,116,1122.394827586207,732.9551724137931,1134.5,731,22,20,10,2,class->block->function->block->block_content->decl_stmt->decl->init->expr->call->argument_list->argument->expr->literal
2,113,rectangle_java2.jpg,rectangle_java2.jpg,3482629018,96,911.2241666666666,582.0379166666667,910.5,585,62,21,return,6,class->block->function->block->block_content->return
2,113,rectangle_java2.jpg,rectangle_java2.jpg,3482689026,56,906.7757142857142,593.53,910.5,585,62,21,return,6,class->block->function->block->block_content->return
2,113,rectangle_java2.jpg,rectangle_java2.jpg,3482817002,124,903.3487096774194,601.6729032258064,893.5,585,10,21,{,1,class->block->function->block
2,113,rectangle_java2.jpg,rectangle_java2.jpg,3482817002,124,903.3487096774194,601.6729032258064,910.5,585,62,21,return,6,class->block->function->block->block_content->return
2,113,rectangle_java2.jpg,rectangle_java2.jpg,3482940979,108,1058.3618518518517,586.252962962963,977.5,585,101,21,this.width,10,class->block->function->block->block_content->return->expr->call->name->name->operator->name
2,113,rectangle_java2.jpg,rectangle_java2.jpg,3483352940,168,1179.9992857142856,731.1473809523809,1182.5,731,22,20,10,2,class->block->function->block->block_content->decl_stmt->decl->init->expr->call->argument_list->argument->expr->literal
2,113,rectangle_java2.jpg,rectangle_java2.jpg,3483468979,112,1164.4075,735.9685714285714,1163.5,731,10,20,",",1,class->block->function->block->block_content->decl_stmt->decl->init->expr->call->argument_list
2,113,rectangle_java2.jpg,rectangle_java2.jpg,3483628871,136,1114.054705882353,672.5002941176471,1115.5,658,10,20,",",1,class->block->function->block->block_content->decl_stmt->decl->init->expr->call->argument_list
2,113,rectangle_java2.jpg,rectangle_java2.jpg,3483868813,104,1096.8823076923077,655.46,1095.5,658,13,20,0,1,class->block->function->block->block_content->decl_stmt->decl->init->expr->call->argument_list->argument->expr->literal
2,113,rectangle_java2.jpg,rectangle_java2.jpg,3484068858,100,1092.7812,666.1548,1095.5,658,13,20,0,1,class->block->function->block->block_content->decl_stmt->decl->init->expr->call->argument_list->argument->expr->literal
2,113,rectangle_java2.jpg,rectangle_java2.jpg,3486068772,68,821.4176470588235,217.81470588235294,813.5,222,10,21,{,1,class->block
2,113,rectangle_java2.jpg,rectangle_java2.jpg,3486380696,92,826.2321739130435,276.53043478260867,833.5,259,23,21,y1,2,class->block->decl_stmt->decl->name
2,113,rectangle_java2.jpg,rectangle_java2.jpg,3487012749,92,763.2360869565217,227.78347826086957,715.5,222,90,21,Rectangle,9,class->name
2,113,rectangle_java2.jpg,rectangle_java2.jpg,3489468382,108,1143.5577777777778,742.1933333333334,1134.5,731,22,20,10,2,class->block->function->block->block_content->decl_stmt->decl->init->expr->call->argument_list->argument->expr->literal
2,113,rectangle_java2.jpg,rectangle_java2.jpg,3489528387,56,1125.0935714285715,746.165,1115.5,731,10,20,",",1,class->block->function->block->block_content->decl_stmt->decl->init->expr->call->argument_list
2,113,rectangle_java2.jpg,rectangle_java2.jpg,3489528387,56,1125.0935714285715,746.165,1134.5,731,22,20,10,2,class->block->function->block->block_content->decl_stmt->decl->init->expr->call->argument_list->argument->expr->literal
2,113,rectangle_java2.jpg,rectangle_java2.jpg,3489848475,116,1032.853448275862,749.6944827586207,1041.5,731,9,20,(,1,class->block->function->block->block_content->decl_stmt->decl->init->expr->call->argument_list
2,113,rectangle_java2.jpg,rectangle_java2.jpg,3489972440,60,825.032,756.3573333333334,730.5,766,177,21,System.out.println,18,class->block->function->block->block_content->expr_stmt->expr->call->name->name->operator->name->operator->name
2,113,rectangle_java2.jpg,rectangle_java2.jpg,3490112379,136,825.5273529411764,749.0232352941176,826.5,731,51,20,rect2,5,class->block->function->block->block_content->decl_stmt->decl->name
2,113,rectangle_java2.jpg,rectangle_java2.jpg,3490340403,160,944.712,745.8695,941.5,731,91,20,Rectangle,9,class->block->function->block->block_content->decl_stmt->decl->init->expr->call->name
2,113,rectangle_java2.jpg,rectangle_java2.jpg,3490536454,100,1102.4472,749.2408,1095.5,731,13,20,5,1,class->block->function->block->block_content->decl_stmt->decl->init->expr->call->argument_list->argument->expr->literal
2,113,rectangle_java2.jpg,rectangle_java2.jpg,3490832512,68,1139.154117647059,725.4141176470588,1134.5,731,22,20,10,2,class->block->function->block->block_content->decl_stmt->decl->init->expr->call->argument_list->argument->expr->literal
2,113,rectangle_java2.jpg,rectangle_java2.jpg,3490904526,68,1144.9964705882353,728.4064705882353,1134.5,731,22,20,10,2,class->block->function->block->block_content->decl_stmt->decl->init->expr->call->argument_list->argument->expr->literal
2,113,rectangle_java2.jpg,rectangle_java2.jpg,3495096067,124,1173.68,750.8664516129032,1182.5,731,22,20,10,2,class->block->function->block->block_content->decl_stmt->decl->init->expr->call->argument_list->argument->expr->literal
2,113,rectangle_java2.jpg,rectangle_java2.jpg,3495168056,68,1181.955294117647,739.3564705882353,1182.5,731,22,20,10,2,class->block->function->block->block_content->decl_stmt->decl->init->expr->call->argument_list->argument->expr->literal
2,113,rectangle_java2.jpg,rectangle_java2.jpg,3495888111,108,1193.085185185185,746.6229629629629,1182.5,731,22,20,10,2,class->block->function->block->block_content->decl_stmt->decl->init->expr->call->argument_list->argument->expr->literal
2,113,rectangle_java2.jpg,rectangle_java2.jpg,3497743889,60,783.0026666666666,219.93933333333337,715.5,222,90,21,Rectangle,9,class->name
2,113,rectangle_java2.jpg,rectangle_java2.jpg,3501879665,56,977.6457142857143,629.9528571428572,920.5,621,62,21,String,6,class->block->function->parameter_list->parameter->decl->type->name->name
2,113,rectangle_java2.jpg,rectangle_java2.jpg,3501979658,96,959.80875,617.83125,920.5,621,62,21,String,6,class->block->function->parameter_list->parameter->decl->type->name->name
2,113,rectangle_java2.jpg,rectangle_java2.jpg,3502059651,76,956.5936842105264,620.5878947368421,920.5,621,62,21,String,6,class->block->function->parameter_list->parameter->decl->type->name->name
2,113,rectangle_java2.jpg,rectangle_java2.jpg,3502311667,248,956.1204838709677,640.676129032258,920.5,621,62,21,String,6,class->block->function->parameter_list->parameter->decl->type->name->name
2,113,rectangle_java2.jpg,rectangle_java2.jpg,3502371663,56,955.7821428571428,647.7135714285714,941.5,658,91,20,Rectangle,9,class->block->function->block->block_content->decl_stmt->decl->init->expr->call->name
2,113,rectangle_java2.jpg,rectangle_java2.jpg,3502439658,64,943.774375,636.70625,920.5,621,62,21,String,6,class->block->function->parameter_list->parameter->decl->type->name->name
2,113,rectangle_java2.jpg,rectangle_java2.jpg,3502539629,96,951.0683333333334,648.7166666666667,941.5,658,91,20,Rectangle,9,class->block->function->block->block_content->decl_stmt->decl->init->expr->call->name
2,113,rectangle_java2.jpg,rectangle_java2.jpg,3502615581,72,945.2233333333334,656.0616666666667,941.5,658,91,20,Rectangle,9,class->block->function->block->block_content->decl_stmt->decl->init->expr->call->name
2,113,rectangle_java2.jpg,rectangle_java2.jpg,3502699529,80,956.1655,650.4125,941.5,658,91,20,Rectangle,9,class->block->function->block->block_content->decl_stmt->decl->init->expr->call->name
2,113,rectangle_java2.jpg,rectangle_java2.jpg,3502855546,104,963.485,687.3184615384615,932.5,694,100,21,rect1.area,10,class->block->function->block->block_content->expr_stmt->expr->call->argument_list->argument->expr->call->name->name->operator->name
2,113,rectangle_java2.jpg,rectangle_java2.jpg,3503131555,84,930.0642857142857,641.5185714285715,920.5,621,62,21,String,6,class->block->function->parameter_list->parameter->decl->type->name->name
2,113,rectangle_java2.jpg,rectangle_java2.jpg,3503335556,108,852.1274074074074,301.06555555555553,853.5,295,32,21,int,3,class->block->constructor->parameter_list->parameter->decl->type->name
2,113,rectangle_java2.jpg,rectangle_java2.jpg,3503475522,68,862.0905882352941,264.8241176470588,863.5,259,10,21,",",1,class->block->decl_stmt
2,113,rectangle_java2.jpg,rectangle_java2.jpg,3504067545,116,815.206551724138,211.79793103448276,813.5,222,10,21,{,1,class->block
2,113,rectangle_java2.jpg,rectangle_java2.jpg,3506703264,132,982.8339393939394,654.9287878787878,941.5,658,91,20,Rectangle,9,class->block->function->block->block_content->decl_stmt->decl->init->expr->call->name
2,113,rectangle_java2.jpg,rectangle_java2.jpg,3507023277,112,979.17,672.2653571428572,941.5,658,91,20,Rectangle,9,class->block->function->block->block_content->decl_stmt->decl->init->expr->call->name
2,113,rectangle_java2.jpg,rectangle_java2.jpg,3507123269,96,986.9408333333333,690.22,932.5,694,100,21,rect1.area,10,class->block->function->block->block_content->expr_stmt->expr->call->argument_list->argument->expr->call->name->name->operator->name
2,113,rectangle_java2.jpg,rectangle_java2.jpg,3507419251,164,997.0268292682927,672.6056097560976,941.5,658,91,20,Rectangle,9,class->block->function->block->block_content->decl_stmt->decl->init->expr->call->name
2,113,rectangle_java2.jpg,rectangle_java2.jpg,3507571274,148,1005.4848648648649,664.042972972973,941.5,658,91,20,Rectangle,9,class->block->function->block->block_content->decl_stmt->decl->init->expr->call->name
2,113,rectangle_java2.jpg,rectangle_java2.jpg,3507663296,88,991.7477272727273,666.6690909090909,941.5,658,91,20,Rectangle,9,class->block->function->block->block_content->decl_stmt->decl->init->expr->call->name
2,113,rectangle_java2.jpg,rectangle_java2.jpg,3507939336,60,1099.866,784.62,1096.5,766,10,21,;,1,class->block->function->block->block_content->expr_stmt
2,113,rectangle_java2.jpg,rectangle_java2.jpg,3508391082,100,850.4772,638.7048,851.5,621,44,21,main,4,class->block->function->name
2,113,rectangle_java2.jpg,rectangle_java2.jpg,3508523128,128,854.5565625,629.9246875,851.5,621,44,21,main,4,class->block->function->name
2,113,rectangle_java2.jpg,rectangle_java2.jpg,3508583124,56,868.7514285714286,624.4335714285714,851.5,621,44,21,main,4,class->block->function->name
2,113,rectangle_java2.jpg,rectangle_java2.jpg,3508807166,116,840.961724137931,608.778275862069,804.5,621,44,21,void,4,class->block->function->type->name
2,113,rectangle_java2.jpg,rectangle_java2.jpg,3508807166,116,840.961724137931,608.778275862069,851.5,621,44,21,main,4,class->block->function->name
2,113,rectangle_java2.jpg,rectangle_java2.jpg,3508867165,56,838.3214285714286,619.9778571428571,804.5,621,44,21,void,4,class->block->function->type->name
