trial,participant,code_file,code_language,timestamp,duration,x_cord,y_cord,aoi_x,aoi_y,aoi_width,aoi_height,token,length,srcML
2,128,rectangle_java2.jpg,rectangle_java2.jpg,18307444046,192,685.041875,290.4529166666667,669.5,295,63,21,public,6,class->block->constructor->specifier
2,128,rectangle_java2.jpg,rectangle_java2.jpg,18307588093,80,824.0385,345.071,826.5,331,23,19,x1,2,class->block->constructor->block->block_content->expr_stmt->expr->name->name
2,128,rectangle_java2.jpg,rectangle_java2.jpg,18307760058,120,684.224,286.577,669.5,295,63,21,public,6,class->block->constructor->specifier
2,128,rectangle_java2.jpg,rectangle_java2.jpg,18308220018,208,696.4119230769231,268.04865384615385,669.5,259,72,21,private,7,class->block->decl_stmt->decl->type->specifier
2,128,rectangle_java2.jpg,rectangle_java2.jpg,18308564004,200,784.502,268.608,785.5,259,23,21,x1,2,class->block->decl_stmt->decl->name
2,128,rectangle_java2.jpg,rectangle_java2.jpg,18308667938,100,789.3956000000001,256.848,785.5,259,23,21,x1,2,class->block->decl_stmt->decl->name
2,128,rectangle_java2.jpg,rectangle_java2.jpg,18308743929,56,717.3292857142857,288.8142857142857,669.5,295,63,21,public,6,class->block->constructor->specifier
2,128,rectangle_java2.jpg,rectangle_java2.jpg,18308935928,188,718.426170212766,294.7955319148936,669.5,295,63,21,public,6,class->block->constructor->specifier
2,128,rectangle_java2.jpg,rectangle_java2.jpg,18309051920,72,787.8588888888889,309.0311111111111,737.5,295,91,21,Rectangle,9,class->block->constructor->name
2,128,rectangle_java2.jpg,rectangle_java2.jpg,18309115922,60,792.0326666666666,294.728,737.5,295,91,21,Rectangle,9,class->block->constructor->name
2,128,rectangle_java2.jpg,rectangle_java2.jpg,18309191929,72,785.4883333333333,315.9038888888889,737.5,295,91,21,Rectangle,9,class->block->constructor->name
2,128,rectangle_java2.jpg,rectangle_java2.jpg,18309487927,136,835.464705882353,306.28911764705884,837.5,295,9,21,(,1,class->block->constructor->parameter_list
2,128,rectangle_java2.jpg,rectangle_java2.jpg,18309620171,128,839.5209375000001,315.490625,837.5,295,9,21,(,1,class->block->constructor->parameter_list
2,128,rectangle_java2.jpg,rectangle_java2.jpg,18310051892,116,838.998275862069,311.77241379310345,837.5,295,9,21,(,1,class->block->constructor->parameter_list
2,128,rectangle_java2.jpg,rectangle_java2.jpg,18310191912,136,803.6588235294117,318.8570588235294,806.5,331,15,19,=,1,class->block->constructor->block->block_content->expr_stmt->expr->operator
2,128,rectangle_java2.jpg,rectangle_java2.jpg,18310271942,76,802.7436842105263,295.2289473684211,737.5,295,91,21,Rectangle,9,class->block->constructor->name
2,128,rectangle_java2.jpg,rectangle_java2.jpg,18310503911,140,848.8348571428571,311.166,853.5,295,32,21,int,3,class->block->constructor->parameter_list->parameter->decl->type->name
2,128,rectangle_java2.jpg,rectangle_java2.jpg,18310627702,64,881.875,310.891875,853.5,295,32,21,int,3,class->block->constructor->parameter_list->parameter->decl->type->name
2,128,rectangle_java2.jpg,rectangle_java2.jpg,18310627702,64,881.875,310.891875,890.5,295,24,21,x1,2,class->block->constructor->parameter_list->parameter->decl->type->name
2,128,rectangle_java2.jpg,rectangle_java2.jpg,18310703605,72,878.5355555555556,291.7866666666667,853.5,295,32,21,int,3,class->block->constructor->parameter_list->parameter->decl->type->name
2,128,rectangle_java2.jpg,rectangle_java2.jpg,18310703605,72,878.5355555555556,291.7866666666667,890.5,295,24,21,x1,2,class->block->constructor->parameter_list->parameter->decl->type->name
2,128,rectangle_java2.jpg,rectangle_java2.jpg,18311339584,140,895.7745714285714,313.90885714285713,890.5,295,24,21,x1,2,class->block->constructor->parameter_list->parameter->decl->type->name
2,128,rectangle_java2.jpg,rectangle_java2.jpg,18311511729,168,891.5040476190476,308.7183333333333,890.5,295,24,21,x1,2,class->block->constructor->parameter_list->parameter->decl->type->name
2,128,rectangle_java2.jpg,rectangle_java2.jpg,18311639741,104,944.8523076923077,305.4703846153846,939.5,295,33,21,int,3,class->block->constructor->parameter_list->parameter->decl->type->name
2,128,rectangle_java2.jpg,rectangle_java2.jpg,18311811783,112,750.2871428571428,333.5910714285714,730.5,331,71,19,this.x1,7,class->block->constructor->block->block_content->expr_stmt->expr->name->name->operator->name
2,128,rectangle_java2.jpg,rectangle_java2.jpg,18312203791,108,795.0896296296296,326.60370370370373,730.5,331,71,19,this.x1,7,class->block->constructor->block->block_content->expr_stmt->expr->name->name->operator->name
2,128,rectangle_java2.jpg,rectangle_java2.jpg,18312203791,108,795.0896296296296,326.60370370370373,806.5,331,15,19,=,1,class->block->constructor->block->block_content->expr_stmt->expr->operator
2,128,rectangle_java2.jpg,rectangle_java2.jpg,18312295776,88,794.775,344.0204545454545,730.5,331,71,19,this.x1,7,class->block->constructor->block->block_content->expr_stmt->expr->name->name->operator->name
2,128,rectangle_java2.jpg,rectangle_java2.jpg,18312295776,88,794.775,344.0204545454545,806.5,331,15,19,=,1,class->block->constructor->block->block_content->expr_stmt->expr->operator
2,128,rectangle_java2.jpg,rectangle_java2.jpg,18312355729,56,797.4107142857143,328.1607142857143,730.5,331,71,19,this.x1,7,class->block->constructor->block->block_content->expr_stmt->expr->name->name->operator->name
2,128,rectangle_java2.jpg,rectangle_java2.jpg,18312355729,56,797.4107142857143,328.1607142857143,806.5,331,15,19,=,1,class->block->constructor->block->block_content->expr_stmt->expr->operator
2,128,rectangle_java2.jpg,rectangle_java2.jpg,18312495476,96,788.8979166666667,355.3595833333333,730.5,367,71,21,this.y1,7,class->block->constructor->block->block_content->expr_stmt->expr->name->name->operator->name
2,128,rectangle_java2.jpg,rectangle_java2.jpg,18312703536,204,785.4121568627451,343.27235294117645,730.5,331,71,19,this.x1,7,class->block->constructor->block->block_content->expr_stmt->expr->name->name->operator->name
2,128,rectangle_java2.jpg,rectangle_java2.jpg,18312839614,104,726.8611538461538,290.04153846153844,669.5,295,63,21,public,6,class->block->constructor->specifier
2,128,rectangle_java2.jpg,rectangle_java2.jpg,18312839614,104,726.8611538461538,290.04153846153844,737.5,295,91,21,Rectangle,9,class->block->constructor->name
2,128,rectangle_java2.jpg,rectangle_java2.jpg,18312999651,72,686.1333333333333,264.2005555555556,669.5,259,72,21,private,7,class->block->decl_stmt->decl->type->specifier
2,128,rectangle_java2.jpg,rectangle_java2.jpg,18313495742,160,687.2365,258.67275,669.5,259,72,21,private,7,class->block->decl_stmt->decl->type->specifier
2,128,rectangle_java2.jpg,rectangle_java2.jpg,18313655942,104,773.1676923076923,274.1234615384615,747.5,259,33,21,int,3,class->block->decl_stmt->decl->type->name
2,128,rectangle_java2.jpg,rectangle_java2.jpg,18313655942,104,773.1676923076923,274.1234615384615,785.5,259,23,21,x1,2,class->block->decl_stmt->decl->name
2,128,rectangle_java2.jpg,rectangle_java2.jpg,18313759883,56,773.0271428571428,257.3414285714286,747.5,259,33,21,int,3,class->block->decl_stmt->decl->type->name
2,128,rectangle_java2.jpg,rectangle_java2.jpg,18313759883,56,773.0271428571428,257.3414285714286,785.5,259,23,21,x1,2,class->block->decl_stmt->decl->name
2,128,rectangle_java2.jpg,rectangle_java2.jpg,18313851743,88,772.2672727272727,282.7690909090909,737.5,295,91,21,Rectangle,9,class->block->constructor->name
2,128,rectangle_java2.jpg,rectangle_java2.jpg,18314051676,196,773.6326530612245,272.2522448979592,747.5,259,33,21,int,3,class->block->decl_stmt->decl->type->name
2,128,rectangle_java2.jpg,rectangle_java2.jpg,18314051676,196,773.6326530612245,272.2522448979592,785.5,259,23,21,x1,2,class->block->decl_stmt->decl->name
2,128,rectangle_java2.jpg,rectangle_java2.jpg,18314135677,80,769.671,257.558,747.5,259,33,21,int,3,class->block->decl_stmt->decl->type->name
2,128,rectangle_java2.jpg,rectangle_java2.jpg,18314331570,156,731.6720512820513,340.41615384615386,730.5,331,71,19,this.x1,7,class->block->constructor->block->block_content->expr_stmt->expr->name->name->operator->name
2,128,rectangle_java2.jpg,rectangle_java2.jpg,18314583508,120,793.3703333333333,328.0443333333333,730.5,331,71,19,this.x1,7,class->block->constructor->block->block_content->expr_stmt->expr->name->name->operator->name
2,128,rectangle_java2.jpg,rectangle_java2.jpg,18314687557,100,798.8188,324.4528,730.5,331,71,19,this.x1,7,class->block->constructor->block->block_content->expr_stmt->expr->name->name->operator->name
2,128,rectangle_java2.jpg,rectangle_java2.jpg,18314687557,100,798.8188,324.4528,806.5,331,15,19,=,1,class->block->constructor->block->block_content->expr_stmt->expr->operator
2,128,rectangle_java2.jpg,rectangle_java2.jpg,18314835559,144,799.8972222222222,329.74583333333334,730.5,331,71,19,this.x1,7,class->block->constructor->block->block_content->expr_stmt->expr->name->name->operator->name
2,128,rectangle_java2.jpg,rectangle_java2.jpg,18314835559,144,799.8972222222222,329.74583333333334,806.5,331,15,19,=,1,class->block->constructor->block->block_content->expr_stmt->expr->operator
2,128,rectangle_java2.jpg,rectangle_java2.jpg,18317023437,96,788.9266666666666,363.96625,730.5,367,71,21,this.y1,7,class->block->constructor->block->block_content->expr_stmt->expr->name->name->operator->name
2,128,rectangle_java2.jpg,rectangle_java2.jpg,18317115411,88,772.6518181818182,361.25,730.5,367,71,21,this.y1,7,class->block->constructor->block->block_content->expr_stmt->expr->name->name->operator->name
2,128,rectangle_java2.jpg,rectangle_java2.jpg,18317219420,100,771.7796,375.1516,730.5,367,71,21,this.y1,7,class->block->constructor->block->block_content->expr_stmt->expr->name->name->operator->name
2,128,rectangle_java2.jpg,rectangle_java2.jpg,18317295443,72,765.1355555555556,360.05833333333334,730.5,367,71,21,this.y1,7,class->block->constructor->block->block_content->expr_stmt->expr->name->name->operator->name
2,128,rectangle_java2.jpg,rectangle_java2.jpg,18317447481,148,772.1805405405405,364.3081081081081,730.5,367,71,21,this.y1,7,class->block->constructor->block->block_content->expr_stmt->expr->name->name->operator->name
2,128,rectangle_java2.jpg,rectangle_java2.jpg,18317627415,176,784.0756818181818,368.15090909090907,730.5,367,71,21,this.y1,7,class->block->constructor->block->block_content->expr_stmt->expr->name->name->operator->name
2,128,rectangle_java2.jpg,rectangle_java2.jpg,18317895353,160,831.0645,367.054,826.5,367,23,21,y1,2,class->block->constructor->block->block_content->expr_stmt->expr->name->name
2,128,rectangle_java2.jpg,rectangle_java2.jpg,18317959364,60,830.9653333333333,371.08866666666665,826.5,367,23,21,y1,2,class->block->constructor->block->block_content->expr_stmt->expr->name->name
2,128,rectangle_java2.jpg,rectangle_java2.jpg,18318227338,92,751.6960869565218,400.31434782608693,730.5,404,71,19,this.x2,7,class->block->constructor->block->block_content->expr_stmt->expr->name->name->operator->name
2,128,rectangle_java2.jpg,rectangle_java2.jpg,18318327094,96,749.4416666666666,387.7420833333333,730.5,367,71,21,this.y1,7,class->block->constructor->block->block_content->expr_stmt->expr->name->name->operator->name
2,128,rectangle_java2.jpg,rectangle_java2.jpg,18318454791,84,786.2219047619047,394.9219047619048,730.5,404,71,19,this.x2,7,class->block->constructor->block->block_content->expr_stmt->expr->name->name->operator->name
2,128,rectangle_java2.jpg,rectangle_java2.jpg,18318522784,64,784.393125,412.6368749999999,730.5,404,71,19,this.x2,7,class->block->constructor->block->block_content->expr_stmt->expr->name->name->operator->name
2,128,rectangle_java2.jpg,rectangle_java2.jpg,18318590849,64,777.7525,404.916875,730.5,404,71,19,this.x2,7,class->block->constructor->block->block_content->expr_stmt->expr->name->name->operator->name
2,128,rectangle_java2.jpg,rectangle_java2.jpg,18318751322,128,794.9621875,427.5762500000001,730.5,440,71,21,this.y2,7,class->block->constructor->block->block_content->expr_stmt->expr->name->name->operator->name
2,128,rectangle_java2.jpg,rectangle_java2.jpg,18318751322,128,794.9621875,427.5762500000001,806.5,440,15,21,=,1,class->block->constructor->block->block_content->expr_stmt->expr->operator
2,128,rectangle_java2.jpg,rectangle_java2.jpg,18318863727,80,844.4065,441.6625,826.5,440,23,21,y2,2,class->block->constructor->block->block_content->expr_stmt->expr->name->name
2,128,rectangle_java2.jpg,rectangle_java2.jpg,18318863727,80,844.4065,441.6625,856.5,440,10,21,;,1,class->block->constructor->block->block_content->expr_stmt
2,128,rectangle_java2.jpg,rectangle_java2.jpg,18319039330,172,838.3397674418604,428.0418604651163,826.5,440,23,21,y2,2,class->block->constructor->block->block_content->expr_stmt->expr->name->name
2,128,rectangle_java2.jpg,rectangle_java2.jpg,18319155225,112,841.1617857142858,444.4921428571429,826.5,440,23,21,y2,2,class->block->constructor->block->block_content->expr_stmt->expr->name->name
2,128,rectangle_java2.jpg,rectangle_java2.jpg,18319363288,72,828.4472222222222,430.7733333333333,826.5,440,23,21,y2,2,class->block->constructor->block->block_content->expr_stmt->expr->name->name
2,128,rectangle_java2.jpg,rectangle_java2.jpg,18319595303,168,791.7309523809524,434.59380952380957,730.5,440,71,21,this.y2,7,class->block->constructor->block->block_content->expr_stmt->expr->name->name->operator->name
2,128,rectangle_java2.jpg,rectangle_java2.jpg,18319763279,164,789.1795121951219,435.57902439024383,730.5,440,71,21,this.y2,7,class->block->constructor->block->block_content->expr_stmt->expr->name->name->operator->name
2,128,rectangle_java2.jpg,rectangle_java2.jpg,18320135147,320,841.549125,438.56825000000003,826.5,440,23,21,y2,2,class->block->constructor->block->block_content->expr_stmt->expr->name->name
2,128,rectangle_java2.jpg,rectangle_java2.jpg,18320294941,156,833.6823076923077,435.8723076923077,826.5,440,23,21,y2,2,class->block->constructor->block->block_content->expr_stmt->expr->name->name
2,128,rectangle_java2.jpg,rectangle_java2.jpg,18320375047,76,829.6168421052631,456.7468421052631,826.5,440,23,21,y2,2,class->block->constructor->block->block_content->expr_stmt->expr->name->name
2,128,rectangle_java2.jpg,rectangle_java2.jpg,18320627181,80,773.829,449.09950000000003,730.5,440,71,21,this.y2,7,class->block->constructor->block->block_content->expr_stmt->expr->name->name->operator->name
2,128,rectangle_java2.jpg,rectangle_java2.jpg,18320883284,104,777.7557692307693,460.3361538461538,730.5,440,71,21,this.y2,7,class->block->constructor->block->block_content->expr_stmt->expr->name->name->operator->name
2,128,rectangle_java2.jpg,rectangle_java2.jpg,18320971230,84,770.8161904761905,452.3133333333333,730.5,440,71,21,this.y2,7,class->block->constructor->block->block_content->expr_stmt->expr->name->name->operator->name
2,128,rectangle_java2.jpg,rectangle_java2.jpg,18321195146,176,819.9486363636364,407.20295454545453,806.5,404,15,19,=,1,class->block->constructor->block->block_content->expr_stmt->expr->operator
2,128,rectangle_java2.jpg,rectangle_java2.jpg,18321195146,176,819.9486363636364,407.20295454545453,826.5,404,23,19,x2,2,class->block->constructor->block->block_content->expr_stmt->expr->name->name
2,128,rectangle_java2.jpg,rectangle_java2.jpg,18321407125,104,820.1088461538461,411.9646153846154,806.5,404,15,19,=,1,class->block->constructor->block->block_content->expr_stmt->expr->operator
2,128,rectangle_java2.jpg,rectangle_java2.jpg,18321407125,104,820.1088461538461,411.9646153846154,826.5,404,23,19,x2,2,class->block->constructor->block->block_content->expr_stmt->expr->name->name
2,128,rectangle_java2.jpg,rectangle_java2.jpg,18321619114,156,781.4397435897436,409.3779487179487,730.5,404,71,19,this.x2,7,class->block->constructor->block->block_content->expr_stmt->expr->name->name->operator->name
2,128,rectangle_java2.jpg,rectangle_java2.jpg,18321783111,92,714.0065217391304,502.38347826086965,669.5,512,63,21,public,6,class->block->function->type->specifier
2,128,rectangle_java2.jpg,rectangle_java2.jpg,18321903111,68,695.7723529411765,500.5594117647058,669.5,512,63,21,public,6,class->block->function->type->specifier
2,128,rectangle_java2.jpg,rectangle_java2.jpg,18322007018,100,693.8812,514.3548,669.5,512,63,21,public,6,class->block->function->type->specifier
2,128,rectangle_java2.jpg,rectangle_java2.jpg,18322166928,132,772.55,529.3345454545455,775.5,512,53,21,width,5,class->block->function->name
2,128,rectangle_java2.jpg,rectangle_java2.jpg,18322358998,60,764.8526666666667,504.26,737.5,512,33,21,int,3,class->block->function->type->name
2,128,rectangle_java2.jpg,rectangle_java2.jpg,18322358998,60,764.8526666666667,504.26,775.5,512,53,21,width,5,class->block->function->name
2,128,rectangle_java2.jpg,rectangle_java2.jpg,18322607021,244,764.3709836065574,519.4159016393443,737.5,512,33,21,int,3,class->block->function->type->name
2,128,rectangle_java2.jpg,rectangle_java2.jpg,18322607021,244,764.3709836065574,519.4159016393443,775.5,512,53,21,width,5,class->block->function->name
2,128,rectangle_java2.jpg,rectangle_java2.jpg,18322683023,72,742.2383333333333,516.3844444444444,737.5,512,33,21,int,3,class->block->function->type->name
2,128,rectangle_java2.jpg,rectangle_java2.jpg,18322775008,88,741.985,530.8713636363636,737.5,512,33,21,int,3,class->block->function->type->name
2,128,rectangle_java2.jpg,rectangle_java2.jpg,18322962962,112,810.8582142857143,537.4671428571429,775.5,549,62,21,height,6,class->block->function->name
2,128,rectangle_java2.jpg,rectangle_java2.jpg,18323195012,56,919.29,532.6478571428571,891.5,512,62,21,return,6,class->block->function->block->block_content->return->expr->name->name
2,128,rectangle_java2.jpg,rectangle_java2.jpg,18323343025,144,914.0827777777778,537.5577777777778,900.5,549,63,21,return,6,class->block->function->block->block_content->return
2,128,rectangle_java2.jpg,rectangle_java2.jpg,18323543032,132,978.9178787878787,537.7448484848485,968.5,549,70,21,this.y2,7,class->block->function->block->block_content->return->expr->name->name->operator->name
2,128,rectangle_java2.jpg,rectangle_java2.jpg,18323623038,76,980.4263157894737,536.6136842105263,968.5,549,70,21,this.y2,7,class->block->function->block->block_content->return->expr->name->name->operator->name
2,128,rectangle_java2.jpg,rectangle_java2.jpg,18323735045,64,1007.85,542.1725,968.5,549,70,21,this.y2,7,class->block->function->block->block_content->return->expr->name->name->operator->name
2,128,rectangle_java2.jpg,rectangle_java2.jpg,18323939001,200,1007.7352,544.4848,968.5,549,70,21,this.y2,7,class->block->function->block->block_content->return->expr->name->name->operator->name
2,128,rectangle_java2.jpg,rectangle_java2.jpg,18324042913,100,1013.2624,522.9788,958.5,512,71,21,this.x2,7,class->block->function->block->block_content->return->expr->name->name->operator->name->operator
2,128,rectangle_java2.jpg,rectangle_java2.jpg,18324190871,72,1079.3633333333335,518.7661111111111,1054.5,512,71,21,this.x1,7,class->block->function->block->block_content->return->expr->name->name->operator->name
2,128,rectangle_java2.jpg,rectangle_java2.jpg,18324586839,136,1077.0647058823529,547.8367647058824,1064.5,549,71,21,this.y1,7,class->block->function->block->block_content->return->expr->name->name->operator->name
2,128,rectangle_java2.jpg,rectangle_java2.jpg,18324746873,156,1074.8184615384616,539.8264102564102,1064.5,549,71,21,this.y1,7,class->block->function->block->block_content->return->expr->name->name->operator->name
2,128,rectangle_java2.jpg,rectangle_java2.jpg,18324914867,76,1100.561052631579,539.4031578947369,1064.5,549,71,21,this.y1,7,class->block->function->block->block_content->return->expr->name->name->operator->name
2,128,rectangle_java2.jpg,rectangle_java2.jpg,18324978871,60,1095.68,548.188,1064.5,549,71,21,this.y1,7,class->block->function->block->block_content->return->expr->name->name->operator->name
2,128,rectangle_java2.jpg,rectangle_java2.jpg,18325198883,112,1062.4578571428572,543.4589285714286,1064.5,549,71,21,this.y1,7,class->block->function->block->block_content->return->expr->name->name->operator->name
2,128,rectangle_java2.jpg,rectangle_java2.jpg,18325302885,100,1067.9272,526.9048,1054.5,512,71,21,this.x1,7,class->block->function->block->block_content->return->expr->name->name->operator->name
2,128,rectangle_java2.jpg,rectangle_java2.jpg,18325670903,68,1014.385294117647,521.755294117647,958.5,512,71,21,this.x2,7,class->block->function->block->block_content->return->expr->name->name->operator->name->operator
2,128,rectangle_java2.jpg,rectangle_java2.jpg,18326106645,204,987.396862745098,541.1235294117647,968.5,549,70,21,this.y2,7,class->block->function->block->block_content->return->expr->name->name->operator->name
2,128,rectangle_java2.jpg,rectangle_java2.jpg,18326426868,64,722.085625,521.408125,669.5,512,63,21,public,6,class->block->function->type->specifier
2,128,rectangle_java2.jpg,rectangle_java2.jpg,18326522816,92,724.9417391304348,519.564347826087,669.5,512,63,21,public,6,class->block->function->type->specifier
2,128,rectangle_java2.jpg,rectangle_java2.jpg,18326698723,132,786.5854545454546,522.5724242424243,775.5,512,53,21,width,5,class->block->function->name
2,128,rectangle_java2.jpg,rectangle_java2.jpg,18326838754,136,794.02,537.4491176470589,775.5,549,62,21,height,6,class->block->function->name
2,128,rectangle_java2.jpg,rectangle_java2.jpg,18326982780,80,758.8575,515.9505,737.5,512,33,21,int,3,class->block->function->type->name
2,128,rectangle_java2.jpg,rectangle_java2.jpg,18327174762,188,764.924255319149,528.8063829787234,737.5,512,33,21,int,3,class->block->function->type->name
2,128,rectangle_java2.jpg,rectangle_java2.jpg,18327174762,188,764.924255319149,528.8063829787234,775.5,512,53,21,width,5,class->block->function->name
2,128,rectangle_java2.jpg,rectangle_java2.jpg,18327466754,72,988.1155555555556,513.8333333333334,958.5,512,71,21,this.x2,7,class->block->function->block->block_content->return->expr->name->name->operator->name->operator
2,128,rectangle_java2.jpg,rectangle_java2.jpg,18327618755,148,992.7351351351351,513.4797297297297,958.5,512,71,21,this.x2,7,class->block->function->block->block_content->return->expr->name->name->operator->name->operator
2,128,rectangle_java2.jpg,rectangle_java2.jpg,18327738641,116,995.0751724137931,505.17344827586203,958.5,512,71,21,this.x2,7,class->block->function->block->block_content->return->expr->name->name->operator->name->operator
2,128,rectangle_java2.jpg,rectangle_java2.jpg,18327806561,64,1016.630625,514.455,958.5,512,71,21,this.x2,7,class->block->function->block->block_content->return->expr->name->name->operator->name->operator
2,128,rectangle_java2.jpg,rectangle_java2.jpg,18327874502,64,1018.2574999999999,530.77875,958.5,512,71,21,this.x2,7,class->block->function->block->block_content->return->expr->name->name->operator->name->operator
2,128,rectangle_java2.jpg,rectangle_java2.jpg,18328114559,172,1114.9909302325582,525.1886046511628,1054.5,512,71,21,this.x1,7,class->block->function->block->block_content->return->expr->name->name->operator->name
2,128,rectangle_java2.jpg,rectangle_java2.jpg,18328290571,120,1090.0356666666667,529.54,1054.5,512,71,21,this.x1,7,class->block->function->block->block_content->return->expr->name->name->operator->name
2,128,rectangle_java2.jpg,rectangle_java2.jpg,18328418594,104,858.8592307692307,553.3288461538461,863.5,549,9,21,),1,class->block->function->parameter_list
2,128,rectangle_java2.jpg,rectangle_java2.jpg,18328610592,144,698.5011111111111,558.2263888888889,669.5,549,63,21,public,6,class->block->function->type->specifier
2,128,rectangle_java2.jpg,rectangle_java2.jpg,18328862623,168,778.9504761904761,551.2178571428572,775.5,549,62,21,height,6,class->block->function->name
2,128,rectangle_java2.jpg,rectangle_java2.jpg,18328998620,80,778.869,563.415,775.5,549,62,21,height,6,class->block->function->name
2,128,rectangle_java2.jpg,rectangle_java2.jpg,18329154716,132,1006.6351515151515,557.8445454545455,968.5,549,70,21,this.y2,7,class->block->function->block->block_content->return->expr->name->name->operator->name
2,128,rectangle_java2.jpg,rectangle_java2.jpg,18329414245,136,1012.1079411764706,548.5714705882353,968.5,549,70,21,this.y2,7,class->block->function->block->block_content->return->expr->name->name->operator->name
2,128,rectangle_java2.jpg,rectangle_java2.jpg,18329630401,168,1128.7164285714287,560.4769047619047,1064.5,549,71,21,this.y1,7,class->block->function->block->block_content->return->expr->name->name->operator->name
2,128,rectangle_java2.jpg,rectangle_java2.jpg,18329826291,108,740.7033333333334,577.1277777777777,737.5,585,62,21,double,6,class->block->function->type->name
2,128,rectangle_java2.jpg,rectangle_java2.jpg,18329906235,76,713.6026315789474,586.1447368421052,669.5,585,63,21,public,6,class->block->function->type->specifier
2,128,rectangle_java2.jpg,rectangle_java2.jpg,18330118512,100,784.8684,593.6708,737.5,585,62,21,double,6,class->block->function->type->name
2,128,rectangle_java2.jpg,rectangle_java2.jpg,18330190491,68,788.9,596.8835294117647,737.5,585,62,21,double,6,class->block->function->type->name
2,128,rectangle_java2.jpg,rectangle_java2.jpg,18330346530,152,767.6631578947369,592.1531578947369,737.5,585,62,21,double,6,class->block->function->type->name
2,128,rectangle_java2.jpg,rectangle_java2.jpg,18330538617,96,841.6670833333334,612.5795833333333,804.5,621,44,21,void,4,class->block->function->type->name
2,128,rectangle_java2.jpg,rectangle_java2.jpg,18330538617,96,841.6670833333334,612.5795833333333,851.5,621,44,21,main,4,class->block->function->name
2,128,rectangle_java2.jpg,rectangle_java2.jpg,18330802476,104,958.7126923076924,576.3534615384615,910.5,585,62,21,return,6,class->block->function->block->block_content->return
2,128,rectangle_java2.jpg,rectangle_java2.jpg,18330886491,80,932.7795,578.6655,910.5,585,62,21,return,6,class->block->function->block->block_content->return
2,128,rectangle_java2.jpg,rectangle_java2.jpg,18331022484,132,930.5339393939394,598.3739393939394,910.5,585,62,21,return,6,class->block->function->block->block_content->return
2,128,rectangle_java2.jpg,rectangle_java2.jpg,18331266503,108,1003.662962962963,595.76,977.5,585,101,21,this.width,10,class->block->function->block->block_content->return->expr->call->name->name->operator->name
2,128,rectangle_java2.jpg,rectangle_java2.jpg,18331398483,64,1051.01625,608.983125,1025.5,621,42,21,args,4,class->block->function->parameter_list->parameter->decl->name
2,128,rectangle_java2.jpg,rectangle_java2.jpg,18331666269,72,1141.1888888888889,598.4911111111111,1140.5,585,110,21,this.height,11,class->block->function->block->block_content->return->expr->call->name->name->operator->name
2,128,rectangle_java2.jpg,rectangle_java2.jpg,18331726251,56,1153.1392857142857,599.3921428571429,1140.5,585,110,21,this.height,11,class->block->function->block->block_content->return->expr->call->name->name->operator->name
2,128,rectangle_java2.jpg,rectangle_java2.jpg,18331862323,72,1160.2788888888888,594.9655555555555,1140.5,585,110,21,this.height,11,class->block->function->block->block_content->return->expr->call->name->name->operator->name
2,128,rectangle_java2.jpg,rectangle_java2.jpg,18332114428,68,1122.1035294117646,599.7947058823529,1122.5,585,12,21,*,1,class->block->function->block->block_content->return->expr->operator
2,128,rectangle_java2.jpg,rectangle_java2.jpg,18332234409,116,1121.4555172413793,605.2368965517242,1122.5,585,12,21,*,1,class->block->function->block->block_content->return->expr->operator
2,128,rectangle_java2.jpg,rectangle_java2.jpg,18332470357,168,1235.8188095238095,594.9459523809523,1140.5,585,110,21,this.height,11,class->block->function->block->block_content->return->expr->call->name->name->operator->name
2,128,rectangle_java2.jpg,rectangle_java2.jpg,18333094167,80,779.18,619.5915,738.5,621,61,21,static,6,class->block->function->type->specifier
2,128,rectangle_java2.jpg,rectangle_java2.jpg,18333310320,124,767.7425806451613,648.7558064516129,730.5,658,91,20,Rectangle,9,class->block->function->block->block_content->decl_stmt->decl->type->name
2,128,rectangle_java2.jpg,rectangle_java2.jpg,18333582300,176,824.2725,633.1109090909091,804.5,621,44,21,void,4,class->block->function->type->name
2,128,rectangle_java2.jpg,rectangle_java2.jpg,18333766238,96,875.155,640.7629166666667,851.5,621,44,21,main,4,class->block->function->name
2,128,rectangle_java2.jpg,rectangle_java2.jpg,18334070281,56,971.1821428571428,626.8957142857142,920.5,621,62,21,String,6,class->block->function->parameter_list->parameter->decl->type->name->name
2,128,rectangle_java2.jpg,rectangle_java2.jpg,18334158277,84,950.5928571428572,631.2233333333334,920.5,621,62,21,String,6,class->block->function->parameter_list->parameter->decl->type->name->name
2,128,rectangle_java2.jpg,rectangle_java2.jpg,18334250250,88,952.6309090909091,632.7922727272727,920.5,621,62,21,String,6,class->block->function->parameter_list->parameter->decl->type->name->name
2,128,rectangle_java2.jpg,rectangle_java2.jpg,18334390356,112,1045.5096428571428,626.9639285714286,1025.5,621,42,21,args,4,class->block->function->parameter_list->parameter->decl->name
2,128,rectangle_java2.jpg,rectangle_java2.jpg,18334502438,108,1050.4985185185185,637.0592592592593,1025.5,621,42,21,args,4,class->block->function->parameter_list->parameter->decl->name
2,128,rectangle_java2.jpg,rectangle_java2.jpg,18334566353,60,1048.8293333333334,640.712,1025.5,621,42,21,args,4,class->block->function->parameter_list->parameter->decl->name
2,128,rectangle_java2.jpg,rectangle_java2.jpg,18334658236,88,1048.0181818181818,628.9663636363637,1025.5,621,42,21,args,4,class->block->function->parameter_list->parameter->decl->name
2,128,rectangle_java2.jpg,rectangle_java2.jpg,18334986225,68,771.0158823529412,654.7476470588235,730.5,658,91,20,Rectangle,9,class->block->function->block->block_content->decl_stmt->decl->type->name
2,128,rectangle_java2.jpg,rectangle_java2.jpg,18335130249,104,762.8784615384616,691.4730769230769,730.5,694,177,21,System.out.println,18,class->block->function->block->block_content->expr_stmt->expr->call->name->name->operator->name->operator->name
2,128,rectangle_java2.jpg,rectangle_java2.jpg,18335326306,148,828.0894594594595,687.9818918918919,730.5,694,177,21,System.out.println,18,class->block->function->block->block_content->expr_stmt->expr->call->name->name->operator->name->operator->name
2,128,rectangle_java2.jpg,rectangle_java2.jpg,18335526129,68,824.9,689.9405882352942,730.5,694,177,21,System.out.println,18,class->block->function->block->block_content->expr_stmt->expr->call->name->name->operator->name->operator->name
2,128,rectangle_java2.jpg,rectangle_java2.jpg,18335710064,84,881.6371428571429,694.4385714285714,730.5,694,177,21,System.out.println,18,class->block->function->block->block_content->expr_stmt->expr->call->name->name->operator->name->operator->name
2,128,rectangle_java2.jpg,rectangle_java2.jpg,18336242108,88,946.2709090909091,685.3809090909091,932.5,694,100,21,rect1.area,10,class->block->function->block->block_content->expr_stmt->expr->call->argument_list->argument->expr->call->name->name->operator->name
2,128,rectangle_java2.jpg,rectangle_java2.jpg,18336546095,120,905.091,683.513,730.5,694,177,21,System.out.println,18,class->block->function->block->block_content->expr_stmt->expr->call->name->name->operator->name->operator->name
2,128,rectangle_java2.jpg,rectangle_java2.jpg,18336546095,120,905.091,683.513,916.5,694,9,21,(,1,class->block->function->block->block_content->expr_stmt->expr->call->argument_list
2,128,rectangle_java2.jpg,rectangle_java2.jpg,18336710083,68,993.0182352941176,671.7711764705882,941.5,658,91,20,Rectangle,9,class->block->function->block->block_content->decl_stmt->decl->init->expr->call->name
2,128,rectangle_java2.jpg,rectangle_java2.jpg,18336886096,108,983.7755555555556,689.1118518518518,932.5,694,100,21,rect1.area,10,class->block->function->block->block_content->expr_stmt->expr->call->argument_list->argument->expr->call->name->name->operator->name
2,128,rectangle_java2.jpg,rectangle_java2.jpg,18337054083,96,1060.695,696.5433333333333,1057.5,694,10,21,),1,class->block->function->block->block_content->expr_stmt->expr->call->argument_list->argument->expr->call->argument_list
2,128,rectangle_java2.jpg,rectangle_java2.jpg,18337170099,112,1057.4989285714287,704.3660714285714,1057.5,694,10,21,),1,class->block->function->block->block_content->expr_stmt->expr->call->argument_list->argument->expr->call->argument_list
2,128,rectangle_java2.jpg,rectangle_java2.jpg,18337525862,68,1109.9882352941177,677.4352941176471,1115.5,658,10,20,",",1,class->block->function->block->block_content->decl_stmt->decl->init->expr->call->argument_list
2,128,rectangle_java2.jpg,rectangle_java2.jpg,18337953976,148,1103.529189189189,692.2756756756756,1096.5,694,10,21,;,1,class->block->function->block->block_content->expr_stmt
2,128,rectangle_java2.jpg,rectangle_java2.jpg,18338161964,84,891.7066666666667,720.1109523809524,883.5,731,15,20,=,1,class->block->function->block->block_content->decl_stmt->decl->init
2,128,rectangle_java2.jpg,rectangle_java2.jpg,18338161964,84,891.7066666666667,720.1109523809524,902.5,731,34,20,new,3,class->block->function->block->block_content->decl_stmt->decl->init->expr->operator
2,128,rectangle_java2.jpg,rectangle_java2.jpg,18338325936,136,764.5373529411764,729.7970588235294,730.5,731,91,20,Rectangle,9,class->block->function->block->block_content->decl_stmt->decl->type->name
2,128,rectangle_java2.jpg,rectangle_java2.jpg,18338577941,56,811.0514285714286,736.225,730.5,731,91,20,Rectangle,9,class->block->function->block->block_content->decl_stmt->decl->type->name
2,128,rectangle_java2.jpg,rectangle_java2.jpg,18338689972,108,817.1577777777778,746.5240740740741,730.5,731,91,20,Rectangle,9,class->block->function->block->block_content->decl_stmt->decl->type->name
2,128,rectangle_java2.jpg,rectangle_java2.jpg,18338689972,108,817.1577777777778,746.5240740740741,826.5,731,51,20,rect2,5,class->block->function->block->block_content->decl_stmt->decl->name
2,128,rectangle_java2.jpg,rectangle_java2.jpg,18338913988,176,862.4247727272727,737.1188636363636,826.5,731,51,20,rect2,5,class->block->function->block->block_content->decl_stmt->decl->name
2,128,rectangle_java2.jpg,rectangle_java2.jpg,18338985968,68,864.9311764705882,723.6176470588235,826.5,731,51,20,rect2,5,class->block->function->block->block_content->decl_stmt->decl->name
2,128,rectangle_java2.jpg,rectangle_java2.jpg,18339129948,108,905.9040740740741,724.0785185185185,902.5,731,34,20,new,3,class->block->function->block->block_content->decl_stmt->decl->init->expr->operator
2,128,rectangle_java2.jpg,rectangle_java2.jpg,18339245959,56,962.3371428571428,738.4021428571428,941.5,731,91,20,Rectangle,9,class->block->function->block->block_content->decl_stmt->decl->init->expr->call->name
2,128,rectangle_java2.jpg,rectangle_java2.jpg,18339377901,128,966.73125,729.40875,941.5,731,91,20,Rectangle,9,class->block->function->block->block_content->decl_stmt->decl->init->expr->call->name
2,128,rectangle_java2.jpg,rectangle_java2.jpg,18339497833,116,968.3093103448276,742.5324137931035,941.5,731,91,20,Rectangle,9,class->block->function->block->block_content->decl_stmt->decl->init->expr->call->name
2,128,rectangle_java2.jpg,rectangle_java2.jpg,18339597838,96,971.7291666666666,728.8216666666667,941.5,731,91,20,Rectangle,9,class->block->function->block->block_content->decl_stmt->decl->init->expr->call->name
2,128,rectangle_java2.jpg,rectangle_java2.jpg,18339893827,100,1078.6316,689.5832,1077.5,694,9,21,),1,class->block->function->block->block_content->expr_stmt->expr->call->argument_list
2,128,rectangle_java2.jpg,rectangle_java2.jpg,18339961799,64,1089.21375,691.52125,1096.5,694,10,21,;,1,class->block->function->block->block_content->expr_stmt
2,128,rectangle_java2.jpg,rectangle_java2.jpg,18340061759,96,1099.2295833333333,691.9391666666667,1096.5,694,10,21,;,1,class->block->function->block->block_content->expr_stmt
2,128,rectangle_java2.jpg,rectangle_java2.jpg,18340125775,60,1096.208,677.5706666666666,1095.5,658,13,20,0,1,class->block->function->block->block_content->decl_stmt->decl->init->expr->call->argument_list->argument->expr->literal
2,128,rectangle_java2.jpg,rectangle_java2.jpg,18340221821,92,1100.4560869565216,697.3082608695652,1096.5,694,10,21,;,1,class->block->function->block->block_content->expr_stmt
2,128,rectangle_java2.jpg,rectangle_java2.jpg,18340385869,60,891.5426666666666,525.1393333333333,891.5,512,62,21,return,6,class->block->function->block->block_content->return->expr->name->name
2,128,rectangle_java2.jpg,rectangle_java2.jpg,18340501887,112,895.095,532.0110714285714,891.5,512,62,21,return,6,class->block->function->block->block_content->return->expr->name->name
2,128,rectangle_java2.jpg,rectangle_java2.jpg,18340725885,204,839.6137254901961,395.22411764705885,826.5,404,23,19,x2,2,class->block->constructor->block->block_content->expr_stmt->expr->name->name
2,128,rectangle_java2.jpg,rectangle_java2.jpg,18340805905,76,839.06,379.5205263157895,826.5,367,23,21,y1,2,class->block->constructor->block->block_content->expr_stmt->expr->name->name
2,128,rectangle_java2.jpg,rectangle_java2.jpg,18340949887,88,803.7231818181818,361.8618181818182,806.5,367,15,21,=,1,class->block->constructor->block->block_content->expr_stmt->expr->operator
2,128,rectangle_java2.jpg,rectangle_java2.jpg,18341013848,60,829.2666666666667,365.51466666666664,826.5,367,23,21,y1,2,class->block->constructor->block->block_content->expr_stmt->expr->name->name
2,128,rectangle_java2.jpg,rectangle_java2.jpg,18341101787,84,830.2742857142857,382.6947619047619,826.5,367,23,21,y1,2,class->block->constructor->block->block_content->expr_stmt->expr->name->name
2,128,rectangle_java2.jpg,rectangle_java2.jpg,18341249558,100,762.3724,391.512,730.5,404,71,19,this.x2,7,class->block->constructor->block->block_content->expr_stmt->expr->name->name->operator->name
2,128,rectangle_java2.jpg,rectangle_java2.jpg,18341401584,100,765.9784,398.1472,730.5,404,71,19,this.x2,7,class->block->constructor->block->block_content->expr_stmt->expr->name->name->operator->name
2,128,rectangle_java2.jpg,rectangle_java2.jpg,18341625631,220,794.188,400.15,730.5,404,71,19,this.x2,7,class->block->constructor->block->block_content->expr_stmt->expr->name->name->operator->name
2,128,rectangle_java2.jpg,rectangle_java2.jpg,18341625631,220,794.188,400.15,806.5,404,15,19,=,1,class->block->constructor->block->block_content->expr_stmt->expr->operator
2,128,rectangle_java2.jpg,rectangle_java2.jpg,18341741635,112,792.1689285714285,363.5625,730.5,367,71,21,this.y1,7,class->block->constructor->block->block_content->expr_stmt->expr->name->name->operator->name
2,128,rectangle_java2.jpg,rectangle_java2.jpg,18341837673,92,794.5178260869566,367.81304347826085,730.5,367,71,21,this.y1,7,class->block->constructor->block->block_content->expr_stmt->expr->name->name->operator->name
2,128,rectangle_java2.jpg,rectangle_java2.jpg,18341837673,92,794.5178260869566,367.81304347826085,806.5,367,15,21,=,1,class->block->constructor->block->block_content->expr_stmt->expr->operator
2,128,rectangle_java2.jpg,rectangle_java2.jpg,18341901694,60,794.9426666666667,357.2753333333333,730.5,367,71,21,this.y1,7,class->block->constructor->block->block_content->expr_stmt->expr->name->name->operator->name
2,128,rectangle_java2.jpg,rectangle_java2.jpg,18341901694,60,794.9426666666667,357.2753333333333,806.5,367,15,21,=,1,class->block->constructor->block->block_content->expr_stmt->expr->operator
2,128,rectangle_java2.jpg,rectangle_java2.jpg,18342421692,124,822.1241935483871,399.1483870967742,826.5,404,23,19,x2,2,class->block->constructor->block->block_content->expr_stmt->expr->name->name
2,128,rectangle_java2.jpg,rectangle_java2.jpg,18342489718,64,816.91625,381.315625,806.5,367,15,21,=,1,class->block->constructor->block->block_content->expr_stmt->expr->operator
2,128,rectangle_java2.jpg,rectangle_java2.jpg,18342489718,64,816.91625,381.315625,826.5,367,23,21,y1,2,class->block->constructor->block->block_content->expr_stmt->expr->name->name
2,128,rectangle_java2.jpg,rectangle_java2.jpg,18342549723,56,812.2835714285715,371.49642857142857,806.5,367,15,21,=,1,class->block->constructor->block->block_content->expr_stmt->expr->operator
2,128,rectangle_java2.jpg,rectangle_java2.jpg,18342701736,100,824.2216,513.1316,775.5,512,53,21,width,5,class->block->function->name
2,128,rectangle_java2.jpg,rectangle_java2.jpg,18342989724,196,1022.7255102040816,559.5120408163265,968.5,549,70,21,this.y2,7,class->block->function->block->block_content->return->expr->name->name->operator->name
2,128,rectangle_java2.jpg,rectangle_java2.jpg,18343941553,100,964.7536,308.8068,939.5,295,33,21,int,3,class->block->constructor->parameter_list->parameter->decl->type->name
2,128,rectangle_java2.jpg,rectangle_java2.jpg,18344189610,56,1082.2421428571429,312.45142857142855,1063.5,295,23,21,x2,2,class->block->constructor->parameter_list->parameter->decl->type->name
2,128,rectangle_java2.jpg,rectangle_java2.jpg,18344189610,56,1082.2421428571429,312.45142857142855,1094.5,295,9,21,",",1,class->block->constructor->parameter_list
2,128,rectangle_java2.jpg,rectangle_java2.jpg,18344701604,64,1134.88125,746.21125,1134.5,731,22,20,10,2,class->block->function->block->block_content->decl_stmt->decl->init->expr->call->argument_list->argument->expr->literal
2,128,rectangle_java2.jpg,rectangle_java2.jpg,18344929523,84,815.5461904761904,748.385238095238,730.5,731,91,20,Rectangle,9,class->block->function->block->block_content->decl_stmt->decl->type->name
2,128,rectangle_java2.jpg,rectangle_java2.jpg,18344929523,84,815.5461904761904,748.385238095238,826.5,731,51,20,rect2,5,class->block->function->block->block_content->decl_stmt->decl->name
2,128,rectangle_java2.jpg,rectangle_java2.jpg,18345005440,72,811.28,747.25,730.5,731,91,20,Rectangle,9,class->block->function->block->block_content->decl_stmt->decl->type->name
2,128,rectangle_java2.jpg,rectangle_java2.jpg,18345169311,108,769.2885185185185,763.47,730.5,766,177,21,System.out.println,18,class->block->function->block->block_content->expr_stmt->expr->call->name->name->operator->name->operator->name
2,128,rectangle_java2.jpg,rectangle_java2.jpg,18345337386,164,771.6726829268292,742.3773170731707,730.5,731,91,20,Rectangle,9,class->block->function->block->block_content->decl_stmt->decl->type->name
2,128,rectangle_java2.jpg,rectangle_java2.jpg,18345577389,180,832.5448888888889,744.5817777777778,826.5,731,51,20,rect2,5,class->block->function->block->block_content->decl_stmt->decl->name
2,128,rectangle_java2.jpg,rectangle_java2.jpg,18345637423,56,827.1271428571429,722.6921428571429,826.5,731,51,20,rect2,5,class->block->function->block->block_content->decl_stmt->decl->name
2,128,rectangle_java2.jpg,rectangle_java2.jpg,18346081499,84,990.0347619047619,709.5880952380952,932.5,694,100,21,rect1.area,10,class->block->function->block->block_content->expr_stmt->expr->call->argument_list->argument->expr->call->name->name->operator->name
2,128,rectangle_java2.jpg,rectangle_java2.jpg,18346297378,180,957.5848888888889,719.2997777777778,941.5,731,91,20,Rectangle,9,class->block->function->block->block_content->decl_stmt->decl->init->expr->call->name
2,128,rectangle_java2.jpg,rectangle_java2.jpg,18346433350,96,959.9808333333333,735.9762499999999,941.5,731,91,20,Rectangle,9,class->block->function->block->block_content->decl_stmt->decl->init->expr->call->name
2,128,rectangle_java2.jpg,rectangle_java2.jpg,18346525382,56,1022.4992857142857,727.9078571428571,941.5,731,91,20,Rectangle,9,class->block->function->block->block_content->decl_stmt->decl->init->expr->call->name
2,128,rectangle_java2.jpg,rectangle_java2.jpg,18346785416,256,1017.98828125,738.27390625,941.5,731,91,20,Rectangle,9,class->block->function->block->block_content->decl_stmt->decl->init->expr->call->name
2,128,rectangle_java2.jpg,rectangle_java2.jpg,18346905342,92,972.8404347826087,722.2695652173913,941.5,731,91,20,Rectangle,9,class->block->function->block->block_content->decl_stmt->decl->init->expr->call->name
2,128,rectangle_java2.jpg,rectangle_java2.jpg,18347077250,168,975.7364285714285,730.750238095238,941.5,731,91,20,Rectangle,9,class->block->function->block->block_content->decl_stmt->decl->init->expr->call->name
2,128,rectangle_java2.jpg,rectangle_java2.jpg,18347225327,88,1043.2668181818183,713.4172727272727,1041.5,694,9,21,(,1,class->block->function->block->block_content->expr_stmt->expr->call->argument_list->argument->expr->call->argument_list
2,128,rectangle_java2.jpg,rectangle_java2.jpg,18347437312,208,1041.2384615384615,706.7292307692308,1041.5,694,9,21,(,1,class->block->function->block->block_content->expr_stmt->expr->call->argument_list->argument->expr->call->argument_list
2,128,rectangle_java2.jpg,rectangle_java2.jpg,18347537300,96,1032.6629166666667,713.60875,1041.5,694,9,21,(,1,class->block->function->block->block_content->expr_stmt->expr->call->argument_list->argument->expr->call->argument_list
2,128,rectangle_java2.jpg,rectangle_java2.jpg,18347605300,64,1048.97875,697.77,1041.5,694,9,21,(,1,class->block->function->block->block_content->expr_stmt->expr->call->argument_list->argument->expr->call->argument_list
2,128,rectangle_java2.jpg,rectangle_java2.jpg,18347605300,64,1048.97875,697.77,1057.5,694,10,21,),1,class->block->function->block->block_content->expr_stmt->expr->call->argument_list->argument->expr->call->argument_list
2,128,rectangle_java2.jpg,rectangle_java2.jpg,18347745331,92,832.1769565217392,774.3830434782609,730.5,766,177,21,System.out.println,18,class->block->function->block->block_content->expr_stmt->expr->call->name->name->operator->name->operator->name
2,128,rectangle_java2.jpg,rectangle_java2.jpg,18348061325,72,776.7144444444444,780.1455555555556,730.5,766,177,21,System.out.println,18,class->block->function->block->block_content->expr_stmt->expr->call->name->name->operator->name->operator->name
2,128,rectangle_java2.jpg,rectangle_java2.jpg,18348225468,116,847.5703448275863,786.72,730.5,766,177,21,System.out.println,18,class->block->function->block->block_content->expr_stmt->expr->call->name->name->operator->name->operator->name
2,128,rectangle_java2.jpg,rectangle_java2.jpg,18348517298,84,923.4309523809524,719.0871428571428,902.5,731,34,20,new,3,class->block->function->block->block_content->decl_stmt->decl->init->expr->operator
2,128,rectangle_java2.jpg,rectangle_java2.jpg,18348585283,64,920.076875,714.785625,916.5,694,9,21,(,1,class->block->function->block->block_content->expr_stmt->expr->call->argument_list
2,128,rectangle_java2.jpg,rectangle_java2.jpg,18348585283,64,920.076875,714.785625,932.5,694,100,21,rect1.area,10,class->block->function->block->block_content->expr_stmt->expr->call->argument_list->argument->expr->call->name->name->operator->name
2,128,rectangle_java2.jpg,rectangle_java2.jpg,18348673273,84,914.2057142857143,745.1428571428571,902.5,731,34,20,new,3,class->block->function->block->block_content->decl_stmt->decl->init->expr->operator
2,128,rectangle_java2.jpg,rectangle_java2.jpg,18348773236,96,929.6804166666667,764.0679166666666,932.5,766,100,21,rect2.area,10,class->block->function->block->block_content->expr_stmt->expr->call->argument_list->argument->expr->call->name->name->operator->name
2,128,rectangle_java2.jpg,rectangle_java2.jpg,18348845206,68,846.7129411764706,771.7888235294117,730.5,766,177,21,System.out.println,18,class->block->function->block->block_content->expr_stmt->expr->call->name->name->operator->name->operator->name
2,128,rectangle_java2.jpg,rectangle_java2.jpg,18348957182,108,852.8848148148148,782.432962962963,730.5,766,177,21,System.out.println,18,class->block->function->block->block_content->expr_stmt->expr->call->name->name->operator->name->operator->name
2,128,rectangle_java2.jpg,rectangle_java2.jpg,18349189217,112,762.435,763.3721428571429,730.5,766,177,21,System.out.println,18,class->block->function->block->block_content->expr_stmt->expr->call->name->name->operator->name->operator->name
2,128,rectangle_java2.jpg,rectangle_java2.jpg,18349345240,132,999.6984848484849,759.9645454545455,932.5,766,100,21,rect2.area,10,class->block->function->block->block_content->expr_stmt->expr->call->argument_list->argument->expr->call->name->name->operator->name
2,128,rectangle_java2.jpg,rectangle_java2.jpg,18349425237,76,998.3568421052631,754.2247368421052,932.5,766,100,21,rect2.area,10,class->block->function->block->block_content->expr_stmt->expr->call->argument_list->argument->expr->call->name->name->operator->name
2,128,rectangle_java2.jpg,rectangle_java2.jpg,18349485229,56,964.9821428571429,758.1964285714286,932.5,766,100,21,rect2.area,10,class->block->function->block->block_content->expr_stmt->expr->call->argument_list->argument->expr->call->name->name->operator->name
2,128,rectangle_java2.jpg,rectangle_java2.jpg,18349553216,64,964.780625,764.96875,932.5,766,100,21,rect2.area,10,class->block->function->block->block_content->expr_stmt->expr->call->argument_list->argument->expr->call->name->name->operator->name
2,128,rectangle_java2.jpg,rectangle_java2.jpg,18349621203,56,1089.287142857143,755.8842857142857,1096.5,766,10,21,;,1,class->block->function->block->block_content->expr_stmt
2,128,rectangle_java2.jpg,rectangle_java2.jpg,18349769183,144,1091.9141666666667,749.9333333333334,1095.5,731,13,20,5,1,class->block->function->block->block_content->decl_stmt->decl->init->expr->call->argument_list->argument->expr->literal
2,128,rectangle_java2.jpg,rectangle_java2.jpg,18349917173,120,1067.925,768.1586666666667,1077.5,766,9,21,),1,class->block->function->block->block_content->expr_stmt->expr->call->argument_list
2,128,rectangle_java2.jpg,rectangle_java2.jpg,18350493155,68,880.0647058823529,745.9835294117647,883.5,731,15,20,=,1,class->block->function->block->block_content->decl_stmt->decl->init
2,128,rectangle_java2.jpg,rectangle_java2.jpg,18350629172,132,880.12,755.2715151515151,730.5,766,177,21,System.out.println,18,class->block->function->block->block_content->expr_stmt->expr->call->name->name->operator->name->operator->name
2,128,rectangle_java2.jpg,rectangle_java2.jpg,18350777064,144,864.945,775.2558333333334,730.5,766,177,21,System.out.println,18,class->block->function->block->block_content->expr_stmt->expr->call->name->name->operator->name->operator->name
2,128,rectangle_java2.jpg,rectangle_java2.jpg,18350984717,120,864.6726666666667,776.0973333333334,730.5,766,177,21,System.out.println,18,class->block->function->block->block_content->expr_stmt->expr->call->name->name->operator->name->operator->name
2,128,rectangle_java2.jpg,rectangle_java2.jpg,18351108565,84,895.4209523809524,690.2780952380953,730.5,694,177,21,System.out.println,18,class->block->function->block->block_content->expr_stmt->expr->call->name->name->operator->name->operator->name
2,128,rectangle_java2.jpg,rectangle_java2.jpg,18351188811,76,894.5873684210526,672.0963157894737,883.5,658,15,20,=,1,class->block->function->block->block_content->decl_stmt->decl->init
2,128,rectangle_java2.jpg,rectangle_java2.jpg,18351188811,76,894.5873684210526,672.0963157894737,902.5,658,34,20,new,3,class->block->function->block->block_content->decl_stmt->decl->init->expr->operator
2,128,rectangle_java2.jpg,rectangle_java2.jpg,18351469056,68,1115.4941176470588,668.1976470588236,1115.5,658,10,20,",",1,class->block->function->block->block_content->decl_stmt->decl->init->expr->call->argument_list
2,128,rectangle_java2.jpg,rectangle_java2.jpg,18351557059,76,950.8252631578947,692.8994736842105,932.5,694,100,21,rect1.area,10,class->block->function->block->block_content->expr_stmt->expr->call->argument_list->argument->expr->call->name->name->operator->name
2,128,rectangle_java2.jpg,rectangle_java2.jpg,18351653071,92,932.4069565217392,701.2773913043478,932.5,694,100,21,rect1.area,10,class->block->function->block->block_content->expr_stmt->expr->call->argument_list->argument->expr->call->name->name->operator->name
2,128,rectangle_java2.jpg,rectangle_java2.jpg,18353393006,104,1026.9746153846154,778.5126923076923,932.5,766,100,21,rect2.area,10,class->block->function->block->block_content->expr_stmt->expr->call->argument_list->argument->expr->call->name->name->operator->name
2,128,rectangle_java2.jpg,rectangle_java2.jpg,18354044905,68,774.1041176470588,600.7905882352941,737.5,585,62,21,double,6,class->block->function->type->name
2,128,rectangle_java2.jpg,rectangle_java2.jpg,18354385393,116,682.731724137931,592.7837931034483,669.5,585,63,21,public,6,class->block->function->type->specifier
2,128,rectangle_java2.jpg,rectangle_java2.jpg,18354481179,92,679.8186956521739,618.054347826087,669.5,621,63,21,public,6,class->block->function->type->specifier
2,128,rectangle_java2.jpg,rectangle_java2.jpg,18354545071,60,685.8993333333333,639.9006666666667,669.5,621,63,21,public,6,class->block->function->type->specifier
2,128,rectangle_java2.jpg,rectangle_java2.jpg,18354684714,120,682.3693333333333,541.307,669.5,549,63,21,public,6,class->block->function->type->specifier
2,128,rectangle_java2.jpg,rectangle_java2.jpg,18354840489,100,678.5576,494.56359999999995,672.5,478,10,18,},1,class->block->constructor->block
2,128,rectangle_java2.jpg,rectangle_java2.jpg,18355308797,140,684.4288571428572,611.478,669.5,621,63,21,public,6,class->block->function->type->specifier
2,128,rectangle_java2.jpg,rectangle_java2.jpg,18355376808,64,686.0649999999999,621.0425,669.5,621,63,21,public,6,class->block->function->type->specifier
2,128,rectangle_java2.jpg,rectangle_java2.jpg,18355516783,96,698.6333333333333,516.7641666666667,669.5,512,63,21,public,6,class->block->function->type->specifier
2,128,rectangle_java2.jpg,rectangle_java2.jpg,18355788774,68,790.3894117647059,665.1294117647059,730.5,658,91,20,Rectangle,9,class->block->function->block->block_content->decl_stmt->decl->type->name
2,128,rectangle_java2.jpg,rectangle_java2.jpg,18356024824,188,735.161914893617,649.0876595744681,730.5,658,91,20,Rectangle,9,class->block->function->block->block_content->decl_stmt->decl->type->name
2,128,rectangle_java2.jpg,rectangle_java2.jpg,18356136830,80,1050.1055000000001,652.539,1041.5,658,9,20,(,1,class->block->function->block->block_content->decl_stmt->decl->init->expr->call->argument_list
2,128,rectangle_java2.jpg,rectangle_java2.jpg,18356136830,80,1050.1055000000001,652.539,1057.5,658,13,20,0,1,class->block->function->block->block_content->decl_stmt->decl->init->expr->call->argument_list->argument->expr->literal
2,128,rectangle_java2.jpg,rectangle_java2.jpg,18356316801,176,1057.1043181818181,664.4777272727273,1057.5,658,13,20,0,1,class->block->function->block->block_content->decl_stmt->decl->init->expr->call->argument_list->argument->expr->literal
2,128,rectangle_java2.jpg,rectangle_java2.jpg,18356544617,156,1091.2453846153846,655.1205128205128,1095.5,658,13,20,0,1,class->block->function->block->block_content->decl_stmt->decl->init->expr->call->argument_list->argument->expr->literal
2,128,rectangle_java2.jpg,rectangle_java2.jpg,18356612580,64,1100.255625,562.124375,1064.5,549,71,21,this.y1,7,class->block->function->block->block_content->return->expr->name->name->operator->name
2,128,rectangle_java2.jpg,rectangle_java2.jpg,18356704614,88,1101.2818181818182,560.3509090909091,1064.5,549,71,21,this.y1,7,class->block->function->block->block_content->return->expr->name->name->operator->name
2,128,rectangle_java2.jpg,rectangle_java2.jpg,18356892616,84,1100.42,554.1971428571428,1064.5,549,71,21,this.y1,7,class->block->function->block->block_content->return->expr->name->name->operator->name
2,128,rectangle_java2.jpg,rectangle_java2.jpg,18357852695,140,631.7305714285715,237.51742857142858,589.5,222,63,21,public,6,class->specifier
2,128,rectangle_java2.jpg,rectangle_java2.jpg,18358048676,56,738.0842857142857,258.81142857142856,669.5,259,72,21,private,7,class->block->decl_stmt->decl->type->specifier
2,128,rectangle_java2.jpg,rectangle_java2.jpg,18358048676,56,738.0842857142857,258.81142857142856,747.5,259,33,21,int,3,class->block->decl_stmt->decl->type->name
2,128,rectangle_java2.jpg,rectangle_java2.jpg,18358172679,120,740.8286666666667,259.2493333333333,669.5,259,72,21,private,7,class->block->decl_stmt->decl->type->specifier
2,128,rectangle_java2.jpg,rectangle_java2.jpg,18358172679,120,740.8286666666667,259.2493333333333,747.5,259,33,21,int,3,class->block->decl_stmt->decl->type->name
2,128,rectangle_java2.jpg,rectangle_java2.jpg,18358416584,164,687.7958536585365,261.6321951219512,669.5,259,72,21,private,7,class->block->decl_stmt->decl->type->specifier
2,128,rectangle_java2.jpg,rectangle_java2.jpg,18358552556,80,774.1375,249.3655,747.5,259,33,21,int,3,class->block->decl_stmt->decl->type->name
2,128,rectangle_java2.jpg,rectangle_java2.jpg,18358552556,80,774.1375,249.3655,785.5,259,23,21,x1,2,class->block->decl_stmt->decl->name
2,128,rectangle_java2.jpg,rectangle_java2.jpg,18358756523,72,781.1488888888889,252.52277777777778,785.5,259,23,21,x1,2,class->block->decl_stmt->decl->name
2,128,rectangle_java2.jpg,rectangle_java2.jpg,18358896476,80,769.7545,402.8125,730.5,404,71,19,this.x2,7,class->block->constructor->block->block_content->expr_stmt->expr->name->name->operator->name
2,128,rectangle_java2.jpg,rectangle_java2.jpg,18359008470,64,724.509375,346.341875,730.5,331,71,19,this.x1,7,class->block->constructor->block->block_content->expr_stmt->expr->name->name->operator->name
2,128,rectangle_java2.jpg,rectangle_java2.jpg,18359384553,72,894.5544444444445,767.2116666666667,730.5,766,177,21,System.out.println,18,class->block->function->block->block_content->expr_stmt->expr->call->name->name->operator->name->operator->name
2,128,rectangle_java2.jpg,rectangle_java2.jpg,18359500585,112,894.6553571428572,778.5971428571429,730.5,766,177,21,System.out.println,18,class->block->function->block->block_content->expr_stmt->expr->call->name->name->operator->name->operator->name
2,128,rectangle_java2.jpg,rectangle_java2.jpg,18360512209,236,768.8401694915254,708.7801694915254,730.5,694,177,21,System.out.println,18,class->block->function->block->block_content->expr_stmt->expr->call->name->name->operator->name->operator->name
