trial,participant,code_file,code_language,timestamp,duration,x_cord,y_cord,aoi_x,aoi_y,aoi_width,aoi_height,token,length,srcML
2,137,rectangle_java2.jpg,rectangle_java2.jpg,6229059121,124,738.2341935483871,268.2409677419355,669.5,259,72,21,private,7,class->block->decl_stmt->decl->type->specifier
2,137,rectangle_java2.jpg,rectangle_java2.jpg,6229059121,124,738.2341935483871,268.2409677419355,747.5,259,33,21,int,3,class->block->decl_stmt->decl->type->name
2,137,rectangle_java2.jpg,rectangle_java2.jpg,6232354766,112,707.8182142857142,211.24642857142857,657.5,222,52,21,class,5,class
2,137,rectangle_java2.jpg,rectangle_java2.jpg,6232354766,112,707.8182142857142,211.24642857142857,715.5,222,90,21,Rectangle,9,class->name
2,137,rectangle_java2.jpg,rectangle_java2.jpg,6233378789,104,819.6115384615384,224.70538461538462,813.5,222,10,21,{,1,class->block
2,137,rectangle_java2.jpg,rectangle_java2.jpg,6235626563,56,734.7028571428572,264.9242857142857,669.5,259,72,21,private,7,class->block->decl_stmt->decl->type->specifier
2,137,rectangle_java2.jpg,rectangle_java2.jpg,6235698547,68,741.7723529411765,258.7217647058823,747.5,259,33,21,int,3,class->block->decl_stmt->decl->type->name
2,137,rectangle_java2.jpg,rectangle_java2.jpg,6235830516,104,702.825,226.09500000000003,657.5,222,52,21,class,5,class
2,137,rectangle_java2.jpg,rectangle_java2.jpg,6235890513,56,708.0685714285714,232.6842857142857,657.5,222,52,21,class,5,class
2,137,rectangle_java2.jpg,rectangle_java2.jpg,6235890513,56,708.0685714285714,232.6842857142857,715.5,222,90,21,Rectangle,9,class->name
2,137,rectangle_java2.jpg,rectangle_java2.jpg,6235986560,92,708.3773913043478,223.6995652173913,657.5,222,52,21,class,5,class
2,137,rectangle_java2.jpg,rectangle_java2.jpg,6235986560,92,708.3773913043478,223.6995652173913,715.5,222,90,21,Rectangle,9,class->name
2,137,rectangle_java2.jpg,rectangle_java2.jpg,6236086601,80,760.702,239.63350000000003,715.5,222,90,21,Rectangle,9,class->name
2,137,rectangle_java2.jpg,rectangle_java2.jpg,6236182544,92,763.3173913043479,247.20434782608697,747.5,259,33,21,int,3,class->block->decl_stmt->decl->type->name
2,137,rectangle_java2.jpg,rectangle_java2.jpg,6236294490,56,867.5157142857142,250.48785714285714,863.5,259,10,21,",",1,class->block->decl_stmt
2,137,rectangle_java2.jpg,rectangle_java2.jpg,6236374511,76,861.7310526315789,259.88157894736844,863.5,259,10,21,",",1,class->block->decl_stmt
2,137,rectangle_java2.jpg,rectangle_java2.jpg,6236550542,172,860.0697674418604,264.9272093023256,863.5,259,10,21,",",1,class->block->decl_stmt
2,137,rectangle_java2.jpg,rectangle_java2.jpg,6236622544,68,864.46,256.86058823529413,863.5,259,10,21,",",1,class->block->decl_stmt
2,137,rectangle_java2.jpg,rectangle_java2.jpg,6236822547,116,966.3775862068966,288.58620689655174,939.5,295,33,21,int,3,class->block->constructor->parameter_list->parameter->decl->type->name
2,137,rectangle_java2.jpg,rectangle_java2.jpg,6236822547,116,966.3775862068966,288.58620689655174,977.5,295,23,21,y1,2,class->block->constructor->parameter_list->parameter->decl->type->name
2,137,rectangle_java2.jpg,rectangle_java2.jpg,6236918547,92,973.0121739130435,282.73391304347825,977.5,295,23,21,y1,2,class->block->constructor->parameter_list->parameter->decl->type->name
2,137,rectangle_java2.jpg,rectangle_java2.jpg,6236998543,76,961.4268421052632,276.12105263157895,959.5,259,10,21,;,1,class->block->decl_stmt
2,137,rectangle_java2.jpg,rectangle_java2.jpg,6237186528,140,891.8225714285715,265.17657142857144,881.5,259,23,21,x2,2,class->block->decl_stmt->decl->name
2,137,rectangle_java2.jpg,rectangle_java2.jpg,6237330453,140,885.4665714285715,264.04914285714284,881.5,259,23,21,x2,2,class->block->decl_stmt->decl->name
2,137,rectangle_java2.jpg,rectangle_java2.jpg,6237486201,152,893.2639473684211,270.81184210526317,881.5,259,23,21,x2,2,class->block->decl_stmt->decl->name
2,137,rectangle_java2.jpg,rectangle_java2.jpg,6239498170,124,765.1990322580646,289.8354838709677,737.5,295,91,21,Rectangle,9,class->block->constructor->name
2,137,rectangle_java2.jpg,rectangle_java2.jpg,6239650198,92,729.1734782608695,254.94608695652175,669.5,259,72,21,private,7,class->block->decl_stmt->decl->type->specifier
2,137,rectangle_java2.jpg,rectangle_java2.jpg,6239766197,112,742.0325,261.85357142857146,747.5,259,33,21,int,3,class->block->decl_stmt->decl->type->name
2,137,rectangle_java2.jpg,rectangle_java2.jpg,6239878192,80,791.424,265.6485,785.5,259,23,21,x1,2,class->block->decl_stmt->decl->name
2,137,rectangle_java2.jpg,rectangle_java2.jpg,6239954195,72,786.7977777777778,265.37388888888887,785.5,259,23,21,x1,2,class->block->decl_stmt->decl->name
2,137,rectangle_java2.jpg,rectangle_java2.jpg,6240038216,80,791.792,276.9665,785.5,259,23,21,x1,2,class->block->decl_stmt->decl->name
2,137,rectangle_java2.jpg,rectangle_java2.jpg,6240186235,72,853.2644444444444,284.1177777777778,853.5,295,32,21,int,3,class->block->constructor->parameter_list->parameter->decl->type->name
2,137,rectangle_java2.jpg,rectangle_java2.jpg,6240310239,120,846.106,287.849,837.5,295,9,21,(,1,class->block->constructor->parameter_list
2,137,rectangle_java2.jpg,rectangle_java2.jpg,6240310239,120,846.106,287.849,853.5,295,32,21,int,3,class->block->constructor->parameter_list->parameter->decl->type->name
2,137,rectangle_java2.jpg,rectangle_java2.jpg,6240374237,60,859.4233333333333,279.61,863.5,259,10,21,",",1,class->block->decl_stmt
2,137,rectangle_java2.jpg,rectangle_java2.jpg,6240438226,60,845.154,278.074,833.5,259,23,21,y1,2,class->block->decl_stmt->decl->name
2,137,rectangle_java2.jpg,rectangle_java2.jpg,6240550215,68,772.4582352941177,294.1788235294118,737.5,295,91,21,Rectangle,9,class->block->constructor->name
2,137,rectangle_java2.jpg,rectangle_java2.jpg,6240694224,140,760.0942857142857,287.34257142857143,737.5,295,91,21,Rectangle,9,class->block->constructor->name
2,137,rectangle_java2.jpg,rectangle_java2.jpg,6240778221,80,771.377,285.954,737.5,295,91,21,Rectangle,9,class->block->constructor->name
2,137,rectangle_java2.jpg,rectangle_java2.jpg,6240850226,68,791.9782352941177,294.6058823529412,737.5,295,91,21,Rectangle,9,class->block->constructor->name
2,137,rectangle_java2.jpg,rectangle_java2.jpg,6240950231,96,800.5295833333333,299.6045833333333,737.5,295,91,21,Rectangle,9,class->block->constructor->name
2,137,rectangle_java2.jpg,rectangle_java2.jpg,6241038203,84,793.7238095238096,299.12666666666667,737.5,295,91,21,Rectangle,9,class->block->constructor->name
2,137,rectangle_java2.jpg,rectangle_java2.jpg,6241158126,88,784.2540909090909,336.27181818181816,730.5,331,71,19,this.x1,7,class->block->constructor->block->block_content->expr_stmt->expr->name->name->operator->name
2,137,rectangle_java2.jpg,rectangle_java2.jpg,6241230070,68,786.9794117647059,335.05058823529413,730.5,331,71,19,this.x1,7,class->block->constructor->block->block_content->expr_stmt->expr->name->name->operator->name
2,137,rectangle_java2.jpg,rectangle_java2.jpg,6241394038,128,768.690625,343.4475,730.5,331,71,19,this.x1,7,class->block->constructor->block->block_content->expr_stmt->expr->name->name->operator->name
2,137,rectangle_java2.jpg,rectangle_java2.jpg,6241634086,140,830.4522857142857,324.04371428571426,826.5,331,23,19,x1,2,class->block->constructor->block->block_content->expr_stmt->expr->name->name
2,137,rectangle_java2.jpg,rectangle_java2.jpg,6241730104,92,833.9130434782609,322.17478260869564,826.5,331,23,19,x1,2,class->block->constructor->block->block_content->expr_stmt->expr->name->name
2,137,rectangle_java2.jpg,rectangle_java2.jpg,6242022131,68,808.4723529411765,331.92529411764707,806.5,331,15,19,=,1,class->block->constructor->block->block_content->expr_stmt->expr->operator
2,137,rectangle_java2.jpg,rectangle_java2.jpg,6242150134,124,800.9906451612903,345.11225806451614,730.5,331,71,19,this.x1,7,class->block->constructor->block->block_content->expr_stmt->expr->name->name->operator->name
2,137,rectangle_java2.jpg,rectangle_java2.jpg,6242150134,124,800.9906451612903,345.11225806451614,806.5,331,15,19,=,1,class->block->constructor->block->block_content->expr_stmt->expr->operator
2,137,rectangle_java2.jpg,rectangle_java2.jpg,6242330112,120,864.5273333333333,344.638,856.5,331,10,19,;,1,class->block->constructor->block->block_content->expr_stmt
2,137,rectangle_java2.jpg,rectangle_java2.jpg,6242406100,72,854.3527777777778,342.83166666666665,856.5,331,10,19,;,1,class->block->constructor->block->block_content->expr_stmt
2,137,rectangle_java2.jpg,rectangle_java2.jpg,6242598070,96,775.8083333333333,392.40791666666667,730.5,404,71,19,this.x2,7,class->block->constructor->block->block_content->expr_stmt->expr->name->name->operator->name
2,137,rectangle_java2.jpg,rectangle_java2.jpg,6242710087,108,770.6688888888889,402.37666666666667,730.5,404,71,19,this.x2,7,class->block->constructor->block->block_content->expr_stmt->expr->name->name->operator->name
2,137,rectangle_java2.jpg,rectangle_java2.jpg,6242882099,92,841.1082608695652,415.8299999999999,826.5,404,23,19,x2,2,class->block->constructor->block->block_content->expr_stmt->expr->name->name
2,137,rectangle_java2.jpg,rectangle_java2.jpg,6243061981,80,837.0685,420.19949999999994,826.5,404,23,19,x2,2,class->block->constructor->block->block_content->expr_stmt->expr->name->name
2,137,rectangle_java2.jpg,rectangle_java2.jpg,6243261961,96,821.6366666666667,437.9020833333334,826.5,440,23,21,y2,2,class->block->constructor->block->block_content->expr_stmt->expr->name->name
2,137,rectangle_java2.jpg,rectangle_java2.jpg,6243401983,100,822.0436,433.78240000000005,826.5,440,23,21,y2,2,class->block->constructor->block->block_content->expr_stmt->expr->name->name
2,137,rectangle_java2.jpg,rectangle_java2.jpg,6244789959,60,853.806,436.43399999999997,856.5,440,10,21,;,1,class->block->constructor->block->block_content->expr_stmt
2,137,rectangle_java2.jpg,rectangle_java2.jpg,6245701793,104,826.6696153846154,441.99961538461537,826.5,440,23,21,y2,2,class->block->constructor->block->block_content->expr_stmt->expr->name->name
2,137,rectangle_java2.jpg,rectangle_java2.jpg,6247205767,68,840.775294117647,501.21352941176474,837.5,512,9,21,(,1,class->block->function->parameter_list
2,137,rectangle_java2.jpg,rectangle_java2.jpg,6247489733,64,1017.1975,518.425,958.5,512,71,21,this.x2,7,class->block->function->block->block_content->return->expr->name->name->operator->name->operator
2,137,rectangle_java2.jpg,rectangle_java2.jpg,6247917731,124,1092.9235483870968,525.3277419354839,1054.5,512,71,21,this.x1,7,class->block->function->block->block_content->return->expr->name->name->operator->name
2,137,rectangle_java2.jpg,rectangle_java2.jpg,6248289737,84,866.5042857142857,518.1557142857143,874.5,512,10,21,{,1,class->block->function->block
2,137,rectangle_java2.jpg,rectangle_java2.jpg,6248529771,56,806.2542857142857,409.6564285714286,806.5,404,15,19,=,1,class->block->constructor->block->block_content->expr_stmt->expr->operator
2,137,rectangle_java2.jpg,rectangle_java2.jpg,6248669706,88,802.2936363636363,405.30227272727274,806.5,404,15,19,=,1,class->block->constructor->block->block_content->expr_stmt->expr->operator
2,137,rectangle_java2.jpg,rectangle_java2.jpg,6250245525,100,1112.1692,511.802,1054.5,512,71,21,this.x1,7,class->block->function->block->block_content->return->expr->name->name->operator->name
2,137,rectangle_java2.jpg,rectangle_java2.jpg,6250393563,100,842.842,632.318,804.5,621,44,21,void,4,class->block->function->type->name
2,137,rectangle_java2.jpg,rectangle_java2.jpg,6250393563,100,842.842,632.318,851.5,621,44,21,main,4,class->block->function->name
2,137,rectangle_java2.jpg,rectangle_java2.jpg,6250501590,84,848.5652380952381,628.6304761904762,851.5,621,44,21,main,4,class->block->function->name
2,137,rectangle_java2.jpg,rectangle_java2.jpg,6250629461,68,926.7970588235294,641.1605882352941,920.5,621,62,21,String,6,class->block->function->parameter_list->parameter->decl->type->name->name
2,137,rectangle_java2.jpg,rectangle_java2.jpg,6250713363,80,930.4815,637.761,920.5,621,62,21,String,6,class->block->function->parameter_list->parameter->decl->type->name->name
2,137,rectangle_java2.jpg,rectangle_java2.jpg,6250789351,72,922.9227777777778,638.0383333333333,920.5,621,62,21,String,6,class->block->function->parameter_list->parameter->decl->type->name->name
2,137,rectangle_java2.jpg,rectangle_java2.jpg,6251157408,132,968.2442424242424,651.7457575757576,941.5,658,91,20,Rectangle,9,class->block->function->block->block_content->decl_stmt->decl->init->expr->call->name
2,137,rectangle_java2.jpg,rectangle_java2.jpg,6251509421,200,1052.6724,657.6064,1057.5,658,13,20,0,1,class->block->function->block->block_content->decl_stmt->decl->init->expr->call->argument_list->argument->expr->literal
2,137,rectangle_java2.jpg,rectangle_java2.jpg,6251629404,84,1062.8161904761905,650.5938095238096,1057.5,658,13,20,0,1,class->block->function->block->block_content->decl_stmt->decl->init->expr->call->argument_list->argument->expr->literal
2,137,rectangle_java2.jpg,rectangle_java2.jpg,6251801417,68,1131.0535294117647,647.0176470588235,1134.5,658,22,20,10,2,class->block->function->block->block_content->decl_stmt->decl->init->expr->call->argument_list->argument->expr->literal
2,137,rectangle_java2.jpg,rectangle_java2.jpg,6251881417,76,1125.1842105263158,646.3684210526316,1115.5,658,10,20,",",1,class->block->function->block->block_content->decl_stmt->decl->init->expr->call->argument_list
2,137,rectangle_java2.jpg,rectangle_java2.jpg,6251881417,76,1125.1842105263158,646.3684210526316,1134.5,658,22,20,10,2,class->block->function->block->block_content->decl_stmt->decl->init->expr->call->argument_list->argument->expr->literal
2,137,rectangle_java2.jpg,rectangle_java2.jpg,6252017415,56,1160.2378571428571,649.4521428571429,1163.5,658,10,20,",",1,class->block->function->block->block_content->decl_stmt->decl->init->expr->call->argument_list
2,137,rectangle_java2.jpg,rectangle_java2.jpg,6252149429,76,1164.2952631578946,648.8257894736843,1163.5,658,10,20,",",1,class->block->function->block->block_content->decl_stmt->decl->init->expr->call->argument_list
2,137,rectangle_java2.jpg,rectangle_java2.jpg,6252257454,68,1150.1905882352942,653.2276470588235,1134.5,658,22,20,10,2,class->block->function->block->block_content->decl_stmt->decl->init->expr->call->argument_list->argument->expr->literal
2,137,rectangle_java2.jpg,rectangle_java2.jpg,6252353486,72,1185.0383333333334,648.2261111111111,1182.5,658,22,20,10,2,class->block->function->block->block_content->decl_stmt->decl->init->expr->call->argument_list->argument->expr->literal
2,137,rectangle_java2.jpg,rectangle_java2.jpg,6252561319,76,1197.6631578947367,652.62,1182.5,658,22,20,10,2,class->block->function->block->block_content->decl_stmt->decl->init->expr->call->argument_list->argument->expr->literal
2,137,rectangle_java2.jpg,rectangle_java2.jpg,6253701273,64,899.04875,651.706875,902.5,658,34,20,new,3,class->block->function->block->block_content->decl_stmt->decl->init->expr->operator
2,137,rectangle_java2.jpg,rectangle_java2.jpg,6253849284,104,859.3676923076923,640.1726923076923,851.5,621,44,21,main,4,class->block->function->name
2,137,rectangle_java2.jpg,rectangle_java2.jpg,6253917307,64,848.11,639.6693750000001,804.5,621,44,21,void,4,class->block->function->type->name
2,137,rectangle_java2.jpg,rectangle_java2.jpg,6253917307,64,848.11,639.6693750000001,851.5,621,44,21,main,4,class->block->function->name
2,137,rectangle_java2.jpg,rectangle_java2.jpg,6254029337,108,853.1188888888889,635.2851851851852,851.5,621,44,21,main,4,class->block->function->name
2,137,rectangle_java2.jpg,rectangle_java2.jpg,6254265304,148,956.4351351351352,634.5024324324324,920.5,621,62,21,String,6,class->block->function->parameter_list->parameter->decl->type->name->name
2,137,rectangle_java2.jpg,rectangle_java2.jpg,6254505209,88,956.9181818181818,639.6445454545454,920.5,621,62,21,String,6,class->block->function->parameter_list->parameter->decl->type->name->name
2,137,rectangle_java2.jpg,rectangle_java2.jpg,6254769205,56,915.12,641.5978571428572,920.5,621,62,21,String,6,class->block->function->parameter_list->parameter->decl->type->name->name
2,137,rectangle_java2.jpg,rectangle_java2.jpg,6254889175,64,922.5806249999999,640.994375,920.5,621,62,21,String,6,class->block->function->parameter_list->parameter->decl->type->name->name
2,137,rectangle_java2.jpg,rectangle_java2.jpg,6255145152,124,1102.852258064516,635.8912903225806,1094.5,621,10,21,{,1,class->block->function->block
2,137,rectangle_java2.jpg,rectangle_java2.jpg,6256105179,80,863.1735,729.6525,826.5,731,51,20,rect2,5,class->block->function->block->block_content->decl_stmt->decl->name
2,137,rectangle_java2.jpg,rectangle_java2.jpg,6256453107,88,916.8313636363637,709.2504545454545,916.5,694,9,21,(,1,class->block->function->block->block_content->expr_stmt->expr->call->argument_list
2,137,rectangle_java2.jpg,rectangle_java2.jpg,6256765004,104,927.8219230769231,693.8323076923077,932.5,694,100,21,rect1.area,10,class->block->function->block->block_content->expr_stmt->expr->call->argument_list->argument->expr->call->name->name->operator->name
2,137,rectangle_java2.jpg,rectangle_java2.jpg,6256945014,68,841.2717647058823,625.5582352941176,804.5,621,44,21,void,4,class->block->function->type->name
2,137,rectangle_java2.jpg,rectangle_java2.jpg,6256945014,68,841.2717647058823,625.5582352941176,851.5,621,44,21,main,4,class->block->function->name
2,137,rectangle_java2.jpg,rectangle_java2.jpg,6257092975,144,848.4647222222222,621.8341666666666,804.5,621,44,21,void,4,class->block->function->type->name
2,137,rectangle_java2.jpg,rectangle_java2.jpg,6257092975,144,848.4647222222222,621.8341666666666,851.5,621,44,21,main,4,class->block->function->name
2,137,rectangle_java2.jpg,rectangle_java2.jpg,6257213023,64,854.906875,624.961875,851.5,621,44,21,main,4,class->block->function->name
2,137,rectangle_java2.jpg,rectangle_java2.jpg,6257533082,132,1074.4281818181819,625.1866666666667,1074.5,621,10,21,),1,class->block->function->parameter_list
2,137,rectangle_java2.jpg,rectangle_java2.jpg,6257637087,100,1056.8424,630.974,1025.5,621,42,21,args,4,class->block->function->parameter_list->parameter->decl->name
2,137,rectangle_java2.jpg,rectangle_java2.jpg,6257757072,116,1059.6320689655172,628.5503448275862,1025.5,621,42,21,args,4,class->block->function->parameter_list->parameter->decl->name
2,137,rectangle_java2.jpg,rectangle_java2.jpg,6258528815,56,958.485,579.5442857142857,910.5,585,62,21,return,6,class->block->function->block->block_content->return
2,137,rectangle_java2.jpg,rectangle_java2.jpg,6258652869,68,968.2747058823529,555.4835294117647,968.5,549,70,21,this.y2,7,class->block->function->block->block_content->return->expr->name->name->operator->name
2,137,rectangle_java2.jpg,rectangle_java2.jpg,6258900903,72,878.2161111111111,694.0238888888889,730.5,694,177,21,System.out.println,18,class->block->function->block->block_content->expr_stmt->expr->call->name->name->operator->name->operator->name
2,137,rectangle_java2.jpg,rectangle_java2.jpg,6259024936,120,871.971,697.0126666666666,730.5,694,177,21,System.out.println,18,class->block->function->block->block_content->expr_stmt->expr->call->name->name->operator->name->operator->name
2,137,rectangle_java2.jpg,rectangle_java2.jpg,6259448959,84,837.8757142857143,408.1480952380952,826.5,404,23,19,x2,2,class->block->constructor->block->block_content->expr_stmt->expr->name->name
2,137,rectangle_java2.jpg,rectangle_java2.jpg,6263528659,72,825.03,253.3777777777778,815.5,259,10,21,",",1,class->block->decl_stmt
2,137,rectangle_java2.jpg,rectangle_java2.jpg,6263528659,72,825.03,253.3777777777778,833.5,259,23,21,y1,2,class->block->decl_stmt->decl->name
2,137,rectangle_java2.jpg,rectangle_java2.jpg,6264912520,192,867.5222916666667,253.42770833333333,863.5,259,10,21,",",1,class->block->decl_stmt
2,137,rectangle_java2.jpg,rectangle_java2.jpg,6266600488,64,906.14,771.415625,730.5,766,177,21,System.out.println,18,class->block->function->block->block_content->expr_stmt->expr->call->name->name->operator->name->operator->name
2,137,rectangle_java2.jpg,rectangle_java2.jpg,6266600488,64,906.14,771.415625,916.5,766,9,21,(,1,class->block->function->block->block_content->expr_stmt->expr->call->argument_list
