trial,participant,code_file,code_language,timestamp,duration,x_cord,y_cord,aoi_x,aoi_y,aoi_width,aoi_height,token,length,srcML
2,13,rectangle_java2.jpg,rectangle_java2.jpg,359693402,208,746.2251923076923,392.84673076923076,730.5,404,71,19,this.x2,7,class->block->constructor->block->block_content->expr_stmt->expr->name->name->operator->name
2,13,rectangle_java2.jpg,rectangle_java2.jpg,359841401,84,734.9933333333333,266.4952380952381,669.5,259,72,21,private,7,class->block->decl_stmt->decl->type->specifier
2,13,rectangle_java2.jpg,rectangle_java2.jpg,360073041,180,692.7704444444445,240.8888888888889,657.5,222,52,21,class,5,class
2,13,rectangle_java2.jpg,rectangle_java2.jpg,360249594,172,667.6993023255814,237.97093023255815,657.5,222,52,21,class,5,class
2,13,rectangle_java2.jpg,rectangle_java2.jpg,360313515,60,667.03,230.77533333333332,657.5,222,52,21,class,5,class
2,13,rectangle_java2.jpg,rectangle_java2.jpg,360581432,196,749.131224489796,236.4477551020408,715.5,222,90,21,Rectangle,9,class->name
2,13,rectangle_java2.jpg,rectangle_java2.jpg,360777448,152,775.8028947368421,265.07131578947366,747.5,259,33,21,int,3,class->block->decl_stmt->decl->type->name
2,13,rectangle_java2.jpg,rectangle_java2.jpg,360777448,152,775.8028947368421,265.07131578947366,785.5,259,23,21,x1,2,class->block->decl_stmt->decl->name
2,13,rectangle_java2.jpg,rectangle_java2.jpg,361013364,208,724.8363461538462,272.39307692307693,669.5,259,72,21,private,7,class->block->decl_stmt->decl->type->specifier
2,13,rectangle_java2.jpg,rectangle_java2.jpg,361373212,68,877.1711764705882,290.3929411764706,853.5,295,32,21,int,3,class->block->constructor->parameter_list->parameter->decl->type->name
2,13,rectangle_java2.jpg,rectangle_java2.jpg,362129217,160,819.95075,258.9245,815.5,259,10,21,",",1,class->block->decl_stmt
2,13,rectangle_java2.jpg,rectangle_java2.jpg,362225199,92,816.7717391304348,260.56652173913045,815.5,259,10,21,",",1,class->block->decl_stmt
2,13,rectangle_java2.jpg,rectangle_java2.jpg,362420908,192,827.1335416666667,257.88,833.5,259,23,21,y1,2,class->block->decl_stmt->decl->name
2,13,rectangle_java2.jpg,rectangle_java2.jpg,362608858,184,834.5160869565218,268.80739130434785,833.5,259,23,21,y1,2,class->block->decl_stmt->decl->name
2,13,rectangle_java2.jpg,rectangle_java2.jpg,362957032,104,816.2265384615384,272.6723076923077,815.5,259,10,21,",",1,class->block->decl_stmt
2,13,rectangle_java2.jpg,rectangle_java2.jpg,363133124,68,817.3723529411765,277.5917647058823,815.5,259,10,21,",",1,class->block->decl_stmt
2,13,rectangle_java2.jpg,rectangle_java2.jpg,363225112,88,840.5118181818182,276.13954545454544,833.5,259,23,21,y1,2,class->block->decl_stmt->decl->name
2,13,rectangle_java2.jpg,rectangle_java2.jpg,363561151,96,765.8133333333333,260.16541666666666,747.5,259,33,21,int,3,class->block->decl_stmt->decl->type->name
2,13,rectangle_java2.jpg,rectangle_java2.jpg,363669185,104,771.7934615384615,275.98,747.5,259,33,21,int,3,class->block->decl_stmt->decl->type->name
2,13,rectangle_java2.jpg,rectangle_java2.jpg,363857159,128,918.2675,295.13625,921.5,295,9,21,",",1,class->block->constructor->parameter_list
2,13,rectangle_java2.jpg,rectangle_java2.jpg,364045142,148,1032.051891891892,299.49135135135134,1025.5,295,33,21,int,3,class->block->constructor->parameter_list->parameter->decl->type->name
2,13,rectangle_java2.jpg,rectangle_java2.jpg,364141113,76,1126.498947368421,298.38157894736844,1112.5,295,33,21,int,3,class->block->constructor->parameter_list->parameter->decl->type->name
2,13,rectangle_java2.jpg,rectangle_java2.jpg,364277023,132,1137.5472727272727,304.3660606060606,1112.5,295,33,21,int,3,class->block->constructor->parameter_list->parameter->decl->type->name
2,13,rectangle_java2.jpg,rectangle_java2.jpg,364420990,88,1082.2495454545456,296.7909090909091,1063.5,295,23,21,x2,2,class->block->constructor->parameter_list->parameter->decl->type->name
2,13,rectangle_java2.jpg,rectangle_java2.jpg,364420990,88,1082.2495454545456,296.7909090909091,1094.5,295,9,21,",",1,class->block->constructor->parameter_list
2,13,rectangle_java2.jpg,rectangle_java2.jpg,364492986,68,1075.6535294117648,310.95,1063.5,295,23,21,x2,2,class->block->constructor->parameter_list->parameter->decl->type->name
2,13,rectangle_java2.jpg,rectangle_java2.jpg,364625014,64,975.13625,300.184375,977.5,295,23,21,y1,2,class->block->constructor->parameter_list->parameter->decl->type->name
2,13,rectangle_java2.jpg,rectangle_java2.jpg,364793021,164,978.5946341463415,307.8141463414634,977.5,295,23,21,y1,2,class->block->constructor->parameter_list->parameter->decl->type->name
2,13,rectangle_java2.jpg,rectangle_java2.jpg,364909007,112,963.0517857142858,311.9346428571429,939.5,295,33,21,int,3,class->block->constructor->parameter_list->parameter->decl->type->name
2,13,rectangle_java2.jpg,rectangle_java2.jpg,365144991,188,802.1134042553191,340.09744680851065,806.5,331,15,19,=,1,class->block->constructor->block->block_content->expr_stmt->expr->operator
2,13,rectangle_java2.jpg,rectangle_java2.jpg,365348992,200,788.7916,346.107,730.5,331,71,19,this.x1,7,class->block->constructor->block->block_content->expr_stmt->expr->name->name->operator->name
2,13,rectangle_java2.jpg,rectangle_java2.jpg,365613017,180,838.99,339.9942222222222,826.5,331,23,19,x1,2,class->block->constructor->block->block_content->expr_stmt->expr->name->name
2,13,rectangle_java2.jpg,rectangle_java2.jpg,365732940,84,835.88,383.37619047619046,826.5,367,23,21,y1,2,class->block->constructor->block->block_content->expr_stmt->expr->name->name
2,13,rectangle_java2.jpg,rectangle_java2.jpg,365896678,160,831.36825,387.345,826.5,367,23,21,y1,2,class->block->constructor->block->block_content->expr_stmt->expr->name->name
2,13,rectangle_java2.jpg,rectangle_java2.jpg,366344930,236,785.4738983050847,510.3425423728813,775.5,512,53,21,width,5,class->block->function->name
2,13,rectangle_java2.jpg,rectangle_java2.jpg,366476870,60,844.1346666666667,532.716,837.5,512,9,21,(,1,class->block->function->parameter_list
2,13,rectangle_java2.jpg,rectangle_java2.jpg,366476870,60,844.1346666666667,532.716,854.5,512,9,21,),1,class->block->function->parameter_list
2,13,rectangle_java2.jpg,rectangle_java2.jpg,367404704,104,1014.2446153846154,505.2992307692307,958.5,512,71,21,this.x2,7,class->block->function->block->block_content->return->expr->name->name->operator->name->operator
2,13,rectangle_java2.jpg,rectangle_java2.jpg,367576641,168,1016.9740476190476,507.192380952381,958.5,512,71,21,this.x2,7,class->block->function->block->block_content->return->expr->name->name->operator->name->operator
2,13,rectangle_java2.jpg,rectangle_java2.jpg,367885356,284,1084.322676056338,506.1808450704225,1054.5,512,71,21,this.x1,7,class->block->function->block->block_content->return->expr->name->name->operator->name
2,13,rectangle_java2.jpg,rectangle_java2.jpg,367969249,80,1087.6765,512.527,1054.5,512,71,21,this.x1,7,class->block->function->block->block_content->return->expr->name->name->operator->name
2,13,rectangle_java2.jpg,rectangle_java2.jpg,368041044,68,1089.9882352941177,514.7876470588235,1054.5,512,71,21,this.x1,7,class->block->function->block->block_content->return->expr->name->name->operator->name
2,13,rectangle_java2.jpg,rectangle_java2.jpg,368112869,68,1057.6870588235295,515.494705882353,1054.5,512,71,21,this.x1,7,class->block->function->block->block_content->return->expr->name->name->operator->name
2,13,rectangle_java2.jpg,rectangle_java2.jpg,368320764,204,1048.7176470588236,515.3627450980392,1054.5,512,71,21,this.x1,7,class->block->function->block->block_content->return->expr->name->name->operator->name
2,13,rectangle_java2.jpg,rectangle_java2.jpg,368412721,72,798.9661111111111,516.5505555555555,775.5,512,53,21,width,5,class->block->function->name
2,13,rectangle_java2.jpg,rectangle_java2.jpg,368540692,124,794.5322580645161,518.3493548387097,775.5,512,53,21,width,5,class->block->function->name
2,13,rectangle_java2.jpg,rectangle_java2.jpg,368792753,152,756.623947368421,505.00263157894733,737.5,512,33,21,int,3,class->block->function->type->name
2,13,rectangle_java2.jpg,rectangle_java2.jpg,370268605,288,1106.3083333333334,501.2481944444444,1054.5,512,71,21,this.x1,7,class->block->function->block->block_content->return->expr->name->name->operator->name
2,13,rectangle_java2.jpg,rectangle_java2.jpg,370352638,80,1079.1185,504.48749999999995,1054.5,512,71,21,this.x1,7,class->block->function->block->block_content->return->expr->name->name->operator->name
2,13,rectangle_java2.jpg,rectangle_java2.jpg,370532541,176,1069.2518181818182,509.0799999999999,1054.5,512,71,21,this.x1,7,class->block->function->block->block_content->return->expr->name->name->operator->name
2,13,rectangle_java2.jpg,rectangle_java2.jpg,370668507,132,1069.3048484848484,519.6754545454545,1054.5,512,71,21,this.x1,7,class->block->function->block->block_content->return->expr->name->name->operator->name
2,13,rectangle_java2.jpg,rectangle_java2.jpg,370924534,228,1011.8831578947369,541.5647368421053,968.5,549,70,21,this.y2,7,class->block->function->block->block_content->return->expr->name->name->operator->name
2,13,rectangle_java2.jpg,rectangle_java2.jpg,371228455,300,1027.1185333333333,547.0969333333334,968.5,549,70,21,this.y2,7,class->block->function->block->block_content->return->expr->name->name->operator->name
2,13,rectangle_java2.jpg,rectangle_java2.jpg,371340462,80,1090.92,564.0305,1064.5,549,71,21,this.y1,7,class->block->function->block->block_content->return->expr->name->name->operator->name
2,13,rectangle_java2.jpg,rectangle_java2.jpg,371460484,116,1096.166551724138,556.6879310344827,1064.5,549,71,21,this.y1,7,class->block->function->block->block_content->return->expr->name->name->operator->name
2,13,rectangle_java2.jpg,rectangle_java2.jpg,371720452,256,1102.725,552.49828125,1064.5,549,71,21,this.y1,7,class->block->function->block->block_content->return->expr->name->name->operator->name
2,13,rectangle_java2.jpg,rectangle_java2.jpg,372016402,224,1035.9103571428573,565.0630357142858,968.5,549,70,21,this.y2,7,class->block->function->block->block_content->return->expr->name->name->operator->name
2,13,rectangle_java2.jpg,rectangle_java2.jpg,372016402,224,1035.9103571428573,565.0630357142858,1045.5,549,13,21,-,1,class->block->function->block->block_content->return->expr->operator
2,13,rectangle_java2.jpg,rectangle_java2.jpg,372076348,56,1066.347142857143,553.8635714285714,1064.5,549,71,21,this.y1,7,class->block->function->block->block_content->return->expr->name->name->operator->name
2,13,rectangle_java2.jpg,rectangle_java2.jpg,372288256,208,1069.691923076923,560.3278846153846,1064.5,549,71,21,this.y1,7,class->block->function->block->block_content->return->expr->name->name->operator->name
2,13,rectangle_java2.jpg,rectangle_java2.jpg,372408316,84,1016.837619047619,562.8066666666666,968.5,549,70,21,this.y2,7,class->block->function->block->block_content->return->expr->name->name->operator->name
2,13,rectangle_java2.jpg,rectangle_java2.jpg,372740371,64,783.96,527.595625,775.5,512,53,21,width,5,class->block->function->name
2,13,rectangle_java2.jpg,rectangle_java2.jpg,372872354,84,745.8190476190476,551.8519047619047,737.5,549,33,21,int,3,class->block->function->type->name
2,13,rectangle_java2.jpg,rectangle_java2.jpg,372980349,104,739.8126923076923,558.7746153846153,737.5,549,33,21,int,3,class->block->function->type->name
2,13,rectangle_java2.jpg,rectangle_java2.jpg,373196467,180,788.8006666666666,566.3502222222222,775.5,549,62,21,height,6,class->block->function->name
2,13,rectangle_java2.jpg,rectangle_java2.jpg,373268563,68,802.3705882352941,574.5876470588236,804.5,585,43,21,area,4,class->block->function->name
2,13,rectangle_java2.jpg,rectangle_java2.jpg,373500323,192,855.92375,584.2864583333334,856.5,585,9,21,(,1,class->block->function->parameter_list
2,13,rectangle_java2.jpg,rectangle_java2.jpg,373720190,200,957.3734000000001,586.5144,910.5,585,62,21,return,6,class->block->function->block->block_content->return
2,13,rectangle_java2.jpg,rectangle_java2.jpg,373976252,196,1026.8491836734695,581.2869387755102,977.5,585,101,21,this.width,10,class->block->function->block->block_content->return->expr->call->name->name->operator->name
2,13,rectangle_java2.jpg,rectangle_java2.jpg,374192308,172,1078.6646511627907,582.2346511627907,1086.5,585,10,21,(,1,class->block->function->block->block_content->return->expr->call->argument_list
2,13,rectangle_java2.jpg,rectangle_java2.jpg,374424233,220,1155.6856363636364,581.5487272727273,1140.5,585,110,21,this.height,11,class->block->function->block->block_content->return->expr->call->name->name->operator->name
2,13,rectangle_java2.jpg,rectangle_java2.jpg,374592249,164,1161.4839024390244,577.4443902439025,1140.5,585,110,21,this.height,11,class->block->function->block->block_content->return->expr->call->name->name->operator->name
2,13,rectangle_java2.jpg,rectangle_java2.jpg,374712476,104,1050.5584615384616,587.0569230769231,977.5,585,101,21,this.width,10,class->block->function->block->block_content->return->expr->call->name->name->operator->name
2,13,rectangle_java2.jpg,rectangle_java2.jpg,374888754,172,1051.7011627906977,591.6493023255814,977.5,585,101,21,this.width,10,class->block->function->block->block_content->return->expr->call->name->name->operator->name
2,13,rectangle_java2.jpg,rectangle_java2.jpg,375192058,276,1159.179420289855,591.1814492753623,1140.5,585,110,21,this.height,11,class->block->function->block->block_content->return->expr->call->name->name->operator->name
2,13,rectangle_java2.jpg,rectangle_java2.jpg,375416001,184,1194.963043478261,588.6167391304348,1140.5,585,110,21,this.height,11,class->block->function->block->block_content->return->expr->call->name->name->operator->name
2,13,rectangle_java2.jpg,rectangle_java2.jpg,375740101,232,989.688275862069,595.9655172413793,977.5,585,101,21,this.width,10,class->block->function->block->block_content->return->expr->call->name->name->operator->name
2,13,rectangle_java2.jpg,rectangle_java2.jpg,375812119,68,1013.1329411764706,596.5364705882353,977.5,585,101,21,this.width,10,class->block->function->block->block_content->return->expr->call->name->name->operator->name
2,13,rectangle_java2.jpg,rectangle_java2.jpg,375980110,116,992.2148275862069,598.9844827586206,977.5,585,101,21,this.width,10,class->block->function->block->block_content->return->expr->call->name->name->operator->name
2,13,rectangle_java2.jpg,rectangle_java2.jpg,376104089,76,980.4726315789474,592.2473684210527,977.5,585,101,21,this.width,10,class->block->function->block->block_content->return->expr->call->name->name->operator->name
2,13,rectangle_java2.jpg,rectangle_java2.jpg,376220104,112,992.4978571428571,599.0210714285714,977.5,585,101,21,this.width,10,class->block->function->block->block_content->return->expr->call->name->name->operator->name
2,13,rectangle_java2.jpg,rectangle_java2.jpg,376416120,168,1214.467619047619,593.4047619047619,1140.5,585,110,21,this.height,11,class->block->function->block->block_content->return->expr->call->name->name->operator->name
2,13,rectangle_java2.jpg,rectangle_java2.jpg,376588086,140,1267.9977142857142,590.7265714285714,1259.5,585,9,21,(,1,class->block->function->block->block_content->return->expr->call->argument_list
2,13,rectangle_java2.jpg,rectangle_java2.jpg,376588086,140,1267.9977142857142,590.7265714285714,1276.5,585,9,21,),1,class->block->function->block->block_content->return->expr->call->argument_list
2,13,rectangle_java2.jpg,rectangle_java2.jpg,376847772,204,788.8829411764706,626.0515686274509,738.5,621,61,21,static,6,class->block->function->type->specifier
2,13,rectangle_java2.jpg,rectangle_java2.jpg,376955748,104,782.6488461538462,633.2457692307693,738.5,621,61,21,static,6,class->block->function->type->specifier
2,13,rectangle_java2.jpg,rectangle_java2.jpg,377135888,128,864.7175,639.025625,851.5,621,44,21,main,4,class->block->function->name
2,13,rectangle_java2.jpg,rectangle_java2.jpg,377459956,96,969.7529166666667,579.42625,910.5,585,62,21,return,6,class->block->function->block->block_content->return
2,13,rectangle_java2.jpg,rectangle_java2.jpg,377459956,96,969.7529166666667,579.42625,977.5,585,101,21,this.width,10,class->block->function->block->block_content->return->expr->call->name->name->operator->name
2,13,rectangle_java2.jpg,rectangle_java2.jpg,377571933,80,1001.554,610.8345,1007.5,621,10,21,],1,class->block->function->parameter_list->parameter->decl->type->name->index
2,13,rectangle_java2.jpg,rectangle_java2.jpg,377687887,112,1008.1957142857143,613.6925,1007.5,621,10,21,],1,class->block->function->parameter_list->parameter->decl->type->name->index
2,13,rectangle_java2.jpg,rectangle_java2.jpg,377827916,136,1001.8841176470588,612.1735294117647,1007.5,621,10,21,],1,class->block->function->parameter_list->parameter->decl->type->name->index
2,13,rectangle_java2.jpg,rectangle_java2.jpg,377923976,92,1005.4421739130435,621.684347826087,1007.5,621,10,21,],1,class->block->function->parameter_list->parameter->decl->type->name->index
2,13,rectangle_java2.jpg,rectangle_java2.jpg,378016140,88,980.8709090909091,620.6813636363636,920.5,621,62,21,String,6,class->block->function->parameter_list->parameter->decl->type->name->name
2,13,rectangle_java2.jpg,rectangle_java2.jpg,378016140,88,980.8709090909091,620.6813636363636,990.5,621,10,21,[,1,class->block->function->parameter_list->parameter->decl->type->name->index
2,13,rectangle_java2.jpg,rectangle_java2.jpg,378140221,120,976.7043333333334,626.3253333333333,920.5,621,62,21,String,6,class->block->function->parameter_list->parameter->decl->type->name->name
2,13,rectangle_java2.jpg,rectangle_java2.jpg,378283962,140,993.654,623.3934285714286,990.5,621,10,21,[,1,class->block->function->parameter_list->parameter->decl->type->name->index
2,13,rectangle_java2.jpg,rectangle_java2.jpg,378480035,192,982.1754166666667,623.6025,920.5,621,62,21,String,6,class->block->function->parameter_list->parameter->decl->type->name->name
2,13,rectangle_java2.jpg,rectangle_java2.jpg,378480035,192,982.1754166666667,623.6025,990.5,621,10,21,[,1,class->block->function->parameter_list->parameter->decl->type->name->index
2,13,rectangle_java2.jpg,rectangle_java2.jpg,378559994,76,980.05,622.4642105263158,920.5,621,62,21,String,6,class->block->function->parameter_list->parameter->decl->type->name->name
2,13,rectangle_java2.jpg,rectangle_java2.jpg,378559994,76,980.05,622.4642105263158,990.5,621,10,21,[,1,class->block->function->parameter_list->parameter->decl->type->name->index
2,13,rectangle_java2.jpg,rectangle_java2.jpg,378667842,104,995.3326923076924,630.5184615384616,990.5,621,10,21,[,1,class->block->function->parameter_list->parameter->decl->type->name->index
2,13,rectangle_java2.jpg,rectangle_java2.jpg,378667842,104,995.3326923076924,630.5184615384616,1007.5,621,10,21,],1,class->block->function->parameter_list->parameter->decl->type->name->index
2,13,rectangle_java2.jpg,rectangle_java2.jpg,378999898,100,824.4843999999999,578.1592,804.5,585,43,21,area,4,class->block->function->name
2,13,rectangle_java2.jpg,rectangle_java2.jpg,379324221,144,940.1491666666667,569.0372222222222,900.5,549,63,21,return,6,class->block->function->block->block_content->return
2,13,rectangle_java2.jpg,rectangle_java2.jpg,379491970,104,994.3169230769231,587.205,977.5,585,101,21,this.width,10,class->block->function->block->block_content->return->expr->call->name->name->operator->name
2,13,rectangle_java2.jpg,rectangle_java2.jpg,379875838,108,816.4051851851851,593.8022222222222,804.5,585,43,21,area,4,class->block->function->name
2,13,rectangle_java2.jpg,rectangle_java2.jpg,380123730,188,796.0736170212766,622.8761702127659,738.5,621,61,21,static,6,class->block->function->type->specifier
2,13,rectangle_java2.jpg,rectangle_java2.jpg,380123730,188,796.0736170212766,622.8761702127659,804.5,621,44,21,void,4,class->block->function->type->name
2,13,rectangle_java2.jpg,rectangle_java2.jpg,380351637,192,846.3277083333334,637.361875,804.5,621,44,21,void,4,class->block->function->type->name
2,13,rectangle_java2.jpg,rectangle_java2.jpg,380351637,192,846.3277083333334,637.361875,851.5,621,44,21,main,4,class->block->function->name
2,13,rectangle_java2.jpg,rectangle_java2.jpg,380471649,64,930.4225,646.020625,902.5,658,34,20,new,3,class->block->function->block->block_content->decl_stmt->decl->init->expr->operator
2,13,rectangle_java2.jpg,rectangle_java2.jpg,380471649,64,930.4225,646.020625,941.5,658,91,20,Rectangle,9,class->block->function->block->block_content->decl_stmt->decl->init->expr->call->name
2,13,rectangle_java2.jpg,rectangle_java2.jpg,380803781,104,1037.8488461538461,647.9984615384616,1041.5,658,9,20,(,1,class->block->function->block->block_content->decl_stmt->decl->init->expr->call->argument_list
2,13,rectangle_java2.jpg,rectangle_java2.jpg,381099673,176,1110.8843181818181,649.8581818181818,1115.5,658,10,20,",",1,class->block->function->block->block_content->decl_stmt->decl->init->expr->call->argument_list
2,13,rectangle_java2.jpg,rectangle_java2.jpg,381320015,72,1104.8038888888889,653.7261111111111,1095.5,658,13,20,0,1,class->block->function->block->block_content->decl_stmt->decl->init->expr->call->argument_list->argument->expr->literal
2,13,rectangle_java2.jpg,rectangle_java2.jpg,381320015,72,1104.8038888888889,653.7261111111111,1115.5,658,10,20,",",1,class->block->function->block->block_content->decl_stmt->decl->init->expr->call->argument_list
2,13,rectangle_java2.jpg,rectangle_java2.jpg,381639501,248,1096.6393548387098,657.5067741935484,1095.5,658,13,20,0,1,class->block->function->block->block_content->decl_stmt->decl->init->expr->call->argument_list->argument->expr->literal
2,13,rectangle_java2.jpg,rectangle_java2.jpg,381783480,140,1090.1902857142857,663.0045714285715,1095.5,658,13,20,0,1,class->block->function->block->block_content->decl_stmt->decl->init->expr->call->argument_list->argument->expr->literal
2,13,rectangle_java2.jpg,rectangle_java2.jpg,381931543,124,822.2687096774193,655.5974193548387,826.5,658,52,20,rect1,5,class->block->function->block->block_content->decl_stmt->decl->name
2,13,rectangle_java2.jpg,rectangle_java2.jpg,382063647,128,819.8703125,652.9425,730.5,658,91,20,Rectangle,9,class->block->function->block->block_content->decl_stmt->decl->type->name
2,13,rectangle_java2.jpg,rectangle_java2.jpg,382063647,128,819.8703125,652.9425,826.5,658,52,20,rect1,5,class->block->function->block->block_content->decl_stmt->decl->name
2,13,rectangle_java2.jpg,rectangle_java2.jpg,382383577,136,971.7164705882353,687.3394117647059,932.5,694,100,21,rect1.area,10,class->block->function->block->block_content->expr_stmt->expr->call->argument_list->argument->expr->call->name->name->operator->name
2,13,rectangle_java2.jpg,rectangle_java2.jpg,382539571,152,974.1655263157895,689.2121052631579,932.5,694,100,21,rect1.area,10,class->block->function->block->block_content->expr_stmt->expr->call->argument_list->argument->expr->call->name->name->operator->name
2,13,rectangle_java2.jpg,rectangle_java2.jpg,382715531,172,953.9437209302325,692.903488372093,932.5,694,100,21,rect1.area,10,class->block->function->block->block_content->expr_stmt->expr->call->argument_list->argument->expr->call->name->name->operator->name
2,13,rectangle_java2.jpg,rectangle_java2.jpg,382935523,168,1142.3888095238094,660.8416666666667,1134.5,658,22,20,10,2,class->block->function->block->block_content->decl_stmt->decl->init->expr->call->argument_list->argument->expr->literal
2,13,rectangle_java2.jpg,rectangle_java2.jpg,383019515,80,1112.8275,665.4135,1115.5,658,10,20,",",1,class->block->function->block->block_content->decl_stmt->decl->init->expr->call->argument_list
2,13,rectangle_java2.jpg,rectangle_java2.jpg,383139400,116,1113.76,664.1579310344828,1115.5,658,10,20,",",1,class->block->function->block->block_content->decl_stmt->decl->init->expr->call->argument_list
2,13,rectangle_java2.jpg,rectangle_java2.jpg,383507430,64,1092.529375,621.00375,1094.5,621,10,21,{,1,class->block->function->block
2,13,rectangle_java2.jpg,rectangle_java2.jpg,383599441,88,1078.2254545454546,629.8654545454546,1074.5,621,10,21,),1,class->block->function->parameter_list
2,13,rectangle_java2.jpg,rectangle_java2.jpg,383755426,112,1061.3182142857142,636.0639285714286,1025.5,621,42,21,args,4,class->block->function->parameter_list->parameter->decl->name
2,13,rectangle_java2.jpg,rectangle_java2.jpg,383935450,112,921.7996428571429,645.9078571428571,902.5,658,34,20,new,3,class->block->function->block->block_content->decl_stmt->decl->init->expr->operator
2,13,rectangle_java2.jpg,rectangle_java2.jpg,384187649,248,918.711935483871,652.7361290322581,902.5,658,34,20,new,3,class->block->function->block->block_content->decl_stmt->decl->init->expr->operator
2,13,rectangle_java2.jpg,rectangle_java2.jpg,384363545,104,862.9784615384615,659.6746153846154,826.5,658,52,20,rect1,5,class->block->function->block->block_content->decl_stmt->decl->name
2,13,rectangle_java2.jpg,rectangle_java2.jpg,384483432,100,1071.0648,662.1956,1077.5,658,9,20,",",1,class->block->function->block->block_content->decl_stmt->decl->init->expr->call->argument_list
2,13,rectangle_java2.jpg,rectangle_java2.jpg,384647462,84,897.52,274.6928571428571,881.5,259,23,21,x2,2,class->block->decl_stmt->decl->name
2,13,rectangle_java2.jpg,rectangle_java2.jpg,384711471,60,906.4993333333333,292.426,890.5,295,24,21,x1,2,class->block->constructor->parameter_list->parameter->decl->type->name
2,13,rectangle_java2.jpg,rectangle_java2.jpg,384811469,72,969.6311111111111,300.4716666666667,939.5,295,33,21,int,3,class->block->constructor->parameter_list->parameter->decl->type->name
2,13,rectangle_java2.jpg,rectangle_java2.jpg,384811469,72,969.6311111111111,300.4716666666667,977.5,295,23,21,y1,2,class->block->constructor->parameter_list->parameter->decl->type->name
2,13,rectangle_java2.jpg,rectangle_java2.jpg,384983416,136,890.0817647058824,285.0988235294118,890.5,295,24,21,x1,2,class->block->constructor->parameter_list->parameter->decl->type->name
2,13,rectangle_java2.jpg,rectangle_java2.jpg,385467283,204,952.646862745098,263.51176470588234,959.5,259,10,21,;,1,class->block->decl_stmt
2,13,rectangle_java2.jpg,rectangle_java2.jpg,385615306,144,950.7894444444445,274.25638888888886,929.5,259,23,21,y2,2,class->block->decl_stmt->decl->name
2,13,rectangle_java2.jpg,rectangle_java2.jpg,385615306,144,950.7894444444445,274.25638888888886,959.5,259,10,21,;,1,class->block->decl_stmt
2,13,rectangle_java2.jpg,rectangle_java2.jpg,385863292,208,984.1663461538461,285.45634615384614,977.5,295,23,21,y1,2,class->block->constructor->parameter_list->parameter->decl->type->name
2,13,rectangle_java2.jpg,rectangle_java2.jpg,385955268,88,982.7654545454545,295.8209090909091,977.5,295,23,21,y1,2,class->block->constructor->parameter_list->parameter->decl->type->name
2,13,rectangle_java2.jpg,rectangle_java2.jpg,386019254,60,979.8086666666667,289.83733333333333,977.5,295,23,21,y1,2,class->block->constructor->parameter_list->parameter->decl->type->name
2,13,rectangle_java2.jpg,rectangle_java2.jpg,386147206,124,979.4380645161291,299.6390322580645,977.5,295,23,21,y1,2,class->block->constructor->parameter_list->parameter->decl->type->name
2,13,rectangle_java2.jpg,rectangle_java2.jpg,386255169,104,1036.1884615384615,292.7669230769231,1025.5,295,33,21,int,3,class->block->constructor->parameter_list->parameter->decl->type->name
2,13,rectangle_java2.jpg,rectangle_java2.jpg,386363157,104,1043.9623076923076,295.80961538461537,1025.5,295,33,21,int,3,class->block->constructor->parameter_list->parameter->decl->type->name
2,13,rectangle_java2.jpg,rectangle_java2.jpg,386631108,264,1046.764393939394,290.7693939393939,1025.5,295,33,21,int,3,class->block->constructor->parameter_list->parameter->decl->type->name
2,13,rectangle_java2.jpg,rectangle_java2.jpg,386831146,140,1076.43,548.4911428571429,1064.5,549,71,21,this.y1,7,class->block->function->block->block_content->return->expr->name->name->operator->name
2,13,rectangle_java2.jpg,rectangle_java2.jpg,386999167,136,1095.835882352941,601.7544117647059,1086.5,585,10,21,(,1,class->block->function->block->block_content->return->expr->call->argument_list
2,13,rectangle_java2.jpg,rectangle_java2.jpg,386999167,136,1095.835882352941,601.7544117647059,1103.5,585,9,21,),1,class->block->function->block->block_content->return->expr->call->argument_list
2,13,rectangle_java2.jpg,rectangle_java2.jpg,387191133,132,1083.988787878788,648.9093939393939,1077.5,658,9,20,",",1,class->block->function->block->block_content->decl_stmt->decl->init->expr->call->argument_list
2,13,rectangle_java2.jpg,rectangle_java2.jpg,387191133,132,1083.988787878788,648.9093939393939,1095.5,658,13,20,0,1,class->block->function->block->block_content->decl_stmt->decl->init->expr->call->argument_list->argument->expr->literal
2,13,rectangle_java2.jpg,rectangle_java2.jpg,387375151,152,1132.7247368421054,647.3021052631578,1134.5,658,22,20,10,2,class->block->function->block->block_content->decl_stmt->decl->init->expr->call->argument_list->argument->expr->literal
2,13,rectangle_java2.jpg,rectangle_java2.jpg,387619195,240,1140.0226666666667,662.2166666666667,1134.5,658,22,20,10,2,class->block->function->block->block_content->decl_stmt->decl->init->expr->call->argument_list->argument->expr->literal
2,13,rectangle_java2.jpg,rectangle_java2.jpg,388643031,108,1119.865925925926,655.8581481481482,1115.5,658,10,20,",",1,class->block->function->block->block_content->decl_stmt->decl->init->expr->call->argument_list
2,13,rectangle_java2.jpg,rectangle_java2.jpg,389047022,400,1118.7926,665.9148,1115.5,658,10,20,",",1,class->block->function->block->block_content->decl_stmt->decl->init->expr->call->argument_list
2,13,rectangle_java2.jpg,rectangle_java2.jpg,389282955,232,1116.4303448275862,663.9656896551725,1115.5,658,10,20,",",1,class->block->function->block->block_content->decl_stmt->decl->init->expr->call->argument_list
2,13,rectangle_java2.jpg,rectangle_java2.jpg,389370910,64,927.8175,677.88375,902.5,658,34,20,new,3,class->block->function->block->block_content->decl_stmt->decl->init->expr->operator
2,13,rectangle_java2.jpg,rectangle_java2.jpg,389502861,128,918.54375,684.72875,916.5,694,9,21,(,1,class->block->function->block->block_content->expr_stmt->expr->call->argument_list
2,13,rectangle_java2.jpg,rectangle_java2.jpg,389770857,220,849.5192727272728,695.236,730.5,694,177,21,System.out.println,18,class->block->function->block->block_content->expr_stmt->expr->call->name->name->operator->name->operator->name
2,13,rectangle_java2.jpg,rectangle_java2.jpg,389842844,56,965.8064285714286,701.9264285714286,932.5,694,100,21,rect1.area,10,class->block->function->block->block_content->expr_stmt->expr->call->argument_list->argument->expr->call->name->name->operator->name
2,13,rectangle_java2.jpg,rectangle_java2.jpg,389966839,120,976.173,701.7223333333334,932.5,694,100,21,rect1.area,10,class->block->function->block->block_content->expr_stmt->expr->call->argument_list->argument->expr->call->name->name->operator->name
2,13,rectangle_java2.jpg,rectangle_java2.jpg,390110987,92,1119.458695652174,675.0978260869565,1115.5,658,10,20,",",1,class->block->function->block->block_content->decl_stmt->decl->init->expr->call->argument_list
2,13,rectangle_java2.jpg,rectangle_java2.jpg,390351072,148,1170.5791891891893,665.6327027027027,1163.5,658,10,20,",",1,class->block->function->block->block_content->decl_stmt->decl->init->expr->call->argument_list
2,13,rectangle_java2.jpg,rectangle_java2.jpg,390351072,148,1170.5791891891893,665.6327027027027,1182.5,658,22,20,10,2,class->block->function->block->block_content->decl_stmt->decl->init->expr->call->argument_list->argument->expr->literal
2,13,rectangle_java2.jpg,rectangle_java2.jpg,390586982,232,1164.6055172413794,676.9374137931035,1163.5,658,10,20,",",1,class->block->function->block->block_content->decl_stmt->decl->init->expr->call->argument_list
2,13,rectangle_java2.jpg,rectangle_java2.jpg,390667184,76,1165.2315789473685,668.5273684210526,1163.5,658,10,20,",",1,class->block->function->block->block_content->decl_stmt->decl->init->expr->call->argument_list
2,13,rectangle_java2.jpg,rectangle_java2.jpg,391006896,56,1147.7764285714286,598.535,1140.5,585,110,21,this.height,11,class->block->function->block->block_content->return->expr->call->name->name->operator->name
2,13,rectangle_java2.jpg,rectangle_java2.jpg,391726822,224,866.04625,670.4455357142857,826.5,658,52,20,rect1,5,class->block->function->block->block_content->decl_stmt->decl->name
2,13,rectangle_java2.jpg,rectangle_java2.jpg,391998742,188,952.1253191489362,685.1574468085106,932.5,694,100,21,rect1.area,10,class->block->function->block->block_content->expr_stmt->expr->call->argument_list->argument->expr->call->name->name->operator->name
2,13,rectangle_java2.jpg,rectangle_java2.jpg,392122733,80,999.789,692.445,932.5,694,100,21,rect1.area,10,class->block->function->block->block_content->expr_stmt->expr->call->argument_list->argument->expr->call->name->name->operator->name
2,13,rectangle_java2.jpg,rectangle_java2.jpg,392210723,76,816.7310526315789,690.7731578947369,730.5,694,177,21,System.out.println,18,class->block->function->block->block_content->expr_stmt->expr->call->name->name->operator->name->operator->name
2,13,rectangle_java2.jpg,rectangle_java2.jpg,392426680,212,810.498679245283,692.8352830188679,730.5,694,177,21,System.out.println,18,class->block->function->block->block_content->expr_stmt->expr->call->name->name->operator->name->operator->name
2,13,rectangle_java2.jpg,rectangle_java2.jpg,392618515,164,857.3551219512195,697.3056097560975,730.5,694,177,21,System.out.println,18,class->block->function->block->block_content->expr_stmt->expr->call->name->name->operator->name->operator->name
2,13,rectangle_java2.jpg,rectangle_java2.jpg,392734506,104,966.1176923076923,698.7342307692307,932.5,694,100,21,rect1.area,10,class->block->function->block->block_content->expr_stmt->expr->call->argument_list->argument->expr->call->name->name->operator->name
2,13,rectangle_java2.jpg,rectangle_java2.jpg,392950595,212,967.087358490566,697.5667924528302,932.5,694,100,21,rect1.area,10,class->block->function->block->block_content->expr_stmt->expr->call->argument_list->argument->expr->call->name->name->operator->name
2,13,rectangle_java2.jpg,rectangle_java2.jpg,393302530,60,978.0433333333333,650.5453333333334,941.5,658,91,20,Rectangle,9,class->block->function->block->block_content->decl_stmt->decl->init->expr->call->name
2,13,rectangle_java2.jpg,rectangle_java2.jpg,393410495,104,978.4076923076923,660.8276923076924,941.5,658,91,20,Rectangle,9,class->block->function->block->block_content->decl_stmt->decl->init->expr->call->name
2,13,rectangle_java2.jpg,rectangle_java2.jpg,393542532,128,961.2159375,674.48125,941.5,658,91,20,Rectangle,9,class->block->function->block->block_content->decl_stmt->decl->init->expr->call->name
2,13,rectangle_java2.jpg,rectangle_java2.jpg,393602554,56,966.6221428571429,673.2507142857143,941.5,658,91,20,Rectangle,9,class->block->function->block->block_content->decl_stmt->decl->init->expr->call->name
2,13,rectangle_java2.jpg,rectangle_java2.jpg,393858615,252,958.6612698412698,682.5433333333333,932.5,694,100,21,rect1.area,10,class->block->function->block->block_content->expr_stmt->expr->call->argument_list->argument->expr->call->name->name->operator->name
2,13,rectangle_java2.jpg,rectangle_java2.jpg,393930613,68,971.23,690.0376470588235,932.5,694,100,21,rect1.area,10,class->block->function->block->block_content->expr_stmt->expr->call->argument_list->argument->expr->call->name->name->operator->name
2,13,rectangle_java2.jpg,rectangle_java2.jpg,394218377,248,1007.5667741935483,699.8445161290323,932.5,694,100,21,rect1.area,10,class->block->function->block->block_content->expr_stmt->expr->call->argument_list->argument->expr->call->name->name->operator->name
2,13,rectangle_java2.jpg,rectangle_java2.jpg,394362398,140,976.9745714285714,700.616,932.5,694,100,21,rect1.area,10,class->block->function->block->block_content->expr_stmt->expr->call->argument_list->argument->expr->call->name->name->operator->name
2,13,rectangle_java2.jpg,rectangle_java2.jpg,394866484,128,778.9646875,385.4453125,730.5,367,71,21,this.y1,7,class->block->constructor->block->block_content->expr_stmt->expr->name->name->operator->name
2,13,rectangle_java2.jpg,rectangle_java2.jpg,395098464,132,954.3536363636364,668.9584848484849,941.5,658,91,20,Rectangle,9,class->block->function->block->block_content->decl_stmt->decl->init->expr->call->name
2,13,rectangle_java2.jpg,rectangle_java2.jpg,395234731,108,1018.9003703703704,684.9488888888889,932.5,694,100,21,rect1.area,10,class->block->function->block->block_content->expr_stmt->expr->call->argument_list->argument->expr->call->name->name->operator->name
2,13,rectangle_java2.jpg,rectangle_java2.jpg,395378730,72,1076.3,659.4266666666666,1077.5,658,9,20,",",1,class->block->function->block->block_content->decl_stmt->decl->init->expr->call->argument_list
2,13,rectangle_java2.jpg,rectangle_java2.jpg,395494511,112,1083.5664285714286,659.4810714285715,1077.5,658,9,20,",",1,class->block->function->block->block_content->decl_stmt->decl->init->expr->call->argument_list
2,13,rectangle_java2.jpg,rectangle_java2.jpg,395494511,112,1083.5664285714286,659.4810714285715,1095.5,658,13,20,0,1,class->block->function->block->block_content->decl_stmt->decl->init->expr->call->argument_list->argument->expr->literal
2,13,rectangle_java2.jpg,rectangle_java2.jpg,395806397,56,1131.6835714285714,604.4492857142857,1122.5,585,12,21,*,1,class->block->function->block->block_content->return->expr->operator
2,13,rectangle_java2.jpg,rectangle_java2.jpg,395806397,56,1131.6835714285714,604.4492857142857,1140.5,585,110,21,this.height,11,class->block->function->block->block_content->return->expr->call->name->name->operator->name
2,13,rectangle_java2.jpg,rectangle_java2.jpg,396374249,124,1041.9503225806452,670.9648387096775,1041.5,658,9,20,(,1,class->block->function->block->block_content->decl_stmt->decl->init->expr->call->argument_list
2,13,rectangle_java2.jpg,rectangle_java2.jpg,396450160,72,1044.7116666666666,693.9222222222222,1041.5,694,9,21,(,1,class->block->function->block->block_content->expr_stmt->expr->call->argument_list->argument->expr->call->argument_list
2,13,rectangle_java2.jpg,rectangle_java2.jpg,396546170,92,1036.5665217391304,710.1360869565217,1041.5,694,9,21,(,1,class->block->function->block->block_content->expr_stmt->expr->call->argument_list->argument->expr->call->argument_list
2,13,rectangle_java2.jpg,rectangle_java2.jpg,396906205,260,905.5741538461539,720.9147692307693,902.5,731,34,20,new,3,class->block->function->block->block_content->decl_stmt->decl->init->expr->operator
2,13,rectangle_java2.jpg,rectangle_java2.jpg,397106339,172,860.5479069767442,721.5462790697675,826.5,731,51,20,rect2,5,class->block->function->block->block_content->decl_stmt->decl->name
2,13,rectangle_java2.jpg,rectangle_java2.jpg,397254071,124,954.6522580645161,722.6006451612903,941.5,731,91,20,Rectangle,9,class->block->function->block->block_content->decl_stmt->decl->init->expr->call->name
2,13,rectangle_java2.jpg,rectangle_java2.jpg,397650197,68,1026.0717647058823,666.8023529411764,941.5,658,91,20,Rectangle,9,class->block->function->block->block_content->decl_stmt->decl->init->expr->call->name
2,13,rectangle_java2.jpg,rectangle_java2.jpg,398174072,156,982.4869230769231,736.3030769230769,941.5,731,91,20,Rectangle,9,class->block->function->block->block_content->decl_stmt->decl->init->expr->call->name
2,13,rectangle_java2.jpg,rectangle_java2.jpg,398341747,156,836.2971794871795,743.1207692307693,826.5,731,51,20,rect2,5,class->block->function->block->block_content->decl_stmt->decl->name
2,13,rectangle_java2.jpg,rectangle_java2.jpg,398481938,136,828.6491176470588,753.5964705882353,730.5,766,177,21,System.out.println,18,class->block->function->block->block_content->expr_stmt->expr->call->name->name->operator->name->operator->name
2,13,rectangle_java2.jpg,rectangle_java2.jpg,398786194,188,1015.4510638297872,693.3482978723404,932.5,694,100,21,rect1.area,10,class->block->function->block->block_content->expr_stmt->expr->call->argument_list->argument->expr->call->name->name->operator->name
2,13,rectangle_java2.jpg,rectangle_java2.jpg,398850040,60,1017.984,685.482,932.5,694,100,21,rect1.area,10,class->block->function->block->block_content->expr_stmt->expr->call->argument_list->argument->expr->call->name->name->operator->name
2,13,rectangle_java2.jpg,rectangle_java2.jpg,399194048,72,1047.03,645.6772222222222,1041.5,658,9,20,(,1,class->block->function->block->block_content->decl_stmt->decl->init->expr->call->argument_list
2,13,rectangle_java2.jpg,rectangle_java2.jpg,399194048,72,1047.03,645.6772222222222,1057.5,658,13,20,0,1,class->block->function->block->block_content->decl_stmt->decl->init->expr->call->argument_list->argument->expr->literal
2,13,rectangle_java2.jpg,rectangle_java2.jpg,399382083,156,1095.6638461538462,637.8474358974358,1094.5,621,10,21,{,1,class->block->function->block
2,13,rectangle_java2.jpg,rectangle_java2.jpg,399854083,68,1175.2688235294117,598.3805882352941,1140.5,585,110,21,this.height,11,class->block->function->block->block_content->return->expr->call->name->name->operator->name
2,13,rectangle_java2.jpg,rectangle_java2.jpg,400414121,120,1107.1436666666666,542.938,1064.5,549,71,21,this.y1,7,class->block->function->block->block_content->return->expr->name->name->operator->name
2,13,rectangle_java2.jpg,rectangle_java2.jpg,400490219,72,1111.043888888889,546.3672222222223,1064.5,549,71,21,this.y1,7,class->block->function->block->block_content->return->expr->name->name->operator->name
2,13,rectangle_java2.jpg,rectangle_java2.jpg,400662002,124,1028.941935483871,555.8087096774193,968.5,549,70,21,this.y2,7,class->block->function->block->block_content->return->expr->name->name->operator->name
2,13,rectangle_java2.jpg,rectangle_java2.jpg,400745948,80,1036.206,567.1535,968.5,549,70,21,this.y2,7,class->block->function->block->block_content->return->expr->name->name->operator->name
2,13,rectangle_java2.jpg,rectangle_java2.jpg,400745948,80,1036.206,567.1535,1045.5,549,13,21,-,1,class->block->function->block->block_content->return->expr->operator
2,13,rectangle_java2.jpg,rectangle_java2.jpg,400814050,64,1014.23625,554.4375,968.5,549,70,21,this.y2,7,class->block->function->block->block_content->return->expr->name->name->operator->name
2,13,rectangle_java2.jpg,rectangle_java2.jpg,400970280,84,799.4933333333333,560.1580952380953,775.5,549,62,21,height,6,class->block->function->name
2,13,rectangle_java2.jpg,rectangle_java2.jpg,401198056,196,770.4761224489796,529.544081632653,737.5,512,33,21,int,3,class->block->function->type->name
2,13,rectangle_java2.jpg,rectangle_java2.jpg,401198056,196,770.4761224489796,529.544081632653,775.5,512,53,21,width,5,class->block->function->name
2,13,rectangle_java2.jpg,rectangle_java2.jpg,401562050,104,814.8803846153846,559.2780769230769,775.5,549,62,21,height,6,class->block->function->name
2,13,rectangle_java2.jpg,rectangle_java2.jpg,401866067,184,995.3510869565217,566.6539130434783,968.5,549,70,21,this.y2,7,class->block->function->block->block_content->return->expr->name->name->operator->name
2,13,rectangle_java2.jpg,rectangle_java2.jpg,401985817,84,1037.8666666666666,580.3671428571429,977.5,585,101,21,this.width,10,class->block->function->block->block_content->return->expr->call->name->name->operator->name
2,13,rectangle_java2.jpg,rectangle_java2.jpg,402073736,84,1049.737142857143,573.7604761904762,977.5,585,101,21,this.width,10,class->block->function->block->block_content->return->expr->call->name->name->operator->name
2,13,rectangle_java2.jpg,rectangle_java2.jpg,402237778,140,1171.971142857143,587.0857142857143,1140.5,585,110,21,this.height,11,class->block->function->block->block_content->return->expr->call->name->name->operator->name
2,13,rectangle_java2.jpg,rectangle_java2.jpg,403161829,92,1110.3708695652174,591.4339130434782,1103.5,585,9,21,),1,class->block->function->block->block_content->return->expr->call->argument_list
2,13,rectangle_java2.jpg,rectangle_java2.jpg,403161829,92,1110.3708695652174,591.4339130434782,1122.5,585,12,21,*,1,class->block->function->block->block_content->return->expr->operator
2,13,rectangle_java2.jpg,rectangle_java2.jpg,404141695,144,1085.9263888888888,636.3519444444445,1094.5,621,10,21,{,1,class->block->function->block
2,13,rectangle_java2.jpg,rectangle_java2.jpg,404369668,188,1114.1040425531914,561.2880851063829,1064.5,549,71,21,this.y1,7,class->block->function->block->block_content->return->expr->name->name->operator->name
2,13,rectangle_java2.jpg,rectangle_java2.jpg,404689719,100,1023.4467999999999,526.9356,958.5,512,71,21,this.x2,7,class->block->function->block->block_content->return->expr->name->name->operator->name->operator
2,13,rectangle_java2.jpg,rectangle_java2.jpg,404689719,100,1023.4467999999999,526.9356,1035.5,512,13,21,-,1,class->block->function->block->block_content->return->expr->name->name
2,13,rectangle_java2.jpg,rectangle_java2.jpg,404961639,192,1072.8679166666666,539.3285416666666,1064.5,549,71,21,this.y1,7,class->block->function->block->block_content->return->expr->name->name->operator->name
2,13,rectangle_java2.jpg,rectangle_java2.jpg,405181615,188,1116.2725531914894,656.3821276595745,1115.5,658,10,20,",",1,class->block->function->block->block_content->decl_stmt->decl->init->expr->call->argument_list
2,13,rectangle_java2.jpg,rectangle_java2.jpg,405677524,172,1135.2674418604652,605.9762790697674,1140.5,585,110,21,this.height,11,class->block->function->block->block_content->return->expr->call->name->name->operator->name
2,13,rectangle_java2.jpg,rectangle_java2.jpg,406029544,56,1020.0871428571428,639.2192857142857,1025.5,621,42,21,args,4,class->block->function->parameter_list->parameter->decl->name
2,13,rectangle_java2.jpg,rectangle_java2.jpg,406473563,80,1072.2375,709.8055,1077.5,694,9,21,),1,class->block->function->block->block_content->expr_stmt->expr->call->argument_list
2,13,rectangle_java2.jpg,rectangle_java2.jpg,406609516,132,1075.3454545454545,711.6109090909091,1077.5,694,9,21,),1,class->block->function->block->block_content->expr_stmt->expr->call->argument_list
2,13,rectangle_java2.jpg,rectangle_java2.jpg,406693485,80,1100.0485,724.817,1095.5,731,13,20,5,1,class->block->function->block->block_content->decl_stmt->decl->init->expr->call->argument_list->argument->expr->literal
2,13,rectangle_java2.jpg,rectangle_java2.jpg,406757460,60,1098.2546666666667,714.6286666666666,1096.5,694,10,21,;,1,class->block->function->block->block_content->expr_stmt
2,13,rectangle_java2.jpg,rectangle_java2.jpg,407033397,156,1063.9558974358974,724.4166666666666,1057.5,731,13,20,5,1,class->block->function->block->block_content->decl_stmt->decl->init->expr->call->argument_list->argument->expr->literal
2,13,rectangle_java2.jpg,rectangle_java2.jpg,407197396,136,1113.6367647058823,723.1129411764706,1115.5,731,10,20,",",1,class->block->function->block->block_content->decl_stmt->decl->init->expr->call->argument_list
2,13,rectangle_java2.jpg,rectangle_java2.jpg,408141310,72,942.73,712.605,932.5,694,100,21,rect1.area,10,class->block->function->block->block_content->expr_stmt->expr->call->argument_list->argument->expr->call->name->name->operator->name
2,13,rectangle_java2.jpg,rectangle_java2.jpg,408517278,112,933.2085714285714,726.3035714285714,902.5,731,34,20,new,3,class->block->function->block->block_content->decl_stmt->decl->init->expr->operator
2,13,rectangle_java2.jpg,rectangle_java2.jpg,408517278,112,933.2085714285714,726.3035714285714,941.5,731,91,20,Rectangle,9,class->block->function->block->block_content->decl_stmt->decl->init->expr->call->name
2,13,rectangle_java2.jpg,rectangle_java2.jpg,408621255,80,1029.956,740.8495,941.5,731,91,20,Rectangle,9,class->block->function->block->block_content->decl_stmt->decl->init->expr->call->name
2,13,rectangle_java2.jpg,rectangle_java2.jpg,408621255,80,1029.956,740.8495,1041.5,731,9,20,(,1,class->block->function->block->block_content->decl_stmt->decl->init->expr->call->argument_list
2,13,rectangle_java2.jpg,rectangle_java2.jpg,409549295,180,1130.272888888889,719.8257777777778,1134.5,731,22,20,10,2,class->block->function->block->block_content->decl_stmt->decl->init->expr->call->argument_list->argument->expr->literal
2,13,rectangle_java2.jpg,rectangle_java2.jpg,409721305,168,1102.7964285714286,726.1057142857143,1095.5,731,13,20,5,1,class->block->function->block->block_content->decl_stmt->decl->init->expr->call->argument_list->argument->expr->literal
2,13,rectangle_java2.jpg,rectangle_java2.jpg,409793336,68,1099.4729411764706,733.8158823529412,1095.5,731,13,20,5,1,class->block->function->block->block_content->decl_stmt->decl->init->expr->call->argument_list->argument->expr->literal
2,13,rectangle_java2.jpg,rectangle_java2.jpg,409965269,136,1054.254705882353,750.5685294117648,1057.5,731,13,20,5,1,class->block->function->block->block_content->decl_stmt->decl->init->expr->call->argument_list->argument->expr->literal
2,13,rectangle_java2.jpg,rectangle_java2.jpg,410193176,212,920.6107547169811,767.0845283018868,916.5,766,9,21,(,1,class->block->function->block->block_content->expr_stmt->expr->call->argument_list
2,13,rectangle_java2.jpg,rectangle_java2.jpg,410193176,212,920.6107547169811,767.0845283018868,932.5,766,100,21,rect2.area,10,class->block->function->block->block_content->expr_stmt->expr->call->argument_list->argument->expr->call->name->name->operator->name
2,13,rectangle_java2.jpg,rectangle_java2.jpg,410449174,220,972.512,770.6516363636364,932.5,766,100,21,rect2.area,10,class->block->function->block->block_content->expr_stmt->expr->call->argument_list->argument->expr->call->name->name->operator->name
2,13,rectangle_java2.jpg,rectangle_java2.jpg,410533180,60,797.0686666666667,769.2466666666667,730.5,766,177,21,System.out.println,18,class->block->function->block->block_content->expr_stmt->expr->call->name->name->operator->name->operator->name
2,13,rectangle_java2.jpg,rectangle_java2.jpg,410665171,128,785.866875,770.34,730.5,766,177,21,System.out.println,18,class->block->function->block->block_content->expr_stmt->expr->call->name->name->operator->name->operator->name
2,13,rectangle_java2.jpg,rectangle_java2.jpg,411065183,192,830.6204166666666,349.93916666666667,826.5,331,23,19,x1,2,class->block->constructor->block->block_content->expr_stmt->expr->name->name
2,13,rectangle_java2.jpg,rectangle_java2.jpg,411285121,160,720.37525,240.21550000000002,715.5,222,90,21,Rectangle,9,class->name
2,13,rectangle_java2.jpg,rectangle_java2.jpg,411529067,180,1001.6604444444445,757.3293333333334,932.5,766,100,21,rect2.area,10,class->block->function->block->block_content->expr_stmt->expr->call->argument_list->argument->expr->call->name->name->operator->name
2,13,rectangle_java2.jpg,rectangle_java2.jpg,411881025,312,1084.3252564102563,741.26,1077.5,731,9,20,",",1,class->block->function->block->block_content->decl_stmt->decl->init->expr->call->argument_list
2,13,rectangle_java2.jpg,rectangle_java2.jpg,411881025,312,1084.3252564102563,741.26,1095.5,731,13,20,5,1,class->block->function->block->block_content->decl_stmt->decl->init->expr->call->argument_list->argument->expr->literal
2,13,rectangle_java2.jpg,rectangle_java2.jpg,412168983,252,1129.5277777777778,741.0631746031746,1134.5,731,22,20,10,2,class->block->function->block->block_content->decl_stmt->decl->init->expr->call->argument_list->argument->expr->literal
2,13,rectangle_java2.jpg,rectangle_java2.jpg,412529293,148,1102.0921621621621,675.6727027027027,1095.5,658,13,20,0,1,class->block->function->block->block_content->decl_stmt->decl->init->expr->call->argument_list->argument->expr->literal
2,13,rectangle_java2.jpg,rectangle_java2.jpg,413360596,188,1071.7070212765957,546.1614893617021,1064.5,549,71,21,this.y1,7,class->block->function->block->block_content->return->expr->name->name->operator->name
2,13,rectangle_java2.jpg,rectangle_java2.jpg,413580762,152,903.9481578947368,309.3310526315789,890.5,295,24,21,x1,2,class->block->constructor->parameter_list->parameter->decl->type->name
2,13,rectangle_java2.jpg,rectangle_java2.jpg,413693058,72,966.165,309.39444444444445,939.5,295,33,21,int,3,class->block->constructor->parameter_list->parameter->decl->type->name
2,13,rectangle_java2.jpg,rectangle_java2.jpg,413693058,72,966.165,309.39444444444445,977.5,295,23,21,y1,2,class->block->constructor->parameter_list->parameter->decl->type->name
2,13,rectangle_java2.jpg,rectangle_java2.jpg,414016911,108,976.0551851851852,315.587037037037,977.5,295,23,21,y1,2,class->block->constructor->parameter_list->parameter->decl->type->name
2,13,rectangle_java2.jpg,rectangle_java2.jpg,414188896,88,964.6377272727273,312.87545454545455,939.5,295,33,21,int,3,class->block->constructor->parameter_list->parameter->decl->type->name
2,13,rectangle_java2.jpg,rectangle_java2.jpg,414381185,188,962.8240425531915,305.54659574468087,939.5,295,33,21,int,3,class->block->constructor->parameter_list->parameter->decl->type->name
2,13,rectangle_java2.jpg,rectangle_java2.jpg,414620854,184,990.6610869565218,301.765,977.5,295,23,21,y1,2,class->block->constructor->parameter_list->parameter->decl->type->name
2,13,rectangle_java2.jpg,rectangle_java2.jpg,414688691,64,983.8275,306.226875,977.5,295,23,21,y1,2,class->block->constructor->parameter_list->parameter->decl->type->name
2,13,rectangle_java2.jpg,rectangle_java2.jpg,414828936,136,1035.7232352941176,309.8417647058824,1025.5,295,33,21,int,3,class->block->constructor->parameter_list->parameter->decl->type->name
2,13,rectangle_java2.jpg,rectangle_java2.jpg,414964986,132,1049.9963636363636,304.0030303030303,1025.5,295,33,21,int,3,class->block->constructor->parameter_list->parameter->decl->type->name
2,13,rectangle_java2.jpg,rectangle_java2.jpg,415076806,108,1077.4044444444444,300.4325925925926,1063.5,295,23,21,x2,2,class->block->constructor->parameter_list->parameter->decl->type->name
2,13,rectangle_java2.jpg,rectangle_java2.jpg,415200783,120,1083.713,301.2423333333333,1063.5,295,23,21,x2,2,class->block->constructor->parameter_list->parameter->decl->type->name
2,13,rectangle_java2.jpg,rectangle_java2.jpg,415200783,120,1083.713,301.2423333333333,1094.5,295,9,21,",",1,class->block->constructor->parameter_list
2,13,rectangle_java2.jpg,rectangle_java2.jpg,415368782,132,1126.6615151515152,301.62939393939394,1112.5,295,33,21,int,3,class->block->constructor->parameter_list->parameter->decl->type->name
2,13,rectangle_java2.jpg,rectangle_java2.jpg,415624724,200,1090.5268,305.2342,1094.5,295,9,21,",",1,class->block->constructor->parameter_list
2,13,rectangle_java2.jpg,rectangle_java2.jpg,415740709,112,1088.6610714285714,310.8767857142857,1094.5,295,9,21,",",1,class->block->constructor->parameter_list
2,13,rectangle_java2.jpg,rectangle_java2.jpg,416496661,220,1081.2334545454546,287.104,1063.5,295,23,21,x2,2,class->block->constructor->parameter_list->parameter->decl->type->name
2,13,rectangle_java2.jpg,rectangle_java2.jpg,416764680,140,1150.7614285714285,739.4165714285714,1134.5,731,22,20,10,2,class->block->function->block->block_content->decl_stmt->decl->init->expr->call->argument_list->argument->expr->literal
2,13,rectangle_java2.jpg,rectangle_java2.jpg,416892689,124,1178.5093548387097,735.6464516129032,1182.5,731,22,20,10,2,class->block->function->block->block_content->decl_stmt->decl->init->expr->call->argument_list->argument->expr->literal
2,13,rectangle_java2.jpg,rectangle_java2.jpg,417176627,240,1152.8311666666666,741.248,1134.5,731,22,20,10,2,class->block->function->block->block_content->decl_stmt->decl->init->expr->call->argument_list->argument->expr->literal
2,13,rectangle_java2.jpg,rectangle_java2.jpg,417176627,240,1152.8311666666666,741.248,1163.5,731,10,20,",",1,class->block->function->block->block_content->decl_stmt->decl->init->expr->call->argument_list
2,13,rectangle_java2.jpg,rectangle_java2.jpg,417308701,128,1139.07625,738.4159375,1134.5,731,22,20,10,2,class->block->function->block->block_content->decl_stmt->decl->init->expr->call->argument_list->argument->expr->literal
2,13,rectangle_java2.jpg,rectangle_java2.jpg,417440657,128,1142.4737499999999,744.278125,1134.5,731,22,20,10,2,class->block->function->block->block_content->decl_stmt->decl->init->expr->call->argument_list->argument->expr->literal
2,13,rectangle_java2.jpg,rectangle_java2.jpg,417624439,180,1105.4008888888889,739.9722222222222,1095.5,731,13,20,5,1,class->block->function->block->block_content->decl_stmt->decl->init->expr->call->argument_list->argument->expr->literal
2,13,rectangle_java2.jpg,rectangle_java2.jpg,417624439,180,1105.4008888888889,739.9722222222222,1115.5,731,10,20,",",1,class->block->function->block->block_content->decl_stmt->decl->init->expr->call->argument_list
2,13,rectangle_java2.jpg,rectangle_java2.jpg,417796417,96,977.69625,309.54291666666666,977.5,295,23,21,y1,2,class->block->constructor->parameter_list->parameter->decl->type->name
2,13,rectangle_java2.jpg,rectangle_java2.jpg,417940663,88,929.925,309.20681818181816,921.5,295,9,21,",",1,class->block->constructor->parameter_list
2,13,rectangle_java2.jpg,rectangle_java2.jpg,417940663,88,929.925,309.20681818181816,939.5,295,33,21,int,3,class->block->constructor->parameter_list->parameter->decl->type->name
2,13,rectangle_java2.jpg,rectangle_java2.jpg,418149095,204,927.5431372549019,303.84764705882355,921.5,295,9,21,",",1,class->block->constructor->parameter_list
2,13,rectangle_java2.jpg,rectangle_java2.jpg,418149095,204,927.5431372549019,303.84764705882355,939.5,295,33,21,int,3,class->block->constructor->parameter_list->parameter->decl->type->name
2,13,rectangle_java2.jpg,rectangle_java2.jpg,418512502,344,1074.1956976744186,302.65441860465114,1063.5,295,23,21,x2,2,class->block->constructor->parameter_list->parameter->decl->type->name
2,13,rectangle_java2.jpg,rectangle_java2.jpg,419100450,184,1130.6252173913044,721.6478260869566,1134.5,731,22,20,10,2,class->block->function->block->block_content->decl_stmt->decl->init->expr->call->argument_list->argument->expr->literal
2,13,rectangle_java2.jpg,rectangle_java2.jpg,419224266,120,1143.411,722.3096666666667,1134.5,731,22,20,10,2,class->block->function->block->block_content->decl_stmt->decl->init->expr->call->argument_list->argument->expr->literal
2,13,rectangle_java2.jpg,rectangle_java2.jpg,419356198,96,1080.06375,283.86083333333335,1063.5,295,23,21,x2,2,class->block->constructor->parameter_list->parameter->decl->type->name
2,13,rectangle_java2.jpg,rectangle_java2.jpg,419552422,84,1133.7780952380951,296.0190476190476,1112.5,295,33,21,int,3,class->block->constructor->parameter_list->parameter->decl->type->name
2,13,rectangle_java2.jpg,rectangle_java2.jpg,419816400,260,1131.4553846153847,305.1026153846154,1112.5,295,33,21,int,3,class->block->constructor->parameter_list->parameter->decl->type->name
2,13,rectangle_java2.jpg,rectangle_java2.jpg,420884344,156,1029.3974358974358,657.6920512820512,941.5,658,91,20,Rectangle,9,class->block->function->block->block_content->decl_stmt->decl->init->expr->call->name
2,13,rectangle_java2.jpg,rectangle_java2.jpg,420884344,156,1029.3974358974358,657.6920512820512,1041.5,658,9,20,(,1,class->block->function->block->block_content->decl_stmt->decl->init->expr->call->argument_list
