trial,participant,code_file,code_language,timestamp,duration,x_cord,y_cord,aoi_x,aoi_y,aoi_width,aoi_height,token,length,srcML
2,141,rectangle_java2.jpg,rectangle_java2.jpg,11544257106,196,978.5416326530612,301.68204081632655,977.5,295,23,21,y1,2,class->block->constructor->parameter_list->parameter->decl->type->name
2,141,rectangle_java2.jpg,rectangle_java2.jpg,11544514715,160,757.2545,236.22024999999996,715.5,222,90,21,Rectangle,9,class->name
2,141,rectangle_java2.jpg,rectangle_java2.jpg,11548486413,120,773.1543333333333,263.749,747.5,259,33,21,int,3,class->block->decl_stmt->decl->type->name
2,141,rectangle_java2.jpg,rectangle_java2.jpg,11548486413,120,773.1543333333333,263.749,785.5,259,23,21,x1,2,class->block->decl_stmt->decl->name
2,141,rectangle_java2.jpg,rectangle_java2.jpg,11548738380,60,753.504,239.93666666666667,715.5,222,90,21,Rectangle,9,class->name
2,141,rectangle_java2.jpg,rectangle_java2.jpg,11548854360,112,755.8282142857142,255.625,747.5,259,33,21,int,3,class->block->decl_stmt->decl->type->name
2,141,rectangle_java2.jpg,rectangle_java2.jpg,11549314395,204,735.8747058823529,211.66803921568624,715.5,222,90,21,Rectangle,9,class->name
2,141,rectangle_java2.jpg,rectangle_java2.jpg,11549933999,76,776.7063157894737,238.18526315789472,715.5,222,90,21,Rectangle,9,class->name
2,141,rectangle_java2.jpg,rectangle_java2.jpg,11550006107,68,771.7982352941176,222.27882352941174,715.5,222,90,21,Rectangle,9,class->name
2,141,rectangle_java2.jpg,rectangle_java2.jpg,11550066196,56,740.6,218.34428571428572,715.5,222,90,21,Rectangle,9,class->name
2,141,rectangle_java2.jpg,rectangle_java2.jpg,11550226253,156,733.5866666666667,218.80743589743588,715.5,222,90,21,Rectangle,9,class->name
2,141,rectangle_java2.jpg,rectangle_java2.jpg,11550302238,72,779.7388888888889,214.22500000000002,715.5,222,90,21,Rectangle,9,class->name
2,141,rectangle_java2.jpg,rectangle_java2.jpg,11550482148,176,791.4722727272728,216.86318181818183,715.5,222,90,21,Rectangle,9,class->name
2,141,rectangle_java2.jpg,rectangle_java2.jpg,11550898235,176,754.4554545454546,264.38045454545454,747.5,259,33,21,int,3,class->block->decl_stmt->decl->type->name
2,141,rectangle_java2.jpg,rectangle_java2.jpg,11551054300,152,732.6792105263158,269.6578947368421,669.5,259,72,21,private,7,class->block->decl_stmt->decl->type->specifier
2,141,rectangle_java2.jpg,rectangle_java2.jpg,11551122309,64,791.92375,267.804375,785.5,259,23,21,x1,2,class->block->decl_stmt->decl->name
2,141,rectangle_java2.jpg,rectangle_java2.jpg,11551534286,156,916.8710256410257,259.868717948718,911.5,259,10,21,",",1,class->block->decl_stmt
2,141,rectangle_java2.jpg,rectangle_java2.jpg,11551714268,176,890.4522727272728,251.97227272727275,881.5,259,23,21,x2,2,class->block->decl_stmt->decl->name
2,141,rectangle_java2.jpg,rectangle_java2.jpg,11552434147,124,827.8180645161291,307.59967741935486,737.5,295,91,21,Rectangle,9,class->block->constructor->name
2,141,rectangle_java2.jpg,rectangle_java2.jpg,11552434147,124,827.8180645161291,307.59967741935486,837.5,295,9,21,(,1,class->block->constructor->parameter_list
2,141,rectangle_java2.jpg,rectangle_java2.jpg,11552634133,152,794.4086842105263,298.5860526315789,737.5,295,91,21,Rectangle,9,class->block->constructor->name
2,141,rectangle_java2.jpg,rectangle_java2.jpg,11552890101,196,833.1320408163265,299.9202040816327,837.5,295,9,21,(,1,class->block->constructor->parameter_list
2,141,rectangle_java2.jpg,rectangle_java2.jpg,11553034134,120,905.236,296.957,890.5,295,24,21,x1,2,class->block->constructor->parameter_list->parameter->decl->type->name
2,141,rectangle_java2.jpg,rectangle_java2.jpg,11553114154,76,910.3778947368421,291.39736842105265,890.5,295,24,21,x1,2,class->block->constructor->parameter_list->parameter->decl->type->name
2,141,rectangle_java2.jpg,rectangle_java2.jpg,11553114154,76,910.3778947368421,291.39736842105265,921.5,295,9,21,",",1,class->block->constructor->parameter_list
2,141,rectangle_java2.jpg,rectangle_java2.jpg,11553514095,356,794.1756179775281,335.8859550561798,730.5,331,71,19,this.x1,7,class->block->constructor->block->block_content->expr_stmt->expr->name->name->operator->name
2,141,rectangle_java2.jpg,rectangle_java2.jpg,11553514095,356,794.1756179775281,335.8859550561798,806.5,331,15,19,=,1,class->block->constructor->block->block_content->expr_stmt->expr->operator
2,141,rectangle_java2.jpg,rectangle_java2.jpg,11553621963,104,836.5065384615384,340.44884615384615,826.5,331,23,19,x1,2,class->block->constructor->block->block_content->expr_stmt->expr->name->name
2,141,rectangle_java2.jpg,rectangle_java2.jpg,11553761860,136,838.1561764705882,341.2791176470588,826.5,331,23,19,x1,2,class->block->constructor->block->block_content->expr_stmt->expr->name->name
2,141,rectangle_java2.jpg,rectangle_java2.jpg,11554301978,232,794.0025862068966,380.8903448275862,730.5,367,71,21,this.y1,7,class->block->constructor->block->block_content->expr_stmt->expr->name->name->operator->name
2,141,rectangle_java2.jpg,rectangle_java2.jpg,11554301978,232,794.0025862068966,380.8903448275862,806.5,367,15,21,=,1,class->block->constructor->block->block_content->expr_stmt->expr->operator
2,141,rectangle_java2.jpg,rectangle_java2.jpg,11554709956,368,841.6104347826086,375.6770652173913,826.5,367,23,21,y1,2,class->block->constructor->block->block_content->expr_stmt->expr->name->name
2,141,rectangle_java2.jpg,rectangle_java2.jpg,11555317810,324,798.9807407407408,406.6903703703704,730.5,404,71,19,this.x2,7,class->block->constructor->block->block_content->expr_stmt->expr->name->name->operator->name
2,141,rectangle_java2.jpg,rectangle_java2.jpg,11555317810,324,798.9807407407408,406.6903703703704,806.5,404,15,19,=,1,class->block->constructor->block->block_content->expr_stmt->expr->operator
2,141,rectangle_java2.jpg,rectangle_java2.jpg,11555429602,108,838.2803703703704,411.8451851851852,826.5,404,23,19,x2,2,class->block->constructor->block->block_content->expr_stmt->expr->name->name
2,141,rectangle_java2.jpg,rectangle_java2.jpg,11555557219,124,845.1090322580645,416.79354838709673,826.5,404,23,19,x2,2,class->block->constructor->block->block_content->expr_stmt->expr->name->name
2,141,rectangle_java2.jpg,rectangle_java2.jpg,11555557219,124,845.1090322580645,416.79354838709673,856.5,404,10,19,;,1,class->block->constructor->block->block_content->expr_stmt
2,141,rectangle_java2.jpg,rectangle_java2.jpg,11558257728,84,830.1333333333333,499.5766666666666,837.5,512,9,21,(,1,class->block->function->parameter_list
2,141,rectangle_java2.jpg,rectangle_java2.jpg,11558669670,72,987.0783333333334,500.4466666666667,958.5,512,71,21,this.x2,7,class->block->function->block->block_content->return->expr->name->name->operator->name->operator
2,141,rectangle_java2.jpg,rectangle_java2.jpg,11558869684,172,835.2220930232559,530.0472093023255,837.5,512,9,21,(,1,class->block->function->parameter_list
2,141,rectangle_java2.jpg,rectangle_java2.jpg,11558969679,64,963.059375,503.25374999999997,958.5,512,71,21,this.x2,7,class->block->function->block->block_content->return->expr->name->name->operator->name->operator
2,141,rectangle_java2.jpg,rectangle_java2.jpg,11559205520,232,970.7563793103449,500.0510344827586,958.5,512,71,21,this.x2,7,class->block->function->block->block_content->return->expr->name->name->operator->name->operator
2,141,rectangle_java2.jpg,rectangle_java2.jpg,11559557579,232,802.6546551724138,528.5818965517242,775.5,512,53,21,width,5,class->block->function->name
2,141,rectangle_java2.jpg,rectangle_java2.jpg,11559821554,204,883.8835294117647,532.6017647058824,874.5,512,10,21,{,1,class->block->function->block
2,141,rectangle_java2.jpg,rectangle_java2.jpg,11559821554,204,883.8835294117647,532.6017647058824,891.5,512,62,21,return,6,class->block->function->block->block_content->return->expr->name->name
2,141,rectangle_java2.jpg,rectangle_java2.jpg,11560153546,188,922.5517021276596,540.4117021276596,900.5,549,63,21,return,6,class->block->function->block->block_content->return
2,141,rectangle_java2.jpg,rectangle_java2.jpg,11560233525,64,1013.24375,539.54125,968.5,549,70,21,this.y2,7,class->block->function->block->block_content->return->expr->name->name->operator->name
2,141,rectangle_java2.jpg,rectangle_java2.jpg,11560429556,192,1023.9529166666666,523.36375,958.5,512,71,21,this.x2,7,class->block->function->block->block_content->return->expr->name->name->operator->name->operator
2,141,rectangle_java2.jpg,rectangle_java2.jpg,11560429556,192,1023.9529166666666,523.36375,1035.5,512,13,21,-,1,class->block->function->block->block_content->return->expr->name->name
2,141,rectangle_java2.jpg,rectangle_java2.jpg,11560625540,172,1113.9948837209301,523.2446511627907,1054.5,512,71,21,this.x1,7,class->block->function->block->block_content->return->expr->name->name->operator->name
2,141,rectangle_java2.jpg,rectangle_java2.jpg,11560709528,80,1120.4825,519.868,1054.5,512,71,21,this.x1,7,class->block->function->block->block_content->return->expr->name->name->operator->name
2,141,rectangle_java2.jpg,rectangle_java2.jpg,11560709528,80,1120.4825,519.868,1132.5,512,10,21,;,1,class->block->function->block
2,141,rectangle_java2.jpg,rectangle_java2.jpg,11561241506,100,892.446,564.0852,883.5,549,10,21,{,1,class->block->function->block
2,141,rectangle_java2.jpg,rectangle_java2.jpg,11561241506,100,892.446,564.0852,900.5,549,63,21,return,6,class->block->function->block->block_content->return
2,141,rectangle_java2.jpg,rectangle_java2.jpg,11561385426,84,853.0590476190476,577.1633333333333,856.5,585,9,21,(,1,class->block->function->parameter_list
2,141,rectangle_java2.jpg,rectangle_java2.jpg,11561489424,100,849.6108,567.2584,846.5,549,10,21,(,1,class->block->function->parameter_list
2,141,rectangle_java2.jpg,rectangle_java2.jpg,11561737462,200,890.1852,587.1426,893.5,585,10,21,{,1,class->block->function->block
2,141,rectangle_java2.jpg,rectangle_java2.jpg,11561953482,68,957.57,567.1688235294117,900.5,549,63,21,return,6,class->block->function->block->block_content->return
2,141,rectangle_java2.jpg,rectangle_java2.jpg,11561953482,68,957.57,567.1688235294117,968.5,549,70,21,this.y2,7,class->block->function->block->block_content->return->expr->name->name->operator->name
2,141,rectangle_java2.jpg,rectangle_java2.jpg,11562021494,64,1026.884375,560.568125,968.5,549,70,21,this.y2,7,class->block->function->block->block_content->return->expr->name->name->operator->name
2,141,rectangle_java2.jpg,rectangle_java2.jpg,11562229501,204,1037.0058823529412,555.1611764705882,968.5,549,70,21,this.y2,7,class->block->function->block->block_content->return->expr->name->name->operator->name
2,141,rectangle_java2.jpg,rectangle_java2.jpg,11562229501,204,1037.0058823529412,555.1611764705882,1045.5,549,13,21,-,1,class->block->function->block->block_content->return->expr->operator
2,141,rectangle_java2.jpg,rectangle_java2.jpg,11562349482,116,1092.8979310344828,556.7048275862069,1064.5,549,71,21,this.y1,7,class->block->function->block->block_content->return->expr->name->name->operator->name
2,141,rectangle_java2.jpg,rectangle_java2.jpg,11562565417,212,1100.5971698113208,552.3824528301886,1064.5,549,71,21,this.y1,7,class->block->function->block->block_content->return->expr->name->name->operator->name
2,141,rectangle_java2.jpg,rectangle_java2.jpg,11562725416,156,1089.467435897436,555.6007692307692,1064.5,549,71,21,this.y1,7,class->block->function->block->block_content->return->expr->name->name->operator->name
2,141,rectangle_java2.jpg,rectangle_java2.jpg,11562841432,112,1118.0689285714286,553.3264285714286,1064.5,549,71,21,this.y1,7,class->block->function->block->block_content->return->expr->name->name->operator->name
2,141,rectangle_java2.jpg,rectangle_java2.jpg,11562989332,88,804.6554545454545,593.7204545454546,804.5,585,43,21,area,4,class->block->function->name
2,141,rectangle_java2.jpg,rectangle_java2.jpg,11563133160,140,801.0022857142857,587.5051428571428,804.5,585,43,21,area,4,class->block->function->name
2,141,rectangle_java2.jpg,rectangle_java2.jpg,11563273253,88,834.3813636363636,594.8572727272727,804.5,585,43,21,area,4,class->block->function->name
2,141,rectangle_java2.jpg,rectangle_java2.jpg,11563497313,160,871.3405,622.769,851.5,621,44,21,main,4,class->block->function->name
2,141,rectangle_java2.jpg,rectangle_java2.jpg,11563597306,96,938.6033333333334,629.9770833333333,920.5,621,62,21,String,6,class->block->function->parameter_list->parameter->decl->type->name->name
2,141,rectangle_java2.jpg,rectangle_java2.jpg,11563821256,220,939.4596363636364,631.3423636363636,920.5,621,62,21,String,6,class->block->function->parameter_list->parameter->decl->type->name->name
2,141,rectangle_java2.jpg,rectangle_java2.jpg,11564001243,168,1060.8530952380952,629.1019047619047,1025.5,621,42,21,args,4,class->block->function->parameter_list->parameter->decl->name
2,141,rectangle_java2.jpg,rectangle_java2.jpg,11564185346,180,1054.6557777777778,622.1035555555555,1025.5,621,42,21,args,4,class->block->function->parameter_list->parameter->decl->name
2,141,rectangle_java2.jpg,rectangle_java2.jpg,11565225118,104,816.8807692307693,714.3596153846154,730.5,694,177,21,System.out.println,18,class->block->function->block->block_content->expr_stmt->expr->call->name->name->operator->name->operator->name
2,141,rectangle_java2.jpg,rectangle_java2.jpg,11565285130,56,806.4385714285714,695.7607142857142,730.5,694,177,21,System.out.println,18,class->block->function->block->block_content->expr_stmt->expr->call->name->name->operator->name->operator->name
2,141,rectangle_java2.jpg,rectangle_java2.jpg,11565449140,160,808.307,686.93075,730.5,694,177,21,System.out.println,18,class->block->function->block->block_content->expr_stmt->expr->call->name->name->operator->name->operator->name
2,141,rectangle_java2.jpg,rectangle_java2.jpg,11565517147,64,847.939375,693.203125,730.5,694,177,21,System.out.println,18,class->block->function->block->block_content->expr_stmt->expr->call->name->name->operator->name->operator->name
2,141,rectangle_java2.jpg,rectangle_java2.jpg,11565665182,144,858.9652777777778,695.2780555555555,730.5,694,177,21,System.out.println,18,class->block->function->block->block_content->expr_stmt->expr->call->name->name->operator->name->operator->name
2,141,rectangle_java2.jpg,rectangle_java2.jpg,11566165163,452,930.3132743362831,696.7634513274336,932.5,694,100,21,rect1.area,10,class->block->function->block->block_content->expr_stmt->expr->call->argument_list->argument->expr->call->name->name->operator->name
2,141,rectangle_java2.jpg,rectangle_java2.jpg,11566365189,164,862.6573170731707,696.2753658536585,730.5,694,177,21,System.out.println,18,class->block->function->block->block_content->expr_stmt->expr->call->name->name->operator->name->operator->name
2,141,rectangle_java2.jpg,rectangle_java2.jpg,11566517175,148,857.2583783783783,699.492972972973,730.5,694,177,21,System.out.println,18,class->block->function->block->block_content->expr_stmt->expr->call->name->name->operator->name->operator->name
2,141,rectangle_java2.jpg,rectangle_java2.jpg,11566776955,180,926.4595555555555,704.0053333333333,932.5,694,100,21,rect1.area,10,class->block->function->block->block_content->expr_stmt->expr->call->argument_list->argument->expr->call->name->name->operator->name
2,141,rectangle_java2.jpg,rectangle_java2.jpg,11567188930,180,957.0382222222222,691.5695555555556,932.5,694,100,21,rect1.area,10,class->block->function->block->block_content->expr_stmt->expr->call->argument_list->argument->expr->call->name->name->operator->name
2,141,rectangle_java2.jpg,rectangle_java2.jpg,11567421024,184,750.111304347826,784.7819565217392,730.5,766,177,21,System.out.println,18,class->block->function->block->block_content->expr_stmt->expr->call->name->name->operator->name->operator->name
2,141,rectangle_java2.jpg,rectangle_java2.jpg,11567585277,160,733.6215,785.921,730.5,766,177,21,System.out.println,18,class->block->function->block->block_content->expr_stmt->expr->call->name->name->operator->name->operator->name
2,141,rectangle_java2.jpg,rectangle_java2.jpg,11567789154,164,816.1626829268292,775.209756097561,730.5,766,177,21,System.out.println,18,class->block->function->block->block_content->expr_stmt->expr->call->name->name->operator->name->operator->name
2,141,rectangle_java2.jpg,rectangle_java2.jpg,11567889062,64,886.193125,784.799375,730.5,766,177,21,System.out.println,18,class->block->function->block->block_content->expr_stmt->expr->call->name->name->operator->name->operator->name
2,141,rectangle_java2.jpg,rectangle_java2.jpg,11568229083,156,803.1792307692308,781.7597435897436,730.5,766,177,21,System.out.println,18,class->block->function->block->block_content->expr_stmt->expr->call->name->name->operator->name->operator->name
2,141,rectangle_java2.jpg,rectangle_java2.jpg,11568744895,144,893.6227777777777,772.5966666666667,730.5,766,177,21,System.out.println,18,class->block->function->block->block_content->expr_stmt->expr->call->name->name->operator->name->operator->name
2,141,rectangle_java2.jpg,rectangle_java2.jpg,11569232884,144,888.1713888888889,772.6808333333333,730.5,766,177,21,System.out.println,18,class->block->function->block->block_content->expr_stmt->expr->call->name->name->operator->name->operator->name
2,141,rectangle_java2.jpg,rectangle_java2.jpg,11569336897,60,990.7813333333334,780.964,932.5,766,100,21,rect2.area,10,class->block->function->block->block_content->expr_stmt->expr->call->argument_list->argument->expr->call->name->name->operator->name
2,141,rectangle_java2.jpg,rectangle_java2.jpg,11576700630,72,827.3955555555556,516.6144444444444,775.5,512,53,21,width,5,class->block->function->name
2,141,rectangle_java2.jpg,rectangle_java2.jpg,11576700630,72,827.3955555555556,516.6144444444444,837.5,512,9,21,(,1,class->block->function->parameter_list
2,141,rectangle_java2.jpg,rectangle_java2.jpg,11576960761,144,795.2875,335.845,730.5,331,71,19,this.x1,7,class->block->constructor->block->block_content->expr_stmt->expr->name->name->operator->name
2,141,rectangle_java2.jpg,rectangle_java2.jpg,11576960761,144,795.2875,335.845,806.5,331,15,19,=,1,class->block->constructor->block->block_content->expr_stmt->expr->operator
2,141,rectangle_java2.jpg,rectangle_java2.jpg,11577220361,232,748.6637931034483,279.0598275862069,747.5,259,33,21,int,3,class->block->decl_stmt->decl->type->name
2,141,rectangle_java2.jpg,rectangle_java2.jpg,11577416283,184,837.0006521739131,274.0595652173913,833.5,259,23,21,y1,2,class->block->decl_stmt->decl->name
2,141,rectangle_java2.jpg,rectangle_java2.jpg,11577612276,192,819.2270833333333,279.4945833333333,815.5,259,10,21,",",1,class->block->decl_stmt
2,141,rectangle_java2.jpg,rectangle_java2.jpg,11577736324,104,927.2607692307693,289.23653846153843,921.5,295,9,21,",",1,class->block->constructor->parameter_list
2,141,rectangle_java2.jpg,rectangle_java2.jpg,11577736324,104,927.2607692307693,289.23653846153843,939.5,295,33,21,int,3,class->block->constructor->parameter_list->parameter->decl->type->name
2,141,rectangle_java2.jpg,rectangle_java2.jpg,11577868341,72,905.285,286.9511111111111,890.5,295,24,21,x1,2,class->block->constructor->parameter_list->parameter->decl->type->name
2,141,rectangle_java2.jpg,rectangle_java2.jpg,11577944360,72,904.4477777777778,277.62944444444446,881.5,259,23,21,x2,2,class->block->decl_stmt->decl->name
2,141,rectangle_java2.jpg,rectangle_java2.jpg,11577944360,72,904.4477777777778,277.62944444444446,911.5,259,10,21,",",1,class->block->decl_stmt
2,141,rectangle_java2.jpg,rectangle_java2.jpg,11578104378,156,961.4020512820513,283.4935897435897,939.5,295,33,21,int,3,class->block->constructor->parameter_list->parameter->decl->type->name
2,141,rectangle_java2.jpg,rectangle_java2.jpg,11578224310,64,998.576875,294.50375,977.5,295,23,21,y1,2,class->block->constructor->parameter_list->parameter->decl->type->name
2,141,rectangle_java2.jpg,rectangle_java2.jpg,11578224310,64,998.576875,294.50375,1007.5,295,10,21,",",1,class->block->constructor->parameter_list
2,141,rectangle_java2.jpg,rectangle_java2.jpg,11578956239,56,786.0085714285714,304.1464285714286,737.5,295,91,21,Rectangle,9,class->block->constructor->name
2,141,rectangle_java2.jpg,rectangle_java2.jpg,11579060236,100,784.1,323.216,730.5,331,71,19,this.x1,7,class->block->constructor->block->block_content->expr_stmt->expr->name->name->operator->name
2,141,rectangle_java2.jpg,rectangle_java2.jpg,11579140292,76,789.4863157894737,338.218947368421,730.5,331,71,19,this.x1,7,class->block->constructor->block->block_content->expr_stmt->expr->name->name->operator->name
2,141,rectangle_java2.jpg,rectangle_java2.jpg,11579260395,88,853.4536363636364,312.73954545454546,853.5,295,32,21,int,3,class->block->constructor->parameter_list->parameter->decl->type->name
2,141,rectangle_java2.jpg,rectangle_java2.jpg,11579364386,100,855.5144,306.2348,853.5,295,32,21,int,3,class->block->constructor->parameter_list->parameter->decl->type->name
2,141,rectangle_java2.jpg,rectangle_java2.jpg,11579516278,108,928.0337037037037,299.2974074074074,921.5,295,9,21,",",1,class->block->constructor->parameter_list
2,141,rectangle_java2.jpg,rectangle_java2.jpg,11579516278,108,928.0337037037037,299.2974074074074,939.5,295,33,21,int,3,class->block->constructor->parameter_list->parameter->decl->type->name
2,141,rectangle_java2.jpg,rectangle_java2.jpg,11579668275,76,803.7447368421052,269.59684210526314,785.5,259,23,21,x1,2,class->block->decl_stmt->decl->name
2,141,rectangle_java2.jpg,rectangle_java2.jpg,11579668275,76,803.7447368421052,269.59684210526314,815.5,259,10,21,",",1,class->block->decl_stmt
2,141,rectangle_java2.jpg,rectangle_java2.jpg,11579816205,144,808.1455555555556,268.4766666666667,785.5,259,23,21,x1,2,class->block->decl_stmt->decl->name
2,141,rectangle_java2.jpg,rectangle_java2.jpg,11579816205,144,808.1455555555556,268.4766666666667,815.5,259,10,21,",",1,class->block->decl_stmt
2,141,rectangle_java2.jpg,rectangle_java2.jpg,11579948096,100,835.8876,310.43,837.5,295,9,21,(,1,class->block->constructor->parameter_list
2,141,rectangle_java2.jpg,rectangle_java2.jpg,11580031992,80,833.2665000000001,325.0615,826.5,331,23,19,x1,2,class->block->constructor->block->block_content->expr_stmt->expr->name->name
2,141,rectangle_java2.jpg,rectangle_java2.jpg,11580151934,88,799.3631818181818,303.45772727272725,737.5,295,91,21,Rectangle,9,class->block->constructor->name
2,141,rectangle_java2.jpg,rectangle_java2.jpg,11580268044,80,865.5205,300.853,853.5,295,32,21,int,3,class->block->constructor->parameter_list->parameter->decl->type->name
2,141,rectangle_java2.jpg,rectangle_java2.jpg,11580351930,80,869.2495,298.187,853.5,295,32,21,int,3,class->block->constructor->parameter_list->parameter->decl->type->name
2,141,rectangle_java2.jpg,rectangle_java2.jpg,11580547506,148,929.7286486486487,299.8,921.5,295,9,21,",",1,class->block->constructor->parameter_list
2,141,rectangle_java2.jpg,rectangle_java2.jpg,11580547506,148,929.7286486486487,299.8,939.5,295,33,21,int,3,class->block->constructor->parameter_list->parameter->decl->type->name
2,141,rectangle_java2.jpg,rectangle_java2.jpg,11580708027,116,813.1324137931034,334.08620689655174,806.5,331,15,19,=,1,class->block->constructor->block->block_content->expr_stmt->expr->operator
2,141,rectangle_java2.jpg,rectangle_java2.jpg,11580836062,124,818.6764516129032,340.3706451612903,806.5,331,15,19,=,1,class->block->constructor->block->block_content->expr_stmt->expr->operator
2,141,rectangle_java2.jpg,rectangle_java2.jpg,11580836062,124,818.6764516129032,340.3706451612903,826.5,331,23,19,x1,2,class->block->constructor->block->block_content->expr_stmt->expr->name->name
2,141,rectangle_java2.jpg,rectangle_java2.jpg,11581036374,196,801.9620408163265,335.94591836734696,806.5,331,15,19,=,1,class->block->constructor->block->block_content->expr_stmt->expr->operator
2,141,rectangle_java2.jpg,rectangle_java2.jpg,11581648073,288,809.1141666666666,372.33472222222224,806.5,367,15,21,=,1,class->block->constructor->block->block_content->expr_stmt->expr->operator
2,141,rectangle_java2.jpg,rectangle_java2.jpg,11581744049,92,851.4704347826087,379.01652173913044,856.5,367,10,21,;,1,class->block->constructor->block->block_content->expr_stmt
2,141,rectangle_java2.jpg,rectangle_java2.jpg,11581971799,224,854.1117857142857,380.6614285714286,856.5,367,10,21,;,1,class->block->constructor->block->block_content->expr_stmt
2,141,rectangle_java2.jpg,rectangle_java2.jpg,11582115904,140,836.8048571428571,376.224,826.5,367,23,21,y1,2,class->block->constructor->block->block_content->expr_stmt->expr->name->name
2,141,rectangle_java2.jpg,rectangle_java2.jpg,11582940020,324,807.6688888888889,397.19925925925924,806.5,404,15,19,=,1,class->block->constructor->block->block_content->expr_stmt->expr->operator
2,141,rectangle_java2.jpg,rectangle_java2.jpg,11583343918,180,823.2077777777778,308.26,737.5,295,91,21,Rectangle,9,class->block->constructor->name
2,141,rectangle_java2.jpg,rectangle_java2.jpg,11583555933,172,762.5358139534884,274.49976744186046,747.5,259,33,21,int,3,class->block->decl_stmt->decl->type->name
2,141,rectangle_java2.jpg,rectangle_java2.jpg,11583699961,116,821.1406896551724,292.0331034482759,737.5,295,91,21,Rectangle,9,class->block->constructor->name
2,141,rectangle_java2.jpg,rectangle_java2.jpg,11584795807,56,763.9135714285715,214.8542857142857,715.5,222,90,21,Rectangle,9,class->name
2,141,rectangle_java2.jpg,rectangle_java2.jpg,11587491690,180,803.4928888888888,515.5095555555556,775.5,512,53,21,width,5,class->block->function->name
2,141,rectangle_java2.jpg,rectangle_java2.jpg,11587571571,76,802.3115789473684,510.65210526315786,775.5,512,53,21,width,5,class->block->function->name
2,141,rectangle_java2.jpg,rectangle_java2.jpg,11587723377,148,857.9343243243243,520.4518918918919,854.5,512,9,21,),1,class->block->function->parameter_list
2,141,rectangle_java2.jpg,rectangle_java2.jpg,11587811422,84,860.9771428571429,521.2780952380953,854.5,512,9,21,),1,class->block->function->parameter_list
2,141,rectangle_java2.jpg,rectangle_java2.jpg,11588023573,180,936.96,521.1575555555555,891.5,512,62,21,return,6,class->block->function->block->block_content->return->expr->name->name
2,141,rectangle_java2.jpg,rectangle_java2.jpg,11588095601,60,1086.786,516.3186666666667,1054.5,512,71,21,this.x1,7,class->block->function->block->block_content->return->expr->name->name->operator->name
2,141,rectangle_java2.jpg,rectangle_java2.jpg,11588219586,120,1095.3586666666667,512.8693333333333,1054.5,512,71,21,this.x1,7,class->block->function->block->block_content->return->expr->name->name->operator->name
2,141,rectangle_java2.jpg,rectangle_java2.jpg,11588507496,252,1158.2671428571427,517.038253968254,1152.5,512,10,21,},1,class->block
2,141,rectangle_java2.jpg,rectangle_java2.jpg,11588883542,164,880.7148780487805,560.3526829268293,883.5,549,10,21,{,1,class->block->function->block
2,141,rectangle_java2.jpg,rectangle_java2.jpg,11588943548,56,855.5328571428571,559.7257142857143,846.5,549,10,21,(,1,class->block->function->parameter_list
2,141,rectangle_java2.jpg,rectangle_java2.jpg,11588943548,56,855.5328571428571,559.7257142857143,863.5,549,9,21,),1,class->block->function->parameter_list
2,141,rectangle_java2.jpg,rectangle_java2.jpg,11589023567,76,856.5921052631579,566.8752631578948,863.5,549,9,21,),1,class->block->function->parameter_list
2,141,rectangle_java2.jpg,rectangle_java2.jpg,11589215529,140,926.7114285714285,560.6197142857143,900.5,549,63,21,return,6,class->block->function->block->block_content->return
2,141,rectangle_java2.jpg,rectangle_java2.jpg,11589479192,248,1035.590322580645,558.5058064516129,968.5,549,70,21,this.y2,7,class->block->function->block->block_content->return->expr->name->name->operator->name
2,141,rectangle_java2.jpg,rectangle_java2.jpg,11589479192,248,1035.590322580645,558.5058064516129,1045.5,549,13,21,-,1,class->block->function->block->block_content->return->expr->operator
2,141,rectangle_java2.jpg,rectangle_java2.jpg,11589671290,160,1115.9355,562.53875,1064.5,549,71,21,this.y1,7,class->block->function->block->block_content->return->expr->name->name->operator->name
2,141,rectangle_java2.jpg,rectangle_java2.jpg,11589763356,88,1116.3872727272728,557.5359090909091,1064.5,549,71,21,this.y1,7,class->block->function->block->block_content->return->expr->name->name->operator->name
2,141,rectangle_java2.jpg,rectangle_java2.jpg,11589911361,144,1087.1377777777777,561.6161111111111,1064.5,549,71,21,this.y1,7,class->block->function->block->block_content->return->expr->name->name->operator->name
2,141,rectangle_java2.jpg,rectangle_java2.jpg,11590163552,248,1085.5940322580645,554.8517741935484,1064.5,549,71,21,this.y1,7,class->block->function->block->block_content->return->expr->name->name->operator->name
2,141,rectangle_java2.jpg,rectangle_java2.jpg,11590479420,236,816.1322033898305,573.4247457627118,804.5,585,43,21,area,4,class->block->function->name
2,141,rectangle_java2.jpg,rectangle_java2.jpg,11590643421,132,885.72,629.7145454545455,851.5,621,44,21,main,4,class->block->function->name
2,141,rectangle_java2.jpg,rectangle_java2.jpg,11590743409,96,883.2366666666667,630.7075,851.5,621,44,21,main,4,class->block->function->name
2,141,rectangle_java2.jpg,rectangle_java2.jpg,11590843396,84,969.072380952381,625.8119047619048,920.5,621,62,21,String,6,class->block->function->parameter_list->parameter->decl->type->name->name
2,141,rectangle_java2.jpg,rectangle_java2.jpg,11590967384,112,1074.8075,623.6989285714286,1074.5,621,10,21,),1,class->block->function->parameter_list
2,141,rectangle_java2.jpg,rectangle_java2.jpg,11591103390,132,1080.139696969697,624.359393939394,1074.5,621,10,21,),1,class->block->function->parameter_list
2,141,rectangle_java2.jpg,rectangle_java2.jpg,11592207145,228,1121.3861403508772,526.8391228070176,1054.5,512,71,21,this.x1,7,class->block->function->block->block_content->return->expr->name->name->operator->name
2,141,rectangle_java2.jpg,rectangle_java2.jpg,11592207145,228,1121.3861403508772,526.8391228070176,1132.5,512,10,21,;,1,class->block->function->block
2,141,rectangle_java2.jpg,rectangle_java2.jpg,11592390804,132,973.8151515151515,562.3287878787879,968.5,549,70,21,this.y2,7,class->block->function->block->block_content->return->expr->name->name->operator->name
2,141,rectangle_java2.jpg,rectangle_java2.jpg,11592615109,176,1072.3738636363637,565.3943181818182,1064.5,549,71,21,this.y1,7,class->block->function->block->block_content->return->expr->name->name->operator->name
2,141,rectangle_java2.jpg,rectangle_java2.jpg,11592699194,80,1072.4735,558.6385,1064.5,549,71,21,this.y1,7,class->block->function->block->block_content->return->expr->name->name->operator->name
2,141,rectangle_java2.jpg,rectangle_java2.jpg,11592767236,64,1074.44625,569.445625,1064.5,549,71,21,this.y1,7,class->block->function->block->block_content->return->expr->name->name->operator->name
2,141,rectangle_java2.jpg,rectangle_java2.jpg,11592871247,64,793.54875,641.9475,738.5,621,61,21,static,6,class->block->function->type->specifier
2,141,rectangle_java2.jpg,rectangle_java2.jpg,11592871247,64,793.54875,641.9475,804.5,621,44,21,void,4,class->block->function->type->name
2,141,rectangle_java2.jpg,rectangle_java2.jpg,11592987250,112,790.7935714285715,646.0471428571428,730.5,658,91,20,Rectangle,9,class->block->function->block->block_content->decl_stmt->decl->type->name
2,141,rectangle_java2.jpg,rectangle_java2.jpg,11593419322,56,954.1335714285715,689.4857142857143,932.5,694,100,21,rect1.area,10,class->block->function->block->block_content->expr_stmt->expr->call->argument_list->argument->expr->call->name->name->operator->name
2,141,rectangle_java2.jpg,rectangle_java2.jpg,11593695151,272,958.7675,701.5944117647059,932.5,694,100,21,rect1.area,10,class->block->function->block->block_content->expr_stmt->expr->call->argument_list->argument->expr->call->name->name->operator->name
2,141,rectangle_java2.jpg,rectangle_java2.jpg,11593987116,220,848.2901818181818,675.8761818181819,826.5,658,52,20,rect1,5,class->block->function->block->block_content->decl_stmt->decl->name
2,141,rectangle_java2.jpg,rectangle_java2.jpg,11594218814,188,886.3525531914894,682.4653191489361,730.5,694,177,21,System.out.println,18,class->block->function->block->block_content->expr_stmt->expr->call->name->name->operator->name->operator->name
2,141,rectangle_java2.jpg,rectangle_java2.jpg,11594495078,244,925.4206557377049,695.823606557377,916.5,694,9,21,(,1,class->block->function->block->block_content->expr_stmt->expr->call->argument_list
2,141,rectangle_java2.jpg,rectangle_java2.jpg,11594495078,244,925.4206557377049,695.823606557377,932.5,694,100,21,rect1.area,10,class->block->function->block->block_content->expr_stmt->expr->call->argument_list->argument->expr->call->name->name->operator->name
2,141,rectangle_java2.jpg,rectangle_java2.jpg,11594595117,96,973.88875,694.2741666666667,932.5,694,100,21,rect1.area,10,class->block->function->block->block_content->expr_stmt->expr->call->argument_list->argument->expr->call->name->name->operator->name
2,141,rectangle_java2.jpg,rectangle_java2.jpg,11594747130,148,978.1575675675675,695.85,932.5,694,100,21,rect1.area,10,class->block->function->block->block_content->expr_stmt->expr->call->argument_list->argument->expr->call->name->name->operator->name
2,141,rectangle_java2.jpg,rectangle_java2.jpg,11594919122,116,817.7406896551724,540.6293103448276,775.5,549,62,21,height,6,class->block->function->name
2,141,rectangle_java2.jpg,rectangle_java2.jpg,11596034994,108,784.4692592592593,763.5181481481482,730.5,766,177,21,System.out.println,18,class->block->function->block->block_content->expr_stmt->expr->call->name->name->operator->name->operator->name
2,141,rectangle_java2.jpg,rectangle_java2.jpg,11596222999,152,747.5515789473684,785.1465789473684,730.5,766,177,21,System.out.println,18,class->block->function->block->block_content->expr_stmt->expr->call->name->name->operator->name->operator->name
