trial,participant,code_file,code_language,timestamp,duration,x_cord,y_cord,aoi_x,aoi_y,aoi_width,aoi_height,token,length,srcML
2,142,rectangle_java2.jpg,rectangle_java2.jpg,16241032840,156,845.6994871794872,514.6494871794872,837.5,512,9,21,(,1,class->block->function->parameter_list
2,142,rectangle_java2.jpg,rectangle_java2.jpg,16241032840,156,845.6994871794872,514.6494871794872,854.5,512,9,21,),1,class->block->function->parameter_list
2,142,rectangle_java2.jpg,rectangle_java2.jpg,16243972545,160,733.34725,251.885,669.5,259,72,21,private,7,class->block->decl_stmt->decl->type->specifier
2,142,rectangle_java2.jpg,rectangle_java2.jpg,16244044567,68,727.275294117647,261.50235294117647,669.5,259,72,21,private,7,class->block->decl_stmt->decl->type->specifier
2,142,rectangle_java2.jpg,rectangle_java2.jpg,16244280545,196,804.4236734693877,253.05857142857144,785.5,259,23,21,x1,2,class->block->decl_stmt->decl->name
2,142,rectangle_java2.jpg,rectangle_java2.jpg,16244280545,196,804.4236734693877,253.05857142857144,815.5,259,10,21,",",1,class->block->decl_stmt
2,142,rectangle_java2.jpg,rectangle_java2.jpg,16244700606,416,807.1843269230769,264.6056730769231,785.5,259,23,21,x1,2,class->block->decl_stmt->decl->name
2,142,rectangle_java2.jpg,rectangle_java2.jpg,16244700606,416,807.1843269230769,264.6056730769231,815.5,259,10,21,",",1,class->block->decl_stmt
2,142,rectangle_java2.jpg,rectangle_java2.jpg,16245228620,244,800.5554098360656,241.82081967213117,715.5,222,90,21,Rectangle,9,class->name
2,142,rectangle_java2.jpg,rectangle_java2.jpg,16246368484,72,850.7416666666667,310.865,853.5,295,32,21,int,3,class->block->constructor->parameter_list->parameter->decl->type->name
2,142,rectangle_java2.jpg,rectangle_java2.jpg,16246452487,80,858.872,309.0185,853.5,295,32,21,int,3,class->block->constructor->parameter_list->parameter->decl->type->name
2,142,rectangle_java2.jpg,rectangle_java2.jpg,16246644457,156,801.3351282051282,295.60205128205126,737.5,295,91,21,Rectangle,9,class->block->constructor->name
2,142,rectangle_java2.jpg,rectangle_java2.jpg,16246848427,148,820.96,295.1618918918919,737.5,295,91,21,Rectangle,9,class->block->constructor->name
2,142,rectangle_java2.jpg,rectangle_java2.jpg,16246956439,104,825.0573076923077,285.0230769230769,737.5,295,91,21,Rectangle,9,class->block->constructor->name
2,142,rectangle_java2.jpg,rectangle_java2.jpg,16246956439,104,825.0573076923077,285.0230769230769,837.5,295,9,21,(,1,class->block->constructor->parameter_list
2,142,rectangle_java2.jpg,rectangle_java2.jpg,16247084449,104,853.2896153846154,327.97115384615387,856.5,331,10,19,;,1,class->block->constructor->block->block_content->expr_stmt
2,142,rectangle_java2.jpg,rectangle_java2.jpg,16247172449,84,838.3219047619048,320.31714285714287,826.5,331,23,19,x1,2,class->block->constructor->block->block_content->expr_stmt->expr->name->name
2,142,rectangle_java2.jpg,rectangle_java2.jpg,16247320387,144,826.1058333333333,328.9877777777778,826.5,331,23,19,x1,2,class->block->constructor->block->block_content->expr_stmt->expr->name->name
2,142,rectangle_java2.jpg,rectangle_java2.jpg,16247420282,68,838.5958823529412,360.27764705882356,826.5,367,23,21,y1,2,class->block->constructor->block->block_content->expr_stmt->expr->name->name
2,142,rectangle_java2.jpg,rectangle_java2.jpg,16247564232,140,846.7,365.4742857142857,826.5,367,23,21,y1,2,class->block->constructor->block->block_content->expr_stmt->expr->name->name
2,142,rectangle_java2.jpg,rectangle_java2.jpg,16247564232,140,846.7,365.4742857142857,856.5,367,10,21,;,1,class->block->constructor->block->block_content->expr_stmt
2,142,rectangle_java2.jpg,rectangle_java2.jpg,16247628239,60,843.444,379.158,826.5,367,23,21,y1,2,class->block->constructor->block->block_content->expr_stmt->expr->name->name
2,142,rectangle_java2.jpg,rectangle_java2.jpg,16247776291,144,829.7061111111111,368.48555555555555,826.5,367,23,21,y1,2,class->block->constructor->block->block_content->expr_stmt->expr->name->name
2,142,rectangle_java2.jpg,rectangle_java2.jpg,16247932316,92,832.12,380.485652173913,826.5,367,23,21,y1,2,class->block->constructor->block->block_content->expr_stmt->expr->name->name
2,142,rectangle_java2.jpg,rectangle_java2.jpg,16247992320,56,825.155,386.5385714285714,826.5,367,23,21,y1,2,class->block->constructor->block->block_content->expr_stmt->expr->name->name
2,142,rectangle_java2.jpg,rectangle_java2.jpg,16248076323,80,833.3405,394.33,826.5,404,23,19,x2,2,class->block->constructor->block->block_content->expr_stmt->expr->name->name
2,142,rectangle_java2.jpg,rectangle_java2.jpg,16248692296,72,857.5594444444445,370.6794444444444,856.5,367,10,21,;,1,class->block->constructor->block->block_content->expr_stmt
2,142,rectangle_java2.jpg,rectangle_java2.jpg,16248752306,56,849.8892857142857,386.3642857142857,856.5,367,10,21,;,1,class->block->constructor->block->block_content->expr_stmt
2,142,rectangle_java2.jpg,rectangle_java2.jpg,16248840315,84,859.7833333333333,383.95952380952383,856.5,367,10,21,;,1,class->block->constructor->block->block_content->expr_stmt
2,142,rectangle_java2.jpg,rectangle_java2.jpg,16248956332,72,855.1605555555556,361.0127777777778,856.5,367,10,21,;,1,class->block->constructor->block->block_content->expr_stmt
2,142,rectangle_java2.jpg,rectangle_java2.jpg,16249028356,68,849.9676470588236,375.8135294117647,856.5,367,10,21,;,1,class->block->constructor->block->block_content->expr_stmt
2,142,rectangle_java2.jpg,rectangle_java2.jpg,16249544012,152,909.6915789473684,307.6776315789474,890.5,295,24,21,x1,2,class->block->constructor->parameter_list->parameter->decl->type->name
2,142,rectangle_java2.jpg,rectangle_java2.jpg,16249544012,152,909.6915789473684,307.6776315789474,921.5,295,9,21,",",1,class->block->constructor->parameter_list
2,142,rectangle_java2.jpg,rectangle_java2.jpg,16249744131,168,882.6035714285714,301.85857142857145,853.5,295,32,21,int,3,class->block->constructor->parameter_list->parameter->decl->type->name
2,142,rectangle_java2.jpg,rectangle_java2.jpg,16249744131,168,882.6035714285714,301.85857142857145,890.5,295,24,21,x1,2,class->block->constructor->parameter_list->parameter->decl->type->name
2,142,rectangle_java2.jpg,rectangle_java2.jpg,16249912146,112,843.36,265.06142857142856,833.5,259,23,21,y1,2,class->block->decl_stmt->decl->name
2,142,rectangle_java2.jpg,rectangle_java2.jpg,16250064158,148,847.4710810810811,253.32513513513516,833.5,259,23,21,y1,2,class->block->decl_stmt->decl->name
2,142,rectangle_java2.jpg,rectangle_java2.jpg,16250204157,60,917.5446666666667,286.86466666666666,921.5,295,9,21,",",1,class->block->constructor->parameter_list
2,142,rectangle_java2.jpg,rectangle_java2.jpg,16250320165,112,918.7867857142857,296.4014285714286,921.5,295,9,21,",",1,class->block->constructor->parameter_list
2,142,rectangle_java2.jpg,rectangle_java2.jpg,16250396168,72,907.4588888888889,277.74888888888887,911.5,259,10,21,",",1,class->block->decl_stmt
2,142,rectangle_java2.jpg,rectangle_java2.jpg,16250776206,144,831.8838888888889,312.2936111111111,837.5,295,9,21,(,1,class->block->constructor->parameter_list
2,142,rectangle_java2.jpg,rectangle_java2.jpg,16250880174,100,840.282,312.6684,837.5,295,9,21,(,1,class->block->constructor->parameter_list
2,142,rectangle_java2.jpg,rectangle_java2.jpg,16252736040,64,846.5375,400.301875,826.5,404,23,19,x2,2,class->block->constructor->block->block_content->expr_stmt->expr->name->name
2,142,rectangle_java2.jpg,rectangle_java2.jpg,16252736040,64,846.5375,400.301875,856.5,404,10,19,;,1,class->block->constructor->block->block_content->expr_stmt
2,142,rectangle_java2.jpg,rectangle_java2.jpg,16252896087,108,845.0177777777778,366.3174074074074,826.5,367,23,21,y1,2,class->block->constructor->block->block_content->expr_stmt->expr->name->name
2,142,rectangle_java2.jpg,rectangle_java2.jpg,16252896087,108,845.0177777777778,366.3174074074074,856.5,367,10,21,;,1,class->block->constructor->block->block_content->expr_stmt
2,142,rectangle_java2.jpg,rectangle_java2.jpg,16254219903,60,991.2953333333334,502.196,958.5,512,71,21,this.x2,7,class->block->function->block->block_content->return->expr->name->name->operator->name->operator
2,142,rectangle_java2.jpg,rectangle_java2.jpg,16254371924,148,997.5364864864865,502.0978378378379,958.5,512,71,21,this.x2,7,class->block->function->block->block_content->return->expr->name->name->operator->name->operator
2,142,rectangle_java2.jpg,rectangle_java2.jpg,16254739936,164,958.9178048780487,501.47536585365856,958.5,512,71,21,this.x2,7,class->block->function->block->block_content->return->expr->name->name->operator->name->operator
2,142,rectangle_java2.jpg,rectangle_java2.jpg,16254847935,76,846.7505263157894,511.4910526315789,854.5,512,9,21,),1,class->block->function->parameter_list
2,142,rectangle_java2.jpg,rectangle_java2.jpg,16254939909,88,847.0022727272727,520.765,854.5,512,9,21,),1,class->block->function->parameter_list
2,142,rectangle_java2.jpg,rectangle_java2.jpg,16255087773,76,881.4268421052632,543.1921052631579,883.5,549,10,21,{,1,class->block->function->block
2,142,rectangle_java2.jpg,rectangle_java2.jpg,16255175628,84,875.0638095238095,531.1661904761905,874.5,512,10,21,{,1,class->block->function->block
2,142,rectangle_java2.jpg,rectangle_java2.jpg,16255295664,116,881.5575862068965,543.5862068965517,883.5,549,10,21,{,1,class->block->function->block
2,142,rectangle_java2.jpg,rectangle_java2.jpg,16255447778,148,864.9405405405405,532.2359459459459,874.5,512,10,21,{,1,class->block->function->block
2,142,rectangle_java2.jpg,rectangle_java2.jpg,16255715768,212,1047.4677358490567,552.0758490566038,1045.5,549,13,21,-,1,class->block->function->block->block_content->return->expr->operator
2,142,rectangle_java2.jpg,rectangle_java2.jpg,16255887748,124,1035.463870967742,536.8661290322581,968.5,549,70,21,this.y2,7,class->block->function->block->block_content->return->expr->name->name->operator->name
2,142,rectangle_java2.jpg,rectangle_java2.jpg,16255887748,124,1035.463870967742,536.8661290322581,1045.5,549,13,21,-,1,class->block->function->block->block_content->return->expr->operator
2,142,rectangle_java2.jpg,rectangle_java2.jpg,16255991749,100,1042.6808,549.2288,1045.5,549,13,21,-,1,class->block->function->block->block_content->return->expr->operator
2,142,rectangle_java2.jpg,rectangle_java2.jpg,16256055744,60,1022.3093333333334,558.1573333333333,968.5,549,70,21,this.y2,7,class->block->function->block->block_content->return->expr->name->name->operator->name
2,142,rectangle_java2.jpg,rectangle_java2.jpg,16256251725,192,1025.9785416666666,531.1439583333333,958.5,512,71,21,this.x2,7,class->block->function->block->block_content->return->expr->name->name->operator->name->operator
2,142,rectangle_java2.jpg,rectangle_java2.jpg,16256251725,192,1025.9785416666666,531.1439583333333,1035.5,512,13,21,-,1,class->block->function->block->block_content->return->expr->name->name
2,142,rectangle_java2.jpg,rectangle_java2.jpg,16256423770,120,1166.7163333333333,538.0493333333334,1161.5,549,10,21,},1,class->block->function->block
2,142,rectangle_java2.jpg,rectangle_java2.jpg,16256619757,72,1138.9127777777778,542.7933333333333,1142.5,549,10,21,;,1,class->block->function->block->block_content->return
2,142,rectangle_java2.jpg,rectangle_java2.jpg,16256827766,84,1006.7766666666666,563.3519047619047,968.5,549,70,21,this.y2,7,class->block->function->block->block_content->return->expr->name->name->operator->name
2,142,rectangle_java2.jpg,rectangle_java2.jpg,16256959689,128,1006.2615625,562.908125,968.5,549,70,21,this.y2,7,class->block->function->block->block_content->return->expr->name->name->operator->name
2,142,rectangle_java2.jpg,rectangle_java2.jpg,16257307675,136,1049.5811764705882,577.5135294117647,977.5,585,101,21,this.width,10,class->block->function->block->block_content->return->expr->call->name->name->operator->name
2,142,rectangle_java2.jpg,rectangle_java2.jpg,16257387653,76,1046.6073684210526,580.5926315789474,977.5,585,101,21,this.width,10,class->block->function->block->block_content->return->expr->call->name->name->operator->name
2,142,rectangle_java2.jpg,rectangle_java2.jpg,16257503658,76,940.1210526315789,562.9431578947368,900.5,549,63,21,return,6,class->block->function->block->block_content->return
2,142,rectangle_java2.jpg,rectangle_java2.jpg,16257595657,88,941.3440909090909,555.5018181818182,900.5,549,63,21,return,6,class->block->function->block->block_content->return
2,142,rectangle_java2.jpg,rectangle_java2.jpg,16257891635,232,838.3163793103448,552.438448275862,846.5,549,10,21,(,1,class->block->function->parameter_list
2,142,rectangle_java2.jpg,rectangle_java2.jpg,16258095630,156,803.73,517.2666666666667,775.5,512,53,21,width,5,class->block->function->name
2,142,rectangle_java2.jpg,rectangle_java2.jpg,16258155618,56,812.0607142857143,528.0671428571428,775.5,512,53,21,width,5,class->block->function->name
2,142,rectangle_java2.jpg,rectangle_java2.jpg,16258343591,136,781.1064705882353,537.3620588235294,775.5,549,62,21,height,6,class->block->function->name
2,142,rectangle_java2.jpg,rectangle_java2.jpg,16258451633,104,791.2915384615385,540.9742307692308,775.5,549,62,21,height,6,class->block->function->name
2,142,rectangle_java2.jpg,rectangle_java2.jpg,16258663697,176,932.4327272727272,511.6138636363637,891.5,512,62,21,return,6,class->block->function->block->block_content->return->expr->name->name
2,142,rectangle_java2.jpg,rectangle_java2.jpg,16258879590,152,1028.979210526316,525.5302631578948,958.5,512,71,21,this.x2,7,class->block->function->block->block_content->return->expr->name->name->operator->name->operator
2,142,rectangle_java2.jpg,rectangle_java2.jpg,16258879590,152,1028.979210526316,525.5302631578948,1035.5,512,13,21,-,1,class->block->function->block->block_content->return->expr->name->name
2,142,rectangle_java2.jpg,rectangle_java2.jpg,16259059483,152,1066.9292105263157,554.6060526315789,1064.5,549,71,21,this.y1,7,class->block->function->block->block_content->return->expr->name->name->operator->name
2,142,rectangle_java2.jpg,rectangle_java2.jpg,16259159502,96,1051.7445833333334,546.2825,1045.5,549,13,21,-,1,class->block->function->block->block_content->return->expr->operator
2,142,rectangle_java2.jpg,rectangle_java2.jpg,16259383500,136,1120.1723529411765,543.8358823529412,1064.5,549,71,21,this.y1,7,class->block->function->block->block_content->return->expr->name->name->operator->name
2,142,rectangle_java2.jpg,rectangle_java2.jpg,16259563547,124,1120.151612903226,532.3383870967742,1054.5,512,71,21,this.x1,7,class->block->function->block->block_content->return->expr->name->name->operator->name
2,142,rectangle_java2.jpg,rectangle_java2.jpg,16259563547,124,1120.151612903226,532.3383870967742,1132.5,512,10,21,;,1,class->block->function->block
2,142,rectangle_java2.jpg,rectangle_java2.jpg,16259731513,96,880.2254166666667,537.2379166666667,883.5,549,10,21,{,1,class->block->function->block
2,142,rectangle_java2.jpg,rectangle_java2.jpg,16259839482,104,878.6661538461539,547.0396153846153,883.5,549,10,21,{,1,class->block->function->block
2,142,rectangle_java2.jpg,rectangle_java2.jpg,16259959456,116,880.0455172413793,530.9275862068965,874.5,512,10,21,{,1,class->block->function->block
2,142,rectangle_java2.jpg,rectangle_java2.jpg,16259959456,116,880.0455172413793,530.9275862068965,891.5,512,62,21,return,6,class->block->function->block->block_content->return->expr->name->name
2,142,rectangle_java2.jpg,rectangle_java2.jpg,16260171496,148,868.7051351351352,597.5,873.5,585,9,21,),1,class->block->function->parameter_list
2,142,rectangle_java2.jpg,rectangle_java2.jpg,16260275523,60,886.146,641.2533333333333,851.5,621,44,21,main,4,class->block->function->name
2,142,rectangle_java2.jpg,rectangle_java2.jpg,16260431537,152,882.475,652.073947368421,883.5,658,15,20,=,1,class->block->function->block->block_content->decl_stmt->decl->init
2,142,rectangle_java2.jpg,rectangle_java2.jpg,16260507527,60,1019.0153333333334,651.6126666666667,941.5,658,91,20,Rectangle,9,class->block->function->block->block_content->decl_stmt->decl->init->expr->call->name
2,142,rectangle_java2.jpg,rectangle_java2.jpg,16260635522,124,1028.9651612903226,649.2403225806452,941.5,658,91,20,Rectangle,9,class->block->function->block->block_content->decl_stmt->decl->init->expr->call->name
2,142,rectangle_java2.jpg,rectangle_java2.jpg,16260695525,56,1059.9857142857143,658.65,1057.5,658,13,20,0,1,class->block->function->block->block_content->decl_stmt->decl->init->expr->call->argument_list->argument->expr->literal
2,142,rectangle_java2.jpg,rectangle_java2.jpg,16260803476,104,1068.241923076923,658.4357692307692,1057.5,658,13,20,0,1,class->block->function->block->block_content->decl_stmt->decl->init->expr->call->argument_list->argument->expr->literal
2,142,rectangle_java2.jpg,rectangle_java2.jpg,16260803476,104,1068.241923076923,658.4357692307692,1077.5,658,9,20,",",1,class->block->function->block->block_content->decl_stmt->decl->init->expr->call->argument_list
2,142,rectangle_java2.jpg,rectangle_java2.jpg,16260947265,64,820.568125,589.6850000000001,804.5,585,43,21,area,4,class->block->function->name
2,142,rectangle_java2.jpg,rectangle_java2.jpg,16261015234,64,818.543125,597.068125,804.5,585,43,21,area,4,class->block->function->name
2,142,rectangle_java2.jpg,rectangle_java2.jpg,16261163322,88,830.1909090909091,598.4622727272728,804.5,585,43,21,area,4,class->block->function->name
2,142,rectangle_java2.jpg,rectangle_java2.jpg,16261311358,92,803.3339130434782,583.5786956521739,804.5,585,43,21,area,4,class->block->function->name
2,142,rectangle_java2.jpg,rectangle_java2.jpg,16261407381,60,893.9553333333333,530.948,891.5,512,62,21,return,6,class->block->function->block->block_content->return->expr->name->name
2,142,rectangle_java2.jpg,rectangle_java2.jpg,16261511403,100,896.94,510.75479999999993,891.5,512,62,21,return,6,class->block->function->block->block_content->return->expr->name->name
2,142,rectangle_java2.jpg,rectangle_java2.jpg,16261643410,56,1047.8185714285714,554.2785714285715,1045.5,549,13,21,-,1,class->block->function->block->block_content->return->expr->operator
2,142,rectangle_java2.jpg,rectangle_java2.jpg,16261899399,212,1048.9533962264152,573.8266037735849,977.5,585,101,21,this.width,10,class->block->function->block->block_content->return->expr->call->name->name->operator->name
2,142,rectangle_java2.jpg,rectangle_java2.jpg,16262003419,76,1101.2347368421053,653.6715789473684,1095.5,658,13,20,0,1,class->block->function->block->block_content->decl_stmt->decl->init->expr->call->argument_list->argument->expr->literal
2,142,rectangle_java2.jpg,rectangle_java2.jpg,16262155425,148,1091.6918918918918,653.4581081081081,1095.5,658,13,20,0,1,class->block->function->block->block_content->decl_stmt->decl->init->expr->call->argument_list->argument->expr->literal
2,142,rectangle_java2.jpg,rectangle_java2.jpg,16262399432,64,1233.984375,662.901875,1231.5,658,10,20,;,1,class->block->function->block->block_content->decl_stmt
2,142,rectangle_java2.jpg,rectangle_java2.jpg,16262611308,136,1235.1964705882353,663.7758823529412,1231.5,658,10,20,;,1,class->block->function->block->block_content->decl_stmt
2,142,rectangle_java2.jpg,rectangle_java2.jpg,16262778951,132,1210.8572727272726,658.1730303030303,1211.5,658,9,20,),1,class->block->function->block->block_content->decl_stmt->decl->init->expr->call->argument_list
2,142,rectangle_java2.jpg,rectangle_java2.jpg,16262899067,92,1145.3621739130435,580.914347826087,1140.5,585,110,21,this.height,11,class->block->function->block->block_content->return->expr->call->name->name->operator->name
2,142,rectangle_java2.jpg,rectangle_java2.jpg,16262999194,96,1138.2658333333334,578.2004166666667,1140.5,585,110,21,this.height,11,class->block->function->block->block_content->return->expr->call->name->name->operator->name
2,142,rectangle_java2.jpg,rectangle_java2.jpg,16263187283,184,1112.1154347826086,577.2439130434783,1103.5,585,9,21,),1,class->block->function->block->block_content->return->expr->call->argument_list
2,142,rectangle_java2.jpg,rectangle_java2.jpg,16263187283,184,1112.1154347826086,577.2439130434783,1122.5,585,12,21,*,1,class->block->function->block->block_content->return->expr->operator
2,142,rectangle_java2.jpg,rectangle_java2.jpg,16263491329,148,1072.3748648648648,528.7967567567567,1054.5,512,71,21,this.x1,7,class->block->function->block->block_content->return->expr->name->name->operator->name
2,142,rectangle_java2.jpg,rectangle_java2.jpg,16263631327,136,1045.4391176470588,537.7041176470589,1045.5,549,13,21,-,1,class->block->function->block->block_content->return->expr->operator
2,142,rectangle_java2.jpg,rectangle_java2.jpg,16263695293,60,1061.9446666666665,538.7386666666666,1064.5,549,71,21,this.y1,7,class->block->function->block->block_content->return->expr->name->name->operator->name
2,142,rectangle_java2.jpg,rectangle_java2.jpg,16263799240,64,1139.701875,545.090625,1142.5,549,10,21,;,1,class->block->function->block->block_content->return
2,142,rectangle_java2.jpg,rectangle_java2.jpg,16264003291,200,1140.6792,538.27,1142.5,549,10,21,;,1,class->block->function->block->block_content->return
2,142,rectangle_java2.jpg,rectangle_java2.jpg,16264479256,168,1168.6235714285715,547.5180952380953,1161.5,549,10,21,},1,class->block->function->block
2,142,rectangle_java2.jpg,rectangle_java2.jpg,16264715181,172,959.1811627906976,657.986511627907,941.5,658,91,20,Rectangle,9,class->block->function->block->block_content->decl_stmt->decl->init->expr->call->name
2,142,rectangle_java2.jpg,rectangle_java2.jpg,16264991101,76,785.0347368421053,719.4636842105263,730.5,731,91,20,Rectangle,9,class->block->function->block->block_content->decl_stmt->decl->type->name
2,142,rectangle_java2.jpg,rectangle_java2.jpg,16265159122,164,778.3563414634147,734.4570731707317,730.5,731,91,20,Rectangle,9,class->block->function->block->block_content->decl_stmt->decl->type->name
2,142,rectangle_java2.jpg,rectangle_java2.jpg,16265267125,104,771.8803846153846,728.6988461538461,730.5,731,91,20,Rectangle,9,class->block->function->block->block_content->decl_stmt->decl->type->name
2,142,rectangle_java2.jpg,rectangle_java2.jpg,16265503142,80,882.9845,726.167,883.5,731,15,20,=,1,class->block->function->block->block_content->decl_stmt->decl->init
2,142,rectangle_java2.jpg,rectangle_java2.jpg,16265599153,92,879.2913043478261,709.3060869565218,730.5,694,177,21,System.out.println,18,class->block->function->block->block_content->expr_stmt->expr->call->name->name->operator->name->operator->name
2,142,rectangle_java2.jpg,rectangle_java2.jpg,16265763106,128,951.45875,707.189375,932.5,694,100,21,rect1.area,10,class->block->function->block->block_content->expr_stmt->expr->call->argument_list->argument->expr->call->name->name->operator->name
2,142,rectangle_java2.jpg,rectangle_java2.jpg,16265895105,128,949.4940625,703.8578125,932.5,694,100,21,rect1.area,10,class->block->function->block->block_content->expr_stmt->expr->call->argument_list->argument->expr->call->name->name->operator->name
2,142,rectangle_java2.jpg,rectangle_java2.jpg,16265995119,96,959.225,705.5725,932.5,694,100,21,rect1.area,10,class->block->function->block->block_content->expr_stmt->expr->call->argument_list->argument->expr->call->name->name->operator->name
2,142,rectangle_java2.jpg,rectangle_java2.jpg,16269986823,60,1034.7453333333333,710.298,1041.5,694,9,21,(,1,class->block->function->block->block_content->expr_stmt->expr->call->argument_list->argument->expr->call->argument_list
2,142,rectangle_java2.jpg,rectangle_java2.jpg,16270118833,128,1037.7234375,711.449375,1041.5,694,9,21,(,1,class->block->function->block->block_content->expr_stmt->expr->call->argument_list->argument->expr->call->argument_list
2,142,rectangle_java2.jpg,rectangle_java2.jpg,16279118296,84,856.1171428571429,354.67857142857144,856.5,367,10,21,;,1,class->block->constructor->block->block_content->expr_stmt
2,142,rectangle_java2.jpg,rectangle_java2.jpg,16279246258,60,859.5826666666667,265.07866666666666,863.5,259,10,21,",",1,class->block->decl_stmt
2,142,rectangle_java2.jpg,rectangle_java2.jpg,16279318234,68,856.3964705882353,263.1205882352941,833.5,259,23,21,y1,2,class->block->decl_stmt->decl->name
2,142,rectangle_java2.jpg,rectangle_java2.jpg,16279318234,68,856.3964705882353,263.1205882352941,863.5,259,10,21,",",1,class->block->decl_stmt
2,142,rectangle_java2.jpg,rectangle_java2.jpg,16279534238,104,830.5857692307692,272.29692307692306,833.5,259,23,21,y1,2,class->block->decl_stmt->decl->name
2,142,rectangle_java2.jpg,rectangle_java2.jpg,16279614244,76,824.9957894736842,273.4657894736842,815.5,259,10,21,",",1,class->block->decl_stmt
2,142,rectangle_java2.jpg,rectangle_java2.jpg,16279614244,76,824.9957894736842,273.4657894736842,833.5,259,23,21,y1,2,class->block->decl_stmt->decl->name
2,142,rectangle_java2.jpg,rectangle_java2.jpg,16279782230,164,814.9053658536585,268.3639024390244,815.5,259,10,21,",",1,class->block->decl_stmt
2,142,rectangle_java2.jpg,rectangle_java2.jpg,16280114023,224,902.6960714285715,305.0680357142857,890.5,295,24,21,x1,2,class->block->constructor->parameter_list->parameter->decl->type->name
2,142,rectangle_java2.jpg,rectangle_java2.jpg,16280234043,76,962.6984210526316,269.6584210526316,959.5,259,10,21,;,1,class->block->decl_stmt
2,142,rectangle_java2.jpg,rectangle_java2.jpg,16280386071,148,955.6124324324325,250.48027027027024,959.5,259,10,21,;,1,class->block->decl_stmt
2,142,rectangle_java2.jpg,rectangle_java2.jpg,16282385975,184,865.9058695652174,247.62260869565216,863.5,259,10,21,",",1,class->block->decl_stmt
2,142,rectangle_java2.jpg,rectangle_java2.jpg,16283673831,56,875.7342857142858,668.6685714285715,826.5,658,52,20,rect1,5,class->block->function->block->block_content->decl_stmt->decl->name
2,142,rectangle_java2.jpg,rectangle_java2.jpg,16283673831,56,875.7342857142858,668.6685714285715,883.5,658,15,20,=,1,class->block->function->block->block_content->decl_stmt->decl->init
