trial,participant,code_file,code_language,timestamp,duration,x_cord,y_cord,aoi_x,aoi_y,aoi_width,aoi_height,token,length,srcML
2,145,rectangle_java2.jpg,rectangle_java2.jpg,31607705347,68,718.8888235294118,308.63882352941175,669.5,295,63,21,public,6,class->block->constructor->specifier
2,145,rectangle_java2.jpg,rectangle_java2.jpg,31607917414,64,715.78625,256.69625,669.5,259,72,21,private,7,class->block->decl_stmt->decl->type->specifier
2,145,rectangle_java2.jpg,rectangle_java2.jpg,31608253435,56,661.8092857142857,223.6792857142857,657.5,222,52,21,class,5,class
2,145,rectangle_java2.jpg,rectangle_java2.jpg,31608361425,56,653.4478571428572,222.67785714285714,657.5,222,52,21,class,5,class
2,145,rectangle_java2.jpg,rectangle_java2.jpg,31610569105,76,888.432105263158,254.7215789473684,881.5,259,23,21,x2,2,class->block->decl_stmt->decl->name
2,145,rectangle_java2.jpg,rectangle_java2.jpg,31610653171,80,901.1385,266.59000000000003,881.5,259,23,21,x2,2,class->block->decl_stmt->decl->name
2,145,rectangle_java2.jpg,rectangle_java2.jpg,31610653171,80,901.1385,266.59000000000003,911.5,259,10,21,",",1,class->block->decl_stmt
2,145,rectangle_java2.jpg,rectangle_java2.jpg,31610833278,80,923.7375,285.4275,921.5,295,9,21,",",1,class->block->constructor->parameter_list
2,145,rectangle_java2.jpg,rectangle_java2.jpg,31611089287,76,962.1273684210527,261.63421052631577,959.5,259,10,21,;,1,class->block->decl_stmt
2,145,rectangle_java2.jpg,rectangle_java2.jpg,31611565087,72,951.8716666666667,256.0888888888889,929.5,259,23,21,y2,2,class->block->decl_stmt->decl->name
2,145,rectangle_java2.jpg,rectangle_java2.jpg,31611565087,72,951.8716666666667,256.0888888888889,959.5,259,10,21,;,1,class->block->decl_stmt
2,145,rectangle_java2.jpg,rectangle_java2.jpg,31611729095,60,951.6353333333334,273.208,929.5,259,23,21,y2,2,class->block->decl_stmt->decl->name
2,145,rectangle_java2.jpg,rectangle_java2.jpg,31611729095,60,951.6353333333334,273.208,959.5,259,10,21,;,1,class->block->decl_stmt
2,145,rectangle_java2.jpg,rectangle_java2.jpg,31611857116,68,955.8688235294118,288.33588235294116,939.5,295,33,21,int,3,class->block->constructor->parameter_list->parameter->decl->type->name
2,145,rectangle_java2.jpg,rectangle_java2.jpg,31611925135,64,955.96875,263.859375,959.5,259,10,21,;,1,class->block->decl_stmt
2,145,rectangle_java2.jpg,rectangle_java2.jpg,31612117137,72,883.3333333333334,271.68,881.5,259,23,21,x2,2,class->block->decl_stmt->decl->name
2,145,rectangle_java2.jpg,rectangle_java2.jpg,31612609138,116,810.9531034482759,222.88310344827585,813.5,222,10,21,{,1,class->block
2,145,rectangle_java2.jpg,rectangle_java2.jpg,31612701146,88,801.329090909091,215.60227272727275,715.5,222,90,21,Rectangle,9,class->name
2,145,rectangle_java2.jpg,rectangle_java2.jpg,31612701146,88,801.329090909091,215.60227272727275,813.5,222,10,21,{,1,class->block
2,145,rectangle_java2.jpg,rectangle_java2.jpg,31613308890,144,737.0513888888889,226.75222222222226,715.5,222,90,21,Rectangle,9,class->name
2,145,rectangle_java2.jpg,rectangle_java2.jpg,31613408902,96,744.1066666666667,216.07833333333332,715.5,222,90,21,Rectangle,9,class->name
2,145,rectangle_java2.jpg,rectangle_java2.jpg,31613508958,68,797.62,228.4652941176471,715.5,222,90,21,Rectangle,9,class->name
2,145,rectangle_java2.jpg,rectangle_java2.jpg,31613661013,96,788.9220833333334,222.46625,715.5,222,90,21,Rectangle,9,class->name
2,145,rectangle_java2.jpg,rectangle_java2.jpg,31619351013,56,806.005,226.02714285714285,813.5,222,10,21,{,1,class->block
2,145,rectangle_java2.jpg,rectangle_java2.jpg,31619516765,112,813.765,222.885,813.5,222,10,21,{,1,class->block
2,145,rectangle_java2.jpg,rectangle_java2.jpg,31619609220,80,817.325,236.6055,813.5,222,10,21,{,1,class->block
2,145,rectangle_java2.jpg,rectangle_java2.jpg,31619819326,88,757.3622727272727,284.5631818181818,737.5,295,91,21,Rectangle,9,class->block->constructor->name
2,145,rectangle_java2.jpg,rectangle_java2.jpg,31619899380,76,747.8542105263158,277.3378947368421,747.5,259,33,21,int,3,class->block->decl_stmt->decl->type->name
2,145,rectangle_java2.jpg,rectangle_java2.jpg,31620159458,64,740.475,235.16750000000002,715.5,222,90,21,Rectangle,9,class->name
2,145,rectangle_java2.jpg,rectangle_java2.jpg,31620339458,100,772.858,222.19240000000002,715.5,222,90,21,Rectangle,9,class->name
2,145,rectangle_java2.jpg,rectangle_java2.jpg,31620515441,104,755.7965384615385,231.91384615384618,715.5,222,90,21,Rectangle,9,class->name
2,145,rectangle_java2.jpg,rectangle_java2.jpg,31620575442,56,759.06,228.26428571428573,715.5,222,90,21,Rectangle,9,class->name
2,145,rectangle_java2.jpg,rectangle_java2.jpg,31621247478,72,881.6622222222222,257.09055555555557,881.5,259,23,21,x2,2,class->block->decl_stmt->decl->name
2,145,rectangle_java2.jpg,rectangle_java2.jpg,31621339480,88,870.0186363636363,257.9236363636364,863.5,259,10,21,",",1,class->block->decl_stmt
2,145,rectangle_java2.jpg,rectangle_java2.jpg,31621339480,88,870.0186363636363,257.9236363636364,881.5,259,23,21,x2,2,class->block->decl_stmt->decl->name
2,145,rectangle_java2.jpg,rectangle_java2.jpg,31621431471,88,883.9577272727273,246.84090909090912,881.5,259,23,21,x2,2,class->block->decl_stmt->decl->name
2,145,rectangle_java2.jpg,rectangle_java2.jpg,31621763309,68,909.7270588235294,262.01235294117646,911.5,259,10,21,",",1,class->block->decl_stmt
2,145,rectangle_java2.jpg,rectangle_java2.jpg,31621947340,72,922.3050000000001,252.55333333333334,929.5,259,23,21,y2,2,class->block->decl_stmt->decl->name
2,145,rectangle_java2.jpg,rectangle_java2.jpg,31623603175,64,946.7481250000001,249.09125,929.5,259,23,21,y2,2,class->block->decl_stmt->decl->name
2,145,rectangle_java2.jpg,rectangle_java2.jpg,31623751159,88,953.9790909090909,258.46727272727276,959.5,259,10,21,;,1,class->block->decl_stmt
2,145,rectangle_java2.jpg,rectangle_java2.jpg,31623959165,60,747.8393333333333,239.0386666666667,715.5,222,90,21,Rectangle,9,class->name
2,145,rectangle_java2.jpg,rectangle_java2.jpg,31624535183,84,841.1114285714286,265.44619047619045,833.5,259,23,21,y1,2,class->block->decl_stmt->decl->name
2,145,rectangle_java2.jpg,rectangle_java2.jpg,31624799184,120,851.443,288.38466666666665,853.5,295,32,21,int,3,class->block->constructor->parameter_list->parameter->decl->type->name
2,145,rectangle_java2.jpg,rectangle_java2.jpg,31624959193,100,734.7656,276.506,669.5,259,72,21,private,7,class->block->decl_stmt->decl->type->specifier
2,145,rectangle_java2.jpg,rectangle_java2.jpg,31625047208,84,736.5028571428571,271.6690476190476,669.5,259,72,21,private,7,class->block->decl_stmt->decl->type->specifier
2,145,rectangle_java2.jpg,rectangle_java2.jpg,31625047208,84,736.5028571428571,271.6690476190476,747.5,259,33,21,int,3,class->block->decl_stmt->decl->type->name
2,145,rectangle_java2.jpg,rectangle_java2.jpg,31625243204,104,805.8438461538461,278.935,785.5,259,23,21,x1,2,class->block->decl_stmt->decl->name
2,145,rectangle_java2.jpg,rectangle_java2.jpg,31625243204,104,805.8438461538461,278.935,815.5,259,10,21,",",1,class->block->decl_stmt
2,145,rectangle_java2.jpg,rectangle_java2.jpg,31625375083,128,799.305,264.1171875,785.5,259,23,21,x1,2,class->block->decl_stmt->decl->name
2,145,rectangle_java2.jpg,rectangle_java2.jpg,31625691012,72,740.9511111111111,270.2705555555556,669.5,259,72,21,private,7,class->block->decl_stmt->decl->type->specifier
2,145,rectangle_java2.jpg,rectangle_java2.jpg,31625691012,72,740.9511111111111,270.2705555555556,747.5,259,33,21,int,3,class->block->decl_stmt->decl->type->name
2,145,rectangle_java2.jpg,rectangle_java2.jpg,31625810860,92,723.6152173913043,296.45478260869567,669.5,295,63,21,public,6,class->block->constructor->specifier
2,145,rectangle_java2.jpg,rectangle_java2.jpg,31625922768,108,727.6266666666667,288.98962962962963,669.5,295,63,21,public,6,class->block->constructor->specifier
2,145,rectangle_java2.jpg,rectangle_java2.jpg,31625922768,108,727.6266666666667,288.98962962962963,737.5,295,91,21,Rectangle,9,class->block->constructor->name
2,145,rectangle_java2.jpg,rectangle_java2.jpg,31626082998,64,765.181875,256.004375,747.5,259,33,21,int,3,class->block->decl_stmt->decl->type->name
2,145,rectangle_java2.jpg,rectangle_java2.jpg,31626147077,60,775.358,258.216,747.5,259,33,21,int,3,class->block->decl_stmt->decl->type->name
2,145,rectangle_java2.jpg,rectangle_java2.jpg,31626147077,60,775.358,258.216,785.5,259,23,21,x1,2,class->block->decl_stmt->decl->name
2,145,rectangle_java2.jpg,rectangle_java2.jpg,31626239070,88,772.05,258.93,747.5,259,33,21,int,3,class->block->decl_stmt->decl->type->name
2,145,rectangle_java2.jpg,rectangle_java2.jpg,31626319064,60,815.134,263.08866666666665,815.5,259,10,21,",",1,class->block->decl_stmt
2,145,rectangle_java2.jpg,rectangle_java2.jpg,31626427064,104,809.6911538461538,261.17192307692306,815.5,259,10,21,",",1,class->block->decl_stmt
2,145,rectangle_java2.jpg,rectangle_java2.jpg,31626491066,60,802.1053333333333,267.5946666666667,785.5,259,23,21,x1,2,class->block->decl_stmt->decl->name
2,145,rectangle_java2.jpg,rectangle_java2.jpg,31626595044,100,812.7636,270.5296,815.5,259,10,21,",",1,class->block->decl_stmt
2,145,rectangle_java2.jpg,rectangle_java2.jpg,31626767003,132,789.079696969697,262.01151515151514,785.5,259,23,21,x1,2,class->block->decl_stmt->decl->name
2,145,rectangle_java2.jpg,rectangle_java2.jpg,31627011068,208,821.5286538461538,274.89903846153845,815.5,259,10,21,",",1,class->block->decl_stmt
2,145,rectangle_java2.jpg,rectangle_java2.jpg,31627011068,208,821.5286538461538,274.89903846153845,833.5,259,23,21,y1,2,class->block->decl_stmt->decl->name
2,145,rectangle_java2.jpg,rectangle_java2.jpg,31627135098,68,859.8494117647059,283.5335294117647,853.5,295,32,21,int,3,class->block->constructor->parameter_list->parameter->decl->type->name
2,145,rectangle_java2.jpg,rectangle_java2.jpg,31627235023,64,882.038125,277.210625,881.5,259,23,21,x2,2,class->block->decl_stmt->decl->name
2,145,rectangle_java2.jpg,rectangle_java2.jpg,31627318950,80,872.641,277.877,863.5,259,10,21,",",1,class->block->decl_stmt
2,145,rectangle_java2.jpg,rectangle_java2.jpg,31627318950,80,872.641,277.877,881.5,259,23,21,x2,2,class->block->decl_stmt->decl->name
2,145,rectangle_java2.jpg,rectangle_java2.jpg,31627458937,88,875.6968181818181,271.0172727272727,881.5,259,23,21,x2,2,class->block->decl_stmt->decl->name
2,145,rectangle_java2.jpg,rectangle_java2.jpg,31627558943,72,827.0122222222222,269.6822222222222,833.5,259,23,21,y1,2,class->block->decl_stmt->decl->name
2,145,rectangle_java2.jpg,rectangle_java2.jpg,31627642935,80,827.504,274.24,833.5,259,23,21,y1,2,class->block->decl_stmt->decl->name
2,145,rectangle_java2.jpg,rectangle_java2.jpg,31627730927,84,829.0909523809523,278.08142857142855,833.5,259,23,21,y1,2,class->block->decl_stmt->decl->name
2,145,rectangle_java2.jpg,rectangle_java2.jpg,31627810903,76,842.5394736842105,270.3226315789474,833.5,259,23,21,y1,2,class->block->decl_stmt->decl->name
2,145,rectangle_java2.jpg,rectangle_java2.jpg,31628022910,120,804.7726666666666,269.211,785.5,259,23,21,x1,2,class->block->decl_stmt->decl->name
2,145,rectangle_java2.jpg,rectangle_java2.jpg,31628022910,120,804.7726666666666,269.211,815.5,259,10,21,",",1,class->block->decl_stmt
2,145,rectangle_java2.jpg,rectangle_java2.jpg,31628098958,72,808.9866666666667,273.15500000000003,815.5,259,10,21,",",1,class->block->decl_stmt
2,145,rectangle_java2.jpg,rectangle_java2.jpg,31628174990,72,828.8094444444445,261.3383333333333,833.5,259,23,21,y1,2,class->block->decl_stmt->decl->name
2,145,rectangle_java2.jpg,rectangle_java2.jpg,31629034935,80,901.032,250.82050000000004,881.5,259,23,21,x2,2,class->block->decl_stmt->decl->name
2,145,rectangle_java2.jpg,rectangle_java2.jpg,31629034935,80,901.032,250.82050000000004,911.5,259,10,21,",",1,class->block->decl_stmt
2,145,rectangle_java2.jpg,rectangle_java2.jpg,31630002776,100,767.6404,239.2688,715.5,222,90,21,Rectangle,9,class->name
2,145,rectangle_java2.jpg,rectangle_java2.jpg,31630178747,64,749.79375,219.871875,715.5,222,90,21,Rectangle,9,class->name
2,145,rectangle_java2.jpg,rectangle_java2.jpg,31630410730,140,778.838,224.37228571428568,715.5,222,90,21,Rectangle,9,class->name
2,145,rectangle_java2.jpg,rectangle_java2.jpg,31631106655,56,791.9878571428571,265.3542857142857,785.5,259,23,21,x1,2,class->block->decl_stmt->decl->name
2,145,rectangle_java2.jpg,rectangle_java2.jpg,31631362580,176,734.0645454545455,324.425,730.5,331,71,19,this.x1,7,class->block->constructor->block->block_content->expr_stmt->expr->name->name->operator->name
2,145,rectangle_java2.jpg,rectangle_java2.jpg,31631506645,88,768.135,322.745,730.5,331,71,19,this.x1,7,class->block->constructor->block->block_content->expr_stmt->expr->name->name->operator->name
2,145,rectangle_java2.jpg,rectangle_java2.jpg,31631794623,84,908.7,289.6252380952381,890.5,295,24,21,x1,2,class->block->constructor->parameter_list->parameter->decl->type->name
2,145,rectangle_java2.jpg,rectangle_java2.jpg,31631862630,64,902.79375,306.556875,890.5,295,24,21,x1,2,class->block->constructor->parameter_list->parameter->decl->type->name
2,145,rectangle_java2.jpg,rectangle_java2.jpg,31632010656,68,936.694705882353,274.4323529411765,929.5,259,23,21,y2,2,class->block->decl_stmt->decl->name
2,145,rectangle_java2.jpg,rectangle_java2.jpg,31632102661,88,929.1459090909091,295.26181818181817,921.5,295,9,21,",",1,class->block->constructor->parameter_list
2,145,rectangle_java2.jpg,rectangle_java2.jpg,31632102661,88,929.1459090909091,295.26181818181817,939.5,295,33,21,int,3,class->block->constructor->parameter_list->parameter->decl->type->name
2,145,rectangle_java2.jpg,rectangle_java2.jpg,31632318657,108,971.42,309.0540740740741,939.5,295,33,21,int,3,class->block->constructor->parameter_list->parameter->decl->type->name
2,145,rectangle_java2.jpg,rectangle_java2.jpg,31632318657,108,971.42,309.0540740740741,977.5,295,23,21,y1,2,class->block->constructor->parameter_list->parameter->decl->type->name
2,145,rectangle_java2.jpg,rectangle_java2.jpg,31632386656,64,970.63125,303.189375,939.5,295,33,21,int,3,class->block->constructor->parameter_list->parameter->decl->type->name
2,145,rectangle_java2.jpg,rectangle_java2.jpg,31632386656,64,970.63125,303.189375,977.5,295,23,21,y1,2,class->block->constructor->parameter_list->parameter->decl->type->name
2,145,rectangle_java2.jpg,rectangle_java2.jpg,31632474662,84,973.4395238095238,309.75619047619045,977.5,295,23,21,y1,2,class->block->constructor->parameter_list->parameter->decl->type->name
2,145,rectangle_java2.jpg,rectangle_java2.jpg,31632778668,140,921.2465714285714,309.61285714285714,921.5,295,9,21,",",1,class->block->constructor->parameter_list
2,145,rectangle_java2.jpg,rectangle_java2.jpg,31632858697,76,917.3163157894737,303.0384210526316,921.5,295,9,21,",",1,class->block->constructor->parameter_list
2,145,rectangle_java2.jpg,rectangle_java2.jpg,31633306469,108,996.6503703703704,305.9766666666667,977.5,295,23,21,y1,2,class->block->constructor->parameter_list->parameter->decl->type->name
2,145,rectangle_java2.jpg,rectangle_java2.jpg,31633306469,108,996.6503703703704,305.9766666666667,1007.5,295,10,21,",",1,class->block->constructor->parameter_list
2,145,rectangle_java2.jpg,rectangle_java2.jpg,31633614495,192,1016.039375,314.86062499999997,1007.5,295,10,21,",",1,class->block->constructor->parameter_list
2,145,rectangle_java2.jpg,rectangle_java2.jpg,31633614495,192,1016.039375,314.86062499999997,1025.5,295,33,21,int,3,class->block->constructor->parameter_list->parameter->decl->type->name
2,145,rectangle_java2.jpg,rectangle_java2.jpg,31633794530,88,999.4954545454545,307.1918181818182,977.5,295,23,21,y1,2,class->block->constructor->parameter_list->parameter->decl->type->name
2,145,rectangle_java2.jpg,rectangle_java2.jpg,31633794530,88,999.4954545454545,307.1918181818182,1007.5,295,10,21,",",1,class->block->constructor->parameter_list
2,145,rectangle_java2.jpg,rectangle_java2.jpg,31633866514,68,1007.7711764705882,305.0164705882353,1007.5,295,10,21,",",1,class->block->constructor->parameter_list
2,145,rectangle_java2.jpg,rectangle_java2.jpg,31634010505,140,1009.2254285714286,298.796,1007.5,295,10,21,",",1,class->block->constructor->parameter_list
2,145,rectangle_java2.jpg,rectangle_java2.jpg,31635454403,64,797.498125,330.498125,730.5,331,71,19,this.x1,7,class->block->constructor->block->block_content->expr_stmt->expr->name->name->operator->name
2,145,rectangle_java2.jpg,rectangle_java2.jpg,31635454403,64,797.498125,330.498125,806.5,331,15,19,=,1,class->block->constructor->block->block_content->expr_stmt->expr->operator
2,145,rectangle_java2.jpg,rectangle_java2.jpg,31635514400,56,798.2328571428571,334.7364285714286,730.5,331,71,19,this.x1,7,class->block->constructor->block->block_content->expr_stmt->expr->name->name->operator->name
2,145,rectangle_java2.jpg,rectangle_java2.jpg,31635514400,56,798.2328571428571,334.7364285714286,806.5,331,15,19,=,1,class->block->constructor->block->block_content->expr_stmt->expr->operator
2,145,rectangle_java2.jpg,rectangle_java2.jpg,31636006366,148,815.24,333.1786486486487,806.5,331,15,19,=,1,class->block->constructor->block->block_content->expr_stmt->expr->operator
2,145,rectangle_java2.jpg,rectangle_java2.jpg,31636006366,148,815.24,333.1786486486487,826.5,331,23,19,x1,2,class->block->constructor->block->block_content->expr_stmt->expr->name->name
2,145,rectangle_java2.jpg,rectangle_java2.jpg,31636490374,64,864.029375,327.615,856.5,331,10,19,;,1,class->block->constructor->block->block_content->expr_stmt
2,145,rectangle_java2.jpg,rectangle_java2.jpg,31636918131,60,802.1606666666667,407.3793333333333,806.5,404,15,19,=,1,class->block->constructor->block->block_content->expr_stmt->expr->operator
2,145,rectangle_java2.jpg,rectangle_java2.jpg,31637178185,60,838.54,419.03999999999996,826.5,404,23,19,x2,2,class->block->constructor->block->block_content->expr_stmt->expr->name->name
2,145,rectangle_java2.jpg,rectangle_java2.jpg,31637270181,60,821.5773333333333,408.43466666666666,826.5,404,23,19,x2,2,class->block->constructor->block->block_content->expr_stmt->expr->name->name
2,145,rectangle_java2.jpg,rectangle_java2.jpg,31637362180,88,829.9527272727273,415.19909090909096,826.5,404,23,19,x2,2,class->block->constructor->block->block_content->expr_stmt->expr->name->name
2,145,rectangle_java2.jpg,rectangle_java2.jpg,31637550236,84,858.8947619047619,384.07666666666665,856.5,367,10,21,;,1,class->block->constructor->block->block_content->expr_stmt
2,145,rectangle_java2.jpg,rectangle_java2.jpg,31638494276,92,874.8730434782609,520.1360869565218,874.5,512,10,21,{,1,class->block->function->block
2,145,rectangle_java2.jpg,rectangle_java2.jpg,31638878199,60,873.176,274.5933333333333,863.5,259,10,21,",",1,class->block->decl_stmt
2,145,rectangle_java2.jpg,rectangle_java2.jpg,31638878199,60,873.176,274.5933333333333,881.5,259,23,21,x2,2,class->block->decl_stmt->decl->name
2,145,rectangle_java2.jpg,rectangle_java2.jpg,31638950124,68,878.3847058823529,256.0847058823529,881.5,259,23,21,x2,2,class->block->decl_stmt->decl->name
2,145,rectangle_java2.jpg,rectangle_java2.jpg,31639086102,80,854.9345,274.601,833.5,259,23,21,y1,2,class->block->decl_stmt->decl->name
2,145,rectangle_java2.jpg,rectangle_java2.jpg,31639086102,80,854.9345,274.601,863.5,259,10,21,",",1,class->block->decl_stmt
2,145,rectangle_java2.jpg,rectangle_java2.jpg,31639210099,84,886.412380952381,278.92238095238093,881.5,259,23,21,x2,2,class->block->decl_stmt->decl->name
2,145,rectangle_java2.jpg,rectangle_java2.jpg,31639338140,124,894.613870967742,273.2706451612903,881.5,259,23,21,x2,2,class->block->decl_stmt->decl->name
2,145,rectangle_java2.jpg,rectangle_java2.jpg,31639538110,60,827.064,293.70466666666664,737.5,295,91,21,Rectangle,9,class->block->constructor->name
2,145,rectangle_java2.jpg,rectangle_java2.jpg,31639538110,60,827.064,293.70466666666664,837.5,295,9,21,(,1,class->block->constructor->parameter_list
2,145,rectangle_java2.jpg,rectangle_java2.jpg,31639650105,108,814.512962962963,270.27962962962965,815.5,259,10,21,",",1,class->block->decl_stmt
2,145,rectangle_java2.jpg,rectangle_java2.jpg,31639734108,80,792.5805,279.533,785.5,259,23,21,x1,2,class->block->decl_stmt->decl->name
2,145,rectangle_java2.jpg,rectangle_java2.jpg,31640010114,64,859.42125,255.50437499999998,863.5,259,10,21,",",1,class->block->decl_stmt
2,145,rectangle_java2.jpg,rectangle_java2.jpg,31640146151,56,900.1157142857143,255.23571428571427,881.5,259,23,21,x2,2,class->block->decl_stmt->decl->name
2,145,rectangle_java2.jpg,rectangle_java2.jpg,31640146151,56,900.1157142857143,255.23571428571427,911.5,259,10,21,",",1,class->block->decl_stmt
2,145,rectangle_java2.jpg,rectangle_java2.jpg,31640206156,56,894.2407142857143,262.28857142857146,881.5,259,23,21,x2,2,class->block->decl_stmt->decl->name
2,145,rectangle_java2.jpg,rectangle_java2.jpg,31640594100,76,908.6657894736842,261.1168421052632,911.5,259,10,21,",",1,class->block->decl_stmt
2,145,rectangle_java2.jpg,rectangle_java2.jpg,31641081795,76,868.8694736842106,304.57,853.5,295,32,21,int,3,class->block->constructor->parameter_list->parameter->decl->type->name
2,145,rectangle_java2.jpg,rectangle_java2.jpg,31641253887,80,935.505,274.849,929.5,259,23,21,y2,2,class->block->decl_stmt->decl->name
2,145,rectangle_java2.jpg,rectangle_java2.jpg,31641345947,88,937.1468181818182,265.6231818181818,929.5,259,23,21,y2,2,class->block->decl_stmt->decl->name
2,145,rectangle_java2.jpg,rectangle_java2.jpg,31644893701,76,955.5205263157894,502.94000000000005,958.5,512,71,21,this.x2,7,class->block->function->block->block_content->return->expr->name->name->operator->name->operator
2,145,rectangle_java2.jpg,rectangle_java2.jpg,31645729700,72,1055.726111111111,550.4961111111111,1045.5,549,13,21,-,1,class->block->function->block->block_content->return->expr->operator
2,145,rectangle_java2.jpg,rectangle_java2.jpg,31645729700,72,1055.726111111111,550.4961111111111,1064.5,549,71,21,this.y1,7,class->block->function->block->block_content->return->expr->name->name->operator->name
2,145,rectangle_java2.jpg,rectangle_java2.jpg,31645789700,56,1056.3814285714286,558.7935714285715,1045.5,549,13,21,-,1,class->block->function->block->block_content->return->expr->operator
2,145,rectangle_java2.jpg,rectangle_java2.jpg,31645789700,56,1056.3814285714286,558.7935714285715,1064.5,549,71,21,this.y1,7,class->block->function->block->block_content->return->expr->name->name->operator->name
2,145,rectangle_java2.jpg,rectangle_java2.jpg,31645961711,128,1107.079375,537.4296875,1064.5,549,71,21,this.y1,7,class->block->function->block->block_content->return->expr->name->name->operator->name
2,145,rectangle_java2.jpg,rectangle_java2.jpg,31646029698,64,1108.13875,548.401875,1064.5,549,71,21,this.y1,7,class->block->function->block->block_content->return->expr->name->name->operator->name
2,145,rectangle_java2.jpg,rectangle_java2.jpg,31646097684,64,1110.72,555.459375,1064.5,549,71,21,this.y1,7,class->block->function->block->block_content->return->expr->name->name->operator->name
2,145,rectangle_java2.jpg,rectangle_java2.jpg,31646337664,112,1076.89,549.0878571428572,1064.5,549,71,21,this.y1,7,class->block->function->block->block_content->return->expr->name->name->operator->name
2,145,rectangle_java2.jpg,rectangle_java2.jpg,31646473424,88,1065.4545454545455,569.2536363636364,1064.5,549,71,21,this.y1,7,class->block->function->block->block_content->return->expr->name->name->operator->name
2,145,rectangle_java2.jpg,rectangle_java2.jpg,31646693503,156,1041.889487179487,576.2371794871794,977.5,585,101,21,this.width,10,class->block->function->block->block_content->return->expr->call->name->name->operator->name
2,145,rectangle_java2.jpg,rectangle_java2.jpg,31646761604,64,1030.035,579.31,977.5,585,101,21,this.width,10,class->block->function->block->block_content->return->expr->call->name->name->operator->name
2,145,rectangle_java2.jpg,rectangle_java2.jpg,31646873561,64,852.446875,370.369375,856.5,367,10,21,;,1,class->block->constructor->block->block_content->expr_stmt
2,145,rectangle_java2.jpg,rectangle_java2.jpg,31647413527,80,832.0495,325.8605,826.5,331,23,19,x1,2,class->block->constructor->block->block_content->expr_stmt->expr->name->name
2,145,rectangle_java2.jpg,rectangle_java2.jpg,31647653542,56,840.9585714285714,260.75,833.5,259,23,21,y1,2,class->block->decl_stmt->decl->name
2,145,rectangle_java2.jpg,rectangle_java2.jpg,31648413211,60,1112.1153333333334,528.9233333333334,1054.5,512,71,21,this.x1,7,class->block->function->block->block_content->return->expr->name->name->operator->name
2,145,rectangle_java2.jpg,rectangle_java2.jpg,31648533358,56,1123.3114285714285,547.4721428571429,1064.5,549,71,21,this.y1,7,class->block->function->block->block_content->return->expr->name->name->operator->name
2,145,rectangle_java2.jpg,rectangle_java2.jpg,31649213435,124,1037.7009677419355,613.3125806451613,1025.5,621,42,21,args,4,class->block->function->parameter_list->parameter->decl->name
2,145,rectangle_java2.jpg,rectangle_java2.jpg,31649321421,104,1033.0357692307691,600.405,977.5,585,101,21,this.width,10,class->block->function->block->block_content->return->expr->call->name->name->operator->name
2,145,rectangle_java2.jpg,rectangle_java2.jpg,31649433416,108,1029.7966666666666,610.1288888888889,1025.5,621,42,21,args,4,class->block->function->parameter_list->parameter->decl->name
2,145,rectangle_java2.jpg,rectangle_java2.jpg,31649493415,56,1036.065,621.6392857142857,1025.5,621,42,21,args,4,class->block->function->parameter_list->parameter->decl->name
2,145,rectangle_java2.jpg,rectangle_java2.jpg,31649573414,76,1049.8010526315788,617.8368421052631,1025.5,621,42,21,args,4,class->block->function->parameter_list->parameter->decl->name
2,145,rectangle_java2.jpg,rectangle_java2.jpg,31649665409,88,1057.3,596.7168181818182,977.5,585,101,21,this.width,10,class->block->function->block->block_content->return->expr->call->name->name->operator->name
2,145,rectangle_java2.jpg,rectangle_java2.jpg,31649773399,80,800.7835,610.7775,804.5,621,44,21,void,4,class->block->function->type->name
2,145,rectangle_java2.jpg,rectangle_java2.jpg,31649881407,56,799.8492857142858,608.9828571428571,804.5,621,44,21,void,4,class->block->function->type->name
2,145,rectangle_java2.jpg,rectangle_java2.jpg,31650105461,56,750.5257142857142,625.1307142857142,738.5,621,61,21,static,6,class->block->function->type->specifier
2,145,rectangle_java2.jpg,rectangle_java2.jpg,31650225466,96,718.2929166666667,656.67875,730.5,658,91,20,Rectangle,9,class->block->function->block->block_content->decl_stmt->decl->type->name
2,145,rectangle_java2.jpg,rectangle_java2.jpg,31650409448,56,772.7628571428571,655.0278571428571,730.5,658,91,20,Rectangle,9,class->block->function->block->block_content->decl_stmt->decl->type->name
2,145,rectangle_java2.jpg,rectangle_java2.jpg,31650645334,108,837.8185185185185,614.715925925926,804.5,621,44,21,void,4,class->block->function->type->name
2,145,rectangle_java2.jpg,rectangle_java2.jpg,31651125282,72,987.1694444444445,598.1661111111111,977.5,585,101,21,this.width,10,class->block->function->block->block_content->return->expr->call->name->name->operator->name
2,145,rectangle_java2.jpg,rectangle_java2.jpg,31651337269,164,1026.979756097561,615.1765853658536,1025.5,621,42,21,args,4,class->block->function->parameter_list->parameter->decl->name
2,145,rectangle_java2.jpg,rectangle_java2.jpg,31651437254,96,1040.7466666666667,605.4716666666667,977.5,585,101,21,this.width,10,class->block->function->block->block_content->return->expr->call->name->name->operator->name
2,145,rectangle_java2.jpg,rectangle_java2.jpg,31651537263,60,1075.0140000000001,605.6193333333333,977.5,585,101,21,this.width,10,class->block->function->block->block_content->return->expr->call->name->name->operator->name
2,145,rectangle_java2.jpg,rectangle_java2.jpg,31651537263,60,1075.0140000000001,605.6193333333333,1086.5,585,10,21,(,1,class->block->function->block->block_content->return->expr->call->argument_list
2,145,rectangle_java2.jpg,rectangle_java2.jpg,31651629272,88,1077.6913636363636,611.7554545454545,1074.5,621,10,21,),1,class->block->function->parameter_list
2,145,rectangle_java2.jpg,rectangle_java2.jpg,31651785295,60,1104.3273333333334,618.032,1094.5,621,10,21,{,1,class->block->function->block
2,145,rectangle_java2.jpg,rectangle_java2.jpg,31651981514,92,1096.8352173913042,596.4604347826087,1103.5,585,9,21,),1,class->block->function->block->block_content->return->expr->call->argument_list
2,145,rectangle_java2.jpg,rectangle_java2.jpg,31652189315,68,1020.5905882352941,595.9682352941177,977.5,585,101,21,this.width,10,class->block->function->block->block_content->return->expr->call->name->name->operator->name
2,145,rectangle_java2.jpg,rectangle_java2.jpg,31652873138,88,1066.2945454545454,609.4345454545454,1025.5,621,42,21,args,4,class->block->function->parameter_list->parameter->decl->name
2,145,rectangle_java2.jpg,rectangle_java2.jpg,31652873138,88,1066.2945454545454,609.4345454545454,1074.5,621,10,21,),1,class->block->function->parameter_list
2,145,rectangle_java2.jpg,rectangle_java2.jpg,31655932832,76,752.9257894736842,615.6447368421053,738.5,621,61,21,static,6,class->block->function->type->specifier
2,145,rectangle_java2.jpg,rectangle_java2.jpg,31657024465,72,973.5127777777777,618.22,920.5,621,62,21,String,6,class->block->function->parameter_list->parameter->decl->type->name->name
2,145,rectangle_java2.jpg,rectangle_java2.jpg,31657176520,72,1046.7794444444444,648.8083333333334,1041.5,658,9,20,(,1,class->block->function->block->block_content->decl_stmt->decl->init->expr->call->argument_list
2,145,rectangle_java2.jpg,rectangle_java2.jpg,31657176520,72,1046.7794444444444,648.8083333333334,1057.5,658,13,20,0,1,class->block->function->block->block_content->decl_stmt->decl->init->expr->call->argument_list->argument->expr->literal
2,145,rectangle_java2.jpg,rectangle_java2.jpg,31657316765,68,1049.5294117647059,646.0752941176471,1041.5,658,9,20,(,1,class->block->function->block->block_content->decl_stmt->decl->init->expr->call->argument_list
2,145,rectangle_java2.jpg,rectangle_java2.jpg,31657316765,68,1049.5294117647059,646.0752941176471,1057.5,658,13,20,0,1,class->block->function->block->block_content->decl_stmt->decl->init->expr->call->argument_list->argument->expr->literal
2,145,rectangle_java2.jpg,rectangle_java2.jpg,31657380870,60,1056.3606666666667,629.9746666666666,1025.5,621,42,21,args,4,class->block->function->parameter_list->parameter->decl->name
2,145,rectangle_java2.jpg,rectangle_java2.jpg,31657512847,128,1055.95125,640.4640625,1025.5,621,42,21,args,4,class->block->function->parameter_list->parameter->decl->name
2,145,rectangle_java2.jpg,rectangle_java2.jpg,31657616842,100,1061.1136,659.5144,1057.5,658,13,20,0,1,class->block->function->block->block_content->decl_stmt->decl->init->expr->call->argument_list->argument->expr->literal
2,145,rectangle_java2.jpg,rectangle_java2.jpg,31657820844,92,1111.4478260869566,661.5652173913044,1115.5,658,10,20,",",1,class->block->function->block->block_content->decl_stmt->decl->init->expr->call->argument_list
2,145,rectangle_java2.jpg,rectangle_java2.jpg,31657988752,104,1179.8796153846154,649.6,1182.5,658,22,20,10,2,class->block->function->block->block_content->decl_stmt->decl->init->expr->call->argument_list->argument->expr->literal
2,145,rectangle_java2.jpg,rectangle_java2.jpg,31659220753,84,849.3214285714286,676.472380952381,826.5,658,52,20,rect1,5,class->block->function->block->block_content->decl_stmt->decl->name
2,145,rectangle_java2.jpg,rectangle_java2.jpg,31659280834,56,889.9971428571429,672.6042857142857,883.5,658,15,20,=,1,class->block->function->block->block_content->decl_stmt->decl->init
2,145,rectangle_java2.jpg,rectangle_java2.jpg,31659356936,72,881.6627777777778,674.42,883.5,658,15,20,=,1,class->block->function->block->block_content->decl_stmt->decl->init
2,145,rectangle_java2.jpg,rectangle_java2.jpg,31659416973,56,875.595,661.845,826.5,658,52,20,rect1,5,class->block->function->block->block_content->decl_stmt->decl->name
2,145,rectangle_java2.jpg,rectangle_java2.jpg,31659416973,56,875.595,661.845,883.5,658,15,20,=,1,class->block->function->block->block_content->decl_stmt->decl->init
2,145,rectangle_java2.jpg,rectangle_java2.jpg,31659524875,104,876.0719230769231,668.2738461538462,826.5,658,52,20,rect1,5,class->block->function->block->block_content->decl_stmt->decl->name
2,145,rectangle_java2.jpg,rectangle_java2.jpg,31659524875,104,876.0719230769231,668.2738461538462,883.5,658,15,20,=,1,class->block->function->block->block_content->decl_stmt->decl->init
2,145,rectangle_java2.jpg,rectangle_java2.jpg,31659668685,96,927.4158333333334,671.02875,902.5,658,34,20,new,3,class->block->function->block->block_content->decl_stmt->decl->init->expr->operator
2,145,rectangle_java2.jpg,rectangle_java2.jpg,31659880480,116,1002.0713793103448,682.4965517241379,932.5,694,100,21,rect1.area,10,class->block->function->block->block_content->expr_stmt->expr->call->argument_list->argument->expr->call->name->name->operator->name
2,145,rectangle_java2.jpg,rectangle_java2.jpg,31659980561,56,1033.7742857142857,664.7835714285715,1041.5,658,9,20,(,1,class->block->function->block->block_content->decl_stmt->decl->init->expr->call->argument_list
2,145,rectangle_java2.jpg,rectangle_java2.jpg,31660640557,64,1084.668125,682.2175,1077.5,694,9,21,),1,class->block->function->block->block_content->expr_stmt->expr->call->argument_list
2,145,rectangle_java2.jpg,rectangle_java2.jpg,31660640557,64,1084.668125,682.2175,1096.5,694,10,21,;,1,class->block->function->block->block_content->expr_stmt
2,145,rectangle_java2.jpg,rectangle_java2.jpg,31660788598,80,777.101,721.2575,730.5,731,91,20,Rectangle,9,class->block->function->block->block_content->decl_stmt->decl->type->name
2,145,rectangle_java2.jpg,rectangle_java2.jpg,31660956662,64,852.44125,735.243125,826.5,731,51,20,rect2,5,class->block->function->block->block_content->decl_stmt->decl->name
2,145,rectangle_java2.jpg,rectangle_java2.jpg,31661060628,100,853.328,720.0616,826.5,731,51,20,rect2,5,class->block->function->block->block_content->decl_stmt->decl->name
2,145,rectangle_java2.jpg,rectangle_java2.jpg,31661296588,140,896.6562857142857,720.8511428571428,883.5,731,15,20,=,1,class->block->function->block->block_content->decl_stmt->decl->init
2,145,rectangle_java2.jpg,rectangle_java2.jpg,31661296588,140,896.6562857142857,720.8511428571428,902.5,731,34,20,new,3,class->block->function->block->block_content->decl_stmt->decl->init->expr->operator
2,145,rectangle_java2.jpg,rectangle_java2.jpg,31661584471,148,887.5364864864865,701.2232432432432,730.5,694,177,21,System.out.println,18,class->block->function->block->block_content->expr_stmt->expr->call->name->name->operator->name->operator->name
2,145,rectangle_java2.jpg,rectangle_java2.jpg,31661768539,140,931.3602857142857,699.9428571428572,932.5,694,100,21,rect1.area,10,class->block->function->block->block_content->expr_stmt->expr->call->argument_list->argument->expr->call->name->name->operator->name
2,145,rectangle_java2.jpg,rectangle_java2.jpg,31661916671,104,993.4565384615385,719.3707692307693,941.5,731,91,20,Rectangle,9,class->block->function->block->block_content->decl_stmt->decl->init->expr->call->name
2,145,rectangle_java2.jpg,rectangle_java2.jpg,31662368480,96,1041.9791666666667,693.5258333333334,1041.5,694,9,21,(,1,class->block->function->block->block_content->expr_stmt->expr->call->argument_list->argument->expr->call->argument_list
2,145,rectangle_java2.jpg,rectangle_java2.jpg,31662568496,80,1101.525,696.9635,1096.5,694,10,21,;,1,class->block->function->block->block_content->expr_stmt
2,145,rectangle_java2.jpg,rectangle_java2.jpg,31663004477,76,1160.0057894736842,724.6094736842106,1163.5,731,10,20,",",1,class->block->function->block->block_content->decl_stmt->decl->init->expr->call->argument_list
2,145,rectangle_java2.jpg,rectangle_java2.jpg,31664268322,80,1093.5345,742.3645,1095.5,731,13,20,5,1,class->block->function->block->block_content->decl_stmt->decl->init->expr->call->argument_list->argument->expr->literal
2,145,rectangle_java2.jpg,rectangle_java2.jpg,31664452328,56,832.49,756.6385714285714,730.5,766,177,21,System.out.println,18,class->block->function->block->block_content->expr_stmt->expr->call->name->name->operator->name->operator->name
2,145,rectangle_java2.jpg,rectangle_java2.jpg,31664572344,116,817.2844827586207,760.0448275862069,730.5,766,177,21,System.out.println,18,class->block->function->block->block_content->expr_stmt->expr->call->name->name->operator->name->operator->name
2,145,rectangle_java2.jpg,rectangle_java2.jpg,31664648347,72,800.7927777777778,769.4933333333333,730.5,766,177,21,System.out.println,18,class->block->function->block->block_content->expr_stmt->expr->call->name->name->operator->name->operator->name
2,145,rectangle_java2.jpg,rectangle_java2.jpg,31664788372,84,788.3361904761905,775.6809523809524,730.5,766,177,21,System.out.println,18,class->block->function->block->block_content->expr_stmt->expr->call->name->name->operator->name->operator->name
2,145,rectangle_java2.jpg,rectangle_java2.jpg,31664996361,136,837.4476470588236,749.0341176470588,826.5,731,51,20,rect2,5,class->block->function->block->block_content->decl_stmt->decl->name
2,145,rectangle_java2.jpg,rectangle_java2.jpg,31665140300,108,876.1325925925926,753.8381481481481,730.5,766,177,21,System.out.println,18,class->block->function->block->block_content->expr_stmt->expr->call->name->name->operator->name->operator->name
2,145,rectangle_java2.jpg,rectangle_java2.jpg,31665252319,68,892.6070588235294,760.4835294117647,730.5,766,177,21,System.out.println,18,class->block->function->block->block_content->expr_stmt->expr->call->name->name->operator->name->operator->name
2,145,rectangle_java2.jpg,rectangle_java2.jpg,31665312333,56,920.4328571428571,749.4300000000001,902.5,731,34,20,new,3,class->block->function->block->block_content->decl_stmt->decl->init->expr->operator
2,145,rectangle_java2.jpg,rectangle_java2.jpg,31665808126,88,987.0577272727272,735.2036363636364,941.5,731,91,20,Rectangle,9,class->block->function->block->block_content->decl_stmt->decl->init->expr->call->name
2,145,rectangle_java2.jpg,rectangle_java2.jpg,31666112223,120,1031.2813333333334,772.5886666666667,932.5,766,100,21,rect2.area,10,class->block->function->block->block_content->expr_stmt->expr->call->argument_list->argument->expr->call->name->name->operator->name
2,145,rectangle_java2.jpg,rectangle_java2.jpg,31666112223,120,1031.2813333333334,772.5886666666667,1041.5,766,9,21,(,1,class->block->function->block->block_content->expr_stmt->expr->call->argument_list->argument->expr->call->argument_list
2,145,rectangle_java2.jpg,rectangle_java2.jpg,31666184253,68,1004.5582352941177,772.6923529411764,932.5,766,100,21,rect2.area,10,class->block->function->block->block_content->expr_stmt->expr->call->argument_list->argument->expr->call->name->name->operator->name
2,145,rectangle_java2.jpg,rectangle_java2.jpg,31666280211,92,1002.0617391304348,777.8534782608696,932.5,766,100,21,rect2.area,10,class->block->function->block->block_content->expr_stmt->expr->call->argument_list->argument->expr->call->name->name->operator->name
2,145,rectangle_java2.jpg,rectangle_java2.jpg,31666392175,108,1003.9633333333334,786.3340740740741,932.5,766,100,21,rect2.area,10,class->block->function->block->block_content->expr_stmt->expr->call->argument_list->argument->expr->call->name->name->operator->name
2,145,rectangle_java2.jpg,rectangle_java2.jpg,31667284029,72,929.5083333333333,757.3666666666667,932.5,766,100,21,rect2.area,10,class->block->function->block->block_content->expr_stmt->expr->call->argument_list->argument->expr->call->name->name->operator->name
2,145,rectangle_java2.jpg,rectangle_java2.jpg,31677671421,64,859.411875,336.848125,856.5,331,10,19,;,1,class->block->constructor->block->block_content->expr_stmt
2,145,rectangle_java2.jpg,rectangle_java2.jpg,31678691319,68,962.4505882352942,313.8829411764706,939.5,295,33,21,int,3,class->block->constructor->parameter_list->parameter->decl->type->name
2,145,rectangle_java2.jpg,rectangle_java2.jpg,31678951184,64,958.31625,312.268125,939.5,295,33,21,int,3,class->block->constructor->parameter_list->parameter->decl->type->name
2,145,rectangle_java2.jpg,rectangle_java2.jpg,31680331172,64,1060.14125,523.4125,1054.5,512,71,21,this.x1,7,class->block->function->block->block_content->return->expr->name->name->operator->name
2,145,rectangle_java2.jpg,rectangle_java2.jpg,31680983167,84,926.9857142857143,297.51761904761906,921.5,295,9,21,",",1,class->block->constructor->parameter_list
2,145,rectangle_java2.jpg,rectangle_java2.jpg,31681043213,56,919.3242857142857,288.73,921.5,295,9,21,",",1,class->block->constructor->parameter_list
2,145,rectangle_java2.jpg,rectangle_java2.jpg,31681107255,60,927.39,270.9513333333333,929.5,259,23,21,y2,2,class->block->decl_stmt->decl->name
2,145,rectangle_java2.jpg,rectangle_java2.jpg,31681455137,80,968.437,272.751,959.5,259,10,21,;,1,class->block->decl_stmt
2,145,rectangle_java2.jpg,rectangle_java2.jpg,31681711050,60,946.1313333333334,283.98333333333335,939.5,295,33,21,int,3,class->block->constructor->parameter_list->parameter->decl->type->name
2,145,rectangle_java2.jpg,rectangle_java2.jpg,31682690969,60,830.5506666666666,365.00733333333335,826.5,367,23,21,y1,2,class->block->constructor->block->block_content->expr_stmt->expr->name->name
2,145,rectangle_java2.jpg,rectangle_java2.jpg,31682830957,84,842.0938095238096,386.192380952381,826.5,367,23,21,y1,2,class->block->constructor->block->block_content->expr_stmt->expr->name->name
2,145,rectangle_java2.jpg,rectangle_java2.jpg,31684254968,68,1110.0558823529411,747.4305882352941,1115.5,731,10,20,",",1,class->block->function->block->block_content->decl_stmt->decl->init->expr->call->argument_list
