trial,participant,code_file,code_language,timestamp,duration,x_cord,y_cord,aoi_x,aoi_y,aoi_width,aoi_height,token,length,srcML
2,147,rectangle_java2.jpg,rectangle_java2.jpg,19284220722,68,854.934705882353,274.39529411764704,833.5,259,23,21,y1,2,class->block->decl_stmt->decl->name
2,147,rectangle_java2.jpg,rectangle_java2.jpg,19284220722,68,854.934705882353,274.39529411764704,863.5,259,10,21,",",1,class->block->decl_stmt
2,147,rectangle_java2.jpg,rectangle_java2.jpg,19284356644,84,849.7790476190476,288.73333333333335,853.5,295,32,21,int,3,class->block->constructor->parameter_list->parameter->decl->type->name
2,147,rectangle_java2.jpg,rectangle_java2.jpg,19284416604,56,849.9314285714286,276.4707142857143,833.5,259,23,21,y1,2,class->block->decl_stmt->decl->name
2,147,rectangle_java2.jpg,rectangle_java2.jpg,19284640581,136,771.675294117647,300.92,737.5,295,91,21,Rectangle,9,class->block->constructor->name
2,147,rectangle_java2.jpg,rectangle_java2.jpg,19284808625,60,664.9206666666666,227.43333333333334,657.5,222,52,21,class,5,class
2,147,rectangle_java2.jpg,rectangle_java2.jpg,19285232621,72,720.8583333333333,236.555,715.5,222,90,21,Rectangle,9,class->name
2,147,rectangle_java2.jpg,rectangle_java2.jpg,19285360634,124,728.22,221.27548387096772,715.5,222,90,21,Rectangle,9,class->name
2,147,rectangle_java2.jpg,rectangle_java2.jpg,19285480643,96,756.7,263.73625,747.5,259,33,21,int,3,class->block->decl_stmt->decl->type->name
2,147,rectangle_java2.jpg,rectangle_java2.jpg,19285588656,104,761.1965384615385,265.8792307692308,747.5,259,33,21,int,3,class->block->decl_stmt->decl->type->name
2,147,rectangle_java2.jpg,rectangle_java2.jpg,19286016632,60,872.5593333333334,270.66266666666667,863.5,259,10,21,",",1,class->block->decl_stmt
2,147,rectangle_java2.jpg,rectangle_java2.jpg,19286016632,60,872.5593333333334,270.66266666666667,881.5,259,23,21,x2,2,class->block->decl_stmt->decl->name
2,147,rectangle_java2.jpg,rectangle_java2.jpg,19287240524,84,788.5619047619048,307.93285714285713,737.5,295,91,21,Rectangle,9,class->block->constructor->name
2,147,rectangle_java2.jpg,rectangle_java2.jpg,19287404522,104,781.1923076923077,311.65076923076924,737.5,295,91,21,Rectangle,9,class->block->constructor->name
2,147,rectangle_java2.jpg,rectangle_java2.jpg,19287500503,60,898.5553333333334,309.88533333333334,890.5,295,24,21,x1,2,class->block->constructor->parameter_list->parameter->decl->type->name
2,147,rectangle_java2.jpg,rectangle_java2.jpg,19287632459,88,898.0668181818182,306.375,890.5,295,24,21,x1,2,class->block->constructor->parameter_list->parameter->decl->type->name
2,147,rectangle_java2.jpg,rectangle_java2.jpg,19287724442,56,896.2028571428572,295.15285714285716,890.5,295,24,21,x1,2,class->block->constructor->parameter_list->parameter->decl->type->name
2,147,rectangle_java2.jpg,rectangle_java2.jpg,19287792438,64,895.978125,312.4475,890.5,295,24,21,x1,2,class->block->constructor->parameter_list->parameter->decl->type->name
2,147,rectangle_java2.jpg,rectangle_java2.jpg,19288496402,128,784.4040625,366.3525,730.5,367,71,21,this.y1,7,class->block->constructor->block->block_content->expr_stmt->expr->name->name->operator->name
2,147,rectangle_java2.jpg,rectangle_java2.jpg,19288728377,172,753.3776744186047,375.18697674418604,730.5,367,71,21,this.y1,7,class->block->constructor->block->block_content->expr_stmt->expr->name->name->operator->name
2,147,rectangle_java2.jpg,rectangle_java2.jpg,19288804341,56,813.3821428571429,375.1642857142857,806.5,367,15,21,=,1,class->block->constructor->block->block_content->expr_stmt->expr->operator
2,147,rectangle_java2.jpg,rectangle_java2.jpg,19288880344,72,815.8805555555556,375.7388888888889,806.5,367,15,21,=,1,class->block->constructor->block->block_content->expr_stmt->expr->operator
2,147,rectangle_java2.jpg,rectangle_java2.jpg,19288880344,72,815.8805555555556,375.7388888888889,826.5,367,23,21,y1,2,class->block->constructor->block->block_content->expr_stmt->expr->name->name
2,147,rectangle_java2.jpg,rectangle_java2.jpg,19288976382,92,816.0234782608695,366.3391304347826,806.5,367,15,21,=,1,class->block->constructor->block->block_content->expr_stmt->expr->operator
2,147,rectangle_java2.jpg,rectangle_java2.jpg,19288976382,92,816.0234782608695,366.3391304347826,826.5,367,23,21,y1,2,class->block->constructor->block->block_content->expr_stmt->expr->name->name
2,147,rectangle_java2.jpg,rectangle_java2.jpg,19289048406,68,817.3994117647059,355.25,806.5,367,15,21,=,1,class->block->constructor->block->block_content->expr_stmt->expr->operator
2,147,rectangle_java2.jpg,rectangle_java2.jpg,19289048406,68,817.3994117647059,355.25,826.5,367,23,21,y1,2,class->block->constructor->block->block_content->expr_stmt->expr->name->name
2,147,rectangle_java2.jpg,rectangle_java2.jpg,19289136395,68,773.6241176470588,379.8523529411765,730.5,367,71,21,this.y1,7,class->block->constructor->block->block_content->expr_stmt->expr->name->name->operator->name
2,147,rectangle_java2.jpg,rectangle_java2.jpg,19289544346,56,693.4471428571428,539.53,669.5,549,63,21,public,6,class->block->function->type->specifier
2,147,rectangle_java2.jpg,rectangle_java2.jpg,19289684369,88,715.1727272727272,539.1127272727273,669.5,549,63,21,public,6,class->block->function->type->specifier
2,147,rectangle_java2.jpg,rectangle_java2.jpg,19289908410,68,734.3258823529412,266.83176470588234,669.5,259,72,21,private,7,class->block->decl_stmt->decl->type->specifier
2,147,rectangle_java2.jpg,rectangle_java2.jpg,19290108261,88,776.2709090909091,271.28409090909093,747.5,259,33,21,int,3,class->block->decl_stmt->decl->type->name
2,147,rectangle_java2.jpg,rectangle_java2.jpg,19290108261,88,776.2709090909091,271.28409090909093,785.5,259,23,21,x1,2,class->block->decl_stmt->decl->name
2,147,rectangle_java2.jpg,rectangle_java2.jpg,19290168167,56,790.2814285714286,271.4,785.5,259,23,21,x1,2,class->block->decl_stmt->decl->name
2,147,rectangle_java2.jpg,rectangle_java2.jpg,19290260089,88,768.0172727272727,273.9177272727273,747.5,259,33,21,int,3,class->block->decl_stmt->decl->type->name
2,147,rectangle_java2.jpg,rectangle_java2.jpg,19290440242,56,713.9378571428572,309.31928571428574,669.5,295,63,21,public,6,class->block->constructor->specifier
2,147,rectangle_java2.jpg,rectangle_java2.jpg,19290508270,64,705.835625,300.0325,669.5,295,63,21,public,6,class->block->constructor->specifier
2,147,rectangle_java2.jpg,rectangle_java2.jpg,19290860277,76,724.4015789473684,514.3326315789474,669.5,512,63,21,public,6,class->block->function->type->specifier
2,147,rectangle_java2.jpg,rectangle_java2.jpg,19290924273,60,711.618,510.7153333333333,669.5,512,63,21,public,6,class->block->function->type->specifier
2,147,rectangle_java2.jpg,rectangle_java2.jpg,19291048265,120,712.172,518.1343333333333,669.5,512,63,21,public,6,class->block->function->type->specifier
2,147,rectangle_java2.jpg,rectangle_java2.jpg,19291120253,68,726.0347058823529,515.6294117647059,669.5,512,63,21,public,6,class->block->function->type->specifier
2,147,rectangle_java2.jpg,rectangle_java2.jpg,19291120253,68,726.0347058823529,515.6294117647059,737.5,512,33,21,int,3,class->block->function->type->name
2,147,rectangle_java2.jpg,rectangle_java2.jpg,19291208238,84,713.1438095238095,519.3485714285714,669.5,512,63,21,public,6,class->block->function->type->specifier
2,147,rectangle_java2.jpg,rectangle_java2.jpg,19291308237,96,706.7345833333334,520.24125,669.5,512,63,21,public,6,class->block->function->type->specifier
2,147,rectangle_java2.jpg,rectangle_java2.jpg,19291368243,56,707.4107142857143,528.9721428571429,669.5,512,63,21,public,6,class->block->function->type->specifier
2,147,rectangle_java2.jpg,rectangle_java2.jpg,19291448252,56,768.2392857142858,521.5128571428571,737.5,512,33,21,int,3,class->block->function->type->name
2,147,rectangle_java2.jpg,rectangle_java2.jpg,19291448252,56,768.2392857142858,521.5128571428571,775.5,512,53,21,width,5,class->block->function->name
2,147,rectangle_java2.jpg,rectangle_java2.jpg,19291592241,92,769.8926086956521,520.5660869565218,737.5,512,33,21,int,3,class->block->function->type->name
2,147,rectangle_java2.jpg,rectangle_java2.jpg,19291592241,92,769.8926086956521,520.5660869565218,775.5,512,53,21,width,5,class->block->function->name
2,147,rectangle_java2.jpg,rectangle_java2.jpg,19291872301,68,760.7747058823529,529.7188235294118,737.5,512,33,21,int,3,class->block->function->type->name
2,147,rectangle_java2.jpg,rectangle_java2.jpg,19291944309,68,777.6041176470588,515.2229411764706,775.5,512,53,21,width,5,class->block->function->name
2,147,rectangle_java2.jpg,rectangle_java2.jpg,19292016318,68,766.45,517.0405882352941,737.5,512,33,21,int,3,class->block->function->type->name
2,147,rectangle_java2.jpg,rectangle_java2.jpg,19292016318,68,766.45,517.0405882352941,775.5,512,53,21,width,5,class->block->function->name
2,147,rectangle_java2.jpg,rectangle_java2.jpg,19292096282,56,792.5507142857143,503.25571428571425,775.5,512,53,21,width,5,class->block->function->name
2,147,rectangle_java2.jpg,rectangle_java2.jpg,19292216174,60,808.2586666666666,514.9486666666667,775.5,512,53,21,width,5,class->block->function->name
2,147,rectangle_java2.jpg,rectangle_java2.jpg,19292452176,60,768.3,295.36266666666666,737.5,295,91,21,Rectangle,9,class->block->constructor->name
2,147,rectangle_java2.jpg,rectangle_java2.jpg,19292560152,60,772.9973333333334,311.6646666666667,737.5,295,91,21,Rectangle,9,class->block->constructor->name
2,147,rectangle_java2.jpg,rectangle_java2.jpg,19292656127,92,762.4030434782609,321.5313043478261,730.5,331,71,19,this.x1,7,class->block->constructor->block->block_content->expr_stmt->expr->name->name->operator->name
2,147,rectangle_java2.jpg,rectangle_java2.jpg,19292784100,84,708.7142857142857,314.942380952381,669.5,295,63,21,public,6,class->block->constructor->specifier
2,147,rectangle_java2.jpg,rectangle_java2.jpg,19292848086,60,689.6773333333333,312.09066666666666,669.5,295,63,21,public,6,class->block->constructor->specifier
2,147,rectangle_java2.jpg,rectangle_java2.jpg,19293116107,76,788.2263157894737,338.73526315789474,730.5,331,71,19,this.x1,7,class->block->constructor->block->block_content->expr_stmt->expr->name->name->operator->name
2,147,rectangle_java2.jpg,rectangle_java2.jpg,19293348122,140,678.9808571428572,239.084,657.5,222,52,21,class,5,class
2,147,rectangle_java2.jpg,rectangle_java2.jpg,19293540132,76,833.988947368421,528.7478947368421,837.5,512,9,21,(,1,class->block->function->parameter_list
2,147,rectangle_java2.jpg,rectangle_java2.jpg,19293652087,108,839.2022222222222,515.7985185185186,837.5,512,9,21,(,1,class->block->function->parameter_list
2,147,rectangle_java2.jpg,rectangle_java2.jpg,19293772151,80,919.9455,507.81899999999996,891.5,512,62,21,return,6,class->block->function->block->block_content->return->expr->name->name
2,147,rectangle_java2.jpg,rectangle_java2.jpg,19293832189,56,920.0478571428571,528.6271428571429,891.5,512,62,21,return,6,class->block->function->block->block_content->return->expr->name->name
2,147,rectangle_java2.jpg,rectangle_java2.jpg,19293952000,116,905.9596551724138,514.3810344827587,891.5,512,62,21,return,6,class->block->function->block->block_content->return->expr->name->name
2,147,rectangle_java2.jpg,rectangle_java2.jpg,19294103771,76,975.9763157894737,510.88736842105266,958.5,512,71,21,this.x2,7,class->block->function->block->block_content->return->expr->name->name->operator->name->operator
2,147,rectangle_java2.jpg,rectangle_java2.jpg,19294163853,56,979.6064285714285,518.6535714285715,958.5,512,71,21,this.x2,7,class->block->function->block->block_content->return->expr->name->name->operator->name->operator
2,147,rectangle_java2.jpg,rectangle_java2.jpg,19294383975,164,974.4253658536585,513.9417073170732,958.5,512,71,21,this.x2,7,class->block->function->block->block_content->return->expr->name->name->operator->name->operator
2,147,rectangle_java2.jpg,rectangle_java2.jpg,19294523966,60,960.452,539.0493333333334,900.5,549,63,21,return,6,class->block->function->block->block_content->return
2,147,rectangle_java2.jpg,rectangle_java2.jpg,19294523966,60,960.452,539.0493333333334,968.5,549,70,21,this.y2,7,class->block->function->block->block_content->return->expr->name->name->operator->name
2,147,rectangle_java2.jpg,rectangle_java2.jpg,19294768030,120,977.4046666666667,523.7113333333333,958.5,512,71,21,this.x2,7,class->block->function->block->block_content->return->expr->name->name->operator->name->operator
2,147,rectangle_java2.jpg,rectangle_java2.jpg,19294904102,132,980.6548484848485,543.3057575757575,968.5,549,70,21,this.y2,7,class->block->function->block->block_content->return->expr->name->name->operator->name
2,147,rectangle_java2.jpg,rectangle_java2.jpg,19295172010,112,994.6246428571428,517.8942857142857,958.5,512,71,21,this.x2,7,class->block->function->block->block_content->return->expr->name->name->operator->name->operator
2,147,rectangle_java2.jpg,rectangle_java2.jpg,19295627959,84,882.8114285714286,541.9980952380953,883.5,549,10,21,{,1,class->block->function->block
2,147,rectangle_java2.jpg,rectangle_java2.jpg,19295927953,140,771.0182857142858,526.098,775.5,512,53,21,width,5,class->block->function->name
2,147,rectangle_java2.jpg,rectangle_java2.jpg,19296099880,64,776.671875,547.62875,775.5,549,62,21,height,6,class->block->function->name
2,147,rectangle_java2.jpg,rectangle_java2.jpg,19296211876,76,812.7236842105264,537.7394736842106,775.5,549,62,21,height,6,class->block->function->name
2,147,rectangle_java2.jpg,rectangle_java2.jpg,19296327876,56,1049.8828571428571,525.4342857142857,1054.5,512,71,21,this.x1,7,class->block->function->block->block_content->return->expr->name->name->operator->name
2,147,rectangle_java2.jpg,rectangle_java2.jpg,19296419879,88,1033.6895454545454,529.5054545454545,1035.5,512,13,21,-,1,class->block->function->block->block_content->return->expr->name->name
2,147,rectangle_java2.jpg,rectangle_java2.jpg,19296543872,120,1066.0506666666668,521.3966666666666,1054.5,512,71,21,this.x1,7,class->block->function->block->block_content->return->expr->name->name->operator->name
2,147,rectangle_java2.jpg,rectangle_java2.jpg,19296671851,124,1042.776129032258,513.2738709677419,1035.5,512,13,21,-,1,class->block->function->block->block_content->return->expr->name->name
2,147,rectangle_java2.jpg,rectangle_java2.jpg,19296671851,124,1042.776129032258,513.2738709677419,1054.5,512,71,21,this.x1,7,class->block->function->block->block_content->return->expr->name->name->operator->name
2,147,rectangle_java2.jpg,rectangle_java2.jpg,19296731848,56,1042.1128571428571,515.9214285714286,1035.5,512,13,21,-,1,class->block->function->block->block_content->return->expr->name->name
2,147,rectangle_java2.jpg,rectangle_java2.jpg,19296731848,56,1042.1128571428571,515.9214285714286,1054.5,512,71,21,this.x1,7,class->block->function->block->block_content->return->expr->name->name->operator->name
2,147,rectangle_java2.jpg,rectangle_java2.jpg,19296943902,120,1063.252,527.3706666666667,1054.5,512,71,21,this.x1,7,class->block->function->block->block_content->return->expr->name->name->operator->name
2,147,rectangle_java2.jpg,rectangle_java2.jpg,19297379882,132,996.7003030303031,524.7818181818182,958.5,512,71,21,this.x2,7,class->block->function->block->block_content->return->expr->name->name->operator->name->operator
2,147,rectangle_java2.jpg,rectangle_java2.jpg,19297803657,60,981.0213333333334,310.22066666666666,977.5,295,23,21,y1,2,class->block->constructor->parameter_list->parameter->decl->type->name
2,147,rectangle_java2.jpg,rectangle_java2.jpg,19298043544,128,889.1315625,551.3259375,883.5,549,10,21,{,1,class->block->function->block
2,147,rectangle_java2.jpg,rectangle_java2.jpg,19298043544,128,889.1315625,551.3259375,900.5,549,63,21,return,6,class->block->function->block->block_content->return
2,147,rectangle_java2.jpg,rectangle_java2.jpg,19298167631,60,807.3833333333333,550.766,775.5,549,62,21,height,6,class->block->function->name
2,147,rectangle_java2.jpg,rectangle_java2.jpg,19298351708,84,811.422380952381,556.3490476190476,775.5,549,62,21,height,6,class->block->function->name
2,147,rectangle_java2.jpg,rectangle_java2.jpg,19298523713,168,815.1230952380953,561.1733333333333,775.5,549,62,21,height,6,class->block->function->name
2,147,rectangle_java2.jpg,rectangle_java2.jpg,19298823878,60,1002.1933333333334,550.5326666666666,968.5,549,70,21,this.y2,7,class->block->function->block->block_content->return->expr->name->name->operator->name
2,147,rectangle_java2.jpg,rectangle_java2.jpg,19298895839,68,996.9182352941176,546.7211764705883,968.5,549,70,21,this.y2,7,class->block->function->block->block_content->return->expr->name->name->operator->name
2,147,rectangle_java2.jpg,rectangle_java2.jpg,19298999770,100,992.7804,563.0788,968.5,549,70,21,this.y2,7,class->block->function->block->block_content->return->expr->name->name->operator->name
2,147,rectangle_java2.jpg,rectangle_java2.jpg,19299111702,56,1017.0335714285715,544.1907142857143,968.5,549,70,21,this.y2,7,class->block->function->block->block_content->return->expr->name->name->operator->name
2,147,rectangle_java2.jpg,rectangle_java2.jpg,19299423677,152,1035.9355263157895,550.9668421052631,968.5,549,70,21,this.y2,7,class->block->function->block->block_content->return->expr->name->name->operator->name
2,147,rectangle_java2.jpg,rectangle_java2.jpg,19299423677,152,1035.9355263157895,550.9668421052631,1045.5,549,13,21,-,1,class->block->function->block->block_content->return->expr->operator
2,147,rectangle_java2.jpg,rectangle_java2.jpg,19299483682,56,1016.9871428571429,550.385,968.5,549,70,21,this.y2,7,class->block->function->block->block_content->return->expr->name->name->operator->name
2,147,rectangle_java2.jpg,rectangle_java2.jpg,19299587682,56,991.77,545.6642857142857,968.5,549,70,21,this.y2,7,class->block->function->block->block_content->return->expr->name->name->operator->name
2,147,rectangle_java2.jpg,rectangle_java2.jpg,19299795430,68,1039.8423529411764,513.075294117647,1035.5,512,13,21,-,1,class->block->function->block->block_content->return->expr->name->name
2,147,rectangle_java2.jpg,rectangle_java2.jpg,19300059617,168,1033.7264285714286,519.677380952381,1035.5,512,13,21,-,1,class->block->function->block->block_content->return->expr->name->name
2,147,rectangle_java2.jpg,rectangle_java2.jpg,19300419624,64,1067.95875,568.236875,1064.5,549,71,21,this.y1,7,class->block->function->block->block_content->return->expr->name->name->operator->name
2,147,rectangle_java2.jpg,rectangle_java2.jpg,19300603543,56,1099.0035714285714,569.655,1064.5,549,71,21,this.y1,7,class->block->function->block->block_content->return->expr->name->name->operator->name
2,147,rectangle_java2.jpg,rectangle_java2.jpg,19300695548,88,1098.1709090909092,578.6154545454546,1103.5,585,9,21,),1,class->block->function->block->block_content->return->expr->call->argument_list
2,147,rectangle_java2.jpg,rectangle_java2.jpg,19300899596,92,997.8465217391305,560.8552173913043,968.5,549,70,21,this.y2,7,class->block->function->block->block_content->return->expr->name->name->operator->name
2,147,rectangle_java2.jpg,rectangle_java2.jpg,19300963596,60,999.6393333333333,576.344,977.5,585,101,21,this.width,10,class->block->function->block->block_content->return->expr->call->name->name->operator->name
2,147,rectangle_java2.jpg,rectangle_java2.jpg,19301447422,68,739.1935294117648,582.2617647058823,737.5,585,62,21,double,6,class->block->function->type->name
2,147,rectangle_java2.jpg,rectangle_java2.jpg,19301515432,64,746.576875,586.809375,737.5,585,62,21,double,6,class->block->function->type->name
2,147,rectangle_java2.jpg,rectangle_java2.jpg,19301587449,68,738.1394117647059,593.8958823529412,737.5,585,62,21,double,6,class->block->function->type->name
2,147,rectangle_java2.jpg,rectangle_java2.jpg,19301671435,56,715.1278571428571,583.6135714285714,669.5,585,63,21,public,6,class->block->function->type->specifier
2,147,rectangle_java2.jpg,rectangle_java2.jpg,19301755354,80,729.0554999999999,600.7415,669.5,585,63,21,public,6,class->block->function->type->specifier
2,147,rectangle_java2.jpg,rectangle_java2.jpg,19301755354,80,729.0554999999999,600.7415,737.5,585,62,21,double,6,class->block->function->type->name
2,147,rectangle_java2.jpg,rectangle_java2.jpg,19301887323,128,732.5496875,605.8634375,737.5,585,62,21,double,6,class->block->function->type->name
2,147,rectangle_java2.jpg,rectangle_java2.jpg,19301975419,84,720.2152380952381,599.9261904761905,669.5,585,63,21,public,6,class->block->function->type->specifier
2,147,rectangle_java2.jpg,rectangle_java2.jpg,19302163489,144,794.4994444444444,594.3547222222222,737.5,585,62,21,double,6,class->block->function->type->name
2,147,rectangle_java2.jpg,rectangle_java2.jpg,19302163489,144,794.4994444444444,594.3547222222222,804.5,585,43,21,area,4,class->block->function->name
2,147,rectangle_java2.jpg,rectangle_java2.jpg,19302239479,72,776.5294444444445,591.6127777777778,737.5,585,62,21,double,6,class->block->function->type->name
2,147,rectangle_java2.jpg,rectangle_java2.jpg,19302763543,56,866.435,574.92,873.5,585,9,21,),1,class->block->function->parameter_list
2,147,rectangle_java2.jpg,rectangle_java2.jpg,19302947405,68,938.7917647058823,587.3652941176471,910.5,585,62,21,return,6,class->block->function->block->block_content->return
2,147,rectangle_java2.jpg,rectangle_java2.jpg,19303227424,64,1029.0675,579.9825000000001,977.5,585,101,21,this.width,10,class->block->function->block->block_content->return->expr->call->name->name->operator->name
2,147,rectangle_java2.jpg,rectangle_java2.jpg,19303459489,96,997.4137499999999,586.6104166666667,977.5,585,101,21,this.width,10,class->block->function->block->block_content->return->expr->call->name->name->operator->name
2,147,rectangle_java2.jpg,rectangle_java2.jpg,19303567386,60,999.0513333333333,578.6033333333334,977.5,585,101,21,this.width,10,class->block->function->block->block_content->return->expr->call->name->name->operator->name
2,147,rectangle_java2.jpg,rectangle_java2.jpg,19303691292,80,1011.0995,602.6305,977.5,585,101,21,this.width,10,class->block->function->block->block_content->return->expr->call->name->name->operator->name
2,147,rectangle_java2.jpg,rectangle_java2.jpg,19303763296,68,1001.6176470588235,593.3988235294117,977.5,585,101,21,this.width,10,class->block->function->block->block_content->return->expr->call->name->name->operator->name
2,147,rectangle_java2.jpg,rectangle_java2.jpg,19303971319,56,1042.6785714285713,602.8178571428572,977.5,585,101,21,this.width,10,class->block->function->block->block_content->return->expr->call->name->name->operator->name
2,147,rectangle_java2.jpg,rectangle_java2.jpg,19304067335,92,1060.1573913043478,597.5908695652174,977.5,585,101,21,this.width,10,class->block->function->block->block_content->return->expr->call->name->name->operator->name
2,147,rectangle_java2.jpg,rectangle_java2.jpg,19304191338,120,1066.7436666666667,590.3676666666667,977.5,585,101,21,this.width,10,class->block->function->block->block_content->return->expr->call->name->name->operator->name
2,147,rectangle_java2.jpg,rectangle_java2.jpg,19304351333,68,1157.8029411764705,565.8535294117647,1161.5,549,10,21,},1,class->block->function->block
2,147,rectangle_java2.jpg,rectangle_java2.jpg,19304415329,60,1165.004,558.2993333333334,1161.5,549,10,21,},1,class->block->function->block
2,147,rectangle_java2.jpg,rectangle_java2.jpg,19304615330,196,1149.4720408163266,565.7977551020408,1142.5,549,10,21,;,1,class->block->function->block->block_content->return
2,147,rectangle_java2.jpg,rectangle_java2.jpg,19304615330,196,1149.4720408163266,565.7977551020408,1161.5,549,10,21,},1,class->block->function->block
2,147,rectangle_java2.jpg,rectangle_java2.jpg,19304843301,60,1099.104,584.9253333333334,1103.5,585,9,21,),1,class->block->function->block->block_content->return->expr->call->argument_list
2,147,rectangle_java2.jpg,rectangle_java2.jpg,19304971322,124,1101.3851612903227,583.4158064516129,1103.5,585,9,21,),1,class->block->function->block->block_content->return->expr->call->argument_list
2,147,rectangle_java2.jpg,rectangle_java2.jpg,19305055338,60,1033.8386666666668,578.8053333333334,977.5,585,101,21,this.width,10,class->block->function->block->block_content->return->expr->call->name->name->operator->name
2,147,rectangle_java2.jpg,rectangle_java2.jpg,19305147322,88,1022.329090909091,584.7422727272727,977.5,585,101,21,this.width,10,class->block->function->block->block_content->return->expr->call->name->name->operator->name
2,147,rectangle_java2.jpg,rectangle_java2.jpg,19305235315,84,1006.8938095238095,595.7195238095238,977.5,585,101,21,this.width,10,class->block->function->block->block_content->return->expr->call->name->name->operator->name
2,147,rectangle_java2.jpg,rectangle_java2.jpg,19305327338,88,1012.8959090909091,595.3268181818182,977.5,585,101,21,this.width,10,class->block->function->block->block_content->return->expr->call->name->name->operator->name
2,147,rectangle_java2.jpg,rectangle_java2.jpg,19305695205,80,1178.1335,595.836,1140.5,585,110,21,this.height,11,class->block->function->block->block_content->return->expr->call->name->name->operator->name
2,147,rectangle_java2.jpg,rectangle_java2.jpg,19305963167,76,1171.7815789473684,584.6042105263158,1140.5,585,110,21,this.height,11,class->block->function->block->block_content->return->expr->call->name->name->operator->name
2,147,rectangle_java2.jpg,rectangle_java2.jpg,19306695161,96,928.6941666666667,574.5054166666666,910.5,585,62,21,return,6,class->block->function->block->block_content->return
2,147,rectangle_java2.jpg,rectangle_java2.jpg,19306815188,60,802.1766666666666,600.5586666666667,804.5,585,43,21,area,4,class->block->function->name
2,147,rectangle_java2.jpg,rectangle_java2.jpg,19306879196,60,816.5846666666666,583.6513333333334,804.5,585,43,21,area,4,class->block->function->name
2,147,rectangle_java2.jpg,rectangle_java2.jpg,19307047229,88,778.7245454545455,593.9377272727272,737.5,585,62,21,double,6,class->block->function->type->name
2,147,rectangle_java2.jpg,rectangle_java2.jpg,19307115239,64,764.245,604.253125,737.5,585,62,21,double,6,class->block->function->type->name
2,147,rectangle_java2.jpg,rectangle_java2.jpg,19307287243,120,778.844,591.0396666666667,737.5,585,62,21,double,6,class->block->function->type->name
2,147,rectangle_java2.jpg,rectangle_java2.jpg,19307439095,64,819.10375,590.541875,804.5,585,43,21,area,4,class->block->function->name
2,147,rectangle_java2.jpg,rectangle_java2.jpg,19307554975,72,723.005,588.685,669.5,585,63,21,public,6,class->block->function->type->specifier
2,147,rectangle_java2.jpg,rectangle_java2.jpg,19307630971,72,708.6461111111112,583.8527777777778,669.5,585,63,21,public,6,class->block->function->type->specifier
2,147,rectangle_java2.jpg,rectangle_java2.jpg,19308375011,72,780.4444444444445,610.8477777777778,738.5,621,61,21,static,6,class->block->function->type->specifier
2,147,rectangle_java2.jpg,rectangle_java2.jpg,19308475033,68,833.094705882353,618.2582352941176,804.5,621,44,21,void,4,class->block->function->type->name
2,147,rectangle_java2.jpg,rectangle_java2.jpg,19308739075,68,825.0170588235294,597.7111764705883,804.5,585,43,21,area,4,class->block->function->name
2,147,rectangle_java2.jpg,rectangle_java2.jpg,19308871165,92,850.8,597.1904347826087,856.5,585,9,21,(,1,class->block->function->parameter_list
2,147,rectangle_java2.jpg,rectangle_java2.jpg,19309055140,76,772.1752631578947,582.3173684210526,737.5,585,62,21,double,6,class->block->function->type->name
2,147,rectangle_java2.jpg,rectangle_java2.jpg,19309195045,136,765.7252941176471,579.1626470588235,737.5,585,62,21,double,6,class->block->function->type->name
2,147,rectangle_java2.jpg,rectangle_java2.jpg,19309279018,80,770.077,592.891,737.5,585,62,21,double,6,class->block->function->type->name
2,147,rectangle_java2.jpg,rectangle_java2.jpg,19309394980,76,750.7363157894737,592.05,737.5,585,62,21,double,6,class->block->function->type->name
2,147,rectangle_java2.jpg,rectangle_java2.jpg,19309582929,108,745.5622222222222,602.2696296296297,737.5,585,62,21,double,6,class->block->function->type->name
2,147,rectangle_java2.jpg,rectangle_java2.jpg,19309734910,124,830.7383870967742,601.7067741935484,804.5,585,43,21,area,4,class->block->function->name
2,147,rectangle_java2.jpg,rectangle_java2.jpg,19309794899,56,830.1842857142857,594.055,804.5,585,43,21,area,4,class->block->function->name
2,147,rectangle_java2.jpg,rectangle_java2.jpg,19309958938,100,892.2784,583.556,893.5,585,10,21,{,1,class->block->function->block
2,147,rectangle_java2.jpg,rectangle_java2.jpg,19310058961,96,870.79,588.48,873.5,585,9,21,),1,class->block->function->parameter_list
2,147,rectangle_java2.jpg,rectangle_java2.jpg,19310162947,56,906.7442857142858,574.695,910.5,585,62,21,return,6,class->block->function->block->block_content->return
2,147,rectangle_java2.jpg,rectangle_java2.jpg,19310262944,64,939.379375,583.5081250000001,910.5,585,62,21,return,6,class->block->function->block->block_content->return
2,147,rectangle_java2.jpg,rectangle_java2.jpg,19310690980,104,1034.7315384615385,593.3073076923076,977.5,585,101,21,this.width,10,class->block->function->block->block_content->return->expr->call->name->name->operator->name
2,147,rectangle_java2.jpg,rectangle_java2.jpg,19310946923,64,770.771875,605.578125,737.5,585,62,21,double,6,class->block->function->type->name
2,147,rectangle_java2.jpg,rectangle_java2.jpg,19311034927,60,797.4686666666666,592.1006666666667,737.5,585,62,21,double,6,class->block->function->type->name
2,147,rectangle_java2.jpg,rectangle_java2.jpg,19311034927,60,797.4686666666666,592.1006666666667,804.5,585,43,21,area,4,class->block->function->name
2,147,rectangle_java2.jpg,rectangle_java2.jpg,19311170974,132,777.5269696969697,605.5975757575758,737.5,585,62,21,double,6,class->block->function->type->name
2,147,rectangle_java2.jpg,rectangle_java2.jpg,19311338804,64,772.4325,594.769375,737.5,585,62,21,double,6,class->block->function->type->name
2,147,rectangle_java2.jpg,rectangle_java2.jpg,19311482658,140,784.0897142857143,599.6885714285714,737.5,585,62,21,double,6,class->block->function->type->name
2,147,rectangle_java2.jpg,rectangle_java2.jpg,19311546696,60,766.4979999999999,600.0813333333333,737.5,585,62,21,double,6,class->block->function->type->name
2,147,rectangle_java2.jpg,rectangle_java2.jpg,19311610735,60,742.5926666666667,594.0293333333333,737.5,585,62,21,double,6,class->block->function->type->name
2,147,rectangle_java2.jpg,rectangle_java2.jpg,19311830783,144,754.5586111111111,583.5825,737.5,585,62,21,double,6,class->block->function->type->name
2,147,rectangle_java2.jpg,rectangle_java2.jpg,19311942798,60,751.164,583.9533333333334,737.5,585,62,21,double,6,class->block->function->type->name
2,147,rectangle_java2.jpg,rectangle_java2.jpg,19312074807,96,735.2291666666666,594.32125,737.5,585,62,21,double,6,class->block->function->type->name
2,147,rectangle_java2.jpg,rectangle_java2.jpg,19312282799,168,814.8121428571428,584.085,804.5,585,43,21,area,4,class->block->function->name
2,147,rectangle_java2.jpg,rectangle_java2.jpg,19312486780,76,983.0321052631579,579.8378947368421,977.5,585,101,21,this.width,10,class->block->function->block->block_content->return->expr->call->name->name->operator->name
2,147,rectangle_java2.jpg,rectangle_java2.jpg,19312814780,88,1086.628181818182,565.1972727272728,1064.5,549,71,21,this.y1,7,class->block->function->block->block_content->return->expr->name->name->operator->name
2,147,rectangle_java2.jpg,rectangle_java2.jpg,19313282740,64,1170.16,549.295,1161.5,549,10,21,},1,class->block->function->block
2,147,rectangle_java2.jpg,rectangle_java2.jpg,19313394665,64,1180.194375,573.046875,1140.5,585,110,21,this.height,11,class->block->function->block->block_content->return->expr->call->name->name->operator->name
2,147,rectangle_java2.jpg,rectangle_java2.jpg,19313650642,68,1222.484705882353,582.1152941176471,1140.5,585,110,21,this.height,11,class->block->function->block->block_content->return->expr->call->name->name->operator->name
2,147,rectangle_java2.jpg,rectangle_java2.jpg,19313722664,68,1219.7276470588235,572.5458823529411,1140.5,585,110,21,this.height,11,class->block->function->block->block_content->return->expr->call->name->name->operator->name
2,147,rectangle_java2.jpg,rectangle_java2.jpg,19314146688,88,1022.9181818181818,562.8813636363636,968.5,549,70,21,this.y2,7,class->block->function->block->block_content->return->expr->name->name->operator->name
2,147,rectangle_java2.jpg,rectangle_java2.jpg,19314214686,64,1006.25375,573.77,977.5,585,101,21,this.width,10,class->block->function->block->block_content->return->expr->call->name->name->operator->name
2,147,rectangle_java2.jpg,rectangle_java2.jpg,19314446787,140,942.3891428571428,573.6488571428572,910.5,585,62,21,return,6,class->block->function->block->block_content->return
2,147,rectangle_java2.jpg,rectangle_java2.jpg,19314506775,56,934.67,590.565,910.5,585,62,21,return,6,class->block->function->block->block_content->return
2,147,rectangle_java2.jpg,rectangle_java2.jpg,19314662660,152,948.7005263157895,588.0063157894737,910.5,585,62,21,return,6,class->block->function->block->block_content->return
2,147,rectangle_java2.jpg,rectangle_java2.jpg,19314914608,76,1024.3105263157895,581.5142105263158,977.5,585,101,21,this.width,10,class->block->function->block->block_content->return->expr->call->name->name->operator->name
2,147,rectangle_java2.jpg,rectangle_java2.jpg,19315238398,64,1042.5418750000001,568.6675,1045.5,549,13,21,-,1,class->block->function->block->block_content->return->expr->operator
2,147,rectangle_java2.jpg,rectangle_java2.jpg,19315506488,72,940.2788888888889,576.4794444444444,910.5,585,62,21,return,6,class->block->function->block->block_content->return
2,147,rectangle_java2.jpg,rectangle_java2.jpg,19315586520,76,942.9878947368421,587.1731578947368,910.5,585,62,21,return,6,class->block->function->block->block_content->return
2,147,rectangle_java2.jpg,rectangle_java2.jpg,19315710539,120,940.104,578.1536666666667,910.5,585,62,21,return,6,class->block->function->block->block_content->return
2,147,rectangle_java2.jpg,rectangle_java2.jpg,19315938539,84,1072.3290476190477,567.6819047619048,1064.5,549,71,21,this.y1,7,class->block->function->block->block_content->return->expr->name->name->operator->name
2,147,rectangle_java2.jpg,rectangle_java2.jpg,19316070568,56,1028.835,566.9078571428572,968.5,549,70,21,this.y2,7,class->block->function->block->block_content->return->expr->name->name->operator->name
2,147,rectangle_java2.jpg,rectangle_java2.jpg,19316350568,100,1081.5848,556.552,1064.5,549,71,21,this.y1,7,class->block->function->block->block_content->return->expr->name->name->operator->name
2,147,rectangle_java2.jpg,rectangle_java2.jpg,19316622501,88,1039.780909090909,560.8409090909091,1045.5,549,13,21,-,1,class->block->function->block->block_content->return->expr->operator
2,147,rectangle_java2.jpg,rectangle_java2.jpg,19316730485,56,1029.4464285714287,579.6207142857143,977.5,585,101,21,this.width,10,class->block->function->block->block_content->return->expr->call->name->name->operator->name
2,147,rectangle_java2.jpg,rectangle_java2.jpg,19317034470,64,1105.138125,574.24625,1103.5,585,9,21,),1,class->block->function->block->block_content->return->expr->call->argument_list
2,147,rectangle_java2.jpg,rectangle_java2.jpg,19317102431,64,1111.3725,569.369375,1064.5,549,71,21,this.y1,7,class->block->function->block->block_content->return->expr->name->name->operator->name
2,147,rectangle_java2.jpg,rectangle_java2.jpg,19317246388,72,1156.598888888889,567.04,1161.5,549,10,21,},1,class->block->function->block
2,147,rectangle_java2.jpg,rectangle_java2.jpg,19317310398,60,1146.5773333333334,583.638,1140.5,585,110,21,this.height,11,class->block->function->block->block_content->return->expr->call->name->name->operator->name
2,147,rectangle_java2.jpg,rectangle_java2.jpg,19317518454,60,1119.158,575.0806666666666,1122.5,585,12,21,*,1,class->block->function->block->block_content->return->expr->operator
2,147,rectangle_java2.jpg,rectangle_java2.jpg,19317586450,64,1128.07375,587.819375,1122.5,585,12,21,*,1,class->block->function->block->block_content->return->expr->operator
2,147,rectangle_java2.jpg,rectangle_java2.jpg,19317586450,64,1128.07375,587.819375,1140.5,585,110,21,this.height,11,class->block->function->block->block_content->return->expr->call->name->name->operator->name
2,147,rectangle_java2.jpg,rectangle_java2.jpg,19317654443,64,1113.579375,576.50625,1122.5,585,12,21,*,1,class->block->function->block->block_content->return->expr->operator
2,147,rectangle_java2.jpg,rectangle_java2.jpg,19317730440,72,1130.81,566.5488888888889,1064.5,549,71,21,this.y1,7,class->block->function->block->block_content->return->expr->name->name->operator->name
2,147,rectangle_java2.jpg,rectangle_java2.jpg,19317730440,72,1130.81,566.5488888888889,1142.5,549,10,21,;,1,class->block->function->block->block_content->return
2,147,rectangle_java2.jpg,rectangle_java2.jpg,19317846397,76,1092.5073684210527,573.2336842105263,1086.5,585,10,21,(,1,class->block->function->block->block_content->return->expr->call->argument_list
2,147,rectangle_java2.jpg,rectangle_java2.jpg,19317846397,76,1092.5073684210527,573.2336842105263,1103.5,585,9,21,),1,class->block->function->block->block_content->return->expr->call->argument_list
2,147,rectangle_java2.jpg,rectangle_java2.jpg,19317930390,80,1098.645,568.292,1064.5,549,71,21,this.y1,7,class->block->function->block->block_content->return->expr->name->name->operator->name
2,147,rectangle_java2.jpg,rectangle_java2.jpg,19318170419,156,1049.5464102564104,568.2551282051282,1045.5,549,13,21,-,1,class->block->function->block->block_content->return->expr->operator
2,147,rectangle_java2.jpg,rectangle_java2.jpg,19318250404,56,1041.6292857142857,569.2135714285714,1045.5,549,13,21,-,1,class->block->function->block->block_content->return->expr->operator
2,147,rectangle_java2.jpg,rectangle_java2.jpg,19318334389,80,1058.829,582.192,977.5,585,101,21,this.width,10,class->block->function->block->block_content->return->expr->call->name->name->operator->name
2,147,rectangle_java2.jpg,rectangle_java2.jpg,19318410374,72,1074.2211111111112,574.7827777777778,977.5,585,101,21,this.width,10,class->block->function->block->block_content->return->expr->call->name->name->operator->name
2,147,rectangle_java2.jpg,rectangle_java2.jpg,19318410374,72,1074.2211111111112,574.7827777777778,1086.5,585,10,21,(,1,class->block->function->block->block_content->return->expr->call->argument_list
2,147,rectangle_java2.jpg,rectangle_java2.jpg,19318626351,72,889.9327777777778,544.1088888888889,883.5,549,10,21,{,1,class->block->function->block
2,147,rectangle_java2.jpg,rectangle_java2.jpg,19318626351,72,889.9327777777778,544.1088888888889,900.5,549,63,21,return,6,class->block->function->block->block_content->return
2,147,rectangle_java2.jpg,rectangle_java2.jpg,19318786361,104,1141.8161538461538,566.2288461538461,1142.5,549,10,21,;,1,class->block->function->block->block_content->return
2,147,rectangle_java2.jpg,rectangle_java2.jpg,19319094250,68,1198.22,574.4529411764706,1140.5,585,110,21,this.height,11,class->block->function->block->block_content->return->expr->call->name->name->operator->name
2,147,rectangle_java2.jpg,rectangle_java2.jpg,19319614256,60,1205.0273333333334,578.1506666666667,1140.5,585,110,21,this.height,11,class->block->function->block->block_content->return->expr->call->name->name->operator->name
2,147,rectangle_java2.jpg,rectangle_java2.jpg,19319798265,144,805.5666666666667,581.5019444444445,804.5,585,43,21,area,4,class->block->function->name
2,147,rectangle_java2.jpg,rectangle_java2.jpg,19320006242,64,761.925625,612.405625,738.5,621,61,21,static,6,class->block->function->type->specifier
2,147,rectangle_java2.jpg,rectangle_java2.jpg,19320078231,68,777.6870588235294,615.8111764705882,738.5,621,61,21,static,6,class->block->function->type->specifier
2,147,rectangle_java2.jpg,rectangle_java2.jpg,19320230240,64,741.874375,617.205,738.5,621,61,21,static,6,class->block->function->type->specifier
2,147,rectangle_java2.jpg,rectangle_java2.jpg,19320306249,72,737.37,616.755,738.5,621,61,21,static,6,class->block->function->type->specifier
2,147,rectangle_java2.jpg,rectangle_java2.jpg,19320386255,76,733.3531578947368,639.5905263157895,738.5,621,61,21,static,6,class->block->function->type->specifier
2,147,rectangle_java2.jpg,rectangle_java2.jpg,19320458263,68,732.7276470588235,651.1782352941176,730.5,658,91,20,Rectangle,9,class->block->function->block->block_content->decl_stmt->decl->type->name
2,147,rectangle_java2.jpg,rectangle_java2.jpg,19320634288,56,758.9842857142858,648.6478571428571,730.5,658,91,20,Rectangle,9,class->block->function->block->block_content->decl_stmt->decl->type->name
2,147,rectangle_java2.jpg,rectangle_java2.jpg,19320694302,56,767.0478571428572,648.8585714285714,730.5,658,91,20,Rectangle,9,class->block->function->block->block_content->decl_stmt->decl->type->name
2,147,rectangle_java2.jpg,rectangle_java2.jpg,19320954242,68,855.7341176470588,619.5635294117648,851.5,621,44,21,main,4,class->block->function->name
2,147,rectangle_java2.jpg,rectangle_java2.jpg,19321550122,92,949.665652173913,635.4260869565218,920.5,621,62,21,String,6,class->block->function->parameter_list->parameter->decl->type->name->name
2,147,rectangle_java2.jpg,rectangle_java2.jpg,19321658129,56,1052.597857142857,597.0478571428571,977.5,585,101,21,this.width,10,class->block->function->block->block_content->return->expr->call->name->name->operator->name
2,147,rectangle_java2.jpg,rectangle_java2.jpg,19321814114,64,1058.920625,613.31375,1025.5,621,42,21,args,4,class->block->function->parameter_list->parameter->decl->name
2,147,rectangle_java2.jpg,rectangle_java2.jpg,19322250128,92,745.704347826087,671.9334782608696,730.5,658,91,20,Rectangle,9,class->block->function->block->block_content->decl_stmt->decl->type->name
2,147,rectangle_java2.jpg,rectangle_java2.jpg,19322618132,152,854.3634210526316,641.3205263157895,851.5,621,44,21,main,4,class->block->function->name
2,147,rectangle_java2.jpg,rectangle_java2.jpg,19322794151,100,792.9104,663.6052,730.5,658,91,20,Rectangle,9,class->block->function->block->block_content->decl_stmt->decl->type->name
2,147,rectangle_java2.jpg,rectangle_java2.jpg,19323033818,148,775.438108108108,675.3024324324324,730.5,658,91,20,Rectangle,9,class->block->function->block->block_content->decl_stmt->decl->type->name
2,147,rectangle_java2.jpg,rectangle_java2.jpg,19323225989,64,869.4525,637.68625,851.5,621,44,21,main,4,class->block->function->name
2,147,rectangle_java2.jpg,rectangle_java2.jpg,19323437950,68,949.04,658.0311764705882,941.5,658,91,20,Rectangle,9,class->block->function->block->block_content->decl_stmt->decl->init->expr->call->name
2,147,rectangle_java2.jpg,rectangle_java2.jpg,19323537972,96,955.7475000000001,651.3145833333333,941.5,658,91,20,Rectangle,9,class->block->function->block->block_content->decl_stmt->decl->init->expr->call->name
2,147,rectangle_java2.jpg,rectangle_java2.jpg,19324689974,116,857.2931034482758,665.8151724137931,826.5,658,52,20,rect1,5,class->block->function->block->block_content->decl_stmt->decl->name
2,147,rectangle_java2.jpg,rectangle_java2.jpg,19324957913,136,796.5385294117647,676.2082352941177,730.5,658,91,20,Rectangle,9,class->block->function->block->block_content->decl_stmt->decl->type->name
2,147,rectangle_java2.jpg,rectangle_java2.jpg,19325137857,96,776.085,686.3716666666667,730.5,694,177,21,System.out.println,18,class->block->function->block->block_content->expr_stmt->expr->call->name->name->operator->name->operator->name
2,147,rectangle_java2.jpg,rectangle_java2.jpg,19325245872,104,783.6203846153846,687.8057692307692,730.5,694,177,21,System.out.println,18,class->block->function->block->block_content->expr_stmt->expr->call->name->name->operator->name->operator->name
2,147,rectangle_java2.jpg,rectangle_java2.jpg,19325409874,88,897.1763636363636,658.1177272727273,883.5,658,15,20,=,1,class->block->function->block->block_content->decl_stmt->decl->init
2,147,rectangle_java2.jpg,rectangle_java2.jpg,19325409874,88,897.1763636363636,658.1177272727273,902.5,658,34,20,new,3,class->block->function->block->block_content->decl_stmt->decl->init->expr->operator
2,147,rectangle_java2.jpg,rectangle_java2.jpg,19325749889,80,978.503,698.665,932.5,694,100,21,rect1.area,10,class->block->function->block->block_content->expr_stmt->expr->call->argument_list->argument->expr->call->name->name->operator->name
2,147,rectangle_java2.jpg,rectangle_java2.jpg,19325833876,80,961.598,693.6555,932.5,694,100,21,rect1.area,10,class->block->function->block->block_content->expr_stmt->expr->call->argument_list->argument->expr->call->name->name->operator->name
2,147,rectangle_java2.jpg,rectangle_java2.jpg,19325981918,144,963.1058333333333,690.0466666666666,932.5,694,100,21,rect1.area,10,class->block->function->block->block_content->expr_stmt->expr->call->argument_list->argument->expr->call->name->name->operator->name
2,147,rectangle_java2.jpg,rectangle_java2.jpg,19326105945,76,958.9442105263158,689.4721052631579,932.5,694,100,21,rect1.area,10,class->block->function->block->block_content->expr_stmt->expr->call->argument_list->argument->expr->call->name->name->operator->name
2,147,rectangle_java2.jpg,rectangle_java2.jpg,19326181913,72,951.1166666666667,689.5594444444445,932.5,694,100,21,rect1.area,10,class->block->function->block->block_content->expr_stmt->expr->call->argument_list->argument->expr->call->name->name->operator->name
2,147,rectangle_java2.jpg,rectangle_java2.jpg,19326261883,76,961.6273684210527,681.9942105263158,932.5,694,100,21,rect1.area,10,class->block->function->block->block_content->expr_stmt->expr->call->argument_list->argument->expr->call->name->name->operator->name
2,147,rectangle_java2.jpg,rectangle_java2.jpg,19326401887,136,959.8805882352941,700.3826470588235,932.5,694,100,21,rect1.area,10,class->block->function->block->block_content->expr_stmt->expr->call->argument_list->argument->expr->call->name->name->operator->name
2,147,rectangle_java2.jpg,rectangle_java2.jpg,19326741784,64,754.25375,575.940625,737.5,585,62,21,double,6,class->block->function->type->name
2,147,rectangle_java2.jpg,rectangle_java2.jpg,19326877615,64,751.595625,567.575,737.5,549,33,21,int,3,class->block->function->type->name
2,147,rectangle_java2.jpg,rectangle_java2.jpg,19327077663,140,810.3334285714286,556.5768571428572,775.5,549,62,21,height,6,class->block->function->name
2,147,rectangle_java2.jpg,rectangle_java2.jpg,19327145674,64,804.565,565.525,775.5,549,62,21,height,6,class->block->function->name
2,147,rectangle_java2.jpg,rectangle_java2.jpg,19327305682,156,796.5961538461538,583.8917948717949,737.5,585,62,21,double,6,class->block->function->type->name
2,147,rectangle_java2.jpg,rectangle_java2.jpg,19327305682,156,796.5961538461538,583.8917948717949,804.5,585,43,21,area,4,class->block->function->name
2,147,rectangle_java2.jpg,rectangle_java2.jpg,19327521729,60,771.6166666666667,593.8026666666667,737.5,585,62,21,double,6,class->block->function->type->name
2,147,rectangle_java2.jpg,rectangle_java2.jpg,19327581744,56,789.0664285714286,588.3614285714285,737.5,585,62,21,double,6,class->block->function->type->name
2,147,rectangle_java2.jpg,rectangle_java2.jpg,19327805754,144,782.0308333333334,604.5125,737.5,585,62,21,double,6,class->block->function->type->name
2,147,rectangle_java2.jpg,rectangle_java2.jpg,19327913726,104,787.8207692307692,600.8811538461539,737.5,585,62,21,double,6,class->block->function->type->name
2,147,rectangle_java2.jpg,rectangle_java2.jpg,19328125782,68,1045.4717647058824,676.1270588235294,1041.5,658,9,20,(,1,class->block->function->block->block_content->decl_stmt->decl->init->expr->call->argument_list
2,147,rectangle_java2.jpg,rectangle_java2.jpg,19328125782,68,1045.4717647058824,676.1270588235294,1057.5,658,13,20,0,1,class->block->function->block->block_content->decl_stmt->decl->init->expr->call->argument_list->argument->expr->literal
2,147,rectangle_java2.jpg,rectangle_java2.jpg,19328469749,92,1005.9939130434783,667.8652173913043,941.5,658,91,20,Rectangle,9,class->block->function->block->block_content->decl_stmt->decl->init->expr->call->name
2,147,rectangle_java2.jpg,rectangle_java2.jpg,19328645621,56,977.5864285714285,681.6821428571428,932.5,694,100,21,rect1.area,10,class->block->function->block->block_content->expr_stmt->expr->call->argument_list->argument->expr->call->name->name->operator->name
2,147,rectangle_java2.jpg,rectangle_java2.jpg,19328993614,72,941.1466666666666,719.75,941.5,731,91,20,Rectangle,9,class->block->function->block->block_content->decl_stmt->decl->init->expr->call->name
2,147,rectangle_java2.jpg,rectangle_java2.jpg,19329757612,64,868.685625,707.820625,730.5,694,177,21,System.out.println,18,class->block->function->block->block_content->expr_stmt->expr->call->name->name->operator->name->operator->name
2,147,rectangle_java2.jpg,rectangle_java2.jpg,19330293605,68,922.9429411764705,707.4982352941176,916.5,694,9,21,(,1,class->block->function->block->block_content->expr_stmt->expr->call->argument_list
2,147,rectangle_java2.jpg,rectangle_java2.jpg,19330293605,68,922.9429411764705,707.4982352941176,932.5,694,100,21,rect1.area,10,class->block->function->block->block_content->expr_stmt->expr->call->argument_list->argument->expr->call->name->name->operator->name
2,147,rectangle_java2.jpg,rectangle_java2.jpg,19330417587,72,930.8827777777777,689.7888888888889,932.5,694,100,21,rect1.area,10,class->block->function->block->block_content->expr_stmt->expr->call->argument_list->argument->expr->call->name->name->operator->name
2,147,rectangle_java2.jpg,rectangle_java2.jpg,19330877470,56,1036.0335714285713,700.4092857142857,1041.5,694,9,21,(,1,class->block->function->block->block_content->expr_stmt->expr->call->argument_list->argument->expr->call->argument_list
2,147,rectangle_java2.jpg,rectangle_java2.jpg,19330949474,60,1041.3033333333333,690.6226666666666,1041.5,694,9,21,(,1,class->block->function->block->block_content->expr_stmt->expr->call->argument_list->argument->expr->call->argument_list
2,147,rectangle_java2.jpg,rectangle_java2.jpg,19331037470,84,1028.1485714285714,692.1123809523809,932.5,694,100,21,rect1.area,10,class->block->function->block->block_content->expr_stmt->expr->call->argument_list->argument->expr->call->name->name->operator->name
2,147,rectangle_java2.jpg,rectangle_java2.jpg,19331121459,80,1037.229,692.416,1041.5,694,9,21,(,1,class->block->function->block->block_content->expr_stmt->expr->call->argument_list->argument->expr->call->argument_list
2,147,rectangle_java2.jpg,rectangle_java2.jpg,19331229453,60,931.2486666666666,701.2913333333333,932.5,694,100,21,rect1.area,10,class->block->function->block->block_content->expr_stmt->expr->call->argument_list->argument->expr->call->name->name->operator->name
2,147,rectangle_java2.jpg,rectangle_java2.jpg,19331345470,112,951.5432142857143,701.3675000000001,932.5,694,100,21,rect1.area,10,class->block->function->block->block_content->expr_stmt->expr->call->argument_list->argument->expr->call->name->name->operator->name
2,147,rectangle_java2.jpg,rectangle_java2.jpg,19331477482,128,937.04125,710.111875,932.5,694,100,21,rect1.area,10,class->block->function->block->block_content->expr_stmt->expr->call->argument_list->argument->expr->call->name->name->operator->name
2,147,rectangle_java2.jpg,rectangle_java2.jpg,19331781480,140,1052.978,655.3274285714285,1057.5,658,13,20,0,1,class->block->function->block->block_content->decl_stmt->decl->init->expr->call->argument_list->argument->expr->literal
2,147,rectangle_java2.jpg,rectangle_java2.jpg,19331881452,64,1072.6375,646.185,1077.5,658,9,20,",",1,class->block->function->block->block_content->decl_stmt->decl->init->expr->call->argument_list
2,147,rectangle_java2.jpg,rectangle_java2.jpg,19332105413,60,1029.53,683.0913333333333,932.5,694,100,21,rect1.area,10,class->block->function->block->block_content->expr_stmt->expr->call->argument_list->argument->expr->call->name->name->operator->name
2,147,rectangle_java2.jpg,rectangle_java2.jpg,19332105413,60,1029.53,683.0913333333333,1041.5,694,9,21,(,1,class->block->function->block->block_content->expr_stmt->expr->call->argument_list->argument->expr->call->argument_list
2,147,rectangle_java2.jpg,rectangle_java2.jpg,19333789294,56,1126.71,654.4621428571429,1134.5,658,22,20,10,2,class->block->function->block->block_content->decl_stmt->decl->init->expr->call->argument_list->argument->expr->literal
2,147,rectangle_java2.jpg,rectangle_java2.jpg,19333969305,120,1022.0323333333333,694.1713333333333,932.5,694,100,21,rect1.area,10,class->block->function->block->block_content->expr_stmt->expr->call->argument_list->argument->expr->call->name->name->operator->name
2,147,rectangle_java2.jpg,rectangle_java2.jpg,19334173329,80,983.395,677.8015,941.5,658,91,20,Rectangle,9,class->block->function->block->block_content->decl_stmt->decl->init->expr->call->name
2,147,rectangle_java2.jpg,rectangle_java2.jpg,19334473342,100,1127.456,539.9436,1064.5,549,71,21,this.y1,7,class->block->function->block->block_content->return->expr->name->name->operator->name
2,147,rectangle_java2.jpg,rectangle_java2.jpg,19334553281,76,1118.3936842105263,546.2789473684211,1064.5,549,71,21,this.y1,7,class->block->function->block->block_content->return->expr->name->name->operator->name
2,147,rectangle_java2.jpg,rectangle_java2.jpg,19334753207,60,1019.3793333333333,574.6386666666667,977.5,585,101,21,this.width,10,class->block->function->block->block_content->return->expr->call->name->name->operator->name
2,147,rectangle_java2.jpg,rectangle_java2.jpg,19334889193,56,965.3028571428572,590.6871428571428,910.5,585,62,21,return,6,class->block->function->block->block_content->return
2,147,rectangle_java2.jpg,rectangle_java2.jpg,19334889193,56,965.3028571428572,590.6871428571428,977.5,585,101,21,this.width,10,class->block->function->block->block_content->return->expr->call->name->name->operator->name
2,147,rectangle_java2.jpg,rectangle_java2.jpg,19335029023,56,972.9478571428572,581.9864285714286,977.5,585,101,21,this.width,10,class->block->function->block->block_content->return->expr->call->name->name->operator->name
2,147,rectangle_java2.jpg,rectangle_java2.jpg,19335129032,96,1000.46125,586.7633333333333,977.5,585,101,21,this.width,10,class->block->function->block->block_content->return->expr->call->name->name->operator->name
2,147,rectangle_java2.jpg,rectangle_java2.jpg,19335193089,60,986.436,598.3213333333333,977.5,585,101,21,this.width,10,class->block->function->block->block_content->return->expr->call->name->name->operator->name
2,147,rectangle_java2.jpg,rectangle_java2.jpg,19335373126,60,999.0266666666666,538.914,968.5,549,70,21,this.y2,7,class->block->function->block->block_content->return->expr->name->name->operator->name
2,147,rectangle_java2.jpg,rectangle_java2.jpg,19335553143,72,976.0666666666666,508.0916666666667,958.5,512,71,21,this.x2,7,class->block->function->block->block_content->return->expr->name->name->operator->name->operator
2,147,rectangle_java2.jpg,rectangle_java2.jpg,19335769213,60,1009.3673333333334,649.146,941.5,658,91,20,Rectangle,9,class->block->function->block->block_content->decl_stmt->decl->init->expr->call->name
2,147,rectangle_java2.jpg,rectangle_java2.jpg,19335981240,64,1016.28125,650.85375,941.5,658,91,20,Rectangle,9,class->block->function->block->block_content->decl_stmt->decl->init->expr->call->name
2,147,rectangle_java2.jpg,rectangle_java2.jpg,19336089254,56,1014.8542857142858,663.3692857142858,941.5,658,91,20,Rectangle,9,class->block->function->block->block_content->decl_stmt->decl->init->expr->call->name
2,147,rectangle_java2.jpg,rectangle_java2.jpg,19336841094,60,1040.632,592.5,977.5,585,101,21,this.width,10,class->block->function->block->block_content->return->expr->call->name->name->operator->name
2,147,rectangle_java2.jpg,rectangle_java2.jpg,19336937111,68,1065.0194117647059,590.6505882352941,977.5,585,101,21,this.width,10,class->block->function->block->block_content->return->expr->call->name->name->operator->name
2,147,rectangle_java2.jpg,rectangle_java2.jpg,19337029096,56,1014.2807142857143,636.5578571428571,1007.5,621,10,21,],1,class->block->function->parameter_list->parameter->decl->type->name->index
2,147,rectangle_java2.jpg,rectangle_java2.jpg,19337029096,56,1014.2807142857143,636.5578571428571,1025.5,621,42,21,args,4,class->block->function->parameter_list->parameter->decl->name
2,147,rectangle_java2.jpg,rectangle_java2.jpg,19337145085,68,1014.9029411764706,636.4558823529412,1007.5,621,10,21,],1,class->block->function->parameter_list->parameter->decl->type->name->index
2,147,rectangle_java2.jpg,rectangle_java2.jpg,19337145085,68,1014.9029411764706,636.4558823529412,1025.5,621,42,21,args,4,class->block->function->parameter_list->parameter->decl->name
2,147,rectangle_java2.jpg,rectangle_java2.jpg,19337261085,92,1080.1326086956522,650.5817391304348,1077.5,658,9,20,",",1,class->block->function->block->block_content->decl_stmt->decl->init->expr->call->argument_list
2,147,rectangle_java2.jpg,rectangle_java2.jpg,19337849124,80,1044.7069999999999,511.799,1035.5,512,13,21,-,1,class->block->function->block->block_content->return->expr->name->name
2,147,rectangle_java2.jpg,rectangle_java2.jpg,19337849124,80,1044.7069999999999,511.799,1054.5,512,71,21,this.x1,7,class->block->function->block->block_content->return->expr->name->name->operator->name
2,147,rectangle_java2.jpg,rectangle_java2.jpg,19339136873,76,1119.6963157894736,651.9384210526316,1115.5,658,10,20,",",1,class->block->function->block->block_content->decl_stmt->decl->init->expr->call->argument_list
2,147,rectangle_java2.jpg,rectangle_java2.jpg,19339264918,68,1102.3564705882352,633.6764705882352,1094.5,621,10,21,{,1,class->block->function->block
2,147,rectangle_java2.jpg,rectangle_java2.jpg,19339948976,56,1079.6721428571427,587.5978571428572,1086.5,585,10,21,(,1,class->block->function->block->block_content->return->expr->call->argument_list
2,147,rectangle_java2.jpg,rectangle_java2.jpg,19340085012,56,1053.3042857142857,562.9635714285714,1045.5,549,13,21,-,1,class->block->function->block->block_content->return->expr->operator
2,147,rectangle_java2.jpg,rectangle_java2.jpg,19340085012,56,1053.3042857142857,562.9635714285714,1064.5,549,71,21,this.y1,7,class->block->function->block->block_content->return->expr->name->name->operator->name
2,147,rectangle_java2.jpg,rectangle_java2.jpg,19340201005,60,1053.062,626.2093333333333,1025.5,621,42,21,args,4,class->block->function->parameter_list->parameter->decl->name
2,147,rectangle_java2.jpg,rectangle_java2.jpg,19340280880,76,1045.9284210526316,619.5321052631579,1025.5,621,42,21,args,4,class->block->function->parameter_list->parameter->decl->name
2,147,rectangle_java2.jpg,rectangle_java2.jpg,19340912816,72,1003.7527777777777,676.71,941.5,658,91,20,Rectangle,9,class->block->function->block->block_content->decl_stmt->decl->init->expr->call->name
2,147,rectangle_java2.jpg,rectangle_java2.jpg,19340992831,76,979.1252631578948,683.1373684210527,932.5,694,100,21,rect1.area,10,class->block->function->block->block_content->expr_stmt->expr->call->argument_list->argument->expr->call->name->name->operator->name
2,147,rectangle_java2.jpg,rectangle_java2.jpg,19341076839,80,963.7375,688.4905,932.5,694,100,21,rect1.area,10,class->block->function->block->block_content->expr_stmt->expr->call->argument_list->argument->expr->call->name->name->operator->name
2,147,rectangle_java2.jpg,rectangle_java2.jpg,19341196832,116,979.8455172413793,690.1420689655172,932.5,694,100,21,rect1.area,10,class->block->function->block->block_content->expr_stmt->expr->call->argument_list->argument->expr->call->name->name->operator->name
2,147,rectangle_java2.jpg,rectangle_java2.jpg,19341852769,88,972.8445454545455,682.225,932.5,694,100,21,rect1.area,10,class->block->function->block->block_content->expr_stmt->expr->call->argument_list->argument->expr->call->name->name->operator->name
2,147,rectangle_java2.jpg,rectangle_java2.jpg,19342084720,92,951.8673913043478,711.4669565217391,932.5,694,100,21,rect1.area,10,class->block->function->block->block_content->expr_stmt->expr->call->argument_list->argument->expr->call->name->name->operator->name
2,147,rectangle_java2.jpg,rectangle_java2.jpg,19342148728,60,963.248,710.7026666666667,932.5,694,100,21,rect1.area,10,class->block->function->block->block_content->expr_stmt->expr->call->argument_list->argument->expr->call->name->name->operator->name
2,147,rectangle_java2.jpg,rectangle_java2.jpg,19342664697,56,968.1392857142857,719.16,941.5,731,91,20,Rectangle,9,class->block->function->block->block_content->decl_stmt->decl->init->expr->call->name
2,147,rectangle_java2.jpg,rectangle_java2.jpg,19342784661,68,984.1911764705882,707.3517647058824,932.5,694,100,21,rect1.area,10,class->block->function->block->block_content->expr_stmt->expr->call->argument_list->argument->expr->call->name->name->operator->name
2,147,rectangle_java2.jpg,rectangle_java2.jpg,19342960646,108,971.2903703703704,696.8288888888889,932.5,694,100,21,rect1.area,10,class->block->function->block->block_content->expr_stmt->expr->call->argument_list->argument->expr->call->name->name->operator->name
2,147,rectangle_java2.jpg,rectangle_java2.jpg,19343096649,132,969.3160606060605,701.2448484848485,932.5,694,100,21,rect1.area,10,class->block->function->block->block_content->expr_stmt->expr->call->argument_list->argument->expr->call->name->name->operator->name
2,147,rectangle_java2.jpg,rectangle_java2.jpg,19343196650,56,998.1185714285714,697.2471428571429,932.5,694,100,21,rect1.area,10,class->block->function->block->block_content->expr_stmt->expr->call->argument_list->argument->expr->call->name->name->operator->name
2,147,rectangle_java2.jpg,rectangle_java2.jpg,19343760662,96,1008.90375,581.3858333333334,977.5,585,101,21,this.width,10,class->block->function->block->block_content->return->expr->call->name->name->operator->name
2,147,rectangle_java2.jpg,rectangle_java2.jpg,19343868650,104,1020.2661538461539,585.3130769230769,977.5,585,101,21,this.width,10,class->block->function->block->block_content->return->expr->call->name->name->operator->name
2,147,rectangle_java2.jpg,rectangle_java2.jpg,19344076557,72,1007.6394444444444,685.0761111111111,932.5,694,100,21,rect1.area,10,class->block->function->block->block_content->expr_stmt->expr->call->argument_list->argument->expr->call->name->name->operator->name
2,147,rectangle_java2.jpg,rectangle_java2.jpg,19344200393,88,1009.8936363636363,683.5868181818182,932.5,694,100,21,rect1.area,10,class->block->function->block->block_content->expr_stmt->expr->call->argument_list->argument->expr->call->name->name->operator->name
2,147,rectangle_java2.jpg,rectangle_java2.jpg,19344596627,76,1130.7631578947369,666.1163157894737,1134.5,658,22,20,10,2,class->block->function->block->block_content->decl_stmt->decl->init->expr->call->argument_list->argument->expr->literal
2,147,rectangle_java2.jpg,rectangle_java2.jpg,19344720636,64,1124.004375,662.745,1115.5,658,10,20,",",1,class->block->function->block->block_content->decl_stmt->decl->init->expr->call->argument_list
2,147,rectangle_java2.jpg,rectangle_java2.jpg,19344720636,64,1124.004375,662.745,1134.5,658,22,20,10,2,class->block->function->block->block_content->decl_stmt->decl->init->expr->call->argument_list->argument->expr->literal
2,147,rectangle_java2.jpg,rectangle_java2.jpg,19345220541,72,980.035,697.1805555555555,932.5,694,100,21,rect1.area,10,class->block->function->block->block_content->expr_stmt->expr->call->argument_list->argument->expr->call->name->name->operator->name
2,147,rectangle_java2.jpg,rectangle_java2.jpg,19345340541,68,982.4611764705883,703.4488235294118,932.5,694,100,21,rect1.area,10,class->block->function->block->block_content->expr_stmt->expr->call->argument_list->argument->expr->call->name->name->operator->name
2,147,rectangle_java2.jpg,rectangle_java2.jpg,19345544552,72,1030.7888888888888,537.4233333333333,968.5,549,70,21,this.y2,7,class->block->function->block->block_content->return->expr->name->name->operator->name
2,147,rectangle_java2.jpg,rectangle_java2.jpg,19345624561,76,1009.4915789473685,538.2384210526316,968.5,549,70,21,this.y2,7,class->block->function->block->block_content->return->expr->name->name->operator->name
2,147,rectangle_java2.jpg,rectangle_java2.jpg,19346032522,136,1158.7091176470587,556.6561764705882,1161.5,549,10,21,},1,class->block->function->block
2,147,rectangle_java2.jpg,rectangle_java2.jpg,19346568452,120,1023.059,708.558,932.5,694,100,21,rect1.area,10,class->block->function->block->block_content->expr_stmt->expr->call->argument_list->argument->expr->call->name->name->operator->name
2,147,rectangle_java2.jpg,rectangle_java2.jpg,19347096417,60,790.5693333333334,723.67,730.5,731,91,20,Rectangle,9,class->block->function->block->block_content->decl_stmt->decl->type->name
2,147,rectangle_java2.jpg,rectangle_java2.jpg,19347420345,64,859.2893750000001,720.385625,826.5,731,51,20,rect2,5,class->block->function->block->block_content->decl_stmt->decl->name
2,147,rectangle_java2.jpg,rectangle_java2.jpg,19347512357,68,863.2482352941176,721.2535294117647,826.5,731,51,20,rect2,5,class->block->function->block->block_content->decl_stmt->decl->name
2,147,rectangle_java2.jpg,rectangle_java2.jpg,19347724417,104,992.9819230769231,707.5861538461538,932.5,694,100,21,rect1.area,10,class->block->function->block->block_content->expr_stmt->expr->call->argument_list->argument->expr->call->name->name->operator->name
2,147,rectangle_java2.jpg,rectangle_java2.jpg,19347916465,120,1100.2456666666667,719.7973333333333,1095.5,731,13,20,5,1,class->block->function->block->block_content->decl_stmt->decl->init->expr->call->argument_list->argument->expr->literal
2,147,rectangle_java2.jpg,rectangle_java2.jpg,19347984412,64,1104.9125,725.611875,1095.5,731,13,20,5,1,class->block->function->block->block_content->decl_stmt->decl->init->expr->call->argument_list->argument->expr->literal
2,147,rectangle_java2.jpg,rectangle_java2.jpg,19347984412,64,1104.9125,725.611875,1115.5,731,10,20,",",1,class->block->function->block->block_content->decl_stmt->decl->init->expr->call->argument_list
2,147,rectangle_java2.jpg,rectangle_java2.jpg,19348048349,60,1114.538,719.792,1115.5,731,10,20,",",1,class->block->function->block->block_content->decl_stmt->decl->init->expr->call->argument_list
2,147,rectangle_java2.jpg,rectangle_java2.jpg,19348264255,84,1110.3785714285714,722.3561904761905,1115.5,731,10,20,",",1,class->block->function->block->block_content->decl_stmt->decl->init->expr->call->argument_list
2,147,rectangle_java2.jpg,rectangle_java2.jpg,19348368287,100,1125.3316,720.2788,1115.5,731,10,20,",",1,class->block->function->block->block_content->decl_stmt->decl->init->expr->call->argument_list
2,147,rectangle_java2.jpg,rectangle_java2.jpg,19348368287,100,1125.3316,720.2788,1134.5,731,22,20,10,2,class->block->function->block->block_content->decl_stmt->decl->init->expr->call->argument_list->argument->expr->literal
2,147,rectangle_java2.jpg,rectangle_java2.jpg,19348744304,76,1133.3247368421053,727.3005263157895,1134.5,731,22,20,10,2,class->block->function->block->block_content->decl_stmt->decl->init->expr->call->argument_list->argument->expr->literal
2,147,rectangle_java2.jpg,rectangle_java2.jpg,19348900332,72,1070.0055555555555,738.9638888888888,1057.5,731,13,20,5,1,class->block->function->block->block_content->decl_stmt->decl->init->expr->call->argument_list->argument->expr->literal
2,147,rectangle_java2.jpg,rectangle_java2.jpg,19348900332,72,1070.0055555555555,738.9638888888888,1077.5,731,9,20,",",1,class->block->function->block->block_content->decl_stmt->decl->init->expr->call->argument_list
2,147,rectangle_java2.jpg,rectangle_java2.jpg,19349348293,72,1123.9605555555556,719.5994444444444,1115.5,731,10,20,",",1,class->block->function->block->block_content->decl_stmt->decl->init->expr->call->argument_list
2,147,rectangle_java2.jpg,rectangle_java2.jpg,19349348293,72,1123.9605555555556,719.5994444444444,1134.5,731,22,20,10,2,class->block->function->block->block_content->decl_stmt->decl->init->expr->call->argument_list->argument->expr->literal
2,147,rectangle_java2.jpg,rectangle_java2.jpg,19349412282,60,1142.302,722.1546666666667,1134.5,731,22,20,10,2,class->block->function->block->block_content->decl_stmt->decl->init->expr->call->argument_list->argument->expr->literal
2,147,rectangle_java2.jpg,rectangle_java2.jpg,19349632279,84,1117.8971428571429,721.2533333333333,1115.5,731,10,20,",",1,class->block->function->block->block_content->decl_stmt->decl->init->expr->call->argument_list
2,147,rectangle_java2.jpg,rectangle_java2.jpg,19350480175,60,1083.1126666666667,647.744,1077.5,658,9,20,",",1,class->block->function->block->block_content->decl_stmt->decl->init->expr->call->argument_list
2,147,rectangle_java2.jpg,rectangle_java2.jpg,19350480175,60,1083.1126666666667,647.744,1095.5,658,13,20,0,1,class->block->function->block->block_content->decl_stmt->decl->init->expr->call->argument_list->argument->expr->literal
2,147,rectangle_java2.jpg,rectangle_java2.jpg,19351348169,56,952.5257142857142,753.7978571428571,932.5,766,100,21,rect2.area,10,class->block->function->block->block_content->expr_stmt->expr->call->argument_list->argument->expr->call->name->name->operator->name
2,147,rectangle_java2.jpg,rectangle_java2.jpg,19351540213,64,957.2731249999999,651.0975,941.5,658,91,20,Rectangle,9,class->block->function->block->block_content->decl_stmt->decl->init->expr->call->name
2,147,rectangle_java2.jpg,rectangle_java2.jpg,19351808256,84,791.8947619047619,750.6466666666666,730.5,731,91,20,Rectangle,9,class->block->function->block->block_content->decl_stmt->decl->type->name
2,147,rectangle_java2.jpg,rectangle_java2.jpg,19351896120,84,800.1523809523809,761.1757142857143,730.5,766,177,21,System.out.println,18,class->block->function->block->block_content->expr_stmt->expr->call->name->name->operator->name->operator->name
