trial,participant,code_file,code_language,timestamp,duration,x_cord,y_cord,aoi_x,aoi_y,aoi_width,aoi_height,token,length,srcML
2,14,rectangle_java2.jpg,rectangle_java2.jpg,2189346871,120,786.4026666666666,337.8863333333333,730.5,331,71,19,this.x1,7,class->block->constructor->block->block_content->expr_stmt->expr->name->name->operator->name
2,14,rectangle_java2.jpg,rectangle_java2.jpg,2189450924,100,786.1324,326.3988,730.5,331,71,19,this.x1,7,class->block->constructor->block->block_content->expr_stmt->expr->name->name->operator->name
2,14,rectangle_java2.jpg,rectangle_java2.jpg,2190030990,148,742.5416216216216,214.96594594594592,715.5,222,90,21,Rectangle,9,class->name
2,14,rectangle_java2.jpg,rectangle_java2.jpg,2190578755,244,754.0219672131147,218.36655737704916,715.5,222,90,21,Rectangle,9,class->name
2,14,rectangle_java2.jpg,rectangle_java2.jpg,2190822369,240,754.5478333333333,223.07,715.5,222,90,21,Rectangle,9,class->name
2,14,rectangle_java2.jpg,rectangle_java2.jpg,2190958643,108,694.5655555555555,217.96000000000004,657.5,222,52,21,class,5,class
2,14,rectangle_java2.jpg,rectangle_java2.jpg,2191114748,152,693.0947368421052,220.45921052631581,657.5,222,52,21,class,5,class
2,14,rectangle_java2.jpg,rectangle_java2.jpg,2191830637,144,896.3841666666667,273.85305555555556,881.5,259,23,21,x2,2,class->block->decl_stmt->decl->name
2,14,rectangle_java2.jpg,rectangle_java2.jpg,2191902647,60,757.718,269.2846666666667,747.5,259,33,21,int,3,class->block->decl_stmt->decl->type->name
2,14,rectangle_java2.jpg,rectangle_java2.jpg,2192002651,96,744.73625,268.95625,747.5,259,33,21,int,3,class->block->decl_stmt->decl->type->name
2,14,rectangle_java2.jpg,rectangle_java2.jpg,2192094644,88,743.9454545454546,254.09409090909094,747.5,259,33,21,int,3,class->block->decl_stmt->decl->type->name
2,14,rectangle_java2.jpg,rectangle_java2.jpg,2192162636,64,684.899375,258.219375,669.5,259,72,21,private,7,class->block->decl_stmt->decl->type->specifier
2,14,rectangle_java2.jpg,rectangle_java2.jpg,2192382648,216,685.4074074074074,267.9409259259259,669.5,259,72,21,private,7,class->block->decl_stmt->decl->type->specifier
2,14,rectangle_java2.jpg,rectangle_java2.jpg,2192454676,68,721.7970588235294,254.5376470588235,669.5,259,72,21,private,7,class->block->decl_stmt->decl->type->specifier
2,14,rectangle_java2.jpg,rectangle_java2.jpg,2192554721,96,731.0020833333333,261.77416666666664,669.5,259,72,21,private,7,class->block->decl_stmt->decl->type->specifier
2,14,rectangle_java2.jpg,rectangle_java2.jpg,2192650702,92,705.6247826086957,257.5917391304348,669.5,259,72,21,private,7,class->block->decl_stmt->decl->type->specifier
2,14,rectangle_java2.jpg,rectangle_java2.jpg,2192950640,264,921.7151515151515,268.8498484848485,929.5,259,23,21,y2,2,class->block->decl_stmt->decl->name
2,14,rectangle_java2.jpg,rectangle_java2.jpg,2193686509,156,795.9733333333334,345.73358974358973,730.5,331,71,19,this.x1,7,class->block->constructor->block->block_content->expr_stmt->expr->name->name->operator->name
2,14,rectangle_java2.jpg,rectangle_java2.jpg,2193686509,156,795.9733333333334,345.73358974358973,806.5,331,15,19,=,1,class->block->constructor->block->block_content->expr_stmt->expr->operator
2,14,rectangle_java2.jpg,rectangle_java2.jpg,2193858527,112,754.9039285714285,359.88357142857143,730.5,367,71,21,this.y1,7,class->block->constructor->block->block_content->expr_stmt->expr->name->name->operator->name
2,14,rectangle_java2.jpg,rectangle_java2.jpg,2194034524,172,752.5923255813954,366.49372093023254,730.5,367,71,21,this.y1,7,class->block->constructor->block->block_content->expr_stmt->expr->name->name->operator->name
2,14,rectangle_java2.jpg,rectangle_java2.jpg,2194262470,224,772.9773214285715,365.67553571428573,730.5,367,71,21,this.y1,7,class->block->constructor->block->block_content->expr_stmt->expr->name->name->operator->name
2,14,rectangle_java2.jpg,rectangle_java2.jpg,2194370482,104,812.0326923076923,364.98,806.5,367,15,21,=,1,class->block->constructor->block->block_content->expr_stmt->expr->operator
2,14,rectangle_java2.jpg,rectangle_java2.jpg,2194502511,128,815.820625,371.51968750000003,806.5,367,15,21,=,1,class->block->constructor->block->block_content->expr_stmt->expr->operator
2,14,rectangle_java2.jpg,rectangle_java2.jpg,2194502511,128,815.820625,371.51968750000003,826.5,367,23,21,y1,2,class->block->constructor->block->block_content->expr_stmt->expr->name->name
2,14,rectangle_java2.jpg,rectangle_java2.jpg,2194726514,168,746.2428571428571,369.80238095238093,730.5,367,71,21,this.y1,7,class->block->constructor->block->block_content->expr_stmt->expr->name->name->operator->name
2,14,rectangle_java2.jpg,rectangle_java2.jpg,2194974529,92,992.9839130434783,285.4508695652174,977.5,295,23,21,y1,2,class->block->constructor->parameter_list->parameter->decl->type->name
2,14,rectangle_java2.jpg,rectangle_java2.jpg,2195166499,156,948.4764102564103,265.4710256410256,929.5,259,23,21,y2,2,class->block->decl_stmt->decl->name
2,14,rectangle_java2.jpg,rectangle_java2.jpg,2195166499,156,948.4764102564103,265.4710256410256,959.5,259,10,21,;,1,class->block->decl_stmt
2,14,rectangle_java2.jpg,rectangle_java2.jpg,2195282448,92,771.7326086956522,284.5917391304348,737.5,295,91,21,Rectangle,9,class->block->constructor->name
2,14,rectangle_java2.jpg,rectangle_java2.jpg,2195438287,152,762.8005263157895,277.77026315789476,747.5,259,33,21,int,3,class->block->decl_stmt->decl->type->name
2,14,rectangle_java2.jpg,rectangle_java2.jpg,2195710384,220,741.0225454545455,259.17454545454547,669.5,259,72,21,private,7,class->block->decl_stmt->decl->type->specifier
2,14,rectangle_java2.jpg,rectangle_java2.jpg,2195710384,220,741.0225454545455,259.17454545454547,747.5,259,33,21,int,3,class->block->decl_stmt->decl->type->name
2,14,rectangle_java2.jpg,rectangle_java2.jpg,2195894377,140,907.2725714285714,529.2311428571428,891.5,512,62,21,return,6,class->block->function->block->block_content->return->expr->name->name
2,14,rectangle_java2.jpg,rectangle_java2.jpg,2196254395,72,768.4866666666667,500.4277777777778,737.5,512,33,21,int,3,class->block->function->type->name
2,14,rectangle_java2.jpg,rectangle_java2.jpg,2196254395,72,768.4866666666667,500.4277777777778,775.5,512,53,21,width,5,class->block->function->name
2,14,rectangle_java2.jpg,rectangle_java2.jpg,2198010236,80,1072.82,508.101,1054.5,512,71,21,this.x1,7,class->block->function->block->block_content->return->expr->name->name->operator->name
2,14,rectangle_java2.jpg,rectangle_java2.jpg,2198454266,120,1043.9470000000001,507.192,1035.5,512,13,21,-,1,class->block->function->block->block_content->return->expr->name->name
2,14,rectangle_java2.jpg,rectangle_java2.jpg,2198454266,120,1043.9470000000001,507.192,1054.5,512,71,21,this.x1,7,class->block->function->block->block_content->return->expr->name->name->operator->name
2,14,rectangle_java2.jpg,rectangle_java2.jpg,2198558274,60,952.5126666666666,505.788,891.5,512,62,21,return,6,class->block->function->block->block_content->return->expr->name->name
2,14,rectangle_java2.jpg,rectangle_java2.jpg,2198558274,60,952.5126666666666,505.788,958.5,512,71,21,this.x2,7,class->block->function->block->block_content->return->expr->name->name->operator->name->operator
2,14,rectangle_java2.jpg,rectangle_java2.jpg,2198658244,96,945.225,501.49333333333334,891.5,512,62,21,return,6,class->block->function->block->block_content->return->expr->name->name
2,14,rectangle_java2.jpg,rectangle_java2.jpg,2198730223,68,907.0870588235294,504.8876470588235,891.5,512,62,21,return,6,class->block->function->block->block_content->return->expr->name->name
2,14,rectangle_java2.jpg,rectangle_java2.jpg,2198818233,84,902.0719047619048,513.7180952380952,891.5,512,62,21,return,6,class->block->function->block->block_content->return->expr->name->name
2,14,rectangle_java2.jpg,rectangle_java2.jpg,2198890245,68,991.17,525.3558823529412,958.5,512,71,21,this.x2,7,class->block->function->block->block_content->return->expr->name->name->operator->name->operator
2,14,rectangle_java2.jpg,rectangle_java2.jpg,2199074601,180,995.7524444444444,530.7557777777778,958.5,512,71,21,this.x2,7,class->block->function->block->block_content->return->expr->name->name->operator->name->operator
2,14,rectangle_java2.jpg,rectangle_java2.jpg,2199214568,96,1032.2375,532.8824999999999,1035.5,512,13,21,-,1,class->block->function->block->block_content->return->expr->name->name
2,14,rectangle_java2.jpg,rectangle_java2.jpg,2199422164,184,1118.3293478260869,539.495,1064.5,549,71,21,this.y1,7,class->block->function->block->block_content->return->expr->name->name->operator->name
2,14,rectangle_java2.jpg,rectangle_java2.jpg,2199698145,248,1009.4462903225807,577.4387096774194,977.5,585,101,21,this.width,10,class->block->function->block->block_content->return->expr->call->name->name->operator->name
2,14,rectangle_java2.jpg,rectangle_java2.jpg,2199818095,68,1030.9523529411765,581.6911764705883,977.5,585,101,21,this.width,10,class->block->function->block->block_content->return->expr->call->name->name->operator->name
2,14,rectangle_java2.jpg,rectangle_java2.jpg,2199997989,176,1031.8170454545455,568.4193181818182,968.5,549,70,21,this.y2,7,class->block->function->block->block_content->return->expr->name->name->operator->name
2,14,rectangle_java2.jpg,rectangle_java2.jpg,2200082049,72,1181.315,586.0827777777778,1140.5,585,110,21,this.height,11,class->block->function->block->block_content->return->expr->call->name->name->operator->name
2,14,rectangle_java2.jpg,rectangle_java2.jpg,2200326123,100,1182.9256,585.8904,1140.5,585,110,21,this.height,11,class->block->function->block->block_content->return->expr->call->name->name->operator->name
2,14,rectangle_java2.jpg,rectangle_java2.jpg,2200610061,152,760.5978947368421,580.6465789473684,737.5,585,62,21,double,6,class->block->function->type->name
2,14,rectangle_java2.jpg,rectangle_java2.jpg,2200674076,60,755.0866666666667,568.916,737.5,549,33,21,int,3,class->block->function->type->name
2,14,rectangle_java2.jpg,rectangle_java2.jpg,2201041988,92,862.971304347826,613.5891304347826,851.5,621,44,21,main,4,class->block->function->name
2,14,rectangle_java2.jpg,rectangle_java2.jpg,2201221885,176,871.7268181818182,596.6325,873.5,585,9,21,),1,class->block->function->parameter_list
2,14,rectangle_java2.jpg,rectangle_java2.jpg,2201385997,120,792.6936666666667,614.2416666666667,738.5,621,61,21,static,6,class->block->function->type->specifier
2,14,rectangle_java2.jpg,rectangle_java2.jpg,2201385997,120,792.6936666666667,614.2416666666667,804.5,621,44,21,void,4,class->block->function->type->name
2,14,rectangle_java2.jpg,rectangle_java2.jpg,2201657996,184,735.5191304347826,614.6152173913043,738.5,621,61,21,static,6,class->block->function->type->specifier
2,14,rectangle_java2.jpg,rectangle_java2.jpg,2201989905,92,985.7091304347827,589.3539130434782,977.5,585,101,21,this.width,10,class->block->function->block->block_content->return->expr->call->name->name->operator->name
2,14,rectangle_java2.jpg,rectangle_java2.jpg,2202229581,200,1033.791,612.198,1025.5,621,42,21,args,4,class->block->function->parameter_list->parameter->decl->name
2,14,rectangle_java2.jpg,rectangle_java2.jpg,2202321755,88,1033.614090909091,614.7227272727273,1025.5,621,42,21,args,4,class->block->function->parameter_list->parameter->decl->name
2,14,rectangle_java2.jpg,rectangle_java2.jpg,2202485938,108,938.6018518518518,611.762962962963,920.5,621,62,21,String,6,class->block->function->parameter_list->parameter->decl->type->name->name
2,14,rectangle_java2.jpg,rectangle_java2.jpg,2202610002,56,716.4935714285714,605.7357142857143,669.5,585,63,21,public,6,class->block->function->type->specifier
2,14,rectangle_java2.jpg,rectangle_java2.jpg,2202702033,88,716.0240909090909,603.1231818181818,669.5,585,63,21,public,6,class->block->function->type->specifier
2,14,rectangle_java2.jpg,rectangle_java2.jpg,2202846013,96,733.2395833333334,595.2208333333333,737.5,585,62,21,double,6,class->block->function->type->name
2,14,rectangle_java2.jpg,rectangle_java2.jpg,2202913913,56,851.0928571428572,589.9107142857143,856.5,585,9,21,(,1,class->block->function->parameter_list
2,14,rectangle_java2.jpg,rectangle_java2.jpg,2202997805,80,866.466,574.1505,873.5,585,9,21,),1,class->block->function->parameter_list
2,14,rectangle_java2.jpg,rectangle_java2.jpg,2203457904,108,758.5844444444444,668.0455555555556,730.5,658,91,20,Rectangle,9,class->block->function->block->block_content->decl_stmt->decl->type->name
2,14,rectangle_java2.jpg,rectangle_java2.jpg,2203553909,92,758.6760869565218,659.8660869565217,730.5,658,91,20,Rectangle,9,class->block->function->block->block_content->decl_stmt->decl->type->name
2,14,rectangle_java2.jpg,rectangle_java2.jpg,2203685875,56,1026.827142857143,635.1757142857143,1025.5,621,42,21,args,4,class->block->function->parameter_list->parameter->decl->name
2,14,rectangle_java2.jpg,rectangle_java2.jpg,2203805857,116,1034.9175862068967,646.9096551724137,1041.5,658,9,20,(,1,class->block->function->block->block_content->decl_stmt->decl->init->expr->call->argument_list
2,14,rectangle_java2.jpg,rectangle_java2.jpg,2203897784,88,1031.344090909091,629.5959090909091,1025.5,621,42,21,args,4,class->block->function->parameter_list->parameter->decl->name
2,14,rectangle_java2.jpg,rectangle_java2.jpg,2204005685,96,1123.6641666666667,660.2008333333333,1115.5,658,10,20,",",1,class->block->function->block->block_content->decl_stmt->decl->init->expr->call->argument_list
2,14,rectangle_java2.jpg,rectangle_java2.jpg,2204005685,96,1123.6641666666667,660.2008333333333,1134.5,658,22,20,10,2,class->block->function->block->block_content->decl_stmt->decl->init->expr->call->argument_list->argument->expr->literal
2,14,rectangle_java2.jpg,rectangle_java2.jpg,2204225815,104,1143.9473076923077,655.4253846153846,1134.5,658,22,20,10,2,class->block->function->block->block_content->decl_stmt->decl->init->expr->call->argument_list->argument->expr->literal
2,14,rectangle_java2.jpg,rectangle_java2.jpg,2204333883,104,1144.8392307692309,660.9307692307692,1134.5,658,22,20,10,2,class->block->function->block->block_content->decl_stmt->decl->init->expr->call->argument_list->argument->expr->literal
2,14,rectangle_java2.jpg,rectangle_java2.jpg,2204449855,112,1140.0510714285715,649.4142857142857,1134.5,658,22,20,10,2,class->block->function->block->block_content->decl_stmt->decl->init->expr->call->argument_list->argument->expr->literal
2,14,rectangle_java2.jpg,rectangle_java2.jpg,2204525851,72,1108.5533333333333,650.2377777777778,1115.5,658,10,20,",",1,class->block->function->block->block_content->decl_stmt->decl->init->expr->call->argument_list
2,14,rectangle_java2.jpg,rectangle_java2.jpg,2204609862,80,1102.124,630.402,1094.5,621,10,21,{,1,class->block->function->block
2,14,rectangle_java2.jpg,rectangle_java2.jpg,2204841825,176,1081.4904545454544,661.251590909091,1077.5,658,9,20,",",1,class->block->function->block->block_content->decl_stmt->decl->init->expr->call->argument_list
2,14,rectangle_java2.jpg,rectangle_java2.jpg,2204925768,80,1076.3265,663.242,1077.5,658,9,20,",",1,class->block->function->block->block_content->decl_stmt->decl->init->expr->call->argument_list
2,14,rectangle_java2.jpg,rectangle_java2.jpg,2205025757,76,951.2347368421052,639.2968421052632,920.5,621,62,21,String,6,class->block->function->parameter_list->parameter->decl->type->name->name
2,14,rectangle_java2.jpg,rectangle_java2.jpg,2205117759,88,935.2836363636363,632.64,920.5,621,62,21,String,6,class->block->function->parameter_list->parameter->decl->type->name->name
2,14,rectangle_java2.jpg,rectangle_java2.jpg,2205265771,120,1060.97,306.27933333333334,1063.5,295,23,21,x2,2,class->block->constructor->parameter_list->parameter->decl->type->name
2,14,rectangle_java2.jpg,rectangle_java2.jpg,2205373746,104,1063.3815384615384,287.0869230769231,1063.5,295,23,21,x2,2,class->block->constructor->parameter_list->parameter->decl->type->name
2,14,rectangle_java2.jpg,rectangle_java2.jpg,2205489709,92,1066.5934782608697,586.1382608695652,977.5,585,101,21,this.width,10,class->block->function->block->block_content->return->expr->call->name->name->operator->name
2,14,rectangle_java2.jpg,rectangle_java2.jpg,2205585699,92,1065.7047826086957,599.7817391304347,977.5,585,101,21,this.width,10,class->block->function->block->block_content->return->expr->call->name->name->operator->name
2,14,rectangle_java2.jpg,rectangle_java2.jpg,2207749627,104,1135.4238461538462,651.2730769230769,1134.5,658,22,20,10,2,class->block->function->block->block_content->decl_stmt->decl->init->expr->call->argument_list->argument->expr->literal
2,14,rectangle_java2.jpg,rectangle_java2.jpg,2208301607,308,1088.3832467532468,677.0771428571428,1095.5,658,13,20,0,1,class->block->function->block->block_content->decl_stmt->decl->init->expr->call->argument_list->argument->expr->literal
2,14,rectangle_java2.jpg,rectangle_java2.jpg,2208401593,96,1066.7475,658.64625,1057.5,658,13,20,0,1,class->block->function->block->block_content->decl_stmt->decl->init->expr->call->argument_list->argument->expr->literal
2,14,rectangle_java2.jpg,rectangle_java2.jpg,2208401593,96,1066.7475,658.64625,1077.5,658,9,20,",",1,class->block->function->block->block_content->decl_stmt->decl->init->expr->call->argument_list
2,14,rectangle_java2.jpg,rectangle_java2.jpg,2208509590,104,1065.3357692307693,656.5761538461538,1057.5,658,13,20,0,1,class->block->function->block->block_content->decl_stmt->decl->init->expr->call->argument_list->argument->expr->literal
2,14,rectangle_java2.jpg,rectangle_java2.jpg,2208509590,104,1065.3357692307693,656.5761538461538,1077.5,658,9,20,",",1,class->block->function->block->block_content->decl_stmt->decl->init->expr->call->argument_list
2,14,rectangle_java2.jpg,rectangle_java2.jpg,2208597492,84,1065.492380952381,654.9980952380953,1057.5,658,13,20,0,1,class->block->function->block->block_content->decl_stmt->decl->init->expr->call->argument_list->argument->expr->literal
2,14,rectangle_java2.jpg,rectangle_java2.jpg,2208597492,84,1065.492380952381,654.9980952380953,1077.5,658,9,20,",",1,class->block->function->block->block_content->decl_stmt->decl->init->expr->call->argument_list
2,14,rectangle_java2.jpg,rectangle_java2.jpg,2208697334,96,1059.4608333333333,665.0341666666667,1057.5,658,13,20,0,1,class->block->function->block->block_content->decl_stmt->decl->init->expr->call->argument_list->argument->expr->literal
2,14,rectangle_java2.jpg,rectangle_java2.jpg,2208961480,176,1081.9997727272728,695.8781818181818,1077.5,694,9,21,),1,class->block->function->block->block_content->expr_stmt->expr->call->argument_list
2,14,rectangle_java2.jpg,rectangle_java2.jpg,2209061455,96,985.12125,700.8329166666666,932.5,694,100,21,rect1.area,10,class->block->function->block->block_content->expr_stmt->expr->call->argument_list->argument->expr->call->name->name->operator->name
2,14,rectangle_java2.jpg,rectangle_java2.jpg,2209293550,116,964.1510344827586,722.8762068965517,941.5,731,91,20,Rectangle,9,class->block->function->block->block_content->decl_stmt->decl->init->expr->call->name
2,14,rectangle_java2.jpg,rectangle_java2.jpg,2209505539,208,953.9621153846153,705.75,932.5,694,100,21,rect1.area,10,class->block->function->block->block_content->expr_stmt->expr->call->argument_list->argument->expr->call->name->name->operator->name
2,14,rectangle_java2.jpg,rectangle_java2.jpg,2209609518,100,931.0424,702.0924,932.5,694,100,21,rect1.area,10,class->block->function->block->block_content->expr_stmt->expr->call->argument_list->argument->expr->call->name->name->operator->name
2,14,rectangle_java2.jpg,rectangle_java2.jpg,2209765494,152,918.5921052631579,696.6602631578947,916.5,694,9,21,(,1,class->block->function->block->block_content->expr_stmt->expr->call->argument_list
2,14,rectangle_java2.jpg,rectangle_java2.jpg,2209909493,92,983.0721739130435,699.8947826086957,932.5,694,100,21,rect1.area,10,class->block->function->block->block_content->expr_stmt->expr->call->argument_list->argument->expr->call->name->name->operator->name
2,14,rectangle_java2.jpg,rectangle_java2.jpg,2210057490,144,982.5175,696.7911111111111,932.5,694,100,21,rect1.area,10,class->block->function->block->block_content->expr_stmt->expr->call->argument_list->argument->expr->call->name->name->operator->name
2,14,rectangle_java2.jpg,rectangle_java2.jpg,2210293466,176,909.92,696.646590909091,916.5,694,9,21,(,1,class->block->function->block->block_content->expr_stmt->expr->call->argument_list
2,14,rectangle_java2.jpg,rectangle_java2.jpg,2210365457,68,908.1864705882352,703.9582352941177,916.5,694,9,21,(,1,class->block->function->block->block_content->expr_stmt->expr->call->argument_list
2,14,rectangle_java2.jpg,rectangle_java2.jpg,2210441443,72,914.0411111111111,691.2,916.5,694,9,21,(,1,class->block->function->block->block_content->expr_stmt->expr->call->argument_list
2,14,rectangle_java2.jpg,rectangle_java2.jpg,2210753335,260,997.9364615384616,696.969076923077,932.5,694,100,21,rect1.area,10,class->block->function->block->block_content->expr_stmt->expr->call->argument_list->argument->expr->call->name->name->operator->name
2,14,rectangle_java2.jpg,rectangle_java2.jpg,2210869340,92,931.3665217391305,701.7547826086957,932.5,694,100,21,rect1.area,10,class->block->function->block->block_content->expr_stmt->expr->call->argument_list->argument->expr->call->name->name->operator->name
2,14,rectangle_java2.jpg,rectangle_java2.jpg,2211013343,140,932.3491428571429,693.8831428571428,932.5,694,100,21,rect1.area,10,class->block->function->block->block_content->expr_stmt->expr->call->argument_list->argument->expr->call->name->name->operator->name
2,14,rectangle_java2.jpg,rectangle_java2.jpg,2211289364,168,932.3207142857143,695.9616666666667,932.5,694,100,21,rect1.area,10,class->block->function->block->block_content->expr_stmt->expr->call->argument_list->argument->expr->call->name->name->operator->name
2,14,rectangle_java2.jpg,rectangle_java2.jpg,2211405354,76,937.1557894736842,698.7784210526315,932.5,694,100,21,rect1.area,10,class->block->function->block->block_content->expr_stmt->expr->call->argument_list->argument->expr->call->name->name->operator->name
2,14,rectangle_java2.jpg,rectangle_java2.jpg,2211701340,292,925.7619178082192,712.3980821917809,932.5,694,100,21,rect1.area,10,class->block->function->block->block_content->expr_stmt->expr->call->argument_list->argument->expr->call->name->name->operator->name
2,14,rectangle_java2.jpg,rectangle_java2.jpg,2211849350,136,1034.8485294117647,695.5767647058824,1041.5,694,9,21,(,1,class->block->function->block->block_content->expr_stmt->expr->call->argument_list->argument->expr->call->argument_list
2,14,rectangle_java2.jpg,rectangle_java2.jpg,2212045358,104,953.4661538461538,705.8346153846154,932.5,694,100,21,rect1.area,10,class->block->function->block->block_content->expr_stmt->expr->call->argument_list->argument->expr->call->name->name->operator->name
2,14,rectangle_java2.jpg,rectangle_java2.jpg,2212161361,112,955.0885714285714,693.5825,932.5,694,100,21,rect1.area,10,class->block->function->block->block_content->expr_stmt->expr->call->argument_list->argument->expr->call->name->name->operator->name
2,14,rectangle_java2.jpg,rectangle_java2.jpg,2212333560,132,925.59,701.5712121212122,932.5,694,100,21,rect1.area,10,class->block->function->block->block_content->expr_stmt->expr->call->argument_list->argument->expr->call->name->name->operator->name
2,14,rectangle_java2.jpg,rectangle_java2.jpg,2212505170,136,1005.3985294117647,704.4817647058824,932.5,694,100,21,rect1.area,10,class->block->function->block->block_content->expr_stmt->expr->call->argument_list->argument->expr->call->name->name->operator->name
2,14,rectangle_java2.jpg,rectangle_java2.jpg,2212613039,104,1007.3296153846154,707.7946153846154,932.5,694,100,21,rect1.area,10,class->block->function->block->block_content->expr_stmt->expr->call->argument_list->argument->expr->call->name->name->operator->name
2,14,rectangle_java2.jpg,rectangle_java2.jpg,2212689099,64,936.041875,703.505,932.5,694,100,21,rect1.area,10,class->block->function->block->block_content->expr_stmt->expr->call->argument_list->argument->expr->call->name->name->operator->name
2,14,rectangle_java2.jpg,rectangle_java2.jpg,2212841190,148,935.7786486486486,698.9170270270271,932.5,694,100,21,rect1.area,10,class->block->function->block->block_content->expr_stmt->expr->call->argument_list->argument->expr->call->name->name->operator->name
2,14,rectangle_java2.jpg,rectangle_java2.jpg,2213037258,128,908.2434375,699.5440625,916.5,694,9,21,(,1,class->block->function->block->block_content->expr_stmt->expr->call->argument_list
2,14,rectangle_java2.jpg,rectangle_java2.jpg,2213113256,72,904.9166666666666,698.4266666666666,730.5,694,177,21,System.out.println,18,class->block->function->block->block_content->expr_stmt->expr->call->name->name->operator->name->operator->name
2,14,rectangle_java2.jpg,rectangle_java2.jpg,2213113256,72,904.9166666666666,698.4266666666666,916.5,694,9,21,(,1,class->block->function->block->block_content->expr_stmt->expr->call->argument_list
2,14,rectangle_java2.jpg,rectangle_java2.jpg,2213189257,72,920.3938888888889,707.2983333333333,916.5,694,9,21,(,1,class->block->function->block->block_content->expr_stmt->expr->call->argument_list
2,14,rectangle_java2.jpg,rectangle_java2.jpg,2213189257,72,920.3938888888889,707.2983333333333,932.5,694,100,21,rect1.area,10,class->block->function->block->block_content->expr_stmt->expr->call->argument_list->argument->expr->call->name->name->operator->name
2,14,rectangle_java2.jpg,rectangle_java2.jpg,2213357237,152,759.5507894736842,686.4905263157895,730.5,694,177,21,System.out.println,18,class->block->function->block->block_content->expr_stmt->expr->call->name->name->operator->name->operator->name
2,14,rectangle_java2.jpg,rectangle_java2.jpg,2213433220,72,755.8761111111111,683.1522222222222,730.5,694,177,21,System.out.println,18,class->block->function->block->block_content->expr_stmt->expr->call->name->name->operator->name->operator->name
2,14,rectangle_java2.jpg,rectangle_java2.jpg,2213541202,56,826.9814285714285,688.54,730.5,694,177,21,System.out.println,18,class->block->function->block->block_content->expr_stmt->expr->call->name->name->operator->name->operator->name
2,14,rectangle_java2.jpg,rectangle_java2.jpg,2213693215,148,823.7981081081081,690.6681081081081,730.5,694,177,21,System.out.println,18,class->block->function->block->block_content->expr_stmt->expr->call->name->name->operator->name->operator->name
2,14,rectangle_java2.jpg,rectangle_java2.jpg,2213989217,84,741.4528571428572,696.0109523809524,730.5,694,177,21,System.out.println,18,class->block->function->block->block_content->expr_stmt->expr->call->name->name->operator->name->operator->name
2,14,rectangle_java2.jpg,rectangle_java2.jpg,2214169181,176,751.9981818181818,682.6154545454546,730.5,694,177,21,System.out.println,18,class->block->function->block->block_content->expr_stmt->expr->call->name->name->operator->name->operator->name
2,14,rectangle_java2.jpg,rectangle_java2.jpg,2214233161,60,783.9533333333334,695.1613333333333,730.5,694,177,21,System.out.println,18,class->block->function->block->block_content->expr_stmt->expr->call->name->name->operator->name->operator->name
2,14,rectangle_java2.jpg,rectangle_java2.jpg,2214428992,192,787.4814583333333,697.9039583333333,730.5,694,177,21,System.out.println,18,class->block->function->block->block_content->expr_stmt->expr->call->name->name->operator->name->operator->name
2,14,rectangle_java2.jpg,rectangle_java2.jpg,2214520977,88,763.2131818181819,690.4331818181818,730.5,694,177,21,System.out.println,18,class->block->function->block->block_content->expr_stmt->expr->call->name->name->operator->name->operator->name
2,14,rectangle_java2.jpg,rectangle_java2.jpg,2214669046,144,761.6455555555556,703.5852777777778,730.5,694,177,21,System.out.println,18,class->block->function->block->block_content->expr_stmt->expr->call->name->name->operator->name->operator->name
2,14,rectangle_java2.jpg,rectangle_java2.jpg,2214785096,112,760.3842857142857,695.3525,730.5,694,177,21,System.out.println,18,class->block->function->block->block_content->expr_stmt->expr->call->name->name->operator->name->operator->name
2,14,rectangle_java2.jpg,rectangle_java2.jpg,2215041066,252,765.2,697.2331746031746,730.5,694,177,21,System.out.println,18,class->block->function->block->block_content->expr_stmt->expr->call->name->name->operator->name->operator->name
2,14,rectangle_java2.jpg,rectangle_java2.jpg,2215217052,84,866.3395238095238,686.3671428571429,730.5,694,177,21,System.out.println,18,class->block->function->block->block_content->expr_stmt->expr->call->name->name->operator->name->operator->name
2,14,rectangle_java2.jpg,rectangle_java2.jpg,2215313047,84,1001.0142857142857,683.8061904761905,932.5,694,100,21,rect1.area,10,class->block->function->block->block_content->expr_stmt->expr->call->argument_list->argument->expr->call->name->name->operator->name
2,14,rectangle_java2.jpg,rectangle_java2.jpg,2215453050,136,997.4629411764706,695.7714705882353,932.5,694,100,21,rect1.area,10,class->block->function->block->block_content->expr_stmt->expr->call->argument_list->argument->expr->call->name->name->operator->name
2,14,rectangle_java2.jpg,rectangle_java2.jpg,2215533066,76,1000.5247368421052,687.7436842105263,932.5,694,100,21,rect1.area,10,class->block->function->block->block_content->expr_stmt->expr->call->argument_list->argument->expr->call->name->name->operator->name
2,14,rectangle_java2.jpg,rectangle_java2.jpg,2215949062,144,1006.7525,675.2205555555555,941.5,658,91,20,Rectangle,9,class->block->function->block->block_content->decl_stmt->decl->init->expr->call->name
2,14,rectangle_java2.jpg,rectangle_java2.jpg,2216017063,64,1004.151875,690.305625,932.5,694,100,21,rect1.area,10,class->block->function->block->block_content->expr_stmt->expr->call->argument_list->argument->expr->call->name->name->operator->name
2,14,rectangle_java2.jpg,rectangle_java2.jpg,2216161087,84,955.0128571428571,656.3580952380952,941.5,658,91,20,Rectangle,9,class->block->function->block->block_content->decl_stmt->decl->init->expr->call->name
2,14,rectangle_java2.jpg,rectangle_java2.jpg,2216245069,80,972.278,653.828,941.5,658,91,20,Rectangle,9,class->block->function->block->block_content->decl_stmt->decl->init->expr->call->name
2,14,rectangle_java2.jpg,rectangle_java2.jpg,2216744963,80,1154.965,664.038,1134.5,658,22,20,10,2,class->block->function->block->block_content->decl_stmt->decl->init->expr->call->argument_list->argument->expr->literal
2,14,rectangle_java2.jpg,rectangle_java2.jpg,2216744963,80,1154.965,664.038,1163.5,658,10,20,",",1,class->block->function->block->block_content->decl_stmt->decl->init->expr->call->argument_list
2,14,rectangle_java2.jpg,rectangle_java2.jpg,2216836973,88,1145.1836363636364,647.8640909090909,1134.5,658,22,20,10,2,class->block->function->block->block_content->decl_stmt->decl->init->expr->call->argument_list->argument->expr->literal
2,14,rectangle_java2.jpg,rectangle_java2.jpg,2216988978,148,1154.3643243243243,653.392972972973,1134.5,658,22,20,10,2,class->block->function->block->block_content->decl_stmt->decl->init->expr->call->argument_list->argument->expr->literal
2,14,rectangle_java2.jpg,rectangle_java2.jpg,2216988978,148,1154.3643243243243,653.392972972973,1163.5,658,10,20,",",1,class->block->function->block->block_content->decl_stmt->decl->init->expr->call->argument_list
2,14,rectangle_java2.jpg,rectangle_java2.jpg,2217672956,124,1060.2529032258064,689.3306451612904,1057.5,694,10,21,),1,class->block->function->block->block_content->expr_stmt->expr->call->argument_list->argument->expr->call->argument_list
2,14,rectangle_java2.jpg,rectangle_java2.jpg,2217784947,96,1094.8529166666667,721.1341666666667,1095.5,731,13,20,5,1,class->block->function->block->block_content->decl_stmt->decl->init->expr->call->argument_list->argument->expr->literal
2,14,rectangle_java2.jpg,rectangle_java2.jpg,2217912931,124,1095.0464516129032,719.2561290322581,1095.5,731,13,20,5,1,class->block->function->block->block_content->decl_stmt->decl->init->expr->call->argument_list->argument->expr->literal
2,14,rectangle_java2.jpg,rectangle_java2.jpg,2218008964,92,1096.9804347826087,735.2282608695652,1095.5,731,13,20,5,1,class->block->function->block->block_content->decl_stmt->decl->init->expr->call->argument_list->argument->expr->literal
2,14,rectangle_java2.jpg,rectangle_java2.jpg,2218472807,168,1067.1614285714286,738.0033333333333,1057.5,731,13,20,5,1,class->block->function->block->block_content->decl_stmt->decl->init->expr->call->argument_list->argument->expr->literal
2,14,rectangle_java2.jpg,rectangle_java2.jpg,2218472807,168,1067.1614285714286,738.0033333333333,1077.5,731,9,20,",",1,class->block->function->block->block_content->decl_stmt->decl->init->expr->call->argument_list
2,14,rectangle_java2.jpg,rectangle_java2.jpg,2218640837,164,1080.1517073170733,737.300487804878,1077.5,731,9,20,",",1,class->block->function->block->block_content->decl_stmt->decl->init->expr->call->argument_list
2,14,rectangle_java2.jpg,rectangle_java2.jpg,2218740848,96,1085.6729166666667,738.245,1077.5,731,9,20,",",1,class->block->function->block->block_content->decl_stmt->decl->init->expr->call->argument_list
2,14,rectangle_java2.jpg,rectangle_java2.jpg,2218740848,96,1085.6729166666667,738.245,1095.5,731,13,20,5,1,class->block->function->block->block_content->decl_stmt->decl->init->expr->call->argument_list->argument->expr->literal
2,14,rectangle_java2.jpg,rectangle_java2.jpg,2218868817,64,1121.855625,729.305625,1115.5,731,10,20,",",1,class->block->function->block->block_content->decl_stmt->decl->init->expr->call->argument_list
2,14,rectangle_java2.jpg,rectangle_java2.jpg,2218952786,80,1124.6075,732.65,1115.5,731,10,20,",",1,class->block->function->block->block_content->decl_stmt->decl->init->expr->call->argument_list
2,14,rectangle_java2.jpg,rectangle_java2.jpg,2218952786,80,1124.6075,732.65,1134.5,731,22,20,10,2,class->block->function->block->block_content->decl_stmt->decl->init->expr->call->argument_list->argument->expr->literal
2,14,rectangle_java2.jpg,rectangle_java2.jpg,2219140630,116,933.7031034482759,713.0062068965517,932.5,694,100,21,rect1.area,10,class->block->function->block->block_content->expr_stmt->expr->call->argument_list->argument->expr->call->name->name->operator->name
2,14,rectangle_java2.jpg,rectangle_java2.jpg,2219297268,152,930.8442105263158,733.6784210526316,902.5,731,34,20,new,3,class->block->function->block->block_content->decl_stmt->decl->init->expr->operator
2,14,rectangle_java2.jpg,rectangle_java2.jpg,2219297268,152,930.8442105263158,733.6784210526316,941.5,731,91,20,Rectangle,9,class->block->function->block->block_content->decl_stmt->decl->init->expr->call->name
2,14,rectangle_java2.jpg,rectangle_java2.jpg,2219377340,76,941.9805263157895,733.9584210526316,941.5,731,91,20,Rectangle,9,class->block->function->block->block_content->decl_stmt->decl->init->expr->call->name
2,14,rectangle_java2.jpg,rectangle_java2.jpg,2219520879,88,818.3745454545455,729.4913636363636,730.5,731,91,20,Rectangle,9,class->block->function->block->block_content->decl_stmt->decl->type->name
2,14,rectangle_java2.jpg,rectangle_java2.jpg,2219520879,88,818.3745454545455,729.4913636363636,826.5,731,51,20,rect2,5,class->block->function->block->block_content->decl_stmt->decl->name
2,14,rectangle_java2.jpg,rectangle_java2.jpg,2219668781,144,815.5697222222223,740.9305555555555,730.5,731,91,20,Rectangle,9,class->block->function->block->block_content->decl_stmt->decl->type->name
2,14,rectangle_java2.jpg,rectangle_java2.jpg,2219668781,144,815.5697222222223,740.9305555555555,826.5,731,51,20,rect2,5,class->block->function->block->block_content->decl_stmt->decl->name
2,14,rectangle_java2.jpg,rectangle_java2.jpg,2219868827,132,851.5624242424243,731.7621212121212,826.5,731,51,20,rect2,5,class->block->function->block->block_content->decl_stmt->decl->name
2,14,rectangle_java2.jpg,rectangle_java2.jpg,2220000785,80,842.441,711.25,730.5,694,177,21,System.out.println,18,class->block->function->block->block_content->expr_stmt->expr->call->name->name->operator->name->operator->name
2,14,rectangle_java2.jpg,rectangle_java2.jpg,2220128574,56,973.5178571428571,768.7485714285714,932.5,766,100,21,rect2.area,10,class->block->function->block->block_content->expr_stmt->expr->call->argument_list->argument->expr->call->name->name->operator->name
2,14,rectangle_java2.jpg,rectangle_java2.jpg,2220252608,120,983.162,767.2463333333334,932.5,766,100,21,rect2.area,10,class->block->function->block->block_content->expr_stmt->expr->call->argument_list->argument->expr->call->name->name->operator->name
2,14,rectangle_java2.jpg,rectangle_java2.jpg,2220324653,68,973.8829411764706,758.3535294117647,932.5,766,100,21,rect2.area,10,class->block->function->block->block_content->expr_stmt->expr->call->argument_list->argument->expr->call->name->name->operator->name
2,14,rectangle_java2.jpg,rectangle_java2.jpg,2220400674,72,967.1844444444445,766.7877777777778,932.5,766,100,21,rect2.area,10,class->block->function->block->block_content->expr_stmt->expr->call->argument_list->argument->expr->call->name->name->operator->name
2,14,rectangle_java2.jpg,rectangle_java2.jpg,2220596788,192,972.1866666666667,781.45,932.5,766,100,21,rect2.area,10,class->block->function->block->block_content->expr_stmt->expr->call->argument_list->argument->expr->call->name->name->operator->name
2,14,rectangle_java2.jpg,rectangle_java2.jpg,2220692884,92,947.9434782608696,780.8886956521739,932.5,766,100,21,rect2.area,10,class->block->function->block->block_content->expr_stmt->expr->call->argument_list->argument->expr->call->name->name->operator->name
2,14,rectangle_java2.jpg,rectangle_java2.jpg,2220840797,144,950.7572222222223,782.2652777777778,932.5,766,100,21,rect2.area,10,class->block->function->block->block_content->expr_stmt->expr->call->argument_list->argument->expr->call->name->name->operator->name
2,14,rectangle_java2.jpg,rectangle_java2.jpg,2221008663,120,984.633,786.3646666666667,932.5,766,100,21,rect2.area,10,class->block->function->block->block_content->expr_stmt->expr->call->argument_list->argument->expr->call->name->name->operator->name
2,14,rectangle_java2.jpg,rectangle_java2.jpg,2221256681,168,1025.730476190476,775.004761904762,932.5,766,100,21,rect2.area,10,class->block->function->block->block_content->expr_stmt->expr->call->argument_list->argument->expr->call->name->name->operator->name
2,14,rectangle_java2.jpg,rectangle_java2.jpg,2221400708,76,779.1121052631579,785.5663157894737,730.5,766,177,21,System.out.println,18,class->block->function->block->block_content->expr_stmt->expr->call->name->name->operator->name->operator->name
2,14,rectangle_java2.jpg,rectangle_java2.jpg,2221720698,156,728.0882051282051,773.94,730.5,766,177,21,System.out.println,18,class->block->function->block->block_content->expr_stmt->expr->call->name->name->operator->name->operator->name
2,14,rectangle_java2.jpg,rectangle_java2.jpg,2222452618,168,827.2380952380952,506.0657142857143,775.5,512,53,21,width,5,class->block->function->name
2,14,rectangle_java2.jpg,rectangle_java2.jpg,2222452618,168,827.2380952380952,506.0657142857143,837.5,512,9,21,(,1,class->block->function->parameter_list
2,14,rectangle_java2.jpg,rectangle_java2.jpg,2222880546,172,986.6767441860466,573.7253488372093,977.5,585,101,21,this.width,10,class->block->function->block->block_content->return->expr->call->name->name->operator->name
