trial,participant,code_file,code_language,timestamp,duration,x_cord,y_cord,aoi_x,aoi_y,aoi_width,aoi_height,token,length,srcML
2,212,rectangle_java2.jpg,rectangle_java2.jpg,418919135,60,800.044,257.6693333333333,785.5,259,23,21,x1,2,class->block->decl_stmt->decl->name
2,212,rectangle_java2.jpg,rectangle_java2.jpg,418984582,60,797.3353333333333,252.45799999999997,785.5,259,23,21,x1,2,class->block->decl_stmt->decl->name
2,212,rectangle_java2.jpg,rectangle_java2.jpg,419809668,168,788.5302380952381,221.18619047619052,715.5,222,90,21,Rectangle,9,class->name
2,212,rectangle_java2.jpg,rectangle_java2.jpg,420009666,196,785.155306122449,228.20755102040818,715.5,222,90,21,Rectangle,9,class->name
2,212,rectangle_java2.jpg,rectangle_java2.jpg,420181646,140,721.4768571428572,209.95114285714283,715.5,222,90,21,Rectangle,9,class->name
2,212,rectangle_java2.jpg,rectangle_java2.jpg,420289620,104,714.368076923077,217.06230769230768,715.5,222,90,21,Rectangle,9,class->name
2,212,rectangle_java2.jpg,rectangle_java2.jpg,420401603,108,712.2466666666667,221.67851851851856,715.5,222,90,21,Rectangle,9,class->name
2,212,rectangle_java2.jpg,rectangle_java2.jpg,420573624,88,732.334090909091,226.8477272727273,715.5,222,90,21,Rectangle,9,class->name
2,212,rectangle_java2.jpg,rectangle_java2.jpg,420705411,80,719.391,227.324,715.5,222,90,21,Rectangle,9,class->name
2,212,rectangle_java2.jpg,rectangle_java2.jpg,430593460,60,932.6426666666666,276.2733333333333,929.5,259,23,21,y2,2,class->block->decl_stmt->decl->name
2,212,rectangle_java2.jpg,rectangle_java2.jpg,430762129,64,906.611875,295.24125,890.5,295,24,21,x1,2,class->block->constructor->parameter_list->parameter->decl->type->name
2,212,rectangle_java2.jpg,rectangle_java2.jpg,430865137,96,938.3020833333334,287.3854166666667,939.5,295,33,21,int,3,class->block->constructor->parameter_list->parameter->decl->type->name
2,212,rectangle_java2.jpg,rectangle_java2.jpg,431002880,100,959.38,303.4204,939.5,295,33,21,int,3,class->block->constructor->parameter_list->parameter->decl->type->name
2,212,rectangle_java2.jpg,rectangle_java2.jpg,431646844,188,1024.89,309.1872340425532,1025.5,295,33,21,int,3,class->block->constructor->parameter_list->parameter->decl->type->name
2,212,rectangle_java2.jpg,rectangle_java2.jpg,431858850,208,1021.4096153846153,300.8157692307692,1025.5,295,33,21,int,3,class->block->constructor->parameter_list->parameter->decl->type->name
2,212,rectangle_java2.jpg,rectangle_java2.jpg,432218610,228,986.8368421052631,293.91736842105263,977.5,295,23,21,y1,2,class->block->constructor->parameter_list->parameter->decl->type->name
2,212,rectangle_java2.jpg,rectangle_java2.jpg,432482619,64,968.61,283.228125,939.5,295,33,21,int,3,class->block->constructor->parameter_list->parameter->decl->type->name
2,212,rectangle_java2.jpg,rectangle_java2.jpg,432482619,64,968.61,283.228125,977.5,295,23,21,y1,2,class->block->constructor->parameter_list->parameter->decl->type->name
2,212,rectangle_java2.jpg,rectangle_java2.jpg,432554667,68,982.3894117647059,301.3982352941176,977.5,295,23,21,y1,2,class->block->constructor->parameter_list->parameter->decl->type->name
2,212,rectangle_java2.jpg,rectangle_java2.jpg,432674704,116,993.5882758620689,313.5703448275862,977.5,295,23,21,y1,2,class->block->constructor->parameter_list->parameter->decl->type->name
2,212,rectangle_java2.jpg,rectangle_java2.jpg,432870724,192,1008.4795833333334,315.02708333333334,1007.5,295,10,21,",",1,class->block->constructor->parameter_list
2,212,rectangle_java2.jpg,rectangle_java2.jpg,433350792,80,853.153,308.578,853.5,295,32,21,int,3,class->block->constructor->parameter_list->parameter->decl->type->name
2,212,rectangle_java2.jpg,rectangle_java2.jpg,433514780,88,758.8804545454545,318.51045454545454,730.5,331,71,19,this.x1,7,class->block->constructor->block->block_content->expr_stmt->expr->name->name->operator->name
2,212,rectangle_java2.jpg,rectangle_java2.jpg,433882812,152,741.5181578947369,333.61868421052634,730.5,331,71,19,this.x1,7,class->block->constructor->block->block_content->expr_stmt->expr->name->name->operator->name
2,212,rectangle_java2.jpg,rectangle_java2.jpg,434030725,144,761.9088888888889,344.27916666666664,730.5,331,71,19,this.x1,7,class->block->constructor->block->block_content->expr_stmt->expr->name->name->operator->name
2,212,rectangle_java2.jpg,rectangle_java2.jpg,434254669,148,802.9535135135135,336.842972972973,806.5,331,15,19,=,1,class->block->constructor->block->block_content->expr_stmt->expr->operator
2,212,rectangle_java2.jpg,rectangle_java2.jpg,434334649,76,800.1684210526316,330.01736842105265,730.5,331,71,19,this.x1,7,class->block->constructor->block->block_content->expr_stmt->expr->name->name->operator->name
2,212,rectangle_java2.jpg,rectangle_java2.jpg,434334649,76,800.1684210526316,330.01736842105265,806.5,331,15,19,=,1,class->block->constructor->block->block_content->expr_stmt->expr->operator
2,212,rectangle_java2.jpg,rectangle_java2.jpg,434394624,56,813.4407142857143,313.3742857142857,737.5,295,91,21,Rectangle,9,class->block->constructor->name
2,212,rectangle_java2.jpg,rectangle_java2.jpg,434574627,60,760.2046666666666,310.9073333333333,737.5,295,91,21,Rectangle,9,class->block->constructor->name
2,212,rectangle_java2.jpg,rectangle_java2.jpg,434650563,72,746.6972222222222,303.3566666666667,737.5,295,91,21,Rectangle,9,class->block->constructor->name
2,212,rectangle_java2.jpg,rectangle_java2.jpg,436443442,132,715.0496969696969,223.72151515151518,715.5,222,90,21,Rectangle,9,class->name
2,212,rectangle_java2.jpg,rectangle_java2.jpg,436535709,84,704.7757142857142,223.21380952380952,657.5,222,52,21,class,5,class
2,212,rectangle_java2.jpg,rectangle_java2.jpg,436535709,84,704.7757142857142,223.21380952380952,715.5,222,90,21,Rectangle,9,class->name
2,212,rectangle_java2.jpg,rectangle_java2.jpg,436950124,64,740.541875,241.82624999999996,715.5,222,90,21,Rectangle,9,class->name
2,212,rectangle_java2.jpg,rectangle_java2.jpg,437094183,140,719.618,239.41514285714288,715.5,222,90,21,Rectangle,9,class->name
2,212,rectangle_java2.jpg,rectangle_java2.jpg,437170200,72,716.9988888888889,241.89722222222224,715.5,222,90,21,Rectangle,9,class->name
2,212,rectangle_java2.jpg,rectangle_java2.jpg,437326171,152,696.2697368421053,246.65131578947364,669.5,259,72,21,private,7,class->block->decl_stmt->decl->type->specifier
2,212,rectangle_java2.jpg,rectangle_java2.jpg,437982176,108,696.5866666666667,299.5285185185185,669.5,295,63,21,public,6,class->block->constructor->specifier
2,212,rectangle_java2.jpg,rectangle_java2.jpg,438630045,76,777.5547368421053,456.05105263157895,730.5,440,71,21,this.y2,7,class->block->constructor->block->block_content->expr_stmt->expr->name->name->operator->name
2,212,rectangle_java2.jpg,rectangle_java2.jpg,439254127,68,936.5223529411765,552.1194117647059,900.5,549,63,21,return,6,class->block->function->block->block_content->return
2,212,rectangle_java2.jpg,rectangle_java2.jpg,439498056,208,980.9653846153847,556.7982692307693,968.5,549,70,21,this.y2,7,class->block->function->block->block_content->return->expr->name->name->operator->name
2,212,rectangle_java2.jpg,rectangle_java2.jpg,439690030,96,1001.12375,559.64,968.5,549,70,21,this.y2,7,class->block->function->block->block_content->return->expr->name->name->operator->name
2,212,rectangle_java2.jpg,rectangle_java2.jpg,439906110,188,1042.6627659574467,562.883829787234,1045.5,549,13,21,-,1,class->block->function->block->block_content->return->expr->operator
2,212,rectangle_java2.jpg,rectangle_java2.jpg,440082046,152,952.2705263157894,560.9965789473684,900.5,549,63,21,return,6,class->block->function->block->block_content->return
2,212,rectangle_java2.jpg,rectangle_java2.jpg,440581986,116,1008.9479310344827,556.5886206896552,968.5,549,70,21,this.y2,7,class->block->function->block->block_content->return->expr->name->name->operator->name
2,212,rectangle_java2.jpg,rectangle_java2.jpg,440741953,156,1006.9584615384615,558.9248717948718,968.5,549,70,21,this.y2,7,class->block->function->block->block_content->return->expr->name->name->operator->name
2,212,rectangle_java2.jpg,rectangle_java2.jpg,440861959,64,992.62125,586.744375,977.5,585,101,21,this.width,10,class->block->function->block->block_content->return->expr->call->name->name->operator->name
2,212,rectangle_java2.jpg,rectangle_java2.jpg,441089978,76,1070.943157894737,576.5305263157894,977.5,585,101,21,this.width,10,class->block->function->block->block_content->return->expr->call->name->name->operator->name
2,212,rectangle_java2.jpg,rectangle_java2.jpg,441269982,176,1062.1193181818182,586.7745454545454,977.5,585,101,21,this.width,10,class->block->function->block->block_content->return->expr->call->name->name->operator->name
2,212,rectangle_java2.jpg,rectangle_java2.jpg,441369992,56,1073.8307142857143,574.0907142857143,977.5,585,101,21,this.width,10,class->block->function->block->block_content->return->expr->call->name->name->operator->name
2,212,rectangle_java2.jpg,rectangle_java2.jpg,441441975,68,1066.2888235294117,567.6176470588235,1064.5,549,71,21,this.y1,7,class->block->function->block->block_content->return->expr->name->name->operator->name
2,212,rectangle_java2.jpg,rectangle_java2.jpg,441690006,188,1021.486170212766,561.7527659574469,968.5,549,70,21,this.y2,7,class->block->function->block->block_content->return->expr->name->name->operator->name
2,212,rectangle_java2.jpg,rectangle_java2.jpg,441822026,96,861.9570833333333,532.32625,854.5,512,9,21,),1,class->block->function->parameter_list
2,212,rectangle_java2.jpg,rectangle_java2.jpg,441918009,92,846.8878260869565,530.4517391304348,854.5,512,9,21,),1,class->block->function->parameter_list
2,212,rectangle_java2.jpg,rectangle_java2.jpg,442085989,128,797.27,505.561875,775.5,512,53,21,width,5,class->block->function->name
2,212,rectangle_java2.jpg,rectangle_java2.jpg,442261799,116,772.9055172413792,537.2665517241379,775.5,549,62,21,height,6,class->block->function->name
2,212,rectangle_java2.jpg,rectangle_java2.jpg,443117802,196,995.6769387755102,621.5073469387755,990.5,621,10,21,[,1,class->block->function->parameter_list->parameter->decl->type->name->index
2,212,rectangle_java2.jpg,rectangle_java2.jpg,443117802,196,995.6769387755102,621.5073469387755,1007.5,621,10,21,],1,class->block->function->parameter_list->parameter->decl->type->name->index
2,212,rectangle_java2.jpg,rectangle_java2.jpg,443445793,100,1013.624,615.0244,1007.5,621,10,21,],1,class->block->function->parameter_list->parameter->decl->type->name->index
2,212,rectangle_java2.jpg,rectangle_java2.jpg,443445793,100,1013.624,615.0244,1025.5,621,42,21,args,4,class->block->function->parameter_list->parameter->decl->name
2,212,rectangle_java2.jpg,rectangle_java2.jpg,443665735,196,1069.5912244897959,610.9567346938776,1074.5,621,10,21,),1,class->block->function->parameter_list
2,212,rectangle_java2.jpg,rectangle_java2.jpg,443825758,84,1071.4638095238095,611.1766666666666,1074.5,621,10,21,),1,class->block->function->parameter_list
2,212,rectangle_java2.jpg,rectangle_java2.jpg,443973764,100,1018.4976,604.0148,977.5,585,101,21,this.width,10,class->block->function->block->block_content->return->expr->call->name->name->operator->name
2,212,rectangle_java2.jpg,rectangle_java2.jpg,444045665,68,1018.5094117647059,602.6558823529411,977.5,585,101,21,this.width,10,class->block->function->block->block_content->return->expr->call->name->name->operator->name
2,212,rectangle_java2.jpg,rectangle_java2.jpg,444373774,184,996.7315217391305,552.4734782608696,968.5,549,70,21,this.y2,7,class->block->function->block->block_content->return->expr->name->name->operator->name
2,212,rectangle_java2.jpg,rectangle_java2.jpg,445301593,60,813.736,581.602,804.5,585,43,21,area,4,class->block->function->name
2,212,rectangle_java2.jpg,rectangle_java2.jpg,445509640,204,809.2858823529411,594.4613725490196,804.5,585,43,21,area,4,class->block->function->name
2,212,rectangle_java2.jpg,rectangle_java2.jpg,445777665,188,764.8204255319149,597.4648936170213,737.5,585,62,21,double,6,class->block->function->type->name
2,212,rectangle_java2.jpg,rectangle_java2.jpg,445905679,124,757.8206451612903,604.1274193548387,737.5,585,62,21,double,6,class->block->function->type->name
2,212,rectangle_java2.jpg,rectangle_java2.jpg,446133615,188,798.0834042553191,610.8914893617022,738.5,621,61,21,static,6,class->block->function->type->specifier
2,212,rectangle_java2.jpg,rectangle_java2.jpg,446133615,188,798.0834042553191,610.8914893617022,804.5,621,44,21,void,4,class->block->function->type->name
2,212,rectangle_java2.jpg,rectangle_java2.jpg,446285569,116,870.6972413793103,623.6872413793103,851.5,621,44,21,main,4,class->block->function->name
2,212,rectangle_java2.jpg,rectangle_java2.jpg,446421553,68,945.265294117647,616.8670588235294,920.5,621,62,21,String,6,class->block->function->parameter_list->parameter->decl->type->name->name
2,212,rectangle_java2.jpg,rectangle_java2.jpg,446501548,76,944.0784210526316,627.2673684210527,920.5,621,62,21,String,6,class->block->function->parameter_list->parameter->decl->type->name->name
2,212,rectangle_java2.jpg,rectangle_java2.jpg,446621541,92,958.8526086956522,605.1921739130435,910.5,585,62,21,return,6,class->block->function->block->block_content->return
2,212,rectangle_java2.jpg,rectangle_java2.jpg,447137550,60,945.2486666666666,578.1419999999999,910.5,585,62,21,return,6,class->block->function->block->block_content->return
2,212,rectangle_java2.jpg,rectangle_java2.jpg,447277583,76,939.0026315789473,615.8494736842105,920.5,621,62,21,String,6,class->block->function->parameter_list->parameter->decl->type->name->name
2,212,rectangle_java2.jpg,rectangle_java2.jpg,447337566,56,983.9857142857143,619.6157142857143,990.5,621,10,21,[,1,class->block->function->parameter_list->parameter->decl->type->name->index
2,212,rectangle_java2.jpg,rectangle_java2.jpg,447413546,72,991.2244444444444,639.5127777777777,990.5,621,10,21,[,1,class->block->function->parameter_list->parameter->decl->type->name->index
2,212,rectangle_java2.jpg,rectangle_java2.jpg,447525534,108,999.8759259259259,652.684074074074,941.5,658,91,20,Rectangle,9,class->block->function->block->block_content->decl_stmt->decl->init->expr->call->name
2,212,rectangle_java2.jpg,rectangle_java2.jpg,447897454,76,1153.921052631579,645.6831578947368,1134.5,658,22,20,10,2,class->block->function->block->block_content->decl_stmt->decl->init->expr->call->argument_list->argument->expr->literal
2,212,rectangle_java2.jpg,rectangle_java2.jpg,447897454,76,1153.921052631579,645.6831578947368,1163.5,658,10,20,",",1,class->block->function->block->block_content->decl_stmt->decl->init->expr->call->argument_list
2,212,rectangle_java2.jpg,rectangle_java2.jpg,448213358,56,1145.5435714285713,558.5485714285714,1142.5,549,10,21,;,1,class->block->function->block->block_content->return
2,212,rectangle_java2.jpg,rectangle_java2.jpg,448381419,108,1151.0281481481481,553.3907407407407,1142.5,549,10,21,;,1,class->block->function->block->block_content->return
2,212,rectangle_java2.jpg,rectangle_java2.jpg,448381419,108,1151.0281481481481,553.3907407407407,1161.5,549,10,21,},1,class->block->function->block
2,212,rectangle_java2.jpg,rectangle_java2.jpg,448509443,68,953.78,556.2523529411765,900.5,549,63,21,return,6,class->block->function->block->block_content->return
2,212,rectangle_java2.jpg,rectangle_java2.jpg,448585470,72,953.41,545.8566666666667,900.5,549,63,21,return,6,class->block->function->block->block_content->return
2,212,rectangle_java2.jpg,rectangle_java2.jpg,448769437,100,824.87,523.4336,775.5,512,53,21,width,5,class->block->function->name
2,212,rectangle_java2.jpg,rectangle_java2.jpg,449361444,100,798.55,576.042,737.5,585,62,21,double,6,class->block->function->type->name
2,212,rectangle_java2.jpg,rectangle_java2.jpg,449361444,100,798.55,576.042,804.5,585,43,21,area,4,class->block->function->name
2,212,rectangle_java2.jpg,rectangle_java2.jpg,449517484,64,788.469375,565.23,775.5,549,62,21,height,6,class->block->function->name
2,212,rectangle_java2.jpg,rectangle_java2.jpg,449881095,64,777.03,515.0725,775.5,512,53,21,width,5,class->block->function->name
2,212,rectangle_java2.jpg,rectangle_java2.jpg,449985064,100,780.1624,527.22,775.5,512,53,21,width,5,class->block->function->name
2,212,rectangle_java2.jpg,rectangle_java2.jpg,450217315,184,761.1276086956522,518.8532608695652,737.5,512,33,21,int,3,class->block->function->type->name
2,212,rectangle_java2.jpg,rectangle_java2.jpg,450313307,60,752.962,510.1066666666667,737.5,512,33,21,int,3,class->block->function->type->name
2,212,rectangle_java2.jpg,rectangle_java2.jpg,450493247,80,773.2425,564.2405,775.5,549,62,21,height,6,class->block->function->name
2,212,rectangle_java2.jpg,rectangle_java2.jpg,451065332,60,735.8986666666667,550.0326666666666,737.5,549,33,21,int,3,class->block->function->type->name
2,212,rectangle_java2.jpg,rectangle_java2.jpg,451149372,80,736.6385,543.1625,737.5,549,33,21,int,3,class->block->function->type->name
2,212,rectangle_java2.jpg,rectangle_java2.jpg,451249398,68,746.8464705882353,543.2405882352941,737.5,549,33,21,int,3,class->block->function->type->name
2,212,rectangle_java2.jpg,rectangle_java2.jpg,451369348,64,806.0325,527.294375,775.5,512,53,21,width,5,class->block->function->name
2,212,rectangle_java2.jpg,rectangle_java2.jpg,451929096,72,950.1688888888889,635.2672222222222,920.5,621,62,21,String,6,class->block->function->parameter_list->parameter->decl->type->name->name
2,212,rectangle_java2.jpg,rectangle_java2.jpg,452009040,76,952.1568421052632,623.4531578947368,920.5,621,62,21,String,6,class->block->function->parameter_list->parameter->decl->type->name->name
2,212,rectangle_java2.jpg,rectangle_java2.jpg,452213176,124,1001.2774193548387,630.16,1007.5,621,10,21,],1,class->block->function->parameter_list->parameter->decl->type->name->index
2,212,rectangle_java2.jpg,rectangle_java2.jpg,452461163,84,862.384761904762,539.9266666666666,863.5,549,9,21,),1,class->block->function->parameter_list
2,212,rectangle_java2.jpg,rectangle_java2.jpg,452613143,68,892.5600000000001,623.1817647058823,851.5,621,44,21,main,4,class->block->function->name
2,212,rectangle_java2.jpg,rectangle_java2.jpg,452613143,68,892.5600000000001,623.1817647058823,904.5,621,9,21,(,1,class->block->function->parameter_list
2,212,rectangle_java2.jpg,rectangle_java2.jpg,453225166,84,966.6647619047619,592.9571428571429,910.5,585,62,21,return,6,class->block->function->block->block_content->return
2,212,rectangle_java2.jpg,rectangle_java2.jpg,453225166,84,966.6647619047619,592.9571428571429,977.5,585,101,21,this.width,10,class->block->function->block->block_content->return->expr->call->name->name->operator->name
2,212,rectangle_java2.jpg,rectangle_java2.jpg,453796768,60,950.0,574.0006666666667,910.5,585,62,21,return,6,class->block->function->block->block_content->return
2,212,rectangle_java2.jpg,rectangle_java2.jpg,454589636,56,935.0507142857143,628.4414285714286,920.5,621,62,21,String,6,class->block->function->parameter_list->parameter->decl->type->name->name
2,212,rectangle_java2.jpg,rectangle_java2.jpg,454649566,56,927.0785714285714,614.3428571428572,920.5,621,62,21,String,6,class->block->function->parameter_list->parameter->decl->type->name->name
2,212,rectangle_java2.jpg,rectangle_java2.jpg,455700937,76,795.2705263157895,664.9573684210526,730.5,658,91,20,Rectangle,9,class->block->function->block->block_content->decl_stmt->decl->type->name
2,212,rectangle_java2.jpg,rectangle_java2.jpg,455840933,104,827.2065384615385,698.8684615384616,730.5,694,177,21,System.out.println,18,class->block->function->block->block_content->expr_stmt->expr->call->name->name->operator->name->operator->name
2,212,rectangle_java2.jpg,rectangle_java2.jpg,457797198,108,840.565925925926,714.1537037037037,730.5,694,177,21,System.out.println,18,class->block->function->block->block_content->expr_stmt->expr->call->name->name->operator->name->operator->name
2,212,rectangle_java2.jpg,rectangle_java2.jpg,457886608,84,849.1657142857143,709.8914285714286,730.5,694,177,21,System.out.println,18,class->block->function->block->block_content->expr_stmt->expr->call->name->name->operator->name->operator->name
2,212,rectangle_java2.jpg,rectangle_java2.jpg,457958916,56,922.1092857142858,722.9042857142857,902.5,731,34,20,new,3,class->block->function->block->block_content->decl_stmt->decl->init->expr->operator
2,212,rectangle_java2.jpg,rectangle_java2.jpg,458079259,100,910.3704,688.0384,916.5,694,9,21,(,1,class->block->function->block->block_content->expr_stmt->expr->call->argument_list
2,212,rectangle_java2.jpg,rectangle_java2.jpg,458239318,116,914.4258620689656,688.7534482758621,916.5,694,9,21,(,1,class->block->function->block->block_content->expr_stmt->expr->call->argument_list
2,212,rectangle_java2.jpg,rectangle_java2.jpg,458315345,72,948.2794444444444,685.2172222222222,932.5,694,100,21,rect1.area,10,class->block->function->block->block_content->expr_stmt->expr->call->argument_list->argument->expr->call->name->name->operator->name
2,212,rectangle_java2.jpg,rectangle_java2.jpg,458383363,64,939.15,676.1625,941.5,658,91,20,Rectangle,9,class->block->function->block->block_content->decl_stmt->decl->init->expr->call->name
2,212,rectangle_java2.jpg,rectangle_java2.jpg,458447378,60,936.9466666666667,666.6526666666666,941.5,658,91,20,Rectangle,9,class->block->function->block->block_content->decl_stmt->decl->init->expr->call->name
2,212,rectangle_java2.jpg,rectangle_java2.jpg,458507375,56,932.4042857142857,647.4978571428571,902.5,658,34,20,new,3,class->block->function->block->block_content->decl_stmt->decl->init->expr->operator
2,212,rectangle_java2.jpg,rectangle_java2.jpg,458507375,56,932.4042857142857,647.4978571428571,941.5,658,91,20,Rectangle,9,class->block->function->block->block_content->decl_stmt->decl->init->expr->call->name
2,212,rectangle_java2.jpg,rectangle_java2.jpg,458871116,80,1096.2485,685.8605,1096.5,694,10,21,;,1,class->block->function->block->block_content->expr_stmt
2,212,rectangle_java2.jpg,rectangle_java2.jpg,458999195,96,1071.9675,696.6841666666667,1077.5,694,9,21,),1,class->block->function->block->block_content->expr_stmt->expr->call->argument_list
2,212,rectangle_java2.jpg,rectangle_java2.jpg,459091229,56,797.0671428571428,648.6185714285714,730.5,658,91,20,Rectangle,9,class->block->function->block->block_content->decl_stmt->decl->type->name
2,212,rectangle_java2.jpg,rectangle_java2.jpg,459299242,56,778.8328571428572,658.6242857142857,730.5,658,91,20,Rectangle,9,class->block->function->block->block_content->decl_stmt->decl->type->name
2,212,rectangle_java2.jpg,rectangle_java2.jpg,459363251,60,759.4426666666667,657.9413333333333,730.5,658,91,20,Rectangle,9,class->block->function->block->block_content->decl_stmt->decl->type->name
2,212,rectangle_java2.jpg,rectangle_java2.jpg,459447248,80,759.1265,652.5925,730.5,658,91,20,Rectangle,9,class->block->function->block->block_content->decl_stmt->decl->type->name
2,212,rectangle_java2.jpg,rectangle_java2.jpg,459583246,76,741.1968421052632,688.2626315789473,730.5,694,177,21,System.out.println,18,class->block->function->block->block_content->expr_stmt->expr->call->name->name->operator->name->operator->name
2,212,rectangle_java2.jpg,rectangle_java2.jpg,460471499,68,827.4588235294118,657.5817647058824,826.5,658,52,20,rect1,5,class->block->function->block->block_content->decl_stmt->decl->name
2,212,rectangle_java2.jpg,rectangle_java2.jpg,460620702,92,923.6552173913043,665.518695652174,902.5,658,34,20,new,3,class->block->function->block->block_content->decl_stmt->decl->init->expr->operator
2,212,rectangle_java2.jpg,rectangle_java2.jpg,460825307,120,816.331,676.7043333333334,730.5,658,91,20,Rectangle,9,class->block->function->block->block_content->decl_stmt->decl->type->name
2,212,rectangle_java2.jpg,rectangle_java2.jpg,460825307,120,816.331,676.7043333333334,826.5,658,52,20,rect1,5,class->block->function->block->block_content->decl_stmt->decl->name
2,212,rectangle_java2.jpg,rectangle_java2.jpg,461081720,112,780.8678571428571,685.7925,730.5,694,177,21,System.out.println,18,class->block->function->block->block_content->expr_stmt->expr->call->name->name->operator->name->operator->name
2,212,rectangle_java2.jpg,rectangle_java2.jpg,461245717,84,841.2766666666666,681.7571428571429,730.5,694,177,21,System.out.println,18,class->block->function->block->block_content->expr_stmt->expr->call->name->name->operator->name->operator->name
2,212,rectangle_java2.jpg,rectangle_java2.jpg,461377740,84,913.7666666666667,698.7857142857143,916.5,694,9,21,(,1,class->block->function->block->block_content->expr_stmt->expr->call->argument_list
2,212,rectangle_java2.jpg,rectangle_java2.jpg,461769605,56,922.1814285714286,658.55,902.5,658,34,20,new,3,class->block->function->block->block_content->decl_stmt->decl->init->expr->operator
2,212,rectangle_java2.jpg,rectangle_java2.jpg,461889616,76,906.4994736842106,686.7036842105264,730.5,694,177,21,System.out.println,18,class->block->function->block->block_content->expr_stmt->expr->call->name->name->operator->name->operator->name
2,212,rectangle_java2.jpg,rectangle_java2.jpg,461889616,76,906.4994736842106,686.7036842105264,916.5,694,9,21,(,1,class->block->function->block->block_content->expr_stmt->expr->call->argument_list
2,212,rectangle_java2.jpg,rectangle_java2.jpg,462037611,144,929.6016666666667,693.38,932.5,694,100,21,rect1.area,10,class->block->function->block->block_content->expr_stmt->expr->call->argument_list->argument->expr->call->name->name->operator->name
2,212,rectangle_java2.jpg,rectangle_java2.jpg,462277544,144,926.9922222222223,707.4966666666667,932.5,694,100,21,rect1.area,10,class->block->function->block->block_content->expr_stmt->expr->call->argument_list->argument->expr->call->name->name->operator->name
2,212,rectangle_java2.jpg,rectangle_java2.jpg,462417535,64,1025.024375,701.1168749999999,932.5,694,100,21,rect1.area,10,class->block->function->block->block_content->expr_stmt->expr->call->argument_list->argument->expr->call->name->name->operator->name
2,212,rectangle_java2.jpg,rectangle_java2.jpg,462713645,256,1044.1065625,698.28296875,1041.5,694,9,21,(,1,class->block->function->block->block_content->expr_stmt->expr->call->argument_list->argument->expr->call->argument_list
2,212,rectangle_java2.jpg,rectangle_java2.jpg,462885601,144,1073.441388888889,710.2144444444444,1077.5,694,9,21,),1,class->block->function->block->block_content->expr_stmt->expr->call->argument_list
2,212,rectangle_java2.jpg,rectangle_java2.jpg,462985614,64,1043.675625,686.5275,1041.5,694,9,21,(,1,class->block->function->block->block_content->expr_stmt->expr->call->argument_list->argument->expr->call->argument_list
2,212,rectangle_java2.jpg,rectangle_java2.jpg,463077648,88,1035.5690909090908,695.9768181818182,1041.5,694,9,21,(,1,class->block->function->block->block_content->expr_stmt->expr->call->argument_list->argument->expr->call->argument_list
2,212,rectangle_java2.jpg,rectangle_java2.jpg,463217645,116,1026.93,695.2651724137932,932.5,694,100,21,rect1.area,10,class->block->function->block->block_content->expr_stmt->expr->call->argument_list->argument->expr->call->name->name->operator->name
2,212,rectangle_java2.jpg,rectangle_java2.jpg,463317614,96,1040.7333333333333,693.9758333333333,1041.5,694,9,21,(,1,class->block->function->block->block_content->expr_stmt->expr->call->argument_list->argument->expr->call->argument_list
2,212,rectangle_java2.jpg,rectangle_java2.jpg,463997466,64,908.735,651.444375,902.5,658,34,20,new,3,class->block->function->block->block_content->decl_stmt->decl->init->expr->operator
2,212,rectangle_java2.jpg,rectangle_java2.jpg,464065458,64,897.7725,664.9175,883.5,658,15,20,=,1,class->block->function->block->block_content->decl_stmt->decl->init
2,212,rectangle_java2.jpg,rectangle_java2.jpg,464065458,64,897.7725,664.9175,902.5,658,34,20,new,3,class->block->function->block->block_content->decl_stmt->decl->init->expr->operator
2,212,rectangle_java2.jpg,rectangle_java2.jpg,464289433,56,785.5164285714286,290.94357142857143,737.5,295,91,21,Rectangle,9,class->block->constructor->name
2,212,rectangle_java2.jpg,rectangle_java2.jpg,464457486,64,781.39,296.05625,737.5,295,91,21,Rectangle,9,class->block->constructor->name
2,212,rectangle_java2.jpg,rectangle_java2.jpg,464653502,96,793.4533333333334,299.9075,737.5,295,91,21,Rectangle,9,class->block->constructor->name
2,212,rectangle_java2.jpg,rectangle_java2.jpg,464749451,92,788.525652173913,303.51173913043476,737.5,295,91,21,Rectangle,9,class->block->constructor->name
2,212,rectangle_java2.jpg,rectangle_java2.jpg,465193502,56,1080.5321428571428,696.6014285714285,1077.5,694,9,21,),1,class->block->function->block->block_content->expr_stmt->expr->call->argument_list
2,212,rectangle_java2.jpg,rectangle_java2.jpg,465349426,152,1078.8955263157895,703.3563157894737,1077.5,694,9,21,),1,class->block->function->block->block_content->expr_stmt->expr->call->argument_list
2,212,rectangle_java2.jpg,rectangle_java2.jpg,465877356,60,799.6886666666667,345.7253333333333,730.5,331,71,19,this.x1,7,class->block->constructor->block->block_content->expr_stmt->expr->name->name->operator->name
2,212,rectangle_java2.jpg,rectangle_java2.jpg,465877356,60,799.6886666666667,345.7253333333333,806.5,331,15,19,=,1,class->block->constructor->block->block_content->expr_stmt->expr->operator
2,212,rectangle_java2.jpg,rectangle_java2.jpg,466001352,68,790.9011764705882,319.3947058823529,730.5,331,71,19,this.x1,7,class->block->constructor->block->block_content->expr_stmt->expr->name->name->operator->name
2,212,rectangle_java2.jpg,rectangle_java2.jpg,466105261,60,791.66,312.502,737.5,295,91,21,Rectangle,9,class->block->constructor->name
2,212,rectangle_java2.jpg,rectangle_java2.jpg,466173205,64,797.215625,296.695,737.5,295,91,21,Rectangle,9,class->block->constructor->name
2,212,rectangle_java2.jpg,rectangle_java2.jpg,466253188,76,790.34,313.3405263157895,737.5,295,91,21,Rectangle,9,class->block->constructor->name
2,212,rectangle_java2.jpg,rectangle_java2.jpg,466553290,116,793.6586206896552,341.96241379310345,730.5,331,71,19,this.x1,7,class->block->constructor->block->block_content->expr_stmt->expr->name->name->operator->name
2,212,rectangle_java2.jpg,rectangle_java2.jpg,466709337,64,801.520625,340.130625,806.5,331,15,19,=,1,class->block->constructor->block->block_content->expr_stmt->expr->operator
2,212,rectangle_java2.jpg,rectangle_java2.jpg,466817359,56,793.6057142857143,364.52214285714285,730.5,367,71,21,this.y1,7,class->block->constructor->block->block_content->expr_stmt->expr->name->name->operator->name
2,212,rectangle_java2.jpg,rectangle_java2.jpg,467109275,76,815.5273684210526,374.8926315789474,806.5,367,15,21,=,1,class->block->constructor->block->block_content->expr_stmt->expr->operator
2,212,rectangle_java2.jpg,rectangle_java2.jpg,467109275,76,815.5273684210526,374.8926315789474,826.5,367,23,21,y1,2,class->block->constructor->block->block_content->expr_stmt->expr->name->name
2,212,rectangle_java2.jpg,rectangle_java2.jpg,467193298,80,817.1715,365.115,806.5,367,15,21,=,1,class->block->constructor->block->block_content->expr_stmt->expr->operator
2,212,rectangle_java2.jpg,rectangle_java2.jpg,467193298,80,817.1715,365.115,826.5,367,23,21,y1,2,class->block->constructor->block->block_content->expr_stmt->expr->name->name
2,212,rectangle_java2.jpg,rectangle_java2.jpg,467273340,76,818.6973684210526,382.1694736842105,806.5,367,15,21,=,1,class->block->constructor->block->block_content->expr_stmt->expr->operator
2,212,rectangle_java2.jpg,rectangle_java2.jpg,467273340,76,818.6973684210526,382.1694736842105,826.5,367,23,21,y1,2,class->block->constructor->block->block_content->expr_stmt->expr->name->name
2,212,rectangle_java2.jpg,rectangle_java2.jpg,467345425,68,806.7252941176471,395.8941176470588,806.5,404,15,19,=,1,class->block->constructor->block->block_content->expr_stmt->expr->operator
2,212,rectangle_java2.jpg,rectangle_java2.jpg,467617279,80,815.809,379.2455,806.5,367,15,21,=,1,class->block->constructor->block->block_content->expr_stmt->expr->operator
2,212,rectangle_java2.jpg,rectangle_java2.jpg,467617279,80,815.809,379.2455,826.5,367,23,21,y1,2,class->block->constructor->block->block_content->expr_stmt->expr->name->name
2,212,rectangle_java2.jpg,rectangle_java2.jpg,467809234,64,790.225625,329.070625,730.5,331,71,19,this.x1,7,class->block->constructor->block->block_content->expr_stmt->expr->name->name->operator->name
2,212,rectangle_java2.jpg,rectangle_java2.jpg,467897242,84,805.7604761904762,329.28238095238095,806.5,331,15,19,=,1,class->block->constructor->block->block_content->expr_stmt->expr->operator
2,212,rectangle_java2.jpg,rectangle_java2.jpg,468257184,60,793.2306666666667,376.9526666666667,730.5,367,71,21,this.y1,7,class->block->constructor->block->block_content->expr_stmt->expr->name->name->operator->name
2,212,rectangle_java2.jpg,rectangle_java2.jpg,468389218,128,792.3253125,380.6384375,730.5,367,71,21,this.y1,7,class->block->constructor->block->block_content->expr_stmt->expr->name->name->operator->name
2,212,rectangle_java2.jpg,rectangle_java2.jpg,468577258,64,1006.9475,701.3831250000001,932.5,694,100,21,rect1.area,10,class->block->function->block->block_content->expr_stmt->expr->call->argument_list->argument->expr->call->name->name->operator->name
2,212,rectangle_java2.jpg,rectangle_java2.jpg,469217126,96,1011.3816666666667,745.7458333333334,941.5,731,91,20,Rectangle,9,class->block->function->block->block_content->decl_stmt->decl->init->expr->call->name
2,212,rectangle_java2.jpg,rectangle_java2.jpg,469425221,96,795.5075,735.16375,730.5,731,91,20,Rectangle,9,class->block->function->block->block_content->decl_stmt->decl->type->name
2,212,rectangle_java2.jpg,rectangle_java2.jpg,470017107,104,780.5373076923076,704.7846153846153,730.5,694,177,21,System.out.println,18,class->block->function->block->block_content->expr_stmt->expr->call->name->name->operator->name->operator->name
2,212,rectangle_java2.jpg,rectangle_java2.jpg,470233068,84,817.1838095238095,697.5628571428572,730.5,694,177,21,System.out.println,18,class->block->function->block->block_content->expr_stmt->expr->call->name->name->operator->name->operator->name
2,212,rectangle_java2.jpg,rectangle_java2.jpg,470361066,60,800.6053333333333,656.612,730.5,658,91,20,Rectangle,9,class->block->function->block->block_content->decl_stmt->decl->type->name
2,212,rectangle_java2.jpg,rectangle_java2.jpg,470721116,76,893.8552631578947,722.062105263158,883.5,731,15,20,=,1,class->block->function->block->block_content->decl_stmt->decl->init
2,212,rectangle_java2.jpg,rectangle_java2.jpg,470721116,76,893.8552631578947,722.062105263158,902.5,731,34,20,new,3,class->block->function->block->block_content->decl_stmt->decl->init->expr->operator
2,212,rectangle_java2.jpg,rectangle_java2.jpg,470813074,80,974.8870000000001,735.9014999999999,941.5,731,91,20,Rectangle,9,class->block->function->block->block_content->decl_stmt->decl->init->expr->call->name
2,212,rectangle_java2.jpg,rectangle_java2.jpg,471868979,80,1079.307,698.5889999999999,1077.5,694,9,21,),1,class->block->function->block->block_content->expr_stmt->expr->call->argument_list
2,212,rectangle_java2.jpg,rectangle_java2.jpg,472092995,64,1068.091875,637.383125,1074.5,621,10,21,),1,class->block->function->parameter_list
2,212,rectangle_java2.jpg,rectangle_java2.jpg,472252992,64,1075.93125,664.34875,1077.5,658,9,20,",",1,class->block->function->block->block_content->decl_stmt->decl->init->expr->call->argument_list
2,212,rectangle_java2.jpg,rectangle_java2.jpg,472620973,88,1081.15,673.5581818181818,1077.5,658,9,20,",",1,class->block->function->block->block_content->decl_stmt->decl->init->expr->call->argument_list
2,212,rectangle_java2.jpg,rectangle_java2.jpg,472732986,72,1071.7733333333333,711.2827777777778,1077.5,694,9,21,),1,class->block->function->block->block_content->expr_stmt->expr->call->argument_list
2,212,rectangle_java2.jpg,rectangle_java2.jpg,473792770,128,1069.8453125,651.114375,1057.5,658,13,20,0,1,class->block->function->block->block_content->decl_stmt->decl->init->expr->call->argument_list->argument->expr->literal
2,212,rectangle_java2.jpg,rectangle_java2.jpg,473792770,128,1069.8453125,651.114375,1077.5,658,9,20,",",1,class->block->function->block->block_content->decl_stmt->decl->init->expr->call->argument_list
2,212,rectangle_java2.jpg,rectangle_java2.jpg,473912777,76,994.2594736842105,697.5331578947369,932.5,694,100,21,rect1.area,10,class->block->function->block->block_content->expr_stmt->expr->call->argument_list->argument->expr->call->name->name->operator->name
2,212,rectangle_java2.jpg,rectangle_java2.jpg,473980798,64,983.09,702.5475,932.5,694,100,21,rect1.area,10,class->block->function->block->block_content->expr_stmt->expr->call->argument_list->argument->expr->call->name->name->operator->name
2,212,rectangle_java2.jpg,rectangle_java2.jpg,474156772,88,876.5327272727272,765.6322727272727,730.5,766,177,21,System.out.println,18,class->block->function->block->block_content->expr_stmt->expr->call->name->name->operator->name->operator->name
2,212,rectangle_java2.jpg,rectangle_java2.jpg,474228731,68,863.6964705882353,766.2470588235294,730.5,766,177,21,System.out.println,18,class->block->function->block->block_content->expr_stmt->expr->call->name->name->operator->name->operator->name
2,212,rectangle_java2.jpg,rectangle_java2.jpg,474420774,64,911.635,773.744375,916.5,766,9,21,(,1,class->block->function->block->block_content->expr_stmt->expr->call->argument_list
2,212,rectangle_java2.jpg,rectangle_java2.jpg,474508800,84,904.5709523809523,774.6380952380953,730.5,766,177,21,System.out.println,18,class->block->function->block->block_content->expr_stmt->expr->call->name->name->operator->name->operator->name
2,212,rectangle_java2.jpg,rectangle_java2.jpg,474508800,84,904.5709523809523,774.6380952380953,916.5,766,9,21,(,1,class->block->function->block->block_content->expr_stmt->expr->call->argument_list
2,212,rectangle_java2.jpg,rectangle_java2.jpg,474720779,76,934.7194736842106,682.9484210526316,932.5,694,100,21,rect1.area,10,class->block->function->block->block_content->expr_stmt->expr->call->argument_list->argument->expr->call->name->name->operator->name
2,212,rectangle_java2.jpg,rectangle_java2.jpg,475040753,80,923.5265,675.6165,902.5,658,34,20,new,3,class->block->function->block->block_content->decl_stmt->decl->init->expr->operator
2,212,rectangle_java2.jpg,rectangle_java2.jpg,475216521,76,1031.431052631579,663.8663157894737,941.5,658,91,20,Rectangle,9,class->block->function->block->block_content->decl_stmt->decl->init->expr->call->name
2,212,rectangle_java2.jpg,rectangle_java2.jpg,475216521,76,1031.431052631579,663.8663157894737,1041.5,658,9,20,(,1,class->block->function->block->block_content->decl_stmt->decl->init->expr->call->argument_list
2,212,rectangle_java2.jpg,rectangle_java2.jpg,475672664,56,1067.8292857142858,631.6414285714286,1074.5,621,10,21,),1,class->block->function->parameter_list
2,212,rectangle_java2.jpg,rectangle_java2.jpg,475776669,100,1061.9488,622.2612,1025.5,621,42,21,args,4,class->block->function->parameter_list->parameter->decl->name
