trial,participant,code_file,code_language,timestamp,duration,x_cord,y_cord,aoi_x,aoi_y,aoi_width,aoi_height,token,length,srcML
2,213,rectangle_java2.jpg,rectangle_java2.jpg,15660910296,68,847.7082352941177,356.34117647058827,826.5,367,23,21,y1,2,class->block->constructor->block->block_content->expr_stmt->expr->name->name
2,213,rectangle_java2.jpg,rectangle_java2.jpg,15660910296,68,847.7082352941177,356.34117647058827,856.5,367,10,21,;,1,class->block->constructor->block->block_content->expr_stmt
2,213,rectangle_java2.jpg,rectangle_java2.jpg,15660994311,80,846.9375,343.5435,826.5,331,23,19,x1,2,class->block->constructor->block->block_content->expr_stmt->expr->name->name
2,213,rectangle_java2.jpg,rectangle_java2.jpg,15660994311,80,846.9375,343.5435,856.5,331,10,19,;,1,class->block->constructor->block->block_content->expr_stmt
2,213,rectangle_java2.jpg,rectangle_java2.jpg,15661138337,60,759.7266666666667,256.15933333333334,747.5,259,33,21,int,3,class->block->decl_stmt->decl->type->name
2,213,rectangle_java2.jpg,rectangle_java2.jpg,15661286313,144,755.4686111111112,272.0877777777778,747.5,259,33,21,int,3,class->block->decl_stmt->decl->type->name
2,213,rectangle_java2.jpg,rectangle_java2.jpg,15661426107,116,694.9358620689655,251.25724137931036,669.5,259,72,21,private,7,class->block->decl_stmt->decl->type->specifier
2,213,rectangle_java2.jpg,rectangle_java2.jpg,15661714250,168,655.2897619047619,231.06904761904764,657.5,222,52,21,class,5,class
2,213,rectangle_java2.jpg,rectangle_java2.jpg,15661822236,104,641.0873076923077,223.74692307692305,589.5,222,63,21,public,6,class->specifier
2,213,rectangle_java2.jpg,rectangle_java2.jpg,15661962233,88,759.0622727272728,218.35409090909093,715.5,222,90,21,Rectangle,9,class->name
2,213,rectangle_java2.jpg,rectangle_java2.jpg,15662058238,92,755.3339130434782,232.5039130434783,715.5,222,90,21,Rectangle,9,class->name
2,213,rectangle_java2.jpg,rectangle_java2.jpg,15662278215,164,758.889756097561,260.9321951219512,747.5,259,33,21,int,3,class->block->decl_stmt->decl->type->name
2,213,rectangle_java2.jpg,rectangle_java2.jpg,15662494252,80,874.756,269.42,881.5,259,23,21,x2,2,class->block->decl_stmt->decl->name
2,213,rectangle_java2.jpg,rectangle_java2.jpg,15662654355,88,800.34,303.1590909090909,737.5,295,91,21,Rectangle,9,class->block->constructor->name
2,213,rectangle_java2.jpg,rectangle_java2.jpg,15662730371,72,799.228888888889,301.46444444444444,737.5,295,91,21,Rectangle,9,class->block->constructor->name
2,213,rectangle_java2.jpg,rectangle_java2.jpg,15662830304,96,791.3279166666666,297.92041666666665,737.5,295,91,21,Rectangle,9,class->block->constructor->name
2,213,rectangle_java2.jpg,rectangle_java2.jpg,15663018228,96,662.9958333333334,621.4529166666666,669.5,621,63,21,public,6,class->block->function->type->specifier
2,213,rectangle_java2.jpg,rectangle_java2.jpg,15663102205,80,664.6565,612.1035,669.5,621,63,21,public,6,class->block->function->type->specifier
2,213,rectangle_java2.jpg,rectangle_java2.jpg,15663369950,88,720.8181818181818,241.435,715.5,222,90,21,Rectangle,9,class->name
2,213,rectangle_java2.jpg,rectangle_java2.jpg,15663438010,64,722.964375,253.92062499999997,669.5,259,72,21,private,7,class->block->decl_stmt->decl->type->specifier
2,213,rectangle_java2.jpg,rectangle_java2.jpg,15663582095,108,696.0707407407407,258.9844444444444,669.5,259,72,21,private,7,class->block->decl_stmt->decl->type->specifier
2,213,rectangle_java2.jpg,rectangle_java2.jpg,15663698137,112,698.8771428571429,247.68107142857144,669.5,259,72,21,private,7,class->block->decl_stmt->decl->type->specifier
2,213,rectangle_java2.jpg,rectangle_java2.jpg,15663810099,60,778.9686666666666,257.0693333333333,747.5,259,33,21,int,3,class->block->decl_stmt->decl->type->name
2,213,rectangle_java2.jpg,rectangle_java2.jpg,15663810099,60,778.9686666666666,257.0693333333333,785.5,259,23,21,x1,2,class->block->decl_stmt->decl->name
2,213,rectangle_java2.jpg,rectangle_java2.jpg,15663938068,124,778.2683870967742,252.08645161290326,747.5,259,33,21,int,3,class->block->decl_stmt->decl->type->name
2,213,rectangle_java2.jpg,rectangle_java2.jpg,15663938068,124,778.2683870967742,252.08645161290326,785.5,259,23,21,x1,2,class->block->decl_stmt->decl->name
2,213,rectangle_java2.jpg,rectangle_java2.jpg,15664126117,64,787.67375,266.81874999999997,785.5,259,23,21,x1,2,class->block->decl_stmt->decl->name
2,213,rectangle_java2.jpg,rectangle_java2.jpg,15664390443,76,738.7168421052631,241.62421052631578,715.5,222,90,21,Rectangle,9,class->name
2,213,rectangle_java2.jpg,rectangle_java2.jpg,15664450254,56,724.2657142857142,236.21000000000004,715.5,222,90,21,Rectangle,9,class->name
2,213,rectangle_java2.jpg,rectangle_java2.jpg,15664766076,60,836.5653333333333,268.3453333333333,833.5,259,23,21,y1,2,class->block->decl_stmt->decl->name
2,213,rectangle_java2.jpg,rectangle_java2.jpg,15664853879,60,806.7093333333333,249.20333333333338,785.5,259,23,21,x1,2,class->block->decl_stmt->decl->name
2,213,rectangle_java2.jpg,rectangle_java2.jpg,15664853879,60,806.7093333333333,249.20333333333338,815.5,259,10,21,",",1,class->block->decl_stmt
2,213,rectangle_java2.jpg,rectangle_java2.jpg,15664965821,108,803.7674074074074,267.8862962962963,785.5,259,23,21,x1,2,class->block->decl_stmt->decl->name
2,213,rectangle_java2.jpg,rectangle_java2.jpg,15664965821,108,803.7674074074074,267.8862962962963,815.5,259,10,21,",",1,class->block->decl_stmt
2,213,rectangle_java2.jpg,rectangle_java2.jpg,15665170039,84,773.6523809523809,257.63666666666666,747.5,259,33,21,int,3,class->block->decl_stmt->decl->type->name
2,213,rectangle_java2.jpg,rectangle_java2.jpg,15665170039,84,773.6523809523809,257.63666666666666,785.5,259,23,21,x1,2,class->block->decl_stmt->decl->name
2,213,rectangle_java2.jpg,rectangle_java2.jpg,15665257993,72,843.2738888888889,260.3622222222222,833.5,259,23,21,y1,2,class->block->decl_stmt->decl->name
2,213,rectangle_java2.jpg,rectangle_java2.jpg,15665357975,96,838.68875,265.5466666666667,833.5,259,23,21,y1,2,class->block->decl_stmt->decl->name
2,213,rectangle_java2.jpg,rectangle_java2.jpg,15665601995,56,785.545,290.9407142857143,737.5,295,91,21,Rectangle,9,class->block->constructor->name
2,213,rectangle_java2.jpg,rectangle_java2.jpg,15665889931,88,722.5481818181818,294.5122727272727,669.5,295,63,21,public,6,class->block->constructor->specifier
2,213,rectangle_java2.jpg,rectangle_java2.jpg,15665961931,68,707.3923529411765,292.3311764705882,669.5,295,63,21,public,6,class->block->constructor->specifier
2,213,rectangle_java2.jpg,rectangle_java2.jpg,15666033934,56,794.835,289.7007142857143,737.5,295,91,21,Rectangle,9,class->block->constructor->name
2,213,rectangle_java2.jpg,rectangle_java2.jpg,15666121936,84,794.9461904761905,268.0409523809524,785.5,259,23,21,x1,2,class->block->decl_stmt->decl->name
2,213,rectangle_java2.jpg,rectangle_java2.jpg,15666225954,60,795.874,302.9193333333333,737.5,295,91,21,Rectangle,9,class->block->constructor->name
2,213,rectangle_java2.jpg,rectangle_java2.jpg,15666373987,120,938.444,283.848,939.5,295,33,21,int,3,class->block->constructor->parameter_list->parameter->decl->type->name
2,213,rectangle_java2.jpg,rectangle_java2.jpg,15666434049,56,934.2742857142857,310.51214285714286,939.5,295,33,21,int,3,class->block->constructor->parameter_list->parameter->decl->type->name
2,213,rectangle_java2.jpg,rectangle_java2.jpg,15666758089,84,907.6704761904762,315.3442857142857,890.5,295,24,21,x1,2,class->block->constructor->parameter_list->parameter->decl->type->name
2,213,rectangle_java2.jpg,rectangle_java2.jpg,15667025867,60,1067.8713333333333,294.42133333333334,1063.5,295,23,21,x2,2,class->block->constructor->parameter_list->parameter->decl->type->name
2,213,rectangle_java2.jpg,rectangle_java2.jpg,15667237750,192,1155.5864583333334,284.83520833333336,1150.5,295,23,21,y2,2,class->block->constructor->parameter_list->parameter->decl->type->name
2,213,rectangle_java2.jpg,rectangle_java2.jpg,15667369794,68,792.3564705882353,328.5964705882353,730.5,331,71,19,this.x1,7,class->block->constructor->block->block_content->expr_stmt->expr->name->name->operator->name
2,213,rectangle_java2.jpg,rectangle_java2.jpg,15667473831,100,794.0636,305.3716,737.5,295,91,21,Rectangle,9,class->block->constructor->name
2,213,rectangle_java2.jpg,rectangle_java2.jpg,15667853805,112,775.2860714285714,320.41285714285715,730.5,331,71,19,this.x1,7,class->block->constructor->block->block_content->expr_stmt->expr->name->name->operator->name
2,213,rectangle_java2.jpg,rectangle_java2.jpg,15668069791,76,759.7463157894737,310.32631578947365,737.5,295,91,21,Rectangle,9,class->block->constructor->name
2,213,rectangle_java2.jpg,rectangle_java2.jpg,15668413856,164,779.7246341463415,293.84609756097564,737.5,295,91,21,Rectangle,9,class->block->constructor->name
2,213,rectangle_java2.jpg,rectangle_java2.jpg,15668629856,212,776.1684905660377,302.1309433962264,737.5,295,91,21,Rectangle,9,class->block->constructor->name
2,213,rectangle_java2.jpg,rectangle_java2.jpg,15668713827,80,778.0355,304.8755,737.5,295,91,21,Rectangle,9,class->block->constructor->name
2,213,rectangle_java2.jpg,rectangle_java2.jpg,15668853755,96,821.7833333333333,306.0683333333333,737.5,295,91,21,Rectangle,9,class->block->constructor->name
2,213,rectangle_java2.jpg,rectangle_java2.jpg,15668949654,92,834.9926086956522,306.50608695652176,837.5,295,9,21,(,1,class->block->constructor->parameter_list
2,213,rectangle_java2.jpg,rectangle_java2.jpg,15669025588,72,832.6316666666667,288.87166666666667,837.5,295,9,21,(,1,class->block->constructor->parameter_list
2,213,rectangle_java2.jpg,rectangle_java2.jpg,15669109573,80,833.3655,306.401,837.5,295,9,21,(,1,class->block->constructor->parameter_list
2,213,rectangle_java2.jpg,rectangle_java2.jpg,15669189605,76,833.1115789473685,297.3936842105263,837.5,295,9,21,(,1,class->block->constructor->parameter_list
2,213,rectangle_java2.jpg,rectangle_java2.jpg,15669329639,60,775.958,330.582,730.5,331,71,19,this.x1,7,class->block->constructor->block->block_content->expr_stmt->expr->name->name->operator->name
2,213,rectangle_java2.jpg,rectangle_java2.jpg,15669549683,96,776.9183333333333,330.635,730.5,331,71,19,this.x1,7,class->block->constructor->block->block_content->expr_stmt->expr->name->name->operator->name
2,213,rectangle_java2.jpg,rectangle_java2.jpg,15669709725,156,770.4358974358975,332.78128205128206,730.5,331,71,19,this.x1,7,class->block->constructor->block->block_content->expr_stmt->expr->name->name->operator->name
2,213,rectangle_java2.jpg,rectangle_java2.jpg,15669845719,132,763.0496969696969,327.99545454545455,730.5,331,71,19,this.x1,7,class->block->constructor->block->block_content->expr_stmt->expr->name->name->operator->name
2,213,rectangle_java2.jpg,rectangle_java2.jpg,15669933714,84,755.5009523809524,341.0795238095238,730.5,331,71,19,this.x1,7,class->block->constructor->block->block_content->expr_stmt->expr->name->name->operator->name
2,213,rectangle_java2.jpg,rectangle_java2.jpg,15670049726,76,741.2842105263157,299.89736842105265,737.5,295,91,21,Rectangle,9,class->block->constructor->name
2,213,rectangle_java2.jpg,rectangle_java2.jpg,15670437757,80,762.509,366.738,730.5,367,71,21,this.y1,7,class->block->constructor->block->block_content->expr_stmt->expr->name->name->operator->name
2,213,rectangle_java2.jpg,rectangle_java2.jpg,15670505720,64,755.785625,355.660625,730.5,367,71,21,this.y1,7,class->block->constructor->block->block_content->expr_stmt->expr->name->name->operator->name
2,213,rectangle_java2.jpg,rectangle_java2.jpg,15670569718,60,763.186,345.97933333333333,730.5,331,71,19,this.x1,7,class->block->constructor->block->block_content->expr_stmt->expr->name->name->operator->name
2,213,rectangle_java2.jpg,rectangle_java2.jpg,15670801646,104,798.6903846153846,373.3023076923077,730.5,367,71,21,this.y1,7,class->block->constructor->block->block_content->expr_stmt->expr->name->name->operator->name
2,213,rectangle_java2.jpg,rectangle_java2.jpg,15670801646,104,798.6903846153846,373.3023076923077,806.5,367,15,21,=,1,class->block->constructor->block->block_content->expr_stmt->expr->operator
2,213,rectangle_java2.jpg,rectangle_java2.jpg,15671005578,80,747.9605,387.8845,730.5,367,71,21,this.y1,7,class->block->constructor->block->block_content->expr_stmt->expr->name->name->operator->name
2,213,rectangle_java2.jpg,rectangle_java2.jpg,15671077576,68,753.2829411764706,404.69470588235293,730.5,404,71,19,this.x2,7,class->block->constructor->block->block_content->expr_stmt->expr->name->name->operator->name
2,213,rectangle_java2.jpg,rectangle_java2.jpg,15671181564,100,756.6732,382.68,730.5,367,71,21,this.y1,7,class->block->constructor->block->block_content->expr_stmt->expr->name->name->operator->name
2,213,rectangle_java2.jpg,rectangle_java2.jpg,15671609553,60,760.156,377.67466666666667,730.5,367,71,21,this.y1,7,class->block->constructor->block->block_content->expr_stmt->expr->name->name->operator->name
2,213,rectangle_java2.jpg,rectangle_java2.jpg,15671789604,72,829.1011111111111,434.8172222222222,826.5,440,23,21,y2,2,class->block->constructor->block->block_content->expr_stmt->expr->name->name
2,213,rectangle_java2.jpg,rectangle_java2.jpg,15672409559,128,795.6140625,510.02125,775.5,512,53,21,width,5,class->block->function->name
2,213,rectangle_java2.jpg,rectangle_java2.jpg,15673749442,88,982.3281818181819,525.2427272727273,958.5,512,71,21,this.x2,7,class->block->function->block->block_content->return->expr->name->name->operator->name->operator
2,213,rectangle_java2.jpg,rectangle_java2.jpg,15674021442,56,987.0985714285714,515.0185714285715,958.5,512,71,21,this.x2,7,class->block->function->block->block_content->return->expr->name->name->operator->name->operator
2,213,rectangle_java2.jpg,rectangle_java2.jpg,15674089454,64,993.92125,499.556875,958.5,512,71,21,this.x2,7,class->block->function->block->block_content->return->expr->name->name->operator->name->operator
2,213,rectangle_java2.jpg,rectangle_java2.jpg,15676241288,56,968.5592857142857,516.1107142857143,958.5,512,71,21,this.x2,7,class->block->function->block->block_content->return->expr->name->name->operator->name->operator
2,213,rectangle_java2.jpg,rectangle_java2.jpg,15676337258,56,976.8364285714285,502.00428571428574,958.5,512,71,21,this.x2,7,class->block->function->block->block_content->return->expr->name->name->operator->name->operator
2,213,rectangle_java2.jpg,rectangle_java2.jpg,15677941187,60,748.8286666666667,429.55066666666664,730.5,440,71,21,this.y2,7,class->block->constructor->block->block_content->expr_stmt->expr->name->name->operator->name
2,213,rectangle_java2.jpg,rectangle_java2.jpg,15678129170,80,736.9490000000001,443.9535000000001,730.5,440,71,21,this.y2,7,class->block->constructor->block->block_content->expr_stmt->expr->name->name->operator->name
2,213,rectangle_java2.jpg,rectangle_java2.jpg,15678361158,80,739.0415,447.1965,730.5,440,71,21,this.y2,7,class->block->constructor->block->block_content->expr_stmt->expr->name->name->operator->name
2,213,rectangle_java2.jpg,rectangle_java2.jpg,15678921042,64,980.67,529.838125,958.5,512,71,21,this.x2,7,class->block->function->block->block_content->return->expr->name->name->operator->name->operator
2,213,rectangle_java2.jpg,rectangle_java2.jpg,15679009043,84,982.0685714285714,528.4990476190476,958.5,512,71,21,this.x2,7,class->block->function->block->block_content->return->expr->name->name->operator->name->operator
2,213,rectangle_java2.jpg,rectangle_java2.jpg,15679093048,80,979.321,524.316,958.5,512,71,21,this.x2,7,class->block->function->block->block_content->return->expr->name->name->operator->name->operator
2,213,rectangle_java2.jpg,rectangle_java2.jpg,15679161054,64,982.415,558.0387499999999,968.5,549,70,21,this.y2,7,class->block->function->block->block_content->return->expr->name->name->operator->name
2,213,rectangle_java2.jpg,rectangle_java2.jpg,15679285135,68,988.5817647058824,540.8511764705883,968.5,549,70,21,this.y2,7,class->block->function->block->block_content->return->expr->name->name->operator->name
2,213,rectangle_java2.jpg,rectangle_java2.jpg,15679489178,60,858.5006666666667,566.1953333333333,863.5,549,9,21,),1,class->block->function->parameter_list
2,213,rectangle_java2.jpg,rectangle_java2.jpg,15679557138,64,883.99125,568.43125,883.5,549,10,21,{,1,class->block->function->block
2,213,rectangle_java2.jpg,rectangle_java2.jpg,15679813024,188,918.1663829787234,560.7476595744681,900.5,549,63,21,return,6,class->block->function->block->block_content->return
2,213,rectangle_java2.jpg,rectangle_java2.jpg,15679893015,76,924.6668421052632,562.5084210526315,900.5,549,63,21,return,6,class->block->function->block->block_content->return
2,213,rectangle_java2.jpg,rectangle_java2.jpg,15680308937,64,704.51875,544.556875,669.5,549,63,21,public,6,class->block->function->type->specifier
2,213,rectangle_java2.jpg,rectangle_java2.jpg,15680720916,116,779.4186206896552,573.336551724138,737.5,585,62,21,double,6,class->block->function->type->name
2,213,rectangle_java2.jpg,rectangle_java2.jpg,15680936933,112,876.1857142857143,562.72,883.5,549,10,21,{,1,class->block->function->block
2,213,rectangle_java2.jpg,rectangle_java2.jpg,15681120914,104,963.4996153846154,576.1861538461538,910.5,585,62,21,return,6,class->block->function->block->block_content->return
2,213,rectangle_java2.jpg,rectangle_java2.jpg,15681208912,84,965.1019047619047,585.9919047619047,910.5,585,62,21,return,6,class->block->function->block->block_content->return
2,213,rectangle_java2.jpg,rectangle_java2.jpg,15681208912,84,965.1019047619047,585.9919047619047,977.5,585,101,21,this.width,10,class->block->function->block->block_content->return->expr->call->name->name->operator->name
2,213,rectangle_java2.jpg,rectangle_java2.jpg,15681308900,76,934.8378947368421,547.7521052631579,900.5,549,63,21,return,6,class->block->function->block->block_content->return
2,213,rectangle_java2.jpg,rectangle_java2.jpg,15681420913,64,927.8875,574.1625,910.5,585,62,21,return,6,class->block->function->block->block_content->return
2,213,rectangle_java2.jpg,rectangle_java2.jpg,15681564922,72,1046.2488888888888,603.1833333333334,977.5,585,101,21,this.width,10,class->block->function->block->block_content->return->expr->call->name->name->operator->name
2,213,rectangle_java2.jpg,rectangle_java2.jpg,15681752923,64,1045.33125,603.500625,977.5,585,101,21,this.width,10,class->block->function->block->block_content->return->expr->call->name->name->operator->name
2,213,rectangle_java2.jpg,rectangle_java2.jpg,15681848953,92,1033.9539130434782,600.2908695652173,977.5,585,101,21,this.width,10,class->block->function->block->block_content->return->expr->call->name->name->operator->name
2,213,rectangle_java2.jpg,rectangle_java2.jpg,15682228700,76,832.8768421052631,586.2457894736842,804.5,585,43,21,area,4,class->block->function->name
2,213,rectangle_java2.jpg,rectangle_java2.jpg,15683068747,96,921.3916666666667,681.7025,916.5,694,9,21,(,1,class->block->function->block->block_content->expr_stmt->expr->call->argument_list
2,213,rectangle_java2.jpg,rectangle_java2.jpg,15683068747,96,921.3916666666667,681.7025,932.5,694,100,21,rect1.area,10,class->block->function->block->block_content->expr_stmt->expr->call->argument_list->argument->expr->call->name->name->operator->name
2,213,rectangle_java2.jpg,rectangle_java2.jpg,15683152750,80,929.437,671.645,902.5,658,34,20,new,3,class->block->function->block->block_content->decl_stmt->decl->init->expr->operator
2,213,rectangle_java2.jpg,rectangle_java2.jpg,15683152750,80,929.437,671.645,941.5,658,91,20,Rectangle,9,class->block->function->block->block_content->decl_stmt->decl->init->expr->call->name
2,213,rectangle_java2.jpg,rectangle_java2.jpg,15683636820,56,1098.6857142857143,641.4178571428571,1094.5,621,10,21,{,1,class->block->function->block
2,213,rectangle_java2.jpg,rectangle_java2.jpg,15684192660,124,1147.0548387096774,604.3903225806451,1140.5,585,110,21,this.height,11,class->block->function->block->block_content->return->expr->call->name->name->operator->name
2,213,rectangle_java2.jpg,rectangle_java2.jpg,15684440584,68,766.6141176470588,610.2641176470588,738.5,621,61,21,static,6,class->block->function->type->specifier
2,213,rectangle_java2.jpg,rectangle_java2.jpg,15685512669,112,817.3221428571428,630.4457142857143,804.5,621,44,21,void,4,class->block->function->type->name
2,213,rectangle_java2.jpg,rectangle_java2.jpg,15685620676,104,804.3307692307692,629.5238461538462,804.5,621,44,21,void,4,class->block->function->type->name
2,213,rectangle_java2.jpg,rectangle_java2.jpg,15685716681,92,819.3934782608695,628.4504347826087,804.5,621,44,21,void,4,class->block->function->type->name
2,213,rectangle_java2.jpg,rectangle_java2.jpg,15685844671,56,827.5192857142857,583.0657142857143,804.5,585,43,21,area,4,class->block->function->name
2,213,rectangle_java2.jpg,rectangle_java2.jpg,15686172394,72,743.2522222222223,581.3672222222223,737.5,585,62,21,double,6,class->block->function->type->name
2,213,rectangle_java2.jpg,rectangle_java2.jpg,15686272465,96,735.3683333333333,599.0029166666667,737.5,585,62,21,double,6,class->block->function->type->name
2,213,rectangle_java2.jpg,rectangle_java2.jpg,15686348498,72,730.8216666666667,593.1716666666666,669.5,585,63,21,public,6,class->block->function->type->specifier
2,213,rectangle_java2.jpg,rectangle_java2.jpg,15686348498,72,730.8216666666667,593.1716666666666,737.5,585,62,21,double,6,class->block->function->type->name
2,213,rectangle_java2.jpg,rectangle_java2.jpg,15686484247,56,787.4178571428571,580.9885714285714,737.5,585,62,21,double,6,class->block->function->type->name
2,213,rectangle_java2.jpg,rectangle_java2.jpg,15686736426,112,936.3264285714286,583.3921428571429,910.5,585,62,21,return,6,class->block->function->block->block_content->return
2,213,rectangle_java2.jpg,rectangle_java2.jpg,15686816485,76,941.9026315789474,576.8926315789473,910.5,585,62,21,return,6,class->block->function->block->block_content->return
2,213,rectangle_java2.jpg,rectangle_java2.jpg,15687088578,60,1037.1246666666666,588.5886666666667,977.5,585,101,21,this.width,10,class->block->function->block->block_content->return->expr->call->name->name->operator->name
2,213,rectangle_java2.jpg,rectangle_java2.jpg,15687152585,60,1031.0726666666667,604.8126666666667,977.5,585,101,21,this.width,10,class->block->function->block->block_content->return->expr->call->name->name->operator->name
2,213,rectangle_java2.jpg,rectangle_java2.jpg,15687436520,84,1033.1033333333332,597.8471428571429,977.5,585,101,21,this.width,10,class->block->function->block->block_content->return->expr->call->name->name->operator->name
2,213,rectangle_java2.jpg,rectangle_java2.jpg,15687800523,76,1125.677894736842,649.4278947368421,1134.5,658,22,20,10,2,class->block->function->block->block_content->decl_stmt->decl->init->expr->call->argument_list->argument->expr->literal
2,213,rectangle_java2.jpg,rectangle_java2.jpg,15687928371,72,1193.9427777777778,603.1088888888889,1140.5,585,110,21,this.height,11,class->block->function->block->block_content->return->expr->call->name->name->operator->name
2,213,rectangle_java2.jpg,rectangle_java2.jpg,15688372408,84,991.1190476190476,550.6561904761904,968.5,549,70,21,this.y2,7,class->block->function->block->block_content->return->expr->name->name->operator->name
2,213,rectangle_java2.jpg,rectangle_java2.jpg,15688464426,88,989.1590909090909,565.9045454545454,968.5,549,70,21,this.y2,7,class->block->function->block->block_content->return->expr->name->name->operator->name
2,213,rectangle_java2.jpg,rectangle_java2.jpg,15689288426,92,788.2569565217391,294.1217391304348,737.5,295,91,21,Rectangle,9,class->block->constructor->name
2,213,rectangle_java2.jpg,rectangle_java2.jpg,15689356425,64,786.96375,320.21125,730.5,331,71,19,this.x1,7,class->block->constructor->block->block_content->expr_stmt->expr->name->name->operator->name
2,213,rectangle_java2.jpg,rectangle_java2.jpg,15689504529,92,785.325652173913,303.9130434782609,737.5,295,91,21,Rectangle,9,class->block->constructor->name
2,213,rectangle_java2.jpg,rectangle_java2.jpg,15689564568,56,793.7371428571429,324.6821428571429,730.5,331,71,19,this.x1,7,class->block->constructor->block->block_content->expr_stmt->expr->name->name->operator->name
2,213,rectangle_java2.jpg,rectangle_java2.jpg,15689656576,56,803.4764285714285,291.0607142857143,737.5,295,91,21,Rectangle,9,class->block->constructor->name
2,213,rectangle_java2.jpg,rectangle_java2.jpg,15689864319,148,747.9735135135135,308.5194594594595,737.5,295,91,21,Rectangle,9,class->block->constructor->name
2,213,rectangle_java2.jpg,rectangle_java2.jpg,15690032329,88,1110.0763636363636,512.79,1054.5,512,71,21,this.x1,7,class->block->function->block->block_content->return->expr->name->name->operator->name
2,213,rectangle_java2.jpg,rectangle_java2.jpg,15690232359,196,1106.1775510204081,527.0606122448979,1054.5,512,71,21,this.x1,7,class->block->function->block->block_content->return->expr->name->name->operator->name
2,213,rectangle_java2.jpg,rectangle_java2.jpg,15690316333,72,960.8911111111111,527.13,958.5,512,71,21,this.x2,7,class->block->function->block->block_content->return->expr->name->name->operator->name->operator
2,213,rectangle_java2.jpg,rectangle_java2.jpg,15690452272,132,962.2406060606061,544.7027272727273,900.5,549,63,21,return,6,class->block->function->block->block_content->return
2,213,rectangle_java2.jpg,rectangle_java2.jpg,15690452272,132,962.2406060606061,544.7027272727273,968.5,549,70,21,this.y2,7,class->block->function->block->block_content->return->expr->name->name->operator->name
2,213,rectangle_java2.jpg,rectangle_java2.jpg,15690544264,88,952.3677272727273,543.0622727272728,900.5,549,63,21,return,6,class->block->function->block->block_content->return
2,213,rectangle_java2.jpg,rectangle_java2.jpg,15690772317,96,1193.2266666666667,574.4541666666667,1140.5,585,110,21,this.height,11,class->block->function->block->block_content->return->expr->call->name->name->operator->name
2,213,rectangle_java2.jpg,rectangle_java2.jpg,15690832320,56,1185.4921428571429,582.9935714285714,1140.5,585,110,21,this.height,11,class->block->function->block->block_content->return->expr->call->name->name->operator->name
2,213,rectangle_java2.jpg,rectangle_java2.jpg,15690896321,60,1186.5206666666666,586.198,1140.5,585,110,21,this.height,11,class->block->function->block->block_content->return->expr->call->name->name->operator->name
2,213,rectangle_java2.jpg,rectangle_java2.jpg,15690968334,68,1191.9811764705883,598.3270588235295,1140.5,585,110,21,this.height,11,class->block->function->block->block_content->return->expr->call->name->name->operator->name
2,213,rectangle_java2.jpg,rectangle_java2.jpg,15691176306,180,1251.5115555555556,591.7977777777778,1259.5,585,9,21,(,1,class->block->function->block->block_content->return->expr->call->argument_list
2,213,rectangle_java2.jpg,rectangle_java2.jpg,15691364323,120,934.2256666666667,602.7686666666667,910.5,585,62,21,return,6,class->block->function->block->block_content->return
2,213,rectangle_java2.jpg,rectangle_java2.jpg,15691428362,60,939.0053333333333,615.9426666666667,920.5,621,62,21,String,6,class->block->function->parameter_list->parameter->decl->type->name->name
2,213,rectangle_java2.jpg,rectangle_java2.jpg,15691524380,92,920.2486956521739,603.8878260869565,910.5,585,62,21,return,6,class->block->function->block->block_content->return
2,213,rectangle_java2.jpg,rectangle_java2.jpg,15691652288,60,1136.0593333333334,647.736,1134.5,658,22,20,10,2,class->block->function->block->block_content->decl_stmt->decl->init->expr->call->argument_list->argument->expr->literal
2,213,rectangle_java2.jpg,rectangle_java2.jpg,15691840005,80,1176.743,648.2625,1182.5,658,22,20,10,2,class->block->function->block->block_content->decl_stmt->decl->init->expr->call->argument_list->argument->expr->literal
2,213,rectangle_java2.jpg,rectangle_java2.jpg,15691903970,60,1167.0186666666666,655.42,1163.5,658,10,20,",",1,class->block->function->block->block_content->decl_stmt->decl->init->expr->call->argument_list
2,213,rectangle_java2.jpg,rectangle_java2.jpg,15692000051,76,1033.0405263157895,647.5347368421053,1041.5,658,9,20,(,1,class->block->function->block->block_content->decl_stmt->decl->init->expr->call->argument_list
2,213,rectangle_java2.jpg,rectangle_java2.jpg,15692076122,72,1029.201111111111,639.8183333333334,1025.5,621,42,21,args,4,class->block->function->parameter_list->parameter->decl->name
2,213,rectangle_java2.jpg,rectangle_java2.jpg,15692140178,60,1023.0066666666667,655.4966666666667,941.5,658,91,20,Rectangle,9,class->block->function->block->block_content->decl_stmt->decl->init->expr->call->name
2,213,rectangle_java2.jpg,rectangle_java2.jpg,15692400242,120,926.0433333333333,654.0806666666666,902.5,658,34,20,new,3,class->block->function->block->block_content->decl_stmt->decl->init->expr->operator
2,213,rectangle_java2.jpg,rectangle_java2.jpg,15692720262,84,1037.3123809523809,635.1195238095238,1025.5,621,42,21,args,4,class->block->function->parameter_list->parameter->decl->name
2,213,rectangle_java2.jpg,rectangle_java2.jpg,15692816214,92,1047.0504347826086,623.734347826087,1025.5,621,42,21,args,4,class->block->function->parameter_list->parameter->decl->name
2,213,rectangle_java2.jpg,rectangle_java2.jpg,15692916158,60,1027.9086666666667,660.4473333333333,941.5,658,91,20,Rectangle,9,class->block->function->block->block_content->decl_stmt->decl->init->expr->call->name
2,213,rectangle_java2.jpg,rectangle_java2.jpg,15693232099,76,1111.3794736842106,654.9752631578947,1115.5,658,10,20,",",1,class->block->function->block->block_content->decl_stmt->decl->init->expr->call->argument_list
2,213,rectangle_java2.jpg,rectangle_java2.jpg,15693432125,160,1073.21975,670.4665,1077.5,658,9,20,",",1,class->block->function->block->block_content->decl_stmt->decl->init->expr->call->argument_list
2,213,rectangle_java2.jpg,rectangle_java2.jpg,15693747862,60,1082.4526666666666,677.8913333333334,1077.5,658,9,20,",",1,class->block->function->block->block_content->decl_stmt->decl->init->expr->call->argument_list
2,213,rectangle_java2.jpg,rectangle_java2.jpg,15694248285,68,1188.1929411764706,670.2411764705882,1182.5,658,22,20,10,2,class->block->function->block->block_content->decl_stmt->decl->init->expr->call->argument_list->argument->expr->literal
2,213,rectangle_java2.jpg,rectangle_java2.jpg,15694336078,84,1185.5942857142857,661.1138095238096,1182.5,658,22,20,10,2,class->block->function->block->block_content->decl_stmt->decl->init->expr->call->argument_list->argument->expr->literal
2,213,rectangle_java2.jpg,rectangle_java2.jpg,15694408037,68,1186.5294117647059,657.0970588235294,1182.5,658,22,20,10,2,class->block->function->block->block_content->decl_stmt->decl->init->expr->call->argument_list->argument->expr->literal
2,213,rectangle_java2.jpg,rectangle_java2.jpg,15695987869,92,976.414347826087,707.9473913043479,932.5,694,100,21,rect1.area,10,class->block->function->block->block_content->expr_stmt->expr->call->argument_list->argument->expr->call->name->name->operator->name
2,213,rectangle_java2.jpg,rectangle_java2.jpg,15696143803,68,968.3682352941177,732.7782352941176,941.5,731,91,20,Rectangle,9,class->block->function->block->block_content->decl_stmt->decl->init->expr->call->name
2,213,rectangle_java2.jpg,rectangle_java2.jpg,15696543946,60,957.5526666666667,725.4653333333333,941.5,731,91,20,Rectangle,9,class->block->function->block->block_content->decl_stmt->decl->init->expr->call->name
2,213,rectangle_java2.jpg,rectangle_java2.jpg,15698827779,60,1062.7126666666666,735.1513333333334,1057.5,731,13,20,5,1,class->block->function->block->block_content->decl_stmt->decl->init->expr->call->argument_list->argument->expr->literal
2,213,rectangle_java2.jpg,rectangle_java2.jpg,15699371785,60,1057.064,719.2433333333333,1057.5,731,13,20,5,1,class->block->function->block->block_content->decl_stmt->decl->init->expr->call->argument_list->argument->expr->literal
2,213,rectangle_java2.jpg,rectangle_java2.jpg,15699647747,116,1052.4679310344827,750.8193103448276,1057.5,731,13,20,5,1,class->block->function->block->block_content->decl_stmt->decl->init->expr->call->argument_list->argument->expr->literal
2,213,rectangle_java2.jpg,rectangle_java2.jpg,15699748011,96,1054.2233333333334,730.4795833333334,1057.5,731,13,20,5,1,class->block->function->block->block_content->decl_stmt->decl->init->expr->call->argument_list->argument->expr->literal
