trial,participant,code_file,code_language,timestamp,duration,x_cord,y_cord,aoi_x,aoi_y,aoi_width,aoi_height,token,length,srcML
2,25,rectangle_java2.jpg,rectangle_java2.jpg,8318901417,76,768.8973684210526,242.54684210526318,715.5,222,90,21,Rectangle,9,class->name
2,25,rectangle_java2.jpg,rectangle_java2.jpg,8320097342,64,760.37625,214.59562499999998,715.5,222,90,21,Rectangle,9,class->name
2,25,rectangle_java2.jpg,rectangle_java2.jpg,8320765285,68,721.0123529411765,284.0094117647059,669.5,295,63,21,public,6,class->block->constructor->specifier
2,25,rectangle_java2.jpg,rectangle_java2.jpg,8320937251,64,715.506875,275.191875,669.5,259,72,21,private,7,class->block->decl_stmt->decl->type->specifier
2,25,rectangle_java2.jpg,rectangle_java2.jpg,8320997248,56,712.7042857142857,288.34000000000003,669.5,295,63,21,public,6,class->block->constructor->specifier
2,25,rectangle_java2.jpg,rectangle_java2.jpg,8321181270,164,793.7312195121951,276.3029268292683,785.5,259,23,21,x1,2,class->block->decl_stmt->decl->name
2,25,rectangle_java2.jpg,rectangle_java2.jpg,8321529202,68,785.0576470588235,263.65176470588233,785.5,259,23,21,x1,2,class->block->decl_stmt->decl->name
2,25,rectangle_java2.jpg,rectangle_java2.jpg,8321629230,64,719.06125,268.6975,669.5,259,72,21,private,7,class->block->decl_stmt->decl->type->specifier
2,25,rectangle_java2.jpg,rectangle_java2.jpg,8321725252,92,711.6773913043478,264.64,669.5,259,72,21,private,7,class->block->decl_stmt->decl->type->specifier
2,25,rectangle_java2.jpg,rectangle_java2.jpg,8322001221,64,746.189375,254.38687500000003,747.5,259,33,21,int,3,class->block->decl_stmt->decl->type->name
2,25,rectangle_java2.jpg,rectangle_java2.jpg,8322193079,120,746.1616666666666,228.85199999999998,715.5,222,90,21,Rectangle,9,class->name
2,25,rectangle_java2.jpg,rectangle_java2.jpg,8322293082,64,671.101875,227.97625,657.5,222,52,21,class,5,class
2,25,rectangle_java2.jpg,rectangle_java2.jpg,8322393137,64,677.773125,236.90812499999998,657.5,222,52,21,class,5,class
2,25,rectangle_java2.jpg,rectangle_java2.jpg,8323557143,80,758.1885,237.572,715.5,222,90,21,Rectangle,9,class->name
2,25,rectangle_java2.jpg,rectangle_java2.jpg,8323861134,124,793.8609677419355,255.14838709677417,785.5,259,23,21,x1,2,class->block->decl_stmt->decl->name
2,25,rectangle_java2.jpg,rectangle_java2.jpg,8324268965,92,791.585652173913,267.1608695652174,785.5,259,23,21,x1,2,class->block->decl_stmt->decl->name
2,25,rectangle_java2.jpg,rectangle_java2.jpg,8324468951,152,790.7334210526316,274.0378947368421,785.5,259,23,21,x1,2,class->block->decl_stmt->decl->name
2,25,rectangle_java2.jpg,rectangle_java2.jpg,8324600986,88,714.9713636363637,263.5440909090909,669.5,259,72,21,private,7,class->block->decl_stmt->decl->type->specifier
2,25,rectangle_java2.jpg,rectangle_java2.jpg,8324661005,56,713.5871428571429,273.1957142857143,669.5,259,72,21,private,7,class->block->decl_stmt->decl->type->specifier
2,25,rectangle_java2.jpg,rectangle_java2.jpg,8324889047,76,771.2147368421053,284.0621052631579,737.5,295,91,21,Rectangle,9,class->block->constructor->name
2,25,rectangle_java2.jpg,rectangle_java2.jpg,8325188992,88,773.6640909090909,306.10954545454547,737.5,295,91,21,Rectangle,9,class->block->constructor->name
2,25,rectangle_java2.jpg,rectangle_java2.jpg,8325652995,120,723.9793333333333,335.57233333333335,730.5,331,71,19,this.x1,7,class->block->constructor->block->block_content->expr_stmt->expr->name->name->operator->name
2,25,rectangle_java2.jpg,rectangle_java2.jpg,8325804995,76,788.9184210526316,321.8573684210526,730.5,331,71,19,this.x1,7,class->block->constructor->block->block_content->expr_stmt->expr->name->name->operator->name
2,25,rectangle_java2.jpg,rectangle_java2.jpg,8325884983,76,776.9710526315789,327.11315789473684,730.5,331,71,19,this.x1,7,class->block->constructor->block->block_content->expr_stmt->expr->name->name->operator->name
2,25,rectangle_java2.jpg,rectangle_java2.jpg,8326160760,92,901.1317391304348,309.4591304347826,890.5,295,24,21,x1,2,class->block->constructor->parameter_list->parameter->decl->type->name
2,25,rectangle_java2.jpg,rectangle_java2.jpg,8326312849,72,1093.0605555555555,308.5105555555556,1094.5,295,9,21,",",1,class->block->constructor->parameter_list
2,25,rectangle_java2.jpg,rectangle_java2.jpg,8326376817,60,1097.3653333333334,293.9633333333333,1094.5,295,9,21,",",1,class->block->constructor->parameter_list
2,25,rectangle_java2.jpg,rectangle_java2.jpg,8326440785,60,1107.684,293.226,1112.5,295,33,21,int,3,class->block->constructor->parameter_list->parameter->decl->type->name
2,25,rectangle_java2.jpg,rectangle_java2.jpg,8326768845,192,1031.2820833333333,310.491875,1025.5,295,33,21,int,3,class->block->constructor->parameter_list->parameter->decl->type->name
2,25,rectangle_java2.jpg,rectangle_java2.jpg,8326968846,144,986.5333333333333,313.2602777777778,977.5,295,23,21,y1,2,class->block->constructor->parameter_list->parameter->decl->type->name
2,25,rectangle_java2.jpg,rectangle_java2.jpg,8327192857,148,748.805945945946,293.65837837837836,737.5,295,91,21,Rectangle,9,class->block->constructor->name
2,25,rectangle_java2.jpg,rectangle_java2.jpg,8327256880,60,756.218,312.416,737.5,295,91,21,Rectangle,9,class->block->constructor->name
2,25,rectangle_java2.jpg,rectangle_java2.jpg,8327660866,60,778.2533333333333,339.11333333333334,730.5,331,71,19,this.x1,7,class->block->constructor->block->block_content->expr_stmt->expr->name->name->operator->name
2,25,rectangle_java2.jpg,rectangle_java2.jpg,8327740868,76,780.2536842105263,348.27263157894737,730.5,331,71,19,this.x1,7,class->block->constructor->block->block_content->expr_stmt->expr->name->name->operator->name
2,25,rectangle_java2.jpg,rectangle_java2.jpg,8327824879,80,774.809,365.0655,730.5,367,71,21,this.y1,7,class->block->constructor->block->block_content->expr_stmt->expr->name->name->operator->name
2,25,rectangle_java2.jpg,rectangle_java2.jpg,8328020767,156,768.4894871794871,365.6697435897436,730.5,367,71,21,this.y1,7,class->block->constructor->block->block_content->expr_stmt->expr->name->name->operator->name
2,25,rectangle_java2.jpg,rectangle_java2.jpg,8328124709,60,793.5006666666667,378.2726666666667,730.5,367,71,21,this.y1,7,class->block->constructor->block->block_content->expr_stmt->expr->name->name->operator->name
2,25,rectangle_java2.jpg,rectangle_java2.jpg,8328268692,140,795.7234285714286,379.6022857142857,730.5,367,71,21,this.y1,7,class->block->constructor->block->block_content->expr_stmt->expr->name->name->operator->name
2,25,rectangle_java2.jpg,rectangle_java2.jpg,8328268692,140,795.7234285714286,379.6022857142857,806.5,367,15,21,=,1,class->block->constructor->block->block_content->expr_stmt->expr->operator
2,25,rectangle_java2.jpg,rectangle_java2.jpg,8328432677,124,804.7493548387097,373.3941935483871,806.5,367,15,21,=,1,class->block->constructor->block->block_content->expr_stmt->expr->operator
2,25,rectangle_java2.jpg,rectangle_java2.jpg,8328596711,84,793.3861904761904,377.8542857142857,730.5,367,71,21,this.y1,7,class->block->constructor->block->block_content->expr_stmt->expr->name->name->operator->name
2,25,rectangle_java2.jpg,rectangle_java2.jpg,8328788779,108,784.8874074074074,382.99185185185183,730.5,367,71,21,this.y1,7,class->block->constructor->block->block_content->expr_stmt->expr->name->name->operator->name
2,25,rectangle_java2.jpg,rectangle_java2.jpg,8329016781,56,940.4478571428572,315.9042857142857,939.5,295,33,21,int,3,class->block->constructor->parameter_list->parameter->decl->type->name
2,25,rectangle_java2.jpg,rectangle_java2.jpg,8329904682,72,851.7072222222222,397.9,856.5,404,10,19,;,1,class->block->constructor->block->block_content->expr_stmt
2,25,rectangle_java2.jpg,rectangle_java2.jpg,8330188688,152,823.8752631578948,374.17605263157895,826.5,367,23,21,y1,2,class->block->constructor->block->block_content->expr_stmt->expr->name->name
2,25,rectangle_java2.jpg,rectangle_java2.jpg,8330288662,76,834.0926315789474,440.14947368421053,826.5,440,23,21,y2,2,class->block->constructor->block->block_content->expr_stmt->expr->name->name
2,25,rectangle_java2.jpg,rectangle_java2.jpg,8330420635,128,837.9465625,456.04718750000006,826.5,440,23,21,y2,2,class->block->constructor->block->block_content->expr_stmt->expr->name->name
2,25,rectangle_java2.jpg,rectangle_java2.jpg,8330588617,88,741.4022727272727,522.7063636363637,737.5,512,33,21,int,3,class->block->function->type->name
2,25,rectangle_java2.jpg,rectangle_java2.jpg,8331160579,228,747.1491228070175,551.7322807017543,737.5,549,33,21,int,3,class->block->function->type->name
2,25,rectangle_java2.jpg,rectangle_java2.jpg,8331300592,136,750.1041176470588,557.3758823529412,737.5,549,33,21,int,3,class->block->function->type->name
2,25,rectangle_java2.jpg,rectangle_java2.jpg,8331444605,108,703.9066666666666,566.6318518518518,669.5,549,63,21,public,6,class->block->function->type->specifier
2,25,rectangle_java2.jpg,rectangle_java2.jpg,8331564606,116,706.3979310344828,553.2089655172414,669.5,549,63,21,public,6,class->block->function->type->specifier
2,25,rectangle_java2.jpg,rectangle_java2.jpg,8331880439,284,771.1867605633803,557.3269014084507,775.5,549,62,21,height,6,class->block->function->name
2,25,rectangle_java2.jpg,rectangle_java2.jpg,8332024455,104,833.7334615384616,563.46,775.5,549,62,21,height,6,class->block->function->name
2,25,rectangle_java2.jpg,rectangle_java2.jpg,8332108463,80,848.716,568.8969999999999,846.5,549,10,21,(,1,class->block->function->parameter_list
2,25,rectangle_java2.jpg,rectangle_java2.jpg,8332544530,100,912.3124,573.1516,910.5,585,62,21,return,6,class->block->function->block->block_content->return
2,25,rectangle_java2.jpg,rectangle_java2.jpg,8332692498,108,977.9448148148148,564.6196296296296,968.5,549,70,21,this.y2,7,class->block->function->block->block_content->return->expr->name->name->operator->name
2,25,rectangle_java2.jpg,rectangle_java2.jpg,8332852487,156,988.58,553.4728205128205,968.5,549,70,21,this.y2,7,class->block->function->block->block_content->return->expr->name->name->operator->name
2,25,rectangle_java2.jpg,rectangle_java2.jpg,8333032446,120,984.108,562.2206666666667,968.5,549,70,21,this.y2,7,class->block->function->block->block_content->return->expr->name->name->operator->name
2,25,rectangle_java2.jpg,rectangle_java2.jpg,8333132471,96,994.7908333333334,552.7370833333333,968.5,549,70,21,this.y2,7,class->block->function->block->block_content->return->expr->name->name->operator->name
2,25,rectangle_java2.jpg,rectangle_java2.jpg,8333404477,76,974.0094736842105,529.2368421052631,958.5,512,71,21,this.x2,7,class->block->function->block->block_content->return->expr->name->name->operator->name->operator
2,25,rectangle_java2.jpg,rectangle_java2.jpg,8333480453,72,947.6116666666667,545.2772222222222,900.5,549,63,21,return,6,class->block->function->block->block_content->return
2,25,rectangle_java2.jpg,rectangle_java2.jpg,8333576457,92,932.5521739130435,546.7330434782609,900.5,549,63,21,return,6,class->block->function->block->block_content->return
2,25,rectangle_java2.jpg,rectangle_java2.jpg,8333652433,60,1012.5813333333333,531.0746666666666,958.5,512,71,21,this.x2,7,class->block->function->block->block_content->return->expr->name->name->operator->name->operator
2,25,rectangle_java2.jpg,rectangle_java2.jpg,8333800245,76,1007.3568421052631,547.0821052631579,968.5,549,70,21,this.y2,7,class->block->function->block->block_content->return->expr->name->name->operator->name
2,25,rectangle_java2.jpg,rectangle_java2.jpg,8333900225,96,1016.3366666666667,545.2216666666667,968.5,549,70,21,this.y2,7,class->block->function->block->block_content->return->expr->name->name->operator->name
2,25,rectangle_java2.jpg,rectangle_java2.jpg,8334004324,100,1006.9639999999999,556.2036,968.5,549,70,21,this.y2,7,class->block->function->block->block_content->return->expr->name->name->operator->name
2,25,rectangle_java2.jpg,rectangle_java2.jpg,8334112383,60,1032.79,553.6353333333334,968.5,549,70,21,this.y2,7,class->block->function->block->block_content->return->expr->name->name->operator->name
2,25,rectangle_java2.jpg,rectangle_java2.jpg,8334208369,92,1048.3365217391304,561.8008695652173,1045.5,549,13,21,-,1,class->block->function->block->block_content->return->expr->operator
2,25,rectangle_java2.jpg,rectangle_java2.jpg,8334832324,216,1100.0125925925927,538.5675925925926,1064.5,549,71,21,this.y1,7,class->block->function->block->block_content->return->expr->name->name->operator->name
2,25,rectangle_java2.jpg,rectangle_java2.jpg,8334896316,60,1107.402,545.3026666666667,1064.5,549,71,21,this.y1,7,class->block->function->block->block_content->return->expr->name->name->operator->name
2,25,rectangle_java2.jpg,rectangle_java2.jpg,8334956303,56,1093.7164285714287,540.5128571428571,1064.5,549,71,21,this.y1,7,class->block->function->block->block_content->return->expr->name->name->operator->name
2,25,rectangle_java2.jpg,rectangle_java2.jpg,8335084284,88,1042.0922727272728,540.4922727272727,1045.5,549,13,21,-,1,class->block->function->block->block_content->return->expr->operator
2,25,rectangle_java2.jpg,rectangle_java2.jpg,8335148303,60,1031.7626666666667,541.874,968.5,549,70,21,this.y2,7,class->block->function->block->block_content->return->expr->name->name->operator->name
2,25,rectangle_java2.jpg,rectangle_java2.jpg,8335316348,80,1037.281,531.1325,1035.5,512,13,21,-,1,class->block->function->block->block_content->return->expr->name->name
2,25,rectangle_java2.jpg,rectangle_java2.jpg,8335400359,64,1100.349375,536.948125,1064.5,549,71,21,this.y1,7,class->block->function->block->block_content->return->expr->name->name->operator->name
2,25,rectangle_java2.jpg,rectangle_java2.jpg,8335500367,96,1120.6445833333332,529.1675,1054.5,512,71,21,this.x1,7,class->block->function->block->block_content->return->expr->name->name->operator->name
2,25,rectangle_java2.jpg,rectangle_java2.jpg,8335500367,96,1120.6445833333332,529.1675,1132.5,512,10,21,;,1,class->block->function->block
2,25,rectangle_java2.jpg,rectangle_java2.jpg,8335760294,92,791.6369565217392,536.8686956521739,775.5,549,62,21,height,6,class->block->function->name
2,25,rectangle_java2.jpg,rectangle_java2.jpg,8335888216,124,799.6712903225806,528.9687096774194,775.5,512,53,21,width,5,class->block->function->name
2,25,rectangle_java2.jpg,rectangle_java2.jpg,8335992235,100,781.1392,527.094,775.5,512,53,21,width,5,class->block->function->name
2,25,rectangle_java2.jpg,rectangle_java2.jpg,8336228200,140,1003.0682857142857,536.8357142857143,968.5,549,70,21,this.y2,7,class->block->function->block->block_content->return->expr->name->name->operator->name
2,25,rectangle_java2.jpg,rectangle_java2.jpg,8336596276,56,1093.1457142857143,532.4021428571428,1054.5,512,71,21,this.x1,7,class->block->function->block->block_content->return->expr->name->name->operator->name
2,25,rectangle_java2.jpg,rectangle_java2.jpg,8336704272,104,1092.1784615384615,525.4203846153846,1054.5,512,71,21,this.x1,7,class->block->function->block->block_content->return->expr->name->name->operator->name
2,25,rectangle_java2.jpg,rectangle_java2.jpg,8336776222,68,1102.144705882353,529.7170588235294,1054.5,512,71,21,this.x1,7,class->block->function->block->block_content->return->expr->name->name->operator->name
2,25,rectangle_java2.jpg,rectangle_java2.jpg,8336980176,56,1094.2914285714285,541.4542857142857,1064.5,549,71,21,this.y1,7,class->block->function->block->block_content->return->expr->name->name->operator->name
2,25,rectangle_java2.jpg,rectangle_java2.jpg,8337492215,92,874.5217391304348,530.7617391304348,874.5,512,10,21,{,1,class->block->function->block
2,25,rectangle_java2.jpg,rectangle_java2.jpg,8337704025,136,789.2458823529412,563.089705882353,775.5,549,62,21,height,6,class->block->function->name
2,25,rectangle_java2.jpg,rectangle_java2.jpg,8337776020,68,786.1364705882353,560.179411764706,775.5,549,62,21,height,6,class->block->function->name
2,25,rectangle_java2.jpg,rectangle_java2.jpg,8337856014,76,782.8026315789474,559.7489473684211,775.5,549,62,21,height,6,class->block->function->name
2,25,rectangle_java2.jpg,rectangle_java2.jpg,8338024032,80,791.9594999999999,590.1345,737.5,585,62,21,double,6,class->block->function->type->name
2,25,rectangle_java2.jpg,rectangle_java2.jpg,8338096043,68,786.9752941176471,577.0105882352941,737.5,585,62,21,double,6,class->block->function->type->name
2,25,rectangle_java2.jpg,rectangle_java2.jpg,8338252068,72,785.325,590.3672222222223,737.5,585,62,21,double,6,class->block->function->type->name
2,25,rectangle_java2.jpg,rectangle_java2.jpg,8338324073,68,797.635294117647,577.4770588235294,737.5,585,62,21,double,6,class->block->function->type->name
2,25,rectangle_java2.jpg,rectangle_java2.jpg,8338324073,68,797.635294117647,577.4770588235294,804.5,585,43,21,area,4,class->block->function->name
2,25,rectangle_java2.jpg,rectangle_java2.jpg,8338436071,76,714.7794736842105,574.9915789473685,669.5,585,63,21,public,6,class->block->function->type->specifier
2,25,rectangle_java2.jpg,rectangle_java2.jpg,8338516071,76,711.3684210526316,578.0147368421053,669.5,585,63,21,public,6,class->block->function->type->specifier
2,25,rectangle_java2.jpg,rectangle_java2.jpg,8338596059,76,712.0557894736842,592.3468421052631,669.5,585,63,21,public,6,class->block->function->type->specifier
2,25,rectangle_java2.jpg,rectangle_java2.jpg,8338872079,108,697.2837037037037,566.7211111111111,669.5,549,63,21,public,6,class->block->function->type->specifier
2,25,rectangle_java2.jpg,rectangle_java2.jpg,8339020099,92,703.7047826086956,558.9134782608695,669.5,549,63,21,public,6,class->block->function->type->specifier
2,25,rectangle_java2.jpg,rectangle_java2.jpg,8339188111,60,765.3966666666666,577.1673333333333,737.5,585,62,21,double,6,class->block->function->type->name
2,25,rectangle_java2.jpg,rectangle_java2.jpg,8339276103,84,777.0457142857143,583.4399999999999,737.5,585,62,21,double,6,class->block->function->type->name
2,25,rectangle_java2.jpg,rectangle_java2.jpg,8339360079,80,742.56,586.7155,737.5,585,62,21,double,6,class->block->function->type->name
2,25,rectangle_java2.jpg,rectangle_java2.jpg,8339427998,64,752.70625,592.9925,737.5,585,62,21,double,6,class->block->function->type->name
2,25,rectangle_java2.jpg,rectangle_java2.jpg,8339595879,76,964.0873684210526,592.7942105263157,910.5,585,62,21,return,6,class->block->function->block->block_content->return
2,25,rectangle_java2.jpg,rectangle_java2.jpg,8339671884,72,977.5777777777778,581.2911111111111,977.5,585,101,21,this.width,10,class->block->function->block->block_content->return->expr->call->name->name->operator->name
2,25,rectangle_java2.jpg,rectangle_java2.jpg,8339731902,56,968.2078571428572,581.7178571428572,910.5,585,62,21,return,6,class->block->function->block->block_content->return
2,25,rectangle_java2.jpg,rectangle_java2.jpg,8339731902,56,968.2078571428572,581.7178571428572,977.5,585,101,21,this.width,10,class->block->function->block->block_content->return->expr->call->name->name->operator->name
2,25,rectangle_java2.jpg,rectangle_java2.jpg,8340007936,72,1030.6383333333333,577.9627777777778,977.5,585,101,21,this.width,10,class->block->function->block->block_content->return->expr->call->name->name->operator->name
2,25,rectangle_java2.jpg,rectangle_java2.jpg,8340159911,76,1026.2089473684211,578.8352631578947,977.5,585,101,21,this.width,10,class->block->function->block->block_content->return->expr->call->name->name->operator->name
2,25,rectangle_java2.jpg,rectangle_java2.jpg,8340315919,120,1135.4793333333334,558.887,1064.5,549,71,21,this.y1,7,class->block->function->block->block_content->return->expr->name->name->operator->name
2,25,rectangle_java2.jpg,rectangle_java2.jpg,8340315919,120,1135.4793333333334,558.887,1142.5,549,10,21,;,1,class->block->function->block->block_content->return
2,25,rectangle_java2.jpg,rectangle_java2.jpg,8340427937,108,1136.0425925925927,567.9818518518518,1142.5,549,10,21,;,1,class->block->function->block->block_content->return
2,25,rectangle_java2.jpg,rectangle_java2.jpg,8340527950,56,833.09,587.6728571428572,804.5,585,43,21,area,4,class->block->function->name
2,25,rectangle_java2.jpg,rectangle_java2.jpg,8340759969,60,724.6286666666666,614.1906666666666,669.5,621,63,21,public,6,class->block->function->type->specifier
2,25,rectangle_java2.jpg,rectangle_java2.jpg,8340831979,68,701.7941176470588,608.844705882353,669.5,621,63,21,public,6,class->block->function->type->specifier
2,25,rectangle_java2.jpg,rectangle_java2.jpg,8340907988,72,687.8616666666667,616.8038888888889,669.5,621,63,21,public,6,class->block->function->type->specifier
2,25,rectangle_java2.jpg,rectangle_java2.jpg,8341435892,64,741.824375,620.3325,738.5,621,61,21,static,6,class->block->function->type->specifier
2,25,rectangle_java2.jpg,rectangle_java2.jpg,8341499837,60,758.6833333333333,611.2493333333333,738.5,621,61,21,static,6,class->block->function->type->specifier
2,25,rectangle_java2.jpg,rectangle_java2.jpg,8341647767,104,813.2526923076923,627.8365384615385,804.5,621,44,21,void,4,class->block->function->type->name
2,25,rectangle_java2.jpg,rectangle_java2.jpg,8341739813,60,746.7813333333334,619.866,738.5,621,61,21,static,6,class->block->function->type->specifier
2,25,rectangle_java2.jpg,rectangle_java2.jpg,8341835873,92,722.9704347826087,621.4547826086956,669.5,621,63,21,public,6,class->block->function->type->specifier
2,25,rectangle_java2.jpg,rectangle_java2.jpg,8341919872,80,724.915,630.166,669.5,621,63,21,public,6,class->block->function->type->specifier
2,25,rectangle_java2.jpg,rectangle_java2.jpg,8342115776,104,707.0434615384615,613.5496153846153,669.5,621,63,21,public,6,class->block->function->type->specifier
2,25,rectangle_java2.jpg,rectangle_java2.jpg,8342235783,80,693.7805,617.2445,669.5,621,63,21,public,6,class->block->function->type->specifier
2,25,rectangle_java2.jpg,rectangle_java2.jpg,8342295790,56,676.0857142857143,605.895,669.5,585,63,21,public,6,class->block->function->type->specifier
2,25,rectangle_java2.jpg,rectangle_java2.jpg,8342391798,92,673.6186956521739,603.1226086956522,669.5,585,63,21,public,6,class->block->function->type->specifier
2,25,rectangle_java2.jpg,rectangle_java2.jpg,8342455821,60,685.9613333333333,598.7953333333334,669.5,585,63,21,public,6,class->block->function->type->specifier
2,25,rectangle_java2.jpg,rectangle_java2.jpg,8342667860,152,771.3621052631579,611.4057894736842,738.5,621,61,21,static,6,class->block->function->type->specifier
2,25,rectangle_java2.jpg,rectangle_java2.jpg,8342899816,100,756.506,611.7916,738.5,621,61,21,static,6,class->block->function->type->specifier
2,25,rectangle_java2.jpg,rectangle_java2.jpg,8343099835,196,754.5493877551021,609.6251020408163,738.5,621,61,21,static,6,class->block->function->type->specifier
2,25,rectangle_java2.jpg,rectangle_java2.jpg,8343523570,76,857.4131578947369,616.6747368421053,851.5,621,44,21,main,4,class->block->function->name
2,25,rectangle_java2.jpg,rectangle_java2.jpg,8343587613,60,828.6166666666667,626.4873333333334,804.5,621,44,21,void,4,class->block->function->type->name
2,25,rectangle_java2.jpg,rectangle_java2.jpg,8343803718,212,827.7688679245283,629.168679245283,804.5,621,44,21,void,4,class->block->function->type->name
2,25,rectangle_java2.jpg,rectangle_java2.jpg,8344047735,128,966.716875,636.9865625,920.5,621,62,21,String,6,class->block->function->parameter_list->parameter->decl->type->name->name
2,25,rectangle_java2.jpg,rectangle_java2.jpg,8344131731,56,935.8928571428571,631.9614285714285,920.5,621,62,21,String,6,class->block->function->parameter_list->parameter->decl->type->name->name
2,25,rectangle_java2.jpg,rectangle_java2.jpg,8344191729,56,929.2135714285714,635.5485714285714,920.5,621,62,21,String,6,class->block->function->parameter_list->parameter->decl->type->name->name
2,25,rectangle_java2.jpg,rectangle_java2.jpg,8344307731,112,928.8767857142857,629.3135714285714,920.5,621,62,21,String,6,class->block->function->parameter_list->parameter->decl->type->name->name
2,25,rectangle_java2.jpg,rectangle_java2.jpg,8344491740,120,998.4756666666667,632.1183333333333,990.5,621,10,21,[,1,class->block->function->parameter_list->parameter->decl->type->name->index
2,25,rectangle_java2.jpg,rectangle_java2.jpg,8344491740,120,998.4756666666667,632.1183333333333,1007.5,621,10,21,],1,class->block->function->parameter_list->parameter->decl->type->name->index
2,25,rectangle_java2.jpg,rectangle_java2.jpg,8344587713,92,991.1513043478261,634.53,990.5,621,10,21,[,1,class->block->function->parameter_list->parameter->decl->type->name->index
2,25,rectangle_java2.jpg,rectangle_java2.jpg,8344691690,80,1046.972,619.6265,1025.5,621,42,21,args,4,class->block->function->parameter_list->parameter->decl->name
2,25,rectangle_java2.jpg,rectangle_java2.jpg,8344755691,60,1050.0586666666666,623.64,1025.5,621,42,21,args,4,class->block->function->parameter_list->parameter->decl->name
2,25,rectangle_java2.jpg,rectangle_java2.jpg,8344947701,140,860.0165714285714,623.0951428571428,851.5,621,44,21,main,4,class->block->function->name
2,25,rectangle_java2.jpg,rectangle_java2.jpg,8345087701,100,774.4248,622.2956,738.5,621,61,21,static,6,class->block->function->type->specifier
2,25,rectangle_java2.jpg,rectangle_java2.jpg,8345167688,76,766.5863157894737,619.6357894736842,738.5,621,61,21,static,6,class->block->function->type->specifier
2,25,rectangle_java2.jpg,rectangle_java2.jpg,8345271651,72,809.9405555555555,630.7988888888889,804.5,621,44,21,void,4,class->block->function->type->name
2,25,rectangle_java2.jpg,rectangle_java2.jpg,8345423456,92,801.6239130434783,628.9265217391304,804.5,621,44,21,void,4,class->block->function->type->name
2,25,rectangle_java2.jpg,rectangle_java2.jpg,8345551486,68,1020.1676470588235,611.7141176470589,1025.5,621,42,21,args,4,class->block->function->parameter_list->parameter->decl->name
2,25,rectangle_java2.jpg,rectangle_java2.jpg,8345667608,112,1024.4585714285715,619.9875,1025.5,621,42,21,args,4,class->block->function->parameter_list->parameter->decl->name
2,25,rectangle_java2.jpg,rectangle_java2.jpg,8345883548,108,1051.3107407407408,612.4537037037037,1025.5,621,42,21,args,4,class->block->function->parameter_list->parameter->decl->name
2,25,rectangle_java2.jpg,rectangle_java2.jpg,8345943561,56,1055.7621428571429,618.92,1025.5,621,42,21,args,4,class->block->function->parameter_list->parameter->decl->name
2,25,rectangle_java2.jpg,rectangle_java2.jpg,8346159565,168,1150.520476190476,603.7885714285715,1140.5,585,110,21,this.height,11,class->block->function->block->block_content->return->expr->call->name->name->operator->name
2,25,rectangle_java2.jpg,rectangle_java2.jpg,8346515539,68,1164.7617647058823,595.9047058823529,1140.5,585,110,21,this.height,11,class->block->function->block->block_content->return->expr->call->name->name->operator->name
2,25,rectangle_java2.jpg,rectangle_java2.jpg,8346939579,72,844.0111111111111,634.7133333333334,804.5,621,44,21,void,4,class->block->function->type->name
2,25,rectangle_java2.jpg,rectangle_java2.jpg,8346939579,72,844.0111111111111,634.7133333333334,851.5,621,44,21,main,4,class->block->function->name
2,25,rectangle_java2.jpg,rectangle_java2.jpg,8347131456,116,731.7451724137931,657.2306896551725,730.5,658,91,20,Rectangle,9,class->block->function->block->block_content->decl_stmt->decl->type->name
2,25,rectangle_java2.jpg,rectangle_java2.jpg,8347695464,68,745.7335294117647,657.2464705882353,730.5,658,91,20,Rectangle,9,class->block->function->block->block_content->decl_stmt->decl->type->name
2,25,rectangle_java2.jpg,rectangle_java2.jpg,8347871447,172,752.5855813953489,659.8627906976744,730.5,658,91,20,Rectangle,9,class->block->function->block->block_content->decl_stmt->decl->type->name
2,25,rectangle_java2.jpg,rectangle_java2.jpg,8347943446,68,756.1676470588235,658.9458823529412,730.5,658,91,20,Rectangle,9,class->block->function->block->block_content->decl_stmt->decl->type->name
2,25,rectangle_java2.jpg,rectangle_java2.jpg,8348095440,124,805.6929032258065,661.9209677419354,730.5,658,91,20,Rectangle,9,class->block->function->block->block_content->decl_stmt->decl->type->name
2,25,rectangle_java2.jpg,rectangle_java2.jpg,8348191448,92,814.2608695652174,664.8947826086957,730.5,658,91,20,Rectangle,9,class->block->function->block->block_content->decl_stmt->decl->type->name
2,25,rectangle_java2.jpg,rectangle_java2.jpg,8348191448,92,814.2608695652174,664.8947826086957,826.5,658,52,20,rect1,5,class->block->function->block->block_content->decl_stmt->decl->name
2,25,rectangle_java2.jpg,rectangle_java2.jpg,8348775437,104,952.4342307692308,656.7984615384615,941.5,658,91,20,Rectangle,9,class->block->function->block->block_content->decl_stmt->decl->init->expr->call->name
2,25,rectangle_java2.jpg,rectangle_java2.jpg,8348903462,80,945.658,655.2385,941.5,658,91,20,Rectangle,9,class->block->function->block->block_content->decl_stmt->decl->init->expr->call->name
2,25,rectangle_java2.jpg,rectangle_java2.jpg,8349111413,108,785.6866666666666,692.6914814814814,730.5,694,177,21,System.out.println,18,class->block->function->block->block_content->expr_stmt->expr->call->name->name->operator->name->operator->name
2,25,rectangle_java2.jpg,rectangle_java2.jpg,8349231342,68,752.4888235294118,688.4229411764705,730.5,694,177,21,System.out.println,18,class->block->function->block->block_content->expr_stmt->expr->call->name->name->operator->name->operator->name
2,25,rectangle_java2.jpg,rectangle_java2.jpg,8349467342,80,973.4205,645.9155,941.5,658,91,20,Rectangle,9,class->block->function->block->block_content->decl_stmt->decl->init->expr->call->name
2,25,rectangle_java2.jpg,rectangle_java2.jpg,8349539344,68,982.7311764705883,639.8041176470588,990.5,621,10,21,[,1,class->block->function->parameter_list->parameter->decl->type->name->index
2,25,rectangle_java2.jpg,rectangle_java2.jpg,8349663321,84,1051.7538095238094,641.1557142857143,1025.5,621,42,21,args,4,class->block->function->parameter_list->parameter->decl->name
2,25,rectangle_java2.jpg,rectangle_java2.jpg,8349723320,56,1045.9392857142857,640.5692857142857,1025.5,621,42,21,args,4,class->block->function->parameter_list->parameter->decl->name
2,25,rectangle_java2.jpg,rectangle_java2.jpg,8349935301,56,864.1171428571429,697.8035714285714,730.5,694,177,21,System.out.println,18,class->block->function->block->block_content->expr_stmt->expr->call->name->name->operator->name->operator->name
2,25,rectangle_java2.jpg,rectangle_java2.jpg,8350023287,84,848.6814285714286,701.5628571428572,730.5,694,177,21,System.out.println,18,class->block->function->block->block_content->expr_stmt->expr->call->name->name->operator->name->operator->name
2,25,rectangle_java2.jpg,rectangle_java2.jpg,8350123271,84,761.1266666666667,684.462380952381,730.5,694,177,21,System.out.println,18,class->block->function->block->block_content->expr_stmt->expr->call->name->name->operator->name->operator->name
2,25,rectangle_java2.jpg,rectangle_java2.jpg,8350191268,64,752.18625,690.683125,730.5,694,177,21,System.out.println,18,class->block->function->block->block_content->expr_stmt->expr->call->name->name->operator->name->operator->name
2,25,rectangle_java2.jpg,rectangle_java2.jpg,8350263269,68,738.0164705882353,684.6682352941176,730.5,694,177,21,System.out.println,18,class->block->function->block->block_content->expr_stmt->expr->call->name->name->operator->name->operator->name
2,25,rectangle_java2.jpg,rectangle_java2.jpg,8350475283,208,749.0569230769231,681.8334615384615,730.5,694,177,21,System.out.println,18,class->block->function->block->block_content->expr_stmt->expr->call->name->name->operator->name->operator->name
2,25,rectangle_java2.jpg,rectangle_java2.jpg,8350551292,72,752.7983333333333,673.9744444444444,730.5,658,91,20,Rectangle,9,class->block->function->block->block_content->decl_stmt->decl->type->name
2,25,rectangle_java2.jpg,rectangle_java2.jpg,8350859337,88,851.3504545454546,686.0677272727273,730.5,694,177,21,System.out.println,18,class->block->function->block->block_content->expr_stmt->expr->call->name->name->operator->name->operator->name
2,25,rectangle_java2.jpg,rectangle_java2.jpg,8351179055,84,858.7595238095238,652.0366666666666,826.5,658,52,20,rect1,5,class->block->function->block->block_content->decl_stmt->decl->name
2,25,rectangle_java2.jpg,rectangle_java2.jpg,8351287071,104,849.1334615384616,670.3357692307692,826.5,658,52,20,rect1,5,class->block->function->block->block_content->decl_stmt->decl->name
2,25,rectangle_java2.jpg,rectangle_java2.jpg,8351351116,60,853.8106666666666,676.072,826.5,658,52,20,rect1,5,class->block->function->block->block_content->decl_stmt->decl->name
2,25,rectangle_java2.jpg,rectangle_java2.jpg,8351551180,196,845.824081632653,689.2006122448979,730.5,694,177,21,System.out.println,18,class->block->function->block->block_content->expr_stmt->expr->call->name->name->operator->name->operator->name
2,25,rectangle_java2.jpg,rectangle_java2.jpg,8351683086,128,840.6096875,688.37875,730.5,694,177,21,System.out.println,18,class->block->function->block->block_content->expr_stmt->expr->call->name->name->operator->name->operator->name
2,25,rectangle_java2.jpg,rectangle_java2.jpg,8351855106,128,920.728125,703.4221875,916.5,694,9,21,(,1,class->block->function->block->block_content->expr_stmt->expr->call->argument_list
2,25,rectangle_java2.jpg,rectangle_java2.jpg,8351855106,128,920.728125,703.4221875,932.5,694,100,21,rect1.area,10,class->block->function->block->block_content->expr_stmt->expr->call->argument_list->argument->expr->call->name->name->operator->name
2,25,rectangle_java2.jpg,rectangle_java2.jpg,8352031135,172,929.4993023255814,691.3748837209303,932.5,694,100,21,rect1.area,10,class->block->function->block->block_content->expr_stmt->expr->call->argument_list->argument->expr->call->name->name->operator->name
2,25,rectangle_java2.jpg,rectangle_java2.jpg,8352251203,168,970.1226190476191,683.145,932.5,694,100,21,rect1.area,10,class->block->function->block->block_content->expr_stmt->expr->call->argument_list->argument->expr->call->name->name->operator->name
2,25,rectangle_java2.jpg,rectangle_java2.jpg,8352411186,156,963.3371794871795,681.7494871794872,932.5,694,100,21,rect1.area,10,class->block->function->block->block_content->expr_stmt->expr->call->argument_list->argument->expr->call->name->name->operator->name
2,25,rectangle_java2.jpg,rectangle_java2.jpg,8352543188,80,1122.218,664.1655,1115.5,658,10,20,",",1,class->block->function->block->block_content->decl_stmt->decl->init->expr->call->argument_list
2,25,rectangle_java2.jpg,rectangle_java2.jpg,8352543188,80,1122.218,664.1655,1134.5,658,22,20,10,2,class->block->function->block->block_content->decl_stmt->decl->init->expr->call->argument_list->argument->expr->literal
2,25,rectangle_java2.jpg,rectangle_java2.jpg,8352687190,140,1129.2831428571428,663.6648571428572,1134.5,658,22,20,10,2,class->block->function->block->block_content->decl_stmt->decl->init->expr->call->argument_list->argument->expr->literal
2,25,rectangle_java2.jpg,rectangle_java2.jpg,8352791186,72,1161.115,675.5466666666666,1163.5,658,10,20,",",1,class->block->function->block->block_content->decl_stmt->decl->init->expr->call->argument_list
2,25,rectangle_java2.jpg,rectangle_java2.jpg,8352855196,60,1175.718,662.9553333333333,1182.5,658,22,20,10,2,class->block->function->block->block_content->decl_stmt->decl->init->expr->call->argument_list->argument->expr->literal
2,25,rectangle_java2.jpg,rectangle_java2.jpg,8353011147,92,897.2191304347826,698.6786956521739,730.5,694,177,21,System.out.println,18,class->block->function->block->block_content->expr_stmt->expr->call->name->name->operator->name->operator->name
2,25,rectangle_java2.jpg,rectangle_java2.jpg,8353079096,64,893.335,696.705625,730.5,694,177,21,System.out.println,18,class->block->function->block->block_content->expr_stmt->expr->call->name->name->operator->name->operator->name
2,25,rectangle_java2.jpg,rectangle_java2.jpg,8353203055,84,785.9004761904762,703.1947619047619,730.5,694,177,21,System.out.println,18,class->block->function->block->block_content->expr_stmt->expr->call->name->name->operator->name->operator->name
2,25,rectangle_java2.jpg,rectangle_java2.jpg,8353271044,64,787.49125,695.8362500000001,730.5,694,177,21,System.out.println,18,class->block->function->block->block_content->expr_stmt->expr->call->name->name->operator->name->operator->name
2,25,rectangle_java2.jpg,rectangle_java2.jpg,8353467053,116,834.346551724138,696.6786206896552,730.5,694,177,21,System.out.println,18,class->block->function->block->block_content->expr_stmt->expr->call->name->name->operator->name->operator->name
2,25,rectangle_java2.jpg,rectangle_java2.jpg,8353555023,68,750.58,689.9605882352942,730.5,694,177,21,System.out.println,18,class->block->function->block->block_content->expr_stmt->expr->call->name->name->operator->name->operator->name
2,25,rectangle_java2.jpg,rectangle_java2.jpg,8353695014,136,750.0714705882353,701.1544117647059,730.5,694,177,21,System.out.println,18,class->block->function->block->block_content->expr_stmt->expr->call->name->name->operator->name->operator->name
2,25,rectangle_java2.jpg,rectangle_java2.jpg,8353759044,60,752.914,710.5053333333333,730.5,694,177,21,System.out.println,18,class->block->function->block->block_content->expr_stmt->expr->call->name->name->operator->name->operator->name
2,25,rectangle_java2.jpg,rectangle_java2.jpg,8353823074,60,751.6633333333333,692.2046666666666,730.5,694,177,21,System.out.println,18,class->block->function->block->block_content->expr_stmt->expr->call->name->name->operator->name->operator->name
2,25,rectangle_java2.jpg,rectangle_java2.jpg,8353987104,104,840.6946153846154,701.5134615384616,730.5,694,177,21,System.out.println,18,class->block->function->block->block_content->expr_stmt->expr->call->name->name->operator->name->operator->name
2,25,rectangle_java2.jpg,rectangle_java2.jpg,8354279007,60,893.6313333333334,685.444,730.5,694,177,21,System.out.println,18,class->block->function->block->block_content->expr_stmt->expr->call->name->name->operator->name->operator->name
2,25,rectangle_java2.jpg,rectangle_java2.jpg,8354463005,160,932.10425,696.595,932.5,694,100,21,rect1.area,10,class->block->function->block->block_content->expr_stmt->expr->call->argument_list->argument->expr->call->name->name->operator->name
2,25,rectangle_java2.jpg,rectangle_java2.jpg,8354594998,128,929.5303125,700.0346875,932.5,694,100,21,rect1.area,10,class->block->function->block->block_content->expr_stmt->expr->call->argument_list->argument->expr->call->name->name->operator->name
2,25,rectangle_java2.jpg,rectangle_java2.jpg,8354675000,76,920.8005263157895,701.2694736842105,916.5,694,9,21,(,1,class->block->function->block->block_content->expr_stmt->expr->call->argument_list
2,25,rectangle_java2.jpg,rectangle_java2.jpg,8354675000,76,920.8005263157895,701.2694736842105,932.5,694,100,21,rect1.area,10,class->block->function->block->block_content->expr_stmt->expr->call->argument_list->argument->expr->call->name->name->operator->name
2,25,rectangle_java2.jpg,rectangle_java2.jpg,8354867000,120,987.7456666666667,695.5033333333333,932.5,694,100,21,rect1.area,10,class->block->function->block->block_content->expr_stmt->expr->call->argument_list->argument->expr->call->name->name->operator->name
2,25,rectangle_java2.jpg,rectangle_java2.jpg,8355002761,72,1087.7055555555555,677.6011111111111,1095.5,658,13,20,0,1,class->block->function->block->block_content->decl_stmt->decl->init->expr->call->argument_list->argument->expr->literal
2,25,rectangle_java2.jpg,rectangle_java2.jpg,8355118696,112,1088.0985714285714,674.2846428571429,1095.5,658,13,20,0,1,class->block->function->block->block_content->decl_stmt->decl->init->expr->call->argument_list->argument->expr->literal
2,25,rectangle_java2.jpg,rectangle_java2.jpg,8355254850,132,1086.5648484848484,670.319090909091,1095.5,658,13,20,0,1,class->block->function->block->block_content->decl_stmt->decl->init->expr->call->argument_list->argument->expr->literal
2,25,rectangle_java2.jpg,rectangle_java2.jpg,8355386871,100,1160.4052,663.9716,1163.5,658,10,20,",",1,class->block->function->block->block_content->decl_stmt->decl->init->expr->call->argument_list
2,25,rectangle_java2.jpg,rectangle_java2.jpg,8355526845,136,1162.6558823529413,661.3894117647059,1163.5,658,10,20,",",1,class->block->function->block->block_content->decl_stmt->decl->init->expr->call->argument_list
2,25,rectangle_java2.jpg,rectangle_java2.jpg,8355610824,64,961.069375,696.720625,932.5,694,100,21,rect1.area,10,class->block->function->block->block_content->expr_stmt->expr->call->argument_list->argument->expr->call->name->name->operator->name
2,25,rectangle_java2.jpg,rectangle_java2.jpg,8355894888,280,955.4015714285714,705.3372857142857,932.5,694,100,21,rect1.area,10,class->block->function->block->block_content->expr_stmt->expr->call->argument_list->argument->expr->call->name->name->operator->name
2,25,rectangle_java2.jpg,rectangle_java2.jpg,8355994950,96,938.4258333333333,699.4933333333333,932.5,694,100,21,rect1.area,10,class->block->function->block->block_content->expr_stmt->expr->call->argument_list->argument->expr->call->name->name->operator->name
2,25,rectangle_java2.jpg,rectangle_java2.jpg,8356426887,72,1165.3622222222223,647.6994444444445,1163.5,658,10,20,",",1,class->block->function->block->block_content->decl_stmt->decl->init->expr->call->argument_list
2,25,rectangle_java2.jpg,rectangle_java2.jpg,8356538885,108,1149.6674074074074,661.2185185185185,1134.5,658,22,20,10,2,class->block->function->block->block_content->decl_stmt->decl->init->expr->call->argument_list->argument->expr->literal
2,25,rectangle_java2.jpg,rectangle_java2.jpg,8356670878,128,1145.4471875,671.4175,1134.5,658,22,20,10,2,class->block->function->block->block_content->decl_stmt->decl->init->expr->call->argument_list->argument->expr->literal
2,25,rectangle_java2.jpg,rectangle_java2.jpg,8356802894,92,1109.9273913043478,672.1326086956522,1115.5,658,10,20,",",1,class->block->function->block->block_content->decl_stmt->decl->init->expr->call->argument_list
2,25,rectangle_java2.jpg,rectangle_java2.jpg,8356902892,96,1107.5175,675.89625,1095.5,658,13,20,0,1,class->block->function->block->block_content->decl_stmt->decl->init->expr->call->argument_list->argument->expr->literal
2,25,rectangle_java2.jpg,rectangle_java2.jpg,8356902892,96,1107.5175,675.89625,1115.5,658,10,20,",",1,class->block->function->block->block_content->decl_stmt->decl->init->expr->call->argument_list
2,25,rectangle_java2.jpg,rectangle_java2.jpg,8357218707,124,1088.7745161290322,686.2874193548387,1096.5,694,10,21,;,1,class->block->function->block->block_content->expr_stmt
2,25,rectangle_java2.jpg,rectangle_java2.jpg,8357574794,288,1171.9890277777777,663.6926388888888,1163.5,658,10,20,",",1,class->block->function->block->block_content->decl_stmt->decl->init->expr->call->argument_list
2,25,rectangle_java2.jpg,rectangle_java2.jpg,8357574794,288,1171.9890277777777,663.6926388888888,1182.5,658,22,20,10,2,class->block->function->block->block_content->decl_stmt->decl->init->expr->call->argument_list->argument->expr->literal
2,25,rectangle_java2.jpg,rectangle_java2.jpg,8357934760,236,920.693220338983,676.4683050847458,902.5,658,34,20,new,3,class->block->function->block->block_content->decl_stmt->decl->init->expr->operator
2,25,rectangle_java2.jpg,rectangle_java2.jpg,8358062771,124,920.3064516129032,693.1987096774194,916.5,694,9,21,(,1,class->block->function->block->block_content->expr_stmt->expr->call->argument_list
2,25,rectangle_java2.jpg,rectangle_java2.jpg,8358062771,124,920.3064516129032,693.1987096774194,932.5,694,100,21,rect1.area,10,class->block->function->block->block_content->expr_stmt->expr->call->argument_list->argument->expr->call->name->name->operator->name
2,25,rectangle_java2.jpg,rectangle_java2.jpg,8358254764,188,923.2140425531915,682.2344680851064,916.5,694,9,21,(,1,class->block->function->block->block_content->expr_stmt->expr->call->argument_list
2,25,rectangle_java2.jpg,rectangle_java2.jpg,8358254764,188,923.2140425531915,682.2344680851064,932.5,694,100,21,rect1.area,10,class->block->function->block->block_content->expr_stmt->expr->call->argument_list->argument->expr->call->name->name->operator->name
2,25,rectangle_java2.jpg,rectangle_java2.jpg,8358358751,64,1043.38875,686.958125,1041.5,694,9,21,(,1,class->block->function->block->block_content->expr_stmt->expr->call->argument_list->argument->expr->call->argument_list
2,25,rectangle_java2.jpg,rectangle_java2.jpg,8358554722,76,1120.0205263157895,669.0836842105263,1115.5,658,10,20,",",1,class->block->function->block->block_content->decl_stmt->decl->init->expr->call->argument_list
2,25,rectangle_java2.jpg,rectangle_java2.jpg,8358746675,84,1113.1,669.7309523809524,1115.5,658,10,20,",",1,class->block->function->block->block_content->decl_stmt->decl->init->expr->call->argument_list
2,25,rectangle_java2.jpg,rectangle_java2.jpg,8359014567,64,1094.701875,665.0475,1095.5,658,13,20,0,1,class->block->function->block->block_content->decl_stmt->decl->init->expr->call->argument_list->argument->expr->literal
2,25,rectangle_java2.jpg,rectangle_java2.jpg,8359086618,68,1091.3700000000001,669.7411764705882,1095.5,658,13,20,0,1,class->block->function->block->block_content->decl_stmt->decl->init->expr->call->argument_list->argument->expr->literal
2,25,rectangle_java2.jpg,rectangle_java2.jpg,8359150620,60,1121.832,672.526,1115.5,658,10,20,",",1,class->block->function->block->block_content->decl_stmt->decl->init->expr->call->argument_list
2,25,rectangle_java2.jpg,rectangle_java2.jpg,8359314587,64,1132.6525,669.98375,1134.5,658,22,20,10,2,class->block->function->block->block_content->decl_stmt->decl->init->expr->call->argument_list->argument->expr->literal
2,25,rectangle_java2.jpg,rectangle_java2.jpg,8359506625,92,893.5917391304348,672.4604347826087,883.5,658,15,20,=,1,class->block->function->block->block_content->decl_stmt->decl->init
2,25,rectangle_java2.jpg,rectangle_java2.jpg,8359506625,92,893.5917391304348,672.4604347826087,902.5,658,34,20,new,3,class->block->function->block->block_content->decl_stmt->decl->init->expr->operator
2,25,rectangle_java2.jpg,rectangle_java2.jpg,8359610661,100,886.4724,674.5871999999999,883.5,658,15,20,=,1,class->block->function->block->block_content->decl_stmt->decl->init
2,25,rectangle_java2.jpg,rectangle_java2.jpg,8360370607,76,904.1205263157894,247.87421052631578,881.5,259,23,21,x2,2,class->block->decl_stmt->decl->name
2,25,rectangle_java2.jpg,rectangle_java2.jpg,8360370607,76,904.1205263157894,247.87421052631578,911.5,259,10,21,",",1,class->block->decl_stmt
2,25,rectangle_java2.jpg,rectangle_java2.jpg,8360698652,68,872.1488235294117,251.25823529411764,863.5,259,10,21,",",1,class->block->decl_stmt
2,25,rectangle_java2.jpg,rectangle_java2.jpg,8360698652,68,872.1488235294117,251.25823529411764,881.5,259,23,21,x2,2,class->block->decl_stmt->decl->name
2,25,rectangle_java2.jpg,rectangle_java2.jpg,8360930591,68,926.4258823529411,305.24882352941177,921.5,295,9,21,",",1,class->block->constructor->parameter_list
2,25,rectangle_java2.jpg,rectangle_java2.jpg,8361054610,80,933.855,288.0785,939.5,295,33,21,int,3,class->block->constructor->parameter_list->parameter->decl->type->name
2,25,rectangle_java2.jpg,rectangle_java2.jpg,8361190580,60,756.2453333333333,285.418,737.5,295,91,21,Rectangle,9,class->block->constructor->name
2,25,rectangle_java2.jpg,rectangle_java2.jpg,8361374552,56,779.2107142857143,300.1592857142857,737.5,295,91,21,Rectangle,9,class->block->constructor->name
2,25,rectangle_java2.jpg,rectangle_java2.jpg,8361490515,112,787.7942857142857,302.4403571428571,737.5,295,91,21,Rectangle,9,class->block->constructor->name
2,25,rectangle_java2.jpg,rectangle_java2.jpg,8361650530,104,1161.5023076923076,652.1196153846154,1163.5,658,10,20,",",1,class->block->function->block->block_content->decl_stmt->decl->init->expr->call->argument_list
2,25,rectangle_java2.jpg,rectangle_java2.jpg,8361802544,108,1166.2537037037036,587.5211111111112,1140.5,585,110,21,this.height,11,class->block->function->block->block_content->return->expr->call->name->name->operator->name
2,25,rectangle_java2.jpg,rectangle_java2.jpg,8362038439,64,1135.0625,674.3825,1134.5,658,22,20,10,2,class->block->function->block->block_content->decl_stmt->decl->init->expr->call->argument_list->argument->expr->literal
2,25,rectangle_java2.jpg,rectangle_java2.jpg,8362186456,144,1127.2083333333333,667.285,1134.5,658,22,20,10,2,class->block->function->block->block_content->decl_stmt->decl->init->expr->call->argument_list->argument->expr->literal
2,25,rectangle_java2.jpg,rectangle_java2.jpg,8362630533,104,1017.5115384615384,677.5573076923076,941.5,658,91,20,Rectangle,9,class->block->function->block->block_content->decl_stmt->decl->init->expr->call->name
2,25,rectangle_java2.jpg,rectangle_java2.jpg,8362722437,68,987.5,662.5223529411765,941.5,658,91,20,Rectangle,9,class->block->function->block->block_content->decl_stmt->decl->init->expr->call->name
2,25,rectangle_java2.jpg,rectangle_java2.jpg,8363102375,188,1104.162340425532,668.4785106382978,1095.5,658,13,20,0,1,class->block->function->block->block_content->decl_stmt->decl->init->expr->call->argument_list->argument->expr->literal
2,25,rectangle_java2.jpg,rectangle_java2.jpg,8363102375,188,1104.162340425532,668.4785106382978,1115.5,658,10,20,",",1,class->block->function->block->block_content->decl_stmt->decl->init->expr->call->argument_list
2,25,rectangle_java2.jpg,rectangle_java2.jpg,8363226383,76,1163.2705263157895,665.8526315789474,1163.5,658,10,20,",",1,class->block->function->block->block_content->decl_stmt->decl->init->expr->call->argument_list
2,25,rectangle_java2.jpg,rectangle_java2.jpg,8363322371,92,1166.0960869565217,660.5808695652174,1163.5,658,10,20,",",1,class->block->function->block->block_content->decl_stmt->decl->init->expr->call->argument_list
2,25,rectangle_java2.jpg,rectangle_java2.jpg,8363742338,68,1074.724705882353,313.26823529411763,1063.5,295,23,21,x2,2,class->block->constructor->parameter_list->parameter->decl->type->name
2,25,rectangle_java2.jpg,rectangle_java2.jpg,8363938354,100,1066.5344,315.7704,1063.5,295,23,21,x2,2,class->block->constructor->parameter_list->parameter->decl->type->name
2,25,rectangle_java2.jpg,rectangle_java2.jpg,8364094335,96,1196.9629166666666,649.3545833333334,1182.5,658,22,20,10,2,class->block->function->block->block_content->decl_stmt->decl->init->expr->call->argument_list->argument->expr->literal
2,25,rectangle_java2.jpg,rectangle_java2.jpg,8364226370,88,1187.3868181818182,656.2709090909091,1182.5,658,22,20,10,2,class->block->function->block->block_content->decl_stmt->decl->init->expr->call->argument_list->argument->expr->literal
2,25,rectangle_java2.jpg,rectangle_java2.jpg,8364298381,68,1186.4435294117648,661.7505882352941,1182.5,658,22,20,10,2,class->block->function->block->block_content->decl_stmt->decl->init->expr->call->argument_list->argument->expr->literal
2,25,rectangle_java2.jpg,rectangle_java2.jpg,8364758258,112,988.9775,293.58035714285717,977.5,295,23,21,y1,2,class->block->constructor->parameter_list->parameter->decl->type->name
2,25,rectangle_java2.jpg,rectangle_java2.jpg,8365074294,112,899.9764285714285,305.40464285714285,890.5,295,24,21,x1,2,class->block->constructor->parameter_list->parameter->decl->type->name
2,25,rectangle_java2.jpg,rectangle_java2.jpg,8365146260,68,903.9717647058824,305.96764705882356,890.5,295,24,21,x1,2,class->block->constructor->parameter_list->parameter->decl->type->name
2,25,rectangle_java2.jpg,rectangle_java2.jpg,8365290212,140,896.0368571428571,311.09542857142856,890.5,295,24,21,x1,2,class->block->constructor->parameter_list->parameter->decl->type->name
2,25,rectangle_java2.jpg,rectangle_java2.jpg,8365466273,172,893.3479069767442,310.8425581395349,890.5,295,24,21,x1,2,class->block->constructor->parameter_list->parameter->decl->type->name
2,25,rectangle_java2.jpg,rectangle_java2.jpg,8365650145,120,973.5016666666667,303.382,977.5,295,23,21,y1,2,class->block->constructor->parameter_list->parameter->decl->type->name
2,25,rectangle_java2.jpg,rectangle_java2.jpg,8365722189,68,968.35,295.5105882352941,939.5,295,33,21,int,3,class->block->constructor->parameter_list->parameter->decl->type->name
2,25,rectangle_java2.jpg,rectangle_java2.jpg,8365722189,68,968.35,295.5105882352941,977.5,295,23,21,y1,2,class->block->constructor->parameter_list->parameter->decl->type->name
2,25,rectangle_java2.jpg,rectangle_java2.jpg,8365810299,84,989.5295238095238,298.1928571428571,977.5,295,23,21,y1,2,class->block->constructor->parameter_list->parameter->decl->type->name
2,25,rectangle_java2.jpg,rectangle_java2.jpg,8365874377,60,971.8193333333334,301.354,939.5,295,33,21,int,3,class->block->constructor->parameter_list->parameter->decl->type->name
2,25,rectangle_java2.jpg,rectangle_java2.jpg,8365874377,60,971.8193333333334,301.354,977.5,295,23,21,y1,2,class->block->constructor->parameter_list->parameter->decl->type->name
2,25,rectangle_java2.jpg,rectangle_java2.jpg,8365938354,60,984.6373333333333,300.7253333333333,977.5,295,23,21,y1,2,class->block->constructor->parameter_list->parameter->decl->type->name
2,25,rectangle_java2.jpg,rectangle_java2.jpg,8366226331,104,987.6361538461539,314.5380769230769,977.5,295,23,21,y1,2,class->block->constructor->parameter_list->parameter->decl->type->name
2,25,rectangle_java2.jpg,rectangle_java2.jpg,8366310344,80,1002.104,301.7855,1007.5,295,10,21,",",1,class->block->constructor->parameter_list
2,25,rectangle_java2.jpg,rectangle_java2.jpg,8366638005,116,1130.1693103448276,665.0186206896552,1134.5,658,22,20,10,2,class->block->function->block->block_content->decl_stmt->decl->init->expr->call->argument_list->argument->expr->literal
2,25,rectangle_java2.jpg,rectangle_java2.jpg,8366994190,92,1122.784347826087,669.9865217391305,1115.5,658,10,20,",",1,class->block->function->block->block_content->decl_stmt->decl->init->expr->call->argument_list
2,25,rectangle_java2.jpg,rectangle_java2.jpg,8366994190,92,1122.784347826087,669.9865217391305,1134.5,658,22,20,10,2,class->block->function->block->block_content->decl_stmt->decl->init->expr->call->argument_list->argument->expr->literal
2,25,rectangle_java2.jpg,rectangle_java2.jpg,8367210115,84,1001.067619047619,310.9404761904762,1007.5,295,10,21,",",1,class->block->constructor->parameter_list
2,25,rectangle_java2.jpg,rectangle_java2.jpg,8367366053,68,1010.9717647058824,309.7629411764706,1007.5,295,10,21,",",1,class->block->constructor->parameter_list
2,25,rectangle_java2.jpg,rectangle_java2.jpg,8367838155,84,1078.9490476190476,307.0952380952381,1063.5,295,23,21,x2,2,class->block->constructor->parameter_list->parameter->decl->type->name
2,25,rectangle_java2.jpg,rectangle_java2.jpg,8367934134,92,1068.0260869565218,305.00608695652176,1063.5,295,23,21,x2,2,class->block->constructor->parameter_list->parameter->decl->type->name
2,25,rectangle_java2.jpg,rectangle_java2.jpg,8368070126,76,1002.7663157894737,298.55578947368423,1007.5,295,10,21,",",1,class->block->constructor->parameter_list
2,25,rectangle_java2.jpg,rectangle_java2.jpg,8368150127,76,995.3868421052632,311.0284210526316,977.5,295,23,21,y1,2,class->block->constructor->parameter_list->parameter->decl->type->name
2,25,rectangle_java2.jpg,rectangle_java2.jpg,8368150127,76,995.3868421052632,311.0284210526316,1007.5,295,10,21,",",1,class->block->constructor->parameter_list
2,25,rectangle_java2.jpg,rectangle_java2.jpg,8368422027,176,1072.7229545454545,651.7163636363637,1077.5,658,9,20,",",1,class->block->function->block->block_content->decl_stmt->decl->init->expr->call->argument_list
2,25,rectangle_java2.jpg,rectangle_java2.jpg,8368685991,136,1155.3335294117646,667.4855882352941,1134.5,658,22,20,10,2,class->block->function->block->block_content->decl_stmt->decl->init->expr->call->argument_list->argument->expr->literal
2,25,rectangle_java2.jpg,rectangle_java2.jpg,8368685991,136,1155.3335294117646,667.4855882352941,1163.5,658,10,20,",",1,class->block->function->block->block_content->decl_stmt->decl->init->expr->call->argument_list
2,25,rectangle_java2.jpg,rectangle_java2.jpg,8368814009,88,878.855,713.1790909090909,730.5,694,177,21,System.out.println,18,class->block->function->block->block_content->expr_stmt->expr->call->name->name->operator->name->operator->name
2,25,rectangle_java2.jpg,rectangle_java2.jpg,8368890021,72,874.3055555555555,712.1238888888889,730.5,694,177,21,System.out.println,18,class->block->function->block->block_content->expr_stmt->expr->call->name->name->operator->name->operator->name
2,25,rectangle_java2.jpg,rectangle_java2.jpg,8369434092,84,750.0385714285715,729.4823809523809,730.5,731,91,20,Rectangle,9,class->block->function->block->block_content->decl_stmt->decl->type->name
2,25,rectangle_java2.jpg,rectangle_java2.jpg,8369554128,116,742.5841379310344,720.9251724137931,730.5,731,91,20,Rectangle,9,class->block->function->block->block_content->decl_stmt->decl->type->name
2,25,rectangle_java2.jpg,rectangle_java2.jpg,8369738010,180,736.3417777777778,725.744,730.5,731,91,20,Rectangle,9,class->block->function->block->block_content->decl_stmt->decl->type->name
2,25,rectangle_java2.jpg,rectangle_java2.jpg,8369805982,64,737.36625,726.584375,730.5,731,91,20,Rectangle,9,class->block->function->block->block_content->decl_stmt->decl->type->name
2,25,rectangle_java2.jpg,rectangle_java2.jpg,8369865958,56,769.4642857142857,726.6485714285715,730.5,731,91,20,Rectangle,9,class->block->function->block->block_content->decl_stmt->decl->type->name
2,25,rectangle_java2.jpg,rectangle_java2.jpg,8370025963,156,757.968717948718,729.8048717948718,730.5,731,91,20,Rectangle,9,class->block->function->block->block_content->decl_stmt->decl->type->name
2,25,rectangle_java2.jpg,rectangle_java2.jpg,8370153972,112,825.2442857142858,722.0260714285714,826.5,731,51,20,rect2,5,class->block->function->block->block_content->decl_stmt->decl->name
2,25,rectangle_java2.jpg,rectangle_java2.jpg,8370233999,76,819.9968421052631,725.8921052631579,730.5,731,91,20,Rectangle,9,class->block->function->block->block_content->decl_stmt->decl->type->name
2,25,rectangle_java2.jpg,rectangle_java2.jpg,8370233999,76,819.9968421052631,725.8921052631579,826.5,731,51,20,rect2,5,class->block->function->block->block_content->decl_stmt->decl->name
2,25,rectangle_java2.jpg,rectangle_java2.jpg,8370345983,108,800.6781481481481,723.8296296296296,730.5,731,91,20,Rectangle,9,class->block->function->block->block_content->decl_stmt->decl->type->name
2,25,rectangle_java2.jpg,rectangle_java2.jpg,8370421836,56,836.8921428571429,732.0185714285715,826.5,731,51,20,rect2,5,class->block->function->block->block_content->decl_stmt->decl->name
2,25,rectangle_java2.jpg,rectangle_java2.jpg,8370725770,92,954.51,731.6969565217391,941.5,731,91,20,Rectangle,9,class->block->function->block->block_content->decl_stmt->decl->init->expr->call->name
2,25,rectangle_java2.jpg,rectangle_java2.jpg,8370965814,236,957.1727118644068,725.2289830508474,941.5,731,91,20,Rectangle,9,class->block->function->block->block_content->decl_stmt->decl->init->expr->call->name
2,25,rectangle_java2.jpg,rectangle_java2.jpg,8371069897,100,959.9456,735.7388,941.5,731,91,20,Rectangle,9,class->block->function->block->block_content->decl_stmt->decl->init->expr->call->name
2,25,rectangle_java2.jpg,rectangle_java2.jpg,8371397893,100,997.9947999999999,701.1248,932.5,694,100,21,rect1.area,10,class->block->function->block->block_content->expr_stmt->expr->call->argument_list->argument->expr->call->name->name->operator->name
2,25,rectangle_java2.jpg,rectangle_java2.jpg,8371629874,188,1029.5029787234043,704.7648936170212,932.5,694,100,21,rect1.area,10,class->block->function->block->block_content->expr_stmt->expr->call->argument_list->argument->expr->call->name->name->operator->name
2,25,rectangle_java2.jpg,rectangle_java2.jpg,8371629874,188,1029.5029787234043,704.7648936170212,1041.5,694,9,21,(,1,class->block->function->block->block_content->expr_stmt->expr->call->argument_list->argument->expr->call->argument_list
2,25,rectangle_java2.jpg,rectangle_java2.jpg,8371749876,116,1028.626896551724,710.3575862068966,932.5,694,100,21,rect1.area,10,class->block->function->block->block_content->expr_stmt->expr->call->argument_list->argument->expr->call->name->name->operator->name
2,25,rectangle_java2.jpg,rectangle_java2.jpg,8371957876,72,831.7888888888889,749.5355555555556,826.5,731,51,20,rect2,5,class->block->function->block->block_content->decl_stmt->decl->name
2,25,rectangle_java2.jpg,rectangle_java2.jpg,8372101869,112,1006.3321428571428,725.9117857142858,941.5,731,91,20,Rectangle,9,class->block->function->block->block_content->decl_stmt->decl->init->expr->call->name
2,25,rectangle_java2.jpg,rectangle_java2.jpg,8372369626,76,1016.141052631579,718.6473684210526,941.5,731,91,20,Rectangle,9,class->block->function->block->block_content->decl_stmt->decl->init->expr->call->name
2,25,rectangle_java2.jpg,rectangle_java2.jpg,8372557634,92,815.6565217391304,732.474347826087,730.5,731,91,20,Rectangle,9,class->block->function->block->block_content->decl_stmt->decl->type->name
2,25,rectangle_java2.jpg,rectangle_java2.jpg,8372557634,92,815.6565217391304,732.474347826087,826.5,731,51,20,rect2,5,class->block->function->block->block_content->decl_stmt->decl->name
2,25,rectangle_java2.jpg,rectangle_java2.jpg,8372673709,80,761.1275,743.6985,730.5,731,91,20,Rectangle,9,class->block->function->block->block_content->decl_stmt->decl->type->name
2,25,rectangle_java2.jpg,rectangle_java2.jpg,8372757717,80,775.434,743.186,730.5,731,91,20,Rectangle,9,class->block->function->block->block_content->decl_stmt->decl->type->name
2,25,rectangle_java2.jpg,rectangle_java2.jpg,8372877718,116,768.9696551724138,737.4924137931034,730.5,731,91,20,Rectangle,9,class->block->function->block->block_content->decl_stmt->decl->type->name
2,25,rectangle_java2.jpg,rectangle_java2.jpg,8373041745,68,834.5723529411765,757.4741176470588,730.5,766,177,21,System.out.println,18,class->block->function->block->block_content->expr_stmt->expr->call->name->name->operator->name->operator->name
2,25,rectangle_java2.jpg,rectangle_java2.jpg,8373125716,80,845.317,756.1685,730.5,766,177,21,System.out.println,18,class->block->function->block->block_content->expr_stmt->expr->call->name->name->operator->name->operator->name
2,25,rectangle_java2.jpg,rectangle_java2.jpg,8373593728,160,861.90925,738.62525,826.5,731,51,20,rect2,5,class->block->function->block->block_content->decl_stmt->decl->name
2,25,rectangle_java2.jpg,rectangle_java2.jpg,8373665696,68,859.1117647058824,742.0723529411765,826.5,731,51,20,rect2,5,class->block->function->block->block_content->decl_stmt->decl->name
2,25,rectangle_java2.jpg,rectangle_java2.jpg,8373853606,184,858.51,741.7202173913043,826.5,731,51,20,rect2,5,class->block->function->block->block_content->decl_stmt->decl->name
2,25,rectangle_java2.jpg,rectangle_java2.jpg,8374009644,96,836.7720833333333,713.1208333333334,730.5,694,177,21,System.out.println,18,class->block->function->block->block_content->expr_stmt->expr->call->name->name->operator->name->operator->name
2,25,rectangle_java2.jpg,rectangle_java2.jpg,8374261708,160,874.6265,727.142,826.5,731,51,20,rect2,5,class->block->function->block->block_content->decl_stmt->decl->name
2,25,rectangle_java2.jpg,rectangle_java2.jpg,8374261708,160,874.6265,727.142,883.5,731,15,20,=,1,class->block->function->block->block_content->decl_stmt->decl->init
2,25,rectangle_java2.jpg,rectangle_java2.jpg,8374353595,88,868.69,723.2022727272728,826.5,731,51,20,rect2,5,class->block->function->block->block_content->decl_stmt->decl->name
2,25,rectangle_java2.jpg,rectangle_java2.jpg,8375001650,60,973.5406666666667,695.3913333333334,932.5,694,100,21,rect1.area,10,class->block->function->block->block_content->expr_stmt->expr->call->argument_list->argument->expr->call->name->name->operator->name
2,25,rectangle_java2.jpg,rectangle_java2.jpg,8375397565,140,992.3631428571429,773.8685714285714,932.5,766,100,21,rect2.area,10,class->block->function->block->block_content->expr_stmt->expr->call->argument_list->argument->expr->call->name->name->operator->name
2,25,rectangle_java2.jpg,rectangle_java2.jpg,8375501583,100,996.02,784.3076,932.5,766,100,21,rect2.area,10,class->block->function->block->block_content->expr_stmt->expr->call->argument_list->argument->expr->call->name->name->operator->name
2,25,rectangle_java2.jpg,rectangle_java2.jpg,8375697599,64,1010.44125,710.056875,932.5,694,100,21,rect1.area,10,class->block->function->block->block_content->expr_stmt->expr->call->argument_list->argument->expr->call->name->name->operator->name
2,25,rectangle_java2.jpg,rectangle_java2.jpg,8375833571,76,995.2721052631579,748.4015789473684,941.5,731,91,20,Rectangle,9,class->block->function->block->block_content->decl_stmt->decl->init->expr->call->name
2,25,rectangle_java2.jpg,rectangle_java2.jpg,8375909568,72,988.3838888888889,743.1788888888889,941.5,731,91,20,Rectangle,9,class->block->function->block->block_content->decl_stmt->decl->init->expr->call->name
2,25,rectangle_java2.jpg,rectangle_java2.jpg,8376121512,208,964.4263461538461,756.7636538461538,932.5,766,100,21,rect2.area,10,class->block->function->block->block_content->expr_stmt->expr->call->argument_list->argument->expr->call->name->name->operator->name
2,25,rectangle_java2.jpg,rectangle_java2.jpg,8376357344,68,973.8470588235294,696.704705882353,932.5,694,100,21,rect1.area,10,class->block->function->block->block_content->expr_stmt->expr->call->argument_list->argument->expr->call->name->name->operator->name
2,25,rectangle_java2.jpg,rectangle_java2.jpg,8376549444,80,988.9705,693.0585,932.5,694,100,21,rect1.area,10,class->block->function->block->block_content->expr_stmt->expr->call->argument_list->argument->expr->call->name->name->operator->name
2,25,rectangle_java2.jpg,rectangle_java2.jpg,8376713454,160,973.82075,694.329,932.5,694,100,21,rect1.area,10,class->block->function->block->block_content->expr_stmt->expr->call->argument_list->argument->expr->call->name->name->operator->name
2,25,rectangle_java2.jpg,rectangle_java2.jpg,8377149447,144,819.9288888888889,454.0144444444445,806.5,440,15,21,=,1,class->block->constructor->block->block_content->expr_stmt->expr->operator
2,25,rectangle_java2.jpg,rectangle_java2.jpg,8377149447,144,819.9288888888889,454.0144444444445,826.5,440,23,21,y2,2,class->block->constructor->block->block_content->expr_stmt->expr->name->name
2,25,rectangle_java2.jpg,rectangle_java2.jpg,8377253416,56,758.9214285714286,556.4092857142857,737.5,549,33,21,int,3,class->block->function->type->name
2,25,rectangle_java2.jpg,rectangle_java2.jpg,8377357418,100,741.152,559.762,737.5,549,33,21,int,3,class->block->function->type->name
2,25,rectangle_java2.jpg,rectangle_java2.jpg,8377733483,128,800.8821875,409.05375,730.5,404,71,19,this.x2,7,class->block->constructor->block->block_content->expr_stmt->expr->name->name->operator->name
2,25,rectangle_java2.jpg,rectangle_java2.jpg,8377733483,128,800.8821875,409.05375,806.5,404,15,19,=,1,class->block->constructor->block->block_content->expr_stmt->expr->operator
2,25,rectangle_java2.jpg,rectangle_java2.jpg,8377817521,80,795.2025,419.823,730.5,404,71,19,this.x2,7,class->block->constructor->block->block_content->expr_stmt->expr->name->name->operator->name
2,25,rectangle_java2.jpg,rectangle_java2.jpg,8377817521,80,795.2025,419.823,806.5,404,15,19,=,1,class->block->constructor->block->block_content->expr_stmt->expr->operator
2,25,rectangle_java2.jpg,rectangle_java2.jpg,8377877549,56,793.6192857142858,405.36071428571427,730.5,404,71,19,this.x2,7,class->block->constructor->block->block_content->expr_stmt->expr->name->name->operator->name
2,25,rectangle_java2.jpg,rectangle_java2.jpg,8377957556,76,796.3847368421053,428.0921052631579,730.5,440,71,21,this.y2,7,class->block->constructor->block->block_content->expr_stmt->expr->name->name->operator->name
2,25,rectangle_java2.jpg,rectangle_java2.jpg,8377957556,76,796.3847368421053,428.0921052631579,806.5,440,15,21,=,1,class->block->constructor->block->block_content->expr_stmt->expr->operator
2,25,rectangle_java2.jpg,rectangle_java2.jpg,8378025561,64,798.7325,422.16125,730.5,404,71,19,this.x2,7,class->block->constructor->block->block_content->expr_stmt->expr->name->name->operator->name
2,25,rectangle_java2.jpg,rectangle_java2.jpg,8378025561,64,798.7325,422.16125,806.5,404,15,19,=,1,class->block->constructor->block->block_content->expr_stmt->expr->operator
2,25,rectangle_java2.jpg,rectangle_java2.jpg,8378149497,120,818.8723333333334,427.554,806.5,440,15,21,=,1,class->block->constructor->block->block_content->expr_stmt->expr->operator
2,25,rectangle_java2.jpg,rectangle_java2.jpg,8378149497,120,818.8723333333334,427.554,826.5,440,23,21,y2,2,class->block->constructor->block->block_content->expr_stmt->expr->name->name
2,25,rectangle_java2.jpg,rectangle_java2.jpg,8378261369,68,815.9229411764705,430.04705882352937,806.5,440,15,21,=,1,class->block->constructor->block->block_content->expr_stmt->expr->operator
2,25,rectangle_java2.jpg,rectangle_java2.jpg,8378261369,68,815.9229411764705,430.04705882352937,826.5,440,23,21,y2,2,class->block->constructor->block->block_content->expr_stmt->expr->name->name
2,25,rectangle_java2.jpg,rectangle_java2.jpg,8378517299,116,776.8544827586207,419.7524137931034,730.5,404,71,19,this.x2,7,class->block->constructor->block->block_content->expr_stmt->expr->name->name->operator->name
2,25,rectangle_java2.jpg,rectangle_java2.jpg,8379077388,92,754.3,216.3613043478261,715.5,222,90,21,Rectangle,9,class->name
2,25,rectangle_java2.jpg,rectangle_java2.jpg,8379249362,100,706.5020000000001,585.4312,669.5,585,63,21,public,6,class->block->function->type->specifier
2,25,rectangle_java2.jpg,rectangle_java2.jpg,8379369356,116,707.6555172413794,594.6572413793103,669.5,585,63,21,public,6,class->block->function->type->specifier
2,25,rectangle_java2.jpg,rectangle_java2.jpg,8379497359,92,761.4130434782609,630.5313043478261,738.5,621,61,21,static,6,class->block->function->type->specifier
2,25,rectangle_java2.jpg,rectangle_java2.jpg,8379557359,56,765.0135714285715,646.0092857142857,730.5,658,91,20,Rectangle,9,class->block->function->block->block_content->decl_stmt->decl->type->name
2,25,rectangle_java2.jpg,rectangle_java2.jpg,8379741360,128,757.8753125,614.2703125,738.5,621,61,21,static,6,class->block->function->type->specifier
2,25,rectangle_java2.jpg,rectangle_java2.jpg,8379825357,80,751.5125,618.502,738.5,621,61,21,static,6,class->block->function->type->specifier
2,25,rectangle_java2.jpg,rectangle_java2.jpg,8380249190,112,798.1032142857143,591.2178571428572,737.5,585,62,21,double,6,class->block->function->type->name
2,25,rectangle_java2.jpg,rectangle_java2.jpg,8380249190,112,798.1032142857143,591.2178571428572,804.5,585,43,21,area,4,class->block->function->name
2,25,rectangle_java2.jpg,rectangle_java2.jpg,8380397227,144,803.8052777777777,579.5397222222223,804.5,585,43,21,area,4,class->block->function->name
2,25,rectangle_java2.jpg,rectangle_java2.jpg,8380549238,56,963.9535714285714,586.2557142857142,910.5,585,62,21,return,6,class->block->function->block->block_content->return
2,25,rectangle_java2.jpg,rectangle_java2.jpg,8380669106,60,957.6413333333334,596.9153333333334,910.5,585,62,21,return,6,class->block->function->block->block_content->return
2,25,rectangle_java2.jpg,rectangle_java2.jpg,8380813099,84,797.0157142857142,663.2276190476191,730.5,658,91,20,Rectangle,9,class->block->function->block->block_content->decl_stmt->decl->type->name
2,25,rectangle_java2.jpg,rectangle_java2.jpg,8380873123,56,787.2457142857143,661.1949999999999,730.5,658,91,20,Rectangle,9,class->block->function->block->block_content->decl_stmt->decl->type->name
2,25,rectangle_java2.jpg,rectangle_java2.jpg,8381049172,144,806.8719444444445,625.9872222222223,804.5,621,44,21,void,4,class->block->function->type->name
2,25,rectangle_java2.jpg,rectangle_java2.jpg,8381357219,208,842.9228846153846,659.093076923077,826.5,658,52,20,rect1,5,class->block->function->block->block_content->decl_stmt->decl->name
2,25,rectangle_java2.jpg,rectangle_java2.jpg,8381493216,132,833.1145454545455,658.1393939393939,826.5,658,52,20,rect1,5,class->block->function->block->block_content->decl_stmt->decl->name
2,25,rectangle_java2.jpg,rectangle_java2.jpg,8381653212,112,966.7107142857143,669.525,941.5,658,91,20,Rectangle,9,class->block->function->block->block_content->decl_stmt->decl->init->expr->call->name
2,25,rectangle_java2.jpg,rectangle_java2.jpg,8381741207,84,974.2009523809523,659.5828571428572,941.5,658,91,20,Rectangle,9,class->block->function->block->block_content->decl_stmt->decl->init->expr->call->name
2,25,rectangle_java2.jpg,rectangle_java2.jpg,8381841194,64,796.310625,706.36,730.5,694,177,21,System.out.println,18,class->block->function->block->block_content->expr_stmt->expr->call->name->name->operator->name->operator->name
2,25,rectangle_java2.jpg,rectangle_java2.jpg,8382049067,76,802.9236842105263,712.4921052631579,730.5,694,177,21,System.out.println,18,class->block->function->block->block_content->expr_stmt->expr->call->name->name->operator->name->operator->name
2,25,rectangle_java2.jpg,rectangle_java2.jpg,8382113043,60,768.4853333333333,724.3113333333333,730.5,731,91,20,Rectangle,9,class->block->function->block->block_content->decl_stmt->decl->type->name
2,25,rectangle_java2.jpg,rectangle_java2.jpg,8382249063,132,761.8445454545455,723.2318181818182,730.5,731,91,20,Rectangle,9,class->block->function->block->block_content->decl_stmt->decl->type->name
2,25,rectangle_java2.jpg,rectangle_java2.jpg,8382697116,164,854.9756097560976,721.7773170731707,826.5,731,51,20,rect2,5,class->block->function->block->block_content->decl_stmt->decl->name
2,25,rectangle_java2.jpg,rectangle_java2.jpg,8382813144,60,821.7193333333333,714.1386666666666,730.5,694,177,21,System.out.println,18,class->block->function->block->block_content->expr_stmt->expr->call->name->name->operator->name->operator->name
2,25,rectangle_java2.jpg,rectangle_java2.jpg,8382885132,68,823.9035294117647,720.4876470588235,826.5,731,51,20,rect2,5,class->block->function->block->block_content->decl_stmt->decl->name
2,25,rectangle_java2.jpg,rectangle_java2.jpg,8383073070,184,822.5328260869566,729.9436956521739,826.5,731,51,20,rect2,5,class->block->function->block->block_content->decl_stmt->decl->name
2,25,rectangle_java2.jpg,rectangle_java2.jpg,8383289097,212,845.823962264151,735.3720754716982,826.5,731,51,20,rect2,5,class->block->function->block->block_content->decl_stmt->decl->name
2,25,rectangle_java2.jpg,rectangle_java2.jpg,8383405108,112,849.8310714285715,742.6682142857143,826.5,731,51,20,rect2,5,class->block->function->block->block_content->decl_stmt->decl->name
2,25,rectangle_java2.jpg,rectangle_java2.jpg,8383557091,148,843.9394594594595,730.3137837837838,826.5,731,51,20,rect2,5,class->block->function->block->block_content->decl_stmt->decl->name
2,25,rectangle_java2.jpg,rectangle_java2.jpg,8383689066,128,865.6809375,724.0371875,826.5,731,51,20,rect2,5,class->block->function->block->block_content->decl_stmt->decl->name
2,25,rectangle_java2.jpg,rectangle_java2.jpg,8383753062,60,869.6626666666667,725.3826666666666,826.5,731,51,20,rect2,5,class->block->function->block->block_content->decl_stmt->decl->name
2,25,rectangle_java2.jpg,rectangle_java2.jpg,8383976870,172,971.5346511627907,723.7762790697674,941.5,731,91,20,Rectangle,9,class->block->function->block->block_content->decl_stmt->decl->init->expr->call->name
2,25,rectangle_java2.jpg,rectangle_java2.jpg,8384132826,108,881.8296296296296,711.6966666666667,730.5,694,177,21,System.out.println,18,class->block->function->block->block_content->expr_stmt->expr->call->name->name->operator->name->operator->name
2,25,rectangle_java2.jpg,rectangle_java2.jpg,8384236882,100,872.6572,721.7768,826.5,731,51,20,rect2,5,class->block->function->block->block_content->decl_stmt->decl->name
2,25,rectangle_java2.jpg,rectangle_java2.jpg,8384236882,100,872.6572,721.7768,883.5,731,15,20,=,1,class->block->function->block->block_content->decl_stmt->decl->init
2,25,rectangle_java2.jpg,rectangle_java2.jpg,8384308915,68,881.2376470588235,726.9641176470589,883.5,731,15,20,=,1,class->block->function->block->block_content->decl_stmt->decl->init
2,25,rectangle_java2.jpg,rectangle_java2.jpg,8384376925,64,882.56,714.628125,730.5,694,177,21,System.out.println,18,class->block->function->block->block_content->expr_stmt->expr->call->name->name->operator->name->operator->name
2,25,rectangle_java2.jpg,rectangle_java2.jpg,8384436931,56,870.4542857142857,762.9585714285714,730.5,766,177,21,System.out.println,18,class->block->function->block->block_content->expr_stmt->expr->call->name->name->operator->name->operator->name
2,25,rectangle_java2.jpg,rectangle_java2.jpg,8384608911,168,863.9242857142857,759.4778571428571,730.5,766,177,21,System.out.println,18,class->block->function->block->block_content->expr_stmt->expr->call->name->name->operator->name->operator->name
2,25,rectangle_java2.jpg,rectangle_java2.jpg,8384804894,184,800.4860869565217,774.2230434782608,730.5,766,177,21,System.out.println,18,class->block->function->block->block_content->expr_stmt->expr->call->name->name->operator->name->operator->name
2,25,rectangle_java2.jpg,rectangle_java2.jpg,8384952913,144,835.0775,749.4186111111111,826.5,731,51,20,rect2,5,class->block->function->block->block_content->decl_stmt->decl->name
2,25,rectangle_java2.jpg,rectangle_java2.jpg,8385252947,208,787.1221153846154,758.2432692307692,730.5,766,177,21,System.out.println,18,class->block->function->block->block_content->expr_stmt->expr->call->name->name->operator->name->operator->name
2,25,rectangle_java2.jpg,rectangle_java2.jpg,8385400968,144,781.9241666666667,757.8897222222222,730.5,766,177,21,System.out.println,18,class->block->function->block->block_content->expr_stmt->expr->call->name->name->operator->name->operator->name
2,25,rectangle_java2.jpg,rectangle_java2.jpg,8385536962,84,848.907619047619,758.8228571428572,730.5,766,177,21,System.out.println,18,class->block->function->block->block_content->expr_stmt->expr->call->name->name->operator->name->operator->name
2,25,rectangle_java2.jpg,rectangle_java2.jpg,8385700938,160,848.773,757.39775,730.5,766,177,21,System.out.println,18,class->block->function->block->block_content->expr_stmt->expr->call->name->name->operator->name->operator->name
2,25,rectangle_java2.jpg,rectangle_java2.jpg,8386084799,80,950.9495,744.088,941.5,731,91,20,Rectangle,9,class->block->function->block->block_content->decl_stmt->decl->init->expr->call->name
2,25,rectangle_java2.jpg,rectangle_java2.jpg,8386208777,56,956.1557142857143,743.4278571428571,941.5,731,91,20,Rectangle,9,class->block->function->block->block_content->decl_stmt->decl->init->expr->call->name
2,25,rectangle_java2.jpg,rectangle_java2.jpg,8386304782,92,938.7973913043478,741.3508695652174,941.5,731,91,20,Rectangle,9,class->block->function->block->block_content->decl_stmt->decl->init->expr->call->name
2,25,rectangle_java2.jpg,rectangle_java2.jpg,8386396819,88,932.1095454545455,754.9518181818182,932.5,766,100,21,rect2.area,10,class->block->function->block->block_content->expr_stmt->expr->call->argument_list->argument->expr->call->name->name->operator->name
2,25,rectangle_java2.jpg,rectangle_java2.jpg,8386552903,152,939.6823684210526,761.4465789473684,932.5,766,100,21,rect2.area,10,class->block->function->block->block_content->expr_stmt->expr->call->argument_list->argument->expr->call->name->name->operator->name
2,25,rectangle_java2.jpg,rectangle_java2.jpg,8386680969,92,1160.824347826087,737.3804347826087,1163.5,731,10,20,",",1,class->block->function->block->block_content->decl_stmt->decl->init->expr->call->argument_list
2,25,rectangle_java2.jpg,rectangle_java2.jpg,8386784945,100,1164.4476,740.2528,1163.5,731,10,20,",",1,class->block->function->block->block_content->decl_stmt->decl->init->expr->call->argument_list
2,25,rectangle_java2.jpg,rectangle_java2.jpg,8387192864,336,1118.1583333333333,741.3809523809524,1115.5,731,10,20,",",1,class->block->function->block->block_content->decl_stmt->decl->init->expr->call->argument_list
2,25,rectangle_java2.jpg,rectangle_java2.jpg,8387316839,88,1155.0981818181817,732.345,1134.5,731,22,20,10,2,class->block->function->block->block_content->decl_stmt->decl->init->expr->call->argument_list->argument->expr->literal
2,25,rectangle_java2.jpg,rectangle_java2.jpg,8387316839,88,1155.0981818181817,732.345,1163.5,731,10,20,",",1,class->block->function->block->block_content->decl_stmt->decl->init->expr->call->argument_list
2,25,rectangle_java2.jpg,rectangle_java2.jpg,8387468770,148,1151.9902702702702,726.1027027027027,1134.5,731,22,20,10,2,class->block->function->block->block_content->decl_stmt->decl->init->expr->call->argument_list->argument->expr->literal
2,25,rectangle_java2.jpg,rectangle_java2.jpg,8387468770,148,1151.9902702702702,726.1027027027027,1163.5,731,10,20,",",1,class->block->function->block->block_content->decl_stmt->decl->init->expr->call->argument_list
2,25,rectangle_java2.jpg,rectangle_java2.jpg,8387588798,88,1103.4063636363637,740.2436363636364,1095.5,731,13,20,5,1,class->block->function->block->block_content->decl_stmt->decl->init->expr->call->argument_list->argument->expr->literal
2,25,rectangle_java2.jpg,rectangle_java2.jpg,8387588798,88,1103.4063636363637,740.2436363636364,1115.5,731,10,20,",",1,class->block->function->block->block_content->decl_stmt->decl->init->expr->call->argument_list
2,25,rectangle_java2.jpg,rectangle_java2.jpg,8387808617,216,1107.7424074074074,730.557037037037,1095.5,731,13,20,5,1,class->block->function->block->block_content->decl_stmt->decl->init->expr->call->argument_list->argument->expr->literal
2,25,rectangle_java2.jpg,rectangle_java2.jpg,8387808617,216,1107.7424074074074,730.557037037037,1115.5,731,10,20,",",1,class->block->function->block->block_content->decl_stmt->decl->init->expr->call->argument_list
2,25,rectangle_java2.jpg,rectangle_java2.jpg,8388264687,80,1173.2035,654.135,1163.5,658,10,20,",",1,class->block->function->block->block_content->decl_stmt->decl->init->expr->call->argument_list
2,25,rectangle_java2.jpg,rectangle_java2.jpg,8388264687,80,1173.2035,654.135,1182.5,658,22,20,10,2,class->block->function->block->block_content->decl_stmt->decl->init->expr->call->argument_list->argument->expr->literal
2,25,rectangle_java2.jpg,rectangle_java2.jpg,8388352687,84,1168.9471428571428,663.1495238095238,1163.5,658,10,20,",",1,class->block->function->block->block_content->decl_stmt->decl->init->expr->call->argument_list
2,25,rectangle_java2.jpg,rectangle_java2.jpg,8388556678,84,1115.767619047619,674.0985714285714,1115.5,658,10,20,",",1,class->block->function->block->block_content->decl_stmt->decl->init->expr->call->argument_list
2,25,rectangle_java2.jpg,rectangle_java2.jpg,8388760684,144,1100.4475,690.9083333333333,1096.5,694,10,21,;,1,class->block->function->block->block_content->expr_stmt
2,25,rectangle_java2.jpg,rectangle_java2.jpg,8389412664,152,801.8134210526316,377.2242105263158,806.5,367,15,21,=,1,class->block->constructor->block->block_content->expr_stmt->expr->operator
2,25,rectangle_java2.jpg,rectangle_java2.jpg,8389748642,76,870.58,263.36368421052634,863.5,259,10,21,",",1,class->block->decl_stmt
2,25,rectangle_java2.jpg,rectangle_java2.jpg,8389748642,76,870.58,263.36368421052634,881.5,259,23,21,x2,2,class->block->decl_stmt->decl->name
2,25,rectangle_java2.jpg,rectangle_java2.jpg,8390208560,96,739.6516666666666,211.05333333333334,715.5,222,90,21,Rectangle,9,class->name
2,25,rectangle_java2.jpg,rectangle_java2.jpg,8390380548,72,844.5344444444445,259.64222222222224,833.5,259,23,21,y1,2,class->block->decl_stmt->decl->name
2,25,rectangle_java2.jpg,rectangle_java2.jpg,8390628574,244,853.7834426229508,274.4493442622951,833.5,259,23,21,y1,2,class->block->decl_stmt->decl->name
2,25,rectangle_java2.jpg,rectangle_java2.jpg,8390628574,244,853.7834426229508,274.4493442622951,863.5,259,10,21,",",1,class->block->decl_stmt
2,25,rectangle_java2.jpg,rectangle_java2.jpg,8390848557,216,856.0475925925925,290.4488888888889,853.5,295,32,21,int,3,class->block->constructor->parameter_list->parameter->decl->type->name
2,25,rectangle_java2.jpg,rectangle_java2.jpg,8391584515,116,816.3696551724138,367.5744827586207,806.5,367,15,21,=,1,class->block->constructor->block->block_content->expr_stmt->expr->operator
2,25,rectangle_java2.jpg,rectangle_java2.jpg,8391584515,116,816.3696551724138,367.5744827586207,826.5,367,23,21,y1,2,class->block->constructor->block->block_content->expr_stmt->expr->name->name
2,25,rectangle_java2.jpg,rectangle_java2.jpg,8391728407,140,811.3131428571429,369.22742857142856,806.5,367,15,21,=,1,class->block->constructor->block->block_content->expr_stmt->expr->operator
2,25,rectangle_java2.jpg,rectangle_java2.jpg,8392108452,96,1075.2575,709.6470833333334,1077.5,694,9,21,),1,class->block->function->block->block_content->expr_stmt->expr->call->argument_list
2,25,rectangle_java2.jpg,rectangle_java2.jpg,8392568395,96,923.3016666666666,698.6020833333333,916.5,694,9,21,(,1,class->block->function->block->block_content->expr_stmt->expr->call->argument_list
2,25,rectangle_java2.jpg,rectangle_java2.jpg,8392568395,96,923.3016666666666,698.6020833333333,932.5,694,100,21,rect1.area,10,class->block->function->block->block_content->expr_stmt->expr->call->argument_list->argument->expr->call->name->name->operator->name
2,25,rectangle_java2.jpg,rectangle_java2.jpg,8392736420,164,919.0739024390244,703.9168292682926,916.5,694,9,21,(,1,class->block->function->block->block_content->expr_stmt->expr->call->argument_list
2,25,rectangle_java2.jpg,rectangle_java2.jpg,8392904404,120,994.885,733.9863333333333,941.5,731,91,20,Rectangle,9,class->block->function->block->block_content->decl_stmt->decl->init->expr->call->name
2,25,rectangle_java2.jpg,rectangle_java2.jpg,8394862468,76,1004.4947368421052,632.1915789473684,1007.5,621,10,21,],1,class->block->function->parameter_list->parameter->decl->type->name->index
2,25,rectangle_java2.jpg,rectangle_java2.jpg,8395027156,72,1004.7966666666666,650.6438888888889,941.5,658,91,20,Rectangle,9,class->block->function->block->block_content->decl_stmt->decl->init->expr->call->name
2,25,rectangle_java2.jpg,rectangle_java2.jpg,8395170839,108,1007.9122222222222,647.0414814814815,941.5,658,91,20,Rectangle,9,class->block->function->block->block_content->decl_stmt->decl->init->expr->call->name
2,25,rectangle_java2.jpg,rectangle_java2.jpg,8395378595,168,953.1595238095238,727.7740476190477,941.5,731,91,20,Rectangle,9,class->block->function->block->block_content->decl_stmt->decl->init->expr->call->name
2,25,rectangle_java2.jpg,rectangle_java2.jpg,8395478584,96,956.32125,719.94625,941.5,731,91,20,Rectangle,9,class->block->function->block->block_content->decl_stmt->decl->init->expr->call->name
2,25,rectangle_java2.jpg,rectangle_java2.jpg,8395570590,60,1047.6266666666668,730.7393333333333,1041.5,731,9,20,(,1,class->block->function->block->block_content->decl_stmt->decl->init->expr->call->argument_list
2,25,rectangle_java2.jpg,rectangle_java2.jpg,8395570590,60,1047.6266666666668,730.7393333333333,1057.5,731,13,20,5,1,class->block->function->block->block_content->decl_stmt->decl->init->expr->call->argument_list->argument->expr->literal
2,25,rectangle_java2.jpg,rectangle_java2.jpg,8395642609,68,1053.144117647059,727.6188235294118,1057.5,731,13,20,5,1,class->block->function->block->block_content->decl_stmt->decl->init->expr->call->argument_list->argument->expr->literal
2,25,rectangle_java2.jpg,rectangle_java2.jpg,8395898572,96,911.9066666666666,530.3245833333333,891.5,512,62,21,return,6,class->block->function->block->block_content->return->expr->name->name
2,25,rectangle_java2.jpg,rectangle_java2.jpg,8396154280,252,912.0590476190476,524.425873015873,891.5,512,62,21,return,6,class->block->function->block->block_content->return->expr->name->name
2,25,rectangle_java2.jpg,rectangle_java2.jpg,8396546455,156,834.6802564102564,378.9407692307692,826.5,367,23,21,y1,2,class->block->constructor->block->block_content->expr_stmt->expr->name->name
2,25,rectangle_java2.jpg,rectangle_java2.jpg,8396722353,172,829.1220930232558,379.6506976744186,826.5,367,23,21,y1,2,class->block->constructor->block->block_content->expr_stmt->expr->name->name
2,25,rectangle_java2.jpg,rectangle_java2.jpg,8396962362,144,964.1291666666667,558.0061111111111,968.5,549,70,21,this.y2,7,class->block->function->block->block_content->return->expr->name->name->operator->name
2,25,rectangle_java2.jpg,rectangle_java2.jpg,8397146393,100,820.5952,404.9852,806.5,404,15,19,=,1,class->block->constructor->block->block_content->expr_stmt->expr->operator
2,25,rectangle_java2.jpg,rectangle_java2.jpg,8397146393,100,820.5952,404.9852,826.5,404,23,19,x2,2,class->block->constructor->block->block_content->expr_stmt->expr->name->name
2,25,rectangle_java2.jpg,rectangle_java2.jpg,8397326503,84,970.5666666666667,309.7047619047619,939.5,295,33,21,int,3,class->block->constructor->parameter_list->parameter->decl->type->name
2,25,rectangle_java2.jpg,rectangle_java2.jpg,8397326503,84,970.5666666666667,309.7047619047619,977.5,295,23,21,y1,2,class->block->constructor->parameter_list->parameter->decl->type->name
2,25,rectangle_java2.jpg,rectangle_java2.jpg,8397566418,104,959.9442307692308,313.00307692307695,939.5,295,33,21,int,3,class->block->constructor->parameter_list->parameter->decl->type->name
