trial,participant,code_file,code_language,timestamp,duration,x_cord,y_cord,aoi_x,aoi_y,aoi_width,aoi_height,token,length,srcML
2,44,rectangle_java2.jpg,rectangle_java2.jpg,2816027321,120,779.1153333333333,209.73699999999997,715.5,222,90,21,Rectangle,9,class->name
2,44,rectangle_java2.jpg,rectangle_java2.jpg,2816343447,72,754.0855555555556,211.8227777777778,715.5,222,90,21,Rectangle,9,class->name
2,44,rectangle_java2.jpg,rectangle_java2.jpg,2816507440,160,768.91375,213.29325,715.5,222,90,21,Rectangle,9,class->name
2,44,rectangle_java2.jpg,rectangle_java2.jpg,2817087193,240,788.559,214.188,715.5,222,90,21,Rectangle,9,class->name
2,44,rectangle_java2.jpg,rectangle_java2.jpg,2817763219,156,791.1966666666667,248.89820512820512,785.5,259,23,21,x1,2,class->block->decl_stmt->decl->name
2,44,rectangle_java2.jpg,rectangle_java2.jpg,2817999210,128,736.8784375,256.7571875,669.5,259,72,21,private,7,class->block->decl_stmt->decl->type->specifier
2,44,rectangle_java2.jpg,rectangle_java2.jpg,2817999210,128,736.8784375,256.7571875,747.5,259,33,21,int,3,class->block->decl_stmt->decl->type->name
2,44,rectangle_java2.jpg,rectangle_java2.jpg,2818135197,132,731.7718181818182,248.9566666666667,669.5,259,72,21,private,7,class->block->decl_stmt->decl->type->specifier
2,44,rectangle_java2.jpg,rectangle_java2.jpg,2818623008,76,818.6868421052632,279.4378947368421,815.5,259,10,21,",",1,class->block->decl_stmt
2,44,rectangle_java2.jpg,rectangle_java2.jpg,2818875026,56,885.0185714285715,268.27,881.5,259,23,21,x2,2,class->block->decl_stmt->decl->name
2,44,rectangle_java2.jpg,rectangle_java2.jpg,2819067091,188,888.9782978723405,284.9897872340426,890.5,295,24,21,x1,2,class->block->constructor->parameter_list->parameter->decl->type->name
2,44,rectangle_java2.jpg,rectangle_java2.jpg,2819131107,60,869.568,287.788,853.5,295,32,21,int,3,class->block->constructor->parameter_list->parameter->decl->type->name
2,44,rectangle_java2.jpg,rectangle_java2.jpg,2819199106,64,865.1475,291.290625,853.5,295,32,21,int,3,class->block->constructor->parameter_list->parameter->decl->type->name
2,44,rectangle_java2.jpg,rectangle_java2.jpg,2819263104,60,865.36,282.7046666666667,853.5,295,32,21,int,3,class->block->constructor->parameter_list->parameter->decl->type->name
2,44,rectangle_java2.jpg,rectangle_java2.jpg,2819383100,64,846.460625,291.575,837.5,295,9,21,(,1,class->block->constructor->parameter_list
2,44,rectangle_java2.jpg,rectangle_java2.jpg,2819383100,64,846.460625,291.575,853.5,295,32,21,int,3,class->block->constructor->parameter_list->parameter->decl->type->name
2,44,rectangle_java2.jpg,rectangle_java2.jpg,2819499096,112,846.1314285714286,289.9614285714286,837.5,295,9,21,(,1,class->block->constructor->parameter_list
2,44,rectangle_java2.jpg,rectangle_java2.jpg,2819499096,112,846.1314285714286,289.9614285714286,853.5,295,32,21,int,3,class->block->constructor->parameter_list->parameter->decl->type->name
2,44,rectangle_java2.jpg,rectangle_java2.jpg,2819563084,60,849.6706666666666,295.326,853.5,295,32,21,int,3,class->block->constructor->parameter_list->parameter->decl->type->name
2,44,rectangle_java2.jpg,rectangle_java2.jpg,2819695059,96,830.43125,331.53208333333333,826.5,331,23,19,x1,2,class->block->constructor->block->block_content->expr_stmt->expr->name->name
2,44,rectangle_java2.jpg,rectangle_java2.jpg,2819799061,60,841.49,335.40133333333335,826.5,331,23,19,x1,2,class->block->constructor->block->block_content->expr_stmt->expr->name->name
2,44,rectangle_java2.jpg,rectangle_java2.jpg,2820051086,112,849.5014285714286,374.42785714285714,856.5,367,10,21,;,1,class->block->constructor->block->block_content->expr_stmt
2,44,rectangle_java2.jpg,rectangle_java2.jpg,2820227114,172,847.2467441860465,385.0141860465116,826.5,367,23,21,y1,2,class->block->constructor->block->block_content->expr_stmt->expr->name->name
2,44,rectangle_java2.jpg,rectangle_java2.jpg,2820227114,172,847.2467441860465,385.0141860465116,856.5,367,10,21,;,1,class->block->constructor->block->block_content->expr_stmt
2,44,rectangle_java2.jpg,rectangle_java2.jpg,2820303126,72,846.2494444444444,366.95222222222225,826.5,367,23,21,y1,2,class->block->constructor->block->block_content->expr_stmt->expr->name->name
2,44,rectangle_java2.jpg,rectangle_java2.jpg,2820303126,72,846.2494444444444,366.95222222222225,856.5,367,10,21,;,1,class->block->constructor->block->block_content->expr_stmt
2,44,rectangle_java2.jpg,rectangle_java2.jpg,2820462967,76,845.1178947368421,399.8263157894737,826.5,404,23,19,x2,2,class->block->constructor->block->block_content->expr_stmt->expr->name->name
2,44,rectangle_java2.jpg,rectangle_java2.jpg,2820462967,76,845.1178947368421,399.8263157894737,856.5,404,10,19,;,1,class->block->constructor->block->block_content->expr_stmt
2,44,rectangle_java2.jpg,rectangle_java2.jpg,2820526924,60,860.7386666666666,380.294,856.5,367,10,21,;,1,class->block->constructor->block->block_content->expr_stmt
2,44,rectangle_java2.jpg,rectangle_java2.jpg,2820698948,92,862.6256521739131,355.7026086956522,856.5,367,10,21,;,1,class->block->constructor->block->block_content->expr_stmt
2,44,rectangle_java2.jpg,rectangle_java2.jpg,2820766941,64,848.619375,365.09749999999997,826.5,367,23,21,y1,2,class->block->constructor->block->block_content->expr_stmt->expr->name->name
2,44,rectangle_java2.jpg,rectangle_java2.jpg,2820766941,64,848.619375,365.09749999999997,856.5,367,10,21,;,1,class->block->constructor->block->block_content->expr_stmt
2,44,rectangle_java2.jpg,rectangle_java2.jpg,2820866929,56,856.8021428571428,356.07428571428574,856.5,367,10,21,;,1,class->block->constructor->block->block_content->expr_stmt
2,44,rectangle_java2.jpg,rectangle_java2.jpg,2821026956,64,834.838125,408.745,826.5,404,23,19,x2,2,class->block->constructor->block->block_content->expr_stmt->expr->name->name
2,44,rectangle_java2.jpg,rectangle_java2.jpg,2821118980,88,828.9322727272727,422.9640909090908,826.5,404,23,19,x2,2,class->block->constructor->block->block_content->expr_stmt->expr->name->name
2,44,rectangle_java2.jpg,rectangle_java2.jpg,2821738874,88,826.0263636363636,507.43409090909086,775.5,512,53,21,width,5,class->block->function->name
2,44,rectangle_java2.jpg,rectangle_java2.jpg,2821738874,88,826.0263636363636,507.43409090909086,837.5,512,9,21,(,1,class->block->function->parameter_list
2,44,rectangle_java2.jpg,rectangle_java2.jpg,2821830910,56,821.1735714285714,522.0935714285714,775.5,512,53,21,width,5,class->block->function->name
2,44,rectangle_java2.jpg,rectangle_java2.jpg,2821922941,56,806.34,524.9378571428572,775.5,512,53,21,width,5,class->block->function->name
2,44,rectangle_java2.jpg,rectangle_java2.jpg,2822006980,80,819.511,531.342,775.5,512,53,21,width,5,class->block->function->name
2,44,rectangle_java2.jpg,rectangle_java2.jpg,2822071017,60,810.372,516.1206666666667,775.5,512,53,21,width,5,class->block->function->name
2,44,rectangle_java2.jpg,rectangle_java2.jpg,2822238926,164,793.9612195121952,523.3758536585366,775.5,512,53,21,width,5,class->block->function->name
2,44,rectangle_java2.jpg,rectangle_java2.jpg,2822374852,80,767.5645,509.639,737.5,512,33,21,int,3,class->block->function->type->name
2,44,rectangle_java2.jpg,rectangle_java2.jpg,2822374852,80,767.5645,509.639,775.5,512,53,21,width,5,class->block->function->name
2,44,rectangle_java2.jpg,rectangle_java2.jpg,2822510831,76,739.2436842105263,513.0757894736842,737.5,512,33,21,int,3,class->block->function->type->name
2,44,rectangle_java2.jpg,rectangle_java2.jpg,2822622859,108,739.2251851851852,532.43,737.5,512,33,21,int,3,class->block->function->type->name
2,44,rectangle_java2.jpg,rectangle_java2.jpg,2822706882,80,735.1320000000001,539.813,737.5,549,33,21,int,3,class->block->function->type->name
2,44,rectangle_java2.jpg,rectangle_java2.jpg,2822862845,128,795.9175,523.605,775.5,512,53,21,width,5,class->block->function->name
2,44,rectangle_java2.jpg,rectangle_java2.jpg,2823022826,132,838.9357575757575,524.4342424242424,837.5,512,9,21,(,1,class->block->function->parameter_list
2,44,rectangle_java2.jpg,rectangle_java2.jpg,2823158823,132,841.010303030303,511.540303030303,837.5,512,9,21,(,1,class->block->function->parameter_list
2,44,rectangle_java2.jpg,rectangle_java2.jpg,2823306795,84,878.0957142857143,551.0904761904762,883.5,549,10,21,{,1,class->block->function->block
2,44,rectangle_java2.jpg,rectangle_java2.jpg,2823450813,140,868.3334285714286,536.8891428571428,863.5,549,9,21,),1,class->block->function->parameter_list
2,44,rectangle_java2.jpg,rectangle_java2.jpg,2823554825,100,866.83,560.8712,863.5,549,9,21,),1,class->block->function->parameter_list
2,44,rectangle_java2.jpg,rectangle_java2.jpg,2823842810,60,866.574,517.9486666666667,874.5,512,10,21,{,1,class->block->function->block
2,44,rectangle_java2.jpg,rectangle_java2.jpg,2823990786,96,862.4449999999999,551.2979166666667,863.5,549,9,21,),1,class->block->function->parameter_list
2,44,rectangle_java2.jpg,rectangle_java2.jpg,2824338531,208,935.1153846153846,573.0411538461539,910.5,585,62,21,return,6,class->block->function->block->block_content->return
2,44,rectangle_java2.jpg,rectangle_java2.jpg,2824570624,76,1004.1652631578947,559.8805263157894,968.5,549,70,21,this.y2,7,class->block->function->block->block_content->return->expr->name->name->operator->name
2,44,rectangle_java2.jpg,rectangle_java2.jpg,2824846631,172,1064.4458139534884,551.6011627906977,1064.5,549,71,21,this.y1,7,class->block->function->block->block_content->return->expr->name->name->operator->name
2,44,rectangle_java2.jpg,rectangle_java2.jpg,2825154658,124,1041.9245161290323,555.3677419354839,1045.5,549,13,21,-,1,class->block->function->block->block_content->return->expr->operator
2,44,rectangle_java2.jpg,rectangle_java2.jpg,2825306638,96,1076.2408333333333,557.5279166666667,1064.5,549,71,21,this.y1,7,class->block->function->block->block_content->return->expr->name->name->operator->name
2,44,rectangle_java2.jpg,rectangle_java2.jpg,2825406623,56,1094.6335714285715,528.3135714285714,1054.5,512,71,21,this.x1,7,class->block->function->block->block_content->return->expr->name->name->operator->name
2,44,rectangle_java2.jpg,rectangle_java2.jpg,2825590644,96,1061.5566666666666,537.7479166666667,1064.5,549,71,21,this.y1,7,class->block->function->block->block_content->return->expr->name->name->operator->name
2,44,rectangle_java2.jpg,rectangle_java2.jpg,2825898698,112,854.8510714285715,542.97,846.5,549,10,21,(,1,class->block->function->parameter_list
2,44,rectangle_java2.jpg,rectangle_java2.jpg,2825898698,112,854.8510714285715,542.97,863.5,549,9,21,),1,class->block->function->parameter_list
2,44,rectangle_java2.jpg,rectangle_java2.jpg,2825982669,80,852.8299999999999,554.174,846.5,549,10,21,(,1,class->block->function->parameter_list
2,44,rectangle_java2.jpg,rectangle_java2.jpg,2825982669,80,852.8299999999999,554.174,863.5,549,9,21,),1,class->block->function->parameter_list
2,44,rectangle_java2.jpg,rectangle_java2.jpg,2826118599,76,795.4457894736842,552.7473684210527,775.5,549,62,21,height,6,class->block->function->name
2,44,rectangle_java2.jpg,rectangle_java2.jpg,2826178596,56,799.5264285714286,559.4171428571428,775.5,549,62,21,height,6,class->block->function->name
2,44,rectangle_java2.jpg,rectangle_java2.jpg,2826290571,108,803.6081481481482,553.7896296296296,775.5,549,62,21,height,6,class->block->function->name
2,44,rectangle_java2.jpg,rectangle_java2.jpg,2826386546,92,887.2930434782609,555.5295652173913,883.5,549,10,21,{,1,class->block->function->block
2,44,rectangle_java2.jpg,rectangle_java2.jpg,2826458528,68,878.5364705882353,548.075294117647,883.5,549,10,21,{,1,class->block->function->block
2,44,rectangle_java2.jpg,rectangle_java2.jpg,2826762550,56,1043.2664285714286,544.6464285714286,1045.5,549,13,21,-,1,class->block->function->block->block_content->return->expr->operator
2,44,rectangle_java2.jpg,rectangle_java2.jpg,2827034558,112,1052.4825,569.5182142857143,1045.5,549,13,21,-,1,class->block->function->block->block_content->return->expr->operator
2,44,rectangle_java2.jpg,rectangle_java2.jpg,2827034558,112,1052.4825,569.5182142857143,1064.5,549,71,21,this.y1,7,class->block->function->block->block_content->return->expr->name->name->operator->name
2,44,rectangle_java2.jpg,rectangle_java2.jpg,2827114559,76,1056.7905263157895,550.062105263158,1045.5,549,13,21,-,1,class->block->function->block->block_content->return->expr->operator
2,44,rectangle_java2.jpg,rectangle_java2.jpg,2827114559,76,1056.7905263157895,550.062105263158,1064.5,549,71,21,this.y1,7,class->block->function->block->block_content->return->expr->name->name->operator->name
2,44,rectangle_java2.jpg,rectangle_java2.jpg,2827230568,112,1068.392142857143,545.4489285714286,1064.5,549,71,21,this.y1,7,class->block->function->block->block_content->return->expr->name->name->operator->name
2,44,rectangle_java2.jpg,rectangle_java2.jpg,2827306571,72,1079.7711111111112,550.5366666666666,1064.5,549,71,21,this.y1,7,class->block->function->block->block_content->return->expr->name->name->operator->name
2,44,rectangle_java2.jpg,rectangle_java2.jpg,2828230301,64,745.488125,216.8125,715.5,222,90,21,Rectangle,9,class->name
2,44,rectangle_java2.jpg,rectangle_java2.jpg,2828418346,144,835.9005555555556,340.00555555555553,826.5,331,23,19,x1,2,class->block->constructor->block->block_content->expr_stmt->expr->name->name
2,44,rectangle_java2.jpg,rectangle_java2.jpg,2828846395,148,1148.4513513513514,521.7402702702702,1152.5,512,10,21,},1,class->block
2,44,rectangle_java2.jpg,rectangle_java2.jpg,2829058444,120,1148.0443333333333,550.3726666666666,1142.5,549,10,21,;,1,class->block->function->block->block_content->return
2,44,rectangle_java2.jpg,rectangle_java2.jpg,2829142448,80,1148.4735,540.171,1142.5,549,10,21,;,1,class->block->function->block->block_content->return
2,44,rectangle_java2.jpg,rectangle_java2.jpg,2829354421,168,1125.2185714285713,554.994761904762,1064.5,549,71,21,this.y1,7,class->block->function->block->block_content->return->expr->name->name->operator->name
2,44,rectangle_java2.jpg,rectangle_java2.jpg,2829494428,136,1130.733823529412,553.4611764705883,1064.5,549,71,21,this.y1,7,class->block->function->block->block_content->return->expr->name->name->operator->name
2,44,rectangle_java2.jpg,rectangle_java2.jpg,2829494428,136,1130.733823529412,553.4611764705883,1142.5,549,10,21,;,1,class->block->function->block->block_content->return
2,44,rectangle_java2.jpg,rectangle_java2.jpg,2829858169,236,1075.5684745762712,545.5115254237288,1064.5,549,71,21,this.y1,7,class->block->function->block->block_content->return->expr->name->name->operator->name
2,44,rectangle_java2.jpg,rectangle_java2.jpg,2830058259,120,1004.6236666666666,518.562,958.5,512,71,21,this.x2,7,class->block->function->block->block_content->return->expr->name->name->operator->name->operator
2,44,rectangle_java2.jpg,rectangle_java2.jpg,2830134300,72,1006.7877777777778,542.8094444444445,968.5,549,70,21,this.y2,7,class->block->function->block->block_content->return->expr->name->name->operator->name
2,44,rectangle_java2.jpg,rectangle_java2.jpg,2830262271,68,946.5994117647059,517.205294117647,891.5,512,62,21,return,6,class->block->function->block->block_content->return->expr->name->name
2,44,rectangle_java2.jpg,rectangle_java2.jpg,2830262271,68,946.5994117647059,517.205294117647,958.5,512,71,21,this.x2,7,class->block->function->block->block_content->return->expr->name->name->operator->name->operator
2,44,rectangle_java2.jpg,rectangle_java2.jpg,2830606350,84,744.2652380952381,528.427619047619,737.5,512,33,21,int,3,class->block->function->type->name
2,44,rectangle_java2.jpg,rectangle_java2.jpg,2830850385,140,1129.6871428571428,544.8205714285714,1064.5,549,71,21,this.y1,7,class->block->function->block->block_content->return->expr->name->name->operator->name
2,44,rectangle_java2.jpg,rectangle_java2.jpg,2830974361,120,1134.3836666666666,554.7913333333333,1064.5,549,71,21,this.y1,7,class->block->function->block->block_content->return->expr->name->name->operator->name
2,44,rectangle_java2.jpg,rectangle_java2.jpg,2830974361,120,1134.3836666666666,554.7913333333333,1142.5,549,10,21,;,1,class->block->function->block->block_content->return
2,44,rectangle_java2.jpg,rectangle_java2.jpg,2831202305,224,1125.2164285714287,553.7848214285714,1064.5,549,71,21,this.y1,7,class->block->function->block->block_content->return->expr->name->name->operator->name
2,44,rectangle_java2.jpg,rectangle_java2.jpg,2831262307,56,1136.9978571428571,551.6535714285715,1142.5,549,10,21,;,1,class->block->function->block->block_content->return
2,44,rectangle_java2.jpg,rectangle_java2.jpg,2831350309,84,1128.2361904761906,549.8261904761905,1064.5,549,71,21,this.y1,7,class->block->function->block->block_content->return->expr->name->name->operator->name
2,44,rectangle_java2.jpg,rectangle_java2.jpg,2831666348,140,1120.6508571428571,568.7225714285714,1064.5,549,71,21,this.y1,7,class->block->function->block->block_content->return->expr->name->name->operator->name
2,44,rectangle_java2.jpg,rectangle_java2.jpg,2831874171,204,1136.4158823529413,573.9211764705882,1140.5,585,110,21,this.height,11,class->block->function->block->block_content->return->expr->call->name->name->operator->name
2,44,rectangle_java2.jpg,rectangle_java2.jpg,2832430168,76,1150.7247368421054,550.2742105263158,1142.5,549,10,21,;,1,class->block->function->block->block_content->return
2,44,rectangle_java2.jpg,rectangle_java2.jpg,2832430168,76,1150.7247368421054,550.2742105263158,1161.5,549,10,21,},1,class->block->function->block
2,44,rectangle_java2.jpg,rectangle_java2.jpg,2832514181,80,1168.3425,554.258,1161.5,549,10,21,},1,class->block->function->block
2,44,rectangle_java2.jpg,rectangle_java2.jpg,2832662150,144,1121.6594444444445,547.8641666666666,1064.5,549,71,21,this.y1,7,class->block->function->block->block_content->return->expr->name->name->operator->name
2,44,rectangle_java2.jpg,rectangle_java2.jpg,2832994144,264,1023.2345454545455,546.7775757575757,968.5,549,70,21,this.y2,7,class->block->function->block->block_content->return->expr->name->name->operator->name
2,44,rectangle_java2.jpg,rectangle_java2.jpg,2833062142,64,1016.046875,545.285,968.5,549,70,21,this.y2,7,class->block->function->block->block_content->return->expr->name->name->operator->name
2,44,rectangle_java2.jpg,rectangle_java2.jpg,2833210134,104,887.2034615384615,581.3453846153847,893.5,585,10,21,{,1,class->block->function->block
2,44,rectangle_java2.jpg,rectangle_java2.jpg,2833278128,64,891.1225,596.910625,893.5,585,10,21,{,1,class->block->function->block
2,44,rectangle_java2.jpg,rectangle_java2.jpg,2833506166,140,859.2997142857143,601.962,856.5,585,9,21,(,1,class->block->function->parameter_list
2,44,rectangle_java2.jpg,rectangle_java2.jpg,2833566132,56,849.2657142857142,614.4557142857143,851.5,621,44,21,main,4,class->block->function->name
2,44,rectangle_java2.jpg,rectangle_java2.jpg,2833729896,116,851.1237931034483,593.0206896551724,856.5,585,9,21,(,1,class->block->function->parameter_list
2,44,rectangle_java2.jpg,rectangle_java2.jpg,2833845927,112,853.5614285714286,590.2146428571428,856.5,585,9,21,(,1,class->block->function->parameter_list
2,44,rectangle_java2.jpg,rectangle_java2.jpg,2833913970,64,854.645,604.6625,856.5,585,9,21,(,1,class->block->function->parameter_list
2,44,rectangle_java2.jpg,rectangle_java2.jpg,2834126069,184,905.0041304347826,611.4723913043479,904.5,621,9,21,(,1,class->block->function->parameter_list
2,44,rectangle_java2.jpg,rectangle_java2.jpg,2834282048,60,955.67,594.7313333333333,910.5,585,62,21,return,6,class->block->function->block->block_content->return
2,44,rectangle_java2.jpg,rectangle_java2.jpg,2834366026,80,954.7685,611.294,920.5,621,62,21,String,6,class->block->function->parameter_list->parameter->decl->type->name->name
2,44,rectangle_java2.jpg,rectangle_java2.jpg,2834510009,84,1033.605238095238,602.5119047619048,977.5,585,101,21,this.width,10,class->block->function->block->block_content->return->expr->call->name->name->operator->name
2,44,rectangle_java2.jpg,rectangle_java2.jpg,2834734039,96,1063.6116666666667,584.9054166666666,977.5,585,101,21,this.width,10,class->block->function->block->block_content->return->expr->call->name->name->operator->name
2,44,rectangle_java2.jpg,rectangle_java2.jpg,2834802037,64,1050.400625,596.151875,977.5,585,101,21,this.width,10,class->block->function->block->block_content->return->expr->call->name->name->operator->name
2,44,rectangle_java2.jpg,rectangle_java2.jpg,2834894032,56,1112.4928571428572,594.7664285714286,1103.5,585,9,21,),1,class->block->function->block->block_content->return->expr->call->argument_list
2,44,rectangle_java2.jpg,rectangle_java2.jpg,2834894032,56,1112.4928571428572,594.7664285714286,1122.5,585,12,21,*,1,class->block->function->block->block_content->return->expr->operator
2,44,rectangle_java2.jpg,rectangle_java2.jpg,2834986022,80,1113.3705,581.4115,1122.5,585,12,21,*,1,class->block->function->block->block_content->return->expr->operator
2,44,rectangle_java2.jpg,rectangle_java2.jpg,2835073992,84,1118.44,573.0228571428571,1122.5,585,12,21,*,1,class->block->function->block->block_content->return->expr->operator
2,44,rectangle_java2.jpg,rectangle_java2.jpg,2835165982,88,1113.7086363636363,585.3195454545455,1122.5,585,12,21,*,1,class->block->function->block->block_content->return->expr->operator
2,44,rectangle_java2.jpg,rectangle_java2.jpg,2835238007,68,1097.3611764705881,577.285294117647,1103.5,585,9,21,),1,class->block->function->block->block_content->return->expr->call->argument_list
2,44,rectangle_java2.jpg,rectangle_java2.jpg,2835366069,124,1099.6651612903227,567.9661290322581,1064.5,549,71,21,this.y1,7,class->block->function->block->block_content->return->expr->name->name->operator->name
2,44,rectangle_java2.jpg,rectangle_java2.jpg,2835561891,88,1163.2686363636365,548.3909090909091,1161.5,549,10,21,},1,class->block->function->block
2,44,rectangle_java2.jpg,rectangle_java2.jpg,2835661806,96,1163.3329166666667,547.16625,1161.5,549,10,21,},1,class->block->function->block
2,44,rectangle_java2.jpg,rectangle_java2.jpg,2836105915,232,1151.0960344827586,546.9274137931035,1142.5,549,10,21,;,1,class->block->function->block->block_content->return
2,44,rectangle_java2.jpg,rectangle_java2.jpg,2836105915,232,1151.0960344827586,546.9274137931035,1161.5,549,10,21,},1,class->block->function->block
2,44,rectangle_java2.jpg,rectangle_java2.jpg,2836257912,72,1097.723888888889,579.6427777777778,1103.5,585,9,21,),1,class->block->function->block->block_content->return->expr->call->argument_list
2,44,rectangle_java2.jpg,rectangle_java2.jpg,2836369893,108,1099.8696296296296,566.814074074074,1064.5,549,71,21,this.y1,7,class->block->function->block->block_content->return->expr->name->name->operator->name
2,44,rectangle_java2.jpg,rectangle_java2.jpg,2836497890,84,1054.0533333333333,565.4819047619047,1045.5,549,13,21,-,1,class->block->function->block->block_content->return->expr->operator
2,44,rectangle_java2.jpg,rectangle_java2.jpg,2836497890,84,1054.0533333333333,565.4819047619047,1064.5,549,71,21,this.y1,7,class->block->function->block->block_content->return->expr->name->name->operator->name
2,44,rectangle_java2.jpg,rectangle_java2.jpg,2836557892,56,1046.6085714285714,583.8292857142858,977.5,585,101,21,this.width,10,class->block->function->block->block_content->return->expr->call->name->name->operator->name
2,44,rectangle_java2.jpg,rectangle_java2.jpg,2836657894,72,1026.8088888888888,562.0722222222222,968.5,549,70,21,this.y2,7,class->block->function->block->block_content->return->expr->name->name->operator->name
2,44,rectangle_java2.jpg,rectangle_java2.jpg,2836845902,92,1013.2913043478261,563.2804347826087,968.5,549,70,21,this.y2,7,class->block->function->block->block_content->return->expr->name->name->operator->name
2,44,rectangle_java2.jpg,rectangle_java2.jpg,2837073871,60,1034.196,586.8446666666666,977.5,585,101,21,this.width,10,class->block->function->block->block_content->return->expr->call->name->name->operator->name
2,44,rectangle_java2.jpg,rectangle_java2.jpg,2837185913,64,929.53375,583.299375,910.5,585,62,21,return,6,class->block->function->block->block_content->return
2,44,rectangle_java2.jpg,rectangle_java2.jpg,2837249940,60,929.9433333333334,575.3226666666667,910.5,585,62,21,return,6,class->block->function->block->block_content->return
2,44,rectangle_java2.jpg,rectangle_java2.jpg,2837589798,76,1081.7984210526315,593.0936842105264,1086.5,585,10,21,(,1,class->block->function->block->block_content->return->expr->call->argument_list
2,44,rectangle_java2.jpg,rectangle_java2.jpg,2837717831,104,881.6226923076923,600.9965384615384,873.5,585,9,21,),1,class->block->function->parameter_list
2,44,rectangle_java2.jpg,rectangle_java2.jpg,2837717831,104,881.6226923076923,600.9965384615384,893.5,585,10,21,{,1,class->block->function->block
2,44,rectangle_java2.jpg,rectangle_java2.jpg,2837833808,76,890.51,579.6026315789474,893.5,585,10,21,{,1,class->block->function->block
2,44,rectangle_java2.jpg,rectangle_java2.jpg,2837897789,60,903.5586666666667,589.278,910.5,585,62,21,return,6,class->block->function->block->block_content->return
2,44,rectangle_java2.jpg,rectangle_java2.jpg,2838101766,108,900.7655555555556,584.9796296296296,893.5,585,10,21,{,1,class->block->function->block
2,44,rectangle_java2.jpg,rectangle_java2.jpg,2838101766,108,900.7655555555556,584.9796296296296,910.5,585,62,21,return,6,class->block->function->block->block_content->return
2,44,rectangle_java2.jpg,rectangle_java2.jpg,2838293796,68,868.0029411764706,538.3305882352942,863.5,549,9,21,),1,class->block->function->parameter_list
2,44,rectangle_java2.jpg,rectangle_java2.jpg,2838421809,124,859.3887096774193,530.613870967742,854.5,512,9,21,),1,class->block->function->parameter_list
2,44,rectangle_java2.jpg,rectangle_java2.jpg,2838521817,64,829.023125,513.988125,837.5,512,9,21,(,1,class->block->function->parameter_list
2,44,rectangle_java2.jpg,rectangle_java2.jpg,2838601814,76,829.9521052631579,530.9926315789473,837.5,512,9,21,(,1,class->block->function->parameter_list
2,44,rectangle_java2.jpg,rectangle_java2.jpg,2838913853,68,857.5370588235294,520.0882352941177,854.5,512,9,21,),1,class->block->function->parameter_list
2,44,rectangle_java2.jpg,rectangle_java2.jpg,2839149816,136,834.3176470588236,671.6867647058823,826.5,658,52,20,rect1,5,class->block->function->block->block_content->decl_stmt->decl->name
2,44,rectangle_java2.jpg,rectangle_java2.jpg,2839213803,60,855.374,664.3113333333333,826.5,658,52,20,rect1,5,class->block->function->block->block_content->decl_stmt->decl->name
2,44,rectangle_java2.jpg,rectangle_java2.jpg,2839325782,108,862.1496296296297,661.2518518518518,826.5,658,52,20,rect1,5,class->block->function->block->block_content->decl_stmt->decl->name
2,44,rectangle_java2.jpg,rectangle_java2.jpg,2839389760,60,868.9053333333334,664.4,826.5,658,52,20,rect1,5,class->block->function->block->block_content->decl_stmt->decl->name
2,44,rectangle_java2.jpg,rectangle_java2.jpg,2839625710,76,836.6131578947369,617.8368421052631,804.5,621,44,21,void,4,class->block->function->type->name
2,44,rectangle_java2.jpg,rectangle_java2.jpg,2839729698,56,875.9292857142857,656.4107142857142,826.5,658,52,20,rect1,5,class->block->function->block->block_content->decl_stmt->decl->name
2,44,rectangle_java2.jpg,rectangle_java2.jpg,2839729698,56,875.9292857142857,656.4107142857142,883.5,658,15,20,=,1,class->block->function->block->block_content->decl_stmt->decl->init
2,44,rectangle_java2.jpg,rectangle_java2.jpg,2839845674,68,893.1052941176471,662.8805882352941,883.5,658,15,20,=,1,class->block->function->block->block_content->decl_stmt->decl->init
2,44,rectangle_java2.jpg,rectangle_java2.jpg,2839845674,68,893.1052941176471,662.8805882352941,902.5,658,34,20,new,3,class->block->function->block->block_content->decl_stmt->decl->init->expr->operator
2,44,rectangle_java2.jpg,rectangle_java2.jpg,2839973657,72,923.5711111111111,666.1788888888889,902.5,658,34,20,new,3,class->block->function->block->block_content->decl_stmt->decl->init->expr->operator
2,44,rectangle_java2.jpg,rectangle_java2.jpg,2840061653,84,922.4395238095238,674.777619047619,902.5,658,34,20,new,3,class->block->function->block->block_content->decl_stmt->decl->init->expr->operator
2,44,rectangle_java2.jpg,rectangle_java2.jpg,2840225660,128,985.4396875,661.73,941.5,658,91,20,Rectangle,9,class->block->function->block->block_content->decl_stmt->decl->init->expr->call->name
2,44,rectangle_java2.jpg,rectangle_java2.jpg,2840425695,108,1055.6607407407407,658.944074074074,1057.5,658,13,20,0,1,class->block->function->block->block_content->decl_stmt->decl->init->expr->call->argument_list->argument->expr->literal
2,44,rectangle_java2.jpg,rectangle_java2.jpg,2840513715,84,1076.3604761904762,656.37,1077.5,658,9,20,",",1,class->block->function->block->block_content->decl_stmt->decl->init->expr->call->argument_list
2,44,rectangle_java2.jpg,rectangle_java2.jpg,2840669612,64,1104.026875,652.941875,1095.5,658,13,20,0,1,class->block->function->block->block_content->decl_stmt->decl->init->expr->call->argument_list->argument->expr->literal
2,44,rectangle_java2.jpg,rectangle_java2.jpg,2840669612,64,1104.026875,652.941875,1115.5,658,10,20,",",1,class->block->function->block->block_content->decl_stmt->decl->init->expr->call->argument_list
2,44,rectangle_java2.jpg,rectangle_java2.jpg,2840817642,144,1120.0336111111112,656.3497222222222,1115.5,658,10,20,",",1,class->block->function->block->block_content->decl_stmt->decl->init->expr->call->argument_list
2,44,rectangle_java2.jpg,rectangle_java2.jpg,2841001684,180,1124.588888888889,665.1253333333333,1115.5,658,10,20,",",1,class->block->function->block->block_content->decl_stmt->decl->init->expr->call->argument_list
2,44,rectangle_java2.jpg,rectangle_java2.jpg,2841001684,180,1124.588888888889,665.1253333333333,1134.5,658,22,20,10,2,class->block->function->block->block_content->decl_stmt->decl->init->expr->call->argument_list->argument->expr->literal
2,44,rectangle_java2.jpg,rectangle_java2.jpg,2841141634,56,1181.0585714285714,646.2221428571429,1182.5,658,22,20,10,2,class->block->function->block->block_content->decl_stmt->decl->init->expr->call->argument_list->argument->expr->literal
2,44,rectangle_java2.jpg,rectangle_java2.jpg,2841201527,56,1178.6964285714287,648.2264285714285,1182.5,658,22,20,10,2,class->block->function->block->block_content->decl_stmt->decl->init->expr->call->argument_list->argument->expr->literal
2,44,rectangle_java2.jpg,rectangle_java2.jpg,2841365352,76,1055.6494736842105,651.5884210526316,1057.5,658,13,20,0,1,class->block->function->block->block_content->decl_stmt->decl->init->expr->call->argument_list->argument->expr->literal
2,44,rectangle_java2.jpg,rectangle_java2.jpg,2841441397,72,1044.9694444444444,665.3238888888889,1041.5,658,9,20,(,1,class->block->function->block->block_content->decl_stmt->decl->init->expr->call->argument_list
2,44,rectangle_java2.jpg,rectangle_java2.jpg,2841645473,92,1182.273043478261,653.484347826087,1182.5,658,22,20,10,2,class->block->function->block->block_content->decl_stmt->decl->init->expr->call->argument_list->argument->expr->literal
2,44,rectangle_java2.jpg,rectangle_java2.jpg,2841961549,80,825.066,623.4879999999999,804.5,621,44,21,void,4,class->block->function->type->name
2,44,rectangle_java2.jpg,rectangle_java2.jpg,2842105610,84,848.0190476190476,631.2738095238095,804.5,621,44,21,void,4,class->block->function->type->name
2,44,rectangle_java2.jpg,rectangle_java2.jpg,2842105610,84,848.0190476190476,631.2738095238095,851.5,621,44,21,main,4,class->block->function->name
2,44,rectangle_java2.jpg,rectangle_java2.jpg,2842165593,56,817.795,623.8435714285714,804.5,621,44,21,void,4,class->block->function->type->name
2,44,rectangle_java2.jpg,rectangle_java2.jpg,2842325514,56,892.7385714285714,545.3657142857143,883.5,549,10,21,{,1,class->block->function->block
2,44,rectangle_java2.jpg,rectangle_java2.jpg,2842325514,56,892.7385714285714,545.3657142857143,900.5,549,63,21,return,6,class->block->function->block->block_content->return
2,44,rectangle_java2.jpg,rectangle_java2.jpg,2842889560,80,1234.116,658.4225,1231.5,658,10,20,;,1,class->block->function->block->block_content->decl_stmt
2,44,rectangle_java2.jpg,rectangle_java2.jpg,2843057517,56,1024.6307142857142,648.0192857142857,941.5,658,91,20,Rectangle,9,class->block->function->block->block_content->decl_stmt->decl->init->expr->call->name
2,44,rectangle_java2.jpg,rectangle_java2.jpg,2843161471,100,1047.9312,640.312,1025.5,621,42,21,args,4,class->block->function->parameter_list->parameter->decl->name
2,44,rectangle_java2.jpg,rectangle_java2.jpg,2843221449,56,1051.9535714285714,641.3378571428572,1025.5,621,42,21,args,4,class->block->function->parameter_list->parameter->decl->name
2,44,rectangle_java2.jpg,rectangle_java2.jpg,2843301421,76,1037.957894736842,633.0721052631579,1025.5,621,42,21,args,4,class->block->function->parameter_list->parameter->decl->name
2,44,rectangle_java2.jpg,rectangle_java2.jpg,2844189402,120,1137.624,532.216,1132.5,512,10,21,;,1,class->block->function->block
2,44,rectangle_java2.jpg,rectangle_java2.jpg,2844453358,232,1077.038620689655,530.5205172413794,1054.5,512,71,21,this.x1,7,class->block->function->block->block_content->return->expr->name->name->operator->name
2,44,rectangle_java2.jpg,rectangle_java2.jpg,2844577373,120,1061.1946666666668,540.2763333333334,1064.5,549,71,21,this.y1,7,class->block->function->block->block_content->return->expr->name->name->operator->name
2,44,rectangle_java2.jpg,rectangle_java2.jpg,2844693396,112,1063.6325,552.0775,1064.5,549,71,21,this.y1,7,class->block->function->block->block_content->return->expr->name->name->operator->name
2,44,rectangle_java2.jpg,rectangle_java2.jpg,2844841370,100,1054.0608,530.8128,1054.5,512,71,21,this.x1,7,class->block->function->block->block_content->return->expr->name->name->operator->name
2,44,rectangle_java2.jpg,rectangle_java2.jpg,2844965281,72,1098.47,586.1288888888889,1103.5,585,9,21,),1,class->block->function->block->block_content->return->expr->call->argument_list
2,44,rectangle_java2.jpg,rectangle_java2.jpg,2845029203,60,1106.0126666666667,577.158,1103.5,585,9,21,),1,class->block->function->block->block_content->return->expr->call->argument_list
2,44,rectangle_java2.jpg,rectangle_java2.jpg,2845193054,160,1096.19775,567.58525,1064.5,549,71,21,this.y1,7,class->block->function->block->block_content->return->expr->name->name->operator->name
2,44,rectangle_java2.jpg,rectangle_java2.jpg,2845349179,104,1011.8615384615384,687.3792307692307,932.5,694,100,21,rect1.area,10,class->block->function->block->block_content->expr_stmt->expr->call->argument_list->argument->expr->call->name->name->operator->name
2,44,rectangle_java2.jpg,rectangle_java2.jpg,2845505287,76,864.6552631578948,762.7915789473684,730.5,766,177,21,System.out.println,18,class->block->function->block->block_content->expr_stmt->expr->call->name->name->operator->name->operator->name
2,44,rectangle_java2.jpg,rectangle_java2.jpg,2845593288,84,876.2947619047619,767.2185714285714,730.5,766,177,21,System.out.println,18,class->block->function->block->block_content->expr_stmt->expr->call->name->name->operator->name->operator->name
2,44,rectangle_java2.jpg,rectangle_java2.jpg,2845789329,136,838.3582352941177,745.7788235294117,826.5,731,51,20,rect2,5,class->block->function->block->block_content->decl_stmt->decl->name
2,44,rectangle_java2.jpg,rectangle_java2.jpg,2845905356,64,933.076875,739.3456249999999,902.5,731,34,20,new,3,class->block->function->block->block_content->decl_stmt->decl->init->expr->operator
2,44,rectangle_java2.jpg,rectangle_java2.jpg,2845905356,64,933.076875,739.3456249999999,941.5,731,91,20,Rectangle,9,class->block->function->block->block_content->decl_stmt->decl->init->expr->call->name
2,44,rectangle_java2.jpg,rectangle_java2.jpg,2846037335,128,939.04875,737.868125,941.5,731,91,20,Rectangle,9,class->block->function->block->block_content->decl_stmt->decl->init->expr->call->name
2,44,rectangle_java2.jpg,rectangle_java2.jpg,2846109330,68,943.8482352941177,749.0917647058824,941.5,731,91,20,Rectangle,9,class->block->function->block->block_content->decl_stmt->decl->init->expr->call->name
2,44,rectangle_java2.jpg,rectangle_java2.jpg,2851024804,56,904.7971428571428,267.95714285714286,911.5,259,10,21,",",1,class->block->decl_stmt
2,44,rectangle_java2.jpg,rectangle_java2.jpg,2851088880,60,914.52,283.48,921.5,295,9,21,",",1,class->block->constructor->parameter_list
2,44,rectangle_java2.jpg,rectangle_java2.jpg,2851152900,60,906.7886666666667,287.874,890.5,295,24,21,x1,2,class->block->constructor->parameter_list->parameter->decl->type->name
2,44,rectangle_java2.jpg,rectangle_java2.jpg,2851212894,56,877.5757142857143,276.7,881.5,259,23,21,x2,2,class->block->decl_stmt->decl->name
2,44,rectangle_java2.jpg,rectangle_java2.jpg,2851852846,104,886.8723076923077,299.0034615384615,890.5,295,24,21,x1,2,class->block->constructor->parameter_list->parameter->decl->type->name
2,44,rectangle_java2.jpg,rectangle_java2.jpg,2852592858,56,1102.347857142857,283.07214285714286,1094.5,295,9,21,",",1,class->block->constructor->parameter_list
2,44,rectangle_java2.jpg,rectangle_java2.jpg,2852592858,56,1102.347857142857,283.07214285714286,1112.5,295,33,21,int,3,class->block->constructor->parameter_list->parameter->decl->type->name
2,44,rectangle_java2.jpg,rectangle_java2.jpg,2853400752,56,835.6028571428571,432.5857142857143,826.5,440,23,21,y2,2,class->block->constructor->block->block_content->expr_stmt->expr->name->name
2,44,rectangle_java2.jpg,rectangle_java2.jpg,2853744723,68,863.17,438.5576470588235,856.5,440,10,21,;,1,class->block->constructor->block->block_content->expr_stmt
2,44,rectangle_java2.jpg,rectangle_java2.jpg,2854300722,76,868.0463157894736,568.9668421052631,863.5,549,9,21,),1,class->block->function->parameter_list
2,44,rectangle_java2.jpg,rectangle_java2.jpg,2854368734,64,871.503125,558.826875,863.5,549,9,21,),1,class->block->function->parameter_list
2,44,rectangle_java2.jpg,rectangle_java2.jpg,2854368734,64,871.503125,558.826875,883.5,549,10,21,{,1,class->block->function->block
2,44,rectangle_java2.jpg,rectangle_java2.jpg,2854600710,228,877.6438596491228,568.37,883.5,549,10,21,{,1,class->block->function->block
2,44,rectangle_java2.jpg,rectangle_java2.jpg,2854700639,72,923.5272222222222,576.1711111111111,910.5,585,62,21,return,6,class->block->function->block->block_content->return
2,44,rectangle_java2.jpg,rectangle_java2.jpg,2854776632,72,919.4688888888888,584.9033333333333,910.5,585,62,21,return,6,class->block->function->block->block_content->return
2,44,rectangle_java2.jpg,rectangle_java2.jpg,2854884624,104,919.9319230769231,568.8911538461539,900.5,549,63,21,return,6,class->block->function->block->block_content->return
2,44,rectangle_java2.jpg,rectangle_java2.jpg,2855148556,172,1023.0332558139535,566.1113953488372,968.5,549,70,21,this.y2,7,class->block->function->block->block_content->return->expr->name->name->operator->name
2,44,rectangle_java2.jpg,rectangle_java2.jpg,2855212534,60,1018.5753333333333,552.6753333333334,968.5,549,70,21,this.y2,7,class->block->function->block->block_content->return->expr->name->name->operator->name
2,44,rectangle_java2.jpg,rectangle_java2.jpg,2855352561,104,1078.7984615384617,557.0976923076923,1064.5,549,71,21,this.y1,7,class->block->function->block->block_content->return->expr->name->name->operator->name
2,44,rectangle_java2.jpg,rectangle_java2.jpg,2855496624,72,1135.4872222222223,547.6288888888889,1064.5,549,71,21,this.y1,7,class->block->function->block->block_content->return->expr->name->name->operator->name
2,44,rectangle_java2.jpg,rectangle_java2.jpg,2855496624,72,1135.4872222222223,547.6288888888889,1142.5,549,10,21,;,1,class->block->function->block->block_content->return
2,44,rectangle_java2.jpg,rectangle_java2.jpg,2855588630,88,1146.760909090909,566.2268181818182,1142.5,549,10,21,;,1,class->block->function->block->block_content->return
2,44,rectangle_java2.jpg,rectangle_java2.jpg,2855796635,168,1116.4771428571428,551.1173809523809,1064.5,549,71,21,this.y1,7,class->block->function->block->block_content->return->expr->name->name->operator->name
2,44,rectangle_java2.jpg,rectangle_java2.jpg,2855928594,72,1126.4177777777777,541.5094444444444,1064.5,549,71,21,this.y1,7,class->block->function->block->block_content->return->expr->name->name->operator->name
2,44,rectangle_java2.jpg,rectangle_java2.jpg,2856260672,96,1159.135,538.7504166666666,1161.5,549,10,21,},1,class->block->function->block
2,44,rectangle_java2.jpg,rectangle_java2.jpg,2856800456,152,951.3352631578947,295.5944736842105,939.5,295,33,21,int,3,class->block->constructor->parameter_list->parameter->decl->type->name
2,44,rectangle_java2.jpg,rectangle_java2.jpg,2857336454,136,1136.6376470588236,550.9502941176471,1142.5,549,10,21,;,1,class->block->function->block->block_content->return
2,44,rectangle_java2.jpg,rectangle_java2.jpg,2857404469,64,1134.955625,562.02625,1064.5,549,71,21,this.y1,7,class->block->function->block->block_content->return->expr->name->name->operator->name
2,44,rectangle_java2.jpg,rectangle_java2.jpg,2857404469,64,1134.955625,562.02625,1142.5,549,10,21,;,1,class->block->function->block->block_content->return
2,44,rectangle_java2.jpg,rectangle_java2.jpg,2857652512,60,1147.9226666666666,569.3933333333333,1142.5,549,10,21,;,1,class->block->function->block->block_content->return
2,44,rectangle_java2.jpg,rectangle_java2.jpg,2857784509,92,1151.5304347826086,540.8769565217391,1142.5,549,10,21,;,1,class->block->function->block->block_content->return
2,44,rectangle_java2.jpg,rectangle_java2.jpg,2857784509,92,1151.5304347826086,540.8769565217391,1161.5,549,10,21,},1,class->block->function->block
2,44,rectangle_java2.jpg,rectangle_java2.jpg,2857876506,88,1142.505,556.2845454545454,1142.5,549,10,21,;,1,class->block->function->block->block_content->return
2,44,rectangle_java2.jpg,rectangle_java2.jpg,2858076479,160,994.09275,592.0115,977.5,585,101,21,this.width,10,class->block->function->block->block_content->return->expr->call->name->name->operator->name
2,44,rectangle_java2.jpg,rectangle_java2.jpg,2858232485,152,1061.7702631578948,594.271052631579,977.5,585,101,21,this.width,10,class->block->function->block->block_content->return->expr->call->name->name->operator->name
2,44,rectangle_java2.jpg,rectangle_java2.jpg,2858332408,96,1068.085,595.3879166666667,977.5,585,101,21,this.width,10,class->block->function->block->block_content->return->expr->call->name->name->operator->name
2,44,rectangle_java2.jpg,rectangle_java2.jpg,2858468224,132,1057.8899999999999,594.4663636363637,977.5,585,101,21,this.width,10,class->block->function->block->block_content->return->expr->call->name->name->operator->name
2,44,rectangle_java2.jpg,rectangle_java2.jpg,2858632301,124,1112.0687096774193,580.3993548387097,1103.5,585,9,21,),1,class->block->function->block->block_content->return->expr->call->argument_list
2,44,rectangle_java2.jpg,rectangle_java2.jpg,2858632301,124,1112.0687096774193,580.3993548387097,1122.5,585,12,21,*,1,class->block->function->block->block_content->return->expr->operator
2,44,rectangle_java2.jpg,rectangle_java2.jpg,2858712341,76,1112.671052631579,569.8363157894737,1064.5,549,71,21,this.y1,7,class->block->function->block->block_content->return->expr->name->name->operator->name
2,44,rectangle_java2.jpg,rectangle_java2.jpg,2858800328,64,1039.295,750.960625,1041.5,731,9,20,(,1,class->block->function->block->block_content->decl_stmt->decl->init->expr->call->argument_list
2,44,rectangle_java2.jpg,rectangle_java2.jpg,2860744238,100,837.174,597.782,804.5,585,43,21,area,4,class->block->function->name
2,44,rectangle_java2.jpg,rectangle_java2.jpg,2861544210,64,887.3675,600.35375,893.5,585,10,21,{,1,class->block->function->block
2,44,rectangle_java2.jpg,rectangle_java2.jpg,2861696191,68,885.79,505.3658823529412,891.5,512,62,21,return,6,class->block->function->block->block_content->return->expr->name->name
2,44,rectangle_java2.jpg,rectangle_java2.jpg,2861788177,88,879.6590909090909,523.115,874.5,512,10,21,{,1,class->block->function->block
2,44,rectangle_java2.jpg,rectangle_java2.jpg,2861788177,88,879.6590909090909,523.115,891.5,512,62,21,return,6,class->block->function->block->block_content->return->expr->name->name
2,44,rectangle_java2.jpg,rectangle_java2.jpg,2861864167,72,874.45,531.6405555555556,874.5,512,10,21,{,1,class->block->function->block
2,44,rectangle_java2.jpg,rectangle_java2.jpg,2862032166,124,956.4429032258064,512.8948387096774,958.5,512,71,21,this.x2,7,class->block->function->block->block_content->return->expr->name->name->operator->name->operator
2,44,rectangle_java2.jpg,rectangle_java2.jpg,2862152134,96,774.825,522.6666666666666,775.5,512,53,21,width,5,class->block->function->name
2,44,rectangle_java2.jpg,rectangle_java2.jpg,2862240009,84,774.7604761904762,538.5395238095238,775.5,549,62,21,height,6,class->block->function->name
2,44,rectangle_java2.jpg,rectangle_java2.jpg,2862456025,168,816.2190476190476,694.2992857142857,730.5,694,177,21,System.out.println,18,class->block->function->block->block_content->expr_stmt->expr->call->name->name->operator->name->operator->name
2,44,rectangle_java2.jpg,rectangle_java2.jpg,2862716125,160,827.8820000000001,664.5495,826.5,658,52,20,rect1,5,class->block->function->block->block_content->decl_stmt->decl->name
2,44,rectangle_java2.jpg,rectangle_java2.jpg,2862808108,68,844.5417647058823,587.9176470588235,804.5,585,43,21,area,4,class->block->function->name
2,44,rectangle_java2.jpg,rectangle_java2.jpg,2862808108,68,844.5417647058823,587.9176470588235,856.5,585,9,21,(,1,class->block->function->parameter_list
2,44,rectangle_java2.jpg,rectangle_java2.jpg,2863068072,84,830.8419047619047,567.6004761904762,775.5,549,62,21,height,6,class->block->function->name
2,44,rectangle_java2.jpg,rectangle_java2.jpg,2863140073,68,854.9905882352941,563.9188235294117,846.5,549,10,21,(,1,class->block->function->parameter_list
2,44,rectangle_java2.jpg,rectangle_java2.jpg,2863140073,68,854.9905882352941,563.9188235294117,863.5,549,9,21,),1,class->block->function->parameter_list
2,44,rectangle_java2.jpg,rectangle_java2.jpg,2863332030,164,844.8912195121951,516.4324390243902,837.5,512,9,21,(,1,class->block->function->parameter_list
2,44,rectangle_java2.jpg,rectangle_java2.jpg,2863332030,164,844.8912195121951,516.4324390243902,854.5,512,9,21,),1,class->block->function->parameter_list
2,44,rectangle_java2.jpg,rectangle_java2.jpg,2863524089,84,759.84,524.7490476190476,737.5,512,33,21,int,3,class->block->function->type->name
2,44,rectangle_java2.jpg,rectangle_java2.jpg,2863620144,56,808.6478571428571,524.3735714285714,775.5,512,53,21,width,5,class->block->function->name
2,44,rectangle_java2.jpg,rectangle_java2.jpg,2863724170,100,822.902,519.056,775.5,512,53,21,width,5,class->block->function->name
2,44,rectangle_java2.jpg,rectangle_java2.jpg,2863788124,60,808.646,522.954,775.5,512,53,21,width,5,class->block->function->name
2,44,rectangle_java2.jpg,rectangle_java2.jpg,2864087947,192,972.1958333333333,501.6810416666667,958.5,512,71,21,this.x2,7,class->block->function->block->block_content->return->expr->name->name->operator->name->operator
2,44,rectangle_java2.jpg,rectangle_java2.jpg,2864163882,72,955.6094444444444,514.8894444444444,958.5,512,71,21,this.x2,7,class->block->function->block->block_content->return->expr->name->name->operator->name->operator
2,44,rectangle_java2.jpg,rectangle_java2.jpg,2867387772,68,812.7970588235294,393.09235294117644,806.5,404,15,19,=,1,class->block->constructor->block->block_content->expr_stmt->expr->operator
2,44,rectangle_java2.jpg,rectangle_java2.jpg,2867795837,60,791.9846666666667,263.3566666666667,785.5,259,23,21,x1,2,class->block->decl_stmt->decl->name
2,44,rectangle_java2.jpg,rectangle_java2.jpg,2867971679,60,800.9526666666667,264.5853333333333,785.5,259,23,21,x1,2,class->block->decl_stmt->decl->name
2,44,rectangle_java2.jpg,rectangle_java2.jpg,2868075553,100,801.8964,272.462,785.5,259,23,21,x1,2,class->block->decl_stmt->decl->name
2,44,rectangle_java2.jpg,rectangle_java2.jpg,2868163580,84,790.1861904761905,276.93904761904764,785.5,259,23,21,x1,2,class->block->decl_stmt->decl->name
2,44,rectangle_java2.jpg,rectangle_java2.jpg,2868639678,140,846.3414285714285,508.73314285714287,837.5,512,9,21,(,1,class->block->function->parameter_list
2,44,rectangle_java2.jpg,rectangle_java2.jpg,2868639678,140,846.3414285714285,508.73314285714287,854.5,512,9,21,),1,class->block->function->parameter_list
2,44,rectangle_java2.jpg,rectangle_java2.jpg,2868763677,88,791.2886363636363,528.6936363636364,775.5,512,53,21,width,5,class->block->function->name
2,44,rectangle_java2.jpg,rectangle_java2.jpg,2868863674,96,792.8220833333334,516.17125,775.5,512,53,21,width,5,class->block->function->name
2,44,rectangle_java2.jpg,rectangle_java2.jpg,2868991682,60,904.6833333333333,527.0293333333333,891.5,512,62,21,return,6,class->block->function->block->block_content->return->expr->name->name
2,44,rectangle_java2.jpg,rectangle_java2.jpg,2869059689,64,914.05375,506.8143749999999,891.5,512,62,21,return,6,class->block->function->block->block_content->return->expr->name->name
2,44,rectangle_java2.jpg,rectangle_java2.jpg,2869183670,120,911.7263333333333,520.2443333333333,891.5,512,62,21,return,6,class->block->function->block->block_content->return->expr->name->name
2,44,rectangle_java2.jpg,rectangle_java2.jpg,2869311666,124,904.0009677419355,517.0793548387097,891.5,512,62,21,return,6,class->block->function->block->block_content->return->expr->name->name
2,44,rectangle_java2.jpg,rectangle_java2.jpg,2869599727,192,958.01125,596.5275,910.5,585,62,21,return,6,class->block->function->block->block_content->return
2,44,rectangle_java2.jpg,rectangle_java2.jpg,2869687693,84,947.2385714285714,590.4285714285714,910.5,585,62,21,return,6,class->block->function->block->block_content->return
2,44,rectangle_java2.jpg,rectangle_java2.jpg,2869819495,76,965.9557894736841,582.7847368421053,910.5,585,62,21,return,6,class->block->function->block->block_content->return
2,44,rectangle_java2.jpg,rectangle_java2.jpg,2869819495,76,965.9557894736841,582.7847368421053,977.5,585,101,21,this.width,10,class->block->function->block->block_content->return->expr->call->name->name->operator->name
2,44,rectangle_java2.jpg,rectangle_java2.jpg,2870879540,80,1009.493,601.817,977.5,585,101,21,this.width,10,class->block->function->block->block_content->return->expr->call->name->name->operator->name
2,44,rectangle_java2.jpg,rectangle_java2.jpg,2870939532,56,1016.5907142857143,582.97,977.5,585,101,21,this.width,10,class->block->function->block->block_content->return->expr->call->name->name->operator->name
2,44,rectangle_java2.jpg,rectangle_java2.jpg,2871031521,88,1019.7777272727272,558.8918181818182,968.5,549,70,21,this.y2,7,class->block->function->block->block_content->return->expr->name->name->operator->name
2,44,rectangle_java2.jpg,rectangle_java2.jpg,2871155523,80,955.5105,781.936,932.5,766,100,21,rect2.area,10,class->block->function->block->block_content->expr_stmt->expr->call->argument_list->argument->expr->call->name->name->operator->name
