trial,participant,code_file,code_language,timestamp,duration,x_cord,y_cord,aoi_x,aoi_y,aoi_width,aoi_height,token,length,srcML
2,53,rectangle_java2.jpg,rectangle_java2.jpg,3743713972,56,754.2014285714286,378.72214285714284,730.5,367,71,21,this.y1,7,class->block->constructor->block->block_content->expr_stmt->expr->name->name->operator->name
2,53,rectangle_java2.jpg,rectangle_java2.jpg,3744128227,352,717.7262499999999,249.41829545454544,669.5,259,72,21,private,7,class->block->decl_stmt->decl->type->specifier
2,53,rectangle_java2.jpg,rectangle_java2.jpg,3744548205,100,799.5151999999999,269.1932,785.5,259,23,21,x1,2,class->block->decl_stmt->decl->name
2,53,rectangle_java2.jpg,rectangle_java2.jpg,3744616198,56,941.2521428571429,276.70214285714286,929.5,259,23,21,y2,2,class->block->decl_stmt->decl->name
2,53,rectangle_java2.jpg,rectangle_java2.jpg,3744752207,132,944.8666666666667,273.3587878787879,929.5,259,23,21,y2,2,class->block->decl_stmt->decl->name
2,53,rectangle_java2.jpg,rectangle_java2.jpg,3744840223,60,700.2973333333333,268.27933333333334,669.5,259,72,21,private,7,class->block->decl_stmt->decl->type->specifier
2,53,rectangle_java2.jpg,rectangle_java2.jpg,3744992245,148,697.1481081081081,262.5237837837838,669.5,259,72,21,private,7,class->block->decl_stmt->decl->type->specifier
2,53,rectangle_java2.jpg,rectangle_java2.jpg,3745152276,156,729.3476923076923,262.4497435897436,669.5,259,72,21,private,7,class->block->decl_stmt->decl->type->specifier
2,53,rectangle_java2.jpg,rectangle_java2.jpg,3745216285,60,742.708,248.9526666666667,747.5,259,33,21,int,3,class->block->decl_stmt->decl->type->name
2,53,rectangle_java2.jpg,rectangle_java2.jpg,3747683878,96,745.9458333333333,211.2833333333333,715.5,222,90,21,Rectangle,9,class->name
2,53,rectangle_java2.jpg,rectangle_java2.jpg,3748676011,88,790.7663636363636,221.2327272727273,715.5,222,90,21,Rectangle,9,class->name
2,53,rectangle_java2.jpg,rectangle_java2.jpg,3748748012,68,786.2964705882353,210.23529411764707,715.5,222,90,21,Rectangle,9,class->name
2,53,rectangle_java2.jpg,rectangle_java2.jpg,3749351989,92,803.9395652173913,209.7082608695652,715.5,222,90,21,Rectangle,9,class->name
2,53,rectangle_java2.jpg,rectangle_java2.jpg,3749351989,92,803.9395652173913,209.7082608695652,813.5,222,10,21,{,1,class->block
2,53,rectangle_java2.jpg,rectangle_java2.jpg,3750663914,76,700.7915789473684,214.46684210526314,657.5,222,52,21,class,5,class
2,53,rectangle_java2.jpg,rectangle_java2.jpg,3750751911,64,696.55625,228.01750000000004,657.5,222,52,21,class,5,class
2,53,rectangle_java2.jpg,rectangle_java2.jpg,3751615692,72,773.2344444444444,222.0438888888889,715.5,222,90,21,Rectangle,9,class->name
2,53,rectangle_java2.jpg,rectangle_java2.jpg,3751751685,80,789.7925,234.83299999999997,715.5,222,90,21,Rectangle,9,class->name
2,53,rectangle_java2.jpg,rectangle_java2.jpg,3752035688,84,845.2309523809524,247.51952380952378,833.5,259,23,21,y1,2,class->block->decl_stmt->decl->name
2,53,rectangle_java2.jpg,rectangle_java2.jpg,3752095674,56,837.7792857142857,247.52785714285716,833.5,259,23,21,y1,2,class->block->decl_stmt->decl->name
2,53,rectangle_java2.jpg,rectangle_java2.jpg,3752275721,128,837.344375,248.57906249999996,833.5,259,23,21,y1,2,class->block->decl_stmt->decl->name
2,53,rectangle_java2.jpg,rectangle_java2.jpg,3753487594,72,758.2366666666667,278.1016666666667,747.5,259,33,21,int,3,class->block->decl_stmt->decl->type->name
2,53,rectangle_java2.jpg,rectangle_java2.jpg,3753567614,76,770.35,295.1984210526316,737.5,295,91,21,Rectangle,9,class->block->constructor->name
2,53,rectangle_java2.jpg,rectangle_java2.jpg,3753867603,100,693.3552,265.086,669.5,259,72,21,private,7,class->block->decl_stmt->decl->type->specifier
2,53,rectangle_java2.jpg,rectangle_java2.jpg,3755223481,84,675.7347619047619,277.60809523809525,669.5,259,72,21,private,7,class->block->decl_stmt->decl->type->specifier
2,53,rectangle_java2.jpg,rectangle_java2.jpg,3755383470,68,730.7823529411764,262.33941176470586,669.5,259,72,21,private,7,class->block->decl_stmt->decl->type->specifier
2,53,rectangle_java2.jpg,rectangle_java2.jpg,3755507457,56,783.7307142857143,288.19357142857143,737.5,295,91,21,Rectangle,9,class->block->constructor->name
2,53,rectangle_java2.jpg,rectangle_java2.jpg,3755775541,144,785.8702777777778,293.7061111111111,737.5,295,91,21,Rectangle,9,class->block->constructor->name
2,53,rectangle_java2.jpg,rectangle_java2.jpg,3755991535,96,761.7045833333333,435.2245833333334,730.5,440,71,21,this.y2,7,class->block->constructor->block->block_content->expr_stmt->expr->name->name->operator->name
2,53,rectangle_java2.jpg,rectangle_java2.jpg,3756051476,56,770.4535714285714,440.61928571428575,730.5,440,71,21,this.y2,7,class->block->constructor->block->block_content->expr_stmt->expr->name->name->operator->name
2,53,rectangle_java2.jpg,rectangle_java2.jpg,3758099365,60,1008.2686666666667,503.774,958.5,512,71,21,this.x2,7,class->block->function->block->block_content->return->expr->name->name->operator->name->operator
2,53,rectangle_java2.jpg,rectangle_java2.jpg,3758207362,104,1006.9323076923077,515.9776923076923,958.5,512,71,21,this.x2,7,class->block->function->block->block_content->return->expr->name->name->operator->name->operator
2,53,rectangle_java2.jpg,rectangle_java2.jpg,3758587349,64,857.060625,442.214375,856.5,440,10,21,;,1,class->block->constructor->block->block_content->expr_stmt
2,53,rectangle_java2.jpg,rectangle_java2.jpg,3758779276,80,995.7860000000001,510.35249999999996,958.5,512,71,21,this.x2,7,class->block->function->block->block_content->return->expr->name->name->operator->name->operator
2,53,rectangle_java2.jpg,rectangle_java2.jpg,3759255245,68,765.3535294117647,454.8629411764706,730.5,440,71,21,this.y2,7,class->block->constructor->block->block_content->expr_stmt->expr->name->name->operator->name
2,53,rectangle_java2.jpg,rectangle_java2.jpg,3759327251,68,770.8788235294118,449.66176470588243,730.5,440,71,21,this.y2,7,class->block->constructor->block->block_content->expr_stmt->expr->name->name->operator->name
2,53,rectangle_java2.jpg,rectangle_java2.jpg,3759511136,180,771.9006666666667,458.53222222222223,730.5,440,71,21,this.y2,7,class->block->constructor->block->block_content->expr_stmt->expr->name->name->operator->name
2,53,rectangle_java2.jpg,rectangle_java2.jpg,3761307108,64,808.861875,434.479375,806.5,440,15,21,=,1,class->block->constructor->block->block_content->expr_stmt->expr->operator
2,53,rectangle_java2.jpg,rectangle_java2.jpg,3761879115,176,762.9706818181818,324.76431818181817,730.5,331,71,19,this.x1,7,class->block->constructor->block->block_content->expr_stmt->expr->name->name->operator->name
2,53,rectangle_java2.jpg,rectangle_java2.jpg,3762087063,60,1007.1006666666667,568.0346666666667,968.5,549,70,21,this.y2,7,class->block->function->block->block_content->return->expr->name->name->operator->name
2,53,rectangle_java2.jpg,rectangle_java2.jpg,3762159059,68,1008.4517647058824,582.9370588235294,977.5,585,101,21,this.width,10,class->block->function->block->block_content->return->expr->call->name->name->operator->name
2,53,rectangle_java2.jpg,rectangle_java2.jpg,3762514943,124,1032.467741935484,513.8196774193549,1035.5,512,13,21,-,1,class->block->function->block->block_content->return->expr->name->name
2,53,rectangle_java2.jpg,rectangle_java2.jpg,3762582856,64,1030.006875,525.011875,1035.5,512,13,21,-,1,class->block->function->block->block_content->return->expr->name->name
2,53,rectangle_java2.jpg,rectangle_java2.jpg,3762658843,60,1131.9546666666668,516.55,1132.5,512,10,21,;,1,class->block->function->block
2,53,rectangle_java2.jpg,rectangle_java2.jpg,3762874967,64,1127.14375,506.5662500000001,1132.5,512,10,21,;,1,class->block->function->block
2,53,rectangle_java2.jpg,rectangle_java2.jpg,3763462957,72,937.285,561.95,900.5,549,63,21,return,6,class->block->function->block->block_content->return
2,53,rectangle_java2.jpg,rectangle_java2.jpg,3764198943,60,1014.5526666666667,520.666,958.5,512,71,21,this.x2,7,class->block->function->block->block_content->return->expr->name->name->operator->name->operator
2,53,rectangle_java2.jpg,rectangle_java2.jpg,3764486743,92,804.705652173913,586.4465217391304,804.5,585,43,21,area,4,class->block->function->name
2,53,rectangle_java2.jpg,rectangle_java2.jpg,3764962843,64,764.3981249999999,515.949375,737.5,512,33,21,int,3,class->block->function->type->name
2,53,rectangle_java2.jpg,rectangle_java2.jpg,3764962843,64,764.3981249999999,515.949375,775.5,512,53,21,width,5,class->block->function->name
2,53,rectangle_java2.jpg,rectangle_java2.jpg,3766478682,64,1245.974375,579.425,1140.5,585,110,21,this.height,11,class->block->function->block->block_content->return->expr->call->name->name->operator->name
2,53,rectangle_java2.jpg,rectangle_java2.jpg,3767258649,92,1058.6108695652174,559.0478260869565,1064.5,549,71,21,this.y1,7,class->block->function->block->block_content->return->expr->name->name->operator->name
2,53,rectangle_java2.jpg,rectangle_java2.jpg,3767406639,68,769.4594117647059,296.59117647058827,737.5,295,91,21,Rectangle,9,class->block->constructor->name
2,53,rectangle_java2.jpg,rectangle_java2.jpg,3767494622,84,768.7414285714285,291.2785714285714,737.5,295,91,21,Rectangle,9,class->block->constructor->name
2,53,rectangle_java2.jpg,rectangle_java2.jpg,3767826669,64,724.5475,216.195625,715.5,222,90,21,Rectangle,9,class->name
2,53,rectangle_java2.jpg,rectangle_java2.jpg,3769230587,112,806.0196428571429,507.8385714285714,775.5,512,53,21,width,5,class->block->function->name
2,53,rectangle_java2.jpg,rectangle_java2.jpg,3769454599,124,842.0035483870968,671.2958064516129,826.5,658,52,20,rect1,5,class->block->function->block->block_content->decl_stmt->decl->name
2,53,rectangle_java2.jpg,rectangle_java2.jpg,3769634555,176,845.6690909090909,684.7804545454545,730.5,694,177,21,System.out.println,18,class->block->function->block->block_content->expr_stmt->expr->call->name->name->operator->name->operator->name
2,53,rectangle_java2.jpg,rectangle_java2.jpg,3769822505,184,852.934347826087,692.1826086956522,730.5,694,177,21,System.out.println,18,class->block->function->block->block_content->expr_stmt->expr->call->name->name->operator->name->operator->name
2,53,rectangle_java2.jpg,rectangle_java2.jpg,3770146926,260,739.4544615384615,689.3644615384616,730.5,694,177,21,System.out.println,18,class->block->function->block->block_content->expr_stmt->expr->call->name->name->operator->name->operator->name
2,53,rectangle_java2.jpg,rectangle_java2.jpg,3770250823,100,738.2588,677.656,730.5,658,91,20,Rectangle,9,class->block->function->block->block_content->decl_stmt->decl->type->name
2,53,rectangle_java2.jpg,rectangle_java2.jpg,3770394610,140,737.5288571428572,656.1731428571428,730.5,658,91,20,Rectangle,9,class->block->function->block->block_content->decl_stmt->decl->type->name
2,53,rectangle_java2.jpg,rectangle_java2.jpg,3770774411,80,903.5795,655.176,902.5,658,34,20,new,3,class->block->function->block->block_content->decl_stmt->decl->init->expr->operator
2,53,rectangle_java2.jpg,rectangle_java2.jpg,3771126436,68,984.3335294117647,648.4458823529411,941.5,658,91,20,Rectangle,9,class->block->function->block->block_content->decl_stmt->decl->init->expr->call->name
2,53,rectangle_java2.jpg,rectangle_java2.jpg,3772294289,60,1125.8053333333332,677.7746666666667,1134.5,658,22,20,10,2,class->block->function->block->block_content->decl_stmt->decl->init->expr->call->argument_list->argument->expr->literal
2,53,rectangle_java2.jpg,rectangle_java2.jpg,3773530281,60,926.8613333333334,658.7113333333333,902.5,658,34,20,new,3,class->block->function->block->block_content->decl_stmt->decl->init->expr->operator
2,53,rectangle_java2.jpg,rectangle_java2.jpg,3773598233,64,911.4393749999999,646.245,902.5,658,34,20,new,3,class->block->function->block->block_content->decl_stmt->decl->init->expr->operator
2,53,rectangle_java2.jpg,rectangle_java2.jpg,3774374252,60,1206.852,673.5213333333334,1211.5,658,9,20,),1,class->block->function->block->block_content->decl_stmt->decl->init->expr->call->argument_list
2,53,rectangle_java2.jpg,rectangle_java2.jpg,3775374131,64,917.355,698.270625,916.5,694,9,21,(,1,class->block->function->block->block_content->expr_stmt->expr->call->argument_list
2,53,rectangle_java2.jpg,rectangle_java2.jpg,3776066148,60,1003.8293333333334,708.9326666666667,932.5,694,100,21,rect1.area,10,class->block->function->block->block_content->expr_stmt->expr->call->argument_list->argument->expr->call->name->name->operator->name
2,53,rectangle_java2.jpg,rectangle_java2.jpg,3776853951,68,923.5229411764706,770.1035294117647,916.5,766,9,21,(,1,class->block->function->block->block_content->expr_stmt->expr->call->argument_list
2,53,rectangle_java2.jpg,rectangle_java2.jpg,3776853951,68,923.5229411764706,770.1035294117647,932.5,766,100,21,rect2.area,10,class->block->function->block->block_content->expr_stmt->expr->call->argument_list->argument->expr->call->name->name->operator->name
2,53,rectangle_java2.jpg,rectangle_java2.jpg,3778549876,56,722.5564285714286,314.7257142857143,669.5,295,63,21,public,6,class->block->constructor->specifier
2,53,rectangle_java2.jpg,rectangle_java2.jpg,3778677886,92,728.8073913043478,322.50304347826085,730.5,331,71,19,this.x1,7,class->block->constructor->block->block_content->expr_stmt->expr->name->name->operator->name
2,53,rectangle_java2.jpg,rectangle_java2.jpg,3778825887,60,736.1233333333333,257.292,669.5,259,72,21,private,7,class->block->decl_stmt->decl->type->specifier
2,53,rectangle_java2.jpg,rectangle_java2.jpg,3778825887,60,736.1233333333333,257.292,747.5,259,33,21,int,3,class->block->decl_stmt->decl->type->name
2,53,rectangle_java2.jpg,rectangle_java2.jpg,3779237819,84,804.5966666666667,564.4128571428571,775.5,549,62,21,height,6,class->block->function->name
2,53,rectangle_java2.jpg,rectangle_java2.jpg,3779401625,88,766.3331818181819,536.9327272727272,737.5,549,33,21,int,3,class->block->function->type->name
2,53,rectangle_java2.jpg,rectangle_java2.jpg,3779401625,88,766.3331818181819,536.9327272727272,775.5,549,62,21,height,6,class->block->function->name
2,53,rectangle_java2.jpg,rectangle_java2.jpg,3780545728,92,963.62,722.1608695652174,941.5,731,91,20,Rectangle,9,class->block->function->block->block_content->decl_stmt->decl->init->expr->call->name
2,53,rectangle_java2.jpg,rectangle_java2.jpg,3780805761,68,790.1529411764706,722.5647058823529,730.5,731,91,20,Rectangle,9,class->block->function->block->block_content->decl_stmt->decl->type->name
2,53,rectangle_java2.jpg,rectangle_java2.jpg,3781325488,64,919.3575,654.273125,902.5,658,34,20,new,3,class->block->function->block->block_content->decl_stmt->decl->init->expr->operator
2,53,rectangle_java2.jpg,rectangle_java2.jpg,3781417548,88,923.2145454545455,649.855,902.5,658,34,20,new,3,class->block->function->block->block_content->decl_stmt->decl->init->expr->operator
2,53,rectangle_java2.jpg,rectangle_java2.jpg,3781569613,64,927.94625,669.250625,902.5,658,34,20,new,3,class->block->function->block->block_content->decl_stmt->decl->init->expr->operator
2,53,rectangle_java2.jpg,rectangle_java2.jpg,3781729620,80,992.2825,673.443,941.5,658,91,20,Rectangle,9,class->block->function->block->block_content->decl_stmt->decl->init->expr->call->name
2,53,rectangle_java2.jpg,rectangle_java2.jpg,3781793633,60,1002.5206666666667,667.9193333333334,941.5,658,91,20,Rectangle,9,class->block->function->block->block_content->decl_stmt->decl->init->expr->call->name
2,53,rectangle_java2.jpg,rectangle_java2.jpg,3782285629,72,1197.6905555555556,675.0077777777777,1182.5,658,22,20,10,2,class->block->function->block->block_content->decl_stmt->decl->init->expr->call->argument_list->argument->expr->literal
2,53,rectangle_java2.jpg,rectangle_java2.jpg,3782345646,56,1206.3799999999999,668.7935714285715,1211.5,658,9,20,),1,class->block->function->block->block_content->decl_stmt->decl->init->expr->call->argument_list
2,53,rectangle_java2.jpg,rectangle_java2.jpg,3782685663,124,1190.0658064516128,670.4287096774193,1182.5,658,22,20,10,2,class->block->function->block->block_content->decl_stmt->decl->init->expr->call->argument_list->argument->expr->literal
2,53,rectangle_java2.jpg,rectangle_java2.jpg,3783401465,68,1095.6864705882354,745.0388235294117,1095.5,731,13,20,5,1,class->block->function->block->block_content->decl_stmt->decl->init->expr->call->argument_list->argument->expr->literal
2,53,rectangle_java2.jpg,rectangle_java2.jpg,3783825483,108,1232.161851851852,741.0862962962963,1231.5,731,10,20,;,1,class->block->function->block->block_content->decl_stmt
2,53,rectangle_java2.jpg,rectangle_java2.jpg,3784157510,308,1037.3892207792208,757.3384415584416,1041.5,766,9,21,(,1,class->block->function->block->block_content->expr_stmt->expr->call->argument_list->argument->expr->call->argument_list
2,53,rectangle_java2.jpg,rectangle_java2.jpg,3784289537,120,890.141,760.6986666666667,730.5,766,177,21,System.out.println,18,class->block->function->block->block_content->expr_stmt->expr->call->name->name->operator->name->operator->name
2,53,rectangle_java2.jpg,rectangle_java2.jpg,3784625514,276,803.5191304347826,776.1339130434783,730.5,766,177,21,System.out.println,18,class->block->function->block->block_content->expr_stmt->expr->call->name->name->operator->name->operator->name
2,53,rectangle_java2.jpg,rectangle_java2.jpg,3784917144,80,888.647,770.362,730.5,766,177,21,System.out.println,18,class->block->function->block->block_content->expr_stmt->expr->call->name->name->operator->name->operator->name
2,53,rectangle_java2.jpg,rectangle_java2.jpg,3785149386,228,884.069298245614,777.2770175438596,730.5,766,177,21,System.out.println,18,class->block->function->block->block_content->expr_stmt->expr->call->name->name->operator->name->operator->name
2,53,rectangle_java2.jpg,rectangle_java2.jpg,3785365374,212,890.8207547169811,781.1394339622641,730.5,766,177,21,System.out.println,18,class->block->function->block->block_content->expr_stmt->expr->call->name->name->operator->name->operator->name
2,53,rectangle_java2.jpg,rectangle_java2.jpg,3785609391,232,1006.568275862069,770.6368965517241,932.5,766,100,21,rect2.area,10,class->block->function->block->block_content->expr_stmt->expr->call->argument_list->argument->expr->call->name->name->operator->name
2,53,rectangle_java2.jpg,rectangle_java2.jpg,3787545283,100,957.7412,530.9132,958.5,512,71,21,this.x2,7,class->block->function->block->block_content->return->expr->name->name->operator->name->operator
2,53,rectangle_java2.jpg,rectangle_java2.jpg,3787989274,132,704.4715151515152,271.21,669.5,259,72,21,private,7,class->block->decl_stmt->decl->type->specifier
2,53,rectangle_java2.jpg,rectangle_java2.jpg,3788073237,56,737.3564285714285,239.9785714285714,715.5,222,90,21,Rectangle,9,class->name
2,53,rectangle_java2.jpg,rectangle_java2.jpg,3788229206,60,745.4986666666666,250.10866666666664,747.5,259,33,21,int,3,class->block->decl_stmt->decl->type->name
2,53,rectangle_java2.jpg,rectangle_java2.jpg,3788353204,84,887.5409523809524,254.84761904761905,881.5,259,23,21,x2,2,class->block->decl_stmt->decl->name
2,53,rectangle_java2.jpg,rectangle_java2.jpg,3788661180,108,668.9377777777778,237.36592592592592,657.5,222,52,21,class,5,class
2,53,rectangle_java2.jpg,rectangle_java2.jpg,3789777101,112,667.8182142857142,226.1907142857143,657.5,222,52,21,class,5,class
2,53,rectangle_java2.jpg,rectangle_java2.jpg,3791021018,132,661.4121212121212,228.709696969697,657.5,222,52,21,class,5,class
2,53,rectangle_java2.jpg,rectangle_java2.jpg,3791093033,68,666.2052941176471,228.18,657.5,222,52,21,class,5,class
2,53,rectangle_java2.jpg,rectangle_java2.jpg,3791213064,100,714.7336,248.34519999999998,669.5,259,72,21,private,7,class->block->decl_stmt->decl->type->specifier
2,53,rectangle_java2.jpg,rectangle_java2.jpg,3791464991,92,962.28,263.7508695652174,959.5,259,10,21,;,1,class->block->decl_stmt
2,53,rectangle_java2.jpg,rectangle_java2.jpg,3792113022,68,740.655294117647,289.19235294117647,737.5,295,91,21,Rectangle,9,class->block->constructor->name
2,53,rectangle_java2.jpg,rectangle_java2.jpg,3792189029,72,737.96,295.2633333333333,737.5,295,91,21,Rectangle,9,class->block->constructor->name
2,53,rectangle_java2.jpg,rectangle_java2.jpg,3792316966,72,721.7205555555556,288.66277777777776,669.5,295,63,21,public,6,class->block->constructor->specifier
2,53,rectangle_java2.jpg,rectangle_java2.jpg,3792456795,80,749.34,292.5725,737.5,295,91,21,Rectangle,9,class->block->constructor->name
2,53,rectangle_java2.jpg,rectangle_java2.jpg,3792612833,56,739.99,306.2364285714286,737.5,295,91,21,Rectangle,9,class->block->constructor->name
2,53,rectangle_java2.jpg,rectangle_java2.jpg,3792736926,120,723.312,305.841,669.5,295,63,21,public,6,class->block->constructor->specifier
2,53,rectangle_java2.jpg,rectangle_java2.jpg,3792844907,56,693.77,277.77214285714285,669.5,259,72,21,private,7,class->block->decl_stmt->decl->type->specifier
2,53,rectangle_java2.jpg,rectangle_java2.jpg,3792940879,68,760.7470588235294,292.12470588235294,737.5,295,91,21,Rectangle,9,class->block->constructor->name
2,53,rectangle_java2.jpg,rectangle_java2.jpg,3793060859,80,781.309,309.446,737.5,295,91,21,Rectangle,9,class->block->constructor->name
2,53,rectangle_java2.jpg,rectangle_java2.jpg,3793176837,112,776.9614285714285,323.5957142857143,730.5,331,71,19,this.x1,7,class->block->constructor->block->block_content->expr_stmt->expr->name->name->operator->name
2,53,rectangle_java2.jpg,rectangle_java2.jpg,3793360829,112,712.675,308.4996428571429,669.5,295,63,21,public,6,class->block->constructor->specifier
2,53,rectangle_java2.jpg,rectangle_java2.jpg,3793852877,64,808.004375,311.20437499999997,737.5,295,91,21,Rectangle,9,class->block->constructor->name
2,53,rectangle_java2.jpg,rectangle_java2.jpg,3794032950,144,802.6791666666667,338.4244444444444,806.5,331,15,19,=,1,class->block->constructor->block->block_content->expr_stmt->expr->operator
2,53,rectangle_java2.jpg,rectangle_java2.jpg,3794732726,148,1008.4102702702703,499.5381081081081,958.5,512,71,21,this.x2,7,class->block->function->block->block_content->return->expr->name->name->operator->name->operator
2,53,rectangle_java2.jpg,rectangle_java2.jpg,3795116698,112,1055.4903571428572,593.0639285714286,977.5,585,101,21,this.width,10,class->block->function->block->block_content->return->expr->call->name->name->operator->name
2,53,rectangle_java2.jpg,rectangle_java2.jpg,3795664741,56,771.4342857142857,515.8764285714286,775.5,512,53,21,width,5,class->block->function->name
2,53,rectangle_java2.jpg,rectangle_java2.jpg,3796320529,128,953.9740625,699.9403125,932.5,694,100,21,rect1.area,10,class->block->function->block->block_content->expr_stmt->expr->call->argument_list->argument->expr->call->name->name->operator->name
2,53,rectangle_java2.jpg,rectangle_java2.jpg,3796484595,100,842.46,700.6048,730.5,694,177,21,System.out.println,18,class->block->function->block->block_content->expr_stmt->expr->call->name->name->operator->name->operator->name
2,53,rectangle_java2.jpg,rectangle_java2.jpg,3796548620,60,846.1,704.5973333333333,730.5,694,177,21,System.out.println,18,class->block->function->block->block_content->expr_stmt->expr->call->name->name->operator->name->operator->name
2,53,rectangle_java2.jpg,rectangle_java2.jpg,3796844613,232,806.1805172413793,709.5086206896551,730.5,694,177,21,System.out.println,18,class->block->function->block->block_content->expr_stmt->expr->call->name->name->operator->name->operator->name
2,53,rectangle_java2.jpg,rectangle_java2.jpg,3797104587,68,861.1035294117647,637.454705882353,851.5,621,44,21,main,4,class->block->function->name
2,53,rectangle_java2.jpg,rectangle_java2.jpg,3797328596,92,863.888695652174,628.1378260869566,851.5,621,44,21,main,4,class->block->function->name
2,53,rectangle_java2.jpg,rectangle_java2.jpg,3797392601,60,863.0893333333333,612.2666666666667,851.5,621,44,21,main,4,class->block->function->name
2,53,rectangle_java2.jpg,rectangle_java2.jpg,3797648594,64,816.0649999999999,605.603125,804.5,585,43,21,area,4,class->block->function->name
2,53,rectangle_java2.jpg,rectangle_java2.jpg,3798540504,56,926.325,561.8657142857143,900.5,549,63,21,return,6,class->block->function->block->block_content->return
2,53,rectangle_java2.jpg,rectangle_java2.jpg,3798876483,96,826.0358333333334,666.7595833333334,826.5,658,52,20,rect1,5,class->block->function->block->block_content->decl_stmt->decl->name
2,53,rectangle_java2.jpg,rectangle_java2.jpg,3799016467,88,811.5786363636364,651.6431818181818,730.5,658,91,20,Rectangle,9,class->block->function->block->block_content->decl_stmt->decl->type->name
2,53,rectangle_java2.jpg,rectangle_java2.jpg,3799188558,112,818.4414285714286,655.3660714285714,730.5,658,91,20,Rectangle,9,class->block->function->block->block_content->decl_stmt->decl->type->name
2,53,rectangle_java2.jpg,rectangle_java2.jpg,3799188558,112,818.4414285714286,655.3660714285714,826.5,658,52,20,rect1,5,class->block->function->block->block_content->decl_stmt->decl->name
2,53,rectangle_java2.jpg,rectangle_java2.jpg,3799336548,120,838.6723333333333,603.4973333333334,804.5,585,43,21,area,4,class->block->function->name
2,53,rectangle_java2.jpg,rectangle_java2.jpg,3799468493,76,1000.8942105263158,597.5768421052632,977.5,585,101,21,this.width,10,class->block->function->block->block_content->return->expr->call->name->name->operator->name
2,53,rectangle_java2.jpg,rectangle_java2.jpg,3799532474,60,994.448,586.594,977.5,585,101,21,this.width,10,class->block->function->block->block_content->return->expr->call->name->name->operator->name
2,53,rectangle_java2.jpg,rectangle_java2.jpg,3799668457,80,995.0085,593.243,977.5,585,101,21,this.width,10,class->block->function->block->block_content->return->expr->call->name->name->operator->name
2,53,rectangle_java2.jpg,rectangle_java2.jpg,3800424381,84,730.192380952381,539.8785714285715,669.5,549,63,21,public,6,class->block->function->type->specifier
2,53,rectangle_java2.jpg,rectangle_java2.jpg,3800424381,84,730.192380952381,539.8785714285715,737.5,549,33,21,int,3,class->block->function->type->name
2,53,rectangle_java2.jpg,rectangle_java2.jpg,3800544348,60,742.6853333333333,537.466,737.5,549,33,21,int,3,class->block->function->type->name
2,53,rectangle_java2.jpg,rectangle_java2.jpg,3801440392,76,767.3726315789473,538.0742105263158,737.5,549,33,21,int,3,class->block->function->type->name
2,53,rectangle_java2.jpg,rectangle_java2.jpg,3801440392,76,767.3726315789473,538.0742105263158,775.5,549,62,21,height,6,class->block->function->name
2,53,rectangle_java2.jpg,rectangle_java2.jpg,3801648330,56,757.6821428571428,597.7078571428572,737.5,585,62,21,double,6,class->block->function->type->name
2,53,rectangle_java2.jpg,rectangle_java2.jpg,3802376168,140,785.6282857142857,460.19228571428573,730.5,440,71,21,this.y2,7,class->block->constructor->block->block_content->expr_stmt->expr->name->name->operator->name
