trial,participant,code_file,code_language,timestamp,duration,x_cord,y_cord,aoi_x,aoi_y,aoi_width,aoi_height,token,length,srcML
2,59,rectangle_java2.jpg,rectangle_java2.jpg,425777314,120,831.6143333333333,371.28833333333336,826.5,367,23,21,y1,2,class->block->constructor->block->block_content->expr_stmt->expr->name->name
2,59,rectangle_java2.jpg,rectangle_java2.jpg,425861245,80,832.352,381.1365,826.5,367,23,21,y1,2,class->block->constructor->block->block_content->expr_stmt->expr->name->name
2,59,rectangle_java2.jpg,rectangle_java2.jpg,435520579,108,704.4725925925926,211.17518518518517,657.5,222,52,21,class,5,class
2,59,rectangle_java2.jpg,rectangle_java2.jpg,435520579,108,704.4725925925926,211.17518518518517,715.5,222,90,21,Rectangle,9,class->name
2,59,rectangle_java2.jpg,rectangle_java2.jpg,435844353,228,765.2524561403509,229.35596491228068,715.5,222,90,21,Rectangle,9,class->name
2,59,rectangle_java2.jpg,rectangle_java2.jpg,435936428,88,760.8068181818181,225.8931818181818,715.5,222,90,21,Rectangle,9,class->name
2,59,rectangle_java2.jpg,rectangle_java2.jpg,436116484,124,683.0351612903225,212.73612903225808,657.5,222,52,21,class,5,class
2,59,rectangle_java2.jpg,rectangle_java2.jpg,437328340,68,718.7364705882353,211.68117647058824,715.5,222,90,21,Rectangle,9,class->name
2,59,rectangle_java2.jpg,rectangle_java2.jpg,437452227,120,710.6316666666667,222.68933333333337,715.5,222,90,21,Rectangle,9,class->name
2,59,rectangle_java2.jpg,rectangle_java2.jpg,437568150,112,689.3403571428571,220.46178571428572,657.5,222,52,21,class,5,class
2,59,rectangle_java2.jpg,rectangle_java2.jpg,437704252,112,761.6310714285714,218.78750000000002,715.5,222,90,21,Rectangle,9,class->name
2,59,rectangle_java2.jpg,rectangle_java2.jpg,438864302,92,790.8969565217392,269.55478260869563,785.5,259,23,21,x1,2,class->block->decl_stmt->decl->name
2,59,rectangle_java2.jpg,rectangle_java2.jpg,439044275,156,751.2576923076923,265.35076923076923,747.5,259,33,21,int,3,class->block->decl_stmt->decl->type->name
2,59,rectangle_java2.jpg,rectangle_java2.jpg,439196286,148,750.3091891891892,266.21135135135137,747.5,259,33,21,int,3,class->block->decl_stmt->decl->type->name
2,59,rectangle_java2.jpg,rectangle_java2.jpg,439576025,340,813.0269411764706,266.57929411764707,815.5,259,10,21,",",1,class->block->decl_stmt
2,59,rectangle_java2.jpg,rectangle_java2.jpg,439748103,128,761.6553125,253.84562500000004,747.5,259,33,21,int,3,class->block->decl_stmt->decl->type->name
2,59,rectangle_java2.jpg,rectangle_java2.jpg,439864156,112,748.9278571428572,253.60892857142858,747.5,259,33,21,int,3,class->block->decl_stmt->decl->type->name
2,59,rectangle_java2.jpg,rectangle_java2.jpg,439972203,80,829.886,253.6895,833.5,259,23,21,y1,2,class->block->decl_stmt->decl->name
2,59,rectangle_java2.jpg,rectangle_java2.jpg,440172221,196,826.4169387755102,269.0808163265306,833.5,259,23,21,y1,2,class->block->decl_stmt->decl->name
2,59,rectangle_java2.jpg,rectangle_java2.jpg,440268212,92,822.5952173913043,270.5404347826087,815.5,259,10,21,",",1,class->block->decl_stmt
2,59,rectangle_java2.jpg,rectangle_java2.jpg,440268212,92,822.5952173913043,270.5404347826087,833.5,259,23,21,y1,2,class->block->decl_stmt->decl->name
2,59,rectangle_java2.jpg,rectangle_java2.jpg,440388193,108,898.4940740740741,278.37481481481484,881.5,259,23,21,x2,2,class->block->decl_stmt->decl->name
2,59,rectangle_java2.jpg,rectangle_java2.jpg,440564089,172,901.8160465116279,265.6427906976744,881.5,259,23,21,x2,2,class->block->decl_stmt->decl->name
2,59,rectangle_java2.jpg,rectangle_java2.jpg,440564089,172,901.8160465116279,265.6427906976744,911.5,259,10,21,",",1,class->block->decl_stmt
2,59,rectangle_java2.jpg,rectangle_java2.jpg,440888247,236,811.8008474576271,267.37627118644065,815.5,259,10,21,",",1,class->block->decl_stmt
2,59,rectangle_java2.jpg,rectangle_java2.jpg,441084116,192,825.55,274.62958333333336,833.5,259,23,21,y1,2,class->block->decl_stmt->decl->name
2,59,rectangle_java2.jpg,rectangle_java2.jpg,442156060,252,905.3703174603174,271.17873015873016,911.5,259,10,21,",",1,class->block->decl_stmt
2,59,rectangle_java2.jpg,rectangle_java2.jpg,442411975,188,867.0034042553192,287.85872340425533,853.5,295,32,21,int,3,class->block->constructor->parameter_list->parameter->decl->type->name
2,59,rectangle_java2.jpg,rectangle_java2.jpg,442527989,112,852.0692857142857,299.375,853.5,295,32,21,int,3,class->block->constructor->parameter_list->parameter->decl->type->name
2,59,rectangle_java2.jpg,rectangle_java2.jpg,442608006,76,804.3157894736842,304.6273684210526,737.5,295,91,21,Rectangle,9,class->block->constructor->name
2,59,rectangle_java2.jpg,rectangle_java2.jpg,442863932,252,798.3826984126985,295.7293650793651,737.5,295,91,21,Rectangle,9,class->block->constructor->name
2,59,rectangle_java2.jpg,rectangle_java2.jpg,442967894,100,797.9348,299.8508,737.5,295,91,21,Rectangle,9,class->block->constructor->name
2,59,rectangle_java2.jpg,rectangle_java2.jpg,443211855,184,793.3367391304348,297.8517391304348,737.5,295,91,21,Rectangle,9,class->block->constructor->name
2,59,rectangle_java2.jpg,rectangle_java2.jpg,443379923,116,820.0703448275863,332.2655172413793,806.5,331,15,19,=,1,class->block->constructor->block->block_content->expr_stmt->expr->operator
2,59,rectangle_java2.jpg,rectangle_java2.jpg,443379923,116,820.0703448275863,332.2655172413793,826.5,331,23,19,x1,2,class->block->constructor->block->block_content->expr_stmt->expr->name->name
2,59,rectangle_java2.jpg,rectangle_java2.jpg,443499931,116,816.4331034482758,322.3313793103448,806.5,331,15,19,=,1,class->block->constructor->block->block_content->expr_stmt->expr->operator
2,59,rectangle_java2.jpg,rectangle_java2.jpg,443499931,116,816.4331034482758,322.3313793103448,826.5,331,23,19,x1,2,class->block->constructor->block->block_content->expr_stmt->expr->name->name
2,59,rectangle_java2.jpg,rectangle_java2.jpg,443615939,112,808.7446428571428,336.5757142857143,806.5,331,15,19,=,1,class->block->constructor->block->block_content->expr_stmt->expr->operator
2,59,rectangle_java2.jpg,rectangle_java2.jpg,443859930,168,814.6852380952381,397.6945238095238,806.5,404,15,19,=,1,class->block->constructor->block->block_content->expr_stmt->expr->operator
2,59,rectangle_java2.jpg,rectangle_java2.jpg,443859930,168,814.6852380952381,397.6945238095238,826.5,404,23,19,x2,2,class->block->constructor->block->block_content->expr_stmt->expr->name->name
2,59,rectangle_java2.jpg,rectangle_java2.jpg,444003890,140,821.8002857142857,392.6882857142857,826.5,404,23,19,x2,2,class->block->constructor->block->block_content->expr_stmt->expr->name->name
2,59,rectangle_java2.jpg,rectangle_java2.jpg,444575964,60,864.856,379.62733333333335,856.5,367,10,21,;,1,class->block->constructor->block->block_content->expr_stmt
2,59,rectangle_java2.jpg,rectangle_java2.jpg,444751897,172,860.9658139534884,371.4039534883721,856.5,367,10,21,;,1,class->block->constructor->block->block_content->expr_stmt
2,59,rectangle_java2.jpg,rectangle_java2.jpg,444819803,64,815.260625,374.28625,806.5,367,15,21,=,1,class->block->constructor->block->block_content->expr_stmt->expr->operator
2,59,rectangle_java2.jpg,rectangle_java2.jpg,444819803,64,815.260625,374.28625,826.5,367,23,21,y1,2,class->block->constructor->block->block_content->expr_stmt->expr->name->name
2,59,rectangle_java2.jpg,rectangle_java2.jpg,445031695,208,809.0459615384616,373.3125,806.5,367,15,21,=,1,class->block->constructor->block->block_content->expr_stmt->expr->operator
2,59,rectangle_java2.jpg,rectangle_java2.jpg,445843726,152,816.6707894736842,341.3594736842105,806.5,331,15,19,=,1,class->block->constructor->block->block_content->expr_stmt->expr->operator
2,59,rectangle_java2.jpg,rectangle_java2.jpg,445843726,152,816.6707894736842,341.3594736842105,826.5,331,23,19,x1,2,class->block->constructor->block->block_content->expr_stmt->expr->name->name
2,59,rectangle_java2.jpg,rectangle_java2.jpg,445971730,124,807.241935483871,338.1667741935484,806.5,331,15,19,=,1,class->block->constructor->block->block_content->expr_stmt->expr->operator
2,59,rectangle_java2.jpg,rectangle_java2.jpg,446087733,112,800.1303571428572,338.11107142857145,730.5,331,71,19,this.x1,7,class->block->constructor->block->block_content->expr_stmt->expr->name->name->operator->name
2,59,rectangle_java2.jpg,rectangle_java2.jpg,446087733,112,800.1303571428572,338.11107142857145,806.5,331,15,19,=,1,class->block->constructor->block->block_content->expr_stmt->expr->operator
2,59,rectangle_java2.jpg,rectangle_java2.jpg,446171739,72,782.5905555555555,242.64555555555557,715.5,222,90,21,Rectangle,9,class->name
2,59,rectangle_java2.jpg,rectangle_java2.jpg,446299734,80,777.155,222.91449999999998,715.5,222,90,21,Rectangle,9,class->name
2,59,rectangle_java2.jpg,rectangle_java2.jpg,446379729,76,784.6684210526316,225.46105263157892,715.5,222,90,21,Rectangle,9,class->name
2,59,rectangle_java2.jpg,rectangle_java2.jpg,446479725,68,717.6335294117647,216.9435294117647,715.5,222,90,21,Rectangle,9,class->name
2,59,rectangle_java2.jpg,rectangle_java2.jpg,446555729,72,712.0461111111111,214.25166666666667,715.5,222,90,21,Rectangle,9,class->name
2,59,rectangle_java2.jpg,rectangle_java2.jpg,446699698,140,769.2277142857142,213.05685714285715,715.5,222,90,21,Rectangle,9,class->name
2,59,rectangle_java2.jpg,rectangle_java2.jpg,446855653,96,688.9929166666667,213.44083333333333,657.5,222,52,21,class,5,class
2,59,rectangle_java2.jpg,rectangle_java2.jpg,448907511,116,754.4713793103448,458.36517241379306,730.5,440,71,21,this.y2,7,class->block->constructor->block->block_content->expr_stmt->expr->name->name->operator->name
2,59,rectangle_java2.jpg,rectangle_java2.jpg,452123370,128,729.1659375,430.17656250000005,730.5,440,71,21,this.y2,7,class->block->constructor->block->block_content->expr_stmt->expr->name->name->operator->name
2,59,rectangle_java2.jpg,rectangle_java2.jpg,452215353,88,738.4045454545454,453.91181818181826,730.5,440,71,21,this.y2,7,class->block->constructor->block->block_content->expr_stmt->expr->name->name->operator->name
2,59,rectangle_java2.jpg,rectangle_java2.jpg,454159063,84,773.7257142857143,459.18000000000006,730.5,440,71,21,this.y2,7,class->block->constructor->block->block_content->expr_stmt->expr->name->name->operator->name
2,59,rectangle_java2.jpg,rectangle_java2.jpg,454359115,196,770.554693877551,455.4655102040816,730.5,440,71,21,this.y2,7,class->block->constructor->block->block_content->expr_stmt->expr->name->name->operator->name
2,59,rectangle_java2.jpg,rectangle_java2.jpg,456138903,156,759.8020512820513,516.3425641025641,737.5,512,33,21,int,3,class->block->function->type->name
2,59,rectangle_java2.jpg,rectangle_java2.jpg,456314911,172,741.4423255813954,511.6920930232559,737.5,512,33,21,int,3,class->block->function->type->name
2,59,rectangle_java2.jpg,rectangle_java2.jpg,456458937,132,841.4466666666667,514.5827272727273,837.5,512,9,21,(,1,class->block->function->parameter_list
2,59,rectangle_java2.jpg,rectangle_java2.jpg,456542941,80,845.0845,513.3255,837.5,512,9,21,(,1,class->block->function->parameter_list
2,59,rectangle_java2.jpg,rectangle_java2.jpg,456542941,80,845.0845,513.3255,854.5,512,9,21,),1,class->block->function->parameter_list
2,59,rectangle_java2.jpg,rectangle_java2.jpg,456826952,244,918.3327868852459,505.9031147540984,891.5,512,62,21,return,6,class->block->function->block->block_content->return->expr->name->name
2,59,rectangle_java2.jpg,rectangle_java2.jpg,456926960,84,973.115238095238,515.3604761904762,958.5,512,71,21,this.x2,7,class->block->function->block->block_content->return->expr->name->name->operator->name->operator
2,59,rectangle_java2.jpg,rectangle_java2.jpg,457022921,92,979.2017391304348,500.12478260869557,958.5,512,71,21,this.x2,7,class->block->function->block->block_content->return->expr->name->name->operator->name->operator
2,59,rectangle_java2.jpg,rectangle_java2.jpg,457094892,68,1017.5882352941177,507.29352941176467,958.5,512,71,21,this.x2,7,class->block->function->block->block_content->return->expr->name->name->operator->name->operator
2,59,rectangle_java2.jpg,rectangle_java2.jpg,457222879,124,1023.6777419354838,513.7174193548387,958.5,512,71,21,this.x2,7,class->block->function->block->block_content->return->expr->name->name->operator->name->operator
2,59,rectangle_java2.jpg,rectangle_java2.jpg,457222879,124,1023.6777419354838,513.7174193548387,1035.5,512,13,21,-,1,class->block->function->block->block_content->return->expr->name->name
2,59,rectangle_java2.jpg,rectangle_java2.jpg,457562905,132,1109.030303030303,501.7642424242424,1054.5,512,71,21,this.x1,7,class->block->function->block->block_content->return->expr->name->name->operator->name
2,59,rectangle_java2.jpg,rectangle_java2.jpg,457626922,60,1101.6326666666666,507.496,1054.5,512,71,21,this.x1,7,class->block->function->block->block_content->return->expr->name->name->operator->name
2,59,rectangle_java2.jpg,rectangle_java2.jpg,457774946,144,1153.2024999999999,512.9775,1152.5,512,10,21,},1,class->block
2,59,rectangle_java2.jpg,rectangle_java2.jpg,458282840,172,823.2881395348837,505.7120930232559,775.5,512,53,21,width,5,class->block->function->name
2,59,rectangle_java2.jpg,rectangle_java2.jpg,458510860,156,887.384358974359,502.2323076923077,891.5,512,62,21,return,6,class->block->function->block->block_content->return->expr->name->name
2,59,rectangle_java2.jpg,rectangle_java2.jpg,458602842,88,889.675909090909,504.06999999999994,891.5,512,62,21,return,6,class->block->function->block->block_content->return->expr->name->name
2,59,rectangle_java2.jpg,rectangle_java2.jpg,458754844,140,977.7308571428572,504.3497142857143,958.5,512,71,21,this.x2,7,class->block->function->block->block_content->return->expr->name->name->operator->name->operator
2,59,rectangle_java2.jpg,rectangle_java2.jpg,458986836,164,1038.979268292683,508.7068292682927,1035.5,512,13,21,-,1,class->block->function->block->block_content->return->expr->name->name
2,59,rectangle_java2.jpg,rectangle_java2.jpg,459230777,144,979.4713888888889,504.43027777777775,958.5,512,71,21,this.x2,7,class->block->function->block->block_content->return->expr->name->name->operator->name->operator
2,59,rectangle_java2.jpg,rectangle_java2.jpg,459366773,84,1013.0728571428572,509.652380952381,958.5,512,71,21,this.x2,7,class->block->function->block->block_content->return->expr->name->name->operator->name->operator
2,59,rectangle_java2.jpg,rectangle_java2.jpg,459430774,60,1015.3933333333333,509.7973333333334,958.5,512,71,21,this.x2,7,class->block->function->block->block_content->return->expr->name->name->operator->name->operator
2,59,rectangle_java2.jpg,rectangle_java2.jpg,459586777,152,1029.3376315789474,513.9881578947368,958.5,512,71,21,this.x2,7,class->block->function->block->block_content->return->expr->name->name->operator->name->operator
2,59,rectangle_java2.jpg,rectangle_java2.jpg,459586777,152,1029.3376315789474,513.9881578947368,1035.5,512,13,21,-,1,class->block->function->block->block_content->return->expr->name->name
2,59,rectangle_java2.jpg,rectangle_java2.jpg,459694722,64,994.560625,514.0493749999999,958.5,512,71,21,this.x2,7,class->block->function->block->block_content->return->expr->name->name->operator->name->operator
2,59,rectangle_java2.jpg,rectangle_java2.jpg,459802670,104,987.9407692307692,500.77576923076924,958.5,512,71,21,this.x2,7,class->block->function->block->block_content->return->expr->name->name->operator->name->operator
2,59,rectangle_java2.jpg,rectangle_java2.jpg,460050708,68,866.3117647058824,329.7076470588235,856.5,331,10,19,;,1,class->block->constructor->block->block_content->expr_stmt
2,59,rectangle_java2.jpg,rectangle_java2.jpg,460278703,100,854.9828,296.2312,853.5,295,32,21,int,3,class->block->constructor->parameter_list->parameter->decl->type->name
2,59,rectangle_java2.jpg,rectangle_java2.jpg,460414670,132,866.5548484848484,267.3290909090909,863.5,259,10,21,",",1,class->block->decl_stmt
2,59,rectangle_java2.jpg,rectangle_java2.jpg,461106706,68,791.3088235294118,337.24764705882353,730.5,331,71,19,this.x1,7,class->block->constructor->block->block_content->expr_stmt->expr->name->name->operator->name
2,59,rectangle_java2.jpg,rectangle_java2.jpg,461702526,76,899.0547368421053,271.0131578947369,881.5,259,23,21,x2,2,class->block->decl_stmt->decl->name
2,59,rectangle_java2.jpg,rectangle_java2.jpg,461702526,76,899.0547368421053,271.0131578947369,911.5,259,10,21,",",1,class->block->decl_stmt
2,59,rectangle_java2.jpg,rectangle_java2.jpg,461798517,92,894.1826086956522,272.7004347826087,881.5,259,23,21,x2,2,class->block->decl_stmt->decl->name
2,59,rectangle_java2.jpg,rectangle_java2.jpg,461902542,100,898.6524,265.7592,881.5,259,23,21,x2,2,class->block->decl_stmt->decl->name
2,59,rectangle_java2.jpg,rectangle_java2.jpg,462038576,132,890.0024242424242,279.1515151515151,881.5,259,23,21,x2,2,class->block->decl_stmt->decl->name
2,59,rectangle_java2.jpg,rectangle_java2.jpg,463150542,92,711.4834782608696,224.68782608695653,715.5,222,90,21,Rectangle,9,class->name
2,59,rectangle_java2.jpg,rectangle_java2.jpg,463322496,88,781.4513636363637,236.33227272727277,715.5,222,90,21,Rectangle,9,class->name
2,59,rectangle_java2.jpg,rectangle_java2.jpg,463394470,68,774.53,268.93764705882353,747.5,259,33,21,int,3,class->block->decl_stmt->decl->type->name
2,59,rectangle_java2.jpg,rectangle_java2.jpg,463394470,68,774.53,268.93764705882353,785.5,259,23,21,x1,2,class->block->decl_stmt->decl->name
2,59,rectangle_java2.jpg,rectangle_java2.jpg,463694446,128,771.5896875,288.579375,737.5,295,91,21,Rectangle,9,class->block->constructor->name
2,59,rectangle_java2.jpg,rectangle_java2.jpg,463894456,164,754.9836585365854,328.0926829268293,730.5,331,71,19,this.x1,7,class->block->constructor->block->block_content->expr_stmt->expr->name->name->operator->name
2,59,rectangle_java2.jpg,rectangle_java2.jpg,463970457,64,844.88125,358.895,826.5,367,23,21,y1,2,class->block->constructor->block->block_content->expr_stmt->expr->name->name
2,59,rectangle_java2.jpg,rectangle_java2.jpg,463970457,64,844.88125,358.895,856.5,367,10,21,;,1,class->block->constructor->block->block_content->expr_stmt
2,59,rectangle_java2.jpg,rectangle_java2.jpg,464142386,168,845.6207142857143,369.1997619047619,826.5,367,23,21,y1,2,class->block->constructor->block->block_content->expr_stmt->expr->name->name
2,59,rectangle_java2.jpg,rectangle_java2.jpg,464142386,168,845.6207142857143,369.1997619047619,856.5,367,10,21,;,1,class->block->constructor->block->block_content->expr_stmt
2,59,rectangle_java2.jpg,rectangle_java2.jpg,464258341,112,826.46,373.1985714285714,826.5,367,23,21,y1,2,class->block->constructor->block->block_content->expr_stmt->expr->name->name
2,59,rectangle_java2.jpg,rectangle_java2.jpg,465850296,144,976.1927777777778,559.6463888888889,968.5,549,70,21,this.y2,7,class->block->function->block->block_content->return->expr->name->name->operator->name
2,59,rectangle_java2.jpg,rectangle_java2.jpg,465966313,88,1015.2009090909091,537.0377272727272,968.5,549,70,21,this.y2,7,class->block->function->block->block_content->return->expr->name->name->operator->name
2,59,rectangle_java2.jpg,rectangle_java2.jpg,466302268,332,1019.2286746987952,499.71265060240967,958.5,512,71,21,this.x2,7,class->block->function->block->block_content->return->expr->name->name->operator->name->operator
2,59,rectangle_java2.jpg,rectangle_java2.jpg,466382285,76,1038.5957894736841,507.1715789473684,1035.5,512,13,21,-,1,class->block->function->block->block_content->return->expr->name->name
2,59,rectangle_java2.jpg,rectangle_java2.jpg,466618301,232,1046.483275862069,506.3844827586206,1035.5,512,13,21,-,1,class->block->function->block->block_content->return->expr->name->name
2,59,rectangle_java2.jpg,rectangle_java2.jpg,466618301,232,1046.483275862069,506.3844827586206,1054.5,512,71,21,this.x1,7,class->block->function->block->block_content->return->expr->name->name->operator->name
2,59,rectangle_java2.jpg,rectangle_java2.jpg,467186014,152,781.5910526315789,573.155,737.5,585,62,21,double,6,class->block->function->type->name
2,59,rectangle_java2.jpg,rectangle_java2.jpg,467382118,172,939.2872093023256,502.9060465116279,891.5,512,62,21,return,6,class->block->function->block->block_content->return->expr->name->name
2,59,rectangle_java2.jpg,rectangle_java2.jpg,467446121,60,937.3066666666666,506.9133333333334,891.5,512,62,21,return,6,class->block->function->block->block_content->return->expr->name->name
2,59,rectangle_java2.jpg,rectangle_java2.jpg,467590131,140,894.4745714285714,504.4814285714285,891.5,512,62,21,return,6,class->block->function->block->block_content->return->expr->name->name
2,59,rectangle_java2.jpg,rectangle_java2.jpg,468478183,216,1018.5494444444445,507.6831481481481,958.5,512,71,21,this.x2,7,class->block->function->block->block_content->return->expr->name->name->operator->name->operator
2,59,rectangle_java2.jpg,rectangle_java2.jpg,468929945,352,1137.7325,510.7954545454545,1132.5,512,10,21,;,1,class->block->function->block
2,59,rectangle_java2.jpg,rectangle_java2.jpg,469633972,428,1086.576355140187,509.39336448598124,1054.5,512,71,21,this.x1,7,class->block->function->block->block_content->return->expr->name->name->operator->name
2,59,rectangle_java2.jpg,rectangle_java2.jpg,469701974,64,1056.715625,507.4200000000001,1054.5,512,71,21,this.x1,7,class->block->function->block->block_content->return->expr->name->name->operator->name
2,59,rectangle_java2.jpg,rectangle_java2.jpg,469841992,136,1052.7135294117647,512.8111764705882,1054.5,512,71,21,this.x1,7,class->block->function->block->block_content->return->expr->name->name->operator->name
2,59,rectangle_java2.jpg,rectangle_java2.jpg,469942018,88,1155.8681818181817,524.2940909090909,1152.5,512,10,21,},1,class->block
2,59,rectangle_java2.jpg,rectangle_java2.jpg,470034038,88,1151.1763636363637,516.5890909090909,1152.5,512,10,21,},1,class->block
2,59,rectangle_java2.jpg,rectangle_java2.jpg,470234056,196,1136.0855102040816,508.90265306122456,1132.5,512,10,21,;,1,class->block->function->block
2,59,rectangle_java2.jpg,rectangle_java2.jpg,471121906,168,829.6411904761904,325.56190476190477,826.5,331,23,19,x1,2,class->block->constructor->block->block_content->expr_stmt->expr->name->name
2,59,rectangle_java2.jpg,rectangle_java2.jpg,471413839,56,749.3057142857143,330.4507142857143,730.5,331,71,19,this.x1,7,class->block->constructor->block->block_content->expr_stmt->expr->name->name->operator->name
2,59,rectangle_java2.jpg,rectangle_java2.jpg,471517870,100,742.768,333.0008,730.5,331,71,19,this.x1,7,class->block->constructor->block->block_content->expr_stmt->expr->name->name->operator->name
2,59,rectangle_java2.jpg,rectangle_java2.jpg,472153867,164,776.910243902439,255.65560975609753,747.5,259,33,21,int,3,class->block->decl_stmt->decl->type->name
2,59,rectangle_java2.jpg,rectangle_java2.jpg,472153867,164,776.910243902439,255.65560975609753,785.5,259,23,21,x1,2,class->block->decl_stmt->decl->name
2,59,rectangle_java2.jpg,rectangle_java2.jpg,473641806,200,1108.7276,521.718,1054.5,512,71,21,this.x1,7,class->block->function->block->block_content->return->expr->name->name->operator->name
2,59,rectangle_java2.jpg,rectangle_java2.jpg,473701798,56,1121.192857142857,528.2207142857143,1054.5,512,71,21,this.x1,7,class->block->function->block->block_content->return->expr->name->name->operator->name
2,59,rectangle_java2.jpg,rectangle_java2.jpg,473701798,56,1121.192857142857,528.2207142857143,1132.5,512,10,21,;,1,class->block->function->block
2,59,rectangle_java2.jpg,rectangle_java2.jpg,473801781,96,1130.3695833333334,520.60375,1132.5,512,10,21,;,1,class->block->function->block
2,59,rectangle_java2.jpg,rectangle_java2.jpg,474017733,156,794.6997435897435,552.526923076923,775.5,549,62,21,height,6,class->block->function->name
2,59,rectangle_java2.jpg,rectangle_java2.jpg,474437516,64,924.755,541.418125,900.5,549,63,21,return,6,class->block->function->block->block_content->return
2,59,rectangle_java2.jpg,rectangle_java2.jpg,474597503,156,940.995641025641,540.5107692307693,900.5,549,63,21,return,6,class->block->function->block->block_content->return
2,59,rectangle_java2.jpg,rectangle_java2.jpg,474705552,104,937.6873076923077,530.3476923076923,891.5,512,62,21,return,6,class->block->function->block->block_content->return->expr->name->name
2,59,rectangle_java2.jpg,rectangle_java2.jpg,475189611,160,892.1375,499.80825000000004,891.5,512,62,21,return,6,class->block->function->block->block_content->return->expr->name->name
2,59,rectangle_java2.jpg,rectangle_java2.jpg,475405627,132,1057.9542424242425,552.9196969696969,1045.5,549,13,21,-,1,class->block->function->block->block_content->return->expr->operator
2,59,rectangle_java2.jpg,rectangle_java2.jpg,475405627,132,1057.9542424242425,552.9196969696969,1064.5,549,71,21,this.y1,7,class->block->function->block->block_content->return->expr->name->name->operator->name
2,59,rectangle_java2.jpg,rectangle_java2.jpg,475673626,224,1013.4496428571429,551.0875,968.5,549,70,21,this.y2,7,class->block->function->block->block_content->return->expr->name->name->operator->name
2,59,rectangle_java2.jpg,rectangle_java2.jpg,475761608,84,1066.1028571428571,554.8719047619047,1064.5,549,71,21,this.y1,7,class->block->function->block->block_content->return->expr->name->name->operator->name
2,59,rectangle_java2.jpg,rectangle_java2.jpg,475897570,76,1094.7347368421053,555.0647368421053,1064.5,549,71,21,this.y1,7,class->block->function->block->block_content->return->expr->name->name->operator->name
2,59,rectangle_java2.jpg,rectangle_java2.jpg,476229473,328,1100.395487804878,553.8152439024391,1064.5,549,71,21,this.y1,7,class->block->function->block->block_content->return->expr->name->name->operator->name
2,59,rectangle_java2.jpg,rectangle_java2.jpg,476389362,96,793.7033333333334,572.6683333333333,737.5,585,62,21,double,6,class->block->function->type->name
2,59,rectangle_java2.jpg,rectangle_java2.jpg,476389362,96,793.7033333333334,572.6683333333333,804.5,585,43,21,area,4,class->block->function->name
2,59,rectangle_java2.jpg,rectangle_java2.jpg,476805484,92,751.3539130434782,577.7543478260869,737.5,585,62,21,double,6,class->block->function->type->name
2,59,rectangle_java2.jpg,rectangle_java2.jpg,476945475,92,802.91,609.0382608695652,804.5,621,44,21,void,4,class->block->function->type->name
2,59,rectangle_java2.jpg,rectangle_java2.jpg,477189477,108,899.5981481481482,615.1411111111112,904.5,621,9,21,(,1,class->block->function->parameter_list
2,59,rectangle_java2.jpg,rectangle_java2.jpg,477281496,88,906.6022727272727,613.5377272727272,904.5,621,9,21,(,1,class->block->function->parameter_list
2,59,rectangle_java2.jpg,rectangle_java2.jpg,477513513,176,781.7890909090909,507.5929545454545,775.5,512,53,21,width,5,class->block->function->name
2,59,rectangle_java2.jpg,rectangle_java2.jpg,477633518,80,866.9415,518.3255,874.5,512,10,21,{,1,class->block->function->block
2,59,rectangle_java2.jpg,rectangle_java2.jpg,477873437,92,844.2978260869565,605.4804347826087,804.5,585,43,21,area,4,class->block->function->name
2,59,rectangle_java2.jpg,rectangle_java2.jpg,477873437,92,844.2978260869565,605.4804347826087,856.5,585,9,21,(,1,class->block->function->parameter_list
2,59,rectangle_java2.jpg,rectangle_java2.jpg,478001339,124,836.0848387096775,616.9803225806452,804.5,621,44,21,void,4,class->block->function->type->name
2,59,rectangle_java2.jpg,rectangle_java2.jpg,478133221,88,956.4909090909091,612.3213636363637,920.5,621,62,21,String,6,class->block->function->parameter_list->parameter->decl->type->name->name
2,59,rectangle_java2.jpg,rectangle_java2.jpg,478261248,124,960.111935483871,623.0574193548387,920.5,621,62,21,String,6,class->block->function->parameter_list->parameter->decl->type->name->name
2,59,rectangle_java2.jpg,rectangle_java2.jpg,478413342,148,959.6094594594595,612.4629729729729,920.5,621,62,21,String,6,class->block->function->parameter_list->parameter->decl->type->name->name
2,59,rectangle_java2.jpg,rectangle_java2.jpg,478513377,76,888.2668421052632,616.327894736842,851.5,621,44,21,main,4,class->block->function->name
2,59,rectangle_java2.jpg,rectangle_java2.jpg,478945447,76,938.9952631578948,592.0378947368421,910.5,585,62,21,return,6,class->block->function->block->block_content->return
2,59,rectangle_java2.jpg,rectangle_java2.jpg,479145397,196,943.3373469387755,600.5824489795918,910.5,585,62,21,return,6,class->block->function->block->block_content->return
2,59,rectangle_java2.jpg,rectangle_java2.jpg,479921125,192,1091.13875,631.041875,1094.5,621,10,21,{,1,class->block->function->block
2,59,rectangle_java2.jpg,rectangle_java2.jpg,480281215,132,1057.1,622.6081818181818,1025.5,621,42,21,args,4,class->block->function->parameter_list->parameter->decl->name
2,59,rectangle_java2.jpg,rectangle_java2.jpg,480405216,84,1013.9633333333334,624.3895238095238,1007.5,621,10,21,],1,class->block->function->parameter_list->parameter->decl->type->name->index
2,59,rectangle_java2.jpg,rectangle_java2.jpg,480405216,84,1013.9633333333334,624.3895238095238,1025.5,621,42,21,args,4,class->block->function->parameter_list->parameter->decl->name
2,59,rectangle_java2.jpg,rectangle_java2.jpg,480509246,100,1015.0516,626.1284,1007.5,621,10,21,],1,class->block->function->parameter_list->parameter->decl->type->name->index
2,59,rectangle_java2.jpg,rectangle_java2.jpg,480509246,100,1015.0516,626.1284,1025.5,621,42,21,args,4,class->block->function->parameter_list->parameter->decl->name
2,59,rectangle_java2.jpg,rectangle_java2.jpg,480693287,72,780.6694444444445,702.0816666666667,730.5,694,177,21,System.out.println,18,class->block->function->block->block_content->expr_stmt->expr->call->name->name->operator->name->operator->name
2,59,rectangle_java2.jpg,rectangle_java2.jpg,480785302,88,759.8322727272728,722.7213636363637,730.5,731,91,20,Rectangle,9,class->block->function->block->block_content->decl_stmt->decl->type->name
2,59,rectangle_java2.jpg,rectangle_java2.jpg,481105199,316,760.5212658227848,737.0855696202532,730.5,731,91,20,Rectangle,9,class->block->function->block->block_content->decl_stmt->decl->type->name
2,59,rectangle_java2.jpg,rectangle_java2.jpg,481277206,160,856.191,737.3595,826.5,731,51,20,rect2,5,class->block->function->block->block_content->decl_stmt->decl->name
2,59,rectangle_java2.jpg,rectangle_java2.jpg,482113116,116,669.1741379310345,470.86482758620696,672.5,478,10,18,},1,class->block->constructor->block
2,59,rectangle_java2.jpg,rectangle_java2.jpg,483053051,180,833.3211111111111,515.9362222222222,837.5,512,9,21,(,1,class->block->function->parameter_list
2,59,rectangle_java2.jpg,rectangle_java2.jpg,483305060,224,937.0214285714286,505.6710714285714,891.5,512,62,21,return,6,class->block->function->block->block_content->return->expr->name->name
2,59,rectangle_java2.jpg,rectangle_java2.jpg,483405102,96,927.4058333333334,515.00875,891.5,512,62,21,return,6,class->block->function->block->block_content->return->expr->name->name
2,59,rectangle_java2.jpg,rectangle_java2.jpg,483521070,112,901.8139285714286,505.08321428571435,891.5,512,62,21,return,6,class->block->function->block->block_content->return->expr->name->name
2,59,rectangle_java2.jpg,rectangle_java2.jpg,483629011,80,1014.9205,508.65149999999994,958.5,512,71,21,this.x2,7,class->block->function->block->block_content->return->expr->name->name->operator->name->operator
2,59,rectangle_java2.jpg,rectangle_java2.jpg,483748956,116,1016.831724137931,509.40965517241375,958.5,512,71,21,this.x2,7,class->block->function->block->block_content->return->expr->name->name->operator->name->operator
2,59,rectangle_java2.jpg,rectangle_java2.jpg,483840944,88,1083.9122727272727,514.2181818181818,1054.5,512,71,21,this.x1,7,class->block->function->block->block_content->return->expr->name->name->operator->name
2,59,rectangle_java2.jpg,rectangle_java2.jpg,484033030,188,1095.9770212765957,511.264255319149,1054.5,512,71,21,this.x1,7,class->block->function->block->block_content->return->expr->name->name->operator->name
2,59,rectangle_java2.jpg,rectangle_java2.jpg,484113009,60,841.5933333333334,506.736,837.5,512,9,21,(,1,class->block->function->parameter_list
2,59,rectangle_java2.jpg,rectangle_java2.jpg,484400963,284,829.3049295774648,503.9307042253521,837.5,512,9,21,(,1,class->block->function->parameter_list
2,59,rectangle_java2.jpg,rectangle_java2.jpg,484628960,216,903.8994444444445,501.1753703703704,891.5,512,62,21,return,6,class->block->function->block->block_content->return->expr->name->name
2,59,rectangle_java2.jpg,rectangle_java2.jpg,484756943,124,910.1416129032258,504.508064516129,891.5,512,62,21,return,6,class->block->function->block->block_content->return->expr->name->name
2,59,rectangle_java2.jpg,rectangle_java2.jpg,485116925,80,970.145,510.36850000000004,958.5,512,71,21,this.x2,7,class->block->function->block->block_content->return->expr->name->name->operator->name->operator
2,59,rectangle_java2.jpg,rectangle_java2.jpg,485176917,56,1035.662142857143,502.6678571428572,1035.5,512,13,21,-,1,class->block->function->block->block_content->return->expr->name->name
2,59,rectangle_java2.jpg,rectangle_java2.jpg,485476873,176,1137.775,505.05704545454546,1132.5,512,10,21,;,1,class->block->function->block
2,59,rectangle_java2.jpg,rectangle_java2.jpg,485640823,160,1131.2595000000001,518.488,1132.5,512,10,21,;,1,class->block->function->block
2,59,rectangle_java2.jpg,rectangle_java2.jpg,487020762,180,962.6724444444444,506.2693333333334,958.5,512,71,21,this.x2,7,class->block->function->block->block_content->return->expr->name->name->operator->name->operator
2,59,rectangle_java2.jpg,rectangle_java2.jpg,487092770,68,875.684705882353,505.02588235294115,874.5,512,10,21,{,1,class->block->function->block
2,59,rectangle_java2.jpg,rectangle_java2.jpg,487376750,280,868.0188571428571,507.5655714285715,874.5,512,10,21,{,1,class->block->function->block
2,59,rectangle_java2.jpg,rectangle_java2.jpg,487872641,152,792.6910526315789,539.6676315789474,775.5,549,62,21,height,6,class->block->function->name
2,59,rectangle_java2.jpg,rectangle_java2.jpg,488000657,124,882.8796774193548,536.8083870967741,883.5,549,10,21,{,1,class->block->function->block
2,59,rectangle_java2.jpg,rectangle_java2.jpg,488176697,136,1042.329705882353,540.65,1045.5,549,13,21,-,1,class->block->function->block->block_content->return->expr->operator
2,59,rectangle_java2.jpg,rectangle_java2.jpg,488328726,148,987.4286486486486,540.194054054054,968.5,549,70,21,this.y2,7,class->block->function->block->block_content->return->expr->name->name->operator->name
2,59,rectangle_java2.jpg,rectangle_java2.jpg,488428702,96,986.6258333333333,550.5575,968.5,549,70,21,this.y2,7,class->block->function->block->block_content->return->expr->name->name->operator->name
2,59,rectangle_java2.jpg,rectangle_java2.jpg,488548669,116,1059.0903448275863,552.2158620689655,1064.5,549,71,21,this.y1,7,class->block->function->block->block_content->return->expr->name->name->operator->name
2,59,rectangle_java2.jpg,rectangle_java2.jpg,488672670,120,1063.3156666666666,545.7346666666666,1064.5,549,71,21,this.y1,7,class->block->function->block->block_content->return->expr->name->name->operator->name
2,59,rectangle_java2.jpg,rectangle_java2.jpg,488776684,100,1040.6408,538.0964,1045.5,549,13,21,-,1,class->block->function->block->block_content->return->expr->operator
2,59,rectangle_java2.jpg,rectangle_java2.jpg,488900682,120,1043.416,548.9743333333333,1045.5,549,13,21,-,1,class->block->function->block->block_content->return->expr->operator
2,59,rectangle_java2.jpg,rectangle_java2.jpg,489012700,108,1081.2344444444445,546.4677777777778,1064.5,549,71,21,this.y1,7,class->block->function->block->block_content->return->expr->name->name->operator->name
2,59,rectangle_java2.jpg,rectangle_java2.jpg,489116683,56,912.8035714285714,545.3807142857142,900.5,549,63,21,return,6,class->block->function->block->block_content->return
2,59,rectangle_java2.jpg,rectangle_java2.jpg,489272580,152,900.2931578947369,545.1205263157894,900.5,549,63,21,return,6,class->block->function->block->block_content->return
2,59,rectangle_java2.jpg,rectangle_java2.jpg,489380502,104,861.4519230769231,545.7676923076923,863.5,549,9,21,),1,class->block->function->parameter_list
2,59,rectangle_java2.jpg,rectangle_java2.jpg,489500512,116,855.5327586206896,541.6896551724138,846.5,549,10,21,(,1,class->block->function->parameter_list
2,59,rectangle_java2.jpg,rectangle_java2.jpg,489500512,116,855.5327586206896,541.6896551724138,863.5,549,9,21,),1,class->block->function->parameter_list
2,59,rectangle_java2.jpg,rectangle_java2.jpg,489664525,92,766.415652173913,582.6582608695652,737.5,585,62,21,double,6,class->block->function->type->name
2,59,rectangle_java2.jpg,rectangle_java2.jpg,489744523,56,865.9421428571429,508.7221428571429,874.5,512,10,21,{,1,class->block->function->block
2,59,rectangle_java2.jpg,rectangle_java2.jpg,489880469,132,875.5536363636363,511.4524242424243,874.5,512,10,21,{,1,class->block->function->block
2,59,rectangle_java2.jpg,rectangle_java2.jpg,489952437,60,1008.0146666666667,513.35,958.5,512,71,21,this.x2,7,class->block->function->block->block_content->return->expr->name->name->operator->name->operator
2,59,rectangle_java2.jpg,rectangle_java2.jpg,490100444,144,1009.2419444444445,503.82888888888897,958.5,512,71,21,this.x2,7,class->block->function->block->block_content->return->expr->name->name->operator->name->operator
2,59,rectangle_java2.jpg,rectangle_java2.jpg,490204461,80,909.267,511.62750000000005,891.5,512,62,21,return,6,class->block->function->block->block_content->return->expr->name->name
2,59,rectangle_java2.jpg,rectangle_java2.jpg,490292469,84,912.4742857142858,510.45285714285717,891.5,512,62,21,return,6,class->block->function->block->block_content->return->expr->name->name
2,59,rectangle_java2.jpg,rectangle_java2.jpg,490356475,60,907.7273333333334,518.35,891.5,512,62,21,return,6,class->block->function->block->block_content->return->expr->name->name
2,59,rectangle_java2.jpg,rectangle_java2.jpg,490452486,92,894.2456521739131,545.2513043478261,900.5,549,63,21,return,6,class->block->function->block->block_content->return
2,59,rectangle_java2.jpg,rectangle_java2.jpg,490576498,120,894.3146666666667,555.32,900.5,549,63,21,return,6,class->block->function->block->block_content->return
2,59,rectangle_java2.jpg,rectangle_java2.jpg,491028491,136,1064.0317647058823,523.4158823529411,1054.5,512,71,21,this.x1,7,class->block->function->block->block_content->return->expr->name->name->operator->name
2,59,rectangle_java2.jpg,rectangle_java2.jpg,491212357,144,1048.5427777777777,532.0144444444444,1054.5,512,71,21,this.x1,7,class->block->function->block->block_content->return->expr->name->name->operator->name
2,59,rectangle_java2.jpg,rectangle_java2.jpg,491368398,152,1101.9152631578947,542.7478947368421,1064.5,549,71,21,this.y1,7,class->block->function->block->block_content->return->expr->name->name->operator->name
2,59,rectangle_java2.jpg,rectangle_java2.jpg,491436401,64,1103.781875,549.830625,1064.5,549,71,21,this.y1,7,class->block->function->block->block_content->return->expr->name->name->operator->name
2,59,rectangle_java2.jpg,rectangle_java2.jpg,491816281,376,1079.866914893617,546.567659574468,1064.5,549,71,21,this.y1,7,class->block->function->block->block_content->return->expr->name->name->operator->name
2,59,rectangle_java2.jpg,rectangle_java2.jpg,491996391,176,1103.764090909091,544.2493181818182,1064.5,549,71,21,this.y1,7,class->block->function->block->block_content->return->expr->name->name->operator->name
2,59,rectangle_java2.jpg,rectangle_java2.jpg,492212436,120,788.3356666666666,564.1983333333334,775.5,549,62,21,height,6,class->block->function->name
2,59,rectangle_java2.jpg,rectangle_java2.jpg,492396443,100,762.384,579.3524,737.5,585,62,21,double,6,class->block->function->type->name
2,59,rectangle_java2.jpg,rectangle_java2.jpg,492516404,72,864.0938888888888,622.8272222222222,851.5,621,44,21,main,4,class->block->function->name
2,59,rectangle_java2.jpg,rectangle_java2.jpg,492648377,128,864.7459375,624.72125,851.5,621,44,21,main,4,class->block->function->name
2,59,rectangle_java2.jpg,rectangle_java2.jpg,492728386,68,972.7841176470588,624.8252941176471,920.5,621,62,21,String,6,class->block->function->parameter_list->parameter->decl->type->name->name
2,59,rectangle_java2.jpg,rectangle_java2.jpg,492880340,148,977.9418918918919,622.7505405405406,920.5,621,62,21,String,6,class->block->function->parameter_list->parameter->decl->type->name->name
2,59,rectangle_java2.jpg,rectangle_java2.jpg,492956290,56,913.14,618.5492857142857,904.5,621,9,21,(,1,class->block->function->parameter_list
2,59,rectangle_java2.jpg,rectangle_java2.jpg,492956290,56,913.14,618.5492857142857,920.5,621,62,21,String,6,class->block->function->parameter_list->parameter->decl->type->name->name
2,59,rectangle_java2.jpg,rectangle_java2.jpg,493092254,132,903.4548484848485,612.1184848484849,904.5,621,9,21,(,1,class->block->function->parameter_list
2,59,rectangle_java2.jpg,rectangle_java2.jpg,493244256,68,869.5858823529412,618.72,851.5,621,44,21,main,4,class->block->function->name
2,59,rectangle_java2.jpg,rectangle_java2.jpg,493328274,80,870.338,625.9905,851.5,621,44,21,main,4,class->block->function->name
2,59,rectangle_java2.jpg,rectangle_java2.jpg,493584243,164,995.3736585365854,543.9453658536586,968.5,549,70,21,this.y2,7,class->block->function->block->block_content->return->expr->name->name->operator->name
2,59,rectangle_java2.jpg,rectangle_java2.jpg,493680245,92,1026.9347826086957,546.6886956521739,968.5,549,70,21,this.y2,7,class->block->function->block->block_content->return->expr->name->name->operator->name
2,59,rectangle_java2.jpg,rectangle_java2.jpg,493800251,80,1046.3525,524.245,1035.5,512,13,21,-,1,class->block->function->block->block_content->return->expr->name->name
2,59,rectangle_java2.jpg,rectangle_java2.jpg,493800251,80,1046.3525,524.245,1054.5,512,71,21,this.x1,7,class->block->function->block->block_content->return->expr->name->name->operator->name
2,59,rectangle_java2.jpg,rectangle_java2.jpg,494024242,132,867.5172727272727,621.5251515151515,851.5,621,44,21,main,4,class->block->function->name
2,59,rectangle_java2.jpg,rectangle_java2.jpg,494084245,56,869.1507142857142,612.8292857142857,851.5,621,44,21,main,4,class->block->function->name
2,59,rectangle_java2.jpg,rectangle_java2.jpg,494144255,56,869.2164285714285,622.9278571428572,851.5,621,44,21,main,4,class->block->function->name
2,59,rectangle_java2.jpg,rectangle_java2.jpg,494392253,104,901.8996153846153,605.246923076923,893.5,585,10,21,{,1,class->block->function->block
2,59,rectangle_java2.jpg,rectangle_java2.jpg,494392253,104,901.8996153846153,605.246923076923,910.5,585,62,21,return,6,class->block->function->block->block_content->return
2,59,rectangle_java2.jpg,rectangle_java2.jpg,494452249,56,935.4785714285714,616.0735714285714,920.5,621,62,21,String,6,class->block->function->parameter_list->parameter->decl->type->name->name
2,59,rectangle_java2.jpg,rectangle_java2.jpg,494604354,148,943.6310810810811,617.4081081081081,920.5,621,62,21,String,6,class->block->function->parameter_list->parameter->decl->type->name->name
2,59,rectangle_java2.jpg,rectangle_java2.jpg,494972185,192,868.2754166666666,587.7752083333334,873.5,585,9,21,),1,class->block->function->parameter_list
2,59,rectangle_java2.jpg,rectangle_java2.jpg,495100161,96,1069.335,604.1841666666667,977.5,585,101,21,this.width,10,class->block->function->block->block_content->return->expr->call->name->name->operator->name
2,59,rectangle_java2.jpg,rectangle_java2.jpg,495248105,144,1073.4116666666666,619.8613888888889,1074.5,621,10,21,),1,class->block->function->parameter_list
2,59,rectangle_java2.jpg,rectangle_java2.jpg,495680093,56,1078.9357142857143,605.2678571428571,1086.5,585,10,21,(,1,class->block->function->block->block_content->return->expr->call->argument_list
2,59,rectangle_java2.jpg,rectangle_java2.jpg,495884059,104,1011.1761538461539,618.9065384615385,1007.5,621,10,21,],1,class->block->function->parameter_list->parameter->decl->type->name->index
2,59,rectangle_java2.jpg,rectangle_java2.jpg,496004055,100,1103.0732,613.638,1094.5,621,10,21,{,1,class->block->function->block
2,59,rectangle_java2.jpg,rectangle_java2.jpg,496164070,156,1103.9717948717948,624.8617948717948,1094.5,621,10,21,{,1,class->block->function->block
2,59,rectangle_java2.jpg,rectangle_java2.jpg,496380100,72,740.5277777777778,753.8005555555555,730.5,766,177,21,System.out.println,18,class->block->function->block->block_content->expr_stmt->expr->call->name->name->operator->name->operator->name
2,59,rectangle_java2.jpg,rectangle_java2.jpg,505715334,216,957.5635185185185,600.5135185185185,910.5,585,62,21,return,6,class->block->function->block->block_content->return
2,59,rectangle_java2.jpg,rectangle_java2.jpg,505959190,204,1031.0282352941176,523.0160784313725,1035.5,512,13,21,-,1,class->block->function->block->block_content->return->expr->name->name
2,59,rectangle_java2.jpg,rectangle_java2.jpg,506063261,100,1031.2604000000001,529.4692,1035.5,512,13,21,-,1,class->block->function->block->block_content->return->expr->name->name
2,59,rectangle_java2.jpg,rectangle_java2.jpg,506315313,184,811.9013043478261,591.3697826086957,804.5,585,43,21,area,4,class->block->function->name
2,59,rectangle_java2.jpg,rectangle_java2.jpg,506551346,188,885.0055319148936,600.8778723404255,893.5,585,10,21,{,1,class->block->function->block
2,59,rectangle_java2.jpg,rectangle_java2.jpg,506643333,88,887.8381818181819,608.9868181818182,851.5,621,44,21,main,4,class->block->function->name
2,59,rectangle_java2.jpg,rectangle_java2.jpg,507211311,120,1024.7826666666667,506.42466666666667,958.5,512,71,21,this.x2,7,class->block->function->block->block_content->return->expr->name->name->operator->name->operator
2,59,rectangle_java2.jpg,rectangle_java2.jpg,507211311,120,1024.7826666666667,506.42466666666667,1035.5,512,13,21,-,1,class->block->function->block->block_content->return->expr->name->name
2,59,rectangle_java2.jpg,rectangle_java2.jpg,507459298,136,1133.6358823529413,501.07147058823534,1132.5,512,10,21,;,1,class->block->function->block
2,59,rectangle_java2.jpg,rectangle_java2.jpg,507807064,80,1147.567,550.9639999999999,1142.5,549,10,21,;,1,class->block->function->block->block_content->return
2,59,rectangle_java2.jpg,rectangle_java2.jpg,507955186,88,1082.4527272727273,665.7009090909091,1077.5,658,9,20,",",1,class->block->function->block->block_content->decl_stmt->decl->init->expr->call->argument_list
2,59,rectangle_java2.jpg,rectangle_java2.jpg,508323207,60,1159.4846666666667,513.7506666666667,1152.5,512,10,21,},1,class->block
2,59,rectangle_java2.jpg,rectangle_java2.jpg,508515176,188,1161.848510638298,506.6221276595745,1152.5,512,10,21,},1,class->block
2,59,rectangle_java2.jpg,rectangle_java2.jpg,510159066,88,882.1231818181818,503.1904545454545,874.5,512,10,21,{,1,class->block->function->block
2,59,rectangle_java2.jpg,rectangle_java2.jpg,510159066,88,882.1231818181818,503.1904545454545,891.5,512,62,21,return,6,class->block->function->block->block_content->return->expr->name->name
2,59,rectangle_java2.jpg,rectangle_java2.jpg,510687143,204,961.1641176470588,500.17882352941183,958.5,512,71,21,this.x2,7,class->block->function->block->block_content->return->expr->name->name->operator->name->operator
2,59,rectangle_java2.jpg,rectangle_java2.jpg,511322832,188,1139.96,505.10191489361705,1132.5,512,10,21,;,1,class->block->function->block
2,59,rectangle_java2.jpg,rectangle_java2.jpg,515670651,64,1154.875625,503.73187499999995,1152.5,512,10,21,},1,class->block
2,59,rectangle_java2.jpg,rectangle_java2.jpg,515762646,88,1148.4918181818182,505.6127272727273,1152.5,512,10,21,},1,class->block
2,59,rectangle_java2.jpg,rectangle_java2.jpg,515874632,108,1106.8148148148148,501.13074074074075,1054.5,512,71,21,this.x1,7,class->block->function->block->block_content->return->expr->name->name->operator->name
2,59,rectangle_java2.jpg,rectangle_java2.jpg,516002600,124,1106.2551612903226,501.02096774193546,1054.5,512,71,21,this.x1,7,class->block->function->block->block_content->return->expr->name->name->operator->name
2,59,rectangle_java2.jpg,rectangle_java2.jpg,516082599,76,1108.3815789473683,509.03315789473686,1054.5,512,71,21,this.x1,7,class->block->function->block->block_content->return->expr->name->name->operator->name
2,59,rectangle_java2.jpg,rectangle_java2.jpg,516194631,72,1085.0861111111112,507.19444444444446,1054.5,512,71,21,this.x1,7,class->block->function->block->block_content->return->expr->name->name->operator->name
2,59,rectangle_java2.jpg,rectangle_java2.jpg,516650733,208,1084.1753846153847,500.33807692307687,1054.5,512,71,21,this.x1,7,class->block->function->block->block_content->return->expr->name->name->operator->name
2,59,rectangle_java2.jpg,rectangle_java2.jpg,516890440,144,867.4719444444445,503.5858333333333,874.5,512,10,21,{,1,class->block->function->block
2,59,rectangle_java2.jpg,rectangle_java2.jpg,517322550,128,975.210625,584.7575,977.5,585,101,21,this.width,10,class->block->function->block->block_content->return->expr->call->name->name->operator->name
2,59,rectangle_java2.jpg,rectangle_java2.jpg,517526483,128,1073.25625,652.4690625,1077.5,658,9,20,",",1,class->block->function->block->block_content->decl_stmt->decl->init->expr->call->argument_list
2,59,rectangle_java2.jpg,rectangle_java2.jpg,517966522,104,877.8173076923077,622.9476923076923,851.5,621,44,21,main,4,class->block->function->name
2,59,rectangle_java2.jpg,rectangle_java2.jpg,518110550,140,879.7945714285714,608.9834285714286,851.5,621,44,21,main,4,class->block->function->name
2,59,rectangle_java2.jpg,rectangle_java2.jpg,518254543,76,944.5773684210526,608.5394736842105,920.5,621,62,21,String,6,class->block->function->parameter_list->parameter->decl->type->name->name
2,59,rectangle_java2.jpg,rectangle_java2.jpg,518342510,84,940.9747619047619,618.2885714285715,920.5,621,62,21,String,6,class->block->function->parameter_list->parameter->decl->type->name->name
2,59,rectangle_java2.jpg,rectangle_java2.jpg,518558487,172,877.296511627907,616.4930232558139,851.5,621,44,21,main,4,class->block->function->name
2,59,rectangle_java2.jpg,rectangle_java2.jpg,518706314,144,873.9694444444444,617.4475,851.5,621,44,21,main,4,class->block->function->name
2,59,rectangle_java2.jpg,rectangle_java2.jpg,518866268,96,871.6504166666667,524.42125,874.5,512,10,21,{,1,class->block->function->block
2,59,rectangle_java2.jpg,rectangle_java2.jpg,519238337,256,1087.1903125000001,650.55859375,1095.5,658,13,20,0,1,class->block->function->block->block_content->decl_stmt->decl->init->expr->call->argument_list->argument->expr->literal
2,59,rectangle_java2.jpg,rectangle_java2.jpg,519334372,92,1100.932608695652,637.1060869565217,1094.5,621,10,21,{,1,class->block->function->block
2,59,rectangle_java2.jpg,rectangle_java2.jpg,519614392,152,1163.9368421052632,601.4778947368421,1140.5,585,110,21,this.height,11,class->block->function->block->block_content->return->expr->call->name->name->operator->name
