trial,participant,code_file,code_language,timestamp,duration,x_cord,y_cord,aoi_x,aoi_y,aoi_width,aoi_height,token,length,srcML
2,69,rectangle_java2.jpg,rectangle_java2.jpg,1228967726,88,794.1440909090909,331.40227272727276,730.5,331,71,19,this.x1,7,class->block->constructor->block->block_content->expr_stmt->expr->name->name->operator->name
2,69,rectangle_java2.jpg,rectangle_java2.jpg,1228967726,88,794.1440909090909,331.40227272727276,806.5,331,15,19,=,1,class->block->constructor->block->block_content->expr_stmt->expr->operator
2,69,rectangle_java2.jpg,rectangle_java2.jpg,1229095718,68,791.0288235294117,339.1205882352941,730.5,331,71,19,this.x1,7,class->block->constructor->block->block_content->expr_stmt->expr->name->name->operator->name
2,69,rectangle_java2.jpg,rectangle_java2.jpg,1229307779,128,719.459375,287.5253125,669.5,295,63,21,public,6,class->block->constructor->specifier
2,69,rectangle_java2.jpg,rectangle_java2.jpg,1229815811,236,745.4037288135594,253.92983050847454,747.5,259,33,21,int,3,class->block->decl_stmt->decl->type->name
2,69,rectangle_java2.jpg,rectangle_java2.jpg,1230079888,212,765.943962264151,242.83490566037733,715.5,222,90,21,Rectangle,9,class->name
2,69,rectangle_java2.jpg,rectangle_java2.jpg,1230271942,164,801.6890243902438,270.26975609756096,785.5,259,23,21,x1,2,class->block->decl_stmt->decl->name
2,69,rectangle_java2.jpg,rectangle_java2.jpg,1230551698,180,891.2533333333333,273.84222222222223,881.5,259,23,21,x2,2,class->block->decl_stmt->decl->name
2,69,rectangle_java2.jpg,rectangle_java2.jpg,1230691698,112,722.7375,291.0807142857143,669.5,295,63,21,public,6,class->block->constructor->specifier
2,69,rectangle_java2.jpg,rectangle_java2.jpg,1230919664,68,710.5605882352941,274.57941176470587,669.5,259,72,21,private,7,class->block->decl_stmt->decl->type->specifier
2,69,rectangle_java2.jpg,rectangle_java2.jpg,1230979690,56,705.415,286.69,669.5,295,63,21,public,6,class->block->constructor->specifier
2,69,rectangle_java2.jpg,rectangle_java2.jpg,1231443704,132,599.0118181818182,236.4421212121212,589.5,222,63,21,public,6,class->specifier
2,69,rectangle_java2.jpg,rectangle_java2.jpg,1231627696,132,738.0684848484849,233.6672727272727,715.5,222,90,21,Rectangle,9,class->name
2,69,rectangle_java2.jpg,rectangle_java2.jpg,1233416585,68,834.94,273.68882352941176,833.5,259,23,21,y1,2,class->block->decl_stmt->decl->name
2,69,rectangle_java2.jpg,rectangle_java2.jpg,1233521789,92,834.5343478260869,261.33521739130435,833.5,259,23,21,y1,2,class->block->decl_stmt->decl->name
2,69,rectangle_java2.jpg,rectangle_java2.jpg,1233635966,96,833.07875,250.23874999999998,833.5,259,23,21,y1,2,class->block->decl_stmt->decl->name
2,69,rectangle_java2.jpg,rectangle_java2.jpg,1233857188,128,908.9946875,262.4596875,911.5,259,10,21,",",1,class->block->decl_stmt
2,69,rectangle_java2.jpg,rectangle_java2.jpg,1234013107,152,905.7252631578947,279.14763157894737,911.5,259,10,21,",",1,class->block->decl_stmt
2,69,rectangle_java2.jpg,rectangle_java2.jpg,1234313154,56,945.4707142857143,273.67285714285714,929.5,259,23,21,y2,2,class->block->decl_stmt->decl->name
2,69,rectangle_java2.jpg,rectangle_java2.jpg,1234517154,188,749.3008510638298,278.8323404255319,747.5,259,33,21,int,3,class->block->decl_stmt->decl->type->name
2,69,rectangle_java2.jpg,rectangle_java2.jpg,1234717091,184,714.0269565217392,285.0476086956522,669.5,295,63,21,public,6,class->block->constructor->specifier
2,69,rectangle_java2.jpg,rectangle_java2.jpg,1234825086,104,712.8792307692307,286.1411538461538,669.5,295,63,21,public,6,class->block->constructor->specifier
2,69,rectangle_java2.jpg,rectangle_java2.jpg,1235161129,300,790.6466666666666,291.6822666666667,737.5,295,91,21,Rectangle,9,class->block->constructor->name
2,69,rectangle_java2.jpg,rectangle_java2.jpg,1235540964,288,764.5490277777777,315.2920833333333,737.5,295,91,21,Rectangle,9,class->block->constructor->name
2,69,rectangle_java2.jpg,rectangle_java2.jpg,1235904998,56,898.1278571428571,308.8535714285714,890.5,295,24,21,x1,2,class->block->constructor->parameter_list->parameter->decl->type->name
2,69,rectangle_java2.jpg,rectangle_java2.jpg,1236240979,332,881.6133734939759,312.2277108433735,853.5,295,32,21,int,3,class->block->constructor->parameter_list->parameter->decl->type->name
2,69,rectangle_java2.jpg,rectangle_java2.jpg,1236240979,332,881.6133734939759,312.2277108433735,890.5,295,24,21,x1,2,class->block->constructor->parameter_list->parameter->decl->type->name
2,69,rectangle_java2.jpg,rectangle_java2.jpg,1236461048,176,984.4595454545455,310.2909090909091,977.5,295,23,21,y1,2,class->block->constructor->parameter_list->parameter->decl->type->name
2,69,rectangle_java2.jpg,rectangle_java2.jpg,1236541042,76,982.8326315789474,307.06894736842105,977.5,295,23,21,y1,2,class->block->constructor->parameter_list->parameter->decl->type->name
2,69,rectangle_java2.jpg,rectangle_java2.jpg,1236633022,88,987.2813636363636,305.97409090909093,977.5,295,23,21,y1,2,class->block->constructor->parameter_list->parameter->decl->type->name
2,69,rectangle_java2.jpg,rectangle_java2.jpg,1236788998,100,1083.468,301.8252,1063.5,295,23,21,x2,2,class->block->constructor->parameter_list->parameter->decl->type->name
2,69,rectangle_java2.jpg,rectangle_java2.jpg,1236788998,100,1083.468,301.8252,1094.5,295,9,21,",",1,class->block->constructor->parameter_list
2,69,rectangle_java2.jpg,rectangle_java2.jpg,1236944993,152,1087.2289473684211,298.9271052631579,1094.5,295,9,21,",",1,class->block->constructor->parameter_list
2,69,rectangle_java2.jpg,rectangle_java2.jpg,1237133016,156,1160.561282051282,291.5428205128205,1150.5,295,23,21,y2,2,class->block->constructor->parameter_list->parameter->decl->type->name
2,69,rectangle_java2.jpg,rectangle_java2.jpg,1237268997,132,1166.5027272727273,288.3369696969697,1150.5,295,23,21,y2,2,class->block->constructor->parameter_list->parameter->decl->type->name
2,69,rectangle_java2.jpg,rectangle_java2.jpg,1237940871,596,944.8873154362416,307.7405369127517,939.5,295,33,21,int,3,class->block->constructor->parameter_list->parameter->decl->type->name
2,69,rectangle_java2.jpg,rectangle_java2.jpg,1238028867,84,903.7038095238096,307.0047619047619,890.5,295,24,21,x1,2,class->block->constructor->parameter_list->parameter->decl->type->name
2,69,rectangle_java2.jpg,rectangle_java2.jpg,1238364834,332,894.9293975903614,306.1487951807229,890.5,295,24,21,x1,2,class->block->constructor->parameter_list->parameter->decl->type->name
2,69,rectangle_java2.jpg,rectangle_java2.jpg,1238448841,56,878.3207142857143,268.1435714285714,881.5,259,23,21,x2,2,class->block->decl_stmt->decl->name
2,69,rectangle_java2.jpg,rectangle_java2.jpg,1238636862,184,881.4071739130435,260.68239130434785,881.5,259,23,21,x2,2,class->block->decl_stmt->decl->name
2,69,rectangle_java2.jpg,rectangle_java2.jpg,1238896941,112,825.7592857142857,272.825,833.5,259,23,21,y1,2,class->block->decl_stmt->decl->name
2,69,rectangle_java2.jpg,rectangle_java2.jpg,1239012916,112,824.5664285714286,274.7525,815.5,259,10,21,",",1,class->block->decl_stmt
2,69,rectangle_java2.jpg,rectangle_java2.jpg,1239012916,112,824.5664285714286,274.7525,833.5,259,23,21,y1,2,class->block->decl_stmt->decl->name
2,69,rectangle_java2.jpg,rectangle_java2.jpg,1239212673,140,1019.8242857142857,303.36514285714287,1025.5,295,33,21,int,3,class->block->constructor->parameter_list->parameter->decl->type->name
2,69,rectangle_java2.jpg,rectangle_java2.jpg,1239440743,188,972.7293617021277,312.6446808510638,977.5,295,23,21,y1,2,class->block->constructor->parameter_list->parameter->decl->type->name
2,69,rectangle_java2.jpg,rectangle_java2.jpg,1239644822,116,1056.3313793103448,295.94448275862067,1025.5,295,33,21,int,3,class->block->constructor->parameter_list->parameter->decl->type->name
2,69,rectangle_java2.jpg,rectangle_java2.jpg,1239644822,116,1056.3313793103448,295.94448275862067,1063.5,295,23,21,x2,2,class->block->constructor->parameter_list->parameter->decl->type->name
2,69,rectangle_java2.jpg,rectangle_java2.jpg,1239772750,124,1050.062258064516,303.2983870967742,1025.5,295,33,21,int,3,class->block->constructor->parameter_list->parameter->decl->type->name
2,69,rectangle_java2.jpg,rectangle_java2.jpg,1239880749,104,1075.0215384615385,303.39307692307693,1063.5,295,23,21,x2,2,class->block->constructor->parameter_list->parameter->decl->type->name
2,69,rectangle_java2.jpg,rectangle_java2.jpg,1240008739,80,1129.6085,296.837,1112.5,295,33,21,int,3,class->block->constructor->parameter_list->parameter->decl->type->name
2,69,rectangle_java2.jpg,rectangle_java2.jpg,1240200742,188,1140.689574468085,288.41255319148934,1112.5,295,33,21,int,3,class->block->constructor->parameter_list->parameter->decl->type->name
2,69,rectangle_java2.jpg,rectangle_java2.jpg,1240200742,188,1140.689574468085,288.41255319148934,1150.5,295,23,21,y2,2,class->block->constructor->parameter_list->parameter->decl->type->name
2,69,rectangle_java2.jpg,rectangle_java2.jpg,1240408758,120,1190.2546666666667,289.7273333333333,1200.5,295,10,21,{,1,class->block->constructor->block
2,69,rectangle_java2.jpg,rectangle_java2.jpg,1240704763,228,778.931403508772,347.99701754385967,730.5,331,71,19,this.x1,7,class->block->constructor->block->block_content->expr_stmt->expr->name->name->operator->name
2,69,rectangle_java2.jpg,rectangle_java2.jpg,1240984547,152,752.5931578947368,349.8278947368421,730.5,331,71,19,this.x1,7,class->block->constructor->block->block_content->expr_stmt->expr->name->name->operator->name
2,69,rectangle_java2.jpg,rectangle_java2.jpg,1241392623,192,831.05625,356.5414583333333,826.5,367,23,21,y1,2,class->block->constructor->block->block_content->expr_stmt->expr->name->name
2,69,rectangle_java2.jpg,rectangle_java2.jpg,1241524579,128,810.0378125,357.5603125,806.5,367,15,21,=,1,class->block->constructor->block->block_content->expr_stmt->expr->operator
2,69,rectangle_java2.jpg,rectangle_java2.jpg,1241748232,144,814.4044444444445,310.01694444444445,737.5,295,91,21,Rectangle,9,class->block->constructor->name
2,69,rectangle_java2.jpg,rectangle_java2.jpg,1242108550,104,765.8788461538462,329.77,730.5,331,71,19,this.x1,7,class->block->constructor->block->block_content->expr_stmt->expr->name->name->operator->name
2,69,rectangle_java2.jpg,rectangle_java2.jpg,1242328659,168,1037.6164285714285,296.45785714285716,1025.5,295,33,21,int,3,class->block->constructor->parameter_list->parameter->decl->type->name
2,69,rectangle_java2.jpg,rectangle_java2.jpg,1242520831,188,1038.3431914893617,292.0836170212766,1025.5,295,33,21,int,3,class->block->constructor->parameter_list->parameter->decl->type->name
2,69,rectangle_java2.jpg,rectangle_java2.jpg,1242720620,176,836.2920454545455,297.17727272727274,837.5,295,9,21,(,1,class->block->constructor->parameter_list
2,69,rectangle_java2.jpg,rectangle_java2.jpg,1242880411,136,787.7917647058823,308.7611764705882,737.5,295,91,21,Rectangle,9,class->block->constructor->name
2,69,rectangle_java2.jpg,rectangle_java2.jpg,1243284483,88,760.0859090909091,509.8336363636363,737.5,512,33,21,int,3,class->block->function->type->name
2,69,rectangle_java2.jpg,rectangle_java2.jpg,1243504693,216,768.7775925925926,511.0220370370371,737.5,512,33,21,int,3,class->block->function->type->name
2,69,rectangle_java2.jpg,rectangle_java2.jpg,1243504693,216,768.7775925925926,511.0220370370371,775.5,512,53,21,width,5,class->block->function->name
2,69,rectangle_java2.jpg,rectangle_java2.jpg,1243776512,232,800.9110344827586,521.806551724138,775.5,512,53,21,width,5,class->block->function->name
2,69,rectangle_java2.jpg,rectangle_java2.jpg,1244004711,160,965.65125,517.06975,958.5,512,71,21,this.x2,7,class->block->function->block->block_content->return->expr->name->name->operator->name->operator
2,69,rectangle_java2.jpg,rectangle_java2.jpg,1244108599,100,960.6188,528.7828,958.5,512,71,21,this.x2,7,class->block->function->block->block_content->return->expr->name->name->operator->name->operator
2,69,rectangle_java2.jpg,rectangle_java2.jpg,1244448471,312,897.765,520.7071794871795,891.5,512,62,21,return,6,class->block->function->block->block_content->return->expr->name->name
2,69,rectangle_java2.jpg,rectangle_java2.jpg,1244616379,152,983.2589473684211,527.1297368421052,958.5,512,71,21,this.x2,7,class->block->function->block->block_content->return->expr->name->name->operator->name->operator
2,69,rectangle_java2.jpg,rectangle_java2.jpg,1244880225,60,968.9793333333333,519.0126666666666,958.5,512,71,21,this.x2,7,class->block->function->block->block_content->return->expr->name->name->operator->name->operator
2,69,rectangle_java2.jpg,rectangle_java2.jpg,1245252349,368,974.325652173913,529.5607608695652,958.5,512,71,21,this.x2,7,class->block->function->block->block_content->return->expr->name->name->operator->name->operator
2,69,rectangle_java2.jpg,rectangle_java2.jpg,1245416357,144,1066.3266666666666,523.5213888888889,1054.5,512,71,21,this.x1,7,class->block->function->block->block_content->return->expr->name->name->operator->name
2,69,rectangle_java2.jpg,rectangle_java2.jpg,1245492349,72,1068.8794444444445,514.9411111111111,1054.5,512,71,21,this.x1,7,class->block->function->block->block_content->return->expr->name->name->operator->name
2,69,rectangle_java2.jpg,rectangle_java2.jpg,1245572344,76,1064.4942105263158,524.04,1054.5,512,71,21,this.x1,7,class->block->function->block->block_content->return->expr->name->name->operator->name
2,69,rectangle_java2.jpg,rectangle_java2.jpg,1245732366,156,1096.8351282051283,523.6789743589744,1054.5,512,71,21,this.x1,7,class->block->function->block->block_content->return->expr->name->name->operator->name
2,69,rectangle_java2.jpg,rectangle_java2.jpg,1245848355,112,1096.7010714285714,523.9671428571429,1054.5,512,71,21,this.x1,7,class->block->function->block->block_content->return->expr->name->name->operator->name
2,69,rectangle_java2.jpg,rectangle_java2.jpg,1246052332,168,999.3740476190476,519.4083333333333,958.5,512,71,21,this.x2,7,class->block->function->block->block_content->return->expr->name->name->operator->name->operator
2,69,rectangle_java2.jpg,rectangle_java2.jpg,1246212325,140,771.5697142857143,510.7448571428572,775.5,512,53,21,width,5,class->block->function->name
2,69,rectangle_java2.jpg,rectangle_java2.jpg,1246380302,164,770.7131707317074,503.38268292682926,775.5,512,53,21,width,5,class->block->function->name
2,69,rectangle_java2.jpg,rectangle_java2.jpg,1246448228,64,801.421875,509.4568750000001,775.5,512,53,21,width,5,class->block->function->name
2,69,rectangle_java2.jpg,rectangle_java2.jpg,1246664107,212,804.2501886792453,504.29566037735844,775.5,512,53,21,width,5,class->block->function->name
2,69,rectangle_java2.jpg,rectangle_java2.jpg,1246916246,216,792.6724074074074,542.0757407407407,775.5,549,62,21,height,6,class->block->function->name
2,69,rectangle_java2.jpg,rectangle_java2.jpg,1247232225,244,1065.7244262295083,549.7052459016394,1064.5,549,71,21,this.y1,7,class->block->function->block->block_content->return->expr->name->name->operator->name
2,69,rectangle_java2.jpg,rectangle_java2.jpg,1247348207,84,1020.1423809523809,565.5090476190476,968.5,549,70,21,this.y2,7,class->block->function->block->block_content->return->expr->name->name->operator->name
2,69,rectangle_java2.jpg,rectangle_java2.jpg,1247596121,244,1017.2040983606557,558.7477049180328,968.5,549,70,21,this.y2,7,class->block->function->block->block_content->return->expr->name->name->operator->name
2,69,rectangle_java2.jpg,rectangle_java2.jpg,1247684140,84,1018.402380952381,548.6742857142857,968.5,549,70,21,this.y2,7,class->block->function->block->block_content->return->expr->name->name->operator->name
2,69,rectangle_java2.jpg,rectangle_java2.jpg,1247980163,264,1104.1519696969697,557.135606060606,1064.5,549,71,21,this.y1,7,class->block->function->block->block_content->return->expr->name->name->operator->name
2,69,rectangle_java2.jpg,rectangle_java2.jpg,1248104134,120,1119.5103333333334,559.638,1064.5,549,71,21,this.y1,7,class->block->function->block->block_content->return->expr->name->name->operator->name
2,69,rectangle_java2.jpg,rectangle_java2.jpg,1248260134,100,764.3864,597.3028,737.5,585,62,21,double,6,class->block->function->type->name
2,69,rectangle_java2.jpg,rectangle_java2.jpg,1248352063,88,768.4268181818181,592.0986363636364,737.5,585,62,21,double,6,class->block->function->type->name
2,69,rectangle_java2.jpg,rectangle_java2.jpg,1248460010,104,762.3607692307693,597.0780769230769,737.5,585,62,21,double,6,class->block->function->type->name
2,69,rectangle_java2.jpg,rectangle_java2.jpg,1248624057,160,744.93525,593.0005,737.5,585,62,21,double,6,class->block->function->type->name
2,69,rectangle_java2.jpg,rectangle_java2.jpg,1248736078,68,831.4823529411765,581.5511764705882,804.5,585,43,21,area,4,class->block->function->name
2,69,rectangle_java2.jpg,rectangle_java2.jpg,1248816201,76,830.1278947368421,590.8031578947368,804.5,585,43,21,area,4,class->block->function->name
2,69,rectangle_java2.jpg,rectangle_java2.jpg,1249036298,172,950.7883720930232,583.1774418604651,910.5,585,62,21,return,6,class->block->function->block->block_content->return
2,69,rectangle_java2.jpg,rectangle_java2.jpg,1249428055,344,1010.4496511627907,594.2232558139535,977.5,585,101,21,this.width,10,class->block->function->block->block_content->return->expr->call->name->name->operator->name
2,69,rectangle_java2.jpg,rectangle_java2.jpg,1249552036,120,987.846,593.5236666666667,977.5,585,101,21,this.width,10,class->block->function->block->block_content->return->expr->call->name->name->operator->name
2,69,rectangle_java2.jpg,rectangle_java2.jpg,1249727909,172,986.8246511627907,597.0590697674419,977.5,585,101,21,this.width,10,class->block->function->block->block_content->return->expr->call->name->name->operator->name
2,69,rectangle_java2.jpg,rectangle_java2.jpg,1249887689,124,1042.1422580645162,593.593870967742,977.5,585,101,21,this.width,10,class->block->function->block->block_content->return->expr->call->name->name->operator->name
2,69,rectangle_java2.jpg,rectangle_java2.jpg,1250179955,288,1038.1238888888888,598.8580555555556,977.5,585,101,21,this.width,10,class->block->function->block->block_content->return->expr->call->name->name->operator->name
2,69,rectangle_java2.jpg,rectangle_java2.jpg,1250271842,88,1044.5227272727273,595.4972727272727,977.5,585,101,21,this.width,10,class->block->function->block->block_content->return->expr->call->name->name->operator->name
2,69,rectangle_java2.jpg,rectangle_java2.jpg,1250343820,68,1050.2264705882353,595.5723529411765,977.5,585,101,21,this.width,10,class->block->function->block->block_content->return->expr->call->name->name->operator->name
2,69,rectangle_java2.jpg,rectangle_java2.jpg,1250435886,64,1141.694375,589.015625,1140.5,585,110,21,this.height,11,class->block->function->block->block_content->return->expr->call->name->name->operator->name
2,69,rectangle_java2.jpg,rectangle_java2.jpg,1250627958,188,1141.9827659574469,595.9106382978723,1140.5,585,110,21,this.height,11,class->block->function->block->block_content->return->expr->call->name->name->operator->name
2,69,rectangle_java2.jpg,rectangle_java2.jpg,1250767933,60,1211.758,587.02,1140.5,585,110,21,this.height,11,class->block->function->block->block_content->return->expr->call->name->name->operator->name
2,69,rectangle_java2.jpg,rectangle_java2.jpg,1250963909,192,1201.3120833333332,596.3504166666667,1140.5,585,110,21,this.height,11,class->block->function->block->block_content->return->expr->call->name->name->operator->name
2,69,rectangle_java2.jpg,rectangle_java2.jpg,1251107914,128,1292.0390625,594.5259375,1295.5,585,10,21,;,1,class->block->function->block->block_content->return
2,69,rectangle_java2.jpg,rectangle_java2.jpg,1251372011,156,872.2525641025641,618.8676923076923,851.5,621,44,21,main,4,class->block->function->name
2,69,rectangle_java2.jpg,rectangle_java2.jpg,1251476172,60,799.3473333333334,619.9206666666666,738.5,621,61,21,static,6,class->block->function->type->specifier
2,69,rectangle_java2.jpg,rectangle_java2.jpg,1251476172,60,799.3473333333334,619.9206666666666,804.5,621,44,21,void,4,class->block->function->type->name
2,69,rectangle_java2.jpg,rectangle_java2.jpg,1251655801,176,795.9568181818182,623.0652272727273,738.5,621,61,21,static,6,class->block->function->type->specifier
2,69,rectangle_java2.jpg,rectangle_java2.jpg,1251655801,176,795.9568181818182,623.0652272727273,804.5,621,44,21,void,4,class->block->function->type->name
2,69,rectangle_java2.jpg,rectangle_java2.jpg,1251847755,176,850.0820454545454,628.0220454545455,851.5,621,44,21,main,4,class->block->function->name
2,69,rectangle_java2.jpg,rectangle_java2.jpg,1252051807,184,937.0395652173913,626.6934782608696,920.5,621,62,21,String,6,class->block->function->parameter_list->parameter->decl->type->name->name
2,69,rectangle_java2.jpg,rectangle_java2.jpg,1252163746,108,941.4955555555556,634.3555555555556,920.5,621,62,21,String,6,class->block->function->parameter_list->parameter->decl->type->name->name
2,69,rectangle_java2.jpg,rectangle_java2.jpg,1252443817,276,1020.4297101449275,637.6804347826087,1025.5,621,42,21,args,4,class->block->function->parameter_list->parameter->decl->name
2,69,rectangle_java2.jpg,rectangle_java2.jpg,1252587861,96,799.1479166666667,661.0120833333333,730.5,658,91,20,Rectangle,9,class->block->function->block->block_content->decl_stmt->decl->type->name
2,69,rectangle_java2.jpg,rectangle_java2.jpg,1252703923,112,806.5017857142857,658.6421428571429,730.5,658,91,20,Rectangle,9,class->block->function->block->block_content->decl_stmt->decl->type->name
2,69,rectangle_java2.jpg,rectangle_java2.jpg,1252795893,88,810.4327272727273,669.6718181818181,730.5,658,91,20,Rectangle,9,class->block->function->block->block_content->decl_stmt->decl->type->name
2,69,rectangle_java2.jpg,rectangle_java2.jpg,1252855846,56,740.5121428571429,673.2707142857143,730.5,658,91,20,Rectangle,9,class->block->function->block->block_content->decl_stmt->decl->type->name
2,69,rectangle_java2.jpg,rectangle_java2.jpg,1252999772,140,737.0342857142857,663.5654285714286,730.5,658,91,20,Rectangle,9,class->block->function->block->block_content->decl_stmt->decl->type->name
2,69,rectangle_java2.jpg,rectangle_java2.jpg,1253119765,92,977.408695652174,668.9008695652174,941.5,658,91,20,Rectangle,9,class->block->function->block->block_content->decl_stmt->decl->init->expr->call->name
2,69,rectangle_java2.jpg,rectangle_java2.jpg,1253219764,96,980.3175,672.98,941.5,658,91,20,Rectangle,9,class->block->function->block->block_content->decl_stmt->decl->init->expr->call->name
2,69,rectangle_java2.jpg,rectangle_java2.jpg,1253319764,60,934.4706666666667,667.102,902.5,658,34,20,new,3,class->block->function->block->block_content->decl_stmt->decl->init->expr->operator
2,69,rectangle_java2.jpg,rectangle_java2.jpg,1253319764,60,934.4706666666667,667.102,941.5,658,91,20,Rectangle,9,class->block->function->block->block_content->decl_stmt->decl->init->expr->call->name
2,69,rectangle_java2.jpg,rectangle_java2.jpg,1253435785,112,924.3139285714286,668.645,902.5,658,34,20,new,3,class->block->function->block->block_content->decl_stmt->decl->init->expr->operator
2,69,rectangle_java2.jpg,rectangle_java2.jpg,1253527806,80,1091.9065,668.858,1095.5,658,13,20,0,1,class->block->function->block->block_content->decl_stmt->decl->init->expr->call->argument_list->argument->expr->literal
2,69,rectangle_java2.jpg,rectangle_java2.jpg,1253779759,248,1093.173064516129,664.5845161290323,1095.5,658,13,20,0,1,class->block->function->block->block_content->decl_stmt->decl->init->expr->call->argument_list->argument->expr->literal
2,69,rectangle_java2.jpg,rectangle_java2.jpg,1253943534,68,1156.2817647058823,672.1729411764705,1134.5,658,22,20,10,2,class->block->function->block->block_content->decl_stmt->decl->init->expr->call->argument_list->argument->expr->literal
2,69,rectangle_java2.jpg,rectangle_java2.jpg,1253943534,68,1156.2817647058823,672.1729411764705,1163.5,658,10,20,",",1,class->block->function->block->block_content->decl_stmt->decl->init->expr->call->argument_list
2,69,rectangle_java2.jpg,rectangle_java2.jpg,1254231587,104,1151.1042307692308,660.4546153846154,1134.5,658,22,20,10,2,class->block->function->block->block_content->decl_stmt->decl->init->expr->call->argument_list->argument->expr->literal
2,69,rectangle_java2.jpg,rectangle_java2.jpg,1254231587,104,1151.1042307692308,660.4546153846154,1163.5,658,10,20,",",1,class->block->function->block->block_content->decl_stmt->decl->init->expr->call->argument_list
2,69,rectangle_java2.jpg,rectangle_java2.jpg,1254323466,88,1145.3104545454546,670.35,1134.5,658,22,20,10,2,class->block->function->block->block_content->decl_stmt->decl->init->expr->call->argument_list->argument->expr->literal
2,69,rectangle_java2.jpg,rectangle_java2.jpg,1254471562,80,948.308,675.0885,941.5,658,91,20,Rectangle,9,class->block->function->block->block_content->decl_stmt->decl->init->expr->call->name
2,69,rectangle_java2.jpg,rectangle_java2.jpg,1254963568,120,807.619,702.967,730.5,694,177,21,System.out.println,18,class->block->function->block->block_content->expr_stmt->expr->call->name->name->operator->name->operator->name
2,69,rectangle_java2.jpg,rectangle_java2.jpg,1255327638,112,973.2164285714285,709.1628571428571,932.5,694,100,21,rect1.area,10,class->block->function->block->block_content->expr_stmt->expr->call->argument_list->argument->expr->call->name->name->operator->name
2,69,rectangle_java2.jpg,rectangle_java2.jpg,1255627615,176,943.13,709.1325,932.5,694,100,21,rect1.area,10,class->block->function->block->block_content->expr_stmt->expr->call->argument_list->argument->expr->call->name->name->operator->name
2,69,rectangle_java2.jpg,rectangle_java2.jpg,1255843445,84,997.1385714285714,712.6371428571429,932.5,694,100,21,rect1.area,10,class->block->function->block->block_content->expr_stmt->expr->call->argument_list->argument->expr->call->name->name->operator->name
2,69,rectangle_java2.jpg,rectangle_java2.jpg,1256219517,56,1004.6671428571428,708.0464285714286,932.5,694,100,21,rect1.area,10,class->block->function->block->block_content->expr_stmt->expr->call->argument_list->argument->expr->call->name->name->operator->name
2,69,rectangle_java2.jpg,rectangle_java2.jpg,1256295512,56,1064.0307142857143,674.3814285714286,1057.5,658,13,20,0,1,class->block->function->block->block_content->decl_stmt->decl->init->expr->call->argument_list->argument->expr->literal
2,69,rectangle_java2.jpg,rectangle_java2.jpg,1256411523,112,1062.8660714285713,662.2685714285715,1057.5,658,13,20,0,1,class->block->function->block->block_content->decl_stmt->decl->init->expr->call->argument_list->argument->expr->literal
2,69,rectangle_java2.jpg,rectangle_java2.jpg,1256547575,72,958.0827777777778,668.1138888888889,941.5,658,91,20,Rectangle,9,class->block->function->block->block_content->decl_stmt->decl->init->expr->call->name
2,69,rectangle_java2.jpg,rectangle_java2.jpg,1256615558,64,957.659375,663.5575,941.5,658,91,20,Rectangle,9,class->block->function->block->block_content->decl_stmt->decl->init->expr->call->name
2,69,rectangle_java2.jpg,rectangle_java2.jpg,1256683538,64,955.7775,671.944375,941.5,658,91,20,Rectangle,9,class->block->function->block->block_content->decl_stmt->decl->init->expr->call->name
2,69,rectangle_java2.jpg,rectangle_java2.jpg,1256807524,120,954.4943333333333,702.463,932.5,694,100,21,rect1.area,10,class->block->function->block->block_content->expr_stmt->expr->call->argument_list->argument->expr->call->name->name->operator->name
2,69,rectangle_java2.jpg,rectangle_java2.jpg,1256907537,96,947.23875,704.8054166666667,932.5,694,100,21,rect1.area,10,class->block->function->block->block_content->expr_stmt->expr->call->argument_list->argument->expr->call->name->name->operator->name
2,69,rectangle_java2.jpg,rectangle_java2.jpg,1257011541,68,992.494705882353,714.4,932.5,694,100,21,rect1.area,10,class->block->function->block->block_content->expr_stmt->expr->call->argument_list->argument->expr->call->name->name->operator->name
2,69,rectangle_java2.jpg,rectangle_java2.jpg,1257091535,76,986.4615789473684,720.3994736842105,941.5,731,91,20,Rectangle,9,class->block->function->block->block_content->decl_stmt->decl->init->expr->call->name
2,69,rectangle_java2.jpg,rectangle_java2.jpg,1257263523,168,988.3352380952381,712.2869047619048,932.5,694,100,21,rect1.area,10,class->block->function->block->block_content->expr_stmt->expr->call->argument_list->argument->expr->call->name->name->operator->name
2,69,rectangle_java2.jpg,rectangle_java2.jpg,1257399524,108,856.3988888888889,579.2655555555556,856.5,585,9,21,(,1,class->block->function->parameter_list
2,69,rectangle_java2.jpg,rectangle_java2.jpg,1257899406,160,772.16725,511.06500000000005,775.5,512,53,21,width,5,class->block->function->name
2,69,rectangle_java2.jpg,rectangle_java2.jpg,1258031395,88,774.2109090909091,550.5313636363636,775.5,549,62,21,height,6,class->block->function->name
2,69,rectangle_java2.jpg,rectangle_java2.jpg,1258187344,152,785.9234210526315,566.3113157894737,775.5,549,62,21,height,6,class->block->function->name
2,69,rectangle_java2.jpg,rectangle_java2.jpg,1258363363,172,793.4360465116279,582.6253488372093,737.5,585,62,21,double,6,class->block->function->type->name
2,69,rectangle_java2.jpg,rectangle_java2.jpg,1258363363,172,793.4360465116279,582.6253488372093,804.5,585,43,21,area,4,class->block->function->name
2,69,rectangle_java2.jpg,rectangle_java2.jpg,1258563404,132,1020.7512121212121,588.7015151515152,977.5,585,101,21,this.width,10,class->block->function->block->block_content->return->expr->call->name->name->operator->name
2,69,rectangle_java2.jpg,rectangle_java2.jpg,1258731390,164,1016.7514634146341,588.9746341463415,977.5,585,101,21,this.width,10,class->block->function->block->block_content->return->expr->call->name->name->operator->name
2,69,rectangle_java2.jpg,rectangle_java2.jpg,1258883370,116,1140.9,593.4875862068966,1140.5,585,110,21,this.height,11,class->block->function->block->block_content->return->expr->call->name->name->operator->name
2,69,rectangle_java2.jpg,rectangle_java2.jpg,1259059367,124,1140.1351612903227,591.9741935483871,1140.5,585,110,21,this.height,11,class->block->function->block->block_content->return->expr->call->name->name->operator->name
2,69,rectangle_java2.jpg,rectangle_java2.jpg,1259123374,60,1147.8606666666667,587.628,1140.5,585,110,21,this.height,11,class->block->function->block->block_content->return->expr->call->name->name->operator->name
2,69,rectangle_java2.jpg,rectangle_java2.jpg,1259303366,148,1204.0948648648648,590.5091891891892,1140.5,585,110,21,this.height,11,class->block->function->block->block_content->return->expr->call->name->name->operator->name
2,69,rectangle_java2.jpg,rectangle_java2.jpg,1259767260,172,1070.4425581395349,695.0688372093023,1077.5,694,9,21,),1,class->block->function->block->block_content->expr_stmt->expr->call->argument_list
2,69,rectangle_java2.jpg,rectangle_java2.jpg,1259955178,80,1099.7035,656.7379999999999,1095.5,658,13,20,0,1,class->block->function->block->block_content->decl_stmt->decl->init->expr->call->argument_list->argument->expr->literal
2,69,rectangle_java2.jpg,rectangle_java2.jpg,1260167158,156,1126.8692307692309,598.5274358974359,1122.5,585,12,21,*,1,class->block->function->block->block_content->return->expr->operator
2,69,rectangle_java2.jpg,rectangle_java2.jpg,1260339269,124,1041.0970967741935,579.4116129032258,977.5,585,101,21,this.width,10,class->block->function->block->block_content->return->expr->call->name->name->operator->name
2,69,rectangle_java2.jpg,rectangle_java2.jpg,1260423267,80,1036.831,579.5075,977.5,585,101,21,this.width,10,class->block->function->block->block_content->return->expr->call->name->name->operator->name
2,69,rectangle_java2.jpg,rectangle_java2.jpg,1260503271,76,1041.3442105263157,589.5768421052632,977.5,585,101,21,this.width,10,class->block->function->block->block_content->return->expr->call->name->name->operator->name
2,69,rectangle_java2.jpg,rectangle_java2.jpg,1260587309,80,1036.7359999999999,577.1375,977.5,585,101,21,this.width,10,class->block->function->block->block_content->return->expr->call->name->name->operator->name
2,69,rectangle_java2.jpg,rectangle_java2.jpg,1261039240,160,1238.32125,596.43075,1140.5,585,110,21,this.height,11,class->block->function->block->block_content->return->expr->call->name->name->operator->name
2,69,rectangle_java2.jpg,rectangle_java2.jpg,1261207086,164,1235.94,603.1480487804878,1140.5,585,110,21,this.height,11,class->block->function->block->block_content->return->expr->call->name->name->operator->name
2,69,rectangle_java2.jpg,rectangle_java2.jpg,1261330944,88,1165.0927272727272,667.7540909090909,1163.5,658,10,20,",",1,class->block->function->block->block_content->decl_stmt->decl->init->expr->call->argument_list
2,69,rectangle_java2.jpg,rectangle_java2.jpg,1261403026,68,1164.7017647058824,664.0247058823529,1163.5,658,10,20,",",1,class->block->function->block->block_content->decl_stmt->decl->init->expr->call->argument_list
2,69,rectangle_java2.jpg,rectangle_java2.jpg,1261515184,100,944.9988,653.1624,941.5,658,91,20,Rectangle,9,class->block->function->block->block_content->decl_stmt->decl->init->expr->call->name
2,69,rectangle_java2.jpg,rectangle_java2.jpg,1261611194,92,936.6930434782608,647.2973913043478,941.5,658,91,20,Rectangle,9,class->block->function->block->block_content->decl_stmt->decl->init->expr->call->name
2,69,rectangle_java2.jpg,rectangle_java2.jpg,1261763136,96,937.1858333333333,302.25875,939.5,295,33,21,int,3,class->block->constructor->parameter_list->parameter->decl->type->name
2,69,rectangle_java2.jpg,rectangle_java2.jpg,1261867136,100,935.7368,312.9152,939.5,295,33,21,int,3,class->block->constructor->parameter_list->parameter->decl->type->name
2,69,rectangle_java2.jpg,rectangle_java2.jpg,1261959133,60,1075.7406666666666,286.328,1063.5,295,23,21,x2,2,class->block->constructor->parameter_list->parameter->decl->type->name
2,69,rectangle_java2.jpg,rectangle_java2.jpg,1262271134,92,918.6273913043478,265.75304347826085,911.5,259,10,21,",",1,class->block->decl_stmt
2,69,rectangle_java2.jpg,rectangle_java2.jpg,1262271134,92,918.6273913043478,265.75304347826085,929.5,259,23,21,y2,2,class->block->decl_stmt->decl->name
2,69,rectangle_java2.jpg,rectangle_java2.jpg,1262383136,108,916.1751851851852,270.74185185185183,911.5,259,10,21,",",1,class->block->decl_stmt
2,69,rectangle_java2.jpg,rectangle_java2.jpg,1262487113,68,806.5870588235294,311.7029411764706,737.5,295,91,21,Rectangle,9,class->block->constructor->name
2,69,rectangle_java2.jpg,rectangle_java2.jpg,1262635079,144,804.7233333333334,321.6988888888889,806.5,331,15,19,=,1,class->block->constructor->block->block_content->expr_stmt->expr->operator
2,69,rectangle_java2.jpg,rectangle_java2.jpg,1262799068,104,1090.5761538461538,601.2438461538461,1086.5,585,10,21,(,1,class->block->function->block->block_content->return->expr->call->argument_list
2,69,rectangle_java2.jpg,rectangle_java2.jpg,1262915082,96,1081.70375,531.2975,1054.5,512,71,21,this.x1,7,class->block->function->block->block_content->return->expr->name->name->operator->name
2,69,rectangle_java2.jpg,rectangle_java2.jpg,1263302902,192,1159.3789583333332,588.3483333333334,1140.5,585,110,21,this.height,11,class->block->function->block->block_content->return->expr->call->name->name->operator->name
2,69,rectangle_java2.jpg,rectangle_java2.jpg,1263714932,224,1137.2792857142856,669.6396428571429,1134.5,658,22,20,10,2,class->block->function->block->block_content->decl_stmt->decl->init->expr->call->argument_list->argument->expr->literal
2,69,rectangle_java2.jpg,rectangle_java2.jpg,1263822955,92,1049.1952173913044,701.3978260869566,1041.5,694,9,21,(,1,class->block->function->block->block_content->expr_stmt->expr->call->argument_list->argument->expr->call->argument_list
2,69,rectangle_java2.jpg,rectangle_java2.jpg,1263822955,92,1049.1952173913044,701.3978260869566,1057.5,694,10,21,),1,class->block->function->block->block_content->expr_stmt->expr->call->argument_list->argument->expr->call->argument_list
2,69,rectangle_java2.jpg,rectangle_java2.jpg,1263954946,128,1046.9721875,707.2165625,1041.5,694,9,21,(,1,class->block->function->block->block_content->expr_stmt->expr->call->argument_list->argument->expr->call->argument_list
2,69,rectangle_java2.jpg,rectangle_java2.jpg,1263954946,128,1046.9721875,707.2165625,1057.5,694,10,21,),1,class->block->function->block->block_content->expr_stmt->expr->call->argument_list->argument->expr->call->argument_list
2,69,rectangle_java2.jpg,rectangle_java2.jpg,1264286984,72,955.82,707.6822222222222,932.5,694,100,21,rect1.area,10,class->block->function->block->block_content->expr_stmt->expr->call->argument_list->argument->expr->call->name->name->operator->name
2,69,rectangle_java2.jpg,rectangle_java2.jpg,1264407043,80,948.9095,709.6915,932.5,694,100,21,rect1.area,10,class->block->function->block->block_content->expr_stmt->expr->call->argument_list->argument->expr->call->name->name->operator->name
2,69,rectangle_java2.jpg,rectangle_java2.jpg,1264519190,108,976.6162962962964,708.0551851851852,932.5,694,100,21,rect1.area,10,class->block->function->block->block_content->expr_stmt->expr->call->argument_list->argument->expr->call->name->name->operator->name
2,69,rectangle_java2.jpg,rectangle_java2.jpg,1264611153,88,980.9868181818182,698.1609090909091,932.5,694,100,21,rect1.area,10,class->block->function->block->block_content->expr_stmt->expr->call->argument_list->argument->expr->call->name->name->operator->name
2,69,rectangle_java2.jpg,rectangle_java2.jpg,1264778927,128,866.565,685.5946875,730.5,694,177,21,System.out.println,18,class->block->function->block->block_content->expr_stmt->expr->call->name->name->operator->name->operator->name
2,69,rectangle_java2.jpg,rectangle_java2.jpg,1264870791,64,810.245,690.74625,730.5,694,177,21,System.out.println,18,class->block->function->block->block_content->expr_stmt->expr->call->name->name->operator->name->operator->name
2,69,rectangle_java2.jpg,rectangle_java2.jpg,1264930702,56,778.7742857142857,695.4307142857143,730.5,694,177,21,System.out.println,18,class->block->function->block->block_content->expr_stmt->expr->call->name->name->operator->name->operator->name
2,69,rectangle_java2.jpg,rectangle_java2.jpg,1265030746,96,803.2741666666667,695.885,730.5,694,177,21,System.out.println,18,class->block->function->block->block_content->expr_stmt->expr->call->name->name->operator->name->operator->name
2,69,rectangle_java2.jpg,rectangle_java2.jpg,1265158871,88,839.7613636363636,697.6840909090909,730.5,694,177,21,System.out.println,18,class->block->function->block->block_content->expr_stmt->expr->call->name->name->operator->name->operator->name
2,69,rectangle_java2.jpg,rectangle_java2.jpg,1265530847,128,906.5615625,696.1321875,730.5,694,177,21,System.out.println,18,class->block->function->block->block_content->expr_stmt->expr->call->name->name->operator->name->operator->name
2,69,rectangle_java2.jpg,rectangle_java2.jpg,1265530847,128,906.5615625,696.1321875,916.5,694,9,21,(,1,class->block->function->block->block_content->expr_stmt->expr->call->argument_list
2,69,rectangle_java2.jpg,rectangle_java2.jpg,1265686869,88,840.7804545454545,697.2936363636363,730.5,694,177,21,System.out.println,18,class->block->function->block->block_content->expr_stmt->expr->call->name->name->operator->name->operator->name
2,69,rectangle_java2.jpg,rectangle_java2.jpg,1266022853,104,852.4753846153847,695.9665384615384,730.5,694,177,21,System.out.println,18,class->block->function->block->block_content->expr_stmt->expr->call->name->name->operator->name->operator->name
2,69,rectangle_java2.jpg,rectangle_java2.jpg,1266122835,80,977.6245,689.902,932.5,694,100,21,rect1.area,10,class->block->function->block->block_content->expr_stmt->expr->call->argument_list->argument->expr->call->name->name->operator->name
2,69,rectangle_java2.jpg,rectangle_java2.jpg,1266326833,200,977.6866,697.164,932.5,694,100,21,rect1.area,10,class->block->function->block->block_content->expr_stmt->expr->call->argument_list->argument->expr->call->name->name->operator->name
2,69,rectangle_java2.jpg,rectangle_java2.jpg,1266470835,140,978.046,705.8991428571429,932.5,694,100,21,rect1.area,10,class->block->function->block->block_content->expr_stmt->expr->call->argument_list->argument->expr->call->name->name->operator->name
2,69,rectangle_java2.jpg,rectangle_java2.jpg,1266766664,260,957.2643076923077,741.1098461538462,941.5,731,91,20,Rectangle,9,class->block->function->block->block_content->decl_stmt->decl->init->expr->call->name
2,69,rectangle_java2.jpg,rectangle_java2.jpg,1267070668,112,1124.3014285714285,748.0782142857142,1115.5,731,10,20,",",1,class->block->function->block->block_content->decl_stmt->decl->init->expr->call->argument_list
2,69,rectangle_java2.jpg,rectangle_java2.jpg,1267070668,112,1124.3014285714285,748.0782142857142,1134.5,731,22,20,10,2,class->block->function->block->block_content->decl_stmt->decl->init->expr->call->argument_list->argument->expr->literal
2,69,rectangle_java2.jpg,rectangle_java2.jpg,1267674713,88,995.3709090909091,777.5,932.5,766,100,21,rect2.area,10,class->block->function->block->block_content->expr_stmt->expr->call->argument_list->argument->expr->call->name->name->operator->name
2,69,rectangle_java2.jpg,rectangle_java2.jpg,1267906657,156,966.3697435897436,782.1423076923077,932.5,766,100,21,rect2.area,10,class->block->function->block->block_content->expr_stmt->expr->call->argument_list->argument->expr->call->name->name->operator->name
2,69,rectangle_java2.jpg,rectangle_java2.jpg,1268006649,96,965.7333333333333,780.70625,932.5,766,100,21,rect2.area,10,class->block->function->block->block_content->expr_stmt->expr->call->argument_list->argument->expr->call->name->name->operator->name
2,69,rectangle_java2.jpg,rectangle_java2.jpg,1268206801,112,995.0532142857143,721.5382142857143,941.5,731,91,20,Rectangle,9,class->block->function->block->block_content->decl_stmt->decl->init->expr->call->name
2,69,rectangle_java2.jpg,rectangle_java2.jpg,1268590543,116,1142.5541379310346,743.3493103448276,1134.5,731,22,20,10,2,class->block->function->block->block_content->decl_stmt->decl->init->expr->call->argument_list->argument->expr->literal
2,69,rectangle_java2.jpg,rectangle_java2.jpg,1268774481,92,1077.6791304347826,737.9630434782608,1077.5,731,9,20,",",1,class->block->function->block->block_content->decl_stmt->decl->init->expr->call->argument_list
2,69,rectangle_java2.jpg,rectangle_java2.jpg,1268834505,56,1083.8007142857143,738.6871428571428,1077.5,731,9,20,",",1,class->block->function->block->block_content->decl_stmt->decl->init->expr->call->argument_list
2,69,rectangle_java2.jpg,rectangle_java2.jpg,1268834505,56,1083.8007142857143,738.6871428571428,1095.5,731,13,20,5,1,class->block->function->block->block_content->decl_stmt->decl->init->expr->call->argument_list->argument->expr->literal
2,69,rectangle_java2.jpg,rectangle_java2.jpg,1269086603,196,1108.1775510204081,676.084693877551,1095.5,658,13,20,0,1,class->block->function->block->block_content->decl_stmt->decl->init->expr->call->argument_list->argument->expr->literal
2,69,rectangle_java2.jpg,rectangle_java2.jpg,1269086603,196,1108.1775510204081,676.084693877551,1115.5,658,10,20,",",1,class->block->function->block->block_content->decl_stmt->decl->init->expr->call->argument_list
2,69,rectangle_java2.jpg,rectangle_java2.jpg,1269310626,220,1110.540909090909,668.8072727272727,1115.5,658,10,20,",",1,class->block->function->block->block_content->decl_stmt->decl->init->expr->call->argument_list
2,69,rectangle_java2.jpg,rectangle_java2.jpg,1269790570,116,1143.8741379310345,666.9158620689656,1134.5,658,22,20,10,2,class->block->function->block->block_content->decl_stmt->decl->init->expr->call->argument_list->argument->expr->literal
2,69,rectangle_java2.jpg,rectangle_java2.jpg,1270114512,128,1167.748125,672.7028125,1163.5,658,10,20,",",1,class->block->function->block->block_content->decl_stmt->decl->init->expr->call->argument_list
2,69,rectangle_java2.jpg,rectangle_java2.jpg,1270490281,136,1073.4252941176471,766.1155882352941,1077.5,766,9,21,),1,class->block->function->block->block_content->expr_stmt->expr->call->argument_list
2,69,rectangle_java2.jpg,rectangle_java2.jpg,1270662356,80,878.465,737.7885,883.5,731,15,20,=,1,class->block->function->block->block_content->decl_stmt->decl->init
2,69,rectangle_java2.jpg,rectangle_java2.jpg,1270738442,72,887.0438888888889,736.1394444444445,883.5,731,15,20,=,1,class->block->function->block->block_content->decl_stmt->decl->init
2,69,rectangle_java2.jpg,rectangle_java2.jpg,1270942523,144,975.8580555555556,756.21,932.5,766,100,21,rect2.area,10,class->block->function->block->block_content->expr_stmt->expr->call->argument_list->argument->expr->call->name->name->operator->name
2,69,rectangle_java2.jpg,rectangle_java2.jpg,1271038503,92,977.4126086956521,749.9386956521739,941.5,731,91,20,Rectangle,9,class->block->function->block->block_content->decl_stmt->decl->init->expr->call->name
2,69,rectangle_java2.jpg,rectangle_java2.jpg,1271294438,68,1082.850588235294,748.7194117647059,1077.5,731,9,20,",",1,class->block->function->block->block_content->decl_stmt->decl->init->expr->call->argument_list
2,69,rectangle_java2.jpg,rectangle_java2.jpg,1271418453,120,1075.1966666666667,757.983,1077.5,766,9,21,),1,class->block->function->block->block_content->expr_stmt->expr->call->argument_list
2,69,rectangle_java2.jpg,rectangle_java2.jpg,1271542456,80,1053.287,768.3305,1057.5,766,10,21,),1,class->block->function->block->block_content->expr_stmt->expr->call->argument_list->argument->expr->call->argument_list
2,69,rectangle_java2.jpg,rectangle_java2.jpg,1271642448,96,939.0104166666666,766.2837499999999,932.5,766,100,21,rect2.area,10,class->block->function->block->block_content->expr_stmt->expr->call->argument_list->argument->expr->call->name->name->operator->name
2,69,rectangle_java2.jpg,rectangle_java2.jpg,1271714442,68,943.6929411764706,777.9023529411764,932.5,766,100,21,rect2.area,10,class->block->function->block->block_content->expr_stmt->expr->call->argument_list->argument->expr->call->name->name->operator->name
2,69,rectangle_java2.jpg,rectangle_java2.jpg,1271778430,60,940.7153333333333,778.7186666666666,932.5,766,100,21,rect2.area,10,class->block->function->block->block_content->expr_stmt->expr->call->argument_list->argument->expr->call->name->name->operator->name
2,69,rectangle_java2.jpg,rectangle_java2.jpg,1271946400,140,978.6474285714286,780.5182857142858,932.5,766,100,21,rect2.area,10,class->block->function->block->block_content->expr_stmt->expr->call->argument_list->argument->expr->call->name->name->operator->name
2,69,rectangle_java2.jpg,rectangle_java2.jpg,1272294141,224,1067.09625,756.1548214285714,1057.5,766,10,21,),1,class->block->function->block->block_content->expr_stmt->expr->call->argument_list->argument->expr->call->argument_list
2,69,rectangle_java2.jpg,rectangle_java2.jpg,1272294141,224,1067.09625,756.1548214285714,1077.5,766,9,21,),1,class->block->function->block->block_content->expr_stmt->expr->call->argument_list
2,69,rectangle_java2.jpg,rectangle_java2.jpg,1272722286,204,1106.0388235294117,584.5994117647059,1103.5,585,9,21,),1,class->block->function->block->block_content->return->expr->call->argument_list
2,69,rectangle_java2.jpg,rectangle_java2.jpg,1272898302,148,1072.6951351351352,502.468108108108,1054.5,512,71,21,this.x1,7,class->block->function->block->block_content->return->expr->name->name->operator->name
2,69,rectangle_java2.jpg,rectangle_java2.jpg,1272998309,88,968.3845454545454,516.7031818181819,958.5,512,71,21,this.x2,7,class->block->function->block->block_content->return->expr->name->name->operator->name->operator
2,69,rectangle_java2.jpg,rectangle_java2.jpg,1273158323,104,865.7653846153846,309.56461538461537,853.5,295,32,21,int,3,class->block->constructor->parameter_list->parameter->decl->type->name
2,69,rectangle_java2.jpg,rectangle_java2.jpg,1273418330,256,869.42625,305.515625,853.5,295,32,21,int,3,class->block->constructor->parameter_list->parameter->decl->type->name
2,69,rectangle_java2.jpg,rectangle_java2.jpg,1273538255,88,893.7086363636364,277.74727272727273,881.5,259,23,21,x2,2,class->block->decl_stmt->decl->name
2,69,rectangle_java2.jpg,rectangle_java2.jpg,1273750268,164,815.3270731707318,333.67024390243904,806.5,331,15,19,=,1,class->block->constructor->block->block_content->expr_stmt->expr->operator
2,69,rectangle_java2.jpg,rectangle_java2.jpg,1273750268,164,815.3270731707318,333.67024390243904,826.5,331,23,19,x1,2,class->block->constructor->block->block_content->expr_stmt->expr->name->name
2,69,rectangle_java2.jpg,rectangle_java2.jpg,1273870281,100,771.3475999999999,336.6372,730.5,331,71,19,this.x1,7,class->block->constructor->block->block_content->expr_stmt->expr->name->name->operator->name
2,69,rectangle_java2.jpg,rectangle_java2.jpg,1274102029,228,769.0198245614035,345.7601754385965,730.5,331,71,19,this.x1,7,class->block->constructor->block->block_content->expr_stmt->expr->name->name->operator->name
2,69,rectangle_java2.jpg,rectangle_java2.jpg,1274234018,128,766.7865625000001,331.9328125,730.5,331,71,19,this.x1,7,class->block->constructor->block->block_content->expr_stmt->expr->name->name->operator->name
2,69,rectangle_java2.jpg,rectangle_java2.jpg,1274546177,112,835.0160714285714,341.5410714285714,826.5,331,23,19,x1,2,class->block->constructor->block->block_content->expr_stmt->expr->name->name
2,69,rectangle_java2.jpg,rectangle_java2.jpg,1274642180,92,836.7817391304347,357.99739130434784,826.5,367,23,21,y1,2,class->block->constructor->block->block_content->expr_stmt->expr->name->name
2,69,rectangle_java2.jpg,rectangle_java2.jpg,1274826183,180,823.9995555555555,337.42333333333335,826.5,331,23,19,x1,2,class->block->constructor->block->block_content->expr_stmt->expr->name->name
2,69,rectangle_java2.jpg,rectangle_java2.jpg,1275042176,148,767.3145945945946,336.6408108108108,730.5,331,71,19,this.x1,7,class->block->constructor->block->block_content->expr_stmt->expr->name->name->operator->name
2,69,rectangle_java2.jpg,rectangle_java2.jpg,1275190165,64,1054.8725,719.59625,1057.5,731,13,20,5,1,class->block->function->block->block_content->decl_stmt->decl->init->expr->call->argument_list->argument->expr->literal
2,69,rectangle_java2.jpg,rectangle_java2.jpg,1275258147,64,1065.658125,701.875,1057.5,694,10,21,),1,class->block->function->block->block_content->expr_stmt->expr->call->argument_list->argument->expr->call->argument_list
2,69,rectangle_java2.jpg,rectangle_java2.jpg,1275258147,64,1065.658125,701.875,1077.5,694,9,21,),1,class->block->function->block->block_content->expr_stmt->expr->call->argument_list
2,69,rectangle_java2.jpg,rectangle_java2.jpg,1275426123,84,1041.8323809523808,777.9914285714285,1041.5,766,9,21,(,1,class->block->function->block->block_content->expr_stmt->expr->call->argument_list->argument->expr->call->argument_list
2,69,rectangle_java2.jpg,rectangle_java2.jpg,1275666144,216,1076.1403703703704,746.7007407407408,1077.5,731,9,20,",",1,class->block->function->block->block_content->decl_stmt->decl->init->expr->call->argument_list
2,69,rectangle_java2.jpg,rectangle_java2.jpg,1275758151,56,1143.5092857142856,749.7021428571428,1134.5,731,22,20,10,2,class->block->function->block->block_content->decl_stmt->decl->init->expr->call->argument_list->argument->expr->literal
2,69,rectangle_java2.jpg,rectangle_java2.jpg,1276150037,160,807.44625,364.303,806.5,367,15,21,=,1,class->block->constructor->block->block_content->expr_stmt->expr->operator
2,69,rectangle_java2.jpg,rectangle_java2.jpg,1276250038,96,811.9266666666666,372.21208333333334,806.5,367,15,21,=,1,class->block->constructor->block->block_content->expr_stmt->expr->operator
2,69,rectangle_java2.jpg,rectangle_java2.jpg,1276326037,72,775.8288888888889,373.1488888888889,730.5,367,71,21,this.y1,7,class->block->constructor->block->block_content->expr_stmt->expr->name->name->operator->name
2,69,rectangle_java2.jpg,rectangle_java2.jpg,1276446046,116,769.1244827586207,362.32241379310346,730.5,367,71,21,this.y1,7,class->block->constructor->block->block_content->expr_stmt->expr->name->name->operator->name
2,69,rectangle_java2.jpg,rectangle_java2.jpg,1276690043,148,772.3318918918919,362.70567567567565,730.5,367,71,21,this.y1,7,class->block->constructor->block->block_content->expr_stmt->expr->name->name->operator->name
2,69,rectangle_java2.jpg,rectangle_java2.jpg,1276841926,148,764.4764864864865,362.22837837837835,730.5,367,71,21,this.y1,7,class->block->constructor->block->block_content->expr_stmt->expr->name->name->operator->name
2,69,rectangle_java2.jpg,rectangle_java2.jpg,1277185911,84,1138.1295238095238,743.115238095238,1134.5,731,22,20,10,2,class->block->function->block->block_content->decl_stmt->decl->init->expr->call->argument_list->argument->expr->literal
2,69,rectangle_java2.jpg,rectangle_java2.jpg,1277462076,124,785.0187096774193,378.278064516129,730.5,367,71,21,this.y1,7,class->block->constructor->block->block_content->expr_stmt->expr->name->name->operator->name
2,69,rectangle_java2.jpg,rectangle_java2.jpg,1277650006,112,962.5092857142857,290.88892857142855,939.5,295,33,21,int,3,class->block->constructor->parameter_list->parameter->decl->type->name
2,69,rectangle_java2.jpg,rectangle_java2.jpg,1277841798,188,968.2855319148936,300.4193617021277,939.5,295,33,21,int,3,class->block->constructor->parameter_list->parameter->decl->type->name
2,69,rectangle_java2.jpg,rectangle_java2.jpg,1277841798,188,968.2855319148936,300.4193617021277,977.5,295,23,21,y1,2,class->block->constructor->parameter_list->parameter->decl->type->name
2,69,rectangle_java2.jpg,rectangle_java2.jpg,1278013830,148,910.1510810810811,302.38702702702705,890.5,295,24,21,x1,2,class->block->constructor->parameter_list->parameter->decl->type->name
2,69,rectangle_java2.jpg,rectangle_java2.jpg,1278013830,148,910.1510810810811,302.38702702702705,921.5,295,9,21,",",1,class->block->constructor->parameter_list
2,69,rectangle_java2.jpg,rectangle_java2.jpg,1278141861,124,905.333870967742,313.84064516129035,890.5,295,24,21,x1,2,class->block->constructor->parameter_list->parameter->decl->type->name
2,69,rectangle_java2.jpg,rectangle_java2.jpg,1278273883,128,893.579375,307.850625,890.5,295,24,21,x1,2,class->block->constructor->parameter_list->parameter->decl->type->name
2,69,rectangle_java2.jpg,rectangle_java2.jpg,1278373939,80,793.681,343.8195,730.5,331,71,19,this.x1,7,class->block->constructor->block->block_content->expr_stmt->expr->name->name->operator->name
2,69,rectangle_java2.jpg,rectangle_java2.jpg,1278581953,204,791.6819607843138,342.31333333333333,730.5,331,71,19,this.x1,7,class->block->constructor->block->block_content->expr_stmt->expr->name->name->operator->name
2,69,rectangle_java2.jpg,rectangle_java2.jpg,1278818320,176,778.88,364.3706818181818,730.5,367,71,21,this.y1,7,class->block->constructor->block->block_content->expr_stmt->expr->name->name->operator->name
2,69,rectangle_java2.jpg,rectangle_java2.jpg,1279085983,212,954.8879245283019,301.1152830188679,939.5,295,33,21,int,3,class->block->constructor->parameter_list->parameter->decl->type->name
2,69,rectangle_java2.jpg,rectangle_java2.jpg,1279309900,132,979.3318181818182,299.0221212121212,977.5,295,23,21,y1,2,class->block->constructor->parameter_list->parameter->decl->type->name
2,69,rectangle_java2.jpg,rectangle_java2.jpg,1279381905,68,974.1458823529412,293.3570588235294,977.5,295,23,21,y1,2,class->block->constructor->parameter_list->parameter->decl->type->name
2,69,rectangle_java2.jpg,rectangle_java2.jpg,1279729666,76,1096.1747368421052,721.5194736842105,1095.5,731,13,20,5,1,class->block->function->block->block_content->decl_stmt->decl->init->expr->call->argument_list->argument->expr->literal
2,69,rectangle_java2.jpg,rectangle_java2.jpg,1279809720,76,1096.398947368421,711.6752631578947,1096.5,694,10,21,;,1,class->block->function->block->block_content->expr_stmt
2,69,rectangle_java2.jpg,rectangle_java2.jpg,1279929797,116,1100.1596551724137,728.0420689655173,1095.5,731,13,20,5,1,class->block->function->block->block_content->decl_stmt->decl->init->expr->call->argument_list->argument->expr->literal
2,69,rectangle_java2.jpg,rectangle_java2.jpg,1280097756,56,1099.5735714285715,706.4085714285715,1096.5,694,10,21,;,1,class->block->function->block->block_content->expr_stmt
2,69,rectangle_java2.jpg,rectangle_java2.jpg,1280225755,124,1098.765806451613,728.044193548387,1095.5,731,13,20,5,1,class->block->function->block->block_content->decl_stmt->decl->init->expr->call->argument_list->argument->expr->literal
2,69,rectangle_java2.jpg,rectangle_java2.jpg,1280377736,148,1098.5613513513513,740.6364864864864,1095.5,731,13,20,5,1,class->block->function->block->block_content->decl_stmt->decl->init->expr->call->argument_list->argument->expr->literal
2,69,rectangle_java2.jpg,rectangle_java2.jpg,1280461722,60,1150.7506666666666,750.3526666666667,1134.5,731,22,20,10,2,class->block->function->block->block_content->decl_stmt->decl->init->expr->call->argument_list->argument->expr->literal
2,69,rectangle_java2.jpg,rectangle_java2.jpg,1280685730,220,1154.8056363636363,745.7474545454545,1134.5,731,22,20,10,2,class->block->function->block->block_content->decl_stmt->decl->init->expr->call->argument_list->argument->expr->literal
2,69,rectangle_java2.jpg,rectangle_java2.jpg,1280685730,220,1154.8056363636363,745.7474545454545,1163.5,731,10,20,",",1,class->block->function->block->block_content->decl_stmt->decl->init->expr->call->argument_list
2,69,rectangle_java2.jpg,rectangle_java2.jpg,1281281781,292,922.698493150685,742.6867123287672,902.5,731,34,20,new,3,class->block->function->block->block_content->decl_stmt->decl->init->expr->operator
2,69,rectangle_java2.jpg,rectangle_java2.jpg,1281489492,176,966.0925,757.125,932.5,766,100,21,rect2.area,10,class->block->function->block->block_content->expr_stmt->expr->call->argument_list->argument->expr->call->name->name->operator->name
2,69,rectangle_java2.jpg,rectangle_java2.jpg,1281633528,140,961.3691428571428,757.574,932.5,766,100,21,rect2.area,10,class->block->function->block->block_content->expr_stmt->expr->call->argument_list->argument->expr->call->name->name->operator->name
2,69,rectangle_java2.jpg,rectangle_java2.jpg,1281705577,68,960.6976470588236,766.6911764705882,932.5,766,100,21,rect2.area,10,class->block->function->block->block_content->expr_stmt->expr->call->argument_list->argument->expr->call->name->name->operator->name
2,69,rectangle_java2.jpg,rectangle_java2.jpg,1282225603,96,1138.4891666666667,676.85375,1134.5,658,22,20,10,2,class->block->function->block->block_content->decl_stmt->decl->init->expr->call->argument_list->argument->expr->literal
2,69,rectangle_java2.jpg,rectangle_java2.jpg,1282405679,68,1205.160588235294,602.0094117647059,1140.5,585,110,21,this.height,11,class->block->function->block->block_content->return->expr->call->name->name->operator->name
2,69,rectangle_java2.jpg,rectangle_java2.jpg,1282613743,68,1155.565294117647,603.4388235294117,1140.5,585,110,21,this.height,11,class->block->function->block->block_content->return->expr->call->name->name->operator->name
2,69,rectangle_java2.jpg,rectangle_java2.jpg,1282897629,84,998.6771428571428,588.3066666666666,977.5,585,101,21,this.width,10,class->block->function->block->block_content->return->expr->call->name->name->operator->name
2,69,rectangle_java2.jpg,rectangle_java2.jpg,1283001635,68,979.9011764705882,560.8517647058824,968.5,549,70,21,this.y2,7,class->block->function->block->block_content->return->expr->name->name->operator->name
2,69,rectangle_java2.jpg,rectangle_java2.jpg,1283133646,88,884.1540909090909,583.0772727272728,893.5,585,10,21,{,1,class->block->function->block
2,69,rectangle_java2.jpg,rectangle_java2.jpg,1283565526,92,988.768695652174,313.9260869565217,977.5,295,23,21,y1,2,class->block->constructor->parameter_list->parameter->decl->type->name
2,69,rectangle_java2.jpg,rectangle_java2.jpg,1283733528,128,1015.8628125,304.00875,1007.5,295,10,21,",",1,class->block->constructor->parameter_list
2,69,rectangle_java2.jpg,rectangle_java2.jpg,1283733528,128,1015.8628125,304.00875,1025.5,295,33,21,int,3,class->block->constructor->parameter_list->parameter->decl->type->name
2,69,rectangle_java2.jpg,rectangle_java2.jpg,1284013425,92,811.1017391304348,342.77521739130435,806.5,331,15,19,=,1,class->block->constructor->block->block_content->expr_stmt->expr->operator
2,69,rectangle_java2.jpg,rectangle_java2.jpg,1284089458,72,782.2111111111111,355.8361111111111,730.5,367,71,21,this.y1,7,class->block->constructor->block->block_content->expr_stmt->expr->name->name->operator->name
2,69,rectangle_java2.jpg,rectangle_java2.jpg,1284313497,60,779.5146666666667,346.10333333333335,730.5,331,71,19,this.x1,7,class->block->constructor->block->block_content->expr_stmt->expr->name->name->operator->name
2,69,rectangle_java2.jpg,rectangle_java2.jpg,1284541540,200,844.8776,260.493,833.5,259,23,21,y1,2,class->block->decl_stmt->decl->name
2,69,rectangle_java2.jpg,rectangle_java2.jpg,1284601534,56,842.6171428571429,250.7385714285714,833.5,259,23,21,y1,2,class->block->decl_stmt->decl->name
2,69,rectangle_java2.jpg,rectangle_java2.jpg,1284965439,176,788.3493181818181,262.67045454545456,785.5,259,23,21,x1,2,class->block->decl_stmt->decl->name
2,69,rectangle_java2.jpg,rectangle_java2.jpg,1285165170,144,857.4030555555555,257.08916666666664,863.5,259,10,21,",",1,class->block->decl_stmt
2,69,rectangle_java2.jpg,rectangle_java2.jpg,1285345301,176,853.64,259.2245454545455,833.5,259,23,21,y1,2,class->block->decl_stmt->decl->name
2,69,rectangle_java2.jpg,rectangle_java2.jpg,1285345301,176,853.64,259.2245454545455,863.5,259,10,21,",",1,class->block->decl_stmt
2,69,rectangle_java2.jpg,rectangle_java2.jpg,1285429314,80,853.381,268.496,833.5,259,23,21,y1,2,class->block->decl_stmt->decl->name
2,69,rectangle_java2.jpg,rectangle_java2.jpg,1285429314,80,853.381,268.496,863.5,259,10,21,",",1,class->block->decl_stmt
2,69,rectangle_java2.jpg,rectangle_java2.jpg,1285777348,312,904.2033333333334,263.09628205128206,881.5,259,23,21,x2,2,class->block->decl_stmt->decl->name
2,69,rectangle_java2.jpg,rectangle_java2.jpg,1285777348,312,904.2033333333334,263.09628205128206,911.5,259,10,21,",",1,class->block->decl_stmt
2,69,rectangle_java2.jpg,rectangle_java2.jpg,1285969335,124,869.9532258064517,263.4638709677419,863.5,259,10,21,",",1,class->block->decl_stmt
2,69,rectangle_java2.jpg,rectangle_java2.jpg,1285969335,124,869.9532258064517,263.4638709677419,881.5,259,23,21,x2,2,class->block->decl_stmt->decl->name
2,69,rectangle_java2.jpg,rectangle_java2.jpg,1286197369,168,828.1373809523809,264.9042857142857,833.5,259,23,21,y1,2,class->block->decl_stmt->decl->name
2,69,rectangle_java2.jpg,rectangle_java2.jpg,1286429389,200,790.9616,251.2978,785.5,259,23,21,x1,2,class->block->decl_stmt->decl->name
2,69,rectangle_java2.jpg,rectangle_java2.jpg,1286501401,68,794.1605882352941,268.1258823529412,785.5,259,23,21,x1,2,class->block->decl_stmt->decl->name
2,69,rectangle_java2.jpg,rectangle_java2.jpg,1286781351,236,879.4808474576271,251.23762711864407,881.5,259,23,21,x2,2,class->block->decl_stmt->decl->name
2,69,rectangle_java2.jpg,rectangle_java2.jpg,1286841263,56,914.7564285714286,261.2135714285714,911.5,259,10,21,",",1,class->block->decl_stmt
2,69,rectangle_java2.jpg,rectangle_java2.jpg,1287013085,168,922.010238095238,269.0680952380952,929.5,259,23,21,y2,2,class->block->decl_stmt->decl->name
2,69,rectangle_java2.jpg,rectangle_java2.jpg,1287097154,64,1107.635,292.828125,1112.5,295,33,21,int,3,class->block->constructor->parameter_list->parameter->decl->type->name
2,69,rectangle_java2.jpg,rectangle_java2.jpg,1287209213,108,1114.7566666666667,291.0225925925926,1112.5,295,33,21,int,3,class->block->constructor->parameter_list->parameter->decl->type->name
2,69,rectangle_java2.jpg,rectangle_java2.jpg,1287413240,80,1182.133,739.2345,1182.5,731,22,20,10,2,class->block->function->block->block_content->decl_stmt->decl->init->expr->call->argument_list->argument->expr->literal
2,69,rectangle_java2.jpg,rectangle_java2.jpg,1287513231,96,1190.1725000000001,748.2404166666666,1182.5,731,22,20,10,2,class->block->function->block->block_content->decl_stmt->decl->init->expr->call->argument_list->argument->expr->literal
2,69,rectangle_java2.jpg,rectangle_java2.jpg,1287689270,64,1032.6125,754.659375,1041.5,766,9,21,(,1,class->block->function->block->block_content->expr_stmt->expr->call->argument_list->argument->expr->call->argument_list
2,69,rectangle_java2.jpg,rectangle_java2.jpg,1287753288,60,1032.996,755.11,1041.5,766,9,21,(,1,class->block->function->block->block_content->expr_stmt->expr->call->argument_list->argument->expr->call->argument_list
2,69,rectangle_java2.jpg,rectangle_java2.jpg,1287865291,80,884.7865,770.22,730.5,766,177,21,System.out.println,18,class->block->function->block->block_content->expr_stmt->expr->call->name->name->operator->name->operator->name
2,69,rectangle_java2.jpg,rectangle_java2.jpg,1288037322,68,854.8964705882353,652.4917647058824,826.5,658,52,20,rect1,5,class->block->function->block->block_content->decl_stmt->decl->name
2,69,rectangle_java2.jpg,rectangle_java2.jpg,1288125264,60,851.6193333333333,662.6786666666667,826.5,658,52,20,rect1,5,class->block->function->block->block_content->decl_stmt->decl->name
2,69,rectangle_java2.jpg,rectangle_java2.jpg,1288393223,220,1102.0885454545455,575.8105454545455,1103.5,585,9,21,),1,class->block->function->block->block_content->return->expr->call->argument_list
2,69,rectangle_java2.jpg,rectangle_java2.jpg,1288465228,68,1101.7576470588235,578.5823529411765,1103.5,585,9,21,),1,class->block->function->block->block_content->return->expr->call->argument_list
2,69,rectangle_java2.jpg,rectangle_java2.jpg,1288653221,168,984.2657142857142,564.6488095238095,968.5,549,70,21,this.y2,7,class->block->function->block->block_content->return->expr->name->name->operator->name
