trial,participant,code_file,code_language,timestamp,duration,x_cord,y_cord,aoi_x,aoi_y,aoi_width,aoi_height,token,length,srcML
2,78,rectangle_java2.jpg,rectangle_java2.jpg,14194326837,124,806.7064516129033,309.9441935483871,737.5,295,91,21,Rectangle,9,class->block->constructor->name
2,78,rectangle_java2.jpg,rectangle_java2.jpg,14197890501,116,741.1103448275862,231.5562068965517,715.5,222,90,21,Rectangle,9,class->name
2,78,rectangle_java2.jpg,rectangle_java2.jpg,14197970519,76,740.671052631579,232.2857894736842,715.5,222,90,21,Rectangle,9,class->name
2,78,rectangle_java2.jpg,rectangle_java2.jpg,14198206568,204,786.454705882353,239.76941176470586,715.5,222,90,21,Rectangle,9,class->name
2,78,rectangle_java2.jpg,rectangle_java2.jpg,14198442464,176,820.8563636363637,250.51931818181822,815.5,259,10,21,",",1,class->block->decl_stmt
2,78,rectangle_java2.jpg,rectangle_java2.jpg,14198606556,160,802.2775,252.53475000000003,785.5,259,23,21,x1,2,class->block->decl_stmt->decl->name
2,78,rectangle_java2.jpg,rectangle_java2.jpg,14199966448,352,763.8284090909091,284.62545454545455,737.5,295,91,21,Rectangle,9,class->block->constructor->name
2,78,rectangle_java2.jpg,rectangle_java2.jpg,14200094418,80,840.7905000000001,291.94,837.5,295,9,21,(,1,class->block->constructor->parameter_list
2,78,rectangle_java2.jpg,rectangle_java2.jpg,14200198351,100,837.5296,287.6816,837.5,295,9,21,(,1,class->block->constructor->parameter_list
2,78,rectangle_java2.jpg,rectangle_java2.jpg,14200398380,172,926.0474418604651,299.84441860465114,921.5,295,9,21,",",1,class->block->constructor->parameter_list
2,78,rectangle_java2.jpg,rectangle_java2.jpg,14200482374,80,929.526,290.5135,921.5,295,9,21,",",1,class->block->constructor->parameter_list
2,78,rectangle_java2.jpg,rectangle_java2.jpg,14200482374,80,929.526,290.5135,939.5,295,33,21,int,3,class->block->constructor->parameter_list->parameter->decl->type->name
2,78,rectangle_java2.jpg,rectangle_java2.jpg,14200830435,96,929.2370833333333,266.4195833333333,929.5,259,23,21,y2,2,class->block->decl_stmt->decl->name
2,78,rectangle_java2.jpg,rectangle_java2.jpg,14200982438,148,932.2032432432433,268.1462162162162,929.5,259,23,21,y2,2,class->block->decl_stmt->decl->name
2,78,rectangle_java2.jpg,rectangle_java2.jpg,14201914290,188,980.9746808510638,289.1108510638298,977.5,295,23,21,y1,2,class->block->constructor->parameter_list->parameter->decl->type->name
2,78,rectangle_java2.jpg,rectangle_java2.jpg,14202034362,88,1064.100909090909,291.94863636363635,1063.5,295,23,21,x2,2,class->block->constructor->parameter_list->parameter->decl->type->name
2,78,rectangle_java2.jpg,rectangle_java2.jpg,14202130391,92,1060.3626086956522,298.0095652173913,1063.5,295,23,21,x2,2,class->block->constructor->parameter_list->parameter->decl->type->name
2,78,rectangle_java2.jpg,rectangle_java2.jpg,14202286355,152,1060.076842105263,292.90263157894736,1063.5,295,23,21,x2,2,class->block->constructor->parameter_list->parameter->decl->type->name
2,78,rectangle_java2.jpg,rectangle_java2.jpg,14202494117,92,1006.0713043478261,285.3421739130435,1007.5,295,10,21,",",1,class->block->constructor->parameter_list
2,78,rectangle_java2.jpg,rectangle_java2.jpg,14202658048,92,1123.8630434782608,283.17,1112.5,295,33,21,int,3,class->block->constructor->parameter_list->parameter->decl->type->name
2,78,rectangle_java2.jpg,rectangle_java2.jpg,14202846192,184,1126.1915217391304,287.324347826087,1112.5,295,33,21,int,3,class->block->constructor->parameter_list->parameter->decl->type->name
2,78,rectangle_java2.jpg,rectangle_java2.jpg,14202986200,124,1122.9774193548387,290.4364516129032,1112.5,295,33,21,int,3,class->block->constructor->parameter_list->parameter->decl->type->name
2,78,rectangle_java2.jpg,rectangle_java2.jpg,14203406194,140,799.0697142857143,296.8117142857143,737.5,295,91,21,Rectangle,9,class->block->constructor->name
2,78,rectangle_java2.jpg,rectangle_java2.jpg,14203542192,132,801.1578787878788,315.5687878787879,737.5,295,91,21,Rectangle,9,class->block->constructor->name
2,78,rectangle_java2.jpg,rectangle_java2.jpg,14204134191,168,835.937380952381,324.1638095238095,826.5,331,23,19,x1,2,class->block->constructor->block->block_content->expr_stmt->expr->name->name
2,78,rectangle_java2.jpg,rectangle_java2.jpg,14204886000,164,796.7163414634147,371.13560975609755,730.5,367,71,21,this.y1,7,class->block->constructor->block->block_content->expr_stmt->expr->name->name->operator->name
2,78,rectangle_java2.jpg,rectangle_java2.jpg,14204886000,164,796.7163414634147,371.13560975609755,806.5,367,15,21,=,1,class->block->constructor->block->block_content->expr_stmt->expr->operator
2,78,rectangle_java2.jpg,rectangle_java2.jpg,14205014062,88,843.5,368.39045454545453,826.5,367,23,21,y1,2,class->block->constructor->block->block_content->expr_stmt->expr->name->name
2,78,rectangle_java2.jpg,rectangle_java2.jpg,14205090084,72,845.1772222222222,387.3616666666667,826.5,367,23,21,y1,2,class->block->constructor->block->block_content->expr_stmt->expr->name->name
2,78,rectangle_java2.jpg,rectangle_java2.jpg,14205090084,72,845.1772222222222,387.3616666666667,856.5,367,10,21,;,1,class->block->constructor->block->block_content->expr_stmt
2,78,rectangle_java2.jpg,rectangle_java2.jpg,14205198080,104,843.4019230769231,368.85653846153843,826.5,367,23,21,y1,2,class->block->constructor->block->block_content->expr_stmt->expr->name->name
2,78,rectangle_java2.jpg,rectangle_java2.jpg,14205570009,96,811.09875,410.87125000000003,806.5,404,15,19,=,1,class->block->constructor->block->block_content->expr_stmt->expr->operator
2,78,rectangle_java2.jpg,rectangle_java2.jpg,14207033933,176,809.814090909091,421.97749999999996,806.5,404,15,19,=,1,class->block->constructor->block->block_content->expr_stmt->expr->operator
2,78,rectangle_java2.jpg,rectangle_java2.jpg,14207105906,68,807.1694117647058,419.32411764705876,806.5,404,15,19,=,1,class->block->constructor->block->block_content->expr_stmt->expr->operator
2,78,rectangle_java2.jpg,rectangle_java2.jpg,14208397748,116,815.0358620689656,512.2927586206897,775.5,512,53,21,width,5,class->block->function->name
2,78,rectangle_java2.jpg,rectangle_java2.jpg,14208529859,128,822.330625,518.4996875,775.5,512,53,21,width,5,class->block->function->name
2,78,rectangle_java2.jpg,rectangle_java2.jpg,14208738152,124,884.8793548387097,520.4470967741936,891.5,512,62,21,return,6,class->block->function->block->block_content->return->expr->name->name
2,78,rectangle_java2.jpg,rectangle_java2.jpg,14209121741,352,833.2693181818182,512.6398863636364,837.5,512,9,21,(,1,class->block->function->parameter_list
2,78,rectangle_java2.jpg,rectangle_java2.jpg,14209201737,76,842.0678947368422,514.6457894736842,837.5,512,9,21,(,1,class->block->function->parameter_list
2,78,rectangle_java2.jpg,rectangle_java2.jpg,14209201737,76,842.0678947368422,514.6457894736842,854.5,512,9,21,),1,class->block->function->parameter_list
2,78,rectangle_java2.jpg,rectangle_java2.jpg,14209297734,68,893.4041176470588,511.66176470588243,891.5,512,62,21,return,6,class->block->function->block->block_content->return->expr->name->name
2,78,rectangle_java2.jpg,rectangle_java2.jpg,14209381718,80,893.0345,509.2035000000001,891.5,512,62,21,return,6,class->block->function->block->block_content->return->expr->name->name
2,78,rectangle_java2.jpg,rectangle_java2.jpg,14209441703,56,898.6764285714286,526.19,891.5,512,62,21,return,6,class->block->function->block->block_content->return->expr->name->name
2,78,rectangle_java2.jpg,rectangle_java2.jpg,14209549706,104,893.145,509.2969230769231,891.5,512,62,21,return,6,class->block->function->block->block_content->return->expr->name->name
2,78,rectangle_java2.jpg,rectangle_java2.jpg,14209641735,88,876.3,515.7572727272727,874.5,512,10,21,{,1,class->block->function->block
2,78,rectangle_java2.jpg,rectangle_java2.jpg,14209745753,76,965.7831578947369,505.381052631579,958.5,512,71,21,this.x2,7,class->block->function->block->block_content->return->expr->name->name->operator->name->operator
2,78,rectangle_java2.jpg,rectangle_java2.jpg,14210317677,168,996.4107142857143,521.7230952380952,958.5,512,71,21,this.x2,7,class->block->function->block->block_content->return->expr->name->name->operator->name->operator
2,78,rectangle_java2.jpg,rectangle_java2.jpg,14210517707,156,1002.9915384615384,524.6389743589743,958.5,512,71,21,this.x2,7,class->block->function->block->block_content->return->expr->name->name->operator->name->operator
2,78,rectangle_java2.jpg,rectangle_java2.jpg,14210585696,64,1003.005,514.374375,958.5,512,71,21,this.x2,7,class->block->function->block->block_content->return->expr->name->name->operator->name->operator
2,78,rectangle_java2.jpg,rectangle_java2.jpg,14210713671,92,838.1373913043478,547.06,846.5,549,10,21,(,1,class->block->function->parameter_list
2,78,rectangle_java2.jpg,rectangle_java2.jpg,14210921684,68,798.29,540.6011764705883,775.5,549,62,21,height,6,class->block->function->name
2,78,rectangle_java2.jpg,rectangle_java2.jpg,14211097718,172,801.8211627906977,559.189534883721,775.5,549,62,21,height,6,class->block->function->name
2,78,rectangle_java2.jpg,rectangle_java2.jpg,14211329669,192,899.358125,546.6429166666667,900.5,549,63,21,return,6,class->block->function->block->block_content->return
2,78,rectangle_java2.jpg,rectangle_java2.jpg,14211557660,188,860.1931914893617,550.4725531914894,863.5,549,9,21,),1,class->block->function->parameter_list
2,78,rectangle_java2.jpg,rectangle_java2.jpg,14211673732,112,856.78,562.8603571428572,863.5,549,9,21,),1,class->block->function->parameter_list
2,78,rectangle_java2.jpg,rectangle_java2.jpg,14211853851,80,852.8795,538.6625,846.5,549,10,21,(,1,class->block->function->parameter_list
2,78,rectangle_java2.jpg,rectangle_java2.jpg,14211853851,80,852.8795,538.6625,863.5,549,9,21,),1,class->block->function->parameter_list
2,78,rectangle_java2.jpg,rectangle_java2.jpg,14211929913,72,853.8066666666666,548.4111111111112,846.5,549,10,21,(,1,class->block->function->parameter_list
2,78,rectangle_java2.jpg,rectangle_java2.jpg,14211929913,72,853.8066666666666,548.4111111111112,863.5,549,9,21,),1,class->block->function->parameter_list
2,78,rectangle_java2.jpg,rectangle_java2.jpg,14212057780,60,883.9866666666667,555.5073333333333,883.5,549,10,21,{,1,class->block->function->block
2,78,rectangle_java2.jpg,rectangle_java2.jpg,14212249548,84,1017.4519047619048,545.4823809523809,968.5,549,70,21,this.y2,7,class->block->function->block->block_content->return->expr->name->name->operator->name
2,78,rectangle_java2.jpg,rectangle_java2.jpg,14212409535,76,1014.5910526315789,554.3031578947368,968.5,549,70,21,this.y2,7,class->block->function->block->block_content->return->expr->name->name->operator->name
2,78,rectangle_java2.jpg,rectangle_java2.jpg,14212529531,84,1063.3414285714287,559.572380952381,1064.5,549,71,21,this.y1,7,class->block->function->block->block_content->return->expr->name->name->operator->name
2,78,rectangle_java2.jpg,rectangle_java2.jpg,14213173539,252,1131.4004761904762,547.8457142857143,1064.5,549,71,21,this.y1,7,class->block->function->block->block_content->return->expr->name->name->operator->name
2,78,rectangle_java2.jpg,rectangle_java2.jpg,14213173539,252,1131.4004761904762,547.8457142857143,1142.5,549,10,21,;,1,class->block->function->block->block_content->return
2,78,rectangle_java2.jpg,rectangle_java2.jpg,14213249715,72,1127.0961111111112,563.98,1064.5,549,71,21,this.y1,7,class->block->function->block->block_content->return->expr->name->name->operator->name
2,78,rectangle_java2.jpg,rectangle_java2.jpg,14213325904,56,868.2957142857143,592.3721428571429,873.5,585,9,21,),1,class->block->function->parameter_list
2,78,rectangle_java2.jpg,rectangle_java2.jpg,14213905138,88,1041.1618181818183,595.6077272727273,977.5,585,101,21,this.width,10,class->block->function->block->block_content->return->expr->call->name->name->operator->name
2,78,rectangle_java2.jpg,rectangle_java2.jpg,14214361408,64,888.376875,572.885,893.5,585,10,21,{,1,class->block->function->block
2,78,rectangle_java2.jpg,rectangle_java2.jpg,14214817927,204,954.6278431372549,586.2319607843137,910.5,585,62,21,return,6,class->block->function->block->block_content->return
2,78,rectangle_java2.jpg,rectangle_java2.jpg,14215217455,72,1095.55,595.1738888888889,1086.5,585,10,21,(,1,class->block->function->block->block_content->return->expr->call->argument_list
2,78,rectangle_java2.jpg,rectangle_java2.jpg,14215217455,72,1095.55,595.1738888888889,1103.5,585,9,21,),1,class->block->function->block->block_content->return->expr->call->argument_list
2,78,rectangle_java2.jpg,rectangle_java2.jpg,14215289452,68,1093.454705882353,595.6764705882352,1086.5,585,10,21,(,1,class->block->function->block->block_content->return->expr->call->argument_list
2,78,rectangle_java2.jpg,rectangle_java2.jpg,14215289452,68,1093.454705882353,595.6764705882352,1103.5,585,9,21,),1,class->block->function->block->block_content->return->expr->call->argument_list
2,78,rectangle_java2.jpg,rectangle_java2.jpg,14215361433,68,1093.855294117647,579.0582352941176,1086.5,585,10,21,(,1,class->block->function->block->block_content->return->expr->call->argument_list
2,78,rectangle_java2.jpg,rectangle_java2.jpg,14215361433,68,1093.855294117647,579.0582352941176,1103.5,585,9,21,),1,class->block->function->block->block_content->return->expr->call->argument_list
2,78,rectangle_java2.jpg,rectangle_java2.jpg,14215677252,268,1083.1277611940297,587.0965671641791,1086.5,585,10,21,(,1,class->block->function->block->block_content->return->expr->call->argument_list
2,78,rectangle_java2.jpg,rectangle_java2.jpg,14215813292,84,1138.3138095238096,589.2385714285714,1140.5,585,110,21,this.height,11,class->block->function->block->block_content->return->expr->call->name->name->operator->name
2,78,rectangle_java2.jpg,rectangle_java2.jpg,14216049392,68,1014.4582352941177,537.0711764705883,968.5,549,70,21,this.y2,7,class->block->function->block->block_content->return->expr->name->name->operator->name
2,78,rectangle_java2.jpg,rectangle_java2.jpg,14216241308,96,915.8883333333333,552.6316666666667,900.5,549,63,21,return,6,class->block->function->block->block_content->return
2,78,rectangle_java2.jpg,rectangle_java2.jpg,14216381386,136,912.6735294117647,541.204705882353,900.5,549,63,21,return,6,class->block->function->block->block_content->return
2,78,rectangle_java2.jpg,rectangle_java2.jpg,14216533400,64,992.2625,554.45625,968.5,549,70,21,this.y2,7,class->block->function->block->block_content->return->expr->name->name->operator->name
2,78,rectangle_java2.jpg,rectangle_java2.jpg,14216717305,72,1100.6833333333334,554.2016666666667,1064.5,549,71,21,this.y1,7,class->block->function->block->block_content->return->expr->name->name->operator->name
2,78,rectangle_java2.jpg,rectangle_java2.jpg,14216793315,72,1100.3705555555555,559.2811111111112,1064.5,549,71,21,this.y1,7,class->block->function->block->block_content->return->expr->name->name->operator->name
2,78,rectangle_java2.jpg,rectangle_java2.jpg,14216965296,140,1152.8628571428571,561.6162857142857,1161.5,549,10,21,},1,class->block->function->block
2,78,rectangle_java2.jpg,rectangle_java2.jpg,14217149271,180,1169.6346666666666,557.7624444444444,1161.5,549,10,21,},1,class->block->function->block
2,78,rectangle_java2.jpg,rectangle_java2.jpg,14217593093,96,964.5633333333333,542.2608333333334,968.5,549,70,21,this.y2,7,class->block->function->block->block_content->return->expr->name->name->operator->name
2,78,rectangle_java2.jpg,rectangle_java2.jpg,14217821042,188,964.1355319148936,547.3989361702128,968.5,549,70,21,this.y2,7,class->block->function->block->block_content->return->expr->name->name->operator->name
2,78,rectangle_java2.jpg,rectangle_java2.jpg,14217905066,72,1137.7066666666667,553.4222222222222,1142.5,549,10,21,;,1,class->block->function->block->block_content->return
2,78,rectangle_java2.jpg,rectangle_java2.jpg,14218037110,96,1141.0654166666666,546.18125,1142.5,549,10,21,;,1,class->block->function->block->block_content->return
2,78,rectangle_java2.jpg,rectangle_java2.jpg,14218189205,148,1139.2743243243244,560.7024324324325,1142.5,549,10,21,;,1,class->block->function->block->block_content->return
2,78,rectangle_java2.jpg,rectangle_java2.jpg,14218369248,60,803.7653333333333,689.5546666666667,730.5,694,177,21,System.out.println,18,class->block->function->block->block_content->expr_stmt->expr->call->name->name->operator->name->operator->name
2,78,rectangle_java2.jpg,rectangle_java2.jpg,14218621160,184,815.16,661.5954347826087,730.5,658,91,20,Rectangle,9,class->block->function->block->block_content->decl_stmt->decl->type->name
2,78,rectangle_java2.jpg,rectangle_java2.jpg,14218621160,184,815.16,661.5954347826087,826.5,658,52,20,rect1,5,class->block->function->block->block_content->decl_stmt->decl->name
2,78,rectangle_java2.jpg,rectangle_java2.jpg,14218833136,72,901.9366666666667,672.3383333333334,902.5,658,34,20,new,3,class->block->function->block->block_content->decl_stmt->decl->init->expr->operator
2,78,rectangle_java2.jpg,rectangle_java2.jpg,14218913140,76,898.881052631579,690.2668421052632,730.5,694,177,21,System.out.println,18,class->block->function->block->block_content->expr_stmt->expr->call->name->name->operator->name->operator->name
2,78,rectangle_java2.jpg,rectangle_java2.jpg,14218997093,80,876.0355,684.5475,730.5,694,177,21,System.out.println,18,class->block->function->block->block_content->expr_stmt->expr->call->name->name->operator->name->operator->name
2,78,rectangle_java2.jpg,rectangle_java2.jpg,14219073049,72,883.3838888888889,700.5233333333333,730.5,694,177,21,System.out.println,18,class->block->function->block->block_content->expr_stmt->expr->call->name->name->operator->name->operator->name
2,78,rectangle_java2.jpg,rectangle_java2.jpg,14219133039,56,866.0057142857142,705.7135714285714,730.5,694,177,21,System.out.println,18,class->block->function->block->block_content->expr_stmt->expr->call->name->name->operator->name->operator->name
2,78,rectangle_java2.jpg,rectangle_java2.jpg,14219193043,56,876.8157142857143,704.0235714285715,730.5,694,177,21,System.out.println,18,class->block->function->block->block_content->expr_stmt->expr->call->name->name->operator->name->operator->name
2,78,rectangle_java2.jpg,rectangle_java2.jpg,14220625004,68,1054.1658823529413,697.6270588235294,1057.5,694,10,21,),1,class->block->function->block->block_content->expr_stmt->expr->call->argument_list->argument->expr->call->argument_list
2,78,rectangle_java2.jpg,rectangle_java2.jpg,14220929011,92,1149.1891304347826,666.1721739130435,1134.5,658,22,20,10,2,class->block->function->block->block_content->decl_stmt->decl->init->expr->call->argument_list->argument->expr->literal
2,78,rectangle_java2.jpg,rectangle_java2.jpg,14221624886,96,864.71875,711.03125,730.5,694,177,21,System.out.println,18,class->block->function->block->block_content->expr_stmt->expr->call->name->name->operator->name->operator->name
2,78,rectangle_java2.jpg,rectangle_java2.jpg,14221896876,204,810.2464705882353,785.1388235294118,730.5,766,177,21,System.out.println,18,class->block->function->block->block_content->expr_stmt->expr->call->name->name->operator->name->operator->name
2,78,rectangle_java2.jpg,rectangle_java2.jpg,14221976877,76,810.1736842105263,784.5094736842105,730.5,766,177,21,System.out.println,18,class->block->function->block->block_content->expr_stmt->expr->call->name->name->operator->name->operator->name
2,78,rectangle_java2.jpg,rectangle_java2.jpg,14222124870,112,916.2446428571428,775.5639285714286,916.5,766,9,21,(,1,class->block->function->block->block_content->expr_stmt->expr->call->argument_list
2,78,rectangle_java2.jpg,rectangle_java2.jpg,14222208867,80,918.554,776.6275,916.5,766,9,21,(,1,class->block->function->block->block_content->expr_stmt->expr->call->argument_list
2,78,rectangle_java2.jpg,rectangle_java2.jpg,14228648421,88,866.5490909090909,605.6395454545454,873.5,585,9,21,),1,class->block->function->parameter_list
2,78,rectangle_java2.jpg,rectangle_java2.jpg,14228748360,96,860.5108333333334,621.45625,851.5,621,44,21,main,4,class->block->function->name
