trial,participant,code_file,code_language,timestamp,duration,x_cord,y_cord,aoi_x,aoi_y,aoi_width,aoi_height,token,length,srcML
2,79,rectangle_java2.jpg,rectangle_java2.jpg,6494333038,76,817.1784210526316,327.96736842105264,806.5,331,15,19,=,1,class->block->constructor->block->block_content->expr_stmt->expr->operator
2,79,rectangle_java2.jpg,rectangle_java2.jpg,6494333038,76,817.1784210526316,327.96736842105264,826.5,331,23,19,x1,2,class->block->constructor->block->block_content->expr_stmt->expr->name->name
2,79,rectangle_java2.jpg,rectangle_java2.jpg,6494397037,60,814.012,319.246,806.5,331,15,19,=,1,class->block->constructor->block->block_content->expr_stmt->expr->operator
2,79,rectangle_java2.jpg,rectangle_java2.jpg,6494397037,60,814.012,319.246,826.5,331,23,19,x1,2,class->block->constructor->block->block_content->expr_stmt->expr->name->name
2,79,rectangle_java2.jpg,rectangle_java2.jpg,6494521031,120,806.657,314.24133333333333,737.5,295,91,21,Rectangle,9,class->block->constructor->name
2,79,rectangle_java2.jpg,rectangle_java2.jpg,6497720779,92,768.9495652173913,224.3326086956522,715.5,222,90,21,Rectangle,9,class->name
2,79,rectangle_java2.jpg,rectangle_java2.jpg,6497780783,56,759.5428571428572,210.52214285714285,715.5,222,90,21,Rectangle,9,class->name
2,79,rectangle_java2.jpg,rectangle_java2.jpg,6497944763,72,742.2688888888889,225.45944444444444,715.5,222,90,21,Rectangle,9,class->name
2,79,rectangle_java2.jpg,rectangle_java2.jpg,6498040748,56,778.0871428571429,212.65571428571428,715.5,222,90,21,Rectangle,9,class->name
2,79,rectangle_java2.jpg,rectangle_java2.jpg,6498228731,184,783.5758695652174,221.8556521739131,715.5,222,90,21,Rectangle,9,class->name
2,79,rectangle_java2.jpg,rectangle_java2.jpg,6498296746,64,800.614375,218.239375,715.5,222,90,21,Rectangle,9,class->name
2,79,rectangle_java2.jpg,rectangle_java2.jpg,6499332795,112,808.2582142857143,223.62892857142856,813.5,222,10,21,{,1,class->block
2,79,rectangle_java2.jpg,rectangle_java2.jpg,6499448788,112,793.8767857142857,213.12607142857144,715.5,222,90,21,Rectangle,9,class->name
2,79,rectangle_java2.jpg,rectangle_java2.jpg,6499580613,88,756.430909090909,263.2013636363636,747.5,259,33,21,int,3,class->block->decl_stmt->decl->type->name
2,79,rectangle_java2.jpg,rectangle_java2.jpg,6499796577,212,755.9847169811321,265.3145283018868,747.5,259,33,21,int,3,class->block->decl_stmt->decl->type->name
2,79,rectangle_java2.jpg,rectangle_java2.jpg,6500096637,264,811.0657575757576,263.9790909090909,815.5,259,10,21,",",1,class->block->decl_stmt
2,79,rectangle_java2.jpg,rectangle_java2.jpg,6500312624,108,906.8303703703704,273.96962962962965,911.5,259,10,21,",",1,class->block->decl_stmt
2,79,rectangle_java2.jpg,rectangle_java2.jpg,6500380613,64,897.125,254.1125,881.5,259,23,21,x2,2,class->block->decl_stmt->decl->name
2,79,rectangle_java2.jpg,rectangle_java2.jpg,6500540588,96,956.9279166666666,257.4916666666667,959.5,259,10,21,;,1,class->block->decl_stmt
2,79,rectangle_java2.jpg,rectangle_java2.jpg,6500604586,60,962.1213333333334,267.578,959.5,259,10,21,;,1,class->block->decl_stmt
2,79,rectangle_java2.jpg,rectangle_java2.jpg,6502040447,96,845.75125,297.7825,837.5,295,9,21,(,1,class->block->constructor->parameter_list
2,79,rectangle_java2.jpg,rectangle_java2.jpg,6502040447,96,845.75125,297.7825,853.5,295,32,21,int,3,class->block->constructor->parameter_list->parameter->decl->type->name
2,79,rectangle_java2.jpg,rectangle_java2.jpg,6502164486,120,807.6113333333334,305.637,737.5,295,91,21,Rectangle,9,class->block->constructor->name
2,79,rectangle_java2.jpg,rectangle_java2.jpg,6502240512,72,822.3744444444444,309.6177777777778,737.5,295,91,21,Rectangle,9,class->block->constructor->name
2,79,rectangle_java2.jpg,rectangle_java2.jpg,6502308520,64,860.265625,304.67625,853.5,295,32,21,int,3,class->block->constructor->parameter_list->parameter->decl->type->name
2,79,rectangle_java2.jpg,rectangle_java2.jpg,6502432501,120,862.633,314.1263333333333,853.5,295,32,21,int,3,class->block->constructor->parameter_list->parameter->decl->type->name
2,79,rectangle_java2.jpg,rectangle_java2.jpg,6502532481,96,853.7995833333333,296.10083333333336,853.5,295,32,21,int,3,class->block->constructor->parameter_list->parameter->decl->type->name
2,79,rectangle_java2.jpg,rectangle_java2.jpg,6502936520,176,803.8611363636363,301.9679545454545,737.5,295,91,21,Rectangle,9,class->block->constructor->name
2,79,rectangle_java2.jpg,rectangle_java2.jpg,6503020535,80,809.2915,298.703,737.5,295,91,21,Rectangle,9,class->block->constructor->name
2,79,rectangle_java2.jpg,rectangle_java2.jpg,6503276506,212,862.9330188679245,293.7896226415094,853.5,295,32,21,int,3,class->block->constructor->parameter_list->parameter->decl->type->name
2,79,rectangle_java2.jpg,rectangle_java2.jpg,6503372347,92,862.2904347826087,297.4760869565217,853.5,295,32,21,int,3,class->block->constructor->parameter_list->parameter->decl->type->name
2,79,rectangle_java2.jpg,rectangle_java2.jpg,6503576227,200,854.2716,295.3946,853.5,295,32,21,int,3,class->block->constructor->parameter_list->parameter->decl->type->name
2,79,rectangle_java2.jpg,rectangle_java2.jpg,6503636294,56,842.7935714285715,322.98,826.5,331,23,19,x1,2,class->block->constructor->block->block_content->expr_stmt->expr->name->name
2,79,rectangle_java2.jpg,rectangle_java2.jpg,6503924387,284,843.7159154929577,325.7012676056338,826.5,331,23,19,x1,2,class->block->constructor->block->block_content->expr_stmt->expr->name->name
2,79,rectangle_java2.jpg,rectangle_java2.jpg,6504004383,76,853.3547368421052,341.4657894736842,856.5,331,10,19,;,1,class->block->constructor->block->block_content->expr_stmt
2,79,rectangle_java2.jpg,rectangle_java2.jpg,6504968332,132,932.9745454545455,290.87757575757576,939.5,295,33,21,int,3,class->block->constructor->parameter_list->parameter->decl->type->name
2,79,rectangle_java2.jpg,rectangle_java2.jpg,6505404323,184,841.9476086956522,348.4078260869565,826.5,331,23,19,x1,2,class->block->constructor->block->block_content->expr_stmt->expr->name->name
2,79,rectangle_java2.jpg,rectangle_java2.jpg,6505496249,88,850.5572727272727,365.2990909090909,856.5,367,10,21,;,1,class->block->constructor->block->block_content->expr_stmt
2,79,rectangle_java2.jpg,rectangle_java2.jpg,6505656261,156,854.2020512820512,371.62179487179486,856.5,367,10,21,;,1,class->block->constructor->block->block_content->expr_stmt
2,79,rectangle_java2.jpg,rectangle_java2.jpg,6505732266,72,855.7866666666666,367.99444444444447,856.5,367,10,21,;,1,class->block->constructor->block->block_content->expr_stmt
2,79,rectangle_java2.jpg,rectangle_java2.jpg,6506772242,92,1119.9108695652174,283.87652173913045,1112.5,295,33,21,int,3,class->block->constructor->parameter_list->parameter->decl->type->name
2,79,rectangle_java2.jpg,rectangle_java2.jpg,6508220129,112,787.7575,499.60607142857134,775.5,512,53,21,width,5,class->block->function->name
2,79,rectangle_java2.jpg,rectangle_java2.jpg,6510571953,72,989.0027777777777,513.7911111111111,958.5,512,71,21,this.x2,7,class->block->function->block->block_content->return->expr->name->name->operator->name->operator
2,79,rectangle_java2.jpg,rectangle_java2.jpg,6510971976,124,878.8664516129032,525.9377419354838,874.5,512,10,21,{,1,class->block->function->block
2,79,rectangle_java2.jpg,rectangle_java2.jpg,6511083980,108,885.3844444444444,537.4096296296296,883.5,549,10,21,{,1,class->block->function->block
2,79,rectangle_java2.jpg,rectangle_java2.jpg,6511187913,60,902.8293333333334,552.1153333333333,900.5,549,63,21,return,6,class->block->function->block->block_content->return
2,79,rectangle_java2.jpg,rectangle_java2.jpg,6511267870,76,919.1747368421053,545.4878947368421,900.5,549,63,21,return,6,class->block->function->block->block_content->return
2,79,rectangle_java2.jpg,rectangle_java2.jpg,6511375886,104,918.4784615384616,526.9119230769231,891.5,512,62,21,return,6,class->block->function->block->block_content->return->expr->name->name
2,79,rectangle_java2.jpg,rectangle_java2.jpg,6511731852,132,1037.3051515151515,524.4551515151516,1035.5,512,13,21,-,1,class->block->function->block->block_content->return->expr->name->name
2,79,rectangle_java2.jpg,rectangle_java2.jpg,6511835835,100,1031.6136,529.1824,1035.5,512,13,21,-,1,class->block->function->block->block_content->return->expr->name->name
2,79,rectangle_java2.jpg,rectangle_java2.jpg,6512771801,68,1061.825882352941,522.7741176470588,1054.5,512,71,21,this.x1,7,class->block->function->block->block_content->return->expr->name->name->operator->name
2,79,rectangle_java2.jpg,rectangle_java2.jpg,6512883776,108,1060.6014814814814,506.53666666666663,1054.5,512,71,21,this.x1,7,class->block->function->block->block_content->return->expr->name->name->operator->name
2,79,rectangle_java2.jpg,rectangle_java2.jpg,6512947712,60,1128.2226666666666,512.7986666666667,1132.5,512,10,21,;,1,class->block->function->block
2,79,rectangle_java2.jpg,rectangle_java2.jpg,6513055600,104,1139.2153846153847,514.8942307692307,1132.5,512,10,21,;,1,class->block->function->block
2,79,rectangle_java2.jpg,rectangle_java2.jpg,6513195676,136,1142.7708823529413,527.2979411764705,1152.5,512,10,21,},1,class->block
2,79,rectangle_java2.jpg,rectangle_java2.jpg,6513295760,96,1135.3174999999999,521.8008333333333,1132.5,512,10,21,;,1,class->block->function->block
2,79,rectangle_java2.jpg,rectangle_java2.jpg,6513391734,92,1132.6269565217392,503.94478260869573,1132.5,512,10,21,;,1,class->block->function->block
2,79,rectangle_java2.jpg,rectangle_java2.jpg,6513491706,96,1126.1533333333334,524.1191666666666,1132.5,512,10,21,;,1,class->block->function->block
2,79,rectangle_java2.jpg,rectangle_java2.jpg,6513751696,256,1136.6425,520.61234375,1132.5,512,10,21,;,1,class->block->function->block
2,79,rectangle_java2.jpg,rectangle_java2.jpg,6514143712,128,1142.785625,518.924375,1152.5,512,10,21,},1,class->block
2,79,rectangle_java2.jpg,rectangle_java2.jpg,6514495742,92,1123.2265217391305,501.795652173913,1054.5,512,71,21,this.x1,7,class->block->function->block->block_content->return->expr->name->name->operator->name
2,79,rectangle_java2.jpg,rectangle_java2.jpg,6514495742,92,1123.2265217391305,501.795652173913,1132.5,512,10,21,;,1,class->block->function->block
2,79,rectangle_java2.jpg,rectangle_java2.jpg,6514931758,84,887.2304761904762,499.8695238095238,891.5,512,62,21,return,6,class->block->function->block->block_content->return->expr->name->name
2,79,rectangle_java2.jpg,rectangle_java2.jpg,6515003592,68,888.0117647058823,512.6464705882353,891.5,512,62,21,return,6,class->block->function->block->block_content->return->expr->name->name
2,79,rectangle_java2.jpg,rectangle_java2.jpg,6515099389,92,870.4660869565217,515.395652173913,874.5,512,10,21,{,1,class->block->function->block
2,79,rectangle_java2.jpg,rectangle_java2.jpg,6515211485,68,875.7988235294117,551.8370588235294,883.5,549,10,21,{,1,class->block->function->block
2,79,rectangle_java2.jpg,rectangle_java2.jpg,6515399583,132,858.7484848484848,531.2006060606061,854.5,512,9,21,),1,class->block->function->parameter_list
2,79,rectangle_java2.jpg,rectangle_java2.jpg,6515515594,56,829.9985714285714,543.825,775.5,549,62,21,height,6,class->block->function->name
2,79,rectangle_java2.jpg,rectangle_java2.jpg,6515647582,128,827.3209375,545.02875,775.5,549,62,21,height,6,class->block->function->name
2,79,rectangle_java2.jpg,rectangle_java2.jpg,6515943599,76,1134.4663157894736,500.14263157894743,1132.5,512,10,21,;,1,class->block->function->block
2,79,rectangle_java2.jpg,rectangle_java2.jpg,6516023591,76,1140.3936842105263,509.87263157894733,1132.5,512,10,21,;,1,class->block->function->block
2,79,rectangle_java2.jpg,rectangle_java2.jpg,6516023591,76,1140.3936842105263,509.87263157894733,1152.5,512,10,21,},1,class->block
2,79,rectangle_java2.jpg,rectangle_java2.jpg,6516091585,64,1135.555625,538.915,1142.5,549,10,21,;,1,class->block->function->block->block_content->return
2,79,rectangle_java2.jpg,rectangle_java2.jpg,6516299556,204,1134.76,546.8613725490196,1064.5,549,71,21,this.y1,7,class->block->function->block->block_content->return->expr->name->name->operator->name
2,79,rectangle_java2.jpg,rectangle_java2.jpg,6516299556,204,1134.76,546.8613725490196,1142.5,549,10,21,;,1,class->block->function->block->block_content->return
2,79,rectangle_java2.jpg,rectangle_java2.jpg,6516643603,76,1114.9668421052631,500.14,1054.5,512,71,21,this.x1,7,class->block->function->block->block_content->return->expr->name->name->operator->name
2,79,rectangle_java2.jpg,rectangle_java2.jpg,6516891422,72,871.7961111111111,586.4555555555555,873.5,585,9,21,),1,class->block->function->parameter_list
2,79,rectangle_java2.jpg,rectangle_java2.jpg,6517195455,84,914.8271428571429,580.9390476190476,910.5,585,62,21,return,6,class->block->function->block->block_content->return
2,79,rectangle_java2.jpg,rectangle_java2.jpg,6517255467,56,923.7235714285714,566.9221428571428,900.5,549,63,21,return,6,class->block->function->block->block_content->return
2,79,rectangle_java2.jpg,rectangle_java2.jpg,6517479431,144,1043.3858333333333,561.5341666666667,1045.5,549,13,21,-,1,class->block->function->block->block_content->return->expr->operator
2,79,rectangle_java2.jpg,rectangle_java2.jpg,6517895447,56,1115.5307142857143,564.9757142857143,1064.5,549,71,21,this.y1,7,class->block->function->block->block_content->return->expr->name->name->operator->name
2,79,rectangle_java2.jpg,rectangle_java2.jpg,6518075487,132,1125.8357575757575,575.7951515151515,1122.5,585,12,21,*,1,class->block->function->block->block_content->return->expr->operator
2,79,rectangle_java2.jpg,rectangle_java2.jpg,6518215518,92,1044.1182608695651,514.158695652174,1035.5,512,13,21,-,1,class->block->function->block->block_content->return->expr->name->name
2,79,rectangle_java2.jpg,rectangle_java2.jpg,6518215518,92,1044.1182608695651,514.158695652174,1054.5,512,71,21,this.x1,7,class->block->function->block->block_content->return->expr->name->name->operator->name
2,79,rectangle_java2.jpg,rectangle_java2.jpg,6518335515,116,1033.4168965517242,526.2465517241379,1035.5,512,13,21,-,1,class->block->function->block->block_content->return->expr->name->name
2,79,rectangle_java2.jpg,rectangle_java2.jpg,6518411501,56,963.5428571428571,530.0407142857143,958.5,512,71,21,this.x2,7,class->block->function->block->block_content->return->expr->name->name->operator->name->operator
2,79,rectangle_java2.jpg,rectangle_java2.jpg,6518527478,112,957.1271428571429,524.8203571428571,958.5,512,71,21,this.x2,7,class->block->function->block->block_content->return->expr->name->name->operator->name->operator
2,79,rectangle_java2.jpg,rectangle_java2.jpg,6518675460,88,1083.7554545454545,525.1531818181818,1054.5,512,71,21,this.x1,7,class->block->function->block->block_content->return->expr->name->name->operator->name
2,79,rectangle_java2.jpg,rectangle_java2.jpg,6518791383,112,1076.1128571428571,547.8432142857143,1064.5,549,71,21,this.y1,7,class->block->function->block->block_content->return->expr->name->name->operator->name
2,79,rectangle_java2.jpg,rectangle_java2.jpg,6519163325,336,1111.5138095238094,530.4435714285714,1054.5,512,71,21,this.x1,7,class->block->function->block->block_content->return->expr->name->name->operator->name
2,79,rectangle_java2.jpg,rectangle_java2.jpg,6519367332,144,1023.9797222222222,538.8519444444445,968.5,549,70,21,this.y2,7,class->block->function->block->block_content->return->expr->name->name->operator->name
2,79,rectangle_java2.jpg,rectangle_java2.jpg,6519719285,256,935.38546875,537.574375,900.5,549,63,21,return,6,class->block->function->block->block_content->return
2,79,rectangle_java2.jpg,rectangle_java2.jpg,6519847319,124,916.8270967741936,541.9445161290323,900.5,549,63,21,return,6,class->block->function->block->block_content->return
2,79,rectangle_java2.jpg,rectangle_java2.jpg,6519919344,68,924.8229411764706,554.3370588235294,900.5,549,63,21,return,6,class->block->function->block->block_content->return
2,79,rectangle_java2.jpg,rectangle_java2.jpg,6520095347,124,1032.263870967742,531.75,1035.5,512,13,21,-,1,class->block->function->block->block_content->return->expr->name->name
2,79,rectangle_java2.jpg,rectangle_java2.jpg,6520247328,148,1041.164864864865,531.8027027027027,1035.5,512,13,21,-,1,class->block->function->block->block_content->return->expr->name->name
2,79,rectangle_java2.jpg,rectangle_java2.jpg,6520307331,56,1033.682142857143,522.4107142857143,1035.5,512,13,21,-,1,class->block->function->block->block_content->return->expr->name->name
2,79,rectangle_java2.jpg,rectangle_java2.jpg,6520507323,132,1109.91,526.2333333333333,1054.5,512,71,21,this.x1,7,class->block->function->block->block_content->return->expr->name->name->operator->name
2,79,rectangle_java2.jpg,rectangle_java2.jpg,6520591320,80,1112.281,518.855,1054.5,512,71,21,this.x1,7,class->block->function->block->block_content->return->expr->name->name->operator->name
2,79,rectangle_java2.jpg,rectangle_java2.jpg,6520759147,152,1151.8992105263158,517.261052631579,1152.5,512,10,21,},1,class->block
2,79,rectangle_java2.jpg,rectangle_java2.jpg,6520971040,72,1130.91,537.815,1064.5,549,71,21,this.y1,7,class->block->function->block->block_content->return->expr->name->name->operator->name
2,79,rectangle_java2.jpg,rectangle_java2.jpg,6520971040,72,1130.91,537.815,1142.5,549,10,21,;,1,class->block->function->block->block_content->return
2,79,rectangle_java2.jpg,rectangle_java2.jpg,6521047085,72,1127.445,543.6488888888889,1064.5,549,71,21,this.y1,7,class->block->function->block->block_content->return->expr->name->name->operator->name
2,79,rectangle_java2.jpg,rectangle_java2.jpg,6521151153,100,1132.7576,529.6676,1132.5,512,10,21,;,1,class->block->function->block
2,79,rectangle_java2.jpg,rectangle_java2.jpg,6521615120,60,917.4033333333333,577.284,910.5,585,62,21,return,6,class->block->function->block->block_content->return
2,79,rectangle_java2.jpg,rectangle_java2.jpg,6521791146,96,875.7104166666667,575.22875,873.5,585,9,21,),1,class->block->function->parameter_list
2,79,rectangle_java2.jpg,rectangle_java2.jpg,6521975190,180,888.0857777777778,578.25,893.5,585,10,21,{,1,class->block->function->block
2,79,rectangle_java2.jpg,rectangle_java2.jpg,6522199196,88,945.1436363636363,582.4672727272728,910.5,585,62,21,return,6,class->block->function->block->block_content->return
2,79,rectangle_java2.jpg,rectangle_java2.jpg,6522363227,104,932.3442307692308,569.3911538461539,900.5,549,63,21,return,6,class->block->function->block->block_content->return
2,79,rectangle_java2.jpg,rectangle_java2.jpg,6522491244,76,939.9631578947368,559.6326315789473,900.5,549,63,21,return,6,class->block->function->block->block_content->return
2,79,rectangle_java2.jpg,rectangle_java2.jpg,6522555212,60,945.7453333333333,552.9993333333333,900.5,549,63,21,return,6,class->block->function->block->block_content->return
2,79,rectangle_java2.jpg,rectangle_java2.jpg,6522623179,64,1028.39625,562.42625,968.5,549,70,21,this.y2,7,class->block->function->block->block_content->return->expr->name->name->operator->name
2,79,rectangle_java2.jpg,rectangle_java2.jpg,6522719135,92,1027.5178260869566,569.0021739130435,968.5,549,70,21,this.y2,7,class->block->function->block->block_content->return->expr->name->name->operator->name
2,79,rectangle_java2.jpg,rectangle_java2.jpg,6522811087,56,1057.4335714285714,625.6778571428572,1025.5,621,42,21,args,4,class->block->function->parameter_list->parameter->decl->name
2,79,rectangle_java2.jpg,rectangle_java2.jpg,6522919048,80,1059.0345,646.402,1057.5,658,13,20,0,1,class->block->function->block->block_content->decl_stmt->decl->init->expr->call->argument_list->argument->expr->literal
2,79,rectangle_java2.jpg,rectangle_java2.jpg,6523215038,244,1114.5647540983607,660.6198360655737,1115.5,658,10,20,",",1,class->block->function->block->block_content->decl_stmt->decl->init->expr->call->argument_list
2,79,rectangle_java2.jpg,rectangle_java2.jpg,6523363055,92,1175.448695652174,665.3295652173913,1182.5,658,22,20,10,2,class->block->function->block->block_content->decl_stmt->decl->init->expr->call->argument_list->argument->expr->literal
2,79,rectangle_java2.jpg,rectangle_java2.jpg,6523687096,120,1228.01,675.2860000000001,1231.5,658,10,20,;,1,class->block->function->block->block_content->decl_stmt
2,79,rectangle_java2.jpg,rectangle_java2.jpg,6523775100,84,1219.0733333333333,659.677619047619,1211.5,658,9,20,),1,class->block->function->block->block_content->decl_stmt->decl->init->expr->call->argument_list
2,79,rectangle_java2.jpg,rectangle_java2.jpg,6523775100,84,1219.0733333333333,659.677619047619,1231.5,658,10,20,;,1,class->block->function->block->block_content->decl_stmt
2,79,rectangle_java2.jpg,rectangle_java2.jpg,6523887104,56,899.1292857142857,634.6935714285714,904.5,621,9,21,(,1,class->block->function->parameter_list
2,79,rectangle_java2.jpg,rectangle_java2.jpg,6523995078,80,818.281,621.9110000000001,804.5,621,44,21,void,4,class->block->function->type->name
2,79,rectangle_java2.jpg,rectangle_java2.jpg,6524075058,76,820.0578947368421,627.5784210526316,804.5,621,44,21,void,4,class->block->function->type->name
2,79,rectangle_java2.jpg,rectangle_java2.jpg,6524215074,72,827.2661111111111,624.4055555555556,804.5,621,44,21,void,4,class->block->function->type->name
2,79,rectangle_java2.jpg,rectangle_java2.jpg,6524806797,108,1210.2840740740742,674.9562962962963,1211.5,658,9,20,),1,class->block->function->block->block_content->decl_stmt->decl->init->expr->call->argument_list
2,79,rectangle_java2.jpg,rectangle_java2.jpg,6524918884,60,1142.8446666666666,565.158,1142.5,549,10,21,;,1,class->block->function->block->block_content->return
2,79,rectangle_java2.jpg,rectangle_java2.jpg,6525186973,124,1077.3312903225806,588.3393548387097,977.5,585,101,21,this.width,10,class->block->function->block->block_content->return->expr->call->name->name->operator->name
2,79,rectangle_java2.jpg,rectangle_java2.jpg,6525186973,124,1077.3312903225806,588.3393548387097,1086.5,585,10,21,(,1,class->block->function->block->block_content->return->expr->call->argument_list
2,79,rectangle_java2.jpg,rectangle_java2.jpg,6525246965,56,1055.2628571428572,590.7657142857142,977.5,585,101,21,this.width,10,class->block->function->block->block_content->return->expr->call->name->name->operator->name
2,79,rectangle_java2.jpg,rectangle_java2.jpg,6525470901,92,1059.8978260869565,560.1873913043478,1064.5,549,71,21,this.y1,7,class->block->function->block->block_content->return->expr->name->name->operator->name
2,79,rectangle_java2.jpg,rectangle_java2.jpg,6525642921,108,1105.9781481481482,582.0248148148148,1103.5,585,9,21,),1,class->block->function->block->block_content->return->expr->call->argument_list
2,79,rectangle_java2.jpg,rectangle_java2.jpg,6525722929,76,1103.3936842105263,585.4415789473684,1103.5,585,9,21,),1,class->block->function->block->block_content->return->expr->call->argument_list
2,79,rectangle_java2.jpg,rectangle_java2.jpg,6525858924,84,1118.4557142857143,586.9023809523809,1122.5,585,12,21,*,1,class->block->function->block->block_content->return->expr->operator
2,79,rectangle_java2.jpg,rectangle_java2.jpg,6526114881,80,1044.919,566.7015,1045.5,549,13,21,-,1,class->block->function->block->block_content->return->expr->operator
2,79,rectangle_java2.jpg,rectangle_java2.jpg,6526202899,84,1052.15,559.1761904761905,1045.5,549,13,21,-,1,class->block->function->block->block_content->return->expr->operator
2,79,rectangle_java2.jpg,rectangle_java2.jpg,6526202899,84,1052.15,559.1761904761905,1064.5,549,71,21,this.y1,7,class->block->function->block->block_content->return->expr->name->name->operator->name
2,79,rectangle_java2.jpg,rectangle_java2.jpg,6526474950,64,934.58375,577.814375,910.5,585,62,21,return,6,class->block->function->block->block_content->return
2,79,rectangle_java2.jpg,rectangle_java2.jpg,6526806789,64,944.500625,560.321875,900.5,549,63,21,return,6,class->block->function->block->block_content->return
2,79,rectangle_java2.jpg,rectangle_java2.jpg,6526902807,92,954.8521739130434,578.1447826086957,910.5,585,62,21,return,6,class->block->function->block->block_content->return
2,79,rectangle_java2.jpg,rectangle_java2.jpg,6526962807,56,955.8064285714286,577.1528571428571,910.5,585,62,21,return,6,class->block->function->block->block_content->return
2,79,rectangle_java2.jpg,rectangle_java2.jpg,6527110792,76,1104.5894736842106,510.358947368421,1054.5,512,71,21,this.x1,7,class->block->function->block->block_content->return->expr->name->name->operator->name
2,79,rectangle_java2.jpg,rectangle_java2.jpg,6527258783,144,1103.3477777777778,524.1972222222222,1054.5,512,71,21,this.x1,7,class->block->function->block->block_content->return->expr->name->name->operator->name
2,79,rectangle_java2.jpg,rectangle_java2.jpg,6527322784,60,1068.0986666666668,528.1546666666667,1054.5,512,71,21,this.x1,7,class->block->function->block->block_content->return->expr->name->name->operator->name
2,79,rectangle_java2.jpg,rectangle_java2.jpg,6527498771,80,1060.53,514.0235,1054.5,512,71,21,this.x1,7,class->block->function->block->block_content->return->expr->name->name->operator->name
2,79,rectangle_java2.jpg,rectangle_java2.jpg,6527642751,64,1071.499375,558.849375,1064.5,549,71,21,this.y1,7,class->block->function->block->block_content->return->expr->name->name->operator->name
2,79,rectangle_java2.jpg,rectangle_java2.jpg,6527742734,96,1066.0175,569.61875,1064.5,549,71,21,this.y1,7,class->block->function->block->block_content->return->expr->name->name->operator->name
2,79,rectangle_java2.jpg,rectangle_java2.jpg,6527926752,76,1102.7384210526316,552.9015789473684,1064.5,549,71,21,this.y1,7,class->block->function->block->block_content->return->expr->name->name->operator->name
2,79,rectangle_java2.jpg,rectangle_java2.jpg,6527990761,60,1114.1026666666667,557.6659999999999,1064.5,549,71,21,this.y1,7,class->block->function->block->block_content->return->expr->name->name->operator->name
2,79,rectangle_java2.jpg,rectangle_java2.jpg,6528098774,68,1100.1723529411765,599.0570588235294,1103.5,585,9,21,),1,class->block->function->block->block_content->return->expr->call->argument_list
2,79,rectangle_java2.jpg,rectangle_java2.jpg,6528258778,108,1137.4362962962962,511.2511111111112,1132.5,512,10,21,;,1,class->block->function->block
2,79,rectangle_java2.jpg,rectangle_java2.jpg,6528430755,56,911.1442857142857,582.0,910.5,585,62,21,return,6,class->block->function->block->block_content->return
2,79,rectangle_java2.jpg,rectangle_java2.jpg,6528506698,72,906.5227777777777,598.1433333333333,910.5,585,62,21,return,6,class->block->function->block->block_content->return
2,79,rectangle_java2.jpg,rectangle_java2.jpg,6528646634,72,831.3938888888889,613.0088888888889,804.5,621,44,21,void,4,class->block->function->type->name
2,79,rectangle_java2.jpg,rectangle_java2.jpg,6528742647,92,827.4030434782609,617.2804347826087,804.5,621,44,21,void,4,class->block->function->type->name
2,79,rectangle_java2.jpg,rectangle_java2.jpg,6528894703,72,875.6583333333333,660.3333333333334,826.5,658,52,20,rect1,5,class->block->function->block->block_content->decl_stmt->decl->name
2,79,rectangle_java2.jpg,rectangle_java2.jpg,6528894703,72,875.6583333333333,660.3333333333334,883.5,658,15,20,=,1,class->block->function->block->block_content->decl_stmt->decl->init
2,79,rectangle_java2.jpg,rectangle_java2.jpg,6528966702,68,865.43,647.9529411764706,826.5,658,52,20,rect1,5,class->block->function->block->block_content->decl_stmt->decl->name
2,79,rectangle_java2.jpg,rectangle_java2.jpg,6529202659,140,913.2782857142857,672.43,902.5,658,34,20,new,3,class->block->function->block->block_content->decl_stmt->decl->init->expr->operator
2,79,rectangle_java2.jpg,rectangle_java2.jpg,6529322656,80,841.775,754.1285,730.5,766,177,21,System.out.println,18,class->block->function->block->block_content->expr_stmt->expr->call->name->name->operator->name->operator->name
2,79,rectangle_java2.jpg,rectangle_java2.jpg,6529398660,72,848.0983333333334,755.4627777777778,730.5,766,177,21,System.out.println,18,class->block->function->block->block_content->expr_stmt->expr->call->name->name->operator->name->operator->name
2,79,rectangle_java2.jpg,rectangle_java2.jpg,6529586650,124,885.3406451612904,757.3635483870968,730.5,766,177,21,System.out.println,18,class->block->function->block->block_content->expr_stmt->expr->call->name->name->operator->name->operator->name
2,79,rectangle_java2.jpg,rectangle_java2.jpg,6529850672,208,926.7232692307692,748.3334615384615,902.5,731,34,20,new,3,class->block->function->block->block_content->decl_stmt->decl->init->expr->operator
2,79,rectangle_java2.jpg,rectangle_java2.jpg,6530078719,160,978.49675,750.20375,941.5,731,91,20,Rectangle,9,class->block->function->block->block_content->decl_stmt->decl->init->expr->call->name
2,79,rectangle_java2.jpg,rectangle_java2.jpg,6536874119,180,829.8424444444445,348.2295555555556,826.5,331,23,19,x1,2,class->block->constructor->block->block_content->expr_stmt->expr->name->name
2,79,rectangle_java2.jpg,rectangle_java2.jpg,6537074127,136,798.3179411764706,255.90852941176468,785.5,259,23,21,x1,2,class->block->decl_stmt->decl->name
2,79,rectangle_java2.jpg,rectangle_java2.jpg,6537178132,100,807.6552,240.19280000000003,813.5,222,10,21,{,1,class->block
2,79,rectangle_java2.jpg,rectangle_java2.jpg,6537406139,200,845.639,277.885,833.5,259,23,21,y1,2,class->block->decl_stmt->decl->name
2,79,rectangle_java2.jpg,rectangle_java2.jpg,6537678139,192,838.8966666666666,309.6716666666667,837.5,295,9,21,(,1,class->block->constructor->parameter_list
2,79,rectangle_java2.jpg,rectangle_java2.jpg,6537882138,144,875.9252777777778,312.67583333333334,853.5,295,32,21,int,3,class->block->constructor->parameter_list->parameter->decl->type->name
2,79,rectangle_java2.jpg,rectangle_java2.jpg,6538130058,200,909.4332,301.211,890.5,295,24,21,x1,2,class->block->constructor->parameter_list->parameter->decl->type->name
2,79,rectangle_java2.jpg,rectangle_java2.jpg,6538130058,200,909.4332,301.211,921.5,295,9,21,",",1,class->block->constructor->parameter_list
2,79,rectangle_java2.jpg,rectangle_java2.jpg,6538265982,132,914.5460606060606,315.82242424242423,921.5,295,9,21,",",1,class->block->constructor->parameter_list
2,79,rectangle_java2.jpg,rectangle_java2.jpg,6538445980,136,845.7023529411765,336.8517647058824,826.5,331,23,19,x1,2,class->block->constructor->block->block_content->expr_stmt->expr->name->name
2,79,rectangle_java2.jpg,rectangle_java2.jpg,6538445980,136,845.7023529411765,336.8517647058824,856.5,331,10,19,;,1,class->block->constructor->block->block_content->expr_stmt
2,79,rectangle_java2.jpg,rectangle_java2.jpg,6538726010,276,837.7115942028986,332.72434782608696,826.5,331,23,19,x1,2,class->block->constructor->block->block_content->expr_stmt->expr->name->name
2,79,rectangle_java2.jpg,rectangle_java2.jpg,6539154041,132,864.0084848484848,365.21484848484846,856.5,367,10,21,;,1,class->block->constructor->block->block_content->expr_stmt
2,79,rectangle_java2.jpg,rectangle_java2.jpg,6539494010,184,856.4280434782609,382.5417391304348,856.5,367,10,21,;,1,class->block->constructor->block->block_content->expr_stmt
2,79,rectangle_java2.jpg,rectangle_java2.jpg,6539602000,104,850.4592307692308,369.9630769230769,856.5,367,10,21,;,1,class->block->constructor->block->block_content->expr_stmt
2,79,rectangle_java2.jpg,rectangle_java2.jpg,6539846018,204,861.6550980392157,404.59313725490193,856.5,404,10,19,;,1,class->block->constructor->block->block_content->expr_stmt
2,79,rectangle_java2.jpg,rectangle_java2.jpg,6540445901,120,964.5316666666666,509.5383333333334,958.5,512,71,21,this.x2,7,class->block->function->block->block_content->return->expr->name->name->operator->name->operator
2,79,rectangle_java2.jpg,rectangle_java2.jpg,6540525913,76,972.197894736842,512.1757894736842,958.5,512,71,21,this.x2,7,class->block->function->block->block_content->return->expr->name->name->operator->name->operator
2,79,rectangle_java2.jpg,rectangle_java2.jpg,6540689877,104,904.3492307692308,530.1957692307692,891.5,512,62,21,return,6,class->block->function->block->block_content->return->expr->name->name
2,79,rectangle_java2.jpg,rectangle_java2.jpg,6540837870,96,965.7625,501.7362499999999,958.5,512,71,21,this.x2,7,class->block->function->block->block_content->return->expr->name->name->operator->name->operator
2,79,rectangle_java2.jpg,rectangle_java2.jpg,6541009911,88,963.9040909090909,507.4618181818182,958.5,512,71,21,this.x2,7,class->block->function->block->block_content->return->expr->name->name->operator->name->operator
2,79,rectangle_java2.jpg,rectangle_java2.jpg,6541129901,60,888.8806666666667,512.37,891.5,512,62,21,return,6,class->block->function->block->block_content->return->expr->name->name
2,79,rectangle_java2.jpg,rectangle_java2.jpg,6541253872,120,891.8956666666667,538.465,883.5,549,10,21,{,1,class->block->function->block
2,79,rectangle_java2.jpg,rectangle_java2.jpg,6541253872,120,891.8956666666667,538.465,900.5,549,63,21,return,6,class->block->function->block->block_content->return
2,79,rectangle_java2.jpg,rectangle_java2.jpg,6541417848,108,877.6540740740741,517.2137037037037,874.5,512,10,21,{,1,class->block->function->block
2,79,rectangle_java2.jpg,rectangle_java2.jpg,6541569904,120,926.1603333333334,547.2393333333333,900.5,549,63,21,return,6,class->block->function->block->block_content->return
2,79,rectangle_java2.jpg,rectangle_java2.jpg,6541645945,72,936.48,559.0694444444445,900.5,549,63,21,return,6,class->block->function->block->block_content->return
2,79,rectangle_java2.jpg,rectangle_java2.jpg,6541713950,64,926.4075,556.78625,900.5,549,63,21,return,6,class->block->function->block->block_content->return
2,79,rectangle_java2.jpg,rectangle_java2.jpg,6541837885,96,970.2704166666666,525.1604166666667,958.5,512,71,21,this.x2,7,class->block->function->block->block_content->return->expr->name->name->operator->name->operator
2,79,rectangle_java2.jpg,rectangle_java2.jpg,6541937803,96,973.3741666666667,524.6925,958.5,512,71,21,this.x2,7,class->block->function->block->block_content->return->expr->name->name->operator->name->operator
2,79,rectangle_java2.jpg,rectangle_java2.jpg,6542109708,136,1046.2717647058823,500.74823529411765,1035.5,512,13,21,-,1,class->block->function->block->block_content->return->expr->name->name
2,79,rectangle_java2.jpg,rectangle_java2.jpg,6542109708,136,1046.2717647058823,500.74823529411765,1054.5,512,71,21,this.x1,7,class->block->function->block->block_content->return->expr->name->name->operator->name
2,79,rectangle_java2.jpg,rectangle_java2.jpg,6542537765,80,1138.075,506.09899999999993,1132.5,512,10,21,;,1,class->block->function->block
2,79,rectangle_java2.jpg,rectangle_java2.jpg,6543533745,92,890.47,568.1056521739131,883.5,549,10,21,{,1,class->block->function->block
2,79,rectangle_java2.jpg,rectangle_java2.jpg,6543533745,92,890.47,568.1056521739131,900.5,549,63,21,return,6,class->block->function->block->block_content->return
2,79,rectangle_java2.jpg,rectangle_java2.jpg,6543661720,60,888.746,580.5726666666667,893.5,585,10,21,{,1,class->block->function->block
2,79,rectangle_java2.jpg,rectangle_java2.jpg,6543825797,108,939.2611111111112,574.6096296296296,910.5,585,62,21,return,6,class->block->function->block->block_content->return
2,79,rectangle_java2.jpg,rectangle_java2.jpg,6544285665,180,831.0317777777777,615.9751111111111,804.5,621,44,21,void,4,class->block->function->type->name
2,79,rectangle_java2.jpg,rectangle_java2.jpg,6544373660,84,828.2971428571428,621.547619047619,804.5,621,44,21,void,4,class->block->function->type->name
2,79,rectangle_java2.jpg,rectangle_java2.jpg,6544473650,68,871.9788235294118,668.2988235294117,826.5,658,52,20,rect1,5,class->block->function->block->block_content->decl_stmt->decl->name
2,79,rectangle_java2.jpg,rectangle_java2.jpg,6544473650,68,871.9788235294118,668.2988235294117,883.5,658,15,20,=,1,class->block->function->block->block_content->decl_stmt->decl->init
2,79,rectangle_java2.jpg,rectangle_java2.jpg,6544721636,244,873.8934426229508,656.65,826.5,658,52,20,rect1,5,class->block->function->block->block_content->decl_stmt->decl->name
2,79,rectangle_java2.jpg,rectangle_java2.jpg,6544721636,244,873.8934426229508,656.65,883.5,658,15,20,=,1,class->block->function->block->block_content->decl_stmt->decl->init
2,79,rectangle_java2.jpg,rectangle_java2.jpg,6545013597,228,867.1064912280701,749.7571929824561,826.5,731,51,20,rect2,5,class->block->function->block->block_content->decl_stmt->decl->name
2,79,rectangle_java2.jpg,rectangle_java2.jpg,6545241620,96,940.4054166666667,738.17875,941.5,731,91,20,Rectangle,9,class->block->function->block->block_content->decl_stmt->decl->init->expr->call->name
2,79,rectangle_java2.jpg,rectangle_java2.jpg,6546937473,88,1024.4027272727274,539.9095454545454,968.5,549,70,21,this.y2,7,class->block->function->block->block_content->return->expr->name->name->operator->name
2,79,rectangle_java2.jpg,rectangle_java2.jpg,6547121506,180,1023.0995555555555,537.5911111111111,968.5,549,70,21,this.y2,7,class->block->function->block->block_content->return->expr->name->name->operator->name
2,79,rectangle_java2.jpg,rectangle_java2.jpg,6547261514,136,1020.6673529411764,538.4197058823529,968.5,549,70,21,this.y2,7,class->block->function->block->block_content->return->expr->name->name->operator->name
2,79,rectangle_java2.jpg,rectangle_java2.jpg,6547329511,64,1037.714375,531.304375,1035.5,512,13,21,-,1,class->block->function->block->block_content->return->expr->name->name
2,79,rectangle_java2.jpg,rectangle_java2.jpg,6547405501,72,1042.8022222222223,511.9805555555556,1035.5,512,13,21,-,1,class->block->function->block->block_content->return->expr->name->name
2,79,rectangle_java2.jpg,rectangle_java2.jpg,6547405501,72,1042.8022222222223,511.9805555555556,1054.5,512,71,21,this.x1,7,class->block->function->block->block_content->return->expr->name->name->operator->name
2,79,rectangle_java2.jpg,rectangle_java2.jpg,6547493491,84,1046.0514285714287,521.6804761904762,1035.5,512,13,21,-,1,class->block->function->block->block_content->return->expr->name->name
2,79,rectangle_java2.jpg,rectangle_java2.jpg,6547493491,84,1046.0514285714287,521.6804761904762,1054.5,512,71,21,this.x1,7,class->block->function->block->block_content->return->expr->name->name->operator->name
2,79,rectangle_java2.jpg,rectangle_java2.jpg,6547577496,80,1051.194,514.35,1054.5,512,71,21,this.x1,7,class->block->function->block->block_content->return->expr->name->name->operator->name
2,79,rectangle_java2.jpg,rectangle_java2.jpg,6547757463,164,942.4887804878049,520.3617073170732,891.5,512,62,21,return,6,class->block->function->block->block_content->return->expr->name->name
2,79,rectangle_java2.jpg,rectangle_java2.jpg,6547977240,140,901.1137142857143,531.2665714285714,891.5,512,62,21,return,6,class->block->function->block->block_content->return->expr->name->name
2,79,rectangle_java2.jpg,rectangle_java2.jpg,6548085298,60,943.5873333333333,549.5686666666667,900.5,549,63,21,return,6,class->block->function->block->block_content->return
2,79,rectangle_java2.jpg,rectangle_java2.jpg,6548161316,72,954.0194444444445,540.2011111111111,900.5,549,63,21,return,6,class->block->function->block->block_content->return
2,79,rectangle_java2.jpg,rectangle_java2.jpg,6548309331,144,961.0575,518.4572222222222,958.5,512,71,21,this.x2,7,class->block->function->block->block_content->return->expr->name->name->operator->name->operator
2,79,rectangle_java2.jpg,rectangle_java2.jpg,6548481328,100,1019.5576,538.6624,968.5,549,70,21,this.y2,7,class->block->function->block->block_content->return->expr->name->name->operator->name
2,79,rectangle_java2.jpg,rectangle_java2.jpg,6548613345,128,1017.9678125,555.7109375,968.5,549,70,21,this.y2,7,class->block->function->block->block_content->return->expr->name->name->operator->name
2,79,rectangle_java2.jpg,rectangle_java2.jpg,6548689363,72,1014.9133333333333,536.9694444444444,968.5,549,70,21,this.y2,7,class->block->function->block->block_content->return->expr->name->name->operator->name
2,79,rectangle_java2.jpg,rectangle_java2.jpg,6548753364,60,1011.5526666666667,554.432,968.5,549,70,21,this.y2,7,class->block->function->block->block_content->return->expr->name->name->operator->name
2,79,rectangle_java2.jpg,rectangle_java2.jpg,6548869348,84,881.1128571428571,635.6919047619048,851.5,621,44,21,main,4,class->block->function->name
2,79,rectangle_java2.jpg,rectangle_java2.jpg,6549073347,148,873.4816216216216,639.5543243243243,851.5,621,44,21,main,4,class->block->function->name
2,79,rectangle_java2.jpg,rectangle_java2.jpg,6549141355,64,879.4625,629.1487500000001,851.5,621,44,21,main,4,class->block->function->name
2,79,rectangle_java2.jpg,rectangle_java2.jpg,6551321249,192,784.4370833333334,236.51687500000003,715.5,222,90,21,Rectangle,9,class->name
2,79,rectangle_java2.jpg,rectangle_java2.jpg,6551521223,168,808.2166666666667,230.08333333333337,813.5,222,10,21,{,1,class->block
2,79,rectangle_java2.jpg,rectangle_java2.jpg,6556152812,84,1029.5704761904763,296.5833333333333,1025.5,295,33,21,int,3,class->block->constructor->parameter_list->parameter->decl->type->name
2,79,rectangle_java2.jpg,rectangle_java2.jpg,6556460799,56,975.4735714285714,290.91857142857145,977.5,295,23,21,y1,2,class->block->constructor->parameter_list->parameter->decl->type->name
2,79,rectangle_java2.jpg,rectangle_java2.jpg,6557240750,200,892.3708,282.61,890.5,295,24,21,x1,2,class->block->constructor->parameter_list->parameter->decl->type->name
2,79,rectangle_java2.jpg,rectangle_java2.jpg,6557372734,128,891.753125,291.5178125,890.5,295,24,21,x1,2,class->block->constructor->parameter_list->parameter->decl->type->name
2,79,rectangle_java2.jpg,rectangle_java2.jpg,6557512679,100,855.672,310.5688,853.5,295,32,21,int,3,class->block->constructor->parameter_list->parameter->decl->type->name
2,79,rectangle_java2.jpg,rectangle_java2.jpg,6557588656,72,850.3972222222222,291.0372222222222,853.5,295,32,21,int,3,class->block->constructor->parameter_list->parameter->decl->type->name
2,79,rectangle_java2.jpg,rectangle_java2.jpg,6557764679,172,853.2676744186047,308.1213953488372,853.5,295,32,21,int,3,class->block->constructor->parameter_list->parameter->decl->type->name
2,79,rectangle_java2.jpg,rectangle_java2.jpg,6557848688,80,843.8425,340.1915,826.5,331,23,19,x1,2,class->block->constructor->block->block_content->expr_stmt->expr->name->name
2,79,rectangle_java2.jpg,rectangle_java2.jpg,6558132695,56,857.1728571428572,405.13,856.5,404,10,19,;,1,class->block->constructor->block->block_content->expr_stmt
2,79,rectangle_java2.jpg,rectangle_java2.jpg,6558680739,148,778.8394594594595,221.76675675675676,715.5,222,90,21,Rectangle,9,class->name
