trial,participant,code_file,code_language,timestamp,duration,x_cord,y_cord,aoi_x,aoi_y,aoi_width,aoi_height,token,length,srcML,
2,11,rectangle_java2.jpg,rectangle_java2.jpg,9508072357,76,794.1752631578947,228.8205263157895,715.5,222,90,21,Rectangle,9,class->name,
2,11,rectangle_java2.jpg,rectangle_java2.jpg,9508156437,80,803.6845,235.617,715.5,222,90,21,Rectangle,9,class->name,
2,11,rectangle_java2.jpg,rectangle_java2.jpg,9508156437,80,803.6845,235.617,813.5,222,10,21,{,1,class->block,
2,11,rectangle_java2.jpg,rectangle_java2.jpg,9508240517,80,788.832,228.0965,715.5,222,90,21,Rectangle,9,class->name,
2,11,rectangle_java2.jpg,rectangle_java2.jpg,9508588572,80,816.833,233.26750000000004,813.5,222,10,21,{,1,class->block,
2,11,rectangle_java2.jpg,rectangle_java2.jpg,9508884555,56,764.9285714285714,234.13571428571424,715.5,222,90,21,Rectangle,9,class->name,
2,11,rectangle_java2.jpg,rectangle_java2.jpg,9510480375,60,843.62,250.58933333333331,833.5,259,23,21,y1,2,class->block->decl_stmt->decl->name,
2,11,rectangle_java2.jpg,rectangle_java2.jpg,9510588363,56,828.5435714285715,255.4685714285714,833.5,259,23,21,y1,2,class->block->decl_stmt->decl->name,
2,11,rectangle_java2.jpg,rectangle_java2.jpg,9511104149,60,840.698,249.01266666666663,833.5,259,23,21,y1,2,class->block->decl_stmt->decl->name,
2,11,rectangle_java2.jpg,rectangle_java2.jpg,9511240087,56,818.5657142857143,256.72214285714284,815.5,259,10,21,"""","""",1,class->block->decl_stmt
2,11,rectangle_java2.jpg,rectangle_java2.jpg,9512204502,84,788.9995238095238,268.9590476190476,785.5,259,23,21,x1,2,class->block->decl_stmt->decl->name,
2,11,rectangle_java2.jpg,rectangle_java2.jpg,9512452626,80,798.8645,255.72900000000004,785.5,259,23,21,x1,2,class->block->decl_stmt->decl->name,
2,11,rectangle_java2.jpg,rectangle_java2.jpg,9512724066,60,861.2139999999999,271.7646666666667,863.5,259,10,21,"""","""",1,class->block->decl_stmt
2,11,rectangle_java2.jpg,rectangle_java2.jpg,9514296153,120,792.065,323.27166666666665,730.5,331,71,19,this.x1,7,class->block->constructor->block->block_content->expr_stmt->expr->name->name->operator->name,
2,11,rectangle_java2.jpg,rectangle_java2.jpg,9514592027,120,835.4773333333334,305.6933333333333,837.5,295,9,21,(,1,class->block->constructor->parameter_list,
2,11,rectangle_java2.jpg,rectangle_java2.jpg,9514719993,124,831.55,313.1287096774193,837.5,295,9,21,(,1,class->block->constructor->parameter_list,
2,11,rectangle_java2.jpg,rectangle_java2.jpg,9514895975,76,822.5415789473684,310.30368421052634,737.5,295,91,21,Rectangle,9,class->block->constructor->name,
2,11,rectangle_java2.jpg,rectangle_java2.jpg,9515923999,56,864.8878571428571,325.06642857142856,856.5,331,10,19,;,1,class->block->constructor->block->block_content->expr_stmt,
2,11,rectangle_java2.jpg,rectangle_java2.jpg,9516228420,84,798.6423809523809,347.6590476190476,730.5,331,71,19,this.x1,7,class->block->constructor->block->block_content->expr_stmt->expr->name->name->operator->name,
2,11,rectangle_java2.jpg,rectangle_java2.jpg,9516228420,84,798.6423809523809,347.6590476190476,806.5,331,15,19,=,1,class->block->constructor->block->block_content->expr_stmt->expr->operator,
2,11,rectangle_java2.jpg,rectangle_java2.jpg,9516727889,64,818.080625,360.428125,806.5,367,15,21,=,1,class->block->constructor->block->block_content->expr_stmt->expr->operator,
2,11,rectangle_java2.jpg,rectangle_java2.jpg,9516727889,64,818.080625,360.428125,826.5,367,23,21,y1,2,class->block->constructor->block->block_content->expr_stmt->expr->name->name,
2,11,rectangle_java2.jpg,rectangle_java2.jpg,9517235836,60,730.6933333333334,454.6533333333333,730.5,440,71,21,this.y2,7,class->block->constructor->block->block_content->expr_stmt->expr->name->name->operator->name,
2,11,rectangle_java2.jpg,rectangle_java2.jpg,9517783748,116,821.5365517241379,453.221724137931,826.5,440,23,21,y2,2,class->block->constructor->block->block_content->expr_stmt->expr->name->name,
2,11,rectangle_java2.jpg,rectangle_java2.jpg,9519967973,60,908.1306666666668,500.16066666666666,891.5,512,62,21,return,6,class->block->function->block->block_content->return->expr->name->name,
2,11,rectangle_java2.jpg,rectangle_java2.jpg,9520883462,68,826.8523529411765,515.1435294117647,775.5,512,53,21,width,5,class->block->function->name,
2,11,rectangle_java2.jpg,rectangle_java2.jpg,9520883462,68,826.8523529411765,515.1435294117647,837.5,512,9,21,(,1,class->block->function->parameter_list,
2,11,rectangle_java2.jpg,rectangle_java2.jpg,9520943459,56,822.6971428571428,513.8771428571429,775.5,512,53,21,width,5,class->block->function->name,
2,11,rectangle_java2.jpg,rectangle_java2.jpg,9523103379,68,853.3541176470588,508.29705882352937,854.5,512,9,21,),1,class->block->function->parameter_list,
2,11,rectangle_java2.jpg,rectangle_java2.jpg,9523671251,68,815.6882352941176,551.9723529411765,775.5,549,62,21,height,6,class->block->function->name,
2,11,rectangle_java2.jpg,rectangle_java2.jpg,9525227079,76,1055.0057894736842,604.0505263157895,977.5,585,101,21,this.width,10,class->block->function->block->block_content->return->expr->call->name->name->operator->name,
2,11,rectangle_java2.jpg,rectangle_java2.jpg,9531650428,68,820.9082352941176,236.8035294117647,813.5,222,10,21,{,1,class->block,
2,11,rectangle_java2.jpg,rectangle_java2.jpg,9531966527,72,801.8833333333333,252.76166666666663,785.5,259,23,21,x1,2,class->block->decl_stmt->decl->name,
2,11,rectangle_java2.jpg,rectangle_java2.jpg,9532118571,72,831.8088888888889,267.37555555555554,833.5,259,23,21,y1,2,class->block->decl_stmt->decl->name,
2,11,rectangle_java2.jpg,rectangle_java2.jpg,9532178569,56,824.6092857142858,267.365,815.5,259,10,21,"""","""",1,class->block->decl_stmt
2,11,rectangle_java2.jpg,rectangle_java2.jpg,9532178569,56,824.6092857142858,267.365,833.5,259,23,21,y1,2,class->block->decl_stmt->decl->name,
2,11,rectangle_java2.jpg,rectangle_java2.jpg,9535334280,68,824.2488235294118,279.5841176470588,815.5,259,10,21,"""","""",1,class->block->decl_stmt
2,11,rectangle_java2.jpg,rectangle_java2.jpg,9535334280,68,824.2488235294118,279.5841176470588,833.5,259,23,21,y1,2,class->block->decl_stmt->decl->name,
2,11,rectangle_java2.jpg,rectangle_java2.jpg,9535398287,60,827.7313333333333,287.128,737.5,295,91,21,Rectangle,9,class->block->constructor->name,
2,11,rectangle_java2.jpg,rectangle_java2.jpg,9535398287,60,827.7313333333333,287.128,837.5,295,9,21,(,1,class->block->constructor->parameter_list,
2,11,rectangle_java2.jpg,rectangle_java2.jpg,9535506297,104,831.0888461538461,288.9542307692308,837.5,295,9,21,(,1,class->block->constructor->parameter_list,
2,11,rectangle_java2.jpg,rectangle_java2.jpg,9535666285,80,822.5145,288.073,737.5,295,91,21,Rectangle,9,class->block->constructor->name,
2,11,rectangle_java2.jpg,rectangle_java2.jpg,9537518155,136,864.0764705882353,299.8058823529412,853.5,295,32,21,int,3,class->block->constructor->parameter_list->parameter->decl->type->name,
2,11,rectangle_java2.jpg,rectangle_java2.jpg,9537694042,56,853.7357142857143,330.3935714285714,856.5,331,10,19,;,1,class->block->constructor->block->block_content->expr_stmt,
2,11,rectangle_java2.jpg,rectangle_java2.jpg,9537989956,68,817.2311764705883,331.00235294117647,806.5,331,15,19,=,1,class->block->constructor->block->block_content->expr_stmt->expr->operator,
2,11,rectangle_java2.jpg,rectangle_java2.jpg,9537989956,68,817.2311764705883,331.00235294117647,826.5,331,23,19,x1,2,class->block->constructor->block->block_content->expr_stmt->expr->name->name,
2,11,rectangle_java2.jpg,rectangle_java2.jpg,9542445590,92,746.954347826087,336.6204347826087,730.5,331,71,19,this.x1,7,class->block->constructor->block->block_content->expr_stmt->expr->name->name->operator->name,
