trial,participant,code_file,code_language,timestamp,duration,x_cord,y_cord,aoi_x,aoi_y,aoi_width,aoi_height,token,length,srcML,
2,110,rectangle_java2.jpg,rectangle_java2.jpg,2351003194,88,850.2463636363636,413.40590909090906,856.5,404,10,19,;,1,class->block->constructor->block->block_content->expr_stmt,
2,110,rectangle_java2.jpg,rectangle_java2.jpg,2351103150,96,849.8041666666667,417.0487499999999,856.5,404,10,19,;,1,class->block->constructor->block->block_content->expr_stmt,
2,110,rectangle_java2.jpg,rectangle_java2.jpg,2351187160,80,847.218,408.7615,826.5,404,23,19,x2,2,class->block->constructor->block->block_content->expr_stmt->expr->name->name,
2,110,rectangle_java2.jpg,rectangle_java2.jpg,2351187160,80,847.218,408.7615,856.5,404,10,19,;,1,class->block->constructor->block->block_content->expr_stmt,
2,110,rectangle_java2.jpg,rectangle_java2.jpg,2351323160,72,729.2772222222222,372.7027777777778,730.5,367,71,21,this.y1,7,class->block->constructor->block->block_content->expr_stmt->expr->name->name->operator->name,
2,110,rectangle_java2.jpg,rectangle_java2.jpg,2351459126,72,665.52,313.425,669.5,295,63,21,public,6,class->block->constructor->specifier,
2,110,rectangle_java2.jpg,rectangle_java2.jpg,2351531120,68,663.9005882352941,315.9070588235294,669.5,295,63,21,public,6,class->block->constructor->specifier,
2,110,rectangle_java2.jpg,rectangle_java2.jpg,2351691112,64,702.6875,265.21625,669.5,259,72,21,private,7,class->block->decl_stmt->decl->type->specifier,
2,110,rectangle_java2.jpg,rectangle_java2.jpg,2351803172,68,628.1347058823529,236.6476470588235,589.5,222,63,21,public,6,class->specifier,
2,110,rectangle_java2.jpg,rectangle_java2.jpg,2351931209,68,629.614705882353,223.2547058823529,589.5,222,63,21,public,6,class->specifier,
2,110,rectangle_java2.jpg,rectangle_java2.jpg,2352099214,84,745.4942857142858,228.34333333333336,715.5,222,90,21,Rectangle,9,class->name,
2,110,rectangle_java2.jpg,rectangle_java2.jpg,2352443146,76,760.568947368421,253.76736842105265,747.5,259,33,21,int,3,class->block->decl_stmt->decl->type->name,
2,110,rectangle_java2.jpg,rectangle_java2.jpg,2352563156,84,796.5252380952381,263.65714285714284,785.5,259,23,21,x1,2,class->block->decl_stmt->decl->name,
2,110,rectangle_java2.jpg,rectangle_java2.jpg,2352655158,64,714.86375,299.194375,669.5,295,63,21,public,6,class->block->constructor->specifier,
2,110,rectangle_java2.jpg,rectangle_java2.jpg,2352819054,160,722.28075,310.939,669.5,295,63,21,public,6,class->block->constructor->specifier,
2,110,rectangle_java2.jpg,rectangle_java2.jpg,2352922965,100,703.8528,312.0876,669.5,295,63,21,public,6,class->block->constructor->specifier,
2,110,rectangle_java2.jpg,rectangle_java2.jpg,2352986922,60,704.3806666666667,313.5433333333333,669.5,295,63,21,public,6,class->block->constructor->specifier,
2,110,rectangle_java2.jpg,rectangle_java2.jpg,2353138880,88,839.4972727272727,311.2431818181818,837.5,295,9,21,(,1,class->block->constructor->parameter_list,
2,110,rectangle_java2.jpg,rectangle_java2.jpg,2353210920,68,837.0699999999999,299.62,837.5,295,9,21,(,1,class->block->constructor->parameter_list,
2,110,rectangle_java2.jpg,rectangle_java2.jpg,2353374975,104,806.7242307692308,310.54076923076923,737.5,295,91,21,Rectangle,9,class->block->constructor->name,
2,110,rectangle_java2.jpg,rectangle_java2.jpg,2353555010,84,730.032380952381,356.45428571428573,730.5,367,71,21,this.y1,7,class->block->constructor->block->block_content->expr_stmt->expr->name->name->operator->name,
2,110,rectangle_java2.jpg,rectangle_java2.jpg,2353918985,132,793.8166666666666,334.7348484848485,730.5,331,71,19,this.x1,7,class->block->constructor->block->block_content->expr_stmt->expr->name->name->operator->name,
2,110,rectangle_java2.jpg,rectangle_java2.jpg,2354018978,96,794.9920833333333,331.24625,730.5,331,71,19,this.x1,7,class->block->constructor->block->block_content->expr_stmt->expr->name->name->operator->name,
2,110,rectangle_java2.jpg,rectangle_java2.jpg,2354018978,96,794.9920833333333,331.24625,806.5,331,15,19,=,1,class->block->constructor->block->block_content->expr_stmt->expr->operator,
2,110,rectangle_java2.jpg,rectangle_java2.jpg,2356430890,64,1054.289375,313.670625,1025.5,295,33,21,int,3,class->block->constructor->parameter_list->parameter->decl->type->name,
2,110,rectangle_java2.jpg,rectangle_java2.jpg,2356430890,64,1054.289375,313.670625,1063.5,295,23,21,x2,2,class->block->constructor->parameter_list->parameter->decl->type->name,
2,110,rectangle_java2.jpg,rectangle_java2.jpg,2357166746,92,780.2947826086956,356.0913043478261,730.5,367,71,21,this.y1,7,class->block->constructor->block->block_content->expr_stmt->expr->name->name->operator->name,
2,110,rectangle_java2.jpg,rectangle_java2.jpg,2357310729,140,774.2622857142857,372.666,730.5,367,71,21,this.y1,7,class->block->constructor->block->block_content->expr_stmt->expr->name->name->operator->name,
2,110,rectangle_java2.jpg,rectangle_java2.jpg,2357454737,140,760.5868571428572,363.6311428571429,730.5,367,71,21,this.y1,7,class->block->constructor->block->block_content->expr_stmt->expr->name->name->operator->name,
2,110,rectangle_java2.jpg,rectangle_java2.jpg,2357586762,88,798.4245454545454,360.23454545454547,730.5,367,71,21,this.y1,7,class->block->constructor->block->block_content->expr_stmt->expr->name->name->operator->name,
2,110,rectangle_java2.jpg,rectangle_java2.jpg,2357586762,88,798.4245454545454,360.23454545454547,806.5,367,15,21,=,1,class->block->constructor->block->block_content->expr_stmt->expr->operator,
2,110,rectangle_java2.jpg,rectangle_java2.jpg,2357978736,60,753.1166666666667,377.196,730.5,367,71,21,this.y1,7,class->block->constructor->block->block_content->expr_stmt->expr->name->name->operator->name,
2,110,rectangle_java2.jpg,rectangle_java2.jpg,2358158769,176,779.5295454545454,376.4761363636364,730.5,367,71,21,this.y1,7,class->block->constructor->block->block_content->expr_stmt->expr->name->name->operator->name,
2,110,rectangle_java2.jpg,rectangle_java2.jpg,2358282816,68,811.5852941176471,384.2335294117647,806.5,367,15,21,=,1,class->block->constructor->block->block_content->expr_stmt->expr->operator,
2,110,rectangle_java2.jpg,rectangle_java2.jpg,2358410769,124,803.6874193548387,385.9029032258064,806.5,367,15,21,=,1,class->block->constructor->block->block_content->expr_stmt->expr->operator,
2,110,rectangle_java2.jpg,rectangle_java2.jpg,2358578565,116,843.4079310344828,368.1662068965517,826.5,367,23,21,y1,2,class->block->constructor->block->block_content->expr_stmt->expr->name->name,
2,110,rectangle_java2.jpg,rectangle_java2.jpg,2358738503,112,847.4350000000001,394.0135714285714,826.5,404,23,19,x2,2,class->block->constructor->block->block_content->expr_stmt->expr->name->name,
2,110,rectangle_java2.jpg,rectangle_java2.jpg,2358738503,112,847.4350000000001,394.0135714285714,856.5,404,10,19,;,1,class->block->constructor->block->block_content->expr_stmt,
2,110,rectangle_java2.jpg,rectangle_java2.jpg,2358962612,188,751.021914893617,382.7987234042553,730.5,367,71,21,this.y1,7,class->block->constructor->block->block_content->expr_stmt->expr->name->name->operator->name,
2,110,rectangle_java2.jpg,rectangle_java2.jpg,2359146538,180,751.9675555555556,374.7026666666667,730.5,367,71,21,this.y1,7,class->block->constructor->block->block_content->expr_stmt->expr->name->name->operator->name,
2,110,rectangle_java2.jpg,rectangle_java2.jpg,2359358508,184,764.1541304347826,421.50043478260864,730.5,404,71,19,this.x2,7,class->block->constructor->block->block_content->expr_stmt->expr->name->name->operator->name,
2,110,rectangle_java2.jpg,rectangle_java2.jpg,2359606625,204,791.515294117647,421.36196078431374,730.5,404,71,19,this.x2,7,class->block->constructor->block->block_content->expr_stmt->expr->name->name->operator->name,
2,110,rectangle_java2.jpg,rectangle_java2.jpg,2359790621,68,850.3811764705882,408.9205882352941,856.5,404,10,19,;,1,class->block->constructor->block->block_content->expr_stmt,
2,110,rectangle_java2.jpg,rectangle_java2.jpg,2359870609,76,852.3773684210527,399.51,856.5,404,10,19,;,1,class->block->constructor->block->block_content->expr_stmt,
2,110,rectangle_java2.jpg,rectangle_java2.jpg,2359942589,68,856.285294117647,367.2829411764706,856.5,367,10,21,;,1,class->block->constructor->block->block_content->expr_stmt,
2,110,rectangle_java2.jpg,rectangle_java2.jpg,2360066556,120,853.23,378.361,856.5,367,10,21,;,1,class->block->constructor->block->block_content->expr_stmt,
2,110,rectangle_java2.jpg,rectangle_java2.jpg,2360190606,120,829.637,373.87966666666665,826.5,367,23,21,y1,2,class->block->constructor->block->block_content->expr_stmt->expr->name->name,
2,110,rectangle_java2.jpg,rectangle_java2.jpg,2360290644,96,830.6683333333333,370.35875,826.5,367,23,21,y1,2,class->block->constructor->block->block_content->expr_stmt->expr->name->name,
2,110,rectangle_java2.jpg,rectangle_java2.jpg,2360498628,204,834.8207843137254,410.6511764705882,826.5,404,23,19,x2,2,class->block->constructor->block->block_content->expr_stmt->expr->name->name,
2,110,rectangle_java2.jpg,rectangle_java2.jpg,2360602503,80,701.597,551.329,669.5,549,63,21,public,6,class->block->function->type->specifier,
2,110,rectangle_java2.jpg,rectangle_java2.jpg,2360766448,160,701.073,557.4865,669.5,549,63,21,public,6,class->block->function->type->specifier,
2,110,rectangle_java2.jpg,rectangle_java2.jpg,2360882485,112,688.2721428571429,563.5114285714286,669.5,549,63,21,public,6,class->block->function->type->specifier,
2,110,rectangle_java2.jpg,rectangle_java2.jpg,2361082467,80,764.7835,564.106,737.5,549,33,21,int,3,class->block->function->type->name,
2,110,rectangle_java2.jpg,rectangle_java2.jpg,2361082467,80,764.7835,564.106,775.5,549,62,21,height,6,class->block->function->name,
2,110,rectangle_java2.jpg,rectangle_java2.jpg,2361158482,72,770.9583333333334,557.565,775.5,549,62,21,height,6,class->block->function->name,
2,110,rectangle_java2.jpg,rectangle_java2.jpg,2361218495,56,781.31,550.335,775.5,549,62,21,height,6,class->block->function->name,
2,110,rectangle_java2.jpg,rectangle_java2.jpg,2361294506,72,772.5788888888889,553.2311111111111,775.5,549,62,21,height,6,class->block->function->name,
2,110,rectangle_java2.jpg,rectangle_java2.jpg,2361494495,136,773.9323529411764,728.3379411764706,730.5,731,91,20,Rectangle,9,class->block->function->block->block_content->decl_stmt->decl->type->name,
2,110,rectangle_java2.jpg,rectangle_java2.jpg,2361666500,68,794.9276470588235,741.6529411764706,730.5,731,91,20,Rectangle,9,class->block->function->block->block_content->decl_stmt->decl->type->name,
2,110,rectangle_java2.jpg,rectangle_java2.jpg,2361762496,56,795.9821428571429,785.7578571428571,730.5,766,177,21,System.out.println,18,class->block->function->block->block_content->expr_stmt->expr->call->name->name->operator->name->operator->name,
2,110,rectangle_java2.jpg,rectangle_java2.jpg,2362474172,124,733.1029032258065,573.7383870967742,737.5,585,62,21,double,6,class->block->function->type->name,
2,110,rectangle_java2.jpg,rectangle_java2.jpg,2362594237,72,694.24,552.5616666666667,669.5,549,63,21,public,6,class->block->function->type->specifier,
2,110,rectangle_java2.jpg,rectangle_java2.jpg,2362714311,116,685.7634482758621,553.4824137931034,669.5,549,63,21,public,6,class->block->function->type->specifier,
2,110,rectangle_java2.jpg,rectangle_java2.jpg,2362814343,88,772.9786363636364,565.2081818181819,775.5,549,62,21,height,6,class->block->function->name,
2,110,rectangle_java2.jpg,rectangle_java2.jpg,2363102375,148,753.9497297297297,554.4527027027027,737.5,549,33,21,int,3,class->block->function->type->name,
2,110,rectangle_java2.jpg,rectangle_java2.jpg,2363266356,124,798.2764516129032,559.2170967741936,775.5,549,62,21,height,6,class->block->function->name,
2,110,rectangle_java2.jpg,rectangle_java2.jpg,2363422330,152,802.1152631578947,561.7376315789473,775.5,549,62,21,height,6,class->block->function->name,
2,110,rectangle_java2.jpg,rectangle_java2.jpg,2363622319,184,967.6302173913044,538.6769565217392,968.5,549,70,21,this.y2,7,class->block->function->block->block_content->return->expr->name->name->operator->name,
2,110,rectangle_java2.jpg,rectangle_java2.jpg,2363694320,68,938.8876470588236,540.6182352941177,900.5,549,63,21,return,6,class->block->function->block->block_content->return,
2,110,rectangle_java2.jpg,rectangle_java2.jpg,2363770313,72,927.1577777777778,550.6905555555555,900.5,549,63,21,return,6,class->block->function->block->block_content->return,
2,110,rectangle_java2.jpg,rectangle_java2.jpg,2363870288,96,940.2816666666666,551.5829166666666,900.5,549,63,21,return,6,class->block->function->block->block_content->return,
2,110,rectangle_java2.jpg,rectangle_java2.jpg,2364130341,92,944.725652173913,553.4539130434782,900.5,549,63,21,return,6,class->block->function->block->block_content->return,
2,110,rectangle_java2.jpg,rectangle_java2.jpg,2364266205,132,949.1478787878788,544.9536363636364,900.5,549,63,21,return,6,class->block->function->block->block_content->return,
2,110,rectangle_java2.jpg,rectangle_java2.jpg,2364406137,80,1004.783,553.406,968.5,549,70,21,this.y2,7,class->block->function->block->block_content->return->expr->name->name->operator->name,
2,110,rectangle_java2.jpg,rectangle_java2.jpg,2364986280,80,1046.147,546.6075,1045.5,549,13,21,-,1,class->block->function->block->block_content->return->expr->operator,
2,110,rectangle_java2.jpg,rectangle_java2.jpg,2365142264,60,1021.1313333333334,531.9326666666667,958.5,512,71,21,this.x2,7,class->block->function->block->block_content->return->expr->name->name->operator->name->operator,
2,110,rectangle_java2.jpg,rectangle_java2.jpg,2365282216,80,1047.884,545.7385,1045.5,549,13,21,-,1,class->block->function->block->block_content->return->expr->operator,
2,110,rectangle_java2.jpg,rectangle_java2.jpg,2365562205,188,1118.051489361702,536.9927659574469,1064.5,549,71,21,this.y1,7,class->block->function->block->block_content->return->expr->name->name->operator->name,
2,110,rectangle_java2.jpg,rectangle_java2.jpg,2365674193,108,1115.1051851851853,545.8796296296297,1064.5,549,71,21,this.y1,7,class->block->function->block->block_content->return->expr->name->name->operator->name,
2,110,rectangle_java2.jpg,rectangle_java2.jpg,2365770205,84,937.1457142857142,543.1542857142857,900.5,549,63,21,return,6,class->block->function->block->block_content->return,
2,110,rectangle_java2.jpg,rectangle_java2.jpg,2365878200,104,922.6396153846154,551.825,900.5,549,63,21,return,6,class->block->function->block->block_content->return,
2,110,rectangle_java2.jpg,rectangle_java2.jpg,2366050192,168,921.3754761904762,560.8114285714286,900.5,549,63,21,return,6,class->block->function->block->block_content->return,
2,110,rectangle_java2.jpg,rectangle_java2.jpg,2366226110,136,948.2058823529412,583.2444117647059,910.5,585,62,21,return,6,class->block->function->block->block_content->return,
2,110,rectangle_java2.jpg,rectangle_java2.jpg,2366366064,136,945.5776470588236,598.4035294117647,910.5,585,62,21,return,6,class->block->function->block->block_content->return,
2,110,rectangle_java2.jpg,rectangle_java2.jpg,2366474103,104,937.2857692307692,605.631923076923,910.5,585,62,21,return,6,class->block->function->block->block_content->return,
2,110,rectangle_java2.jpg,rectangle_java2.jpg,2366614140,60,976.742,615.57,920.5,621,62,21,String,6,class->block->function->parameter_list->parameter->decl->type->name->name,
2,110,rectangle_java2.jpg,rectangle_java2.jpg,2366686126,68,985.2929411764704,618.2429411764706,990.5,621,10,21,[,1,class->block->function->parameter_list->parameter->decl->type->name->index,
2,110,rectangle_java2.jpg,rectangle_java2.jpg,2366882089,164,727.6646341463414,597.6214634146341,669.5,585,63,21,public,6,class->block->function->type->specifier,
2,110,rectangle_java2.jpg,rectangle_java2.jpg,2366882089,164,727.6646341463414,597.6214634146341,737.5,585,62,21,double,6,class->block->function->type->name,
2,110,rectangle_java2.jpg,rectangle_java2.jpg,2367070117,152,678.7194736842105,593.3315789473684,669.5,585,63,21,public,6,class->block->function->type->specifier,
2,110,rectangle_java2.jpg,rectangle_java2.jpg,2367226082,124,769.6270967741935,589.6087096774194,737.5,585,62,21,double,6,class->block->function->type->name,
2,110,rectangle_java2.jpg,rectangle_java2.jpg,2367310046,80,768.872,597.818,737.5,585,62,21,double,6,class->block->function->type->name,
2,110,rectangle_java2.jpg,rectangle_java2.jpg,2368157943,88,782.7345454545455,453.1336363636364,730.5,440,71,21,this.y2,7,class->block->constructor->block->block_content->expr_stmt->expr->name->name->operator->name,
2,110,rectangle_java2.jpg,rectangle_java2.jpg,2368297797,120,732.0073333333333,568.145,669.5,549,63,21,public,6,class->block->function->type->specifier,
2,110,rectangle_java2.jpg,rectangle_java2.jpg,2368297797,120,732.0073333333333,568.145,737.5,549,33,21,int,3,class->block->function->type->name,
2,110,rectangle_java2.jpg,rectangle_java2.jpg,2368405840,104,741.1465384615385,575.4676923076923,737.5,585,62,21,double,6,class->block->function->type->name,
2,110,rectangle_java2.jpg,rectangle_java2.jpg,2368585901,176,709.1170454545454,573.7779545454546,669.5,585,63,21,public,6,class->block->function->type->specifier,
2,110,rectangle_java2.jpg,rectangle_java2.jpg,2368745934,80,778.9005,581.7685,737.5,585,62,21,double,6,class->block->function->type->name,
2,110,rectangle_java2.jpg,rectangle_java2.jpg,2368881931,132,785.7815151515151,586.2739393939394,737.5,585,62,21,double,6,class->block->function->type->name,
2,110,rectangle_java2.jpg,rectangle_java2.jpg,2369009904,72,787.9122222222222,596.1466666666666,737.5,585,62,21,double,6,class->block->function->type->name,
2,110,rectangle_java2.jpg,rectangle_java2.jpg,2369201914,56,768.9778571428571,592.0814285714285,737.5,585,62,21,double,6,class->block->function->type->name,
2,110,rectangle_java2.jpg,rectangle_java2.jpg,2369313923,108,747.0877777777778,601.2588888888889,737.5,585,62,21,double,6,class->block->function->type->name,
2,110,rectangle_java2.jpg,rectangle_java2.jpg,2369389923,72,761.0555555555555,609.1055555555556,738.5,621,61,21,static,6,class->block->function->type->specifier,
2,110,rectangle_java2.jpg,rectangle_java2.jpg,2369541941,128,831.744375,639.8678125,804.5,621,44,21,void,4,class->block->function->type->name,
2,110,rectangle_java2.jpg,rectangle_java2.jpg,2369609955,64,831.7625,636.221875,804.5,621,44,21,void,4,class->block->function->type->name,
2,110,rectangle_java2.jpg,rectangle_java2.jpg,2369901862,56,819.4878571428571,596.8664285714285,804.5,585,43,21,area,4,class->block->function->name,
2,110,rectangle_java2.jpg,rectangle_java2.jpg,2370025651,84,981.7571428571428,589.1052380952381,977.5,585,101,21,this.width,10,class->block->function->block->block_content->return->expr->call->name->name->operator->name,
2,110,rectangle_java2.jpg,rectangle_java2.jpg,2370121634,92,983.391304347826,599.4534782608696,977.5,585,101,21,this.width,10,class->block->function->block->block_content->return->expr->call->name->name->operator->name,
2,110,rectangle_java2.jpg,rectangle_java2.jpg,2370237748,80,944.94,627.682,920.5,621,62,21,String,6,class->block->function->parameter_list->parameter->decl->type->name->name,
2,110,rectangle_java2.jpg,rectangle_java2.jpg,2370313782,72,961.1377777777776,624.2572222222223,920.5,621,62,21,String,6,class->block->function->parameter_list->parameter->decl->type->name->name,
2,110,rectangle_java2.jpg,rectangle_java2.jpg,2370569775,180,717.8646666666667,618.1222222222223,669.5,621,63,21,public,6,class->block->function->type->specifier,
2,110,rectangle_java2.jpg,rectangle_java2.jpg,2370697786,124,696.9764516129032,620.5348387096774,669.5,621,63,21,public,6,class->block->function->type->specifier,
2,110,rectangle_java2.jpg,rectangle_java2.jpg,2370777817,76,782.1957894736842,623.1031578947368,738.5,621,61,21,static,6,class->block->function->type->specifier,
2,110,rectangle_java2.jpg,rectangle_java2.jpg,2370913787,132,789.3945454545454,620.1169696969697,738.5,621,61,21,static,6,class->block->function->type->specifier,
2,110,rectangle_java2.jpg,rectangle_java2.jpg,2370977678,60,773.0073333333333,609.3246666666666,738.5,621,61,21,static,6,class->block->function->type->specifier,
2,110,rectangle_java2.jpg,rectangle_java2.jpg,2371097539,116,770.4444827586207,628.0206896551724,738.5,621,61,21,static,6,class->block->function->type->specifier,
2,110,rectangle_java2.jpg,rectangle_java2.jpg,2371189651,80,862.5055,627.7955000000001,851.5,621,44,21,main,4,class->block->function->name,
2,110,rectangle_java2.jpg,rectangle_java2.jpg,2371453831,100,973.8028,632.0188,920.5,621,62,21,String,6,class->block->function->parameter_list->parameter->decl->type->name->name,
2,110,rectangle_java2.jpg,rectangle_java2.jpg,2371549841,92,967.645652173913,631.1473913043478,920.5,621,62,21,String,6,class->block->function->parameter_list->parameter->decl->type->name->name,
2,110,rectangle_java2.jpg,rectangle_java2.jpg,2371717836,164,949.8980487804878,636.4870731707317,920.5,621,62,21,String,6,class->block->function->parameter_list->parameter->decl->type->name->name,
2,110,rectangle_java2.jpg,rectangle_java2.jpg,2371885793,116,766.1175862068966,655.9741379310345,730.5,658,91,20,Rectangle,9,class->block->function->block->block_content->decl_stmt->decl->type->name,
2,110,rectangle_java2.jpg,rectangle_java2.jpg,2371949737,60,750.0333333333333,655.4266666666666,730.5,658,91,20,Rectangle,9,class->block->function->block->block_content->decl_stmt->decl->type->name,
2,110,rectangle_java2.jpg,rectangle_java2.jpg,2372265674,80,782.9395,657.9255,730.5,658,91,20,Rectangle,9,class->block->function->block->block_content->decl_stmt->decl->type->name,
2,110,rectangle_java2.jpg,rectangle_java2.jpg,2372345653,76,785.02,657.2015789473684,730.5,658,91,20,Rectangle,9,class->block->function->block->block_content->decl_stmt->decl->type->name,
2,110,rectangle_java2.jpg,rectangle_java2.jpg,2372505589,84,840.6319047619048,668.1371428571429,826.5,658,52,20,rect1,5,class->block->function->block->block_content->decl_stmt->decl->name,
2,110,rectangle_java2.jpg,rectangle_java2.jpg,2372661640,96,842.8741666666666,675.03625,826.5,658,52,20,rect1,5,class->block->function->block->block_content->decl_stmt->decl->name,
2,110,rectangle_java2.jpg,rectangle_java2.jpg,2372909712,120,865.9496666666666,659.5803333333333,826.5,658,52,20,rect1,5,class->block->function->block->block_content->decl_stmt->decl->name,
2,110,rectangle_java2.jpg,rectangle_java2.jpg,2372985764,72,975.6527777777778,661.9027777777778,941.5,658,91,20,Rectangle,9,class->block->function->block->block_content->decl_stmt->decl->init->expr->call->name,
2,110,rectangle_java2.jpg,rectangle_java2.jpg,2373185763,96,972.05625,668.92125,941.5,658,91,20,Rectangle,9,class->block->function->block->block_content->decl_stmt->decl->init->expr->call->name,
2,110,rectangle_java2.jpg,rectangle_java2.jpg,2373269732,80,957.6335,670.5215000000001,941.5,658,91,20,Rectangle,9,class->block->function->block->block_content->decl_stmt->decl->init->expr->call->name,
2,110,rectangle_java2.jpg,rectangle_java2.jpg,2373333731,60,954.944,665.3826666666666,941.5,658,91,20,Rectangle,9,class->block->function->block->block_content->decl_stmt->decl->init->expr->call->name,
2,110,rectangle_java2.jpg,rectangle_java2.jpg,2373417685,80,1068.546,660.774,1057.5,658,13,20,0,1,class->block->function->block->block_content->decl_stmt->decl->init->expr->call->argument_list->argument->expr->literal,
2,110,rectangle_java2.jpg,rectangle_java2.jpg,2373417685,80,1068.546,660.774,1077.5,658,9,20,"""","""",1,class->block->function->block->block_content->decl_stmt->decl->init->expr->call->argument_list
2,110,rectangle_java2.jpg,rectangle_java2.jpg,2373493650,72,1066.7505555555556,653.8155555555555,1057.5,658,13,20,0,1,class->block->function->block->block_content->decl_stmt->decl->init->expr->call->argument_list->argument->expr->literal,
2,110,rectangle_java2.jpg,rectangle_java2.jpg,2373493650,72,1066.7505555555556,653.8155555555555,1077.5,658,9,20,"""","""",1,class->block->function->block->block_content->decl_stmt->decl->init->expr->call->argument_list
2,110,rectangle_java2.jpg,rectangle_java2.jpg,2373633642,136,1071.7867647058824,656.4108823529411,1077.5,658,9,20,"""","""",1,class->block->function->block->block_content->decl_stmt->decl->init->expr->call->argument_list
2,110,rectangle_java2.jpg,rectangle_java2.jpg,2373797506,112,789.6896428571429,698.685,730.5,694,177,21,System.out.println,18,class->block->function->block->block_content->expr_stmt->expr->call->name->name->operator->name->operator->name,
2,110,rectangle_java2.jpg,rectangle_java2.jpg,2373889382,88,769.0268181818182,709.8518181818182,730.5,694,177,21,System.out.println,18,class->block->function->block->block_content->expr_stmt->expr->call->name->name->operator->name->operator->name,
2,110,rectangle_java2.jpg,rectangle_java2.jpg,2374029245,136,758.364705882353,703.0344117647059,730.5,694,177,21,System.out.println,18,class->block->function->block->block_content->expr_stmt->expr->call->name->name->operator->name->operator->name,
2,110,rectangle_java2.jpg,rectangle_java2.jpg,2374301389,60,824.7433333333333,727.636,826.5,731,51,20,rect2,5,class->block->function->block->block_content->decl_stmt->decl->name,
2,110,rectangle_java2.jpg,rectangle_java2.jpg,2374613637,104,960.7026923076922,709.3461538461538,932.5,694,100,21,rect1.area,10,class->block->function->block->block_content->expr_stmt->expr->call->argument_list->argument->expr->call->name->name->operator->name,
2,110,rectangle_java2.jpg,rectangle_java2.jpg,2374713634,96,961.4945833333334,690.5004166666666,932.5,694,100,21,rect1.area,10,class->block->function->block->block_content->expr_stmt->expr->call->argument_list->argument->expr->call->name->name->operator->name,
2,110,rectangle_java2.jpg,rectangle_java2.jpg,2374877522,140,1039.2385714285715,695.332,1041.5,694,9,21,(,1,class->block->function->block->block_content->expr_stmt->expr->call->argument_list->argument->expr->call->argument_list,
2,110,rectangle_java2.jpg,rectangle_java2.jpg,2375653473,60,889.7073333333333,711.9806666666667,730.5,694,177,21,System.out.println,18,class->block->function->block->block_content->expr_stmt->expr->call->name->name->operator->name->operator->name,
2,110,rectangle_java2.jpg,rectangle_java2.jpg,2375729394,72,873.1411111111111,702.3644444444444,730.5,694,177,21,System.out.println,18,class->block->function->block->block_content->expr_stmt->expr->call->name->name->operator->name->operator->name,
2,110,rectangle_java2.jpg,rectangle_java2.jpg,2375909284,132,783.3406060606061,721.6648484848484,730.5,731,91,20,Rectangle,9,class->block->function->block->block_content->decl_stmt->decl->type->name,
2,110,rectangle_java2.jpg,rectangle_java2.jpg,2375973297,60,775.5466666666666,714.9126666666667,730.5,694,177,21,System.out.println,18,class->block->function->block->block_content->expr_stmt->expr->call->name->name->operator->name->operator->name,
2,110,rectangle_java2.jpg,rectangle_java2.jpg,2376061348,84,798.9257142857143,729.1642857142857,730.5,731,91,20,Rectangle,9,class->block->function->block->block_content->decl_stmt->decl->type->name,
2,110,rectangle_java2.jpg,rectangle_java2.jpg,2376209364,144,806.0863888888889,729.6886111111111,730.5,731,91,20,Rectangle,9,class->block->function->block->block_content->decl_stmt->decl->type->name,
2,110,rectangle_java2.jpg,rectangle_java2.jpg,2376269367,56,803.4742857142858,734.9057142857143,730.5,731,91,20,Rectangle,9,class->block->function->block->block_content->decl_stmt->decl->type->name,
2,110,rectangle_java2.jpg,rectangle_java2.jpg,2376449406,64,880.75875,744.385625,883.5,731,15,20,=,1,class->block->function->block->block_content->decl_stmt->decl->init,
2,110,rectangle_java2.jpg,rectangle_java2.jpg,2376549435,96,885.8595833333334,749.69875,883.5,731,15,20,=,1,class->block->function->block->block_content->decl_stmt->decl->init,
2,110,rectangle_java2.jpg,rectangle_java2.jpg,2376633442,80,851.854,744.7284999999999,826.5,731,51,20,rect2,5,class->block->function->block->block_content->decl_stmt->decl->name,
2,110,rectangle_java2.jpg,rectangle_java2.jpg,2376733435,96,855.6395833333333,742.5566666666666,826.5,731,51,20,rect2,5,class->block->function->block->block_content->decl_stmt->decl->name,
2,110,rectangle_java2.jpg,rectangle_java2.jpg,2376793429,56,883.95,744.475,883.5,731,15,20,=,1,class->block->function->block->block_content->decl_stmt->decl->init,
2,110,rectangle_java2.jpg,rectangle_java2.jpg,2376873420,76,896.8347368421053,742.4894736842106,883.5,731,15,20,=,1,class->block->function->block->block_content->decl_stmt->decl->init,
2,110,rectangle_java2.jpg,rectangle_java2.jpg,2376873420,76,896.8347368421053,742.4894736842106,902.5,731,34,20,new,3,class->block->function->block->block_content->decl_stmt->decl->init->expr->operator,
2,110,rectangle_java2.jpg,rectangle_java2.jpg,2377181390,184,993.2678260869566,742.0345652173913,941.5,731,91,20,Rectangle,9,class->block->function->block->block_content->decl_stmt->decl->init->expr->call->name,
2,110,rectangle_java2.jpg,rectangle_java2.jpg,2377265381,80,996.139,747.206,941.5,731,91,20,Rectangle,9,class->block->function->block->block_content->decl_stmt->decl->init->expr->call->name,
2,110,rectangle_java2.jpg,rectangle_java2.jpg,2377553359,104,742.9230769230769,302.24307692307696,737.5,295,91,21,Rectangle,9,class->block->constructor->name,
2,110,rectangle_java2.jpg,rectangle_java2.jpg,2377633304,76,735.6589473684211,294.5673684210526,737.5,295,91,21,Rectangle,9,class->block->constructor->name,
2,110,rectangle_java2.jpg,rectangle_java2.jpg,2378261292,56,651.4807142857143,236.91785714285717,589.5,222,63,21,public,6,class->specifier,
2,110,rectangle_java2.jpg,rectangle_java2.jpg,2378261292,56,651.4807142857143,236.91785714285717,657.5,222,52,21,class,5,class,
2,110,rectangle_java2.jpg,rectangle_java2.jpg,2378437275,172,711.2686046511628,234.25790697674412,715.5,222,90,21,Rectangle,9,class->name,
2,110,rectangle_java2.jpg,rectangle_java2.jpg,2378949219,148,668.1551351351351,543.0608108108108,669.5,549,63,21,public,6,class->block->function->type->specifier,
2,110,rectangle_java2.jpg,rectangle_java2.jpg,2379037228,84,660.95,557.5561904761905,669.5,549,63,21,public,6,class->block->function->type->specifier,
2,110,rectangle_java2.jpg,rectangle_java2.jpg,2379169250,128,740.6265625,561.1934375,737.5,549,33,21,int,3,class->block->function->type->name,
2,110,rectangle_java2.jpg,rectangle_java2.jpg,2379377272,112,755.9007142857143,575.6321428571429,737.5,585,62,21,double,6,class->block->function->type->name,
2,110,rectangle_java2.jpg,rectangle_java2.jpg,2379489233,84,804.4390476190476,373.76666666666665,806.5,367,15,21,=,1,class->block->constructor->block->block_content->expr_stmt->expr->operator,
2,110,rectangle_java2.jpg,rectangle_java2.jpg,2379621030,128,809.835625,376.92375,806.5,367,15,21,=,1,class->block->constructor->block->block_content->expr_stmt->expr->operator,
2,110,rectangle_java2.jpg,rectangle_java2.jpg,2379729021,60,778.0246666666667,377.2153333333333,730.5,367,71,21,this.y1,7,class->block->constructor->block->block_content->expr_stmt->expr->name->name->operator->name,
2,110,rectangle_java2.jpg,rectangle_java2.jpg,2379889150,68,764.4170588235294,371.2841176470589,730.5,367,71,21,this.y1,7,class->block->constructor->block->block_content->expr_stmt->expr->name->name->operator->name,
2,110,rectangle_java2.jpg,rectangle_java2.jpg,2380157095,180,813.1213333333334,356.896,806.5,367,15,21,=,1,class->block->constructor->block->block_content->expr_stmt->expr->operator,
2,110,rectangle_java2.jpg,rectangle_java2.jpg,2380217117,56,812.8635714285714,359.1492857142857,806.5,367,15,21,=,1,class->block->constructor->block->block_content->expr_stmt->expr->operator,
2,110,rectangle_java2.jpg,rectangle_java2.jpg,2380369120,112,789.2217857142857,339.64714285714285,730.5,331,71,19,this.x1,7,class->block->constructor->block->block_content->expr_stmt->expr->name->name->operator->name,
2,110,rectangle_java2.jpg,rectangle_java2.jpg,2380533117,104,843.3938461538462,355.19153846153847,826.5,367,23,21,y1,2,class->block->constructor->block->block_content->expr_stmt->expr->name->name,
2,110,rectangle_java2.jpg,rectangle_java2.jpg,2380593133,56,830.0335714285715,349.8857142857143,826.5,331,23,19,x1,2,class->block->constructor->block->block_content->expr_stmt->expr->name->name,
2,110,rectangle_java2.jpg,rectangle_java2.jpg,2380753139,144,756.4013888888888,349.21666666666664,730.5,331,71,19,this.x1,7,class->block->constructor->block->block_content->expr_stmt->expr->name->name->operator->name,
2,110,rectangle_java2.jpg,rectangle_java2.jpg,2380837120,80,765.8835,356.2695,730.5,367,71,21,this.y1,7,class->block->constructor->block->block_content->expr_stmt->expr->name->name->operator->name,
2,110,rectangle_java2.jpg,rectangle_java2.jpg,2381065160,120,853.203,779.4493333333334,730.5,766,177,21,System.out.println,18,class->block->function->block->block_content->expr_stmt->expr->call->name->name->operator->name->operator->name,
2,110,rectangle_java2.jpg,rectangle_java2.jpg,2381137167,68,847.3923529411765,780.4558823529412,730.5,766,177,21,System.out.println,18,class->block->function->block->block_content->expr_stmt->expr->call->name->name->operator->name->operator->name,
2,110,rectangle_java2.jpg,rectangle_java2.jpg,2382568944,84,894.5480952380952,560.8533333333334,900.5,549,63,21,return,6,class->block->function->block->block_content->return,
2,110,rectangle_java2.jpg,rectangle_java2.jpg,2382657000,84,896.9671428571429,558.0733333333333,900.5,549,63,21,return,6,class->block->function->block->block_content->return,
