trial,participant,code_file,code_language,timestamp,duration,x_cord,y_cord,aoi_x,aoi_y,aoi_width,aoi_height,token,length,srcML,
2,117,rectangle_java2.jpg,rectangle_java2.jpg,1348986343,112,848.0110714285714,354.72035714285715,826.5,367,23,21,y1,2,class->block->constructor->block->block_content->expr_stmt->expr->name->name,
2,117,rectangle_java2.jpg,rectangle_java2.jpg,1348986343,112,848.0110714285714,354.72035714285715,856.5,367,10,21,;,1,class->block->constructor->block->block_content->expr_stmt,
2,117,rectangle_java2.jpg,rectangle_java2.jpg,1349130483,140,853.0682857142857,355.72914285714285,856.5,367,10,21,;,1,class->block->constructor->block->block_content->expr_stmt,
2,117,rectangle_java2.jpg,rectangle_java2.jpg,1349230330,96,846.8595833333334,346.53541666666666,826.5,331,23,19,x1,2,class->block->constructor->block->block_content->expr_stmt->expr->name->name,
2,117,rectangle_java2.jpg,rectangle_java2.jpg,1349230330,96,846.8595833333334,346.53541666666666,856.5,331,10,19,;,1,class->block->constructor->block->block_content->expr_stmt,
2,117,rectangle_java2.jpg,rectangle_java2.jpg,1352141932,228,795.4052631578948,209.5585964912281,715.5,222,90,21,Rectangle,9,class->name,
2,117,rectangle_java2.jpg,rectangle_java2.jpg,1353253926,72,812.5461111111111,210.62833333333333,813.5,222,10,21,{,1,class->block,
2,117,rectangle_java2.jpg,rectangle_java2.jpg,1353329914,72,813.8455555555556,220.6783333333333,813.5,222,10,21,{,1,class->block,
2,117,rectangle_java2.jpg,rectangle_java2.jpg,1355157787,204,811.9274509803921,256.3262745098039,815.5,259,10,21,"""","""",1,class->block->decl_stmt
2,117,rectangle_java2.jpg,rectangle_java2.jpg,1355493728,68,798.2988235294117,267.3770588235294,785.5,259,23,21,x1,2,class->block->decl_stmt->decl->name,
2,117,rectangle_java2.jpg,rectangle_java2.jpg,1355757762,152,758.0423684210526,260.9352631578947,747.5,259,33,21,int,3,class->block->decl_stmt->decl->type->name,
2,117,rectangle_java2.jpg,rectangle_java2.jpg,1356105613,116,836.5451724137931,249.6110344827586,833.5,259,23,21,y1,2,class->block->decl_stmt->decl->name,
2,117,rectangle_java2.jpg,rectangle_java2.jpg,1356290080,104,935.6173076923076,274.4873076923077,929.5,259,23,21,y2,2,class->block->decl_stmt->decl->name,
2,117,rectangle_java2.jpg,rectangle_java2.jpg,1356469849,128,904.0084375,274.938125,881.5,259,23,21,x2,2,class->block->decl_stmt->decl->name,
2,117,rectangle_java2.jpg,rectangle_java2.jpg,1356469849,128,904.0084375,274.938125,911.5,259,10,21,"""","""",1,class->block->decl_stmt
2,117,rectangle_java2.jpg,rectangle_java2.jpg,1356653669,132,973.3954545454544,283.44757575757575,977.5,295,23,21,y1,2,class->block->constructor->parameter_list->parameter->decl->type->name,
2,117,rectangle_java2.jpg,rectangle_java2.jpg,1356729638,72,942.9438888888888,284.72444444444443,939.5,295,33,21,int,3,class->block->constructor->parameter_list->parameter->decl->type->name,
2,117,rectangle_java2.jpg,rectangle_java2.jpg,1356877717,144,943.1541666666668,278.13972222222225,929.5,259,23,21,y2,2,class->block->decl_stmt->decl->name,
2,117,rectangle_java2.jpg,rectangle_java2.jpg,1357209623,124,803.5348387096774,271.1916129032258,785.5,259,23,21,x1,2,class->block->decl_stmt->decl->name,
2,117,rectangle_java2.jpg,rectangle_java2.jpg,1357209623,124,803.5348387096774,271.1916129032258,815.5,259,10,21,"""","""",1,class->block->decl_stmt
2,117,rectangle_java2.jpg,rectangle_java2.jpg,1357337604,124,808.7303225806452,265.3916129032258,815.5,259,10,21,"""","""",1,class->block->decl_stmt
2,117,rectangle_java2.jpg,rectangle_java2.jpg,1357425624,84,813.2647619047619,251.75333333333333,815.5,259,10,21,"""","""",1,class->block->decl_stmt
2,117,rectangle_java2.jpg,rectangle_java2.jpg,1357537652,68,761.7064705882353,238.8170588235294,715.5,222,90,21,Rectangle,9,class->name,
2,117,rectangle_java2.jpg,rectangle_java2.jpg,1357701612,108,935.0988888888888,270.60925925925926,929.5,259,23,21,y2,2,class->block->decl_stmt->decl->name,
2,117,rectangle_java2.jpg,rectangle_java2.jpg,1357969550,72,939.69,270.2027777777778,929.5,259,23,21,y2,2,class->block->decl_stmt->decl->name,
2,117,rectangle_java2.jpg,rectangle_java2.jpg,1358065583,92,937.2095652173912,274.5595652173913,929.5,259,23,21,y2,2,class->block->decl_stmt->decl->name,
2,117,rectangle_java2.jpg,rectangle_java2.jpg,1358213601,144,915.3283333333334,270.30694444444447,911.5,259,10,21,"""","""",1,class->block->decl_stmt
2,117,rectangle_java2.jpg,rectangle_java2.jpg,1359381481,80,1066.4125,286.814,1063.5,295,23,21,x2,2,class->block->constructor->parameter_list->parameter->decl->type->name,
2,117,rectangle_java2.jpg,rectangle_java2.jpg,1359573500,104,1014.2007692307692,286.27576923076924,1007.5,295,10,21,"""","""",1,class->block->constructor->parameter_list
2,117,rectangle_java2.jpg,rectangle_java2.jpg,1359573500,104,1014.2007692307692,286.27576923076924,1025.5,295,33,21,int,3,class->block->constructor->parameter_list->parameter->decl->type->name,
2,117,rectangle_java2.jpg,rectangle_java2.jpg,1359969388,180,1000.8804444444444,286.72044444444447,1007.5,295,10,21,"""","""",1,class->block->constructor->parameter_list
2,117,rectangle_java2.jpg,rectangle_java2.jpg,1360205115,232,996.0820689655172,293.7255172413793,977.5,295,23,21,y1,2,class->block->constructor->parameter_list->parameter->decl->type->name,
2,117,rectangle_java2.jpg,rectangle_java2.jpg,1360205115,232,996.0820689655172,293.7255172413793,1007.5,295,10,21,"""","""",1,class->block->constructor->parameter_list
2,117,rectangle_java2.jpg,rectangle_java2.jpg,1360401268,152,1045.046842105263,293.1981578947368,1025.5,295,33,21,int,3,class->block->constructor->parameter_list->parameter->decl->type->name,
2,117,rectangle_java2.jpg,rectangle_java2.jpg,1360501375,96,921.1808333333332,295.28458333333333,921.5,295,9,21,"""","""",1,class->block->constructor->parameter_list
2,117,rectangle_java2.jpg,rectangle_java2.jpg,1360669433,164,909.6136585365854,304.4370731707317,890.5,295,24,21,x1,2,class->block->constructor->parameter_list->parameter->decl->type->name,
2,117,rectangle_java2.jpg,rectangle_java2.jpg,1360669433,164,909.6136585365854,304.4370731707317,921.5,295,9,21,"""","""",1,class->block->constructor->parameter_list
2,117,rectangle_java2.jpg,rectangle_java2.jpg,1360985442,268,808.3073134328358,237.74313432835825,813.5,222,10,21,{,1,class->block,
2,117,rectangle_java2.jpg,rectangle_java2.jpg,1361073436,84,804.1533333333333,236.08952380952385,715.5,222,90,21,Rectangle,9,class->name,
2,117,rectangle_java2.jpg,rectangle_java2.jpg,1361073436,84,804.1533333333333,236.08952380952385,813.5,222,10,21,{,1,class->block,
2,117,rectangle_java2.jpg,rectangle_java2.jpg,1361397383,64,752.99,237.089375,715.5,222,90,21,Rectangle,9,class->name,
2,117,rectangle_java2.jpg,rectangle_java2.jpg,1361837194,116,747.2493103448276,210.8596551724138,715.5,222,90,21,Rectangle,9,class->name,
2,117,rectangle_java2.jpg,rectangle_java2.jpg,1362409257,84,1009.7461904761903,308.87714285714287,1007.5,295,10,21,"""","""",1,class->block->constructor->parameter_list
2,117,rectangle_java2.jpg,rectangle_java2.jpg,1362713215,144,1095.9833333333331,291.8858333333333,1094.5,295,9,21,"""","""",1,class->block->constructor->parameter_list
2,117,rectangle_java2.jpg,rectangle_java2.jpg,1362845257,128,1095.8809375,296.224375,1094.5,295,9,21,"""","""",1,class->block->constructor->parameter_list
2,117,rectangle_java2.jpg,rectangle_java2.jpg,1362973272,124,1131.8590322580644,301.72806451612905,1112.5,295,33,21,int,3,class->block->constructor->parameter_list->parameter->decl->type->name,
2,117,rectangle_java2.jpg,rectangle_java2.jpg,1363057258,80,1133.4615,306.024,1112.5,295,33,21,int,3,class->block->constructor->parameter_list->parameter->decl->type->name,
2,117,rectangle_java2.jpg,rectangle_java2.jpg,1363277308,216,1090.9551851851852,308.40037037037035,1094.5,295,9,21,"""","""",1,class->block->constructor->parameter_list
2,117,rectangle_java2.jpg,rectangle_java2.jpg,1363520991,240,1090.1303333333333,310.95283333333333,1094.5,295,9,21,"""","""",1,class->block->constructor->parameter_list
2,117,rectangle_java2.jpg,rectangle_java2.jpg,1363648898,84,804.7490476190476,240.4842857142857,715.5,222,90,21,Rectangle,9,class->name,
2,117,rectangle_java2.jpg,rectangle_java2.jpg,1363648898,84,804.7490476190476,240.4842857142857,813.5,222,10,21,{,1,class->block,
2,117,rectangle_java2.jpg,rectangle_java2.jpg,1363849003,196,795.9191836734694,236.65,715.5,222,90,21,Rectangle,9,class->name,
2,117,rectangle_java2.jpg,rectangle_java2.jpg,1363981116,128,793.03625,237.4815625,715.5,222,90,21,Rectangle,9,class->name,
2,117,rectangle_java2.jpg,rectangle_java2.jpg,1364473208,148,1096.5081081081082,291.3754054054054,1094.5,295,9,21,"""","""",1,class->block->constructor->parameter_list
2,117,rectangle_java2.jpg,rectangle_java2.jpg,1364565153,88,1099.405,292.8686363636364,1094.5,295,9,21,"""","""",1,class->block->constructor->parameter_list
2,117,rectangle_java2.jpg,rectangle_java2.jpg,1364716694,148,1123.0002702702702,304.49945945945944,1112.5,295,33,21,int,3,class->block->constructor->parameter_list->parameter->decl->type->name,
2,117,rectangle_java2.jpg,rectangle_java2.jpg,1365525053,248,1115.2246774193547,306.1766129032258,1112.5,295,33,21,int,3,class->block->constructor->parameter_list->parameter->decl->type->name,
2,117,rectangle_java2.jpg,rectangle_java2.jpg,1365937035,140,842.2257142857143,499.72428571428577,837.5,512,9,21,(,1,class->block->function->parameter_list,
2,117,rectangle_java2.jpg,rectangle_java2.jpg,1365937035,140,842.2257142857143,499.72428571428577,854.5,512,9,21,),1,class->block->function->parameter_list,
2,117,rectangle_java2.jpg,rectangle_java2.jpg,1366449052,180,1116.1855555555555,313.5493333333333,1112.5,295,33,21,int,3,class->block->constructor->parameter_list->parameter->decl->type->name,
2,117,rectangle_java2.jpg,rectangle_java2.jpg,1368088837,540,777.8384444444445,225.93681481481485,715.5,222,90,21,Rectangle,9,class->name,
2,117,rectangle_java2.jpg,rectangle_java2.jpg,1369444676,88,802.5495454545454,233.09727272727275,715.5,222,90,21,Rectangle,9,class->name,
2,117,rectangle_java2.jpg,rectangle_java2.jpg,1369444676,88,802.5495454545454,233.09727272727275,813.5,222,10,21,{,1,class->block,
2,117,rectangle_java2.jpg,rectangle_java2.jpg,1369560748,112,795.5914285714285,231.2221428571429,715.5,222,90,21,Rectangle,9,class->name,
2,117,rectangle_java2.jpg,rectangle_java2.jpg,1370288780,100,829.656,321.3372,826.5,331,23,19,x1,2,class->block->constructor->block->block_content->expr_stmt->expr->name->name,
2,117,rectangle_java2.jpg,rectangle_java2.jpg,1370380787,88,829.4431818181818,323.7468181818182,826.5,331,23,19,x1,2,class->block->constructor->block->block_content->expr_stmt->expr->name->name,
2,117,rectangle_java2.jpg,rectangle_java2.jpg,1370616772,232,818.3579310344827,304.095,737.5,295,91,21,Rectangle,9,class->block->constructor->name,
2,117,rectangle_java2.jpg,rectangle_java2.jpg,1370768758,148,816.3878378378379,298.4983783783784,737.5,295,91,21,Rectangle,9,class->block->constructor->name,
2,117,rectangle_java2.jpg,rectangle_java2.jpg,1370972709,164,910.2507317073172,302.2319512195122,890.5,295,24,21,x1,2,class->block->constructor->parameter_list->parameter->decl->type->name,
2,117,rectangle_java2.jpg,rectangle_java2.jpg,1370972709,164,910.2507317073172,302.2319512195122,921.5,295,9,21,"""","""",1,class->block->constructor->parameter_list
2,117,rectangle_java2.jpg,rectangle_java2.jpg,1371092607,116,934.3627586206896,304.6,939.5,295,33,21,int,3,class->block->constructor->parameter_list->parameter->decl->type->name,
2,117,rectangle_java2.jpg,rectangle_java2.jpg,1371632591,80,831.065,333.4695,826.5,331,23,19,x1,2,class->block->constructor->block->block_content->expr_stmt->expr->name->name,
2,117,rectangle_java2.jpg,rectangle_java2.jpg,1371808610,172,829.2062790697674,341.04883720930235,826.5,331,23,19,x1,2,class->block->constructor->block->block_content->expr_stmt->expr->name->name,
2,117,rectangle_java2.jpg,rectangle_java2.jpg,1371952616,140,855.9368571428571,359.38428571428574,856.5,367,10,21,;,1,class->block->constructor->block->block_content->expr_stmt,
2,117,rectangle_java2.jpg,rectangle_java2.jpg,1372196696,240,858.6245,362.8616666666667,856.5,367,10,21,;,1,class->block->constructor->block->block_content->expr_stmt,
2,117,rectangle_java2.jpg,rectangle_java2.jpg,1372908315,164,823.2782926829268,385.5758536585366,826.5,367,23,21,y1,2,class->block->constructor->block->block_content->expr_stmt->expr->name->name,
2,117,rectangle_java2.jpg,rectangle_java2.jpg,1374220533,268,837.3171641791045,349.1107462686567,826.5,331,23,19,x1,2,class->block->constructor->block->block_content->expr_stmt->expr->name->name,
2,117,rectangle_java2.jpg,rectangle_java2.jpg,1374312525,88,839.6754545454545,355.3940909090909,826.5,367,23,21,y1,2,class->block->constructor->block->block_content->expr_stmt->expr->name->name,
2,117,rectangle_java2.jpg,rectangle_java2.jpg,1375020508,104,1121.7469230769232,297.83653846153845,1112.5,295,33,21,int,3,class->block->constructor->parameter_list->parameter->decl->type->name,
2,117,rectangle_java2.jpg,rectangle_java2.jpg,1375236535,212,1119.9435849056604,284.57396226415096,1112.5,295,33,21,int,3,class->block->constructor->parameter_list->parameter->decl->type->name,
2,117,rectangle_java2.jpg,rectangle_java2.jpg,1376052353,144,853.79,356.40722222222223,856.5,367,10,21,;,1,class->block->constructor->block->block_content->expr_stmt,
2,117,rectangle_java2.jpg,rectangle_java2.jpg,1376168323,112,854.5385714285715,360.9789285714286,856.5,367,10,21,;,1,class->block->constructor->block->block_content->expr_stmt,
2,117,rectangle_java2.jpg,rectangle_java2.jpg,1377160245,204,861.6435294117647,374.6511764705882,856.5,367,10,21,;,1,class->block->constructor->block->block_content->expr_stmt,
2,117,rectangle_java2.jpg,rectangle_java2.jpg,1377612245,216,863.8138888888889,345.73185185185184,856.5,331,10,19,;,1,class->block->constructor->block->block_content->expr_stmt,
2,117,rectangle_java2.jpg,rectangle_java2.jpg,1378460200,348,851.9637931034483,344.84862068965515,856.5,331,10,19,;,1,class->block->constructor->block->block_content->expr_stmt,
2,117,rectangle_java2.jpg,rectangle_java2.jpg,1381216000,136,832.7191176470589,500.70058823529416,837.5,512,9,21,(,1,class->block->function->parameter_list,
2,117,rectangle_java2.jpg,rectangle_java2.jpg,1382019991,72,973.848888888889,502.60833333333335,958.5,512,71,21,this.x2,7,class->block->function->block->block_content->return->expr->name->name->operator->name->operator,
2,117,rectangle_java2.jpg,rectangle_java2.jpg,1382184006,160,971.8065,511.695,958.5,512,71,21,this.x2,7,class->block->function->block->block_content->return->expr->name->name->operator->name->operator,
2,117,rectangle_java2.jpg,rectangle_java2.jpg,1382287922,92,1049.63,511.69608695652175,1054.5,512,71,21,this.x1,7,class->block->function->block->block_content->return->expr->name->name->operator->name,
2,117,rectangle_java2.jpg,rectangle_java2.jpg,1382391843,100,1047.8896,511.2372,1035.5,512,13,21,-,1,class->block->function->block->block_content->return->expr->name->name,
2,117,rectangle_java2.jpg,rectangle_java2.jpg,1382391843,100,1047.8896,511.2372,1054.5,512,71,21,this.x1,7,class->block->function->block->block_content->return->expr->name->name->operator->name,
2,117,rectangle_java2.jpg,rectangle_java2.jpg,1382491813,96,1004.4579166666668,507.1958333333333,958.5,512,71,21,this.x2,7,class->block->function->block->block_content->return->expr->name->name->operator->name->operator,
2,117,rectangle_java2.jpg,rectangle_java2.jpg,1382575811,80,1001.061,502.9195,958.5,512,71,21,this.x2,7,class->block->function->block->block_content->return->expr->name->name->operator->name->operator,
2,117,rectangle_java2.jpg,rectangle_java2.jpg,1382675831,96,1030.0091666666667,509.3941666666667,1035.5,512,13,21,-,1,class->block->function->block->block_content->return->expr->name->name,
2,117,rectangle_java2.jpg,rectangle_java2.jpg,1383179847,196,1115.8028571428572,504.78,1054.5,512,71,21,this.x1,7,class->block->function->block->block_content->return->expr->name->name->operator->name,
2,117,rectangle_java2.jpg,rectangle_java2.jpg,1383315818,132,1121.69,501.928787878788,1054.5,512,71,21,this.x1,7,class->block->function->block->block_content->return->expr->name->name->operator->name,
2,117,rectangle_java2.jpg,rectangle_java2.jpg,1383315818,132,1121.69,501.928787878788,1132.5,512,10,21,;,1,class->block->function->block,
2,117,rectangle_java2.jpg,rectangle_java2.jpg,1383611839,260,1151.950153846154,511.1998461538461,1152.5,512,10,21,},1,class->block,
2,117,rectangle_java2.jpg,rectangle_java2.jpg,1383879849,264,1102.6683333333333,507.6283333333333,1054.5,512,71,21,this.x1,7,class->block->function->block->block_content->return->expr->name->name->operator->name,
2,117,rectangle_java2.jpg,rectangle_java2.jpg,1383987838,104,1098.3523076923077,506.6926923076924,1054.5,512,71,21,this.x1,7,class->block->function->block->block_content->return->expr->name->name->operator->name,
2,117,rectangle_java2.jpg,rectangle_java2.jpg,1384175832,152,1137.411052631579,505.42789473684206,1132.5,512,10,21,;,1,class->block->function->block,
2,117,rectangle_java2.jpg,rectangle_java2.jpg,1384711735,84,1127.06,501.28619047619054,1132.5,512,10,21,;,1,class->block->function->block,
2,117,rectangle_java2.jpg,rectangle_java2.jpg,1385687722,140,983.6471428571429,530.8294285714286,958.5,512,71,21,this.x2,7,class->block->function->block->block_content->return->expr->name->name->operator->name->operator,
2,117,rectangle_java2.jpg,rectangle_java2.jpg,1385819715,120,880.4186666666667,531.331,874.5,512,10,21,{,1,class->block->function->block,
2,117,rectangle_java2.jpg,rectangle_java2.jpg,1385819715,120,880.4186666666667,531.331,891.5,512,62,21,return,6,class->block->function->block->block_content->return->expr->name->name,
2,117,rectangle_java2.jpg,rectangle_java2.jpg,1385939684,116,882.9489655172414,540.9841379310345,883.5,549,10,21,{,1,class->block->function->block,
2,117,rectangle_java2.jpg,rectangle_java2.jpg,1386031581,88,942.5177272727273,540.435,900.5,549,63,21,return,6,class->block->function->block->block_content->return,
2,117,rectangle_java2.jpg,rectangle_java2.jpg,1386179401,144,952.2247222222222,541.3111111111111,900.5,549,63,21,return,6,class->block->function->block->block_content->return,
2,117,rectangle_java2.jpg,rectangle_java2.jpg,1386859574,104,1097.5723076923075,510.56,1054.5,512,71,21,this.x1,7,class->block->function->block->block_content->return->expr->name->name->operator->name,
2,117,rectangle_java2.jpg,rectangle_java2.jpg,1387591582,144,1026.256111111111,510.3283333333334,958.5,512,71,21,this.x2,7,class->block->function->block->block_content->return->expr->name->name->operator->name->operator,
2,117,rectangle_java2.jpg,rectangle_java2.jpg,1387591582,144,1026.256111111111,510.3283333333334,1035.5,512,13,21,-,1,class->block->function->block->block_content->return->expr->name->name,
2,117,rectangle_java2.jpg,rectangle_java2.jpg,1387783605,120,963.1523333333332,505.5823333333333,958.5,512,71,21,this.x2,7,class->block->function->block->block_content->return->expr->name->name->operator->name->operator,
2,117,rectangle_java2.jpg,rectangle_java2.jpg,1388343449,120,1049.5306666666663,502.5426666666667,1054.5,512,71,21,this.x1,7,class->block->function->block->block_content->return->expr->name->name->operator->name,
2,117,rectangle_java2.jpg,rectangle_java2.jpg,1388439466,68,1044.5411764705882,541.1588235294117,1045.5,549,13,21,-,1,class->block->function->block->block_content->return->expr->operator,
2,117,rectangle_java2.jpg,rectangle_java2.jpg,1388543478,100,1043.8036,547.1216,1045.5,549,13,21,-,1,class->block->function->block->block_content->return->expr->operator,
2,117,rectangle_java2.jpg,rectangle_java2.jpg,1388671485,108,1137.734074074074,555.3148148148148,1142.5,549,10,21,;,1,class->block->function->block->block_content->return,
2,117,rectangle_java2.jpg,rectangle_java2.jpg,1388795516,120,1133.5243333333333,547.1983333333334,1064.5,549,71,21,this.y1,7,class->block->function->block->block_content->return->expr->name->name->operator->name,
2,117,rectangle_java2.jpg,rectangle_java2.jpg,1388795516,120,1133.5243333333333,547.1983333333334,1142.5,549,10,21,;,1,class->block->function->block->block_content->return,
2,117,rectangle_java2.jpg,rectangle_java2.jpg,1389019458,164,1060.5660975609755,542.5873170731708,1064.5,549,71,21,this.y1,7,class->block->function->block->block_content->return->expr->name->name->operator->name,
2,117,rectangle_java2.jpg,rectangle_java2.jpg,1389139431,92,919.5469565217392,529.6091304347826,891.5,512,62,21,return,6,class->block->function->block->block_content->return->expr->name->name,
2,117,rectangle_java2.jpg,rectangle_java2.jpg,1389211437,68,908.0017647058824,540.61,900.5,549,63,21,return,6,class->block->function->block->block_content->return,
2,117,rectangle_java2.jpg,rectangle_java2.jpg,1389527445,80,981.911,542.5635,968.5,549,70,21,this.y2,7,class->block->function->block->block_content->return->expr->name->name->operator->name,
2,117,rectangle_java2.jpg,rectangle_java2.jpg,1389683458,56,1078.1942857142858,554.5742857142857,1064.5,549,71,21,this.y1,7,class->block->function->block->block_content->return->expr->name->name->operator->name,
2,117,rectangle_java2.jpg,rectangle_java2.jpg,1390079287,60,1105.05,536.696,1064.5,549,71,21,this.y1,7,class->block->function->block->block_content->return->expr->name->name->operator->name,
2,117,rectangle_java2.jpg,rectangle_java2.jpg,1390187391,104,1112.4953846153846,545.2953846153846,1064.5,549,71,21,this.y1,7,class->block->function->block->block_content->return->expr->name->name->operator->name,
2,117,rectangle_java2.jpg,rectangle_java2.jpg,1390347269,116,1130.6244827586206,559.6410344827586,1064.5,549,71,21,this.y1,7,class->block->function->block->block_content->return->expr->name->name->operator->name,
2,117,rectangle_java2.jpg,rectangle_java2.jpg,1390347269,116,1130.6244827586206,559.6410344827586,1142.5,549,10,21,;,1,class->block->function->block->block_content->return,
2,117,rectangle_java2.jpg,rectangle_java2.jpg,1390447106,96,1123.3366666666666,548.4458333333333,1064.5,549,71,21,this.y1,7,class->block->function->block->block_content->return->expr->name->name->operator->name,
2,117,rectangle_java2.jpg,rectangle_java2.jpg,1390531130,80,1127.4265,550.266,1064.5,549,71,21,this.y1,7,class->block->function->block->block_content->return->expr->name->name->operator->name,
2,117,rectangle_java2.jpg,rectangle_java2.jpg,1390775367,208,1084.2344230769231,544.1305769230769,1064.5,549,71,21,this.y1,7,class->block->function->block->block_content->return->expr->name->name->operator->name,
2,117,rectangle_java2.jpg,rectangle_java2.jpg,1391011302,180,1052.2353333333333,537.2468888888889,1045.5,549,13,21,-,1,class->block->function->block->block_content->return->expr->operator,
2,117,rectangle_java2.jpg,rectangle_java2.jpg,1391011302,180,1052.2353333333333,537.2468888888889,1064.5,549,71,21,this.y1,7,class->block->function->block->block_content->return->expr->name->name->operator->name,
2,117,rectangle_java2.jpg,rectangle_java2.jpg,1391287330,264,1134.6812121212122,542.8837878787879,1064.5,549,71,21,this.y1,7,class->block->function->block->block_content->return->expr->name->name->operator->name,
2,117,rectangle_java2.jpg,rectangle_java2.jpg,1391287330,264,1134.6812121212122,542.8837878787879,1142.5,549,10,21,;,1,class->block->function->block->block_content->return,
2,117,rectangle_java2.jpg,rectangle_java2.jpg,1391447320,156,1130.664358974359,551.1120512820513,1064.5,549,71,21,this.y1,7,class->block->function->block->block_content->return->expr->name->name->operator->name,
2,117,rectangle_java2.jpg,rectangle_java2.jpg,1391447320,156,1130.664358974359,551.1120512820513,1142.5,549,10,21,;,1,class->block->function->block->block_content->return,
2,117,rectangle_java2.jpg,rectangle_java2.jpg,1391727324,100,840.5084,573.6524000000001,804.5,585,43,21,area,4,class->block->function->name,
2,117,rectangle_java2.jpg,rectangle_java2.jpg,1393847079,56,955.8071428571428,565.7221428571429,900.5,549,63,21,return,6,class->block->function->block->block_content->return,
2,117,rectangle_java2.jpg,rectangle_java2.jpg,1394619005,80,1076.3105,641.391,1074.5,621,10,21,),1,class->block->function->parameter_list,
2,117,rectangle_java2.jpg,rectangle_java2.jpg,1394727045,104,1080.3573076923076,647.2015384615385,1077.5,658,9,20,"""","""",1,class->block->function->block->block_content->decl_stmt->decl->init->expr->call->argument_list
2,117,rectangle_java2.jpg,rectangle_java2.jpg,1394799026,68,1084.5947058823529,648.2464705882353,1077.5,658,9,20,"""","""",1,class->block->function->block->block_content->decl_stmt->decl->init->expr->call->argument_list
2,117,rectangle_java2.jpg,rectangle_java2.jpg,1394799026,68,1084.5947058823529,648.2464705882353,1095.5,658,13,20,0,1,class->block->function->block->block_content->decl_stmt->decl->init->expr->call->argument_list->argument->expr->literal,
2,117,rectangle_java2.jpg,rectangle_java2.jpg,1395610790,64,1053.81875,640.000625,1025.5,621,42,21,args,4,class->block->function->parameter_list->parameter->decl->name,
2,117,rectangle_java2.jpg,rectangle_java2.jpg,1396522759,88,1168.86,661.0240909090909,1163.5,658,10,20,"""","""",1,class->block->function->block->block_content->decl_stmt->decl->init->expr->call->argument_list
2,117,rectangle_java2.jpg,rectangle_java2.jpg,1397122929,68,916.0141176470588,597.3141176470588,910.5,585,62,21,return,6,class->block->function->block->block_content->return,
2,117,rectangle_java2.jpg,rectangle_java2.jpg,1397318870,76,920.9936842105265,602.7573684210527,910.5,585,62,21,return,6,class->block->function->block->block_content->return,
2,117,rectangle_java2.jpg,rectangle_java2.jpg,1397430757,56,984.6014285714284,631.7135714285714,990.5,621,10,21,[,1,class->block->function->parameter_list->parameter->decl->type->name->index,
2,117,rectangle_java2.jpg,rectangle_java2.jpg,1397562749,64,985.668125,640.765625,990.5,621,10,21,[,1,class->block->function->parameter_list->parameter->decl->type->name->index,
2,117,rectangle_java2.jpg,rectangle_java2.jpg,1397862864,56,971.3292857142856,626.8478571428572,920.5,621,62,21,String,6,class->block->function->parameter_list->parameter->decl->type->name->name,
2,117,rectangle_java2.jpg,rectangle_java2.jpg,1398126777,216,968.2531481481482,639.2055555555555,920.5,621,62,21,String,6,class->block->function->parameter_list->parameter->decl->type->name->name,
2,117,rectangle_java2.jpg,rectangle_java2.jpg,1398262747,56,873.1628571428571,609.295,851.5,621,44,21,main,4,class->block->function->name,
2,117,rectangle_java2.jpg,rectangle_java2.jpg,1399182816,100,1105.0112,648.436,1095.5,658,13,20,0,1,class->block->function->block->block_content->decl_stmt->decl->init->expr->call->argument_list->argument->expr->literal,
2,117,rectangle_java2.jpg,rectangle_java2.jpg,1399182816,100,1105.0112,648.436,1115.5,658,10,20,"""","""",1,class->block->function->block->block_content->decl_stmt->decl->init->expr->call->argument_list
2,117,rectangle_java2.jpg,rectangle_java2.jpg,1399310734,108,1206.4514814814816,649.2774074074074,1211.5,658,9,20,),1,class->block->function->block->block_content->decl_stmt->decl->init->expr->call->argument_list,
2,117,rectangle_java2.jpg,rectangle_java2.jpg,1399678684,80,1119.089,648.5465,1115.5,658,10,20,"""","""",1,class->block->function->block->block_content->decl_stmt->decl->init->expr->call->argument_list
2,117,rectangle_java2.jpg,rectangle_java2.jpg,1401258612,80,924.54,704.6105,916.5,694,9,21,(,1,class->block->function->block->block_content->expr_stmt->expr->call->argument_list,
2,117,rectangle_java2.jpg,rectangle_java2.jpg,1401258612,80,924.54,704.6105,932.5,694,100,21,rect1.area,10,class->block->function->block->block_content->expr_stmt->expr->call->argument_list->argument->expr->call->name->name->operator->name,
2,117,rectangle_java2.jpg,rectangle_java2.jpg,1401362578,64,878.414375,698.1475,730.5,694,177,21,System.out.println,18,class->block->function->block->block_content->expr_stmt->expr->call->name->name->operator->name->operator->name,
2,117,rectangle_java2.jpg,rectangle_java2.jpg,1402138549,56,963.0121428571427,703.6957142857143,932.5,694,100,21,rect1.area,10,class->block->function->block->block_content->expr_stmt->expr->call->argument_list->argument->expr->call->name->name->operator->name,
2,117,rectangle_java2.jpg,rectangle_java2.jpg,1412117851,292,851.6758904109589,512.8305479452055,854.5,512,9,21,),1,class->block->function->parameter_list,
2,117,rectangle_java2.jpg,rectangle_java2.jpg,1412461957,84,790.0838095238096,455.9452380952381,730.5,440,71,21,this.y2,7,class->block->constructor->block->block_content->expr_stmt->expr->name->name->operator->name,
2,117,rectangle_java2.jpg,rectangle_java2.jpg,1412529684,64,786.583125,458.940625,730.5,440,71,21,this.y2,7,class->block->constructor->block->block_content->expr_stmt->expr->name->name->operator->name,
2,117,rectangle_java2.jpg,rectangle_java2.jpg,1412613622,80,809.292,458.7225000000001,806.5,440,15,21,=,1,class->block->constructor->block->block_content->expr_stmt->expr->operator,
2,117,rectangle_java2.jpg,rectangle_java2.jpg,1413413774,196,830.2777551020408,517.6114285714286,837.5,512,9,21,(,1,class->block->function->parameter_list,
2,117,rectangle_java2.jpg,rectangle_java2.jpg,1413613799,160,884.65875,576.72,893.5,585,10,21,{,1,class->block->function->block,
2,117,rectangle_java2.jpg,rectangle_java2.jpg,1413753850,136,890.6385294117647,611.37,851.5,621,44,21,main,4,class->block->function->name,
2,117,rectangle_java2.jpg,rectangle_java2.jpg,1413929763,128,952.1134375,620.0543749999999,920.5,621,62,21,String,6,class->block->function->parameter_list->parameter->decl->type->name->name,
2,117,rectangle_java2.jpg,rectangle_java2.jpg,1415149672,108,885.2455555555556,701.2959259259259,730.5,694,177,21,System.out.println,18,class->block->function->block->block_content->expr_stmt->expr->call->name->name->operator->name->operator->name,
2,117,rectangle_java2.jpg,rectangle_java2.jpg,1415229666,76,884.7936842105263,704.9326315789474,730.5,694,177,21,System.out.println,18,class->block->function->block->block_content->expr_stmt->expr->call->name->name->operator->name->operator->name,
2,117,rectangle_java2.jpg,rectangle_java2.jpg,1415309655,56,948.7371428571428,721.5428571428572,941.5,731,91,20,Rectangle,9,class->block->function->block->block_content->decl_stmt->decl->init->expr->call->name,
2,117,rectangle_java2.jpg,rectangle_java2.jpg,1415481606,168,960.3009523809524,724.942619047619,941.5,731,91,20,Rectangle,9,class->block->function->block->block_content->decl_stmt->decl->init->expr->call->name,
2,117,rectangle_java2.jpg,rectangle_java2.jpg,1415877632,72,809.07,695.3644444444444,730.5,694,177,21,System.out.println,18,class->block->function->block->block_content->expr_stmt->expr->call->name->name->operator->name->operator->name,
2,117,rectangle_java2.jpg,rectangle_java2.jpg,1416328860,64,846.596875,585.750625,804.5,585,43,21,area,4,class->block->function->name,
2,117,rectangle_java2.jpg,rectangle_java2.jpg,1416328860,64,846.596875,585.750625,856.5,585,9,21,(,1,class->block->function->parameter_list,
2,117,rectangle_java2.jpg,rectangle_java2.jpg,1416418767,84,852.1638095238095,585.8833333333333,856.5,585,9,21,(,1,class->block->function->parameter_list,
2,117,rectangle_java2.jpg,rectangle_java2.jpg,1416873533,68,922.5,573.2294117647059,910.5,585,62,21,return,6,class->block->function->block->block_content->return,
2,117,rectangle_java2.jpg,rectangle_java2.jpg,1420635859,96,768.7191666666666,768.95375,730.5,766,177,21,System.out.println,18,class->block->function->block->block_content->expr_stmt->expr->call->name->name->operator->name->operator->name,
2,117,rectangle_java2.jpg,rectangle_java2.jpg,1420815817,176,767.824090909091,767.9563636363637,730.5,766,177,21,System.out.println,18,class->block->function->block->block_content->expr_stmt->expr->call->name->name->operator->name->operator->name,
2,117,rectangle_java2.jpg,rectangle_java2.jpg,1421011645,132,813.2875757575757,784.0745454545455,730.5,766,177,21,System.out.println,18,class->block->function->block->block_content->expr_stmt->expr->call->name->name->operator->name->operator->name,
2,117,rectangle_java2.jpg,rectangle_java2.jpg,1421423684,80,785.862,747.907,730.5,731,91,20,Rectangle,9,class->block->function->block->block_content->decl_stmt->decl->type->name,
2,117,rectangle_java2.jpg,rectangle_java2.jpg,1421511716,56,818.335,760.8435714285714,730.5,766,177,21,System.out.println,18,class->block->function->block->block_content->expr_stmt->expr->call->name->name->operator->name->operator->name,
2,117,rectangle_java2.jpg,rectangle_java2.jpg,1421631707,116,824.5058620689655,762.6479310344828,730.5,766,177,21,System.out.println,18,class->block->function->block->block_content->expr_stmt->expr->call->name->name->operator->name->operator->name,
2,117,rectangle_java2.jpg,rectangle_java2.jpg,1422807729,60,838.1333333333333,321.99666666666667,826.5,331,23,19,x1,2,class->block->constructor->block->block_content->expr_stmt->expr->name->name,
2,117,rectangle_java2.jpg,rectangle_java2.jpg,1422971739,160,840.58725,325.81875,826.5,331,23,19,x1,2,class->block->constructor->block->block_content->expr_stmt->expr->name->name,
2,117,rectangle_java2.jpg,rectangle_java2.jpg,1423079727,104,830.4884615384615,335.86615384615385,826.5,331,23,19,x1,2,class->block->constructor->block->block_content->expr_stmt->expr->name->name,
2,117,rectangle_java2.jpg,rectangle_java2.jpg,1423395604,80,814.788,339.08050000000003,806.5,331,15,19,=,1,class->block->constructor->block->block_content->expr_stmt->expr->operator,
2,117,rectangle_java2.jpg,rectangle_java2.jpg,1423395604,80,814.788,339.08050000000003,826.5,331,23,19,x1,2,class->block->constructor->block->block_content->expr_stmt->expr->name->name,
2,117,rectangle_java2.jpg,rectangle_java2.jpg,1423467604,68,814.765294117647,345.5417647058824,806.5,331,15,19,=,1,class->block->constructor->block->block_content->expr_stmt->expr->operator,
2,117,rectangle_java2.jpg,rectangle_java2.jpg,1423467604,68,814.765294117647,345.5417647058824,826.5,331,23,19,x1,2,class->block->constructor->block->block_content->expr_stmt->expr->name->name,
2,117,rectangle_java2.jpg,rectangle_java2.jpg,1423827838,128,871.235,298.289375,853.5,295,32,21,int,3,class->block->constructor->parameter_list->parameter->decl->type->name,
2,117,rectangle_java2.jpg,rectangle_java2.jpg,1423903730,72,864.1488888888889,306.4811111111111,853.5,295,32,21,int,3,class->block->constructor->parameter_list->parameter->decl->type->name,
2,117,rectangle_java2.jpg,rectangle_java2.jpg,1423963648,56,862.1964285714286,319.7607142857143,856.5,331,10,19,;,1,class->block->constructor->block->block_content->expr_stmt,
2,117,rectangle_java2.jpg,rectangle_java2.jpg,1428507367,100,837.336,459.27,826.5,440,23,21,y2,2,class->block->constructor->block->block_content->expr_stmt->expr->name->name,
2,117,rectangle_java2.jpg,rectangle_java2.jpg,1428587323,64,830.5806249999999,532.836875,837.5,512,9,21,(,1,class->block->function->parameter_list,
2,117,rectangle_java2.jpg,rectangle_java2.jpg,1428675282,84,832.0385714285715,540.13,775.5,549,62,21,height,6,class->block->function->name,
2,117,rectangle_java2.jpg,rectangle_java2.jpg,1428843232,72,822.3516666666667,451.8794444444445,826.5,440,23,21,y2,2,class->block->constructor->block->block_content->expr_stmt->expr->name->name,
2,117,rectangle_java2.jpg,rectangle_java2.jpg,1432430931,136,858.1761764705882,372.8744117647059,856.5,367,10,21,;,1,class->block->constructor->block->block_content->expr_stmt,
2,117,rectangle_java2.jpg,rectangle_java2.jpg,1432494870,60,850.942,364.586,856.5,367,10,21,;,1,class->block->constructor->block->block_content->expr_stmt,
2,117,rectangle_java2.jpg,rectangle_java2.jpg,1432827031,216,844.1670370370371,320.1698148148148,826.5,331,23,19,x1,2,class->block->constructor->block->block_content->expr_stmt->expr->name->name,
2,117,rectangle_java2.jpg,rectangle_java2.jpg,1432827031,216,844.1670370370371,320.1698148148148,856.5,331,10,19,;,1,class->block->constructor->block->block_content->expr_stmt,
2,117,rectangle_java2.jpg,rectangle_java2.jpg,1433035001,124,802.0506451612903,336.62129032258065,806.5,331,15,19,=,1,class->block->constructor->block->block_content->expr_stmt->expr->operator,
2,117,rectangle_java2.jpg,rectangle_java2.jpg,1433958949,140,802.694,220.99542857142853,715.5,222,90,21,Rectangle,9,class->name,
2,117,rectangle_java2.jpg,rectangle_java2.jpg,1433958949,140,802.694,220.99542857142853,813.5,222,10,21,{,1,class->block,
2,117,rectangle_java2.jpg,rectangle_java2.jpg,1434090966,68,1094.0664705882352,563.01,1064.5,549,71,21,this.y1,7,class->block->function->block->block_content->return->expr->name->name->operator->name,
2,117,rectangle_java2.jpg,rectangle_java2.jpg,1434470694,152,1131.985,520.5502631578947,1132.5,512,10,21,;,1,class->block->function->block,
2,117,rectangle_java2.jpg,rectangle_java2.jpg,1438090622,96,1132.9525,567.19875,1064.5,549,71,21,this.y1,7,class->block->function->block->block_content->return->expr->name->name->operator->name,
2,117,rectangle_java2.jpg,rectangle_java2.jpg,1438090622,96,1132.9525,567.19875,1142.5,549,10,21,;,1,class->block->function->block->block_content->return,
2,117,rectangle_java2.jpg,rectangle_java2.jpg,1438198517,68,922.9505882352942,552.1288235294118,900.5,549,63,21,return,6,class->block->function->block->block_content->return,
2,117,rectangle_java2.jpg,rectangle_java2.jpg,1438270536,68,917.944705882353,561.8223529411765,900.5,549,63,21,return,6,class->block->function->block->block_content->return,
2,117,rectangle_java2.jpg,rectangle_java2.jpg,1438346569,72,914.7916666666666,555.7616666666667,900.5,549,63,21,return,6,class->block->function->block->block_content->return,
2,117,rectangle_java2.jpg,rectangle_java2.jpg,1438526577,100,864.1468,548.8264,863.5,549,9,21,),1,class->block->function->parameter_list,
2,117,rectangle_java2.jpg,rectangle_java2.jpg,1438622560,56,934.2035714285714,541.3164285714286,900.5,549,63,21,return,6,class->block->function->block->block_content->return,
2,117,rectangle_java2.jpg,rectangle_java2.jpg,1438690533,64,939.741875,542.488125,900.5,549,63,21,return,6,class->block->function->block->block_content->return,
2,117,rectangle_java2.jpg,rectangle_java2.jpg,1440170285,84,1051.67,551.8271428571429,1045.5,549,13,21,-,1,class->block->function->block->block_content->return->expr->operator,
2,117,rectangle_java2.jpg,rectangle_java2.jpg,1440278342,72,1168.9283333333333,574.5994444444444,1140.5,585,110,21,this.height,11,class->block->function->block->block_content->return->expr->call->name->name->operator->name,
2,117,rectangle_java2.jpg,rectangle_java2.jpg,1440350368,68,1166.394117647059,566.0017647058824,1161.5,549,10,21,},1,class->block->function->block,
2,117,rectangle_java2.jpg,rectangle_java2.jpg,1440446391,56,1169.7071428571428,566.7371428571429,1161.5,549,10,21,},1,class->block->function->block,
2,117,rectangle_java2.jpg,rectangle_java2.jpg,1440622470,56,1079.206428571429,563.5621428571428,1064.5,549,71,21,this.y1,7,class->block->function->block->block_content->return->expr->name->name->operator->name,
2,117,rectangle_java2.jpg,rectangle_java2.jpg,1440702481,76,1084.1273684210526,567.2668421052632,1064.5,549,71,21,this.y1,7,class->block->function->block->block_content->return->expr->name->name->operator->name,
2,117,rectangle_java2.jpg,rectangle_java2.jpg,1440762472,56,1087.007142857143,572.9371428571428,1086.5,585,10,21,(,1,class->block->function->block->block_content->return->expr->call->argument_list,
2,117,rectangle_java2.jpg,rectangle_java2.jpg,1440870448,104,1097.2723076923078,575.9561538461538,1103.5,585,9,21,),1,class->block->function->block->block_content->return->expr->call->argument_list,
2,117,rectangle_java2.jpg,rectangle_java2.jpg,1441026438,56,869.9142857142857,267.19714285714286,863.5,259,10,21,"""","""",1,class->block->decl_stmt
2,117,rectangle_java2.jpg,rectangle_java2.jpg,1441026438,56,869.9142857142857,267.19714285714286,881.5,259,23,21,x2,2,class->block->decl_stmt->decl->name,
2,117,rectangle_java2.jpg,rectangle_java2.jpg,1441218491,144,867.9227777777778,256.4197222222222,863.5,259,10,21,"""","""",1,class->block->decl_stmt
2,117,rectangle_java2.jpg,rectangle_java2.jpg,1441398431,60,927.7813333333334,313.9193333333333,921.5,295,9,21,"""","""",1,class->block->constructor->parameter_list
2,117,rectangle_java2.jpg,rectangle_java2.jpg,1441398431,60,927.7813333333334,313.9193333333333,939.5,295,33,21,int,3,class->block->constructor->parameter_list->parameter->decl->type->name,
2,117,rectangle_java2.jpg,rectangle_java2.jpg,1441722388,116,840.64,355.4755172413793,826.5,367,23,21,y1,2,class->block->constructor->block->block_content->expr_stmt->expr->name->name,
2,117,rectangle_java2.jpg,rectangle_java2.jpg,1442230317,56,1193.0785714285714,596.1892857142857,1140.5,585,110,21,this.height,11,class->block->function->block->block_content->return->expr->call->name->name->operator->name,
2,117,rectangle_java2.jpg,rectangle_java2.jpg,1445082151,84,779.4219047619048,523.2928571428572,775.5,512,53,21,width,5,class->block->function->name,
2,117,rectangle_java2.jpg,rectangle_java2.jpg,1446254059,272,818.5536764705882,453.2064705882353,806.5,440,15,21,=,1,class->block->constructor->block->block_content->expr_stmt->expr->operator,
2,117,rectangle_java2.jpg,rectangle_java2.jpg,1446254059,272,818.5536764705882,453.2064705882353,826.5,440,23,21,y2,2,class->block->constructor->block->block_content->expr_stmt->expr->name->name,
2,117,rectangle_java2.jpg,rectangle_java2.jpg,1447050124,184,786.0669565217391,340.86434782608694,730.5,331,71,19,this.x1,7,class->block->constructor->block->block_content->expr_stmt->expr->name->name->operator->name,
