trial,participant,code_file,code_language,timestamp,duration,x_cord,y_cord,aoi_x,aoi_y,aoi_width,aoi_height,token,length,srcML,
2,126,rectangle_java2.jpg,rectangle_java2.jpg,11449334067,100,804.8984,448.114,806.5,440,15,21,=,1,class->block->constructor->block->block_content->expr_stmt->expr->operator,
2,126,rectangle_java2.jpg,rectangle_java2.jpg,11452039167,76,795.0331578947369,218.92052631578952,715.5,222,90,21,Rectangle,9,class->name,
2,126,rectangle_java2.jpg,rectangle_java2.jpg,11452227351,184,792.1850000000001,213.58500000000004,715.5,222,90,21,Rectangle,9,class->name,
2,126,rectangle_java2.jpg,rectangle_java2.jpg,11452347401,96,752.1975,210.66583333333332,715.5,222,90,21,Rectangle,9,class->name,
2,126,rectangle_java2.jpg,rectangle_java2.jpg,11453343305,88,797.1218181818182,218.91681818181812,715.5,222,90,21,Rectangle,9,class->name,
2,126,rectangle_java2.jpg,rectangle_java2.jpg,11453459286,112,786.9464285714286,215.6725,715.5,222,90,21,Rectangle,9,class->name,
2,126,rectangle_java2.jpg,rectangle_java2.jpg,11453627302,60,755.0813333333333,210.858,715.5,222,90,21,Rectangle,9,class->name,
2,126,rectangle_java2.jpg,rectangle_java2.jpg,11453727244,96,745.0704166666667,209.71625,715.5,222,90,21,Rectangle,9,class->name,
2,126,rectangle_java2.jpg,rectangle_java2.jpg,11454515184,88,887.8218181818182,265.4186363636364,881.5,259,23,21,x2,2,class->block->decl_stmt->decl->name,
2,126,rectangle_java2.jpg,rectangle_java2.jpg,11454579192,60,890.8633333333333,274.33933333333334,881.5,259,23,21,x2,2,class->block->decl_stmt->decl->name,
2,126,rectangle_java2.jpg,rectangle_java2.jpg,11454719212,116,753.2910344827586,262.11827586206897,747.5,259,33,21,int,3,class->block->decl_stmt->decl->type->name,
2,126,rectangle_java2.jpg,rectangle_java2.jpg,11454807219,84,760.4138095238095,261.0909523809524,747.5,259,33,21,int,3,class->block->decl_stmt->decl->type->name,
2,126,rectangle_java2.jpg,rectangle_java2.jpg,11454867212,56,828.0435714285715,257.40714285714284,833.5,259,23,21,y1,2,class->block->decl_stmt->decl->name,
2,126,rectangle_java2.jpg,rectangle_java2.jpg,11455031181,64,835.785625,263.763125,833.5,259,23,21,y1,2,class->block->decl_stmt->decl->name,
2,126,rectangle_java2.jpg,rectangle_java2.jpg,11455235142,132,738.7569696969697,254.9884848484849,669.5,259,72,21,private,7,class->block->decl_stmt->decl->type->specifier,
2,126,rectangle_java2.jpg,rectangle_java2.jpg,11455235142,132,738.7569696969697,254.9884848484849,747.5,259,33,21,int,3,class->block->decl_stmt->decl->type->name,
2,126,rectangle_java2.jpg,rectangle_java2.jpg,11455427177,188,742.3425531914894,267.30042553191487,747.5,259,33,21,int,3,class->block->decl_stmt->decl->type->name,
2,126,rectangle_java2.jpg,rectangle_java2.jpg,11455543186,88,780.305909090909,241.9536363636364,715.5,222,90,21,Rectangle,9,class->name,
2,126,rectangle_java2.jpg,rectangle_java2.jpg,11455615191,68,785.8170588235294,247.34764705882355,785.5,259,23,21,x1,2,class->block->decl_stmt->decl->name,
2,126,rectangle_java2.jpg,rectangle_java2.jpg,11455778947,160,783.939,238.55775,715.5,222,90,21,Rectangle,9,class->name,
2,126,rectangle_java2.jpg,rectangle_java2.jpg,11455910935,128,807.1075,239.4015625,813.5,222,10,21,{,1,class->block,
2,126,rectangle_java2.jpg,rectangle_java2.jpg,11456039052,124,802.943870967742,253.57516129032257,785.5,259,23,21,x1,2,class->block->decl_stmt->decl->name,
2,126,rectangle_java2.jpg,rectangle_java2.jpg,11456207026,120,898.557,247.99866666666665,881.5,259,23,21,x2,2,class->block->decl_stmt->decl->name,
2,126,rectangle_java2.jpg,rectangle_java2.jpg,11457982931,116,840.1593103448276,293.25,837.5,295,9,21,(,1,class->block->constructor->parameter_list,
2,126,rectangle_java2.jpg,rectangle_java2.jpg,11458050943,64,842.8325,291.954375,837.5,295,9,21,(,1,class->block->constructor->parameter_list,
2,126,rectangle_java2.jpg,rectangle_java2.jpg,11458050943,64,842.8325,291.954375,853.5,295,32,21,int,3,class->block->constructor->parameter_list->parameter->decl->type->name,
2,126,rectangle_java2.jpg,rectangle_java2.jpg,11458138943,84,838.4414285714286,295.52714285714285,837.5,295,9,21,(,1,class->block->constructor->parameter_list,
2,126,rectangle_java2.jpg,rectangle_java2.jpg,11458342942,164,896.6863414634146,284.42317073170733,890.5,295,24,21,x1,2,class->block->constructor->parameter_list->parameter->decl->type->name,
2,126,rectangle_java2.jpg,rectangle_java2.jpg,11458438940,72,849.8366666666667,331.35277777777776,856.5,331,10,19,;,1,class->block->constructor->block->block_content->expr_stmt,
2,126,rectangle_java2.jpg,rectangle_java2.jpg,11458830853,160,843.59475,328.075,826.5,331,23,19,x1,2,class->block->constructor->block->block_content->expr_stmt->expr->name->name,
2,126,rectangle_java2.jpg,rectangle_java2.jpg,11459110905,84,864.707619047619,375.72761904761904,856.5,367,10,21,;,1,class->block->constructor->block->block_content->expr_stmt,
2,126,rectangle_java2.jpg,rectangle_java2.jpg,11459198931,84,860.5342857142857,377.6,856.5,367,10,21,;,1,class->block->constructor->block->block_content->expr_stmt,
2,126,rectangle_java2.jpg,rectangle_java2.jpg,11460338696,120,844.9436666666667,400.51933333333335,826.5,404,23,19,x2,2,class->block->constructor->block->block_content->expr_stmt->expr->name->name,
2,126,rectangle_java2.jpg,rectangle_java2.jpg,11460338696,120,844.9436666666667,400.51933333333335,856.5,404,10,19,;,1,class->block->constructor->block->block_content->expr_stmt,
2,126,rectangle_java2.jpg,rectangle_java2.jpg,11460830844,128,863.7546875,444.4187500000001,856.5,440,10,21,;,1,class->block->constructor->block->block_content->expr_stmt,
2,126,rectangle_java2.jpg,rectangle_java2.jpg,11461042795,108,861.8481481481481,525.1377777777778,854.5,512,9,21,),1,class->block->function->parameter_list,
2,126,rectangle_java2.jpg,rectangle_java2.jpg,11461254793,128,834.973125,532.2515625,837.5,512,9,21,(,1,class->block->function->parameter_list,
2,126,rectangle_java2.jpg,rectangle_java2.jpg,11461326788,68,826.3511764705883,530.1923529411765,775.5,512,53,21,width,5,class->block->function->name,
2,126,rectangle_java2.jpg,rectangle_java2.jpg,11461326788,68,826.3511764705883,530.1923529411765,837.5,512,9,21,(,1,class->block->function->parameter_list,
2,126,rectangle_java2.jpg,rectangle_java2.jpg,11461774654,80,998.1105,510.627,958.5,512,71,21,this.x2,7,class->block->function->block->block_content->return->expr->name->name->operator->name->operator,
2,126,rectangle_java2.jpg,rectangle_java2.jpg,11462118635,64,996.87875,508.3575000000001,958.5,512,71,21,this.x2,7,class->block->function->block->block_content->return->expr->name->name->operator->name->operator,
2,126,rectangle_java2.jpg,rectangle_java2.jpg,11462190659,68,996.2276470588235,527.1364705882353,958.5,512,71,21,this.x2,7,class->block->function->block->block_content->return->expr->name->name->operator->name->operator,
2,126,rectangle_java2.jpg,rectangle_java2.jpg,11462350683,120,951.7656666666668,550.5046666666667,900.5,549,63,21,return,6,class->block->function->block->block_content->return,
2,126,rectangle_java2.jpg,rectangle_java2.jpg,11462418681,64,951.22,552.165,900.5,549,63,21,return,6,class->block->function->block->block_content->return,
2,126,rectangle_java2.jpg,rectangle_java2.jpg,11462646654,96,890.7491666666667,556.395,883.5,549,10,21,{,1,class->block->function->block,
2,126,rectangle_java2.jpg,rectangle_java2.jpg,11462646654,96,890.7491666666667,556.395,900.5,549,63,21,return,6,class->block->function->block->block_content->return,
2,126,rectangle_java2.jpg,rectangle_java2.jpg,11462770685,88,977.1240909090908,546.0913636363637,968.5,549,70,21,this.y2,7,class->block->function->block->block_content->return->expr->name->name->operator->name,
2,126,rectangle_java2.jpg,rectangle_java2.jpg,11462874689,100,977.9588,545.6584,968.5,549,70,21,this.y2,7,class->block->function->block->block_content->return->expr->name->name->operator->name,
2,126,rectangle_java2.jpg,rectangle_java2.jpg,11463082678,136,1026.7802941176471,553.5244117647059,968.5,549,70,21,this.y2,7,class->block->function->block->block_content->return->expr->name->name->operator->name,
2,126,rectangle_java2.jpg,rectangle_java2.jpg,11463194672,108,1040.171111111111,551.9881481481482,1045.5,549,13,21,-,1,class->block->function->block->block_content->return->expr->operator,
2,126,rectangle_java2.jpg,rectangle_java2.jpg,11463754411,76,894.2078947368421,579.9973684210527,893.5,585,10,21,{,1,class->block->function->block,
2,126,rectangle_java2.jpg,rectangle_java2.jpg,11463866480,88,951.3018181818182,559.4331818181818,900.5,549,63,21,return,6,class->block->function->block->block_content->return,
2,126,rectangle_java2.jpg,rectangle_java2.jpg,11463938503,68,950.17,573.1858823529412,910.5,585,62,21,return,6,class->block->function->block->block_content->return,
2,126,rectangle_java2.jpg,rectangle_java2.jpg,11464154512,124,1037.078387096774,563.5138709677419,968.5,549,70,21,this.y2,7,class->block->function->block->block_content->return->expr->name->name->operator->name,
2,126,rectangle_java2.jpg,rectangle_java2.jpg,11464154512,124,1037.078387096774,563.5138709677419,1045.5,549,13,21,-,1,class->block->function->block->block_content->return->expr->operator,
2,126,rectangle_java2.jpg,rectangle_java2.jpg,11464238519,80,1051.889,575.7815,977.5,585,101,21,this.width,10,class->block->function->block->block_content->return->expr->call->name->name->operator->name,
2,126,rectangle_java2.jpg,rectangle_java2.jpg,11464422543,180,1051.348222222222,561.112,1045.5,549,13,21,-,1,class->block->function->block->block_content->return->expr->operator,
2,126,rectangle_java2.jpg,rectangle_java2.jpg,11464502520,76,1031.7405263157896,567.8510526315789,968.5,549,70,21,this.y2,7,class->block->function->block->block_content->return->expr->name->name->operator->name,
2,126,rectangle_java2.jpg,rectangle_java2.jpg,11464562502,56,1020.8164285714286,580.265,977.5,585,101,21,this.width,10,class->block->function->block->block_content->return->expr->call->name->name->operator->name,
2,126,rectangle_java2.jpg,rectangle_java2.jpg,11464886533,60,1031.1426666666666,531.3533333333334,1035.5,512,13,21,-,1,class->block->function->block->block_content->return->expr->name->name,
2,126,rectangle_java2.jpg,rectangle_java2.jpg,11465018577,128,1034.76,521.58125,1035.5,512,13,21,-,1,class->block->function->block->block_content->return->expr->name->name,
2,126,rectangle_java2.jpg,rectangle_java2.jpg,11465102547,64,955.375,531.95,958.5,512,71,21,this.x2,7,class->block->function->block->block_content->return->expr->name->name->operator->name->operator,
2,126,rectangle_java2.jpg,rectangle_java2.jpg,11465278471,112,867.7507142857143,567.4389285714286,863.5,549,9,21,),1,class->block->function->parameter_list,
2,126,rectangle_java2.jpg,rectangle_java2.jpg,11465446390,164,876.409756097561,554.2436585365854,883.5,549,10,21,{,1,class->block->function->block,
2,126,rectangle_java2.jpg,rectangle_java2.jpg,11465582415,84,960.314761904762,575.7361904761905,910.5,585,62,21,return,6,class->block->function->block->block_content->return,
2,126,rectangle_java2.jpg,rectangle_java2.jpg,11465694406,108,959.605925925926,583.0548148148148,910.5,585,62,21,return,6,class->block->function->block->block_content->return,
2,126,rectangle_java2.jpg,rectangle_java2.jpg,11465902393,64,1056.593125,553.45,1045.5,549,13,21,-,1,class->block->function->block->block_content->return->expr->operator,
2,126,rectangle_java2.jpg,rectangle_java2.jpg,11465902393,64,1056.593125,553.45,1064.5,549,71,21,this.y1,7,class->block->function->block->block_content->return->expr->name->name->operator->name,
2,126,rectangle_java2.jpg,rectangle_java2.jpg,11466094455,116,1153.6627586206896,578.5637931034482,1140.5,585,110,21,this.height,11,class->block->function->block->block_content->return->expr->call->name->name->operator->name,
2,126,rectangle_java2.jpg,rectangle_java2.jpg,11466514392,176,1130.8204545454546,556.0145454545454,1064.5,549,71,21,this.y1,7,class->block->function->block->block_content->return->expr->name->name->operator->name,
2,126,rectangle_java2.jpg,rectangle_java2.jpg,11466514392,176,1130.8204545454546,556.0145454545454,1142.5,549,10,21,;,1,class->block->function->block->block_content->return,
2,126,rectangle_java2.jpg,rectangle_java2.jpg,11466870364,156,901.8261538461538,612.1764102564102,904.5,621,9,21,(,1,class->block->function->parameter_list,
2,126,rectangle_java2.jpg,rectangle_java2.jpg,11466946348,72,907.3944444444444,615.5972222222222,904.5,621,9,21,(,1,class->block->function->parameter_list,
2,126,rectangle_java2.jpg,rectangle_java2.jpg,11467222346,100,1088.332,604.8316,1086.5,585,10,21,(,1,class->block->function->block->block_content->return->expr->call->argument_list,
2,126,rectangle_java2.jpg,rectangle_java2.jpg,11467294270,68,1098.378823529412,612.8641176470588,1094.5,621,10,21,{,1,class->block->function->block,
2,126,rectangle_java2.jpg,rectangle_java2.jpg,11467446050,104,1090.1438461538462,622.395,1094.5,621,10,21,{,1,class->block->function->block,
2,126,rectangle_java2.jpg,rectangle_java2.jpg,11467682236,144,875.2608333333334,632.8705555555556,851.5,621,44,21,main,4,class->block->function->name,
2,126,rectangle_java2.jpg,rectangle_java2.jpg,11467842314,104,833.3623076923077,648.0588461538462,826.5,658,52,20,rect1,5,class->block->function->block->block_content->decl_stmt->decl->name,
2,126,rectangle_java2.jpg,rectangle_java2.jpg,11467918290,72,833.0961111111111,650.7966666666666,826.5,658,52,20,rect1,5,class->block->function->block->block_content->decl_stmt->decl->name,
2,126,rectangle_java2.jpg,rectangle_java2.jpg,11468114228,156,901.4320512820512,689.7774358974359,730.5,694,177,21,System.out.println,18,class->block->function->block->block_content->expr_stmt->expr->call->name->name->operator->name->operator->name,
2,126,rectangle_java2.jpg,rectangle_java2.jpg,11468470288,96,1124.0845833333333,671.39625,1115.5,658,10,20,"""","""",1,class->block->function->block->block_content->decl_stmt->decl->init->expr->call->argument_list
2,126,rectangle_java2.jpg,rectangle_java2.jpg,11468470288,96,1124.0845833333333,671.39625,1134.5,658,22,20,10,2,class->block->function->block->block_content->decl_stmt->decl->init->expr->call->argument_list->argument->expr->literal,
2,126,rectangle_java2.jpg,rectangle_java2.jpg,11468558262,84,1125.8638095238096,664.0880952380952,1134.5,658,22,20,10,2,class->block->function->block->block_content->decl_stmt->decl->init->expr->call->argument_list->argument->expr->literal,
2,126,rectangle_java2.jpg,rectangle_java2.jpg,11468842206,264,1224.6845454545455,660.8792424242424,1231.5,658,10,20,;,1,class->block->function->block->block_content->decl_stmt,
2,126,rectangle_java2.jpg,rectangle_java2.jpg,11468938213,72,1043.795,583.4772222222223,977.5,585,101,21,this.width,10,class->block->function->block->block_content->return->expr->call->name->name->operator->name,
2,126,rectangle_java2.jpg,rectangle_java2.jpg,11469170267,188,1049.352340425532,569.4710638297872,1045.5,549,13,21,-,1,class->block->function->block->block_content->return->expr->operator,
2,126,rectangle_java2.jpg,rectangle_java2.jpg,11469582139,56,1042.7371428571428,547.9707142857143,1045.5,549,13,21,-,1,class->block->function->block->block_content->return->expr->operator,
2,126,rectangle_java2.jpg,rectangle_java2.jpg,11469746137,68,902.3076470588236,685.7,730.5,694,177,21,System.out.println,18,class->block->function->block->block_content->expr_stmt->expr->call->name->name->operator->name->operator->name,
2,126,rectangle_java2.jpg,rectangle_java2.jpg,11469846129,96,893.8033333333334,687.0675,730.5,694,177,21,System.out.println,18,class->block->function->block->block_content->expr_stmt->expr->call->name->name->operator->name->operator->name,
2,126,rectangle_java2.jpg,rectangle_java2.jpg,11470058119,160,843.73525,770.43575,730.5,766,177,21,System.out.println,18,class->block->function->block->block_content->expr_stmt->expr->call->name->name->operator->name->operator->name,
2,126,rectangle_java2.jpg,rectangle_java2.jpg,11470122124,60,843.8706666666667,750.976,826.5,731,51,20,rect2,5,class->block->function->block->block_content->decl_stmt->decl->name,
2,126,rectangle_java2.jpg,rectangle_java2.jpg,11470226133,64,893.05625,747.408125,883.5,731,15,20,=,1,class->block->function->block->block_content->decl_stmt->decl->init,
2,126,rectangle_java2.jpg,rectangle_java2.jpg,11470226133,64,893.05625,747.408125,902.5,731,34,20,new,3,class->block->function->block->block_content->decl_stmt->decl->init->expr->operator,
2,126,rectangle_java2.jpg,rectangle_java2.jpg,11470310136,80,894.9575,760.3065,730.5,766,177,21,System.out.println,18,class->block->function->block->block_content->expr_stmt->expr->call->name->name->operator->name->operator->name,
2,126,rectangle_java2.jpg,rectangle_java2.jpg,11470426169,76,945.3947368421052,760.358947368421,932.5,766,100,21,rect2.area,10,class->block->function->block->block_content->expr_stmt->expr->call->argument_list->argument->expr->call->name->name->operator->name,
2,126,rectangle_java2.jpg,rectangle_java2.jpg,11470490174,60,938.0593333333334,741.5713333333333,941.5,731,91,20,Rectangle,9,class->block->function->block->block_content->decl_stmt->decl->init->expr->call->name,
2,126,rectangle_java2.jpg,rectangle_java2.jpg,11470582145,88,948.6527272727272,753.7686363636363,932.5,766,100,21,rect2.area,10,class->block->function->block->block_content->expr_stmt->expr->call->argument_list->argument->expr->call->name->name->operator->name,
2,126,rectangle_java2.jpg,rectangle_java2.jpg,11470666120,64,813.87375,756.56375,730.5,766,177,21,System.out.println,18,class->block->function->block->block_content->expr_stmt->expr->call->name->name->operator->name->operator->name,
2,126,rectangle_java2.jpg,rectangle_java2.jpg,11470774092,104,820.9711538461538,748.3130769230769,730.5,731,91,20,Rectangle,9,class->block->function->block->block_content->decl_stmt->decl->type->name,
2,126,rectangle_java2.jpg,rectangle_java2.jpg,11470774092,104,820.9711538461538,748.3130769230769,826.5,731,51,20,rect2,5,class->block->function->block->block_content->decl_stmt->decl->name,
2,126,rectangle_java2.jpg,rectangle_java2.jpg,11471054080,112,897.7610714285714,741.52,883.5,731,15,20,=,1,class->block->function->block->block_content->decl_stmt->decl->init,
2,126,rectangle_java2.jpg,rectangle_java2.jpg,11471054080,112,897.7610714285714,741.52,902.5,731,34,20,new,3,class->block->function->block->block_content->decl_stmt->decl->init->expr->operator,
2,126,rectangle_java2.jpg,rectangle_java2.jpg,11482297360,152,879.1028947368421,314.1852631578947,853.5,295,32,21,int,3,class->block->constructor->parameter_list->parameter->decl->type->name,
2,126,rectangle_java2.jpg,rectangle_java2.jpg,11482297360,152,879.1028947368421,314.1852631578947,890.5,295,24,21,x1,2,class->block->constructor->parameter_list->parameter->decl->type->name,
2,126,rectangle_java2.jpg,rectangle_java2.jpg,11482493327,192,859.2854166666666,293.828125,853.5,295,32,21,int,3,class->block->constructor->parameter_list->parameter->decl->type->name,
2,126,rectangle_java2.jpg,rectangle_java2.jpg,11482585335,88,843.9272727272727,298.0440909090909,837.5,295,9,21,(,1,class->block->constructor->parameter_list,
2,126,rectangle_java2.jpg,rectangle_java2.jpg,11482585335,88,843.9272727272727,298.0440909090909,853.5,295,32,21,int,3,class->block->constructor->parameter_list->parameter->decl->type->name,
2,126,rectangle_java2.jpg,rectangle_java2.jpg,11482785218,172,852.1067441860465,331.8393023255814,856.5,331,10,19,;,1,class->block->constructor->block->block_content->expr_stmt,
2,126,rectangle_java2.jpg,rectangle_java2.jpg,11482849128,60,848.2853333333334,329.47133333333335,826.5,331,23,19,x1,2,class->block->constructor->block->block_content->expr_stmt->expr->name->name,
2,126,rectangle_java2.jpg,rectangle_java2.jpg,11482849128,60,848.2853333333334,329.47133333333335,856.5,331,10,19,;,1,class->block->constructor->block->block_content->expr_stmt,
2,126,rectangle_java2.jpg,rectangle_java2.jpg,11483005100,72,873.7733333333333,309.41,853.5,295,32,21,int,3,class->block->constructor->parameter_list->parameter->decl->type->name,
2,126,rectangle_java2.jpg,rectangle_java2.jpg,11484353202,156,839.8384615384615,368.85128205128206,826.5,367,23,21,y1,2,class->block->constructor->block->block_content->expr_stmt->expr->name->name,
2,126,rectangle_java2.jpg,rectangle_java2.jpg,11486161101,68,941.6258823529412,635.7941176470588,920.5,621,62,21,String,6,class->block->function->parameter_list->parameter->decl->type->name->name,
2,126,rectangle_java2.jpg,rectangle_java2.jpg,11491624713,112,822.8921428571429,221.92571428571432,813.5,222,10,21,{,1,class->block,
2,126,rectangle_java2.jpg,rectangle_java2.jpg,11492672438,128,800.94875,276.35625,785.5,259,23,21,x1,2,class->block->decl_stmt->decl->name,
2,126,rectangle_java2.jpg,rectangle_java2.jpg,11492780477,104,805.5657692307692,263.92346153846154,785.5,259,23,21,x1,2,class->block->decl_stmt->decl->name,
2,126,rectangle_java2.jpg,rectangle_java2.jpg,11492780477,104,805.5657692307692,263.92346153846154,815.5,259,10,21,"""","""",1,class->block->decl_stmt
2,126,rectangle_java2.jpg,rectangle_java2.jpg,11493044560,88,920.2459090909092,260.47727272727275,911.5,259,10,21,"""","""",1,class->block->decl_stmt
2,126,rectangle_java2.jpg,rectangle_java2.jpg,11493044560,88,920.2459090909092,260.47727272727275,929.5,259,23,21,y2,2,class->block->decl_stmt->decl->name,
2,126,rectangle_java2.jpg,rectangle_java2.jpg,11493212604,80,781.736,258.871,785.5,259,23,21,x1,2,class->block->decl_stmt->decl->name,
2,126,rectangle_java2.jpg,rectangle_java2.jpg,11493368579,152,783.0634210526316,279.41052631578947,785.5,259,23,21,x1,2,class->block->decl_stmt->decl->name,
2,126,rectangle_java2.jpg,rectangle_java2.jpg,11494052554,112,765.0160714285714,411.61035714285714,730.5,404,71,19,this.x2,7,class->block->constructor->block->block_content->expr_stmt->expr->name->name->operator->name,
2,126,rectangle_java2.jpg,rectangle_java2.jpg,11494192543,84,780.5647619047619,564.6828571428572,775.5,549,62,21,height,6,class->block->function->name,
2,126,rectangle_java2.jpg,rectangle_java2.jpg,11494272515,76,784.8236842105263,573.9815789473685,737.5,585,62,21,double,6,class->block->function->type->name,
2,126,rectangle_java2.jpg,rectangle_java2.jpg,11494344462,60,965.856,549.27,968.5,549,70,21,this.y2,7,class->block->function->block->block_content->return->expr->name->name->operator->name,
2,126,rectangle_java2.jpg,rectangle_java2.jpg,11494436400,88,951.9913636363636,559.8149999999999,900.5,549,63,21,return,6,class->block->function->block->block_content->return,
2,126,rectangle_java2.jpg,rectangle_java2.jpg,11494572459,120,1008.2556666666668,553.1556666666667,968.5,549,70,21,this.y2,7,class->block->function->block->block_content->return->expr->name->name->operator->name,
2,126,rectangle_java2.jpg,rectangle_java2.jpg,11494636481,60,1017.322,544.76,968.5,549,70,21,this.y2,7,class->block->function->block->block_content->return->expr->name->name->operator->name,
2,126,rectangle_java2.jpg,rectangle_java2.jpg,11496744216,56,861.9178571428571,499.8378571428572,854.5,512,9,21,),1,class->block->function->parameter_list,
2,126,rectangle_java2.jpg,rectangle_java2.jpg,11496888256,104,828.9353846153846,278.5223076923077,833.5,259,23,21,y1,2,class->block->decl_stmt->decl->name,
2,126,rectangle_java2.jpg,rectangle_java2.jpg,11497016286,124,828.6377419354839,282.63516129032257,837.5,295,9,21,(,1,class->block->constructor->parameter_list,
2,126,rectangle_java2.jpg,rectangle_java2.jpg,11497184282,84,870.3304761904761,291.80285714285714,853.5,295,32,21,int,3,class->block->constructor->parameter_list->parameter->decl->type->name,
2,126,rectangle_java2.jpg,rectangle_java2.jpg,11497264277,76,872.7157894736843,308.4636842105263,853.5,295,32,21,int,3,class->block->constructor->parameter_list->parameter->decl->type->name,
2,126,rectangle_java2.jpg,rectangle_java2.jpg,11497328274,60,877.1086666666666,279.434,881.5,259,23,21,x2,2,class->block->decl_stmt->decl->name,
2,126,rectangle_java2.jpg,rectangle_java2.jpg,11497708260,120,810.0773333333333,292.35,737.5,295,91,21,Rectangle,9,class->block->constructor->name,
2,126,rectangle_java2.jpg,rectangle_java2.jpg,11497776282,64,802.316875,297.33625,737.5,295,91,21,Rectangle,9,class->block->constructor->name,
2,126,rectangle_java2.jpg,rectangle_java2.jpg,11497876292,96,807.6479166666667,288.9529166666667,737.5,295,91,21,Rectangle,9,class->block->constructor->name,
2,126,rectangle_java2.jpg,rectangle_java2.jpg,11498020258,140,797.7362857142857,294.6688571428571,737.5,295,91,21,Rectangle,9,class->block->constructor->name,
2,126,rectangle_java2.jpg,rectangle_java2.jpg,11498256313,148,862.9362162162162,295.9902702702703,853.5,295,32,21,int,3,class->block->constructor->parameter_list->parameter->decl->type->name,
2,126,rectangle_java2.jpg,rectangle_java2.jpg,11498344275,56,796.6578571428572,294.285,737.5,295,91,21,Rectangle,9,class->block->constructor->name,
2,126,rectangle_java2.jpg,rectangle_java2.jpg,11498524220,100,795.4,294.3752,737.5,295,91,21,Rectangle,9,class->block->constructor->name,
2,126,rectangle_java2.jpg,rectangle_java2.jpg,11498872149,200,866.2330000000001,293.3338,853.5,295,32,21,int,3,class->block->constructor->parameter_list->parameter->decl->type->name,
2,126,rectangle_java2.jpg,rectangle_java2.jpg,11499000161,104,923.378076923077,313.4230769230769,921.5,295,9,21,"""","""",1,class->block->constructor->parameter_list
2,126,rectangle_java2.jpg,rectangle_java2.jpg,11499236170,104,843.6423076923077,324.8523076923077,826.5,331,23,19,x1,2,class->block->constructor->block->block_content->expr_stmt->expr->name->name,
2,126,rectangle_java2.jpg,rectangle_java2.jpg,11499304176,64,831.88625,339.166875,826.5,331,23,19,x1,2,class->block->constructor->block->block_content->expr_stmt->expr->name->name,
2,126,rectangle_java2.jpg,rectangle_java2.jpg,11499392178,68,809.7394117647059,328.8888235294117,806.5,331,15,19,=,1,class->block->constructor->block->block_content->expr_stmt->expr->operator,
2,126,rectangle_java2.jpg,rectangle_java2.jpg,11499760138,84,844.4871428571429,319.28714285714284,826.5,331,23,19,x1,2,class->block->constructor->block->block_content->expr_stmt->expr->name->name,
2,126,rectangle_java2.jpg,rectangle_java2.jpg,11499760138,84,844.4871428571429,319.28714285714284,856.5,331,10,19,;,1,class->block->constructor->block->block_content->expr_stmt,
2,126,rectangle_java2.jpg,rectangle_java2.jpg,11499856169,92,848.0308695652174,327.6952173913044,826.5,331,23,19,x1,2,class->block->constructor->block->block_content->expr_stmt->expr->name->name,
2,126,rectangle_java2.jpg,rectangle_java2.jpg,11499856169,92,848.0308695652174,327.6952173913044,856.5,331,10,19,;,1,class->block->constructor->block->block_content->expr_stmt,
2,126,rectangle_java2.jpg,rectangle_java2.jpg,11499924171,64,849.785625,348.21,856.5,331,10,19,;,1,class->block->constructor->block->block_content->expr_stmt,
2,126,rectangle_java2.jpg,rectangle_java2.jpg,11500004166,56,862.9278571428572,398.8342857142857,856.5,404,10,19,;,1,class->block->constructor->block->block_content->expr_stmt,
2,126,rectangle_java2.jpg,rectangle_java2.jpg,11500331969,68,855.11,370.42,856.5,367,10,21,;,1,class->block->constructor->block->block_content->expr_stmt,
2,126,rectangle_java2.jpg,rectangle_java2.jpg,11501408054,112,926.7328571428573,550.8589285714286,900.5,549,63,21,return,6,class->block->function->block->block_content->return,
2,126,rectangle_java2.jpg,rectangle_java2.jpg,11501548062,84,933.7685714285716,578.3695238095238,910.5,585,62,21,return,6,class->block->function->block->block_content->return,
2,126,rectangle_java2.jpg,rectangle_java2.jpg,11501668055,116,925.0186206896552,566.433448275862,900.5,549,63,21,return,6,class->block->function->block->block_content->return,
2,126,rectangle_java2.jpg,rectangle_java2.jpg,11502036115,100,1074.6164,585.8248,977.5,585,101,21,this.width,10,class->block->function->block->block_content->return->expr->call->name->name->operator->name,
2,126,rectangle_java2.jpg,rectangle_java2.jpg,11502036115,100,1074.6164,585.8248,1086.5,585,10,21,(,1,class->block->function->block->block_content->return->expr->call->argument_list,
2,126,rectangle_java2.jpg,rectangle_java2.jpg,11502144028,72,1090.1744444444444,553.0544444444445,1064.5,549,71,21,this.y1,7,class->block->function->block->block_content->return->expr->name->name->operator->name,
2,126,rectangle_java2.jpg,rectangle_java2.jpg,11502363951,132,1134.4733333333334,568.8439393939394,1064.5,549,71,21,this.y1,7,class->block->function->block->block_content->return->expr->name->name->operator->name,
2,126,rectangle_java2.jpg,rectangle_java2.jpg,11502363951,132,1134.4733333333334,568.8439393939394,1142.5,549,10,21,;,1,class->block->function->block->block_content->return,
2,126,rectangle_java2.jpg,rectangle_java2.jpg,11502459946,56,1082.07,552.1042857142858,1064.5,549,71,21,this.y1,7,class->block->function->block->block_content->return->expr->name->name->operator->name,
2,126,rectangle_java2.jpg,rectangle_java2.jpg,11502843898,152,1081.927105263158,558.4663157894737,1064.5,549,71,21,this.y1,7,class->block->function->block->block_content->return->expr->name->name->operator->name,
2,126,rectangle_java2.jpg,rectangle_java2.jpg,11502991887,56,1131.645,579.9364285714286,1122.5,585,12,21,*,1,class->block->function->block->block_content->return->expr->operator,
2,126,rectangle_java2.jpg,rectangle_java2.jpg,11502991887,56,1131.645,579.9364285714286,1140.5,585,110,21,this.height,11,class->block->function->block->block_content->return->expr->call->name->name->operator->name,
2,126,rectangle_java2.jpg,rectangle_java2.jpg,11503083883,88,1127.645909090909,569.2945454545454,1064.5,549,71,21,this.y1,7,class->block->function->block->block_content->return->expr->name->name->operator->name,
2,126,rectangle_java2.jpg,rectangle_java2.jpg,11503303895,112,1074.6232142857143,565.3042857142857,1064.5,549,71,21,this.y1,7,class->block->function->block->block_content->return->expr->name->name->operator->name,
2,126,rectangle_java2.jpg,rectangle_java2.jpg,11503367907,60,1083.2453333333333,549.0033333333333,1064.5,549,71,21,this.y1,7,class->block->function->block->block_content->return->expr->name->name->operator->name,
2,126,rectangle_java2.jpg,rectangle_java2.jpg,11503455940,64,1131.129375,550.468125,1064.5,549,71,21,this.y1,7,class->block->function->block->block_content->return->expr->name->name->operator->name,
2,126,rectangle_java2.jpg,rectangle_java2.jpg,11503455940,64,1131.129375,550.468125,1142.5,549,10,21,;,1,class->block->function->block->block_content->return,
2,126,rectangle_java2.jpg,rectangle_java2.jpg,11503579960,120,1134.1643333333334,574.5366666666666,1122.5,585,12,21,*,1,class->block->function->block->block_content->return->expr->operator,
2,126,rectangle_java2.jpg,rectangle_java2.jpg,11503579960,120,1134.1643333333334,574.5366666666666,1140.5,585,110,21,this.height,11,class->block->function->block->block_content->return->expr->call->name->name->operator->name,
2,126,rectangle_java2.jpg,rectangle_java2.jpg,11503771918,72,1095.785,556.9144444444445,1064.5,549,71,21,this.y1,7,class->block->function->block->block_content->return->expr->name->name->operator->name,
2,126,rectangle_java2.jpg,rectangle_java2.jpg,11503859910,84,1074.9871428571428,572.5880952380952,977.5,585,101,21,this.width,10,class->block->function->block->block_content->return->expr->call->name->name->operator->name,
2,126,rectangle_java2.jpg,rectangle_java2.jpg,11503859910,84,1074.9871428571428,572.5880952380952,1086.5,585,10,21,(,1,class->block->function->block->block_content->return->expr->call->argument_list,
2,126,rectangle_java2.jpg,rectangle_java2.jpg,11503947913,56,1102.7371428571428,555.7107142857143,1064.5,549,71,21,this.y1,7,class->block->function->block->block_content->return->expr->name->name->operator->name,
2,126,rectangle_java2.jpg,rectangle_java2.jpg,11504023839,72,1096.3905555555557,566.7577777777777,1064.5,549,71,21,this.y1,7,class->block->function->block->block_content->return->expr->name->name->operator->name,
2,126,rectangle_java2.jpg,rectangle_java2.jpg,11504355744,100,968.9204,591.456,910.5,585,62,21,return,6,class->block->function->block->block_content->return,
2,126,rectangle_java2.jpg,rectangle_java2.jpg,11504355744,100,968.9204,591.456,977.5,585,101,21,this.width,10,class->block->function->block->block_content->return->expr->call->name->name->operator->name,
2,126,rectangle_java2.jpg,rectangle_java2.jpg,11504455784,96,962.6129166666668,598.3325,910.5,585,62,21,return,6,class->block->function->block->block_content->return,
2,126,rectangle_java2.jpg,rectangle_java2.jpg,11504675731,60,880.2446666666667,587.6473333333333,873.5,585,9,21,),1,class->block->function->parameter_list,
2,126,rectangle_java2.jpg,rectangle_java2.jpg,11505031748,76,1062.2042105263158,612.3805263157894,1025.5,621,42,21,args,4,class->block->function->parameter_list->parameter->decl->name,
2,126,rectangle_java2.jpg,rectangle_java2.jpg,11505031748,76,1062.2042105263158,612.3805263157894,1074.5,621,10,21,),1,class->block->function->parameter_list,
2,126,rectangle_java2.jpg,rectangle_java2.jpg,11505107751,72,1059.055,623.8861111111111,1025.5,621,42,21,args,4,class->block->function->parameter_list->parameter->decl->name,
2,126,rectangle_java2.jpg,rectangle_java2.jpg,11505311774,108,1112.7162962962964,590.7925925925925,1122.5,585,12,21,*,1,class->block->function->block->block_content->return->expr->operator,
2,126,rectangle_java2.jpg,rectangle_java2.jpg,11505395784,80,1112.6625,598.2575,1122.5,585,12,21,*,1,class->block->function->block->block_content->return->expr->operator,
2,126,rectangle_java2.jpg,rectangle_java2.jpg,11505471791,64,877.873125,749.1225,883.5,731,15,20,=,1,class->block->function->block->block_content->decl_stmt->decl->init,
2,126,rectangle_java2.jpg,rectangle_java2.jpg,11505579797,104,862.9076923076923,746.4138461538462,826.5,731,51,20,rect2,5,class->block->function->block->block_content->decl_stmt->decl->name,
2,126,rectangle_java2.jpg,rectangle_java2.jpg,11505651797,68,870.8058823529411,765.1864705882354,730.5,766,177,21,System.out.println,18,class->block->function->block->block_content->expr_stmt->expr->call->name->name->operator->name->operator->name,
2,126,rectangle_java2.jpg,rectangle_java2.jpg,11505815787,112,938.9289285714284,763.5675,932.5,766,100,21,rect2.area,10,class->block->function->block->block_content->expr_stmt->expr->call->argument_list->argument->expr->call->name->name->operator->name,
2,126,rectangle_java2.jpg,rectangle_java2.jpg,11505907786,88,931.3372727272728,769.9990909090909,932.5,766,100,21,rect2.area,10,class->block->function->block->block_content->expr_stmt->expr->call->argument_list->argument->expr->call->name->name->operator->name,
2,126,rectangle_java2.jpg,rectangle_java2.jpg,11506203670,116,874.1810344827586,733.4841379310345,826.5,731,51,20,rect2,5,class->block->function->block->block_content->decl_stmt->decl->name,
2,126,rectangle_java2.jpg,rectangle_java2.jpg,11506203670,116,874.1810344827586,733.4841379310345,883.5,731,15,20,=,1,class->block->function->block->block_content->decl_stmt->decl->init,
2,126,rectangle_java2.jpg,rectangle_java2.jpg,11506271667,64,873.494375,750.591875,826.5,731,51,20,rect2,5,class->block->function->block->block_content->decl_stmt->decl->name,
2,126,rectangle_java2.jpg,rectangle_java2.jpg,11506271667,64,873.494375,750.591875,883.5,731,15,20,=,1,class->block->function->block->block_content->decl_stmt->decl->init,
2,126,rectangle_java2.jpg,rectangle_java2.jpg,11506567669,216,987.6862962962964,747.3918518518518,941.5,731,91,20,Rectangle,9,class->block->function->block->block_content->decl_stmt->decl->init->expr->call->name,
2,126,rectangle_java2.jpg,rectangle_java2.jpg,11506675666,72,1034.7544444444443,757.4622222222222,1041.5,766,9,21,(,1,class->block->function->block->block_content->expr_stmt->expr->call->argument_list->argument->expr->call->argument_list,
2,126,rectangle_java2.jpg,rectangle_java2.jpg,11506799679,120,1023.473,747.704,941.5,731,91,20,Rectangle,9,class->block->function->block->block_content->decl_stmt->decl->init->expr->call->name,
2,126,rectangle_java2.jpg,rectangle_java2.jpg,11507283690,76,1206.1873684210527,599.411052631579,1140.5,585,110,21,this.height,11,class->block->function->block->block_content->return->expr->call->name->name->operator->name,
2,126,rectangle_java2.jpg,rectangle_java2.jpg,11507379665,92,1190.3995652173912,602.0486956521739,1140.5,585,110,21,this.height,11,class->block->function->block->block_content->return->expr->call->name->name->operator->name,
2,126,rectangle_java2.jpg,rectangle_java2.jpg,11507567676,136,1177.7232352941176,581.994705882353,1140.5,585,110,21,this.height,11,class->block->function->block->block_content->return->expr->call->name->name->operator->name,
2,126,rectangle_java2.jpg,rectangle_java2.jpg,11507999328,100,919.914,305.6868,921.5,295,9,21,"""","""",1,class->block->constructor->parameter_list
2,126,rectangle_java2.jpg,rectangle_java2.jpg,11508231445,144,941.5327777777778,275.9927777777778,929.5,259,23,21,y2,2,class->block->decl_stmt->decl->name,
2,126,rectangle_java2.jpg,rectangle_java2.jpg,11511467391,80,918.075,699.038,916.5,694,9,21,(,1,class->block->function->block->block_content->expr_stmt->expr->call->argument_list,
2,126,rectangle_java2.jpg,rectangle_java2.jpg,11511607361,136,918.0941176470589,691.1226470588235,916.5,694,9,21,(,1,class->block->function->block->block_content->expr_stmt->expr->call->argument_list,
2,126,rectangle_java2.jpg,rectangle_java2.jpg,11511835087,128,877.0465625,767.5653125,730.5,766,177,21,System.out.println,18,class->block->function->block->block_content->expr_stmt->expr->call->name->name->operator->name->operator->name,
2,126,rectangle_java2.jpg,rectangle_java2.jpg,11513319247,156,911.1510256410256,774.1492307692308,916.5,766,9,21,(,1,class->block->function->block->block_content->expr_stmt->expr->call->argument_list,
2,126,rectangle_java2.jpg,rectangle_java2.jpg,11513851165,108,883.1022222222222,640.4744444444444,851.5,621,44,21,main,4,class->block->function->name,
2,126,rectangle_java2.jpg,rectangle_java2.jpg,11513911168,56,889.295,628.7371428571429,851.5,621,44,21,main,4,class->block->function->name,
2,126,rectangle_java2.jpg,rectangle_java2.jpg,11513995163,80,892.8885,605.1905,893.5,585,10,21,{,1,class->block->function->block,
2,126,rectangle_java2.jpg,rectangle_java2.jpg,11514059155,60,895.5106666666667,615.8686666666666,904.5,621,9,21,(,1,class->block->function->parameter_list,
2,126,rectangle_java2.jpg,rectangle_java2.jpg,11514187150,56,805.5657142857143,346.25714285714287,806.5,331,15,19,=,1,class->block->constructor->block->block_content->expr_stmt->expr->operator,
2,126,rectangle_java2.jpg,rectangle_java2.jpg,11514639084,92,841.3947826086957,254.0934782608696,833.5,259,23,21,y1,2,class->block->decl_stmt->decl->name,
2,126,rectangle_java2.jpg,rectangle_java2.jpg,11515507160,60,832.0453333333334,712.274,730.5,694,177,21,System.out.println,18,class->block->function->block->block_content->expr_stmt->expr->call->name->name->operator->name->operator->name,
2,126,rectangle_java2.jpg,rectangle_java2.jpg,11515595168,84,828.3047619047619,693.4890476190476,730.5,694,177,21,System.out.println,18,class->block->function->block->block_content->expr_stmt->expr->call->name->name->operator->name->operator->name,
2,126,rectangle_java2.jpg,rectangle_java2.jpg,11515750985,72,856.0333333333333,511.1105555555555,854.5,512,9,21,),1,class->block->function->parameter_list,
2,126,rectangle_java2.jpg,rectangle_java2.jpg,11515962920,128,846.5159375,513.2203125,854.5,512,9,21,),1,class->block->function->parameter_list,
2,126,rectangle_java2.jpg,rectangle_java2.jpg,11516231001,64,781.623125,516.855625,775.5,512,53,21,width,5,class->block->function->name,
2,126,rectangle_java2.jpg,rectangle_java2.jpg,11516495002,92,766.4165217391304,510.2982608695652,737.5,512,33,21,int,3,class->block->function->type->name,
2,126,rectangle_java2.jpg,rectangle_java2.jpg,11516495002,92,766.4165217391304,510.2982608695652,775.5,512,53,21,width,5,class->block->function->name,
2,126,rectangle_java2.jpg,rectangle_java2.jpg,11517698896,144,846.055,504.3316666666667,837.5,512,9,21,(,1,class->block->function->parameter_list,
2,126,rectangle_java2.jpg,rectangle_java2.jpg,11517698896,144,846.055,504.3316666666667,854.5,512,9,21,),1,class->block->function->parameter_list,
2,126,rectangle_java2.jpg,rectangle_java2.jpg,11517782888,80,849.073,523.466,854.5,512,9,21,),1,class->block->function->parameter_list,
2,126,rectangle_java2.jpg,rectangle_java2.jpg,11518014836,152,879.9013157894736,754.6971052631579,730.5,766,177,21,System.out.println,18,class->block->function->block->block_content->expr_stmt->expr->call->name->name->operator->name->operator->name,
2,126,rectangle_java2.jpg,rectangle_java2.jpg,11518166843,84,961.837619047619,745.8833333333333,941.5,731,91,20,Rectangle,9,class->block->function->block->block_content->decl_stmt->decl->init->expr->call->name,
2,126,rectangle_java2.jpg,rectangle_java2.jpg,11518234850,64,950.220625,749.44125,941.5,731,91,20,Rectangle,9,class->block->function->block->block_content->decl_stmt->decl->init->expr->call->name,
2,126,rectangle_java2.jpg,rectangle_java2.jpg,11518354844,96,922.4795833333334,761.62375,916.5,766,9,21,(,1,class->block->function->block->block_content->expr_stmt->expr->call->argument_list,
2,126,rectangle_java2.jpg,rectangle_java2.jpg,11518354844,96,922.4795833333334,761.62375,932.5,766,100,21,rect2.area,10,class->block->function->block->block_content->expr_stmt->expr->call->argument_list->argument->expr->call->name->name->operator->name,
2,126,rectangle_java2.jpg,rectangle_java2.jpg,11518438838,80,909.799,764.9835,916.5,766,9,21,(,1,class->block->function->block->block_content->expr_stmt->expr->call->argument_list,
2,126,rectangle_java2.jpg,rectangle_java2.jpg,11518706853,116,794.9506896551724,526.4324137931035,775.5,512,53,21,width,5,class->block->function->name,
2,126,rectangle_java2.jpg,rectangle_java2.jpg,11518818881,108,782.0503703703704,530.8814814814815,775.5,512,53,21,width,5,class->block->function->name,
2,126,rectangle_java2.jpg,rectangle_java2.jpg,11520230670,248,783.7759677419355,261.0920967741935,785.5,259,23,21,x1,2,class->block->decl_stmt->decl->name,
2,126,rectangle_java2.jpg,rectangle_java2.jpg,11521466795,64,840.745,611.198125,804.5,621,44,21,void,4,class->block->function->type->name,
2,126,rectangle_java2.jpg,rectangle_java2.jpg,11521466795,64,840.745,611.198125,851.5,621,44,21,main,4,class->block->function->name,
2,126,rectangle_java2.jpg,rectangle_java2.jpg,11521542734,72,846.9672222222222,603.3833333333333,804.5,585,43,21,area,4,class->block->function->name,
2,126,rectangle_java2.jpg,rectangle_java2.jpg,11521542734,72,846.9672222222222,603.3833333333333,856.5,585,9,21,(,1,class->block->function->parameter_list,
2,126,rectangle_java2.jpg,rectangle_java2.jpg,11523034576,64,794.59,782.460625,730.5,766,177,21,System.out.println,18,class->block->function->block->block_content->expr_stmt->expr->call->name->name->operator->name->operator->name,
