trial,participant,code_file,code_language,timestamp,duration,x_cord,y_cord,aoi_x,aoi_y,aoi_width,aoi_height,token,length,srcML,
2,12,rectangle_java2.jpg,rectangle_java2.jpg,1656099221,120,814.1186666666666,242.4906666666667,813.5,222,10,21,{,1,class->block,
2,12,rectangle_java2.jpg,rectangle_java2.jpg,1657670616,428,812.2216822429907,212.7095327102804,813.5,222,10,21,{,1,class->block,
2,12,rectangle_java2.jpg,rectangle_java2.jpg,1658095108,156,731.4810256410257,212.09564102564104,715.5,222,90,21,Rectangle,9,class->name,
2,12,rectangle_java2.jpg,rectangle_java2.jpg,1658359079,104,800.7811538461539,212.49,715.5,222,90,21,Rectangle,9,class->name,
2,12,rectangle_java2.jpg,rectangle_java2.jpg,1659171085,220,750.3585454545455,236.8496363636364,715.5,222,90,21,Rectangle,9,class->name,
2,12,rectangle_java2.jpg,rectangle_java2.jpg,1661650877,136,744.5935294117647,238.13941176470587,715.5,222,90,21,Rectangle,9,class->name,
2,12,rectangle_java2.jpg,rectangle_java2.jpg,1661902819,72,794.09,240.85888888888888,715.5,222,90,21,Rectangle,9,class->name,
2,12,rectangle_java2.jpg,rectangle_java2.jpg,1662058823,152,789.0647368421053,251.7815789473684,785.5,259,23,21,x1,2,class->block->decl_stmt->decl->name,
2,12,rectangle_java2.jpg,rectangle_java2.jpg,1662394825,120,890.8373333333333,254.2353333333333,881.5,259,23,21,x2,2,class->block->decl_stmt->decl->name,
2,12,rectangle_java2.jpg,rectangle_java2.jpg,1662706838,188,748.0421276595745,300.7851063829787,737.5,295,91,21,Rectangle,9,class->block->constructor->name,
2,12,rectangle_java2.jpg,rectangle_java2.jpg,1662810824,88,804.3231818181819,292.2640909090909,737.5,295,91,21,Rectangle,9,class->block->constructor->name,
2,12,rectangle_java2.jpg,rectangle_java2.jpg,1662882803,68,809.8976470588235,304.7988235294118,737.5,295,91,21,Rectangle,9,class->block->constructor->name,
2,12,rectangle_java2.jpg,rectangle_java2.jpg,1662978745,92,821.1260869565217,307.675652173913,737.5,295,91,21,Rectangle,9,class->block->constructor->name,
2,12,rectangle_java2.jpg,rectangle_java2.jpg,1663082629,100,892.3088,298.3704,890.5,295,24,21,x1,2,class->block->constructor->parameter_list->parameter->decl->type->name,
2,12,rectangle_java2.jpg,rectangle_java2.jpg,1663398772,124,977.346129032258,311.4803225806452,977.5,295,23,21,y1,2,class->block->constructor->parameter_list->parameter->decl->type->name,
2,12,rectangle_java2.jpg,rectangle_java2.jpg,1663466749,64,973.73375,292.38687500000003,977.5,295,23,21,y1,2,class->block->constructor->parameter_list->parameter->decl->type->name,
2,12,rectangle_java2.jpg,rectangle_java2.jpg,1663562710,92,976.8382608695651,289.16826086956524,977.5,295,23,21,y1,2,class->block->constructor->parameter_list->parameter->decl->type->name,
2,12,rectangle_java2.jpg,rectangle_java2.jpg,1663754692,176,1063.6515909090908,306.4818181818182,1063.5,295,23,21,x2,2,class->block->constructor->parameter_list->parameter->decl->type->name,
2,12,rectangle_java2.jpg,rectangle_java2.jpg,1663954727,104,1013.5857692307692,296.94307692307694,1007.5,295,10,21,"""","""",1,class->block->constructor->parameter_list
2,12,rectangle_java2.jpg,rectangle_java2.jpg,1663954727,104,1013.5857692307692,296.94307692307694,1025.5,295,33,21,int,3,class->block->constructor->parameter_list->parameter->decl->type->name,
2,12,rectangle_java2.jpg,rectangle_java2.jpg,1664146665,160,826.15275,343.6355,826.5,331,23,19,x1,2,class->block->constructor->block->block_content->expr_stmt->expr->name->name,
2,12,rectangle_java2.jpg,rectangle_java2.jpg,1664246638,68,797.5976470588236,339.8564705882353,730.5,331,71,19,this.x1,7,class->block->constructor->block->block_content->expr_stmt->expr->name->name->operator->name,
2,12,rectangle_java2.jpg,rectangle_java2.jpg,1664246638,68,797.5976470588236,339.8564705882353,806.5,331,15,19,=,1,class->block->constructor->block->block_content->expr_stmt->expr->operator,
2,12,rectangle_java2.jpg,rectangle_java2.jpg,1664382631,132,803.640303030303,347.55727272727273,806.5,331,15,19,=,1,class->block->constructor->block->block_content->expr_stmt->expr->operator,
2,12,rectangle_java2.jpg,rectangle_java2.jpg,1664910650,100,817.2312,369.868,806.5,367,15,21,=,1,class->block->constructor->block->block_content->expr_stmt->expr->operator,
2,12,rectangle_java2.jpg,rectangle_java2.jpg,1664910650,100,817.2312,369.868,826.5,367,23,21,y1,2,class->block->constructor->block->block_content->expr_stmt->expr->name->name,
2,12,rectangle_java2.jpg,rectangle_java2.jpg,1665014575,100,803.2432,372.4164,806.5,367,15,21,=,1,class->block->constructor->block->block_content->expr_stmt->expr->operator,
2,12,rectangle_java2.jpg,rectangle_java2.jpg,1665074606,56,818.9957142857143,384.6457142857143,806.5,367,15,21,=,1,class->block->constructor->block->block_content->expr_stmt->expr->operator,
2,12,rectangle_java2.jpg,rectangle_java2.jpg,1665074606,56,818.9957142857143,384.6457142857143,826.5,367,23,21,y1,2,class->block->constructor->block->block_content->expr_stmt->expr->name->name,
2,12,rectangle_java2.jpg,rectangle_java2.jpg,1665258629,180,837.1377777777777,375.532,826.5,367,23,21,y1,2,class->block->constructor->block->block_content->expr_stmt->expr->name->name,
2,12,rectangle_java2.jpg,rectangle_java2.jpg,1665570567,272,841.5551470588235,408.2189705882353,826.5,404,23,19,x2,2,class->block->constructor->block->block_content->expr_stmt->expr->name->name,
2,12,rectangle_java2.jpg,rectangle_java2.jpg,1666662608,128,800.6975,275.1728125,785.5,259,23,21,x1,2,class->block->decl_stmt->decl->name,
2,12,rectangle_java2.jpg,rectangle_java2.jpg,1667194448,140,779.0548571428571,509.8625714285714,775.5,512,53,21,width,5,class->block->function->name,
2,12,rectangle_java2.jpg,rectangle_java2.jpg,1667378423,148,744.2664864864865,526.538918918919,737.5,512,33,21,int,3,class->block->function->type->name,
2,12,rectangle_java2.jpg,rectangle_java2.jpg,1667642436,132,834.5954545454546,541.0436363636363,775.5,549,62,21,height,6,class->block->function->name,
2,12,rectangle_java2.jpg,rectangle_java2.jpg,1667642436,132,834.5954545454546,541.0436363636363,846.5,549,10,21,(,1,class->block->function->parameter_list,
2,12,rectangle_java2.jpg,rectangle_java2.jpg,1667706436,60,835.1026666666667,530.2633333333333,837.5,512,9,21,(,1,class->block->function->parameter_list,
2,12,rectangle_java2.jpg,rectangle_java2.jpg,1667866438,124,899.9651612903226,532.8809677419355,891.5,512,62,21,return,6,class->block->function->block->block_content->return->expr->name->name,
2,12,rectangle_java2.jpg,rectangle_java2.jpg,1667930436,60,907.0193333333332,544.24,900.5,549,63,21,return,6,class->block->function->block->block_content->return,
2,12,rectangle_java2.jpg,rectangle_java2.jpg,1668214397,248,790.9509677419355,536.9333870967741,775.5,549,62,21,height,6,class->block->function->name,
2,12,rectangle_java2.jpg,rectangle_java2.jpg,1668322419,76,843.238947368421,523.2847368421052,837.5,512,9,21,(,1,class->block->function->parameter_list,
2,12,rectangle_java2.jpg,rectangle_java2.jpg,1668322419,76,843.238947368421,523.2847368421052,854.5,512,9,21,),1,class->block->function->parameter_list,
2,12,rectangle_java2.jpg,rectangle_java2.jpg,1668434442,108,849.2062962962963,532.4288888888889,854.5,512,9,21,),1,class->block->function->parameter_list,
2,12,rectangle_java2.jpg,rectangle_java2.jpg,1668550483,76,801.7215789473684,537.4494736842105,775.5,549,62,21,height,6,class->block->function->name,
2,12,rectangle_java2.jpg,rectangle_java2.jpg,1668706383,152,798.4542105263158,537.3255263157895,775.5,549,62,21,height,6,class->block->function->name,
2,12,rectangle_java2.jpg,rectangle_java2.jpg,1669106262,144,905.1561111111112,510.8330555555556,891.5,512,62,21,return,6,class->block->function->block->block_content->return->expr->name->name,
2,12,rectangle_java2.jpg,rectangle_java2.jpg,1669238267,92,951.3495652173912,528.0921739130434,891.5,512,62,21,return,6,class->block->function->block->block_content->return->expr->name->name,
2,12,rectangle_java2.jpg,rectangle_java2.jpg,1669238267,92,951.3495652173912,528.0921739130434,958.5,512,71,21,this.x2,7,class->block->function->block->block_content->return->expr->name->name->operator->name->operator,
2,12,rectangle_java2.jpg,rectangle_java2.jpg,1669338256,96,953.0595833333332,542.6766666666666,900.5,549,63,21,return,6,class->block->function->block->block_content->return,
2,12,rectangle_java2.jpg,rectangle_java2.jpg,1669442253,92,844.4295652173913,537.2595652173914,846.5,549,10,21,(,1,class->block->function->parameter_list,
2,12,rectangle_java2.jpg,rectangle_java2.jpg,1669554354,108,850.0877777777778,546.9151851851852,846.5,549,10,21,(,1,class->block->function->parameter_list,
2,12,rectangle_java2.jpg,rectangle_java2.jpg,1669666416,56,943.835,522.7714285714286,891.5,512,62,21,return,6,class->block->function->block->block_content->return->expr->name->name,
2,12,rectangle_java2.jpg,rectangle_java2.jpg,1669758365,88,951.985,528.0918181818182,891.5,512,62,21,return,6,class->block->function->block->block_content->return->expr->name->name,
2,12,rectangle_java2.jpg,rectangle_java2.jpg,1669758365,88,951.985,528.0918181818182,958.5,512,71,21,this.x2,7,class->block->function->block->block_content->return->expr->name->name->operator->name->operator,
2,12,rectangle_java2.jpg,rectangle_java2.jpg,1669894330,132,953.7478787878788,527.2775757575757,958.5,512,71,21,this.x2,7,class->block->function->block->block_content->return->expr->name->name->operator->name->operator,
2,12,rectangle_java2.jpg,rectangle_java2.jpg,1670130344,220,837.8107272727273,540.9783636363636,846.5,549,10,21,(,1,class->block->function->parameter_list,
2,12,rectangle_java2.jpg,rectangle_java2.jpg,1670374330,208,798.755,556.940576923077,775.5,549,62,21,height,6,class->block->function->name,
2,12,rectangle_java2.jpg,rectangle_java2.jpg,1670618150,228,885.9777192982456,559.5545614035087,883.5,549,10,21,{,1,class->block->function->block,
2,12,rectangle_java2.jpg,rectangle_java2.jpg,1670886094,224,951.8025,564.37625,900.5,549,63,21,return,6,class->block->function->block->block_content->return,
2,12,rectangle_java2.jpg,rectangle_java2.jpg,1670958120,68,962.5529411764704,562.074705882353,900.5,549,63,21,return,6,class->block->function->block->block_content->return,
2,12,rectangle_java2.jpg,rectangle_java2.jpg,1670958120,68,962.5529411764704,562.074705882353,968.5,549,70,21,this.y2,7,class->block->function->block->block_content->return->expr->name->name->operator->name,
2,12,rectangle_java2.jpg,rectangle_java2.jpg,1671110126,132,1017.5684848484848,565.730303030303,968.5,549,70,21,this.y2,7,class->block->function->block->block_content->return->expr->name->name->operator->name,
2,12,rectangle_java2.jpg,rectangle_java2.jpg,1671182123,68,1026.9676470588236,579.2370588235294,977.5,585,101,21,this.width,10,class->block->function->block->block_content->return->expr->call->name->name->operator->name,
2,12,rectangle_java2.jpg,rectangle_java2.jpg,1671326190,140,1046.6017142857145,563.7037142857143,1045.5,549,13,21,-,1,class->block->function->block->block_content->return->expr->operator,
2,12,rectangle_java2.jpg,rectangle_java2.jpg,1671490229,92,1139.7856521739131,562.76,1142.5,549,10,21,;,1,class->block->function->block->block_content->return,
2,12,rectangle_java2.jpg,rectangle_java2.jpg,1671658196,164,1137.0821951219511,550.0956097560976,1142.5,549,10,21,;,1,class->block->function->block->block_content->return,
2,12,rectangle_java2.jpg,rectangle_java2.jpg,1671970228,64,1144.600625,556.49,1142.5,549,10,21,;,1,class->block->function->block->block_content->return,
2,12,rectangle_java2.jpg,rectangle_java2.jpg,1672054215,80,1142.3295,557.268,1142.5,549,10,21,;,1,class->block->function->block->block_content->return,
2,12,rectangle_java2.jpg,rectangle_java2.jpg,1672266171,100,1135.3556,550.1416,1064.5,549,71,21,this.y1,7,class->block->function->block->block_content->return->expr->name->name->operator->name,
2,12,rectangle_java2.jpg,rectangle_java2.jpg,1672266171,100,1135.3556,550.1416,1142.5,549,10,21,;,1,class->block->function->block->block_content->return,
2,12,rectangle_java2.jpg,rectangle_java2.jpg,1672618031,64,890.30625,588.5475,893.5,585,10,21,{,1,class->block->function->block,
2,12,rectangle_java2.jpg,rectangle_java2.jpg,1672898073,160,858.052,587.58,856.5,585,9,21,(,1,class->block->function->parameter_list,
2,12,rectangle_java2.jpg,rectangle_java2.jpg,1673094051,192,854.4845833333334,600.3685416666667,856.5,585,9,21,(,1,class->block->function->parameter_list,
2,12,rectangle_java2.jpg,rectangle_java2.jpg,1673314047,192,906.2447916666666,580.6797916666667,910.5,585,62,21,return,6,class->block->function->block->block_content->return,
2,12,rectangle_java2.jpg,rectangle_java2.jpg,1673586077,236,1061.5357627118644,591.0942372881356,977.5,585,101,21,this.width,10,class->block->function->block->block_content->return->expr->call->name->name->operator->name,
2,12,rectangle_java2.jpg,rectangle_java2.jpg,1673730064,72,832.4744444444444,599.7677777777778,804.5,585,43,21,area,4,class->block->function->name,
2,12,rectangle_java2.jpg,rectangle_java2.jpg,1673954115,84,798.6366666666667,622.8461904761905,738.5,621,61,21,static,6,class->block->function->type->specifier,
2,12,rectangle_java2.jpg,rectangle_java2.jpg,1673954115,84,798.6366666666667,622.8461904761905,804.5,621,44,21,void,4,class->block->function->type->name,
2,12,rectangle_java2.jpg,rectangle_java2.jpg,1674058083,100,797.236,608.8284,738.5,621,61,21,static,6,class->block->function->type->specifier,
2,12,rectangle_java2.jpg,rectangle_java2.jpg,1674058083,100,797.236,608.8284,804.5,621,44,21,void,4,class->block->function->type->name,
2,12,rectangle_java2.jpg,rectangle_java2.jpg,1674318003,224,861.3651785714286,664.4475,826.5,658,52,20,rect1,5,class->block->function->block->block_content->decl_stmt->decl->name,
2,12,rectangle_java2.jpg,rectangle_java2.jpg,1674557693,168,913.0507142857144,668.3771428571429,902.5,658,34,20,new,3,class->block->function->block->block_content->decl_stmt->decl->init->expr->operator,
2,12,rectangle_java2.jpg,rectangle_java2.jpg,1674777857,208,1058.496730769231,676.968076923077,1057.5,658,13,20,0,1,class->block->function->block->block_content->decl_stmt->decl->init->expr->call->argument_list->argument->expr->literal,
2,12,rectangle_java2.jpg,rectangle_java2.jpg,1674945809,164,1055.8553658536584,669.0843902439025,1057.5,658,13,20,0,1,class->block->function->block->block_content->decl_stmt->decl->init->expr->call->argument_list->argument->expr->literal,
2,12,rectangle_java2.jpg,rectangle_java2.jpg,1675353899,352,1211.4536363636364,664.9421590909091,1211.5,658,9,20,),1,class->block->function->block->block_content->decl_stmt->decl->init->expr->call->argument_list,
2,12,rectangle_java2.jpg,rectangle_java2.jpg,1675457924,76,836.0710526315789,743.6789473684211,826.5,731,51,20,rect2,5,class->block->function->block->block_content->decl_stmt->decl->name,
2,12,rectangle_java2.jpg,rectangle_java2.jpg,1675549953,88,840.5563636363637,742.3109090909091,826.5,731,51,20,rect2,5,class->block->function->block->block_content->decl_stmt->decl->name,
2,12,rectangle_java2.jpg,rectangle_java2.jpg,1676001859,80,880.5155,767.208,730.5,766,177,21,System.out.println,18,class->block->function->block->block_content->expr_stmt->expr->call->name->name->operator->name->operator->name,
2,12,rectangle_java2.jpg,rectangle_java2.jpg,1676161681,116,923.9744827586206,755.731724137931,916.5,766,9,21,(,1,class->block->function->block->block_content->expr_stmt->expr->call->argument_list,
2,12,rectangle_java2.jpg,rectangle_java2.jpg,1676161681,116,923.9744827586206,755.731724137931,932.5,766,100,21,rect2.area,10,class->block->function->block->block_content->expr_stmt->expr->call->argument_list->argument->expr->call->name->name->operator->name,
2,12,rectangle_java2.jpg,rectangle_java2.jpg,1676433648,196,869.879387755102,762.1071428571429,730.5,766,177,21,System.out.println,18,class->block->function->block->block_content->expr_stmt->expr->call->name->name->operator->name->operator->name,
2,12,rectangle_java2.jpg,rectangle_java2.jpg,1676721811,200,913.2422,755.7752,916.5,766,9,21,(,1,class->block->function->block->block_content->expr_stmt->expr->call->argument_list,
2,12,rectangle_java2.jpg,rectangle_java2.jpg,1676853813,96,967.2216666666668,755.2029166666666,932.5,766,100,21,rect2.area,10,class->block->function->block->block_content->expr_stmt->expr->call->argument_list->argument->expr->call->name->name->operator->name,
2,12,rectangle_java2.jpg,rectangle_java2.jpg,1677141797,56,919.4985714285714,750.8671428571429,902.5,731,34,20,new,3,class->block->function->block->block_content->decl_stmt->decl->init->expr->operator,
2,12,rectangle_java2.jpg,rectangle_java2.jpg,1681201519,68,750.9035294117647,214.02117647058824,715.5,222,90,21,Rectangle,9,class->name,
2,12,rectangle_java2.jpg,rectangle_java2.jpg,1682477375,80,803.359,210.5535,715.5,222,90,21,Rectangle,9,class->name,
2,12,rectangle_java2.jpg,rectangle_java2.jpg,1682477375,80,803.359,210.5535,813.5,222,10,21,{,1,class->block,
2,12,rectangle_java2.jpg,rectangle_java2.jpg,1682701371,100,747.8812,213.8016,715.5,222,90,21,Rectangle,9,class->name,
2,12,rectangle_java2.jpg,rectangle_java2.jpg,1683433405,72,799.4933333333333,217.48,715.5,222,90,21,Rectangle,9,class->name,
2,12,rectangle_java2.jpg,rectangle_java2.jpg,1684641232,164,747.0053658536585,211.1858536585366,715.5,222,90,21,Rectangle,9,class->name,
2,12,rectangle_java2.jpg,rectangle_java2.jpg,1685045269,336,808.332380952381,222.18738095238095,813.5,222,10,21,{,1,class->block,
2,12,rectangle_java2.jpg,rectangle_java2.jpg,1685185266,136,808.7844117647059,210.81794117647055,813.5,222,10,21,{,1,class->block,
2,12,rectangle_java2.jpg,rectangle_java2.jpg,1686045000,152,775.6297368421052,234.5518421052632,715.5,222,90,21,Rectangle,9,class->name,
2,12,rectangle_java2.jpg,rectangle_java2.jpg,1686365070,268,753.9813432835821,242.45522388059703,715.5,222,90,21,Rectangle,9,class->name,
2,12,rectangle_java2.jpg,rectangle_java2.jpg,1686561078,132,798.3572727272727,240.49848484848485,715.5,222,90,21,Rectangle,9,class->name,
2,12,rectangle_java2.jpg,rectangle_java2.jpg,1686785099,192,742.248125,234.5397916666667,715.5,222,90,21,Rectangle,9,class->name,
2,12,rectangle_java2.jpg,rectangle_java2.jpg,1687253111,76,799.19,214.33210526315796,715.5,222,90,21,Rectangle,9,class->name,
2,12,rectangle_java2.jpg,rectangle_java2.jpg,1688029009,72,789.1972222222222,220.17555555555555,715.5,222,90,21,Rectangle,9,class->name,
2,12,rectangle_java2.jpg,rectangle_java2.jpg,1688232985,200,786.5276,217.278,715.5,222,90,21,Rectangle,9,class->name,
2,12,rectangle_java2.jpg,rectangle_java2.jpg,1689696835,60,744.808,220.578,715.5,222,90,21,Rectangle,9,class->name,
2,12,rectangle_java2.jpg,rectangle_java2.jpg,1689800775,100,735.5124,218.4852,715.5,222,90,21,Rectangle,9,class->name,
2,12,rectangle_java2.jpg,rectangle_java2.jpg,1690216927,296,807.2637837837838,213.64216216216212,813.5,222,10,21,{,1,class->block,
2,12,rectangle_java2.jpg,rectangle_java2.jpg,1690868900,112,848.3764285714286,251.2582142857143,833.5,259,23,21,y1,2,class->block->decl_stmt->decl->name,
2,12,rectangle_java2.jpg,rectangle_java2.jpg,1691084885,176,746.0040909090909,258.14363636363635,747.5,259,33,21,int,3,class->block->decl_stmt->decl->type->name,
2,12,rectangle_java2.jpg,rectangle_java2.jpg,1691180840,92,745.871304347826,256.13652173913044,747.5,259,33,21,int,3,class->block->decl_stmt->decl->type->name,
2,12,rectangle_java2.jpg,rectangle_java2.jpg,1691252819,68,774.3823529411765,249.1370588235294,747.5,259,33,21,int,3,class->block->decl_stmt->decl->type->name,
2,12,rectangle_java2.jpg,rectangle_java2.jpg,1691252819,68,774.3823529411765,249.1370588235294,785.5,259,23,21,x1,2,class->block->decl_stmt->decl->name,
2,12,rectangle_java2.jpg,rectangle_java2.jpg,1691648732,272,785.8870588235294,255.8654411764706,785.5,259,23,21,x1,2,class->block->decl_stmt->decl->name,
2,12,rectangle_java2.jpg,rectangle_java2.jpg,1691988750,104,909.3615384615384,255.37076923076927,911.5,259,10,21,"""","""",1,class->block->decl_stmt
2,12,rectangle_java2.jpg,rectangle_java2.jpg,1692136767,88,909.5927272727272,249.56454545454545,911.5,259,10,21,"""","""",1,class->block->decl_stmt
2,12,rectangle_java2.jpg,rectangle_java2.jpg,1692264781,96,877.19125,257.8154166666667,881.5,259,23,21,x2,2,class->block->decl_stmt->decl->name,
2,12,rectangle_java2.jpg,rectangle_java2.jpg,1692368760,76,931.2884210526316,248.8121052631579,929.5,259,23,21,y2,2,class->block->decl_stmt->decl->name,
2,12,rectangle_java2.jpg,rectangle_java2.jpg,1692640691,80,875.4715,272.5695,881.5,259,23,21,x2,2,class->block->decl_stmt->decl->name,
2,12,rectangle_java2.jpg,rectangle_java2.jpg,1692720685,76,879.998947368421,268.34684210526314,881.5,259,23,21,x2,2,class->block->decl_stmt->decl->name,
2,12,rectangle_java2.jpg,rectangle_java2.jpg,1692944719,212,759.0615094339622,285.53169811320754,737.5,295,91,21,Rectangle,9,class->block->constructor->name,
2,12,rectangle_java2.jpg,rectangle_java2.jpg,1693076708,128,765.6971875,293.4825,737.5,295,91,21,Rectangle,9,class->block->constructor->name,
2,12,rectangle_java2.jpg,rectangle_java2.jpg,1693372726,264,809.6581818181818,294.344696969697,737.5,295,91,21,Rectangle,9,class->block->constructor->name,
2,12,rectangle_java2.jpg,rectangle_java2.jpg,1693476604,100,801.862,301.4768,737.5,295,91,21,Rectangle,9,class->block->constructor->name,
2,12,rectangle_java2.jpg,rectangle_java2.jpg,1693840603,212,895.6684905660377,299.71150943396225,890.5,295,24,21,x1,2,class->block->constructor->parameter_list->parameter->decl->type->name,
2,12,rectangle_java2.jpg,rectangle_java2.jpg,1693944613,80,951.887,304.707,939.5,295,33,21,int,3,class->block->constructor->parameter_list->parameter->decl->type->name,
2,12,rectangle_java2.jpg,rectangle_java2.jpg,1694116627,56,767.1028571428571,301.46214285714285,737.5,295,91,21,Rectangle,9,class->block->constructor->name,
2,12,rectangle_java2.jpg,rectangle_java2.jpg,1694244606,124,754.8393548387097,296.3906451612903,737.5,295,91,21,Rectangle,9,class->block->constructor->name,
2,12,rectangle_java2.jpg,rectangle_java2.jpg,1694440595,192,747.4747916666666,309.436875,737.5,295,91,21,Rectangle,9,class->block->constructor->name,
2,12,rectangle_java2.jpg,rectangle_java2.jpg,1694764641,156,816.3023076923077,315.4010256410256,737.5,295,91,21,Rectangle,9,class->block->constructor->name,
2,12,rectangle_java2.jpg,rectangle_java2.jpg,1694848631,80,828.739,318.575,826.5,331,23,19,x1,2,class->block->constructor->block->block_content->expr_stmt->expr->name->name,
2,12,rectangle_java2.jpg,rectangle_java2.jpg,1695032584,156,885.083076923077,297.1094871794872,853.5,295,32,21,int,3,class->block->constructor->parameter_list->parameter->decl->type->name,
2,12,rectangle_java2.jpg,rectangle_java2.jpg,1695032584,156,885.083076923077,297.1094871794872,890.5,295,24,21,x1,2,class->block->constructor->parameter_list->parameter->decl->type->name,
2,12,rectangle_java2.jpg,rectangle_java2.jpg,1695332368,188,951.0691489361702,293.21531914893615,939.5,295,33,21,int,3,class->block->constructor->parameter_list->parameter->decl->type->name,
2,12,rectangle_java2.jpg,rectangle_java2.jpg,1695436354,64,998.391875,305.26375,977.5,295,23,21,y1,2,class->block->constructor->parameter_list->parameter->decl->type->name,
2,12,rectangle_java2.jpg,rectangle_java2.jpg,1695436354,64,998.391875,305.26375,1007.5,295,10,21,"""","""",1,class->block->constructor->parameter_list
2,12,rectangle_java2.jpg,rectangle_java2.jpg,1695624490,184,1010.6193478260868,301.8152173913044,1007.5,295,10,21,"""","""",1,class->block->constructor->parameter_list
2,12,rectangle_java2.jpg,rectangle_java2.jpg,1695720512,92,1029.8752173913044,307.07304347826084,1025.5,295,33,21,int,3,class->block->constructor->parameter_list->parameter->decl->type->name,
2,12,rectangle_java2.jpg,rectangle_java2.jpg,1695916481,192,1041.4139583333333,293.19979166666667,1025.5,295,33,21,int,3,class->block->constructor->parameter_list->parameter->decl->type->name,
2,12,rectangle_java2.jpg,rectangle_java2.jpg,1696140460,200,1096.7604,286.4248,1094.5,295,9,21,"""","""",1,class->block->constructor->parameter_list
2,12,rectangle_java2.jpg,rectangle_java2.jpg,1696252472,108,1096.2448148148148,288.2114814814815,1094.5,295,9,21,"""","""",1,class->block->constructor->parameter_list
2,12,rectangle_java2.jpg,rectangle_java2.jpg,1696380474,124,1114.1893548387095,297.3751612903226,1112.5,295,33,21,int,3,class->block->constructor->parameter_list->parameter->decl->type->name,
2,12,rectangle_java2.jpg,rectangle_java2.jpg,1696580484,180,761.4286666666667,300.2104444444444,737.5,295,91,21,Rectangle,9,class->block->constructor->name,
2,12,rectangle_java2.jpg,rectangle_java2.jpg,1696708501,124,759.4338709677419,282.74129032258065,737.5,295,91,21,Rectangle,9,class->block->constructor->name,
2,12,rectangle_java2.jpg,rectangle_java2.jpg,1696952501,192,819.4425,310.45958333333334,737.5,295,91,21,Rectangle,9,class->block->constructor->name,
2,12,rectangle_java2.jpg,rectangle_java2.jpg,1697044536,88,827.1331818181818,309.8,737.5,295,91,21,Rectangle,9,class->block->constructor->name,
2,12,rectangle_java2.jpg,rectangle_java2.jpg,1697044536,88,827.1331818181818,309.8,837.5,295,9,21,(,1,class->block->constructor->parameter_list,
2,12,rectangle_java2.jpg,rectangle_java2.jpg,1697276584,188,904.8295744680852,298.04191489361705,890.5,295,24,21,x1,2,class->block->constructor->parameter_list->parameter->decl->type->name,
2,12,rectangle_java2.jpg,rectangle_java2.jpg,1697372441,92,905.02,311.72,890.5,295,24,21,x1,2,class->block->constructor->parameter_list->parameter->decl->type->name,
2,12,rectangle_java2.jpg,rectangle_java2.jpg,1697532371,120,942.2566666666668,287.4833333333333,939.5,295,33,21,int,3,class->block->constructor->parameter_list->parameter->decl->type->name,
2,12,rectangle_java2.jpg,rectangle_java2.jpg,1697628353,92,952.4634782608696,284.7926086956522,939.5,295,33,21,int,3,class->block->constructor->parameter_list->parameter->decl->type->name,
2,12,rectangle_java2.jpg,rectangle_java2.jpg,1697744320,60,911.2206666666666,298.1526666666667,890.5,295,24,21,x1,2,class->block->constructor->parameter_list->parameter->decl->type->name,
2,12,rectangle_java2.jpg,rectangle_java2.jpg,1697744320,60,911.2206666666666,298.1526666666667,921.5,295,9,21,"""","""",1,class->block->constructor->parameter_list
2,12,rectangle_java2.jpg,rectangle_java2.jpg,1697816304,68,918.6370588235294,304.0170588235294,921.5,295,9,21,"""","""",1,class->block->constructor->parameter_list
2,12,rectangle_java2.jpg,rectangle_java2.jpg,1697956349,96,987.2754166666666,302.91083333333336,977.5,295,23,21,y1,2,class->block->constructor->parameter_list->parameter->decl->type->name,
2,12,rectangle_java2.jpg,rectangle_java2.jpg,1698180342,220,997.181818181818,302.66818181818184,977.5,295,23,21,y1,2,class->block->constructor->parameter_list->parameter->decl->type->name,
2,12,rectangle_java2.jpg,rectangle_java2.jpg,1698180342,220,997.181818181818,302.66818181818184,1007.5,295,10,21,"""","""",1,class->block->constructor->parameter_list
2,12,rectangle_java2.jpg,rectangle_java2.jpg,1698324337,140,989.4145714285714,296.3674285714286,977.5,295,23,21,y1,2,class->block->constructor->parameter_list->parameter->decl->type->name,
2,12,rectangle_java2.jpg,rectangle_java2.jpg,1698488358,136,1051.5947058823529,301.1747058823529,1025.5,295,33,21,int,3,class->block->constructor->parameter_list->parameter->decl->type->name,
2,12,rectangle_java2.jpg,rectangle_java2.jpg,1698488358,136,1051.5947058823529,301.1747058823529,1063.5,295,23,21,x2,2,class->block->constructor->parameter_list->parameter->decl->type->name,
2,12,rectangle_java2.jpg,rectangle_java2.jpg,1698604403,76,1013.5057894736842,297.2884210526316,1007.5,295,10,21,"""","""",1,class->block->constructor->parameter_list
2,12,rectangle_java2.jpg,rectangle_java2.jpg,1698604403,76,1013.5057894736842,297.2884210526316,1025.5,295,33,21,int,3,class->block->constructor->parameter_list->parameter->decl->type->name,
2,12,rectangle_java2.jpg,rectangle_java2.jpg,1698724409,116,1002.2541379310344,310.17413793103447,1007.5,295,10,21,"""","""",1,class->block->constructor->parameter_list
2,12,rectangle_java2.jpg,rectangle_java2.jpg,1698796411,68,1002.9723529411764,302.7464705882353,1007.5,295,10,21,"""","""",1,class->block->constructor->parameter_list
2,12,rectangle_java2.jpg,rectangle_java2.jpg,1699020313,184,1058.2097826086956,301.925,1025.5,295,33,21,int,3,class->block->constructor->parameter_list->parameter->decl->type->name,
2,12,rectangle_java2.jpg,rectangle_java2.jpg,1699020313,184,1058.2097826086956,301.925,1063.5,295,23,21,x2,2,class->block->constructor->parameter_list->parameter->decl->type->name,
2,12,rectangle_java2.jpg,rectangle_java2.jpg,1699456140,140,1061.2062857142855,307.936,1063.5,295,23,21,x2,2,class->block->constructor->parameter_list->parameter->decl->type->name,
2,12,rectangle_java2.jpg,rectangle_java2.jpg,1699628102,120,1092.3316666666667,285.7266666666667,1094.5,295,9,21,"""","""",1,class->block->constructor->parameter_list
2,12,rectangle_java2.jpg,rectangle_java2.jpg,1699720135,88,1095.1495454545454,302.725,1094.5,295,9,21,"""","""",1,class->block->constructor->parameter_list
2,12,rectangle_java2.jpg,rectangle_java2.jpg,1699820187,76,832.5942105263158,333.76157894736843,826.5,331,23,19,x1,2,class->block->constructor->block->block_content->expr_stmt->expr->name->name,
2,12,rectangle_java2.jpg,rectangle_java2.jpg,1699936405,112,833.6217857142857,335.51,826.5,331,23,19,x1,2,class->block->constructor->block->block_content->expr_stmt->expr->name->name,
2,12,rectangle_java2.jpg,rectangle_java2.jpg,1700132495,192,804.2225,332.5314583333333,806.5,331,15,19,=,1,class->block->constructor->block->block_content->expr_stmt->expr->operator,
2,12,rectangle_java2.jpg,rectangle_java2.jpg,1700328263,160,864.85425,332.552,856.5,331,10,19,;,1,class->block->constructor->block->block_content->expr_stmt,
2,12,rectangle_java2.jpg,rectangle_java2.jpg,1700736257,76,860.9521052631579,358.3284210526316,856.5,367,10,21,;,1,class->block->constructor->block->block_content->expr_stmt,
2,12,rectangle_java2.jpg,rectangle_java2.jpg,1701020101,60,811.6413333333334,337.9666666666667,806.5,331,15,19,=,1,class->block->constructor->block->block_content->expr_stmt->expr->operator,
2,12,rectangle_java2.jpg,rectangle_java2.jpg,1701116026,92,801.4482608695653,335.7795652173913,730.5,331,71,19,this.x1,7,class->block->constructor->block->block_content->expr_stmt->expr->name->name->operator->name,
2,12,rectangle_java2.jpg,rectangle_java2.jpg,1701116026,92,801.4482608695653,335.7795652173913,806.5,331,15,19,=,1,class->block->constructor->block->block_content->expr_stmt->expr->operator,
2,12,rectangle_java2.jpg,rectangle_java2.jpg,1701188002,68,805.2070588235295,355.94941176470587,806.5,367,15,21,=,1,class->block->constructor->block->block_content->expr_stmt->expr->operator,
2,12,rectangle_java2.jpg,rectangle_java2.jpg,1701400050,156,826.4746153846154,369.7717948717949,826.5,367,23,21,y1,2,class->block->constructor->block->block_content->expr_stmt->expr->name->name,
2,12,rectangle_java2.jpg,rectangle_java2.jpg,1701688083,284,829.5981690140845,369.347323943662,826.5,367,23,21,y1,2,class->block->constructor->block->block_content->expr_stmt->expr->name->name,
2,12,rectangle_java2.jpg,rectangle_java2.jpg,1702400070,144,864.1366666666667,327.0911111111111,856.5,331,10,19,;,1,class->block->constructor->block->block_content->expr_stmt,
2,12,rectangle_java2.jpg,rectangle_java2.jpg,1702532049,116,792.0151724137932,334.4731034482759,730.5,331,71,19,this.x1,7,class->block->constructor->block->block_content->expr_stmt->expr->name->name->operator->name,
2,12,rectangle_java2.jpg,rectangle_java2.jpg,1702624041,88,789.6163636363636,327.3190909090909,730.5,331,71,19,this.x1,7,class->block->constructor->block->block_content->expr_stmt->expr->name->name->operator->name,
2,12,rectangle_java2.jpg,rectangle_java2.jpg,1702831987,132,847.9021212121212,327.0712121212121,826.5,331,23,19,x1,2,class->block->constructor->block->block_content->expr_stmt->expr->name->name,
2,12,rectangle_java2.jpg,rectangle_java2.jpg,1702831987,132,847.9021212121212,327.0712121212121,856.5,331,10,19,;,1,class->block->constructor->block->block_content->expr_stmt,
2,12,rectangle_java2.jpg,rectangle_java2.jpg,1703351934,96,855.0283333333333,371.22791666666666,856.5,367,10,21,;,1,class->block->constructor->block->block_content->expr_stmt,
2,12,rectangle_java2.jpg,rectangle_java2.jpg,1703475928,72,855.5811111111111,380.285,856.5,367,10,21,;,1,class->block->constructor->block->block_content->expr_stmt,
2,12,rectangle_java2.jpg,rectangle_java2.jpg,1704523936,108,773.7985185185184,228.64629629629636,715.5,222,90,21,Rectangle,9,class->name,
2,12,rectangle_java2.jpg,rectangle_java2.jpg,1704699909,148,749.5672972972973,249.8275675675676,747.5,259,33,21,int,3,class->block->decl_stmt->decl->type->name,
2,12,rectangle_java2.jpg,rectangle_java2.jpg,1704771905,68,743.8117647058824,236.48411764705884,715.5,222,90,21,Rectangle,9,class->name,
2,12,rectangle_java2.jpg,rectangle_java2.jpg,1704951811,128,741.9046875,211.6484375,715.5,222,90,21,Rectangle,9,class->name,
2,12,rectangle_java2.jpg,rectangle_java2.jpg,1705015799,60,757.3433333333334,221.43133333333333,715.5,222,90,21,Rectangle,9,class->name,
2,12,rectangle_java2.jpg,rectangle_java2.jpg,1705247890,196,808.895306122449,217.7671428571429,813.5,222,10,21,{,1,class->block,
2,12,rectangle_java2.jpg,rectangle_java2.jpg,1705999834,212,814.7947169811321,343.3843396226415,806.5,331,15,19,=,1,class->block->constructor->block->block_content->expr_stmt->expr->operator,
2,12,rectangle_java2.jpg,rectangle_java2.jpg,1705999834,212,814.7947169811321,343.3843396226415,826.5,331,23,19,x1,2,class->block->constructor->block->block_content->expr_stmt->expr->name->name,
2,12,rectangle_java2.jpg,rectangle_java2.jpg,1706175876,80,863.192,333.8335,856.5,331,10,19,;,1,class->block->constructor->block->block_content->expr_stmt,
2,12,rectangle_java2.jpg,rectangle_java2.jpg,1706375792,100,842.1504,373.706,826.5,367,23,21,y1,2,class->block->constructor->block->block_content->expr_stmt->expr->name->name,
2,12,rectangle_java2.jpg,rectangle_java2.jpg,1706523830,144,839.1744444444445,382.74555555555554,826.5,367,23,21,y1,2,class->block->constructor->block->block_content->expr_stmt->expr->name->name,
2,12,rectangle_java2.jpg,rectangle_java2.jpg,1706995802,176,859.3375,378.8752272727273,856.5,367,10,21,;,1,class->block->constructor->block->block_content->expr_stmt,
2,12,rectangle_java2.jpg,rectangle_java2.jpg,1707263752,264,853.6819696969696,404.72515151515154,856.5,404,10,19,;,1,class->block->constructor->block->block_content->expr_stmt,
2,12,rectangle_java2.jpg,rectangle_java2.jpg,1707475669,208,838.1113461538462,399.9107692307692,826.5,404,23,19,x2,2,class->block->constructor->block->block_content->expr_stmt->expr->name->name,
2,12,rectangle_java2.jpg,rectangle_java2.jpg,1708027837,180,818.0893333333333,438.7115555555556,806.5,440,15,21,=,1,class->block->constructor->block->block_content->expr_stmt->expr->operator,
2,12,rectangle_java2.jpg,rectangle_java2.jpg,1708027837,180,818.0893333333333,438.7115555555556,826.5,440,23,21,y2,2,class->block->constructor->block->block_content->expr_stmt->expr->name->name,
2,12,rectangle_java2.jpg,rectangle_java2.jpg,1708171759,140,810.9354285714286,436.6631428571429,806.5,440,15,21,=,1,class->block->constructor->block->block_content->expr_stmt->expr->operator,
2,12,rectangle_java2.jpg,rectangle_java2.jpg,1708363691,156,862.8082051282051,442.9346153846154,856.5,440,10,21,;,1,class->block->constructor->block->block_content->expr_stmt,
2,12,rectangle_java2.jpg,rectangle_java2.jpg,1709147633,64,835.629375,445.67875,826.5,440,23,21,y2,2,class->block->constructor->block->block_content->expr_stmt->expr->name->name,
2,12,rectangle_java2.jpg,rectangle_java2.jpg,1709347704,196,832.1695918367346,453.92591836734687,826.5,440,23,21,y2,2,class->block->constructor->block->block_content->expr_stmt->expr->name->name,
2,12,rectangle_java2.jpg,rectangle_java2.jpg,1709523660,156,804.1582051282052,501.9446153846154,775.5,512,53,21,width,5,class->block->function->name,
2,12,rectangle_java2.jpg,rectangle_java2.jpg,1709767344,208,754.3396153846154,517.1734615384615,737.5,512,33,21,int,3,class->block->function->type->name,
2,12,rectangle_java2.jpg,rectangle_java2.jpg,1710227543,200,823.5832,523.7308,775.5,512,53,21,width,5,class->block->function->name,
2,12,rectangle_java2.jpg,rectangle_java2.jpg,1710287544,56,821.6664285714286,532.6114285714285,775.5,512,53,21,width,5,class->block->function->name,
2,12,rectangle_java2.jpg,rectangle_java2.jpg,1710475514,124,766.1893548387097,528.7358064516129,737.5,512,33,21,int,3,class->block->function->type->name,
2,12,rectangle_java2.jpg,rectangle_java2.jpg,1710475514,124,766.1893548387097,528.7358064516129,775.5,512,53,21,width,5,class->block->function->name,
2,12,rectangle_java2.jpg,rectangle_java2.jpg,1710875439,136,960.2826470588236,537.2808823529411,900.5,549,63,21,return,6,class->block->function->block->block_content->return,
2,12,rectangle_java2.jpg,rectangle_java2.jpg,1710875439,136,960.2826470588236,537.2808823529411,968.5,549,70,21,this.y2,7,class->block->function->block->block_content->return->expr->name->name->operator->name,
2,12,rectangle_java2.jpg,rectangle_java2.jpg,1711271424,68,841.3076470588235,562.1247058823529,846.5,549,10,21,(,1,class->block->function->parameter_list,
2,12,rectangle_java2.jpg,rectangle_java2.jpg,1711391436,60,830.9953333333333,547.5346666666667,775.5,549,62,21,height,6,class->block->function->name,
2,12,rectangle_java2.jpg,rectangle_java2.jpg,1711611535,180,790.4764444444445,564.3442222222222,775.5,549,62,21,height,6,class->block->function->name,
2,12,rectangle_java2.jpg,rectangle_java2.jpg,1711863560,248,782.7695161290322,547.7882258064516,775.5,549,62,21,height,6,class->block->function->name,
2,12,rectangle_java2.jpg,rectangle_java2.jpg,1712071457,160,827.5275,567.82575,775.5,549,62,21,height,6,class->block->function->name,
2,12,rectangle_java2.jpg,rectangle_java2.jpg,1712207465,132,831.8324242424243,549.3936363636363,775.5,549,62,21,height,6,class->block->function->name,
2,12,rectangle_java2.jpg,rectangle_java2.jpg,1712383415,132,794.8681818181818,556.6112121212121,775.5,549,62,21,height,6,class->block->function->name,
2,12,rectangle_java2.jpg,rectangle_java2.jpg,1712771295,148,808.8664864864865,551.5224324324324,775.5,549,62,21,height,6,class->block->function->name,
2,12,rectangle_java2.jpg,rectangle_java2.jpg,1713031375,212,870.0775471698113,564.3756603773585,863.5,549,9,21,),1,class->block->function->parameter_list,
2,12,rectangle_java2.jpg,rectangle_java2.jpg,1713119362,72,925.0366666666666,562.0283333333333,900.5,549,63,21,return,6,class->block->function->block->block_content->return,
2,12,rectangle_java2.jpg,rectangle_java2.jpg,1713231299,108,921.827037037037,553.5707407407408,900.5,549,63,21,return,6,class->block->function->block->block_content->return,
2,12,rectangle_java2.jpg,rectangle_java2.jpg,1713395262,112,986.5975,561.0425,968.5,549,70,21,this.y2,7,class->block->function->block->block_content->return->expr->name->name->operator->name,
2,12,rectangle_java2.jpg,rectangle_java2.jpg,1713635303,156,1053.398717948718,566.6776923076923,1045.5,549,13,21,-,1,class->block->function->block->block_content->return->expr->operator,
2,12,rectangle_java2.jpg,rectangle_java2.jpg,1713635303,156,1053.398717948718,566.6776923076923,1064.5,549,71,21,this.y1,7,class->block->function->block->block_content->return->expr->name->name->operator->name,
2,12,rectangle_java2.jpg,rectangle_java2.jpg,1713923351,116,1007.3420689655172,565.6313793103449,968.5,549,70,21,this.y2,7,class->block->function->block->block_content->return->expr->name->name->operator->name,
2,12,rectangle_java2.jpg,rectangle_java2.jpg,1714047333,120,1008.208,574.7793333333333,977.5,585,101,21,this.width,10,class->block->function->block->block_content->return->expr->call->name->name->operator->name,
2,12,rectangle_java2.jpg,rectangle_java2.jpg,1714279110,220,1118.8725454545454,554.1376363636364,1064.5,549,71,21,this.y1,7,class->block->function->block->block_content->return->expr->name->name->operator->name,
2,12,rectangle_java2.jpg,rectangle_java2.jpg,1714707176,180,1154.6097777777777,559.3444444444444,1161.5,549,10,21,},1,class->block->function->block,
2,12,rectangle_java2.jpg,rectangle_java2.jpg,1714767118,56,1147.922857142857,562.045,1142.5,549,10,21,;,1,class->block->function->block->block_content->return,
2,12,rectangle_java2.jpg,rectangle_java2.jpg,1715122991,180,859.3544444444444,566.8848888888889,863.5,549,9,21,),1,class->block->function->parameter_list,
2,12,rectangle_java2.jpg,rectangle_java2.jpg,1715303143,100,798.3116,574.6656,737.5,585,62,21,double,6,class->block->function->type->name,
2,12,rectangle_java2.jpg,rectangle_java2.jpg,1715303143,100,798.3116,574.6656,804.5,585,43,21,area,4,class->block->function->name,
2,12,rectangle_java2.jpg,rectangle_java2.jpg,1715599296,144,852.5058333333334,587.0616666666667,856.5,585,9,21,(,1,class->block->function->parameter_list,
2,12,rectangle_java2.jpg,rectangle_java2.jpg,1715743192,132,923.2209090909092,593.0093939393939,910.5,585,62,21,return,6,class->block->function->block->block_content->return,
2,12,rectangle_java2.jpg,rectangle_java2.jpg,1715935161,188,915.4644680851064,596.6144680851064,910.5,585,62,21,return,6,class->block->function->block->block_content->return,
2,12,rectangle_java2.jpg,rectangle_java2.jpg,1716095332,116,852.7765517241379,598.4272413793103,856.5,585,9,21,(,1,class->block->function->parameter_list,
2,12,rectangle_java2.jpg,rectangle_java2.jpg,1716451100,304,1050.4719736842103,600.6121052631579,977.5,585,101,21,this.width,10,class->block->function->block->block_content->return->expr->call->name->name->operator->name,
2,12,rectangle_java2.jpg,rectangle_java2.jpg,1716531064,76,1054.2673684210529,577.3294736842105,977.5,585,101,21,this.width,10,class->block->function->block->block_content->return->expr->call->name->name->operator->name,
2,12,rectangle_java2.jpg,rectangle_java2.jpg,1716739078,168,1099.1161904761905,595.9811904761905,1103.5,585,9,21,),1,class->block->function->block->block_content->return->expr->call->argument_list,
2,12,rectangle_java2.jpg,rectangle_java2.jpg,1716915056,124,842.2425806451613,603.4012903225806,804.5,585,43,21,area,4,class->block->function->name,
2,12,rectangle_java2.jpg,rectangle_java2.jpg,1717071027,104,818.751923076923,623.2192307692308,804.5,621,44,21,void,4,class->block->function->type->name,
2,12,rectangle_java2.jpg,rectangle_java2.jpg,1717247218,172,808.9511627906977,619.8002325581396,804.5,621,44,21,void,4,class->block->function->type->name,
2,12,rectangle_java2.jpg,rectangle_java2.jpg,1717427730,176,813.5490909090909,620.0181818181818,804.5,621,44,21,void,4,class->block->function->type->name,
2,12,rectangle_java2.jpg,rectangle_java2.jpg,1717555241,104,859.3338461538461,648.3826923076923,826.5,658,52,20,rect1,5,class->block->function->block->block_content->decl_stmt->decl->name,
2,12,rectangle_java2.jpg,rectangle_java2.jpg,1717667065,108,866.6177777777777,669.1125925925926,826.5,658,52,20,rect1,5,class->block->function->block->block_content->decl_stmt->decl->name,
2,12,rectangle_java2.jpg,rectangle_java2.jpg,1717971092,292,845.3873972602739,569.3534246575342,846.5,549,10,21,(,1,class->block->function->parameter_list,
2,12,rectangle_java2.jpg,rectangle_java2.jpg,1718238658,232,901.2839655172414,580.0734482758621,893.5,585,10,21,{,1,class->block->function->block,
2,12,rectangle_java2.jpg,rectangle_java2.jpg,1718238658,232,901.2839655172414,580.0734482758621,910.5,585,62,21,return,6,class->block->function->block->block_content->return,
2,12,rectangle_java2.jpg,rectangle_java2.jpg,1718446760,176,969.7897727272727,580.5834090909091,910.5,585,62,21,return,6,class->block->function->block->block_content->return,
2,12,rectangle_java2.jpg,rectangle_java2.jpg,1718446760,176,969.7897727272727,580.5834090909091,977.5,585,101,21,this.width,10,class->block->function->block->block_content->return->expr->call->name->name->operator->name,
2,12,rectangle_java2.jpg,rectangle_java2.jpg,1718662886,140,1010.8505714285716,601.624,977.5,585,101,21,this.width,10,class->block->function->block->block_content->return->expr->call->name->name->operator->name,
2,12,rectangle_java2.jpg,rectangle_java2.jpg,1718766881,100,1023.0812,592.564,977.5,585,101,21,this.width,10,class->block->function->block->block_content->return->expr->call->name->name->operator->name,
2,12,rectangle_java2.jpg,rectangle_java2.jpg,1718886913,116,1037.5210344827583,592.9696551724138,977.5,585,101,21,this.width,10,class->block->function->block->block_content->return->expr->call->name->name->operator->name,
2,12,rectangle_java2.jpg,rectangle_java2.jpg,1719054981,108,1055.0396296296296,586.7377777777778,977.5,585,101,21,this.width,10,class->block->function->block->block_content->return->expr->call->name->name->operator->name,
2,12,rectangle_java2.jpg,rectangle_java2.jpg,1719174945,96,1088.00375,587.7820833333333,1086.5,585,10,21,(,1,class->block->function->block->block_content->return->expr->call->argument_list,
2,12,rectangle_java2.jpg,rectangle_java2.jpg,1719242935,64,1090.6275,587.493125,1086.5,585,10,21,(,1,class->block->function->block->block_content->return->expr->call->argument_list,
2,12,rectangle_java2.jpg,rectangle_java2.jpg,1719494940,64,861.0375,654.485625,826.5,658,52,20,rect1,5,class->block->function->block->block_content->decl_stmt->decl->name,
2,12,rectangle_java2.jpg,rectangle_java2.jpg,1719586924,88,826.3740909090909,637.6545454545454,804.5,621,44,21,void,4,class->block->function->type->name,
2,12,rectangle_java2.jpg,rectangle_java2.jpg,1719794896,204,821.6194117647059,628.214705882353,804.5,621,44,21,void,4,class->block->function->type->name,
2,12,rectangle_java2.jpg,rectangle_java2.jpg,1719870827,72,812.3255555555555,624.835,804.5,621,44,21,void,4,class->block->function->type->name,
2,12,rectangle_java2.jpg,rectangle_java2.jpg,1719990598,116,809.2106896551725,637.8120689655173,804.5,621,44,21,void,4,class->block->function->type->name,
2,12,rectangle_java2.jpg,rectangle_java2.jpg,1720098609,88,860.7,669.7118181818182,826.5,658,52,20,rect1,5,class->block->function->block->block_content->decl_stmt->decl->name,
2,12,rectangle_java2.jpg,rectangle_java2.jpg,1720162671,60,854.916,685.4646666666666,730.5,694,177,21,System.out.println,18,class->block->function->block->block_content->expr_stmt->expr->call->name->name->operator->name->operator->name,
2,12,rectangle_java2.jpg,rectangle_java2.jpg,1720266733,100,855.8004,692.8,730.5,694,177,21,System.out.println,18,class->block->function->block->block_content->expr_stmt->expr->call->name->name->operator->name->operator->name,
2,12,rectangle_java2.jpg,rectangle_java2.jpg,1720358776,60,917.538,667.6666666666666,902.5,658,34,20,new,3,class->block->function->block->block_content->decl_stmt->decl->init->expr->operator,
2,12,rectangle_java2.jpg,rectangle_java2.jpg,1720438798,76,932.927894736842,651.2552631578948,902.5,658,34,20,new,3,class->block->function->block->block_content->decl_stmt->decl->init->expr->operator,
2,12,rectangle_java2.jpg,rectangle_java2.jpg,1720438798,76,932.927894736842,651.2552631578948,941.5,658,91,20,Rectangle,9,class->block->function->block->block_content->decl_stmt->decl->init->expr->call->name,
2,12,rectangle_java2.jpg,rectangle_java2.jpg,1720882941,104,858.6503846153846,588.598076923077,856.5,585,9,21,(,1,class->block->function->parameter_list,
2,12,rectangle_java2.jpg,rectangle_java2.jpg,1721018775,108,837.7492592592592,556.0448148148148,846.5,549,10,21,(,1,class->block->function->parameter_list,
2,12,rectangle_java2.jpg,rectangle_java2.jpg,1721130792,108,842.08,565.5248148148148,846.5,549,10,21,(,1,class->block->function->parameter_list,
2,12,rectangle_java2.jpg,rectangle_java2.jpg,1721386744,212,791.7656603773585,556.9537735849057,775.5,549,62,21,height,6,class->block->function->name,
2,12,rectangle_java2.jpg,rectangle_java2.jpg,1721606735,188,879.4731914893617,566.5948936170213,883.5,549,10,21,{,1,class->block->function->block,
2,12,rectangle_java2.jpg,rectangle_java2.jpg,1721678746,68,883.1547058823529,567.8082352941176,883.5,549,10,21,{,1,class->block->function->block,
2,12,rectangle_java2.jpg,rectangle_java2.jpg,1721858718,152,939.1868421052632,567.6757894736842,900.5,549,63,21,return,6,class->block->function->block->block_content->return,
2,12,rectangle_java2.jpg,rectangle_java2.jpg,1722062663,140,1023.716,565.2894285714286,968.5,549,70,21,this.y2,7,class->block->function->block->block_content->return->expr->name->name->operator->name,
2,12,rectangle_java2.jpg,rectangle_java2.jpg,1722214684,148,1030.1932432432432,561.8808108108108,968.5,549,70,21,this.y2,7,class->block->function->block->block_content->return->expr->name->name->operator->name,
2,12,rectangle_java2.jpg,rectangle_java2.jpg,1722278677,60,1035.934,559.6773333333333,968.5,549,70,21,this.y2,7,class->block->function->block->block_content->return->expr->name->name->operator->name,
2,12,rectangle_java2.jpg,rectangle_java2.jpg,1722278677,60,1035.934,559.6773333333333,1045.5,549,13,21,-,1,class->block->function->block->block_content->return->expr->operator,
2,12,rectangle_java2.jpg,rectangle_java2.jpg,1722530701,68,1125.769411764706,558.3576470588235,1064.5,549,71,21,this.y1,7,class->block->function->block->block_content->return->expr->name->name->operator->name,
2,12,rectangle_java2.jpg,rectangle_java2.jpg,1722690710,156,1130.6592307692308,547.8692307692307,1064.5,549,71,21,this.y1,7,class->block->function->block->block_content->return->expr->name->name->operator->name,
2,12,rectangle_java2.jpg,rectangle_java2.jpg,1722690710,156,1130.6592307692308,547.8692307692307,1142.5,549,10,21,;,1,class->block->function->block->block_content->return,
2,12,rectangle_java2.jpg,rectangle_java2.jpg,1722770683,60,1168.418,569.5053333333334,1161.5,549,10,21,},1,class->block->function->block,
2,12,rectangle_java2.jpg,rectangle_java2.jpg,1722914778,140,1169.7122857142856,564.8677142857143,1161.5,549,10,21,},1,class->block->function->block,
2,12,rectangle_java2.jpg,rectangle_java2.jpg,1723442677,152,1128.2286842105264,566.7631578947369,1064.5,549,71,21,this.y1,7,class->block->function->block->block_content->return->expr->name->name->operator->name,
2,12,rectangle_java2.jpg,rectangle_java2.jpg,1723530711,84,1070.8757142857144,569.8285714285714,1064.5,549,71,21,this.y1,7,class->block->function->block->block_content->return->expr->name->name->operator->name,
2,12,rectangle_java2.jpg,rectangle_java2.jpg,1723698819,164,1078.3356097560977,561.3365853658537,1064.5,549,71,21,this.y1,7,class->block->function->block->block_content->return->expr->name->name->operator->name,
2,12,rectangle_java2.jpg,rectangle_java2.jpg,1723830717,128,1075.800625,577.9425,977.5,585,101,21,this.width,10,class->block->function->block->block_content->return->expr->call->name->name->operator->name,
2,12,rectangle_java2.jpg,rectangle_java2.jpg,1723830717,128,1075.800625,577.9425,1086.5,585,10,21,(,1,class->block->function->block->block_content->return->expr->call->argument_list,
2,12,rectangle_java2.jpg,rectangle_java2.jpg,1724090492,156,1116.2117948717948,561.8235897435898,1064.5,549,71,21,this.y1,7,class->block->function->block->block_content->return->expr->name->name->operator->name,
2,12,rectangle_java2.jpg,rectangle_java2.jpg,1724190693,96,1117.8575,550.0029166666667,1064.5,549,71,21,this.y1,7,class->block->function->block->block_content->return->expr->name->name->operator->name,
2,12,rectangle_java2.jpg,rectangle_java2.jpg,1724666501,140,883.5577142857143,577.5614285714286,893.5,585,10,21,{,1,class->block->function->block,
2,12,rectangle_java2.jpg,rectangle_java2.jpg,1724806503,96,850.8920833333333,583.6341666666667,856.5,585,9,21,(,1,class->block->function->parameter_list,
2,12,rectangle_java2.jpg,rectangle_java2.jpg,1724902514,92,850.0791304347827,598.8330434782608,856.5,585,9,21,(,1,class->block->function->parameter_list,
2,12,rectangle_java2.jpg,rectangle_java2.jpg,1725082196,176,847.3220454545454,585.8597727272727,804.5,585,43,21,area,4,class->block->function->name,
2,12,rectangle_java2.jpg,rectangle_java2.jpg,1725082196,176,847.3220454545454,585.8597727272727,856.5,585,9,21,(,1,class->block->function->parameter_list,
2,12,rectangle_java2.jpg,rectangle_java2.jpg,1725210075,104,815.1234615384616,613.0211538461539,804.5,621,44,21,void,4,class->block->function->type->name,
2,12,rectangle_java2.jpg,rectangle_java2.jpg,1725434494,220,814.4918181818182,611.372,804.5,621,44,21,void,4,class->block->function->type->name,
2,12,rectangle_java2.jpg,rectangle_java2.jpg,1725506500,68,827.8670588235294,611.1870588235294,804.5,621,44,21,void,4,class->block->function->type->name,
2,12,rectangle_java2.jpg,rectangle_java2.jpg,1725686477,88,858.4386363636364,576.3581818181818,856.5,585,9,21,(,1,class->block->function->parameter_list,
2,12,rectangle_java2.jpg,rectangle_java2.jpg,1725770496,80,852.282,597.5365,856.5,585,9,21,(,1,class->block->function->parameter_list,
2,12,rectangle_java2.jpg,rectangle_java2.jpg,1725902485,60,916.6453333333332,590.39,910.5,585,62,21,return,6,class->block->function->block->block_content->return,
2,12,rectangle_java2.jpg,rectangle_java2.jpg,1726058424,152,907.8086842105264,583.8818421052631,910.5,585,62,21,return,6,class->block->function->block->block_content->return,
2,12,rectangle_java2.jpg,rectangle_java2.jpg,1726150424,88,919.2104545454546,604.1322727272727,910.5,585,62,21,return,6,class->block->function->block->block_content->return,
2,12,rectangle_java2.jpg,rectangle_java2.jpg,1726254434,88,1051.2127272727273,604.7818181818182,977.5,585,101,21,this.width,10,class->block->function->block->block_content->return->expr->call->name->name->operator->name,
2,12,rectangle_java2.jpg,rectangle_java2.jpg,1726330442,72,1055.2683333333334,593.8733333333333,977.5,585,101,21,this.width,10,class->block->function->block->block_content->return->expr->call->name->name->operator->name,
2,12,rectangle_java2.jpg,rectangle_java2.jpg,1726538552,204,1036.8435294117646,584.6094117647059,977.5,585,101,21,this.width,10,class->block->function->block->block_content->return->expr->call->name->name->operator->name,
2,12,rectangle_java2.jpg,rectangle_java2.jpg,1726622588,80,1030.855,592.8705,977.5,585,101,21,this.width,10,class->block->function->block->block_content->return->expr->call->name->name->operator->name,
2,12,rectangle_java2.jpg,rectangle_java2.jpg,1726854453,148,1075.232702702703,603.747027027027,977.5,585,101,21,this.width,10,class->block->function->block->block_content->return->expr->call->name->name->operator->name,
2,12,rectangle_java2.jpg,rectangle_java2.jpg,1726854453,148,1075.232702702703,603.747027027027,1086.5,585,10,21,(,1,class->block->function->block->block_content->return->expr->call->argument_list,
2,12,rectangle_java2.jpg,rectangle_java2.jpg,1726958419,100,1070.686,586.3288,977.5,585,101,21,this.width,10,class->block->function->block->block_content->return->expr->call->name->name->operator->name,
2,12,rectangle_java2.jpg,rectangle_java2.jpg,1727214379,108,1106.8088888888888,584.2481481481482,1103.5,585,9,21,),1,class->block->function->block->block_content->return->expr->call->argument_list,
2,12,rectangle_java2.jpg,rectangle_java2.jpg,1727282409,64,1062.191875,580.555625,977.5,585,101,21,this.width,10,class->block->function->block->block_content->return->expr->call->name->name->operator->name,
2,12,rectangle_java2.jpg,rectangle_java2.jpg,1727406460,120,1059.499,590.6376666666666,977.5,585,101,21,this.width,10,class->block->function->block->block_content->return->expr->call->name->name->operator->name,
2,12,rectangle_java2.jpg,rectangle_java2.jpg,1727494471,76,886.4531578947368,602.9752631578947,893.5,585,10,21,{,1,class->block->function->block,
2,12,rectangle_java2.jpg,rectangle_java2.jpg,1727630459,132,886.6257575757576,590.1987878787879,893.5,585,10,21,{,1,class->block->function->block,
2,12,rectangle_java2.jpg,rectangle_java2.jpg,1727734375,84,851.0495238095239,597.16,856.5,585,9,21,(,1,class->block->function->parameter_list,
2,12,rectangle_java2.jpg,rectangle_java2.jpg,1727862312,124,852.3306451612904,598.1067741935484,856.5,585,9,21,(,1,class->block->function->parameter_list,
2,12,rectangle_java2.jpg,rectangle_java2.jpg,1728034285,136,907.385,586.3158823529412,910.5,585,62,21,return,6,class->block->function->block->block_content->return,
2,12,rectangle_java2.jpg,rectangle_java2.jpg,1728166261,128,910.4625,601.6428125,910.5,585,62,21,return,6,class->block->function->block->block_content->return,
2,12,rectangle_java2.jpg,rectangle_java2.jpg,1729082240,116,855.9027586206896,645.5862068965517,826.5,658,52,20,rect1,5,class->block->function->block->block_content->decl_stmt->decl->name,
2,12,rectangle_java2.jpg,rectangle_java2.jpg,1729310302,148,801.1724324324324,626.9602702702703,804.5,621,44,21,void,4,class->block->function->type->name,
2,12,rectangle_java2.jpg,rectangle_java2.jpg,1729422344,108,800.8848148148148,631.8022222222222,804.5,621,44,21,void,4,class->block->function->type->name,
2,12,rectangle_java2.jpg,rectangle_java2.jpg,1729514397,68,868.3570588235294,669.2405882352941,826.5,658,52,20,rect1,5,class->block->function->block->block_content->decl_stmt->decl->name,
2,12,rectangle_java2.jpg,rectangle_java2.jpg,1729690286,172,880.1002325581395,659.0348837209302,883.5,658,15,20,=,1,class->block->function->block->block_content->decl_stmt->decl->init,
2,12,rectangle_java2.jpg,rectangle_java2.jpg,1729778159,56,1051.438571428571,655.4228571428572,1057.5,658,13,20,0,1,class->block->function->block->block_content->decl_stmt->decl->init->expr->call->argument_list->argument->expr->literal,
2,12,rectangle_java2.jpg,rectangle_java2.jpg,1729862133,80,1047.4915,668.379,1041.5,658,9,20,(,1,class->block->function->block->block_content->decl_stmt->decl->init->expr->call->argument_list,
2,12,rectangle_java2.jpg,rectangle_java2.jpg,1729862133,80,1047.4915,668.379,1057.5,658,13,20,0,1,class->block->function->block->block_content->decl_stmt->decl->init->expr->call->argument_list->argument->expr->literal,
2,12,rectangle_java2.jpg,rectangle_java2.jpg,1729938145,72,1051.831111111111,655.2983333333333,1057.5,658,13,20,0,1,class->block->function->block->block_content->decl_stmt->decl->init->expr->call->argument_list->argument->expr->literal,
2,12,rectangle_java2.jpg,rectangle_java2.jpg,1730018161,76,1061.9794736842105,664.5194736842105,1057.5,658,13,20,0,1,class->block->function->block->block_content->decl_stmt->decl->init->expr->call->argument_list->argument->expr->literal,
2,12,rectangle_java2.jpg,rectangle_java2.jpg,1730418138,92,1191.8347826086956,650.9821739130435,1182.5,658,22,20,10,2,class->block->function->block->block_content->decl_stmt->decl->init->expr->call->argument_list->argument->expr->literal,
2,12,rectangle_java2.jpg,rectangle_java2.jpg,1730638138,88,831.6354545454545,728.8145454545454,826.5,731,51,20,rect2,5,class->block->function->block->block_content->decl_stmt->decl->name,
2,12,rectangle_java2.jpg,rectangle_java2.jpg,1730894192,160,816.00125,748.66125,730.5,731,91,20,Rectangle,9,class->block->function->block->block_content->decl_stmt->decl->type->name,
2,12,rectangle_java2.jpg,rectangle_java2.jpg,1730894192,160,816.00125,748.66125,826.5,731,51,20,rect2,5,class->block->function->block->block_content->decl_stmt->decl->name,
2,12,rectangle_java2.jpg,rectangle_java2.jpg,1731062230,76,876.7147368421053,750.641052631579,826.5,731,51,20,rect2,5,class->block->function->block->block_content->decl_stmt->decl->name,
2,12,rectangle_java2.jpg,rectangle_java2.jpg,1731062230,76,876.7147368421053,750.641052631579,883.5,731,15,20,=,1,class->block->function->block->block_content->decl_stmt->decl->init,
2,12,rectangle_java2.jpg,rectangle_java2.jpg,1731218219,152,877.7194736842105,775.3765789473684,730.5,766,177,21,System.out.println,18,class->block->function->block->block_content->expr_stmt->expr->call->name->name->operator->name->operator->name,
2,12,rectangle_java2.jpg,rectangle_java2.jpg,1731521886,256,826.3934375,646.4028125,826.5,658,52,20,rect1,5,class->block->function->block->block_content->decl_stmt->decl->name,
2,12,rectangle_java2.jpg,rectangle_java2.jpg,1731834087,88,843.3945454545454,660.3827272727273,826.5,658,52,20,rect1,5,class->block->function->block->block_content->decl_stmt->decl->name,
2,12,rectangle_java2.jpg,rectangle_java2.jpg,1731958030,92,843.4765217391305,637.1108695652174,804.5,621,44,21,void,4,class->block->function->type->name,
2,12,rectangle_java2.jpg,rectangle_java2.jpg,1731958030,92,843.4765217391305,637.1108695652174,851.5,621,44,21,main,4,class->block->function->name,
2,12,rectangle_java2.jpg,rectangle_java2.jpg,1732065982,104,842.0223076923077,646.7638461538462,826.5,658,52,20,rect1,5,class->block->function->block->block_content->decl_stmt->decl->name,
2,12,rectangle_java2.jpg,rectangle_java2.jpg,1732473508,64,975.08625,655.171875,941.5,658,91,20,Rectangle,9,class->block->function->block->block_content->decl_stmt->decl->init->expr->call->name,
2,12,rectangle_java2.jpg,rectangle_java2.jpg,1732577581,100,975.082,667.9796,941.5,658,91,20,Rectangle,9,class->block->function->block->block_content->decl_stmt->decl->init->expr->call->name,
2,12,rectangle_java2.jpg,rectangle_java2.jpg,1732917997,228,1094.8770175438597,674.5191228070175,1095.5,658,13,20,0,1,class->block->function->block->block_content->decl_stmt->decl->init->expr->call->argument_list->argument->expr->literal,
2,12,rectangle_java2.jpg,rectangle_java2.jpg,1733277784,180,840.9015555555555,766.7002222222222,730.5,766,177,21,System.out.println,18,class->block->function->block->block_content->expr_stmt->expr->call->name->name->operator->name->operator->name,
2,12,rectangle_java2.jpg,rectangle_java2.jpg,1733421741,140,815.3074285714285,760.5868571428572,730.5,766,177,21,System.out.println,18,class->block->function->block->block_content->expr_stmt->expr->call->name->name->operator->name->operator->name,
2,12,rectangle_java2.jpg,rectangle_java2.jpg,1733713873,248,894.2451612903226,767.2722580645161,730.5,766,177,21,System.out.println,18,class->block->function->block->block_content->expr_stmt->expr->call->name->name->operator->name->operator->name,
2,12,rectangle_java2.jpg,rectangle_java2.jpg,1733785857,60,972.8746666666668,761.3573333333334,932.5,766,100,21,rect2.area,10,class->block->function->block->block_content->expr_stmt->expr->call->argument_list->argument->expr->call->name->name->operator->name,
2,12,rectangle_java2.jpg,rectangle_java2.jpg,1734277941,184,847.9184782608695,759.3789130434783,730.5,766,177,21,System.out.println,18,class->block->function->block->block_content->expr_stmt->expr->call->name->name->operator->name->operator->name,
2,12,rectangle_java2.jpg,rectangle_java2.jpg,1734441933,128,813.7503125000001,777.5203125,730.5,766,177,21,System.out.println,18,class->block->function->block->block_content->expr_stmt->expr->call->name->name->operator->name->operator->name,
2,12,rectangle_java2.jpg,rectangle_java2.jpg,1734573885,128,813.9103125,784.780625,730.5,766,177,21,System.out.println,18,class->block->function->block->block_content->expr_stmt->expr->call->name->name->operator->name->operator->name,
2,12,rectangle_java2.jpg,rectangle_java2.jpg,1738641617,104,868.3980769230769,778.5092307692307,730.5,766,177,21,System.out.println,18,class->block->function->block->block_content->expr_stmt->expr->call->name->name->operator->name->operator->name,
2,12,rectangle_java2.jpg,rectangle_java2.jpg,1741737330,56,840.6057142857143,765.2778571428571,730.5,766,177,21,System.out.println,18,class->block->function->block->block_content->expr_stmt->expr->call->name->name->operator->name->operator->name,
2,12,rectangle_java2.jpg,rectangle_java2.jpg,1742365359,56,865.8792857142857,781.3871428571429,730.5,766,177,21,System.out.println,18,class->block->function->block->block_content->expr_stmt->expr->call->name->name->operator->name->operator->name,
2,12,rectangle_java2.jpg,rectangle_java2.jpg,1742485391,116,860.2134482758621,769.0706896551724,730.5,766,177,21,System.out.println,18,class->block->function->block->block_content->expr_stmt->expr->call->name->name->operator->name->operator->name,
2,12,rectangle_java2.jpg,rectangle_java2.jpg,1744581183,184,850.7789130434783,755.9304347826087,730.5,766,177,21,System.out.println,18,class->block->function->block->block_content->expr_stmt->expr->call->name->name->operator->name->operator->name,
2,12,rectangle_java2.jpg,rectangle_java2.jpg,1750200783,112,786.9232142857143,558.5814285714285,775.5,549,62,21,height,6,class->block->function->name,
2,12,rectangle_java2.jpg,rectangle_java2.jpg,1750368558,128,804.0875,527.5728125,775.5,512,53,21,width,5,class->block->function->name,
2,12,rectangle_java2.jpg,rectangle_java2.jpg,1750620600,196,865.251224489796,530.6602040816326,874.5,512,10,21,{,1,class->block->function->block,
