trial,participant,code_file,code_language,timestamp,duration,x_cord,y_cord,aoi_x,aoi_y,aoi_width,aoi_height,token,length,srcML,
2,132,rectangle_java2.jpg,rectangle_java2.jpg,14617903076,108,796.9959259259259,454.4881481481482,730.5,440,71,21,this.y2,7,class->block->constructor->block->block_content->expr_stmt->expr->name->name->operator->name,
2,132,rectangle_java2.jpg,rectangle_java2.jpg,14617903076,108,796.9959259259259,454.4881481481482,806.5,440,15,21,=,1,class->block->constructor->block->block_content->expr_stmt->expr->operator,
2,132,rectangle_java2.jpg,rectangle_java2.jpg,14618011022,104,791.6165384615384,457.8657692307693,730.5,440,71,21,this.y2,7,class->block->constructor->block->block_content->expr_stmt->expr->name->name->operator->name,
2,132,rectangle_java2.jpg,rectangle_java2.jpg,14618151032,136,785.2020588235295,453.5694117647058,730.5,440,71,21,this.y2,7,class->block->constructor->block->block_content->expr_stmt->expr->name->name->operator->name,
2,132,rectangle_java2.jpg,rectangle_java2.jpg,14618343051,104,687.1542307692308,226.75153846153847,657.5,222,52,21,class,5,class,
2,132,rectangle_java2.jpg,rectangle_java2.jpg,14619319084,116,828.3848275862069,760.048275862069,730.5,766,177,21,System.out.println,18,class->block->function->block->block_content->expr_stmt->expr->call->name->name->operator->name->operator->name,
2,132,rectangle_java2.jpg,rectangle_java2.jpg,14619871032,164,785.7307317073171,446.6134146341464,730.5,440,71,21,this.y2,7,class->block->constructor->block->block_content->expr_stmt->expr->name->name->operator->name,
2,132,rectangle_java2.jpg,rectangle_java2.jpg,14620042972,112,833.2507142857143,455.3299999999999,826.5,440,23,21,y2,2,class->block->constructor->block->block_content->expr_stmt->expr->name->name,
2,132,rectangle_java2.jpg,rectangle_java2.jpg,14620194924,60,819.5206666666667,448.9893333333333,806.5,440,15,21,=,1,class->block->constructor->block->block_content->expr_stmt->expr->operator,
2,132,rectangle_java2.jpg,rectangle_java2.jpg,14620194924,60,819.5206666666667,448.9893333333333,826.5,440,23,21,y2,2,class->block->constructor->block->block_content->expr_stmt->expr->name->name,
2,132,rectangle_java2.jpg,rectangle_java2.jpg,14620582926,84,653.5809523809523,223.37761904761908,657.5,222,52,21,class,5,class,
2,132,rectangle_java2.jpg,rectangle_java2.jpg,14620914958,60,791.88,246.78200000000004,785.5,259,23,21,x1,2,class->block->decl_stmt->decl->name,
2,132,rectangle_java2.jpg,rectangle_java2.jpg,14620986965,68,797.1629411764706,262.32941176470587,785.5,259,23,21,x1,2,class->block->decl_stmt->decl->name,
2,132,rectangle_java2.jpg,rectangle_java2.jpg,14621830790,96,660.1775,812.8483333333334,672.5,804,10,18,},1,class->block->function->block,
2,132,rectangle_java2.jpg,rectangle_java2.jpg,14622122814,92,756.9095652173913,633.8778260869565,738.5,621,61,21,static,6,class->block->function->type->specifier,
2,132,rectangle_java2.jpg,rectangle_java2.jpg,14622214817,88,748.6677272727272,629.9872727272727,738.5,621,61,21,static,6,class->block->function->type->specifier,
2,132,rectangle_java2.jpg,rectangle_java2.jpg,14622906781,224,1069.6644642857143,634.8732142857143,1074.5,621,10,21,),1,class->block->function->parameter_list,
2,132,rectangle_java2.jpg,rectangle_java2.jpg,14623094833,84,1059.1804761904762,691.1414285714286,1057.5,694,10,21,),1,class->block->function->block->block_content->expr_stmt->expr->call->argument_list->argument->expr->call->argument_list,
2,132,rectangle_java2.jpg,rectangle_java2.jpg,14623158883,60,1077.321333333333,685.2946666666667,1077.5,694,9,21,),1,class->block->function->block->block_content->expr_stmt->expr->call->argument_list,
2,132,rectangle_java2.jpg,rectangle_java2.jpg,14623234921,72,1056.6205555555557,698.0033333333333,1057.5,694,10,21,),1,class->block->function->block->block_content->expr_stmt->expr->call->argument_list->argument->expr->call->argument_list,
2,132,rectangle_java2.jpg,rectangle_java2.jpg,14623354949,60,1060.6113333333333,686.4726666666667,1057.5,694,10,21,),1,class->block->function->block->block_content->expr_stmt->expr->call->argument_list->argument->expr->call->argument_list,
2,132,rectangle_java2.jpg,rectangle_java2.jpg,14623506888,72,733.5838888888889,584.7283333333334,737.5,585,62,21,double,6,class->block->function->type->name,
2,132,rectangle_java2.jpg,rectangle_java2.jpg,14623758486,60,620.102,239.366,589.5,222,63,21,public,6,class->specifier,
2,132,rectangle_java2.jpg,rectangle_java2.jpg,14624810680,124,829.7316129032258,315.0212903225806,837.5,295,9,21,(,1,class->block->constructor->parameter_list,
2,132,rectangle_java2.jpg,rectangle_java2.jpg,14624966697,56,761.0378571428571,330.7242857142857,730.5,331,71,19,this.x1,7,class->block->constructor->block->block_content->expr_stmt->expr->name->name->operator->name,
2,132,rectangle_java2.jpg,rectangle_java2.jpg,14625154718,80,758.528,348.6155,730.5,331,71,19,this.x1,7,class->block->constructor->block->block_content->expr_stmt->expr->name->name->operator->name,
2,132,rectangle_java2.jpg,rectangle_java2.jpg,14625338660,100,753.6104,334.792,730.5,331,71,19,this.x1,7,class->block->constructor->block->block_content->expr_stmt->expr->name->name->operator->name,
2,132,rectangle_java2.jpg,rectangle_java2.jpg,14625526360,100,703.3088,248.7868,669.5,259,72,21,private,7,class->block->decl_stmt->decl->type->specifier,
2,132,rectangle_java2.jpg,rectangle_java2.jpg,14625654418,124,698.9216129032258,258.1051612903226,669.5,259,72,21,private,7,class->block->decl_stmt->decl->type->specifier,
2,132,rectangle_java2.jpg,rectangle_java2.jpg,14625874513,108,777.44,264.5874074074074,747.5,259,33,21,int,3,class->block->decl_stmt->decl->type->name,
2,132,rectangle_java2.jpg,rectangle_java2.jpg,14625874513,108,777.44,264.5874074074074,785.5,259,23,21,x1,2,class->block->decl_stmt->decl->name,
2,132,rectangle_java2.jpg,rectangle_java2.jpg,14625958508,80,781.1045,277.513,785.5,259,23,21,x1,2,class->block->decl_stmt->decl->name,
2,132,rectangle_java2.jpg,rectangle_java2.jpg,14626062504,76,709.6094736842106,288.6242105263158,669.5,295,63,21,public,6,class->block->constructor->specifier,
2,132,rectangle_java2.jpg,rectangle_java2.jpg,14626146501,80,707.086,285.315,669.5,295,63,21,public,6,class->block->constructor->specifier,
2,132,rectangle_java2.jpg,rectangle_java2.jpg,14626390575,124,773.6251612903226,283.68225806451613,737.5,295,91,21,Rectangle,9,class->block->constructor->name,
2,132,rectangle_java2.jpg,rectangle_java2.jpg,14626510612,116,773.4937931034483,287.5193103448276,737.5,295,91,21,Rectangle,9,class->block->constructor->name,
2,132,rectangle_java2.jpg,rectangle_java2.jpg,14626754558,96,807.33625,286.79625,737.5,295,91,21,Rectangle,9,class->block->constructor->name,
2,132,rectangle_java2.jpg,rectangle_java2.jpg,14627002528,64,906.551875,298.8475,890.5,295,24,21,x1,2,class->block->constructor->parameter_list->parameter->decl->type->name,
2,132,rectangle_java2.jpg,rectangle_java2.jpg,14627130546,100,942.0396,291.4312,939.5,295,33,21,int,3,class->block->constructor->parameter_list->parameter->decl->type->name,
2,132,rectangle_java2.jpg,rectangle_java2.jpg,14627234556,60,967.116,295.45866666666666,939.5,295,33,21,int,3,class->block->constructor->parameter_list->parameter->decl->type->name,
2,132,rectangle_java2.jpg,rectangle_java2.jpg,14627234556,60,967.116,295.45866666666666,977.5,295,23,21,y1,2,class->block->constructor->parameter_list->parameter->decl->type->name,
2,132,rectangle_java2.jpg,rectangle_java2.jpg,14627294563,56,952.735,279.86285714285714,959.5,259,10,21,;,1,class->block->decl_stmt,
2,132,rectangle_java2.jpg,rectangle_java2.jpg,14627410537,64,947.935625,305.396875,939.5,295,33,21,int,3,class->block->constructor->parameter_list->parameter->decl->type->name,
2,132,rectangle_java2.jpg,rectangle_java2.jpg,14627534462,80,903.541,305.5935,890.5,295,24,21,x1,2,class->block->constructor->parameter_list->parameter->decl->type->name,
2,132,rectangle_java2.jpg,rectangle_java2.jpg,14627622438,84,901.8571428571428,308.2290476190476,890.5,295,24,21,x1,2,class->block->constructor->parameter_list->parameter->decl->type->name,
2,132,rectangle_java2.jpg,rectangle_java2.jpg,14628066391,132,697.7730303030303,283.0478787878788,669.5,295,63,21,public,6,class->block->constructor->specifier,
2,132,rectangle_java2.jpg,rectangle_java2.jpg,14628310365,96,788.9745833333334,272.15,785.5,259,23,21,x1,2,class->block->decl_stmt->decl->name,
2,132,rectangle_java2.jpg,rectangle_java2.jpg,14628450367,136,799.995,286.6602941176471,737.5,295,91,21,Rectangle,9,class->block->constructor->name,
2,132,rectangle_java2.jpg,rectangle_java2.jpg,14628562389,108,783.4196296296296,286.9751851851852,737.5,295,91,21,Rectangle,9,class->block->constructor->name,
2,132,rectangle_java2.jpg,rectangle_java2.jpg,14628690383,124,783.3590322580645,310.5551612903226,737.5,295,91,21,Rectangle,9,class->block->constructor->name,
2,132,rectangle_java2.jpg,rectangle_java2.jpg,14628862395,92,741.9147826086956,321.0460869565217,730.5,331,71,19,this.x1,7,class->block->constructor->block->block_content->expr_stmt->expr->name->name->operator->name,
2,132,rectangle_java2.jpg,rectangle_java2.jpg,14629130420,132,731.8075757575757,337.26242424242423,730.5,331,71,19,this.x1,7,class->block->constructor->block->block_content->expr_stmt->expr->name->name->operator->name,
2,132,rectangle_java2.jpg,rectangle_java2.jpg,14629222378,68,832.5664705882353,341.11529411764707,826.5,331,23,19,x1,2,class->block->constructor->block->block_content->expr_stmt->expr->name->name,
2,132,rectangle_java2.jpg,rectangle_java2.jpg,14629354157,100,818.9936,307.3172,737.5,295,91,21,Rectangle,9,class->block->constructor->name,
2,132,rectangle_java2.jpg,rectangle_java2.jpg,14629898319,84,1208.4719047619049,307.50333333333333,1200.5,295,10,21,{,1,class->block->constructor->block,
2,132,rectangle_java2.jpg,rectangle_java2.jpg,14630318299,132,749.3112121212122,355.2930303030303,730.5,367,71,21,this.y1,7,class->block->constructor->block->block_content->expr_stmt->expr->name->name->operator->name,
2,132,rectangle_java2.jpg,rectangle_java2.jpg,14630422295,100,748.1648,348.284,730.5,331,71,19,this.x1,7,class->block->constructor->block->block_content->expr_stmt->expr->name->name->operator->name,
2,132,rectangle_java2.jpg,rectangle_java2.jpg,14630630262,80,768.315,339.369,730.5,331,71,19,this.x1,7,class->block->constructor->block->block_content->expr_stmt->expr->name->name->operator->name,
2,132,rectangle_java2.jpg,rectangle_java2.jpg,14630734268,80,807.12,358.0005,806.5,367,15,21,=,1,class->block->constructor->block->block_content->expr_stmt->expr->operator,
2,132,rectangle_java2.jpg,rectangle_java2.jpg,14630862264,124,805.7529032258064,367.0622580645161,806.5,367,15,21,=,1,class->block->constructor->block->block_content->expr_stmt->expr->operator,
2,132,rectangle_java2.jpg,rectangle_java2.jpg,14631066259,80,824.316,366.359,826.5,367,23,21,y1,2,class->block->constructor->block->block_content->expr_stmt->expr->name->name,
2,132,rectangle_java2.jpg,rectangle_java2.jpg,14631194128,124,836.6899999999999,377.3764516129032,826.5,367,23,21,y1,2,class->block->constructor->block->block_content->expr_stmt->expr->name->name,
2,132,rectangle_java2.jpg,rectangle_java2.jpg,14631298022,56,826.9921428571429,408.4257142857143,826.5,404,23,19,x2,2,class->block->constructor->block->block_content->expr_stmt->expr->name->name,
2,132,rectangle_java2.jpg,rectangle_java2.jpg,14631426037,76,773.3547368421052,364.3657894736842,730.5,367,71,21,this.y1,7,class->block->constructor->block->block_content->expr_stmt->expr->name->name->operator->name,
2,132,rectangle_java2.jpg,rectangle_java2.jpg,14631502084,72,775.44,373.06055555555554,730.5,367,71,21,this.y1,7,class->block->constructor->block->block_content->expr_stmt->expr->name->name->operator->name,
2,132,rectangle_java2.jpg,rectangle_java2.jpg,14631618139,64,771.789375,382.69,730.5,367,71,21,this.y1,7,class->block->constructor->block->block_content->expr_stmt->expr->name->name->operator->name,
2,132,rectangle_java2.jpg,rectangle_java2.jpg,14631702155,80,780.261,356.142,730.5,367,71,21,this.y1,7,class->block->constructor->block->block_content->expr_stmt->expr->name->name->operator->name,
2,132,rectangle_java2.jpg,rectangle_java2.jpg,14631822158,60,751.6613333333333,349.97066666666666,730.5,331,71,19,this.x1,7,class->block->constructor->block->block_content->expr_stmt->expr->name->name->operator->name,
2,132,rectangle_java2.jpg,rectangle_java2.jpg,14631938141,56,742.9485714285714,336.56928571428574,730.5,331,71,19,this.x1,7,class->block->constructor->block->block_content->expr_stmt->expr->name->name->operator->name,
2,132,rectangle_java2.jpg,rectangle_java2.jpg,14632378112,108,779.6485185185185,345.9025925925926,730.5,331,71,19,this.x1,7,class->block->constructor->block->block_content->expr_stmt->expr->name->name->operator->name,
2,132,rectangle_java2.jpg,rectangle_java2.jpg,14632722101,68,685.2994117647058,504.535294117647,669.5,512,63,21,public,6,class->block->function->type->specifier,
2,132,rectangle_java2.jpg,rectangle_java2.jpg,14632834139,72,761.2622222222222,520.3305555555555,737.5,512,33,21,int,3,class->block->function->type->name,
2,132,rectangle_java2.jpg,rectangle_java2.jpg,14632958202,64,748.198125,526.7875,737.5,512,33,21,int,3,class->block->function->type->name,
2,132,rectangle_java2.jpg,rectangle_java2.jpg,14633142074,96,756.9166666666666,499.9820833333333,737.5,512,33,21,int,3,class->block->function->type->name,
2,132,rectangle_java2.jpg,rectangle_java2.jpg,14633318017,128,798.9671875,513.6853125,775.5,512,53,21,width,5,class->block->function->name,
2,132,rectangle_java2.jpg,rectangle_java2.jpg,14633497997,92,923.9034782608696,515.2556521739131,891.5,512,62,21,return,6,class->block->function->block->block_content->return->expr->name->name,
2,132,rectangle_java2.jpg,rectangle_java2.jpg,14633661987,160,934.46125,509.9527499999999,891.5,512,62,21,return,6,class->block->function->block->block_content->return->expr->name->name,
2,132,rectangle_java2.jpg,rectangle_java2.jpg,14633737980,72,923.0888888888888,511.02166666666665,891.5,512,62,21,return,6,class->block->function->block->block_content->return->expr->name->name,
2,132,rectangle_java2.jpg,rectangle_java2.jpg,14633837987,96,919.6208333333332,524.5733333333334,891.5,512,62,21,return,6,class->block->function->block->block_content->return->expr->name->name,
2,132,rectangle_java2.jpg,rectangle_java2.jpg,14633937997,68,983.3311764705884,500.1164705882353,958.5,512,71,21,this.x2,7,class->block->function->block->block_content->return->expr->name->name->operator->name->operator,
2,132,rectangle_java2.jpg,rectangle_java2.jpg,14634449955,60,739.4073333333333,516.366,737.5,512,33,21,int,3,class->block->function->type->name,
2,132,rectangle_java2.jpg,rectangle_java2.jpg,14634649945,76,657.49,518.6484210526315,669.5,512,63,21,public,6,class->block->function->type->specifier,
2,132,rectangle_java2.jpg,rectangle_java2.jpg,14635042356,92,731.6695652173913,515.4660869565217,669.5,512,63,21,public,6,class->block->function->type->specifier,
2,132,rectangle_java2.jpg,rectangle_java2.jpg,14635042356,92,731.6695652173913,515.4660869565217,737.5,512,33,21,int,3,class->block->function->type->name,
2,132,rectangle_java2.jpg,rectangle_java2.jpg,14635146200,100,729.5468,504.8091999999999,669.5,512,63,21,public,6,class->block->function->type->specifier,
2,132,rectangle_java2.jpg,rectangle_java2.jpg,14635146200,100,729.5468,504.8091999999999,737.5,512,33,21,int,3,class->block->function->type->name,
2,132,rectangle_java2.jpg,rectangle_java2.jpg,14635210079,60,717.5786666666667,516.6546666666667,669.5,512,63,21,public,6,class->block->function->type->specifier,
2,132,rectangle_java2.jpg,rectangle_java2.jpg,14635641863,76,683.1073684210526,513.5668421052632,669.5,512,63,21,public,6,class->block->function->type->specifier,
2,132,rectangle_java2.jpg,rectangle_java2.jpg,14635753844,64,669.509375,491.688125,672.5,478,10,18,},1,class->block->constructor->block,
2,132,rectangle_java2.jpg,rectangle_java2.jpg,14636045837,120,753.5933333333334,517.6086666666666,737.5,512,33,21,int,3,class->block->function->type->name,
2,132,rectangle_java2.jpg,rectangle_java2.jpg,14636117834,68,779.5994117647059,506.6841176470589,775.5,512,53,21,width,5,class->block->function->name,
2,132,rectangle_java2.jpg,rectangle_java2.jpg,14636761970,60,945.7066666666668,502.28133333333335,891.5,512,62,21,return,6,class->block->function->block->block_content->return->expr->name->name,
2,132,rectangle_java2.jpg,rectangle_java2.jpg,14637381753,56,976.8857142857142,508.8978571428571,958.5,512,71,21,this.x2,7,class->block->function->block->block_content->return->expr->name->name->operator->name->operator,
2,132,rectangle_java2.jpg,rectangle_java2.jpg,14637497768,112,974.4728571428572,521.2782142857143,958.5,512,71,21,this.x2,7,class->block->function->block->block_content->return->expr->name->name->operator->name->operator,
2,132,rectangle_java2.jpg,rectangle_java2.jpg,14637721742,188,1046.1148936170212,529.5406382978723,1035.5,512,13,21,-,1,class->block->function->block->block_content->return->expr->name->name,
2,132,rectangle_java2.jpg,rectangle_java2.jpg,14637721742,188,1046.1148936170212,529.5406382978723,1054.5,512,71,21,this.x1,7,class->block->function->block->block_content->return->expr->name->name->operator->name,
2,132,rectangle_java2.jpg,rectangle_java2.jpg,14638121761,60,1040.96,527.8746666666667,1035.5,512,13,21,-,1,class->block->function->block->block_content->return->expr->name->name,
2,132,rectangle_java2.jpg,rectangle_java2.jpg,14638653650,56,810.1771428571428,544.795,775.5,549,62,21,height,6,class->block->function->name,
2,132,rectangle_java2.jpg,rectangle_java2.jpg,14638817488,160,811.73075,546.26225,775.5,549,62,21,height,6,class->block->function->name,
2,132,rectangle_java2.jpg,rectangle_java2.jpg,14639233692,160,739.29625,544.251,737.5,549,33,21,int,3,class->block->function->type->name,
2,132,rectangle_java2.jpg,rectangle_java2.jpg,14639317663,80,741.0215,559.0945,737.5,549,33,21,int,3,class->block->function->type->name,
2,132,rectangle_java2.jpg,rectangle_java2.jpg,14639389649,68,741.1476470588235,580.0523529411764,737.5,585,62,21,double,6,class->block->function->type->name,
2,132,rectangle_java2.jpg,rectangle_java2.jpg,14639537658,68,715.4658823529412,586.8488235294118,669.5,585,63,21,public,6,class->block->function->type->specifier,
2,132,rectangle_java2.jpg,rectangle_java2.jpg,14639613654,72,720.055,612.4622222222222,669.5,621,63,21,public,6,class->block->function->type->specifier,
2,132,rectangle_java2.jpg,rectangle_java2.jpg,14639673652,56,724.0878571428572,622.3964285714286,669.5,621,63,21,public,6,class->block->function->type->specifier,
2,132,rectangle_java2.jpg,rectangle_java2.jpg,14639793652,116,718.5255172413794,599.9268965517241,669.5,585,63,21,public,6,class->block->function->type->specifier,
2,132,rectangle_java2.jpg,rectangle_java2.jpg,14640041633,84,752.8471428571429,566.1828571428572,737.5,549,33,21,int,3,class->block->function->type->name,
2,132,rectangle_java2.jpg,rectangle_java2.jpg,14640149624,64,745.10375,595.75,737.5,585,62,21,double,6,class->block->function->type->name,
2,132,rectangle_java2.jpg,rectangle_java2.jpg,14640209625,56,757.99,578.3885714285715,737.5,585,62,21,double,6,class->block->function->type->name,
2,132,rectangle_java2.jpg,rectangle_java2.jpg,14640337623,96,714.9508333333333,594.03,669.5,585,63,21,public,6,class->block->function->type->specifier,
2,132,rectangle_java2.jpg,rectangle_java2.jpg,14640405630,64,728.704375,613.38625,669.5,621,63,21,public,6,class->block->function->type->specifier,
2,132,rectangle_java2.jpg,rectangle_java2.jpg,14640405630,64,728.704375,613.38625,738.5,621,61,21,static,6,class->block->function->type->specifier,
2,132,rectangle_java2.jpg,rectangle_java2.jpg,14640565521,80,806.058,593.329,804.5,585,43,21,area,4,class->block->function->name,
2,132,rectangle_java2.jpg,rectangle_java2.jpg,14640697400,100,810.9012,635.12,804.5,621,44,21,void,4,class->block->function->type->name,
2,132,rectangle_java2.jpg,rectangle_java2.jpg,14640973465,140,854.9265714285714,597.1428571428571,856.5,585,9,21,(,1,class->block->function->parameter_list,
2,132,rectangle_java2.jpg,rectangle_java2.jpg,14641101457,68,828.4488235294118,609.7188235294118,804.5,621,44,21,void,4,class->block->function->type->name,
2,132,rectangle_java2.jpg,rectangle_java2.jpg,14641257489,72,922.3194444444443,602.2788888888889,910.5,585,62,21,return,6,class->block->function->block->block_content->return,
2,132,rectangle_java2.jpg,rectangle_java2.jpg,14641409483,100,923.2704,573.2628,910.5,585,62,21,return,6,class->block->function->block->block_content->return,
2,132,rectangle_java2.jpg,rectangle_java2.jpg,14641617582,96,1007.5783333333334,593.0070833333333,977.5,585,101,21,this.width,10,class->block->function->block->block_content->return->expr->call->name->name->operator->name,
2,132,rectangle_java2.jpg,rectangle_java2.jpg,14641745697,68,973.9164705882353,581.2223529411765,977.5,585,101,21,this.width,10,class->block->function->block->block_content->return->expr->call->name->name->operator->name,
2,132,rectangle_java2.jpg,rectangle_java2.jpg,14641937405,168,926.7785714285716,566.6766666666666,900.5,549,63,21,return,6,class->block->function->block->block_content->return,
2,132,rectangle_java2.jpg,rectangle_java2.jpg,14642049462,108,915.0418518518518,559.7685185185185,900.5,549,63,21,return,6,class->block->function->block->block_content->return,
2,132,rectangle_java2.jpg,rectangle_java2.jpg,14642233514,96,924.3333333333334,572.56875,910.5,585,62,21,return,6,class->block->function->block->block_content->return,
2,132,rectangle_java2.jpg,rectangle_java2.jpg,14642309425,72,921.8588888888888,589.8266666666667,910.5,585,62,21,return,6,class->block->function->block->block_content->return,
2,132,rectangle_java2.jpg,rectangle_java2.jpg,14642437062,108,960.0737037037036,569.9396296296296,900.5,549,63,21,return,6,class->block->function->block->block_content->return,
2,132,rectangle_java2.jpg,rectangle_java2.jpg,14642437062,108,960.0737037037036,569.9396296296296,968.5,549,70,21,this.y2,7,class->block->function->block->block_content->return->expr->name->name->operator->name,
2,132,rectangle_java2.jpg,rectangle_java2.jpg,14642568973,56,966.8814285714286,591.685,910.5,585,62,21,return,6,class->block->function->block->block_content->return,
2,132,rectangle_java2.jpg,rectangle_java2.jpg,14642568973,56,966.8814285714286,591.685,977.5,585,101,21,this.width,10,class->block->function->block->block_content->return->expr->call->name->name->operator->name,
2,132,rectangle_java2.jpg,rectangle_java2.jpg,14642673172,56,965.8057142857144,586.3207142857143,910.5,585,62,21,return,6,class->block->function->block->block_content->return,
2,132,rectangle_java2.jpg,rectangle_java2.jpg,14642673172,56,965.8057142857144,586.3207142857143,977.5,585,101,21,this.width,10,class->block->function->block->block_content->return->expr->call->name->name->operator->name,
2,132,rectangle_java2.jpg,rectangle_java2.jpg,14642777354,60,919.8646666666666,612.4466666666667,920.5,621,62,21,String,6,class->block->function->parameter_list->parameter->decl->type->name->name,
2,132,rectangle_java2.jpg,rectangle_java2.jpg,14642853380,72,913.9261111111113,609.3227777777778,920.5,621,62,21,String,6,class->block->function->parameter_list->parameter->decl->type->name->name,
2,132,rectangle_java2.jpg,rectangle_java2.jpg,14643213425,60,704.116,576.404,669.5,585,63,21,public,6,class->block->function->type->specifier,
2,132,rectangle_java2.jpg,rectangle_java2.jpg,14643321409,68,709.1029411764706,609.8982352941176,669.5,621,63,21,public,6,class->block->function->type->specifier,
2,132,rectangle_java2.jpg,rectangle_java2.jpg,14643441394,64,705.48125,590.38125,669.5,585,63,21,public,6,class->block->function->type->specifier,
2,132,rectangle_java2.jpg,rectangle_java2.jpg,14643585380,80,657.1305,566.3,669.5,549,63,21,public,6,class->block->function->type->specifier,
2,132,rectangle_java2.jpg,rectangle_java2.jpg,14643789354,72,746.695,591.9872222222223,737.5,585,62,21,double,6,class->block->function->type->name,
2,132,rectangle_java2.jpg,rectangle_java2.jpg,14644033342,56,741.2321428571429,619.5571428571428,738.5,621,61,21,static,6,class->block->function->type->specifier,
2,132,rectangle_java2.jpg,rectangle_java2.jpg,14644353313,104,762.09,596.7453846153846,737.5,585,62,21,double,6,class->block->function->type->name,
2,132,rectangle_java2.jpg,rectangle_java2.jpg,14644613129,96,725.4570833333333,581.6233333333333,669.5,585,63,21,public,6,class->block->function->type->specifier,
2,132,rectangle_java2.jpg,rectangle_java2.jpg,14644613129,96,725.4570833333333,581.6233333333333,737.5,585,62,21,double,6,class->block->function->type->name,
2,132,rectangle_java2.jpg,rectangle_java2.jpg,14644777238,116,812.5906896551724,593.5296551724138,804.5,585,43,21,area,4,class->block->function->name,
2,132,rectangle_java2.jpg,rectangle_java2.jpg,14644949257,72,800.9177777777778,628.6850000000001,804.5,621,44,21,void,4,class->block->function->type->name,
2,132,rectangle_java2.jpg,rectangle_java2.jpg,14645041215,88,799.8327272727273,626.2445454545455,804.5,621,44,21,void,4,class->block->function->type->name,
2,132,rectangle_java2.jpg,rectangle_java2.jpg,14645129173,84,802.3395238095238,623.9923809523809,804.5,621,44,21,void,4,class->block->function->type->name,
2,132,rectangle_java2.jpg,rectangle_java2.jpg,14645325241,84,775.9161904761904,637.7885714285715,738.5,621,61,21,static,6,class->block->function->type->specifier,
2,132,rectangle_java2.jpg,rectangle_java2.jpg,14645409260,80,791.519,641.874,738.5,621,61,21,static,6,class->block->function->type->specifier,
2,132,rectangle_java2.jpg,rectangle_java2.jpg,14645589267,176,802.6359090909091,629.1029545454545,804.5,621,44,21,void,4,class->block->function->type->name,
2,132,rectangle_java2.jpg,rectangle_java2.jpg,14645665257,56,880.7614285714286,614.6228571428571,851.5,621,44,21,main,4,class->block->function->name,
2,132,rectangle_java2.jpg,rectangle_java2.jpg,14645813258,144,882.4455555555555,626.8777777777777,851.5,621,44,21,main,4,class->block->function->name,
2,132,rectangle_java2.jpg,rectangle_java2.jpg,14646137276,208,845.6798076923077,646.9509615384616,826.5,658,52,20,rect1,5,class->block->function->block->block_content->decl_stmt->decl->name,
2,132,rectangle_java2.jpg,rectangle_java2.jpg,14646205191,64,842.68625,648.10625,826.5,658,52,20,rect1,5,class->block->function->block->block_content->decl_stmt->decl->name,
2,132,rectangle_java2.jpg,rectangle_java2.jpg,14646305006,80,786.411,633.132,738.5,621,61,21,static,6,class->block->function->type->specifier,
2,132,rectangle_java2.jpg,rectangle_java2.jpg,14646449001,140,783.4462857142858,622.3665714285714,738.5,621,61,21,static,6,class->block->function->type->specifier,
2,132,rectangle_java2.jpg,rectangle_java2.jpg,14646581122,84,798.2914285714286,651.6019047619047,730.5,658,91,20,Rectangle,9,class->block->function->block->block_content->decl_stmt->decl->type->name,
2,132,rectangle_java2.jpg,rectangle_java2.jpg,14647069109,88,987.3822727272728,621.2477272727273,990.5,621,10,21,[,1,class->block->function->parameter_list->parameter->decl->type->name->index,
2,132,rectangle_java2.jpg,rectangle_java2.jpg,14647249118,80,920.7625,599.8025,910.5,585,62,21,return,6,class->block->function->block->block_content->return,
2,132,rectangle_java2.jpg,rectangle_java2.jpg,14647353122,56,886.2157142857143,588.4635714285714,893.5,585,10,21,{,1,class->block->function->block,
2,132,rectangle_java2.jpg,rectangle_java2.jpg,14647421105,64,892.405625,579.93375,893.5,585,10,21,{,1,class->block->function->block,
2,132,rectangle_java2.jpg,rectangle_java2.jpg,14647493072,68,889.9735294117647,591.984705882353,893.5,585,10,21,{,1,class->block->function->block,
2,132,rectangle_java2.jpg,rectangle_java2.jpg,14647569042,56,831.62,594.7078571428572,804.5,585,43,21,area,4,class->block->function->name,
2,132,rectangle_java2.jpg,rectangle_java2.jpg,14647897089,68,939.6870588235296,566.1564705882353,900.5,549,63,21,return,6,class->block->function->block->block_content->return,
2,132,rectangle_java2.jpg,rectangle_java2.jpg,14648153126,96,939.1429166666668,551.5954166666667,900.5,549,63,21,return,6,class->block->function->block->block_content->return,
2,132,rectangle_java2.jpg,rectangle_java2.jpg,14648672951,64,1100.01875,625.49125,1094.5,621,10,21,{,1,class->block->function->block,
2,132,rectangle_java2.jpg,rectangle_java2.jpg,14648820968,84,1183.299523809524,603.3319047619048,1140.5,585,110,21,this.height,11,class->block->function->block->block_content->return->expr->call->name->name->operator->name,
2,132,rectangle_java2.jpg,rectangle_java2.jpg,14649273218,108,739.2133333333334,615.2607407407407,738.5,621,61,21,static,6,class->block->function->type->specifier,
2,132,rectangle_java2.jpg,rectangle_java2.jpg,14649485193,96,822.1154166666666,609.7575,804.5,621,44,21,void,4,class->block->function->type->name,
2,132,rectangle_java2.jpg,rectangle_java2.jpg,14649777380,64,949.555625,608.69625,920.5,621,62,21,String,6,class->block->function->parameter_list->parameter->decl->type->name->name,
2,132,rectangle_java2.jpg,rectangle_java2.jpg,14649865386,84,938.0395238095238,599.2938095238095,910.5,585,62,21,return,6,class->block->function->block->block_content->return,
2,132,rectangle_java2.jpg,rectangle_java2.jpg,14649929262,60,945.9486666666668,618.9506666666666,920.5,621,62,21,String,6,class->block->function->parameter_list->parameter->decl->type->name->name,
2,132,rectangle_java2.jpg,rectangle_java2.jpg,14650416801,68,924.6164705882352,624.18,920.5,621,62,21,String,6,class->block->function->parameter_list->parameter->decl->type->name->name,
2,132,rectangle_java2.jpg,rectangle_java2.jpg,14650844910,132,745.8230303030302,684.7836363636363,730.5,694,177,21,System.out.println,18,class->block->function->block->block_content->expr_stmt->expr->call->name->name->operator->name->operator->name,
2,132,rectangle_java2.jpg,rectangle_java2.jpg,14651164759,92,827.7517391304348,659.2508695652174,826.5,658,52,20,rect1,5,class->block->function->block->block_content->decl_stmt->decl->name,
2,132,rectangle_java2.jpg,rectangle_java2.jpg,14651352719,108,872.8348148148148,691.2807407407407,730.5,694,177,21,System.out.println,18,class->block->function->block->block_content->expr_stmt->expr->call->name->name->operator->name->operator->name,
2,132,rectangle_java2.jpg,rectangle_java2.jpg,14651612915,120,920.025,675.3893333333333,902.5,658,34,20,new,3,class->block->function->block->block_content->decl_stmt->decl->init->expr->operator,
2,132,rectangle_java2.jpg,rectangle_java2.jpg,14651680941,64,912.575,697.6012499999999,916.5,694,9,21,(,1,class->block->function->block->block_content->expr_stmt->expr->call->argument_list,
2,132,rectangle_java2.jpg,rectangle_java2.jpg,14651756927,72,894.0188888888889,702.0761111111111,730.5,694,177,21,System.out.println,18,class->block->function->block->block_content->expr_stmt->expr->call->name->name->operator->name->operator->name,
2,132,rectangle_java2.jpg,rectangle_java2.jpg,14651860892,56,1096.0528571428572,653.2721428571429,1095.5,658,13,20,0,1,class->block->function->block->block_content->decl_stmt->decl->init->expr->call->argument_list->argument->expr->literal,
2,132,rectangle_java2.jpg,rectangle_java2.jpg,14652024682,120,1116.4216666666666,671.8663333333334,1115.5,658,10,20,"""","""",1,class->block->function->block->block_content->decl_stmt->decl->init->expr->call->argument_list
2,132,rectangle_java2.jpg,rectangle_java2.jpg,14652084620,56,1106.182857142857,681.5021428571429,1096.5,694,10,21,;,1,class->block->function->block->block_content->expr_stmt,
2,132,rectangle_java2.jpg,rectangle_java2.jpg,14652196609,108,1091.7396296296297,707.1933333333334,1096.5,694,10,21,;,1,class->block->function->block->block_content->expr_stmt,
2,132,rectangle_java2.jpg,rectangle_java2.jpg,14652624913,96,834.53625,735.8395833333333,826.5,731,51,20,rect2,5,class->block->function->block->block_content->decl_stmt->decl->name,
2,132,rectangle_java2.jpg,rectangle_java2.jpg,14652696810,68,826.7894117647058,737.2547058823529,826.5,731,51,20,rect2,5,class->block->function->block->block_content->decl_stmt->decl->name,
2,132,rectangle_java2.jpg,rectangle_java2.jpg,14652824739,124,822.8445161290323,721.8629032258065,826.5,731,51,20,rect2,5,class->block->function->block->block_content->decl_stmt->decl->name,
2,132,rectangle_java2.jpg,rectangle_java2.jpg,14653032758,140,934.5285714285716,719.9762857142857,902.5,731,34,20,new,3,class->block->function->block->block_content->decl_stmt->decl->init->expr->operator,
2,132,rectangle_java2.jpg,rectangle_java2.jpg,14653032758,140,934.5285714285716,719.9762857142857,941.5,731,91,20,Rectangle,9,class->block->function->block->block_content->decl_stmt->decl->init->expr->call->name,
2,132,rectangle_java2.jpg,rectangle_java2.jpg,14653193109,108,932.31,727.7292592592593,902.5,731,34,20,new,3,class->block->function->block->block_content->decl_stmt->decl->init->expr->operator,
2,132,rectangle_java2.jpg,rectangle_java2.jpg,14653193109,108,932.31,727.7292592592593,941.5,731,91,20,Rectangle,9,class->block->function->block->block_content->decl_stmt->decl->init->expr->call->name,
2,132,rectangle_java2.jpg,rectangle_java2.jpg,14653253348,56,932.4864285714286,722.7364285714285,902.5,731,34,20,new,3,class->block->function->block->block_content->decl_stmt->decl->init->expr->operator,
2,132,rectangle_java2.jpg,rectangle_java2.jpg,14653253348,56,932.4864285714286,722.7364285714285,941.5,731,91,20,Rectangle,9,class->block->function->block->block_content->decl_stmt->decl->init->expr->call->name,
2,132,rectangle_java2.jpg,rectangle_java2.jpg,14653329547,72,947.4366666666668,733.4055555555556,941.5,731,91,20,Rectangle,9,class->block->function->block->block_content->decl_stmt->decl->init->expr->call->name,
2,132,rectangle_java2.jpg,rectangle_java2.jpg,14653564822,100,848.5964,696.5952,730.5,694,177,21,System.out.println,18,class->block->function->block->block_content->expr_stmt->expr->call->name->name->operator->name->operator->name,
2,132,rectangle_java2.jpg,rectangle_java2.jpg,14653864791,72,771.835,611.3472222222222,738.5,621,61,21,static,6,class->block->function->type->specifier,
2,132,rectangle_java2.jpg,rectangle_java2.jpg,14653996611,76,774.2005263157895,631.3736842105263,738.5,621,61,21,static,6,class->block->function->type->specifier,
2,132,rectangle_java2.jpg,rectangle_java2.jpg,14654072622,72,759.8316666666667,624.3433333333334,738.5,621,61,21,static,6,class->block->function->type->specifier,
2,132,rectangle_java2.jpg,rectangle_java2.jpg,14654220562,112,848.1246428571428,622.1492857142857,804.5,621,44,21,void,4,class->block->function->type->name,
2,132,rectangle_java2.jpg,rectangle_java2.jpg,14654220562,112,848.1246428571428,622.1492857142857,851.5,621,44,21,main,4,class->block->function->name,
2,132,rectangle_java2.jpg,rectangle_java2.jpg,14654304505,80,851.2284999999999,611.7025,851.5,621,44,21,main,4,class->block->function->name,
2,132,rectangle_java2.jpg,rectangle_java2.jpg,14654444513,136,843.9491176470589,613.2217647058824,804.5,621,44,21,void,4,class->block->function->type->name,
2,132,rectangle_java2.jpg,rectangle_java2.jpg,14654444513,136,843.9491176470589,613.2217647058824,851.5,621,44,21,main,4,class->block->function->name,
2,132,rectangle_java2.jpg,rectangle_java2.jpg,14654936610,64,765.8375,583.190625,737.5,585,62,21,double,6,class->block->function->type->name,
2,132,rectangle_java2.jpg,rectangle_java2.jpg,14655156547,56,837.7964285714286,611.955,804.5,621,44,21,void,4,class->block->function->type->name,
2,132,rectangle_java2.jpg,rectangle_java2.jpg,14655288575,80,860.0554999999999,611.267,851.5,621,44,21,main,4,class->block->function->name,
2,132,rectangle_java2.jpg,rectangle_java2.jpg,14655436578,100,861.5108,623.8692,851.5,621,44,21,main,4,class->block->function->name,
2,132,rectangle_java2.jpg,rectangle_java2.jpg,14655548566,60,830.8106666666666,620.0313333333334,804.5,621,44,21,void,4,class->block->function->type->name,
2,132,rectangle_java2.jpg,rectangle_java2.jpg,14655620555,68,846.2994117647058,617.3511764705883,804.5,621,44,21,void,4,class->block->function->type->name,
2,132,rectangle_java2.jpg,rectangle_java2.jpg,14655620555,68,846.2994117647058,617.3511764705883,851.5,621,44,21,main,4,class->block->function->name,
2,132,rectangle_java2.jpg,rectangle_java2.jpg,14655704543,80,847.8199999999999,609.3385,804.5,621,44,21,void,4,class->block->function->type->name,
2,132,rectangle_java2.jpg,rectangle_java2.jpg,14655704543,80,847.8199999999999,609.3385,851.5,621,44,21,main,4,class->block->function->name,
2,132,rectangle_java2.jpg,rectangle_java2.jpg,14655772527,64,843.020625,614.20125,804.5,621,44,21,void,4,class->block->function->type->name,
2,132,rectangle_java2.jpg,rectangle_java2.jpg,14655772527,64,843.020625,614.20125,851.5,621,44,21,main,4,class->block->function->name,
2,132,rectangle_java2.jpg,rectangle_java2.jpg,14655876474,76,833.802105263158,651.5,826.5,658,52,20,rect1,5,class->block->function->block->block_content->decl_stmt->decl->name,
2,132,rectangle_java2.jpg,rectangle_java2.jpg,14655996435,116,848.6703448275862,650.07,826.5,658,52,20,rect1,5,class->block->function->block->block_content->decl_stmt->decl->name,
2,132,rectangle_java2.jpg,rectangle_java2.jpg,14656216276,96,817.045,683.5654166666667,730.5,694,177,21,System.out.println,18,class->block->function->block->block_content->expr_stmt->expr->call->name->name->operator->name->operator->name,
2,132,rectangle_java2.jpg,rectangle_java2.jpg,14656288076,68,824.7870588235294,700.0017647058824,730.5,694,177,21,System.out.println,18,class->block->function->block->block_content->expr_stmt->expr->call->name->name->operator->name->operator->name,
2,132,rectangle_java2.jpg,rectangle_java2.jpg,14656351898,60,831.47,710.5253333333334,730.5,694,177,21,System.out.println,18,class->block->function->block->block_content->expr_stmt->expr->call->name->name->operator->name->operator->name,
2,132,rectangle_java2.jpg,rectangle_java2.jpg,14656480212,88,864.3881818181818,719.3209090909091,826.5,731,51,20,rect2,5,class->block->function->block->block_content->decl_stmt->decl->name,
2,132,rectangle_java2.jpg,rectangle_java2.jpg,14656548397,64,871.823125,721.30875,826.5,731,51,20,rect2,5,class->block->function->block->block_content->decl_stmt->decl->name,
2,132,rectangle_java2.jpg,rectangle_java2.jpg,14656548397,64,871.823125,721.30875,883.5,731,15,20,=,1,class->block->function->block->block_content->decl_stmt->decl->init,
2,132,rectangle_java2.jpg,rectangle_java2.jpg,14656756545,88,836.2240909090909,655.7945454545454,826.5,658,52,20,rect1,5,class->block->function->block->block_content->decl_stmt->decl->name,
2,132,rectangle_java2.jpg,rectangle_java2.jpg,14656984440,224,826.0517857142858,638.5766071428571,804.5,621,44,21,void,4,class->block->function->type->name,
2,132,rectangle_java2.jpg,rectangle_java2.jpg,14657172189,56,772.0642857142857,627.5507142857143,738.5,621,61,21,static,6,class->block->function->type->specifier,
2,132,rectangle_java2.jpg,rectangle_java2.jpg,14657252278,76,774.4684210526316,612.5189473684211,738.5,621,61,21,static,6,class->block->function->type->specifier,
2,132,rectangle_java2.jpg,rectangle_java2.jpg,14657376405,72,945.3316666666668,624.6488888888889,920.5,621,62,21,String,6,class->block->function->parameter_list->parameter->decl->type->name->name,
2,132,rectangle_java2.jpg,rectangle_java2.jpg,14657492456,112,945.56,611.6596428571429,920.5,621,62,21,String,6,class->block->function->parameter_list->parameter->decl->type->name->name,
2,132,rectangle_java2.jpg,rectangle_java2.jpg,14657616406,72,1010.0816666666668,625.7366666666667,1007.5,621,10,21,],1,class->block->function->parameter_list->parameter->decl->type->name->index,
2,132,rectangle_java2.jpg,rectangle_java2.jpg,14657696260,76,1003.1042105263158,628.7357894736842,1007.5,621,10,21,],1,class->block->function->parameter_list->parameter->decl->type->name->index,
2,132,rectangle_java2.jpg,rectangle_java2.jpg,14657848182,76,783.2931578947369,662.858947368421,730.5,658,91,20,Rectangle,9,class->block->function->block->block_content->decl_stmt->decl->type->name,
2,132,rectangle_java2.jpg,rectangle_java2.jpg,14657924230,72,776.7255555555555,676.2055555555555,730.5,658,91,20,Rectangle,9,class->block->function->block->block_content->decl_stmt->decl->type->name,
2,132,rectangle_java2.jpg,rectangle_java2.jpg,14658004259,76,784.031052631579,657.7173684210527,730.5,658,91,20,Rectangle,9,class->block->function->block->block_content->decl_stmt->decl->type->name,
2,132,rectangle_java2.jpg,rectangle_java2.jpg,14658196304,124,855.7551612903226,652.0687096774194,826.5,658,52,20,rect1,5,class->block->function->block->block_content->decl_stmt->decl->name,
2,132,rectangle_java2.jpg,rectangle_java2.jpg,14658288316,88,853.5786363636364,659.3309090909091,826.5,658,52,20,rect1,5,class->block->function->block->block_content->decl_stmt->decl->name,
2,132,rectangle_java2.jpg,rectangle_java2.jpg,14658480356,144,975.8702777777778,647.4300000000001,941.5,658,91,20,Rectangle,9,class->block->function->block->block_content->decl_stmt->decl->init->expr->call->name,
2,132,rectangle_java2.jpg,rectangle_java2.jpg,14658544378,60,966.7786666666666,661.8933333333333,941.5,658,91,20,Rectangle,9,class->block->function->block->block_content->decl_stmt->decl->init->expr->call->name,
2,132,rectangle_java2.jpg,rectangle_java2.jpg,14658620379,72,950.2438888888888,663.37,941.5,658,91,20,Rectangle,9,class->block->function->block->block_content->decl_stmt->decl->init->expr->call->name,
2,132,rectangle_java2.jpg,rectangle_java2.jpg,14658700352,76,944.0315789473684,654.9021052631579,941.5,658,91,20,Rectangle,9,class->block->function->block->block_content->decl_stmt->decl->init->expr->call->name,
2,132,rectangle_java2.jpg,rectangle_java2.jpg,14658820338,76,1054.7463157894738,660.7884210526315,1057.5,658,13,20,0,1,class->block->function->block->block_content->decl_stmt->decl->init->expr->call->argument_list->argument->expr->literal,
2,132,rectangle_java2.jpg,rectangle_java2.jpg,14658940331,116,1061.6896551724135,675.0558620689656,1057.5,658,13,20,0,1,class->block->function->block->block_content->decl_stmt->decl->init->expr->call->argument_list->argument->expr->literal,
2,132,rectangle_java2.jpg,rectangle_java2.jpg,14659184257,64,971.010625,635.9193750000001,920.5,621,62,21,String,6,class->block->function->parameter_list->parameter->decl->type->name->name,
2,132,rectangle_java2.jpg,rectangle_java2.jpg,14659252272,64,984.5675,651.375,941.5,658,91,20,Rectangle,9,class->block->function->block->block_content->decl_stmt->decl->init->expr->call->name,
2,132,rectangle_java2.jpg,rectangle_java2.jpg,14659448286,100,997.8136,628.368,990.5,621,10,21,[,1,class->block->function->parameter_list->parameter->decl->type->name->index,
2,132,rectangle_java2.jpg,rectangle_java2.jpg,14659448286,100,997.8136,628.368,1007.5,621,10,21,],1,class->block->function->parameter_list->parameter->decl->type->name->index,
2,132,rectangle_java2.jpg,rectangle_java2.jpg,14659568127,116,993.7572413793104,620.5062068965517,990.5,621,10,21,[,1,class->block->function->parameter_list->parameter->decl->type->name->index,
2,132,rectangle_java2.jpg,rectangle_java2.jpg,14659704029,108,937.8707407407408,628.9051851851852,920.5,621,62,21,String,6,class->block->function->parameter_list->parameter->decl->type->name->name,
2,132,rectangle_java2.jpg,rectangle_java2.jpg,14659804005,96,942.31375,620.1833333333333,920.5,621,62,21,String,6,class->block->function->parameter_list->parameter->decl->type->name->name,
2,132,rectangle_java2.jpg,rectangle_java2.jpg,14660180307,68,719.7082352941177,523.5776470588236,669.5,512,63,21,public,6,class->block->function->type->specifier,
2,132,rectangle_java2.jpg,rectangle_java2.jpg,14660312553,76,698.7252631578947,527.8647368421052,669.5,512,63,21,public,6,class->block->function->type->specifier,
2,132,rectangle_java2.jpg,rectangle_java2.jpg,14660384565,68,714.3023529411764,532.9652941176471,669.5,512,63,21,public,6,class->block->function->type->specifier,
2,132,rectangle_java2.jpg,rectangle_java2.jpg,14660576200,188,726.5272340425532,539.0482978723404,669.5,549,63,21,public,6,class->block->function->type->specifier,
2,132,rectangle_java2.jpg,rectangle_java2.jpg,14660576200,188,726.5272340425532,539.0482978723404,737.5,549,33,21,int,3,class->block->function->type->name,
2,132,rectangle_java2.jpg,rectangle_java2.jpg,14661400164,60,1009.038,536.8526666666667,968.5,549,70,21,this.y2,7,class->block->function->block->block_content->return->expr->name->name->operator->name,
2,132,rectangle_java2.jpg,rectangle_java2.jpg,14661616093,68,1033.7135294117647,545.1405882352941,968.5,549,70,21,this.y2,7,class->block->function->block->block_content->return->expr->name->name->operator->name,
2,132,rectangle_java2.jpg,rectangle_java2.jpg,14661616093,68,1033.7135294117647,545.1405882352941,1045.5,549,13,21,-,1,class->block->function->block->block_content->return->expr->operator,
2,132,rectangle_java2.jpg,rectangle_java2.jpg,14661776111,64,1025.363125,561.2787500000001,968.5,549,70,21,this.y2,7,class->block->function->block->block_content->return->expr->name->name->operator->name,
2,132,rectangle_java2.jpg,rectangle_java2.jpg,14662000098,76,1028.7221052631578,545.6931578947368,968.5,549,70,21,this.y2,7,class->block->function->block->block_content->return->expr->name->name->operator->name,
2,132,rectangle_java2.jpg,rectangle_java2.jpg,14662799960,56,940.8742857142856,705.5178571428571,932.5,694,100,21,rect1.area,10,class->block->function->block->block_content->expr_stmt->expr->call->argument_list->argument->expr->call->name->name->operator->name,
2,132,rectangle_java2.jpg,rectangle_java2.jpg,14663252038,60,1034.76,608.9546666666666,1025.5,621,42,21,args,4,class->block->function->parameter_list->parameter->decl->name,
2,132,rectangle_java2.jpg,rectangle_java2.jpg,14663431995,80,1025.055,602.4145,977.5,585,101,21,this.width,10,class->block->function->block->block_content->return->expr->call->name->name->operator->name,
2,132,rectangle_java2.jpg,rectangle_java2.jpg,14663548040,56,1014.5635714285714,595.0421428571428,977.5,585,101,21,this.width,10,class->block->function->block->block_content->return->expr->call->name->name->operator->name,
2,132,rectangle_java2.jpg,rectangle_java2.jpg,14663708305,64,788.943125,605.84,737.5,585,62,21,double,6,class->block->function->type->name,
2,132,rectangle_java2.jpg,rectangle_java2.jpg,14663880491,76,786.9,639.2052631578947,738.5,621,61,21,static,6,class->block->function->type->specifier,
2,132,rectangle_java2.jpg,rectangle_java2.jpg,14664120008,84,725.0304761904762,336.6166666666667,730.5,331,71,19,this.x1,7,class->block->constructor->block->block_content->expr_stmt->expr->name->name->operator->name,
2,132,rectangle_java2.jpg,rectangle_java2.jpg,14665735775,68,772.8476470588236,237.9317647058824,715.5,222,90,21,Rectangle,9,class->name,
2,132,rectangle_java2.jpg,rectangle_java2.jpg,14665951775,56,832.0414285714286,257.2678571428572,833.5,259,23,21,y1,2,class->block->decl_stmt->decl->name,
2,132,rectangle_java2.jpg,rectangle_java2.jpg,14666051779,60,905.7186666666666,265.446,911.5,259,10,21,"""","""",1,class->block->decl_stmt
2,132,rectangle_java2.jpg,rectangle_java2.jpg,14666139782,84,890.6933333333333,257.9342857142857,881.5,259,23,21,x2,2,class->block->decl_stmt->decl->name,
2,132,rectangle_java2.jpg,rectangle_java2.jpg,14666263638,88,901.5122727272728,270.7940909090909,881.5,259,23,21,x2,2,class->block->decl_stmt->decl->name,
2,132,rectangle_java2.jpg,rectangle_java2.jpg,14666263638,88,901.5122727272728,270.7940909090909,911.5,259,10,21,"""","""",1,class->block->decl_stmt
2,132,rectangle_java2.jpg,rectangle_java2.jpg,14666451631,184,924.8695652173913,262.8132608695652,929.5,259,23,21,y2,2,class->block->decl_stmt->decl->name,
2,132,rectangle_java2.jpg,rectangle_java2.jpg,14666799658,60,612.5993333333333,240.18466666666663,589.5,222,63,21,public,6,class->specifier,
2,132,rectangle_java2.jpg,rectangle_java2.jpg,14666943786,92,583.834347826087,209.78521739130437,589.5,222,63,21,public,6,class->specifier,
2,132,rectangle_java2.jpg,rectangle_java2.jpg,14667103790,120,676.677,242.38766666666663,657.5,222,52,21,class,5,class,
2,132,rectangle_java2.jpg,rectangle_java2.jpg,14667167778,60,670.6213333333334,238.04,657.5,222,52,21,class,5,class,
2,132,rectangle_java2.jpg,rectangle_java2.jpg,14667375660,72,695.6755555555555,309.2938888888889,669.5,295,63,21,public,6,class->block->constructor->specifier,
2,132,rectangle_java2.jpg,rectangle_java2.jpg,14667887581,72,703.165,211.1977777777778,657.5,222,52,21,class,5,class,
2,132,rectangle_java2.jpg,rectangle_java2.jpg,14667887581,72,703.165,211.1977777777778,715.5,222,90,21,Rectangle,9,class->name,
2,132,rectangle_java2.jpg,rectangle_java2.jpg,14668239643,80,927.5265,260.9425,929.5,259,23,21,y2,2,class->block->decl_stmt->decl->name,
2,132,rectangle_java2.jpg,rectangle_java2.jpg,14668395655,120,969.1106666666668,279.591,959.5,259,10,21,;,1,class->block->decl_stmt,
2,132,rectangle_java2.jpg,rectangle_java2.jpg,14668619647,120,726.3393333333333,285.06466666666665,669.5,295,63,21,public,6,class->block->constructor->specifier,
2,132,rectangle_java2.jpg,rectangle_java2.jpg,14668619647,120,726.3393333333333,285.06466666666665,737.5,295,91,21,Rectangle,9,class->block->constructor->name,
2,132,rectangle_java2.jpg,rectangle_java2.jpg,14668743666,68,712.0941176470589,311.52647058823527,669.5,295,63,21,public,6,class->block->constructor->specifier,
2,132,rectangle_java2.jpg,rectangle_java2.jpg,14668875675,56,699.4642857142858,254.38928571428573,669.5,259,72,21,private,7,class->block->decl_stmt->decl->type->specifier,
2,132,rectangle_java2.jpg,rectangle_java2.jpg,14669175524,120,791.3126666666667,286.409,737.5,295,91,21,Rectangle,9,class->block->constructor->name,
2,132,rectangle_java2.jpg,rectangle_java2.jpg,14669303523,60,771.2733333333333,283.50866666666667,737.5,295,91,21,Rectangle,9,class->block->constructor->name,
2,132,rectangle_java2.jpg,rectangle_java2.jpg,14669387521,80,780.0889999999999,275.352,747.5,259,33,21,int,3,class->block->decl_stmt->decl->type->name,
2,132,rectangle_java2.jpg,rectangle_java2.jpg,14669387521,80,780.0889999999999,275.352,785.5,259,23,21,x1,2,class->block->decl_stmt->decl->name,
2,132,rectangle_java2.jpg,rectangle_java2.jpg,14669459505,68,789.0023529411765,269.0005882352941,785.5,259,23,21,x1,2,class->block->decl_stmt->decl->name,
2,132,rectangle_java2.jpg,rectangle_java2.jpg,14669519483,56,790.1792857142857,251.86071428571427,785.5,259,23,21,x1,2,class->block->decl_stmt->decl->name,
2,132,rectangle_java2.jpg,rectangle_java2.jpg,14669691496,88,869.6886363636364,264.6968181818182,863.5,259,10,21,"""","""",1,class->block->decl_stmt
2,132,rectangle_java2.jpg,rectangle_java2.jpg,14669691496,88,869.6886363636364,264.6968181818182,881.5,259,23,21,x2,2,class->block->decl_stmt->decl->name,
2,132,rectangle_java2.jpg,rectangle_java2.jpg,14670195549,88,905.6568181818182,264.5418181818182,911.5,259,10,21,"""","""",1,class->block->decl_stmt
2,132,rectangle_java2.jpg,rectangle_java2.jpg,14670331598,132,928.1451515151516,276.17757575757577,929.5,259,23,21,y2,2,class->block->decl_stmt->decl->name,
2,132,rectangle_java2.jpg,rectangle_java2.jpg,14670799510,88,1151.5290909090909,538.4054545454545,1142.5,549,10,21,;,1,class->block->function->block->block_content->return,
2,132,rectangle_java2.jpg,rectangle_java2.jpg,14670799510,88,1151.5290909090909,538.4054545454545,1161.5,549,10,21,},1,class->block->function->block,
2,132,rectangle_java2.jpg,rectangle_java2.jpg,14670947404,72,1165.3483333333334,537.4344444444445,1161.5,549,10,21,},1,class->block->function->block,
2,132,rectangle_java2.jpg,rectangle_java2.jpg,14671099312,56,1208.4871428571428,589.115,1140.5,585,110,21,this.height,11,class->block->function->block->block_content->return->expr->call->name->name->operator->name,
2,132,rectangle_java2.jpg,rectangle_java2.jpg,14671359357,84,1185.41,595.5514285714286,1140.5,585,110,21,this.height,11,class->block->function->block->block_content->return->expr->call->name->name->operator->name,
2,132,rectangle_java2.jpg,rectangle_java2.jpg,14671943419,60,751.7633333333333,293.414,737.5,295,91,21,Rectangle,9,class->block->constructor->name,
2,132,rectangle_java2.jpg,rectangle_java2.jpg,14672191390,60,694.2106666666666,214.32466666666664,657.5,222,52,21,class,5,class,
2,132,rectangle_java2.jpg,rectangle_java2.jpg,14672263384,68,712.1958823529412,227.8735294117647,715.5,222,90,21,Rectangle,9,class->name,
2,132,rectangle_java2.jpg,rectangle_java2.jpg,14673527266,184,893.1373913043478,253.0602173913044,881.5,259,23,21,x2,2,class->block->decl_stmt->decl->name,
2,132,rectangle_java2.jpg,rectangle_java2.jpg,14673595276,64,902.37875,259.935,881.5,259,23,21,x2,2,class->block->decl_stmt->decl->name,
2,132,rectangle_java2.jpg,rectangle_java2.jpg,14673595276,64,902.37875,259.935,911.5,259,10,21,"""","""",1,class->block->decl_stmt
2,132,rectangle_java2.jpg,rectangle_java2.jpg,14673859241,76,897.4373684210526,246.70368421052632,881.5,259,23,21,x2,2,class->block->decl_stmt->decl->name,
2,132,rectangle_java2.jpg,rectangle_java2.jpg,14673939223,76,900.5226315789474,252.59736842105264,881.5,259,23,21,x2,2,class->block->decl_stmt->decl->name,
2,132,rectangle_java2.jpg,rectangle_java2.jpg,14673939223,76,900.5226315789474,252.59736842105264,911.5,259,10,21,"""","""",1,class->block->decl_stmt
2,132,rectangle_java2.jpg,rectangle_java2.jpg,14674031224,60,904.3706666666668,289.2453333333333,890.5,295,24,21,x1,2,class->block->constructor->parameter_list->parameter->decl->type->name,
2,132,rectangle_java2.jpg,rectangle_java2.jpg,14674835000,108,884.5337037037037,258.46407407407406,881.5,259,23,21,x2,2,class->block->decl_stmt->decl->name,
2,132,rectangle_java2.jpg,rectangle_java2.jpg,14674971160,60,908.5033333333332,248.882,911.5,259,10,21,"""","""",1,class->block->decl_stmt
2,132,rectangle_java2.jpg,rectangle_java2.jpg,14675531218,84,969.2714285714286,265.6528571428572,959.5,259,10,21,;,1,class->block->decl_stmt,
2,132,rectangle_java2.jpg,rectangle_java2.jpg,14675707159,64,1001.8875,283.020625,1007.5,295,10,21,"""","""",1,class->block->constructor->parameter_list
2,132,rectangle_java2.jpg,rectangle_java2.jpg,14676011145,124,1070.0016129032258,294.3016129032258,1063.5,295,23,21,x2,2,class->block->constructor->parameter_list->parameter->decl->type->name,
2,132,rectangle_java2.jpg,rectangle_java2.jpg,14676335116,96,1069.8133333333333,283.48041666666666,1063.5,295,23,21,x2,2,class->block->constructor->parameter_list->parameter->decl->type->name,
2,132,rectangle_java2.jpg,rectangle_java2.jpg,14676838989,124,1086.090322580645,286.3325806451613,1063.5,295,23,21,x2,2,class->block->constructor->parameter_list->parameter->decl->type->name,
2,132,rectangle_java2.jpg,rectangle_java2.jpg,14676838989,124,1086.090322580645,286.3325806451613,1094.5,295,9,21,"""","""",1,class->block->constructor->parameter_list
2,132,rectangle_java2.jpg,rectangle_java2.jpg,14677551004,56,1154.7828571428572,283.23071428571427,1150.5,295,23,21,y2,2,class->block->constructor->parameter_list->parameter->decl->type->name,
2,132,rectangle_java2.jpg,rectangle_java2.jpg,14678578772,88,894.4595454545455,251.3659090909091,881.5,259,23,21,x2,2,class->block->decl_stmt->decl->name,
2,132,rectangle_java2.jpg,rectangle_java2.jpg,14678658798,76,899.0221052631579,263.0594736842105,881.5,259,23,21,x2,2,class->block->decl_stmt->decl->name,
2,132,rectangle_java2.jpg,rectangle_java2.jpg,14678658798,76,899.0221052631579,263.0594736842105,911.5,259,10,21,"""","""",1,class->block->decl_stmt
2,132,rectangle_java2.jpg,rectangle_java2.jpg,14678794857,132,895.7618181818182,275.5781818181818,881.5,259,23,21,x2,2,class->block->decl_stmt->decl->name,
2,132,rectangle_java2.jpg,rectangle_java2.jpg,14678882897,84,891.2071428571429,261.4742857142857,881.5,259,23,21,x2,2,class->block->decl_stmt->decl->name,
2,132,rectangle_java2.jpg,rectangle_java2.jpg,14678942926,56,888.0678571428572,265.5764285714285,881.5,259,23,21,x2,2,class->block->decl_stmt->decl->name,
2,132,rectangle_java2.jpg,rectangle_java2.jpg,14679042932,96,893.015,252.95625,881.5,259,23,21,x2,2,class->block->decl_stmt->decl->name,
2,132,rectangle_java2.jpg,rectangle_java2.jpg,14679106920,60,881.562,251.8893333333333,881.5,259,23,21,x2,2,class->block->decl_stmt->decl->name,
2,132,rectangle_java2.jpg,rectangle_java2.jpg,14680622681,140,675.9642857142857,259.648,669.5,259,72,21,private,7,class->block->decl_stmt->decl->type->specifier,
2,132,rectangle_java2.jpg,rectangle_java2.jpg,14680690722,64,672.911875,259.7275,669.5,259,72,21,private,7,class->block->decl_stmt->decl->type->specifier,
2,132,rectangle_java2.jpg,rectangle_java2.jpg,14680934723,124,757.1003225806452,287.18129032258065,737.5,295,91,21,Rectangle,9,class->block->constructor->name,
2,132,rectangle_java2.jpg,rectangle_java2.jpg,14681346730,88,748.5177272727273,227.60636363636365,715.5,222,90,21,Rectangle,9,class->name,
2,132,rectangle_java2.jpg,rectangle_java2.jpg,14681454724,104,752.7730769230769,241.50615384615384,715.5,222,90,21,Rectangle,9,class->name,
2,132,rectangle_java2.jpg,rectangle_java2.jpg,14682054789,56,755.7964285714286,288.8107142857143,737.5,295,91,21,Rectangle,9,class->block->constructor->name,
2,132,rectangle_java2.jpg,rectangle_java2.jpg,14682166796,84,826.6361904761904,285.6452380952381,737.5,295,91,21,Rectangle,9,class->block->constructor->name,
2,132,rectangle_java2.jpg,rectangle_java2.jpg,14682166796,84,826.6361904761904,285.6452380952381,837.5,295,9,21,(,1,class->block->constructor->parameter_list,
2,132,rectangle_java2.jpg,rectangle_java2.jpg,14682838811,80,712.9765,270.3845,669.5,259,72,21,private,7,class->block->decl_stmt->decl->type->specifier,
2,132,rectangle_java2.jpg,rectangle_java2.jpg,14682934838,92,721.5221739130435,257.99260869565217,669.5,259,72,21,private,7,class->block->decl_stmt->decl->type->specifier,
2,132,rectangle_java2.jpg,rectangle_java2.jpg,14683002782,64,732.78625,268.47125,669.5,259,72,21,private,7,class->block->decl_stmt->decl->type->specifier,
2,132,rectangle_java2.jpg,rectangle_java2.jpg,14683222421,160,738.0805,290.414,737.5,295,91,21,Rectangle,9,class->block->constructor->name,
2,132,rectangle_java2.jpg,rectangle_java2.jpg,14683358366,68,696.6382352941176,219.3658823529412,657.5,222,52,21,class,5,class,
2,132,rectangle_java2.jpg,rectangle_java2.jpg,14683582609,220,696.9572727272728,229.762,657.5,222,52,21,class,5,class,
2,132,rectangle_java2.jpg,rectangle_java2.jpg,14684914556,152,677.9597368421053,465.8015789473684,672.5,478,10,18,},1,class->block->constructor->block,
2,132,rectangle_java2.jpg,rectangle_java2.jpg,14685154438,68,736.2370588235294,456.97705882352943,730.5,440,71,21,this.y2,7,class->block->constructor->block->block_content->expr_stmt->expr->name->name->operator->name,
2,132,rectangle_java2.jpg,rectangle_java2.jpg,14685614564,148,744.6243243243243,523.9205405405405,737.5,512,33,21,int,3,class->block->function->type->name,
2,132,rectangle_java2.jpg,rectangle_java2.jpg,14685786492,60,820.022,527.874,775.5,512,53,21,width,5,class->block->function->name,
2,132,rectangle_java2.jpg,rectangle_java2.jpg,14686090261,112,795.8214285714286,598.7596428571428,737.5,585,62,21,double,6,class->block->function->type->name,
2,132,rectangle_java2.jpg,rectangle_java2.jpg,14686090261,112,795.8214285714286,598.7596428571428,804.5,585,43,21,area,4,class->block->function->name,
2,132,rectangle_java2.jpg,rectangle_java2.jpg,14686222234,92,741.2304347826087,581.3021739130435,737.5,585,62,21,double,6,class->block->function->type->name,
2,132,rectangle_java2.jpg,rectangle_java2.jpg,14686310321,84,750.2514285714286,590.8966666666666,737.5,585,62,21,double,6,class->block->function->type->name,
2,132,rectangle_java2.jpg,rectangle_java2.jpg,14686454371,104,689.0403846153846,302.05192307692306,669.5,295,63,21,public,6,class->block->constructor->specifier,
2,132,rectangle_java2.jpg,rectangle_java2.jpg,14686734360,80,734.7145,295.737,737.5,295,91,21,Rectangle,9,class->block->constructor->name,
2,132,rectangle_java2.jpg,rectangle_java2.jpg,14686818365,80,744.38,292.9085,737.5,295,91,21,Rectangle,9,class->block->constructor->name,
2,132,rectangle_java2.jpg,rectangle_java2.jpg,14686954380,100,739.9724,263.96,669.5,259,72,21,private,7,class->block->decl_stmt->decl->type->specifier,
2,132,rectangle_java2.jpg,rectangle_java2.jpg,14686954380,100,739.9724,263.96,747.5,259,33,21,int,3,class->block->decl_stmt->decl->type->name,
2,132,rectangle_java2.jpg,rectangle_java2.jpg,14687166406,180,775.4388888888889,283.1908888888889,737.5,295,91,21,Rectangle,9,class->block->constructor->name,
2,132,rectangle_java2.jpg,rectangle_java2.jpg,14687518350,80,838.3175,267.969,833.5,259,23,21,y1,2,class->block->decl_stmt->decl->name,
2,132,rectangle_java2.jpg,rectangle_java2.jpg,14688114225,84,604.6185714285714,832.662380952381,612.5,841,10,18,},1,class->block,
2,132,rectangle_java2.jpg,rectangle_java2.jpg,14688546187,56,725.6164285714285,270.13142857142856,669.5,259,72,21,private,7,class->block->decl_stmt->decl->type->specifier,
2,132,rectangle_java2.jpg,rectangle_java2.jpg,14689074237,140,741.0468571428571,338.74028571428573,730.5,331,71,19,this.x1,7,class->block->constructor->block->block_content->expr_stmt->expr->name->name->operator->name,
2,132,rectangle_java2.jpg,rectangle_java2.jpg,14689170254,64,765.583125,328.674375,730.5,331,71,19,this.x1,7,class->block->constructor->block->block_content->expr_stmt->expr->name->name->operator->name,
2,132,rectangle_java2.jpg,rectangle_java2.jpg,14689278249,104,754.781923076923,327.4180769230769,730.5,331,71,19,this.x1,7,class->block->constructor->block->block_content->expr_stmt->expr->name->name->operator->name,
2,132,rectangle_java2.jpg,rectangle_java2.jpg,14689382240,56,770.5328571428571,336.61071428571427,730.5,331,71,19,this.x1,7,class->block->constructor->block->block_content->expr_stmt->expr->name->name->operator->name,
2,132,rectangle_java2.jpg,rectangle_java2.jpg,14689502250,80,798.5265,324.8895,730.5,331,71,19,this.x1,7,class->block->constructor->block->block_content->expr_stmt->expr->name->name->operator->name,
2,132,rectangle_java2.jpg,rectangle_java2.jpg,14689502250,80,798.5265,324.8895,806.5,331,15,19,=,1,class->block->constructor->block->block_content->expr_stmt->expr->operator,
2,132,rectangle_java2.jpg,rectangle_java2.jpg,14689690266,56,799.8007142857143,356.84000000000003,730.5,367,71,21,this.y1,7,class->block->constructor->block->block_content->expr_stmt->expr->name->name->operator->name,
2,132,rectangle_java2.jpg,rectangle_java2.jpg,14689690266,56,799.8007142857143,356.84000000000003,806.5,367,15,21,=,1,class->block->constructor->block->block_content->expr_stmt->expr->operator,
2,132,rectangle_java2.jpg,rectangle_java2.jpg,14689850188,112,844.3828571428571,365.75214285714287,826.5,367,23,21,y1,2,class->block->constructor->block->block_content->expr_stmt->expr->name->name,
2,132,rectangle_java2.jpg,rectangle_java2.jpg,14689850188,112,844.3828571428571,365.75214285714287,856.5,367,10,21,;,1,class->block->constructor->block->block_content->expr_stmt,
2,132,rectangle_java2.jpg,rectangle_java2.jpg,14690002022,60,829.384,357.848,826.5,367,23,21,y1,2,class->block->constructor->block->block_content->expr_stmt->expr->name->name,
2,132,rectangle_java2.jpg,rectangle_java2.jpg,14690382071,76,741.8863157894737,334.3442105263158,730.5,331,71,19,this.x1,7,class->block->constructor->block->block_content->expr_stmt->expr->name->name->operator->name,
2,132,rectangle_java2.jpg,rectangle_java2.jpg,14690558143,72,756.7694444444444,368.7655555555556,730.5,367,71,21,this.y1,7,class->block->constructor->block->block_content->expr_stmt->expr->name->name->operator->name,
2,132,rectangle_java2.jpg,rectangle_java2.jpg,14690618150,56,775.2764285714286,381.49285714285713,730.5,367,71,21,this.y1,7,class->block->constructor->block->block_content->expr_stmt->expr->name->name->operator->name,
2,132,rectangle_java2.jpg,rectangle_java2.jpg,14690830128,208,780.4530769230769,393.55346153846153,730.5,404,71,19,this.x2,7,class->block->constructor->block->block_content->expr_stmt->expr->name->name->operator->name,
2,132,rectangle_java2.jpg,rectangle_java2.jpg,14690946110,72,757.285,385.4594444444445,730.5,367,71,21,this.y1,7,class->block->constructor->block->block_content->expr_stmt->expr->name->name->operator->name,
2,132,rectangle_java2.jpg,rectangle_java2.jpg,14691066094,72,754.8033333333333,373.8744444444444,730.5,367,71,21,this.y1,7,class->block->constructor->block->block_content->expr_stmt->expr->name->name->operator->name,
2,132,rectangle_java2.jpg,rectangle_java2.jpg,14691166078,72,791.7422222222223,384.83222222222224,730.5,367,71,21,this.y1,7,class->block->constructor->block->block_content->expr_stmt->expr->name->name->operator->name,
2,132,rectangle_java2.jpg,rectangle_java2.jpg,14691278080,108,789.8655555555556,368.8377777777778,730.5,367,71,21,this.y1,7,class->block->constructor->block->block_content->expr_stmt->expr->name->name->operator->name,
2,132,rectangle_java2.jpg,rectangle_java2.jpg,14691442100,56,837.1314285714286,384.45,826.5,367,23,21,y1,2,class->block->constructor->block->block_content->expr_stmt->expr->name->name,
2,132,rectangle_java2.jpg,rectangle_java2.jpg,14691610058,68,832.1623529411764,371.79470588235296,826.5,367,23,21,y1,2,class->block->constructor->block->block_content->expr_stmt->expr->name->name,
2,132,rectangle_java2.jpg,rectangle_java2.jpg,14691670034,56,827.505,355.5464285714286,826.5,367,23,21,y1,2,class->block->constructor->block->block_content->expr_stmt->expr->name->name,
2,132,rectangle_java2.jpg,rectangle_java2.jpg,14692345936,60,732.0346666666667,356.71866666666665,730.5,367,71,21,this.y1,7,class->block->constructor->block->block_content->expr_stmt->expr->name->name->operator->name,
2,132,rectangle_java2.jpg,rectangle_java2.jpg,14693566115,104,717.0692307692308,502.68000000000006,669.5,512,63,21,public,6,class->block->function->type->specifier,
2,132,rectangle_java2.jpg,rectangle_java2.jpg,14693633943,64,721.019375,511.7874999999999,669.5,512,63,21,public,6,class->block->function->type->specifier,
2,132,rectangle_java2.jpg,rectangle_java2.jpg,14693765713,60,1113.630666666667,556.2453333333333,1064.5,549,71,21,this.y1,7,class->block->function->block->block_content->return->expr->name->name->operator->name,
2,132,rectangle_java2.jpg,rectangle_java2.jpg,14693841769,72,1118.7488888888888,556.5927777777778,1064.5,549,71,21,this.y1,7,class->block->function->block->block_content->return->expr->name->name->operator->name,
2,132,rectangle_java2.jpg,rectangle_java2.jpg,14694577871,56,746.1628571428571,508.4335714285714,737.5,512,33,21,int,3,class->block->function->type->name,
2,132,rectangle_java2.jpg,rectangle_java2.jpg,14700833489,84,759.1538095238095,558.1276190476191,737.5,549,33,21,int,3,class->block->function->type->name,
2,132,rectangle_java2.jpg,rectangle_java2.jpg,14700961478,124,774.6845161290322,562.2674193548387,775.5,549,62,21,height,6,class->block->function->name,
2,132,rectangle_java2.jpg,rectangle_java2.jpg,14701065397,100,759.1352,569.0772,737.5,549,33,21,int,3,class->block->function->type->name,
2,132,rectangle_java2.jpg,rectangle_java2.jpg,14701248901,64,717.82875,612.1487500000001,669.5,621,63,21,public,6,class->block->function->type->specifier,
2,132,rectangle_java2.jpg,rectangle_java2.jpg,14701393039,56,721.525,616.0978571428572,669.5,621,63,21,public,6,class->block->function->type->specifier,
2,132,rectangle_java2.jpg,rectangle_java2.jpg,14701661350,132,799.2678787878788,583.97,737.5,585,62,21,double,6,class->block->function->type->name,
2,132,rectangle_java2.jpg,rectangle_java2.jpg,14701661350,132,799.2678787878788,583.97,804.5,585,43,21,area,4,class->block->function->name,
2,132,rectangle_java2.jpg,rectangle_java2.jpg,14701733351,68,793.9641176470589,602.8858823529412,737.5,585,62,21,double,6,class->block->function->type->name,
2,132,rectangle_java2.jpg,rectangle_java2.jpg,14701733351,68,793.9641176470589,602.8858823529412,804.5,585,43,21,area,4,class->block->function->name,
2,132,rectangle_java2.jpg,rectangle_java2.jpg,14701857337,68,748.2417647058824,558.3705882352941,737.5,549,33,21,int,3,class->block->function->type->name,
2,132,rectangle_java2.jpg,rectangle_java2.jpg,14701977324,64,744.9193750000001,553.540625,737.5,549,33,21,int,3,class->block->function->type->name,
2,132,rectangle_java2.jpg,rectangle_java2.jpg,14702081318,56,743.6007142857143,568.2835714285715,737.5,549,33,21,int,3,class->block->function->type->name,
2,132,rectangle_java2.jpg,rectangle_java2.jpg,14702329324,60,768.3033333333333,548.8306666666666,737.5,549,33,21,int,3,class->block->function->type->name,
2,132,rectangle_java2.jpg,rectangle_java2.jpg,14702329324,60,768.3033333333333,548.8306666666666,775.5,549,62,21,height,6,class->block->function->name,
2,132,rectangle_java2.jpg,rectangle_java2.jpg,14702921140,68,743.1182352941177,315.87117647058824,737.5,295,91,21,Rectangle,9,class->block->constructor->name,
2,132,rectangle_java2.jpg,rectangle_java2.jpg,14703425199,108,786.824074074074,274.6181481481481,785.5,259,23,21,x1,2,class->block->decl_stmt->decl->name,
2,132,rectangle_java2.jpg,rectangle_java2.jpg,14703989186,72,737.4988888888889,263.07944444444445,669.5,259,72,21,private,7,class->block->decl_stmt->decl->type->specifier,
2,132,rectangle_java2.jpg,rectangle_java2.jpg,14703989186,72,737.4988888888889,263.07944444444445,747.5,259,33,21,int,3,class->block->decl_stmt->decl->type->name,
2,132,rectangle_java2.jpg,rectangle_java2.jpg,14704053180,60,732.9026666666666,264.35266666666666,669.5,259,72,21,private,7,class->block->decl_stmt->decl->type->specifier,
2,132,rectangle_java2.jpg,rectangle_java2.jpg,14704389172,80,743.848,294.8345,737.5,295,91,21,Rectangle,9,class->block->constructor->name,
2,132,rectangle_java2.jpg,rectangle_java2.jpg,14704693148,92,934.6021739130434,522.3560869565217,891.5,512,62,21,return,6,class->block->function->block->block_content->return->expr->name->name,
2,132,rectangle_java2.jpg,rectangle_java2.jpg,14704753139,56,942.53,540.6621428571428,900.5,549,63,21,return,6,class->block->function->block->block_content->return,
2,132,rectangle_java2.jpg,rectangle_java2.jpg,14704945132,108,939.412962962963,523.7222222222223,891.5,512,62,21,return,6,class->block->function->block->block_content->return->expr->name->name,
2,132,rectangle_java2.jpg,rectangle_java2.jpg,14705112886,140,1111.8642857142856,521.74,1054.5,512,71,21,this.x1,7,class->block->function->block->block_content->return->expr->name->name->operator->name,
2,132,rectangle_java2.jpg,rectangle_java2.jpg,14705232913,116,1118.2055172413793,529.908275862069,1054.5,512,71,21,this.x1,7,class->block->function->block->block_content->return->expr->name->name->operator->name,
2,132,rectangle_java2.jpg,rectangle_java2.jpg,14705457067,72,998.0388888888888,750.2888888888889,941.5,731,91,20,Rectangle,9,class->block->function->block->block_content->decl_stmt->decl->init->expr->call->name,
2,132,rectangle_java2.jpg,rectangle_java2.jpg,14705533099,72,1014.1122222222224,740.3827777777778,941.5,731,91,20,Rectangle,9,class->block->function->block->block_content->decl_stmt->decl->init->expr->call->name,
2,132,rectangle_java2.jpg,rectangle_java2.jpg,14705641078,104,1003.5584615384616,745.9280769230769,941.5,731,91,20,Rectangle,9,class->block->function->block->block_content->decl_stmt->decl->init->expr->call->name,
2,132,rectangle_java2.jpg,rectangle_java2.jpg,14705701060,56,996.3042857142856,756.2742857142857,932.5,766,100,21,rect2.area,10,class->block->function->block->block_content->expr_stmt->expr->call->argument_list->argument->expr->call->name->name->operator->name,
2,132,rectangle_java2.jpg,rectangle_java2.jpg,14705801057,96,981.3745833333334,763.4675,932.5,766,100,21,rect2.area,10,class->block->function->block->block_content->expr_stmt->expr->call->argument_list->argument->expr->call->name->name->operator->name,
2,132,rectangle_java2.jpg,rectangle_java2.jpg,14705997092,192,979.0033333333332,750.0227083333333,941.5,731,91,20,Rectangle,9,class->block->function->block->block_content->decl_stmt->decl->init->expr->call->name,
2,132,rectangle_java2.jpg,rectangle_java2.jpg,14706280818,124,769.9316129032259,331.2951612903226,730.5,331,71,19,this.x1,7,class->block->constructor->block->block_content->expr_stmt->expr->name->name->operator->name,
2,132,rectangle_java2.jpg,rectangle_java2.jpg,14707556885,56,772.1692857142857,521.9435714285714,775.5,512,53,21,width,5,class->block->function->name,
2,132,rectangle_java2.jpg,rectangle_java2.jpg,14707724930,68,765.4023529411764,543.2894117647058,737.5,549,33,21,int,3,class->block->function->type->name,
2,132,rectangle_java2.jpg,rectangle_java2.jpg,14707724930,68,765.4023529411764,543.2894117647058,775.5,549,62,21,height,6,class->block->function->name,
2,132,rectangle_java2.jpg,rectangle_java2.jpg,14707820919,72,765.0394444444445,404.2355555555556,730.5,404,71,19,this.x2,7,class->block->constructor->block->block_content->expr_stmt->expr->name->name->operator->name,
2,132,rectangle_java2.jpg,rectangle_java2.jpg,14707908890,84,756.9228571428572,409.22333333333336,730.5,404,71,19,this.x2,7,class->block->constructor->block->block_content->expr_stmt->expr->name->name->operator->name,
2,132,rectangle_java2.jpg,rectangle_java2.jpg,14708096910,72,837.2733333333333,415.8005555555556,826.5,404,23,19,x2,2,class->block->constructor->block->block_content->expr_stmt->expr->name->name,
2,132,rectangle_java2.jpg,rectangle_java2.jpg,14708196927,96,831.9475,404.6066666666667,826.5,404,23,19,x2,2,class->block->constructor->block->block_content->expr_stmt->expr->name->name,
2,132,rectangle_java2.jpg,rectangle_java2.jpg,14708372962,72,677.5505555555555,797.8861111111111,672.5,804,10,18,},1,class->block->function->block,
2,132,rectangle_java2.jpg,rectangle_java2.jpg,14708908836,60,830.816,629.7853333333334,804.5,621,44,21,void,4,class->block->function->type->name,
2,132,rectangle_java2.jpg,rectangle_java2.jpg,14709108819,76,829.51,586.1357894736842,804.5,585,43,21,area,4,class->block->function->name,
2,132,rectangle_java2.jpg,rectangle_java2.jpg,14709204817,92,830.6308695652174,585.1921739130435,804.5,585,43,21,area,4,class->block->function->name,
2,132,rectangle_java2.jpg,rectangle_java2.jpg,14709296803,64,732.846875,656.93125,730.5,658,91,20,Rectangle,9,class->block->function->block->block_content->decl_stmt->decl->type->name,
2,132,rectangle_java2.jpg,rectangle_java2.jpg,14709512767,72,770.0944444444444,627.1438888888889,738.5,621,61,21,static,6,class->block->function->type->specifier,
2,132,rectangle_java2.jpg,rectangle_java2.jpg,14709576761,60,778.7,637.7379999999999,738.5,621,61,21,static,6,class->block->function->type->specifier,
2,132,rectangle_java2.jpg,rectangle_java2.jpg,14709700774,60,849.6346666666667,629.5600000000001,851.5,621,44,21,main,4,class->block->function->name,
2,132,rectangle_java2.jpg,rectangle_java2.jpg,14709868783,108,846.0637037037037,640.4911111111111,804.5,621,44,21,void,4,class->block->function->type->name,
2,132,rectangle_java2.jpg,rectangle_java2.jpg,14709868783,108,846.0637037037037,640.4911111111111,851.5,621,44,21,main,4,class->block->function->name,
2,132,rectangle_java2.jpg,rectangle_java2.jpg,14710016782,76,940.7905263157896,631.9157894736842,920.5,621,62,21,String,6,class->block->function->parameter_list->parameter->decl->type->name->name,
2,132,rectangle_java2.jpg,rectangle_java2.jpg,14710136777,68,944.6058823529412,622.2576470588235,920.5,621,62,21,String,6,class->block->function->parameter_list->parameter->decl->type->name->name,
2,132,rectangle_java2.jpg,rectangle_java2.jpg,14710356812,72,944.8155555555556,622.8544444444444,920.5,621,62,21,String,6,class->block->function->parameter_list->parameter->decl->type->name->name,
2,132,rectangle_java2.jpg,rectangle_java2.jpg,14710504802,64,1086.28,613.0025,1094.5,621,10,21,{,1,class->block->function->block,
2,132,rectangle_java2.jpg,rectangle_java2.jpg,14711864604,60,878.0926666666667,710.5773333333334,730.5,694,177,21,System.out.println,18,class->block->function->block->block_content->expr_stmt->expr->call->name->name->operator->name->operator->name,
2,132,rectangle_java2.jpg,rectangle_java2.jpg,14711924633,56,884.6121428571429,683.2492857142857,730.5,694,177,21,System.out.println,18,class->block->function->block->block_content->expr_stmt->expr->call->name->name->operator->name->operator->name,
2,132,rectangle_java2.jpg,rectangle_java2.jpg,14712272755,60,945.5686666666668,708.0353333333334,932.5,694,100,21,rect1.area,10,class->block->function->block->block_content->expr_stmt->expr->call->argument_list->argument->expr->call->name->name->operator->name,
2,132,rectangle_java2.jpg,rectangle_java2.jpg,14712540699,56,1071.8114285714285,620.8764285714285,1074.5,621,10,21,),1,class->block->function->parameter_list,
2,132,rectangle_java2.jpg,rectangle_java2.jpg,14713352531,56,816.1621428571428,676.0685714285714,730.5,658,91,20,Rectangle,9,class->block->function->block->block_content->decl_stmt->decl->type->name,
2,132,rectangle_java2.jpg,rectangle_java2.jpg,14713352531,56,816.1621428571428,676.0685714285714,826.5,658,52,20,rect1,5,class->block->function->block->block_content->decl_stmt->decl->name,
2,132,rectangle_java2.jpg,rectangle_java2.jpg,14713448524,92,812.0439130434783,656.0486956521739,730.5,658,91,20,Rectangle,9,class->block->function->block->block_content->decl_stmt->decl->type->name,
2,132,rectangle_java2.jpg,rectangle_java2.jpg,14713508521,56,806.7264285714286,660.3564285714285,730.5,658,91,20,Rectangle,9,class->block->function->block->block_content->decl_stmt->decl->type->name,
2,132,rectangle_java2.jpg,rectangle_java2.jpg,14713688525,116,786.2803448275862,664.7041379310344,730.5,658,91,20,Rectangle,9,class->block->function->block->block_content->decl_stmt->decl->type->name,
2,132,rectangle_java2.jpg,rectangle_java2.jpg,14713776537,84,781.9257142857143,671.5257142857142,730.5,658,91,20,Rectangle,9,class->block->function->block->block_content->decl_stmt->decl->type->name,
2,132,rectangle_java2.jpg,rectangle_java2.jpg,14713992572,120,853.6023333333334,676.6206666666667,826.5,658,52,20,rect1,5,class->block->function->block->block_content->decl_stmt->decl->name,
2,132,rectangle_java2.jpg,rectangle_java2.jpg,14714092575,96,851.9625,666.9525,826.5,658,52,20,rect1,5,class->block->function->block->block_content->decl_stmt->decl->name,
2,132,rectangle_java2.jpg,rectangle_java2.jpg,14714192595,96,853.8395833333333,686.7758333333334,730.5,694,177,21,System.out.println,18,class->block->function->block->block_content->expr_stmt->expr->call->name->name->operator->name->operator->name,
2,132,rectangle_java2.jpg,rectangle_java2.jpg,14715244365,96,723.70625,672.7625,730.5,658,91,20,Rectangle,9,class->block->function->block->block_content->decl_stmt->decl->type->name,
2,132,rectangle_java2.jpg,rectangle_java2.jpg,14715316326,68,738.025294117647,672.2452941176471,730.5,658,91,20,Rectangle,9,class->block->function->block->block_content->decl_stmt->decl->type->name,
2,132,rectangle_java2.jpg,rectangle_java2.jpg,14715380321,60,735.472,664.7726666666666,730.5,658,91,20,Rectangle,9,class->block->function->block->block_content->decl_stmt->decl->type->name,
2,132,rectangle_java2.jpg,rectangle_java2.jpg,14715520379,76,819.661052631579,662.4815789473685,730.5,658,91,20,Rectangle,9,class->block->function->block->block_content->decl_stmt->decl->type->name,
2,132,rectangle_java2.jpg,rectangle_java2.jpg,14715520379,76,819.661052631579,662.4815789473685,826.5,658,52,20,rect1,5,class->block->function->block->block_content->decl_stmt->decl->name,
2,132,rectangle_java2.jpg,rectangle_java2.jpg,14715644403,72,836.6033333333334,662.8583333333333,826.5,658,52,20,rect1,5,class->block->function->block->block_content->decl_stmt->decl->name,
2,132,rectangle_java2.jpg,rectangle_java2.jpg,14715748413,56,821.3328571428572,650.3192857142857,730.5,658,91,20,Rectangle,9,class->block->function->block->block_content->decl_stmt->decl->type->name,
2,132,rectangle_java2.jpg,rectangle_java2.jpg,14715748413,56,821.3328571428572,650.3192857142857,826.5,658,52,20,rect1,5,class->block->function->block->block_content->decl_stmt->decl->name,
2,132,rectangle_java2.jpg,rectangle_java2.jpg,14715812421,60,820.198,676.8473333333334,730.5,658,91,20,Rectangle,9,class->block->function->block->block_content->decl_stmt->decl->type->name,
2,132,rectangle_java2.jpg,rectangle_java2.jpg,14715812421,60,820.198,676.8473333333334,826.5,658,52,20,rect1,5,class->block->function->block->block_content->decl_stmt->decl->name,
2,132,rectangle_java2.jpg,rectangle_java2.jpg,14715912431,60,953.466,664.1773333333333,941.5,658,91,20,Rectangle,9,class->block->function->block->block_content->decl_stmt->decl->init->expr->call->name,
2,132,rectangle_java2.jpg,rectangle_java2.jpg,14716020417,104,959.3280769230768,654.1869230769231,941.5,658,91,20,Rectangle,9,class->block->function->block->block_content->decl_stmt->decl->init->expr->call->name,
2,132,rectangle_java2.jpg,rectangle_java2.jpg,14716116391,92,949.4869565217392,650.6082608695652,941.5,658,91,20,Rectangle,9,class->block->function->block->block_content->decl_stmt->decl->init->expr->call->name,
2,132,rectangle_java2.jpg,rectangle_java2.jpg,14716268404,96,938.0825,661.3929166666667,941.5,658,91,20,Rectangle,9,class->block->function->block->block_content->decl_stmt->decl->init->expr->call->name,
2,132,rectangle_java2.jpg,rectangle_java2.jpg,14716424464,60,933.62,670.306,902.5,658,34,20,new,3,class->block->function->block->block_content->decl_stmt->decl->init->expr->operator,
2,132,rectangle_java2.jpg,rectangle_java2.jpg,14716424464,60,933.62,670.306,941.5,658,91,20,Rectangle,9,class->block->function->block->block_content->decl_stmt->decl->init->expr->call->name,
2,132,rectangle_java2.jpg,rectangle_java2.jpg,14717112493,60,903.03,648.2253333333333,902.5,658,34,20,new,3,class->block->function->block->block_content->decl_stmt->decl->init->expr->operator,
2,132,rectangle_java2.jpg,rectangle_java2.jpg,14717176549,60,907.2033333333334,658.6366666666667,902.5,658,34,20,new,3,class->block->function->block->block_content->decl_stmt->decl->init->expr->operator,
2,132,rectangle_java2.jpg,rectangle_java2.jpg,14717308350,96,899.0029166666667,654.595,902.5,658,34,20,new,3,class->block->function->block->block_content->decl_stmt->decl->init->expr->operator,
2,132,rectangle_java2.jpg,rectangle_java2.jpg,14717460263,60,776.04,742.9813333333334,730.5,731,91,20,Rectangle,9,class->block->function->block->block_content->decl_stmt->decl->type->name,
2,132,rectangle_java2.jpg,rectangle_java2.jpg,14717520258,56,764.4028571428571,725.3492857142858,730.5,731,91,20,Rectangle,9,class->block->function->block->block_content->decl_stmt->decl->type->name,
2,132,rectangle_java2.jpg,rectangle_java2.jpg,14717648254,68,768.8335294117647,741.8735294117647,730.5,731,91,20,Rectangle,9,class->block->function->block->block_content->decl_stmt->decl->type->name,
2,132,rectangle_java2.jpg,rectangle_java2.jpg,14717748253,68,825.7858823529411,710.8552941176471,730.5,694,177,21,System.out.println,18,class->block->function->block->block_content->expr_stmt->expr->call->name->name->operator->name->operator->name,
2,132,rectangle_java2.jpg,rectangle_java2.jpg,14717903964,56,825.7285714285714,705.1428571428571,730.5,694,177,21,System.out.println,18,class->block->function->block->block_content->expr_stmt->expr->call->name->name->operator->name->operator->name,
2,132,rectangle_java2.jpg,rectangle_java2.jpg,14717999852,56,821.1628571428571,721.3071428571428,730.5,731,91,20,Rectangle,9,class->block->function->block->block_content->decl_stmt->decl->type->name,
2,132,rectangle_java2.jpg,rectangle_java2.jpg,14717999852,56,821.1628571428571,721.3071428571428,826.5,731,51,20,rect2,5,class->block->function->block->block_content->decl_stmt->decl->name,
2,132,rectangle_java2.jpg,rectangle_java2.jpg,14718628121,68,784.9741176470588,500.3464705882353,775.5,512,53,21,width,5,class->block->function->name,
2,132,rectangle_java2.jpg,rectangle_java2.jpg,14719444173,68,751.3876470588235,589.4335294117648,737.5,585,62,21,double,6,class->block->function->type->name,
2,132,rectangle_java2.jpg,rectangle_java2.jpg,14719528148,80,743.225,602.7655,737.5,585,62,21,double,6,class->block->function->type->name,
2,132,rectangle_java2.jpg,rectangle_java2.jpg,14719644134,72,728.5788888888889,596.3033333333334,669.5,585,63,21,public,6,class->block->function->type->specifier,
2,132,rectangle_java2.jpg,rectangle_java2.jpg,14719644134,72,728.5788888888889,596.3033333333334,737.5,585,62,21,double,6,class->block->function->type->name,
2,132,rectangle_java2.jpg,rectangle_java2.jpg,14720167994,156,959.593076923077,500.8202564102564,958.5,512,71,21,this.x2,7,class->block->function->block->block_content->return->expr->name->name->operator->name->operator,
2,132,rectangle_java2.jpg,rectangle_java2.jpg,14722171871,56,822.2557142857142,296.1485714285714,737.5,295,91,21,Rectangle,9,class->block->constructor->name,
2,132,rectangle_java2.jpg,rectangle_java2.jpg,14722283882,108,823.5085185185185,309.56481481481484,737.5,295,91,21,Rectangle,9,class->block->constructor->name,
2,132,rectangle_java2.jpg,rectangle_java2.jpg,14722371888,84,824.9961904761905,312.50666666666666,737.5,295,91,21,Rectangle,9,class->block->constructor->name,
2,132,rectangle_java2.jpg,rectangle_java2.jpg,14722431890,56,831.8842857142857,312.1435714285714,837.5,295,9,21,(,1,class->block->constructor->parameter_list,
2,132,rectangle_java2.jpg,rectangle_java2.jpg,14722539898,56,828.0428571428572,313.6985714285714,737.5,295,91,21,Rectangle,9,class->block->constructor->name,
2,132,rectangle_java2.jpg,rectangle_java2.jpg,14722539898,56,828.0428571428572,313.6985714285714,837.5,295,9,21,(,1,class->block->constructor->parameter_list,
2,132,rectangle_java2.jpg,rectangle_java2.jpg,14722695890,60,1122.7746666666667,295.06933333333336,1112.5,295,33,21,int,3,class->block->constructor->parameter_list->parameter->decl->type->name,
2,132,rectangle_java2.jpg,rectangle_java2.jpg,14722831857,84,1118.864761904762,291.1304761904762,1112.5,295,33,21,int,3,class->block->constructor->parameter_list->parameter->decl->type->name,
2,132,rectangle_java2.jpg,rectangle_java2.jpg,14723015862,136,1050.520588235294,285.8567647058824,1025.5,295,33,21,int,3,class->block->constructor->parameter_list->parameter->decl->type->name,
2,132,rectangle_java2.jpg,rectangle_java2.jpg,14723199942,132,764.2687878787879,303.96909090909094,737.5,295,91,21,Rectangle,9,class->block->constructor->name,
2,132,rectangle_java2.jpg,rectangle_java2.jpg,14723279968,76,762.31,311.7115789473684,737.5,295,91,21,Rectangle,9,class->block->constructor->name,
2,132,rectangle_java2.jpg,rectangle_java2.jpg,14723347955,64,755.150625,298.43625,737.5,295,91,21,Rectangle,9,class->block->constructor->name,
