trial,participant,code_file,code_language,timestamp,duration,x_cord,y_cord,aoi_x,aoi_y,aoi_width,aoi_height,token,length,srcML,
2,156,rectangle_java2.jpg,rectangle_java2.jpg,857690999,60,857.7186666666666,257.5346666666667,863.5,259,10,21,"""","""",1,class->block->decl_stmt
2,156,rectangle_java2.jpg,rectangle_java2.jpg,865236696,60,726.7193333333333,230.448,715.5,222,90,21,Rectangle,9,class->name,
2,156,rectangle_java2.jpg,rectangle_java2.jpg,865520443,56,795.5978571428572,231.73714285714289,715.5,222,90,21,Rectangle,9,class->name,
2,156,rectangle_java2.jpg,rectangle_java2.jpg,869226325,60,775.6253333333333,250.60733333333337,747.5,259,33,21,int,3,class->block->decl_stmt->decl->type->name,
2,156,rectangle_java2.jpg,rectangle_java2.jpg,869226325,60,775.6253333333333,250.60733333333337,785.5,259,23,21,x1,2,class->block->decl_stmt->decl->name,
2,156,rectangle_java2.jpg,rectangle_java2.jpg,873857277,56,956.9142857142856,553.6542857142857,900.5,549,63,21,return,6,class->block->function->block->block_content->return,
2,156,rectangle_java2.jpg,rectangle_java2.jpg,873857277,56,956.9142857142856,553.6542857142857,968.5,549,70,21,this.y2,7,class->block->function->block->block_content->return->expr->name->name->operator->name,
2,156,rectangle_java2.jpg,rectangle_java2.jpg,874305839,68,1047.030588235294,550.5388235294117,1045.5,549,13,21,-,1,class->block->function->block->block_content->return->expr->operator,
2,156,rectangle_java2.jpg,rectangle_java2.jpg,879509140,72,875.1561111111112,588.5422222222222,873.5,585,9,21,),1,class->block->function->parameter_list,
2,156,rectangle_java2.jpg,rectangle_java2.jpg,880243746,56,870.1707142857143,600.8264285714286,873.5,585,9,21,),1,class->block->function->parameter_list,
2,156,rectangle_java2.jpg,rectangle_java2.jpg,881278733,56,772.7328571428571,589.7992857142857,737.5,585,62,21,double,6,class->block->function->type->name,
2,156,rectangle_java2.jpg,rectangle_java2.jpg,882380265,56,1000.8528571428571,630.1392857142857,1007.5,621,10,21,],1,class->block->function->parameter_list->parameter->decl->type->name->index,
2,156,rectangle_java2.jpg,rectangle_java2.jpg,885034671,132,1037.743333333333,690.5957575757576,1041.5,694,9,21,(,1,class->block->function->block->block_content->expr_stmt->expr->call->argument_list->argument->expr->call->argument_list,
2,156,rectangle_java2.jpg,rectangle_java2.jpg,885986186,56,985.8264285714286,635.5535714285714,990.5,621,10,21,[,1,class->block->function->parameter_list->parameter->decl->type->name->index,
2,156,rectangle_java2.jpg,rectangle_java2.jpg,886620393,60,1202.7753333333333,647.202,1182.5,658,22,20,10,2,class->block->function->block->block_content->decl_stmt->decl->init->expr->call->argument_list->argument->expr->literal,
2,156,rectangle_java2.jpg,rectangle_java2.jpg,886620393,60,1202.7753333333333,647.202,1211.5,658,9,20,),1,class->block->function->block->block_content->decl_stmt->decl->init->expr->call->argument_list,
2,156,rectangle_java2.jpg,rectangle_java2.jpg,890176164,124,817.5029032258064,502.5329032258064,775.5,512,53,21,width,5,class->block->function->name,
2,156,rectangle_java2.jpg,rectangle_java2.jpg,891327907,56,834.4635714285714,673.9885714285714,826.5,658,52,20,rect1,5,class->block->function->block->block_content->decl_stmt->decl->name,
2,156,rectangle_java2.jpg,rectangle_java2.jpg,892012221,60,844.7593333333333,674.626,826.5,658,52,20,rect1,5,class->block->function->block->block_content->decl_stmt->decl->name,
2,156,rectangle_java2.jpg,rectangle_java2.jpg,894783536,68,1017.7358823529412,745.8729411764706,941.5,731,91,20,Rectangle,9,class->block->function->block->block_content->decl_stmt->decl->init->expr->call->name,
2,156,rectangle_java2.jpg,rectangle_java2.jpg,896452523,56,1200.0607142857143,725.5214285714286,1182.5,731,22,20,10,2,class->block->function->block->block_content->decl_stmt->decl->init->expr->call->argument_list->argument->expr->literal,
2,156,rectangle_java2.jpg,rectangle_java2.jpg,896452523,56,1200.0607142857143,725.5214285714286,1211.5,731,9,20,),1,class->block->function->block->block_content->decl_stmt->decl->init->expr->call->argument_list,
