trial,participant,code_file,code_language,timestamp,duration,x_cord,y_cord,aoi_x,aoi_y,aoi_width,aoi_height,token,length,srcML,
2,158,rectangle_java2.jpg,rectangle_java2.jpg,2095584746,256,925.73078125,503.5046875000001,891.5,512,62,21,return,6,class->block->function->block->block_content->return->expr->name->name,
2,158,rectangle_java2.jpg,rectangle_java2.jpg,2095776652,148,795.3218918918919,540.5594594594595,775.5,549,62,21,height,6,class->block->function->name,
2,158,rectangle_java2.jpg,rectangle_java2.jpg,2095948651,112,666.9592857142857,295.44392857142856,669.5,295,63,21,public,6,class->block->constructor->specifier,
2,158,rectangle_java2.jpg,rectangle_java2.jpg,2096460655,196,709.2777551020408,271.39428571428573,669.5,259,72,21,private,7,class->block->decl_stmt->decl->type->specifier,
2,158,rectangle_java2.jpg,rectangle_java2.jpg,2096672540,200,735.6404,263.984,669.5,259,72,21,private,7,class->block->decl_stmt->decl->type->specifier,
2,158,rectangle_java2.jpg,rectangle_java2.jpg,2096672540,200,735.6404,263.984,747.5,259,33,21,int,3,class->block->decl_stmt->decl->type->name,
2,158,rectangle_java2.jpg,rectangle_java2.jpg,2096864493,188,740.338085106383,261.0248936170213,669.5,259,72,21,private,7,class->block->decl_stmt->decl->type->specifier,
2,158,rectangle_java2.jpg,rectangle_java2.jpg,2096864493,188,740.338085106383,261.0248936170213,747.5,259,33,21,int,3,class->block->decl_stmt->decl->type->name,
2,158,rectangle_java2.jpg,rectangle_java2.jpg,2097220527,300,703.2485333333333,297.36306666666667,669.5,295,63,21,public,6,class->block->constructor->specifier,
2,158,rectangle_java2.jpg,rectangle_java2.jpg,2097308529,72,775.0972222222222,302.0705555555556,737.5,295,91,21,Rectangle,9,class->block->constructor->name,
2,158,rectangle_java2.jpg,rectangle_java2.jpg,2097440522,128,778.7821875,304.4359375,737.5,295,91,21,Rectangle,9,class->block->constructor->name,
2,158,rectangle_java2.jpg,rectangle_java2.jpg,2097772668,152,744.1473684210526,343.9347368421053,730.5,331,71,19,this.x1,7,class->block->constructor->block->block_content->expr_stmt->expr->name->name->operator->name,
2,158,rectangle_java2.jpg,rectangle_java2.jpg,2097852695,76,748.1168421052631,343.7552631578947,730.5,331,71,19,this.x1,7,class->block->constructor->block->block_content->expr_stmt->expr->name->name->operator->name,
2,158,rectangle_java2.jpg,rectangle_java2.jpg,2098108616,228,692.8008771929825,315.3333333333333,669.5,295,63,21,public,6,class->block->constructor->specifier,
2,158,rectangle_java2.jpg,rectangle_java2.jpg,2098224573,84,761.83,314.44904761904763,737.5,295,91,21,Rectangle,9,class->block->constructor->name,
2,158,rectangle_java2.jpg,rectangle_java2.jpg,2098300601,72,767.0372222222222,304.4972222222222,737.5,295,91,21,Rectangle,9,class->block->constructor->name,
2,158,rectangle_java2.jpg,rectangle_java2.jpg,2098424621,120,765.1883333333334,312.16766666666666,737.5,295,91,21,Rectangle,9,class->block->constructor->name,
2,158,rectangle_java2.jpg,rectangle_java2.jpg,2098524583,84,824.3938095238095,313.48,737.5,295,91,21,Rectangle,9,class->block->constructor->name,
2,158,rectangle_java2.jpg,rectangle_java2.jpg,2098760467,232,827.0034482758621,311.7474137931035,737.5,295,91,21,Rectangle,9,class->block->constructor->name,
2,158,rectangle_java2.jpg,rectangle_java2.jpg,2098760467,232,827.0034482758621,311.7474137931035,837.5,295,9,21,(,1,class->block->constructor->parameter_list,
2,158,rectangle_java2.jpg,rectangle_java2.jpg,2098880436,72,890.7833333333333,302.9061111111111,890.5,295,24,21,x1,2,class->block->constructor->parameter_list->parameter->decl->type->name,
2,158,rectangle_java2.jpg,rectangle_java2.jpg,2098996419,112,892.275,302.4864285714286,890.5,295,24,21,x1,2,class->block->constructor->parameter_list->parameter->decl->type->name,
2,158,rectangle_java2.jpg,rectangle_java2.jpg,2099136399,136,921.7582352941176,310.86911764705883,921.5,295,9,21,"""","""",1,class->block->constructor->parameter_list
2,158,rectangle_java2.jpg,rectangle_java2.jpg,2099308444,104,926.1057692307692,305.06615384615384,921.5,295,9,21,"""","""",1,class->block->constructor->parameter_list
2,158,rectangle_java2.jpg,rectangle_java2.jpg,2099492451,84,808.2552380952382,288.29809523809524,737.5,295,91,21,Rectangle,9,class->block->constructor->name,
2,158,rectangle_java2.jpg,rectangle_java2.jpg,2099728479,64,813.558125,279.088125,815.5,259,10,21,"""","""",1,class->block->decl_stmt
2,158,rectangle_java2.jpg,rectangle_java2.jpg,2099912477,124,817.4338709677419,306.8158064516129,737.5,295,91,21,Rectangle,9,class->block->constructor->name,
2,158,rectangle_java2.jpg,rectangle_java2.jpg,2100080427,132,727.7921212121212,342.07545454545453,730.5,331,71,19,this.x1,7,class->block->constructor->block->block_content->expr_stmt->expr->name->name->operator->name,
2,158,rectangle_java2.jpg,rectangle_java2.jpg,2100384526,84,760.8957142857142,360.4395238095238,730.5,367,71,21,this.y1,7,class->block->constructor->block->block_content->expr_stmt->expr->name->name->operator->name,
2,158,rectangle_java2.jpg,rectangle_java2.jpg,2100504422,116,772.8334482758621,344.5968965517241,730.5,331,71,19,this.x1,7,class->block->constructor->block->block_content->expr_stmt->expr->name->name->operator->name,
2,158,rectangle_java2.jpg,rectangle_java2.jpg,2100580316,72,731.1255555555556,342.8955555555556,730.5,331,71,19,this.x1,7,class->block->constructor->block->block_content->expr_stmt->expr->name->name->operator->name,
2,158,rectangle_java2.jpg,rectangle_java2.jpg,2101080247,212,779.5892452830188,346.2733962264151,730.5,331,71,19,this.x1,7,class->block->constructor->block->block_content->expr_stmt->expr->name->name->operator->name,
2,158,rectangle_java2.jpg,rectangle_java2.jpg,2101232166,148,784.0291891891892,343.61783783783784,730.5,331,71,19,this.x1,7,class->block->constructor->block->block_content->expr_stmt->expr->name->name->operator->name,
2,158,rectangle_java2.jpg,rectangle_java2.jpg,2101744251,108,766.3566666666667,308.99703703703705,737.5,295,91,21,Rectangle,9,class->block->constructor->name,
2,158,rectangle_java2.jpg,rectangle_java2.jpg,2102096319,348,767.7617241379311,319.09701149425285,730.5,331,71,19,this.x1,7,class->block->constructor->block->block_content->expr_stmt->expr->name->name->operator->name,
2,158,rectangle_java2.jpg,rectangle_java2.jpg,2102296194,168,762.9538095238096,365.29761904761904,730.5,367,71,21,this.y1,7,class->block->constructor->block->block_content->expr_stmt->expr->name->name->operator->name,
2,158,rectangle_java2.jpg,rectangle_java2.jpg,2102972062,264,757.9587878787879,359.0701515151515,730.5,367,71,21,this.y1,7,class->block->constructor->block->block_content->expr_stmt->expr->name->name->operator->name,
2,158,rectangle_java2.jpg,rectangle_java2.jpg,2103532123,140,748.9788571428571,278.034,747.5,259,33,21,int,3,class->block->decl_stmt->decl->type->name,
2,158,rectangle_java2.jpg,rectangle_java2.jpg,2103608123,72,742.8911111111111,267.6555555555556,747.5,259,33,21,int,3,class->block->decl_stmt->decl->type->name,
2,158,rectangle_java2.jpg,rectangle_java2.jpg,2104028146,104,782.8815384615384,345.92615384615385,730.5,331,71,19,this.x1,7,class->block->constructor->block->block_content->expr_stmt->expr->name->name->operator->name,
2,158,rectangle_java2.jpg,rectangle_java2.jpg,2105080035,60,755.598,395.834,730.5,404,71,19,this.x2,7,class->block->constructor->block->block_content->expr_stmt->expr->name->name->operator->name,
2,158,rectangle_java2.jpg,rectangle_java2.jpg,2105260321,120,774.6823333333333,411.0443333333333,730.5,404,71,19,this.x2,7,class->block->constructor->block->block_content->expr_stmt->expr->name->name->operator->name,
2,158,rectangle_java2.jpg,rectangle_java2.jpg,2105508187,216,815.4924074074074,432.72833333333335,806.5,440,15,21,=,1,class->block->constructor->block->block_content->expr_stmt->expr->operator,
2,158,rectangle_java2.jpg,rectangle_java2.jpg,2105508187,216,815.4924074074074,432.72833333333335,826.5,440,23,21,y2,2,class->block->constructor->block->block_content->expr_stmt->expr->name->name,
2,158,rectangle_java2.jpg,rectangle_java2.jpg,2105783995,248,759.6729032258064,458.16080645161287,730.5,440,71,21,this.y2,7,class->block->constructor->block->block_content->expr_stmt->expr->name->name->operator->name,
2,158,rectangle_java2.jpg,rectangle_java2.jpg,2105903982,116,759.581724137931,456.2706896551724,730.5,440,71,21,this.y2,7,class->block->constructor->block->block_content->expr_stmt->expr->name->name->operator->name,
2,158,rectangle_java2.jpg,rectangle_java2.jpg,2107120109,56,732.4935714285714,558.0735714285714,669.5,549,63,21,public,6,class->block->function->type->specifier,
2,158,rectangle_java2.jpg,rectangle_java2.jpg,2107120109,56,732.4935714285714,558.0735714285714,737.5,549,33,21,int,3,class->block->function->type->name,
2,158,rectangle_java2.jpg,rectangle_java2.jpg,2107244169,120,724.8256666666666,574.5313333333334,669.5,585,63,21,public,6,class->block->function->type->specifier,
2,158,rectangle_java2.jpg,rectangle_java2.jpg,2107336013,88,688.4886363636364,575.8295454545455,669.5,585,63,21,public,6,class->block->function->type->specifier,
2,158,rectangle_java2.jpg,rectangle_java2.jpg,2107423896,84,688.7428571428571,564.875238095238,669.5,549,63,21,public,6,class->block->function->type->specifier,
2,158,rectangle_java2.jpg,rectangle_java2.jpg,2107515898,88,761.1113636363636,576.7154545454546,737.5,585,62,21,double,6,class->block->function->type->name,
2,158,rectangle_java2.jpg,rectangle_java2.jpg,2107851887,180,747.7682222222222,567.1037777777777,737.5,549,33,21,int,3,class->block->function->type->name,
2,158,rectangle_java2.jpg,rectangle_java2.jpg,2107995865,140,784.9202857142857,575.4677142857142,737.5,585,62,21,double,6,class->block->function->type->name,
2,158,rectangle_java2.jpg,rectangle_java2.jpg,2108071753,72,786.1727777777778,561.8061111111111,775.5,549,62,21,height,6,class->block->function->name,
2,158,rectangle_java2.jpg,rectangle_java2.jpg,2108175595,100,893.7616,565.0924,900.5,549,63,21,return,6,class->block->function->block->block_content->return,
2,158,rectangle_java2.jpg,rectangle_java2.jpg,2108515727,336,896.2517857142857,569.6895238095238,900.5,549,63,21,return,6,class->block->function->block->block_content->return,
2,158,rectangle_java2.jpg,rectangle_java2.jpg,2108771887,252,970.116984126984,567.5077777777777,968.5,549,70,21,this.y2,7,class->block->function->block->block_content->return->expr->name->name->operator->name,
2,158,rectangle_java2.jpg,rectangle_java2.jpg,2109051762,276,974.196231884058,557.6453623188406,968.5,549,70,21,this.y2,7,class->block->function->block->block_content->return->expr->name->name->operator->name,
2,158,rectangle_java2.jpg,rectangle_java2.jpg,2109119768,64,1002.369375,554.97125,968.5,549,70,21,this.y2,7,class->block->function->block->block_content->return->expr->name->name->operator->name,
2,158,rectangle_java2.jpg,rectangle_java2.jpg,2109271763,148,1002.4124324324324,551.7048648648648,968.5,549,70,21,this.y2,7,class->block->function->block->block_content->return->expr->name->name->operator->name,
2,158,rectangle_java2.jpg,rectangle_java2.jpg,2109367746,92,969.7578260869566,557.4021739130435,968.5,549,70,21,this.y2,7,class->block->function->block->block_content->return->expr->name->name->operator->name,
2,158,rectangle_java2.jpg,rectangle_java2.jpg,2109475757,104,966.1838461538462,556.0330769230769,968.5,549,70,21,this.y2,7,class->block->function->block->block_content->return->expr->name->name->operator->name,
2,158,rectangle_java2.jpg,rectangle_java2.jpg,2109543775,64,973.199375,555.74375,968.5,549,70,21,this.y2,7,class->block->function->block->block_content->return->expr->name->name->operator->name,
2,158,rectangle_java2.jpg,rectangle_java2.jpg,2109819816,60,1002.2766666666666,528.5600000000001,958.5,512,71,21,this.x2,7,class->block->function->block->block_content->return->expr->name->name->operator->name->operator,
2,158,rectangle_java2.jpg,rectangle_java2.jpg,2110067973,172,1043.952093023256,541.1013953488372,1045.5,549,13,21,-,1,class->block->function->block->block_content->return->expr->operator,
2,158,rectangle_java2.jpg,rectangle_java2.jpg,2110203607,132,1034.2572727272727,543.0721212121213,968.5,549,70,21,this.y2,7,class->block->function->block->block_content->return->expr->name->name->operator->name,
2,158,rectangle_java2.jpg,rectangle_java2.jpg,2110203607,132,1034.2572727272727,543.0721212121213,1045.5,549,13,21,-,1,class->block->function->block->block_content->return->expr->operator,
2,158,rectangle_java2.jpg,rectangle_java2.jpg,2110391655,184,1013.8428260869564,544.8854347826087,968.5,549,70,21,this.y2,7,class->block->function->block->block_content->return->expr->name->name->operator->name,
2,158,rectangle_java2.jpg,rectangle_java2.jpg,2110699643,112,692.8746428571428,602.2921428571428,669.5,585,63,21,public,6,class->block->function->type->specifier,
2,158,rectangle_java2.jpg,rectangle_java2.jpg,2110771651,68,701.9511764705883,610.665294117647,669.5,621,63,21,public,6,class->block->function->type->specifier,
2,158,rectangle_java2.jpg,rectangle_java2.jpg,2111079648,240,768.3575,618.0718333333333,738.5,621,61,21,static,6,class->block->function->type->specifier,
2,158,rectangle_java2.jpg,rectangle_java2.jpg,2111251623,168,754.7754761904762,620.4909523809524,738.5,621,61,21,static,6,class->block->function->type->specifier,
2,158,rectangle_java2.jpg,rectangle_java2.jpg,2111491559,196,817.4826530612245,605.0059183673469,804.5,585,43,21,area,4,class->block->function->name,
2,158,rectangle_java2.jpg,rectangle_java2.jpg,2111551550,56,817.135,596.5778571428572,804.5,585,43,21,area,4,class->block->function->name,
2,158,rectangle_java2.jpg,rectangle_java2.jpg,2111715555,160,905.99825,601.79725,910.5,585,62,21,return,6,class->block->function->block->block_content->return,
2,158,rectangle_java2.jpg,rectangle_java2.jpg,2111819566,100,908.1836,593.732,910.5,585,62,21,return,6,class->block->function->block->block_content->return,
2,158,rectangle_java2.jpg,rectangle_java2.jpg,2112055403,224,987.2089285714286,600.9685714285714,977.5,585,101,21,this.width,10,class->block->function->block->block_content->return->expr->call->name->name->operator->name,
2,158,rectangle_java2.jpg,rectangle_java2.jpg,2112327580,168,764.9142857142857,657.5130952380953,730.5,658,91,20,Rectangle,9,class->block->function->block->block_content->decl_stmt->decl->type->name,
2,158,rectangle_java2.jpg,rectangle_java2.jpg,2113271447,352,772.9669318181818,356.16295454545457,730.5,367,71,21,this.y1,7,class->block->constructor->block->block_content->expr_stmt->expr->name->name->operator->name,
2,158,rectangle_java2.jpg,rectangle_java2.jpg,2113399444,96,799.2458333333333,392.85291666666666,730.5,404,71,19,this.x2,7,class->block->constructor->block->block_content->expr_stmt->expr->name->name->operator->name,
2,158,rectangle_java2.jpg,rectangle_java2.jpg,2113399444,96,799.2458333333333,392.85291666666666,806.5,404,15,19,=,1,class->block->constructor->block->block_content->expr_stmt->expr->operator,
2,158,rectangle_java2.jpg,rectangle_java2.jpg,2113575504,172,800.1651162790698,396.656511627907,730.5,404,71,19,this.x2,7,class->block->constructor->block->block_content->expr_stmt->expr->name->name->operator->name,
2,158,rectangle_java2.jpg,rectangle_java2.jpg,2113575504,172,800.1651162790698,396.656511627907,806.5,404,15,19,=,1,class->block->constructor->block->block_content->expr_stmt->expr->operator,
2,158,rectangle_java2.jpg,rectangle_java2.jpg,2113983379,140,752.4342857142857,458.22657142857145,730.5,440,71,21,this.y2,7,class->block->constructor->block->block_content->expr_stmt->expr->name->name->operator->name,
2,158,rectangle_java2.jpg,rectangle_java2.jpg,2115955312,108,687.5488888888889,628.5696296296296,669.5,621,63,21,public,6,class->block->function->type->specifier,
2,158,rectangle_java2.jpg,rectangle_java2.jpg,2116039263,80,687.3445,633.4605,669.5,621,63,21,public,6,class->block->function->type->specifier,
2,158,rectangle_java2.jpg,rectangle_java2.jpg,2116539209,228,763.7475438596491,636.6138596491228,738.5,621,61,21,static,6,class->block->function->type->specifier,
2,158,rectangle_java2.jpg,rectangle_java2.jpg,2116703202,120,811.692,646.3063333333333,730.5,658,91,20,Rectangle,9,class->block->function->block->block_content->decl_stmt->decl->type->name,
2,158,rectangle_java2.jpg,rectangle_java2.jpg,2116915209,160,747.93075,650.7335,730.5,658,91,20,Rectangle,9,class->block->function->block->block_content->decl_stmt->decl->type->name,
2,158,rectangle_java2.jpg,rectangle_java2.jpg,2117355255,236,937.8020338983052,632.8496610169492,920.5,621,62,21,String,6,class->block->function->parameter_list->parameter->decl->type->name->name,
2,158,rectangle_java2.jpg,rectangle_java2.jpg,2117682997,220,1003.502,631.6221818181818,1007.5,621,10,21,],1,class->block->function->parameter_list->parameter->decl->type->name->index,
2,158,rectangle_java2.jpg,rectangle_java2.jpg,2118446779,76,883.5794736842106,696.848947368421,730.5,694,177,21,System.out.println,18,class->block->function->block->block_content->expr_stmt->expr->call->name->name->operator->name->operator->name,
2,158,rectangle_java2.jpg,rectangle_java2.jpg,2118506886,56,873.29,689.6314285714286,730.5,694,177,21,System.out.println,18,class->block->function->block->block_content->expr_stmt->expr->call->name->name->operator->name->operator->name,
2,158,rectangle_java2.jpg,rectangle_java2.jpg,2118619049,100,719.2876,689.6392,730.5,694,177,21,System.out.println,18,class->block->function->block->block_content->expr_stmt->expr->call->name->name->operator->name->operator->name,
2,158,rectangle_java2.jpg,rectangle_java2.jpg,2118719029,96,718.22625,700.5216666666666,730.5,694,177,21,System.out.println,18,class->block->function->block->block_content->expr_stmt->expr->call->name->name->operator->name->operator->name,
2,158,rectangle_java2.jpg,rectangle_java2.jpg,2118855074,132,769.8815151515151,701.6081818181818,730.5,694,177,21,System.out.println,18,class->block->function->block->block_content->expr_stmt->expr->call->name->name->operator->name->operator->name,
2,158,rectangle_java2.jpg,rectangle_java2.jpg,2119407038,72,923.1927777777778,677.5772222222222,902.5,658,34,20,new,3,class->block->function->block->block_content->decl_stmt->decl->init->expr->operator,
2,158,rectangle_java2.jpg,rectangle_java2.jpg,2119498920,88,930.13,669.454090909091,902.5,658,34,20,new,3,class->block->function->block->block_content->decl_stmt->decl->init->expr->operator,
2,158,rectangle_java2.jpg,rectangle_java2.jpg,2119498920,88,930.13,669.454090909091,941.5,658,91,20,Rectangle,9,class->block->function->block->block_content->decl_stmt->decl->init->expr->call->name,
2,158,rectangle_java2.jpg,rectangle_java2.jpg,2119586806,84,924.8028571428572,675.5842857142857,902.5,658,34,20,new,3,class->block->function->block->block_content->decl_stmt->decl->init->expr->operator,
2,158,rectangle_java2.jpg,rectangle_java2.jpg,2119930913,316,1008.4853164556962,666.2148101265823,941.5,658,91,20,Rectangle,9,class->block->function->block->block_content->decl_stmt->decl->init->expr->call->name,
2,158,rectangle_java2.jpg,rectangle_java2.jpg,2120083035,108,774.6033333333334,729.8014814814815,730.5,731,91,20,Rectangle,9,class->block->function->block->block_content->decl_stmt->decl->type->name,
2,158,rectangle_java2.jpg,rectangle_java2.jpg,2120367049,168,755.1814285714286,722.3680952380953,730.5,731,91,20,Rectangle,9,class->block->function->block->block_content->decl_stmt->decl->type->name,
2,158,rectangle_java2.jpg,rectangle_java2.jpg,2120434999,64,814.401875,727.5862500000001,730.5,731,91,20,Rectangle,9,class->block->function->block->block_content->decl_stmt->decl->type->name,
2,158,rectangle_java2.jpg,rectangle_java2.jpg,2120434999,64,814.401875,727.5862500000001,826.5,731,51,20,rect2,5,class->block->function->block->block_content->decl_stmt->decl->name,
2,158,rectangle_java2.jpg,rectangle_java2.jpg,2120663038,224,822.23,722.5628571428572,826.5,731,51,20,rect2,5,class->block->function->block->block_content->decl_stmt->decl->name,
2,158,rectangle_java2.jpg,rectangle_java2.jpg,2120747245,72,920.6383333333332,721.4772222222222,902.5,731,34,20,new,3,class->block->function->block->block_content->decl_stmt->decl->init->expr->operator,
2,158,rectangle_java2.jpg,rectangle_java2.jpg,2120987078,60,916.306,720.3633333333333,902.5,731,34,20,new,3,class->block->function->block->block_content->decl_stmt->decl->init->expr->operator,
2,158,rectangle_java2.jpg,rectangle_java2.jpg,2121139046,148,874.7072972972973,722.16,826.5,731,51,20,rect2,5,class->block->function->block->block_content->decl_stmt->decl->name,
2,158,rectangle_java2.jpg,rectangle_java2.jpg,2121139046,148,874.7072972972973,722.16,883.5,731,15,20,=,1,class->block->function->block->block_content->decl_stmt->decl->init,
2,158,rectangle_java2.jpg,rectangle_java2.jpg,2121406985,248,938.841129032258,712.8783870967742,932.5,694,100,21,rect1.area,10,class->block->function->block->block_content->expr_stmt->expr->call->argument_list->argument->expr->call->name->name->operator->name,
2,158,rectangle_java2.jpg,rectangle_java2.jpg,2121638849,208,1078.3748076923075,713.0536538461538,1077.5,694,9,21,),1,class->block->function->block->block_content->expr_stmt->expr->call->argument_list,
2,158,rectangle_java2.jpg,rectangle_java2.jpg,2121931042,88,748.7931818181818,769.6809090909092,730.5,766,177,21,System.out.println,18,class->block->function->block->block_content->expr_stmt->expr->call->name->name->operator->name->operator->name,
2,158,rectangle_java2.jpg,rectangle_java2.jpg,2122083259,148,755.0097297297298,775.9102702702703,730.5,766,177,21,System.out.println,18,class->block->function->block->block_content->expr_stmt->expr->call->name->name->operator->name->operator->name,
2,158,rectangle_java2.jpg,rectangle_java2.jpg,2122319109,196,814.4587755102041,777.9330612244898,730.5,766,177,21,System.out.println,18,class->block->function->block->block_content->expr_stmt->expr->call->name->name->operator->name->operator->name,
2,158,rectangle_java2.jpg,rectangle_java2.jpg,2122522984,200,814.6926,766.0508,730.5,766,177,21,System.out.println,18,class->block->function->block->block_content->expr_stmt->expr->call->name->name->operator->name->operator->name,
2,158,rectangle_java2.jpg,rectangle_java2.jpg,2122682841,156,805.5676923076923,758.5248717948718,730.5,766,177,21,System.out.println,18,class->block->function->block->block_content->expr_stmt->expr->call->name->name->operator->name->operator->name,
2,158,rectangle_java2.jpg,rectangle_java2.jpg,2122866854,100,859.7504,766.1876,730.5,766,177,21,System.out.println,18,class->block->function->block->block_content->expr_stmt->expr->call->name->name->operator->name->operator->name,
2,158,rectangle_java2.jpg,rectangle_java2.jpg,2123250801,128,926.670625,749.5546875,902.5,731,34,20,new,3,class->block->function->block->block_content->decl_stmt->decl->init->expr->operator,
2,158,rectangle_java2.jpg,rectangle_java2.jpg,2123338695,84,987.59,750.7852380952381,941.5,731,91,20,Rectangle,9,class->block->function->block->block_content->decl_stmt->decl->init->expr->call->name,
2,158,rectangle_java2.jpg,rectangle_java2.jpg,2123570594,228,987.1261403508772,737.5592982456141,941.5,731,91,20,Rectangle,9,class->block->function->block->block_content->decl_stmt->decl->init->expr->call->name,
2,158,rectangle_java2.jpg,rectangle_java2.jpg,2123786701,212,992.260566037736,749.2398113207547,941.5,731,91,20,Rectangle,9,class->block->function->block->block_content->decl_stmt->decl->init->expr->call->name,
2,158,rectangle_java2.jpg,rectangle_java2.jpg,2124178791,152,795.4302631578947,458.8184210526316,730.5,440,71,21,this.y2,7,class->block->constructor->block->block_content->expr_stmt->expr->name->name->operator->name,
2,158,rectangle_java2.jpg,rectangle_java2.jpg,2124178791,152,795.4302631578947,458.8184210526316,806.5,440,15,21,=,1,class->block->constructor->block->block_content->expr_stmt->expr->operator,
2,158,rectangle_java2.jpg,rectangle_java2.jpg,2124250767,60,788.48,369.0413333333333,730.5,367,71,21,this.y1,7,class->block->constructor->block->block_content->expr_stmt->expr->name->name->operator->name,
2,158,rectangle_java2.jpg,rectangle_java2.jpg,2124478719,224,789.7019642857143,355.3675,730.5,367,71,21,this.y1,7,class->block->constructor->block->block_content->expr_stmt->expr->name->name->operator->name,
2,158,rectangle_java2.jpg,rectangle_java2.jpg,2124650670,136,843.7405882352941,346.91264705882355,826.5,331,23,19,x1,2,class->block->constructor->block->block_content->expr_stmt->expr->name->name,
2,158,rectangle_java2.jpg,rectangle_java2.jpg,2124746648,92,850.8073913043478,357.4986956521739,856.5,367,10,21,;,1,class->block->constructor->block->block_content->expr_stmt,
2,158,rectangle_java2.jpg,rectangle_java2.jpg,2126550663,164,784.7517073170732,417.00951219512194,730.5,404,71,19,this.x2,7,class->block->constructor->block->block_content->expr_stmt->expr->name->name->operator->name,
2,158,rectangle_java2.jpg,rectangle_java2.jpg,2126618410,64,773.9918749999999,414.31500000000005,730.5,404,71,19,this.x2,7,class->block->constructor->block->block_content->expr_stmt->expr->name->name->operator->name,
2,158,rectangle_java2.jpg,rectangle_java2.jpg,2126930436,308,745.4762337662338,418.7814285714286,730.5,404,71,19,this.x2,7,class->block->constructor->block->block_content->expr_stmt->expr->name->name->operator->name,
2,158,rectangle_java2.jpg,rectangle_java2.jpg,2127158473,184,790.2832608695652,430.45630434782606,730.5,440,71,21,this.y2,7,class->block->constructor->block->block_content->expr_stmt->expr->name->name->operator->name,
2,158,rectangle_java2.jpg,rectangle_java2.jpg,2127274474,104,812.1465384615385,520.49,775.5,512,53,21,width,5,class->block->function->name,
2,158,rectangle_java2.jpg,rectangle_java2.jpg,2127462504,184,818.7230434782608,528.4695652173913,775.5,512,53,21,width,5,class->block->function->name,
2,158,rectangle_java2.jpg,rectangle_java2.jpg,2130234239,64,989.628125,783.103125,932.5,766,100,21,rect2.area,10,class->block->function->block->block_content->expr_stmt->expr->call->argument_list->argument->expr->call->name->name->operator->name,
2,158,rectangle_java2.jpg,rectangle_java2.jpg,2130374321,100,963.1884,786.896,932.5,766,100,21,rect2.area,10,class->block->function->block->block_content->expr_stmt->expr->call->argument_list->argument->expr->call->name->name->operator->name,
2,158,rectangle_java2.jpg,rectangle_java2.jpg,2130558344,120,917.6873333333332,786.6596666666667,916.5,766,9,21,(,1,class->block->function->block->block_content->expr_stmt->expr->call->argument_list,
2,158,rectangle_java2.jpg,rectangle_java2.jpg,2133966054,244,814.8277049180327,768.0706557377049,730.5,766,177,21,System.out.println,18,class->block->function->block->block_content->expr_stmt->expr->call->name->name->operator->name->operator->name,
2,158,rectangle_java2.jpg,rectangle_java2.jpg,2134650095,228,814.8291228070176,708.4503508771929,730.5,694,177,21,System.out.println,18,class->block->function->block->block_content->expr_stmt->expr->call->name->name->operator->name->operator->name,
2,158,rectangle_java2.jpg,rectangle_java2.jpg,2134821959,168,816.5335714285715,699.1166666666667,730.5,694,177,21,System.out.println,18,class->block->function->block->block_content->expr_stmt->expr->call->name->name->operator->name->operator->name,
2,158,rectangle_java2.jpg,rectangle_java2.jpg,2135073789,248,822.3114516129033,710.6996774193549,730.5,694,177,21,System.out.println,18,class->block->function->block->block_content->expr_stmt->expr->call->name->name->operator->name->operator->name,
2,158,rectangle_java2.jpg,rectangle_java2.jpg,2135161830,84,832.494761904762,729.6771428571428,826.5,731,51,20,rect2,5,class->block->function->block->block_content->decl_stmt->decl->name,
2,158,rectangle_java2.jpg,rectangle_java2.jpg,2135321872,156,838.0471794871795,734.8151282051282,826.5,731,51,20,rect2,5,class->block->function->block->block_content->decl_stmt->decl->name,
2,158,rectangle_java2.jpg,rectangle_java2.jpg,2135621923,296,846.810945945946,747.8912162162162,826.5,731,51,20,rect2,5,class->block->function->block->block_content->decl_stmt->decl->name,
2,158,rectangle_java2.jpg,rectangle_java2.jpg,2135762010,136,842.1064705882353,762.6161764705882,730.5,766,177,21,System.out.println,18,class->block->function->block->block_content->expr_stmt->expr->call->name->name->operator->name->operator->name,
2,158,rectangle_java2.jpg,rectangle_java2.jpg,2136641877,76,882.4426315789474,769.5578947368421,730.5,766,177,21,System.out.println,18,class->block->function->block->block_content->expr_stmt->expr->call->name->name->operator->name->operator->name,
2,158,rectangle_java2.jpg,rectangle_java2.jpg,2136785771,140,876.2237142857143,761.7105714285714,730.5,766,177,21,System.out.println,18,class->block->function->block->block_content->expr_stmt->expr->call->name->name->operator->name->operator->name,
2,158,rectangle_java2.jpg,rectangle_java2.jpg,2137029557,208,910.8228846153846,724.0271153846154,902.5,731,34,20,new,3,class->block->function->block->block_content->decl_stmt->decl->init->expr->operator,
2,158,rectangle_java2.jpg,rectangle_java2.jpg,2137297544,216,949.1355555555556,720.3011111111111,941.5,731,91,20,Rectangle,9,class->block->function->block->block_content->decl_stmt->decl->init->expr->call->name,
2,158,rectangle_java2.jpg,rectangle_java2.jpg,2137513831,204,808.4094117647059,759.7498039215686,730.5,766,177,21,System.out.println,18,class->block->function->block->block_content->expr_stmt->expr->call->name->name->operator->name->operator->name,
2,158,rectangle_java2.jpg,rectangle_java2.jpg,2137669799,152,832.5647368421053,757.2613157894737,730.5,766,177,21,System.out.println,18,class->block->function->block->block_content->expr_stmt->expr->call->name->name->operator->name->operator->name,
2,158,rectangle_java2.jpg,rectangle_java2.jpg,2137821787,148,795.0532432432433,757.5348648648649,730.5,766,177,21,System.out.println,18,class->block->function->block->block_content->expr_stmt->expr->call->name->name->operator->name->operator->name,
2,158,rectangle_java2.jpg,rectangle_java2.jpg,2138269843,172,946.933023255814,766.8997674418605,932.5,766,100,21,rect2.area,10,class->block->function->block->block_content->expr_stmt->expr->call->argument_list->argument->expr->call->name->name->operator->name,
2,158,rectangle_java2.jpg,rectangle_java2.jpg,2138501773,176,978.6522727272728,757.9418181818181,932.5,766,100,21,rect2.area,10,class->block->function->block->block_content->expr_stmt->expr->call->argument_list->argument->expr->call->name->name->operator->name,
2,158,rectangle_java2.jpg,rectangle_java2.jpg,2138577761,72,971.7505555555556,744.6766666666666,941.5,731,91,20,Rectangle,9,class->block->function->block->block_content->decl_stmt->decl->init->expr->call->name,
2,158,rectangle_java2.jpg,rectangle_java2.jpg,2138861672,92,965.207391304348,755.8052173913044,932.5,766,100,21,rect2.area,10,class->block->function->block->block_content->expr_stmt->expr->call->argument_list->argument->expr->call->name->name->operator->name,
2,158,rectangle_java2.jpg,rectangle_java2.jpg,2138977700,80,858.038,593.791,856.5,585,9,21,(,1,class->block->function->parameter_list,
2,158,rectangle_java2.jpg,rectangle_java2.jpg,2139065704,84,850.63,584.1242857142857,856.5,585,9,21,(,1,class->block->function->parameter_list,
2,158,rectangle_java2.jpg,rectangle_java2.jpg,2139577708,100,767.0364,595.1824,737.5,585,62,21,double,6,class->block->function->type->name,
2,158,rectangle_java2.jpg,rectangle_java2.jpg,2139717617,136,769.7670588235294,591.5317647058823,737.5,585,62,21,double,6,class->block->function->type->name,
2,158,rectangle_java2.jpg,rectangle_java2.jpg,2139801553,80,783.5745000000001,617.2215,738.5,621,61,21,static,6,class->block->function->type->specifier,
2,158,rectangle_java2.jpg,rectangle_java2.jpg,2139981634,176,784.915909090909,625.1845454545455,738.5,621,61,21,static,6,class->block->function->type->specifier,
2,158,rectangle_java2.jpg,rectangle_java2.jpg,2140173593,188,774.2148936170213,652.9555319148936,730.5,658,91,20,Rectangle,9,class->block->function->block->block_content->decl_stmt->decl->type->name,
2,158,rectangle_java2.jpg,rectangle_java2.jpg,2140241591,64,803.01375,666.774375,730.5,658,91,20,Rectangle,9,class->block->function->block->block_content->decl_stmt->decl->type->name,
2,158,rectangle_java2.jpg,rectangle_java2.jpg,2140357634,112,802.4875,665.0235714285715,730.5,658,91,20,Rectangle,9,class->block->function->block->block_content->decl_stmt->decl->type->name,
2,158,rectangle_java2.jpg,rectangle_java2.jpg,2140625329,252,932.7360317460316,660.9484126984127,902.5,658,34,20,new,3,class->block->function->block->block_content->decl_stmt->decl->init->expr->operator,
2,158,rectangle_java2.jpg,rectangle_java2.jpg,2140625329,252,932.7360317460316,660.9484126984127,941.5,658,91,20,Rectangle,9,class->block->function->block->block_content->decl_stmt->decl->init->expr->call->name,
2,158,rectangle_java2.jpg,rectangle_java2.jpg,2140833547,164,1001.2341463414634,653.2648780487805,941.5,658,91,20,Rectangle,9,class->block->function->block->block_content->decl_stmt->decl->init->expr->call->name,
2,158,rectangle_java2.jpg,rectangle_java2.jpg,2140985542,148,1001.4372972972972,654.8491891891892,941.5,658,91,20,Rectangle,9,class->block->function->block->block_content->decl_stmt->decl->init->expr->call->name,
2,158,rectangle_java2.jpg,rectangle_java2.jpg,2141097528,108,1031.9014814814814,647.9544444444444,941.5,658,91,20,Rectangle,9,class->block->function->block->block_content->decl_stmt->decl->init->expr->call->name,
2,158,rectangle_java2.jpg,rectangle_java2.jpg,2141097528,108,1031.9014814814814,647.9544444444444,1041.5,658,9,20,(,1,class->block->function->block->block_content->decl_stmt->decl->init->expr->call->argument_list,
2,158,rectangle_java2.jpg,rectangle_java2.jpg,2141213512,112,1038.047857142857,651.7171428571428,1041.5,658,9,20,(,1,class->block->function->block->block_content->decl_stmt->decl->init->expr->call->argument_list,
2,158,rectangle_java2.jpg,rectangle_java2.jpg,2142621366,216,788.8462962962963,501.5953703703704,775.5,512,53,21,width,5,class->block->function->name,
2,158,rectangle_java2.jpg,rectangle_java2.jpg,2143201359,116,781.6224137931034,442.45586206896553,730.5,440,71,21,this.y2,7,class->block->constructor->block->block_content->expr_stmt->expr->name->name->operator->name,
2,158,rectangle_java2.jpg,rectangle_java2.jpg,2143333363,128,776.9225,437.3934375,730.5,440,71,21,this.y2,7,class->block->constructor->block->block_content->expr_stmt->expr->name->name->operator->name,
2,158,rectangle_java2.jpg,rectangle_java2.jpg,2143637340,260,789.3647692307692,391.5709230769231,730.5,404,71,19,this.x2,7,class->block->constructor->block->block_content->expr_stmt->expr->name->name->operator->name,
2,158,rectangle_java2.jpg,rectangle_java2.jpg,2143845376,176,807.7143181818182,435.1363636363636,806.5,440,15,21,=,1,class->block->constructor->block->block_content->expr_stmt->expr->operator,
2,158,rectangle_java2.jpg,rectangle_java2.jpg,2144041403,152,804.2284210526316,672.5476315789474,730.5,658,91,20,Rectangle,9,class->block->function->block->block_content->decl_stmt->decl->type->name,
2,158,rectangle_java2.jpg,rectangle_java2.jpg,2144125412,80,806.216,681.7405,730.5,694,177,21,System.out.println,18,class->block->function->block->block_content->expr_stmt->expr->call->name->name->operator->name->operator->name,
2,158,rectangle_java2.jpg,rectangle_java2.jpg,2144309361,180,813.9533333333334,651.7622222222222,730.5,658,91,20,Rectangle,9,class->block->function->block->block_content->decl_stmt->decl->type->name,
2,158,rectangle_java2.jpg,rectangle_java2.jpg,2144549162,208,775.8367307692308,624.2584615384616,738.5,621,61,21,static,6,class->block->function->type->specifier,
2,158,rectangle_java2.jpg,rectangle_java2.jpg,2144633212,80,779.043,573.072,737.5,585,62,21,double,6,class->block->function->type->name,
2,158,rectangle_java2.jpg,rectangle_java2.jpg,2145045270,88,788.5959090909091,598.7377272727273,737.5,585,62,21,double,6,class->block->function->type->name,
2,158,rectangle_java2.jpg,rectangle_java2.jpg,2145300929,176,921.5397727272727,568.3493181818181,900.5,549,63,21,return,6,class->block->function->block->block_content->return,
2,158,rectangle_java2.jpg,rectangle_java2.jpg,2145601255,76,986.9357894736842,572.5926315789474,977.5,585,101,21,this.width,10,class->block->function->block->block_content->return->expr->call->name->name->operator->name,
2,158,rectangle_java2.jpg,rectangle_java2.jpg,2145929340,296,1044.488648648649,565.12,1045.5,549,13,21,-,1,class->block->function->block->block_content->return->expr->operator,
2,158,rectangle_java2.jpg,rectangle_java2.jpg,2146053382,120,1086.612,559.0716666666667,1064.5,549,71,21,this.y1,7,class->block->function->block->block_content->return->expr->name->name->operator->name,
2,158,rectangle_java2.jpg,rectangle_java2.jpg,2146489062,296,1088.0501351351352,588.4585135135135,1086.5,585,10,21,(,1,class->block->function->block->block_content->return->expr->call->argument_list,
2,158,rectangle_java2.jpg,rectangle_java2.jpg,2148829164,68,757.0764705882353,704.4411764705883,730.5,694,177,21,System.out.println,18,class->block->function->block->block_content->expr_stmt->expr->call->name->name->operator->name->operator->name,
