trial,participant,code_file,code_language,timestamp,duration,x_cord,y_cord,aoi_x,aoi_y,aoi_width,aoi_height,token,length,srcML,
2,160,rectangle_java2.jpg,rectangle_java2.jpg,17403469177,168,807.8873809523809,226.63952380952375,813.5,222,10,21,{,1,class->block,
2,160,rectangle_java2.jpg,rectangle_java2.jpg,17405133095,88,859.9318181818181,262.78818181818184,863.5,259,10,21,"""","""",1,class->block->decl_stmt
2,160,rectangle_java2.jpg,rectangle_java2.jpg,17405229244,92,861.6952173913044,260.1395652173913,863.5,259,10,21,"""","""",1,class->block->decl_stmt
2,160,rectangle_java2.jpg,rectangle_java2.jpg,17405297350,64,853.2775,269.30625,833.5,259,23,21,y1,2,class->block->decl_stmt->decl->name,
2,160,rectangle_java2.jpg,rectangle_java2.jpg,17405297350,64,853.2775,269.30625,863.5,259,10,21,"""","""",1,class->block->decl_stmt
2,160,rectangle_java2.jpg,rectangle_java2.jpg,17405441234,56,966.5371428571428,261.0878571428572,959.5,259,10,21,;,1,class->block->decl_stmt,
2,160,rectangle_java2.jpg,rectangle_java2.jpg,17405797353,64,855.700625,419.366875,856.5,404,10,19,;,1,class->block->constructor->block->block_content->expr_stmt,
2,160,rectangle_java2.jpg,rectangle_java2.jpg,17405973443,60,828.2366666666667,539.326,775.5,549,62,21,height,6,class->block->function->name,
2,160,rectangle_java2.jpg,rectangle_java2.jpg,17406061164,84,840.5857142857143,539.3971428571429,846.5,549,10,21,(,1,class->block->function->parameter_list,
2,160,rectangle_java2.jpg,rectangle_java2.jpg,17406288915,140,847.1148571428572,526.0951428571428,854.5,512,9,21,),1,class->block->function->parameter_list,
2,160,rectangle_java2.jpg,rectangle_java2.jpg,17406424921,88,907.0677272727272,518.9145454545454,891.5,512,62,21,return,6,class->block->function->block->block_content->return->expr->name->name,
2,160,rectangle_java2.jpg,rectangle_java2.jpg,17406484931,56,903.5142857142856,517.7435714285714,891.5,512,62,21,return,6,class->block->function->block->block_content->return->expr->name->name,
2,160,rectangle_java2.jpg,rectangle_java2.jpg,17406652933,68,912.0835294117647,525.9505882352942,891.5,512,62,21,return,6,class->block->function->block->block_content->return->expr->name->name,
2,160,rectangle_java2.jpg,rectangle_java2.jpg,17408016826,60,927.322,761.688,932.5,766,100,21,rect2.area,10,class->block->function->block->block_content->expr_stmt->expr->call->argument_list->argument->expr->call->name->name->operator->name,
2,160,rectangle_java2.jpg,rectangle_java2.jpg,17408208809,112,894.5842857142857,531.0571428571428,891.5,512,62,21,return,6,class->block->function->block->block_content->return->expr->name->name,
2,160,rectangle_java2.jpg,rectangle_java2.jpg,17408268802,56,884.6592857142857,524.0264285714286,891.5,512,62,21,return,6,class->block->function->block->block_content->return->expr->name->name,
2,160,rectangle_java2.jpg,rectangle_java2.jpg,17408416809,104,908.6161538461538,512.1211538461539,891.5,512,62,21,return,6,class->block->function->block->block_content->return->expr->name->name,
2,160,rectangle_java2.jpg,rectangle_java2.jpg,17408484822,64,910.64375,501.72875,891.5,512,62,21,return,6,class->block->function->block->block_content->return->expr->name->name,
2,160,rectangle_java2.jpg,rectangle_java2.jpg,17408588835,80,885.735,306.066,890.5,295,24,21,x1,2,class->block->constructor->parameter_list->parameter->decl->type->name,
2,160,rectangle_java2.jpg,rectangle_java2.jpg,17408708841,116,875.4496551724138,314.0434482758621,853.5,295,32,21,int,3,class->block->constructor->parameter_list->parameter->decl->type->name,
2,160,rectangle_java2.jpg,rectangle_java2.jpg,17408845112,56,865.14,303.8621428571429,853.5,295,32,21,int,3,class->block->constructor->parameter_list->parameter->decl->type->name,
2,160,rectangle_java2.jpg,rectangle_java2.jpg,17409060894,176,870.7240909090909,282.72568181818184,853.5,295,32,21,int,3,class->block->constructor->parameter_list->parameter->decl->type->name,
2,160,rectangle_java2.jpg,rectangle_java2.jpg,17409148618,84,872.6561904761904,274.2733333333333,863.5,259,10,21,"""","""",1,class->block->decl_stmt
2,160,rectangle_java2.jpg,rectangle_java2.jpg,17409148618,84,872.6561904761904,274.2733333333333,881.5,259,23,21,x2,2,class->block->decl_stmt->decl->name,
2,160,rectangle_java2.jpg,rectangle_java2.jpg,17409788731,124,869.886129032258,287.3735483870968,853.5,295,32,21,int,3,class->block->constructor->parameter_list->parameter->decl->type->name,
2,160,rectangle_java2.jpg,rectangle_java2.jpg,17409860749,68,865.7576470588235,295.4376470588236,853.5,295,32,21,int,3,class->block->constructor->parameter_list->parameter->decl->type->name,
2,160,rectangle_java2.jpg,rectangle_java2.jpg,17409920764,56,871.255,288.1014285714286,853.5,295,32,21,int,3,class->block->constructor->parameter_list->parameter->decl->type->name,
2,160,rectangle_java2.jpg,rectangle_java2.jpg,17410900544,80,917.132,264.2085,911.5,259,10,21,"""","""",1,class->block->decl_stmt
2,160,rectangle_java2.jpg,rectangle_java2.jpg,17410900544,80,917.132,264.2085,929.5,259,23,21,y2,2,class->block->decl_stmt->decl->name,
2,160,rectangle_java2.jpg,rectangle_java2.jpg,17411268521,88,908.204090909091,504.3022727272728,891.5,512,62,21,return,6,class->block->function->block->block_content->return->expr->name->name,
2,160,rectangle_java2.jpg,rectangle_java2.jpg,17411528547,80,911.1765,503.1234999999999,891.5,512,62,21,return,6,class->block->function->block->block_content->return->expr->name->name,
2,160,rectangle_java2.jpg,rectangle_java2.jpg,17411712514,152,874.7484210526316,504.51842105263154,874.5,512,10,21,{,1,class->block->function->block,
2,160,rectangle_java2.jpg,rectangle_java2.jpg,17411772518,56,862.9007142857142,509.1700000000001,854.5,512,9,21,),1,class->block->function->parameter_list,
2,160,rectangle_java2.jpg,rectangle_java2.jpg,17411772518,56,862.9007142857142,509.1700000000001,874.5,512,10,21,{,1,class->block->function->block,
2,160,rectangle_java2.jpg,rectangle_java2.jpg,17411988537,104,924.6576923076924,527.2676923076923,891.5,512,62,21,return,6,class->block->function->block->block_content->return->expr->name->name,
2,160,rectangle_java2.jpg,rectangle_java2.jpg,17412108396,64,916.288125,512.59,891.5,512,62,21,return,6,class->block->function->block->block_content->return->expr->name->name,
2,160,rectangle_java2.jpg,rectangle_java2.jpg,17412168327,56,927.1071428571428,512.6057142857143,891.5,512,62,21,return,6,class->block->function->block->block_content->return->expr->name->name,
2,160,rectangle_java2.jpg,rectangle_java2.jpg,17412236279,64,911.1625,519.848125,891.5,512,62,21,return,6,class->block->function->block->block_content->return->expr->name->name,
2,160,rectangle_java2.jpg,rectangle_java2.jpg,17412340356,100,921.068,500.2716,891.5,512,62,21,return,6,class->block->function->block->block_content->return->expr->name->name,
2,160,rectangle_java2.jpg,rectangle_java2.jpg,17412572449,64,1035.905625,510.356875,1035.5,512,13,21,-,1,class->block->function->block->block_content->return->expr->name->name,
2,160,rectangle_java2.jpg,rectangle_java2.jpg,17412796447,72,1042.941111111111,510.435,1035.5,512,13,21,-,1,class->block->function->block->block_content->return->expr->name->name,
2,160,rectangle_java2.jpg,rectangle_java2.jpg,17412796447,72,1042.941111111111,510.435,1054.5,512,71,21,this.x1,7,class->block->function->block->block_content->return->expr->name->name->operator->name,
2,160,rectangle_java2.jpg,rectangle_java2.jpg,17413088438,56,909.9357142857144,501.3414285714287,891.5,512,62,21,return,6,class->block->function->block->block_content->return->expr->name->name,
2,160,rectangle_java2.jpg,rectangle_java2.jpg,17414480302,96,887.6170833333333,544.6745833333333,883.5,549,10,21,{,1,class->block->function->block,
2,160,rectangle_java2.jpg,rectangle_java2.jpg,17414672312,188,883.3863829787234,526.5525531914893,874.5,512,10,21,{,1,class->block->function->block,
2,160,rectangle_java2.jpg,rectangle_java2.jpg,17414672312,188,883.3863829787234,526.5525531914893,891.5,512,62,21,return,6,class->block->function->block->block_content->return->expr->name->name,
2,160,rectangle_java2.jpg,rectangle_java2.jpg,17414844296,92,929.57,506.3395652173913,891.5,512,62,21,return,6,class->block->function->block->block_content->return->expr->name->name,
2,160,rectangle_java2.jpg,rectangle_java2.jpg,17414924290,76,938.4457894736842,505.03,891.5,512,62,21,return,6,class->block->function->block->block_content->return->expr->name->name,
2,160,rectangle_java2.jpg,rectangle_java2.jpg,17415224367,164,853.0858536585366,517.2668292682927,854.5,512,9,21,),1,class->block->function->parameter_list,
2,160,rectangle_java2.jpg,rectangle_java2.jpg,17415640176,168,868.0116666666667,255.60809523809525,863.5,259,10,21,"""","""",1,class->block->decl_stmt
2,160,rectangle_java2.jpg,rectangle_java2.jpg,17415716272,72,868.5905555555555,249.0938888888889,863.5,259,10,21,"""","""",1,class->block->decl_stmt
2,160,rectangle_java2.jpg,rectangle_java2.jpg,17422739654,100,883.004,271.0232,881.5,259,23,21,x2,2,class->block->decl_stmt->decl->name,
2,160,rectangle_java2.jpg,rectangle_java2.jpg,17422851664,108,889.2181481481482,285.07814814814816,890.5,295,24,21,x1,2,class->block->constructor->parameter_list->parameter->decl->type->name,
2,160,rectangle_java2.jpg,rectangle_java2.jpg,17423087536,64,1166.491875,293.63375,1150.5,295,23,21,y2,2,class->block->constructor->parameter_list->parameter->decl->type->name,
2,160,rectangle_java2.jpg,rectangle_java2.jpg,17423687492,108,849.674074074074,279.61,833.5,259,23,21,y1,2,class->block->decl_stmt->decl->name,
2,160,rectangle_java2.jpg,rectangle_java2.jpg,17423767503,76,858.2568421052631,301.9757894736842,853.5,295,32,21,int,3,class->block->constructor->parameter_list->parameter->decl->type->name,
2,160,rectangle_java2.jpg,rectangle_java2.jpg,17424663486,80,1056.2405,311.2705,1025.5,295,33,21,int,3,class->block->constructor->parameter_list->parameter->decl->type->name,
2,160,rectangle_java2.jpg,rectangle_java2.jpg,17424663486,80,1056.2405,311.2705,1063.5,295,23,21,x2,2,class->block->constructor->parameter_list->parameter->decl->type->name,
2,160,rectangle_java2.jpg,rectangle_java2.jpg,17424795345,128,1057.50625,298.39875,1025.5,295,33,21,int,3,class->block->constructor->parameter_list->parameter->decl->type->name,
2,160,rectangle_java2.jpg,rectangle_java2.jpg,17424795345,128,1057.50625,298.39875,1063.5,295,23,21,x2,2,class->block->constructor->parameter_list->parameter->decl->type->name,
2,160,rectangle_java2.jpg,rectangle_java2.jpg,17425011266,168,1143.700476190476,294.9088095238095,1112.5,295,33,21,int,3,class->block->constructor->parameter_list->parameter->decl->type->name,
2,160,rectangle_java2.jpg,rectangle_java2.jpg,17425011266,168,1143.700476190476,294.9088095238095,1150.5,295,23,21,y2,2,class->block->constructor->parameter_list->parameter->decl->type->name,
2,160,rectangle_java2.jpg,rectangle_java2.jpg,17425671578,72,956.901111111111,295.17333333333335,939.5,295,33,21,int,3,class->block->constructor->parameter_list->parameter->decl->type->name,
2,160,rectangle_java2.jpg,rectangle_java2.jpg,17425847436,56,854.74,341.1871428571429,856.5,331,10,19,;,1,class->block->constructor->block->block_content->expr_stmt,
2,160,rectangle_java2.jpg,rectangle_java2.jpg,17425963396,112,866.1324999999999,325.2471428571429,856.5,331,10,19,;,1,class->block->constructor->block->block_content->expr_stmt,
2,160,rectangle_java2.jpg,rectangle_java2.jpg,17426679235,60,861.57,362.8106666666667,856.5,367,10,21,;,1,class->block->constructor->block->block_content->expr_stmt,
2,160,rectangle_java2.jpg,rectangle_java2.jpg,17427339694,232,850.6594827586207,344.96879310344826,856.5,331,10,19,;,1,class->block->constructor->block->block_content->expr_stmt,
2,160,rectangle_java2.jpg,rectangle_java2.jpg,17429259114,120,869.7796666666667,308.66133333333335,853.5,295,32,21,int,3,class->block->constructor->parameter_list->parameter->decl->type->name,
2,160,rectangle_java2.jpg,rectangle_java2.jpg,17429446979,156,925.3053846153846,312.10128205128206,921.5,295,9,21,"""","""",1,class->block->constructor->parameter_list
2,160,rectangle_java2.jpg,rectangle_java2.jpg,17430234899,80,862.4145,361.272,856.5,367,10,21,;,1,class->block->constructor->block->block_content->expr_stmt,
2,160,rectangle_java2.jpg,rectangle_java2.jpg,17430342849,56,864.5628571428572,358.82428571428574,856.5,367,10,21,;,1,class->block->constructor->block->block_content->expr_stmt,
2,160,rectangle_java2.jpg,rectangle_java2.jpg,17430738931,84,866.6561904761904,310.90333333333336,853.5,295,32,21,int,3,class->block->constructor->parameter_list->parameter->decl->type->name,
2,160,rectangle_java2.jpg,rectangle_java2.jpg,17437899006,112,915.8596428571428,315.5278571428572,921.5,295,9,21,"""","""",1,class->block->constructor->parameter_list
2,160,rectangle_java2.jpg,rectangle_java2.jpg,17437986884,84,914.675238095238,309.8352380952381,921.5,295,9,21,"""","""",1,class->block->constructor->parameter_list
2,160,rectangle_java2.jpg,rectangle_java2.jpg,17438110374,120,919.7863333333332,310.722,921.5,295,9,21,"""","""",1,class->block->constructor->parameter_list
2,160,rectangle_java2.jpg,rectangle_java2.jpg,17438198319,84,918.692380952381,310.0228571428572,921.5,295,9,21,"""","""",1,class->block->constructor->parameter_list
2,160,rectangle_java2.jpg,rectangle_java2.jpg,17438586292,56,912.3728571428572,302.53285714285715,890.5,295,24,21,x1,2,class->block->constructor->parameter_list->parameter->decl->type->name,
2,160,rectangle_java2.jpg,rectangle_java2.jpg,17438586292,56,912.3728571428572,302.53285714285715,921.5,295,9,21,"""","""",1,class->block->constructor->parameter_list
2,160,rectangle_java2.jpg,rectangle_java2.jpg,17440366143,68,846.5447058823529,505.1017647058824,854.5,512,9,21,),1,class->block->function->parameter_list,
2,160,rectangle_java2.jpg,rectangle_java2.jpg,17440765932,236,894.1816949152542,509.6969491525424,891.5,512,62,21,return,6,class->block->function->block->block_content->return->expr->name->name,
2,160,rectangle_java2.jpg,rectangle_java2.jpg,17440890014,120,890.4716666666667,503.0129999999999,891.5,512,62,21,return,6,class->block->function->block->block_content->return->expr->name->name,
2,160,rectangle_java2.jpg,rectangle_java2.jpg,17441086039,120,893.718,502.8763333333334,891.5,512,62,21,return,6,class->block->function->block->block_content->return->expr->name->name,
2,160,rectangle_java2.jpg,rectangle_java2.jpg,17441158051,68,901.3511764705884,521.4170588235294,891.5,512,62,21,return,6,class->block->function->block->block_content->return->expr->name->name,
2,160,rectangle_java2.jpg,rectangle_java2.jpg,17441222060,60,900.798,537.0626666666667,900.5,549,63,21,return,6,class->block->function->block->block_content->return,
2,160,rectangle_java2.jpg,rectangle_java2.jpg,17443781698,68,803.0388235294117,214.1858823529412,715.5,222,90,21,Rectangle,9,class->name,
2,160,rectangle_java2.jpg,rectangle_java2.jpg,17443781698,68,803.0388235294117,214.1858823529412,813.5,222,10,21,{,1,class->block,
2,160,rectangle_java2.jpg,rectangle_java2.jpg,17446113592,160,868.9505,515.5795,874.5,512,10,21,{,1,class->block->function->block,
2,160,rectangle_java2.jpg,rectangle_java2.jpg,17446261646,96,870.68,507.11416666666673,874.5,512,10,21,{,1,class->block->function->block,
2,160,rectangle_java2.jpg,rectangle_java2.jpg,17446361763,76,915.5363157894736,540.0226315789474,900.5,549,63,21,return,6,class->block->function->block->block_content->return,
2,160,rectangle_java2.jpg,rectangle_java2.jpg,17446437934,72,912.5422222222222,556.2344444444444,900.5,549,63,21,return,6,class->block->function->block->block_content->return,
2,160,rectangle_java2.jpg,rectangle_java2.jpg,17446534099,92,918.36,542.9108695652174,900.5,549,63,21,return,6,class->block->function->block->block_content->return,
2,160,rectangle_java2.jpg,rectangle_java2.jpg,17446645832,76,992.2652631578948,549.2794736842105,968.5,549,70,21,this.y2,7,class->block->function->block->block_content->return->expr->name->name->operator->name,
2,160,rectangle_java2.jpg,rectangle_java2.jpg,17446757642,108,992.0170370370372,542.3122222222222,968.5,549,70,21,this.y2,7,class->block->function->block->block_content->return->expr->name->name->operator->name,
2,160,rectangle_java2.jpg,rectangle_java2.jpg,17446845613,84,993.464761904762,541.3614285714285,968.5,549,70,21,this.y2,7,class->block->function->block->block_content->return->expr->name->name->operator->name,
2,160,rectangle_java2.jpg,rectangle_java2.jpg,17447069538,176,1084.180681818182,536.9597727272727,1064.5,549,71,21,this.y1,7,class->block->function->block->block_content->return->expr->name->name->operator->name,
2,160,rectangle_java2.jpg,rectangle_java2.jpg,17447217546,112,1118.9457142857143,530.8964285714286,1054.5,512,71,21,this.x1,7,class->block->function->block->block_content->return->expr->name->name->operator->name,
2,160,rectangle_java2.jpg,rectangle_java2.jpg,17447289563,68,1115.0564705882352,544.564705882353,1064.5,549,71,21,this.y1,7,class->block->function->block->block_content->return->expr->name->name->operator->name,
2,160,rectangle_java2.jpg,rectangle_java2.jpg,17447417667,60,964.2753333333334,518.8873333333333,958.5,512,71,21,this.x2,7,class->block->function->block->block_content->return->expr->name->name->operator->name->operator,
2,160,rectangle_java2.jpg,rectangle_java2.jpg,17447541723,120,965.7156666666666,502.625,958.5,512,71,21,this.x2,7,class->block->function->block->block_content->return->expr->name->name->operator->name->operator,
2,160,rectangle_java2.jpg,rectangle_java2.jpg,17447629590,60,1132.1106666666667,517.622,1132.5,512,10,21,;,1,class->block->function->block,
2,160,rectangle_java2.jpg,rectangle_java2.jpg,17447809479,176,1134.7995454545455,530.7459090909091,1132.5,512,10,21,;,1,class->block->function->block,
2,160,rectangle_java2.jpg,rectangle_java2.jpg,17448001507,156,1094.9471794871797,528.0217948717949,1054.5,512,71,21,this.x1,7,class->block->function->block->block_content->return->expr->name->name->operator->name,
2,160,rectangle_java2.jpg,rectangle_java2.jpg,17449441468,64,997.383125,532.246875,958.5,512,71,21,this.x2,7,class->block->function->block->block_content->return->expr->name->name->operator->name->operator,
2,160,rectangle_java2.jpg,rectangle_java2.jpg,17449521387,76,992.6836842105264,546.9863157894737,968.5,549,70,21,this.y2,7,class->block->function->block->block_content->return->expr->name->name->operator->name,
2,160,rectangle_java2.jpg,rectangle_java2.jpg,17449589379,64,996.361875,547.685,968.5,549,70,21,this.y2,7,class->block->function->block->block_content->return->expr->name->name->operator->name,
2,160,rectangle_java2.jpg,rectangle_java2.jpg,17449753334,108,996.4729629629628,539.0296296296297,968.5,549,70,21,this.y2,7,class->block->function->block->block_content->return->expr->name->name->operator->name,
2,160,rectangle_java2.jpg,rectangle_java2.jpg,17449957116,156,913.4661538461538,541.7046153846154,900.5,549,63,21,return,6,class->block->function->block->block_content->return,
2,160,rectangle_java2.jpg,rectangle_java2.jpg,17450085190,124,921.2958064516127,550.8790322580645,900.5,549,63,21,return,6,class->block->function->block->block_content->return,
2,160,rectangle_java2.jpg,rectangle_java2.jpg,17450301334,164,999.0531707317072,541.859756097561,968.5,549,70,21,this.y2,7,class->block->function->block->block_content->return->expr->name->name->operator->name,
2,160,rectangle_java2.jpg,rectangle_java2.jpg,17450505278,116,1061.8055172413792,514.9131034482758,1054.5,512,71,21,this.x1,7,class->block->function->block->block_content->return->expr->name->name->operator->name,
2,160,rectangle_java2.jpg,rectangle_java2.jpg,17450617281,108,1058.935925925926,520.7351851851852,1054.5,512,71,21,this.x1,7,class->block->function->block->block_content->return->expr->name->name->operator->name,
2,160,rectangle_java2.jpg,rectangle_java2.jpg,17451141224,104,905.7311538461538,555.2538461538461,900.5,549,63,21,return,6,class->block->function->block->block_content->return,
2,160,rectangle_java2.jpg,rectangle_java2.jpg,17451285236,96,994.6391666666668,554.1829166666666,968.5,549,70,21,this.y2,7,class->block->function->block->block_content->return->expr->name->name->operator->name,
2,160,rectangle_java2.jpg,rectangle_java2.jpg,17451385192,96,1000.77875,540.8416666666667,968.5,549,70,21,this.y2,7,class->block->function->block->block_content->return->expr->name->name->operator->name,
2,160,rectangle_java2.jpg,rectangle_java2.jpg,17451697050,140,1078.4954285714286,543.4362857142858,1064.5,549,71,21,this.y1,7,class->block->function->block->block_content->return->expr->name->name->operator->name,
2,160,rectangle_java2.jpg,rectangle_java2.jpg,17451921038,64,1138.81,547.939375,1142.5,549,10,21,;,1,class->block->function->block->block_content->return,
2,160,rectangle_java2.jpg,rectangle_java2.jpg,17451985047,60,1126.4186666666667,548.4973333333334,1064.5,549,71,21,this.y1,7,class->block->function->block->block_content->return->expr->name->name->operator->name,
2,160,rectangle_java2.jpg,rectangle_java2.jpg,17452165070,132,1065.27,529.5645454545454,1054.5,512,71,21,this.x1,7,class->block->function->block->block_content->return->expr->name->name->operator->name,
2,160,rectangle_java2.jpg,rectangle_java2.jpg,17452261077,92,1057.64,536.6921739130435,1045.5,549,13,21,-,1,class->block->function->block->block_content->return->expr->operator,
2,160,rectangle_java2.jpg,rectangle_java2.jpg,17452261077,92,1057.64,536.6921739130435,1064.5,549,71,21,this.y1,7,class->block->function->block->block_content->return->expr->name->name->operator->name,
2,160,rectangle_java2.jpg,rectangle_java2.jpg,17452349086,84,1057.6995238095235,518.4595238095238,1054.5,512,71,21,this.x1,7,class->block->function->block->block_content->return->expr->name->name->operator->name,
2,160,rectangle_java2.jpg,rectangle_java2.jpg,17452588480,144,921.9391666666668,525.9302777777777,891.5,512,62,21,return,6,class->block->function->block->block_content->return->expr->name->name,
2,160,rectangle_java2.jpg,rectangle_java2.jpg,17452748718,156,914.8007692307692,511.1753846153846,891.5,512,62,21,return,6,class->block->function->block->block_content->return->expr->name->name,
2,160,rectangle_java2.jpg,rectangle_java2.jpg,17452852901,100,908.6288,511.1544,891.5,512,62,21,return,6,class->block->function->block->block_content->return->expr->name->name,
2,160,rectangle_java2.jpg,rectangle_java2.jpg,17452981006,68,1127.7517647058824,553.6241176470588,1064.5,549,71,21,this.y1,7,class->block->function->block->block_content->return->expr->name->name->operator->name,
2,160,rectangle_java2.jpg,rectangle_java2.jpg,17453076957,92,1118.455652173913,542.4630434782608,1064.5,549,71,21,this.y1,7,class->block->function->block->block_content->return->expr->name->name->operator->name,
2,160,rectangle_java2.jpg,rectangle_java2.jpg,17453176924,96,1128.1770833333333,528.4691666666666,1132.5,512,10,21,;,1,class->block->function->block,
2,160,rectangle_java2.jpg,rectangle_java2.jpg,17453424950,244,1124.3926229508195,536.9218032786886,1064.5,549,71,21,this.y1,7,class->block->function->block->block_content->return->expr->name->name->operator->name,
2,160,rectangle_java2.jpg,rectangle_java2.jpg,17453492955,64,1129.495,536.616875,1064.5,549,71,21,this.y1,7,class->block->function->block->block_content->return->expr->name->name->operator->name,
2,160,rectangle_java2.jpg,rectangle_java2.jpg,17453673204,176,1118.4313636363636,537.6540909090909,1064.5,549,71,21,this.y1,7,class->block->function->block->block_content->return->expr->name->name->operator->name,
2,160,rectangle_java2.jpg,rectangle_java2.jpg,17453757253,80,1124.6535,538.4475,1064.5,549,71,21,this.y1,7,class->block->function->block->block_content->return->expr->name->name->operator->name,
2,160,rectangle_java2.jpg,rectangle_java2.jpg,17456892656,60,1100.026,562.5946666666666,1064.5,549,71,21,this.y1,7,class->block->function->block->block_content->return->expr->name->name->operator->name,
2,160,rectangle_java2.jpg,rectangle_java2.jpg,17457024681,128,1108.6884375,548.316875,1064.5,549,71,21,this.y1,7,class->block->function->block->block_content->return->expr->name->name->operator->name,
2,160,rectangle_java2.jpg,rectangle_java2.jpg,17457100695,72,1103.9616666666666,553.2777777777778,1064.5,549,71,21,this.y1,7,class->block->function->block->block_content->return->expr->name->name->operator->name,
2,160,rectangle_java2.jpg,rectangle_java2.jpg,17457260705,64,1142.044375,545.9425,1142.5,549,10,21,;,1,class->block->function->block->block_content->return,
2,160,rectangle_java2.jpg,rectangle_java2.jpg,17458500582,128,955.888125,593.1284375,910.5,585,62,21,return,6,class->block->function->block->block_content->return,
2,160,rectangle_java2.jpg,rectangle_java2.jpg,17458588585,84,943.8057142857144,590.1919047619048,910.5,585,62,21,return,6,class->block->function->block->block_content->return,
2,160,rectangle_java2.jpg,rectangle_java2.jpg,17458672581,80,945.326,596.8915,910.5,585,62,21,return,6,class->block->function->block->block_content->return,
2,160,rectangle_java2.jpg,rectangle_java2.jpg,17458748590,72,942.9522222222222,585.8627777777778,910.5,585,62,21,return,6,class->block->function->block->block_content->return,
2,160,rectangle_java2.jpg,rectangle_java2.jpg,17458944756,96,1142.9879166666667,579.0770833333333,1140.5,585,110,21,this.height,11,class->block->function->block->block_content->return->expr->call->name->name->operator->name,
2,160,rectangle_java2.jpg,rectangle_java2.jpg,17459252358,64,1198.011875,593.751875,1140.5,585,110,21,this.height,11,class->block->function->block->block_content->return->expr->call->name->name->operator->name,
2,160,rectangle_java2.jpg,rectangle_java2.jpg,17459792462,64,1096.95625,568.881875,1064.5,549,71,21,this.y1,7,class->block->function->block->block_content->return->expr->name->name->operator->name,
2,160,rectangle_java2.jpg,rectangle_java2.jpg,17459868552,72,1095.7611111111112,577.6477777777778,1086.5,585,10,21,(,1,class->block->function->block->block_content->return->expr->call->argument_list,
2,160,rectangle_java2.jpg,rectangle_java2.jpg,17459868552,72,1095.7611111111112,577.6477777777778,1103.5,585,9,21,),1,class->block->function->block->block_content->return->expr->call->argument_list,
2,160,rectangle_java2.jpg,rectangle_java2.jpg,17460524439,64,937.40375,572.651875,910.5,585,62,21,return,6,class->block->function->block->block_content->return,
2,160,rectangle_java2.jpg,rectangle_java2.jpg,17460668423,100,930.8484,597.8544,910.5,585,62,21,return,6,class->block->function->block->block_content->return,
2,160,rectangle_java2.jpg,rectangle_java2.jpg,17460792381,120,934.0896666666666,588.0653333333333,910.5,585,62,21,return,6,class->block->function->block->block_content->return,
2,160,rectangle_java2.jpg,rectangle_java2.jpg,17461124288,152,974.0976315789474,577.6544736842105,977.5,585,101,21,this.width,10,class->block->function->block->block_content->return->expr->call->name->name->operator->name,
2,160,rectangle_java2.jpg,rectangle_java2.jpg,17461348284,88,998.8759090909092,611.9168181818181,990.5,621,10,21,[,1,class->block->function->parameter_list->parameter->decl->type->name->index,
2,160,rectangle_java2.jpg,rectangle_java2.jpg,17461348284,88,998.8759090909092,611.9168181818181,1007.5,621,10,21,],1,class->block->function->parameter_list->parameter->decl->type->name->index,
2,160,rectangle_java2.jpg,rectangle_java2.jpg,17461444306,56,992.385,597.11,977.5,585,101,21,this.width,10,class->block->function->block->block_content->return->expr->call->name->name->operator->name,
2,160,rectangle_java2.jpg,rectangle_java2.jpg,17461560328,80,966.632,589.2,910.5,585,62,21,return,6,class->block->function->block->block_content->return,
2,160,rectangle_java2.jpg,rectangle_java2.jpg,17461560328,80,966.632,589.2,977.5,585,101,21,this.width,10,class->block->function->block->block_content->return->expr->call->name->name->operator->name,
2,160,rectangle_java2.jpg,rectangle_java2.jpg,17462116301,192,1132.5791666666669,565.6864583333333,1064.5,549,71,21,this.y1,7,class->block->function->block->block_content->return->expr->name->name->operator->name,
2,160,rectangle_java2.jpg,rectangle_java2.jpg,17462116301,192,1132.5791666666669,565.6864583333333,1142.5,549,10,21,;,1,class->block->function->block->block_content->return,
2,160,rectangle_java2.jpg,rectangle_java2.jpg,17462184298,64,1126.8525,547.338125,1064.5,549,71,21,this.y1,7,class->block->function->block->block_content->return->expr->name->name->operator->name,
2,160,rectangle_java2.jpg,rectangle_java2.jpg,17463048129,80,947.8265,631.7625,920.5,621,62,21,String,6,class->block->function->parameter_list->parameter->decl->type->name->name,
2,160,rectangle_java2.jpg,rectangle_java2.jpg,17463108136,56,951.2778571428572,637.0257142857142,920.5,621,62,21,String,6,class->block->function->parameter_list->parameter->decl->type->name->name,
2,160,rectangle_java2.jpg,rectangle_java2.jpg,17463240145,108,902.135925925926,656.4688888888888,902.5,658,34,20,new,3,class->block->function->block->block_content->decl_stmt->decl->init->expr->operator,
2,160,rectangle_java2.jpg,rectangle_java2.jpg,17463396172,76,806.1426315789474,653.3631578947368,730.5,658,91,20,Rectangle,9,class->block->function->block->block_content->decl_stmt->decl->type->name,
2,160,rectangle_java2.jpg,rectangle_java2.jpg,17463540195,88,827.2236363636364,651.8777272727273,826.5,658,52,20,rect1,5,class->block->function->block->block_content->decl_stmt->decl->name,
2,160,rectangle_java2.jpg,rectangle_java2.jpg,17463648206,56,905.8871428571427,668.5407142857143,902.5,658,34,20,new,3,class->block->function->block->block_content->decl_stmt->decl->init->expr->operator,
2,160,rectangle_java2.jpg,rectangle_java2.jpg,17463784224,132,907.0209090909092,684.4060606060606,730.5,694,177,21,System.out.println,18,class->block->function->block->block_content->expr_stmt->expr->call->name->name->operator->name->operator->name,
2,160,rectangle_java2.jpg,rectangle_java2.jpg,17463784224,132,907.0209090909092,684.4060606060606,916.5,694,9,21,(,1,class->block->function->block->block_content->expr_stmt->expr->call->argument_list,
2,160,rectangle_java2.jpg,rectangle_java2.jpg,17463896015,108,910.2177777777778,676.8840740740741,902.5,658,34,20,new,3,class->block->function->block->block_content->decl_stmt->decl->init->expr->operator,
2,160,rectangle_java2.jpg,rectangle_java2.jpg,17464079630,56,1150.3585714285714,658.955,1134.5,658,22,20,10,2,class->block->function->block->block_content->decl_stmt->decl->init->expr->call->argument_list->argument->expr->literal,
2,160,rectangle_java2.jpg,rectangle_java2.jpg,17464695757,76,1038.4205263157894,633.2721052631579,1025.5,621,42,21,args,4,class->block->function->parameter_list->parameter->decl->name,
2,160,rectangle_java2.jpg,rectangle_java2.jpg,17464799864,100,1036.1624,640.5128,1025.5,621,42,21,args,4,class->block->function->parameter_list->parameter->decl->name,
2,160,rectangle_java2.jpg,rectangle_java2.jpg,17465436054,168,893.6014285714285,585.602619047619,893.5,585,10,21,{,1,class->block->function->block,
2,160,rectangle_java2.jpg,rectangle_java2.jpg,17465523978,84,904.6314285714286,579.2142857142858,910.5,585,62,21,return,6,class->block->function->block->block_content->return,
2,160,rectangle_java2.jpg,rectangle_java2.jpg,17465723800,76,1120.7905263157895,588.6731578947368,1122.5,585,12,21,*,1,class->block->function->block->block_content->return->expr->operator,
2,160,rectangle_java2.jpg,rectangle_java2.jpg,17465791852,64,1121.606875,581.036875,1122.5,585,12,21,*,1,class->block->function->block->block_content->return->expr->operator,
2,160,rectangle_java2.jpg,rectangle_java2.jpg,17465875917,80,1139.5725,582.07,1140.5,585,110,21,this.height,11,class->block->function->block->block_content->return->expr->call->name->name->operator->name,
2,160,rectangle_java2.jpg,rectangle_java2.jpg,17466031986,76,986.2531578947368,581.2242105263158,977.5,585,101,21,this.width,10,class->block->function->block->block_content->return->expr->call->name->name->operator->name,
2,160,rectangle_java2.jpg,rectangle_java2.jpg,17466151974,116,996.1955172413792,584.4413793103448,977.5,585,101,21,this.width,10,class->block->function->block->block_content->return->expr->call->name->name->operator->name,
2,160,rectangle_java2.jpg,rectangle_java2.jpg,17466223931,68,987.7117647058824,591.2835294117647,977.5,585,101,21,this.width,10,class->block->function->block->block_content->return->expr->call->name->name->operator->name,
2,160,rectangle_java2.jpg,rectangle_java2.jpg,17466407872,100,974.534,574.37,977.5,585,101,21,this.width,10,class->block->function->block->block_content->return->expr->call->name->name->operator->name,
2,160,rectangle_java2.jpg,rectangle_java2.jpg,17466575901,92,1067.554347826087,577.7517391304348,977.5,585,101,21,this.width,10,class->block->function->block->block_content->return->expr->call->name->name->operator->name,
2,160,rectangle_java2.jpg,rectangle_java2.jpg,17466655930,76,1073.056842105263,563.6326315789473,1064.5,549,71,21,this.y1,7,class->block->function->block->block_content->return->expr->name->name->operator->name,
2,160,rectangle_java2.jpg,rectangle_java2.jpg,17466867919,140,1138.774,579.8597142857143,1140.5,585,110,21,this.height,11,class->block->function->block->block_content->return->expr->call->name->name->operator->name,
2,160,rectangle_java2.jpg,rectangle_java2.jpg,17467015838,64,1141.7725,536.985625,1142.5,549,10,21,;,1,class->block->function->block->block_content->return,
2,160,rectangle_java2.jpg,rectangle_java2.jpg,17467111771,92,1154.027391304348,543.028695652174,1161.5,549,10,21,},1,class->block->function->block,
2,160,rectangle_java2.jpg,rectangle_java2.jpg,17469543691,104,1140.745,548.1623076923076,1142.5,549,10,21,;,1,class->block->function->block->block_content->return,
2,160,rectangle_java2.jpg,rectangle_java2.jpg,17469671640,124,1148.4470967741936,540.33,1142.5,549,10,21,;,1,class->block->function->block->block_content->return,
2,160,rectangle_java2.jpg,rectangle_java2.jpg,17469751614,64,1057.36,550.851875,1045.5,549,13,21,-,1,class->block->function->block->block_content->return->expr->operator,
2,160,rectangle_java2.jpg,rectangle_java2.jpg,17469751614,64,1057.36,550.851875,1064.5,549,71,21,this.y1,7,class->block->function->block->block_content->return->expr->name->name->operator->name,
2,160,rectangle_java2.jpg,rectangle_java2.jpg,17469815599,60,1050.7986666666668,556.2846666666667,1045.5,549,13,21,-,1,class->block->function->block->block_content->return->expr->operator,
2,160,rectangle_java2.jpg,rectangle_java2.jpg,17470171584,96,956.6533333333332,559.5141666666667,900.5,549,63,21,return,6,class->block->function->block->block_content->return,
2,160,rectangle_java2.jpg,rectangle_java2.jpg,17470171584,96,956.6533333333332,559.5141666666667,968.5,549,70,21,this.y2,7,class->block->function->block->block_content->return->expr->name->name->operator->name,
2,160,rectangle_java2.jpg,rectangle_java2.jpg,17471135495,80,1065.241,543.053,1064.5,549,71,21,this.y1,7,class->block->function->block->block_content->return->expr->name->name->operator->name,
2,160,rectangle_java2.jpg,rectangle_java2.jpg,17471267472,128,1068.1978125,558.471875,1064.5,549,71,21,this.y1,7,class->block->function->block->block_content->return->expr->name->name->operator->name,
2,160,rectangle_java2.jpg,rectangle_java2.jpg,17471451557,84,1138.212380952381,543.3476190476191,1142.5,549,10,21,;,1,class->block->function->block->block_content->return,
2,160,rectangle_java2.jpg,rectangle_java2.jpg,17471535547,80,1129.7635,545.202,1064.5,549,71,21,this.y1,7,class->block->function->block->block_content->return->expr->name->name->operator->name,
2,160,rectangle_java2.jpg,rectangle_java2.jpg,17471643422,104,1128.271923076923,560.2415384615384,1064.5,549,71,21,this.y1,7,class->block->function->block->block_content->return->expr->name->name->operator->name,
2,160,rectangle_java2.jpg,rectangle_java2.jpg,17471707392,60,1135.4606666666666,558.232,1064.5,549,71,21,this.y1,7,class->block->function->block->block_content->return->expr->name->name->operator->name,
2,160,rectangle_java2.jpg,rectangle_java2.jpg,17471707392,60,1135.4606666666666,558.232,1142.5,549,10,21,;,1,class->block->function->block->block_content->return,
2,160,rectangle_java2.jpg,rectangle_java2.jpg,17473635205,72,947.7027777777778,283.7077777777778,939.5,295,33,21,int,3,class->block->constructor->parameter_list->parameter->decl->type->name,
2,160,rectangle_java2.jpg,rectangle_java2.jpg,17473695243,56,938.3657142857144,277.5242857142857,929.5,259,23,21,y2,2,class->block->decl_stmt->decl->name,
2,160,rectangle_java2.jpg,rectangle_java2.jpg,17473791266,92,947.2195652173912,266.9304347826087,929.5,259,23,21,y2,2,class->block->decl_stmt->decl->name,
2,160,rectangle_java2.jpg,rectangle_java2.jpg,17473791266,92,947.2195652173912,266.9304347826087,959.5,259,10,21,;,1,class->block->decl_stmt,
2,160,rectangle_java2.jpg,rectangle_java2.jpg,17473883253,88,954.9595454545456,270.25636363636363,959.5,259,10,21,;,1,class->block->decl_stmt,
2,160,rectangle_java2.jpg,rectangle_java2.jpg,17474803190,64,1072.7,556.439375,1064.5,549,71,21,this.y1,7,class->block->function->block->block_content->return->expr->name->name->operator->name,
2,160,rectangle_java2.jpg,rectangle_java2.jpg,17474875180,68,1078.5917647058825,565.9470588235295,1064.5,549,71,21,this.y1,7,class->block->function->block->block_content->return->expr->name->name->operator->name,
2,160,rectangle_java2.jpg,rectangle_java2.jpg,17474987134,56,928.3785714285714,550.8885714285714,900.5,549,63,21,return,6,class->block->function->block->block_content->return,
2,160,rectangle_java2.jpg,rectangle_java2.jpg,17475162948,172,921.4097674418604,543.6179069767442,900.5,549,63,21,return,6,class->block->function->block->block_content->return,
2,160,rectangle_java2.jpg,rectangle_java2.jpg,17475254810,88,920.1772727272728,537.5713636363637,900.5,549,63,21,return,6,class->block->function->block->block_content->return,
2,160,rectangle_java2.jpg,rectangle_java2.jpg,17475422900,132,882.4584848484849,544.7427272727273,883.5,549,10,21,{,1,class->block->function->block,
2,160,rectangle_java2.jpg,rectangle_java2.jpg,17476415065,68,1106.1570588235295,524.4511764705883,1054.5,512,71,21,this.x1,7,class->block->function->block->block_content->return->expr->name->name->operator->name,
2,160,rectangle_java2.jpg,rectangle_java2.jpg,17476495076,76,1094.89,550.0752631578947,1064.5,549,71,21,this.y1,7,class->block->function->block->block_content->return->expr->name->name->operator->name,
2,160,rectangle_java2.jpg,rectangle_java2.jpg,17476567051,68,1094.5388235294115,562.8682352941177,1064.5,549,71,21,this.y1,7,class->block->function->block->block_content->return->expr->name->name->operator->name,
2,160,rectangle_java2.jpg,rectangle_java2.jpg,17476627010,56,1090.475,555.25,1064.5,549,71,21,this.y1,7,class->block->function->block->block_content->return->expr->name->name->operator->name,
2,160,rectangle_java2.jpg,rectangle_java2.jpg,17476826942,84,971.86,630.437619047619,920.5,621,62,21,String,6,class->block->function->parameter_list->parameter->decl->type->name->name,
2,160,rectangle_java2.jpg,rectangle_java2.jpg,17477006992,60,1025.43,613.0426666666667,1025.5,621,42,21,args,4,class->block->function->parameter_list->parameter->decl->name,
2,160,rectangle_java2.jpg,rectangle_java2.jpg,17477067019,56,1033.2092857142857,620.8542857142857,1025.5,621,42,21,args,4,class->block->function->parameter_list->parameter->decl->name,
2,160,rectangle_java2.jpg,rectangle_java2.jpg,17477227036,76,945.9442105263158,610.4926315789473,920.5,621,62,21,String,6,class->block->function->parameter_list->parameter->decl->type->name->name,
2,160,rectangle_java2.jpg,rectangle_java2.jpg,17477575007,276,939.5466666666666,609.3766666666667,920.5,621,62,21,String,6,class->block->function->parameter_list->parameter->decl->type->name->name,
2,160,rectangle_java2.jpg,rectangle_java2.jpg,17477667010,76,1036.8173684210526,577.2889473684211,977.5,585,101,21,this.width,10,class->block->function->block->block_content->return->expr->call->name->name->operator->name,
2,160,rectangle_java2.jpg,rectangle_java2.jpg,17477727007,56,1039.932857142857,568.1421428571429,1045.5,549,13,21,-,1,class->block->function->block->block_content->return->expr->operator,
2,160,rectangle_java2.jpg,rectangle_java2.jpg,17477834985,56,1048.6364285714285,560.8385714285714,1045.5,549,13,21,-,1,class->block->function->block->block_content->return->expr->operator,
2,160,rectangle_java2.jpg,rectangle_java2.jpg,17477942921,104,1041.1423076923077,567.3815384615384,1045.5,549,13,21,-,1,class->block->function->block->block_content->return->expr->operator,
2,160,rectangle_java2.jpg,rectangle_java2.jpg,17478130637,64,994.309375,554.961875,968.5,549,70,21,this.y2,7,class->block->function->block->block_content->return->expr->name->name->operator->name,
2,160,rectangle_java2.jpg,rectangle_java2.jpg,17478262803,60,996.36,546.2313333333333,968.5,549,70,21,this.y2,7,class->block->function->block->block_content->return->expr->name->name->operator->name,
2,160,rectangle_java2.jpg,rectangle_java2.jpg,17478342873,76,997.7015789473684,540.3457894736842,968.5,549,70,21,this.y2,7,class->block->function->block->block_content->return->expr->name->name->operator->name,
2,160,rectangle_java2.jpg,rectangle_java2.jpg,17478470839,88,1074.9927272727273,573.4536363636364,977.5,585,101,21,this.width,10,class->block->function->block->block_content->return->expr->call->name->name->operator->name,
2,160,rectangle_java2.jpg,rectangle_java2.jpg,17478470839,88,1074.9927272727273,573.4536363636364,1086.5,585,10,21,(,1,class->block->function->block->block_content->return->expr->call->argument_list,
2,160,rectangle_java2.jpg,rectangle_java2.jpg,17478550823,76,1074.5826315789473,554.2478947368421,1064.5,549,71,21,this.y1,7,class->block->function->block->block_content->return->expr->name->name->operator->name,
2,160,rectangle_java2.jpg,rectangle_java2.jpg,17478626819,72,1069.8922222222222,551.9555555555555,1064.5,549,71,21,this.y1,7,class->block->function->block->block_content->return->expr->name->name->operator->name,
2,160,rectangle_java2.jpg,rectangle_java2.jpg,17478770825,116,1138.3744827586206,537.9810344827587,1142.5,549,10,21,;,1,class->block->function->block->block_content->return,
2,160,rectangle_java2.jpg,rectangle_java2.jpg,17478886856,112,1136.2435714285714,553.2557142857142,1142.5,549,10,21,;,1,class->block->function->block->block_content->return,
2,160,rectangle_java2.jpg,rectangle_java2.jpg,17479018843,128,1138.0284375,551.799375,1142.5,549,10,21,;,1,class->block->function->block->block_content->return,
2,160,rectangle_java2.jpg,rectangle_java2.jpg,17479174823,104,1176.2753846153846,585.6303846153846,1140.5,585,110,21,this.height,11,class->block->function->block->block_content->return->expr->call->name->name->operator->name,
2,160,rectangle_java2.jpg,rectangle_java2.jpg,17479234832,56,1167.7664285714286,576.2714285714286,1140.5,585,110,21,this.height,11,class->block->function->block->block_content->return->expr->call->name->name->operator->name,
2,160,rectangle_java2.jpg,rectangle_java2.jpg,17479378847,140,1172.732,572.8722857142857,1140.5,585,110,21,this.height,11,class->block->function->block->block_content->return->expr->call->name->name->operator->name,
2,160,rectangle_java2.jpg,rectangle_java2.jpg,17479638693,136,963.1697058823528,618.3732352941176,920.5,621,62,21,String,6,class->block->function->parameter_list->parameter->decl->type->name->name,
2,160,rectangle_java2.jpg,rectangle_java2.jpg,17479758562,68,1115.5188235294115,577.8370588235294,1122.5,585,12,21,*,1,class->block->function->block->block_content->return->expr->operator,
2,160,rectangle_java2.jpg,rectangle_java2.jpg,17480222691,188,1028.993829787234,600.3795744680851,977.5,585,101,21,this.width,10,class->block->function->block->block_content->return->expr->call->name->name->operator->name,
2,160,rectangle_java2.jpg,rectangle_java2.jpg,17480318676,92,1014.1652173913044,595.4352173913044,977.5,585,101,21,this.width,10,class->block->function->block->block_content->return->expr->call->name->name->operator->name,
2,160,rectangle_java2.jpg,rectangle_java2.jpg,17480470747,148,1018.4535135135136,593.5972972972972,977.5,585,101,21,this.width,10,class->block->function->block->block_content->return->expr->call->name->name->operator->name,
2,160,rectangle_java2.jpg,rectangle_java2.jpg,17480610758,92,951.1447826086956,652.7521739130435,941.5,658,91,20,Rectangle,9,class->block->function->block->block_content->decl_stmt->decl->init->expr->call->name,
2,160,rectangle_java2.jpg,rectangle_java2.jpg,17480730713,64,937.78875,667.99125,941.5,658,91,20,Rectangle,9,class->block->function->block->block_content->decl_stmt->decl->init->expr->call->name,
2,160,rectangle_java2.jpg,rectangle_java2.jpg,17480842712,60,938.6613333333332,666.9433333333333,941.5,658,91,20,Rectangle,9,class->block->function->block->block_content->decl_stmt->decl->init->expr->call->name,
2,160,rectangle_java2.jpg,rectangle_java2.jpg,17480946715,100,941.5276,654.3132,941.5,658,91,20,Rectangle,9,class->block->function->block->block_content->decl_stmt->decl->init->expr->call->name,
2,160,rectangle_java2.jpg,rectangle_java2.jpg,17481334600,68,1228.7217647058824,655.8123529411764,1231.5,658,10,20,;,1,class->block->function->block->block_content->decl_stmt,
2,160,rectangle_java2.jpg,rectangle_java2.jpg,17481666536,64,838.50625,744.085,826.5,731,51,20,rect2,5,class->block->function->block->block_content->decl_stmt->decl->name,
2,160,rectangle_java2.jpg,rectangle_java2.jpg,17481802545,132,832.8345454545455,748.9021212121212,826.5,731,51,20,rect2,5,class->block->function->block->block_content->decl_stmt->decl->name,
2,160,rectangle_java2.jpg,rectangle_java2.jpg,17481982557,108,978.8966666666666,719.7903703703704,941.5,731,91,20,Rectangle,9,class->block->function->block->block_content->decl_stmt->decl->init->expr->call->name,
2,160,rectangle_java2.jpg,rectangle_java2.jpg,17482066566,80,977.963,738.587,941.5,731,91,20,Rectangle,9,class->block->function->block->block_content->decl_stmt->decl->init->expr->call->name,
2,160,rectangle_java2.jpg,rectangle_java2.jpg,17482138575,68,978.0952941176472,712.8711764705882,932.5,694,100,21,rect1.area,10,class->block->function->block->block_content->expr_stmt->expr->call->argument_list->argument->expr->call->name->name->operator->name,
2,160,rectangle_java2.jpg,rectangle_java2.jpg,17482490632,120,900.611,649.057,902.5,658,34,20,new,3,class->block->function->block->block_content->decl_stmt->decl->init->expr->operator,
2,160,rectangle_java2.jpg,rectangle_java2.jpg,17482578626,84,902.4366666666666,663.9695238095238,902.5,658,34,20,new,3,class->block->function->block->block_content->decl_stmt->decl->init->expr->operator,
2,160,rectangle_java2.jpg,rectangle_java2.jpg,17482698594,116,897.9727586206897,661.7513793103449,883.5,658,15,20,=,1,class->block->function->block->block_content->decl_stmt->decl->init,
2,160,rectangle_java2.jpg,rectangle_java2.jpg,17482698594,116,897.9727586206897,661.7513793103449,902.5,658,34,20,new,3,class->block->function->block->block_content->decl_stmt->decl->init->expr->operator,
2,160,rectangle_java2.jpg,rectangle_java2.jpg,17483134272,76,1233.8673684210526,648.0647368421053,1231.5,658,10,20,;,1,class->block->function->block->block_content->decl_stmt,
2,160,rectangle_java2.jpg,rectangle_java2.jpg,17483610427,60,988.676,656.2,941.5,658,91,20,Rectangle,9,class->block->function->block->block_content->decl_stmt->decl->init->expr->call->name,
2,160,rectangle_java2.jpg,rectangle_java2.jpg,17483806461,96,972.6216666666668,663.6587499999999,941.5,658,91,20,Rectangle,9,class->block->function->block->block_content->decl_stmt->decl->init->expr->call->name,
2,160,rectangle_java2.jpg,rectangle_java2.jpg,17483874473,64,973.956875,655.1,941.5,658,91,20,Rectangle,9,class->block->function->block->block_content->decl_stmt->decl->init->expr->call->name,
2,160,rectangle_java2.jpg,rectangle_java2.jpg,17484078461,140,910.9414285714286,657.1097142857143,902.5,658,34,20,new,3,class->block->function->block->block_content->decl_stmt->decl->init->expr->operator,
2,160,rectangle_java2.jpg,rectangle_java2.jpg,17484822330,100,1111.2944,565.866,1064.5,549,71,21,this.y1,7,class->block->function->block->block_content->return->expr->name->name->operator->name,
2,160,rectangle_java2.jpg,rectangle_java2.jpg,17485306366,60,1201.1386666666667,592.174,1140.5,585,110,21,this.height,11,class->block->function->block->block_content->return->expr->call->name->name->operator->name,
2,160,rectangle_java2.jpg,rectangle_java2.jpg,17485478219,80,942.184,591.2155,910.5,585,62,21,return,6,class->block->function->block->block_content->return,
2,160,rectangle_java2.jpg,rectangle_java2.jpg,17485554214,72,933.9638888888888,611.6666666666666,920.5,621,62,21,String,6,class->block->function->parameter_list->parameter->decl->type->name->name,
2,160,rectangle_java2.jpg,rectangle_java2.jpg,17485810288,136,1051.5155882352942,586.7185294117647,977.5,585,101,21,this.width,10,class->block->function->block->block_content->return->expr->call->name->name->operator->name,
2,160,rectangle_java2.jpg,rectangle_java2.jpg,17486814118,112,1161.6775,551.4057142857143,1161.5,549,10,21,},1,class->block->function->block,
2,160,rectangle_java2.jpg,rectangle_java2.jpg,17486970121,76,1166.667894736842,559.3,1161.5,549,10,21,},1,class->block->function->block,
2,160,rectangle_java2.jpg,rectangle_java2.jpg,17487082147,68,1159.404705882353,576.4552941176471,1140.5,585,110,21,this.height,11,class->block->function->block->block_content->return->expr->call->name->name->operator->name,
2,160,rectangle_java2.jpg,rectangle_java2.jpg,17487190184,104,1161.8392307692309,560.9673076923077,1161.5,549,10,21,},1,class->block->function->block,
2,160,rectangle_java2.jpg,rectangle_java2.jpg,17487266208,72,1160.4183333333333,574.0433333333333,1140.5,585,110,21,this.height,11,class->block->function->block->block_content->return->expr->call->name->name->operator->name,
2,160,rectangle_java2.jpg,rectangle_java2.jpg,17487634073,76,947.348947368421,758.0231578947369,932.5,766,100,21,rect2.area,10,class->block->function->block->block_content->expr_stmt->expr->call->argument_list->argument->expr->call->name->name->operator->name,
2,160,rectangle_java2.jpg,rectangle_java2.jpg,17487710064,72,942.0777777777778,749.8844444444444,941.5,731,91,20,Rectangle,9,class->block->function->block->block_content->decl_stmt->decl->init->expr->call->name,
