trial,participant,code_file,code_language,timestamp,duration,x_cord,y_cord,aoi_x,aoi_y,aoi_width,aoi_height,token,length,srcML,
2,211,rectangle_java2.jpg,rectangle_java2.jpg,1424450893,124,669.6312903225806,270.84806451612906,669.5,259,72,21,private,7,class->block->decl_stmt->decl->type->specifier,
2,211,rectangle_java2.jpg,rectangle_java2.jpg,1424790682,260,635.0918461538462,220.83630769230768,589.5,222,63,21,public,6,class->specifier,
2,211,rectangle_java2.jpg,rectangle_java2.jpg,1424850775,56,626.8421428571429,220.765,589.5,222,63,21,public,6,class->specifier,
2,211,rectangle_java2.jpg,rectangle_java2.jpg,1425042774,152,702.525,224.1747368421053,657.5,222,52,21,class,5,class,
2,211,rectangle_java2.jpg,rectangle_java2.jpg,1425238741,72,747.2688888888889,224.0811111111111,715.5,222,90,21,Rectangle,9,class->name,
2,211,rectangle_java2.jpg,rectangle_java2.jpg,1425318756,76,749.7678947368421,215.7115789473684,715.5,222,90,21,Rectangle,9,class->name,
2,211,rectangle_java2.jpg,rectangle_java2.jpg,1425562738,240,755.1306666666667,224.7128333333333,715.5,222,90,21,Rectangle,9,class->name,
2,211,rectangle_java2.jpg,rectangle_java2.jpg,1425690691,68,741.2841176470588,209.5788235294118,715.5,222,90,21,Rectangle,9,class->name,
2,211,rectangle_java2.jpg,rectangle_java2.jpg,1425846972,152,743.9492105263158,219.2181578947368,715.5,222,90,21,Rectangle,9,class->name,
2,211,rectangle_java2.jpg,rectangle_java2.jpg,1425907002,56,775.3414285714285,217.67714285714283,715.5,222,90,21,Rectangle,9,class->name,
2,211,rectangle_java2.jpg,rectangle_java2.jpg,1426070824,160,780.3455,225.19925,715.5,222,90,21,Rectangle,9,class->name,
2,211,rectangle_java2.jpg,rectangle_java2.jpg,1426250773,144,688.2972222222222,259.98805555555555,669.5,259,72,21,private,7,class->block->decl_stmt->decl->type->specifier,
2,211,rectangle_java2.jpg,rectangle_java2.jpg,1426426662,72,761.0872222222222,269.5311111111111,747.5,259,33,21,int,3,class->block->decl_stmt->decl->type->name,
2,211,rectangle_java2.jpg,rectangle_java2.jpg,1426650556,220,751.7665454545455,256.508,747.5,259,33,21,int,3,class->block->decl_stmt->decl->type->name,
2,211,rectangle_java2.jpg,rectangle_java2.jpg,1426710585,56,772.4542857142857,269.16714285714284,747.5,259,33,21,int,3,class->block->decl_stmt->decl->type->name,
2,211,rectangle_java2.jpg,rectangle_java2.jpg,1426895026,180,778.7091111111112,271.3702222222222,747.5,259,33,21,int,3,class->block->decl_stmt->decl->type->name,
2,211,rectangle_java2.jpg,rectangle_java2.jpg,1426895026,180,778.7091111111112,271.3702222222222,785.5,259,23,21,x1,2,class->block->decl_stmt->decl->name,
2,211,rectangle_java2.jpg,rectangle_java2.jpg,1427046692,148,812.602972972973,268.6367567567568,815.5,259,10,21,"""","""",1,class->block->decl_stmt
2,211,rectangle_java2.jpg,rectangle_java2.jpg,1427310365,148,854.3802702702702,267.872972972973,833.5,259,23,21,y1,2,class->block->decl_stmt->decl->name,
2,211,rectangle_java2.jpg,rectangle_java2.jpg,1427310365,148,854.3802702702702,267.872972972973,863.5,259,10,21,"""","""",1,class->block->decl_stmt
2,211,rectangle_java2.jpg,rectangle_java2.jpg,1427394446,80,843.8885,273.1635,833.5,259,23,21,y1,2,class->block->decl_stmt->decl->name,
2,211,rectangle_java2.jpg,rectangle_java2.jpg,1427478502,80,841.682,253.8335,833.5,259,23,21,y1,2,class->block->decl_stmt->decl->name,
2,211,rectangle_java2.jpg,rectangle_java2.jpg,1427790432,208,878.0921153846153,270.23846153846154,881.5,259,23,21,x2,2,class->block->decl_stmt->decl->name,
2,211,rectangle_java2.jpg,rectangle_java2.jpg,1427982543,188,880.8689361702128,264.33978723404255,881.5,259,23,21,x2,2,class->block->decl_stmt->decl->name,
2,211,rectangle_java2.jpg,rectangle_java2.jpg,1428122617,136,883.4402941176471,268.8358823529412,881.5,259,23,21,x2,2,class->block->decl_stmt->decl->name,
2,211,rectangle_java2.jpg,rectangle_java2.jpg,1428250635,92,925.0417391304348,267.9795652173913,929.5,259,23,21,y2,2,class->block->decl_stmt->decl->name,
2,211,rectangle_java2.jpg,rectangle_java2.jpg,1428402549,148,927.1797297297296,253.1235135135135,929.5,259,23,21,y2,2,class->block->decl_stmt->decl->name,
2,211,rectangle_java2.jpg,rectangle_java2.jpg,1428486517,80,934.2545,258.7175,929.5,259,23,21,y2,2,class->block->decl_stmt->decl->name,
2,211,rectangle_java2.jpg,rectangle_java2.jpg,1428934471,96,763.4425,287.3975,737.5,295,91,21,Rectangle,9,class->block->constructor->name,
2,211,rectangle_java2.jpg,rectangle_java2.jpg,1429086490,148,762.7216216216216,284.0943243243243,737.5,295,91,21,Rectangle,9,class->block->constructor->name,
2,211,rectangle_java2.jpg,rectangle_java2.jpg,1429166502,76,767.2868421052632,291.22526315789474,737.5,295,91,21,Rectangle,9,class->block->constructor->name,
2,211,rectangle_java2.jpg,rectangle_java2.jpg,1429774866,204,863.1441176470588,286.7345098039216,853.5,295,32,21,int,3,class->block->constructor->parameter_list->parameter->decl->type->name,
2,211,rectangle_java2.jpg,rectangle_java2.jpg,1429962635,148,893.1713513513514,302.08189189189187,890.5,295,24,21,x1,2,class->block->constructor->parameter_list->parameter->decl->type->name,
2,211,rectangle_java2.jpg,rectangle_java2.jpg,1430046491,80,868.0995,296.2885,853.5,295,32,21,int,3,class->block->constructor->parameter_list->parameter->decl->type->name,
2,211,rectangle_java2.jpg,rectangle_java2.jpg,1430206513,156,855.3382051282051,306.13102564102564,853.5,295,32,21,int,3,class->block->constructor->parameter_list->parameter->decl->type->name,
2,211,rectangle_java2.jpg,rectangle_java2.jpg,1430338398,64,897.954375,300.864375,890.5,295,24,21,x1,2,class->block->constructor->parameter_list->parameter->decl->type->name,
2,211,rectangle_java2.jpg,rectangle_java2.jpg,1430617895,128,925.34875,290.25,921.5,295,9,21,"""","""",1,class->block->constructor->parameter_list
2,211,rectangle_java2.jpg,rectangle_java2.jpg,1430774193,116,963.091724137931,287.4568965517241,939.5,295,33,21,int,3,class->block->constructor->parameter_list->parameter->decl->type->name,
2,211,rectangle_java2.jpg,rectangle_java2.jpg,1431034350,256,955.93046875,291.85421875,939.5,295,33,21,int,3,class->block->constructor->parameter_list->parameter->decl->type->name,
2,211,rectangle_java2.jpg,rectangle_java2.jpg,1431118301,80,981.3235,295.254,977.5,295,23,21,y1,2,class->block->constructor->parameter_list->parameter->decl->type->name,
2,211,rectangle_java2.jpg,rectangle_java2.jpg,1431414281,292,985.9986301369864,285.7757534246575,977.5,295,23,21,y1,2,class->block->constructor->parameter_list->parameter->decl->type->name,
2,211,rectangle_java2.jpg,rectangle_java2.jpg,1431678359,164,1039.3736585365853,287.02756097560973,1025.5,295,33,21,int,3,class->block->constructor->parameter_list->parameter->decl->type->name,
2,211,rectangle_java2.jpg,rectangle_java2.jpg,1431818339,136,1042.1811764705883,285.8335294117647,1025.5,295,33,21,int,3,class->block->constructor->parameter_list->parameter->decl->type->name,
2,211,rectangle_java2.jpg,rectangle_java2.jpg,1432750196,92,773.6117391304348,268.7960869565217,747.5,259,33,21,int,3,class->block->decl_stmt->decl->type->name,
2,211,rectangle_java2.jpg,rectangle_java2.jpg,1432750196,92,773.6117391304348,268.7960869565217,785.5,259,23,21,x1,2,class->block->decl_stmt->decl->name,
2,211,rectangle_java2.jpg,rectangle_java2.jpg,1432834214,80,765.984,266.8345,747.5,259,33,21,int,3,class->block->decl_stmt->decl->type->name,
2,211,rectangle_java2.jpg,rectangle_java2.jpg,1433058207,188,725.8204255319149,255.82297872340428,669.5,259,72,21,private,7,class->block->decl_stmt->decl->type->specifier,
2,211,rectangle_java2.jpg,rectangle_java2.jpg,1433262253,200,713.5134,270.2678,669.5,259,72,21,private,7,class->block->decl_stmt->decl->type->specifier,
2,211,rectangle_java2.jpg,rectangle_java2.jpg,1433378216,112,706.3832142857143,266.80357142857144,669.5,259,72,21,private,7,class->block->decl_stmt->decl->type->specifier,
2,211,rectangle_java2.jpg,rectangle_java2.jpg,1433614247,196,763.585306122449,265.7130612244898,747.5,259,33,21,int,3,class->block->decl_stmt->decl->type->name,
2,211,rectangle_java2.jpg,rectangle_java2.jpg,1433730407,80,754.1495,327.4925,730.5,331,71,19,this.x1,7,class->block->constructor->block->block_content->expr_stmt->expr->name->name->operator->name,
2,211,rectangle_java2.jpg,rectangle_java2.jpg,1433890523,156,754.9902564102564,320.82153846153847,730.5,331,71,19,this.x1,7,class->block->constructor->block->block_content->expr_stmt->expr->name->name->operator->name,
2,211,rectangle_java2.jpg,rectangle_java2.jpg,1434054214,160,762.8465,323.1945,730.5,331,71,19,this.x1,7,class->block->constructor->block->block_content->expr_stmt->expr->name->name->operator->name,
2,211,rectangle_java2.jpg,rectangle_java2.jpg,1434330031,272,774.0330882352941,328.40294117647056,730.5,331,71,19,this.x1,7,class->block->constructor->block->block_content->expr_stmt->expr->name->name->operator->name,
2,211,rectangle_java2.jpg,rectangle_java2.jpg,1434506041,172,773.3209302325581,336.4862790697674,730.5,331,71,19,this.x1,7,class->block->constructor->block->block_content->expr_stmt->expr->name->name->operator->name,
2,211,rectangle_java2.jpg,rectangle_java2.jpg,1434786030,276,794.9472463768116,335.44739130434783,730.5,331,71,19,this.x1,7,class->block->constructor->block->block_content->expr_stmt->expr->name->name->operator->name,
2,211,rectangle_java2.jpg,rectangle_java2.jpg,1434786030,276,794.9472463768116,335.44739130434783,806.5,331,15,19,=,1,class->block->constructor->block->block_content->expr_stmt->expr->operator,
2,211,rectangle_java2.jpg,rectangle_java2.jpg,1434874024,84,817.2371428571429,327.3385714285714,806.5,331,15,19,=,1,class->block->constructor->block->block_content->expr_stmt->expr->operator,
2,211,rectangle_java2.jpg,rectangle_java2.jpg,1434874024,84,817.2371428571429,327.3385714285714,826.5,331,23,19,x1,2,class->block->constructor->block->block_content->expr_stmt->expr->name->name,
2,211,rectangle_java2.jpg,rectangle_java2.jpg,1434950028,72,817.145,315.87888888888887,737.5,295,91,21,Rectangle,9,class->block->constructor->name,
2,211,rectangle_java2.jpg,rectangle_java2.jpg,1435042034,88,819.8868181818182,334.0540909090909,806.5,331,15,19,=,1,class->block->constructor->block->block_content->expr_stmt->expr->operator,
2,211,rectangle_java2.jpg,rectangle_java2.jpg,1435042034,88,819.8868181818182,334.0540909090909,826.5,331,23,19,x1,2,class->block->constructor->block->block_content->expr_stmt->expr->name->name,
2,211,rectangle_java2.jpg,rectangle_java2.jpg,1435186027,140,836.9877142857143,328.8622857142857,826.5,331,23,19,x1,2,class->block->constructor->block->block_content->expr_stmt->expr->name->name,
2,211,rectangle_java2.jpg,rectangle_java2.jpg,1435286022,96,836.80625,333.1995833333333,826.5,331,23,19,x1,2,class->block->constructor->block->block_content->expr_stmt->expr->name->name,
2,211,rectangle_java2.jpg,rectangle_java2.jpg,1435390029,68,778.61,323.9864705882353,730.5,331,71,19,this.x1,7,class->block->constructor->block->block_content->expr_stmt->expr->name->name->operator->name,
2,211,rectangle_java2.jpg,rectangle_java2.jpg,1435638071,244,784.2529508196722,336.13360655737705,730.5,331,71,19,this.x1,7,class->block->constructor->block->block_content->expr_stmt->expr->name->name->operator->name,
2,211,rectangle_java2.jpg,rectangle_java2.jpg,1435881996,72,751.2638888888889,339.2316666666667,730.5,331,71,19,this.x1,7,class->block->constructor->block->block_content->expr_stmt->expr->name->name->operator->name,
2,211,rectangle_java2.jpg,rectangle_java2.jpg,1436105907,156,775.76,355.8497435897436,730.5,367,71,21,this.y1,7,class->block->constructor->block->block_content->expr_stmt->expr->name->name->operator->name,
2,211,rectangle_java2.jpg,rectangle_java2.jpg,1436277972,116,797.8875862068966,367.0686206896552,730.5,367,71,21,this.y1,7,class->block->constructor->block->block_content->expr_stmt->expr->name->name->operator->name,
2,211,rectangle_java2.jpg,rectangle_java2.jpg,1436277972,116,797.8875862068966,367.0686206896552,806.5,367,15,21,=,1,class->block->constructor->block->block_content->expr_stmt->expr->operator,
2,211,rectangle_java2.jpg,rectangle_java2.jpg,1436434061,96,826.435,380.53875,826.5,367,23,21,y1,2,class->block->constructor->block->block_content->expr_stmt->expr->name->name,
2,211,rectangle_java2.jpg,rectangle_java2.jpg,1436618118,100,750.7272,407.62,730.5,404,71,19,this.x2,7,class->block->constructor->block->block_content->expr_stmt->expr->name->name->operator->name,
2,211,rectangle_java2.jpg,rectangle_java2.jpg,1436690093,68,747.6505882352941,409.53,730.5,404,71,19,this.x2,7,class->block->constructor->block->block_content->expr_stmt->expr->name->name->operator->name,
2,211,rectangle_java2.jpg,rectangle_java2.jpg,1437089913,92,772.8060869565218,411.2969565217391,730.5,404,71,19,this.x2,7,class->block->constructor->block->block_content->expr_stmt->expr->name->name->operator->name,
2,211,rectangle_java2.jpg,rectangle_java2.jpg,1437273934,76,782.1531578947369,416.151052631579,730.5,404,71,19,this.x2,7,class->block->constructor->block->block_content->expr_stmt->expr->name->name->operator->name,
2,211,rectangle_java2.jpg,rectangle_java2.jpg,1437417976,104,772.9696153846154,454.6173076923077,730.5,440,71,21,this.y2,7,class->block->constructor->block->block_content->expr_stmt->expr->name->name->operator->name,
2,211,rectangle_java2.jpg,rectangle_java2.jpg,1437477988,56,770.8285714285714,456.52,730.5,440,71,21,this.y2,7,class->block->constructor->block->block_content->expr_stmt->expr->name->name->operator->name,
2,211,rectangle_java2.jpg,rectangle_java2.jpg,1438221820,84,770.8723809523809,460.6190476190476,730.5,440,71,21,this.y2,7,class->block->constructor->block->block_content->expr_stmt->expr->name->name->operator->name,
2,211,rectangle_java2.jpg,rectangle_java2.jpg,1438549899,232,744.6194827586207,458.10862068965525,730.5,440,71,21,this.y2,7,class->block->constructor->block->block_content->expr_stmt->expr->name->name->operator->name,
2,211,rectangle_java2.jpg,rectangle_java2.jpg,1438737825,120,693.2576666666666,526.586,669.5,512,63,21,public,6,class->block->function->type->specifier,
2,211,rectangle_java2.jpg,rectangle_java2.jpg,1438853766,112,694.6275,542.4721428571429,669.5,549,63,21,public,6,class->block->function->type->specifier,
2,211,rectangle_java2.jpg,rectangle_java2.jpg,1438969765,112,691.9325,530.6617857142857,669.5,512,63,21,public,6,class->block->function->type->specifier,
2,211,rectangle_java2.jpg,rectangle_java2.jpg,1439033779,60,774.8186666666667,537.4386666666667,775.5,549,62,21,height,6,class->block->function->name,
2,211,rectangle_java2.jpg,rectangle_java2.jpg,1439349920,84,750.667619047619,540.9871428571429,737.5,549,33,21,int,3,class->block->function->type->name,
2,211,rectangle_java2.jpg,rectangle_java2.jpg,1439513884,96,751.0679166666666,547.6820833333334,737.5,549,33,21,int,3,class->block->function->type->name,
2,211,rectangle_java2.jpg,rectangle_java2.jpg,1439657818,72,780.7972222222222,531.3333333333334,775.5,512,53,21,width,5,class->block->function->name,
2,211,rectangle_java2.jpg,rectangle_java2.jpg,1439989719,68,807.755294117647,548.364705882353,775.5,549,62,21,height,6,class->block->function->name,
2,211,rectangle_java2.jpg,rectangle_java2.jpg,1440093709,100,808.7916,561.908,775.5,549,62,21,height,6,class->block->function->name,
2,211,rectangle_java2.jpg,rectangle_java2.jpg,1440185692,88,798.8713636363636,573.3672727272727,737.5,585,62,21,double,6,class->block->function->type->name,
2,211,rectangle_java2.jpg,rectangle_java2.jpg,1440185692,88,798.8713636363636,573.3672727272727,804.5,585,43,21,area,4,class->block->function->name,
2,211,rectangle_java2.jpg,rectangle_java2.jpg,1440381668,192,794.3072916666666,554.650625,775.5,549,62,21,height,6,class->block->function->name,
2,211,rectangle_java2.jpg,rectangle_java2.jpg,1440677838,248,908.206129032258,542.0954838709678,900.5,549,63,21,return,6,class->block->function->block->block_content->return,
2,211,rectangle_java2.jpg,rectangle_java2.jpg,1440749782,68,930.734705882353,536.7417647058824,900.5,549,63,21,return,6,class->block->function->block->block_content->return,
2,211,rectangle_java2.jpg,rectangle_java2.jpg,1441441692,168,926.6466666666666,544.1995238095238,900.5,549,63,21,return,6,class->block->function->block->block_content->return,
2,211,rectangle_java2.jpg,rectangle_java2.jpg,1441513618,68,931.7988235294118,547.2305882352941,900.5,549,63,21,return,6,class->block->function->block->block_content->return,
2,211,rectangle_java2.jpg,rectangle_java2.jpg,1442125557,608,914.2236184210526,555.2282236842105,900.5,549,63,21,return,6,class->block->function->block->block_content->return,
2,211,rectangle_java2.jpg,rectangle_java2.jpg,1442225599,68,940.2941176470588,550.4452941176471,900.5,549,63,21,return,6,class->block->function->block->block_content->return,
2,211,rectangle_java2.jpg,rectangle_java2.jpg,1442453598,224,947.1407142857142,555.3903571428572,900.5,549,63,21,return,6,class->block->function->block->block_content->return,
2,211,rectangle_java2.jpg,rectangle_java2.jpg,1442729599,232,997.8020689655172,548.5820689655172,968.5,549,70,21,this.y2,7,class->block->function->block->block_content->return->expr->name->name->operator->name,
2,211,rectangle_java2.jpg,rectangle_java2.jpg,1442841603,108,996.0825925925926,556.0425925925925,968.5,549,70,21,this.y2,7,class->block->function->block->block_content->return->expr->name->name->operator->name,
2,211,rectangle_java2.jpg,rectangle_java2.jpg,1443005558,160,1026.754,559.4605,968.5,549,70,21,this.y2,7,class->block->function->block->block_content->return->expr->name->name->operator->name,
2,211,rectangle_java2.jpg,rectangle_java2.jpg,1443125544,116,1026.19,550.1824137931035,968.5,549,70,21,this.y2,7,class->block->function->block->block_content->return->expr->name->name->operator->name,
2,211,rectangle_java2.jpg,rectangle_java2.jpg,1443281545,116,1078.976551724138,553.0948275862069,1064.5,549,71,21,this.y1,7,class->block->function->block->block_content->return->expr->name->name->operator->name,
2,211,rectangle_java2.jpg,rectangle_java2.jpg,1443457492,172,1079.0697674418604,550.0881395348837,1064.5,549,71,21,this.y1,7,class->block->function->block->block_content->return->expr->name->name->operator->name,
2,211,rectangle_java2.jpg,rectangle_java2.jpg,1443665176,204,1100.996862745098,544.9382352941177,1064.5,549,71,21,this.y1,7,class->block->function->block->block_content->return->expr->name->name->operator->name,
2,211,rectangle_java2.jpg,rectangle_java2.jpg,1443829339,160,1098.53075,537.1925,1064.5,549,71,21,this.y1,7,class->block->function->block->block_content->return->expr->name->name->operator->name,
2,211,rectangle_java2.jpg,rectangle_java2.jpg,1443961387,128,1114.7753125,537.7265625,1064.5,549,71,21,this.y1,7,class->block->function->block->block_content->return->expr->name->name->operator->name,
2,211,rectangle_java2.jpg,rectangle_java2.jpg,1444045407,60,742.0206666666667,579.5966666666667,737.5,585,62,21,double,6,class->block->function->type->name,
2,211,rectangle_java2.jpg,rectangle_java2.jpg,1444177418,128,729.4896875000001,583.011875,669.5,585,63,21,public,6,class->block->function->type->specifier,
2,211,rectangle_java2.jpg,rectangle_java2.jpg,1444177418,128,729.4896875000001,583.011875,737.5,585,62,21,double,6,class->block->function->type->name,
2,211,rectangle_java2.jpg,rectangle_java2.jpg,1444429376,216,710.9724074074074,593.449074074074,669.5,585,63,21,public,6,class->block->function->type->specifier,
2,211,rectangle_java2.jpg,rectangle_java2.jpg,1444629395,172,820.6486046511628,576.0176744186047,804.5,585,43,21,area,4,class->block->function->name,
2,211,rectangle_java2.jpg,rectangle_java2.jpg,1444693403,60,787.16,591.612,737.5,585,62,21,double,6,class->block->function->type->name,
2,211,rectangle_java2.jpg,rectangle_java2.jpg,1444833419,136,774.9011764705882,583.0317647058823,737.5,585,62,21,double,6,class->block->function->type->name,
2,211,rectangle_java2.jpg,rectangle_java2.jpg,1444989391,84,685.3885714285714,569.3290476190476,669.5,549,63,21,public,6,class->block->function->type->specifier,
2,211,rectangle_java2.jpg,rectangle_java2.jpg,1445349273,136,688.3167647058824,587.1794117647058,669.5,585,63,21,public,6,class->block->function->type->specifier,
2,211,rectangle_java2.jpg,rectangle_java2.jpg,1445429166,76,699.4984210526316,581.6673684210526,669.5,585,63,21,public,6,class->block->function->type->specifier,
2,211,rectangle_java2.jpg,rectangle_java2.jpg,1445597145,164,705.5465853658536,582.9314634146341,669.5,585,63,21,public,6,class->block->function->type->specifier,
2,211,rectangle_java2.jpg,rectangle_java2.jpg,1445673187,64,774.46125,592.559375,737.5,585,62,21,double,6,class->block->function->type->name,
2,211,rectangle_java2.jpg,rectangle_java2.jpg,1445893313,216,774.6301851851852,592.1203703703703,737.5,585,62,21,double,6,class->block->function->type->name,
2,211,rectangle_java2.jpg,rectangle_java2.jpg,1446141316,244,762.3308196721312,590.8127868852459,737.5,585,62,21,double,6,class->block->function->type->name,
2,211,rectangle_java2.jpg,rectangle_java2.jpg,1446293273,104,818.3107692307692,583.5184615384616,804.5,585,43,21,area,4,class->block->function->name,
2,211,rectangle_java2.jpg,rectangle_java2.jpg,1446425262,128,814.440625,578.5565625,804.5,585,43,21,area,4,class->block->function->name,
2,211,rectangle_java2.jpg,rectangle_java2.jpg,1446609245,180,806.9533333333334,587.9257777777777,804.5,585,43,21,area,4,class->block->function->name,
2,211,rectangle_java2.jpg,rectangle_java2.jpg,1446769254,156,800.6166666666667,586.1374358974359,804.5,585,43,21,area,4,class->block->function->name,
2,211,rectangle_java2.jpg,rectangle_java2.jpg,1446845259,64,909.54875,584.78125,910.5,585,62,21,return,6,class->block->function->block->block_content->return,
2,211,rectangle_java2.jpg,rectangle_java2.jpg,1446945249,96,910.4866666666668,586.2779166666667,910.5,585,62,21,return,6,class->block->function->block->block_content->return,
2,211,rectangle_java2.jpg,rectangle_java2.jpg,1447257287,100,952.246,561.6456000000001,900.5,549,63,21,return,6,class->block->function->block->block_content->return,
2,211,rectangle_java2.jpg,rectangle_java2.jpg,1447353239,72,991.6955555555556,580.3533333333334,977.5,585,101,21,this.width,10,class->block->function->block->block_content->return->expr->call->name->name->operator->name,
2,211,rectangle_java2.jpg,rectangle_java2.jpg,1447421194,64,992.468125,580.795625,977.5,585,101,21,this.width,10,class->block->function->block->block_content->return->expr->call->name->name->operator->name,
2,211,rectangle_java2.jpg,rectangle_java2.jpg,1447569171,144,993.8947222222222,575.0052777777778,977.5,585,101,21,this.width,10,class->block->function->block->block_content->return->expr->call->name->name->operator->name,
2,211,rectangle_java2.jpg,rectangle_java2.jpg,1447685195,112,1010.0953571428572,579.1717857142858,977.5,585,101,21,this.width,10,class->block->function->block->block_content->return->expr->call->name->name->operator->name,
2,211,rectangle_java2.jpg,rectangle_java2.jpg,1447809187,120,1001.0056666666668,587.4673333333333,977.5,585,101,21,this.width,10,class->block->function->block->block_content->return->expr->call->name->name->operator->name,
2,211,rectangle_java2.jpg,rectangle_java2.jpg,1447901169,88,1014.7913636363636,591.5354545454545,977.5,585,101,21,this.width,10,class->block->function->block->block_content->return->expr->call->name->name->operator->name,
2,211,rectangle_java2.jpg,rectangle_java2.jpg,1448021155,116,1027.4182758620689,585.0010344827587,977.5,585,101,21,this.width,10,class->block->function->block->block_content->return->expr->call->name->name->operator->name,
2,211,rectangle_java2.jpg,rectangle_java2.jpg,1448225154,200,1021.5378,584.8456,977.5,585,101,21,this.width,10,class->block->function->block->block_content->return->expr->call->name->name->operator->name,
2,211,rectangle_java2.jpg,rectangle_java2.jpg,1448393059,164,1002.9868292682928,582.6273170731707,977.5,585,101,21,this.width,10,class->block->function->block->block_content->return->expr->call->name->name->operator->name,
2,211,rectangle_java2.jpg,rectangle_java2.jpg,1448516796,120,1002.9756666666668,566.5066666666667,968.5,549,70,21,this.y2,7,class->block->function->block->block_content->return->expr->name->name->operator->name,
2,211,rectangle_java2.jpg,rectangle_java2.jpg,1448576717,56,993.9178571428572,566.85,968.5,549,70,21,this.y2,7,class->block->function->block->block_content->return->expr->name->name->operator->name,
2,211,rectangle_java2.jpg,rectangle_java2.jpg,1448672833,76,915.9105263157896,578.5173684210527,910.5,585,62,21,return,6,class->block->function->block->block_content->return,
2,211,rectangle_java2.jpg,rectangle_java2.jpg,1448845131,168,912.9873809523808,586.34,910.5,585,62,21,return,6,class->block->function->block->block_content->return,
2,211,rectangle_java2.jpg,rectangle_java2.jpg,1448905146,56,908.3078571428572,565.9592857142857,900.5,549,63,21,return,6,class->block->function->block->block_content->return,
2,211,rectangle_java2.jpg,rectangle_java2.jpg,1449001101,92,907.2873913043478,547.4830434782609,900.5,549,63,21,return,6,class->block->function->block->block_content->return,
2,211,rectangle_java2.jpg,rectangle_java2.jpg,1449288792,240,970.123,528.8025,958.5,512,71,21,this.x2,7,class->block->function->block->block_content->return->expr->name->name->operator->name->operator,
2,211,rectangle_java2.jpg,rectangle_java2.jpg,1449408836,116,974.7413793103448,524.7424137931034,958.5,512,71,21,this.x2,7,class->block->function->block->block_content->return->expr->name->name->operator->name->operator,
2,211,rectangle_java2.jpg,rectangle_java2.jpg,1449628986,140,1007.5322857142858,568.0222857142858,968.5,549,70,21,this.y2,7,class->block->function->block->block_content->return->expr->name->name->operator->name,
2,211,rectangle_java2.jpg,rectangle_java2.jpg,1449809011,176,1094.4295454545454,565.0793181818182,1064.5,549,71,21,this.y1,7,class->block->function->block->block_content->return->expr->name->name->operator->name,
2,211,rectangle_java2.jpg,rectangle_java2.jpg,1449969011,156,1092.2284615384615,575.2548717948717,1086.5,585,10,21,(,1,class->block->function->block->block_content->return->expr->call->argument_list,
2,211,rectangle_java2.jpg,rectangle_java2.jpg,1449969011,156,1092.2284615384615,575.2548717948717,1103.5,585,9,21,),1,class->block->function->block->block_content->return->expr->call->argument_list,
2,211,rectangle_java2.jpg,rectangle_java2.jpg,1450065094,92,1128.0095652173914,579.6717391304347,1122.5,585,12,21,*,1,class->block->function->block->block_content->return->expr->operator,
2,211,rectangle_java2.jpg,rectangle_java2.jpg,1450065094,92,1128.0095652173914,579.6717391304347,1140.5,585,110,21,this.height,11,class->block->function->block->block_content->return->expr->call->name->name->operator->name,
2,211,rectangle_java2.jpg,rectangle_java2.jpg,1450173201,104,1131.2896153846154,577.765,1122.5,585,12,21,*,1,class->block->function->block->block_content->return->expr->operator,
2,211,rectangle_java2.jpg,rectangle_java2.jpg,1450173201,104,1131.2896153846154,577.765,1140.5,585,110,21,this.height,11,class->block->function->block->block_content->return->expr->call->name->name->operator->name,
2,211,rectangle_java2.jpg,rectangle_java2.jpg,1450301185,68,1127.2682352941176,587.6476470588235,1122.5,585,12,21,*,1,class->block->function->block->block_content->return->expr->operator,
2,211,rectangle_java2.jpg,rectangle_java2.jpg,1450373123,68,1117.8323529411764,556.7817647058823,1064.5,549,71,21,this.y1,7,class->block->function->block->block_content->return->expr->name->name->operator->name,
2,211,rectangle_java2.jpg,rectangle_java2.jpg,1450457039,80,1110.9525,548.432,1064.5,549,71,21,this.y1,7,class->block->function->block->block_content->return->expr->name->name->operator->name,
2,211,rectangle_java2.jpg,rectangle_java2.jpg,1450644997,108,701.3933333333333,625.4718518518519,669.5,621,63,21,public,6,class->block->function->type->specifier,
2,211,rectangle_java2.jpg,rectangle_java2.jpg,1450869139,220,698.7383636363636,628.07,669.5,621,63,21,public,6,class->block->function->type->specifier,
2,211,rectangle_java2.jpg,rectangle_java2.jpg,1451089315,180,769.8,623.0364444444444,738.5,621,61,21,static,6,class->block->function->type->specifier,
2,211,rectangle_java2.jpg,rectangle_java2.jpg,1451268761,132,716.0951515151515,622.969696969697,669.5,621,63,21,public,6,class->block->function->type->specifier,
2,211,rectangle_java2.jpg,rectangle_java2.jpg,1451400855,128,709.2971875,615.913125,669.5,621,63,21,public,6,class->block->function->type->specifier,
2,211,rectangle_java2.jpg,rectangle_java2.jpg,1451528911,124,695.1538709677419,618.8709677419355,669.5,621,63,21,public,6,class->block->function->type->specifier,
2,211,rectangle_java2.jpg,rectangle_java2.jpg,1451732914,164,758.0463414634146,624.9646341463415,738.5,621,61,21,static,6,class->block->function->type->specifier,
2,211,rectangle_java2.jpg,rectangle_java2.jpg,1451912883,176,776.9334090909091,627.8070454545455,738.5,621,61,21,static,6,class->block->function->type->specifier,
2,211,rectangle_java2.jpg,rectangle_java2.jpg,1452056873,104,750.4003846153846,624.0865384615385,738.5,621,61,21,static,6,class->block->function->type->specifier,
2,211,rectangle_java2.jpg,rectangle_java2.jpg,1452188856,128,748.0203125,627.674375,738.5,621,61,21,static,6,class->block->function->type->specifier,
2,211,rectangle_java2.jpg,rectangle_java2.jpg,1452304854,84,817.8819047619047,625.4204761904762,804.5,621,44,21,void,4,class->block->function->type->name,
2,211,rectangle_java2.jpg,rectangle_java2.jpg,1452456868,148,818.8789189189189,620.4902702702702,804.5,621,44,21,void,4,class->block->function->type->name,
2,211,rectangle_java2.jpg,rectangle_java2.jpg,1452648874,188,815.826170212766,619.6876595744681,804.5,621,44,21,void,4,class->block->function->type->name,
2,211,rectangle_java2.jpg,rectangle_java2.jpg,1452788901,136,820.5914705882353,621.8805882352941,804.5,621,44,21,void,4,class->block->function->type->name,
2,211,rectangle_java2.jpg,rectangle_java2.jpg,1452996937,176,884.4270454545455,620.0547727272727,851.5,621,44,21,main,4,class->block->function->name,
2,211,rectangle_java2.jpg,rectangle_java2.jpg,1453108889,108,943.844074074074,618.4662962962963,920.5,621,62,21,String,6,class->block->function->parameter_list->parameter->decl->type->name->name,
2,211,rectangle_java2.jpg,rectangle_java2.jpg,1453216771,104,943.9126923076924,619.9673076923077,920.5,621,62,21,String,6,class->block->function->parameter_list->parameter->decl->type->name->name,
2,211,rectangle_java2.jpg,rectangle_java2.jpg,1453368741,148,926.9956756756756,624.9894594594595,920.5,621,62,21,String,6,class->block->function->parameter_list->parameter->decl->type->name->name,
2,211,rectangle_java2.jpg,rectangle_java2.jpg,1453592705,188,834.4804255319149,629.0521276595745,804.5,621,44,21,void,4,class->block->function->type->name,
2,211,rectangle_java2.jpg,rectangle_java2.jpg,1453852751,212,761.7409433962264,624.85,738.5,621,61,21,static,6,class->block->function->type->specifier,
2,211,rectangle_java2.jpg,rectangle_java2.jpg,1454112739,196,690.6185714285714,613.1310204081633,669.5,621,63,21,public,6,class->block->function->type->specifier,
2,211,rectangle_java2.jpg,rectangle_java2.jpg,1454216797,100,768.444,608.9556,738.5,621,61,21,static,6,class->block->function->type->specifier,
2,211,rectangle_java2.jpg,rectangle_java2.jpg,1454316902,96,769.47625,610.3370833333333,738.5,621,61,21,static,6,class->block->function->type->specifier,
2,211,rectangle_java2.jpg,rectangle_java2.jpg,1454425040,104,774.1538461538462,605.7815384615385,737.5,585,62,21,double,6,class->block->function->type->name,
2,211,rectangle_java2.jpg,rectangle_java2.jpg,1454524964,96,776.9079166666667,627.27,738.5,621,61,21,static,6,class->block->function->type->specifier,
2,211,rectangle_java2.jpg,rectangle_java2.jpg,1454724755,152,879.9878947368421,611.0697368421053,851.5,621,44,21,main,4,class->block->function->name,
2,211,rectangle_java2.jpg,rectangle_java2.jpg,1454876719,132,962.3309090909092,603.1954545454546,910.5,585,62,21,return,6,class->block->function->block->block_content->return,
2,211,rectangle_java2.jpg,rectangle_java2.jpg,1454952608,72,965.5127777777776,596.7816666666666,910.5,585,62,21,return,6,class->block->function->block->block_content->return,
2,211,rectangle_java2.jpg,rectangle_java2.jpg,1454952608,72,965.5127777777776,596.7816666666666,977.5,585,101,21,this.width,10,class->block->function->block->block_content->return->expr->call->name->name->operator->name,
2,211,rectangle_java2.jpg,rectangle_java2.jpg,1455012504,56,1009.4607142857144,601.985,977.5,585,101,21,this.width,10,class->block->function->block->block_content->return->expr->call->name->name->operator->name,
2,211,rectangle_java2.jpg,rectangle_java2.jpg,1455172480,156,1020.894358974359,603.012564102564,977.5,585,101,21,this.width,10,class->block->function->block->block_content->return->expr->call->name->name->operator->name,
2,211,rectangle_java2.jpg,rectangle_java2.jpg,1455276544,80,919.902,616.134,920.5,621,62,21,String,6,class->block->function->parameter_list->parameter->decl->type->name->name,
2,211,rectangle_java2.jpg,rectangle_java2.jpg,1455412574,132,910.9578787878788,619.1463636363636,904.5,621,9,21,(,1,class->block->function->parameter_list,
2,211,rectangle_java2.jpg,rectangle_java2.jpg,1455412574,132,910.9578787878788,619.1463636363636,920.5,621,62,21,String,6,class->block->function->parameter_list->parameter->decl->type->name->name,
2,211,rectangle_java2.jpg,rectangle_java2.jpg,1455580568,132,978.3063636363636,624.6569696969697,920.5,621,62,21,String,6,class->block->function->parameter_list->parameter->decl->type->name->name,
2,211,rectangle_java2.jpg,rectangle_java2.jpg,1455580568,132,978.3063636363636,624.6569696969697,990.5,621,10,21,[,1,class->block->function->parameter_list->parameter->decl->type->name->index,
2,211,rectangle_java2.jpg,rectangle_java2.jpg,1455792564,168,1014.2366666666668,633.85,1007.5,621,10,21,],1,class->block->function->parameter_list->parameter->decl->type->name->index,
2,211,rectangle_java2.jpg,rectangle_java2.jpg,1455792564,168,1014.2366666666668,633.85,1025.5,621,42,21,args,4,class->block->function->parameter_list->parameter->decl->name,
2,211,rectangle_java2.jpg,rectangle_java2.jpg,1455988589,164,1055.4360975609757,617.9824390243903,1025.5,621,42,21,args,4,class->block->function->parameter_list->parameter->decl->name,
2,211,rectangle_java2.jpg,rectangle_java2.jpg,1456192625,88,1050.7513636363635,614.9127272727272,1025.5,621,42,21,args,4,class->block->function->parameter_list->parameter->decl->name,
2,211,rectangle_java2.jpg,rectangle_java2.jpg,1456312623,72,1175.2777777777778,602.6505555555556,1140.5,585,110,21,this.height,11,class->block->function->block->block_content->return->expr->call->name->name->operator->name,
2,211,rectangle_java2.jpg,rectangle_java2.jpg,1456620737,96,1221.0495833333334,600.8054166666667,1140.5,585,110,21,this.height,11,class->block->function->block->block_content->return->expr->call->name->name->operator->name,
2,211,rectangle_java2.jpg,rectangle_java2.jpg,1456960403,196,766.7542857142857,665.3293877551021,730.5,658,91,20,Rectangle,9,class->block->function->block->block_content->decl_stmt->decl->type->name,
2,211,rectangle_java2.jpg,rectangle_java2.jpg,1457388476,144,746.9033333333333,665.7438888888889,730.5,658,91,20,Rectangle,9,class->block->function->block->block_content->decl_stmt->decl->type->name,
2,211,rectangle_java2.jpg,rectangle_java2.jpg,1457652505,228,804.4068421052632,665.6640350877193,730.5,658,91,20,Rectangle,9,class->block->function->block->block_content->decl_stmt->decl->type->name,
2,211,rectangle_java2.jpg,rectangle_java2.jpg,1457900473,160,850.6605,647.83075,826.5,658,52,20,rect1,5,class->block->function->block->block_content->decl_stmt->decl->name,
2,211,rectangle_java2.jpg,rectangle_java2.jpg,1458076407,132,813.3518181818182,658.6681818181818,730.5,658,91,20,Rectangle,9,class->block->function->block->block_content->decl_stmt->decl->type->name,
2,211,rectangle_java2.jpg,rectangle_java2.jpg,1458244415,164,878.2541463414634,659.7946341463414,826.5,658,52,20,rect1,5,class->block->function->block->block_content->decl_stmt->decl->name,
2,211,rectangle_java2.jpg,rectangle_java2.jpg,1458244415,164,878.2541463414634,659.7946341463414,883.5,658,15,20,=,1,class->block->function->block->block_content->decl_stmt->decl->init,
2,211,rectangle_java2.jpg,rectangle_java2.jpg,1458372480,116,1002.7510344827588,656.3258620689655,941.5,658,91,20,Rectangle,9,class->block->function->block->block_content->decl_stmt->decl->init->expr->call->name,
2,211,rectangle_java2.jpg,rectangle_java2.jpg,1458436502,60,996.3086666666668,654.5853333333333,941.5,658,91,20,Rectangle,9,class->block->function->block->block_content->decl_stmt->decl->init->expr->call->name,
2,211,rectangle_java2.jpg,rectangle_java2.jpg,1458496511,56,1031.3821428571428,659.645,941.5,658,91,20,Rectangle,9,class->block->function->block->block_content->decl_stmt->decl->init->expr->call->name,
2,211,rectangle_java2.jpg,rectangle_java2.jpg,1458496511,56,1031.3821428571428,659.645,1041.5,658,9,20,(,1,class->block->function->block->block_content->decl_stmt->decl->init->expr->call->argument_list,
2,211,rectangle_java2.jpg,rectangle_java2.jpg,1458636507,136,1042.060588235294,652.1870588235295,1041.5,658,9,20,(,1,class->block->function->block->block_content->decl_stmt->decl->init->expr->call->argument_list,
2,211,rectangle_java2.jpg,rectangle_java2.jpg,1458760402,120,1030.140666666667,660.3746666666667,941.5,658,91,20,Rectangle,9,class->block->function->block->block_content->decl_stmt->decl->init->expr->call->name,
2,211,rectangle_java2.jpg,rectangle_java2.jpg,1458760402,120,1030.140666666667,660.3746666666667,1041.5,658,9,20,(,1,class->block->function->block->block_content->decl_stmt->decl->init->expr->call->argument_list,
2,211,rectangle_java2.jpg,rectangle_java2.jpg,1459056365,252,956.2496825396826,662.7028571428572,941.5,658,91,20,Rectangle,9,class->block->function->block->block_content->decl_stmt->decl->init->expr->call->name,
2,211,rectangle_java2.jpg,rectangle_java2.jpg,1459216380,156,1033.2423076923076,662.8833333333333,1041.5,658,9,20,(,1,class->block->function->block->block_content->decl_stmt->decl->init->expr->call->argument_list,
2,211,rectangle_java2.jpg,rectangle_java2.jpg,1459624340,188,754.4721276595744,699.7702127659575,730.5,694,177,21,System.out.println,18,class->block->function->block->block_content->expr_stmt->expr->call->name->name->operator->name->operator->name,
2,211,rectangle_java2.jpg,rectangle_java2.jpg,1459756355,128,756.0665625,694.6578125,730.5,694,177,21,System.out.println,18,class->block->function->block->block_content->expr_stmt->expr->call->name->name->operator->name->operator->name,
2,211,rectangle_java2.jpg,rectangle_java2.jpg,1459832351,72,831.6072222222222,692.55,730.5,694,177,21,System.out.println,18,class->block->function->block->block_content->expr_stmt->expr->call->name->name->operator->name->operator->name,
2,211,rectangle_java2.jpg,rectangle_java2.jpg,1459916342,80,843.0545,700.5525,730.5,694,177,21,System.out.println,18,class->block->function->block->block_content->expr_stmt->expr->call->name->name->operator->name->operator->name,
2,211,rectangle_java2.jpg,rectangle_java2.jpg,1460132312,212,840.3733962264151,697.1915094339622,730.5,694,177,21,System.out.println,18,class->block->function->block->block_content->expr_stmt->expr->call->name->name->operator->name->operator->name,
2,211,rectangle_java2.jpg,rectangle_java2.jpg,1460424312,228,918.6970175438596,693.3822807017543,916.5,694,9,21,(,1,class->block->function->block->block_content->expr_stmt->expr->call->argument_list,
2,211,rectangle_java2.jpg,rectangle_java2.jpg,1460488309,60,949.11,691.4866666666667,932.5,694,100,21,rect1.area,10,class->block->function->block->block_content->expr_stmt->expr->call->argument_list->argument->expr->call->name->name->operator->name,
2,211,rectangle_java2.jpg,rectangle_java2.jpg,1460596302,104,955.9196153846152,687.5453846153846,932.5,694,100,21,rect1.area,10,class->block->function->block->block_content->expr_stmt->expr->call->argument_list->argument->expr->call->name->name->operator->name,
2,211,rectangle_java2.jpg,rectangle_java2.jpg,1460740148,96,1007.5429166666668,688.5183333333333,932.5,694,100,21,rect1.area,10,class->block->function->block->block_content->expr_stmt->expr->call->argument_list->argument->expr->call->name->name->operator->name,
2,211,rectangle_java2.jpg,rectangle_java2.jpg,1460984135,136,1084.8329411764705,690.005294117647,1077.5,694,9,21,),1,class->block->function->block->block_content->expr_stmt->expr->call->argument_list,
2,211,rectangle_java2.jpg,rectangle_java2.jpg,1460984135,136,1084.8329411764705,690.005294117647,1096.5,694,10,21,;,1,class->block->function->block->block_content->expr_stmt,
2,211,rectangle_java2.jpg,rectangle_java2.jpg,1461552220,92,1016.1356521739132,700.6782608695652,932.5,694,100,21,rect1.area,10,class->block->function->block->block_content->expr_stmt->expr->call->argument_list->argument->expr->call->name->name->operator->name,
2,211,rectangle_java2.jpg,rectangle_java2.jpg,1461632213,76,1011.5389473684212,691.0994736842105,932.5,694,100,21,rect1.area,10,class->block->function->block->block_content->expr_stmt->expr->call->argument_list->argument->expr->call->name->name->operator->name,
2,211,rectangle_java2.jpg,rectangle_java2.jpg,1461780261,104,943.6630769230768,703.3342307692308,932.5,694,100,21,rect1.area,10,class->block->function->block->block_content->expr_stmt->expr->call->argument_list->argument->expr->call->name->name->operator->name,
2,211,rectangle_java2.jpg,rectangle_java2.jpg,1461936272,116,787.8741379310345,727.7168965517242,730.5,731,91,20,Rectangle,9,class->block->function->block->block_content->decl_stmt->decl->type->name,
2,211,rectangle_java2.jpg,rectangle_java2.jpg,1462036257,96,783.1804166666667,722.0879166666666,730.5,731,91,20,Rectangle,9,class->block->function->block->block_content->decl_stmt->decl->type->name,
2,211,rectangle_java2.jpg,rectangle_java2.jpg,1462132208,92,761.7543478260869,730.9391304347826,730.5,731,91,20,Rectangle,9,class->block->function->block->block_content->decl_stmt->decl->type->name,
2,211,rectangle_java2.jpg,rectangle_java2.jpg,1462300156,164,755.5217073170732,720.8239024390244,730.5,731,91,20,Rectangle,9,class->block->function->block->block_content->decl_stmt->decl->type->name,
2,211,rectangle_java2.jpg,rectangle_java2.jpg,1462452160,100,911.6904,728.9124,902.5,731,34,20,new,3,class->block->function->block->block_content->decl_stmt->decl->init->expr->operator,
2,211,rectangle_java2.jpg,rectangle_java2.jpg,1462583963,104,844.8038461538462,729.6011538461538,826.5,731,51,20,rect2,5,class->block->function->block->block_content->decl_stmt->decl->name,
2,211,rectangle_java2.jpg,rectangle_java2.jpg,1462659879,72,843.015,725.3888888888889,826.5,731,51,20,rect2,5,class->block->function->block->block_content->decl_stmt->decl->name,
2,211,rectangle_java2.jpg,rectangle_java2.jpg,1463020062,176,988.8813636363636,722.9020454545455,941.5,731,91,20,Rectangle,9,class->block->function->block->block_content->decl_stmt->decl->init->expr->call->name,
2,211,rectangle_java2.jpg,rectangle_java2.jpg,1463208092,184,989.1941304347828,728.6560869565217,941.5,731,91,20,Rectangle,9,class->block->function->block->block_content->decl_stmt->decl->init->expr->call->name,
2,211,rectangle_java2.jpg,rectangle_java2.jpg,1463324100,112,949.4317857142858,730.3171428571428,941.5,731,91,20,Rectangle,9,class->block->function->block->block_content->decl_stmt->decl->init->expr->call->name,
2,211,rectangle_java2.jpg,rectangle_java2.jpg,1463428091,100,945.4348,741.7552000000001,941.5,731,91,20,Rectangle,9,class->block->function->block->block_content->decl_stmt->decl->init->expr->call->name,
2,211,rectangle_java2.jpg,rectangle_java2.jpg,1463500087,60,1019.672,730.8353333333333,941.5,731,91,20,Rectangle,9,class->block->function->block->block_content->decl_stmt->decl->init->expr->call->name,
2,211,rectangle_java2.jpg,rectangle_java2.jpg,1463700078,196,1022.1281632653062,726.6908163265306,941.5,731,91,20,Rectangle,9,class->block->function->block->block_content->decl_stmt->decl->init->expr->call->name,
2,211,rectangle_java2.jpg,rectangle_java2.jpg,1463856044,108,755.3474074074074,758.6822222222222,730.5,766,177,21,System.out.println,18,class->block->function->block->block_content->expr_stmt->expr->call->name->name->operator->name->operator->name,
2,211,rectangle_java2.jpg,rectangle_java2.jpg,1463960039,100,759.4616,757.9024000000001,730.5,766,177,21,System.out.println,18,class->block->function->block->block_content->expr_stmt->expr->call->name->name->operator->name->operator->name,
2,211,rectangle_java2.jpg,rectangle_java2.jpg,1464136042,132,822.55,762.9236363636363,730.5,766,177,21,System.out.println,18,class->block->function->block->block_content->expr_stmt->expr->call->name->name->operator->name->operator->name,
2,211,rectangle_java2.jpg,rectangle_java2.jpg,1464296090,108,861.6459259259259,772.7211111111111,730.5,766,177,21,System.out.println,18,class->block->function->block->block_content->expr_stmt->expr->call->name->name->operator->name->operator->name,
2,211,rectangle_java2.jpg,rectangle_java2.jpg,1464588124,252,928.9263492063492,766.7538095238095,932.5,766,100,21,rect2.area,10,class->block->function->block->block_content->expr_stmt->expr->call->argument_list->argument->expr->call->name->name->operator->name,
2,211,rectangle_java2.jpg,rectangle_java2.jpg,1464807957,160,990.08925,768.93275,932.5,766,100,21,rect2.area,10,class->block->function->block->block_content->expr_stmt->expr->call->argument_list->argument->expr->call->name->name->operator->name,
2,211,rectangle_java2.jpg,rectangle_java2.jpg,1465003954,192,989.9052083333332,760.6839583333333,932.5,766,100,21,rect2.area,10,class->block->function->block->block_content->expr_stmt->expr->call->argument_list->argument->expr->call->name->name->operator->name,
2,211,rectangle_java2.jpg,rectangle_java2.jpg,1465063955,56,986.2057142857144,770.5257142857143,932.5,766,100,21,rect2.area,10,class->block->function->block->block_content->expr_stmt->expr->call->argument_list->argument->expr->call->name->name->operator->name,
2,211,rectangle_java2.jpg,rectangle_java2.jpg,1465203936,136,967.7441176470588,768.9314705882354,932.5,766,100,21,rect2.area,10,class->block->function->block->block_content->expr_stmt->expr->call->argument_list->argument->expr->call->name->name->operator->name,
2,211,rectangle_java2.jpg,rectangle_java2.jpg,1465299928,84,1064.3933333333334,770.9547619047619,1057.5,766,10,21,),1,class->block->function->block->block_content->expr_stmt->expr->call->argument_list->argument->expr->call->argument_list,
2,211,rectangle_java2.jpg,rectangle_java2.jpg,1465447932,144,1063.997777777778,769.9355555555555,1057.5,766,10,21,),1,class->block->function->block->block_content->expr_stmt->expr->call->argument_list->argument->expr->call->argument_list,
2,211,rectangle_java2.jpg,rectangle_java2.jpg,1465515945,64,1097.046875,769.17125,1096.5,766,10,21,;,1,class->block->function->block->block_content->expr_stmt,
2,211,rectangle_java2.jpg,rectangle_java2.jpg,1466139888,148,893.6183783783783,770.0118918918919,730.5,766,177,21,System.out.println,18,class->block->function->block->block_content->expr_stmt->expr->call->name->name->operator->name->operator->name,
2,211,rectangle_java2.jpg,rectangle_java2.jpg,1466203921,60,881.494,766.7333333333333,730.5,766,177,21,System.out.println,18,class->block->function->block->block_content->expr_stmt->expr->call->name->name->operator->name->operator->name,
2,211,rectangle_java2.jpg,rectangle_java2.jpg,1466263942,56,845.3478571428572,766.8657142857143,730.5,766,177,21,System.out.println,18,class->block->function->block->block_content->expr_stmt->expr->call->name->name->operator->name->operator->name,
2,211,rectangle_java2.jpg,rectangle_java2.jpg,1466471736,204,845.3390196078432,765.8770588235294,730.5,766,177,21,System.out.println,18,class->block->function->block->block_content->expr_stmt->expr->call->name->name->operator->name->operator->name,
2,211,rectangle_java2.jpg,rectangle_java2.jpg,1467919816,176,892.5211363636364,729.8734090909091,883.5,731,15,20,=,1,class->block->function->block->block_content->decl_stmt->decl->init,
2,211,rectangle_java2.jpg,rectangle_java2.jpg,1467919816,176,892.5211363636364,729.8734090909091,902.5,731,34,20,new,3,class->block->function->block->block_content->decl_stmt->decl->init->expr->operator,
2,211,rectangle_java2.jpg,rectangle_java2.jpg,1468003821,64,803.59625,734.24125,730.5,731,91,20,Rectangle,9,class->block->function->block->block_content->decl_stmt->decl->type->name,
2,211,rectangle_java2.jpg,rectangle_java2.jpg,1468119814,112,805.0867857142857,721.29,730.5,731,91,20,Rectangle,9,class->block->function->block->block_content->decl_stmt->decl->type->name,
2,211,rectangle_java2.jpg,rectangle_java2.jpg,1468215747,92,772.9434782608696,730.8304347826087,730.5,731,91,20,Rectangle,9,class->block->function->block->block_content->decl_stmt->decl->type->name,
2,211,rectangle_java2.jpg,rectangle_java2.jpg,1468327622,108,763.8955555555556,734.0088888888889,730.5,731,91,20,Rectangle,9,class->block->function->block->block_content->decl_stmt->decl->type->name,
2,211,rectangle_java2.jpg,rectangle_java2.jpg,1468439564,100,960.0828,730.058,941.5,731,91,20,Rectangle,9,class->block->function->block->block_content->decl_stmt->decl->init->expr->call->name,
2,211,rectangle_java2.jpg,rectangle_java2.jpg,1468563601,120,970.153,732.8776666666666,941.5,731,91,20,Rectangle,9,class->block->function->block->block_content->decl_stmt->decl->init->expr->call->name,
2,211,rectangle_java2.jpg,rectangle_java2.jpg,1468771683,196,1085.2271428571428,720.741224489796,1077.5,731,9,20,"""","""",1,class->block->function->block->block_content->decl_stmt->decl->init->expr->call->argument_list
2,211,rectangle_java2.jpg,rectangle_java2.jpg,1468771683,196,1085.2271428571428,720.741224489796,1095.5,731,13,20,5,1,class->block->function->block->block_content->decl_stmt->decl->init->expr->call->argument_list->argument->expr->literal,
2,211,rectangle_java2.jpg,rectangle_java2.jpg,1469127652,124,991.6290322580644,677.9616129032258,941.5,658,91,20,Rectangle,9,class->block->function->block->block_content->decl_stmt->decl->init->expr->call->name,
2,211,rectangle_java2.jpg,rectangle_java2.jpg,1469223669,92,987.8308695652174,688.6282608695652,932.5,694,100,21,rect1.area,10,class->block->function->block->block_content->expr_stmt->expr->call->argument_list->argument->expr->call->name->name->operator->name,
2,211,rectangle_java2.jpg,rectangle_java2.jpg,1469407689,180,844.4337777777778,687.9762222222222,730.5,694,177,21,System.out.println,18,class->block->function->block->block_content->expr_stmt->expr->call->name->name->operator->name->operator->name,
2,211,rectangle_java2.jpg,rectangle_java2.jpg,1469491692,80,783.389,684.2425,730.5,694,177,21,System.out.println,18,class->block->function->block->block_content->expr_stmt->expr->call->name->name->operator->name->operator->name,
2,211,rectangle_java2.jpg,rectangle_java2.jpg,1469771700,276,781.8827536231884,694.6326086956522,730.5,694,177,21,System.out.println,18,class->block->function->block->block_content->expr_stmt->expr->call->name->name->operator->name->operator->name,
2,211,rectangle_java2.jpg,rectangle_java2.jpg,1469883698,92,850.3304347826087,686.5378260869566,730.5,694,177,21,System.out.println,18,class->block->function->block->block_content->expr_stmt->expr->call->name->name->operator->name->operator->name,
2,211,rectangle_java2.jpg,rectangle_java2.jpg,1469979686,92,857.9973913043478,692.2530434782609,730.5,694,177,21,System.out.println,18,class->block->function->block->block_content->expr_stmt->expr->call->name->name->operator->name->operator->name,
2,211,rectangle_java2.jpg,rectangle_java2.jpg,1470051670,68,855.8164705882353,698.5141176470588,730.5,694,177,21,System.out.println,18,class->block->function->block->block_content->expr_stmt->expr->call->name->name->operator->name->operator->name,
2,211,rectangle_java2.jpg,rectangle_java2.jpg,1470111627,56,837.4471428571428,699.9171428571428,730.5,694,177,21,System.out.println,18,class->block->function->block->block_content->expr_stmt->expr->call->name->name->operator->name->operator->name,
2,211,rectangle_java2.jpg,rectangle_java2.jpg,1470283556,144,758.7444444444444,685.7752777777778,730.5,694,177,21,System.out.println,18,class->block->function->block->block_content->expr_stmt->expr->call->name->name->operator->name->operator->name,
2,211,rectangle_java2.jpg,rectangle_java2.jpg,1470343587,56,755.9292857142857,694.1078571428571,730.5,694,177,21,System.out.println,18,class->block->function->block->block_content->expr_stmt->expr->call->name->name->operator->name->operator->name,
2,211,rectangle_java2.jpg,rectangle_java2.jpg,1470423626,76,763.5573684210526,682.7342105263158,730.5,694,177,21,System.out.println,18,class->block->function->block->block_content->expr_stmt->expr->call->name->name->operator->name->operator->name,
2,211,rectangle_java2.jpg,rectangle_java2.jpg,1470547594,120,776.1800000000001,701.511,730.5,694,177,21,System.out.println,18,class->block->function->block->block_content->expr_stmt->expr->call->name->name->operator->name->operator->name,
2,211,rectangle_java2.jpg,rectangle_java2.jpg,1470699525,76,868.9421052631579,676.8410526315789,826.5,658,52,20,rect1,5,class->block->function->block->block_content->decl_stmt->decl->name,
2,211,rectangle_java2.jpg,rectangle_java2.jpg,1470803504,100,865.2104,692.7328,730.5,694,177,21,System.out.println,18,class->block->function->block->block_content->expr_stmt->expr->call->name->name->operator->name->operator->name,
2,211,rectangle_java2.jpg,rectangle_java2.jpg,1470867462,60,875.746,686.9793333333333,730.5,694,177,21,System.out.println,18,class->block->function->block->block_content->expr_stmt->expr->call->name->name->operator->name->operator->name,
2,211,rectangle_java2.jpg,rectangle_java2.jpg,1471055442,184,950.0510869565218,685.0334782608695,932.5,694,100,21,rect1.area,10,class->block->function->block->block_content->expr_stmt->expr->call->argument_list->argument->expr->call->name->name->operator->name,
2,211,rectangle_java2.jpg,rectangle_java2.jpg,1471115499,56,950.18,693.7542857142857,932.5,694,100,21,rect1.area,10,class->block->function->block->block_content->expr_stmt->expr->call->argument_list->argument->expr->call->name->name->operator->name,
2,211,rectangle_java2.jpg,rectangle_java2.jpg,1471215594,96,928.2395833333334,697.7541666666666,932.5,694,100,21,rect1.area,10,class->block->function->block->block_content->expr_stmt->expr->call->argument_list->argument->expr->call->name->name->operator->name,
2,211,rectangle_java2.jpg,rectangle_java2.jpg,1471287637,68,933.135294117647,682.4276470588235,932.5,694,100,21,rect1.area,10,class->block->function->block->block_content->expr_stmt->expr->call->argument_list->argument->expr->call->name->name->operator->name,
2,211,rectangle_java2.jpg,rectangle_java2.jpg,1471555616,232,980.7110344827586,704.5279310344828,932.5,694,100,21,rect1.area,10,class->block->function->block->block_content->expr_stmt->expr->call->argument_list->argument->expr->call->name->name->operator->name,
2,211,rectangle_java2.jpg,rectangle_java2.jpg,1471695574,96,1030.5808333333332,707.8629166666667,932.5,694,100,21,rect1.area,10,class->block->function->block->block_content->expr_stmt->expr->call->argument_list->argument->expr->call->name->name->operator->name,
2,211,rectangle_java2.jpg,rectangle_java2.jpg,1471695574,96,1030.5808333333332,707.8629166666667,1041.5,694,9,21,(,1,class->block->function->block->block_content->expr_stmt->expr->call->argument_list->argument->expr->call->argument_list,
2,211,rectangle_java2.jpg,rectangle_java2.jpg,1471811530,80,1086.5795,701.1745,1096.5,694,10,21,;,1,class->block->function->block->block_content->expr_stmt,
2,211,rectangle_java2.jpg,rectangle_java2.jpg,1471895530,80,1095.336,696.622,1096.5,694,10,21,;,1,class->block->function->block->block_content->expr_stmt,
2,211,rectangle_java2.jpg,rectangle_java2.jpg,1472387342,160,1057.78775,660.7575,1057.5,658,13,20,0,1,class->block->function->block->block_content->decl_stmt->decl->init->expr->call->argument_list->argument->expr->literal,
2,211,rectangle_java2.jpg,rectangle_java2.jpg,1472459351,68,1032.107058823529,661.7941176470588,941.5,658,91,20,Rectangle,9,class->block->function->block->block_content->decl_stmt->decl->init->expr->call->name,
2,211,rectangle_java2.jpg,rectangle_java2.jpg,1472459351,68,1032.107058823529,661.7941176470588,1041.5,658,9,20,(,1,class->block->function->block->block_content->decl_stmt->decl->init->expr->call->argument_list,
2,211,rectangle_java2.jpg,rectangle_java2.jpg,1472535371,72,1036.4455555555555,648.3933333333333,1041.5,658,9,20,(,1,class->block->function->block->block_content->decl_stmt->decl->init->expr->call->argument_list,
2,211,rectangle_java2.jpg,rectangle_java2.jpg,1472639398,92,910.8882608695652,651.3313043478261,902.5,658,34,20,new,3,class->block->function->block->block_content->decl_stmt->decl->init->expr->operator,
2,211,rectangle_java2.jpg,rectangle_java2.jpg,1472739400,96,909.95375,647.0279166666667,902.5,658,34,20,new,3,class->block->function->block->block_content->decl_stmt->decl->init->expr->operator,
2,211,rectangle_java2.jpg,rectangle_java2.jpg,1473019452,236,742.628813559322,646.8389830508474,730.5,658,91,20,Rectangle,9,class->block->function->block->block_content->decl_stmt->decl->type->name,
2,211,rectangle_java2.jpg,rectangle_java2.jpg,1473367537,80,738.8025,661.6659999999999,730.5,658,91,20,Rectangle,9,class->block->function->block->block_content->decl_stmt->decl->type->name,
2,211,rectangle_java2.jpg,rectangle_java2.jpg,1473447621,76,750.6857894736842,653.5236842105263,730.5,658,91,20,Rectangle,9,class->block->function->block->block_content->decl_stmt->decl->type->name,
2,211,rectangle_java2.jpg,rectangle_java2.jpg,1473639512,136,811.4144117647058,662.8273529411765,730.5,658,91,20,Rectangle,9,class->block->function->block->block_content->decl_stmt->decl->type->name,
2,211,rectangle_java2.jpg,rectangle_java2.jpg,1473735453,92,857.5830434782608,659.7178260869565,826.5,658,52,20,rect1,5,class->block->function->block->block_content->decl_stmt->decl->name,
2,211,rectangle_java2.jpg,rectangle_java2.jpg,1473835392,96,868.8779166666667,653.9208333333333,826.5,658,52,20,rect1,5,class->block->function->block->block_content->decl_stmt->decl->name,
2,211,rectangle_java2.jpg,rectangle_java2.jpg,1473983191,112,1012.5221428571429,590.2778571428571,977.5,585,101,21,this.width,10,class->block->function->block->block_content->return->expr->call->name->name->operator->name,
2,211,rectangle_java2.jpg,rectangle_java2.jpg,1474083093,60,971.0926666666668,579.362,910.5,585,62,21,return,6,class->block->function->block->block_content->return,
2,211,rectangle_java2.jpg,rectangle_java2.jpg,1474083093,60,971.0926666666668,579.362,977.5,585,101,21,this.width,10,class->block->function->block->block_content->return->expr->call->name->name->operator->name,
2,211,rectangle_java2.jpg,rectangle_java2.jpg,1474263226,176,964.7704545454544,573.3747727272727,910.5,585,62,21,return,6,class->block->function->block->block_content->return,
2,211,rectangle_java2.jpg,rectangle_java2.jpg,1474423262,92,1014.0921739130434,564.4421739130435,968.5,549,70,21,this.y2,7,class->block->function->block->block_content->return->expr->name->name->operator->name,
2,211,rectangle_java2.jpg,rectangle_java2.jpg,1474667239,184,1136.4269565217392,568.4247826086956,1142.5,549,10,21,;,1,class->block->function->block->block_content->return,
2,211,rectangle_java2.jpg,rectangle_java2.jpg,1474891304,128,1022.1625,548.81125,968.5,549,70,21,this.y2,7,class->block->function->block->block_content->return->expr->name->name->operator->name,
2,211,rectangle_java2.jpg,rectangle_java2.jpg,1474979278,84,1020.567619047619,546.582380952381,968.5,549,70,21,this.y2,7,class->block->function->block->block_content->return->expr->name->name->operator->name,
2,211,rectangle_java2.jpg,rectangle_java2.jpg,1475179267,156,937.977435897436,544.904358974359,900.5,549,63,21,return,6,class->block->function->block->block_content->return,
2,211,rectangle_java2.jpg,rectangle_java2.jpg,1475299274,116,941.7855172413794,529.9620689655172,891.5,512,62,21,return,6,class->block->function->block->block_content->return->expr->name->name,
2,211,rectangle_java2.jpg,rectangle_java2.jpg,1475791278,136,1026.295294117647,530.2732352941176,958.5,512,71,21,this.x2,7,class->block->function->block->block_content->return->expr->name->name->operator->name->operator,
2,211,rectangle_java2.jpg,rectangle_java2.jpg,1475791278,136,1026.295294117647,530.2732352941176,1035.5,512,13,21,-,1,class->block->function->block->block_content->return->expr->name->name,
2,211,rectangle_java2.jpg,rectangle_java2.jpg,1476071115,264,1099.6066666666666,530.8583333333333,1054.5,512,71,21,this.x1,7,class->block->function->block->block_content->return->expr->name->name->operator->name,
2,211,rectangle_java2.jpg,rectangle_java2.jpg,1476227122,152,1115.351052631579,541.817894736842,1064.5,549,71,21,this.y1,7,class->block->function->block->block_content->return->expr->name->name->operator->name,
2,211,rectangle_java2.jpg,rectangle_java2.jpg,1476335132,68,1080.0182352941176,526.6570588235294,1054.5,512,71,21,this.x1,7,class->block->function->block->block_content->return->expr->name->name->operator->name,
2,211,rectangle_java2.jpg,rectangle_java2.jpg,1476655171,92,978.9882608695652,542.2395652173913,968.5,549,70,21,this.y2,7,class->block->function->block->block_content->return->expr->name->name->operator->name,
2,211,rectangle_java2.jpg,rectangle_java2.jpg,1476755177,96,970.6120833333332,546.8720833333333,968.5,549,70,21,this.y2,7,class->block->function->block->block_content->return->expr->name->name->operator->name,
2,211,rectangle_java2.jpg,rectangle_java2.jpg,1476943225,108,902.8648148148148,541.2492592592592,900.5,549,63,21,return,6,class->block->function->block->block_content->return,
2,211,rectangle_java2.jpg,rectangle_java2.jpg,1477043190,60,769.99,541.3946666666667,737.5,549,33,21,int,3,class->block->function->type->name,
2,211,rectangle_java2.jpg,rectangle_java2.jpg,1477043190,60,769.99,541.3946666666667,775.5,549,62,21,height,6,class->block->function->name,
2,211,rectangle_java2.jpg,rectangle_java2.jpg,1477143172,96,770.50875,539.6254166666666,775.5,549,62,21,height,6,class->block->function->name,
2,211,rectangle_java2.jpg,rectangle_java2.jpg,1477547113,92,776.9686956521739,521.6217391304348,775.5,512,53,21,width,5,class->block->function->name,
2,211,rectangle_java2.jpg,rectangle_java2.jpg,1477675076,124,780.8377419354839,529.7351612903226,775.5,512,53,21,width,5,class->block->function->name,
2,211,rectangle_java2.jpg,rectangle_java2.jpg,1477834900,56,745.615,518.9335714285714,737.5,512,33,21,int,3,class->block->function->type->name,
2,211,rectangle_java2.jpg,rectangle_java2.jpg,1478079223,104,795.6253846153846,541.3407692307692,775.5,549,62,21,height,6,class->block->function->name,
2,211,rectangle_java2.jpg,rectangle_java2.jpg,1478191319,108,787.8614814814815,563.9925925925926,775.5,549,62,21,height,6,class->block->function->name,
2,211,rectangle_java2.jpg,rectangle_java2.jpg,1478415059,220,789.3985454545455,569.4514545454546,775.5,549,62,21,height,6,class->block->function->name,
2,211,rectangle_java2.jpg,rectangle_java2.jpg,1478487003,68,771.7388235294118,569.4082352941176,775.5,549,62,21,height,6,class->block->function->name,
2,211,rectangle_java2.jpg,rectangle_java2.jpg,1478546999,56,774.0621428571428,583.9307142857143,737.5,585,62,21,double,6,class->block->function->type->name,
2,211,rectangle_java2.jpg,rectangle_java2.jpg,1478790968,76,772.1436842105263,577.07,737.5,585,62,21,double,6,class->block->function->type->name,
2,211,rectangle_java2.jpg,rectangle_java2.jpg,1478926947,132,779.300909090909,586.099393939394,737.5,585,62,21,double,6,class->block->function->type->name,
2,211,rectangle_java2.jpg,rectangle_java2.jpg,1479030940,100,800.0168,588.9808,804.5,585,43,21,area,4,class->block->function->name,
2,211,rectangle_java2.jpg,rectangle_java2.jpg,1479310955,64,795.991875,564.489375,775.5,549,62,21,height,6,class->block->function->name,
2,211,rectangle_java2.jpg,rectangle_java2.jpg,1479535019,132,914.9584848484848,582.7815151515151,910.5,585,62,21,return,6,class->block->function->block->block_content->return,
2,211,rectangle_java2.jpg,rectangle_java2.jpg,1480034889,180,1021.3897777777778,573.1286666666666,977.5,585,101,21,this.width,10,class->block->function->block->block_content->return->expr->call->name->name->operator->name,
2,211,rectangle_java2.jpg,rectangle_java2.jpg,1480118890,80,1023.748,569.9215,968.5,549,70,21,this.y2,7,class->block->function->block->block_content->return->expr->name->name->operator->name,
2,211,rectangle_java2.jpg,rectangle_java2.jpg,1480214880,80,1103.951,564.6595,1064.5,549,71,21,this.y1,7,class->block->function->block->block_content->return->expr->name->name->operator->name,
2,211,rectangle_java2.jpg,rectangle_java2.jpg,1480346890,128,1099.5375,553.6956250000001,1064.5,549,71,21,this.y1,7,class->block->function->block->block_content->return->expr->name->name->operator->name,
2,211,rectangle_java2.jpg,rectangle_java2.jpg,1480518893,168,1125.2861904761903,564.427619047619,1064.5,549,71,21,this.y1,7,class->block->function->block->block_content->return->expr->name->name->operator->name,
2,211,rectangle_java2.jpg,rectangle_java2.jpg,1480762864,56,1021.1778571428572,582.0157142857144,977.5,585,101,21,this.width,10,class->block->function->block->block_content->return->expr->call->name->name->operator->name,
2,211,rectangle_java2.jpg,rectangle_java2.jpg,1480922854,156,1016.7533333333332,573.1476923076923,977.5,585,101,21,this.width,10,class->block->function->block->block_content->return->expr->call->name->name->operator->name,
2,211,rectangle_java2.jpg,rectangle_java2.jpg,1481074839,132,950.72,581.2360606060606,910.5,585,62,21,return,6,class->block->function->block->block_content->return,
2,211,rectangle_java2.jpg,rectangle_java2.jpg,1481462849,132,866.2318181818182,588.0312121212121,873.5,585,9,21,),1,class->block->function->parameter_list,
2,211,rectangle_java2.jpg,rectangle_java2.jpg,1481574797,88,806.5886363636364,582.8768181818182,804.5,585,43,21,area,4,class->block->function->name,
2,211,rectangle_java2.jpg,rectangle_java2.jpg,1481686793,108,798.3511111111111,577.3337037037037,737.5,585,62,21,double,6,class->block->function->type->name,
2,211,rectangle_java2.jpg,rectangle_java2.jpg,1481686793,108,798.3511111111111,577.3337037037037,804.5,585,43,21,area,4,class->block->function->name,
2,211,rectangle_java2.jpg,rectangle_java2.jpg,1481750862,60,786.9266666666666,561.1693333333333,775.5,549,62,21,height,6,class->block->function->name,
2,211,rectangle_java2.jpg,rectangle_java2.jpg,1481962862,208,792.1432692307692,545.1117307692308,775.5,549,62,21,height,6,class->block->function->name,
2,211,rectangle_java2.jpg,rectangle_java2.jpg,1482623156,220,811.6652727272727,391.7290909090909,806.5,404,15,19,=,1,class->block->constructor->block->block_content->expr_stmt->expr->operator,
