trial,participant,code_file,code_language,timestamp,duration,x_cord,y_cord,aoi_x,aoi_y,aoi_width,aoi_height,token,length,srcML,
2,45,rectangle_java2.jpg,rectangle_java2.jpg,536849485,124,754.4122580645161,234.91451612903225,715.5,222,90,21,Rectangle,9,class->name,
2,45,rectangle_java2.jpg,rectangle_java2.jpg,536949471,96,741.4570833333333,228.8670833333333,715.5,222,90,21,Rectangle,9,class->name,
2,45,rectangle_java2.jpg,rectangle_java2.jpg,537157487,204,732.4507843137255,228.28098039215683,715.5,222,90,21,Rectangle,9,class->name,
2,45,rectangle_java2.jpg,rectangle_java2.jpg,537353511,84,847.0580952380952,277.1514285714286,833.5,259,23,21,y1,2,class->block->decl_stmt->decl->name,
2,45,rectangle_java2.jpg,rectangle_java2.jpg,537481504,124,835.433870967742,269.163870967742,833.5,259,23,21,y1,2,class->block->decl_stmt->decl->name,
2,45,rectangle_java2.jpg,rectangle_java2.jpg,537761453,128,749.78625,234.311875,715.5,222,90,21,Rectangle,9,class->name,
2,45,rectangle_java2.jpg,rectangle_java2.jpg,537857445,92,738.4308695652173,227.4234782608696,715.5,222,90,21,Rectangle,9,class->name,
2,45,rectangle_java2.jpg,rectangle_java2.jpg,537945451,84,736.19,223.6071428571429,715.5,222,90,21,Rectangle,9,class->name,
2,45,rectangle_java2.jpg,rectangle_java2.jpg,538041465,92,748.2817391304347,232.14652173913043,715.5,222,90,21,Rectangle,9,class->name,
2,45,rectangle_java2.jpg,rectangle_java2.jpg,538189510,116,796.9103448275862,241.98,715.5,222,90,21,Rectangle,9,class->name,
2,45,rectangle_java2.jpg,rectangle_java2.jpg,538329308,68,805.1835294117647,241.73764705882357,715.5,222,90,21,Rectangle,9,class->name,
2,45,rectangle_java2.jpg,rectangle_java2.jpg,538329308,68,805.1835294117647,241.73764705882357,813.5,222,10,21,{,1,class->block,
2,45,rectangle_java2.jpg,rectangle_java2.jpg,538485194,116,925.6213793103448,257.2755172413793,929.5,259,23,21,y2,2,class->block->decl_stmt->decl->name,
2,45,rectangle_java2.jpg,rectangle_java2.jpg,538637343,148,928.7113513513514,257.7854054054054,929.5,259,23,21,y2,2,class->block->decl_stmt->decl->name,
2,45,rectangle_java2.jpg,rectangle_java2.jpg,539201321,60,718.69,246.75666666666663,669.5,259,72,21,private,7,class->block->decl_stmt->decl->type->specifier,
2,45,rectangle_java2.jpg,rectangle_java2.jpg,539377326,172,723.5974418604651,248.9120930232558,669.5,259,72,21,private,7,class->block->decl_stmt->decl->type->specifier,
2,45,rectangle_java2.jpg,rectangle_java2.jpg,539601306,124,796.6712903225806,239.7432258064516,715.5,222,90,21,Rectangle,9,class->name,
2,45,rectangle_java2.jpg,rectangle_java2.jpg,540517226,200,889.3902,258.27,881.5,259,23,21,x2,2,class->block->decl_stmt->decl->name,
2,45,rectangle_java2.jpg,rectangle_java2.jpg,540585245,64,893.73375,268.031875,881.5,259,23,21,x2,2,class->block->decl_stmt->decl->name,
2,45,rectangle_java2.jpg,rectangle_java2.jpg,540665259,76,888.9547368421053,261.3594736842105,881.5,259,23,21,x2,2,class->block->decl_stmt->decl->name,
2,45,rectangle_java2.jpg,rectangle_java2.jpg,540857233,160,941.674,257.32575,929.5,259,23,21,y2,2,class->block->decl_stmt->decl->name,
2,45,rectangle_java2.jpg,rectangle_java2.jpg,540917239,56,936.5457142857144,250.12142857142857,929.5,259,23,21,y2,2,class->block->decl_stmt->decl->name,
2,45,rectangle_java2.jpg,rectangle_java2.jpg,543920869,140,796.2654285714285,217.25171428571429,715.5,222,90,21,Rectangle,9,class->name,
2,45,rectangle_java2.jpg,rectangle_java2.jpg,544788943,148,791.3070270270271,264.5062162162162,785.5,259,23,21,x1,2,class->block->decl_stmt->decl->name,
2,45,rectangle_java2.jpg,rectangle_java2.jpg,544848947,56,803.9107142857142,266.82214285714286,785.5,259,23,21,x1,2,class->block->decl_stmt->decl->name,
2,45,rectangle_java2.jpg,rectangle_java2.jpg,544848947,56,803.9107142857142,266.82214285714286,815.5,259,10,21,"""","""",1,class->block->decl_stmt
2,45,rectangle_java2.jpg,rectangle_java2.jpg,545020982,128,826.064375,253.9509375,833.5,259,23,21,y1,2,class->block->decl_stmt->decl->name,
2,45,rectangle_java2.jpg,rectangle_java2.jpg,545208979,184,822.2793478260869,262.54521739130433,815.5,259,10,21,"""","""",1,class->block->decl_stmt
2,45,rectangle_java2.jpg,rectangle_java2.jpg,545208979,184,822.2793478260869,262.54521739130433,833.5,259,23,21,y1,2,class->block->decl_stmt->decl->name,
2,45,rectangle_java2.jpg,rectangle_java2.jpg,545416973,204,806.4960784313726,271.49686274509804,785.5,259,23,21,x1,2,class->block->decl_stmt->decl->name,
2,45,rectangle_java2.jpg,rectangle_java2.jpg,545416973,204,806.4960784313726,271.49686274509804,815.5,259,10,21,"""","""",1,class->block->decl_stmt
2,45,rectangle_java2.jpg,rectangle_java2.jpg,545836678,108,923.4574074074076,271.50333333333333,929.5,259,23,21,y2,2,class->block->decl_stmt->decl->name,
2,45,rectangle_java2.jpg,rectangle_java2.jpg,545968800,100,880.1312,266.4668,881.5,259,23,21,x2,2,class->block->decl_stmt->decl->name,
2,45,rectangle_java2.jpg,rectangle_java2.jpg,546496787,120,851.6056666666667,295.66266666666667,853.5,295,32,21,int,3,class->block->constructor->parameter_list->parameter->decl->type->name,
2,45,rectangle_java2.jpg,rectangle_java2.jpg,546600815,56,915.4757142857144,270.09714285714284,911.5,259,10,21,"""","""",1,class->block->decl_stmt
2,45,rectangle_java2.jpg,rectangle_java2.jpg,546756857,152,920.5213157894736,271.98026315789474,911.5,259,10,21,"""","""",1,class->block->decl_stmt
2,45,rectangle_java2.jpg,rectangle_java2.jpg,546756857,152,920.5213157894736,271.98026315789474,929.5,259,23,21,y2,2,class->block->decl_stmt->decl->name,
2,45,rectangle_java2.jpg,rectangle_java2.jpg,546908856,108,826.6966666666666,269.51814814814816,833.5,259,23,21,y1,2,class->block->decl_stmt->decl->name,
2,45,rectangle_java2.jpg,rectangle_java2.jpg,547012853,100,832.8212,278.1548,833.5,259,23,21,y1,2,class->block->decl_stmt->decl->name,
2,45,rectangle_java2.jpg,rectangle_java2.jpg,547156918,140,828.642,266.89514285714284,833.5,259,23,21,y1,2,class->block->decl_stmt->decl->name,
2,45,rectangle_java2.jpg,rectangle_java2.jpg,547384819,200,819.134,322.1248,806.5,331,15,19,=,1,class->block->constructor->block->block_content->expr_stmt->expr->operator,
2,45,rectangle_java2.jpg,rectangle_java2.jpg,547384819,200,819.134,322.1248,826.5,331,23,19,x1,2,class->block->constructor->block->block_content->expr_stmt->expr->name->name,
2,45,rectangle_java2.jpg,rectangle_java2.jpg,547464795,60,794.008,263.1573333333333,785.5,259,23,21,x1,2,class->block->decl_stmt->decl->name,
2,45,rectangle_java2.jpg,rectangle_java2.jpg,547532780,64,798.50375,267.08,785.5,259,23,21,x1,2,class->block->decl_stmt->decl->name,
2,45,rectangle_java2.jpg,rectangle_java2.jpg,548536765,112,829.8517857142857,376.14,826.5,367,23,21,y1,2,class->block->constructor->block->block_content->expr_stmt->expr->name->name,
2,45,rectangle_java2.jpg,rectangle_java2.jpg,548644777,80,812.2295,330.1645,806.5,331,15,19,=,1,class->block->constructor->block->block_content->expr_stmt->expr->operator,
2,45,rectangle_java2.jpg,rectangle_java2.jpg,548916758,216,826.7792592592592,315.7916666666667,737.5,295,91,21,Rectangle,9,class->block->constructor->name,
2,45,rectangle_java2.jpg,rectangle_java2.jpg,548916758,216,826.7792592592592,315.7916666666667,837.5,295,9,21,(,1,class->block->constructor->parameter_list,
2,45,rectangle_java2.jpg,rectangle_java2.jpg,549088756,148,880.915945945946,314.2562162162162,853.5,295,32,21,int,3,class->block->constructor->parameter_list->parameter->decl->type->name,
2,45,rectangle_java2.jpg,rectangle_java2.jpg,549088756,148,880.915945945946,314.2562162162162,890.5,295,24,21,x1,2,class->block->constructor->parameter_list->parameter->decl->type->name,
2,45,rectangle_java2.jpg,rectangle_java2.jpg,549204748,112,879.5507142857143,313.33178571428573,853.5,295,32,21,int,3,class->block->constructor->parameter_list->parameter->decl->type->name,
2,45,rectangle_java2.jpg,rectangle_java2.jpg,549204748,112,879.5507142857143,313.33178571428573,890.5,295,24,21,x1,2,class->block->constructor->parameter_list->parameter->decl->type->name,
2,45,rectangle_java2.jpg,rectangle_java2.jpg,550784662,80,834.2635,344.08,826.5,331,23,19,x1,2,class->block->constructor->block->block_content->expr_stmt->expr->name->name,
2,45,rectangle_java2.jpg,rectangle_java2.jpg,550852679,64,841.261875,348.04375,826.5,331,23,19,x1,2,class->block->constructor->block->block_content->expr_stmt->expr->name->name,
2,45,rectangle_java2.jpg,rectangle_java2.jpg,551464391,104,865.3726923076923,421.2753846153846,856.5,404,10,19,;,1,class->block->constructor->block->block_content->expr_stmt,
2,45,rectangle_java2.jpg,rectangle_java2.jpg,551656450,168,806.6921428571428,408.8416666666666,806.5,404,15,19,=,1,class->block->constructor->block->block_content->expr_stmt->expr->operator,
2,45,rectangle_java2.jpg,rectangle_java2.jpg,552136563,64,870.956875,261.865625,863.5,259,10,21,"""","""",1,class->block->decl_stmt
2,45,rectangle_java2.jpg,rectangle_java2.jpg,552136563,64,870.956875,261.865625,881.5,259,23,21,x2,2,class->block->decl_stmt->decl->name,
2,45,rectangle_java2.jpg,rectangle_java2.jpg,553836370,156,803.2435897435897,403.5241025641026,806.5,404,15,19,=,1,class->block->constructor->block->block_content->expr_stmt->expr->operator,
2,45,rectangle_java2.jpg,rectangle_java2.jpg,553916354,76,799.1431578947369,394.6231578947368,730.5,404,71,19,this.x2,7,class->block->constructor->block->block_content->expr_stmt->expr->name->name->operator->name,
2,45,rectangle_java2.jpg,rectangle_java2.jpg,553916354,76,799.1431578947369,394.6231578947368,806.5,404,15,19,=,1,class->block->constructor->block->block_content->expr_stmt->expr->operator,
2,45,rectangle_java2.jpg,rectangle_java2.jpg,555224259,132,847.0633333333334,380.0969696969697,826.5,367,23,21,y1,2,class->block->constructor->block->block_content->expr_stmt->expr->name->name,
2,45,rectangle_java2.jpg,rectangle_java2.jpg,555224259,132,847.0633333333334,380.0969696969697,856.5,367,10,21,;,1,class->block->constructor->block->block_content->expr_stmt,
2,45,rectangle_java2.jpg,rectangle_java2.jpg,555948246,132,828.140303030303,362.97515151515154,826.5,367,23,21,y1,2,class->block->constructor->block->block_content->expr_stmt->expr->name->name,
2,45,rectangle_java2.jpg,rectangle_java2.jpg,556188255,208,835.1951923076923,318.7786538461539,826.5,331,23,19,x1,2,class->block->constructor->block->block_content->expr_stmt->expr->name->name,
2,45,rectangle_java2.jpg,rectangle_java2.jpg,557092015,76,899.0968421052631,250.56315789473683,881.5,259,23,21,x2,2,class->block->decl_stmt->decl->name,
2,45,rectangle_java2.jpg,rectangle_java2.jpg,557092015,76,899.0968421052631,250.56315789473683,911.5,259,10,21,"""","""",1,class->block->decl_stmt
2,45,rectangle_java2.jpg,rectangle_java2.jpg,557340122,208,919.7888461538462,284.92788461538464,921.5,295,9,21,"""","""",1,class->block->constructor->parameter_list
2,45,rectangle_java2.jpg,rectangle_java2.jpg,557468086,124,923.4348387096774,300.04645161290324,921.5,295,9,21,"""","""",1,class->block->constructor->parameter_list
2,45,rectangle_java2.jpg,rectangle_java2.jpg,558100074,124,801.7116129032258,240.7193548387097,715.5,222,90,21,Rectangle,9,class->name,
2,45,rectangle_java2.jpg,rectangle_java2.jpg,558100074,124,801.7116129032258,240.7193548387097,813.5,222,10,21,{,1,class->block,
2,45,rectangle_java2.jpg,rectangle_java2.jpg,558292120,112,742.3985714285715,227.76964285714288,715.5,222,90,21,Rectangle,9,class->name,
2,45,rectangle_java2.jpg,rectangle_java2.jpg,558428192,132,745.5618181818182,216.72121212121212,715.5,222,90,21,Rectangle,9,class->name,
2,45,rectangle_java2.jpg,rectangle_java2.jpg,560039963,156,767.6994871794872,213.22589743589745,715.5,222,90,21,Rectangle,9,class->name,
2,45,rectangle_java2.jpg,rectangle_java2.jpg,560103965,60,760.7813333333334,209.9666666666667,715.5,222,90,21,Rectangle,9,class->name,
2,45,rectangle_java2.jpg,rectangle_java2.jpg,560391987,132,771.4769696969697,433.0515151515151,730.5,440,71,21,this.y2,7,class->block->constructor->block->block_content->expr_stmt->expr->name->name->operator->name,
2,45,rectangle_java2.jpg,rectangle_java2.jpg,561523811,92,983.7495652173914,509.64565217391305,958.5,512,71,21,this.x2,7,class->block->function->block->block_content->return->expr->name->name->operator->name->operator,
2,45,rectangle_java2.jpg,rectangle_java2.jpg,561639789,112,987.0067857142856,514.8067857142858,958.5,512,71,21,this.x2,7,class->block->function->block->block_content->return->expr->name->name->operator->name->operator,
2,45,rectangle_java2.jpg,rectangle_java2.jpg,561803804,72,1019.9938888888888,294.3933333333333,1025.5,295,33,21,int,3,class->block->constructor->parameter_list->parameter->decl->type->name,
2,45,rectangle_java2.jpg,rectangle_java2.jpg,562839738,80,987.699,509.9770000000001,958.5,512,71,21,this.x2,7,class->block->function->block->block_content->return->expr->name->name->operator->name->operator,
2,45,rectangle_java2.jpg,rectangle_java2.jpg,563043764,200,978.6082,518.5368,958.5,512,71,21,this.x2,7,class->block->function->block->block_content->return->expr->name->name->operator->name->operator,
2,45,rectangle_java2.jpg,rectangle_java2.jpg,563195736,72,858.4627777777778,557.8333333333334,863.5,549,9,21,),1,class->block->function->parameter_list,
2,45,rectangle_java2.jpg,rectangle_java2.jpg,563283719,84,860.9819047619047,549.7385714285714,863.5,549,9,21,),1,class->block->function->parameter_list,
2,45,rectangle_java2.jpg,rectangle_java2.jpg,563419714,80,917.115,541.8455,900.5,549,63,21,return,6,class->block->function->block->block_content->return,
2,45,rectangle_java2.jpg,rectangle_java2.jpg,563571758,68,801.52,541.3005882352941,775.5,549,62,21,height,6,class->block->function->name,
2,45,rectangle_java2.jpg,rectangle_java2.jpg,563727769,152,806.2128947368421,525.8402631578947,775.5,512,53,21,width,5,class->block->function->name,
2,45,rectangle_java2.jpg,rectangle_java2.jpg,564519579,76,914.8668421052632,501.0636842105264,891.5,512,62,21,return,6,class->block->function->block->block_content->return->expr->name->name,
2,45,rectangle_java2.jpg,rectangle_java2.jpg,564659642,68,917.1852941176472,506.87882352941176,891.5,512,62,21,return,6,class->block->function->block->block_content->return->expr->name->name,
2,45,rectangle_java2.jpg,rectangle_java2.jpg,565087597,184,748.36,504.2015217391304,737.5,512,33,21,int,3,class->block->function->type->name,
2,45,rectangle_java2.jpg,rectangle_java2.jpg,565207594,116,753.4789655172414,510.9603448275861,737.5,512,33,21,int,3,class->block->function->type->name,
2,45,rectangle_java2.jpg,rectangle_java2.jpg,565367603,156,749.9641025641025,513.5674358974359,737.5,512,33,21,int,3,class->block->function->type->name,
2,45,rectangle_java2.jpg,rectangle_java2.jpg,565531620,92,825.4621739130434,511.9917391304348,775.5,512,53,21,width,5,class->block->function->name,
2,45,rectangle_java2.jpg,rectangle_java2.jpg,565531620,92,825.4621739130434,511.9917391304348,837.5,512,9,21,(,1,class->block->function->parameter_list,
2,45,rectangle_java2.jpg,rectangle_java2.jpg,565979650,68,980.5247058823528,502.8358823529411,958.5,512,71,21,this.x2,7,class->block->function->block->block_content->return->expr->name->name->operator->name->operator,
2,45,rectangle_java2.jpg,rectangle_java2.jpg,566043635,60,989.0113333333334,509.01133333333337,958.5,512,71,21,this.x2,7,class->block->function->block->block_content->return->expr->name->name->operator->name->operator,
2,45,rectangle_java2.jpg,rectangle_java2.jpg,566255498,208,999.646346153846,519.0307692307692,958.5,512,71,21,this.x2,7,class->block->function->block->block_content->return->expr->name->name->operator->name->operator,
2,45,rectangle_java2.jpg,rectangle_java2.jpg,566479495,136,782.4858823529412,552.82,775.5,549,62,21,height,6,class->block->function->name,
2,45,rectangle_java2.jpg,rectangle_java2.jpg,566735482,156,870.6235897435897,543.4974358974359,863.5,549,9,21,),1,class->block->function->parameter_list,
2,45,rectangle_java2.jpg,rectangle_java2.jpg,566831491,68,937.3482352941176,544.2058823529412,900.5,549,63,21,return,6,class->block->function->block->block_content->return,
2,45,rectangle_java2.jpg,rectangle_java2.jpg,566967531,132,937.2269696969696,554.709090909091,900.5,549,63,21,return,6,class->block->function->block->block_content->return,
2,45,rectangle_java2.jpg,rectangle_java2.jpg,567079522,108,934.4051851851852,557.4992592592592,900.5,549,63,21,return,6,class->block->function->block->block_content->return,
2,45,rectangle_java2.jpg,rectangle_java2.jpg,567207487,124,935.918064516129,555.908064516129,900.5,549,63,21,return,6,class->block->function->block->block_content->return,
2,45,rectangle_java2.jpg,rectangle_java2.jpg,567279477,68,940.3317647058824,552.9617647058824,900.5,549,63,21,return,6,class->block->function->block->block_content->return,
2,45,rectangle_java2.jpg,rectangle_java2.jpg,567363472,80,940.91,553.8135,900.5,549,63,21,return,6,class->block->function->block->block_content->return,
2,45,rectangle_java2.jpg,rectangle_java2.jpg,567475519,108,927.1214814814816,544.687037037037,900.5,549,63,21,return,6,class->block->function->block->block_content->return,
2,45,rectangle_java2.jpg,rectangle_java2.jpg,567559563,80,936.0265,545.7725,900.5,549,63,21,return,6,class->block->function->block->block_content->return,
2,45,rectangle_java2.jpg,rectangle_java2.jpg,568055436,76,1049.9194736842103,562.0121052631579,1045.5,549,13,21,-,1,class->block->function->block->block_content->return->expr->operator,
2,45,rectangle_java2.jpg,rectangle_java2.jpg,568183360,124,1046.798387096774,564.0358064516129,1045.5,549,13,21,-,1,class->block->function->block->block_content->return->expr->operator,
2,45,rectangle_java2.jpg,rectangle_java2.jpg,568515365,288,931.9948611111112,568.8456944444445,900.5,549,63,21,return,6,class->block->function->block->block_content->return,
2,45,rectangle_java2.jpg,rectangle_java2.jpg,568743358,148,797.5154054054054,504.9256756756756,775.5,512,53,21,width,5,class->block->function->name,
2,45,rectangle_java2.jpg,rectangle_java2.jpg,570159245,60,797.2806666666667,213.70866666666663,715.5,222,90,21,Rectangle,9,class->name,
2,45,rectangle_java2.jpg,rectangle_java2.jpg,570347251,136,956.195,302.4676470588236,939.5,295,33,21,int,3,class->block->constructor->parameter_list->parameter->decl->type->name,
2,45,rectangle_java2.jpg,rectangle_java2.jpg,570439254,88,954.3640909090908,313.87,939.5,295,33,21,int,3,class->block->constructor->parameter_list->parameter->decl->type->name,
2,45,rectangle_java2.jpg,rectangle_java2.jpg,573071054,112,782.7571428571429,585.3082142857143,737.5,585,62,21,double,6,class->block->function->type->name,
2,45,rectangle_java2.jpg,rectangle_java2.jpg,573191085,116,795.3955172413794,586.2155172413793,737.5,585,62,21,double,6,class->block->function->type->name,
2,45,rectangle_java2.jpg,rectangle_java2.jpg,573191085,116,795.3955172413794,586.2155172413793,804.5,585,43,21,area,4,class->block->function->name,
2,45,rectangle_java2.jpg,rectangle_java2.jpg,573355101,140,841.34,569.5277142857143,846.5,549,10,21,(,1,class->block->function->parameter_list,
2,45,rectangle_java2.jpg,rectangle_java2.jpg,573622868,204,907.388431372549,543.9417647058824,900.5,549,63,21,return,6,class->block->function->block->block_content->return,
2,45,rectangle_java2.jpg,rectangle_java2.jpg,573818903,164,957.3217073170732,537.9285365853658,900.5,549,63,21,return,6,class->block->function->block->block_content->return,
2,45,rectangle_java2.jpg,rectangle_java2.jpg,573818903,164,957.3217073170732,537.9285365853658,968.5,549,70,21,this.y2,7,class->block->function->block->block_content->return->expr->name->name->operator->name,
2,45,rectangle_java2.jpg,rectangle_java2.jpg,574278993,252,1068.4139682539685,527.32,1054.5,512,71,21,this.x1,7,class->block->function->block->block_content->return->expr->name->name->operator->name,
2,45,rectangle_java2.jpg,rectangle_java2.jpg,575986883,204,1241.6035294117646,597.6786274509803,1140.5,585,110,21,this.height,11,class->block->function->block->block_content->return->expr->call->name->name->operator->name,
2,45,rectangle_java2.jpg,rectangle_java2.jpg,576094900,104,1245.680769230769,580.8734615384616,1140.5,585,110,21,this.height,11,class->block->function->block->block_content->return->expr->call->name->name->operator->name,
2,45,rectangle_java2.jpg,rectangle_java2.jpg,576434869,116,1287.566551724138,577.3910344827586,1295.5,585,10,21,;,1,class->block->function->block->block_content->return,
2,45,rectangle_java2.jpg,rectangle_java2.jpg,576630875,132,952.9242424242424,596.64,910.5,585,62,21,return,6,class->block->function->block->block_content->return,
2,45,rectangle_java2.jpg,rectangle_java2.jpg,576938872,252,866.5631746031746,598.3319047619048,873.5,585,9,21,),1,class->block->function->parameter_list,
2,45,rectangle_java2.jpg,rectangle_java2.jpg,577118882,140,1053.9551428571428,605.8742857142857,977.5,585,101,21,this.width,10,class->block->function->block->block_content->return->expr->call->name->name->operator->name,
2,45,rectangle_java2.jpg,rectangle_java2.jpg,577286742,116,1099.6462068965518,597.6393103448275,1103.5,585,9,21,),1,class->block->function->block->block_content->return->expr->call->argument_list,
2,45,rectangle_java2.jpg,rectangle_java2.jpg,577366621,76,1095.1936842105265,594.8947368421052,1086.5,585,10,21,(,1,class->block->function->block->block_content->return->expr->call->argument_list,
2,45,rectangle_java2.jpg,rectangle_java2.jpg,577366621,76,1095.1936842105265,594.8947368421052,1103.5,585,9,21,),1,class->block->function->block->block_content->return->expr->call->argument_list,
2,45,rectangle_java2.jpg,rectangle_java2.jpg,577514662,108,1061.502962962963,612.0707407407407,1025.5,621,42,21,args,4,class->block->function->parameter_list->parameter->decl->name,
2,45,rectangle_java2.jpg,rectangle_java2.jpg,577634758,116,1064.3051724137931,603.6820689655173,977.5,585,101,21,this.width,10,class->block->function->block->block_content->return->expr->call->name->name->operator->name,
2,45,rectangle_java2.jpg,rectangle_java2.jpg,577770761,60,1118.2073333333333,593.8566666666667,1122.5,585,12,21,*,1,class->block->function->block->block_content->return->expr->operator,
2,45,rectangle_java2.jpg,rectangle_java2.jpg,577850750,76,1107.5442105263155,605.5173684210527,1103.5,585,9,21,),1,class->block->function->block->block_content->return->expr->call->argument_list,
2,45,rectangle_java2.jpg,rectangle_java2.jpg,578146659,248,1064.7148387096777,612.4432258064517,1025.5,621,42,21,args,4,class->block->function->parameter_list->parameter->decl->name,
2,45,rectangle_java2.jpg,rectangle_java2.jpg,578146659,248,1064.7148387096777,612.4432258064517,1074.5,621,10,21,),1,class->block->function->parameter_list,
2,45,rectangle_java2.jpg,rectangle_java2.jpg,578566745,104,1092.1042307692308,623.2438461538461,1094.5,621,10,21,{,1,class->block->function->block,
2,45,rectangle_java2.jpg,rectangle_java2.jpg,578738737,128,865.3390625,598.3971875,856.5,585,9,21,(,1,class->block->function->parameter_list,
2,45,rectangle_java2.jpg,rectangle_java2.jpg,578738737,128,865.3390625,598.3971875,873.5,585,9,21,),1,class->block->function->parameter_list,
2,45,rectangle_java2.jpg,rectangle_java2.jpg,578798733,56,868.935,598.9714285714285,873.5,585,9,21,),1,class->block->function->parameter_list,
2,45,rectangle_java2.jpg,rectangle_java2.jpg,579162626,180,950.6066666666668,600.6284444444444,910.5,585,62,21,return,6,class->block->function->block->block_content->return,
2,45,rectangle_java2.jpg,rectangle_java2.jpg,579486630,256,839.2621875,548.15234375,846.5,549,10,21,(,1,class->block->function->parameter_list,
2,45,rectangle_java2.jpg,rectangle_java2.jpg,579582637,92,844.9804347826087,550.0830434782608,846.5,549,10,21,(,1,class->block->function->parameter_list,
2,45,rectangle_java2.jpg,rectangle_java2.jpg,579774623,168,906.74,538.5033333333333,900.5,549,63,21,return,6,class->block->function->block->block_content->return,
2,45,rectangle_java2.jpg,rectangle_java2.jpg,579842611,64,904.415,531.63625,891.5,512,62,21,return,6,class->block->function->block->block_content->return->expr->name->name,
2,45,rectangle_java2.jpg,rectangle_java2.jpg,580346658,128,881.5771875,539.4465625,883.5,549,10,21,{,1,class->block->function->block,
2,45,rectangle_java2.jpg,rectangle_java2.jpg,580590670,148,786.2908108108109,530.5908108108108,775.5,512,53,21,width,5,class->block->function->name,
2,45,rectangle_java2.jpg,rectangle_java2.jpg,580794649,140,896.7742857142857,559.2048571428571,900.5,549,63,21,return,6,class->block->function->block->block_content->return,
2,45,rectangle_java2.jpg,rectangle_java2.jpg,580994389,88,993.965,547.9640909090909,968.5,549,70,21,this.y2,7,class->block->function->block->block_content->return->expr->name->name->operator->name,
2,45,rectangle_java2.jpg,rectangle_java2.jpg,581102372,104,989.3653846153846,560.6126923076923,968.5,549,70,21,this.y2,7,class->block->function->block->block_content->return->expr->name->name->operator->name,
2,45,rectangle_java2.jpg,rectangle_java2.jpg,581222481,96,1061.9058333333332,563.6975,1064.5,549,71,21,this.y1,7,class->block->function->block->block_content->return->expr->name->name->operator->name,
2,45,rectangle_java2.jpg,rectangle_java2.jpg,581330486,104,1065.9103846153846,563.3111538461538,1064.5,549,71,21,this.y1,7,class->block->function->block->block_content->return->expr->name->name->operator->name,
2,45,rectangle_java2.jpg,rectangle_java2.jpg,581998479,64,1170.62375,580.386875,1140.5,585,110,21,this.height,11,class->block->function->block->block_content->return->expr->call->name->name->operator->name,
2,45,rectangle_java2.jpg,rectangle_java2.jpg,582138511,136,1164.4376470588236,559.545,1161.5,549,10,21,},1,class->block->function->block,
2,45,rectangle_java2.jpg,rectangle_java2.jpg,583058382,92,897.7265217391305,576.465652173913,893.5,585,10,21,{,1,class->block->function->block,
2,45,rectangle_java2.jpg,rectangle_java2.jpg,583158430,96,906.56,588.79125,910.5,585,62,21,return,6,class->block->function->block->block_content->return,
2,45,rectangle_java2.jpg,rectangle_java2.jpg,583390453,204,856.9072549019608,597.0441176470588,856.5,585,9,21,(,1,class->block->function->parameter_list,
2,45,rectangle_java2.jpg,rectangle_java2.jpg,583482431,88,857.8440909090909,593.6795454545454,856.5,585,9,21,(,1,class->block->function->parameter_list,
2,45,rectangle_java2.jpg,rectangle_java2.jpg,583858408,292,935.0057534246577,588.0705479452055,910.5,585,62,21,return,6,class->block->function->block->block_content->return,
2,45,rectangle_java2.jpg,rectangle_java2.jpg,583970405,56,1097.5707142857143,583.9192857142857,1103.5,585,9,21,),1,class->block->function->block->block_content->return->expr->call->argument_list,
2,45,rectangle_java2.jpg,rectangle_java2.jpg,584118390,144,1096.331111111111,598.3683333333333,1086.5,585,10,21,(,1,class->block->function->block->block_content->return->expr->call->argument_list,
2,45,rectangle_java2.jpg,rectangle_java2.jpg,584118390,144,1096.331111111111,598.3683333333333,1103.5,585,9,21,),1,class->block->function->block->block_content->return->expr->call->argument_list,
2,45,rectangle_java2.jpg,rectangle_java2.jpg,584190390,68,1069.0770588235291,600.4858823529412,977.5,585,101,21,this.width,10,class->block->function->block->block_content->return->expr->call->name->name->operator->name,
2,45,rectangle_java2.jpg,rectangle_java2.jpg,584542279,56,1089.1064285714283,590.8828571428571,1086.5,585,10,21,(,1,class->block->function->block->block_content->return->expr->call->argument_list,
2,45,rectangle_java2.jpg,rectangle_java2.jpg,584790267,212,1061.6464150943395,593.7316981132076,977.5,585,101,21,this.width,10,class->block->function->block->block_content->return->expr->call->name->name->operator->name,
2,45,rectangle_java2.jpg,rectangle_java2.jpg,584874264,60,1117.726,601.44,1122.5,585,12,21,*,1,class->block->function->block->block_content->return->expr->operator,
2,45,rectangle_java2.jpg,rectangle_java2.jpg,585206199,328,1122.8978048780489,604.4668292682927,1122.5,585,12,21,*,1,class->block->function->block->block_content->return->expr->operator,
2,45,rectangle_java2.jpg,rectangle_java2.jpg,585594241,232,1066.731379310345,609.4224137931035,1025.5,621,42,21,args,4,class->block->function->parameter_list->parameter->decl->name,
2,45,rectangle_java2.jpg,rectangle_java2.jpg,585594241,232,1066.731379310345,609.4224137931035,1074.5,621,10,21,),1,class->block->function->parameter_list,
2,45,rectangle_java2.jpg,rectangle_java2.jpg,585946298,224,1074.545357142857,610.5616071428572,1074.5,621,10,21,),1,class->block->function->parameter_list,
2,45,rectangle_java2.jpg,rectangle_java2.jpg,586074288,124,1060.187741935484,605.1664516129032,977.5,585,101,21,this.width,10,class->block->function->block->block_content->return->expr->call->name->name->operator->name,
2,45,rectangle_java2.jpg,rectangle_java2.jpg,586278310,200,1052.101,613.4186,1025.5,621,42,21,args,4,class->block->function->parameter_list->parameter->decl->name,
2,45,rectangle_java2.jpg,rectangle_java2.jpg,586494234,212,1059.322641509434,613.218679245283,1025.5,621,42,21,args,4,class->block->function->parameter_list->parameter->decl->name,
2,45,rectangle_java2.jpg,rectangle_java2.jpg,587106153,56,893.0264285714286,553.5242857142857,883.5,549,10,21,{,1,class->block->function->block,
2,45,rectangle_java2.jpg,rectangle_java2.jpg,587106153,56,893.0264285714286,553.5242857142857,900.5,549,63,21,return,6,class->block->function->block->block_content->return,
2,45,rectangle_java2.jpg,rectangle_java2.jpg,587170168,60,899.8646666666666,532.6366666666667,891.5,512,62,21,return,6,class->block->function->block->block_content->return->expr->name->name,
2,45,rectangle_java2.jpg,rectangle_java2.jpg,587682186,92,919.9,539.6686956521739,900.5,549,63,21,return,6,class->block->function->block->block_content->return,
2,45,rectangle_java2.jpg,rectangle_java2.jpg,588110134,112,890.5528571428572,528.9692857142857,891.5,512,62,21,return,6,class->block->function->block->block_content->return->expr->name->name,
2,45,rectangle_java2.jpg,rectangle_java2.jpg,588238191,124,888.1596774193548,522.9129032258064,891.5,512,62,21,return,6,class->block->function->block->block_content->return->expr->name->name,
2,45,rectangle_java2.jpg,rectangle_java2.jpg,589246059,132,873.5236363636363,529.7554545454545,874.5,512,10,21,{,1,class->block->function->block,
2,45,rectangle_java2.jpg,rectangle_java2.jpg,589658045,408,873.2076470588236,519.1551960784313,874.5,512,10,21,{,1,class->block->function->block,
2,45,rectangle_java2.jpg,rectangle_java2.jpg,589753997,92,879.4065217391304,521.1439130434783,874.5,512,10,21,{,1,class->block->function->block,
2,45,rectangle_java2.jpg,rectangle_java2.jpg,589753997,92,879.4065217391304,521.1439130434783,891.5,512,62,21,return,6,class->block->function->block->block_content->return->expr->name->name,
2,45,rectangle_java2.jpg,rectangle_java2.jpg,590077966,120,827.037,504.44833333333327,775.5,512,53,21,width,5,class->block->function->name,
2,45,rectangle_java2.jpg,rectangle_java2.jpg,590077966,120,827.037,504.44833333333327,837.5,512,9,21,(,1,class->block->function->parameter_list,
2,45,rectangle_java2.jpg,rectangle_java2.jpg,590261948,180,818.8497777777777,505.322,775.5,512,53,21,width,5,class->block->function->name,
2,45,rectangle_java2.jpg,rectangle_java2.jpg,591226052,108,842.1388888888889,528.0251851851851,837.5,512,9,21,(,1,class->block->function->parameter_list,
2,45,rectangle_java2.jpg,rectangle_java2.jpg,591226052,108,842.1388888888889,528.0251851851851,854.5,512,9,21,),1,class->block->function->parameter_list,
2,45,rectangle_java2.jpg,rectangle_java2.jpg,591417958,188,824.8302127659574,540.8544680851064,775.5,549,62,21,height,6,class->block->function->name,
2,45,rectangle_java2.jpg,rectangle_java2.jpg,592133801,712,819.8414606741574,530.216404494382,775.5,512,53,21,width,5,class->block->function->name,
2,45,rectangle_java2.jpg,rectangle_java2.jpg,592613784,476,825.2271428571429,542.8608403361344,775.5,549,62,21,height,6,class->block->function->name,
2,45,rectangle_java2.jpg,rectangle_java2.jpg,593025749,408,835.0611764705882,553.3221568627451,775.5,549,62,21,height,6,class->block->function->name,
2,45,rectangle_java2.jpg,rectangle_java2.jpg,593025749,408,835.0611764705882,553.3221568627451,846.5,549,10,21,(,1,class->block->function->parameter_list,
2,45,rectangle_java2.jpg,rectangle_java2.jpg,593205752,176,839.9184090909091,550.9593181818182,846.5,549,10,21,(,1,class->block->function->parameter_list,
2,45,rectangle_java2.jpg,rectangle_java2.jpg,593281752,72,864.56,542.1155555555556,863.5,549,9,21,),1,class->block->function->parameter_list,
2,45,rectangle_java2.jpg,rectangle_java2.jpg,593405790,120,871.102,542.88,863.5,549,9,21,),1,class->block->function->parameter_list,
2,45,rectangle_java2.jpg,rectangle_java2.jpg,593405790,120,871.102,542.88,883.5,549,10,21,{,1,class->block->function->block,
2,45,rectangle_java2.jpg,rectangle_java2.jpg,593533816,124,894.1664516129032,557.388064516129,900.5,549,63,21,return,6,class->block->function->block->block_content->return,
2,45,rectangle_java2.jpg,rectangle_java2.jpg,593609794,72,900.6588888888889,560.6816666666666,900.5,549,63,21,return,6,class->block->function->block->block_content->return,
2,45,rectangle_java2.jpg,rectangle_java2.jpg,593729769,84,950.437619047619,557.8952380952381,900.5,549,63,21,return,6,class->block->function->block->block_content->return,
2,45,rectangle_java2.jpg,rectangle_java2.jpg,594129477,64,869.0475,565.528125,863.5,549,9,21,),1,class->block->function->parameter_list,
2,45,rectangle_java2.jpg,rectangle_java2.jpg,594209503,76,884.0468421052632,560.3526315789474,883.5,549,10,21,{,1,class->block->function->block,
2,45,rectangle_java2.jpg,rectangle_java2.jpg,594281549,68,887.4464705882353,548.6647058823529,883.5,549,10,21,{,1,class->block->function->block,
2,45,rectangle_java2.jpg,rectangle_java2.jpg,594669595,352,834.0242045454545,562.3365909090909,775.5,549,62,21,height,6,class->block->function->name,
2,45,rectangle_java2.jpg,rectangle_java2.jpg,594669595,352,834.0242045454545,562.3365909090909,846.5,549,10,21,(,1,class->block->function->parameter_list,
2,45,rectangle_java2.jpg,rectangle_java2.jpg,594753586,80,838.9014999999999,564.703,846.5,549,10,21,(,1,class->block->function->parameter_list,
2,45,rectangle_java2.jpg,rectangle_java2.jpg,594817618,60,870.318,561.59,863.5,549,9,21,),1,class->block->function->parameter_list,
2,45,rectangle_java2.jpg,rectangle_java2.jpg,595033736,212,869.3601886792453,559.9520754716981,863.5,549,9,21,),1,class->block->function->parameter_list,
2,45,rectangle_java2.jpg,rectangle_java2.jpg,595469681,364,935.424945054945,565.6441758241758,900.5,549,63,21,return,6,class->block->function->block->block_content->return,
2,45,rectangle_java2.jpg,rectangle_java2.jpg,595593721,72,842.5027777777777,544.0566666666666,846.5,549,10,21,(,1,class->block->function->parameter_list,
2,45,rectangle_java2.jpg,rectangle_java2.jpg,595669693,72,845.1205555555556,540.9422222222222,846.5,549,10,21,(,1,class->block->function->parameter_list,
2,45,rectangle_java2.jpg,rectangle_java2.jpg,595925428,188,777.5334042553192,508.736170212766,775.5,512,53,21,width,5,class->block->function->name,
2,45,rectangle_java2.jpg,rectangle_java2.jpg,596181480,208,816.7384615384615,560.3815384615384,775.5,549,62,21,height,6,class->block->function->name,
2,45,rectangle_java2.jpg,rectangle_java2.jpg,596781565,564,867.5031914893617,552.4558865248227,863.5,549,9,21,),1,class->block->function->parameter_list,
2,45,rectangle_java2.jpg,rectangle_java2.jpg,596965578,180,833.646,556.6304444444445,775.5,549,62,21,height,6,class->block->function->name,
2,45,rectangle_java2.jpg,rectangle_java2.jpg,597173548,204,834.9394117647059,552.7770588235294,775.5,549,62,21,height,6,class->block->function->name,
2,45,rectangle_java2.jpg,rectangle_java2.jpg,597173548,204,834.9394117647059,552.7770588235294,846.5,549,10,21,(,1,class->block->function->parameter_list,
2,45,rectangle_java2.jpg,rectangle_java2.jpg,597473536,272,774.765294117647,562.2055882352942,775.5,549,62,21,height,6,class->block->function->name,
2,45,rectangle_java2.jpg,rectangle_java2.jpg,597701348,164,847.5948780487805,561.6341463414634,846.5,549,10,21,(,1,class->block->function->parameter_list,
2,45,rectangle_java2.jpg,rectangle_java2.jpg,597857222,136,941.7964705882353,560.8529411764706,900.5,549,63,21,return,6,class->block->function->block->block_content->return,
2,45,rectangle_java2.jpg,rectangle_java2.jpg,597965298,104,938.4565384615383,554.5207692307692,900.5,549,63,21,return,6,class->block->function->block->block_content->return,
2,45,rectangle_java2.jpg,rectangle_java2.jpg,598069375,88,1016.0795454545456,552.1477272727273,968.5,549,70,21,this.y2,7,class->block->function->block->block_content->return->expr->name->name->operator->name,
2,45,rectangle_java2.jpg,rectangle_java2.jpg,598193430,120,1021.0896666666666,546.472,968.5,549,70,21,this.y2,7,class->block->function->block->block_content->return->expr->name->name->operator->name,
2,45,rectangle_java2.jpg,rectangle_java2.jpg,598557442,324,1068.279259259259,540.4262962962963,1064.5,549,71,21,this.y1,7,class->block->function->block->block_content->return->expr->name->name->operator->name,
2,45,rectangle_java2.jpg,rectangle_java2.jpg,598789392,228,1049.4354385964912,542.1601754385965,1045.5,549,13,21,-,1,class->block->function->block->block_content->return->expr->operator,
2,45,rectangle_java2.jpg,rectangle_java2.jpg,598897386,60,917.558,528.9013333333334,891.5,512,62,21,return,6,class->block->function->block->block_content->return->expr->name->name,
2,45,rectangle_java2.jpg,rectangle_java2.jpg,599797274,260,1075.793846153846,544.2004615384616,1064.5,549,71,21,this.y1,7,class->block->function->block->block_content->return->expr->name->name->operator->name,
2,45,rectangle_java2.jpg,rectangle_java2.jpg,599949337,148,1072.1608108108107,542.5432432432433,1064.5,549,71,21,this.y1,7,class->block->function->block->block_content->return->expr->name->name->operator->name,
2,45,rectangle_java2.jpg,rectangle_java2.jpg,600717303,240,984.6393333333332,503.61416666666673,958.5,512,71,21,this.x2,7,class->block->function->block->block_content->return->expr->name->name->operator->name->operator,
2,45,rectangle_java2.jpg,rectangle_java2.jpg,601113285,240,1102.5986666666668,530.2286666666666,1054.5,512,71,21,this.x1,7,class->block->function->block->block_content->return->expr->name->name->operator->name,
2,45,rectangle_java2.jpg,rectangle_java2.jpg,601697107,92,1151.2382608695652,530.0478260869565,1152.5,512,10,21,},1,class->block,
2,45,rectangle_java2.jpg,rectangle_java2.jpg,603009180,160,866.55975,501.33125,874.5,512,10,21,{,1,class->block->function->block,
2,45,rectangle_java2.jpg,rectangle_java2.jpg,603248984,160,779.314,460.06025,730.5,440,71,21,this.y2,7,class->block->constructor->block->block_content->expr_stmt->expr->name->name->operator->name,
2,45,rectangle_java2.jpg,rectangle_java2.jpg,603925023,72,906.9761111111112,556.945,900.5,549,63,21,return,6,class->block->function->block->block_content->return,
2,45,rectangle_java2.jpg,rectangle_java2.jpg,604133010,160,892.648,526.141,891.5,512,62,21,return,6,class->block->function->block->block_content->return->expr->name->name,
2,45,rectangle_java2.jpg,rectangle_java2.jpg,604308996,120,864.998,527.5323333333333,874.5,512,10,21,{,1,class->block->function->block,
2,45,rectangle_java2.jpg,rectangle_java2.jpg,604413010,84,937.6919047619048,532.7204761904762,891.5,512,62,21,return,6,class->block->function->block->block_content->return->expr->name->name,
2,45,rectangle_java2.jpg,rectangle_java2.jpg,604645049,228,934.892105263158,532.1577192982456,891.5,512,62,21,return,6,class->block->function->block->block_content->return->expr->name->name,
2,45,rectangle_java2.jpg,rectangle_java2.jpg,606056903,212,1147.5750943396226,517.6749056603774,1152.5,512,10,21,},1,class->block,
2,45,rectangle_java2.jpg,rectangle_java2.jpg,606240884,140,935.3585714285714,568.178,900.5,549,63,21,return,6,class->block->function->block->block_content->return,
2,45,rectangle_java2.jpg,rectangle_java2.jpg,606408882,140,870.076,560.3468571428572,863.5,549,9,21,),1,class->block->function->parameter_list,
2,45,rectangle_java2.jpg,rectangle_java2.jpg,606500876,88,862.025,566.3981818181818,863.5,549,9,21,),1,class->block->function->parameter_list,
2,45,rectangle_java2.jpg,rectangle_java2.jpg,606568873,64,825.531875,567.193125,775.5,549,62,21,height,6,class->block->function->name,
2,45,rectangle_java2.jpg,rectangle_java2.jpg,606760907,188,823.0502127659574,561.1331914893617,775.5,549,62,21,height,6,class->block->function->name,
2,45,rectangle_java2.jpg,rectangle_java2.jpg,606860913,68,1099.209411764706,564.2094117647059,1064.5,549,71,21,this.y1,7,class->block->function->block->block_content->return->expr->name->name->operator->name,
2,45,rectangle_java2.jpg,rectangle_java2.jpg,607016812,152,1099.006842105263,573.0173684210527,1103.5,585,9,21,),1,class->block->function->block->block_content->return->expr->call->argument_list,
2,45,rectangle_java2.jpg,rectangle_java2.jpg,607096799,76,1072.6347368421052,573.0036842105263,977.5,585,101,21,this.width,10,class->block->function->block->block_content->return->expr->call->name->name->operator->name,
2,45,rectangle_java2.jpg,rectangle_java2.jpg,607216797,116,1064.7548275862068,574.6906896551724,977.5,585,101,21,this.width,10,class->block->function->block->block_content->return->expr->call->name->name->operator->name,
2,45,rectangle_java2.jpg,rectangle_java2.jpg,607572816,296,1126.9293243243244,573.5806756756757,1122.5,585,12,21,*,1,class->block->function->block->block_content->return->expr->operator,
2,45,rectangle_java2.jpg,rectangle_java2.jpg,607784773,132,820.2912121212121,560.879696969697,775.5,549,62,21,height,6,class->block->function->name,
2,45,rectangle_java2.jpg,rectangle_java2.jpg,608056791,244,785.1995081967214,537.8888524590164,775.5,549,62,21,height,6,class->block->function->name,
2,45,rectangle_java2.jpg,rectangle_java2.jpg,608172786,96,790.1779166666666,598.0608333333333,737.5,585,62,21,double,6,class->block->function->type->name,
2,45,rectangle_java2.jpg,rectangle_java2.jpg,608376814,200,791.4046,595.2334,737.5,585,62,21,double,6,class->block->function->type->name,
2,45,rectangle_java2.jpg,rectangle_java2.jpg,608616808,144,755.3727777777777,447.3755555555556,730.5,440,71,21,this.y2,7,class->block->constructor->block->block_content->expr_stmt->expr->name->name->operator->name,
2,45,rectangle_java2.jpg,rectangle_java2.jpg,609704619,68,950.7317647058824,590.5635294117646,910.5,585,62,21,return,6,class->block->function->block->block_content->return,
2,45,rectangle_java2.jpg,rectangle_java2.jpg,610184699,188,1109.8040425531915,575.6191489361702,1103.5,585,9,21,),1,class->block->function->block->block_content->return->expr->call->argument_list,
2,45,rectangle_java2.jpg,rectangle_java2.jpg,610492736,264,1071.209393939394,580.6351515151515,977.5,585,101,21,this.width,10,class->block->function->block->block_content->return->expr->call->name->name->operator->name,
2,45,rectangle_java2.jpg,rectangle_java2.jpg,610612709,92,1118.478695652174,580.8304347826087,1122.5,585,12,21,*,1,class->block->function->block->block_content->return->expr->operator,
2,45,rectangle_java2.jpg,rectangle_java2.jpg,610832357,216,1122.4051851851852,573.5114814814815,1122.5,585,12,21,*,1,class->block->function->block->block_content->return->expr->operator,
2,45,rectangle_java2.jpg,rectangle_java2.jpg,610932418,60,842.8473333333333,618.6146666666667,804.5,621,44,21,void,4,class->block->function->type->name,
2,45,rectangle_java2.jpg,rectangle_java2.jpg,610932418,60,842.8473333333333,618.6146666666667,851.5,621,44,21,main,4,class->block->function->name,
2,45,rectangle_java2.jpg,rectangle_java2.jpg,611032527,96,850.7983333333333,613.6554166666667,851.5,621,44,21,main,4,class->block->function->name,
2,45,rectangle_java2.jpg,rectangle_java2.jpg,611100572,64,852.319375,623.2075,851.5,621,44,21,main,4,class->block->function->name,
2,45,rectangle_java2.jpg,rectangle_java2.jpg,611324659,220,864.296,649.0372727272727,826.5,658,52,20,rect1,5,class->block->function->block->block_content->decl_stmt->decl->name,
2,45,rectangle_java2.jpg,rectangle_java2.jpg,611476560,124,920.6758064516127,649.8106451612903,902.5,658,34,20,new,3,class->block->function->block->block_content->decl_stmt->decl->init->expr->operator,
2,45,rectangle_java2.jpg,rectangle_java2.jpg,611696529,164,797.8675609756098,617.4158536585365,738.5,621,61,21,static,6,class->block->function->type->specifier,
2,45,rectangle_java2.jpg,rectangle_java2.jpg,611696529,164,797.8675609756098,617.4158536585365,804.5,621,44,21,void,4,class->block->function->type->name,
2,45,rectangle_java2.jpg,rectangle_java2.jpg,611968579,196,1100.679387755102,646.2791836734693,1095.5,658,13,20,0,1,class->block->function->block->block_content->decl_stmt->decl->init->expr->call->argument_list->argument->expr->literal,
2,45,rectangle_java2.jpg,rectangle_java2.jpg,612132566,160,1078.24,645.73725,1077.5,658,9,20,"""","""",1,class->block->function->block->block_content->decl_stmt->decl->init->expr->call->argument_list
2,45,rectangle_java2.jpg,rectangle_java2.jpg,613304366,224,1125.4855357142858,652.2933928571429,1115.5,658,10,20,"""","""",1,class->block->function->block->block_content->decl_stmt->decl->init->expr->call->argument_list
2,45,rectangle_java2.jpg,rectangle_java2.jpg,613304366,224,1125.4855357142858,652.2933928571429,1134.5,658,22,20,10,2,class->block->function->block->block_content->decl_stmt->decl->init->expr->call->argument_list->argument->expr->literal,
2,45,rectangle_java2.jpg,rectangle_java2.jpg,613756475,188,1123.9382978723404,573.8842553191489,1122.5,585,12,21,*,1,class->block->function->block->block_content->return->expr->operator,
2,45,rectangle_java2.jpg,rectangle_java2.jpg,613952443,132,939.8818181818182,579.8630303030303,910.5,585,62,21,return,6,class->block->function->block->block_content->return,
2,45,rectangle_java2.jpg,rectangle_java2.jpg,614324412,320,795.652375,635.159875,738.5,621,61,21,static,6,class->block->function->type->specifier,
2,45,rectangle_java2.jpg,rectangle_java2.jpg,614324412,320,795.652375,635.159875,804.5,621,44,21,void,4,class->block->function->type->name,
2,45,rectangle_java2.jpg,rectangle_java2.jpg,614900275,116,795.2220689655172,708.9758620689655,730.5,694,177,21,System.out.println,18,class->block->function->block->block_content->expr_stmt->expr->call->name->name->operator->name->operator->name,
2,45,rectangle_java2.jpg,rectangle_java2.jpg,614960296,56,800.9264285714286,735.6942857142857,730.5,731,91,20,Rectangle,9,class->block->function->block->block_content->decl_stmt->decl->type->name,
2,45,rectangle_java2.jpg,rectangle_java2.jpg,615124304,160,802.56375,737.48275,730.5,731,91,20,Rectangle,9,class->block->function->block->block_content->decl_stmt->decl->type->name,
2,45,rectangle_java2.jpg,rectangle_java2.jpg,615244302,56,895.545,578.735,893.5,585,10,21,{,1,class->block->function->block,
2,45,rectangle_java2.jpg,rectangle_java2.jpg,615704269,156,1198.3861538461538,649.6510256410256,1182.5,658,22,20,10,2,class->block->function->block->block_content->decl_stmt->decl->init->expr->call->argument_list->argument->expr->literal,
2,45,rectangle_java2.jpg,rectangle_java2.jpg,616232191,272,973.0842647058824,645.7223529411765,941.5,658,91,20,Rectangle,9,class->block->function->block->block_content->decl_stmt->decl->init->expr->call->name,
2,45,rectangle_java2.jpg,rectangle_java2.jpg,617072224,192,861.029375,677.1952083333333,826.5,658,52,20,rect1,5,class->block->function->block->block_content->decl_stmt->decl->name,
2,45,rectangle_java2.jpg,rectangle_java2.jpg,617288125,176,818.7343181818181,743.6093181818181,730.5,731,91,20,Rectangle,9,class->block->function->block->block_content->decl_stmt->decl->type->name,
2,45,rectangle_java2.jpg,rectangle_java2.jpg,617288125,176,818.7343181818181,743.6093181818181,826.5,731,51,20,rect2,5,class->block->function->block->block_content->decl_stmt->decl->name,
2,45,rectangle_java2.jpg,rectangle_java2.jpg,617428103,136,800.1217647058824,742.55,730.5,731,91,20,Rectangle,9,class->block->function->block->block_content->decl_stmt->decl->type->name,
2,45,rectangle_java2.jpg,rectangle_java2.jpg,617732228,260,913.8824615384616,736.9743076923077,902.5,731,34,20,new,3,class->block->function->block->block_content->decl_stmt->decl->init->expr->operator,
2,45,rectangle_java2.jpg,rectangle_java2.jpg,617912193,120,864.5016666666667,738.1683333333333,826.5,731,51,20,rect2,5,class->block->function->block->block_content->decl_stmt->decl->name,
2,45,rectangle_java2.jpg,rectangle_java2.jpg,617992142,76,856.5357894736842,745.008947368421,826.5,731,51,20,rect2,5,class->block->function->block->block_content->decl_stmt->decl->name,
2,45,rectangle_java2.jpg,rectangle_java2.jpg,618287871,60,903.816,724.1800000000001,902.5,731,34,20,new,3,class->block->function->block->block_content->decl_stmt->decl->init->expr->operator,
2,45,rectangle_java2.jpg,rectangle_java2.jpg,618403988,112,900.4882142857143,712.6921428571428,730.5,694,177,21,System.out.println,18,class->block->function->block->block_content->expr_stmt->expr->call->name->name->operator->name->operator->name,
2,45,rectangle_java2.jpg,rectangle_java2.jpg,618600053,172,944.1093023255814,741.1453488372093,941.5,731,91,20,Rectangle,9,class->block->function->block->block_content->decl_stmt->decl->init->expr->call->name,
2,45,rectangle_java2.jpg,rectangle_java2.jpg,619000082,352,877.0005681818182,730.9035227272727,826.5,731,51,20,rect2,5,class->block->function->block->block_content->decl_stmt->decl->name,
2,45,rectangle_java2.jpg,rectangle_java2.jpg,619000082,352,877.0005681818182,730.9035227272727,883.5,731,15,20,=,1,class->block->function->block->block_content->decl_stmt->decl->init,
2,45,rectangle_java2.jpg,rectangle_java2.jpg,619108067,104,881.3973076923077,727.4273076923076,883.5,731,15,20,=,1,class->block->function->block->block_content->decl_stmt->decl->init,
2,45,rectangle_java2.jpg,rectangle_java2.jpg,619284049,152,950.2907894736842,733.296052631579,941.5,731,91,20,Rectangle,9,class->block->function->block->block_content->decl_stmt->decl->init->expr->call->name,
2,45,rectangle_java2.jpg,rectangle_java2.jpg,619427960,140,947.55,741.264,941.5,731,91,20,Rectangle,9,class->block->function->block->block_content->decl_stmt->decl->init->expr->call->name,
2,45,rectangle_java2.jpg,rectangle_java2.jpg,619547989,116,919.7496551724138,744.5637931034482,902.5,731,34,20,new,3,class->block->function->block->block_content->decl_stmt->decl->init->expr->operator,
2,45,rectangle_java2.jpg,rectangle_java2.jpg,619903842,84,976.6995238095238,766.797619047619,932.5,766,100,21,rect2.area,10,class->block->function->block->block_content->expr_stmt->expr->call->argument_list->argument->expr->call->name->name->operator->name,
2,45,rectangle_java2.jpg,rectangle_java2.jpg,620043659,68,811.1282352941176,757.6823529411764,730.5,766,177,21,System.out.println,18,class->block->function->block->block_content->expr_stmt->expr->call->name->name->operator->name->operator->name,
2,45,rectangle_java2.jpg,rectangle_java2.jpg,620207996,160,809.71475,746.69075,730.5,731,91,20,Rectangle,9,class->block->function->block->block_content->decl_stmt->decl->type->name,
2,45,rectangle_java2.jpg,rectangle_java2.jpg,620324019,100,896.7904,754.4584,730.5,766,177,21,System.out.println,18,class->block->function->block->block_content->expr_stmt->expr->call->name->name->operator->name->operator->name,
2,45,rectangle_java2.jpg,rectangle_java2.jpg,620423961,96,887.0145833333333,759.6720833333334,730.5,766,177,21,System.out.println,18,class->block->function->block->block_content->expr_stmt->expr->call->name->name->operator->name->operator->name,
2,45,rectangle_java2.jpg,rectangle_java2.jpg,620763929,308,947.6988311688312,750.6268831168832,941.5,731,91,20,Rectangle,9,class->block->function->block->block_content->decl_stmt->decl->init->expr->call->name,
2,45,rectangle_java2.jpg,rectangle_java2.jpg,621155865,164,774.920243902439,510.9575609756098,775.5,512,53,21,width,5,class->block->function->name,
2,45,rectangle_java2.jpg,rectangle_java2.jpg,621287876,88,730.2377272727273,502.245,669.5,512,63,21,public,6,class->block->function->type->specifier,
2,45,rectangle_java2.jpg,rectangle_java2.jpg,621287876,88,730.2377272727273,502.245,737.5,512,33,21,int,3,class->block->function->type->name,
2,45,rectangle_java2.jpg,rectangle_java2.jpg,621387927,72,1000.1311111111112,501.365,958.5,512,71,21,this.x2,7,class->block->function->block->block_content->return->expr->name->name->operator->name->operator,
2,45,rectangle_java2.jpg,rectangle_java2.jpg,621547946,156,991.6971794871796,501.2641025641026,958.5,512,71,21,this.x2,7,class->block->function->block->block_content->return->expr->name->name->operator->name->operator,
2,45,rectangle_java2.jpg,rectangle_java2.jpg,621784148,164,962.7380487804878,746.4012195121951,941.5,731,91,20,Rectangle,9,class->block->function->block->block_content->decl_stmt->decl->init->expr->call->name,
2,45,rectangle_java2.jpg,rectangle_java2.jpg,622003941,192,891.7729166666667,741.52375,883.5,731,15,20,=,1,class->block->function->block->block_content->decl_stmt->decl->init,
2,45,rectangle_java2.jpg,rectangle_java2.jpg,622003941,192,891.7729166666667,741.52375,902.5,731,34,20,new,3,class->block->function->block->block_content->decl_stmt->decl->init->expr->operator,
2,45,rectangle_java2.jpg,rectangle_java2.jpg,622207800,152,855.9573684210526,728.2921052631579,826.5,731,51,20,rect2,5,class->block->function->block->block_content->decl_stmt->decl->name,
2,45,rectangle_java2.jpg,rectangle_java2.jpg,622411778,136,918.540294117647,512.2023529411765,891.5,512,62,21,return,6,class->block->function->block->block_content->return->expr->name->name,
2,45,rectangle_java2.jpg,rectangle_java2.jpg,623427768,216,992.7022222222222,499.6285185185186,958.5,512,71,21,this.x2,7,class->block->function->block->block_content->return->expr->name->name->operator->name->operator,
2,45,rectangle_java2.jpg,rectangle_java2.jpg,623683815,200,903.4898,744.1602,902.5,731,34,20,new,3,class->block->function->block->block_content->decl_stmt->decl->init->expr->operator,
2,45,rectangle_java2.jpg,rectangle_java2.jpg,631535195,80,864.665,286.8895,853.5,295,32,21,int,3,class->block->constructor->parameter_list->parameter->decl->type->name,
2,45,rectangle_java2.jpg,rectangle_java2.jpg,631723236,64,841.185625,275.31625,833.5,259,23,21,y1,2,class->block->decl_stmt->decl->name,
2,45,rectangle_java2.jpg,rectangle_java2.jpg,631823232,72,800.2094444444444,313.7805555555556,737.5,295,91,21,Rectangle,9,class->block->constructor->name,
2,45,rectangle_java2.jpg,rectangle_java2.jpg,632055218,228,799.1105263157895,319.3924561403509,730.5,331,71,19,this.x1,7,class->block->constructor->block->block_content->expr_stmt->expr->name->name->operator->name,
2,45,rectangle_java2.jpg,rectangle_java2.jpg,632055218,228,799.1105263157895,319.3924561403509,806.5,331,15,19,=,1,class->block->constructor->block->block_content->expr_stmt->expr->operator,
2,45,rectangle_java2.jpg,rectangle_java2.jpg,632255190,124,853.8532258064516,321.02451612903224,856.5,331,10,19,;,1,class->block->constructor->block->block_content->expr_stmt,
2,45,rectangle_java2.jpg,rectangle_java2.jpg,632779173,84,807.9114285714286,226.3590476190476,813.5,222,10,21,{,1,class->block,
2,45,rectangle_java2.jpg,rectangle_java2.jpg,632887155,104,812.1465384615385,232.24538461538464,813.5,222,10,21,{,1,class->block,
2,45,rectangle_java2.jpg,rectangle_java2.jpg,633038936,84,887.3466666666667,267.4323809523809,881.5,259,23,21,x2,2,class->block->decl_stmt->decl->name,
2,45,rectangle_java2.jpg,rectangle_java2.jpg,633239066,64,887.9768750000001,261.230625,881.5,259,23,21,x2,2,class->block->decl_stmt->decl->name,
2,45,rectangle_java2.jpg,rectangle_java2.jpg,633387099,144,889.6041666666666,255.87638888888887,881.5,259,23,21,x2,2,class->block->decl_stmt->decl->name,
2,45,rectangle_java2.jpg,rectangle_java2.jpg,634059114,240,818.2975,384.8073333333333,806.5,367,15,21,=,1,class->block->constructor->block->block_content->expr_stmt->expr->operator,
2,45,rectangle_java2.jpg,rectangle_java2.jpg,634059114,240,818.2975,384.8073333333333,826.5,367,23,21,y1,2,class->block->constructor->block->block_content->expr_stmt->expr->name->name,
2,45,rectangle_java2.jpg,rectangle_java2.jpg,634127094,64,816.6075,379.49875,806.5,367,15,21,=,1,class->block->constructor->block->block_content->expr_stmt->expr->operator,
2,45,rectangle_java2.jpg,rectangle_java2.jpg,634127094,64,816.6075,379.49875,826.5,367,23,21,y1,2,class->block->constructor->block->block_content->expr_stmt->expr->name->name,
2,45,rectangle_java2.jpg,rectangle_java2.jpg,634371064,212,837.5220754716981,413.2283018867925,826.5,404,23,19,x2,2,class->block->constructor->block->block_content->expr_stmt->expr->name->name,
2,45,rectangle_java2.jpg,rectangle_java2.jpg,634567065,156,800.1166666666667,419.1215384615384,730.5,404,71,19,this.x2,7,class->block->constructor->block->block_content->expr_stmt->expr->name->name->operator->name,
2,45,rectangle_java2.jpg,rectangle_java2.jpg,634567065,156,800.1166666666667,419.1215384615384,806.5,404,15,19,=,1,class->block->constructor->block->block_content->expr_stmt->expr->operator,
2,45,rectangle_java2.jpg,rectangle_java2.jpg,636338993,56,897.5671428571428,721.3007142857143,883.5,731,15,20,=,1,class->block->function->block->block_content->decl_stmt->decl->init,
2,45,rectangle_java2.jpg,rectangle_java2.jpg,636338993,56,897.5671428571428,721.3007142857143,902.5,731,34,20,new,3,class->block->function->block->block_content->decl_stmt->decl->init->expr->operator,
2,45,rectangle_java2.jpg,rectangle_java2.jpg,636526962,124,827.5829032258065,714.1616129032258,730.5,694,177,21,System.out.println,18,class->block->function->block->block_content->expr_stmt->expr->call->name->name->operator->name->operator->name,
2,45,rectangle_java2.jpg,rectangle_java2.jpg,636770711,180,911.8551111111112,647.9422222222222,902.5,658,34,20,new,3,class->block->function->block->block_content->decl_stmt->decl->init->expr->operator,
2,45,rectangle_java2.jpg,rectangle_java2.jpg,637086833,256,1114.96375,655.5575,1115.5,658,10,20,"""","""",1,class->block->function->block->block_content->decl_stmt->decl->init->expr->call->argument_list
2,45,rectangle_java2.jpg,rectangle_java2.jpg,637338813,176,911.33,646.7186363636364,902.5,658,34,20,new,3,class->block->function->block->block_content->decl_stmt->decl->init->expr->operator,
2,45,rectangle_java2.jpg,rectangle_java2.jpg,637570847,192,1139.2095833333333,647.515,1134.5,658,22,20,10,2,class->block->function->block->block_content->decl_stmt->decl->init->expr->call->argument_list->argument->expr->literal,
2,45,rectangle_java2.jpg,rectangle_java2.jpg,637646858,72,1103.7616666666668,647.6788888888889,1095.5,658,13,20,0,1,class->block->function->block->block_content->decl_stmt->decl->init->expr->call->argument_list->argument->expr->literal,
2,45,rectangle_java2.jpg,rectangle_java2.jpg,637646858,72,1103.7616666666668,647.6788888888889,1115.5,658,10,20,"""","""",1,class->block->function->block->block_content->decl_stmt->decl->init->expr->call->argument_list
2,45,rectangle_java2.jpg,rectangle_java2.jpg,637754832,104,1098.5573076923076,648.3092307692308,1095.5,658,13,20,0,1,class->block->function->block->block_content->decl_stmt->decl->init->expr->call->argument_list->argument->expr->literal,
2,45,rectangle_java2.jpg,rectangle_java2.jpg,637834809,64,1193.325,652.3575,1182.5,658,22,20,10,2,class->block->function->block->block_content->decl_stmt->decl->init->expr->call->argument_list->argument->expr->literal,
2,45,rectangle_java2.jpg,rectangle_java2.jpg,638046822,208,1192.5342307692308,655.9086538461538,1182.5,658,22,20,10,2,class->block->function->block->block_content->decl_stmt->decl->init->expr->call->argument_list->argument->expr->literal,
2,45,rectangle_java2.jpg,rectangle_java2.jpg,638210867,160,1194.23875,664.86225,1182.5,658,22,20,10,2,class->block->function->block->block_content->decl_stmt->decl->init->expr->call->argument_list->argument->expr->literal,
2,45,rectangle_java2.jpg,rectangle_java2.jpg,638790738,184,981.3384782608696,666.0510869565218,941.5,658,91,20,Rectangle,9,class->block->function->block->block_content->decl_stmt->decl->init->expr->call->name,
2,45,rectangle_java2.jpg,rectangle_java2.jpg,638878777,84,944.5666666666668,671.9495238095238,941.5,658,91,20,Rectangle,9,class->block->function->block->block_content->decl_stmt->decl->init->expr->call->name,
2,45,rectangle_java2.jpg,rectangle_java2.jpg,639082667,200,939.7806,666.9702,941.5,658,91,20,Rectangle,9,class->block->function->block->block_content->decl_stmt->decl->init->expr->call->name,
2,45,rectangle_java2.jpg,rectangle_java2.jpg,639186675,80,867.6385,663.496,826.5,658,52,20,rect1,5,class->block->function->block->block_content->decl_stmt->decl->name,
2,45,rectangle_java2.jpg,rectangle_java2.jpg,639350686,160,864.94175,662.3335,826.5,658,52,20,rect1,5,class->block->function->block->block_content->decl_stmt->decl->name,
2,45,rectangle_java2.jpg,rectangle_java2.jpg,639430689,76,866.13,658.0305263157895,826.5,658,52,20,rect1,5,class->block->function->block->block_content->decl_stmt->decl->name,
2,45,rectangle_java2.jpg,rectangle_java2.jpg,639826684,340,1103.9435294117648,672.3154117647059,1095.5,658,13,20,0,1,class->block->function->block->block_content->decl_stmt->decl->init->expr->call->argument_list->argument->expr->literal,
2,45,rectangle_java2.jpg,rectangle_java2.jpg,639826684,340,1103.9435294117648,672.3154117647059,1115.5,658,10,20,"""","""",1,class->block->function->block->block_content->decl_stmt->decl->init->expr->call->argument_list
2,45,rectangle_java2.jpg,rectangle_java2.jpg,639914685,68,1179.6576470588236,676.4782352941177,1182.5,658,22,20,10,2,class->block->function->block->block_content->decl_stmt->decl->init->expr->call->argument_list->argument->expr->literal,
2,45,rectangle_java2.jpg,rectangle_java2.jpg,640054694,92,796.0978260869565,617.02,738.5,621,61,21,static,6,class->block->function->type->specifier,
2,45,rectangle_java2.jpg,rectangle_java2.jpg,640054694,92,796.0978260869565,617.02,804.5,621,44,21,void,4,class->block->function->type->name,
2,45,rectangle_java2.jpg,rectangle_java2.jpg,640294659,236,805.3847457627119,617.2316949152543,804.5,621,44,21,void,4,class->block->function->type->name,
2,45,rectangle_java2.jpg,rectangle_java2.jpg,644286310,276,982.182463768116,561.4634782608696,968.5,549,70,21,this.y2,7,class->block->function->block->block_content->return->expr->name->name->operator->name,
2,45,rectangle_java2.jpg,rectangle_java2.jpg,644426376,84,1108.3995238095238,599.9271428571428,1103.5,585,9,21,),1,class->block->function->block->block_content->return->expr->call->argument_list,
2,45,rectangle_java2.jpg,rectangle_java2.jpg,644970315,140,825.3762857142857,401.3302857142857,826.5,404,23,19,x2,2,class->block->constructor->block->block_content->expr_stmt->expr->name->name,
2,45,rectangle_java2.jpg,rectangle_java2.jpg,645170333,196,831.2024489795918,405.5389795918367,826.5,404,23,19,x2,2,class->block->constructor->block->block_content->expr_stmt->expr->name->name,
2,45,rectangle_java2.jpg,rectangle_java2.jpg,646630172,84,938.8604761904762,782.08,932.5,766,100,21,rect2.area,10,class->block->function->block->block_content->expr_stmt->expr->call->argument_list->argument->expr->call->name->name->operator->name,
2,45,rectangle_java2.jpg,rectangle_java2.jpg,647882168,116,1077.8513793103448,647.4872413793104,1077.5,658,9,20,"""","""",1,class->block->function->block->block_content->decl_stmt->decl->init->expr->call->argument_list
2,45,rectangle_java2.jpg,rectangle_java2.jpg,647966114,80,1073.2015,660.526,1077.5,658,9,20,"""","""",1,class->block->function->block->block_content->decl_stmt->decl->init->expr->call->argument_list
2,45,rectangle_java2.jpg,rectangle_java2.jpg,649658011,188,868.1808510638298,768.7238297872341,730.5,766,177,21,System.out.println,18,class->block->function->block->block_content->expr_stmt->expr->call->name->name->operator->name->operator->name,
2,45,rectangle_java2.jpg,rectangle_java2.jpg,650365976,176,749.2327272727273,508.6470454545454,737.5,512,33,21,int,3,class->block->function->type->name,
2,45,rectangle_java2.jpg,rectangle_java2.jpg,650773964,176,820.9347727272727,772.4231818181818,730.5,766,177,21,System.out.println,18,class->block->function->block->block_content->expr_stmt->expr->call->name->name->operator->name->operator->name,
2,45,rectangle_java2.jpg,rectangle_java2.jpg,652361844,124,876.4664516129033,652.258064516129,826.5,658,52,20,rect1,5,class->block->function->block->block_content->decl_stmt->decl->name,
2,45,rectangle_java2.jpg,rectangle_java2.jpg,652361844,124,876.4664516129033,652.258064516129,883.5,658,15,20,=,1,class->block->function->block->block_content->decl_stmt->decl->init,
2,45,rectangle_java2.jpg,rectangle_java2.jpg,652469826,104,878.2361538461538,661.2153846153847,826.5,658,52,20,rect1,5,class->block->function->block->block_content->decl_stmt->decl->name,
2,45,rectangle_java2.jpg,rectangle_java2.jpg,652469826,104,878.2361538461538,661.2153846153847,883.5,658,15,20,=,1,class->block->function->block->block_content->decl_stmt->decl->init,
2,45,rectangle_java2.jpg,rectangle_java2.jpg,652793782,84,881.692380952381,729.3842857142857,883.5,731,15,20,=,1,class->block->function->block->block_content->decl_stmt->decl->init,
2,45,rectangle_java2.jpg,rectangle_java2.jpg,653245836,76,788.318947368421,744.0589473684211,730.5,731,91,20,Rectangle,9,class->block->function->block->block_content->decl_stmt->decl->type->name,
2,45,rectangle_java2.jpg,rectangle_java2.jpg,653445593,196,806.9226530612245,734.4587755102041,730.5,731,91,20,Rectangle,9,class->block->function->block->block_content->decl_stmt->decl->type->name,
2,45,rectangle_java2.jpg,rectangle_java2.jpg,653665687,140,972.568,730.1702857142857,941.5,731,91,20,Rectangle,9,class->block->function->block->block_content->decl_stmt->decl->init->expr->call->name,
2,45,rectangle_java2.jpg,rectangle_java2.jpg,655013722,60,950.6466666666666,673.2533333333333,941.5,658,91,20,Rectangle,9,class->block->function->block->block_content->decl_stmt->decl->init->expr->call->name,
2,45,rectangle_java2.jpg,rectangle_java2.jpg,655833605,100,829.69,399.2492,826.5,404,23,19,x2,2,class->block->constructor->block->block_content->expr_stmt->expr->name->name,
2,45,rectangle_java2.jpg,rectangle_java2.jpg,657109452,180,887.6468888888888,710.3244444444445,730.5,694,177,21,System.out.println,18,class->block->function->block->block_content->expr_stmt->expr->call->name->name->operator->name->operator->name,
2,45,rectangle_java2.jpg,rectangle_java2.jpg,657317386,172,921.7013953488372,688.6358139534884,916.5,694,9,21,(,1,class->block->function->block->block_content->expr_stmt->expr->call->argument_list,
2,45,rectangle_java2.jpg,rectangle_java2.jpg,657317386,172,921.7013953488372,688.6358139534884,932.5,694,100,21,rect1.area,10,class->block->function->block->block_content->expr_stmt->expr->call->argument_list->argument->expr->call->name->name->operator->name,
2,45,rectangle_java2.jpg,rectangle_java2.jpg,657749368,60,1171.302,674.756,1163.5,658,10,20,"""","""",1,class->block->function->block->block_content->decl_stmt->decl->init->expr->call->argument_list
2,45,rectangle_java2.jpg,rectangle_java2.jpg,657749368,60,1171.302,674.756,1182.5,658,22,20,10,2,class->block->function->block->block_content->decl_stmt->decl->init->expr->call->argument_list->argument->expr->literal,
2,45,rectangle_java2.jpg,rectangle_java2.jpg,658125460,112,1086.0717857142856,589.5953571428571,1086.5,585,10,21,(,1,class->block->function->block->block_content->return->expr->call->argument_list,
2,45,rectangle_java2.jpg,rectangle_java2.jpg,658289461,124,953.447741935484,584.431935483871,910.5,585,62,21,return,6,class->block->function->block->block_content->return,
2,45,rectangle_java2.jpg,rectangle_java2.jpg,658361448,68,960.2958823529412,591.1488235294117,910.5,585,62,21,return,6,class->block->function->block->block_content->return,
2,45,rectangle_java2.jpg,rectangle_java2.jpg,658693507,296,1090.109054054054,604.0231081081081,1086.5,585,10,21,(,1,class->block->function->block->block_content->return->expr->call->argument_list,
2,45,rectangle_java2.jpg,rectangle_java2.jpg,658877436,148,881.7189189189189,586.6345945945945,873.5,585,9,21,),1,class->block->function->parameter_list,
2,45,rectangle_java2.jpg,rectangle_java2.jpg,658877436,148,881.7189189189189,586.6345945945945,893.5,585,10,21,{,1,class->block->function->block,
2,45,rectangle_java2.jpg,rectangle_java2.jpg,659281333,400,888.0368,585.2081,893.5,585,10,21,{,1,class->block->function->block,
2,45,rectangle_java2.jpg,rectangle_java2.jpg,659401372,84,1007.2295238095238,552.1309523809524,968.5,549,70,21,this.y2,7,class->block->function->block->block_content->return->expr->name->name->operator->name,
2,45,rectangle_java2.jpg,rectangle_java2.jpg,659557289,152,1007.0705263157896,555.1047368421052,968.5,549,70,21,this.y2,7,class->block->function->block->block_content->return->expr->name->name->operator->name,
2,45,rectangle_java2.jpg,rectangle_java2.jpg,659773345,144,857.3041666666667,543.6197222222222,863.5,549,9,21,),1,class->block->function->parameter_list,
2,45,rectangle_java2.jpg,rectangle_java2.jpg,659885396,68,807.9705882352941,545.7776470588235,775.5,549,62,21,height,6,class->block->function->name,
2,45,rectangle_java2.jpg,rectangle_java2.jpg,660289280,108,885.4722222222222,582.7822222222222,893.5,585,10,21,{,1,class->block->function->block,
2,45,rectangle_java2.jpg,rectangle_java2.jpg,660349310,56,862.8728571428571,599.3078571428572,856.5,585,9,21,(,1,class->block->function->parameter_list,
2,45,rectangle_java2.jpg,rectangle_java2.jpg,660349310,56,862.8728571428571,599.3078571428572,873.5,585,9,21,),1,class->block->function->parameter_list,
2,45,rectangle_java2.jpg,rectangle_java2.jpg,660837337,184,831.98,546.3928260869565,775.5,549,62,21,height,6,class->block->function->name,
2,45,rectangle_java2.jpg,rectangle_java2.jpg,661181263,340,835.9442352941177,552.2012941176471,775.5,549,62,21,height,6,class->block->function->name,
2,45,rectangle_java2.jpg,rectangle_java2.jpg,661181263,340,835.9442352941177,552.2012941176471,846.5,549,10,21,(,1,class->block->function->parameter_list,
2,45,rectangle_java2.jpg,rectangle_java2.jpg,661697216,120,908.1973333333332,584.8413333333333,910.5,585,62,21,return,6,class->block->function->block->block_content->return,
2,45,rectangle_java2.jpg,rectangle_java2.jpg,661857234,156,904.605641025641,586.875641025641,910.5,585,62,21,return,6,class->block->function->block->block_content->return,
