trial,participant,code_file,code_language,timestamp,duration,x_cord,y_cord,aoi_x,aoi_y,aoi_width,aoi_height,token,length,srcML,
2,54,rectangle_java2.jpg,rectangle_java2.jpg,4541990055,120,849.0836666666667,327.18533333333335,826.5,331,23,19,x1,2,class->block->constructor->block->block_content->expr_stmt->expr->name->name,
2,54,rectangle_java2.jpg,rectangle_java2.jpg,4541990055,120,849.0836666666667,327.18533333333335,856.5,331,10,19,;,1,class->block->constructor->block->block_content->expr_stmt,
2,54,rectangle_java2.jpg,rectangle_java2.jpg,4543101821,116,696.8551724137931,220.29310344827587,657.5,222,52,21,class,5,class,
2,54,rectangle_java2.jpg,rectangle_java2.jpg,4545517511,112,707.6446428571429,240.1692857142857,657.5,222,52,21,class,5,class,
2,54,rectangle_java2.jpg,rectangle_java2.jpg,4545517511,112,707.6446428571429,240.1692857142857,715.5,222,90,21,Rectangle,9,class->name,
2,54,rectangle_java2.jpg,rectangle_java2.jpg,4545757533,64,819.81125,236.421875,813.5,222,10,21,{,1,class->block,
2,54,rectangle_java2.jpg,rectangle_java2.jpg,4545941233,148,775.1764864864865,249.7740540540541,747.5,259,33,21,int,3,class->block->decl_stmt->decl->type->name,
2,54,rectangle_java2.jpg,rectangle_java2.jpg,4545941233,148,775.1764864864865,249.7740540540541,785.5,259,23,21,x1,2,class->block->decl_stmt->decl->name,
2,54,rectangle_java2.jpg,rectangle_java2.jpg,4547341430,160,705.716,259.86375,669.5,259,72,21,private,7,class->block->decl_stmt->decl->type->specifier,
2,54,rectangle_java2.jpg,rectangle_java2.jpg,4547561433,216,721.1511111111112,249.03166666666664,669.5,259,72,21,private,7,class->block->decl_stmt->decl->type->specifier,
2,54,rectangle_java2.jpg,rectangle_java2.jpg,4547709427,56,800.6135714285714,238.535,715.5,222,90,21,Rectangle,9,class->name,
2,54,rectangle_java2.jpg,rectangle_java2.jpg,4547861431,96,799.6816666666666,232.21625,715.5,222,90,21,Rectangle,9,class->name,
2,54,rectangle_java2.jpg,rectangle_java2.jpg,4547933425,68,799.3564705882353,240.57117647058823,715.5,222,90,21,Rectangle,9,class->name,
2,54,rectangle_java2.jpg,rectangle_java2.jpg,4548501335,140,785.0437142857143,293.9474285714286,737.5,295,91,21,Rectangle,9,class->block->constructor->name,
2,54,rectangle_java2.jpg,rectangle_java2.jpg,4551660898,120,773.9233333333333,290.4796666666667,737.5,295,91,21,Rectangle,9,class->block->constructor->name,
2,54,rectangle_java2.jpg,rectangle_java2.jpg,4551808920,144,777.6558333333334,292.4455555555556,737.5,295,91,21,Rectangle,9,class->block->constructor->name,
2,54,rectangle_java2.jpg,rectangle_java2.jpg,4552293133,176,839.1275,250.5634090909091,833.5,259,23,21,y1,2,class->block->decl_stmt->decl->name,
2,54,rectangle_java2.jpg,rectangle_java2.jpg,4552405112,88,776.1995454545455,248.75318181818184,747.5,259,33,21,int,3,class->block->decl_stmt->decl->type->name,
2,54,rectangle_java2.jpg,rectangle_java2.jpg,4552405112,88,776.1995454545455,248.75318181818184,785.5,259,23,21,x1,2,class->block->decl_stmt->decl->name,
2,54,rectangle_java2.jpg,rectangle_java2.jpg,4552553058,144,774.4477777777778,240.83694444444444,715.5,222,90,21,Rectangle,9,class->name,
2,54,rectangle_java2.jpg,rectangle_java2.jpg,4552657046,84,711.717619047619,237.947619047619,715.5,222,90,21,Rectangle,9,class->name,
2,54,rectangle_java2.jpg,rectangle_java2.jpg,4552725037,64,708.50875,226.65375,657.5,222,52,21,class,5,class,
2,54,rectangle_java2.jpg,rectangle_java2.jpg,4552725037,64,708.50875,226.65375,715.5,222,90,21,Rectangle,9,class->name,
2,54,rectangle_java2.jpg,rectangle_java2.jpg,4554233242,64,793.696875,287.1225,737.5,295,91,21,Rectangle,9,class->block->constructor->name,
2,54,rectangle_java2.jpg,rectangle_java2.jpg,4554297091,60,806.5600000000001,272.5266666666667,785.5,259,23,21,x1,2,class->block->decl_stmt->decl->name,
2,54,rectangle_java2.jpg,rectangle_java2.jpg,4554297091,60,806.5600000000001,272.5266666666667,815.5,259,10,21,"""","""",1,class->block->decl_stmt
2,54,rectangle_java2.jpg,rectangle_java2.jpg,4554480874,180,808.8802222222222,275.8186666666667,815.5,259,10,21,"""","""",1,class->block->decl_stmt
2,54,rectangle_java2.jpg,rectangle_java2.jpg,4554764616,144,876.9405555555555,295.1463888888889,853.5,295,32,21,int,3,class->block->constructor->parameter_list->parameter->decl->type->name,
2,54,rectangle_java2.jpg,rectangle_java2.jpg,4554948520,148,910.9205405405404,268.2843243243243,911.5,259,10,21,"""","""",1,class->block->decl_stmt
2,54,rectangle_java2.jpg,rectangle_java2.jpg,4555104695,112,828.4575,324.60464285714284,826.5,331,23,19,x1,2,class->block->constructor->block->block_content->expr_stmt->expr->name->name,
2,54,rectangle_java2.jpg,rectangle_java2.jpg,4555284800,152,785.3818421052631,310.93078947368423,737.5,295,91,21,Rectangle,9,class->block->constructor->name,
2,54,rectangle_java2.jpg,rectangle_java2.jpg,4555356817,68,801.7229411764706,314.4605882352941,737.5,295,91,21,Rectangle,9,class->block->constructor->name,
2,54,rectangle_java2.jpg,rectangle_java2.jpg,4555436808,76,805.1584210526315,310.02947368421053,737.5,295,91,21,Rectangle,9,class->block->constructor->name,
2,54,rectangle_java2.jpg,rectangle_java2.jpg,4555540798,100,812.4228,339.314,806.5,331,15,19,=,1,class->block->constructor->block->block_content->expr_stmt->expr->operator,
2,54,rectangle_java2.jpg,rectangle_java2.jpg,4555824773,280,812.2358571428572,348.54242857142856,806.5,331,15,19,=,1,class->block->constructor->block->block_content->expr_stmt->expr->operator,
2,54,rectangle_java2.jpg,rectangle_java2.jpg,4555968766,140,837.9554285714286,347.67571428571426,826.5,331,23,19,x1,2,class->block->constructor->block->block_content->expr_stmt->expr->name->name,
2,54,rectangle_java2.jpg,rectangle_java2.jpg,4556176745,184,803.2432608695652,397.04304347826087,806.5,404,15,19,=,1,class->block->constructor->block->block_content->expr_stmt->expr->operator,
2,54,rectangle_java2.jpg,rectangle_java2.jpg,4556240662,60,804.864,397.0353333333333,806.5,404,15,19,=,1,class->block->constructor->block->block_content->expr_stmt->expr->operator,
2,54,rectangle_java2.jpg,rectangle_java2.jpg,4557944280,144,698.4861111111111,509.20833333333326,669.5,512,63,21,public,6,class->block->function->type->specifier,
2,54,rectangle_java2.jpg,rectangle_java2.jpg,4558172505,136,841.9238235294117,503.35323529411767,837.5,512,9,21,(,1,class->block->function->parameter_list,
2,54,rectangle_java2.jpg,rectangle_java2.jpg,4558232547,56,842.8478571428572,500.7171428571428,837.5,512,9,21,(,1,class->block->function->parameter_list,
2,54,rectangle_java2.jpg,rectangle_java2.jpg,4558232547,56,842.8478571428572,500.7171428571428,854.5,512,9,21,),1,class->block->function->parameter_list,
2,54,rectangle_java2.jpg,rectangle_java2.jpg,4558372627,100,810.5228,502.452,775.5,512,53,21,width,5,class->block->function->name,
2,54,rectangle_java2.jpg,rectangle_java2.jpg,4558452582,76,807.7584210526315,499.5810526315789,775.5,512,53,21,width,5,class->block->function->name,
2,54,rectangle_java2.jpg,rectangle_java2.jpg,4558556755,88,786.9059090909091,503.195909090909,775.5,512,53,21,width,5,class->block->function->name,
2,54,rectangle_java2.jpg,rectangle_java2.jpg,4558836664,256,968.16890625,502.0734375,958.5,512,71,21,this.x2,7,class->block->function->block->block_content->return->expr->name->name->operator->name->operator,
2,54,rectangle_java2.jpg,rectangle_java2.jpg,4559016471,132,1003.9848484848484,508.5875757575757,958.5,512,71,21,this.x2,7,class->block->function->block->block_content->return->expr->name->name->operator->name->operator,
2,54,rectangle_java2.jpg,rectangle_java2.jpg,4559144493,124,1007.2625806451612,509.20161290322585,958.5,512,71,21,this.x2,7,class->block->function->block->block_content->return->expr->name->name->operator->name->operator,
2,54,rectangle_java2.jpg,rectangle_java2.jpg,4559344489,144,954.2222222222222,513.4725,958.5,512,71,21,this.x2,7,class->block->function->block->block_content->return->expr->name->name->operator->name->operator,
2,54,rectangle_java2.jpg,rectangle_java2.jpg,4559556178,188,797.121914893617,564.1572340425532,775.5,549,62,21,height,6,class->block->function->name,
2,54,rectangle_java2.jpg,rectangle_java2.jpg,4559780367,152,758.6192105263158,557.6213157894737,737.5,549,33,21,int,3,class->block->function->type->name,
2,54,rectangle_java2.jpg,rectangle_java2.jpg,4559872380,88,760.9695454545455,554.1004545454546,737.5,549,33,21,int,3,class->block->function->type->name,
2,54,rectangle_java2.jpg,rectangle_java2.jpg,4560000396,104,845.5115384615385,552.4376923076923,846.5,549,10,21,(,1,class->block->function->parameter_list,
2,54,rectangle_java2.jpg,rectangle_java2.jpg,4560292382,288,846.2370833333333,555.6372222222222,846.5,549,10,21,(,1,class->block->function->parameter_list,
2,54,rectangle_java2.jpg,rectangle_java2.jpg,4560444366,112,899.6407142857142,561.2696428571428,900.5,549,63,21,return,6,class->block->function->block->block_content->return,
2,54,rectangle_java2.jpg,rectangle_java2.jpg,4560748398,300,897.9310666666667,560.3896,900.5,549,63,21,return,6,class->block->function->block->block_content->return,
2,54,rectangle_java2.jpg,rectangle_java2.jpg,4561056348,272,846.3101470588235,560.6067647058824,846.5,549,10,21,(,1,class->block->function->parameter_list,
2,54,rectangle_java2.jpg,rectangle_java2.jpg,4561168164,96,761.8841666666667,561.38125,737.5,549,33,21,int,3,class->block->function->type->name,
2,54,rectangle_java2.jpg,rectangle_java2.jpg,4561320242,148,757.1783783783784,558.2902702702703,737.5,549,33,21,int,3,class->block->function->type->name,
2,54,rectangle_java2.jpg,rectangle_java2.jpg,4561576304,216,906.869074074074,564.3796296296297,900.5,549,63,21,return,6,class->block->function->block->block_content->return,
2,54,rectangle_java2.jpg,rectangle_java2.jpg,4561904289,324,899.437037037037,556.2,900.5,549,63,21,return,6,class->block->function->block->block_content->return,
2,54,rectangle_java2.jpg,rectangle_java2.jpg,4561964216,56,873.7314285714285,563.9221428571428,883.5,549,10,21,{,1,class->block->function->block,
2,54,rectangle_java2.jpg,rectangle_java2.jpg,4562212246,244,871.7716393442623,560.8391803278688,863.5,549,9,21,),1,class->block->function->parameter_list,
2,54,rectangle_java2.jpg,rectangle_java2.jpg,4562212246,244,871.7716393442623,560.8391803278688,883.5,549,10,21,{,1,class->block->function->block,
2,54,rectangle_java2.jpg,rectangle_java2.jpg,4562380242,152,955.0026315789472,559.7028947368422,900.5,549,63,21,return,6,class->block->function->block->block_content->return,
2,54,rectangle_java2.jpg,rectangle_java2.jpg,4562492108,108,958.804074074074,561.4514814814814,900.5,549,63,21,return,6,class->block->function->block->block_content->return,
2,54,rectangle_java2.jpg,rectangle_java2.jpg,4562492108,108,958.804074074074,561.4514814814814,968.5,549,70,21,this.y2,7,class->block->function->block->block_content->return->expr->name->name->operator->name,
2,54,rectangle_java2.jpg,rectangle_java2.jpg,4562611999,108,905.7029629629628,560.0092592592592,900.5,549,63,21,return,6,class->block->function->block->block_content->return,
2,54,rectangle_java2.jpg,rectangle_java2.jpg,4562672140,56,902.9564285714284,560.0985714285714,900.5,549,63,21,return,6,class->block->function->block->block_content->return,
2,54,rectangle_java2.jpg,rectangle_java2.jpg,4562832404,128,975.4353125,560.170625,968.5,549,70,21,this.y2,7,class->block->function->block->block_content->return->expr->name->name->operator->name,
2,54,rectangle_java2.jpg,rectangle_java2.jpg,4562936248,64,840.63875,532.0225,837.5,512,9,21,(,1,class->block->function->parameter_list,
2,54,rectangle_java2.jpg,rectangle_java2.jpg,4563148235,132,1041.0442424242424,569.3563636363637,1045.5,549,13,21,-,1,class->block->function->block->block_content->return->expr->operator,
2,54,rectangle_java2.jpg,rectangle_java2.jpg,4563212261,60,1052.0853333333334,561.524,1045.5,549,13,21,-,1,class->block->function->block->block_content->return->expr->operator,
2,54,rectangle_java2.jpg,rectangle_java2.jpg,4563212261,60,1052.0853333333334,561.524,1064.5,549,71,21,this.y1,7,class->block->function->block->block_content->return->expr->name->name->operator->name,
2,54,rectangle_java2.jpg,rectangle_java2.jpg,4563572147,356,1027.3780898876405,559.5652808988764,968.5,549,70,21,this.y2,7,class->block->function->block->block_content->return->expr->name->name->operator->name,
2,54,rectangle_java2.jpg,rectangle_java2.jpg,4563852107,232,1060.721379310345,562.4105172413794,1064.5,549,71,21,this.y1,7,class->block->function->block->block_content->return->expr->name->name->operator->name,
2,54,rectangle_java2.jpg,rectangle_java2.jpg,4563960127,104,1025.035,567.6988461538461,968.5,549,70,21,this.y2,7,class->block->function->block->block_content->return->expr->name->name->operator->name,
2,54,rectangle_java2.jpg,rectangle_java2.jpg,4564020111,56,1021.2707142857142,569.4207142857143,968.5,549,70,21,this.y2,7,class->block->function->block->block_content->return->expr->name->name->operator->name,
2,54,rectangle_java2.jpg,rectangle_java2.jpg,4564319869,240,839.1365,560.9835,846.5,549,10,21,(,1,class->block->function->parameter_list,
2,54,rectangle_java2.jpg,rectangle_java2.jpg,4564535967,192,1001.2360416666668,560.994375,968.5,549,70,21,this.y2,7,class->block->function->block->block_content->return->expr->name->name->operator->name,
2,54,rectangle_java2.jpg,rectangle_java2.jpg,4564779984,208,1058.9486538461538,551.9838461538461,1064.5,549,71,21,this.y1,7,class->block->function->block->block_content->return->expr->name->name->operator->name,
2,54,rectangle_java2.jpg,rectangle_java2.jpg,4565739915,84,788.9333333333333,444.9780952380952,730.5,440,71,21,this.y2,7,class->block->constructor->block->block_content->expr_stmt->expr->name->name->operator->name,
2,54,rectangle_java2.jpg,rectangle_java2.jpg,4565939746,56,842.2214285714285,442.78857142857146,826.5,440,23,21,y2,2,class->block->constructor->block->block_content->expr_stmt->expr->name->name,
2,54,rectangle_java2.jpg,rectangle_java2.jpg,4566139602,84,1072.41,548.7276190476191,1064.5,549,71,21,this.y1,7,class->block->function->block->block_content->return->expr->name->name->operator->name,
2,54,rectangle_java2.jpg,rectangle_java2.jpg,4566287744,144,1077.0147222222222,553.1061111111111,1064.5,549,71,21,this.y1,7,class->block->function->block->block_content->return->expr->name->name->operator->name,
2,54,rectangle_java2.jpg,rectangle_java2.jpg,4566559869,224,1158.5023214285711,537.8871428571429,1161.5,549,10,21,},1,class->block->function->block,
2,54,rectangle_java2.jpg,rectangle_java2.jpg,4566919881,208,1132.923076923077,542.1486538461538,1064.5,549,71,21,this.y1,7,class->block->function->block->block_content->return->expr->name->name->operator->name,
2,54,rectangle_java2.jpg,rectangle_java2.jpg,4566919881,208,1132.923076923077,542.1486538461538,1142.5,549,10,21,;,1,class->block->function->block->block_content->return,
2,54,rectangle_java2.jpg,rectangle_java2.jpg,4567023864,100,1112.318,540.026,1064.5,549,71,21,this.y1,7,class->block->function->block->block_content->return->expr->name->name->operator->name,
2,54,rectangle_java2.jpg,rectangle_java2.jpg,4567203765,176,1108.350909090909,546.2093181818182,1064.5,549,71,21,this.y1,7,class->block->function->block->block_content->return->expr->name->name->operator->name,
2,54,rectangle_java2.jpg,rectangle_java2.jpg,4567371639,164,1134.0531707317073,538.6387804878049,1064.5,549,71,21,this.y1,7,class->block->function->block->block_content->return->expr->name->name->operator->name,
2,54,rectangle_java2.jpg,rectangle_java2.jpg,4567371639,164,1134.0531707317073,538.6387804878049,1142.5,549,10,21,;,1,class->block->function->block->block_content->return,
2,54,rectangle_java2.jpg,rectangle_java2.jpg,4567455661,80,1105.8795,539.0235,1064.5,549,71,21,this.y1,7,class->block->function->block->block_content->return->expr->name->name->operator->name,
2,54,rectangle_java2.jpg,rectangle_java2.jpg,4567787594,92,1114.5226086956525,524.5682608695652,1054.5,512,71,21,this.x1,7,class->block->function->block->block_content->return->expr->name->name->operator->name,
2,54,rectangle_java2.jpg,rectangle_java2.jpg,4568255539,96,814.64625,579.5645833333333,804.5,585,43,21,area,4,class->block->function->name,
2,54,rectangle_java2.jpg,rectangle_java2.jpg,4568339656,80,818.751,586.3149999999999,804.5,585,43,21,area,4,class->block->function->name,
2,54,rectangle_java2.jpg,rectangle_java2.jpg,4568607771,224,900.7417857142856,582.5275,893.5,585,10,21,{,1,class->block->function->block,
2,54,rectangle_java2.jpg,rectangle_java2.jpg,4568607771,224,900.7417857142856,582.5275,910.5,585,62,21,return,6,class->block->function->block->block_content->return,
2,54,rectangle_java2.jpg,rectangle_java2.jpg,4568719777,80,978.8875,582.9985,977.5,585,101,21,this.width,10,class->block->function->block->block_content->return->expr->call->name->name->operator->name,
2,54,rectangle_java2.jpg,rectangle_java2.jpg,4568939437,188,1056.8321276595746,583.3695744680851,977.5,585,101,21,this.width,10,class->block->function->block->block_content->return->expr->call->name->name->operator->name,
2,54,rectangle_java2.jpg,rectangle_java2.jpg,4569163609,220,1040.2652727272728,581.1725454545455,977.5,585,101,21,this.width,10,class->block->function->block->block_content->return->expr->call->name->name->operator->name,
2,54,rectangle_java2.jpg,rectangle_java2.jpg,4569391570,208,1129.7271153846154,577.0915384615384,1122.5,585,12,21,*,1,class->block->function->block->block_content->return->expr->operator,
2,54,rectangle_java2.jpg,rectangle_java2.jpg,4569391570,208,1129.7271153846154,577.0915384615384,1140.5,585,110,21,this.height,11,class->block->function->block->block_content->return->expr->call->name->name->operator->name,
2,54,rectangle_java2.jpg,rectangle_java2.jpg,4569547545,80,903.4905,586.345,893.5,585,10,21,{,1,class->block->function->block,
2,54,rectangle_java2.jpg,rectangle_java2.jpg,4569547545,80,903.4905,586.345,910.5,585,62,21,return,6,class->block->function->block->block_content->return,
2,54,rectangle_java2.jpg,rectangle_java2.jpg,4569719548,168,904.2676190476192,595.5830952380952,910.5,585,62,21,return,6,class->block->function->block->block_content->return,
2,54,rectangle_java2.jpg,rectangle_java2.jpg,4570067598,316,785.1125316455697,627.0267088607595,738.5,621,61,21,static,6,class->block->function->type->specifier,
2,54,rectangle_java2.jpg,rectangle_java2.jpg,4570215598,100,845.8972,688.0816,730.5,694,177,21,System.out.println,18,class->block->function->block->block_content->expr_stmt->expr->call->name->name->operator->name->operator->name,
2,54,rectangle_java2.jpg,rectangle_java2.jpg,4570379567,160,847.48025,673.202,826.5,658,52,20,rect1,5,class->block->function->block->block_content->decl_stmt->decl->name,
2,54,rectangle_java2.jpg,rectangle_java2.jpg,4570615498,216,908.464074074074,670.1533333333333,902.5,658,34,20,new,3,class->block->function->block->block_content->decl_stmt->decl->init->expr->operator,
2,54,rectangle_java2.jpg,rectangle_java2.jpg,4570875508,192,1129.9366666666667,585.9939583333334,1122.5,585,12,21,*,1,class->block->function->block->block_content->return->expr->operator,
2,54,rectangle_java2.jpg,rectangle_java2.jpg,4570875508,192,1129.9366666666667,585.9939583333334,1140.5,585,110,21,this.height,11,class->block->function->block->block_content->return->expr->call->name->name->operator->name,
2,54,rectangle_java2.jpg,rectangle_java2.jpg,4570999471,104,1071.0642307692308,586.055,977.5,585,101,21,this.width,10,class->block->function->block->block_content->return->expr->call->name->name->operator->name,
2,54,rectangle_java2.jpg,rectangle_java2.jpg,4571135452,132,1071.9960606060606,593.5651515151516,977.5,585,101,21,this.width,10,class->block->function->block->block_content->return->expr->call->name->name->operator->name,
2,54,rectangle_java2.jpg,rectangle_java2.jpg,4571235432,56,798.8635714285714,673.8135714285714,730.5,658,91,20,Rectangle,9,class->block->function->block->block_content->decl_stmt->decl->type->name,
2,54,rectangle_java2.jpg,rectangle_java2.jpg,4571343402,104,801.761923076923,683.545,730.5,694,177,21,System.out.println,18,class->block->function->block->block_content->expr_stmt->expr->call->name->name->operator->name->operator->name,
2,54,rectangle_java2.jpg,rectangle_java2.jpg,4571571469,200,855.2366,669.2225999999999,826.5,658,52,20,rect1,5,class->block->function->block->block_content->decl_stmt->decl->name,
2,54,rectangle_java2.jpg,rectangle_java2.jpg,4571779417,168,777.9457142857143,627.7297619047619,738.5,621,61,21,static,6,class->block->function->type->specifier,
2,54,rectangle_java2.jpg,rectangle_java2.jpg,4572003327,188,873.0570212765957,669.978085106383,826.5,658,52,20,rect1,5,class->block->function->block->block_content->decl_stmt->decl->name,
2,54,rectangle_java2.jpg,rectangle_java2.jpg,4572003327,188,873.0570212765957,669.978085106383,883.5,658,15,20,=,1,class->block->function->block->block_content->decl_stmt->decl->init,
2,54,rectangle_java2.jpg,rectangle_java2.jpg,4572187056,164,974.8170731707318,670.590243902439,941.5,658,91,20,Rectangle,9,class->block->function->block->block_content->decl_stmt->decl->init->expr->call->name,
2,54,rectangle_java2.jpg,rectangle_java2.jpg,4572423329,216,1049.4003703703704,670.2357407407408,1041.5,658,9,20,(,1,class->block->function->block->block_content->decl_stmt->decl->init->expr->call->argument_list,
2,54,rectangle_java2.jpg,rectangle_java2.jpg,4572423329,216,1049.4003703703704,670.2357407407408,1057.5,658,13,20,0,1,class->block->function->block->block_content->decl_stmt->decl->init->expr->call->argument_list->argument->expr->literal,
2,54,rectangle_java2.jpg,rectangle_java2.jpg,4572555325,72,1158.1177777777775,668.2111111111111,1163.5,658,10,20,"""","""",1,class->block->function->block->block_content->decl_stmt->decl->init->expr->call->argument_list
2,54,rectangle_java2.jpg,rectangle_java2.jpg,4572675334,116,1165.5641379310346,670.5093103448276,1163.5,658,10,20,"""","""",1,class->block->function->block->block_content->decl_stmt->decl->init->expr->call->argument_list
2,54,rectangle_java2.jpg,rectangle_java2.jpg,4572807353,88,1122.932727272727,666.2754545454545,1115.5,658,10,20,"""","""",1,class->block->function->block->block_content->decl_stmt->decl->init->expr->call->argument_list
2,54,rectangle_java2.jpg,rectangle_java2.jpg,4572807353,88,1122.932727272727,666.2754545454545,1134.5,658,22,20,10,2,class->block->function->block->block_content->decl_stmt->decl->init->expr->call->argument_list->argument->expr->literal,
2,54,rectangle_java2.jpg,rectangle_java2.jpg,4573727117,172,759.6890697674419,724.4886046511627,730.5,731,91,20,Rectangle,9,class->block->function->block->block_content->decl_stmt->decl->type->name,
2,54,rectangle_java2.jpg,rectangle_java2.jpg,4574031170,204,876.4235294117647,748.1876470588236,826.5,731,51,20,rect2,5,class->block->function->block->block_content->decl_stmt->decl->name,
2,54,rectangle_java2.jpg,rectangle_java2.jpg,4574031170,204,876.4235294117647,748.1876470588236,883.5,731,15,20,=,1,class->block->function->block->block_content->decl_stmt->decl->init,
2,54,rectangle_java2.jpg,rectangle_java2.jpg,4574159199,124,847.2970967741935,750.6274193548387,826.5,731,51,20,rect2,5,class->block->function->block->block_content->decl_stmt->decl->name,
2,54,rectangle_java2.jpg,rectangle_java2.jpg,4574395197,224,975.8853571428572,748.5308928571428,941.5,731,91,20,Rectangle,9,class->block->function->block->block_content->decl_stmt->decl->init->expr->call->name,
2,54,rectangle_java2.jpg,rectangle_java2.jpg,4583574105,96,838.615,595.1066666666667,804.5,585,43,21,area,4,class->block->function->name,
