trial,participant,code_file,code_language,timestamp,duration,x_cord,y_cord,aoi_x,aoi_y,aoi_width,aoi_height,token,length,srcML,
2,5,rectangle_java2.jpg,rectangle_java2.jpg,10904010015,128,757.5903125,293.1940625,737.5,295,91,21,Rectangle,9,class->block->constructor->name,
2,5,rectangle_java2.jpg,rectangle_java2.jpg,10904146176,84,637.9571428571429,220.0133333333333,589.5,222,63,21,public,6,class->specifier,
2,5,rectangle_java2.jpg,rectangle_java2.jpg,10904262243,112,632.1728571428572,211.82642857142852,589.5,222,63,21,public,6,class->specifier,
2,5,rectangle_java2.jpg,rectangle_java2.jpg,10905273750,100,716.1332,228.098,715.5,222,90,21,Rectangle,9,class->name,
2,5,rectangle_java2.jpg,rectangle_java2.jpg,10905425929,96,712.5358333333334,229.7066666666667,715.5,222,90,21,Rectangle,9,class->name,
2,5,rectangle_java2.jpg,rectangle_java2.jpg,10905718033,216,811.4796296296296,215.92888888888888,813.5,222,10,21,{,1,class->block,
2,5,rectangle_java2.jpg,rectangle_java2.jpg,10905853915,132,811.1230303030303,222.34454545454548,813.5,222,10,21,{,1,class->block,
2,5,rectangle_java2.jpg,rectangle_java2.jpg,10906845898,80,745.419,261.586,747.5,259,33,21,int,3,class->block->decl_stmt->decl->type->name,
2,5,rectangle_java2.jpg,rectangle_java2.jpg,10906913812,64,742.8,254.385625,747.5,259,33,21,int,3,class->block->decl_stmt->decl->type->name,
2,5,rectangle_java2.jpg,rectangle_java2.jpg,10907105650,96,707.4116666666666,288.7583333333333,669.5,295,63,21,public,6,class->block->constructor->specifier,
2,5,rectangle_java2.jpg,rectangle_java2.jpg,10907165660,56,714.1014285714286,284.25142857142856,669.5,295,63,21,public,6,class->block->constructor->specifier,
2,5,rectangle_java2.jpg,rectangle_java2.jpg,10907265683,72,858.9372222222222,262.97222222222223,863.5,259,10,21,"""","""",1,class->block->decl_stmt
2,5,rectangle_java2.jpg,rectangle_java2.jpg,10907325703,56,855.3192857142857,249.9685714285714,833.5,259,23,21,y1,2,class->block->decl_stmt->decl->name,
2,5,rectangle_java2.jpg,rectangle_java2.jpg,10907325703,56,855.3192857142857,249.9685714285714,863.5,259,10,21,"""","""",1,class->block->decl_stmt
2,5,rectangle_java2.jpg,rectangle_java2.jpg,10907569764,204,912.469411764706,258.70607843137253,911.5,259,10,21,"""","""",1,class->block->decl_stmt
2,5,rectangle_java2.jpg,rectangle_java2.jpg,10907829729,220,961.6643636363636,249.43454545454543,959.5,259,10,21,;,1,class->block->decl_stmt,
2,5,rectangle_java2.jpg,rectangle_java2.jpg,10908773716,72,740.6477777777777,313.57222222222225,737.5,295,91,21,Rectangle,9,class->block->constructor->name,
2,5,rectangle_java2.jpg,rectangle_java2.jpg,10908893701,116,738.3889655172413,298.2413793103448,737.5,295,91,21,Rectangle,9,class->block->constructor->name,
2,5,rectangle_java2.jpg,rectangle_java2.jpg,10909017595,84,799.5952380952381,299.28333333333336,737.5,295,91,21,Rectangle,9,class->block->constructor->name,
2,5,rectangle_java2.jpg,rectangle_java2.jpg,10909141592,120,800.4506666666666,310.78333333333336,737.5,295,91,21,Rectangle,9,class->block->constructor->name,
2,5,rectangle_java2.jpg,rectangle_java2.jpg,10909209596,64,771.963125,298.564375,737.5,295,91,21,Rectangle,9,class->block->constructor->name,
2,5,rectangle_java2.jpg,rectangle_java2.jpg,10909309604,96,770.0108333333334,295.2033333333333,737.5,295,91,21,Rectangle,9,class->block->constructor->name,
2,5,rectangle_java2.jpg,rectangle_java2.jpg,10909621629,144,780.7169444444445,320.8386111111111,730.5,331,71,19,this.x1,7,class->block->constructor->block->block_content->expr_stmt->expr->name->name->operator->name,
2,5,rectangle_java2.jpg,rectangle_java2.jpg,10909773610,112,766.2885714285715,311.1510714285714,737.5,295,91,21,Rectangle,9,class->block->constructor->name,
2,5,rectangle_java2.jpg,rectangle_java2.jpg,10909865587,88,748.0286363636363,305.7859090909091,737.5,295,91,21,Rectangle,9,class->block->constructor->name,
2,5,rectangle_java2.jpg,rectangle_java2.jpg,10909925572,56,749.0842857142857,289.2628571428571,737.5,295,91,21,Rectangle,9,class->block->constructor->name,
2,5,rectangle_java2.jpg,rectangle_java2.jpg,10910113573,104,778.7746153846153,327.4865384615385,730.5,331,71,19,this.x1,7,class->block->constructor->block->block_content->expr_stmt->expr->name->name->operator->name,
2,5,rectangle_java2.jpg,rectangle_java2.jpg,10910401499,164,841.8039024390243,305.8068292682927,837.5,295,9,21,(,1,class->block->constructor->parameter_list,
2,5,rectangle_java2.jpg,rectangle_java2.jpg,10910401499,164,841.8039024390243,305.8068292682927,853.5,295,32,21,int,3,class->block->constructor->parameter_list->parameter->decl->type->name,
2,5,rectangle_java2.jpg,rectangle_java2.jpg,10910517434,112,833.8014285714286,301.34964285714284,837.5,295,9,21,(,1,class->block->constructor->parameter_list,
2,5,rectangle_java2.jpg,rectangle_java2.jpg,10910681479,96,773.6416666666667,322.1383333333333,730.5,331,71,19,this.x1,7,class->block->constructor->block->block_content->expr_stmt->expr->name->name->operator->name,
2,5,rectangle_java2.jpg,rectangle_java2.jpg,10910809472,124,775.4393548387096,324.52967741935487,730.5,331,71,19,this.x1,7,class->block->constructor->block->block_content->expr_stmt->expr->name->name->operator->name,
2,5,rectangle_java2.jpg,rectangle_java2.jpg,10910901460,88,782.45,320.76772727272726,730.5,331,71,19,this.x1,7,class->block->constructor->block->block_content->expr_stmt->expr->name->name->operator->name,
2,5,rectangle_java2.jpg,rectangle_java2.jpg,10911025424,120,810.5826666666667,328.5706666666667,806.5,331,15,19,=,1,class->block->constructor->block->block_content->expr_stmt->expr->operator,
2,5,rectangle_java2.jpg,rectangle_java2.jpg,10911181414,152,821.7573684210527,327.9213157894737,826.5,331,23,19,x1,2,class->block->constructor->block->block_content->expr_stmt->expr->name->name,
2,5,rectangle_java2.jpg,rectangle_java2.jpg,10911245432,60,752.88,321.6033333333333,730.5,331,71,19,this.x1,7,class->block->constructor->block->block_content->expr_stmt->expr->name->name->operator->name,
2,5,rectangle_java2.jpg,rectangle_java2.jpg,10911341459,92,751.2373913043479,321.2652173913044,730.5,331,71,19,this.x1,7,class->block->constructor->block->block_content->expr_stmt->expr->name->name->operator->name,
2,5,rectangle_java2.jpg,rectangle_java2.jpg,10911517410,68,762.3917647058823,342.97705882352943,730.5,331,71,19,this.x1,7,class->block->constructor->block->block_content->expr_stmt->expr->name->name->operator->name,
2,5,rectangle_java2.jpg,rectangle_java2.jpg,10911661425,120,788.5883333333334,313.4526666666667,737.5,295,91,21,Rectangle,9,class->block->constructor->name,
2,5,rectangle_java2.jpg,rectangle_java2.jpg,10911729447,64,794.983125,318.786875,730.5,331,71,19,this.x1,7,class->block->constructor->block->block_content->expr_stmt->expr->name->name->operator->name,
2,5,rectangle_java2.jpg,rectangle_java2.jpg,10911729447,64,794.983125,318.786875,806.5,331,15,19,=,1,class->block->constructor->block->block_content->expr_stmt->expr->operator,
2,5,rectangle_java2.jpg,rectangle_java2.jpg,10911941433,132,832.3821212121212,328.5824242424242,826.5,331,23,19,x1,2,class->block->constructor->block->block_content->expr_stmt->expr->name->name,
2,5,rectangle_java2.jpg,rectangle_java2.jpg,10912045487,100,828.2620000000001,335.5312,826.5,331,23,19,x1,2,class->block->constructor->block->block_content->expr_stmt->expr->name->name,
2,5,rectangle_java2.jpg,rectangle_java2.jpg,10912229540,180,834.0273333333333,336.8113333333333,826.5,331,23,19,x1,2,class->block->constructor->block->block_content->expr_stmt->expr->name->name,
2,5,rectangle_java2.jpg,rectangle_java2.jpg,10912309519,76,833.6142105263158,324.07473684210527,826.5,331,23,19,x1,2,class->block->constructor->block->block_content->expr_stmt->expr->name->name,
2,5,rectangle_java2.jpg,rectangle_java2.jpg,10912389499,76,826.5526315789474,338.9368421052632,826.5,331,23,19,x1,2,class->block->constructor->block->block_content->expr_stmt->expr->name->name,
2,5,rectangle_java2.jpg,rectangle_java2.jpg,10912577477,184,831.2339130434783,321.75217391304346,826.5,331,23,19,x1,2,class->block->constructor->block->block_content->expr_stmt->expr->name->name,
2,5,rectangle_java2.jpg,rectangle_java2.jpg,10912649385,60,827.63,414.4273333333333,826.5,404,23,19,x2,2,class->block->constructor->block->block_content->expr_stmt->expr->name->name,
2,5,rectangle_java2.jpg,rectangle_java2.jpg,10912777214,124,827.3445161290323,435.691935483871,826.5,440,23,21,y2,2,class->block->constructor->block->block_content->expr_stmt->expr->name->name,
2,5,rectangle_java2.jpg,rectangle_java2.jpg,10912881263,100,828.3108,449.95679999999993,826.5,440,23,21,y2,2,class->block->constructor->block->block_content->expr_stmt->expr->name->name,
2,5,rectangle_java2.jpg,rectangle_java2.jpg,10912997347,112,826.5410714285714,452.7746428571429,826.5,440,23,21,y2,2,class->block->constructor->block->block_content->expr_stmt->expr->name->name,
2,5,rectangle_java2.jpg,rectangle_java2.jpg,10913397297,56,844.3685714285714,449.485,826.5,440,23,21,y2,2,class->block->constructor->block->block_content->expr_stmt->expr->name->name,
2,5,rectangle_java2.jpg,rectangle_java2.jpg,10913397297,56,844.3685714285714,449.485,856.5,440,10,21,;,1,class->block->constructor->block->block_content->expr_stmt,
2,5,rectangle_java2.jpg,rectangle_java2.jpg,10913509329,64,843.45125,444.750625,826.5,440,23,21,y2,2,class->block->constructor->block->block_content->expr_stmt->expr->name->name,
2,5,rectangle_java2.jpg,rectangle_java2.jpg,10913793312,124,714.9187096774193,575.2103225806452,669.5,585,63,21,public,6,class->block->function->type->specifier,
2,5,rectangle_java2.jpg,rectangle_java2.jpg,10914045349,160,776.21,539.347,775.5,549,62,21,height,6,class->block->function->name,
2,5,rectangle_java2.jpg,rectangle_java2.jpg,10914181332,68,720.5970588235294,579.86,669.5,585,63,21,public,6,class->block->function->type->specifier,
2,5,rectangle_java2.jpg,rectangle_java2.jpg,10914305324,120,705.7076666666667,579.1366666666667,669.5,585,63,21,public,6,class->block->function->type->specifier,
2,5,rectangle_java2.jpg,rectangle_java2.jpg,10914365321,56,702.1014285714285,556.3742857142857,669.5,549,63,21,public,6,class->block->function->type->specifier,
2,5,rectangle_java2.jpg,rectangle_java2.jpg,10914497155,128,702.6859375,545.9421875,669.5,549,63,21,public,6,class->block->function->type->specifier,
2,5,rectangle_java2.jpg,rectangle_java2.jpg,10914581013,64,759.4925,559.6975,737.5,549,33,21,int,3,class->block->function->type->name,
2,5,rectangle_java2.jpg,rectangle_java2.jpg,10914697052,112,770.5567857142858,561.2567857142857,775.5,549,62,21,height,6,class->block->function->name,
2,5,rectangle_java2.jpg,rectangle_java2.jpg,10914865137,56,751.115,560.3778571428571,737.5,549,33,21,int,3,class->block->function->type->name,
2,5,rectangle_java2.jpg,rectangle_java2.jpg,10915081139,136,879.6426470588235,548.3308823529412,883.5,549,10,21,{,1,class->block->function->block,
2,5,rectangle_java2.jpg,rectangle_java2.jpg,10915357179,212,959.8345283018868,537.827358490566,900.5,549,63,21,return,6,class->block->function->block->block_content->return,
2,5,rectangle_java2.jpg,rectangle_java2.jpg,10915357179,212,959.8345283018868,537.827358490566,968.5,549,70,21,this.y2,7,class->block->function->block->block_content->return->expr->name->name->operator->name,
2,5,rectangle_java2.jpg,rectangle_java2.jpg,10915541207,84,1029.9928571428572,525.4842857142858,1035.5,512,13,21,-,1,class->block->function->block->block_content->return->expr->name->name,
2,5,rectangle_java2.jpg,rectangle_java2.jpg,10915833331,152,1102.3102631578947,540.661052631579,1064.5,549,71,21,this.y1,7,class->block->function->block->block_content->return->expr->name->name->operator->name,
2,5,rectangle_java2.jpg,rectangle_java2.jpg,10916201202,288,977.335,546.2419444444445,968.5,549,70,21,this.y2,7,class->block->function->block->block_content->return->expr->name->name->operator->name,
2,5,rectangle_java2.jpg,rectangle_java2.jpg,10916269184,64,974.773125,539.535625,968.5,549,70,21,this.y2,7,class->block->function->block->block_content->return->expr->name->name->operator->name,
2,5,rectangle_java2.jpg,rectangle_java2.jpg,10916605098,156,780.9917948717949,553.8725641025641,775.5,549,62,21,height,6,class->block->function->name,
2,5,rectangle_java2.jpg,rectangle_java2.jpg,10916665095,56,768.3385714285714,561.1664285714286,737.5,549,33,21,int,3,class->block->function->type->name,
2,5,rectangle_java2.jpg,rectangle_java2.jpg,10916665095,56,768.3385714285714,561.1664285714286,775.5,549,62,21,height,6,class->block->function->name,
2,5,rectangle_java2.jpg,rectangle_java2.jpg,10916865050,152,856.8413157894737,557.4034210526315,863.5,549,9,21,),1,class->block->function->parameter_list,
2,5,rectangle_java2.jpg,rectangle_java2.jpg,10917113061,176,1016.7731818181818,541.9870454545454,968.5,549,70,21,this.y2,7,class->block->function->block->block_content->return->expr->name->name->operator->name,
2,5,rectangle_java2.jpg,rectangle_java2.jpg,10917273064,88,1048.429090909091,548.18,1045.5,549,13,21,-,1,class->block->function->block->block_content->return->expr->operator,
2,5,rectangle_java2.jpg,rectangle_java2.jpg,10917373075,96,1044.8108333333334,557.4854166666667,1045.5,549,13,21,-,1,class->block->function->block->block_content->return->expr->operator,
2,5,rectangle_java2.jpg,rectangle_java2.jpg,10917529064,60,1131.9313333333332,553.8166666666667,1064.5,549,71,21,this.y1,7,class->block->function->block->block_content->return->expr->name->name->operator->name,
2,5,rectangle_java2.jpg,rectangle_java2.jpg,10917529064,60,1131.9313333333332,553.8166666666667,1142.5,549,10,21,;,1,class->block->function->block->block_content->return,
2,5,rectangle_java2.jpg,rectangle_java2.jpg,10917593050,60,1117.0813333333333,555.9606666666666,1064.5,549,71,21,this.y1,7,class->block->function->block->block_content->return->expr->name->name->operator->name,
2,5,rectangle_java2.jpg,rectangle_java2.jpg,10917781086,116,1128.8596551724138,546.0413793103448,1064.5,549,71,21,this.y1,7,class->block->function->block->block_content->return->expr->name->name->operator->name,
2,5,rectangle_java2.jpg,rectangle_java2.jpg,10917981080,88,864.515,602.829090909091,856.5,585,9,21,(,1,class->block->function->parameter_list,
2,5,rectangle_java2.jpg,rectangle_java2.jpg,10917981080,88,864.515,602.829090909091,873.5,585,9,21,),1,class->block->function->parameter_list,
2,5,rectangle_java2.jpg,rectangle_java2.jpg,10918133030,76,700.8636842105263,583.7521052631579,669.5,585,63,21,public,6,class->block->function->type->specifier,
2,5,rectangle_java2.jpg,rectangle_java2.jpg,10918256951,120,700.7716666666666,589.8653333333333,669.5,585,63,21,public,6,class->block->function->type->specifier,
2,5,rectangle_java2.jpg,rectangle_java2.jpg,10918381096,64,791.123125,591.9037500000001,737.5,585,62,21,double,6,class->block->function->type->name,
2,5,rectangle_java2.jpg,rectangle_java2.jpg,10918521137,136,783.8820588235294,596.6338235294118,737.5,585,62,21,double,6,class->block->function->type->name,
2,5,rectangle_java2.jpg,rectangle_java2.jpg,10918768918,244,784.7295081967213,584.6873770491803,737.5,585,62,21,double,6,class->block->function->type->name,
2,5,rectangle_java2.jpg,rectangle_java2.jpg,10918880876,60,782.3933333333333,586.9933333333333,737.5,585,62,21,double,6,class->block->function->type->name,
2,5,rectangle_java2.jpg,rectangle_java2.jpg,10919004973,104,967.0246153846152,578.3126923076923,910.5,585,62,21,return,6,class->block->function->block->block_content->return,
2,5,rectangle_java2.jpg,rectangle_java2.jpg,10919004973,104,967.0246153846152,578.3126923076923,977.5,585,101,21,this.width,10,class->block->function->block->block_content->return->expr->call->name->name->operator->name,
2,5,rectangle_java2.jpg,rectangle_java2.jpg,10919125017,116,968.9327586206896,589.7396551724138,910.5,585,62,21,return,6,class->block->function->block->block_content->return,
2,5,rectangle_java2.jpg,rectangle_java2.jpg,10919125017,116,968.9327586206896,589.7396551724138,977.5,585,101,21,this.width,10,class->block->function->block->block_content->return->expr->call->name->name->operator->name,
2,5,rectangle_java2.jpg,rectangle_java2.jpg,10919277006,148,963.4275675675676,583.8197297297297,910.5,585,62,21,return,6,class->block->function->block->block_content->return,
2,5,rectangle_java2.jpg,rectangle_java2.jpg,10919344977,64,970.03125,588.0487499999999,910.5,585,62,21,return,6,class->block->function->block->block_content->return,
2,5,rectangle_java2.jpg,rectangle_java2.jpg,10919344977,64,970.03125,588.0487499999999,977.5,585,101,21,this.width,10,class->block->function->block->block_content->return->expr->call->name->name->operator->name,
2,5,rectangle_java2.jpg,rectangle_java2.jpg,10919472946,88,1046.405,581.1504545454545,977.5,585,101,21,this.width,10,class->block->function->block->block_content->return->expr->call->name->name->operator->name,
2,5,rectangle_java2.jpg,rectangle_java2.jpg,10919544971,68,1030.0441176470588,576.5447058823529,977.5,585,101,21,this.width,10,class->block->function->block->block_content->return->expr->call->name->name->operator->name,
2,5,rectangle_java2.jpg,rectangle_java2.jpg,10919697026,96,1035.6470833333333,585.52125,977.5,585,101,21,this.width,10,class->block->function->block->block_content->return->expr->call->name->name->operator->name,
2,5,rectangle_java2.jpg,rectangle_java2.jpg,10920032871,76,810.7315789473685,573.5173684210527,804.5,585,43,21,area,4,class->block->function->name,
2,5,rectangle_java2.jpg,rectangle_java2.jpg,10920152745,116,822.6462068965517,582.3741379310345,804.5,585,43,21,area,4,class->block->function->name,
2,5,rectangle_java2.jpg,rectangle_java2.jpg,10920232647,76,812.3031578947368,577.8736842105263,804.5,585,43,21,area,4,class->block->function->name,
2,5,rectangle_java2.jpg,rectangle_java2.jpg,10920544785,64,1150.011875,587.38375,1140.5,585,110,21,this.height,11,class->block->function->block->block_content->return->expr->call->name->name->operator->name,
2,5,rectangle_java2.jpg,rectangle_java2.jpg,10920676830,92,1123.4978260869566,604.9321739130435,1122.5,585,12,21,*,1,class->block->function->block->block_content->return->expr->operator,
2,5,rectangle_java2.jpg,rectangle_java2.jpg,10920848813,124,1147.921935483871,587.7896774193548,1140.5,585,110,21,this.height,11,class->block->function->block->block_content->return->expr->call->name->name->operator->name,
2,5,rectangle_java2.jpg,rectangle_java2.jpg,10920972809,120,1144.2483333333332,583.8133333333334,1140.5,585,110,21,this.height,11,class->block->function->block->block_content->return->expr->call->name->name->operator->name,
2,5,rectangle_java2.jpg,rectangle_java2.jpg,10921084790,68,1096.2635294117647,583.8564705882353,1086.5,585,10,21,(,1,class->block->function->block->block_content->return->expr->call->argument_list,
2,5,rectangle_java2.jpg,rectangle_java2.jpg,10921084790,68,1096.2635294117647,583.8564705882353,1103.5,585,9,21,),1,class->block->function->block->block_content->return->expr->call->argument_list,
2,5,rectangle_java2.jpg,rectangle_java2.jpg,10921208785,72,1115.237777777778,572.9977777777777,1122.5,585,12,21,*,1,class->block->function->block->block_content->return->expr->operator,
2,5,rectangle_java2.jpg,rectangle_java2.jpg,10921328933,56,1014.0578571428572,579.25,977.5,585,101,21,this.width,10,class->block->function->block->block_content->return->expr->call->name->name->operator->name,
2,5,rectangle_java2.jpg,rectangle_java2.jpg,10921464946,132,1010.5372727272728,584.7990909090909,977.5,585,101,21,this.width,10,class->block->function->block->block_content->return->expr->call->name->name->operator->name,
2,5,rectangle_java2.jpg,rectangle_java2.jpg,10921536859,68,1006.4405882352942,575.9588235294118,977.5,585,101,21,this.width,10,class->block->function->block->block_content->return->expr->call->name->name->operator->name,
2,5,rectangle_java2.jpg,rectangle_java2.jpg,10921616688,56,925.2042857142856,584.58,910.5,585,62,21,return,6,class->block->function->block->block_content->return,
2,5,rectangle_java2.jpg,rectangle_java2.jpg,10921864641,244,912.7347540983608,593.08,910.5,585,62,21,return,6,class->block->function->block->block_content->return,
2,5,rectangle_java2.jpg,rectangle_java2.jpg,10922072619,156,909.2848717948718,565.9715384615384,900.5,549,63,21,return,6,class->block->function->block->block_content->return,
2,5,rectangle_java2.jpg,rectangle_java2.jpg,10922292621,112,1011.2571428571428,539.4539285714286,968.5,549,70,21,this.y2,7,class->block->function->block->block_content->return->expr->name->name->operator->name,
2,5,rectangle_java2.jpg,rectangle_java2.jpg,10922368688,72,1012.1894444444443,540.5133333333333,968.5,549,70,21,this.y2,7,class->block->function->block->block_content->return->expr->name->name->operator->name,
2,5,rectangle_java2.jpg,rectangle_java2.jpg,10922636900,100,1107.5344,539.3892,1064.5,549,71,21,this.y1,7,class->block->function->block->block_content->return->expr->name->name->operator->name,
2,5,rectangle_java2.jpg,rectangle_java2.jpg,10922920944,280,1121.8154285714286,542.771,1064.5,549,71,21,this.y1,7,class->block->function->block->block_content->return->expr->name->name->operator->name,
2,5,rectangle_java2.jpg,rectangle_java2.jpg,10923032651,108,1115.3714814814814,558.3603703703703,1064.5,549,71,21,this.y1,7,class->block->function->block->block_content->return->expr->name->name->operator->name,
2,5,rectangle_java2.jpg,rectangle_java2.jpg,10923092656,56,1123.6135714285715,549.2628571428571,1064.5,549,71,21,this.y1,7,class->block->function->block->block_content->return->expr->name->name->operator->name,
2,5,rectangle_java2.jpg,rectangle_java2.jpg,10923320588,160,733.74475,632.45625,738.5,621,61,21,static,6,class->block->function->type->specifier,
2,5,rectangle_java2.jpg,rectangle_java2.jpg,10923496614,132,693.6984848484849,628.4921212121212,669.5,621,63,21,public,6,class->block->function->type->specifier,
2,5,rectangle_java2.jpg,rectangle_java2.jpg,10923712855,84,797.5252380952381,640.8695238095238,738.5,621,61,21,static,6,class->block->function->type->specifier,
2,5,rectangle_java2.jpg,rectangle_java2.jpg,10923712855,84,797.5252380952381,640.8695238095238,804.5,621,44,21,void,4,class->block->function->type->name,
2,5,rectangle_java2.jpg,rectangle_java2.jpg,10923972410,152,837.3976315789474,625.2194736842105,804.5,621,44,21,void,4,class->block->function->type->name,
2,5,rectangle_java2.jpg,rectangle_java2.jpg,10924096608,112,953.6264285714286,619.9489285714286,920.5,621,62,21,String,6,class->block->function->parameter_list->parameter->decl->type->name->name,
2,5,rectangle_java2.jpg,rectangle_java2.jpg,10924396527,76,995.1184210526316,628.3984210526315,990.5,621,10,21,[,1,class->block->function->parameter_list->parameter->decl->type->name->index,
2,5,rectangle_java2.jpg,rectangle_java2.jpg,10924396527,76,995.1184210526316,628.3984210526315,1007.5,621,10,21,],1,class->block->function->parameter_list->parameter->decl->type->name->index,
2,5,rectangle_java2.jpg,rectangle_java2.jpg,10924516529,64,1045.436875,615.874375,1025.5,621,42,21,args,4,class->block->function->parameter_list->parameter->decl->name,
2,5,rectangle_java2.jpg,rectangle_java2.jpg,10924720711,200,1045.167,608.9752,1025.5,621,42,21,args,4,class->block->function->parameter_list->parameter->decl->name,
2,5,rectangle_java2.jpg,rectangle_java2.jpg,10927044341,104,840.5230769230769,672.7257692307693,826.5,658,52,20,rect1,5,class->block->function->block->block_content->decl_stmt->decl->name,
2,5,rectangle_java2.jpg,rectangle_java2.jpg,10927428421,60,791.3966666666666,665.346,730.5,658,91,20,Rectangle,9,class->block->function->block->block_content->decl_stmt->decl->type->name,
2,5,rectangle_java2.jpg,rectangle_java2.jpg,10927532418,100,800.066,664.094,730.5,658,91,20,Rectangle,9,class->block->function->block->block_content->decl_stmt->decl->type->name,
2,5,rectangle_java2.jpg,rectangle_java2.jpg,10927596412,60,812.014,665.7966666666666,730.5,658,91,20,Rectangle,9,class->block->function->block->block_content->decl_stmt->decl->type->name,
2,5,rectangle_java2.jpg,rectangle_java2.jpg,10927732240,76,884.5821052631579,641.4405263157895,851.5,621,44,21,main,4,class->block->function->name,
2,5,rectangle_java2.jpg,rectangle_java2.jpg,10927936152,148,972.4164864864864,664.6464864864865,941.5,658,91,20,Rectangle,9,class->block->function->block->block_content->decl_stmt->decl->init->expr->call->name,
2,5,rectangle_java2.jpg,rectangle_java2.jpg,10928008203,68,959.1082352941175,652.0929411764706,941.5,658,91,20,Rectangle,9,class->block->function->block->block_content->decl_stmt->decl->init->expr->call->name,
2,5,rectangle_java2.jpg,rectangle_java2.jpg,10928072218,60,957.982,671.6793333333334,941.5,658,91,20,Rectangle,9,class->block->function->block->block_content->decl_stmt->decl->init->expr->call->name,
2,5,rectangle_java2.jpg,rectangle_java2.jpg,10928168226,84,1040.4909523809524,671.7838095238095,1041.5,658,9,20,(,1,class->block->function->block->block_content->decl_stmt->decl->init->expr->call->argument_list,
2,5,rectangle_java2.jpg,rectangle_java2.jpg,10928256231,84,1047.4766666666667,666.0433333333333,1041.5,658,9,20,(,1,class->block->function->block->block_content->decl_stmt->decl->init->expr->call->argument_list,
2,5,rectangle_java2.jpg,rectangle_java2.jpg,10928256231,84,1047.4766666666667,666.0433333333333,1057.5,658,13,20,0,1,class->block->function->block->block_content->decl_stmt->decl->init->expr->call->argument_list->argument->expr->literal,
2,5,rectangle_java2.jpg,rectangle_java2.jpg,10928328231,68,1042.5829411764705,657.4447058823529,1041.5,658,9,20,(,1,class->block->function->block->block_content->decl_stmt->decl->init->expr->call->argument_list,
2,5,rectangle_java2.jpg,rectangle_java2.jpg,10928516254,184,1059.0765217391304,667.2623913043478,1057.5,658,13,20,0,1,class->block->function->block->block_content->decl_stmt->decl->init->expr->call->argument_list->argument->expr->literal,
2,5,rectangle_java2.jpg,rectangle_java2.jpg,10928584270,64,1075.8275,673.666875,1077.5,658,9,20,"""","""",1,class->block->function->block->block_content->decl_stmt->decl->init->expr->call->argument_list
2,5,rectangle_java2.jpg,rectangle_java2.jpg,10928652263,64,1069.47125,683.261875,1077.5,694,9,21,),1,class->block->function->block->block_content->expr_stmt->expr->call->argument_list,
2,5,rectangle_java2.jpg,rectangle_java2.jpg,10928744240,88,1058.1245454545451,671.4504545454546,1057.5,658,13,20,0,1,class->block->function->block->block_content->decl_stmt->decl->init->expr->call->argument_list->argument->expr->literal,
2,5,rectangle_java2.jpg,rectangle_java2.jpg,10928916220,76,775.4173684210526,684.6589473684211,730.5,694,177,21,System.out.println,18,class->block->function->block->block_content->expr_stmt->expr->call->name->name->operator->name->operator->name,
2,5,rectangle_java2.jpg,rectangle_java2.jpg,10929016209,96,775.64875,692.2429166666667,730.5,694,177,21,System.out.println,18,class->block->function->block->block_content->expr_stmt->expr->call->name->name->operator->name->operator->name,
2,5,rectangle_java2.jpg,rectangle_java2.jpg,10929120200,100,762.4124,688.2284,730.5,694,177,21,System.out.println,18,class->block->function->block->block_content->expr_stmt->expr->call->name->name->operator->name->operator->name,
2,5,rectangle_java2.jpg,rectangle_java2.jpg,10929192194,68,781.4988235294118,690.3764705882353,730.5,694,177,21,System.out.println,18,class->block->function->block->block_content->expr_stmt->expr->call->name->name->operator->name->operator->name,
2,5,rectangle_java2.jpg,rectangle_java2.jpg,10929312201,76,844.4331578947368,683.8336842105263,730.5,694,177,21,System.out.println,18,class->block->function->block->block_content->expr_stmt->expr->call->name->name->operator->name->operator->name,
2,5,rectangle_java2.jpg,rectangle_java2.jpg,10929372226,56,849.0471428571428,685.7728571428571,730.5,694,177,21,System.out.println,18,class->block->function->block->block_content->expr_stmt->expr->call->name->name->operator->name->operator->name,
2,5,rectangle_java2.jpg,rectangle_java2.jpg,10929464258,88,851.4940909090909,688.2336363636364,730.5,694,177,21,System.out.println,18,class->block->function->block->block_content->expr_stmt->expr->call->name->name->operator->name->operator->name,
2,5,rectangle_java2.jpg,rectangle_java2.jpg,10929624120,132,954.6554545454544,711.4284848484848,932.5,694,100,21,rect1.area,10,class->block->function->block->block_content->expr_stmt->expr->call->argument_list->argument->expr->call->name->name->operator->name,
2,5,rectangle_java2.jpg,rectangle_java2.jpg,10929811989,184,951.7682608695652,709.1760869565218,932.5,694,100,21,rect1.area,10,class->block->function->block->block_content->expr_stmt->expr->call->argument_list->argument->expr->call->name->name->operator->name,
2,5,rectangle_java2.jpg,rectangle_java2.jpg,10929932114,116,957.916896551724,706.3693103448276,932.5,694,100,21,rect1.area,10,class->block->function->block->block_content->expr_stmt->expr->call->argument_list->argument->expr->call->name->name->operator->name,
2,5,rectangle_java2.jpg,rectangle_java2.jpg,10930944117,76,1113.3547368421052,733.6673684210526,1115.5,731,10,20,"""","""",1,class->block->function->block->block_content->decl_stmt->decl->init->expr->call->argument_list
2,5,rectangle_java2.jpg,rectangle_java2.jpg,10931424121,72,937.8955555555556,727.4644444444444,941.5,731,91,20,Rectangle,9,class->block->function->block->block_content->decl_stmt->decl->init->expr->call->name,
2,5,rectangle_java2.jpg,rectangle_java2.jpg,10931608001,84,777.6476190476191,711.8619047619047,730.5,694,177,21,System.out.println,18,class->block->function->block->block_content->expr_stmt->expr->call->name->name->operator->name->operator->name,
2,5,rectangle_java2.jpg,rectangle_java2.jpg,10931819966,208,765.4057692307692,733.3248076923077,730.5,731,91,20,Rectangle,9,class->block->function->block->block_content->decl_stmt->decl->type->name,
2,5,rectangle_java2.jpg,rectangle_java2.jpg,10932003981,64,836.49125,711.21875,730.5,694,177,21,System.out.println,18,class->block->function->block->block_content->expr_stmt->expr->call->name->name->operator->name->operator->name,
2,5,rectangle_java2.jpg,rectangle_java2.jpg,10932067970,60,822.9886666666666,724.0766666666667,826.5,731,51,20,rect2,5,class->block->function->block->block_content->decl_stmt->decl->name,
2,5,rectangle_java2.jpg,rectangle_java2.jpg,10932295975,96,1096.55875,690.4820833333333,1096.5,694,10,21,;,1,class->block->function->block->block_content->expr_stmt,
2,5,rectangle_java2.jpg,rectangle_java2.jpg,10932879985,112,1023.2285714285714,696.5678571428572,932.5,694,100,21,rect1.area,10,class->block->function->block->block_content->expr_stmt->expr->call->argument_list->argument->expr->call->name->name->operator->name,
2,5,rectangle_java2.jpg,rectangle_java2.jpg,10932999954,116,1018.6403448275862,694.4955172413793,932.5,694,100,21,rect1.area,10,class->block->function->block->block_content->expr_stmt->expr->call->argument_list->argument->expr->call->name->name->operator->name,
2,5,rectangle_java2.jpg,rectangle_java2.jpg,10933159957,156,1025.3925641025642,691.6694871794872,932.5,694,100,21,rect1.area,10,class->block->function->block->block_content->expr_stmt->expr->call->argument_list->argument->expr->call->name->name->operator->name,
2,5,rectangle_java2.jpg,rectangle_java2.jpg,10933243949,64,980.866875,662.98875,941.5,658,91,20,Rectangle,9,class->block->function->block->block_content->decl_stmt->decl->init->expr->call->name,
2,5,rectangle_java2.jpg,rectangle_java2.jpg,10933643808,176,850.71,279.47545454545457,833.5,259,23,21,y1,2,class->block->decl_stmt->decl->name,
2,5,rectangle_java2.jpg,rectangle_java2.jpg,10933779800,76,964.468947368421,266.2915789473684,959.5,259,10,21,;,1,class->block->decl_stmt,
2,5,rectangle_java2.jpg,rectangle_java2.jpg,10933931831,56,978.775,285.7007142857143,977.5,295,23,21,y1,2,class->block->constructor->parameter_list->parameter->decl->type->name,
2,5,rectangle_java2.jpg,rectangle_java2.jpg,10934131384,96,971.02125,299.9125,939.5,295,33,21,int,3,class->block->constructor->parameter_list->parameter->decl->type->name,
2,5,rectangle_java2.jpg,rectangle_java2.jpg,10934131384,96,971.02125,299.9125,977.5,295,23,21,y1,2,class->block->constructor->parameter_list->parameter->decl->type->name,
2,5,rectangle_java2.jpg,rectangle_java2.jpg,10934359764,116,907.7862068965516,265.1406896551724,911.5,259,10,21,"""","""",1,class->block->decl_stmt
2,5,rectangle_java2.jpg,rectangle_java2.jpg,10934451847,88,903.345,253.1554545454545,881.5,259,23,21,x2,2,class->block->decl_stmt->decl->name,
2,5,rectangle_java2.jpg,rectangle_java2.jpg,10934451847,88,903.345,253.1554545454545,911.5,259,10,21,"""","""",1,class->block->decl_stmt
2,5,rectangle_java2.jpg,rectangle_java2.jpg,10935395484,168,905.5361904761904,266.58,911.5,259,10,21,"""","""",1,class->block->decl_stmt
2,5,rectangle_java2.jpg,rectangle_java2.jpg,10935479542,80,916.241,267.1135,911.5,259,10,21,"""","""",1,class->block->decl_stmt
2,5,rectangle_java2.jpg,rectangle_java2.jpg,10935539604,56,907.9735714285714,275.50928571428574,911.5,259,10,21,"""","""",1,class->block->decl_stmt
2,5,rectangle_java2.jpg,rectangle_java2.jpg,10935799668,144,1097.8630555555555,662.1169444444445,1095.5,658,13,20,0,1,class->block->function->block->block_content->decl_stmt->decl->init->expr->call->argument_list->argument->expr->literal,
2,5,rectangle_java2.jpg,rectangle_java2.jpg,10937007688,136,1096.6623529411766,297.910294117647,1094.5,295,9,21,"""","""",1,class->block->constructor->parameter_list
2,5,rectangle_java2.jpg,rectangle_java2.jpg,10937903578,72,1140.6144444444444,291.2966666666667,1112.5,295,33,21,int,3,class->block->constructor->parameter_list->parameter->decl->type->name,
2,5,rectangle_java2.jpg,rectangle_java2.jpg,10937903578,72,1140.6144444444444,291.2966666666667,1150.5,295,23,21,y2,2,class->block->constructor->parameter_list->parameter->decl->type->name,
2,5,rectangle_java2.jpg,rectangle_java2.jpg,10938075541,88,1216.0554545454545,650.9609090909091,1211.5,658,9,20,),1,class->block->function->block->block_content->decl_stmt->decl->init->expr->call->argument_list,
2,5,rectangle_java2.jpg,rectangle_java2.jpg,10938143546,64,1222.205625,645.97875,1231.5,658,10,20,;,1,class->block->function->block->block_content->decl_stmt,
2,5,rectangle_java2.jpg,rectangle_java2.jpg,10938779555,180,1063.6815555555556,727.1368888888888,1057.5,731,13,20,5,1,class->block->function->block->block_content->decl_stmt->decl->init->expr->call->argument_list->argument->expr->literal,
2,5,rectangle_java2.jpg,rectangle_java2.jpg,10938875529,92,1054.6839130434782,722.5530434782609,1057.5,731,13,20,5,1,class->block->function->block->block_content->decl_stmt->decl->init->expr->call->argument_list->argument->expr->literal,
2,5,rectangle_java2.jpg,rectangle_java2.jpg,10939011379,124,907.3558064516128,721.5341935483871,902.5,731,34,20,new,3,class->block->function->block->block_content->decl_stmt->decl->init->expr->operator,
2,5,rectangle_java2.jpg,rectangle_java2.jpg,10939303379,56,787.2478571428571,727.0735714285714,730.5,731,91,20,Rectangle,9,class->block->function->block->block_content->decl_stmt->decl->type->name,
2,5,rectangle_java2.jpg,rectangle_java2.jpg,10939411427,104,757.7253846153847,726.2273076923077,730.5,731,91,20,Rectangle,9,class->block->function->block->block_content->decl_stmt->decl->type->name,
2,5,rectangle_java2.jpg,rectangle_java2.jpg,10939507426,92,766.0760869565217,711.4634782608696,730.5,694,177,21,System.out.println,18,class->block->function->block->block_content->expr_stmt->expr->call->name->name->operator->name->operator->name,
2,5,rectangle_java2.jpg,rectangle_java2.jpg,10939575420,56,832.7757142857143,719.5992857142858,826.5,731,51,20,rect2,5,class->block->function->block->block_content->decl_stmt->decl->name,
2,5,rectangle_java2.jpg,rectangle_java2.jpg,10939803433,64,996.265,730.6525,941.5,731,91,20,Rectangle,9,class->block->function->block->block_content->decl_stmt->decl->init->expr->call->name,
2,5,rectangle_java2.jpg,rectangle_java2.jpg,10939907438,100,997.936,737.71,941.5,731,91,20,Rectangle,9,class->block->function->block->block_content->decl_stmt->decl->init->expr->call->name,
2,5,rectangle_java2.jpg,rectangle_java2.jpg,10940123394,64,1100.236875,750.07375,1095.5,731,13,20,5,1,class->block->function->block->block_content->decl_stmt->decl->init->expr->call->argument_list->argument->expr->literal,
2,5,rectangle_java2.jpg,rectangle_java2.jpg,10940231398,104,1105.8492307692309,747.8,1095.5,731,13,20,5,1,class->block->function->block->block_content->decl_stmt->decl->init->expr->call->argument_list->argument->expr->literal,
2,5,rectangle_java2.jpg,rectangle_java2.jpg,10940231398,104,1105.8492307692309,747.8,1115.5,731,10,20,"""","""",1,class->block->function->block->block_content->decl_stmt->decl->init->expr->call->argument_list
2,5,rectangle_java2.jpg,rectangle_java2.jpg,10940999313,96,1160.419583333333,746.2858333333334,1163.5,731,10,20,"""","""",1,class->block->function->block->block_content->decl_stmt->decl->init->expr->call->argument_list
2,5,rectangle_java2.jpg,rectangle_java2.jpg,10941071327,68,1105.6117647058825,753.765294117647,1096.5,766,10,21,;,1,class->block->function->block->block_content->expr_stmt,
2,5,rectangle_java2.jpg,rectangle_java2.jpg,10941571434,60,872.976,758.1866666666667,730.5,766,177,21,System.out.println,18,class->block->function->block->block_content->expr_stmt->expr->call->name->name->operator->name->operator->name,
2,5,rectangle_java2.jpg,rectangle_java2.jpg,10941711340,136,856.7864705882353,754.5685294117648,730.5,766,177,21,System.out.println,18,class->block->function->block->block_content->expr_stmt->expr->call->name->name->operator->name->operator->name,
2,5,rectangle_java2.jpg,rectangle_java2.jpg,10941927299,64,1092.114375,746.020625,1095.5,731,13,20,5,1,class->block->function->block->block_content->decl_stmt->decl->init->expr->call->argument_list->argument->expr->literal,
2,5,rectangle_java2.jpg,rectangle_java2.jpg,10942051291,120,1109.387,745.4936666666666,1115.5,731,10,20,"""","""",1,class->block->function->block->block_content->decl_stmt->decl->init->expr->call->argument_list
2,5,rectangle_java2.jpg,rectangle_java2.jpg,10942675293,80,1163.269,744.5935,1163.5,731,10,20,"""","""",1,class->block->function->block->block_content->decl_stmt->decl->init->expr->call->argument_list
2,5,rectangle_java2.jpg,rectangle_java2.jpg,10942775271,96,1162.1083333333331,740.9166666666666,1163.5,731,10,20,"""","""",1,class->block->function->block->block_content->decl_stmt->decl->init->expr->call->argument_list
2,5,rectangle_java2.jpg,rectangle_java2.jpg,10943007088,84,1107.2328571428573,285.0733333333333,1112.5,295,33,21,int,3,class->block->constructor->parameter_list->parameter->decl->type->name,
2,5,rectangle_java2.jpg,rectangle_java2.jpg,10943103139,92,1109.2582608695652,289.6408695652174,1112.5,295,33,21,int,3,class->block->constructor->parameter_list->parameter->decl->type->name,
2,5,rectangle_java2.jpg,rectangle_java2.jpg,10943575213,124,1087.1674193548388,296.8274193548387,1094.5,295,9,21,"""","""",1,class->block->constructor->parameter_list
2,5,rectangle_java2.jpg,rectangle_java2.jpg,10943639198,60,1092.978,300.718,1094.5,295,9,21,"""","""",1,class->block->constructor->parameter_list
2,5,rectangle_java2.jpg,rectangle_java2.jpg,10943918816,156,1214.366923076923,741.0205128205129,1211.5,731,9,20,),1,class->block->function->block->block_content->decl_stmt->decl->init->expr->call->argument_list,
2,5,rectangle_java2.jpg,rectangle_java2.jpg,10943986703,64,1203.884375,745.45125,1182.5,731,22,20,10,2,class->block->function->block->block_content->decl_stmt->decl->init->expr->call->argument_list->argument->expr->literal,
2,5,rectangle_java2.jpg,rectangle_java2.jpg,10943986703,64,1203.884375,745.45125,1211.5,731,9,20,),1,class->block->function->block->block_content->decl_stmt->decl->init->expr->call->argument_list,
2,5,rectangle_java2.jpg,rectangle_java2.jpg,10944543152,84,796.8495238095238,782.8019047619048,730.5,766,177,21,System.out.println,18,class->block->function->block->block_content->expr_stmt->expr->call->name->name->operator->name->operator->name,
2,5,rectangle_java2.jpg,rectangle_java2.jpg,10944667086,120,782.309,785.9363333333333,730.5,766,177,21,System.out.println,18,class->block->function->block->block_content->expr_stmt->expr->call->name->name->operator->name->operator->name,
2,5,rectangle_java2.jpg,rectangle_java2.jpg,10945279120,60,1017.0006666666668,646.1073333333334,941.5,658,91,20,Rectangle,9,class->block->function->block->block_content->decl_stmt->decl->init->expr->call->name,
2,5,rectangle_java2.jpg,rectangle_java2.jpg,10945391220,64,1020.20125,628.598125,1025.5,621,42,21,args,4,class->block->function->parameter_list->parameter->decl->name,
2,5,rectangle_java2.jpg,rectangle_java2.jpg,10945471164,56,999.9678571428572,649.7964285714286,941.5,658,91,20,Rectangle,9,class->block->function->block->block_content->decl_stmt->decl->init->expr->call->name,
2,5,rectangle_java2.jpg,rectangle_java2.jpg,10945531106,56,1006.3571428571428,635.3835714285714,1007.5,621,10,21,],1,class->block->function->parameter_list->parameter->decl->type->name->index,
2,5,rectangle_java2.jpg,rectangle_java2.jpg,10945807011,232,1036.183620689655,548.4331034482759,968.5,549,70,21,this.y2,7,class->block->function->block->block_content->return->expr->name->name->operator->name,
2,5,rectangle_java2.jpg,rectangle_java2.jpg,10945807011,232,1036.183620689655,548.4331034482759,1045.5,549,13,21,-,1,class->block->function->block->block_content->return->expr->operator,
2,5,rectangle_java2.jpg,rectangle_java2.jpg,10945990990,100,1114.196,539.0436,1064.5,549,71,21,this.y1,7,class->block->function->block->block_content->return->expr->name->name->operator->name,
2,5,rectangle_java2.jpg,rectangle_java2.jpg,10946151244,112,1130.895,584.9017857142857,1122.5,585,12,21,*,1,class->block->function->block->block_content->return->expr->operator,
2,5,rectangle_java2.jpg,rectangle_java2.jpg,10946151244,112,1130.895,584.9017857142857,1140.5,585,110,21,this.height,11,class->block->function->block->block_content->return->expr->call->name->name->operator->name,
2,5,rectangle_java2.jpg,rectangle_java2.jpg,10946255292,100,1124.0596,588.5472,1122.5,585,12,21,*,1,class->block->function->block->block_content->return->expr->operator,
2,5,rectangle_java2.jpg,rectangle_java2.jpg,10946343163,72,1054.2872222222222,590.9255555555555,977.5,585,101,21,this.width,10,class->block->function->block->block_content->return->expr->call->name->name->operator->name,
2,5,rectangle_java2.jpg,rectangle_java2.jpg,10946646824,300,1048.1250666666667,580.648,977.5,585,101,21,this.width,10,class->block->function->block->block_content->return->expr->call->name->name->operator->name,
2,5,rectangle_java2.jpg,rectangle_java2.jpg,10946754864,64,1133.82125,542.99375,1064.5,549,71,21,this.y1,7,class->block->function->block->block_content->return->expr->name->name->operator->name,
2,5,rectangle_java2.jpg,rectangle_java2.jpg,10946754864,64,1133.82125,542.99375,1142.5,549,10,21,;,1,class->block->function->block->block_content->return,
2,5,rectangle_java2.jpg,rectangle_java2.jpg,10946866889,56,1135.9092857142855,546.1057142857143,1142.5,549,10,21,;,1,class->block->function->block->block_content->return,
2,5,rectangle_java2.jpg,rectangle_java2.jpg,10946926891,56,1119.9585714285713,548.4635714285714,1064.5,549,71,21,this.y1,7,class->block->function->block->block_content->return->expr->name->name->operator->name,
2,5,rectangle_java2.jpg,rectangle_java2.jpg,10947050887,68,1050.6247058823528,545.2411764705882,1045.5,549,13,21,-,1,class->block->function->block->block_content->return->expr->operator,
2,5,rectangle_java2.jpg,rectangle_java2.jpg,10947222846,168,1035.799761904762,542.0533333333333,968.5,549,70,21,this.y2,7,class->block->function->block->block_content->return->expr->name->name->operator->name,
2,5,rectangle_java2.jpg,rectangle_java2.jpg,10947222846,168,1035.799761904762,542.0533333333333,1045.5,549,13,21,-,1,class->block->function->block->block_content->return->expr->operator,
2,5,rectangle_java2.jpg,rectangle_java2.jpg,10947350831,124,1043.852258064516,548.1248387096774,1045.5,549,13,21,-,1,class->block->function->block->block_content->return->expr->operator,
2,5,rectangle_java2.jpg,rectangle_java2.jpg,10947514830,100,1105.7808,525.7716,1054.5,512,71,21,this.x1,7,class->block->function->block->block_content->return->expr->name->name->operator->name,
2,5,rectangle_java2.jpg,rectangle_java2.jpg,10947590836,72,1114.03,524.95,1054.5,512,71,21,this.x1,7,class->block->function->block->block_content->return->expr->name->name->operator->name,
2,5,rectangle_java2.jpg,rectangle_java2.jpg,10947714847,76,991.642105263158,537.82,968.5,549,70,21,this.y2,7,class->block->function->block->block_content->return->expr->name->name->operator->name,
2,5,rectangle_java2.jpg,rectangle_java2.jpg,10947838859,80,815.2645,551.962,775.5,549,62,21,height,6,class->block->function->name,
2,5,rectangle_java2.jpg,rectangle_java2.jpg,10947966874,124,812.6832258064517,554.5103225806452,775.5,549,62,21,height,6,class->block->function->name,
2,5,rectangle_java2.jpg,rectangle_java2.jpg,10948098875,72,1063.2416666666666,307.9788888888889,1063.5,295,23,21,x2,2,class->block->constructor->parameter_list->parameter->decl->type->name,
2,5,rectangle_java2.jpg,rectangle_java2.jpg,10948286878,184,1073.7113043478262,305.4302173913043,1063.5,295,23,21,x2,2,class->block->constructor->parameter_list->parameter->decl->type->name,
2,5,rectangle_java2.jpg,rectangle_java2.jpg,10948918627,92,784.7460869565217,339.8386956521739,730.5,331,71,19,this.x1,7,class->block->constructor->block->block_content->expr_stmt->expr->name->name->operator->name,
2,5,rectangle_java2.jpg,rectangle_java2.jpg,10948982447,60,779.8813333333334,349.56466666666665,730.5,331,71,19,this.x1,7,class->block->constructor->block->block_content->expr_stmt->expr->name->name->operator->name,
2,5,rectangle_java2.jpg,rectangle_java2.jpg,10949042354,56,784.7464285714286,341.66714285714284,730.5,331,71,19,this.x1,7,class->block->constructor->block->block_content->expr_stmt->expr->name->name->operator->name,
2,5,rectangle_java2.jpg,rectangle_java2.jpg,10949158474,64,829.16125,342.88875,826.5,331,23,19,x1,2,class->block->constructor->block->block_content->expr_stmt->expr->name->name,
2,5,rectangle_java2.jpg,rectangle_java2.jpg,10949322659,160,823.34525,341.951,826.5,331,23,19,x1,2,class->block->constructor->block->block_content->expr_stmt->expr->name->name,
2,5,rectangle_java2.jpg,rectangle_java2.jpg,10949502742,80,828.716,408.265,826.5,404,23,19,x2,2,class->block->constructor->block->block_content->expr_stmt->expr->name->name,
2,5,rectangle_java2.jpg,rectangle_java2.jpg,10949694795,72,783.05,376.3022222222222,730.5,367,71,21,this.y1,7,class->block->constructor->block->block_content->expr_stmt->expr->name->name->operator->name,
2,5,rectangle_java2.jpg,rectangle_java2.jpg,10949878764,180,784.4666666666667,386.8522222222222,730.5,367,71,21,this.y1,7,class->block->constructor->block->block_content->expr_stmt->expr->name->name->operator->name,
2,5,rectangle_java2.jpg,rectangle_java2.jpg,10950330667,92,794.9417391304348,458.50956521739135,730.5,440,71,21,this.y2,7,class->block->constructor->block->block_content->expr_stmt->expr->name->name->operator->name,
2,5,rectangle_java2.jpg,rectangle_java2.jpg,10950330667,92,794.9417391304348,458.50956521739135,806.5,440,15,21,=,1,class->block->constructor->block->block_content->expr_stmt->expr->operator,
2,5,rectangle_java2.jpg,rectangle_java2.jpg,10950390585,56,795.1857142857143,460.26,730.5,440,71,21,this.y2,7,class->block->constructor->block->block_content->expr_stmt->expr->name->name->operator->name,
2,5,rectangle_java2.jpg,rectangle_java2.jpg,10950390585,56,795.1857142857143,460.26,806.5,440,15,21,=,1,class->block->constructor->block->block_content->expr_stmt->expr->operator,
