trial,participant,code_file,code_language,timestamp,duration,x_cord,y_cord,aoi_x,aoi_y,aoi_width,aoi_height,token,length,srcML,
2,76,rectangle_java2.jpg,rectangle_java2.jpg,192494280,72,719.9372222222222,246.8222222222222,669.5,259,72,21,private,7,class->block->decl_stmt->decl->type->specifier,
2,76,rectangle_java2.jpg,rectangle_java2.jpg,192570327,72,721.5477777777778,256.3722222222222,669.5,259,72,21,private,7,class->block->decl_stmt->decl->type->specifier,
2,76,rectangle_java2.jpg,rectangle_java2.jpg,192670334,68,708.6376470588235,275.65294117647056,669.5,259,72,21,private,7,class->block->decl_stmt->decl->type->specifier,
2,76,rectangle_java2.jpg,rectangle_java2.jpg,194686209,68,774.1264705882353,247.93941176470588,747.5,259,33,21,int,3,class->block->decl_stmt->decl->type->name,
2,76,rectangle_java2.jpg,rectangle_java2.jpg,194686209,68,774.1264705882353,247.93941176470588,785.5,259,23,21,x1,2,class->block->decl_stmt->decl->name,
2,76,rectangle_java2.jpg,rectangle_java2.jpg,195029790,88,787.5872727272728,253.775,785.5,259,23,21,x1,2,class->block->decl_stmt->decl->name,
2,76,rectangle_java2.jpg,rectangle_java2.jpg,195350191,76,767.13,234.75157894736844,715.5,222,90,21,Rectangle,9,class->name,
2,76,rectangle_java2.jpg,rectangle_java2.jpg,197350024,56,932.6464285714286,248.79714285714283,929.5,259,23,21,y2,2,class->block->decl_stmt->decl->name,
2,76,rectangle_java2.jpg,rectangle_java2.jpg,197622140,56,752.6935714285714,237.19214285714287,715.5,222,90,21,Rectangle,9,class->name,
2,76,rectangle_java2.jpg,rectangle_java2.jpg,197714033,88,743.3877272727273,233.59590909090912,715.5,222,90,21,Rectangle,9,class->name,
2,76,rectangle_java2.jpg,rectangle_java2.jpg,197813975,76,669.1121052631579,235.66263157894736,657.5,222,52,21,class,5,class,
2,76,rectangle_java2.jpg,rectangle_java2.jpg,199145974,56,659.0221428571429,255.36785714285716,669.5,259,72,21,private,7,class->block->decl_stmt->decl->type->specifier,
2,76,rectangle_java2.jpg,rectangle_java2.jpg,199555067,56,752.5457142857143,226.8,715.5,222,90,21,Rectangle,9,class->name,
2,76,rectangle_java2.jpg,rectangle_java2.jpg,200836817,72,656.3277777777778,218.08000000000004,657.5,222,52,21,class,5,class,
2,76,rectangle_java2.jpg,rectangle_java2.jpg,201088805,68,755.934705882353,224.2194117647059,715.5,222,90,21,Rectangle,9,class->name,
2,76,rectangle_java2.jpg,rectangle_java2.jpg,209096167,64,759.761875,218.654375,715.5,222,90,21,Rectangle,9,class->name,
2,76,rectangle_java2.jpg,rectangle_java2.jpg,209419808,68,804.1458823529412,252.22000000000003,785.5,259,23,21,x1,2,class->block->decl_stmt->decl->name,
2,76,rectangle_java2.jpg,rectangle_java2.jpg,209419808,68,804.1458823529412,252.22000000000003,815.5,259,10,21,"""","""",1,class->block->decl_stmt
2,76,rectangle_java2.jpg,rectangle_java2.jpg,209643653,80,803.234,241.5855,715.5,222,90,21,Rectangle,9,class->name,
2,76,rectangle_java2.jpg,rectangle_java2.jpg,209643653,80,803.234,241.5855,813.5,222,10,21,{,1,class->block,
2,76,rectangle_java2.jpg,rectangle_java2.jpg,209711822,64,759.603125,238.025625,715.5,222,90,21,Rectangle,9,class->name,
2,76,rectangle_java2.jpg,rectangle_java2.jpg,209775963,60,749.8006666666666,241.05533333333332,715.5,222,90,21,Rectangle,9,class->name,
2,76,rectangle_java2.jpg,rectangle_java2.jpg,209915969,56,750.7242857142858,216.03357142857143,715.5,222,90,21,Rectangle,9,class->name,
2,76,rectangle_java2.jpg,rectangle_java2.jpg,210084009,56,757.3064285714286,228.61642857142857,715.5,222,90,21,Rectangle,9,class->name,
2,76,rectangle_java2.jpg,rectangle_java2.jpg,210835957,56,732.6114285714285,217.3042857142857,715.5,222,90,21,Rectangle,9,class->name,
2,76,rectangle_java2.jpg,rectangle_java2.jpg,210931919,60,779.2766666666666,298.82533333333333,737.5,295,91,21,Rectangle,9,class->block->constructor->name,
2,76,rectangle_java2.jpg,rectangle_java2.jpg,212939772,76,741.8347368421053,392.2394736842105,730.5,404,71,19,this.x2,7,class->block->constructor->block->block_content->expr_stmt->expr->name->name->operator->name,
2,76,rectangle_java2.jpg,rectangle_java2.jpg,218927211,60,806.8373333333334,398.39,806.5,404,15,19,=,1,class->block->constructor->block->block_content->expr_stmt->expr->operator,
2,76,rectangle_java2.jpg,rectangle_java2.jpg,220591086,60,783.5600000000001,442.3313333333333,730.5,440,71,21,this.y2,7,class->block->constructor->block->block_content->expr_stmt->expr->name->name->operator->name,
2,76,rectangle_java2.jpg,rectangle_java2.jpg,225298698,68,785.6188235294118,446.4235294117648,730.5,440,71,21,this.y2,7,class->block->constructor->block->block_content->expr_stmt->expr->name->name->operator->name,
2,76,rectangle_java2.jpg,rectangle_java2.jpg,225806691,56,833.52,430.9371428571428,826.5,440,23,21,y2,2,class->block->constructor->block->block_content->expr_stmt->expr->name->name,
2,76,rectangle_java2.jpg,rectangle_java2.jpg,228646400,64,1155.301875,517.770625,1152.5,512,10,21,},1,class->block,
2,76,rectangle_java2.jpg,rectangle_java2.jpg,229738288,76,864.71,525.9094736842105,874.5,512,10,21,{,1,class->block->function->block,
2,76,rectangle_java2.jpg,rectangle_java2.jpg,236497757,60,852.648,254.19333333333333,833.5,259,23,21,y1,2,class->block->decl_stmt->decl->name,
2,76,rectangle_java2.jpg,rectangle_java2.jpg,236497757,60,852.648,254.19333333333333,863.5,259,10,21,"""","""",1,class->block->decl_stmt
2,76,rectangle_java2.jpg,rectangle_java2.jpg,239533414,76,797.4473684210526,260.9542105263158,785.5,259,23,21,x1,2,class->block->decl_stmt->decl->name,
2,76,rectangle_java2.jpg,rectangle_java2.jpg,239769503,60,822.546,339.652,826.5,331,23,19,x1,2,class->block->constructor->block->block_content->expr_stmt->expr->name->name,
2,76,rectangle_java2.jpg,rectangle_java2.jpg,242937268,56,1121.125,500.3414285714285,1054.5,512,71,21,this.x1,7,class->block->function->block->block_content->return->expr->name->name->operator->name,
2,76,rectangle_java2.jpg,rectangle_java2.jpg,242937268,56,1121.125,500.3414285714285,1132.5,512,10,21,;,1,class->block->function->block,
2,76,rectangle_java2.jpg,rectangle_java2.jpg,252776429,68,895.0347058823529,515.8505882352941,891.5,512,62,21,return,6,class->block->function->block->block_content->return->expr->name->name,
