trial,participant,code_file,code_language,timestamp,duration,x_cord,y_cord,aoi_x,aoi_y,aoi_width,aoi_height,token,length,srcML,
2,87,rectangle_java2.jpg,rectangle_java2.jpg,7124003432,120,697.5796666666666,235.94066666666663,657.5,222,52,21,class,5,class,
2,87,rectangle_java2.jpg,rectangle_java2.jpg,7124099416,92,700.1617391304347,239.16478260869565,657.5,222,52,21,class,5,class,
2,87,rectangle_java2.jpg,rectangle_java2.jpg,7124367396,220,850.3267272727272,293.6674545454546,853.5,295,32,21,int,3,class->block->constructor->parameter_list->parameter->decl->type->name,
2,87,rectangle_java2.jpg,rectangle_java2.jpg,7124671262,68,1074.0588235294117,632.4035294117647,1074.5,621,10,21,),1,class->block->function->parameter_list,
2,87,rectangle_java2.jpg,rectangle_java2.jpg,7124759310,84,1063.5109523809524,639.2861904761904,1025.5,621,42,21,args,4,class->block->function->parameter_list->parameter->decl->name,
2,87,rectangle_java2.jpg,rectangle_java2.jpg,7124759310,84,1063.5109523809524,639.2861904761904,1074.5,621,10,21,),1,class->block->function->parameter_list,
2,87,rectangle_java2.jpg,rectangle_java2.jpg,7125195292,152,770.5978947368421,509.2413157894737,775.5,512,53,21,width,5,class->block->function->name,
2,87,rectangle_java2.jpg,rectangle_java2.jpg,7125311290,112,767.2539285714286,505.7435714285714,737.5,512,33,21,int,3,class->block->function->type->name,
2,87,rectangle_java2.jpg,rectangle_java2.jpg,7125311290,112,767.2539285714286,505.7435714285714,775.5,512,53,21,width,5,class->block->function->name,
2,87,rectangle_java2.jpg,rectangle_java2.jpg,7125731373,244,948.6067213114754,298.4704918032787,939.5,295,33,21,int,3,class->block->constructor->parameter_list->parameter->decl->type->name,
2,87,rectangle_java2.jpg,rectangle_java2.jpg,7126263243,200,1068.0306,309.601,1063.5,295,23,21,x2,2,class->block->constructor->parameter_list->parameter->decl->type->name,
2,87,rectangle_java2.jpg,rectangle_java2.jpg,7126511155,196,719.065306122449,274.5542857142857,669.5,259,72,21,private,7,class->block->decl_stmt->decl->type->specifier,
2,87,rectangle_java2.jpg,rectangle_java2.jpg,7126727117,148,661.5697297297297,232.71945945945947,657.5,222,52,21,class,5,class,
2,87,rectangle_java2.jpg,rectangle_java2.jpg,7127111194,160,785.90075,248.34275,785.5,259,23,21,x1,2,class->block->decl_stmt->decl->name,
2,87,rectangle_java2.jpg,rectangle_java2.jpg,7127367209,140,834.0508571428571,283.16114285714286,837.5,295,9,21,(,1,class->block->constructor->parameter_list,
2,87,rectangle_java2.jpg,rectangle_java2.jpg,7127623235,220,719.0683636363636,284.12054545454544,669.5,295,63,21,public,6,class->block->constructor->specifier,
2,87,rectangle_java2.jpg,rectangle_java2.jpg,7127799204,116,924.5737931034485,293.00344827586207,921.5,295,9,21,"""","""",1,class->block->constructor->parameter_list
2,87,rectangle_java2.jpg,rectangle_java2.jpg,7127859179,56,924.3664285714286,294.185,921.5,295,9,21,"""","""",1,class->block->constructor->parameter_list
2,87,rectangle_java2.jpg,rectangle_java2.jpg,7128107178,212,990.5071698113208,296.53150943396224,977.5,295,23,21,y1,2,class->block->constructor->parameter_list->parameter->decl->type->name,
2,87,rectangle_java2.jpg,rectangle_java2.jpg,7128195162,60,957.9573333333332,305.4986666666667,939.5,295,33,21,int,3,class->block->constructor->parameter_list->parameter->decl->type->name,
2,87,rectangle_java2.jpg,rectangle_java2.jpg,7128259113,60,955.5713333333332,285.49133333333333,939.5,295,33,21,int,3,class->block->constructor->parameter_list->parameter->decl->type->name,
2,87,rectangle_java2.jpg,rectangle_java2.jpg,7128535043,228,709.16,271.6077192982456,669.5,259,72,21,private,7,class->block->decl_stmt->decl->type->specifier,
2,87,rectangle_java2.jpg,rectangle_java2.jpg,7128639048,56,673.4114285714286,242.235,657.5,222,52,21,class,5,class,
2,87,rectangle_java2.jpg,rectangle_java2.jpg,7128703052,60,689.0866666666667,266.028,669.5,259,72,21,private,7,class->block->decl_stmt->decl->type->specifier,
2,87,rectangle_java2.jpg,rectangle_java2.jpg,7128819067,56,685.4078571428571,246.89357142857145,669.5,259,72,21,private,7,class->block->decl_stmt->decl->type->specifier,
2,87,rectangle_java2.jpg,rectangle_java2.jpg,7130120626,68,746.1723529411764,256.4570588235294,747.5,259,33,21,int,3,class->block->decl_stmt->decl->type->name,
2,87,rectangle_java2.jpg,rectangle_java2.jpg,7130301738,172,756.0441860465116,267.1483720930233,747.5,259,33,21,int,3,class->block->decl_stmt->decl->type->name,
2,87,rectangle_java2.jpg,rectangle_java2.jpg,7130484868,124,816.8883870967742,268.4632258064516,815.5,259,10,21,"""","""",1,class->block->decl_stmt
2,87,rectangle_java2.jpg,rectangle_java2.jpg,7130553901,64,815.695,276.605,815.5,259,10,21,"""","""",1,class->block->decl_stmt
2,87,rectangle_java2.jpg,rectangle_java2.jpg,7130630689,56,723.9878571428571,274.67857142857144,669.5,259,72,21,private,7,class->block->decl_stmt->decl->type->specifier,
2,87,rectangle_java2.jpg,rectangle_java2.jpg,7130814711,180,716.5586666666667,263.86688888888887,669.5,259,72,21,private,7,class->block->decl_stmt->decl->type->specifier,
2,87,rectangle_java2.jpg,rectangle_java2.jpg,7130886712,56,822.5192857142857,260.3385714285714,815.5,259,10,21,"""","""",1,class->block->decl_stmt
2,87,rectangle_java2.jpg,rectangle_java2.jpg,7130886712,56,822.5192857142857,260.3385714285714,833.5,259,23,21,y1,2,class->block->decl_stmt->decl->name,
2,87,rectangle_java2.jpg,rectangle_java2.jpg,7131006660,116,837.6124137931034,266.5341379310345,833.5,259,23,21,y1,2,class->block->decl_stmt->decl->name,
2,87,rectangle_java2.jpg,rectangle_java2.jpg,7131190646,140,941.5628571428572,274.56514285714286,929.5,259,23,21,y2,2,class->block->decl_stmt->decl->name,
2,87,rectangle_java2.jpg,rectangle_java2.jpg,7131514605,272,719.4717647058824,271.0967647058824,669.5,259,72,21,private,7,class->block->decl_stmt->decl->type->specifier,
2,87,rectangle_java2.jpg,rectangle_java2.jpg,7131686593,128,785.739375,277.344375,785.5,259,23,21,x1,2,class->block->decl_stmt->decl->name,
2,87,rectangle_java2.jpg,rectangle_java2.jpg,7132066552,132,808.9196969696969,278.0030303030303,815.5,259,10,21,"""","""",1,class->block->decl_stmt
2,87,rectangle_java2.jpg,rectangle_java2.jpg,7132506555,176,984.0702272727272,283.13136363636363,977.5,295,23,21,y1,2,class->block->constructor->parameter_list->parameter->decl->type->name,
2,87,rectangle_java2.jpg,rectangle_java2.jpg,7132670557,160,964.881,285.56625,939.5,295,33,21,int,3,class->block->constructor->parameter_list->parameter->decl->type->name,
2,87,rectangle_java2.jpg,rectangle_java2.jpg,7132954540,224,739.7523214285715,314.9273214285714,737.5,295,91,21,Rectangle,9,class->block->constructor->name,
2,87,rectangle_java2.jpg,rectangle_java2.jpg,7133166558,172,798.4920930232558,307.6781395348837,737.5,295,91,21,Rectangle,9,class->block->constructor->name,
2,87,rectangle_java2.jpg,rectangle_java2.jpg,7133450442,248,708.7645161290322,307.2174193548387,669.5,295,63,21,public,6,class->block->constructor->specifier,
2,87,rectangle_java2.jpg,rectangle_java2.jpg,7133518357,56,912.3664285714284,308.195,890.5,295,24,21,x1,2,class->block->constructor->parameter_list->parameter->decl->type->name,
2,87,rectangle_java2.jpg,rectangle_java2.jpg,7133518357,56,912.3664285714284,308.195,921.5,295,9,21,"""","""",1,class->block->constructor->parameter_list
2,87,rectangle_java2.jpg,rectangle_java2.jpg,7133782417,260,927.7712307692308,312.41492307692306,921.5,295,9,21,"""","""",1,class->block->constructor->parameter_list
2,87,rectangle_java2.jpg,rectangle_java2.jpg,7133782417,260,927.7712307692308,312.41492307692306,939.5,295,33,21,int,3,class->block->constructor->parameter_list->parameter->decl->type->name,
2,87,rectangle_java2.jpg,rectangle_java2.jpg,7133850418,56,1030.8721428571428,315.235,1025.5,295,33,21,int,3,class->block->constructor->parameter_list->parameter->decl->type->name,
2,87,rectangle_java2.jpg,rectangle_java2.jpg,7134594323,56,1184.813571428571,309.67857142857144,1180.5,295,9,21,),1,class->block->constructor->parameter_list,
2,87,rectangle_java2.jpg,rectangle_java2.jpg,7134822374,176,773.6879545454545,285.4709090909091,737.5,295,91,21,Rectangle,9,class->block->constructor->name,
2,87,rectangle_java2.jpg,rectangle_java2.jpg,7134962381,60,713.454,301.7506666666667,669.5,295,63,21,public,6,class->block->constructor->specifier,
2,87,rectangle_java2.jpg,rectangle_java2.jpg,7135198438,92,781.5717391304348,300.7504347826087,737.5,295,91,21,Rectangle,9,class->block->constructor->name,
2,87,rectangle_java2.jpg,rectangle_java2.jpg,7135318421,116,786.3213793103448,313.32758620689657,737.5,295,91,21,Rectangle,9,class->block->constructor->name,
2,87,rectangle_java2.jpg,rectangle_java2.jpg,7135434775,64,852.960625,279.485625,833.5,259,23,21,y1,2,class->block->decl_stmt->decl->name,
2,87,rectangle_java2.jpg,rectangle_java2.jpg,7135434775,64,852.960625,279.485625,863.5,259,10,21,"""","""",1,class->block->decl_stmt
2,87,rectangle_java2.jpg,rectangle_java2.jpg,7135730214,288,861.6095833333334,286.98597222222224,853.5,295,32,21,int,3,class->block->constructor->parameter_list->parameter->decl->type->name,
2,87,rectangle_java2.jpg,rectangle_java2.jpg,7135806270,64,737.3356249999999,286.990625,737.5,295,91,21,Rectangle,9,class->block->constructor->name,
2,87,rectangle_java2.jpg,rectangle_java2.jpg,7136002262,192,729.8745833333334,273.72041666666667,669.5,259,72,21,private,7,class->block->decl_stmt->decl->type->specifier,
2,87,rectangle_java2.jpg,rectangle_java2.jpg,7136210290,156,806.475641025641,285.7933333333333,737.5,295,91,21,Rectangle,9,class->block->constructor->name,
2,87,rectangle_java2.jpg,rectangle_java2.jpg,7136354294,140,809.6048571428571,289.54657142857144,737.5,295,91,21,Rectangle,9,class->block->constructor->name,
2,87,rectangle_java2.jpg,rectangle_java2.jpg,7136446293,88,810.1622727272727,268.9790909090909,815.5,259,10,21,"""","""",1,class->block->decl_stmt
2,87,rectangle_java2.jpg,rectangle_java2.jpg,7136546286,80,750.168,277.4035,747.5,259,33,21,int,3,class->block->decl_stmt->decl->type->name,
2,87,rectangle_java2.jpg,rectangle_java2.jpg,7136670287,120,748.1643333333334,275.478,747.5,259,33,21,int,3,class->block->decl_stmt->decl->type->name,
2,87,rectangle_java2.jpg,rectangle_java2.jpg,7137038295,64,831.763125,283.468125,837.5,295,9,21,(,1,class->block->constructor->parameter_list,
2,87,rectangle_java2.jpg,rectangle_java2.jpg,7137242278,200,834.8336,293.8856,837.5,295,9,21,(,1,class->block->constructor->parameter_list,
2,87,rectangle_java2.jpg,rectangle_java2.jpg,7137770173,196,754.7404081632653,305.9485714285714,737.5,295,91,21,Rectangle,9,class->block->constructor->name,
2,87,rectangle_java2.jpg,rectangle_java2.jpg,7138014155,208,801.9415384615385,322.32115384615383,806.5,331,15,19,=,1,class->block->constructor->block->block_content->expr_stmt->expr->operator,
2,87,rectangle_java2.jpg,rectangle_java2.jpg,7138154134,112,906.9385714285714,311.2103571428572,890.5,295,24,21,x1,2,class->block->constructor->parameter_list->parameter->decl->type->name,
2,87,rectangle_java2.jpg,rectangle_java2.jpg,7138742125,80,871.8105,309.801,853.5,295,32,21,int,3,class->block->constructor->parameter_list->parameter->decl->type->name,
2,87,rectangle_java2.jpg,rectangle_java2.jpg,7139122106,112,731.6739285714285,325.9739285714286,730.5,331,71,19,this.x1,7,class->block->constructor->block->block_content->expr_stmt->expr->name->name->operator->name,
2,87,rectangle_java2.jpg,rectangle_java2.jpg,7139221972,96,725.435,305.51666666666665,669.5,295,63,21,public,6,class->block->constructor->specifier,
2,87,rectangle_java2.jpg,rectangle_java2.jpg,7139221972,96,725.435,305.51666666666665,737.5,295,91,21,Rectangle,9,class->block->constructor->name,
2,87,rectangle_java2.jpg,rectangle_java2.jpg,7139293955,68,725.6294117647059,293.9329411764706,669.5,295,63,21,public,6,class->block->constructor->specifier,
2,87,rectangle_java2.jpg,rectangle_java2.jpg,7139293955,68,725.6294117647059,293.9329411764706,737.5,295,91,21,Rectangle,9,class->block->constructor->name,
2,87,rectangle_java2.jpg,rectangle_java2.jpg,7139406039,108,731.1129629629629,321.92148148148146,730.5,331,71,19,this.x1,7,class->block->constructor->block->block_content->expr_stmt->expr->name->name->operator->name,
2,87,rectangle_java2.jpg,rectangle_java2.jpg,7139746054,72,793.9333333333333,319.6305555555556,730.5,331,71,19,this.x1,7,class->block->constructor->block->block_content->expr_stmt->expr->name->name->operator->name,
2,87,rectangle_java2.jpg,rectangle_java2.jpg,7139858031,108,797.4925925925926,306.8081481481482,737.5,295,91,21,Rectangle,9,class->block->constructor->name,
2,87,rectangle_java2.jpg,rectangle_java2.jpg,7140094022,68,766.2376470588235,279.09,747.5,259,33,21,int,3,class->block->decl_stmt->decl->type->name,
2,87,rectangle_java2.jpg,rectangle_java2.jpg,7140234021,104,726.1361538461539,277.49115384615385,669.5,259,72,21,private,7,class->block->decl_stmt->decl->type->specifier,
2,87,rectangle_java2.jpg,rectangle_java2.jpg,7140366033,128,733.1753125,276.5390625,669.5,259,72,21,private,7,class->block->decl_stmt->decl->type->specifier,
2,87,rectangle_java2.jpg,rectangle_java2.jpg,7140654001,216,1006.1370370370372,307.19796296296295,1007.5,295,10,21,"""","""",1,class->block->constructor->parameter_list
2,87,rectangle_java2.jpg,rectangle_java2.jpg,7140830000,64,987.0275,314.048125,977.5,295,23,21,y1,2,class->block->constructor->parameter_list->parameter->decl->type->name,
2,87,rectangle_java2.jpg,rectangle_java2.jpg,7141033972,60,986.198,312.686,977.5,295,23,21,y1,2,class->block->constructor->parameter_list->parameter->decl->type->name,
2,87,rectangle_java2.jpg,rectangle_java2.jpg,7141377733,124,1100.824193548387,303.51193548387096,1094.5,295,9,21,"""","""",1,class->block->constructor->parameter_list
2,87,rectangle_java2.jpg,rectangle_java2.jpg,7141377733,124,1100.824193548387,303.51193548387096,1112.5,295,33,21,int,3,class->block->constructor->parameter_list->parameter->decl->type->name,
2,87,rectangle_java2.jpg,rectangle_java2.jpg,7141505828,80,1169.2795,315.926,1150.5,295,23,21,y2,2,class->block->constructor->parameter_list->parameter->decl->type->name,
2,87,rectangle_java2.jpg,rectangle_java2.jpg,7141505828,80,1169.2795,315.926,1180.5,295,9,21,),1,class->block->constructor->parameter_list,
2,87,rectangle_java2.jpg,rectangle_java2.jpg,7141681859,128,791.8665625,367.251875,730.5,367,71,21,this.y1,7,class->block->constructor->block->block_content->expr_stmt->expr->name->name->operator->name,
2,87,rectangle_java2.jpg,rectangle_java2.jpg,7142017883,64,779.961875,342.476875,730.5,331,71,19,this.x1,7,class->block->constructor->block->block_content->expr_stmt->expr->name->name->operator->name,
2,87,rectangle_java2.jpg,rectangle_java2.jpg,7142153869,92,844.8895652173914,341.6695652173913,826.5,331,23,19,x1,2,class->block->constructor->block->block_content->expr_stmt->expr->name->name,
2,87,rectangle_java2.jpg,rectangle_java2.jpg,7142153869,92,844.8895652173914,341.6695652173913,856.5,331,10,19,;,1,class->block->constructor->block->block_content->expr_stmt,
2,87,rectangle_java2.jpg,rectangle_java2.jpg,7142329848,172,841.1213953488372,357.75116279069766,826.5,367,23,21,y1,2,class->block->constructor->block->block_content->expr_stmt->expr->name->name,
2,87,rectangle_java2.jpg,rectangle_java2.jpg,7142601926,108,780.3366666666667,343.62481481481484,730.5,331,71,19,this.x1,7,class->block->constructor->block->block_content->expr_stmt->expr->name->name->operator->name,
2,87,rectangle_java2.jpg,rectangle_java2.jpg,7142785928,124,747.7983870967741,334.89451612903224,730.5,331,71,19,this.x1,7,class->block->constructor->block->block_content->expr_stmt->expr->name->name->operator->name,
2,87,rectangle_java2.jpg,rectangle_java2.jpg,7142881931,56,789.6814285714286,339.0764285714285,730.5,331,71,19,this.x1,7,class->block->constructor->block->block_content->expr_stmt->expr->name->name->operator->name,
2,87,rectangle_java2.jpg,rectangle_java2.jpg,7143041909,156,797.1951282051282,345.6417948717949,730.5,331,71,19,this.x1,7,class->block->constructor->block->block_content->expr_stmt->expr->name->name->operator->name,
2,87,rectangle_java2.jpg,rectangle_java2.jpg,7143041909,156,797.1951282051282,345.6417948717949,806.5,331,15,19,=,1,class->block->constructor->block->block_content->expr_stmt->expr->operator,
2,87,rectangle_java2.jpg,rectangle_java2.jpg,7143121857,76,796.0368421052632,360.9978947368421,730.5,367,71,21,this.y1,7,class->block->constructor->block->block_content->expr_stmt->expr->name->name->operator->name,
2,87,rectangle_java2.jpg,rectangle_java2.jpg,7143121857,76,796.0368421052632,360.9978947368421,806.5,367,15,21,=,1,class->block->constructor->block->block_content->expr_stmt->expr->operator,
2,87,rectangle_java2.jpg,rectangle_java2.jpg,7143221781,96,778.9633333333334,373.2766666666666,730.5,367,71,21,this.y1,7,class->block->constructor->block->block_content->expr_stmt->expr->name->name->operator->name,
2,87,rectangle_java2.jpg,rectangle_java2.jpg,7143309773,84,774.0095238095238,384.7919047619048,730.5,367,71,21,this.y1,7,class->block->constructor->block->block_content->expr_stmt->expr->name->name->operator->name,
2,87,rectangle_java2.jpg,rectangle_java2.jpg,7143457773,120,806.8186666666667,453.1326666666666,806.5,440,15,21,=,1,class->block->constructor->block->block_content->expr_stmt->expr->operator,
2,87,rectangle_java2.jpg,rectangle_java2.jpg,7143577777,116,805.5868965517242,460.6079310344828,806.5,440,15,21,=,1,class->block->constructor->block->block_content->expr_stmt->expr->operator,
2,87,rectangle_java2.jpg,rectangle_java2.jpg,7143721756,108,848.6696296296296,459.197037037037,826.5,440,23,21,y2,2,class->block->constructor->block->block_content->expr_stmt->expr->name->name,
2,87,rectangle_java2.jpg,rectangle_java2.jpg,7143721756,108,848.6696296296296,459.197037037037,856.5,440,10,21,;,1,class->block->constructor->block->block_content->expr_stmt,
2,87,rectangle_java2.jpg,rectangle_java2.jpg,7143909715,148,721.3535135135135,550.3189189189189,669.5,549,63,21,public,6,class->block->function->type->specifier,
2,87,rectangle_java2.jpg,rectangle_java2.jpg,7144369769,240,812.8733333333333,521.5296666666667,775.5,512,53,21,width,5,class->block->function->name,
2,87,rectangle_java2.jpg,rectangle_java2.jpg,7149405684,60,1023.4953333333334,530.7886666666667,958.5,512,71,21,this.x2,7,class->block->function->block->block_content->return->expr->name->name->operator->name->operator,
2,87,rectangle_java2.jpg,rectangle_java2.jpg,7149405684,60,1023.4953333333334,530.7886666666667,1035.5,512,13,21,-,1,class->block->function->block->block_content->return->expr->name->name,
2,87,rectangle_java2.jpg,rectangle_java2.jpg,7149907063,168,1056.9378571428572,542.2433333333333,1045.5,549,13,21,-,1,class->block->function->block->block_content->return->expr->operator,
2,87,rectangle_java2.jpg,rectangle_java2.jpg,7149907063,168,1056.9378571428572,542.2433333333333,1064.5,549,71,21,this.y1,7,class->block->function->block->block_content->return->expr->name->name->operator->name,
2,87,rectangle_java2.jpg,rectangle_java2.jpg,7150603024,172,850.0137209302326,300.2848837209302,853.5,295,32,21,int,3,class->block->constructor->parameter_list->parameter->decl->type->name,
2,87,rectangle_java2.jpg,rectangle_java2.jpg,7150891035,160,769.82025,253.938,747.5,259,33,21,int,3,class->block->decl_stmt->decl->type->name,
2,87,rectangle_java2.jpg,rectangle_java2.jpg,7151089055,92,839.1026086956522,285.6,837.5,295,9,21,(,1,class->block->constructor->parameter_list,
2,87,rectangle_java2.jpg,rectangle_java2.jpg,7151581105,64,1134.1175,509.6875,1132.5,512,10,21,;,1,class->block->function->block,
2,87,rectangle_java2.jpg,rectangle_java2.jpg,7151725392,112,1136.1714285714286,515.9946428571428,1132.5,512,10,21,;,1,class->block->function->block,
2,87,rectangle_java2.jpg,rectangle_java2.jpg,7152050314,116,1100.5817241379311,542.3193103448276,1064.5,549,71,21,this.y1,7,class->block->function->block->block_content->return->expr->name->name->operator->name,
2,87,rectangle_java2.jpg,rectangle_java2.jpg,7152326304,248,1067.412419354839,532.7180645161291,1054.5,512,71,21,this.x1,7,class->block->function->block->block_content->return->expr->name->name->operator->name,
2,87,rectangle_java2.jpg,rectangle_java2.jpg,7152458372,96,1107.9920833333333,528.5008333333333,1054.5,512,71,21,this.x1,7,class->block->function->block->block_content->return->expr->name->name->operator->name,
2,87,rectangle_java2.jpg,rectangle_java2.jpg,7152586346,124,1105.8890322580646,532.2032258064517,1054.5,512,71,21,this.x1,7,class->block->function->block->block_content->return->expr->name->name->operator->name,
2,87,rectangle_java2.jpg,rectangle_java2.jpg,7152750296,160,1085.43575,538.19475,1064.5,549,71,21,this.y1,7,class->block->function->block->block_content->return->expr->name->name->operator->name,
2,87,rectangle_java2.jpg,rectangle_java2.jpg,7153106838,176,1071.7738636363636,526.5915909090909,1054.5,512,71,21,this.x1,7,class->block->function->block->block_content->return->expr->name->name->operator->name,
2,87,rectangle_java2.jpg,rectangle_java2.jpg,7153706340,244,1014.5834426229508,555.1709836065573,968.5,549,70,21,this.y2,7,class->block->function->block->block_content->return->expr->name->name->operator->name,
2,87,rectangle_java2.jpg,rectangle_java2.jpg,7153890312,180,1033.2935555555557,564.6986666666667,968.5,549,70,21,this.y2,7,class->block->function->block->block_content->return->expr->name->name->operator->name,
2,87,rectangle_java2.jpg,rectangle_java2.jpg,7153890312,180,1033.2935555555557,564.6986666666667,1045.5,549,13,21,-,1,class->block->function->block->block_content->return->expr->operator,
2,87,rectangle_java2.jpg,rectangle_java2.jpg,7154062197,156,1037.56,567.0261538461539,968.5,549,70,21,this.y2,7,class->block->function->block->block_content->return->expr->name->name->operator->name,
2,87,rectangle_java2.jpg,rectangle_java2.jpg,7154062197,156,1037.56,567.0261538461539,1045.5,549,13,21,-,1,class->block->function->block->block_content->return->expr->operator,
2,87,rectangle_java2.jpg,rectangle_java2.jpg,7154270200,152,1092.902105263158,569.8873684210527,1064.5,549,71,21,this.y1,7,class->block->function->block->block_content->return->expr->name->name->operator->name,
2,87,rectangle_java2.jpg,rectangle_java2.jpg,7154510246,80,981.9355,588.6745,977.5,585,101,21,this.width,10,class->block->function->block->block_content->return->expr->call->name->name->operator->name,
2,87,rectangle_java2.jpg,rectangle_java2.jpg,7154774231,196,823.7495918367347,578.7195918367347,804.5,585,43,21,area,4,class->block->function->name,
2,87,rectangle_java2.jpg,rectangle_java2.jpg,7155010251,232,820.2629310344828,578.403448275862,804.5,585,43,21,area,4,class->block->function->name,
2,87,rectangle_java2.jpg,rectangle_java2.jpg,7155182196,168,827.9907142857143,602.0266666666666,804.5,585,43,21,area,4,class->block->function->name,
2,87,rectangle_java2.jpg,rectangle_java2.jpg,7155490181,256,722.00515625,608.73015625,669.5,621,63,21,public,6,class->block->function->type->specifier,
2,87,rectangle_java2.jpg,rectangle_java2.jpg,7155750170,224,803.1296428571428,612.9810714285715,804.5,621,44,21,void,4,class->block->function->type->name,
2,87,rectangle_java2.jpg,rectangle_java2.jpg,7155874090,88,733.5313636363636,610.01,738.5,621,61,21,static,6,class->block->function->type->specifier,
2,87,rectangle_java2.jpg,rectangle_java2.jpg,7156069870,128,730.0071875,613.1559375,669.5,621,63,21,public,6,class->block->function->type->specifier,
2,87,rectangle_java2.jpg,rectangle_java2.jpg,7156069870,128,730.0071875,613.1559375,738.5,621,61,21,static,6,class->block->function->type->specifier,
2,87,rectangle_java2.jpg,rectangle_java2.jpg,7156354053,236,791.4105084745763,616.4279661016949,738.5,621,61,21,static,6,class->block->function->type->specifier,
2,87,rectangle_java2.jpg,rectangle_java2.jpg,7156462066,104,772.8188461538462,619.7361538461538,738.5,621,61,21,static,6,class->block->function->type->specifier,
2,87,rectangle_java2.jpg,rectangle_java2.jpg,7156546096,80,717.172,614.0125,669.5,621,63,21,public,6,class->block->function->type->specifier,
2,87,rectangle_java2.jpg,rectangle_java2.jpg,7157070094,176,793.6143181818181,611.9347727272727,738.5,621,61,21,static,6,class->block->function->type->specifier,
2,87,rectangle_java2.jpg,rectangle_java2.jpg,7157070094,176,793.6143181818181,611.9347727272727,804.5,621,44,21,void,4,class->block->function->type->name,
2,87,rectangle_java2.jpg,rectangle_java2.jpg,7157398089,292,842.8942465753424,616.8795890410959,804.5,621,44,21,void,4,class->block->function->type->name,
2,87,rectangle_java2.jpg,rectangle_java2.jpg,7157398089,292,842.8942465753424,616.8795890410959,851.5,621,44,21,main,4,class->block->function->name,
2,87,rectangle_java2.jpg,rectangle_java2.jpg,7157590064,140,984.7425714285714,613.4711428571428,990.5,621,10,21,[,1,class->block->function->parameter_list->parameter->decl->type->name->index,
2,87,rectangle_java2.jpg,rectangle_java2.jpg,7157901809,240,823.5961666666667,597.7088333333334,804.5,585,43,21,area,4,class->block->function->name,
2,87,rectangle_java2.jpg,rectangle_java2.jpg,7158117992,180,780.3026666666667,588.0546666666667,737.5,585,62,21,double,6,class->block->function->type->name,
2,87,rectangle_java2.jpg,rectangle_java2.jpg,7158201977,80,792.0985,556.8125,775.5,549,62,21,height,6,class->block->function->name,
2,87,rectangle_java2.jpg,rectangle_java2.jpg,7158310021,104,789.38,550.0946153846154,775.5,549,62,21,height,6,class->block->function->name,
2,87,rectangle_java2.jpg,rectangle_java2.jpg,7158414209,100,792.1808,553.4336,775.5,549,62,21,height,6,class->block->function->name,
2,87,rectangle_java2.jpg,rectangle_java2.jpg,7158586121,120,816.5333333333333,553.8843333333333,775.5,549,62,21,height,6,class->block->function->name,
2,87,rectangle_java2.jpg,rectangle_java2.jpg,7158733942,144,813.2502777777778,536.5925,775.5,549,62,21,height,6,class->block->function->name,
2,87,rectangle_java2.jpg,rectangle_java2.jpg,7158845941,68,989.0541176470588,596.8752941176471,977.5,585,101,21,this.width,10,class->block->function->block->block_content->return->expr->call->name->name->operator->name,
2,87,rectangle_java2.jpg,rectangle_java2.jpg,7159169931,208,941.6061538461538,593.8075,910.5,585,62,21,return,6,class->block->function->block->block_content->return,
2,87,rectangle_java2.jpg,rectangle_java2.jpg,7159281976,92,1044.452608695652,589.574347826087,977.5,585,101,21,this.width,10,class->block->function->block->block_content->return->expr->call->name->name->operator->name,
2,87,rectangle_java2.jpg,rectangle_java2.jpg,7159398032,112,1051.0167857142858,581.2207142857143,977.5,585,101,21,this.width,10,class->block->function->block->block_content->return->expr->call->name->name->operator->name,
2,87,rectangle_java2.jpg,rectangle_java2.jpg,7159486063,84,1047.5285714285717,600.2961904761905,977.5,585,101,21,this.width,10,class->block->function->block->block_content->return->expr->call->name->name->operator->name,
2,87,rectangle_java2.jpg,rectangle_java2.jpg,7159566027,76,1022.598947368421,610.3847368421052,1025.5,621,42,21,args,4,class->block->function->parameter_list->parameter->decl->name,
2,87,rectangle_java2.jpg,rectangle_java2.jpg,7159649994,80,1015.047,600.1815,977.5,585,101,21,this.width,10,class->block->function->block->block_content->return->expr->call->name->name->operator->name,
2,87,rectangle_java2.jpg,rectangle_java2.jpg,7159825864,120,914.2926666666668,586.8046666666667,910.5,585,62,21,return,6,class->block->function->block->block_content->return,
2,87,rectangle_java2.jpg,rectangle_java2.jpg,7159953832,76,905.2994736842104,573.6005263157895,910.5,585,62,21,return,6,class->block->function->block->block_content->return,
2,87,rectangle_java2.jpg,rectangle_java2.jpg,7160061856,76,972.948947368421,591.0184210526315,977.5,585,101,21,this.width,10,class->block->function->block->block_content->return->expr->call->name->name->operator->name,
2,87,rectangle_java2.jpg,rectangle_java2.jpg,7160169855,104,961.2980769230768,596.5473076923076,910.5,585,62,21,return,6,class->block->function->block->block_content->return,
2,87,rectangle_java2.jpg,rectangle_java2.jpg,7160465836,172,1098.943023255814,591.5244186046511,1103.5,585,9,21,),1,class->block->function->block->block_content->return->expr->call->argument_list,
2,87,rectangle_java2.jpg,rectangle_java2.jpg,7160717871,192,1026.203125,597.3585416666666,977.5,585,101,21,this.width,10,class->block->function->block->block_content->return->expr->call->name->name->operator->name,
2,87,rectangle_java2.jpg,rectangle_java2.jpg,7160789864,68,989.224705882353,599.1888235294118,977.5,585,101,21,this.width,10,class->block->function->block->block_content->return->expr->call->name->name->operator->name,
2,87,rectangle_java2.jpg,rectangle_java2.jpg,7160849857,56,981.8892857142856,591.645,977.5,585,101,21,this.width,10,class->block->function->block->block_content->return->expr->call->name->name->operator->name,
2,87,rectangle_java2.jpg,rectangle_java2.jpg,7160929852,60,1218.7606666666666,598.1066666666667,1140.5,585,110,21,this.height,11,class->block->function->block->block_content->return->expr->call->name->name->operator->name,
2,87,rectangle_java2.jpg,rectangle_java2.jpg,7161001846,68,1222.4464705882351,593.0517647058823,1140.5,585,110,21,this.height,11,class->block->function->block->block_content->return->expr->call->name->name->operator->name,
2,87,rectangle_java2.jpg,rectangle_java2.jpg,7161073841,68,1219.7664705882353,579.2676470588235,1140.5,585,110,21,this.height,11,class->block->function->block->block_content->return->expr->call->name->name->operator->name,
2,87,rectangle_java2.jpg,rectangle_java2.jpg,7161209835,72,1171.4972222222225,569.67,1161.5,549,10,21,},1,class->block->function->block,
2,87,rectangle_java2.jpg,rectangle_java2.jpg,7161389850,176,1165.4988636363637,588.9804545454546,1140.5,585,110,21,this.height,11,class->block->function->block->block_content->return->expr->call->name->name->operator->name,
2,87,rectangle_java2.jpg,rectangle_java2.jpg,7161461856,68,1177.5611764705882,591.6270588235294,1140.5,585,110,21,this.height,11,class->block->function->block->block_content->return->expr->call->name->name->operator->name,
2,87,rectangle_java2.jpg,rectangle_java2.jpg,7161549829,84,1182.317142857143,582.1966666666667,1140.5,585,110,21,this.height,11,class->block->function->block->block_content->return->expr->call->name->name->operator->name,
2,87,rectangle_java2.jpg,rectangle_java2.jpg,7161765624,56,1169.5071428571428,558.4,1161.5,549,10,21,},1,class->block->function->block,
2,87,rectangle_java2.jpg,rectangle_java2.jpg,7161869680,68,1158.235294117647,584.6494117647059,1140.5,585,110,21,this.height,11,class->block->function->block->block_content->return->expr->call->name->name->operator->name,
2,87,rectangle_java2.jpg,rectangle_java2.jpg,7162105673,108,1273.6766666666667,590.7911111111111,1276.5,585,9,21,),1,class->block->function->block->block_content->return->expr->call->argument_list,
2,87,rectangle_java2.jpg,rectangle_java2.jpg,7162273699,76,751.458947368421,590.7226315789474,737.5,585,62,21,double,6,class->block->function->type->name,
2,87,rectangle_java2.jpg,rectangle_java2.jpg,7162377681,100,754.0084,590.8068,737.5,585,62,21,double,6,class->block->function->type->name,
2,87,rectangle_java2.jpg,rectangle_java2.jpg,7162501638,92,814.7734782608696,590.2639130434783,804.5,585,43,21,area,4,class->block->function->name,
2,87,rectangle_java2.jpg,rectangle_java2.jpg,7162625648,120,820.171,575.648,804.5,585,43,21,area,4,class->block->function->name,
2,87,rectangle_java2.jpg,rectangle_java2.jpg,7162845749,64,807.10375,564.43125,775.5,549,62,21,height,6,class->block->function->name,
2,87,rectangle_java2.jpg,rectangle_java2.jpg,7163209727,280,760.5612857142858,595.5931428571429,737.5,585,62,21,double,6,class->block->function->type->name,
2,87,rectangle_java2.jpg,rectangle_java2.jpg,7163345720,84,720.157619047619,582.6428571428571,669.5,585,63,21,public,6,class->block->function->type->specifier,
2,87,rectangle_java2.jpg,rectangle_java2.jpg,7163437730,88,710.4768181818182,588.7472727272727,669.5,585,63,21,public,6,class->block->function->type->specifier,
2,87,rectangle_java2.jpg,rectangle_java2.jpg,7163501715,60,718.2546666666667,580.6193333333333,669.5,585,63,21,public,6,class->block->function->type->specifier,
2,87,rectangle_java2.jpg,rectangle_java2.jpg,7163581652,68,807.1194117647059,589.9235294117647,804.5,585,43,21,area,4,class->block->function->name,
2,87,rectangle_java2.jpg,rectangle_java2.jpg,7163701591,116,808.1027586206897,602.0972413793104,804.5,585,43,21,area,4,class->block->function->name,
2,87,rectangle_java2.jpg,rectangle_java2.jpg,7163897605,116,854.4831034482759,585.0431034482758,856.5,585,9,21,(,1,class->block->function->parameter_list,
2,87,rectangle_java2.jpg,rectangle_java2.jpg,7164305536,136,867.1002941176471,592.5135294117647,873.5,585,9,21,),1,class->block->function->parameter_list,
2,87,rectangle_java2.jpg,rectangle_java2.jpg,7164529595,220,860.5463636363636,592.0530909090909,856.5,585,9,21,(,1,class->block->function->parameter_list,
2,87,rectangle_java2.jpg,rectangle_java2.jpg,7164593618,60,818.7866666666666,592.412,804.5,585,43,21,area,4,class->block->function->name,
2,87,rectangle_java2.jpg,rectangle_java2.jpg,7164661639,64,810.73125,601.01875,804.5,585,43,21,area,4,class->block->function->name,
2,87,rectangle_java2.jpg,rectangle_java2.jpg,7164737640,72,807.5988888888888,593.5166666666667,804.5,585,43,21,area,4,class->block->function->name,
2,87,rectangle_java2.jpg,rectangle_java2.jpg,7164841608,92,970.3491304347826,595.5686956521739,910.5,585,62,21,return,6,class->block->function->block->block_content->return,
2,87,rectangle_java2.jpg,rectangle_java2.jpg,7164841608,92,970.3491304347826,595.5686956521739,977.5,585,101,21,this.width,10,class->block->function->block->block_content->return->expr->call->name->name->operator->name,
2,87,rectangle_java2.jpg,rectangle_java2.jpg,7164993529,148,980.4021621621622,602.89,977.5,585,101,21,this.width,10,class->block->function->block->block_content->return->expr->call->name->name->operator->name,
2,87,rectangle_java2.jpg,rectangle_java2.jpg,7165205621,188,1051.4078723404257,589.5648936170213,977.5,585,101,21,this.width,10,class->block->function->block->block_content->return->expr->call->name->name->operator->name,
2,87,rectangle_java2.jpg,rectangle_java2.jpg,7165317658,108,1043.2544444444443,586.5111111111111,977.5,585,101,21,this.width,10,class->block->function->block->block_content->return->expr->call->name->name->operator->name,
2,87,rectangle_java2.jpg,rectangle_java2.jpg,7165561376,204,1107.7780392156862,595.4568627450981,1103.5,585,9,21,),1,class->block->function->block->block_content->return->expr->call->argument_list,
2,87,rectangle_java2.jpg,rectangle_java2.jpg,7165621287,56,1110.7885714285717,600.8871428571429,1103.5,585,9,21,),1,class->block->function->block->block_content->return->expr->call->argument_list,
2,87,rectangle_java2.jpg,rectangle_java2.jpg,7165621287,56,1110.7885714285717,600.8871428571429,1122.5,585,12,21,*,1,class->block->function->block->block_content->return->expr->operator,
2,87,rectangle_java2.jpg,rectangle_java2.jpg,7165729289,104,1104.684230769231,593.7180769230769,1103.5,585,9,21,),1,class->block->function->block->block_content->return->expr->call->argument_list,
2,87,rectangle_java2.jpg,rectangle_java2.jpg,7165965515,176,1223.3038636363635,590.9913636363636,1140.5,585,110,21,this.height,11,class->block->function->block->block_content->return->expr->call->name->name->operator->name,
2,87,rectangle_java2.jpg,rectangle_java2.jpg,7166301453,296,1165.6544594594595,599.4255405405405,1140.5,585,110,21,this.height,11,class->block->function->block->block_content->return->expr->call->name->name->operator->name,
2,87,rectangle_java2.jpg,rectangle_java2.jpg,7166549413,152,799.3328947368421,653.4273684210526,730.5,658,91,20,Rectangle,9,class->block->function->block->block_content->decl_stmt->decl->type->name,
2,87,rectangle_java2.jpg,rectangle_java2.jpg,7166997425,144,826.7055555555555,637.8669444444445,804.5,621,44,21,void,4,class->block->function->type->name,
2,87,rectangle_java2.jpg,rectangle_java2.jpg,7167081424,80,818.5305,634.9805,804.5,621,44,21,void,4,class->block->function->type->name,
2,87,rectangle_java2.jpg,rectangle_java2.jpg,7167189463,96,967.6645833333332,633.33625,920.5,621,62,21,String,6,class->block->function->parameter_list->parameter->decl->type->name->name,
2,87,rectangle_java2.jpg,rectangle_java2.jpg,7167269488,76,971.0673684210526,635.9868421052631,920.5,621,62,21,String,6,class->block->function->parameter_list->parameter->decl->type->name->name,
2,87,rectangle_java2.jpg,rectangle_java2.jpg,7167553332,88,942.1895454545454,625.9836363636364,920.5,621,62,21,String,6,class->block->function->parameter_list->parameter->decl->type->name->name,
2,87,rectangle_java2.jpg,rectangle_java2.jpg,7167677257,112,777.4735714285714,638.525,738.5,621,61,21,static,6,class->block->function->type->specifier,
2,87,rectangle_java2.jpg,rectangle_java2.jpg,7167829276,148,768.805945945946,616.3508108108108,738.5,621,61,21,static,6,class->block->function->type->specifier,
2,87,rectangle_java2.jpg,rectangle_java2.jpg,7168093297,220,851.0250909090909,627.5467272727273,851.5,621,44,21,main,4,class->block->function->name,
2,87,rectangle_java2.jpg,rectangle_java2.jpg,7168209319,112,853.2814285714286,637.7642857142857,851.5,621,44,21,main,4,class->block->function->name,
2,87,rectangle_java2.jpg,rectangle_java2.jpg,7168277330,64,824.78125,634.6274999999999,804.5,621,44,21,void,4,class->block->function->type->name,
2,87,rectangle_java2.jpg,rectangle_java2.jpg,7168445278,164,817.6514634146341,628.8607317073171,804.5,621,44,21,void,4,class->block->function->type->name,
2,87,rectangle_java2.jpg,rectangle_java2.jpg,7168749240,208,1024.613076923077,641.4684615384615,1025.5,621,42,21,args,4,class->block->function->parameter_list->parameter->decl->name,
2,87,rectangle_java2.jpg,rectangle_java2.jpg,7169029261,72,961.5527777777778,651.2216666666667,941.5,658,91,20,Rectangle,9,class->block->function->block->block_content->decl_stmt->decl->init->expr->call->name,
2,87,rectangle_java2.jpg,rectangle_java2.jpg,7169153289,72,706.1161111111111,617.9333333333334,669.5,621,63,21,public,6,class->block->function->type->specifier,
2,87,rectangle_java2.jpg,rectangle_java2.jpg,7169253297,96,705.44375,617.3395833333334,669.5,621,63,21,public,6,class->block->function->type->specifier,
2,87,rectangle_java2.jpg,rectangle_java2.jpg,7169460945,64,807.1175,614.17875,804.5,621,44,21,void,4,class->block->function->type->name,
2,87,rectangle_java2.jpg,rectangle_java2.jpg,7169585037,120,807.692,622.9933333333333,804.5,621,44,21,void,4,class->block->function->type->name,
2,87,rectangle_java2.jpg,rectangle_java2.jpg,7169793184,144,813.1577777777778,673.4975,730.5,658,91,20,Rectangle,9,class->block->function->block->block_content->decl_stmt->decl->type->name,
2,87,rectangle_java2.jpg,rectangle_java2.jpg,7169905200,84,999.6966666666668,651.5180952380953,941.5,658,91,20,Rectangle,9,class->block->function->block->block_content->decl_stmt->decl->init->expr->call->name,
2,87,rectangle_java2.jpg,rectangle_java2.jpg,7170121213,212,997.8750943396228,646.8422641509434,941.5,658,91,20,Rectangle,9,class->block->function->block->block_content->decl_stmt->decl->init->expr->call->name,
2,87,rectangle_java2.jpg,rectangle_java2.jpg,7170301196,116,1058.193103448276,647.9858620689655,1057.5,658,13,20,0,1,class->block->function->block->block_content->decl_stmt->decl->init->expr->call->argument_list->argument->expr->literal,
2,87,rectangle_java2.jpg,rectangle_java2.jpg,7170521209,156,807.8312820512821,668.6384615384616,730.5,658,91,20,Rectangle,9,class->block->function->block->block_content->decl_stmt->decl->type->name,
2,87,rectangle_java2.jpg,rectangle_java2.jpg,7170601194,76,809.2736842105263,665.2926315789474,730.5,658,91,20,Rectangle,9,class->block->function->block->block_content->decl_stmt->decl->type->name,
2,87,rectangle_java2.jpg,rectangle_java2.jpg,7170673181,60,917.0226666666666,681.5786666666667,916.5,694,9,21,(,1,class->block->function->block->block_content->expr_stmt->expr->call->argument_list,
2,87,rectangle_java2.jpg,rectangle_java2.jpg,7170857137,180,929.758,695.1197777777778,932.5,694,100,21,rect1.area,10,class->block->function->block->block_content->expr_stmt->expr->call->argument_list->argument->expr->call->name->name->operator->name,
2,87,rectangle_java2.jpg,rectangle_java2.jpg,7170921125,60,928.4853333333332,672.5313333333334,902.5,658,34,20,new,3,class->block->function->block->block_content->decl_stmt->decl->init->expr->operator,
2,87,rectangle_java2.jpg,rectangle_java2.jpg,7171093147,100,1030.3792,674.1116,941.5,658,91,20,Rectangle,9,class->block->function->block->block_content->decl_stmt->decl->init->expr->call->name,
2,87,rectangle_java2.jpg,rectangle_java2.jpg,7171093147,100,1030.3792,674.1116,1041.5,658,9,20,(,1,class->block->function->block->block_content->decl_stmt->decl->init->expr->call->argument_list,
2,87,rectangle_java2.jpg,rectangle_java2.jpg,7171205174,60,1142.897333333333,676.97,1134.5,658,22,20,10,2,class->block->function->block->block_content->decl_stmt->decl->init->expr->call->argument_list->argument->expr->literal,
2,87,rectangle_java2.jpg,rectangle_java2.jpg,7171425110,80,1147.959,674.7785,1134.5,658,22,20,10,2,class->block->function->block->block_content->decl_stmt->decl->init->expr->call->argument_list->argument->expr->literal,
2,87,rectangle_java2.jpg,rectangle_java2.jpg,7171565094,72,1150.605,674.1455555555556,1134.5,658,22,20,10,2,class->block->function->block->block_content->decl_stmt->decl->init->expr->call->argument_list->argument->expr->literal,
2,87,rectangle_java2.jpg,rectangle_java2.jpg,7172105033,112,944.6992857142856,690.1128571428571,932.5,694,100,21,rect1.area,10,class->block->function->block->block_content->expr_stmt->expr->call->argument_list->argument->expr->call->name->name->operator->name,
2,87,rectangle_java2.jpg,rectangle_java2.jpg,7172165038,56,958.6285714285716,682.1664285714286,932.5,694,100,21,rect1.area,10,class->block->function->block->block_content->expr_stmt->expr->call->argument_list->argument->expr->call->name->name->operator->name,
2,87,rectangle_java2.jpg,rectangle_java2.jpg,7172237032,68,943.8970588235294,690.6405882352941,932.5,694,100,21,rect1.area,10,class->block->function->block->block_content->expr_stmt->expr->call->argument_list->argument->expr->call->name->name->operator->name,
2,87,rectangle_java2.jpg,rectangle_java2.jpg,7172337026,56,1038.6707142857142,683.8542857142858,1041.5,694,9,21,(,1,class->block->function->block->block_content->expr_stmt->expr->call->argument_list->argument->expr->call->argument_list,
2,87,rectangle_java2.jpg,rectangle_java2.jpg,7172489050,148,1038.282972972973,672.4572972972973,1041.5,658,9,20,(,1,class->block->function->block->block_content->decl_stmt->decl->init->expr->call->argument_list,
2,87,rectangle_java2.jpg,rectangle_java2.jpg,7172597062,56,911.4885714285714,692.0128571428571,916.5,694,9,21,(,1,class->block->function->block->block_content->expr_stmt->expr->call->argument_list,
2,87,rectangle_java2.jpg,rectangle_java2.jpg,7172913075,132,854.3887878787879,666.2124242424243,826.5,658,52,20,rect1,5,class->block->function->block->block_content->decl_stmt->decl->name,
2,87,rectangle_java2.jpg,rectangle_java2.jpg,7173173070,256,851.30296875,655.82109375,826.5,658,52,20,rect1,5,class->block->function->block->block_content->decl_stmt->decl->name,
2,87,rectangle_java2.jpg,rectangle_java2.jpg,7173372861,140,861.4897142857143,736.6617142857143,826.5,731,51,20,rect2,5,class->block->function->block->block_content->decl_stmt->decl->name,
2,87,rectangle_java2.jpg,rectangle_java2.jpg,7173432863,56,873.2557142857142,750.0678571428572,826.5,731,51,20,rect2,5,class->block->function->block->block_content->decl_stmt->decl->name,
2,87,rectangle_java2.jpg,rectangle_java2.jpg,7173432863,56,873.2557142857142,750.0678571428572,883.5,731,15,20,=,1,class->block->function->block->block_content->decl_stmt->decl->init,
2,87,rectangle_java2.jpg,rectangle_java2.jpg,7173564909,100,951.6272,755.2692,932.5,766,100,21,rect2.area,10,class->block->function->block->block_content->expr_stmt->expr->call->argument_list->argument->expr->call->name->name->operator->name,
2,87,rectangle_java2.jpg,rectangle_java2.jpg,7173648959,80,959.33,744.5725,941.5,731,91,20,Rectangle,9,class->block->function->block->block_content->decl_stmt->decl->init->expr->call->name,
2,87,rectangle_java2.jpg,rectangle_java2.jpg,7174061005,104,1151.9811538461538,746.1496153846153,1134.5,731,22,20,10,2,class->block->function->block->block_content->decl_stmt->decl->init->expr->call->argument_list->argument->expr->literal,
2,87,rectangle_java2.jpg,rectangle_java2.jpg,7174061005,104,1151.9811538461538,746.1496153846153,1163.5,731,10,20,"""","""",1,class->block->function->block->block_content->decl_stmt->decl->init->expr->call->argument_list
2,87,rectangle_java2.jpg,rectangle_java2.jpg,7174224952,160,1149.905,749.29275,1134.5,731,22,20,10,2,class->block->function->block->block_content->decl_stmt->decl->init->expr->call->argument_list->argument->expr->literal,
2,87,rectangle_java2.jpg,rectangle_java2.jpg,7174368902,92,1113.4517391304348,738.7673913043478,1115.5,731,10,20,"""","""",1,class->block->function->block->block_content->decl_stmt->decl->init->expr->call->argument_list
2,87,rectangle_java2.jpg,rectangle_java2.jpg,7174636908,100,1113.3708,721.0984,1115.5,731,10,20,"""","""",1,class->block->function->block->block_content->decl_stmt->decl->init->expr->call->argument_list
2,87,rectangle_java2.jpg,rectangle_java2.jpg,7174904897,152,1163.11,736.2310526315789,1163.5,731,10,20,"""","""",1,class->block->function->block->block_content->decl_stmt->decl->init->expr->call->argument_list
2,87,rectangle_java2.jpg,rectangle_java2.jpg,7175008910,72,1130.6483333333333,668.1066666666667,1134.5,658,22,20,10,2,class->block->function->block->block_content->decl_stmt->decl->init->expr->call->argument_list->argument->expr->literal,
2,87,rectangle_java2.jpg,rectangle_java2.jpg,7175168878,68,1138.5458823529411,671.6288235294118,1134.5,658,22,20,10,2,class->block->function->block->block_content->decl_stmt->decl->init->expr->call->argument_list->argument->expr->literal,
2,87,rectangle_java2.jpg,rectangle_java2.jpg,7175428813,112,1086.7003571428572,684.5857142857143,1096.5,694,10,21,;,1,class->block->function->block->block_content->expr_stmt,
2,87,rectangle_java2.jpg,rectangle_java2.jpg,7175868768,184,1116.8371739130434,669.8591304347826,1115.5,658,10,20,"""","""",1,class->block->function->block->block_content->decl_stmt->decl->init->expr->call->argument_list
2,87,rectangle_java2.jpg,rectangle_java2.jpg,7176100791,72,954.0488888888888,672.7833333333333,941.5,658,91,20,Rectangle,9,class->block->function->block->block_content->decl_stmt->decl->init->expr->call->name,
2,87,rectangle_java2.jpg,rectangle_java2.jpg,7176420787,120,1181.039,658.2706666666667,1182.5,658,22,20,10,2,class->block->function->block->block_content->decl_stmt->decl->init->expr->call->argument_list->argument->expr->literal,
2,87,rectangle_java2.jpg,rectangle_java2.jpg,7176484794,60,1177.2686666666666,674.7566666666667,1182.5,658,22,20,10,2,class->block->function->block->block_content->decl_stmt->decl->init->expr->call->argument_list->argument->expr->literal,
2,87,rectangle_java2.jpg,rectangle_java2.jpg,7176556813,68,1186.5394117647058,663.15,1182.5,658,22,20,10,2,class->block->function->block->block_content->decl_stmt->decl->init->expr->call->argument_list->argument->expr->literal,
2,87,rectangle_java2.jpg,rectangle_java2.jpg,7176660835,100,1186.472,650.9712,1182.5,658,22,20,10,2,class->block->function->block->block_content->decl_stmt->decl->init->expr->call->argument_list->argument->expr->literal,
2,87,rectangle_java2.jpg,rectangle_java2.jpg,7176816810,84,1143.9685714285715,718.7361904761905,1134.5,731,22,20,10,2,class->block->function->block->block_content->decl_stmt->decl->init->expr->call->argument_list->argument->expr->literal,
2,87,rectangle_java2.jpg,rectangle_java2.jpg,7176876798,56,1144.7607142857144,724.4885714285714,1134.5,731,22,20,10,2,class->block->function->block->block_content->decl_stmt->decl->init->expr->call->argument_list->argument->expr->literal,
2,87,rectangle_java2.jpg,rectangle_java2.jpg,7176972796,92,1152.031304347826,738.214347826087,1134.5,731,22,20,10,2,class->block->function->block->block_content->decl_stmt->decl->init->expr->call->argument_list->argument->expr->literal,
2,87,rectangle_java2.jpg,rectangle_java2.jpg,7176972796,92,1152.031304347826,738.214347826087,1163.5,731,10,20,"""","""",1,class->block->function->block->block_content->decl_stmt->decl->init->expr->call->argument_list
2,87,rectangle_java2.jpg,rectangle_java2.jpg,7177140688,164,1154.708780487805,743.0243902439024,1134.5,731,22,20,10,2,class->block->function->block->block_content->decl_stmt->decl->init->expr->call->argument_list->argument->expr->literal,
2,87,rectangle_java2.jpg,rectangle_java2.jpg,7177140688,164,1154.708780487805,743.0243902439024,1163.5,731,10,20,"""","""",1,class->block->function->block->block_content->decl_stmt->decl->init->expr->call->argument_list
2,87,rectangle_java2.jpg,rectangle_java2.jpg,7177296553,152,1065.463947368421,748.2747368421053,1057.5,731,13,20,5,1,class->block->function->block->block_content->decl_stmt->decl->init->expr->call->argument_list->argument->expr->literal,
2,87,rectangle_java2.jpg,rectangle_java2.jpg,7177296553,152,1065.463947368421,748.2747368421053,1077.5,731,9,20,"""","""",1,class->block->function->block->block_content->decl_stmt->decl->init->expr->call->argument_list
2,87,rectangle_java2.jpg,rectangle_java2.jpg,7177400615,100,1058.144,750.2744,1057.5,731,13,20,5,1,class->block->function->block->block_content->decl_stmt->decl->init->expr->call->argument_list->argument->expr->literal,
2,87,rectangle_java2.jpg,rectangle_java2.jpg,7177480642,76,1095.868947368421,742.5647368421053,1095.5,731,13,20,5,1,class->block->function->block->block_content->decl_stmt->decl->init->expr->call->argument_list->argument->expr->literal,
2,87,rectangle_java2.jpg,rectangle_java2.jpg,7177740595,100,1090.1672,728.7784,1095.5,731,13,20,5,1,class->block->function->block->block_content->decl_stmt->decl->init->expr->call->argument_list->argument->expr->literal,
2,87,rectangle_java2.jpg,rectangle_java2.jpg,7177836670,92,1094.7791304347827,746.2913043478261,1095.5,731,13,20,5,1,class->block->function->block->block_content->decl_stmt->decl->init->expr->call->argument_list->argument->expr->literal,
2,87,rectangle_java2.jpg,rectangle_java2.jpg,7178012648,148,903.631891891892,758.4308108108108,730.5,766,177,21,System.out.println,18,class->block->function->block->block_content->expr_stmt->expr->call->name->name->operator->name->operator->name,
2,87,rectangle_java2.jpg,rectangle_java2.jpg,7178072629,56,901.4028571428572,762.0871428571429,730.5,766,177,21,System.out.println,18,class->block->function->block->block_content->expr_stmt->expr->call->name->name->operator->name->operator->name,
2,87,rectangle_java2.jpg,rectangle_java2.jpg,7179076483,208,811.0876923076924,783.0321153846154,730.5,766,177,21,System.out.println,18,class->block->function->block->block_content->expr_stmt->expr->call->name->name->operator->name->operator->name,
2,87,rectangle_java2.jpg,rectangle_java2.jpg,7179268544,152,759.1323684210527,780.4434210526316,730.5,766,177,21,System.out.println,18,class->block->function->block->block_content->expr_stmt->expr->call->name->name->operator->name->operator->name,
2,87,rectangle_java2.jpg,rectangle_java2.jpg,7179440573,64,864.381875,779.218125,730.5,766,177,21,System.out.println,18,class->block->function->block->block_content->expr_stmt->expr->call->name->name->operator->name->operator->name,
2,87,rectangle_java2.jpg,rectangle_java2.jpg,7180564484,136,1036.08,718.9808823529412,1041.5,731,9,20,(,1,class->block->function->block->block_content->decl_stmt->decl->init->expr->call->argument_list,
2,87,rectangle_java2.jpg,rectangle_java2.jpg,7180688480,120,1041.263333333333,723.3596666666667,1041.5,731,9,20,(,1,class->block->function->block->block_content->decl_stmt->decl->init->expr->call->argument_list,
2,87,rectangle_java2.jpg,rectangle_java2.jpg,7180800505,100,944.1268,723.8184,941.5,731,91,20,Rectangle,9,class->block->function->block->block_content->decl_stmt->decl->init->expr->call->name,
2,87,rectangle_java2.jpg,rectangle_java2.jpg,7180876527,72,944.8766666666668,734.5372222222222,941.5,731,91,20,Rectangle,9,class->block->function->block->block_content->decl_stmt->decl->init->expr->call->name,
2,87,rectangle_java2.jpg,rectangle_java2.jpg,7180992375,112,939.2917857142858,728.4982142857143,941.5,731,91,20,Rectangle,9,class->block->function->block->block_content->decl_stmt->decl->init->expr->call->name,
2,87,rectangle_java2.jpg,rectangle_java2.jpg,7181088221,92,939.2673913043478,732.7091304347827,941.5,731,91,20,Rectangle,9,class->block->function->block->block_content->decl_stmt->decl->init->expr->call->name,
2,87,rectangle_java2.jpg,rectangle_java2.jpg,7181232311,140,933.3194285714286,722.9645714285714,902.5,731,34,20,new,3,class->block->function->block->block_content->decl_stmt->decl->init->expr->operator,
2,87,rectangle_java2.jpg,rectangle_java2.jpg,7181232311,140,933.3194285714286,722.9645714285714,941.5,731,91,20,Rectangle,9,class->block->function->block->block_content->decl_stmt->decl->init->expr->call->name,
2,87,rectangle_java2.jpg,rectangle_java2.jpg,7181648390,112,770.8428571428572,710.3839285714286,730.5,694,177,21,System.out.println,18,class->block->function->block->block_content->expr_stmt->expr->call->name->name->operator->name->operator->name,
2,87,rectangle_java2.jpg,rectangle_java2.jpg,7181728385,76,774.7842105263157,711.1005263157895,730.5,694,177,21,System.out.println,18,class->block->function->block->block_content->expr_stmt->expr->call->name->name->operator->name->operator->name,
2,87,rectangle_java2.jpg,rectangle_java2.jpg,7181992396,176,856.9956818181818,714.0775,730.5,694,177,21,System.out.println,18,class->block->function->block->block_content->expr_stmt->expr->call->name->name->operator->name->operator->name,
2,87,rectangle_java2.jpg,rectangle_java2.jpg,7182308411,312,861.3043589743589,719.141923076923,826.5,731,51,20,rect2,5,class->block->function->block->block_content->decl_stmt->decl->name,
2,87,rectangle_java2.jpg,rectangle_java2.jpg,7183744483,108,712.1470370370371,231.01814814814816,715.5,222,90,21,Rectangle,9,class->name,
2,87,rectangle_java2.jpg,rectangle_java2.jpg,7183857226,108,706.7985185185186,229.6503703703704,657.5,222,52,21,class,5,class,
2,87,rectangle_java2.jpg,rectangle_java2.jpg,7183857226,108,706.7985185185186,229.6503703703704,715.5,222,90,21,Rectangle,9,class->name,
