trial,participant,code_file,code_language,timestamp,duration,x_cord,y_cord,aoi_x,aoi_y,aoi_width,aoi_height,token,length,srcML,
2,8,rectangle_java2.jpg,rectangle_java2.jpg,4730750492,88,803.9231818181818,210.5609090909091,715.5,222,90,21,Rectangle,9,class->name,
2,8,rectangle_java2.jpg,rectangle_java2.jpg,4730750492,88,803.9231818181818,210.5609090909091,813.5,222,10,21,{,1,class->block,
2,8,rectangle_java2.jpg,rectangle_java2.jpg,4731446449,164,740.2526829268293,238.3239024390244,715.5,222,90,21,Rectangle,9,class->name,
2,8,rectangle_java2.jpg,rectangle_java2.jpg,4736422052,176,753.7943181818182,270.6611363636364,747.5,259,33,21,int,3,class->block->decl_stmt->decl->type->name,
2,8,rectangle_java2.jpg,rectangle_java2.jpg,4736490043,64,807.75125,277.90875,785.5,259,23,21,x1,2,class->block->decl_stmt->decl->name,
2,8,rectangle_java2.jpg,rectangle_java2.jpg,4736490043,64,807.75125,277.90875,815.5,259,10,21,"""","""",1,class->block->decl_stmt
2,8,rectangle_java2.jpg,rectangle_java2.jpg,4736766057,76,764.9436842105263,282.60052631578947,737.5,295,91,21,Rectangle,9,class->block->constructor->name,
2,8,rectangle_java2.jpg,rectangle_java2.jpg,4737078105,308,758.7312987012987,278.6362337662338,747.5,259,33,21,int,3,class->block->decl_stmt->decl->type->name,
2,8,rectangle_java2.jpg,rectangle_java2.jpg,4737885877,296,903.6835135135136,272.1367567567568,881.5,259,23,21,x2,2,class->block->decl_stmt->decl->name,
2,8,rectangle_java2.jpg,rectangle_java2.jpg,4737885877,296,903.6835135135136,272.1367567567568,911.5,259,10,21,"""","""",1,class->block->decl_stmt
2,8,rectangle_java2.jpg,rectangle_java2.jpg,4738349996,88,1062.6190909090908,284.5977272727273,1063.5,295,23,21,x2,2,class->block->constructor->parameter_list->parameter->decl->type->name,
2,8,rectangle_java2.jpg,rectangle_java2.jpg,4738757932,140,816.234,320.8277142857143,806.5,331,15,19,=,1,class->block->constructor->block->block_content->expr_stmt->expr->operator,
2,8,rectangle_java2.jpg,rectangle_java2.jpg,4738757932,140,816.234,320.8277142857143,826.5,331,23,19,x1,2,class->block->constructor->block->block_content->expr_stmt->expr->name->name,
2,8,rectangle_java2.jpg,rectangle_java2.jpg,4738913922,140,811.9305714285714,320.5868571428571,806.5,331,15,19,=,1,class->block->constructor->block->block_content->expr_stmt->expr->operator,
2,8,rectangle_java2.jpg,rectangle_java2.jpg,4739025917,84,865.8080952380952,313.4209523809524,853.5,295,32,21,int,3,class->block->constructor->parameter_list->parameter->decl->type->name,
2,8,rectangle_java2.jpg,rectangle_java2.jpg,4739085920,56,859.9678571428572,320.1878571428571,856.5,331,10,19,;,1,class->block->constructor->block->block_content->expr_stmt,
2,8,rectangle_java2.jpg,rectangle_java2.jpg,4739401965,124,856.568064516129,255.2887096774193,863.5,259,10,21,"""","""",1,class->block->decl_stmt
2,8,rectangle_java2.jpg,rectangle_java2.jpg,4739493961,56,785.9528571428572,261.9485714285714,785.5,259,23,21,x1,2,class->block->decl_stmt->decl->name,
2,8,rectangle_java2.jpg,rectangle_java2.jpg,4739725684,228,779.7575438596491,271.9277192982456,747.5,259,33,21,int,3,class->block->decl_stmt->decl->type->name,
2,8,rectangle_java2.jpg,rectangle_java2.jpg,4739725684,228,779.7575438596491,271.9277192982456,785.5,259,23,21,x1,2,class->block->decl_stmt->decl->name,
2,8,rectangle_java2.jpg,rectangle_java2.jpg,4740289615,252,918.8625396825396,276.2515873015873,911.5,259,10,21,"""","""",1,class->block->decl_stmt
2,8,rectangle_java2.jpg,rectangle_java2.jpg,4740289615,252,918.8625396825396,276.2515873015873,929.5,259,23,21,y2,2,class->block->decl_stmt->decl->name,
2,8,rectangle_java2.jpg,rectangle_java2.jpg,4740909812,144,782.3338888888889,283.3588888888889,737.5,295,91,21,Rectangle,9,class->block->constructor->name,
2,8,rectangle_java2.jpg,rectangle_java2.jpg,4740993822,80,783.0315,275.456,785.5,259,23,21,x1,2,class->block->decl_stmt->decl->name,
2,8,rectangle_java2.jpg,rectangle_java2.jpg,4741065826,68,772.8229411764706,290.2047058823529,737.5,295,91,21,Rectangle,9,class->block->constructor->name,
2,8,rectangle_java2.jpg,rectangle_java2.jpg,4741553713,176,752.054090909091,215.6086363636364,715.5,222,90,21,Rectangle,9,class->name,
2,8,rectangle_java2.jpg,rectangle_java2.jpg,4741793616,236,754.4930508474577,210.85067796610167,715.5,222,90,21,Rectangle,9,class->name,
2,8,rectangle_java2.jpg,rectangle_java2.jpg,4742121272,252,804.8563492063493,256.8595238095238,785.5,259,23,21,x1,2,class->block->decl_stmt->decl->name,
2,8,rectangle_java2.jpg,rectangle_java2.jpg,4742121272,252,804.8563492063493,256.8595238095238,815.5,259,10,21,"""","""",1,class->block->decl_stmt
2,8,rectangle_java2.jpg,rectangle_java2.jpg,4742297420,148,770.9678378378378,225.62648648648644,715.5,222,90,21,Rectangle,9,class->name,
2,8,rectangle_java2.jpg,rectangle_java2.jpg,4743021678,60,809.596,270.592,815.5,259,10,21,"""","""",1,class->block->decl_stmt
2,8,rectangle_java2.jpg,rectangle_java2.jpg,4743313951,288,809.3036111111111,278.31583333333333,815.5,259,10,21,"""","""",1,class->block->decl_stmt
2,8,rectangle_java2.jpg,rectangle_java2.jpg,4743473907,148,916.467027027027,277.2775675675676,911.5,259,10,21,"""","""",1,class->block->decl_stmt
2,8,rectangle_java2.jpg,rectangle_java2.jpg,4743629541,144,921.7488888888888,276.2997222222222,929.5,259,23,21,y2,2,class->block->decl_stmt->decl->name,
2,8,rectangle_java2.jpg,rectangle_java2.jpg,4745309350,140,1044.7802857142858,286.0525714285714,1025.5,295,33,21,int,3,class->block->constructor->parameter_list->parameter->decl->type->name,
2,8,rectangle_java2.jpg,rectangle_java2.jpg,4746085363,328,775.4671951219512,231.78268292682924,715.5,222,90,21,Rectangle,9,class->name,
2,8,rectangle_java2.jpg,rectangle_java2.jpg,4747489258,184,1090.455,285.6608695652174,1094.5,295,9,21,"""","""",1,class->block->constructor->parameter_list
2,8,rectangle_java2.jpg,rectangle_java2.jpg,4747553290,60,1081.3553333333334,288.022,1063.5,295,23,21,x2,2,class->block->constructor->parameter_list->parameter->decl->type->name,
2,8,rectangle_java2.jpg,rectangle_java2.jpg,4748013330,224,802.07125,227.93375000000003,715.5,222,90,21,Rectangle,9,class->name,
2,8,rectangle_java2.jpg,rectangle_java2.jpg,4748013330,224,802.07125,227.93375000000003,813.5,222,10,21,{,1,class->block,
2,8,rectangle_java2.jpg,rectangle_java2.jpg,4748145293,76,761.3331578947368,232.75052631578944,715.5,222,90,21,Rectangle,9,class->name,
2,8,rectangle_java2.jpg,rectangle_java2.jpg,4748437260,288,751.29,231.2686111111111,715.5,222,90,21,Rectangle,9,class->name,
2,8,rectangle_java2.jpg,rectangle_java2.jpg,4749865085,76,895.8410526315789,269.9757894736842,881.5,259,23,21,x2,2,class->block->decl_stmt->decl->name,
2,8,rectangle_java2.jpg,rectangle_java2.jpg,4750049083,108,894.8637037037037,263.13481481481483,881.5,259,23,21,x2,2,class->block->decl_stmt->decl->name,
2,8,rectangle_java2.jpg,rectangle_java2.jpg,4751068950,68,819.3070588235295,210.0605882352941,813.5,222,10,21,{,1,class->block,
2,8,rectangle_java2.jpg,rectangle_java2.jpg,4751408982,124,858.2632258064516,320.6454838709677,856.5,331,10,19,;,1,class->block->constructor->block->block_content->expr_stmt,
2,8,rectangle_java2.jpg,rectangle_java2.jpg,4751648954,84,806.5733333333334,319.1433333333333,806.5,331,15,19,=,1,class->block->constructor->block->block_content->expr_stmt->expr->operator,
2,8,rectangle_java2.jpg,rectangle_java2.jpg,4751988993,336,803.7192857142857,311.07892857142855,737.5,295,91,21,Rectangle,9,class->block->constructor->name,
2,8,rectangle_java2.jpg,rectangle_java2.jpg,4752244954,84,862.4619047619047,305.49285714285713,853.5,295,32,21,int,3,class->block->constructor->parameter_list->parameter->decl->type->name,
2,8,rectangle_java2.jpg,rectangle_java2.jpg,4754264732,156,804.9241025641026,314.9271794871795,737.5,295,91,21,Rectangle,9,class->block->constructor->name,
2,8,rectangle_java2.jpg,rectangle_java2.jpg,4754420812,144,924.0408333333334,312.6791666666667,921.5,295,9,21,"""","""",1,class->block->constructor->parameter_list
2,8,rectangle_java2.jpg,rectangle_java2.jpg,4754548878,124,927.5548387096774,310.8574193548387,921.5,295,9,21,"""","""",1,class->block->constructor->parameter_list
2,8,rectangle_java2.jpg,rectangle_java2.jpg,4754548878,124,927.5548387096774,310.8574193548387,939.5,295,33,21,int,3,class->block->constructor->parameter_list->parameter->decl->type->name,
2,8,rectangle_java2.jpg,rectangle_java2.jpg,4755112694,108,913.1207407407408,253.56666666666663,911.5,259,10,21,"""","""",1,class->block->decl_stmt
2,8,rectangle_java2.jpg,rectangle_java2.jpg,4755208702,92,912.1934782608696,257.3108695652174,911.5,259,10,21,"""","""",1,class->block->decl_stmt
2,8,rectangle_java2.jpg,rectangle_java2.jpg,4755320720,108,911.6625925925924,258.81074074074075,911.5,259,10,21,"""","""",1,class->block->decl_stmt
2,8,rectangle_java2.jpg,rectangle_java2.jpg,4755444738,100,911.1228,259.9232,911.5,259,10,21,"""","""",1,class->block->decl_stmt
2,8,rectangle_java2.jpg,rectangle_java2.jpg,4755692689,208,910.6432692307692,311.9521153846154,890.5,295,24,21,x1,2,class->block->constructor->parameter_list->parameter->decl->type->name,
2,8,rectangle_java2.jpg,rectangle_java2.jpg,4755692689,208,910.6432692307692,311.9521153846154,921.5,295,9,21,"""","""",1,class->block->constructor->parameter_list
2,8,rectangle_java2.jpg,rectangle_java2.jpg,4756208831,88,836.4690909090909,258.005,833.5,259,23,21,y1,2,class->block->decl_stmt->decl->name,
2,8,rectangle_java2.jpg,rectangle_java2.jpg,4756328654,116,836.631724137931,264.64241379310346,833.5,259,23,21,y1,2,class->block->decl_stmt->decl->name,
2,8,rectangle_java2.jpg,rectangle_java2.jpg,4756668358,308,830.2802597402597,319.8932467532468,826.5,331,23,19,x1,2,class->block->constructor->block->block_content->expr_stmt->expr->name->name,
2,8,rectangle_java2.jpg,rectangle_java2.jpg,4756892109,164,804.4424390243903,320.4290243902439,806.5,331,15,19,=,1,class->block->constructor->block->block_content->expr_stmt->expr->operator,
2,8,rectangle_java2.jpg,rectangle_java2.jpg,4757128320,208,865.0284615384616,314.6126923076923,853.5,295,32,21,int,3,class->block->constructor->parameter_list->parameter->decl->type->name,
2,8,rectangle_java2.jpg,rectangle_java2.jpg,4757436363,304,863.563947368421,320.335,856.5,331,10,19,;,1,class->block->constructor->block->block_content->expr_stmt,
2,8,rectangle_java2.jpg,rectangle_java2.jpg,4758180599,72,843.0361111111112,325.845,826.5,331,23,19,x1,2,class->block->constructor->block->block_content->expr_stmt->expr->name->name,
2,8,rectangle_java2.jpg,rectangle_java2.jpg,4758284604,100,849.4055999999999,337.3684,826.5,331,23,19,x1,2,class->block->constructor->block->block_content->expr_stmt->expr->name->name,
2,8,rectangle_java2.jpg,rectangle_java2.jpg,4758284604,100,849.4055999999999,337.3684,856.5,331,10,19,;,1,class->block->constructor->block->block_content->expr_stmt,
2,8,rectangle_java2.jpg,rectangle_java2.jpg,4758360515,72,851.2066666666667,325.6872222222222,856.5,331,10,19,;,1,class->block->constructor->block->block_content->expr_stmt,
2,8,rectangle_java2.jpg,rectangle_java2.jpg,4758480367,116,845.6375862068966,345.9786206896552,826.5,331,23,19,x1,2,class->block->constructor->block->block_content->expr_stmt->expr->name->name,
2,8,rectangle_java2.jpg,rectangle_java2.jpg,4758480367,116,845.6375862068966,345.9786206896552,856.5,331,10,19,;,1,class->block->constructor->block->block_content->expr_stmt,
2,8,rectangle_java2.jpg,rectangle_java2.jpg,4758968463,388,839.528969072165,345.3376288659793,826.5,331,23,19,x1,2,class->block->constructor->block->block_content->expr_stmt->expr->name->name,
2,8,rectangle_java2.jpg,rectangle_java2.jpg,4759152425,128,809.411875,339.5996875,806.5,331,15,19,=,1,class->block->constructor->block->block_content->expr_stmt->expr->operator,
2,8,rectangle_java2.jpg,rectangle_java2.jpg,4759344431,188,808.7695744680851,343.5042553191489,806.5,331,15,19,=,1,class->block->constructor->block->block_content->expr_stmt->expr->operator,
2,8,rectangle_java2.jpg,rectangle_java2.jpg,4759512444,124,871.7774193548387,300.9677419354839,853.5,295,32,21,int,3,class->block->constructor->parameter_list->parameter->decl->type->name,
2,8,rectangle_java2.jpg,rectangle_java2.jpg,4759912428,156,841.6502564102565,250.0223076923077,833.5,259,23,21,y1,2,class->block->decl_stmt->decl->name,
2,8,rectangle_java2.jpg,rectangle_java2.jpg,4761176299,88,826.1104545454546,382.3981818181818,826.5,367,23,21,y1,2,class->block->constructor->block->block_content->expr_stmt->expr->name->name,
2,8,rectangle_java2.jpg,rectangle_java2.jpg,4761372351,56,806.3942857142857,371.8342857142857,806.5,367,15,21,=,1,class->block->constructor->block->block_content->expr_stmt->expr->operator,
2,8,rectangle_java2.jpg,rectangle_java2.jpg,4761836308,124,816.0893548387097,371.0490322580645,806.5,367,15,21,=,1,class->block->constructor->block->block_content->expr_stmt->expr->operator,
2,8,rectangle_java2.jpg,rectangle_java2.jpg,4761836308,124,816.0893548387097,371.0490322580645,826.5,367,23,21,y1,2,class->block->constructor->block->block_content->expr_stmt->expr->name->name,
2,8,rectangle_java2.jpg,rectangle_java2.jpg,4761980245,96,796.9479166666666,367.9691666666667,730.5,367,71,21,this.y1,7,class->block->constructor->block->block_content->expr_stmt->expr->name->name->operator->name,
2,8,rectangle_java2.jpg,rectangle_java2.jpg,4761980245,96,796.9479166666666,367.9691666666667,806.5,367,15,21,=,1,class->block->constructor->block->block_content->expr_stmt->expr->operator,
2,8,rectangle_java2.jpg,rectangle_java2.jpg,4762083951,100,799.7924,380.8216,730.5,367,71,21,this.y1,7,class->block->constructor->block->block_content->expr_stmt->expr->name->name->operator->name,
2,8,rectangle_java2.jpg,rectangle_java2.jpg,4762083951,100,799.7924,380.8216,806.5,367,15,21,=,1,class->block->constructor->block->block_content->expr_stmt->expr->operator,
2,8,rectangle_java2.jpg,rectangle_java2.jpg,4763492130,132,836.2245454545455,405.1672727272728,826.5,404,23,19,x2,2,class->block->constructor->block->block_content->expr_stmt->expr->name->name,
2,8,rectangle_java2.jpg,rectangle_java2.jpg,4763604128,80,834.5654999999999,398.605,826.5,404,23,19,x2,2,class->block->constructor->block->block_content->expr_stmt->expr->name->name,
2,8,rectangle_java2.jpg,rectangle_java2.jpg,4766363900,272,977.504411764706,501.75235294117647,958.5,512,71,21,this.x2,7,class->block->function->block->block_content->return->expr->name->name->operator->name->operator,
2,8,rectangle_java2.jpg,rectangle_java2.jpg,4766479888,64,982.803125,520.075,958.5,512,71,21,this.x2,7,class->block->function->block->block_content->return->expr->name->name->operator->name->operator,
2,8,rectangle_java2.jpg,rectangle_java2.jpg,4766563800,64,988.93625,512.13625,958.5,512,71,21,this.x2,7,class->block->function->block->block_content->return->expr->name->name->operator->name->operator,
2,8,rectangle_java2.jpg,rectangle_java2.jpg,4767159876,80,941.243,512.4815,891.5,512,62,21,return,6,class->block->function->block->block_content->return->expr->name->name,
2,8,rectangle_java2.jpg,rectangle_java2.jpg,4767511923,80,889.104,505.63650000000007,891.5,512,62,21,return,6,class->block->function->block->block_content->return->expr->name->name,
2,8,rectangle_java2.jpg,rectangle_java2.jpg,4767691894,176,898.9418181818182,515.1981818181819,891.5,512,62,21,return,6,class->block->function->block->block_content->return->expr->name->name,
2,8,rectangle_java2.jpg,rectangle_java2.jpg,4767791820,80,959.7595,508.5830000000001,958.5,512,71,21,this.x2,7,class->block->function->block->block_content->return->expr->name->name->operator->name->operator,
2,8,rectangle_java2.jpg,rectangle_java2.jpg,4768063731,268,961.4032835820896,500.03522388059696,958.5,512,71,21,this.x2,7,class->block->function->block->block_content->return->expr->name->name->operator->name->operator,
2,8,rectangle_java2.jpg,rectangle_java2.jpg,4768147769,80,994.954,500.356,958.5,512,71,21,this.x2,7,class->block->function->block->block_content->return->expr->name->name->operator->name->operator,
2,8,rectangle_java2.jpg,rectangle_java2.jpg,4768503817,56,862.2807142857143,516.0478571428572,854.5,512,9,21,),1,class->block->function->parameter_list,
2,8,rectangle_java2.jpg,rectangle_java2.jpg,4768503817,56,862.2807142857143,516.0478571428572,874.5,512,10,21,{,1,class->block->function->block,
2,8,rectangle_java2.jpg,rectangle_java2.jpg,4768683758,176,855.1497727272728,521.1922727272728,854.5,512,9,21,),1,class->block->function->parameter_list,
2,8,rectangle_java2.jpg,rectangle_java2.jpg,4769079731,68,842.9635294117647,508.2352941176471,837.5,512,9,21,(,1,class->block->function->parameter_list,
2,8,rectangle_java2.jpg,rectangle_java2.jpg,4769079731,68,842.9635294117647,508.2352941176471,854.5,512,9,21,),1,class->block->function->parameter_list,
2,8,rectangle_java2.jpg,rectangle_java2.jpg,4779450994,72,898.8172222222222,617.3038888888889,904.5,621,9,21,(,1,class->block->function->parameter_list,
2,8,rectangle_java2.jpg,rectangle_java2.jpg,4780206999,64,762.545,582.62,737.5,585,62,21,double,6,class->block->function->type->name,
2,8,rectangle_java2.jpg,rectangle_java2.jpg,4787538399,56,784.3621428571429,450.6392857142857,730.5,440,71,21,this.y2,7,class->block->constructor->block->block_content->expr_stmt->expr->name->name->operator->name,
2,8,rectangle_java2.jpg,rectangle_java2.jpg,4792273997,60,745.1126666666667,524.8033333333333,737.5,512,33,21,int,3,class->block->function->type->name,
2,8,rectangle_java2.jpg,rectangle_java2.jpg,4792417973,64,746.44375,527.388125,737.5,512,33,21,int,3,class->block->function->type->name,
2,8,rectangle_java2.jpg,rectangle_java2.jpg,4792730001,68,902.1158823529412,500.4723529411765,891.5,512,62,21,return,6,class->block->function->block->block_content->return->expr->name->name,
2,8,rectangle_java2.jpg,rectangle_java2.jpg,4803989394,60,880.5146666666667,655.4653333333333,883.5,658,15,20,=,1,class->block->function->block->block_content->decl_stmt->decl->init,
2,8,rectangle_java2.jpg,rectangle_java2.jpg,4806325034,56,792.2378571428571,676.7592857142857,730.5,658,91,20,Rectangle,9,class->block->function->block->block_content->decl_stmt->decl->type->name,
2,8,rectangle_java2.jpg,rectangle_java2.jpg,4806388974,60,796.674,692.4393333333334,730.5,694,177,21,System.out.println,18,class->block->function->block->block_content->expr_stmt->expr->call->name->name->operator->name->operator->name,
2,8,rectangle_java2.jpg,rectangle_java2.jpg,4811672141,56,1120.3492857142858,512.0457142857143,1054.5,512,71,21,this.x1,7,class->block->function->block->block_content->return->expr->name->name->operator->name,
2,8,rectangle_java2.jpg,rectangle_java2.jpg,4811672141,56,1120.3492857142858,512.0457142857143,1132.5,512,10,21,;,1,class->block->function->block,
2,8,rectangle_java2.jpg,rectangle_java2.jpg,4812596637,72,893.0544444444445,639.5933333333334,851.5,621,44,21,main,4,class->block->function->name,
2,8,rectangle_java2.jpg,rectangle_java2.jpg,4812596637,72,893.0544444444445,639.5933333333334,904.5,621,9,21,(,1,class->block->function->parameter_list,
2,8,rectangle_java2.jpg,rectangle_java2.jpg,4813060483,108,1004.9611111111112,670.3577777777778,941.5,658,91,20,Rectangle,9,class->block->function->block->block_content->decl_stmt->decl->init->expr->call->name,
2,8,rectangle_java2.jpg,rectangle_java2.jpg,4813300506,60,952.8933333333332,660.258,941.5,658,91,20,Rectangle,9,class->block->function->block->block_content->decl_stmt->decl->init->expr->call->name,
2,8,rectangle_java2.jpg,rectangle_java2.jpg,4813468476,80,1123.678,655.2115,1115.5,658,10,20,"""","""",1,class->block->function->block->block_content->decl_stmt->decl->init->expr->call->argument_list
2,8,rectangle_java2.jpg,rectangle_java2.jpg,4813468476,80,1123.678,655.2115,1134.5,658,22,20,10,2,class->block->function->block->block_content->decl_stmt->decl->init->expr->call->argument_list->argument->expr->literal,
2,8,rectangle_java2.jpg,rectangle_java2.jpg,4813604502,100,1121.1704,660.8344,1115.5,658,10,20,"""","""",1,class->block->function->block->block_content->decl_stmt->decl->init->expr->call->argument_list
2,8,rectangle_java2.jpg,rectangle_java2.jpg,4813708569,88,1120.307272727273,664.7663636363636,1115.5,658,10,20,"""","""",1,class->block->function->block->block_content->decl_stmt->decl->init->expr->call->argument_list
2,8,rectangle_java2.jpg,rectangle_java2.jpg,4814400674,68,1062.2123529411765,648.5335294117647,1057.5,658,13,20,0,1,class->block->function->block->block_content->decl_stmt->decl->init->expr->call->argument_list->argument->expr->literal,
2,8,rectangle_java2.jpg,rectangle_java2.jpg,4814608470,100,935.778,587.3868,910.5,585,62,21,return,6,class->block->function->block->block_content->return,
2,8,rectangle_java2.jpg,rectangle_java2.jpg,4816104372,60,894.2533333333333,712.8833333333333,730.5,694,177,21,System.out.println,18,class->block->function->block->block_content->expr_stmt->expr->call->name->name->operator->name->operator->name,
2,8,rectangle_java2.jpg,rectangle_java2.jpg,4816252369,84,889.9880952380952,719.2938095238095,883.5,731,15,20,=,1,class->block->function->block->block_content->decl_stmt->decl->init,
2,8,rectangle_java2.jpg,rectangle_java2.jpg,4817328222,76,1030.286842105263,541.8578947368421,968.5,549,70,21,this.y2,7,class->block->function->block->block_content->return->expr->name->name->operator->name,
2,8,rectangle_java2.jpg,rectangle_java2.jpg,4818276203,60,912.8953333333334,737.952,902.5,731,34,20,new,3,class->block->function->block->block_content->decl_stmt->decl->init->expr->operator,
2,8,rectangle_java2.jpg,rectangle_java2.jpg,4818368117,88,915.7990909090908,728.6290909090909,902.5,731,34,20,new,3,class->block->function->block->block_content->decl_stmt->decl->init->expr->operator,
2,8,rectangle_java2.jpg,rectangle_java2.jpg,4818587964,80,858.658,720.7775,826.5,731,51,20,rect2,5,class->block->function->block->block_content->decl_stmt->decl->name,
2,8,rectangle_java2.jpg,rectangle_java2.jpg,4836498892,60,823.1546666666667,536.8153333333333,775.5,549,62,21,height,6,class->block->function->name,
2,8,rectangle_java2.jpg,rectangle_java2.jpg,4836590871,88,830.3040909090909,539.5736363636364,775.5,549,62,21,height,6,class->block->function->name,
2,8,rectangle_java2.jpg,rectangle_java2.jpg,4836838847,124,719.871935483871,504.53032258064513,669.5,512,63,21,public,6,class->block->function->type->specifier,
2,8,rectangle_java2.jpg,rectangle_java2.jpg,4836926863,84,722.3766666666667,510.8466666666666,669.5,512,63,21,public,6,class->block->function->type->specifier,
2,8,rectangle_java2.jpg,rectangle_java2.jpg,4837066877,60,822.6326666666666,506.0893333333333,775.5,512,53,21,width,5,class->block->function->name,
2,8,rectangle_java2.jpg,rectangle_java2.jpg,4837182881,92,828.2973913043478,503.1260869565217,775.5,512,53,21,width,5,class->block->function->name,
2,8,rectangle_java2.jpg,rectangle_java2.jpg,4837182881,92,828.2973913043478,503.1260869565217,837.5,512,9,21,(,1,class->block->function->parameter_list,
2,8,rectangle_java2.jpg,rectangle_java2.jpg,4837272305,64,836.93875,507.4775,837.5,512,9,21,(,1,class->block->function->parameter_list,
2,8,rectangle_java2.jpg,rectangle_java2.jpg,4837406457,100,807.9456,514.1208,775.5,512,53,21,width,5,class->block->function->name,
2,8,rectangle_java2.jpg,rectangle_java2.jpg,4837526630,116,801.196551724138,510.29,775.5,512,53,21,width,5,class->block->function->name,
2,8,rectangle_java2.jpg,rectangle_java2.jpg,4841922468,72,750.7844444444445,726.965,730.5,731,91,20,Rectangle,9,class->block->function->block->block_content->decl_stmt->decl->type->name,
2,8,rectangle_java2.jpg,rectangle_java2.jpg,4845258194,56,1012.0607142857144,515.5692857142857,958.5,512,71,21,this.x2,7,class->block->function->block->block_content->return->expr->name->name->operator->name->operator,
2,8,rectangle_java2.jpg,rectangle_java2.jpg,4847762165,60,863.792,441.4513333333333,856.5,440,10,21,;,1,class->block->constructor->block->block_content->expr_stmt,
2,8,rectangle_java2.jpg,rectangle_java2.jpg,4854369556,64,919.613125,544.5175,900.5,549,63,21,return,6,class->block->function->block->block_content->return,
2,8,rectangle_java2.jpg,rectangle_java2.jpg,4857053221,60,1009.3733333333332,779.9193333333334,932.5,766,100,21,rect2.area,10,class->block->function->block->block_content->expr_stmt->expr->call->argument_list->argument->expr->call->name->name->operator->name,
2,8,rectangle_java2.jpg,rectangle_java2.jpg,4860101134,56,912.0857142857144,724.6892857142857,902.5,731,34,20,new,3,class->block->function->block->block_content->decl_stmt->decl->init->expr->operator,
2,8,rectangle_java2.jpg,rectangle_java2.jpg,4862705135,80,983.0665,702.481,932.5,694,100,21,rect1.area,10,class->block->function->block->block_content->expr_stmt->expr->call->argument_list->argument->expr->call->name->name->operator->name,
2,8,rectangle_java2.jpg,rectangle_java2.jpg,4866648715,60,893.35,726.964,883.5,731,15,20,=,1,class->block->function->block->block_content->decl_stmt->decl->init,
2,8,rectangle_java2.jpg,rectangle_java2.jpg,4866648715,60,893.35,726.964,902.5,731,34,20,new,3,class->block->function->block->block_content->decl_stmt->decl->init->expr->operator,
