trial,participant,code_file,code_language,timestamp,duration,x_cord,y_cord,aoi_x,aoi_y,aoi_width,aoi_height,token,length,srcML,
2,92,rectangle_java2.jpg,rectangle_java2.jpg,1397384253,128,781.4125,235.588125,715.5,222,90,21,Rectangle,9,class->name,
2,92,rectangle_java2.jpg,rectangle_java2.jpg,1397484209,64,707.499375,229.590625,657.5,222,52,21,class,5,class,
2,92,rectangle_java2.jpg,rectangle_java2.jpg,1397484209,64,707.499375,229.590625,715.5,222,90,21,Rectangle,9,class->name,
2,92,rectangle_java2.jpg,rectangle_java2.jpg,1397639953,116,699.5237931034483,265.54689655172416,669.5,259,72,21,private,7,class->block->decl_stmt->decl->type->specifier,
2,92,rectangle_java2.jpg,rectangle_java2.jpg,1397711959,68,754.2788235294117,272.2541176470588,747.5,259,33,21,int,3,class->block->decl_stmt->decl->type->name,
2,92,rectangle_java2.jpg,rectangle_java2.jpg,1397836083,120,760.5443333333334,265.64933333333335,747.5,259,33,21,int,3,class->block->decl_stmt->decl->type->name,
2,92,rectangle_java2.jpg,rectangle_java2.jpg,1402120020,56,786.8235714285714,278.93357142857144,785.5,259,23,21,x1,2,class->block->decl_stmt->decl->name,
2,92,rectangle_java2.jpg,rectangle_java2.jpg,1404267553,64,876.826875,269.08,881.5,259,23,21,x2,2,class->block->decl_stmt->decl->name,
2,92,rectangle_java2.jpg,rectangle_java2.jpg,1404367566,56,914.8442857142855,282.925,921.5,295,9,21,"""","""",1,class->block->constructor->parameter_list
2,92,rectangle_java2.jpg,rectangle_java2.jpg,1404839578,84,1155.775238095238,306.14476190476194,1150.5,295,23,21,y2,2,class->block->constructor->parameter_list->parameter->decl->type->name,
2,92,rectangle_java2.jpg,rectangle_java2.jpg,1405959389,64,778.178125,315.796875,737.5,295,91,21,Rectangle,9,class->block->constructor->name,
2,92,rectangle_java2.jpg,rectangle_java2.jpg,1407911356,60,843.5686666666667,263.61066666666665,833.5,259,23,21,y1,2,class->block->decl_stmt->decl->name,
2,92,rectangle_java2.jpg,rectangle_java2.jpg,1408747056,88,832.6913636363637,337.21863636363634,826.5,331,23,19,x1,2,class->block->constructor->block->block_content->expr_stmt->expr->name->name,
2,92,rectangle_java2.jpg,rectangle_java2.jpg,1408959181,60,818.9473333333333,340.31,806.5,331,15,19,=,1,class->block->constructor->block->block_content->expr_stmt->expr->operator,
2,92,rectangle_java2.jpg,rectangle_java2.jpg,1408959181,60,818.9473333333333,340.31,826.5,331,23,19,x1,2,class->block->constructor->block->block_content->expr_stmt->expr->name->name,
2,92,rectangle_java2.jpg,rectangle_java2.jpg,1412206929,136,962.070588235294,578.079705882353,910.5,585,62,21,return,6,class->block->function->block->block_content->return,
2,92,rectangle_java2.jpg,rectangle_java2.jpg,1412422915,64,1034.200625,562.089375,968.5,549,70,21,this.y2,7,class->block->function->block->block_content->return->expr->name->name->operator->name,
2,92,rectangle_java2.jpg,rectangle_java2.jpg,1412422915,64,1034.200625,562.089375,1045.5,549,13,21,-,1,class->block->function->block->block_content->return->expr->operator,
2,92,rectangle_java2.jpg,rectangle_java2.jpg,1412502910,76,1041.0084210526315,568.6594736842105,1045.5,549,13,21,-,1,class->block->function->block->block_content->return->expr->operator,
2,92,rectangle_java2.jpg,rectangle_java2.jpg,1412686885,144,1072.8122222222223,578.7027777777778,977.5,585,101,21,this.width,10,class->block->function->block->block_content->return->expr->call->name->name->operator->name,
2,92,rectangle_java2.jpg,rectangle_java2.jpg,1412814931,124,1076.2590322580645,590.6406451612903,977.5,585,101,21,this.width,10,class->block->function->block->block_content->return->expr->call->name->name->operator->name,
2,92,rectangle_java2.jpg,rectangle_java2.jpg,1412814931,124,1076.2590322580645,590.6406451612903,1086.5,585,10,21,(,1,class->block->function->block->block_content->return->expr->call->argument_list,
2,92,rectangle_java2.jpg,rectangle_java2.jpg,1412958955,92,989.771304347826,583.7817391304347,977.5,585,101,21,this.width,10,class->block->function->block->block_content->return->expr->call->name->name->operator->name,
2,92,rectangle_java2.jpg,rectangle_java2.jpg,1413079676,84,987.6633333333332,602.8542857142858,977.5,585,101,21,this.width,10,class->block->function->block->block_content->return->expr->call->name->name->operator->name,
2,92,rectangle_java2.jpg,rectangle_java2.jpg,1418986361,76,815.2994736842105,565.8947368421053,775.5,549,62,21,height,6,class->block->function->name,
2,92,rectangle_java2.jpg,rectangle_java2.jpg,1419526277,64,837.048125,545.266875,775.5,549,62,21,height,6,class->block->function->name,
2,92,rectangle_java2.jpg,rectangle_java2.jpg,1419526277,64,837.048125,545.266875,846.5,549,10,21,(,1,class->block->function->parameter_list,
2,92,rectangle_java2.jpg,rectangle_java2.jpg,1419882299,64,866.794375,548.39625,863.5,549,9,21,),1,class->block->function->parameter_list,
