trial,participant,code_file,code_language,timestamp,duration,x_cord,y_cord,aoi_x,aoi_y,aoi_width,aoi_height,token,length,srcML,
2,99,rectangle_java2.jpg,rectangle_java2.jpg,9179970207,56,662.3342857142857,270.3778571428571,669.5,259,72,21,private,7,class->block->decl_stmt->decl->type->specifier,
2,99,rectangle_java2.jpg,rectangle_java2.jpg,9180038202,64,660.644375,271.936875,669.5,259,72,21,private,7,class->block->decl_stmt->decl->type->specifier,
2,99,rectangle_java2.jpg,rectangle_java2.jpg,9180122205,80,657.64,265.1995,669.5,259,72,21,private,7,class->block->decl_stmt->decl->type->specifier,
2,99,rectangle_java2.jpg,rectangle_java2.jpg,9180338211,92,716.7039130434782,240.9204347826087,715.5,222,90,21,Rectangle,9,class->name,
2,99,rectangle_java2.jpg,rectangle_java2.jpg,9180418204,76,717.6557894736842,256.9884210526316,669.5,259,72,21,private,7,class->block->decl_stmt->decl->type->specifier,
2,99,rectangle_java2.jpg,rectangle_java2.jpg,9180546203,100,667.818,252.5736,669.5,259,72,21,private,7,class->block->decl_stmt->decl->type->specifier,
2,99,rectangle_java2.jpg,rectangle_java2.jpg,9180921954,64,624.034375,236.226875,589.5,222,63,21,public,6,class->specifier,
2,99,rectangle_java2.jpg,rectangle_java2.jpg,9181094093,92,676.0308695652174,253.064347826087,669.5,259,72,21,private,7,class->block->decl_stmt->decl->type->specifier,
2,99,rectangle_java2.jpg,rectangle_java2.jpg,9181222081,68,749.4717647058824,259.3647058823529,747.5,259,33,21,int,3,class->block->decl_stmt->decl->type->name,
2,99,rectangle_java2.jpg,rectangle_java2.jpg,9181358108,132,756.2069696969697,255.35909090909087,747.5,259,33,21,int,3,class->block->decl_stmt->decl->type->name,
2,99,rectangle_java2.jpg,rectangle_java2.jpg,9181518122,136,722.8614705882353,279.5938235294118,669.5,259,72,21,private,7,class->block->decl_stmt->decl->type->specifier,
2,99,rectangle_java2.jpg,rectangle_java2.jpg,9181602092,80,712.341,284.796,669.5,295,63,21,public,6,class->block->constructor->specifier,
2,99,rectangle_java2.jpg,rectangle_java2.jpg,9181826092,68,770.8205882352942,292.12117647058824,737.5,295,91,21,Rectangle,9,class->block->constructor->name,
2,99,rectangle_java2.jpg,rectangle_java2.jpg,9181938096,60,775.5393333333333,287.824,737.5,295,91,21,Rectangle,9,class->block->constructor->name,
2,99,rectangle_java2.jpg,rectangle_java2.jpg,9182114097,100,829.7244,289.0696,837.5,295,9,21,(,1,class->block->constructor->parameter_list,
2,99,rectangle_java2.jpg,rectangle_java2.jpg,9182246119,60,924.2526666666666,298.3713333333333,921.5,295,9,21,"""","""",1,class->block->constructor->parameter_list
2,99,rectangle_java2.jpg,rectangle_java2.jpg,9182370108,68,922.02,288.32,921.5,295,9,21,"""","""",1,class->block->constructor->parameter_list
2,99,rectangle_java2.jpg,rectangle_java2.jpg,9182478067,104,926.8407692307692,297.73692307692306,921.5,295,9,21,"""","""",1,class->block->constructor->parameter_list
2,99,rectangle_java2.jpg,rectangle_java2.jpg,9182545941,64,933.398125,298.231875,939.5,295,33,21,int,3,class->block->constructor->parameter_list->parameter->decl->type->name,
2,99,rectangle_java2.jpg,rectangle_java2.jpg,9182729768,56,712.1678571428571,311.4585714285714,669.5,295,63,21,public,6,class->block->constructor->specifier,
2,99,rectangle_java2.jpg,rectangle_java2.jpg,9183149988,156,788.9871794871794,312.84128205128206,737.5,295,91,21,Rectangle,9,class->block->constructor->name,
2,99,rectangle_java2.jpg,rectangle_java2.jpg,9183949958,84,803.4857142857143,349.66761904761904,806.5,331,15,19,=,1,class->block->constructor->block->block_content->expr_stmt->expr->operator,
2,99,rectangle_java2.jpg,rectangle_java2.jpg,9184090006,64,781.699375,349.899375,730.5,331,71,19,this.x1,7,class->block->constructor->block->block_content->expr_stmt->expr->name->name->operator->name,
2,99,rectangle_java2.jpg,rectangle_java2.jpg,9184309876,76,796.6784210526316,369.3878947368421,730.5,367,71,21,this.y1,7,class->block->constructor->block->block_content->expr_stmt->expr->name->name->operator->name,
2,99,rectangle_java2.jpg,rectangle_java2.jpg,9184309876,76,796.6784210526316,369.3878947368421,806.5,367,15,21,=,1,class->block->constructor->block->block_content->expr_stmt->expr->operator,
2,99,rectangle_java2.jpg,rectangle_java2.jpg,9184381889,68,804.6823529411765,375.6088235294118,806.5,367,15,21,=,1,class->block->constructor->block->block_content->expr_stmt->expr->operator,
2,99,rectangle_java2.jpg,rectangle_java2.jpg,9184489896,104,804.9526923076924,373.01730769230767,806.5,367,15,21,=,1,class->block->constructor->block->block_content->expr_stmt->expr->operator,
2,99,rectangle_java2.jpg,rectangle_java2.jpg,9184617838,124,821.2677419354839,378.2822580645161,806.5,367,15,21,=,1,class->block->constructor->block->block_content->expr_stmt->expr->operator,
2,99,rectangle_java2.jpg,rectangle_java2.jpg,9184617838,124,821.2677419354839,378.2822580645161,826.5,367,23,21,y1,2,class->block->constructor->block->block_content->expr_stmt->expr->name->name,
2,99,rectangle_java2.jpg,rectangle_java2.jpg,9185121791,128,721.2384375,524.995,669.5,512,63,21,public,6,class->block->function->type->specifier,
2,99,rectangle_java2.jpg,rectangle_java2.jpg,9185289826,84,770.0509523809524,536.8980952380953,737.5,549,33,21,int,3,class->block->function->type->name,
2,99,rectangle_java2.jpg,rectangle_java2.jpg,9185289826,84,770.0509523809524,536.8980952380953,775.5,549,62,21,height,6,class->block->function->name,
2,99,rectangle_java2.jpg,rectangle_java2.jpg,9185353830,60,785.5333333333333,536.8679999999999,775.5,549,62,21,height,6,class->block->function->name,
2,99,rectangle_java2.jpg,rectangle_java2.jpg,9185581816,72,735.5333333333333,546.0183333333333,737.5,549,33,21,int,3,class->block->function->type->name,
2,99,rectangle_java2.jpg,rectangle_java2.jpg,9185661784,60,690.144,544.9266666666666,669.5,549,63,21,public,6,class->block->function->type->specifier,
2,99,rectangle_java2.jpg,rectangle_java2.jpg,9185745779,80,685.699,538.101,669.5,549,63,21,public,6,class->block->function->type->specifier,
2,99,rectangle_java2.jpg,rectangle_java2.jpg,9185861762,60,774.324,548.2786666666666,775.5,549,62,21,height,6,class->block->function->name,
2,99,rectangle_java2.jpg,rectangle_java2.jpg,9186017775,72,763.9327777777778,529.7016666666667,737.5,512,33,21,int,3,class->block->function->type->name,
2,99,rectangle_java2.jpg,rectangle_java2.jpg,9186017775,72,763.9327777777778,529.7016666666667,775.5,512,53,21,width,5,class->block->function->name,
2,99,rectangle_java2.jpg,rectangle_java2.jpg,9186181814,100,898.2536,537.468,900.5,549,63,21,return,6,class->block->function->block->block_content->return,
2,99,rectangle_java2.jpg,rectangle_java2.jpg,9186373730,144,919.6930555555556,546.2175,900.5,549,63,21,return,6,class->block->function->block->block_content->return,
2,99,rectangle_java2.jpg,rectangle_java2.jpg,9186677577,72,1080.0705555555555,556.8877777777777,1064.5,549,71,21,this.y1,7,class->block->function->block->block_content->return->expr->name->name->operator->name,
2,99,rectangle_java2.jpg,rectangle_java2.jpg,9186921687,88,1079.2904545454546,539.3040909090909,1064.5,549,71,21,this.y1,7,class->block->function->block->block_content->return->expr->name->name->operator->name,
2,99,rectangle_java2.jpg,rectangle_java2.jpg,9187113728,160,1016.2065,547.727,968.5,549,70,21,this.y2,7,class->block->function->block->block_content->return->expr->name->name->operator->name,
2,99,rectangle_java2.jpg,rectangle_java2.jpg,9187381720,88,809.2440909090909,541.5718181818182,775.5,549,62,21,height,6,class->block->function->name,
2,99,rectangle_java2.jpg,rectangle_java2.jpg,9187465720,80,823.4145,551.576,775.5,549,62,21,height,6,class->block->function->name,
2,99,rectangle_java2.jpg,rectangle_java2.jpg,9187653707,72,770.5094444444444,517.5188888888889,775.5,512,53,21,width,5,class->block->function->name,
2,99,rectangle_java2.jpg,rectangle_java2.jpg,9187949728,120,1045.025666666667,527.7696666666667,1035.5,512,13,21,-,1,class->block->function->block->block_content->return->expr->name->name,
2,99,rectangle_java2.jpg,rectangle_java2.jpg,9187949728,120,1045.025666666667,527.7696666666667,1054.5,512,71,21,this.x1,7,class->block->function->block->block_content->return->expr->name->name->operator->name,
2,99,rectangle_java2.jpg,rectangle_java2.jpg,9188009719,56,1036.4264285714285,525.4514285714286,1035.5,512,13,21,-,1,class->block->function->block->block_content->return->expr->name->name,
2,99,rectangle_java2.jpg,rectangle_java2.jpg,9188117688,64,1073.64875,531.38375,1054.5,512,71,21,this.x1,7,class->block->function->block->block_content->return->expr->name->name->operator->name,
2,99,rectangle_java2.jpg,rectangle_java2.jpg,9188193640,72,1084.9888888888888,552.6661111111111,1064.5,549,71,21,this.y1,7,class->block->function->block->block_content->return->expr->name->name->operator->name,
2,99,rectangle_java2.jpg,rectangle_java2.jpg,9188325473,76,758.6815789473684,591.0647368421053,737.5,585,62,21,double,6,class->block->function->type->name,
2,99,rectangle_java2.jpg,rectangle_java2.jpg,9188461446,92,756.2986956521739,562.8369565217391,737.5,549,33,21,int,3,class->block->function->type->name,
2,99,rectangle_java2.jpg,rectangle_java2.jpg,9188613554,72,792.4294444444445,567.6005555555555,775.5,549,62,21,height,6,class->block->function->name,
2,99,rectangle_java2.jpg,rectangle_java2.jpg,9188681599,64,805.0275,574.646875,804.5,585,43,21,area,4,class->block->function->name,
2,99,rectangle_java2.jpg,rectangle_java2.jpg,9188857565,84,968.9509523809523,573.6628571428572,910.5,585,62,21,return,6,class->block->function->block->block_content->return,
2,99,rectangle_java2.jpg,rectangle_java2.jpg,9188857565,84,968.9509523809523,573.6628571428572,977.5,585,101,21,this.width,10,class->block->function->block->block_content->return->expr->call->name->name->operator->name,
2,99,rectangle_java2.jpg,rectangle_java2.jpg,9188989549,128,954.17375,582.319375,910.5,585,62,21,return,6,class->block->function->block->block_content->return,
2,99,rectangle_java2.jpg,rectangle_java2.jpg,9189077556,64,1006.359375,581.106875,977.5,585,101,21,this.width,10,class->block->function->block->block_content->return->expr->call->name->name->operator->name,
2,99,rectangle_java2.jpg,rectangle_java2.jpg,9189165562,84,1005.192380952381,560.7914285714286,968.5,549,70,21,this.y2,7,class->block->function->block->block_content->return->expr->name->name->operator->name,
2,99,rectangle_java2.jpg,rectangle_java2.jpg,9189429518,64,1108.993125,559.165625,1064.5,549,71,21,this.y1,7,class->block->function->block->block_content->return->expr->name->name->operator->name,
2,99,rectangle_java2.jpg,rectangle_java2.jpg,9189517511,84,1114.3295238095238,549.7266666666667,1064.5,549,71,21,this.y1,7,class->block->function->block->block_content->return->expr->name->name->operator->name,
2,99,rectangle_java2.jpg,rectangle_java2.jpg,9189589505,68,1122.6970588235297,556.6429411764706,1064.5,549,71,21,this.y1,7,class->block->function->block->block_content->return->expr->name->name->operator->name,
2,99,rectangle_java2.jpg,rectangle_java2.jpg,9189693509,100,1115.8284,564.904,1064.5,549,71,21,this.y1,7,class->block->function->block->block_content->return->expr->name->name->operator->name,
2,99,rectangle_java2.jpg,rectangle_java2.jpg,9189813540,84,1076.142380952381,564.9928571428571,1064.5,549,71,21,this.y1,7,class->block->function->block->block_content->return->expr->name->name->operator->name,
2,99,rectangle_java2.jpg,rectangle_java2.jpg,9189989569,84,1021.975238095238,567.5,968.5,549,70,21,this.y2,7,class->block->function->block->block_content->return->expr->name->name->operator->name,
2,99,rectangle_java2.jpg,rectangle_java2.jpg,9190233472,184,754.4008695652174,600.9554347826087,737.5,585,62,21,double,6,class->block->function->type->name,
2,99,rectangle_java2.jpg,rectangle_java2.jpg,9190393406,124,783.593870967742,586.7929032258064,737.5,585,62,21,double,6,class->block->function->type->name,
2,99,rectangle_java2.jpg,rectangle_java2.jpg,9190745425,348,778.2042528735632,592.4165517241379,737.5,585,62,21,double,6,class->block->function->type->name,
2,99,rectangle_java2.jpg,rectangle_java2.jpg,9190809452,60,775.3066666666667,584.4033333333333,737.5,585,62,21,double,6,class->block->function->type->name,
2,99,rectangle_java2.jpg,rectangle_java2.jpg,9190949442,60,848.9986666666666,577.3393333333333,856.5,585,9,21,(,1,class->block->function->parameter_list,
2,99,rectangle_java2.jpg,rectangle_java2.jpg,9191225414,136,986.3770588235294,614.6629411764706,990.5,621,10,21,[,1,class->block->function->parameter_list->parameter->decl->type->name->index,
2,99,rectangle_java2.jpg,rectangle_java2.jpg,9191293417,64,1010.145625,621.33875,1007.5,621,10,21,],1,class->block->function->parameter_list->parameter->decl->type->name->index,
2,99,rectangle_java2.jpg,rectangle_java2.jpg,9191413401,72,1029.956111111111,598.3161111111111,977.5,585,101,21,this.width,10,class->block->function->block->block_content->return->expr->call->name->name->operator->name,
2,99,rectangle_java2.jpg,rectangle_java2.jpg,9191501400,84,1038.212380952381,602.677619047619,977.5,585,101,21,this.width,10,class->block->function->block->block_content->return->expr->call->name->name->operator->name,
2,99,rectangle_java2.jpg,rectangle_java2.jpg,9191573413,68,1018.6823529411764,600.2917647058823,977.5,585,101,21,this.width,10,class->block->function->block->block_content->return->expr->call->name->name->operator->name,
2,99,rectangle_java2.jpg,rectangle_java2.jpg,9191633424,56,1007.6421428571427,601.9671428571429,977.5,585,101,21,this.width,10,class->block->function->block->block_content->return->expr->call->name->name->operator->name,
2,99,rectangle_java2.jpg,rectangle_java2.jpg,9191837438,60,935.7993333333334,625.4466666666667,920.5,621,62,21,String,6,class->block->function->parameter_list->parameter->decl->type->name->name,
2,99,rectangle_java2.jpg,rectangle_java2.jpg,9192161272,156,1024.5953846153843,586.1376923076923,977.5,585,101,21,this.width,10,class->block->function->block->block_content->return->expr->call->name->name->operator->name,
2,99,rectangle_java2.jpg,rectangle_java2.jpg,9192345174,132,1071.5181818181818,588.0554545454545,977.5,585,101,21,this.width,10,class->block->function->block->block_content->return->expr->call->name->name->operator->name,
2,99,rectangle_java2.jpg,rectangle_java2.jpg,9192697297,64,1200.840625,595.01375,1140.5,585,110,21,this.height,11,class->block->function->block->block_content->return->expr->call->name->name->operator->name,
2,99,rectangle_java2.jpg,rectangle_java2.jpg,9192961283,120,780.3256666666666,625.327,738.5,621,61,21,static,6,class->block->function->type->specifier,
2,99,rectangle_java2.jpg,rectangle_java2.jpg,9193089277,72,709.5838888888889,620.5694444444445,669.5,621,63,21,public,6,class->block->function->type->specifier,
2,99,rectangle_java2.jpg,rectangle_java2.jpg,9193157231,64,718.954375,633.043125,669.5,621,63,21,public,6,class->block->function->type->specifier,
2,99,rectangle_java2.jpg,rectangle_java2.jpg,9193289166,84,768.9995238095238,616.6014285714285,738.5,621,61,21,static,6,class->block->function->type->specifier,
2,99,rectangle_java2.jpg,rectangle_java2.jpg,9193377240,84,766.8780952380953,604.0466666666666,737.5,585,62,21,double,6,class->block->function->type->name,
2,99,rectangle_java2.jpg,rectangle_java2.jpg,9193505325,76,769.7626315789474,630.121052631579,738.5,621,61,21,static,6,class->block->function->type->specifier,
2,99,rectangle_java2.jpg,rectangle_java2.jpg,9193805300,164,750.7124390243903,638.4395121951219,738.5,621,61,21,static,6,class->block->function->type->specifier,
2,99,rectangle_java2.jpg,rectangle_java2.jpg,9193869282,60,744.1746666666667,629.0933333333334,738.5,621,61,21,static,6,class->block->function->type->specifier,
2,99,rectangle_java2.jpg,rectangle_java2.jpg,9194269232,56,814.6492857142857,617.7764285714286,804.5,621,44,21,void,4,class->block->function->type->name,
2,99,rectangle_java2.jpg,rectangle_java2.jpg,9194349182,56,727.3807142857144,621.4571428571428,669.5,621,63,21,public,6,class->block->function->type->specifier,
2,99,rectangle_java2.jpg,rectangle_java2.jpg,9194349182,56,727.3807142857144,621.4571428571428,738.5,621,61,21,static,6,class->block->function->type->specifier,
2,99,rectangle_java2.jpg,rectangle_java2.jpg,9194421126,68,729.4970588235294,641.0205882352941,669.5,621,63,21,public,6,class->block->function->type->specifier,
2,99,rectangle_java2.jpg,rectangle_java2.jpg,9194421126,68,729.4970588235294,641.0205882352941,738.5,621,61,21,static,6,class->block->function->type->specifier,
2,99,rectangle_java2.jpg,rectangle_java2.jpg,9194481088,56,739.9028571428571,631.0364285714286,738.5,621,61,21,static,6,class->block->function->type->specifier,
2,99,rectangle_java2.jpg,rectangle_java2.jpg,9194761174,132,791.309696969697,586.3784848484848,737.5,585,62,21,double,6,class->block->function->type->name,
2,99,rectangle_java2.jpg,rectangle_java2.jpg,9194933197,104,855.7176923076923,619.9696153846154,851.5,621,44,21,main,4,class->block->function->name,
2,99,rectangle_java2.jpg,rectangle_java2.jpg,9194997213,60,842.02,615.3066666666667,804.5,621,44,21,void,4,class->block->function->type->name,
2,99,rectangle_java2.jpg,rectangle_java2.jpg,9194997213,60,842.02,615.3066666666667,851.5,621,44,21,main,4,class->block->function->name,
2,99,rectangle_java2.jpg,rectangle_java2.jpg,9195165245,124,859.3829032258064,611.9067741935484,851.5,621,44,21,main,4,class->block->function->name,
2,99,rectangle_java2.jpg,rectangle_java2.jpg,9195281251,112,866.0053571428572,634.9003571428572,851.5,621,44,21,main,4,class->block->function->name,
2,99,rectangle_java2.jpg,rectangle_java2.jpg,9195473216,188,889.3708510638298,630.3268085106383,851.5,621,44,21,main,4,class->block->function->name,
2,99,rectangle_java2.jpg,rectangle_java2.jpg,9195569187,92,890.5547826086956,641.37,851.5,621,44,21,main,4,class->block->function->name,
2,99,rectangle_java2.jpg,rectangle_java2.jpg,9195729158,56,861.8885714285715,625.9907142857143,851.5,621,44,21,main,4,class->block->function->name,
2,99,rectangle_java2.jpg,rectangle_java2.jpg,9196032928,60,814.8526666666667,618.46,804.5,621,44,21,void,4,class->block->function->type->name,
2,99,rectangle_java2.jpg,rectangle_java2.jpg,9196188901,104,893.3026923076923,624.2634615384616,851.5,621,44,21,main,4,class->block->function->name,
2,99,rectangle_java2.jpg,rectangle_java2.jpg,9196188901,104,893.3026923076923,624.2634615384616,904.5,621,9,21,(,1,class->block->function->parameter_list,
2,99,rectangle_java2.jpg,rectangle_java2.jpg,9196365007,72,984.8511111111112,612.99,990.5,621,10,21,[,1,class->block->function->parameter_list->parameter->decl->type->name->index,
2,99,rectangle_java2.jpg,rectangle_java2.jpg,9196481037,64,973.0,629.175,920.5,621,62,21,String,6,class->block->function->parameter_list->parameter->decl->type->name->name,
2,99,rectangle_java2.jpg,rectangle_java2.jpg,9196668988,136,1038.894705882353,621.4867647058824,1025.5,621,42,21,args,4,class->block->function->parameter_list->parameter->decl->name,
2,99,rectangle_java2.jpg,rectangle_java2.jpg,9196889018,136,1049.4661764705882,653.5370588235294,1041.5,658,9,20,(,1,class->block->function->block->block_content->decl_stmt->decl->init->expr->call->argument_list,
2,99,rectangle_java2.jpg,rectangle_java2.jpg,9196889018,136,1049.4661764705882,653.5370588235294,1057.5,658,13,20,0,1,class->block->function->block->block_content->decl_stmt->decl->init->expr->call->argument_list->argument->expr->literal,
2,99,rectangle_java2.jpg,rectangle_java2.jpg,9197088997,136,792.1173529411765,655.2444117647059,730.5,658,91,20,Rectangle,9,class->block->function->block->block_content->decl_stmt->decl->type->name,
2,99,rectangle_java2.jpg,rectangle_java2.jpg,9197605015,80,938.2555,651.745,941.5,658,91,20,Rectangle,9,class->block->function->block->block_content->decl_stmt->decl->init->expr->call->name,
2,99,rectangle_java2.jpg,rectangle_java2.jpg,9197701021,92,940.4530434782608,651.6117391304348,941.5,658,91,20,Rectangle,9,class->block->function->block->block_content->decl_stmt->decl->init->expr->call->name,
2,99,rectangle_java2.jpg,rectangle_java2.jpg,9197852886,148,942.0267567567568,655.1718918918918,941.5,658,91,20,Rectangle,9,class->block->function->block->block_content->decl_stmt->decl->init->expr->call->name,
2,99,rectangle_java2.jpg,rectangle_java2.jpg,9198024771,60,873.3826666666666,639.358,851.5,621,44,21,main,4,class->block->function->name,
2,99,rectangle_java2.jpg,rectangle_java2.jpg,9198232862,84,852.3052380952381,630.2119047619047,851.5,621,44,21,main,4,class->block->function->name,
2,99,rectangle_java2.jpg,rectangle_java2.jpg,9198324883,88,862.8790909090909,618.1813636363636,851.5,621,44,21,main,4,class->block->function->name,
2,99,rectangle_java2.jpg,rectangle_java2.jpg,9198572924,104,960.2123076923076,660.1053846153847,941.5,658,91,20,Rectangle,9,class->block->function->block->block_content->decl_stmt->decl->init->expr->call->name,
2,99,rectangle_java2.jpg,rectangle_java2.jpg,9198752917,132,984.4769696969696,649.6269696969697,941.5,658,91,20,Rectangle,9,class->block->function->block->block_content->decl_stmt->decl->init->expr->call->name,
2,99,rectangle_java2.jpg,rectangle_java2.jpg,9198824927,68,995.5158823529412,636.2194117647059,990.5,621,10,21,[,1,class->block->function->parameter_list->parameter->decl->type->name->index,
2,99,rectangle_java2.jpg,rectangle_java2.jpg,9198824927,68,995.5158823529412,636.2194117647059,1007.5,621,10,21,],1,class->block->function->parameter_list->parameter->decl->type->name->index,
2,99,rectangle_java2.jpg,rectangle_java2.jpg,9199020899,68,971.7382352941175,652.4952941176471,941.5,658,91,20,Rectangle,9,class->block->function->block->block_content->decl_stmt->decl->init->expr->call->name,
2,99,rectangle_java2.jpg,rectangle_java2.jpg,9199112894,68,1018.6647058823528,659.3494117647059,941.5,658,91,20,Rectangle,9,class->block->function->block->block_content->decl_stmt->decl->init->expr->call->name,
2,99,rectangle_java2.jpg,rectangle_java2.jpg,9199320913,116,1110.6106896551723,652.7475862068966,1115.5,658,10,20,"""","""",1,class->block->function->block->block_content->decl_stmt->decl->init->expr->call->argument_list
2,99,rectangle_java2.jpg,rectangle_java2.jpg,9199516912,72,1170.7783333333334,649.2544444444444,1163.5,658,10,20,"""","""",1,class->block->function->block->block_content->decl_stmt->decl->init->expr->call->argument_list
2,99,rectangle_java2.jpg,rectangle_java2.jpg,9199516912,72,1170.7783333333334,649.2544444444444,1182.5,658,22,20,10,2,class->block->function->block->block_content->decl_stmt->decl->init->expr->call->argument_list->argument->expr->literal,
2,99,rectangle_java2.jpg,rectangle_java2.jpg,9199960797,68,1072.534705882353,668.4205882352941,1077.5,658,9,20,"""","""",1,class->block->function->block->block_content->decl_stmt->decl->init->expr->call->argument_list
2,99,rectangle_java2.jpg,rectangle_java2.jpg,9200328793,112,799.75,648.9296428571429,730.5,658,91,20,Rectangle,9,class->block->function->block->block_content->decl_stmt->decl->type->name,
2,99,rectangle_java2.jpg,rectangle_java2.jpg,9200440779,108,800.8844444444444,662.0803703703704,730.5,658,91,20,Rectangle,9,class->block->function->block->block_content->decl_stmt->decl->type->name,
2,99,rectangle_java2.jpg,rectangle_java2.jpg,9200556765,112,780.3175,671.7921428571428,730.5,658,91,20,Rectangle,9,class->block->function->block->block_content->decl_stmt->decl->type->name,
2,99,rectangle_java2.jpg,rectangle_java2.jpg,9200692750,60,841.0753333333333,673.8186666666667,826.5,658,52,20,rect1,5,class->block->function->block->block_content->decl_stmt->decl->name,
2,99,rectangle_java2.jpg,rectangle_java2.jpg,9200856737,84,873.5728571428572,685.69,730.5,694,177,21,System.out.println,18,class->block->function->block->block_content->expr_stmt->expr->call->name->name->operator->name->operator->name,
2,99,rectangle_java2.jpg,rectangle_java2.jpg,9201016698,100,980.9932,674.8968,941.5,658,91,20,Rectangle,9,class->block->function->block->block_content->decl_stmt->decl->init->expr->call->name,
2,99,rectangle_java2.jpg,rectangle_java2.jpg,9201076703,56,969.9992857142856,682.4735714285714,932.5,694,100,21,rect1.area,10,class->block->function->block->block_content->expr_stmt->expr->call->argument_list->argument->expr->call->name->name->operator->name,
2,99,rectangle_java2.jpg,rectangle_java2.jpg,9201176747,96,986.09125,695.61625,932.5,694,100,21,rect1.area,10,class->block->function->block->block_content->expr_stmt->expr->call->argument_list->argument->expr->call->name->name->operator->name,
2,99,rectangle_java2.jpg,rectangle_java2.jpg,9201480766,128,1018.1940625,709.13,932.5,694,100,21,rect1.area,10,class->block->function->block->block_content->expr_stmt->expr->call->argument_list->argument->expr->call->name->name->operator->name,
2,99,rectangle_java2.jpg,rectangle_java2.jpg,9201612755,108,979.038148148148,683.4288888888889,932.5,694,100,21,rect1.area,10,class->block->function->block->block_content->expr_stmt->expr->call->argument_list->argument->expr->call->name->name->operator->name,
2,99,rectangle_java2.jpg,rectangle_java2.jpg,9201736628,120,986.032,699.2553333333333,932.5,694,100,21,rect1.area,10,class->block->function->block->block_content->expr_stmt->expr->call->argument_list->argument->expr->call->name->name->operator->name,
2,99,rectangle_java2.jpg,rectangle_java2.jpg,9201828502,88,1012.6309090909092,699.6468181818182,932.5,694,100,21,rect1.area,10,class->block->function->block->block_content->expr_stmt->expr->call->argument_list->argument->expr->call->name->name->operator->name,
2,99,rectangle_java2.jpg,rectangle_java2.jpg,9202128643,80,1033.007,714.6845,1041.5,694,9,21,(,1,class->block->function->block->block_content->expr_stmt->expr->call->argument_list->argument->expr->call->argument_list,
2,99,rectangle_java2.jpg,rectangle_java2.jpg,9202268642,100,1045.43,674.6452,1041.5,658,9,20,(,1,class->block->function->block->block_content->decl_stmt->decl->init->expr->call->argument_list,
2,99,rectangle_java2.jpg,rectangle_java2.jpg,9202268642,100,1045.43,674.6452,1057.5,658,13,20,0,1,class->block->function->block->block_content->decl_stmt->decl->init->expr->call->argument_list->argument->expr->literal,
2,99,rectangle_java2.jpg,rectangle_java2.jpg,9202444664,144,867.2613888888889,510.39138888888897,874.5,512,10,21,{,1,class->block->function->block,
2,99,rectangle_java2.jpg,rectangle_java2.jpg,9202636674,120,823.9046666666667,415.9596666666666,826.5,404,23,19,x2,2,class->block->constructor->block->block_content->expr_stmt->expr->name->name,
2,99,rectangle_java2.jpg,rectangle_java2.jpg,9202800686,64,831.40125,601.6856250000001,804.5,585,43,21,area,4,class->block->function->name,
2,99,rectangle_java2.jpg,rectangle_java2.jpg,9202948664,92,828.9204347826087,565.51,775.5,549,62,21,height,6,class->block->function->name,
2,99,rectangle_java2.jpg,rectangle_java2.jpg,9203012643,60,815.0553333333334,577.6626666666666,804.5,585,43,21,area,4,class->block->function->name,
2,99,rectangle_java2.jpg,rectangle_java2.jpg,9203136639,56,965.6407142857142,568.0807142857143,968.5,549,70,21,this.y2,7,class->block->function->block->block_content->return->expr->name->name->operator->name,
2,99,rectangle_java2.jpg,rectangle_java2.jpg,9203264667,124,968.6619354838708,589.1412903225806,910.5,585,62,21,return,6,class->block->function->block->block_content->return,
2,99,rectangle_java2.jpg,rectangle_java2.jpg,9203264667,124,968.6619354838708,589.1412903225806,977.5,585,101,21,this.width,10,class->block->function->block->block_content->return->expr->call->name->name->operator->name,
2,99,rectangle_java2.jpg,rectangle_java2.jpg,9203364677,68,1080.4123529411766,576.66,1086.5,585,10,21,(,1,class->block->function->block->block_content->return->expr->call->argument_list,
2,99,rectangle_java2.jpg,rectangle_java2.jpg,9203620476,64,1190.705625,575.11375,1140.5,585,110,21,this.height,11,class->block->function->block->block_content->return->expr->call->name->name->operator->name,
2,99,rectangle_java2.jpg,rectangle_java2.jpg,9203808455,96,961.8120833333334,727.69875,941.5,731,91,20,Rectangle,9,class->block->function->block->block_content->decl_stmt->decl->init->expr->call->name,
2,99,rectangle_java2.jpg,rectangle_java2.jpg,9203916499,104,957.3980769230768,713.7926923076923,932.5,694,100,21,rect1.area,10,class->block->function->block->block_content->expr_stmt->expr->call->argument_list->argument->expr->call->name->name->operator->name,
2,99,rectangle_java2.jpg,rectangle_java2.jpg,9204000537,56,841.9342857142857,705.6164285714285,730.5,694,177,21,System.out.println,18,class->block->function->block->block_content->expr_stmt->expr->call->name->name->operator->name->operator->name,
2,99,rectangle_java2.jpg,rectangle_java2.jpg,9204372512,64,865.555625,709.544375,730.5,694,177,21,System.out.println,18,class->block->function->block->block_content->expr_stmt->expr->call->name->name->operator->name->operator->name,
2,99,rectangle_java2.jpg,rectangle_java2.jpg,9204488478,80,962.2265,698.9185,932.5,694,100,21,rect1.area,10,class->block->function->block->block_content->expr_stmt->expr->call->argument_list->argument->expr->call->name->name->operator->name,
2,99,rectangle_java2.jpg,rectangle_java2.jpg,9204576473,84,974.4619047619047,697.9923809523809,932.5,694,100,21,rect1.area,10,class->block->function->block->block_content->expr_stmt->expr->call->argument_list->argument->expr->call->name->name->operator->name,
2,99,rectangle_java2.jpg,rectangle_java2.jpg,9204648468,68,978.5229411764706,713.8235294117648,932.5,694,100,21,rect1.area,10,class->block->function->block->block_content->expr_stmt->expr->call->argument_list->argument->expr->call->name->name->operator->name,
2,99,rectangle_java2.jpg,rectangle_java2.jpg,9204800485,96,1016.2775,710.8591666666666,932.5,694,100,21,rect1.area,10,class->block->function->block->block_content->expr_stmt->expr->call->argument_list->argument->expr->call->name->name->operator->name,
2,99,rectangle_java2.jpg,rectangle_java2.jpg,9204980513,80,1022.2195,702.381,932.5,694,100,21,rect1.area,10,class->block->function->block->block_content->expr_stmt->expr->call->argument_list->argument->expr->call->name->name->operator->name,
2,99,rectangle_java2.jpg,rectangle_java2.jpg,9205120522,68,1090.6223529411764,707.4129411764706,1096.5,694,10,21,;,1,class->block->function->block->block_content->expr_stmt,
2,99,rectangle_java2.jpg,rectangle_java2.jpg,9205232518,56,1110.31,723.7478571428571,1115.5,731,10,20,"""","""",1,class->block->function->block->block_content->decl_stmt->decl->init->expr->call->argument_list
2,99,rectangle_java2.jpg,rectangle_java2.jpg,9205960367,104,948.1373076923076,697.6426923076923,932.5,694,100,21,rect1.area,10,class->block->function->block->block_content->expr_stmt->expr->call->argument_list->argument->expr->call->name->name->operator->name,
2,99,rectangle_java2.jpg,rectangle_java2.jpg,9206308360,64,845.855625,712.6775,730.5,694,177,21,System.out.println,18,class->block->function->block->block_content->expr_stmt->expr->call->name->name->operator->name->operator->name,
2,99,rectangle_java2.jpg,rectangle_java2.jpg,9206444350,92,874.3078260869565,727.9595652173913,826.5,731,51,20,rect2,5,class->block->function->block->block_content->decl_stmt->decl->name,
2,99,rectangle_java2.jpg,rectangle_java2.jpg,9206444350,92,874.3078260869565,727.9595652173913,883.5,731,15,20,=,1,class->block->function->block->block_content->decl_stmt->decl->init,
2,99,rectangle_java2.jpg,rectangle_java2.jpg,9206628374,76,915.9268421052632,729.7757894736842,902.5,731,34,20,new,3,class->block->function->block->block_content->decl_stmt->decl->init->expr->operator,
2,99,rectangle_java2.jpg,rectangle_java2.jpg,9206884389,112,998.1535714285716,729.4446428571429,941.5,731,91,20,Rectangle,9,class->block->function->block->block_content->decl_stmt->decl->init->expr->call->name,
2,99,rectangle_java2.jpg,rectangle_java2.jpg,9206952395,64,984.53875,744.255,941.5,731,91,20,Rectangle,9,class->block->function->block->block_content->decl_stmt->decl->init->expr->call->name,
2,99,rectangle_java2.jpg,rectangle_java2.jpg,9207152412,88,1022.5286363636365,759.585,932.5,766,100,21,rect2.area,10,class->block->function->block->block_content->expr_stmt->expr->call->argument_list->argument->expr->call->name->name->operator->name,
2,99,rectangle_java2.jpg,rectangle_java2.jpg,9207268416,112,1018.7853571428572,762.6557142857142,932.5,766,100,21,rect2.area,10,class->block->function->block->block_content->expr_stmt->expr->call->argument_list->argument->expr->call->name->name->operator->name,
2,99,rectangle_java2.jpg,rectangle_java2.jpg,9207332414,60,1029.732,763.4653333333333,932.5,766,100,21,rect2.area,10,class->block->function->block->block_content->expr_stmt->expr->call->argument_list->argument->expr->call->name->name->operator->name,
2,99,rectangle_java2.jpg,rectangle_java2.jpg,9207332414,60,1029.732,763.4653333333333,1041.5,766,9,21,(,1,class->block->function->block->block_content->expr_stmt->expr->call->argument_list->argument->expr->call->argument_list,
2,99,rectangle_java2.jpg,rectangle_java2.jpg,9207508215,128,984.5271875,722.2809375,941.5,731,91,20,Rectangle,9,class->block->function->block->block_content->decl_stmt->decl->init->expr->call->name,
2,99,rectangle_java2.jpg,rectangle_java2.jpg,9207948265,60,964.0046666666668,568.6586666666667,968.5,549,70,21,this.y2,7,class->block->function->block->block_content->return->expr->name->name->operator->name,
2,99,rectangle_java2.jpg,rectangle_java2.jpg,9208136173,56,965.145,577.4814285714285,910.5,585,62,21,return,6,class->block->function->block->block_content->return,
2,99,rectangle_java2.jpg,rectangle_java2.jpg,9208136173,56,965.145,577.4814285714285,977.5,585,101,21,this.width,10,class->block->function->block->block_content->return->expr->call->name->name->operator->name,
2,99,rectangle_java2.jpg,rectangle_java2.jpg,9208228183,72,1033.278888888889,584.9972222222223,977.5,585,101,21,this.width,10,class->block->function->block->block_content->return->expr->call->name->name->operator->name,
2,99,rectangle_java2.jpg,rectangle_java2.jpg,9208316199,84,1037.6871428571428,598.6828571428572,977.5,585,101,21,this.width,10,class->block->function->block->block_content->return->expr->call->name->name->operator->name,
2,99,rectangle_java2.jpg,rectangle_java2.jpg,9208396211,76,1014.3942105263158,588.3894736842105,977.5,585,101,21,this.width,10,class->block->function->block->block_content->return->expr->call->name->name->operator->name,
2,99,rectangle_java2.jpg,rectangle_java2.jpg,9208792239,80,1050.258,569.9449999999999,1045.5,549,13,21,-,1,class->block->function->block->block_content->return->expr->operator,
2,99,rectangle_java2.jpg,rectangle_java2.jpg,9208860238,64,1047.063125,562.32875,1045.5,549,13,21,-,1,class->block->function->block->block_content->return->expr->operator,
2,99,rectangle_java2.jpg,rectangle_java2.jpg,9209016250,72,889.5144444444445,582.9922222222222,893.5,585,10,21,{,1,class->block->function->block,
2,99,rectangle_java2.jpg,rectangle_java2.jpg,9209204267,84,807.6809523809524,566.4147619047619,775.5,549,62,21,height,6,class->block->function->name,
2,99,rectangle_java2.jpg,rectangle_java2.jpg,9209392167,92,991.4647826086956,556.5991304347826,968.5,549,70,21,this.y2,7,class->block->function->block->block_content->return->expr->name->name->operator->name,
2,99,rectangle_java2.jpg,rectangle_java2.jpg,9209656116,232,1036.459827586207,566.9003448275862,968.5,549,70,21,this.y2,7,class->block->function->block->block_content->return->expr->name->name->operator->name,
2,99,rectangle_java2.jpg,rectangle_java2.jpg,9209656116,232,1036.459827586207,566.9003448275862,1045.5,549,13,21,-,1,class->block->function->block->block_content->return->expr->operator,
2,99,rectangle_java2.jpg,rectangle_java2.jpg,9209848138,116,1112.740344827586,569.3541379310345,1064.5,549,71,21,this.y1,7,class->block->function->block->block_content->return->expr->name->name->operator->name,
2,99,rectangle_java2.jpg,rectangle_java2.jpg,9209972101,100,1151.4596,574.1043999999999,1140.5,585,110,21,this.height,11,class->block->function->block->block_content->return->expr->call->name->name->operator->name,
2,99,rectangle_java2.jpg,rectangle_java2.jpg,9210080081,104,1162.3503846153849,576.3196153846154,1140.5,585,110,21,this.height,11,class->block->function->block->block_content->return->expr->call->name->name->operator->name,
2,99,rectangle_java2.jpg,rectangle_java2.jpg,9210212107,100,1210.2868,589.676,1140.5,585,110,21,this.height,11,class->block->function->block->block_content->return->expr->call->name->name->operator->name,
2,99,rectangle_java2.jpg,rectangle_java2.jpg,9210508171,164,836.7946341463414,510.1492682926829,837.5,512,9,21,(,1,class->block->function->parameter_list,
2,99,rectangle_java2.jpg,rectangle_java2.jpg,9210572171,60,830.2766666666666,504.8546666666666,837.5,512,9,21,(,1,class->block->function->parameter_list,
2,99,rectangle_java2.jpg,rectangle_java2.jpg,9210672164,68,812.2129411764706,537.43,775.5,549,62,21,height,6,class->block->function->name,
2,99,rectangle_java2.jpg,rectangle_java2.jpg,9210808133,68,801.35,539.6864705882354,775.5,549,62,21,height,6,class->block->function->name,
2,99,rectangle_java2.jpg,rectangle_java2.jpg,9210960105,56,968.8242857142856,538.5821428571429,968.5,549,70,21,this.y2,7,class->block->function->block->block_content->return->expr->name->name->operator->name,
2,99,rectangle_java2.jpg,rectangle_java2.jpg,9211160122,76,999.8105263157896,549.5057894736842,968.5,549,70,21,this.y2,7,class->block->function->block->block_content->return->expr->name->name->operator->name,
2,99,rectangle_java2.jpg,rectangle_java2.jpg,9211252118,88,1007.9690909090908,553.2577272727273,968.5,549,70,21,this.y2,7,class->block->function->block->block_content->return->expr->name->name->operator->name,
2,99,rectangle_java2.jpg,rectangle_java2.jpg,9211316022,60,1009.288,557.096,968.5,549,70,21,this.y2,7,class->block->function->block->block_content->return->expr->name->name->operator->name,
2,99,rectangle_java2.jpg,rectangle_java2.jpg,9211519841,164,994.86,519.6965853658537,958.5,512,71,21,this.x2,7,class->block->function->block->block_content->return->expr->name->name->operator->name->operator,
2,99,rectangle_java2.jpg,rectangle_java2.jpg,9211847971,116,837.6648275862069,398.3579310344828,826.5,404,23,19,x2,2,class->block->constructor->block->block_content->expr_stmt->expr->name->name,
2,99,rectangle_java2.jpg,rectangle_java2.jpg,9211939975,88,826.0695454545454,391.9768181818182,826.5,404,23,19,x2,2,class->block->constructor->block->block_content->expr_stmt->expr->name->name,
2,99,rectangle_java2.jpg,rectangle_java2.jpg,9212063987,96,805.6425,342.55625,806.5,331,15,19,=,1,class->block->constructor->block->block_content->expr_stmt->expr->operator,
2,99,rectangle_java2.jpg,rectangle_java2.jpg,9212375974,112,907.5035714285714,315.6878571428571,890.5,295,24,21,x1,2,class->block->constructor->parameter_list->parameter->decl->type->name,
2,99,rectangle_java2.jpg,rectangle_java2.jpg,9212579956,92,779.21,262.0378260869565,747.5,259,33,21,int,3,class->block->decl_stmt->decl->type->name,
2,99,rectangle_java2.jpg,rectangle_java2.jpg,9212579956,92,779.21,262.0378260869565,785.5,259,23,21,x1,2,class->block->decl_stmt->decl->name,
2,99,rectangle_java2.jpg,rectangle_java2.jpg,9212639960,56,781.0821428571428,261.5778571428571,785.5,259,23,21,x1,2,class->block->decl_stmt->decl->name,
2,99,rectangle_java2.jpg,rectangle_java2.jpg,9212723971,80,786.5755,255.466,785.5,259,23,21,x1,2,class->block->decl_stmt->decl->name,
2,99,rectangle_java2.jpg,rectangle_java2.jpg,9212803979,76,767.2031578947368,250.78789473684208,747.5,259,33,21,int,3,class->block->decl_stmt->decl->type->name,
2,99,rectangle_java2.jpg,rectangle_java2.jpg,9213467833,184,863.38,379.5221739130435,856.5,367,10,21,;,1,class->block->constructor->block->block_content->expr_stmt,
2,99,rectangle_java2.jpg,rectangle_java2.jpg,9213691879,128,895.46125,698.460625,730.5,694,177,21,System.out.println,18,class->block->function->block->block_content->expr_stmt->expr->call->name->name->operator->name->operator->name,
2,99,rectangle_java2.jpg,rectangle_java2.jpg,9213847883,56,895.655,711.645,730.5,694,177,21,System.out.println,18,class->block->function->block->block_content->expr_stmt->expr->call->name->name->operator->name->operator->name,
2,99,rectangle_java2.jpg,rectangle_java2.jpg,9213923863,72,911.9861111111112,712.2594444444444,916.5,694,9,21,(,1,class->block->function->block->block_content->expr_stmt->expr->call->argument_list,
2,99,rectangle_java2.jpg,rectangle_java2.jpg,9214047812,80,819.2094999999999,527.3465,775.5,512,53,21,width,5,class->block->function->name,
2,99,rectangle_java2.jpg,rectangle_java2.jpg,9214111814,60,815.3073333333333,510.5173333333333,775.5,512,53,21,width,5,class->block->function->name,
2,99,rectangle_java2.jpg,rectangle_java2.jpg,9214283867,120,830.55,518.3123333333333,837.5,512,9,21,(,1,class->block->function->parameter_list,
2,99,rectangle_java2.jpg,rectangle_java2.jpg,9214531883,84,807.6633333333333,721.4119047619048,730.5,731,91,20,Rectangle,9,class->block->function->block->block_content->decl_stmt->decl->type->name,
2,99,rectangle_java2.jpg,rectangle_java2.jpg,9214679860,84,762.4614285714285,763.1266666666667,730.5,766,177,21,System.out.println,18,class->block->function->block->block_content->expr_stmt->expr->call->name->name->operator->name->operator->name,
2,99,rectangle_java2.jpg,rectangle_java2.jpg,9214767888,84,763.5342857142857,765.9790476190476,730.5,766,177,21,System.out.println,18,class->block->function->block->block_content->expr_stmt->expr->call->name->name->operator->name->operator->name,
2,99,rectangle_java2.jpg,rectangle_java2.jpg,9214855920,84,760.8885714285715,765.8090476190476,730.5,766,177,21,System.out.println,18,class->block->function->block->block_content->expr_stmt->expr->call->name->name->operator->name->operator->name,
