trial,participant,code_file,code_language,timestamp,duration,x_cord,y_cord,aoi_x,aoi_y,aoi_width,aoi_height,token,length,srcML
2,15,rectangle_java2.jpg,rectangle_java2.jpg,15495738442,112,665.2110714285715,235.1407142857143,657.5,222,52,21,class,5,class
2,15,rectangle_java2.jpg,rectangle_java2.jpg,15496042384,84,672.0480952380952,522.9685714285714,669.5,512,63,21,public,6,class->block->function->type->specifier
2,15,rectangle_java2.jpg,rectangle_java2.jpg,15496218073,148,755.1045945945946,530.8462162162162,737.5,512,33,21,int,3,class->block->function->type->name
2,15,rectangle_java2.jpg,rectangle_java2.jpg,15496314001,92,754.4578260869565,545.2052173913044,737.5,549,33,21,int,3,class->block->function->type->name
2,15,rectangle_java2.jpg,rectangle_java2.jpg,15496558367,140,732.072,552.9897142857143,669.5,549,63,21,public,6,class->block->function->type->specifier
2,15,rectangle_java2.jpg,rectangle_java2.jpg,15496558367,140,732.072,552.9897142857143,737.5,549,33,21,int,3,class->block->function->type->name
2,15,rectangle_java2.jpg,rectangle_java2.jpg,15496666354,72,690.2044444444444,580.9622222222222,669.5,585,63,21,public,6,class->block->function->type->specifier
2,15,rectangle_java2.jpg,rectangle_java2.jpg,15496766369,96,675.9475,590.9045833333333,669.5,585,63,21,public,6,class->block->function->type->specifier
2,15,rectangle_java2.jpg,rectangle_java2.jpg,15496854412,60,743.9686666666666,589.5773333333333,737.5,585,62,21,double,6,class->block->function->type->name
2,15,rectangle_java2.jpg,rectangle_java2.jpg,15496922438,64,746.323125,569.948125,737.5,549,33,21,int,3,class->block->function->type->name
2,15,rectangle_java2.jpg,rectangle_java2.jpg,15497066383,140,739.6748571428571,569.6262857142857,737.5,549,33,21,int,3,class->block->function->type->name
2,15,rectangle_java2.jpg,rectangle_java2.jpg,15497206386,112,771.6089285714286,612.1614285714286,738.5,621,61,21,static,6,class->block->function->type->specifier
2,15,rectangle_java2.jpg,rectangle_java2.jpg,15497442246,120,745.075,631.5253333333333,738.5,621,61,21,static,6,class->block->function->type->specifier
2,15,rectangle_java2.jpg,rectangle_java2.jpg,15497550145,104,741.7438461538461,623.8865384615384,738.5,621,61,21,static,6,class->block->function->type->specifier
2,15,rectangle_java2.jpg,rectangle_java2.jpg,15497950587,56,790.2557142857142,659.2371428571429,730.5,658,91,20,Rectangle,9,class->block->function->block->block_content->decl_stmt->decl->type->name
2,15,rectangle_java2.jpg,rectangle_java2.jpg,15498030430,76,792.2494736842106,672.7484210526316,730.5,658,91,20,Rectangle,9,class->block->function->block->block_content->decl_stmt->decl->type->name
2,15,rectangle_java2.jpg,rectangle_java2.jpg,15498098297,64,793.58375,664.7775,730.5,658,91,20,Rectangle,9,class->block->function->block->block_content->decl_stmt->decl->type->name
2,15,rectangle_java2.jpg,rectangle_java2.jpg,15498278245,116,865.043448275862,681.6986206896552,730.5,694,177,21,System.out.println,18,class->block->function->block->block_content->expr_stmt->expr->call->name->name->operator->name->operator->name
2,15,rectangle_java2.jpg,rectangle_java2.jpg,15498370335,80,762.488,720.671,730.5,731,91,20,Rectangle,9,class->block->function->block->block_content->decl_stmt->decl->type->name
2,15,rectangle_java2.jpg,rectangle_java2.jpg,15498546525,120,752.3556666666667,732.7883333333333,730.5,731,91,20,Rectangle,9,class->block->function->block->block_content->decl_stmt->decl->type->name
2,15,rectangle_java2.jpg,rectangle_java2.jpg,15498606458,56,755.8757142857143,722.7307142857143,730.5,731,91,20,Rectangle,9,class->block->function->block->block_content->decl_stmt->decl->type->name
2,15,rectangle_java2.jpg,rectangle_java2.jpg,15498758287,104,849.0873076923077,749.6819230769231,826.5,731,51,20,rect2,5,class->block->function->block->block_content->decl_stmt->decl->name
2,15,rectangle_java2.jpg,rectangle_java2.jpg,15499454161,84,706.3352380952381,274.72523809523807,669.5,259,72,21,private,7,class->block->decl_stmt->decl->type->specifier
2,15,rectangle_java2.jpg,rectangle_java2.jpg,15499546178,88,700.5222727272727,273.76954545454544,669.5,259,72,21,private,7,class->block->decl_stmt->decl->type->specifier
2,15,rectangle_java2.jpg,rectangle_java2.jpg,15499650162,100,702.5392,266.4168,669.5,259,72,21,private,7,class->block->decl_stmt->decl->type->specifier
2,15,rectangle_java2.jpg,rectangle_java2.jpg,15501417984,92,654.45,221.0513043478261,657.5,222,52,21,class,5,class
2,15,rectangle_java2.jpg,rectangle_java2.jpg,15501521986,100,662.0592,220.69079999999997,657.5,222,52,21,class,5,class
2,15,rectangle_java2.jpg,rectangle_java2.jpg,15501702012,128,721.91125,225.07187499999998,715.5,222,90,21,Rectangle,9,class->name
2,15,rectangle_java2.jpg,rectangle_java2.jpg,15502441844,120,952.5736666666667,253.53433333333334,959.5,259,10,21,;,1,class->block->decl_stmt
2,15,rectangle_java2.jpg,rectangle_java2.jpg,15502529831,84,951.2742857142857,255.76619047619045,929.5,259,23,21,y2,2,class->block->decl_stmt->decl->name
2,15,rectangle_java2.jpg,rectangle_java2.jpg,15502529831,84,951.2742857142857,255.76619047619045,959.5,259,10,21,;,1,class->block->decl_stmt
2,15,rectangle_java2.jpg,rectangle_java2.jpg,15503453837,60,743.1053333333333,262.338,747.5,259,33,21,int,3,class->block->decl_stmt->decl->type->name
2,15,rectangle_java2.jpg,rectangle_java2.jpg,15503553719,96,744.0041666666666,284.10833333333335,737.5,295,91,21,Rectangle,9,class->block->constructor->name
2,15,rectangle_java2.jpg,rectangle_java2.jpg,15503725630,128,709.3296875,271.680625,669.5,259,72,21,private,7,class->block->decl_stmt->decl->type->specifier
2,15,rectangle_java2.jpg,rectangle_java2.jpg,15503785661,56,706.6507142857142,269.28214285714284,669.5,259,72,21,private,7,class->block->decl_stmt->decl->type->specifier
2,15,rectangle_java2.jpg,rectangle_java2.jpg,15503945746,64,743.14,260.850625,747.5,259,33,21,int,3,class->block->decl_stmt->decl->type->name
2,15,rectangle_java2.jpg,rectangle_java2.jpg,15504061834,112,750.3878571428571,276.3646428571429,747.5,259,33,21,int,3,class->block->decl_stmt->decl->type->name
2,15,rectangle_java2.jpg,rectangle_java2.jpg,15504121894,56,773.3185714285714,265.82642857142855,747.5,259,33,21,int,3,class->block->decl_stmt->decl->type->name
2,15,rectangle_java2.jpg,rectangle_java2.jpg,15504121894,56,773.3185714285714,265.82642857142855,785.5,259,23,21,x1,2,class->block->decl_stmt->decl->name
2,15,rectangle_java2.jpg,rectangle_java2.jpg,15504197844,72,782.1733333333333,278.6066666666667,785.5,259,23,21,x1,2,class->block->decl_stmt->decl->name
2,15,rectangle_java2.jpg,rectangle_java2.jpg,15504281779,80,783.023,271.7395,785.5,259,23,21,x1,2,class->block->decl_stmt->decl->name
2,15,rectangle_java2.jpg,rectangle_java2.jpg,15504341745,56,783.8507142857143,270.05785714285713,785.5,259,23,21,x1,2,class->block->decl_stmt->decl->name
2,15,rectangle_java2.jpg,rectangle_java2.jpg,15504513738,92,734.6895652173913,289.71478260869566,737.5,295,91,21,Rectangle,9,class->block->constructor->name
2,15,rectangle_java2.jpg,rectangle_java2.jpg,15504633739,116,739.6351724137932,277.5955172413793,669.5,259,72,21,private,7,class->block->decl_stmt->decl->type->specifier
2,15,rectangle_java2.jpg,rectangle_java2.jpg,15504633739,116,739.6351724137932,277.5955172413793,747.5,259,33,21,int,3,class->block->decl_stmt->decl->type->name
2,15,rectangle_java2.jpg,rectangle_java2.jpg,15504921754,64,784.99125,323.589375,730.5,331,71,19,this.x1,7,class->block->constructor->block->block_content->expr_stmt->expr->name->name->operator->name
2,15,rectangle_java2.jpg,rectangle_java2.jpg,15505025761,100,780.6888,326.708,730.5,331,71,19,this.x1,7,class->block->constructor->block->block_content->expr_stmt->expr->name->name->operator->name
2,15,rectangle_java2.jpg,rectangle_java2.jpg,15505137636,68,737.1311764705882,324.5311764705882,730.5,331,71,19,this.x1,7,class->block->constructor->block->block_content->expr_stmt->expr->name->name->operator->name
2,15,rectangle_java2.jpg,rectangle_java2.jpg,15505201544,60,744.2453333333333,337.5706666666667,730.5,331,71,19,this.x1,7,class->block->constructor->block->block_content->expr_stmt->expr->name->name->operator->name
2,15,rectangle_java2.jpg,rectangle_java2.jpg,15505329447,124,781.6996774193549,336.2054838709677,730.5,331,71,19,this.x1,7,class->block->constructor->block->block_content->expr_stmt->expr->name->name->operator->name
2,15,rectangle_java2.jpg,rectangle_java2.jpg,15505393490,60,785.2253333333333,336.37333333333333,730.5,331,71,19,this.x1,7,class->block->constructor->block->block_content->expr_stmt->expr->name->name->operator->name
2,15,rectangle_java2.jpg,rectangle_java2.jpg,15505545599,112,719.645,348.97035714285715,730.5,331,71,19,this.x1,7,class->block->constructor->block->block_content->expr_stmt->expr->name->name->operator->name
2,15,rectangle_java2.jpg,rectangle_java2.jpg,15505701619,152,719.8521052631579,348.6078947368421,730.5,331,71,19,this.x1,7,class->block->constructor->block->block_content->expr_stmt->expr->name->name->operator->name
2,15,rectangle_java2.jpg,rectangle_java2.jpg,15506041642,68,770.0047058823529,381.28705882352943,730.5,367,71,21,this.y1,7,class->block->constructor->block->block_content->expr_stmt->expr->name->name->operator->name
2,15,rectangle_java2.jpg,rectangle_java2.jpg,15506101656,56,747.4914285714286,397.7114285714286,730.5,404,71,19,this.x2,7,class->block->constructor->block->block_content->expr_stmt->expr->name->name->operator->name
2,15,rectangle_java2.jpg,rectangle_java2.jpg,15506261732,84,664.1638095238095,485.5423809523809,672.5,478,10,18,},1,class->block->constructor->block
2,15,rectangle_java2.jpg,rectangle_java2.jpg,15506333760,68,662.8282352941177,493.66529411764714,672.5,478,10,18,},1,class->block->constructor->block
2,15,rectangle_java2.jpg,rectangle_java2.jpg,15506513606,120,740.2063333333333,501.50366666666673,737.5,512,33,21,int,3,class->block->function->type->name
2,15,rectangle_java2.jpg,rectangle_java2.jpg,15506853334,84,907.6461904761904,501.46047619047613,891.5,512,62,21,return,6,class->block->function->block->block_content->return->expr->name->name
2,15,rectangle_java2.jpg,rectangle_java2.jpg,15507053387,84,904.8871428571429,501.0185714285715,891.5,512,62,21,return,6,class->block->function->block->block_content->return->expr->name->name
2,15,rectangle_java2.jpg,rectangle_java2.jpg,15507821483,104,1044.6107692307692,501.0276923076923,1035.5,512,13,21,-,1,class->block->function->block->block_content->return->expr->name->name
2,15,rectangle_java2.jpg,rectangle_java2.jpg,15507821483,104,1044.6107692307692,501.0276923076923,1054.5,512,71,21,this.x1,7,class->block->function->block->block_content->return->expr->name->name->operator->name
2,15,rectangle_java2.jpg,rectangle_java2.jpg,15507961544,100,1092.2908,509.0548,1054.5,512,71,21,this.x1,7,class->block->function->block->block_content->return->expr->name->name->operator->name
2,15,rectangle_java2.jpg,rectangle_java2.jpg,15508085473,120,1094.1453333333334,512.464,1054.5,512,71,21,this.x1,7,class->block->function->block->block_content->return->expr->name->name->operator->name
2,15,rectangle_java2.jpg,rectangle_java2.jpg,15508213374,92,1122.306956521739,519.7630434782609,1054.5,512,71,21,this.x1,7,class->block->function->block->block_content->return->expr->name->name->operator->name
2,15,rectangle_java2.jpg,rectangle_java2.jpg,15508213374,92,1122.306956521739,519.7630434782609,1132.5,512,10,21,;,1,class->block->function->block
2,15,rectangle_java2.jpg,rectangle_java2.jpg,15508533447,172,1032.9511627906977,520.6309302325582,1035.5,512,13,21,-,1,class->block->function->block->block_content->return->expr->name->name
2,15,rectangle_java2.jpg,rectangle_java2.jpg,15508685412,68,1107.8517647058823,536.6405882352941,1064.5,549,71,21,this.y1,7,class->block->function->block->block_content->return->expr->name->name->operator->name
2,15,rectangle_java2.jpg,rectangle_java2.jpg,15509021382,92,1080.5721739130436,514.4834782608696,1054.5,512,71,21,this.x1,7,class->block->function->block->block_content->return->expr->name->name->operator->name
2,15,rectangle_java2.jpg,rectangle_java2.jpg,15509277651,148,1126.9535135135136,524.7113513513514,1132.5,512,10,21,;,1,class->block->function->block
2,15,rectangle_java2.jpg,rectangle_java2.jpg,15509337677,56,1130.6485714285714,541.0064285714286,1064.5,549,71,21,this.y1,7,class->block->function->block->block_content->return->expr->name->name->operator->name
2,15,rectangle_java2.jpg,rectangle_java2.jpg,15509337677,56,1130.6485714285714,541.0064285714286,1142.5,549,10,21,;,1,class->block->function->block->block_content->return
2,15,rectangle_java2.jpg,rectangle_java2.jpg,15509401552,60,1127.6133333333332,525.8773333333334,1132.5,512,10,21,;,1,class->block->function->block
2,15,rectangle_java2.jpg,rectangle_java2.jpg,15509549315,100,954.1792,549.0368,900.5,549,63,21,return,6,class->block->function->block->block_content->return
2,15,rectangle_java2.jpg,rectangle_java2.jpg,15509609333,56,955.4871428571429,562.0135714285715,900.5,549,63,21,return,6,class->block->function->block->block_content->return
2,15,rectangle_java2.jpg,rectangle_java2.jpg,15509765328,68,1054.98,574.1582352941176,977.5,585,101,21,this.width,10,class->block->function->block->block_content->return->expr->call->name->name->operator->name
2,15,rectangle_java2.jpg,rectangle_java2.jpg,15510017180,212,1156.951320754717,525.8543396226415,1152.5,512,10,21,},1,class->block
2,15,rectangle_java2.jpg,rectangle_java2.jpg,15510173200,124,1116.4329032258065,517.9932258064516,1054.5,512,71,21,this.x1,7,class->block->function->block->block_content->return->expr->name->name->operator->name
2,15,rectangle_java2.jpg,rectangle_java2.jpg,15510405188,140,689.4548571428571,558.9591428571429,669.5,549,63,21,public,6,class->block->function->type->specifier
2,15,rectangle_java2.jpg,rectangle_java2.jpg,15510741065,60,745.2893333333333,564.2626666666666,737.5,549,33,21,int,3,class->block->function->type->name
2,15,rectangle_java2.jpg,rectangle_java2.jpg,15510937161,148,740.2532432432432,574.8005405405405,737.5,585,62,21,double,6,class->block->function->type->name
2,15,rectangle_java2.jpg,rectangle_java2.jpg,15511081181,84,935.5238095238095,566.8566666666667,900.5,549,63,21,return,6,class->block->function->block->block_content->return
2,15,rectangle_java2.jpg,rectangle_java2.jpg,15511149188,64,940.743125,591.4556249999999,910.5,585,62,21,return,6,class->block->function->block->block_content->return
2,15,rectangle_java2.jpg,rectangle_java2.jpg,15511253214,100,945.3100000000001,565.146,900.5,549,63,21,return,6,class->block->function->block->block_content->return
2,15,rectangle_java2.jpg,rectangle_java2.jpg,15511596903,124,1010.1754838709677,552.6809677419355,968.5,549,70,21,this.y2,7,class->block->function->block->block_content->return->expr->name->name->operator->name
2,15,rectangle_java2.jpg,rectangle_java2.jpg,15512013061,160,1143.568,569.0055,1142.5,549,10,21,;,1,class->block->function->block->block_content->return
2,15,rectangle_java2.jpg,rectangle_java2.jpg,15512077065,60,1128.1133333333332,578.8133333333333,1122.5,585,12,21,*,1,class->block->function->block->block_content->return->expr->operator
2,15,rectangle_java2.jpg,rectangle_java2.jpg,15512077065,60,1128.1133333333332,578.8133333333333,1140.5,585,110,21,this.height,11,class->block->function->block->block_content->return->expr->call->name->name->operator->name
2,15,rectangle_java2.jpg,rectangle_java2.jpg,15512145071,64,1137.364375,580.13875,1140.5,585,110,21,this.height,11,class->block->function->block->block_content->return->expr->call->name->name->operator->name
2,15,rectangle_java2.jpg,rectangle_java2.jpg,15512297072,84,1136.6366666666668,582.9709523809523,1140.5,585,110,21,this.height,11,class->block->function->block->block_content->return->expr->call->name->name->operator->name
2,15,rectangle_java2.jpg,rectangle_java2.jpg,15512509104,108,743.6944444444445,621.2322222222223,738.5,621,61,21,static,6,class->block->function->type->specifier
2,15,rectangle_java2.jpg,rectangle_java2.jpg,15512657085,76,663.4184210526315,619.1378947368421,669.5,621,63,21,public,6,class->block->function->type->specifier
2,15,rectangle_java2.jpg,rectangle_java2.jpg,15512761057,100,660.5728,623.0596,669.5,621,63,21,public,6,class->block->function->type->specifier
2,15,rectangle_java2.jpg,rectangle_java2.jpg,15512909027,104,751.6388461538462,631.1338461538462,738.5,621,61,21,static,6,class->block->function->type->specifier
2,15,rectangle_java2.jpg,rectangle_java2.jpg,15512972996,60,757.0093333333333,638.4753333333333,738.5,621,61,21,static,6,class->block->function->type->specifier
2,15,rectangle_java2.jpg,rectangle_java2.jpg,15513180957,124,951.72,622.5606451612903,920.5,621,62,21,String,6,class->block->function->parameter_list->parameter->decl->type->name->name
2,15,rectangle_java2.jpg,rectangle_java2.jpg,15513400973,72,1048.2666666666667,615.1716666666666,1025.5,621,42,21,args,4,class->block->function->parameter_list->parameter->decl->name
2,15,rectangle_java2.jpg,rectangle_java2.jpg,15513524945,120,1052.3226666666667,603.8196666666666,977.5,585,101,21,this.width,10,class->block->function->block->block_content->return->expr->call->name->name->operator->name
2,15,rectangle_java2.jpg,rectangle_java2.jpg,15514536792,104,774.0423076923076,653.8315384615385,730.5,658,91,20,Rectangle,9,class->block->function->block->block_content->decl_stmt->decl->type->name
2,15,rectangle_java2.jpg,rectangle_java2.jpg,15514616701,76,785.5189473684211,676.7615789473684,730.5,658,91,20,Rectangle,9,class->block->function->block->block_content->decl_stmt->decl->type->name
2,15,rectangle_java2.jpg,rectangle_java2.jpg,15514704688,84,760.3285714285714,673.2028571428572,730.5,658,91,20,Rectangle,9,class->block->function->block->block_content->decl_stmt->decl->type->name
2,15,rectangle_java2.jpg,rectangle_java2.jpg,15514784717,76,751.9468421052632,671.937894736842,730.5,658,91,20,Rectangle,9,class->block->function->block->block_content->decl_stmt->decl->type->name
2,15,rectangle_java2.jpg,rectangle_java2.jpg,15514888767,76,838.9773684210527,682.6163157894737,730.5,694,177,21,System.out.println,18,class->block->function->block->block_content->expr_stmt->expr->call->name->name->operator->name->operator->name
2,15,rectangle_java2.jpg,rectangle_java2.jpg,15515020797,128,842.8078125,668.199375,826.5,658,52,20,rect1,5,class->block->function->block->block_content->decl_stmt->decl->name
2,15,rectangle_java2.jpg,rectangle_java2.jpg,15515264815,128,900.19625,665.2384375,902.5,658,34,20,new,3,class->block->function->block->block_content->decl_stmt->decl->init->expr->operator
2,15,rectangle_java2.jpg,rectangle_java2.jpg,15515324814,56,958.7571428571429,675.985,941.5,658,91,20,Rectangle,9,class->block->function->block->block_content->decl_stmt->decl->init->expr->call->name
2,15,rectangle_java2.jpg,rectangle_java2.jpg,15515484792,72,969.0738888888889,669.5561111111111,941.5,658,91,20,Rectangle,9,class->block->function->block->block_content->decl_stmt->decl->init->expr->call->name
2,15,rectangle_java2.jpg,rectangle_java2.jpg,15515596793,56,1064.4378571428572,674.2407142857143,1057.5,658,13,20,0,1,class->block->function->block->block_content->decl_stmt->decl->init->expr->call->argument_list->argument->expr->literal
2,15,rectangle_java2.jpg,rectangle_java2.jpg,15515948744,100,792.5604,735.4696,730.5,731,91,20,Rectangle,9,class->block->function->block->block_content->decl_stmt->decl->type->name
2,15,rectangle_java2.jpg,rectangle_java2.jpg,15516072740,120,794.8776666666666,723.685,730.5,731,91,20,Rectangle,9,class->block->function->block->block_content->decl_stmt->decl->type->name
2,15,rectangle_java2.jpg,rectangle_java2.jpg,15516304843,196,742.1620408163266,726.8408163265306,730.5,731,91,20,Rectangle,9,class->block->function->block->block_content->decl_stmt->decl->type->name
2,15,rectangle_java2.jpg,rectangle_java2.jpg,15516556666,120,900.535,695.9663333333333,730.5,694,177,21,System.out.println,18,class->block->function->block->block_content->expr_stmt->expr->call->name->name->operator->name->operator->name
2,15,rectangle_java2.jpg,rectangle_java2.jpg,15516628679,68,906.2817647058823,714.0535294117647,730.5,694,177,21,System.out.println,18,class->block->function->block->block_content->expr_stmt->expr->call->name->name->operator->name->operator->name
2,15,rectangle_java2.jpg,rectangle_java2.jpg,15516628679,68,906.2817647058823,714.0535294117647,916.5,694,9,21,(,1,class->block->function->block->block_content->expr_stmt->expr->call->argument_list
2,15,rectangle_java2.jpg,rectangle_java2.jpg,15516740676,80,853.182,711.896,730.5,694,177,21,System.out.println,18,class->block->function->block->block_content->expr_stmt->expr->call->name->name->operator->name->operator->name
2,15,rectangle_java2.jpg,rectangle_java2.jpg,15516800662,56,843.2192857142857,723.6778571428572,826.5,731,51,20,rect2,5,class->block->function->block->block_content->decl_stmt->decl->name
2,15,rectangle_java2.jpg,rectangle_java2.jpg,15516936641,72,853.6477777777777,725.7705555555556,826.5,731,51,20,rect2,5,class->block->function->block->block_content->decl_stmt->decl->name
2,15,rectangle_java2.jpg,rectangle_java2.jpg,15517028645,56,936.8585714285714,701.9142857142857,932.5,694,100,21,rect1.area,10,class->block->function->block->block_content->expr_stmt->expr->call->argument_list->argument->expr->call->name->name->operator->name
2,15,rectangle_java2.jpg,rectangle_java2.jpg,15517156646,124,940.3990322580645,703.093870967742,932.5,694,100,21,rect1.area,10,class->block->function->block->block_content->expr_stmt->expr->call->argument_list->argument->expr->call->name->name->operator->name
2,15,rectangle_java2.jpg,rectangle_java2.jpg,15517244654,84,950.9271428571428,702.66,932.5,694,100,21,rect1.area,10,class->block->function->block->block_content->expr_stmt->expr->call->argument_list->argument->expr->call->name->name->operator->name
2,15,rectangle_java2.jpg,rectangle_java2.jpg,15517368811,120,938.829,708.5256666666667,932.5,694,100,21,rect1.area,10,class->block->function->block->block_content->expr_stmt->expr->call->argument_list->argument->expr->call->name->name->operator->name
2,15,rectangle_java2.jpg,rectangle_java2.jpg,15517496970,56,1069.4928571428572,737.3292857142857,1057.5,731,13,20,5,1,class->block->function->block->block_content->decl_stmt->decl->init->expr->call->argument_list->argument->expr->literal
2,15,rectangle_java2.jpg,rectangle_java2.jpg,15517496970,56,1069.4928571428572,737.3292857142857,1077.5,731,9,20,",",1,class->block->function->block->block_content->decl_stmt->decl->init->expr->call->argument_list
2,15,rectangle_java2.jpg,rectangle_java2.jpg,15517608834,60,1064.6726666666666,711.4526666666667,1057.5,694,10,21,),1,class->block->function->block->block_content->expr_stmt->expr->call->argument_list->argument->expr->call->argument_list
2,15,rectangle_java2.jpg,rectangle_java2.jpg,15517800575,76,1124.3852631578948,724.7615789473684,1115.5,731,10,20,",",1,class->block->function->block->block_content->decl_stmt->decl->init->expr->call->argument_list
2,15,rectangle_java2.jpg,rectangle_java2.jpg,15517800575,76,1124.3852631578948,724.7615789473684,1134.5,731,22,20,10,2,class->block->function->block->block_content->decl_stmt->decl->init->expr->call->argument_list->argument->expr->literal
2,15,rectangle_java2.jpg,rectangle_java2.jpg,15517868509,64,1116.53375,722.22125,1115.5,731,10,20,",",1,class->block->function->block->block_content->decl_stmt->decl->init->expr->call->argument_list
2,15,rectangle_java2.jpg,rectangle_java2.jpg,15517984473,56,1173.1514285714286,735.0028571428571,1163.5,731,10,20,",",1,class->block->function->block->block_content->decl_stmt->decl->init->expr->call->argument_list
2,15,rectangle_java2.jpg,rectangle_java2.jpg,15517984473,56,1173.1514285714286,735.0028571428571,1182.5,731,22,20,10,2,class->block->function->block->block_content->decl_stmt->decl->init->expr->call->argument_list->argument->expr->literal
2,15,rectangle_java2.jpg,rectangle_java2.jpg,15518052488,64,1162.2625,734.49875,1163.5,731,10,20,",",1,class->block->function->block->block_content->decl_stmt->decl->init->expr->call->argument_list
2,15,rectangle_java2.jpg,rectangle_java2.jpg,15518336535,68,1210.325294117647,729.1535294117647,1211.5,731,9,20,),1,class->block->function->block->block_content->decl_stmt->decl->init->expr->call->argument_list
2,15,rectangle_java2.jpg,rectangle_java2.jpg,15518412598,72,1212.9216666666666,725.8661111111111,1211.5,731,9,20,),1,class->block->function->block->block_content->decl_stmt->decl->init->expr->call->argument_list
2,15,rectangle_java2.jpg,rectangle_java2.jpg,15518480654,64,1216.015625,748.0393750000001,1211.5,731,9,20,),1,class->block->function->block->block_content->decl_stmt->decl->init->expr->call->argument_list
2,15,rectangle_java2.jpg,rectangle_java2.jpg,15518876517,176,768.1706818181818,728.0093181818182,730.5,731,91,20,Rectangle,9,class->block->function->block->block_content->decl_stmt->decl->type->name
2,15,rectangle_java2.jpg,rectangle_java2.jpg,15519016513,60,839.4626666666667,733.2153333333333,826.5,731,51,20,rect2,5,class->block->function->block->block_content->decl_stmt->decl->name
2,15,rectangle_java2.jpg,rectangle_java2.jpg,15519156510,136,836.7226470588236,702.3723529411765,730.5,694,177,21,System.out.println,18,class->block->function->block->block_content->expr_stmt->expr->call->name->name->operator->name->operator->name
2,15,rectangle_java2.jpg,rectangle_java2.jpg,15519332485,116,1207.441724137931,728.6855172413793,1211.5,731,9,20,),1,class->block->function->block->block_content->decl_stmt->decl->init->expr->call->argument_list
2,15,rectangle_java2.jpg,rectangle_java2.jpg,15519440436,104,1210.2407692307693,721.0473076923076,1211.5,731,9,20,),1,class->block->function->block->block_content->decl_stmt->decl->init->expr->call->argument_list
2,15,rectangle_java2.jpg,rectangle_java2.jpg,15519844520,84,1234.6757142857143,736.0595238095239,1231.5,731,10,20,;,1,class->block->function->block->block_content->decl_stmt
2,15,rectangle_java2.jpg,rectangle_java2.jpg,15520056773,132,793.9584848484849,761.1587878787878,730.5,766,177,21,System.out.println,18,class->block->function->block->block_content->expr_stmt->expr->call->name->name->operator->name->operator->name
2,15,rectangle_java2.jpg,rectangle_java2.jpg,15520168770,84,735.922380952381,769.5995238095238,730.5,766,177,21,System.out.println,18,class->block->function->block->block_content->expr_stmt->expr->call->name->name->operator->name->operator->name
2,15,rectangle_java2.jpg,rectangle_java2.jpg,15520228639,56,733.5935714285714,760.1178571428571,730.5,766,177,21,System.out.println,18,class->block->function->block->block_content->expr_stmt->expr->call->name->name->operator->name->operator->name
2,15,rectangle_java2.jpg,rectangle_java2.jpg,15520404411,124,814.916129032258,755.1970967741936,730.5,766,177,21,System.out.println,18,class->block->function->block->block_content->expr_stmt->expr->call->name->name->operator->name->operator->name
2,15,rectangle_java2.jpg,rectangle_java2.jpg,15520556383,96,957.08375,764.7979166666667,932.5,766,100,21,rect2.area,10,class->block->function->block->block_content->expr_stmt->expr->call->argument_list->argument->expr->call->name->name->operator->name
2,15,rectangle_java2.jpg,rectangle_java2.jpg,15520668393,108,970.3759259259259,768.6288888888889,932.5,766,100,21,rect2.area,10,class->block->function->block->block_content->expr_stmt->expr->call->argument_list->argument->expr->call->name->name->operator->name
2,15,rectangle_java2.jpg,rectangle_java2.jpg,15520880160,108,1025.1251851851853,777.6248148148148,932.5,766,100,21,rect2.area,10,class->block->function->block->block_content->expr_stmt->expr->call->argument_list->argument->expr->call->name->name->operator->name
2,15,rectangle_java2.jpg,rectangle_java2.jpg,15521076190,164,993.64,764.9665853658537,932.5,766,100,21,rect2.area,10,class->block->function->block->block_content->expr_stmt->expr->call->argument_list->argument->expr->call->name->name->operator->name
2,15,rectangle_java2.jpg,rectangle_java2.jpg,15521208263,84,924.2242857142857,719.744761904762,902.5,731,34,20,new,3,class->block->function->block->block_content->decl_stmt->decl->init->expr->operator
2,15,rectangle_java2.jpg,rectangle_java2.jpg,15521304306,60,942.0866666666667,747.4513333333333,941.5,731,91,20,Rectangle,9,class->block->function->block->block_content->decl_stmt->decl->init->expr->call->name
2,15,rectangle_java2.jpg,rectangle_java2.jpg,15521388299,80,933.546,731.2825,902.5,731,34,20,new,3,class->block->function->block->block_content->decl_stmt->decl->init->expr->operator
2,15,rectangle_java2.jpg,rectangle_java2.jpg,15521388299,80,933.546,731.2825,941.5,731,91,20,Rectangle,9,class->block->function->block->block_content->decl_stmt->decl->init->expr->call->name
2,15,rectangle_java2.jpg,rectangle_java2.jpg,15521464265,72,938.7511111111111,732.8472222222222,941.5,731,91,20,Rectangle,9,class->block->function->block->block_content->decl_stmt->decl->init->expr->call->name
2,15,rectangle_java2.jpg,rectangle_java2.jpg,15521576247,84,999.027619047619,775.0890476190476,932.5,766,100,21,rect2.area,10,class->block->function->block->block_content->expr_stmt->expr->call->argument_list->argument->expr->call->name->name->operator->name
2,15,rectangle_java2.jpg,rectangle_java2.jpg,15521652274,72,1003.5666666666666,783.6077777777778,932.5,766,100,21,rect2.area,10,class->block->function->block->block_content->expr_stmt->expr->call->argument_list->argument->expr->call->name->name->operator->name
2,15,rectangle_java2.jpg,rectangle_java2.jpg,15521768297,112,1089.2703571428572,776.6478571428571,1096.5,766,10,21,;,1,class->block->function->block->block_content->expr_stmt
2,15,rectangle_java2.jpg,rectangle_java2.jpg,15523768536,80,729.5275,786.9595,730.5,766,177,21,System.out.println,18,class->block->function->block->block_content->expr_stmt->expr->call->name->name->operator->name->operator->name
2,15,rectangle_java2.jpg,rectangle_java2.jpg,15528231719,128,648.1265625,216.12343750000002,589.5,222,63,21,public,6,class->specifier
2,15,rectangle_java2.jpg,rectangle_java2.jpg,15528231719,128,648.1265625,216.12343750000002,657.5,222,52,21,class,5,class
2,15,rectangle_java2.jpg,rectangle_java2.jpg,15528439770,128,715.335625,213.44937500000003,715.5,222,90,21,Rectangle,9,class->name
2,15,rectangle_java2.jpg,rectangle_java2.jpg,15528639743,108,653.3892592592592,227.07185185185187,657.5,222,52,21,class,5,class
2,15,rectangle_java2.jpg,rectangle_java2.jpg,15528751697,108,645.6622222222222,225.4811111111111,589.5,222,63,21,public,6,class->specifier
2,15,rectangle_java2.jpg,rectangle_java2.jpg,15528751697,108,645.6622222222222,225.4811111111111,657.5,222,52,21,class,5,class
2,15,rectangle_java2.jpg,rectangle_java2.jpg,15528935593,124,701.436129032258,233.5977419354839,657.5,222,52,21,class,5,class
2,15,rectangle_java2.jpg,rectangle_java2.jpg,15529095594,88,643.0059090909091,216.2145454545455,589.5,222,63,21,public,6,class->specifier
2,15,rectangle_java2.jpg,rectangle_java2.jpg,15529871547,56,763.6521428571428,263.97285714285715,747.5,259,33,21,int,3,class->block->decl_stmt->decl->type->name
2,15,rectangle_java2.jpg,rectangle_java2.jpg,15529935565,60,773.188,274.6933333333333,747.5,259,33,21,int,3,class->block->decl_stmt->decl->type->name
2,15,rectangle_java2.jpg,rectangle_java2.jpg,15529935565,60,773.188,274.6933333333333,785.5,259,23,21,x1,2,class->block->decl_stmt->decl->name
2,15,rectangle_java2.jpg,rectangle_java2.jpg,15530055627,116,759.8575862068966,265.7896551724138,747.5,259,33,21,int,3,class->block->decl_stmt->decl->type->name
2,15,rectangle_java2.jpg,rectangle_java2.jpg,15530139640,60,820.902,214.93666666666667,813.5,222,10,21,{,1,class->block
2,15,rectangle_java2.jpg,rectangle_java2.jpg,15530227454,84,814.4,210.7290476190476,813.5,222,10,21,{,1,class->block
2,15,rectangle_java2.jpg,rectangle_java2.jpg,15530307285,76,733.5773684210526,213.0594736842105,715.5,222,90,21,Rectangle,9,class->name
2,15,rectangle_java2.jpg,rectangle_java2.jpg,15530951422,152,756.5205263157894,264.70447368421054,747.5,259,33,21,int,3,class->block->decl_stmt->decl->type->name
2,15,rectangle_java2.jpg,rectangle_java2.jpg,15531071408,76,708.5242105263158,261.59210526315786,669.5,259,72,21,private,7,class->block->decl_stmt->decl->type->specifier
2,15,rectangle_java2.jpg,rectangle_java2.jpg,15531831347,76,707.0278947368421,226.49473684210523,657.5,222,52,21,class,5,class
2,15,rectangle_java2.jpg,rectangle_java2.jpg,15531831347,76,707.0278947368421,226.49473684210523,715.5,222,90,21,Rectangle,9,class->name
2,15,rectangle_java2.jpg,rectangle_java2.jpg,15531971194,136,696.2929411764705,223.40852941176468,657.5,222,52,21,class,5,class
2,15,rectangle_java2.jpg,rectangle_java2.jpg,15532783306,196,645.954693877551,217.82673469387754,589.5,222,63,21,public,6,class->specifier
2,15,rectangle_java2.jpg,rectangle_java2.jpg,15532783306,196,645.954693877551,217.82673469387754,657.5,222,52,21,class,5,class
2,15,rectangle_java2.jpg,rectangle_java2.jpg,15532919318,104,716.1115384615384,217.86576923076922,715.5,222,90,21,Rectangle,9,class->name
2,15,rectangle_java2.jpg,rectangle_java2.jpg,15533127336,204,719.8827450980392,225.93254901960785,715.5,222,90,21,Rectangle,9,class->name
2,15,rectangle_java2.jpg,rectangle_java2.jpg,15533243341,112,718.8053571428571,221.31607142857143,715.5,222,90,21,Rectangle,9,class->name
2,15,rectangle_java2.jpg,rectangle_java2.jpg,15533363334,68,670.1329411764706,622.9341176470589,669.5,621,63,21,public,6,class->block->function->type->specifier
2,15,rectangle_java2.jpg,rectangle_java2.jpg,15533587230,196,670.1587755102041,529.205918367347,669.5,512,63,21,public,6,class->block->function->type->specifier
2,15,rectangle_java2.jpg,rectangle_java2.jpg,15534367179,204,1025.459411764706,502.61882352941177,958.5,512,71,21,this.x2,7,class->block->function->block->block_content->return->expr->name->name->operator->name->operator
2,15,rectangle_java2.jpg,rectangle_java2.jpg,15534367179,204,1025.459411764706,502.61882352941177,1035.5,512,13,21,-,1,class->block->function->block->block_content->return->expr->name->name
2,15,rectangle_java2.jpg,rectangle_java2.jpg,15534487237,88,1090.5972727272729,500.8940909090909,1054.5,512,71,21,this.x1,7,class->block->function->block->block_content->return->expr->name->name->operator->name
2,15,rectangle_java2.jpg,rectangle_java2.jpg,15534631254,140,1094.2285714285715,518.0137142857143,1054.5,512,71,21,this.x1,7,class->block->function->block->block_content->return->expr->name->name->operator->name
2,15,rectangle_java2.jpg,rectangle_java2.jpg,15534691252,56,1097.597142857143,499.75714285714287,1054.5,512,71,21,this.x1,7,class->block->function->block->block_content->return->expr->name->name->operator->name
2,15,rectangle_java2.jpg,rectangle_java2.jpg,15534863210,84,1136.9680952380952,517.2933333333333,1132.5,512,10,21,;,1,class->block->function->block
2,15,rectangle_java2.jpg,rectangle_java2.jpg,15535070987,152,1135.5642105263157,524.1818421052632,1132.5,512,10,21,;,1,class->block->function->block
2,15,rectangle_java2.jpg,rectangle_java2.jpg,15535223025,88,994.0327272727272,511.5463636363636,958.5,512,71,21,this.x2,7,class->block->function->block->block_content->return->expr->name->name->operator->name->operator
2,15,rectangle_java2.jpg,rectangle_java2.jpg,15535607086,192,1016.2495833333334,500.6816666666666,958.5,512,71,21,this.x2,7,class->block->function->block->block_content->return->expr->name->name->operator->name->operator
2,15,rectangle_java2.jpg,rectangle_java2.jpg,15535951081,80,985.8969999999999,501.299,958.5,512,71,21,this.x2,7,class->block->function->block->block_content->return->expr->name->name->operator->name->operator
2,15,rectangle_java2.jpg,rectangle_java2.jpg,15536323081,104,1116.185,501.9673076923077,1054.5,512,71,21,this.x1,7,class->block->function->block->block_content->return->expr->name->name->operator->name
2,15,rectangle_java2.jpg,rectangle_java2.jpg,15536383105,56,1123.785,504.92857142857144,1054.5,512,71,21,this.x1,7,class->block->function->block->block_content->return->expr->name->name->operator->name
2,15,rectangle_java2.jpg,rectangle_java2.jpg,15536383105,56,1123.785,504.92857142857144,1132.5,512,10,21,;,1,class->block->function->block
2,15,rectangle_java2.jpg,rectangle_java2.jpg,15536706820,168,723.847619047619,525.342380952381,669.5,512,63,21,public,6,class->block->function->type->specifier
