trial,participant,code_file,code_language,timestamp,duration,x_cord,y_cord,aoi_x,aoi_y,aoi_width,aoi_height,token,length,srcML
2,111,rectangle_java2.jpg,rectangle_java2.jpg,11196064500,68,766.97,211.2294117647059,715.5,222,90,21,Rectangle,9,class->name
2,111,rectangle_java2.jpg,rectangle_java2.jpg,11197084450,72,857.4605555555555,246.84444444444443,863.5,259,10,21,",",1,class->block->decl_stmt
2,111,rectangle_java2.jpg,rectangle_java2.jpg,11197797565,112,911.9189285714285,255.13142857142861,911.5,259,10,21,",",1,class->block->decl_stmt
2,111,rectangle_java2.jpg,rectangle_java2.jpg,11202955729,68,784.2094117647059,374.11764705882354,730.5,367,71,21,this.y1,7,class->block->constructor->block->block_content->expr_stmt->expr->name->name->operator->name
2,111,rectangle_java2.jpg,rectangle_java2.jpg,11211243247,72,884.3116666666667,588.2816666666666,893.5,585,10,21,{,1,class->block->function->block
2,111,rectangle_java2.jpg,rectangle_java2.jpg,11211822424,80,853.0415,668.5995,826.5,658,52,20,rect1,5,class->block->function->block->block_content->decl_stmt->decl->name
2,111,rectangle_java2.jpg,rectangle_java2.jpg,11211886559,60,853.1953333333333,677.054,826.5,658,52,20,rect1,5,class->block->function->block->block_content->decl_stmt->decl->name
2,111,rectangle_java2.jpg,rectangle_java2.jpg,11212679073,68,819.3911764705882,336.68882352941176,806.5,331,15,19,=,1,class->block->constructor->block->block_content->expr_stmt->expr->operator
2,111,rectangle_java2.jpg,rectangle_java2.jpg,11212679073,68,819.3911764705882,336.68882352941176,826.5,331,23,19,x1,2,class->block->constructor->block->block_content->expr_stmt->expr->name->name
2,111,rectangle_java2.jpg,rectangle_java2.jpg,11213279126,84,925.05,667.837619047619,902.5,658,34,20,new,3,class->block->function->block->block_content->decl_stmt->decl->init->expr->operator
2,111,rectangle_java2.jpg,rectangle_java2.jpg,11213750942,64,880.453125,561.595,883.5,549,10,21,{,1,class->block->function->block
2,111,rectangle_java2.jpg,rectangle_java2.jpg,11214806841,72,949.8605555555555,636.5166666666667,920.5,621,62,21,String,6,class->block->function->parameter_list->parameter->decl->type->name->name
2,111,rectangle_java2.jpg,rectangle_java2.jpg,11214926734,96,901.5129166666667,543.6495833333333,900.5,549,63,21,return,6,class->block->function->block->block_content->return
2,111,rectangle_java2.jpg,rectangle_java2.jpg,11215006735,68,902.1252941176471,537.4976470588235,900.5,549,63,21,return,6,class->block->function->block->block_content->return
2,111,rectangle_java2.jpg,rectangle_java2.jpg,11215130759,100,895.5344,558.7528,900.5,549,63,21,return,6,class->block->function->block->block_content->return
