trial,participant,code_file,code_language,timestamp,duration,x_cord,y_cord,aoi_x,aoi_y,aoi_width,aoi_height,token,length,srcML
2,103,rectangle_java2.jpg,rectangle_java2.jpg,213329270,60,796.004,398.04066666666665,730.5,404,71,19,this.x2,7,class->block->constructor->block->block_content->expr_stmt->expr->name->name->operator->name
2,103,rectangle_java2.jpg,rectangle_java2.jpg,213329270,60,796.004,398.04066666666665,806.5,404,15,19,=,1,class->block->constructor->block->block_content->expr_stmt->expr->operator
2,103,rectangle_java2.jpg,rectangle_java2.jpg,216316852,108,803.7403703703703,540.8596296296296,775.5,549,62,21,height,6,class->block->function->name
2,103,rectangle_java2.jpg,rectangle_java2.jpg,216504884,72,757.1155555555556,542.0838888888889,737.5,549,33,21,int,3,class->block->function->type->name
2,103,rectangle_java2.jpg,rectangle_java2.jpg,216580876,72,751.9222222222222,549.7261111111111,737.5,549,33,21,int,3,class->block->function->type->name
2,103,rectangle_java2.jpg,rectangle_java2.jpg,219212643,76,871.7536842105263,568.391052631579,863.5,549,9,21,),1,class->block->function->parameter_list
2,103,rectangle_java2.jpg,rectangle_java2.jpg,219212643,76,871.7536842105263,568.391052631579,883.5,549,10,21,{,1,class->block->function->block
2,103,rectangle_java2.jpg,rectangle_java2.jpg,220772579,64,1072.7975,302.875,1063.5,295,23,21,x2,2,class->block->constructor->parameter_list->parameter->decl->type->name
2,103,rectangle_java2.jpg,rectangle_java2.jpg,225300153,72,760.9616666666667,381.0711111111111,730.5,367,71,21,this.y1,7,class->block->constructor->block->block_content->expr_stmt->expr->name->name->operator->name
2,103,rectangle_java2.jpg,rectangle_java2.jpg,235150607,72,731.9111111111112,785.4727777777778,730.5,766,177,21,System.out.println,18,class->block->function->block->block_content->expr_stmt->expr->call->name->name->operator->name->operator->name
2,103,rectangle_java2.jpg,rectangle_java2.jpg,253374660,64,635.759375,214.27125,589.5,222,63,21,public,6,class->specifier
2,103,rectangle_java2.jpg,rectangle_java2.jpg,253482700,84,631.0890476190476,210.98238095238094,589.5,222,63,21,public,6,class->specifier
2,103,rectangle_java2.jpg,rectangle_java2.jpg,257942229,116,742.5748275862069,252.50241379310341,747.5,259,33,21,int,3,class->block->decl_stmt->decl->type->name
2,103,rectangle_java2.jpg,rectangle_java2.jpg,258094309,72,814.705,231.62888888888892,813.5,222,10,21,{,1,class->block
2,103,rectangle_java2.jpg,rectangle_java2.jpg,261070003,124,864.8303225806452,346.65,856.5,331,10,19,;,1,class->block->constructor->block->block_content->expr_stmt
2,103,rectangle_java2.jpg,rectangle_java2.jpg,261210024,68,860.4852941176471,349.7805882352941,856.5,331,10,19,;,1,class->block->constructor->block->block_content->expr_stmt
2,103,rectangle_java2.jpg,rectangle_java2.jpg,261301999,80,850.509,359.902,856.5,367,10,21,;,1,class->block->constructor->block->block_content->expr_stmt
2,103,rectangle_java2.jpg,rectangle_java2.jpg,261565905,124,848.0145161290322,361.58935483870965,826.5,367,23,21,y1,2,class->block->constructor->block->block_content->expr_stmt->expr->name->name
2,103,rectangle_java2.jpg,rectangle_java2.jpg,261565905,124,848.0145161290322,361.58935483870965,856.5,367,10,21,;,1,class->block->constructor->block->block_content->expr_stmt
2,103,rectangle_java2.jpg,rectangle_java2.jpg,262125841,104,828.0492307692308,319.8588461538462,826.5,331,23,19,x1,2,class->block->constructor->block->block_content->expr_stmt->expr->name->name
2,103,rectangle_java2.jpg,rectangle_java2.jpg,262213850,84,837.5171428571429,332.79761904761904,826.5,331,23,19,x1,2,class->block->constructor->block->block_content->expr_stmt->expr->name->name
2,103,rectangle_java2.jpg,rectangle_java2.jpg,263769514,68,766.2288235294118,360.06882352941176,730.5,367,71,21,this.y1,7,class->block->constructor->block->block_content->expr_stmt->expr->name->name->operator->name
2,103,rectangle_java2.jpg,rectangle_java2.jpg,263841489,68,767.3241176470589,347.07470588235293,730.5,331,71,19,this.x1,7,class->block->constructor->block->block_content->expr_stmt->expr->name->name->operator->name
2,103,rectangle_java2.jpg,rectangle_java2.jpg,268145494,56,749.515,346.4007142857143,730.5,331,71,19,this.x1,7,class->block->constructor->block->block_content->expr_stmt->expr->name->name->operator->name
2,103,rectangle_java2.jpg,rectangle_java2.jpg,268249472,64,732.483125,326.91375,730.5,331,71,19,this.x1,7,class->block->constructor->block->block_content->expr_stmt->expr->name->name->operator->name
