trial,participant,code_file,code_language,timestamp,duration,x_cord,y_cord,aoi_x,aoi_y,aoi_width,aoi_height,token,length,srcML
2,107,rectangle_java2.jpg,rectangle_java2.jpg,1169196063,96,839.40125,338.1383333333333,826.5,331,23,19,x1,2,class->block->constructor->block->block_content->expr_stmt->expr->name->name
2,107,rectangle_java2.jpg,rectangle_java2.jpg,1169304256,60,688.48,219.90533333333337,657.5,222,52,21,class,5,class
2,107,rectangle_java2.jpg,rectangle_java2.jpg,1169452063,144,685.53,215.01055555555558,657.5,222,52,21,class,5,class
2,107,rectangle_java2.jpg,rectangle_java2.jpg,1170595677,104,788.3761538461539,211.4773076923077,715.5,222,90,21,Rectangle,9,class->name
2,107,rectangle_java2.jpg,rectangle_java2.jpg,1170671733,72,793.0699999999999,220.9227777777778,715.5,222,90,21,Rectangle,9,class->name
2,107,rectangle_java2.jpg,rectangle_java2.jpg,1171355655,92,707.9608695652174,249.82173913043482,669.5,259,72,21,private,7,class->block->decl_stmt->decl->type->specifier
2,107,rectangle_java2.jpg,rectangle_java2.jpg,1171495707,136,700.6076470588235,251.83647058823533,669.5,259,72,21,private,7,class->block->decl_stmt->decl->type->specifier
2,107,rectangle_java2.jpg,rectangle_java2.jpg,1171663894,164,673.4639024390244,254.97097560975612,669.5,259,72,21,private,7,class->block->decl_stmt->decl->type->specifier
2,107,rectangle_java2.jpg,rectangle_java2.jpg,1171836082,140,699.718,219.7197142857143,657.5,222,52,21,class,5,class
2,107,rectangle_java2.jpg,rectangle_java2.jpg,1171899927,60,744.136,217.53266666666667,715.5,222,90,21,Rectangle,9,class->name
2,107,rectangle_java2.jpg,rectangle_java2.jpg,1172147570,80,743.5755,229.23199999999997,715.5,222,90,21,Rectangle,9,class->name
2,107,rectangle_java2.jpg,rectangle_java2.jpg,1172491603,340,737.8755294117647,233.55882352941177,715.5,222,90,21,Rectangle,9,class->name
2,107,rectangle_java2.jpg,rectangle_java2.jpg,1172723572,188,777.2989361702128,231.78489361702128,715.5,222,90,21,Rectangle,9,class->name
2,107,rectangle_java2.jpg,rectangle_java2.jpg,1172783582,56,784.75,216.16642857142858,715.5,222,90,21,Rectangle,9,class->name
2,107,rectangle_java2.jpg,rectangle_java2.jpg,1172875613,60,731.4973333333334,220.25333333333333,715.5,222,90,21,Rectangle,9,class->name
2,107,rectangle_java2.jpg,rectangle_java2.jpg,1173155498,276,722.8946376811595,228.1633333333333,715.5,222,90,21,Rectangle,9,class->name
2,107,rectangle_java2.jpg,rectangle_java2.jpg,1173323467,140,786.9325714285715,236.25857142857143,715.5,222,90,21,Rectangle,9,class->name
2,107,rectangle_java2.jpg,rectangle_java2.jpg,1173723471,216,772.9024074074074,230.6662962962963,715.5,222,90,21,Rectangle,9,class->name
2,107,rectangle_java2.jpg,rectangle_java2.jpg,1173995468,268,774.1374626865671,234.5625373134328,715.5,222,90,21,Rectangle,9,class->name
2,107,rectangle_java2.jpg,rectangle_java2.jpg,1175123317,204,707.2274509803922,260.1386274509804,669.5,259,72,21,private,7,class->block->decl_stmt->decl->type->specifier
2,107,rectangle_java2.jpg,rectangle_java2.jpg,1175823323,300,813.9337333333333,282.52613333333335,737.5,295,91,21,Rectangle,9,class->block->constructor->name
2,107,rectangle_java2.jpg,rectangle_java2.jpg,1176067319,176,1048.2629545454545,293.7875,1025.5,295,33,21,int,3,class->block->constructor->parameter_list->parameter->decl->type->name
2,107,rectangle_java2.jpg,rectangle_java2.jpg,1176207273,136,1050.0335294117647,287.5891176470588,1025.5,295,33,21,int,3,class->block->constructor->parameter_list->parameter->decl->type->name
2,107,rectangle_java2.jpg,rectangle_java2.jpg,1176691159,408,1163.9048039215686,286.71931372549017,1150.5,295,23,21,y2,2,class->block->constructor->parameter_list->parameter->decl->type->name
2,107,rectangle_java2.jpg,rectangle_java2.jpg,1176791193,60,784.7633333333333,289.4373333333333,737.5,295,91,21,Rectangle,9,class->block->constructor->name
2,107,rectangle_java2.jpg,rectangle_java2.jpg,1176971140,176,767.9027272727272,292.3365909090909,737.5,295,91,21,Rectangle,9,class->block->constructor->name
2,107,rectangle_java2.jpg,rectangle_java2.jpg,1177154723,160,709.3845,276.45050000000003,669.5,259,72,21,private,7,class->block->decl_stmt->decl->type->specifier
2,107,rectangle_java2.jpg,rectangle_java2.jpg,1177347224,148,669.2697297297298,266.14972972972976,669.5,259,72,21,private,7,class->block->decl_stmt->decl->type->specifier
2,107,rectangle_java2.jpg,rectangle_java2.jpg,1177619126,100,803.336,293.1636,737.5,295,91,21,Rectangle,9,class->block->constructor->name
2,107,rectangle_java2.jpg,rectangle_java2.jpg,1177791018,136,753.4026470588235,288.9570588235294,737.5,295,91,21,Rectangle,9,class->block->constructor->name
2,107,rectangle_java2.jpg,rectangle_java2.jpg,1178087117,176,980.6602272727273,288.3840909090909,977.5,295,23,21,y1,2,class->block->constructor->parameter_list->parameter->decl->type->name
2,107,rectangle_java2.jpg,rectangle_java2.jpg,1178935079,68,779.1464705882353,346.88882352941175,730.5,331,71,19,this.x1,7,class->block->constructor->block->block_content->expr_stmt->expr->name->name->operator->name
2,107,rectangle_java2.jpg,rectangle_java2.jpg,1179566738,184,743.0928260869565,354.72413043478264,730.5,367,71,21,this.y1,7,class->block->constructor->block->block_content->expr_stmt->expr->name->name->operator->name
2,107,rectangle_java2.jpg,rectangle_java2.jpg,1179646813,56,809.7092857142857,372.6428571428571,806.5,367,15,21,=,1,class->block->constructor->block->block_content->expr_stmt->expr->operator
2,107,rectangle_java2.jpg,rectangle_java2.jpg,1179894910,244,815.3865573770491,383.9126229508197,806.5,367,15,21,=,1,class->block->constructor->block->block_content->expr_stmt->expr->operator
2,107,rectangle_java2.jpg,rectangle_java2.jpg,1179894910,244,815.3865573770491,383.9126229508197,826.5,367,23,21,y1,2,class->block->constructor->block->block_content->expr_stmt->expr->name->name
2,107,rectangle_java2.jpg,rectangle_java2.jpg,1180026907,108,682.7381481481482,506.6096296296296,669.5,512,63,21,public,6,class->block->function->type->specifier
2,107,rectangle_java2.jpg,rectangle_java2.jpg,1180170894,140,676.7565714285714,508.02571428571423,669.5,512,63,21,public,6,class->block->function->type->specifier
2,107,rectangle_java2.jpg,rectangle_java2.jpg,1180482885,284,746.3308450704226,524.439014084507,737.5,512,33,21,int,3,class->block->function->type->name
2,107,rectangle_java2.jpg,rectangle_java2.jpg,1180642972,156,745.3102564102564,528.8361538461538,737.5,512,33,21,int,3,class->block->function->type->name
2,107,rectangle_java2.jpg,rectangle_java2.jpg,1180819001,144,808.8097222222223,530.5922222222222,775.5,512,53,21,width,5,class->block->function->name
2,107,rectangle_java2.jpg,rectangle_java2.jpg,1180902863,68,909.1923529411765,538.7135294117647,900.5,549,63,21,return,6,class->block->function->block->block_content->return
2,107,rectangle_java2.jpg,rectangle_java2.jpg,1181634760,64,1033.841875,546.8306249999999,968.5,549,70,21,this.y2,7,class->block->function->block->block_content->return->expr->name->name->operator->name
2,107,rectangle_java2.jpg,rectangle_java2.jpg,1181634760,64,1033.841875,546.8306249999999,1045.5,549,13,21,-,1,class->block->function->block->block_content->return->expr->operator
2,107,rectangle_java2.jpg,rectangle_java2.jpg,1181858803,160,1074.64075,538.9905,1064.5,549,71,21,this.y1,7,class->block->function->block->block_content->return->expr->name->name->operator->name
2,107,rectangle_java2.jpg,rectangle_java2.jpg,1182174837,64,1129.25625,527.648125,1132.5,512,10,21,;,1,class->block->function->block
2,107,rectangle_java2.jpg,rectangle_java2.jpg,1182290824,112,1137.132142857143,531.0421428571428,1132.5,512,10,21,;,1,class->block->function->block
2,107,rectangle_java2.jpg,rectangle_java2.jpg,1182626672,80,757.935,575.5645,737.5,585,62,21,double,6,class->block->function->type->name
2,107,rectangle_java2.jpg,rectangle_java2.jpg,1182690649,60,752.266,574.3206666666666,737.5,585,62,21,double,6,class->block->function->type->name
2,107,rectangle_java2.jpg,rectangle_java2.jpg,1182922631,164,664.98,560.4170731707317,669.5,549,63,21,public,6,class->block->function->type->specifier
2,107,rectangle_java2.jpg,rectangle_java2.jpg,1183038641,100,758.4936,555.2032,737.5,549,33,21,int,3,class->block->function->type->name
2,107,rectangle_java2.jpg,rectangle_java2.jpg,1183106652,64,757.72875,560.6525,737.5,549,33,21,int,3,class->block->function->type->name
2,107,rectangle_java2.jpg,rectangle_java2.jpg,1183462641,284,723.8518309859155,558.0611267605634,669.5,549,63,21,public,6,class->block->function->type->specifier
2,107,rectangle_java2.jpg,rectangle_java2.jpg,1183542616,76,672.5705263157895,557.75,669.5,549,63,21,public,6,class->block->function->type->specifier
2,107,rectangle_java2.jpg,rectangle_java2.jpg,1183682623,136,671.9826470588235,554.6711764705882,669.5,549,63,21,public,6,class->block->function->type->specifier
2,107,rectangle_java2.jpg,rectangle_java2.jpg,1183878639,180,776.5342222222222,557.2508888888889,775.5,549,62,21,height,6,class->block->function->name
2,107,rectangle_java2.jpg,rectangle_java2.jpg,1184214518,332,777.1298795180722,525.542530120482,775.5,512,53,21,width,5,class->block->function->name
2,107,rectangle_java2.jpg,rectangle_java2.jpg,1184494499,92,665.4113043478261,543.6882608695652,669.5,549,63,21,public,6,class->block->function->type->specifier
2,107,rectangle_java2.jpg,rectangle_java2.jpg,1184558456,60,665.0333333333333,529.5226666666666,669.5,512,63,21,public,6,class->block->function->type->specifier
2,107,rectangle_java2.jpg,rectangle_java2.jpg,1184678389,116,658.2262068965517,530.79,669.5,512,63,21,public,6,class->block->function->type->specifier
2,107,rectangle_java2.jpg,rectangle_java2.jpg,1185058510,352,715.4364772727273,545.1864772727273,669.5,549,63,21,public,6,class->block->function->type->specifier
2,107,rectangle_java2.jpg,rectangle_java2.jpg,1185246555,136,727.6955882352942,562.4085294117647,669.5,549,63,21,public,6,class->block->function->type->specifier
2,107,rectangle_java2.jpg,rectangle_java2.jpg,1185246555,136,727.6955882352942,562.4085294117647,737.5,549,33,21,int,3,class->block->function->type->name
2,107,rectangle_java2.jpg,rectangle_java2.jpg,1186066395,72,838.1583333333333,558.9577777777778,846.5,549,10,21,(,1,class->block->function->parameter_list
2,107,rectangle_java2.jpg,rectangle_java2.jpg,1186202393,108,937.8637037037037,583.9192592592592,910.5,585,62,21,return,6,class->block->function->block->block_content->return
2,107,rectangle_java2.jpg,rectangle_java2.jpg,1186394430,188,940.2025531914894,586.8746808510639,910.5,585,62,21,return,6,class->block->function->block->block_content->return
2,107,rectangle_java2.jpg,rectangle_java2.jpg,1186606406,188,1010.1714893617021,577.0838297872341,977.5,585,101,21,this.width,10,class->block->function->block->block_content->return->expr->call->name->name->operator->name
2,107,rectangle_java2.jpg,rectangle_java2.jpg,1186786388,120,1104.27,574.517,1103.5,585,9,21,),1,class->block->function->block->block_content->return->expr->call->argument_list
2,107,rectangle_java2.jpg,rectangle_java2.jpg,1186918400,128,1113.983125,575.94,1122.5,585,12,21,*,1,class->block->function->block->block_content->return->expr->operator
2,107,rectangle_java2.jpg,rectangle_java2.jpg,1187146304,128,756.3596875,593.466875,737.5,585,62,21,double,6,class->block->function->type->name
2,107,rectangle_java2.jpg,rectangle_java2.jpg,1187398297,184,661.7184782608696,602.4341304347826,669.5,585,63,21,public,6,class->block->function->type->specifier
2,107,rectangle_java2.jpg,rectangle_java2.jpg,1187734227,276,739.3153623188406,597.1337681159421,737.5,585,62,21,double,6,class->block->function->type->name
2,107,rectangle_java2.jpg,rectangle_java2.jpg,1187886236,124,875.8170967741936,593.9403225806452,873.5,585,9,21,),1,class->block->function->parameter_list
2,107,rectangle_java2.jpg,rectangle_java2.jpg,1188018235,128,883.5159375,600.384375,893.5,585,10,21,{,1,class->block->function->block
2,107,rectangle_java2.jpg,rectangle_java2.jpg,1188246262,180,932.5315555555555,605.3615555555556,910.5,585,62,21,return,6,class->block->function->block->block_content->return
2,107,rectangle_java2.jpg,rectangle_java2.jpg,1188526247,164,1039.9765853658537,600.3382926829269,977.5,585,101,21,this.width,10,class->block->function->block->block_content->return->expr->call->name->name->operator->name
2,107,rectangle_java2.jpg,rectangle_java2.jpg,1188746068,216,1019.4716666666667,602.4942592592593,977.5,585,101,21,this.width,10,class->block->function->block->block_content->return->expr->call->name->name->operator->name
2,107,rectangle_java2.jpg,rectangle_java2.jpg,1189038120,196,1196.8944897959184,590.8110204081632,1140.5,585,110,21,this.height,11,class->block->function->block->block_content->return->expr->call->name->name->operator->name
2,107,rectangle_java2.jpg,rectangle_java2.jpg,1189226146,184,1180.5289130434783,598.1021739130434,1140.5,585,110,21,this.height,11,class->block->function->block->block_content->return->expr->call->name->name->operator->name
2,107,rectangle_java2.jpg,rectangle_java2.jpg,1189378153,116,1245.4089655172413,596.2479310344828,1140.5,585,110,21,this.height,11,class->block->function->block->block_content->return->expr->call->name->name->operator->name
2,107,rectangle_java2.jpg,rectangle_java2.jpg,1189606131,100,841.9624,634.7316,804.5,621,44,21,void,4,class->block->function->type->name
2,107,rectangle_java2.jpg,rectangle_java2.jpg,1189606131,100,841.9624,634.7316,851.5,621,44,21,main,4,class->block->function->name
2,107,rectangle_java2.jpg,rectangle_java2.jpg,1189730087,76,700.8552631578947,630.8936842105263,669.5,621,63,21,public,6,class->block->function->type->specifier
2,107,rectangle_java2.jpg,rectangle_java2.jpg,1189890131,156,692.5502564102565,635.7505128205129,669.5,621,63,21,public,6,class->block->function->type->specifier
2,107,rectangle_java2.jpg,rectangle_java2.jpg,1190018142,68,733.1082352941177,619.6576470588235,738.5,621,61,21,static,6,class->block->function->type->specifier
2,107,rectangle_java2.jpg,rectangle_java2.jpg,1190126123,104,733.5276923076923,619.6207692307693,738.5,621,61,21,static,6,class->block->function->type->specifier
2,107,rectangle_java2.jpg,rectangle_java2.jpg,1190298019,120,799.398,629.8783333333333,738.5,621,61,21,static,6,class->block->function->type->specifier
2,107,rectangle_java2.jpg,rectangle_java2.jpg,1190298019,120,799.398,629.8783333333333,804.5,621,44,21,void,4,class->block->function->type->name
2,107,rectangle_java2.jpg,rectangle_java2.jpg,1190406005,104,802.0834615384615,625.4523076923077,804.5,621,44,21,void,4,class->block->function->type->name
2,107,rectangle_java2.jpg,rectangle_java2.jpg,1190534074,108,863.22,623.7648148148148,851.5,621,44,21,main,4,class->block->function->name
2,107,rectangle_java2.jpg,rectangle_java2.jpg,1190654202,116,869.9862068965517,634.7141379310345,851.5,621,44,21,main,4,class->block->function->name
2,107,rectangle_java2.jpg,rectangle_java2.jpg,1190818174,148,985.877027027027,640.9672972972973,990.5,621,10,21,[,1,class->block->function->parameter_list->parameter->decl->type->name->index
2,107,rectangle_java2.jpg,rectangle_java2.jpg,1191017974,180,1058.9386666666667,635.6935555555556,1025.5,621,42,21,args,4,class->block->function->parameter_list->parameter->decl->name
2,107,rectangle_java2.jpg,rectangle_java2.jpg,1191109981,68,813.0905882352941,663.0670588235295,730.5,658,91,20,Rectangle,9,class->block->function->block->block_content->decl_stmt->decl->type->name
2,107,rectangle_java2.jpg,rectangle_java2.jpg,1191213985,100,804.8276,658.8824,730.5,658,91,20,Rectangle,9,class->block->function->block->block_content->decl_stmt->decl->type->name
2,107,rectangle_java2.jpg,rectangle_java2.jpg,1191390006,140,731.9977142857143,663.8554285714285,730.5,658,91,20,Rectangle,9,class->block->function->block->block_content->decl_stmt->decl->type->name
2,107,rectangle_java2.jpg,rectangle_java2.jpg,1191510003,88,1080.1613636363636,667.4854545454546,1077.5,658,9,20,",",1,class->block->function->block->block_content->decl_stmt->decl->init->expr->call->argument_list
2,107,rectangle_java2.jpg,rectangle_java2.jpg,1191614017,100,1086.798,668.1608,1095.5,658,13,20,0,1,class->block->function->block->block_content->decl_stmt->decl->init->expr->call->argument_list->argument->expr->literal
2,107,rectangle_java2.jpg,rectangle_java2.jpg,1191794026,160,994.737,670.211,941.5,658,91,20,Rectangle,9,class->block->function->block->block_content->decl_stmt->decl->init->expr->call->name
2,107,rectangle_java2.jpg,rectangle_java2.jpg,1191857967,60,992.5253333333334,673.5846666666666,941.5,658,91,20,Rectangle,9,class->block->function->block->block_content->decl_stmt->decl->init->expr->call->name
2,107,rectangle_java2.jpg,rectangle_java2.jpg,1192833888,164,1056.0568292682926,690.9612195121952,1057.5,694,10,21,),1,class->block->function->block->block_content->expr_stmt->expr->call->argument_list->argument->expr->call->argument_list
2,107,rectangle_java2.jpg,rectangle_java2.jpg,1193025998,172,972.8458139534883,672.9474418604651,941.5,658,91,20,Rectangle,9,class->block->function->block->block_content->decl_stmt->decl->init->expr->call->name
2,107,rectangle_java2.jpg,rectangle_java2.jpg,1193605673,160,776.233,712.582,730.5,694,177,21,System.out.println,18,class->block->function->block->block_content->expr_stmt->expr->call->name->name->operator->name->operator->name
2,107,rectangle_java2.jpg,rectangle_java2.jpg,1193765765,132,719.8990909090909,712.7572727272727,730.5,694,177,21,System.out.println,18,class->block->function->block->block_content->expr_stmt->expr->call->name->name->operator->name->operator->name
2,107,rectangle_java2.jpg,rectangle_java2.jpg,1193857788,88,719.5931818181818,710.6609090909091,730.5,694,177,21,System.out.println,18,class->block->function->block->block_content->expr_stmt->expr->call->name->name->operator->name->operator->name
2,107,rectangle_java2.jpg,rectangle_java2.jpg,1193961794,56,794.3092857142857,705.7778571428571,730.5,694,177,21,System.out.println,18,class->block->function->block->block_content->expr_stmt->expr->call->name->name->operator->name->operator->name
2,107,rectangle_java2.jpg,rectangle_java2.jpg,1194021786,56,791.5585714285714,720.0357142857142,730.5,731,91,20,Rectangle,9,class->block->function->block->block_content->decl_stmt->decl->type->name
2,107,rectangle_java2.jpg,rectangle_java2.jpg,1194513725,428,837.5754205607477,698.7653271028038,730.5,694,177,21,System.out.println,18,class->block->function->block->block_content->expr_stmt->expr->call->name->name->operator->name->operator->name
2,107,rectangle_java2.jpg,rectangle_java2.jpg,1194705699,156,745.3276923076924,708.6253846153846,730.5,694,177,21,System.out.println,18,class->block->function->block->block_content->expr_stmt->expr->call->name->name->operator->name->operator->name
2,107,rectangle_java2.jpg,rectangle_java2.jpg,1194997520,240,949.619,702.0675,932.5,694,100,21,rect1.area,10,class->block->function->block->block_content->expr_stmt->expr->call->argument_list->argument->expr->call->name->name->operator->name
2,107,rectangle_java2.jpg,rectangle_java2.jpg,1195061461,60,957.006,697.8673333333334,932.5,694,100,21,rect1.area,10,class->block->function->block->block_content->expr_stmt->expr->call->argument_list->argument->expr->call->name->name->operator->name
2,107,rectangle_java2.jpg,rectangle_java2.jpg,1195309568,216,1011.1635185185185,696.5637037037037,932.5,694,100,21,rect1.area,10,class->block->function->block->block_content->expr_stmt->expr->call->argument_list->argument->expr->call->name->name->operator->name
2,107,rectangle_java2.jpg,rectangle_java2.jpg,1195633544,236,1074.9184745762711,700.3786440677966,1077.5,694,9,21,),1,class->block->function->block->block_content->expr_stmt->expr->call->argument_list
2,107,rectangle_java2.jpg,rectangle_java2.jpg,1195761626,124,1073.818064516129,699.3793548387097,1077.5,694,9,21,),1,class->block->function->block->block_content->expr_stmt->expr->call->argument_list
2,107,rectangle_java2.jpg,rectangle_java2.jpg,1195937642,104,809.6611538461539,746.5957692307692,730.5,731,91,20,Rectangle,9,class->block->function->block->block_content->decl_stmt->decl->type->name
2,107,rectangle_java2.jpg,rectangle_java2.jpg,1196245585,132,736.8360606060606,755.8651515151515,730.5,766,177,21,System.out.println,18,class->block->function->block->block_content->expr_stmt->expr->call->name->name->operator->name->operator->name
2,107,rectangle_java2.jpg,rectangle_java2.jpg,1196401595,120,811.4416666666667,758.7973333333333,730.5,766,177,21,System.out.println,18,class->block->function->block->block_content->expr_stmt->expr->call->name->name->operator->name->operator->name
2,107,rectangle_java2.jpg,rectangle_java2.jpg,1196469589,64,817.0550000000001,757.0925,730.5,766,177,21,System.out.println,18,class->block->function->block->block_content->expr_stmt->expr->call->name->name->operator->name->operator->name
2,107,rectangle_java2.jpg,rectangle_java2.jpg,1196613509,140,813.5494285714286,763.8374285714285,730.5,766,177,21,System.out.println,18,class->block->function->block->block_content->expr_stmt->expr->call->name->name->operator->name->operator->name
2,107,rectangle_java2.jpg,rectangle_java2.jpg,1196729412,60,831.3226666666667,705.0506666666666,730.5,694,177,21,System.out.println,18,class->block->function->block->block_content->expr_stmt->expr->call->name->name->operator->name->operator->name
2,107,rectangle_java2.jpg,rectangle_java2.jpg,1196973459,240,832.5538333333334,694.3096666666667,730.5,694,177,21,System.out.println,18,class->block->function->block->block_content->expr_stmt->expr->call->name->name->operator->name->operator->name
2,107,rectangle_java2.jpg,rectangle_java2.jpg,1197461497,56,909.2978571428572,763.1207142857143,916.5,766,9,21,(,1,class->block->function->block->block_content->expr_stmt->expr->call->argument_list
2,107,rectangle_java2.jpg,rectangle_java2.jpg,1197705443,108,1090.6244444444444,742.597037037037,1095.5,731,13,20,5,1,class->block->function->block->block_content->decl_stmt->decl->init->expr->call->argument_list->argument->expr->literal
2,107,rectangle_java2.jpg,rectangle_java2.jpg,1197813463,104,1091.7392307692307,744.27,1095.5,731,13,20,5,1,class->block->function->block->block_content->decl_stmt->decl->init->expr->call->argument_list->argument->expr->literal
2,107,rectangle_java2.jpg,rectangle_java2.jpg,1199349336,132,792.2612121212121,682.1230303030303,730.5,694,177,21,System.out.println,18,class->block->function->block->block_content->expr_stmt->expr->call->name->name->operator->name->operator->name
2,107,rectangle_java2.jpg,rectangle_java2.jpg,1199429354,76,784.2415789473685,677.8326315789474,730.5,658,91,20,Rectangle,9,class->block->function->block->block_content->decl_stmt->decl->type->name
2,107,rectangle_java2.jpg,rectangle_java2.jpg,1199605295,148,933.1816216216216,674.737027027027,902.5,658,34,20,new,3,class->block->function->block->block_content->decl_stmt->decl->init->expr->operator
2,107,rectangle_java2.jpg,rectangle_java2.jpg,1199605295,148,933.1816216216216,674.737027027027,941.5,658,91,20,Rectangle,9,class->block->function->block->block_content->decl_stmt->decl->init->expr->call->name
2,107,rectangle_java2.jpg,rectangle_java2.jpg,1200733292,180,707.9466666666667,238.31866666666667,657.5,222,52,21,class,5,class
2,107,rectangle_java2.jpg,rectangle_java2.jpg,1200733292,180,707.9466666666667,238.31866666666667,715.5,222,90,21,Rectangle,9,class->name
2,107,rectangle_java2.jpg,rectangle_java2.jpg,1201641079,248,737.0661290322581,236.64919354838707,715.5,222,90,21,Rectangle,9,class->name
2,107,rectangle_java2.jpg,rectangle_java2.jpg,1201917052,96,750.8658333333333,268.31416666666667,747.5,259,33,21,int,3,class->block->decl_stmt->decl->type->name
2,107,rectangle_java2.jpg,rectangle_java2.jpg,1202025046,96,846.5720833333334,259.6166666666667,833.5,259,23,21,y1,2,class->block->decl_stmt->decl->name
2,107,rectangle_java2.jpg,rectangle_java2.jpg,1202101027,72,851.8211111111111,252.63388888888892,833.5,259,23,21,y1,2,class->block->decl_stmt->decl->name
2,107,rectangle_java2.jpg,rectangle_java2.jpg,1202101027,72,851.8211111111111,252.63388888888892,863.5,259,10,21,",",1,class->block->decl_stmt
2,107,rectangle_java2.jpg,rectangle_java2.jpg,1202161015,56,850.7878571428572,277.6064285714286,833.5,259,23,21,y1,2,class->block->decl_stmt->decl->name
2,107,rectangle_java2.jpg,rectangle_java2.jpg,1202453051,228,803.0391228070175,256.3961403508772,785.5,259,23,21,x1,2,class->block->decl_stmt->decl->name
2,107,rectangle_java2.jpg,rectangle_java2.jpg,1202453051,228,803.0391228070175,256.3961403508772,815.5,259,10,21,",",1,class->block->decl_stmt
2,107,rectangle_java2.jpg,rectangle_java2.jpg,1202673027,164,790.5453658536585,267.75048780487805,785.5,259,23,21,x1,2,class->block->decl_stmt->decl->name
2,107,rectangle_java2.jpg,rectangle_java2.jpg,1202901056,172,824.4797674418604,259.5302325581395,815.5,259,10,21,",",1,class->block->decl_stmt
2,107,rectangle_java2.jpg,rectangle_java2.jpg,1202901056,172,824.4797674418604,259.5302325581395,833.5,259,23,21,y1,2,class->block->decl_stmt->decl->name
2,107,rectangle_java2.jpg,rectangle_java2.jpg,1203140949,236,829.1820338983051,262.7857627118644,833.5,259,23,21,y1,2,class->block->decl_stmt->decl->name
2,107,rectangle_java2.jpg,rectangle_java2.jpg,1203220943,60,880.3006666666666,266.9386666666667,881.5,259,23,21,x2,2,class->block->decl_stmt->decl->name
2,107,rectangle_java2.jpg,rectangle_java2.jpg,1203340965,116,884.65,262.0858620689655,881.5,259,23,21,x2,2,class->block->decl_stmt->decl->name
2,107,rectangle_java2.jpg,rectangle_java2.jpg,1203681114,108,871.4207407407407,246.78259259259255,863.5,259,10,21,",",1,class->block->decl_stmt
2,107,rectangle_java2.jpg,rectangle_java2.jpg,1203681114,108,871.4207407407407,246.78259259259255,881.5,259,23,21,x2,2,class->block->decl_stmt->decl->name
2,107,rectangle_java2.jpg,rectangle_java2.jpg,1204004970,280,933.4751428571428,252.27057142857143,929.5,259,23,21,y2,2,class->block->decl_stmt->decl->name
2,107,rectangle_java2.jpg,rectangle_java2.jpg,1204177151,144,778.3375,303.5519444444444,737.5,295,91,21,Rectangle,9,class->block->constructor->name
2,107,rectangle_java2.jpg,rectangle_java2.jpg,1204361053,160,716.982,289.769,669.5,295,63,21,public,6,class->block->constructor->specifier
2,107,rectangle_java2.jpg,rectangle_java2.jpg,1204548775,156,665.7635897435897,273.6446153846154,669.5,259,72,21,private,7,class->block->decl_stmt->decl->type->specifier
2,107,rectangle_java2.jpg,rectangle_java2.jpg,1204909330,296,871.2055405405406,292.49608108108106,853.5,295,32,21,int,3,class->block->constructor->parameter_list->parameter->decl->type->name
2,107,rectangle_java2.jpg,rectangle_java2.jpg,1205056999,144,852.7061111111111,295.2969444444444,853.5,295,32,21,int,3,class->block->constructor->parameter_list->parameter->decl->type->name
2,107,rectangle_java2.jpg,rectangle_java2.jpg,1205204811,144,851.8908333333334,293.42527777777775,853.5,295,32,21,int,3,class->block->constructor->parameter_list->parameter->decl->type->name
2,107,rectangle_java2.jpg,rectangle_java2.jpg,1205304809,56,885.4242857142857,297.6792857142857,853.5,295,32,21,int,3,class->block->constructor->parameter_list->parameter->decl->type->name
2,107,rectangle_java2.jpg,rectangle_java2.jpg,1205304809,56,885.4242857142857,297.6792857142857,890.5,295,24,21,x1,2,class->block->constructor->parameter_list->parameter->decl->type->name
2,107,rectangle_java2.jpg,rectangle_java2.jpg,1205472836,164,891.2729268292683,297.61024390243904,890.5,295,24,21,x1,2,class->block->constructor->parameter_list->parameter->decl->type->name
2,107,rectangle_java2.jpg,rectangle_java2.jpg,1205628860,72,831.7266666666667,286.8072222222222,837.5,295,9,21,(,1,class->block->constructor->parameter_list
2,107,rectangle_java2.jpg,rectangle_java2.jpg,1206276687,400,938.5243,292.4018,939.5,295,33,21,int,3,class->block->constructor->parameter_list->parameter->decl->type->name
2,107,rectangle_java2.jpg,rectangle_java2.jpg,1206340666,60,931.3953333333334,304.18533333333335,939.5,295,33,21,int,3,class->block->constructor->parameter_list->parameter->decl->type->name
2,107,rectangle_java2.jpg,rectangle_java2.jpg,1206684671,292,973.3734246575342,299.68890410958903,977.5,295,23,21,y1,2,class->block->constructor->parameter_list->parameter->decl->type->name
2,107,rectangle_java2.jpg,rectangle_java2.jpg,1207244894,536,1043.3302985074627,295.1990298507463,1025.5,295,33,21,int,3,class->block->constructor->parameter_list->parameter->decl->type->name
2,107,rectangle_java2.jpg,rectangle_java2.jpg,1207312771,64,1042.92,289.985625,1025.5,295,33,21,int,3,class->block->constructor->parameter_list->parameter->decl->type->name
2,107,rectangle_java2.jpg,rectangle_java2.jpg,1207556413,208,1093.6998076923078,285.3003846153846,1094.5,295,9,21,",",1,class->block->constructor->parameter_list
2,107,rectangle_java2.jpg,rectangle_java2.jpg,1207820535,220,1058.4338181818182,287.4209090909091,1025.5,295,33,21,int,3,class->block->constructor->parameter_list->parameter->decl->type->name
2,107,rectangle_java2.jpg,rectangle_java2.jpg,1207820535,220,1058.4338181818182,287.4209090909091,1063.5,295,23,21,x2,2,class->block->constructor->parameter_list->parameter->decl->type->name
2,107,rectangle_java2.jpg,rectangle_java2.jpg,1208144576,268,1129.4073134328357,289.8583582089552,1112.5,295,33,21,int,3,class->block->constructor->parameter_list->parameter->decl->type->name
2,107,rectangle_java2.jpg,rectangle_java2.jpg,1208264566,116,1166.4593103448276,294.4834482758621,1150.5,295,23,21,y2,2,class->block->constructor->parameter_list->parameter->decl->type->name
2,107,rectangle_java2.jpg,rectangle_java2.jpg,1208480530,212,1171.6598113207547,298.46150943396225,1150.5,295,23,21,y2,2,class->block->constructor->parameter_list->parameter->decl->type->name
2,107,rectangle_java2.jpg,rectangle_java2.jpg,1208480530,212,1171.6598113207547,298.46150943396225,1180.5,295,9,21,),1,class->block->constructor->parameter_list
2,107,rectangle_java2.jpg,rectangle_java2.jpg,1208652545,112,821.5717857142857,360.66785714285714,826.5,367,23,21,y1,2,class->block->constructor->block->block_content->expr_stmt->expr->name->name
2,107,rectangle_java2.jpg,rectangle_java2.jpg,1208856545,128,768.6315625,340.795625,730.5,331,71,19,this.x1,7,class->block->constructor->block->block_content->expr_stmt->expr->name->name->operator->name
2,107,rectangle_java2.jpg,rectangle_java2.jpg,1209460446,308,763.1188311688312,327.3275324675325,730.5,331,71,19,this.x1,7,class->block->constructor->block->block_content->expr_stmt->expr->name->name->operator->name
2,107,rectangle_java2.jpg,rectangle_java2.jpg,1209744191,280,763.2242857142858,331.12271428571427,730.5,331,71,19,this.x1,7,class->block->constructor->block->block_content->expr_stmt->expr->name->name->operator->name
2,107,rectangle_java2.jpg,rectangle_java2.jpg,1209860038,56,753.4342857142857,321.79357142857145,730.5,331,71,19,this.x1,7,class->block->constructor->block->block_content->expr_stmt->expr->name->name->operator->name
2,107,rectangle_java2.jpg,rectangle_java2.jpg,1209987940,124,744.7354838709678,336.81129032258065,730.5,331,71,19,this.x1,7,class->block->constructor->block->block_content->expr_stmt->expr->name->name->operator->name
2,107,rectangle_java2.jpg,rectangle_java2.jpg,1210220326,60,775.648,304.8426666666667,737.5,295,91,21,Rectangle,9,class->block->constructor->name
2,107,rectangle_java2.jpg,rectangle_java2.jpg,1210376371,152,773.0752631578947,328.9828947368421,730.5,331,71,19,this.x1,7,class->block->constructor->block->block_content->expr_stmt->expr->name->name->operator->name
2,107,rectangle_java2.jpg,rectangle_java2.jpg,1211104396,680,816.9664705882353,335.8741764705882,806.5,331,15,19,=,1,class->block->constructor->block->block_content->expr_stmt->expr->operator
2,107,rectangle_java2.jpg,rectangle_java2.jpg,1211104396,680,816.9664705882353,335.8741764705882,826.5,331,23,19,x1,2,class->block->constructor->block->block_content->expr_stmt->expr->name->name
2,107,rectangle_java2.jpg,rectangle_java2.jpg,1211288316,140,812.1685714285715,379.6202857142857,806.5,367,15,21,=,1,class->block->constructor->block->block_content->expr_stmt->expr->operator
2,107,rectangle_java2.jpg,rectangle_java2.jpg,1211580282,288,811.6831944444444,384.8965277777778,806.5,367,15,21,=,1,class->block->constructor->block->block_content->expr_stmt->expr->operator
2,107,rectangle_java2.jpg,rectangle_java2.jpg,1211804245,184,826.1773913043478,276.5878260869565,833.5,259,23,21,y1,2,class->block->decl_stmt->decl->name
2,107,rectangle_java2.jpg,rectangle_java2.jpg,1212012247,204,832.718431372549,250.67352941176472,833.5,259,23,21,y1,2,class->block->decl_stmt->decl->name
2,107,rectangle_java2.jpg,rectangle_java2.jpg,1212216186,148,838.3937837837838,381.36270270270273,826.5,367,23,21,y1,2,class->block->constructor->block->block_content->expr_stmt->expr->name->name
2,107,rectangle_java2.jpg,rectangle_java2.jpg,1212444127,160,814.0775,395.185,806.5,404,15,19,=,1,class->block->constructor->block->block_content->expr_stmt->expr->operator
2,107,rectangle_java2.jpg,rectangle_java2.jpg,1212444127,160,814.0775,395.185,826.5,404,23,19,x2,2,class->block->constructor->block->block_content->expr_stmt->expr->name->name
2,107,rectangle_java2.jpg,rectangle_java2.jpg,1212540166,72,784.5611111111111,434.92499999999995,730.5,440,71,21,this.y2,7,class->block->constructor->block->block_content->expr_stmt->expr->name->name->operator->name
2,107,rectangle_java2.jpg,rectangle_java2.jpg,1212620166,76,780.3642105263158,445.7778947368421,730.5,440,71,21,this.y2,7,class->block->constructor->block->block_content->expr_stmt->expr->name->name->operator->name
2,107,rectangle_java2.jpg,rectangle_java2.jpg,1212752167,72,727.9111111111112,456.95055555555564,730.5,440,71,21,this.y2,7,class->block->constructor->block->block_content->expr_stmt->expr->name->name->operator->name
2,107,rectangle_java2.jpg,rectangle_java2.jpg,1213008149,120,724.5983333333334,525.0903333333333,669.5,512,63,21,public,6,class->block->function->type->specifier
2,107,rectangle_java2.jpg,rectangle_java2.jpg,1213168140,104,666.4876923076923,525.3407692307692,669.5,512,63,21,public,6,class->block->function->type->specifier
2,107,rectangle_java2.jpg,rectangle_java2.jpg,1213400163,188,730.2342553191489,539.1655319148936,669.5,549,63,21,public,6,class->block->function->type->specifier
2,107,rectangle_java2.jpg,rectangle_java2.jpg,1213400163,188,730.2342553191489,539.1655319148936,737.5,549,33,21,int,3,class->block->function->type->name
2,107,rectangle_java2.jpg,rectangle_java2.jpg,1213660115,232,786.8148275862069,549.4741379310344,775.5,549,62,21,height,6,class->block->function->name
2,107,rectangle_java2.jpg,rectangle_java2.jpg,1213971896,280,888.0875714285714,544.7568571428571,883.5,549,10,21,{,1,class->block->function->block
2,107,rectangle_java2.jpg,rectangle_java2.jpg,1213971896,280,888.0875714285714,544.7568571428571,900.5,549,63,21,return,6,class->block->function->block->block_content->return
2,107,rectangle_java2.jpg,rectangle_java2.jpg,1214095958,104,964.4046153846153,538.8757692307693,968.5,549,70,21,this.y2,7,class->block->function->block->block_content->return->expr->name->name->operator->name
2,107,rectangle_java2.jpg,rectangle_java2.jpg,1214628050,256,1095.5734375,527.7628125,1054.5,512,71,21,this.x1,7,class->block->function->block->block_content->return->expr->name->name->operator->name
2,107,rectangle_java2.jpg,rectangle_java2.jpg,1215000001,84,1012.9309523809524,538.9480952380952,968.5,549,70,21,this.y2,7,class->block->function->block->block_content->return->expr->name->name->operator->name
2,107,rectangle_java2.jpg,rectangle_java2.jpg,1215088002,84,980.4519047619048,538.3009523809524,968.5,549,70,21,this.y2,7,class->block->function->block->block_content->return->expr->name->name->operator->name
2,107,rectangle_java2.jpg,rectangle_java2.jpg,1215252015,160,979.683,532.3725,958.5,512,71,21,this.x2,7,class->block->function->block->block_content->return->expr->name->name->operator->name->operator
2,107,rectangle_java2.jpg,rectangle_java2.jpg,1215519876,108,1012.3707407407408,546.7892592592592,968.5,549,70,21,this.y2,7,class->block->function->block->block_content->return->expr->name->name->operator->name
2,107,rectangle_java2.jpg,rectangle_java2.jpg,1215988146,196,1096.9979591836734,527.2389795918367,1054.5,512,71,21,this.x1,7,class->block->function->block->block_content->return->expr->name->name->operator->name
2,107,rectangle_java2.jpg,rectangle_java2.jpg,1216123975,132,1121.3906060606062,539.8363636363637,1064.5,549,71,21,this.y1,7,class->block->function->block->block_content->return->expr->name->name->operator->name
2,107,rectangle_java2.jpg,rectangle_java2.jpg,1216323923,196,1124.514081632653,532.1004081632653,1054.5,512,71,21,this.x1,7,class->block->function->block->block_content->return->expr->name->name->operator->name
2,107,rectangle_java2.jpg,rectangle_java2.jpg,1216323923,196,1124.514081632653,532.1004081632653,1132.5,512,10,21,;,1,class->block->function->block
2,107,rectangle_java2.jpg,rectangle_java2.jpg,1216447898,120,1127.7726666666667,527.574,1132.5,512,10,21,;,1,class->block->function->block
2,107,rectangle_java2.jpg,rectangle_java2.jpg,1216595894,108,770.762962962963,574.8451851851852,737.5,585,62,21,double,6,class->block->function->type->name
2,107,rectangle_java2.jpg,rectangle_java2.jpg,1216875808,176,672.435,566.9413636363636,669.5,549,63,21,public,6,class->block->function->type->specifier
2,107,rectangle_java2.jpg,rectangle_java2.jpg,1217071720,92,767.8747826086957,573.8369565217391,737.5,585,62,21,double,6,class->block->function->type->name
2,107,rectangle_java2.jpg,rectangle_java2.jpg,1217331681,208,727.9530769230769,577.9469230769231,669.5,585,63,21,public,6,class->block->function->type->specifier
2,107,rectangle_java2.jpg,rectangle_java2.jpg,1217331681,208,727.9530769230769,577.9469230769231,737.5,585,62,21,double,6,class->block->function->type->name
2,107,rectangle_java2.jpg,rectangle_java2.jpg,1217508043,140,779.3131428571429,575.2917142857143,737.5,585,62,21,double,6,class->block->function->type->name
2,107,rectangle_java2.jpg,rectangle_java2.jpg,1217743800,196,783.3255102040816,537.7555102040816,775.5,549,62,21,height,6,class->block->function->name
2,107,rectangle_java2.jpg,rectangle_java2.jpg,1217835761,80,689.307,523.5205,669.5,512,63,21,public,6,class->block->function->type->specifier
2,107,rectangle_java2.jpg,rectangle_java2.jpg,1217975720,136,682.244705882353,523.6835294117647,669.5,512,63,21,public,6,class->block->function->type->specifier
2,107,rectangle_java2.jpg,rectangle_java2.jpg,1218051722,72,723.7627777777777,528.7555555555556,669.5,512,63,21,public,6,class->block->function->type->specifier
2,107,rectangle_java2.jpg,rectangle_java2.jpg,1218583425,88,744.8727272727273,530.7904545454545,737.5,512,33,21,int,3,class->block->function->type->name
2,107,rectangle_java2.jpg,rectangle_java2.jpg,1218783609,168,664.2271428571429,526.052380952381,669.5,512,63,21,public,6,class->block->function->type->specifier
2,107,rectangle_java2.jpg,rectangle_java2.jpg,1219239628,408,786.1698039215686,583.1105882352941,737.5,585,62,21,double,6,class->block->function->type->name
2,107,rectangle_java2.jpg,rectangle_java2.jpg,1219375641,104,795.4707692307693,587.7738461538462,737.5,585,62,21,double,6,class->block->function->type->name
2,107,rectangle_java2.jpg,rectangle_java2.jpg,1219375641,104,795.4707692307693,587.7738461538462,804.5,585,43,21,area,4,class->block->function->name
2,107,rectangle_java2.jpg,rectangle_java2.jpg,1219527629,148,802.385945945946,618.6267567567568,804.5,621,44,21,void,4,class->block->function->type->name
2,107,rectangle_java2.jpg,rectangle_java2.jpg,1219679712,148,798.9016216216216,622.5862162162163,738.5,621,61,21,static,6,class->block->function->type->specifier
2,107,rectangle_java2.jpg,rectangle_java2.jpg,1219679712,148,798.9016216216216,622.5862162162163,804.5,621,44,21,void,4,class->block->function->type->name
2,107,rectangle_java2.jpg,rectangle_java2.jpg,1219863690,92,728.7565217391304,603.1526086956521,669.5,585,63,21,public,6,class->block->function->type->specifier
2,107,rectangle_java2.jpg,rectangle_java2.jpg,1219863690,92,728.7565217391304,603.1526086956521,737.5,585,62,21,double,6,class->block->function->type->name
2,107,rectangle_java2.jpg,rectangle_java2.jpg,1220007615,112,958.0892857142857,613.3089285714286,920.5,621,62,21,String,6,class->block->function->parameter_list->parameter->decl->type->name->name
2,107,rectangle_java2.jpg,rectangle_java2.jpg,1220167536,156,964.041282051282,620.0869230769231,920.5,621,62,21,String,6,class->block->function->parameter_list->parameter->decl->type->name->name
2,107,rectangle_java2.jpg,rectangle_java2.jpg,1220279502,92,1055.351304347826,618.4491304347825,1025.5,621,42,21,args,4,class->block->function->parameter_list->parameter->decl->name
2,107,rectangle_java2.jpg,rectangle_java2.jpg,1220343482,60,1060.938,622.038,1025.5,621,42,21,args,4,class->block->function->parameter_list->parameter->decl->name
2,107,rectangle_java2.jpg,rectangle_java2.jpg,1221107519,148,987.4721621621621,664.6164864864865,941.5,658,91,20,Rectangle,9,class->block->function->block->block_content->decl_stmt->decl->init->expr->call->name
2,107,rectangle_java2.jpg,rectangle_java2.jpg,1221295494,172,919.5272093023256,620.4651162790698,920.5,621,62,21,String,6,class->block->function->parameter_list->parameter->decl->type->name->name
2,107,rectangle_java2.jpg,rectangle_java2.jpg,1221367493,68,916.1623529411764,615.75,920.5,621,62,21,String,6,class->block->function->parameter_list->parameter->decl->type->name->name
2,107,rectangle_java2.jpg,rectangle_java2.jpg,1221583456,160,1062.34425,619.6370000000001,1025.5,621,42,21,args,4,class->block->function->parameter_list->parameter->decl->name
2,107,rectangle_java2.jpg,rectangle_java2.jpg,1221583456,160,1062.34425,619.6370000000001,1074.5,621,10,21,),1,class->block->function->parameter_list
2,107,rectangle_java2.jpg,rectangle_java2.jpg,1221831315,200,1057.0752,692.784,1057.5,694,10,21,),1,class->block->function->block->block_content->expr_stmt->expr->call->argument_list->argument->expr->call->argument_list
2,107,rectangle_java2.jpg,rectangle_java2.jpg,1222491401,148,806.028918918919,672.7883783783784,730.5,658,91,20,Rectangle,9,class->block->function->block->block_content->decl_stmt->decl->type->name
2,107,rectangle_java2.jpg,rectangle_java2.jpg,1222715392,144,747.6641666666667,681.8836111111111,730.5,694,177,21,System.out.println,18,class->block->function->block->block_content->expr_stmt->expr->call->name->name->operator->name->operator->name
2,107,rectangle_java2.jpg,rectangle_java2.jpg,1222811360,92,805.741304347826,677.695652173913,730.5,658,91,20,Rectangle,9,class->block->function->block->block_content->decl_stmt->decl->type->name
2,107,rectangle_java2.jpg,rectangle_java2.jpg,1222943348,128,813.2440625,681.62625,730.5,694,177,21,System.out.println,18,class->block->function->block->block_content->expr_stmt->expr->call->name->name->operator->name->operator->name
2,107,rectangle_java2.jpg,rectangle_java2.jpg,1223219147,56,952.3292857142857,683.5164285714286,932.5,694,100,21,rect1.area,10,class->block->function->block->block_content->expr_stmt->expr->call->argument_list->argument->expr->call->name->name->operator->name
2,107,rectangle_java2.jpg,rectangle_java2.jpg,1223339116,116,953.8575862068966,670.6379310344828,941.5,658,91,20,Rectangle,9,class->block->function->block->block_content->decl_stmt->decl->init->expr->call->name
2,107,rectangle_java2.jpg,rectangle_java2.jpg,1223567182,224,945.8323214285714,683.7291071428572,932.5,694,100,21,rect1.area,10,class->block->function->block->block_content->expr_stmt->expr->call->argument_list->argument->expr->call->name->name->operator->name
2,107,rectangle_java2.jpg,rectangle_java2.jpg,1223683171,88,774.645,723.5163636363636,730.5,731,91,20,Rectangle,9,class->block->function->block->block_content->decl_stmt->decl->type->name
2,107,rectangle_java2.jpg,rectangle_java2.jpg,1223771168,84,769.9357142857143,728.6204761904762,730.5,731,91,20,Rectangle,9,class->block->function->block->block_content->decl_stmt->decl->type->name
2,107,rectangle_java2.jpg,rectangle_java2.jpg,1223855171,80,770.453,727.2475000000001,730.5,731,91,20,Rectangle,9,class->block->function->block->block_content->decl_stmt->decl->type->name
2,107,rectangle_java2.jpg,rectangle_java2.jpg,1224183277,220,1097.7378181818183,696.2521818181818,1096.5,694,10,21,;,1,class->block->function->block->block_content->expr_stmt
2,107,rectangle_java2.jpg,rectangle_java2.jpg,1224727268,56,1080.0307142857143,695.7121428571429,1077.5,694,9,21,),1,class->block->function->block->block_content->expr_stmt->expr->call->argument_list
2,107,rectangle_java2.jpg,rectangle_java2.jpg,1225647099,112,771.9185714285715,755.1717857142858,730.5,766,177,21,System.out.println,18,class->block->function->block->block_content->expr_stmt->expr->call->name->name->operator->name->operator->name
2,107,rectangle_java2.jpg,rectangle_java2.jpg,1225735117,64,941.110625,774.326875,932.5,766,100,21,rect2.area,10,class->block->function->block->block_content->expr_stmt->expr->call->argument_list->argument->expr->call->name->name->operator->name
2,107,rectangle_java2.jpg,rectangle_java2.jpg,1225851118,112,951.0689285714286,782.1128571428571,932.5,766,100,21,rect2.area,10,class->block->function->block->block_content->expr_stmt->expr->call->argument_list->argument->expr->call->name->name->operator->name
2,107,rectangle_java2.jpg,rectangle_java2.jpg,1226291019,88,976.665909090909,768.6222727272727,932.5,766,100,21,rect2.area,10,class->block->function->block->block_content->expr_stmt->expr->call->argument_list->argument->expr->call->name->name->operator->name
2,107,rectangle_java2.jpg,rectangle_java2.jpg,1226422956,128,974.0909375,782.789375,932.5,766,100,21,rect2.area,10,class->block->function->block->block_content->expr_stmt->expr->call->argument_list->argument->expr->call->name->name->operator->name
2,107,rectangle_java2.jpg,rectangle_java2.jpg,1228818637,120,1098.3023333333333,647.886,1095.5,658,13,20,0,1,class->block->function->block->block_content->decl_stmt->decl->init->expr->call->argument_list->argument->expr->literal
2,107,rectangle_java2.jpg,rectangle_java2.jpg,1229370876,56,1103.8307142857143,697.5057142857142,1096.5,694,10,21,;,1,class->block->function->block->block_content->expr_stmt
2,107,rectangle_java2.jpg,rectangle_java2.jpg,1229470782,80,1138.8455,745.609,1134.5,731,22,20,10,2,class->block->function->block->block_content->decl_stmt->decl->init->expr->call->argument_list->argument->expr->literal
2,107,rectangle_java2.jpg,rectangle_java2.jpg,1229838808,64,1165.5787500000001,676.6775,1163.5,658,10,20,",",1,class->block->function->block->block_content->decl_stmt->decl->init->expr->call->argument_list
