trial,participant,code_file,code_language,timestamp,duration,x_cord,y_cord,aoi_x,aoi_y,aoi_width,aoi_height,token,length,srcML
2,93,rectangle_java2.jpg,rectangle_java2.jpg,3167103411,200,736.7202,451.952,730.5,440,71,21,this.y2,7,class->block->constructor->block->block_content->expr_stmt->expr->name->name->operator->name
2,93,rectangle_java2.jpg,rectangle_java2.jpg,3167935059,60,800.5833333333334,290.5486666666667,737.5,295,91,21,Rectangle,9,class->block->constructor->name
2,93,rectangle_java2.jpg,rectangle_java2.jpg,3168571061,76,733.838947368421,421.38842105263166,730.5,404,71,19,this.x2,7,class->block->constructor->block->block_content->expr_stmt->expr->name->name->operator->name
2,93,rectangle_java2.jpg,rectangle_java2.jpg,3168767093,192,735.7210416666667,442.04937500000005,730.5,440,71,21,this.y2,7,class->block->constructor->block->block_content->expr_stmt->expr->name->name->operator->name
2,93,rectangle_java2.jpg,rectangle_java2.jpg,3170774965,176,781.1856818181818,398.91295454545457,730.5,404,71,19,this.x2,7,class->block->constructor->block->block_content->expr_stmt->expr->name->name->operator->name
2,93,rectangle_java2.jpg,rectangle_java2.jpg,3171942867,68,760.0276470588235,224.81470588235294,715.5,222,90,21,Rectangle,9,class->name
2,93,rectangle_java2.jpg,rectangle_java2.jpg,3172058837,112,765.4492857142857,216.86535714285714,715.5,222,90,21,Rectangle,9,class->name
2,93,rectangle_java2.jpg,rectangle_java2.jpg,3172178838,60,791.8366666666667,278.0466666666667,785.5,259,23,21,x1,2,class->block->decl_stmt->decl->name
2,93,rectangle_java2.jpg,rectangle_java2.jpg,3172310865,128,792.9684374999999,260.104375,785.5,259,23,21,x1,2,class->block->decl_stmt->decl->name
2,93,rectangle_java2.jpg,rectangle_java2.jpg,3172446815,76,868.5978947368421,267.93,863.5,259,10,21,",",1,class->block->decl_stmt
2,93,rectangle_java2.jpg,rectangle_java2.jpg,3172506773,56,864.8814285714286,254.1857142857143,863.5,259,10,21,",",1,class->block->decl_stmt
2,93,rectangle_java2.jpg,rectangle_java2.jpg,3172614719,88,780.3254545454546,258.2309090909091,747.5,259,33,21,int,3,class->block->decl_stmt->decl->type->name
2,93,rectangle_java2.jpg,rectangle_java2.jpg,3172614719,88,780.3254545454546,258.2309090909091,785.5,259,23,21,x1,2,class->block->decl_stmt->decl->name
2,93,rectangle_java2.jpg,rectangle_java2.jpg,3174374589,172,834.4613953488372,262.45767441860465,833.5,259,23,21,y1,2,class->block->decl_stmt->decl->name
2,93,rectangle_java2.jpg,rectangle_java2.jpg,3174462611,56,808.0178571428571,256.00428571428574,785.5,259,23,21,x1,2,class->block->decl_stmt->decl->name
2,93,rectangle_java2.jpg,rectangle_java2.jpg,3174462611,56,808.0178571428571,256.00428571428574,815.5,259,10,21,",",1,class->block->decl_stmt
2,93,rectangle_java2.jpg,rectangle_java2.jpg,3174558626,92,808.4360869565218,256.6947826086957,785.5,259,23,21,x1,2,class->block->decl_stmt->decl->name
2,93,rectangle_java2.jpg,rectangle_java2.jpg,3174558626,92,808.4360869565218,256.6947826086957,815.5,259,10,21,",",1,class->block->decl_stmt
2,93,rectangle_java2.jpg,rectangle_java2.jpg,3174626619,64,808.825,268.1225,815.5,259,10,21,",",1,class->block->decl_stmt
2,93,rectangle_java2.jpg,rectangle_java2.jpg,3174802600,100,851.7072000000001,289.53520000000003,853.5,295,32,21,int,3,class->block->constructor->parameter_list->parameter->decl->type->name
2,93,rectangle_java2.jpg,rectangle_java2.jpg,3174938587,104,891.2765384615385,284.6976923076923,890.5,295,24,21,x1,2,class->block->constructor->parameter_list->parameter->decl->type->name
2,93,rectangle_java2.jpg,rectangle_java2.jpg,3175094608,152,897.0784210526316,286.8644736842105,890.5,295,24,21,x1,2,class->block->constructor->parameter_list->parameter->decl->type->name
2,93,rectangle_java2.jpg,rectangle_java2.jpg,3175790335,100,849.5408,311.1424,853.5,295,32,21,int,3,class->block->constructor->parameter_list->parameter->decl->type->name
2,93,rectangle_java2.jpg,rectangle_java2.jpg,3175910436,116,842.956551724138,303.65379310344827,837.5,295,9,21,(,1,class->block->constructor->parameter_list
2,93,rectangle_java2.jpg,rectangle_java2.jpg,3175910436,116,842.956551724138,303.65379310344827,853.5,295,32,21,int,3,class->block->constructor->parameter_list->parameter->decl->type->name
2,93,rectangle_java2.jpg,rectangle_java2.jpg,3176030486,116,852.8855172413793,313.47758620689655,853.5,295,32,21,int,3,class->block->constructor->parameter_list->parameter->decl->type->name
2,93,rectangle_java2.jpg,rectangle_java2.jpg,3176218495,140,881.2751428571429,293.2462857142857,853.5,295,32,21,int,3,class->block->constructor->parameter_list->parameter->decl->type->name
2,93,rectangle_java2.jpg,rectangle_java2.jpg,3176218495,140,881.2751428571429,293.2462857142857,890.5,295,24,21,x1,2,class->block->constructor->parameter_list->parameter->decl->type->name
2,93,rectangle_java2.jpg,rectangle_java2.jpg,3176314470,92,883.9008695652174,298.79782608695655,853.5,295,32,21,int,3,class->block->constructor->parameter_list->parameter->decl->type->name
2,93,rectangle_java2.jpg,rectangle_java2.jpg,3176314470,92,883.9008695652174,298.79782608695655,890.5,295,24,21,x1,2,class->block->constructor->parameter_list->parameter->decl->type->name
2,93,rectangle_java2.jpg,rectangle_java2.jpg,3176390467,60,964.254,302.44733333333335,939.5,295,33,21,int,3,class->block->constructor->parameter_list->parameter->decl->type->name
2,93,rectangle_java2.jpg,rectangle_java2.jpg,3176470478,76,967.2836842105263,305.468947368421,939.5,295,33,21,int,3,class->block->constructor->parameter_list->parameter->decl->type->name
2,93,rectangle_java2.jpg,rectangle_java2.jpg,3176470478,76,967.2836842105263,305.468947368421,977.5,295,23,21,y1,2,class->block->constructor->parameter_list->parameter->decl->type->name
2,93,rectangle_java2.jpg,rectangle_java2.jpg,3176582488,108,973.33,295.61,977.5,295,23,21,y1,2,class->block->constructor->parameter_list->parameter->decl->type->name
2,93,rectangle_java2.jpg,rectangle_java2.jpg,3176670495,84,975.4295238095239,303.8104761904762,977.5,295,23,21,y1,2,class->block->constructor->parameter_list->parameter->decl->type->name
2,93,rectangle_java2.jpg,rectangle_java2.jpg,3176734500,60,972.1446666666667,290.18533333333335,939.5,295,33,21,int,3,class->block->constructor->parameter_list->parameter->decl->type->name
2,93,rectangle_java2.jpg,rectangle_java2.jpg,3176734500,60,972.1446666666667,290.18533333333335,977.5,295,23,21,y1,2,class->block->constructor->parameter_list->parameter->decl->type->name
2,93,rectangle_java2.jpg,rectangle_java2.jpg,3177166440,68,812.39,345.87529411764706,806.5,331,15,19,=,1,class->block->constructor->block->block_content->expr_stmt->expr->operator
2,93,rectangle_java2.jpg,rectangle_java2.jpg,3177354345,116,822.5255172413794,439.981724137931,826.5,440,23,21,y2,2,class->block->constructor->block->block_content->expr_stmt->expr->name->name
2,93,rectangle_java2.jpg,rectangle_java2.jpg,3177518319,112,757.43,455.36285714285714,730.5,440,71,21,this.y2,7,class->block->constructor->block->block_content->expr_stmt->expr->name->name->operator->name
2,93,rectangle_java2.jpg,rectangle_java2.jpg,3178006853,108,829.3762962962963,685.1437037037037,730.5,694,177,21,System.out.println,18,class->block->function->block->block_content->expr_stmt->expr->call->name->name->operator->name->operator->name
2,93,rectangle_java2.jpg,rectangle_java2.jpg,3178078664,68,825.1370588235294,692.1629411764706,730.5,694,177,21,System.out.println,18,class->block->function->block->block_content->expr_stmt->expr->call->name->name->operator->name->operator->name
2,93,rectangle_java2.jpg,rectangle_java2.jpg,3178274412,80,919.973,674.1535,902.5,658,34,20,new,3,class->block->function->block->block_content->decl_stmt->decl->init->expr->operator
2,93,rectangle_java2.jpg,rectangle_java2.jpg,3178366395,88,925.6177272727273,693.2963636363636,932.5,694,100,21,rect1.area,10,class->block->function->block->block_content->expr_stmt->expr->call->argument_list->argument->expr->call->name->name->operator->name
2,93,rectangle_java2.jpg,rectangle_java2.jpg,3178466405,96,926.3279166666666,696.31625,932.5,694,100,21,rect1.area,10,class->block->function->block->block_content->expr_stmt->expr->call->argument_list->argument->expr->call->name->name->operator->name
2,93,rectangle_java2.jpg,rectangle_java2.jpg,3180925939,132,844.4060606060606,507.03090909090906,837.5,512,9,21,(,1,class->block->function->parameter_list
2,93,rectangle_java2.jpg,rectangle_java2.jpg,3180925939,132,844.4060606060606,507.03090909090906,854.5,512,9,21,),1,class->block->function->parameter_list
2,93,rectangle_java2.jpg,rectangle_java2.jpg,3180989958,60,843.3826666666666,504.4853333333333,837.5,512,9,21,(,1,class->block->function->parameter_list
2,93,rectangle_java2.jpg,rectangle_java2.jpg,3180989958,60,843.3826666666666,504.4853333333333,854.5,512,9,21,),1,class->block->function->parameter_list
2,93,rectangle_java2.jpg,rectangle_java2.jpg,3181334043,104,890.5423076923076,578.4561538461538,893.5,585,10,21,{,1,class->block->function->block
2,93,rectangle_java2.jpg,rectangle_java2.jpg,3181542035,132,908.3618181818182,582.959393939394,910.5,585,62,21,return,6,class->block->function->block->block_content->return
2,93,rectangle_java2.jpg,rectangle_java2.jpg,3181630018,68,913.7111764705883,582.714705882353,910.5,585,62,21,return,6,class->block->function->block->block_content->return
2,93,rectangle_java2.jpg,rectangle_java2.jpg,3181718015,60,1170.606,594.326,1140.5,585,110,21,this.height,11,class->block->function->block->block_content->return->expr->call->name->name->operator->name
2,93,rectangle_java2.jpg,rectangle_java2.jpg,3181818007,96,1143.9808333333333,597.7829166666667,1140.5,585,110,21,this.height,11,class->block->function->block->block_content->return->expr->call->name->name->operator->name
2,93,rectangle_java2.jpg,rectangle_java2.jpg,3182042234,100,949.2448,681.8096,932.5,694,100,21,rect1.area,10,class->block->function->block->block_content->expr_stmt->expr->call->argument_list->argument->expr->call->name->name->operator->name
2,93,rectangle_java2.jpg,rectangle_java2.jpg,3182122320,76,951.7210526315789,693.5678947368422,932.5,694,100,21,rect1.area,10,class->block->function->block->block_content->expr_stmt->expr->call->argument_list->argument->expr->call->name->name->operator->name
2,93,rectangle_java2.jpg,rectangle_java2.jpg,3184941789,164,794.9729268292683,568.7582926829268,775.5,549,62,21,height,6,class->block->function->name
2,93,rectangle_java2.jpg,rectangle_java2.jpg,3185021757,76,802.8821052631579,552.9436842105263,775.5,549,62,21,height,6,class->block->function->name
2,93,rectangle_java2.jpg,rectangle_java2.jpg,3185093713,68,838.505294117647,561.7870588235294,846.5,549,10,21,(,1,class->block->function->parameter_list
2,93,rectangle_java2.jpg,rectangle_java2.jpg,3185177664,80,841.4755,567.7605,846.5,549,10,21,(,1,class->block->function->parameter_list
2,93,rectangle_java2.jpg,rectangle_java2.jpg,3185381610,200,843.8534,556.9332,846.5,549,10,21,(,1,class->block->function->parameter_list
2,93,rectangle_java2.jpg,rectangle_java2.jpg,3185509632,124,846.0706451612903,549.7377419354839,846.5,549,10,21,(,1,class->block->function->parameter_list
