trial,participant,code_file,code_language,timestamp,duration,x_cord,y_cord,aoi_x,aoi_y,aoi_width,aoi_height,token,length,srcML,
2,122,rectangle_java2.jpg,rectangle_java2.jpg,9061718367,152,811.4684210526316,321.0857894736842,806.5,331,15,19,=,1,class->block->constructor->block->block_content->expr_stmt->expr->operator,
2,122,rectangle_java2.jpg,rectangle_java2.jpg,9063478248,308,753.0898701298702,228.03233766233768,715.5,222,90,21,Rectangle,9,class->name,
2,122,rectangle_java2.jpg,rectangle_java2.jpg,9063830181,72,822.6855555555555,213.72000000000003,813.5,222,10,21,{,1,class->block,
2,122,rectangle_java2.jpg,rectangle_java2.jpg,9064049875,216,819.7464814814815,221.49314814814815,813.5,222,10,21,{,1,class->block,
2,122,rectangle_java2.jpg,rectangle_java2.jpg,9064322040,232,742.5970689655172,226.7786206896552,715.5,222,90,21,Rectangle,9,class->name,
2,122,rectangle_java2.jpg,rectangle_java2.jpg,9064462049,76,788.87,221.60315789473685,715.5,222,90,21,Rectangle,9,class->name,
2,122,rectangle_java2.jpg,rectangle_java2.jpg,9064574068,108,793.3288888888889,223.0811111111111,715.5,222,90,21,Rectangle,9,class->name,
2,122,rectangle_java2.jpg,rectangle_java2.jpg,9065702016,96,812.75,248.1275,815.5,259,10,21,"""","""",1,class->block->decl_stmt
2,122,rectangle_java2.jpg,rectangle_java2.jpg,9065897895,192,812.7377083333333,248.02541666666667,815.5,259,10,21,"""","""",1,class->block->decl_stmt
2,122,rectangle_java2.jpg,rectangle_java2.jpg,9066217896,292,764.3791780821917,266.04205479452054,747.5,259,33,21,int,3,class->block->decl_stmt->decl->type->name,
2,122,rectangle_java2.jpg,rectangle_java2.jpg,9066417916,196,793.5948979591836,273.2034693877551,785.5,259,23,21,x1,2,class->block->decl_stmt->decl->name,
2,122,rectangle_java2.jpg,rectangle_java2.jpg,9067261953,452,833.9738938053098,327.6082300884956,826.5,331,23,19,x1,2,class->block->constructor->block->block_content->expr_stmt->expr->name->name,
2,122,rectangle_java2.jpg,rectangle_java2.jpg,9067549952,220,735.8243636363636,232.53109090909092,715.5,222,90,21,Rectangle,9,class->name,
2,122,rectangle_java2.jpg,rectangle_java2.jpg,9067693853,140,748.1565714285714,210.822,715.5,222,90,21,Rectangle,9,class->name,
2,122,rectangle_java2.jpg,rectangle_java2.jpg,9067841645,144,752.1355555555556,219.90250000000003,715.5,222,90,21,Rectangle,9,class->name,
2,122,rectangle_java2.jpg,rectangle_java2.jpg,9068581787,376,767.9954255319149,213.41265957446808,715.5,222,90,21,Rectangle,9,class->name,
2,122,rectangle_java2.jpg,rectangle_java2.jpg,9068925779,300,812.3461333333333,212.8485333333333,813.5,222,10,21,{,1,class->block,
2,122,rectangle_java2.jpg,rectangle_java2.jpg,9069257819,304,757.5805263157895,246.9321052631579,747.5,259,33,21,int,3,class->block->decl_stmt->decl->type->name,
2,122,rectangle_java2.jpg,rectangle_java2.jpg,9069873664,380,831.6331578947369,250.7138947368421,833.5,259,23,21,y1,2,class->block->decl_stmt->decl->name,
2,122,rectangle_java2.jpg,rectangle_java2.jpg,9070181644,304,834.2894736842105,247.03302631578947,833.5,259,23,21,y1,2,class->block->decl_stmt->decl->name,
2,122,rectangle_java2.jpg,rectangle_java2.jpg,9070305618,120,834.2406666666667,248.041,833.5,259,23,21,y1,2,class->block->decl_stmt->decl->name,
2,122,rectangle_java2.jpg,rectangle_java2.jpg,9070477607,168,835.1290476190476,251.19833333333327,833.5,259,23,21,y1,2,class->block->decl_stmt->decl->name,
2,122,rectangle_java2.jpg,rectangle_java2.jpg,9070757612,276,821.2382608695652,250.5342028985507,815.5,259,10,21,"""","""",1,class->block->decl_stmt
2,122,rectangle_java2.jpg,rectangle_java2.jpg,9070757612,276,821.2382608695652,250.5342028985507,833.5,259,23,21,y1,2,class->block->decl_stmt->decl->name,
2,122,rectangle_java2.jpg,rectangle_java2.jpg,9070877609,116,847.5106896551724,251.04620689655167,833.5,259,23,21,y1,2,class->block->decl_stmt->decl->name,
2,122,rectangle_java2.jpg,rectangle_java2.jpg,9070957640,76,854.8,251.82421052631585,833.5,259,23,21,y1,2,class->block->decl_stmt->decl->name,
2,122,rectangle_java2.jpg,rectangle_java2.jpg,9070957640,76,854.8,251.82421052631585,863.5,259,10,21,"""","""",1,class->block->decl_stmt
2,122,rectangle_java2.jpg,rectangle_java2.jpg,9071121695,160,904.396,252.9325,881.5,259,23,21,x2,2,class->block->decl_stmt->decl->name,
2,122,rectangle_java2.jpg,rectangle_java2.jpg,9071121695,160,904.396,252.9325,911.5,259,10,21,"""","""",1,class->block->decl_stmt
2,122,rectangle_java2.jpg,rectangle_java2.jpg,9071429662,304,906.0805263157896,251.15197368421053,911.5,259,10,21,"""","""",1,class->block->decl_stmt
2,122,rectangle_java2.jpg,rectangle_java2.jpg,9071737508,256,764.97828125,277.1484375,747.5,259,33,21,int,3,class->block->decl_stmt->decl->type->name,
2,122,rectangle_java2.jpg,rectangle_java2.jpg,9071805499,64,799.803125,273.820625,785.5,259,23,21,x1,2,class->block->decl_stmt->decl->name,
2,122,rectangle_java2.jpg,rectangle_java2.jpg,9072125675,316,801.8082278481013,278.6498734177215,785.5,259,23,21,x1,2,class->block->decl_stmt->decl->name,
2,122,rectangle_java2.jpg,rectangle_java2.jpg,9072449595,296,902.9082432432432,279.1328378378378,881.5,259,23,21,x2,2,class->block->decl_stmt->decl->name,
2,122,rectangle_java2.jpg,rectangle_java2.jpg,9072449595,296,902.9082432432432,279.1328378378378,911.5,259,10,21,"""","""",1,class->block->decl_stmt
2,122,rectangle_java2.jpg,rectangle_java2.jpg,9072721581,236,936.2922033898304,279.1313559322034,929.5,259,23,21,y2,2,class->block->decl_stmt->decl->name,
2,122,rectangle_java2.jpg,rectangle_java2.jpg,9072917496,176,796.3829545454546,309.65659090909094,737.5,295,91,21,Rectangle,9,class->block->constructor->name,
2,122,rectangle_java2.jpg,rectangle_java2.jpg,9073253514,284,758.72,319.8780281690141,730.5,331,71,19,this.x1,7,class->block->constructor->block->block_content->expr_stmt->expr->name->name->operator->name,
2,122,rectangle_java2.jpg,rectangle_java2.jpg,9073509233,220,810.6549090909091,321.1018181818182,806.5,331,15,19,=,1,class->block->constructor->block->block_content->expr_stmt->expr->operator,
2,122,rectangle_java2.jpg,rectangle_java2.jpg,9075353172,272,1119.6147058823528,314.2086764705882,1112.5,295,33,21,int,3,class->block->constructor->parameter_list->parameter->decl->type->name,
2,122,rectangle_java2.jpg,rectangle_java2.jpg,9075573177,104,818.4515384615385,331.8996153846154,806.5,331,15,19,=,1,class->block->constructor->block->block_content->expr_stmt->expr->operator,
2,122,rectangle_java2.jpg,rectangle_java2.jpg,9075573177,104,818.4515384615385,331.8996153846154,826.5,331,23,19,x1,2,class->block->constructor->block->block_content->expr_stmt->expr->name->name,
2,122,rectangle_java2.jpg,rectangle_java2.jpg,9075953228,308,811.0641558441558,359.14428571428573,806.5,367,15,21,=,1,class->block->constructor->block->block_content->expr_stmt->expr->operator,
2,122,rectangle_java2.jpg,rectangle_java2.jpg,9076345278,360,865.9196666666667,346.39744444444443,856.5,331,10,19,;,1,class->block->constructor->block->block_content->expr_stmt,
2,122,rectangle_java2.jpg,rectangle_java2.jpg,9076981232,76,840.9542105263158,368.3005263157895,826.5,367,23,21,y1,2,class->block->constructor->block->block_content->expr_stmt->expr->name->name,
2,122,rectangle_java2.jpg,rectangle_java2.jpg,9077089187,104,850.1734615384615,373.9623076923077,856.5,367,10,21,;,1,class->block->constructor->block->block_content->expr_stmt,
2,122,rectangle_java2.jpg,rectangle_java2.jpg,9077649133,520,812.0,382.4575384615385,806.5,367,15,21,=,1,class->block->constructor->block->block_content->expr_stmt->expr->operator,
2,122,rectangle_java2.jpg,rectangle_java2.jpg,9077821155,132,845.9184848484848,392.32666666666665,826.5,404,23,19,x2,2,class->block->constructor->block->block_content->expr_stmt->expr->name->name,
2,122,rectangle_java2.jpg,rectangle_java2.jpg,9077821155,132,845.9184848484848,392.32666666666665,856.5,404,10,19,;,1,class->block->constructor->block->block_content->expr_stmt,
2,122,rectangle_java2.jpg,rectangle_java2.jpg,9077949152,124,855.6345161290322,383.471935483871,856.5,367,10,21,;,1,class->block->constructor->block->block_content->expr_stmt,
2,122,rectangle_java2.jpg,rectangle_java2.jpg,9078085114,132,850.8436363636364,367.4963636363637,856.5,367,10,21,;,1,class->block->constructor->block->block_content->expr_stmt,
2,122,rectangle_java2.jpg,rectangle_java2.jpg,9078161091,72,865.1844444444445,383.3655555555556,856.5,367,10,21,;,1,class->block->constructor->block->block_content->expr_stmt,
2,122,rectangle_java2.jpg,rectangle_java2.jpg,9078809150,284,814.828309859155,408.1092957746479,806.5,404,15,19,=,1,class->block->constructor->block->block_content->expr_stmt->expr->operator,
2,122,rectangle_java2.jpg,rectangle_java2.jpg,9078809150,284,814.828309859155,408.1092957746479,826.5,404,23,19,x2,2,class->block->constructor->block->block_content->expr_stmt->expr->name->name,
2,122,rectangle_java2.jpg,rectangle_java2.jpg,9079172999,328,859.7996341463414,408.7546341463415,856.5,404,10,19,;,1,class->block->constructor->block->block_content->expr_stmt,
2,122,rectangle_java2.jpg,rectangle_java2.jpg,9079820984,220,811.9101818181819,444.5872727272727,806.5,440,15,21,=,1,class->block->constructor->block->block_content->expr_stmt->expr->operator,
2,122,rectangle_java2.jpg,rectangle_java2.jpg,9080596981,292,776.4682191780822,520.1394520547946,775.5,512,53,21,width,5,class->block->function->name,
2,122,rectangle_java2.jpg,rectangle_java2.jpg,9080980954,344,827.2806976744187,515.0649999999999,775.5,512,53,21,width,5,class->block->function->name,
2,122,rectangle_java2.jpg,rectangle_java2.jpg,9080980954,344,827.2806976744187,515.0649999999999,837.5,512,9,21,(,1,class->block->function->parameter_list,
2,122,rectangle_java2.jpg,rectangle_java2.jpg,9081136829,152,829.2418421052631,511.3386842105263,837.5,512,9,21,(,1,class->block->function->parameter_list,
2,122,rectangle_java2.jpg,rectangle_java2.jpg,9081460842,280,875.3258571428571,506.33871428571433,874.5,512,10,21,{,1,class->block->function->block,
2,122,rectangle_java2.jpg,rectangle_java2.jpg,9081760801,284,990.0869014084508,516.1671830985915,958.5,512,71,21,this.x2,7,class->block->function->block->block_content->return->expr->name->name->operator->name->operator,
2,122,rectangle_java2.jpg,rectangle_java2.jpg,9082144876,380,965.3354736842106,521.7176842105263,958.5,512,71,21,this.x2,7,class->block->function->block->block_content->return->expr->name->name->operator->name->operator,
2,122,rectangle_java2.jpg,rectangle_java2.jpg,9082436866,268,1002.7965671641792,521.9301492537313,958.5,512,71,21,this.x2,7,class->block->function->block->block_content->return->expr->name->name->operator->name->operator,
2,122,rectangle_java2.jpg,rectangle_java2.jpg,9082560862,68,839.79,547.1152941176471,846.5,549,10,21,(,1,class->block->function->parameter_list,
2,122,rectangle_java2.jpg,rectangle_java2.jpg,9082660866,96,841.7341666666666,557.5775,846.5,549,10,21,(,1,class->block->function->parameter_list,
2,122,rectangle_java2.jpg,rectangle_java2.jpg,9082772778,108,841.0611111111111,549.772962962963,846.5,549,10,21,(,1,class->block->function->parameter_list,
2,122,rectangle_java2.jpg,rectangle_java2.jpg,9083016585,216,791.4481481481481,550.4107407407407,775.5,549,62,21,height,6,class->block->function->name,
2,122,rectangle_java2.jpg,rectangle_java2.jpg,9083364739,300,889.4841333333334,545.7468,883.5,549,10,21,{,1,class->block->function->block,
2,122,rectangle_java2.jpg,rectangle_java2.jpg,9083364739,300,889.4841333333334,545.7468,900.5,549,63,21,return,6,class->block->function->block->block_content->return,
2,122,rectangle_java2.jpg,rectangle_java2.jpg,9083580674,196,966.1748979591836,547.0677551020408,968.5,549,70,21,this.y2,7,class->block->function->block->block_content->return->expr->name->name->operator->name,
2,122,rectangle_java2.jpg,rectangle_java2.jpg,9083656697,60,1032.6373333333331,552.2313333333333,968.5,549,70,21,this.y2,7,class->block->function->block->block_content->return->expr->name->name->operator->name,
2,122,rectangle_java2.jpg,rectangle_java2.jpg,9083828718,168,1037.3769047619048,548.5207142857142,968.5,549,70,21,this.y2,7,class->block->function->block->block_content->return->expr->name->name->operator->name,
2,122,rectangle_java2.jpg,rectangle_java2.jpg,9083828718,168,1037.3769047619048,548.5207142857142,1045.5,549,13,21,-,1,class->block->function->block->block_content->return->expr->operator,
2,122,rectangle_java2.jpg,rectangle_java2.jpg,9083984692,152,1037.6492105263158,554.7778947368421,968.5,549,70,21,this.y2,7,class->block->function->block->block_content->return->expr->name->name->operator->name,
2,122,rectangle_java2.jpg,rectangle_java2.jpg,9083984692,152,1037.6492105263158,554.7778947368421,1045.5,549,13,21,-,1,class->block->function->block->block_content->return->expr->operator,
2,122,rectangle_java2.jpg,rectangle_java2.jpg,9084144684,140,863.7148571428571,545.806,863.5,549,9,21,),1,class->block->function->parameter_list,
2,122,rectangle_java2.jpg,rectangle_java2.jpg,9084296694,148,862.9824324324325,550.522972972973,863.5,549,9,21,),1,class->block->function->parameter_list,
2,122,rectangle_java2.jpg,rectangle_java2.jpg,9084576620,220,926.5936363636364,540.5049090909091,900.5,549,63,21,return,6,class->block->function->block->block_content->return,
2,122,rectangle_java2.jpg,rectangle_java2.jpg,9084844470,204,1044.899411764706,554.4580392156863,1045.5,549,13,21,-,1,class->block->function->block->block_content->return->expr->operator,
2,122,rectangle_java2.jpg,rectangle_java2.jpg,9085176596,328,1047.2242682926828,549.1535365853658,1045.5,549,13,21,-,1,class->block->function->block->block_content->return->expr->operator,
2,122,rectangle_java2.jpg,rectangle_java2.jpg,9085252597,60,893.8753333333333,553.0353333333334,900.5,549,63,21,return,6,class->block->function->block->block_content->return,
2,122,rectangle_java2.jpg,rectangle_java2.jpg,9085500616,244,884.4270491803279,550.8077049180328,883.5,549,10,21,{,1,class->block->function->block,
2,122,rectangle_java2.jpg,rectangle_java2.jpg,9085764591,232,921.0306896551724,542.0989655172414,900.5,549,63,21,return,6,class->block->function->block->block_content->return,
2,122,rectangle_java2.jpg,rectangle_java2.jpg,9085960561,152,963.5768421052632,548.6997368421053,968.5,549,70,21,this.y2,7,class->block->function->block->block_content->return->expr->name->name->operator->name,
2,122,rectangle_java2.jpg,rectangle_java2.jpg,9086604198,256,1042.28390625,548.5446875,1045.5,549,13,21,-,1,class->block->function->block->block_content->return->expr->operator,
2,122,rectangle_java2.jpg,rectangle_java2.jpg,9086768701,160,1037.66875,554.63625,968.5,549,70,21,this.y2,7,class->block->function->block->block_content->return->expr->name->name->operator->name,
2,122,rectangle_java2.jpg,rectangle_java2.jpg,9086768701,160,1037.66875,554.63625,1045.5,549,13,21,-,1,class->block->function->block->block_content->return->expr->operator,
2,122,rectangle_java2.jpg,rectangle_java2.jpg,9086868814,80,1033.513,558.0355,968.5,549,70,21,this.y2,7,class->block->function->block->block_content->return->expr->name->name->operator->name,
2,122,rectangle_java2.jpg,rectangle_java2.jpg,9086868814,80,1033.513,558.0355,1045.5,549,13,21,-,1,class->block->function->block->block_content->return->expr->operator,
2,122,rectangle_java2.jpg,rectangle_java2.jpg,9087232205,64,819.190625,517.719375,775.5,512,53,21,width,5,class->block->function->name,
2,122,rectangle_java2.jpg,rectangle_java2.jpg,9087300142,64,834.685625,528.42125,837.5,512,9,21,(,1,class->block->function->parameter_list,
2,122,rectangle_java2.jpg,rectangle_java2.jpg,9087528309,68,794.9917647058824,518.2782352941176,775.5,512,53,21,width,5,class->block->function->name,
2,122,rectangle_java2.jpg,rectangle_java2.jpg,9090546559,84,898.4895238095238,608.7190476190476,904.5,621,9,21,(,1,class->block->function->parameter_list,
2,122,rectangle_java2.jpg,rectangle_java2.jpg,9090633567,56,943.0121428571427,601.3292857142857,910.5,585,62,21,return,6,class->block->function->block->block_content->return,
2,122,rectangle_java2.jpg,rectangle_java2.jpg,9090916165,56,994.9135714285716,587.7842857142857,977.5,585,101,21,this.width,10,class->block->function->block->block_content->return->expr->call->name->name->operator->name,
2,122,rectangle_java2.jpg,rectangle_java2.jpg,9090976947,56,996.055,590.8478571428572,977.5,585,101,21,this.width,10,class->block->function->block->block_content->return->expr->call->name->name->operator->name,
2,122,rectangle_java2.jpg,rectangle_java2.jpg,9091061445,60,1055.894,596.6386666666667,977.5,585,101,21,this.width,10,class->block->function->block->block_content->return->expr->call->name->name->operator->name,
2,122,rectangle_java2.jpg,rectangle_java2.jpg,9091181202,76,1061.5110526315789,613.7736842105263,1025.5,621,42,21,args,4,class->block->function->parameter_list->parameter->decl->name,
2,122,rectangle_java2.jpg,rectangle_java2.jpg,9091577852,60,930.75,575.548,910.5,585,62,21,return,6,class->block->function->block->block_content->return,
2,122,rectangle_java2.jpg,rectangle_java2.jpg,9091785934,168,933.9607142857144,565.1416666666667,900.5,549,63,21,return,6,class->block->function->block->block_content->return,
2,122,rectangle_java2.jpg,rectangle_java2.jpg,9091857974,68,931.660588235294,567.6723529411764,900.5,549,63,21,return,6,class->block->function->block->block_content->return,
2,122,rectangle_java2.jpg,rectangle_java2.jpg,9092062083,168,981.755238095238,573.1471428571429,977.5,585,101,21,this.width,10,class->block->function->block->block_content->return->expr->call->name->name->operator->name,
2,122,rectangle_java2.jpg,rectangle_java2.jpg,9092150061,84,1056.265238095238,580.7780952380953,977.5,585,101,21,this.width,10,class->block->function->block->block_content->return->expr->call->name->name->operator->name,
2,122,rectangle_java2.jpg,rectangle_java2.jpg,9092350021,196,1062.480408163265,575.6744897959184,977.5,585,101,21,this.width,10,class->block->function->block->block_content->return->expr->call->name->name->operator->name,
2,122,rectangle_java2.jpg,rectangle_java2.jpg,9092517958,164,1101.460731707317,576.4146341463414,1103.5,585,9,21,),1,class->block->function->block->block_content->return->expr->call->argument_list,
2,122,rectangle_java2.jpg,rectangle_java2.jpg,9092769897,248,1106.4059677419357,585.1809677419354,1103.5,585,9,21,),1,class->block->function->block->block_content->return->expr->call->argument_list,
2,122,rectangle_java2.jpg,rectangle_java2.jpg,9093042286,268,1129.3549253731344,587.3761194029851,1122.5,585,12,21,*,1,class->block->function->block->block_content->return->expr->operator,
2,122,rectangle_java2.jpg,rectangle_java2.jpg,9093042286,268,1129.3549253731344,587.3761194029851,1140.5,585,110,21,this.height,11,class->block->function->block->block_content->return->expr->call->name->name->operator->name,
2,122,rectangle_java2.jpg,rectangle_java2.jpg,9093122338,76,1128.14,588.74,1122.5,585,12,21,*,1,class->block->function->block->block_content->return->expr->operator,
2,122,rectangle_java2.jpg,rectangle_java2.jpg,9093122338,76,1128.14,588.74,1140.5,585,110,21,this.height,11,class->block->function->block->block_content->return->expr->call->name->name->operator->name,
2,122,rectangle_java2.jpg,rectangle_java2.jpg,9093246068,80,1083.4255,588.858,1086.5,585,10,21,(,1,class->block->function->block->block_content->return->expr->call->argument_list,
2,122,rectangle_java2.jpg,rectangle_java2.jpg,9093333975,84,1084.9838095238094,592.6319047619047,1086.5,585,10,21,(,1,class->block->function->block->block_content->return->expr->call->argument_list,
2,122,rectangle_java2.jpg,rectangle_java2.jpg,9093473891,116,812.5193103448275,640.9893103448276,804.5,621,44,21,void,4,class->block->function->type->name,
2,122,rectangle_java2.jpg,rectangle_java2.jpg,9093941983,188,895.5608510638298,656.8155319148937,883.5,658,15,20,=,1,class->block->function->block->block_content->decl_stmt->decl->init,
2,122,rectangle_java2.jpg,rectangle_java2.jpg,9093941983,188,895.5608510638298,656.8155319148937,902.5,658,34,20,new,3,class->block->function->block->block_content->decl_stmt->decl->init->expr->operator,
2,122,rectangle_java2.jpg,rectangle_java2.jpg,9094105864,160,891.556,649.547,883.5,658,15,20,=,1,class->block->function->block->block_content->decl_stmt->decl->init,
2,122,rectangle_java2.jpg,rectangle_java2.jpg,9094105864,160,891.556,649.547,902.5,658,34,20,new,3,class->block->function->block->block_content->decl_stmt->decl->init->expr->operator,
2,122,rectangle_java2.jpg,rectangle_java2.jpg,9094433759,284,958.4109859154928,651.4856338028169,941.5,658,91,20,Rectangle,9,class->block->function->block->block_content->decl_stmt->decl->init->expr->call->name,
2,122,rectangle_java2.jpg,rectangle_java2.jpg,9094561779,124,924.1432258064516,654.5419354838709,902.5,658,34,20,new,3,class->block->function->block->block_content->decl_stmt->decl->init->expr->operator,
2,122,rectangle_java2.jpg,rectangle_java2.jpg,9094721813,156,920.1679487179488,649.1902564102564,902.5,658,34,20,new,3,class->block->function->block->block_content->decl_stmt->decl->init->expr->operator,
2,122,rectangle_java2.jpg,rectangle_java2.jpg,9094837855,76,970.5763157894736,651.8368421052631,941.5,658,91,20,Rectangle,9,class->block->function->block->block_content->decl_stmt->decl->init->expr->call->name,
2,122,rectangle_java2.jpg,rectangle_java2.jpg,9095157822,56,1094.3042857142857,647.2935714285715,1095.5,658,13,20,0,1,class->block->function->block->block_content->decl_stmt->decl->init->expr->call->argument_list->argument->expr->literal,
2,122,rectangle_java2.jpg,rectangle_java2.jpg,9095269837,108,1090.2414814814815,657.9244444444445,1095.5,658,13,20,0,1,class->block->function->block->block_content->decl_stmt->decl->init->expr->call->argument_list->argument->expr->literal,
2,122,rectangle_java2.jpg,rectangle_java2.jpg,9095441783,168,1057.5538095238096,664.0678571428572,1057.5,658,13,20,0,1,class->block->function->block->block_content->decl_stmt->decl->init->expr->call->argument_list->argument->expr->literal,
2,122,rectangle_java2.jpg,rectangle_java2.jpg,9095525785,80,1058.0925,668.501,1057.5,658,13,20,0,1,class->block->function->block->block_content->decl_stmt->decl->init->expr->call->argument_list->argument->expr->literal,
2,122,rectangle_java2.jpg,rectangle_java2.jpg,9095645779,100,1224.4752,660.5464,1231.5,658,10,20,;,1,class->block->function->block->block_content->decl_stmt,
2,122,rectangle_java2.jpg,rectangle_java2.jpg,9095761751,112,1228.8953571428572,657.6332142857143,1231.5,658,10,20,;,1,class->block->function->block->block_content->decl_stmt,
2,122,rectangle_java2.jpg,rectangle_java2.jpg,9096449559,256,806.18453125,732.25140625,730.5,731,91,20,Rectangle,9,class->block->function->block->block_content->decl_stmt->decl->type->name,
2,122,rectangle_java2.jpg,rectangle_java2.jpg,9096597644,120,922.16,731.528,902.5,731,34,20,new,3,class->block->function->block->block_content->decl_stmt->decl->init->expr->operator,
2,122,rectangle_java2.jpg,rectangle_java2.jpg,9096713642,112,920.5260714285714,735.9464285714286,902.5,731,34,20,new,3,class->block->function->block->block_content->decl_stmt->decl->init->expr->operator,
2,122,rectangle_java2.jpg,rectangle_java2.jpg,9104393826,320,867.385,775.85325,730.5,766,177,21,System.out.println,18,class->block->function->block->block_content->expr_stmt->expr->call->name->name->operator->name->operator->name,
