trial,participant,code_file,code_language,timestamp,duration,x_cord,y_cord,aoi_x,aoi_y,aoi_width,aoi_height,token,length,srcML,
2,186,rectangle_java2.jpg,rectangle_java2.jpg,390047450,164,688.5075609756097,237.74365853658537,657.5,222,52,21,class,5,class,
2,186,rectangle_java2.jpg,rectangle_java2.jpg,390163424,84,658.9752380952381,210.552380952381,657.5,222,52,21,class,5,class,
2,186,rectangle_java2.jpg,rectangle_java2.jpg,390299514,72,639.255,210.8855555555556,589.5,222,63,21,public,6,class->specifier,
2,186,rectangle_java2.jpg,rectangle_java2.jpg,393067446,244,711.4486885245901,209.8745901639344,715.5,222,90,21,Rectangle,9,class->name,
2,186,rectangle_java2.jpg,rectangle_java2.jpg,393343454,260,775.5415384615385,210.70046153846152,715.5,222,90,21,Rectangle,9,class->name,
2,186,rectangle_java2.jpg,rectangle_java2.jpg,394039308,168,725.5080952380953,238.45880952380952,715.5,222,90,21,Rectangle,9,class->name,
2,186,rectangle_java2.jpg,rectangle_java2.jpg,394283351,240,711.2583333333333,246.5963333333333,669.5,259,72,21,private,7,class->block->decl_stmt->decl->type->specifier,
2,186,rectangle_java2.jpg,rectangle_java2.jpg,394467373,108,785.1125925925926,240.477037037037,715.5,222,90,21,Rectangle,9,class->name,
2,186,rectangle_java2.jpg,rectangle_java2.jpg,394639328,168,783.4521428571428,251.3840476190476,785.5,259,23,21,x1,2,class->block->decl_stmt->decl->name,
2,186,rectangle_java2.jpg,rectangle_java2.jpg,394831357,188,772.6372340425532,251.9317021276596,747.5,259,33,21,int,3,class->block->decl_stmt->decl->type->name,
2,186,rectangle_java2.jpg,rectangle_java2.jpg,395691356,128,767.7253125,249.79125,747.5,259,33,21,int,3,class->block->decl_stmt->decl->type->name,
2,186,rectangle_java2.jpg,rectangle_java2.jpg,395827245,132,776.2772727272727,258.44878787878787,747.5,259,33,21,int,3,class->block->decl_stmt->decl->type->name,
2,186,rectangle_java2.jpg,rectangle_java2.jpg,395827245,132,776.2772727272727,258.44878787878787,785.5,259,23,21,x1,2,class->block->decl_stmt->decl->name,
2,186,rectangle_java2.jpg,rectangle_java2.jpg,396295341,80,770.332,222.1065,715.5,222,90,21,Rectangle,9,class->name,
2,186,rectangle_java2.jpg,rectangle_java2.jpg,396451574,92,709.7552173913043,231.2965217391304,715.5,222,90,21,Rectangle,9,class->name,
2,186,rectangle_java2.jpg,rectangle_java2.jpg,396543599,88,718.8413636363637,241.8468181818182,715.5,222,90,21,Rectangle,9,class->name,
2,186,rectangle_java2.jpg,rectangle_java2.jpg,397635040,76,793.188947368421,267.37315789473683,785.5,259,23,21,x1,2,class->block->decl_stmt->decl->name,
2,186,rectangle_java2.jpg,rectangle_java2.jpg,397726957,88,795.8186363636364,260.85045454545457,785.5,259,23,21,x1,2,class->block->decl_stmt->decl->name,
2,186,rectangle_java2.jpg,rectangle_java2.jpg,397854989,100,757.21,257.4764,747.5,259,33,21,int,3,class->block->decl_stmt->decl->type->name,
2,186,rectangle_java2.jpg,rectangle_java2.jpg,398059094,200,755.2908,265.6108,747.5,259,33,21,int,3,class->block->decl_stmt->decl->type->name,
2,186,rectangle_java2.jpg,rectangle_java2.jpg,398367134,304,776.5873684210526,264.7092105263158,747.5,259,33,21,int,3,class->block->decl_stmt->decl->type->name,
2,186,rectangle_java2.jpg,rectangle_java2.jpg,398367134,304,776.5873684210526,264.7092105263158,785.5,259,23,21,x1,2,class->block->decl_stmt->decl->name,
2,186,rectangle_java2.jpg,rectangle_java2.jpg,398455161,84,761.4795238095238,266.0752380952381,747.5,259,33,21,int,3,class->block->decl_stmt->decl->type->name,
2,186,rectangle_java2.jpg,rectangle_java2.jpg,398659135,200,760.2896,283.3296,737.5,295,91,21,Rectangle,9,class->block->constructor->name,
2,186,rectangle_java2.jpg,rectangle_java2.jpg,398974815,228,784.9775438596491,252.921403508772,785.5,259,23,21,x1,2,class->block->decl_stmt->decl->name,
2,186,rectangle_java2.jpg,rectangle_java2.jpg,399522970,80,806.871,224.743,813.5,222,10,21,{,1,class->block,
2,186,rectangle_java2.jpg,rectangle_java2.jpg,399870998,124,837.65,253.211935483871,833.5,259,23,21,y1,2,class->block->decl_stmt->decl->name,
2,186,rectangle_java2.jpg,rectangle_java2.jpg,399970981,64,790.64125,267.233125,785.5,259,23,21,x1,2,class->block->decl_stmt->decl->name,
2,186,rectangle_java2.jpg,rectangle_java2.jpg,400074881,100,786.8236,283.9208,737.5,295,91,21,Rectangle,9,class->block->constructor->name,
2,186,rectangle_java2.jpg,rectangle_java2.jpg,400138831,60,762.44,283.1186666666667,737.5,295,91,21,Rectangle,9,class->block->constructor->name,
2,186,rectangle_java2.jpg,rectangle_java2.jpg,400307068,164,757.1846341463415,284.7785365853658,737.5,295,91,21,Rectangle,9,class->block->constructor->name,
2,186,rectangle_java2.jpg,rectangle_java2.jpg,400511134,160,797.9135,292.613,737.5,295,91,21,Rectangle,9,class->block->constructor->name,
2,186,rectangle_java2.jpg,rectangle_java2.jpg,400678961,132,855.0627272727273,288.49030303030304,853.5,295,32,21,int,3,class->block->constructor->parameter_list->parameter->decl->type->name,
2,186,rectangle_java2.jpg,rectangle_java2.jpg,400818989,72,812.99,334.5372222222222,806.5,331,15,19,=,1,class->block->constructor->block->block_content->expr_stmt->expr->operator,
2,186,rectangle_java2.jpg,rectangle_java2.jpg,400926983,104,811.4273076923077,338.7538461538461,806.5,331,15,19,=,1,class->block->constructor->block->block_content->expr_stmt->expr->operator,
2,186,rectangle_java2.jpg,rectangle_java2.jpg,401034979,72,742.2988888888889,406.6511111111111,730.5,404,71,19,this.x2,7,class->block->constructor->block->block_content->expr_stmt->expr->name->name->operator->name,
2,186,rectangle_java2.jpg,rectangle_java2.jpg,401118985,80,743.7305,413.8145,730.5,404,71,19,this.x2,7,class->block->constructor->block->block_content->expr_stmt->expr->name->name->operator->name,
2,186,rectangle_java2.jpg,rectangle_java2.jpg,401498820,56,716.3928571428571,501.0857142857143,669.5,512,63,21,public,6,class->block->function->type->specifier,
2,186,rectangle_java2.jpg,rectangle_java2.jpg,402262889,56,776.1485714285715,452.9371428571428,730.5,440,71,21,this.y2,7,class->block->constructor->block->block_content->expr_stmt->expr->name->name->operator->name,
2,186,rectangle_java2.jpg,rectangle_java2.jpg,404130725,120,859.729,453.04966666666667,856.5,440,10,21,;,1,class->block->constructor->block->block_content->expr_stmt,
2,186,rectangle_java2.jpg,rectangle_java2.jpg,407666474,248,792.8770967741935,521.5137096774193,775.5,512,53,21,width,5,class->block->function->name,
2,186,rectangle_java2.jpg,rectangle_java2.jpg,408910489,80,688.9665,507.8845,669.5,512,63,21,public,6,class->block->function->type->specifier,
2,186,rectangle_java2.jpg,rectangle_java2.jpg,409498342,92,703.3517391304348,515.1208695652174,669.5,512,63,21,public,6,class->block->function->type->specifier,
2,186,rectangle_java2.jpg,rectangle_java2.jpg,409646342,64,762.725,512.06,737.5,512,33,21,int,3,class->block->function->type->name,
2,186,rectangle_java2.jpg,rectangle_java2.jpg,410034321,200,761.8308,528.0072,737.5,512,33,21,int,3,class->block->function->type->name,
2,186,rectangle_java2.jpg,rectangle_java2.jpg,410270367,232,758.5255172413794,531.1187931034483,737.5,512,33,21,int,3,class->block->function->type->name,
2,186,rectangle_java2.jpg,rectangle_java2.jpg,410358375,84,764.6728571428572,524.5233333333333,737.5,512,33,21,int,3,class->block->function->type->name,
2,186,rectangle_java2.jpg,rectangle_java2.jpg,410358375,84,764.6728571428572,524.5233333333333,775.5,512,53,21,width,5,class->block->function->name,
2,186,rectangle_java2.jpg,rectangle_java2.jpg,410494410,132,762.8333333333334,520.8793939393939,737.5,512,33,21,int,3,class->block->function->type->name,
2,186,rectangle_java2.jpg,rectangle_java2.jpg,410678373,156,812.8028205128205,516.848717948718,775.5,512,53,21,width,5,class->block->function->name,
2,186,rectangle_java2.jpg,rectangle_java2.jpg,410910298,228,807.0596491228071,527.620350877193,775.5,512,53,21,width,5,class->block->function->name,
2,186,rectangle_java2.jpg,rectangle_java2.jpg,411054207,116,844.6313793103449,518.9044827586207,837.5,512,9,21,(,1,class->block->function->parameter_list,
2,186,rectangle_java2.jpg,rectangle_java2.jpg,411054207,116,844.6313793103449,518.9044827586207,854.5,512,9,21,),1,class->block->function->parameter_list,
2,186,rectangle_java2.jpg,rectangle_java2.jpg,411158078,92,951.95,524.8621739130435,891.5,512,62,21,return,6,class->block->function->block->block_content->return->expr->name->name,
2,186,rectangle_java2.jpg,rectangle_java2.jpg,411158078,92,951.95,524.8621739130435,958.5,512,71,21,this.x2,7,class->block->function->block->block_content->return->expr->name->name->operator->name->operator,
2,186,rectangle_java2.jpg,rectangle_java2.jpg,411374213,212,953.8264150943396,530.8720754716982,958.5,512,71,21,this.x2,7,class->block->function->block->block_content->return->expr->name->name->operator->name->operator,
2,186,rectangle_java2.jpg,rectangle_java2.jpg,411490228,92,1009.1469565217392,540.7130434782608,968.5,549,70,21,this.y2,7,class->block->function->block->block_content->return->expr->name->name->operator->name,
2,186,rectangle_java2.jpg,rectangle_java2.jpg,411602197,108,1005.5251851851853,548.1225925925926,968.5,549,70,21,this.y2,7,class->block->function->block->block_content->return->expr->name->name->operator->name,
2,186,rectangle_java2.jpg,rectangle_java2.jpg,411698164,92,994.282608695652,541.2695652173913,968.5,549,70,21,this.y2,7,class->block->function->block->block_content->return->expr->name->name->operator->name,
2,186,rectangle_java2.jpg,rectangle_java2.jpg,412214231,124,1003.9316129032258,540.7651612903226,968.5,549,70,21,this.y2,7,class->block->function->block->block_content->return->expr->name->name->operator->name,
2,186,rectangle_java2.jpg,rectangle_java2.jpg,412434213,68,1036.5788235294117,532.4070588235294,1035.5,512,13,21,-,1,class->block->function->block->block_content->return->expr->name->name,
2,186,rectangle_java2.jpg,rectangle_java2.jpg,412642232,92,1102.1708695652171,516.4434782608696,1054.5,512,71,21,this.x1,7,class->block->function->block->block_content->return->expr->name->name->operator->name,
2,186,rectangle_java2.jpg,rectangle_java2.jpg,412874221,124,1082.9435483870968,524.6541935483871,1054.5,512,71,21,this.x1,7,class->block->function->block->block_content->return->expr->name->name->operator->name,
2,186,rectangle_java2.jpg,rectangle_java2.jpg,413214124,80,1019.267,518.067,958.5,512,71,21,this.x2,7,class->block->function->block->block_content->return->expr->name->name->operator->name->operator,
2,186,rectangle_java2.jpg,rectangle_java2.jpg,413658134,132,1087.730606060606,506.74939393939394,1054.5,512,71,21,this.x1,7,class->block->function->block->block_content->return->expr->name->name->operator->name,
2,186,rectangle_java2.jpg,rectangle_java2.jpg,413766145,56,1144.577142857143,514.9414285714286,1152.5,512,10,21,},1,class->block,
2,186,rectangle_java2.jpg,rectangle_java2.jpg,413850154,80,1142.2025,515.515,1132.5,512,10,21,;,1,class->block->function->block,
2,186,rectangle_java2.jpg,rectangle_java2.jpg,413850154,80,1142.2025,515.515,1152.5,512,10,21,},1,class->block,
2,186,rectangle_java2.jpg,rectangle_java2.jpg,413950168,96,1137.3129166666668,522.8320833333333,1132.5,512,10,21,;,1,class->block->function->block,
2,186,rectangle_java2.jpg,rectangle_java2.jpg,414086189,132,1141.5221212121212,537.1972727272728,1142.5,549,10,21,;,1,class->block->function->block->block_content->return,
2,186,rectangle_java2.jpg,rectangle_java2.jpg,414174201,84,1148.3585714285714,520.7180952380952,1152.5,512,10,21,},1,class->block,
2,186,rectangle_java2.jpg,rectangle_java2.jpg,414698061,96,701.7208333333333,549.4866666666667,669.5,549,63,21,public,6,class->block->function->type->specifier,
2,186,rectangle_java2.jpg,rectangle_java2.jpg,414770073,68,698.4435294117648,563.0711764705882,669.5,549,63,21,public,6,class->block->function->type->specifier,
2,186,rectangle_java2.jpg,rectangle_java2.jpg,414866040,92,704.6547826086957,567.6156521739131,669.5,549,63,21,public,6,class->block->function->type->specifier,
2,186,rectangle_java2.jpg,rectangle_java2.jpg,415173910,304,714.9522368421052,562.4910526315789,669.5,549,63,21,public,6,class->block->function->type->specifier,
2,186,rectangle_java2.jpg,rectangle_java2.jpg,415413955,236,706.3789830508474,557.7764406779661,669.5,549,63,21,public,6,class->block->function->type->specifier,
2,186,rectangle_java2.jpg,rectangle_java2.jpg,415573981,156,716.1164102564103,560.4815384615384,669.5,549,63,21,public,6,class->block->function->type->specifier,
2,186,rectangle_java2.jpg,rectangle_java2.jpg,415745984,112,793.0042857142857,551.3075,775.5,549,62,21,height,6,class->block->function->name,
2,186,rectangle_java2.jpg,rectangle_java2.jpg,415881969,132,787.6921212121213,553.8457575757576,775.5,549,62,21,height,6,class->block->function->name,
2,186,rectangle_java2.jpg,rectangle_java2.jpg,415957952,72,779.235,564.7688888888889,775.5,549,62,21,height,6,class->block->function->name,
2,186,rectangle_java2.jpg,rectangle_java2.jpg,416121923,160,776.16425,569.68975,775.5,549,62,21,height,6,class->block->function->name,
2,186,rectangle_java2.jpg,rectangle_java2.jpg,416201907,76,807.1342105263158,563.4752631578947,775.5,549,62,21,height,6,class->block->function->name,
2,186,rectangle_java2.jpg,rectangle_java2.jpg,416317925,112,810.5767857142857,567.9903571428572,775.5,549,62,21,height,6,class->block->function->name,
2,186,rectangle_java2.jpg,rectangle_java2.jpg,416817843,60,821.9593333333333,576.486,804.5,585,43,21,area,4,class->block->function->name,
2,186,rectangle_java2.jpg,rectangle_java2.jpg,417257834,84,958.6504761904762,554.5180952380953,900.5,549,63,21,return,6,class->block->function->block->block_content->return,
2,186,rectangle_java2.jpg,rectangle_java2.jpg,417257834,84,958.6504761904762,554.5180952380953,968.5,549,70,21,this.y2,7,class->block->function->block->block_content->return->expr->name->name->operator->name,
2,186,rectangle_java2.jpg,rectangle_java2.jpg,417417842,156,954.796153846154,545.2823076923077,900.5,549,63,21,return,6,class->block->function->block->block_content->return,
2,186,rectangle_java2.jpg,rectangle_java2.jpg,417637383,200,1016.4432,558.7836,968.5,549,70,21,this.y2,7,class->block->function->block->block_content->return->expr->name->name->operator->name,
2,186,rectangle_java2.jpg,rectangle_java2.jpg,417705293,64,1015.721875,568.133125,968.5,549,70,21,this.y2,7,class->block->function->block->block_content->return->expr->name->name->operator->name,
2,186,rectangle_java2.jpg,rectangle_java2.jpg,417845550,128,1046.4690625,564.5984375,1045.5,549,13,21,-,1,class->block->function->block->block_content->return->expr->operator,
2,186,rectangle_java2.jpg,rectangle_java2.jpg,418173888,284,1009.7190140845072,564.3011267605634,968.5,549,70,21,this.y2,7,class->block->function->block->block_content->return->expr->name->name->operator->name,
2,186,rectangle_java2.jpg,rectangle_java2.jpg,418285892,84,1058.6742857142858,557.447619047619,1064.5,549,71,21,this.y1,7,class->block->function->block->block_content->return->expr->name->name->operator->name,
2,186,rectangle_java2.jpg,rectangle_java2.jpg,418449863,160,1061.93075,562.73475,1064.5,549,71,21,this.y1,7,class->block->function->block->block_content->return->expr->name->name->operator->name,
2,186,rectangle_java2.jpg,rectangle_java2.jpg,418657836,140,1124.974,569.548,1064.5,549,71,21,this.y1,7,class->block->function->block->block_content->return->expr->name->name->operator->name,
2,186,rectangle_java2.jpg,rectangle_java2.jpg,418761779,100,1123.2608,569.6232,1064.5,549,71,21,this.y1,7,class->block->function->block->block_content->return->expr->name->name->operator->name,
2,186,rectangle_java2.jpg,rectangle_java2.jpg,418869742,104,1121.6673076923078,579.9,1122.5,585,12,21,*,1,class->block->function->block->block_content->return->expr->operator,
2,186,rectangle_java2.jpg,rectangle_java2.jpg,418965732,80,1055.643,574.2695,977.5,585,101,21,this.width,10,class->block->function->block->block_content->return->expr->call->name->name->operator->name,
2,186,rectangle_java2.jpg,rectangle_java2.jpg,419081724,112,1058.6789285714283,569.8946428571429,1064.5,549,71,21,this.y1,7,class->block->function->block->block_content->return->expr->name->name->operator->name,
2,186,rectangle_java2.jpg,rectangle_java2.jpg,419165720,80,1057.1295,580.948,977.5,585,101,21,this.width,10,class->block->function->block->block_content->return->expr->call->name->name->operator->name,
2,186,rectangle_java2.jpg,rectangle_java2.jpg,419385690,204,1129.9488235294118,575.0058823529412,1122.5,585,12,21,*,1,class->block->function->block->block_content->return->expr->operator,
2,186,rectangle_java2.jpg,rectangle_java2.jpg,419385690,204,1129.9488235294118,575.0058823529412,1140.5,585,110,21,this.height,11,class->block->function->block->block_content->return->expr->call->name->name->operator->name,
2,186,rectangle_java2.jpg,rectangle_java2.jpg,419477696,88,1130.8227272727272,587.3727272727273,1122.5,585,12,21,*,1,class->block->function->block->block_content->return->expr->operator,
2,186,rectangle_java2.jpg,rectangle_java2.jpg,419477696,88,1130.8227272727272,587.3727272727273,1140.5,585,110,21,this.height,11,class->block->function->block->block_content->return->expr->call->name->name->operator->name,
2,186,rectangle_java2.jpg,rectangle_java2.jpg,419781648,220,1197.2996363636364,575.8327272727273,1140.5,585,110,21,this.height,11,class->block->function->block->block_content->return->expr->call->name->name->operator->name,
2,186,rectangle_java2.jpg,rectangle_java2.jpg,419937688,152,1221.8065789473685,575.4610526315789,1140.5,585,110,21,this.height,11,class->block->function->block->block_content->return->expr->call->name->name->operator->name,
2,186,rectangle_java2.jpg,rectangle_java2.jpg,420173714,56,1209.6421428571427,574.5364285714286,1140.5,585,110,21,this.height,11,class->block->function->block->block_content->return->expr->call->name->name->operator->name,
2,186,rectangle_java2.jpg,rectangle_java2.jpg,420817884,80,852.9195,581.471,856.5,585,9,21,(,1,class->block->function->parameter_list,
2,186,rectangle_java2.jpg,rectangle_java2.jpg,420877804,56,845.5357142857143,587.6557142857142,804.5,585,43,21,area,4,class->block->function->name,
2,186,rectangle_java2.jpg,rectangle_java2.jpg,420877804,56,845.5357142857143,587.6557142857142,856.5,585,9,21,(,1,class->block->function->parameter_list,
2,186,rectangle_java2.jpg,rectangle_java2.jpg,420993581,72,705.7755555555556,599.8094444444445,669.5,585,63,21,public,6,class->block->function->type->specifier,
2,186,rectangle_java2.jpg,rectangle_java2.jpg,421353439,188,677.82,600.2574468085106,669.5,585,63,21,public,6,class->block->function->type->specifier,
2,186,rectangle_java2.jpg,rectangle_java2.jpg,421577591,152,762.8073684210526,588.8973684210526,737.5,585,62,21,double,6,class->block->function->type->name,
2,186,rectangle_java2.jpg,rectangle_java2.jpg,421721623,140,764.9334285714285,602.0134285714286,737.5,585,62,21,double,6,class->block->function->type->name,
2,186,rectangle_java2.jpg,rectangle_java2.jpg,421841641,116,789.3789655172413,592.84,737.5,585,62,21,double,6,class->block->function->type->name,
2,186,rectangle_java2.jpg,rectangle_java2.jpg,421945658,72,833.4183333333333,593.7577777777778,804.5,585,43,21,area,4,class->block->function->name,
2,186,rectangle_java2.jpg,rectangle_java2.jpg,422637586,136,757.9108823529411,564.7470588235294,737.5,549,33,21,int,3,class->block->function->type->name,
2,186,rectangle_java2.jpg,rectangle_java2.jpg,422805395,152,686.7768421052632,561.8557894736842,669.5,549,63,21,public,6,class->block->function->type->specifier,
2,186,rectangle_java2.jpg,rectangle_java2.jpg,423053446,148,746.6537837837838,582.6245945945946,737.5,585,62,21,double,6,class->block->function->type->name,
2,186,rectangle_java2.jpg,rectangle_java2.jpg,423261452,176,782.7127272727273,591.7120454545454,737.5,585,62,21,double,6,class->block->function->type->name,
2,186,rectangle_java2.jpg,rectangle_java2.jpg,423421467,76,833.6263157894737,597.7931578947369,804.5,585,43,21,area,4,class->block->function->name,
2,186,rectangle_java2.jpg,rectangle_java2.jpg,423721504,296,827.808918918919,593.1327027027027,804.5,585,43,21,area,4,class->block->function->name,
2,186,rectangle_java2.jpg,rectangle_java2.jpg,423977479,124,824.9670967741936,599.8770967741935,804.5,585,43,21,area,4,class->block->function->name,
2,186,rectangle_java2.jpg,rectangle_java2.jpg,424101466,88,781.295,597.87,737.5,585,62,21,double,6,class->block->function->type->name,
2,186,rectangle_java2.jpg,rectangle_java2.jpg,424177459,72,784.6022222222223,613.1033333333334,738.5,621,61,21,static,6,class->block->function->type->specifier,
2,186,rectangle_java2.jpg,rectangle_java2.jpg,424489487,288,833.1183333333333,599.5469444444444,804.5,585,43,21,area,4,class->block->function->name,
2,186,rectangle_java2.jpg,rectangle_java2.jpg,424597497,56,873.4442857142857,596.6521428571428,873.5,585,9,21,),1,class->block->function->parameter_list,
2,186,rectangle_java2.jpg,rectangle_java2.jpg,424765326,164,871.4846341463415,602.8241463414635,873.5,585,9,21,),1,class->block->function->parameter_list,
2,186,rectangle_java2.jpg,rectangle_java2.jpg,424921289,100,890.4452,609.0432,851.5,621,44,21,main,4,class->block->function->name,
2,186,rectangle_java2.jpg,rectangle_java2.jpg,424981310,56,887.0621428571428,612.59,851.5,621,44,21,main,4,class->block->function->name,
2,186,rectangle_java2.jpg,rectangle_java2.jpg,425493399,160,946.784,616.0855,920.5,621,62,21,String,6,class->block->function->parameter_list->parameter->decl->type->name->name,
2,186,rectangle_java2.jpg,rectangle_java2.jpg,425553434,56,947.6042857142857,615.5307142857143,920.5,621,62,21,String,6,class->block->function->parameter_list->parameter->decl->type->name->name,
2,186,rectangle_java2.jpg,rectangle_java2.jpg,425665457,108,952.324074074074,604.4766666666667,910.5,585,62,21,return,6,class->block->function->block->block_content->return,
2,186,rectangle_java2.jpg,rectangle_java2.jpg,426033349,196,869.5157142857142,599.1622448979592,873.5,585,9,21,),1,class->block->function->parameter_list,
2,186,rectangle_java2.jpg,rectangle_java2.jpg,426117350,80,867.8745,609.5035,851.5,621,44,21,main,4,class->block->function->name,
2,186,rectangle_java2.jpg,rectangle_java2.jpg,426341324,196,828.1955102040816,600.2520408163265,804.5,585,43,21,area,4,class->block->function->name,
2,186,rectangle_java2.jpg,rectangle_java2.jpg,426505272,96,912.2333333333332,604.02,910.5,585,62,21,return,6,class->block->function->block->block_content->return,
2,186,rectangle_java2.jpg,rectangle_java2.jpg,426709249,148,962.5637837837838,616.9902702702702,920.5,621,62,21,String,6,class->block->function->parameter_list->parameter->decl->type->name->name,
2,186,rectangle_java2.jpg,rectangle_java2.jpg,426793230,80,966.3305,622.0035,920.5,621,62,21,String,6,class->block->function->parameter_list->parameter->decl->type->name->name,
2,186,rectangle_java2.jpg,rectangle_java2.jpg,426929289,100,1038.8248,621.8992,1025.5,621,42,21,args,4,class->block->function->parameter_list->parameter->decl->name,
2,186,rectangle_java2.jpg,rectangle_java2.jpg,426993382,60,1025.5193333333334,615.7713333333334,1025.5,621,42,21,args,4,class->block->function->parameter_list->parameter->decl->name,
2,186,rectangle_java2.jpg,rectangle_java2.jpg,427069441,56,778.4957142857143,635.9621428571429,738.5,621,61,21,static,6,class->block->function->type->specifier,
2,186,rectangle_java2.jpg,rectangle_java2.jpg,427209062,136,777.119705882353,650.8379411764706,730.5,658,91,20,Rectangle,9,class->block->function->block->block_content->decl_stmt->decl->type->name,
2,186,rectangle_java2.jpg,rectangle_java2.jpg,427409077,196,754.3934693877551,645.6773469387755,730.5,658,91,20,Rectangle,9,class->block->function->block->block_content->decl_stmt->decl->type->name,
2,186,rectangle_java2.jpg,rectangle_java2.jpg,427473142,60,754.882,651.8933333333333,730.5,658,91,20,Rectangle,9,class->block->function->block->block_content->decl_stmt->decl->type->name,
2,186,rectangle_java2.jpg,rectangle_java2.jpg,427581214,104,780.925,645.9823076923077,730.5,658,91,20,Rectangle,9,class->block->function->block->block_content->decl_stmt->decl->type->name,
2,186,rectangle_java2.jpg,rectangle_java2.jpg,427733224,100,867.1804,640.2716,851.5,621,44,21,main,4,class->block->function->name,
2,186,rectangle_java2.jpg,rectangle_java2.jpg,427977223,240,862.2748333333334,651.6383333333333,826.5,658,52,20,rect1,5,class->block->function->block->block_content->decl_stmt->decl->name,
2,186,rectangle_java2.jpg,rectangle_java2.jpg,428133224,152,854.3502631578947,649.317894736842,826.5,658,52,20,rect1,5,class->block->function->block->block_content->decl_stmt->decl->name,
2,186,rectangle_java2.jpg,rectangle_java2.jpg,428237310,100,847.5028,645.6012,826.5,658,52,20,rect1,5,class->block->function->block->block_content->decl_stmt->decl->name,
2,186,rectangle_java2.jpg,rectangle_java2.jpg,428325272,76,947.3584210526316,639.7863157894736,920.5,621,62,21,String,6,class->block->function->parameter_list->parameter->decl->type->name->name,
2,186,rectangle_java2.jpg,rectangle_java2.jpg,428397115,68,954.24,636.6764705882352,920.5,621,62,21,String,6,class->block->function->parameter_list->parameter->decl->type->name->name,
2,186,rectangle_java2.jpg,rectangle_java2.jpg,428516979,116,950.9062068965516,647.4348275862069,941.5,658,91,20,Rectangle,9,class->block->function->block->block_content->decl_stmt->decl->init->expr->call->name,
2,186,rectangle_java2.jpg,rectangle_java2.jpg,428721012,120,979.073,655.0016666666667,941.5,658,91,20,Rectangle,9,class->block->function->block->block_content->decl_stmt->decl->init->expr->call->name,
2,186,rectangle_java2.jpg,rectangle_java2.jpg,428945117,188,918.4944680851064,648.0144680851064,902.5,658,34,20,new,3,class->block->function->block->block_content->decl_stmt->decl->init->expr->operator,
2,186,rectangle_java2.jpg,rectangle_java2.jpg,429105123,124,1105.4229032258063,661.5041935483871,1095.5,658,13,20,0,1,class->block->function->block->block_content->decl_stmt->decl->init->expr->call->argument_list->argument->expr->literal,
2,186,rectangle_java2.jpg,rectangle_java2.jpg,429105123,124,1105.4229032258063,661.5041935483871,1115.5,658,10,20,"""","""",1,class->block->function->block->block_content->decl_stmt->decl->init->expr->call->argument_list
2,186,rectangle_java2.jpg,rectangle_java2.jpg,429209116,100,1098.9272,665.4304,1095.5,658,13,20,0,1,class->block->function->block->block_content->decl_stmt->decl->init->expr->call->argument_list->argument->expr->literal,
2,186,rectangle_java2.jpg,rectangle_java2.jpg,430329095,96,1160.0991666666666,648.9595833333333,1163.5,658,10,20,"""","""",1,class->block->function->block->block_content->decl_stmt->decl->init->expr->call->argument_list
2,186,rectangle_java2.jpg,rectangle_java2.jpg,430405066,72,1152.4383333333333,659.9905555555556,1134.5,658,22,20,10,2,class->block->function->block->block_content->decl_stmt->decl->init->expr->call->argument_list->argument->expr->literal,
2,186,rectangle_java2.jpg,rectangle_java2.jpg,430405066,72,1152.4383333333333,659.9905555555556,1163.5,658,10,20,"""","""",1,class->block->function->block->block_content->decl_stmt->decl->init->expr->call->argument_list
2,186,rectangle_java2.jpg,rectangle_java2.jpg,430529019,68,996.99,664.734705882353,941.5,658,91,20,Rectangle,9,class->block->function->block->block_content->decl_stmt->decl->init->expr->call->name,
2,186,rectangle_java2.jpg,rectangle_java2.jpg,430788827,204,732.5868627450981,674.8466666666667,730.5,658,91,20,Rectangle,9,class->block->function->block->block_content->decl_stmt->decl->type->name,
2,186,rectangle_java2.jpg,rectangle_java2.jpg,430864857,72,735.1822222222222,691.3316666666667,730.5,694,177,21,System.out.println,18,class->block->function->block->block_content->expr_stmt->expr->call->name->name->operator->name->operator->name,
2,186,rectangle_java2.jpg,rectangle_java2.jpg,431040807,144,833.4933333333333,692.3519444444445,730.5,694,177,21,System.out.println,18,class->block->function->block->block_content->expr_stmt->expr->call->name->name->operator->name->operator->name,
2,186,rectangle_java2.jpg,rectangle_java2.jpg,431136680,92,828.9704347826087,682.0695652173913,730.5,694,177,21,System.out.println,18,class->block->function->block->block_content->expr_stmt->expr->call->name->name->operator->name->operator->name,
2,186,rectangle_java2.jpg,rectangle_java2.jpg,431404940,228,864.6405263157894,677.7347368421052,826.5,658,52,20,rect1,5,class->block->function->block->block_content->decl_stmt->decl->name,
2,186,rectangle_java2.jpg,rectangle_java2.jpg,431636957,136,956.9523529411764,691.5538235294117,932.5,694,100,21,rect1.area,10,class->block->function->block->block_content->expr_stmt->expr->call->argument_list->argument->expr->call->name->name->operator->name,
2,186,rectangle_java2.jpg,rectangle_java2.jpg,431881121,168,1005.3471428571428,689.71,932.5,694,100,21,rect1.area,10,class->block->function->block->block_content->expr_stmt->expr->call->argument_list->argument->expr->call->name->name->operator->name,
2,186,rectangle_java2.jpg,rectangle_java2.jpg,432045260,160,1002.145,692.87475,932.5,694,100,21,rect1.area,10,class->block->function->block->block_content->expr_stmt->expr->call->argument_list->argument->expr->call->name->name->operator->name,
2,186,rectangle_java2.jpg,rectangle_java2.jpg,432197011,92,1041.624347826087,696.0939130434782,1041.5,694,9,21,(,1,class->block->function->block->block_content->expr_stmt->expr->call->argument_list->argument->expr->call->argument_list,
2,186,rectangle_java2.jpg,rectangle_java2.jpg,432444695,192,764.7654166666666,730.0975,730.5,731,91,20,Rectangle,9,class->block->function->block->block_content->decl_stmt->decl->type->name,
2,186,rectangle_java2.jpg,rectangle_java2.jpg,432556788,108,752.674074074074,737.0685185185185,730.5,731,91,20,Rectangle,9,class->block->function->block->block_content->decl_stmt->decl->type->name,
2,186,rectangle_java2.jpg,rectangle_java2.jpg,432628840,68,743.994705882353,743.714705882353,730.5,731,91,20,Rectangle,9,class->block->function->block->block_content->decl_stmt->decl->type->name,
2,186,rectangle_java2.jpg,rectangle_java2.jpg,432760838,108,942.5125925925926,719.9207407407407,941.5,731,91,20,Rectangle,9,class->block->function->block->block_content->decl_stmt->decl->init->expr->call->name,
2,186,rectangle_java2.jpg,rectangle_java2.jpg,432860825,96,944.6466666666666,726.21375,941.5,731,91,20,Rectangle,9,class->block->function->block->block_content->decl_stmt->decl->init->expr->call->name,
2,186,rectangle_java2.jpg,rectangle_java2.jpg,433020805,132,995.0960606060606,732.1048484848485,941.5,731,91,20,Rectangle,9,class->block->function->block->block_content->decl_stmt->decl->init->expr->call->name,
2,186,rectangle_java2.jpg,rectangle_java2.jpg,433252807,148,1106.507027027027,726.2586486486487,1095.5,731,13,20,5,1,class->block->function->block->block_content->decl_stmt->decl->init->expr->call->argument_list->argument->expr->literal,
2,186,rectangle_java2.jpg,rectangle_java2.jpg,433252807,148,1106.507027027027,726.2586486486487,1115.5,731,10,20,"""","""",1,class->block->function->block->block_content->decl_stmt->decl->init->expr->call->argument_list
2,186,rectangle_java2.jpg,rectangle_java2.jpg,433320820,64,1113.41625,728.154375,1115.5,731,10,20,"""","""",1,class->block->function->block->block_content->decl_stmt->decl->init->expr->call->argument_list
2,186,rectangle_java2.jpg,rectangle_java2.jpg,433452838,92,1131.4695652173914,727.6760869565218,1134.5,731,22,20,10,2,class->block->function->block->block_content->decl_stmt->decl->init->expr->call->argument_list->argument->expr->literal,
2,186,rectangle_java2.jpg,rectangle_java2.jpg,433624838,168,1131.0161904761906,721.2559523809524,1134.5,731,22,20,10,2,class->block->function->block->block_content->decl_stmt->decl->init->expr->call->argument_list->argument->expr->literal,
2,186,rectangle_java2.jpg,rectangle_java2.jpg,433684860,56,1126.965,723.3814285714286,1134.5,731,22,20,10,2,class->block->function->block->block_content->decl_stmt->decl->init->expr->call->argument_list->argument->expr->literal,
2,186,rectangle_java2.jpg,rectangle_java2.jpg,433892872,168,1071.907380952381,730.4271428571428,1077.5,731,9,20,"""","""",1,class->block->function->block->block_content->decl_stmt->decl->init->expr->call->argument_list
2,186,rectangle_java2.jpg,rectangle_java2.jpg,434124668,148,1035.667027027027,734.3427027027027,1041.5,731,9,20,(,1,class->block->function->block->block_content->decl_stmt->decl->init->expr->call->argument_list,
2,186,rectangle_java2.jpg,rectangle_java2.jpg,434304582,152,972.8044736842104,736.5105263157894,941.5,731,91,20,Rectangle,9,class->block->function->block->block_content->decl_stmt->decl->init->expr->call->name,
2,186,rectangle_java2.jpg,rectangle_java2.jpg,434544668,236,966.2306779661016,734.6816949152543,941.5,731,91,20,Rectangle,9,class->block->function->block->block_content->decl_stmt->decl->init->expr->call->name,
2,186,rectangle_java2.jpg,rectangle_java2.jpg,434616675,56,914.03,738.8621428571429,902.5,731,34,20,new,3,class->block->function->block->block_content->decl_stmt->decl->init->expr->operator,
2,186,rectangle_java2.jpg,rectangle_java2.jpg,434748694,128,904.5975,729.9403125,902.5,731,34,20,new,3,class->block->function->block->block_content->decl_stmt->decl->init->expr->operator,
2,186,rectangle_java2.jpg,rectangle_java2.jpg,434884702,100,874.528,742.3648000000001,826.5,731,51,20,rect2,5,class->block->function->block->block_content->decl_stmt->decl->name,
2,186,rectangle_java2.jpg,rectangle_java2.jpg,434884702,100,874.528,742.3648000000001,883.5,731,15,20,=,1,class->block->function->block->block_content->decl_stmt->decl->init,
2,186,rectangle_java2.jpg,rectangle_java2.jpg,435052694,164,879.1629268292683,734.3160975609757,883.5,731,15,20,=,1,class->block->function->block->block_content->decl_stmt->decl->init,
2,186,rectangle_java2.jpg,rectangle_java2.jpg,435128701,72,864.7005555555555,746.325,826.5,731,51,20,rect2,5,class->block->function->block->block_content->decl_stmt->decl->name,
2,186,rectangle_java2.jpg,rectangle_java2.jpg,435216708,84,872.4171428571428,741.5833333333334,826.5,731,51,20,rect2,5,class->block->function->block->block_content->decl_stmt->decl->name,
2,186,rectangle_java2.jpg,rectangle_java2.jpg,435216708,84,872.4171428571428,741.5833333333334,883.5,731,15,20,=,1,class->block->function->block->block_content->decl_stmt->decl->init,
2,186,rectangle_java2.jpg,rectangle_java2.jpg,435340759,96,827.5175,727.0641666666667,826.5,731,51,20,rect2,5,class->block->function->block->block_content->decl_stmt->decl->name,
2,186,rectangle_java2.jpg,rectangle_java2.jpg,435420805,76,846.0226315789473,737.2257894736842,826.5,731,51,20,rect2,5,class->block->function->block->block_content->decl_stmt->decl->name,
2,186,rectangle_java2.jpg,rectangle_java2.jpg,435584768,76,877.0305263157894,636.54,851.5,621,44,21,main,4,class->block->function->name,
2,186,rectangle_java2.jpg,rectangle_java2.jpg,435712758,124,864.4064516129032,637.3925806451613,851.5,621,44,21,main,4,class->block->function->name,
2,186,rectangle_java2.jpg,rectangle_java2.jpg,435852772,84,947.5919047619047,658.6642857142857,941.5,658,91,20,Rectangle,9,class->block->function->block->block_content->decl_stmt->decl->init->expr->call->name,
2,186,rectangle_java2.jpg,rectangle_java2.jpg,435940800,84,956.6523809523808,663.8628571428571,941.5,658,91,20,Rectangle,9,class->block->function->block->block_content->decl_stmt->decl->init->expr->call->name,
2,186,rectangle_java2.jpg,rectangle_java2.jpg,436036808,76,1023.5147368421052,658.22,941.5,658,91,20,Rectangle,9,class->block->function->block->block_content->decl_stmt->decl->init->expr->call->name,
2,186,rectangle_java2.jpg,rectangle_java2.jpg,436213037,100,1132.3184,720.0352,1134.5,731,22,20,10,2,class->block->function->block->block_content->decl_stmt->decl->init->expr->call->argument_list->argument->expr->literal,
2,186,rectangle_java2.jpg,rectangle_java2.jpg,436464634,248,1129.586935483871,737.163064516129,1134.5,731,22,20,10,2,class->block->function->block->block_content->decl_stmt->decl->init->expr->call->argument_list->argument->expr->literal,
2,186,rectangle_java2.jpg,rectangle_java2.jpg,436676581,160,1161.02275,718.7755,1163.5,731,10,20,"""","""",1,class->block->function->block->block_content->decl_stmt->decl->init->expr->call->argument_list
2,186,rectangle_java2.jpg,rectangle_java2.jpg,436752572,56,1175.8614285714286,650.3592857142858,1182.5,658,22,20,10,2,class->block->function->block->block_content->decl_stmt->decl->init->expr->call->argument_list->argument->expr->literal,
2,186,rectangle_java2.jpg,rectangle_java2.jpg,436896565,140,1169.6085714285714,658.4102857142857,1163.5,658,10,20,"""","""",1,class->block->function->block->block_content->decl_stmt->decl->init->expr->call->argument_list
2,186,rectangle_java2.jpg,rectangle_java2.jpg,436956583,56,1177.7428571428572,667.3085714285714,1182.5,658,22,20,10,2,class->block->function->block->block_content->decl_stmt->decl->init->expr->call->argument_list->argument->expr->literal,
2,186,rectangle_java2.jpg,rectangle_java2.jpg,437260639,264,1106.8383333333334,729.8934848484848,1095.5,731,13,20,5,1,class->block->function->block->block_content->decl_stmt->decl->init->expr->call->argument_list->argument->expr->literal,
2,186,rectangle_java2.jpg,rectangle_java2.jpg,437260639,264,1106.8383333333334,729.8934848484848,1115.5,731,10,20,"""","""",1,class->block->function->block->block_content->decl_stmt->decl->init->expr->call->argument_list
2,186,rectangle_java2.jpg,rectangle_java2.jpg,437484577,148,828.7602702702703,768.1251351351351,730.5,766,177,21,System.out.println,18,class->block->function->block->block_content->expr_stmt->expr->call->name->name->operator->name->operator->name,
2,186,rectangle_java2.jpg,rectangle_java2.jpg,437576587,72,740.3238888888889,769.645,730.5,766,177,21,System.out.println,18,class->block->function->block->block_content->expr_stmt->expr->call->name->name->operator->name->operator->name,
2,186,rectangle_java2.jpg,rectangle_java2.jpg,437692596,112,741.3032142857143,769.1957142857143,730.5,766,177,21,System.out.println,18,class->block->function->block->block_content->expr_stmt->expr->call->name->name->operator->name->operator->name,
2,186,rectangle_java2.jpg,rectangle_java2.jpg,437908576,196,850.5848979591836,770.2597959183673,730.5,766,177,21,System.out.println,18,class->block->function->block->block_content->expr_stmt->expr->call->name->name->operator->name->operator->name,
2,186,rectangle_java2.jpg,rectangle_java2.jpg,438144250,224,965.7775,769.2696428571429,932.5,766,100,21,rect2.area,10,class->block->function->block->block_content->expr_stmt->expr->call->argument_list->argument->expr->call->name->name->operator->name,
2,186,rectangle_java2.jpg,rectangle_java2.jpg,438380151,164,1012.3531707317072,762.660243902439,932.5,766,100,21,rect2.area,10,class->block->function->block->block_content->expr_stmt->expr->call->argument_list->argument->expr->call->name->name->operator->name,
2,186,rectangle_java2.jpg,rectangle_java2.jpg,438448264,64,1018.765,762.99375,932.5,766,100,21,rect2.area,10,class->block->function->block->block_content->expr_stmt->expr->call->argument_list->argument->expr->call->name->name->operator->name,
2,186,rectangle_java2.jpg,rectangle_java2.jpg,438720471,196,991.3036734693876,561.9044897959184,968.5,549,70,21,this.y2,7,class->block->function->block->block_content->return->expr->name->name->operator->name,
2,186,rectangle_java2.jpg,rectangle_java2.jpg,439884446,124,789.6754838709677,289.76129032258063,737.5,295,91,21,Rectangle,9,class->block->constructor->name,
2,186,rectangle_java2.jpg,rectangle_java2.jpg,440012346,88,814.8977272727273,275.46272727272725,815.5,259,10,21,"""","""",1,class->block->decl_stmt
2,186,rectangle_java2.jpg,rectangle_java2.jpg,440112336,80,744.5575,260.0155,747.5,259,33,21,int,3,class->block->decl_stmt->decl->type->name,
2,186,rectangle_java2.jpg,rectangle_java2.jpg,440280381,164,745.6251219512195,277.3848780487805,747.5,259,33,21,int,3,class->block->decl_stmt->decl->type->name,
2,186,rectangle_java2.jpg,rectangle_java2.jpg,440428499,144,766.3625,277.68583333333333,747.5,259,33,21,int,3,class->block->decl_stmt->decl->type->name,
2,186,rectangle_java2.jpg,rectangle_java2.jpg,440536441,80,802.9575,293.645,737.5,295,91,21,Rectangle,9,class->block->constructor->name,
2,186,rectangle_java2.jpg,rectangle_java2.jpg,440652382,112,796.2532142857143,285.44714285714286,737.5,295,91,21,Rectangle,9,class->block->constructor->name,
2,186,rectangle_java2.jpg,rectangle_java2.jpg,440904351,204,786.953137254902,234.9049019607843,715.5,222,90,21,Rectangle,9,class->name,
2,186,rectangle_java2.jpg,rectangle_java2.jpg,441044351,84,788.7642857142857,212.13952380952375,715.5,222,90,21,Rectangle,9,class->name,
2,186,rectangle_java2.jpg,rectangle_java2.jpg,441104355,56,804.7407142857143,215.43071428571432,715.5,222,90,21,Rectangle,9,class->name,
2,186,rectangle_java2.jpg,rectangle_java2.jpg,441104355,56,804.7407142857143,215.43071428571432,813.5,222,10,21,{,1,class->block,
2,186,rectangle_java2.jpg,rectangle_java2.jpg,441168360,60,796.5013333333334,227.16466666666668,715.5,222,90,21,Rectangle,9,class->name,
2,186,rectangle_java2.jpg,rectangle_java2.jpg,441368368,160,745.49275,211.81,715.5,222,90,21,Rectangle,9,class->name,
2,186,rectangle_java2.jpg,rectangle_java2.jpg,441580308,168,710.4871428571429,221.51,715.5,222,90,21,Rectangle,9,class->name,
2,186,rectangle_java2.jpg,rectangle_java2.jpg,442476251,128,1071.1265625,512.3115625,1054.5,512,71,21,this.x1,7,class->block->function->block->block_content->return->expr->name->name->operator->name,
2,186,rectangle_java2.jpg,rectangle_java2.jpg,443680073,152,1030.6363157894737,558.1944736842105,968.5,549,70,21,this.y2,7,class->block->function->block->block_content->return->expr->name->name->operator->name,
2,186,rectangle_java2.jpg,rectangle_java2.jpg,443964019,280,1024.8912857142857,551.187,968.5,549,70,21,this.y2,7,class->block->function->block->block_content->return->expr->name->name->operator->name,
2,186,rectangle_java2.jpg,rectangle_java2.jpg,444040070,72,1020.7672222222222,555.8894444444445,968.5,549,70,21,this.y2,7,class->block->function->block->block_content->return->expr->name->name->operator->name,
2,186,rectangle_java2.jpg,rectangle_java2.jpg,444276074,96,1013.4175,499.7583333333333,958.5,512,71,21,this.x2,7,class->block->function->block->block_content->return->expr->name->name->operator->name->operator,
2,186,rectangle_java2.jpg,rectangle_java2.jpg,446456013,64,1117.226875,527.935625,1054.5,512,71,21,this.x1,7,class->block->function->block->block_content->return->expr->name->name->operator->name,
2,186,rectangle_java2.jpg,rectangle_java2.jpg,446696001,156,1010.7764102564104,503.0497435897436,958.5,512,71,21,this.x2,7,class->block->function->block->block_content->return->expr->name->name->operator->name->operator,
2,186,rectangle_java2.jpg,rectangle_java2.jpg,446927912,228,1009.622807017544,502.3607017543859,958.5,512,71,21,this.x2,7,class->block->function->block->block_content->return->expr->name->name->operator->name->operator,
2,186,rectangle_java2.jpg,rectangle_java2.jpg,447123944,64,1043.564375,512.81875,1035.5,512,13,21,-,1,class->block->function->block->block_content->return->expr->name->name,
2,186,rectangle_java2.jpg,rectangle_java2.jpg,447123944,64,1043.564375,512.81875,1054.5,512,71,21,this.x1,7,class->block->function->block->block_content->return->expr->name->name->operator->name,
2,186,rectangle_java2.jpg,rectangle_java2.jpg,447407981,184,1055.1621739130435,511.5152173913043,1054.5,512,71,21,this.x1,7,class->block->function->block->block_content->return->expr->name->name->operator->name,
2,186,rectangle_java2.jpg,rectangle_java2.jpg,447491977,80,1049.3765,510.4290000000001,1054.5,512,71,21,this.x1,7,class->block->function->block->block_content->return->expr->name->name->operator->name,
2,186,rectangle_java2.jpg,rectangle_java2.jpg,447611910,60,1126.5373333333334,501.8753333333334,1132.5,512,10,21,;,1,class->block->function->block,
2,186,rectangle_java2.jpg,rectangle_java2.jpg,447731840,116,1125.1772413793103,513.7113793103448,1054.5,512,71,21,this.x1,7,class->block->function->block->block_content->return->expr->name->name->operator->name,
2,186,rectangle_java2.jpg,rectangle_java2.jpg,447731840,116,1125.1772413793103,513.7113793103448,1132.5,512,10,21,;,1,class->block->function->block,
2,186,rectangle_java2.jpg,rectangle_java2.jpg,447823823,88,1123.3904545454543,508.79090909090905,1054.5,512,71,21,this.x1,7,class->block->function->block->block_content->return->expr->name->name->operator->name,
2,186,rectangle_java2.jpg,rectangle_java2.jpg,447823823,88,1123.3904545454543,508.79090909090905,1132.5,512,10,21,;,1,class->block->function->block,
2,186,rectangle_java2.jpg,rectangle_java2.jpg,448099863,212,1099.7422641509434,623.6109433962264,1094.5,621,10,21,{,1,class->block->function->block,
2,186,rectangle_java2.jpg,rectangle_java2.jpg,448211847,88,1091.6063636363635,706.5663636363637,1096.5,694,10,21,;,1,class->block->function->block->block_content->expr_stmt,
2,186,rectangle_java2.jpg,rectangle_java2.jpg,448571808,176,1111.5422727272728,733.2386363636364,1115.5,731,10,20,"""","""",1,class->block->function->block->block_content->decl_stmt->decl->init->expr->call->argument_list
2,186,rectangle_java2.jpg,rectangle_java2.jpg,448707839,104,1111.5696153846154,648.4769230769231,1115.5,658,10,20,"""","""",1,class->block->function->block->block_content->decl_stmt->decl->init->expr->call->argument_list
2,186,rectangle_java2.jpg,rectangle_java2.jpg,448787974,76,1108.9221052631578,658.6,1115.5,658,10,20,"""","""",1,class->block->function->block->block_content->decl_stmt->decl->init->expr->call->argument_list
2,186,rectangle_java2.jpg,rectangle_java2.jpg,448876108,84,1105.0657142857142,664.1080952380952,1095.5,658,13,20,0,1,class->block->function->block->block_content->decl_stmt->decl->init->expr->call->argument_list->argument->expr->literal,
2,186,rectangle_java2.jpg,rectangle_java2.jpg,448876108,84,1105.0657142857142,664.1080952380952,1115.5,658,10,20,"""","""",1,class->block->function->block->block_content->decl_stmt->decl->init->expr->call->argument_list
2,186,rectangle_java2.jpg,rectangle_java2.jpg,449159842,232,1081.4527586206896,548.5974137931034,1064.5,549,71,21,this.y1,7,class->block->function->block->block_content->return->expr->name->name->operator->name,
2,186,rectangle_java2.jpg,rectangle_java2.jpg,449491713,116,1158.5472413793104,658.3865517241379,1163.5,658,10,20,"""","""",1,class->block->function->block->block_content->decl_stmt->decl->init->expr->call->argument_list
2,186,rectangle_java2.jpg,rectangle_java2.jpg,449563669,68,1157.388823529412,662.7870588235294,1163.5,658,10,20,"""","""",1,class->block->function->block->block_content->decl_stmt->decl->init->expr->call->argument_list
2,186,rectangle_java2.jpg,rectangle_java2.jpg,449803705,88,923.5772727272728,712.1195454545455,916.5,694,9,21,(,1,class->block->function->block->block_content->expr_stmt->expr->call->argument_list,
2,186,rectangle_java2.jpg,rectangle_java2.jpg,449803705,88,923.5772727272728,712.1195454545455,932.5,694,100,21,rect1.area,10,class->block->function->block->block_content->expr_stmt->expr->call->argument_list->argument->expr->call->name->name->operator->name,
2,186,rectangle_java2.jpg,rectangle_java2.jpg,449995770,124,1110.4103225806452,656.9387096774193,1115.5,658,10,20,"""","""",1,class->block->function->block->block_content->decl_stmt->decl->init->expr->call->argument_list
2,186,rectangle_java2.jpg,rectangle_java2.jpg,450095755,96,1100.1579166666666,645.575,1095.5,658,13,20,0,1,class->block->function->block->block_content->decl_stmt->decl->init->expr->call->argument_list->argument->expr->literal,
2,186,rectangle_java2.jpg,rectangle_java2.jpg,450267724,116,1099.626896551724,651.5837931034483,1095.5,658,13,20,0,1,class->block->function->block->block_content->decl_stmt->decl->init->expr->call->argument_list->argument->expr->literal,
2,186,rectangle_java2.jpg,rectangle_java2.jpg,450711776,152,899.6073684210527,765.7734210526315,730.5,766,177,21,System.out.println,18,class->block->function->block->block_content->expr_stmt->expr->call->name->name->operator->name->operator->name,
2,186,rectangle_java2.jpg,rectangle_java2.jpg,451055678,104,721.7153846153847,333.48269230769233,730.5,331,71,19,this.x1,7,class->block->constructor->block->block_content->expr_stmt->expr->name->name->operator->name,
2,186,rectangle_java2.jpg,rectangle_java2.jpg,452495552,120,1056.43,591.2903333333334,977.5,585,101,21,this.width,10,class->block->function->block->block_content->return->expr->call->name->name->operator->name,
2,186,rectangle_java2.jpg,rectangle_java2.jpg,452659561,104,1037.8834615384617,590.4519230769231,977.5,585,101,21,this.width,10,class->block->function->block->block_content->return->expr->call->name->name->operator->name,
2,186,rectangle_java2.jpg,rectangle_java2.jpg,452811562,88,1109.6972727272728,655.2904545454545,1115.5,658,10,20,"""","""",1,class->block->function->block->block_content->decl_stmt->decl->init->expr->call->argument_list
2,186,rectangle_java2.jpg,rectangle_java2.jpg,452931568,116,1113.7889655172414,675.2951724137931,1115.5,658,10,20,"""","""",1,class->block->function->block->block_content->decl_stmt->decl->init->expr->call->argument_list
2,186,rectangle_java2.jpg,rectangle_java2.jpg,453087422,152,1123.8305263157897,677.7573684210527,1115.5,658,10,20,"""","""",1,class->block->function->block->block_content->decl_stmt->decl->init->expr->call->argument_list
2,186,rectangle_java2.jpg,rectangle_java2.jpg,453087422,152,1123.8305263157897,677.7573684210527,1134.5,658,22,20,10,2,class->block->function->block->block_content->decl_stmt->decl->init->expr->call->argument_list->argument->expr->literal,
2,186,rectangle_java2.jpg,rectangle_java2.jpg,453427474,296,1091.1887837837835,737.0441891891892,1095.5,731,13,20,5,1,class->block->function->block->block_content->decl_stmt->decl->init->expr->call->argument_list->argument->expr->literal,
