trial,participant,code_file,code_language,timestamp,duration,x_cord,y_cord,aoi_x,aoi_y,aoi_width,aoi_height,token,length,srcML,
2,180,rectangle_java2.jpg,rectangle_java2.jpg,5021858596,104,788.15,282.9357692307692,737.5,295,91,21,Rectangle,9,class->block->constructor->name,
2,180,rectangle_java2.jpg,rectangle_java2.jpg,5022078932,176,770.5031818181818,264.5731818181818,747.5,259,33,21,int,3,class->block->decl_stmt->decl->type->name,
2,180,rectangle_java2.jpg,rectangle_java2.jpg,5022258881,156,832.3361538461538,258.9025641025641,833.5,259,23,21,y1,2,class->block->decl_stmt->decl->name,
2,180,rectangle_java2.jpg,rectangle_java2.jpg,5022338902,76,836.0947368421052,260.39,833.5,259,23,21,y1,2,class->block->decl_stmt->decl->name,
2,180,rectangle_java2.jpg,rectangle_java2.jpg,5022398919,56,834.4621428571428,267.815,833.5,259,23,21,y1,2,class->block->decl_stmt->decl->name,
2,180,rectangle_java2.jpg,rectangle_java2.jpg,5022746958,124,928.5467741935483,267.4051612903225,929.5,259,23,21,y2,2,class->block->decl_stmt->decl->name,
2,180,rectangle_java2.jpg,rectangle_java2.jpg,5023326912,200,813.6052,304.0974,737.5,295,91,21,Rectangle,9,class->block->constructor->name,
2,180,rectangle_java2.jpg,rectangle_java2.jpg,5023510837,132,862.7421212121212,290.3151515151515,853.5,295,32,21,int,3,class->block->constructor->parameter_list->parameter->decl->type->name,
2,180,rectangle_java2.jpg,rectangle_java2.jpg,5023586706,72,868.0288888888889,286.96222222222224,853.5,295,32,21,int,3,class->block->constructor->parameter_list->parameter->decl->type->name,
2,180,rectangle_java2.jpg,rectangle_java2.jpg,5023706673,96,817.0175,315.79791666666665,737.5,295,91,21,Rectangle,9,class->block->constructor->name,
2,180,rectangle_java2.jpg,rectangle_java2.jpg,5023854799,92,818.4078260869566,330.4630434782609,806.5,331,15,19,=,1,class->block->constructor->block->block_content->expr_stmt->expr->operator,
2,180,rectangle_java2.jpg,rectangle_java2.jpg,5023854799,92,818.4078260869566,330.4630434782609,826.5,331,23,19,x1,2,class->block->constructor->block->block_content->expr_stmt->expr->name->name,
2,180,rectangle_java2.jpg,rectangle_java2.jpg,5023918632,60,824.8293333333334,321.052,826.5,331,23,19,x1,2,class->block->constructor->block->block_content->expr_stmt->expr->name->name,
2,180,rectangle_java2.jpg,rectangle_java2.jpg,5023990440,68,825.7182352941177,331.67117647058825,826.5,331,23,19,x1,2,class->block->constructor->block->block_content->expr_stmt->expr->name->name,
2,180,rectangle_java2.jpg,rectangle_java2.jpg,5024651136,128,820.851875,348.3278125,806.5,331,15,19,=,1,class->block->constructor->block->block_content->expr_stmt->expr->operator,
2,180,rectangle_java2.jpg,rectangle_java2.jpg,5024651136,128,820.851875,348.3278125,826.5,331,23,19,x1,2,class->block->constructor->block->block_content->expr_stmt->expr->name->name,
2,180,rectangle_java2.jpg,rectangle_java2.jpg,5024822853,120,858.5696666666666,344.171,856.5,331,10,19,;,1,class->block->constructor->block->block_content->expr_stmt,
2,180,rectangle_java2.jpg,rectangle_java2.jpg,5024902798,76,856.3484210526316,334.2915789473684,856.5,331,10,19,;,1,class->block->constructor->block->block_content->expr_stmt,
2,180,rectangle_java2.jpg,rectangle_java2.jpg,5025038817,92,859.9647826086956,378.52434782608697,856.5,367,10,21,;,1,class->block->constructor->block->block_content->expr_stmt,
2,180,rectangle_java2.jpg,rectangle_java2.jpg,5025874704,84,814.6404761904762,399.4633333333333,806.5,404,15,19,=,1,class->block->constructor->block->block_content->expr_stmt->expr->operator,
2,180,rectangle_java2.jpg,rectangle_java2.jpg,5025874704,84,814.6404761904762,399.4633333333333,826.5,404,23,19,x2,2,class->block->constructor->block->block_content->expr_stmt->expr->name->name,
2,180,rectangle_java2.jpg,rectangle_java2.jpg,5028130665,64,983.381875,501.288125,958.5,512,71,21,this.x2,7,class->block->function->block->block_content->return->expr->name->name->operator->name->operator,
2,180,rectangle_java2.jpg,rectangle_java2.jpg,5028426557,56,830.6578571428571,511.44142857142856,837.5,512,9,21,(,1,class->block->function->parameter_list,
2,180,rectangle_java2.jpg,rectangle_java2.jpg,5028574555,68,821.6864705882354,531.2835294117647,775.5,512,53,21,width,5,class->block->function->name,
2,180,rectangle_java2.jpg,rectangle_java2.jpg,5028870593,260,784.8032307692307,514.2073846153846,775.5,512,53,21,width,5,class->block->function->name,
2,180,rectangle_java2.jpg,rectangle_java2.jpg,5029034617,120,895.4843333333333,518.6543333333333,891.5,512,62,21,return,6,class->block->function->block->block_content->return->expr->name->name,
2,180,rectangle_java2.jpg,rectangle_java2.jpg,5029954451,136,880.5023529411765,524.7764705882353,874.5,512,10,21,{,1,class->block->function->block,
2,180,rectangle_java2.jpg,rectangle_java2.jpg,5029954451,136,880.5023529411765,524.7764705882353,891.5,512,62,21,return,6,class->block->function->block->block_content->return->expr->name->name,
2,180,rectangle_java2.jpg,rectangle_java2.jpg,5030118431,108,847.07,521.8648148148148,854.5,512,9,21,),1,class->block->function->parameter_list,
2,180,rectangle_java2.jpg,rectangle_java2.jpg,5030290418,144,796.8638888888889,523.9713888888889,775.5,512,53,21,width,5,class->block->function->name,
2,180,rectangle_java2.jpg,rectangle_java2.jpg,5030638431,104,851.4330769230769,505.38461538461536,854.5,512,9,21,),1,class->block->function->parameter_list,
2,180,rectangle_java2.jpg,rectangle_java2.jpg,5030750453,80,899.0455,509.771,891.5,512,62,21,return,6,class->block->function->block->block_content->return->expr->name->name,
2,180,rectangle_java2.jpg,rectangle_java2.jpg,5030890436,136,899.8526470588235,521.7958823529411,891.5,512,62,21,return,6,class->block->function->block->block_content->return->expr->name->name,
2,180,rectangle_java2.jpg,rectangle_java2.jpg,5031118271,160,953.5435,530.16075,958.5,512,71,21,this.x2,7,class->block->function->block->block_content->return->expr->name->name->operator->name->operator,
2,180,rectangle_java2.jpg,rectangle_java2.jpg,5031234195,56,1035.9192857142857,523.8421428571429,1035.5,512,13,21,-,1,class->block->function->block->block_content->return->expr->name->name,
2,180,rectangle_java2.jpg,rectangle_java2.jpg,5031398269,160,1044.91725,517.6425,1035.5,512,13,21,-,1,class->block->function->block->block_content->return->expr->name->name,
2,180,rectangle_java2.jpg,rectangle_java2.jpg,5031398269,160,1044.91725,517.6425,1054.5,512,71,21,this.x1,7,class->block->function->block->block_content->return->expr->name->name->operator->name,
2,180,rectangle_java2.jpg,rectangle_java2.jpg,5031470297,68,1035.264705882353,529.3464705882353,1035.5,512,13,21,-,1,class->block->function->block->block_content->return->expr->name->name,
2,180,rectangle_java2.jpg,rectangle_java2.jpg,5031606284,132,1016.3151515151516,528.4487878787878,958.5,512,71,21,this.x2,7,class->block->function->block->block_content->return->expr->name->name->operator->name->operator,
2,180,rectangle_java2.jpg,rectangle_java2.jpg,5031750280,140,1025.6894285714286,518.6937142857142,958.5,512,71,21,this.x2,7,class->block->function->block->block_content->return->expr->name->name->operator->name->operator,
2,180,rectangle_java2.jpg,rectangle_java2.jpg,5031750280,140,1025.6894285714286,518.6937142857142,1035.5,512,13,21,-,1,class->block->function->block->block_content->return->expr->name->name,
2,180,rectangle_java2.jpg,rectangle_java2.jpg,5031894078,140,1028.1525714285715,526.028,958.5,512,71,21,this.x2,7,class->block->function->block->block_content->return->expr->name->name->operator->name->operator,
2,180,rectangle_java2.jpg,rectangle_java2.jpg,5031894078,140,1028.1525714285715,526.028,1035.5,512,13,21,-,1,class->block->function->block->block_content->return->expr->name->name,
2,180,rectangle_java2.jpg,rectangle_java2.jpg,5032094039,140,1046.8842857142856,527.246,1035.5,512,13,21,-,1,class->block->function->block->block_content->return->expr->name->name,
2,180,rectangle_java2.jpg,rectangle_java2.jpg,5032094039,140,1046.8842857142856,527.246,1054.5,512,71,21,this.x1,7,class->block->function->block->block_content->return->expr->name->name->operator->name,
2,180,rectangle_java2.jpg,rectangle_java2.jpg,5032282277,112,1129.6675,520.1403571428572,1132.5,512,10,21,;,1,class->block->function->block,
2,180,rectangle_java2.jpg,rectangle_java2.jpg,5032366274,80,1128.006,503.53600000000006,1132.5,512,10,21,;,1,class->block->function->block,
2,180,rectangle_java2.jpg,rectangle_java2.jpg,5032782251,172,1106.5981395348838,504.1655813953489,1054.5,512,71,21,this.x1,7,class->block->function->block->block_content->return->expr->name->name->operator->name,
2,180,rectangle_java2.jpg,rectangle_java2.jpg,5033498179,84,777.2466666666667,519.7680952380953,775.5,512,53,21,width,5,class->block->function->name,
2,180,rectangle_java2.jpg,rectangle_java2.jpg,5033890168,76,1132.645789473684,518.8031578947368,1132.5,512,10,21,;,1,class->block->function->block,
2,180,rectangle_java2.jpg,rectangle_java2.jpg,5034442166,164,1095.604146341463,525.2404878048781,1054.5,512,71,21,this.x1,7,class->block->function->block->block_content->return->expr->name->name->operator->name,
2,180,rectangle_java2.jpg,rectangle_java2.jpg,5034994105,184,854.1265217391305,515.3686956521739,854.5,512,9,21,),1,class->block->function->parameter_list,
2,180,rectangle_java2.jpg,rectangle_java2.jpg,5035230078,188,1143.8851063829786,517.2051063829787,1152.5,512,10,21,},1,class->block,
2,180,rectangle_java2.jpg,rectangle_java2.jpg,5035722038,144,1120.4688888888888,520.9044444444445,1054.5,512,71,21,this.x1,7,class->block->function->block->block_content->return->expr->name->name->operator->name,
2,180,rectangle_java2.jpg,rectangle_java2.jpg,5035722038,144,1120.4688888888888,520.9044444444445,1132.5,512,10,21,;,1,class->block->function->block,
2,180,rectangle_java2.jpg,rectangle_java2.jpg,5035786011,60,1116.916,530.188,1054.5,512,71,21,this.x1,7,class->block->function->block->block_content->return->expr->name->name->operator->name,
2,180,rectangle_java2.jpg,rectangle_java2.jpg,5035921986,104,1151.3346153846153,521.4676923076923,1152.5,512,10,21,},1,class->block,
2,180,rectangle_java2.jpg,rectangle_java2.jpg,5036021998,96,1162.1475,524.3545833333334,1152.5,512,10,21,},1,class->block,
2,180,rectangle_java2.jpg,rectangle_java2.jpg,5036150049,64,911.723125,514.676875,891.5,512,62,21,return,6,class->block->function->block->block_content->return->expr->name->name,
2,180,rectangle_java2.jpg,rectangle_java2.jpg,5036230098,76,907.8784210526316,521.5973684210526,891.5,512,62,21,return,6,class->block->function->block->block_content->return->expr->name->name,
2,180,rectangle_java2.jpg,rectangle_java2.jpg,5036298109,64,875.134375,520.5131250000001,874.5,512,10,21,{,1,class->block->function->block,
2,180,rectangle_java2.jpg,rectangle_java2.jpg,5036378089,76,873.6805263157895,522.38,874.5,512,10,21,{,1,class->block->function->block,
2,180,rectangle_java2.jpg,rectangle_java2.jpg,5036478068,96,870.12875,547.17875,863.5,549,9,21,),1,class->block->function->parameter_list,
2,180,rectangle_java2.jpg,rectangle_java2.jpg,5036646123,164,876.5109756097561,561.7239024390244,883.5,549,10,21,{,1,class->block->function->block,
2,180,rectangle_java2.jpg,rectangle_java2.jpg,5036877806,172,854.5044186046512,636.796976744186,851.5,621,44,21,main,4,class->block->function->name,
2,180,rectangle_java2.jpg,rectangle_java2.jpg,5037013901,100,819.416,627.7436,804.5,621,44,21,void,4,class->block->function->type->name,
2,180,rectangle_java2.jpg,rectangle_java2.jpg,5037109929,56,901.6492857142856,659.8071428571428,902.5,658,34,20,new,3,class->block->function->block->block_content->decl_stmt->decl->init->expr->operator,
2,180,rectangle_java2.jpg,rectangle_java2.jpg,5037217906,104,911.5096153846154,646.7784615384616,902.5,658,34,20,new,3,class->block->function->block->block_content->decl_stmt->decl->init->expr->operator,
2,180,rectangle_java2.jpg,rectangle_java2.jpg,5037281897,60,897.5333333333333,648.9526666666667,883.5,658,15,20,=,1,class->block->function->block->block_content->decl_stmt->decl->init,
2,180,rectangle_java2.jpg,rectangle_java2.jpg,5037281897,60,897.5333333333333,648.9526666666667,902.5,658,34,20,new,3,class->block->function->block->block_content->decl_stmt->decl->init->expr->operator,
2,180,rectangle_java2.jpg,rectangle_java2.jpg,5037501940,80,1048.125,647.1525,1041.5,658,9,20,(,1,class->block->function->block->block_content->decl_stmt->decl->init->expr->call->argument_list,
2,180,rectangle_java2.jpg,rectangle_java2.jpg,5037501940,80,1048.125,647.1525,1057.5,658,13,20,0,1,class->block->function->block->block_content->decl_stmt->decl->init->expr->call->argument_list->argument->expr->literal,
2,180,rectangle_java2.jpg,rectangle_java2.jpg,5039009770,108,863.5270370370371,624.9859259259259,851.5,621,44,21,main,4,class->block->function->name,
2,180,rectangle_java2.jpg,rectangle_java2.jpg,5039305757,108,1038.1692592592592,635.4674074074074,1025.5,621,42,21,args,4,class->block->function->parameter_list->parameter->decl->name,
2,180,rectangle_java2.jpg,rectangle_java2.jpg,5039393711,84,1021.4733333333334,650.9876190476191,941.5,658,91,20,Rectangle,9,class->block->function->block->block_content->decl_stmt->decl->init->expr->call->name,
2,180,rectangle_java2.jpg,rectangle_java2.jpg,5039541633,56,894.87,622.7328571428571,851.5,621,44,21,main,4,class->block->function->name,
2,180,rectangle_java2.jpg,rectangle_java2.jpg,5039541633,56,894.87,622.7328571428571,904.5,621,9,21,(,1,class->block->function->parameter_list,
2,180,rectangle_java2.jpg,rectangle_java2.jpg,5039629662,84,882.0852380952381,615.842380952381,851.5,621,44,21,main,4,class->block->function->name,
2,180,rectangle_java2.jpg,rectangle_java2.jpg,5039729688,76,824.4963157894737,595.1631578947369,804.5,585,43,21,area,4,class->block->function->name,
2,180,rectangle_java2.jpg,rectangle_java2.jpg,5039857786,124,826.0209677419355,611.9909677419355,804.5,621,44,21,void,4,class->block->function->type->name,
2,180,rectangle_java2.jpg,rectangle_java2.jpg,5039953812,92,814.6617391304347,598.6482608695652,804.5,585,43,21,area,4,class->block->function->name,
2,180,rectangle_java2.jpg,rectangle_java2.jpg,5040157797,164,858.959268292683,706.1551219512195,730.5,694,177,21,System.out.println,18,class->block->function->block->block_content->expr_stmt->expr->call->name->name->operator->name->operator->name,
2,180,rectangle_java2.jpg,rectangle_java2.jpg,5040217776,56,834.5542857142857,712.4964285714286,730.5,694,177,21,System.out.println,18,class->block->function->block->block_content->expr_stmt->expr->call->name->name->operator->name->operator->name,
2,180,rectangle_java2.jpg,rectangle_java2.jpg,5040333762,56,826.9207142857143,730.8,826.5,731,51,20,rect2,5,class->block->function->block->block_content->decl_stmt->decl->name,
2,180,rectangle_java2.jpg,rectangle_java2.jpg,5040565541,196,940.8663265306122,734.3604081632653,941.5,731,91,20,Rectangle,9,class->block->function->block->block_content->decl_stmt->decl->init->expr->call->name,
2,180,rectangle_java2.jpg,rectangle_java2.jpg,5040853659,264,888.9118181818181,731.4580303030303,883.5,731,15,20,=,1,class->block->function->block->block_content->decl_stmt->decl->init,
2,180,rectangle_java2.jpg,rectangle_java2.jpg,5041109643,92,865.9730434782608,725.2852173913044,826.5,731,51,20,rect2,5,class->block->function->block->block_content->decl_stmt->decl->name,
2,180,rectangle_java2.jpg,rectangle_java2.jpg,5045357433,72,857.86,339.53777777777776,856.5,331,10,19,;,1,class->block->constructor->block->block_content->expr_stmt,
2,180,rectangle_java2.jpg,rectangle_java2.jpg,5045933133,152,819.7007894736843,290.4213157894737,737.5,295,91,21,Rectangle,9,class->block->constructor->name,
2,180,rectangle_java2.jpg,rectangle_java2.jpg,5046109243,144,843.7916666666666,328.9986111111112,826.5,331,23,19,x1,2,class->block->constructor->block->block_content->expr_stmt->expr->name->name,
2,180,rectangle_java2.jpg,rectangle_java2.jpg,5046269055,116,851.1344827586207,301.0793103448276,853.5,295,32,21,int,3,class->block->constructor->parameter_list->parameter->decl->type->name,
2,180,rectangle_java2.jpg,rectangle_java2.jpg,5046533211,232,857.1841379310345,407.6822413793104,856.5,404,10,19,;,1,class->block->constructor->block->block_content->expr_stmt,
2,180,rectangle_java2.jpg,rectangle_java2.jpg,5046853269,152,801.2163157894737,267.95,785.5,259,23,21,x1,2,class->block->decl_stmt->decl->name,
2,180,rectangle_java2.jpg,rectangle_java2.jpg,5047137300,112,913.9496428571427,248.58000000000004,911.5,259,10,21,"""","""",1,class->block->decl_stmt
2,180,rectangle_java2.jpg,rectangle_java2.jpg,5047309313,168,900.4569047619048,252.72238095238092,881.5,259,23,21,x2,2,class->block->decl_stmt->decl->name,
2,180,rectangle_java2.jpg,rectangle_java2.jpg,5047309313,168,900.4569047619048,252.72238095238092,911.5,259,10,21,"""","""",1,class->block->decl_stmt
2,180,rectangle_java2.jpg,rectangle_java2.jpg,5048269097,120,952.2963333333332,544.5873333333333,900.5,549,63,21,return,6,class->block->function->block->block_content->return,
2,180,rectangle_java2.jpg,rectangle_java2.jpg,5050541000,100,929.2652,524.0676,891.5,512,62,21,return,6,class->block->function->block->block_content->return->expr->name->name,
2,180,rectangle_java2.jpg,rectangle_java2.jpg,5050709084,148,868.9097297297297,532.7445945945946,874.5,512,10,21,{,1,class->block->function->block,
2,180,rectangle_java2.jpg,rectangle_java2.jpg,5050869059,112,1007.8057142857144,517.0246428571429,958.5,512,71,21,this.x2,7,class->block->function->block->block_content->return->expr->name->name->operator->name->operator,
2,180,rectangle_java2.jpg,rectangle_java2.jpg,5050953052,80,998.009,542.675,968.5,549,70,21,this.y2,7,class->block->function->block->block_content->return->expr->name->name->operator->name,
2,180,rectangle_java2.jpg,rectangle_java2.jpg,5051109016,124,1025.784193548387,518.6654838709677,958.5,512,71,21,this.x2,7,class->block->function->block->block_content->return->expr->name->name->operator->name->operator,
2,180,rectangle_java2.jpg,rectangle_java2.jpg,5051109016,124,1025.784193548387,518.6654838709677,1035.5,512,13,21,-,1,class->block->function->block->block_content->return->expr->name->name,
2,180,rectangle_java2.jpg,rectangle_java2.jpg,5051336990,196,891.2448979591836,538.379387755102,883.5,549,10,21,{,1,class->block->function->block,
2,180,rectangle_java2.jpg,rectangle_java2.jpg,5051336990,196,891.2448979591836,538.379387755102,900.5,549,63,21,return,6,class->block->function->block->block_content->return,
2,180,rectangle_java2.jpg,rectangle_java2.jpg,5051588887,180,939.8873333333332,530.44,891.5,512,62,21,return,6,class->block->function->block->block_content->return->expr->name->name,
2,180,rectangle_java2.jpg,rectangle_java2.jpg,5051648914,56,940.0457142857144,541.0464285714286,900.5,549,63,21,return,6,class->block->function->block->block_content->return,
2,180,rectangle_java2.jpg,rectangle_java2.jpg,5051816974,108,1011.784074074074,522.0355555555556,958.5,512,71,21,this.x2,7,class->block->function->block->block_content->return->expr->name->name->operator->name->operator,
2,180,rectangle_java2.jpg,rectangle_java2.jpg,5052916862,184,1105.100652173913,557.7367391304348,1064.5,549,71,21,this.y1,7,class->block->function->block->block_content->return->expr->name->name->operator->name,
2,180,rectangle_java2.jpg,rectangle_java2.jpg,5053104836,152,1085.7773684210526,536.9284210526316,1064.5,549,71,21,this.y1,7,class->block->function->block->block_content->return->expr->name->name->operator->name,
2,180,rectangle_java2.jpg,rectangle_java2.jpg,5053244837,104,1140.4242307692307,528.675,1132.5,512,10,21,;,1,class->block->function->block,
2,180,rectangle_java2.jpg,rectangle_java2.jpg,5053244837,104,1140.4242307692307,528.675,1152.5,512,10,21,},1,class->block,
2,180,rectangle_java2.jpg,rectangle_java2.jpg,5053940602,88,789.1313636363636,398.2309090909091,730.5,404,71,19,this.x2,7,class->block->constructor->block->block_content->expr_stmt->expr->name->name->operator->name,
2,180,rectangle_java2.jpg,rectangle_java2.jpg,5054016665,72,789.5411111111111,378.60333333333335,730.5,367,71,21,this.y1,7,class->block->constructor->block->block_content->expr_stmt->expr->name->name->operator->name,
2,180,rectangle_java2.jpg,rectangle_java2.jpg,5054672666,224,1139.7941071428572,541.1492857142857,1142.5,549,10,21,;,1,class->block->function->block->block_content->return,
2,180,rectangle_java2.jpg,rectangle_java2.jpg,5054832733,156,1134.8951282051282,524.6,1132.5,512,10,21,;,1,class->block->function->block,
2,180,rectangle_java2.jpg,rectangle_java2.jpg,5054972773,136,1129.0558823529411,540.5929411764706,1064.5,549,71,21,this.y1,7,class->block->function->block->block_content->return->expr->name->name->operator->name,
2,180,rectangle_java2.jpg,rectangle_java2.jpg,5055032788,56,1107.7164285714289,530.12,1054.5,512,71,21,this.x1,7,class->block->function->block->block_content->return->expr->name->name->operator->name,
2,180,rectangle_java2.jpg,rectangle_java2.jpg,5055100778,64,1106.296875,521.775625,1054.5,512,71,21,this.x1,7,class->block->function->block->block_content->return->expr->name->name->operator->name,
2,180,rectangle_java2.jpg,rectangle_java2.jpg,5055624650,272,938.7642647058824,530.2291176470588,891.5,512,62,21,return,6,class->block->function->block->block_content->return->expr->name->name,
2,180,rectangle_java2.jpg,rectangle_java2.jpg,5055720621,76,998.4831578947368,516.9852631578948,958.5,512,71,21,this.x2,7,class->block->function->block->block_content->return->expr->name->name->operator->name->operator,
2,180,rectangle_java2.jpg,rectangle_java2.jpg,5055816625,92,1005.1704347826088,527.1821739130435,958.5,512,71,21,this.x2,7,class->block->function->block->block_content->return->expr->name->name->operator->name->operator,
2,180,rectangle_java2.jpg,rectangle_java2.jpg,5056044639,148,862.7145945945946,529.3478378378378,854.5,512,9,21,),1,class->block->function->parameter_list,
2,180,rectangle_java2.jpg,rectangle_java2.jpg,5056044639,148,862.7145945945946,529.3478378378378,874.5,512,10,21,{,1,class->block->function->block,
2,180,rectangle_java2.jpg,rectangle_java2.jpg,5056124632,76,872.9852631578947,514.1078947368421,874.5,512,10,21,{,1,class->block->function->block,
2,180,rectangle_java2.jpg,rectangle_java2.jpg,5056252612,92,922.8539130434784,515.8660869565217,891.5,512,62,21,return,6,class->block->function->block->block_content->return->expr->name->name,
2,180,rectangle_java2.jpg,rectangle_java2.jpg,5056348604,92,934.8982608695652,511.57130434782607,891.5,512,62,21,return,6,class->block->function->block->block_content->return->expr->name->name,
2,180,rectangle_java2.jpg,rectangle_java2.jpg,5056692557,108,826.5025925925926,272.6277777777778,833.5,259,23,21,y1,2,class->block->decl_stmt->decl->name,
2,180,rectangle_java2.jpg,rectangle_java2.jpg,5056788603,92,833.3643478260869,264.4417391304348,833.5,259,23,21,y1,2,class->block->decl_stmt->decl->name,
2,180,rectangle_java2.jpg,rectangle_java2.jpg,5057108584,240,870.9605,278.9671666666667,863.5,259,10,21,"""","""",1,class->block->decl_stmt
2,180,rectangle_java2.jpg,rectangle_java2.jpg,5057108584,240,870.9605,278.9671666666667,881.5,259,23,21,x2,2,class->block->decl_stmt->decl->name,
2,180,rectangle_java2.jpg,rectangle_java2.jpg,5057360608,184,894.8291304347827,722.6915217391304,883.5,731,15,20,=,1,class->block->function->block->block_content->decl_stmt->decl->init,
2,180,rectangle_java2.jpg,rectangle_java2.jpg,5057360608,184,894.8291304347827,722.6915217391304,902.5,731,34,20,new,3,class->block->function->block->block_content->decl_stmt->decl->init->expr->operator,
2,180,rectangle_java2.jpg,rectangle_java2.jpg,5057456591,92,900.2326086956522,723.2934782608695,902.5,731,34,20,new,3,class->block->function->block->block_content->decl_stmt->decl->init->expr->operator,
2,180,rectangle_java2.jpg,rectangle_java2.jpg,5059080509,308,810.7988311688312,291.48545454545456,737.5,295,91,21,Rectangle,9,class->block->constructor->name,
