trial,participant,code_file,code_language,timestamp,duration,x_cord,y_cord,aoi_x,aoi_y,aoi_width,aoi_height,token,length,srcML,
2,56,rectangle_java2.jpg,rectangle_java2.jpg,9833923382,208,766.1223076923077,431.8301923076923,730.5,440,71,21,this.y2,7,class->block->constructor->block->block_content->expr_stmt->expr->name->name->operator->name,
2,56,rectangle_java2.jpg,rectangle_java2.jpg,9835075248,120,801.3883333333333,212.98866666666663,715.5,222,90,21,Rectangle,9,class->name,
2,56,rectangle_java2.jpg,rectangle_java2.jpg,9835075248,120,801.3883333333333,212.98866666666663,813.5,222,10,21,{,1,class->block,
2,56,rectangle_java2.jpg,rectangle_java2.jpg,9835211251,100,887.554,251.40880000000004,881.5,259,23,21,x2,2,class->block->decl_stmt->decl->name,
2,56,rectangle_java2.jpg,rectangle_java2.jpg,9835563291,212,738.8739622641509,236.6316981132076,715.5,222,90,21,Rectangle,9,class->name,
2,56,rectangle_java2.jpg,rectangle_java2.jpg,9835743302,152,806.6539473684211,241.43605263157892,813.5,222,10,21,{,1,class->block,
2,56,rectangle_java2.jpg,rectangle_java2.jpg,9836187281,244,742.5831147540983,239.46918032786888,715.5,222,90,21,Rectangle,9,class->name,
2,56,rectangle_java2.jpg,rectangle_java2.jpg,9836471284,260,819.2787692307693,248.07123076923077,815.5,259,10,21,"""","""",1,class->block->decl_stmt
2,56,rectangle_java2.jpg,rectangle_java2.jpg,9836595102,120,826.729,253.083,833.5,259,23,21,y1,2,class->block->decl_stmt->decl->name,
2,56,rectangle_java2.jpg,rectangle_java2.jpg,9837403118,188,744.346170212766,277.9485106382979,747.5,259,33,21,int,3,class->block->decl_stmt->decl->type->name,
2,56,rectangle_java2.jpg,rectangle_java2.jpg,9837683163,252,791.162380952381,271.7184126984127,785.5,259,23,21,x1,2,class->block->decl_stmt->decl->name,
2,56,rectangle_java2.jpg,rectangle_java2.jpg,9837743165,56,791.495,267.1907142857143,785.5,259,23,21,x1,2,class->block->decl_stmt->decl->name,
2,56,rectangle_java2.jpg,rectangle_java2.jpg,9837919126,172,788.7186046511628,268.613023255814,785.5,259,23,21,x1,2,class->block->decl_stmt->decl->name,
2,56,rectangle_java2.jpg,rectangle_java2.jpg,9838131151,188,883.1025531914894,262.7485106382979,881.5,259,23,21,x2,2,class->block->decl_stmt->decl->name,
2,56,rectangle_java2.jpg,rectangle_java2.jpg,9838323164,188,887.3095744680851,267.1770212765957,881.5,259,23,21,x2,2,class->block->decl_stmt->decl->name,
2,56,rectangle_java2.jpg,rectangle_java2.jpg,9838526989,172,934.3258139534884,261.05883720930234,929.5,259,23,21,y2,2,class->block->decl_stmt->decl->name,
2,56,rectangle_java2.jpg,rectangle_java2.jpg,9838903040,340,809.5876470588236,220.96117647058827,813.5,222,10,21,{,1,class->block,
2,56,rectangle_java2.jpg,rectangle_java2.jpg,9839154993,232,744.3608620689655,223.6679310344828,715.5,222,90,21,Rectangle,9,class->name,
2,56,rectangle_java2.jpg,rectangle_java2.jpg,9839459050,280,805.5318571428571,230.7832857142857,813.5,222,10,21,{,1,class->block,
2,56,rectangle_java2.jpg,rectangle_java2.jpg,9840226987,200,772.4028,268.6724,747.5,259,33,21,int,3,class->block->decl_stmt->decl->type->name,
2,56,rectangle_java2.jpg,rectangle_java2.jpg,9840383023,60,745.9693333333333,254.184,747.5,259,33,21,int,3,class->block->decl_stmt->decl->type->name,
2,56,rectangle_java2.jpg,rectangle_java2.jpg,9840459035,72,751.38,265.87444444444446,747.5,259,33,21,int,3,class->block->decl_stmt->decl->type->name,
2,56,rectangle_java2.jpg,rectangle_java2.jpg,9840754900,80,887.811,265.756,881.5,259,23,21,x2,2,class->block->decl_stmt->decl->name,
2,56,rectangle_java2.jpg,rectangle_java2.jpg,9841022891,264,885.9907575757576,266.0601515151515,881.5,259,23,21,x2,2,class->block->decl_stmt->decl->name,
2,56,rectangle_java2.jpg,rectangle_java2.jpg,9841130897,84,736.6233333333333,228.94095238095235,715.5,222,90,21,Rectangle,9,class->name,
2,56,rectangle_java2.jpg,rectangle_java2.jpg,9841358874,224,735.995,219.34785714285715,715.5,222,90,21,Rectangle,9,class->name,
2,56,rectangle_java2.jpg,rectangle_java2.jpg,9841490846,108,806.4977777777777,219.44259259259263,813.5,222,10,21,{,1,class->block,
2,56,rectangle_java2.jpg,rectangle_java2.jpg,9841562851,68,805.1382352941176,219.6711764705882,715.5,222,90,21,Rectangle,9,class->name,
2,56,rectangle_java2.jpg,rectangle_java2.jpg,9841562851,68,805.1382352941176,219.6711764705882,813.5,222,10,21,{,1,class->block,
2,56,rectangle_java2.jpg,rectangle_java2.jpg,9841678862,68,744.34,325.00117647058823,730.5,331,71,19,this.x1,7,class->block->constructor->block->block_content->expr_stmt->expr->name->name->operator->name,
2,56,rectangle_java2.jpg,rectangle_java2.jpg,9841790880,108,741.7022222222222,324.0711111111111,730.5,331,71,19,this.x1,7,class->block->constructor->block->block_content->expr_stmt->expr->name->name->operator->name,
2,56,rectangle_java2.jpg,rectangle_java2.jpg,9842018887,224,744.6085714285714,313.0296428571428,737.5,295,91,21,Rectangle,9,class->block->constructor->name,
2,56,rectangle_java2.jpg,rectangle_java2.jpg,9842838733,476,890.3478151260504,311.11957983193275,890.5,295,24,21,x1,2,class->block->constructor->parameter_list->parameter->decl->type->name,
2,56,rectangle_java2.jpg,rectangle_java2.jpg,9842922735,80,895.239,313.6105,890.5,295,24,21,x1,2,class->block->constructor->parameter_list->parameter->decl->type->name,
2,56,rectangle_java2.jpg,rectangle_java2.jpg,9843022736,76,959.7473684210528,308.3336842105263,939.5,295,33,21,int,3,class->block->constructor->parameter_list->parameter->decl->type->name,
2,56,rectangle_java2.jpg,rectangle_java2.jpg,9843430727,404,964.4808910891088,304.9353465346535,939.5,295,33,21,int,3,class->block->constructor->parameter_list->parameter->decl->type->name,
2,56,rectangle_java2.jpg,rectangle_java2.jpg,9843742738,232,1018.291551724138,296.3418965517241,1025.5,295,33,21,int,3,class->block->constructor->parameter_list->parameter->decl->type->name,
2,56,rectangle_java2.jpg,rectangle_java2.jpg,9843958789,132,1105.1369696969698,301.11121212121213,1112.5,295,33,21,int,3,class->block->constructor->parameter_list->parameter->decl->type->name,
2,56,rectangle_java2.jpg,rectangle_java2.jpg,9844102781,88,1084.1527272727274,284.0368181818182,1063.5,295,23,21,x2,2,class->block->constructor->parameter_list->parameter->decl->type->name,
2,56,rectangle_java2.jpg,rectangle_java2.jpg,9844102781,88,1084.1527272727274,284.0368181818182,1094.5,295,9,21,"""","""",1,class->block->constructor->parameter_list
2,56,rectangle_java2.jpg,rectangle_java2.jpg,9844418641,312,1084.4494871794873,298.9705128205128,1063.5,295,23,21,x2,2,class->block->constructor->parameter_list->parameter->decl->type->name,
2,56,rectangle_java2.jpg,rectangle_java2.jpg,9844418641,312,1084.4494871794873,298.9705128205128,1094.5,295,9,21,"""","""",1,class->block->constructor->parameter_list
2,56,rectangle_java2.jpg,rectangle_java2.jpg,9844738619,272,1115.9026470588235,302.15,1112.5,295,33,21,int,3,class->block->constructor->parameter_list->parameter->decl->type->name,
2,56,rectangle_java2.jpg,rectangle_java2.jpg,9844894600,68,858.4188235294117,347.4270588235295,856.5,331,10,19,;,1,class->block->constructor->block->block_content->expr_stmt,
2,56,rectangle_java2.jpg,rectangle_java2.jpg,9845114601,100,803.8152,322.65560000000005,806.5,331,15,19,=,1,class->block->constructor->block->block_content->expr_stmt->expr->operator,
2,56,rectangle_java2.jpg,rectangle_java2.jpg,9845274625,100,815.37,287.4532,737.5,295,91,21,Rectangle,9,class->block->constructor->name,
2,56,rectangle_java2.jpg,rectangle_java2.jpg,9845474659,160,850.9475,313.09400000000005,853.5,295,32,21,int,3,class->block->constructor->parameter_list->parameter->decl->type->name,
2,56,rectangle_java2.jpg,rectangle_java2.jpg,9845646674,168,847.8680952380953,323.9628571428572,826.5,331,23,19,x1,2,class->block->constructor->block->block_content->expr_stmt->expr->name->name,
2,56,rectangle_java2.jpg,rectangle_java2.jpg,9845646674,168,847.8680952380953,323.9628571428572,856.5,331,10,19,;,1,class->block->constructor->block->block_content->expr_stmt,
2,56,rectangle_java2.jpg,rectangle_java2.jpg,9845730670,80,838.854,348.597,826.5,331,23,19,x1,2,class->block->constructor->block->block_content->expr_stmt->expr->name->name,
2,56,rectangle_java2.jpg,rectangle_java2.jpg,9845810653,76,839.0294736842105,357.3342105263158,826.5,367,23,21,y1,2,class->block->constructor->block->block_content->expr_stmt->expr->name->name,
2,56,rectangle_java2.jpg,rectangle_java2.jpg,9846366407,172,930.5779069767442,303.7993023255814,939.5,295,33,21,int,3,class->block->constructor->parameter_list->parameter->decl->type->name,
2,56,rectangle_java2.jpg,rectangle_java2.jpg,9846518432,148,899.9902702702702,303.58324324324326,890.5,295,24,21,x1,2,class->block->constructor->parameter_list->parameter->decl->type->name,
2,56,rectangle_java2.jpg,rectangle_java2.jpg,9846702496,180,899.2135555555556,312.4122222222222,890.5,295,24,21,x1,2,class->block->constructor->parameter_list->parameter->decl->type->name,
2,56,rectangle_java2.jpg,rectangle_java2.jpg,9846834502,128,904.0340625,306.4303125,890.5,295,24,21,x1,2,class->block->constructor->parameter_list->parameter->decl->type->name,
2,56,rectangle_java2.jpg,rectangle_java2.jpg,9846906508,68,895.7035294117647,315.07705882352934,890.5,295,24,21,x1,2,class->block->constructor->parameter_list->parameter->decl->type->name,
2,56,rectangle_java2.jpg,rectangle_java2.jpg,9847114504,164,822.7363414634146,368.4280487804879,826.5,367,23,21,y1,2,class->block->constructor->block->block_content->expr_stmt->expr->name->name,
2,56,rectangle_java2.jpg,rectangle_java2.jpg,9847318427,200,808.9106,362.3073999999999,806.5,367,15,21,=,1,class->block->constructor->block->block_content->expr_stmt->expr->operator,
2,56,rectangle_java2.jpg,rectangle_java2.jpg,9847490457,136,846.5232352941176,360.94647058823534,826.5,367,23,21,y1,2,class->block->constructor->block->block_content->expr_stmt->expr->name->name,
2,56,rectangle_java2.jpg,rectangle_java2.jpg,9847490457,136,846.5232352941176,360.94647058823534,856.5,367,10,21,;,1,class->block->constructor->block->block_content->expr_stmt,
2,56,rectangle_java2.jpg,rectangle_java2.jpg,9847810488,100,1037.536,296.7248,1025.5,295,33,21,int,3,class->block->constructor->parameter_list->parameter->decl->type->name,
2,56,rectangle_java2.jpg,rectangle_java2.jpg,9847922480,108,1039.6625925925923,288.7874074074074,1025.5,295,33,21,int,3,class->block->constructor->parameter_list->parameter->decl->type->name,
2,56,rectangle_java2.jpg,rectangle_java2.jpg,9848046487,80,1002.195,294.33,1007.5,295,10,21,"""","""",1,class->block->constructor->parameter_list
2,56,rectangle_java2.jpg,rectangle_java2.jpg,9848326331,56,822.4407142857143,401.91357142857146,826.5,404,23,19,x2,2,class->block->constructor->block->block_content->expr_stmt->expr->name->name,
2,56,rectangle_java2.jpg,rectangle_java2.jpg,9848502373,172,818.6586046511628,404.82255813953486,806.5,404,15,19,=,1,class->block->constructor->block->block_content->expr_stmt->expr->operator,
2,56,rectangle_java2.jpg,rectangle_java2.jpg,9848502373,172,818.6586046511628,404.82255813953486,826.5,404,23,19,x2,2,class->block->constructor->block->block_content->expr_stmt->expr->name->name,
2,56,rectangle_java2.jpg,rectangle_java2.jpg,9848578421,72,818.8322222222222,398.4177777777777,806.5,404,15,19,=,1,class->block->constructor->block->block_content->expr_stmt->expr->operator,
2,56,rectangle_java2.jpg,rectangle_java2.jpg,9848578421,72,818.8322222222222,398.4177777777777,826.5,404,23,19,x2,2,class->block->constructor->block->block_content->expr_stmt->expr->name->name,
2,56,rectangle_java2.jpg,rectangle_java2.jpg,9848638431,56,852.615,397.3992857142857,856.5,404,10,19,;,1,class->block->constructor->block->block_content->expr_stmt,
2,56,rectangle_java2.jpg,rectangle_java2.jpg,9848862356,220,852.8590909090909,402.5430909090909,856.5,404,10,19,;,1,class->block->constructor->block->block_content->expr_stmt,
2,56,rectangle_java2.jpg,rectangle_java2.jpg,9849350413,128,1140.4440625,297.4671875,1112.5,295,33,21,int,3,class->block->constructor->parameter_list->parameter->decl->type->name,
2,56,rectangle_java2.jpg,rectangle_java2.jpg,9849350413,128,1140.4440625,297.4671875,1150.5,295,23,21,y2,2,class->block->constructor->parameter_list->parameter->decl->type->name,
2,56,rectangle_java2.jpg,rectangle_java2.jpg,9849570360,180,1105.6702222222225,295.16422222222224,1112.5,295,33,21,int,3,class->block->constructor->parameter_list->parameter->decl->type->name,
2,56,rectangle_java2.jpg,rectangle_java2.jpg,9850046334,472,1089.6361016949152,294.055,1094.5,295,9,21,"""","""",1,class->block->constructor->parameter_list
2,56,rectangle_java2.jpg,rectangle_java2.jpg,9850694264,296,840.3697297297297,428.6217567567568,826.5,440,23,21,y2,2,class->block->constructor->block->block_content->expr_stmt->expr->name->name,
2,56,rectangle_java2.jpg,rectangle_java2.jpg,9852278087,184,858.6510869565218,320.69282608695653,856.5,331,10,19,;,1,class->block->constructor->block->block_content->expr_stmt,
2,56,rectangle_java2.jpg,rectangle_java2.jpg,9852586060,252,845.2184126984127,355.4200000000001,826.5,367,23,21,y1,2,class->block->constructor->block->block_content->expr_stmt->expr->name->name,
2,56,rectangle_java2.jpg,rectangle_java2.jpg,9852586060,252,845.2184126984127,355.4200000000001,856.5,367,10,21,;,1,class->block->constructor->block->block_content->expr_stmt,
2,56,rectangle_java2.jpg,rectangle_java2.jpg,9852866119,152,853.2639473684211,299.0418421052632,853.5,295,32,21,int,3,class->block->constructor->parameter_list->parameter->decl->type->name,
2,56,rectangle_java2.jpg,rectangle_java2.jpg,9853646111,108,809.3181481481481,520.6025925925926,775.5,512,53,21,width,5,class->block->function->name,
2,56,rectangle_java2.jpg,rectangle_java2.jpg,9853798156,120,753.892,521.87,737.5,512,33,21,int,3,class->block->function->type->name,
2,56,rectangle_java2.jpg,rectangle_java2.jpg,9854101977,232,824.5543103448276,511.1836206896552,775.5,512,53,21,width,5,class->block->function->name,
2,56,rectangle_java2.jpg,rectangle_java2.jpg,9854225960,88,865.6304545454545,510.5627272727272,874.5,512,10,21,{,1,class->block->function->block,
2,56,rectangle_java2.jpg,rectangle_java2.jpg,9854317962,88,865.8713636363636,516.3431818181818,874.5,512,10,21,{,1,class->block->function->block,
2,56,rectangle_java2.jpg,rectangle_java2.jpg,9854613972,232,752.8829310344828,294.10913793103447,737.5,295,91,21,Rectangle,9,class->block->constructor->name,
2,56,rectangle_java2.jpg,rectangle_java2.jpg,9854749959,116,868.8324137931035,307.7220689655172,853.5,295,32,21,int,3,class->block->constructor->parameter_list->parameter->decl->type->name,
2,56,rectangle_java2.jpg,rectangle_java2.jpg,9854981940,112,842.0328571428571,314.3835714285715,837.5,295,9,21,(,1,class->block->constructor->parameter_list,
2,56,rectangle_java2.jpg,rectangle_java2.jpg,9854981940,112,842.0328571428571,314.3835714285715,853.5,295,32,21,int,3,class->block->constructor->parameter_list->parameter->decl->type->name,
2,56,rectangle_java2.jpg,rectangle_java2.jpg,9855181931,172,804.936976744186,325.7772093023256,806.5,331,15,19,=,1,class->block->constructor->block->block_content->expr_stmt->expr->operator,
2,56,rectangle_java2.jpg,rectangle_java2.jpg,9855498019,244,788.8624590163935,246.8522950819672,785.5,259,23,21,x1,2,class->block->decl_stmt->decl->name,
2,56,rectangle_java2.jpg,rectangle_java2.jpg,9855697970,148,799.1243243243243,211.90054054054053,715.5,222,90,21,Rectangle,9,class->name,
2,56,rectangle_java2.jpg,rectangle_java2.jpg,9856349849,116,811.948275862069,513.8803448275862,775.5,512,53,21,width,5,class->block->function->name,
2,56,rectangle_java2.jpg,rectangle_java2.jpg,9856469857,116,794.1751724137931,505.3534482758621,775.5,512,53,21,width,5,class->block->function->name,
2,56,rectangle_java2.jpg,rectangle_java2.jpg,9856553848,56,865.6064285714285,524.8835714285715,874.5,512,10,21,{,1,class->block->function->block,
2,56,rectangle_java2.jpg,rectangle_java2.jpg,9856693816,136,875.4005882352941,524.8858823529412,874.5,512,10,21,{,1,class->block->function->block,
2,56,rectangle_java2.jpg,rectangle_java2.jpg,9856769812,60,757.1526666666667,518.4973333333334,737.5,512,33,21,int,3,class->block->function->type->name,
2,56,rectangle_java2.jpg,rectangle_java2.jpg,9856885803,112,755.0539285714285,517.4528571428572,737.5,512,33,21,int,3,class->block->function->type->name,
2,56,rectangle_java2.jpg,rectangle_java2.jpg,9857201821,240,815.285,510.4125,775.5,512,53,21,width,5,class->block->function->name,
2,56,rectangle_java2.jpg,rectangle_java2.jpg,9857449826,72,817.3883333333333,291.81055555555554,737.5,295,91,21,Rectangle,9,class->block->constructor->name,
2,56,rectangle_java2.jpg,rectangle_java2.jpg,9857745785,148,832.6332432432432,320.07135135135127,826.5,331,23,19,x1,2,class->block->constructor->block->block_content->expr_stmt->expr->name->name,
2,56,rectangle_java2.jpg,rectangle_java2.jpg,9858381705,72,894.4833333333333,502.2444444444445,891.5,512,62,21,return,6,class->block->function->block->block_content->return->expr->name->name,
2,56,rectangle_java2.jpg,rectangle_java2.jpg,9858573704,160,855.8675,520.3145,854.5,512,9,21,),1,class->block->function->parameter_list,
2,56,rectangle_java2.jpg,rectangle_java2.jpg,9858749723,112,974.615,511.36285714285714,958.5,512,71,21,this.x2,7,class->block->function->block->block_content->return->expr->name->name->operator->name->operator,
2,56,rectangle_java2.jpg,rectangle_java2.jpg,9859537697,360,968.5937777777776,517.3644444444444,958.5,512,71,21,this.x2,7,class->block->function->block->block_content->return->expr->name->name->operator->name->operator,
2,56,rectangle_java2.jpg,rectangle_java2.jpg,9859625686,84,993.8928571428572,518.9047619047619,958.5,512,71,21,this.x2,7,class->block->function->block->block_content->return->expr->name->name->operator->name->operator,
2,56,rectangle_java2.jpg,rectangle_java2.jpg,9859937488,308,998.5877922077922,519.0994805194805,958.5,512,71,21,this.x2,7,class->block->function->block->block_content->return->expr->name->name->operator->name->operator,
2,56,rectangle_java2.jpg,rectangle_java2.jpg,9860089639,148,998.727027027027,518.9743243243244,958.5,512,71,21,this.x2,7,class->block->function->block->block_content->return->expr->name->name->operator->name->operator,
2,56,rectangle_java2.jpg,rectangle_java2.jpg,9860237711,92,783.7565217391304,539.184347826087,775.5,549,62,21,height,6,class->block->function->name,
2,56,rectangle_java2.jpg,rectangle_java2.jpg,9860337650,96,794.8725,540.81375,775.5,549,62,21,height,6,class->block->function->name,
2,56,rectangle_java2.jpg,rectangle_java2.jpg,9860545577,184,867.2597826086957,536.9402173913044,863.5,549,9,21,),1,class->block->function->parameter_list,
2,56,rectangle_java2.jpg,rectangle_java2.jpg,9860701614,152,866.1607894736842,542.9473684210526,863.5,549,9,21,),1,class->block->function->parameter_list,
2,56,rectangle_java2.jpg,rectangle_java2.jpg,9860809644,104,901.7046153846154,546.1034615384615,900.5,549,63,21,return,6,class->block->function->block->block_content->return,
2,56,rectangle_java2.jpg,rectangle_java2.jpg,9861041621,228,908.8273684210526,541.8268421052632,900.5,549,63,21,return,6,class->block->function->block->block_content->return,
2,56,rectangle_java2.jpg,rectangle_java2.jpg,9861249558,176,954.6372727272728,541.1070454545454,900.5,549,63,21,return,6,class->block->function->block->block_content->return,
2,56,rectangle_java2.jpg,rectangle_java2.jpg,9861361574,96,1027.5604166666667,539.04375,968.5,549,70,21,this.y2,7,class->block->function->block->block_content->return->expr->name->name->operator->name,
2,56,rectangle_java2.jpg,rectangle_java2.jpg,9861833542,468,1030.6274358974358,544.1206837606837,968.5,549,70,21,this.y2,7,class->block->function->block->block_content->return->expr->name->name->operator->name,
2,56,rectangle_java2.jpg,rectangle_java2.jpg,9862197437,280,1128.0908571428572,542.4538571428571,1064.5,549,71,21,this.y1,7,class->block->function->block->block_content->return->expr->name->name->operator->name,
2,56,rectangle_java2.jpg,rectangle_java2.jpg,9863501540,252,937.8515873015872,574.4198412698413,910.5,585,62,21,return,6,class->block->function->block->block_content->return,
2,56,rectangle_java2.jpg,rectangle_java2.jpg,9863729216,196,1045.7314285714283,567.4989795918367,1045.5,549,13,21,-,1,class->block->function->block->block_content->return->expr->operator,
2,56,rectangle_java2.jpg,rectangle_java2.jpg,9863925345,192,1049.0475,568.2658333333334,1045.5,549,13,21,-,1,class->block->function->block->block_content->return->expr->operator,
2,56,rectangle_java2.jpg,rectangle_java2.jpg,9864081357,152,1053.382368421053,568.5421052631579,1045.5,549,13,21,-,1,class->block->function->block->block_content->return->expr->operator,
2,56,rectangle_java2.jpg,rectangle_java2.jpg,9864081357,152,1053.382368421053,568.5421052631579,1064.5,549,71,21,this.y1,7,class->block->function->block->block_content->return->expr->name->name->operator->name,
2,56,rectangle_java2.jpg,rectangle_java2.jpg,9864357331,236,1107.6484745762712,564.8898305084746,1064.5,549,71,21,this.y1,7,class->block->function->block->block_content->return->expr->name->name->operator->name,
2,56,rectangle_java2.jpg,rectangle_java2.jpg,9864549289,124,904.1819354838708,562.4425806451613,900.5,549,63,21,return,6,class->block->function->block->block_content->return,
2,56,rectangle_java2.jpg,rectangle_java2.jpg,9864697282,144,906.7247222222222,564.3577777777778,900.5,549,63,21,return,6,class->block->function->block->block_content->return,
2,56,rectangle_java2.jpg,rectangle_java2.jpg,9864773293,72,909.5755555555556,562.3483333333334,900.5,549,63,21,return,6,class->block->function->block->block_content->return,
2,56,rectangle_java2.jpg,rectangle_java2.jpg,9864857313,80,934.7345,550.6255,900.5,549,63,21,return,6,class->block->function->block->block_content->return,
2,56,rectangle_java2.jpg,rectangle_java2.jpg,9864929326,68,937.864705882353,546.4723529411765,900.5,549,63,21,return,6,class->block->function->block->block_content->return,
2,56,rectangle_java2.jpg,rectangle_java2.jpg,9865217351,236,1034.291525423729,541.6379661016949,968.5,549,70,21,this.y2,7,class->block->function->block->block_content->return->expr->name->name->operator->name,
2,56,rectangle_java2.jpg,rectangle_java2.jpg,9865217351,236,1034.291525423729,541.6379661016949,1045.5,549,13,21,-,1,class->block->function->block->block_content->return->expr->operator,
2,56,rectangle_java2.jpg,rectangle_java2.jpg,9865417319,132,806.3506060606061,621.6554545454545,804.5,621,44,21,void,4,class->block->function->type->name,
2,56,rectangle_java2.jpg,rectangle_java2.jpg,9865537285,116,805.1624137931035,612.9920689655172,804.5,621,44,21,void,4,class->block->function->type->name,
2,56,rectangle_java2.jpg,rectangle_java2.jpg,9865745174,132,882.5860606060606,634.0254545454545,851.5,621,44,21,main,4,class->block->function->name,
2,56,rectangle_java2.jpg,rectangle_java2.jpg,9865841168,92,886.5169565217391,641.721304347826,851.5,621,44,21,main,4,class->block->function->name,
2,56,rectangle_java2.jpg,rectangle_java2.jpg,9866049217,184,934.9469565217393,632.150652173913,920.5,621,62,21,String,6,class->block->function->parameter_list->parameter->decl->type->name->name,
2,56,rectangle_java2.jpg,rectangle_java2.jpg,9866269224,144,1061.9886111111111,613.8933333333333,1025.5,621,42,21,args,4,class->block->function->parameter_list->parameter->decl->name,
2,56,rectangle_java2.jpg,rectangle_java2.jpg,9866377228,104,1063.920769230769,624.3934615384616,1025.5,621,42,21,args,4,class->block->function->parameter_list->parameter->decl->name,
2,56,rectangle_java2.jpg,rectangle_java2.jpg,9866377228,104,1063.920769230769,624.3934615384616,1074.5,621,10,21,),1,class->block->function->parameter_list,
2,56,rectangle_java2.jpg,rectangle_java2.jpg,9868225084,180,1057.716888888889,603.2788888888889,977.5,585,101,21,this.width,10,class->block->function->block->block_content->return->expr->call->name->name->operator->name,
2,56,rectangle_java2.jpg,rectangle_java2.jpg,9868457059,144,869.8858333333334,613.8727777777777,851.5,621,44,21,main,4,class->block->function->name,
2,56,rectangle_java2.jpg,rectangle_java2.jpg,9868673096,128,806.23125,697.4534375,730.5,694,177,21,System.out.println,18,class->block->function->block->block_content->expr_stmt->expr->call->name->name->operator->name->operator->name,
2,56,rectangle_java2.jpg,rectangle_java2.jpg,9868893063,132,880.859696969697,677.4818181818182,883.5,658,15,20,=,1,class->block->function->block->block_content->decl_stmt->decl->init,
2,56,rectangle_java2.jpg,rectangle_java2.jpg,9869169067,92,953.7082608695652,675.454347826087,941.5,658,91,20,Rectangle,9,class->block->function->block->block_content->decl_stmt->decl->init->expr->call->name,
2,56,rectangle_java2.jpg,rectangle_java2.jpg,9869472768,176,982.4370454545456,509.91886363636365,958.5,512,71,21,this.x2,7,class->block->function->block->block_content->return->expr->name->name->operator->name->operator,
2,56,rectangle_java2.jpg,rectangle_java2.jpg,9869704930,192,950.3877083333332,507.00458333333336,891.5,512,62,21,return,6,class->block->function->block->block_content->return->expr->name->name,
2,56,rectangle_java2.jpg,rectangle_java2.jpg,9869704930,192,950.3877083333332,507.00458333333336,958.5,512,71,21,this.x2,7,class->block->function->block->block_content->return->expr->name->name->operator->name->operator,
2,56,rectangle_java2.jpg,rectangle_java2.jpg,9869940894,196,993.1432653061224,510.5820408163265,958.5,512,71,21,this.x2,7,class->block->function->block->block_content->return->expr->name->name->operator->name->operator,
2,56,rectangle_java2.jpg,rectangle_java2.jpg,9870356966,76,755.6726315789474,778.34,730.5,766,177,21,System.out.println,18,class->block->function->block->block_content->expr_stmt->expr->call->name->name->operator->name->operator->name,
2,56,rectangle_java2.jpg,rectangle_java2.jpg,9871792832,64,937.985,772.46375,932.5,766,100,21,rect2.area,10,class->block->function->block->block_content->expr_stmt->expr->call->argument_list->argument->expr->call->name->name->operator->name,
2,56,rectangle_java2.jpg,rectangle_java2.jpg,9872440788,72,1085.7027777777778,765.3322222222222,1077.5,766,9,21,),1,class->block->function->block->block_content->expr_stmt->expr->call->argument_list,
2,56,rectangle_java2.jpg,rectangle_java2.jpg,9872440788,72,1085.7027777777778,765.3322222222222,1096.5,766,10,21,;,1,class->block->function->block->block_content->expr_stmt,
2,56,rectangle_java2.jpg,rectangle_java2.jpg,9873108763,60,1122.4746666666667,745.602,1115.5,731,10,20,"""","""",1,class->block->function->block->block_content->decl_stmt->decl->init->expr->call->argument_list
2,56,rectangle_java2.jpg,rectangle_java2.jpg,9873108763,60,1122.4746666666667,745.602,1134.5,731,22,20,10,2,class->block->function->block->block_content->decl_stmt->decl->init->expr->call->argument_list->argument->expr->literal,
2,56,rectangle_java2.jpg,rectangle_java2.jpg,9874584709,80,1074.9445,786.979,1077.5,766,9,21,),1,class->block->function->block->block_content->expr_stmt->expr->call->argument_list,
2,56,rectangle_java2.jpg,rectangle_java2.jpg,9874688700,56,1078.96,786.3149999999999,1077.5,766,9,21,),1,class->block->function->block->block_content->expr_stmt->expr->call->argument_list,
2,56,rectangle_java2.jpg,rectangle_java2.jpg,9878320403,92,819.1930434782608,651.4539130434782,730.5,658,91,20,Rectangle,9,class->block->function->block->block_content->decl_stmt->decl->type->name,
2,56,rectangle_java2.jpg,rectangle_java2.jpg,9878320403,92,819.1930434782608,651.4539130434782,826.5,658,52,20,rect1,5,class->block->function->block->block_content->decl_stmt->decl->name,
2,56,rectangle_java2.jpg,rectangle_java2.jpg,9878420409,96,823.7404166666666,661.4616666666667,826.5,658,52,20,rect1,5,class->block->function->block->block_content->decl_stmt->decl->name,
2,56,rectangle_java2.jpg,rectangle_java2.jpg,9878596413,128,849.415,589.4134375,856.5,585,9,21,(,1,class->block->function->parameter_list,
2,56,rectangle_java2.jpg,rectangle_java2.jpg,9878812444,188,863.8417021276596,542.7546808510639,863.5,549,9,21,),1,class->block->function->parameter_list,
2,56,rectangle_java2.jpg,rectangle_java2.jpg,9878976368,108,987.3674074074074,526.8166666666666,958.5,512,71,21,this.x2,7,class->block->function->block->block_content->return->expr->name->name->operator->name->operator,
2,56,rectangle_java2.jpg,rectangle_java2.jpg,9879772278,172,947.8332558139534,509.8725581395349,891.5,512,62,21,return,6,class->block->function->block->block_content->return->expr->name->name,
2,56,rectangle_java2.jpg,rectangle_java2.jpg,9879772278,172,947.8332558139534,509.8725581395349,958.5,512,71,21,this.x2,7,class->block->function->block->block_content->return->expr->name->name->operator->name->operator,
2,56,rectangle_java2.jpg,rectangle_java2.jpg,9880892296,80,842.998,294.15500000000003,837.5,295,9,21,(,1,class->block->constructor->parameter_list,
2,56,rectangle_java2.jpg,rectangle_java2.jpg,9880892296,80,842.998,294.15500000000003,853.5,295,32,21,int,3,class->block->constructor->parameter_list->parameter->decl->type->name,
2,56,rectangle_java2.jpg,rectangle_java2.jpg,9881052378,156,837.2166666666667,286.8489743589744,837.5,295,9,21,(,1,class->block->constructor->parameter_list,
2,56,rectangle_java2.jpg,rectangle_java2.jpg,9881864107,372,994.2445161290324,609.3405376344086,990.5,621,10,21,[,1,class->block->function->parameter_list->parameter->decl->type->name->index,
2,56,rectangle_java2.jpg,rectangle_java2.jpg,9882084169,168,932.004761904762,501.4021428571429,891.5,512,62,21,return,6,class->block->function->block->block_content->return->expr->name->name,
2,56,rectangle_java2.jpg,rectangle_java2.jpg,9882236127,148,931.3,513.1802702702703,891.5,512,62,21,return,6,class->block->function->block->block_content->return->expr->name->name,
