trial,participant,code_file,code_language,timestamp,duration,x_cord,y_cord,aoi_x,aoi_y,aoi_width,aoi_height,token,length,srcML,
2,65,rectangle_java2.jpg,rectangle_java2.jpg,3957720910,80,692.066,546.8705,669.5,549,63,21,public,6,class->block->function->type->specifier,
2,65,rectangle_java2.jpg,rectangle_java2.jpg,3958272940,108,584.0737037037037,221.04444444444448,589.5,222,63,21,public,6,class->specifier,
2,65,rectangle_java2.jpg,rectangle_java2.jpg,3958656911,340,668.4352941176471,231.0841176470589,657.5,222,52,21,class,5,class,
2,65,rectangle_java2.jpg,rectangle_java2.jpg,3958944632,100,722.6924,254.7656,669.5,259,72,21,private,7,class->block->decl_stmt->decl->type->specifier,
2,65,rectangle_java2.jpg,rectangle_java2.jpg,3959041027,92,722.3426086956522,255.85826086956524,669.5,259,72,21,private,7,class->block->decl_stmt->decl->type->specifier,
2,65,rectangle_java2.jpg,rectangle_java2.jpg,3959193292,116,767.8296551724138,234.65344827586205,715.5,222,90,21,Rectangle,9,class->name,
2,65,rectangle_java2.jpg,rectangle_java2.jpg,3959368815,56,769.3607142857143,233.61642857142857,715.5,222,90,21,Rectangle,9,class->name,
2,65,rectangle_java2.jpg,rectangle_java2.jpg,3959536795,164,772.510487804878,250.15853658536585,747.5,259,33,21,int,3,class->block->decl_stmt->decl->type->name,
2,65,rectangle_java2.jpg,rectangle_java2.jpg,3959916732,80,714.0095,277.1925,669.5,259,72,21,private,7,class->block->decl_stmt->decl->type->specifier,
2,65,rectangle_java2.jpg,rectangle_java2.jpg,3960060744,60,712.76,277.8233333333333,669.5,259,72,21,private,7,class->block->decl_stmt->decl->type->specifier,
2,65,rectangle_java2.jpg,rectangle_java2.jpg,3960136761,72,735.7405555555556,282.5911111111111,737.5,295,91,21,Rectangle,9,class->block->constructor->name,
2,65,rectangle_java2.jpg,rectangle_java2.jpg,3960240780,100,739.7684,277.6748,669.5,259,72,21,private,7,class->block->decl_stmt->decl->type->specifier,
2,65,rectangle_java2.jpg,rectangle_java2.jpg,3960240780,100,739.7684,277.6748,747.5,259,33,21,int,3,class->block->decl_stmt->decl->type->name,
2,65,rectangle_java2.jpg,rectangle_java2.jpg,3960420743,84,770.115238095238,294.1809523809524,737.5,295,91,21,Rectangle,9,class->block->constructor->name,
2,65,rectangle_java2.jpg,rectangle_java2.jpg,3960708649,56,824.9828571428571,285.2778571428572,737.5,295,91,21,Rectangle,9,class->block->constructor->name,
2,65,rectangle_java2.jpg,rectangle_java2.jpg,3960920663,64,828.60625,304.498125,837.5,295,9,21,(,1,class->block->constructor->parameter_list,
2,65,rectangle_java2.jpg,rectangle_java2.jpg,3961032628,68,826.2994117647058,299.74882352941177,737.5,295,91,21,Rectangle,9,class->block->constructor->name,
2,65,rectangle_java2.jpg,rectangle_java2.jpg,3961032628,68,826.2994117647058,299.74882352941177,837.5,295,9,21,(,1,class->block->constructor->parameter_list,
2,65,rectangle_java2.jpg,rectangle_java2.jpg,3961420630,76,753.2631578947369,292.5563157894737,737.5,295,91,21,Rectangle,9,class->block->constructor->name,
2,65,rectangle_java2.jpg,rectangle_java2.jpg,3961604597,64,750.02625,338.14375,730.5,331,71,19,this.x1,7,class->block->constructor->block->block_content->expr_stmt->expr->name->name->operator->name,
2,65,rectangle_java2.jpg,rectangle_java2.jpg,3962708465,76,773.8194736842105,333.3105263157895,730.5,331,71,19,this.x1,7,class->block->constructor->block->block_content->expr_stmt->expr->name->name->operator->name,
2,65,rectangle_java2.jpg,rectangle_java2.jpg,3963324559,60,790.9046666666667,323.0073333333333,730.5,331,71,19,this.x1,7,class->block->constructor->block->block_content->expr_stmt->expr->name->name->operator->name,
2,65,rectangle_java2.jpg,rectangle_java2.jpg,3963776457,72,738.7127777777778,340.0961111111111,730.5,331,71,19,this.x1,7,class->block->constructor->block->block_content->expr_stmt->expr->name->name->operator->name,
2,65,rectangle_java2.jpg,rectangle_java2.jpg,3964052393,56,773.0114285714286,318.8021428571429,730.5,331,71,19,this.x1,7,class->block->constructor->block->block_content->expr_stmt->expr->name->name->operator->name,
2,65,rectangle_java2.jpg,rectangle_java2.jpg,3964272379,64,770.068125,274.645625,747.5,259,33,21,int,3,class->block->decl_stmt->decl->type->name,
2,65,rectangle_java2.jpg,rectangle_java2.jpg,3964656423,64,880.226875,253.245625,881.5,259,23,21,x2,2,class->block->decl_stmt->decl->name,
2,65,rectangle_java2.jpg,rectangle_java2.jpg,3965724618,124,732.6406451612903,568.2703225806451,737.5,549,33,21,int,3,class->block->function->type->name,
2,65,rectangle_java2.jpg,rectangle_java2.jpg,3966512295,72,1075.4433333333334,552.4605555555555,1064.5,549,71,21,this.y1,7,class->block->function->block->block_content->return->expr->name->name->operator->name,
2,65,rectangle_java2.jpg,rectangle_java2.jpg,3966868032,76,1157.3231578947368,499.9147368421052,1152.5,512,10,21,},1,class->block,
2,65,rectangle_java2.jpg,rectangle_java2.jpg,3967192136,68,1065.8482352941176,508.72823529411767,1054.5,512,71,21,this.x1,7,class->block->function->block->block_content->return->expr->name->name->operator->name,
2,65,rectangle_java2.jpg,rectangle_java2.jpg,3969276012,64,748.016875,249.5625,747.5,259,33,21,int,3,class->block->decl_stmt->decl->type->name,
2,65,rectangle_java2.jpg,rectangle_java2.jpg,3970535869,88,679.0472727272727,215.94681818181817,657.5,222,52,21,class,5,class,
2,65,rectangle_java2.jpg,rectangle_java2.jpg,3970899888,64,737.2943750000001,225.431875,715.5,222,90,21,Rectangle,9,class->name,
2,65,rectangle_java2.jpg,rectangle_java2.jpg,3971055891,64,767.609375,273.915625,747.5,259,33,21,int,3,class->block->decl_stmt->decl->type->name,
2,65,rectangle_java2.jpg,rectangle_java2.jpg,3972059566,132,729.8821212121212,296.11454545454546,669.5,295,63,21,public,6,class->block->constructor->specifier,
2,65,rectangle_java2.jpg,rectangle_java2.jpg,3972059566,132,729.8821212121212,296.11454545454546,737.5,295,91,21,Rectangle,9,class->block->constructor->name,
2,65,rectangle_java2.jpg,rectangle_java2.jpg,3972503644,144,904.4594444444444,277.49083333333334,881.5,259,23,21,x2,2,class->block->decl_stmt->decl->name,
2,65,rectangle_java2.jpg,rectangle_java2.jpg,3972503644,144,904.4594444444444,277.49083333333334,911.5,259,10,21,"""","""",1,class->block->decl_stmt
2,65,rectangle_java2.jpg,rectangle_java2.jpg,3972603653,96,896.2208333333333,258.0804166666667,881.5,259,23,21,x2,2,class->block->decl_stmt->decl->name,
2,65,rectangle_java2.jpg,rectangle_java2.jpg,3973211522,64,1034.853125,283.304375,1025.5,295,33,21,int,3,class->block->constructor->parameter_list->parameter->decl->type->name,
2,65,rectangle_java2.jpg,rectangle_java2.jpg,3974363634,92,1117.5839130434783,285.6669565217391,1112.5,295,33,21,int,3,class->block->constructor->parameter_list->parameter->decl->type->name,
2,65,rectangle_java2.jpg,rectangle_java2.jpg,3975167412,104,749.71,274.17153846153843,747.5,259,33,21,int,3,class->block->decl_stmt->decl->type->name,
2,65,rectangle_java2.jpg,rectangle_java2.jpg,3975315421,96,767.73875,270.34125,747.5,259,33,21,int,3,class->block->decl_stmt->decl->type->name,
2,65,rectangle_java2.jpg,rectangle_java2.jpg,3975567392,56,790.5471428571428,312.0114285714285,737.5,295,91,21,Rectangle,9,class->block->constructor->name,
2,65,rectangle_java2.jpg,rectangle_java2.jpg,3975691421,84,820.8133333333334,303.37904761904764,737.5,295,91,21,Rectangle,9,class->block->constructor->name,
2,65,rectangle_java2.jpg,rectangle_java2.jpg,3976299272,116,758.2589655172413,387.9310344827586,730.5,367,71,21,this.y1,7,class->block->constructor->block->block_content->expr_stmt->expr->name->name->operator->name,
2,65,rectangle_java2.jpg,rectangle_java2.jpg,3976367289,64,762.29625,385.59125,730.5,367,71,21,this.y1,7,class->block->constructor->block->block_content->expr_stmt->expr->name->name->operator->name,
2,65,rectangle_java2.jpg,rectangle_java2.jpg,3977347359,64,806.380625,371.00125,806.5,367,15,21,=,1,class->block->constructor->block->block_content->expr_stmt->expr->operator,
2,65,rectangle_java2.jpg,rectangle_java2.jpg,3977527357,60,810.0453333333334,323.97133333333335,806.5,331,15,19,=,1,class->block->constructor->block->block_content->expr_stmt->expr->operator,
2,65,rectangle_java2.jpg,rectangle_java2.jpg,3977778909,76,821.021052631579,302.32684210526315,737.5,295,91,21,Rectangle,9,class->block->constructor->name,
2,65,rectangle_java2.jpg,rectangle_java2.jpg,3978595179,68,727.07,455.4894117647059,730.5,440,71,21,this.y2,7,class->block->constructor->block->block_content->expr_stmt->expr->name->name->operator->name,
2,65,rectangle_java2.jpg,rectangle_java2.jpg,3979850988,80,777.139,407.7475,730.5,404,71,19,this.x2,7,class->block->constructor->block->block_content->expr_stmt->expr->name->name->operator->name,
2,65,rectangle_java2.jpg,rectangle_java2.jpg,3980042986,72,747.1144444444444,387.00166666666667,730.5,367,71,21,this.y1,7,class->block->constructor->block->block_content->expr_stmt->expr->name->name->operator->name,
2,65,rectangle_java2.jpg,rectangle_java2.jpg,3980531041,64,770.4,410.67625,730.5,404,71,19,this.x2,7,class->block->constructor->block->block_content->expr_stmt->expr->name->name->operator->name,
2,65,rectangle_java2.jpg,rectangle_java2.jpg,3980822934,68,795.1011764705883,414.8976470588235,730.5,404,71,19,this.x2,7,class->block->constructor->block->block_content->expr_stmt->expr->name->name->operator->name,
2,65,rectangle_java2.jpg,rectangle_java2.jpg,3980822934,68,795.1011764705883,414.8976470588235,806.5,404,15,19,=,1,class->block->constructor->block->block_content->expr_stmt->expr->operator,
2,65,rectangle_java2.jpg,rectangle_java2.jpg,3984914702,56,1101.8728571428571,527.1178571428571,1054.5,512,71,21,this.x1,7,class->block->function->block->block_content->return->expr->name->name->operator->name,
2,65,rectangle_java2.jpg,rectangle_java2.jpg,3985882577,84,1053.2552380952382,514.6342857142857,1054.5,512,71,21,this.x1,7,class->block->function->block->block_content->return->expr->name->name->operator->name,
2,65,rectangle_java2.jpg,rectangle_java2.jpg,3985978583,92,1053.7182608695653,530.7247826086957,1054.5,512,71,21,this.x1,7,class->block->function->block->block_content->return->expr->name->name->operator->name,
2,65,rectangle_java2.jpg,rectangle_java2.jpg,3986210544,60,1135.6233333333334,504.6206666666667,1132.5,512,10,21,;,1,class->block->function->block,
2,65,rectangle_java2.jpg,rectangle_java2.jpg,3987330386,56,713.9235714285714,543.4614285714285,669.5,549,63,21,public,6,class->block->function->type->specifier,
2,65,rectangle_java2.jpg,rectangle_java2.jpg,3990658214,72,1150.122777777778,590.9372222222222,1140.5,585,110,21,this.height,11,class->block->function->block->block_content->return->expr->call->name->name->operator->name,
2,65,rectangle_java2.jpg,rectangle_java2.jpg,3990734142,64,1152.594375,600.09,1140.5,585,110,21,this.height,11,class->block->function->block->block_content->return->expr->call->name->name->operator->name,
2,65,rectangle_java2.jpg,rectangle_java2.jpg,3990966074,88,762.6072727272727,671.4459090909091,730.5,658,91,20,Rectangle,9,class->block->function->block->block_content->decl_stmt->decl->type->name,
2,65,rectangle_java2.jpg,rectangle_java2.jpg,3991390159,80,723.4195,669.5794999999999,730.5,658,91,20,Rectangle,9,class->block->function->block->block_content->decl_stmt->decl->type->name,
2,65,rectangle_java2.jpg,rectangle_java2.jpg,3993321716,64,1006.720625,663.826875,941.5,658,91,20,Rectangle,9,class->block->function->block->block_content->decl_stmt->decl->init->expr->call->name,
2,65,rectangle_java2.jpg,rectangle_java2.jpg,3993661877,260,1020.0235384615384,672.5003076923077,941.5,658,91,20,Rectangle,9,class->block->function->block->block_content->decl_stmt->decl->init->expr->call->name,
2,65,rectangle_java2.jpg,rectangle_java2.jpg,3993777886,112,1018.2521428571428,666.1464285714286,941.5,658,91,20,Rectangle,9,class->block->function->block->block_content->decl_stmt->decl->init->expr->call->name,
2,65,rectangle_java2.jpg,rectangle_java2.jpg,3993869872,64,1171.969375,663.869375,1163.5,658,10,20,"""","""",1,class->block->function->block->block_content->decl_stmt->decl->init->expr->call->argument_list
2,65,rectangle_java2.jpg,rectangle_java2.jpg,3993869872,64,1171.969375,663.869375,1182.5,658,22,20,10,2,class->block->function->block->block_content->decl_stmt->decl->init->expr->call->argument_list->argument->expr->literal,
2,65,rectangle_java2.jpg,rectangle_java2.jpg,3993945860,72,1171.06,664.6322222222223,1163.5,658,10,20,"""","""",1,class->block->function->block->block_content->decl_stmt->decl->init->expr->call->argument_list
2,65,rectangle_java2.jpg,rectangle_java2.jpg,3993945860,72,1171.06,664.6322222222223,1182.5,658,22,20,10,2,class->block->function->block->block_content->decl_stmt->decl->init->expr->call->argument_list->argument->expr->literal,
2,65,rectangle_java2.jpg,rectangle_java2.jpg,3994097862,72,1175.3183333333334,665.2738888888889,1182.5,658,22,20,10,2,class->block->function->block->block_content->decl_stmt->decl->init->expr->call->argument_list->argument->expr->literal,
2,65,rectangle_java2.jpg,rectangle_java2.jpg,3999117469,72,908.7183333333334,709.13,916.5,694,9,21,(,1,class->block->function->block->block_content->expr_stmt->expr->call->argument_list,
2,65,rectangle_java2.jpg,rectangle_java2.jpg,3999209456,64,911.12625,711.50375,916.5,694,9,21,(,1,class->block->function->block->block_content->expr_stmt->expr->call->argument_list,
2,65,rectangle_java2.jpg,rectangle_java2.jpg,3999569429,72,1107.6672222222223,664.4122222222222,1095.5,658,13,20,0,1,class->block->function->block->block_content->decl_stmt->decl->init->expr->call->argument_list->argument->expr->literal,
2,65,rectangle_java2.jpg,rectangle_java2.jpg,3999569429,72,1107.6672222222223,664.4122222222222,1115.5,658,10,20,"""","""",1,class->block->function->block->block_content->decl_stmt->decl->init->expr->call->argument_list
2,65,rectangle_java2.jpg,rectangle_java2.jpg,4006072823,60,1147.6073333333334,744.4113333333333,1134.5,731,22,20,10,2,class->block->function->block->block_content->decl_stmt->decl->init->expr->call->argument_list->argument->expr->literal,
