trial,participant,code_file,code_language,timestamp,duration,x_cord,y_cord,aoi_x,aoi_y,aoi_width,aoi_height,token,length,srcML
2,102,rectangle_java2.jpg,rectangle_java2.jpg,11464873866,72,855.0633333333334,573.7855555555556,856.5,585,9,21,(,1,class->block->function->parameter_list
2,102,rectangle_java2.jpg,rectangle_java2.jpg,11465085576,72,735.4344444444445,274.845,669.5,259,72,21,private,7,class->block->decl_stmt->decl->type->specifier
2,102,rectangle_java2.jpg,rectangle_java2.jpg,11465085576,72,735.4344444444445,274.845,747.5,259,33,21,int,3,class->block->decl_stmt->decl->type->name
2,102,rectangle_java2.jpg,rectangle_java2.jpg,11465181839,92,734.91,263.60478260869564,669.5,259,72,21,private,7,class->block->decl_stmt->decl->type->specifier
2,102,rectangle_java2.jpg,rectangle_java2.jpg,11465309953,92,683.8121739130435,210.19086956521738,657.5,222,52,21,class,5,class
