trial,participant,code_file,code_language,timestamp,duration,x_cord,y_cord,aoi_x,aoi_y,aoi_width,aoi_height,token,length,srcML
2,148,rectangle_java2.jpg,rectangle_java2.jpg,598037468,100,745.9992,263.9176,747.5,259,33,21,int,3,class->block->decl_stmt->decl->type->name
2,148,rectangle_java2.jpg,rectangle_java2.jpg,598277457,56,850.5135714285715,271.1092857142857,833.5,259,23,21,y1,2,class->block->decl_stmt->decl->name
2,148,rectangle_java2.jpg,rectangle_java2.jpg,598345472,64,855.290625,277.559375,833.5,259,23,21,y1,2,class->block->decl_stmt->decl->name
2,148,rectangle_java2.jpg,rectangle_java2.jpg,598345472,64,855.290625,277.559375,863.5,259,10,21,",",1,class->block->decl_stmt
2,148,rectangle_java2.jpg,rectangle_java2.jpg,598873266,64,801.678125,304.485625,737.5,295,91,21,Rectangle,9,class->block->constructor->name
2,148,rectangle_java2.jpg,rectangle_java2.jpg,599693263,104,727.2511538461538,629.7142307692308,669.5,621,63,21,public,6,class->block->function->type->specifier
2,148,rectangle_java2.jpg,rectangle_java2.jpg,599693263,104,727.2511538461538,629.7142307692308,738.5,621,61,21,static,6,class->block->function->type->specifier
2,148,rectangle_java2.jpg,rectangle_java2.jpg,599877245,72,752.5616666666666,563.2155555555555,737.5,549,33,21,int,3,class->block->function->type->name
2,148,rectangle_java2.jpg,rectangle_java2.jpg,600153050,64,759.520625,764.27,730.5,766,177,21,System.out.println,18,class->block->function->block->block_content->expr_stmt->expr->call->name->name->operator->name->operator->name
2,148,rectangle_java2.jpg,rectangle_java2.jpg,600325080,144,761.4472222222222,664.1163888888889,730.5,658,91,20,Rectangle,9,class->block->function->block->block_content->decl_stmt->decl->type->name
2,148,rectangle_java2.jpg,rectangle_java2.jpg,600453020,76,982.3994736842105,630.7373684210527,920.5,621,62,21,String,6,class->block->function->parameter_list->parameter->decl->type->name->name
2,148,rectangle_java2.jpg,rectangle_java2.jpg,600453020,76,982.3994736842105,630.7373684210527,990.5,621,10,21,[,1,class->block->function->parameter_list->parameter->decl->type->name->index
2,148,rectangle_java2.jpg,rectangle_java2.jpg,600572719,56,1013.3328571428572,613.3028571428572,1007.5,621,10,21,],1,class->block->function->parameter_list->parameter->decl->type->name->index
2,148,rectangle_java2.jpg,rectangle_java2.jpg,600572719,56,1013.3328571428572,613.3028571428572,1025.5,621,42,21,args,4,class->block->function->parameter_list->parameter->decl->name
2,148,rectangle_java2.jpg,rectangle_java2.jpg,600821080,244,1005.1490163934426,620.3496721311475,1007.5,621,10,21,],1,class->block->function->parameter_list->parameter->decl->type->name->index
2,148,rectangle_java2.jpg,rectangle_java2.jpg,601065142,116,965.7220689655172,687.8541379310345,932.5,694,100,21,rect1.area,10,class->block->function->block->block_content->expr_stmt->expr->call->argument_list->argument->expr->call->name->name->operator->name
2,148,rectangle_java2.jpg,rectangle_java2.jpg,601441132,64,921.97,670.344375,902.5,658,34,20,new,3,class->block->function->block->block_content->decl_stmt->decl->init->expr->operator
2,148,rectangle_java2.jpg,rectangle_java2.jpg,601581127,56,905.1971428571428,687.8692857142858,730.5,694,177,21,System.out.println,18,class->block->function->block->block_content->expr_stmt->expr->call->name->name->operator->name->operator->name
2,148,rectangle_java2.jpg,rectangle_java2.jpg,601581127,56,905.1971428571428,687.8692857142858,916.5,694,9,21,(,1,class->block->function->block->block_content->expr_stmt->expr->call->argument_list
2,148,rectangle_java2.jpg,rectangle_java2.jpg,601665099,68,920.405294117647,673.8894117647059,902.5,658,34,20,new,3,class->block->function->block->block_content->decl_stmt->decl->init->expr->operator
2,148,rectangle_java2.jpg,rectangle_java2.jpg,601784989,68,902.5105882352941,675.2429411764706,902.5,658,34,20,new,3,class->block->function->block->block_content->decl_stmt->decl->init->expr->operator
2,148,rectangle_java2.jpg,rectangle_java2.jpg,601912885,124,895.6687096774193,677.7196774193549,883.5,658,15,20,=,1,class->block->function->block->block_content->decl_stmt->decl->init
2,148,rectangle_java2.jpg,rectangle_java2.jpg,601912885,124,895.6687096774193,677.7196774193549,902.5,658,34,20,new,3,class->block->function->block->block_content->decl_stmt->decl->init->expr->operator
2,148,rectangle_java2.jpg,rectangle_java2.jpg,603680823,64,927.749375,247.84125,929.5,259,23,21,y2,2,class->block->decl_stmt->decl->name
2,148,rectangle_java2.jpg,rectangle_java2.jpg,604540911,76,940.4563157894737,252.52736842105264,929.5,259,23,21,y2,2,class->block->decl_stmt->decl->name
2,148,rectangle_java2.jpg,rectangle_java2.jpg,604604901,60,938.402,269.3093333333333,929.5,259,23,21,y2,2,class->block->decl_stmt->decl->name
2,148,rectangle_java2.jpg,rectangle_java2.jpg,604704889,60,893.8646666666666,304.59866666666665,890.5,295,24,21,x1,2,class->block->constructor->parameter_list->parameter->decl->type->name
2,148,rectangle_java2.jpg,rectangle_java2.jpg,604804829,96,898.6029166666667,304.55041666666665,890.5,295,24,21,x1,2,class->block->constructor->parameter_list->parameter->decl->type->name
2,148,rectangle_java2.jpg,rectangle_java2.jpg,605060730,60,884.666,270.70466666666664,881.5,259,23,21,x2,2,class->block->decl_stmt->decl->name
2,148,rectangle_java2.jpg,rectangle_java2.jpg,605132776,68,882.5029411764706,270.24411764705883,881.5,259,23,21,x2,2,class->block->decl_stmt->decl->name
2,148,rectangle_java2.jpg,rectangle_java2.jpg,605524750,132,1023.6151515151515,288.090303030303,1025.5,295,33,21,int,3,class->block->constructor->parameter_list->parameter->decl->type->name
2,148,rectangle_java2.jpg,rectangle_java2.jpg,605592740,64,1013.488125,297.31625,1007.5,295,10,21,",",1,class->block->constructor->parameter_list
2,148,rectangle_java2.jpg,rectangle_java2.jpg,605592740,64,1013.488125,297.31625,1025.5,295,33,21,int,3,class->block->constructor->parameter_list->parameter->decl->type->name
2,148,rectangle_java2.jpg,rectangle_java2.jpg,605728764,64,884.3931249999999,500.58875,874.5,512,10,21,{,1,class->block->function->block
2,148,rectangle_java2.jpg,rectangle_java2.jpg,605728764,64,884.3931249999999,500.58875,891.5,512,62,21,return,6,class->block->function->block->block_content->return->expr->name->name
2,148,rectangle_java2.jpg,rectangle_java2.jpg,605956772,80,882.106,530.935,874.5,512,10,21,{,1,class->block->function->block
2,148,rectangle_java2.jpg,rectangle_java2.jpg,605956772,80,882.106,530.935,891.5,512,62,21,return,6,class->block->function->block->block_content->return->expr->name->name
2,148,rectangle_java2.jpg,rectangle_java2.jpg,606036767,76,888.7415789473685,517.9331578947368,891.5,512,62,21,return,6,class->block->function->block->block_content->return->expr->name->name
2,148,rectangle_java2.jpg,rectangle_java2.jpg,606204759,132,937.699393939394,528.0393939393939,891.5,512,62,21,return,6,class->block->function->block->block_content->return->expr->name->name
2,148,rectangle_java2.jpg,rectangle_java2.jpg,606392738,128,929.3415625,515.6459375,891.5,512,62,21,return,6,class->block->function->block->block_content->return->expr->name->name
2,148,rectangle_java2.jpg,rectangle_java2.jpg,606496671,100,927.6524000000001,502.4424,891.5,512,62,21,return,6,class->block->function->block->block_content->return->expr->name->name
2,148,rectangle_java2.jpg,rectangle_java2.jpg,606556616,56,920.3557142857143,513.2528571428571,891.5,512,62,21,return,6,class->block->function->block->block_content->return->expr->name->name
2,148,rectangle_java2.jpg,rectangle_java2.jpg,606700539,140,924.094,547.0571428571428,900.5,549,63,21,return,6,class->block->function->block->block_content->return
2,148,rectangle_java2.jpg,rectangle_java2.jpg,606932603,68,952.3423529411765,508.9511764705883,891.5,512,62,21,return,6,class->block->function->block->block_content->return->expr->name->name
2,148,rectangle_java2.jpg,rectangle_java2.jpg,606932603,68,952.3423529411765,508.9511764705883,958.5,512,71,21,this.x2,7,class->block->function->block->block_content->return->expr->name->name->operator->name->operator
2,148,rectangle_java2.jpg,rectangle_java2.jpg,607612665,60,957.814,511.9653333333333,958.5,512,71,21,this.x2,7,class->block->function->block->block_content->return->expr->name->name->operator->name->operator
2,148,rectangle_java2.jpg,rectangle_java2.jpg,607748683,68,1027.3070588235294,505.02176470588233,958.5,512,71,21,this.x2,7,class->block->function->block->block_content->return->expr->name->name->operator->name->operator
2,148,rectangle_java2.jpg,rectangle_java2.jpg,607748683,68,1027.3070588235294,505.02176470588233,1035.5,512,13,21,-,1,class->block->function->block->block_content->return->expr->name->name
2,148,rectangle_java2.jpg,rectangle_java2.jpg,607932666,116,1124.248275862069,546.7534482758621,1064.5,549,71,21,this.y1,7,class->block->function->block->block_content->return->expr->name->name->operator->name
2,148,rectangle_java2.jpg,rectangle_java2.jpg,608008571,72,1116.3455555555556,554.0838888888889,1064.5,549,71,21,this.y1,7,class->block->function->block->block_content->return->expr->name->name->operator->name
2,148,rectangle_java2.jpg,rectangle_java2.jpg,608072452,60,1109.422,553.9046666666667,1064.5,549,71,21,this.y1,7,class->block->function->block->block_content->return->expr->name->name->operator->name
2,148,rectangle_java2.jpg,rectangle_java2.jpg,608936791,68,908.4070588235294,617.8270588235295,904.5,621,9,21,(,1,class->block->function->parameter_list
2,148,rectangle_java2.jpg,rectangle_java2.jpg,608936791,68,908.4070588235294,617.8270588235295,920.5,621,62,21,String,6,class->block->function->parameter_list->parameter->decl->type->name->name
2,148,rectangle_java2.jpg,rectangle_java2.jpg,609012833,72,924.2433333333333,612.3555555555556,920.5,621,62,21,String,6,class->block->function->parameter_list->parameter->decl->type->name->name
2,148,rectangle_java2.jpg,rectangle_java2.jpg,609148580,80,898.727,575.51,893.5,585,10,21,{,1,class->block->function->block
2,148,rectangle_java2.jpg,rectangle_java2.jpg,609148580,80,898.727,575.51,910.5,585,62,21,return,6,class->block->function->block->block_content->return
2,148,rectangle_java2.jpg,rectangle_java2.jpg,609348469,72,920.8827777777777,555.305,900.5,549,63,21,return,6,class->block->function->block->block_content->return
2,148,rectangle_java2.jpg,rectangle_java2.jpg,609652394,64,993.595625,590.624375,977.5,585,101,21,this.width,10,class->block->function->block->block_content->return->expr->call->name->name->operator->name
2,148,rectangle_java2.jpg,rectangle_java2.jpg,610284349,60,1137.1779999999999,582.0833333333334,1140.5,585,110,21,this.height,11,class->block->function->block->block_content->return->expr->call->name->name->operator->name
2,148,rectangle_java2.jpg,rectangle_java2.jpg,610620340,60,958.29,624.754,920.5,621,62,21,String,6,class->block->function->parameter_list->parameter->decl->type->name->name
2,148,rectangle_java2.jpg,rectangle_java2.jpg,610908341,84,886.6552380952381,621.8147619047619,851.5,621,44,21,main,4,class->block->function->name
2,148,rectangle_java2.jpg,rectangle_java2.jpg,611020346,72,933.0594444444445,635.5644444444445,920.5,621,62,21,String,6,class->block->function->parameter_list->parameter->decl->type->name->name
2,148,rectangle_java2.jpg,rectangle_java2.jpg,611312314,128,1041.7528125000001,623.11875,1025.5,621,42,21,args,4,class->block->function->parameter_list->parameter->decl->name
2,148,rectangle_java2.jpg,rectangle_java2.jpg,611384257,68,1035.985294117647,629.2158823529412,1025.5,621,42,21,args,4,class->block->function->parameter_list->parameter->decl->name
2,148,rectangle_java2.jpg,rectangle_java2.jpg,611488225,100,1048.9372,616.4828,1025.5,621,42,21,args,4,class->block->function->parameter_list->parameter->decl->name
2,148,rectangle_java2.jpg,rectangle_java2.jpg,611568193,76,1050.7115789473685,600.9894736842106,977.5,585,101,21,this.width,10,class->block->function->block->block_content->return->expr->call->name->name->operator->name
2,148,rectangle_java2.jpg,rectangle_java2.jpg,611784140,60,1054.6273333333334,620.7633333333333,1025.5,621,42,21,args,4,class->block->function->parameter_list->parameter->decl->name
2,148,rectangle_java2.jpg,rectangle_java2.jpg,612124160,104,1023.8230769230769,597.4553846153846,977.5,585,101,21,this.width,10,class->block->function->block->block_content->return->expr->call->name->name->operator->name
2,148,rectangle_java2.jpg,rectangle_java2.jpg,612524275,116,1090.7793103448275,636.0113793103449,1094.5,621,10,21,{,1,class->block->function->block
2,148,rectangle_java2.jpg,rectangle_java2.jpg,612864148,140,1192.9888571428571,646.8931428571428,1182.5,658,22,20,10,2,class->block->function->block->block_content->decl_stmt->decl->init->expr->call->argument_list->argument->expr->literal
2,148,rectangle_java2.jpg,rectangle_java2.jpg,613083988,72,934.8266666666666,640.7938888888889,920.5,621,62,21,String,6,class->block->function->parameter_list->parameter->decl->type->name->name
2,148,rectangle_java2.jpg,rectangle_java2.jpg,613368025,76,931.3252631578947,624.8631578947369,920.5,621,62,21,String,6,class->block->function->parameter_list->parameter->decl->type->name->name
2,148,rectangle_java2.jpg,rectangle_java2.jpg,613572068,144,1007.3408333333333,617.4366666666666,1007.5,621,10,21,],1,class->block->function->parameter_list->parameter->decl->type->name->index
2,148,rectangle_java2.jpg,rectangle_java2.jpg,613760086,80,921.669,608.8095,920.5,621,62,21,String,6,class->block->function->parameter_list->parameter->decl->type->name->name
2,148,rectangle_java2.jpg,rectangle_java2.jpg,613828082,64,925.34625,590.978125,910.5,585,62,21,return,6,class->block->function->block->block_content->return
2,148,rectangle_java2.jpg,rectangle_java2.jpg,614467908,108,1069.8685185185186,654.5681481481481,1057.5,658,13,20,0,1,class->block->function->block->block_content->decl_stmt->decl->init->expr->call->argument_list->argument->expr->literal
2,148,rectangle_java2.jpg,rectangle_java2.jpg,614467908,108,1069.8685185185186,654.5681481481481,1077.5,658,9,20,",",1,class->block->function->block->block_content->decl_stmt->decl->init->expr->call->argument_list
2,148,rectangle_java2.jpg,rectangle_java2.jpg,614623880,64,1073.81875,652.945625,1077.5,658,9,20,",",1,class->block->function->block->block_content->decl_stmt->decl->init->expr->call->argument_list
2,148,rectangle_java2.jpg,rectangle_java2.jpg,615007948,132,1105.0187878787879,664.9415151515152,1095.5,658,13,20,0,1,class->block->function->block->block_content->decl_stmt->decl->init->expr->call->argument_list->argument->expr->literal
2,148,rectangle_java2.jpg,rectangle_java2.jpg,615007948,132,1105.0187878787879,664.9415151515152,1115.5,658,10,20,",",1,class->block->function->block->block_content->decl_stmt->decl->init->expr->call->argument_list
2,148,rectangle_java2.jpg,rectangle_java2.jpg,615139949,128,1104.6175,670.914375,1095.5,658,13,20,0,1,class->block->function->block->block_content->decl_stmt->decl->init->expr->call->argument_list->argument->expr->literal
2,148,rectangle_java2.jpg,rectangle_java2.jpg,615139949,128,1104.6175,670.914375,1115.5,658,10,20,",",1,class->block->function->block->block_content->decl_stmt->decl->init->expr->call->argument_list
2,148,rectangle_java2.jpg,rectangle_java2.jpg,615251950,108,1108.7544444444445,661.6614814814815,1115.5,658,10,20,",",1,class->block->function->block->block_content->decl_stmt->decl->init->expr->call->argument_list
2,148,rectangle_java2.jpg,rectangle_java2.jpg,615395945,140,1101.6057142857144,663.5971428571429,1095.5,658,13,20,0,1,class->block->function->block->block_content->decl_stmt->decl->init->expr->call->argument_list->argument->expr->literal
2,148,rectangle_java2.jpg,rectangle_java2.jpg,615503927,104,1114.6942307692307,662.3138461538462,1115.5,658,10,20,",",1,class->block->function->block->block_content->decl_stmt->decl->init->expr->call->argument_list
2,148,rectangle_java2.jpg,rectangle_java2.jpg,615659941,72,1075.8244444444445,688.3038888888889,1077.5,694,9,21,),1,class->block->function->block->block_content->expr_stmt->expr->call->argument_list
2,148,rectangle_java2.jpg,rectangle_java2.jpg,615731952,68,1059.7505882352941,692.5917647058824,1057.5,694,10,21,),1,class->block->function->block->block_content->expr_stmt->expr->call->argument_list->argument->expr->call->argument_list
2,148,rectangle_java2.jpg,rectangle_java2.jpg,615807974,72,1047.6466666666668,681.6266666666667,1041.5,694,9,21,(,1,class->block->function->block->block_content->expr_stmt->expr->call->argument_list->argument->expr->call->argument_list
2,148,rectangle_java2.jpg,rectangle_java2.jpg,615807974,72,1047.6466666666668,681.6266666666667,1057.5,694,10,21,),1,class->block->function->block->block_content->expr_stmt->expr->call->argument_list->argument->expr->call->argument_list
2,148,rectangle_java2.jpg,rectangle_java2.jpg,616351691,68,1041.2076470588236,687.3070588235294,1041.5,694,9,21,(,1,class->block->function->block->block_content->expr_stmt->expr->call->argument_list->argument->expr->call->argument_list
2,148,rectangle_java2.jpg,rectangle_java2.jpg,616439493,84,1045.2290476190476,704.1538095238095,1041.5,694,9,21,(,1,class->block->function->block->block_content->expr_stmt->expr->call->argument_list->argument->expr->call->argument_list
2,148,rectangle_java2.jpg,rectangle_java2.jpg,616439493,84,1045.2290476190476,704.1538095238095,1057.5,694,10,21,),1,class->block->function->block->block_content->expr_stmt->expr->call->argument_list->argument->expr->call->argument_list
2,148,rectangle_java2.jpg,rectangle_java2.jpg,616535310,72,1068.986111111111,714.9044444444445,1077.5,694,9,21,),1,class->block->function->block->block_content->expr_stmt->expr->call->argument_list
2,148,rectangle_java2.jpg,rectangle_java2.jpg,616635499,96,1071.33,709.3125,1077.5,694,9,21,),1,class->block->function->block->block_content->expr_stmt->expr->call->argument_list
2,148,rectangle_java2.jpg,rectangle_java2.jpg,617171733,72,901.7711111111112,706.2172222222222,730.5,694,177,21,System.out.println,18,class->block->function->block->block_content->expr_stmt->expr->call->name->name->operator->name->operator->name
2,148,rectangle_java2.jpg,rectangle_java2.jpg,617451756,104,966.1603846153846,692.9007692307692,932.5,694,100,21,rect1.area,10,class->block->function->block->block_content->expr_stmt->expr->call->argument_list->argument->expr->call->name->name->operator->name
2,148,rectangle_java2.jpg,rectangle_java2.jpg,617607704,152,974.0494736842105,700.1471052631579,932.5,694,100,21,rect1.area,10,class->block->function->block->block_content->expr_stmt->expr->call->argument_list->argument->expr->call->name->name->operator->name
2,148,rectangle_java2.jpg,rectangle_java2.jpg,617751779,92,1002.6891304347827,684.554347826087,932.5,694,100,21,rect1.area,10,class->block->function->block->block_content->expr_stmt->expr->call->argument_list->argument->expr->call->name->name->operator->name
2,148,rectangle_java2.jpg,rectangle_java2.jpg,617951696,88,1082.6609090909092,730.2627272727273,1077.5,731,9,20,",",1,class->block->function->block->block_content->decl_stmt->decl->init->expr->call->argument_list
2,148,rectangle_java2.jpg,rectangle_java2.jpg,618091669,136,1095.9964705882353,725.0944117647059,1095.5,731,13,20,5,1,class->block->function->block->block_content->decl_stmt->decl->init->expr->call->argument_list->argument->expr->literal
2,148,rectangle_java2.jpg,rectangle_java2.jpg,618279683,56,1108.0142857142857,724.8092857142857,1095.5,731,13,20,5,1,class->block->function->block->block_content->decl_stmt->decl->init->expr->call->argument_list->argument->expr->literal
2,148,rectangle_java2.jpg,rectangle_java2.jpg,618279683,56,1108.0142857142857,724.8092857142857,1115.5,731,10,20,",",1,class->block->function->block->block_content->decl_stmt->decl->init->expr->call->argument_list
2,148,rectangle_java2.jpg,rectangle_java2.jpg,618391696,108,1106.8348148148148,738.4781481481482,1095.5,731,13,20,5,1,class->block->function->block->block_content->decl_stmt->decl->init->expr->call->argument_list->argument->expr->literal
2,148,rectangle_java2.jpg,rectangle_java2.jpg,618391696,108,1106.8348148148148,738.4781481481482,1115.5,731,10,20,",",1,class->block->function->block->block_content->decl_stmt->decl->init->expr->call->argument_list
2,148,rectangle_java2.jpg,rectangle_java2.jpg,618459679,64,1113.5631250000001,749.106875,1115.5,731,10,20,",",1,class->block->function->block->block_content->decl_stmt->decl->init->expr->call->argument_list
2,148,rectangle_java2.jpg,rectangle_java2.jpg,618523663,60,1098.2573333333332,736.7533333333333,1095.5,731,13,20,5,1,class->block->function->block->block_content->decl_stmt->decl->init->expr->call->argument_list->argument->expr->literal
2,148,rectangle_java2.jpg,rectangle_java2.jpg,618595647,68,1095.3988235294119,735.6058823529412,1095.5,731,13,20,5,1,class->block->function->block->block_content->decl_stmt->decl->init->expr->call->argument_list->argument->expr->literal
2,148,rectangle_java2.jpg,rectangle_java2.jpg,618751643,72,1072.4983333333334,689.7138888888888,1077.5,694,9,21,),1,class->block->function->block->block_content->expr_stmt->expr->call->argument_list
2,148,rectangle_java2.jpg,rectangle_java2.jpg,618867660,64,1062.97375,698.55625,1057.5,694,10,21,),1,class->block->function->block->block_content->expr_stmt->expr->call->argument_list->argument->expr->call->argument_list
2,148,rectangle_java2.jpg,rectangle_java2.jpg,619007671,64,1102.62875,685.31875,1096.5,694,10,21,;,1,class->block->function->block->block_content->expr_stmt
2,148,rectangle_java2.jpg,rectangle_java2.jpg,619083629,72,1096.9772222222223,694.4166666666666,1096.5,694,10,21,;,1,class->block->function->block->block_content->expr_stmt
2,148,rectangle_java2.jpg,rectangle_java2.jpg,619283611,68,1009.2,684.6435294117647,932.5,694,100,21,rect1.area,10,class->block->function->block->block_content->expr_stmt->expr->call->argument_list->argument->expr->call->name->name->operator->name
2,148,rectangle_java2.jpg,rectangle_java2.jpg,620007525,64,970.769375,669.96875,941.5,658,91,20,Rectangle,9,class->block->function->block->block_content->decl_stmt->decl->init->expr->call->name
2,148,rectangle_java2.jpg,rectangle_java2.jpg,620175548,104,971.8930769230769,661.4873076923077,941.5,658,91,20,Rectangle,9,class->block->function->block->block_content->decl_stmt->decl->init->expr->call->name
2,148,rectangle_java2.jpg,rectangle_java2.jpg,621755432,68,1159.3617647058825,646.1817647058823,1163.5,658,10,20,",",1,class->block->function->block->block_content->decl_stmt->decl->init->expr->call->argument_list
2,148,rectangle_java2.jpg,rectangle_java2.jpg,621851440,60,1223.76,649.5766666666667,1231.5,658,10,20,;,1,class->block->function->block->block_content->decl_stmt
2,148,rectangle_java2.jpg,rectangle_java2.jpg,623071306,100,935.8256,312.772,939.5,295,33,21,int,3,class->block->constructor->parameter_list->parameter->decl->type->name
2,148,rectangle_java2.jpg,rectangle_java2.jpg,623447288,76,816.6794736842105,330.8357894736842,806.5,331,15,19,=,1,class->block->constructor->block->block_content->expr_stmt->expr->operator
2,148,rectangle_java2.jpg,rectangle_java2.jpg,623447288,76,816.6794736842105,330.8357894736842,826.5,331,23,19,x1,2,class->block->constructor->block->block_content->expr_stmt->expr->name->name
2,148,rectangle_java2.jpg,rectangle_java2.jpg,628454911,68,1170.8070588235294,292.5423529411765,1150.5,295,23,21,y2,2,class->block->constructor->parameter_list->parameter->decl->type->name
2,148,rectangle_java2.jpg,rectangle_java2.jpg,628454911,68,1170.8070588235294,292.5423529411765,1180.5,295,9,21,),1,class->block->constructor->parameter_list
2,148,rectangle_java2.jpg,rectangle_java2.jpg,628606866,148,1156.5243243243244,294.1183783783784,1150.5,295,23,21,y2,2,class->block->constructor->parameter_list->parameter->decl->type->name
2,148,rectangle_java2.jpg,rectangle_java2.jpg,628890743,200,1084.1444,297.9508,1063.5,295,23,21,x2,2,class->block->constructor->parameter_list->parameter->decl->type->name
2,148,rectangle_java2.jpg,rectangle_java2.jpg,628890743,200,1084.1444,297.9508,1094.5,295,9,21,",",1,class->block->constructor->parameter_list
2,148,rectangle_java2.jpg,rectangle_java2.jpg,629306907,108,1028.1725925925925,306.6974074074074,1025.5,295,33,21,int,3,class->block->constructor->parameter_list->parameter->decl->type->name
2,148,rectangle_java2.jpg,rectangle_java2.jpg,630458726,76,1059.148947368421,712.5094736842105,1057.5,694,10,21,),1,class->block->function->block->block_content->expr_stmt->expr->call->argument_list->argument->expr->call->argument_list
2,148,rectangle_java2.jpg,rectangle_java2.jpg,630762649,204,1003.4692156862745,600.5670588235295,977.5,585,101,21,this.width,10,class->block->function->block->block_content->return->expr->call->name->name->operator->name
