trial,participant,code_file,code_language,timestamp,duration,x_cord,y_cord,aoi_x,aoi_y,aoi_width,aoi_height,token,length,srcML
2,179,rectangle_java2.jpg,rectangle_java2.jpg,422039560,144,854.5230555555555,359.53805555555556,856.5,367,10,21,;,1,class->block->constructor->block->block_content->expr_stmt
2,179,rectangle_java2.jpg,rectangle_java2.jpg,422115651,72,848.5638888888889,348.92555555555555,826.5,331,23,19,x1,2,class->block->constructor->block->block_content->expr_stmt->expr->name->name
2,179,rectangle_java2.jpg,rectangle_java2.jpg,422115651,72,848.5638888888889,348.92555555555555,856.5,331,10,19,;,1,class->block->constructor->block->block_content->expr_stmt
2,179,rectangle_java2.jpg,rectangle_java2.jpg,422259621,100,761.3564,213.4416,715.5,222,90,21,Rectangle,9,class->name
2,179,rectangle_java2.jpg,rectangle_java2.jpg,426931333,64,787.116875,216.268125,715.5,222,90,21,Rectangle,9,class->name
2,179,rectangle_java2.jpg,rectangle_java2.jpg,427035349,100,774.3284,226.1692,715.5,222,90,21,Rectangle,9,class->name
2,179,rectangle_java2.jpg,rectangle_java2.jpg,427099351,60,776.8813333333334,234.2746666666667,715.5,222,90,21,Rectangle,9,class->name
2,179,rectangle_java2.jpg,rectangle_java2.jpg,427319413,160,725.385,221.96425,715.5,222,90,21,Rectangle,9,class->name
2,179,rectangle_java2.jpg,rectangle_java2.jpg,427647377,272,789.9873529411765,228.36161764705884,715.5,222,90,21,Rectangle,9,class->name
2,179,rectangle_java2.jpg,rectangle_java2.jpg,427799323,148,776.6227027027027,223.3427027027027,715.5,222,90,21,Rectangle,9,class->name
2,179,rectangle_java2.jpg,rectangle_java2.jpg,428647216,84,767.0380952380953,219.87619047619046,715.5,222,90,21,Rectangle,9,class->name
2,179,rectangle_java2.jpg,rectangle_java2.jpg,428795175,144,769.2283333333334,223.6927777777778,715.5,222,90,21,Rectangle,9,class->name
2,179,rectangle_java2.jpg,rectangle_java2.jpg,430407027,56,732.3057142857143,238.01714285714286,715.5,222,90,21,Rectangle,9,class->name
2,179,rectangle_java2.jpg,rectangle_java2.jpg,430467039,56,737.7692857142857,254.87214285714288,669.5,259,72,21,private,7,class->block->decl_stmt->decl->type->specifier
2,179,rectangle_java2.jpg,rectangle_java2.jpg,430467039,56,737.7692857142857,254.87214285714288,747.5,259,33,21,int,3,class->block->decl_stmt->decl->type->name
2,179,rectangle_java2.jpg,rectangle_java2.jpg,430567058,96,728.1595833333333,253.65083333333337,669.5,259,72,21,private,7,class->block->decl_stmt->decl->type->specifier
2,179,rectangle_java2.jpg,rectangle_java2.jpg,430731168,124,761.2887096774193,277.2683870967742,747.5,259,33,21,int,3,class->block->decl_stmt->decl->type->name
2,179,rectangle_java2.jpg,rectangle_java2.jpg,430847160,76,806.0442105263159,285.76473684210526,737.5,295,91,21,Rectangle,9,class->block->constructor->name
2,179,rectangle_java2.jpg,rectangle_java2.jpg,430971108,120,801.391,267.21566666666666,785.5,259,23,21,x1,2,class->block->decl_stmt->decl->name
2,179,rectangle_java2.jpg,rectangle_java2.jpg,431206768,196,748.0977551020408,286.8579591836735,737.5,295,91,21,Rectangle,9,class->block->constructor->name
2,179,rectangle_java2.jpg,rectangle_java2.jpg,431430951,188,821.4021276595745,288.69531914893616,737.5,295,91,21,Rectangle,9,class->block->constructor->name
2,179,rectangle_java2.jpg,rectangle_java2.jpg,431515009,56,884.225,259.1514285714286,881.5,259,23,21,x2,2,class->block->decl_stmt->decl->name
2,179,rectangle_java2.jpg,rectangle_java2.jpg,431607040,88,892.1268181818182,268.61454545454546,881.5,259,23,21,x2,2,class->block->decl_stmt->decl->name
2,179,rectangle_java2.jpg,rectangle_java2.jpg,431786960,124,929.6,261.37612903225806,929.5,259,23,21,y2,2,class->block->decl_stmt->decl->name
2,179,rectangle_java2.jpg,rectangle_java2.jpg,432110941,56,994.1564285714286,285.80071428571426,977.5,295,23,21,y1,2,class->block->constructor->parameter_list->parameter->decl->type->name
2,179,rectangle_java2.jpg,rectangle_java2.jpg,432327078,188,950.8217021276596,278.26978723404255,929.5,259,23,21,y2,2,class->block->decl_stmt->decl->name
2,179,rectangle_java2.jpg,rectangle_java2.jpg,432327078,188,950.8217021276596,278.26978723404255,959.5,259,10,21,;,1,class->block->decl_stmt
2,179,rectangle_java2.jpg,rectangle_java2.jpg,432463038,132,934.7463636363636,285.8036363636364,939.5,295,33,21,int,3,class->block->constructor->parameter_list->parameter->decl->type->name
2,179,rectangle_java2.jpg,rectangle_java2.jpg,433282810,116,1090.4527586206896,291.2834482758621,1094.5,295,9,21,",",1,class->block->constructor->parameter_list
2,179,rectangle_java2.jpg,rectangle_java2.jpg,433690825,148,1159.94,283.8602702702703,1150.5,295,23,21,y2,2,class->block->constructor->parameter_list->parameter->decl->type->name
2,179,rectangle_java2.jpg,rectangle_java2.jpg,434382716,56,812.9492857142857,313.61285714285714,737.5,295,91,21,Rectangle,9,class->block->constructor->name
2,179,rectangle_java2.jpg,rectangle_java2.jpg,434926673,236,854.2640677966102,303.4891525423729,853.5,295,32,21,int,3,class->block->constructor->parameter_list->parameter->decl->type->name
2,179,rectangle_java2.jpg,rectangle_java2.jpg,435654726,80,932.7885,313.5075,939.5,295,33,21,int,3,class->block->constructor->parameter_list->parameter->decl->type->name
2,179,rectangle_java2.jpg,rectangle_java2.jpg,435902285,244,941.722131147541,304.1462295081967,939.5,295,33,21,int,3,class->block->constructor->parameter_list->parameter->decl->type->name
2,179,rectangle_java2.jpg,rectangle_java2.jpg,436186555,60,815.5026666666666,335.266,806.5,331,15,19,=,1,class->block->constructor->block->block_content->expr_stmt->expr->operator
2,179,rectangle_java2.jpg,rectangle_java2.jpg,436186555,60,815.5026666666666,335.266,826.5,331,23,19,x1,2,class->block->constructor->block->block_content->expr_stmt->expr->name->name
2,179,rectangle_java2.jpg,rectangle_java2.jpg,436318538,128,813.006875,344.825,806.5,331,15,19,=,1,class->block->constructor->block->block_content->expr_stmt->expr->operator
2,179,rectangle_java2.jpg,rectangle_java2.jpg,436746619,192,840.42375,340.6625,826.5,331,23,19,x1,2,class->block->constructor->block->block_content->expr_stmt->expr->name->name
2,179,rectangle_java2.jpg,rectangle_java2.jpg,437490281,144,866.46,326.1436111111111,856.5,331,10,19,;,1,class->block->constructor->block->block_content->expr_stmt
2,179,rectangle_java2.jpg,rectangle_java2.jpg,437686404,168,815.3047619047619,358.83190476190475,806.5,367,15,21,=,1,class->block->constructor->block->block_content->expr_stmt->expr->operator
2,179,rectangle_java2.jpg,rectangle_java2.jpg,437686404,168,815.3047619047619,358.83190476190475,826.5,367,23,21,y1,2,class->block->constructor->block->block_content->expr_stmt->expr->name->name
2,179,rectangle_java2.jpg,rectangle_java2.jpg,437914428,100,809.7876,358.794,806.5,367,15,21,=,1,class->block->constructor->block->block_content->expr_stmt->expr->operator
2,179,rectangle_java2.jpg,rectangle_java2.jpg,438354412,140,801.8194285714286,340.9371428571429,806.5,331,15,19,=,1,class->block->constructor->block->block_content->expr_stmt->expr->operator
2,179,rectangle_java2.jpg,rectangle_java2.jpg,438618410,112,813.1996428571429,250.675,815.5,259,10,21,",",1,class->block->decl_stmt
2,179,rectangle_java2.jpg,rectangle_java2.jpg,439146269,84,834.0552380952381,355.3747619047619,826.5,367,23,21,y1,2,class->block->constructor->block->block_content->expr_stmt->expr->name->name
2,179,rectangle_java2.jpg,rectangle_java2.jpg,439226279,76,836.92,343.41473684210524,826.5,331,23,19,x1,2,class->block->constructor->block->block_content->expr_stmt->expr->name->name
2,179,rectangle_java2.jpg,rectangle_java2.jpg,439358308,108,796.5614814814815,375.2811111111111,730.5,367,71,21,this.y1,7,class->block->constructor->block->block_content->expr_stmt->expr->name->name->operator->name
2,179,rectangle_java2.jpg,rectangle_java2.jpg,439358308,108,796.5614814814815,375.2811111111111,806.5,367,15,21,=,1,class->block->constructor->block->block_content->expr_stmt->expr->operator
2,179,rectangle_java2.jpg,rectangle_java2.jpg,439602335,132,854.7660606060606,367.80060606060607,856.5,367,10,21,;,1,class->block->constructor->block->block_content->expr_stmt
2,179,rectangle_java2.jpg,rectangle_java2.jpg,441450165,256,774.84921875,240.58968749999997,715.5,222,90,21,Rectangle,9,class->name
2,179,rectangle_java2.jpg,rectangle_java2.jpg,441614164,124,826.3377419354839,361.86064516129034,826.5,367,23,21,y1,2,class->block->constructor->block->block_content->expr_stmt->expr->name->name
2,179,rectangle_java2.jpg,rectangle_java2.jpg,441674160,56,813.0271428571428,380.74571428571426,806.5,367,15,21,=,1,class->block->constructor->block->block_content->expr_stmt->expr->operator
2,179,rectangle_java2.jpg,rectangle_java2.jpg,441766155,88,804.3845454545454,377.60136363636366,806.5,367,15,21,=,1,class->block->constructor->block->block_content->expr_stmt->expr->operator
2,179,rectangle_java2.jpg,rectangle_java2.jpg,441906132,136,794.2541176470588,395.1520588235294,730.5,404,71,19,this.x2,7,class->block->constructor->block->block_content->expr_stmt->expr->name->name->operator->name
2,179,rectangle_java2.jpg,rectangle_java2.jpg,441906132,136,794.2541176470588,395.1520588235294,806.5,404,15,19,=,1,class->block->constructor->block->block_content->expr_stmt->expr->operator
2,179,rectangle_java2.jpg,rectangle_java2.jpg,442249900,292,860.99,391.69342465753425,856.5,404,10,19,;,1,class->block->constructor->block->block_content->expr_stmt
2,179,rectangle_java2.jpg,rectangle_java2.jpg,442417960,164,839.9029268292683,391.58853658536583,826.5,404,23,19,x2,2,class->block->constructor->block->block_content->expr_stmt->expr->name->name
2,179,rectangle_java2.jpg,rectangle_java2.jpg,443753570,204,795.6758823529411,383.2056862745098,730.5,367,71,21,this.y1,7,class->block->constructor->block->block_content->expr_stmt->expr->name->name->operator->name
2,179,rectangle_java2.jpg,rectangle_java2.jpg,443753570,204,795.6758823529411,383.2056862745098,806.5,367,15,21,=,1,class->block->constructor->block->block_content->expr_stmt->expr->operator
2,179,rectangle_java2.jpg,rectangle_java2.jpg,443941698,184,798.5045652173914,403.25173913043477,730.5,404,71,19,this.x2,7,class->block->constructor->block->block_content->expr_stmt->expr->name->name->operator->name
2,179,rectangle_java2.jpg,rectangle_java2.jpg,443941698,184,798.5045652173914,403.25173913043477,806.5,404,15,19,=,1,class->block->constructor->block->block_content->expr_stmt->expr->operator
2,179,rectangle_java2.jpg,rectangle_java2.jpg,444106021,100,1043.0244,288.388,1025.5,295,33,21,int,3,class->block->constructor->parameter_list->parameter->decl->type->name
2,179,rectangle_java2.jpg,rectangle_java2.jpg,444182227,72,1050.3305555555555,299.83722222222224,1025.5,295,33,21,int,3,class->block->constructor->parameter_list->parameter->decl->type->name
2,179,rectangle_java2.jpg,rectangle_java2.jpg,445585461,212,793.0960377358491,411.6377358490566,730.5,404,71,19,this.x2,7,class->block->constructor->block->block_content->expr_stmt->expr->name->name->operator->name
2,179,rectangle_java2.jpg,rectangle_java2.jpg,445829767,144,855.315,404.34333333333336,856.5,404,10,19,;,1,class->block->constructor->block->block_content->expr_stmt
2,179,rectangle_java2.jpg,rectangle_java2.jpg,446453741,64,786.293125,456.33375,730.5,440,71,21,this.y2,7,class->block->constructor->block->block_content->expr_stmt->expr->name->name->operator->name
2,179,rectangle_java2.jpg,rectangle_java2.jpg,446597731,80,786.724,404.989,730.5,404,71,19,this.x2,7,class->block->constructor->block->block_content->expr_stmt->expr->name->name->operator->name
2,179,rectangle_java2.jpg,rectangle_java2.jpg,446721669,88,842.6754545454545,409.0781818181818,826.5,404,23,19,x2,2,class->block->constructor->block->block_content->expr_stmt->expr->name->name
2,179,rectangle_java2.jpg,rectangle_java2.jpg,447289572,112,858.4382142857143,339.77750000000003,856.5,331,10,19,;,1,class->block->constructor->block->block_content->expr_stmt
2,179,rectangle_java2.jpg,rectangle_java2.jpg,447353568,60,843.986,336.3,826.5,331,23,19,x1,2,class->block->constructor->block->block_content->expr_stmt->expr->name->name
2,179,rectangle_java2.jpg,rectangle_java2.jpg,447497546,140,838.6685714285715,307.162,837.5,295,9,21,(,1,class->block->constructor->parameter_list
2,179,rectangle_java2.jpg,rectangle_java2.jpg,447925560,176,752.8318181818182,508.0263636363636,737.5,512,33,21,int,3,class->block->function->type->name
2,179,rectangle_java2.jpg,rectangle_java2.jpg,448049684,92,821.5030434782609,506.2360869565217,775.5,512,53,21,width,5,class->block->function->name
2,179,rectangle_java2.jpg,rectangle_java2.jpg,448213701,72,790.0461111111111,505.21833333333336,775.5,512,53,21,width,5,class->block->function->name
2,179,rectangle_java2.jpg,rectangle_java2.jpg,448589489,116,748.0951724137931,501.88275862068963,737.5,512,33,21,int,3,class->block->function->type->name
2,179,rectangle_java2.jpg,rectangle_java2.jpg,448689494,64,794.215,506.28125,775.5,512,53,21,width,5,class->block->function->name
2,179,rectangle_java2.jpg,rectangle_java2.jpg,448797500,104,792.9803846153847,504.8092307692308,775.5,512,53,21,width,5,class->block->function->name
2,179,rectangle_java2.jpg,rectangle_java2.jpg,449037474,172,865.3513953488372,514.0548837209302,874.5,512,10,21,{,1,class->block->function->block
2,179,rectangle_java2.jpg,rectangle_java2.jpg,449213451,120,850.9933333333333,518.6033333333334,854.5,512,9,21,),1,class->block->function->parameter_list
2,179,rectangle_java2.jpg,rectangle_java2.jpg,449285458,60,972.804,522.704,958.5,512,71,21,this.x2,7,class->block->function->block->block_content->return->expr->name->name->operator->name->operator
2,179,rectangle_java2.jpg,rectangle_java2.jpg,449425464,136,978.6976470588236,517.2191176470589,958.5,512,71,21,this.x2,7,class->block->function->block->block_content->return->expr->name->name->operator->name->operator
2,179,rectangle_java2.jpg,rectangle_java2.jpg,449749924,320,966.919875,520.526875,958.5,512,71,21,this.x2,7,class->block->function->block->block_content->return->expr->name->name->operator->name->operator
2,179,rectangle_java2.jpg,rectangle_java2.jpg,450001340,120,1023.7573333333333,509.87766666666664,958.5,512,71,21,this.x2,7,class->block->function->block->block_content->return->expr->name->name->operator->name->operator
2,179,rectangle_java2.jpg,rectangle_java2.jpg,450001340,120,1023.7573333333333,509.87766666666664,1035.5,512,13,21,-,1,class->block->function->block->block_content->return->expr->name->name
2,179,rectangle_java2.jpg,rectangle_java2.jpg,450065354,60,1025.8166666666666,516.926,958.5,512,71,21,this.x2,7,class->block->function->block->block_content->return->expr->name->name->operator->name->operator
2,179,rectangle_java2.jpg,rectangle_java2.jpg,450065354,60,1025.8166666666666,516.926,1035.5,512,13,21,-,1,class->block->function->block->block_content->return->expr->name->name
2,179,rectangle_java2.jpg,rectangle_java2.jpg,450257378,152,977.7328947368421,516.463947368421,958.5,512,71,21,this.x2,7,class->block->function->block->block_content->return->expr->name->name->operator->name->operator
2,179,rectangle_java2.jpg,rectangle_java2.jpg,450525316,56,1003.1357142857142,544.4064285714286,968.5,549,70,21,this.y2,7,class->block->function->block->block_content->return->expr->name->name->operator->name
2,179,rectangle_java2.jpg,rectangle_java2.jpg,450673322,144,999.655,531.3719444444445,958.5,512,71,21,this.x2,7,class->block->function->block->block_content->return->expr->name->name->operator->name->operator
2,179,rectangle_java2.jpg,rectangle_java2.jpg,450801365,76,842.6784210526316,561.0289473684211,846.5,549,10,21,(,1,class->block->function->parameter_list
2,179,rectangle_java2.jpg,rectangle_java2.jpg,450869410,64,825.094375,551.69625,775.5,549,62,21,height,6,class->block->function->name
2,179,rectangle_java2.jpg,rectangle_java2.jpg,451037454,164,812.9531707317074,542.8951219512195,775.5,549,62,21,height,6,class->block->function->name
2,179,rectangle_java2.jpg,rectangle_java2.jpg,451209397,104,869.9834615384615,555.5353846153846,863.5,549,9,21,),1,class->block->function->parameter_list
2,179,rectangle_java2.jpg,rectangle_java2.jpg,451305374,92,879.8895652173914,560.5513043478261,883.5,549,10,21,{,1,class->block->function->block
2,179,rectangle_java2.jpg,rectangle_java2.jpg,451561061,148,933.938918918919,526.2762162162162,891.5,512,62,21,return,6,class->block->function->block->block_content->return->expr->name->name
2,179,rectangle_java2.jpg,rectangle_java2.jpg,452029187,220,977.7016363636363,528.031090909091,958.5,512,71,21,this.x2,7,class->block->function->block->block_content->return->expr->name->name->operator->name->operator
2,179,rectangle_java2.jpg,rectangle_java2.jpg,452225254,180,1053.5175555555556,537.8353333333333,1045.5,549,13,21,-,1,class->block->function->block->block_content->return->expr->operator
2,179,rectangle_java2.jpg,rectangle_java2.jpg,452225254,180,1053.5175555555556,537.8353333333333,1064.5,549,71,21,this.y1,7,class->block->function->block->block_content->return->expr->name->name->operator->name
2,179,rectangle_java2.jpg,rectangle_java2.jpg,452333265,104,1052.5434615384615,538.5511538461539,1045.5,549,13,21,-,1,class->block->function->block->block_content->return->expr->operator
2,179,rectangle_java2.jpg,rectangle_java2.jpg,452333265,104,1052.5434615384615,538.5511538461539,1064.5,549,71,21,this.y1,7,class->block->function->block->block_content->return->expr->name->name->operator->name
2,179,rectangle_java2.jpg,rectangle_java2.jpg,452421269,84,1095.2061904761904,538.6133333333333,1064.5,549,71,21,this.y1,7,class->block->function->block->block_content->return->expr->name->name->operator->name
2,179,rectangle_java2.jpg,rectangle_java2.jpg,452481262,56,1093.9685714285715,527.455,1054.5,512,71,21,this.x1,7,class->block->function->block->block_content->return->expr->name->name->operator->name
2,179,rectangle_java2.jpg,rectangle_java2.jpg,452721214,208,1144.7086538461538,551.7157692307692,1142.5,549,10,21,;,1,class->block->function->block->block_content->return
2,179,rectangle_java2.jpg,rectangle_java2.jpg,453269026,64,1110.31,543.926875,1064.5,549,71,21,this.y1,7,class->block->function->block->block_content->return->expr->name->name->operator->name
2,179,rectangle_java2.jpg,rectangle_java2.jpg,453376997,104,1100.8403846153847,550.445,1064.5,549,71,21,this.y1,7,class->block->function->block->block_content->return->expr->name->name->operator->name
2,179,rectangle_java2.jpg,rectangle_java2.jpg,453561009,140,1081.806857142857,537.5142857142857,1064.5,549,71,21,this.y1,7,class->block->function->block->block_content->return->expr->name->name->operator->name
2,179,rectangle_java2.jpg,rectangle_java2.jpg,453733043,116,832.9468965517241,549.0662068965518,775.5,549,62,21,height,6,class->block->function->name
2,179,rectangle_java2.jpg,rectangle_java2.jpg,453901067,128,801.115625,532.5909375,775.5,512,53,21,width,5,class->block->function->name
2,179,rectangle_java2.jpg,rectangle_java2.jpg,454025069,68,860.185294117647,539.67,863.5,549,9,21,),1,class->block->function->parameter_list
2,179,rectangle_java2.jpg,rectangle_java2.jpg,454149106,120,861.8386666666667,526.8286666666667,854.5,512,9,21,),1,class->block->function->parameter_list
2,179,rectangle_java2.jpg,rectangle_java2.jpg,454360973,208,903.3803846153846,526.4386538461539,891.5,512,62,21,return,6,class->block->function->block->block_content->return->expr->name->name
2,179,rectangle_java2.jpg,rectangle_java2.jpg,454601070,160,987.41575,530.2855,958.5,512,71,21,this.x2,7,class->block->function->block->block_content->return->expr->name->name->operator->name->operator
2,179,rectangle_java2.jpg,rectangle_java2.jpg,454744854,140,1012.3611428571429,525.2571428571429,958.5,512,71,21,this.x2,7,class->block->function->block->block_content->return->expr->name->name->operator->name->operator
2,179,rectangle_java2.jpg,rectangle_java2.jpg,454804820,56,1031.962857142857,520.2928571428571,1035.5,512,13,21,-,1,class->block->function->block->block_content->return->expr->name->name
2,179,rectangle_java2.jpg,rectangle_java2.jpg,454868841,60,1045.4566666666667,531.4853333333333,1035.5,512,13,21,-,1,class->block->function->block->block_content->return->expr->name->name
2,179,rectangle_java2.jpg,rectangle_java2.jpg,454868841,60,1045.4566666666667,531.4853333333333,1054.5,512,71,21,this.x1,7,class->block->function->block->block_content->return->expr->name->name->operator->name
2,179,rectangle_java2.jpg,rectangle_java2.jpg,455004874,132,1045.6372727272728,530.0984848484849,1035.5,512,13,21,-,1,class->block->function->block->block_content->return->expr->name->name
2,179,rectangle_java2.jpg,rectangle_java2.jpg,455004874,132,1045.6372727272728,530.0984848484849,1054.5,512,71,21,this.x1,7,class->block->function->block->block_content->return->expr->name->name->operator->name
2,179,rectangle_java2.jpg,rectangle_java2.jpg,455160899,152,1051.9555263157895,532.7002631578947,1054.5,512,71,21,this.x1,7,class->block->function->block->block_content->return->expr->name->name->operator->name
2,179,rectangle_java2.jpg,rectangle_java2.jpg,455332928,168,1067.642619047619,529.8916666666667,1054.5,512,71,21,this.x1,7,class->block->function->block->block_content->return->expr->name->name->operator->name
2,179,rectangle_java2.jpg,rectangle_java2.jpg,455525001,160,900.499,542.07425,900.5,549,63,21,return,6,class->block->function->block->block_content->return
2,179,rectangle_java2.jpg,rectangle_java2.jpg,456324730,116,834.3341379310345,580.8868965517241,804.5,585,43,21,area,4,class->block->function->name
2,179,rectangle_java2.jpg,rectangle_java2.jpg,456536754,176,874.9670454545454,553.6913636363636,883.5,549,10,21,{,1,class->block->function->block
2,179,rectangle_java2.jpg,rectangle_java2.jpg,456648516,64,916.665,557.809375,900.5,549,63,21,return,6,class->block->function->block->block_content->return
2,179,rectangle_java2.jpg,rectangle_java2.jpg,456928684,88,1039.7513636363637,566.0563636363636,1045.5,549,13,21,-,1,class->block->function->block->block_content->return->expr->operator
2,179,rectangle_java2.jpg,rectangle_java2.jpg,457020799,88,1043.2636363636364,574.8759090909091,977.5,585,101,21,this.width,10,class->block->function->block->block_content->return->expr->call->name->name->operator->name
2,179,rectangle_java2.jpg,rectangle_java2.jpg,457152811,128,1043.005625,576.213125,977.5,585,101,21,this.width,10,class->block->function->block->block_content->return->expr->call->name->name->operator->name
2,179,rectangle_java2.jpg,rectangle_java2.jpg,457316827,144,970.3522222222223,561.5833333333334,968.5,549,70,21,this.y2,7,class->block->function->block->block_content->return->expr->name->name->operator->name
2,179,rectangle_java2.jpg,rectangle_java2.jpg,457400862,80,968.429,559.363,968.5,549,70,21,this.y2,7,class->block->function->block->block_content->return->expr->name->name->operator->name
2,179,rectangle_java2.jpg,rectangle_java2.jpg,457488893,68,1033.5582352941176,580.4035294117647,977.5,585,101,21,this.width,10,class->block->function->block->block_content->return->expr->call->name->name->operator->name
2,179,rectangle_java2.jpg,rectangle_java2.jpg,457592848,100,1039.066,588.108,977.5,585,101,21,this.width,10,class->block->function->block->block_content->return->expr->call->name->name->operator->name
2,179,rectangle_java2.jpg,rectangle_java2.jpg,457660724,64,1068.486875,577.901875,977.5,585,101,21,this.width,10,class->block->function->block->block_content->return->expr->call->name->name->operator->name
2,179,rectangle_java2.jpg,rectangle_java2.jpg,457840555,176,1074.05,563.7429545454545,1064.5,549,71,21,this.y1,7,class->block->function->block->block_content->return->expr->name->name->operator->name
2,179,rectangle_java2.jpg,rectangle_java2.jpg,458040661,132,1119.5875757575757,568.1818181818181,1064.5,549,71,21,this.y1,7,class->block->function->block->block_content->return->expr->name->name->operator->name
2,179,rectangle_java2.jpg,rectangle_java2.jpg,458264657,172,1092.266511627907,580.35,1086.5,585,10,21,(,1,class->block->function->block->block_content->return->expr->call->argument_list
2,179,rectangle_java2.jpg,rectangle_java2.jpg,458264657,172,1092.266511627907,580.35,1103.5,585,9,21,),1,class->block->function->block->block_content->return->expr->call->argument_list
2,179,rectangle_java2.jpg,rectangle_java2.jpg,458452462,184,1112.9336956521738,585.0078260869565,1122.5,585,12,21,*,1,class->block->function->block->block_content->return->expr->operator
2,179,rectangle_java2.jpg,rectangle_java2.jpg,458604320,76,763.0252631578948,602.8057894736842,737.5,585,62,21,double,6,class->block->function->type->name
2,179,rectangle_java2.jpg,rectangle_java2.jpg,458776659,64,821.869375,605.39625,804.5,585,43,21,area,4,class->block->function->name
2,179,rectangle_java2.jpg,rectangle_java2.jpg,458876685,96,822.28,592.9366666666666,804.5,585,43,21,area,4,class->block->function->name
2,179,rectangle_java2.jpg,rectangle_java2.jpg,458968687,88,820.3727272727273,614.079090909091,804.5,621,44,21,void,4,class->block->function->type->name
2,179,rectangle_java2.jpg,rectangle_java2.jpg,459044857,72,855.1183333333333,613.8361111111111,851.5,621,44,21,main,4,class->block->function->name
2,179,rectangle_java2.jpg,rectangle_java2.jpg,459161109,112,856.7453571428572,610.8553571428571,851.5,621,44,21,main,4,class->block->function->name
2,179,rectangle_java2.jpg,rectangle_java2.jpg,459324576,132,818.0563636363636,589.1830303030304,804.5,585,43,21,area,4,class->block->function->name
2,179,rectangle_java2.jpg,rectangle_java2.jpg,459580490,252,813.7309523809524,603.7836507936507,804.5,585,43,21,area,4,class->block->function->name
2,179,rectangle_java2.jpg,rectangle_java2.jpg,459780783,136,859.3511764705883,618.7458823529412,851.5,621,44,21,main,4,class->block->function->name
2,179,rectangle_java2.jpg,rectangle_java2.jpg,459896670,112,849.91,588.1417857142857,856.5,585,9,21,(,1,class->block->function->parameter_list
2,179,rectangle_java2.jpg,rectangle_java2.jpg,459988568,88,857.0531818181818,612.9813636363637,851.5,621,44,21,main,4,class->block->function->name
2,179,rectangle_java2.jpg,rectangle_java2.jpg,460352535,220,853.2858181818182,614.014,851.5,621,44,21,main,4,class->block->function->name
2,179,rectangle_java2.jpg,rectangle_java2.jpg,460528529,136,883.7673529411765,632.9297058823529,851.5,621,44,21,main,4,class->block->function->name
2,179,rectangle_java2.jpg,rectangle_java2.jpg,460672547,100,904.3668,634.3004,904.5,621,9,21,(,1,class->block->function->parameter_list
2,179,rectangle_java2.jpg,rectangle_java2.jpg,460744569,68,915.6988235294118,622.1458823529412,920.5,621,62,21,String,6,class->block->function->parameter_list->parameter->decl->type->name->name
2,179,rectangle_java2.jpg,rectangle_java2.jpg,460956450,172,878.1602325581396,635.7227906976744,851.5,621,44,21,main,4,class->block->function->name
2,179,rectangle_java2.jpg,rectangle_java2.jpg,461096430,112,942.7246428571428,639.6596428571429,920.5,621,62,21,String,6,class->block->function->parameter_list->parameter->decl->type->name->name
2,179,rectangle_java2.jpg,rectangle_java2.jpg,461160435,60,937.106,629.1986666666667,920.5,621,62,21,String,6,class->block->function->parameter_list->parameter->decl->type->name->name
2,179,rectangle_java2.jpg,rectangle_java2.jpg,461352363,164,1001.3029268292682,637.8470731707317,1007.5,621,10,21,],1,class->block->function->parameter_list->parameter->decl->type->name->index
2,179,rectangle_java2.jpg,rectangle_java2.jpg,461508377,60,1071.7033333333334,628.1906666666666,1074.5,621,10,21,),1,class->block->function->parameter_list
2,179,rectangle_java2.jpg,rectangle_java2.jpg,461616407,104,1061.783076923077,636.5942307692308,1025.5,621,42,21,args,4,class->block->function->parameter_list->parameter->decl->name
2,179,rectangle_java2.jpg,rectangle_java2.jpg,461988398,88,1160.215909090909,655.8336363636364,1163.5,658,10,20,",",1,class->block->function->block->block_content->decl_stmt->decl->init->expr->call->argument_list
2,179,rectangle_java2.jpg,rectangle_java2.jpg,462240394,216,1235.0835185185185,662.5790740740741,1231.5,658,10,20,;,1,class->block->function->block->block_content->decl_stmt
2,179,rectangle_java2.jpg,rectangle_java2.jpg,462472193,92,824.2595652173914,703.9460869565218,730.5,694,177,21,System.out.println,18,class->block->function->block->block_content->expr_stmt->expr->call->name->name->operator->name->operator->name
2,179,rectangle_java2.jpg,rectangle_java2.jpg,462708212,232,811.8093103448276,695.6158620689655,730.5,694,177,21,System.out.println,18,class->block->function->block->block_content->expr_stmt->expr->call->name->name->operator->name->operator->name
2,179,rectangle_java2.jpg,rectangle_java2.jpg,462948209,212,881.2416981132076,703.7871698113207,730.5,694,177,21,System.out.println,18,class->block->function->block->block_content->expr_stmt->expr->call->name->name->operator->name->operator->name
2,179,rectangle_java2.jpg,rectangle_java2.jpg,463116248,60,935.468,721.0313333333334,902.5,731,34,20,new,3,class->block->function->block->block_content->decl_stmt->decl->init->expr->operator
2,179,rectangle_java2.jpg,rectangle_java2.jpg,463116248,60,935.468,721.0313333333334,941.5,731,91,20,Rectangle,9,class->block->function->block->block_content->decl_stmt->decl->init->expr->call->name
2,179,rectangle_java2.jpg,rectangle_java2.jpg,463224274,104,933.8080769230769,710.6996153846154,932.5,694,100,21,rect1.area,10,class->block->function->block->block_content->expr_stmt->expr->call->argument_list->argument->expr->call->name->name->operator->name
2,179,rectangle_java2.jpg,rectangle_java2.jpg,463516330,160,987.4350000000001,699.48325,932.5,694,100,21,rect1.area,10,class->block->function->block->block_content->expr_stmt->expr->call->argument_list->argument->expr->call->name->name->operator->name
2,179,rectangle_java2.jpg,rectangle_java2.jpg,463636344,116,1002.7341379310345,706.5913793103448,932.5,694,100,21,rect1.area,10,class->block->function->block->block_content->expr_stmt->expr->call->argument_list->argument->expr->call->name->name->operator->name
2,179,rectangle_java2.jpg,rectangle_java2.jpg,463728331,80,824.868,708.6715,730.5,694,177,21,System.out.println,18,class->block->function->block->block_content->expr_stmt->expr->call->name->name->operator->name->operator->name
2,179,rectangle_java2.jpg,rectangle_java2.jpg,463900235,116,830.3872413793104,696.621724137931,730.5,694,177,21,System.out.println,18,class->block->function->block->block_content->expr_stmt->expr->call->name->name->operator->name->operator->name
2,179,rectangle_java2.jpg,rectangle_java2.jpg,464008073,72,873.0361111111112,687.915,730.5,694,177,21,System.out.println,18,class->block->function->block->block_content->expr_stmt->expr->call->name->name->operator->name->operator->name
2,179,rectangle_java2.jpg,rectangle_java2.jpg,467135773,104,997.3496153846154,783.0873076923077,932.5,766,100,21,rect2.area,10,class->block->function->block->block_content->expr_stmt->expr->call->argument_list->argument->expr->call->name->name->operator->name
2,179,rectangle_java2.jpg,rectangle_java2.jpg,471591620,84,720.4619047619047,774.3980952380953,730.5,766,177,21,System.out.println,18,class->block->function->block->block_content->expr_stmt->expr->call->name->name->operator->name->operator->name
2,179,rectangle_java2.jpg,rectangle_java2.jpg,471987449,108,923.8151851851852,781.5003703703703,916.5,766,9,21,(,1,class->block->function->block->block_content->expr_stmt->expr->call->argument_list
2,179,rectangle_java2.jpg,rectangle_java2.jpg,471987449,108,923.8151851851852,781.5003703703703,932.5,766,100,21,rect2.area,10,class->block->function->block->block_content->expr_stmt->expr->call->argument_list->argument->expr->call->name->name->operator->name
2,179,rectangle_java2.jpg,rectangle_java2.jpg,472119440,96,997.2970833333334,784.5004166666666,932.5,766,100,21,rect2.area,10,class->block->function->block->block_content->expr_stmt->expr->call->argument_list->argument->expr->call->name->name->operator->name
2,179,rectangle_java2.jpg,rectangle_java2.jpg,472243383,120,1000.7213333333333,772.5323333333333,932.5,766,100,21,rect2.area,10,class->block->function->block->block_content->expr_stmt->expr->call->argument_list->argument->expr->call->name->name->operator->name
2,179,rectangle_java2.jpg,rectangle_java2.jpg,472471380,72,1071.3177777777778,759.8944444444445,1077.5,766,9,21,),1,class->block->function->block->block_content->expr_stmt->expr->call->argument_list
2,179,rectangle_java2.jpg,rectangle_java2.jpg,472531416,56,1063.4664285714287,766.8585714285714,1057.5,766,10,21,),1,class->block->function->block->block_content->expr_stmt->expr->call->argument_list->argument->expr->call->argument_list
2,179,rectangle_java2.jpg,rectangle_java2.jpg,477207138,148,759.7364864864865,220.91405405405408,715.5,222,90,21,Rectangle,9,class->name
2,179,rectangle_java2.jpg,rectangle_java2.jpg,477295144,84,752.9019047619048,225.09476190476187,715.5,222,90,21,Rectangle,9,class->name
2,179,rectangle_java2.jpg,rectangle_java2.jpg,477443131,144,744.3880555555555,216.68444444444447,715.5,222,90,21,Rectangle,9,class->name
2,179,rectangle_java2.jpg,rectangle_java2.jpg,477503112,56,783.1864285714286,220.8585714285714,715.5,222,90,21,Rectangle,9,class->name
2,179,rectangle_java2.jpg,rectangle_java2.jpg,477563093,56,788.0914285714285,228.65857142857146,715.5,222,90,21,Rectangle,9,class->name
2,179,rectangle_java2.jpg,rectangle_java2.jpg,479099026,76,832.401052631579,266.23315789473685,833.5,259,23,21,y1,2,class->block->decl_stmt->decl->name
2,179,rectangle_java2.jpg,rectangle_java2.jpg,479183015,60,793.806,228.31600000000003,715.5,222,90,21,Rectangle,9,class->name
2,179,rectangle_java2.jpg,rectangle_java2.jpg,480042772,144,756.8397222222222,218.12277777777774,715.5,222,90,21,Rectangle,9,class->name
2,179,rectangle_java2.jpg,rectangle_java2.jpg,480630993,176,842.6981818181819,302.8536363636364,837.5,295,9,21,(,1,class->block->constructor->parameter_list
2,179,rectangle_java2.jpg,rectangle_java2.jpg,480630993,176,842.6981818181819,302.8536363636364,853.5,295,32,21,int,3,class->block->constructor->parameter_list->parameter->decl->type->name
2,179,rectangle_java2.jpg,rectangle_java2.jpg,480694952,60,835.752,292.86466666666666,837.5,295,9,21,(,1,class->block->constructor->parameter_list
2,179,rectangle_java2.jpg,rectangle_java2.jpg,480806868,68,883.6705882352941,306.3423529411765,853.5,295,32,21,int,3,class->block->constructor->parameter_list->parameter->decl->type->name
2,179,rectangle_java2.jpg,rectangle_java2.jpg,480806868,68,883.6705882352941,306.3423529411765,890.5,295,24,21,x1,2,class->block->constructor->parameter_list->parameter->decl->type->name
2,179,rectangle_java2.jpg,rectangle_java2.jpg,481190616,272,853.9975,359.7160294117647,856.5,367,10,21,;,1,class->block->constructor->block->block_content->expr_stmt
2,179,rectangle_java2.jpg,rectangle_java2.jpg,482018699,152,863.8605263157895,326.0863157894737,856.5,331,10,19,;,1,class->block->constructor->block->block_content->expr_stmt
2,179,rectangle_java2.jpg,rectangle_java2.jpg,482082698,60,865.0333333333333,304.424,853.5,295,32,21,int,3,class->block->constructor->parameter_list->parameter->decl->type->name
2,179,rectangle_java2.jpg,rectangle_java2.jpg,482994570,140,757.2031428571429,214.93342857142858,715.5,222,90,21,Rectangle,9,class->name
2,179,rectangle_java2.jpg,rectangle_java2.jpg,483126584,128,751.974375,261.0378125,747.5,259,33,21,int,3,class->block->decl_stmt->decl->type->name
2,179,rectangle_java2.jpg,rectangle_java2.jpg,483214600,84,758.47,261.3252380952381,747.5,259,33,21,int,3,class->block->decl_stmt->decl->type->name
2,179,rectangle_java2.jpg,rectangle_java2.jpg,483450521,196,834.6477551020408,288.4948979591837,837.5,295,9,21,(,1,class->block->constructor->parameter_list
2,179,rectangle_java2.jpg,rectangle_java2.jpg,483542514,88,835.4295454545454,277.39954545454543,833.5,259,23,21,y1,2,class->block->decl_stmt->decl->name
2,179,rectangle_java2.jpg,rectangle_java2.jpg,483714535,132,751.1224242424242,270.1472727272727,747.5,259,33,21,int,3,class->block->decl_stmt->decl->type->name
2,179,rectangle_java2.jpg,rectangle_java2.jpg,484522418,176,751.2118181818182,259.4193181818182,747.5,259,33,21,int,3,class->block->decl_stmt->decl->type->name
2,179,rectangle_java2.jpg,rectangle_java2.jpg,484666422,84,841.2971428571428,322.57619047619045,826.5,331,23,19,x1,2,class->block->constructor->block->block_content->expr_stmt->expr->name->name
2,179,rectangle_java2.jpg,rectangle_java2.jpg,484830436,160,835.83475,305.06275,837.5,295,9,21,(,1,class->block->constructor->parameter_list
2,179,rectangle_java2.jpg,rectangle_java2.jpg,485254383,68,787.7211764705883,255.70941176470592,785.5,259,23,21,x1,2,class->block->decl_stmt->decl->name
2,179,rectangle_java2.jpg,rectangle_java2.jpg,485538426,136,769.6194117647059,252.61029411764707,747.5,259,33,21,int,3,class->block->decl_stmt->decl->type->name
2,179,rectangle_java2.jpg,rectangle_java2.jpg,485618476,76,766.1215789473684,268.88894736842104,747.5,259,33,21,int,3,class->block->decl_stmt->decl->type->name
2,179,rectangle_java2.jpg,rectangle_java2.jpg,485838381,216,760.5022222222223,274.9222222222222,747.5,259,33,21,int,3,class->block->decl_stmt->decl->type->name
2,179,rectangle_java2.jpg,rectangle_java2.jpg,485974214,132,797.4854545454546,273.8984848484848,785.5,259,23,21,x1,2,class->block->decl_stmt->decl->name
2,179,rectangle_java2.jpg,rectangle_java2.jpg,486106269,128,801.634375,271.3078125,785.5,259,23,21,x1,2,class->block->decl_stmt->decl->name
2,179,rectangle_java2.jpg,rectangle_java2.jpg,486398293,260,909.05,271.4984615384615,911.5,259,10,21,",",1,class->block->decl_stmt
2,179,rectangle_java2.jpg,rectangle_java2.jpg,486490294,64,966.7524999999999,264.429375,959.5,259,10,21,;,1,class->block->decl_stmt
2,179,rectangle_java2.jpg,rectangle_java2.jpg,486618278,124,969.4267741935483,264.1793548387097,959.5,259,10,21,;,1,class->block->decl_stmt
2,179,rectangle_java2.jpg,rectangle_java2.jpg,487154271,296,918.7302702702702,253.80108108108107,911.5,259,10,21,",",1,class->block->decl_stmt
2,179,rectangle_java2.jpg,rectangle_java2.jpg,487154271,296,918.7302702702702,253.80108108108107,929.5,259,23,21,y2,2,class->block->decl_stmt->decl->name
2,179,rectangle_java2.jpg,rectangle_java2.jpg,487286294,108,923.1562962962963,260.8274074074074,929.5,259,23,21,y2,2,class->block->decl_stmt->decl->name
2,179,rectangle_java2.jpg,rectangle_java2.jpg,487410325,84,820.61,290.70428571428573,737.5,295,91,21,Rectangle,9,class->block->constructor->name
2,179,rectangle_java2.jpg,rectangle_java2.jpg,487730159,116,859.3537931034483,306.70724137931035,853.5,295,32,21,int,3,class->block->constructor->parameter_list->parameter->decl->type->name
2,179,rectangle_java2.jpg,rectangle_java2.jpg,488038100,212,809.0554716981133,295.088679245283,737.5,295,91,21,Rectangle,9,class->block->constructor->name
2,179,rectangle_java2.jpg,rectangle_java2.jpg,488250179,164,865.5729268292683,305.3058536585366,853.5,295,32,21,int,3,class->block->constructor->parameter_list->parameter->decl->type->name
2,179,rectangle_java2.jpg,rectangle_java2.jpg,488382271,100,927.966,288.1604,921.5,295,9,21,",",1,class->block->constructor->parameter_list
2,179,rectangle_java2.jpg,rectangle_java2.jpg,488382271,100,927.966,288.1604,939.5,295,33,21,int,3,class->block->constructor->parameter_list->parameter->decl->type->name
2,179,rectangle_java2.jpg,rectangle_java2.jpg,488966044,72,793.9494444444445,335.18555555555554,730.5,331,71,19,this.x1,7,class->block->constructor->block->block_content->expr_stmt->expr->name->name->operator->name
2,179,rectangle_java2.jpg,rectangle_java2.jpg,489038023,68,791.265294117647,336.5805882352941,730.5,331,71,19,this.x1,7,class->block->constructor->block->block_content->expr_stmt->expr->name->name->operator->name
2,179,rectangle_java2.jpg,rectangle_java2.jpg,489250076,172,846.8793023255814,340.23418604651164,826.5,331,23,19,x1,2,class->block->constructor->block->block_content->expr_stmt->expr->name->name
2,179,rectangle_java2.jpg,rectangle_java2.jpg,489250076,172,846.8793023255814,340.23418604651164,856.5,331,10,19,;,1,class->block->constructor->block->block_content->expr_stmt
2,179,rectangle_java2.jpg,rectangle_java2.jpg,490213979,136,797.5573529411764,370.0735294117647,730.5,367,71,21,this.y1,7,class->block->constructor->block->block_content->expr_stmt->expr->name->name->operator->name
2,179,rectangle_java2.jpg,rectangle_java2.jpg,490213979,136,797.5573529411764,370.0735294117647,806.5,367,15,21,=,1,class->block->constructor->block->block_content->expr_stmt->expr->operator
2,179,rectangle_java2.jpg,rectangle_java2.jpg,490505906,148,853.4013513513513,391.73405405405407,856.5,404,10,19,;,1,class->block->constructor->block->block_content->expr_stmt
2,179,rectangle_java2.jpg,rectangle_java2.jpg,492857752,120,778.317,392.196,730.5,404,71,19,this.x2,7,class->block->constructor->block->block_content->expr_stmt->expr->name->name->operator->name
2,179,rectangle_java2.jpg,rectangle_java2.jpg,492997718,104,816.8046153846154,396.8826923076923,806.5,404,15,19,=,1,class->block->constructor->block->block_content->expr_stmt->expr->operator
2,179,rectangle_java2.jpg,rectangle_java2.jpg,492997718,104,816.8046153846154,396.8826923076923,826.5,404,23,19,x2,2,class->block->constructor->block->block_content->expr_stmt->expr->name->name
2,179,rectangle_java2.jpg,rectangle_java2.jpg,493089712,88,819.09,397.17636363636365,806.5,404,15,19,=,1,class->block->constructor->block->block_content->expr_stmt->expr->operator
2,179,rectangle_java2.jpg,rectangle_java2.jpg,493089712,88,819.09,397.17636363636365,826.5,404,23,19,x2,2,class->block->constructor->block->block_content->expr_stmt->expr->name->name
2,179,rectangle_java2.jpg,rectangle_java2.jpg,493449828,292,866.1453424657534,393.5750684931507,856.5,404,10,19,;,1,class->block->constructor->block->block_content->expr_stmt
2,179,rectangle_java2.jpg,rectangle_java2.jpg,494009737,152,832.1636842105263,401.0513157894737,826.5,404,23,19,x2,2,class->block->constructor->block->block_content->expr_stmt->expr->name->name
2,179,rectangle_java2.jpg,rectangle_java2.jpg,494385625,88,983.8036363636363,288.2568181818182,977.5,295,23,21,y1,2,class->block->constructor->parameter_list->parameter->decl->type->name
2,179,rectangle_java2.jpg,rectangle_java2.jpg,494545569,80,967.1804999999999,257.9975,959.5,259,10,21,;,1,class->block->decl_stmt
2,179,rectangle_java2.jpg,rectangle_java2.jpg,494825604,188,915.2625531914894,265.7648936170213,911.5,259,10,21,",",1,class->block->decl_stmt
2,179,rectangle_java2.jpg,rectangle_java2.jpg,494961605,96,826.2304166666667,313.7975,737.5,295,91,21,Rectangle,9,class->block->constructor->name
2,179,rectangle_java2.jpg,rectangle_java2.jpg,494961605,96,826.2304166666667,313.7975,837.5,295,9,21,(,1,class->block->constructor->parameter_list
2,179,rectangle_java2.jpg,rectangle_java2.jpg,496409431,64,809.4425,504.21125000000006,775.5,512,53,21,width,5,class->block->function->name
2,179,rectangle_java2.jpg,rectangle_java2.jpg,496565231,132,759.1887878787879,435.53575757575754,730.5,440,71,21,this.y2,7,class->block->constructor->block->block_content->expr_stmt->expr->name->name->operator->name
2,179,rectangle_java2.jpg,rectangle_java2.jpg,496705288,100,727.9708,422.0816,730.5,404,71,19,this.x2,7,class->block->constructor->block->block_content->expr_stmt->expr->name->name->operator->name
2,179,rectangle_java2.jpg,rectangle_java2.jpg,496857368,112,782.6853571428571,274.38714285714286,785.5,259,23,21,x1,2,class->block->decl_stmt->decl->name
2,179,rectangle_java2.jpg,rectangle_java2.jpg,497161303,140,808.4954285714285,314.366,737.5,295,91,21,Rectangle,9,class->block->constructor->name
2,179,rectangle_java2.jpg,rectangle_java2.jpg,497393355,200,880.7826,308.9482,853.5,295,32,21,int,3,class->block->constructor->parameter_list->parameter->decl->type->name
2,179,rectangle_java2.jpg,rectangle_java2.jpg,497393355,200,880.7826,308.9482,890.5,295,24,21,x1,2,class->block->constructor->parameter_list->parameter->decl->type->name
2,179,rectangle_java2.jpg,rectangle_java2.jpg,497765476,328,928.3414634146342,310.66414634146344,921.5,295,9,21,",",1,class->block->constructor->parameter_list
2,179,rectangle_java2.jpg,rectangle_java2.jpg,497765476,328,928.3414634146342,310.66414634146344,939.5,295,33,21,int,3,class->block->constructor->parameter_list->parameter->decl->type->name
2,179,rectangle_java2.jpg,rectangle_java2.jpg,497985402,196,966.6573469387755,257.39714285714285,959.5,259,10,21,;,1,class->block->decl_stmt
2,179,rectangle_java2.jpg,rectangle_java2.jpg,498185379,160,937.49075,275.9065,929.5,259,23,21,y2,2,class->block->decl_stmt->decl->name
2,179,rectangle_java2.jpg,rectangle_java2.jpg,498345168,124,912.4806451612903,304.50129032258064,890.5,295,24,21,x1,2,class->block->constructor->parameter_list->parameter->decl->type->name
2,179,rectangle_java2.jpg,rectangle_java2.jpg,498345168,124,912.4806451612903,304.50129032258064,921.5,295,9,21,",",1,class->block->constructor->parameter_list
2,179,rectangle_java2.jpg,rectangle_java2.jpg,498629234,272,817.8877941176471,306.0530882352941,737.5,295,91,21,Rectangle,9,class->block->constructor->name
2,179,rectangle_java2.jpg,rectangle_java2.jpg,498753212,76,844.0136842105263,304.2710526315789,837.5,295,9,21,(,1,class->block->constructor->parameter_list
2,179,rectangle_java2.jpg,rectangle_java2.jpg,498753212,76,844.0136842105263,304.2710526315789,853.5,295,32,21,int,3,class->block->constructor->parameter_list->parameter->decl->type->name
2,179,rectangle_java2.jpg,rectangle_java2.jpg,498937183,148,796.1670270270271,301.4737837837838,737.5,295,91,21,Rectangle,9,class->block->constructor->name
2,179,rectangle_java2.jpg,rectangle_java2.jpg,499389058,216,812.3966666666666,507.4805555555556,775.5,512,53,21,width,5,class->block->function->name
2,179,rectangle_java2.jpg,rectangle_java2.jpg,499469061,76,759.1268421052631,506.25157894736844,737.5,512,33,21,int,3,class->block->function->type->name
2,179,rectangle_java2.jpg,rectangle_java2.jpg,499621234,148,750.6637837837837,504.3972972972973,737.5,512,33,21,int,3,class->block->function->type->name
2,179,rectangle_java2.jpg,rectangle_java2.jpg,499817246,64,887.0393750000001,692.25375,730.5,694,177,21,System.out.println,18,class->block->function->block->block_content->expr_stmt->expr->call->name->name->operator->name->operator->name
2,179,rectangle_java2.jpg,rectangle_java2.jpg,499893142,72,889.3644444444444,692.12,730.5,694,177,21,System.out.println,18,class->block->function->block->block_content->expr_stmt->expr->call->name->name->operator->name->operator->name
2,179,rectangle_java2.jpg,rectangle_java2.jpg,501197477,92,859.83,384.78434782608696,856.5,367,10,21,;,1,class->block->constructor->block->block_content->expr_stmt
2,179,rectangle_java2.jpg,rectangle_java2.jpg,501281674,80,861.994,397.0535,856.5,404,10,19,;,1,class->block->constructor->block->block_content->expr_stmt
2,179,rectangle_java2.jpg,rectangle_java2.jpg,501600997,92,757.76,516.5586956521739,737.5,512,33,21,int,3,class->block->function->type->name
2,179,rectangle_java2.jpg,rectangle_java2.jpg,501720949,116,759.6303448275862,514.1420689655172,737.5,512,33,21,int,3,class->block->function->type->name
2,179,rectangle_java2.jpg,rectangle_java2.jpg,501780963,56,771.2235714285714,514.8257142857143,775.5,512,53,21,width,5,class->block->function->name
2,179,rectangle_java2.jpg,rectangle_java2.jpg,501972947,156,835.6041025641026,509.51051282051276,837.5,512,9,21,(,1,class->block->function->parameter_list
2,179,rectangle_java2.jpg,rectangle_java2.jpg,502276963,100,841.1111999999999,320.3756,826.5,331,23,19,x1,2,class->block->constructor->block->block_content->expr_stmt->expr->name->name
2,179,rectangle_java2.jpg,rectangle_java2.jpg,502356971,76,844.5163157894737,332.50157894736844,826.5,331,23,19,x1,2,class->block->constructor->block->block_content->expr_stmt->expr->name->name
2,179,rectangle_java2.jpg,rectangle_java2.jpg,502356971,76,844.5163157894737,332.50157894736844,856.5,331,10,19,;,1,class->block->constructor->block->block_content->expr_stmt
