trial,participant,code_file,code_language,timestamp,duration,x_cord,y_cord,aoi_x,aoi_y,aoi_width,aoi_height,token,length,srcML
2,184,rectangle_java2.jpg,rectangle_java2.jpg,723937349,84,782.3428571428572,340.53,730.5,331,71,19,this.x1,7,class->block->constructor->block->block_content->expr_stmt->expr->name->name->operator->name
2,184,rectangle_java2.jpg,rectangle_java2.jpg,724029321,88,780.4409090909091,331.36545454545455,730.5,331,71,19,this.x1,7,class->block->constructor->block->block_content->expr_stmt->expr->name->name->operator->name
2,184,rectangle_java2.jpg,rectangle_java2.jpg,726913424,68,821.3164705882352,217.92705882352942,813.5,222,10,21,{,1,class->block
2,184,rectangle_java2.jpg,rectangle_java2.jpg,728805230,56,803.1935714285714,217.515,715.5,222,90,21,Rectangle,9,class->name
2,184,rectangle_java2.jpg,rectangle_java2.jpg,728805230,56,803.1935714285714,217.515,813.5,222,10,21,{,1,class->block
2,184,rectangle_java2.jpg,rectangle_java2.jpg,730965142,64,775.20125,216.12374999999997,715.5,222,90,21,Rectangle,9,class->name
2,184,rectangle_java2.jpg,rectangle_java2.jpg,731133088,64,761.52875,210.48062500000003,715.5,222,90,21,Rectangle,9,class->name
2,184,rectangle_java2.jpg,rectangle_java2.jpg,731417134,56,819.2714285714286,218.80857142857144,813.5,222,10,21,{,1,class->block
2,184,rectangle_java2.jpg,rectangle_java2.jpg,731561027,88,817.9627272727273,233.94954545454544,813.5,222,10,21,{,1,class->block
2,184,rectangle_java2.jpg,rectangle_java2.jpg,732372952,88,778.1618181818181,225.15090909090907,715.5,222,90,21,Rectangle,9,class->name
2,184,rectangle_java2.jpg,rectangle_java2.jpg,732488899,112,776.3467857142857,216.83464285714285,715.5,222,90,21,Rectangle,9,class->name
2,184,rectangle_java2.jpg,rectangle_java2.jpg,732704932,144,757.6166666666667,247.4452777777778,747.5,259,33,21,int,3,class->block->decl_stmt->decl->type->name
2,184,rectangle_java2.jpg,rectangle_java2.jpg,732800970,68,792.8217647058824,242.27588235294115,715.5,222,90,21,Rectangle,9,class->name
2,184,rectangle_java2.jpg,rectangle_java2.jpg,733052945,92,803.1908695652174,242.43869565217392,715.5,222,90,21,Rectangle,9,class->name
2,184,rectangle_java2.jpg,rectangle_java2.jpg,733052945,92,803.1908695652174,242.43869565217392,813.5,222,10,21,{,1,class->block
2,184,rectangle_java2.jpg,rectangle_java2.jpg,733120954,64,797.295625,242.369375,715.5,222,90,21,Rectangle,9,class->name
2,184,rectangle_java2.jpg,rectangle_java2.jpg,733916870,132,779.1509090909091,218.64575757575756,715.5,222,90,21,Rectangle,9,class->name
2,184,rectangle_java2.jpg,rectangle_java2.jpg,736160700,60,780.9666666666667,229.24733333333336,715.5,222,90,21,Rectangle,9,class->name
2,184,rectangle_java2.jpg,rectangle_java2.jpg,736364715,120,757.364,240.247,715.5,222,90,21,Rectangle,9,class->name
2,184,rectangle_java2.jpg,rectangle_java2.jpg,736440721,72,768.0283333333333,235.315,715.5,222,90,21,Rectangle,9,class->name
2,184,rectangle_java2.jpg,rectangle_java2.jpg,737292480,56,765.1028571428571,279.18857142857144,747.5,259,33,21,int,3,class->block->decl_stmt->decl->type->name
2,184,rectangle_java2.jpg,rectangle_java2.jpg,737432077,88,768.1504545454545,264.96,747.5,259,33,21,int,3,class->block->decl_stmt->decl->type->name
2,184,rectangle_java2.jpg,rectangle_java2.jpg,737720489,148,825.5367567567567,275.96972972972975,833.5,259,23,21,y1,2,class->block->decl_stmt->decl->name
2,184,rectangle_java2.jpg,rectangle_java2.jpg,737956565,148,904.9267567567567,265.2643243243243,911.5,259,10,21,",",1,class->block->decl_stmt
2,184,rectangle_java2.jpg,rectangle_java2.jpg,738040572,64,739.260625,292.891875,737.5,295,91,21,Rectangle,9,class->block->constructor->name
2,184,rectangle_java2.jpg,rectangle_java2.jpg,738108674,64,749.12125,292.846875,737.5,295,91,21,Rectangle,9,class->block->constructor->name
2,184,rectangle_java2.jpg,rectangle_java2.jpg,738172783,60,733.4346666666667,287.04466666666667,737.5,295,91,21,Rectangle,9,class->block->constructor->name
2,184,rectangle_java2.jpg,rectangle_java2.jpg,738536636,92,832.268695652174,268.06217391304347,833.5,259,23,21,y1,2,class->block->decl_stmt->decl->name
2,184,rectangle_java2.jpg,rectangle_java2.jpg,739056533,60,942.6453333333334,260.6686666666667,929.5,259,23,21,y2,2,class->block->decl_stmt->decl->name
2,184,rectangle_java2.jpg,rectangle_java2.jpg,739344320,68,844.9494117647059,279.8170588235294,833.5,259,23,21,y1,2,class->block->decl_stmt->decl->name
2,184,rectangle_java2.jpg,rectangle_java2.jpg,739540423,92,849.2760869565217,251.11,833.5,259,23,21,y1,2,class->block->decl_stmt->decl->name
2,184,rectangle_java2.jpg,rectangle_java2.jpg,739756430,76,954.7463157894737,267.54315789473685,959.5,259,10,21,;,1,class->block->decl_stmt
2,184,rectangle_java2.jpg,rectangle_java2.jpg,739820438,60,931.1446666666667,271.79333333333335,929.5,259,23,21,y2,2,class->block->decl_stmt->decl->name
2,184,rectangle_java2.jpg,rectangle_java2.jpg,739916447,92,922.3734782608695,274.9717391304348,929.5,259,23,21,y2,2,class->block->decl_stmt->decl->name
2,184,rectangle_java2.jpg,rectangle_java2.jpg,740124416,56,984.6735714285714,284.39642857142854,977.5,295,23,21,y1,2,class->block->constructor->parameter_list->parameter->decl->type->name
2,184,rectangle_java2.jpg,rectangle_java2.jpg,740200426,72,973.6694444444445,284.06944444444446,977.5,295,23,21,y1,2,class->block->constructor->parameter_list->parameter->decl->type->name
2,184,rectangle_java2.jpg,rectangle_java2.jpg,741124179,112,828.1525,333.1510714285714,826.5,331,23,19,x1,2,class->block->constructor->block->block_content->expr_stmt->expr->name->name
2,184,rectangle_java2.jpg,rectangle_java2.jpg,741508288,108,860.6396296296297,333.26,856.5,331,10,19,;,1,class->block->constructor->block->block_content->expr_stmt
2,184,rectangle_java2.jpg,rectangle_java2.jpg,742252309,64,910.084375,272.65875,911.5,259,10,21,",",1,class->block->decl_stmt
2,184,rectangle_java2.jpg,rectangle_java2.jpg,742572346,68,1015.1105882352941,287.8570588235294,1007.5,295,10,21,",",1,class->block->constructor->parameter_list
2,184,rectangle_java2.jpg,rectangle_java2.jpg,742572346,68,1015.1105882352941,287.8570588235294,1025.5,295,33,21,int,3,class->block->constructor->parameter_list->parameter->decl->type->name
2,184,rectangle_java2.jpg,rectangle_java2.jpg,742772300,100,823.986,427.5491999999999,826.5,440,23,21,y2,2,class->block->constructor->block->block_content->expr_stmt->expr->name->name
2,184,rectangle_java2.jpg,rectangle_java2.jpg,743016269,88,800.2777272727272,523.8095454545455,775.5,512,53,21,width,5,class->block->function->name
2,184,rectangle_java2.jpg,rectangle_java2.jpg,743244212,156,758.4925641025641,516.2564102564103,737.5,512,33,21,int,3,class->block->function->type->name
2,184,rectangle_java2.jpg,rectangle_java2.jpg,743336215,68,886.5870588235294,527.6223529411765,891.5,512,62,21,return,6,class->block->function->block->block_content->return->expr->name->name
2,184,rectangle_java2.jpg,rectangle_java2.jpg,743444227,64,888.125625,520.04625,891.5,512,62,21,return,6,class->block->function->block->block_content->return->expr->name->name
2,184,rectangle_java2.jpg,rectangle_java2.jpg,743600277,128,840.62875,519.9009375,837.5,512,9,21,(,1,class->block->function->parameter_list
2,184,rectangle_java2.jpg,rectangle_java2.jpg,743728224,124,841.7254838709678,518.9783870967742,837.5,512,9,21,(,1,class->block->function->parameter_list
2,184,rectangle_java2.jpg,rectangle_java2.jpg,743908208,124,911.0241935483871,508.5448387096774,891.5,512,62,21,return,6,class->block->function->block->block_content->return->expr->name->name
2,184,rectangle_java2.jpg,rectangle_java2.jpg,744000216,88,896.0804545454546,514.9986363636364,891.5,512,62,21,return,6,class->block->function->block->block_content->return->expr->name->name
2,184,rectangle_java2.jpg,rectangle_java2.jpg,744864023,196,795.7824489795918,227.92469387755102,715.5,222,90,21,Rectangle,9,class->name
2,184,rectangle_java2.jpg,rectangle_java2.jpg,745464030,120,908.6153333333333,520.142,891.5,512,62,21,return,6,class->block->function->block->block_content->return->expr->name->name
2,184,rectangle_java2.jpg,rectangle_java2.jpg,745631991,120,851.8153333333333,512.216,854.5,512,9,21,),1,class->block->function->parameter_list
2,184,rectangle_java2.jpg,rectangle_java2.jpg,745772062,136,849.4079411764706,524.4835294117647,854.5,512,9,21,),1,class->block->function->parameter_list
2,184,rectangle_java2.jpg,rectangle_java2.jpg,745960115,92,932.19,553.1334782608695,900.5,549,63,21,return,6,class->block->function->block->block_content->return
2,184,rectangle_java2.jpg,rectangle_java2.jpg,746212053,132,885.7469696969697,530.6572727272727,891.5,512,62,21,return,6,class->block->function->block->block_content->return->expr->name->name
2,184,rectangle_java2.jpg,rectangle_java2.jpg,746404106,116,867.0013793103449,525.9175862068965,874.5,512,10,21,{,1,class->block->function->block
2,184,rectangle_java2.jpg,rectangle_java2.jpg,746600087,136,956.655294117647,525.8882352941176,958.5,512,71,21,this.x2,7,class->block->function->block->block_content->return->expr->name->name->operator->name->operator
2,184,rectangle_java2.jpg,rectangle_java2.jpg,746727913,124,974.8587096774194,531.1906451612904,958.5,512,71,21,this.x2,7,class->block->function->block->block_content->return->expr->name->name->operator->name->operator
2,184,rectangle_java2.jpg,rectangle_java2.jpg,746795810,64,969.3050000000001,537.558125,968.5,549,70,21,this.y2,7,class->block->function->block->block_content->return->expr->name->name->operator->name
2,184,rectangle_java2.jpg,rectangle_java2.jpg,746887837,56,1069.98,517.5964285714285,1054.5,512,71,21,this.x1,7,class->block->function->block->block_content->return->expr->name->name->operator->name
2,184,rectangle_java2.jpg,rectangle_java2.jpg,747135889,68,1048.794705882353,520.65,1054.5,512,71,21,this.x1,7,class->block->function->block->block_content->return->expr->name->name->operator->name
2,184,rectangle_java2.jpg,rectangle_java2.jpg,747219879,80,1069.5645,516.617,1054.5,512,71,21,this.x1,7,class->block->function->block->block_content->return->expr->name->name->operator->name
2,184,rectangle_java2.jpg,rectangle_java2.jpg,747415904,72,1130.605,507.2966666666666,1132.5,512,10,21,;,1,class->block->function->block
2,184,rectangle_java2.jpg,rectangle_java2.jpg,747499929,80,1136.7225,499.54449999999997,1132.5,512,10,21,;,1,class->block->function->block
2,184,rectangle_java2.jpg,rectangle_java2.jpg,747603955,56,1126.462857142857,506.52857142857147,1132.5,512,10,21,;,1,class->block->function->block
2,184,rectangle_java2.jpg,rectangle_java2.jpg,747663927,56,1126.5957142857142,530.3292857142857,1132.5,512,10,21,;,1,class->block->function->block
2,184,rectangle_java2.jpg,rectangle_java2.jpg,747739871,72,1135.4244444444444,528.4611111111111,1132.5,512,10,21,;,1,class->block->function->block
2,184,rectangle_java2.jpg,rectangle_java2.jpg,748723862,108,884.2737037037037,522.7255555555555,874.5,512,10,21,{,1,class->block->function->block
2,184,rectangle_java2.jpg,rectangle_java2.jpg,748723862,108,884.2737037037037,522.7255555555555,891.5,512,62,21,return,6,class->block->function->block->block_content->return->expr->name->name
2,184,rectangle_java2.jpg,rectangle_java2.jpg,749507818,116,856.9210344827586,530.3893103448275,854.5,512,9,21,),1,class->block->function->parameter_list
2,184,rectangle_java2.jpg,rectangle_java2.jpg,749639791,56,914.1728571428571,530.0821428571428,891.5,512,62,21,return,6,class->block->function->block->block_content->return->expr->name->name
2,184,rectangle_java2.jpg,rectangle_java2.jpg,749779792,80,909.2855,524.2275,891.5,512,62,21,return,6,class->block->function->block->block_content->return->expr->name->name
2,184,rectangle_java2.jpg,rectangle_java2.jpg,749851795,68,910.6858823529411,542.6994117647059,900.5,549,63,21,return,6,class->block->function->block->block_content->return
2,184,rectangle_java2.jpg,rectangle_java2.jpg,750015800,124,855.7774193548387,506.8035483870967,854.5,512,9,21,),1,class->block->function->parameter_list
2,184,rectangle_java2.jpg,rectangle_java2.jpg,750075812,56,857.5550000000001,514.2664285714286,854.5,512,9,21,),1,class->block->function->parameter_list
2,184,rectangle_java2.jpg,rectangle_java2.jpg,750183865,84,895.7914285714286,548.0885714285714,900.5,549,63,21,return,6,class->block->function->block->block_content->return
2,184,rectangle_java2.jpg,rectangle_java2.jpg,750303860,68,886.9270588235294,561.1064705882353,883.5,549,10,21,{,1,class->block->function->block
2,184,rectangle_java2.jpg,rectangle_java2.jpg,750419848,60,1018.96,554.4546666666666,968.5,549,70,21,this.y2,7,class->block->function->block->block_content->return->expr->name->name->operator->name
2,184,rectangle_java2.jpg,rectangle_java2.jpg,750539764,116,1008.9306896551724,558.6013793103448,968.5,549,70,21,this.y2,7,class->block->function->block->block_content->return->expr->name->name->operator->name
2,184,rectangle_java2.jpg,rectangle_java2.jpg,750703529,56,1100.3421428571428,575.9464285714286,1103.5,585,9,21,),1,class->block->function->block->block_content->return->expr->call->argument_list
2,184,rectangle_java2.jpg,rectangle_java2.jpg,750979652,56,1028.3,518.4235714285714,958.5,512,71,21,this.x2,7,class->block->function->block->block_content->return->expr->name->name->operator->name->operator
2,184,rectangle_java2.jpg,rectangle_java2.jpg,750979652,56,1028.3,518.4235714285714,1035.5,512,13,21,-,1,class->block->function->block->block_content->return->expr->name->name
2,184,rectangle_java2.jpg,rectangle_java2.jpg,751219634,104,1079.8107692307692,559.113076923077,1064.5,549,71,21,this.y1,7,class->block->function->block->block_content->return->expr->name->name->operator->name
2,184,rectangle_java2.jpg,rectangle_java2.jpg,751295624,72,1087.8933333333334,546.4122222222222,1064.5,549,71,21,this.y1,7,class->block->function->block->block_content->return->expr->name->name->operator->name
2,184,rectangle_java2.jpg,rectangle_java2.jpg,751475614,76,1135.1421052631579,556.0347368421053,1064.5,549,71,21,this.y1,7,class->block->function->block->block_content->return->expr->name->name->operator->name
2,184,rectangle_java2.jpg,rectangle_java2.jpg,751475614,76,1135.1421052631579,556.0347368421053,1142.5,549,10,21,;,1,class->block->function->block->block_content->return
2,184,rectangle_java2.jpg,rectangle_java2.jpg,751547618,68,1143.39,536.8823529411765,1142.5,549,10,21,;,1,class->block->function->block->block_content->return
2,184,rectangle_java2.jpg,rectangle_java2.jpg,751623630,72,1141.0244444444445,539.965,1142.5,549,10,21,;,1,class->block->function->block->block_content->return
2,184,rectangle_java2.jpg,rectangle_java2.jpg,751767660,80,1117.193,539.751,1064.5,549,71,21,this.y1,7,class->block->function->block->block_content->return->expr->name->name->operator->name
2,184,rectangle_java2.jpg,rectangle_java2.jpg,751863659,92,1115.7091304347825,541.7665217391304,1064.5,549,71,21,this.y1,7,class->block->function->block->block_content->return->expr->name->name->operator->name
2,184,rectangle_java2.jpg,rectangle_java2.jpg,752195653,56,1087.5192857142856,506.2435714285714,1054.5,512,71,21,this.x1,7,class->block->function->block->block_content->return->expr->name->name->operator->name
2,184,rectangle_java2.jpg,rectangle_java2.jpg,752291640,92,1099.9126086956521,508.85521739130434,1054.5,512,71,21,this.x1,7,class->block->function->block->block_content->return->expr->name->name->operator->name
2,184,rectangle_java2.jpg,rectangle_java2.jpg,752627450,132,932.1084848484849,500.8136363636363,891.5,512,62,21,return,6,class->block->function->block->block_content->return->expr->name->name
2,184,rectangle_java2.jpg,rectangle_java2.jpg,752699626,68,934.1035294117647,502.09470588235286,891.5,512,62,21,return,6,class->block->function->block->block_content->return->expr->name->name
2,184,rectangle_java2.jpg,rectangle_java2.jpg,752859716,120,908.6436666666667,523.2676666666666,891.5,512,62,21,return,6,class->block->function->block->block_content->return->expr->name->name
2,184,rectangle_java2.jpg,rectangle_java2.jpg,752931585,68,918.8552941176471,517.0776470588236,891.5,512,62,21,return,6,class->block->function->block->block_content->return->expr->name->name
2,184,rectangle_java2.jpg,rectangle_java2.jpg,753107466,112,1058.7982142857143,514.6882142857143,1054.5,512,71,21,this.x1,7,class->block->function->block->block_content->return->expr->name->name->operator->name
2,184,rectangle_java2.jpg,rectangle_java2.jpg,753223475,112,1040.0167857142858,507.55321428571426,1035.5,512,13,21,-,1,class->block->function->block->block_content->return->expr->name->name
2,184,rectangle_java2.jpg,rectangle_java2.jpg,753447518,80,1059.2745,511.774,1054.5,512,71,21,this.x1,7,class->block->function->block->block_content->return->expr->name->name->operator->name
2,184,rectangle_java2.jpg,rectangle_java2.jpg,754691351,72,1059.3827777777778,503.2827777777777,1054.5,512,71,21,this.x1,7,class->block->function->block->block_content->return->expr->name->name->operator->name
2,184,rectangle_java2.jpg,rectangle_java2.jpg,754763344,68,1077.6882352941177,504.1052941176471,1054.5,512,71,21,this.x1,7,class->block->function->block->block_content->return->expr->name->name->operator->name
2,184,rectangle_java2.jpg,rectangle_java2.jpg,755519412,92,1153.3865217391303,507.41173913043485,1152.5,512,10,21,},1,class->block
2,184,rectangle_java2.jpg,rectangle_java2.jpg,755611402,68,1150.8982352941177,514.13,1152.5,512,10,21,},1,class->block
2,184,rectangle_java2.jpg,rectangle_java2.jpg,755735392,120,1162.343,506.034,1152.5,512,10,21,},1,class->block
2,184,rectangle_java2.jpg,rectangle_java2.jpg,755859377,64,1126.434375,524.759375,1132.5,512,10,21,;,1,class->block->function->block
2,184,rectangle_java2.jpg,rectangle_java2.jpg,755931366,68,1140.044705882353,532.3670588235294,1132.5,512,10,21,;,1,class->block->function->block
2,184,rectangle_java2.jpg,rectangle_java2.jpg,755931366,68,1140.044705882353,532.3670588235294,1152.5,512,10,21,},1,class->block
2,184,rectangle_java2.jpg,rectangle_java2.jpg,757075294,108,1044.9518518518519,548.3692592592593,1045.5,549,13,21,-,1,class->block->function->block->block_content->return->expr->operator
2,184,rectangle_java2.jpg,rectangle_java2.jpg,757255258,116,871.3444827586206,551.4289655172414,863.5,549,9,21,),1,class->block->function->parameter_list
2,184,rectangle_java2.jpg,rectangle_java2.jpg,757255258,116,871.3444827586206,551.4289655172414,883.5,549,10,21,{,1,class->block->function->block
2,184,rectangle_java2.jpg,rectangle_java2.jpg,757439281,124,828.5651612903226,457.77516129032256,826.5,440,23,21,y2,2,class->block->constructor->block->block_content->expr_stmt->expr->name->name
2,184,rectangle_java2.jpg,rectangle_java2.jpg,757583280,76,788.57,439.1921052631578,730.5,440,71,21,this.y2,7,class->block->constructor->block->block_content->expr_stmt->expr->name->name->operator->name
2,184,rectangle_java2.jpg,rectangle_java2.jpg,758535079,132,874.3860606060606,516.4524242424243,874.5,512,10,21,{,1,class->block->function->block
2,184,rectangle_java2.jpg,rectangle_java2.jpg,758643104,104,873.6642307692308,507.4453846153847,874.5,512,10,21,{,1,class->block->function->block
2,184,rectangle_java2.jpg,rectangle_java2.jpg,759167260,80,1019.8535,515.309,958.5,512,71,21,this.x2,7,class->block->function->block->block_content->return->expr->name->name->operator->name->operator
2,184,rectangle_java2.jpg,rectangle_java2.jpg,759363318,140,1016.6588571428572,516.6125714285714,958.5,512,71,21,this.x2,7,class->block->function->block->block_content->return->expr->name->name->operator->name->operator
2,184,rectangle_java2.jpg,rectangle_java2.jpg,759427275,60,1025.7746666666667,523.2853333333334,958.5,512,71,21,this.x2,7,class->block->function->block->block_content->return->expr->name->name->operator->name->operator
2,184,rectangle_java2.jpg,rectangle_java2.jpg,759427275,60,1025.7746666666667,523.2853333333334,1035.5,512,13,21,-,1,class->block->function->block->block_content->return->expr->name->name
2,184,rectangle_java2.jpg,rectangle_java2.jpg,759607114,60,901.6066666666667,543.4866666666667,900.5,549,63,21,return,6,class->block->function->block->block_content->return
2,184,rectangle_java2.jpg,rectangle_java2.jpg,759723096,84,915.2309523809524,555.4266666666666,900.5,549,63,21,return,6,class->block->function->block->block_content->return
2,184,rectangle_java2.jpg,rectangle_java2.jpg,759835097,68,947.5617647058823,548.7888235294117,900.5,549,63,21,return,6,class->block->function->block->block_content->return
2,184,rectangle_java2.jpg,rectangle_java2.jpg,759911094,72,938.1388888888889,549.96,900.5,549,63,21,return,6,class->block->function->block->block_content->return
2,184,rectangle_java2.jpg,rectangle_java2.jpg,759991085,76,945.2731578947369,548.1457894736842,900.5,549,63,21,return,6,class->block->function->block->block_content->return
2,184,rectangle_java2.jpg,rectangle_java2.jpg,760059045,64,927.199375,544.7887499999999,900.5,549,63,21,return,6,class->block->function->block->block_content->return
2,184,rectangle_java2.jpg,rectangle_java2.jpg,760246975,60,925.3206666666667,516.2226666666667,891.5,512,62,21,return,6,class->block->function->block->block_content->return->expr->name->name
2,184,rectangle_java2.jpg,rectangle_java2.jpg,760475011,112,875.05,526.6428571428571,874.5,512,10,21,{,1,class->block->function->block
2,184,rectangle_java2.jpg,rectangle_java2.jpg,760762976,120,956.7553333333333,532.8286666666667,958.5,512,71,21,this.x2,7,class->block->function->block->block_content->return->expr->name->name->operator->name->operator
2,184,rectangle_java2.jpg,rectangle_java2.jpg,760838963,72,954.5661111111111,537.1844444444445,900.5,549,63,21,return,6,class->block->function->block->block_content->return
2,184,rectangle_java2.jpg,rectangle_java2.jpg,760902948,60,957.826,546.8933333333333,900.5,549,63,21,return,6,class->block->function->block->block_content->return
2,184,rectangle_java2.jpg,rectangle_java2.jpg,760902948,60,957.826,546.8933333333333,968.5,549,70,21,this.y2,7,class->block->function->block->block_content->return->expr->name->name->operator->name
2,184,rectangle_java2.jpg,rectangle_java2.jpg,761214938,64,980.688125,523.285,958.5,512,71,21,this.x2,7,class->block->function->block->block_content->return->expr->name->name->operator->name->operator
2,184,rectangle_java2.jpg,rectangle_java2.jpg,761358954,84,975.1895238095238,530.0433333333333,958.5,512,71,21,this.x2,7,class->block->function->block->block_content->return->expr->name->name->operator->name->operator
2,184,rectangle_java2.jpg,rectangle_java2.jpg,761626940,96,1069.1766666666667,528.6775,1054.5,512,71,21,this.x1,7,class->block->function->block->block_content->return->expr->name->name->operator->name
2,184,rectangle_java2.jpg,rectangle_java2.jpg,761734947,104,1068.745,538.603076923077,1064.5,549,71,21,this.y1,7,class->block->function->block->block_content->return->expr->name->name->operator->name
2,184,rectangle_java2.jpg,rectangle_java2.jpg,761910991,64,1072.203125,540.145625,1064.5,549,71,21,this.y1,7,class->block->function->block->block_content->return->expr->name->name->operator->name
2,184,rectangle_java2.jpg,rectangle_java2.jpg,761998915,84,1071.5590476190475,537.167619047619,1064.5,549,71,21,this.y1,7,class->block->function->block->block_content->return->expr->name->name->operator->name
2,184,rectangle_java2.jpg,rectangle_java2.jpg,762086801,84,1072.7361904761904,547.8942857142857,1064.5,549,71,21,this.y1,7,class->block->function->block->block_content->return->expr->name->name->operator->name
2,184,rectangle_java2.jpg,rectangle_java2.jpg,762238749,96,1080.1283333333333,539.8129166666666,1064.5,549,71,21,this.y1,7,class->block->function->block->block_content->return->expr->name->name->operator->name
2,184,rectangle_java2.jpg,rectangle_java2.jpg,762338808,96,1092.2458333333334,529.9233333333333,1054.5,512,71,21,this.x1,7,class->block->function->block->block_content->return->expr->name->name->operator->name
2,184,rectangle_java2.jpg,rectangle_java2.jpg,762414837,72,1086.9516666666666,519.6,1054.5,512,71,21,this.x1,7,class->block->function->block->block_content->return->expr->name->name->operator->name
2,184,rectangle_java2.jpg,rectangle_java2.jpg,762534825,116,1097.2648275862068,530.9344827586207,1054.5,512,71,21,this.x1,7,class->block->function->block->block_content->return->expr->name->name->operator->name
2,184,rectangle_java2.jpg,rectangle_java2.jpg,762702810,92,1143.4704347826087,520.0160869565217,1152.5,512,10,21,},1,class->block
2,184,rectangle_java2.jpg,rectangle_java2.jpg,762766810,60,1146.2193333333335,512.742,1152.5,512,10,21,},1,class->block
2,184,rectangle_java2.jpg,rectangle_java2.jpg,762838816,68,1151.1729411764707,524.68,1152.5,512,10,21,},1,class->block
2,184,rectangle_java2.jpg,rectangle_java2.jpg,763418819,132,1031.6427272727274,522.9836363636364,1035.5,512,13,21,-,1,class->block->function->block->block_content->return->expr->name->name
2,184,rectangle_java2.jpg,rectangle_java2.jpg,763530806,88,861.6681818181818,516.2436363636364,854.5,512,9,21,),1,class->block->function->parameter_list
2,184,rectangle_java2.jpg,rectangle_java2.jpg,763594805,60,857.6986666666667,514.2306666666667,854.5,512,9,21,),1,class->block->function->parameter_list
2,184,rectangle_java2.jpg,rectangle_java2.jpg,763670814,72,866.1627777777778,500.5038888888889,874.5,512,10,21,{,1,class->block->function->block
2,184,rectangle_java2.jpg,rectangle_java2.jpg,763762825,88,865.8390909090909,523.7036363636364,874.5,512,10,21,{,1,class->block->function->block
2,184,rectangle_java2.jpg,rectangle_java2.jpg,763986807,96,819.2316666666667,511.54791666666665,775.5,512,53,21,width,5,class->block->function->name
2,184,rectangle_java2.jpg,rectangle_java2.jpg,764058817,68,835.2588235294118,517.7382352941177,837.5,512,9,21,(,1,class->block->function->parameter_list
2,184,rectangle_java2.jpg,rectangle_java2.jpg,764279027,156,1077.9905128205128,515.1264102564103,1054.5,512,71,21,this.x1,7,class->block->function->block->block_content->return->expr->name->name->operator->name
2,184,rectangle_java2.jpg,rectangle_java2.jpg,764383170,100,1074.7456,517.9504000000001,1054.5,512,71,21,this.x1,7,class->block->function->block->block_content->return->expr->name->name->operator->name
2,184,rectangle_java2.jpg,rectangle_java2.jpg,764475004,60,1112.9186666666667,517.5706666666666,1054.5,512,71,21,this.x1,7,class->block->function->block->block_content->return->expr->name->name->operator->name
2,184,rectangle_java2.jpg,rectangle_java2.jpg,764662776,104,1117.198076923077,509.9838461538461,1054.5,512,71,21,this.x1,7,class->block->function->block->block_content->return->expr->name->name->operator->name
2,184,rectangle_java2.jpg,rectangle_java2.jpg,764786822,88,1031.3027272727272,502.9231818181818,1035.5,512,13,21,-,1,class->block->function->block->block_content->return->expr->name->name
2,184,rectangle_java2.jpg,rectangle_java2.jpg,764926765,84,1037.9004761904762,506.8819047619047,1035.5,512,13,21,-,1,class->block->function->block->block_content->return->expr->name->name
2,184,rectangle_java2.jpg,rectangle_java2.jpg,765214751,84,1056.4342857142858,503.4571428571428,1054.5,512,71,21,this.x1,7,class->block->function->block->block_content->return->expr->name->name->operator->name
2,184,rectangle_java2.jpg,rectangle_java2.jpg,765998602,124,977.038064516129,503.82483870967735,958.5,512,71,21,this.x2,7,class->block->function->block->block_content->return->expr->name->name->operator->name->operator
2,184,rectangle_java2.jpg,rectangle_java2.jpg,767402604,60,1109.126,501.8086666666667,1054.5,512,71,21,this.x1,7,class->block->function->block->block_content->return->expr->name->name->operator->name
2,184,rectangle_java2.jpg,rectangle_java2.jpg,767498409,92,1103.078695652174,517.1413043478261,1054.5,512,71,21,this.x1,7,class->block->function->block->block_content->return->expr->name->name->operator->name
2,184,rectangle_java2.jpg,rectangle_java2.jpg,767586123,84,1102.83,520.9738095238096,1054.5,512,71,21,this.x1,7,class->block->function->block->block_content->return->expr->name->name->operator->name
2,184,rectangle_java2.jpg,rectangle_java2.jpg,767826158,56,907.1878571428572,555.4278571428572,900.5,549,63,21,return,6,class->block->function->block->block_content->return
2,184,rectangle_java2.jpg,rectangle_java2.jpg,767918309,88,919.5240909090909,550.7768181818182,900.5,549,63,21,return,6,class->block->function->block->block_content->return
2,184,rectangle_java2.jpg,rectangle_java2.jpg,768218447,60,1070.092,521.1186666666666,1054.5,512,71,21,this.x1,7,class->block->function->block->block_content->return->expr->name->name->operator->name
2,184,rectangle_java2.jpg,rectangle_java2.jpg,768330490,68,1123.1905882352942,507.4005882352942,1054.5,512,71,21,this.x1,7,class->block->function->block->block_content->return->expr->name->name->operator->name
2,184,rectangle_java2.jpg,rectangle_java2.jpg,768330490,68,1123.1905882352942,507.4005882352942,1132.5,512,10,21,;,1,class->block->function->block
2,184,rectangle_java2.jpg,rectangle_java2.jpg,768466548,132,1130.4984848484848,521.1739393939393,1132.5,512,10,21,;,1,class->block->function->block
2,184,rectangle_java2.jpg,rectangle_java2.jpg,768650478,92,1088.8108695652174,527.9917391304348,1054.5,512,71,21,this.x1,7,class->block->function->block->block_content->return->expr->name->name->operator->name
2,184,rectangle_java2.jpg,rectangle_java2.jpg,768758480,104,1099.6534615384614,532.1803846153846,1054.5,512,71,21,this.x1,7,class->block->function->block->block_content->return->expr->name->name->operator->name
2,184,rectangle_java2.jpg,rectangle_java2.jpg,768858499,96,1100.4529166666666,539.1008333333333,1064.5,549,71,21,this.y1,7,class->block->function->block->block_content->return->expr->name->name->operator->name
2,184,rectangle_java2.jpg,rectangle_java2.jpg,769006496,124,1038.4535483870968,530.8241935483871,1035.5,512,13,21,-,1,class->block->function->block->block_content->return->expr->name->name
2,184,rectangle_java2.jpg,rectangle_java2.jpg,769178448,168,1033.7988095238095,542.1559523809524,968.5,549,70,21,this.y2,7,class->block->function->block->block_content->return->expr->name->name->operator->name
2,184,rectangle_java2.jpg,rectangle_java2.jpg,769178448,168,1033.7988095238095,542.1559523809524,1045.5,549,13,21,-,1,class->block->function->block->block_content->return->expr->operator
2,184,rectangle_java2.jpg,rectangle_java2.jpg,769342410,112,1093.475,524.2835714285715,1054.5,512,71,21,this.x1,7,class->block->function->block->block_content->return->expr->name->name->operator->name
2,184,rectangle_java2.jpg,rectangle_java2.jpg,769494383,116,1091.3844827586206,519.9220689655173,1054.5,512,71,21,this.x1,7,class->block->function->block->block_content->return->expr->name->name->operator->name
2,184,rectangle_java2.jpg,rectangle_java2.jpg,769886294,116,866.2779310344828,585.7306896551725,873.5,585,9,21,),1,class->block->function->parameter_list
2,184,rectangle_java2.jpg,rectangle_java2.jpg,770002301,80,841.9755,581.217,804.5,585,43,21,area,4,class->block->function->name
2,184,rectangle_java2.jpg,rectangle_java2.jpg,770186306,108,927.0140740740741,613.52,920.5,621,62,21,String,6,class->block->function->parameter_list->parameter->decl->type->name->name
2,184,rectangle_java2.jpg,rectangle_java2.jpg,770386288,112,893.5396428571429,597.5135714285715,893.5,585,10,21,{,1,class->block->function->block
2,184,rectangle_java2.jpg,rectangle_java2.jpg,770534318,144,893.3436111111112,603.5730555555556,893.5,585,10,21,{,1,class->block->function->block
2,184,rectangle_java2.jpg,rectangle_java2.jpg,770902343,56,1111.9921428571429,587.7028571428572,1103.5,585,9,21,),1,class->block->function->block->block_content->return->expr->call->argument_list
2,184,rectangle_java2.jpg,rectangle_java2.jpg,770902343,56,1111.9921428571429,587.7028571428572,1122.5,585,12,21,*,1,class->block->function->block->block_content->return->expr->operator
2,184,rectangle_java2.jpg,rectangle_java2.jpg,771114331,84,1206.6938095238095,602.0538095238095,1140.5,585,110,21,this.height,11,class->block->function->block->block_content->return->expr->call->name->name->operator->name
2,184,rectangle_java2.jpg,rectangle_java2.jpg,771230338,84,1229.6266666666668,601.4033333333333,1140.5,585,110,21,this.height,11,class->block->function->block->block_content->return->expr->call->name->name->operator->name
2,184,rectangle_java2.jpg,rectangle_java2.jpg,771466275,100,919.6732,646.6148,902.5,658,34,20,new,3,class->block->function->block->block_content->decl_stmt->decl->init->expr->operator
2,184,rectangle_java2.jpg,rectangle_java2.jpg,771622178,88,848.9045454545454,673.2768181818182,826.5,658,52,20,rect1,5,class->block->function->block->block_content->decl_stmt->decl->name
2,184,rectangle_java2.jpg,rectangle_java2.jpg,771718067,92,837.7069565217391,675.0234782608695,826.5,658,52,20,rect1,5,class->block->function->block->block_content->decl_stmt->decl->name
2,184,rectangle_java2.jpg,rectangle_java2.jpg,771922150,76,915.6563157894736,670.4605263157895,902.5,658,34,20,new,3,class->block->function->block->block_content->decl_stmt->decl->init->expr->operator
2,184,rectangle_java2.jpg,rectangle_java2.jpg,772078191,92,828.2847826086957,763.9052173913043,730.5,766,177,21,System.out.println,18,class->block->function->block->block_content->expr_stmt->expr->call->name->name->operator->name->operator->name
2,184,rectangle_java2.jpg,rectangle_java2.jpg,772206200,68,823.6158823529412,764.6923529411764,730.5,766,177,21,System.out.println,18,class->block->function->block->block_content->expr_stmt->expr->call->name->name->operator->name->operator->name
2,184,rectangle_java2.jpg,rectangle_java2.jpg,772350237,88,901.1104545454546,769.1322727272727,730.5,766,177,21,System.out.println,18,class->block->function->block->block_content->expr_stmt->expr->call->name->name->operator->name->operator->name
2,184,rectangle_java2.jpg,rectangle_java2.jpg,772614180,200,950.482,764.519,932.5,766,100,21,rect2.area,10,class->block->function->block->block_content->expr_stmt->expr->call->argument_list->argument->expr->call->name->name->operator->name
2,184,rectangle_java2.jpg,rectangle_java2.jpg,772714177,56,1024.222142857143,764.7507142857143,932.5,766,100,21,rect2.area,10,class->block->function->block->block_content->expr_stmt->expr->call->argument_list->argument->expr->call->name->name->operator->name
2,184,rectangle_java2.jpg,rectangle_java2.jpg,773006164,124,999.9270967741935,766.1316129032258,932.5,766,100,21,rect2.area,10,class->block->function->block->block_content->expr_stmt->expr->call->argument_list->argument->expr->call->name->name->operator->name
2,184,rectangle_java2.jpg,rectangle_java2.jpg,773182143,80,1075.383,771.3205,1077.5,766,9,21,),1,class->block->function->block->block_content->expr_stmt->expr->call->argument_list
2,184,rectangle_java2.jpg,rectangle_java2.jpg,773310149,124,1079.9567741935484,767.6819354838709,1077.5,766,9,21,),1,class->block->function->block->block_content->expr_stmt->expr->call->argument_list
2,184,rectangle_java2.jpg,rectangle_java2.jpg,774393957,140,886.3271428571429,768.9225714285715,730.5,766,177,21,System.out.println,18,class->block->function->block->block_content->expr_stmt->expr->call->name->name->operator->name->operator->name
2,184,rectangle_java2.jpg,rectangle_java2.jpg,774618080,164,956.7165853658537,770.5546341463415,932.5,766,100,21,rect2.area,10,class->block->function->block->block_content->expr_stmt->expr->call->argument_list->argument->expr->call->name->name->operator->name
2,184,rectangle_java2.jpg,rectangle_java2.jpg,774738060,116,953.8727586206896,783.1875862068965,932.5,766,100,21,rect2.area,10,class->block->function->block->block_content->expr_stmt->expr->call->argument_list->argument->expr->call->name->name->operator->name
2,184,rectangle_java2.jpg,rectangle_java2.jpg,774842052,84,859.3580952380952,780.81,730.5,766,177,21,System.out.println,18,class->block->function->block->block_content->expr_stmt->expr->call->name->name->operator->name->operator->name
2,184,rectangle_java2.jpg,rectangle_java2.jpg,775742448,72,1028.671111111111,743.5372222222222,941.5,731,91,20,Rectangle,9,class->block->function->block->block_content->decl_stmt->decl->init->expr->call->name
2,184,rectangle_java2.jpg,rectangle_java2.jpg,775838526,92,1042.3247826086956,729.6921739130435,1041.5,731,9,20,(,1,class->block->function->block->block_content->decl_stmt->decl->init->expr->call->argument_list
2,184,rectangle_java2.jpg,rectangle_java2.jpg,775982018,76,991.05,718.9247368421053,941.5,731,91,20,Rectangle,9,class->block->function->block->block_content->decl_stmt->decl->init->expr->call->name
2,184,rectangle_java2.jpg,rectangle_java2.jpg,776065955,80,994.413,737.4165,941.5,731,91,20,Rectangle,9,class->block->function->block->block_content->decl_stmt->decl->init->expr->call->name
2,184,rectangle_java2.jpg,rectangle_java2.jpg,776173943,60,1084.6653333333334,738.6873333333333,1077.5,731,9,20,",",1,class->block->function->block->block_content->decl_stmt->decl->init->expr->call->argument_list
2,184,rectangle_java2.jpg,rectangle_java2.jpg,776173943,60,1084.6653333333334,738.6873333333333,1095.5,731,13,20,5,1,class->block->function->block->block_content->decl_stmt->decl->init->expr->call->argument_list->argument->expr->literal
2,184,rectangle_java2.jpg,rectangle_java2.jpg,776357893,56,1060.3521428571428,748.8971428571429,1057.5,731,13,20,5,1,class->block->function->block->block_content->decl_stmt->decl->init->expr->call->argument_list->argument->expr->literal
2,184,rectangle_java2.jpg,rectangle_java2.jpg,776417882,56,1067.5328571428572,740.9642857142857,1057.5,731,13,20,5,1,class->block->function->block->block_content->decl_stmt->decl->init->expr->call->argument_list->argument->expr->literal
2,184,rectangle_java2.jpg,rectangle_java2.jpg,776417882,56,1067.5328571428572,740.9642857142857,1077.5,731,9,20,",",1,class->block->function->block->block_content->decl_stmt->decl->init->expr->call->argument_list
2,184,rectangle_java2.jpg,rectangle_java2.jpg,776493893,72,1058.5477777777778,738.2033333333334,1057.5,731,13,20,5,1,class->block->function->block->block_content->decl_stmt->decl->init->expr->call->argument_list->argument->expr->literal
2,184,rectangle_java2.jpg,rectangle_java2.jpg,777009926,68,776.0764705882353,727.5864705882353,730.5,731,91,20,Rectangle,9,class->block->function->block->block_content->decl_stmt->decl->type->name
2,184,rectangle_java2.jpg,rectangle_java2.jpg,777145861,72,892.4561111111111,756.3094444444445,730.5,766,177,21,System.out.println,18,class->block->function->block->block_content->expr_stmt->expr->call->name->name->operator->name->operator->name
2,184,rectangle_java2.jpg,rectangle_java2.jpg,777269759,68,880.3558823529412,738.4088235294117,883.5,731,15,20,=,1,class->block->function->block->block_content->decl_stmt->decl->init
2,184,rectangle_java2.jpg,rectangle_java2.jpg,777453601,124,890.4948387096774,754.8451612903226,730.5,766,177,21,System.out.println,18,class->block->function->block->block_content->expr_stmt->expr->call->name->name->operator->name->operator->name
2,184,rectangle_java2.jpg,rectangle_java2.jpg,777601718,108,942.5974074074074,763.4311111111111,932.5,766,100,21,rect2.area,10,class->block->function->block->block_content->expr_stmt->expr->call->argument_list->argument->expr->call->name->name->operator->name
2,184,rectangle_java2.jpg,rectangle_java2.jpg,777781760,176,953.9556818181818,763.055,932.5,766,100,21,rect2.area,10,class->block->function->block->block_content->expr_stmt->expr->call->argument_list->argument->expr->call->name->name->operator->name
2,184,rectangle_java2.jpg,rectangle_java2.jpg,777845755,60,941.6773333333333,777.5373333333333,932.5,766,100,21,rect2.area,10,class->block->function->block->block_content->expr_stmt->expr->call->argument_list->argument->expr->call->name->name->operator->name
2,184,rectangle_java2.jpg,rectangle_java2.jpg,777941745,68,889.6311764705882,777.5658823529412,730.5,766,177,21,System.out.println,18,class->block->function->block->block_content->expr_stmt->expr->call->name->name->operator->name->operator->name
2,184,rectangle_java2.jpg,rectangle_java2.jpg,778193768,112,887.7910714285714,765.8860714285714,730.5,766,177,21,System.out.println,18,class->block->function->block->block_content->expr_stmt->expr->call->name->name->operator->name->operator->name
2,184,rectangle_java2.jpg,rectangle_java2.jpg,778421825,80,815.5045,783.485,730.5,766,177,21,System.out.println,18,class->block->function->block->block_content->expr_stmt->expr->call->name->name->operator->name->operator->name
2,184,rectangle_java2.jpg,rectangle_java2.jpg,779017767,92,975.0295652173913,782.2873913043478,932.5,766,100,21,rect2.area,10,class->block->function->block->block_content->expr_stmt->expr->call->argument_list->argument->expr->call->name->name->operator->name
2,184,rectangle_java2.jpg,rectangle_java2.jpg,779129694,64,1069.7675,781.93875,1077.5,766,9,21,),1,class->block->function->block->block_content->expr_stmt->expr->call->argument_list
2,184,rectangle_java2.jpg,rectangle_java2.jpg,779265552,56,1076.8757142857144,779.0564285714286,1077.5,766,9,21,),1,class->block->function->block->block_content->expr_stmt->expr->call->argument_list
2,184,rectangle_java2.jpg,rectangle_java2.jpg,784205344,124,806.6212903225806,750.8832258064516,730.5,731,91,20,Rectangle,9,class->block->function->block->block_content->decl_stmt->decl->type->name
2,184,rectangle_java2.jpg,rectangle_java2.jpg,784465319,76,930.5742105263158,764.5073684210527,932.5,766,100,21,rect2.area,10,class->block->function->block->block_content->expr_stmt->expr->call->argument_list->argument->expr->call->name->name->operator->name
2,184,rectangle_java2.jpg,rectangle_java2.jpg,784673297,108,850.7562962962963,768.0514814814815,730.5,766,177,21,System.out.println,18,class->block->function->block->block_content->expr_stmt->expr->call->name->name->operator->name->operator->name
2,184,rectangle_java2.jpg,rectangle_java2.jpg,785757232,56,877.8535714285714,509.355,874.5,512,10,21,{,1,class->block->function->block
2,184,rectangle_java2.jpg,rectangle_java2.jpg,785933218,120,821.261,223.20033333333333,813.5,222,10,21,{,1,class->block
2,184,rectangle_java2.jpg,rectangle_java2.jpg,786009212,72,817.845,218.7066666666667,813.5,222,10,21,{,1,class->block
