trial,participant,code_file,code_language,timestamp,duration,x_cord,y_cord,aoi_x,aoi_y,aoi_width,aoi_height,token,length,srcML
2,187,rectangle_java2.jpg,rectangle_java2.jpg,9707660068,72,873.085,268.60333333333335,863.5,259,10,21,",",1,class->block->decl_stmt
2,187,rectangle_java2.jpg,rectangle_java2.jpg,9707660068,72,873.085,268.60333333333335,881.5,259,23,21,x2,2,class->block->decl_stmt->decl->name
2,187,rectangle_java2.jpg,rectangle_java2.jpg,9708495936,64,724.556875,323.536875,730.5,331,71,19,this.x1,7,class->block->constructor->block->block_content->expr_stmt->expr->name->name->operator->name
2,187,rectangle_java2.jpg,rectangle_java2.jpg,9708591953,92,723.2630434782609,301.14608695652174,669.5,295,63,21,public,6,class->block->constructor->specifier
2,187,rectangle_java2.jpg,rectangle_java2.jpg,9713567454,64,744.784375,432.885625,730.5,440,71,21,this.y2,7,class->block->constructor->block->block_content->expr_stmt->expr->name->name->operator->name
