trial,participant,code_file,code_language,timestamp,duration,x_cord,y_cord,aoi_x,aoi_y,aoi_width,aoi_height,token,length,srcML
2,195,rectangle_java2.jpg,rectangle_java2.jpg,616269922,312,730.915641025641,220.48948717948718,715.5,222,90,21,Rectangle,9,class->name
2,195,rectangle_java2.jpg,rectangle_java2.jpg,616697972,56,756.9271428571428,230.78071428571428,715.5,222,90,21,Rectangle,9,class->name
2,195,rectangle_java2.jpg,rectangle_java2.jpg,616849935,148,757.847027027027,216.47972972972974,715.5,222,90,21,Rectangle,9,class->name
2,195,rectangle_java2.jpg,rectangle_java2.jpg,616933958,80,754.4455,225.67650000000003,715.5,222,90,21,Rectangle,9,class->name
2,195,rectangle_java2.jpg,rectangle_java2.jpg,617761869,76,739.8957894736842,226.2210526315789,715.5,222,90,21,Rectangle,9,class->name
2,195,rectangle_java2.jpg,rectangle_java2.jpg,617837869,72,744.4083333333333,211.7288888888889,715.5,222,90,21,Rectangle,9,class->name
2,195,rectangle_java2.jpg,rectangle_java2.jpg,617913873,72,744.6883333333333,227.79111111111115,715.5,222,90,21,Rectangle,9,class->name
2,195,rectangle_java2.jpg,rectangle_java2.jpg,618057893,56,836.9535714285714,271.37857142857143,833.5,259,23,21,y1,2,class->block->decl_stmt->decl->name
2,195,rectangle_java2.jpg,rectangle_java2.jpg,620317663,104,820.775,293.76384615384615,737.5,295,91,21,Rectangle,9,class->block->constructor->name
2,195,rectangle_java2.jpg,rectangle_java2.jpg,620501691,92,795.4460869565218,303.82695652173913,737.5,295,91,21,Rectangle,9,class->block->constructor->name
2,195,rectangle_java2.jpg,rectangle_java2.jpg,620565694,60,788.0346666666667,297.366,737.5,295,91,21,Rectangle,9,class->block->constructor->name
2,195,rectangle_java2.jpg,rectangle_java2.jpg,620773740,56,860.3557142857143,246.815,863.5,259,10,21,",",1,class->block->decl_stmt
2,195,rectangle_java2.jpg,rectangle_java2.jpg,620833740,56,844.6785714285714,250.33142857142855,833.5,259,23,21,y1,2,class->block->decl_stmt->decl->name
2,195,rectangle_java2.jpg,rectangle_java2.jpg,621069648,72,821.8094444444445,212.88111111111107,813.5,222,10,21,{,1,class->block
2,195,rectangle_java2.jpg,rectangle_java2.jpg,621549365,56,810.7535714285714,253.83642857142854,815.5,259,10,21,",",1,class->block->decl_stmt
2,195,rectangle_java2.jpg,rectangle_java2.jpg,622509549,84,810.0733333333334,247.84238095238095,815.5,259,10,21,",",1,class->block->decl_stmt
2,195,rectangle_java2.jpg,rectangle_java2.jpg,622793517,132,775.979393939394,228.93878787878788,715.5,222,90,21,Rectangle,9,class->name
2,195,rectangle_java2.jpg,rectangle_java2.jpg,622889521,60,809.284,226.56666666666666,813.5,222,10,21,{,1,class->block
2,195,rectangle_java2.jpg,rectangle_java2.jpg,624081473,72,747.8016666666666,371.21444444444444,730.5,367,71,21,this.y1,7,class->block->constructor->block->block_content->expr_stmt->expr->name->name->operator->name
2,195,rectangle_java2.jpg,rectangle_java2.jpg,624177499,92,733.7630434782609,373.44521739130437,730.5,367,71,21,this.y1,7,class->block->constructor->block->block_content->expr_stmt->expr->name->name->operator->name
2,195,rectangle_java2.jpg,rectangle_java2.jpg,625141327,68,746.2058823529412,224.8352941176471,715.5,222,90,21,Rectangle,9,class->name
2,195,rectangle_java2.jpg,rectangle_java2.jpg,625389334,184,796.9954347826086,229.96608695652174,715.5,222,90,21,Rectangle,9,class->name
2,195,rectangle_java2.jpg,rectangle_java2.jpg,625553349,136,777.6088235294118,277.57176470588234,747.5,259,33,21,int,3,class->block->decl_stmt->decl->type->name
2,195,rectangle_java2.jpg,rectangle_java2.jpg,625553349,136,777.6088235294118,277.57176470588234,785.5,259,23,21,x1,2,class->block->decl_stmt->decl->name
2,195,rectangle_java2.jpg,rectangle_java2.jpg,625617351,60,774.46,265.81,747.5,259,33,21,int,3,class->block->decl_stmt->decl->type->name
2,195,rectangle_java2.jpg,rectangle_java2.jpg,625617351,60,774.46,265.81,785.5,259,23,21,x1,2,class->block->decl_stmt->decl->name
2,195,rectangle_java2.jpg,rectangle_java2.jpg,626021244,360,860.4456666666666,266.68966666666665,863.5,259,10,21,",",1,class->block->decl_stmt
2,195,rectangle_java2.jpg,rectangle_java2.jpg,626393215,332,796.660843373494,311.7131325301205,737.5,295,91,21,Rectangle,9,class->block->constructor->name
2,195,rectangle_java2.jpg,rectangle_java2.jpg,626469217,72,828.1566666666666,306.9088888888889,737.5,295,91,21,Rectangle,9,class->block->constructor->name
2,195,rectangle_java2.jpg,rectangle_java2.jpg,626469217,72,828.1566666666666,306.9088888888889,837.5,295,9,21,(,1,class->block->constructor->parameter_list
2,195,rectangle_java2.jpg,rectangle_java2.jpg,626673236,200,831.6634,306.9248,837.5,295,9,21,(,1,class->block->constructor->parameter_list
2,195,rectangle_java2.jpg,rectangle_java2.jpg,627001110,76,792.0736842105263,323.1578947368421,730.5,331,71,19,this.x1,7,class->block->constructor->block->block_content->expr_stmt->expr->name->name->operator->name
2,195,rectangle_java2.jpg,rectangle_java2.jpg,627149094,144,785.0161111111111,315.95972222222224,737.5,295,91,21,Rectangle,9,class->block->constructor->name
2,195,rectangle_java2.jpg,rectangle_java2.jpg,628073013,64,786.921875,299.855,737.5,295,91,21,Rectangle,9,class->block->constructor->name
2,195,rectangle_java2.jpg,rectangle_java2.jpg,628229055,152,793.345,311.9107894736842,737.5,295,91,21,Rectangle,9,class->block->constructor->name
2,195,rectangle_java2.jpg,rectangle_java2.jpg,628469125,196,879.6451020408164,266.46530612244896,881.5,259,23,21,x2,2,class->block->decl_stmt->decl->name
2,195,rectangle_java2.jpg,rectangle_java2.jpg,628589128,60,924.8386666666667,272.176,929.5,259,23,21,y2,2,class->block->decl_stmt->decl->name
2,195,rectangle_java2.jpg,rectangle_java2.jpg,629257028,64,862.36,288.573125,853.5,295,32,21,int,3,class->block->constructor->parameter_list->parameter->decl->type->name
2,195,rectangle_java2.jpg,rectangle_java2.jpg,629409020,148,856.7048648648648,304.23243243243246,853.5,295,32,21,int,3,class->block->constructor->parameter_list->parameter->decl->type->name
2,195,rectangle_java2.jpg,rectangle_java2.jpg,629533043,96,793.0254166666666,300.9916666666667,737.5,295,91,21,Rectangle,9,class->block->constructor->name
2,195,rectangle_java2.jpg,rectangle_java2.jpg,629645000,108,783.2881481481481,308.5966666666667,737.5,295,91,21,Rectangle,9,class->block->constructor->name
2,195,rectangle_java2.jpg,rectangle_java2.jpg,629728959,80,782.1985,296.5045,737.5,295,91,21,Rectangle,9,class->block->constructor->name
2,195,rectangle_java2.jpg,rectangle_java2.jpg,629932942,164,834.8268292682927,315.4765853658537,837.5,295,9,21,(,1,class->block->constructor->parameter_list
2,195,rectangle_java2.jpg,rectangle_java2.jpg,630196955,196,813.7165306122449,357.6769387755102,806.5,367,15,21,=,1,class->block->constructor->block->block_content->expr_stmt->expr->operator
2,195,rectangle_java2.jpg,rectangle_java2.jpg,630528981,132,796.7842424242424,212.20333333333332,715.5,222,90,21,Rectangle,9,class->name
2,195,rectangle_java2.jpg,rectangle_java2.jpg,630592940,60,794.002,222.514,715.5,222,90,21,Rectangle,9,class->name
2,195,rectangle_java2.jpg,rectangle_java2.jpg,630668851,72,796.295,265.38222222222225,785.5,259,23,21,x1,2,class->block->decl_stmt->decl->name
2,195,rectangle_java2.jpg,rectangle_java2.jpg,630808736,136,793.9514705882353,261.2805882352941,785.5,259,23,21,x1,2,class->block->decl_stmt->decl->name
2,195,rectangle_java2.jpg,rectangle_java2.jpg,630900791,56,782.0035714285714,367.7907142857143,730.5,367,71,21,this.y1,7,class->block->constructor->block->block_content->expr_stmt->expr->name->name->operator->name
2,195,rectangle_java2.jpg,rectangle_java2.jpg,630996842,92,776.3839130434783,369.1591304347826,730.5,367,71,21,this.y1,7,class->block->constructor->block->block_content->expr_stmt->expr->name->name->operator->name
2,195,rectangle_java2.jpg,rectangle_java2.jpg,633316756,248,835.7361290322581,374.57709677419354,826.5,367,23,21,y1,2,class->block->constructor->block->block_content->expr_stmt->expr->name->name
2,195,rectangle_java2.jpg,rectangle_java2.jpg,633668691,76,772.0231578947369,394.0705263157895,730.5,404,71,19,this.x2,7,class->block->constructor->block->block_content->expr_stmt->expr->name->name->operator->name
2,195,rectangle_java2.jpg,rectangle_java2.jpg,633800750,128,769.71125,376.9009375,730.5,367,71,21,this.y1,7,class->block->constructor->block->block_content->expr_stmt->expr->name->name->operator->name
2,195,rectangle_java2.jpg,rectangle_java2.jpg,634712594,120,928.6643333333334,291.03866666666664,921.5,295,9,21,",",1,class->block->constructor->parameter_list
2,195,rectangle_java2.jpg,rectangle_java2.jpg,634712594,120,928.6643333333334,291.03866666666664,939.5,295,33,21,int,3,class->block->constructor->parameter_list->parameter->decl->type->name
2,195,rectangle_java2.jpg,rectangle_java2.jpg,637164490,148,812.7237837837838,519.1556756756756,775.5,512,53,21,width,5,class->block->function->name
2,195,rectangle_java2.jpg,rectangle_java2.jpg,637380480,176,842.6440909090909,505.82931818181817,837.5,512,9,21,(,1,class->block->function->parameter_list
2,195,rectangle_java2.jpg,rectangle_java2.jpg,637380480,176,842.6440909090909,505.82931818181817,854.5,512,9,21,),1,class->block->function->parameter_list
2,195,rectangle_java2.jpg,rectangle_java2.jpg,637480463,84,980.3285714285714,505.2376190476191,958.5,512,71,21,this.x2,7,class->block->function->block->block_content->return->expr->name->name->operator->name->operator
2,195,rectangle_java2.jpg,rectangle_java2.jpg,637924478,60,880.0626666666667,504.534,874.5,512,10,21,{,1,class->block->function->block
2,195,rectangle_java2.jpg,rectangle_java2.jpg,637924478,60,880.0626666666667,504.534,891.5,512,62,21,return,6,class->block->function->block->block_content->return->expr->name->name
2,195,rectangle_java2.jpg,rectangle_java2.jpg,638360313,116,1117.118275862069,509.54758620689654,1054.5,512,71,21,this.x1,7,class->block->function->block->block_content->return->expr->name->name->operator->name
2,195,rectangle_java2.jpg,rectangle_java2.jpg,638916380,192,1157.224375,516.4822916666667,1152.5,512,10,21,},1,class->block
2,195,rectangle_java2.jpg,rectangle_java2.jpg,639024381,76,885.8452631578947,502.6915789473685,891.5,512,62,21,return,6,class->block->function->block->block_content->return->expr->name->name
2,195,rectangle_java2.jpg,rectangle_java2.jpg,639200348,172,881.603488372093,507.3704651162791,874.5,512,10,21,{,1,class->block->function->block
2,195,rectangle_java2.jpg,rectangle_java2.jpg,639200348,172,881.603488372093,507.3704651162791,891.5,512,62,21,return,6,class->block->function->block->block_content->return->expr->name->name
2,195,rectangle_java2.jpg,rectangle_java2.jpg,639636316,64,842.776875,554.164375,846.5,549,10,21,(,1,class->block->function->parameter_list
2,195,rectangle_java2.jpg,rectangle_java2.jpg,639736321,96,834.4329166666666,541.4445833333333,775.5,549,62,21,height,6,class->block->function->name
2,195,rectangle_java2.jpg,rectangle_java2.jpg,639736321,96,834.4329166666666,541.4445833333333,846.5,549,10,21,(,1,class->block->function->parameter_list
2,195,rectangle_java2.jpg,rectangle_java2.jpg,639828339,72,1069.158888888889,558.5233333333333,1064.5,549,71,21,this.y1,7,class->block->function->block->block_content->return->expr->name->name->operator->name
2,195,rectangle_java2.jpg,rectangle_java2.jpg,640044195,164,1076.030975609756,512.5704878048781,1054.5,512,71,21,this.x1,7,class->block->function->block->block_content->return->expr->name->name->operator->name
2,195,rectangle_java2.jpg,rectangle_java2.jpg,640196061,104,1071.4530769230769,547.8403846153847,1064.5,549,71,21,this.y1,7,class->block->function->block->block_content->return->expr->name->name->operator->name
2,195,rectangle_java2.jpg,rectangle_java2.jpg,640452221,204,857.5203921568627,504.7819607843137,854.5,512,9,21,),1,class->block->function->parameter_list
2,195,rectangle_java2.jpg,rectangle_java2.jpg,640600213,144,853.7708333333334,504.3991666666666,854.5,512,9,21,),1,class->block->function->parameter_list
2,195,rectangle_java2.jpg,rectangle_java2.jpg,641168243,284,1005.9456338028169,514.0983098591549,958.5,512,71,21,this.x2,7,class->block->function->block->block_content->return->expr->name->name->operator->name->operator
2,195,rectangle_java2.jpg,rectangle_java2.jpg,641228300,56,1007.8714285714285,501.60571428571427,958.5,512,71,21,this.x2,7,class->block->function->block->block_content->return->expr->name->name->operator->name->operator
2,195,rectangle_java2.jpg,rectangle_java2.jpg,642356129,76,775.3415789473685,288.47736842105263,737.5,295,91,21,Rectangle,9,class->block->constructor->name
2,195,rectangle_java2.jpg,rectangle_java2.jpg,642440128,80,772.991,293.8925,737.5,295,91,21,Rectangle,9,class->block->constructor->name
2,195,rectangle_java2.jpg,rectangle_java2.jpg,642532096,64,800.603125,377.438125,730.5,367,71,21,this.y1,7,class->block->constructor->block->block_content->expr_stmt->expr->name->name->operator->name
2,195,rectangle_java2.jpg,rectangle_java2.jpg,642532096,64,800.603125,377.438125,806.5,367,15,21,=,1,class->block->constructor->block->block_content->expr_stmt->expr->operator
2,195,rectangle_java2.jpg,rectangle_java2.jpg,642636065,100,790.8112,362.6972,730.5,367,71,21,this.y1,7,class->block->constructor->block->block_content->expr_stmt->expr->name->name->operator->name
2,195,rectangle_java2.jpg,rectangle_java2.jpg,643044051,76,910.7763157894736,502.5278947368421,891.5,512,62,21,return,6,class->block->function->block->block_content->return->expr->name->name
2,195,rectangle_java2.jpg,rectangle_java2.jpg,643316064,168,1026.9445238095238,520.6464285714286,958.5,512,71,21,this.x2,7,class->block->function->block->block_content->return->expr->name->name->operator->name->operator
2,195,rectangle_java2.jpg,rectangle_java2.jpg,643316064,168,1026.9445238095238,520.6464285714286,1035.5,512,13,21,-,1,class->block->function->block->block_content->return->expr->name->name
2,195,rectangle_java2.jpg,rectangle_java2.jpg,643444066,124,1024.5887096774193,506.46000000000004,958.5,512,71,21,this.x2,7,class->block->function->block->block_content->return->expr->name->name->operator->name->operator
2,195,rectangle_java2.jpg,rectangle_java2.jpg,643444066,124,1024.5887096774193,506.46000000000004,1035.5,512,13,21,-,1,class->block->function->block->block_content->return->expr->name->name
2,195,rectangle_java2.jpg,rectangle_java2.jpg,643556032,108,1021.2266666666667,517.8729629629629,958.5,512,71,21,this.x2,7,class->block->function->block->block_content->return->expr->name->name->operator->name->operator
2,195,rectangle_java2.jpg,rectangle_java2.jpg,643664113,104,1006.5657692307692,514.7080769230769,958.5,512,71,21,this.x2,7,class->block->function->block->block_content->return->expr->name->name->operator->name->operator
2,195,rectangle_java2.jpg,rectangle_java2.jpg,644263971,376,1156.425425531915,513.1740425531915,1152.5,512,10,21,},1,class->block
2,195,rectangle_java2.jpg,rectangle_java2.jpg,644851924,80,866.905,545.0265,863.5,549,9,21,),1,class->block->function->parameter_list
2,195,rectangle_java2.jpg,rectangle_java2.jpg,644919933,64,873.34,529.71,874.5,512,10,21,{,1,class->block->function->block
2,195,rectangle_java2.jpg,rectangle_java2.jpg,644999943,76,858.2973684210526,553.06,863.5,549,9,21,),1,class->block->function->parameter_list
2,195,rectangle_java2.jpg,rectangle_java2.jpg,645151922,60,833.6953333333333,546.288,775.5,549,62,21,height,6,class->block->function->name
2,195,rectangle_java2.jpg,rectangle_java2.jpg,645535937,80,948.6514999999999,532.5415,891.5,512,62,21,return,6,class->block->function->block->block_content->return->expr->name->name
2,195,rectangle_java2.jpg,rectangle_java2.jpg,645535937,80,948.6514999999999,532.5415,958.5,512,71,21,this.x2,7,class->block->function->block->block_content->return->expr->name->name->operator->name->operator
2,195,rectangle_java2.jpg,rectangle_java2.jpg,645651913,76,1058.6705263157894,557.2873684210526,1064.5,549,71,21,this.y1,7,class->block->function->block->block_content->return->expr->name->name->operator->name
2,195,rectangle_java2.jpg,rectangle_java2.jpg,645883744,92,1064.2617391304348,552.4226086956521,1064.5,549,71,21,this.y1,7,class->block->function->block->block_content->return->expr->name->name->operator->name
2,195,rectangle_java2.jpg,rectangle_java2.jpg,646227617,268,1105.9462686567165,550.939104477612,1064.5,549,71,21,this.y1,7,class->block->function->block->block_content->return->expr->name->name->operator->name
2,195,rectangle_java2.jpg,rectangle_java2.jpg,646351703,120,1109.6733333333334,544.9416666666667,1064.5,549,71,21,this.y1,7,class->block->function->block->block_content->return->expr->name->name->operator->name
2,195,rectangle_java2.jpg,rectangle_java2.jpg,646431759,76,1097.5873684210526,556.8821052631579,1064.5,549,71,21,this.y1,7,class->block->function->block->block_content->return->expr->name->name->operator->name
2,195,rectangle_java2.jpg,rectangle_java2.jpg,646527777,92,1095.4747826086957,554.2134782608696,1064.5,549,71,21,this.y1,7,class->block->function->block->block_content->return->expr->name->name->operator->name
2,195,rectangle_java2.jpg,rectangle_java2.jpg,646615794,84,1088.8614285714286,554.4742857142858,1064.5,549,71,21,this.y1,7,class->block->function->block->block_content->return->expr->name->name->operator->name
2,195,rectangle_java2.jpg,rectangle_java2.jpg,646759776,100,774.2476,587.6308,737.5,585,62,21,double,6,class->block->function->type->name
2,195,rectangle_java2.jpg,rectangle_java2.jpg,646831765,68,764.8041176470588,580.8670588235294,737.5,585,62,21,double,6,class->block->function->type->name
2,195,rectangle_java2.jpg,rectangle_java2.jpg,646915745,80,768.5005,573.0405,737.5,585,62,21,double,6,class->block->function->type->name
2,195,rectangle_java2.jpg,rectangle_java2.jpg,647055716,96,838.8391666666666,616.2491666666667,804.5,621,44,21,void,4,class->block->function->type->name
2,195,rectangle_java2.jpg,rectangle_java2.jpg,647159771,100,839.3928,601.6108,804.5,585,43,21,area,4,class->block->function->name
2,195,rectangle_java2.jpg,rectangle_java2.jpg,647343833,84,916.4847619047619,620.1819047619048,920.5,621,62,21,String,6,class->block->function->parameter_list->parameter->decl->type->name->name
2,195,rectangle_java2.jpg,rectangle_java2.jpg,647407845,60,920.9926666666667,622.366,920.5,621,62,21,String,6,class->block->function->parameter_list->parameter->decl->type->name->name
2,195,rectangle_java2.jpg,rectangle_java2.jpg,647551751,140,914.1677142857143,625.0851428571428,920.5,621,62,21,String,6,class->block->function->parameter_list->parameter->decl->type->name->name
2,195,rectangle_java2.jpg,rectangle_java2.jpg,647691610,92,1066.6965217391305,621.4452173913044,1025.5,621,42,21,args,4,class->block->function->parameter_list->parameter->decl->name
2,195,rectangle_java2.jpg,rectangle_java2.jpg,647691610,92,1066.6965217391305,621.4452173913044,1074.5,621,10,21,),1,class->block->function->parameter_list
2,195,rectangle_java2.jpg,rectangle_java2.jpg,647819616,124,1065.8516129032257,604.3022580645161,977.5,585,101,21,this.width,10,class->block->function->block->block_content->return->expr->call->name->name->operator->name
2,195,rectangle_java2.jpg,rectangle_java2.jpg,648107709,96,1138.675,604.8895833333333,1140.5,585,110,21,this.height,11,class->block->function->block->block_content->return->expr->call->name->name->operator->name
2,195,rectangle_java2.jpg,rectangle_java2.jpg,648707718,132,1083.9863636363636,600.4587878787879,1086.5,585,10,21,(,1,class->block->function->block->block_content->return->expr->call->argument_list
2,195,rectangle_java2.jpg,rectangle_java2.jpg,648775730,64,1078.435,599.5575,977.5,585,101,21,this.width,10,class->block->function->block->block_content->return->expr->call->name->name->operator->name
2,195,rectangle_java2.jpg,rectangle_java2.jpg,648775730,64,1078.435,599.5575,1086.5,585,10,21,(,1,class->block->function->block->block_content->return->expr->call->argument_list
2,195,rectangle_java2.jpg,rectangle_java2.jpg,648979721,124,855.5858064516129,594.528064516129,856.5,585,9,21,(,1,class->block->function->parameter_list
2,195,rectangle_java2.jpg,rectangle_java2.jpg,649139709,156,854.3076923076923,600.0351282051282,856.5,585,9,21,(,1,class->block->function->parameter_list
2,195,rectangle_java2.jpg,rectangle_java2.jpg,649339701,180,1049.8217777777777,618.9775555555556,1025.5,621,42,21,args,4,class->block->function->parameter_list->parameter->decl->name
2,195,rectangle_java2.jpg,rectangle_java2.jpg,649527609,56,1046.7985714285714,616.9021428571428,1025.5,621,42,21,args,4,class->block->function->parameter_list->parameter->decl->name
2,195,rectangle_java2.jpg,rectangle_java2.jpg,649619521,64,824.815,669.568125,826.5,658,52,20,rect1,5,class->block->function->block->block_content->decl_stmt->decl->name
2,195,rectangle_java2.jpg,rectangle_java2.jpg,649827527,64,776.714375,674.6775,730.5,658,91,20,Rectangle,9,class->block->function->block->block_content->decl_stmt->decl->type->name
2,195,rectangle_java2.jpg,rectangle_java2.jpg,649927537,96,783.4754166666667,697.0175,730.5,694,177,21,System.out.println,18,class->block->function->block->block_content->expr_stmt->expr->call->name->name->operator->name->operator->name
2,195,rectangle_java2.jpg,rectangle_java2.jpg,650063474,104,930.6261538461539,676.6576923076923,902.5,658,34,20,new,3,class->block->function->block->block_content->decl_stmt->decl->init->expr->operator
2,195,rectangle_java2.jpg,rectangle_java2.jpg,650063474,104,930.6261538461539,676.6576923076923,941.5,658,91,20,Rectangle,9,class->block->function->block->block_content->decl_stmt->decl->init->expr->call->name
2,195,rectangle_java2.jpg,rectangle_java2.jpg,650131450,64,925.895,665.78,902.5,658,34,20,new,3,class->block->function->block->block_content->decl_stmt->decl->init->expr->operator
2,195,rectangle_java2.jpg,rectangle_java2.jpg,650367495,64,870.200625,687.0706250000001,730.5,694,177,21,System.out.println,18,class->block->function->block->block_content->expr_stmt->expr->call->name->name->operator->name->operator->name
2,195,rectangle_java2.jpg,rectangle_java2.jpg,650467518,96,862.8229166666666,687.49875,730.5,694,177,21,System.out.println,18,class->block->function->block->block_content->expr_stmt->expr->call->name->name->operator->name->operator->name
2,195,rectangle_java2.jpg,rectangle_java2.jpg,650771557,104,824.4984615384616,459.04961538461544,826.5,440,23,21,y2,2,class->block->constructor->block->block_content->expr_stmt->expr->name->name
2,195,rectangle_java2.jpg,rectangle_java2.jpg,651007486,100,771.772,432.0096,730.5,440,71,21,this.y2,7,class->block->constructor->block->block_content->expr_stmt->expr->name->name->operator->name
2,195,rectangle_java2.jpg,rectangle_java2.jpg,651983331,140,804.91,670.8517142857143,730.5,658,91,20,Rectangle,9,class->block->function->block->block_content->decl_stmt->decl->type->name
2,195,rectangle_java2.jpg,rectangle_java2.jpg,652495433,64,877.136875,778.96875,730.5,766,177,21,System.out.println,18,class->block->function->block->block_content->expr_stmt->expr->call->name->name->operator->name->operator->name
2,195,rectangle_java2.jpg,rectangle_java2.jpg,656994993,112,810.8189285714286,688.6557142857143,730.5,694,177,21,System.out.println,18,class->block->function->block->block_content->expr_stmt->expr->call->name->name->operator->name->operator->name
2,195,rectangle_java2.jpg,rectangle_java2.jpg,657150941,152,810.7928947368421,692.5647368421053,730.5,694,177,21,System.out.println,18,class->block->function->block->block_content->expr_stmt->expr->call->name->name->operator->name->operator->name
2,195,rectangle_java2.jpg,rectangle_java2.jpg,657254958,100,789.0608,691.9172,730.5,694,177,21,System.out.println,18,class->block->function->block->block_content->expr_stmt->expr->call->name->name->operator->name->operator->name
2,195,rectangle_java2.jpg,rectangle_java2.jpg,657334991,76,789.8452631578947,695.8705263157894,730.5,694,177,21,System.out.println,18,class->block->function->block->block_content->expr_stmt->expr->call->name->name->operator->name->operator->name
2,195,rectangle_java2.jpg,rectangle_java2.jpg,657423026,68,891.364705882353,691.0476470588235,730.5,694,177,21,System.out.println,18,class->block->function->block->block_content->expr_stmt->expr->call->name->name->operator->name->operator->name
2,195,rectangle_java2.jpg,rectangle_java2.jpg,657555030,128,890.958125,688.2996875,730.5,694,177,21,System.out.println,18,class->block->function->block->block_content->expr_stmt->expr->call->name->name->operator->name->operator->name
2,195,rectangle_java2.jpg,rectangle_java2.jpg,657639030,80,885.018,693.9795,730.5,694,177,21,System.out.println,18,class->block->function->block->block_content->expr_stmt->expr->call->name->name->operator->name->operator->name
2,195,rectangle_java2.jpg,rectangle_java2.jpg,657719034,76,884.17,690.9968421052631,730.5,694,177,21,System.out.println,18,class->block->function->block->block_content->expr_stmt->expr->call->name->name->operator->name->operator->name
2,195,rectangle_java2.jpg,rectangle_java2.jpg,657783041,60,879.7346666666666,697.3446666666666,730.5,694,177,21,System.out.println,18,class->block->function->block->block_content->expr_stmt->expr->call->name->name->operator->name->operator->name
2,195,rectangle_java2.jpg,rectangle_java2.jpg,657875048,88,881.7427272727273,692.4881818181818,730.5,694,177,21,System.out.println,18,class->block->function->block->block_content->expr_stmt->expr->call->name->name->operator->name->operator->name
2,195,rectangle_java2.jpg,rectangle_java2.jpg,658051020,132,823.9251515151515,691.1593939393939,730.5,694,177,21,System.out.println,18,class->block->function->block->block_content->expr_stmt->expr->call->name->name->operator->name->operator->name
2,195,rectangle_java2.jpg,rectangle_java2.jpg,658155005,100,821.7708,702.7108,730.5,694,177,21,System.out.println,18,class->block->function->block->block_content->expr_stmt->expr->call->name->name->operator->name->operator->name
2,195,rectangle_java2.jpg,rectangle_java2.jpg,658246998,64,899.906875,703.21,730.5,694,177,21,System.out.println,18,class->block->function->block->block_content->expr_stmt->expr->call->name->name->operator->name->operator->name
2,195,rectangle_java2.jpg,rectangle_java2.jpg,658327006,76,909.16,708.651052631579,916.5,694,9,21,(,1,class->block->function->block->block_content->expr_stmt->expr->call->argument_list
2,195,rectangle_java2.jpg,rectangle_java2.jpg,659114982,108,822.2192592592593,537.9703703703703,775.5,549,62,21,height,6,class->block->function->name
2,195,rectangle_java2.jpg,rectangle_java2.jpg,659858873,192,723.1027083333333,448.94708333333335,730.5,440,71,21,this.y2,7,class->block->constructor->block->block_content->expr_stmt->expr->name->name->operator->name
