trial,participant,code_file,code_language,timestamp,duration,x_cord,y_cord,aoi_x,aoi_y,aoi_width,aoi_height,token,length,srcML
2,207,rectangle_java2.jpg,rectangle_java2.jpg,18080410869,72,737.855,233.26999999999998,715.5,222,90,21,Rectangle,9,class->name
2,207,rectangle_java2.jpg,rectangle_java2.jpg,18080574808,160,736.496,233.606,715.5,222,90,21,Rectangle,9,class->name
2,207,rectangle_java2.jpg,rectangle_java2.jpg,18080638776,60,732.544,236.72133333333335,715.5,222,90,21,Rectangle,9,class->name
2,207,rectangle_java2.jpg,rectangle_java2.jpg,18080834737,108,792.3618518518518,240.31185185185188,715.5,222,90,21,Rectangle,9,class->name
2,207,rectangle_java2.jpg,rectangle_java2.jpg,18080954718,116,790.2565517241379,249.01310344827584,785.5,259,23,21,x1,2,class->block->decl_stmt->decl->name
2,207,rectangle_java2.jpg,rectangle_java2.jpg,18081030738,72,792.0494444444445,255.57055555555553,785.5,259,23,21,x1,2,class->block->decl_stmt->decl->name
2,207,rectangle_java2.jpg,rectangle_java2.jpg,18081222772,72,891.3527777777778,253.33500000000004,881.5,259,23,21,x2,2,class->block->decl_stmt->decl->name
2,207,rectangle_java2.jpg,rectangle_java2.jpg,18081338695,112,886.5967857142857,248.19928571428568,881.5,259,23,21,x2,2,class->block->decl_stmt->decl->name
2,207,rectangle_java2.jpg,rectangle_java2.jpg,18081722588,324,742.3933333333333,275.6235802469136,747.5,259,33,21,int,3,class->block->decl_stmt->decl->type->name
2,207,rectangle_java2.jpg,rectangle_java2.jpg,18081898581,140,790.3162857142858,279.70514285714285,785.5,259,23,21,x1,2,class->block->decl_stmt->decl->name
2,207,rectangle_java2.jpg,rectangle_java2.jpg,18082050606,96,897.18375,263.59416666666664,881.5,259,23,21,x2,2,class->block->decl_stmt->decl->name
2,207,rectangle_java2.jpg,rectangle_java2.jpg,18082258683,204,900.1443137254902,272.8623529411765,881.5,259,23,21,x2,2,class->block->decl_stmt->decl->name
2,207,rectangle_java2.jpg,rectangle_java2.jpg,18082258683,204,900.1443137254902,272.8623529411765,911.5,259,10,21,",",1,class->block->decl_stmt
2,207,rectangle_java2.jpg,rectangle_java2.jpg,18082386712,64,773.460625,342.574375,730.5,331,71,19,this.x1,7,class->block->constructor->block->block_content->expr_stmt->expr->name->name->operator->name
2,207,rectangle_java2.jpg,rectangle_java2.jpg,18082578575,152,798.1268421052631,311.6163157894737,737.5,295,91,21,Rectangle,9,class->block->constructor->name
2,207,rectangle_java2.jpg,rectangle_java2.jpg,18082838638,256,803.4384375,320.80203125,806.5,331,15,19,=,1,class->block->constructor->block->block_content->expr_stmt->expr->operator
2,207,rectangle_java2.jpg,rectangle_java2.jpg,18083002664,132,751.6166666666667,324.3830303030303,730.5,331,71,19,this.x1,7,class->block->constructor->block->block_content->expr_stmt->expr->name->name->operator->name
2,207,rectangle_java2.jpg,rectangle_java2.jpg,18083150665,144,750.3852777777778,314.68638888888887,737.5,295,91,21,Rectangle,9,class->block->constructor->name
2,207,rectangle_java2.jpg,rectangle_java2.jpg,18083374387,156,817.0389743589743,331.09923076923076,806.5,331,15,19,=,1,class->block->constructor->block->block_content->expr_stmt->expr->operator
2,207,rectangle_java2.jpg,rectangle_java2.jpg,18083374387,156,817.0389743589743,331.09923076923076,826.5,331,23,19,x1,2,class->block->constructor->block->block_content->expr_stmt->expr->name->name
2,207,rectangle_java2.jpg,rectangle_java2.jpg,18083574442,136,812.6158823529412,524.5067647058823,775.5,512,53,21,width,5,class->block->function->name
2,207,rectangle_java2.jpg,rectangle_java2.jpg,18083898532,156,852.9846153846154,548.3648717948718,846.5,549,10,21,(,1,class->block->function->parameter_list
2,207,rectangle_java2.jpg,rectangle_java2.jpg,18083898532,156,852.9846153846154,548.3648717948718,863.5,549,9,21,),1,class->block->function->parameter_list
2,207,rectangle_java2.jpg,rectangle_java2.jpg,18083986545,84,857.9685714285714,531.75,854.5,512,9,21,),1,class->block->function->parameter_list
2,207,rectangle_java2.jpg,rectangle_java2.jpg,18084250576,60,844.674,754.8326666666667,730.5,766,177,21,System.out.println,18,class->block->function->block->block_content->expr_stmt->expr->call->name->name->operator->name->operator->name
2,207,rectangle_java2.jpg,rectangle_java2.jpg,18085622463,76,807.6210526315789,311.0936842105263,737.5,295,91,21,Rectangle,9,class->block->constructor->name
2,207,rectangle_java2.jpg,rectangle_java2.jpg,18085738469,112,808.4478571428572,321.66214285714284,806.5,331,15,19,=,1,class->block->constructor->block->block_content->expr_stmt->expr->operator
2,207,rectangle_java2.jpg,rectangle_java2.jpg,18086066417,164,790.7880487804878,335.07951219512194,730.5,331,71,19,this.x1,7,class->block->constructor->block->block_content->expr_stmt->expr->name->name->operator->name
2,207,rectangle_java2.jpg,rectangle_java2.jpg,18086294403,224,791.8416071428571,324.45178571428573,730.5,331,71,19,this.x1,7,class->block->constructor->block->block_content->expr_stmt->expr->name->name->operator->name
2,207,rectangle_java2.jpg,rectangle_java2.jpg,18086630429,312,739.8251282051282,307.6673076923077,737.5,295,91,21,Rectangle,9,class->block->constructor->name
2,207,rectangle_java2.jpg,rectangle_java2.jpg,18087158237,120,1057.0636666666667,311.88733333333334,1025.5,295,33,21,int,3,class->block->constructor->parameter_list->parameter->decl->type->name
2,207,rectangle_java2.jpg,rectangle_java2.jpg,18087158237,120,1057.0636666666667,311.88733333333334,1063.5,295,23,21,x2,2,class->block->constructor->parameter_list->parameter->decl->type->name
2,207,rectangle_java2.jpg,rectangle_java2.jpg,18087438254,128,798.321875,370.5709375,730.5,367,71,21,this.y1,7,class->block->constructor->block->block_content->expr_stmt->expr->name->name->operator->name
2,207,rectangle_java2.jpg,rectangle_java2.jpg,18087438254,128,798.321875,370.5709375,806.5,367,15,21,=,1,class->block->constructor->block->block_content->expr_stmt->expr->operator
2,207,rectangle_java2.jpg,rectangle_java2.jpg,18087526317,84,804.2066666666667,370.9242857142857,806.5,367,15,21,=,1,class->block->constructor->block->block_content->expr_stmt->expr->operator
2,207,rectangle_java2.jpg,rectangle_java2.jpg,18087678397,148,801.5316216216216,367.4581081081081,806.5,367,15,21,=,1,class->block->constructor->block->block_content->expr_stmt->expr->operator
2,207,rectangle_java2.jpg,rectangle_java2.jpg,18088410227,256,886.698125,310.36125,890.5,295,24,21,x1,2,class->block->constructor->parameter_list->parameter->decl->type->name
2,207,rectangle_java2.jpg,rectangle_java2.jpg,18089598157,76,822.9868421052631,338.37315789473683,826.5,331,23,19,x1,2,class->block->constructor->block->block_content->expr_stmt->expr->name->name
2,207,rectangle_java2.jpg,rectangle_java2.jpg,18089830163,80,782.9075,341.8155,730.5,331,71,19,this.x1,7,class->block->constructor->block->block_content->expr_stmt->expr->name->name->operator->name
2,207,rectangle_java2.jpg,rectangle_java2.jpg,18089994127,160,785.8725,355.06825000000003,730.5,367,71,21,this.y1,7,class->block->constructor->block->block_content->expr_stmt->expr->name->name->operator->name
2,207,rectangle_java2.jpg,rectangle_java2.jpg,18090058117,60,788.5493333333334,343.6573333333333,730.5,331,71,19,this.x1,7,class->block->constructor->block->block_content->expr_stmt->expr->name->name->operator->name
2,207,rectangle_java2.jpg,rectangle_java2.jpg,18090290142,208,852.0094230769231,348.4432692307692,856.5,331,10,19,;,1,class->block->constructor->block->block_content->expr_stmt
2,207,rectangle_java2.jpg,rectangle_java2.jpg,18090582139,56,799.4935714285714,360.17857142857144,730.5,367,71,21,this.y1,7,class->block->constructor->block->block_content->expr_stmt->expr->name->name->operator->name
2,207,rectangle_java2.jpg,rectangle_java2.jpg,18090582139,56,799.4935714285714,360.17857142857144,806.5,367,15,21,=,1,class->block->constructor->block->block_content->expr_stmt->expr->operator
2,207,rectangle_java2.jpg,rectangle_java2.jpg,18090702149,116,798.0293103448275,365.2434482758621,730.5,367,71,21,this.y1,7,class->block->constructor->block->block_content->expr_stmt->expr->name->name->operator->name
2,207,rectangle_java2.jpg,rectangle_java2.jpg,18090702149,116,798.0293103448275,365.2434482758621,806.5,367,15,21,=,1,class->block->constructor->block->block_content->expr_stmt->expr->operator
2,207,rectangle_java2.jpg,rectangle_java2.jpg,18090794170,88,801.8395454545455,376.4786363636364,806.5,367,15,21,=,1,class->block->constructor->block->block_content->expr_stmt->expr->operator
2,207,rectangle_java2.jpg,rectangle_java2.jpg,18090946168,148,801.8994594594594,383.9581081081081,806.5,367,15,21,=,1,class->block->constructor->block->block_content->expr_stmt->expr->operator
2,207,rectangle_java2.jpg,rectangle_java2.jpg,18091161947,212,802.158679245283,392.7856603773585,806.5,404,15,19,=,1,class->block->constructor->block->block_content->expr_stmt->expr->operator
2,207,rectangle_java2.jpg,rectangle_java2.jpg,18091470015,64,803.61875,402.04125,806.5,404,15,19,=,1,class->block->constructor->block->block_content->expr_stmt->expr->operator
2,207,rectangle_java2.jpg,rectangle_java2.jpg,18091534021,60,801.6386666666666,403.26533333333333,806.5,404,15,19,=,1,class->block->constructor->block->block_content->expr_stmt->expr->operator
2,207,rectangle_java2.jpg,rectangle_java2.jpg,18091757966,220,802.4141818181818,412.57509090909093,806.5,404,15,19,=,1,class->block->constructor->block->block_content->expr_stmt->expr->operator
2,207,rectangle_java2.jpg,rectangle_java2.jpg,18091905931,92,830.6169565217391,407.8,826.5,404,23,19,x2,2,class->block->constructor->block->block_content->expr_stmt->expr->name->name
2,207,rectangle_java2.jpg,rectangle_java2.jpg,18092089963,180,837.0953333333333,421.26666666666665,826.5,404,23,19,x2,2,class->block->constructor->block->block_content->expr_stmt->expr->name->name
2,207,rectangle_java2.jpg,rectangle_java2.jpg,18092201994,108,830.6048148148149,432.652962962963,826.5,440,23,21,y2,2,class->block->constructor->block->block_content->expr_stmt->expr->name->name
2,207,rectangle_java2.jpg,rectangle_java2.jpg,18092838051,128,795.50875,414.494375,730.5,404,71,19,this.x2,7,class->block->constructor->block->block_content->expr_stmt->expr->name->name->operator->name
2,207,rectangle_java2.jpg,rectangle_java2.jpg,18092838051,128,795.50875,414.494375,806.5,404,15,19,=,1,class->block->constructor->block->block_content->expr_stmt->expr->operator
2,207,rectangle_java2.jpg,rectangle_java2.jpg,18092961969,120,790.55,429.43433333333337,730.5,440,71,21,this.y2,7,class->block->constructor->block->block_content->expr_stmt->expr->name->name->operator->name
2,207,rectangle_java2.jpg,rectangle_java2.jpg,18093061945,80,838.9725,405.3245,826.5,404,23,19,x2,2,class->block->constructor->block->block_content->expr_stmt->expr->name->name
2,207,rectangle_java2.jpg,rectangle_java2.jpg,18093281931,216,839.8716666666667,411.9624074074074,826.5,404,23,19,x2,2,class->block->constructor->block->block_content->expr_stmt->expr->name->name
2,207,rectangle_java2.jpg,rectangle_java2.jpg,18093565861,84,815.3071428571428,414.8990476190477,806.5,404,15,19,=,1,class->block->constructor->block->block_content->expr_stmt->expr->operator
2,207,rectangle_java2.jpg,rectangle_java2.jpg,18093565861,84,815.3071428571428,414.8990476190477,826.5,404,23,19,x2,2,class->block->constructor->block->block_content->expr_stmt->expr->name->name
2,207,rectangle_java2.jpg,rectangle_java2.jpg,18094673904,332,857.645421686747,433.5899999999999,856.5,440,10,21,;,1,class->block->constructor->block->block_content->expr_stmt
2,207,rectangle_java2.jpg,rectangle_java2.jpg,18095173685,120,819.017,408.4576666666667,806.5,404,15,19,=,1,class->block->constructor->block->block_content->expr_stmt->expr->operator
2,207,rectangle_java2.jpg,rectangle_java2.jpg,18095173685,120,819.017,408.4576666666667,826.5,404,23,19,x2,2,class->block->constructor->block->block_content->expr_stmt->expr->name->name
2,207,rectangle_java2.jpg,rectangle_java2.jpg,18095417653,88,844.0422727272727,298.85,837.5,295,9,21,(,1,class->block->constructor->parameter_list
2,207,rectangle_java2.jpg,rectangle_java2.jpg,18095417653,88,844.0422727272727,298.85,853.5,295,32,21,int,3,class->block->constructor->parameter_list->parameter->decl->type->name
2,207,rectangle_java2.jpg,rectangle_java2.jpg,18095633781,152,806.8226315789474,275.4631578947368,785.5,259,23,21,x1,2,class->block->decl_stmt->decl->name
2,207,rectangle_java2.jpg,rectangle_java2.jpg,18095633781,152,806.8226315789474,275.4631578947368,815.5,259,10,21,",",1,class->block->decl_stmt
2,207,rectangle_java2.jpg,rectangle_java2.jpg,18095709706,72,805.9855555555556,283.79055555555556,737.5,295,91,21,Rectangle,9,class->block->constructor->name
2,207,rectangle_java2.jpg,rectangle_java2.jpg,18095929628,184,813.7010869565217,241.69521739130437,813.5,222,10,21,{,1,class->block
2,207,rectangle_java2.jpg,rectangle_java2.jpg,18096005678,72,811.0133333333333,225.41222222222223,813.5,222,10,21,{,1,class->block
2,207,rectangle_java2.jpg,rectangle_java2.jpg,18096389769,64,797.54,393.7575,730.5,404,71,19,this.x2,7,class->block->constructor->block->block_content->expr_stmt->expr->name->name->operator->name
2,207,rectangle_java2.jpg,rectangle_java2.jpg,18096389769,64,797.54,393.7575,806.5,404,15,19,=,1,class->block->constructor->block->block_content->expr_stmt->expr->operator
2,207,rectangle_java2.jpg,rectangle_java2.jpg,18096665691,68,785.3652941176471,519.4776470588235,775.5,512,53,21,width,5,class->block->function->name
2,207,rectangle_java2.jpg,rectangle_java2.jpg,18096821588,152,788.0713157894737,525.6289473684211,775.5,512,53,21,width,5,class->block->function->name
2,207,rectangle_java2.jpg,rectangle_java2.jpg,18096953568,128,792.2290625,532.1846875,775.5,512,53,21,width,5,class->block->function->name
2,207,rectangle_java2.jpg,rectangle_java2.jpg,18097129589,172,788.8588372093024,528.3839534883721,775.5,512,53,21,width,5,class->block->function->name
2,207,rectangle_java2.jpg,rectangle_java2.jpg,18097305614,104,844.6903846153846,539.0742307692308,846.5,549,10,21,(,1,class->block->function->parameter_list
2,207,rectangle_java2.jpg,rectangle_java2.jpg,18097541590,232,847.3651724137931,526.3675862068966,854.5,512,9,21,),1,class->block->function->parameter_list
2,207,rectangle_java2.jpg,rectangle_java2.jpg,18098005635,460,844.0353913043479,531.9564347826087,837.5,512,9,21,(,1,class->block->function->parameter_list
2,207,rectangle_java2.jpg,rectangle_java2.jpg,18098005635,460,844.0353913043479,531.9564347826087,854.5,512,9,21,),1,class->block->function->parameter_list
2,207,rectangle_java2.jpg,rectangle_java2.jpg,18098173608,164,846.2407317073171,540.4929268292683,846.5,549,10,21,(,1,class->block->function->parameter_list
2,207,rectangle_java2.jpg,rectangle_java2.jpg,18098277602,100,836.8504,537.4904,775.5,549,62,21,height,6,class->block->function->name
2,207,rectangle_java2.jpg,rectangle_java2.jpg,18098277602,100,836.8504,537.4904,846.5,549,10,21,(,1,class->block->function->parameter_list
2,207,rectangle_java2.jpg,rectangle_java2.jpg,18098653656,64,908.800625,517.049375,891.5,512,62,21,return,6,class->block->function->block->block_content->return->expr->name->name
2,207,rectangle_java2.jpg,rectangle_java2.jpg,18099473577,224,955.91875,504.3057142857142,958.5,512,71,21,this.x2,7,class->block->function->block->block_content->return->expr->name->name->operator->name->operator
2,207,rectangle_java2.jpg,rectangle_java2.jpg,18099753546,248,815.9090322580645,532.103870967742,775.5,512,53,21,width,5,class->block->function->name
2,207,rectangle_java2.jpg,rectangle_java2.jpg,18100025497,188,783.1423404255319,527.0468085106382,775.5,512,53,21,width,5,class->block->function->name
2,207,rectangle_java2.jpg,rectangle_java2.jpg,18100257476,188,863.9393617021276,542.6687234042553,863.5,549,9,21,),1,class->block->function->parameter_list
2,207,rectangle_java2.jpg,rectangle_java2.jpg,18100445459,184,864.8565217391305,532.7769565217392,874.5,512,10,21,{,1,class->block->function->block
2,207,rectangle_java2.jpg,rectangle_java2.jpg,18100613444,96,921.31625,547.29125,900.5,549,63,21,return,6,class->block->function->block->block_content->return
2,207,rectangle_java2.jpg,rectangle_java2.jpg,18100805323,164,1003.050975609756,542.5563414634146,968.5,549,70,21,this.y2,7,class->block->function->block->block_content->return->expr->name->name->operator->name
2,207,rectangle_java2.jpg,rectangle_java2.jpg,18100941288,132,1000.6909090909091,554.3727272727273,968.5,549,70,21,this.y2,7,class->block->function->block->block_content->return->expr->name->name->operator->name
2,207,rectangle_java2.jpg,rectangle_java2.jpg,18101181320,180,1061.5766666666666,581.3795555555555,977.5,585,101,21,this.width,10,class->block->function->block->block_content->return->expr->call->name->name->operator->name
2,207,rectangle_java2.jpg,rectangle_java2.jpg,18101337342,112,1142.0460714285714,558.6007142857143,1142.5,549,10,21,;,1,class->block->function->block->block_content->return
2,207,rectangle_java2.jpg,rectangle_java2.jpg,18101577364,236,1137.4893220338984,573.0586440677966,1140.5,585,110,21,this.height,11,class->block->function->block->block_content->return->expr->call->name->name->operator->name
2,207,rectangle_java2.jpg,rectangle_java2.jpg,18101745370,164,1138.9978048780488,560.1914634146342,1142.5,549,10,21,;,1,class->block->function->block->block_content->return
2,207,rectangle_java2.jpg,rectangle_java2.jpg,18101877359,128,1132.3096874999999,562.128125,1064.5,549,71,21,this.y1,7,class->block->function->block->block_content->return->expr->name->name->operator->name
2,207,rectangle_java2.jpg,rectangle_java2.jpg,18101877359,128,1132.3096874999999,562.128125,1142.5,549,10,21,;,1,class->block->function->block->block_content->return
2,207,rectangle_java2.jpg,rectangle_java2.jpg,18102069324,124,882.2867741935484,524.0222580645161,874.5,512,10,21,{,1,class->block->function->block
2,207,rectangle_java2.jpg,rectangle_java2.jpg,18102069324,124,882.2867741935484,524.0222580645161,891.5,512,62,21,return,6,class->block->function->block->block_content->return->expr->name->name
2,207,rectangle_java2.jpg,rectangle_java2.jpg,18102285363,212,882.1609433962265,540.6015094339623,883.5,549,10,21,{,1,class->block->function->block
2,207,rectangle_java2.jpg,rectangle_java2.jpg,18102433334,128,948.3765625,558.5709375,900.5,549,63,21,return,6,class->block->function->block->block_content->return
2,207,rectangle_java2.jpg,rectangle_java2.jpg,18102589240,100,944.4696,537.7696,900.5,549,63,21,return,6,class->block->function->block->block_content->return
2,207,rectangle_java2.jpg,rectangle_java2.jpg,18102669200,76,976.8931578947369,541.8478947368421,968.5,549,70,21,this.y2,7,class->block->function->block->block_content->return->expr->name->name->operator->name
2,207,rectangle_java2.jpg,rectangle_java2.jpg,18102749188,76,983.9131578947369,556.1521052631579,968.5,549,70,21,this.y2,7,class->block->function->block->block_content->return->expr->name->name->operator->name
2,207,rectangle_java2.jpg,rectangle_java2.jpg,18102809201,56,977.7042857142857,541.6992857142857,968.5,549,70,21,this.y2,7,class->block->function->block->block_content->return->expr->name->name->operator->name
2,207,rectangle_java2.jpg,rectangle_java2.jpg,18103133271,84,949.4447619047619,548.9714285714285,900.5,549,63,21,return,6,class->block->function->block->block_content->return
2,207,rectangle_java2.jpg,rectangle_java2.jpg,18103241244,68,1010.4717647058824,520.935294117647,958.5,512,71,21,this.x2,7,class->block->function->block->block_content->return->expr->name->name->operator->name->operator
2,207,rectangle_java2.jpg,rectangle_java2.jpg,18103373214,128,1004.634375,536.67375,968.5,549,70,21,this.y2,7,class->block->function->block->block_content->return->expr->name->name->operator->name
2,207,rectangle_java2.jpg,rectangle_java2.jpg,18103493194,96,889.7091666666666,518.9733333333334,891.5,512,62,21,return,6,class->block->function->block->block_content->return->expr->name->name
2,207,rectangle_java2.jpg,rectangle_java2.jpg,18103669153,92,895.2165217391305,538.5660869565218,900.5,549,63,21,return,6,class->block->function->block->block_content->return
2,207,rectangle_java2.jpg,rectangle_java2.jpg,18103793123,120,885.2483333333333,529.385,891.5,512,62,21,return,6,class->block->function->block->block_content->return->expr->name->name
2,207,rectangle_java2.jpg,rectangle_java2.jpg,18104121184,272,974.5801470588235,524.2461764705882,958.5,512,71,21,this.x2,7,class->block->function->block->block_content->return->expr->name->name->operator->name->operator
2,207,rectangle_java2.jpg,rectangle_java2.jpg,18104325225,164,997.8646341463415,546.8375609756098,968.5,549,70,21,this.y2,7,class->block->function->block->block_content->return->expr->name->name->operator->name
2,207,rectangle_java2.jpg,rectangle_java2.jpg,18104417243,88,1005.63,552.82,968.5,549,70,21,this.y2,7,class->block->function->block->block_content->return->expr->name->name->operator->name
2,207,rectangle_java2.jpg,rectangle_java2.jpg,18104541184,120,1012.5683333333334,543.1503333333334,968.5,549,70,21,this.y2,7,class->block->function->block->block_content->return->expr->name->name->operator->name
2,207,rectangle_java2.jpg,rectangle_java2.jpg,18104701136,124,1036.9012903225807,560.0116129032258,968.5,549,70,21,this.y2,7,class->block->function->block->block_content->return->expr->name->name->operator->name
2,207,rectangle_java2.jpg,rectangle_java2.jpg,18104701136,124,1036.9012903225807,560.0116129032258,1045.5,549,13,21,-,1,class->block->function->block->block_content->return->expr->operator
2,207,rectangle_java2.jpg,rectangle_java2.jpg,18105077084,344,1095.7853488372093,564.0682558139534,1064.5,549,71,21,this.y1,7,class->block->function->block->block_content->return->expr->name->name->operator->name
2,207,rectangle_java2.jpg,rectangle_java2.jpg,18105305082,196,1147.6257142857144,564.0808163265306,1142.5,549,10,21,;,1,class->block->function->block->block_content->return
2,207,rectangle_java2.jpg,rectangle_java2.jpg,18105477085,92,861.0882608695653,593.8547826086957,856.5,585,9,21,(,1,class->block->function->parameter_list
2,207,rectangle_java2.jpg,rectangle_java2.jpg,18105477085,92,861.0882608695653,593.8547826086957,873.5,585,9,21,),1,class->block->function->parameter_list
2,207,rectangle_java2.jpg,rectangle_java2.jpg,18105629104,148,855.5527027027027,583.321081081081,856.5,585,9,21,(,1,class->block->function->parameter_list
2,207,rectangle_java2.jpg,rectangle_java2.jpg,18105729067,96,849.43375,582.2029166666666,856.5,585,9,21,(,1,class->block->function->parameter_list
2,207,rectangle_java2.jpg,rectangle_java2.jpg,18105965095,120,910.2176666666667,617.4116666666666,904.5,621,9,21,(,1,class->block->function->parameter_list
2,207,rectangle_java2.jpg,rectangle_java2.jpg,18105965095,120,910.2176666666667,617.4116666666666,920.5,621,62,21,String,6,class->block->function->parameter_list->parameter->decl->type->name->name
2,207,rectangle_java2.jpg,rectangle_java2.jpg,18106309150,56,975.6664285714286,561.85,968.5,549,70,21,this.y2,7,class->block->function->block->block_content->return->expr->name->name->operator->name
2,207,rectangle_java2.jpg,rectangle_java2.jpg,18106429187,92,1037.4717391304348,582.61,977.5,585,101,21,this.width,10,class->block->function->block->block_content->return->expr->call->name->name->operator->name
2,207,rectangle_java2.jpg,rectangle_java2.jpg,18106489123,56,1038.7728571428572,580.1642857142857,977.5,585,101,21,this.width,10,class->block->function->block->block_content->return->expr->call->name->name->operator->name
2,207,rectangle_java2.jpg,rectangle_java2.jpg,18106612952,120,1041.7793333333334,561.9776666666667,1045.5,549,13,21,-,1,class->block->function->block->block_content->return->expr->operator
2,207,rectangle_java2.jpg,rectangle_java2.jpg,18106688917,72,1046.4205555555554,559.0194444444444,1045.5,549,13,21,-,1,class->block->function->block->block_content->return->expr->operator
2,207,rectangle_java2.jpg,rectangle_java2.jpg,18106864935,120,1008.429,563.5916666666667,968.5,549,70,21,this.y2,7,class->block->function->block->block_content->return->expr->name->name->operator->name
2,207,rectangle_java2.jpg,rectangle_java2.jpg,18107404937,176,829.1697727272727,514.8470454545454,837.5,512,9,21,(,1,class->block->function->parameter_list
2,207,rectangle_java2.jpg,rectangle_java2.jpg,18107620882,212,827.4567924528302,521.0962264150943,775.5,512,53,21,width,5,class->block->function->name
2,207,rectangle_java2.jpg,rectangle_java2.jpg,18107620882,212,827.4567924528302,521.0962264150943,837.5,512,9,21,(,1,class->block->function->parameter_list
2,207,rectangle_java2.jpg,rectangle_java2.jpg,18107768902,128,797.9825,556.1646875,775.5,549,62,21,height,6,class->block->function->name
2,207,rectangle_java2.jpg,rectangle_java2.jpg,18107916945,144,801.6377777777777,569.3702777777778,775.5,549,62,21,height,6,class->block->function->name
2,207,rectangle_java2.jpg,rectangle_java2.jpg,18108148998,200,809.7922,614.845,804.5,621,44,21,void,4,class->block->function->type->name
2,207,rectangle_java2.jpg,rectangle_java2.jpg,18108532716,56,872.0028571428571,675.3985714285715,826.5,658,52,20,rect1,5,class->block->function->block->block_content->decl_stmt->decl->name
2,207,rectangle_java2.jpg,rectangle_java2.jpg,18108532716,56,872.0028571428571,675.3985714285715,883.5,658,15,20,=,1,class->block->function->block->block_content->decl_stmt->decl->init
2,207,rectangle_java2.jpg,rectangle_java2.jpg,18108636795,100,870.2048,658.24,826.5,658,52,20,rect1,5,class->block->function->block->block_content->decl_stmt->decl->name
2,207,rectangle_java2.jpg,rectangle_java2.jpg,18108700816,60,864.676,639.8066666666667,851.5,621,44,21,main,4,class->block->function->name
2,207,rectangle_java2.jpg,rectangle_java2.jpg,18108780851,56,898.2935714285715,638.085,904.5,621,9,21,(,1,class->block->function->parameter_list
2,207,rectangle_java2.jpg,rectangle_java2.jpg,18108988766,204,889.4117647058823,634.8170588235294,851.5,621,44,21,main,4,class->block->function->name
2,207,rectangle_java2.jpg,rectangle_java2.jpg,18109204744,140,970.4317142857143,628.1671428571428,920.5,621,62,21,String,6,class->block->function->parameter_list->parameter->decl->type->name->name
2,207,rectangle_java2.jpg,rectangle_java2.jpg,18109420789,76,1042.45,672.761052631579,1041.5,658,9,20,(,1,class->block->function->block->block_content->decl_stmt->decl->init->expr->call->argument_list
2,207,rectangle_java2.jpg,rectangle_java2.jpg,18109524807,100,1035.0744,669.9484,1041.5,658,9,20,(,1,class->block->function->block->block_content->decl_stmt->decl->init->expr->call->argument_list
2,207,rectangle_java2.jpg,rectangle_java2.jpg,18109676840,100,1192.6444000000001,675.4824,1182.5,658,22,20,10,2,class->block->function->block->block_content->decl_stmt->decl->init->expr->call->argument_list->argument->expr->literal
2,207,rectangle_java2.jpg,rectangle_java2.jpg,18109956856,220,1193.2501818181818,660.8352727272727,1182.5,658,22,20,10,2,class->block->function->block->block_content->decl_stmt->decl->init->expr->call->argument_list->argument->expr->literal
2,207,rectangle_java2.jpg,rectangle_java2.jpg,18110032863,72,1185.65,671.3888888888889,1182.5,658,22,20,10,2,class->block->function->block->block_content->decl_stmt->decl->init->expr->call->argument_list->argument->expr->literal
2,207,rectangle_java2.jpg,rectangle_java2.jpg,18110220826,164,994.8148780487805,666.4673170731708,941.5,658,91,20,Rectangle,9,class->block->function->block->block_content->decl_stmt->decl->init->expr->call->name
2,207,rectangle_java2.jpg,rectangle_java2.jpg,18110380738,104,870.5669230769231,640.2592307692307,851.5,621,44,21,main,4,class->block->function->name
2,207,rectangle_java2.jpg,rectangle_java2.jpg,18110476707,92,875.2978260869565,648.0069565217391,826.5,658,52,20,rect1,5,class->block->function->block->block_content->decl_stmt->decl->name
2,207,rectangle_java2.jpg,rectangle_java2.jpg,18110476707,92,875.2978260869565,648.0069565217391,883.5,658,15,20,=,1,class->block->function->block->block_content->decl_stmt->decl->init
2,207,rectangle_java2.jpg,rectangle_java2.jpg,18110708646,100,826.782,664.6936000000001,826.5,658,52,20,rect1,5,class->block->function->block->block_content->decl_stmt->decl->name
2,207,rectangle_java2.jpg,rectangle_java2.jpg,18110788674,76,819.021052631579,658.6457894736842,730.5,658,91,20,Rectangle,9,class->block->function->block->block_content->decl_stmt->decl->type->name
2,207,rectangle_java2.jpg,rectangle_java2.jpg,18110788674,76,819.021052631579,658.6457894736842,826.5,658,52,20,rect1,5,class->block->function->block->block_content->decl_stmt->decl->name
2,207,rectangle_java2.jpg,rectangle_java2.jpg,18110880704,88,817.2890909090909,672.4172727272727,730.5,658,91,20,Rectangle,9,class->block->function->block->block_content->decl_stmt->decl->type->name
2,207,rectangle_java2.jpg,rectangle_java2.jpg,18110880704,88,817.2890909090909,672.4172727272727,826.5,658,52,20,rect1,5,class->block->function->block->block_content->decl_stmt->decl->name
2,207,rectangle_java2.jpg,rectangle_java2.jpg,18111060696,156,915.0994871794871,677.7,902.5,658,34,20,new,3,class->block->function->block->block_content->decl_stmt->decl->init->expr->operator
2,207,rectangle_java2.jpg,rectangle_java2.jpg,18111512718,60,1032.0773333333334,665.4726666666667,941.5,658,91,20,Rectangle,9,class->block->function->block->block_content->decl_stmt->decl->init->expr->call->name
2,207,rectangle_java2.jpg,rectangle_java2.jpg,18111512718,60,1032.0773333333334,665.4726666666667,1041.5,658,9,20,(,1,class->block->function->block->block_content->decl_stmt->decl->init->expr->call->argument_list
2,207,rectangle_java2.jpg,rectangle_java2.jpg,18111676698,68,829.88,719.23,826.5,731,51,20,rect2,5,class->block->function->block->block_content->decl_stmt->decl->name
2,207,rectangle_java2.jpg,rectangle_java2.jpg,18111812693,132,832.6,731.5348484848485,826.5,731,51,20,rect2,5,class->block->function->block->block_content->decl_stmt->decl->name
2,207,rectangle_java2.jpg,rectangle_java2.jpg,18112056714,208,909.5971153846153,737.2163461538462,902.5,731,34,20,new,3,class->block->function->block->block_content->decl_stmt->decl->init->expr->operator
2,207,rectangle_java2.jpg,rectangle_java2.jpg,18112152712,92,902.2439130434783,721.6704347826087,902.5,731,34,20,new,3,class->block->function->block->block_content->decl_stmt->decl->init->expr->operator
2,207,rectangle_java2.jpg,rectangle_java2.jpg,18112236629,68,769.094705882353,730.4364705882354,730.5,731,91,20,Rectangle,9,class->block->function->block->block_content->decl_stmt->decl->type->name
2,207,rectangle_java2.jpg,rectangle_java2.jpg,18112396481,156,781.7758974358974,744.9182051282052,730.5,731,91,20,Rectangle,9,class->block->function->block->block_content->decl_stmt->decl->type->name
2,207,rectangle_java2.jpg,rectangle_java2.jpg,18112484463,84,783.1447619047619,736.0309523809524,730.5,731,91,20,Rectangle,9,class->block->function->block->block_content->decl_stmt->decl->type->name
2,207,rectangle_java2.jpg,rectangle_java2.jpg,18112744522,112,843.3832142857143,756.0421428571428,730.5,766,177,21,System.out.println,18,class->block->function->block->block_content->expr_stmt->expr->call->name->name->operator->name->operator->name
2,207,rectangle_java2.jpg,rectangle_java2.jpg,18112944566,56,906.6528571428571,736.0885714285714,902.5,731,34,20,new,3,class->block->function->block->block_content->decl_stmt->decl->init->expr->operator
2,207,rectangle_java2.jpg,rectangle_java2.jpg,18113096609,148,902.9037837837838,723.7427027027027,902.5,731,34,20,new,3,class->block->function->block->block_content->decl_stmt->decl->init->expr->operator
2,207,rectangle_java2.jpg,rectangle_java2.jpg,18113212621,88,903.1813636363636,542.7545454545455,900.5,549,63,21,return,6,class->block->function->block->block_content->return
2,207,rectangle_java2.jpg,rectangle_java2.jpg,18113532561,232,818.6510344827586,503.06793103448274,775.5,512,53,21,width,5,class->block->function->name
2,207,rectangle_java2.jpg,rectangle_java2.jpg,18113628610,92,821.6347826086957,518.7217391304348,775.5,512,53,21,width,5,class->block->function->name
2,207,rectangle_java2.jpg,rectangle_java2.jpg,18113760699,100,768.3016,522.7676,737.5,512,33,21,int,3,class->block->function->type->name
2,207,rectangle_java2.jpg,rectangle_java2.jpg,18113760699,100,768.3016,522.7676,775.5,512,53,21,width,5,class->block->function->name
2,207,rectangle_java2.jpg,rectangle_java2.jpg,18114212398,76,957.0257894736842,518.1063157894737,958.5,512,71,21,this.x2,7,class->block->function->block->block_content->return->expr->name->name->operator->name->operator
2,207,rectangle_java2.jpg,rectangle_java2.jpg,18114376393,128,931.9084375,529.5184375,891.5,512,62,21,return,6,class->block->function->block->block_content->return->expr->name->name
2,207,rectangle_java2.jpg,rectangle_java2.jpg,18114460405,80,930.655,518.472,891.5,512,62,21,return,6,class->block->function->block->block_content->return->expr->name->name
2,207,rectangle_java2.jpg,rectangle_java2.jpg,18114548410,60,969.8026666666667,523.532,958.5,512,71,21,this.x2,7,class->block->function->block->block_content->return->expr->name->name->operator->name->operator
2,207,rectangle_java2.jpg,rectangle_java2.jpg,18114632433,80,969.393,527.998,958.5,512,71,21,this.x2,7,class->block->function->block->block_content->return->expr->name->name->operator->name->operator
2,207,rectangle_java2.jpg,rectangle_java2.jpg,18114828492,180,850.0106666666667,542.7873333333333,846.5,549,10,21,(,1,class->block->function->parameter_list
2,207,rectangle_java2.jpg,rectangle_java2.jpg,18115028447,196,847.2479591836735,558.3722448979591,846.5,549,10,21,(,1,class->block->function->parameter_list
2,207,rectangle_java2.jpg,rectangle_java2.jpg,18115304379,68,927.7864705882353,581.3564705882353,910.5,585,62,21,return,6,class->block->function->block->block_content->return
2,207,rectangle_java2.jpg,rectangle_java2.jpg,18115416411,92,1024.9369565217391,584.8578260869565,977.5,585,101,21,this.width,10,class->block->function->block->block_content->return->expr->call->name->name->operator->name
2,207,rectangle_java2.jpg,rectangle_java2.jpg,18115736386,148,806.9894594594595,558.6448648648649,775.5,549,62,21,height,6,class->block->function->name
2,207,rectangle_java2.jpg,rectangle_java2.jpg,18115824338,84,806.0290476190477,545.7376190476191,775.5,549,62,21,height,6,class->block->function->name
2,207,rectangle_java2.jpg,rectangle_java2.jpg,18115884351,56,779.6807142857143,546.7764285714286,775.5,549,62,21,height,6,class->block->function->name
2,207,rectangle_java2.jpg,rectangle_java2.jpg,18115992391,104,782.2023076923077,552.1161538461538,775.5,549,62,21,height,6,class->block->function->name
2,207,rectangle_java2.jpg,rectangle_java2.jpg,18116456266,68,865.4888235294118,539.3811764705882,863.5,549,9,21,),1,class->block->function->parameter_list
2,207,rectangle_java2.jpg,rectangle_java2.jpg,18116696347,104,911.71,556.4742307692308,900.5,549,63,21,return,6,class->block->function->block->block_content->return
2,207,rectangle_java2.jpg,rectangle_java2.jpg,18116884329,184,910.8756521739131,558.3765217391305,900.5,549,63,21,return,6,class->block->function->block->block_content->return
2,207,rectangle_java2.jpg,rectangle_java2.jpg,18117260326,312,1020.2417948717949,568.8470512820513,968.5,549,70,21,this.y2,7,class->block->function->block->block_content->return->expr->name->name->operator->name
2,207,rectangle_java2.jpg,rectangle_java2.jpg,18117424319,160,1006.47075,561.7045,968.5,549,70,21,this.y2,7,class->block->function->block->block_content->return->expr->name->name->operator->name
2,207,rectangle_java2.jpg,rectangle_java2.jpg,18117536279,108,1011.6796296296296,557.7507407407408,968.5,549,70,21,this.y2,7,class->block->function->block->block_content->return->expr->name->name->operator->name
2,207,rectangle_java2.jpg,rectangle_java2.jpg,18118044325,184,1124.3936956521738,579.6008695652174,1122.5,585,12,21,*,1,class->block->function->block->block_content->return->expr->operator
2,207,rectangle_java2.jpg,rectangle_java2.jpg,18118264259,216,1116.389074074074,568.892037037037,1064.5,549,71,21,this.y1,7,class->block->function->block->block_content->return->expr->name->name->operator->name
2,207,rectangle_java2.jpg,rectangle_java2.jpg,18118460158,192,1114.17625,569.1635416666667,1064.5,549,71,21,this.y1,7,class->block->function->block->block_content->return->expr->name->name->operator->name
2,207,rectangle_java2.jpg,rectangle_java2.jpg,18118548167,84,1115.777619047619,579.0457142857143,1122.5,585,12,21,*,1,class->block->function->block->block_content->return->expr->operator
2,207,rectangle_java2.jpg,rectangle_java2.jpg,18118940131,96,1120.7649999999999,555.6016666666667,1064.5,549,71,21,this.y1,7,class->block->function->block->block_content->return->expr->name->name->operator->name
2,207,rectangle_java2.jpg,rectangle_java2.jpg,18119060135,116,1122.8503448275862,566.2044827586207,1064.5,549,71,21,this.y1,7,class->block->function->block->block_content->return->expr->name->name->operator->name
2,207,rectangle_java2.jpg,rectangle_java2.jpg,18119220130,128,1158.3440625,549.9009375,1161.5,549,10,21,},1,class->block->function->block
2,207,rectangle_java2.jpg,rectangle_java2.jpg,18119308118,84,1154.9366666666667,566.8,1161.5,549,10,21,},1,class->block->function->block
2,207,rectangle_java2.jpg,rectangle_java2.jpg,18119588119,248,1113.0940322580645,562.3370967741936,1064.5,549,71,21,this.y1,7,class->block->function->block->block_content->return->expr->name->name->operator->name
2,207,rectangle_java2.jpg,rectangle_java2.jpg,18119724151,132,1111.5751515151514,566.1554545454545,1064.5,549,71,21,this.y1,7,class->block->function->block->block_content->return->expr->name->name->operator->name
2,207,rectangle_java2.jpg,rectangle_java2.jpg,18119832236,92,1160.8326086956522,560.3173913043478,1161.5,549,10,21,},1,class->block->function->block
2,207,rectangle_java2.jpg,rectangle_java2.jpg,18119960174,124,1153.1812903225807,568.5593548387096,1161.5,549,10,21,},1,class->block->function->block
2,207,rectangle_java2.jpg,rectangle_java2.jpg,18120143983,180,1157.085111111111,568.8704444444444,1161.5,549,10,21,},1,class->block->function->block
2,207,rectangle_java2.jpg,rectangle_java2.jpg,18120724035,152,1068.588947368421,546.7236842105264,1064.5,549,71,21,this.y1,7,class->block->function->block->block_content->return->expr->name->name->operator->name
2,207,rectangle_java2.jpg,rectangle_java2.jpg,18120916028,188,1073.767659574468,556.4395744680851,1064.5,549,71,21,this.y1,7,class->block->function->block->block_content->return->expr->name->name->operator->name
2,207,rectangle_java2.jpg,rectangle_java2.jpg,18121040026,120,1071.705,567.7206666666666,1064.5,549,71,21,this.y1,7,class->block->function->block->block_content->return->expr->name->name->operator->name
2,207,rectangle_java2.jpg,rectangle_java2.jpg,18121232033,140,887.3154285714286,602.8865714285714,893.5,585,10,21,{,1,class->block->function->block
2,207,rectangle_java2.jpg,rectangle_java2.jpg,18121392024,116,857.4010344827586,596.7862068965517,856.5,585,9,21,(,1,class->block->function->parameter_list
2,207,rectangle_java2.jpg,rectangle_java2.jpg,18121500012,104,853.4261538461539,587.4911538461538,856.5,585,9,21,(,1,class->block->function->parameter_list
2,207,rectangle_java2.jpg,rectangle_java2.jpg,18121652061,84,1076.4142857142858,602.4961904761905,977.5,585,101,21,this.width,10,class->block->function->block->block_content->return->expr->call->name->name->operator->name
2,207,rectangle_java2.jpg,rectangle_java2.jpg,18121652061,84,1076.4142857142858,602.4961904761905,1086.5,585,10,21,(,1,class->block->function->block->block_content->return->expr->call->argument_list
2,207,rectangle_java2.jpg,rectangle_java2.jpg,18121848045,88,1074.148181818182,600.0418181818181,977.5,585,101,21,this.width,10,class->block->function->block->block_content->return->expr->call->name->name->operator->name
2,207,rectangle_java2.jpg,rectangle_java2.jpg,18121848045,88,1074.148181818182,600.0418181818181,1086.5,585,10,21,(,1,class->block->function->block->block_content->return->expr->call->argument_list
2,207,rectangle_java2.jpg,rectangle_java2.jpg,18121951932,84,1005.3242857142857,591.8638095238096,977.5,585,101,21,this.width,10,class->block->function->block->block_content->return->expr->call->name->name->operator->name
2,207,rectangle_java2.jpg,rectangle_java2.jpg,18122039873,84,997.6357142857142,595.6580952380953,977.5,585,101,21,this.width,10,class->block->function->block->block_content->return->expr->call->name->name->operator->name
2,207,rectangle_java2.jpg,rectangle_java2.jpg,18122239925,160,1048.94575,598.51125,977.5,585,101,21,this.width,10,class->block->function->block->block_content->return->expr->call->name->name->operator->name
2,207,rectangle_java2.jpg,rectangle_java2.jpg,18122443887,200,1050.2132,609.3104,1025.5,621,42,21,args,4,class->block->function->parameter_list->parameter->decl->name
2,207,rectangle_java2.jpg,rectangle_java2.jpg,18122651864,164,917.8912195121951,597.7560975609756,910.5,585,62,21,return,6,class->block->function->block->block_content->return
2,207,rectangle_java2.jpg,rectangle_java2.jpg,18122943869,196,1111.0389795918368,569.2026530612245,1064.5,549,71,21,this.y1,7,class->block->function->block->block_content->return->expr->name->name->operator->name
2,207,rectangle_java2.jpg,rectangle_java2.jpg,18123123885,152,1063.1002631578947,583.4876315789473,977.5,585,101,21,this.width,10,class->block->function->block->block_content->return->expr->call->name->name->operator->name
2,207,rectangle_java2.jpg,rectangle_java2.jpg,18123487956,100,1018.9248,573.7004,977.5,585,101,21,this.width,10,class->block->function->block->block_content->return->expr->call->name->name->operator->name
2,207,rectangle_java2.jpg,rectangle_java2.jpg,18123599946,108,1015.75,584.6137037037037,977.5,585,101,21,this.width,10,class->block->function->block->block_content->return->expr->call->name->name->operator->name
2,207,rectangle_java2.jpg,rectangle_java2.jpg,18123691929,68,1064.209411764706,569.444705882353,1064.5,549,71,21,this.y1,7,class->block->function->block->block_content->return->expr->name->name->operator->name
2,207,rectangle_java2.jpg,rectangle_java2.jpg,18123779913,84,1055.9719047619049,592.9028571428571,977.5,585,101,21,this.width,10,class->block->function->block->block_content->return->expr->call->name->name->operator->name
2,207,rectangle_java2.jpg,rectangle_java2.jpg,18123951680,168,1055.2340476190477,605.625,977.5,585,101,21,this.width,10,class->block->function->block->block_content->return->expr->call->name->name->operator->name
2,207,rectangle_java2.jpg,rectangle_java2.jpg,18124055663,64,1067.368125,590.38625,977.5,585,101,21,this.width,10,class->block->function->block->block_content->return->expr->call->name->name->operator->name
2,207,rectangle_java2.jpg,rectangle_java2.jpg,18124159779,80,865.022,615.9415,851.5,621,44,21,main,4,class->block->function->name
2,207,rectangle_java2.jpg,rectangle_java2.jpg,18124259841,96,857.35375,623.2345833333334,851.5,621,44,21,main,4,class->block->function->name
2,207,rectangle_java2.jpg,rectangle_java2.jpg,18124343813,80,867.8085,628.8745,851.5,621,44,21,main,4,class->block->function->name
2,207,rectangle_java2.jpg,rectangle_java2.jpg,18124659766,288,810.7770833333334,638.2155555555555,804.5,621,44,21,void,4,class->block->function->type->name
2,207,rectangle_java2.jpg,rectangle_java2.jpg,18124863794,160,895.7395,672.962,883.5,658,15,20,=,1,class->block->function->block->block_content->decl_stmt->decl->init
2,207,rectangle_java2.jpg,rectangle_java2.jpg,18124863794,160,895.7395,672.962,902.5,658,34,20,new,3,class->block->function->block->block_content->decl_stmt->decl->init->expr->operator
2,207,rectangle_java2.jpg,rectangle_java2.jpg,18124991828,124,900.8596774193549,669.901935483871,902.5,658,34,20,new,3,class->block->function->block->block_content->decl_stmt->decl->init->expr->operator
2,207,rectangle_java2.jpg,rectangle_java2.jpg,18125239807,108,895.4981481481482,688.5251851851851,730.5,694,177,21,System.out.println,18,class->block->function->block->block_content->expr_stmt->expr->call->name->name->operator->name->operator->name
2,207,rectangle_java2.jpg,rectangle_java2.jpg,18125467808,176,857.7688636363637,676.9504545454546,826.5,658,52,20,rect1,5,class->block->function->block->block_content->decl_stmt->decl->name
2,207,rectangle_java2.jpg,rectangle_java2.jpg,18125559767,56,976.8764285714286,666.8185714285714,941.5,658,91,20,Rectangle,9,class->block->function->block->block_content->decl_stmt->decl->init->expr->call->name
2,207,rectangle_java2.jpg,rectangle_java2.jpg,18125699721,136,965.895,663.4829411764706,941.5,658,91,20,Rectangle,9,class->block->function->block->block_content->decl_stmt->decl->init->expr->call->name
2,207,rectangle_java2.jpg,rectangle_java2.jpg,18125847698,124,1034.8529032258064,659.3654838709678,1041.5,658,9,20,(,1,class->block->function->block->block_content->decl_stmt->decl->init->expr->call->argument_list
2,207,rectangle_java2.jpg,rectangle_java2.jpg,18125919656,68,1047.6135294117646,673.2417647058824,1041.5,658,9,20,(,1,class->block->function->block->block_content->decl_stmt->decl->init->expr->call->argument_list
2,207,rectangle_java2.jpg,rectangle_java2.jpg,18125919656,68,1047.6135294117646,673.2417647058824,1057.5,658,13,20,0,1,class->block->function->block->block_content->decl_stmt->decl->init->expr->call->argument_list->argument->expr->literal
2,207,rectangle_java2.jpg,rectangle_java2.jpg,18126147592,148,911.7472972972973,671.2967567567567,902.5,658,34,20,new,3,class->block->function->block->block_content->decl_stmt->decl->init->expr->operator
2,207,rectangle_java2.jpg,rectangle_java2.jpg,18126299588,148,901.9708108108108,673.0227027027028,902.5,658,34,20,new,3,class->block->function->block->block_content->decl_stmt->decl->init->expr->operator
2,207,rectangle_java2.jpg,rectangle_java2.jpg,18126387582,84,905.9947619047618,657.5395238095238,902.5,658,34,20,new,3,class->block->function->block->block_content->decl_stmt->decl->init->expr->operator
2,207,rectangle_java2.jpg,rectangle_java2.jpg,18126735583,80,1048.396,633.4885,1025.5,621,42,21,args,4,class->block->function->parameter_list->parameter->decl->name
2,207,rectangle_java2.jpg,rectangle_java2.jpg,18127167640,300,1103.2728,665.9008,1095.5,658,13,20,0,1,class->block->function->block->block_content->decl_stmt->decl->init->expr->call->argument_list->argument->expr->literal
2,207,rectangle_java2.jpg,rectangle_java2.jpg,18127167640,300,1103.2728,665.9008,1115.5,658,10,20,",",1,class->block->function->block->block_content->decl_stmt->decl->init->expr->call->argument_list
2,207,rectangle_java2.jpg,rectangle_java2.jpg,18127303616,116,1016.6372413793104,660.2220689655172,941.5,658,91,20,Rectangle,9,class->block->function->block->block_content->decl_stmt->decl->init->expr->call->name
2,207,rectangle_java2.jpg,rectangle_java2.jpg,18127975410,100,851.1152,682.8812,730.5,694,177,21,System.out.println,18,class->block->function->block->block_content->expr_stmt->expr->call->name->name->operator->name->operator->name
2,207,rectangle_java2.jpg,rectangle_java2.jpg,18128071480,92,857.7456521739131,669.6873913043478,826.5,658,52,20,rect1,5,class->block->function->block->block_content->decl_stmt->decl->name
2,207,rectangle_java2.jpg,rectangle_java2.jpg,18128495515,100,888.284,760.3584,730.5,766,177,21,System.out.println,18,class->block->function->block->block_content->expr_stmt->expr->call->name->name->operator->name->operator->name
2,207,rectangle_java2.jpg,rectangle_java2.jpg,18128603506,76,914.111052631579,748.88,902.5,731,34,20,new,3,class->block->function->block->block_content->decl_stmt->decl->init->expr->operator
2,207,rectangle_java2.jpg,rectangle_java2.jpg,18128739499,88,919.7977272727272,761.8527272727273,916.5,766,9,21,(,1,class->block->function->block->block_content->expr_stmt->expr->call->argument_list
2,207,rectangle_java2.jpg,rectangle_java2.jpg,18139142851,108,899.687037037037,532.7385185185185,891.5,512,62,21,return,6,class->block->function->block->block_content->return->expr->name->name
2,207,rectangle_java2.jpg,rectangle_java2.jpg,18139278837,132,898.5651515151516,551.2103030303031,900.5,549,63,21,return,6,class->block->function->block->block_content->return
2,207,rectangle_java2.jpg,rectangle_java2.jpg,18139410622,80,1030.033,627.401,1025.5,621,42,21,args,4,class->block->function->parameter_list->parameter->decl->name
2,207,rectangle_java2.jpg,rectangle_java2.jpg,18139546589,132,1021.3769696969697,635.5390909090909,1025.5,621,42,21,args,4,class->block->function->parameter_list->parameter->decl->name
2,207,rectangle_java2.jpg,rectangle_java2.jpg,18139674624,124,1027.8145161290322,625.2874193548387,1025.5,621,42,21,args,4,class->block->function->parameter_list->parameter->decl->name
2,207,rectangle_java2.jpg,rectangle_java2.jpg,18139878659,148,885.6745945945946,624.6589189189189,851.5,621,44,21,main,4,class->block->function->name
2,207,rectangle_java2.jpg,rectangle_java2.jpg,18140186696,304,884.3334210526316,624.4626315789474,851.5,621,44,21,main,4,class->block->function->name
2,207,rectangle_java2.jpg,rectangle_java2.jpg,18141378601,68,896.7676470588235,632.0211764705882,904.5,621,9,21,(,1,class->block->function->parameter_list
2,207,rectangle_java2.jpg,rectangle_java2.jpg,18141686674,84,852.6223809523809,360.57380952380953,856.5,367,10,21,;,1,class->block->constructor->block->block_content->expr_stmt
2,207,rectangle_java2.jpg,rectangle_java2.jpg,18141922659,232,856.9562068965517,348.30051724137934,856.5,331,10,19,;,1,class->block->constructor->block->block_content->expr_stmt
2,207,rectangle_java2.jpg,rectangle_java2.jpg,18141998632,72,857.7183333333334,333.93055555555554,856.5,331,10,19,;,1,class->block->constructor->block->block_content->expr_stmt
2,207,rectangle_java2.jpg,rectangle_java2.jpg,18142538579,344,819.2441860465116,435.13011627906974,806.5,440,15,21,=,1,class->block->constructor->block->block_content->expr_stmt->expr->operator
2,207,rectangle_java2.jpg,rectangle_java2.jpg,18142538579,344,819.2441860465116,435.13011627906974,826.5,440,23,21,y2,2,class->block->constructor->block->block_content->expr_stmt->expr->name->name
2,207,rectangle_java2.jpg,rectangle_java2.jpg,18143170588,244,846.3985245901639,448.60672131147544,826.5,440,23,21,y2,2,class->block->constructor->block->block_content->expr_stmt->expr->name->name
2,207,rectangle_java2.jpg,rectangle_java2.jpg,18143170588,244,846.3985245901639,448.60672131147544,856.5,440,10,21,;,1,class->block->constructor->block->block_content->expr_stmt
2,207,rectangle_java2.jpg,rectangle_java2.jpg,18143634490,64,851.63875,418.676875,856.5,404,10,19,;,1,class->block->constructor->block->block_content->expr_stmt
2,207,rectangle_java2.jpg,rectangle_java2.jpg,18143870473,160,858.2885,399.525,856.5,404,10,19,;,1,class->block->constructor->block->block_content->expr_stmt
2,207,rectangle_java2.jpg,rectangle_java2.jpg,18144210452,292,812.9767123287671,402.98506849315066,806.5,404,15,19,=,1,class->block->constructor->block->block_content->expr_stmt->expr->operator
2,207,rectangle_java2.jpg,rectangle_java2.jpg,18144998461,76,978.6615789473684,312.82157894736844,977.5,295,23,21,y1,2,class->block->constructor->parameter_list->parameter->decl->type->name
2,207,rectangle_java2.jpg,rectangle_java2.jpg,18145242164,60,992.6433333333333,771.8633333333333,932.5,766,100,21,rect2.area,10,class->block->function->block->block_content->expr_stmt->expr->call->argument_list->argument->expr->call->name->name->operator->name
2,207,rectangle_java2.jpg,rectangle_java2.jpg,18146678259,208,1091.9528846153846,285.46384615384613,1094.5,295,9,21,",",1,class->block->constructor->parameter_list
2,207,rectangle_java2.jpg,rectangle_java2.jpg,18149109864,132,1037.5045454545455,289.05121212121213,1025.5,295,33,21,int,3,class->block->constructor->parameter_list->parameter->decl->type->name
2,207,rectangle_java2.jpg,rectangle_java2.jpg,18149422027,144,971.2302777777778,299.36361111111114,939.5,295,33,21,int,3,class->block->constructor->parameter_list->parameter->decl->type->name
2,207,rectangle_java2.jpg,rectangle_java2.jpg,18149422027,144,971.2302777777778,299.36361111111114,977.5,295,23,21,y1,2,class->block->constructor->parameter_list->parameter->decl->type->name
2,207,rectangle_java2.jpg,rectangle_java2.jpg,18149538008,96,908.5266666666666,285.3208333333333,890.5,295,24,21,x1,2,class->block->constructor->parameter_list->parameter->decl->type->name
2,207,rectangle_java2.jpg,rectangle_java2.jpg,18149613972,72,918.6233333333333,286.55055555555555,921.5,295,9,21,",",1,class->block->constructor->parameter_list
2,207,rectangle_java2.jpg,rectangle_java2.jpg,18149761981,88,861.8972727272727,431.03045454545463,856.5,440,10,21,;,1,class->block->constructor->block->block_content->expr_stmt
2,207,rectangle_java2.jpg,rectangle_java2.jpg,18149882017,116,841.5441379310345,411.68827586206896,826.5,404,23,19,x2,2,class->block->constructor->block->block_content->expr_stmt->expr->name->name
2,207,rectangle_java2.jpg,rectangle_java2.jpg,18149974020,88,842.0090909090909,397.2895454545455,826.5,404,23,19,x2,2,class->block->constructor->block->block_content->expr_stmt->expr->name->name
2,207,rectangle_java2.jpg,rectangle_java2.jpg,18150322043,176,841.2836363636363,402.58613636363634,826.5,404,23,19,x2,2,class->block->constructor->block->block_content->expr_stmt->expr->name->name
2,207,rectangle_java2.jpg,rectangle_java2.jpg,18150426003,76,829.1647368421053,346.22,826.5,331,23,19,x1,2,class->block->constructor->block->block_content->expr_stmt->expr->name->name
2,207,rectangle_java2.jpg,rectangle_java2.jpg,18150549994,120,822.9276666666667,336.51866666666666,826.5,331,23,19,x1,2,class->block->constructor->block->block_content->expr_stmt->expr->name->name
2,207,rectangle_java2.jpg,rectangle_java2.jpg,18150750033,112,1111.6332142857143,287.34285714285716,1112.5,295,33,21,int,3,class->block->constructor->parameter_list->parameter->decl->type->name
2,207,rectangle_java2.jpg,rectangle_java2.jpg,18151089894,72,1087.4516666666666,285.885,1094.5,295,9,21,",",1,class->block->constructor->parameter_list
2,207,rectangle_java2.jpg,rectangle_java2.jpg,18151153898,60,1098.7333333333333,284.99133333333333,1094.5,295,9,21,",",1,class->block->constructor->parameter_list
2,207,rectangle_java2.jpg,rectangle_java2.jpg,18152157930,112,833.9964285714286,408.15785714285715,826.5,404,23,19,x2,2,class->block->constructor->block->block_content->expr_stmt->expr->name->name
2,207,rectangle_java2.jpg,rectangle_java2.jpg,18152277943,116,823.3189655172414,397.11551724137934,826.5,404,23,19,x2,2,class->block->constructor->block->block_content->expr_stmt->expr->name->name
2,207,rectangle_java2.jpg,rectangle_java2.jpg,18152469954,80,825.9695,411.665,826.5,404,23,19,x2,2,class->block->constructor->block->block_content->expr_stmt->expr->name->name
2,207,rectangle_java2.jpg,rectangle_java2.jpg,18152869699,196,866.4518367346939,410.0677551020408,856.5,404,10,19,;,1,class->block->constructor->block->block_content->expr_stmt
2,207,rectangle_java2.jpg,rectangle_java2.jpg,18155149486,80,865.2475000000001,367.552,856.5,367,10,21,;,1,class->block->constructor->block->block_content->expr_stmt
2,207,rectangle_java2.jpg,rectangle_java2.jpg,18155680223,204,774.7333333333333,247.1878431372549,747.5,259,33,21,int,3,class->block->decl_stmt->decl->type->name
2,207,rectangle_java2.jpg,rectangle_java2.jpg,18155680223,204,774.7333333333333,247.1878431372549,785.5,259,23,21,x1,2,class->block->decl_stmt->decl->name
2,207,rectangle_java2.jpg,rectangle_java2.jpg,18155740239,56,781.1985714285714,226.63,715.5,222,90,21,Rectangle,9,class->name
2,207,rectangle_java2.jpg,rectangle_java2.jpg,18155804256,60,778.9533333333334,227.26599999999996,715.5,222,90,21,Rectangle,9,class->name
2,207,rectangle_java2.jpg,rectangle_java2.jpg,18156168092,264,907.9631818181819,759.2663636363636,916.5,766,9,21,(,1,class->block->function->block->block_content->expr_stmt->expr->call->argument_list
2,207,rectangle_java2.jpg,rectangle_java2.jpg,18156300178,128,913.6128125,772.09875,916.5,766,9,21,(,1,class->block->function->block->block_content->expr_stmt->expr->call->argument_list
2,207,rectangle_java2.jpg,rectangle_java2.jpg,18157203930,68,1019.984705882353,633.3211764705883,1025.5,621,42,21,args,4,class->block->function->parameter_list->parameter->decl->name
2,207,rectangle_java2.jpg,rectangle_java2.jpg,18157335946,128,1029.8290625,652.1871875,941.5,658,91,20,Rectangle,9,class->block->function->block->block_content->decl_stmt->decl->init->expr->call->name
2,207,rectangle_java2.jpg,rectangle_java2.jpg,18157335946,128,1029.8290625,652.1871875,1041.5,658,9,20,(,1,class->block->function->block->block_content->decl_stmt->decl->init->expr->call->argument_list
2,207,rectangle_java2.jpg,rectangle_java2.jpg,18157576158,104,842.2015384615385,723.5623076923077,826.5,731,51,20,rect2,5,class->block->function->block->block_content->decl_stmt->decl->name
2,207,rectangle_java2.jpg,rectangle_java2.jpg,18157708133,72,957.8444444444444,626.2133333333334,920.5,621,62,21,String,6,class->block->function->parameter_list->parameter->decl->type->name->name
2,207,rectangle_java2.jpg,rectangle_java2.jpg,18158040129,328,959.5898780487805,630.6015853658537,920.5,621,62,21,String,6,class->block->function->parameter_list->parameter->decl->type->name->name
