trial,participant,code_file,code_language,timestamp,duration,x_cord,y_cord,aoi_x,aoi_y,aoi_width,aoi_height,token,length,srcML
2,210,rectangle_java2.jpg,rectangle_java2.jpg,788665958,232,895.4286206896552,300.78275862068966,890.5,295,24,21,x1,2,class->block->constructor->parameter_list->parameter->decl->type->name
2,210,rectangle_java2.jpg,rectangle_java2.jpg,791325780,96,767.93875,231.0866666666667,715.5,222,90,21,Rectangle,9,class->name
2,210,rectangle_java2.jpg,rectangle_java2.jpg,791505774,176,768.0306818181818,239.99772727272727,715.5,222,90,21,Rectangle,9,class->name
2,210,rectangle_java2.jpg,rectangle_java2.jpg,791685775,112,816.2921428571428,233.77750000000003,813.5,222,10,21,{,1,class->block
2,210,rectangle_java2.jpg,rectangle_java2.jpg,792109731,60,904.7086666666667,260.4893333333333,911.5,259,10,21,",",1,class->block->decl_stmt
2,210,rectangle_java2.jpg,rectangle_java2.jpg,792181722,68,901.4399999999999,248.80764705882353,881.5,259,23,21,x2,2,class->block->decl_stmt->decl->name
2,210,rectangle_java2.jpg,rectangle_java2.jpg,792181722,68,901.4399999999999,248.80764705882353,911.5,259,10,21,",",1,class->block->decl_stmt
2,210,rectangle_java2.jpg,rectangle_java2.jpg,792349711,164,903.4029268292683,272.6521951219512,881.5,259,23,21,x2,2,class->block->decl_stmt->decl->name
2,210,rectangle_java2.jpg,rectangle_java2.jpg,792349711,164,903.4029268292683,272.6521951219512,911.5,259,10,21,",",1,class->block->decl_stmt
2,210,rectangle_java2.jpg,rectangle_java2.jpg,793513637,64,838.86875,258.01375,833.5,259,23,21,y1,2,class->block->decl_stmt->decl->name
2,210,rectangle_java2.jpg,rectangle_java2.jpg,793741655,68,795.3717647058824,247.0958823529412,785.5,259,23,21,x1,2,class->block->decl_stmt->decl->name
2,210,rectangle_java2.jpg,rectangle_java2.jpg,793817652,72,792.7872222222222,283.3938888888889,737.5,295,91,21,Rectangle,9,class->block->constructor->name
2,210,rectangle_java2.jpg,rectangle_java2.jpg,793929640,108,797.5877777777778,283.5674074074074,737.5,295,91,21,Rectangle,9,class->block->constructor->name
2,210,rectangle_java2.jpg,rectangle_java2.jpg,794029640,96,797.7929166666667,272.23375,785.5,259,23,21,x1,2,class->block->decl_stmt->decl->name
2,210,rectangle_java2.jpg,rectangle_java2.jpg,794157651,68,904.9823529411765,261.3964705882353,911.5,259,10,21,",",1,class->block->decl_stmt
2,210,rectangle_java2.jpg,rectangle_java2.jpg,794293698,92,912.2082608695653,297.9478260869565,890.5,295,24,21,x1,2,class->block->constructor->parameter_list->parameter->decl->type->name
2,210,rectangle_java2.jpg,rectangle_java2.jpg,794293698,92,912.2082608695653,297.9478260869565,921.5,295,9,21,",",1,class->block->constructor->parameter_list
2,210,rectangle_java2.jpg,rectangle_java2.jpg,794901549,132,1048.6809090909092,287.34484848484846,1025.5,295,33,21,int,3,class->block->constructor->parameter_list->parameter->decl->type->name
2,210,rectangle_java2.jpg,rectangle_java2.jpg,795101517,172,873.1051162790698,308.8974418604651,853.5,295,32,21,int,3,class->block->constructor->parameter_list->parameter->decl->type->name
2,210,rectangle_java2.jpg,rectangle_java2.jpg,795221498,116,865.3055172413793,324.44586206896554,856.5,331,10,19,;,1,class->block->constructor->block->block_content->expr_stmt
2,210,rectangle_java2.jpg,rectangle_java2.jpg,795409482,184,870.971304347826,315.259347826087,853.5,295,32,21,int,3,class->block->constructor->parameter_list->parameter->decl->type->name
2,210,rectangle_java2.jpg,rectangle_java2.jpg,795545486,96,846.0195833333333,339.81458333333336,826.5,331,23,19,x1,2,class->block->constructor->block->block_content->expr_stmt->expr->name->name
2,210,rectangle_java2.jpg,rectangle_java2.jpg,795545486,96,846.0195833333333,339.81458333333336,856.5,331,10,19,;,1,class->block->constructor->block->block_content->expr_stmt
2,210,rectangle_java2.jpg,rectangle_java2.jpg,795609493,60,839.884,334.92199999999997,826.5,331,23,19,x1,2,class->block->constructor->block->block_content->expr_stmt->expr->name->name
2,210,rectangle_java2.jpg,rectangle_java2.jpg,795669496,56,832.2578571428571,347.8257142857143,826.5,331,23,19,x1,2,class->block->constructor->block->block_content->expr_stmt->expr->name->name
2,210,rectangle_java2.jpg,rectangle_java2.jpg,795941471,124,859.6622580645161,382.4174193548387,856.5,367,10,21,;,1,class->block->constructor->block->block_content->expr_stmt
2,210,rectangle_java2.jpg,rectangle_java2.jpg,796293465,96,1121.3241666666668,285.69416666666666,1112.5,295,33,21,int,3,class->block->constructor->parameter_list->parameter->decl->type->name
2,210,rectangle_java2.jpg,rectangle_java2.jpg,796729322,112,829.7614285714286,387.6510714285714,826.5,367,23,21,y1,2,class->block->constructor->block->block_content->expr_stmt->expr->name->name
2,210,rectangle_java2.jpg,rectangle_java2.jpg,796917367,56,860.4135714285715,412.33500000000004,856.5,404,10,19,;,1,class->block->constructor->block->block_content->expr_stmt
2,210,rectangle_java2.jpg,rectangle_java2.jpg,797157392,80,1023.551,302.198,1025.5,295,33,21,int,3,class->block->constructor->parameter_list->parameter->decl->type->name
2,210,rectangle_java2.jpg,rectangle_java2.jpg,797241364,80,1023.2375,314.5945,1025.5,295,33,21,int,3,class->block->constructor->parameter_list->parameter->decl->type->name
2,210,rectangle_java2.jpg,rectangle_java2.jpg,797437320,104,968.6926923076923,273.02423076923077,959.5,259,10,21,;,1,class->block->decl_stmt
2,210,rectangle_java2.jpg,rectangle_java2.jpg,797589339,60,850.0446666666667,302.3226666666667,853.5,295,32,21,int,3,class->block->constructor->parameter_list->parameter->decl->type->name
2,210,rectangle_java2.jpg,rectangle_java2.jpg,797709350,116,837.1327586206896,304.8379310344828,837.5,295,9,21,(,1,class->block->constructor->parameter_list
2,210,rectangle_java2.jpg,rectangle_java2.jpg,799873211,100,976.5252,504.2504,958.5,512,71,21,this.x2,7,class->block->function->block->block_content->return->expr->name->name->operator->name->operator
2,210,rectangle_java2.jpg,rectangle_java2.jpg,800149191,80,882.607,517.773,874.5,512,10,21,{,1,class->block->function->block
2,210,rectangle_java2.jpg,rectangle_java2.jpg,800149191,80,882.607,517.773,891.5,512,62,21,return,6,class->block->function->block->block_content->return->expr->name->name
2,210,rectangle_java2.jpg,rectangle_java2.jpg,800253111,56,882.6157142857143,525.7821428571428,874.5,512,10,21,{,1,class->block->function->block
2,210,rectangle_java2.jpg,rectangle_java2.jpg,800253111,56,882.6157142857143,525.7821428571428,891.5,512,62,21,return,6,class->block->function->block->block_content->return->expr->name->name
2,210,rectangle_java2.jpg,rectangle_java2.jpg,800321007,64,880.9775,528.789375,874.5,512,10,21,{,1,class->block->function->block
2,210,rectangle_java2.jpg,rectangle_java2.jpg,800321007,64,880.9775,528.789375,891.5,512,62,21,return,6,class->block->function->block->block_content->return->expr->name->name
2,210,rectangle_java2.jpg,rectangle_java2.jpg,800520971,80,943.849,520.6045,891.5,512,62,21,return,6,class->block->function->block->block_content->return->expr->name->name
2,210,rectangle_java2.jpg,rectangle_java2.jpg,800681042,80,1038.95,531.285,1035.5,512,13,21,-,1,class->block->function->block->block_content->return->expr->name->name
2,210,rectangle_java2.jpg,rectangle_java2.jpg,800817077,132,1042.969696969697,540.7733333333333,1045.5,549,13,21,-,1,class->block->function->block->block_content->return->expr->operator
2,210,rectangle_java2.jpg,rectangle_java2.jpg,800893077,72,1050.5122222222221,525.2911111111111,1054.5,512,71,21,this.x1,7,class->block->function->block->block_content->return->expr->name->name->operator->name
2,210,rectangle_java2.jpg,rectangle_java2.jpg,801081077,184,1040.4373913043478,526.4986956521739,1035.5,512,13,21,-,1,class->block->function->block->block_content->return->expr->name->name
2,210,rectangle_java2.jpg,rectangle_java2.jpg,801177075,92,1037.7795652173913,537.094347826087,968.5,549,70,21,this.y2,7,class->block->function->block->block_content->return->expr->name->name->operator->name
2,210,rectangle_java2.jpg,rectangle_java2.jpg,801177075,92,1037.7795652173913,537.094347826087,1045.5,549,13,21,-,1,class->block->function->block->block_content->return->expr->operator
2,210,rectangle_java2.jpg,rectangle_java2.jpg,801421144,132,1023.4787878787879,550.9145454545454,968.5,549,70,21,this.y2,7,class->block->function->block->block_content->return->expr->name->name->operator->name
2,210,rectangle_java2.jpg,rectangle_java2.jpg,801641155,124,1013.5145161290322,502.731935483871,958.5,512,71,21,this.x2,7,class->block->function->block->block_content->return->expr->name->name->operator->name->operator
2,210,rectangle_java2.jpg,rectangle_java2.jpg,801885109,164,1038.5621951219512,525.6060975609756,1035.5,512,13,21,-,1,class->block->function->block->block_content->return->expr->name->name
2,210,rectangle_java2.jpg,rectangle_java2.jpg,802013073,92,1162.183043478261,537.8360869565217,1161.5,549,10,21,},1,class->block->function->block
2,210,rectangle_java2.jpg,rectangle_java2.jpg,802269023,252,1161.334761904762,542.9615873015873,1161.5,549,10,21,},1,class->block->function->block
2,210,rectangle_java2.jpg,rectangle_java2.jpg,802396944,96,1101.695,547.9366666666666,1064.5,549,71,21,this.y1,7,class->block->function->block->block_content->return->expr->name->name->operator->name
2,210,rectangle_java2.jpg,rectangle_java2.jpg,802804968,84,1115.2147619047619,508.8042857142857,1054.5,512,71,21,this.x1,7,class->block->function->block->block_content->return->expr->name->name->operator->name
2,210,rectangle_java2.jpg,rectangle_java2.jpg,802933023,124,1110.111612903226,527.4896774193548,1054.5,512,71,21,this.x1,7,class->block->function->block->block_content->return->expr->name->name->operator->name
2,210,rectangle_java2.jpg,rectangle_java2.jpg,803265064,56,1116.527142857143,536.725,1064.5,549,71,21,this.y1,7,class->block->function->block->block_content->return->expr->name->name->operator->name
2,210,rectangle_java2.jpg,rectangle_java2.jpg,803353037,84,1113.4566666666667,530.4804761904762,1054.5,512,71,21,this.x1,7,class->block->function->block->block_content->return->expr->name->name->operator->name
2,210,rectangle_java2.jpg,rectangle_java2.jpg,803640967,128,1146.4609375,547.186875,1142.5,549,10,21,;,1,class->block->function->block->block_content->return
2,210,rectangle_java2.jpg,rectangle_java2.jpg,803724960,72,927.2466666666667,540.3344444444444,900.5,549,63,21,return,6,class->block->function->block->block_content->return
2,210,rectangle_java2.jpg,rectangle_java2.jpg,803872960,144,922.2733333333333,555.3794444444444,900.5,549,63,21,return,6,class->block->function->block->block_content->return
2,210,rectangle_java2.jpg,rectangle_java2.jpg,803996975,64,914.425625,539.510625,900.5,549,63,21,return,6,class->block->function->block->block_content->return
2,210,rectangle_java2.jpg,rectangle_java2.jpg,804072981,56,973.76,557.4214285714286,968.5,549,70,21,this.y2,7,class->block->function->block->block_content->return->expr->name->name->operator->name
2,210,rectangle_java2.jpg,rectangle_java2.jpg,804184881,108,981.2474074074074,549.6,968.5,549,70,21,this.y2,7,class->block->function->block->block_content->return->expr->name->name->operator->name
2,210,rectangle_java2.jpg,rectangle_java2.jpg,804300733,100,1077.2384,558.848,1064.5,549,71,21,this.y1,7,class->block->function->block->block_content->return->expr->name->name->operator->name
2,210,rectangle_java2.jpg,rectangle_java2.jpg,804372705,68,1077.93,567.3076470588236,1064.5,549,71,21,this.y1,7,class->block->function->block->block_content->return->expr->name->name->operator->name
2,210,rectangle_java2.jpg,rectangle_java2.jpg,804448746,72,1075.3972222222221,544.365,1064.5,549,71,21,this.y1,7,class->block->function->block->block_content->return->expr->name->name->operator->name
2,210,rectangle_java2.jpg,rectangle_java2.jpg,804536805,84,1086.294761904762,537.2947619047619,1064.5,549,71,21,this.y1,7,class->block->function->block->block_content->return->expr->name->name->operator->name
2,210,rectangle_java2.jpg,rectangle_java2.jpg,804648940,108,1080.395925925926,568.4888888888889,1064.5,549,71,21,this.y1,7,class->block->function->block->block_content->return->expr->name->name->operator->name
2,210,rectangle_java2.jpg,rectangle_java2.jpg,804809122,64,1032.523125,524.92875,1035.5,512,13,21,-,1,class->block->function->block->block_content->return->expr->name->name
2,210,rectangle_java2.jpg,rectangle_java2.jpg,805020922,208,1044.7817307692308,530.7667307692308,1035.5,512,13,21,-,1,class->block->function->block->block_content->return->expr->name->name
2,210,rectangle_java2.jpg,rectangle_java2.jpg,805020922,208,1044.7817307692308,530.7667307692308,1054.5,512,71,21,this.x1,7,class->block->function->block->block_content->return->expr->name->name->operator->name
2,210,rectangle_java2.jpg,rectangle_java2.jpg,805148855,56,1065.557857142857,591.1114285714285,977.5,585,101,21,this.width,10,class->block->function->block->block_content->return->expr->call->name->name->operator->name
2,210,rectangle_java2.jpg,rectangle_java2.jpg,805716673,64,1090.406875,556.666875,1064.5,549,71,21,this.y1,7,class->block->function->block->block_content->return->expr->name->name->operator->name
2,210,rectangle_java2.jpg,rectangle_java2.jpg,805840727,120,1092.802,551.684,1064.5,549,71,21,this.y1,7,class->block->function->block->block_content->return->expr->name->name->operator->name
2,210,rectangle_java2.jpg,rectangle_java2.jpg,806052817,84,1061.424761904762,517.4680952380952,1054.5,512,71,21,this.x1,7,class->block->function->block->block_content->return->expr->name->name->operator->name
2,210,rectangle_java2.jpg,rectangle_java2.jpg,806160759,60,1042.628,542.8286666666667,1045.5,549,13,21,-,1,class->block->function->block->block_content->return->expr->operator
2,210,rectangle_java2.jpg,rectangle_java2.jpg,806788718,64,1088.708125,632.216875,1094.5,621,10,21,{,1,class->block->function->block
2,210,rectangle_java2.jpg,rectangle_java2.jpg,806888721,76,904.9921052631579,656.9015789473684,902.5,658,34,20,new,3,class->block->function->block->block_content->decl_stmt->decl->init->expr->operator
2,210,rectangle_java2.jpg,rectangle_java2.jpg,807144353,72,967.435,661.995,941.5,658,91,20,Rectangle,9,class->block->function->block->block_content->decl_stmt->decl->init->expr->call->name
2,210,rectangle_java2.jpg,rectangle_java2.jpg,807400676,60,863.3193333333334,616.3566666666667,851.5,621,44,21,main,4,class->block->function->name
2,210,rectangle_java2.jpg,rectangle_java2.jpg,807688687,80,1111.0525,650.195,1115.5,658,10,20,",",1,class->block->function->block->block_content->decl_stmt->decl->init->expr->call->argument_list
2,210,rectangle_java2.jpg,rectangle_java2.jpg,807968684,56,1143.6557142857143,657.7414285714285,1134.5,658,22,20,10,2,class->block->function->block->block_content->decl_stmt->decl->init->expr->call->argument_list->argument->expr->literal
2,210,rectangle_java2.jpg,rectangle_java2.jpg,808088526,68,1149.7435294117647,675.76,1134.5,658,22,20,10,2,class->block->function->block->block_content->decl_stmt->decl->init->expr->call->argument_list->argument->expr->literal
2,210,rectangle_java2.jpg,rectangle_java2.jpg,808212439,88,948.0531818181819,664.7645454545454,941.5,658,91,20,Rectangle,9,class->block->function->block->block_content->decl_stmt->decl->init->expr->call->name
2,210,rectangle_java2.jpg,rectangle_java2.jpg,808324552,56,940.1464285714286,641.1342857142857,920.5,621,62,21,String,6,class->block->function->parameter_list->parameter->decl->type->name->name
2,210,rectangle_java2.jpg,rectangle_java2.jpg,808849378,76,876.2426315789473,695.8005263157895,730.5,694,177,21,System.out.println,18,class->block->function->block->block_content->expr_stmt->expr->call->name->name->operator->name->operator->name
2,210,rectangle_java2.jpg,rectangle_java2.jpg,808909033,56,883.8085714285714,706.8371428571429,730.5,694,177,21,System.out.println,18,class->block->function->block->block_content->expr_stmt->expr->call->name->name->operator->name->operator->name
2,210,rectangle_java2.jpg,rectangle_java2.jpg,808968689,56,887.3707142857143,714.6028571428571,730.5,694,177,21,System.out.println,18,class->block->function->block->block_content->expr_stmt->expr->call->name->name->operator->name->operator->name
2,210,rectangle_java2.jpg,rectangle_java2.jpg,809172532,184,949.2619565217391,731.4202173913044,941.5,731,91,20,Rectangle,9,class->block->function->block->block_content->decl_stmt->decl->init->expr->call->name
2,210,rectangle_java2.jpg,rectangle_java2.jpg,809232537,56,958.5721428571428,724.0185714285715,941.5,731,91,20,Rectangle,9,class->block->function->block->block_content->decl_stmt->decl->init->expr->call->name
2,210,rectangle_java2.jpg,rectangle_java2.jpg,809392571,56,973.4442857142857,729.1521428571428,941.5,731,91,20,Rectangle,9,class->block->function->block->block_content->decl_stmt->decl->init->expr->call->name
2,210,rectangle_java2.jpg,rectangle_java2.jpg,809452575,56,987.7521428571429,739.2414285714285,941.5,731,91,20,Rectangle,9,class->block->function->block->block_content->decl_stmt->decl->init->expr->call->name
2,210,rectangle_java2.jpg,rectangle_java2.jpg,809732574,92,980.2160869565217,746.5847826086956,941.5,731,91,20,Rectangle,9,class->block->function->block->block_content->decl_stmt->decl->init->expr->call->name
2,210,rectangle_java2.jpg,rectangle_java2.jpg,809932605,128,842.478125,738.423125,826.5,731,51,20,rect2,5,class->block->function->block->block_content->decl_stmt->decl->name
2,210,rectangle_java2.jpg,rectangle_java2.jpg,810032578,96,861.47875,735.84,826.5,731,51,20,rect2,5,class->block->function->block->block_content->decl_stmt->decl->name
2,210,rectangle_java2.jpg,rectangle_java2.jpg,810228453,60,978.7473333333334,741.6613333333333,941.5,731,91,20,Rectangle,9,class->block->function->block->block_content->decl_stmt->decl->init->expr->call->name
2,210,rectangle_java2.jpg,rectangle_java2.jpg,810396476,80,819.1535,652.636,730.5,658,91,20,Rectangle,9,class->block->function->block->block_content->decl_stmt->decl->type->name
2,210,rectangle_java2.jpg,rectangle_java2.jpg,810396476,80,819.1535,652.636,826.5,658,52,20,rect1,5,class->block->function->block->block_content->decl_stmt->decl->name
2,210,rectangle_java2.jpg,rectangle_java2.jpg,810604459,160,795.52675,624.84425,738.5,621,61,21,static,6,class->block->function->type->specifier
2,210,rectangle_java2.jpg,rectangle_java2.jpg,810604459,160,795.52675,624.84425,804.5,621,44,21,void,4,class->block->function->type->name
2,210,rectangle_java2.jpg,rectangle_java2.jpg,810700451,92,784.3595652173913,622.99,738.5,621,61,21,static,6,class->block->function->type->specifier
2,210,rectangle_java2.jpg,rectangle_java2.jpg,810964406,72,891.61,691.1755555555555,730.5,694,177,21,System.out.println,18,class->block->function->block->block_content->expr_stmt->expr->call->name->name->operator->name->operator->name
2,210,rectangle_java2.jpg,rectangle_java2.jpg,811096419,80,962.8025,742.174,941.5,731,91,20,Rectangle,9,class->block->function->block->block_content->decl_stmt->decl->init->expr->call->name
2,210,rectangle_java2.jpg,rectangle_java2.jpg,811232443,64,961.45125,658.749375,941.5,658,91,20,Rectangle,9,class->block->function->block->block_content->decl_stmt->decl->init->expr->call->name
2,210,rectangle_java2.jpg,rectangle_java2.jpg,811300433,64,972.395,677.9725,941.5,658,91,20,Rectangle,9,class->block->function->block->block_content->decl_stmt->decl->init->expr->call->name
2,210,rectangle_java2.jpg,rectangle_java2.jpg,811400419,64,967.935625,651.89,941.5,658,91,20,Rectangle,9,class->block->function->block->block_content->decl_stmt->decl->init->expr->call->name
2,210,rectangle_java2.jpg,rectangle_java2.jpg,814876204,92,1035.781304347826,746.1908695652174,1041.5,731,9,20,(,1,class->block->function->block->block_content->decl_stmt->decl->init->expr->call->argument_list
2,210,rectangle_java2.jpg,rectangle_java2.jpg,815160447,72,994.7244444444444,292.65722222222223,977.5,295,23,21,y1,2,class->block->constructor->parameter_list->parameter->decl->type->name
2,210,rectangle_java2.jpg,rectangle_java2.jpg,815240364,76,986.4273684210526,290.0205263157895,977.5,295,23,21,y1,2,class->block->constructor->parameter_list->parameter->decl->type->name
2,210,rectangle_java2.jpg,rectangle_java2.jpg,815328258,84,989.2571428571429,292.97190476190474,977.5,295,23,21,y1,2,class->block->constructor->parameter_list->parameter->decl->type->name
2,210,rectangle_java2.jpg,rectangle_java2.jpg,815400177,68,989.9447058823529,286.4429411764706,977.5,295,23,21,y1,2,class->block->constructor->parameter_list->parameter->decl->type->name
2,210,rectangle_java2.jpg,rectangle_java2.jpg,815660134,104,1067.258076923077,300.2003846153846,1063.5,295,23,21,x2,2,class->block->constructor->parameter_list->parameter->decl->type->name
2,210,rectangle_java2.jpg,rectangle_java2.jpg,815768097,80,1124.761,310.079,1112.5,295,33,21,int,3,class->block->constructor->parameter_list->parameter->decl->type->name
2,210,rectangle_java2.jpg,rectangle_java2.jpg,815935906,112,861.3382142857142,401.2542857142857,856.5,404,10,19,;,1,class->block->constructor->block->block_content->expr_stmt
2,210,rectangle_java2.jpg,rectangle_java2.jpg,819207934,68,824.3176470588235,295.6547058823529,737.5,295,91,21,Rectangle,9,class->block->constructor->name
