trial,participant,code_file,code_language,timestamp,duration,x_cord,y_cord,aoi_x,aoi_y,aoi_width,aoi_height,token,length,srcML
2,23,rectangle_java2.jpg,rectangle_java2.jpg,32986130781,84,676.4442857142857,211.5009523809524,657.5,222,52,21,class,5,class
2,23,rectangle_java2.jpg,rectangle_java2.jpg,32986830866,148,638.0256756756756,231.4608108108108,589.5,222,63,21,public,6,class->specifier
2,23,rectangle_java2.jpg,rectangle_java2.jpg,32987494923,72,793.0916666666667,309.2922222222222,737.5,295,91,21,Rectangle,9,class->block->constructor->name
2,23,rectangle_java2.jpg,rectangle_java2.jpg,32987674944,100,715.9112,308.74399999999997,669.5,295,63,21,public,6,class->block->constructor->specifier
2,23,rectangle_java2.jpg,rectangle_java2.jpg,32988218764,60,706.5573333333333,267.46666666666664,669.5,259,72,21,private,7,class->block->decl_stmt->decl->type->specifier
2,23,rectangle_java2.jpg,rectangle_java2.jpg,32988510764,100,705.3108,274.2396,669.5,259,72,21,private,7,class->block->decl_stmt->decl->type->specifier
