trial,participant,code_file,code_language,timestamp,duration,x_cord,y_cord,aoi_x,aoi_y,aoi_width,aoi_height,token,length,srcML
2,28,rectangle_java2.jpg,rectangle_java2.jpg,30300391753,288,768.9309722222222,349.2552777777778,730.5,331,71,19,this.x1,7,class->block->constructor->block->block_content->expr_stmt->expr->name->name->operator->name
2,28,rectangle_java2.jpg,rectangle_java2.jpg,30300559655,140,766.3065714285715,248.16714285714284,747.5,259,33,21,int,3,class->block->decl_stmt->decl->type->name
2,28,rectangle_java2.jpg,rectangle_java2.jpg,30300955534,332,631.9460240963856,232.05542168674697,589.5,222,63,21,public,6,class->specifier
2,28,rectangle_java2.jpg,rectangle_java2.jpg,30301231540,216,757.4046296296297,227.35777777777776,715.5,222,90,21,Rectangle,9,class->name
2,28,rectangle_java2.jpg,rectangle_java2.jpg,30301543675,296,673.557972972973,227.61162162162162,657.5,222,52,21,class,5,class
2,28,rectangle_java2.jpg,rectangle_java2.jpg,30301835470,268,758.7380597014925,228.55522388059705,715.5,222,90,21,Rectangle,9,class->name
2,28,rectangle_java2.jpg,rectangle_java2.jpg,30302079496,192,722.0347916666667,278.16041666666666,669.5,259,72,21,private,7,class->block->decl_stmt->decl->type->specifier
2,28,rectangle_java2.jpg,rectangle_java2.jpg,30302327520,104,696.1946153846154,285.9730769230769,669.5,295,63,21,public,6,class->block->constructor->specifier
2,28,rectangle_java2.jpg,rectangle_java2.jpg,30302527494,160,798.82875,283.43025,737.5,295,91,21,Rectangle,9,class->block->constructor->name
2,28,rectangle_java2.jpg,rectangle_java2.jpg,30302599491,68,803.184705882353,282.57,737.5,295,91,21,Rectangle,9,class->block->constructor->name
2,28,rectangle_java2.jpg,rectangle_java2.jpg,30302883177,60,782.3253333333333,286.086,737.5,295,91,21,Rectangle,9,class->block->constructor->name
2,28,rectangle_java2.jpg,rectangle_java2.jpg,30303003198,116,789.091724137931,286.04241379310344,737.5,295,91,21,Rectangle,9,class->block->constructor->name
2,28,rectangle_java2.jpg,rectangle_java2.jpg,30303239333,136,875.94,271.715,881.5,259,23,21,x2,2,class->block->decl_stmt->decl->name
2,28,rectangle_java2.jpg,rectangle_java2.jpg,30303463357,96,837.92,271.51416666666665,833.5,259,23,21,y1,2,class->block->decl_stmt->decl->name
2,28,rectangle_java2.jpg,rectangle_java2.jpg,30304107391,172,729.3476744186047,268.21906976744185,669.5,259,72,21,private,7,class->block->decl_stmt->decl->type->specifier
2,28,rectangle_java2.jpg,rectangle_java2.jpg,30304415360,268,800.7977611940298,263.4753731343284,785.5,259,23,21,x1,2,class->block->decl_stmt->decl->name
2,28,rectangle_java2.jpg,rectangle_java2.jpg,30304539332,120,797.0683333333334,265.451,785.5,259,23,21,x1,2,class->block->decl_stmt->decl->name
2,28,rectangle_java2.jpg,rectangle_java2.jpg,30304643265,56,681.7392857142856,299.5057142857143,669.5,295,63,21,public,6,class->block->constructor->specifier
2,28,rectangle_java2.jpg,rectangle_java2.jpg,30304751162,104,676.76,294.6907692307692,669.5,295,63,21,public,6,class->block->constructor->specifier
2,28,rectangle_java2.jpg,rectangle_java2.jpg,30304935169,92,750.4113043478261,305.0504347826087,737.5,295,91,21,Rectangle,9,class->block->constructor->name
2,28,rectangle_java2.jpg,rectangle_java2.jpg,30305047210,108,752.7788888888889,293.8977777777778,737.5,295,91,21,Rectangle,9,class->block->constructor->name
2,28,rectangle_java2.jpg,rectangle_java2.jpg,30305167229,96,807.3691666666666,293.1066666666667,737.5,295,91,21,Rectangle,9,class->block->constructor->name
2,28,rectangle_java2.jpg,rectangle_java2.jpg,30305387209,148,812.7308108108108,283.4010810810811,737.5,295,91,21,Rectangle,9,class->block->constructor->name
2,28,rectangle_java2.jpg,rectangle_java2.jpg,30305583200,152,751.0957894736842,301.1297368421053,737.5,295,91,21,Rectangle,9,class->block->constructor->name
2,28,rectangle_java2.jpg,rectangle_java2.jpg,30305811223,120,894.743,287.173,890.5,295,24,21,x1,2,class->block->constructor->parameter_list->parameter->decl->type->name
2,28,rectangle_java2.jpg,rectangle_java2.jpg,30305907235,92,887.0169565217391,286.69217391304346,890.5,295,24,21,x1,2,class->block->constructor->parameter_list->parameter->decl->type->name
2,28,rectangle_java2.jpg,rectangle_java2.jpg,30306087222,140,833.6497142857143,291.57,837.5,295,9,21,(,1,class->block->constructor->parameter_list
2,28,rectangle_java2.jpg,rectangle_java2.jpg,30306355171,240,898.7291666666666,283.9105,890.5,295,24,21,x1,2,class->block->constructor->parameter_list->parameter->decl->type->name
2,28,rectangle_java2.jpg,rectangle_java2.jpg,30306527083,104,1133.7796153846155,291.695,1112.5,295,33,21,int,3,class->block->constructor->parameter_list->parameter->decl->type->name
2,28,rectangle_java2.jpg,rectangle_java2.jpg,30306710955,136,805.8185294117648,326.1391176470588,806.5,331,15,19,=,1,class->block->constructor->block->block_content->expr_stmt->expr->operator
2,28,rectangle_java2.jpg,rectangle_java2.jpg,30307123045,328,751.0565853658536,337.79731707317075,730.5,331,71,19,this.x1,7,class->block->constructor->block->block_content->expr_stmt->expr->name->name->operator->name
2,28,rectangle_java2.jpg,rectangle_java2.jpg,30307243064,116,750.643448275862,340.4603448275862,730.5,331,71,19,this.x1,7,class->block->constructor->block->block_content->expr_stmt->expr->name->name->operator->name
2,28,rectangle_java2.jpg,rectangle_java2.jpg,30307399069,152,753.2565789473684,347.59026315789475,730.5,331,71,19,this.x1,7,class->block->constructor->block->block_content->expr_stmt->expr->name->name->operator->name
2,28,rectangle_java2.jpg,rectangle_java2.jpg,30307655079,200,814.7724,347.054,806.5,331,15,19,=,1,class->block->constructor->block->block_content->expr_stmt->expr->operator
2,28,rectangle_java2.jpg,rectangle_java2.jpg,30307655079,200,814.7724,347.054,826.5,331,23,19,x1,2,class->block->constructor->block->block_content->expr_stmt->expr->name->name
2,28,rectangle_java2.jpg,rectangle_java2.jpg,30307827062,144,905.2838888888889,297.81194444444446,890.5,295,24,21,x1,2,class->block->constructor->parameter_list->parameter->decl->type->name
2,28,rectangle_java2.jpg,rectangle_java2.jpg,30307963057,132,904.8551515151515,299.88,890.5,295,24,21,x1,2,class->block->constructor->parameter_list->parameter->decl->type->name
2,28,rectangle_java2.jpg,rectangle_java2.jpg,30308091079,72,680.6044444444444,301.8433333333333,669.5,295,63,21,public,6,class->block->constructor->specifier
2,28,rectangle_java2.jpg,rectangle_java2.jpg,30308179133,84,682.7214285714285,309.46285714285716,669.5,295,63,21,public,6,class->block->constructor->specifier
2,28,rectangle_java2.jpg,rectangle_java2.jpg,30308247176,64,681.796875,298.7575,669.5,295,63,21,public,6,class->block->constructor->specifier
2,28,rectangle_java2.jpg,rectangle_java2.jpg,30308343117,84,779.797619047619,307.9252380952381,737.5,295,91,21,Rectangle,9,class->block->constructor->name
2,28,rectangle_java2.jpg,rectangle_java2.jpg,30308454969,108,782.0692592592593,307.06481481481484,737.5,295,91,21,Rectangle,9,class->block->constructor->name
2,28,rectangle_java2.jpg,rectangle_java2.jpg,30308682892,124,773.3429032258065,319.74806451612903,730.5,331,71,19,this.x1,7,class->block->constructor->block->block_content->expr_stmt->expr->name->name->operator->name
2,28,rectangle_java2.jpg,rectangle_java2.jpg,30308774916,68,730.8488235294118,304.56235294117647,669.5,295,63,21,public,6,class->block->constructor->specifier
2,28,rectangle_java2.jpg,rectangle_java2.jpg,30308774916,68,730.8488235294118,304.56235294117647,737.5,295,91,21,Rectangle,9,class->block->constructor->name
2,28,rectangle_java2.jpg,rectangle_java2.jpg,30308894946,116,731.3658620689655,296.5751724137931,669.5,295,63,21,public,6,class->block->constructor->specifier
2,28,rectangle_java2.jpg,rectangle_java2.jpg,30308894946,116,731.3658620689655,296.5751724137931,737.5,295,91,21,Rectangle,9,class->block->constructor->name
2,28,rectangle_java2.jpg,rectangle_java2.jpg,30309058944,136,687.8573529411765,301.54205882352943,669.5,295,63,21,public,6,class->block->constructor->specifier
2,28,rectangle_java2.jpg,rectangle_java2.jpg,30309158961,96,688.4404166666667,304.2425,669.5,295,63,21,public,6,class->block->constructor->specifier
2,28,rectangle_java2.jpg,rectangle_java2.jpg,30309431017,236,781.5362711864407,305.76525423728816,737.5,295,91,21,Rectangle,9,class->block->constructor->name
2,28,rectangle_java2.jpg,rectangle_java2.jpg,30309535002,100,770.686,302.3268,737.5,295,91,21,Rectangle,9,class->block->constructor->name
2,28,rectangle_java2.jpg,rectangle_java2.jpg,30309638924,100,779.176,313.7748,737.5,295,91,21,Rectangle,9,class->block->constructor->name
2,28,rectangle_java2.jpg,rectangle_java2.jpg,30309906960,264,775.584696969697,307.38545454545454,737.5,295,91,21,Rectangle,9,class->block->constructor->name
2,28,rectangle_java2.jpg,rectangle_java2.jpg,30310262950,104,809.9092307692308,308.0369230769231,737.5,295,91,21,Rectangle,9,class->block->constructor->name
2,28,rectangle_java2.jpg,rectangle_java2.jpg,30310394878,128,810.191875,319.2459375,806.5,331,15,19,=,1,class->block->constructor->block->block_content->expr_stmt->expr->operator
2,28,rectangle_java2.jpg,rectangle_java2.jpg,30310662804,160,1033.28375,307.4275,1025.5,295,33,21,int,3,class->block->constructor->parameter_list->parameter->decl->type->name
2,28,rectangle_java2.jpg,rectangle_java2.jpg,30310938748,164,878.9982926829268,289.87536585365854,853.5,295,32,21,int,3,class->block->constructor->parameter_list->parameter->decl->type->name
2,28,rectangle_java2.jpg,rectangle_java2.jpg,30310938748,164,878.9982926829268,289.87536585365854,890.5,295,24,21,x1,2,class->block->constructor->parameter_list->parameter->decl->type->name
2,28,rectangle_java2.jpg,rectangle_java2.jpg,30311038776,96,869.02125,287.27875,853.5,295,32,21,int,3,class->block->constructor->parameter_list->parameter->decl->type->name
2,28,rectangle_java2.jpg,rectangle_java2.jpg,30311198791,156,866.9002564102564,283.3417948717949,853.5,295,32,21,int,3,class->block->constructor->parameter_list->parameter->decl->type->name
2,28,rectangle_java2.jpg,rectangle_java2.jpg,30311334795,92,742.3026086956522,320.2217391304348,730.5,331,71,19,this.x1,7,class->block->constructor->block->block_content->expr_stmt->expr->name->name->operator->name
2,28,rectangle_java2.jpg,rectangle_java2.jpg,30311486732,148,753.9816216216216,320.2791891891892,730.5,331,71,19,this.x1,7,class->block->constructor->block->block_content->expr_stmt->expr->name->name->operator->name
2,28,rectangle_java2.jpg,rectangle_java2.jpg,30311546737,56,740.5471428571428,328.3592857142857,730.5,331,71,19,this.x1,7,class->block->constructor->block->block_content->expr_stmt->expr->name->name->operator->name
2,28,rectangle_java2.jpg,rectangle_java2.jpg,30311606771,56,713.145,305.7685714285714,669.5,295,63,21,public,6,class->block->constructor->specifier
2,28,rectangle_java2.jpg,rectangle_java2.jpg,30311758822,148,708.0578378378378,297.1589189189189,669.5,295,63,21,public,6,class->block->constructor->specifier
2,28,rectangle_java2.jpg,rectangle_java2.jpg,30311914817,128,798.728125,290.865625,737.5,295,91,21,Rectangle,9,class->block->constructor->name
2,28,rectangle_java2.jpg,rectangle_java2.jpg,30312038772,120,801.9706666666667,285.84933333333333,737.5,295,91,21,Rectangle,9,class->block->constructor->name
2,28,rectangle_java2.jpg,rectangle_java2.jpg,30312614578,356,703.171011235955,293.0515730337079,669.5,295,63,21,public,6,class->block->constructor->specifier
2,28,rectangle_java2.jpg,rectangle_java2.jpg,30312690667,64,795.0275,299.108125,737.5,295,91,21,Rectangle,9,class->block->constructor->name
2,28,rectangle_java2.jpg,rectangle_java2.jpg,30312798696,104,790.8373076923077,291.2103846153846,737.5,295,91,21,Rectangle,9,class->block->constructor->name
2,28,rectangle_java2.jpg,rectangle_java2.jpg,30312866714,64,790.6575,298.485,737.5,295,91,21,Rectangle,9,class->block->constructor->name
2,28,rectangle_java2.jpg,rectangle_java2.jpg,30312942711,72,787.1416666666667,289.8511111111111,737.5,295,91,21,Rectangle,9,class->block->constructor->name
2,28,rectangle_java2.jpg,rectangle_java2.jpg,30313170712,120,789.7653333333333,349.39,730.5,331,71,19,this.x1,7,class->block->constructor->block->block_content->expr_stmt->expr->name->name->operator->name
2,28,rectangle_java2.jpg,rectangle_java2.jpg,30313358776,116,749.553448275862,358.0762068965517,730.5,367,71,21,this.y1,7,class->block->constructor->block->block_content->expr_stmt->expr->name->name->operator->name
2,28,rectangle_java2.jpg,rectangle_java2.jpg,30313434744,72,740.8616666666667,335.6816666666667,730.5,331,71,19,this.x1,7,class->block->constructor->block->block_content->expr_stmt->expr->name->name->operator->name
2,28,rectangle_java2.jpg,rectangle_java2.jpg,30313494711,56,742.75,349.2885714285714,730.5,331,71,19,this.x1,7,class->block->constructor->block->block_content->expr_stmt->expr->name->name->operator->name
2,28,rectangle_java2.jpg,rectangle_java2.jpg,30313554691,56,743.3335714285714,342.64142857142855,730.5,331,71,19,this.x1,7,class->block->constructor->block->block_content->expr_stmt->expr->name->name->operator->name
2,28,rectangle_java2.jpg,rectangle_java2.jpg,30313986671,64,779.818125,349.4575,730.5,331,71,19,this.x1,7,class->block->constructor->block->block_content->expr_stmt->expr->name->name->operator->name
2,28,rectangle_java2.jpg,rectangle_java2.jpg,30314062581,72,785.3733333333333,330.43555555555554,730.5,331,71,19,this.x1,7,class->block->constructor->block->block_content->expr_stmt->expr->name->name->operator->name
2,28,rectangle_java2.jpg,rectangle_java2.jpg,30314274441,172,836.2520930232558,357.79162790697677,826.5,367,23,21,y1,2,class->block->constructor->block->block_content->expr_stmt->expr->name->name
2,28,rectangle_java2.jpg,rectangle_java2.jpg,30314342475,64,836.84625,360.125625,826.5,367,23,21,y1,2,class->block->constructor->block->block_content->expr_stmt->expr->name->name
2,28,rectangle_java2.jpg,rectangle_java2.jpg,30314442519,96,834.01375,341.79541666666665,826.5,331,23,19,x1,2,class->block->constructor->block->block_content->expr_stmt->expr->name->name
2,28,rectangle_java2.jpg,rectangle_java2.jpg,30314762578,256,733.7940625,438.57046875000003,730.5,440,71,21,this.y2,7,class->block->constructor->block->block_content->expr_stmt->expr->name->name->operator->name
2,28,rectangle_java2.jpg,rectangle_java2.jpg,30314886533,72,753.1288888888889,269.3161111111111,747.5,259,33,21,int,3,class->block->decl_stmt->decl->type->name
2,28,rectangle_java2.jpg,rectangle_java2.jpg,30314986512,96,740.5170833333333,273.0833333333333,669.5,259,72,21,private,7,class->block->decl_stmt->decl->type->specifier
2,28,rectangle_java2.jpg,rectangle_java2.jpg,30314986512,96,740.5170833333333,273.0833333333333,747.5,259,33,21,int,3,class->block->decl_stmt->decl->type->name
2,28,rectangle_java2.jpg,rectangle_java2.jpg,30315182514,152,807.7863157894736,505.9910526315789,775.5,512,53,21,width,5,class->block->function->name
2,28,rectangle_java2.jpg,rectangle_java2.jpg,30315986456,196,823.0579591836735,441.47,826.5,440,23,21,y2,2,class->block->constructor->block->block_content->expr_stmt->expr->name->name
2,28,rectangle_java2.jpg,rectangle_java2.jpg,30316246355,236,676.5328813559322,559.4808474576271,669.5,549,63,21,public,6,class->block->function->type->specifier
2,28,rectangle_java2.jpg,rectangle_java2.jpg,30316362387,88,760.1059090909091,542.8513636363637,737.5,549,33,21,int,3,class->block->function->type->name
2,28,rectangle_java2.jpg,rectangle_java2.jpg,30316522417,156,768.3171794871795,543.2735897435897,737.5,549,33,21,int,3,class->block->function->type->name
2,28,rectangle_java2.jpg,rectangle_java2.jpg,30316522417,156,768.3171794871795,543.2735897435897,775.5,549,62,21,height,6,class->block->function->name
2,28,rectangle_java2.jpg,rectangle_java2.jpg,30316598430,72,743.6816666666666,537.3327777777778,737.5,549,33,21,int,3,class->block->function->type->name
2,28,rectangle_java2.jpg,rectangle_java2.jpg,30316710445,108,742.9933333333333,537.0622222222222,737.5,549,33,21,int,3,class->block->function->type->name
2,28,rectangle_java2.jpg,rectangle_java2.jpg,30316782451,68,732.435294117647,554.6976470588236,669.5,549,63,21,public,6,class->block->function->type->specifier
2,28,rectangle_java2.jpg,rectangle_java2.jpg,30316782451,68,732.435294117647,554.6976470588236,737.5,549,33,21,int,3,class->block->function->type->name
2,28,rectangle_java2.jpg,rectangle_java2.jpg,30316942513,128,798.0862500000001,539.165,775.5,549,62,21,height,6,class->block->function->name
2,28,rectangle_java2.jpg,rectangle_java2.jpg,30317166629,220,793.6729090909091,547.4294545454545,775.5,549,62,21,height,6,class->block->function->name
2,28,rectangle_java2.jpg,rectangle_java2.jpg,30317406480,236,791.2576271186441,544.9933898305085,775.5,549,62,21,height,6,class->block->function->name
2,28,rectangle_java2.jpg,rectangle_java2.jpg,30317602437,56,857.3792857142857,532.1871428571428,854.5,512,9,21,),1,class->block->function->parameter_list
2,28,rectangle_java2.jpg,rectangle_java2.jpg,30317790414,56,942.4514285714286,540.1028571428571,900.5,549,63,21,return,6,class->block->function->block->block_content->return
2,28,rectangle_java2.jpg,rectangle_java2.jpg,30318002329,156,897.8412820512821,532.8028205128205,891.5,512,62,21,return,6,class->block->function->block->block_content->return->expr->name->name
2,28,rectangle_java2.jpg,rectangle_java2.jpg,30318478295,192,1028.1729166666667,531.2120833333333,958.5,512,71,21,this.x2,7,class->block->function->block->block_content->return->expr->name->name->operator->name->operator
2,28,rectangle_java2.jpg,rectangle_java2.jpg,30318478295,192,1028.1729166666667,531.2120833333333,1035.5,512,13,21,-,1,class->block->function->block->block_content->return->expr->name->name
2,28,rectangle_java2.jpg,rectangle_java2.jpg,30318594257,112,1023.6767857142858,545.2457142857143,968.5,549,70,21,this.y2,7,class->block->function->block->block_content->return->expr->name->name->operator->name
2,28,rectangle_java2.jpg,rectangle_java2.jpg,30318698231,56,1112.0064285714286,540.5442857142857,1064.5,549,71,21,this.y1,7,class->block->function->block->block_content->return->expr->name->name->operator->name
2,28,rectangle_java2.jpg,rectangle_java2.jpg,30318758245,56,1116.3007142857143,541.0421428571428,1064.5,549,71,21,this.y1,7,class->block->function->block->block_content->return->expr->name->name->operator->name
2,28,rectangle_java2.jpg,rectangle_java2.jpg,30318858267,96,1119.9558333333334,547.6108333333333,1064.5,549,71,21,this.y1,7,class->block->function->block->block_content->return->expr->name->name->operator->name
2,28,rectangle_java2.jpg,rectangle_java2.jpg,30319178087,244,731.3811475409836,568.7303278688524,669.5,549,63,21,public,6,class->block->function->type->specifier
2,28,rectangle_java2.jpg,rectangle_java2.jpg,30319178087,244,731.3811475409836,568.7303278688524,737.5,549,33,21,int,3,class->block->function->type->name
2,28,rectangle_java2.jpg,rectangle_java2.jpg,30319390257,160,819.13175,572.5675,804.5,585,43,21,area,4,class->block->function->name
2,28,rectangle_java2.jpg,rectangle_java2.jpg,30319586277,192,794.3089583333333,576.4583333333334,737.5,585,62,21,double,6,class->block->function->type->name
2,28,rectangle_java2.jpg,rectangle_java2.jpg,30319586277,192,794.3089583333333,576.4583333333334,804.5,585,43,21,area,4,class->block->function->name
2,28,rectangle_java2.jpg,rectangle_java2.jpg,30319698305,108,792.8955555555556,580.9288888888889,737.5,585,62,21,double,6,class->block->function->type->name
2,28,rectangle_java2.jpg,rectangle_java2.jpg,30319698305,108,792.8955555555556,580.9288888888889,804.5,585,43,21,area,4,class->block->function->name
2,28,rectangle_java2.jpg,rectangle_java2.jpg,30319934373,184,744.1419565217391,628.4945652173913,738.5,621,61,21,static,6,class->block->function->type->specifier
2,28,rectangle_java2.jpg,rectangle_java2.jpg,30320058179,68,679.5082352941176,631.0841176470589,669.5,621,63,21,public,6,class->block->function->type->specifier
2,28,rectangle_java2.jpg,rectangle_java2.jpg,30320282145,168,811.129761904762,620.577380952381,804.5,621,44,21,void,4,class->block->function->type->name
2,28,rectangle_java2.jpg,rectangle_java2.jpg,30320362137,76,810.6547368421053,624.6326315789473,804.5,621,44,21,void,4,class->block->function->type->name
2,28,rectangle_java2.jpg,rectangle_java2.jpg,30320458122,92,784.405652173913,630.3352173913044,738.5,621,61,21,static,6,class->block->function->type->specifier
2,28,rectangle_java2.jpg,rectangle_java2.jpg,30320730152,180,1027.622,619.8293333333334,1025.5,621,42,21,args,4,class->block->function->parameter_list->parameter->decl->name
2,28,rectangle_java2.jpg,rectangle_java2.jpg,30321002176,240,941.6195,617.7188333333334,920.5,621,62,21,String,6,class->block->function->parameter_list->parameter->decl->type->name->name
2,28,rectangle_java2.jpg,rectangle_java2.jpg,30321170147,156,1092.8241025641025,619.8438461538461,1094.5,621,10,21,{,1,class->block->function->block
2,28,rectangle_java2.jpg,rectangle_java2.jpg,30322421994,296,1075.82,579.8605405405406,977.5,585,101,21,this.width,10,class->block->function->block->block_content->return->expr->call->name->name->operator->name
2,28,rectangle_java2.jpg,rectangle_java2.jpg,30322421994,296,1075.82,579.8605405405406,1086.5,585,10,21,(,1,class->block->function->block->block_content->return->expr->call->argument_list
2,28,rectangle_java2.jpg,rectangle_java2.jpg,30322513979,88,1077.6909090909091,578.7486363636364,977.5,585,101,21,this.width,10,class->block->function->block->block_content->return->expr->call->name->name->operator->name
2,28,rectangle_java2.jpg,rectangle_java2.jpg,30322513979,88,1077.6909090909091,578.7486363636364,1086.5,585,10,21,(,1,class->block->function->block->block_content->return->expr->call->argument_list
2,28,rectangle_java2.jpg,rectangle_java2.jpg,30322793986,252,1029.2736507936509,578.5334920634921,977.5,585,101,21,this.width,10,class->block->function->block->block_content->return->expr->call->name->name->operator->name
2,28,rectangle_java2.jpg,rectangle_java2.jpg,30323050001,176,1113.750909090909,577.9588636363636,1122.5,585,12,21,*,1,class->block->function->block->block_content->return->expr->operator
2,28,rectangle_java2.jpg,rectangle_java2.jpg,30323302018,248,1092.9006451612904,581.9432258064517,1086.5,585,10,21,(,1,class->block->function->block->block_content->return->expr->call->argument_list
2,28,rectangle_java2.jpg,rectangle_java2.jpg,30323302018,248,1092.9006451612904,581.9432258064517,1103.5,585,9,21,),1,class->block->function->block->block_content->return->expr->call->argument_list
2,28,rectangle_java2.jpg,rectangle_java2.jpg,30323413980,108,1092.3207407407408,576.0833333333334,1086.5,585,10,21,(,1,class->block->function->block->block_content->return->expr->call->argument_list
2,28,rectangle_java2.jpg,rectangle_java2.jpg,30323413980,108,1092.3207407407408,576.0833333333334,1103.5,585,9,21,),1,class->block->function->block->block_content->return->expr->call->argument_list
2,28,rectangle_java2.jpg,rectangle_java2.jpg,30323753801,304,1122.7159210526315,580.4406578947369,1122.5,585,12,21,*,1,class->block->function->block->block_content->return->expr->operator
2,28,rectangle_java2.jpg,rectangle_java2.jpg,30323985878,168,1043.2204761904761,556.4547619047619,1045.5,549,13,21,-,1,class->block->function->block->block_content->return->expr->operator
2,28,rectangle_java2.jpg,rectangle_java2.jpg,30324109867,80,928.4035,531.626,891.5,512,62,21,return,6,class->block->function->block->block_content->return->expr->name->name
2,28,rectangle_java2.jpg,rectangle_java2.jpg,30324309867,196,929.0967346938776,539.0657142857143,900.5,549,63,21,return,6,class->block->function->block->block_content->return
2,28,rectangle_java2.jpg,rectangle_java2.jpg,30324393867,68,992.3188235294117,538.7670588235294,968.5,549,70,21,this.y2,7,class->block->function->block->block_content->return->expr->name->name->operator->name
2,28,rectangle_java2.jpg,rectangle_java2.jpg,30324609902,108,980.3262962962963,539.0962962962963,968.5,549,70,21,this.y2,7,class->block->function->block->block_content->return->expr->name->name->operator->name
2,28,rectangle_java2.jpg,rectangle_java2.jpg,30324669892,56,974.5278571428571,547.815,968.5,549,70,21,this.y2,7,class->block->function->block->block_content->return->expr->name->name->operator->name
2,28,rectangle_java2.jpg,rectangle_java2.jpg,30324865893,160,992.68075,537.378,968.5,549,70,21,this.y2,7,class->block->function->block->block_content->return->expr->name->name->operator->name
2,28,rectangle_java2.jpg,rectangle_java2.jpg,30324985950,80,1019.683,542.3575,968.5,549,70,21,this.y2,7,class->block->function->block->block_content->return->expr->name->name->operator->name
2,28,rectangle_java2.jpg,rectangle_java2.jpg,30325185902,64,992.523125,521.519375,958.5,512,71,21,this.x2,7,class->block->function->block->block_content->return->expr->name->name->operator->name->operator
2,28,rectangle_java2.jpg,rectangle_java2.jpg,30325249869,60,991.0213333333334,538.356,968.5,549,70,21,this.y2,7,class->block->function->block->block_content->return->expr->name->name->operator->name
2,28,rectangle_java2.jpg,rectangle_java2.jpg,30325509741,156,1021.1484615384616,545.6848717948718,968.5,549,70,21,this.y2,7,class->block->function->block->block_content->return->expr->name->name->operator->name
2,28,rectangle_java2.jpg,rectangle_java2.jpg,30325649738,92,1112.4204347826087,554.1908695652174,1064.5,549,71,21,this.y1,7,class->block->function->block->block_content->return->expr->name->name->operator->name
2,28,rectangle_java2.jpg,rectangle_java2.jpg,30325741730,88,1104.8445454545454,544.1831818181818,1064.5,549,71,21,this.y1,7,class->block->function->block->block_content->return->expr->name->name->operator->name
2,28,rectangle_java2.jpg,rectangle_java2.jpg,30325825723,80,1075.389,540.2195,1064.5,549,71,21,this.y1,7,class->block->function->block->block_content->return->expr->name->name->operator->name
2,28,rectangle_java2.jpg,rectangle_java2.jpg,30326009675,64,1068.5425,544.27,1064.5,549,71,21,this.y1,7,class->block->function->block->block_content->return->expr->name->name->operator->name
2,28,rectangle_java2.jpg,rectangle_java2.jpg,30326101677,56,1121.5535714285713,557.5621428571428,1064.5,549,71,21,this.y1,7,class->block->function->block->block_content->return->expr->name->name->operator->name
2,28,rectangle_java2.jpg,rectangle_java2.jpg,30326169691,64,1118.295625,561.89875,1064.5,549,71,21,this.y1,7,class->block->function->block->block_content->return->expr->name->name->operator->name
2,28,rectangle_java2.jpg,rectangle_java2.jpg,30326397706,148,788.3559459459459,546.7508108108108,775.5,549,62,21,height,6,class->block->function->name
2,28,rectangle_java2.jpg,rectangle_java2.jpg,30326481694,80,784.1295,551.739,775.5,549,62,21,height,6,class->block->function->name
2,28,rectangle_java2.jpg,rectangle_java2.jpg,30326645683,132,730.02,552.2112121212122,669.5,549,63,21,public,6,class->block->function->type->specifier
2,28,rectangle_java2.jpg,rectangle_java2.jpg,30326645683,132,730.02,552.2112121212122,737.5,549,33,21,int,3,class->block->function->type->name
2,28,rectangle_java2.jpg,rectangle_java2.jpg,30326745646,64,791.274375,538.5775,775.5,549,62,21,height,6,class->block->function->name
2,28,rectangle_java2.jpg,rectangle_java2.jpg,30327565592,112,1246.212857142857,600.7721428571429,1140.5,585,110,21,this.height,11,class->block->function->block->block_content->return->expr->call->name->name->operator->name
2,28,rectangle_java2.jpg,rectangle_java2.jpg,30327929594,144,730.2261111111111,668.6225000000001,730.5,658,91,20,Rectangle,9,class->block->function->block->block_content->decl_stmt->decl->type->name
2,28,rectangle_java2.jpg,rectangle_java2.jpg,30328265579,108,787.1377777777777,649.7051851851852,730.5,658,91,20,Rectangle,9,class->block->function->block->block_content->decl_stmt->decl->type->name
2,28,rectangle_java2.jpg,rectangle_java2.jpg,30328329580,60,791.0866666666667,654.258,730.5,658,91,20,Rectangle,9,class->block->function->block->block_content->decl_stmt->decl->type->name
2,28,rectangle_java2.jpg,rectangle_java2.jpg,30328513607,148,748.3421621621621,650.7505405405406,730.5,658,91,20,Rectangle,9,class->block->function->block->block_content->decl_stmt->decl->type->name
2,28,rectangle_java2.jpg,rectangle_java2.jpg,30328585605,68,752.4705882352941,653.525294117647,730.5,658,91,20,Rectangle,9,class->block->function->block->block_content->decl_stmt->decl->type->name
2,28,rectangle_java2.jpg,rectangle_java2.jpg,30328769584,180,775.4348888888888,647.7113333333333,730.5,658,91,20,Rectangle,9,class->block->function->block->block_content->decl_stmt->decl->type->name
2,28,rectangle_java2.jpg,rectangle_java2.jpg,30328865565,84,871.182380952381,645.7328571428571,826.5,658,52,20,rect1,5,class->block->function->block->block_content->decl_stmt->decl->name
2,28,rectangle_java2.jpg,rectangle_java2.jpg,30328865565,84,871.182380952381,645.7328571428571,883.5,658,15,20,=,1,class->block->function->block->block_content->decl_stmt->decl->init
2,28,rectangle_java2.jpg,rectangle_java2.jpg,30328997587,128,875.104375,647.601875,826.5,658,52,20,rect1,5,class->block->function->block->block_content->decl_stmt->decl->name
2,28,rectangle_java2.jpg,rectangle_java2.jpg,30328997587,128,875.104375,647.601875,883.5,658,15,20,=,1,class->block->function->block->block_content->decl_stmt->decl->init
2,28,rectangle_java2.jpg,rectangle_java2.jpg,30329061601,60,840.094,650.2426666666667,826.5,658,52,20,rect1,5,class->block->function->block->block_content->decl_stmt->decl->name
2,28,rectangle_java2.jpg,rectangle_java2.jpg,30329277213,212,834.3841509433962,653.4569811320755,826.5,658,52,20,rect1,5,class->block->function->block->block_content->decl_stmt->decl->name
2,28,rectangle_java2.jpg,rectangle_java2.jpg,30329477438,188,988.6244680851064,651.2036170212766,941.5,658,91,20,Rectangle,9,class->block->function->block->block_content->decl_stmt->decl->init->expr->call->name
2,28,rectangle_java2.jpg,rectangle_java2.jpg,30329717498,208,940.4582692307692,651.4748076923076,941.5,658,91,20,Rectangle,9,class->block->function->block->block_content->decl_stmt->decl->init->expr->call->name
2,28,rectangle_java2.jpg,rectangle_java2.jpg,30329805638,84,943.9866666666667,647.4461904761905,941.5,658,91,20,Rectangle,9,class->block->function->block->block_content->decl_stmt->decl->init->expr->call->name
2,28,rectangle_java2.jpg,rectangle_java2.jpg,30330189428,340,1045.0031764705882,649.8945882352941,1041.5,658,9,20,(,1,class->block->function->block->block_content->decl_stmt->decl->init->expr->call->argument_list
2,28,rectangle_java2.jpg,rectangle_java2.jpg,30330189428,340,1045.0031764705882,649.8945882352941,1057.5,658,13,20,0,1,class->block->function->block->block_content->decl_stmt->decl->init->expr->call->argument_list->argument->expr->literal
2,28,rectangle_java2.jpg,rectangle_java2.jpg,30330273402,80,1050.9545,654.568,1057.5,658,13,20,0,1,class->block->function->block->block_content->decl_stmt->decl->init->expr->call->argument_list->argument->expr->literal
2,28,rectangle_java2.jpg,rectangle_java2.jpg,30330461378,184,1062.2610869565217,649.914347826087,1057.5,658,13,20,0,1,class->block->function->block->block_content->decl_stmt->decl->init->expr->call->argument_list->argument->expr->literal
2,28,rectangle_java2.jpg,rectangle_java2.jpg,30330665441,160,1029.25325,655.46275,941.5,658,91,20,Rectangle,9,class->block->function->block->block_content->decl_stmt->decl->init->expr->call->name
2,28,rectangle_java2.jpg,rectangle_java2.jpg,30330665441,160,1029.25325,655.46275,1041.5,658,9,20,(,1,class->block->function->block->block_content->decl_stmt->decl->init->expr->call->argument_list
2,28,rectangle_java2.jpg,rectangle_java2.jpg,30331033230,276,753.704347826087,689.0324637681159,730.5,694,177,21,System.out.println,18,class->block->function->block->block_content->expr_stmt->expr->call->name->name->operator->name->operator->name
2,28,rectangle_java2.jpg,rectangle_java2.jpg,30331181195,144,746.0486111111111,691.7372222222223,730.5,694,177,21,System.out.println,18,class->block->function->block->block_content->expr_stmt->expr->call->name->name->operator->name->operator->name
2,28,rectangle_java2.jpg,rectangle_java2.jpg,30331309296,112,833.5585714285714,687.5578571428572,730.5,694,177,21,System.out.println,18,class->block->function->block->block_content->expr_stmt->expr->call->name->name->operator->name->operator->name
2,28,rectangle_java2.jpg,rectangle_java2.jpg,30331369306,56,834.5278571428571,687.4685714285714,730.5,694,177,21,System.out.println,18,class->block->function->block->block_content->expr_stmt->expr->call->name->name->operator->name->operator->name
2,28,rectangle_java2.jpg,rectangle_java2.jpg,30331657314,104,795.973076923077,690.5388461538462,730.5,694,177,21,System.out.println,18,class->block->function->block->block_content->expr_stmt->expr->call->name->name->operator->name->operator->name
2,28,rectangle_java2.jpg,rectangle_java2.jpg,30331857302,164,757.2117073170732,685.3475609756098,730.5,694,177,21,System.out.println,18,class->block->function->block->block_content->expr_stmt->expr->call->name->name->operator->name->operator->name
2,28,rectangle_java2.jpg,rectangle_java2.jpg,30332141540,260,860.2213846153846,669.0896923076923,826.5,658,52,20,rect1,5,class->block->function->block->block_content->decl_stmt->decl->name
2,28,rectangle_java2.jpg,rectangle_java2.jpg,30332657332,464,775.1889655172414,659.315775862069,730.5,658,91,20,Rectangle,9,class->block->function->block->block_content->decl_stmt->decl->type->name
2,28,rectangle_java2.jpg,rectangle_java2.jpg,30332757317,96,775.1829166666666,652.02125,730.5,658,91,20,Rectangle,9,class->block->function->block->block_content->decl_stmt->decl->type->name
2,28,rectangle_java2.jpg,rectangle_java2.jpg,30332901152,140,825.2408571428572,655.9382857142857,826.5,658,52,20,rect1,5,class->block->function->block->block_content->decl_stmt->decl->name
2,28,rectangle_java2.jpg,rectangle_java2.jpg,30333013102,108,834.7185185185185,662.4866666666667,826.5,658,52,20,rect1,5,class->block->function->block->block_content->decl_stmt->decl->name
2,28,rectangle_java2.jpg,rectangle_java2.jpg,30333505175,108,991.0462962962963,673.2237037037037,941.5,658,91,20,Rectangle,9,class->block->function->block->block_content->decl_stmt->decl->init->expr->call->name
2,28,rectangle_java2.jpg,rectangle_java2.jpg,30333589169,80,991.776,668.804,941.5,658,91,20,Rectangle,9,class->block->function->block->block_content->decl_stmt->decl->init->expr->call->name
2,28,rectangle_java2.jpg,rectangle_java2.jpg,30333709158,84,934.192380952381,665.9104761904762,902.5,658,34,20,new,3,class->block->function->block->block_content->decl_stmt->decl->init->expr->operator
2,28,rectangle_java2.jpg,rectangle_java2.jpg,30333709158,84,934.192380952381,665.9104761904762,941.5,658,91,20,Rectangle,9,class->block->function->block->block_content->decl_stmt->decl->init->expr->call->name
2,28,rectangle_java2.jpg,rectangle_java2.jpg,30333845290,132,925.2990909090909,663.0015151515152,902.5,658,34,20,new,3,class->block->function->block->block_content->decl_stmt->decl->init->expr->operator
2,28,rectangle_java2.jpg,rectangle_java2.jpg,30334001263,128,763.3571875,711.8759375,730.5,694,177,21,System.out.println,18,class->block->function->block->block_content->expr_stmt->expr->call->name->name->operator->name->operator->name
2,28,rectangle_java2.jpg,rectangle_java2.jpg,30334253119,96,789.9758333333333,694.2554166666666,730.5,694,177,21,System.out.println,18,class->block->function->block->block_content->expr_stmt->expr->call->name->name->operator->name->operator->name
2,28,rectangle_java2.jpg,rectangle_java2.jpg,30334333130,76,827.5626315789474,700.6736842105263,730.5,694,177,21,System.out.println,18,class->block->function->block->block_content->expr_stmt->expr->call->name->name->operator->name->operator->name
2,28,rectangle_java2.jpg,rectangle_java2.jpg,30334485166,148,832.4456756756757,697.2391891891892,730.5,694,177,21,System.out.println,18,class->block->function->block->block_content->expr_stmt->expr->call->name->name->operator->name->operator->name
2,28,rectangle_java2.jpg,rectangle_java2.jpg,30334613172,124,858.3751612903226,699.7167741935484,730.5,694,177,21,System.out.println,18,class->block->function->block->block_content->expr_stmt->expr->call->name->name->operator->name->operator->name
2,28,rectangle_java2.jpg,rectangle_java2.jpg,30334861108,160,955.17925,694.66875,932.5,694,100,21,rect1.area,10,class->block->function->block->block_content->expr_stmt->expr->call->argument_list->argument->expr->call->name->name->operator->name
2,28,rectangle_java2.jpg,rectangle_java2.jpg,30334969085,76,910.2063157894737,690.4294736842105,916.5,694,9,21,(,1,class->block->function->block->block_content->expr_stmt->expr->call->argument_list
2,28,rectangle_java2.jpg,rectangle_java2.jpg,30335029083,56,905.8035714285714,697.765,730.5,694,177,21,System.out.println,18,class->block->function->block->block_content->expr_stmt->expr->call->name->name->operator->name->operator->name
2,28,rectangle_java2.jpg,rectangle_java2.jpg,30335029083,56,905.8035714285714,697.765,916.5,694,9,21,(,1,class->block->function->block->block_content->expr_stmt->expr->call->argument_list
2,28,rectangle_java2.jpg,rectangle_java2.jpg,30335149071,80,1034.166,686.8305,1041.5,694,9,21,(,1,class->block->function->block->block_content->expr_stmt->expr->call->argument_list->argument->expr->call->argument_list
2,28,rectangle_java2.jpg,rectangle_java2.jpg,30335237058,84,1037.9504761904761,687.6585714285715,1041.5,694,9,21,(,1,class->block->function->block->block_content->expr_stmt->expr->call->argument_list->argument->expr->call->argument_list
2,28,rectangle_java2.jpg,rectangle_java2.jpg,30335453050,172,1147.0074418604652,675.9551162790698,1134.5,658,22,20,10,2,class->block->function->block->block_content->decl_stmt->decl->init->expr->call->argument_list->argument->expr->literal
2,28,rectangle_java2.jpg,rectangle_java2.jpg,30335569064,112,1150.7160714285715,674.3260714285715,1134.5,658,22,20,10,2,class->block->function->block->block_content->decl_stmt->decl->init->expr->call->argument_list->argument->expr->literal
2,28,rectangle_java2.jpg,rectangle_java2.jpg,30335693062,88,1094.509090909091,685.85,1096.5,694,10,21,;,1,class->block->function->block->block_content->expr_stmt
2,28,rectangle_java2.jpg,rectangle_java2.jpg,30335861050,164,1099.0048780487805,686.4060975609756,1096.5,694,10,21,;,1,class->block->function->block->block_content->expr_stmt
2,28,rectangle_java2.jpg,rectangle_java2.jpg,30336081023,184,854.0115217391304,704.4845652173913,730.5,694,177,21,System.out.println,18,class->block->function->block->block_content->expr_stmt->expr->call->name->name->operator->name->operator->name
2,28,rectangle_java2.jpg,rectangle_java2.jpg,30336461027,360,743.5043333333333,724.3257777777778,730.5,731,91,20,Rectangle,9,class->block->function->block->block_content->decl_stmt->decl->type->name
2,28,rectangle_java2.jpg,rectangle_java2.jpg,30336545064,80,738.868,724.9955,730.5,731,91,20,Rectangle,9,class->block->function->block->block_content->decl_stmt->decl->type->name
2,28,rectangle_java2.jpg,rectangle_java2.jpg,30336756908,192,805.0860416666667,727.4277083333334,730.5,731,91,20,Rectangle,9,class->block->function->block->block_content->decl_stmt->decl->type->name
2,28,rectangle_java2.jpg,rectangle_java2.jpg,30336948804,176,859.3586363636364,724.2204545454546,826.5,731,51,20,rect2,5,class->block->function->block->block_content->decl_stmt->decl->name
2,28,rectangle_java2.jpg,rectangle_java2.jpg,30337016873,64,851.7631250000001,733.623125,826.5,731,51,20,rect2,5,class->block->function->block->block_content->decl_stmt->decl->name
2,28,rectangle_java2.jpg,rectangle_java2.jpg,30337228892,208,839.8492307692308,727.9198076923077,826.5,731,51,20,rect2,5,class->block->function->block->block_content->decl_stmt->decl->name
2,28,rectangle_java2.jpg,rectangle_java2.jpg,30337456914,192,896.7583333333333,741.6385416666667,883.5,731,15,20,=,1,class->block->function->block->block_content->decl_stmt->decl->init
2,28,rectangle_java2.jpg,rectangle_java2.jpg,30337456914,192,896.7583333333333,741.6385416666667,902.5,731,34,20,new,3,class->block->function->block->block_content->decl_stmt->decl->init->expr->operator
2,28,rectangle_java2.jpg,rectangle_java2.jpg,30337524913,64,889.370625,735.721875,883.5,731,15,20,=,1,class->block->function->block->block_content->decl_stmt->decl->init
2,28,rectangle_java2.jpg,rectangle_java2.jpg,30337652919,88,990.9795454545455,743.9927272727273,941.5,731,91,20,Rectangle,9,class->block->function->block->block_content->decl_stmt->decl->init->expr->call->name
2,28,rectangle_java2.jpg,rectangle_java2.jpg,30337724959,68,994.5876470588236,738.8370588235294,941.5,731,91,20,Rectangle,9,class->block->function->block->block_content->decl_stmt->decl->init->expr->call->name
2,28,rectangle_java2.jpg,rectangle_java2.jpg,30338008879,232,964.2470689655172,735.0720689655172,941.5,731,91,20,Rectangle,9,class->block->function->block->block_content->decl_stmt->decl->init->expr->call->name
2,28,rectangle_java2.jpg,rectangle_java2.jpg,30338140847,128,965.3881250000001,748.6746875,941.5,731,91,20,Rectangle,9,class->block->function->block->block_content->decl_stmt->decl->init->expr->call->name
2,28,rectangle_java2.jpg,rectangle_java2.jpg,30338376915,168,1024.3164285714286,727.3538095238096,941.5,731,91,20,Rectangle,9,class->block->function->block->block_content->decl_stmt->decl->init->expr->call->name
2,28,rectangle_java2.jpg,rectangle_java2.jpg,30338476902,96,1019.2975,729.5945833333334,941.5,731,91,20,Rectangle,9,class->block->function->block->block_content->decl_stmt->decl->init->expr->call->name
2,28,rectangle_java2.jpg,rectangle_java2.jpg,30338664576,96,1064.3491666666666,727.33125,1057.5,731,13,20,5,1,class->block->function->block->block_content->decl_stmt->decl->init->expr->call->argument_list->argument->expr->literal
2,28,rectangle_java2.jpg,rectangle_java2.jpg,30338844702,156,775.7297435897436,767.9423076923077,730.5,766,177,21,System.out.println,18,class->block->function->block->block_content->expr_stmt->expr->call->name->name->operator->name->operator->name
2,28,rectangle_java2.jpg,rectangle_java2.jpg,30338980780,132,768.2154545454546,762.7581818181818,730.5,766,177,21,System.out.println,18,class->block->function->block->block_content->expr_stmt->expr->call->name->name->operator->name->operator->name
2,28,rectangle_java2.jpg,rectangle_java2.jpg,30339260693,252,859.9090476190477,764.7688888888889,730.5,766,177,21,System.out.println,18,class->block->function->block->block_content->expr_stmt->expr->call->name->name->operator->name->operator->name
2,28,rectangle_java2.jpg,rectangle_java2.jpg,30339352713,88,841.03,767.9077272727272,730.5,766,177,21,System.out.println,18,class->block->function->block->block_content->expr_stmt->expr->call->name->name->operator->name->operator->name
2,28,rectangle_java2.jpg,rectangle_java2.jpg,30339544788,180,976.2991111111111,766.0524444444444,932.5,766,100,21,rect2.area,10,class->block->function->block->block_content->expr_stmt->expr->call->argument_list->argument->expr->call->name->name->operator->name
2,28,rectangle_java2.jpg,rectangle_java2.jpg,30339736794,128,919.6475,773.5203125,916.5,766,9,21,(,1,class->block->function->block->block_content->expr_stmt->expr->call->argument_list
2,28,rectangle_java2.jpg,rectangle_java2.jpg,30339824777,84,912.6061904761905,774.1047619047619,916.5,766,9,21,(,1,class->block->function->block->block_content->expr_stmt->expr->call->argument_list
2,28,rectangle_java2.jpg,rectangle_java2.jpg,30340000721,108,1151.4329629629628,749.4311111111111,1134.5,731,22,20,10,2,class->block->function->block->block_content->decl_stmt->decl->init->expr->call->argument_list->argument->expr->literal
2,28,rectangle_java2.jpg,rectangle_java2.jpg,30340000721,108,1151.4329629629628,749.4311111111111,1163.5,731,10,20,",",1,class->block->function->block->block_content->decl_stmt->decl->init->expr->call->argument_list
2,28,rectangle_java2.jpg,rectangle_java2.jpg,30341872649,88,935.3518181818182,772.9868181818182,932.5,766,100,21,rect2.area,10,class->block->function->block->block_content->expr_stmt->expr->call->argument_list->argument->expr->call->name->name->operator->name
2,28,rectangle_java2.jpg,rectangle_java2.jpg,30342144618,188,720.7965957446809,598.3172340425532,669.5,585,63,21,public,6,class->block->function->type->specifier
2,28,rectangle_java2.jpg,rectangle_java2.jpg,30342224643,56,704.8907142857142,563.18,669.5,549,63,21,public,6,class->block->function->type->specifier
2,28,rectangle_java2.jpg,rectangle_java2.jpg,30342348625,120,708.648,559.2423333333334,669.5,549,63,21,public,6,class->block->function->type->specifier
2,28,rectangle_java2.jpg,rectangle_java2.jpg,30342712817,76,800.7636842105263,663.4952631578948,730.5,658,91,20,Rectangle,9,class->block->function->block->block_content->decl_stmt->decl->type->name
2,28,rectangle_java2.jpg,rectangle_java2.jpg,30342828637,112,807.8096428571429,659.4867857142857,730.5,658,91,20,Rectangle,9,class->block->function->block->block_content->decl_stmt->decl->type->name
2,28,rectangle_java2.jpg,rectangle_java2.jpg,30343116530,244,749.58,669.0565573770492,730.5,658,91,20,Rectangle,9,class->block->function->block->block_content->decl_stmt->decl->type->name
2,28,rectangle_java2.jpg,rectangle_java2.jpg,30343248491,128,828.5475,654.91125,826.5,658,52,20,rect1,5,class->block->function->block->block_content->decl_stmt->decl->name
2,28,rectangle_java2.jpg,rectangle_java2.jpg,30343368472,116,828.8765517241379,649.8158620689655,826.5,658,52,20,rect1,5,class->block->function->block->block_content->decl_stmt->decl->name
2,28,rectangle_java2.jpg,rectangle_java2.jpg,30343492486,72,863.845,658.6877777777778,826.5,658,52,20,rect1,5,class->block->function->block->block_content->decl_stmt->decl->name
2,28,rectangle_java2.jpg,rectangle_java2.jpg,30343608494,112,876.9982142857143,660.5507142857143,826.5,658,52,20,rect1,5,class->block->function->block->block_content->decl_stmt->decl->name
2,28,rectangle_java2.jpg,rectangle_java2.jpg,30343608494,112,876.9982142857143,660.5507142857143,883.5,658,15,20,=,1,class->block->function->block->block_content->decl_stmt->decl->init
2,28,rectangle_java2.jpg,rectangle_java2.jpg,30343708494,96,873.5958333333333,650.3216666666667,826.5,658,52,20,rect1,5,class->block->function->block->block_content->decl_stmt->decl->name
2,28,rectangle_java2.jpg,rectangle_java2.jpg,30343708494,96,873.5958333333333,650.3216666666667,883.5,658,15,20,=,1,class->block->function->block->block_content->decl_stmt->decl->init
2,28,rectangle_java2.jpg,rectangle_java2.jpg,30343852534,132,988.2775757575757,661.8206060606061,941.5,658,91,20,Rectangle,9,class->block->function->block->block_content->decl_stmt->decl->init->expr->call->name
2,28,rectangle_java2.jpg,rectangle_java2.jpg,30343916554,60,992.5546666666667,653.622,941.5,658,91,20,Rectangle,9,class->block->function->block->block_content->decl_stmt->decl->init->expr->call->name
2,28,rectangle_java2.jpg,rectangle_java2.jpg,30344176504,212,726.1783018867925,599.6392452830189,669.5,585,63,21,public,6,class->block->function->type->specifier
2,28,rectangle_java2.jpg,rectangle_java2.jpg,30344176504,212,726.1783018867925,599.6392452830189,737.5,585,62,21,double,6,class->block->function->type->name
2,28,rectangle_java2.jpg,rectangle_java2.jpg,30344368226,100,686.8304,511.30719999999997,669.5,512,63,21,public,6,class->block->function->type->specifier
2,28,rectangle_java2.jpg,rectangle_java2.jpg,30344588318,132,674.7584848484848,307.0263636363636,669.5,295,63,21,public,6,class->block->constructor->specifier
2,28,rectangle_java2.jpg,rectangle_java2.jpg,30344684385,76,666.7410526315789,232.40947368421052,657.5,222,52,21,class,5,class
2,28,rectangle_java2.jpg,rectangle_java2.jpg,30344812365,124,662.0716129032259,225.4490322580645,657.5,222,52,21,class,5,class
2,28,rectangle_java2.jpg,rectangle_java2.jpg,30344888366,72,747.1805555555555,216.82333333333332,715.5,222,90,21,Rectangle,9,class->name
2,28,rectangle_java2.jpg,rectangle_java2.jpg,30345048350,156,752.8146153846154,231.984358974359,715.5,222,90,21,Rectangle,9,class->name
2,28,rectangle_java2.jpg,rectangle_java2.jpg,30345196342,92,679.7921739130435,531.1278260869565,669.5,512,63,21,public,6,class->block->function->type->specifier
2,28,rectangle_java2.jpg,rectangle_java2.jpg,30345348374,148,681.2462162162162,539.865945945946,669.5,549,63,21,public,6,class->block->function->type->specifier
2,28,rectangle_java2.jpg,rectangle_java2.jpg,30345504355,88,777.3654545454546,372.46363636363634,730.5,367,71,21,this.y1,7,class->block->constructor->block->block_content->expr_stmt->expr->name->name->operator->name
2,28,rectangle_java2.jpg,rectangle_java2.jpg,30345704370,132,800.0318181818182,230.95909090909095,715.5,222,90,21,Rectangle,9,class->name
2,28,rectangle_java2.jpg,rectangle_java2.jpg,30345872668,164,799.6134146341464,230.08829268292686,715.5,222,90,21,Rectangle,9,class->name
2,28,rectangle_java2.jpg,rectangle_java2.jpg,30346288090,364,682.6661538461539,583.0514285714286,669.5,585,63,21,public,6,class->block->function->type->specifier
2,28,rectangle_java2.jpg,rectangle_java2.jpg,30346408208,92,782.3352173913044,580.5565217391304,737.5,585,62,21,double,6,class->block->function->type->name
2,28,rectangle_java2.jpg,rectangle_java2.jpg,30346496284,84,789.5342857142857,586.1190476190476,737.5,585,62,21,double,6,class->block->function->type->name
2,28,rectangle_java2.jpg,rectangle_java2.jpg,30346776275,220,938.5865454545454,547.810909090909,900.5,549,63,21,return,6,class->block->function->block->block_content->return
2,28,rectangle_java2.jpg,rectangle_java2.jpg,30347148243,316,1154.3875949367089,549.6277215189873,1161.5,549,10,21,},1,class->block->function->block
2,28,rectangle_java2.jpg,rectangle_java2.jpg,30347252230,76,1159.2068421052631,594.1015789473685,1140.5,585,110,21,this.height,11,class->block->function->block->block_content->return->expr->call->name->name->operator->name
2,28,rectangle_java2.jpg,rectangle_java2.jpg,30347364221,108,1159.3470370370371,600.9588888888889,1140.5,585,110,21,this.height,11,class->block->function->block->block_content->return->expr->call->name->name->operator->name
2,28,rectangle_java2.jpg,rectangle_java2.jpg,30347584229,156,903.3489743589744,580.2141025641025,893.5,585,10,21,{,1,class->block->function->block
2,28,rectangle_java2.jpg,rectangle_java2.jpg,30347584229,156,903.3489743589744,580.2141025641025,910.5,585,62,21,return,6,class->block->function->block->block_content->return
2,28,rectangle_java2.jpg,rectangle_java2.jpg,30347764241,176,898.4081818181818,578.5572727272727,893.5,585,10,21,{,1,class->block->function->block
2,28,rectangle_java2.jpg,rectangle_java2.jpg,30347764241,176,898.4081818181818,578.5572727272727,910.5,585,62,21,return,6,class->block->function->block->block_content->return
2,28,rectangle_java2.jpg,rectangle_java2.jpg,30347900192,104,828.4138461538462,582.9453846153846,804.5,585,43,21,area,4,class->block->function->name
2,28,rectangle_java2.jpg,rectangle_java2.jpg,30348120000,128,730.8965625,583.269375,669.5,585,63,21,public,6,class->block->function->type->specifier
2,28,rectangle_java2.jpg,rectangle_java2.jpg,30348120000,128,730.8965625,583.269375,737.5,585,62,21,double,6,class->block->function->type->name
2,28,rectangle_java2.jpg,rectangle_java2.jpg,30348356063,164,848.4073170731707,314.9590243902439,853.5,295,32,21,int,3,class->block->constructor->parameter_list->parameter->decl->type->name
2,28,rectangle_java2.jpg,rectangle_java2.jpg,30348556100,92,777.7326086956522,328.29478260869564,730.5,331,71,19,this.x1,7,class->block->constructor->block->block_content->expr_stmt->expr->name->name->operator->name
2,28,rectangle_java2.jpg,rectangle_java2.jpg,30348692093,108,709.9022222222222,308.40185185185186,669.5,295,63,21,public,6,class->block->constructor->specifier
2,28,rectangle_java2.jpg,rectangle_java2.jpg,30348784073,88,708.2868181818181,307.3509090909091,669.5,295,63,21,public,6,class->block->constructor->specifier
2,28,rectangle_java2.jpg,rectangle_java2.jpg,30349052369,184,751.6413043478261,636.273695652174,738.5,621,61,21,static,6,class->block->function->type->specifier
2,28,rectangle_java2.jpg,rectangle_java2.jpg,30349636238,156,896.0941025641025,654.0876923076924,883.5,658,15,20,=,1,class->block->function->block->block_content->decl_stmt->decl->init
2,28,rectangle_java2.jpg,rectangle_java2.jpg,30349636238,156,896.0941025641025,654.0876923076924,902.5,658,34,20,new,3,class->block->function->block->block_content->decl_stmt->decl->init->expr->operator
2,28,rectangle_java2.jpg,rectangle_java2.jpg,30349772088,132,902.9263636363636,653.1109090909091,902.5,658,34,20,new,3,class->block->function->block->block_content->decl_stmt->decl->init->expr->operator
2,28,rectangle_java2.jpg,rectangle_java2.jpg,30350051962,208,825.1326923076923,661.3323076923077,826.5,658,52,20,rect1,5,class->block->function->block->block_content->decl_stmt->decl->name
2,28,rectangle_java2.jpg,rectangle_java2.jpg,30350223974,96,894.3616666666667,663.83,883.5,658,15,20,=,1,class->block->function->block->block_content->decl_stmt->decl->init
2,28,rectangle_java2.jpg,rectangle_java2.jpg,30350223974,96,894.3616666666667,663.83,902.5,658,34,20,new,3,class->block->function->block->block_content->decl_stmt->decl->init->expr->operator
2,28,rectangle_java2.jpg,rectangle_java2.jpg,30350399980,152,1039.6897368421053,657.936052631579,1041.5,658,9,20,(,1,class->block->function->block->block_content->decl_stmt->decl->init->expr->call->argument_list
2,28,rectangle_java2.jpg,rectangle_java2.jpg,30350507979,104,1036.5434615384615,661.2411538461538,1041.5,658,9,20,(,1,class->block->function->block->block_content->decl_stmt->decl->init->expr->call->argument_list
2,28,rectangle_java2.jpg,rectangle_java2.jpg,30350620059,56,1098.6178571428572,648.1057142857143,1095.5,658,13,20,0,1,class->block->function->block->block_content->decl_stmt->decl->init->expr->call->argument_list->argument->expr->literal
2,28,rectangle_java2.jpg,rectangle_java2.jpg,30350684105,60,1095.0986666666665,653.8606666666667,1095.5,658,13,20,0,1,class->block->function->block->block_content->decl_stmt->decl->init->expr->call->argument_list->argument->expr->literal
2,28,rectangle_java2.jpg,rectangle_java2.jpg,30350748068,60,1105.2026666666666,650.0500000000001,1095.5,658,13,20,0,1,class->block->function->block->block_content->decl_stmt->decl->init->expr->call->argument_list->argument->expr->literal
2,28,rectangle_java2.jpg,rectangle_java2.jpg,30350748068,60,1105.2026666666666,650.0500000000001,1115.5,658,10,20,",",1,class->block->function->block->block_content->decl_stmt->decl->init->expr->call->argument_list
2,28,rectangle_java2.jpg,rectangle_java2.jpg,30350839994,68,780.5694117647058,647.6617647058823,730.5,658,91,20,Rectangle,9,class->block->function->block->block_content->decl_stmt->decl->type->name
2,28,rectangle_java2.jpg,rectangle_java2.jpg,30350955971,112,767.9078571428571,648.105,730.5,658,91,20,Rectangle,9,class->block->function->block->block_content->decl_stmt->decl->type->name
2,28,rectangle_java2.jpg,rectangle_java2.jpg,30351899631,116,675.6341379310345,585.846551724138,669.5,585,63,21,public,6,class->block->function->type->specifier
2,28,rectangle_java2.jpg,rectangle_java2.jpg,30352051749,148,679.2891891891892,578.4227027027027,669.5,585,63,21,public,6,class->block->function->type->specifier
2,28,rectangle_java2.jpg,rectangle_java2.jpg,30352359842,84,680.74,272.4561904761905,669.5,259,72,21,private,7,class->block->decl_stmt->decl->type->specifier
2,28,rectangle_java2.jpg,rectangle_java2.jpg,30352519805,156,681.2830769230769,265.74666666666667,669.5,259,72,21,private,7,class->block->decl_stmt->decl->type->specifier
2,28,rectangle_java2.jpg,rectangle_java2.jpg,30352743795,136,783.98,228.8085294117647,715.5,222,90,21,Rectangle,9,class->name
2,28,rectangle_java2.jpg,rectangle_java2.jpg,30352867829,120,785.547,227.1583333333333,715.5,222,90,21,Rectangle,9,class->name
2,28,rectangle_java2.jpg,rectangle_java2.jpg,30352979836,108,794.4103703703704,217.26851851851848,715.5,222,90,21,Rectangle,9,class->name
2,28,rectangle_java2.jpg,rectangle_java2.jpg,30353091826,76,719.6042105263158,396.2078947368421,730.5,404,71,19,this.x2,7,class->block->constructor->block->block_content->expr_stmt->expr->name->name->operator->name
2,28,rectangle_java2.jpg,rectangle_java2.jpg,30353191842,96,718.8008333333333,411.4195833333333,730.5,404,71,19,this.x2,7,class->block->constructor->block->block_content->expr_stmt->expr->name->name->operator->name
2,28,rectangle_java2.jpg,rectangle_java2.jpg,30353287861,80,714.0385,265.046,669.5,259,72,21,private,7,class->block->decl_stmt->decl->type->specifier
2,28,rectangle_java2.jpg,rectangle_java2.jpg,30353479832,188,709.6610638297873,256.5823404255319,669.5,259,72,21,private,7,class->block->decl_stmt->decl->type->specifier
2,28,rectangle_java2.jpg,rectangle_java2.jpg,30353651771,132,803.2081818181819,258.9075757575758,785.5,259,23,21,x1,2,class->block->decl_stmt->decl->name
2,28,rectangle_java2.jpg,rectangle_java2.jpg,30353651771,132,803.2081818181819,258.9075757575758,815.5,259,10,21,",",1,class->block->decl_stmt
2,28,rectangle_java2.jpg,rectangle_java2.jpg,30353791663,96,682.7825,575.5795833333333,669.5,585,63,21,public,6,class->block->function->type->specifier
2,28,rectangle_java2.jpg,rectangle_java2.jpg,30353939675,144,677.2594444444444,566.0586111111111,669.5,549,63,21,public,6,class->block->function->type->specifier
2,28,rectangle_java2.jpg,rectangle_java2.jpg,30354147711,204,676.3129411764706,569.2876470588235,669.5,549,63,21,public,6,class->block->function->type->specifier
2,28,rectangle_java2.jpg,rectangle_java2.jpg,30354411675,92,666.7813043478261,808.9821739130435,672.5,804,10,18,},1,class->block->function->block
2,28,rectangle_java2.jpg,rectangle_java2.jpg,30354791688,96,638.4358333333333,235.66541666666666,589.5,222,63,21,public,6,class->specifier
2,28,rectangle_java2.jpg,rectangle_java2.jpg,30354879682,84,640.32,235.5495238095238,589.5,222,63,21,public,6,class->specifier
2,28,rectangle_java2.jpg,rectangle_java2.jpg,30354971684,88,636.824090909091,233.2763636363636,589.5,222,63,21,public,6,class->specifier
2,28,rectangle_java2.jpg,rectangle_java2.jpg,30355307684,324,788.5108641975309,231.99777777777774,715.5,222,90,21,Rectangle,9,class->name
2,28,rectangle_java2.jpg,rectangle_java2.jpg,30355375683,64,790.25125,241.75,715.5,222,90,21,Rectangle,9,class->name
2,28,rectangle_java2.jpg,rectangle_java2.jpg,30355531546,116,705.9241379310345,294.98689655172416,669.5,295,63,21,public,6,class->block->constructor->specifier
2,28,rectangle_java2.jpg,rectangle_java2.jpg,30355635451,60,680.4806666666667,517.234,669.5,512,63,21,public,6,class->block->function->type->specifier
2,28,rectangle_java2.jpg,rectangle_java2.jpg,30355743454,104,678.2826923076923,520.8619230769231,669.5,512,63,21,public,6,class->block->function->type->specifier
2,28,rectangle_java2.jpg,rectangle_java2.jpg,30356091523,100,769.2496,274.3576,747.5,259,33,21,int,3,class->block->decl_stmt->decl->type->name
2,28,rectangle_java2.jpg,rectangle_java2.jpg,30356295567,200,766.4884,262.0466,747.5,259,33,21,int,3,class->block->decl_stmt->decl->type->name
2,28,rectangle_java2.jpg,rectangle_java2.jpg,30356471562,148,732.8924324324324,293.89675675675676,737.5,295,91,21,Rectangle,9,class->block->constructor->name
2,28,rectangle_java2.jpg,rectangle_java2.jpg,30357351513,152,749.8318421052631,270.26947368421054,747.5,259,33,21,int,3,class->block->decl_stmt->decl->type->name
2,28,rectangle_java2.jpg,rectangle_java2.jpg,30357411472,56,749.1471428571429,256.06357142857144,747.5,259,33,21,int,3,class->block->decl_stmt->decl->type->name
2,28,rectangle_java2.jpg,rectangle_java2.jpg,30357503422,56,784.03,250.44142857142856,785.5,259,23,21,x1,2,class->block->decl_stmt->decl->name
2,28,rectangle_java2.jpg,rectangle_java2.jpg,30357751426,200,656.4912,233.7926,657.5,222,52,21,class,5,class
2,28,rectangle_java2.jpg,rectangle_java2.jpg,30358183437,164,789.7434146341463,235.82268292682926,715.5,222,90,21,Rectangle,9,class->name
2,28,rectangle_java2.jpg,rectangle_java2.jpg,30358499478,300,679.9610666666666,232.94280000000003,657.5,222,52,21,class,5,class
2,28,rectangle_java2.jpg,rectangle_java2.jpg,30358795438,236,617.2722033898305,238.59169491525427,589.5,222,63,21,public,6,class->specifier
2,28,rectangle_java2.jpg,rectangle_java2.jpg,30358999415,188,761.8865957446809,230.67574468085104,715.5,222,90,21,Rectangle,9,class->name
2,28,rectangle_java2.jpg,rectangle_java2.jpg,30359151400,124,660.4041935483871,574.3090322580646,669.5,585,63,21,public,6,class->block->function->type->specifier
2,28,rectangle_java2.jpg,rectangle_java2.jpg,30359379221,100,731.8712,563.0216,669.5,549,63,21,public,6,class->block->function->type->specifier
2,28,rectangle_java2.jpg,rectangle_java2.jpg,30359379221,100,731.8712,563.0216,737.5,549,33,21,int,3,class->block->function->type->name
2,28,rectangle_java2.jpg,rectangle_java2.jpg,30359687248,68,853.8658823529412,548.2205882352941,846.5,549,10,21,(,1,class->block->function->parameter_list
2,28,rectangle_java2.jpg,rectangle_java2.jpg,30359687248,68,853.8658823529412,548.2205882352941,863.5,549,9,21,),1,class->block->function->parameter_list
2,28,rectangle_java2.jpg,rectangle_java2.jpg,30359771226,80,847.6715,539.026,846.5,549,10,21,(,1,class->block->function->parameter_list
2,28,rectangle_java2.jpg,rectangle_java2.jpg,30359951220,136,1128.5485294117648,531.8155882352942,1132.5,512,10,21,;,1,class->block->function->block
2,28,rectangle_java2.jpg,rectangle_java2.jpg,30360091265,60,727.1846666666667,549.992,669.5,549,63,21,public,6,class->block->function->type->specifier
2,28,rectangle_java2.jpg,rectangle_java2.jpg,30360091265,60,727.1846666666667,549.992,737.5,549,33,21,int,3,class->block->function->type->name
2,28,rectangle_java2.jpg,rectangle_java2.jpg,30360219287,124,721.4716129032258,551.5574193548387,669.5,549,63,21,public,6,class->block->function->type->specifier
2,28,rectangle_java2.jpg,rectangle_java2.jpg,30360475288,216,693.9831481481482,640.0875925925926,669.5,621,63,21,public,6,class->block->function->type->specifier
2,28,rectangle_java2.jpg,rectangle_java2.jpg,30360607274,96,849.3833333333333,634.5558333333333,851.5,621,44,21,main,4,class->block->function->name
2,28,rectangle_java2.jpg,rectangle_java2.jpg,30360867268,164,843.25,629.7439024390244,804.5,621,44,21,void,4,class->block->function->type->name
2,28,rectangle_java2.jpg,rectangle_java2.jpg,30360867268,164,843.25,629.7439024390244,851.5,621,44,21,main,4,class->block->function->name
2,28,rectangle_java2.jpg,rectangle_java2.jpg,30361047041,176,854.228409090909,649.6559090909091,826.5,658,52,20,rect1,5,class->block->function->block->block_content->decl_stmt->decl->name
2,28,rectangle_java2.jpg,rectangle_java2.jpg,30361166950,80,788.452,663.152,730.5,658,91,20,Rectangle,9,class->block->function->block->block_content->decl_stmt->decl->type->name
2,28,rectangle_java2.jpg,rectangle_java2.jpg,30361314924,144,794.2347222222222,659.5013888888889,730.5,658,91,20,Rectangle,9,class->block->function->block->block_content->decl_stmt->decl->type->name
2,28,rectangle_java2.jpg,rectangle_java2.jpg,30361378987,60,783.2626666666666,658.9593333333333,730.5,658,91,20,Rectangle,9,class->block->function->block->block_content->decl_stmt->decl->type->name
2,28,rectangle_java2.jpg,rectangle_java2.jpg,30362787800,72,811.1411111111111,408.6977777777778,806.5,404,15,19,=,1,class->block->constructor->block->block_content->expr_stmt->expr->operator
2,28,rectangle_java2.jpg,rectangle_java2.jpg,30362905093,80,802.5625,400.5705,806.5,404,15,19,=,1,class->block->constructor->block->block_content->expr_stmt->expr->operator
