trial,participant,code_file,code_language,timestamp,duration,x_cord,y_cord,aoi_x,aoi_y,aoi_width,aoi_height,token,length,srcML
2,30,rectangle_java2.jpg,rectangle_java2.jpg,532871088,84,823.9157142857143,301.6409523809524,737.5,295,91,21,Rectangle,9,class->block->constructor->name
2,30,rectangle_java2.jpg,rectangle_java2.jpg,532935140,60,825.0853333333333,306.11066666666665,737.5,295,91,21,Rectangle,9,class->block->constructor->name
2,30,rectangle_java2.jpg,rectangle_java2.jpg,532935140,60,825.0853333333333,306.11066666666665,837.5,295,9,21,(,1,class->block->constructor->parameter_list
2,30,rectangle_java2.jpg,rectangle_java2.jpg,538766981,56,756.1964285714286,221.48785714285714,715.5,222,90,21,Rectangle,9,class->name
2,30,rectangle_java2.jpg,rectangle_java2.jpg,539654675,64,738.931875,274.76,669.5,259,72,21,private,7,class->block->decl_stmt->decl->type->specifier
2,30,rectangle_java2.jpg,rectangle_java2.jpg,539654675,64,738.931875,274.76,747.5,259,33,21,int,3,class->block->decl_stmt->decl->type->name
2,30,rectangle_java2.jpg,rectangle_java2.jpg,539714755,56,742.3035714285714,284.2714285714286,737.5,295,91,21,Rectangle,9,class->block->constructor->name
2,30,rectangle_java2.jpg,rectangle_java2.jpg,539814888,96,735.2624999999999,260.64458333333334,669.5,259,72,21,private,7,class->block->decl_stmt->decl->type->specifier
2,30,rectangle_java2.jpg,rectangle_java2.jpg,539814888,96,735.2624999999999,260.64458333333334,747.5,259,33,21,int,3,class->block->decl_stmt->decl->type->name
2,30,rectangle_java2.jpg,rectangle_java2.jpg,539946818,80,818.004,252.76549999999997,815.5,259,10,21,",",1,class->block->decl_stmt
2,30,rectangle_java2.jpg,rectangle_java2.jpg,540010726,60,821.3293333333334,263.59066666666666,815.5,259,10,21,",",1,class->block->decl_stmt
2,30,rectangle_java2.jpg,rectangle_java2.jpg,540010726,60,821.3293333333334,263.59066666666666,833.5,259,23,21,y1,2,class->block->decl_stmt->decl->name
2,30,rectangle_java2.jpg,rectangle_java2.jpg,540078651,64,809.389375,254.39250000000004,815.5,259,10,21,",",1,class->block->decl_stmt
2,30,rectangle_java2.jpg,rectangle_java2.jpg,540202661,64,733.834375,260.459375,669.5,259,72,21,private,7,class->block->decl_stmt->decl->type->specifier
2,30,rectangle_java2.jpg,rectangle_java2.jpg,540378669,172,743.9679069767442,264.16232558139535,747.5,259,33,21,int,3,class->block->decl_stmt->decl->type->name
2,30,rectangle_java2.jpg,rectangle_java2.jpg,540494652,112,737.7414285714285,262.6607142857143,669.5,259,72,21,private,7,class->block->decl_stmt->decl->type->specifier
2,30,rectangle_java2.jpg,rectangle_java2.jpg,540494652,112,737.7414285714285,262.6607142857143,747.5,259,33,21,int,3,class->block->decl_stmt->decl->type->name
2,30,rectangle_java2.jpg,rectangle_java2.jpg,540586597,80,817.507,264.2075,815.5,259,10,21,",",1,class->block->decl_stmt
2,30,rectangle_java2.jpg,rectangle_java2.jpg,540978527,152,909.9834210526316,256.4560526315789,911.5,259,10,21,",",1,class->block->decl_stmt
2,30,rectangle_java2.jpg,rectangle_java2.jpg,541042517,60,910.2406666666667,251.62133333333333,911.5,259,10,21,",",1,class->block->decl_stmt
2,30,rectangle_java2.jpg,rectangle_java2.jpg,541106517,60,914.772,267.50733333333335,911.5,259,10,21,",",1,class->block->decl_stmt
2,30,rectangle_java2.jpg,rectangle_java2.jpg,541478545,124,815.7948387096774,304.58870967741933,737.5,295,91,21,Rectangle,9,class->block->constructor->name
2,30,rectangle_java2.jpg,rectangle_java2.jpg,541626518,144,817.3075,320.6961111111111,806.5,331,15,19,=,1,class->block->constructor->block->block_content->expr_stmt->expr->operator
2,30,rectangle_java2.jpg,rectangle_java2.jpg,541626518,144,817.3075,320.6961111111111,826.5,331,23,19,x1,2,class->block->constructor->block->block_content->expr_stmt->expr->name->name
2,30,rectangle_java2.jpg,rectangle_java2.jpg,541790516,64,956.34,248.0475,959.5,259,10,21,;,1,class->block->decl_stmt
2,30,rectangle_java2.jpg,rectangle_java2.jpg,541966503,124,902.9448387096774,251.59064516129035,881.5,259,23,21,x2,2,class->block->decl_stmt->decl->name
2,30,rectangle_java2.jpg,rectangle_java2.jpg,541966503,124,902.9448387096774,251.59064516129035,911.5,259,10,21,",",1,class->block->decl_stmt
2,30,rectangle_java2.jpg,rectangle_java2.jpg,542398565,96,899.2091666666666,266.13208333333336,881.5,259,23,21,x2,2,class->block->decl_stmt->decl->name
2,30,rectangle_java2.jpg,rectangle_java2.jpg,542398565,96,899.2091666666666,266.13208333333336,911.5,259,10,21,",",1,class->block->decl_stmt
2,30,rectangle_java2.jpg,rectangle_java2.jpg,542466717,64,898.24375,286.586875,890.5,295,24,21,x1,2,class->block->constructor->parameter_list->parameter->decl->type->name
2,30,rectangle_java2.jpg,rectangle_java2.jpg,542598452,128,890.3159375,271.370625,881.5,259,23,21,x2,2,class->block->decl_stmt->decl->name
2,30,rectangle_java2.jpg,rectangle_java2.jpg,542794332,60,956.9106666666667,283.192,939.5,295,33,21,int,3,class->block->constructor->parameter_list->parameter->decl->type->name
2,30,rectangle_java2.jpg,rectangle_java2.jpg,543366395,112,959.845,267.45785714285716,959.5,259,10,21,;,1,class->block->decl_stmt
2,30,rectangle_java2.jpg,rectangle_java2.jpg,544138109,100,900.958,264.1396,881.5,259,23,21,x2,2,class->block->decl_stmt->decl->name
2,30,rectangle_java2.jpg,rectangle_java2.jpg,544138109,100,900.958,264.1396,911.5,259,10,21,",",1,class->block->decl_stmt
2,30,rectangle_java2.jpg,rectangle_java2.jpg,544253930,56,898.1421428571429,268.21714285714285,881.5,259,23,21,x2,2,class->block->decl_stmt->decl->name
2,30,rectangle_java2.jpg,rectangle_java2.jpg,544474238,116,873.76,260.1593103448276,881.5,259,23,21,x2,2,class->block->decl_stmt->decl->name
2,30,rectangle_java2.jpg,rectangle_java2.jpg,545214236,60,972.25,283.824,939.5,295,33,21,int,3,class->block->constructor->parameter_list->parameter->decl->type->name
2,30,rectangle_java2.jpg,rectangle_java2.jpg,545214236,60,972.25,283.824,977.5,295,23,21,y1,2,class->block->constructor->parameter_list->parameter->decl->type->name
2,30,rectangle_java2.jpg,rectangle_java2.jpg,545290212,72,970.8422222222222,298.11944444444447,939.5,295,33,21,int,3,class->block->constructor->parameter_list->parameter->decl->type->name
2,30,rectangle_java2.jpg,rectangle_java2.jpg,545290212,72,970.8422222222222,298.11944444444447,977.5,295,23,21,y1,2,class->block->constructor->parameter_list->parameter->decl->type->name
2,30,rectangle_java2.jpg,rectangle_java2.jpg,545390197,72,1030.8211111111111,300.39722222222224,1025.5,295,33,21,int,3,class->block->constructor->parameter_list->parameter->decl->type->name
2,30,rectangle_java2.jpg,rectangle_java2.jpg,545722129,88,820.5713636363637,324.55227272727274,806.5,331,15,19,=,1,class->block->constructor->block->block_content->expr_stmt->expr->operator
2,30,rectangle_java2.jpg,rectangle_java2.jpg,545722129,88,820.5713636363637,324.55227272727274,826.5,331,23,19,x1,2,class->block->constructor->block->block_content->expr_stmt->expr->name->name
2,30,rectangle_java2.jpg,rectangle_java2.jpg,545838052,112,816.0275,342.93607142857144,806.5,331,15,19,=,1,class->block->constructor->block->block_content->expr_stmt->expr->operator
2,30,rectangle_java2.jpg,rectangle_java2.jpg,545838052,112,816.0275,342.93607142857144,826.5,331,23,19,x1,2,class->block->constructor->block->block_content->expr_stmt->expr->name->name
2,30,rectangle_java2.jpg,rectangle_java2.jpg,545906031,64,809.94,332.071875,806.5,331,15,19,=,1,class->block->constructor->block->block_content->expr_stmt->expr->operator
2,30,rectangle_java2.jpg,rectangle_java2.jpg,546138078,148,770.5637837837838,313.5035135135135,737.5,295,91,21,Rectangle,9,class->block->constructor->name
2,30,rectangle_java2.jpg,rectangle_java2.jpg,546458160,84,825.5642857142857,332.6823809523809,826.5,331,23,19,x1,2,class->block->constructor->block->block_content->expr_stmt->expr->name->name
2,30,rectangle_java2.jpg,rectangle_java2.jpg,546598138,136,825.4067647058823,329.69882352941175,826.5,331,23,19,x1,2,class->block->constructor->block->block_content->expr_stmt->expr->name->name
2,30,rectangle_java2.jpg,rectangle_java2.jpg,547369908,76,803.3431578947368,345.9784210526316,806.5,331,15,19,=,1,class->block->constructor->block->block_content->expr_stmt->expr->operator
2,30,rectangle_java2.jpg,rectangle_java2.jpg,547542053,88,814.4859090909091,355.58863636363634,806.5,367,15,21,=,1,class->block->constructor->block->block_content->expr_stmt->expr->operator
2,30,rectangle_java2.jpg,rectangle_java2.jpg,547542053,88,814.4859090909091,355.58863636363634,826.5,367,23,21,y1,2,class->block->constructor->block->block_content->expr_stmt->expr->name->name
2,30,rectangle_java2.jpg,rectangle_java2.jpg,547622146,68,820.0017647058824,357.91117647058826,806.5,367,15,21,=,1,class->block->constructor->block->block_content->expr_stmt->expr->operator
2,30,rectangle_java2.jpg,rectangle_java2.jpg,547622146,68,820.0017647058824,357.91117647058826,826.5,367,23,21,y1,2,class->block->constructor->block->block_content->expr_stmt->expr->name->name
2,30,rectangle_java2.jpg,rectangle_java2.jpg,547973987,56,825.8507142857143,396.30785714285713,826.5,404,23,19,x2,2,class->block->constructor->block->block_content->expr_stmt->expr->name->name
2,30,rectangle_java2.jpg,rectangle_java2.jpg,548230030,56,844.38,448.73,826.5,440,23,21,y2,2,class->block->constructor->block->block_content->expr_stmt->expr->name->name
2,30,rectangle_java2.jpg,rectangle_java2.jpg,548230030,56,844.38,448.73,856.5,440,10,21,;,1,class->block->constructor->block->block_content->expr_stmt
2,30,rectangle_java2.jpg,rectangle_java2.jpg,548545727,72,831.9072222222222,569.655,775.5,549,62,21,height,6,class->block->function->name
2,30,rectangle_java2.jpg,rectangle_java2.jpg,548873841,64,856.42625,562.74,846.5,549,10,21,(,1,class->block->function->parameter_list
2,30,rectangle_java2.jpg,rectangle_java2.jpg,548873841,64,856.42625,562.74,863.5,549,9,21,),1,class->block->function->parameter_list
2,30,rectangle_java2.jpg,rectangle_java2.jpg,548977825,56,767.0607142857143,561.8678571428571,737.5,549,33,21,int,3,class->block->function->type->name
2,30,rectangle_java2.jpg,rectangle_java2.jpg,548977825,56,767.0607142857143,561.8678571428571,775.5,549,62,21,height,6,class->block->function->name
2,30,rectangle_java2.jpg,rectangle_java2.jpg,549401848,92,792.4017391304347,578.1265217391305,737.5,585,62,21,double,6,class->block->function->type->name
2,30,rectangle_java2.jpg,rectangle_java2.jpg,549401848,92,792.4017391304347,578.1265217391305,804.5,585,43,21,area,4,class->block->function->name
2,30,rectangle_java2.jpg,rectangle_java2.jpg,549521861,108,792.8755555555556,562.5314814814815,775.5,549,62,21,height,6,class->block->function->name
2,30,rectangle_java2.jpg,rectangle_java2.jpg,549701890,120,723.0116666666667,563.4586666666667,669.5,549,63,21,public,6,class->block->function->type->specifier
2,30,rectangle_java2.jpg,rectangle_java2.jpg,549925874,132,814.0542424242424,538.1054545454546,775.5,549,62,21,height,6,class->block->function->name
2,30,rectangle_java2.jpg,rectangle_java2.jpg,549989826,60,822.154,538.9953333333333,775.5,549,62,21,height,6,class->block->function->name
2,30,rectangle_java2.jpg,rectangle_java2.jpg,550109718,84,861.4671428571429,550.722380952381,863.5,549,9,21,),1,class->block->function->parameter_list
2,30,rectangle_java2.jpg,rectangle_java2.jpg,550345667,64,989.895,561.68875,968.5,549,70,21,this.y2,7,class->block->function->block->block_content->return->expr->name->name->operator->name
2,30,rectangle_java2.jpg,rectangle_java2.jpg,550445677,96,996.1783333333333,548.76625,968.5,549,70,21,this.y2,7,class->block->function->block->block_content->return->expr->name->name->operator->name
2,30,rectangle_java2.jpg,rectangle_java2.jpg,550685713,68,826.8735294117647,596.8329411764706,804.5,585,43,21,area,4,class->block->function->name
2,30,rectangle_java2.jpg,rectangle_java2.jpg,550745719,56,818.2921428571428,599.0807142857143,804.5,585,43,21,area,4,class->block->function->name
2,30,rectangle_java2.jpg,rectangle_java2.jpg,550885710,56,824.4621428571428,580.1657142857143,804.5,585,43,21,area,4,class->block->function->name
2,30,rectangle_java2.jpg,rectangle_java2.jpg,551353630,140,1034.8205714285714,594.5377142857143,977.5,585,101,21,this.width,10,class->block->function->block->block_content->return->expr->call->name->name->operator->name
2,30,rectangle_java2.jpg,rectangle_java2.jpg,551553644,76,787.6894736842105,615.6552631578948,738.5,621,61,21,static,6,class->block->function->type->specifier
2,30,rectangle_java2.jpg,rectangle_java2.jpg,551977609,140,876.2274285714286,602.6108571428572,873.5,585,9,21,),1,class->block->function->parameter_list
2,30,rectangle_java2.jpg,rectangle_java2.jpg,552053592,72,887.6877777777778,599.3305555555555,893.5,585,10,21,{,1,class->block->function->block
2,30,rectangle_java2.jpg,rectangle_java2.jpg,552225603,128,946.5846875,595.9459375,910.5,585,62,21,return,6,class->block->function->block->block_content->return
2,30,rectangle_java2.jpg,rectangle_java2.jpg,552369585,96,1037.9633333333334,575.8050000000001,977.5,585,101,21,this.width,10,class->block->function->block->block_content->return->expr->call->name->name->operator->name
2,30,rectangle_java2.jpg,rectangle_java2.jpg,552545597,72,1045.6977777777777,590.6866666666667,977.5,585,101,21,this.width,10,class->block->function->block->block_content->return->expr->call->name->name->operator->name
2,30,rectangle_java2.jpg,rectangle_java2.jpg,552749983,200,1042.3264,578.5934,977.5,585,101,21,this.width,10,class->block->function->block->block_content->return->expr->call->name->name->operator->name
2,30,rectangle_java2.jpg,rectangle_java2.jpg,552858278,104,1041.1019230769232,573.5288461538462,977.5,585,101,21,this.width,10,class->block->function->block->block_content->return->expr->call->name->name->operator->name
2,30,rectangle_java2.jpg,rectangle_java2.jpg,552953964,92,1036.2482608695652,589.8734782608695,977.5,585,101,21,this.width,10,class->block->function->block->block_content->return->expr->call->name->name->operator->name
2,30,rectangle_java2.jpg,rectangle_java2.jpg,553157377,96,1132.9791666666667,584.7216666666667,1122.5,585,12,21,*,1,class->block->function->block->block_content->return->expr->operator
2,30,rectangle_java2.jpg,rectangle_java2.jpg,553157377,96,1132.9791666666667,584.7216666666667,1140.5,585,110,21,this.height,11,class->block->function->block->block_content->return->expr->call->name->name->operator->name
2,30,rectangle_java2.jpg,rectangle_java2.jpg,553225275,64,1124.404375,588.33125,1122.5,585,12,21,*,1,class->block->function->block->block_content->return->expr->operator
2,30,rectangle_java2.jpg,rectangle_java2.jpg,553377410,148,1132.6297297297297,577.4918918918919,1122.5,585,12,21,*,1,class->block->function->block->block_content->return->expr->operator
2,30,rectangle_java2.jpg,rectangle_java2.jpg,553377410,148,1132.6297297297297,577.4918918918919,1140.5,585,110,21,this.height,11,class->block->function->block->block_content->return->expr->call->name->name->operator->name
2,30,rectangle_java2.jpg,rectangle_java2.jpg,553557490,140,1180.3165714285715,583.9428571428572,1140.5,585,110,21,this.height,11,class->block->function->block->block_content->return->expr->call->name->name->operator->name
2,30,rectangle_java2.jpg,rectangle_java2.jpg,553741465,180,1175.1644444444444,591.6004444444444,1140.5,585,110,21,this.height,11,class->block->function->block->block_content->return->expr->call->name->name->operator->name
2,30,rectangle_java2.jpg,rectangle_java2.jpg,553965456,112,899.6003571428571,609.3742857142857,904.5,621,9,21,(,1,class->block->function->parameter_list
2,30,rectangle_java2.jpg,rectangle_java2.jpg,554145456,144,836.745,637.8644444444444,804.5,621,44,21,void,4,class->block->function->type->name
2,30,rectangle_java2.jpg,rectangle_java2.jpg,554273480,124,842.3674193548387,628.5690322580646,804.5,621,44,21,void,4,class->block->function->type->name
2,30,rectangle_java2.jpg,rectangle_java2.jpg,554273480,124,842.3674193548387,628.5690322580646,851.5,621,44,21,main,4,class->block->function->name
2,30,rectangle_java2.jpg,rectangle_java2.jpg,554485401,140,1028.8214285714287,648.9097142857142,941.5,658,91,20,Rectangle,9,class->block->function->block->block_content->decl_stmt->decl->init->expr->call->name
2,30,rectangle_java2.jpg,rectangle_java2.jpg,554565405,76,1034.3436842105264,647.8505263157895,1041.5,658,9,20,(,1,class->block->function->block->block_content->decl_stmt->decl->init->expr->call->argument_list
2,30,rectangle_java2.jpg,rectangle_java2.jpg,554713347,144,1043.5494444444444,641.4602777777778,1025.5,621,42,21,args,4,class->block->function->parameter_list->parameter->decl->name
2,30,rectangle_java2.jpg,rectangle_java2.jpg,555101457,156,1057.9751282051282,638.9482051282051,1025.5,621,42,21,args,4,class->block->function->parameter_list->parameter->decl->name
2,30,rectangle_java2.jpg,rectangle_java2.jpg,555165410,60,1054.496,646.376,1057.5,658,13,20,0,1,class->block->function->block->block_content->decl_stmt->decl->init->expr->call->argument_list->argument->expr->literal
2,30,rectangle_java2.jpg,rectangle_java2.jpg,555697330,64,1093.4412499999999,623.77,1094.5,621,10,21,{,1,class->block->function->block
2,30,rectangle_java2.jpg,rectangle_java2.jpg,555773338,72,1079.081111111111,636.6288888888889,1074.5,621,10,21,),1,class->block->function->parameter_list
2,30,rectangle_java2.jpg,rectangle_java2.jpg,555957329,96,987.0570833333334,609.7870833333334,990.5,621,10,21,[,1,class->block->function->parameter_list->parameter->decl->type->name->index
2,30,rectangle_java2.jpg,rectangle_java2.jpg,556045303,84,984.167619047619,601.9404761904761,977.5,585,101,21,this.width,10,class->block->function->block->block_content->return->expr->call->name->name->operator->name
2,30,rectangle_java2.jpg,rectangle_java2.jpg,556197309,68,1018.5305882352941,587.1547058823529,977.5,585,101,21,this.width,10,class->block->function->block->block_content->return->expr->call->name->name->operator->name
2,30,rectangle_java2.jpg,rectangle_java2.jpg,556321282,120,1025.968,586.898,977.5,585,101,21,this.width,10,class->block->function->block->block_content->return->expr->call->name->name->operator->name
2,30,rectangle_java2.jpg,rectangle_java2.jpg,556385241,60,1028.188,596.9093333333333,977.5,585,101,21,this.width,10,class->block->function->block->block_content->return->expr->call->name->name->operator->name
2,30,rectangle_java2.jpg,rectangle_java2.jpg,556545187,84,897.7928571428571,579.1980952380952,893.5,585,10,21,{,1,class->block->function->block
2,30,rectangle_java2.jpg,rectangle_java2.jpg,556653183,104,910.6507692307692,593.7457692307693,910.5,585,62,21,return,6,class->block->function->block->block_content->return
2,30,rectangle_java2.jpg,rectangle_java2.jpg,556713193,56,910.8014285714286,591.7914285714286,910.5,585,62,21,return,6,class->block->function->block->block_content->return
2,30,rectangle_java2.jpg,rectangle_java2.jpg,556949413,152,1050.513947368421,582.436052631579,977.5,585,101,21,this.width,10,class->block->function->block->block_content->return->expr->call->name->name->operator->name
2,30,rectangle_java2.jpg,rectangle_java2.jpg,557053270,64,880.901875,653.83,883.5,658,15,20,=,1,class->block->function->block->block_content->decl_stmt->decl->init
2,30,rectangle_java2.jpg,rectangle_java2.jpg,557125232,68,877.3411764705883,630.2182352941177,851.5,621,44,21,main,4,class->block->function->name
2,30,rectangle_java2.jpg,rectangle_java2.jpg,557185219,56,890.8842857142857,622.3707142857143,851.5,621,44,21,main,4,class->block->function->name
2,30,rectangle_java2.jpg,rectangle_java2.jpg,557465195,124,1000.1732258064516,583.8332258064517,977.5,585,101,21,this.width,10,class->block->function->block->block_content->return->expr->call->name->name->operator->name
2,30,rectangle_java2.jpg,rectangle_java2.jpg,557545193,68,1171.3905882352942,589.4682352941177,1140.5,585,110,21,this.height,11,class->block->function->block->block_content->return->expr->call->name->name->operator->name
2,30,rectangle_java2.jpg,rectangle_java2.jpg,557793023,68,1108.534705882353,598.0923529411765,1103.5,585,9,21,),1,class->block->function->block->block_content->return->expr->call->argument_list
2,30,rectangle_java2.jpg,rectangle_java2.jpg,557920858,124,1104.3664516129033,593.2545161290323,1103.5,585,9,21,),1,class->block->function->block->block_content->return->expr->call->argument_list
2,30,rectangle_java2.jpg,rectangle_java2.jpg,558012919,88,1103.9309090909092,579.0209090909091,1103.5,585,9,21,),1,class->block->function->block->block_content->return->expr->call->argument_list
2,30,rectangle_java2.jpg,rectangle_java2.jpg,558381084,184,1167.2786956521738,602.050652173913,1140.5,585,110,21,this.height,11,class->block->function->block->block_content->return->expr->call->name->name->operator->name
2,30,rectangle_java2.jpg,rectangle_java2.jpg,558549100,124,1186.9232258064517,591.5890322580645,1140.5,585,110,21,this.height,11,class->block->function->block->block_content->return->expr->call->name->name->operator->name
2,30,rectangle_java2.jpg,rectangle_java2.jpg,558705094,100,1135.0524,593.1772,1140.5,585,110,21,this.height,11,class->block->function->block->block_content->return->expr->call->name->name->operator->name
2,30,rectangle_java2.jpg,rectangle_java2.jpg,558941067,232,1129.635172413793,580.9925862068966,1122.5,585,12,21,*,1,class->block->function->block->block_content->return->expr->operator
2,30,rectangle_java2.jpg,rectangle_java2.jpg,558941067,232,1129.635172413793,580.9925862068966,1140.5,585,110,21,this.height,11,class->block->function->block->block_content->return->expr->call->name->name->operator->name
2,30,rectangle_java2.jpg,rectangle_java2.jpg,559376994,260,898.0866153846154,652.1581538461538,883.5,658,15,20,=,1,class->block->function->block->block_content->decl_stmt->decl->init
2,30,rectangle_java2.jpg,rectangle_java2.jpg,559376994,260,898.0866153846154,652.1581538461538,902.5,658,34,20,new,3,class->block->function->block->block_content->decl_stmt->decl->init->expr->operator
2,30,rectangle_java2.jpg,rectangle_java2.jpg,559436962,56,906.5342857142857,661.5157142857142,902.5,658,34,20,new,3,class->block->function->block->block_content->decl_stmt->decl->init->expr->operator
2,30,rectangle_java2.jpg,rectangle_java2.jpg,559500979,60,895.9566666666667,647.1773333333333,883.5,658,15,20,=,1,class->block->function->block->block_content->decl_stmt->decl->init
2,30,rectangle_java2.jpg,rectangle_java2.jpg,559500979,60,895.9566666666667,647.1773333333333,902.5,658,34,20,new,3,class->block->function->block->block_content->decl_stmt->decl->init->expr->operator
2,30,rectangle_java2.jpg,rectangle_java2.jpg,559804957,148,870.1683783783784,640.8345945945946,851.5,621,44,21,main,4,class->block->function->name
2,30,rectangle_java2.jpg,rectangle_java2.jpg,560000925,112,839.7414285714286,629.7571428571429,804.5,621,44,21,void,4,class->block->function->type->name
2,30,rectangle_java2.jpg,rectangle_java2.jpg,560000925,112,839.7414285714286,629.7571428571429,851.5,621,44,21,main,4,class->block->function->name
2,30,rectangle_java2.jpg,rectangle_java2.jpg,560084946,68,998.3770588235294,628.6123529411765,990.5,621,10,21,[,1,class->block->function->parameter_list->parameter->decl->type->name->index
2,30,rectangle_java2.jpg,rectangle_java2.jpg,560084946,68,998.3770588235294,628.6123529411765,1007.5,621,10,21,],1,class->block->function->parameter_list->parameter->decl->type->name->index
2,30,rectangle_java2.jpg,rectangle_java2.jpg,560196962,108,1003.3407407407408,618.08,1007.5,621,10,21,],1,class->block->function->parameter_list->parameter->decl->type->name->index
2,30,rectangle_java2.jpg,rectangle_java2.jpg,560344920,68,1082.4829411764706,618.6694117647058,1074.5,621,10,21,),1,class->block->function->parameter_list
2,30,rectangle_java2.jpg,rectangle_java2.jpg,560344920,68,1082.4829411764706,618.6694117647058,1094.5,621,10,21,{,1,class->block->function->block
2,30,rectangle_java2.jpg,rectangle_java2.jpg,560492919,144,1071.7286111111111,602.3638888888889,977.5,585,101,21,this.width,10,class->block->function->block->block_content->return->expr->call->name->name->operator->name
2,30,rectangle_java2.jpg,rectangle_java2.jpg,560564934,68,1074.4176470588236,624.5029411764706,1074.5,621,10,21,),1,class->block->function->parameter_list
2,30,rectangle_java2.jpg,rectangle_java2.jpg,560640935,72,1067.8455555555556,630.2977777777778,1074.5,621,10,21,),1,class->block->function->parameter_list
2,30,rectangle_java2.jpg,rectangle_java2.jpg,561020867,56,1091.1214285714286,634.6921428571428,1094.5,621,10,21,{,1,class->block->function->block
2,30,rectangle_java2.jpg,rectangle_java2.jpg,561252772,60,1152.1693333333333,591.4786666666666,1140.5,585,110,21,this.height,11,class->block->function->block->block_content->return->expr->call->name->name->operator->name
2,30,rectangle_java2.jpg,rectangle_java2.jpg,561484750,60,1037.9013333333332,563.2953333333334,968.5,549,70,21,this.y2,7,class->block->function->block->block_content->return->expr->name->name->operator->name
2,30,rectangle_java2.jpg,rectangle_java2.jpg,561484750,60,1037.9013333333332,563.2953333333334,1045.5,549,13,21,-,1,class->block->function->block->block_content->return->expr->operator
2,30,rectangle_java2.jpg,rectangle_java2.jpg,561628714,76,1030.4252631578947,593.0263157894736,977.5,585,101,21,this.width,10,class->block->function->block->block_content->return->expr->call->name->name->operator->name
2,30,rectangle_java2.jpg,rectangle_java2.jpg,561864797,208,912.9511538461538,576.1465384615385,910.5,585,62,21,return,6,class->block->function->block->block_content->return
2,30,rectangle_java2.jpg,rectangle_java2.jpg,562457088,104,947.6938461538462,554.435,900.5,549,63,21,return,6,class->block->function->block->block_content->return
2,30,rectangle_java2.jpg,rectangle_java2.jpg,562572738,92,1054.6595652173912,696.4330434782609,1057.5,694,10,21,),1,class->block->function->block->block_content->expr_stmt->expr->call->argument_list->argument->expr->call->argument_list
2,30,rectangle_java2.jpg,rectangle_java2.jpg,562660512,84,1070.6180952380953,689.9876190476191,1077.5,694,9,21,),1,class->block->function->block->block_content->expr_stmt->expr->call->argument_list
2,30,rectangle_java2.jpg,rectangle_java2.jpg,562748577,60,1048.0593333333334,660.6266666666667,1041.5,658,9,20,(,1,class->block->function->block->block_content->decl_stmt->decl->init->expr->call->argument_list
2,30,rectangle_java2.jpg,rectangle_java2.jpg,562748577,60,1048.0593333333334,660.6266666666667,1057.5,658,13,20,0,1,class->block->function->block->block_content->decl_stmt->decl->init->expr->call->argument_list->argument->expr->literal
2,30,rectangle_java2.jpg,rectangle_java2.jpg,562852660,100,1060.0112,657.28,1057.5,658,13,20,0,1,class->block->function->block->block_content->decl_stmt->decl->init->expr->call->argument_list->argument->expr->literal
2,30,rectangle_java2.jpg,rectangle_java2.jpg,563092639,148,892.2259459459459,737.3045945945946,883.5,731,15,20,=,1,class->block->function->block->block_content->decl_stmt->decl->init
2,30,rectangle_java2.jpg,rectangle_java2.jpg,563092639,148,892.2259459459459,737.3045945945946,902.5,731,34,20,new,3,class->block->function->block->block_content->decl_stmt->decl->init->expr->operator
2,30,rectangle_java2.jpg,rectangle_java2.jpg,563332670,148,867.1232432432432,713.3413513513514,730.5,694,177,21,System.out.println,18,class->block->function->block->block_content->expr_stmt->expr->call->name->name->operator->name->operator->name
2,30,rectangle_java2.jpg,rectangle_java2.jpg,563488687,56,943.0257142857142,727.4771428571429,941.5,731,91,20,Rectangle,9,class->block->function->block->block_content->decl_stmt->decl->init->expr->call->name
2,30,rectangle_java2.jpg,rectangle_java2.jpg,563672674,100,944.7468,726.696,941.5,731,91,20,Rectangle,9,class->block->function->block->block_content->decl_stmt->decl->init->expr->call->name
2,30,rectangle_java2.jpg,rectangle_java2.jpg,563988555,120,1091.4623333333334,628.6616666666666,1094.5,621,10,21,{,1,class->block->function->block
2,30,rectangle_java2.jpg,rectangle_java2.jpg,564516516,60,936.2133333333334,713.0773333333333,932.5,694,100,21,rect1.area,10,class->block->function->block->block_content->expr_stmt->expr->call->argument_list->argument->expr->call->name->name->operator->name
2,30,rectangle_java2.jpg,rectangle_java2.jpg,564712464,160,864.17725,705.42825,730.5,694,177,21,System.out.println,18,class->block->function->block->block_content->expr_stmt->expr->call->name->name->operator->name->operator->name
2,30,rectangle_java2.jpg,rectangle_java2.jpg,564900522,140,940.9225714285715,709.3117142857143,932.5,694,100,21,rect1.area,10,class->block->function->block->block_content->expr_stmt->expr->call->argument_list->argument->expr->call->name->name->operator->name
2,30,rectangle_java2.jpg,rectangle_java2.jpg,565108512,60,1071.9286666666667,725.8393333333333,1077.5,731,9,20,",",1,class->block->function->block->block_content->decl_stmt->decl->init->expr->call->argument_list
2,30,rectangle_java2.jpg,rectangle_java2.jpg,565316574,84,1217.5390476190476,719.6761904761905,1211.5,731,9,20,),1,class->block->function->block->block_content->decl_stmt->decl->init->expr->call->argument_list
