trial,participant,code_file,code_language,timestamp,duration,x_cord,y_cord,aoi_x,aoi_y,aoi_width,aoi_height,token,length,srcML
2,39,rectangle_java2.jpg,rectangle_java2.jpg,4785668535,172,775.8758139534883,212.82023255813954,715.5,222,90,21,Rectangle,9,class->name
2,39,rectangle_java2.jpg,rectangle_java2.jpg,4785832467,84,774.7795238095238,226.36523809523806,715.5,222,90,21,Rectangle,9,class->name
2,39,rectangle_java2.jpg,rectangle_java2.jpg,4787299965,84,727.6738095238095,285.9585714285714,669.5,295,63,21,public,6,class->block->constructor->specifier
2,39,rectangle_java2.jpg,rectangle_java2.jpg,4787299965,84,727.6738095238095,285.9585714285714,737.5,295,91,21,Rectangle,9,class->block->constructor->name
2,39,rectangle_java2.jpg,rectangle_java2.jpg,4787387917,84,735.5195238095238,287.0733333333333,737.5,295,91,21,Rectangle,9,class->block->constructor->name
2,39,rectangle_java2.jpg,rectangle_java2.jpg,4787744397,104,818.4711538461538,253.99,815.5,259,10,21,",",1,class->block->decl_stmt
2,39,rectangle_java2.jpg,rectangle_java2.jpg,4787856408,108,823.9159259259259,272.5559259259259,815.5,259,10,21,",",1,class->block->decl_stmt
2,39,rectangle_java2.jpg,rectangle_java2.jpg,4787856408,108,823.9159259259259,272.5559259259259,833.5,259,23,21,y1,2,class->block->decl_stmt->decl->name
2,39,rectangle_java2.jpg,rectangle_java2.jpg,4787996407,128,931.3771875,275.27125,929.5,259,23,21,y2,2,class->block->decl_stmt->decl->name
2,39,rectangle_java2.jpg,rectangle_java2.jpg,4788068409,68,930.6511764705882,294.9652941176471,939.5,295,33,21,int,3,class->block->constructor->parameter_list->parameter->decl->type->name
2,39,rectangle_java2.jpg,rectangle_java2.jpg,4788140414,68,932.4276470588236,298.9894117647059,939.5,295,33,21,int,3,class->block->constructor->parameter_list->parameter->decl->type->name
2,39,rectangle_java2.jpg,rectangle_java2.jpg,4788252446,108,936.0248148148148,291.5488888888889,939.5,295,33,21,int,3,class->block->constructor->parameter_list->parameter->decl->type->name
2,39,rectangle_java2.jpg,rectangle_java2.jpg,4788548603,220,796.7125454545454,328.18963636363634,730.5,331,71,19,this.x1,7,class->block->constructor->block->block_content->expr_stmt->expr->name->name->operator->name
2,39,rectangle_java2.jpg,rectangle_java2.jpg,4788548603,220,796.7125454545454,328.18963636363634,806.5,331,15,19,=,1,class->block->constructor->block->block_content->expr_stmt->expr->operator
2,39,rectangle_java2.jpg,rectangle_java2.jpg,4788660387,64,862.500625,328.32,856.5,331,10,19,;,1,class->block->constructor->block->block_content->expr_stmt
2,39,rectangle_java2.jpg,rectangle_java2.jpg,4789032268,144,827.3469444444445,365.9125,826.5,367,23,21,y1,2,class->block->constructor->block->block_content->expr_stmt->expr->name->name
2,39,rectangle_java2.jpg,rectangle_java2.jpg,4789368283,176,839.7445454545455,386.93113636363637,826.5,367,23,21,y1,2,class->block->constructor->block->block_content->expr_stmt->expr->name->name
2,39,rectangle_java2.jpg,rectangle_java2.jpg,4789456280,84,832.1595238095238,392.69,826.5,404,23,19,x2,2,class->block->constructor->block->block_content->expr_stmt->expr->name->name
2,39,rectangle_java2.jpg,rectangle_java2.jpg,4789600277,100,853.3896,402.4348,856.5,404,10,19,;,1,class->block->constructor->block->block_content->expr_stmt
2,39,rectangle_java2.jpg,rectangle_java2.jpg,4789720280,76,850.8226315789474,393.65526315789475,856.5,404,10,19,;,1,class->block->constructor->block->block_content->expr_stmt
2,39,rectangle_java2.jpg,rectangle_java2.jpg,4789884293,56,800.3642857142858,429.7585714285715,730.5,440,71,21,this.y2,7,class->block->constructor->block->block_content->expr_stmt->expr->name->name->operator->name
2,39,rectangle_java2.jpg,rectangle_java2.jpg,4789884293,56,800.3642857142858,429.7585714285715,806.5,440,15,21,=,1,class->block->constructor->block->block_content->expr_stmt->expr->operator
2,39,rectangle_java2.jpg,rectangle_java2.jpg,4789964297,76,807.2342105263158,417.378947368421,806.5,404,15,19,=,1,class->block->constructor->block->block_content->expr_stmt->expr->operator
2,39,rectangle_java2.jpg,rectangle_java2.jpg,4790212247,96,726.68,509.2529166666667,669.5,512,63,21,public,6,class->block->function->type->specifier
2,39,rectangle_java2.jpg,rectangle_java2.jpg,4790212247,96,726.68,509.2529166666667,737.5,512,33,21,int,3,class->block->function->type->name
2,39,rectangle_java2.jpg,rectangle_java2.jpg,4790336080,92,837.6713043478261,510.49260869565217,837.5,512,9,21,(,1,class->block->function->parameter_list
2,39,rectangle_java2.jpg,rectangle_java2.jpg,4790499970,160,843.0745,520.13625,837.5,512,9,21,(,1,class->block->function->parameter_list
2,39,rectangle_java2.jpg,rectangle_java2.jpg,4790499970,160,843.0745,520.13625,854.5,512,9,21,),1,class->block->function->parameter_list
2,39,rectangle_java2.jpg,rectangle_java2.jpg,4790612074,64,845.18125,538.85625,846.5,549,10,21,(,1,class->block->function->parameter_list
2,39,rectangle_java2.jpg,rectangle_java2.jpg,4790920115,248,784.5990322580645,530.5203225806451,775.5,512,53,21,width,5,class->block->function->name
2,39,rectangle_java2.jpg,rectangle_java2.jpg,4790984116,60,784.4713333333333,529.2246666666666,775.5,512,53,21,width,5,class->block->function->name
2,39,rectangle_java2.jpg,rectangle_java2.jpg,4791140122,68,868.7505882352941,539.1311764705882,863.5,549,9,21,),1,class->block->function->parameter_list
2,39,rectangle_java2.jpg,rectangle_java2.jpg,4791439957,144,825.6233333333333,547.9827777777778,775.5,549,62,21,height,6,class->block->function->name
2,39,rectangle_java2.jpg,rectangle_java2.jpg,4791568066,124,838.5916129032258,555.1751612903225,846.5,549,10,21,(,1,class->block->function->parameter_list
2,39,rectangle_java2.jpg,rectangle_java2.jpg,4791852179,116,947.4831034482759,574.2451724137931,910.5,585,62,21,return,6,class->block->function->block->block_content->return
2,39,rectangle_java2.jpg,rectangle_java2.jpg,4791952209,80,858.619,524.438,854.5,512,9,21,),1,class->block->function->parameter_list
2,39,rectangle_java2.jpg,rectangle_java2.jpg,4792092378,136,863.1214705882353,531.4544117647059,854.5,512,9,21,),1,class->block->function->parameter_list
2,39,rectangle_java2.jpg,rectangle_java2.jpg,4792092378,136,863.1214705882353,531.4544117647059,874.5,512,10,21,{,1,class->block->function->block
2,39,rectangle_java2.jpg,rectangle_java2.jpg,4792276928,140,888.8611428571429,526.1225714285714,891.5,512,62,21,return,6,class->block->function->block->block_content->return->expr->name->name
2,39,rectangle_java2.jpg,rectangle_java2.jpg,4792476038,168,998.61,530.302619047619,958.5,512,71,21,this.x2,7,class->block->function->block->block_content->return->expr->name->name->operator->name->operator
2,39,rectangle_java2.jpg,rectangle_java2.jpg,4792584336,56,791.4721428571429,612.6628571428572,738.5,621,61,21,static,6,class->block->function->type->specifier
2,39,rectangle_java2.jpg,rectangle_java2.jpg,4792708424,76,802.2984210526316,627.7668421052632,804.5,621,44,21,void,4,class->block->function->type->name
2,39,rectangle_java2.jpg,rectangle_java2.jpg,4792772248,60,805.2486666666666,618.728,804.5,621,44,21,void,4,class->block->function->type->name
2,39,rectangle_java2.jpg,rectangle_java2.jpg,4792968012,64,838.7262499999999,702.985,730.5,694,177,21,System.out.println,18,class->block->function->block->block_content->expr_stmt->expr->call->name->name->operator->name->operator->name
