trial,participant,code_file,code_language,timestamp,duration,x_cord,y_cord,aoi_x,aoi_y,aoi_width,aoi_height,token,length,srcML
2,73,rectangle_java2.jpg,rectangle_java2.jpg,255218962,148,1040.0608108108108,505.32891891891893,1035.5,512,13,21,-,1,class->block->function->block->block_content->return->expr->name->name
2,73,rectangle_java2.jpg,rectangle_java2.jpg,255290942,68,1053.090588235294,501.26235294117646,1054.5,512,71,21,this.x1,7,class->block->function->block->block_content->return->expr->name->name->operator->name
2,73,rectangle_java2.jpg,rectangle_java2.jpg,256854811,132,948.7718181818182,551.0439393939394,900.5,549,63,21,return,6,class->block->function->block->block_content->return
2,73,rectangle_java2.jpg,rectangle_java2.jpg,257026843,168,950.135,560.9435714285714,900.5,549,63,21,return,6,class->block->function->block->block_content->return
2,73,rectangle_java2.jpg,rectangle_java2.jpg,263130394,284,761.8960563380282,251.62450704225353,747.5,259,33,21,int,3,class->block->decl_stmt->decl->type->name
2,73,rectangle_java2.jpg,rectangle_java2.jpg,263418449,284,736.8885915492958,251.67098591549296,669.5,259,72,21,private,7,class->block->decl_stmt->decl->type->specifier
2,73,rectangle_java2.jpg,rectangle_java2.jpg,263418449,284,736.8885915492958,251.67098591549296,747.5,259,33,21,int,3,class->block->decl_stmt->decl->type->name
2,73,rectangle_java2.jpg,rectangle_java2.jpg,263574488,152,732.3305263157895,252.8105263157895,669.5,259,72,21,private,7,class->block->decl_stmt->decl->type->specifier
2,73,rectangle_java2.jpg,rectangle_java2.jpg,263702478,60,790.248,254.6926666666667,785.5,259,23,21,x1,2,class->block->decl_stmt->decl->name
2,73,rectangle_java2.jpg,rectangle_java2.jpg,264302350,160,941.213,250.10500000000002,929.5,259,23,21,y2,2,class->block->decl_stmt->decl->name
2,73,rectangle_java2.jpg,rectangle_java2.jpg,265354295,128,759.7915624999999,213.39437499999997,715.5,222,90,21,Rectangle,9,class->name
2,73,rectangle_java2.jpg,rectangle_java2.jpg,265686335,88,767.605,302.0509090909091,737.5,295,91,21,Rectangle,9,class->block->constructor->name
2,73,rectangle_java2.jpg,rectangle_java2.jpg,265758324,68,765.4276470588235,300.48764705882354,737.5,295,91,21,Rectangle,9,class->block->constructor->name
2,73,rectangle_java2.jpg,rectangle_java2.jpg,265934297,172,775.7304651162791,295.2111627906977,737.5,295,91,21,Rectangle,9,class->block->constructor->name
2,73,rectangle_java2.jpg,rectangle_java2.jpg,266010289,72,778.885,302.03833333333336,737.5,295,91,21,Rectangle,9,class->block->constructor->name
2,73,rectangle_java2.jpg,rectangle_java2.jpg,266070269,56,748.35,299.705,737.5,295,91,21,Rectangle,9,class->block->constructor->name
2,73,rectangle_java2.jpg,rectangle_java2.jpg,266262047,188,744.2817021276596,302.6214893617021,737.5,295,91,21,Rectangle,9,class->block->constructor->name
2,73,rectangle_java2.jpg,rectangle_java2.jpg,266506210,184,931.7526086956522,302.9054347826087,939.5,295,33,21,int,3,class->block->constructor->parameter_list->parameter->decl->type->name
2,73,rectangle_java2.jpg,rectangle_java2.jpg,266634192,84,891.3052380952381,309.68619047619046,890.5,295,24,21,x1,2,class->block->constructor->parameter_list->parameter->decl->type->name
2,73,rectangle_java2.jpg,rectangle_java2.jpg,266962156,72,747.0222222222222,271.44388888888886,747.5,259,33,21,int,3,class->block->decl_stmt->decl->type->name
2,73,rectangle_java2.jpg,rectangle_java2.jpg,267178139,172,819.8258139534884,291.35,737.5,295,91,21,Rectangle,9,class->block->constructor->name
2,73,rectangle_java2.jpg,rectangle_java2.jpg,267398142,200,818.121,341.7002,806.5,331,15,19,=,1,class->block->constructor->block->block_content->expr_stmt->expr->operator
2,73,rectangle_java2.jpg,rectangle_java2.jpg,267398142,200,818.121,341.7002,826.5,331,23,19,x1,2,class->block->constructor->block->block_content->expr_stmt->expr->name->name
2,73,rectangle_java2.jpg,rectangle_java2.jpg,267702150,68,855.4535294117647,339.56176470588235,856.5,331,10,19,;,1,class->block->constructor->block->block_content->expr_stmt
2,73,rectangle_java2.jpg,rectangle_java2.jpg,267790159,84,849.8657142857143,345.19380952380953,856.5,331,10,19,;,1,class->block->constructor->block->block_content->expr_stmt
2,73,rectangle_java2.jpg,rectangle_java2.jpg,267854165,60,861.8266666666667,335.288,856.5,331,10,19,;,1,class->block->constructor->block->block_content->expr_stmt
2,73,rectangle_java2.jpg,rectangle_java2.jpg,268157962,60,761.802,528.6426666666666,737.5,512,33,21,int,3,class->block->function->type->name
2,73,rectangle_java2.jpg,rectangle_java2.jpg,268498026,116,857.7744827586207,537.8386206896552,863.5,549,9,21,),1,class->block->function->parameter_list
2,73,rectangle_java2.jpg,rectangle_java2.jpg,268650050,104,853.2915384615385,537.2080769230769,846.5,549,10,21,(,1,class->block->function->parameter_list
2,73,rectangle_java2.jpg,rectangle_java2.jpg,268650050,104,853.2915384615385,537.2080769230769,863.5,549,9,21,),1,class->block->function->parameter_list
2,73,rectangle_java2.jpg,rectangle_java2.jpg,268798045,68,850.7152941176471,521.5182352941176,854.5,512,9,21,),1,class->block->function->parameter_list
2,73,rectangle_java2.jpg,rectangle_java2.jpg,268982064,120,851.2646666666667,375.521,856.5,367,10,21,;,1,class->block->constructor->block->block_content->expr_stmt
2,73,rectangle_java2.jpg,rectangle_java2.jpg,269078100,92,849.3360869565217,379.1095652173913,826.5,367,23,21,y1,2,class->block->constructor->block->block_content->expr_stmt->expr->name->name
2,73,rectangle_java2.jpg,rectangle_java2.jpg,269078100,92,849.3360869565217,379.1095652173913,856.5,367,10,21,;,1,class->block->constructor->block->block_content->expr_stmt
2,73,rectangle_java2.jpg,rectangle_java2.jpg,269306051,132,907.8851515151515,545.8139393939393,900.5,549,63,21,return,6,class->block->function->block->block_content->return
2,73,rectangle_java2.jpg,rectangle_java2.jpg,269474270,84,841.8209523809523,579.9409523809524,804.5,585,43,21,area,4,class->block->function->name
2,73,rectangle_java2.jpg,rectangle_java2.jpg,269678094,56,922.9614285714285,591.4971428571429,910.5,585,62,21,return,6,class->block->function->block->block_content->return
2,73,rectangle_java2.jpg,rectangle_java2.jpg,269814073,68,923.8088235294117,573.7288235294118,910.5,585,62,21,return,6,class->block->function->block->block_content->return
2,73,rectangle_java2.jpg,rectangle_java2.jpg,270149927,96,1032.0504166666667,563.8829166666667,968.5,549,70,21,this.y2,7,class->block->function->block->block_content->return->expr->name->name->operator->name
2,73,rectangle_java2.jpg,rectangle_java2.jpg,270313929,160,1032.607,563.654,968.5,549,70,21,this.y2,7,class->block->function->block->block_content->return->expr->name->name->operator->name
2,73,rectangle_java2.jpg,rectangle_java2.jpg,270409936,92,1025.7008695652173,555.3369565217391,968.5,549,70,21,this.y2,7,class->block->function->block->block_content->return->expr->name->name->operator->name
2,73,rectangle_java2.jpg,rectangle_java2.jpg,270537945,72,1030.111111111111,563.7344444444444,968.5,549,70,21,this.y2,7,class->block->function->block->block_content->return->expr->name->name->operator->name
2,73,rectangle_java2.jpg,rectangle_java2.jpg,270765947,60,1152.4853333333333,581.6053333333333,1140.5,585,110,21,this.height,11,class->block->function->block->block_content->return->expr->call->name->name->operator->name
2,73,rectangle_java2.jpg,rectangle_java2.jpg,270833943,64,1157.48125,578.886875,1140.5,585,110,21,this.height,11,class->block->function->block->block_content->return->expr->call->name->name->operator->name
2,73,rectangle_java2.jpg,rectangle_java2.jpg,270953957,96,1118.5466666666666,578.1058333333333,1122.5,585,12,21,*,1,class->block->function->block->block_content->return->expr->operator
2,73,rectangle_java2.jpg,rectangle_java2.jpg,271421990,88,1145.0136363636364,578.065,1140.5,585,110,21,this.height,11,class->block->function->block->block_content->return->expr->call->name->name->operator->name
2,73,rectangle_java2.jpg,rectangle_java2.jpg,271642011,120,1188.7163333333333,592.106,1140.5,585,110,21,this.height,11,class->block->function->block->block_content->return->expr->call->name->name->operator->name
2,73,rectangle_java2.jpg,rectangle_java2.jpg,271929807,80,918.816,541.234,900.5,549,63,21,return,6,class->block->function->block->block_content->return
2,73,rectangle_java2.jpg,rectangle_java2.jpg,272021763,56,878.0407142857143,608.8028571428572,851.5,621,44,21,main,4,class->block->function->name
2,73,rectangle_java2.jpg,rectangle_java2.jpg,272109738,84,883.5771428571428,595.3366666666667,893.5,585,10,21,{,1,class->block->function->block
2,73,rectangle_java2.jpg,rectangle_java2.jpg,272201759,88,877.2145454545455,590.2913636363636,873.5,585,9,21,),1,class->block->function->parameter_list
2,73,rectangle_java2.jpg,rectangle_java2.jpg,272477810,56,945.6742857142857,591.9214285714286,910.5,585,62,21,return,6,class->block->function->block->block_content->return
2,73,rectangle_java2.jpg,rectangle_java2.jpg,272557814,76,947.4136842105263,591.0684210526316,910.5,585,62,21,return,6,class->block->function->block->block_content->return
2,73,rectangle_java2.jpg,rectangle_java2.jpg,272645811,84,947.1371428571429,590.407619047619,910.5,585,62,21,return,6,class->block->function->block->block_content->return
2,73,rectangle_java2.jpg,rectangle_java2.jpg,272773807,104,1057.8842307692307,624.865,1025.5,621,42,21,args,4,class->block->function->parameter_list->parameter->decl->name
2,73,rectangle_java2.jpg,rectangle_java2.jpg,272985837,208,1061.686923076923,623.8701923076923,1025.5,621,42,21,args,4,class->block->function->parameter_list->parameter->decl->name
2,73,rectangle_java2.jpg,rectangle_java2.jpg,273069843,80,1060.1655,616.556,1025.5,621,42,21,args,4,class->block->function->parameter_list->parameter->decl->name
2,73,rectangle_java2.jpg,rectangle_java2.jpg,273429776,56,1054.4835714285714,566.0878571428572,1045.5,549,13,21,-,1,class->block->function->block->block_content->return->expr->operator
2,73,rectangle_java2.jpg,rectangle_java2.jpg,273429776,56,1054.4835714285714,566.0878571428572,1064.5,549,71,21,this.y1,7,class->block->function->block->block_content->return->expr->name->name->operator->name
2,73,rectangle_java2.jpg,rectangle_java2.jpg,273825538,56,798.9692857142857,619.2685714285715,738.5,621,61,21,static,6,class->block->function->type->specifier
2,73,rectangle_java2.jpg,rectangle_java2.jpg,273825538,56,798.9692857142857,619.2685714285715,804.5,621,44,21,void,4,class->block->function->type->name
2,73,rectangle_java2.jpg,rectangle_java2.jpg,274557798,80,828.9385,501.3115,837.5,512,9,21,(,1,class->block->function->parameter_list
2,73,rectangle_java2.jpg,rectangle_java2.jpg,274701710,104,860.84,520.253076923077,854.5,512,9,21,),1,class->block->function->parameter_list
2,73,rectangle_java2.jpg,rectangle_java2.jpg,275189633,64,833.18375,639.04875,804.5,621,44,21,void,4,class->block->function->type->name
2,73,rectangle_java2.jpg,rectangle_java2.jpg,275517548,60,892.1646666666667,565.5953333333333,883.5,549,10,21,{,1,class->block->function->block
2,73,rectangle_java2.jpg,rectangle_java2.jpg,275517548,60,892.1646666666667,565.5953333333333,900.5,549,63,21,return,6,class->block->function->block->block_content->return
2,73,rectangle_java2.jpg,rectangle_java2.jpg,275605435,84,895.3828571428571,559.2914285714286,900.5,549,63,21,return,6,class->block->function->block->block_content->return
2,73,rectangle_java2.jpg,rectangle_java2.jpg,275705380,96,890.8466666666667,557.7933333333333,883.5,549,10,21,{,1,class->block->function->block
2,73,rectangle_java2.jpg,rectangle_java2.jpg,275705380,96,890.8466666666667,557.7933333333333,900.5,549,63,21,return,6,class->block->function->block->block_content->return
2,73,rectangle_java2.jpg,rectangle_java2.jpg,275889533,120,903.0963333333333,532.6766666666666,891.5,512,62,21,return,6,class->block->function->block->block_content->return->expr->name->name
2,73,rectangle_java2.jpg,rectangle_java2.jpg,276029564,68,873.0864705882353,501.40941176470585,874.5,512,10,21,{,1,class->block->function->block
2,73,rectangle_java2.jpg,rectangle_java2.jpg,276105565,72,873.5333333333333,500.69833333333327,874.5,512,10,21,{,1,class->block->function->block
2,73,rectangle_java2.jpg,rectangle_java2.jpg,276545531,100,869.8848,515.1228,874.5,512,10,21,{,1,class->block->function->block
2,73,rectangle_java2.jpg,rectangle_java2.jpg,276661578,112,871.9375,507.6464285714285,874.5,512,10,21,{,1,class->block->function->block
2,73,rectangle_java2.jpg,rectangle_java2.jpg,276737565,72,869.26,518.5005555555556,874.5,512,10,21,{,1,class->block->function->block
2,73,rectangle_java2.jpg,rectangle_java2.jpg,276865519,56,922.1385714285714,579.9835714285714,910.5,585,62,21,return,6,class->block->function->block->block_content->return
2,73,rectangle_java2.jpg,rectangle_java2.jpg,276949526,80,928.391,589.0845,910.5,585,62,21,return,6,class->block->function->block->block_content->return
2,73,rectangle_java2.jpg,rectangle_java2.jpg,277105555,88,923.7895454545454,574.4204545454545,910.5,585,62,21,return,6,class->block->function->block->block_content->return
2,73,rectangle_java2.jpg,rectangle_java2.jpg,277269571,92,1036.835652173913,625.87,1025.5,621,42,21,args,4,class->block->function->parameter_list->parameter->decl->name
2,73,rectangle_java2.jpg,rectangle_java2.jpg,277373419,100,1041.1656,631.7548,1025.5,621,42,21,args,4,class->block->function->parameter_list->parameter->decl->name
2,73,rectangle_java2.jpg,rectangle_java2.jpg,277513256,64,1136.35625,585.838125,1140.5,585,110,21,this.height,11,class->block->function->block->block_content->return->expr->call->name->name->operator->name
2,73,rectangle_java2.jpg,rectangle_java2.jpg,277609387,92,1141.365652173913,584.3021739130435,1140.5,585,110,21,this.height,11,class->block->function->block->block_content->return->expr->call->name->name->operator->name
2,73,rectangle_java2.jpg,rectangle_java2.jpg,277689490,76,1147.0536842105264,591.6005263157895,1140.5,585,110,21,this.height,11,class->block->function->block->block_content->return->expr->call->name->name->operator->name
2,73,rectangle_java2.jpg,rectangle_java2.jpg,278017434,88,912.9172727272727,564.6127272727273,900.5,549,63,21,return,6,class->block->function->block->block_content->return
2,73,rectangle_java2.jpg,rectangle_java2.jpg,278125442,104,915.3057692307692,578.045,910.5,585,62,21,return,6,class->block->function->block->block_content->return
2,73,rectangle_java2.jpg,rectangle_java2.jpg,278401451,56,1024.3614285714286,583.9357142857143,977.5,585,101,21,this.width,10,class->block->function->block->block_content->return->expr->call->name->name->operator->name
2,73,rectangle_java2.jpg,rectangle_java2.jpg,278653413,60,896.4399999999999,551.1186666666666,900.5,549,63,21,return,6,class->block->function->block->block_content->return
2,73,rectangle_java2.jpg,rectangle_java2.jpg,278717404,60,890.3353333333333,538.1373333333333,883.5,549,10,21,{,1,class->block->function->block
2,73,rectangle_java2.jpg,rectangle_java2.jpg,278717404,60,890.3353333333333,538.1373333333333,900.5,549,63,21,return,6,class->block->function->block->block_content->return
2,73,rectangle_java2.jpg,rectangle_java2.jpg,279037373,124,996.891935483871,556.5303225806451,968.5,549,70,21,this.y2,7,class->block->function->block->block_content->return->expr->name->name->operator->name
2,73,rectangle_java2.jpg,rectangle_java2.jpg,279145369,104,1002.73,560.3807692307693,968.5,549,70,21,this.y2,7,class->block->function->block->block_content->return->expr->name->name->operator->name
2,73,rectangle_java2.jpg,rectangle_java2.jpg,279329421,140,1067.0251428571428,564.9982857142858,1064.5,549,71,21,this.y1,7,class->block->function->block->block_content->return->expr->name->name->operator->name
2,73,rectangle_java2.jpg,rectangle_java2.jpg,279409376,76,1070.0163157894738,568.181052631579,1064.5,549,71,21,this.y1,7,class->block->function->block->block_content->return->expr->name->name->operator->name
2,73,rectangle_java2.jpg,rectangle_java2.jpg,279617301,80,1037.0045,575.6125,977.5,585,101,21,this.width,10,class->block->function->block->block_content->return->expr->call->name->name->operator->name
2,73,rectangle_java2.jpg,rectangle_java2.jpg,279781270,80,886.062,557.157,883.5,549,10,21,{,1,class->block->function->block
2,73,rectangle_java2.jpg,rectangle_java2.jpg,279849259,64,888.553125,561.51,883.5,549,10,21,{,1,class->block->function->block
2,73,rectangle_java2.jpg,rectangle_java2.jpg,279849259,64,888.553125,561.51,900.5,549,63,21,return,6,class->block->function->block->block_content->return
2,73,rectangle_java2.jpg,rectangle_java2.jpg,279925255,72,892.0133333333333,554.0694444444445,883.5,549,10,21,{,1,class->block->function->block
2,73,rectangle_java2.jpg,rectangle_java2.jpg,279925255,72,892.0133333333333,554.0694444444445,900.5,549,63,21,return,6,class->block->function->block->block_content->return
2,73,rectangle_java2.jpg,rectangle_java2.jpg,280045271,72,894.595,545.4172222222222,900.5,549,63,21,return,6,class->block->function->block->block_content->return
2,73,rectangle_java2.jpg,rectangle_java2.jpg,280165268,116,893.8996551724138,557.2472413793104,900.5,549,63,21,return,6,class->block->function->block->block_content->return
2,73,rectangle_java2.jpg,rectangle_java2.jpg,280245232,76,895.5468421052632,569.3047368421053,900.5,549,63,21,return,6,class->block->function->block->block_content->return
2,73,rectangle_java2.jpg,rectangle_java2.jpg,280385219,136,890.8094117647059,561.9341176470588,883.5,549,10,21,{,1,class->block->function->block
2,73,rectangle_java2.jpg,rectangle_java2.jpg,280385219,136,890.8094117647059,561.9341176470588,900.5,549,63,21,return,6,class->block->function->block->block_content->return
2,73,rectangle_java2.jpg,rectangle_java2.jpg,280821277,76,969.2178947368421,564.3226315789474,968.5,549,70,21,this.y2,7,class->block->function->block->block_content->return->expr->name->name->operator->name
2,73,rectangle_java2.jpg,rectangle_java2.jpg,280981271,124,1022.1183870967742,578.4477419354839,977.5,585,101,21,this.width,10,class->block->function->block->block_content->return->expr->call->name->name->operator->name
2,73,rectangle_java2.jpg,rectangle_java2.jpg,281105253,120,1031.0953333333332,581.2656666666667,977.5,585,101,21,this.width,10,class->block->function->block->block_content->return->expr->call->name->name->operator->name
2,73,rectangle_java2.jpg,rectangle_java2.jpg,281217187,108,1025.338148148148,591.3448148148149,977.5,585,101,21,this.width,10,class->block->function->block->block_content->return->expr->call->name->name->operator->name
2,73,rectangle_java2.jpg,rectangle_java2.jpg,281469150,248,1028.594193548387,585.4675806451613,977.5,585,101,21,this.width,10,class->block->function->block->block_content->return->expr->call->name->name->operator->name
2,73,rectangle_java2.jpg,rectangle_java2.jpg,281841124,68,1035.4023529411766,559.3070588235294,968.5,549,70,21,this.y2,7,class->block->function->block->block_content->return->expr->name->name->operator->name
2,73,rectangle_java2.jpg,rectangle_java2.jpg,281841124,68,1035.4023529411766,559.3070588235294,1045.5,549,13,21,-,1,class->block->function->block->block_content->return->expr->operator
2,73,rectangle_java2.jpg,rectangle_java2.jpg,281917142,72,1030.5327777777777,568.3255555555555,968.5,549,70,21,this.y2,7,class->block->function->block->block_content->return->expr->name->name->operator->name
2,73,rectangle_java2.jpg,rectangle_java2.jpg,281989158,68,1033.7035294117647,577.8035294117647,977.5,585,101,21,this.width,10,class->block->function->block->block_content->return->expr->call->name->name->operator->name
2,73,rectangle_java2.jpg,rectangle_java2.jpg,282069174,76,1028.0973684210526,582.2063157894737,977.5,585,101,21,this.width,10,class->block->function->block->block_content->return->expr->call->name->name->operator->name
2,73,rectangle_java2.jpg,rectangle_java2.jpg,282293192,64,880.1587499999999,585.713125,873.5,585,9,21,),1,class->block->function->parameter_list
2,73,rectangle_java2.jpg,rectangle_java2.jpg,282417195,120,869.137,594.5473333333333,873.5,585,9,21,),1,class->block->function->parameter_list
2,73,rectangle_java2.jpg,rectangle_java2.jpg,282493193,72,879.9494444444445,575.3938888888889,873.5,585,9,21,),1,class->block->function->parameter_list
2,73,rectangle_java2.jpg,rectangle_java2.jpg,282617194,56,875.23,572.9742857142858,873.5,585,9,21,),1,class->block->function->parameter_list
2,73,rectangle_java2.jpg,rectangle_java2.jpg,282737193,68,925.7023529411765,549.2611764705882,900.5,549,63,21,return,6,class->block->function->block->block_content->return
2,73,rectangle_java2.jpg,rectangle_java2.jpg,282881192,64,914.55875,548.37,900.5,549,63,21,return,6,class->block->function->block->block_content->return
2,73,rectangle_java2.jpg,rectangle_java2.jpg,283021075,68,903.2241176470588,554.785294117647,900.5,549,63,21,return,6,class->block->function->block->block_content->return
2,73,rectangle_java2.jpg,rectangle_java2.jpg,283312933,104,1004.22,558.7188461538461,968.5,549,70,21,this.y2,7,class->block->function->block->block_content->return->expr->name->name->operator->name
2,73,rectangle_java2.jpg,rectangle_java2.jpg,283680999,96,1005.9975000000001,543.3720833333333,968.5,549,70,21,this.y2,7,class->block->function->block->block_content->return->expr->name->name->operator->name
2,73,rectangle_java2.jpg,rectangle_java2.jpg,283852991,108,1137.8785185185186,587.1292592592592,1140.5,585,110,21,this.height,11,class->block->function->block->block_content->return->expr->call->name->name->operator->name
2,73,rectangle_java2.jpg,rectangle_java2.jpg,283992985,136,1132.179705882353,598.584705882353,1122.5,585,12,21,*,1,class->block->function->block->block_content->return->expr->operator
2,73,rectangle_java2.jpg,rectangle_java2.jpg,283992985,136,1132.179705882353,598.584705882353,1140.5,585,110,21,this.height,11,class->block->function->block->block_content->return->expr->call->name->name->operator->name
2,73,rectangle_java2.jpg,rectangle_java2.jpg,284185005,92,1110.8552173913044,596.8991304347826,1103.5,585,9,21,),1,class->block->function->block->block_content->return->expr->call->argument_list
2,73,rectangle_java2.jpg,rectangle_java2.jpg,284185005,92,1110.8552173913044,596.8991304347826,1122.5,585,12,21,*,1,class->block->function->block->block_content->return->expr->operator
2,73,rectangle_java2.jpg,rectangle_java2.jpg,284297008,68,869.0317647058823,553.4017647058823,863.5,549,9,21,),1,class->block->function->parameter_list
2,73,rectangle_java2.jpg,rectangle_java2.jpg,284356999,56,872.19,557.6714285714286,863.5,549,9,21,),1,class->block->function->parameter_list
2,73,rectangle_java2.jpg,rectangle_java2.jpg,284356999,56,872.19,557.6714285714286,883.5,549,10,21,{,1,class->block->function->block
2,73,rectangle_java2.jpg,rectangle_java2.jpg,284497009,136,873.8017647058823,542.8523529411765,883.5,549,10,21,{,1,class->block->function->block
2,73,rectangle_java2.jpg,rectangle_java2.jpg,284573036,72,866.6344444444444,553.6111111111111,863.5,549,9,21,),1,class->block->function->parameter_list
2,73,rectangle_java2.jpg,rectangle_java2.jpg,284741085,56,968.1542857142857,544.8207142857143,968.5,549,70,21,this.y2,7,class->block->function->block->block_content->return->expr->name->name->operator->name
2,73,rectangle_java2.jpg,rectangle_java2.jpg,284857084,112,958.6428571428571,561.2385714285714,900.5,549,63,21,return,6,class->block->function->block->block_content->return
2,73,rectangle_java2.jpg,rectangle_java2.jpg,284857084,112,958.6428571428571,561.2385714285714,968.5,549,70,21,this.y2,7,class->block->function->block->block_content->return->expr->name->name->operator->name
2,73,rectangle_java2.jpg,rectangle_java2.jpg,285220788,92,916.2065217391305,521.7260869565217,891.5,512,62,21,return,6,class->block->function->block->block_content->return->expr->name->name
2,73,rectangle_java2.jpg,rectangle_java2.jpg,285460909,64,908.635,545.803125,900.5,549,63,21,return,6,class->block->function->block->block_content->return
2,73,rectangle_java2.jpg,rectangle_java2.jpg,285524942,60,907.8153333333333,557.648,900.5,549,63,21,return,6,class->block->function->block->block_content->return
2,73,rectangle_java2.jpg,rectangle_java2.jpg,285664990,64,828.33125,278.27125,833.5,259,23,21,y1,2,class->block->decl_stmt->decl->name
2,73,rectangle_java2.jpg,rectangle_java2.jpg,285860885,56,831.0557142857143,344.67071428571427,826.5,331,23,19,x1,2,class->block->constructor->block->block_content->expr_stmt->expr->name->name
2,73,rectangle_java2.jpg,rectangle_java2.jpg,285972895,108,837.3614814814815,349.0722222222222,826.5,331,23,19,x1,2,class->block->constructor->block->block_content->expr_stmt->expr->name->name
2,73,rectangle_java2.jpg,rectangle_java2.jpg,286120940,56,846.0721428571428,411.97785714285715,826.5,404,23,19,x2,2,class->block->constructor->block->block_content->expr_stmt->expr->name->name
2,73,rectangle_java2.jpg,rectangle_java2.jpg,286120940,56,846.0721428571428,411.97785714285715,856.5,404,10,19,;,1,class->block->constructor->block->block_content->expr_stmt
2,73,rectangle_java2.jpg,rectangle_java2.jpg,286184953,60,853.9266666666666,422.802,856.5,404,10,19,;,1,class->block->constructor->block->block_content->expr_stmt
2,73,rectangle_java2.jpg,rectangle_java2.jpg,286296960,108,849.7296296296296,420.7951851851851,856.5,404,10,19,;,1,class->block->constructor->block->block_content->expr_stmt
2,73,rectangle_java2.jpg,rectangle_java2.jpg,286744783,80,835.0235,608.741,804.5,621,44,21,void,4,class->block->function->type->name
2,73,rectangle_java2.jpg,rectangle_java2.jpg,286840634,92,829.0369565217392,611.7817391304347,804.5,621,44,21,void,4,class->block->function->type->name
2,73,rectangle_java2.jpg,rectangle_java2.jpg,287044720,124,1066.2403225806452,621.9348387096774,1025.5,621,42,21,args,4,class->block->function->parameter_list->parameter->decl->name
2,73,rectangle_java2.jpg,rectangle_java2.jpg,287044720,124,1066.2403225806452,621.9348387096774,1074.5,621,10,21,),1,class->block->function->parameter_list
2,73,rectangle_java2.jpg,rectangle_java2.jpg,287188752,92,1006.5695652173913,584.6156521739131,977.5,585,101,21,this.width,10,class->block->function->block->block_content->return->expr->call->name->name->operator->name
2,73,rectangle_java2.jpg,rectangle_java2.jpg,287296741,104,1016.3069230769231,595.1380769230769,977.5,585,101,21,this.width,10,class->block->function->block->block_content->return->expr->call->name->name->operator->name
2,73,rectangle_java2.jpg,rectangle_java2.jpg,287420739,88,844.9559090909091,347.82454545454544,826.5,331,23,19,x1,2,class->block->constructor->block->block_content->expr_stmt->expr->name->name
2,73,rectangle_java2.jpg,rectangle_java2.jpg,287420739,88,844.9559090909091,347.82454545454544,856.5,331,10,19,;,1,class->block->constructor->block->block_content->expr_stmt
2,73,rectangle_java2.jpg,rectangle_java2.jpg,287584723,160,844.5115,344.32125,826.5,331,23,19,x1,2,class->block->constructor->block->block_content->expr_stmt->expr->name->name
2,73,rectangle_java2.jpg,rectangle_java2.jpg,287584723,160,844.5115,344.32125,856.5,331,10,19,;,1,class->block->constructor->block->block_content->expr_stmt
2,73,rectangle_java2.jpg,rectangle_java2.jpg,287904769,268,804.7685074626866,231.20850746268655,715.5,222,90,21,Rectangle,9,class->name
2,73,rectangle_java2.jpg,rectangle_java2.jpg,287904769,268,804.7685074626866,231.20850746268655,813.5,222,10,21,{,1,class->block
2,73,rectangle_java2.jpg,rectangle_java2.jpg,288448744,120,839.3313333333333,250.37766666666664,833.5,259,23,21,y1,2,class->block->decl_stmt->decl->name
2,73,rectangle_java2.jpg,rectangle_java2.jpg,288984696,164,841.8260975609757,344.41512195121953,826.5,331,23,19,x1,2,class->block->constructor->block->block_content->expr_stmt->expr->name->name
2,73,rectangle_java2.jpg,rectangle_java2.jpg,289044719,56,844.6564285714286,369.1328571428571,826.5,367,23,21,y1,2,class->block->constructor->block->block_content->expr_stmt->expr->name->name
2,73,rectangle_java2.jpg,rectangle_java2.jpg,289044719,56,844.6564285714286,369.1328571428571,856.5,367,10,21,;,1,class->block->constructor->block->block_content->expr_stmt
2,73,rectangle_java2.jpg,rectangle_java2.jpg,289176686,128,849.60125,367.743125,856.5,367,10,21,;,1,class->block->constructor->block->block_content->expr_stmt
2,73,rectangle_java2.jpg,rectangle_java2.jpg,289304614,124,837.4051612903226,374.34548387096777,826.5,367,23,21,y1,2,class->block->constructor->block->block_content->expr_stmt->expr->name->name
2,73,rectangle_java2.jpg,rectangle_java2.jpg,290108601,88,947.9931818181818,555.9704545454546,900.5,549,63,21,return,6,class->block->function->block->block_content->return
2,73,rectangle_java2.jpg,rectangle_java2.jpg,290236622,80,947.3265,553.153,900.5,549,63,21,return,6,class->block->function->block->block_content->return
2,73,rectangle_java2.jpg,rectangle_java2.jpg,290636539,360,1046.0997777777777,581.1674444444444,977.5,585,101,21,this.width,10,class->block->function->block->block_content->return->expr->call->name->name->operator->name
2,73,rectangle_java2.jpg,rectangle_java2.jpg,290792507,116,1116.2062068965517,598.028275862069,1122.5,585,12,21,*,1,class->block->function->block->block_content->return->expr->operator
2,73,rectangle_java2.jpg,rectangle_java2.jpg,291112601,108,1144.055925925926,602.2166666666667,1140.5,585,110,21,this.height,11,class->block->function->block->block_content->return->expr->call->name->name->operator->name
2,73,rectangle_java2.jpg,rectangle_java2.jpg,291320528,72,1177.0149999999999,605.5438888888889,1140.5,585,110,21,this.height,11,class->block->function->block->block_content->return->expr->call->name->name->operator->name
2,73,rectangle_java2.jpg,rectangle_java2.jpg,292888368,68,870.7370588235294,651.7311764705883,826.5,658,52,20,rect1,5,class->block->function->block->block_content->decl_stmt->decl->name
2,73,rectangle_java2.jpg,rectangle_java2.jpg,292960391,68,870.7776470588235,640.6876470588236,851.5,621,44,21,main,4,class->block->function->name
2,73,rectangle_java2.jpg,rectangle_java2.jpg,293040418,76,868.2489473684211,638.8952631578948,851.5,621,44,21,main,4,class->block->function->name
2,73,rectangle_java2.jpg,rectangle_java2.jpg,293224417,76,832.8931578947369,640.0205263157894,804.5,621,44,21,void,4,class->block->function->type->name
2,73,rectangle_java2.jpg,rectangle_java2.jpg,293484361,88,869.0359090909091,595.99,873.5,585,9,21,),1,class->block->function->parameter_list
2,73,rectangle_java2.jpg,rectangle_java2.jpg,293624411,92,1161.5778260869565,583.5382608695652,1140.5,585,110,21,this.height,11,class->block->function->block->block_content->return->expr->call->name->name->operator->name
2,73,rectangle_java2.jpg,rectangle_java2.jpg,293736444,108,1164.5085185185185,583.4633333333334,1140.5,585,110,21,this.height,11,class->block->function->block->block_content->return->expr->call->name->name->operator->name
2,73,rectangle_java2.jpg,rectangle_java2.jpg,293812452,72,1154.3544444444444,589.14,1140.5,585,110,21,this.height,11,class->block->function->block->block_content->return->expr->call->name->name->operator->name
2,73,rectangle_java2.jpg,rectangle_java2.jpg,293964413,60,1154.8673333333334,575.7533333333333,1140.5,585,110,21,this.height,11,class->block->function->block->block_content->return->expr->call->name->name->operator->name
2,73,rectangle_java2.jpg,rectangle_java2.jpg,294080379,64,1135.948125,581.36,1140.5,585,110,21,this.height,11,class->block->function->block->block_content->return->expr->call->name->name->operator->name
2,73,rectangle_java2.jpg,rectangle_java2.jpg,294172375,88,1136.0559090909092,587.3990909090909,1140.5,585,110,21,this.height,11,class->block->function->block->block_content->return->expr->call->name->name->operator->name
2,73,rectangle_java2.jpg,rectangle_java2.jpg,294560176,100,1129.4032,550.7008,1064.5,549,71,21,this.y1,7,class->block->function->block->block_content->return->expr->name->name->operator->name
2,73,rectangle_java2.jpg,rectangle_java2.jpg,294660277,96,1123.8604166666667,560.1008333333333,1064.5,549,71,21,this.y1,7,class->block->function->block->block_content->return->expr->name->name->operator->name
2,73,rectangle_java2.jpg,rectangle_java2.jpg,294752291,88,1119.9813636363638,569.1886363636364,1064.5,549,71,21,this.y1,7,class->block->function->block->block_content->return->expr->name->name->operator->name
2,73,rectangle_java2.jpg,rectangle_java2.jpg,294944234,188,1127.4568085106382,591.6265957446809,1122.5,585,12,21,*,1,class->block->function->block->block_content->return->expr->operator
2,73,rectangle_java2.jpg,rectangle_java2.jpg,295052214,104,1131.9884615384615,584.5819230769231,1122.5,585,12,21,*,1,class->block->function->block->block_content->return->expr->operator
2,73,rectangle_java2.jpg,rectangle_java2.jpg,295052214,104,1131.9884615384615,584.5819230769231,1140.5,585,110,21,this.height,11,class->block->function->block->block_content->return->expr->call->name->name->operator->name
2,73,rectangle_java2.jpg,rectangle_java2.jpg,295208206,152,1111.293947368421,588.818947368421,1103.5,585,9,21,),1,class->block->function->block->block_content->return->expr->call->argument_list
2,73,rectangle_java2.jpg,rectangle_java2.jpg,295208206,152,1111.293947368421,588.818947368421,1122.5,585,12,21,*,1,class->block->function->block->block_content->return->expr->operator
2,73,rectangle_java2.jpg,rectangle_java2.jpg,295336223,68,1186.8164705882352,588.5976470588236,1140.5,585,110,21,this.height,11,class->block->function->block->block_content->return->expr->call->name->name->operator->name
2,73,rectangle_java2.jpg,rectangle_java2.jpg,295536248,196,1184.4310204081632,591.1183673469387,1140.5,585,110,21,this.height,11,class->block->function->block->block_content->return->expr->call->name->name->operator->name
2,73,rectangle_java2.jpg,rectangle_java2.jpg,295780235,212,1108.5024528301888,579.1260377358491,1103.5,585,9,21,),1,class->block->function->block->block_content->return->expr->call->argument_list
2,73,rectangle_java2.jpg,rectangle_java2.jpg,295952248,104,877.3880769230769,537.97,883.5,549,10,21,{,1,class->block->function->block
2,73,rectangle_java2.jpg,rectangle_java2.jpg,296064257,108,865.7662962962963,542.8866666666667,863.5,549,9,21,),1,class->block->function->parameter_list
2,73,rectangle_java2.jpg,rectangle_java2.jpg,296224025,124,832.4712903225807,526.8967741935484,837.5,512,9,21,(,1,class->block->function->parameter_list
2,73,rectangle_java2.jpg,rectangle_java2.jpg,296812132,112,841.2446428571428,323.38678571428574,826.5,331,23,19,x1,2,class->block->constructor->block->block_content->expr_stmt->expr->name->name
2,73,rectangle_java2.jpg,rectangle_java2.jpg,297016107,140,849.4742857142858,458.84028571428576,826.5,440,23,21,y2,2,class->block->constructor->block->block_content->expr_stmt->expr->name->name
2,73,rectangle_java2.jpg,rectangle_java2.jpg,297016107,140,849.4742857142858,458.84028571428576,856.5,440,10,21,;,1,class->block->constructor->block->block_content->expr_stmt
2,73,rectangle_java2.jpg,rectangle_java2.jpg,297224111,148,854.1351351351351,419.7037837837838,856.5,404,10,19,;,1,class->block->constructor->block->block_content->expr_stmt
2,73,rectangle_java2.jpg,rectangle_java2.jpg,297432205,76,842.57,259.52684210526314,833.5,259,23,21,y1,2,class->block->decl_stmt->decl->name
2,73,rectangle_java2.jpg,rectangle_java2.jpg,297516222,80,860.304,256.45799999999997,863.5,259,10,21,",",1,class->block->decl_stmt
2,73,rectangle_java2.jpg,rectangle_java2.jpg,297776133,220,822.2456363636363,236.31472727272728,813.5,222,10,21,{,1,class->block
2,73,rectangle_java2.jpg,rectangle_java2.jpg,297876115,96,821.01375,235.9275,813.5,222,10,21,{,1,class->block
2,73,rectangle_java2.jpg,rectangle_java2.jpg,297940102,60,818.4846666666667,234.60266666666666,813.5,222,10,21,{,1,class->block
2,73,rectangle_java2.jpg,rectangle_java2.jpg,298020081,76,812.9442105263158,255.03999999999996,815.5,259,10,21,",",1,class->block->decl_stmt
2,73,rectangle_java2.jpg,rectangle_java2.jpg,298407979,76,878.1568421052632,290.0157894736842,853.5,295,32,21,int,3,class->block->constructor->parameter_list->parameter->decl->type->name
2,73,rectangle_java2.jpg,rectangle_java2.jpg,298407979,76,878.1568421052632,290.0157894736842,890.5,295,24,21,x1,2,class->block->constructor->parameter_list->parameter->decl->type->name
2,73,rectangle_java2.jpg,rectangle_java2.jpg,298651973,60,851.2133333333334,248.76999999999998,833.5,259,23,21,y1,2,class->block->decl_stmt->decl->name
2,73,rectangle_java2.jpg,rectangle_java2.jpg,298651973,60,851.2133333333334,248.76999999999998,863.5,259,10,21,",",1,class->block->decl_stmt
2,73,rectangle_java2.jpg,rectangle_java2.jpg,298747965,56,765.3278571428572,225.48714285714289,715.5,222,90,21,Rectangle,9,class->name
2,73,rectangle_java2.jpg,rectangle_java2.jpg,298899949,68,761.8252941176471,238.7811764705882,715.5,222,90,21,Rectangle,9,class->name
2,73,rectangle_java2.jpg,rectangle_java2.jpg,299068000,124,828.7938709677419,247.6670967741935,833.5,259,23,21,y1,2,class->block->decl_stmt->decl->name
2,73,rectangle_java2.jpg,rectangle_java2.jpg,299140009,56,717.06,240.70285714285717,715.5,222,90,21,Rectangle,9,class->name
2,73,rectangle_java2.jpg,rectangle_java2.jpg,299224001,80,718.4235,234.4995,715.5,222,90,21,Rectangle,9,class->name
2,73,rectangle_java2.jpg,rectangle_java2.jpg,300419840,72,1116.9277777777777,578.2466666666667,1122.5,585,12,21,*,1,class->block->function->block->block_content->return->expr->operator
2,73,rectangle_java2.jpg,rectangle_java2.jpg,300531865,108,1116.8544444444444,569.3574074074074,1064.5,549,71,21,this.y1,7,class->block->function->block->block_content->return->expr->name->name->operator->name
2,73,rectangle_java2.jpg,rectangle_java2.jpg,300655951,56,1162.3692857142858,592.2464285714286,1140.5,585,110,21,this.height,11,class->block->function->block->block_content->return->expr->call->name->name->operator->name
2,73,rectangle_java2.jpg,rectangle_java2.jpg,301003859,80,1159.4485,576.9815,1140.5,585,110,21,this.height,11,class->block->function->block->block_content->return->expr->call->name->name->operator->name
2,73,rectangle_java2.jpg,rectangle_java2.jpg,301135822,100,1118.2924,601.7696,1122.5,585,12,21,*,1,class->block->function->block->block_content->return->expr->operator
2,73,rectangle_java2.jpg,rectangle_java2.jpg,301755812,64,1159.4793750000001,600.636875,1140.5,585,110,21,this.height,11,class->block->function->block->block_content->return->expr->call->name->name->operator->name
2,73,rectangle_java2.jpg,rectangle_java2.jpg,302439890,72,1129.033888888889,586.3388888888888,1122.5,585,12,21,*,1,class->block->function->block->block_content->return->expr->operator
2,73,rectangle_java2.jpg,rectangle_java2.jpg,302439890,72,1129.033888888889,586.3388888888888,1140.5,585,110,21,this.height,11,class->block->function->block->block_content->return->expr->call->name->name->operator->name
2,73,rectangle_java2.jpg,rectangle_java2.jpg,302547949,68,887.0570588235294,615.4011764705882,851.5,621,44,21,main,4,class->block->function->name
2,73,rectangle_java2.jpg,rectangle_java2.jpg,302675861,124,876.0529032258064,613.8425806451613,851.5,621,44,21,main,4,class->block->function->name
2,73,rectangle_java2.jpg,rectangle_java2.jpg,302771840,60,1003.284,614.9300000000001,1007.5,621,10,21,],1,class->block->function->parameter_list->parameter->decl->type->name->index
2,73,rectangle_java2.jpg,rectangle_java2.jpg,303095751,56,920.005,577.97,910.5,585,62,21,return,6,class->block->function->block->block_content->return
2,73,rectangle_java2.jpg,rectangle_java2.jpg,303163742,64,917.8025,573.6375,910.5,585,62,21,return,6,class->block->function->block->block_content->return
2,73,rectangle_java2.jpg,rectangle_java2.jpg,303307730,140,915.6542857142857,573.7025714285714,910.5,585,62,21,return,6,class->block->function->block->block_content->return
2,73,rectangle_java2.jpg,rectangle_java2.jpg,303719575,56,823.2907142857143,547.7964285714286,775.5,549,62,21,height,6,class->block->function->name
2,73,rectangle_java2.jpg,rectangle_java2.jpg,304047512,184,758.7560869565217,238.75652173913045,715.5,222,90,21,Rectangle,9,class->name
2,73,rectangle_java2.jpg,rectangle_java2.jpg,304315573,188,756.7248936170213,299.9251063829787,737.5,295,91,21,Rectangle,9,class->block->constructor->name
2,73,rectangle_java2.jpg,rectangle_java2.jpg,304531556,200,777.2296,232.08479999999997,715.5,222,90,21,Rectangle,9,class->name
2,73,rectangle_java2.jpg,rectangle_java2.jpg,305099539,264,738.8089393939393,222.030303030303,715.5,222,90,21,Rectangle,9,class->name
2,73,rectangle_java2.jpg,rectangle_java2.jpg,305599398,128,755.5840625,335.538125,730.5,331,71,19,this.x1,7,class->block->constructor->block->block_content->expr_stmt->expr->name->name->operator->name
2,73,rectangle_java2.jpg,rectangle_java2.jpg,305771265,128,819.9315625,314.324375,737.5,295,91,21,Rectangle,9,class->block->constructor->name
2,73,rectangle_java2.jpg,rectangle_java2.jpg,305899412,96,751.9545833333333,302.30333333333334,737.5,295,91,21,Rectangle,9,class->block->constructor->name
2,73,rectangle_java2.jpg,rectangle_java2.jpg,306039408,92,754.0578260869565,291.454347826087,737.5,295,91,21,Rectangle,9,class->block->constructor->name
2,73,rectangle_java2.jpg,rectangle_java2.jpg,306111406,68,751.7323529411765,306.68882352941176,737.5,295,91,21,Rectangle,9,class->block->constructor->name
2,73,rectangle_java2.jpg,rectangle_java2.jpg,306355403,200,820.655,302.8196,737.5,295,91,21,Rectangle,9,class->block->constructor->name
2,73,rectangle_java2.jpg,rectangle_java2.jpg,306611420,188,827.5534042553192,451.6827659574468,826.5,440,23,21,y2,2,class->block->constructor->block->block_content->expr_stmt->expr->name->name
2,73,rectangle_java2.jpg,rectangle_java2.jpg,306687426,72,826.1333333333333,456.0144444444445,826.5,440,23,21,y2,2,class->block->constructor->block->block_content->expr_stmt->expr->name->name
2,73,rectangle_java2.jpg,rectangle_java2.jpg,307251430,168,836.7985714285714,339.86309523809524,826.5,331,23,19,x1,2,class->block->constructor->block->block_content->expr_stmt->expr->name->name
2,73,rectangle_java2.jpg,rectangle_java2.jpg,307399455,144,837.7152777777778,331.8463888888889,826.5,331,23,19,x1,2,class->block->constructor->block->block_content->expr_stmt->expr->name->name
2,73,rectangle_java2.jpg,rectangle_java2.jpg,307579406,152,844.656052631579,392.78026315789475,826.5,404,23,19,x2,2,class->block->constructor->block->block_content->expr_stmt->expr->name->name
2,73,rectangle_java2.jpg,rectangle_java2.jpg,307579406,152,844.656052631579,392.78026315789475,856.5,404,10,19,;,1,class->block->constructor->block->block_content->expr_stmt
2,73,rectangle_java2.jpg,rectangle_java2.jpg,307799283,116,1085.01,634.0441379310345,1094.5,621,10,21,{,1,class->block->function->block
2,73,rectangle_java2.jpg,rectangle_java2.jpg,307983289,144,976.2416666666667,599.7222222222223,977.5,585,101,21,this.width,10,class->block->function->block->block_content->return->expr->call->name->name->operator->name
2,73,rectangle_java2.jpg,rectangle_java2.jpg,308075308,88,974.9913636363636,588.5595454545454,977.5,585,101,21,this.width,10,class->block->function->block->block_content->return->expr->call->name->name->operator->name
2,73,rectangle_java2.jpg,rectangle_java2.jpg,308331310,180,893.97,598.3875555555555,893.5,585,10,21,{,1,class->block->function->block
2,73,rectangle_java2.jpg,rectangle_java2.jpg,308743326,88,972.6786363636363,589.6504545454545,977.5,585,101,21,this.width,10,class->block->function->block->block_content->return->expr->call->name->name->operator->name
2,73,rectangle_java2.jpg,rectangle_java2.jpg,308811307,64,976.02375,584.7075,977.5,585,101,21,this.width,10,class->block->function->block->block_content->return->expr->call->name->name->operator->name
2,73,rectangle_java2.jpg,rectangle_java2.jpg,308895282,80,967.478,588.569,910.5,585,62,21,return,6,class->block->function->block->block_content->return
2,73,rectangle_java2.jpg,rectangle_java2.jpg,308895282,80,967.478,588.569,977.5,585,101,21,this.width,10,class->block->function->block->block_content->return->expr->call->name->name->operator->name
2,73,rectangle_java2.jpg,rectangle_java2.jpg,308991291,56,983.5035714285714,588.0942857142857,977.5,585,101,21,this.width,10,class->block->function->block->block_content->return->expr->call->name->name->operator->name
2,73,rectangle_java2.jpg,rectangle_java2.jpg,309059302,64,981.966875,580.60625,977.5,585,101,21,this.width,10,class->block->function->block->block_content->return->expr->call->name->name->operator->name
2,73,rectangle_java2.jpg,rectangle_java2.jpg,309255295,136,1040.2073529411764,579.7088235294118,977.5,585,101,21,this.width,10,class->block->function->block->block_content->return->expr->call->name->name->operator->name
2,73,rectangle_java2.jpg,rectangle_java2.jpg,309367204,56,917.7428571428571,564.6371428571429,900.5,549,63,21,return,6,class->block->function->block->block_content->return
2,73,rectangle_java2.jpg,rectangle_java2.jpg,309566948,88,907.1459090909091,560.21,900.5,549,63,21,return,6,class->block->function->block->block_content->return
2,73,rectangle_java2.jpg,rectangle_java2.jpg,309771114,60,952.148,579.0693333333334,910.5,585,62,21,return,6,class->block->function->block->block_content->return
2,73,rectangle_java2.jpg,rectangle_java2.jpg,309855128,56,835.7678571428571,634.7078571428572,804.5,621,44,21,void,4,class->block->function->type->name
2,73,rectangle_java2.jpg,rectangle_java2.jpg,309943135,84,832.3866666666667,632.0285714285715,804.5,621,44,21,void,4,class->block->function->type->name
2,73,rectangle_java2.jpg,rectangle_java2.jpg,310227227,112,884.855,601.2514285714286,893.5,585,10,21,{,1,class->block->function->block
2,73,rectangle_java2.jpg,rectangle_java2.jpg,310375252,144,886.9513888888889,602.5536111111111,893.5,585,10,21,{,1,class->block->function->block
2,73,rectangle_java2.jpg,rectangle_java2.jpg,310551207,80,857.8345,604.875,856.5,585,9,21,(,1,class->block->function->parameter_list
2,73,rectangle_java2.jpg,rectangle_java2.jpg,310639165,84,860.5633333333333,603.7509523809524,856.5,585,9,21,(,1,class->block->function->parameter_list
2,73,rectangle_java2.jpg,rectangle_java2.jpg,310727130,64,975.6575,595.621875,977.5,585,101,21,this.width,10,class->block->function->block->block_content->return->expr->call->name->name->operator->name
2,73,rectangle_java2.jpg,rectangle_java2.jpg,310811142,80,970.15,611.025,920.5,621,62,21,String,6,class->block->function->parameter_list->parameter->decl->type->name->name
2,73,rectangle_java2.jpg,rectangle_java2.jpg,310955193,72,1068.4722222222222,622.2183333333334,1074.5,621,10,21,),1,class->block->function->parameter_list
2,73,rectangle_java2.jpg,rectangle_java2.jpg,311067202,108,1067.3492592592593,633.5177777777777,1025.5,621,42,21,args,4,class->block->function->parameter_list->parameter->decl->name
2,73,rectangle_java2.jpg,rectangle_java2.jpg,311067202,108,1067.3492592592593,633.5177777777777,1074.5,621,10,21,),1,class->block->function->parameter_list
2,73,rectangle_java2.jpg,rectangle_java2.jpg,311623049,64,1151.81625,592.231875,1140.5,585,110,21,this.height,11,class->block->function->block->block_content->return->expr->call->name->name->operator->name
2,73,rectangle_java2.jpg,rectangle_java2.jpg,311707068,80,1149.129,587.496,1140.5,585,110,21,this.height,11,class->block->function->block->block_content->return->expr->call->name->name->operator->name
2,73,rectangle_java2.jpg,rectangle_java2.jpg,311863071,112,1134.8435714285715,595.0196428571429,1140.5,585,110,21,this.height,11,class->block->function->block->block_content->return->expr->call->name->name->operator->name
2,73,rectangle_java2.jpg,rectangle_java2.jpg,312039095,152,1032.5923684210527,586.3902631578948,977.5,585,101,21,this.width,10,class->block->function->block->block_content->return->expr->call->name->name->operator->name
2,73,rectangle_java2.jpg,rectangle_java2.jpg,312123102,80,1024.9675,582.946,977.5,585,101,21,this.width,10,class->block->function->block->block_content->return->expr->call->name->name->operator->name
2,73,rectangle_java2.jpg,rectangle_java2.jpg,312235098,108,1022.1396296296297,597.6807407407407,977.5,585,101,21,this.width,10,class->block->function->block->block_content->return->expr->call->name->name->operator->name
2,73,rectangle_java2.jpg,rectangle_java2.jpg,312319085,80,1027.0695,591.735,977.5,585,101,21,this.width,10,class->block->function->block->block_content->return->expr->call->name->name->operator->name
2,73,rectangle_java2.jpg,rectangle_java2.jpg,312627042,72,1048.2072222222223,589.2883333333333,977.5,585,101,21,this.width,10,class->block->function->block->block_content->return->expr->call->name->name->operator->name
2,73,rectangle_java2.jpg,rectangle_java2.jpg,313898931,200,1073.9942,659.9245999999999,1077.5,658,9,20,",",1,class->block->function->block->block_content->decl_stmt->decl->init->expr->call->argument_list
2,73,rectangle_java2.jpg,rectangle_java2.jpg,313978920,68,999.9794117647059,658.8341176470589,941.5,658,91,20,Rectangle,9,class->block->function->block->block_content->decl_stmt->decl->init->expr->call->name
2,73,rectangle_java2.jpg,rectangle_java2.jpg,314086905,104,1000.8707692307693,655.1830769230769,941.5,658,91,20,Rectangle,9,class->block->function->block->block_content->decl_stmt->decl->init->expr->call->name
2,73,rectangle_java2.jpg,rectangle_java2.jpg,314154908,64,994.391875,651.291875,941.5,658,91,20,Rectangle,9,class->block->function->block->block_content->decl_stmt->decl->init->expr->call->name
2,73,rectangle_java2.jpg,rectangle_java2.jpg,314326912,116,873.3151724137931,541.1762068965518,883.5,549,10,21,{,1,class->block->function->block
2,73,rectangle_java2.jpg,rectangle_java2.jpg,314594863,140,850.0877142857142,585.6602857142857,856.5,585,9,21,(,1,class->block->function->parameter_list
2,73,rectangle_java2.jpg,rectangle_java2.jpg,314730879,132,836.6648484848484,565.4881818181818,775.5,549,62,21,height,6,class->block->function->name
2,73,rectangle_java2.jpg,rectangle_java2.jpg,314730879,132,836.6648484848484,565.4881818181818,846.5,549,10,21,(,1,class->block->function->parameter_list
2,73,rectangle_java2.jpg,rectangle_java2.jpg,314858911,124,831.1758064516129,581.3558064516129,804.5,585,43,21,area,4,class->block->function->name
2,73,rectangle_java2.jpg,rectangle_java2.jpg,315022699,160,814.0695,593.1135,804.5,585,43,21,area,4,class->block->function->name
2,73,rectangle_java2.jpg,rectangle_java2.jpg,315218730,64,953.430625,589.5137500000001,910.5,585,62,21,return,6,class->block->function->block->block_content->return
2,73,rectangle_java2.jpg,rectangle_java2.jpg,315282799,60,961.224,575.4493333333334,910.5,585,62,21,return,6,class->block->function->block->block_content->return
2,73,rectangle_java2.jpg,rectangle_java2.jpg,315430876,96,1051.7966666666666,593.5108333333334,977.5,585,101,21,this.width,10,class->block->function->block->block_content->return->expr->call->name->name->operator->name
2,73,rectangle_java2.jpg,rectangle_java2.jpg,315790881,100,1090.5164,559.2616,1064.5,549,71,21,this.y1,7,class->block->function->block->block_content->return->expr->name->name->operator->name
2,73,rectangle_java2.jpg,rectangle_java2.jpg,316002792,68,1152.2794117647059,600.1382352941176,1140.5,585,110,21,this.height,11,class->block->function->block->block_content->return->expr->call->name->name->operator->name
2,73,rectangle_java2.jpg,rectangle_java2.jpg,316118736,112,1150.7132142857142,599.1403571428572,1140.5,585,110,21,this.height,11,class->block->function->block->block_content->return->expr->call->name->name->operator->name
2,73,rectangle_java2.jpg,rectangle_java2.jpg,316202775,80,1134.591,605.671,1140.5,585,110,21,this.height,11,class->block->function->block->block_content->return->expr->call->name->name->operator->name
2,73,rectangle_java2.jpg,rectangle_java2.jpg,316478691,196,800.0516326530612,357.05734693877554,730.5,367,71,21,this.y1,7,class->block->constructor->block->block_content->expr_stmt->expr->name->name->operator->name
2,73,rectangle_java2.jpg,rectangle_java2.jpg,316478691,196,800.0516326530612,357.05734693877554,806.5,367,15,21,=,1,class->block->constructor->block->block_content->expr_stmt->expr->operator
2,73,rectangle_java2.jpg,rectangle_java2.jpg,316786815,60,818.6926666666667,233.89800000000002,813.5,222,10,21,{,1,class->block
2,73,rectangle_java2.jpg,rectangle_java2.jpg,316942791,152,819.4323684210526,242.12026315789473,813.5,222,10,21,{,1,class->block
2,73,rectangle_java2.jpg,rectangle_java2.jpg,317378652,156,1112.7553846153846,596.7389743589744,1122.5,585,12,21,*,1,class->block->function->block->block_content->return->expr->operator
2,73,rectangle_java2.jpg,rectangle_java2.jpg,317554626,68,852.4588235294118,682.5023529411765,730.5,694,177,21,System.out.println,18,class->block->function->block->block_content->expr_stmt->expr->call->name->name->operator->name->operator->name
2,73,rectangle_java2.jpg,rectangle_java2.jpg,317622635,64,866.728125,663.670625,826.5,658,52,20,rect1,5,class->block->function->block->block_content->decl_stmt->decl->name
2,73,rectangle_java2.jpg,rectangle_java2.jpg,317830661,168,882.3721428571429,610.3926190476191,851.5,621,44,21,main,4,class->block->function->name
2,73,rectangle_java2.jpg,rectangle_java2.jpg,318022687,108,1007.7851851851852,620.9859259259259,1007.5,621,10,21,],1,class->block->function->parameter_list->parameter->decl->type->name->index
2,73,rectangle_java2.jpg,rectangle_java2.jpg,318290663,156,935.7233333333334,586.1305128205129,910.5,585,62,21,return,6,class->block->function->block->block_content->return
2,73,rectangle_java2.jpg,rectangle_java2.jpg,318434623,104,1075.5742307692308,620.0442307692308,1074.5,621,10,21,),1,class->block->function->parameter_list
2,73,rectangle_java2.jpg,rectangle_java2.jpg,318790623,112,1081.777142857143,590.0728571428572,1086.5,585,10,21,(,1,class->block->function->block->block_content->return->expr->call->argument_list
2,73,rectangle_java2.jpg,rectangle_java2.jpg,319042580,96,1099.9329166666666,621.8883333333333,1094.5,621,10,21,{,1,class->block->function->block
2,73,rectangle_java2.jpg,rectangle_java2.jpg,319222544,144,1167.9408333333333,587.6241666666667,1140.5,585,110,21,this.height,11,class->block->function->block->block_content->return->expr->call->name->name->operator->name
2,73,rectangle_java2.jpg,rectangle_java2.jpg,319386523,112,857.8810714285714,563.9492857142857,863.5,549,9,21,),1,class->block->function->parameter_list
2,73,rectangle_java2.jpg,rectangle_java2.jpg,319714537,172,1096.2162790697676,623.0774418604651,1094.5,621,10,21,{,1,class->block->function->block
2,73,rectangle_java2.jpg,rectangle_java2.jpg,319794535,76,1090.1842105263158,614.811052631579,1094.5,621,10,21,{,1,class->block->function->block
2,73,rectangle_java2.jpg,rectangle_java2.jpg,319870536,72,1088.2222222222222,618.245,1094.5,621,10,21,{,1,class->block->function->block
2,73,rectangle_java2.jpg,rectangle_java2.jpg,320282484,112,1165.2628571428572,604.5025,1140.5,585,110,21,this.height,11,class->block->function->block->block_content->return->expr->call->name->name->operator->name
2,73,rectangle_java2.jpg,rectangle_java2.jpg,320378464,72,1007.0,588.8166666666667,977.5,585,101,21,this.width,10,class->block->function->block->block_content->return->expr->call->name->name->operator->name
2,73,rectangle_java2.jpg,rectangle_java2.jpg,320554500,172,1004.9048837209302,596.6113953488372,977.5,585,101,21,this.width,10,class->block->function->block->block_content->return->expr->call->name->name->operator->name
2,73,rectangle_java2.jpg,rectangle_java2.jpg,320738328,140,921.6254285714285,564.7931428571428,900.5,549,63,21,return,6,class->block->function->block->block_content->return
2,73,rectangle_java2.jpg,rectangle_java2.jpg,320850345,76,806.1263157894737,569.2173684210526,775.5,549,62,21,height,6,class->block->function->name
2,73,rectangle_java2.jpg,rectangle_java2.jpg,320958383,56,823.4057142857143,545.5807142857143,775.5,549,62,21,height,6,class->block->function->name
2,73,rectangle_java2.jpg,rectangle_java2.jpg,321038399,76,812.3952631578948,553.2794736842105,775.5,549,62,21,height,6,class->block->function->name
2,73,rectangle_java2.jpg,rectangle_java2.jpg,321222398,88,856.3090909090909,547.7322727272727,846.5,549,10,21,(,1,class->block->function->parameter_list
2,73,rectangle_java2.jpg,rectangle_java2.jpg,321222398,88,856.3090909090909,547.7322727272727,863.5,549,9,21,),1,class->block->function->parameter_list
2,73,rectangle_java2.jpg,rectangle_java2.jpg,321350387,96,859.8304166666667,704.9133333333333,730.5,694,177,21,System.out.println,18,class->block->function->block->block_content->expr_stmt->expr->call->name->name->operator->name->operator->name
2,73,rectangle_java2.jpg,rectangle_java2.jpg,321470389,116,856.4106896551724,704.1617241379311,730.5,694,177,21,System.out.println,18,class->block->function->block->block_content->expr_stmt->expr->call->name->name->operator->name->operator->name
2,73,rectangle_java2.jpg,rectangle_java2.jpg,321622398,108,930.9796296296296,710.7122222222222,932.5,694,100,21,rect1.area,10,class->block->function->block->block_content->expr_stmt->expr->call->argument_list->argument->expr->call->name->name->operator->name
2,73,rectangle_java2.jpg,rectangle_java2.jpg,321706420,80,931.9915,701.043,932.5,694,100,21,rect1.area,10,class->block->function->block->block_content->expr_stmt->expr->call->argument_list->argument->expr->call->name->name->operator->name
2,73,rectangle_java2.jpg,rectangle_java2.jpg,321794428,60,779.396,665.152,730.5,658,91,20,Rectangle,9,class->block->function->block->block_content->decl_stmt->decl->type->name
2,73,rectangle_java2.jpg,rectangle_java2.jpg,321962451,164,769.6409756097561,670.5478048780487,730.5,658,91,20,Rectangle,9,class->block->function->block->block_content->decl_stmt->decl->type->name
2,73,rectangle_java2.jpg,rectangle_java2.jpg,322086423,120,807.2706666666667,668.693,730.5,658,91,20,Rectangle,9,class->block->function->block->block_content->decl_stmt->decl->type->name
2,73,rectangle_java2.jpg,rectangle_java2.jpg,322158407,68,809.0247058823529,660.7582352941176,730.5,658,91,20,Rectangle,9,class->block->function->block->block_content->decl_stmt->decl->type->name
2,73,rectangle_java2.jpg,rectangle_java2.jpg,322390423,176,854.2036363636364,709.3052272727273,730.5,694,177,21,System.out.println,18,class->block->function->block->block_content->expr_stmt->expr->call->name->name->operator->name->operator->name
2,73,rectangle_java2.jpg,rectangle_java2.jpg,322462324,56,896.8914285714286,686.9714285714285,730.5,694,177,21,System.out.println,18,class->block->function->block->block_content->expr_stmt->expr->call->name->name->operator->name->operator->name
2,73,rectangle_java2.jpg,rectangle_java2.jpg,322670072,120,852.0153333333334,576.4913333333333,856.5,585,9,21,(,1,class->block->function->parameter_list
2,73,rectangle_java2.jpg,rectangle_java2.jpg,322766109,60,851.8653333333333,581.91,856.5,585,9,21,(,1,class->block->function->parameter_list
2,73,rectangle_java2.jpg,rectangle_java2.jpg,323014242,196,940.2228571428572,586.7834693877551,910.5,585,62,21,return,6,class->block->function->block->block_content->return
2,73,rectangle_java2.jpg,rectangle_java2.jpg,323106262,88,943.189090909091,579.7490909090909,910.5,585,62,21,return,6,class->block->function->block->block_content->return
2,73,rectangle_java2.jpg,rectangle_java2.jpg,323182275,60,1018.4066666666666,597.7433333333333,977.5,585,101,21,this.width,10,class->block->function->block->block_content->return->expr->call->name->name->operator->name
2,73,rectangle_java2.jpg,rectangle_java2.jpg,323590321,76,972.5315789473684,597.5663157894737,977.5,585,101,21,this.width,10,class->block->function->block->block_content->return->expr->call->name->name->operator->name
2,73,rectangle_java2.jpg,rectangle_java2.jpg,323782298,120,1106.7566666666667,605.3,1103.5,585,9,21,),1,class->block->function->block->block_content->return->expr->call->argument_list
2,73,rectangle_java2.jpg,rectangle_java2.jpg,323914287,64,912.1175,603.23875,910.5,585,62,21,return,6,class->block->function->block->block_content->return
2,73,rectangle_java2.jpg,rectangle_java2.jpg,323978268,60,906.7433333333333,586.2293333333333,910.5,585,62,21,return,6,class->block->function->block->block_content->return
2,73,rectangle_java2.jpg,rectangle_java2.jpg,324086239,104,900.9926923076923,599.7392307692307,893.5,585,10,21,{,1,class->block->function->block
2,73,rectangle_java2.jpg,rectangle_java2.jpg,324086239,104,900.9926923076923,599.7392307692307,910.5,585,62,21,return,6,class->block->function->block->block_content->return
2,73,rectangle_java2.jpg,rectangle_java2.jpg,324154249,64,907.646875,610.545,904.5,621,9,21,(,1,class->block->function->parameter_list
2,73,rectangle_java2.jpg,rectangle_java2.jpg,324230266,72,909.9094444444445,591.4494444444445,910.5,585,62,21,return,6,class->block->function->block->block_content->return
2,73,rectangle_java2.jpg,rectangle_java2.jpg,324434163,112,998.6182142857143,586.255,977.5,585,101,21,this.width,10,class->block->function->block->block_content->return->expr->call->name->name->operator->name
2,73,rectangle_java2.jpg,rectangle_java2.jpg,324606131,104,1183.5057692307691,605.975,1140.5,585,110,21,this.height,11,class->block->function->block->block_content->return->expr->call->name->name->operator->name
2,73,rectangle_java2.jpg,rectangle_java2.jpg,324674138,64,1190.07125,594.266875,1140.5,585,110,21,this.height,11,class->block->function->block->block_content->return->expr->call->name->name->operator->name
2,73,rectangle_java2.jpg,rectangle_java2.jpg,324774158,68,1102.729411764706,616.6847058823529,1094.5,621,10,21,{,1,class->block->function->block
2,73,rectangle_java2.jpg,rectangle_java2.jpg,324862178,84,1090.162857142857,614.4547619047619,1094.5,621,10,21,{,1,class->block->function->block
2,73,rectangle_java2.jpg,rectangle_java2.jpg,325078172,116,1176.5124137931034,602.5986206896551,1140.5,585,110,21,this.height,11,class->block->function->block->block_content->return->expr->call->name->name->operator->name
2,73,rectangle_java2.jpg,rectangle_java2.jpg,325954149,292,1052.9553424657533,650.4457534246575,1057.5,658,13,20,0,1,class->block->function->block->block_content->decl_stmt->decl->init->expr->call->argument_list->argument->expr->literal
2,73,rectangle_java2.jpg,rectangle_java2.jpg,326134121,100,1093.3136,640.824,1094.5,621,10,21,{,1,class->block->function->block
2,73,rectangle_java2.jpg,rectangle_java2.jpg,326398023,100,910.4424,627.1448,904.5,621,9,21,(,1,class->block->function->parameter_list
2,73,rectangle_java2.jpg,rectangle_java2.jpg,326398023,100,910.4424,627.1448,920.5,621,62,21,String,6,class->block->function->parameter_list->parameter->decl->type->name->name
2,73,rectangle_java2.jpg,rectangle_java2.jpg,326493962,92,902.8382608695653,638.4526086956522,904.5,621,9,21,(,1,class->block->function->parameter_list
2,73,rectangle_java2.jpg,rectangle_java2.jpg,326629959,104,863.6684615384615,726.1165384615384,826.5,731,51,20,rect2,5,class->block->function->block->block_content->decl_stmt->decl->name
2,73,rectangle_java2.jpg,rectangle_java2.jpg,326785960,104,898.3323076923077,706.6946153846154,730.5,694,177,21,System.out.println,18,class->block->function->block->block_content->expr_stmt->expr->call->name->name->operator->name->operator->name
2,73,rectangle_java2.jpg,rectangle_java2.jpg,326921970,76,904.8047368421053,707.2973684210526,730.5,694,177,21,System.out.println,18,class->block->function->block->block_content->expr_stmt->expr->call->name->name->operator->name->operator->name
2,73,rectangle_java2.jpg,rectangle_java2.jpg,326921970,76,904.8047368421053,707.2973684210526,916.5,694,9,21,(,1,class->block->function->block->block_content->expr_stmt->expr->call->argument_list
2,73,rectangle_java2.jpg,rectangle_java2.jpg,327001994,76,908.0773684210526,704.6910526315789,916.5,694,9,21,(,1,class->block->function->block->block_content->expr_stmt->expr->call->argument_list
2,73,rectangle_java2.jpg,rectangle_java2.jpg,327190027,124,952.7725806451613,698.5187096774193,932.5,694,100,21,rect1.area,10,class->block->function->block->block_content->expr_stmt->expr->call->argument_list->argument->expr->call->name->name->operator->name
2,73,rectangle_java2.jpg,rectangle_java2.jpg,327658006,104,1094.2369230769232,728.4288461538462,1095.5,731,13,20,5,1,class->block->function->block->block_content->decl_stmt->decl->init->expr->call->argument_list->argument->expr->literal
2,73,rectangle_java2.jpg,rectangle_java2.jpg,327817992,108,1202.7311111111112,726.9507407407407,1182.5,731,22,20,10,2,class->block->function->block->block_content->decl_stmt->decl->init->expr->call->argument_list->argument->expr->literal
2,73,rectangle_java2.jpg,rectangle_java2.jpg,327817992,108,1202.7311111111112,726.9507407407407,1211.5,731,9,20,),1,class->block->function->block->block_content->decl_stmt->decl->init->expr->call->argument_list
2,73,rectangle_java2.jpg,rectangle_java2.jpg,327941981,88,805.1368181818182,765.4463636363637,730.5,766,177,21,System.out.println,18,class->block->function->block->block_content->expr_stmt->expr->call->name->name->operator->name->operator->name
2,73,rectangle_java2.jpg,rectangle_java2.jpg,328061985,116,806.6234482758621,776.9489655172414,730.5,766,177,21,System.out.println,18,class->block->function->block->block_content->expr_stmt->expr->call->name->name->operator->name->operator->name
2,73,rectangle_java2.jpg,rectangle_java2.jpg,328257777,192,810.9629166666666,776.30125,730.5,766,177,21,System.out.println,18,class->block->function->block->block_content->expr_stmt->expr->call->name->name->operator->name->operator->name
2,73,rectangle_java2.jpg,rectangle_java2.jpg,328389775,120,898.7516666666667,778.3593333333333,730.5,766,177,21,System.out.println,18,class->block->function->block->block_content->expr_stmt->expr->call->name->name->operator->name->operator->name
2,73,rectangle_java2.jpg,rectangle_java2.jpg,328537870,144,903.2605555555556,775.7591666666667,730.5,766,177,21,System.out.println,18,class->block->function->block->block_content->expr_stmt->expr->call->name->name->operator->name->operator->name
2,73,rectangle_java2.jpg,rectangle_java2.jpg,328881909,108,938.5918518518519,777.562962962963,932.5,766,100,21,rect2.area,10,class->block->function->block->block_content->expr_stmt->expr->call->argument_list->argument->expr->call->name->name->operator->name
2,73,rectangle_java2.jpg,rectangle_java2.jpg,332333626,104,976.2784615384616,780.1830769230769,932.5,766,100,21,rect2.area,10,class->block->function->block->block_content->expr_stmt->expr->call->argument_list->argument->expr->call->name->name->operator->name
2,73,rectangle_java2.jpg,rectangle_java2.jpg,332461610,60,862.758,442.634,856.5,440,10,21,;,1,class->block->constructor->block->block_content->expr_stmt
2,73,rectangle_java2.jpg,rectangle_java2.jpg,332601562,76,854.7010526315789,442.7626315789473,856.5,440,10,21,;,1,class->block->constructor->block->block_content->expr_stmt
2,73,rectangle_java2.jpg,rectangle_java2.jpg,332705553,88,847.5086363636364,279.55,833.5,259,23,21,y1,2,class->block->decl_stmt->decl->name
2,73,rectangle_java2.jpg,rectangle_java2.jpg,332785645,76,856.2552631578948,273.7221052631579,833.5,259,23,21,y1,2,class->block->decl_stmt->decl->name
2,73,rectangle_java2.jpg,rectangle_java2.jpg,332785645,76,856.2552631578948,273.7221052631579,863.5,259,10,21,",",1,class->block->decl_stmt
2,73,rectangle_java2.jpg,rectangle_java2.jpg,336109276,72,844.675,363.3022222222222,826.5,367,23,21,y1,2,class->block->constructor->block->block_content->expr_stmt->expr->name->name
2,73,rectangle_java2.jpg,rectangle_java2.jpg,336109276,72,844.675,363.3022222222222,856.5,367,10,21,;,1,class->block->constructor->block->block_content->expr_stmt
2,73,rectangle_java2.jpg,rectangle_java2.jpg,336193309,80,836.215,382.846,826.5,367,23,21,y1,2,class->block->constructor->block->block_content->expr_stmt->expr->name->name
2,73,rectangle_java2.jpg,rectangle_java2.jpg,336333357,136,835.5558823529411,400.5014705882353,826.5,404,23,19,x2,2,class->block->constructor->block->block_content->expr_stmt->expr->name->name
2,73,rectangle_java2.jpg,rectangle_java2.jpg,336633381,80,858.8315,354.772,856.5,367,10,21,;,1,class->block->constructor->block->block_content->expr_stmt
2,73,rectangle_java2.jpg,rectangle_java2.jpg,337501331,196,827.574081632653,358.6038775510204,826.5,367,23,21,y1,2,class->block->constructor->block->block_content->expr_stmt->expr->name->name
2,73,rectangle_java2.jpg,rectangle_java2.jpg,338041271,56,839.0728571428572,397.07642857142855,826.5,404,23,19,x2,2,class->block->constructor->block->block_content->expr_stmt->expr->name->name
2,73,rectangle_java2.jpg,rectangle_java2.jpg,338193289,148,831.8237837837838,399.4354054054054,826.5,404,23,19,x2,2,class->block->constructor->block->block_content->expr_stmt->expr->name->name
2,73,rectangle_java2.jpg,rectangle_java2.jpg,338305277,56,950.6385714285714,301.25428571428574,939.5,295,33,21,int,3,class->block->constructor->parameter_list->parameter->decl->type->name
2,73,rectangle_java2.jpg,rectangle_java2.jpg,338421242,112,960.5028571428571,303.44642857142856,939.5,295,33,21,int,3,class->block->constructor->parameter_list->parameter->decl->type->name
2,73,rectangle_java2.jpg,rectangle_java2.jpg,338785269,56,840.2692857142857,391.9557142857143,826.5,404,23,19,x2,2,class->block->constructor->block->block_content->expr_stmt->expr->name->name
2,73,rectangle_java2.jpg,rectangle_java2.jpg,339560996,112,838.5946428571428,405.38928571428573,826.5,404,23,19,x2,2,class->block->constructor->block->block_content->expr_stmt->expr->name->name
2,73,rectangle_java2.jpg,rectangle_java2.jpg,339708988,144,828.5758333333333,410.11333333333334,826.5,404,23,19,x2,2,class->block->constructor->block->block_content->expr_stmt->expr->name->name
2,73,rectangle_java2.jpg,rectangle_java2.jpg,339849076,60,835.346,348.12733333333335,826.5,331,23,19,x1,2,class->block->constructor->block->block_content->expr_stmt->expr->name->name
2,73,rectangle_java2.jpg,rectangle_java2.jpg,339949120,96,835.6058333333333,370.2604166666667,826.5,367,23,21,y1,2,class->block->constructor->block->block_content->expr_stmt->expr->name->name
2,73,rectangle_java2.jpg,rectangle_java2.jpg,340237090,80,1096.6945,289.4565,1094.5,295,9,21,",",1,class->block->constructor->parameter_list
2,73,rectangle_java2.jpg,rectangle_java2.jpg,340389062,148,1088.56,306.4245945945946,1094.5,295,9,21,",",1,class->block->constructor->parameter_list
2,73,rectangle_java2.jpg,rectangle_java2.jpg,340753106,64,866.066875,446.54999999999995,856.5,440,10,21,;,1,class->block->constructor->block->block_content->expr_stmt
2,73,rectangle_java2.jpg,rectangle_java2.jpg,341065068,292,866.1319178082192,408.2387671232877,856.5,404,10,19,;,1,class->block->constructor->block->block_content->expr_stmt
2,73,rectangle_java2.jpg,rectangle_java2.jpg,341249061,180,849.3302222222222,404.73533333333336,826.5,404,23,19,x2,2,class->block->constructor->block->block_content->expr_stmt->expr->name->name
2,73,rectangle_java2.jpg,rectangle_java2.jpg,341249061,180,849.3302222222222,404.73533333333336,856.5,404,10,19,;,1,class->block->constructor->block->block_content->expr_stmt
2,73,rectangle_java2.jpg,rectangle_java2.jpg,341452992,108,1119.15,296.16333333333336,1112.5,295,33,21,int,3,class->block->constructor->parameter_list->parameter->decl->type->name
2,73,rectangle_java2.jpg,rectangle_java2.jpg,341552961,96,1116.9545833333334,302.20708333333334,1112.5,295,33,21,int,3,class->block->constructor->parameter_list->parameter->decl->type->name
2,73,rectangle_java2.jpg,rectangle_java2.jpg,341612953,56,1119.965,306.795,1112.5,295,33,21,int,3,class->block->constructor->parameter_list->parameter->decl->type->name
2,73,rectangle_java2.jpg,rectangle_java2.jpg,341804949,84,857.1390476190476,448.12619047619046,856.5,440,10,21,;,1,class->block->constructor->block->block_content->expr_stmt
2,73,rectangle_java2.jpg,rectangle_java2.jpg,342308971,88,838.9204545454545,458.4377272727272,826.5,440,23,21,y2,2,class->block->constructor->block->block_content->expr_stmt->expr->name->name
2,73,rectangle_java2.jpg,rectangle_java2.jpg,342404980,92,829.7847826086957,455.33304347826083,826.5,440,23,21,y2,2,class->block->constructor->block->block_content->expr_stmt->expr->name->name
2,73,rectangle_java2.jpg,rectangle_java2.jpg,342476986,68,859.6370588235294,448.90941176470596,856.5,440,10,21,;,1,class->block->constructor->block->block_content->expr_stmt
2,73,rectangle_java2.jpg,rectangle_java2.jpg,345376606,104,905.0865384615385,315.69384615384615,890.5,295,24,21,x1,2,class->block->constructor->parameter_list->parameter->decl->type->name
2,73,rectangle_java2.jpg,rectangle_java2.jpg,345452649,72,908.7127777777778,297.21166666666664,890.5,295,24,21,x1,2,class->block->constructor->parameter_list->parameter->decl->type->name
2,73,rectangle_java2.jpg,rectangle_java2.jpg,345836721,84,792.5614285714286,397.65714285714284,730.5,404,71,19,this.x2,7,class->block->constructor->block->block_content->expr_stmt->expr->name->name->operator->name
2,73,rectangle_java2.jpg,rectangle_java2.jpg,345948690,68,773.8941176470588,295.6,737.5,295,91,21,Rectangle,9,class->block->constructor->name
2,73,rectangle_java2.jpg,rectangle_java2.jpg,346008683,56,770.6507142857142,291.48785714285714,737.5,295,91,21,Rectangle,9,class->block->constructor->name
2,73,rectangle_java2.jpg,rectangle_java2.jpg,346092665,80,766.8389999999999,302.0845,737.5,295,91,21,Rectangle,9,class->block->constructor->name
2,73,rectangle_java2.jpg,rectangle_java2.jpg,346368607,132,1075.051515151515,305.19878787878787,1063.5,295,23,21,x2,2,class->block->constructor->parameter_list->parameter->decl->type->name
2,73,rectangle_java2.jpg,rectangle_java2.jpg,346908662,128,890.755,277.5353125,881.5,259,23,21,x2,2,class->block->decl_stmt->decl->name
2,73,rectangle_java2.jpg,rectangle_java2.jpg,347068477,156,891.0410256410256,286.2402564102564,890.5,295,24,21,x1,2,class->block->constructor->parameter_list->parameter->decl->type->name
2,73,rectangle_java2.jpg,rectangle_java2.jpg,347276586,136,937.4867647058824,279.16970588235296,929.5,259,23,21,y2,2,class->block->decl_stmt->decl->name
2,73,rectangle_java2.jpg,rectangle_java2.jpg,347500570,148,1001.4986486486487,305.7835135135135,1007.5,295,10,21,",",1,class->block->constructor->parameter_list
2,73,rectangle_java2.jpg,rectangle_java2.jpg,348848457,244,1022.1396721311476,295.02311475409834,1025.5,295,33,21,int,3,class->block->constructor->parameter_list->parameter->decl->type->name
2,73,rectangle_java2.jpg,rectangle_java2.jpg,348960357,84,838.3485714285714,383.9528571428571,826.5,367,23,21,y1,2,class->block->constructor->block->block_content->expr_stmt->expr->name->name
2,73,rectangle_java2.jpg,rectangle_java2.jpg,349084405,120,835.088,397.6503333333333,826.5,404,23,19,x2,2,class->block->constructor->block->block_content->expr_stmt->expr->name->name
2,73,rectangle_java2.jpg,rectangle_java2.jpg,349292457,172,843.6409302325582,383.6195348837209,826.5,367,23,21,y1,2,class->block->constructor->block->block_content->expr_stmt->expr->name->name
2,73,rectangle_java2.jpg,rectangle_java2.jpg,349492400,196,847.4455102040816,385.2848979591837,826.5,367,23,21,y1,2,class->block->constructor->block->block_content->expr_stmt->expr->name->name
2,73,rectangle_java2.jpg,rectangle_java2.jpg,349492400,196,847.4455102040816,385.2848979591837,856.5,367,10,21,;,1,class->block->constructor->block->block_content->expr_stmt
2,73,rectangle_java2.jpg,rectangle_java2.jpg,349632410,96,862.3620833333333,437.05375000000004,856.5,440,10,21,;,1,class->block->constructor->block->block_content->expr_stmt
2,73,rectangle_java2.jpg,rectangle_java2.jpg,349692427,56,855.7528571428571,445.4378571428572,856.5,440,10,21,;,1,class->block->constructor->block->block_content->expr_stmt
2,73,rectangle_java2.jpg,rectangle_java2.jpg,349844438,88,1046.3754545454544,303.2459090909091,1025.5,295,33,21,int,3,class->block->constructor->parameter_list->parameter->decl->type->name
2,73,rectangle_java2.jpg,rectangle_java2.jpg,350056428,116,865.2355172413793,330.8558620689655,856.5,331,10,19,;,1,class->block->constructor->block->block_content->expr_stmt
2,73,rectangle_java2.jpg,rectangle_java2.jpg,350260443,116,862.4,336.8327586206897,856.5,331,10,19,;,1,class->block->constructor->block->block_content->expr_stmt
2,73,rectangle_java2.jpg,rectangle_java2.jpg,350780380,164,779.0626829268293,224.75268292682927,715.5,222,90,21,Rectangle,9,class->name
2,73,rectangle_java2.jpg,rectangle_java2.jpg,350860383,56,803.4892857142858,215.67571428571432,715.5,222,90,21,Rectangle,9,class->name
2,73,rectangle_java2.jpg,rectangle_java2.jpg,350860383,56,803.4892857142858,215.67571428571432,813.5,222,10,21,{,1,class->block
2,73,rectangle_java2.jpg,rectangle_java2.jpg,350984398,120,811.7693333333333,212.48699999999997,813.5,222,10,21,{,1,class->block
2,73,rectangle_java2.jpg,rectangle_java2.jpg,351256337,92,767.6452173913043,286.62565217391307,737.5,295,91,21,Rectangle,9,class->block->constructor->name
2,73,rectangle_java2.jpg,rectangle_java2.jpg,351440312,108,1081.3377777777778,310.72407407407405,1063.5,295,23,21,x2,2,class->block->constructor->parameter_list->parameter->decl->type->name
2,73,rectangle_java2.jpg,rectangle_java2.jpg,351668289,152,846.1623684210526,275.2242105263158,833.5,259,23,21,y1,2,class->block->decl_stmt->decl->name
2,73,rectangle_java2.jpg,rectangle_java2.jpg,351936270,228,915.348947368421,268.99070175438595,911.5,259,10,21,",",1,class->block->decl_stmt
2,73,rectangle_java2.jpg,rectangle_java2.jpg,352084284,144,887.5102777777778,265.9272222222222,881.5,259,23,21,x2,2,class->block->decl_stmt->decl->name
2,73,rectangle_java2.jpg,rectangle_java2.jpg,352200294,92,858.2921739130435,412.5804347826087,856.5,404,10,19,;,1,class->block->constructor->block->block_content->expr_stmt
2,73,rectangle_java2.jpg,rectangle_java2.jpg,352676261,244,837.4768852459016,409.4054098360656,826.5,404,23,19,x2,2,class->block->constructor->block->block_content->expr_stmt->expr->name->name
2,73,rectangle_java2.jpg,rectangle_java2.jpg,357067957,100,848.138,650.2336,826.5,658,52,20,rect1,5,class->block->function->block->block_content->decl_stmt->decl->name
2,73,rectangle_java2.jpg,rectangle_java2.jpg,357303940,176,840.4449999999999,632.0634090909091,804.5,621,44,21,void,4,class->block->function->type->name
2,73,rectangle_java2.jpg,rectangle_java2.jpg,357303940,176,840.4449999999999,632.0634090909091,851.5,621,44,21,main,4,class->block->function->name
