trial,participant,code_file,code_language,timestamp,duration,x_cord,y_cord,aoi_x,aoi_y,aoi_width,aoi_height,token,length,srcML
2,74,rectangle_java2.jpg,rectangle_java2.jpg,9707413871,132,671.3087878787878,222.87,657.5,222,52,21,class,5,class
2,74,rectangle_java2.jpg,rectangle_java2.jpg,9707633884,176,627.3875,212.76659090909095,589.5,222,63,21,public,6,class->specifier
2,74,rectangle_java2.jpg,rectangle_java2.jpg,9707865887,152,759.2171052631579,210.0807894736842,715.5,222,90,21,Rectangle,9,class->name
2,74,rectangle_java2.jpg,rectangle_java2.jpg,9707973890,104,739.4146153846154,217.1653846153846,715.5,222,90,21,Rectangle,9,class->name
2,74,rectangle_java2.jpg,rectangle_java2.jpg,9708281844,148,767.3856756756757,232.70783783783781,715.5,222,90,21,Rectangle,9,class->name
2,74,rectangle_java2.jpg,rectangle_java2.jpg,9708533593,184,852.6143478260869,255.21565217391304,833.5,259,23,21,y1,2,class->block->decl_stmt->decl->name
2,74,rectangle_java2.jpg,rectangle_java2.jpg,9708533593,184,852.6143478260869,255.21565217391304,863.5,259,10,21,",",1,class->block->decl_stmt
2,74,rectangle_java2.jpg,rectangle_java2.jpg,9708813814,260,926.5964615384615,262.88076923076926,929.5,259,23,21,y2,2,class->block->decl_stmt->decl->name
2,74,rectangle_java2.jpg,rectangle_java2.jpg,9708961792,112,736.9135714285715,303.2092857142857,737.5,295,91,21,Rectangle,9,class->block->constructor->name
2,74,rectangle_java2.jpg,rectangle_java2.jpg,9709041805,76,741.6778947368421,303.03736842105263,737.5,295,91,21,Rectangle,9,class->block->constructor->name
2,74,rectangle_java2.jpg,rectangle_java2.jpg,9709393749,320,841.515375,249.61037499999998,833.5,259,23,21,y1,2,class->block->decl_stmt->decl->name
2,74,rectangle_java2.jpg,rectangle_java2.jpg,9709529756,124,734.813870967742,304.08612903225804,737.5,295,91,21,Rectangle,9,class->block->constructor->name
2,74,rectangle_java2.jpg,rectangle_java2.jpg,9709897778,336,695.6233333333333,288.08761904761906,669.5,295,63,21,public,6,class->block->constructor->specifier
2,74,rectangle_java2.jpg,rectangle_java2.jpg,9709993748,92,695.2434782608696,291.75260869565216,669.5,295,63,21,public,6,class->block->constructor->specifier
2,74,rectangle_java2.jpg,rectangle_java2.jpg,9710157699,108,813.9148148148148,302.8407407407407,737.5,295,91,21,Rectangle,9,class->block->constructor->name
2,74,rectangle_java2.jpg,rectangle_java2.jpg,9710277537,60,731.4053333333334,297.2366666666667,669.5,295,63,21,public,6,class->block->constructor->specifier
2,74,rectangle_java2.jpg,rectangle_java2.jpg,9710277537,60,731.4053333333334,297.2366666666667,737.5,295,91,21,Rectangle,9,class->block->constructor->name
2,74,rectangle_java2.jpg,rectangle_java2.jpg,9710341456,60,682.618,295.37533333333334,669.5,295,63,21,public,6,class->block->constructor->specifier
2,74,rectangle_java2.jpg,rectangle_java2.jpg,9710741608,172,827.876511627907,294.7160465116279,737.5,295,91,21,Rectangle,9,class->block->constructor->name
2,74,rectangle_java2.jpg,rectangle_java2.jpg,9710741608,172,827.876511627907,294.7160465116279,837.5,295,9,21,(,1,class->block->constructor->parameter_list
2,74,rectangle_java2.jpg,rectangle_java2.jpg,9710861611,96,899.6791666666667,301.72375,890.5,295,24,21,x1,2,class->block->constructor->parameter_list->parameter->decl->type->name
2,74,rectangle_java2.jpg,rectangle_java2.jpg,9710969614,104,900.8507692307692,302.27653846153845,890.5,295,24,21,x1,2,class->block->constructor->parameter_list->parameter->decl->type->name
2,74,rectangle_java2.jpg,rectangle_java2.jpg,9711109609,116,1086.3193103448275,307.3996551724138,1063.5,295,23,21,x2,2,class->block->constructor->parameter_list->parameter->decl->type->name
2,74,rectangle_java2.jpg,rectangle_java2.jpg,9711109609,116,1086.3193103448275,307.3996551724138,1094.5,295,9,21,",",1,class->block->constructor->parameter_list
2,74,rectangle_java2.jpg,rectangle_java2.jpg,9711321646,208,1088.0496153846154,298.36173076923075,1094.5,295,9,21,",",1,class->block->constructor->parameter_list
2,74,rectangle_java2.jpg,rectangle_java2.jpg,9711405648,80,1089.369,301.0125,1094.5,295,9,21,",",1,class->block->constructor->parameter_list
2,74,rectangle_java2.jpg,rectangle_java2.jpg,9711509626,80,1143.4825,302.0985,1112.5,295,33,21,int,3,class->block->constructor->parameter_list->parameter->decl->type->name
2,74,rectangle_java2.jpg,rectangle_java2.jpg,9711509626,80,1143.4825,302.0985,1150.5,295,23,21,y2,2,class->block->constructor->parameter_list->parameter->decl->type->name
2,74,rectangle_java2.jpg,rectangle_java2.jpg,9711649622,136,1141.920294117647,297.3417647058823,1112.5,295,33,21,int,3,class->block->constructor->parameter_list->parameter->decl->type->name
2,74,rectangle_java2.jpg,rectangle_java2.jpg,9711649622,136,1141.920294117647,297.3417647058823,1150.5,295,23,21,y2,2,class->block->constructor->parameter_list->parameter->decl->type->name
2,74,rectangle_java2.jpg,rectangle_java2.jpg,9711773633,96,800.3683333333333,337.4395833333333,730.5,331,71,19,this.x1,7,class->block->constructor->block->block_content->expr_stmt->expr->name->name->operator->name
2,74,rectangle_java2.jpg,rectangle_java2.jpg,9711773633,96,800.3683333333333,337.4395833333333,806.5,331,15,19,=,1,class->block->constructor->block->block_content->expr_stmt->expr->operator
2,74,rectangle_java2.jpg,rectangle_java2.jpg,9711945577,168,803.5502380952381,342.5811904761905,806.5,331,15,19,=,1,class->block->constructor->block->block_content->expr_stmt->expr->operator
2,74,rectangle_java2.jpg,rectangle_java2.jpg,9712169621,164,770.0021951219512,348.4441463414634,730.5,331,71,19,this.x1,7,class->block->constructor->block->block_content->expr_stmt->expr->name->name->operator->name
2,74,rectangle_java2.jpg,rectangle_java2.jpg,9712289564,116,739.2813793103448,339.8124137931035,730.5,331,71,19,this.x1,7,class->block->constructor->block->block_content->expr_stmt->expr->name->name->operator->name
2,74,rectangle_java2.jpg,rectangle_java2.jpg,9712925011,180,801.1206666666667,338.01022222222224,730.5,331,71,19,this.x1,7,class->block->constructor->block->block_content->expr_stmt->expr->name->name->operator->name
2,74,rectangle_java2.jpg,rectangle_java2.jpg,9712925011,180,801.1206666666667,338.01022222222224,806.5,331,15,19,=,1,class->block->constructor->block->block_content->expr_stmt->expr->operator
2,74,rectangle_java2.jpg,rectangle_java2.jpg,9713197467,268,787.563880597015,348.2485074626866,730.5,331,71,19,this.x1,7,class->block->constructor->block->block_content->expr_stmt->expr->name->name->operator->name
2,74,rectangle_java2.jpg,rectangle_java2.jpg,9713377512,176,786.545,342.10795454545456,730.5,331,71,19,this.x1,7,class->block->constructor->block->block_content->expr_stmt->expr->name->name->operator->name
2,74,rectangle_java2.jpg,rectangle_java2.jpg,9713717467,116,805.798275862069,322.9365517241379,806.5,331,15,19,=,1,class->block->constructor->block->block_content->expr_stmt->expr->operator
2,74,rectangle_java2.jpg,rectangle_java2.jpg,9714045420,288,835.6101388888889,338.39458333333334,826.5,331,23,19,x1,2,class->block->constructor->block->block_content->expr_stmt->expr->name->name
2,74,rectangle_java2.jpg,rectangle_java2.jpg,9714237220,64,780.486875,341.07437500000003,730.5,331,71,19,this.x1,7,class->block->constructor->block->block_content->expr_stmt->expr->name->name->operator->name
2,74,rectangle_java2.jpg,rectangle_java2.jpg,9714365315,124,785.6370967741935,341.7738709677419,730.5,331,71,19,this.x1,7,class->block->constructor->block->block_content->expr_stmt->expr->name->name->operator->name
2,74,rectangle_java2.jpg,rectangle_java2.jpg,9714429332,60,785.544,343.0806666666667,730.5,331,71,19,this.x1,7,class->block->constructor->block->block_content->expr_stmt->expr->name->name->operator->name
2,74,rectangle_java2.jpg,rectangle_java2.jpg,9714649355,152,825.2639473684211,358.8752631578947,826.5,367,23,21,y1,2,class->block->constructor->block->block_content->expr_stmt->expr->name->name
2,74,rectangle_java2.jpg,rectangle_java2.jpg,9714965322,112,999.2257142857143,312.2175,977.5,295,23,21,y1,2,class->block->constructor->parameter_list->parameter->decl->type->name
2,74,rectangle_java2.jpg,rectangle_java2.jpg,9714965322,112,999.2257142857143,312.2175,1007.5,295,10,21,",",1,class->block->constructor->parameter_list
2,74,rectangle_java2.jpg,rectangle_java2.jpg,9715073272,64,826.374375,438.20375,826.5,440,23,21,y2,2,class->block->constructor->block->block_content->expr_stmt->expr->name->name
2,74,rectangle_java2.jpg,rectangle_java2.jpg,9715305252,228,828.878947368421,446.9598245614035,826.5,440,23,21,y2,2,class->block->constructor->block->block_content->expr_stmt->expr->name->name
2,74,rectangle_java2.jpg,rectangle_java2.jpg,9715729373,208,712.4721153846153,531.2246153846154,669.5,512,63,21,public,6,class->block->function->type->specifier
2,74,rectangle_java2.jpg,rectangle_java2.jpg,9715993341,244,791.2609836065574,531.2096721311475,775.5,512,53,21,width,5,class->block->function->name
2,74,rectangle_java2.jpg,rectangle_java2.jpg,9716541221,240,979.2556666666667,531.8681666666666,958.5,512,71,21,this.x2,7,class->block->function->block->block_content->return->expr->name->name->operator->name->operator
2,74,rectangle_java2.jpg,rectangle_java2.jpg,9716633235,88,1010.3422727272728,527.6159090909091,958.5,512,71,21,this.x2,7,class->block->function->block->block_content->return->expr->name->name->operator->name->operator
2,74,rectangle_java2.jpg,rectangle_java2.jpg,9716753218,116,1014.4358620689655,522.653448275862,958.5,512,71,21,this.x2,7,class->block->function->block->block_content->return->expr->name->name->operator->name->operator
2,74,rectangle_java2.jpg,rectangle_java2.jpg,9716993216,152,931.1881578947368,539.4531578947368,900.5,549,63,21,return,6,class->block->function->block->block_content->return
2,74,rectangle_java2.jpg,rectangle_java2.jpg,9717129213,108,1020.0344444444445,541.414074074074,968.5,549,70,21,this.y2,7,class->block->function->block->block_content->return->expr->name->name->operator->name
2,74,rectangle_java2.jpg,rectangle_java2.jpg,9717317194,56,1059.0221428571429,513.1035714285714,1054.5,512,71,21,this.x1,7,class->block->function->block->block_content->return->expr->name->name->operator->name
2,74,rectangle_java2.jpg,rectangle_java2.jpg,9717473202,112,1147.4185714285713,521.4839285714286,1152.5,512,10,21,},1,class->block
2,74,rectangle_java2.jpg,rectangle_java2.jpg,9717689214,168,1116.0021428571429,525.7821428571428,1054.5,512,71,21,this.x1,7,class->block->function->block->block_content->return->expr->name->name->operator->name
2,74,rectangle_java2.jpg,rectangle_java2.jpg,9718172997,164,901.0492682926829,284.07463414634145,890.5,295,24,21,x1,2,class->block->constructor->parameter_list->parameter->decl->type->name
2,74,rectangle_java2.jpg,rectangle_java2.jpg,9718253020,76,907.9852631578948,268.25736842105266,911.5,259,10,21,",",1,class->block->decl_stmt
2,74,rectangle_java2.jpg,rectangle_java2.jpg,9718409077,152,906.2010526315789,266.9734210526316,911.5,259,10,21,",",1,class->block->decl_stmt
2,74,rectangle_java2.jpg,rectangle_java2.jpg,9718613110,164,842.2987804878048,269.31243902439024,833.5,259,23,21,y1,2,class->block->decl_stmt->decl->name
2,74,rectangle_java2.jpg,rectangle_java2.jpg,9718721122,104,844.8403846153847,265.3169230769231,833.5,259,23,21,y1,2,class->block->decl_stmt->decl->name
2,74,rectangle_java2.jpg,rectangle_java2.jpg,9718909142,152,795.6036842105264,259.73315789473685,785.5,259,23,21,x1,2,class->block->decl_stmt->decl->name
2,74,rectangle_java2.jpg,rectangle_java2.jpg,9719381077,256,1092.2115625,514.771875,1054.5,512,71,21,this.x1,7,class->block->function->block->block_content->return->expr->name->name->operator->name
2,74,rectangle_java2.jpg,rectangle_java2.jpg,9719709104,108,711.4962962962964,569.5251851851851,669.5,549,63,21,public,6,class->block->function->type->specifier
2,74,rectangle_java2.jpg,rectangle_java2.jpg,9719769055,56,710.005,565.1714285714286,669.5,549,63,21,public,6,class->block->function->type->specifier
2,74,rectangle_java2.jpg,rectangle_java2.jpg,9720048851,240,768.302,574.5716666666667,737.5,585,62,21,double,6,class->block->function->type->name
2,74,rectangle_java2.jpg,rectangle_java2.jpg,9720256967,164,1045.3648780487804,563.7873170731707,1045.5,549,13,21,-,1,class->block->function->block->block_content->return->expr->operator
2,74,rectangle_java2.jpg,rectangle_java2.jpg,9720372983,60,1013.4773333333334,554.0933333333334,968.5,549,70,21,this.y2,7,class->block->function->block->block_content->return->expr->name->name->operator->name
2,74,rectangle_java2.jpg,rectangle_java2.jpg,9720548966,172,1013.5472093023255,564.6627906976744,968.5,549,70,21,this.y2,7,class->block->function->block->block_content->return->expr->name->name->operator->name
2,74,rectangle_java2.jpg,rectangle_java2.jpg,9720692982,132,1104.920303030303,554.6966666666667,1064.5,549,71,21,this.y1,7,class->block->function->block->block_content->return->expr->name->name->operator->name
2,74,rectangle_java2.jpg,rectangle_java2.jpg,9721136970,172,1111.22,551.346976744186,1064.5,549,71,21,this.y1,7,class->block->function->block->block_content->return->expr->name->name->operator->name
2,74,rectangle_java2.jpg,rectangle_java2.jpg,9721300998,136,738.0441176470588,589.2438235294118,737.5,585,62,21,double,6,class->block->function->type->name
2,74,rectangle_java2.jpg,rectangle_java2.jpg,9721377008,72,732.1805555555555,591.8844444444444,669.5,585,63,21,public,6,class->block->function->type->specifier
2,74,rectangle_java2.jpg,rectangle_java2.jpg,9721377008,72,732.1805555555555,591.8844444444444,737.5,585,62,21,double,6,class->block->function->type->name
2,74,rectangle_java2.jpg,rectangle_java2.jpg,9722416801,144,668.1569444444444,540.6752777777778,669.5,549,63,21,public,6,class->block->function->type->specifier
2,74,rectangle_java2.jpg,rectangle_java2.jpg,9722724832,72,781.8122222222222,552.285,775.5,549,62,21,height,6,class->block->function->name
2,74,rectangle_java2.jpg,rectangle_java2.jpg,9722804836,76,775.5973684210527,543.05,775.5,549,62,21,height,6,class->block->function->name
2,74,rectangle_java2.jpg,rectangle_java2.jpg,9723928642,120,1138.2223333333334,589.4333333333333,1140.5,585,110,21,this.height,11,class->block->function->block->block_content->return->expr->call->name->name->operator->name
2,74,rectangle_java2.jpg,rectangle_java2.jpg,9724544702,148,866.5497297297297,517.5908108108108,874.5,512,10,21,{,1,class->block->function->block
2,74,rectangle_java2.jpg,rectangle_java2.jpg,9724648693,80,687.5195,557.758,669.5,549,63,21,public,6,class->block->function->type->specifier
2,74,rectangle_java2.jpg,rectangle_java2.jpg,9724724672,72,681.1822222222222,558.3588888888889,669.5,549,63,21,public,6,class->block->function->type->specifier
2,74,rectangle_java2.jpg,rectangle_java2.jpg,9725124689,64,670.8050000000001,559.190625,669.5,549,63,21,public,6,class->block->function->type->specifier
2,74,rectangle_java2.jpg,rectangle_java2.jpg,9725188691,60,675.318,562.89,669.5,549,63,21,public,6,class->block->function->type->specifier
2,74,rectangle_java2.jpg,rectangle_java2.jpg,9725388685,96,711.9858333333333,552.6366666666667,669.5,549,63,21,public,6,class->block->function->type->specifier
2,74,rectangle_java2.jpg,rectangle_java2.jpg,9726412517,104,709.4215384615385,614.9107692307692,669.5,621,63,21,public,6,class->block->function->type->specifier
2,74,rectangle_java2.jpg,rectangle_java2.jpg,9726476513,60,702.996,614.6193333333333,669.5,621,63,21,public,6,class->block->function->type->specifier
2,74,rectangle_java2.jpg,rectangle_java2.jpg,9726700538,88,794.4477272727273,624.025,738.5,621,61,21,static,6,class->block->function->type->specifier
2,74,rectangle_java2.jpg,rectangle_java2.jpg,9726700538,88,794.4477272727273,624.025,804.5,621,44,21,void,4,class->block->function->type->name
2,74,rectangle_java2.jpg,rectangle_java2.jpg,9726824521,84,781.5814285714285,624.6023809523809,738.5,621,61,21,static,6,class->block->function->type->specifier
2,74,rectangle_java2.jpg,rectangle_java2.jpg,9728868435,80,805.6555,629.5575,804.5,621,44,21,void,4,class->block->function->type->name
2,74,rectangle_java2.jpg,rectangle_java2.jpg,9728984448,80,779.703,631.6235,738.5,621,61,21,static,6,class->block->function->type->specifier
2,74,rectangle_java2.jpg,rectangle_java2.jpg,9729160462,124,783.0948387096774,624.3109677419354,738.5,621,61,21,static,6,class->block->function->type->specifier
2,74,rectangle_java2.jpg,rectangle_java2.jpg,9729224475,60,788.836,619.434,738.5,621,61,21,static,6,class->block->function->type->specifier
2,74,rectangle_java2.jpg,rectangle_java2.jpg,9732452206,112,1104.7239285714286,646.3378571428572,1095.5,658,13,20,0,1,class->block->function->block->block_content->decl_stmt->decl->init->expr->call->argument_list->argument->expr->literal
2,74,rectangle_java2.jpg,rectangle_java2.jpg,9732452206,112,1104.7239285714286,646.3378571428572,1115.5,658,10,20,",",1,class->block->function->block->block_content->decl_stmt->decl->init->expr->call->argument_list
2,74,rectangle_java2.jpg,rectangle_java2.jpg,9732532199,76,1104.1615789473685,647.9510526315789,1095.5,658,13,20,0,1,class->block->function->block->block_content->decl_stmt->decl->init->expr->call->argument_list->argument->expr->literal
2,74,rectangle_java2.jpg,rectangle_java2.jpg,9732532199,76,1104.1615789473685,647.9510526315789,1115.5,658,10,20,",",1,class->block->function->block->block_content->decl_stmt->decl->init->expr->call->argument_list
2,74,rectangle_java2.jpg,rectangle_java2.jpg,9732672206,84,1144.4080952380953,654.7623809523809,1134.5,658,22,20,10,2,class->block->function->block->block_content->decl_stmt->decl->init->expr->call->argument_list->argument->expr->literal
2,74,rectangle_java2.jpg,rectangle_java2.jpg,9732744214,68,1140.6129411764705,652.6523529411764,1134.5,658,22,20,10,2,class->block->function->block->block_content->decl_stmt->decl->init->expr->call->argument_list->argument->expr->literal
2,74,rectangle_java2.jpg,rectangle_java2.jpg,9732872189,104,1098.1273076923078,726.1873076923076,1095.5,731,13,20,5,1,class->block->function->block->block_content->decl_stmt->decl->init->expr->call->argument_list->argument->expr->literal
2,74,rectangle_java2.jpg,rectangle_java2.jpg,9732996150,96,1096.1054166666668,728.6404166666666,1095.5,731,13,20,5,1,class->block->function->block->block_content->decl_stmt->decl->init->expr->call->argument_list->argument->expr->literal
2,74,rectangle_java2.jpg,rectangle_java2.jpg,9733236079,148,1050.8075675675675,719.222972972973,1057.5,731,13,20,5,1,class->block->function->block->block_content->decl_stmt->decl->init->expr->call->argument_list->argument->expr->literal
2,74,rectangle_java2.jpg,rectangle_java2.jpg,9733892069,116,1090.9562068965517,677.8603448275862,1095.5,658,13,20,0,1,class->block->function->block->block_content->decl_stmt->decl->init->expr->call->argument_list->argument->expr->literal
2,74,rectangle_java2.jpg,rectangle_java2.jpg,9734052082,88,1121.7081818181819,655.7422727272727,1115.5,658,10,20,",",1,class->block->function->block->block_content->decl_stmt->decl->init->expr->call->argument_list
2,74,rectangle_java2.jpg,rectangle_java2.jpg,9734132062,76,1121.3331578947368,662.0389473684211,1115.5,658,10,20,",",1,class->block->function->block->block_content->decl_stmt->decl->init->expr->call->argument_list
2,74,rectangle_java2.jpg,rectangle_java2.jpg,9734404051,188,1104.0197872340425,706.9525531914893,1096.5,694,10,21,;,1,class->block->function->block->block_content->expr_stmt
2,74,rectangle_java2.jpg,rectangle_java2.jpg,9734556065,108,1068.2414814814815,728.7296296296296,1057.5,731,13,20,5,1,class->block->function->block->block_content->decl_stmt->decl->init->expr->call->argument_list->argument->expr->literal
2,74,rectangle_java2.jpg,rectangle_java2.jpg,9734556065,108,1068.2414814814815,728.7296296296296,1077.5,731,9,20,",",1,class->block->function->block->block_content->decl_stmt->decl->init->expr->call->argument_list
2,74,rectangle_java2.jpg,rectangle_java2.jpg,9735223838,144,1091.1694444444445,664.1091666666666,1095.5,658,13,20,0,1,class->block->function->block->block_content->decl_stmt->decl->init->expr->call->argument_list->argument->expr->literal
2,74,rectangle_java2.jpg,rectangle_java2.jpg,9735455866,176,1135.0645454545454,662.6525,1134.5,658,22,20,10,2,class->block->function->block->block_content->decl_stmt->decl->init->expr->call->argument_list->argument->expr->literal
2,74,rectangle_java2.jpg,rectangle_java2.jpg,9735615904,156,1119.5153846153846,670.9,1115.5,658,10,20,",",1,class->block->function->block->block_content->decl_stmt->decl->init->expr->call->argument_list
2,74,rectangle_java2.jpg,rectangle_java2.jpg,9735835927,176,1056.0120454545454,703.96,1057.5,694,10,21,),1,class->block->function->block->block_content->expr_stmt->expr->call->argument_list->argument->expr->call->argument_list
2,74,rectangle_java2.jpg,rectangle_java2.jpg,9736039933,84,1051.8033333333333,745.0561904761905,1057.5,731,13,20,5,1,class->block->function->block->block_content->decl_stmt->decl->init->expr->call->argument_list->argument->expr->literal
2,74,rectangle_java2.jpg,rectangle_java2.jpg,9736235923,152,1101.5678947368422,737.3952631578948,1095.5,731,13,20,5,1,class->block->function->block->block_content->decl_stmt->decl->init->expr->call->argument_list->argument->expr->literal
2,74,rectangle_java2.jpg,rectangle_java2.jpg,9736319912,80,1113.0815,737.993,1115.5,731,10,20,",",1,class->block->function->block->block_content->decl_stmt->decl->init->expr->call->argument_list
2,74,rectangle_java2.jpg,rectangle_java2.jpg,9736895914,76,903.8978947368421,770.12,730.5,766,177,21,System.out.println,18,class->block->function->block->block_content->expr_stmt->expr->call->name->name->operator->name->operator->name
2,74,rectangle_java2.jpg,rectangle_java2.jpg,9737219657,320,910.48425,775.0265,916.5,766,9,21,(,1,class->block->function->block->block_content->expr_stmt->expr->call->argument_list
2,74,rectangle_java2.jpg,rectangle_java2.jpg,9737435724,200,784.049,773.9978,730.5,766,177,21,System.out.println,18,class->block->function->block->block_content->expr_stmt->expr->call->name->name->operator->name->operator->name
2,74,rectangle_java2.jpg,rectangle_java2.jpg,9737703797,248,1002.1966129032259,786.5317741935484,932.5,766,100,21,rect2.area,10,class->block->function->block->block_content->expr_stmt->expr->call->argument_list->argument->expr->call->name->name->operator->name
2,74,rectangle_java2.jpg,rectangle_java2.jpg,9738055822,312,960.8374358974359,776.3107692307692,932.5,766,100,21,rect2.area,10,class->block->function->block->block_content->expr_stmt->expr->call->argument_list->argument->expr->call->name->name->operator->name
2,74,rectangle_java2.jpg,rectangle_java2.jpg,9738135818,60,987.2653333333333,712.0706666666666,932.5,694,100,21,rect1.area,10,class->block->function->block->block_content->expr_stmt->expr->call->argument_list->argument->expr->call->name->name->operator->name
2,74,rectangle_java2.jpg,rectangle_java2.jpg,9738255805,116,987.9075862068966,706.2158620689655,932.5,694,100,21,rect1.area,10,class->block->function->block->block_content->expr_stmt->expr->call->argument_list->argument->expr->call->name->name->operator->name
