trial,participant,code_file,code_language,timestamp,duration,x_cord,y_cord,aoi_x,aoi_y,aoi_width,aoi_height,token,length,srcML,
2,108,rectangle_java2.jpg,rectangle_java2.jpg,827353635,80,796.171,253.63350000000003,785.5,259,23,21,x1,2,class->block->decl_stmt->decl->name,
2,108,rectangle_java2.jpg,rectangle_java2.jpg,827421635,64,797.984375,240.055,715.5,222,90,21,Rectangle,9,class->name,
2,108,rectangle_java2.jpg,rectangle_java2.jpg,828169533,132,775.7978787878787,242.22090909090912,715.5,222,90,21,Rectangle,9,class->name,
2,108,rectangle_java2.jpg,rectangle_java2.jpg,828325521,92,821.0952173913043,248.78608695652173,815.5,259,10,21,"""","""",1,class->block->decl_stmt
2,108,rectangle_java2.jpg,rectangle_java2.jpg,828325521,92,821.0952173913043,248.78608695652173,833.5,259,23,21,y1,2,class->block->decl_stmt->decl->name,
2,108,rectangle_java2.jpg,rectangle_java2.jpg,828421524,92,824.7382608695652,258.90434782608696,815.5,259,10,21,"""","""",1,class->block->decl_stmt
2,108,rectangle_java2.jpg,rectangle_java2.jpg,828421524,92,824.7382608695652,258.90434782608696,833.5,259,23,21,y1,2,class->block->decl_stmt->decl->name,
2,108,rectangle_java2.jpg,rectangle_java2.jpg,828657588,208,916.3507692307692,247.9192307692308,911.5,259,10,21,"""","""",1,class->block->decl_stmt
2,108,rectangle_java2.jpg,rectangle_java2.jpg,829205539,76,849.3542105263158,268.8105263157895,833.5,259,23,21,y1,2,class->block->decl_stmt->decl->name,
2,108,rectangle_java2.jpg,rectangle_java2.jpg,829269540,60,839.6786666666667,253.40466666666669,833.5,259,23,21,y1,2,class->block->decl_stmt->decl->name,
2,108,rectangle_java2.jpg,rectangle_java2.jpg,829353506,80,841.0785,259.1695,833.5,259,23,21,y1,2,class->block->decl_stmt->decl->name,
2,108,rectangle_java2.jpg,rectangle_java2.jpg,829437475,80,836.4110000000001,252.1755,833.5,259,23,21,y1,2,class->block->decl_stmt->decl->name,
2,108,rectangle_java2.jpg,rectangle_java2.jpg,829589451,148,840.947027027027,270.5372972972973,833.5,259,23,21,y1,2,class->block->decl_stmt->decl->name,
2,108,rectangle_java2.jpg,rectangle_java2.jpg,829757396,164,833.0036585365854,287.25365853658536,837.5,295,9,21,(,1,class->block->constructor->parameter_list,
2,108,rectangle_java2.jpg,rectangle_java2.jpg,829945402,140,834.02,294.6122857142857,837.5,295,9,21,(,1,class->block->constructor->parameter_list,
2,108,rectangle_java2.jpg,rectangle_java2.jpg,830097451,64,844.955,325.27125,826.5,331,23,19,x1,2,class->block->constructor->block->block_content->expr_stmt->expr->name->name,
2,108,rectangle_java2.jpg,rectangle_java2.jpg,830097451,64,844.955,325.27125,856.5,331,10,19,;,1,class->block->constructor->block->block_content->expr_stmt,
2,108,rectangle_java2.jpg,rectangle_java2.jpg,830169454,68,852.5258823529412,333.28294117647056,856.5,331,10,19,;,1,class->block->constructor->block->block_content->expr_stmt,
2,108,rectangle_java2.jpg,rectangle_java2.jpg,830233444,60,851.1766666666666,327.7693333333333,856.5,331,10,19,;,1,class->block->constructor->block->block_content->expr_stmt,
2,108,rectangle_java2.jpg,rectangle_java2.jpg,830317432,56,842.785,372.8692857142857,826.5,367,23,21,y1,2,class->block->constructor->block->block_content->expr_stmt->expr->name->name,
2,108,rectangle_java2.jpg,rectangle_java2.jpg,830393434,72,850.9661111111111,358.12333333333333,856.5,367,10,21,;,1,class->block->constructor->block->block_content->expr_stmt,
2,108,rectangle_java2.jpg,rectangle_java2.jpg,830493443,96,850.0216666666666,379.8754166666667,856.5,367,10,21,;,1,class->block->constructor->block->block_content->expr_stmt,
2,108,rectangle_java2.jpg,rectangle_java2.jpg,830617428,76,915.6305263157894,279.5305263157895,911.5,259,10,21,"""","""",1,class->block->decl_stmt
2,108,rectangle_java2.jpg,rectangle_java2.jpg,830697413,76,906.397894736842,278.0563157894737,911.5,259,10,21,"""","""",1,class->block->decl_stmt
2,108,rectangle_java2.jpg,rectangle_java2.jpg,830893372,68,914.854705882353,250.24,911.5,259,10,21,"""","""",1,class->block->decl_stmt
2,108,rectangle_java2.jpg,rectangle_java2.jpg,831061393,92,901.1908695652172,309.39130434782606,890.5,295,24,21,x1,2,class->block->constructor->parameter_list->parameter->decl->type->name,
2,108,rectangle_java2.jpg,rectangle_java2.jpg,831121407,56,910.8957142857142,297.4657142857143,890.5,295,24,21,x1,2,class->block->constructor->parameter_list->parameter->decl->type->name,
2,108,rectangle_java2.jpg,rectangle_java2.jpg,831121407,56,910.8957142857142,297.4657142857143,921.5,295,9,21,"""","""",1,class->block->constructor->parameter_list
2,108,rectangle_java2.jpg,rectangle_java2.jpg,831181399,56,896.7457142857143,303.04357142857145,890.5,295,24,21,x1,2,class->block->constructor->parameter_list->parameter->decl->type->name,
2,108,rectangle_java2.jpg,rectangle_java2.jpg,832553299,120,845.001,251.49233333333336,833.5,259,23,21,y1,2,class->block->decl_stmt->decl->name,
2,108,rectangle_java2.jpg,rectangle_java2.jpg,832633295,76,807.1726315789474,247.50315789473683,785.5,259,23,21,x1,2,class->block->decl_stmt->decl->name,
2,108,rectangle_java2.jpg,rectangle_java2.jpg,832633295,76,807.1726315789474,247.50315789473683,815.5,259,10,21,"""","""",1,class->block->decl_stmt
2,108,rectangle_java2.jpg,rectangle_java2.jpg,834217151,60,876.7993333333334,550.494,883.5,549,10,21,{,1,class->block->function->block,
2,108,rectangle_java2.jpg,rectangle_java2.jpg,834661109,76,1057.006842105263,551.9173684210526,1045.5,549,13,21,-,1,class->block->function->block->block_content->return->expr->operator,
2,108,rectangle_java2.jpg,rectangle_java2.jpg,834661109,76,1057.006842105263,551.9173684210526,1064.5,549,71,21,this.y1,7,class->block->function->block->block_content->return->expr->name->name->operator->name,
2,108,rectangle_java2.jpg,rectangle_java2.jpg,835472937,100,907.7384,581.812,910.5,585,62,21,return,6,class->block->function->block->block_content->return,
2,108,rectangle_java2.jpg,rectangle_java2.jpg,835577002,56,890.3821428571429,593.44,893.5,585,10,21,{,1,class->block->function->block,
2,108,rectangle_java2.jpg,rectangle_java2.jpg,835773023,100,1034.102,592.2132,977.5,585,101,21,this.width,10,class->block->function->block->block_content->return->expr->call->name->name->operator->name,
2,108,rectangle_java2.jpg,rectangle_java2.jpg,836041029,104,1103.003846153846,594.1496153846153,1103.5,585,9,21,),1,class->block->function->block->block_content->return->expr->call->argument_list,
2,108,rectangle_java2.jpg,rectangle_java2.jpg,836341025,64,843.665625,638.046875,804.5,621,44,21,void,4,class->block->function->type->name,
2,108,rectangle_java2.jpg,rectangle_java2.jpg,836341025,64,843.665625,638.046875,851.5,621,44,21,main,4,class->block->function->name,
2,108,rectangle_java2.jpg,rectangle_java2.jpg,836473013,84,855.96,635.6614285714286,851.5,621,44,21,main,4,class->block->function->name,
2,108,rectangle_java2.jpg,rectangle_java2.jpg,836649013,72,918.7938888888888,673.7894444444445,902.5,658,34,20,new,3,class->block->function->block->block_content->decl_stmt->decl->init->expr->operator,
2,108,rectangle_java2.jpg,rectangle_java2.jpg,836792993,92,927.6673913043478,669.6617391304347,902.5,658,34,20,new,3,class->block->function->block->block_content->decl_stmt->decl->init->expr->operator,
2,108,rectangle_java2.jpg,rectangle_java2.jpg,836973024,56,1042.1792857142857,687.3892857142857,1041.5,694,9,21,(,1,class->block->function->block->block_content->expr_stmt->expr->call->argument_list->argument->expr->call->argument_list,
2,108,rectangle_java2.jpg,rectangle_java2.jpg,837128964,60,1096.4406666666666,667.9953333333333,1095.5,658,13,20,0,1,class->block->function->block->block_content->decl_stmt->decl->init->expr->call->argument_list->argument->expr->literal,
2,108,rectangle_java2.jpg,rectangle_java2.jpg,837224852,92,1101.858695652174,686.555652173913,1096.5,694,10,21,;,1,class->block->function->block->block_content->expr_stmt,
2,108,rectangle_java2.jpg,rectangle_java2.jpg,837288818,60,1094.1253333333334,688.6686666666667,1096.5,694,10,21,;,1,class->block->function->block->block_content->expr_stmt,
2,108,rectangle_java2.jpg,rectangle_java2.jpg,838176843,64,861.58,519.5225,854.5,512,9,21,),1,class->block->function->parameter_list,
2,108,rectangle_java2.jpg,rectangle_java2.jpg,838256858,56,861.8028571428572,527.4985714285714,854.5,512,9,21,),1,class->block->function->parameter_list,
2,108,rectangle_java2.jpg,rectangle_java2.jpg,839084613,56,862.1178571428571,454.4807142857143,856.5,440,10,21,;,1,class->block->constructor->block->block_content->expr_stmt,
2,108,rectangle_java2.jpg,rectangle_java2.jpg,839544751,76,807.57,216.24526315789475,813.5,222,10,21,{,1,class->block,
2,108,rectangle_java2.jpg,rectangle_java2.jpg,841000645,100,870.3475999999999,636.252,851.5,621,44,21,main,4,class->block->function->name,
2,108,rectangle_java2.jpg,rectangle_java2.jpg,841292675,112,827.1125,649.8667857142857,826.5,658,52,20,rect1,5,class->block->function->block->block_content->decl_stmt->decl->name,
2,108,rectangle_java2.jpg,rectangle_java2.jpg,841480711,60,893.4513333333333,667.864,883.5,658,15,20,=,1,class->block->function->block->block_content->decl_stmt->decl->init,
2,108,rectangle_java2.jpg,rectangle_java2.jpg,841480711,60,893.4513333333333,667.864,902.5,658,34,20,new,3,class->block->function->block->block_content->decl_stmt->decl->init->expr->operator,
2,108,rectangle_java2.jpg,rectangle_java2.jpg,841752555,76,977.8684210526316,693.2473684210527,932.5,694,100,21,rect1.area,10,class->block->function->block->block_content->expr_stmt->expr->call->argument_list->argument->expr->call->name->name->operator->name,
2,108,rectangle_java2.jpg,rectangle_java2.jpg,841960665,88,1102.333181818182,672.2463636363636,1095.5,658,13,20,0,1,class->block->function->block->block_content->decl_stmt->decl->init->expr->call->argument_list->argument->expr->literal,
2,108,rectangle_java2.jpg,rectangle_java2.jpg,842228693,112,1227.2035714285714,656.4692857142857,1231.5,658,10,20,;,1,class->block->function->block->block_content->decl_stmt,
2,108,rectangle_java2.jpg,rectangle_java2.jpg,842292682,60,1233.42,668.66,1231.5,658,10,20,;,1,class->block->function->block->block_content->decl_stmt,
2,108,rectangle_java2.jpg,rectangle_java2.jpg,842900496,116,921.408275862069,756.5444827586207,916.5,766,9,21,(,1,class->block->function->block->block_content->expr_stmt->expr->call->argument_list,
2,108,rectangle_java2.jpg,rectangle_java2.jpg,842900496,116,921.408275862069,756.5444827586207,932.5,766,100,21,rect2.area,10,class->block->function->block->block_content->expr_stmt->expr->call->argument_list->argument->expr->call->name->name->operator->name,
2,108,rectangle_java2.jpg,rectangle_java2.jpg,843152512,172,837.1181395348838,768.7162790697674,730.5,766,177,21,System.out.println,18,class->block->function->block->block_content->expr_stmt->expr->call->name->name->operator->name->operator->name,
2,108,rectangle_java2.jpg,rectangle_java2.jpg,843300490,84,912.4828571428573,767.0790476190476,916.5,766,9,21,(,1,class->block->function->block->block_content->expr_stmt->expr->call->argument_list,
2,108,rectangle_java2.jpg,rectangle_java2.jpg,843364486,60,905.8606666666668,767.5586666666667,730.5,766,177,21,System.out.println,18,class->block->function->block->block_content->expr_stmt->expr->call->name->name->operator->name->operator->name,
2,108,rectangle_java2.jpg,rectangle_java2.jpg,843364486,60,905.8606666666668,767.5586666666667,916.5,766,9,21,(,1,class->block->function->block->block_content->expr_stmt->expr->call->argument_list,
2,108,rectangle_java2.jpg,rectangle_java2.jpg,843616518,60,916.9186666666668,560.4853333333333,900.5,549,63,21,return,6,class->block->function->block->block_content->return,
2,108,rectangle_java2.jpg,rectangle_java2.jpg,844064494,64,993.529375,499.77,958.5,512,71,21,this.x2,7,class->block->function->block->block_content->return->expr->name->name->operator->name->operator,
2,108,rectangle_java2.jpg,rectangle_java2.jpg,844524522,56,829.0764285714286,503.6921428571429,837.5,512,9,21,(,1,class->block->function->parameter_list,
2,108,rectangle_java2.jpg,rectangle_java2.jpg,847980240,72,907.7683333333332,604.5455555555556,910.5,585,62,21,return,6,class->block->function->block->block_content->return,
2,108,rectangle_java2.jpg,rectangle_java2.jpg,848096253,112,913.7032142857142,601.8871428571429,910.5,585,62,21,return,6,class->block->function->block->block_content->return,
2,108,rectangle_java2.jpg,rectangle_java2.jpg,848156267,56,908.0092857142856,602.1442857142857,910.5,585,62,21,return,6,class->block->function->block->block_content->return,
2,108,rectangle_java2.jpg,rectangle_java2.jpg,848720097,56,1136.8707142857145,553.7078571428572,1142.5,549,10,21,;,1,class->block->function->block->block_content->return,
2,108,rectangle_java2.jpg,rectangle_java2.jpg,848860096,64,992.05875,654.095,941.5,658,91,20,Rectangle,9,class->block->function->block->block_content->decl_stmt->decl->init->expr->call->name,
2,108,rectangle_java2.jpg,rectangle_java2.jpg,849080174,92,1089.452608695652,672.7604347826087,1095.5,658,13,20,0,1,class->block->function->block->block_content->decl_stmt->decl->init->expr->call->argument_list->argument->expr->literal,
2,108,rectangle_java2.jpg,rectangle_java2.jpg,849176173,92,1099.3734782608697,668.9382608695652,1095.5,658,13,20,0,1,class->block->function->block->block_content->decl_stmt->decl->init->expr->call->argument_list->argument->expr->literal,
2,108,rectangle_java2.jpg,rectangle_java2.jpg,849440174,64,1183.473125,677.8,1182.5,658,22,20,10,2,class->block->function->block->block_content->decl_stmt->decl->init->expr->call->argument_list->argument->expr->literal,
2,108,rectangle_java2.jpg,rectangle_java2.jpg,850148102,68,1146.4,585.8911764705882,1140.5,585,110,21,this.height,11,class->block->function->block->block_content->return->expr->call->name->name->operator->name,
2,108,rectangle_java2.jpg,rectangle_java2.jpg,850212066,60,1133.8866666666668,579.6866666666666,1122.5,585,12,21,*,1,class->block->function->block->block_content->return->expr->operator,
2,108,rectangle_java2.jpg,rectangle_java2.jpg,850212066,60,1133.8866666666668,579.6866666666666,1140.5,585,110,21,this.height,11,class->block->function->block->block_content->return->expr->call->name->name->operator->name,
2,108,rectangle_java2.jpg,rectangle_java2.jpg,850643992,60,1059.3,532.84,1054.5,512,71,21,this.x1,7,class->block->function->block->block_content->return->expr->name->name->operator->name,
2,108,rectangle_java2.jpg,rectangle_java2.jpg,850888003,72,970.4816666666668,510.58888888888896,958.5,512,71,21,this.x2,7,class->block->function->block->block_content->return->expr->name->name->operator->name->operator,
2,108,rectangle_java2.jpg,rectangle_java2.jpg,850979999,88,954.5322727272728,513.1368181818182,958.5,512,71,21,this.x2,7,class->block->function->block->block_content->return->expr->name->name->operator->name->operator,
2,108,rectangle_java2.jpg,rectangle_java2.jpg,851123998,84,937.9928571428572,517.3171428571428,891.5,512,62,21,return,6,class->block->function->block->block_content->return->expr->name->name,
2,108,rectangle_java2.jpg,rectangle_java2.jpg,851191988,64,924.601875,506.18000000000006,891.5,512,62,21,return,6,class->block->function->block->block_content->return->expr->name->name,
2,108,rectangle_java2.jpg,rectangle_java2.jpg,851299976,104,924.0634615384616,524.1242307692307,891.5,512,62,21,return,6,class->block->function->block->block_content->return->expr->name->name,
2,108,rectangle_java2.jpg,rectangle_java2.jpg,851639938,80,999.926,499.829,958.5,512,71,21,this.x2,7,class->block->function->block->block_content->return->expr->name->name->operator->name->operator,
2,108,rectangle_java2.jpg,rectangle_java2.jpg,852555846,56,1009.5828571428572,543.8128571428572,968.5,549,70,21,this.y2,7,class->block->function->block->block_content->return->expr->name->name->operator->name,
2,108,rectangle_java2.jpg,rectangle_java2.jpg,853311825,72,1067.7627777777775,531.135,1054.5,512,71,21,this.x1,7,class->block->function->block->block_content->return->expr->name->name->operator->name,
2,108,rectangle_java2.jpg,rectangle_java2.jpg,853379841,64,1073.180625,528.35125,1054.5,512,71,21,this.x1,7,class->block->function->block->block_content->return->expr->name->name->operator->name,
2,108,rectangle_java2.jpg,rectangle_java2.jpg,854007737,60,958.6793333333334,502.2266666666667,958.5,512,71,21,this.x2,7,class->block->function->block->block_content->return->expr->name->name->operator->name->operator,
2,108,rectangle_java2.jpg,rectangle_java2.jpg,854619716,100,1007.3864,503.624,958.5,512,71,21,this.x2,7,class->block->function->block->block_content->return->expr->name->name->operator->name->operator,
2,108,rectangle_java2.jpg,rectangle_java2.jpg,855027690,92,1014.8026086956522,501.20304347826095,958.5,512,71,21,this.x2,7,class->block->function->block->block_content->return->expr->name->name->operator->name->operator,
2,108,rectangle_java2.jpg,rectangle_java2.jpg,855175661,144,1016.1319444444443,519.4730555555556,958.5,512,71,21,this.x2,7,class->block->function->block->block_content->return->expr->name->name->operator->name->operator,
2,108,rectangle_java2.jpg,rectangle_java2.jpg,855299671,56,864.6,431.3671428571429,856.5,440,10,21,;,1,class->block->constructor->block->block_content->expr_stmt,
2,108,rectangle_java2.jpg,rectangle_java2.jpg,856007390,88,883.5945454545455,296.615,853.5,295,32,21,int,3,class->block->constructor->parameter_list->parameter->decl->type->name,
2,108,rectangle_java2.jpg,rectangle_java2.jpg,856007390,88,883.5945454545455,296.615,890.5,295,24,21,x1,2,class->block->constructor->parameter_list->parameter->decl->type->name,
2,108,rectangle_java2.jpg,rectangle_java2.jpg,856067402,56,889.4635714285714,293.7807142857143,890.5,295,24,21,x1,2,class->block->constructor->parameter_list->parameter->decl->type->name,
2,108,rectangle_java2.jpg,rectangle_java2.jpg,856243455,84,872.8319047619048,279.0914285714286,863.5,259,10,21,"""","""",1,class->block->decl_stmt
2,108,rectangle_java2.jpg,rectangle_java2.jpg,856243455,84,872.8319047619048,279.0914285714286,881.5,259,23,21,x2,2,class->block->decl_stmt->decl->name,
2,108,rectangle_java2.jpg,rectangle_java2.jpg,856339535,92,881.2930434782609,271.38565217391306,881.5,259,23,21,x2,2,class->block->decl_stmt->decl->name,
2,108,rectangle_java2.jpg,rectangle_java2.jpg,856431562,88,873.3377272727273,269.08954545454543,863.5,259,10,21,"""","""",1,class->block->decl_stmt
2,108,rectangle_java2.jpg,rectangle_java2.jpg,856431562,88,873.3377272727273,269.08954545454543,881.5,259,23,21,x2,2,class->block->decl_stmt->decl->name,
