trial,participant,code_file,code_language,timestamp,duration,x_cord,y_cord,aoi_x,aoi_y,aoi_width,aoi_height,token,length,srcML,
2,101,rectangle_java2.jpg,rectangle_java2.jpg,441358849,128,815.835625,364.835,806.5,367,15,21,=,1,class->block->constructor->block->block_content->expr_stmt->expr->operator,
2,101,rectangle_java2.jpg,rectangle_java2.jpg,441358849,128,815.835625,364.835,826.5,367,23,21,y1,2,class->block->constructor->block->block_content->expr_stmt->expr->name->name,
2,101,rectangle_java2.jpg,rectangle_java2.jpg,441458973,96,816.8479166666666,371.25166666666667,806.5,367,15,21,=,1,class->block->constructor->block->block_content->expr_stmt->expr->operator,
2,101,rectangle_java2.jpg,rectangle_java2.jpg,441458973,96,816.8479166666666,371.25166666666667,826.5,367,23,21,y1,2,class->block->constructor->block->block_content->expr_stmt->expr->name->name,
2,101,rectangle_java2.jpg,rectangle_java2.jpg,441611135,72,718.0855555555555,277.37166666666667,669.5,259,72,21,private,7,class->block->decl_stmt->decl->type->specifier,
2,101,rectangle_java2.jpg,rectangle_java2.jpg,441943221,60,612.8073333333333,219.04666666666665,589.5,222,63,21,public,6,class->specifier,
2,101,rectangle_java2.jpg,rectangle_java2.jpg,442183257,76,753.7073684210526,223.9563157894737,715.5,222,90,21,Rectangle,9,class->name,
2,101,rectangle_java2.jpg,rectangle_java2.jpg,442627314,56,718.1257142857143,272.4485714285714,669.5,259,72,21,private,7,class->block->decl_stmt->decl->type->specifier,
2,101,rectangle_java2.jpg,rectangle_java2.jpg,442691314,60,719.3106666666666,254.71000000000004,669.5,259,72,21,private,7,class->block->decl_stmt->decl->type->specifier,
2,101,rectangle_java2.jpg,rectangle_java2.jpg,443075272,80,922.756,276.2955,929.5,259,23,21,y2,2,class->block->decl_stmt->decl->name,
2,101,rectangle_java2.jpg,rectangle_java2.jpg,443175212,96,920.3025,257.59375,911.5,259,10,21,"""","""",1,class->block->decl_stmt
2,101,rectangle_java2.jpg,rectangle_java2.jpg,443175212,96,920.3025,257.59375,929.5,259,23,21,y2,2,class->block->decl_stmt->decl->name,
2,101,rectangle_java2.jpg,rectangle_java2.jpg,443358588,60,612.8306666666667,210.086,589.5,222,63,21,public,6,class->specifier,
2,101,rectangle_java2.jpg,rectangle_java2.jpg,443787135,88,683.1668181818181,233.61454545454544,657.5,222,52,21,class,5,class,
2,101,rectangle_java2.jpg,rectangle_java2.jpg,444191174,76,774.4752631578947,260.9926315789474,747.5,259,33,21,int,3,class->block->decl_stmt->decl->type->name,
2,101,rectangle_java2.jpg,rectangle_java2.jpg,444191174,76,774.4752631578947,260.9926315789474,785.5,259,23,21,x1,2,class->block->decl_stmt->decl->name,
2,101,rectangle_java2.jpg,rectangle_java2.jpg,444295153,72,761.5783333333334,238.63333333333333,715.5,222,90,21,Rectangle,9,class->name,
2,101,rectangle_java2.jpg,rectangle_java2.jpg,444495126,100,761.9972,249.75120000000004,747.5,259,33,21,int,3,class->block->decl_stmt->decl->type->name,
2,101,rectangle_java2.jpg,rectangle_java2.jpg,444675129,60,707.18,238.9173333333333,657.5,222,52,21,class,5,class,
2,101,rectangle_java2.jpg,rectangle_java2.jpg,444675129,60,707.18,238.9173333333333,715.5,222,90,21,Rectangle,9,class->name,
2,101,rectangle_java2.jpg,rectangle_java2.jpg,444887145,112,778.0714285714286,257.19357142857143,747.5,259,33,21,int,3,class->block->decl_stmt->decl->type->name,
2,101,rectangle_java2.jpg,rectangle_java2.jpg,444887145,112,778.0714285714286,257.19357142857143,785.5,259,23,21,x1,2,class->block->decl_stmt->decl->name,
2,101,rectangle_java2.jpg,rectangle_java2.jpg,445103150,56,828.1821428571428,272.82428571428574,833.5,259,23,21,y1,2,class->block->decl_stmt->decl->name,
2,101,rectangle_java2.jpg,rectangle_java2.jpg,445215113,108,829.5155555555556,274.73962962962963,833.5,259,23,21,y1,2,class->block->decl_stmt->decl->name,
2,101,rectangle_java2.jpg,rectangle_java2.jpg,445438982,120,911.1696666666668,278.44,911.5,259,10,21,"""","""",1,class->block->decl_stmt
2,101,rectangle_java2.jpg,rectangle_java2.jpg,445531040,88,922.806818181818,269.2390909090909,929.5,259,23,21,y2,2,class->block->decl_stmt->decl->name,
2,101,rectangle_java2.jpg,rectangle_java2.jpg,445747071,144,727.5777777777778,307.72,669.5,295,63,21,public,6,class->block->constructor->specifier,
2,101,rectangle_java2.jpg,rectangle_java2.jpg,445747071,144,727.5777777777778,307.72,737.5,295,91,21,Rectangle,9,class->block->constructor->name,
2,101,rectangle_java2.jpg,rectangle_java2.jpg,445807070,56,729.455,301.50928571428574,669.5,295,63,21,public,6,class->block->constructor->specifier,
2,101,rectangle_java2.jpg,rectangle_java2.jpg,445807070,56,729.455,301.50928571428574,737.5,295,91,21,Rectangle,9,class->block->constructor->name,
2,101,rectangle_java2.jpg,rectangle_java2.jpg,445879053,68,709.5176470588235,300.0317647058823,669.5,295,63,21,public,6,class->block->constructor->specifier,
2,101,rectangle_java2.jpg,rectangle_java2.jpg,446215003,128,778.469375,307.53625,737.5,295,91,21,Rectangle,9,class->block->constructor->name,
2,101,rectangle_java2.jpg,rectangle_java2.jpg,446311060,92,779.9530434782608,299.14565217391305,737.5,295,91,21,Rectangle,9,class->block->constructor->name,
2,101,rectangle_java2.jpg,rectangle_java2.jpg,446423060,56,900.4742857142858,306.53,890.5,295,24,21,x1,2,class->block->constructor->parameter_list->parameter->decl->type->name,
2,101,rectangle_java2.jpg,rectangle_java2.jpg,446503023,76,908.807894736842,308.89684210526315,890.5,295,24,21,x1,2,class->block->constructor->parameter_list->parameter->decl->type->name,
2,101,rectangle_java2.jpg,rectangle_java2.jpg,446586994,80,915.2025,299.1535,921.5,295,9,21,"""","""",1,class->block->constructor->parameter_list
2,101,rectangle_java2.jpg,rectangle_java2.jpg,446926979,80,770.671,365.058,730.5,367,71,21,this.y1,7,class->block->constructor->block->block_content->expr_stmt->expr->name->name->operator->name,
2,101,rectangle_java2.jpg,rectangle_java2.jpg,447110879,80,688.4425,504.3734999999999,669.5,512,63,21,public,6,class->block->function->type->specifier,
2,101,rectangle_java2.jpg,rectangle_java2.jpg,447422926,68,777.26,550.3747058823529,775.5,549,62,21,height,6,class->block->function->name,
2,101,rectangle_java2.jpg,rectangle_java2.jpg,447482908,56,778.0242857142857,560.9185714285715,775.5,549,62,21,height,6,class->block->function->name,
2,101,rectangle_java2.jpg,rectangle_java2.jpg,447586877,56,756.7264285714285,532.0042857142857,737.5,512,33,21,int,3,class->block->function->type->name,
2,101,rectangle_java2.jpg,rectangle_java2.jpg,447814840,60,788.382,527.114,775.5,512,53,21,width,5,class->block->function->name,
2,101,rectangle_java2.jpg,rectangle_java2.jpg,447914852,72,830.5022222222223,512.3516666666667,837.5,512,9,21,(,1,class->block->function->parameter_list,
2,101,rectangle_java2.jpg,rectangle_java2.jpg,448042878,68,936.390588235294,527.1223529411765,891.5,512,62,21,return,6,class->block->function->block->block_content->return->expr->name->name,
2,101,rectangle_java2.jpg,rectangle_java2.jpg,448166859,120,941.2076666666668,539.6636666666667,900.5,549,63,21,return,6,class->block->function->block->block_content->return,
2,101,rectangle_java2.jpg,rectangle_java2.jpg,448370873,144,924.2766666666666,523.1705555555556,891.5,512,62,21,return,6,class->block->function->block->block_content->return->expr->name->name,
2,101,rectangle_java2.jpg,rectangle_java2.jpg,448494871,92,1005.9173913043478,525.0769565217391,958.5,512,71,21,this.x2,7,class->block->function->block->block_content->return->expr->name->name->operator->name->operator,
2,101,rectangle_java2.jpg,rectangle_java2.jpg,448626854,128,1009.8759375,542.298125,968.5,549,70,21,this.y2,7,class->block->function->block->block_content->return->expr->name->name->operator->name,
2,101,rectangle_java2.jpg,rectangle_java2.jpg,448798847,132,1039.7251515151515,527.709393939394,1035.5,512,13,21,-,1,class->block->function->block->block_content->return->expr->name->name,
2,101,rectangle_java2.jpg,rectangle_java2.jpg,449310867,144,1118.5725,500.0877777777778,1054.5,512,71,21,this.x1,7,class->block->function->block->block_content->return->expr->name->name->operator->name,
2,101,rectangle_java2.jpg,rectangle_java2.jpg,449626765,104,736.4588461538461,541.223076923077,737.5,549,33,21,int,3,class->block->function->type->name,
2,101,rectangle_java2.jpg,rectangle_java2.jpg,449778721,116,733.2896551724137,564.7627586206896,737.5,549,33,21,int,3,class->block->function->type->name,
2,101,rectangle_java2.jpg,rectangle_java2.jpg,450054715,92,810.5152173913043,537.8713043478261,775.5,549,62,21,height,6,class->block->function->name,
2,101,rectangle_java2.jpg,rectangle_java2.jpg,450138726,80,809.667,562.651,775.5,549,62,21,height,6,class->block->function->name,
2,101,rectangle_java2.jpg,rectangle_java2.jpg,450330712,112,754.9360714285714,565.5625,737.5,549,33,21,int,3,class->block->function->type->name,
2,101,rectangle_java2.jpg,rectangle_java2.jpg,450706685,60,781.734,609.6913333333333,738.5,621,61,21,static,6,class->block->function->type->specifier,
2,101,rectangle_java2.jpg,rectangle_java2.jpg,450818606,108,790.935925925926,595.8085185185186,737.5,585,62,21,double,6,class->block->function->type->name,
2,101,rectangle_java2.jpg,rectangle_java2.jpg,450974525,68,869.765294117647,580.5282352941176,873.5,585,9,21,),1,class->block->function->parameter_list,
2,101,rectangle_java2.jpg,rectangle_java2.jpg,451110592,72,968.7644444444444,597.6244444444444,910.5,585,62,21,return,6,class->block->function->block->block_content->return,
2,101,rectangle_java2.jpg,rectangle_java2.jpg,451110592,72,968.7644444444444,597.6244444444444,977.5,585,101,21,this.width,10,class->block->function->block->block_content->return->expr->call->name->name->operator->name,
2,101,rectangle_java2.jpg,rectangle_java2.jpg,451490611,64,782.16875,612.459375,738.5,621,61,21,static,6,class->block->function->type->specifier,
2,101,rectangle_java2.jpg,rectangle_java2.jpg,451606618,56,692.7614285714286,631.7871428571428,669.5,621,63,21,public,6,class->block->function->type->specifier,
2,101,rectangle_java2.jpg,rectangle_java2.jpg,451710631,100,697.8288,617.6168,669.5,621,63,21,public,6,class->block->function->type->specifier,
2,101,rectangle_java2.jpg,rectangle_java2.jpg,451866565,76,795.801052631579,619.1563157894736,738.5,621,61,21,static,6,class->block->function->type->specifier,
2,101,rectangle_java2.jpg,rectangle_java2.jpg,451866565,76,795.801052631579,619.1563157894736,804.5,621,44,21,void,4,class->block->function->type->name,
2,101,rectangle_java2.jpg,rectangle_java2.jpg,451926539,56,793.3528571428571,612.4921428571429,738.5,621,61,21,static,6,class->block->function->type->specifier,
2,101,rectangle_java2.jpg,rectangle_java2.jpg,451926539,56,793.3528571428571,612.4921428571429,804.5,621,44,21,void,4,class->block->function->type->name,
2,101,rectangle_java2.jpg,rectangle_java2.jpg,452014548,64,883.1581249999999,639.77375,851.5,621,44,21,main,4,class->block->function->name,
2,101,rectangle_java2.jpg,rectangle_java2.jpg,452074565,56,883.0771428571428,647.4728571428572,883.5,658,15,20,=,1,class->block->function->block->block_content->decl_stmt->decl->init,
2,101,rectangle_java2.jpg,rectangle_java2.jpg,452198603,80,888.126,629.094,851.5,621,44,21,main,4,class->block->function->name,
2,101,rectangle_java2.jpg,rectangle_java2.jpg,452366631,56,953.9478571428572,617.3021428571428,920.5,621,62,21,String,6,class->block->function->parameter_list->parameter->decl->type->name->name,
2,101,rectangle_java2.jpg,rectangle_java2.jpg,452498636,72,980.0561111111112,635.7038888888889,920.5,621,62,21,String,6,class->block->function->parameter_list->parameter->decl->type->name->name,
2,101,rectangle_java2.jpg,rectangle_java2.jpg,452498636,72,980.0561111111112,635.7038888888889,990.5,621,10,21,[,1,class->block->function->parameter_list->parameter->decl->type->name->index,
2,101,rectangle_java2.jpg,rectangle_java2.jpg,452642472,88,1055.6186363636364,615.9113636363636,1025.5,621,42,21,args,4,class->block->function->parameter_list->parameter->decl->name,
2,101,rectangle_java2.jpg,rectangle_java2.jpg,452714354,68,1055.2582352941176,634.5023529411765,1025.5,621,42,21,args,4,class->block->function->parameter_list->parameter->decl->name,
2,101,rectangle_java2.jpg,rectangle_java2.jpg,452902810,132,830.3690909090909,657.020303030303,826.5,658,52,20,rect1,5,class->block->function->block->block_content->decl_stmt->decl->name,
2,101,rectangle_java2.jpg,rectangle_java2.jpg,452990880,72,777.255,669.1583333333333,730.5,658,91,20,Rectangle,9,class->block->function->block->block_content->decl_stmt->decl->type->name,
2,101,rectangle_java2.jpg,rectangle_java2.jpg,453138547,144,776.2411111111111,683.7430555555555,730.5,694,177,21,System.out.println,18,class->block->function->block->block_content->expr_stmt->expr->call->name->name->operator->name->operator->name,
2,101,rectangle_java2.jpg,rectangle_java2.jpg,453202483,60,786.5546666666667,675.7293333333333,730.5,658,91,20,Rectangle,9,class->block->function->block->block_content->decl_stmt->decl->type->name,
2,101,rectangle_java2.jpg,rectangle_java2.jpg,453322481,68,862.4770588235294,641.9582352941177,851.5,621,44,21,main,4,class->block->function->name,
2,101,rectangle_java2.jpg,rectangle_java2.jpg,453758407,56,993.865,661.2314285714285,941.5,658,91,20,Rectangle,9,class->block->function->block->block_content->decl_stmt->decl->init->expr->call->name,
2,101,rectangle_java2.jpg,rectangle_java2.jpg,453894398,60,1006.57,636.724,1007.5,621,10,21,],1,class->block->function->parameter_list->parameter->decl->type->name->index,
2,101,rectangle_java2.jpg,rectangle_java2.jpg,454006347,108,999.0866666666668,625.0807407407408,990.5,621,10,21,[,1,class->block->function->parameter_list->parameter->decl->type->name->index,
2,101,rectangle_java2.jpg,rectangle_java2.jpg,454006347,108,999.0866666666668,625.0807407407408,1007.5,621,10,21,],1,class->block->function->parameter_list->parameter->decl->type->name->index,
2,101,rectangle_java2.jpg,rectangle_java2.jpg,454158213,68,1029.969411764706,610.3070588235294,1025.5,621,42,21,args,4,class->block->function->parameter_list->parameter->decl->name,
2,101,rectangle_java2.jpg,rectangle_java2.jpg,454266460,104,1035.4823076923076,623.345,1025.5,621,42,21,args,4,class->block->function->parameter_list->parameter->decl->name,
2,101,rectangle_java2.jpg,rectangle_java2.jpg,454394629,76,1045.0836842105264,610.1405263157894,1025.5,621,42,21,args,4,class->block->function->parameter_list->parameter->decl->name,
2,101,rectangle_java2.jpg,rectangle_java2.jpg,454542211,88,1097.7581818181818,624.9563636363637,1094.5,621,10,21,{,1,class->block->function->block,
2,101,rectangle_java2.jpg,rectangle_java2.jpg,455126312,64,1048.426875,665.56375,1041.5,658,9,20,(,1,class->block->function->block->block_content->decl_stmt->decl->init->expr->call->argument_list,
2,101,rectangle_java2.jpg,rectangle_java2.jpg,455126312,64,1048.426875,665.56375,1057.5,658,13,20,0,1,class->block->function->block->block_content->decl_stmt->decl->init->expr->call->argument_list->argument->expr->literal,
2,101,rectangle_java2.jpg,rectangle_java2.jpg,455198301,68,1039.2782352941176,655.0958823529412,1041.5,658,9,20,(,1,class->block->function->block->block_content->decl_stmt->decl->init->expr->call->argument_list,
2,101,rectangle_java2.jpg,rectangle_java2.jpg,455402290,80,786.7955,654.98,730.5,658,91,20,Rectangle,9,class->block->function->block->block_content->decl_stmt->decl->type->name,
2,101,rectangle_java2.jpg,rectangle_java2.jpg,455502316,96,788.09875,681.5345833333333,730.5,694,177,21,System.out.println,18,class->block->function->block->block_content->expr_stmt->expr->call->name->name->operator->name->operator->name,
2,101,rectangle_java2.jpg,rectangle_java2.jpg,455738261,88,860.1227272727273,669.265,826.5,658,52,20,rect1,5,class->block->function->block->block_content->decl_stmt->decl->name,
2,101,rectangle_java2.jpg,rectangle_java2.jpg,456046432,88,704.9568181818182,594.6386363636364,669.5,585,63,21,public,6,class->block->function->type->specifier,
2,101,rectangle_java2.jpg,rectangle_java2.jpg,456198378,96,708.4191666666667,625.1070833333333,669.5,621,63,21,public,6,class->block->function->type->specifier,
2,101,rectangle_java2.jpg,rectangle_java2.jpg,456322249,72,773.338888888889,637.5338888888889,738.5,621,61,21,static,6,class->block->function->type->specifier,
2,101,rectangle_java2.jpg,rectangle_java2.jpg,456482174,156,779.5651282051282,627.0015384615384,738.5,621,61,21,static,6,class->block->function->type->specifier,
2,101,rectangle_java2.jpg,rectangle_java2.jpg,456566182,80,785.629,622.8655,738.5,621,61,21,static,6,class->block->function->type->specifier,
2,101,rectangle_java2.jpg,rectangle_java2.jpg,456690215,96,972.8545833333334,726.9183333333333,941.5,731,91,20,Rectangle,9,class->block->function->block->block_content->decl_stmt->decl->init->expr->call->name,
2,101,rectangle_java2.jpg,rectangle_java2.jpg,456782238,88,975.4495454545456,730.8981818181818,941.5,731,91,20,Rectangle,9,class->block->function->block->block_content->decl_stmt->decl->init->expr->call->name,
2,101,rectangle_java2.jpg,rectangle_java2.jpg,456906239,64,973.655625,739.161875,941.5,731,91,20,Rectangle,9,class->block->function->block->block_content->decl_stmt->decl->init->expr->call->name,
2,101,rectangle_java2.jpg,rectangle_java2.jpg,457134214,128,790.6284375,783.1246875,730.5,766,177,21,System.out.println,18,class->block->function->block->block_content->expr_stmt->expr->call->name->name->operator->name->operator->name,
2,101,rectangle_java2.jpg,rectangle_java2.jpg,457382206,84,950.3357142857144,786.3957142857142,932.5,766,100,21,rect2.area,10,class->block->function->block->block_content->expr_stmt->expr->call->argument_list->argument->expr->call->name->name->operator->name,
2,101,rectangle_java2.jpg,rectangle_java2.jpg,457462217,76,946.5205263157897,775.8373684210526,932.5,766,100,21,rect2.area,10,class->block->function->block->block_content->expr_stmt->expr->call->argument_list->argument->expr->call->name->name->operator->name,
2,101,rectangle_java2.jpg,rectangle_java2.jpg,457662248,124,1008.2593548387096,777.6835483870967,932.5,766,100,21,rect2.area,10,class->block->function->block->block_content->expr_stmt->expr->call->argument_list->argument->expr->call->name->name->operator->name,
2,101,rectangle_java2.jpg,rectangle_java2.jpg,458361986,64,782.1725,686.955625,730.5,694,177,21,System.out.println,18,class->block->function->block->block_content->expr_stmt->expr->call->name->name->operator->name->operator->name,
2,101,rectangle_java2.jpg,rectangle_java2.jpg,458482043,68,775.2705882352941,689.7605882352941,730.5,694,177,21,System.out.println,18,class->block->function->block->block_content->expr_stmt->expr->call->name->name->operator->name->operator->name,
2,101,rectangle_java2.jpg,rectangle_java2.jpg,458674102,68,836.0911764705883,727.1770588235294,826.5,731,51,20,rect2,5,class->block->function->block->block_content->decl_stmt->decl->name,
2,101,rectangle_java2.jpg,rectangle_java2.jpg,459278106,56,713.4228571428571,236.75571428571425,715.5,222,90,21,Rectangle,9,class->name,
2,101,rectangle_java2.jpg,rectangle_java2.jpg,460133989,96,798.2995833333333,292.63625,737.5,295,91,21,Rectangle,9,class->block->constructor->name,
2,101,rectangle_java2.jpg,rectangle_java2.jpg,460498084,88,906.9140909090908,293.00545454545454,890.5,295,24,21,x1,2,class->block->constructor->parameter_list->parameter->decl->type->name,
2,101,rectangle_java2.jpg,rectangle_java2.jpg,460566018,64,914.925,299.36375,921.5,295,9,21,"""","""",1,class->block->constructor->parameter_list
2,101,rectangle_java2.jpg,rectangle_java2.jpg,460925973,92,798.214347826087,266.9695652173913,785.5,259,23,21,x1,2,class->block->decl_stmt->decl->name,
2,101,rectangle_java2.jpg,rectangle_java2.jpg,461110194,56,701.8935714285715,295.31142857142856,669.5,295,63,21,public,6,class->block->constructor->specifier,
2,101,rectangle_java2.jpg,rectangle_java2.jpg,461949863,152,916.1418421052632,310.78763157894736,921.5,295,9,21,"""","""",1,class->block->constructor->parameter_list
2,101,rectangle_java2.jpg,rectangle_java2.jpg,462013848,60,927.3733333333332,298.52,921.5,295,9,21,"""","""",1,class->block->constructor->parameter_list
2,101,rectangle_java2.jpg,rectangle_java2.jpg,462013848,60,927.3733333333332,298.52,939.5,295,33,21,int,3,class->block->constructor->parameter_list->parameter->decl->type->name,
2,101,rectangle_java2.jpg,rectangle_java2.jpg,462237802,56,987.6435714285716,310.20428571428573,977.5,295,23,21,y1,2,class->block->constructor->parameter_list->parameter->decl->type->name,
2,101,rectangle_java2.jpg,rectangle_java2.jpg,462361803,80,1080.7195,286.611,1063.5,295,23,21,x2,2,class->block->constructor->parameter_list->parameter->decl->type->name,
2,101,rectangle_java2.jpg,rectangle_java2.jpg,462577829,100,1128.7432,295.9616,1112.5,295,33,21,int,3,class->block->constructor->parameter_list->parameter->decl->type->name,
2,101,rectangle_java2.jpg,rectangle_java2.jpg,463101863,104,697.8207692307692,293.7446153846154,669.5,295,63,21,public,6,class->block->constructor->specifier,
2,101,rectangle_java2.jpg,rectangle_java2.jpg,463165854,60,687.4693333333333,295.9953333333333,669.5,295,63,21,public,6,class->block->constructor->specifier,
2,101,rectangle_java2.jpg,rectangle_java2.jpg,463429826,96,769.02625,346.12375,730.5,331,71,19,this.x1,7,class->block->constructor->block->block_content->expr_stmt->expr->name->name->operator->name,
2,101,rectangle_java2.jpg,rectangle_java2.jpg,463697776,56,811.295,370.6,806.5,367,15,21,=,1,class->block->constructor->block->block_content->expr_stmt->expr->operator,
2,101,rectangle_java2.jpg,rectangle_java2.jpg,463769773,60,754.1393333333333,366.1426666666667,730.5,367,71,21,this.y1,7,class->block->constructor->block->block_content->expr_stmt->expr->name->name->operator->name,
2,101,rectangle_java2.jpg,rectangle_java2.jpg,463849701,76,749.3752631578948,360.0684210526316,730.5,367,71,21,this.y1,7,class->block->constructor->block->block_content->expr_stmt->expr->name->name->operator->name,
2,101,rectangle_java2.jpg,rectangle_java2.jpg,463937621,84,747.3395238095238,370.7838095238095,730.5,367,71,21,this.y1,7,class->block->constructor->block->block_content->expr_stmt->expr->name->name->operator->name,
2,101,rectangle_java2.jpg,rectangle_java2.jpg,464097665,116,795.8706896551724,364.63,730.5,367,71,21,this.y1,7,class->block->constructor->block->block_content->expr_stmt->expr->name->name->operator->name,
2,101,rectangle_java2.jpg,rectangle_java2.jpg,464097665,116,795.8706896551724,364.63,806.5,367,15,21,=,1,class->block->constructor->block->block_content->expr_stmt->expr->operator,
2,101,rectangle_java2.jpg,rectangle_java2.jpg,464553658,128,764.3409375,507.57,737.5,512,33,21,int,3,class->block->function->type->name,
2,101,rectangle_java2.jpg,rectangle_java2.jpg,464553658,128,764.3409375,507.57,775.5,512,53,21,width,5,class->block->function->name,
2,101,rectangle_java2.jpg,rectangle_java2.jpg,465097725,108,805.997037037037,514.3725925925926,775.5,512,53,21,width,5,class->block->function->name,
2,101,rectangle_java2.jpg,rectangle_java2.jpg,465293748,92,750.805652173913,527.8204347826087,737.5,512,33,21,int,3,class->block->function->type->name,
2,101,rectangle_java2.jpg,rectangle_java2.jpg,465437728,64,798.12,522.705625,775.5,512,53,21,width,5,class->block->function->name,
2,101,rectangle_java2.jpg,rectangle_java2.jpg,465661604,220,812.6383636363636,531.7636363636364,775.5,512,53,21,width,5,class->block->function->name,
2,101,rectangle_java2.jpg,rectangle_java2.jpg,465869530,56,928.6978571428572,518.1985714285714,891.5,512,62,21,return,6,class->block->function->block->block_content->return->expr->name->name,
2,101,rectangle_java2.jpg,rectangle_java2.jpg,465977498,104,931.6815384615384,509.93346153846153,891.5,512,62,21,return,6,class->block->function->block->block_content->return->expr->name->name,
2,101,rectangle_java2.jpg,rectangle_java2.jpg,466213527,88,992.2386363636364,510.1454545454545,958.5,512,71,21,this.x2,7,class->block->function->block->block_content->return->expr->name->name->operator->name->operator,
2,101,rectangle_java2.jpg,rectangle_java2.jpg,466357581,140,996.8611428571428,514.7425714285714,958.5,512,71,21,this.x2,7,class->block->function->block->block_content->return->expr->name->name->operator->name->operator,
2,101,rectangle_java2.jpg,rectangle_java2.jpg,466581562,68,1032.9717647058824,502.86764705882354,1035.5,512,13,21,-,1,class->block->function->block->block_content->return->expr->name->name,
2,101,rectangle_java2.jpg,rectangle_java2.jpg,466705563,120,1010.0743333333334,515.0476666666667,958.5,512,71,21,this.x2,7,class->block->function->block->block_content->return->expr->name->name->operator->name->operator,
2,101,rectangle_java2.jpg,rectangle_java2.jpg,466857571,148,1007.4891891891892,514.672972972973,958.5,512,71,21,this.x2,7,class->block->function->block->block_content->return->expr->name->name->operator->name->operator,
2,101,rectangle_java2.jpg,rectangle_java2.jpg,466917579,56,1003.2792857142856,508.8285714285714,958.5,512,71,21,this.x2,7,class->block->function->block->block_content->return->expr->name->name->operator->name->operator,
2,101,rectangle_java2.jpg,rectangle_java2.jpg,467053558,100,1031.4912,524.3364,1035.5,512,13,21,-,1,class->block->function->block->block_content->return->expr->name->name,
2,101,rectangle_java2.jpg,rectangle_java2.jpg,467645336,92,739.3017391304348,519.0565217391304,737.5,512,33,21,int,3,class->block->function->type->name,
2,101,rectangle_java2.jpg,rectangle_java2.jpg,467897437,80,794.2275,514.336,775.5,512,53,21,width,5,class->block->function->name,
2,101,rectangle_java2.jpg,rectangle_java2.jpg,467997464,56,708.5407142857143,540.275,669.5,549,63,21,public,6,class->block->function->type->specifier,
2,101,rectangle_java2.jpg,rectangle_java2.jpg,468173490,172,704.7037209302325,543.8739534883721,669.5,549,63,21,public,6,class->block->function->type->specifier,
2,101,rectangle_java2.jpg,rectangle_java2.jpg,468461456,72,809.906111111111,558.4605555555555,775.5,549,62,21,height,6,class->block->function->name,
2,101,rectangle_java2.jpg,rectangle_java2.jpg,468789431,160,840.4755,594.2595,804.5,585,43,21,area,4,class->block->function->name,
2,101,rectangle_java2.jpg,rectangle_java2.jpg,469005456,156,693.4194871794872,597.7223076923077,669.5,585,63,21,public,6,class->block->function->type->specifier,
2,101,rectangle_java2.jpg,rectangle_java2.jpg,469161417,80,775.2745,590.1610000000001,737.5,585,62,21,double,6,class->block->function->type->name,
2,101,rectangle_java2.jpg,rectangle_java2.jpg,469289406,124,785.4248387096774,598.286129032258,737.5,585,62,21,double,6,class->block->function->type->name,
2,101,rectangle_java2.jpg,rectangle_java2.jpg,469429269,116,990.4248275862068,590.8313793103448,977.5,585,101,21,this.width,10,class->block->function->block->block_content->return->expr->call->name->name->operator->name,
2,101,rectangle_java2.jpg,rectangle_java2.jpg,469513215,80,991.2325,575.9555,977.5,585,101,21,this.width,10,class->block->function->block->block_content->return->expr->call->name->name->operator->name,
2,101,rectangle_java2.jpg,rectangle_java2.jpg,469713285,144,1074.1672222222223,573.9333333333333,977.5,585,101,21,this.width,10,class->block->function->block->block_content->return->expr->call->name->name->operator->name,
2,101,rectangle_java2.jpg,rectangle_java2.jpg,469713285,144,1074.1672222222223,573.9333333333333,1086.5,585,10,21,(,1,class->block->function->block->block_content->return->expr->call->argument_list,
2,101,rectangle_java2.jpg,rectangle_java2.jpg,469849321,84,1153.6976190476191,550.1052380952381,1161.5,549,10,21,},1,class->block->function->block,
2,101,rectangle_java2.jpg,rectangle_java2.jpg,470245306,140,805.8442857142858,619.6197142857143,804.5,621,44,21,void,4,class->block->function->type->name,
2,101,rectangle_java2.jpg,rectangle_java2.jpg,470397321,92,694.5956521739131,618.4147826086956,669.5,621,63,21,public,6,class->block->function->type->specifier,
2,101,rectangle_java2.jpg,rectangle_java2.jpg,470749306,56,808.7092857142857,623.2728571428571,804.5,621,44,21,void,4,class->block->function->type->name,
2,101,rectangle_java2.jpg,rectangle_java2.jpg,470817294,64,826.456875,625.959375,804.5,621,44,21,void,4,class->block->function->type->name,
2,101,rectangle_java2.jpg,rectangle_java2.jpg,470957279,100,865.6952,615.2152,851.5,621,44,21,main,4,class->block->function->name,
2,101,rectangle_java2.jpg,rectangle_java2.jpg,471425093,120,781.8686666666666,629.33,738.5,621,61,21,static,6,class->block->function->type->specifier,
2,101,rectangle_java2.jpg,rectangle_java2.jpg,471817177,68,989.42,627.3029411764705,990.5,621,10,21,[,1,class->block->function->parameter_list->parameter->decl->type->name->index,
2,101,rectangle_java2.jpg,rectangle_java2.jpg,471925166,68,963.1723529411764,640.1276470588235,920.5,621,62,21,String,6,class->block->function->parameter_list->parameter->decl->type->name->name,
2,101,rectangle_java2.jpg,rectangle_java2.jpg,472125183,68,1028.124705882353,599.9111764705882,977.5,585,101,21,this.width,10,class->block->function->block->block_content->return->expr->call->name->name->operator->name,
2,101,rectangle_java2.jpg,rectangle_java2.jpg,472433178,64,816.483125,653.74125,730.5,658,91,20,Rectangle,9,class->block->function->block->block_content->decl_stmt->decl->type->name,
2,101,rectangle_java2.jpg,rectangle_java2.jpg,472433178,64,816.483125,653.74125,826.5,658,52,20,rect1,5,class->block->function->block->block_content->decl_stmt->decl->name,
2,101,rectangle_java2.jpg,rectangle_java2.jpg,472529155,72,784.2622222222222,640.5388888888889,738.5,621,61,21,static,6,class->block->function->type->specifier,
2,101,rectangle_java2.jpg,rectangle_java2.jpg,472661149,128,785.17375,647.7909375,730.5,658,91,20,Rectangle,9,class->block->function->block->block_content->decl_stmt->decl->type->name,
2,101,rectangle_java2.jpg,rectangle_java2.jpg,472941141,208,923.3001923076924,662.5663461538461,902.5,658,34,20,new,3,class->block->function->block->block_content->decl_stmt->decl->init->expr->operator,
2,101,rectangle_java2.jpg,rectangle_java2.jpg,473049010,64,977.038125,650.41375,941.5,658,91,20,Rectangle,9,class->block->function->block->block_content->decl_stmt->decl->init->expr->call->name,
2,101,rectangle_java2.jpg,rectangle_java2.jpg,473116920,64,978.751875,634.3512499999999,920.5,621,62,21,String,6,class->block->function->parameter_list->parameter->decl->type->name->name,
2,101,rectangle_java2.jpg,rectangle_java2.jpg,473116920,64,978.751875,634.3512499999999,990.5,621,10,21,[,1,class->block->function->parameter_list->parameter->decl->type->name->index,
2,101,rectangle_java2.jpg,rectangle_java2.jpg,473176899,56,977.2057142857144,632.0778571428572,920.5,621,62,21,String,6,class->block->function->parameter_list->parameter->decl->type->name->name,
2,101,rectangle_java2.jpg,rectangle_java2.jpg,473389061,68,1107.7529411764706,649.0235294117647,1095.5,658,13,20,0,1,class->block->function->block->block_content->decl_stmt->decl->init->expr->call->argument_list->argument->expr->literal,
2,101,rectangle_java2.jpg,rectangle_java2.jpg,473389061,68,1107.7529411764706,649.0235294117647,1115.5,658,10,20,"""","""",1,class->block->function->block->block_content->decl_stmt->decl->init->expr->call->argument_list
2,101,rectangle_java2.jpg,rectangle_java2.jpg,473533077,56,1202.3128571428572,648.2542857142857,1182.5,658,22,20,10,2,class->block->function->block->block_content->decl_stmt->decl->init->expr->call->argument_list->argument->expr->literal,
2,101,rectangle_java2.jpg,rectangle_java2.jpg,473533077,56,1202.3128571428572,648.2542857142857,1211.5,658,9,20,),1,class->block->function->block->block_content->decl_stmt->decl->init->expr->call->argument_list,
2,101,rectangle_java2.jpg,rectangle_java2.jpg,473669044,84,825.6076190476191,686.7933333333333,730.5,694,177,21,System.out.println,18,class->block->function->block->block_content->expr_stmt->expr->call->name->name->operator->name->operator->name,
2,101,rectangle_java2.jpg,rectangle_java2.jpg,473857007,68,777.1317647058823,693.48,730.5,694,177,21,System.out.println,18,class->block->function->block->block_content->expr_stmt->expr->call->name->name->operator->name->operator->name,
2,101,rectangle_java2.jpg,rectangle_java2.jpg,473973002,56,775.4642857142858,707.8478571428572,730.5,694,177,21,System.out.println,18,class->block->function->block->block_content->expr_stmt->expr->call->name->name->operator->name->operator->name,
2,101,rectangle_java2.jpg,rectangle_java2.jpg,474157049,56,866.9971428571429,709.4364285714286,730.5,694,177,21,System.out.println,18,class->block->function->block->block_content->expr_stmt->expr->call->name->name->operator->name->operator->name,
2,101,rectangle_java2.jpg,rectangle_java2.jpg,474237050,76,856.3178947368422,694.9089473684211,730.5,694,177,21,System.out.println,18,class->block->function->block->block_content->expr_stmt->expr->call->name->name->operator->name->operator->name,
2,101,rectangle_java2.jpg,rectangle_java2.jpg,474401037,92,820.3756521739131,741.408695652174,730.5,731,91,20,Rectangle,9,class->block->function->block->block_content->decl_stmt->decl->type->name,
2,101,rectangle_java2.jpg,rectangle_java2.jpg,474401037,92,820.3756521739131,741.408695652174,826.5,731,51,20,rect2,5,class->block->function->block->block_content->decl_stmt->decl->name,
2,101,rectangle_java2.jpg,rectangle_java2.jpg,474517003,60,769.9726666666667,718.5506666666666,730.5,731,91,20,Rectangle,9,class->block->function->block->block_content->decl_stmt->decl->type->name,
2,101,rectangle_java2.jpg,rectangle_java2.jpg,474649001,76,780.9342105263158,711.4826315789473,730.5,694,177,21,System.out.println,18,class->block->function->block->block_content->expr_stmt->expr->call->name->name->operator->name->operator->name,
2,101,rectangle_java2.jpg,rectangle_java2.jpg,474749016,56,758.8357142857143,775.2857142857143,730.5,766,177,21,System.out.println,18,class->block->function->block->block_content->expr_stmt->expr->call->name->name->operator->name->operator->name,
2,101,rectangle_java2.jpg,rectangle_java2.jpg,474876863,100,832.7988,740.772,826.5,731,51,20,rect2,5,class->block->function->block->block_content->decl_stmt->decl->name,
2,101,rectangle_java2.jpg,rectangle_java2.jpg,475056815,72,887.765,740.2855555555556,883.5,731,15,20,=,1,class->block->function->block->block_content->decl_stmt->decl->init,
2,101,rectangle_java2.jpg,rectangle_java2.jpg,475220913,76,962.2,720.1136842105263,941.5,731,91,20,Rectangle,9,class->block->function->block->block_content->decl_stmt->decl->init->expr->call->name,
2,101,rectangle_java2.jpg,rectangle_java2.jpg,475376931,92,1147.49,720.5686956521739,1134.5,731,22,20,10,2,class->block->function->block->block_content->decl_stmt->decl->init->expr->call->argument_list->argument->expr->literal,
2,101,rectangle_java2.jpg,rectangle_java2.jpg,475464921,84,1147.3509523809523,727.0909523809523,1134.5,731,22,20,10,2,class->block->function->block->block_content->decl_stmt->decl->init->expr->call->argument_list->argument->expr->literal,
2,101,rectangle_java2.jpg,rectangle_java2.jpg,475564910,60,857.952,760.4046666666667,730.5,766,177,21,System.out.println,18,class->block->function->block->block_content->expr_stmt->expr->call->name->name->operator->name->operator->name,
2,101,rectangle_java2.jpg,rectangle_java2.jpg,475848990,92,761.0708695652174,775.6356521739131,730.5,766,177,21,System.out.println,18,class->block->function->block->block_content->expr_stmt->expr->call->name->name->operator->name->operator->name,
2,101,rectangle_java2.jpg,rectangle_java2.jpg,476600943,96,1008.655,755.8983333333333,932.5,766,100,21,rect2.area,10,class->block->function->block->block_content->expr_stmt->expr->call->argument_list->argument->expr->call->name->name->operator->name,
2,101,rectangle_java2.jpg,rectangle_java2.jpg,476780908,60,996.3066666666668,687.7106666666666,932.5,694,100,21,rect1.area,10,class->block->function->block->block_content->expr_stmt->expr->call->argument_list->argument->expr->call->name->name->operator->name,
2,101,rectangle_java2.jpg,rectangle_java2.jpg,477764767,64,765.016875,445.1843750000001,730.5,440,71,21,this.y2,7,class->block->constructor->block->block_content->expr_stmt->expr->name->name->operator->name,
2,101,rectangle_java2.jpg,rectangle_java2.jpg,477848771,80,778.111,451.4355000000001,730.5,440,71,21,this.y2,7,class->block->constructor->block->block_content->expr_stmt->expr->name->name->operator->name,
2,101,rectangle_java2.jpg,rectangle_java2.jpg,478696709,64,1042.9025,547.02,1045.5,549,13,21,-,1,class->block->function->block->block_content->return->expr->operator,
2,101,rectangle_java2.jpg,rectangle_java2.jpg,478776661,76,1033.5426315789473,547.0847368421053,968.5,549,70,21,this.y2,7,class->block->function->block->block_content->return->expr->name->name->operator->name,
2,101,rectangle_java2.jpg,rectangle_java2.jpg,478776661,76,1033.5426315789473,547.0847368421053,1045.5,549,13,21,-,1,class->block->function->block->block_content->return->expr->operator,
2,101,rectangle_java2.jpg,rectangle_java2.jpg,478848665,68,1042.5223529411765,529.964705882353,1035.5,512,13,21,-,1,class->block->function->block->block_content->return->expr->name->name,
2,101,rectangle_java2.jpg,rectangle_java2.jpg,478848665,68,1042.5223529411765,529.964705882353,1054.5,512,71,21,this.x1,7,class->block->function->block->block_content->return->expr->name->name->operator->name,
2,101,rectangle_java2.jpg,rectangle_java2.jpg,479920693,60,903.5573333333332,760.0793333333334,730.5,766,177,21,System.out.println,18,class->block->function->block->block_content->expr_stmt->expr->call->name->name->operator->name->operator->name,
2,101,rectangle_java2.jpg,rectangle_java2.jpg,480852549,60,853.9573333333333,512.5006666666667,854.5,512,9,21,),1,class->block->function->parameter_list,
2,101,rectangle_java2.jpg,rectangle_java2.jpg,480916541,60,852.5013333333334,530.0066666666667,854.5,512,9,21,),1,class->block->function->parameter_list,
2,101,rectangle_java2.jpg,rectangle_java2.jpg,480984528,64,846.95,537.403125,846.5,549,10,21,(,1,class->block->function->parameter_list,
2,101,rectangle_java2.jpg,rectangle_java2.jpg,481128524,56,924.8114285714286,779.5278571428571,916.5,766,9,21,(,1,class->block->function->block->block_content->expr_stmt->expr->call->argument_list,
2,101,rectangle_java2.jpg,rectangle_java2.jpg,481128524,56,924.8114285714286,779.5278571428571,932.5,766,100,21,rect2.area,10,class->block->function->block->block_content->expr_stmt->expr->call->argument_list->argument->expr->call->name->name->operator->name,
2,101,rectangle_java2.jpg,rectangle_java2.jpg,481196599,64,923.76625,773.338125,916.5,766,9,21,(,1,class->block->function->block->block_content->expr_stmt->expr->call->argument_list,
2,101,rectangle_java2.jpg,rectangle_java2.jpg,481196599,64,923.76625,773.338125,932.5,766,100,21,rect2.area,10,class->block->function->block->block_content->expr_stmt->expr->call->argument_list->argument->expr->call->name->name->operator->name,
2,101,rectangle_java2.jpg,rectangle_java2.jpg,482060521,168,778.1454761904762,603.4773809523809,737.5,585,62,21,double,6,class->block->function->type->name,
2,101,rectangle_java2.jpg,rectangle_java2.jpg,482120521,56,777.8542857142857,611.405,738.5,621,61,21,static,6,class->block->function->type->specifier,
2,101,rectangle_java2.jpg,rectangle_java2.jpg,482332430,160,822.16575,749.883,826.5,731,51,20,rect2,5,class->block->function->block->block_content->decl_stmt->decl->name,
