trial,participant,code_file,code_language,timestamp,duration,x_cord,y_cord,aoi_x,aoi_y,aoi_width,aoi_height,token,length,srcML,
2,118,rectangle_java2.jpg,rectangle_java2.jpg,7527583110,124,716.3577419354839,220.25451612903225,715.5,222,90,21,Rectangle,9,class->name,
2,118,rectangle_java2.jpg,rectangle_java2.jpg,7527743077,156,721.1253846153846,225.4489743589744,715.5,222,90,21,Rectangle,9,class->name,
2,118,rectangle_java2.jpg,rectangle_java2.jpg,7527851081,104,718.9188461538462,218.6780769230769,715.5,222,90,21,Rectangle,9,class->name,
2,118,rectangle_java2.jpg,rectangle_java2.jpg,7528590884,112,789.0635714285714,216.6478571428571,715.5,222,90,21,Rectangle,9,class->name,
2,118,rectangle_java2.jpg,rectangle_java2.jpg,7528662926,68,789.2523529411765,223.8558823529412,715.5,222,90,21,Rectangle,9,class->name,
2,118,rectangle_java2.jpg,rectangle_java2.jpg,7529030922,76,952.2147368421053,289.87368421052633,939.5,295,33,21,int,3,class->block->constructor->parameter_list->parameter->decl->type->name,
2,118,rectangle_java2.jpg,rectangle_java2.jpg,7529394912,100,782.8352,349.7584,730.5,331,71,19,this.x1,7,class->block->constructor->block->block_content->expr_stmt->expr->name->name->operator->name,
2,118,rectangle_java2.jpg,rectangle_java2.jpg,7529954889,188,792.4497872340426,445.02702127659575,730.5,440,71,21,this.y2,7,class->block->constructor->block->block_content->expr_stmt->expr->name->name->operator->name,
2,118,rectangle_java2.jpg,rectangle_java2.jpg,7530154723,136,739.0808823529412,435.59470588235286,730.5,440,71,21,this.y2,7,class->block->constructor->block->block_content->expr_stmt->expr->name->name->operator->name,
2,118,rectangle_java2.jpg,rectangle_java2.jpg,7530306634,148,751.8624324324325,429.0991891891893,730.5,440,71,21,this.y2,7,class->block->constructor->block->block_content->expr_stmt->expr->name->name->operator->name,
2,118,rectangle_java2.jpg,rectangle_java2.jpg,7530434748,80,801.9275,413.24700000000007,806.5,404,15,19,=,1,class->block->constructor->block->block_content->expr_stmt->expr->operator,
2,118,rectangle_java2.jpg,rectangle_java2.jpg,7530534815,96,798.2904166666667,404.3775,730.5,404,71,19,this.x2,7,class->block->constructor->block->block_content->expr_stmt->expr->name->name->operator->name,
2,118,rectangle_java2.jpg,rectangle_java2.jpg,7530534815,96,798.2904166666667,404.3775,806.5,404,15,19,=,1,class->block->constructor->block->block_content->expr_stmt->expr->operator,
2,118,rectangle_java2.jpg,rectangle_java2.jpg,7530938814,180,803.96,356.6102222222222,806.5,367,15,21,=,1,class->block->constructor->block->block_content->expr_stmt->expr->operator,
2,118,rectangle_java2.jpg,rectangle_java2.jpg,7531066787,96,742.4270833333334,337.34541666666667,730.5,331,71,19,this.x1,7,class->block->constructor->block->block_content->expr_stmt->expr->name->name->operator->name,
2,118,rectangle_java2.jpg,rectangle_java2.jpg,7531230767,160,744.738,334.19325,730.5,331,71,19,this.x1,7,class->block->constructor->block->block_content->expr_stmt->expr->name->name->operator->name,
2,118,rectangle_java2.jpg,rectangle_java2.jpg,7531354773,120,745.1996666666666,360.3326666666667,730.5,367,71,21,this.y1,7,class->block->constructor->block->block_content->expr_stmt->expr->name->name->operator->name,
2,118,rectangle_java2.jpg,rectangle_java2.jpg,7531426780,68,736.2105882352942,360.4688235294117,730.5,367,71,21,this.y1,7,class->block->constructor->block->block_content->expr_stmt->expr->name->name->operator->name,
2,118,rectangle_java2.jpg,rectangle_java2.jpg,7531542789,112,750.675,354.9478571428571,730.5,367,71,21,this.y1,7,class->block->constructor->block->block_content->expr_stmt->expr->name->name->operator->name,
2,118,rectangle_java2.jpg,rectangle_java2.jpg,7531650790,104,745.9446153846154,347.0676923076923,730.5,331,71,19,this.x1,7,class->block->constructor->block->block_content->expr_stmt->expr->name->name->operator->name,
2,118,rectangle_java2.jpg,rectangle_java2.jpg,7531750753,72,744.5483333333333,409.2611111111111,730.5,404,71,19,this.x2,7,class->block->constructor->block->block_content->expr_stmt->expr->name->name->operator->name,
2,118,rectangle_java2.jpg,rectangle_java2.jpg,7531886706,132,734.6493939393939,404.5251515151515,730.5,404,71,19,this.x2,7,class->block->constructor->block->block_content->expr_stmt->expr->name->name->operator->name,
2,118,rectangle_java2.jpg,rectangle_java2.jpg,7532094638,72,729.1722222222222,530.5344444444445,669.5,512,63,21,public,6,class->block->function->type->specifier,
2,118,rectangle_java2.jpg,rectangle_java2.jpg,7532094638,72,729.1722222222222,530.5344444444445,737.5,512,33,21,int,3,class->block->function->type->name,
2,118,rectangle_java2.jpg,rectangle_java2.jpg,7532170666,72,740.8716666666667,530.5438888888889,737.5,512,33,21,int,3,class->block->function->type->name,
2,118,rectangle_java2.jpg,rectangle_java2.jpg,7532330704,112,778.8325,548.0228571428571,775.5,549,62,21,height,6,class->block->function->name,
2,118,rectangle_java2.jpg,rectangle_java2.jpg,7532422698,88,780.9527272727273,538.7945454545454,775.5,549,62,21,height,6,class->block->function->name,
2,118,rectangle_java2.jpg,rectangle_java2.jpg,7532530693,64,993.57125,529.925,958.5,512,71,21,this.x2,7,class->block->function->block->block_content->return->expr->name->name->operator->name->operator,
2,118,rectangle_java2.jpg,rectangle_java2.jpg,7532610691,76,985.1473684210526,539.4263157894737,968.5,549,70,21,this.y2,7,class->block->function->block->block_content->return->expr->name->name->operator->name,
2,118,rectangle_java2.jpg,rectangle_java2.jpg,7532978633,160,976.005,524.518,958.5,512,71,21,this.x2,7,class->block->function->block->block_content->return->expr->name->name->operator->name->operator,
2,118,rectangle_java2.jpg,rectangle_java2.jpg,7533062651,72,1071.78,518.4916666666667,1054.5,512,71,21,this.x1,7,class->block->function->block->block_content->return->expr->name->name->operator->name,
2,118,rectangle_java2.jpg,rectangle_java2.jpg,7533178635,112,1062.5003571428572,520.5307142857143,1054.5,512,71,21,this.x1,7,class->block->function->block->block_content->return->expr->name->name->operator->name,
2,118,rectangle_java2.jpg,rectangle_java2.jpg,7533306598,124,1058.0448387096774,520.2193548387097,1054.5,512,71,21,this.x1,7,class->block->function->block->block_content->return->expr->name->name->operator->name,
2,118,rectangle_java2.jpg,rectangle_java2.jpg,7533466653,156,1072.4566666666667,525.6715384615385,1054.5,512,71,21,this.x1,7,class->block->function->block->block_content->return->expr->name->name->operator->name,
2,118,rectangle_java2.jpg,rectangle_java2.jpg,7534114552,80,731.5805,591.2795,669.5,585,63,21,public,6,class->block->function->type->specifier,
2,118,rectangle_java2.jpg,rectangle_java2.jpg,7534114552,80,731.5805,591.2795,737.5,585,62,21,double,6,class->block->function->type->name,
2,118,rectangle_java2.jpg,rectangle_java2.jpg,7534446434,68,1056.3376470588234,553.8435294117647,1045.5,549,13,21,-,1,class->block->function->block->block_content->return->expr->operator,
2,118,rectangle_java2.jpg,rectangle_java2.jpg,7534446434,68,1056.3376470588234,553.8435294117647,1064.5,549,71,21,this.y1,7,class->block->function->block->block_content->return->expr->name->name->operator->name,
2,118,rectangle_java2.jpg,rectangle_java2.jpg,7534582427,132,1049.9224242424243,550.1587878787878,1045.5,549,13,21,-,1,class->block->function->block->block_content->return->expr->operator,
2,118,rectangle_java2.jpg,rectangle_java2.jpg,7534734451,108,1079.4122222222222,569.1407407407407,1064.5,549,71,21,this.y1,7,class->block->function->block->block_content->return->expr->name->name->operator->name,
2,118,rectangle_java2.jpg,rectangle_java2.jpg,7534946481,72,923.8655555555556,617.1061111111111,920.5,621,62,21,String,6,class->block->function->parameter_list->parameter->decl->type->name->name,
2,118,rectangle_java2.jpg,rectangle_java2.jpg,7535310520,60,684.4473333333333,617.4106666666667,669.5,621,63,21,public,6,class->block->function->type->specifier,
2,118,rectangle_java2.jpg,rectangle_java2.jpg,7536398399,92,1108.305652173913,600.8917391304348,1103.5,585,9,21,),1,class->block->function->block->block_content->return->expr->call->argument_list,
2,118,rectangle_java2.jpg,rectangle_java2.jpg,7537202425,68,987.1188235294118,509.8623529411765,958.5,512,71,21,this.x2,7,class->block->function->block->block_content->return->expr->name->name->operator->name->operator,
2,118,rectangle_java2.jpg,rectangle_java2.jpg,7537350442,144,982.1580555555556,517.6936111111111,958.5,512,71,21,this.x2,7,class->block->function->block->block_content->return->expr->name->name->operator->name->operator,
2,118,rectangle_java2.jpg,rectangle_java2.jpg,7537510428,104,939.1773076923076,544.1919230769231,900.5,549,63,21,return,6,class->block->function->block->block_content->return,
2,118,rectangle_java2.jpg,rectangle_java2.jpg,7537590435,76,944.8436842105264,543.3278947368422,900.5,549,63,21,return,6,class->block->function->block->block_content->return,
2,118,rectangle_java2.jpg,rectangle_java2.jpg,7537694314,60,1045.7266666666667,558.62,1045.5,549,13,21,-,1,class->block->function->block->block_content->return->expr->operator,
2,118,rectangle_java2.jpg,rectangle_java2.jpg,7537762232,64,1029.415,567.04375,968.5,549,70,21,this.y2,7,class->block->function->block->block_content->return->expr->name->name->operator->name,
2,118,rectangle_java2.jpg,rectangle_java2.jpg,7537930209,96,1035.1295833333334,573.5033333333333,977.5,585,101,21,this.width,10,class->block->function->block->block_content->return->expr->call->name->name->operator->name,
2,118,rectangle_java2.jpg,rectangle_java2.jpg,7538462248,132,814.6857575757576,655.7781818181818,730.5,658,91,20,Rectangle,9,class->block->function->block->block_content->decl_stmt->decl->type->name,
2,118,rectangle_java2.jpg,rectangle_java2.jpg,7538462248,132,814.6857575757576,655.7781818181818,826.5,658,52,20,rect1,5,class->block->function->block->block_content->decl_stmt->decl->name,
2,118,rectangle_java2.jpg,rectangle_java2.jpg,7538674232,164,929.2524390243902,665.7070731707317,902.5,658,34,20,new,3,class->block->function->block->block_content->decl_stmt->decl->init->expr->operator,
2,118,rectangle_java2.jpg,rectangle_java2.jpg,7538674232,164,929.2524390243902,665.7070731707317,941.5,658,91,20,Rectangle,9,class->block->function->block->block_content->decl_stmt->decl->init->expr->call->name,
2,118,rectangle_java2.jpg,rectangle_java2.jpg,7538862233,108,1002.8577777777778,663.3974074074074,941.5,658,91,20,Rectangle,9,class->block->function->block->block_content->decl_stmt->decl->init->expr->call->name,
2,118,rectangle_java2.jpg,rectangle_java2.jpg,7539002253,56,746.845,660.9792857142858,730.5,658,91,20,Rectangle,9,class->block->function->block->block_content->decl_stmt->decl->type->name,
2,118,rectangle_java2.jpg,rectangle_java2.jpg,7539126280,120,749.6793333333334,666.4576666666667,730.5,658,91,20,Rectangle,9,class->block->function->block->block_content->decl_stmt->decl->type->name,
2,118,rectangle_java2.jpg,rectangle_java2.jpg,7539230290,80,798.6325,662.2555,730.5,658,91,20,Rectangle,9,class->block->function->block->block_content->decl_stmt->decl->type->name,
2,118,rectangle_java2.jpg,rectangle_java2.jpg,7539410291,72,746.1377777777777,721.2683333333333,730.5,731,91,20,Rectangle,9,class->block->function->block->block_content->decl_stmt->decl->type->name,
2,118,rectangle_java2.jpg,rectangle_java2.jpg,7539514204,84,810.6361904761904,713.36,730.5,694,177,21,System.out.println,18,class->block->function->block->block_content->expr_stmt->expr->call->name->name->operator->name->operator->name,
2,118,rectangle_java2.jpg,rectangle_java2.jpg,7539658006,60,955.504,702.9013333333334,932.5,694,100,21,rect1.area,10,class->block->function->block->block_content->expr_stmt->expr->call->argument_list->argument->expr->call->name->name->operator->name,
2,118,rectangle_java2.jpg,rectangle_java2.jpg,7539794032,132,940.560909090909,709.6142424242424,932.5,694,100,21,rect1.area,10,class->block->function->block->block_content->expr_stmt->expr->call->argument_list->argument->expr->call->name->name->operator->name,
2,118,rectangle_java2.jpg,rectangle_java2.jpg,7540434131,144,1079.0822222222223,714.1716666666666,1077.5,694,9,21,),1,class->block->function->block->block_content->expr_stmt->expr->call->argument_list,
2,118,rectangle_java2.jpg,rectangle_java2.jpg,7540614111,140,1047.1962857142858,719.024,1041.5,731,9,20,(,1,class->block->function->block->block_content->decl_stmt->decl->init->expr->call->argument_list,
2,118,rectangle_java2.jpg,rectangle_java2.jpg,7540614111,140,1047.1962857142858,719.024,1057.5,731,13,20,5,1,class->block->function->block->block_content->decl_stmt->decl->init->expr->call->argument_list->argument->expr->literal,
2,118,rectangle_java2.jpg,rectangle_java2.jpg,7541030112,124,889.2535483870968,502.5274193548387,891.5,512,62,21,return,6,class->block->function->block->block_content->return->expr->name->name,
2,118,rectangle_java2.jpg,rectangle_java2.jpg,7542537976,108,805.7670370370371,250.90185185185183,785.5,259,23,21,x1,2,class->block->decl_stmt->decl->name,
2,118,rectangle_java2.jpg,rectangle_java2.jpg,7542537976,108,805.7670370370371,250.90185185185183,815.5,259,10,21,"""","""",1,class->block->decl_stmt
2,118,rectangle_java2.jpg,rectangle_java2.jpg,7542718007,136,747.3985294117647,295.9526470588235,737.5,295,91,21,Rectangle,9,class->block->constructor->name,
2,118,rectangle_java2.jpg,rectangle_java2.jpg,7542922048,104,1071.398846153846,652.2411538461538,1077.5,658,9,20,"""","""",1,class->block->function->block->block_content->decl_stmt->decl->init->expr->call->argument_list
2,118,rectangle_java2.jpg,rectangle_java2.jpg,7543010025,84,1066.8890476190477,653.3028571428572,1057.5,658,13,20,0,1,class->block->function->block->block_content->decl_stmt->decl->init->expr->call->argument_list->argument->expr->literal,
2,118,rectangle_java2.jpg,rectangle_java2.jpg,7543010025,84,1066.8890476190477,653.3028571428572,1077.5,658,9,20,"""","""",1,class->block->function->block->block_content->decl_stmt->decl->init->expr->call->argument_list
2,118,rectangle_java2.jpg,rectangle_java2.jpg,7543138004,92,1074.8852173913044,719.6673913043478,1077.5,731,9,20,"""","""",1,class->block->function->block->block_content->decl_stmt->decl->init->expr->call->argument_list
2,118,rectangle_java2.jpg,rectangle_java2.jpg,7544041836,96,862.4541666666667,249.37583333333333,863.5,259,10,21,"""","""",1,class->block->decl_stmt
2,118,rectangle_java2.jpg,rectangle_java2.jpg,7544249793,80,884.3685,264.091,881.5,259,23,21,x2,2,class->block->decl_stmt->decl->name,
2,118,rectangle_java2.jpg,rectangle_java2.jpg,7544685898,60,938.0026666666666,257.51666666666665,929.5,259,23,21,y2,2,class->block->decl_stmt->decl->name,
2,118,rectangle_java2.jpg,rectangle_java2.jpg,7544809893,120,946.9526666666668,255.47366666666665,929.5,259,23,21,y2,2,class->block->decl_stmt->decl->name,
2,118,rectangle_java2.jpg,rectangle_java2.jpg,7546317740,132,774.0090909090909,264.7469696969697,747.5,259,33,21,int,3,class->block->decl_stmt->decl->type->name,
2,118,rectangle_java2.jpg,rectangle_java2.jpg,7546317740,132,774.0090909090909,264.7469696969697,785.5,259,23,21,x1,2,class->block->decl_stmt->decl->name,
2,118,rectangle_java2.jpg,rectangle_java2.jpg,7546545731,192,797.9360416666667,287.34541666666667,737.5,295,91,21,Rectangle,9,class->block->constructor->name,
2,118,rectangle_java2.jpg,rectangle_java2.jpg,7548909552,116,948.278275862069,516.2368965517242,891.5,512,62,21,return,6,class->block->function->block->block_content->return->expr->name->name,
2,118,rectangle_java2.jpg,rectangle_java2.jpg,7548909552,116,948.278275862069,516.2368965517242,958.5,512,71,21,this.x2,7,class->block->function->block->block_content->return->expr->name->name->operator->name->operator,
2,118,rectangle_java2.jpg,rectangle_java2.jpg,7549173402,224,1012.2026785714286,574.9921428571429,977.5,585,101,21,this.width,10,class->block->function->block->block_content->return->expr->call->name->name->operator->name,
2,118,rectangle_java2.jpg,rectangle_java2.jpg,7549353412,140,1109.568857142857,559.2734285714286,1064.5,549,71,21,this.y1,7,class->block->function->block->block_content->return->expr->name->name->operator->name,
2,118,rectangle_java2.jpg,rectangle_java2.jpg,7549445437,76,1110.3215789473684,663.6436842105263,1115.5,658,10,20,"""","""",1,class->block->function->block->block_content->decl_stmt->decl->init->expr->call->argument_list
2,118,rectangle_java2.jpg,rectangle_java2.jpg,7549597516,148,1104.89,664.3935135135135,1095.5,658,13,20,0,1,class->block->function->block->block_content->decl_stmt->decl->init->expr->call->argument_list->argument->expr->literal,
2,118,rectangle_java2.jpg,rectangle_java2.jpg,7549597516,148,1104.89,664.3935135135135,1115.5,658,10,20,"""","""",1,class->block->function->block->block_content->decl_stmt->decl->init->expr->call->argument_list
2,118,rectangle_java2.jpg,rectangle_java2.jpg,7549845503,224,1107.455,730.28125,1095.5,731,13,20,5,1,class->block->function->block->block_content->decl_stmt->decl->init->expr->call->argument_list->argument->expr->literal,
2,118,rectangle_java2.jpg,rectangle_java2.jpg,7549845503,224,1107.455,730.28125,1115.5,731,10,20,"""","""",1,class->block->function->block->block_content->decl_stmt->decl->init->expr->call->argument_list
2,118,rectangle_java2.jpg,rectangle_java2.jpg,7550097507,184,1080.8954347826086,771.9178260869566,1077.5,766,9,21,),1,class->block->function->block->block_content->expr_stmt->expr->call->argument_list,
2,118,rectangle_java2.jpg,rectangle_java2.jpg,7550785506,196,1054.743469387755,781.694693877551,1057.5,766,10,21,),1,class->block->function->block->block_content->expr_stmt->expr->call->argument_list->argument->expr->call->argument_list,
2,118,rectangle_java2.jpg,rectangle_java2.jpg,7550949466,140,1009.0377142857144,765.2457142857143,932.5,766,100,21,rect2.area,10,class->block->function->block->block_content->expr_stmt->expr->call->argument_list->argument->expr->call->name->name->operator->name,
2,118,rectangle_java2.jpg,rectangle_java2.jpg,7551009415,56,970.195,768.3121428571428,932.5,766,100,21,rect2.area,10,class->block->function->block->block_content->expr_stmt->expr->call->argument_list->argument->expr->call->name->name->operator->name,
2,118,rectangle_java2.jpg,rectangle_java2.jpg,7551165328,152,965.2357894736842,763.9744736842106,932.5,766,100,21,rect2.area,10,class->block->function->block->block_content->expr_stmt->expr->call->argument_list->argument->expr->call->name->name->operator->name,
2,118,rectangle_java2.jpg,rectangle_java2.jpg,7551293314,96,931.8275,767.8245833333333,932.5,766,100,21,rect2.area,10,class->block->function->block->block_content->expr_stmt->expr->call->argument_list->argument->expr->call->name->name->operator->name,
2,118,rectangle_java2.jpg,rectangle_java2.jpg,7551489365,192,923.9291666666668,758.9197916666667,916.5,766,9,21,(,1,class->block->function->block->block_content->expr_stmt->expr->call->argument_list,
2,118,rectangle_java2.jpg,rectangle_java2.jpg,7551489365,192,923.9291666666668,758.9197916666667,932.5,766,100,21,rect2.area,10,class->block->function->block->block_content->expr_stmt->expr->call->argument_list->argument->expr->call->name->name->operator->name,
2,118,rectangle_java2.jpg,rectangle_java2.jpg,7552433305,120,1095.5283333333334,726.8016666666666,1095.5,731,13,20,5,1,class->block->function->block->block_content->decl_stmt->decl->init->expr->call->argument_list->argument->expr->literal,
2,118,rectangle_java2.jpg,rectangle_java2.jpg,7552537305,100,1099.5324,721.5120000000001,1095.5,731,13,20,5,1,class->block->function->block->block_content->decl_stmt->decl->init->expr->call->argument_list->argument->expr->literal,
2,118,rectangle_java2.jpg,rectangle_java2.jpg,7553153286,60,831.0406666666667,382.882,826.5,367,23,21,y1,2,class->block->constructor->block->block_content->expr_stmt->expr->name->name,
2,118,rectangle_java2.jpg,rectangle_java2.jpg,7553257298,100,837.55,386.2592,826.5,367,23,21,y1,2,class->block->constructor->block->block_content->expr_stmt->expr->name->name,
2,118,rectangle_java2.jpg,rectangle_java2.jpg,7553349285,88,840.51,380.1259090909091,826.5,367,23,21,y1,2,class->block->constructor->block->block_content->expr_stmt->expr->name->name,
2,118,rectangle_java2.jpg,rectangle_java2.jpg,7553561250,68,885.4505882352942,305.3335294117647,853.5,295,32,21,int,3,class->block->constructor->parameter_list->parameter->decl->type->name,
2,118,rectangle_java2.jpg,rectangle_java2.jpg,7553561250,68,885.4505882352942,305.3335294117647,890.5,295,24,21,x1,2,class->block->constructor->parameter_list->parameter->decl->type->name,
2,118,rectangle_java2.jpg,rectangle_java2.jpg,7553785278,128,809.37375,299.388125,737.5,295,91,21,Rectangle,9,class->block->constructor->name,
2,118,rectangle_java2.jpg,rectangle_java2.jpg,7553917220,68,792.2694117647059,348.68882352941176,730.5,331,71,19,this.x1,7,class->block->constructor->block->block_content->expr_stmt->expr->name->name->operator->name,
2,118,rectangle_java2.jpg,rectangle_java2.jpg,7553993218,72,794.1277777777777,339.2344444444444,730.5,331,71,19,this.x1,7,class->block->constructor->block->block_content->expr_stmt->expr->name->name->operator->name,
2,118,rectangle_java2.jpg,rectangle_java2.jpg,7553993218,72,794.1277777777777,339.2344444444444,806.5,331,15,19,=,1,class->block->constructor->block->block_content->expr_stmt->expr->operator,
2,118,rectangle_java2.jpg,rectangle_java2.jpg,7554069214,72,792.1927777777778,338.75888888888886,730.5,331,71,19,this.x1,7,class->block->constructor->block->block_content->expr_stmt->expr->name->name->operator->name,
2,118,rectangle_java2.jpg,rectangle_java2.jpg,7554169208,72,1121.55,676.0077777777777,1115.5,658,10,20,"""","""",1,class->block->function->block->block_content->decl_stmt->decl->init->expr->call->argument_list
2,118,rectangle_java2.jpg,rectangle_java2.jpg,7554293203,120,1111.015666666667,672.724,1115.5,658,10,20,"""","""",1,class->block->function->block->block_content->decl_stmt->decl->init->expr->call->argument_list
2,118,rectangle_java2.jpg,rectangle_java2.jpg,7554597094,128,779.7325,323.490625,730.5,331,71,19,this.x1,7,class->block->constructor->block->block_content->expr_stmt->expr->name->name->operator->name,
2,118,rectangle_java2.jpg,rectangle_java2.jpg,7554724944,100,793.4196000000001,359.0172,730.5,367,71,21,this.y1,7,class->block->constructor->block->block_content->expr_stmt->expr->name->name->operator->name,
2,118,rectangle_java2.jpg,rectangle_java2.jpg,7554841034,112,789.9528571428572,356.7025,730.5,367,71,21,this.y1,7,class->block->constructor->block->block_content->expr_stmt->expr->name->name->operator->name,
2,118,rectangle_java2.jpg,rectangle_java2.jpg,7555001106,120,799.8226666666667,387.7533333333333,730.5,367,71,21,this.y1,7,class->block->constructor->block->block_content->expr_stmt->expr->name->name->operator->name,
2,118,rectangle_java2.jpg,rectangle_java2.jpg,7555001106,120,799.8226666666667,387.7533333333333,806.5,367,15,21,=,1,class->block->constructor->block->block_content->expr_stmt->expr->operator,
2,118,rectangle_java2.jpg,rectangle_java2.jpg,7555393122,72,1051.4277777777777,562.3655555555556,1045.5,549,13,21,-,1,class->block->function->block->block_content->return->expr->operator,
2,118,rectangle_java2.jpg,rectangle_java2.jpg,7555557078,160,1062.073,549.61225,1064.5,549,71,21,this.y1,7,class->block->function->block->block_content->return->expr->name->name->operator->name,
2,118,rectangle_java2.jpg,rectangle_java2.jpg,7555809066,208,1105.1248076923075,551.0686538461539,1064.5,549,71,21,this.y1,7,class->block->function->block->block_content->return->expr->name->name->operator->name,
2,118,rectangle_java2.jpg,rectangle_java2.jpg,7556073072,196,1002.4995918367348,554.8185714285714,968.5,549,70,21,this.y2,7,class->block->function->block->block_content->return->expr->name->name->operator->name,
2,118,rectangle_java2.jpg,rectangle_java2.jpg,7556297082,212,875.9562264150943,550.9049056603774,883.5,549,10,21,{,1,class->block->function->block,
2,118,rectangle_java2.jpg,rectangle_java2.jpg,7556508910,168,913.0983333333334,556.4185714285715,900.5,549,63,21,return,6,class->block->function->block->block_content->return,
2,118,rectangle_java2.jpg,rectangle_java2.jpg,7556648831,120,998.6226666666666,548.1246666666667,968.5,549,70,21,this.y2,7,class->block->function->block->block_content->return->expr->name->name->operator->name,
2,118,rectangle_java2.jpg,rectangle_java2.jpg,7556868940,216,999.0487037037036,542.9492592592593,968.5,549,70,21,this.y2,7,class->block->function->block->block_content->return->expr->name->name->operator->name,
2,118,rectangle_java2.jpg,rectangle_java2.jpg,7557048954,156,1016.6507692307692,600.6358974358974,977.5,585,101,21,this.width,10,class->block->function->block->block_content->return->expr->call->name->name->operator->name,
2,118,rectangle_java2.jpg,rectangle_java2.jpg,7557564899,56,1211.6735714285714,662.2007142857143,1211.5,658,9,20,),1,class->block->function->block->block_content->decl_stmt->decl->init->expr->call->argument_list,
2,118,rectangle_java2.jpg,rectangle_java2.jpg,7557624905,56,1211.817142857143,675.3807142857142,1211.5,658,9,20,),1,class->block->function->block->block_content->decl_stmt->decl->init->expr->call->argument_list,
2,118,rectangle_java2.jpg,rectangle_java2.jpg,7557796908,128,1132.0703125,737.0825,1134.5,731,22,20,10,2,class->block->function->block->block_content->decl_stmt->decl->init->expr->call->argument_list->argument->expr->literal,
2,118,rectangle_java2.jpg,rectangle_java2.jpg,7558360911,184,811.6254347826087,363.71934782608696,806.5,367,15,21,=,1,class->block->constructor->block->block_content->expr_stmt->expr->operator,
2,118,rectangle_java2.jpg,rectangle_java2.jpg,7558644840,116,794.8110344827586,344.4872413793103,730.5,331,71,19,this.x1,7,class->block->constructor->block->block_content->expr_stmt->expr->name->name->operator->name,
2,118,rectangle_java2.jpg,rectangle_java2.jpg,7558644840,116,794.8110344827586,344.4872413793103,806.5,331,15,19,=,1,class->block->constructor->block->block_content->expr_stmt->expr->operator,
2,118,rectangle_java2.jpg,rectangle_java2.jpg,7558864833,84,1038.3242857142857,515.1442857142857,1035.5,512,13,21,-,1,class->block->function->block->block_content->return->expr->name->name,
2,118,rectangle_java2.jpg,rectangle_java2.jpg,7558984805,68,992.5176470588236,562.7523529411765,968.5,549,70,21,this.y2,7,class->block->function->block->block_content->return->expr->name->name->operator->name,
2,118,rectangle_java2.jpg,rectangle_java2.jpg,7559152798,84,1050.3066666666666,526.2671428571429,1054.5,512,71,21,this.x1,7,class->block->function->block->block_content->return->expr->name->name->operator->name,
2,118,rectangle_java2.jpg,rectangle_java2.jpg,7559296815,68,986.8035294117648,508.2517647058824,958.5,512,71,21,this.x2,7,class->block->function->block->block_content->return->expr->name->name->operator->name->operator,
2,118,rectangle_java2.jpg,rectangle_java2.jpg,7559656791,216,809.7455555555556,345.5951851851852,806.5,331,15,19,=,1,class->block->constructor->block->block_content->expr_stmt->expr->operator,
2,118,rectangle_java2.jpg,rectangle_java2.jpg,7559724804,64,790.30625,357.4875,730.5,367,71,21,this.y1,7,class->block->constructor->block->block_content->expr_stmt->expr->name->name->operator->name,
2,118,rectangle_java2.jpg,rectangle_java2.jpg,7559792820,64,779.549375,362.681875,730.5,367,71,21,this.y1,7,class->block->constructor->block->block_content->expr_stmt->expr->name->name->operator->name,
2,118,rectangle_java2.jpg,rectangle_java2.jpg,7560172830,76,1162.5194736842104,654.5163157894737,1163.5,658,10,20,"""","""",1,class->block->function->block->block_content->decl_stmt->decl->init->expr->call->argument_list
2,118,rectangle_java2.jpg,rectangle_java2.jpg,7560520604,104,806.0826923076922,287.38576923076926,737.5,295,91,21,Rectangle,9,class->block->constructor->name,
2,118,rectangle_java2.jpg,rectangle_java2.jpg,7560736582,68,823.5611764705883,310.6905882352941,737.5,295,91,21,Rectangle,9,class->block->constructor->name,
2,118,rectangle_java2.jpg,rectangle_java2.jpg,7560920681,180,825.6573333333333,309.52444444444444,737.5,295,91,21,Rectangle,9,class->block->constructor->name,
2,118,rectangle_java2.jpg,rectangle_java2.jpg,7560920681,180,825.6573333333333,309.52444444444444,837.5,295,9,21,(,1,class->block->constructor->parameter_list,
2,118,rectangle_java2.jpg,rectangle_java2.jpg,7561188646,264,832.4534848484849,313.78909090909093,837.5,295,9,21,(,1,class->block->constructor->parameter_list,
2,118,rectangle_java2.jpg,rectangle_java2.jpg,7561344682,152,841.3163157894737,314.5444736842105,837.5,295,9,21,(,1,class->block->constructor->parameter_list,
2,118,rectangle_java2.jpg,rectangle_java2.jpg,7561344682,152,841.3163157894737,314.5444736842105,853.5,295,32,21,int,3,class->block->constructor->parameter_list->parameter->decl->type->name,
2,118,rectangle_java2.jpg,rectangle_java2.jpg,7561876656,72,1072.2444444444443,562.6172222222223,1064.5,549,71,21,this.y1,7,class->block->function->block->block_content->return->expr->name->name->operator->name,
2,118,rectangle_java2.jpg,rectangle_java2.jpg,7561944635,56,1156.1442857142856,677.6392857142857,1134.5,658,22,20,10,2,class->block->function->block->block_content->decl_stmt->decl->init->expr->call->argument_list->argument->expr->literal,
2,118,rectangle_java2.jpg,rectangle_java2.jpg,7561944635,56,1156.1442857142856,677.6392857142857,1163.5,658,10,20,"""","""",1,class->block->function->block->block_content->decl_stmt->decl->init->expr->call->argument_list
2,118,rectangle_java2.jpg,rectangle_java2.jpg,7562180476,232,1153.15,672.79,1134.5,658,22,20,10,2,class->block->function->block->block_content->decl_stmt->decl->init->expr->call->argument_list->argument->expr->literal,
2,118,rectangle_java2.jpg,rectangle_java2.jpg,7562180476,232,1153.15,672.79,1163.5,658,10,20,"""","""",1,class->block->function->block->block_content->decl_stmt->decl->init->expr->call->argument_list
2,118,rectangle_java2.jpg,rectangle_java2.jpg,7562396410,172,1129.8811627906978,722.4955813953488,1134.5,731,22,20,10,2,class->block->function->block->block_content->decl_stmt->decl->init->expr->call->argument_list->argument->expr->literal,
2,118,rectangle_java2.jpg,rectangle_java2.jpg,7562632577,196,1094.5573469387757,708.4308163265306,1096.5,694,10,21,;,1,class->block->function->block->block_content->expr_stmt,
2,118,rectangle_java2.jpg,rectangle_java2.jpg,7562920549,88,1101.7154545454546,723.8331818181819,1095.5,731,13,20,5,1,class->block->function->block->block_content->decl_stmt->decl->init->expr->call->argument_list->argument->expr->literal,
2,118,rectangle_java2.jpg,rectangle_java2.jpg,7563276516,56,1012.1071428571428,605.2635714285714,977.5,585,101,21,this.width,10,class->block->function->block->block_content->return->expr->call->name->name->operator->name,
2,118,rectangle_java2.jpg,rectangle_java2.jpg,7563524542,200,795.211,272.0154,785.5,259,23,21,x1,2,class->block->decl_stmt->decl->name,
2,118,rectangle_java2.jpg,rectangle_java2.jpg,7563748577,176,805.6638636363637,297.06954545454545,737.5,295,91,21,Rectangle,9,class->block->constructor->name,
2,118,rectangle_java2.jpg,rectangle_java2.jpg,7564140234,164,826.0292682926829,324.1229268292683,826.5,331,23,19,x1,2,class->block->constructor->block->block_content->expr_stmt->expr->name->name,
2,118,rectangle_java2.jpg,rectangle_java2.jpg,7564300441,84,803.8428571428572,340.6928571428572,806.5,331,15,19,=,1,class->block->constructor->block->block_content->expr_stmt->expr->operator,
2,118,rectangle_java2.jpg,rectangle_java2.jpg,7564436466,132,809.3254545454546,330.5557575757576,806.5,331,15,19,=,1,class->block->constructor->block->block_content->expr_stmt->expr->operator,
2,118,rectangle_java2.jpg,rectangle_java2.jpg,7564516478,76,812.687894736842,325.26,806.5,331,15,19,=,1,class->block->constructor->block->block_content->expr_stmt->expr->operator,
2,118,rectangle_java2.jpg,rectangle_java2.jpg,7564624464,104,820.3492307692308,356.8715384615385,806.5,367,15,21,=,1,class->block->constructor->block->block_content->expr_stmt->expr->operator,
2,118,rectangle_java2.jpg,rectangle_java2.jpg,7564624464,104,820.3492307692308,356.8715384615385,826.5,367,23,21,y1,2,class->block->constructor->block->block_content->expr_stmt->expr->name->name,
2,118,rectangle_java2.jpg,rectangle_java2.jpg,7564752448,124,814.7564516129032,365.7425806451613,806.5,367,15,21,=,1,class->block->constructor->block->block_content->expr_stmt->expr->operator,
2,118,rectangle_java2.jpg,rectangle_java2.jpg,7564752448,124,814.7564516129032,365.7425806451613,826.5,367,23,21,y1,2,class->block->constructor->block->block_content->expr_stmt->expr->name->name,
2,118,rectangle_java2.jpg,rectangle_java2.jpg,7564840436,84,815.3138095238095,354.96761904761905,806.5,367,15,21,=,1,class->block->constructor->block->block_content->expr_stmt->expr->operator,
2,118,rectangle_java2.jpg,rectangle_java2.jpg,7564840436,84,815.3138095238095,354.96761904761905,826.5,367,23,21,y1,2,class->block->constructor->block->block_content->expr_stmt->expr->name->name,
2,118,rectangle_java2.jpg,rectangle_java2.jpg,7565060385,116,806.7196551724138,409.11413793103446,806.5,404,15,19,=,1,class->block->constructor->block->block_content->expr_stmt->expr->operator,
2,118,rectangle_java2.jpg,rectangle_java2.jpg,7565180367,116,806.0479310344828,408.74,806.5,404,15,19,=,1,class->block->constructor->block->block_content->expr_stmt->expr->operator,
2,118,rectangle_java2.jpg,rectangle_java2.jpg,7565448379,100,806.9916000000001,376.1252,806.5,367,15,21,=,1,class->block->constructor->block->block_content->expr_stmt->expr->operator,
2,118,rectangle_java2.jpg,rectangle_java2.jpg,7565700381,168,1105.4488095238096,554.5195238095238,1064.5,549,71,21,this.y1,7,class->block->function->block->block_content->return->expr->name->name->operator->name,
2,118,rectangle_java2.jpg,rectangle_java2.jpg,7565872396,148,1155.5481081081082,585.4010810810811,1140.5,585,110,21,this.height,11,class->block->function->block->block_content->return->expr->call->name->name->operator->name,
2,118,rectangle_java2.jpg,rectangle_java2.jpg,7565992357,96,1096.9475,682.13875,1096.5,694,10,21,;,1,class->block->function->block->block_content->expr_stmt,
2,118,rectangle_java2.jpg,rectangle_java2.jpg,7566312329,120,1160.707,727.272,1163.5,731,10,20,"""","""",1,class->block->function->block->block_content->decl_stmt->decl->init->expr->call->argument_list
2,118,rectangle_java2.jpg,rectangle_java2.jpg,7569212212,292,771.582602739726,349.3902739726028,730.5,331,71,19,this.x1,7,class->block->constructor->block->block_content->expr_stmt->expr->name->name->operator->name,
2,118,rectangle_java2.jpg,rectangle_java2.jpg,7569324233,68,801.4194117647058,556.4505882352942,775.5,549,62,21,height,6,class->block->function->name,
2,118,rectangle_java2.jpg,rectangle_java2.jpg,7569408228,80,803.3925,549.351,775.5,549,62,21,height,6,class->block->function->name,
2,118,rectangle_java2.jpg,rectangle_java2.jpg,7569704131,272,1042.0408823529413,550.0308823529411,1045.5,549,13,21,-,1,class->block->function->block->block_content->return->expr->operator,
2,118,rectangle_java2.jpg,rectangle_java2.jpg,7569835923,128,1047.018125,547.195,1045.5,549,13,21,-,1,class->block->function->block->block_content->return->expr->operator,
2,118,rectangle_java2.jpg,rectangle_java2.jpg,7570068055,76,990.1573684210526,537.0252631578948,968.5,549,70,21,this.y2,7,class->block->function->block->block_content->return->expr->name->name->operator->name,
2,118,rectangle_java2.jpg,rectangle_java2.jpg,7570132067,60,1021.78,543.8966666666666,968.5,549,70,21,this.y2,7,class->block->function->block->block_content->return->expr->name->name->operator->name,
2,118,rectangle_java2.jpg,rectangle_java2.jpg,7570439994,84,1069.4133333333334,551.0161904761904,1064.5,549,71,21,this.y1,7,class->block->function->block->block_content->return->expr->name->name->operator->name,
2,118,rectangle_java2.jpg,rectangle_java2.jpg,7570628035,184,1063.2978260869563,562.6723913043478,1064.5,549,71,21,this.y1,7,class->block->function->block->block_content->return->expr->name->name->operator->name,
2,118,rectangle_java2.jpg,rectangle_java2.jpg,7570724049,72,1018.4883333333332,599.0088888888889,977.5,585,101,21,this.width,10,class->block->function->block->block_content->return->expr->call->name->name->operator->name,
2,118,rectangle_java2.jpg,rectangle_java2.jpg,7570824047,96,1014.09625,595.9429166666666,977.5,585,101,21,this.width,10,class->block->function->block->block_content->return->expr->call->name->name->operator->name,
2,118,rectangle_java2.jpg,rectangle_java2.jpg,7571100044,160,1110.7065,584.6145,1103.5,585,9,21,),1,class->block->function->block->block_content->return->expr->call->argument_list,
2,118,rectangle_java2.jpg,rectangle_java2.jpg,7571100044,160,1110.7065,584.6145,1122.5,585,12,21,*,1,class->block->function->block->block_content->return->expr->operator,
2,118,rectangle_java2.jpg,rectangle_java2.jpg,7571420057,88,1060.2072727272728,592.2522727272727,977.5,585,101,21,this.width,10,class->block->function->block->block_content->return->expr->call->name->name->operator->name,
2,118,rectangle_java2.jpg,rectangle_java2.jpg,7571751576,208,1066.215,578.4238461538462,977.5,585,101,21,this.width,10,class->block->function->block->block_content->return->expr->call->name->name->operator->name,
2,118,rectangle_java2.jpg,rectangle_java2.jpg,7571907811,152,1069.318947368421,568.9371052631578,1064.5,549,71,21,this.y1,7,class->block->function->block->block_content->return->expr->name->name->operator->name,
2,118,rectangle_java2.jpg,rectangle_java2.jpg,7572079846,128,978.4196875,555.8409375,968.5,549,70,21,this.y2,7,class->block->function->block->block_content->return->expr->name->name->operator->name,
2,118,rectangle_java2.jpg,rectangle_java2.jpg,7572139851,56,984.26,543.2614285714286,968.5,549,70,21,this.y2,7,class->block->function->block->block_content->return->expr->name->name->operator->name,
2,118,rectangle_java2.jpg,rectangle_java2.jpg,7572523951,192,1034.3441666666668,618.9354166666667,1025.5,621,42,21,args,4,class->block->function->parameter_list->parameter->decl->name,
2,118,rectangle_java2.jpg,rectangle_java2.jpg,7573780647,176,1030.1420454545455,630.3168181818182,1025.5,621,42,21,args,4,class->block->function->parameter_list->parameter->decl->name,
2,118,rectangle_java2.jpg,rectangle_java2.jpg,7574019754,124,840.5754838709678,628.8132258064517,804.5,621,44,21,void,4,class->block->function->type->name,
2,118,rectangle_java2.jpg,rectangle_java2.jpg,7574019754,124,840.5754838709678,628.8132258064517,851.5,621,44,21,main,4,class->block->function->name,
2,118,rectangle_java2.jpg,rectangle_java2.jpg,7574347765,308,764.0131168831169,627.6167532467532,738.5,621,61,21,static,6,class->block->function->type->specifier,
2,118,rectangle_java2.jpg,rectangle_java2.jpg,7574551775,200,778.7804,623.6052,738.5,621,61,21,static,6,class->block->function->type->specifier,
2,118,rectangle_java2.jpg,rectangle_java2.jpg,7574815782,260,786.0755384615385,620.9901538461538,738.5,621,61,21,static,6,class->block->function->type->specifier,
2,118,rectangle_java2.jpg,rectangle_java2.jpg,7574979749,160,758.081,616.7655,738.5,621,61,21,static,6,class->block->function->type->specifier,
2,118,rectangle_java2.jpg,rectangle_java2.jpg,7575455612,348,768.9910344827587,609.3589655172414,738.5,621,61,21,static,6,class->block->function->type->specifier,
2,118,rectangle_java2.jpg,rectangle_java2.jpg,7575995632,196,770.7061224489796,604.8357142857143,737.5,585,62,21,double,6,class->block->function->type->name,
2,118,rectangle_java2.jpg,rectangle_java2.jpg,7576075625,76,739.9431578947368,611.8484210526316,738.5,621,61,21,static,6,class->block->function->type->specifier,
2,118,rectangle_java2.jpg,rectangle_java2.jpg,7576311609,232,738.4122413793103,618.8844827586207,738.5,621,61,21,static,6,class->block->function->type->specifier,
2,118,rectangle_java2.jpg,rectangle_java2.jpg,7576451616,80,793.981,625.5445,738.5,621,61,21,static,6,class->block->function->type->specifier,
2,118,rectangle_java2.jpg,rectangle_java2.jpg,7576451616,80,793.981,625.5445,804.5,621,44,21,void,4,class->block->function->type->name,
2,118,rectangle_java2.jpg,rectangle_java2.jpg,7576539635,84,799.7709523809524,621.5895238095238,804.5,621,44,21,void,4,class->block->function->type->name,
2,118,rectangle_java2.jpg,rectangle_java2.jpg,7576631647,88,798.7327272727273,612.8031818181818,738.5,621,61,21,static,6,class->block->function->type->specifier,
2,118,rectangle_java2.jpg,rectangle_java2.jpg,7576631647,88,798.7327272727273,612.8031818181818,804.5,621,44,21,void,4,class->block->function->type->name,
2,118,rectangle_java2.jpg,rectangle_java2.jpg,7576759657,124,794.2225806451613,611.441935483871,738.5,621,61,21,static,6,class->block->function->type->specifier,
2,118,rectangle_java2.jpg,rectangle_java2.jpg,7576759657,124,794.2225806451613,611.441935483871,804.5,621,44,21,void,4,class->block->function->type->name,
2,118,rectangle_java2.jpg,rectangle_java2.jpg,7576843666,80,799.0605,617.4165,738.5,621,61,21,static,6,class->block->function->type->specifier,
2,118,rectangle_java2.jpg,rectangle_java2.jpg,7576843666,80,799.0605,617.4165,804.5,621,44,21,void,4,class->block->function->type->name,
2,118,rectangle_java2.jpg,rectangle_java2.jpg,7577375499,100,1231.1992,597.5172,1140.5,585,110,21,this.height,11,class->block->function->block->block_content->return->expr->call->name->name->operator->name,
2,118,rectangle_java2.jpg,rectangle_java2.jpg,7577655476,204,1026.433137254902,604.4825490196079,977.5,585,101,21,this.width,10,class->block->function->block->block_content->return->expr->call->name->name->operator->name,
2,118,rectangle_java2.jpg,rectangle_java2.jpg,7577855441,196,1018.5991836734694,610.5095918367347,1025.5,621,42,21,args,4,class->block->function->parameter_list->parameter->decl->name,
2,118,rectangle_java2.jpg,rectangle_java2.jpg,7578487534,112,1036.0217857142857,750.5828571428572,1041.5,731,9,20,(,1,class->block->function->block->block_content->decl_stmt->decl->init->expr->call->argument_list,
2,118,rectangle_java2.jpg,rectangle_java2.jpg,7578659558,84,1071.4585714285715,782.4180952380952,1077.5,766,9,21,),1,class->block->function->block->block_content->expr_stmt->expr->call->argument_list,
2,118,rectangle_java2.jpg,rectangle_java2.jpg,7580755413,68,815.9158823529411,313.2505882352941,737.5,295,91,21,Rectangle,9,class->block->constructor->name,
2,118,rectangle_java2.jpg,rectangle_java2.jpg,7580867349,108,819.4874074074074,324.717037037037,806.5,331,15,19,=,1,class->block->constructor->block->block_content->expr_stmt->expr->operator,
2,118,rectangle_java2.jpg,rectangle_java2.jpg,7580867349,108,819.4874074074074,324.717037037037,826.5,331,23,19,x1,2,class->block->constructor->block->block_content->expr_stmt->expr->name->name,
2,118,rectangle_java2.jpg,rectangle_java2.jpg,7580979266,92,1022.4004347826088,564.2691304347826,968.5,549,70,21,this.y2,7,class->block->function->block->block_content->return->expr->name->name->operator->name,
2,118,rectangle_java2.jpg,rectangle_java2.jpg,7581159043,176,1016.5652272727272,562.6225,968.5,549,70,21,this.y2,7,class->block->function->block->block_content->return->expr->name->name->operator->name,
2,118,rectangle_java2.jpg,rectangle_java2.jpg,7581455239,252,1118.668571428571,540.162380952381,1064.5,549,71,21,this.y1,7,class->block->function->block->block_content->return->expr->name->name->operator->name,
2,118,rectangle_java2.jpg,rectangle_java2.jpg,7581539232,80,1123.257,546.566,1064.5,549,71,21,this.y1,7,class->block->function->block->block_content->return->expr->name->name->operator->name,
2,118,rectangle_java2.jpg,rectangle_java2.jpg,7582375264,316,1023.4441772151898,542.5987341772152,968.5,549,70,21,this.y2,7,class->block->function->block->block_content->return->expr->name->name->operator->name,
2,118,rectangle_java2.jpg,rectangle_java2.jpg,7582691272,252,1089.0157142857142,563.0307936507936,1064.5,549,71,21,this.y1,7,class->block->function->block->block_content->return->expr->name->name->operator->name,
2,118,rectangle_java2.jpg,rectangle_java2.jpg,7583035025,292,1081.8343835616438,655.2793150684931,1077.5,658,9,20,"""","""",1,class->block->function->block->block_content->decl_stmt->decl->init->expr->call->argument_list
2,118,rectangle_java2.jpg,rectangle_java2.jpg,7584167130,288,813.0706944444445,331.4422222222222,806.5,331,15,19,=,1,class->block->constructor->block->block_content->expr_stmt->expr->operator,
2,118,rectangle_java2.jpg,rectangle_java2.jpg,7584982942,132,822.890606060606,215.57939393939392,813.5,222,10,21,{,1,class->block,
2,118,rectangle_java2.jpg,rectangle_java2.jpg,7585643037,64,842.626875,257.65875,833.5,259,23,21,y1,2,class->block->decl_stmt->decl->name,
2,118,rectangle_java2.jpg,rectangle_java2.jpg,7586494966,76,760.3821052631579,594.3210526315789,737.5,585,62,21,double,6,class->block->function->type->name,
2,118,rectangle_java2.jpg,rectangle_java2.jpg,7586566961,68,758.0005882352941,584.4264705882352,737.5,585,62,21,double,6,class->block->function->type->name,
2,118,rectangle_java2.jpg,rectangle_java2.jpg,7587890756,68,758.6429411764706,396.9194117647059,730.5,404,71,19,this.x2,7,class->block->constructor->block->block_content->expr_stmt->expr->name->name->operator->name,
2,118,rectangle_java2.jpg,rectangle_java2.jpg,7587986765,92,765.8865217391304,373.39130434782606,730.5,367,71,21,this.y1,7,class->block->constructor->block->block_content->expr_stmt->expr->name->name->operator->name,
2,118,rectangle_java2.jpg,rectangle_java2.jpg,7588478831,420,736.3229523809524,591.0029523809524,737.5,585,62,21,double,6,class->block->function->type->name,
2,118,rectangle_java2.jpg,rectangle_java2.jpg,7588694588,184,747.9060869565218,285.5332608695652,737.5,295,91,21,Rectangle,9,class->block->constructor->name,
