trial,participant,code_file,code_language,timestamp,duration,x_cord,y_cord,aoi_x,aoi_y,aoi_width,aoi_height,token,length,srcML,
2,129,rectangle_java2.jpg,rectangle_java2.jpg,14164503959,60,730.7826666666667,330.0366666666667,730.5,331,71,19,this.x1,7,class->block->constructor->block->block_content->expr_stmt->expr->name->name->operator->name,
2,129,rectangle_java2.jpg,rectangle_java2.jpg,14164572020,64,739.399375,334.9675,730.5,331,71,19,this.x1,7,class->block->constructor->block->block_content->expr_stmt->expr->name->name->operator->name,
2,129,rectangle_java2.jpg,rectangle_java2.jpg,14165264113,72,733.5961111111111,272.7755555555556,669.5,259,72,21,private,7,class->block->decl_stmt->decl->type->specifier,
2,129,rectangle_java2.jpg,rectangle_java2.jpg,14165576425,64,770.753125,270.744375,747.5,259,33,21,int,3,class->block->decl_stmt->decl->type->name,
2,129,rectangle_java2.jpg,rectangle_java2.jpg,14165644257,64,768.3987500000001,284.21125,737.5,295,91,21,Rectangle,9,class->block->constructor->name,
2,129,rectangle_java2.jpg,rectangle_java2.jpg,14165704110,56,771.995,274.15714285714284,747.5,259,33,21,int,3,class->block->decl_stmt->decl->type->name,
2,129,rectangle_java2.jpg,rectangle_java2.jpg,14165847910,68,775.8058823529411,269.2188235294118,747.5,259,33,21,int,3,class->block->decl_stmt->decl->type->name,
2,129,rectangle_java2.jpg,rectangle_java2.jpg,14165847910,68,775.8058823529411,269.2188235294118,785.5,259,23,21,x1,2,class->block->decl_stmt->decl->name,
2,129,rectangle_java2.jpg,rectangle_java2.jpg,14165911842,60,777.0566666666666,275.9173333333333,747.5,259,33,21,int,3,class->block->decl_stmt->decl->type->name,
2,129,rectangle_java2.jpg,rectangle_java2.jpg,14165911842,60,777.0566666666666,275.9173333333333,785.5,259,23,21,x1,2,class->block->decl_stmt->decl->name,
2,129,rectangle_java2.jpg,rectangle_java2.jpg,14166011877,96,787.4583333333334,268.81,785.5,259,23,21,x1,2,class->block->decl_stmt->decl->name,
2,129,rectangle_java2.jpg,rectangle_java2.jpg,14166359915,124,806.2109677419355,341.1790322580645,806.5,331,15,19,=,1,class->block->constructor->block->block_content->expr_stmt->expr->operator,
2,129,rectangle_java2.jpg,rectangle_java2.jpg,14166583977,68,797.0429411764705,377.2064705882353,730.5,367,71,21,this.y1,7,class->block->constructor->block->block_content->expr_stmt->expr->name->name->operator->name,
2,129,rectangle_java2.jpg,rectangle_java2.jpg,14166583977,68,797.0429411764705,377.2064705882353,806.5,367,15,21,=,1,class->block->constructor->block->block_content->expr_stmt->expr->operator,
2,129,rectangle_java2.jpg,rectangle_java2.jpg,14166795981,56,781.7135714285714,358.4157142857143,730.5,367,71,21,this.y1,7,class->block->constructor->block->block_content->expr_stmt->expr->name->name->operator->name,
2,129,rectangle_java2.jpg,rectangle_java2.jpg,14167304028,68,968.92,309.9317647058824,939.5,295,33,21,int,3,class->block->constructor->parameter_list->parameter->decl->type->name,
2,129,rectangle_java2.jpg,rectangle_java2.jpg,14167304028,68,968.92,309.9317647058824,977.5,295,23,21,y1,2,class->block->constructor->parameter_list->parameter->decl->type->name,
2,129,rectangle_java2.jpg,rectangle_java2.jpg,14167579863,112,1097.7457142857145,294.98857142857145,1094.5,295,9,21,"""","""",1,class->block->constructor->parameter_list
2,129,rectangle_java2.jpg,rectangle_java2.jpg,14168035805,84,729.86,356.03190476190474,730.5,367,71,21,this.y1,7,class->block->constructor->block->block_content->expr_stmt->expr->name->name->operator->name,
2,129,rectangle_java2.jpg,rectangle_java2.jpg,14168355777,100,802.8524,373.7384,806.5,367,15,21,=,1,class->block->constructor->block->block_content->expr_stmt->expr->operator,
2,129,rectangle_java2.jpg,rectangle_java2.jpg,14169891657,68,755.1511764705882,325.2270588235294,730.5,331,71,19,this.x1,7,class->block->constructor->block->block_content->expr_stmt->expr->name->name->operator->name,
