trial,participant,code_file,code_language,timestamp,duration,x_cord,y_cord,aoi_x,aoi_y,aoi_width,aoi_height,token,length,srcML,
2,136,rectangle_java2.jpg,rectangle_java2.jpg,6460789024,124,889.1058064516129,296.59645161290325,890.5,295,24,21,x1,2,class->block->constructor->parameter_list->parameter->decl->type->name,
2,136,rectangle_java2.jpg,rectangle_java2.jpg,6460860934,68,879.8935294117647,293.4323529411765,853.5,295,32,21,int,3,class->block->constructor->parameter_list->parameter->decl->type->name,
2,136,rectangle_java2.jpg,rectangle_java2.jpg,6460860934,68,879.8935294117647,293.4323529411765,890.5,295,24,21,x1,2,class->block->constructor->parameter_list->parameter->decl->type->name,
2,136,rectangle_java2.jpg,rectangle_java2.jpg,6466712511,172,806.0827906976745,218.10279069767444,813.5,222,10,21,{,1,class->block,
2,136,rectangle_java2.jpg,rectangle_java2.jpg,6467164593,392,776.6523469387755,226.3617346938776,715.5,222,90,21,Rectangle,9,class->name,
2,136,rectangle_java2.jpg,rectangle_java2.jpg,6467240598,72,777.2372222222223,223.9283333333333,715.5,222,90,21,Rectangle,9,class->name,
2,136,rectangle_java2.jpg,rectangle_java2.jpg,6468620425,92,776.8691304347826,271.4778260869565,747.5,259,33,21,int,3,class->block->decl_stmt->decl->type->name,
2,136,rectangle_java2.jpg,rectangle_java2.jpg,6468620425,92,776.8691304347826,271.4778260869565,785.5,259,23,21,x1,2,class->block->decl_stmt->decl->name,
2,136,rectangle_java2.jpg,rectangle_java2.jpg,6468708426,84,775.4409523809524,271.64190476190475,747.5,259,33,21,int,3,class->block->decl_stmt->decl->type->name,
2,136,rectangle_java2.jpg,rectangle_java2.jpg,6468708426,84,775.4409523809524,271.64190476190475,785.5,259,23,21,x1,2,class->block->decl_stmt->decl->name,
2,136,rectangle_java2.jpg,rectangle_java2.jpg,6468812486,80,841.7785,268.6225,833.5,259,23,21,y1,2,class->block->decl_stmt->decl->name,
2,136,rectangle_java2.jpg,rectangle_java2.jpg,6469052099,236,839.0342372881356,275.90474576271185,833.5,259,23,21,y1,2,class->block->decl_stmt->decl->name,
2,136,rectangle_java2.jpg,rectangle_java2.jpg,6469188081,132,901.0636363636364,273.77969696969694,881.5,259,23,21,x2,2,class->block->decl_stmt->decl->name,
2,136,rectangle_java2.jpg,rectangle_java2.jpg,6469188081,132,901.0636363636364,273.77969696969694,911.5,259,10,21,"""","""",1,class->block->decl_stmt
2,136,rectangle_java2.jpg,rectangle_java2.jpg,6469272196,80,895.025,268.3435,881.5,259,23,21,x2,2,class->block->decl_stmt->decl->name,
2,136,rectangle_java2.jpg,rectangle_java2.jpg,6469472434,60,975.3106666666666,289.62333333333333,977.5,295,23,21,y1,2,class->block->constructor->parameter_list->parameter->decl->type->name,
2,136,rectangle_java2.jpg,rectangle_java2.jpg,6471080315,124,958.418064516129,259.7503225806452,959.5,259,10,21,;,1,class->block->decl_stmt,
2,136,rectangle_java2.jpg,rectangle_java2.jpg,6471140316,56,951.1864285714286,266.72285714285715,929.5,259,23,21,y2,2,class->block->decl_stmt->decl->name,
2,136,rectangle_java2.jpg,rectangle_java2.jpg,6471140316,56,951.1864285714286,266.72285714285715,959.5,259,10,21,;,1,class->block->decl_stmt,
2,136,rectangle_java2.jpg,rectangle_java2.jpg,6471296297,100,928.0328,269.702,929.5,259,23,21,y2,2,class->block->decl_stmt->decl->name,
2,136,rectangle_java2.jpg,rectangle_java2.jpg,6471492285,192,923.8995833333332,263.88916666666665,929.5,259,23,21,y2,2,class->block->decl_stmt->decl->name,
2,136,rectangle_java2.jpg,rectangle_java2.jpg,6472744159,128,791.1153125,210.0228125,715.5,222,90,21,Rectangle,9,class->name,
2,136,rectangle_java2.jpg,rectangle_java2.jpg,6474168078,80,1125.8885,283.025,1112.5,295,33,21,int,3,class->block->constructor->parameter_list->parameter->decl->type->name,
2,136,rectangle_java2.jpg,rectangle_java2.jpg,6474888021,72,877.6216666666667,262.34333333333336,881.5,259,23,21,x2,2,class->block->decl_stmt->decl->name,
2,136,rectangle_java2.jpg,rectangle_java2.jpg,6475163994,152,854.0031578947369,249.5234210526316,833.5,259,23,21,y1,2,class->block->decl_stmt->decl->name,
2,136,rectangle_java2.jpg,rectangle_java2.jpg,6475163994,152,854.0031578947369,249.5234210526316,863.5,259,10,21,"""","""",1,class->block->decl_stmt
2,136,rectangle_java2.jpg,rectangle_java2.jpg,6475348003,88,862.7413636363636,255.89772727272725,863.5,259,10,21,"""","""",1,class->block->decl_stmt
2,136,rectangle_java2.jpg,rectangle_java2.jpg,6475516016,132,901.258787878788,309.23848484848486,890.5,295,24,21,x1,2,class->block->constructor->parameter_list->parameter->decl->type->name,
2,136,rectangle_java2.jpg,rectangle_java2.jpg,6475580008,60,904.7993333333334,303.188,890.5,295,24,21,x1,2,class->block->constructor->parameter_list->parameter->decl->type->name,
2,136,rectangle_java2.jpg,rectangle_java2.jpg,6475991899,364,839.8801098901099,307.90065934065933,837.5,295,9,21,(,1,class->block->constructor->parameter_list,
2,136,rectangle_java2.jpg,rectangle_java2.jpg,6476119936,124,836.1748387096774,307.8232258064516,837.5,295,9,21,(,1,class->block->constructor->parameter_list,
2,136,rectangle_java2.jpg,rectangle_java2.jpg,6476228074,72,907.4472222222222,290.4638888888889,890.5,295,24,21,x1,2,class->block->constructor->parameter_list->parameter->decl->type->name,
2,136,rectangle_java2.jpg,rectangle_java2.jpg,6476323819,92,898.8508695652174,295.4478260869565,890.5,295,24,21,x1,2,class->block->constructor->parameter_list->parameter->decl->type->name,
2,136,rectangle_java2.jpg,rectangle_java2.jpg,6476427402,84,956.3209523809523,291.7914285714286,939.5,295,33,21,int,3,class->block->constructor->parameter_list->parameter->decl->type->name,
2,136,rectangle_java2.jpg,rectangle_java2.jpg,6476599688,100,857.1976,298.1324,853.5,295,32,21,int,3,class->block->constructor->parameter_list->parameter->decl->type->name,
2,136,rectangle_java2.jpg,rectangle_java2.jpg,6476739819,136,858.9605882352942,308.70794117647057,853.5,295,32,21,int,3,class->block->constructor->parameter_list->parameter->decl->type->name,
2,136,rectangle_java2.jpg,rectangle_java2.jpg,6476899877,120,879.764,302.84766666666667,853.5,295,32,21,int,3,class->block->constructor->parameter_list->parameter->decl->type->name,
2,136,rectangle_java2.jpg,rectangle_java2.jpg,6476899877,120,879.764,302.84766666666667,890.5,295,24,21,x1,2,class->block->constructor->parameter_list->parameter->decl->type->name,
2,136,rectangle_java2.jpg,rectangle_java2.jpg,6477019900,116,879.2765517241379,308.1944827586207,853.5,295,32,21,int,3,class->block->constructor->parameter_list->parameter->decl->type->name,
2,136,rectangle_java2.jpg,rectangle_java2.jpg,6477019900,116,879.2765517241379,308.1944827586207,890.5,295,24,21,x1,2,class->block->constructor->parameter_list->parameter->decl->type->name,
2,136,rectangle_java2.jpg,rectangle_java2.jpg,6477631921,204,864.2713725490196,332.94470588235293,856.5,331,10,19,;,1,class->block->constructor->block->block_content->expr_stmt,
2,136,rectangle_java2.jpg,rectangle_java2.jpg,6478211757,184,797.660652173913,233.72413043478264,715.5,222,90,21,Rectangle,9,class->name,
2,136,rectangle_java2.jpg,rectangle_java2.jpg,6478287832,72,801.6194444444444,241.33277777777775,715.5,222,90,21,Rectangle,9,class->name,
2,136,rectangle_java2.jpg,rectangle_java2.jpg,6478287832,72,801.6194444444444,241.33277777777775,813.5,222,10,21,{,1,class->block,
2,136,rectangle_java2.jpg,rectangle_java2.jpg,6478443991,104,770.4834615384616,235.6576923076923,715.5,222,90,21,Rectangle,9,class->name,
2,136,rectangle_java2.jpg,rectangle_java2.jpg,6478719757,116,768.2534482758621,239.6324137931034,715.5,222,90,21,Rectangle,9,class->name,
2,136,rectangle_java2.jpg,rectangle_java2.jpg,6478871761,80,753.39,442.867,730.5,440,71,21,this.y2,7,class->block->constructor->block->block_content->expr_stmt->expr->name->name->operator->name,
2,136,rectangle_java2.jpg,rectangle_java2.jpg,6478947749,72,748.7677777777777,457.3683333333333,730.5,440,71,21,this.y2,7,class->block->constructor->block->block_content->expr_stmt->expr->name->name->operator->name,
2,136,rectangle_java2.jpg,rectangle_java2.jpg,6480107830,108,765.9540740740741,214.08074074074077,715.5,222,90,21,Rectangle,9,class->name,
2,136,rectangle_java2.jpg,rectangle_java2.jpg,6481867498,200,801.0434,321.7806,730.5,331,71,19,this.x1,7,class->block->constructor->block->block_content->expr_stmt->expr->name->name->operator->name,
2,136,rectangle_java2.jpg,rectangle_java2.jpg,6481867498,200,801.0434,321.7806,806.5,331,15,19,=,1,class->block->constructor->block->block_content->expr_stmt->expr->operator,
2,136,rectangle_java2.jpg,rectangle_java2.jpg,6481979472,84,818.6019047619047,364.62142857142857,806.5,367,15,21,=,1,class->block->constructor->block->block_content->expr_stmt->expr->operator,
2,136,rectangle_java2.jpg,rectangle_java2.jpg,6481979472,84,818.6019047619047,364.62142857142857,826.5,367,23,21,y1,2,class->block->constructor->block->block_content->expr_stmt->expr->name->name,
2,136,rectangle_java2.jpg,rectangle_java2.jpg,6482083453,100,822.8604,373.6896,826.5,367,23,21,y1,2,class->block->constructor->block->block_content->expr_stmt->expr->name->name,
2,136,rectangle_java2.jpg,rectangle_java2.jpg,6483051514,100,797.2904,418.2264,730.5,404,71,19,this.x2,7,class->block->constructor->block->block_content->expr_stmt->expr->name->name->operator->name,
2,136,rectangle_java2.jpg,rectangle_java2.jpg,6483051514,100,797.2904,418.2264,806.5,404,15,19,=,1,class->block->constructor->block->block_content->expr_stmt->expr->operator,
2,136,rectangle_java2.jpg,rectangle_java2.jpg,6483175510,120,790.08,420.32366666666667,730.5,404,71,19,this.x2,7,class->block->constructor->block->block_content->expr_stmt->expr->name->name->operator->name,
2,136,rectangle_java2.jpg,rectangle_java2.jpg,6483267491,64,771.451875,450.57125,730.5,440,71,21,this.y2,7,class->block->constructor->block->block_content->expr_stmt->expr->name->name->operator->name,
2,136,rectangle_java2.jpg,rectangle_java2.jpg,6483823401,176,822.0563636363636,449.4225,826.5,440,23,21,y2,2,class->block->constructor->block->block_content->expr_stmt->expr->name->name,
2,136,rectangle_java2.jpg,rectangle_java2.jpg,6493546693,68,1142.4917647058824,503.2329411764706,1132.5,512,10,21,;,1,class->block->function->block,
2,136,rectangle_java2.jpg,rectangle_java2.jpg,6493546693,68,1142.4917647058824,503.2329411764706,1152.5,512,10,21,},1,class->block,
2,136,rectangle_java2.jpg,rectangle_java2.jpg,6493614690,64,1139.17375,508.8175,1132.5,512,10,21,;,1,class->block->function->block,
2,136,rectangle_java2.jpg,rectangle_java2.jpg,6493698713,80,1131.783,508.71,1132.5,512,10,21,;,1,class->block->function->block,
2,136,rectangle_java2.jpg,rectangle_java2.jpg,6493766731,64,1146.45,507.109375,1152.5,512,10,21,},1,class->block,
2,136,rectangle_java2.jpg,rectangle_java2.jpg,6494394804,184,857.7671739130435,516.5676086956522,854.5,512,9,21,),1,class->block->function->parameter_list,
2,136,rectangle_java2.jpg,rectangle_java2.jpg,6494558758,160,855.313,517.59125,854.5,512,9,21,),1,class->block->function->parameter_list,
2,136,rectangle_java2.jpg,rectangle_java2.jpg,6494662680,76,923.5268421052632,528.1621052631579,891.5,512,62,21,return,6,class->block->function->block->block_content->return->expr->name->name,
2,136,rectangle_java2.jpg,rectangle_java2.jpg,6494754528,88,930.7895454545454,540.6436363636363,900.5,549,63,21,return,6,class->block->function->block->block_content->return,
2,136,rectangle_java2.jpg,rectangle_java2.jpg,6494922507,88,980.0318181818182,543.2031818181819,968.5,549,70,21,this.y2,7,class->block->function->block->block_content->return->expr->name->name->operator->name,
2,136,rectangle_java2.jpg,rectangle_java2.jpg,6494982576,56,981.8835714285716,543.755,968.5,549,70,21,this.y2,7,class->block->function->block->block_content->return->expr->name->name->operator->name,
2,136,rectangle_java2.jpg,rectangle_java2.jpg,6495114615,64,1095.95375,554.025625,1064.5,549,71,21,this.y1,7,class->block->function->block->block_content->return->expr->name->name->operator->name,
2,136,rectangle_java2.jpg,rectangle_java2.jpg,6495202599,84,1091.1219047619047,545.1009523809523,1064.5,549,71,21,this.y1,7,class->block->function->block->block_content->return->expr->name->name->operator->name,
2,136,rectangle_java2.jpg,rectangle_java2.jpg,6496138595,64,1314.19625,580.8456249999999,1315.5,585,10,21,},1,class->block->function->block,
2,136,rectangle_java2.jpg,rectangle_java2.jpg,6497042463,96,1167.115,556.9820833333333,1161.5,549,10,21,},1,class->block->function->block,
2,136,rectangle_java2.jpg,rectangle_java2.jpg,6497358469,72,1120.3838888888888,558.9372222222222,1064.5,549,71,21,this.y1,7,class->block->function->block->block_content->return->expr->name->name->operator->name,
2,136,rectangle_java2.jpg,rectangle_java2.jpg,6498026501,72,998.0211111111112,549.02,968.5,549,70,21,this.y2,7,class->block->function->block->block_content->return->expr->name->name->operator->name,
2,136,rectangle_java2.jpg,rectangle_java2.jpg,6498338439,68,935.3635294117648,537.3388235294118,900.5,549,63,21,return,6,class->block->function->block->block_content->return,
2,136,rectangle_java2.jpg,rectangle_java2.jpg,6499478218,136,1102.996176470588,501.9935294117647,1054.5,512,71,21,this.x1,7,class->block->function->block->block_content->return->expr->name->name->operator->name,
2,136,rectangle_java2.jpg,rectangle_java2.jpg,6499798309,92,972.1373913043478,505.5830434782608,958.5,512,71,21,this.x2,7,class->block->function->block->block_content->return->expr->name->name->operator->name->operator,
2,136,rectangle_java2.jpg,rectangle_java2.jpg,6499858303,56,1001.7214285714284,501.6442857142857,958.5,512,71,21,this.x2,7,class->block->function->block->block_content->return->expr->name->name->operator->name->operator,
2,136,rectangle_java2.jpg,rectangle_java2.jpg,6499990312,128,1000.023125,501.509375,958.5,512,71,21,this.x2,7,class->block->function->block->block_content->return->expr->name->name->operator->name->operator,
2,136,rectangle_java2.jpg,rectangle_java2.jpg,6500110318,60,1100.9166666666667,520.2226666666667,1054.5,512,71,21,this.x1,7,class->block->function->block->block_content->return->expr->name->name->operator->name,
2,136,rectangle_java2.jpg,rectangle_java2.jpg,6500522121,64,842.065,639.445,804.5,621,44,21,void,4,class->block->function->type->name,
2,136,rectangle_java2.jpg,rectangle_java2.jpg,6500522121,64,842.065,639.445,851.5,621,44,21,main,4,class->block->function->name,
2,136,rectangle_java2.jpg,rectangle_java2.jpg,6500898275,92,928.9634782608696,649.4421739130435,902.5,658,34,20,new,3,class->block->function->block->block_content->decl_stmt->decl->init->expr->operator,
2,136,rectangle_java2.jpg,rectangle_java2.jpg,6500978289,76,930.5257894736842,662.1194736842106,902.5,658,34,20,new,3,class->block->function->block->block_content->decl_stmt->decl->init->expr->operator,
2,136,rectangle_java2.jpg,rectangle_java2.jpg,6500978289,76,930.5257894736842,662.1194736842106,941.5,658,91,20,Rectangle,9,class->block->function->block->block_content->decl_stmt->decl->init->expr->call->name,
2,136,rectangle_java2.jpg,rectangle_java2.jpg,6501106264,80,893.2975,647.554,883.5,658,15,20,=,1,class->block->function->block->block_content->decl_stmt->decl->init,
2,136,rectangle_java2.jpg,rectangle_java2.jpg,6501106264,80,893.2975,647.554,902.5,658,34,20,new,3,class->block->function->block->block_content->decl_stmt->decl->init->expr->operator,
2,136,rectangle_java2.jpg,rectangle_java2.jpg,6501210241,100,892.6536,639.0876,851.5,621,44,21,main,4,class->block->function->name,
2,136,rectangle_java2.jpg,rectangle_java2.jpg,6501210241,100,892.6536,639.0876,904.5,621,9,21,(,1,class->block->function->parameter_list,
2,136,rectangle_java2.jpg,rectangle_java2.jpg,6501386218,96,982.3658333333332,656.8125,941.5,658,91,20,Rectangle,9,class->block->function->block->block_content->decl_stmt->decl->init->expr->call->name,
2,136,rectangle_java2.jpg,rectangle_java2.jpg,6501578235,92,1029.661304347826,639.82,1025.5,621,42,21,args,4,class->block->function->parameter_list->parameter->decl->name,
2,136,rectangle_java2.jpg,rectangle_java2.jpg,6501638243,56,1026.9971428571428,649.4028571428571,941.5,658,91,20,Rectangle,9,class->block->function->block->block_content->decl_stmt->decl->init->expr->call->name,
2,136,rectangle_java2.jpg,rectangle_java2.jpg,6502606086,68,803.4976470588235,457.1723529411765,806.5,440,15,21,=,1,class->block->constructor->block->block_content->expr_stmt->expr->operator,
2,136,rectangle_java2.jpg,rectangle_java2.jpg,6503062176,92,778.4613043478261,460.7773913043478,730.5,440,71,21,this.y2,7,class->block->constructor->block->block_content->expr_stmt->expr->name->name->operator->name,
2,136,rectangle_java2.jpg,rectangle_java2.jpg,6504094120,80,821.8305,453.0735,826.5,440,23,21,y2,2,class->block->constructor->block->block_content->expr_stmt->expr->name->name,
2,136,rectangle_java2.jpg,rectangle_java2.jpg,6504178127,80,821.263,459.743,806.5,440,15,21,=,1,class->block->constructor->block->block_content->expr_stmt->expr->operator,
2,136,rectangle_java2.jpg,rectangle_java2.jpg,6504178127,80,821.263,459.743,826.5,440,23,21,y2,2,class->block->constructor->block->block_content->expr_stmt->expr->name->name,
2,136,rectangle_java2.jpg,rectangle_java2.jpg,6504306069,92,787.834347826087,456.0578260869565,730.5,440,71,21,this.y2,7,class->block->constructor->block->block_content->expr_stmt->expr->name->name->operator->name,
2,136,rectangle_java2.jpg,rectangle_java2.jpg,6504469952,160,778.279,459.80675,730.5,440,71,21,this.y2,7,class->block->constructor->block->block_content->expr_stmt->expr->name->name->operator->name,
2,136,rectangle_java2.jpg,rectangle_java2.jpg,6504621903,80,767.353,782.5925,730.5,766,177,21,System.out.println,18,class->block->function->block->block_content->expr_stmt->expr->call->name->name->operator->name->operator->name,
2,136,rectangle_java2.jpg,rectangle_java2.jpg,6505157865,60,985.46,772.6313333333333,932.5,766,100,21,rect2.area,10,class->block->function->block->block_content->expr_stmt->expr->call->argument_list->argument->expr->call->name->name->operator->name,
2,136,rectangle_java2.jpg,rectangle_java2.jpg,6507449862,60,928.8113333333332,783.9213333333333,932.5,766,100,21,rect2.area,10,class->block->function->block->block_content->expr_stmt->expr->call->argument_list->argument->expr->call->name->name->operator->name,
2,136,rectangle_java2.jpg,rectangle_java2.jpg,6513765298,68,789.3229411764706,369.9205882352941,730.5,367,71,21,this.y1,7,class->block->constructor->block->block_content->expr_stmt->expr->name->name->operator->name,
2,136,rectangle_java2.jpg,rectangle_java2.jpg,6513877283,56,795.3207142857143,391.9214285714286,730.5,404,71,19,this.x2,7,class->block->constructor->block->block_content->expr_stmt->expr->name->name->operator->name,
2,136,rectangle_java2.jpg,rectangle_java2.jpg,6513877283,56,795.3207142857143,391.9214285714286,806.5,404,15,19,=,1,class->block->constructor->block->block_content->expr_stmt->expr->operator,
2,136,rectangle_java2.jpg,rectangle_java2.jpg,6515671135,88,1021.9004545454544,684.6381818181818,932.5,694,100,21,rect1.area,10,class->block->function->block->block_content->expr_stmt->expr->call->argument_list->argument->expr->call->name->name->operator->name,
2,136,rectangle_java2.jpg,rectangle_java2.jpg,6515779758,60,1023.078,701.936,932.5,694,100,21,rect1.area,10,class->block->function->block->block_content->expr_stmt->expr->call->argument_list->argument->expr->call->name->name->operator->name,
2,136,rectangle_java2.jpg,rectangle_java2.jpg,6515839831,56,1024.83,686.2521428571429,932.5,694,100,21,rect1.area,10,class->block->function->block->block_content->expr_stmt->expr->call->argument_list->argument->expr->call->name->name->operator->name,
2,136,rectangle_java2.jpg,rectangle_java2.jpg,6516415776,140,808.8162857142858,371.38514285714285,806.5,367,15,21,=,1,class->block->constructor->block->block_content->expr_stmt->expr->operator,
