trial,participant,code_file,code_language,timestamp,duration,x_cord,y_cord,aoi_x,aoi_y,aoi_width,aoi_height,token,length,srcML,
2,140,rectangle_java2.jpg,rectangle_java2.jpg,1082945262,140,742.176,214.942,715.5,222,90,21,Rectangle,9,class->name,
2,140,rectangle_java2.jpg,rectangle_java2.jpg,1083125317,76,767.1926315789474,221.25842105263155,715.5,222,90,21,Rectangle,9,class->name,
2,140,rectangle_java2.jpg,rectangle_java2.jpg,1083345443,104,773.8853846153846,222.16769230769228,715.5,222,90,21,Rectangle,9,class->name,
2,140,rectangle_java2.jpg,rectangle_java2.jpg,1083921280,144,754.1091666666666,215.3505555555556,715.5,222,90,21,Rectangle,9,class->name,
2,140,rectangle_java2.jpg,rectangle_java2.jpg,1084057130,132,756.1160606060606,214.4084848484848,715.5,222,90,21,Rectangle,9,class->name,
2,140,rectangle_java2.jpg,rectangle_java2.jpg,1084209136,104,751.8026923076923,215.06269230769232,715.5,222,90,21,Rectangle,9,class->name,
2,140,rectangle_java2.jpg,rectangle_java2.jpg,1084357310,108,812.8848148148148,229.6259259259259,813.5,222,10,21,{,1,class->block,
2,140,rectangle_java2.jpg,rectangle_java2.jpg,1084905202,56,903.9607142857144,255.3428571428572,881.5,259,23,21,x2,2,class->block->decl_stmt->decl->name,
2,140,rectangle_java2.jpg,rectangle_java2.jpg,1084905202,56,903.9607142857144,255.3428571428572,911.5,259,10,21,"""","""",1,class->block->decl_stmt
2,140,rectangle_java2.jpg,rectangle_java2.jpg,1085481152,84,740.0919047619047,268.8066666666667,669.5,259,72,21,private,7,class->block->decl_stmt->decl->type->specifier,
2,140,rectangle_java2.jpg,rectangle_java2.jpg,1085481152,84,740.0919047619047,268.8066666666667,747.5,259,33,21,int,3,class->block->decl_stmt->decl->type->name,
2,140,rectangle_java2.jpg,rectangle_java2.jpg,1085625170,140,742.932,274.7345714285714,747.5,259,33,21,int,3,class->block->decl_stmt->decl->type->name,
2,140,rectangle_java2.jpg,rectangle_java2.jpg,1085829086,72,802.2361111111111,276.41333333333336,785.5,259,23,21,x1,2,class->block->decl_stmt->decl->name,
2,140,rectangle_java2.jpg,rectangle_java2.jpg,1085908996,76,819.8973684210526,270.2036842105263,815.5,259,10,21,"""","""",1,class->block->decl_stmt
2,140,rectangle_java2.jpg,rectangle_java2.jpg,1086093198,76,733.7457894736842,240.1584210526316,715.5,222,90,21,Rectangle,9,class->name,
2,140,rectangle_java2.jpg,rectangle_java2.jpg,1086177233,80,741.2955,235.13800000000003,715.5,222,90,21,Rectangle,9,class->name,
2,140,rectangle_java2.jpg,rectangle_java2.jpg,1086321106,140,740.2148571428571,251.2997142857143,669.5,259,72,21,private,7,class->block->decl_stmt->decl->type->specifier,
2,140,rectangle_java2.jpg,rectangle_java2.jpg,1086321106,140,740.2148571428571,251.2997142857143,747.5,259,33,21,int,3,class->block->decl_stmt->decl->type->name,
2,140,rectangle_java2.jpg,rectangle_java2.jpg,1086485129,100,806.868,291.1564,737.5,295,91,21,Rectangle,9,class->block->constructor->name,
2,140,rectangle_java2.jpg,rectangle_java2.jpg,1086549140,60,808.2793333333333,275.59866666666665,785.5,259,23,21,x1,2,class->block->decl_stmt->decl->name,
2,140,rectangle_java2.jpg,rectangle_java2.jpg,1086549140,60,808.2793333333333,275.59866666666665,815.5,259,10,21,"""","""",1,class->block->decl_stmt
2,140,rectangle_java2.jpg,rectangle_java2.jpg,1086973034,80,903.0085,268.9435,881.5,259,23,21,x2,2,class->block->decl_stmt->decl->name,
2,140,rectangle_java2.jpg,rectangle_java2.jpg,1086973034,80,903.0085,268.9435,911.5,259,10,21,"""","""",1,class->block->decl_stmt
2,140,rectangle_java2.jpg,rectangle_java2.jpg,1087065013,56,906.4721428571428,299.145,890.5,295,24,21,x1,2,class->block->constructor->parameter_list->parameter->decl->type->name,
2,140,rectangle_java2.jpg,rectangle_java2.jpg,1087132998,64,897.580625,277.698125,881.5,259,23,21,x2,2,class->block->decl_stmt->decl->name,
2,140,rectangle_java2.jpg,rectangle_java2.jpg,1087369087,164,1006.6865853658536,286.919756097561,1007.5,295,10,21,"""","""",1,class->block->constructor->parameter_list
2,140,rectangle_java2.jpg,rectangle_java2.jpg,1087493085,120,1004.3313333333332,295.64,1007.5,295,10,21,"""","""",1,class->block->constructor->parameter_list
2,140,rectangle_java2.jpg,rectangle_java2.jpg,1087689280,72,1102.3377777777778,287.89,1094.5,295,9,21,"""","""",1,class->block->constructor->parameter_list
2,140,rectangle_java2.jpg,rectangle_java2.jpg,1087689280,72,1102.3377777777778,287.89,1112.5,295,33,21,int,3,class->block->constructor->parameter_list->parameter->decl->type->name,
2,140,rectangle_java2.jpg,rectangle_java2.jpg,1088156942,56,849.3578571428571,306.5621428571429,853.5,295,32,21,int,3,class->block->constructor->parameter_list->parameter->decl->type->name,
2,140,rectangle_java2.jpg,rectangle_java2.jpg,1088388911,92,781.9139130434783,322.56434782608693,730.5,331,71,19,this.x1,7,class->block->constructor->block->block_content->expr_stmt->expr->name->name->operator->name,
2,140,rectangle_java2.jpg,rectangle_java2.jpg,1088500921,108,781.6692592592592,337.94,730.5,331,71,19,this.x1,7,class->block->constructor->block->block_content->expr_stmt->expr->name->name->operator->name,
2,140,rectangle_java2.jpg,rectangle_java2.jpg,1088596907,60,834.8626666666667,327.792,826.5,331,23,19,x1,2,class->block->constructor->block->block_content->expr_stmt->expr->name->name,
2,140,rectangle_java2.jpg,rectangle_java2.jpg,1088736813,136,824.2635294117647,312.9247058823529,737.5,295,91,21,Rectangle,9,class->block->constructor->name,
2,140,rectangle_java2.jpg,rectangle_java2.jpg,1088828817,60,864.1953333333333,298.60133333333334,853.5,295,32,21,int,3,class->block->constructor->parameter_list->parameter->decl->type->name,
2,140,rectangle_java2.jpg,rectangle_java2.jpg,1088912850,80,862.0465,304.6,853.5,295,32,21,int,3,class->block->constructor->parameter_list->parameter->decl->type->name,
2,140,rectangle_java2.jpg,rectangle_java2.jpg,1089028891,112,869.1946428571429,293.1075,853.5,295,32,21,int,3,class->block->constructor->parameter_list->parameter->decl->type->name,
2,140,rectangle_java2.jpg,rectangle_java2.jpg,1089676799,140,1085.7045714285714,291.846,1063.5,295,23,21,x2,2,class->block->constructor->parameter_list->parameter->decl->type->name,
2,140,rectangle_java2.jpg,rectangle_java2.jpg,1089676799,140,1085.7045714285714,291.846,1094.5,295,9,21,"""","""",1,class->block->constructor->parameter_list
2,140,rectangle_java2.jpg,rectangle_java2.jpg,1089876424,76,1109.121052631579,297.02684210526314,1112.5,295,33,21,int,3,class->block->constructor->parameter_list->parameter->decl->type->name,
2,140,rectangle_java2.jpg,rectangle_java2.jpg,1090164673,64,819.828125,210.01375,813.5,222,10,21,{,1,class->block,
2,140,rectangle_java2.jpg,rectangle_java2.jpg,1090988976,120,858.172,437.273,856.5,440,10,21,;,1,class->block->constructor->block->block_content->expr_stmt,
2,140,rectangle_java2.jpg,rectangle_java2.jpg,1091248862,76,804.8873684210527,398.2052631578947,806.5,404,15,19,=,1,class->block->constructor->block->block_content->expr_stmt->expr->operator,
2,140,rectangle_java2.jpg,rectangle_java2.jpg,1091908645,60,822.258,391.9433333333333,826.5,404,23,19,x2,2,class->block->constructor->block->block_content->expr_stmt->expr->name->name,
2,140,rectangle_java2.jpg,rectangle_java2.jpg,1092060718,56,824.665,364.1428571428572,826.5,367,23,21,y1,2,class->block->constructor->block->block_content->expr_stmt->expr->name->name,
2,140,rectangle_java2.jpg,rectangle_java2.jpg,1092228736,112,763.0457142857143,521.3792857142857,737.5,512,33,21,int,3,class->block->function->type->name,
2,140,rectangle_java2.jpg,rectangle_java2.jpg,1092228736,112,763.0457142857143,521.3792857142857,775.5,512,53,21,width,5,class->block->function->name,
2,140,rectangle_java2.jpg,rectangle_java2.jpg,1092292665,60,759.9293333333334,529.5446666666667,737.5,512,33,21,int,3,class->block->function->type->name,
2,140,rectangle_java2.jpg,rectangle_java2.jpg,1092388582,92,744.2430434782609,523.8291304347827,737.5,512,33,21,int,3,class->block->function->type->name,
2,140,rectangle_java2.jpg,rectangle_java2.jpg,1092532606,56,826.455,515.5657142857143,775.5,512,53,21,width,5,class->block->function->name,
2,140,rectangle_java2.jpg,rectangle_java2.jpg,1092532606,56,826.455,515.5657142857143,837.5,512,9,21,(,1,class->block->function->parameter_list,
2,140,rectangle_java2.jpg,rectangle_java2.jpg,1092656638,68,820.87,526.3617647058824,775.5,512,53,21,width,5,class->block->function->name,
2,140,rectangle_java2.jpg,rectangle_java2.jpg,1093140661,76,795.628947368421,415.66736842105263,730.5,404,71,19,this.x2,7,class->block->constructor->block->block_content->expr_stmt->expr->name->name->operator->name,
2,140,rectangle_java2.jpg,rectangle_java2.jpg,1093140661,76,795.628947368421,415.66736842105263,806.5,404,15,19,=,1,class->block->constructor->block->block_content->expr_stmt->expr->operator,
2,140,rectangle_java2.jpg,rectangle_java2.jpg,1093356562,68,798.9329411764706,408.2776470588235,730.5,404,71,19,this.x2,7,class->block->constructor->block->block_content->expr_stmt->expr->name->name->operator->name,
2,140,rectangle_java2.jpg,rectangle_java2.jpg,1093356562,68,798.9329411764706,408.2776470588235,806.5,404,15,19,=,1,class->block->constructor->block->block_content->expr_stmt->expr->operator,
2,140,rectangle_java2.jpg,rectangle_java2.jpg,1093440578,80,797.2315,420.7480000000001,730.5,404,71,19,this.x2,7,class->block->constructor->block->block_content->expr_stmt->expr->name->name->operator->name,
2,140,rectangle_java2.jpg,rectangle_java2.jpg,1093440578,80,797.2315,420.7480000000001,806.5,404,15,19,=,1,class->block->constructor->block->block_content->expr_stmt->expr->operator,
2,140,rectangle_java2.jpg,rectangle_java2.jpg,1093508635,64,804.87625,413.42875,806.5,404,15,19,=,1,class->block->constructor->block->block_content->expr_stmt->expr->operator,
2,140,rectangle_java2.jpg,rectangle_java2.jpg,1094156536,84,877.7747619047619,500.18000000000006,874.5,512,10,21,{,1,class->block->function->block,
2,140,rectangle_java2.jpg,rectangle_java2.jpg,1094256536,64,830.85625,523.6481249999999,837.5,512,9,21,(,1,class->block->function->parameter_list,
2,140,rectangle_java2.jpg,rectangle_java2.jpg,1094532548,140,769.2828571428571,515.9771428571429,737.5,512,33,21,int,3,class->block->function->type->name,
2,140,rectangle_java2.jpg,rectangle_java2.jpg,1094532548,140,769.2828571428571,515.9771428571429,775.5,512,53,21,width,5,class->block->function->name,
2,140,rectangle_java2.jpg,rectangle_java2.jpg,1094628605,60,732.6346666666667,518.5993333333333,737.5,512,33,21,int,3,class->block->function->type->name,
2,140,rectangle_java2.jpg,rectangle_java2.jpg,1094856578,224,731.6355357142858,524.9280357142857,669.5,512,63,21,public,6,class->block->function->type->specifier,
2,140,rectangle_java2.jpg,rectangle_java2.jpg,1094856578,224,731.6355357142858,524.9280357142857,737.5,512,33,21,int,3,class->block->function->type->name,
2,140,rectangle_java2.jpg,rectangle_java2.jpg,1094968532,108,731.4481481481481,514.2033333333334,669.5,512,63,21,public,6,class->block->function->type->specifier,
2,140,rectangle_java2.jpg,rectangle_java2.jpg,1094968532,108,731.4481481481481,514.2033333333334,737.5,512,33,21,int,3,class->block->function->type->name,
2,140,rectangle_java2.jpg,rectangle_java2.jpg,1095204562,192,799.14375,518.725625,775.5,512,53,21,width,5,class->block->function->name,
2,140,rectangle_java2.jpg,rectangle_java2.jpg,1095288556,64,854.391875,434.635625,856.5,440,10,21,;,1,class->block->constructor->block->block_content->expr_stmt,
2,140,rectangle_java2.jpg,rectangle_java2.jpg,1095436395,144,848.5269444444444,430.3569444444445,826.5,440,23,21,y2,2,class->block->constructor->block->block_content->expr_stmt->expr->name->name,
2,140,rectangle_java2.jpg,rectangle_java2.jpg,1095436395,144,848.5269444444444,430.3569444444445,856.5,440,10,21,;,1,class->block->constructor->block->block_content->expr_stmt,
2,140,rectangle_java2.jpg,rectangle_java2.jpg,1095516302,76,836.3215789473684,432.28052631578953,826.5,440,23,21,y2,2,class->block->constructor->block->block_content->expr_stmt->expr->name->name,
2,140,rectangle_java2.jpg,rectangle_java2.jpg,1096292610,84,839.2909523809524,395.99619047619046,826.5,404,23,19,x2,2,class->block->constructor->block->block_content->expr_stmt->expr->name->name,
2,140,rectangle_java2.jpg,rectangle_java2.jpg,1096372516,76,824.1047368421052,402.6721052631579,826.5,404,23,19,x2,2,class->block->constructor->block->block_content->expr_stmt->expr->name->name,
2,140,rectangle_java2.jpg,rectangle_java2.jpg,1096520437,144,813.6233333333333,396.9138888888889,806.5,404,15,19,=,1,class->block->constructor->block->block_content->expr_stmt->expr->operator,
2,140,rectangle_java2.jpg,rectangle_java2.jpg,1096748384,112,865.9303571428571,382.80785714285713,856.5,367,10,21,;,1,class->block->constructor->block->block_content->expr_stmt,
2,140,rectangle_java2.jpg,rectangle_java2.jpg,1096860407,60,860.316,372.2013333333333,856.5,367,10,21,;,1,class->block->constructor->block->block_content->expr_stmt,
2,140,rectangle_java2.jpg,rectangle_java2.jpg,1097220275,100,860.8616,384.2948,856.5,367,10,21,;,1,class->block->constructor->block->block_content->expr_stmt,
2,140,rectangle_java2.jpg,rectangle_java2.jpg,1097336101,72,860.9955555555556,374.895,856.5,367,10,21,;,1,class->block->constructor->block->block_content->expr_stmt,
2,140,rectangle_java2.jpg,rectangle_java2.jpg,1097516215,176,849.74,383.8493181818182,856.5,367,10,21,;,1,class->block->constructor->block->block_content->expr_stmt,
2,140,rectangle_java2.jpg,rectangle_java2.jpg,1097636251,72,835.5994444444444,405.4505555555555,826.5,404,23,19,x2,2,class->block->constructor->block->block_content->expr_stmt->expr->name->name,
2,140,rectangle_java2.jpg,rectangle_java2.jpg,1097772254,100,830.9532,382.0232,826.5,367,23,21,y1,2,class->block->constructor->block->block_content->expr_stmt->expr->name->name,
2,140,rectangle_java2.jpg,rectangle_java2.jpg,1098516307,68,801.4670588235294,525.0158823529412,775.5,512,53,21,width,5,class->block->function->name,
2,140,rectangle_java2.jpg,rectangle_java2.jpg,1098616306,96,803.0229166666667,522.2233333333334,775.5,512,53,21,width,5,class->block->function->name,
2,140,rectangle_java2.jpg,rectangle_java2.jpg,1098724270,88,734.7018181818182,538.5309090909091,737.5,549,33,21,int,3,class->block->function->type->name,
2,140,rectangle_java2.jpg,rectangle_java2.jpg,1098824265,96,738.9958333333333,532.3870833333333,737.5,512,33,21,int,3,class->block->function->type->name,
2,140,rectangle_java2.jpg,rectangle_java2.jpg,1098936279,68,726.6229411764706,515.7123529411765,669.5,512,63,21,public,6,class->block->function->type->specifier,
2,140,rectangle_java2.jpg,rectangle_java2.jpg,1098936279,68,726.6229411764706,515.7123529411765,737.5,512,33,21,int,3,class->block->function->type->name,
2,140,rectangle_java2.jpg,rectangle_java2.jpg,1099012279,72,736.3372222222222,539.4666666666667,737.5,549,33,21,int,3,class->block->function->type->name,
2,140,rectangle_java2.jpg,rectangle_java2.jpg,1099196247,112,797.665,530.6110714285714,775.5,512,53,21,width,5,class->block->function->name,
2,140,rectangle_java2.jpg,rectangle_java2.jpg,1099360152,108,795.8955555555556,524.5333333333333,775.5,512,53,21,width,5,class->block->function->name,
2,140,rectangle_java2.jpg,rectangle_java2.jpg,1099464139,72,828.1705555555556,508.0344444444445,775.5,512,53,21,width,5,class->block->function->name,
2,140,rectangle_java2.jpg,rectangle_java2.jpg,1099464139,72,828.1705555555556,508.0344444444445,837.5,512,9,21,(,1,class->block->function->parameter_list,
2,140,rectangle_java2.jpg,rectangle_java2.jpg,1099552127,84,823.0747619047619,528.6266666666667,775.5,512,53,21,width,5,class->block->function->name,
2,140,rectangle_java2.jpg,rectangle_java2.jpg,1099756188,140,789.6385714285715,518.0222857142857,775.5,512,53,21,width,5,class->block->function->name,
2,140,rectangle_java2.jpg,rectangle_java2.jpg,1099832173,72,790.2261111111111,532.4872222222223,775.5,512,53,21,width,5,class->block->function->name,
2,140,rectangle_java2.jpg,rectangle_java2.jpg,1100280136,104,831.7334615384615,538.266923076923,775.5,549,62,21,height,6,class->block->function->name,
2,140,rectangle_java2.jpg,rectangle_java2.jpg,1100440140,76,830.2852631578947,545.2247368421052,775.5,549,62,21,height,6,class->block->function->name,
2,140,rectangle_java2.jpg,rectangle_java2.jpg,1100708138,104,848.1611538461539,530.4665384615384,854.5,512,9,21,),1,class->block->function->parameter_list,
2,140,rectangle_java2.jpg,rectangle_java2.jpg,1101127897,108,840.8522222222223,433.285925925926,826.5,440,23,21,y2,2,class->block->constructor->block->block_content->expr_stmt->expr->name->name,
2,140,rectangle_java2.jpg,rectangle_java2.jpg,1101419997,92,803.9295652173913,408.7895652173913,806.5,404,15,19,=,1,class->block->constructor->block->block_content->expr_stmt->expr->operator,
2,140,rectangle_java2.jpg,rectangle_java2.jpg,1101540016,56,807.7221428571429,373.2814285714286,806.5,367,15,21,=,1,class->block->constructor->block->block_content->expr_stmt->expr->operator,
2,140,rectangle_java2.jpg,rectangle_java2.jpg,1101616004,60,822.0833333333334,503.5386666666666,775.5,512,53,21,width,5,class->block->function->name,
2,140,rectangle_java2.jpg,rectangle_java2.jpg,1101867986,124,826.6309677419355,509.8254838709677,775.5,512,53,21,width,5,class->block->function->name,
2,140,rectangle_java2.jpg,rectangle_java2.jpg,1101867986,124,826.6309677419355,509.8254838709677,837.5,512,9,21,(,1,class->block->function->parameter_list,
2,140,rectangle_java2.jpg,rectangle_java2.jpg,1102332018,64,880.2275,524.701875,874.5,512,10,21,{,1,class->block->function->block,
2,140,rectangle_java2.jpg,rectangle_java2.jpg,1102332018,64,880.2275,524.701875,891.5,512,62,21,return,6,class->block->function->block->block_content->return->expr->name->name,
2,140,rectangle_java2.jpg,rectangle_java2.jpg,1102460087,124,870.4245161290322,519.1432258064516,874.5,512,10,21,{,1,class->block->function->block,
2,140,rectangle_java2.jpg,rectangle_java2.jpg,1102560392,68,911.0258823529412,545.04,900.5,549,63,21,return,6,class->block->function->block->block_content->return,
2,140,rectangle_java2.jpg,rectangle_java2.jpg,1102628475,64,917.02,540.345625,900.5,549,63,21,return,6,class->block->function->block->block_content->return,
2,140,rectangle_java2.jpg,rectangle_java2.jpg,1102700373,68,959.714705882353,546.53,900.5,549,63,21,return,6,class->block->function->block->block_content->return,
2,140,rectangle_java2.jpg,rectangle_java2.jpg,1102700373,68,959.714705882353,546.53,968.5,549,70,21,this.y2,7,class->block->function->block->block_content->return->expr->name->name->operator->name,
2,140,rectangle_java2.jpg,rectangle_java2.jpg,1102764238,60,960.6533333333332,549.0793333333334,900.5,549,63,21,return,6,class->block->function->block->block_content->return,
2,140,rectangle_java2.jpg,rectangle_java2.jpg,1102764238,60,960.6533333333332,549.0793333333334,968.5,549,70,21,this.y2,7,class->block->function->block->block_content->return->expr->name->name->operator->name,
2,140,rectangle_java2.jpg,rectangle_java2.jpg,1104331918,224,915.1251785714286,525.4669642857143,891.5,512,62,21,return,6,class->block->function->block->block_content->return->expr->name->name,
2,140,rectangle_java2.jpg,rectangle_java2.jpg,1104495946,120,828.6063333333334,518.021,837.5,512,9,21,(,1,class->block->function->parameter_list,
2,140,rectangle_java2.jpg,rectangle_java2.jpg,1104843890,64,885.45125,527.463125,891.5,512,62,21,return,6,class->block->function->block->block_content->return->expr->name->name,
2,140,rectangle_java2.jpg,rectangle_java2.jpg,1105036045,60,844.3213333333333,338.4313333333333,826.5,331,23,19,x1,2,class->block->constructor->block->block_content->expr_stmt->expr->name->name,
2,140,rectangle_java2.jpg,rectangle_java2.jpg,1105036045,60,844.3213333333333,338.4313333333333,856.5,331,10,19,;,1,class->block->constructor->block->block_content->expr_stmt,
2,140,rectangle_java2.jpg,rectangle_java2.jpg,1105112103,72,858.3861111111111,359.25166666666667,856.5,367,10,21,;,1,class->block->constructor->block->block_content->expr_stmt,
2,140,rectangle_java2.jpg,rectangle_java2.jpg,1105287862,172,860.713488372093,374.7241860465117,856.5,367,10,21,;,1,class->block->constructor->block->block_content->expr_stmt,
2,140,rectangle_java2.jpg,rectangle_java2.jpg,1105451740,80,807.205,374.9485,806.5,367,15,21,=,1,class->block->constructor->block->block_content->expr_stmt->expr->operator,
2,140,rectangle_java2.jpg,rectangle_java2.jpg,1105535735,80,803.466,359.0585,806.5,367,15,21,=,1,class->block->constructor->block->block_content->expr_stmt->expr->operator,
2,140,rectangle_java2.jpg,rectangle_java2.jpg,1105735746,64,840.469375,370.23625,826.5,367,23,21,y1,2,class->block->constructor->block->block_content->expr_stmt->expr->name->name,
2,140,rectangle_java2.jpg,rectangle_java2.jpg,1106231768,76,822.2357894736842,335.2194736842105,826.5,331,23,19,x1,2,class->block->constructor->block->block_content->expr_stmt->expr->name->name,
2,140,rectangle_java2.jpg,rectangle_java2.jpg,1106445283,56,863.2385714285714,345.66857142857145,856.5,331,10,19,;,1,class->block->constructor->block->block_content->expr_stmt,
2,140,rectangle_java2.jpg,rectangle_java2.jpg,1106947611,56,860.895,329.40214285714285,856.5,331,10,19,;,1,class->block->constructor->block->block_content->expr_stmt,
2,140,rectangle_java2.jpg,rectangle_java2.jpg,1107063612,56,847.6857142857143,340.2628571428571,826.5,331,23,19,x1,2,class->block->constructor->block->block_content->expr_stmt->expr->name->name,
2,140,rectangle_java2.jpg,rectangle_java2.jpg,1107063612,56,847.6857142857143,340.2628571428571,856.5,331,10,19,;,1,class->block->constructor->block->block_content->expr_stmt,
2,140,rectangle_java2.jpg,rectangle_java2.jpg,1107139621,72,847.515,332.3861111111111,826.5,331,23,19,x1,2,class->block->constructor->block->block_content->expr_stmt->expr->name->name,
2,140,rectangle_java2.jpg,rectangle_java2.jpg,1107139621,72,847.515,332.3861111111111,856.5,331,10,19,;,1,class->block->constructor->block->block_content->expr_stmt,
2,140,rectangle_java2.jpg,rectangle_java2.jpg,1107331593,60,862.9346666666667,356.168,856.5,367,10,21,;,1,class->block->constructor->block->block_content->expr_stmt,
2,140,rectangle_java2.jpg,rectangle_java2.jpg,1107543573,76,866.0331578947369,346.6063157894737,856.5,331,10,19,;,1,class->block->constructor->block->block_content->expr_stmt,
2,140,rectangle_java2.jpg,rectangle_java2.jpg,1107735597,56,795.3821428571429,517.4178571428571,775.5,512,53,21,width,5,class->block->function->name,
2,140,rectangle_java2.jpg,rectangle_java2.jpg,1107903627,124,732.75,545.0354838709677,737.5,549,33,21,int,3,class->block->function->type->name,
2,140,rectangle_java2.jpg,rectangle_java2.jpg,1108231481,112,807.4,541.6364285714286,775.5,549,62,21,height,6,class->block->function->name,
2,140,rectangle_java2.jpg,rectangle_java2.jpg,1108335563,100,802.7392,525.1736,775.5,512,53,21,width,5,class->block->function->name,
2,140,rectangle_java2.jpg,rectangle_java2.jpg,1108699393,148,844.9881081081081,546.0432432432433,846.5,549,10,21,(,1,class->block->function->parameter_list,
2,140,rectangle_java2.jpg,rectangle_java2.jpg,1109007507,64,840.84875,532.350625,837.5,512,9,21,(,1,class->block->function->parameter_list,
2,140,rectangle_java2.jpg,rectangle_java2.jpg,1109163524,104,870.2384615384616,559.7196153846154,863.5,549,9,21,),1,class->block->function->parameter_list,
2,140,rectangle_java2.jpg,rectangle_java2.jpg,1109247511,80,881.9635,552.818,883.5,549,10,21,{,1,class->block->function->block,
2,140,rectangle_java2.jpg,rectangle_java2.jpg,1109575505,196,927.2263265306124,541.3197959183674,900.5,549,63,21,return,6,class->block->function->block->block_content->return,
2,140,rectangle_java2.jpg,rectangle_java2.jpg,1110347641,80,967.278,514.5115,958.5,512,71,21,this.x2,7,class->block->function->block->block_content->return->expr->name->name->operator->name->operator,
2,140,rectangle_java2.jpg,rectangle_java2.jpg,1110407577,56,967.425,544.5278571428571,968.5,549,70,21,this.y2,7,class->block->function->block->block_content->return->expr->name->name->operator->name,
2,140,rectangle_java2.jpg,rectangle_java2.jpg,1110615359,148,1013.3664864864865,561.9327027027027,968.5,549,70,21,this.y2,7,class->block->function->block->block_content->return->expr->name->name->operator->name,
2,140,rectangle_java2.jpg,rectangle_java2.jpg,1110715336,72,806.2594444444444,573.7716666666666,804.5,585,43,21,area,4,class->block->function->name,
2,140,rectangle_java2.jpg,rectangle_java2.jpg,1110823335,104,796.28,558.353076923077,775.5,549,62,21,height,6,class->block->function->name,
2,140,rectangle_java2.jpg,rectangle_java2.jpg,1111007360,128,794.196875,594.575,737.5,585,62,21,double,6,class->block->function->type->name,
2,140,rectangle_java2.jpg,rectangle_java2.jpg,1111007360,128,794.196875,594.575,804.5,585,43,21,area,4,class->block->function->name,
2,140,rectangle_java2.jpg,rectangle_java2.jpg,1111123353,112,797.7403571428572,578.6910714285714,737.5,585,62,21,double,6,class->block->function->type->name,
2,140,rectangle_java2.jpg,rectangle_java2.jpg,1111123353,112,797.7403571428572,578.6910714285714,804.5,585,43,21,area,4,class->block->function->name,
2,140,rectangle_java2.jpg,rectangle_java2.jpg,1111211349,84,799.922380952381,569.4733333333334,775.5,549,62,21,height,6,class->block->function->name,
2,140,rectangle_java2.jpg,rectangle_java2.jpg,1111319350,104,780.84,568.7726923076923,775.5,549,62,21,height,6,class->block->function->name,
2,140,rectangle_java2.jpg,rectangle_java2.jpg,1111411349,88,798.4331818181818,565.3959090909091,775.5,549,62,21,height,6,class->block->function->name,
2,140,rectangle_java2.jpg,rectangle_java2.jpg,1111627313,108,786.7377777777778,552.4962962962964,775.5,549,62,21,height,6,class->block->function->name,
2,140,rectangle_java2.jpg,rectangle_java2.jpg,1111787297,68,865.43,563.5441176470588,863.5,549,9,21,),1,class->block->function->parameter_list,
2,140,rectangle_java2.jpg,rectangle_java2.jpg,1111891314,100,860.9184,564.6796,863.5,549,9,21,),1,class->block->function->parameter_list,
2,140,rectangle_java2.jpg,rectangle_java2.jpg,1111955334,60,866.8033333333333,576.5926666666667,873.5,585,9,21,),1,class->block->function->parameter_list,
2,140,rectangle_java2.jpg,rectangle_java2.jpg,1112107478,116,947.3451724137932,532.1862068965518,891.5,512,62,21,return,6,class->block->function->block->block_content->return->expr->name->name,
2,140,rectangle_java2.jpg,rectangle_java2.jpg,1112107478,116,947.3451724137932,532.1862068965518,958.5,512,71,21,this.x2,7,class->block->function->block->block_content->return->expr->name->name->operator->name->operator,
2,140,rectangle_java2.jpg,rectangle_java2.jpg,1112171623,60,973.2353333333332,540.0393333333334,968.5,549,70,21,this.y2,7,class->block->function->block->block_content->return->expr->name->name->operator->name,
2,140,rectangle_java2.jpg,rectangle_java2.jpg,1112255678,80,982.811,524.318,958.5,512,71,21,this.x2,7,class->block->function->block->block_content->return->expr->name->name->operator->name->operator,
2,140,rectangle_java2.jpg,rectangle_java2.jpg,1112347529,88,987.1018181818182,516.6931818181819,958.5,512,71,21,this.x2,7,class->block->function->block->block_content->return->expr->name->name->operator->name->operator,
2,140,rectangle_java2.jpg,rectangle_java2.jpg,1112515273,88,998.8822727272728,532.0268181818182,958.5,512,71,21,this.x2,7,class->block->function->block->block_content->return->expr->name->name->operator->name->operator,
2,140,rectangle_java2.jpg,rectangle_java2.jpg,1112627195,80,842.178,587.233,804.5,585,43,21,area,4,class->block->function->name,
2,140,rectangle_java2.jpg,rectangle_java2.jpg,1112727210,96,843.7566666666667,573.5870833333333,804.5,585,43,21,area,4,class->block->function->name,
2,140,rectangle_java2.jpg,rectangle_java2.jpg,1112855217,96,864.9625,547.59375,863.5,549,9,21,),1,class->block->function->parameter_list,
2,140,rectangle_java2.jpg,rectangle_java2.jpg,1112939212,80,872.5024999999999,565.7695,883.5,549,10,21,{,1,class->block->function->block,
2,140,rectangle_java2.jpg,rectangle_java2.jpg,1113115231,76,946.6010526315788,558.6563157894736,900.5,549,63,21,return,6,class->block->function->block->block_content->return,
2,140,rectangle_java2.jpg,rectangle_java2.jpg,1113215242,96,931.1058333333332,566.21,900.5,549,63,21,return,6,class->block->function->block->block_content->return,
2,140,rectangle_java2.jpg,rectangle_java2.jpg,1113275236,56,912.6421428571427,560.0628571428572,900.5,549,63,21,return,6,class->block->function->block->block_content->return,
2,140,rectangle_java2.jpg,rectangle_java2.jpg,1113363197,84,920.494761904762,573.2361904761905,910.5,585,62,21,return,6,class->block->function->block->block_content->return,
2,140,rectangle_java2.jpg,rectangle_java2.jpg,1113539196,80,1035.4665,547.3515,968.5,549,70,21,this.y2,7,class->block->function->block->block_content->return->expr->name->name->operator->name,
2,140,rectangle_java2.jpg,rectangle_java2.jpg,1113539196,80,1035.4665,547.3515,1045.5,549,13,21,-,1,class->block->function->block->block_content->return->expr->operator,
2,140,rectangle_java2.jpg,rectangle_java2.jpg,1113651220,108,1027.3944444444444,557.1011111111111,968.5,549,70,21,this.y2,7,class->block->function->block->block_content->return->expr->name->name->operator->name,
2,140,rectangle_java2.jpg,rectangle_java2.jpg,1113719227,64,1027.9575,562.6975,968.5,549,70,21,this.y2,7,class->block->function->block->block_content->return->expr->name->name->operator->name,
2,140,rectangle_java2.jpg,rectangle_java2.jpg,1113803226,80,1046.215,547.8425,1045.5,549,13,21,-,1,class->block->function->block->block_content->return->expr->operator,
2,140,rectangle_java2.jpg,rectangle_java2.jpg,1114175266,144,964.1944444444443,551.8733333333333,968.5,549,70,21,this.y2,7,class->block->function->block->block_content->return->expr->name->name->operator->name,
2,140,rectangle_java2.jpg,rectangle_java2.jpg,1114287171,100,1113.712,550.6296,1064.5,549,71,21,this.y1,7,class->block->function->block->block_content->return->expr->name->name->operator->name,
2,140,rectangle_java2.jpg,rectangle_java2.jpg,1114351115,60,1097.6393333333333,568.084,1064.5,549,71,21,this.y1,7,class->block->function->block->block_content->return->expr->name->name->operator->name,
2,140,rectangle_java2.jpg,rectangle_java2.jpg,1114415098,60,1118.445333333333,568.7473333333334,1064.5,549,71,21,this.y1,7,class->block->function->block->block_content->return->expr->name->name->operator->name,
2,140,rectangle_java2.jpg,rectangle_java2.jpg,1114815061,140,926.9917142857142,592.714,910.5,585,62,21,return,6,class->block->function->block->block_content->return,
2,140,rectangle_java2.jpg,rectangle_java2.jpg,1114883050,64,923.125625,600.15625,910.5,585,62,21,return,6,class->block->function->block->block_content->return,
2,140,rectangle_java2.jpg,rectangle_java2.jpg,1115027059,100,860.7204,586.7604,856.5,585,9,21,(,1,class->block->function->parameter_list,
2,140,rectangle_java2.jpg,rectangle_java2.jpg,1115091067,60,858.8706666666667,597.2393333333333,856.5,585,9,21,(,1,class->block->function->parameter_list,
2,140,rectangle_java2.jpg,rectangle_java2.jpg,1115199044,84,1093.2890476190476,617.6957142857143,1094.5,621,10,21,{,1,class->block->function->block,
2,140,rectangle_java2.jpg,rectangle_java2.jpg,1115451044,68,1034.6829411764706,603.7929411764705,977.5,585,101,21,this.width,10,class->block->function->block->block_content->return->expr->call->name->name->operator->name,
2,140,rectangle_java2.jpg,rectangle_java2.jpg,1115571067,76,798.9994736842106,629.3663157894737,738.5,621,61,21,static,6,class->block->function->type->specifier,
2,140,rectangle_java2.jpg,rectangle_java2.jpg,1115571067,76,798.9994736842106,629.3663157894737,804.5,621,44,21,void,4,class->block->function->type->name,
2,140,rectangle_java2.jpg,rectangle_java2.jpg,1115775099,120,810.4213333333333,647.7686666666667,730.5,658,91,20,Rectangle,9,class->block->function->block->block_content->decl_stmt->decl->type->name,
2,140,rectangle_java2.jpg,rectangle_java2.jpg,1115843095,64,808.4925,639.983125,804.5,621,44,21,void,4,class->block->function->type->name,
2,140,rectangle_java2.jpg,rectangle_java2.jpg,1115931091,56,874.8542857142858,667.2492857142857,826.5,658,52,20,rect1,5,class->block->function->block->block_content->decl_stmt->decl->name,
2,140,rectangle_java2.jpg,rectangle_java2.jpg,1115931091,56,874.8542857142858,667.2492857142857,883.5,658,15,20,=,1,class->block->function->block->block_content->decl_stmt->decl->init,
2,140,rectangle_java2.jpg,rectangle_java2.jpg,1116027108,92,878.2091304347827,682.9517391304348,730.5,694,177,21,System.out.println,18,class->block->function->block->block_content->expr_stmt->expr->call->name->name->operator->name->operator->name,
2,140,rectangle_java2.jpg,rectangle_java2.jpg,1116099125,68,889.5582352941176,686.4894117647059,730.5,694,177,21,System.out.println,18,class->block->function->block->block_content->expr_stmt->expr->call->name->name->operator->name->operator->name,
2,140,rectangle_java2.jpg,rectangle_java2.jpg,1116230991,96,1053.28375,687.0295833333333,1057.5,694,10,21,),1,class->block->function->block->block_content->expr_stmt->expr->call->argument_list->argument->expr->call->argument_list,
2,140,rectangle_java2.jpg,rectangle_java2.jpg,1117046728,100,1238.4752,677.5316,1231.5,658,10,20,;,1,class->block->function->block->block_content->decl_stmt,
2,140,rectangle_java2.jpg,rectangle_java2.jpg,1117170928,56,1062.3778571428572,660.8135714285714,1057.5,658,13,20,0,1,class->block->function->block->block_content->decl_stmt->decl->init->expr->call->argument_list->argument->expr->literal,
2,140,rectangle_java2.jpg,rectangle_java2.jpg,1117234937,60,1059.1686666666667,665.7793333333333,1057.5,658,13,20,0,1,class->block->function->block->block_content->decl_stmt->decl->init->expr->call->argument_list->argument->expr->literal,
2,140,rectangle_java2.jpg,rectangle_java2.jpg,1117494983,68,852.9423529411765,737.9882352941177,826.5,731,51,20,rect2,5,class->block->function->block->block_content->decl_stmt->decl->name,
2,140,rectangle_java2.jpg,rectangle_java2.jpg,1117594996,68,804.9135294117647,743.5294117647059,730.5,731,91,20,Rectangle,9,class->block->function->block->block_content->decl_stmt->decl->type->name,
2,140,rectangle_java2.jpg,rectangle_java2.jpg,1117758990,160,822.06225,743.86575,826.5,731,51,20,rect2,5,class->block->function->block->block_content->decl_stmt->decl->name,
2,140,rectangle_java2.jpg,rectangle_java2.jpg,1117962990,60,862.992,755.2366666666667,730.5,766,177,21,System.out.println,18,class->block->function->block->block_content->expr_stmt->expr->call->name->name->operator->name->operator->name,
2,140,rectangle_java2.jpg,rectangle_java2.jpg,1118058844,92,855.1669565217392,737.3317391304348,826.5,731,51,20,rect2,5,class->block->function->block->block_content->decl_stmt->decl->name,
2,140,rectangle_java2.jpg,rectangle_java2.jpg,1118182685,120,796.1856666666666,735.775,730.5,731,91,20,Rectangle,9,class->block->function->block->block_content->decl_stmt->decl->type->name,
2,140,rectangle_java2.jpg,rectangle_java2.jpg,1118266788,80,791.2115,743.457,730.5,731,91,20,Rectangle,9,class->block->function->block->block_content->decl_stmt->decl->type->name,
2,140,rectangle_java2.jpg,rectangle_java2.jpg,1118518666,104,858.6415384615384,739.5711538461538,826.5,731,51,20,rect2,5,class->block->function->block->block_content->decl_stmt->decl->name,
2,140,rectangle_java2.jpg,rectangle_java2.jpg,1118602612,80,854.7495,745.551,826.5,731,51,20,rect2,5,class->block->function->block->block_content->decl_stmt->decl->name,
2,140,rectangle_java2.jpg,rectangle_java2.jpg,1118706737,84,923.605238095238,745.4566666666667,902.5,731,34,20,new,3,class->block->function->block->block_content->decl_stmt->decl->init->expr->operator,
2,140,rectangle_java2.jpg,rectangle_java2.jpg,1119066862,92,922.8526086956522,738.0930434782608,902.5,731,34,20,new,3,class->block->function->block->block_content->decl_stmt->decl->init->expr->operator,
2,140,rectangle_java2.jpg,rectangle_java2.jpg,1119246932,120,968.5673333333332,732.9943333333333,941.5,731,91,20,Rectangle,9,class->block->function->block->block_content->decl_stmt->decl->init->expr->call->name,
2,140,rectangle_java2.jpg,rectangle_java2.jpg,1119354940,104,962.2284615384616,743.4373076923077,941.5,731,91,20,Rectangle,9,class->block->function->block->block_content->decl_stmt->decl->init->expr->call->name,
2,140,rectangle_java2.jpg,rectangle_java2.jpg,1119458892,100,971.7224,761.9032,932.5,766,100,21,rect2.area,10,class->block->function->block->block_content->expr_stmt->expr->call->argument_list->argument->expr->call->name->name->operator->name,
2,140,rectangle_java2.jpg,rectangle_java2.jpg,1119530838,68,966.7676470588236,754.7011764705883,932.5,766,100,21,rect2.area,10,class->block->function->block->block_content->expr_stmt->expr->call->argument_list->argument->expr->call->name->name->operator->name,
2,140,rectangle_java2.jpg,rectangle_java2.jpg,1119594806,60,974.2466666666668,740.1273333333334,941.5,731,91,20,Rectangle,9,class->block->function->block->block_content->decl_stmt->decl->init->expr->call->name,
2,140,rectangle_java2.jpg,rectangle_java2.jpg,1119774781,112,882.8075,728.4007142857142,883.5,731,15,20,=,1,class->block->function->block->block_content->decl_stmt->decl->init,
2,140,rectangle_java2.jpg,rectangle_java2.jpg,1119934817,104,878.2673076923077,748.1173076923077,883.5,731,15,20,=,1,class->block->function->block->block_content->decl_stmt->decl->init,
2,140,rectangle_java2.jpg,rectangle_java2.jpg,1120002807,64,878.53,733.6675,883.5,731,15,20,=,1,class->block->function->block->block_content->decl_stmt->decl->init,
2,140,rectangle_java2.jpg,rectangle_java2.jpg,1120078757,72,808.485,738.5955555555555,730.5,731,91,20,Rectangle,9,class->block->function->block->block_content->decl_stmt->decl->type->name,
2,140,rectangle_java2.jpg,rectangle_java2.jpg,1120170696,88,809.7327272727273,733.4486363636364,730.5,731,91,20,Rectangle,9,class->block->function->block->block_content->decl_stmt->decl->type->name,
2,140,rectangle_java2.jpg,rectangle_java2.jpg,1120494776,100,906.1296,744.544,902.5,731,34,20,new,3,class->block->function->block->block_content->decl_stmt->decl->init->expr->operator,
2,140,rectangle_java2.jpg,rectangle_java2.jpg,1120558758,60,916.8833333333332,748.0326666666666,902.5,731,34,20,new,3,class->block->function->block->block_content->decl_stmt->decl->init->expr->operator,
2,140,rectangle_java2.jpg,rectangle_java2.jpg,1121810716,148,1013.422972972973,641.7294594594595,1007.5,621,10,21,],1,class->block->function->parameter_list->parameter->decl->type->name->index,
2,140,rectangle_java2.jpg,rectangle_java2.jpg,1121810716,148,1013.422972972973,641.7294594594595,1025.5,621,42,21,args,4,class->block->function->parameter_list->parameter->decl->name,
2,140,rectangle_java2.jpg,rectangle_java2.jpg,1121962664,68,999.5117647058825,583.6158823529412,977.5,585,101,21,this.width,10,class->block->function->block->block_content->return->expr->call->name->name->operator->name,
2,140,rectangle_java2.jpg,rectangle_java2.jpg,1122106460,104,1069.9607692307693,596.4934615384616,977.5,585,101,21,this.width,10,class->block->function->block->block_content->return->expr->call->name->name->operator->name,
2,140,rectangle_java2.jpg,rectangle_java2.jpg,1122202453,92,1067.9295652173914,596.1582608695652,977.5,585,101,21,this.width,10,class->block->function->block->block_content->return->expr->call->name->name->operator->name,
2,140,rectangle_java2.jpg,rectangle_java2.jpg,1122342526,136,1096.8094117647058,613.9944117647059,1094.5,621,10,21,{,1,class->block->function->block,
