trial,participant,code_file,code_language,timestamp,duration,x_cord,y_cord,aoi_x,aoi_y,aoi_width,aoi_height,token,length,srcML,
2,159,rectangle_java2.jpg,rectangle_java2.jpg,32439540455,208,771.3071153846154,230.6882692307693,715.5,222,90,21,Rectangle,9,class->name,
2,159,rectangle_java2.jpg,rectangle_java2.jpg,32446144045,156,766.5815384615385,218.86743589743588,715.5,222,90,21,Rectangle,9,class->name,
2,159,rectangle_java2.jpg,rectangle_java2.jpg,32446423948,276,771.7142028985508,223.37478260869568,715.5,222,90,21,Rectangle,9,class->name,
2,159,rectangle_java2.jpg,rectangle_java2.jpg,32446727717,244,804.1354098360656,222.3980327868852,715.5,222,90,21,Rectangle,9,class->name,
2,159,rectangle_java2.jpg,rectangle_java2.jpg,32446727717,244,804.1354098360656,222.3980327868852,813.5,222,10,21,{,1,class->block,
2,159,rectangle_java2.jpg,rectangle_java2.jpg,32447572087,128,774.8253125,264.3478125,747.5,259,33,21,int,3,class->block->decl_stmt->decl->type->name,
2,159,rectangle_java2.jpg,rectangle_java2.jpg,32447572087,128,774.8253125,264.3478125,785.5,259,23,21,x1,2,class->block->decl_stmt->decl->name,
2,159,rectangle_java2.jpg,rectangle_java2.jpg,32447695911,120,776.476,265.661,747.5,259,33,21,int,3,class->block->decl_stmt->decl->type->name,
2,159,rectangle_java2.jpg,rectangle_java2.jpg,32447695911,120,776.476,265.661,785.5,259,23,21,x1,2,class->block->decl_stmt->decl->name,
2,159,rectangle_java2.jpg,rectangle_java2.jpg,32447783889,84,770.2380952380952,268.5309523809524,747.5,259,33,21,int,3,class->block->decl_stmt->decl->type->name,
2,159,rectangle_java2.jpg,rectangle_java2.jpg,32447851873,64,771.875625,271.80375000000004,747.5,259,33,21,int,3,class->block->decl_stmt->decl->type->name,
2,159,rectangle_java2.jpg,rectangle_java2.jpg,32447947885,92,745.7982608695652,275.01608695652175,747.5,259,33,21,int,3,class->block->decl_stmt->decl->type->name,
2,159,rectangle_java2.jpg,rectangle_java2.jpg,32448163906,212,744.6260377358491,279.8124528301887,747.5,259,33,21,int,3,class->block->decl_stmt->decl->type->name,
2,159,rectangle_java2.jpg,rectangle_java2.jpg,32448303909,76,822.9005263157895,259.37631578947367,815.5,259,10,21,"""","""",1,class->block->decl_stmt
2,159,rectangle_java2.jpg,rectangle_java2.jpg,32448303909,76,822.9005263157895,259.37631578947367,833.5,259,23,21,y1,2,class->block->decl_stmt->decl->name,
2,159,rectangle_java2.jpg,rectangle_java2.jpg,32448595882,64,906.61125,249.91625,911.5,259,10,21,"""","""",1,class->block->decl_stmt
2,159,rectangle_java2.jpg,rectangle_java2.jpg,32448815919,216,909.1222222222224,246.6490740740741,911.5,259,10,21,"""","""",1,class->block->decl_stmt
2,159,rectangle_java2.jpg,rectangle_java2.jpg,32449047926,184,845.8180434782608,264.2723913043478,833.5,259,23,21,y1,2,class->block->decl_stmt->decl->name,
2,159,rectangle_java2.jpg,rectangle_java2.jpg,32449271589,196,808.675918367347,273.39530612244897,815.5,259,10,21,"""","""",1,class->block->decl_stmt
2,159,rectangle_java2.jpg,rectangle_java2.jpg,32449355661,64,756.155625,277.555,747.5,259,33,21,int,3,class->block->decl_stmt->decl->type->name,
2,159,rectangle_java2.jpg,rectangle_java2.jpg,32449443737,84,749.2538095238095,283.38142857142856,737.5,295,91,21,Rectangle,9,class->block->constructor->name,
2,159,rectangle_java2.jpg,rectangle_java2.jpg,32449551743,104,751.295,266.54153846153844,747.5,259,33,21,int,3,class->block->decl_stmt->decl->type->name,
2,159,rectangle_java2.jpg,rectangle_java2.jpg,32449847780,248,821.4662903225807,266.585,815.5,259,10,21,"""","""",1,class->block->decl_stmt
2,159,rectangle_java2.jpg,rectangle_java2.jpg,32449847780,248,821.4662903225807,266.585,833.5,259,23,21,y1,2,class->block->decl_stmt->decl->name,
2,159,rectangle_java2.jpg,rectangle_java2.jpg,32450043756,180,895.5988888888888,260.93555555555554,881.5,259,23,21,x2,2,class->block->decl_stmt->decl->name,
2,159,rectangle_java2.jpg,rectangle_java2.jpg,32450175776,128,900.69,266.89125,881.5,259,23,21,x2,2,class->block->decl_stmt->decl->name,
2,159,rectangle_java2.jpg,rectangle_java2.jpg,32450175776,128,900.69,266.89125,911.5,259,10,21,"""","""",1,class->block->decl_stmt
2,159,rectangle_java2.jpg,rectangle_java2.jpg,32450271798,92,891.8060869565218,260.6704347826087,881.5,259,23,21,x2,2,class->block->decl_stmt->decl->name,
2,159,rectangle_java2.jpg,rectangle_java2.jpg,32450359786,76,801.66,261.65,785.5,259,23,21,x1,2,class->block->decl_stmt->decl->name,
2,159,rectangle_java2.jpg,rectangle_java2.jpg,32450419774,56,790.1392857142857,264.6092857142857,785.5,259,23,21,x1,2,class->block->decl_stmt->decl->name,
2,159,rectangle_java2.jpg,rectangle_java2.jpg,32450571752,148,792.7281081081081,252.9616216216216,785.5,259,23,21,x1,2,class->block->decl_stmt->decl->name,
2,159,rectangle_java2.jpg,rectangle_java2.jpg,32450727739,112,732.0610714285714,259.6242857142857,669.5,259,72,21,private,7,class->block->decl_stmt->decl->type->specifier,
2,159,rectangle_java2.jpg,rectangle_java2.jpg,32450811751,80,736.9995,274.0315,669.5,259,72,21,private,7,class->block->decl_stmt->decl->type->specifier,
2,159,rectangle_java2.jpg,rectangle_java2.jpg,32450811751,80,736.9995,274.0315,747.5,259,33,21,int,3,class->block->decl_stmt->decl->type->name,
2,159,rectangle_java2.jpg,rectangle_java2.jpg,32451231610,144,793.1955555555555,213.14777777777775,715.5,222,90,21,Rectangle,9,class->name,
2,159,rectangle_java2.jpg,rectangle_java2.jpg,32451307631,72,792.4361111111111,224.2577777777778,715.5,222,90,21,Rectangle,9,class->name,
2,159,rectangle_java2.jpg,rectangle_java2.jpg,32451507617,168,764.6628571428571,283.3333333333333,737.5,295,91,21,Rectangle,9,class->block->constructor->name,
2,159,rectangle_java2.jpg,rectangle_java2.jpg,32451615646,88,825.22,260.9436363636364,815.5,259,10,21,"""","""",1,class->block->decl_stmt
2,159,rectangle_java2.jpg,rectangle_java2.jpg,32451615646,88,825.22,260.9436363636364,833.5,259,23,21,y1,2,class->block->decl_stmt->decl->name,
2,159,rectangle_java2.jpg,rectangle_java2.jpg,32451731652,112,830.4217857142858,267.7282142857143,833.5,259,23,21,y1,2,class->block->decl_stmt->decl->name,
2,159,rectangle_java2.jpg,rectangle_java2.jpg,32452019564,260,905.6826153846154,262.82092307692307,911.5,259,10,21,"""","""",1,class->block->decl_stmt
2,159,rectangle_java2.jpg,rectangle_java2.jpg,32453575489,56,873.775,287.7992857142857,853.5,295,32,21,int,3,class->block->constructor->parameter_list->parameter->decl->type->name,
2,159,rectangle_java2.jpg,rectangle_java2.jpg,32453667491,88,866.7018181818182,285.32954545454544,853.5,295,32,21,int,3,class->block->constructor->parameter_list->parameter->decl->type->name,
2,159,rectangle_java2.jpg,rectangle_java2.jpg,32453795502,124,863.518064516129,291.4167741935484,853.5,295,32,21,int,3,class->block->constructor->parameter_list->parameter->decl->type->name,
2,159,rectangle_java2.jpg,rectangle_java2.jpg,32453999558,160,817.74175,297.7515,737.5,295,91,21,Rectangle,9,class->block->constructor->name,
2,159,rectangle_java2.jpg,rectangle_java2.jpg,32454199675,156,865.9107692307692,301.994358974359,853.5,295,32,21,int,3,class->block->constructor->parameter_list->parameter->decl->type->name,
2,159,rectangle_java2.jpg,rectangle_java2.jpg,32454347577,144,868.6813888888889,310.90166666666664,853.5,295,32,21,int,3,class->block->constructor->parameter_list->parameter->decl->type->name,
2,159,rectangle_java2.jpg,rectangle_java2.jpg,32454543504,192,844.9675,321.3075,826.5,331,23,19,x1,2,class->block->constructor->block->block_content->expr_stmt->expr->name->name,
2,159,rectangle_java2.jpg,rectangle_java2.jpg,32454543504,192,844.9675,321.3075,856.5,331,10,19,;,1,class->block->constructor->block->block_content->expr_stmt,
2,159,rectangle_java2.jpg,rectangle_java2.jpg,32454735508,188,847.5093617021276,326.533829787234,826.5,331,23,19,x1,2,class->block->constructor->block->block_content->expr_stmt->expr->name->name,
2,159,rectangle_java2.jpg,rectangle_java2.jpg,32454735508,188,847.5093617021276,326.533829787234,856.5,331,10,19,;,1,class->block->constructor->block->block_content->expr_stmt,
2,159,rectangle_java2.jpg,rectangle_java2.jpg,32454895378,116,846.8379310344827,348.09379310344826,826.5,331,23,19,x1,2,class->block->constructor->block->block_content->expr_stmt->expr->name->name,
2,159,rectangle_java2.jpg,rectangle_java2.jpg,32454895378,116,846.8379310344827,348.09379310344826,856.5,331,10,19,;,1,class->block->constructor->block->block_content->expr_stmt,
2,159,rectangle_java2.jpg,rectangle_java2.jpg,32455267150,168,817.1323809523809,361.2871428571429,806.5,367,15,21,=,1,class->block->constructor->block->block_content->expr_stmt->expr->operator,
2,159,rectangle_java2.jpg,rectangle_java2.jpg,32455267150,168,817.1323809523809,361.2871428571429,826.5,367,23,21,y1,2,class->block->constructor->block->block_content->expr_stmt->expr->name->name,
2,159,rectangle_java2.jpg,rectangle_java2.jpg,32455450953,180,813.8951111111111,360.2584444444444,806.5,367,15,21,=,1,class->block->constructor->block->block_content->expr_stmt->expr->operator,
2,159,rectangle_java2.jpg,rectangle_java2.jpg,32456735295,68,778.2335294117647,213.23882352941175,715.5,222,90,21,Rectangle,9,class->name,
2,159,rectangle_java2.jpg,rectangle_java2.jpg,32457059185,320,786.548375,219.59825,715.5,222,90,21,Rectangle,9,class->name,
2,159,rectangle_java2.jpg,rectangle_java2.jpg,32458623209,68,938.4111764705882,275.1458823529412,929.5,259,23,21,y2,2,class->block->decl_stmt->decl->name,
2,159,rectangle_java2.jpg,rectangle_java2.jpg,32458939102,312,927.2901282051282,273.3870512820513,929.5,259,23,21,y2,2,class->block->decl_stmt->decl->name,
2,159,rectangle_java2.jpg,rectangle_java2.jpg,32459147122,132,1003.3660606060606,283.3181818181818,1007.5,295,10,21,"""","""",1,class->block->constructor->parameter_list
2,159,rectangle_java2.jpg,rectangle_java2.jpg,32459347127,108,850.4959259259259,433.1133333333333,856.5,440,10,21,;,1,class->block->constructor->block->block_content->expr_stmt,
2,159,rectangle_java2.jpg,rectangle_java2.jpg,32462378930,108,1138.057037037037,505.4462962962963,1132.5,512,10,21,;,1,class->block->function->block,
2,159,rectangle_java2.jpg,rectangle_java2.jpg,32462586747,204,1142.632745098039,506.15647058823527,1152.5,512,10,21,},1,class->block,
2,159,rectangle_java2.jpg,rectangle_java2.jpg,32462906833,68,1133.0747058823529,507.7594117647059,1132.5,512,10,21,;,1,class->block->function->block,
2,159,rectangle_java2.jpg,rectangle_java2.jpg,32463018830,108,1118.4325925925923,505.15222222222224,1054.5,512,71,21,this.x1,7,class->block->function->block->block_content->return->expr->name->name->operator->name,
2,159,rectangle_java2.jpg,rectangle_java2.jpg,32463078823,56,1132.2914285714285,518.4835714285714,1132.5,512,10,21,;,1,class->block->function->block,
2,159,rectangle_java2.jpg,rectangle_java2.jpg,32463154815,72,1119.59,507.52166666666665,1054.5,512,71,21,this.x1,7,class->block->function->block->block_content->return->expr->name->name->operator->name,
2,159,rectangle_java2.jpg,rectangle_java2.jpg,32463318793,88,899.5322727272727,558.8027272727272,900.5,549,63,21,return,6,class->block->function->block->block_content->return,
2,159,rectangle_java2.jpg,rectangle_java2.jpg,32463390796,68,902.6894117647058,546.3694117647059,900.5,549,63,21,return,6,class->block->function->block->block_content->return,
2,159,rectangle_java2.jpg,rectangle_java2.jpg,32463458805,64,886.516875,545.8075,883.5,549,10,21,{,1,class->block->function->block,
2,159,rectangle_java2.jpg,rectangle_java2.jpg,32463522799,60,893.0586666666667,559.0786666666667,883.5,549,10,21,{,1,class->block->function->block,
2,159,rectangle_java2.jpg,rectangle_java2.jpg,32463522799,60,893.0586666666667,559.0786666666667,900.5,549,63,21,return,6,class->block->function->block->block_content->return,
2,159,rectangle_java2.jpg,rectangle_java2.jpg,32463786783,68,960.0258823529412,559.2523529411765,900.5,549,63,21,return,6,class->block->function->block->block_content->return,
2,159,rectangle_java2.jpg,rectangle_java2.jpg,32463786783,68,960.0258823529412,559.2523529411765,968.5,549,70,21,this.y2,7,class->block->function->block->block_content->return->expr->name->name->operator->name,
2,159,rectangle_java2.jpg,rectangle_java2.jpg,32463906768,100,1071.5256,556.7144,1064.5,549,71,21,this.y1,7,class->block->function->block->block_content->return->expr->name->name->operator->name,
2,159,rectangle_java2.jpg,rectangle_java2.jpg,32463998765,88,1069.4031818181818,538.2122727272728,1064.5,549,71,21,this.y1,7,class->block->function->block->block_content->return->expr->name->name->operator->name,
2,159,rectangle_java2.jpg,rectangle_java2.jpg,32464130782,128,1061.198125,522.823125,1054.5,512,71,21,this.x1,7,class->block->function->block->block_content->return->expr->name->name->operator->name,
2,159,rectangle_java2.jpg,rectangle_java2.jpg,32464190792,56,1066.3342857142857,541.7671428571429,1064.5,549,71,21,this.y1,7,class->block->function->block->block_content->return->expr->name->name->operator->name,
2,159,rectangle_java2.jpg,rectangle_java2.jpg,32465090662,68,1022.0782352941176,613.405294117647,1025.5,621,42,21,args,4,class->block->function->parameter_list->parameter->decl->name,
2,159,rectangle_java2.jpg,rectangle_java2.jpg,32465238672,100,1100.4196,617.8084,1094.5,621,10,21,{,1,class->block->function->block,
2,159,rectangle_java2.jpg,rectangle_java2.jpg,32465698653,64,1232.393125,654.11,1231.5,658,10,20,;,1,class->block->function->block->block_content->decl_stmt,
2,159,rectangle_java2.jpg,rectangle_java2.jpg,32466002659,56,931.7757142857142,629.4485714285714,920.5,621,62,21,String,6,class->block->function->parameter_list->parameter->decl->type->name->name,
2,159,rectangle_java2.jpg,rectangle_java2.jpg,32466062660,56,927.7428571428572,621.1128571428571,920.5,621,62,21,String,6,class->block->function->parameter_list->parameter->decl->type->name->name,
2,159,rectangle_java2.jpg,rectangle_java2.jpg,32466170657,84,819.3595238095238,749.9104761904762,730.5,731,91,20,Rectangle,9,class->block->function->block->block_content->decl_stmt->decl->type->name,
2,159,rectangle_java2.jpg,rectangle_java2.jpg,32466170657,84,819.3595238095238,749.9104761904762,826.5,731,51,20,rect2,5,class->block->function->block->block_content->decl_stmt->decl->name,
2,159,rectangle_java2.jpg,rectangle_java2.jpg,32466558484,88,918.6418181818182,768.8331818181819,916.5,766,9,21,(,1,class->block->function->block->block_content->expr_stmt->expr->call->argument_list,
2,159,rectangle_java2.jpg,rectangle_java2.jpg,32466774571,72,958.1811111111112,734.8177777777778,941.5,731,91,20,Rectangle,9,class->block->function->block->block_content->decl_stmt->decl->init->expr->call->name,
2,159,rectangle_java2.jpg,rectangle_java2.jpg,32478073751,56,815.4864285714286,392.7921428571429,806.5,404,15,19,=,1,class->block->constructor->block->block_content->expr_stmt->expr->operator,
2,159,rectangle_java2.jpg,rectangle_java2.jpg,32478073751,56,815.4864285714286,392.7921428571429,826.5,404,23,19,x2,2,class->block->constructor->block->block_content->expr_stmt->expr->name->name,
2,159,rectangle_java2.jpg,rectangle_java2.jpg,32478465211,72,858.8111111111111,295.2338888888889,853.5,295,32,21,int,3,class->block->constructor->parameter_list->parameter->decl->type->name,
2,159,rectangle_java2.jpg,rectangle_java2.jpg,32478541422,72,863.1716666666666,311.44166666666666,853.5,295,32,21,int,3,class->block->constructor->parameter_list->parameter->decl->type->name,
2,159,rectangle_java2.jpg,rectangle_java2.jpg,32478729935,132,915.7430303030304,293.37242424242424,921.5,295,9,21,"""","""",1,class->block->constructor->parameter_list
2,159,rectangle_java2.jpg,rectangle_java2.jpg,32479865580,60,731.1899999999999,504.616,669.5,512,63,21,public,6,class->block->function->type->specifier,
2,159,rectangle_java2.jpg,rectangle_java2.jpg,32479865580,60,731.1899999999999,504.616,737.5,512,33,21,int,3,class->block->function->type->name,
2,159,rectangle_java2.jpg,rectangle_java2.jpg,32479969608,100,731.2936,509.3716,669.5,512,63,21,public,6,class->block->function->type->specifier,
2,159,rectangle_java2.jpg,rectangle_java2.jpg,32479969608,100,731.2936,509.3716,737.5,512,33,21,int,3,class->block->function->type->name,
