trial,participant,code_file,code_language,timestamp,duration,x_cord,y_cord,aoi_x,aoi_y,aoi_width,aoi_height,token,length,srcML,
2,172,rectangle_java2.jpg,rectangle_java2.jpg,2265893453,168,866.4457142857143,420.2149999999999,856.5,404,10,19,;,1,class->block->constructor->block->block_content->expr_stmt,
2,172,rectangle_java2.jpg,rectangle_java2.jpg,2266101264,124,778.2848387096774,396.1093548387097,730.5,404,71,19,this.x2,7,class->block->constructor->block->block_content->expr_stmt->expr->name->name->operator->name,
2,172,rectangle_java2.jpg,rectangle_java2.jpg,2268585165,180,713.8897777777778,224.99111111111108,715.5,222,90,21,Rectangle,9,class->name,
2,172,rectangle_java2.jpg,rectangle_java2.jpg,2268817178,196,765.2867346938775,234.9651020408163,715.5,222,90,21,Rectangle,9,class->name,
2,172,rectangle_java2.jpg,rectangle_java2.jpg,2269948912,176,780.7206818181818,279.10795454545456,785.5,259,23,21,x1,2,class->block->decl_stmt->decl->name,
2,172,rectangle_java2.jpg,rectangle_java2.jpg,2270080648,128,749.195625,275.6565625,747.5,259,33,21,int,3,class->block->decl_stmt->decl->type->name,
2,172,rectangle_java2.jpg,rectangle_java2.jpg,2270196939,112,749.83,282.98535714285714,737.5,295,91,21,Rectangle,9,class->block->constructor->name,
2,172,rectangle_java2.jpg,rectangle_java2.jpg,2270317072,92,805.8386956521739,265.8917391304348,785.5,259,23,21,x1,2,class->block->decl_stmt->decl->name,
2,172,rectangle_java2.jpg,rectangle_java2.jpg,2270317072,92,805.8386956521739,265.8917391304348,815.5,259,10,21,"""","""",1,class->block->decl_stmt
2,172,rectangle_java2.jpg,rectangle_java2.jpg,2270560924,56,897.6385714285715,270.575,881.5,259,23,21,x2,2,class->block->decl_stmt->decl->name,
2,172,rectangle_java2.jpg,rectangle_java2.jpg,2270801006,236,904.0457627118644,273.14881355932204,881.5,259,23,21,x2,2,class->block->decl_stmt->decl->name,
2,172,rectangle_java2.jpg,rectangle_java2.jpg,2270801006,236,904.0457627118644,273.14881355932204,911.5,259,10,21,"""","""",1,class->block->decl_stmt
2,172,rectangle_java2.jpg,rectangle_java2.jpg,2271196990,212,981.53,285.95490566037734,977.5,295,23,21,y1,2,class->block->constructor->parameter_list->parameter->decl->type->name,
2,172,rectangle_java2.jpg,rectangle_java2.jpg,2271373009,112,834.7842857142857,298.49071428571426,837.5,295,9,21,(,1,class->block->constructor->parameter_list,
2,172,rectangle_java2.jpg,rectangle_java2.jpg,2271453046,76,834.0736842105263,305.7505263157895,837.5,295,9,21,(,1,class->block->constructor->parameter_list,
2,172,rectangle_java2.jpg,rectangle_java2.jpg,2271588996,100,821.4764,315.4536,737.5,295,91,21,Rectangle,9,class->block->constructor->name,
2,172,rectangle_java2.jpg,rectangle_java2.jpg,2271736951,144,816.2177777777778,315.87555555555554,737.5,295,91,21,Rectangle,9,class->block->constructor->name,
2,172,rectangle_java2.jpg,rectangle_java2.jpg,2272220871,60,816.922,343.10266666666666,806.5,331,15,19,=,1,class->block->constructor->block->block_content->expr_stmt->expr->operator,
2,172,rectangle_java2.jpg,rectangle_java2.jpg,2272220871,60,816.922,343.10266666666666,826.5,331,23,19,x1,2,class->block->constructor->block->block_content->expr_stmt->expr->name->name,
2,172,rectangle_java2.jpg,rectangle_java2.jpg,2272328881,104,817.7876923076923,357.8980769230769,806.5,367,15,21,=,1,class->block->constructor->block->block_content->expr_stmt->expr->operator,
2,172,rectangle_java2.jpg,rectangle_java2.jpg,2272328881,104,817.7876923076923,357.8980769230769,826.5,367,23,21,y1,2,class->block->constructor->block->block_content->expr_stmt->expr->name->name,
2,172,rectangle_java2.jpg,rectangle_java2.jpg,2272408906,76,817.4163157894737,348.4563157894737,806.5,331,15,19,=,1,class->block->constructor->block->block_content->expr_stmt->expr->operator,
2,172,rectangle_java2.jpg,rectangle_java2.jpg,2272408906,76,817.4163157894737,348.4563157894737,826.5,331,23,19,x1,2,class->block->constructor->block->block_content->expr_stmt->expr->name->name,
2,172,rectangle_java2.jpg,rectangle_java2.jpg,2273200888,236,829.413220338983,398.4808474576272,826.5,404,23,19,x2,2,class->block->constructor->block->block_content->expr_stmt->expr->name->name,
2,172,rectangle_java2.jpg,rectangle_java2.jpg,2273468909,264,846.504696969697,399.25757575757575,826.5,404,23,19,x2,2,class->block->constructor->block->block_content->expr_stmt->expr->name->name,
2,172,rectangle_java2.jpg,rectangle_java2.jpg,2273468909,264,846.504696969697,399.25757575757575,856.5,404,10,19,;,1,class->block->constructor->block->block_content->expr_stmt,
2,172,rectangle_java2.jpg,rectangle_java2.jpg,2273776786,276,832.5649275362318,431.11231884057975,826.5,440,23,21,y2,2,class->block->constructor->block->block_content->expr_stmt->expr->name->name,
2,172,rectangle_java2.jpg,rectangle_java2.jpg,2274424789,76,851.0147368421053,413.5784210526316,856.5,404,10,19,;,1,class->block->constructor->block->block_content->expr_stmt,
2,172,rectangle_java2.jpg,rectangle_java2.jpg,2274972742,108,797.0725925925926,507.7459259259259,775.5,512,53,21,width,5,class->block->function->name,
2,172,rectangle_java2.jpg,rectangle_java2.jpg,2275200705,188,761.8406382978724,516.5289361702128,737.5,512,33,21,int,3,class->block->function->type->name,
2,172,rectangle_java2.jpg,rectangle_java2.jpg,2275360743,132,826.1627272727272,514.6148484848485,775.5,512,53,21,width,5,class->block->function->name,
2,172,rectangle_java2.jpg,rectangle_java2.jpg,2275360743,132,826.1627272727272,514.6148484848485,837.5,512,9,21,(,1,class->block->function->parameter_list,
2,172,rectangle_java2.jpg,rectangle_java2.jpg,2275548728,184,829.9278260869565,516.6913043478261,837.5,512,9,21,(,1,class->block->function->parameter_list,
2,172,rectangle_java2.jpg,rectangle_java2.jpg,2275608674,56,834.315,511.13428571428574,837.5,512,9,21,(,1,class->block->function->parameter_list,
2,172,rectangle_java2.jpg,rectangle_java2.jpg,2275684594,72,867.2005555555555,517.2766666666666,874.5,512,10,21,{,1,class->block->function->block,
2,172,rectangle_java2.jpg,rectangle_java2.jpg,2275796534,108,875.074074074074,516.9044444444445,874.5,512,10,21,{,1,class->block->function->block,
2,172,rectangle_java2.jpg,rectangle_java2.jpg,2275948636,128,974.9996875,515.4225,958.5,512,71,21,this.x2,7,class->block->function->block->block_content->return->expr->name->name->operator->name->operator,
2,172,rectangle_java2.jpg,rectangle_java2.jpg,2276036685,84,976.1728571428572,522.4609523809523,958.5,512,71,21,this.x2,7,class->block->function->block->block_content->return->expr->name->name->operator->name->operator,
2,172,rectangle_java2.jpg,rectangle_java2.jpg,2276268618,104,819.0442307692308,540.1823076923077,775.5,549,62,21,height,6,class->block->function->name,
2,172,rectangle_java2.jpg,rectangle_java2.jpg,2276508648,208,877.6826923076923,545.7486538461538,883.5,549,10,21,{,1,class->block->function->block,
2,172,rectangle_java2.jpg,rectangle_java2.jpg,2276652768,116,925.3872413793104,543.7113793103448,900.5,549,63,21,return,6,class->block->function->block->block_content->return,
2,172,rectangle_java2.jpg,rectangle_java2.jpg,2276812768,136,989.7126470588236,545.2144117647059,968.5,549,70,21,this.y2,7,class->block->function->block->block_content->return->expr->name->name->operator->name,
2,172,rectangle_java2.jpg,rectangle_java2.jpg,2277160610,312,1037.8533333333332,554.4406410256411,968.5,549,70,21,this.y2,7,class->block->function->block->block_content->return->expr->name->name->operator->name,
2,172,rectangle_java2.jpg,rectangle_java2.jpg,2277160610,312,1037.8533333333332,554.4406410256411,1045.5,549,13,21,-,1,class->block->function->block->block_content->return->expr->operator,
2,172,rectangle_java2.jpg,rectangle_java2.jpg,2277348665,168,1142.737380952381,558.9711904761905,1142.5,549,10,21,;,1,class->block->function->block->block_content->return,
2,172,rectangle_java2.jpg,rectangle_java2.jpg,2277812560,460,1125.1648695652175,563.156,1064.5,549,71,21,this.y1,7,class->block->function->block->block_content->return->expr->name->name->operator->name,
2,172,rectangle_java2.jpg,rectangle_java2.jpg,2277876536,60,1101.9773333333333,560.7026666666667,1064.5,549,71,21,this.y1,7,class->block->function->block->block_content->return->expr->name->name->operator->name,
2,172,rectangle_java2.jpg,rectangle_java2.jpg,2277984566,104,1110.6515384615384,569.6453846153846,1064.5,549,71,21,this.y1,7,class->block->function->block->block_content->return->expr->name->name->operator->name,
2,172,rectangle_java2.jpg,rectangle_java2.jpg,2278048572,60,1113.0706666666667,560.38,1064.5,549,71,21,this.y1,7,class->block->function->block->block_content->return->expr->name->name->operator->name,
2,172,rectangle_java2.jpg,rectangle_java2.jpg,2278348478,184,1182.1732608695652,580.8252173913044,1140.5,585,110,21,this.height,11,class->block->function->block->block_content->return->expr->call->name->name->operator->name,
2,172,rectangle_java2.jpg,rectangle_java2.jpg,2278596450,228,877.0080701754385,586.1356140350878,873.5,585,9,21,),1,class->block->function->parameter_list,
2,172,rectangle_java2.jpg,rectangle_java2.jpg,2278760495,96,930.1104166666668,595.9229166666667,910.5,585,62,21,return,6,class->block->function->block->block_content->return,
2,172,rectangle_java2.jpg,rectangle_java2.jpg,2278844539,80,933.175,600.3435,910.5,585,62,21,return,6,class->block->function->block->block_content->return,
2,172,rectangle_java2.jpg,rectangle_java2.jpg,2278924543,56,998.0535714285714,600.135,977.5,585,101,21,this.width,10,class->block->function->block->block_content->return->expr->call->name->name->operator->name,
2,172,rectangle_java2.jpg,rectangle_java2.jpg,2279108526,140,1065.024,591.0765714285715,977.5,585,101,21,this.width,10,class->block->function->block->block_content->return->expr->call->name->name->operator->name,
2,172,rectangle_java2.jpg,rectangle_java2.jpg,2279252514,140,1048.5422857142858,595.0682857142857,977.5,585,101,21,this.width,10,class->block->function->block->block_content->return->expr->call->name->name->operator->name,
2,172,rectangle_java2.jpg,rectangle_java2.jpg,2279336483,80,1052.8825,591.3985,977.5,585,101,21,this.width,10,class->block->function->block->block_content->return->expr->call->name->name->operator->name,
2,172,rectangle_java2.jpg,rectangle_java2.jpg,2279460423,100,1102.5964,598.0384,1103.5,585,9,21,),1,class->block->function->block->block_content->return->expr->call->argument_list,
2,172,rectangle_java2.jpg,rectangle_java2.jpg,2279636163,128,830.955,618.2625,804.5,621,44,21,void,4,class->block->function->type->name,
2,172,rectangle_java2.jpg,rectangle_java2.jpg,2279808371,168,817.3947619047619,618.8445238095238,804.5,621,44,21,void,4,class->block->function->type->name,
2,172,rectangle_java2.jpg,rectangle_java2.jpg,2280016393,180,862.1071111111111,646.0151111111111,826.5,658,52,20,rect1,5,class->block->function->block->block_content->decl_stmt->decl->name,
2,172,rectangle_java2.jpg,rectangle_java2.jpg,2280096369,68,941.915294117647,645.6547058823529,941.5,658,91,20,Rectangle,9,class->block->function->block->block_content->decl_stmt->decl->init->expr->call->name,
2,172,rectangle_java2.jpg,rectangle_java2.jpg,2280164363,64,947.77875,646.169375,941.5,658,91,20,Rectangle,9,class->block->function->block->block_content->decl_stmt->decl->init->expr->call->name,
2,172,rectangle_java2.jpg,rectangle_java2.jpg,2280284357,116,945.9389655172414,645.8286206896552,941.5,658,91,20,Rectangle,9,class->block->function->block->block_content->decl_stmt->decl->init->expr->call->name,
2,172,rectangle_java2.jpg,rectangle_java2.jpg,2280424358,92,1109.531304347826,657.704347826087,1115.5,658,10,20,"""","""",1,class->block->function->block->block_content->decl_stmt->decl->init->expr->call->argument_list
2,172,rectangle_java2.jpg,rectangle_java2.jpg,2280524363,64,1079.835,665.2524999999999,1077.5,658,9,20,"""","""",1,class->block->function->block->block_content->decl_stmt->decl->init->expr->call->argument_list
2,172,rectangle_java2.jpg,rectangle_java2.jpg,2280700383,72,1222.9766666666667,666.6127777777778,1231.5,658,10,20,;,1,class->block->function->block->block_content->decl_stmt,
2,172,rectangle_java2.jpg,rectangle_java2.jpg,2280768396,64,1230.67125,674.6899999999999,1231.5,658,10,20,;,1,class->block->function->block->block_content->decl_stmt,
2,172,rectangle_java2.jpg,rectangle_java2.jpg,2280952395,140,829.8994285714285,677.4065714285714,826.5,658,52,20,rect1,5,class->block->function->block->block_content->decl_stmt->decl->name,
2,172,rectangle_java2.jpg,rectangle_java2.jpg,2281120361,140,804.8125714285715,708.0645714285714,730.5,694,177,21,System.out.println,18,class->block->function->block->block_content->expr_stmt->expr->call->name->name->operator->name->operator->name,
2,172,rectangle_java2.jpg,rectangle_java2.jpg,2281244344,120,812.3183333333334,712.3003333333334,730.5,694,177,21,System.out.println,18,class->block->function->block->block_content->expr_stmt->expr->call->name->name->operator->name->operator->name,
2,172,rectangle_java2.jpg,rectangle_java2.jpg,2281400378,152,802.1210526315789,712.9142105263157,730.5,694,177,21,System.out.println,18,class->block->function->block->block_content->expr_stmt->expr->call->name->name->operator->name->operator->name,
2,172,rectangle_java2.jpg,rectangle_java2.jpg,2281660255,72,865.0416666666666,726.1566666666666,826.5,731,51,20,rect2,5,class->block->function->block->block_content->decl_stmt->decl->name,
2,172,rectangle_java2.jpg,rectangle_java2.jpg,2281724249,60,939.2706666666668,724.9506666666666,941.5,731,91,20,Rectangle,9,class->block->function->block->block_content->decl_stmt->decl->init->expr->call->name,
2,172,rectangle_java2.jpg,rectangle_java2.jpg,2284544132,84,824.8290476190476,275.2961904761905,815.5,259,10,21,"""","""",1,class->block->decl_stmt
2,172,rectangle_java2.jpg,rectangle_java2.jpg,2284544132,84,824.8290476190476,275.2961904761905,833.5,259,23,21,y1,2,class->block->decl_stmt->decl->name,
2,172,rectangle_java2.jpg,rectangle_java2.jpg,2284672084,124,824.981935483871,290.2977419354839,737.5,295,91,21,Rectangle,9,class->block->constructor->name,
2,172,rectangle_java2.jpg,rectangle_java2.jpg,2286987917,276,738.2471014492753,219.21695652173912,715.5,222,90,21,Rectangle,9,class->name,
2,172,rectangle_java2.jpg,rectangle_java2.jpg,2287715934,60,824.8573333333334,354.7966666666667,826.5,367,23,21,y1,2,class->block->constructor->block->block_content->expr_stmt->expr->name->name,
2,172,rectangle_java2.jpg,rectangle_java2.jpg,2289085308,244,808.2891803278688,336.8809836065574,806.5,331,15,19,=,1,class->block->constructor->block->block_content->expr_stmt->expr->operator,
2,172,rectangle_java2.jpg,rectangle_java2.jpg,2289266335,148,822.3751351351351,301.72297297297297,737.5,295,91,21,Rectangle,9,class->block->constructor->name,
2,172,rectangle_java2.jpg,rectangle_java2.jpg,2289394334,124,817.7351612903226,313.12451612903226,737.5,295,91,21,Rectangle,9,class->block->constructor->name,
2,172,rectangle_java2.jpg,rectangle_java2.jpg,2289486344,88,824.0436363636363,302.87772727272727,737.5,295,91,21,Rectangle,9,class->block->constructor->name,
2,172,rectangle_java2.jpg,rectangle_java2.jpg,2290006331,176,837.0725,348.3470454545454,826.5,331,23,19,x1,2,class->block->constructor->block->block_content->expr_stmt->expr->name->name,
2,172,rectangle_java2.jpg,rectangle_java2.jpg,2290246443,236,832.826779661017,347.74033898305083,826.5,331,23,19,x1,2,class->block->constructor->block->block_content->expr_stmt->expr->name->name,
2,172,rectangle_java2.jpg,rectangle_java2.jpg,2290354316,104,834.5542307692308,358.6146153846154,826.5,367,23,21,y1,2,class->block->constructor->block->block_content->expr_stmt->expr->name->name,
2,172,rectangle_java2.jpg,rectangle_java2.jpg,2290518231,112,824.1839285714286,282.59464285714284,737.5,295,91,21,Rectangle,9,class->block->constructor->name,
2,172,rectangle_java2.jpg,rectangle_java2.jpg,2290990216,72,806.005,253.36888888888888,785.5,259,23,21,x1,2,class->block->decl_stmt->decl->name,
2,172,rectangle_java2.jpg,rectangle_java2.jpg,2290990216,72,806.005,253.36888888888888,815.5,259,10,21,"""","""",1,class->block->decl_stmt
2,172,rectangle_java2.jpg,rectangle_java2.jpg,2293290020,144,763.9336111111111,236.4088888888889,715.5,222,90,21,Rectangle,9,class->name,
2,172,rectangle_java2.jpg,rectangle_java2.jpg,2293422023,128,765.9456250000001,234.509375,715.5,222,90,21,Rectangle,9,class->name,
2,172,rectangle_java2.jpg,rectangle_java2.jpg,2293498024,72,737.815,227.96277777777777,715.5,222,90,21,Rectangle,9,class->name,
2,172,rectangle_java2.jpg,rectangle_java2.jpg,2293810061,308,734.9732467532467,222.1123376623377,715.5,222,90,21,Rectangle,9,class->name,
2,172,rectangle_java2.jpg,rectangle_java2.jpg,2293962079,84,805.1014285714285,239.6052380952381,715.5,222,90,21,Rectangle,9,class->name,
2,172,rectangle_java2.jpg,rectangle_java2.jpg,2293962079,84,805.1014285714285,239.6052380952381,813.5,222,10,21,{,1,class->block,
2,172,rectangle_java2.jpg,rectangle_java2.jpg,2294593923,80,774.0165,271.179,747.5,259,33,21,int,3,class->block->decl_stmt->decl->type->name,
2,172,rectangle_java2.jpg,rectangle_java2.jpg,2294593923,80,774.0165,271.179,785.5,259,23,21,x1,2,class->block->decl_stmt->decl->name,
2,172,rectangle_java2.jpg,rectangle_java2.jpg,2294789922,152,739.9884210526316,277.1326315789474,669.5,259,72,21,private,7,class->block->decl_stmt->decl->type->specifier,
2,172,rectangle_java2.jpg,rectangle_java2.jpg,2294789922,152,739.9884210526316,277.1326315789474,747.5,259,33,21,int,3,class->block->decl_stmt->decl->type->name,
2,172,rectangle_java2.jpg,rectangle_java2.jpg,2294921934,88,886.1431818181818,271.02,881.5,259,23,21,x2,2,class->block->decl_stmt->decl->name,
2,172,rectangle_java2.jpg,rectangle_java2.jpg,2295001936,76,887.8100000000001,270.5573684210526,881.5,259,23,21,x2,2,class->block->decl_stmt->decl->name,
2,172,rectangle_java2.jpg,rectangle_java2.jpg,2295093927,88,887.59,279.4663636363636,881.5,259,23,21,x2,2,class->block->decl_stmt->decl->name,
2,172,rectangle_java2.jpg,rectangle_java2.jpg,2295225914,84,929.9661904761904,292.0490476190476,921.5,295,9,21,"""","""",1,class->block->constructor->parameter_list
2,172,rectangle_java2.jpg,rectangle_java2.jpg,2295225914,84,929.9661904761904,292.0490476190476,939.5,295,33,21,int,3,class->block->constructor->parameter_list->parameter->decl->type->name,
2,172,rectangle_java2.jpg,rectangle_java2.jpg,2295333942,104,937.0703846153846,283.30538461538464,939.5,295,33,21,int,3,class->block->constructor->parameter_list->parameter->decl->type->name,
2,172,rectangle_java2.jpg,rectangle_java2.jpg,2295633883,224,982.0583928571428,287.2735714285714,977.5,295,23,21,y1,2,class->block->constructor->parameter_list->parameter->decl->type->name,
2,172,rectangle_java2.jpg,rectangle_java2.jpg,2295821921,168,761.1571428571428,274.72285714285715,747.5,259,33,21,int,3,class->block->decl_stmt->decl->type->name,
2,172,rectangle_java2.jpg,rectangle_java2.jpg,2295993933,144,801.0191666666667,287.8663888888889,737.5,295,91,21,Rectangle,9,class->block->constructor->name,
2,172,rectangle_java2.jpg,rectangle_java2.jpg,2296117771,120,795.322,278.799,785.5,259,23,21,x1,2,class->block->decl_stmt->decl->name,
2,172,rectangle_java2.jpg,rectangle_java2.jpg,2296177682,56,795.3771428571429,271.26714285714286,785.5,259,23,21,x1,2,class->block->decl_stmt->decl->name,
2,172,rectangle_java2.jpg,rectangle_java2.jpg,2296313736,132,803.3642424242424,283.28818181818184,737.5,295,91,21,Rectangle,9,class->block->constructor->name,
2,172,rectangle_java2.jpg,rectangle_java2.jpg,2296505827,188,801.2268085106383,278.1872340425532,785.5,259,23,21,x1,2,class->block->decl_stmt->decl->name,
2,172,rectangle_java2.jpg,rectangle_java2.jpg,2296593805,84,800.9357142857143,295.5438095238095,737.5,295,91,21,Rectangle,9,class->block->constructor->name,
2,172,rectangle_java2.jpg,rectangle_java2.jpg,2296709768,112,804.13,319.48571428571427,806.5,331,15,19,=,1,class->block->constructor->block->block_content->expr_stmt->expr->operator,
2,172,rectangle_java2.jpg,rectangle_java2.jpg,2296965728,172,842.5774418604651,307.1781395348837,837.5,295,9,21,(,1,class->block->constructor->parameter_list,
2,172,rectangle_java2.jpg,rectangle_java2.jpg,2296965728,172,842.5774418604651,307.1781395348837,853.5,295,32,21,int,3,class->block->constructor->parameter_list->parameter->decl->type->name,
2,172,rectangle_java2.jpg,rectangle_java2.jpg,2297645827,200,920.5892,298.643,921.5,295,9,21,"""","""",1,class->block->constructor->parameter_list
2,172,rectangle_java2.jpg,rectangle_java2.jpg,2298073640,400,821.2321,313.3603,737.5,295,91,21,Rectangle,9,class->block->constructor->name,
2,172,rectangle_java2.jpg,rectangle_java2.jpg,2298209645,132,819.6454545454545,327.59606060606063,806.5,331,15,19,=,1,class->block->constructor->block->block_content->expr_stmt->expr->operator,
2,172,rectangle_java2.jpg,rectangle_java2.jpg,2298209645,132,819.6454545454545,327.59606060606063,826.5,331,23,19,x1,2,class->block->constructor->block->block_content->expr_stmt->expr->name->name,
2,172,rectangle_java2.jpg,rectangle_java2.jpg,2298365682,116,841.8575862068966,385.4931034482759,826.5,367,23,21,y1,2,class->block->constructor->block->block_content->expr_stmt->expr->name->name,
2,172,rectangle_java2.jpg,rectangle_java2.jpg,2299953461,140,983.9077142857144,504.59542857142856,958.5,512,71,21,this.x2,7,class->block->function->block->block_content->return->expr->name->name->operator->name->operator,
2,172,rectangle_java2.jpg,rectangle_java2.jpg,2300057266,88,837.5109090909091,519.3940909090909,837.5,512,9,21,(,1,class->block->function->parameter_list,
2,172,rectangle_java2.jpg,rectangle_java2.jpg,2300193447,132,834.5042424242424,525.0290909090909,837.5,512,9,21,(,1,class->block->function->parameter_list,
2,172,rectangle_java2.jpg,rectangle_java2.jpg,2300649702,240,934.842,542.0066666666667,900.5,549,63,21,return,6,class->block->function->block->block_content->return,
2,172,rectangle_java2.jpg,rectangle_java2.jpg,2300825618,164,1039.9139024390245,548.2085365853659,1045.5,549,13,21,-,1,class->block->function->block->block_content->return->expr->operator,
2,172,rectangle_java2.jpg,rectangle_java2.jpg,2300937613,108,1037.425925925926,546.0240740740741,968.5,549,70,21,this.y2,7,class->block->function->block->block_content->return->expr->name->name->operator->name,
2,172,rectangle_java2.jpg,rectangle_java2.jpg,2300937613,108,1037.425925925926,546.0240740740741,1045.5,549,13,21,-,1,class->block->function->block->block_content->return->expr->operator,
2,172,rectangle_java2.jpg,rectangle_java2.jpg,2301101603,160,1043.3505,546.61325,1045.5,549,13,21,-,1,class->block->function->block->block_content->return->expr->operator,
2,172,rectangle_java2.jpg,rectangle_java2.jpg,2301173567,68,1040.9982352941176,547.0711764705883,1045.5,549,13,21,-,1,class->block->function->block->block_content->return->expr->operator,
2,172,rectangle_java2.jpg,rectangle_java2.jpg,2301313518,116,1129.1213793103448,554.2675862068966,1064.5,549,71,21,this.y1,7,class->block->function->block->block_content->return->expr->name->name->operator->name,
2,172,rectangle_java2.jpg,rectangle_java2.jpg,2301517477,200,1129.2312,554.365,1064.5,549,71,21,this.y1,7,class->block->function->block->block_content->return->expr->name->name->operator->name,
2,172,rectangle_java2.jpg,rectangle_java2.jpg,2301765525,244,1113.152786885246,556.2306557377049,1064.5,549,71,21,this.y1,7,class->block->function->block->block_content->return->expr->name->name->operator->name,
2,172,rectangle_java2.jpg,rectangle_java2.jpg,2301829533,60,1106.9766666666667,544.2379999999999,1064.5,549,71,21,this.y1,7,class->block->function->block->block_content->return->expr->name->name->operator->name,
2,172,rectangle_java2.jpg,rectangle_java2.jpg,2301925490,92,1090.9317391304348,539.5313043478261,1064.5,549,71,21,this.y1,7,class->block->function->block->block_content->return->expr->name->name->operator->name,
2,172,rectangle_java2.jpg,rectangle_java2.jpg,2302129398,164,996.6341463414634,542.5280487804878,968.5,549,70,21,this.y2,7,class->block->function->block->block_content->return->expr->name->name->operator->name,
2,172,rectangle_java2.jpg,rectangle_java2.jpg,2302317404,160,909.273,530.71375,891.5,512,62,21,return,6,class->block->function->block->block_content->return->expr->name->name,
2,172,rectangle_java2.jpg,rectangle_java2.jpg,2302545422,148,872.7983783783784,585.0481081081081,873.5,585,9,21,),1,class->block->function->parameter_list,
2,172,rectangle_java2.jpg,rectangle_java2.jpg,2302729448,152,914.8926315789472,598.8876315789473,910.5,585,62,21,return,6,class->block->function->block->block_content->return,
2,172,rectangle_java2.jpg,rectangle_java2.jpg,2302965447,232,948.626896551724,596.0612068965518,910.5,585,62,21,return,6,class->block->function->block->block_content->return,
2,172,rectangle_java2.jpg,rectangle_java2.jpg,2303217399,164,891.7343902439025,641.0363414634146,851.5,621,44,21,main,4,class->block->function->name,
2,172,rectangle_java2.jpg,rectangle_java2.jpg,2303309372,88,894.9418181818182,632.1009090909091,851.5,621,44,21,main,4,class->block->function->name,
2,172,rectangle_java2.jpg,rectangle_java2.jpg,2303309372,88,894.9418181818182,632.1009090909091,904.5,621,9,21,(,1,class->block->function->parameter_list,
2,172,rectangle_java2.jpg,rectangle_java2.jpg,2303541360,196,817.0604081632653,610.2995918367347,804.5,621,44,21,void,4,class->block->function->type->name,
2,172,rectangle_java2.jpg,rectangle_java2.jpg,2303673381,100,915.224,635.6,920.5,621,62,21,String,6,class->block->function->parameter_list->parameter->decl->type->name->name,
2,172,rectangle_java2.jpg,rectangle_java2.jpg,2303801252,124,918.8416129032258,647.441935483871,902.5,658,34,20,new,3,class->block->function->block->block_content->decl_stmt->decl->init->expr->operator,
2,172,rectangle_java2.jpg,rectangle_java2.jpg,2303993178,88,928.6127272727272,547.3227272727273,900.5,549,63,21,return,6,class->block->function->block->block_content->return,
2,172,rectangle_java2.jpg,rectangle_java2.jpg,2304141243,124,894.0667741935484,520.298064516129,891.5,512,62,21,return,6,class->block->function->block->block_content->return->expr->name->name,
2,172,rectangle_java2.jpg,rectangle_java2.jpg,2304485266,316,835.0158227848101,522.0110126582279,837.5,512,9,21,(,1,class->block->function->parameter_list,
2,172,rectangle_java2.jpg,rectangle_java2.jpg,2304773210,252,954.655873015873,525.4452380952381,958.5,512,71,21,this.x2,7,class->block->function->block->block_content->return->expr->name->name->operator->name->operator,
2,172,rectangle_java2.jpg,rectangle_java2.jpg,2304881227,104,956.6273076923076,525.1719230769231,958.5,512,71,21,this.x2,7,class->block->function->block->block_content->return->expr->name->name->operator->name->operator,
2,172,rectangle_java2.jpg,rectangle_java2.jpg,2305177247,112,950.6107142857144,528.2871428571428,891.5,512,62,21,return,6,class->block->function->block->block_content->return->expr->name->name,
2,172,rectangle_java2.jpg,rectangle_java2.jpg,2305177247,112,950.6107142857144,528.2871428571428,958.5,512,71,21,this.x2,7,class->block->function->block->block_content->return->expr->name->name->operator->name->operator,
2,172,rectangle_java2.jpg,rectangle_java2.jpg,2305257243,76,957.89,514.3252631578947,958.5,512,71,21,this.x2,7,class->block->function->block->block_content->return->expr->name->name->operator->name->operator,
2,172,rectangle_java2.jpg,rectangle_java2.jpg,2305577390,244,821.7839344262295,711.0390163934426,730.5,694,177,21,System.out.println,18,class->block->function->block->block_content->expr_stmt->expr->call->name->name->operator->name->operator->name,
2,172,rectangle_java2.jpg,rectangle_java2.jpg,2305757248,140,777.338,785.8262857142857,730.5,766,177,21,System.out.println,18,class->block->function->block->block_content->expr_stmt->expr->call->name->name->operator->name->operator->name,
2,172,rectangle_java2.jpg,rectangle_java2.jpg,2306353088,68,917.9511764705884,500.4382352941177,891.5,512,62,21,return,6,class->block->function->block->block_content->return->expr->name->name,
2,172,rectangle_java2.jpg,rectangle_java2.jpg,2306433096,76,910.927894736842,506.9810526315789,891.5,512,62,21,return,6,class->block->function->block->block_content->return->expr->name->name,
