trial,participant,code_file,code_language,timestamp,duration,x_cord,y_cord,aoi_x,aoi_y,aoi_width,aoi_height,token,length,srcML,
2,171,rectangle_java2.jpg,rectangle_java2.jpg,133545273,256,738.706875,363.244375,730.5,367,71,21,this.y1,7,class->block->constructor->block->block_content->expr_stmt->expr->name->name->operator->name,
2,171,rectangle_java2.jpg,rectangle_java2.jpg,133681210,108,833.1281481481482,354.5874074074074,826.5,367,23,21,y1,2,class->block->constructor->block->block_content->expr_stmt->expr->name->name,
2,171,rectangle_java2.jpg,rectangle_java2.jpg,136852838,164,775.9353658536586,232.45195121951224,715.5,222,90,21,Rectangle,9,class->name,
2,171,rectangle_java2.jpg,rectangle_java2.jpg,137000909,144,777.5347222222222,239.58833333333337,715.5,222,90,21,Rectangle,9,class->name,
2,171,rectangle_java2.jpg,rectangle_java2.jpg,137624757,100,907.95,255.0396,911.5,259,10,21,"""","""",1,class->block->decl_stmt
2,171,rectangle_java2.jpg,rectangle_java2.jpg,137868926,212,901.587358490566,309.45509433962263,890.5,295,24,21,x1,2,class->block->constructor->parameter_list->parameter->decl->type->name,
2,171,rectangle_java2.jpg,rectangle_java2.jpg,138424806,164,754.8319512195122,301.4914634146341,737.5,295,91,21,Rectangle,9,class->block->constructor->name,
2,171,rectangle_java2.jpg,rectangle_java2.jpg,138508806,80,753.2335,303.048,737.5,295,91,21,Rectangle,9,class->block->constructor->name,
2,171,rectangle_java2.jpg,rectangle_java2.jpg,139056859,508,806.7703937007874,314.21094488188976,737.5,295,91,21,Rectangle,9,class->block->constructor->name,
2,171,rectangle_java2.jpg,rectangle_java2.jpg,139172866,96,902.5845833333332,300.8616666666667,890.5,295,24,21,x1,2,class->block->constructor->parameter_list->parameter->decl->type->name,
2,171,rectangle_java2.jpg,rectangle_java2.jpg,139348855,172,907.923953488372,303.29511627906976,890.5,295,24,21,x1,2,class->block->constructor->parameter_list->parameter->decl->type->name,
2,171,rectangle_java2.jpg,rectangle_java2.jpg,139660729,228,982.72,313.9787719298246,977.5,295,23,21,y1,2,class->block->constructor->parameter_list->parameter->decl->type->name,
2,171,rectangle_java2.jpg,rectangle_java2.jpg,139924748,124,1012.1258064516128,311.83096774193547,1007.5,295,10,21,"""","""",1,class->block->constructor->parameter_list
2,171,rectangle_java2.jpg,rectangle_java2.jpg,140088715,160,1016.61425,309.77375,1007.5,295,10,21,"""","""",1,class->block->constructor->parameter_list
2,171,rectangle_java2.jpg,rectangle_java2.jpg,140088715,160,1016.61425,309.77375,1025.5,295,33,21,int,3,class->block->constructor->parameter_list->parameter->decl->type->name,
2,171,rectangle_java2.jpg,rectangle_java2.jpg,140172705,80,1021.583,301.5785,1025.5,295,33,21,int,3,class->block->constructor->parameter_list->parameter->decl->type->name,
2,171,rectangle_java2.jpg,rectangle_java2.jpg,140380684,204,1131.989411764706,308.58176470588234,1112.5,295,33,21,int,3,class->block->constructor->parameter_list->parameter->decl->type->name,
2,171,rectangle_java2.jpg,rectangle_java2.jpg,140576691,192,1113.1972916666666,305.2604166666667,1112.5,295,33,21,int,3,class->block->constructor->parameter_list->parameter->decl->type->name,
2,171,rectangle_java2.jpg,rectangle_java2.jpg,141080692,128,840.5190625,341.9159375,826.5,331,23,19,x1,2,class->block->constructor->block->block_content->expr_stmt->expr->name->name,
2,171,rectangle_java2.jpg,rectangle_java2.jpg,141288568,152,803.9610526315789,337.64236842105265,806.5,331,15,19,=,1,class->block->constructor->block->block_content->expr_stmt->expr->operator,
2,171,rectangle_java2.jpg,rectangle_java2.jpg,141772570,88,842.2263636363637,318.8259090909091,826.5,331,23,19,x1,2,class->block->constructor->block->block_content->expr_stmt->expr->name->name,
2,171,rectangle_java2.jpg,rectangle_java2.jpg,142328610,304,938.2093421052632,306.1869736842105,939.5,295,33,21,int,3,class->block->constructor->parameter_list->parameter->decl->type->name,
2,171,rectangle_java2.jpg,rectangle_java2.jpg,144596457,388,852.1874226804124,395.06,856.5,404,10,19,;,1,class->block->constructor->block->block_content->expr_stmt,
2,171,rectangle_java2.jpg,rectangle_java2.jpg,144704462,104,841.2526923076923,395.9642307692308,826.5,404,23,19,x2,2,class->block->constructor->block->block_content->expr_stmt->expr->name->name,
2,171,rectangle_java2.jpg,rectangle_java2.jpg,145092378,128,861.25875,445.55718750000005,856.5,440,10,21,;,1,class->block->constructor->block->block_content->expr_stmt,
2,171,rectangle_java2.jpg,rectangle_java2.jpg,145208266,112,856.3807142857142,442.5799999999999,856.5,440,10,21,;,1,class->block->constructor->block->block_content->expr_stmt,
2,171,rectangle_java2.jpg,rectangle_java2.jpg,145464305,252,852.1238095238095,460.2320634920635,856.5,440,10,21,;,1,class->block->constructor->block->block_content->expr_stmt,
2,171,rectangle_java2.jpg,rectangle_java2.jpg,145576321,108,850.9892592592593,459.7222222222222,856.5,440,10,21,;,1,class->block->constructor->block->block_content->expr_stmt,
2,171,rectangle_java2.jpg,rectangle_java2.jpg,145676323,96,845.68875,429.5350000000001,826.5,440,23,21,y2,2,class->block->constructor->block->block_content->expr_stmt->expr->name->name,
2,171,rectangle_java2.jpg,rectangle_java2.jpg,145676323,96,845.68875,429.5350000000001,856.5,440,10,21,;,1,class->block->constructor->block->block_content->expr_stmt,
2,171,rectangle_java2.jpg,rectangle_java2.jpg,146192255,112,770.8878571428571,541.3392857142857,775.5,549,62,21,height,6,class->block->function->name,
2,171,rectangle_java2.jpg,rectangle_java2.jpg,146304270,108,775.7544444444444,536.8255555555555,775.5,549,62,21,height,6,class->block->function->name,
2,171,rectangle_java2.jpg,rectangle_java2.jpg,146584289,64,838.843125,520.6525,837.5,512,9,21,(,1,class->block->function->parameter_list,
2,171,rectangle_java2.jpg,rectangle_java2.jpg,146760288,116,917.0837931034482,262.81172413793104,911.5,259,10,21,"""","""",1,class->block->decl_stmt
2,171,rectangle_java2.jpg,rectangle_java2.jpg,146760288,116,917.0837931034482,262.81172413793104,929.5,259,23,21,y2,2,class->block->decl_stmt->decl->name,
2,171,rectangle_java2.jpg,rectangle_java2.jpg,147396209,144,738.2377777777778,216.67611111111117,715.5,222,90,21,Rectangle,9,class->name,
2,171,rectangle_java2.jpg,rectangle_java2.jpg,148068181,92,785.395652173913,210.1613043478261,715.5,222,90,21,Rectangle,9,class->name,
2,171,rectangle_java2.jpg,rectangle_java2.jpg,148252183,180,776.0993333333333,211.548,715.5,222,90,21,Rectangle,9,class->name,
2,171,rectangle_java2.jpg,rectangle_java2.jpg,148724207,208,783.1459615384615,507.07269230769225,775.5,512,53,21,width,5,class->block->function->name,
2,171,rectangle_java2.jpg,rectangle_java2.jpg,148940177,212,781.9852830188679,511.8571698113208,775.5,512,53,21,width,5,class->block->function->name,
2,171,rectangle_java2.jpg,rectangle_java2.jpg,149156052,176,726.5288636363637,513.4940909090909,669.5,512,63,21,public,6,class->block->function->type->specifier,
2,171,rectangle_java2.jpg,rectangle_java2.jpg,149156052,176,726.5288636363637,513.4940909090909,737.5,512,33,21,int,3,class->block->function->type->name,
2,171,rectangle_java2.jpg,rectangle_java2.jpg,149464045,296,847.0040540540541,506.18716216216217,854.5,512,9,21,),1,class->block->function->parameter_list,
2,171,rectangle_java2.jpg,rectangle_java2.jpg,149524042,56,806.3828571428571,504.8335714285714,775.5,512,53,21,width,5,class->block->function->name,
2,171,rectangle_java2.jpg,rectangle_java2.jpg,149592042,64,804.53125,508.96625,775.5,512,53,21,width,5,class->block->function->name,
2,171,rectangle_java2.jpg,rectangle_java2.jpg,150060063,108,983.7137037037036,507.2000000000001,958.5,512,71,21,this.x2,7,class->block->function->block->block_content->return->expr->name->name->operator->name->operator,
2,171,rectangle_java2.jpg,rectangle_java2.jpg,150156076,92,980.9152173913044,505.8939130434783,958.5,512,71,21,this.x2,7,class->block->function->block->block_content->return->expr->name->name->operator->name->operator,
2,171,rectangle_java2.jpg,rectangle_java2.jpg,150620047,460,967.8469565217392,517.9193913043479,958.5,512,71,21,this.x2,7,class->block->function->block->block_content->return->expr->name->name->operator->name->operator,
2,171,rectangle_java2.jpg,rectangle_java2.jpg,150704052,80,963.8135,512.317,958.5,512,71,21,this.x2,7,class->block->function->block->block_content->return->expr->name->name->operator->name->operator,
2,171,rectangle_java2.jpg,rectangle_java2.jpg,150883815,176,965.3847727272728,517.5338636363637,958.5,512,71,21,this.x2,7,class->block->function->block->block_content->return->expr->name->name->operator->name->operator,
2,171,rectangle_java2.jpg,rectangle_java2.jpg,150979839,92,958.6552173913044,518.2,958.5,512,71,21,this.x2,7,class->block->function->block->block_content->return->expr->name->name->operator->name->operator,
2,171,rectangle_java2.jpg,rectangle_java2.jpg,151263907,256,1060.21453125,550.64140625,1064.5,549,71,21,this.y1,7,class->block->function->block->block_content->return->expr->name->name->operator->name,
2,171,rectangle_java2.jpg,rectangle_java2.jpg,151499918,152,885.1686842105263,544.9647368421053,883.5,549,10,21,{,1,class->block->function->block,
2,171,rectangle_java2.jpg,rectangle_java2.jpg,151623925,120,879.7806666666667,542.8606666666667,883.5,549,10,21,{,1,class->block->function->block,
2,171,rectangle_java2.jpg,rectangle_java2.jpg,151683928,56,822.6864285714286,550.8092857142857,775.5,549,62,21,height,6,class->block->function->name,
2,171,rectangle_java2.jpg,rectangle_java2.jpg,151947976,260,815.160923076923,547.9176923076923,775.5,549,62,21,height,6,class->block->function->name,
2,171,rectangle_java2.jpg,rectangle_java2.jpg,152063954,64,877.90625,557.620625,883.5,549,10,21,{,1,class->block->function->block,
2,171,rectangle_java2.jpg,rectangle_java2.jpg,152267925,200,880.3854,553.0188,883.5,549,10,21,{,1,class->block->function->block,
2,171,rectangle_java2.jpg,rectangle_java2.jpg,152427932,156,880.5412820512821,558.4994871794872,883.5,549,10,21,{,1,class->block->function->block,
2,171,rectangle_java2.jpg,rectangle_java2.jpg,152511945,80,932.9865,553.287,900.5,549,63,21,return,6,class->block->function->block->block_content->return,
2,171,rectangle_java2.jpg,rectangle_java2.jpg,152683712,168,940.1223809523808,559.53,900.5,549,63,21,return,6,class->block->function->block->block_content->return,
2,171,rectangle_java2.jpg,rectangle_java2.jpg,152787621,100,920.1844,558.5676,900.5,549,63,21,return,6,class->block->function->block->block_content->return,
2,171,rectangle_java2.jpg,rectangle_java2.jpg,153131769,64,1015.48,554.418125,968.5,549,70,21,this.y2,7,class->block->function->block->block_content->return->expr->name->name->operator->name,
2,171,rectangle_java2.jpg,rectangle_java2.jpg,153203781,68,1038.2041176470589,559.214705882353,968.5,549,70,21,this.y2,7,class->block->function->block->block_content->return->expr->name->name->operator->name,
2,171,rectangle_java2.jpg,rectangle_java2.jpg,153203781,68,1038.2041176470589,559.214705882353,1045.5,549,13,21,-,1,class->block->function->block->block_content->return->expr->operator,
2,171,rectangle_java2.jpg,rectangle_java2.jpg,153527736,320,1044.854625,560.681625,1045.5,549,13,21,-,1,class->block->function->block->block_content->return->expr->operator,
2,171,rectangle_java2.jpg,rectangle_java2.jpg,153779772,220,1152.0556363636365,556.2974545454546,1142.5,549,10,21,;,1,class->block->function->block->block_content->return,
2,171,rectangle_java2.jpg,rectangle_java2.jpg,153779772,220,1152.0556363636365,556.2974545454546,1161.5,549,10,21,},1,class->block->function->block,
2,171,rectangle_java2.jpg,rectangle_java2.jpg,153983785,200,1153.5254,549.3426,1161.5,549,10,21,},1,class->block->function->block,
2,171,rectangle_java2.jpg,rectangle_java2.jpg,154115791,80,884.442,547.0425,883.5,549,10,21,{,1,class->block->function->block,
2,171,rectangle_java2.jpg,rectangle_java2.jpg,154267793,148,876.1578378378379,555.9927027027027,883.5,549,10,21,{,1,class->block->function->block,
2,171,rectangle_java2.jpg,rectangle_java2.jpg,154327791,56,871.2835714285715,548.6935714285714,863.5,549,9,21,),1,class->block->function->parameter_list,
2,171,rectangle_java2.jpg,rectangle_java2.jpg,154327791,56,871.2835714285715,548.6935714285714,883.5,549,10,21,{,1,class->block->function->block,
2,171,rectangle_java2.jpg,rectangle_java2.jpg,154387786,56,824.1921428571428,554.3464285714285,775.5,549,62,21,height,6,class->block->function->name,
2,171,rectangle_java2.jpg,rectangle_java2.jpg,154511770,120,822.526,548.6023333333334,775.5,549,62,21,height,6,class->block->function->name,
2,171,rectangle_java2.jpg,rectangle_java2.jpg,154699570,184,872.9054347826087,553.0302173913043,883.5,549,10,21,{,1,class->block->function->block,
2,171,rectangle_java2.jpg,rectangle_java2.jpg,154879557,128,1068.7684375,560.8059375,1064.5,549,71,21,this.y1,7,class->block->function->block->block_content->return->expr->name->name->operator->name,
2,171,rectangle_java2.jpg,rectangle_java2.jpg,154975603,92,1073.7378260869566,564.3747826086957,1064.5,549,71,21,this.y1,7,class->block->function->block->block_content->return->expr->name->name->operator->name,
2,171,rectangle_java2.jpg,rectangle_java2.jpg,155167829,132,1129.1448484848486,560.0769696969697,1064.5,549,71,21,this.y1,7,class->block->function->block->block_content->return->expr->name->name->operator->name,
2,171,rectangle_java2.jpg,rectangle_java2.jpg,155279795,108,1130.5637037037036,575.4777777777778,1122.5,585,12,21,*,1,class->block->function->block->block_content->return->expr->operator,
2,171,rectangle_java2.jpg,rectangle_java2.jpg,155279795,108,1130.5637037037036,575.4777777777778,1140.5,585,110,21,this.height,11,class->block->function->block->block_content->return->expr->call->name->name->operator->name,
2,171,rectangle_java2.jpg,rectangle_java2.jpg,155363731,80,1134.1715,566.5585,1064.5,549,71,21,this.y1,7,class->block->function->block->block_content->return->expr->name->name->operator->name,
2,171,rectangle_java2.jpg,rectangle_java2.jpg,155363731,80,1134.1715,566.5585,1142.5,549,10,21,;,1,class->block->function->block->block_content->return,
2,171,rectangle_java2.jpg,rectangle_java2.jpg,155755668,100,1146.3696,556.8548,1142.5,549,10,21,;,1,class->block->function->block->block_content->return,
2,171,rectangle_java2.jpg,rectangle_java2.jpg,155839661,80,1146.0715,566.4115,1142.5,549,10,21,;,1,class->block->function->block->block_content->return,
2,171,rectangle_java2.jpg,rectangle_java2.jpg,156275719,148,1121.8413513513517,556.3618918918919,1064.5,549,71,21,this.y1,7,class->block->function->block->block_content->return->expr->name->name->operator->name,
2,171,rectangle_java2.jpg,rectangle_java2.jpg,157187529,352,1101.997159090909,558.9279545454546,1064.5,549,71,21,this.y1,7,class->block->function->block->block_content->return->expr->name->name->operator->name,
2,171,rectangle_java2.jpg,rectangle_java2.jpg,157339516,148,1147.0435135135135,555.1186486486487,1142.5,549,10,21,;,1,class->block->function->block->block_content->return,
2,171,rectangle_java2.jpg,rectangle_java2.jpg,157455519,112,1146.5303571428572,554.3228571428572,1142.5,549,10,21,;,1,class->block->function->block->block_content->return,
2,171,rectangle_java2.jpg,rectangle_java2.jpg,157907561,100,1029.5876,583.604,977.5,585,101,21,this.width,10,class->block->function->block->block_content->return->expr->call->name->name->operator->name,
2,171,rectangle_java2.jpg,rectangle_java2.jpg,158051513,140,1027.092,589.3617142857142,977.5,585,101,21,this.width,10,class->block->function->block->block_content->return->expr->call->name->name->operator->name,
2,171,rectangle_java2.jpg,rectangle_java2.jpg,158123499,68,1024.575882352941,592.9135294117647,977.5,585,101,21,this.width,10,class->block->function->block->block_content->return->expr->call->name->name->operator->name,
2,171,rectangle_java2.jpg,rectangle_java2.jpg,158231509,88,1123.3186363636364,572.6804545454545,1122.5,585,12,21,*,1,class->block->function->block->block_content->return->expr->operator,
2,171,rectangle_java2.jpg,rectangle_java2.jpg,159171414,64,907.649375,587.09625,910.5,585,62,21,return,6,class->block->function->block->block_content->return,
2,171,rectangle_java2.jpg,rectangle_java2.jpg,159319403,144,895.8941666666667,591.9272222222222,893.5,585,10,21,{,1,class->block->function->block,
2,171,rectangle_java2.jpg,rectangle_java2.jpg,159455415,132,857.9169696969697,584.8560606060606,856.5,585,9,21,(,1,class->block->function->parameter_list,
2,171,rectangle_java2.jpg,rectangle_java2.jpg,159563413,104,851.815,602.4342307692308,856.5,585,9,21,(,1,class->block->function->parameter_list,
2,171,rectangle_java2.jpg,rectangle_java2.jpg,159903377,280,915.202,591.9754285714286,910.5,585,62,21,return,6,class->block->function->block->block_content->return,
2,171,rectangle_java2.jpg,rectangle_java2.jpg,159987370,72,1084.2383333333332,592.9994444444444,1086.5,585,10,21,(,1,class->block->function->block->block_content->return->expr->call->argument_list,
2,171,rectangle_java2.jpg,rectangle_java2.jpg,160183288,192,1088.2104166666666,589.4004166666666,1086.5,585,10,21,(,1,class->block->function->block->block_content->return->expr->call->argument_list,
2,171,rectangle_java2.jpg,rectangle_java2.jpg,160395215,208,1080.686923076923,585.3263461538462,1086.5,585,10,21,(,1,class->block->function->block->block_content->return->expr->call->argument_list,
2,171,rectangle_java2.jpg,rectangle_java2.jpg,160595288,196,1081.2767346938776,596.4948979591837,1086.5,585,10,21,(,1,class->block->function->block->block_content->return->expr->call->argument_list,
2,171,rectangle_java2.jpg,rectangle_java2.jpg,160883276,244,1028.2201639344262,592.9554098360655,977.5,585,101,21,this.width,10,class->block->function->block->block_content->return->expr->call->name->name->operator->name,
2,171,rectangle_java2.jpg,rectangle_java2.jpg,161107260,200,918.9714,587.0638,910.5,585,62,21,return,6,class->block->function->block->block_content->return,
2,171,rectangle_java2.jpg,rectangle_java2.jpg,161367282,256,925.850625,594.7403125,910.5,585,62,21,return,6,class->block->function->block->block_content->return,
2,171,rectangle_java2.jpg,rectangle_java2.jpg,161631247,220,979.352181818182,600.2223636363636,977.5,585,101,21,this.width,10,class->block->function->block->block_content->return->expr->call->name->name->operator->name,
2,171,rectangle_java2.jpg,rectangle_java2.jpg,161715229,72,1083.6533333333334,603.9083333333333,1086.5,585,10,21,(,1,class->block->function->block->block_content->return->expr->call->argument_list,
2,171,rectangle_java2.jpg,rectangle_java2.jpg,162111267,80,1107.143,601.1915,1103.5,585,9,21,),1,class->block->function->block->block_content->return->expr->call->argument_list,
2,171,rectangle_java2.jpg,rectangle_java2.jpg,162215207,76,860.8763157894737,620.6731578947368,851.5,621,44,21,main,4,class->block->function->name,
2,171,rectangle_java2.jpg,rectangle_java2.jpg,162319158,100,851.9896,624.0108,851.5,621,44,21,main,4,class->block->function->name,
2,171,rectangle_java2.jpg,rectangle_java2.jpg,162499165,176,819.2970454545455,621.2036363636364,804.5,621,44,21,void,4,class->block->function->type->name,
2,171,rectangle_java2.jpg,rectangle_java2.jpg,162575168,72,815.6216666666667,622.9211111111111,804.5,621,44,21,void,4,class->block->function->type->name,
2,171,rectangle_java2.jpg,rectangle_java2.jpg,162827160,212,873.5126415094339,653.4971698113208,826.5,658,52,20,rect1,5,class->block->function->block->block_content->decl_stmt->decl->name,
2,171,rectangle_java2.jpg,rectangle_java2.jpg,162827160,212,873.5126415094339,653.4971698113208,883.5,658,15,20,=,1,class->block->function->block->block_content->decl_stmt->decl->init,
2,171,rectangle_java2.jpg,rectangle_java2.jpg,162895150,64,878.800625,646.38875,883.5,658,15,20,=,1,class->block->function->block->block_content->decl_stmt->decl->init,
2,171,rectangle_java2.jpg,rectangle_java2.jpg,163031140,88,930.4036363636365,664.975,902.5,658,34,20,new,3,class->block->function->block->block_content->decl_stmt->decl->init->expr->operator,
2,171,rectangle_java2.jpg,rectangle_java2.jpg,163031140,88,930.4036363636365,664.975,941.5,658,91,20,Rectangle,9,class->block->function->block->block_content->decl_stmt->decl->init->expr->call->name,
2,171,rectangle_java2.jpg,rectangle_java2.jpg,163195094,160,933.07075,668.088,902.5,658,34,20,new,3,class->block->function->block->block_content->decl_stmt->decl->init->expr->operator,
2,171,rectangle_java2.jpg,rectangle_java2.jpg,163195094,160,933.07075,668.088,941.5,658,91,20,Rectangle,9,class->block->function->block->block_content->decl_stmt->decl->init->expr->call->name,
2,171,rectangle_java2.jpg,rectangle_java2.jpg,163411007,172,987.4744186046512,666.6993023255814,941.5,658,91,20,Rectangle,9,class->block->function->block->block_content->decl_stmt->decl->init->expr->call->name,
2,171,rectangle_java2.jpg,rectangle_java2.jpg,163659147,224,1068.4067857142857,663.9035714285715,1057.5,658,13,20,0,1,class->block->function->block->block_content->decl_stmt->decl->init->expr->call->argument_list->argument->expr->literal,
2,171,rectangle_java2.jpg,rectangle_java2.jpg,163659147,224,1068.4067857142857,663.9035714285715,1077.5,658,9,20,"""","""",1,class->block->function->block->block_content->decl_stmt->decl->init->expr->call->argument_list
2,171,rectangle_java2.jpg,rectangle_java2.jpg,163767153,104,1066.7257692307692,660.4430769230769,1057.5,658,13,20,0,1,class->block->function->block->block_content->decl_stmt->decl->init->expr->call->argument_list->argument->expr->literal,
2,171,rectangle_java2.jpg,rectangle_java2.jpg,163767153,104,1066.7257692307692,660.4430769230769,1077.5,658,9,20,"""","""",1,class->block->function->block->block_content->decl_stmt->decl->init->expr->call->argument_list
2,171,rectangle_java2.jpg,rectangle_java2.jpg,164027123,176,835.3488636363636,618.5649999999999,804.5,621,44,21,void,4,class->block->function->type->name,
2,171,rectangle_java2.jpg,rectangle_java2.jpg,164199075,136,1062.017941176471,664.6785294117647,1057.5,658,13,20,0,1,class->block->function->block->block_content->decl_stmt->decl->init->expr->call->argument_list->argument->expr->literal,
2,171,rectangle_java2.jpg,rectangle_java2.jpg,164455031,252,1061.7296825396825,668.0846031746032,1057.5,658,13,20,0,1,class->block->function->block->block_content->decl_stmt->decl->init->expr->call->argument_list->argument->expr->literal,
2,171,rectangle_java2.jpg,rectangle_java2.jpg,164619016,140,1210.126,664.104,1211.5,658,9,20,),1,class->block->function->block->block_content->decl_stmt->decl->init->expr->call->argument_list,
2,171,rectangle_java2.jpg,rectangle_java2.jpg,164783053,160,1210.4435,655.0765,1211.5,658,9,20,),1,class->block->function->block->block_content->decl_stmt->decl->init->expr->call->argument_list,
2,171,rectangle_java2.jpg,rectangle_java2.jpg,164855055,68,1168.134705882353,659.9111764705882,1163.5,658,10,20,"""","""",1,class->block->function->block->block_content->decl_stmt->decl->init->expr->call->argument_list
2,171,rectangle_java2.jpg,rectangle_java2.jpg,165067020,208,1164.2436538461538,658.7223076923077,1163.5,658,10,20,"""","""",1,class->block->function->block->block_content->decl_stmt->decl->init->expr->call->argument_list
2,171,rectangle_java2.jpg,rectangle_java2.jpg,165246999,160,1076.699,663.20825,1077.5,658,9,20,"""","""",1,class->block->function->block->block_content->decl_stmt->decl->init->expr->call->argument_list
2,171,rectangle_java2.jpg,rectangle_java2.jpg,165363004,112,1080.8575,671.6853571428571,1077.5,658,9,20,"""","""",1,class->block->function->block->block_content->decl_stmt->decl->init->expr->call->argument_list
2,171,rectangle_java2.jpg,rectangle_java2.jpg,165519064,152,1106.9357894736845,671.5997368421052,1095.5,658,13,20,0,1,class->block->function->block->block_content->decl_stmt->decl->init->expr->call->argument_list->argument->expr->literal,
2,171,rectangle_java2.jpg,rectangle_java2.jpg,165519064,152,1106.9357894736845,671.5997368421052,1115.5,658,10,20,"""","""",1,class->block->function->block->block_content->decl_stmt->decl->init->expr->call->argument_list
2,171,rectangle_java2.jpg,rectangle_java2.jpg,165647079,96,910.1975,669.1358333333334,902.5,658,34,20,new,3,class->block->function->block->block_content->decl_stmt->decl->init->expr->operator,
2,171,rectangle_java2.jpg,rectangle_java2.jpg,165934954,284,909.3428169014084,662.7238028169014,902.5,658,34,20,new,3,class->block->function->block->block_content->decl_stmt->decl->init->expr->operator,
2,171,rectangle_java2.jpg,rectangle_java2.jpg,165998897,60,951.5253333333334,664.138,941.5,658,91,20,Rectangle,9,class->block->function->block->block_content->decl_stmt->decl->init->expr->call->name,
2,171,rectangle_java2.jpg,rectangle_java2.jpg,166114847,112,961.8860714285714,664.3785714285714,941.5,658,91,20,Rectangle,9,class->block->function->block->block_content->decl_stmt->decl->init->expr->call->name,
2,171,rectangle_java2.jpg,rectangle_java2.jpg,166214869,76,880.97,658.1678947368421,883.5,658,15,20,=,1,class->block->function->block->block_content->decl_stmt->decl->init,
2,171,rectangle_java2.jpg,rectangle_java2.jpg,166382902,164,878.1953658536586,663.1690243902439,826.5,658,52,20,rect1,5,class->block->function->block->block_content->decl_stmt->decl->name,
2,171,rectangle_java2.jpg,rectangle_java2.jpg,166382902,164,878.1953658536586,663.1690243902439,883.5,658,15,20,=,1,class->block->function->block->block_content->decl_stmt->decl->init,
2,171,rectangle_java2.jpg,rectangle_java2.jpg,166562870,88,930.6645454545454,669.5313636363636,902.5,658,34,20,new,3,class->block->function->block->block_content->decl_stmt->decl->init->expr->operator,
2,171,rectangle_java2.jpg,rectangle_java2.jpg,166562870,88,930.6645454545454,669.5313636363636,941.5,658,91,20,Rectangle,9,class->block->function->block->block_content->decl_stmt->decl->init->expr->call->name,
2,171,rectangle_java2.jpg,rectangle_java2.jpg,166774854,208,932.4459615384616,669.7126923076924,902.5,658,34,20,new,3,class->block->function->block->block_content->decl_stmt->decl->init->expr->operator,
2,171,rectangle_java2.jpg,rectangle_java2.jpg,166774854,208,932.4459615384616,669.7126923076924,941.5,658,91,20,Rectangle,9,class->block->function->block->block_content->decl_stmt->decl->init->expr->call->name,
2,171,rectangle_java2.jpg,rectangle_java2.jpg,166890856,112,931.2110714285716,670.9117857142858,902.5,658,34,20,new,3,class->block->function->block->block_content->decl_stmt->decl->init->expr->operator,
2,171,rectangle_java2.jpg,rectangle_java2.jpg,166890856,112,931.2110714285716,670.9117857142858,941.5,658,91,20,Rectangle,9,class->block->function->block->block_content->decl_stmt->decl->init->expr->call->name,
2,171,rectangle_java2.jpg,rectangle_java2.jpg,167106879,144,913.085,740.4841666666666,902.5,731,34,20,new,3,class->block->function->block->block_content->decl_stmt->decl->init->expr->operator,
2,171,rectangle_java2.jpg,rectangle_java2.jpg,167218897,108,907.1555555555556,744.7007407407408,902.5,731,34,20,new,3,class->block->function->block->block_content->decl_stmt->decl->init->expr->operator,
2,171,rectangle_java2.jpg,rectangle_java2.jpg,167470893,212,820.8003773584906,738.0690566037736,730.5,731,91,20,Rectangle,9,class->block->function->block->block_content->decl_stmt->decl->type->name,
2,171,rectangle_java2.jpg,rectangle_java2.jpg,167470893,212,820.8003773584906,738.0690566037736,826.5,731,51,20,rect2,5,class->block->function->block->block_content->decl_stmt->decl->name,
2,171,rectangle_java2.jpg,rectangle_java2.jpg,167542893,68,818.2017647058824,731.9617647058824,730.5,731,91,20,Rectangle,9,class->block->function->block->block_content->decl_stmt->decl->type->name,
2,171,rectangle_java2.jpg,rectangle_java2.jpg,167542893,68,818.2017647058824,731.9617647058824,826.5,731,51,20,rect2,5,class->block->function->block->block_content->decl_stmt->decl->name,
2,171,rectangle_java2.jpg,rectangle_java2.jpg,167606893,60,891.0533333333333,732.6333333333333,883.5,731,15,20,=,1,class->block->function->block->block_content->decl_stmt->decl->init,
2,171,rectangle_java2.jpg,rectangle_java2.jpg,167606893,60,891.0533333333333,732.6333333333333,902.5,731,34,20,new,3,class->block->function->block->block_content->decl_stmt->decl->init->expr->operator,
2,171,rectangle_java2.jpg,rectangle_java2.jpg,167698835,88,898.8622727272727,728.8704545454545,902.5,731,34,20,new,3,class->block->function->block->block_content->decl_stmt->decl->init->expr->operator,
2,171,rectangle_java2.jpg,rectangle_java2.jpg,168598758,320,850.636875,505.3742500000001,854.5,512,9,21,),1,class->block->function->parameter_list,
2,171,rectangle_java2.jpg,rectangle_java2.jpg,168870768,252,758.1773015873016,504.8809523809524,737.5,512,33,21,int,3,class->block->function->type->name,
2,171,rectangle_java2.jpg,rectangle_java2.jpg,169074771,200,794.3698,500.6368,775.5,512,53,21,width,5,class->block->function->name,
2,171,rectangle_java2.jpg,rectangle_java2.jpg,170002630,164,979.150487804878,511.0114634146341,958.5,512,71,21,this.x2,7,class->block->function->block->block_content->return->expr->name->name->operator->name->operator,
2,171,rectangle_java2.jpg,rectangle_java2.jpg,170310604,304,976.3935526315788,517.1897368421053,958.5,512,71,21,this.x2,7,class->block->function->block->block_content->return->expr->name->name->operator->name->operator,
2,171,rectangle_java2.jpg,rectangle_java2.jpg,170598670,284,978.5884507042254,509.0591549295775,958.5,512,71,21,this.x2,7,class->block->function->block->block_content->return->expr->name->name->operator->name->operator,
2,171,rectangle_java2.jpg,rectangle_java2.jpg,170706679,104,1006.6780769230768,503.6115384615384,958.5,512,71,21,this.x2,7,class->block->function->block->block_content->return->expr->name->name->operator->name->operator,
2,171,rectangle_java2.jpg,rectangle_java2.jpg,170930487,220,1010.223090909091,507.0016363636364,958.5,512,71,21,this.x2,7,class->block->function->block->block_content->return->expr->name->name->operator->name->operator,
2,171,rectangle_java2.jpg,rectangle_java2.jpg,171014528,80,963.294,505.9390000000001,958.5,512,71,21,this.x2,7,class->block->function->block->block_content->return->expr->name->name->operator->name->operator,
2,171,rectangle_java2.jpg,rectangle_java2.jpg,171370615,352,959.6151136363636,505.4420454545455,958.5,512,71,21,this.x2,7,class->block->function->block->block_content->return->expr->name->name->operator->name->operator,
2,171,rectangle_java2.jpg,rectangle_java2.jpg,171722489,348,960.1431034482758,516.9911494252874,958.5,512,71,21,this.x2,7,class->block->function->block->block_content->return->expr->name->name->operator->name->operator,
2,171,rectangle_java2.jpg,rectangle_java2.jpg,171926521,172,903.9637209302324,543.2834883720931,900.5,549,63,21,return,6,class->block->function->block->block_content->return,
2,171,rectangle_java2.jpg,rectangle_java2.jpg,172178499,208,857.2073076923077,552.7109615384616,863.5,549,9,21,),1,class->block->function->parameter_list,
2,171,rectangle_java2.jpg,rectangle_java2.jpg,172402496,220,852.9452727272727,556.4396363636364,846.5,549,10,21,(,1,class->block->function->parameter_list,
2,171,rectangle_java2.jpg,rectangle_java2.jpg,172402496,220,852.9452727272727,556.4396363636364,863.5,549,9,21,),1,class->block->function->parameter_list,
2,171,rectangle_java2.jpg,rectangle_java2.jpg,172706507,172,875.4383720930233,565.2239534883721,883.5,549,10,21,{,1,class->block->function->block,
2,171,rectangle_java2.jpg,rectangle_java2.jpg,173046500,304,932.876447368421,566.7557894736842,900.5,549,63,21,return,6,class->block->function->block->block_content->return,
2,171,rectangle_java2.jpg,rectangle_java2.jpg,173158497,108,984.6951851851852,569.5062962962963,968.5,549,70,21,this.y2,7,class->block->function->block->block_content->return->expr->name->name->operator->name,
2,171,rectangle_java2.jpg,rectangle_java2.jpg,173530308,128,1038.2465625,544.123125,968.5,549,70,21,this.y2,7,class->block->function->block->block_content->return->expr->name->name->operator->name,
2,171,rectangle_java2.jpg,rectangle_java2.jpg,173530308,128,1038.2465625,544.123125,1045.5,549,13,21,-,1,class->block->function->block->block_content->return->expr->operator,
2,171,rectangle_java2.jpg,rectangle_java2.jpg,173626303,92,1034.1782608695653,560.22,968.5,549,70,21,this.y2,7,class->block->function->block->block_content->return->expr->name->name->operator->name,
2,171,rectangle_java2.jpg,rectangle_java2.jpg,173626303,92,1034.1782608695653,560.22,1045.5,549,13,21,-,1,class->block->function->block->block_content->return->expr->operator,
2,171,rectangle_java2.jpg,rectangle_java2.jpg,173802336,172,1037.1155813953487,563.4576744186046,968.5,549,70,21,this.y2,7,class->block->function->block->block_content->return->expr->name->name->operator->name,
2,171,rectangle_java2.jpg,rectangle_java2.jpg,173802336,172,1037.1155813953487,563.4576744186046,1045.5,549,13,21,-,1,class->block->function->block->block_content->return->expr->operator,
2,171,rectangle_java2.jpg,rectangle_java2.jpg,174086403,84,815.1180952380953,549.8980952380953,775.5,549,62,21,height,6,class->block->function->name,
2,171,rectangle_java2.jpg,rectangle_java2.jpg,174170412,80,816.174,538.113,775.5,549,62,21,height,6,class->block->function->name,
2,171,rectangle_java2.jpg,rectangle_java2.jpg,174306420,132,815.8212121212122,539.5427272727272,775.5,549,62,21,height,6,class->block->function->name,
2,171,rectangle_java2.jpg,rectangle_java2.jpg,174390412,72,1055.9772222222225,551.5427777777778,1045.5,549,13,21,-,1,class->block->function->block->block_content->return->expr->operator,
2,171,rectangle_java2.jpg,rectangle_java2.jpg,174390412,72,1055.9772222222225,551.5427777777778,1064.5,549,71,21,this.y1,7,class->block->function->block->block_content->return->expr->name->name->operator->name,
2,171,rectangle_java2.jpg,rectangle_java2.jpg,174522373,128,1062.810625,563.1853125,1064.5,549,71,21,this.y1,7,class->block->function->block->block_content->return->expr->name->name->operator->name,
2,171,rectangle_java2.jpg,rectangle_java2.jpg,174786366,260,1064.128153846154,556.4016923076923,1064.5,549,71,21,this.y1,7,class->block->function->block->block_content->return->expr->name->name->operator->name,
2,171,rectangle_java2.jpg,rectangle_java2.jpg,174918359,128,1112.0740625,559.783125,1064.5,549,71,21,this.y1,7,class->block->function->block->block_content->return->expr->name->name->operator->name,
2,171,rectangle_java2.jpg,rectangle_java2.jpg,175102342,180,1114.9622222222222,558.0688888888889,1064.5,549,71,21,this.y1,7,class->block->function->block->block_content->return->expr->name->name->operator->name,
2,171,rectangle_java2.jpg,rectangle_java2.jpg,175718244,64,911.79125,569.305625,900.5,549,63,21,return,6,class->block->function->block->block_content->return,
2,171,rectangle_java2.jpg,rectangle_java2.jpg,176078235,356,906.188202247191,573.7055056179776,910.5,585,62,21,return,6,class->block->function->block->block_content->return,
2,171,rectangle_java2.jpg,rectangle_java2.jpg,176210209,128,888.049375,585.791875,893.5,585,10,21,{,1,class->block->function->block,
2,171,rectangle_java2.jpg,rectangle_java2.jpg,176330217,116,880.4396551724138,584.1537931034483,873.5,585,9,21,),1,class->block->function->parameter_list,
2,171,rectangle_java2.jpg,rectangle_java2.jpg,176538237,120,924.363,585.0486666666667,910.5,585,62,21,return,6,class->block->function->block->block_content->return,
2,171,rectangle_java2.jpg,rectangle_java2.jpg,176718133,176,919.6431818181818,588.5706818181818,910.5,585,62,21,return,6,class->block->function->block->block_content->return,
2,171,rectangle_java2.jpg,rectangle_java2.jpg,176978152,236,993.9081355932204,595.8771186440678,977.5,585,101,21,this.width,10,class->block->function->block->block_content->return->expr->call->name->name->operator->name,
2,171,rectangle_java2.jpg,rectangle_java2.jpg,177166182,140,966.9605714285716,558.6202857142857,968.5,549,70,21,this.y2,7,class->block->function->block->block_content->return->expr->name->name->operator->name,
2,171,rectangle_java2.jpg,rectangle_java2.jpg,177310067,124,1057.864193548387,565.1767741935483,1045.5,549,13,21,-,1,class->block->function->block->block_content->return->expr->operator,
2,171,rectangle_java2.jpg,rectangle_java2.jpg,177310067,124,1057.864193548387,565.1767741935483,1064.5,549,71,21,this.y1,7,class->block->function->block->block_content->return->expr->name->name->operator->name,
2,171,rectangle_java2.jpg,rectangle_java2.jpg,177686168,372,1058.0954838709677,560.6498924731183,1045.5,549,13,21,-,1,class->block->function->block->block_content->return->expr->operator,
2,171,rectangle_java2.jpg,rectangle_java2.jpg,177686168,372,1058.0954838709677,560.6498924731183,1064.5,549,71,21,this.y1,7,class->block->function->block->block_content->return->expr->name->name->operator->name,
2,171,rectangle_java2.jpg,rectangle_java2.jpg,177922112,200,1077.0724,593.2512,977.5,585,101,21,this.width,10,class->block->function->block->block_content->return->expr->call->name->name->operator->name,
2,171,rectangle_java2.jpg,rectangle_java2.jpg,177922112,200,1077.0724,593.2512,1086.5,585,10,21,(,1,class->block->function->block->block_content->return->expr->call->argument_list,
2,171,rectangle_java2.jpg,rectangle_java2.jpg,178190087,264,1070.2621212121212,604.3809090909091,977.5,585,101,21,this.width,10,class->block->function->block->block_content->return->expr->call->name->name->operator->name,
2,171,rectangle_java2.jpg,rectangle_java2.jpg,178278092,84,1069.942857142857,602.0828571428572,977.5,585,101,21,this.width,10,class->block->function->block->block_content->return->expr->call->name->name->operator->name,
2,171,rectangle_java2.jpg,rectangle_java2.jpg,178486110,204,1114.823725490196,604.7672549019608,1122.5,585,12,21,*,1,class->block->function->block->block_content->return->expr->operator,
2,171,rectangle_java2.jpg,rectangle_java2.jpg,178734065,156,1049.2882051282052,608.7838461538462,1025.5,621,42,21,args,4,class->block->function->parameter_list->parameter->decl->name,
2,171,rectangle_java2.jpg,rectangle_java2.jpg,178794068,56,1099.3507142857145,599.5842857142857,1103.5,585,9,21,),1,class->block->function->block->block_content->return->expr->call->argument_list,
2,171,rectangle_java2.jpg,rectangle_java2.jpg,179210032,116,1029.808620689655,574.4727586206897,977.5,585,101,21,this.width,10,class->block->function->block->block_content->return->expr->call->name->name->operator->name,
2,171,rectangle_java2.jpg,rectangle_java2.jpg,179425978,212,1035.4788679245282,569.68,968.5,549,70,21,this.y2,7,class->block->function->block->block_content->return->expr->name->name->operator->name,
2,171,rectangle_java2.jpg,rectangle_java2.jpg,179425978,212,1035.4788679245282,569.68,1045.5,549,13,21,-,1,class->block->function->block->block_content->return->expr->operator,
2,171,rectangle_java2.jpg,rectangle_java2.jpg,180253971,164,915.9853658536584,598.0017073170732,910.5,585,62,21,return,6,class->block->function->block->block_content->return,
2,171,rectangle_java2.jpg,rectangle_java2.jpg,180433964,176,912.2404545454546,600.6963636363637,910.5,585,62,21,return,6,class->block->function->block->block_content->return,
2,171,rectangle_java2.jpg,rectangle_java2.jpg,180505958,68,915.1782352941176,596.574705882353,910.5,585,62,21,return,6,class->block->function->block->block_content->return,
2,171,rectangle_java2.jpg,rectangle_java2.jpg,180681961,124,889.9535483870968,711.1522580645161,730.5,694,177,21,System.out.println,18,class->block->function->block->block_content->expr_stmt->expr->call->name->name->operator->name->operator->name,
2,171,rectangle_java2.jpg,rectangle_java2.jpg,180965932,248,869.1508064516129,684.8485483870968,730.5,694,177,21,System.out.println,18,class->block->function->block->block_content->expr_stmt->expr->call->name->name->operator->name->operator->name,
2,171,rectangle_java2.jpg,rectangle_java2.jpg,181157688,152,797.3886842105263,763.6452631578948,730.5,766,177,21,System.out.println,18,class->block->function->block->block_content->expr_stmt->expr->call->name->name->operator->name->operator->name,
2,171,rectangle_java2.jpg,rectangle_java2.jpg,186201587,376,1025.1687234042554,664.7668085106383,941.5,658,91,20,Rectangle,9,class->block->function->block->block_content->decl_stmt->decl->init->expr->call->name,
2,171,rectangle_java2.jpg,rectangle_java2.jpg,186961434,328,1059.0764634146342,654.8918292682927,1057.5,658,13,20,0,1,class->block->function->block->block_content->decl_stmt->decl->init->expr->call->argument_list->argument->expr->literal,
2,171,rectangle_java2.jpg,rectangle_java2.jpg,187073441,108,1051.2688888888888,655.0974074074074,1057.5,658,13,20,0,1,class->block->function->block->block_content->decl_stmt->decl->init->expr->call->argument_list->argument->expr->literal,
2,171,rectangle_java2.jpg,rectangle_java2.jpg,187297455,164,975.8839024390244,299.8278048780488,977.5,295,23,21,y1,2,class->block->constructor->parameter_list->parameter->decl->type->name,
2,171,rectangle_java2.jpg,rectangle_java2.jpg,187385479,84,972.5233333333332,300.7442857142857,977.5,295,23,21,y1,2,class->block->constructor->parameter_list->parameter->decl->type->name,
2,171,rectangle_java2.jpg,rectangle_java2.jpg,187465496,76,975.431052631579,289.5568421052632,977.5,295,23,21,y1,2,class->block->constructor->parameter_list->parameter->decl->type->name,
2,171,rectangle_java2.jpg,rectangle_java2.jpg,187793451,148,1020.3662162162162,295.19756756756755,1025.5,295,33,21,int,3,class->block->constructor->parameter_list->parameter->decl->type->name,
2,171,rectangle_java2.jpg,rectangle_java2.jpg,188513391,128,873.2171875,269.5940625,863.5,259,10,21,"""","""",1,class->block->decl_stmt
2,171,rectangle_java2.jpg,rectangle_java2.jpg,188513391,128,873.2171875,269.5940625,881.5,259,23,21,x2,2,class->block->decl_stmt->decl->name,
2,171,rectangle_java2.jpg,rectangle_java2.jpg,188857258,280,805.285,276.8624285714285,785.5,259,23,21,x1,2,class->block->decl_stmt->decl->name,
2,171,rectangle_java2.jpg,rectangle_java2.jpg,188857258,280,805.285,276.8624285714285,815.5,259,10,21,"""","""",1,class->block->decl_stmt
2,171,rectangle_java2.jpg,rectangle_java2.jpg,189037325,168,931.0690476190476,268.9354761904762,929.5,259,23,21,y2,2,class->block->decl_stmt->decl->name,
2,171,rectangle_java2.jpg,rectangle_java2.jpg,190609093,124,962.5419354838708,250.8629032258065,959.5,259,10,21,;,1,class->block->decl_stmt,
2,171,rectangle_java2.jpg,rectangle_java2.jpg,191961150,136,972.7211764705884,301.80882352941177,977.5,295,23,21,y1,2,class->block->constructor->parameter_list->parameter->decl->type->name,
2,171,rectangle_java2.jpg,rectangle_java2.jpg,192465103,220,847.118,386.91854545454544,826.5,367,23,21,y1,2,class->block->constructor->block->block_content->expr_stmt->expr->name->name,
2,171,rectangle_java2.jpg,rectangle_java2.jpg,192465103,220,847.118,386.91854545454544,856.5,367,10,21,;,1,class->block->constructor->block->block_content->expr_stmt,
2,171,rectangle_java2.jpg,rectangle_java2.jpg,193309068,316,1104.980506329114,298.7301265822785,1112.5,295,33,21,int,3,class->block->constructor->parameter_list->parameter->decl->type->name,
2,171,rectangle_java2.jpg,rectangle_java2.jpg,194081083,288,846.11625,438.7402777777778,826.5,440,23,21,y2,2,class->block->constructor->block->block_content->expr_stmt->expr->name->name,
2,171,rectangle_java2.jpg,rectangle_java2.jpg,194081083,288,846.11625,438.7402777777778,856.5,440,10,21,;,1,class->block->constructor->block->block_content->expr_stmt,
2,171,rectangle_java2.jpg,rectangle_java2.jpg,194173089,88,842.1059090909091,435.78090909090906,826.5,440,23,21,y2,2,class->block->constructor->block->block_content->expr_stmt->expr->name->name,
2,171,rectangle_java2.jpg,rectangle_java2.jpg,195240964,184,858.8639130434783,398.01130434782607,856.5,404,10,19,;,1,class->block->constructor->block->block_content->expr_stmt,
2,171,rectangle_java2.jpg,rectangle_java2.jpg,195512917,108,856.8455555555555,394.9588888888889,856.5,404,10,19,;,1,class->block->constructor->block->block_content->expr_stmt,
2,171,rectangle_java2.jpg,rectangle_java2.jpg,195648923,76,1090.622105263158,610.1126315789473,1094.5,621,10,21,{,1,class->block->function->block,
2,171,rectangle_java2.jpg,rectangle_java2.jpg,196924807,56,1097.8457142857144,567.9978571428571,1064.5,549,71,21,this.y1,7,class->block->function->block->block_content->return->expr->name->name->operator->name,
2,171,rectangle_java2.jpg,rectangle_java2.jpg,197092799,164,1103.0892682926828,564.2585365853658,1064.5,549,71,21,this.y1,7,class->block->function->block->block_content->return->expr->name->name->operator->name,
2,171,rectangle_java2.jpg,rectangle_java2.jpg,197160791,64,1037.718125,566.496875,968.5,549,70,21,this.y2,7,class->block->function->block->block_content->return->expr->name->name->operator->name,
2,171,rectangle_java2.jpg,rectangle_java2.jpg,197160791,64,1037.718125,566.496875,1045.5,549,13,21,-,1,class->block->function->block->block_content->return->expr->operator,
2,171,rectangle_java2.jpg,rectangle_java2.jpg,197712821,72,1138.1733333333334,550.2338888888889,1142.5,549,10,21,;,1,class->block->function->block->block_content->return,
2,171,rectangle_java2.jpg,rectangle_java2.jpg,197780842,64,1142.828125,565.51625,1142.5,549,10,21,;,1,class->block->function->block->block_content->return,
2,171,rectangle_java2.jpg,rectangle_java2.jpg,197988619,204,1135.7798039215686,578.5470588235294,1140.5,585,110,21,this.height,11,class->block->function->block->block_content->return->expr->call->name->name->operator->name,
2,171,rectangle_java2.jpg,rectangle_java2.jpg,198292639,148,1141.1872972972974,563.9137837837837,1142.5,549,10,21,;,1,class->block->function->block->block_content->return,
2,171,rectangle_java2.jpg,rectangle_java2.jpg,198512667,216,1141.9983333333334,559.8881481481482,1142.5,549,10,21,;,1,class->block->function->block->block_content->return,
2,171,rectangle_java2.jpg,rectangle_java2.jpg,199156678,56,1156.7685714285717,562.7671428571429,1161.5,549,10,21,},1,class->block->function->block,
2,171,rectangle_java2.jpg,rectangle_java2.jpg,199224694,64,1154.125625,561.08125,1161.5,549,10,21,},1,class->block->function->block,
2,171,rectangle_java2.jpg,rectangle_java2.jpg,199364701,136,1155.9261764705882,555.0141176470588,1161.5,549,10,21,},1,class->block->function->block,
2,171,rectangle_java2.jpg,rectangle_java2.jpg,199504680,136,1155.1291176470588,566.7726470588235,1161.5,549,10,21,},1,class->block->function->block,
2,171,rectangle_java2.jpg,rectangle_java2.jpg,199872579,112,1150.1735714285714,556.0428571428571,1142.5,549,10,21,;,1,class->block->function->block->block_content->return,
2,171,rectangle_java2.jpg,rectangle_java2.jpg,199872579,112,1150.1735714285714,556.0428571428571,1161.5,549,10,21,},1,class->block->function->block,
2,171,rectangle_java2.jpg,rectangle_java2.jpg,200204570,140,1138.7562857142857,573.4399999999999,1140.5,585,110,21,this.height,11,class->block->function->block->block_content->return->expr->call->name->name->operator->name,
2,171,rectangle_java2.jpg,rectangle_java2.jpg,200384548,176,1134.1993181818182,566.2854545454545,1064.5,549,71,21,this.y1,7,class->block->function->block->block_content->return->expr->name->name->operator->name,
2,171,rectangle_java2.jpg,rectangle_java2.jpg,200384548,176,1134.1993181818182,566.2854545454545,1142.5,549,10,21,;,1,class->block->function->block->block_content->return,
2,171,rectangle_java2.jpg,rectangle_java2.jpg,200652535,264,1131.435606060606,569.1280303030303,1064.5,549,71,21,this.y1,7,class->block->function->block->block_content->return->expr->name->name->operator->name,
2,171,rectangle_java2.jpg,rectangle_java2.jpg,200652535,264,1131.435606060606,569.1280303030303,1142.5,549,10,21,;,1,class->block->function->block->block_content->return,
2,171,rectangle_java2.jpg,rectangle_java2.jpg,201052589,396,1130.9251515151516,569.8833333333333,1064.5,549,71,21,this.y1,7,class->block->function->block->block_content->return->expr->name->name->operator->name,
2,171,rectangle_java2.jpg,rectangle_java2.jpg,201052589,396,1130.9251515151516,569.8833333333333,1142.5,549,10,21,;,1,class->block->function->block->block_content->return,
2,171,rectangle_java2.jpg,rectangle_java2.jpg,201132606,76,1135.928947368421,569.0926315789474,1142.5,549,10,21,;,1,class->block->function->block->block_content->return,
2,171,rectangle_java2.jpg,rectangle_java2.jpg,201392532,256,1101.560625,568.45203125,1064.5,549,71,21,this.y1,7,class->block->function->block->block_content->return->expr->name->name->operator->name,
2,171,rectangle_java2.jpg,rectangle_java2.jpg,201556538,56,934.5692857142856,567.9307142857143,900.5,549,63,21,return,6,class->block->function->block->block_content->return,
2,171,rectangle_java2.jpg,rectangle_java2.jpg,201716531,156,931.2269230769232,579.375641025641,910.5,585,62,21,return,6,class->block->function->block->block_content->return,
2,171,rectangle_java2.jpg,rectangle_java2.jpg,201852304,132,928.9830303030304,573.150303030303,910.5,585,62,21,return,6,class->block->function->block->block_content->return,
2,171,rectangle_java2.jpg,rectangle_java2.jpg,201932201,76,892.818947368421,569.0384210526316,883.5,549,10,21,{,1,class->block->function->block,
2,171,rectangle_java2.jpg,rectangle_java2.jpg,201932201,76,892.818947368421,569.0384210526316,900.5,549,63,21,return,6,class->block->function->block->block_content->return,
2,171,rectangle_java2.jpg,rectangle_java2.jpg,202164345,228,883.1759649122807,563.8022807017544,883.5,549,10,21,{,1,class->block->function->block,
2,171,rectangle_java2.jpg,rectangle_java2.jpg,202564410,352,936.582159090909,574.5846590909091,910.5,585,62,21,return,6,class->block->function->block->block_content->return,
2,171,rectangle_java2.jpg,rectangle_java2.jpg,202644429,76,978.2884210526316,577.8594736842106,977.5,585,101,21,this.width,10,class->block->function->block->block_content->return->expr->call->name->name->operator->name,
2,171,rectangle_java2.jpg,rectangle_java2.jpg,202848418,200,991.2548,579.4964,977.5,585,101,21,this.width,10,class->block->function->block->block_content->return->expr->call->name->name->operator->name,
2,171,rectangle_java2.jpg,rectangle_java2.jpg,202976400,124,981.5696774193548,573.7741935483871,977.5,585,101,21,this.width,10,class->block->function->block->block_content->return->expr->call->name->name->operator->name,
2,171,rectangle_java2.jpg,rectangle_java2.jpg,203092400,112,1039.3682142857142,575.0860714285715,977.5,585,101,21,this.width,10,class->block->function->block->block_content->return->expr->call->name->name->operator->name,
2,171,rectangle_java2.jpg,rectangle_java2.jpg,203412395,180,907.2337777777776,561.8266666666667,900.5,549,63,21,return,6,class->block->function->block->block_content->return,
2,171,rectangle_java2.jpg,rectangle_java2.jpg,203704245,288,906.0829166666666,567.2055555555555,900.5,549,63,21,return,6,class->block->function->block->block_content->return,
2,171,rectangle_java2.jpg,rectangle_java2.jpg,203832199,124,951.9009677419356,568.93,900.5,549,63,21,return,6,class->block->function->block->block_content->return,
2,171,rectangle_java2.jpg,rectangle_java2.jpg,203920207,84,958.9214285714286,565.6428571428571,900.5,549,63,21,return,6,class->block->function->block->block_content->return,
2,171,rectangle_java2.jpg,rectangle_java2.jpg,203920207,84,958.9214285714286,565.6428571428571,968.5,549,70,21,this.y2,7,class->block->function->block->block_content->return->expr->name->name->operator->name,
2,171,rectangle_java2.jpg,rectangle_java2.jpg,204048240,108,1042.6814814814816,578.1011111111111,977.5,585,101,21,this.width,10,class->block->function->block->block_content->return->expr->call->name->name->operator->name,
2,171,rectangle_java2.jpg,rectangle_java2.jpg,204180265,128,1048.4090625,577.225,977.5,585,101,21,this.width,10,class->block->function->block->block_content->return->expr->call->name->name->operator->name,
2,171,rectangle_java2.jpg,rectangle_java2.jpg,204280301,96,1045.4504166666666,574.355,977.5,585,101,21,this.width,10,class->block->function->block->block_content->return->expr->call->name->name->operator->name,
2,171,rectangle_java2.jpg,rectangle_java2.jpg,204912279,112,1073.4478571428572,612.6671428571428,1074.5,621,10,21,),1,class->block->function->parameter_list,
2,171,rectangle_java2.jpg,rectangle_java2.jpg,205312262,80,1073.2225,604.127,977.5,585,101,21,this.width,10,class->block->function->block->block_content->return->expr->call->name->name->operator->name,
2,171,rectangle_java2.jpg,rectangle_java2.jpg,205684046,368,1071.8411956521738,604.3627173913044,977.5,585,101,21,this.width,10,class->block->function->block->block_content->return->expr->call->name->name->operator->name,
2,171,rectangle_java2.jpg,rectangle_java2.jpg,205756065,68,1110.3011764705882,603.9829411764706,1103.5,585,9,21,),1,class->block->function->block->block_content->return->expr->call->argument_list,
2,171,rectangle_java2.jpg,rectangle_java2.jpg,205756065,68,1110.3011764705882,603.9829411764706,1122.5,585,12,21,*,1,class->block->function->block->block_content->return->expr->operator,
2,171,rectangle_java2.jpg,rectangle_java2.jpg,206064165,304,1110.9236842105263,603.4761842105263,1103.5,585,9,21,),1,class->block->function->block->block_content->return->expr->call->argument_list,
2,171,rectangle_java2.jpg,rectangle_java2.jpg,206064165,304,1110.9236842105263,603.4761842105263,1122.5,585,12,21,*,1,class->block->function->block->block_content->return->expr->operator,
2,171,rectangle_java2.jpg,rectangle_java2.jpg,206152185,84,1110.9752380952382,594.7995238095237,1103.5,585,9,21,),1,class->block->function->block->block_content->return->expr->call->argument_list,
2,171,rectangle_java2.jpg,rectangle_java2.jpg,206152185,84,1110.9752380952382,594.7995238095237,1122.5,585,12,21,*,1,class->block->function->block->block_content->return->expr->operator,
2,171,rectangle_java2.jpg,rectangle_java2.jpg,206396161,156,1164.4641025641026,565.0458974358975,1161.5,549,10,21,},1,class->block->function->block,
2,171,rectangle_java2.jpg,rectangle_java2.jpg,206960133,120,761.5776666666667,604.7243333333333,737.5,585,62,21,double,6,class->block->function->type->name,
2,171,rectangle_java2.jpg,rectangle_java2.jpg,207224156,244,759.6436065573771,510.0370491803278,737.5,512,33,21,int,3,class->block->function->type->name,
2,171,rectangle_java2.jpg,rectangle_java2.jpg,207576013,88,836.2490909090909,705.96,730.5,694,177,21,System.out.println,18,class->block->function->block->block_content->expr_stmt->expr->call->name->name->operator->name->operator->name,
2,171,rectangle_java2.jpg,rectangle_java2.jpg,207664037,84,838.172380952381,714.9019047619048,730.5,694,177,21,System.out.println,18,class->block->function->block->block_content->expr_stmt->expr->call->name->name->operator->name->operator->name,
2,171,rectangle_java2.jpg,rectangle_java2.jpg,208232022,288,857.7463888888889,627.6798611111111,851.5,621,44,21,main,4,class->block->function->name,
2,171,rectangle_java2.jpg,rectangle_java2.jpg,209459912,160,922.835,781.0285,916.5,766,9,21,(,1,class->block->function->block->block_content->expr_stmt->expr->call->argument_list,
2,171,rectangle_java2.jpg,rectangle_java2.jpg,209459912,160,922.835,781.0285,932.5,766,100,21,rect2.area,10,class->block->function->block->block_content->expr_stmt->expr->call->argument_list->argument->expr->call->name->name->operator->name,
2,171,rectangle_java2.jpg,rectangle_java2.jpg,209611852,148,926.8489189189188,785.1137837837838,932.5,766,100,21,rect2.area,10,class->block->function->block->block_content->expr_stmt->expr->call->argument_list->argument->expr->call->name->name->operator->name,
2,171,rectangle_java2.jpg,rectangle_java2.jpg,209691840,56,945.0157142857142,514.6207142857143,891.5,512,62,21,return,6,class->block->function->block->block_content->return->expr->name->name,
