trial,participant,code_file,code_language,timestamp,duration,x_cord,y_cord,aoi_x,aoi_y,aoi_width,aoi_height,token,length,srcML,
2,182,rectangle_java2.jpg,rectangle_java2.jpg,875008000,104,803.9653846153847,335.6323076923077,806.5,331,15,19,=,1,class->block->constructor->block->block_content->expr_stmt->expr->operator,
2,182,rectangle_java2.jpg,rectangle_java2.jpg,875107927,96,797.8758333333333,335.5458333333333,730.5,331,71,19,this.x1,7,class->block->constructor->block->block_content->expr_stmt->expr->name->name->operator->name,
2,182,rectangle_java2.jpg,rectangle_java2.jpg,875107927,96,797.8758333333333,335.5458333333333,806.5,331,15,19,=,1,class->block->constructor->block->block_content->expr_stmt->expr->operator,
2,182,rectangle_java2.jpg,rectangle_java2.jpg,875227884,116,805.1451724137931,337.85689655172416,806.5,331,15,19,=,1,class->block->constructor->block->block_content->expr_stmt->expr->operator,
2,182,rectangle_java2.jpg,rectangle_java2.jpg,875995742,140,789.4639999999999,284.4788571428571,737.5,295,91,21,Rectangle,9,class->block->constructor->name,
2,182,rectangle_java2.jpg,rectangle_java2.jpg,876843671,88,764.2763636363636,268.7245454545455,747.5,259,33,21,int,3,class->block->decl_stmt->decl->type->name,
2,182,rectangle_java2.jpg,rectangle_java2.jpg,876971678,124,769.6583870967742,275.1390322580645,747.5,259,33,21,int,3,class->block->decl_stmt->decl->type->name,
2,182,rectangle_java2.jpg,rectangle_java2.jpg,877091638,80,822.3325,286.231,737.5,295,91,21,Rectangle,9,class->block->constructor->name,
2,182,rectangle_java2.jpg,rectangle_java2.jpg,877155600,60,826.98,284.35066666666665,737.5,295,91,21,Rectangle,9,class->block->constructor->name,
2,182,rectangle_java2.jpg,rectangle_java2.jpg,877155600,60,826.98,284.35066666666665,837.5,295,9,21,(,1,class->block->constructor->parameter_list,
2,182,rectangle_java2.jpg,rectangle_java2.jpg,877279573,68,792.5876470588236,292.68117647058824,737.5,295,91,21,Rectangle,9,class->block->constructor->name,
2,182,rectangle_java2.jpg,rectangle_java2.jpg,877691635,120,853.9383333333334,514.4173333333333,854.5,512,9,21,),1,class->block->function->parameter_list,
2,182,rectangle_java2.jpg,rectangle_java2.jpg,877819622,124,855.5835483870968,515.6154838709678,854.5,512,9,21,),1,class->block->function->parameter_list,
2,182,rectangle_java2.jpg,rectangle_java2.jpg,877927629,104,850.1315384615385,508.7161538461538,854.5,512,9,21,),1,class->block->function->parameter_list,
2,182,rectangle_java2.jpg,rectangle_java2.jpg,886676172,60,811.2193333333333,345.3333333333333,806.5,331,15,19,=,1,class->block->constructor->block->block_content->expr_stmt->expr->operator,
2,182,rectangle_java2.jpg,rectangle_java2.jpg,886745502,64,816.075625,331.609375,806.5,331,15,19,=,1,class->block->constructor->block->block_content->expr_stmt->expr->operator,
2,182,rectangle_java2.jpg,rectangle_java2.jpg,886745502,64,816.075625,331.609375,826.5,331,23,19,x1,2,class->block->constructor->block->block_content->expr_stmt->expr->name->name,
2,182,rectangle_java2.jpg,rectangle_java2.jpg,886978950,192,817.7966666666666,210.89187500000003,813.5,222,10,21,{,1,class->block,
2,182,rectangle_java2.jpg,rectangle_java2.jpg,887050957,68,812.1899999999999,220.78176470588232,813.5,222,10,21,{,1,class->block,
2,182,rectangle_java2.jpg,rectangle_java2.jpg,888138937,68,764.4211764705882,210.44,715.5,222,90,21,Rectangle,9,class->name,
2,182,rectangle_java2.jpg,rectangle_java2.jpg,888362723,56,799.4821428571429,278.96500000000003,785.5,259,23,21,x1,2,class->block->decl_stmt->decl->name,
2,182,rectangle_java2.jpg,rectangle_java2.jpg,888454602,88,799.4204545454545,268.88772727272726,785.5,259,23,21,x1,2,class->block->decl_stmt->decl->name,
2,182,rectangle_java2.jpg,rectangle_java2.jpg,888522622,64,790.11,274.346875,785.5,259,23,21,x1,2,class->block->decl_stmt->decl->name,
2,182,rectangle_java2.jpg,rectangle_java2.jpg,888642755,116,780.2831034482758,278.8068965517241,747.5,259,33,21,int,3,class->block->decl_stmt->decl->type->name,
2,182,rectangle_java2.jpg,rectangle_java2.jpg,888642755,116,780.2831034482758,278.8068965517241,785.5,259,23,21,x1,2,class->block->decl_stmt->decl->name,
2,182,rectangle_java2.jpg,rectangle_java2.jpg,888790820,92,744.4078260869566,265.43217391304347,747.5,259,33,21,int,3,class->block->decl_stmt->decl->type->name,
2,182,rectangle_java2.jpg,rectangle_java2.jpg,889178794,72,844.8577777777778,510.63666666666666,837.5,512,9,21,(,1,class->block->function->parameter_list,
2,182,rectangle_java2.jpg,rectangle_java2.jpg,889178794,72,844.8577777777778,510.63666666666666,854.5,512,9,21,),1,class->block->function->parameter_list,
2,182,rectangle_java2.jpg,rectangle_java2.jpg,889346775,164,844.0226829268292,515.4841463414634,837.5,512,9,21,(,1,class->block->function->parameter_list,
2,182,rectangle_java2.jpg,rectangle_java2.jpg,889346775,164,844.0226829268292,515.4841463414634,854.5,512,9,21,),1,class->block->function->parameter_list,
2,182,rectangle_java2.jpg,rectangle_java2.jpg,890078836,100,749.6448,259.1824,747.5,259,33,21,int,3,class->block->decl_stmt->decl->type->name,
2,182,rectangle_java2.jpg,rectangle_java2.jpg,890198771,116,749.4658620689655,253.33793103448272,747.5,259,33,21,int,3,class->block->decl_stmt->decl->type->name,
2,182,rectangle_java2.jpg,rectangle_java2.jpg,890950662,104,783.2476923076923,295.5319230769231,737.5,295,91,21,Rectangle,9,class->block->constructor->name,
2,182,rectangle_java2.jpg,rectangle_java2.jpg,891194684,208,820.4723076923077,283.5344230769231,737.5,295,91,21,Rectangle,9,class->block->constructor->name,
2,182,rectangle_java2.jpg,rectangle_java2.jpg,891382651,160,919.41975,305.5275,921.5,295,9,21,"""","""",1,class->block->constructor->parameter_list
2,182,rectangle_java2.jpg,rectangle_java2.jpg,891586706,168,892.265,297.0028571428571,890.5,295,24,21,x1,2,class->block->constructor->parameter_list->parameter->decl->type->name,
2,182,rectangle_java2.jpg,rectangle_java2.jpg,891666698,76,898.9236842105263,287.7363157894737,890.5,295,24,21,x1,2,class->block->constructor->parameter_list->parameter->decl->type->name,
2,182,rectangle_java2.jpg,rectangle_java2.jpg,891866657,180,817.906,285.9484444444444,737.5,295,91,21,Rectangle,9,class->block->constructor->name,
2,182,rectangle_java2.jpg,rectangle_java2.jpg,892206390,72,896.6211111111111,288.00388888888887,890.5,295,24,21,x1,2,class->block->constructor->parameter_list->parameter->decl->type->name,
2,182,rectangle_java2.jpg,rectangle_java2.jpg,892458624,188,935.222340425532,287.24021276595744,939.5,295,33,21,int,3,class->block->constructor->parameter_list->parameter->decl->type->name,
2,182,rectangle_java2.jpg,rectangle_java2.jpg,892750545,196,801.1661224489796,359.36408163265304,730.5,367,71,21,this.y1,7,class->block->constructor->block->block_content->expr_stmt->expr->name->name->operator->name,
2,182,rectangle_java2.jpg,rectangle_java2.jpg,892750545,196,801.1661224489796,359.36408163265304,806.5,367,15,21,=,1,class->block->constructor->block->block_content->expr_stmt->expr->operator,
2,182,rectangle_java2.jpg,rectangle_java2.jpg,892890537,84,793.3409523809523,285.69,737.5,295,91,21,Rectangle,9,class->block->constructor->name,
2,182,rectangle_java2.jpg,rectangle_java2.jpg,893010559,116,802.4972413793104,282.738275862069,737.5,295,91,21,Rectangle,9,class->block->constructor->name,
2,182,rectangle_java2.jpg,rectangle_java2.jpg,893210535,92,912.8565217391304,288.1191304347826,890.5,295,24,21,x1,2,class->block->constructor->parameter_list->parameter->decl->type->name,
2,182,rectangle_java2.jpg,rectangle_java2.jpg,893210535,92,912.8565217391304,288.1191304347826,921.5,295,9,21,"""","""",1,class->block->constructor->parameter_list
2,182,rectangle_java2.jpg,rectangle_java2.jpg,893278546,64,917.184375,284.088125,921.5,295,9,21,"""","""",1,class->block->constructor->parameter_list
2,182,rectangle_java2.jpg,rectangle_java2.jpg,894298406,92,774.045652173913,210.4252173913044,715.5,222,90,21,Rectangle,9,class->name,
2,182,rectangle_java2.jpg,rectangle_java2.jpg,894402405,64,766.36625,221.08875,715.5,222,90,21,Rectangle,9,class->name,
2,182,rectangle_java2.jpg,rectangle_java2.jpg,894526427,120,780.487,210.141,715.5,222,90,21,Rectangle,9,class->name,
2,182,rectangle_java2.jpg,rectangle_java2.jpg,894598447,68,767.464705882353,214.31941176470588,715.5,222,90,21,Rectangle,9,class->name,
2,182,rectangle_java2.jpg,rectangle_java2.jpg,895770335,64,755.52875,234.03125,715.5,222,90,21,Rectangle,9,class->name,
2,182,rectangle_java2.jpg,rectangle_java2.jpg,895978254,108,756.7925925925925,235.7155555555556,715.5,222,90,21,Rectangle,9,class->name,
2,182,rectangle_java2.jpg,rectangle_java2.jpg,896678318,212,758.0679245283019,229.30698113207544,715.5,222,90,21,Rectangle,9,class->name,
2,182,rectangle_java2.jpg,rectangle_java2.jpg,896754301,72,757.5788888888889,239.8733333333333,715.5,222,90,21,Rectangle,9,class->name,
2,182,rectangle_java2.jpg,rectangle_java2.jpg,896882279,124,728.0932258064516,232.05967741935484,715.5,222,90,21,Rectangle,9,class->name,
2,182,rectangle_java2.jpg,rectangle_java2.jpg,897050316,164,733.1026829268293,234.49951219512195,715.5,222,90,21,Rectangle,9,class->name,
2,182,rectangle_java2.jpg,rectangle_java2.jpg,897138318,56,814.1807142857143,279.11285714285714,815.5,259,10,21,"""","""",1,class->block->decl_stmt
2,182,rectangle_java2.jpg,rectangle_java2.jpg,897378310,144,803.8344444444444,289.6072222222222,737.5,295,91,21,Rectangle,9,class->block->constructor->name,
2,182,rectangle_java2.jpg,rectangle_java2.jpg,897538306,144,775.8497222222222,227.57,715.5,222,90,21,Rectangle,9,class->name,
2,182,rectangle_java2.jpg,rectangle_java2.jpg,897614292,72,769.8361111111111,234.6111111111111,715.5,222,90,21,Rectangle,9,class->name,
2,182,rectangle_java2.jpg,rectangle_java2.jpg,898194164,128,818.20375,458.44562500000006,806.5,440,15,21,=,1,class->block->constructor->block->block_content->expr_stmt->expr->operator,
2,182,rectangle_java2.jpg,rectangle_java2.jpg,898194164,128,818.20375,458.44562500000006,826.5,440,23,21,y2,2,class->block->constructor->block->block_content->expr_stmt->expr->name->name,
2,182,rectangle_java2.jpg,rectangle_java2.jpg,898306181,76,825.3205263157895,508.4257894736842,775.5,512,53,21,width,5,class->block->function->name,
2,182,rectangle_java2.jpg,rectangle_java2.jpg,898306181,76,825.3205263157895,508.4257894736842,837.5,512,9,21,(,1,class->block->function->parameter_list,
2,182,rectangle_java2.jpg,rectangle_java2.jpg,898466161,72,867.5222222222222,503.9222222222222,874.5,512,10,21,{,1,class->block->function->block,
2,182,rectangle_java2.jpg,rectangle_java2.jpg,898526142,56,874.7064285714285,513.785,874.5,512,10,21,{,1,class->block->function->block,
2,182,rectangle_java2.jpg,rectangle_java2.jpg,898650153,80,811.08,307.8235,737.5,295,91,21,Rectangle,9,class->block->constructor->name,
2,182,rectangle_java2.jpg,rectangle_java2.jpg,898770176,116,808.6624137931035,299.1644827586207,737.5,295,91,21,Rectangle,9,class->block->constructor->name,
2,182,rectangle_java2.jpg,rectangle_java2.jpg,898950155,124,799.6906451612904,220.2964516129032,715.5,222,90,21,Rectangle,9,class->name,
2,182,rectangle_java2.jpg,rectangle_java2.jpg,899570077,184,798.0578260869565,232.42391304347825,715.5,222,90,21,Rectangle,9,class->name,
2,182,rectangle_java2.jpg,rectangle_java2.jpg,899930048,112,780.5525,237.8025,715.5,222,90,21,Rectangle,9,class->name,
2,182,rectangle_java2.jpg,rectangle_java2.jpg,899994053,60,764.8786666666666,247.68066666666664,747.5,259,33,21,int,3,class->block->decl_stmt->decl->type->name,
2,182,rectangle_java2.jpg,rectangle_java2.jpg,900210045,212,771.2784905660377,241.7971698113207,715.5,222,90,21,Rectangle,9,class->name,
2,182,rectangle_java2.jpg,rectangle_java2.jpg,900278042,64,768.690625,237.369375,715.5,222,90,21,Rectangle,9,class->name,
2,182,rectangle_java2.jpg,rectangle_java2.jpg,900394036,64,773.310625,216.8,715.5,222,90,21,Rectangle,9,class->name,
2,182,rectangle_java2.jpg,rectangle_java2.jpg,900598021,76,783.4847368421052,240.37,715.5,222,90,21,Rectangle,9,class->name,
2,182,rectangle_java2.jpg,rectangle_java2.jpg,900678027,76,780.7594736842105,234.42526315789476,715.5,222,90,21,Rectangle,9,class->name,
2,182,rectangle_java2.jpg,rectangle_java2.jpg,900858026,96,824.6054166666667,366.65625,826.5,367,23,21,y1,2,class->block->constructor->block->block_content->expr_stmt->expr->name->name,
2,182,rectangle_java2.jpg,rectangle_java2.jpg,901002020,104,787.8426923076923,272.34769230769234,785.5,259,23,21,x1,2,class->block->decl_stmt->decl->name,
2,182,rectangle_java2.jpg,rectangle_java2.jpg,901086025,80,783.979,284.619,737.5,295,91,21,Rectangle,9,class->block->constructor->name,
2,182,rectangle_java2.jpg,rectangle_java2.jpg,901257943,152,828.5036842105263,288.89894736842103,837.5,295,9,21,(,1,class->block->constructor->parameter_list,
2,182,rectangle_java2.jpg,rectangle_java2.jpg,901465847,124,929.6467741935484,285.69870967741934,921.5,295,9,21,"""","""",1,class->block->constructor->parameter_list
2,182,rectangle_java2.jpg,rectangle_java2.jpg,901465847,124,929.6467741935484,285.69870967741934,939.5,295,33,21,int,3,class->block->constructor->parameter_list->parameter->decl->type->name,
2,182,rectangle_java2.jpg,rectangle_java2.jpg,901585929,56,876.945,558.1678571428572,883.5,549,10,21,{,1,class->block->function->block,
2,182,rectangle_java2.jpg,rectangle_java2.jpg,901685931,96,880.0954166666667,562.4108333333334,883.5,549,10,21,{,1,class->block->function->block,
2,182,rectangle_java2.jpg,rectangle_java2.jpg,901845865,156,883.4605128205128,551.1823076923077,883.5,549,10,21,{,1,class->block->function->block,
2,182,rectangle_java2.jpg,rectangle_java2.jpg,902025848,96,1006.9679166666666,631.4741666666666,1007.5,621,10,21,],1,class->block->function->parameter_list->parameter->decl->type->name->index,
2,182,rectangle_java2.jpg,rectangle_java2.jpg,902153903,92,1080.8934782608696,616.3434782608696,1074.5,621,10,21,),1,class->block->function->parameter_list,
2,182,rectangle_java2.jpg,rectangle_java2.jpg,902249947,92,1091.6360869565217,615.991304347826,1094.5,621,10,21,{,1,class->block->function->block,
2,182,rectangle_java2.jpg,rectangle_java2.jpg,902469901,152,1162.2402631578948,581.7436842105263,1140.5,585,110,21,this.height,11,class->block->function->block->block_content->return->expr->call->name->name->operator->name,
2,182,rectangle_java2.jpg,rectangle_java2.jpg,903257866,196,904.9848979591836,314.00367346938776,890.5,295,24,21,x1,2,class->block->constructor->parameter_list->parameter->decl->type->name,
2,182,rectangle_java2.jpg,rectangle_java2.jpg,903873766,124,827.5241935483871,247.5870967741936,833.5,259,23,21,y1,2,class->block->decl_stmt->decl->name,
2,182,rectangle_java2.jpg,rectangle_java2.jpg,906369693,112,1074.2414285714283,723.7389285714286,1077.5,731,9,20,"""","""",1,class->block->function->block->block_content->decl_stmt->decl->init->expr->call->argument_list
2,182,rectangle_java2.jpg,rectangle_java2.jpg,910661349,116,961.3310344827586,266.82689655172413,959.5,259,10,21,;,1,class->block->decl_stmt,
2,182,rectangle_java2.jpg,rectangle_java2.jpg,910885239,152,828.2528947368421,300.48763157894734,737.5,295,91,21,Rectangle,9,class->block->constructor->name,
2,182,rectangle_java2.jpg,rectangle_java2.jpg,910885239,152,828.2528947368421,300.48763157894734,837.5,295,9,21,(,1,class->block->constructor->parameter_list,
2,182,rectangle_java2.jpg,rectangle_java2.jpg,911053208,164,800.4746341463415,291.7431707317073,737.5,295,91,21,Rectangle,9,class->block->constructor->name,
2,182,rectangle_java2.jpg,rectangle_java2.jpg,911217250,148,906.5535135135136,302.7481081081081,890.5,295,24,21,x1,2,class->block->constructor->parameter_list->parameter->decl->type->name,
2,182,rectangle_java2.jpg,rectangle_java2.jpg,911305279,84,915.6604761904762,298.8228571428571,921.5,295,9,21,"""","""",1,class->block->constructor->parameter_list
2,182,rectangle_java2.jpg,rectangle_java2.jpg,911417294,84,795.9338095238095,299.89428571428573,737.5,295,91,21,Rectangle,9,class->block->constructor->name,
2,182,rectangle_java2.jpg,rectangle_java2.jpg,912361249,156,804.7923076923076,320.59769230769234,806.5,331,15,19,=,1,class->block->constructor->block->block_content->expr_stmt->expr->operator,
2,182,rectangle_java2.jpg,rectangle_java2.jpg,912677243,140,801.8568571428572,279.76114285714283,785.5,259,23,21,x1,2,class->block->decl_stmt->decl->name,
2,182,rectangle_java2.jpg,rectangle_java2.jpg,912745208,64,798.9975,288.496875,737.5,295,91,21,Rectangle,9,class->block->constructor->name,
2,182,rectangle_java2.jpg,rectangle_java2.jpg,912893144,92,910.5039130434784,288.38652173913044,890.5,295,24,21,x1,2,class->block->constructor->parameter_list->parameter->decl->type->name,
2,182,rectangle_java2.jpg,rectangle_java2.jpg,912893144,92,910.5039130434784,288.38652173913044,921.5,295,9,21,"""","""",1,class->block->constructor->parameter_list
2,182,rectangle_java2.jpg,rectangle_java2.jpg,912997122,100,904.4544,288.7132,890.5,295,24,21,x1,2,class->block->constructor->parameter_list->parameter->decl->type->name,
2,182,rectangle_java2.jpg,rectangle_java2.jpg,913141118,88,1008.9790909090908,305.3636363636364,1007.5,295,10,21,"""","""",1,class->block->constructor->parameter_list
2,182,rectangle_java2.jpg,rectangle_java2.jpg,913205123,60,1015.4,293.46733333333333,1007.5,295,10,21,"""","""",1,class->block->constructor->parameter_list
2,182,rectangle_java2.jpg,rectangle_java2.jpg,913205123,60,1015.4,293.46733333333333,1025.5,295,33,21,int,3,class->block->constructor->parameter_list->parameter->decl->type->name,
2,182,rectangle_java2.jpg,rectangle_java2.jpg,913273132,64,1007.8925,300.419375,1007.5,295,10,21,"""","""",1,class->block->constructor->parameter_list
2,182,rectangle_java2.jpg,rectangle_java2.jpg,913401152,108,923.8707407407408,293.7251851851852,921.5,295,9,21,"""","""",1,class->block->constructor->parameter_list
2,182,rectangle_java2.jpg,rectangle_java2.jpg,913537153,132,917.149393939394,293.13,921.5,295,9,21,"""","""",1,class->block->constructor->parameter_list
2,182,rectangle_java2.jpg,rectangle_java2.jpg,914864983,156,1071.3953846153845,309.0515384615385,1063.5,295,23,21,x2,2,class->block->constructor->parameter_list->parameter->decl->type->name,
2,182,rectangle_java2.jpg,rectangle_java2.jpg,915032965,80,1118.927,306.6225,1112.5,295,33,21,int,3,class->block->constructor->parameter_list->parameter->decl->type->name,
2,182,rectangle_java2.jpg,rectangle_java2.jpg,915908996,332,913.635421686747,294.9336144578313,890.5,295,24,21,x1,2,class->block->constructor->parameter_list->parameter->decl->type->name,
2,182,rectangle_java2.jpg,rectangle_java2.jpg,915908996,332,913.635421686747,294.9336144578313,921.5,295,9,21,"""","""",1,class->block->constructor->parameter_list
2,182,rectangle_java2.jpg,rectangle_java2.jpg,915968995,56,912.9314285714286,288.57714285714286,890.5,295,24,21,x1,2,class->block->constructor->parameter_list->parameter->decl->type->name,
2,182,rectangle_java2.jpg,rectangle_java2.jpg,915968995,56,912.9314285714286,288.57714285714286,921.5,295,9,21,"""","""",1,class->block->constructor->parameter_list
2,182,rectangle_java2.jpg,rectangle_java2.jpg,916036994,64,909.981875,296.784375,890.5,295,24,21,x1,2,class->block->constructor->parameter_list->parameter->decl->type->name,
2,182,rectangle_java2.jpg,rectangle_java2.jpg,916036994,64,909.981875,296.784375,921.5,295,9,21,"""","""",1,class->block->constructor->parameter_list
2,182,rectangle_java2.jpg,rectangle_java2.jpg,916220939,180,965.2648888888888,300.4662222222222,939.5,295,33,21,int,3,class->block->constructor->parameter_list->parameter->decl->type->name,
2,182,rectangle_java2.jpg,rectangle_java2.jpg,916220939,180,965.2648888888888,300.4662222222222,977.5,295,23,21,y1,2,class->block->constructor->parameter_list->parameter->decl->type->name,
2,182,rectangle_java2.jpg,rectangle_java2.jpg,916560717,296,1017.8972972972972,305.7285135135135,1025.5,295,33,21,int,3,class->block->constructor->parameter_list->parameter->decl->type->name,
2,182,rectangle_java2.jpg,rectangle_java2.jpg,916708802,100,1109.7056,298.5048,1112.5,295,33,21,int,3,class->block->constructor->parameter_list->parameter->decl->type->name,
2,182,rectangle_java2.jpg,rectangle_java2.jpg,917144845,432,1111.4523148148148,293.9493518518519,1112.5,295,33,21,int,3,class->block->constructor->parameter_list->parameter->decl->type->name,
2,182,rectangle_java2.jpg,rectangle_java2.jpg,917820866,244,835.6650819672132,387.712131147541,826.5,367,23,21,y1,2,class->block->constructor->block->block_content->expr_stmt->expr->name->name,
2,182,rectangle_java2.jpg,rectangle_java2.jpg,917892853,68,843.3370588235294,377.8958823529412,826.5,367,23,21,y1,2,class->block->constructor->block->block_content->expr_stmt->expr->name->name,
2,182,rectangle_java2.jpg,rectangle_java2.jpg,918620716,176,862.8454545454546,272.57204545454545,863.5,259,10,21,"""","""",1,class->block->decl_stmt
2,182,rectangle_java2.jpg,rectangle_java2.jpg,918732701,72,810.8366666666667,339.3,806.5,331,15,19,=,1,class->block->constructor->block->block_content->expr_stmt->expr->operator,
2,182,rectangle_java2.jpg,rectangle_java2.jpg,918816692,80,810.2315,335.707,806.5,331,15,19,=,1,class->block->constructor->block->block_content->expr_stmt->expr->operator,
2,182,rectangle_java2.jpg,rectangle_java2.jpg,919160686,196,813.5638775510204,299.3722448979592,737.5,295,91,21,Rectangle,9,class->block->constructor->name,
2,182,rectangle_java2.jpg,rectangle_java2.jpg,919812701,56,908.5657142857144,304.7635714285714,890.5,295,24,21,x1,2,class->block->constructor->parameter_list->parameter->decl->type->name,
2,182,rectangle_java2.jpg,rectangle_java2.jpg,919920675,104,908.3411538461538,305.86192307692306,890.5,295,24,21,x1,2,class->block->constructor->parameter_list->parameter->decl->type->name,
2,182,rectangle_java2.jpg,rectangle_java2.jpg,920004641,80,914.6435,313.066,921.5,295,9,21,"""","""",1,class->block->constructor->parameter_list
2,182,rectangle_java2.jpg,rectangle_java2.jpg,920076567,68,928.75,310.1235294117647,921.5,295,9,21,"""","""",1,class->block->constructor->parameter_list
2,182,rectangle_java2.jpg,rectangle_java2.jpg,920076567,68,928.75,310.1235294117647,939.5,295,33,21,int,3,class->block->constructor->parameter_list->parameter->decl->type->name,
2,182,rectangle_java2.jpg,rectangle_java2.jpg,920404525,136,906.7826470588236,304.6397058823529,890.5,295,24,21,x1,2,class->block->constructor->parameter_list->parameter->decl->type->name,
2,182,rectangle_java2.jpg,rectangle_java2.jpg,920484567,76,913.8573684210526,297.98263157894735,890.5,295,24,21,x1,2,class->block->constructor->parameter_list->parameter->decl->type->name,
2,182,rectangle_java2.jpg,rectangle_java2.jpg,920484567,76,913.8573684210526,297.98263157894735,921.5,295,9,21,"""","""",1,class->block->constructor->parameter_list
2,182,rectangle_java2.jpg,rectangle_java2.jpg,920632577,88,1008.6922727272728,285.1718181818182,1007.5,295,10,21,"""","""",1,class->block->constructor->parameter_list
2,182,rectangle_java2.jpg,rectangle_java2.jpg,920760610,76,987.762105263158,302.3594736842105,977.5,295,23,21,y1,2,class->block->constructor->parameter_list->parameter->decl->type->name,
2,182,rectangle_java2.jpg,rectangle_java2.jpg,920880636,92,1023.4921739130436,310.05782608695654,1025.5,295,33,21,int,3,class->block->constructor->parameter_list->parameter->decl->type->name,
2,182,rectangle_java2.jpg,rectangle_java2.jpg,920984610,100,1025.1044,312.4548,1025.5,295,33,21,int,3,class->block->constructor->parameter_list->parameter->decl->type->name,
2,182,rectangle_java2.jpg,rectangle_java2.jpg,921316594,128,1086.67875,304.3096875,1094.5,295,9,21,"""","""",1,class->block->constructor->parameter_list
2,182,rectangle_java2.jpg,rectangle_java2.jpg,921388598,68,1088.2994117647058,299.38941176470587,1094.5,295,9,21,"""","""",1,class->block->constructor->parameter_list
2,182,rectangle_java2.jpg,rectangle_java2.jpg,922236398,64,825.3925,367.951875,826.5,367,23,21,y1,2,class->block->constructor->block->block_content->expr_stmt->expr->name->name,
2,182,rectangle_java2.jpg,rectangle_java2.jpg,922308417,68,828.7782352941176,366.2517647058824,826.5,367,23,21,y1,2,class->block->constructor->block->block_content->expr_stmt->expr->name->name,
2,182,rectangle_java2.jpg,rectangle_java2.jpg,922388422,76,823.5321052631579,373.5652631578947,826.5,367,23,21,y1,2,class->block->constructor->block->block_content->expr_stmt->expr->name->name,
2,182,rectangle_java2.jpg,rectangle_java2.jpg,922564438,140,842.2025714285714,326.2977142857143,826.5,331,23,19,x1,2,class->block->constructor->block->block_content->expr_stmt->expr->name->name,
2,182,rectangle_java2.jpg,rectangle_java2.jpg,922740447,140,845.2714285714286,326.044,826.5,331,23,19,x1,2,class->block->constructor->block->block_content->expr_stmt->expr->name->name,
2,182,rectangle_java2.jpg,rectangle_java2.jpg,922740447,140,845.2714285714286,326.044,856.5,331,10,19,;,1,class->block->constructor->block->block_content->expr_stmt,
2,182,rectangle_java2.jpg,rectangle_java2.jpg,923564400,68,842.6211764705882,349.2252941176471,826.5,331,23,19,x1,2,class->block->constructor->block->block_content->expr_stmt->expr->name->name,
2,182,rectangle_java2.jpg,rectangle_java2.jpg,923844415,124,839.016129032258,359.86967741935484,826.5,367,23,21,y1,2,class->block->constructor->block->block_content->expr_stmt->expr->name->name,
2,182,rectangle_java2.jpg,rectangle_java2.jpg,924176284,156,800.4617948717948,240.75230769230768,715.5,222,90,21,Rectangle,9,class->name,
2,182,rectangle_java2.jpg,rectangle_java2.jpg,924260282,80,808.9885,224.699,813.5,222,10,21,{,1,class->block,
2,182,rectangle_java2.jpg,rectangle_java2.jpg,924464176,108,900.6592592592592,256.8574074074074,881.5,259,23,21,x2,2,class->block->decl_stmt->decl->name,
2,182,rectangle_java2.jpg,rectangle_java2.jpg,924464176,108,900.6592592592592,256.8574074074074,911.5,259,10,21,"""","""",1,class->block->decl_stmt
2,182,rectangle_java2.jpg,rectangle_java2.jpg,924700301,120,866.1346666666667,449.762,856.5,440,10,21,;,1,class->block->constructor->block->block_content->expr_stmt,
2,182,rectangle_java2.jpg,rectangle_java2.jpg,925112303,68,765.185294117647,501.7876470588235,737.5,512,33,21,int,3,class->block->function->type->name,
2,182,rectangle_java2.jpg,rectangle_java2.jpg,925112303,68,765.185294117647,501.7876470588235,775.5,512,53,21,width,5,class->block->function->name,
2,182,rectangle_java2.jpg,rectangle_java2.jpg,925568315,124,829.8941935483871,502.9254838709678,837.5,512,9,21,(,1,class->block->function->parameter_list,
2,182,rectangle_java2.jpg,rectangle_java2.jpg,925672303,80,752.0554999999999,504.5385,737.5,512,33,21,int,3,class->block->function->type->name,
2,182,rectangle_java2.jpg,rectangle_java2.jpg,925776225,100,743.1016,501.50520000000006,737.5,512,33,21,int,3,class->block->function->type->name,
2,182,rectangle_java2.jpg,rectangle_java2.jpg,926172159,172,801.2086046511628,507.53023255813946,775.5,512,53,21,width,5,class->block->function->name,
2,182,rectangle_java2.jpg,rectangle_java2.jpg,926412174,144,872.6491666666667,516.9611111111111,874.5,512,10,21,{,1,class->block->function->block,
2,182,rectangle_java2.jpg,rectangle_java2.jpg,926756207,248,967.7867741935484,516.3496774193549,958.5,512,71,21,this.x2,7,class->block->function->block->block_content->return->expr->name->name->operator->name->operator,
2,182,rectangle_java2.jpg,rectangle_java2.jpg,926836224,60,876.7946666666667,502.11733333333336,874.5,512,10,21,{,1,class->block->function->block,
2,182,rectangle_java2.jpg,rectangle_java2.jpg,926956212,116,867.4696551724138,506.9034482758621,874.5,512,10,21,{,1,class->block->function->block,
2,182,rectangle_java2.jpg,rectangle_java2.jpg,927084185,116,965.9348275862068,513.0406896551724,958.5,512,71,21,this.x2,7,class->block->function->block->block_content->return->expr->name->name->operator->name->operator,
2,182,rectangle_java2.jpg,rectangle_java2.jpg,927224182,136,972.5117647058825,515.449705882353,958.5,512,71,21,this.x2,7,class->block->function->block->block_content->return->expr->name->name->operator->name->operator,
2,182,rectangle_java2.jpg,rectangle_java2.jpg,927436178,144,810.4836111111111,506.35416666666674,775.5,512,53,21,width,5,class->block->function->name,
2,182,rectangle_java2.jpg,rectangle_java2.jpg,927524130,84,804.5547619047619,508.3095238095239,775.5,512,53,21,width,5,class->block->function->name,
2,182,rectangle_java2.jpg,rectangle_java2.jpg,927592030,64,816.94,502.9275,775.5,512,53,21,width,5,class->block->function->name,
2,182,rectangle_java2.jpg,rectangle_java2.jpg,927675902,60,767.2413333333333,501.9093333333333,737.5,512,33,21,int,3,class->block->function->type->name,
2,182,rectangle_java2.jpg,rectangle_java2.jpg,927675902,60,767.2413333333333,501.9093333333333,775.5,512,53,21,width,5,class->block->function->name,
2,182,rectangle_java2.jpg,rectangle_java2.jpg,927759879,80,759.83,504.1245,737.5,512,33,21,int,3,class->block->function->type->name,
2,182,rectangle_java2.jpg,rectangle_java2.jpg,927819912,56,771.2985714285714,502.3185714285714,775.5,512,53,21,width,5,class->block->function->name,
2,182,rectangle_java2.jpg,rectangle_java2.jpg,927943979,120,762.545,511.681,737.5,512,33,21,int,3,class->block->function->type->name,
2,182,rectangle_java2.jpg,rectangle_java2.jpg,928252049,60,768.314,502.3106666666668,737.5,512,33,21,int,3,class->block->function->type->name,
2,182,rectangle_java2.jpg,rectangle_java2.jpg,928252049,60,768.314,502.3106666666668,775.5,512,53,21,width,5,class->block->function->name,
2,182,rectangle_java2.jpg,rectangle_java2.jpg,928332051,76,761.2247368421052,501.0394736842105,737.5,512,33,21,int,3,class->block->function->type->name,
2,182,rectangle_java2.jpg,rectangle_java2.jpg,928528026,88,824.4663636363637,504.05,775.5,512,53,21,width,5,class->block->function->name,
2,182,rectangle_java2.jpg,rectangle_java2.jpg,928692058,68,825.9370588235294,500.179411764706,775.5,512,53,21,width,5,class->block->function->name,
2,182,rectangle_java2.jpg,rectangle_java2.jpg,928692058,68,825.9370588235294,500.179411764706,837.5,512,9,21,(,1,class->block->function->parameter_list,
2,182,rectangle_java2.jpg,rectangle_java2.jpg,929132050,164,722.7043902439025,502.25,669.5,512,63,21,public,6,class->block->function->type->specifier,
2,182,rectangle_java2.jpg,rectangle_java2.jpg,929631816,100,886.6032,512.868,891.5,512,62,21,return,6,class->block->function->block->block_content->return->expr->name->name,
2,182,rectangle_java2.jpg,rectangle_java2.jpg,929723852,88,887.3909090909091,516.3254545454546,891.5,512,62,21,return,6,class->block->function->block->block_content->return->expr->name->name,
2,182,rectangle_java2.jpg,rectangle_java2.jpg,929871927,136,977.109705882353,524.9088235294117,958.5,512,71,21,this.x2,7,class->block->function->block->block_content->return->expr->name->name->operator->name->operator,
2,182,rectangle_java2.jpg,rectangle_java2.jpg,929951927,76,982.6215789473684,529.0415789473684,958.5,512,71,21,this.x2,7,class->block->function->block->block_content->return->expr->name->name->operator->name->operator,
2,182,rectangle_java2.jpg,rectangle_java2.jpg,930179947,224,986.3969642857144,517.7003571428571,958.5,512,71,21,this.x2,7,class->block->function->block->block_content->return->expr->name->name->operator->name->operator,
2,182,rectangle_java2.jpg,rectangle_java2.jpg,930319938,136,981.27,506.4823529411765,958.5,512,71,21,this.x2,7,class->block->function->block->block_content->return->expr->name->name->operator->name->operator,
2,182,rectangle_java2.jpg,rectangle_java2.jpg,930419931,96,981.7825,504.9054166666667,958.5,512,71,21,this.x2,7,class->block->function->block->block_content->return->expr->name->name->operator->name->operator,
2,182,rectangle_java2.jpg,rectangle_java2.jpg,930811892,88,980.7404545454546,518.3263636363637,958.5,512,71,21,this.x2,7,class->block->function->block->block_content->return->expr->name->name->operator->name->operator,
2,182,rectangle_java2.jpg,rectangle_java2.jpg,930887898,72,846.3855555555556,510.1022222222223,837.5,512,9,21,(,1,class->block->function->parameter_list,
2,182,rectangle_java2.jpg,rectangle_java2.jpg,930887898,72,846.3855555555556,510.1022222222223,854.5,512,9,21,),1,class->block->function->parameter_list,
2,182,rectangle_java2.jpg,rectangle_java2.jpg,931043911,152,837.3621052631579,511.6594736842105,837.5,512,9,21,(,1,class->block->function->parameter_list,
2,182,rectangle_java2.jpg,rectangle_java2.jpg,931127926,80,839.1625,520.0335,837.5,512,9,21,(,1,class->block->function->parameter_list,
2,182,rectangle_java2.jpg,rectangle_java2.jpg,931299842,80,983.439,514.3165,958.5,512,71,21,this.x2,7,class->block->function->block->block_content->return->expr->name->name->operator->name->operator,
2,182,rectangle_java2.jpg,rectangle_java2.jpg,931395698,92,983.4495652173912,513.2052173913044,958.5,512,71,21,this.x2,7,class->block->function->block->block_content->return->expr->name->name->operator->name->operator,
2,182,rectangle_java2.jpg,rectangle_java2.jpg,931515669,116,973.0510344827586,514.9831034482759,958.5,512,71,21,this.x2,7,class->block->function->block->block_content->return->expr->name->name->operator->name->operator,
2,182,rectangle_java2.jpg,rectangle_java2.jpg,932003806,120,840.5023333333334,505.579,837.5,512,9,21,(,1,class->block->function->parameter_list,
2,182,rectangle_java2.jpg,rectangle_java2.jpg,932083827,76,838.4457894736843,504.9189473684211,837.5,512,9,21,(,1,class->block->function->parameter_list,
2,182,rectangle_java2.jpg,rectangle_java2.jpg,932171810,84,831.0904761904762,519.0023809523809,837.5,512,9,21,(,1,class->block->function->parameter_list,
2,182,rectangle_java2.jpg,rectangle_java2.jpg,932235797,60,838.448,509.7073333333333,837.5,512,9,21,(,1,class->block->function->parameter_list,
2,182,rectangle_java2.jpg,rectangle_java2.jpg,932567796,272,1008.2558823529412,518.4042647058824,958.5,512,71,21,this.x2,7,class->block->function->block->block_content->return->expr->name->name->operator->name->operator,
2,182,rectangle_java2.jpg,rectangle_java2.jpg,932719798,64,1048.58875,525.261875,1054.5,512,71,21,this.x1,7,class->block->function->block->block_content->return->expr->name->name->operator->name,
2,182,rectangle_java2.jpg,rectangle_java2.jpg,932787802,64,1038.189375,518.523125,1035.5,512,13,21,-,1,class->block->function->block->block_content->return->expr->name->name,
2,182,rectangle_java2.jpg,rectangle_java2.jpg,932907857,88,867.5136363636364,518.6995454545455,874.5,512,10,21,{,1,class->block->function->block,
2,182,rectangle_java2.jpg,rectangle_java2.jpg,933011947,100,865.7504,509.288,874.5,512,10,21,{,1,class->block->function->block,
2,182,rectangle_java2.jpg,rectangle_java2.jpg,933143845,92,800.2708695652174,504.7086956521739,775.5,512,53,21,width,5,class->block->function->name,
2,182,rectangle_java2.jpg,rectangle_java2.jpg,933251668,104,792.6176923076923,509.5819230769231,775.5,512,53,21,width,5,class->block->function->name,
2,182,rectangle_java2.jpg,rectangle_java2.jpg,933319657,64,796.891875,519.8625,775.5,512,53,21,width,5,class->block->function->name,
2,182,rectangle_java2.jpg,rectangle_java2.jpg,933631702,56,941.4014285714286,499.9178571428572,891.5,512,62,21,return,6,class->block->function->block->block_content->return->expr->name->name,
2,182,rectangle_java2.jpg,rectangle_java2.jpg,933711691,76,941.0126315789472,505.6847368421053,891.5,512,62,21,return,6,class->block->function->block->block_content->return->expr->name->name,
2,182,rectangle_java2.jpg,rectangle_java2.jpg,933995611,116,839.1317241379311,508.3203448275863,837.5,512,9,21,(,1,class->block->function->parameter_list,
2,182,rectangle_java2.jpg,rectangle_java2.jpg,934135605,136,847.1958823529412,503.8094117647058,854.5,512,9,21,),1,class->block->function->parameter_list,
2,182,rectangle_java2.jpg,rectangle_java2.jpg,934203613,56,963.2285714285714,509.0707142857143,958.5,512,71,21,this.x2,7,class->block->function->block->block_content->return->expr->name->name->operator->name->operator,
2,182,rectangle_java2.jpg,rectangle_java2.jpg,934335616,128,953.9596875,510.71906250000006,958.5,512,71,21,this.x2,7,class->block->function->block->block_content->return->expr->name->name->operator->name->operator,
2,182,rectangle_java2.jpg,rectangle_java2.jpg,934407614,68,971.1547058823528,508.8911764705882,958.5,512,71,21,this.x2,7,class->block->function->block->block_content->return->expr->name->name->operator->name->operator,
2,182,rectangle_java2.jpg,rectangle_java2.jpg,934515615,96,1040.3945833333332,514.5820833333333,1035.5,512,13,21,-,1,class->block->function->block->block_content->return->expr->name->name,
2,182,rectangle_java2.jpg,rectangle_java2.jpg,934575619,56,1046.3192857142858,508.40357142857147,1035.5,512,13,21,-,1,class->block->function->block->block_content->return->expr->name->name,
2,182,rectangle_java2.jpg,rectangle_java2.jpg,934575619,56,1046.3192857142858,508.40357142857147,1054.5,512,71,21,this.x1,7,class->block->function->block->block_content->return->expr->name->name->operator->name,
2,182,rectangle_java2.jpg,rectangle_java2.jpg,935215539,228,860.6194736842106,517.9731578947368,854.5,512,9,21,),1,class->block->function->parameter_list,
2,182,rectangle_java2.jpg,rectangle_java2.jpg,935551634,68,826.7182352941177,502.2188235294118,775.5,512,53,21,width,5,class->block->function->name,
2,182,rectangle_java2.jpg,rectangle_java2.jpg,935551634,68,826.7182352941177,502.2188235294118,837.5,512,9,21,(,1,class->block->function->parameter_list,
2,182,rectangle_java2.jpg,rectangle_java2.jpg,935719551,88,979.7795454545454,508.3404545454546,958.5,512,71,21,this.x2,7,class->block->function->block->block_content->return->expr->name->name->operator->name->operator,
2,182,rectangle_java2.jpg,rectangle_java2.jpg,935803536,80,995.2745,504.674,958.5,512,71,21,this.x2,7,class->block->function->block->block_content->return->expr->name->name->operator->name->operator,
2,182,rectangle_java2.jpg,rectangle_java2.jpg,936127597,236,850.9242372881356,499.8077966101695,854.5,512,9,21,),1,class->block->function->parameter_list,
2,182,rectangle_java2.jpg,rectangle_java2.jpg,936615537,112,949.7739285714284,513.415,891.5,512,62,21,return,6,class->block->function->block->block_content->return->expr->name->name,
2,182,rectangle_java2.jpg,rectangle_java2.jpg,936615537,112,949.7739285714284,513.415,958.5,512,71,21,this.x2,7,class->block->function->block->block_content->return->expr->name->name->operator->name->operator,
2,182,rectangle_java2.jpg,rectangle_java2.jpg,936747538,104,1010.3311538461538,527.2803846153846,958.5,512,71,21,this.x2,7,class->block->function->block->block_content->return->expr->name->name->operator->name->operator,
2,182,rectangle_java2.jpg,rectangle_java2.jpg,936951475,200,1015.695,528.3546,958.5,512,71,21,this.x2,7,class->block->function->block->block_content->return->expr->name->name->operator->name->operator,
2,182,rectangle_java2.jpg,rectangle_java2.jpg,937147388,156,963.5210256410256,524.7592307692307,958.5,512,71,21,this.x2,7,class->block->function->block->block_content->return->expr->name->name->operator->name->operator,
2,182,rectangle_java2.jpg,rectangle_java2.jpg,937315389,88,833.6172727272727,508.9304545454545,837.5,512,9,21,(,1,class->block->function->parameter_list,
2,182,rectangle_java2.jpg,rectangle_java2.jpg,937391388,72,834.6766666666666,501.5072222222223,837.5,512,9,21,(,1,class->block->function->parameter_list,
2,182,rectangle_java2.jpg,rectangle_java2.jpg,937603388,152,829.7936842105263,502.8102631578947,837.5,512,9,21,(,1,class->block->function->parameter_list,
2,182,rectangle_java2.jpg,rectangle_java2.jpg,937927413,64,833.98125,507.2937500000001,837.5,512,9,21,(,1,class->block->function->parameter_list,
2,182,rectangle_java2.jpg,rectangle_java2.jpg,938043423,112,837.03,501.6364285714285,837.5,512,9,21,(,1,class->block->function->parameter_list,
2,182,rectangle_java2.jpg,rectangle_java2.jpg,938563392,104,1004.26,501.5019230769231,958.5,512,71,21,this.x2,7,class->block->function->block->block_content->return->expr->name->name->operator->name->operator,
2,182,rectangle_java2.jpg,rectangle_java2.jpg,938831305,152,823.6315789473684,519.9255263157895,775.5,512,53,21,width,5,class->block->function->name,
2,182,rectangle_java2.jpg,rectangle_java2.jpg,938995157,120,783.744,538.0206666666667,775.5,549,62,21,height,6,class->block->function->name,
2,182,rectangle_java2.jpg,rectangle_java2.jpg,939171199,80,871.729,547.5345,863.5,549,9,21,),1,class->block->function->parameter_list,
2,182,rectangle_java2.jpg,rectangle_java2.jpg,939171199,80,871.729,547.5345,883.5,549,10,21,{,1,class->block->function->block,
2,182,rectangle_java2.jpg,rectangle_java2.jpg,939271228,96,876.1016666666667,540.6195833333334,883.5,549,10,21,{,1,class->block->function->block,
2,182,rectangle_java2.jpg,rectangle_java2.jpg,939383230,64,882.000625,525.97625,874.5,512,10,21,{,1,class->block->function->block,
2,182,rectangle_java2.jpg,rectangle_java2.jpg,939383230,64,882.000625,525.97625,891.5,512,62,21,return,6,class->block->function->block->block_content->return->expr->name->name,
2,182,rectangle_java2.jpg,rectangle_java2.jpg,939471269,84,867.99,532.6333333333333,874.5,512,10,21,{,1,class->block->function->block,
2,182,rectangle_java2.jpg,rectangle_java2.jpg,939687299,144,955.2208333333332,527.2619444444445,958.5,512,71,21,this.x2,7,class->block->function->block->block_content->return->expr->name->name->operator->name->operator,
2,182,rectangle_java2.jpg,rectangle_java2.jpg,939759280,68,948.8535294117648,537.9664705882353,900.5,549,63,21,return,6,class->block->function->block->block_content->return,
2,182,rectangle_java2.jpg,rectangle_java2.jpg,939827267,64,948.61125,547.965,900.5,549,63,21,return,6,class->block->function->block->block_content->return,
2,182,rectangle_java2.jpg,rectangle_java2.jpg,939963277,96,916.1783333333332,541.28875,900.5,549,63,21,return,6,class->block->function->block->block_content->return,
2,182,rectangle_java2.jpg,rectangle_java2.jpg,940031287,64,905.250625,548.76,900.5,549,63,21,return,6,class->block->function->block->block_content->return,
2,182,rectangle_java2.jpg,rectangle_java2.jpg,940223278,120,991.887,536.6173333333334,968.5,549,70,21,this.y2,7,class->block->function->block->block_content->return->expr->name->name->operator->name,
2,182,rectangle_java2.jpg,rectangle_java2.jpg,940327267,100,983.3112,541.9408,968.5,549,70,21,this.y2,7,class->block->function->block->block_content->return->expr->name->name->operator->name,
2,182,rectangle_java2.jpg,rectangle_java2.jpg,940427262,56,1052.43,544.5821428571428,1045.5,549,13,21,-,1,class->block->function->block->block_content->return->expr->operator,
2,182,rectangle_java2.jpg,rectangle_java2.jpg,940427262,56,1052.43,544.5821428571428,1064.5,549,71,21,this.y1,7,class->block->function->block->block_content->return->expr->name->name->operator->name,
2,182,rectangle_java2.jpg,rectangle_java2.jpg,940515269,84,1051.0885714285714,548.1428571428571,1045.5,549,13,21,-,1,class->block->function->block->block_content->return->expr->operator,
2,182,rectangle_java2.jpg,rectangle_java2.jpg,940855019,196,838.6908163265306,294.8908163265306,837.5,295,9,21,(,1,class->block->constructor->parameter_list,
2,182,rectangle_java2.jpg,rectangle_java2.jpg,941007143,124,806.73,233.71838709677425,813.5,222,10,21,{,1,class->block,
2,182,rectangle_java2.jpg,rectangle_java2.jpg,941263144,136,900.6823529411764,254.69794117647055,881.5,259,23,21,x2,2,class->block->decl_stmt->decl->name,
2,182,rectangle_java2.jpg,rectangle_java2.jpg,941263144,136,900.6823529411764,254.69794117647055,911.5,259,10,21,"""","""",1,class->block->decl_stmt
2,182,rectangle_java2.jpg,rectangle_java2.jpg,941515167,100,769.6432,225.4344,715.5,222,90,21,Rectangle,9,class->name,
2,182,rectangle_java2.jpg,rectangle_java2.jpg,941927156,152,1027.9497368421053,553.6931578947368,968.5,549,70,21,this.y2,7,class->block->function->block->block_content->return->expr->name->name->operator->name,
2,182,rectangle_java2.jpg,rectangle_java2.jpg,942291118,96,860.7254166666667,420.9629166666666,856.5,404,10,19,;,1,class->block->constructor->block->block_content->expr_stmt,
2,182,rectangle_java2.jpg,rectangle_java2.jpg,942387108,92,853.8426086956522,431.8691304347826,856.5,440,10,21,;,1,class->block->constructor->block->block_content->expr_stmt,
2,182,rectangle_java2.jpg,rectangle_java2.jpg,942843009,280,850.0,419.0011428571429,856.5,404,10,19,;,1,class->block->constructor->block->block_content->expr_stmt,
2,182,rectangle_java2.jpg,rectangle_java2.jpg,943131008,56,1034.8142857142857,546.1107142857143,968.5,549,70,21,this.y2,7,class->block->function->block->block_content->return->expr->name->name->operator->name,
2,182,rectangle_java2.jpg,rectangle_java2.jpg,943131008,56,1034.8142857142857,546.1107142857143,1045.5,549,13,21,-,1,class->block->function->block->block_content->return->expr->operator,
2,182,rectangle_java2.jpg,rectangle_java2.jpg,943258992,124,1032.1132258064515,555.3054838709677,968.5,549,70,21,this.y2,7,class->block->function->block->block_content->return->expr->name->name->operator->name,
2,182,rectangle_java2.jpg,rectangle_java2.jpg,943334988,72,1040.8011111111111,555.9205555555556,1045.5,549,13,21,-,1,class->block->function->block->block_content->return->expr->operator,
2,182,rectangle_java2.jpg,rectangle_java2.jpg,943458982,92,1018.5282608695652,546.1704347826087,968.5,549,70,21,this.y2,7,class->block->function->block->block_content->return->expr->name->name->operator->name,
2,182,rectangle_java2.jpg,rectangle_java2.jpg,943847001,212,1092.2190566037737,559.9964150943396,1064.5,549,71,21,this.y1,7,class->block->function->block->block_content->return->expr->name->name->operator->name,
2,182,rectangle_java2.jpg,rectangle_java2.jpg,943991025,60,1142.304,568.27,1142.5,549,10,21,;,1,class->block->function->block->block_content->return,
2,182,rectangle_java2.jpg,rectangle_java2.jpg,944055035,60,1145.28,566.1553333333334,1142.5,549,10,21,;,1,class->block->function->block->block_content->return,
2,182,rectangle_java2.jpg,rectangle_java2.jpg,944131029,72,1120.0577777777778,565.2038888888889,1064.5,549,71,21,this.y1,7,class->block->function->block->block_content->return->expr->name->name->operator->name,
2,182,rectangle_java2.jpg,rectangle_java2.jpg,944267019,132,1113.0854545454545,560.5727272727273,1064.5,549,71,21,this.y1,7,class->block->function->block->block_content->return->expr->name->name->operator->name,
2,182,rectangle_java2.jpg,rectangle_java2.jpg,944443001,172,1112.616046511628,559.883023255814,1064.5,549,71,21,this.y1,7,class->block->function->block->block_content->return->expr->name->name->operator->name,
2,182,rectangle_java2.jpg,rectangle_java2.jpg,944842896,64,1212.241875,580.024375,1140.5,585,110,21,this.height,11,class->block->function->block->block_content->return->expr->call->name->name->operator->name,
2,182,rectangle_java2.jpg,rectangle_java2.jpg,945082872,172,860.7211627906977,599.8941860465117,856.5,585,9,21,(,1,class->block->function->parameter_list,
2,182,rectangle_java2.jpg,rectangle_java2.jpg,945374870,100,1034.322,577.766,977.5,585,101,21,this.width,10,class->block->function->block->block_content->return->expr->call->name->name->operator->name,
2,182,rectangle_java2.jpg,rectangle_java2.jpg,945534884,124,1080.818064516129,602.9212903225806,1086.5,585,10,21,(,1,class->block->function->block->block_content->return->expr->call->argument_list,
2,182,rectangle_java2.jpg,rectangle_java2.jpg,945634944,96,1084.180833333333,609.68125,1074.5,621,10,21,),1,class->block->function->parameter_list,
2,182,rectangle_java2.jpg,rectangle_java2.jpg,945634944,96,1084.180833333333,609.68125,1094.5,621,10,21,{,1,class->block->function->block,
2,182,rectangle_java2.jpg,rectangle_java2.jpg,945730951,92,1080.1860869565216,609.1547826086957,1074.5,621,10,21,),1,class->block->function->parameter_list,
2,182,rectangle_java2.jpg,rectangle_java2.jpg,946002845,208,1159.9138461538462,574.5215384615385,1140.5,585,110,21,this.height,11,class->block->function->block->block_content->return->expr->call->name->name->operator->name,
2,182,rectangle_java2.jpg,rectangle_java2.jpg,946374670,336,1096.0666666666666,558.0057142857142,1064.5,549,71,21,this.y1,7,class->block->function->block->block_content->return->expr->name->name->operator->name,
2,182,rectangle_java2.jpg,rectangle_java2.jpg,946470530,92,1096.7791304347827,555.7891304347826,1064.5,549,71,21,this.y1,7,class->block->function->block->block_content->return->expr->name->name->operator->name,
2,182,rectangle_java2.jpg,rectangle_java2.jpg,946582603,76,1134.3526315789477,572.6468421052632,1122.5,585,12,21,*,1,class->block->function->block->block_content->return->expr->operator,
2,182,rectangle_java2.jpg,rectangle_java2.jpg,946582603,76,1134.3526315789477,572.6468421052632,1140.5,585,110,21,this.height,11,class->block->function->block->block_content->return->expr->call->name->name->operator->name,
2,182,rectangle_java2.jpg,rectangle_java2.jpg,946678703,92,1146.4021739130435,559.2578260869565,1142.5,549,10,21,;,1,class->block->function->block->block_content->return,
2,182,rectangle_java2.jpg,rectangle_java2.jpg,946838745,156,1136.765128205128,568.5666666666667,1142.5,549,10,21,;,1,class->block->function->block->block_content->return,
2,182,rectangle_java2.jpg,rectangle_java2.jpg,947630809,160,901.47325,590.96275,893.5,585,10,21,{,1,class->block->function->block,
2,182,rectangle_java2.jpg,rectangle_java2.jpg,947630809,160,901.47325,590.96275,910.5,585,62,21,return,6,class->block->function->block->block_content->return,
2,182,rectangle_java2.jpg,rectangle_java2.jpg,947866715,156,1057.7133333333334,594.2317948717948,977.5,585,101,21,this.width,10,class->block->function->block->block_content->return->expr->call->name->name->operator->name,
2,182,rectangle_java2.jpg,rectangle_java2.jpg,947966717,96,1061.1366666666668,587.8204166666667,977.5,585,101,21,this.width,10,class->block->function->block->block_content->return->expr->call->name->name->operator->name,
2,182,rectangle_java2.jpg,rectangle_java2.jpg,948102692,108,1136.895925925926,591.6251851851852,1140.5,585,110,21,this.height,11,class->block->function->block->block_content->return->expr->call->name->name->operator->name,
2,182,rectangle_java2.jpg,rectangle_java2.jpg,948322456,88,827.6727272727272,636.7895454545454,804.5,621,44,21,void,4,class->block->function->type->name,
2,182,rectangle_java2.jpg,rectangle_java2.jpg,948450497,88,819.1859090909091,630.4245454545454,804.5,621,44,21,void,4,class->block->function->type->name,
2,182,rectangle_java2.jpg,rectangle_java2.jpg,948534540,80,825.873,623.7085,804.5,621,44,21,void,4,class->block->function->type->name,
2,182,rectangle_java2.jpg,rectangle_java2.jpg,948714603,92,881.8026086956522,662.8665217391305,883.5,658,15,20,=,1,class->block->function->block->block_content->decl_stmt->decl->init,
2,182,rectangle_java2.jpg,rectangle_java2.jpg,948798598,80,880.5485,677.897,883.5,658,15,20,=,1,class->block->function->block->block_content->decl_stmt->decl->init,
2,182,rectangle_java2.jpg,rectangle_java2.jpg,948862589,60,859.8473333333333,676.0980000000001,826.5,658,52,20,rect1,5,class->block->function->block->block_content->decl_stmt->decl->name,
2,182,rectangle_java2.jpg,rectangle_java2.jpg,948970583,104,859.1384615384616,667.505,826.5,658,52,20,rect1,5,class->block->function->block->block_content->decl_stmt->decl->name,
2,182,rectangle_java2.jpg,rectangle_java2.jpg,949158601,168,971.4790476190476,668.3185714285714,941.5,658,91,20,Rectangle,9,class->block->function->block->block_content->decl_stmt->decl->init->expr->call->name,
2,182,rectangle_java2.jpg,rectangle_java2.jpg,949262617,80,1050.9245,675.4955,1057.5,658,13,20,0,1,class->block->function->block->block_content->decl_stmt->decl->init->expr->call->argument_list->argument->expr->literal,
2,182,rectangle_java2.jpg,rectangle_java2.jpg,949478607,76,1059.8631578947368,684.2047368421053,1057.5,694,10,21,),1,class->block->function->block->block_content->expr_stmt->expr->call->argument_list->argument->expr->call->argument_list,
2,182,rectangle_java2.jpg,rectangle_java2.jpg,950394363,168,957.2854761904762,549.937619047619,900.5,549,63,21,return,6,class->block->function->block->block_content->return,
2,182,rectangle_java2.jpg,rectangle_java2.jpg,950394363,168,957.2854761904762,549.937619047619,968.5,549,70,21,this.y2,7,class->block->function->block->block_content->return->expr->name->name->operator->name,
2,182,rectangle_java2.jpg,rectangle_java2.jpg,950502447,72,1006.9922222222224,517.0666666666667,958.5,512,71,21,this.x2,7,class->block->function->block->block_content->return->expr->name->name->operator->name->operator,
2,182,rectangle_java2.jpg,rectangle_java2.jpg,950654452,148,1006.5364864864864,524.3586486486487,958.5,512,71,21,this.x2,7,class->block->function->block->block_content->return->expr->name->name->operator->name->operator,
2,182,rectangle_java2.jpg,rectangle_java2.jpg,950806418,108,1105.4025925925926,697.6766666666666,1096.5,694,10,21,;,1,class->block->function->block->block_content->expr_stmt,
2,182,rectangle_java2.jpg,rectangle_java2.jpg,951098513,140,1027.7634285714284,504.1254285714285,958.5,512,71,21,this.x2,7,class->block->function->block->block_content->return->expr->name->name->operator->name->operator,
2,182,rectangle_java2.jpg,rectangle_java2.jpg,951098513,140,1027.7634285714284,504.1254285714285,1035.5,512,13,21,-,1,class->block->function->block->block_content->return->expr->name->name,
2,182,rectangle_java2.jpg,rectangle_java2.jpg,951362458,172,977.2704651162792,518.3097674418605,958.5,512,71,21,this.x2,7,class->block->function->block->block_content->return->expr->name->name->operator->name->operator,
2,182,rectangle_java2.jpg,rectangle_java2.jpg,951722506,140,867.5165714285714,763.4505714285714,730.5,766,177,21,System.out.println,18,class->block->function->block->block_content->expr_stmt->expr->call->name->name->operator->name->operator->name,
2,182,rectangle_java2.jpg,rectangle_java2.jpg,951882495,108,793.43,766.4896296296296,730.5,766,177,21,System.out.println,18,class->block->function->block->block_content->expr_stmt->expr->call->name->name->operator->name->operator->name,
2,182,rectangle_java2.jpg,rectangle_java2.jpg,951946441,60,794.4786666666666,762.18,730.5,766,177,21,System.out.println,18,class->block->function->block->block_content->expr_stmt->expr->call->name->name->operator->name->operator->name,
2,182,rectangle_java2.jpg,rectangle_java2.jpg,952018381,60,911.466,769.5293333333333,916.5,766,9,21,(,1,class->block->function->block->block_content->expr_stmt->expr->call->argument_list,
2,182,rectangle_java2.jpg,rectangle_java2.jpg,952110322,88,919.8522727272727,777.7886363636363,916.5,766,9,21,(,1,class->block->function->block->block_content->expr_stmt->expr->call->argument_list,
2,182,rectangle_java2.jpg,rectangle_java2.jpg,953278250,56,856.0914285714285,651.0628571428572,826.5,658,52,20,rect1,5,class->block->function->block->block_content->decl_stmt->decl->name,
2,182,rectangle_java2.jpg,rectangle_java2.jpg,953422317,72,867.8966666666666,713.7405555555556,730.5,694,177,21,System.out.println,18,class->block->function->block->block_content->expr_stmt->expr->call->name->name->operator->name->operator->name,
2,182,rectangle_java2.jpg,rectangle_java2.jpg,953758362,200,829.6414,760.5074,730.5,766,177,21,System.out.println,18,class->block->function->block->block_content->expr_stmt->expr->call->name->name->operator->name->operator->name,
2,182,rectangle_java2.jpg,rectangle_java2.jpg,953834375,72,830.4855555555556,758.9983333333333,730.5,766,177,21,System.out.println,18,class->block->function->block->block_content->expr_stmt->expr->call->name->name->operator->name->operator->name,
2,182,rectangle_java2.jpg,rectangle_java2.jpg,953958314,104,905.5415384615384,766.7030769230769,730.5,766,177,21,System.out.println,18,class->block->function->block->block_content->expr_stmt->expr->call->name->name->operator->name->operator->name,
2,182,rectangle_java2.jpg,rectangle_java2.jpg,953958314,104,905.5415384615384,766.7030769230769,916.5,766,9,21,(,1,class->block->function->block->block_content->expr_stmt->expr->call->argument_list,
2,182,rectangle_java2.jpg,rectangle_java2.jpg,954082219,120,910.3276666666668,770.8036666666667,916.5,766,9,21,(,1,class->block->function->block->block_content->expr_stmt->expr->call->argument_list,
2,182,rectangle_java2.jpg,rectangle_java2.jpg,954230195,128,835.8890625,753.68375,730.5,766,177,21,System.out.println,18,class->block->function->block->block_content->expr_stmt->expr->call->name->name->operator->name->operator->name,
2,182,rectangle_java2.jpg,rectangle_java2.jpg,954562211,168,812.0671428571428,756.6007142857143,730.5,766,177,21,System.out.println,18,class->block->function->block->block_content->expr_stmt->expr->call->name->name->operator->name->operator->name,
2,182,rectangle_java2.jpg,rectangle_java2.jpg,954870191,212,861.0605660377358,770.8547169811321,730.5,766,177,21,System.out.println,18,class->block->function->block->block_content->expr_stmt->expr->call->name->name->operator->name->operator->name,
2,182,rectangle_java2.jpg,rectangle_java2.jpg,955014222,124,923.0632258064516,774.2690322580645,916.5,766,9,21,(,1,class->block->function->block->block_content->expr_stmt->expr->call->argument_list,
2,182,rectangle_java2.jpg,rectangle_java2.jpg,955014222,124,923.0632258064516,774.2690322580645,932.5,766,100,21,rect2.area,10,class->block->function->block->block_content->expr_stmt->expr->call->argument_list->argument->expr->call->name->name->operator->name,
2,182,rectangle_java2.jpg,rectangle_java2.jpg,955082247,64,927.39125,775.191875,932.5,766,100,21,rect2.area,10,class->block->function->block->block_content->expr_stmt->expr->call->argument_list->argument->expr->call->name->name->operator->name,
2,182,rectangle_java2.jpg,rectangle_java2.jpg,955158232,72,982.8166666666668,777.9761111111111,932.5,766,100,21,rect2.area,10,class->block->function->block->block_content->expr_stmt->expr->call->argument_list->argument->expr->call->name->name->operator->name,
2,182,rectangle_java2.jpg,rectangle_java2.jpg,955250185,88,984.2013636363636,783.6977272727273,932.5,766,100,21,rect2.area,10,class->block->function->block->block_content->expr_stmt->expr->call->argument_list->argument->expr->call->name->name->operator->name,
2,182,rectangle_java2.jpg,rectangle_java2.jpg,955758154,112,860.8892857142857,768.7167857142857,730.5,766,177,21,System.out.println,18,class->block->function->block->block_content->expr_stmt->expr->call->name->name->operator->name->operator->name,
2,182,rectangle_java2.jpg,rectangle_java2.jpg,955842115,80,870.9535,766.4395,730.5,766,177,21,System.out.println,18,class->block->function->block->block_content->expr_stmt->expr->call->name->name->operator->name->operator->name,
2,182,rectangle_java2.jpg,rectangle_java2.jpg,955954105,64,936.206875,782.78375,932.5,766,100,21,rect2.area,10,class->block->function->block->block_content->expr_stmt->expr->call->argument_list->argument->expr->call->name->name->operator->name,
2,182,rectangle_java2.jpg,rectangle_java2.jpg,956058107,100,934.9876,780.4584,932.5,766,100,21,rect2.area,10,class->block->function->block->block_content->expr_stmt->expr->call->argument_list->argument->expr->call->name->name->operator->name,
2,182,rectangle_java2.jpg,rectangle_java2.jpg,956198196,68,851.8352941176471,538.2858823529411,846.5,549,10,21,(,1,class->block->function->parameter_list,
2,182,rectangle_java2.jpg,rectangle_java2.jpg,956198196,68,851.8352941176471,538.2858823529411,863.5,549,9,21,),1,class->block->function->parameter_list,
2,182,rectangle_java2.jpg,rectangle_java2.jpg,956322323,120,845.6623333333333,537.7673333333333,846.5,549,10,21,(,1,class->block->function->parameter_list,
2,182,rectangle_java2.jpg,rectangle_java2.jpg,956454155,96,796.1025,515.1658333333334,775.5,512,53,21,width,5,class->block->function->name,
2,182,rectangle_java2.jpg,rectangle_java2.jpg,956558072,100,800.0728,509.6384000000001,775.5,512,53,21,width,5,class->block->function->name,
2,182,rectangle_java2.jpg,rectangle_java2.jpg,956806061,108,957.3592592592591,759.9274074074074,932.5,766,100,21,rect2.area,10,class->block->function->block->block_content->expr_stmt->expr->call->argument_list->argument->expr->call->name->name->operator->name,
2,182,rectangle_java2.jpg,rectangle_java2.jpg,956990081,128,939.1871875,773.42625,932.5,766,100,21,rect2.area,10,class->block->function->block->block_content->expr_stmt->expr->call->argument_list->argument->expr->call->name->name->operator->name,
2,182,rectangle_java2.jpg,rectangle_java2.jpg,957126084,64,863.28125,758.3618749999999,730.5,766,177,21,System.out.println,18,class->block->function->block->block_content->expr_stmt->expr->call->name->name->operator->name->operator->name,
2,182,rectangle_java2.jpg,rectangle_java2.jpg,957198088,68,854.0241176470588,763.2541176470588,730.5,766,177,21,System.out.println,18,class->block->function->block->block_content->expr_stmt->expr->call->name->name->operator->name->operator->name,
2,182,rectangle_java2.jpg,rectangle_java2.jpg,957366089,128,943.5946875,771.8384374999999,932.5,766,100,21,rect2.area,10,class->block->function->block->block_content->expr_stmt->expr->call->argument_list->argument->expr->call->name->name->operator->name,
2,182,rectangle_java2.jpg,rectangle_java2.jpg,957717826,216,856.7266666666667,313.0064814814815,853.5,295,32,21,int,3,class->block->constructor->parameter_list->parameter->decl->type->name,
2,182,rectangle_java2.jpg,rectangle_java2.jpg,957853833,72,804.2988888888889,229.65444444444444,715.5,222,90,21,Rectangle,9,class->name,
2,182,rectangle_java2.jpg,rectangle_java2.jpg,957853833,72,804.2988888888889,229.65444444444444,813.5,222,10,21,{,1,class->block,
2,182,rectangle_java2.jpg,rectangle_java2.jpg,957953887,96,791.6933333333334,238.76875,715.5,222,90,21,Rectangle,9,class->name,
2,182,rectangle_java2.jpg,rectangle_java2.jpg,958242004,132,884.709393939394,247.6596969696969,881.5,259,23,21,x2,2,class->block->decl_stmt->decl->name,
2,182,rectangle_java2.jpg,rectangle_java2.jpg,958601943,96,853.1183333333333,760.6554166666667,730.5,766,177,21,System.out.println,18,class->block->function->block->block_content->expr_stmt->expr->call->name->name->operator->name->operator->name,
2,182,rectangle_java2.jpg,rectangle_java2.jpg,958717920,112,844.0042857142857,760.9767857142857,730.5,766,177,21,System.out.println,18,class->block->function->block->block_content->expr_stmt->expr->call->name->name->operator->name->operator->name,
2,182,rectangle_java2.jpg,rectangle_java2.jpg,958881922,60,797.0433333333333,587.37,737.5,585,62,21,double,6,class->block->function->type->name,
2,182,rectangle_java2.jpg,rectangle_java2.jpg,958881922,60,797.0433333333333,587.37,804.5,585,43,21,area,4,class->block->function->name,
2,182,rectangle_java2.jpg,rectangle_java2.jpg,959093956,160,833.57675,520.12875,837.5,512,9,21,(,1,class->block->function->parameter_list,
2,182,rectangle_java2.jpg,rectangle_java2.jpg,959273949,148,791.4591891891891,510.9486486486487,775.5,512,53,21,width,5,class->block->function->name,
2,182,rectangle_java2.jpg,rectangle_java2.jpg,961161827,176,935.7547727272728,776.14,932.5,766,100,21,rect2.area,10,class->block->function->block->block_content->expr_stmt->expr->call->argument_list->argument->expr->call->name->name->operator->name,
2,182,rectangle_java2.jpg,rectangle_java2.jpg,961257814,64,851.04375,769.670625,730.5,766,177,21,System.out.println,18,class->block->function->block->block_content->expr_stmt->expr->call->name->name->operator->name->operator->name,
2,182,rectangle_java2.jpg,rectangle_java2.jpg,961401601,140,847.298,766.1277142857143,730.5,766,177,21,System.out.println,18,class->block->function->block->block_content->expr_stmt->expr->call->name->name->operator->name->operator->name,
2,182,rectangle_java2.jpg,rectangle_java2.jpg,961501520,68,797.7905882352941,761.8676470588235,730.5,766,177,21,System.out.println,18,class->block->function->block->block_content->expr_stmt->expr->call->name->name->operator->name->operator->name,
2,182,rectangle_java2.jpg,rectangle_java2.jpg,961861641,64,855.04625,783.863125,730.5,766,177,21,System.out.println,18,class->block->function->block->block_content->expr_stmt->expr->call->name->name->operator->name->operator->name,
2,182,rectangle_java2.jpg,rectangle_java2.jpg,961933652,68,860.8076470588236,774.494705882353,730.5,766,177,21,System.out.println,18,class->block->function->block->block_content->expr_stmt->expr->call->name->name->operator->name->operator->name,
2,182,rectangle_java2.jpg,rectangle_java2.jpg,962005664,68,863.9241176470588,765.2441176470588,730.5,766,177,21,System.out.println,18,class->block->function->block->block_content->expr_stmt->expr->call->name->name->operator->name->operator->name,
2,182,rectangle_java2.jpg,rectangle_java2.jpg,962101667,80,930.2865,768.3225,932.5,766,100,21,rect2.area,10,class->block->function->block->block_content->expr_stmt->expr->call->argument_list->argument->expr->call->name->name->operator->name,
2,182,rectangle_java2.jpg,rectangle_java2.jpg,962193646,88,933.0118181818182,777.0786363636364,932.5,766,100,21,rect2.area,10,class->block->function->block->block_content->expr_stmt->expr->call->argument_list->argument->expr->call->name->name->operator->name,
2,182,rectangle_java2.jpg,rectangle_java2.jpg,962289628,92,941.3095652173912,771.7708695652174,932.5,766,100,21,rect2.area,10,class->block->function->block->block_content->expr_stmt->expr->call->argument_list->argument->expr->call->name->name->operator->name,
2,182,rectangle_java2.jpg,rectangle_java2.jpg,962365637,72,935.9477777777778,772.87,932.5,766,100,21,rect2.area,10,class->block->function->block->block_content->expr_stmt->expr->call->argument_list->argument->expr->call->name->name->operator->name,
2,182,rectangle_java2.jpg,rectangle_java2.jpg,964033530,84,849.8280952380952,740.1814285714286,826.5,731,51,20,rect2,5,class->block->function->block->block_content->decl_stmt->decl->name,
2,182,rectangle_java2.jpg,rectangle_java2.jpg,964133522,96,854.2095833333333,736.6104166666667,826.5,731,51,20,rect2,5,class->block->function->block->block_content->decl_stmt->decl->name,
2,182,rectangle_java2.jpg,rectangle_java2.jpg,964241504,104,881.4511538461538,757.6684615384615,730.5,766,177,21,System.out.println,18,class->block->function->block->block_content->expr_stmt->expr->call->name->name->operator->name->operator->name,
2,182,rectangle_java2.jpg,rectangle_java2.jpg,964321501,76,881.8115789473684,770.5189473684211,730.5,766,177,21,System.out.println,18,class->block->function->block->block_content->expr_stmt->expr->call->name->name->operator->name->operator->name,
2,182,rectangle_java2.jpg,rectangle_java2.jpg,964465527,104,798.8388461538461,546.9438461538462,775.5,549,62,21,height,6,class->block->function->name,
2,182,rectangle_java2.jpg,rectangle_java2.jpg,964533536,64,795.54875,540.67875,775.5,549,62,21,height,6,class->block->function->name,
2,182,rectangle_java2.jpg,rectangle_java2.jpg,964685558,76,854.6842105263158,511.7942105263157,854.5,512,9,21,),1,class->block->function->parameter_list,
2,182,rectangle_java2.jpg,rectangle_java2.jpg,964761562,72,854.7788888888889,506.0911111111111,854.5,512,9,21,),1,class->block->function->parameter_list,
2,182,rectangle_java2.jpg,rectangle_java2.jpg,965009587,228,771.2892982456141,505.26947368421054,775.5,512,53,21,width,5,class->block->function->name,
2,182,rectangle_java2.jpg,rectangle_java2.jpg,965301286,64,799.0343750000001,286.04375,737.5,295,91,21,Rectangle,9,class->block->constructor->name,
2,182,rectangle_java2.jpg,rectangle_java2.jpg,965401360,96,804.39125,275.75541666666663,785.5,259,23,21,x1,2,class->block->decl_stmt->decl->name,
2,182,rectangle_java2.jpg,rectangle_java2.jpg,965401360,96,804.39125,275.75541666666663,815.5,259,10,21,"""","""",1,class->block->decl_stmt
2,182,rectangle_java2.jpg,rectangle_java2.jpg,965537431,132,808.6663636363636,278.6730303030303,815.5,259,10,21,"""","""",1,class->block->decl_stmt
2,182,rectangle_java2.jpg,rectangle_java2.jpg,970781090,92,914.6991304347828,757.3260869565217,916.5,766,9,21,(,1,class->block->function->block->block_content->expr_stmt->expr->call->argument_list,
2,182,rectangle_java2.jpg,rectangle_java2.jpg,970929022,108,925.0562962962964,768.6588888888889,916.5,766,9,21,(,1,class->block->function->block->block_content->expr_stmt->expr->call->argument_list,
2,182,rectangle_java2.jpg,rectangle_java2.jpg,970929022,108,925.0562962962964,768.6588888888889,932.5,766,100,21,rect2.area,10,class->block->function->block->block_content->expr_stmt->expr->call->argument_list->argument->expr->call->name->name->operator->name,
2,182,rectangle_java2.jpg,rectangle_java2.jpg,972564983,120,864.0373333333333,772.3023333333333,730.5,766,177,21,System.out.println,18,class->block->function->block->block_content->expr_stmt->expr->call->name->name->operator->name->operator->name,
2,182,rectangle_java2.jpg,rectangle_java2.jpg,972628975,60,862.254,783.74,730.5,766,177,21,System.out.println,18,class->block->function->block->block_content->expr_stmt->expr->call->name->name->operator->name->operator->name,
2,182,rectangle_java2.jpg,rectangle_java2.jpg,972724941,76,861.3231578947368,580.9973684210527,856.5,585,9,21,(,1,class->block->function->parameter_list,
2,182,rectangle_java2.jpg,rectangle_java2.jpg,972724941,76,861.3231578947368,580.9973684210527,873.5,585,9,21,),1,class->block->function->parameter_list,
2,182,rectangle_java2.jpg,rectangle_java2.jpg,973052749,220,869.8390909090909,508.4070909090909,874.5,512,10,21,{,1,class->block->function->block,
2,182,rectangle_java2.jpg,rectangle_java2.jpg,973172791,76,823.3521052631579,503.97263157894736,775.5,512,53,21,width,5,class->block->function->name,
2,182,rectangle_java2.jpg,rectangle_java2.jpg,973308852,132,825.3709090909091,510.5878787878787,775.5,512,53,21,width,5,class->block->function->name,
2,182,rectangle_java2.jpg,rectangle_java2.jpg,973308852,132,825.3709090909091,510.5878787878787,837.5,512,9,21,(,1,class->block->function->parameter_list,
2,182,rectangle_java2.jpg,rectangle_java2.jpg,973368851,56,826.5842857142857,509.3042857142857,775.5,512,53,21,width,5,class->block->function->name,
2,182,rectangle_java2.jpg,rectangle_java2.jpg,973368851,56,826.5842857142857,509.3042857142857,837.5,512,9,21,(,1,class->block->function->parameter_list,
2,182,rectangle_java2.jpg,rectangle_java2.jpg,973824913,116,895.5224137931034,502.10448275862063,891.5,512,62,21,return,6,class->block->function->block->block_content->return->expr->name->name,
2,182,rectangle_java2.jpg,rectangle_java2.jpg,979752344,136,856.0132352941176,774.555,730.5,766,177,21,System.out.println,18,class->block->function->block->block_content->expr_stmt->expr->call->name->name->operator->name->operator->name,
2,182,rectangle_java2.jpg,rectangle_java2.jpg,980712290,140,897.4014285714286,307.0008571428571,890.5,295,24,21,x1,2,class->block->constructor->parameter_list->parameter->decl->type->name,
2,182,rectangle_java2.jpg,rectangle_java2.jpg,980916289,192,1087.814791666667,298.70479166666667,1094.5,295,9,21,"""","""",1,class->block->constructor->parameter_list
2,182,rectangle_java2.jpg,rectangle_java2.jpg,981116359,196,1080.0673469387757,302.7751020408163,1063.5,295,23,21,x2,2,class->block->constructor->parameter_list->parameter->decl->type->name,
2,182,rectangle_java2.jpg,rectangle_java2.jpg,981252363,84,1137.7309523809524,588.442380952381,1140.5,585,110,21,this.height,11,class->block->function->block->block_content->return->expr->call->name->name->operator->name,
2,182,rectangle_java2.jpg,rectangle_java2.jpg,981680353,124,1115.5190322580645,562.0003225806452,1064.5,549,71,21,this.y1,7,class->block->function->block->block_content->return->expr->name->name->operator->name,
2,182,rectangle_java2.jpg,rectangle_java2.jpg,981760373,76,1113.6026315789477,556.2657894736842,1064.5,549,71,21,this.y1,7,class->block->function->block->block_content->return->expr->name->name->operator->name,
2,182,rectangle_java2.jpg,rectangle_java2.jpg,981976378,148,969.4135135135136,530.4891891891892,958.5,512,71,21,this.x2,7,class->block->function->block->block_content->return->expr->name->name->operator->name->operator,
2,182,rectangle_java2.jpg,rectangle_java2.jpg,982112280,116,923.5489655172414,515.4344827586207,891.5,512,62,21,return,6,class->block->function->block->block_content->return->expr->name->name,
2,182,rectangle_java2.jpg,rectangle_java2.jpg,982392153,184,991.814347826087,513.8484782608696,958.5,512,71,21,this.x2,7,class->block->function->block->block_content->return->expr->name->name->operator->name->operator,
2,182,rectangle_java2.jpg,rectangle_java2.jpg,982452193,56,990.0757142857144,524.3692857142858,958.5,512,71,21,this.x2,7,class->block->function->block->block_content->return->expr->name->name->operator->name->operator,
2,182,rectangle_java2.jpg,rectangle_java2.jpg,982580200,76,866.0436842105263,670.7194736842105,826.5,658,52,20,rect1,5,class->block->function->block->block_content->decl_stmt->decl->name,
2,182,rectangle_java2.jpg,rectangle_java2.jpg,982728206,144,865.3888888888889,677.8180555555556,826.5,658,52,20,rect1,5,class->block->function->block->block_content->decl_stmt->decl->name,
2,182,rectangle_java2.jpg,rectangle_java2.jpg,982916249,92,1048.2447826086957,699.9686956521739,1041.5,694,9,21,(,1,class->block->function->block->block_content->expr_stmt->expr->call->argument_list->argument->expr->call->argument_list,
2,182,rectangle_java2.jpg,rectangle_java2.jpg,982916249,92,1048.2447826086957,699.9686956521739,1057.5,694,10,21,),1,class->block->function->block->block_content->expr_stmt->expr->call->argument_list->argument->expr->call->argument_list,
2,182,rectangle_java2.jpg,rectangle_java2.jpg,983020272,100,1047.4236,702.5108,1041.5,694,9,21,(,1,class->block->function->block->block_content->expr_stmt->expr->call->argument_list->argument->expr->call->argument_list,
2,182,rectangle_java2.jpg,rectangle_java2.jpg,983020272,100,1047.4236,702.5108,1057.5,694,10,21,),1,class->block->function->block->block_content->expr_stmt->expr->call->argument_list->argument->expr->call->argument_list,
2,182,rectangle_java2.jpg,rectangle_java2.jpg,983300205,136,1202.0326470588236,673.3008823529411,1182.5,658,22,20,10,2,class->block->function->block->block_content->decl_stmt->decl->init->expr->call->argument_list->argument->expr->literal,
2,182,rectangle_java2.jpg,rectangle_java2.jpg,983300205,136,1202.0326470588236,673.3008823529411,1211.5,658,9,20,),1,class->block->function->block->block_content->decl_stmt->decl->init->expr->call->argument_list,
2,182,rectangle_java2.jpg,rectangle_java2.jpg,983468281,124,1115.9706451612903,589.7690322580645,1122.5,585,12,21,*,1,class->block->function->block->block_content->return->expr->operator,
2,182,rectangle_java2.jpg,rectangle_java2.jpg,983528262,56,1114.505,582.7957142857143,1122.5,585,12,21,*,1,class->block->function->block->block_content->return->expr->operator,
2,182,rectangle_java2.jpg,rectangle_java2.jpg,983656204,76,1063.9763157894738,572.9073684210526,977.5,585,101,21,this.width,10,class->block->function->block->block_content->return->expr->call->name->name->operator->name,
2,182,rectangle_java2.jpg,rectangle_java2.jpg,983764198,104,1057.6946153846154,582.1257692307693,977.5,585,101,21,this.width,10,class->block->function->block->block_content->return->expr->call->name->name->operator->name,
2,182,rectangle_java2.jpg,rectangle_java2.jpg,983932119,72,1108.4522222222222,595.8638888888889,1103.5,585,9,21,),1,class->block->function->block->block_content->return->expr->call->argument_list,
2,182,rectangle_java2.jpg,rectangle_java2.jpg,984952073,104,1080.4184615384615,683.5442307692308,1077.5,694,9,21,),1,class->block->function->block->block_content->expr_stmt->expr->call->argument_list,
2,182,rectangle_java2.jpg,rectangle_java2.jpg,985080076,124,1076.786129032258,692.2074193548387,1077.5,694,9,21,),1,class->block->function->block->block_content->expr_stmt->expr->call->argument_list,
2,182,rectangle_java2.jpg,rectangle_java2.jpg,985308081,160,878.401,673.79025,826.5,658,52,20,rect1,5,class->block->function->block->block_content->decl_stmt->decl->name,
2,182,rectangle_java2.jpg,rectangle_java2.jpg,985308081,160,878.401,673.79025,883.5,658,15,20,=,1,class->block->function->block->block_content->decl_stmt->decl->init,
2,182,rectangle_java2.jpg,rectangle_java2.jpg,985460088,148,877.2432432432432,673.3316216216216,826.5,658,52,20,rect1,5,class->block->function->block->block_content->decl_stmt->decl->name,
2,182,rectangle_java2.jpg,rectangle_java2.jpg,985460088,148,877.2432432432432,673.3316216216216,883.5,658,15,20,=,1,class->block->function->block->block_content->decl_stmt->decl->init,
2,182,rectangle_java2.jpg,rectangle_java2.jpg,986123899,68,1084.2005882352942,703.1258823529412,1077.5,694,9,21,),1,class->block->function->block->block_content->expr_stmt->expr->call->argument_list,
2,182,rectangle_java2.jpg,rectangle_java2.jpg,986123899,68,1084.2005882352942,703.1258823529412,1096.5,694,10,21,;,1,class->block->function->block->block_content->expr_stmt,
2,182,rectangle_java2.jpg,rectangle_java2.jpg,986187937,60,1077.486666666667,698.7586666666666,1077.5,694,9,21,),1,class->block->function->block->block_content->expr_stmt->expr->call->argument_list,
2,182,rectangle_java2.jpg,rectangle_java2.jpg,986471952,200,1067.6982,591.8062,977.5,585,101,21,this.width,10,class->block->function->block->block_content->return->expr->call->name->name->operator->name,
2,182,rectangle_java2.jpg,rectangle_java2.jpg,986579940,104,1072.4273076923075,590.4307692307692,977.5,585,101,21,this.width,10,class->block->function->block->block_content->return->expr->call->name->name->operator->name,
2,182,rectangle_java2.jpg,rectangle_java2.jpg,986699925,56,892.745,566.8842857142857,883.5,549,10,21,{,1,class->block->function->block,
2,182,rectangle_java2.jpg,rectangle_java2.jpg,986699925,56,892.745,566.8842857142857,900.5,549,63,21,return,6,class->block->function->block->block_content->return,
2,182,rectangle_java2.jpg,rectangle_java2.jpg,986775940,72,880.5822222222222,568.6822222222222,883.5,549,10,21,{,1,class->block->function->block,
2,182,rectangle_java2.jpg,rectangle_java2.jpg,987019992,152,831.2831578947369,574.688947368421,804.5,585,43,21,area,4,class->block->function->name,
2,182,rectangle_java2.jpg,rectangle_java2.jpg,987139994,64,991.436875,575.515625,977.5,585,101,21,this.width,10,class->block->function->block->block_content->return->expr->call->name->name->operator->name,
2,182,rectangle_java2.jpg,rectangle_java2.jpg,987263927,72,991.2955555555556,579.4811111111111,977.5,585,101,21,this.width,10,class->block->function->block->block_content->return->expr->call->name->name->operator->name,
2,182,rectangle_java2.jpg,rectangle_java2.jpg,987367901,76,1071.371052631579,592.7521052631579,977.5,585,101,21,this.width,10,class->block->function->block->block_content->return->expr->call->name->name->operator->name,
2,182,rectangle_java2.jpg,rectangle_java2.jpg,987615928,88,1042.0954545454545,596.6881818181818,977.5,585,101,21,this.width,10,class->block->function->block->block_content->return->expr->call->name->name->operator->name,
2,182,rectangle_java2.jpg,rectangle_java2.jpg,989585813,96,769.06875,260.32875,747.5,259,33,21,int,3,class->block->decl_stmt->decl->type->name,
2,182,rectangle_java2.jpg,rectangle_java2.jpg,989691781,100,764.4376,271.85,747.5,259,33,21,int,3,class->block->decl_stmt->decl->type->name,
