trial,participant,code_file,code_language,timestamp,duration,x_cord,y_cord,aoi_x,aoi_y,aoi_width,aoi_height,token,length,srcML,
2,185,rectangle_java2.jpg,rectangle_java2.jpg,3274476283,144,775.7552777777778,264.8886111111111,747.5,259,33,21,int,3,class->block->decl_stmt->decl->type->name,
2,185,rectangle_java2.jpg,rectangle_java2.jpg,3274476283,144,775.7552777777778,264.8886111111111,785.5,259,23,21,x1,2,class->block->decl_stmt->decl->name,
2,185,rectangle_java2.jpg,rectangle_java2.jpg,3274796215,264,676.040303030303,249.5463636363636,669.5,259,72,21,private,7,class->block->decl_stmt->decl->type->specifier,
2,185,rectangle_java2.jpg,rectangle_java2.jpg,3274968218,100,765.466,256.1176,747.5,259,33,21,int,3,class->block->decl_stmt->decl->type->name,
2,185,rectangle_java2.jpg,rectangle_java2.jpg,3275096256,124,761.3541935483871,250.2854838709677,747.5,259,33,21,int,3,class->block->decl_stmt->decl->type->name,
2,185,rectangle_java2.jpg,rectangle_java2.jpg,3275196258,60,734.9806666666667,279.1153333333333,669.5,259,72,21,private,7,class->block->decl_stmt->decl->type->specifier,
2,185,rectangle_java2.jpg,rectangle_java2.jpg,3275308239,108,738.2581481481482,291.9385185185185,737.5,295,91,21,Rectangle,9,class->block->constructor->name,
2,185,rectangle_java2.jpg,rectangle_java2.jpg,3275536215,164,819.400731707317,284.7307317073171,737.5,295,91,21,Rectangle,9,class->block->constructor->name,
2,185,rectangle_java2.jpg,rectangle_java2.jpg,3275720197,148,861.7181081081081,292.0627027027027,853.5,295,32,21,int,3,class->block->constructor->parameter_list->parameter->decl->type->name,
2,185,rectangle_java2.jpg,rectangle_java2.jpg,3275888091,152,842.4455263157895,315.9528947368421,837.5,295,9,21,(,1,class->block->constructor->parameter_list,
2,185,rectangle_java2.jpg,rectangle_java2.jpg,3275888091,152,842.4455263157895,315.9528947368421,853.5,295,32,21,int,3,class->block->constructor->parameter_list->parameter->decl->type->name,
2,185,rectangle_java2.jpg,rectangle_java2.jpg,3276192026,280,767.3575714285714,307.9098571428572,737.5,295,91,21,Rectangle,9,class->block->constructor->name,
2,185,rectangle_java2.jpg,rectangle_java2.jpg,3276336098,100,993.8944,312.4612,977.5,295,23,21,y1,2,class->block->constructor->parameter_list->parameter->decl->type->name,
2,185,rectangle_java2.jpg,rectangle_java2.jpg,3276476087,136,993.6391176470588,315.87529411764706,977.5,295,23,21,y1,2,class->block->constructor->parameter_list->parameter->decl->type->name,
2,185,rectangle_java2.jpg,rectangle_java2.jpg,3277300149,108,874.3903703703703,311.9211111111111,853.5,295,32,21,int,3,class->block->constructor->parameter_list->parameter->decl->type->name,
2,185,rectangle_java2.jpg,rectangle_java2.jpg,3278035938,92,981.2034782608696,315.26565217391305,977.5,295,23,21,y1,2,class->block->constructor->parameter_list->parameter->decl->type->name,
2,185,rectangle_java2.jpg,rectangle_java2.jpg,3278483918,200,1058.0652,311.6658,1025.5,295,33,21,int,3,class->block->constructor->parameter_list->parameter->decl->type->name,
2,185,rectangle_java2.jpg,rectangle_java2.jpg,3278483918,200,1058.0652,311.6658,1063.5,295,23,21,x2,2,class->block->constructor->parameter_list->parameter->decl->type->name,
2,185,rectangle_java2.jpg,rectangle_java2.jpg,3278759911,56,1136.4892857142856,313.1378571428571,1112.5,295,33,21,int,3,class->block->constructor->parameter_list->parameter->decl->type->name,
2,185,rectangle_java2.jpg,rectangle_java2.jpg,3278859905,68,814.9888235294118,363.3947058823529,806.5,367,15,21,=,1,class->block->constructor->block->block_content->expr_stmt->expr->operator,
2,185,rectangle_java2.jpg,rectangle_java2.jpg,3278859905,68,814.9888235294118,363.3947058823529,826.5,367,23,21,y1,2,class->block->constructor->block->block_content->expr_stmt->expr->name->name,
2,185,rectangle_java2.jpg,rectangle_java2.jpg,3278931945,68,821.6294117647059,355.7664705882353,826.5,367,23,21,y1,2,class->block->constructor->block->block_content->expr_stmt->expr->name->name,
2,185,rectangle_java2.jpg,rectangle_java2.jpg,3279143989,128,776.9384375,364.0965625,730.5,367,71,21,this.y1,7,class->block->constructor->block->block_content->expr_stmt->expr->name->name->operator->name,
2,185,rectangle_java2.jpg,rectangle_java2.jpg,3279239959,92,781.4130434782609,369.9065217391304,730.5,367,71,21,this.y1,7,class->block->constructor->block->block_content->expr_stmt->expr->name->name->operator->name,
2,185,rectangle_java2.jpg,rectangle_java2.jpg,3279303944,60,778.0066666666667,362.5973333333333,730.5,367,71,21,this.y1,7,class->block->constructor->block->block_content->expr_stmt->expr->name->name->operator->name,
2,185,rectangle_java2.jpg,rectangle_java2.jpg,3279399931,92,809.3517391304348,373.225652173913,806.5,367,15,21,=,1,class->block->constructor->block->block_content->expr_stmt->expr->operator,
2,185,rectangle_java2.jpg,rectangle_java2.jpg,3279459923,56,809.6557142857142,374.54785714285714,806.5,367,15,21,=,1,class->block->constructor->block->block_content->expr_stmt->expr->operator,
2,185,rectangle_java2.jpg,rectangle_java2.jpg,3279551948,88,807.6190909090909,365.3631818181818,806.5,367,15,21,=,1,class->block->constructor->block->block_content->expr_stmt->expr->operator,
2,185,rectangle_java2.jpg,rectangle_java2.jpg,3279987723,132,788.9433333333334,411.5790909090909,730.5,404,71,19,this.x2,7,class->block->constructor->block->block_content->expr_stmt->expr->name->name->operator->name,
2,185,rectangle_java2.jpg,rectangle_java2.jpg,3280099793,108,784.0522222222222,421.305925925926,730.5,404,71,19,this.x2,7,class->block->constructor->block->block_content->expr_stmt->expr->name->name->operator->name,
2,185,rectangle_java2.jpg,rectangle_java2.jpg,3280187817,84,787.2785714285715,420.39857142857136,730.5,404,71,19,this.x2,7,class->block->constructor->block->block_content->expr_stmt->expr->name->name->operator->name,
2,185,rectangle_java2.jpg,rectangle_java2.jpg,3280283838,64,710.841875,508.864375,669.5,512,63,21,public,6,class->block->function->type->specifier,
2,185,rectangle_java2.jpg,rectangle_java2.jpg,3280367840,80,708.287,507.5015000000001,669.5,512,63,21,public,6,class->block->function->type->specifier,
2,185,rectangle_java2.jpg,rectangle_java2.jpg,3280463843,92,716.4226086956521,508.3456521739131,669.5,512,63,21,public,6,class->block->function->type->specifier,
2,185,rectangle_java2.jpg,rectangle_java2.jpg,3280567855,64,681.126875,500.6825,669.5,512,63,21,public,6,class->block->function->type->specifier,
2,185,rectangle_java2.jpg,rectangle_java2.jpg,3280691862,68,691.5605882352941,510.4317647058824,669.5,512,63,21,public,6,class->block->function->type->specifier,
2,185,rectangle_java2.jpg,rectangle_java2.jpg,3280975818,256,773.38671875,515.4921875,775.5,512,53,21,width,5,class->block->function->name,
2,185,rectangle_java2.jpg,rectangle_java2.jpg,3281151839,76,831.3857894736842,504.4526315789474,837.5,512,9,21,(,1,class->block->function->parameter_list,
2,185,rectangle_java2.jpg,rectangle_java2.jpg,3281295840,104,940.1765384615384,523.5096153846154,891.5,512,62,21,return,6,class->block->function->block->block_content->return->expr->name->name,
2,185,rectangle_java2.jpg,rectangle_java2.jpg,3281479831,180,939.8388888888888,511.6393333333333,891.5,512,62,21,return,6,class->block->function->block->block_content->return->expr->name->name,
2,185,rectangle_java2.jpg,rectangle_java2.jpg,3281619670,116,1009.9462068965518,522.1275862068966,958.5,512,71,21,this.x2,7,class->block->function->block->block_content->return->expr->name->name->operator->name->operator,
2,185,rectangle_java2.jpg,rectangle_java2.jpg,3281707584,84,1004.7495238095238,528.5361904761904,958.5,512,71,21,this.x2,7,class->block->function->block->block_content->return->expr->name->name->operator->name->operator,
2,185,rectangle_java2.jpg,rectangle_java2.jpg,3282051703,128,1068.484375,529.4428125000001,1054.5,512,71,21,this.x1,7,class->block->function->block->block_content->return->expr->name->name->operator->name,
2,185,rectangle_java2.jpg,rectangle_java2.jpg,3282127708,72,1066.351111111111,519.445,1054.5,512,71,21,this.x1,7,class->block->function->block->block_content->return->expr->name->name->operator->name,
2,185,rectangle_java2.jpg,rectangle_java2.jpg,3282259714,128,1062.920625,532.925625,1054.5,512,71,21,this.x1,7,class->block->function->block->block_content->return->expr->name->name->operator->name,
2,185,rectangle_java2.jpg,rectangle_java2.jpg,3282683702,232,1015.8001724137932,555.8806896551724,968.5,549,70,21,this.y2,7,class->block->function->block->block_content->return->expr->name->name->operator->name,
2,185,rectangle_java2.jpg,rectangle_java2.jpg,3282771708,84,1016.5890476190476,547.9647619047619,968.5,549,70,21,this.y2,7,class->block->function->block->block_content->return->expr->name->name->operator->name,
2,185,rectangle_java2.jpg,rectangle_java2.jpg,3282987716,212,1036.5867924528302,557.4398113207548,968.5,549,70,21,this.y2,7,class->block->function->block->block_content->return->expr->name->name->operator->name,
2,185,rectangle_java2.jpg,rectangle_java2.jpg,3282987716,212,1036.5867924528302,557.4398113207548,1045.5,549,13,21,-,1,class->block->function->block->block_content->return->expr->operator,
2,185,rectangle_java2.jpg,rectangle_java2.jpg,3283279674,136,1102.92,564.4967647058824,1064.5,549,71,21,this.y1,7,class->block->function->block->block_content->return->expr->name->name->operator->name,
2,185,rectangle_java2.jpg,rectangle_java2.jpg,3283363691,80,1097.546,568.218,1064.5,549,71,21,this.y1,7,class->block->function->block->block_content->return->expr->name->name->operator->name,
2,185,rectangle_java2.jpg,rectangle_java2.jpg,3283551663,140,1118.8385714285714,554.4388571428572,1064.5,549,71,21,this.y1,7,class->block->function->block->block_content->return->expr->name->name->operator->name,
2,185,rectangle_java2.jpg,rectangle_java2.jpg,3283803638,248,1118.5001612903225,567.071935483871,1064.5,549,71,21,this.y1,7,class->block->function->block->block_content->return->expr->name->name->operator->name,
2,185,rectangle_java2.jpg,rectangle_java2.jpg,3284079590,184,740.8771739130435,560.1973913043478,737.5,549,33,21,int,3,class->block->function->type->name,
2,185,rectangle_java2.jpg,rectangle_java2.jpg,3284191571,108,756.2948148148148,565.2359259259259,737.5,549,33,21,int,3,class->block->function->type->name,
2,185,rectangle_java2.jpg,rectangle_java2.jpg,3284287540,92,761.835652173913,581.6978260869565,737.5,585,62,21,double,6,class->block->function->type->name,
2,185,rectangle_java2.jpg,rectangle_java2.jpg,3284391530,68,750.0782352941177,578.9035294117647,737.5,585,62,21,double,6,class->block->function->type->name,
2,185,rectangle_java2.jpg,rectangle_java2.jpg,3284735545,116,810.8362068965517,601.1731034482758,804.5,585,43,21,area,4,class->block->function->name,
2,185,rectangle_java2.jpg,rectangle_java2.jpg,3284907545,168,812.0490476190477,593.6102380952381,804.5,585,43,21,area,4,class->block->function->name,
2,185,rectangle_java2.jpg,rectangle_java2.jpg,3285071546,84,775.6080952380952,597.6266666666667,737.5,585,62,21,double,6,class->block->function->type->name,
2,185,rectangle_java2.jpg,rectangle_java2.jpg,3285135552,60,762.0766666666667,575.2006666666666,737.5,585,62,21,double,6,class->block->function->type->name,
2,185,rectangle_java2.jpg,rectangle_java2.jpg,3285235593,96,761.25875,586.2808333333334,737.5,585,62,21,double,6,class->block->function->type->name,
2,185,rectangle_java2.jpg,rectangle_java2.jpg,3285335637,56,756.5714285714286,598.4071428571428,737.5,585,62,21,double,6,class->block->function->type->name,
2,185,rectangle_java2.jpg,rectangle_java2.jpg,3285543444,140,824.7002857142857,588.4445714285714,804.5,585,43,21,area,4,class->block->function->name,
2,185,rectangle_java2.jpg,rectangle_java2.jpg,3285735372,76,978.8847368421052,608.8231578947368,920.5,621,62,21,String,6,class->block->function->parameter_list->parameter->decl->type->name->name,
2,185,rectangle_java2.jpg,rectangle_java2.jpg,3285735372,76,978.8847368421052,608.8231578947368,990.5,621,10,21,[,1,class->block->function->parameter_list->parameter->decl->type->name->index,
2,185,rectangle_java2.jpg,rectangle_java2.jpg,3285863428,124,984.2964516129032,594.7177419354839,977.5,585,101,21,this.width,10,class->block->function->block->block_content->return->expr->call->name->name->operator->name,
2,185,rectangle_java2.jpg,rectangle_java2.jpg,3286111442,120,1030.5023333333334,592.225,977.5,585,101,21,this.width,10,class->block->function->block->block_content->return->expr->call->name->name->operator->name,
2,185,rectangle_java2.jpg,rectangle_java2.jpg,3286175442,60,1039.47,594.9306666666666,977.5,585,101,21,this.width,10,class->block->function->block->block_content->return->expr->call->name->name->operator->name,
2,185,rectangle_java2.jpg,rectangle_java2.jpg,3286419450,112,1041.0028571428572,588.2814285714286,977.5,585,101,21,this.width,10,class->block->function->block->block_content->return->expr->call->name->name->operator->name,
2,185,rectangle_java2.jpg,rectangle_java2.jpg,3286563382,120,1245.6223333333332,589.4316666666666,1140.5,585,110,21,this.height,11,class->block->function->block->block_content->return->expr->call->name->name->operator->name,
2,185,rectangle_java2.jpg,rectangle_java2.jpg,3286679370,112,1234.5114285714285,588.5210714285714,1140.5,585,110,21,this.height,11,class->block->function->block->block_content->return->expr->call->name->name->operator->name,
2,185,rectangle_java2.jpg,rectangle_java2.jpg,3286767411,84,1210.2580952380952,592.5223809523809,1140.5,585,110,21,this.height,11,class->block->function->block->block_content->return->expr->call->name->name->operator->name,
2,185,rectangle_java2.jpg,rectangle_java2.jpg,3287007469,112,1207.5467857142858,605.5410714285714,1140.5,585,110,21,this.height,11,class->block->function->block->block_content->return->expr->call->name->name->operator->name,
2,185,rectangle_java2.jpg,rectangle_java2.jpg,3287311353,68,784.4164705882353,611.6770588235294,738.5,621,61,21,static,6,class->block->function->type->specifier,
2,185,rectangle_java2.jpg,rectangle_java2.jpg,3287439191,92,798.4308695652174,647.7826086956521,730.5,658,91,20,Rectangle,9,class->block->function->block->block_content->decl_stmt->decl->type->name,
2,185,rectangle_java2.jpg,rectangle_java2.jpg,3287579233,92,729.0591304347826,624.9821739130435,669.5,621,63,21,public,6,class->block->function->type->specifier,
2,185,rectangle_java2.jpg,rectangle_java2.jpg,3287579233,92,729.0591304347826,624.9821739130435,738.5,621,61,21,static,6,class->block->function->type->specifier,
2,185,rectangle_java2.jpg,rectangle_java2.jpg,3287639276,56,732.3192857142857,631.8078571428572,669.5,621,63,21,public,6,class->block->function->type->specifier,
2,185,rectangle_java2.jpg,rectangle_java2.jpg,3287639276,56,732.3192857142857,631.8078571428572,738.5,621,61,21,static,6,class->block->function->type->specifier,
2,185,rectangle_java2.jpg,rectangle_java2.jpg,3288067326,140,850.6911428571428,616.7811428571429,851.5,621,44,21,main,4,class->block->function->name,
2,185,rectangle_java2.jpg,rectangle_java2.jpg,3288131303,60,857.8893333333333,640.4866666666667,851.5,621,44,21,main,4,class->block->function->name,
2,185,rectangle_java2.jpg,rectangle_java2.jpg,3288215273,56,836.7128571428572,618.1964285714286,804.5,621,44,21,void,4,class->block->function->type->name,
2,185,rectangle_java2.jpg,rectangle_java2.jpg,3288363274,92,830.0113043478261,636.7126086956522,804.5,621,44,21,void,4,class->block->function->type->name,
2,185,rectangle_java2.jpg,rectangle_java2.jpg,3288423285,56,840.6057142857143,628.3942857142857,804.5,621,44,21,void,4,class->block->function->type->name,
2,185,rectangle_java2.jpg,rectangle_java2.jpg,3288423285,56,840.6057142857143,628.3942857142857,851.5,621,44,21,main,4,class->block->function->name,
2,185,rectangle_java2.jpg,rectangle_java2.jpg,3288555318,100,895.3284,634.6308,851.5,621,44,21,main,4,class->block->function->name,
2,185,rectangle_java2.jpg,rectangle_java2.jpg,3288555318,100,895.3284,634.6308,904.5,621,9,21,(,1,class->block->function->parameter_list,
2,185,rectangle_java2.jpg,rectangle_java2.jpg,3288623333,64,896.58875,632.5393750000001,904.5,621,9,21,(,1,class->block->function->parameter_list,
2,185,rectangle_java2.jpg,rectangle_java2.jpg,3288835337,176,949.9781818181818,627.4875,920.5,621,62,21,String,6,class->block->function->parameter_list->parameter->decl->type->name->name,
2,185,rectangle_java2.jpg,rectangle_java2.jpg,3288899328,60,939.702,648.746,941.5,658,91,20,Rectangle,9,class->block->function->block->block_content->decl_stmt->decl->init->expr->call->name,
2,185,rectangle_java2.jpg,rectangle_java2.jpg,3288983313,68,1038.8870588235295,651.4082352941176,1041.5,658,9,20,(,1,class->block->function->block->block_content->decl_stmt->decl->init->expr->call->argument_list,
2,185,rectangle_java2.jpg,rectangle_java2.jpg,3289055302,68,1049.6758823529412,636.2111764705883,1025.5,621,42,21,args,4,class->block->function->parameter_list->parameter->decl->name,
2,185,rectangle_java2.jpg,rectangle_java2.jpg,3289179321,72,792.7877777777778,676.915,730.5,658,91,20,Rectangle,9,class->block->function->block->block_content->decl_stmt->decl->type->name,
2,185,rectangle_java2.jpg,rectangle_java2.jpg,3289371283,188,802.3510638297872,672.5536170212766,730.5,658,91,20,Rectangle,9,class->block->function->block->block_content->decl_stmt->decl->type->name,
2,185,rectangle_java2.jpg,rectangle_java2.jpg,3289655184,204,895.5978431372549,683.666862745098,730.5,694,177,21,System.out.println,18,class->block->function->block->block_content->expr_stmt->expr->call->name->name->operator->name->operator->name,
2,185,rectangle_java2.jpg,rectangle_java2.jpg,3289719170,60,896.478,675.1806666666666,883.5,658,15,20,=,1,class->block->function->block->block_content->decl_stmt->decl->init,
2,185,rectangle_java2.jpg,rectangle_java2.jpg,3289719170,60,896.478,675.1806666666666,902.5,658,34,20,new,3,class->block->function->block->block_content->decl_stmt->decl->init->expr->operator,
2,185,rectangle_java2.jpg,rectangle_java2.jpg,3289851145,100,954.6184,673.8412,941.5,658,91,20,Rectangle,9,class->block->function->block->block_content->decl_stmt->decl->init->expr->call->name,
2,185,rectangle_java2.jpg,rectangle_java2.jpg,3290163171,72,999.0827777777778,686.5033333333333,932.5,694,100,21,rect1.area,10,class->block->function->block->block_content->expr_stmt->expr->call->argument_list->argument->expr->call->name->name->operator->name,
2,185,rectangle_java2.jpg,rectangle_java2.jpg,3290683207,108,1161.8922222222222,670.542962962963,1163.5,658,10,20,"""","""",1,class->block->function->block->block_content->decl_stmt->decl->init->expr->call->argument_list
2,185,rectangle_java2.jpg,rectangle_java2.jpg,3291270851,172,1097.127441860465,759.8693023255814,1096.5,766,10,21,;,1,class->block->function->block->block_content->expr_stmt,
2,185,rectangle_java2.jpg,rectangle_java2.jpg,3291499043,112,847.7517857142857,728.4657142857143,826.5,731,51,20,rect2,5,class->block->function->block->block_content->decl_stmt->decl->name,
2,185,rectangle_java2.jpg,rectangle_java2.jpg,3291963078,176,798.2352272727272,720.9902272727272,730.5,731,91,20,Rectangle,9,class->block->function->block->block_content->decl_stmt->decl->type->name,
2,185,rectangle_java2.jpg,rectangle_java2.jpg,3292043060,76,802.5394736842105,713.9663157894737,730.5,694,177,21,System.out.println,18,class->block->function->block->block_content->expr_stmt->expr->call->name->name->operator->name->operator->name,
2,185,rectangle_java2.jpg,rectangle_java2.jpg,3292139049,92,802.1539130434783,730.2778260869566,730.5,731,91,20,Rectangle,9,class->block->function->block->block_content->decl_stmt->decl->type->name,
2,185,rectangle_java2.jpg,rectangle_java2.jpg,3292255051,112,799.5664285714286,720.0753571428571,730.5,731,91,20,Rectangle,9,class->block->function->block->block_content->decl_stmt->decl->type->name,
2,185,rectangle_java2.jpg,rectangle_java2.jpg,3292343054,72,874.635,719.1672222222222,826.5,731,51,20,rect2,5,class->block->function->block->block_content->decl_stmt->decl->name,
2,185,rectangle_java2.jpg,rectangle_java2.jpg,3292343054,72,874.635,719.1672222222222,883.5,731,15,20,=,1,class->block->function->block->block_content->decl_stmt->decl->init,
2,185,rectangle_java2.jpg,rectangle_java2.jpg,3292475059,128,872.505,718.9384375,826.5,731,51,20,rect2,5,class->block->function->block->block_content->decl_stmt->decl->name,
2,185,rectangle_java2.jpg,rectangle_java2.jpg,3292475059,128,872.505,718.9384375,883.5,731,15,20,=,1,class->block->function->block->block_content->decl_stmt->decl->init,
2,185,rectangle_java2.jpg,rectangle_java2.jpg,3292647045,168,872.7652380952381,722.7728571428571,826.5,731,51,20,rect2,5,class->block->function->block->block_content->decl_stmt->decl->name,
2,185,rectangle_java2.jpg,rectangle_java2.jpg,3292647045,168,872.7652380952381,722.7728571428571,883.5,731,15,20,=,1,class->block->function->block->block_content->decl_stmt->decl->init,
2,185,rectangle_java2.jpg,rectangle_java2.jpg,3292759040,64,920.505625,712.209375,916.5,694,9,21,(,1,class->block->function->block->block_content->expr_stmt->expr->call->argument_list,
2,185,rectangle_java2.jpg,rectangle_java2.jpg,3292759040,64,920.505625,712.209375,932.5,694,100,21,rect1.area,10,class->block->function->block->block_content->expr_stmt->expr->call->argument_list->argument->expr->call->name->name->operator->name,
2,185,rectangle_java2.jpg,rectangle_java2.jpg,3292935031,172,917.1779069767442,708.4151162790697,916.5,694,9,21,(,1,class->block->function->block->block_content->expr_stmt->expr->call->argument_list,
2,185,rectangle_java2.jpg,rectangle_java2.jpg,3293434847,96,891.42625,720.735,883.5,731,15,20,=,1,class->block->function->block->block_content->decl_stmt->decl->init,
2,185,rectangle_java2.jpg,rectangle_java2.jpg,3293434847,96,891.42625,720.735,902.5,731,34,20,new,3,class->block->function->block->block_content->decl_stmt->decl->init->expr->operator,
2,185,rectangle_java2.jpg,rectangle_java2.jpg,3293642894,204,889.6621568627451,720.2919607843137,883.5,731,15,20,=,1,class->block->function->block->block_content->decl_stmt->decl->init,
2,185,rectangle_java2.jpg,rectangle_java2.jpg,3293874935,64,890.260625,720.318125,883.5,731,15,20,=,1,class->block->function->block->block_content->decl_stmt->decl->init,
2,185,rectangle_java2.jpg,rectangle_java2.jpg,3293874935,64,890.260625,720.318125,902.5,731,34,20,new,3,class->block->function->block->block_content->decl_stmt->decl->init->expr->operator,
2,185,rectangle_java2.jpg,rectangle_java2.jpg,3293950959,72,896.8222222222222,725.34,883.5,731,15,20,=,1,class->block->function->block->block_content->decl_stmt->decl->init,
2,185,rectangle_java2.jpg,rectangle_java2.jpg,3293950959,72,896.8222222222222,725.34,902.5,731,34,20,new,3,class->block->function->block->block_content->decl_stmt->decl->init->expr->operator,
2,185,rectangle_java2.jpg,rectangle_java2.jpg,3294078933,84,905.8419047619047,702.6547619047619,730.5,694,177,21,System.out.println,18,class->block->function->block->block_content->expr_stmt->expr->call->name->name->operator->name->operator->name,
2,185,rectangle_java2.jpg,rectangle_java2.jpg,3294078933,84,905.8419047619047,702.6547619047619,916.5,694,9,21,(,1,class->block->function->block->block_content->expr_stmt->expr->call->argument_list,
2,185,rectangle_java2.jpg,rectangle_java2.jpg,3294170917,88,896.7240909090909,726.055909090909,883.5,731,15,20,=,1,class->block->function->block->block_content->decl_stmt->decl->init,
2,185,rectangle_java2.jpg,rectangle_java2.jpg,3294170917,88,896.7240909090909,726.055909090909,902.5,731,34,20,new,3,class->block->function->block->block_content->decl_stmt->decl->init->expr->operator,
2,185,rectangle_java2.jpg,rectangle_java2.jpg,3294414978,128,1006.6034375,724.775,941.5,731,91,20,Rectangle,9,class->block->function->block->block_content->decl_stmt->decl->init->expr->call->name,
2,185,rectangle_java2.jpg,rectangle_java2.jpg,3294614912,196,985.7910204081631,728.8302040816327,941.5,731,91,20,Rectangle,9,class->block->function->block->block_content->decl_stmt->decl->init->expr->call->name,
2,185,rectangle_java2.jpg,rectangle_java2.jpg,3294810888,192,982.0522916666666,733.69625,941.5,731,91,20,Rectangle,9,class->block->function->block->block_content->decl_stmt->decl->init->expr->call->name,
2,185,rectangle_java2.jpg,rectangle_java2.jpg,3294946839,80,1030.0125,751.0,941.5,731,91,20,Rectangle,9,class->block->function->block->block_content->decl_stmt->decl->init->expr->call->name,
2,185,rectangle_java2.jpg,rectangle_java2.jpg,3294946839,80,1030.0125,751.0,1041.5,731,9,20,(,1,class->block->function->block->block_content->decl_stmt->decl->init->expr->call->argument_list,
2,185,rectangle_java2.jpg,rectangle_java2.jpg,3295006801,56,1022.7235714285714,732.325,941.5,731,91,20,Rectangle,9,class->block->function->block->block_content->decl_stmt->decl->init->expr->call->name,
2,185,rectangle_java2.jpg,rectangle_java2.jpg,3295330776,208,1028.6973076923075,743.5776923076924,941.5,731,91,20,Rectangle,9,class->block->function->block->block_content->decl_stmt->decl->init->expr->call->name,
2,185,rectangle_java2.jpg,rectangle_java2.jpg,3295390781,56,1026.152857142857,736.7778571428571,941.5,731,91,20,Rectangle,9,class->block->function->block->block_content->decl_stmt->decl->init->expr->call->name,
2,185,rectangle_java2.jpg,rectangle_java2.jpg,3295534805,60,957.946,593.0406666666667,910.5,585,62,21,return,6,class->block->function->block->block_content->return,
2,185,rectangle_java2.jpg,rectangle_java2.jpg,3295898742,104,869.85,760.4623076923077,730.5,766,177,21,System.out.println,18,class->block->function->block->block_content->expr_stmt->expr->call->name->name->operator->name->operator->name,
2,185,rectangle_java2.jpg,rectangle_java2.jpg,3295994716,92,872.545652173913,740.6426086956521,826.5,731,51,20,rect2,5,class->block->function->block->block_content->decl_stmt->decl->name,
2,185,rectangle_java2.jpg,rectangle_java2.jpg,3295994716,92,872.545652173913,740.6426086956521,883.5,731,15,20,=,1,class->block->function->block->block_content->decl_stmt->decl->init,
2,185,rectangle_java2.jpg,rectangle_java2.jpg,3296190792,128,859.063125,744.3965625,826.5,731,51,20,rect2,5,class->block->function->block->block_content->decl_stmt->decl->name,
2,185,rectangle_java2.jpg,rectangle_java2.jpg,3296294797,100,861.716,756.6964,730.5,766,177,21,System.out.println,18,class->block->function->block->block_content->expr_stmt->expr->call->name->name->operator->name->operator->name,
2,185,rectangle_java2.jpg,rectangle_java2.jpg,3296366780,68,862.425294117647,741.3241176470589,826.5,731,51,20,rect2,5,class->block->function->block->block_content->decl_stmt->decl->name,
2,185,rectangle_java2.jpg,rectangle_java2.jpg,3296734758,96,829.1279166666667,416.6470833333333,826.5,404,23,19,x2,2,class->block->constructor->block->block_content->expr_stmt->expr->name->name,
2,185,rectangle_java2.jpg,rectangle_java2.jpg,3297222661,96,1054.6025,569.92625,1045.5,549,13,21,-,1,class->block->function->block->block_content->return->expr->operator,
2,185,rectangle_java2.jpg,rectangle_java2.jpg,3297222661,96,1054.6025,569.92625,1064.5,549,71,21,this.y1,7,class->block->function->block->block_content->return->expr->name->name->operator->name,
2,185,rectangle_java2.jpg,rectangle_java2.jpg,3297354704,72,1061.4183333333333,558.3933333333333,1064.5,549,71,21,this.y1,7,class->block->function->block->block_content->return->expr->name->name->operator->name,
2,185,rectangle_java2.jpg,rectangle_java2.jpg,3297498691,140,1050.2514285714285,583.7620000000001,977.5,585,101,21,this.width,10,class->block->function->block->block_content->return->expr->call->name->name->operator->name,
2,185,rectangle_java2.jpg,rectangle_java2.jpg,3297674677,172,1047.4913953488372,583.2595348837209,977.5,585,101,21,this.width,10,class->block->function->block->block_content->return->expr->call->name->name->operator->name,
2,185,rectangle_java2.jpg,rectangle_java2.jpg,3298074646,60,876.1486666666667,785.122,730.5,766,177,21,System.out.println,18,class->block->function->block->block_content->expr_stmt->expr->call->name->name->operator->name->operator->name,
