trial,participant,code_file,code_language,timestamp,duration,x_cord,y_cord,aoi_x,aoi_y,aoi_width,aoi_height,token,length,srcML,
2,189,rectangle_java2.jpg,rectangle_java2.jpg,9842114241,144,801.6616666666666,338.39166666666665,806.5,331,15,19,=,1,class->block->constructor->block->block_content->expr_stmt->expr->operator,
2,189,rectangle_java2.jpg,rectangle_java2.jpg,9843226126,116,747.7193103448276,209.7806896551724,715.5,222,90,21,Rectangle,9,class->name,
2,189,rectangle_java2.jpg,rectangle_java2.jpg,9843934023,64,767.998125,252.433125,747.5,259,33,21,int,3,class->block->decl_stmt->decl->type->name,
2,189,rectangle_java2.jpg,rectangle_java2.jpg,9844070071,132,762.8933333333333,234.8890909090909,715.5,222,90,21,Rectangle,9,class->name,
2,189,rectangle_java2.jpg,rectangle_java2.jpg,9844354116,120,743.667,249.289,747.5,259,33,21,int,3,class->block->decl_stmt->decl->type->name,
2,189,rectangle_java2.jpg,rectangle_java2.jpg,9844430088,72,743.1983333333333,234.83277777777775,715.5,222,90,21,Rectangle,9,class->name,
2,189,rectangle_java2.jpg,rectangle_java2.jpg,9844606090,144,785.1583333333333,242.8405555555555,715.5,222,90,21,Rectangle,9,class->name,
2,189,rectangle_java2.jpg,rectangle_java2.jpg,9847357785,176,1109.1086363636364,293.4825,1112.5,295,33,21,int,3,class->block->constructor->parameter_list->parameter->decl->type->name,
2,189,rectangle_java2.jpg,rectangle_java2.jpg,9847485770,96,1063.6425,293.15958333333333,1063.5,295,23,21,x2,2,class->block->constructor->parameter_list->parameter->decl->type->name,
2,189,rectangle_java2.jpg,rectangle_java2.jpg,9847857772,248,747.183870967742,275.60903225806453,747.5,259,33,21,int,3,class->block->decl_stmt->decl->type->name,
2,189,rectangle_java2.jpg,rectangle_java2.jpg,9847941781,80,745.4655,287.05,737.5,295,91,21,Rectangle,9,class->block->constructor->name,
2,189,rectangle_java2.jpg,rectangle_java2.jpg,9849441670,80,754.07,219.732,715.5,222,90,21,Rectangle,9,class->name,
2,189,rectangle_java2.jpg,rectangle_java2.jpg,9849613541,168,748.17,227.7302380952381,715.5,222,90,21,Rectangle,9,class->name,
2,189,rectangle_java2.jpg,rectangle_java2.jpg,9849781537,164,744.1146341463415,225.410243902439,715.5,222,90,21,Rectangle,9,class->name,
2,189,rectangle_java2.jpg,rectangle_java2.jpg,9849969753,184,774.7830434782609,224.18869565217392,715.5,222,90,21,Rectangle,9,class->name,
2,189,rectangle_java2.jpg,rectangle_java2.jpg,9850093704,120,773.775,219.18633333333327,715.5,222,90,21,Rectangle,9,class->name,
2,189,rectangle_java2.jpg,rectangle_java2.jpg,9850169693,72,780.4594444444444,234.25222222222223,715.5,222,90,21,Rectangle,9,class->name,
2,189,rectangle_java2.jpg,rectangle_java2.jpg,9850365687,192,804.94875,239.45395833333333,715.5,222,90,21,Rectangle,9,class->name,
2,189,rectangle_java2.jpg,rectangle_java2.jpg,9850365687,192,804.94875,239.45395833333333,813.5,222,10,21,{,1,class->block,
2,189,rectangle_java2.jpg,rectangle_java2.jpg,9851573552,108,818.2096296296296,254.43666666666667,815.5,259,10,21,"""","""",1,class->block->decl_stmt
2,189,rectangle_java2.jpg,rectangle_java2.jpg,9851645540,68,820.4758823529412,261.8135294117647,815.5,259,10,21,"""","""",1,class->block->decl_stmt
2,189,rectangle_java2.jpg,rectangle_java2.jpg,9851773524,100,771.952,286.93240000000003,737.5,295,91,21,Rectangle,9,class->block->constructor->name,
2,189,rectangle_java2.jpg,rectangle_java2.jpg,9851977520,144,738.6005555555555,289.62666666666667,737.5,295,91,21,Rectangle,9,class->block->constructor->name,
2,189,rectangle_java2.jpg,rectangle_java2.jpg,9852161204,76,836.3826315789474,287.75157894736844,837.5,295,9,21,(,1,class->block->constructor->parameter_list,
2,189,rectangle_java2.jpg,rectangle_java2.jpg,9852261255,96,841.96375,285.0420833333333,837.5,295,9,21,(,1,class->block->constructor->parameter_list,
2,189,rectangle_java2.jpg,rectangle_java2.jpg,9852261255,96,841.96375,285.0420833333333,853.5,295,32,21,int,3,class->block->constructor->parameter_list->parameter->decl->type->name,
2,189,rectangle_java2.jpg,rectangle_java2.jpg,9852737343,88,950.98,292.3527272727273,939.5,295,33,21,int,3,class->block->constructor->parameter_list->parameter->decl->type->name,
2,189,rectangle_java2.jpg,rectangle_java2.jpg,9852925431,140,1003.2022857142856,283.67114285714285,1007.5,295,10,21,"""","""",1,class->block->constructor->parameter_list
2,189,rectangle_java2.jpg,rectangle_java2.jpg,9853121386,104,999.6873076923076,289.4896153846154,977.5,295,23,21,y1,2,class->block->constructor->parameter_list->parameter->decl->type->name,
2,189,rectangle_java2.jpg,rectangle_java2.jpg,9853121386,104,999.6873076923076,289.4896153846154,1007.5,295,10,21,"""","""",1,class->block->constructor->parameter_list
2,189,rectangle_java2.jpg,rectangle_java2.jpg,9853245423,92,1069.63,286.8882608695652,1063.5,295,23,21,x2,2,class->block->constructor->parameter_list->parameter->decl->type->name,
2,189,rectangle_java2.jpg,rectangle_java2.jpg,9853341423,92,1070.7878260869566,289.9865217391304,1063.5,295,23,21,x2,2,class->block->constructor->parameter_list->parameter->decl->type->name,
2,189,rectangle_java2.jpg,rectangle_java2.jpg,9853557430,184,1100.965,291.4363043478261,1094.5,295,9,21,"""","""",1,class->block->constructor->parameter_list
2,189,rectangle_java2.jpg,rectangle_java2.jpg,9853557430,184,1100.965,291.4363043478261,1112.5,295,33,21,int,3,class->block->constructor->parameter_list->parameter->decl->type->name,
2,189,rectangle_java2.jpg,rectangle_java2.jpg,9853753412,156,814.6561538461539,340.2123076923077,806.5,331,15,19,=,1,class->block->constructor->block->block_content->expr_stmt->expr->operator,
2,189,rectangle_java2.jpg,rectangle_java2.jpg,9853753412,156,814.6561538461539,340.2123076923077,826.5,331,23,19,x1,2,class->block->constructor->block->block_content->expr_stmt->expr->name->name,
2,189,rectangle_java2.jpg,rectangle_java2.jpg,9854049430,292,808.0894520547945,343.3982191780822,806.5,331,15,19,=,1,class->block->constructor->block->block_content->expr_stmt->expr->operator,
2,189,rectangle_java2.jpg,rectangle_java2.jpg,9854329388,244,845.3504918032787,334.63295081967215,826.5,331,23,19,x1,2,class->block->constructor->block->block_content->expr_stmt->expr->name->name,
2,189,rectangle_java2.jpg,rectangle_java2.jpg,9854329388,244,845.3504918032787,334.63295081967215,856.5,331,10,19,;,1,class->block->constructor->block->block_content->expr_stmt,
2,189,rectangle_java2.jpg,rectangle_java2.jpg,9855473213,192,798.3697916666666,363.9141666666667,730.5,367,71,21,this.y1,7,class->block->constructor->block->block_content->expr_stmt->expr->name->name->operator->name,
2,189,rectangle_java2.jpg,rectangle_java2.jpg,9855473213,192,798.3697916666666,363.9141666666667,806.5,367,15,21,=,1,class->block->constructor->block->block_content->expr_stmt->expr->operator,
2,189,rectangle_java2.jpg,rectangle_java2.jpg,9855821114,320,850.415875,361.321875,856.5,367,10,21,;,1,class->block->constructor->block->block_content->expr_stmt,
2,189,rectangle_java2.jpg,rectangle_java2.jpg,9856697174,108,887.0385185185186,303.45666666666665,890.5,295,24,21,x1,2,class->block->constructor->parameter_list->parameter->decl->type->name,
2,189,rectangle_java2.jpg,rectangle_java2.jpg,9856773161,72,890.76,314.16333333333336,890.5,295,24,21,x1,2,class->block->constructor->parameter_list->parameter->decl->type->name,
2,189,rectangle_java2.jpg,rectangle_java2.jpg,9856925139,120,941.7423333333334,301.312,939.5,295,33,21,int,3,class->block->constructor->parameter_list->parameter->decl->type->name,
2,189,rectangle_java2.jpg,rectangle_java2.jpg,9857177125,204,1036.7158823529412,293.98843137254903,1025.5,295,33,21,int,3,class->block->constructor->parameter_list->parameter->decl->type->name,
2,189,rectangle_java2.jpg,rectangle_java2.jpg,9857269123,88,1003.3227272727272,297.04545454545456,1007.5,295,10,21,"""","""",1,class->block->constructor->parameter_list
2,189,rectangle_java2.jpg,rectangle_java2.jpg,9857333149,60,992.4553333333332,285.808,977.5,295,23,21,y1,2,class->block->constructor->parameter_list->parameter->decl->type->name,
2,189,rectangle_java2.jpg,rectangle_java2.jpg,9857493241,92,1082.253043478261,286.79304347826087,1063.5,295,23,21,x2,2,class->block->constructor->parameter_list->parameter->decl->type->name,
2,189,rectangle_java2.jpg,rectangle_java2.jpg,9857493241,92,1082.253043478261,286.79304347826087,1094.5,295,9,21,"""","""",1,class->block->constructor->parameter_list
2,189,rectangle_java2.jpg,rectangle_java2.jpg,9858081160,108,808.0851851851852,392.8911111111111,806.5,404,15,19,=,1,class->block->constructor->block->block_content->expr_stmt->expr->operator,
2,189,rectangle_java2.jpg,rectangle_java2.jpg,9858185017,100,805.4024000000001,399.0916,806.5,404,15,19,=,1,class->block->constructor->block->block_content->expr_stmt->expr->operator,
2,189,rectangle_java2.jpg,rectangle_java2.jpg,9858437094,116,854.9448275862069,401.6603448275862,856.5,404,10,19,;,1,class->block->constructor->block->block_content->expr_stmt,
2,189,rectangle_java2.jpg,rectangle_java2.jpg,9858533171,92,850.5939130434782,402.07,856.5,404,10,19,;,1,class->block->constructor->block->block_content->expr_stmt,
2,189,rectangle_java2.jpg,rectangle_java2.jpg,9858637088,100,862.0692,397.0832,856.5,404,10,19,;,1,class->block->constructor->block->block_content->expr_stmt,
2,189,rectangle_java2.jpg,rectangle_java2.jpg,9859081020,64,1113.839375,302.80875,1112.5,295,33,21,int,3,class->block->constructor->parameter_list->parameter->decl->type->name,
2,189,rectangle_java2.jpg,rectangle_java2.jpg,9859177018,92,1115.236956521739,291.0986956521739,1112.5,295,33,21,int,3,class->block->constructor->parameter_list->parameter->decl->type->name,
2,189,rectangle_java2.jpg,rectangle_java2.jpg,9859237012,56,1113.0214285714285,288.7085714285714,1112.5,295,33,21,int,3,class->block->constructor->parameter_list->parameter->decl->type->name,
2,189,rectangle_java2.jpg,rectangle_java2.jpg,9859297005,56,1108.9171428571428,288.04214285714284,1112.5,295,33,21,int,3,class->block->constructor->parameter_list->parameter->decl->type->name,
2,189,rectangle_java2.jpg,rectangle_java2.jpg,9859360997,60,1112.9593333333332,285.43333333333334,1112.5,295,33,21,int,3,class->block->constructor->parameter_list->parameter->decl->type->name,
2,189,rectangle_java2.jpg,rectangle_java2.jpg,9859605035,88,829.1586363636363,435.5381818181818,826.5,440,23,21,y2,2,class->block->constructor->block->block_content->expr_stmt->expr->name->name,
2,189,rectangle_java2.jpg,rectangle_java2.jpg,9859773144,164,800.0414634146341,436.7224390243903,730.5,440,71,21,this.y2,7,class->block->constructor->block->block_content->expr_stmt->expr->name->name->operator->name,
2,189,rectangle_java2.jpg,rectangle_java2.jpg,9859773144,164,800.0414634146341,436.7224390243903,806.5,440,15,21,=,1,class->block->constructor->block->block_content->expr_stmt->expr->operator,
2,189,rectangle_java2.jpg,rectangle_java2.jpg,9860001022,140,848.6562857142857,428.71657142857146,826.5,440,23,21,y2,2,class->block->constructor->block->block_content->expr_stmt->expr->name->name,
2,189,rectangle_java2.jpg,rectangle_java2.jpg,9860001022,140,848.6562857142857,428.71657142857146,856.5,440,10,21,;,1,class->block->constructor->block->block_content->expr_stmt,
2,189,rectangle_java2.jpg,rectangle_java2.jpg,9860068905,64,847.705625,438.344375,826.5,440,23,21,y2,2,class->block->constructor->block->block_content->expr_stmt->expr->name->name,
2,189,rectangle_java2.jpg,rectangle_java2.jpg,9860068905,64,847.705625,438.344375,856.5,440,10,21,;,1,class->block->constructor->block->block_content->expr_stmt,
2,189,rectangle_java2.jpg,rectangle_java2.jpg,9860192833,88,770.1159090909091,522.6409090909091,737.5,512,33,21,int,3,class->block->function->type->name,
2,189,rectangle_java2.jpg,rectangle_java2.jpg,9860192833,88,770.1159090909091,522.6409090909091,775.5,512,53,21,width,5,class->block->function->name,
2,189,rectangle_java2.jpg,rectangle_java2.jpg,9860372949,176,769.7668181818182,532.8379545454545,737.5,512,33,21,int,3,class->block->function->type->name,
2,189,rectangle_java2.jpg,rectangle_java2.jpg,9860372949,176,769.7668181818182,532.8379545454545,775.5,512,53,21,width,5,class->block->function->name,
2,189,rectangle_java2.jpg,rectangle_java2.jpg,9860725075,272,821.8816176470589,521.2360294117647,775.5,512,53,21,width,5,class->block->function->name,
2,189,rectangle_java2.jpg,rectangle_java2.jpg,9860876895,64,857.62,508.5925,854.5,512,9,21,),1,class->block->function->parameter_list,
2,189,rectangle_java2.jpg,rectangle_java2.jpg,9860968881,88,868.8995454545454,517.3209090909091,874.5,512,10,21,{,1,class->block->function->block,
2,189,rectangle_java2.jpg,rectangle_java2.jpg,9861160868,132,821.4945454545455,306.78545454545457,737.5,295,91,21,Rectangle,9,class->block->constructor->name,
2,189,rectangle_java2.jpg,rectangle_java2.jpg,9861324878,160,805.65725,288.8365,737.5,295,91,21,Rectangle,9,class->block->constructor->name,
2,189,rectangle_java2.jpg,rectangle_java2.jpg,9861536903,148,965.4991891891892,562.0691891891892,968.5,549,70,21,this.y2,7,class->block->function->block->block_content->return->expr->name->name->operator->name,
2,189,rectangle_java2.jpg,rectangle_java2.jpg,9861652711,84,993.0157142857142,527.2138095238096,958.5,512,71,21,this.x2,7,class->block->function->block->block_content->return->expr->name->name->operator->name->operator,
2,189,rectangle_java2.jpg,rectangle_java2.jpg,9861988729,276,959.295652173913,520.6997101449275,958.5,512,71,21,this.x2,7,class->block->function->block->block_content->return->expr->name->name->operator->name->operator,
2,189,rectangle_java2.jpg,rectangle_java2.jpg,9862092790,100,986.448,526.3543999999999,958.5,512,71,21,this.x2,7,class->block->function->block->block_content->return->expr->name->name->operator->name->operator,
2,189,rectangle_java2.jpg,rectangle_java2.jpg,9862224780,128,992.6503125,520.461875,958.5,512,71,21,this.x2,7,class->block->function->block->block_content->return->expr->name->name->operator->name->operator,
2,189,rectangle_java2.jpg,rectangle_java2.jpg,9862496731,188,832.2138297872341,553.6497872340425,775.5,549,62,21,height,6,class->block->function->name,
2,189,rectangle_java2.jpg,rectangle_java2.jpg,9862728740,228,856.9642105263158,548.6184210526316,863.5,549,9,21,),1,class->block->function->parameter_list,
2,189,rectangle_java2.jpg,rectangle_java2.jpg,9863000892,240,911.3646666666666,550.396,900.5,549,63,21,return,6,class->block->function->block->block_content->return,
2,189,rectangle_java2.jpg,rectangle_java2.jpg,9863272715,192,950.8216666666668,565.1185416666667,900.5,549,63,21,return,6,class->block->function->block->block_content->return,
2,189,rectangle_java2.jpg,rectangle_java2.jpg,9863388722,92,995.0178260869566,555.2386956521739,968.5,549,70,21,this.y2,7,class->block->function->block->block_content->return->expr->name->name->operator->name,
2,189,rectangle_java2.jpg,rectangle_java2.jpg,9863656805,236,1031.6391525423728,552.1128813559322,968.5,549,70,21,this.y2,7,class->block->function->block->block_content->return->expr->name->name->operator->name,
2,189,rectangle_java2.jpg,rectangle_java2.jpg,9863792845,132,1034.1357575757577,545.0778787878788,968.5,549,70,21,this.y2,7,class->block->function->block->block_content->return->expr->name->name->operator->name,
2,189,rectangle_java2.jpg,rectangle_java2.jpg,9863792845,132,1034.1357575757577,545.0778787878788,1045.5,549,13,21,-,1,class->block->function->block->block_content->return->expr->operator,
2,189,rectangle_java2.jpg,rectangle_java2.jpg,9863984562,152,1091.5884210526317,548.5147368421052,1064.5,549,71,21,this.y1,7,class->block->function->block->block_content->return->expr->name->name->operator->name,
2,189,rectangle_java2.jpg,rectangle_java2.jpg,9864220590,196,1140.580612244898,550.2189795918367,1142.5,549,10,21,;,1,class->block->function->block->block_content->return,
2,189,rectangle_java2.jpg,rectangle_java2.jpg,9864944674,60,853.7873333333333,586.594,856.5,585,9,21,(,1,class->block->function->parameter_list,
2,189,rectangle_java2.jpg,rectangle_java2.jpg,9865080665,132,852.4709090909091,583.2821212121212,856.5,585,9,21,(,1,class->block->function->parameter_list,
2,189,rectangle_java2.jpg,rectangle_java2.jpg,9865140671,56,857.5957142857143,591.3264285714286,856.5,585,9,21,(,1,class->block->function->parameter_list,
2,189,rectangle_java2.jpg,rectangle_java2.jpg,9865336655,140,899.4794285714286,583.9088571428572,893.5,585,10,21,{,1,class->block->function->block,
2,189,rectangle_java2.jpg,rectangle_java2.jpg,9865336655,140,899.4794285714286,583.9088571428572,910.5,585,62,21,return,6,class->block->function->block->block_content->return,
2,189,rectangle_java2.jpg,rectangle_java2.jpg,9865580620,200,936.3892,599.6084,910.5,585,62,21,return,6,class->block->function->block->block_content->return,
2,189,rectangle_java2.jpg,rectangle_java2.jpg,9865788381,176,966.6865909090908,576.73,910.5,585,62,21,return,6,class->block->function->block->block_content->return,
2,189,rectangle_java2.jpg,rectangle_java2.jpg,9865788381,176,966.6865909090908,576.73,977.5,585,101,21,this.width,10,class->block->function->block->block_content->return->expr->call->name->name->operator->name,
2,189,rectangle_java2.jpg,rectangle_java2.jpg,9865892251,84,1029.0347619047618,585.5033333333333,977.5,585,101,21,this.width,10,class->block->function->block->block_content->return->expr->call->name->name->operator->name,
2,189,rectangle_java2.jpg,rectangle_java2.jpg,9866032428,136,1035.5470588235294,591.615,977.5,585,101,21,this.width,10,class->block->function->block->block_content->return->expr->call->name->name->operator->name,
2,189,rectangle_java2.jpg,rectangle_java2.jpg,9866260470,196,1077.577142857143,581.3344897959183,977.5,585,101,21,this.width,10,class->block->function->block->block_content->return->expr->call->name->name->operator->name,
2,189,rectangle_java2.jpg,rectangle_java2.jpg,9866260470,196,1077.577142857143,581.3344897959183,1086.5,585,10,21,(,1,class->block->function->block->block_content->return->expr->call->argument_list,
2,189,rectangle_java2.jpg,rectangle_java2.jpg,9866420554,128,1109.2196875,593.000625,1103.5,585,9,21,),1,class->block->function->block->block_content->return->expr->call->argument_list,
2,189,rectangle_java2.jpg,rectangle_java2.jpg,9866832572,364,807.915934065934,615.0656043956044,804.5,621,44,21,void,4,class->block->function->type->name,
2,189,rectangle_java2.jpg,rectangle_java2.jpg,9867016534,180,804.9986666666666,611.0897777777777,804.5,621,44,21,void,4,class->block->function->type->name,
2,189,rectangle_java2.jpg,rectangle_java2.jpg,9867408506,92,869.1760869565218,639.4139130434783,851.5,621,44,21,main,4,class->block->function->name,
2,189,rectangle_java2.jpg,rectangle_java2.jpg,9867560361,120,914.743,654.797,902.5,658,34,20,new,3,class->block->function->block->block_content->decl_stmt->decl->init->expr->operator,
2,189,rectangle_java2.jpg,rectangle_java2.jpg,9867620258,56,916.6671428571428,649.0321428571428,902.5,658,34,20,new,3,class->block->function->block->block_content->decl_stmt->decl->init->expr->operator,
2,189,rectangle_java2.jpg,rectangle_java2.jpg,9868008229,176,1060.6345454545456,656.7595454545454,1057.5,658,13,20,0,1,class->block->function->block->block_content->decl_stmt->decl->init->expr->call->argument_list->argument->expr->literal,
2,189,rectangle_java2.jpg,rectangle_java2.jpg,9868164372,100,1114.0484,654.66,1115.5,658,10,20,"""","""",1,class->block->function->block->block_content->decl_stmt->decl->init->expr->call->argument_list
2,189,rectangle_java2.jpg,rectangle_java2.jpg,9868224395,56,1113.4542857142858,652.6764285714286,1115.5,658,10,20,"""","""",1,class->block->function->block->block_content->decl_stmt->decl->init->expr->call->argument_list
2,189,rectangle_java2.jpg,rectangle_java2.jpg,9868364413,128,1220.7340625,654.3340625,1231.5,658,10,20,;,1,class->block->function->block->block_content->decl_stmt,
2,189,rectangle_java2.jpg,rectangle_java2.jpg,9868428409,60,1212.5586666666666,656.0773333333333,1211.5,658,9,20,),1,class->block->function->block->block_content->decl_stmt->decl->init->expr->call->argument_list,
2,189,rectangle_java2.jpg,rectangle_java2.jpg,9868840389,84,775.192380952381,754.2595238095238,730.5,766,177,21,System.out.println,18,class->block->function->block->block_content->expr_stmt->expr->call->name->name->operator->name->operator->name,
2,189,rectangle_java2.jpg,rectangle_java2.jpg,9870240020,164,845.6560975609756,776.8682926829268,730.5,766,177,21,System.out.println,18,class->block->function->block->block_content->expr_stmt->expr->call->name->name->operator->name->operator->name,
