trial,participant,code_file,code_language,timestamp,duration,x_cord,y_cord,aoi_x,aoi_y,aoi_width,aoi_height,token,length,srcML
2,199,rectangle_java2.jpg,rectangle_java2.jpg,14523768809,152,768.8863157894737,429.7113157894737,730.5,440,71,21,this.y2,7,class->block->constructor->block->block_content->expr_stmt->expr->name->name->operator->name
2,199,rectangle_java2.jpg,rectangle_java2.jpg,14524983936,144,802.775,626.7644444444444,804.5,621,44,21,void,4,class->block->function->type->name
2,199,rectangle_java2.jpg,rectangle_java2.jpg,14525059936,72,805.2705555555556,613.8833333333333,804.5,621,44,21,void,4,class->block->function->type->name
2,199,rectangle_java2.jpg,rectangle_java2.jpg,14525395962,72,811.7866666666666,340.81944444444446,806.5,331,15,19,=,1,class->block->constructor->block->block_content->expr_stmt->expr->operator
2,199,rectangle_java2.jpg,rectangle_java2.jpg,14530520024,88,826.2545454545455,285.6786363636364,737.5,295,91,21,Rectangle,9,class->block->constructor->name
2,199,rectangle_java2.jpg,rectangle_java2.jpg,14530520024,88,826.2545454545455,285.6786363636364,837.5,295,9,21,(,1,class->block->constructor->parameter_list
2,199,rectangle_java2.jpg,rectangle_java2.jpg,14530603821,80,832.4225,277.301,833.5,259,23,21,y1,2,class->block->decl_stmt->decl->name
2,199,rectangle_java2.jpg,rectangle_java2.jpg,14530695584,88,836.3445454545455,258.47318181818184,833.5,259,23,21,y1,2,class->block->decl_stmt->decl->name
2,199,rectangle_java2.jpg,rectangle_java2.jpg,14530855179,60,791.8726666666666,299.236,737.5,295,91,21,Rectangle,9,class->block->constructor->name
2,199,rectangle_java2.jpg,rectangle_java2.jpg,14531499374,60,819.7973333333333,218.90666666666664,813.5,222,10,21,{,1,class->block
2,199,rectangle_java2.jpg,rectangle_java2.jpg,14531599375,96,819.0445833333333,220.64166666666665,813.5,222,10,21,{,1,class->block
2,199,rectangle_java2.jpg,rectangle_java2.jpg,14531671379,68,817.0076470588235,225.03294117647056,813.5,222,10,21,{,1,class->block
2,199,rectangle_java2.jpg,rectangle_java2.jpg,14531731384,56,815.9257142857143,223.2942857142857,813.5,222,10,21,{,1,class->block
2,199,rectangle_java2.jpg,rectangle_java2.jpg,14531795388,60,813.3233333333334,236.4613333333333,813.5,222,10,21,{,1,class->block
2,199,rectangle_java2.jpg,rectangle_java2.jpg,14531979411,76,822.2115789473684,379.19,826.5,367,23,21,y1,2,class->block->constructor->block->block_content->expr_stmt->expr->name->name
2,199,rectangle_java2.jpg,rectangle_java2.jpg,14532307233,124,835.2180645161291,418.6474193548387,826.5,404,23,19,x2,2,class->block->constructor->block->block_content->expr_stmt->expr->name->name
2,199,rectangle_java2.jpg,rectangle_java2.jpg,14532883324,108,811.677037037037,505.42703703703705,775.5,512,53,21,width,5,class->block->function->name
2,199,rectangle_java2.jpg,rectangle_java2.jpg,14534395147,56,800.3185714285714,409.0757142857143,730.5,404,71,19,this.x2,7,class->block->constructor->block->block_content->expr_stmt->expr->name->name->operator->name
2,199,rectangle_java2.jpg,rectangle_java2.jpg,14534395147,56,800.3185714285714,409.0757142857143,806.5,404,15,19,=,1,class->block->constructor->block->block_content->expr_stmt->expr->operator
2,199,rectangle_java2.jpg,rectangle_java2.jpg,14534563187,76,828.2331578947368,400.3584210526316,826.5,404,23,19,x2,2,class->block->constructor->block->block_content->expr_stmt->expr->name->name
2,199,rectangle_java2.jpg,rectangle_java2.jpg,14537866921,200,772.8668,212.745,715.5,222,90,21,Rectangle,9,class->name
2,199,rectangle_java2.jpg,rectangle_java2.jpg,14538039041,124,834.4725806451613,248.9667741935484,833.5,259,23,21,y1,2,class->block->decl_stmt->decl->name
2,199,rectangle_java2.jpg,rectangle_java2.jpg,14538098986,56,834.68,261.995,833.5,259,23,21,y1,2,class->block->decl_stmt->decl->name
2,199,rectangle_java2.jpg,rectangle_java2.jpg,14538210867,108,830.3825925925926,279.26259259259257,833.5,259,23,21,y1,2,class->block->decl_stmt->decl->name
2,199,rectangle_java2.jpg,rectangle_java2.jpg,14538406568,68,810.7182352941177,559.84,775.5,549,62,21,height,6,class->block->function->name
2,199,rectangle_java2.jpg,rectangle_java2.jpg,14538534779,116,809.758275862069,562.5231034482758,775.5,549,62,21,height,6,class->block->function->name
2,199,rectangle_java2.jpg,rectangle_java2.jpg,14538714857,120,843.7176666666667,508.2156666666667,837.5,512,9,21,(,1,class->block->function->parameter_list
2,199,rectangle_java2.jpg,rectangle_java2.jpg,14538714857,120,843.7176666666667,508.2156666666667,854.5,512,9,21,),1,class->block->function->parameter_list
2,199,rectangle_java2.jpg,rectangle_java2.jpg,14538826710,108,853.6333333333333,510.7433333333333,854.5,512,9,21,),1,class->block->function->parameter_list
2,199,rectangle_java2.jpg,rectangle_java2.jpg,14538914702,60,982.1153333333332,514.2713333333334,958.5,512,71,21,this.x2,7,class->block->function->block->block_content->return->expr->name->name->operator->name->operator
2,199,rectangle_java2.jpg,rectangle_java2.jpg,14538978705,60,988.7513333333334,511.12733333333335,958.5,512,71,21,this.x2,7,class->block->function->block->block_content->return->expr->name->name->operator->name->operator
2,199,rectangle_java2.jpg,rectangle_java2.jpg,14539042707,60,987.1253333333332,504.3573333333334,958.5,512,71,21,this.x2,7,class->block->function->block->block_content->return->expr->name->name->operator->name->operator
2,199,rectangle_java2.jpg,rectangle_java2.jpg,14550425773,96,771.85875,294.79375,737.5,295,91,21,Rectangle,9,class->block->constructor->name
2,199,rectangle_java2.jpg,rectangle_java2.jpg,14550517791,88,768.2172727272728,290.9640909090909,737.5,295,91,21,Rectangle,9,class->block->constructor->name
2,199,rectangle_java2.jpg,rectangle_java2.jpg,14550889599,256,812.5853125,214.03531250000003,813.5,222,10,21,{,1,class->block
2,199,rectangle_java2.jpg,rectangle_java2.jpg,14551389689,76,800.0636842105263,362.44631578947366,730.5,367,71,21,this.y1,7,class->block->constructor->block->block_content->expr_stmt->expr->name->name->operator->name
2,199,rectangle_java2.jpg,rectangle_java2.jpg,14551389689,76,800.0636842105263,362.44631578947366,806.5,367,15,21,=,1,class->block->constructor->block->block_content->expr_stmt->expr->operator
2,199,rectangle_java2.jpg,rectangle_java2.jpg,14551489740,96,805.1920833333334,330.0208333333333,806.5,331,15,19,=,1,class->block->constructor->block->block_content->expr_stmt->expr->operator
2,199,rectangle_java2.jpg,rectangle_java2.jpg,14551610107,116,812.3813793103449,334.03,806.5,331,15,19,=,1,class->block->constructor->block->block_content->expr_stmt->expr->operator
2,199,rectangle_java2.jpg,rectangle_java2.jpg,14551770521,88,802.9072727272727,520.3840909090909,775.5,512,53,21,width,5,class->block->function->name
2,199,rectangle_java2.jpg,rectangle_java2.jpg,14551838363,64,810.569375,529.4375,775.5,512,53,21,width,5,class->block->function->name
2,199,rectangle_java2.jpg,rectangle_java2.jpg,14553081563,104,912.8615384615384,506.0915384615385,891.5,512,62,21,return,6,class->block->function->block->block_content->return->expr->name->name
2,199,rectangle_java2.jpg,rectangle_java2.jpg,14554061240,72,860.4544444444444,668.7216666666667,826.5,658,52,20,rect1,5,class->block->function->block->block_content->decl_stmt->decl->name
2,199,rectangle_java2.jpg,rectangle_java2.jpg,14555065435,80,1070.0185,585.0554999999999,977.5,585,101,21,this.width,10,class->block->function->block->block_content->return->expr->call->name->name->operator->name
2,199,rectangle_java2.jpg,rectangle_java2.jpg,14555141426,72,1081.9844444444443,576.2016666666667,1086.5,585,10,21,(,1,class->block->function->block->block_content->return->expr->call->argument_list
2,199,rectangle_java2.jpg,rectangle_java2.jpg,14556841316,56,893.3371428571428,549.4671428571428,883.5,549,10,21,{,1,class->block->function->block
2,199,rectangle_java2.jpg,rectangle_java2.jpg,14556841316,56,893.3371428571428,549.4671428571428,900.5,549,63,21,return,6,class->block->function->block->block_content->return
