trial,participant,code_file,code_language,timestamp,duration,x_cord,y_cord,aoi_x,aoi_y,aoi_width,aoi_height,token,length,srcML,
2,1,rectangle_java2.jpg,rectangle_java2.jpg,1020767309,84,861.7366666666667,327.92238095238093,856.5,331,10,19,;,1,class->block->constructor->block->block_content->expr_stmt,
2,1,rectangle_java2.jpg,rectangle_java2.jpg,1020867339,96,863.95125,309.9508333333333,853.5,295,32,21,int,3,class->block->constructor->parameter_list->parameter->decl->type->name,
2,1,rectangle_java2.jpg,rectangle_java2.jpg,1029570527,128,808.5290625,216.6715625,813.5,222,10,21,{,1,class->block,
2,1,rectangle_java2.jpg,rectangle_java2.jpg,1030286521,132,847.7224242424243,260.529696969697,833.5,259,23,21,y1,2,class->block->decl_stmt->decl->name,
2,1,rectangle_java2.jpg,rectangle_java2.jpg,1030470518,180,810.9155555555556,263.92822222222225,815.5,259,10,21,"""","""",1,class->block->decl_stmt
2,1,rectangle_java2.jpg,rectangle_java2.jpg,1030918406,188,864.0195744680851,308.5378723404255,853.5,295,32,21,int,3,class->block->constructor->parameter_list->parameter->decl->type->name,
2,1,rectangle_java2.jpg,rectangle_java2.jpg,1031518415,156,845.8225641025641,335.48923076923074,826.5,331,23,19,x1,2,class->block->constructor->block->block_content->expr_stmt->expr->name->name,
2,1,rectangle_java2.jpg,rectangle_java2.jpg,1031518415,156,845.8225641025641,335.48923076923074,856.5,331,10,19,;,1,class->block->constructor->block->block_content->expr_stmt,
2,1,rectangle_java2.jpg,rectangle_java2.jpg,1031594431,72,840.6261111111111,331.9888888888889,826.5,331,23,19,x1,2,class->block->constructor->block->block_content->expr_stmt->expr->name->name,
2,1,rectangle_java2.jpg,rectangle_java2.jpg,1032382300,56,921.6,308.82928571428573,921.5,295,9,21,"""","""",1,class->block->constructor->parameter_list
2,1,rectangle_java2.jpg,rectangle_java2.jpg,1032546346,160,923.53525,300.44425,921.5,295,9,21,"""","""",1,class->block->constructor->parameter_list
2,1,rectangle_java2.jpg,rectangle_java2.jpg,1032922287,84,775.15,414.8257142857143,730.5,404,71,19,this.x2,7,class->block->constructor->block->block_content->expr_stmt->expr->name->name->operator->name,
2,1,rectangle_java2.jpg,rectangle_java2.jpg,1033146289,220,758.5521818181818,413.9056363636364,730.5,404,71,19,this.x2,7,class->block->constructor->block->block_content->expr_stmt->expr->name->name->operator->name,
2,1,rectangle_java2.jpg,rectangle_java2.jpg,1034826173,64,956.015,508.14625,958.5,512,71,21,this.x2,7,class->block->function->block->block_content->return->expr->name->name->operator->name->operator,
2,1,rectangle_java2.jpg,rectangle_java2.jpg,1036174043,64,877.32625,526.325,874.5,512,10,21,{,1,class->block->function->block,
2,1,rectangle_java2.jpg,rectangle_java2.jpg,1036266043,88,883.3204545454546,514.3445454545455,874.5,512,10,21,{,1,class->block->function->block,
2,1,rectangle_java2.jpg,rectangle_java2.jpg,1036266043,88,883.3204545454546,514.3445454545455,891.5,512,62,21,return,6,class->block->function->block->block_content->return->expr->name->name,
2,1,rectangle_java2.jpg,rectangle_java2.jpg,1036370037,72,947.1822222222222,505.8116666666667,891.5,512,62,21,return,6,class->block->function->block->block_content->return->expr->name->name,
2,1,rectangle_java2.jpg,rectangle_java2.jpg,1036370037,72,947.1822222222222,505.8116666666667,958.5,512,71,21,this.x2,7,class->block->function->block->block_content->return->expr->name->name->operator->name->operator,
2,1,rectangle_java2.jpg,rectangle_java2.jpg,1037113906,176,1054.6575,504.6127272727273,1054.5,512,71,21,this.x1,7,class->block->function->block->block_content->return->expr->name->name->operator->name,
2,1,rectangle_java2.jpg,rectangle_java2.jpg,1037757874,148,842.7905405405405,501.2227027027027,837.5,512,9,21,(,1,class->block->function->parameter_list,
2,1,rectangle_java2.jpg,rectangle_java2.jpg,1037757874,148,842.7905405405405,501.2227027027027,854.5,512,9,21,),1,class->block->function->parameter_list,
2,1,rectangle_java2.jpg,rectangle_java2.jpg,1042481499,148,864.7445945945946,518.435945945946,874.5,512,10,21,{,1,class->block->function->block,
2,1,rectangle_java2.jpg,rectangle_java2.jpg,1042621514,68,924.7452941176472,527.9588235294118,891.5,512,62,21,return,6,class->block->function->block->block_content->return->expr->name->name,
2,1,rectangle_java2.jpg,rectangle_java2.jpg,1043105336,76,1051.9342105263158,501.4763157894737,1054.5,512,71,21,this.x1,7,class->block->function->block->block_content->return->expr->name->name->operator->name,
2,1,rectangle_java2.jpg,rectangle_java2.jpg,1043381310,108,1032.7611111111112,518.4018518518518,1035.5,512,13,21,-,1,class->block->function->block->block_content->return->expr->name->name,
2,1,rectangle_java2.jpg,rectangle_java2.jpg,1043941362,208,1066.0217307692308,500.75903846153847,1054.5,512,71,21,this.x1,7,class->block->function->block->block_content->return->expr->name->name->operator->name,
2,1,rectangle_java2.jpg,rectangle_java2.jpg,1044589339,72,891.6233333333333,505.24222222222215,891.5,512,62,21,return,6,class->block->function->block->block_content->return->expr->name->name,
2,1,rectangle_java2.jpg,rectangle_java2.jpg,1045009200,80,962.0365,505.432,958.5,512,71,21,this.x2,7,class->block->function->block->block_content->return->expr->name->name->operator->name->operator,
2,1,rectangle_java2.jpg,rectangle_java2.jpg,1046985285,172,880.1046511627907,605.1574418604652,873.5,585,9,21,),1,class->block->function->parameter_list,
2,1,rectangle_java2.jpg,rectangle_java2.jpg,1047573121,60,1079.955333333333,560.5553333333334,1064.5,549,71,21,this.y1,7,class->block->function->block->block_content->return->expr->name->name->operator->name,
2,1,rectangle_java2.jpg,rectangle_java2.jpg,1048112952,204,1196.0433333333333,589.4160784313725,1140.5,585,110,21,this.height,11,class->block->function->block->block_content->return->expr->call->name->name->operator->name,
2,1,rectangle_java2.jpg,rectangle_java2.jpg,1048540981,92,796.49,545.0621739130435,775.5,549,62,21,height,6,class->block->function->name,
2,1,rectangle_java2.jpg,rectangle_java2.jpg,1048697006,152,787.5478947368421,550.0573684210526,775.5,549,62,21,height,6,class->block->function->name,
2,1,rectangle_java2.jpg,rectangle_java2.jpg,1049304412,88,835.7522727272727,587.5872727272728,804.5,585,43,21,area,4,class->block->function->name,
2,1,rectangle_java2.jpg,rectangle_java2.jpg,1049388485,80,837.0415,568.5605,775.5,549,62,21,height,6,class->block->function->name,
2,1,rectangle_java2.jpg,rectangle_java2.jpg,1049388485,80,837.0415,568.5605,846.5,549,10,21,(,1,class->block->function->parameter_list,
2,1,rectangle_java2.jpg,rectangle_java2.jpg,1049448538,56,920.7685714285716,587.4864285714285,910.5,585,62,21,return,6,class->block->function->block->block_content->return,
2,1,rectangle_java2.jpg,rectangle_java2.jpg,1049524615,72,916.3777777777776,567.9816666666667,900.5,549,63,21,return,6,class->block->function->block->block_content->return,
2,1,rectangle_java2.jpg,rectangle_java2.jpg,1049680792,152,918.0052631578948,579.6031578947368,910.5,585,62,21,return,6,class->block->function->block->block_content->return,
2,1,rectangle_java2.jpg,rectangle_java2.jpg,1050096866,144,913.5875,505.9655555555555,891.5,512,62,21,return,6,class->block->function->block->block_content->return->expr->name->name,
2,1,rectangle_java2.jpg,rectangle_java2.jpg,1053416482,164,1100.4748780487805,513.0229268292683,1054.5,512,71,21,this.x1,7,class->block->function->block->block_content->return->expr->name->name->operator->name,
2,1,rectangle_java2.jpg,rectangle_java2.jpg,1055164400,84,1244.818095238095,595.0757142857143,1140.5,585,110,21,this.height,11,class->block->function->block->block_content->return->expr->call->name->name->operator->name,
2,1,rectangle_java2.jpg,rectangle_java2.jpg,1056420496,60,1220.936,594.5926666666667,1140.5,585,110,21,this.height,11,class->block->function->block->block_content->return->expr->call->name->name->operator->name,
2,1,rectangle_java2.jpg,rectangle_java2.jpg,1056540444,116,1231.2913793103448,601.6348275862069,1140.5,585,110,21,this.height,11,class->block->function->block->block_content->return->expr->call->name->name->operator->name,
2,1,rectangle_java2.jpg,rectangle_java2.jpg,1056892359,56,887.6385714285715,593.8342857142857,893.5,585,10,21,{,1,class->block->function->block,
2,1,rectangle_java2.jpg,rectangle_java2.jpg,1057960139,56,1112.252857142857,517.8835714285715,1054.5,512,71,21,this.x1,7,class->block->function->block->block_content->return->expr->name->name->operator->name,
2,1,rectangle_java2.jpg,rectangle_java2.jpg,1058116181,152,1105.0118421052632,515.166052631579,1054.5,512,71,21,this.x1,7,class->block->function->block->block_content->return->expr->name->name->operator->name,
2,1,rectangle_java2.jpg,rectangle_java2.jpg,1058568168,84,916.2742857142856,574.6828571428572,910.5,585,62,21,return,6,class->block->function->block->block_content->return,
2,1,rectangle_java2.jpg,rectangle_java2.jpg,1059324037,60,789.6253333333333,663.4826666666667,730.5,658,91,20,Rectangle,9,class->block->function->block->block_content->decl_stmt->decl->type->name,
2,1,rectangle_java2.jpg,rectangle_java2.jpg,1059879958,56,894.6457142857142,657.3564285714285,883.5,658,15,20,=,1,class->block->function->block->block_content->decl_stmt->decl->init,
2,1,rectangle_java2.jpg,rectangle_java2.jpg,1059879958,56,894.6457142857142,657.3564285714285,902.5,658,34,20,new,3,class->block->function->block->block_content->decl_stmt->decl->init->expr->operator,
2,1,rectangle_java2.jpg,rectangle_java2.jpg,1061922395,80,915.7105,597.363,910.5,585,62,21,return,6,class->block->function->block->block_content->return,
2,1,rectangle_java2.jpg,rectangle_java2.jpg,1062110440,56,863.2671428571429,529.0271428571428,854.5,512,9,21,),1,class->block->function->parameter_list,
2,1,rectangle_java2.jpg,rectangle_java2.jpg,1062110440,56,863.2671428571429,529.0271428571428,874.5,512,10,21,{,1,class->block->function->block,
2,1,rectangle_java2.jpg,rectangle_java2.jpg,1062174440,60,870.5753333333333,538.2406666666667,863.5,549,9,21,),1,class->block->function->parameter_list,
2,1,rectangle_java2.jpg,rectangle_java2.jpg,1062738443,72,911.4755555555556,515.5588888888889,891.5,512,62,21,return,6,class->block->function->block->block_content->return->expr->name->name,
2,1,rectangle_java2.jpg,rectangle_java2.jpg,1063202266,80,826.6025,452.871,826.5,440,23,21,y2,2,class->block->constructor->block->block_content->expr_stmt->expr->name->name,
2,1,rectangle_java2.jpg,rectangle_java2.jpg,1063690422,308,856.8364935064935,459.1705194805195,856.5,440,10,21,;,1,class->block->constructor->block->block_content->expr_stmt,
2,1,rectangle_java2.jpg,rectangle_java2.jpg,1065602135,72,904.1283333333332,508.0294444444444,891.5,512,62,21,return,6,class->block->function->block->block_content->return->expr->name->name,
2,1,rectangle_java2.jpg,rectangle_java2.jpg,1065698141,92,888.4065217391304,512.8582608695652,891.5,512,62,21,return,6,class->block->function->block->block_content->return->expr->name->name,
2,1,rectangle_java2.jpg,rectangle_java2.jpg,1065862157,124,858.048064516129,531.6296774193548,854.5,512,9,21,),1,class->block->function->parameter_list,
2,1,rectangle_java2.jpg,rectangle_java2.jpg,1066013905,68,1035.3270588235291,510.8388235294117,1035.5,512,13,21,-,1,class->block->function->block->block_content->return->expr->name->name,
2,1,rectangle_java2.jpg,rectangle_java2.jpg,1066822005,92,1094.391304347826,510.4882608695653,1054.5,512,71,21,this.x1,7,class->block->function->block->block_content->return->expr->name->name->operator->name,
2,1,rectangle_java2.jpg,rectangle_java2.jpg,1066954070,128,1090.5096875,508.665,1054.5,512,71,21,this.x1,7,class->block->function->block->block_content->return->expr->name->name->operator->name,
2,1,rectangle_java2.jpg,rectangle_java2.jpg,1067166062,196,1002.9377551020408,507.0844897959184,958.5,512,71,21,this.x2,7,class->block->function->block->block_content->return->expr->name->name->operator->name->operator,
2,1,rectangle_java2.jpg,rectangle_java2.jpg,1067929936,132,936.669393939394,515.9503030303031,891.5,512,62,21,return,6,class->block->function->block->block_content->return->expr->name->name,
2,1,rectangle_java2.jpg,rectangle_java2.jpg,1068101949,168,928.070238095238,517.0904761904762,891.5,512,62,21,return,6,class->block->function->block->block_content->return->expr->name->name,
2,1,rectangle_java2.jpg,rectangle_java2.jpg,1068617881,124,1040.8690322580644,505.8038709677419,1035.5,512,13,21,-,1,class->block->function->block->block_content->return->expr->name->name,
2,1,rectangle_java2.jpg,rectangle_java2.jpg,1069433807,96,895.1291666666666,578.99,893.5,585,10,21,{,1,class->block->function->block,
2,1,rectangle_java2.jpg,rectangle_java2.jpg,1069493804,56,890.0921428571429,572.7335714285714,893.5,585,10,21,{,1,class->block->function->block,
2,1,rectangle_java2.jpg,rectangle_java2.jpg,1069757751,68,1064.1758823529412,562.5094117647059,1064.5,549,71,21,this.y1,7,class->block->function->block->block_content->return->expr->name->name->operator->name,
2,1,rectangle_java2.jpg,rectangle_java2.jpg,1070157741,76,1246.0152631578949,599.8726315789473,1140.5,585,110,21,this.height,11,class->block->function->block->block_content->return->expr->call->name->name->operator->name,
2,1,rectangle_java2.jpg,rectangle_java2.jpg,1078977062,148,922.2802702702704,772.29,916.5,766,9,21,(,1,class->block->function->block->block_content->expr_stmt->expr->call->argument_list,
2,1,rectangle_java2.jpg,rectangle_java2.jpg,1078977062,148,922.2802702702704,772.29,932.5,766,100,21,rect2.area,10,class->block->function->block->block_content->expr_stmt->expr->call->argument_list->argument->expr->call->name->name->operator->name,
2,1,rectangle_java2.jpg,rectangle_java2.jpg,1079081041,100,919.7508,782.1776,916.5,766,9,21,(,1,class->block->function->block->block_content->expr_stmt->expr->call->argument_list,
2,1,rectangle_java2.jpg,rectangle_java2.jpg,1085600435,164,852.8612195121951,246.83439024390248,833.5,259,23,21,y1,2,class->block->decl_stmt->decl->name,
2,1,rectangle_java2.jpg,rectangle_java2.jpg,1085600435,164,852.8612195121951,246.83439024390248,863.5,259,10,21,"""","""",1,class->block->decl_stmt
2,1,rectangle_java2.jpg,rectangle_java2.jpg,1085708459,56,800.6792857142857,249.9521428571429,785.5,259,23,21,x1,2,class->block->decl_stmt->decl->name,
2,1,rectangle_java2.jpg,rectangle_java2.jpg,1085792481,80,806.2995,249.9835,785.5,259,23,21,x1,2,class->block->decl_stmt->decl->name,
2,1,rectangle_java2.jpg,rectangle_java2.jpg,1085792481,80,806.2995,249.9835,815.5,259,10,21,"""","""",1,class->block->decl_stmt
2,1,rectangle_java2.jpg,rectangle_java2.jpg,1085896471,100,787.5268,253.658,785.5,259,23,21,x1,2,class->block->decl_stmt->decl->name,
2,1,rectangle_java2.jpg,rectangle_java2.jpg,1086220375,112,869.4789285714286,304.9432142857143,853.5,295,32,21,int,3,class->block->constructor->parameter_list->parameter->decl->type->name,
2,1,rectangle_java2.jpg,rectangle_java2.jpg,1086344267,120,854.2123333333333,303.4363333333333,853.5,295,32,21,int,3,class->block->constructor->parameter_list->parameter->decl->type->name,
2,1,rectangle_java2.jpg,rectangle_java2.jpg,1086512213,164,854.7282926829268,312.39073170731706,853.5,295,32,21,int,3,class->block->constructor->parameter_list->parameter->decl->type->name,
2,1,rectangle_java2.jpg,rectangle_java2.jpg,1086968282,176,881.55,315.50454545454545,853.5,295,32,21,int,3,class->block->constructor->parameter_list->parameter->decl->type->name,
2,1,rectangle_java2.jpg,rectangle_java2.jpg,1086968282,176,881.55,315.50454545454545,890.5,295,24,21,x1,2,class->block->constructor->parameter_list->parameter->decl->type->name,
2,1,rectangle_java2.jpg,rectangle_java2.jpg,1090528040,88,772.9954545454545,521.5218181818182,775.5,512,53,21,width,5,class->block->function->name,
2,1,rectangle_java2.jpg,rectangle_java2.jpg,1091307826,92,929.5247826086955,307.58565217391305,921.5,295,9,21,"""","""",1,class->block->constructor->parameter_list
2,1,rectangle_java2.jpg,rectangle_java2.jpg,1091307826,92,929.5247826086955,307.58565217391305,939.5,295,33,21,int,3,class->block->constructor->parameter_list->parameter->decl->type->name,
2,1,rectangle_java2.jpg,rectangle_java2.jpg,1091407867,96,920.08125,294.1954166666667,921.5,295,9,21,"""","""",1,class->block->constructor->parameter_list
2,1,rectangle_java2.jpg,rectangle_java2.jpg,1092051860,84,903.0228571428572,304.6228571428572,890.5,295,24,21,x1,2,class->block->constructor->parameter_list->parameter->decl->type->name,
2,1,rectangle_java2.jpg,rectangle_java2.jpg,1092119861,64,912.59375,299.815,890.5,295,24,21,x1,2,class->block->constructor->parameter_list->parameter->decl->type->name,
2,1,rectangle_java2.jpg,rectangle_java2.jpg,1092119861,64,912.59375,299.815,921.5,295,9,21,"""","""",1,class->block->constructor->parameter_list
2,1,rectangle_java2.jpg,rectangle_java2.jpg,1092375869,252,902.2598412698412,283.9304761904762,890.5,295,24,21,x1,2,class->block->constructor->parameter_list->parameter->decl->type->name,
2,1,rectangle_java2.jpg,rectangle_java2.jpg,1093351784,84,823.5714285714286,332.6033333333333,826.5,331,23,19,x1,2,class->block->constructor->block->block_content->expr_stmt->expr->name->name,
2,1,rectangle_java2.jpg,rectangle_java2.jpg,1093467889,112,810.7582142857143,328.375,806.5,331,15,19,=,1,class->block->constructor->block->block_content->expr_stmt->expr->operator,
2,1,rectangle_java2.jpg,rectangle_java2.jpg,1093547916,76,798.2563157894737,323.5389473684211,730.5,331,71,19,this.x1,7,class->block->constructor->block->block_content->expr_stmt->expr->name->name->operator->name,
2,1,rectangle_java2.jpg,rectangle_java2.jpg,1093547916,76,798.2563157894737,323.5389473684211,806.5,331,15,19,=,1,class->block->constructor->block->block_content->expr_stmt->expr->operator,
2,1,rectangle_java2.jpg,rectangle_java2.jpg,1093819790,76,844.8168421052632,319.0047368421053,826.5,331,23,19,x1,2,class->block->constructor->block->block_content->expr_stmt->expr->name->name,
2,1,rectangle_java2.jpg,rectangle_java2.jpg,1093819790,76,844.8168421052632,319.0047368421053,856.5,331,10,19,;,1,class->block->constructor->block->block_content->expr_stmt,
2,1,rectangle_java2.jpg,rectangle_java2.jpg,1094083763,72,844.5861111111111,338.3872222222222,826.5,331,23,19,x1,2,class->block->constructor->block->block_content->expr_stmt->expr->name->name,
2,1,rectangle_java2.jpg,rectangle_java2.jpg,1094083763,72,844.5861111111111,338.3872222222222,856.5,331,10,19,;,1,class->block->constructor->block->block_content->expr_stmt,
2,1,rectangle_java2.jpg,rectangle_java2.jpg,1095595631,84,896.6280952380952,499.95047619047614,891.5,512,62,21,return,6,class->block->function->block->block_content->return->expr->name->name,
2,1,rectangle_java2.jpg,rectangle_java2.jpg,1095811383,128,991.0865625,500.2996875,958.5,512,71,21,this.x2,7,class->block->function->block->block_content->return->expr->name->name->operator->name->operator,
2,1,rectangle_java2.jpg,rectangle_java2.jpg,1095959413,68,1027.899411764706,529.5664705882352,958.5,512,71,21,this.x2,7,class->block->function->block->block_content->return->expr->name->name->operator->name->operator,
2,1,rectangle_java2.jpg,rectangle_java2.jpg,1095959413,68,1027.899411764706,529.5664705882352,1035.5,512,13,21,-,1,class->block->function->block->block_content->return->expr->name->name,
