trial,participant,code_file,code_language,timestamp,duration,x_cord,y_cord,aoi_x,aoi_y,aoi_width,aoi_height,token,length,srcML,
2,201,rectangle_java2.jpg,rectangle_java2.jpg,882979865,92,794.9673913043479,272.8108695652174,785.5,259,23,21,x1,2,class->block->decl_stmt->decl->name,
2,201,rectangle_java2.jpg,rectangle_java2.jpg,883047746,64,794.693125,277.0475,785.5,259,23,21,x1,2,class->block->decl_stmt->decl->name,
2,201,rectangle_java2.jpg,rectangle_java2.jpg,883239661,80,774.8005,276.5975,747.5,259,33,21,int,3,class->block->decl_stmt->decl->type->name,
2,201,rectangle_java2.jpg,rectangle_java2.jpg,883239661,80,774.8005,276.5975,785.5,259,23,21,x1,2,class->block->decl_stmt->decl->name,
2,201,rectangle_java2.jpg,rectangle_java2.jpg,883327738,84,764.5652380952381,271.52142857142854,747.5,259,33,21,int,3,class->block->decl_stmt->decl->type->name,
2,201,rectangle_java2.jpg,rectangle_java2.jpg,883407786,76,767.0063157894737,260.1978947368421,747.5,259,33,21,int,3,class->block->decl_stmt->decl->type->name,
2,201,rectangle_java2.jpg,rectangle_java2.jpg,883559806,96,740.8016666666666,273.32666666666665,669.5,259,72,21,private,7,class->block->decl_stmt->decl->type->specifier,
2,201,rectangle_java2.jpg,rectangle_java2.jpg,883559806,96,740.8016666666666,273.32666666666665,747.5,259,33,21,int,3,class->block->decl_stmt->decl->type->name,
2,201,rectangle_java2.jpg,rectangle_java2.jpg,883755774,56,757.6585714285715,639.0371428571428,738.5,621,61,21,static,6,class->block->function->type->specifier,
2,201,rectangle_java2.jpg,rectangle_java2.jpg,883851774,92,759.465652173913,637.9439130434782,738.5,621,61,21,static,6,class->block->function->type->specifier,
2,201,rectangle_java2.jpg,rectangle_java2.jpg,884099837,68,769.9076470588235,452.8523529411765,730.5,440,71,21,this.y2,7,class->block->constructor->block->block_content->expr_stmt->expr->name->name->operator->name,
2,201,rectangle_java2.jpg,rectangle_java2.jpg,884259818,156,774.7666666666667,441.2397435897435,730.5,440,71,21,this.y2,7,class->block->constructor->block->block_content->expr_stmt->expr->name->name->operator->name,
2,201,rectangle_java2.jpg,rectangle_java2.jpg,884355787,92,786.7208695652174,441.0521739130435,730.5,440,71,21,this.y2,7,class->block->constructor->block->block_content->expr_stmt->expr->name->name->operator->name,
2,201,rectangle_java2.jpg,rectangle_java2.jpg,884423790,64,788.645,442.1325,730.5,440,71,21,this.y2,7,class->block->constructor->block->block_content->expr_stmt->expr->name->name->operator->name,
2,201,rectangle_java2.jpg,rectangle_java2.jpg,884595793,80,746.261,509.692,737.5,512,33,21,int,3,class->block->function->type->name,
2,201,rectangle_java2.jpg,rectangle_java2.jpg,884839658,92,743.4491304347825,506.9078260869565,737.5,512,33,21,int,3,class->block->function->type->name,
2,201,rectangle_java2.jpg,rectangle_java2.jpg,884899567,56,753.8092857142857,505.225,737.5,512,33,21,int,3,class->block->function->type->name,
2,201,rectangle_java2.jpg,rectangle_java2.jpg,885623626,172,777.9986046511627,260.2906976744186,747.5,259,33,21,int,3,class->block->decl_stmt->decl->type->name,
2,201,rectangle_java2.jpg,rectangle_java2.jpg,885623626,172,777.9986046511627,260.2906976744186,785.5,259,23,21,x1,2,class->block->decl_stmt->decl->name,
2,201,rectangle_java2.jpg,rectangle_java2.jpg,885751636,68,782.9870588235294,239.07529411764705,715.5,222,90,21,Rectangle,9,class->name,
2,201,rectangle_java2.jpg,rectangle_java2.jpg,885851653,96,776.5770833333333,258.6933333333333,747.5,259,33,21,int,3,class->block->decl_stmt->decl->type->name,
2,201,rectangle_java2.jpg,rectangle_java2.jpg,885851653,96,776.5770833333333,258.6933333333333,785.5,259,23,21,x1,2,class->block->decl_stmt->decl->name,
2,201,rectangle_java2.jpg,rectangle_java2.jpg,886027672,88,787.5531818181818,255.88181818181815,785.5,259,23,21,x1,2,class->block->decl_stmt->decl->name,
2,201,rectangle_java2.jpg,rectangle_java2.jpg,886119664,60,831.1566666666666,267.5793333333333,833.5,259,23,21,y1,2,class->block->decl_stmt->decl->name,
2,201,rectangle_java2.jpg,rectangle_java2.jpg,886251665,128,824.2640625,249.5415625,815.5,259,10,21,"""","""",1,class->block->decl_stmt
2,201,rectangle_java2.jpg,rectangle_java2.jpg,886251665,128,824.2640625,249.5415625,833.5,259,23,21,y1,2,class->block->decl_stmt->decl->name,
2,201,rectangle_java2.jpg,rectangle_java2.jpg,886459667,92,905.7556521739132,254.31391304347824,911.5,259,10,21,"""","""",1,class->block->decl_stmt
2,201,rectangle_java2.jpg,rectangle_java2.jpg,886759510,120,934.3253333333332,268.03633333333335,929.5,259,23,21,y2,2,class->block->decl_stmt->decl->name,
2,201,rectangle_java2.jpg,rectangle_java2.jpg,886983484,80,931.929,253.694,929.5,259,23,21,y2,2,class->block->decl_stmt->decl->name,
2,201,rectangle_java2.jpg,rectangle_java2.jpg,887051491,64,925.995,248.495,929.5,259,23,21,y2,2,class->block->decl_stmt->decl->name,
2,201,rectangle_java2.jpg,rectangle_java2.jpg,887163501,60,932.8973333333332,252.78533333333337,929.5,259,23,21,y2,2,class->block->decl_stmt->decl->name,
2,201,rectangle_java2.jpg,rectangle_java2.jpg,887843276,76,782.6442105263158,305.79526315789474,737.5,295,91,21,Rectangle,9,class->block->constructor->name,
2,201,rectangle_java2.jpg,rectangle_java2.jpg,888063496,56,762.9421428571428,302.8985714285714,737.5,295,91,21,Rectangle,9,class->block->constructor->name,
2,201,rectangle_java2.jpg,rectangle_java2.jpg,888627265,112,910.3332142857142,291.0917857142857,890.5,295,24,21,x1,2,class->block->constructor->parameter_list->parameter->decl->type->name,
2,201,rectangle_java2.jpg,rectangle_java2.jpg,888627265,112,910.3332142857142,291.0917857142857,921.5,295,9,21,"""","""",1,class->block->constructor->parameter_list
2,201,rectangle_java2.jpg,rectangle_java2.jpg,888719275,64,955.050625,311.50875,939.5,295,33,21,int,3,class->block->constructor->parameter_list->parameter->decl->type->name,
2,201,rectangle_java2.jpg,rectangle_java2.jpg,888963376,128,947.320625,271.3278125,929.5,259,23,21,y2,2,class->block->decl_stmt->decl->name,
2,201,rectangle_java2.jpg,rectangle_java2.jpg,888963376,128,947.320625,271.3278125,959.5,259,10,21,;,1,class->block->decl_stmt,
2,201,rectangle_java2.jpg,rectangle_java2.jpg,889295483,220,992.3992727272728,294.348,977.5,295,23,21,y1,2,class->block->constructor->parameter_list->parameter->decl->type->name,
2,201,rectangle_java2.jpg,rectangle_java2.jpg,889403461,104,991.1496153846152,293.80615384615385,977.5,295,23,21,y1,2,class->block->constructor->parameter_list->parameter->decl->type->name,
2,201,rectangle_java2.jpg,rectangle_java2.jpg,889499403,68,1038.9829411764706,306.9164705882353,1025.5,295,33,21,int,3,class->block->constructor->parameter_list->parameter->decl->type->name,
2,201,rectangle_java2.jpg,rectangle_java2.jpg,889675364,172,1073.9988372093023,308.6711627906977,1063.5,295,23,21,x2,2,class->block->constructor->parameter_list->parameter->decl->type->name,
2,201,rectangle_java2.jpg,rectangle_java2.jpg,889791378,112,1081.517857142857,314.7214285714286,1063.5,295,23,21,x2,2,class->block->constructor->parameter_list->parameter->decl->type->name,
2,201,rectangle_java2.jpg,rectangle_java2.jpg,889963407,140,1139.5542857142857,314.7194285714286,1112.5,295,33,21,int,3,class->block->constructor->parameter_list->parameter->decl->type->name,
2,201,rectangle_java2.jpg,rectangle_java2.jpg,889963407,140,1139.5542857142857,314.7194285714286,1150.5,295,23,21,y2,2,class->block->constructor->parameter_list->parameter->decl->type->name,
2,201,rectangle_java2.jpg,rectangle_java2.jpg,890259330,96,855.7579166666667,347.52708333333334,856.5,331,10,19,;,1,class->block->constructor->block->block_content->expr_stmt,
2,201,rectangle_java2.jpg,rectangle_java2.jpg,890403346,112,817.3285714285714,328.10857142857145,806.5,331,15,19,=,1,class->block->constructor->block->block_content->expr_stmt->expr->operator,
2,201,rectangle_java2.jpg,rectangle_java2.jpg,890403346,112,817.3285714285714,328.10857142857145,826.5,331,23,19,x1,2,class->block->constructor->block->block_content->expr_stmt->expr->name->name,
2,201,rectangle_java2.jpg,rectangle_java2.jpg,890491306,84,827.4166666666666,329.0861904761905,826.5,331,23,19,x1,2,class->block->constructor->block->block_content->expr_stmt->expr->name->name,
2,201,rectangle_java2.jpg,rectangle_java2.jpg,890607257,64,801.03,305.70625,737.5,295,91,21,Rectangle,9,class->block->constructor->name,
2,201,rectangle_java2.jpg,rectangle_java2.jpg,890731251,84,788.6095238095238,299.5019047619048,737.5,295,91,21,Rectangle,9,class->block->constructor->name,
2,201,rectangle_java2.jpg,rectangle_java2.jpg,890827248,56,842.49,309.01,837.5,295,9,21,(,1,class->block->constructor->parameter_list,
2,201,rectangle_java2.jpg,rectangle_java2.jpg,890827248,56,842.49,309.01,853.5,295,32,21,int,3,class->block->constructor->parameter_list->parameter->decl->type->name,
2,201,rectangle_java2.jpg,rectangle_java2.jpg,890955262,124,854.5835483870968,323.20774193548385,856.5,331,10,19,;,1,class->block->constructor->block->block_content->expr_stmt,
2,201,rectangle_java2.jpg,rectangle_java2.jpg,891031284,72,852.4972222222223,325.0472222222222,856.5,331,10,19,;,1,class->block->constructor->block->block_content->expr_stmt,
2,201,rectangle_java2.jpg,rectangle_java2.jpg,891231279,196,853.3936734693877,310.0228571428572,853.5,295,32,21,int,3,class->block->constructor->parameter_list->parameter->decl->type->name,
2,201,rectangle_java2.jpg,rectangle_java2.jpg,891387248,120,816.8323333333333,328.22366666666665,806.5,331,15,19,=,1,class->block->constructor->block->block_content->expr_stmt->expr->operator,
2,201,rectangle_java2.jpg,rectangle_java2.jpg,891387248,120,816.8323333333333,328.22366666666665,826.5,331,23,19,x1,2,class->block->constructor->block->block_content->expr_stmt->expr->name->name,
2,201,rectangle_java2.jpg,rectangle_java2.jpg,891819236,80,822.7915,363.201,826.5,367,23,21,y1,2,class->block->constructor->block->block_content->expr_stmt->expr->name->name,
2,201,rectangle_java2.jpg,rectangle_java2.jpg,891947258,124,834.6390322580645,376.0667741935484,826.5,367,23,21,y1,2,class->block->constructor->block->block_content->expr_stmt->expr->name->name,
2,201,rectangle_java2.jpg,rectangle_java2.jpg,892203193,72,828.4277777777778,362.87277777777774,826.5,367,23,21,y1,2,class->block->constructor->block->block_content->expr_stmt->expr->name->name,
2,201,rectangle_java2.jpg,rectangle_java2.jpg,892335124,72,849.2888888888889,365.0294444444445,826.5,367,23,21,y1,2,class->block->constructor->block->block_content->expr_stmt->expr->name->name,
2,201,rectangle_java2.jpg,rectangle_java2.jpg,892335124,72,849.2888888888889,365.0294444444445,856.5,367,10,21,;,1,class->block->constructor->block->block_content->expr_stmt,
2,201,rectangle_java2.jpg,rectangle_java2.jpg,892527084,104,819.7957692307692,386.995,806.5,367,15,21,=,1,class->block->constructor->block->block_content->expr_stmt->expr->operator,
2,201,rectangle_java2.jpg,rectangle_java2.jpg,892527084,104,819.7957692307692,386.995,826.5,367,23,21,y1,2,class->block->constructor->block->block_content->expr_stmt->expr->name->name,
2,201,rectangle_java2.jpg,rectangle_java2.jpg,892695132,164,819.4707317073171,402.0960975609757,806.5,404,15,19,=,1,class->block->constructor->block->block_content->expr_stmt->expr->operator,
2,201,rectangle_java2.jpg,rectangle_java2.jpg,892695132,164,819.4707317073171,402.0960975609757,826.5,404,23,19,x2,2,class->block->constructor->block->block_content->expr_stmt->expr->name->name,
2,201,rectangle_java2.jpg,rectangle_java2.jpg,892759136,60,835.424,402.3813333333333,826.5,404,23,19,x2,2,class->block->constructor->block->block_content->expr_stmt->expr->name->name,
2,201,rectangle_java2.jpg,rectangle_java2.jpg,892855114,56,863.7492857142857,374.8957142857143,856.5,367,10,21,;,1,class->block->constructor->block->block_content->expr_stmt,
2,201,rectangle_java2.jpg,rectangle_java2.jpg,892939095,80,864.164,361.2435,856.5,367,10,21,;,1,class->block->constructor->block->block_content->expr_stmt,
2,201,rectangle_java2.jpg,rectangle_java2.jpg,893283107,240,831.1358333333334,410.98283333333336,826.5,404,23,19,x2,2,class->block->constructor->block->block_content->expr_stmt->expr->name->name,
2,201,rectangle_java2.jpg,rectangle_java2.jpg,893355097,68,837.3017647058823,407.8376470588235,826.5,404,23,19,x2,2,class->block->constructor->block->block_content->expr_stmt->expr->name->name,
2,201,rectangle_java2.jpg,rectangle_java2.jpg,894626973,112,937.8896428571428,499.5028571428571,891.5,512,62,21,return,6,class->block->function->block->block_content->return->expr->name->name,
2,201,rectangle_java2.jpg,rectangle_java2.jpg,894846994,128,990.11,511.294375,958.5,512,71,21,this.x2,7,class->block->function->block->block_content->return->expr->name->name->operator->name->operator,
2,201,rectangle_java2.jpg,rectangle_java2.jpg,895047006,196,993.9608163265306,503.3332653061225,958.5,512,71,21,this.x2,7,class->block->function->block->block_content->return->expr->name->name->operator->name->operator,
2,201,rectangle_java2.jpg,rectangle_java2.jpg,895426947,308,1019.0685714285714,505.1240259740259,958.5,512,71,21,this.x2,7,class->block->function->block->block_content->return->expr->name->name->operator->name->operator,
2,201,rectangle_java2.jpg,rectangle_java2.jpg,895622955,88,1014.2927272727272,503.0068181818182,958.5,512,71,21,this.x2,7,class->block->function->block->block_content->return->expr->name->name->operator->name->operator,
2,201,rectangle_java2.jpg,rectangle_java2.jpg,895798966,112,1093.8467857142855,505.1046428571429,1054.5,512,71,21,this.x1,7,class->block->function->block->block_content->return->expr->name->name->operator->name,
2,201,rectangle_java2.jpg,rectangle_java2.jpg,895886964,84,1103.672380952381,506.8933333333333,1054.5,512,71,21,this.x1,7,class->block->function->block->block_content->return->expr->name->name->operator->name,
2,201,rectangle_java2.jpg,rectangle_java2.jpg,896014933,96,1049.21,500.3216666666667,1054.5,512,71,21,this.x1,7,class->block->function->block->block_content->return->expr->name->name->operator->name,
2,201,rectangle_java2.jpg,rectangle_java2.jpg,896090895,72,1042.502222222222,505.0622222222222,1035.5,512,13,21,-,1,class->block->function->block->block_content->return->expr->name->name,
2,201,rectangle_java2.jpg,rectangle_java2.jpg,896090895,72,1042.502222222222,505.0622222222222,1054.5,512,71,21,this.x1,7,class->block->function->block->block_content->return->expr->name->name->operator->name,
2,201,rectangle_java2.jpg,rectangle_java2.jpg,896150864,56,1042.787857142857,505.2235714285714,1035.5,512,13,21,-,1,class->block->function->block->block_content->return->expr->name->name,
2,201,rectangle_java2.jpg,rectangle_java2.jpg,896150864,56,1042.787857142857,505.2235714285714,1054.5,512,71,21,this.x1,7,class->block->function->block->block_content->return->expr->name->name->operator->name,
2,201,rectangle_java2.jpg,rectangle_java2.jpg,896222860,68,1040.4023529411766,503.5241176470588,1035.5,512,13,21,-,1,class->block->function->block->block_content->return->expr->name->name,
2,201,rectangle_java2.jpg,rectangle_java2.jpg,896586845,56,1048.2764285714286,501.71,1035.5,512,13,21,-,1,class->block->function->block->block_content->return->expr->name->name,
2,201,rectangle_java2.jpg,rectangle_java2.jpg,896586845,56,1048.2764285714286,501.71,1054.5,512,71,21,this.x1,7,class->block->function->block->block_content->return->expr->name->name->operator->name,
2,201,rectangle_java2.jpg,rectangle_java2.jpg,896682821,92,1050.5834782608697,508.0934782608696,1054.5,512,71,21,this.x1,7,class->block->function->block->block_content->return->expr->name->name->operator->name,
2,201,rectangle_java2.jpg,rectangle_java2.jpg,896746805,60,1058.496666666667,499.6153333333334,1054.5,512,71,21,this.x1,7,class->block->function->block->block_content->return->expr->name->name->operator->name,
2,201,rectangle_java2.jpg,rectangle_java2.jpg,897086806,204,1101.013137254902,502.8488235294118,1054.5,512,71,21,this.x1,7,class->block->function->block->block_content->return->expr->name->name->operator->name,
2,201,rectangle_java2.jpg,rectangle_java2.jpg,897250777,100,1039.1132,520.3336,1035.5,512,13,21,-,1,class->block->function->block->block_content->return->expr->name->name,
2,201,rectangle_java2.jpg,rectangle_java2.jpg,897354790,100,1038.902,523.8592,1035.5,512,13,21,-,1,class->block->function->block->block_content->return->expr->name->name,
2,201,rectangle_java2.jpg,rectangle_java2.jpg,897478821,120,1037.8006666666663,521.883,1035.5,512,13,21,-,1,class->block->function->block->block_content->return->expr->name->name,
2,201,rectangle_java2.jpg,rectangle_java2.jpg,898098853,76,970.6384210526317,540.4121052631579,968.5,549,70,21,this.y2,7,class->block->function->block->block_content->return->expr->name->name->operator->name,
2,201,rectangle_java2.jpg,rectangle_java2.jpg,898170864,68,971.5782352941176,537.6164705882353,968.5,549,70,21,this.y2,7,class->block->function->block->block_content->return->expr->name->name->operator->name,
2,201,rectangle_java2.jpg,rectangle_java2.jpg,898250803,76,969.9794736842106,541.1605263157894,968.5,549,70,21,this.y2,7,class->block->function->block->block_content->return->expr->name->name->operator->name,
2,201,rectangle_java2.jpg,rectangle_java2.jpg,898390699,56,1052.347857142857,544.7835714285715,1045.5,549,13,21,-,1,class->block->function->block->block_content->return->expr->operator,
2,201,rectangle_java2.jpg,rectangle_java2.jpg,898390699,56,1052.347857142857,544.7835714285715,1064.5,549,71,21,this.y1,7,class->block->function->block->block_content->return->expr->name->name->operator->name,
2,201,rectangle_java2.jpg,rectangle_java2.jpg,898550712,72,1021.6055555555556,540.5427777777778,968.5,549,70,21,this.y2,7,class->block->function->block->block_content->return->expr->name->name->operator->name,
2,201,rectangle_java2.jpg,rectangle_java2.jpg,898622718,68,1019.3076470588236,548.7711764705882,968.5,549,70,21,this.y2,7,class->block->function->block->block_content->return->expr->name->name->operator->name,
2,201,rectangle_java2.jpg,rectangle_java2.jpg,898774685,112,1097.3553571428572,549.0314285714286,1064.5,549,71,21,this.y1,7,class->block->function->block->block_content->return->expr->name->name->operator->name,
2,201,rectangle_java2.jpg,rectangle_java2.jpg,899138700,56,768.7392857142858,537.5864285714285,737.5,549,33,21,int,3,class->block->function->type->name,
2,201,rectangle_java2.jpg,rectangle_java2.jpg,899138700,56,768.7392857142858,537.5864285714285,775.5,549,62,21,height,6,class->block->function->name,
2,201,rectangle_java2.jpg,rectangle_java2.jpg,899230699,88,770.450909090909,527.86,737.5,512,33,21,int,3,class->block->function->type->name,
2,201,rectangle_java2.jpg,rectangle_java2.jpg,899230699,88,770.450909090909,527.86,775.5,512,53,21,width,5,class->block->function->name,
2,201,rectangle_java2.jpg,rectangle_java2.jpg,899682663,144,988.3305555555556,544.1083333333333,968.5,549,70,21,this.y2,7,class->block->function->block->block_content->return->expr->name->name->operator->name,
2,201,rectangle_java2.jpg,rectangle_java2.jpg,900030582,80,1026.276,527.2435,958.5,512,71,21,this.x2,7,class->block->function->block->block_content->return->expr->name->name->operator->name->operator,
2,201,rectangle_java2.jpg,rectangle_java2.jpg,900030582,80,1026.276,527.2435,1035.5,512,13,21,-,1,class->block->function->block->block_content->return->expr->name->name,
2,201,rectangle_java2.jpg,rectangle_java2.jpg,900714528,84,1158.2890476190476,552.3147619047619,1161.5,549,10,21,},1,class->block->function->block,
2,201,rectangle_java2.jpg,rectangle_java2.jpg,900894506,60,1149.832666666667,561.1773333333333,1142.5,549,10,21,;,1,class->block->function->block->block_content->return,
2,201,rectangle_java2.jpg,rectangle_java2.jpg,900894506,60,1149.832666666667,561.1773333333333,1161.5,549,10,21,},1,class->block->function->block,
2,201,rectangle_java2.jpg,rectangle_java2.jpg,901094580,80,1150.763,554.9685,1142.5,549,10,21,;,1,class->block->function->block->block_content->return,
2,201,rectangle_java2.jpg,rectangle_java2.jpg,901094580,80,1150.763,554.9685,1161.5,549,10,21,},1,class->block->function->block,
2,201,rectangle_java2.jpg,rectangle_java2.jpg,901230702,96,1137.56125,553.4883333333333,1142.5,549,10,21,;,1,class->block->function->block->block_content->return,
2,201,rectangle_java2.jpg,rectangle_java2.jpg,901386661,64,954.49375,569.806875,900.5,549,63,21,return,6,class->block->function->block->block_content->return,
2,201,rectangle_java2.jpg,rectangle_java2.jpg,901494534,68,953.3552941176472,582.515294117647,910.5,585,62,21,return,6,class->block->function->block->block_content->return,
2,201,rectangle_java2.jpg,rectangle_java2.jpg,902034530,56,867.0664285714286,560.285,863.5,549,9,21,),1,class->block->function->parameter_list,
2,201,rectangle_java2.jpg,rectangle_java2.jpg,902226420,132,842.4733333333334,546.8224242424243,846.5,549,10,21,(,1,class->block->function->parameter_list,
2,201,rectangle_java2.jpg,rectangle_java2.jpg,902466403,80,848.5120000000001,503.3815,854.5,512,9,21,),1,class->block->function->parameter_list,
2,201,rectangle_java2.jpg,rectangle_java2.jpg,902786456,76,825.187894736842,503.6931578947368,775.5,512,53,21,width,5,class->block->function->name,
2,201,rectangle_java2.jpg,rectangle_java2.jpg,902786456,76,825.187894736842,503.6931578947368,837.5,512,9,21,(,1,class->block->function->parameter_list,
2,201,rectangle_java2.jpg,rectangle_java2.jpg,902890442,100,807.0648,501.6748,775.5,512,53,21,width,5,class->block->function->name,
2,201,rectangle_java2.jpg,rectangle_java2.jpg,903126464,64,840.816875,541.9175,846.5,549,10,21,(,1,class->block->function->parameter_list,
2,201,rectangle_java2.jpg,rectangle_java2.jpg,903202434,72,840.0722222222222,546.1783333333333,846.5,549,10,21,(,1,class->block->function->parameter_list,
2,201,rectangle_java2.jpg,rectangle_java2.jpg,903414302,60,824.004,565.2553333333333,775.5,549,62,21,height,6,class->block->function->name,
2,201,rectangle_java2.jpg,rectangle_java2.jpg,903518294,100,833.0412,565.2732,775.5,549,62,21,height,6,class->block->function->name,
2,201,rectangle_java2.jpg,rectangle_java2.jpg,903970255,60,976.264,557.8466666666667,968.5,549,70,21,this.y2,7,class->block->function->block->block_content->return->expr->name->name->operator->name,
2,201,rectangle_java2.jpg,rectangle_java2.jpg,904090288,56,945.8171428571428,568.5614285714286,900.5,549,63,21,return,6,class->block->function->block->block_content->return,
2,201,rectangle_java2.jpg,rectangle_java2.jpg,904466322,84,1023.5619047619048,556.7328571428571,968.5,549,70,21,this.y2,7,class->block->function->block->block_content->return->expr->name->name->operator->name,
2,201,rectangle_java2.jpg,rectangle_java2.jpg,904594303,124,1009.4303225806452,564.0509677419354,968.5,549,70,21,this.y2,7,class->block->function->block->block_content->return->expr->name->name->operator->name,
2,201,rectangle_java2.jpg,rectangle_java2.jpg,905042232,156,780.45,657.1415384615385,730.5,658,91,20,Rectangle,9,class->block->function->block->block_content->decl_stmt->decl->type->name,
2,201,rectangle_java2.jpg,rectangle_java2.jpg,905242057,128,1104.1396875,599.56125,1103.5,585,9,21,),1,class->block->function->block->block_content->return->expr->call->argument_list,
2,201,rectangle_java2.jpg,rectangle_java2.jpg,905305904,60,1093.3473333333334,599.242,1086.5,585,10,21,(,1,class->block->function->block->block_content->return->expr->call->argument_list,
2,201,rectangle_java2.jpg,rectangle_java2.jpg,905305904,60,1093.3473333333334,599.242,1103.5,585,9,21,),1,class->block->function->block->block_content->return->expr->call->argument_list,
2,201,rectangle_java2.jpg,rectangle_java2.jpg,905566153,64,1108.52375,604.785,1103.5,585,9,21,),1,class->block->function->block->block_content->return->expr->call->argument_list,
2,201,rectangle_java2.jpg,rectangle_java2.jpg,905642143,72,1104.4372222222223,609.1311111111111,1094.5,621,10,21,{,1,class->block->function->block,
2,201,rectangle_java2.jpg,rectangle_java2.jpg,906042142,76,1026.0384210526315,648.4278947368421,941.5,658,91,20,Rectangle,9,class->block->function->block->block_content->decl_stmt->decl->init->expr->call->name,
2,201,rectangle_java2.jpg,rectangle_java2.jpg,906154140,108,1026.8896296296296,647.3877777777778,941.5,658,91,20,Rectangle,9,class->block->function->block->block_content->decl_stmt->decl->init->expr->call->name,
2,201,rectangle_java2.jpg,rectangle_java2.jpg,906462159,240,945.5878333333334,636.9511666666667,920.5,621,62,21,String,6,class->block->function->parameter_list->parameter->decl->type->name->name,
2,201,rectangle_java2.jpg,rectangle_java2.jpg,906542148,76,952.9063157894736,638.7247368421052,920.5,621,62,21,String,6,class->block->function->parameter_list->parameter->decl->type->name->name,
2,201,rectangle_java2.jpg,rectangle_java2.jpg,906602147,56,978.3378571428572,635.8921428571429,920.5,621,62,21,String,6,class->block->function->parameter_list->parameter->decl->type->name->name,
2,201,rectangle_java2.jpg,rectangle_java2.jpg,906602147,56,978.3378571428572,635.8921428571429,990.5,621,10,21,[,1,class->block->function->parameter_list->parameter->decl->type->name->index,
2,201,rectangle_java2.jpg,rectangle_java2.jpg,906662155,56,978.7657142857142,639.0935714285714,920.5,621,62,21,String,6,class->block->function->parameter_list->parameter->decl->type->name->name,
2,201,rectangle_java2.jpg,rectangle_java2.jpg,906662155,56,978.7657142857142,639.0935714285714,990.5,621,10,21,[,1,class->block->function->parameter_list->parameter->decl->type->name->index,
2,201,rectangle_java2.jpg,rectangle_java2.jpg,906874141,116,848.79,639.8965517241379,851.5,621,44,21,main,4,class->block->function->name,
2,201,rectangle_java2.jpg,rectangle_java2.jpg,907126055,92,800.7330434782608,652.05,730.5,658,91,20,Rectangle,9,class->block->function->block->block_content->decl_stmt->decl->type->name,
2,201,rectangle_java2.jpg,rectangle_java2.jpg,907286016,136,955.9782352941176,651.4811764705883,941.5,658,91,20,Rectangle,9,class->block->function->block->block_content->decl_stmt->decl->init->expr->call->name,
2,201,rectangle_java2.jpg,rectangle_java2.jpg,907522010,108,932.7362962962964,658.7307407407408,902.5,658,34,20,new,3,class->block->function->block->block_content->decl_stmt->decl->init->expr->operator,
2,201,rectangle_java2.jpg,rectangle_java2.jpg,907522010,108,932.7362962962964,658.7307407407408,941.5,658,91,20,Rectangle,9,class->block->function->block->block_content->decl_stmt->decl->init->expr->call->name,
2,201,rectangle_java2.jpg,rectangle_java2.jpg,907610024,84,932.0304761904762,657.5228571428571,902.5,658,34,20,new,3,class->block->function->block->block_content->decl_stmt->decl->init->expr->operator,
2,201,rectangle_java2.jpg,rectangle_java2.jpg,907610024,84,932.0304761904762,657.5228571428571,941.5,658,91,20,Rectangle,9,class->block->function->block->block_content->decl_stmt->decl->init->expr->call->name,
2,201,rectangle_java2.jpg,rectangle_java2.jpg,907798129,84,991.304761904762,669.1523809523809,941.5,658,91,20,Rectangle,9,class->block->function->block->block_content->decl_stmt->decl->init->expr->call->name,
2,201,rectangle_java2.jpg,rectangle_java2.jpg,907874127,72,989.6238888888888,663.6927777777778,941.5,658,91,20,Rectangle,9,class->block->function->block->block_content->decl_stmt->decl->init->expr->call->name,
2,201,rectangle_java2.jpg,rectangle_java2.jpg,908034096,124,929.9425806451612,675.0038709677419,902.5,658,34,20,new,3,class->block->function->block->block_content->decl_stmt->decl->init->expr->operator,
2,201,rectangle_java2.jpg,rectangle_java2.jpg,908034096,124,929.9425806451612,675.0038709677419,941.5,658,91,20,Rectangle,9,class->block->function->block->block_content->decl_stmt->decl->init->expr->call->name,
2,201,rectangle_java2.jpg,rectangle_java2.jpg,908094068,56,922.6721428571428,674.5171428571429,902.5,658,34,20,new,3,class->block->function->block->block_content->decl_stmt->decl->init->expr->operator,
2,201,rectangle_java2.jpg,rectangle_java2.jpg,908274027,100,793.9848,701.628,730.5,694,177,21,System.out.println,18,class->block->function->block->block_content->expr_stmt->expr->call->name->name->operator->name->operator->name,
2,201,rectangle_java2.jpg,rectangle_java2.jpg,908374025,96,792.8395833333334,705.4879166666667,730.5,694,177,21,System.out.println,18,class->block->function->block->block_content->expr_stmt->expr->call->name->name->operator->name->operator->name,
2,201,rectangle_java2.jpg,rectangle_java2.jpg,908446027,68,782.1517647058823,699.0964705882353,730.5,694,177,21,System.out.println,18,class->block->function->block->block_content->expr_stmt->expr->call->name->name->operator->name->operator->name,
2,201,rectangle_java2.jpg,rectangle_java2.jpg,909221881,60,965.6693333333332,722.1746666666667,941.5,731,91,20,Rectangle,9,class->block->function->block->block_content->decl_stmt->decl->init->expr->call->name,
2,201,rectangle_java2.jpg,rectangle_java2.jpg,910916352,96,1129.3095833333334,647.9245833333333,1134.5,658,22,20,10,2,class->block->function->block->block_content->decl_stmt->decl->init->expr->call->argument_list->argument->expr->literal,
2,201,rectangle_java2.jpg,rectangle_java2.jpg,911252345,64,1079.265625,687.048125,1077.5,694,9,21,),1,class->block->function->block->block_content->expr_stmt->expr->call->argument_list,
2,201,rectangle_java2.jpg,rectangle_java2.jpg,912144441,56,935.385,769.0628571428572,932.5,766,100,21,rect2.area,10,class->block->function->block->block_content->expr_stmt->expr->call->argument_list->argument->expr->call->name->name->operator->name,
