trial,participant,code_file,code_language,timestamp,duration,x_cord,y_cord,aoi_x,aoi_y,aoi_width,aoi_height,token,length,srcML,
2,200,rectangle_java2.jpg,rectangle_java2.jpg,1784438261,204,713.6509803921568,543.3488235294118,669.5,549,63,21,public,6,class->block->function->type->specifier,
2,200,rectangle_java2.jpg,rectangle_java2.jpg,1795473344,168,686.6264285714286,237.8088095238095,657.5,222,52,21,class,5,class,
2,200,rectangle_java2.jpg,rectangle_java2.jpg,1795729323,200,666.8136,237.6578,657.5,222,52,21,class,5,class,
2,200,rectangle_java2.jpg,rectangle_java2.jpg,1795909363,176,664.5422727272727,232.0986363636364,657.5,222,52,21,class,5,class,
2,200,rectangle_java2.jpg,rectangle_java2.jpg,1796313063,364,762.5837362637362,224.2910989010989,715.5,222,90,21,Rectangle,9,class->name,
2,200,rectangle_java2.jpg,rectangle_java2.jpg,1796525251,168,678.2907142857143,231.45595238095237,657.5,222,52,21,class,5,class,
2,200,rectangle_java2.jpg,rectangle_java2.jpg,1797549252,148,721.6827027027027,225.63945945945943,715.5,222,90,21,Rectangle,9,class->name,
2,200,rectangle_java2.jpg,rectangle_java2.jpg,1797697205,120,773.3566666666667,240.38266666666664,715.5,222,90,21,Rectangle,9,class->name,
2,200,rectangle_java2.jpg,rectangle_java2.jpg,1799200990,208,698.5005769230769,226.79557692307696,657.5,222,52,21,class,5,class,
2,200,rectangle_java2.jpg,rectangle_java2.jpg,1799480936,264,763.9348484848485,241.8901515151515,715.5,222,90,21,Rectangle,9,class->name,
2,200,rectangle_java2.jpg,rectangle_java2.jpg,1799668951,152,711.8884210526315,253.1873684210526,669.5,259,72,21,private,7,class->block->decl_stmt->decl->type->specifier,
2,200,rectangle_java2.jpg,rectangle_java2.jpg,1803276656,104,753.6534615384616,263.9019230769231,747.5,259,33,21,int,3,class->block->decl_stmt->decl->type->name,
2,200,rectangle_java2.jpg,rectangle_java2.jpg,1803516670,180,728.4171111111111,267.3142222222222,669.5,259,72,21,private,7,class->block->decl_stmt->decl->type->specifier,
2,200,rectangle_java2.jpg,rectangle_java2.jpg,1803768661,248,728.0725806451613,270.93451612903226,669.5,259,72,21,private,7,class->block->decl_stmt->decl->type->specifier,
2,200,rectangle_java2.jpg,rectangle_java2.jpg,1804040575,240,779.4341666666667,258.763,747.5,259,33,21,int,3,class->block->decl_stmt->decl->type->name,
2,200,rectangle_java2.jpg,rectangle_java2.jpg,1804040575,240,779.4341666666667,258.763,785.5,259,23,21,x1,2,class->block->decl_stmt->decl->name,
2,200,rectangle_java2.jpg,rectangle_java2.jpg,1804216543,136,850.6855882352941,256.8361764705882,833.5,259,23,21,y1,2,class->block->decl_stmt->decl->name,
2,200,rectangle_java2.jpg,rectangle_java2.jpg,1804948542,84,857.6890476190476,268.99666666666667,863.5,259,10,21,"""","""",1,class->block->decl_stmt
2,200,rectangle_java2.jpg,rectangle_java2.jpg,1805028511,76,851.0815789473684,256.2947368421053,833.5,259,23,21,y1,2,class->block->decl_stmt->decl->name,
2,200,rectangle_java2.jpg,rectangle_java2.jpg,1805028511,76,851.0815789473684,256.2947368421053,863.5,259,10,21,"""","""",1,class->block->decl_stmt
2,200,rectangle_java2.jpg,rectangle_java2.jpg,1805264532,232,868.5927586206897,257.9731034482759,863.5,259,10,21,"""","""",1,class->block->decl_stmt
2,200,rectangle_java2.jpg,rectangle_java2.jpg,1805596313,308,688.404025974026,240.321038961039,657.5,222,52,21,class,5,class,
2,200,rectangle_java2.jpg,rectangle_java2.jpg,1805792411,160,758.4435,228.08375,715.5,222,90,21,Rectangle,9,class->name,
2,200,rectangle_java2.jpg,rectangle_java2.jpg,1805996444,116,695.6155172413793,230.8186206896552,657.5,222,52,21,class,5,class,
2,200,rectangle_java2.jpg,rectangle_java2.jpg,1808596137,188,698.476170212766,232.75063829787237,657.5,222,52,21,class,5,class,
2,200,rectangle_java2.jpg,rectangle_java2.jpg,1808772057,108,667.4311111111111,248.53666666666663,669.5,259,72,21,private,7,class->block->decl_stmt->decl->type->specifier,
2,200,rectangle_java2.jpg,rectangle_java2.jpg,1809220195,72,720.0533333333333,214.47722222222225,715.5,222,90,21,Rectangle,9,class->name,
2,200,rectangle_java2.jpg,rectangle_java2.jpg,1809492178,268,722.4270149253731,225.90895522388064,715.5,222,90,21,Rectangle,9,class->name,
2,200,rectangle_java2.jpg,rectangle_java2.jpg,1809572150,76,694.4421052631579,231.89315789473687,657.5,222,52,21,class,5,class,
2,200,rectangle_java2.jpg,rectangle_java2.jpg,1809772315,196,683.86,222.68734693877548,657.5,222,52,21,class,5,class,
2,200,rectangle_java2.jpg,rectangle_java2.jpg,1810168169,364,747.0903296703297,221.1712087912088,715.5,222,90,21,Rectangle,9,class->name,
2,200,rectangle_java2.jpg,rectangle_java2.jpg,1810475992,276,688.9088405797102,229.9672463768116,657.5,222,52,21,class,5,class,
2,200,rectangle_java2.jpg,rectangle_java2.jpg,1810640035,128,742.336875,237.6328125,715.5,222,90,21,Rectangle,9,class->name,
2,200,rectangle_java2.jpg,rectangle_java2.jpg,1811263967,64,733.2725,291.94125,737.5,295,91,21,Rectangle,9,class->block->constructor->name,
2,200,rectangle_java2.jpg,rectangle_java2.jpg,1811439983,172,735.1637209302326,293.3851162790698,737.5,295,91,21,Rectangle,9,class->block->constructor->name,
2,200,rectangle_java2.jpg,rectangle_java2.jpg,1811559988,116,731.0537931034482,310.6151724137931,669.5,295,63,21,public,6,class->block->constructor->specifier,
2,200,rectangle_java2.jpg,rectangle_java2.jpg,1811559988,116,731.0537931034482,310.6151724137931,737.5,295,91,21,Rectangle,9,class->block->constructor->name,
2,200,rectangle_java2.jpg,rectangle_java2.jpg,1811723980,128,800.716875,309.3515625,737.5,295,91,21,Rectangle,9,class->block->constructor->name,
2,200,rectangle_java2.jpg,rectangle_java2.jpg,1811811962,84,804.3347619047619,309.497619047619,737.5,295,91,21,Rectangle,9,class->block->constructor->name,
2,200,rectangle_java2.jpg,rectangle_java2.jpg,1812015965,160,754.21225,311.28075,737.5,295,91,21,Rectangle,9,class->block->constructor->name,
2,200,rectangle_java2.jpg,rectangle_java2.jpg,1812087970,68,803.234705882353,302.9129411764706,737.5,295,91,21,Rectangle,9,class->block->constructor->name,
2,200,rectangle_java2.jpg,rectangle_java2.jpg,1812296034,204,816.4139215686274,303.6172549019608,737.5,295,91,21,Rectangle,9,class->block->constructor->name,
2,200,rectangle_java2.jpg,rectangle_java2.jpg,1812851921,552,838.7196376811594,293.0286231884058,837.5,295,9,21,(,1,class->block->constructor->parameter_list,
2,200,rectangle_java2.jpg,rectangle_java2.jpg,1812983902,128,845.198125,302.87625,837.5,295,9,21,(,1,class->block->constructor->parameter_list,
2,200,rectangle_java2.jpg,rectangle_java2.jpg,1812983902,128,845.198125,302.87625,853.5,295,32,21,int,3,class->block->constructor->parameter_list->parameter->decl->type->name,
2,200,rectangle_java2.jpg,rectangle_java2.jpg,1813091910,84,749.5371428571428,327.6090476190476,730.5,331,71,19,this.x1,7,class->block->constructor->block->block_content->expr_stmt->expr->name->name->operator->name,
2,200,rectangle_java2.jpg,rectangle_java2.jpg,1813227872,132,755.2181818181818,328.4833333333333,730.5,331,71,19,this.x1,7,class->block->constructor->block->block_content->expr_stmt->expr->name->name->operator->name,
2,200,rectangle_java2.jpg,rectangle_java2.jpg,1813363681,132,733.0745454545455,333.25848484848484,730.5,331,71,19,this.x1,7,class->block->constructor->block->block_content->expr_stmt->expr->name->name->operator->name,
2,200,rectangle_java2.jpg,rectangle_java2.jpg,1813503758,136,725.9355882352941,327.6435294117647,730.5,331,71,19,this.x1,7,class->block->constructor->block->block_content->expr_stmt->expr->name->name->operator->name,
2,200,rectangle_java2.jpg,rectangle_java2.jpg,1813587845,80,786.976,330.6505,730.5,331,71,19,this.x1,7,class->block->constructor->block->block_content->expr_stmt->expr->name->name->operator->name,
2,200,rectangle_java2.jpg,rectangle_java2.jpg,1813703820,112,791.5910714285715,329.8128571428571,730.5,331,71,19,this.x1,7,class->block->constructor->block->block_content->expr_stmt->expr->name->name->operator->name,
2,200,rectangle_java2.jpg,rectangle_java2.jpg,1813903738,168,861.1259523809524,320.6319047619048,856.5,331,10,19,;,1,class->block->constructor->block->block_content->expr_stmt,
2,200,rectangle_java2.jpg,rectangle_java2.jpg,1814559711,64,761.614375,347.660625,730.5,331,71,19,this.x1,7,class->block->constructor->block->block_content->expr_stmt->expr->name->name->operator->name,
2,200,rectangle_java2.jpg,rectangle_java2.jpg,1814667746,104,761.2342307692307,358.1307692307692,730.5,367,71,21,this.y1,7,class->block->constructor->block->block_content->expr_stmt->expr->name->name->operator->name,
2,200,rectangle_java2.jpg,rectangle_java2.jpg,1814835768,164,741.0258536585366,355.0082926829268,730.5,367,71,21,this.y1,7,class->block->constructor->block->block_content->expr_stmt->expr->name->name->operator->name,
2,200,rectangle_java2.jpg,rectangle_java2.jpg,1815007749,124,828.1035483870968,335.8577419354839,826.5,331,23,19,x1,2,class->block->constructor->block->block_content->expr_stmt->expr->name->name,
2,200,rectangle_java2.jpg,rectangle_java2.jpg,1815611692,68,734.3358823529412,345.53235294117644,730.5,331,71,19,this.x1,7,class->block->constructor->block->block_content->expr_stmt->expr->name->name->operator->name,
2,200,rectangle_java2.jpg,rectangle_java2.jpg,1816431631,172,810.5467441860465,420.64790697674425,806.5,404,15,19,=,1,class->block->constructor->block->block_content->expr_stmt->expr->operator,
2,200,rectangle_java2.jpg,rectangle_java2.jpg,1816603544,148,744.5491891891892,431.1043243243244,730.5,440,71,21,this.y2,7,class->block->constructor->block->block_content->expr_stmt->expr->name->name->operator->name,
2,200,rectangle_java2.jpg,rectangle_java2.jpg,1817951503,84,794.3285714285714,399.73761904761903,730.5,404,71,19,this.x2,7,class->block->constructor->block->block_content->expr_stmt->expr->name->name->operator->name,
2,200,rectangle_java2.jpg,rectangle_java2.jpg,1817951503,84,794.3285714285714,399.73761904761903,806.5,404,15,19,=,1,class->block->constructor->block->block_content->expr_stmt->expr->operator,
2,200,rectangle_java2.jpg,rectangle_java2.jpg,1818099408,144,801.1127777777778,403.08416666666665,730.5,404,71,19,this.x2,7,class->block->constructor->block->block_content->expr_stmt->expr->name->name->operator->name,
2,200,rectangle_java2.jpg,rectangle_java2.jpg,1818099408,144,801.1127777777778,403.08416666666665,806.5,404,15,19,=,1,class->block->constructor->block->block_content->expr_stmt->expr->operator,
2,200,rectangle_java2.jpg,rectangle_java2.jpg,1818183129,80,768.03,400.659,730.5,404,71,19,this.x2,7,class->block->constructor->block->block_content->expr_stmt->expr->name->name->operator->name,
2,200,rectangle_java2.jpg,rectangle_java2.jpg,1819487183,144,759.1105555555556,221.61638888888888,715.5,222,90,21,Rectangle,9,class->name,
2,200,rectangle_java2.jpg,rectangle_java2.jpg,1819606748,116,756.91,232.13172413793103,715.5,222,90,21,Rectangle,9,class->name,
2,200,rectangle_java2.jpg,rectangle_java2.jpg,1820063248,244,688.7186885245902,214.79852459016396,657.5,222,52,21,class,5,class,
2,200,rectangle_java2.jpg,rectangle_java2.jpg,1820223230,116,748.4679310344827,213.5448275862069,715.5,222,90,21,Rectangle,9,class->name,
2,200,rectangle_java2.jpg,rectangle_java2.jpg,1822215050,120,779.0136666666667,459.6056666666666,730.5,440,71,21,this.y2,7,class->block->constructor->block->block_content->expr_stmt->expr->name->name->operator->name,
2,200,rectangle_java2.jpg,rectangle_java2.jpg,1822407102,60,825.7353333333333,454.16666666666674,826.5,440,23,21,y2,2,class->block->constructor->block->block_content->expr_stmt->expr->name->name,
2,200,rectangle_java2.jpg,rectangle_java2.jpg,1822611127,180,748.7042222222223,422.4571111111111,730.5,404,71,19,this.x2,7,class->block->constructor->block->block_content->expr_stmt->expr->name->name->operator->name,
2,200,rectangle_java2.jpg,rectangle_java2.jpg,1822683107,56,811.7457142857143,420.9871428571428,806.5,404,15,19,=,1,class->block->constructor->block->block_content->expr_stmt->expr->operator,
2,200,rectangle_java2.jpg,rectangle_java2.jpg,1822906938,220,817.9750909090909,414.1138181818183,806.5,404,15,19,=,1,class->block->constructor->block->block_content->expr_stmt->expr->operator,
2,200,rectangle_java2.jpg,rectangle_java2.jpg,1822906938,220,817.9750909090909,414.1138181818183,826.5,404,23,19,x2,2,class->block->constructor->block->block_content->expr_stmt->expr->name->name,
2,200,rectangle_java2.jpg,rectangle_java2.jpg,1823187203,144,756.1377777777777,429.4280555555556,730.5,440,71,21,this.y2,7,class->block->constructor->block->block_content->expr_stmt->expr->name->name->operator->name,
2,200,rectangle_java2.jpg,rectangle_java2.jpg,1824986832,60,1094.508,506.37666666666667,1054.5,512,71,21,this.x1,7,class->block->function->block->block_content->return->expr->name->name->operator->name,
2,200,rectangle_java2.jpg,rectangle_java2.jpg,1828138583,108,1101.6303703703704,512.7807407407407,1054.5,512,71,21,this.x1,7,class->block->function->block->block_content->return->expr->name->name->operator->name,
2,200,rectangle_java2.jpg,rectangle_java2.jpg,1828482624,60,738.9306666666666,509.62200000000007,737.5,512,33,21,int,3,class->block->function->type->name,
2,200,rectangle_java2.jpg,rectangle_java2.jpg,1828554628,60,740.2313333333334,514.6426666666666,737.5,512,33,21,int,3,class->block->function->type->name,
2,200,rectangle_java2.jpg,rectangle_java2.jpg,1828766590,124,816.2890322580645,548.5983870967742,775.5,549,62,21,height,6,class->block->function->name,
2,200,rectangle_java2.jpg,rectangle_java2.jpg,1828858553,88,818.9618181818182,540.5327272727272,775.5,549,62,21,height,6,class->block->function->name,
2,200,rectangle_java2.jpg,rectangle_java2.jpg,1828998360,120,923.053,538.6516666666666,900.5,549,63,21,return,6,class->block->function->block->block_content->return,
2,200,rectangle_java2.jpg,rectangle_java2.jpg,1829134300,132,926.6390909090908,542.5554545454546,900.5,549,63,21,return,6,class->block->function->block->block_content->return,
2,200,rectangle_java2.jpg,rectangle_java2.jpg,1829338413,84,1027.362380952381,531.3942857142857,958.5,512,71,21,this.x2,7,class->block->function->block->block_content->return->expr->name->name->operator->name->operator,
2,200,rectangle_java2.jpg,rectangle_java2.jpg,1829338413,84,1027.362380952381,531.3942857142857,1035.5,512,13,21,-,1,class->block->function->block->block_content->return->expr->name->name,
2,200,rectangle_java2.jpg,rectangle_java2.jpg,1829402428,60,1032.3026666666667,514.1813333333333,1035.5,512,13,21,-,1,class->block->function->block->block_content->return->expr->name->name,
2,200,rectangle_java2.jpg,rectangle_java2.jpg,1829474435,68,1027.8629411764705,532.0411764705882,958.5,512,71,21,this.x2,7,class->block->function->block->block_content->return->expr->name->name->operator->name->operator,
2,200,rectangle_java2.jpg,rectangle_java2.jpg,1829474435,68,1027.8629411764705,532.0411764705882,1035.5,512,13,21,-,1,class->block->function->block->block_content->return->expr->name->name,
2,200,rectangle_java2.jpg,rectangle_java2.jpg,1829590414,80,1077.15,529.542,1054.5,512,71,21,this.x1,7,class->block->function->block->block_content->return->expr->name->name->operator->name,
2,200,rectangle_java2.jpg,rectangle_java2.jpg,1829746417,60,1040.09,514.656,1035.5,512,13,21,-,1,class->block->function->block->block_content->return->expr->name->name,
2,200,rectangle_java2.jpg,rectangle_java2.jpg,1829810443,60,1034.3553333333332,524.2633333333333,1035.5,512,13,21,-,1,class->block->function->block->block_content->return->expr->name->name,
2,200,rectangle_java2.jpg,rectangle_java2.jpg,1829946520,64,872.48,532.48,874.5,512,10,21,{,1,class->block->function->block,
2,200,rectangle_java2.jpg,rectangle_java2.jpg,1830162629,212,866.7684905660377,536.9877358490565,863.5,549,9,21,),1,class->block->function->parameter_list,
2,200,rectangle_java2.jpg,rectangle_java2.jpg,1830346513,120,748.626,613.9256666666666,738.5,621,61,21,static,6,class->block->function->type->specifier,
2,200,rectangle_java2.jpg,rectangle_java2.jpg,1830486453,136,739.3767647058824,625.4197058823529,738.5,621,61,21,static,6,class->block->function->type->specifier,
2,200,rectangle_java2.jpg,rectangle_java2.jpg,1831622288,60,727.6706666666666,599.628,669.5,585,63,21,public,6,class->block->function->type->specifier,
2,200,rectangle_java2.jpg,rectangle_java2.jpg,1831622288,60,727.6706666666666,599.628,737.5,585,62,21,double,6,class->block->function->type->name,
2,200,rectangle_java2.jpg,rectangle_java2.jpg,1832026162,84,917.61,655.3919047619048,902.5,658,34,20,new,3,class->block->function->block->block_content->decl_stmt->decl->init->expr->operator,
2,200,rectangle_java2.jpg,rectangle_java2.jpg,1832162183,68,976.8576470588235,635.1782352941176,920.5,621,62,21,String,6,class->block->function->parameter_list->parameter->decl->type->name->name,
2,200,rectangle_java2.jpg,rectangle_java2.jpg,1832386204,108,986.252962962963,656.3348148148148,941.5,658,91,20,Rectangle,9,class->block->function->block->block_content->decl_stmt->decl->init->expr->call->name,
2,200,rectangle_java2.jpg,rectangle_java2.jpg,1832634205,156,727.2125641025641,739.2023076923077,730.5,731,91,20,Rectangle,9,class->block->function->block->block_content->decl_stmt->decl->type->name,
2,200,rectangle_java2.jpg,rectangle_java2.jpg,1832938191,244,960.8977049180328,599.0927868852459,910.5,585,62,21,return,6,class->block->function->block->block_content->return,
2,200,rectangle_java2.jpg,rectangle_java2.jpg,1833142222,152,952.53,635.2028947368422,920.5,621,62,21,String,6,class->block->function->parameter_list->parameter->decl->type->name->name,
2,200,rectangle_java2.jpg,rectangle_java2.jpg,1833202275,56,943.6057142857144,640.3978571428571,920.5,621,62,21,String,6,class->block->function->parameter_list->parameter->decl->type->name->name,
2,200,rectangle_java2.jpg,rectangle_java2.jpg,1833877951,64,1023.995,696.986875,932.5,694,100,21,rect1.area,10,class->block->function->block->block_content->expr_stmt->expr->call->argument_list->argument->expr->call->name->name->operator->name,
2,200,rectangle_java2.jpg,rectangle_java2.jpg,1834050313,168,1019.5057142857142,677.3390476190476,941.5,658,91,20,Rectangle,9,class->block->function->block->block_content->decl_stmt->decl->init->expr->call->name,
2,200,rectangle_java2.jpg,rectangle_java2.jpg,1834234016,120,1091.6706666666666,675.224,1095.5,658,13,20,0,1,class->block->function->block->block_content->decl_stmt->decl->init->expr->call->argument_list->argument->expr->literal,
2,200,rectangle_java2.jpg,rectangle_java2.jpg,1834394086,88,1125.8095454545455,652.1240909090909,1134.5,658,22,20,10,2,class->block->function->block->block_content->decl_stmt->decl->init->expr->call->argument_list->argument->expr->literal,
2,200,rectangle_java2.jpg,rectangle_java2.jpg,1835046065,104,1192.6734615384617,660.1253846153846,1182.5,658,22,20,10,2,class->block->function->block->block_content->decl_stmt->decl->init->expr->call->argument_list->argument->expr->literal,
2,200,rectangle_java2.jpg,rectangle_java2.jpg,1835429916,152,1050.8507894736842,612.328947368421,1025.5,621,42,21,args,4,class->block->function->parameter_list->parameter->decl->name,
2,200,rectangle_java2.jpg,rectangle_java2.jpg,1835589951,156,1028.5489743589744,620.8505128205128,1025.5,621,42,21,args,4,class->block->function->parameter_list->parameter->decl->name,
2,200,rectangle_java2.jpg,rectangle_java2.jpg,1836481821,80,978.6305,675.7505,941.5,658,91,20,Rectangle,9,class->block->function->block->block_content->decl_stmt->decl->init->expr->call->name,
2,200,rectangle_java2.jpg,rectangle_java2.jpg,1836841835,312,752.0788461538461,774.3721794871794,730.5,766,177,21,System.out.println,18,class->block->function->block->block_content->expr_stmt->expr->call->name->name->operator->name->operator->name,
2,200,rectangle_java2.jpg,rectangle_java2.jpg,1837009855,84,829.3104761904762,749.8133333333334,826.5,731,51,20,rect2,5,class->block->function->block->block_content->decl_stmt->decl->name,
2,200,rectangle_java2.jpg,rectangle_java2.jpg,1837270018,104,829.6761538461539,746.2138461538461,826.5,731,51,20,rect2,5,class->block->function->block->block_content->decl_stmt->decl->name,
2,200,rectangle_java2.jpg,rectangle_java2.jpg,1837401843,128,814.209375,749.4071875,730.5,731,91,20,Rectangle,9,class->block->function->block->block_content->decl_stmt->decl->type->name,
2,200,rectangle_java2.jpg,rectangle_java2.jpg,1837401843,128,814.209375,749.4071875,826.5,731,51,20,rect2,5,class->block->function->block->block_content->decl_stmt->decl->name,
2,200,rectangle_java2.jpg,rectangle_java2.jpg,1854260297,84,760.6309523809524,224.3304761904762,715.5,222,90,21,Rectangle,9,class->name,
2,200,rectangle_java2.jpg,rectangle_java2.jpg,1854972515,84,821.6847619047619,456.3385714285714,826.5,440,23,21,y2,2,class->block->constructor->block->block_content->expr_stmt->expr->name->name,
2,200,rectangle_java2.jpg,rectangle_java2.jpg,1855300346,88,961.7054545454546,508.20090909090914,958.5,512,71,21,this.x2,7,class->block->function->block->block_content->return->expr->name->name->operator->name->operator,
2,200,rectangle_java2.jpg,rectangle_java2.jpg,1864159526,80,818.939,518.023,775.5,512,53,21,width,5,class->block->function->name,
