trial,participant,code_file,code_language,timestamp,duration,x_cord,y_cord,aoi_x,aoi_y,aoi_width,aoi_height,token,length,srcML,
2,216,rectangle_java2.jpg,rectangle_java2.jpg,407078668,116,1031.2551724137932,304.0879310344828,1025.5,295,33,21,int,3,class->block->constructor->parameter_list->parameter->decl->type->name,
2,216,rectangle_java2.jpg,rectangle_java2.jpg,407154191,72,1027.4227777777778,305.84833333333336,1025.5,295,33,21,int,3,class->block->constructor->parameter_list->parameter->decl->type->name,
2,216,rectangle_java2.jpg,rectangle_java2.jpg,412933864,68,814.6247058823529,283.5758823529412,737.5,295,91,21,Rectangle,9,class->block->constructor->name,
2,216,rectangle_java2.jpg,rectangle_java2.jpg,413141973,56,750.7614285714286,238.15857142857143,715.5,222,90,21,Rectangle,9,class->name,
2,216,rectangle_java2.jpg,rectangle_java2.jpg,413578020,80,914.9175,258.25350000000003,911.5,259,10,21,"""","""",1,class->block->decl_stmt
2,216,rectangle_java2.jpg,rectangle_java2.jpg,413770116,72,833.3805555555556,333.8455555555556,826.5,331,23,19,x1,2,class->block->constructor->block->block_content->expr_stmt->expr->name->name,
2,216,rectangle_java2.jpg,rectangle_java2.jpg,414285863,76,905.35,261.07,911.5,259,10,21,"""","""",1,class->block->decl_stmt
2,216,rectangle_java2.jpg,rectangle_java2.jpg,414757953,80,747.8665,412.8555,730.5,404,71,19,this.x2,7,class->block->constructor->block->block_content->expr_stmt->expr->name->name->operator->name,
2,216,rectangle_java2.jpg,rectangle_java2.jpg,414845990,84,739.1271428571429,407.3285714285714,730.5,404,71,19,this.x2,7,class->block->constructor->block->block_content->expr_stmt->expr->name->name->operator->name,
2,216,rectangle_java2.jpg,rectangle_java2.jpg,415249787,100,861.5324,276.0152,863.5,259,10,21,"""","""",1,class->block->decl_stmt
2,216,rectangle_java2.jpg,rectangle_java2.jpg,416453797,56,942.0521428571428,283.3828571428571,939.5,295,33,21,int,3,class->block->constructor->parameter_list->parameter->decl->type->name,
2,216,rectangle_java2.jpg,rectangle_java2.jpg,416625667,56,939.9642857142856,289.1228571428572,939.5,295,33,21,int,3,class->block->constructor->parameter_list->parameter->decl->type->name,
2,216,rectangle_java2.jpg,rectangle_java2.jpg,416809661,68,933.63,263.2494117647059,929.5,259,23,21,y2,2,class->block->decl_stmt->decl->name,
2,216,rectangle_java2.jpg,rectangle_java2.jpg,419597463,72,875.9283333333333,266.9005555555556,881.5,259,23,21,x2,2,class->block->decl_stmt->decl->name,
2,216,rectangle_java2.jpg,rectangle_java2.jpg,419889380,72,849.9888888888889,301.57722222222225,853.5,295,32,21,int,3,class->block->constructor->parameter_list->parameter->decl->type->name,
2,216,rectangle_java2.jpg,rectangle_java2.jpg,420661466,88,844.9090909090909,270.2,833.5,259,23,21,y1,2,class->block->decl_stmt->decl->name,
2,216,rectangle_java2.jpg,rectangle_java2.jpg,422137708,120,962.9546666666666,305.5156666666667,939.5,295,33,21,int,3,class->block->constructor->parameter_list->parameter->decl->type->name,
2,216,rectangle_java2.jpg,rectangle_java2.jpg,422349328,56,944.0121428571427,302.45428571428573,939.5,295,33,21,int,3,class->block->constructor->parameter_list->parameter->decl->type->name,
2,216,rectangle_java2.jpg,rectangle_java2.jpg,423449075,60,932.148,315.4433333333333,939.5,295,33,21,int,3,class->block->constructor->parameter_list->parameter->decl->type->name,
2,216,rectangle_java2.jpg,rectangle_java2.jpg,423793100,68,841.3670588235294,310.23470588235296,837.5,295,9,21,(,1,class->block->constructor->parameter_list,
2,216,rectangle_java2.jpg,rectangle_java2.jpg,423793100,68,841.3670588235294,310.23470588235296,853.5,295,32,21,int,3,class->block->constructor->parameter_list->parameter->decl->type->name,
2,216,rectangle_java2.jpg,rectangle_java2.jpg,423917119,92,884.7460869565217,285.6882608695652,853.5,295,32,21,int,3,class->block->constructor->parameter_list->parameter->decl->type->name,
2,216,rectangle_java2.jpg,rectangle_java2.jpg,423917119,92,884.7460869565217,285.6882608695652,890.5,295,24,21,x1,2,class->block->constructor->parameter_list->parameter->decl->type->name,
2,216,rectangle_java2.jpg,rectangle_java2.jpg,423993136,72,880.51,296.1933333333333,853.5,295,32,21,int,3,class->block->constructor->parameter_list->parameter->decl->type->name,
2,216,rectangle_java2.jpg,rectangle_java2.jpg,423993136,72,880.51,296.1933333333333,890.5,295,24,21,x1,2,class->block->constructor->parameter_list->parameter->decl->type->name,
2,216,rectangle_java2.jpg,rectangle_java2.jpg,424161133,92,869.4569565217391,298.7326086956522,853.5,295,32,21,int,3,class->block->constructor->parameter_list->parameter->decl->type->name,
2,216,rectangle_java2.jpg,rectangle_java2.jpg,424277143,84,843.0638095238095,279.76619047619045,833.5,259,23,21,y1,2,class->block->decl_stmt->decl->name,
2,216,rectangle_java2.jpg,rectangle_java2.jpg,424437060,80,888.8285,289.91,890.5,295,24,21,x1,2,class->block->constructor->parameter_list->parameter->decl->type->name,
2,216,rectangle_java2.jpg,rectangle_java2.jpg,424664900,64,887.671875,271.705625,881.5,259,23,21,x2,2,class->block->decl_stmt->decl->name,
2,216,rectangle_java2.jpg,rectangle_java2.jpg,424724915,56,891.0057142857142,271.28285714285715,881.5,259,23,21,x2,2,class->block->decl_stmt->decl->name,
2,216,rectangle_java2.jpg,rectangle_java2.jpg,425629044,92,861.6908695652173,331.90043478260867,856.5,331,10,19,;,1,class->block->constructor->block->block_content->expr_stmt,
2,216,rectangle_java2.jpg,rectangle_java2.jpg,425761009,56,834.58,339.2314285714286,826.5,331,23,19,x1,2,class->block->constructor->block->block_content->expr_stmt->expr->name->name,
2,216,rectangle_java2.jpg,rectangle_java2.jpg,426644824,56,789.5971428571429,444.7957142857142,730.5,440,71,21,this.y2,7,class->block->constructor->block->block_content->expr_stmt->expr->name->name->operator->name,
2,216,rectangle_java2.jpg,rectangle_java2.jpg,433632292,60,947.984,503.4839999999999,891.5,512,62,21,return,6,class->block->function->block->block_content->return->expr->name->name,
2,216,rectangle_java2.jpg,rectangle_java2.jpg,433632292,60,947.984,503.4839999999999,958.5,512,71,21,this.x2,7,class->block->function->block->block_content->return->expr->name->name->operator->name->operator,
2,216,rectangle_java2.jpg,rectangle_java2.jpg,433844228,92,950.3026086956522,521.9247826086956,891.5,512,62,21,return,6,class->block->function->block->block_content->return->expr->name->name,
2,216,rectangle_java2.jpg,rectangle_java2.jpg,433844228,92,950.3026086956522,521.9247826086956,958.5,512,71,21,this.x2,7,class->block->function->block->block_content->return->expr->name->name->operator->name->operator,
2,216,rectangle_java2.jpg,rectangle_java2.jpg,436628019,56,865.6978571428572,559.1392857142857,863.5,549,9,21,),1,class->block->function->parameter_list,
2,216,rectangle_java2.jpg,rectangle_java2.jpg,444115417,84,1054.1933333333334,512.9104761904762,1054.5,512,71,21,this.x1,7,class->block->function->block->block_content->return->expr->name->name->operator->name,
2,216,rectangle_java2.jpg,rectangle_java2.jpg,448570537,64,724.604375,750.33875,730.5,731,91,20,Rectangle,9,class->block->function->block->block_content->decl_stmt->decl->type->name,
2,216,rectangle_java2.jpg,rectangle_java2.jpg,448650704,76,727.531052631579,760.3621052631579,730.5,766,177,21,System.out.println,18,class->block->function->block->block_content->expr_stmt->expr->call->name->name->operator->name->operator->name,
2,216,rectangle_java2.jpg,rectangle_java2.jpg,450410844,64,837.12375,750.995,826.5,731,51,20,rect2,5,class->block->function->block->block_content->decl_stmt->decl->name,
2,216,rectangle_java2.jpg,rectangle_java2.jpg,452702528,72,920.4016666666666,684.5483333333333,916.5,694,9,21,(,1,class->block->function->block->block_content->expr_stmt->expr->call->argument_list,
2,216,rectangle_java2.jpg,rectangle_java2.jpg,452702528,72,920.4016666666666,684.5483333333333,932.5,694,100,21,rect1.area,10,class->block->function->block->block_content->expr_stmt->expr->call->argument_list->argument->expr->call->name->name->operator->name,
2,216,rectangle_java2.jpg,rectangle_java2.jpg,452802568,72,918.7772222222222,668.0877777777778,902.5,658,34,20,new,3,class->block->function->block->block_content->decl_stmt->decl->init->expr->operator,
2,216,rectangle_java2.jpg,rectangle_java2.jpg,455178462,60,1050.1286666666667,693.1553333333334,1041.5,694,9,21,(,1,class->block->function->block->block_content->expr_stmt->expr->call->argument_list->argument->expr->call->argument_list,
2,216,rectangle_java2.jpg,rectangle_java2.jpg,455178462,60,1050.1286666666667,693.1553333333334,1057.5,694,10,21,),1,class->block->function->block->block_content->expr_stmt->expr->call->argument_list->argument->expr->call->argument_list,
2,216,rectangle_java2.jpg,rectangle_java2.jpg,469917104,56,843.355,372.66357142857146,826.5,367,23,21,y1,2,class->block->constructor->block->block_content->expr_stmt->expr->name->name,
2,216,rectangle_java2.jpg,rectangle_java2.jpg,469993133,72,842.755,378.87388888888887,826.5,367,23,21,y1,2,class->block->constructor->block->block_content->expr_stmt->expr->name->name,
2,216,rectangle_java2.jpg,rectangle_java2.jpg,471417022,64,882.109375,264.4275,881.5,259,23,21,x2,2,class->block->decl_stmt->decl->name,
2,216,rectangle_java2.jpg,rectangle_java2.jpg,473916873,64,868.57125,621.2625,851.5,621,44,21,main,4,class->block->function->name,
2,216,rectangle_java2.jpg,rectangle_java2.jpg,475524728,92,1102.4539130434782,763.7421739130435,1096.5,766,10,21,;,1,class->block->function->block->block_content->expr_stmt,
2,216,rectangle_java2.jpg,rectangle_java2.jpg,479148216,56,819.3842857142857,258.5807142857143,815.5,259,10,21,"""","""",1,class->block->decl_stmt
2,216,rectangle_java2.jpg,rectangle_java2.jpg,479256337,56,853.595,264.5928571428572,833.5,259,23,21,y1,2,class->block->decl_stmt->decl->name,
2,216,rectangle_java2.jpg,rectangle_java2.jpg,479256337,56,853.595,264.5928571428572,863.5,259,10,21,"""","""",1,class->block->decl_stmt
2,216,rectangle_java2.jpg,rectangle_java2.jpg,479336379,76,864.0605263157895,271.04105263157896,863.5,259,10,21,"""","""",1,class->block->decl_stmt
2,216,rectangle_java2.jpg,rectangle_java2.jpg,479416384,76,864.3594736842106,293.0594736842105,853.5,295,32,21,int,3,class->block->constructor->parameter_list->parameter->decl->type->name,
