trial,participant,code_file,code_language,timestamp,duration,x_cord,y_cord,aoi_x,aoi_y,aoi_width,aoi_height,token,length,srcML,
2,214,rectangle_java2.jpg,rectangle_java2.jpg,13955065349,60,798.6753333333334,270.704,785.5,259,23,21,x1,2,class->block->decl_stmt->decl->name,
2,214,rectangle_java2.jpg,rectangle_java2.jpg,13955141344,72,791.0344444444445,278.18944444444446,785.5,259,23,21,x1,2,class->block->decl_stmt->decl->name,
2,214,rectangle_java2.jpg,rectangle_java2.jpg,13955237343,92,789.3121739130435,269.8339130434783,785.5,259,23,21,x1,2,class->block->decl_stmt->decl->name,
2,214,rectangle_java2.jpg,rectangle_java2.jpg,13955361345,120,790.8046666666667,288.51466666666664,737.5,295,91,21,Rectangle,9,class->block->constructor->name,
2,214,rectangle_java2.jpg,rectangle_java2.jpg,13955473354,72,713.2872222222222,228.3644444444444,715.5,222,90,21,Rectangle,9,class->name,
2,214,rectangle_java2.jpg,rectangle_java2.jpg,13955545361,68,711.88,216.87823529411764,715.5,222,90,21,Rectangle,9,class->name,
2,214,rectangle_java2.jpg,rectangle_java2.jpg,13956457068,112,762.0096428571428,224.4817857142857,715.5,222,90,21,Rectangle,9,class->name,
2,214,rectangle_java2.jpg,rectangle_java2.jpg,13956609201,120,738.0566666666666,259.01666666666665,669.5,259,72,21,private,7,class->block->decl_stmt->decl->type->specifier,
2,214,rectangle_java2.jpg,rectangle_java2.jpg,13956609201,120,738.0566666666666,259.01666666666665,747.5,259,33,21,int,3,class->block->decl_stmt->decl->type->name,
2,214,rectangle_java2.jpg,rectangle_java2.jpg,13956681238,68,737.3982352941176,269.1658823529412,669.5,259,72,21,private,7,class->block->decl_stmt->decl->type->specifier,
2,214,rectangle_java2.jpg,rectangle_java2.jpg,13956681238,68,737.3982352941176,269.1658823529412,747.5,259,33,21,int,3,class->block->decl_stmt->decl->type->name,
2,214,rectangle_java2.jpg,rectangle_java2.jpg,13956853225,148,802.1356756756757,268.3835135135135,785.5,259,23,21,x1,2,class->block->decl_stmt->decl->name,
2,214,rectangle_java2.jpg,rectangle_java2.jpg,13957065232,152,961.2157894736844,265.0486842105263,959.5,259,10,21,;,1,class->block->decl_stmt,
2,214,rectangle_java2.jpg,rectangle_java2.jpg,13957125254,56,965.3714285714286,264.995,959.5,259,10,21,;,1,class->block->decl_stmt,
2,214,rectangle_java2.jpg,rectangle_java2.jpg,13957289274,80,745.5550000000001,336.6775,730.5,331,71,19,this.x1,7,class->block->constructor->block->block_content->expr_stmt->expr->name->name->operator->name,
2,214,rectangle_java2.jpg,rectangle_java2.jpg,13957581251,84,795.542380952381,314.68904761904764,737.5,295,91,21,Rectangle,9,class->block->constructor->name,
2,214,rectangle_java2.jpg,rectangle_java2.jpg,13957685226,100,800.8588,291.2564,737.5,295,91,21,Rectangle,9,class->block->constructor->name,
2,214,rectangle_java2.jpg,rectangle_java2.jpg,13957809209,80,802.634,323.65,806.5,331,15,19,=,1,class->block->constructor->block->block_content->expr_stmt->expr->operator,
2,214,rectangle_java2.jpg,rectangle_java2.jpg,13957893216,80,805.926,305.115,737.5,295,91,21,Rectangle,9,class->block->constructor->name,
2,214,rectangle_java2.jpg,rectangle_java2.jpg,13957977230,80,794.933,328.5625,730.5,331,71,19,this.x1,7,class->block->constructor->block->block_content->expr_stmt->expr->name->name->operator->name,
2,214,rectangle_java2.jpg,rectangle_java2.jpg,13957977230,80,794.933,328.5625,806.5,331,15,19,=,1,class->block->constructor->block->block_content->expr_stmt->expr->operator,
2,214,rectangle_java2.jpg,rectangle_java2.jpg,13958473079,100,1121.3748,312.422,1112.5,295,33,21,int,3,class->block->constructor->parameter_list->parameter->decl->type->name,
2,214,rectangle_java2.jpg,rectangle_java2.jpg,13958553111,76,1124.2152631578947,295.7484210526316,1112.5,295,33,21,int,3,class->block->constructor->parameter_list->parameter->decl->type->name,
2,214,rectangle_java2.jpg,rectangle_java2.jpg,13958961166,72,1195.6766666666667,292.07944444444445,1200.5,295,10,21,{,1,class->block->constructor->block,
2,214,rectangle_java2.jpg,rectangle_java2.jpg,13959209131,72,810.7172222222222,320.725,806.5,331,15,19,=,1,class->block->constructor->block->block_content->expr_stmt->expr->operator,
2,214,rectangle_java2.jpg,rectangle_java2.jpg,13959293108,80,799.309,336.3205,730.5,331,71,19,this.x1,7,class->block->constructor->block->block_content->expr_stmt->expr->name->name->operator->name,
2,214,rectangle_java2.jpg,rectangle_java2.jpg,13959293108,80,799.309,336.3205,806.5,331,15,19,=,1,class->block->constructor->block->block_content->expr_stmt->expr->operator,
2,214,rectangle_java2.jpg,rectangle_java2.jpg,13959785091,164,848.7241463414634,329.53414634146344,826.5,331,23,19,x1,2,class->block->constructor->block->block_content->expr_stmt->expr->name->name,
2,214,rectangle_java2.jpg,rectangle_java2.jpg,13959785091,164,848.7241463414634,329.53414634146344,856.5,331,10,19,;,1,class->block->constructor->block->block_content->expr_stmt,
2,214,rectangle_java2.jpg,rectangle_java2.jpg,13960368940,200,818.0348,395.9966,806.5,404,15,19,=,1,class->block->constructor->block->block_content->expr_stmt->expr->operator,
2,214,rectangle_java2.jpg,rectangle_java2.jpg,13960368940,200,818.0348,395.9966,826.5,404,23,19,x2,2,class->block->constructor->block->block_content->expr_stmt->expr->name->name,
2,214,rectangle_java2.jpg,rectangle_java2.jpg,13960540988,168,820.8971428571429,417.36928571428575,806.5,404,15,19,=,1,class->block->constructor->block->block_content->expr_stmt->expr->operator,
2,214,rectangle_java2.jpg,rectangle_java2.jpg,13960540988,168,820.8971428571429,417.36928571428575,826.5,404,23,19,x2,2,class->block->constructor->block->block_content->expr_stmt->expr->name->name,
2,214,rectangle_java2.jpg,rectangle_java2.jpg,13961108973,264,1145.071818181818,295.17560606060607,1112.5,295,33,21,int,3,class->block->constructor->parameter_list->parameter->decl->type->name,
2,214,rectangle_java2.jpg,rectangle_java2.jpg,13961108973,264,1145.071818181818,295.17560606060607,1150.5,295,23,21,y2,2,class->block->constructor->parameter_list->parameter->decl->type->name,
2,214,rectangle_java2.jpg,rectangle_java2.jpg,13961224982,88,1098.2263636363637,294.8654545454545,1094.5,295,9,21,"""","""",1,class->block->constructor->parameter_list
2,214,rectangle_java2.jpg,rectangle_java2.jpg,13961376953,148,1086.821891891892,289.5813513513514,1094.5,295,9,21,"""","""",1,class->block->constructor->parameter_list
2,214,rectangle_java2.jpg,rectangle_java2.jpg,13961460939,80,1088.169,297.442,1094.5,295,9,21,"""","""",1,class->block->constructor->parameter_list
2,214,rectangle_java2.jpg,rectangle_java2.jpg,13961748959,204,1001.2058823529412,285.0162745098039,1007.5,295,10,21,"""","""",1,class->block->constructor->parameter_list
2,214,rectangle_java2.jpg,rectangle_java2.jpg,13961872923,72,1018.8922222222222,305.49833333333333,1025.5,295,33,21,int,3,class->block->constructor->parameter_list->parameter->decl->type->name,
2,214,rectangle_java2.jpg,rectangle_java2.jpg,13961936814,60,1023.462,298.7733333333333,1025.5,295,33,21,int,3,class->block->constructor->parameter_list->parameter->decl->type->name,
2,214,rectangle_java2.jpg,rectangle_java2.jpg,13962536835,128,1136.7971875,286.293125,1112.5,295,33,21,int,3,class->block->constructor->parameter_list->parameter->decl->type->name,
2,214,rectangle_java2.jpg,rectangle_java2.jpg,13962756812,68,830.6035294117647,456.7841176470588,826.5,440,23,21,y2,2,class->block->constructor->block->block_content->expr_stmt->expr->name->name,
2,214,rectangle_java2.jpg,rectangle_java2.jpg,13962816808,56,830.9628571428572,449.4392857142857,826.5,440,23,21,y2,2,class->block->constructor->block->block_content->expr_stmt->expr->name->name,
2,214,rectangle_java2.jpg,rectangle_java2.jpg,13962956859,80,716.655,540.0745,669.5,549,63,21,public,6,class->block->function->type->specifier,
2,214,rectangle_java2.jpg,rectangle_java2.jpg,13963252824,68,819.9217647058823,519.8552941176471,775.5,512,53,21,width,5,class->block->function->name,
2,214,rectangle_java2.jpg,rectangle_java2.jpg,13963416837,160,810.11325,513.01075,775.5,512,53,21,width,5,class->block->function->name,
2,214,rectangle_java2.jpg,rectangle_java2.jpg,13963496831,76,783.421052631579,511.62947368421055,775.5,512,53,21,width,5,class->block->function->name,
2,214,rectangle_java2.jpg,rectangle_java2.jpg,13964032748,60,846.1566666666666,505.636,837.5,512,9,21,(,1,class->block->function->parameter_list,
2,214,rectangle_java2.jpg,rectangle_java2.jpg,13964032748,60,846.1566666666666,505.636,854.5,512,9,21,),1,class->block->function->parameter_list,
2,214,rectangle_java2.jpg,rectangle_java2.jpg,13964432737,76,938.5773684210526,506.8315789473684,891.5,512,62,21,return,6,class->block->function->block->block_content->return->expr->name->name,
2,214,rectangle_java2.jpg,rectangle_java2.jpg,13964552743,116,938.7820689655172,521.836551724138,891.5,512,62,21,return,6,class->block->function->block->block_content->return->expr->name->name,
2,214,rectangle_java2.jpg,rectangle_java2.jpg,13964740719,100,1006.1684,509.1304,958.5,512,71,21,this.x2,7,class->block->function->block->block_content->return->expr->name->name->operator->name->operator,
2,214,rectangle_java2.jpg,rectangle_java2.jpg,13965008711,80,1152.014,513.816,1152.5,512,10,21,},1,class->block,
2,214,rectangle_java2.jpg,rectangle_java2.jpg,13965196660,72,765.5377777777778,511.7511111111112,737.5,512,33,21,int,3,class->block->function->type->name,
2,214,rectangle_java2.jpg,rectangle_java2.jpg,13965196660,72,765.5377777777778,511.7511111111112,775.5,512,53,21,width,5,class->block->function->name,
2,214,rectangle_java2.jpg,rectangle_java2.jpg,13965264642,64,748.670625,512.201875,737.5,512,33,21,int,3,class->block->function->type->name,
2,214,rectangle_java2.jpg,rectangle_java2.jpg,13965704743,156,808.854358974359,549.0305128205129,775.5,549,62,21,height,6,class->block->function->name,
2,214,rectangle_java2.jpg,rectangle_java2.jpg,13966160561,56,786.2021428571428,547.5907142857143,775.5,549,62,21,height,6,class->block->function->name,
2,214,rectangle_java2.jpg,rectangle_java2.jpg,13966220588,56,794.6785714285714,553.2764285714286,775.5,549,62,21,height,6,class->block->function->name,
2,214,rectangle_java2.jpg,rectangle_java2.jpg,13966516575,88,1048.880909090909,553.9177272727272,1045.5,549,13,21,-,1,class->block->function->block->block_content->return->expr->operator,
2,214,rectangle_java2.jpg,rectangle_java2.jpg,13966596564,76,1051.9768421052631,532.9905263157895,1054.5,512,71,21,this.x1,7,class->block->function->block->block_content->return->expr->name->name->operator->name,
2,214,rectangle_java2.jpg,rectangle_java2.jpg,13966716549,68,1007.3323529411764,554.6964705882353,968.5,549,70,21,this.y2,7,class->block->function->block->block_content->return->expr->name->name->operator->name,
2,214,rectangle_java2.jpg,rectangle_java2.jpg,13966876594,156,1012.9092307692308,554.255641025641,968.5,549,70,21,this.y2,7,class->block->function->block->block_content->return->expr->name->name->operator->name,
2,214,rectangle_java2.jpg,rectangle_java2.jpg,13966968640,68,1061.3664705882354,545.2223529411765,1064.5,549,71,21,this.y1,7,class->block->function->block->block_content->return->expr->name->name->operator->name,
2,214,rectangle_java2.jpg,rectangle_java2.jpg,13967340623,164,1129.0778048780487,541.5292682926829,1064.5,549,71,21,this.y1,7,class->block->function->block->block_content->return->expr->name->name->operator->name,
2,214,rectangle_java2.jpg,rectangle_java2.jpg,13967508569,60,1134.8173333333334,547.304,1064.5,549,71,21,this.y1,7,class->block->function->block->block_content->return->expr->name->name->operator->name,
2,214,rectangle_java2.jpg,rectangle_java2.jpg,13967508569,60,1134.8173333333334,547.304,1142.5,549,10,21,;,1,class->block->function->block->block_content->return,
2,214,rectangle_java2.jpg,rectangle_java2.jpg,13967584543,72,1147.7233333333334,525.6833333333333,1152.5,512,10,21,},1,class->block,
2,214,rectangle_java2.jpg,rectangle_java2.jpg,13967764499,100,775.5928,565.5588,775.5,549,62,21,height,6,class->block->function->name,
2,214,rectangle_java2.jpg,rectangle_java2.jpg,13967860474,92,771.5017391304348,569.2547826086957,775.5,549,62,21,height,6,class->block->function->name,
2,214,rectangle_java2.jpg,rectangle_java2.jpg,13968012467,76,777.5021052631579,559.1863157894737,775.5,549,62,21,height,6,class->block->function->name,
2,214,rectangle_java2.jpg,rectangle_java2.jpg,13968164476,100,740.6872,567.6064,737.5,549,33,21,int,3,class->block->function->type->name,
2,214,rectangle_java2.jpg,rectangle_java2.jpg,13968404403,100,842.7472,573.3028,804.5,585,43,21,area,4,class->block->function->name,
2,214,rectangle_java2.jpg,rectangle_java2.jpg,13968508411,60,835.9446666666666,583.52,804.5,585,43,21,area,4,class->block->function->name,
2,214,rectangle_java2.jpg,rectangle_java2.jpg,13968624430,88,1022.0909090909092,597.8695454545455,977.5,585,101,21,this.width,10,class->block->function->block->block_content->return->expr->call->name->name->operator->name,
2,214,rectangle_java2.jpg,rectangle_java2.jpg,13968820459,76,980.4794736842106,598.4242105263157,977.5,585,101,21,this.width,10,class->block->function->block->block_content->return->expr->call->name->name->operator->name,
2,214,rectangle_java2.jpg,rectangle_java2.jpg,13968920487,68,971.6058823529412,559.9711764705883,968.5,549,70,21,this.y2,7,class->block->function->block->block_content->return->expr->name->name->operator->name,
2,214,rectangle_java2.jpg,rectangle_java2.jpg,13969076424,76,1107.8905263157894,573.7747368421053,1103.5,585,9,21,),1,class->block->function->block->block_content->return->expr->call->argument_list,
2,214,rectangle_java2.jpg,rectangle_java2.jpg,13969168325,88,1092.875,566.9172727272727,1064.5,549,71,21,this.y1,7,class->block->function->block->block_content->return->expr->name->name->operator->name,
2,214,rectangle_java2.jpg,rectangle_java2.jpg,13969232282,60,1072.1113333333333,580.004,977.5,585,101,21,this.width,10,class->block->function->block->block_content->return->expr->call->name->name->operator->name,
2,214,rectangle_java2.jpg,rectangle_java2.jpg,13969364373,80,1076.7405,588.0755,977.5,585,101,21,this.width,10,class->block->function->block->block_content->return->expr->call->name->name->operator->name,
2,214,rectangle_java2.jpg,rectangle_java2.jpg,13969364373,80,1076.7405,588.0755,1086.5,585,10,21,(,1,class->block->function->block->block_content->return->expr->call->argument_list,
2,214,rectangle_java2.jpg,rectangle_java2.jpg,13969612457,80,1179.8975,573.7760000000001,1140.5,585,110,21,this.height,11,class->block->function->block->block_content->return->expr->call->name->name->operator->name,
2,214,rectangle_java2.jpg,rectangle_java2.jpg,13970464300,200,825.1572,597.6218,804.5,585,43,21,area,4,class->block->function->name,
2,214,rectangle_java2.jpg,rectangle_java2.jpg,13970616317,56,765.3371428571428,594.6635714285715,737.5,585,62,21,double,6,class->block->function->type->name,
2,214,rectangle_java2.jpg,rectangle_java2.jpg,13970704360,84,758.417619047619,592.4966666666667,737.5,585,62,21,double,6,class->block->function->type->name,
2,214,rectangle_java2.jpg,rectangle_java2.jpg,13970920399,136,953.645,635.1326470588235,920.5,621,62,21,String,6,class->block->function->parameter_list->parameter->decl->type->name->name,
2,214,rectangle_java2.jpg,rectangle_java2.jpg,13971116314,84,906.8538095238096,650.6638095238095,902.5,658,34,20,new,3,class->block->function->block->block_content->decl_stmt->decl->init->expr->operator,
2,214,rectangle_java2.jpg,rectangle_java2.jpg,13971352267,180,810.319111111111,648.8068888888889,730.5,658,91,20,Rectangle,9,class->block->function->block->block_content->decl_stmt->decl->type->name,
2,214,rectangle_java2.jpg,rectangle_java2.jpg,13971544306,104,835.4984615384616,655.2853846153846,826.5,658,52,20,rect1,5,class->block->function->block->block_content->decl_stmt->decl->name,
2,214,rectangle_java2.jpg,rectangle_java2.jpg,13971824155,72,953.9838888888888,597.5255555555556,910.5,585,62,21,return,6,class->block->function->block->block_content->return,
2,214,rectangle_java2.jpg,rectangle_java2.jpg,13971904150,76,952.1742105263158,580.0763157894737,910.5,585,62,21,return,6,class->block->function->block->block_content->return,
2,214,rectangle_java2.jpg,rectangle_java2.jpg,13972004156,80,1017.1755,604.6835,977.5,585,101,21,this.width,10,class->block->function->block->block_content->return->expr->call->name->name->operator->name,
2,214,rectangle_java2.jpg,rectangle_java2.jpg,13972076147,68,1014.5970588235294,613.0317647058823,1007.5,621,10,21,],1,class->block->function->parameter_list->parameter->decl->type->name->index,
2,214,rectangle_java2.jpg,rectangle_java2.jpg,13972076147,68,1014.5970588235294,613.0317647058823,1025.5,621,42,21,args,4,class->block->function->parameter_list->parameter->decl->name,
2,214,rectangle_java2.jpg,rectangle_java2.jpg,13972340123,188,1087.264255319149,609.7310638297872,1094.5,621,10,21,{,1,class->block->function->block,
2,214,rectangle_java2.jpg,rectangle_java2.jpg,13972500161,84,841.7980952380952,627.2204761904762,804.5,621,44,21,void,4,class->block->function->type->name,
2,214,rectangle_java2.jpg,rectangle_java2.jpg,13972500161,84,841.7980952380952,627.2204761904762,851.5,621,44,21,main,4,class->block->function->name,
2,214,rectangle_java2.jpg,rectangle_java2.jpg,13972604171,100,846.9748,622.8892,804.5,621,44,21,void,4,class->block->function->type->name,
2,214,rectangle_java2.jpg,rectangle_java2.jpg,13972604171,100,846.9748,622.8892,851.5,621,44,21,main,4,class->block->function->name,
2,214,rectangle_java2.jpg,rectangle_java2.jpg,13972812189,68,953.5047058823528,655.2758823529412,941.5,658,91,20,Rectangle,9,class->block->function->block->block_content->decl_stmt->decl->init->expr->call->name,
2,214,rectangle_java2.jpg,rectangle_java2.jpg,13972932198,76,1015.6742105263156,653.8789473684211,941.5,658,91,20,Rectangle,9,class->block->function->block->block_content->decl_stmt->decl->init->expr->call->name,
2,214,rectangle_java2.jpg,rectangle_java2.jpg,13973000201,64,1009.61875,632.73625,1007.5,621,10,21,],1,class->block->function->parameter_list->parameter->decl->type->name->index,
2,214,rectangle_java2.jpg,rectangle_java2.jpg,13973128189,124,1023.7764516129032,640.8270967741936,1025.5,621,42,21,args,4,class->block->function->parameter_list->parameter->decl->name,
2,214,rectangle_java2.jpg,rectangle_java2.jpg,13973284167,84,809.3785714285715,623.8823809523809,804.5,621,44,21,void,4,class->block->function->type->name,
2,214,rectangle_java2.jpg,rectangle_java2.jpg,13973396127,108,811.7492592592592,618.9162962962963,804.5,621,44,21,void,4,class->block->function->type->name,
2,214,rectangle_java2.jpg,rectangle_java2.jpg,13973484079,84,809.4085714285715,626.3823809523809,804.5,621,44,21,void,4,class->block->function->type->name,
2,214,rectangle_java2.jpg,rectangle_java2.jpg,13973587918,60,878.2473333333334,628.0913333333333,851.5,621,44,21,main,4,class->block->function->name,
2,214,rectangle_java2.jpg,rectangle_java2.jpg,13974012016,88,995.7218181818182,652.0404545454545,941.5,658,91,20,Rectangle,9,class->block->function->block->block_content->decl_stmt->decl->init->expr->call->name,
2,214,rectangle_java2.jpg,rectangle_java2.jpg,13974244032,76,1121.7678947368422,649.9068421052632,1115.5,658,10,20,"""","""",1,class->block->function->block->block_content->decl_stmt->decl->init->expr->call->argument_list
2,214,rectangle_java2.jpg,rectangle_java2.jpg,13974420044,80,971.357,640.5725,920.5,621,62,21,String,6,class->block->function->parameter_list->parameter->decl->type->name->name,
2,214,rectangle_java2.jpg,rectangle_java2.jpg,13974524036,100,953.366,639.184,920.5,621,62,21,String,6,class->block->function->parameter_list->parameter->decl->type->name->name,
2,214,rectangle_java2.jpg,rectangle_java2.jpg,13974656048,128,951.6365625,628.44625,920.5,621,62,21,String,6,class->block->function->parameter_list->parameter->decl->type->name->name,
2,214,rectangle_java2.jpg,rectangle_java2.jpg,13974768076,56,1012.1321428571428,658.2678571428571,941.5,658,91,20,Rectangle,9,class->block->function->block->block_content->decl_stmt->decl->init->expr->call->name,
2,214,rectangle_java2.jpg,rectangle_java2.jpg,13974924103,80,1013.2905,654.1525,941.5,658,91,20,Rectangle,9,class->block->function->block->block_content->decl_stmt->decl->init->expr->call->name,
2,214,rectangle_java2.jpg,rectangle_java2.jpg,13974996072,68,1013.0488235294116,664.2817647058823,941.5,658,91,20,Rectangle,9,class->block->function->block->block_content->decl_stmt->decl->init->expr->call->name,
2,214,rectangle_java2.jpg,rectangle_java2.jpg,13975188013,100,981.7536,639.5128,920.5,621,62,21,String,6,class->block->function->parameter_list->parameter->decl->type->name->name,
2,214,rectangle_java2.jpg,rectangle_java2.jpg,13975188013,100,981.7536,639.5128,990.5,621,10,21,[,1,class->block->function->parameter_list->parameter->decl->type->name->index,
2,214,rectangle_java2.jpg,rectangle_java2.jpg,13975296010,104,978.4084615384616,662.85,941.5,658,91,20,Rectangle,9,class->block->function->block->block_content->decl_stmt->decl->init->expr->call->name,
2,214,rectangle_java2.jpg,rectangle_java2.jpg,13975471913,128,893.608125,553.8453125,900.5,549,63,21,return,6,class->block->function->block->block_content->return,
2,214,rectangle_java2.jpg,rectangle_java2.jpg,13975623881,76,894.2568421052631,311.26947368421054,890.5,295,24,21,x1,2,class->block->constructor->parameter_list->parameter->decl->type->name,
2,214,rectangle_java2.jpg,rectangle_java2.jpg,13975719918,64,873.864375,271.4975,881.5,259,23,21,x2,2,class->block->decl_stmt->decl->name,
2,214,rectangle_java2.jpg,rectangle_java2.jpg,13975987915,180,895.2295555555555,702.4997777777778,730.5,694,177,21,System.out.println,18,class->block->function->block->block_content->expr_stmt->expr->call->name->name->operator->name->operator->name,
2,214,rectangle_java2.jpg,rectangle_java2.jpg,13976119932,88,846.1595454545454,660.5159090909091,826.5,658,52,20,rect1,5,class->block->function->block->block_content->decl_stmt->decl->name,
2,214,rectangle_java2.jpg,rectangle_java2.jpg,13976331934,148,860.3602702702702,628.4664864864865,851.5,621,44,21,main,4,class->block->function->name,
2,214,rectangle_java2.jpg,rectangle_java2.jpg,13976555927,96,911.3054166666668,665.4858333333333,902.5,658,34,20,new,3,class->block->function->block->block_content->decl_stmt->decl->init->expr->operator,
2,214,rectangle_java2.jpg,rectangle_java2.jpg,13976703907,76,856.2157894736843,641.3068421052632,851.5,621,44,21,main,4,class->block->function->name,
2,214,rectangle_java2.jpg,rectangle_java2.jpg,13976763900,56,848.7885714285715,656.625,826.5,658,52,20,rect1,5,class->block->function->block->block_content->decl_stmt->decl->name,
2,214,rectangle_java2.jpg,rectangle_java2.jpg,13976943881,56,857.3942857142857,334.38428571428574,856.5,331,10,19,;,1,class->block->constructor->block->block_content->expr_stmt,
2,214,rectangle_java2.jpg,rectangle_java2.jpg,13977027878,80,862.184,342.0365,856.5,331,10,19,;,1,class->block->constructor->block->block_content->expr_stmt,
2,214,rectangle_java2.jpg,rectangle_java2.jpg,13977123875,92,849.3686956521739,334.9460869565217,826.5,331,23,19,x1,2,class->block->constructor->block->block_content->expr_stmt->expr->name->name,
2,214,rectangle_java2.jpg,rectangle_java2.jpg,13977123875,92,849.3686956521739,334.9460869565217,856.5,331,10,19,;,1,class->block->constructor->block->block_content->expr_stmt,
2,214,rectangle_java2.jpg,rectangle_java2.jpg,13977355887,80,820.6034999999999,505.9045,775.5,512,53,21,width,5,class->block->function->name,
2,214,rectangle_java2.jpg,rectangle_java2.jpg,13977583597,64,755.988125,508.5725,737.5,512,33,21,int,3,class->block->function->type->name,
2,214,rectangle_java2.jpg,rectangle_java2.jpg,13977667620,80,760.064,508.637,737.5,512,33,21,int,3,class->block->function->type->name,
2,214,rectangle_java2.jpg,rectangle_java2.jpg,13977919774,80,828.393,506.756,775.5,512,53,21,width,5,class->block->function->name,
2,214,rectangle_java2.jpg,rectangle_java2.jpg,13977919774,80,828.393,506.756,837.5,512,9,21,(,1,class->block->function->parameter_list,
2,214,rectangle_java2.jpg,rectangle_java2.jpg,13978059765,104,834.0773076923077,300.05384615384617,837.5,295,9,21,(,1,class->block->constructor->parameter_list,
2,214,rectangle_java2.jpg,rectangle_java2.jpg,13978163742,64,838.1525,331.820625,826.5,331,23,19,x1,2,class->block->constructor->block->block_content->expr_stmt->expr->name->name,
2,214,rectangle_java2.jpg,rectangle_java2.jpg,13978291752,100,803.8556,310.4996,737.5,295,91,21,Rectangle,9,class->block->constructor->name,
2,214,rectangle_java2.jpg,rectangle_java2.jpg,13978363768,68,802.9211764705882,293.4135294117647,737.5,295,91,21,Rectangle,9,class->block->constructor->name,
2,214,rectangle_java2.jpg,rectangle_java2.jpg,13978479783,92,843.3530434782609,250.45391304347825,833.5,259,23,21,y1,2,class->block->decl_stmt->decl->name,
2,214,rectangle_java2.jpg,rectangle_java2.jpg,13978771808,144,780.7775,250.4463888888889,785.5,259,23,21,x1,2,class->block->decl_stmt->decl->name,
2,214,rectangle_java2.jpg,rectangle_java2.jpg,13979687690,108,812.8062962962963,636.6588888888889,804.5,621,44,21,void,4,class->block->function->type->name,
2,214,rectangle_java2.jpg,rectangle_java2.jpg,13979831682,96,811.3125,553.1770833333334,775.5,549,62,21,height,6,class->block->function->name,
2,214,rectangle_java2.jpg,rectangle_java2.jpg,13979971666,136,811.1523529411764,555.73,775.5,549,62,21,height,6,class->block->function->name,
2,214,rectangle_java2.jpg,rectangle_java2.jpg,13980135640,88,822.6645454545454,634.67,804.5,621,44,21,void,4,class->block->function->type->name,
2,214,rectangle_java2.jpg,rectangle_java2.jpg,13980315620,68,779.3535294117647,651.9170588235294,730.5,658,91,20,Rectangle,9,class->block->function->block->block_content->decl_stmt->decl->type->name,
2,214,rectangle_java2.jpg,rectangle_java2.jpg,13980475620,60,780.1293333333333,672.4746666666667,730.5,658,91,20,Rectangle,9,class->block->function->block->block_content->decl_stmt->decl->type->name,
2,214,rectangle_java2.jpg,rectangle_java2.jpg,13980755599,152,959.5757894736844,638.8644736842106,920.5,621,62,21,String,6,class->block->function->parameter_list->parameter->decl->type->name->name,
2,214,rectangle_java2.jpg,rectangle_java2.jpg,13980955637,92,1020.548695652174,623.3995652173913,1025.5,621,42,21,args,4,class->block->function->parameter_list->parameter->decl->name,
2,214,rectangle_java2.jpg,rectangle_java2.jpg,13981015667,56,1006.3257142857144,629.215,1007.5,621,10,21,],1,class->block->function->parameter_list->parameter->decl->type->name->index,
2,214,rectangle_java2.jpg,rectangle_java2.jpg,13981095683,60,1070.804666666667,604.0793333333334,977.5,585,101,21,this.width,10,class->block->function->block->block_content->return->expr->call->name->name->operator->name,
2,214,rectangle_java2.jpg,rectangle_java2.jpg,13981195692,68,861.3105882352941,640.3029411764705,851.5,621,44,21,main,4,class->block->function->name,
2,214,rectangle_java2.jpg,rectangle_java2.jpg,13981359476,160,867.27725,653.83225,826.5,658,52,20,rect1,5,class->block->function->block->block_content->decl_stmt->decl->name,
2,214,rectangle_java2.jpg,rectangle_java2.jpg,13981451345,56,788.62,656.6828571428571,730.5,658,91,20,Rectangle,9,class->block->function->block->block_content->decl_stmt->decl->type->name,
2,214,rectangle_java2.jpg,rectangle_java2.jpg,13981671497,216,793.5705555555555,640.9307407407407,738.5,621,61,21,static,6,class->block->function->type->specifier,
2,214,rectangle_java2.jpg,rectangle_java2.jpg,13981671497,216,793.5705555555555,640.9307407407407,804.5,621,44,21,void,4,class->block->function->type->name,
2,214,rectangle_java2.jpg,rectangle_java2.jpg,13981859491,76,847.8384210526316,617.7210526315789,804.5,621,44,21,void,4,class->block->function->type->name,
2,214,rectangle_java2.jpg,rectangle_java2.jpg,13981859491,76,847.8384210526316,617.7210526315789,851.5,621,44,21,main,4,class->block->function->name,
2,214,rectangle_java2.jpg,rectangle_java2.jpg,13981931467,68,839.0458823529411,635.4376470588236,804.5,621,44,21,void,4,class->block->function->type->name,
2,214,rectangle_java2.jpg,rectangle_java2.jpg,13981931467,68,839.0458823529411,635.4376470588236,851.5,621,44,21,main,4,class->block->function->name,
2,214,rectangle_java2.jpg,rectangle_java2.jpg,13982107456,92,873.6821739130435,632.2291304347826,851.5,621,44,21,main,4,class->block->function->name,
2,214,rectangle_java2.jpg,rectangle_java2.jpg,13982427536,132,873.7215151515152,652.8324242424243,826.5,658,52,20,rect1,5,class->block->function->block->block_content->decl_stmt->decl->name,
2,214,rectangle_java2.jpg,rectangle_java2.jpg,13982427536,132,873.7215151515152,652.8324242424243,883.5,658,15,20,=,1,class->block->function->block->block_content->decl_stmt->decl->init,
2,214,rectangle_java2.jpg,rectangle_java2.jpg,13982491542,60,873.9,655.9573333333333,826.5,658,52,20,rect1,5,class->block->function->block->block_content->decl_stmt->decl->name,
2,214,rectangle_java2.jpg,rectangle_java2.jpg,13982491542,60,873.9,655.9573333333333,883.5,658,15,20,=,1,class->block->function->block->block_content->decl_stmt->decl->init,
2,214,rectangle_java2.jpg,rectangle_java2.jpg,13982607569,112,866.5896428571428,655.6285714285715,826.5,658,52,20,rect1,5,class->block->function->block->block_content->decl_stmt->decl->name,
2,214,rectangle_java2.jpg,rectangle_java2.jpg,13982695570,84,867.745238095238,639.7566666666667,851.5,621,44,21,main,4,class->block->function->name,
2,214,rectangle_java2.jpg,rectangle_java2.jpg,13982919535,168,888.7638095238095,654.5128571428571,883.5,658,15,20,=,1,class->block->function->block->block_content->decl_stmt->decl->init,
2,214,rectangle_java2.jpg,rectangle_java2.jpg,13983187440,136,889.8941176470588,646.3152941176471,883.5,658,15,20,=,1,class->block->function->block->block_content->decl_stmt->decl->init,
2,214,rectangle_java2.jpg,rectangle_java2.jpg,13983351330,68,865.5311764705882,655.4276470588236,826.5,658,52,20,rect1,5,class->block->function->block->block_content->decl_stmt->decl->name,
2,214,rectangle_java2.jpg,rectangle_java2.jpg,13983663394,288,784.2247222222222,651.83125,730.5,658,91,20,Rectangle,9,class->block->function->block->block_content->decl_stmt->decl->type->name,
2,214,rectangle_java2.jpg,rectangle_java2.jpg,13983811375,88,854.8772727272727,648.1836363636364,826.5,658,52,20,rect1,5,class->block->function->block->block_content->decl_stmt->decl->name,
2,214,rectangle_java2.jpg,rectangle_java2.jpg,13983979326,164,849.800975609756,650.6163414634146,826.5,658,52,20,rect1,5,class->block->function->block->block_content->decl_stmt->decl->name,
2,214,rectangle_java2.jpg,rectangle_java2.jpg,13984051297,68,897.8552941176471,648.9394117647058,883.5,658,15,20,=,1,class->block->function->block->block_content->decl_stmt->decl->init,
2,214,rectangle_java2.jpg,rectangle_java2.jpg,13984051297,68,897.8552941176471,648.9394117647058,902.5,658,34,20,new,3,class->block->function->block->block_content->decl_stmt->decl->init->expr->operator,
2,214,rectangle_java2.jpg,rectangle_java2.jpg,13984191336,136,898.5073529411765,654.3702941176471,902.5,658,34,20,new,3,class->block->function->block->block_content->decl_stmt->decl->init->expr->operator,
2,214,rectangle_java2.jpg,rectangle_java2.jpg,13984359382,164,894.5382926829268,652.2134146341464,883.5,658,15,20,=,1,class->block->function->block->block_content->decl_stmt->decl->init,
2,214,rectangle_java2.jpg,rectangle_java2.jpg,13984359382,164,894.5382926829268,652.2134146341464,902.5,658,34,20,new,3,class->block->function->block->block_content->decl_stmt->decl->init->expr->operator,
2,214,rectangle_java2.jpg,rectangle_java2.jpg,13984435407,72,901.1377777777776,655.805,902.5,658,34,20,new,3,class->block->function->block->block_content->decl_stmt->decl->init->expr->operator,
2,214,rectangle_java2.jpg,rectangle_java2.jpg,13984555411,116,890.4996551724138,638.8172413793103,851.5,621,44,21,main,4,class->block->function->name,
2,214,rectangle_java2.jpg,rectangle_java2.jpg,13984743394,184,885.2652173913043,647.5891304347826,883.5,658,15,20,=,1,class->block->function->block->block_content->decl_stmt->decl->init,
2,214,rectangle_java2.jpg,rectangle_java2.jpg,13985023358,204,967.9223529411764,597.6411764705882,910.5,585,62,21,return,6,class->block->function->block->block_content->return,
2,214,rectangle_java2.jpg,rectangle_java2.jpg,13985023358,204,967.9223529411764,597.6411764705882,977.5,585,101,21,this.width,10,class->block->function->block->block_content->return->expr->call->name->name->operator->name,
2,214,rectangle_java2.jpg,rectangle_java2.jpg,13985167285,140,967.3968571428572,588.5751428571429,910.5,585,62,21,return,6,class->block->function->block->block_content->return,
2,214,rectangle_java2.jpg,rectangle_java2.jpg,13985167285,140,967.3968571428572,588.5751428571429,977.5,585,101,21,this.width,10,class->block->function->block->block_content->return->expr->call->name->name->operator->name,
2,214,rectangle_java2.jpg,rectangle_java2.jpg,13985355248,148,1042.245945945946,543.4937837837838,1045.5,549,13,21,-,1,class->block->function->block->block_content->return->expr->operator,
2,214,rectangle_java2.jpg,rectangle_java2.jpg,13985423218,64,1046.231875,554.46125,1045.5,549,13,21,-,1,class->block->function->block->block_content->return->expr->operator,
2,214,rectangle_java2.jpg,rectangle_java2.jpg,13985531186,80,1112.4925,540.8935,1064.5,549,71,21,this.y1,7,class->block->function->block->block_content->return->expr->name->name->operator->name,
2,214,rectangle_java2.jpg,rectangle_java2.jpg,13985743157,104,852.9503846153846,694.0,730.5,694,177,21,System.out.println,18,class->block->function->block->block_content->expr_stmt->expr->call->name->name->operator->name->operator->name,
2,214,rectangle_java2.jpg,rectangle_java2.jpg,13985975267,56,892.1335714285715,652.0257142857142,883.5,658,15,20,=,1,class->block->function->block->block_content->decl_stmt->decl->init,
2,214,rectangle_java2.jpg,rectangle_java2.jpg,13985975267,56,892.1335714285715,652.0257142857142,902.5,658,34,20,new,3,class->block->function->block->block_content->decl_stmt->decl->init->expr->operator,
2,214,rectangle_java2.jpg,rectangle_java2.jpg,13986159395,180,889.0611111111111,657.8051111111112,883.5,658,15,20,=,1,class->block->function->block->block_content->decl_stmt->decl->init,
2,214,rectangle_java2.jpg,rectangle_java2.jpg,13986239378,60,952.1933333333334,661.9353333333333,941.5,658,91,20,Rectangle,9,class->block->function->block->block_content->decl_stmt->decl->init->expr->call->name,
2,214,rectangle_java2.jpg,rectangle_java2.jpg,13986423307,116,961.3186206896552,652.0613793103448,941.5,658,91,20,Rectangle,9,class->block->function->block->block_content->decl_stmt->decl->init->expr->call->name,
2,214,rectangle_java2.jpg,rectangle_java2.jpg,13986499299,56,1000.8792857142856,661.0085714285715,941.5,658,91,20,Rectangle,9,class->block->function->block->block_content->decl_stmt->decl->init->expr->call->name,
2,214,rectangle_java2.jpg,rectangle_java2.jpg,13986619263,116,1004.6324137931034,651.1134482758621,941.5,658,91,20,Rectangle,9,class->block->function->block->block_content->decl_stmt->decl->init->expr->call->name,
2,214,rectangle_java2.jpg,rectangle_java2.jpg,13986755235,68,925.3211764705884,659.9788235294118,902.5,658,34,20,new,3,class->block->function->block->block_content->decl_stmt->decl->init->expr->operator,
2,214,rectangle_java2.jpg,rectangle_java2.jpg,13987003208,60,870.728,651.4879999999999,826.5,658,52,20,rect1,5,class->block->function->block->block_content->decl_stmt->decl->name,
2,214,rectangle_java2.jpg,rectangle_java2.jpg,13987139038,132,873.0333333333333,635.5654545454546,851.5,621,44,21,main,4,class->block->function->name,
2,214,rectangle_java2.jpg,rectangle_java2.jpg,13987355071,212,862.1788679245283,635.2296226415094,851.5,621,44,21,main,4,class->block->function->name,
2,214,rectangle_java2.jpg,rectangle_java2.jpg,13987563136,160,801.39675,641.86975,804.5,621,44,21,void,4,class->block->function->type->name,
2,214,rectangle_java2.jpg,rectangle_java2.jpg,13987723157,100,961.8096,660.588,941.5,658,91,20,Rectangle,9,class->block->function->block->block_content->decl_stmt->decl->init->expr->call->name,
2,214,rectangle_java2.jpg,rectangle_java2.jpg,13987827169,100,953.5608,662.696,941.5,658,91,20,Rectangle,9,class->block->function->block->block_content->decl_stmt->decl->init->expr->call->name,
2,214,rectangle_java2.jpg,rectangle_java2.jpg,13987927169,60,991.0333333333332,637.4,990.5,621,10,21,[,1,class->block->function->parameter_list->parameter->decl->type->name->index,
2,214,rectangle_java2.jpg,rectangle_java2.jpg,13988015165,84,999.929523809524,628.6228571428571,990.5,621,10,21,[,1,class->block->function->parameter_list->parameter->decl->type->name->index,
2,214,rectangle_java2.jpg,rectangle_java2.jpg,13988015165,84,999.929523809524,628.6228571428571,1007.5,621,10,21,],1,class->block->function->parameter_list->parameter->decl->type->name->index,
2,214,rectangle_java2.jpg,rectangle_java2.jpg,13988095158,76,1010.9294736842104,650.35,941.5,658,91,20,Rectangle,9,class->block->function->block->block_content->decl_stmt->decl->init->expr->call->name,
2,214,rectangle_java2.jpg,rectangle_java2.jpg,13988523102,104,776.9834615384615,508.365,775.5,512,53,21,width,5,class->block->function->name,
2,214,rectangle_java2.jpg,rectangle_java2.jpg,13988615119,88,767.4136363636363,518.7272727272727,737.5,512,33,21,int,3,class->block->function->type->name,
2,214,rectangle_java2.jpg,rectangle_java2.jpg,13988615119,88,767.4136363636363,518.7272727272727,775.5,512,53,21,width,5,class->block->function->name,
2,214,rectangle_java2.jpg,rectangle_java2.jpg,13988715111,76,817.5405263157895,506.8415789473684,775.5,512,53,21,width,5,class->block->function->name,
2,214,rectangle_java2.jpg,rectangle_java2.jpg,13988943106,60,814.2226666666667,568.518,775.5,549,62,21,height,6,class->block->function->name,
2,214,rectangle_java2.jpg,rectangle_java2.jpg,13989206951,84,839.615238095238,646.1404761904762,826.5,658,52,20,rect1,5,class->block->function->block->block_content->decl_stmt->decl->name,
2,214,rectangle_java2.jpg,rectangle_java2.jpg,13989418975,116,1065.364827586207,660.3213793103448,1057.5,658,13,20,0,1,class->block->function->block->block_content->decl_stmt->decl->init->expr->call->argument_list->argument->expr->literal,
2,214,rectangle_java2.jpg,rectangle_java2.jpg,13989418975,116,1065.364827586207,660.3213793103448,1077.5,658,9,20,"""","""",1,class->block->function->block->block_content->decl_stmt->decl->init->expr->call->argument_list
2,214,rectangle_java2.jpg,rectangle_java2.jpg,13989515021,92,1070.5665217391304,645.9560869565217,1077.5,658,9,20,"""","""",1,class->block->function->block->block_content->decl_stmt->decl->init->expr->call->argument_list
2,214,rectangle_java2.jpg,rectangle_java2.jpg,13989918990,108,890.6137037037037,647.9992592592592,883.5,658,15,20,=,1,class->block->function->block->block_content->decl_stmt->decl->init,
2,214,rectangle_java2.jpg,rectangle_java2.jpg,13989918990,108,890.6137037037037,647.9992592592592,902.5,658,34,20,new,3,class->block->function->block->block_content->decl_stmt->decl->init->expr->operator,
2,214,rectangle_java2.jpg,rectangle_java2.jpg,13989994995,72,897.1277777777777,654.43,883.5,658,15,20,=,1,class->block->function->block->block_content->decl_stmt->decl->init,
2,214,rectangle_java2.jpg,rectangle_java2.jpg,13989994995,72,897.1277777777777,654.43,902.5,658,34,20,new,3,class->block->function->block->block_content->decl_stmt->decl->init->expr->operator,
2,214,rectangle_java2.jpg,rectangle_java2.jpg,13990083001,84,933.1071428571428,652.8085714285714,902.5,658,34,20,new,3,class->block->function->block->block_content->decl_stmt->decl->init->expr->operator,
2,214,rectangle_java2.jpg,rectangle_java2.jpg,13990083001,84,933.1071428571428,652.8085714285714,941.5,658,91,20,Rectangle,9,class->block->function->block->block_content->decl_stmt->decl->init->expr->call->name,
2,214,rectangle_java2.jpg,rectangle_java2.jpg,13990279000,84,852.8647619047618,267.0,833.5,259,23,21,y1,2,class->block->decl_stmt->decl->name,
2,214,rectangle_java2.jpg,rectangle_java2.jpg,13990279000,84,852.8647619047618,267.0,863.5,259,10,21,"""","""",1,class->block->decl_stmt
2,214,rectangle_java2.jpg,rectangle_java2.jpg,13990346999,64,843.879375,261.64625,833.5,259,23,21,y1,2,class->block->decl_stmt->decl->name,
2,214,rectangle_java2.jpg,rectangle_java2.jpg,13990438997,64,788.659375,261.93,785.5,259,23,21,x1,2,class->block->decl_stmt->decl->name,
2,214,rectangle_java2.jpg,rectangle_java2.jpg,13990574988,92,808.0747826086956,282.5317391304348,737.5,295,91,21,Rectangle,9,class->block->constructor->name,
2,214,rectangle_java2.jpg,rectangle_java2.jpg,13991542859,124,1200.3816129032257,594.5941935483871,1140.5,585,110,21,this.height,11,class->block->function->block->block_content->return->expr->call->name->name->operator->name,
2,214,rectangle_java2.jpg,rectangle_java2.jpg,13991630833,84,1194.4938095238094,603.8919047619048,1140.5,585,110,21,this.height,11,class->block->function->block->block_content->return->expr->call->name->name->operator->name,
2,214,rectangle_java2.jpg,rectangle_java2.jpg,13991770842,136,1216.8070588235294,588.0388235294117,1140.5,585,110,21,this.height,11,class->block->function->block->block_content->return->expr->call->name->name->operator->name,
2,214,rectangle_java2.jpg,rectangle_java2.jpg,13992062900,80,1125.632,649.5175,1134.5,658,22,20,10,2,class->block->function->block->block_content->decl_stmt->decl->init->expr->call->argument_list->argument->expr->literal,
2,214,rectangle_java2.jpg,rectangle_java2.jpg,13992514825,120,1082.0283333333334,662.4,1077.5,658,9,20,"""","""",1,class->block->function->block->block_content->decl_stmt->decl->init->expr->call->argument_list
2,214,rectangle_java2.jpg,rectangle_java2.jpg,13992698857,76,841.3968421052632,667.4321052631578,826.5,658,52,20,rect1,5,class->block->function->block->block_content->decl_stmt->decl->name,
2,214,rectangle_java2.jpg,rectangle_java2.jpg,13992838862,96,863.4525,690.8808333333334,730.5,694,177,21,System.out.println,18,class->block->function->block->block_content->expr_stmt->expr->call->name->name->operator->name->operator->name,
2,214,rectangle_java2.jpg,rectangle_java2.jpg,13992906818,64,879.396875,697.20125,730.5,694,177,21,System.out.println,18,class->block->function->block->block_content->expr_stmt->expr->call->name->name->operator->name->operator->name,
2,214,rectangle_java2.jpg,rectangle_java2.jpg,13993098732,84,975.4528571428572,694.8485714285714,932.5,694,100,21,rect1.area,10,class->block->function->block->block_content->expr_stmt->expr->call->argument_list->argument->expr->call->name->name->operator->name,
2,214,rectangle_java2.jpg,rectangle_java2.jpg,13993262737,160,994.30825,693.8565,932.5,694,100,21,rect1.area,10,class->block->function->block->block_content->expr_stmt->expr->call->argument_list->argument->expr->call->name->name->operator->name,
2,214,rectangle_java2.jpg,rectangle_java2.jpg,13993350742,84,972.9842857142856,690.3690476190476,932.5,694,100,21,rect1.area,10,class->block->function->block->block_content->expr_stmt->expr->call->argument_list->argument->expr->call->name->name->operator->name,
2,214,rectangle_java2.jpg,rectangle_java2.jpg,13993442747,88,979.1086363636364,690.0559090909092,932.5,694,100,21,rect1.area,10,class->block->function->block->block_content->expr_stmt->expr->call->argument_list->argument->expr->call->name->name->operator->name,
2,214,rectangle_java2.jpg,rectangle_java2.jpg,13993630720,128,997.755625,696.2903125,932.5,694,100,21,rect1.area,10,class->block->function->block->block_content->expr_stmt->expr->call->argument_list->argument->expr->call->name->name->operator->name,
2,214,rectangle_java2.jpg,rectangle_java2.jpg,13993690716,56,1007.2578571428572,683.4014285714286,932.5,694,100,21,rect1.area,10,class->block->function->block->block_content->expr_stmt->expr->call->argument_list->argument->expr->call->name->name->operator->name,
2,214,rectangle_java2.jpg,rectangle_java2.jpg,13993810707,116,1008.0872413793104,664.8186206896552,941.5,658,91,20,Rectangle,9,class->block->function->block->block_content->decl_stmt->decl->init->expr->call->name,
2,214,rectangle_java2.jpg,rectangle_java2.jpg,13993946722,132,1011.7590909090908,683.5260606060606,932.5,694,100,21,rect1.area,10,class->block->function->block->block_content->expr_stmt->expr->call->argument_list->argument->expr->call->name->name->operator->name,
2,214,rectangle_java2.jpg,rectangle_java2.jpg,13994022731,72,1019.6088888888888,687.9988888888889,932.5,694,100,21,rect1.area,10,class->block->function->block->block_content->expr_stmt->expr->call->argument_list->argument->expr->call->name->name->operator->name,
2,214,rectangle_java2.jpg,rectangle_java2.jpg,13994082723,56,1010.4635714285714,700.7171428571429,932.5,694,100,21,rect1.area,10,class->block->function->block->block_content->expr_stmt->expr->call->argument_list->argument->expr->call->name->name->operator->name,
2,214,rectangle_java2.jpg,rectangle_java2.jpg,13994598744,68,817.2788235294117,435.1723529411765,806.5,440,15,21,=,1,class->block->constructor->block->block_content->expr_stmt->expr->operator,
2,214,rectangle_java2.jpg,rectangle_java2.jpg,13994598744,68,817.2788235294117,435.1723529411765,826.5,440,23,21,y2,2,class->block->constructor->block->block_content->expr_stmt->expr->name->name,
2,214,rectangle_java2.jpg,rectangle_java2.jpg,13994678717,76,814.3152631578947,441.29526315789474,806.5,440,15,21,=,1,class->block->constructor->block->block_content->expr_stmt->expr->operator,
2,214,rectangle_java2.jpg,rectangle_java2.jpg,13994678717,76,814.3152631578947,441.29526315789474,826.5,440,23,21,y2,2,class->block->constructor->block->block_content->expr_stmt->expr->name->name,
2,214,rectangle_java2.jpg,rectangle_java2.jpg,13994754624,60,819.72,527.4293333333334,775.5,512,53,21,width,5,class->block->function->name,
2,214,rectangle_java2.jpg,rectangle_java2.jpg,13994862483,104,817.7026923076924,505.365,775.5,512,53,21,width,5,class->block->function->name,
2,214,rectangle_java2.jpg,rectangle_java2.jpg,13995222584,120,849.6253333333333,591.1743333333334,856.5,585,9,21,(,1,class->block->function->parameter_list,
2,214,rectangle_java2.jpg,rectangle_java2.jpg,13995310586,84,847.6014285714285,564.3242857142857,846.5,549,10,21,(,1,class->block->function->parameter_list,
2,214,rectangle_java2.jpg,rectangle_java2.jpg,13995514586,120,779.6456666666667,565.7123333333334,775.5,549,62,21,height,6,class->block->function->name,
2,214,rectangle_java2.jpg,rectangle_java2.jpg,13995626532,108,783.6462962962963,581.1637037037037,737.5,585,62,21,double,6,class->block->function->type->name,
2,214,rectangle_java2.jpg,rectangle_java2.jpg,13995790504,76,1046.7542105263158,594.0747368421053,977.5,585,101,21,this.width,10,class->block->function->block->block_content->return->expr->call->name->name->operator->name,
2,214,rectangle_java2.jpg,rectangle_java2.jpg,13996094540,144,980.4827777777778,567.4008333333334,968.5,549,70,21,this.y2,7,class->block->function->block->block_content->return->expr->name->name->operator->name,
2,214,rectangle_java2.jpg,rectangle_java2.jpg,13996302581,116,1084.935517241379,572.523448275862,1086.5,585,10,21,(,1,class->block->function->block->block_content->return->expr->call->argument_list,
2,214,rectangle_java2.jpg,rectangle_java2.jpg,13996418616,112,1073.2464285714286,573.8364285714285,977.5,585,101,21,this.width,10,class->block->function->block->block_content->return->expr->call->name->name->operator->name,
2,214,rectangle_java2.jpg,rectangle_java2.jpg,13997222493,68,1031.7688235294115,511.3717647058824,1035.5,512,13,21,-,1,class->block->function->block->block_content->return->expr->name->name,
2,214,rectangle_java2.jpg,rectangle_java2.jpg,13997526461,128,1089.2578125,503.698125,1054.5,512,71,21,this.x1,7,class->block->function->block->block_content->return->expr->name->name->operator->name,
2,214,rectangle_java2.jpg,rectangle_java2.jpg,13998134480,80,1128.6115,510.23800000000006,1132.5,512,10,21,;,1,class->block->function->block,
2,214,rectangle_java2.jpg,rectangle_java2.jpg,13998214474,76,1146.43,517.5078947368421,1152.5,512,10,21,},1,class->block,
2,214,rectangle_java2.jpg,rectangle_java2.jpg,13998514457,108,1213.9996296296297,588.6307407407407,1140.5,585,110,21,this.height,11,class->block->function->block->block_content->return->expr->call->name->name->operator->name,
2,214,rectangle_java2.jpg,rectangle_java2.jpg,13998762278,56,1206.4271428571428,595.705,1140.5,585,110,21,this.height,11,class->block->function->block->block_content->return->expr->call->name->name->operator->name,
2,214,rectangle_java2.jpg,rectangle_java2.jpg,13998978285,204,1079.5158823529412,750.8998039215686,1077.5,731,9,20,"""","""",1,class->block->function->block->block_content->decl_stmt->decl->init->expr->call->argument_list
2,214,rectangle_java2.jpg,rectangle_java2.jpg,13999206248,148,884.3008108108108,744.6983783783784,883.5,731,15,20,=,1,class->block->function->block->block_content->decl_stmt->decl->init,
2,214,rectangle_java2.jpg,rectangle_java2.jpg,13999270259,60,898.938,746.836,902.5,731,34,20,new,3,class->block->function->block->block_content->decl_stmt->decl->init->expr->operator,
2,214,rectangle_java2.jpg,rectangle_java2.jpg,13999454325,172,1011.6076744186048,748.0172093023256,941.5,731,91,20,Rectangle,9,class->block->function->block->block_content->decl_stmt->decl->init->expr->call->name,
2,214,rectangle_java2.jpg,rectangle_java2.jpg,13999594355,64,1075.28125,727.161875,1077.5,731,9,20,"""","""",1,class->block->function->block->block_content->decl_stmt->decl->init->expr->call->argument_list
2,214,rectangle_java2.jpg,rectangle_java2.jpg,13999682335,84,1088.2142857142858,706.2109523809523,1096.5,694,10,21,;,1,class->block->function->block->block_content->expr_stmt,
2,214,rectangle_java2.jpg,rectangle_java2.jpg,13999822290,64,988.4725,702.583125,932.5,694,100,21,rect1.area,10,class->block->function->block->block_content->expr_stmt->expr->call->argument_list->argument->expr->call->name->name->operator->name,
2,214,rectangle_java2.jpg,rectangle_java2.jpg,13999942303,64,998.90375,722.965625,941.5,731,91,20,Rectangle,9,class->block->function->block->block_content->decl_stmt->decl->init->expr->call->name,
2,214,rectangle_java2.jpg,rectangle_java2.jpg,14000014316,68,980.8747058823528,731.8476470588236,941.5,731,91,20,Rectangle,9,class->block->function->block->block_content->decl_stmt->decl->init->expr->call->name,
2,214,rectangle_java2.jpg,rectangle_java2.jpg,14000106342,56,941.2885714285716,712.0964285714285,932.5,694,100,21,rect1.area,10,class->block->function->block->block_content->expr_stmt->expr->call->argument_list->argument->expr->call->name->name->operator->name,
2,214,rectangle_java2.jpg,rectangle_java2.jpg,14000206366,96,949.9325,707.36,932.5,694,100,21,rect1.area,10,class->block->function->block->block_content->expr_stmt->expr->call->argument_list->argument->expr->call->name->name->operator->name,
2,214,rectangle_java2.jpg,rectangle_java2.jpg,14000794102,64,1160.725625,727.66875,1163.5,731,10,20,"""","""",1,class->block->function->block->block_content->decl_stmt->decl->init->expr->call->argument_list
2,214,rectangle_java2.jpg,rectangle_java2.jpg,14001494234,96,837.6508333333334,699.0441666666667,730.5,694,177,21,System.out.println,18,class->block->function->block->block_content->expr_stmt->expr->call->name->name->operator->name->operator->name,
2,214,rectangle_java2.jpg,rectangle_java2.jpg,14001679019,100,948.542,686.6192,932.5,694,100,21,rect1.area,10,class->block->function->block->block_content->expr_stmt->expr->call->argument_list->argument->expr->call->name->name->operator->name,
2,214,rectangle_java2.jpg,rectangle_java2.jpg,14001756492,72,956.1722222222222,689.8505555555555,932.5,694,100,21,rect1.area,10,class->block->function->block->block_content->expr_stmt->expr->call->argument_list->argument->expr->call->name->name->operator->name,
2,214,rectangle_java2.jpg,rectangle_java2.jpg,14001942192,144,932.5422222222222,722.8586111111111,902.5,731,34,20,new,3,class->block->function->block->block_content->decl_stmt->decl->init->expr->operator,
2,214,rectangle_java2.jpg,rectangle_java2.jpg,14001942192,144,932.5422222222222,722.8586111111111,941.5,731,91,20,Rectangle,9,class->block->function->block->block_content->decl_stmt->decl->init->expr->call->name,
2,214,rectangle_java2.jpg,rectangle_java2.jpg,14002210183,220,863.3623636363636,720.6252727272728,826.5,731,51,20,rect2,5,class->block->function->block->block_content->decl_stmt->decl->name,
2,214,rectangle_java2.jpg,rectangle_java2.jpg,14002382190,168,861.4380952380952,709.6752380952381,730.5,694,177,21,System.out.println,18,class->block->function->block->block_content->expr_stmt->expr->call->name->name->operator->name->operator->name,
2,214,rectangle_java2.jpg,rectangle_java2.jpg,14002554131,92,886.4173913043478,731.9395652173913,883.5,731,15,20,=,1,class->block->function->block->block_content->decl_stmt->decl->init,
2,214,rectangle_java2.jpg,rectangle_java2.jpg,14003178061,100,995.6316,776.9172,932.5,766,100,21,rect2.area,10,class->block->function->block->block_content->expr_stmt->expr->call->argument_list->argument->expr->call->name->name->operator->name,
2,214,rectangle_java2.jpg,rectangle_java2.jpg,14003246030,64,970.78625,774.97875,932.5,766,100,21,rect2.area,10,class->block->function->block->block_content->expr_stmt->expr->call->argument_list->argument->expr->call->name->name->operator->name,
2,214,rectangle_java2.jpg,rectangle_java2.jpg,14003445976,56,960.9421428571428,771.6928571428572,932.5,766,100,21,rect2.area,10,class->block->function->block->block_content->expr_stmt->expr->call->argument_list->argument->expr->call->name->name->operator->name,
2,214,rectangle_java2.jpg,rectangle_java2.jpg,14003537969,60,1017.624,769.2093333333333,932.5,766,100,21,rect2.area,10,class->block->function->block->block_content->expr_stmt->expr->call->argument_list->argument->expr->call->name->name->operator->name,
2,214,rectangle_java2.jpg,rectangle_java2.jpg,14003670009,128,1018.79375,764.9890625,932.5,766,100,21,rect2.area,10,class->block->function->block->block_content->expr_stmt->expr->call->argument_list->argument->expr->call->name->name->operator->name,
2,214,rectangle_java2.jpg,rectangle_java2.jpg,14003746013,72,1013.6861111111112,762.4677777777778,932.5,766,100,21,rect2.area,10,class->block->function->block->block_content->expr_stmt->expr->call->argument_list->argument->expr->call->name->name->operator->name,
2,214,rectangle_java2.jpg,rectangle_java2.jpg,14004022067,64,966.73625,749.763125,941.5,731,91,20,Rectangle,9,class->block->function->block->block_content->decl_stmt->decl->init->expr->call->name,
2,214,rectangle_java2.jpg,rectangle_java2.jpg,14004274045,80,960.3945,747.4755,941.5,731,91,20,Rectangle,9,class->block->function->block->block_content->decl_stmt->decl->init->expr->call->name,
2,214,rectangle_java2.jpg,rectangle_java2.jpg,14004422056,116,1020.3403448275864,748.2737931034483,941.5,731,91,20,Rectangle,9,class->block->function->block->block_content->decl_stmt->decl->init->expr->call->name,
2,214,rectangle_java2.jpg,rectangle_java2.jpg,14004502020,76,1011.5457894736842,761.1436842105263,932.5,766,100,21,rect2.area,10,class->block->function->block->block_content->expr_stmt->expr->call->argument_list->argument->expr->call->name->name->operator->name,
2,214,rectangle_java2.jpg,rectangle_java2.jpg,14004761959,104,1001.1465384615384,554.003076923077,968.5,549,70,21,this.y2,7,class->block->function->block->block_content->return->expr->name->name->operator->name,
2,214,rectangle_java2.jpg,rectangle_java2.jpg,14004853933,88,1001.9009090909092,566.6677272727272,968.5,549,70,21,this.y2,7,class->block->function->block->block_content->return->expr->name->name->operator->name,
2,214,rectangle_java2.jpg,rectangle_java2.jpg,14005065938,116,913.273448275862,537.8037931034482,900.5,549,63,21,return,6,class->block->function->block->block_content->return,
2,214,rectangle_java2.jpg,rectangle_java2.jpg,14005153935,84,925.4980952380952,539.3514285714285,900.5,549,63,21,return,6,class->block->function->block->block_content->return,
2,214,rectangle_java2.jpg,rectangle_java2.jpg,14005213925,56,921.9057142857145,528.3014285714286,891.5,512,62,21,return,6,class->block->function->block->block_content->return->expr->name->name,
2,214,rectangle_java2.jpg,rectangle_java2.jpg,14005301921,68,941.4088235294116,601.7888235294117,910.5,585,62,21,return,6,class->block->function->block->block_content->return,
2,214,rectangle_java2.jpg,rectangle_java2.jpg,14005389928,84,939.8157142857144,595.6333333333333,910.5,585,62,21,return,6,class->block->function->block->block_content->return,
2,214,rectangle_java2.jpg,rectangle_java2.jpg,14005493935,68,840.0958823529412,562.0217647058823,846.5,549,10,21,(,1,class->block->function->parameter_list,
2,214,rectangle_java2.jpg,rectangle_java2.jpg,14005581932,84,838.9480952380952,553.3571428571429,846.5,549,10,21,(,1,class->block->function->parameter_list,
2,214,rectangle_java2.jpg,rectangle_java2.jpg,14005733939,148,837.6348648648649,562.1927027027027,846.5,549,10,21,(,1,class->block->function->parameter_list,
2,214,rectangle_java2.jpg,rectangle_java2.jpg,14005841978,76,799.0378947368421,550.8705263157894,775.5,549,62,21,height,6,class->block->function->name,
2,214,rectangle_java2.jpg,rectangle_java2.jpg,14005958005,56,1040.0735714285715,568.0721428571428,1045.5,549,13,21,-,1,class->block->function->block->block_content->return->expr->operator,
2,214,rectangle_java2.jpg,rectangle_java2.jpg,14006038000,76,1024.6368421052632,575.5447368421053,977.5,585,101,21,this.width,10,class->block->function->block->block_content->return->expr->call->name->name->operator->name,
2,214,rectangle_java2.jpg,rectangle_java2.jpg,14006101989,60,1023.976,588.1293333333333,977.5,585,101,21,this.width,10,class->block->function->block->block_content->return->expr->call->name->name->operator->name,
2,214,rectangle_java2.jpg,rectangle_java2.jpg,14006161975,56,991.72,582.2192857142857,977.5,585,101,21,this.width,10,class->block->function->block->block_content->return->expr->call->name->name->operator->name,
2,214,rectangle_java2.jpg,rectangle_java2.jpg,14006273953,108,989.382962962963,572.7474074074074,977.5,585,101,21,this.width,10,class->block->function->block->block_content->return->expr->call->name->name->operator->name,
2,214,rectangle_java2.jpg,rectangle_java2.jpg,14006509836,232,992.54,572.8522413793104,977.5,585,101,21,this.width,10,class->block->function->block->block_content->return->expr->call->name->name->operator->name,
2,214,rectangle_java2.jpg,rectangle_java2.jpg,14006749785,64,1174.131875,578.713125,1140.5,585,110,21,this.height,11,class->block->function->block->block_content->return->expr->call->name->name->operator->name,
2,214,rectangle_java2.jpg,rectangle_java2.jpg,14006993792,88,780.9122727272727,555.6209090909091,775.5,549,62,21,height,6,class->block->function->name,
2,214,rectangle_java2.jpg,rectangle_java2.jpg,14007061790,64,780.73125,563.921875,775.5,549,62,21,height,6,class->block->function->name,
2,214,rectangle_java2.jpg,rectangle_java2.jpg,14007285782,88,848.3845454545454,559.3718181818182,846.5,549,10,21,(,1,class->block->function->parameter_list,
2,214,rectangle_java2.jpg,rectangle_java2.jpg,14007549772,212,994.9896226415094,730.2898113207547,941.5,731,91,20,Rectangle,9,class->block->function->block->block_content->decl_stmt->decl->init->expr->call->name,
2,214,rectangle_java2.jpg,rectangle_java2.jpg,14007629769,60,1047.9266666666667,765.6966666666667,1041.5,766,9,21,(,1,class->block->function->block->block_content->expr_stmt->expr->call->argument_list->argument->expr->call->argument_list,
2,214,rectangle_java2.jpg,rectangle_java2.jpg,14007629769,60,1047.9266666666667,765.6966666666667,1057.5,766,10,21,),1,class->block->function->block->block_content->expr_stmt->expr->call->argument_list->argument->expr->call->argument_list,
2,214,rectangle_java2.jpg,rectangle_java2.jpg,14007969805,192,1123.7470833333334,596.178125,1122.5,585,12,21,*,1,class->block->function->block->block_content->return->expr->operator,
2,214,rectangle_java2.jpg,rectangle_java2.jpg,14008753595,136,1082.3538235294118,617.1929411764706,1074.5,621,10,21,),1,class->block->function->parameter_list,
2,214,rectangle_java2.jpg,rectangle_java2.jpg,14008753595,136,1082.3538235294118,617.1929411764706,1094.5,621,10,21,{,1,class->block->function->block,
2,214,rectangle_java2.jpg,rectangle_java2.jpg,14008997658,188,1073.915744680851,598.1404255319148,977.5,585,101,21,this.width,10,class->block->function->block->block_content->return->expr->call->name->name->operator->name,
2,214,rectangle_java2.jpg,rectangle_java2.jpg,14009185671,120,984.7316666666668,611.8856666666667,990.5,621,10,21,[,1,class->block->function->parameter_list->parameter->decl->type->name->index,
2,214,rectangle_java2.jpg,rectangle_java2.jpg,14009253673,64,977.789375,610.279375,920.5,621,62,21,String,6,class->block->function->parameter_list->parameter->decl->type->name->name,
2,214,rectangle_java2.jpg,rectangle_java2.jpg,14009409700,84,1125.6385714285714,727.3771428571429,1134.5,731,22,20,10,2,class->block->function->block->block_content->decl_stmt->decl->init->expr->call->argument_list->argument->expr->literal,
2,214,rectangle_java2.jpg,rectangle_java2.jpg,14009657615,76,1109.3736842105263,504.18789473684205,1054.5,512,71,21,this.x1,7,class->block->function->block->block_content->return->expr->name->name->operator->name,
2,214,rectangle_java2.jpg,rectangle_java2.jpg,14009817685,72,1113.6677777777777,513.65,1054.5,512,71,21,this.x1,7,class->block->function->block->block_content->return->expr->name->name->operator->name,
2,214,rectangle_java2.jpg,rectangle_java2.jpg,14009901663,80,1093.1725,524.108,1054.5,512,71,21,this.x1,7,class->block->function->block->block_content->return->expr->name->name->operator->name,
2,214,rectangle_java2.jpg,rectangle_java2.jpg,14010089559,184,1089.2547826086957,521.6454347826087,1054.5,512,71,21,this.x1,7,class->block->function->block->block_content->return->expr->name->name->operator->name,
2,214,rectangle_java2.jpg,rectangle_java2.jpg,14010289502,140,1153.2805714285714,517.5351428571429,1152.5,512,10,21,},1,class->block,
2,214,rectangle_java2.jpg,rectangle_java2.jpg,14010369472,76,1151.4273684210525,511.5136842105263,1152.5,512,10,21,},1,class->block,
2,214,rectangle_java2.jpg,rectangle_java2.jpg,14010497466,124,1161.2809677419357,514.1264516129032,1152.5,512,10,21,},1,class->block,
