trial,participant,code_file,code_language,timestamp,duration,x_cord,y_cord,aoi_x,aoi_y,aoi_width,aoi_height,token,length,srcML,
2,95,rectangle_java2.jpg,rectangle_java2.jpg,6756113181,76,782.608947368421,214.45157894736843,715.5,222,90,21,Rectangle,9,class->name,
2,95,rectangle_java2.jpg,rectangle_java2.jpg,6756193162,76,768.64,215.9594736842105,715.5,222,90,21,Rectangle,9,class->name,
2,95,rectangle_java2.jpg,rectangle_java2.jpg,6756277136,80,777.4945,214.476,715.5,222,90,21,Rectangle,9,class->name,
2,95,rectangle_java2.jpg,rectangle_java2.jpg,6763584604,80,865.555,259.0565,863.5,259,10,21,"""","""",1,class->block->decl_stmt
2,95,rectangle_java2.jpg,rectangle_java2.jpg,6763752607,112,871.5660714285714,288.61285714285714,853.5,295,32,21,int,3,class->block->constructor->parameter_list->parameter->decl->type->name,
2,95,rectangle_java2.jpg,rectangle_java2.jpg,6763864759,64,871.466875,278.691875,863.5,259,10,21,"""","""",1,class->block->decl_stmt
2,95,rectangle_java2.jpg,rectangle_java2.jpg,6763864759,64,871.466875,278.691875,881.5,259,23,21,x2,2,class->block->decl_stmt->decl->name,
2,95,rectangle_java2.jpg,rectangle_java2.jpg,6764108559,72,882.615,295.11555555555555,853.5,295,32,21,int,3,class->block->constructor->parameter_list->parameter->decl->type->name,
2,95,rectangle_java2.jpg,rectangle_java2.jpg,6764108559,72,882.615,295.11555555555555,890.5,295,24,21,x1,2,class->block->constructor->parameter_list->parameter->decl->type->name,
2,95,rectangle_java2.jpg,rectangle_java2.jpg,6772463868,104,1081.5226923076923,511.265,1054.5,512,71,21,this.x1,7,class->block->function->block->block_content->return->expr->name->name->operator->name,
2,95,rectangle_java2.jpg,rectangle_java2.jpg,6776955878,60,1021.7766666666666,779.77,932.5,766,100,21,rect2.area,10,class->block->function->block->block_content->expr_stmt->expr->call->argument_list->argument->expr->call->name->name->operator->name,
