trial,participant,code_file,code_language,timestamp,duration,x_cord,y_cord,aoi_x,aoi_y,aoi_width,aoi_height,token,length,srcML
2,106,rectangle_java2.jpg,rectangle_java2.jpg,21891003504,68,807.9623529411765,367.9970588235294,806.5,367,15,21,=,1,class->block->constructor->block->block_content->expr_stmt->expr->operator
2,106,rectangle_java2.jpg,rectangle_java2.jpg,21892223446,60,792.2586666666666,326.1046666666667,730.5,331,71,19,this.x1,7,class->block->constructor->block->block_content->expr_stmt->expr->name->name->operator->name
2,106,rectangle_java2.jpg,rectangle_java2.jpg,21893327376,84,838.6309523809524,526.24,837.5,512,9,21,(,1,class->block->function->parameter_list
2,106,rectangle_java2.jpg,rectangle_java2.jpg,21897175059,76,762.7421052631579,286.01421052631576,737.5,295,91,21,Rectangle,9,class->block->constructor->name
2,106,rectangle_java2.jpg,rectangle_java2.jpg,21899618891,92,770.6273913043478,226.21652173913043,715.5,222,90,21,Rectangle,9,class->name
2,106,rectangle_java2.jpg,rectangle_java2.jpg,21899726889,60,776.5233333333333,226.44733333333335,715.5,222,90,21,Rectangle,9,class->name
2,106,rectangle_java2.jpg,rectangle_java2.jpg,21901938769,64,773.3924999999999,215.41875000000005,715.5,222,90,21,Rectangle,9,class->name
2,106,rectangle_java2.jpg,rectangle_java2.jpg,21902606656,88,818.21,226.38590909090908,813.5,222,10,21,{,1,class->block
2,106,rectangle_java2.jpg,rectangle_java2.jpg,21902686637,76,814.1542105263158,223.80421052631579,813.5,222,10,21,{,1,class->block
2,106,rectangle_java2.jpg,rectangle_java2.jpg,21902774616,84,819.3885714285715,227.197619047619,813.5,222,10,21,{,1,class->block
2,106,rectangle_java2.jpg,rectangle_java2.jpg,21903010682,60,814.3213333333333,227.156,813.5,222,10,21,{,1,class->block
2,106,rectangle_java2.jpg,rectangle_java2.jpg,21905118514,72,758.4972222222223,221.7911111111111,715.5,222,90,21,Rectangle,9,class->name
2,106,rectangle_java2.jpg,rectangle_java2.jpg,21905198518,76,753.1689473684211,227.89631578947365,715.5,222,90,21,Rectangle,9,class->name
2,106,rectangle_java2.jpg,rectangle_java2.jpg,21905634503,92,794.9373913043478,235.5926086956522,715.5,222,90,21,Rectangle,9,class->name
2,106,rectangle_java2.jpg,rectangle_java2.jpg,21906866423,64,764.8575,240.35562500000003,715.5,222,90,21,Rectangle,9,class->name
2,106,rectangle_java2.jpg,rectangle_java2.jpg,21907110624,56,799.2892857142857,235.16714285714284,715.5,222,90,21,Rectangle,9,class->name
2,106,rectangle_java2.jpg,rectangle_java2.jpg,21907314294,56,785.4135714285715,237.82428571428568,715.5,222,90,21,Rectangle,9,class->name
2,106,rectangle_java2.jpg,rectangle_java2.jpg,21907474199,68,777.6641176470588,241.3352941176471,715.5,222,90,21,Rectangle,9,class->name
2,106,rectangle_java2.jpg,rectangle_java2.jpg,21907850299,64,925.29,253.893125,929.5,259,23,21,y2,2,class->block->decl_stmt->decl->name
2,106,rectangle_java2.jpg,rectangle_java2.jpg,21908046232,60,733.5893333333333,292.7013333333333,737.5,295,91,21,Rectangle,9,class->block->constructor->name
2,106,rectangle_java2.jpg,rectangle_java2.jpg,21908106229,56,735.8107142857143,283.3014285714286,737.5,295,91,21,Rectangle,9,class->block->constructor->name
2,106,rectangle_java2.jpg,rectangle_java2.jpg,21908310225,68,798.2576470588235,314.87176470588236,737.5,295,91,21,Rectangle,9,class->block->constructor->name
2,106,rectangle_java2.jpg,rectangle_java2.jpg,21908374223,60,793.932,325.16266666666667,730.5,331,71,19,this.x1,7,class->block->constructor->block->block_content->expr_stmt->expr->name->name->operator->name
2,106,rectangle_java2.jpg,rectangle_java2.jpg,21908526221,80,877.8335,291.207,853.5,295,32,21,int,3,class->block->constructor->parameter_list->parameter->decl->type->name
2,106,rectangle_java2.jpg,rectangle_java2.jpg,21908650224,64,873.9025,292.30625,853.5,295,32,21,int,3,class->block->constructor->parameter_list->parameter->decl->type->name
2,106,rectangle_java2.jpg,rectangle_java2.jpg,21908754238,100,876.364,303.96320000000003,853.5,295,32,21,int,3,class->block->constructor->parameter_list->parameter->decl->type->name
2,106,rectangle_java2.jpg,rectangle_java2.jpg,21908890264,60,884.9353333333333,285.002,853.5,295,32,21,int,3,class->block->constructor->parameter_list->parameter->decl->type->name
2,106,rectangle_java2.jpg,rectangle_java2.jpg,21908890264,60,884.9353333333333,285.002,890.5,295,24,21,x1,2,class->block->constructor->parameter_list->parameter->decl->type->name
2,106,rectangle_java2.jpg,rectangle_java2.jpg,21910210092,64,784.205,285.764375,737.5,295,91,21,Rectangle,9,class->block->constructor->name
2,106,rectangle_java2.jpg,rectangle_java2.jpg,21910977961,60,882.7533333333333,286.14866666666666,853.5,295,32,21,int,3,class->block->constructor->parameter_list->parameter->decl->type->name
2,106,rectangle_java2.jpg,rectangle_java2.jpg,21910977961,60,882.7533333333333,286.14866666666666,890.5,295,24,21,x1,2,class->block->constructor->parameter_list->parameter->decl->type->name
2,106,rectangle_java2.jpg,rectangle_java2.jpg,21911182384,96,921.7833333333333,283.98583333333335,921.5,295,9,21,",",1,class->block->constructor->parameter_list
2,106,rectangle_java2.jpg,rectangle_java2.jpg,21911573870,56,1004.9328571428571,304.3357142857143,1007.5,295,10,21,",",1,class->block->constructor->parameter_list
2,106,rectangle_java2.jpg,rectangle_java2.jpg,21911637854,60,996.4846666666667,292.24399999999997,977.5,295,23,21,y1,2,class->block->constructor->parameter_list->parameter->decl->type->name
2,106,rectangle_java2.jpg,rectangle_java2.jpg,21911637854,60,996.4846666666667,292.24399999999997,1007.5,295,10,21,",",1,class->block->constructor->parameter_list
2,106,rectangle_java2.jpg,rectangle_java2.jpg,21911785978,68,928.795294117647,284.45,921.5,295,9,21,",",1,class->block->constructor->parameter_list
2,106,rectangle_java2.jpg,rectangle_java2.jpg,21911785978,68,928.795294117647,284.45,939.5,295,33,21,int,3,class->block->constructor->parameter_list->parameter->decl->type->name
2,106,rectangle_java2.jpg,rectangle_java2.jpg,21913289816,96,792.9283333333333,240.79041666666666,715.5,222,90,21,Rectangle,9,class->name
2,106,rectangle_java2.jpg,rectangle_java2.jpg,21913489665,60,808.832,239.05600000000004,813.5,222,10,21,{,1,class->block
2,106,rectangle_java2.jpg,rectangle_java2.jpg,21913581727,88,789.2359090909091,240.85636363636365,715.5,222,90,21,Rectangle,9,class->name
2,106,rectangle_java2.jpg,rectangle_java2.jpg,21913761810,88,783.070909090909,307.5109090909091,737.5,295,91,21,Rectangle,9,class->block->constructor->name
2,106,rectangle_java2.jpg,rectangle_java2.jpg,21913869830,80,811.5045,328.022,806.5,331,15,19,=,1,class->block->constructor->block->block_content->expr_stmt->expr->operator
2,106,rectangle_java2.jpg,rectangle_java2.jpg,21913933824,60,826.4306666666666,321.93733333333336,826.5,331,23,19,x1,2,class->block->constructor->block->block_content->expr_stmt->expr->name->name
2,106,rectangle_java2.jpg,rectangle_java2.jpg,21914001819,64,823.313125,310.828125,737.5,295,91,21,Rectangle,9,class->block->constructor->name
2,106,rectangle_java2.jpg,rectangle_java2.jpg,21914073814,68,833.5470588235294,326.42823529411766,826.5,331,23,19,x1,2,class->block->constructor->block->block_content->expr_stmt->expr->name->name
2,106,rectangle_java2.jpg,rectangle_java2.jpg,21914349816,104,776.725,331.72923076923075,730.5,331,71,19,this.x1,7,class->block->constructor->block->block_content->expr_stmt->expr->name->name->operator->name
2,106,rectangle_java2.jpg,rectangle_java2.jpg,21914425815,72,772.5894444444444,313.0422222222222,737.5,295,91,21,Rectangle,9,class->block->constructor->name
2,106,rectangle_java2.jpg,rectangle_java2.jpg,21914537821,60,826.486,294.88,737.5,295,91,21,Rectangle,9,class->block->constructor->name
2,106,rectangle_java2.jpg,rectangle_java2.jpg,21914537821,60,826.486,294.88,837.5,295,9,21,(,1,class->block->constructor->parameter_list
2,106,rectangle_java2.jpg,rectangle_java2.jpg,21915073889,56,918.5078571428571,288.0757142857143,921.5,295,9,21,",",1,class->block->constructor->parameter_list
2,106,rectangle_java2.jpg,rectangle_java2.jpg,21915529691,152,777.1789473684211,349.1413157894737,730.5,331,71,19,this.x1,7,class->block->constructor->block->block_content->expr_stmt->expr->name->name->operator->name
2,106,rectangle_java2.jpg,rectangle_java2.jpg,21915689710,100,813.53,357.7472,806.5,367,15,21,=,1,class->block->constructor->block->block_content->expr_stmt->expr->operator
2,106,rectangle_java2.jpg,rectangle_java2.jpg,21915853741,112,808.8757142857143,360.0292857142857,806.5,367,15,21,=,1,class->block->constructor->block->block_content->expr_stmt->expr->operator
2,106,rectangle_java2.jpg,rectangle_java2.jpg,21916373711,84,811.0738095238095,444.5766666666666,806.5,440,15,21,=,1,class->block->constructor->block->block_content->expr_stmt->expr->operator
2,106,rectangle_java2.jpg,rectangle_java2.jpg,21916533723,92,816.1321739130435,455.0465217391304,806.5,440,15,21,=,1,class->block->constructor->block->block_content->expr_stmt->expr->operator
2,106,rectangle_java2.jpg,rectangle_java2.jpg,21916533723,92,816.1321739130435,455.0465217391304,826.5,440,23,21,y2,2,class->block->constructor->block->block_content->expr_stmt->expr->name->name
2,106,rectangle_java2.jpg,rectangle_java2.jpg,21916633719,64,813.08125,501.25312499999995,775.5,512,53,21,width,5,class->block->function->name
2,106,rectangle_java2.jpg,rectangle_java2.jpg,21919977490,116,1059.1220689655172,539.7068965517242,1064.5,549,71,21,this.y1,7,class->block->function->block->block_content->return->expr->name->name->operator->name
2,106,rectangle_java2.jpg,rectangle_java2.jpg,21920549420,56,968.4407142857143,501.0557142857143,958.5,512,71,21,this.x2,7,class->block->function->block->block_content->return->expr->name->name->operator->name->operator
2,106,rectangle_java2.jpg,rectangle_java2.jpg,21920609414,56,968.5521428571428,512.7828571428572,958.5,512,71,21,this.x2,7,class->block->function->block->block_content->return->expr->name->name->operator->name->operator
2,106,rectangle_java2.jpg,rectangle_java2.jpg,21921253264,80,832.8294999999999,453.746,826.5,440,23,21,y2,2,class->block->constructor->block->block_content->expr_stmt->expr->name->name
2,106,rectangle_java2.jpg,rectangle_java2.jpg,21921953263,196,842.4228571428572,456.8061224489795,826.5,440,23,21,y2,2,class->block->constructor->block->block_content->expr_stmt->expr->name->name
2,106,rectangle_java2.jpg,rectangle_java2.jpg,21922133258,64,789.921875,440.25,730.5,440,71,21,this.y2,7,class->block->constructor->block->block_content->expr_stmt->expr->name->name->operator->name
2,106,rectangle_java2.jpg,rectangle_java2.jpg,21922713156,136,876.6114705882353,506.91852941176467,874.5,512,10,21,{,1,class->block->function->block
2,106,rectangle_java2.jpg,rectangle_java2.jpg,21923797195,92,1047.9865217391305,527.3186956521739,1035.5,512,13,21,-,1,class->block->function->block->block_content->return->expr->name->name
2,106,rectangle_java2.jpg,rectangle_java2.jpg,21923797195,92,1047.9865217391305,527.3186956521739,1054.5,512,71,21,this.x1,7,class->block->function->block->block_content->return->expr->name->name->operator->name
2,106,rectangle_java2.jpg,rectangle_java2.jpg,21924285128,64,1033.331875,522.685,1035.5,512,13,21,-,1,class->block->function->block->block_content->return->expr->name->name
2,106,rectangle_java2.jpg,rectangle_java2.jpg,21924397094,64,1144.34375,519.74375,1152.5,512,10,21,},1,class->block
2,106,rectangle_java2.jpg,rectangle_java2.jpg,21924465091,64,1141.708125,527.770625,1132.5,512,10,21,;,1,class->block->function->block
2,106,rectangle_java2.jpg,rectangle_java2.jpg,21924465091,64,1141.708125,527.770625,1152.5,512,10,21,},1,class->block
2,106,rectangle_java2.jpg,rectangle_java2.jpg,21925565018,64,812.350625,511.895625,775.5,512,53,21,width,5,class->block->function->name
2,106,rectangle_java2.jpg,rectangle_java2.jpg,21925936985,84,1047.9452380952382,509.8152380952381,1035.5,512,13,21,-,1,class->block->function->block->block_content->return->expr->name->name
2,106,rectangle_java2.jpg,rectangle_java2.jpg,21925936985,84,1047.9452380952382,509.8152380952381,1054.5,512,71,21,this.x1,7,class->block->function->block->block_content->return->expr->name->name->operator->name
2,106,rectangle_java2.jpg,rectangle_java2.jpg,21926072976,132,1057.591515151515,512.7739393939394,1054.5,512,71,21,this.x1,7,class->block->function->block->block_content->return->expr->name->name->operator->name
2,106,rectangle_java2.jpg,rectangle_java2.jpg,21926260993,64,1107.793125,517.885625,1054.5,512,71,21,this.x1,7,class->block->function->block->block_content->return->expr->name->name->operator->name
2,106,rectangle_java2.jpg,rectangle_java2.jpg,21926596643,84,1002.1276190476191,522.4119047619048,958.5,512,71,21,this.x2,7,class->block->function->block->block_content->return->expr->name->name->operator->name->operator
2,106,rectangle_java2.jpg,rectangle_java2.jpg,21926896902,80,1101.467,552.6835,1064.5,549,71,21,this.y1,7,class->block->function->block->block_content->return->expr->name->name->operator->name
2,106,rectangle_java2.jpg,rectangle_java2.jpg,21927052880,152,1091.7957894736842,542.3142105263158,1064.5,549,71,21,this.y1,7,class->block->function->block->block_content->return->expr->name->name->operator->name
2,106,rectangle_java2.jpg,rectangle_java2.jpg,21927120865,64,1103.915,544.445625,1064.5,549,71,21,this.y1,7,class->block->function->block->block_content->return->expr->name->name->operator->name
2,106,rectangle_java2.jpg,rectangle_java2.jpg,21927976818,76,898.4942105263158,509.4505263157895,891.5,512,62,21,return,6,class->block->function->block->block_content->return->expr->name->name
2,106,rectangle_java2.jpg,rectangle_java2.jpg,21928424737,56,878.5378571428571,513.8335714285714,874.5,512,10,21,{,1,class->block->function->block
2,106,rectangle_java2.jpg,rectangle_java2.jpg,21928484691,56,879.3807142857142,504.10928571428576,874.5,512,10,21,{,1,class->block->function->block
2,106,rectangle_java2.jpg,rectangle_java2.jpg,21928484691,56,879.3807142857142,504.10928571428576,891.5,512,62,21,return,6,class->block->function->block->block_content->return->expr->name->name
2,106,rectangle_java2.jpg,rectangle_java2.jpg,21928752607,132,875.550303030303,516.1266666666667,874.5,512,10,21,{,1,class->block->function->block
2,106,rectangle_java2.jpg,rectangle_java2.jpg,21928920378,68,884.0358823529411,505.0723529411764,874.5,512,10,21,{,1,class->block->function->block
2,106,rectangle_java2.jpg,rectangle_java2.jpg,21928920378,68,884.0358823529411,505.0723529411764,891.5,512,62,21,return,6,class->block->function->block->block_content->return->expr->name->name
2,106,rectangle_java2.jpg,rectangle_java2.jpg,21929644594,92,810.1839130434782,453.1026086956522,806.5,440,15,21,=,1,class->block->constructor->block->block_content->expr_stmt->expr->operator
2,106,rectangle_java2.jpg,rectangle_java2.jpg,21930380641,120,1150.9253333333334,503.14,1152.5,512,10,21,},1,class->block
2,106,rectangle_java2.jpg,rectangle_java2.jpg,21930716608,88,1036.1504545454545,511.0281818181818,1035.5,512,13,21,-,1,class->block->function->block->block_content->return->expr->name->name
2,106,rectangle_java2.jpg,rectangle_java2.jpg,21930880590,64,782.719375,540.939375,775.5,549,62,21,height,6,class->block->function->name
2,106,rectangle_java2.jpg,rectangle_java2.jpg,21931296588,68,863.8358823529412,548.1717647058823,863.5,549,9,21,),1,class->block->function->parameter_list
2,106,rectangle_java2.jpg,rectangle_java2.jpg,21931356606,56,865.3285714285714,546.7785714285715,863.5,549,9,21,),1,class->block->function->parameter_list
2,106,rectangle_java2.jpg,rectangle_java2.jpg,21931496607,80,856.842,564.833,863.5,549,9,21,),1,class->block->function->parameter_list
2,106,rectangle_java2.jpg,rectangle_java2.jpg,21931588684,56,877.5785714285714,541.9964285714286,883.5,549,10,21,{,1,class->block->function->block
2,106,rectangle_java2.jpg,rectangle_java2.jpg,21931696865,56,825.5421428571428,543.8378571428572,775.5,549,62,21,height,6,class->block->function->name
2,106,rectangle_java2.jpg,rectangle_java2.jpg,21931804906,104,819.0765384615385,547.5180769230769,775.5,549,62,21,height,6,class->block->function->name
2,106,rectangle_java2.jpg,rectangle_java2.jpg,21932056622,56,952.7835714285715,577.5471428571428,910.5,585,62,21,return,6,class->block->function->block->block_content->return
2,106,rectangle_java2.jpg,rectangle_java2.jpg,21932268325,72,870.4288888888889,550.9933333333333,863.5,549,9,21,),1,class->block->function->parameter_list
2,106,rectangle_java2.jpg,rectangle_java2.jpg,21933712481,192,802.506875,444.0799999999999,806.5,440,15,21,=,1,class->block->constructor->block->block_content->expr_stmt->expr->operator
2,106,rectangle_java2.jpg,rectangle_java2.jpg,21933884466,120,834.212,448.611,826.5,440,23,21,y2,2,class->block->constructor->block->block_content->expr_stmt->expr->name->name
2,106,rectangle_java2.jpg,rectangle_java2.jpg,21934080329,56,876.5328571428571,561.1485714285715,883.5,549,10,21,{,1,class->block->function->block
2,106,rectangle_java2.jpg,rectangle_java2.jpg,21934696314,72,1069.6138888888888,613.1755555555555,1074.5,621,10,21,),1,class->block->function->parameter_list
2,106,rectangle_java2.jpg,rectangle_java2.jpg,21934996511,116,1025.583448275862,582.5062068965517,977.5,585,101,21,this.width,10,class->block->function->block->block_content->return->expr->call->name->name->operator->name
2,106,rectangle_java2.jpg,rectangle_java2.jpg,21935128471,60,1146.6686666666667,600.6126666666667,1140.5,585,110,21,this.height,11,class->block->function->block->block_content->return->expr->call->name->name->operator->name
2,106,rectangle_java2.jpg,rectangle_java2.jpg,21936320235,68,788.4035294117647,562.8035294117648,775.5,549,62,21,height,6,class->block->function->name
2,106,rectangle_java2.jpg,rectangle_java2.jpg,21936384300,60,782.516,542.444,775.5,549,62,21,height,6,class->block->function->name
2,106,rectangle_java2.jpg,rectangle_java2.jpg,21936576210,112,851.6128571428571,504.6517857142858,854.5,512,9,21,),1,class->block->function->parameter_list
2,106,rectangle_java2.jpg,rectangle_java2.jpg,21936636149,56,859.9692857142857,507.73071428571427,854.5,512,9,21,),1,class->block->function->parameter_list
2,106,rectangle_java2.jpg,rectangle_java2.jpg,21937228160,76,804.0042105263158,530.7905263157895,775.5,512,53,21,width,5,class->block->function->name
2,106,rectangle_java2.jpg,rectangle_java2.jpg,21937460157,120,843.4856666666667,504.05600000000004,837.5,512,9,21,(,1,class->block->function->parameter_list
2,106,rectangle_java2.jpg,rectangle_java2.jpg,21937460157,120,843.4856666666667,504.05600000000004,854.5,512,9,21,),1,class->block->function->parameter_list
2,106,rectangle_java2.jpg,rectangle_java2.jpg,21937652195,60,894.824,505.0766666666666,891.5,512,62,21,return,6,class->block->function->block->block_content->return->expr->name->name
2,106,rectangle_java2.jpg,rectangle_java2.jpg,21945403365,60,885.0853333333333,283.5713333333333,853.5,295,32,21,int,3,class->block->constructor->parameter_list->parameter->decl->type->name
2,106,rectangle_java2.jpg,rectangle_java2.jpg,21945403365,60,885.0853333333333,283.5713333333333,890.5,295,24,21,x1,2,class->block->constructor->parameter_list->parameter->decl->type->name
2,106,rectangle_java2.jpg,rectangle_java2.jpg,21945519447,88,873.8295454545455,250.5927272727273,881.5,259,23,21,x2,2,class->block->decl_stmt->decl->name
2,106,rectangle_java2.jpg,rectangle_java2.jpg,21945835542,60,928.3753333333333,251.6293333333333,929.5,259,23,21,y2,2,class->block->decl_stmt->decl->name
2,106,rectangle_java2.jpg,rectangle_java2.jpg,21946251541,76,773.3536842105264,263.2157894736842,747.5,259,33,21,int,3,class->block->decl_stmt->decl->type->name
2,106,rectangle_java2.jpg,rectangle_java2.jpg,21946251541,76,773.3536842105264,263.2157894736842,785.5,259,23,21,x1,2,class->block->decl_stmt->decl->name
2,106,rectangle_java2.jpg,rectangle_java2.jpg,21946447505,84,1125.9719047619049,313.63142857142856,1112.5,295,33,21,int,3,class->block->constructor->parameter_list->parameter->decl->type->name
2,106,rectangle_java2.jpg,rectangle_java2.jpg,21948107106,64,935.055,277.578125,929.5,259,23,21,y2,2,class->block->decl_stmt->decl->name
2,106,rectangle_java2.jpg,rectangle_java2.jpg,21948483368,124,860.5661290322581,276.70612903225805,863.5,259,10,21,",",1,class->block->decl_stmt
2,106,rectangle_java2.jpg,rectangle_java2.jpg,21950003220,80,880.479,298.28000000000003,853.5,295,32,21,int,3,class->block->constructor->parameter_list->parameter->decl->type->name
2,106,rectangle_java2.jpg,rectangle_java2.jpg,21950003220,80,880.479,298.28000000000003,890.5,295,24,21,x1,2,class->block->constructor->parameter_list->parameter->decl->type->name
2,106,rectangle_java2.jpg,rectangle_java2.jpg,21950255208,68,873.8676470588235,252.66294117647055,881.5,259,23,21,x2,2,class->block->decl_stmt->decl->name
2,106,rectangle_java2.jpg,rectangle_java2.jpg,21953083060,76,826.7,511.9394736842105,775.5,512,53,21,width,5,class->block->function->name
2,106,rectangle_java2.jpg,rectangle_java2.jpg,21953083060,76,826.7,511.9394736842105,837.5,512,9,21,(,1,class->block->function->parameter_list
2,106,rectangle_java2.jpg,rectangle_java2.jpg,21953322951,56,892.6607142857142,518.4857142857143,891.5,512,62,21,return,6,class->block->function->block->block_content->return->expr->name->name
2,106,rectangle_java2.jpg,rectangle_java2.jpg,21953730995,104,801.7038461538461,417.1638461538462,806.5,404,15,19,=,1,class->block->constructor->block->block_content->expr_stmt->expr->operator
2,106,rectangle_java2.jpg,rectangle_java2.jpg,21954722889,72,852.8444444444444,412.0772222222222,856.5,404,10,19,;,1,class->block->constructor->block->block_content->expr_stmt
2,106,rectangle_java2.jpg,rectangle_java2.jpg,21954918784,56,783.4071428571428,397.07214285714286,730.5,404,71,19,this.x2,7,class->block->constructor->block->block_content->expr_stmt->expr->name->name->operator->name
2,106,rectangle_java2.jpg,rectangle_java2.jpg,21955370819,88,859.1272727272727,419.0331818181819,856.5,404,10,19,;,1,class->block->constructor->block->block_content->expr_stmt
2,106,rectangle_java2.jpg,rectangle_java2.jpg,21955566881,88,862.4254545454545,417.0331818181818,856.5,404,10,19,;,1,class->block->constructor->block->block_content->expr_stmt
2,106,rectangle_java2.jpg,rectangle_java2.jpg,21955686889,80,838.679,386.5715,826.5,367,23,21,y1,2,class->block->constructor->block->block_content->expr_stmt->expr->name->name
2,106,rectangle_java2.jpg,rectangle_java2.jpg,21955926867,76,806.22,313.1505263157895,737.5,295,91,21,Rectangle,9,class->block->constructor->name
2,106,rectangle_java2.jpg,rectangle_java2.jpg,21956354854,72,837.3666666666667,399.5883333333333,826.5,404,23,19,x2,2,class->block->constructor->block->block_content->expr_stmt->expr->name->name
2,106,rectangle_java2.jpg,rectangle_java2.jpg,21957174966,68,775.3523529411765,284.93470588235294,737.5,295,91,21,Rectangle,9,class->block->constructor->name
2,106,rectangle_java2.jpg,rectangle_java2.jpg,21957239077,60,782.226,270.456,785.5,259,23,21,x1,2,class->block->decl_stmt->decl->name
2,106,rectangle_java2.jpg,rectangle_java2.jpg,21957330916,88,765.8790909090909,273.625,747.5,259,33,21,int,3,class->block->decl_stmt->decl->type->name
2,106,rectangle_java2.jpg,rectangle_java2.jpg,21957414770,80,777.1419999999999,289.138,737.5,295,91,21,Rectangle,9,class->block->constructor->name
2,106,rectangle_java2.jpg,rectangle_java2.jpg,21957758702,84,769.0604761904762,212.88333333333333,715.5,222,90,21,Rectangle,9,class->name
2,106,rectangle_java2.jpg,rectangle_java2.jpg,21958882492,60,912.056,724.5473333333333,902.5,731,34,20,new,3,class->block->function->block->block_content->decl_stmt->decl->init->expr->operator
2,106,rectangle_java2.jpg,rectangle_java2.jpg,21959714643,68,825.7888235294117,749.9282352941176,826.5,731,51,20,rect2,5,class->block->function->block->block_content->decl_stmt->decl->name
2,106,rectangle_java2.jpg,rectangle_java2.jpg,21959806622,88,827.2540909090909,740.9463636363637,826.5,731,51,20,rect2,5,class->block->function->block->block_content->decl_stmt->decl->name
2,106,rectangle_java2.jpg,rectangle_java2.jpg,21964026288,60,907.5393333333333,775.1153333333333,916.5,766,9,21,(,1,class->block->function->block->block_content->expr_stmt->expr->call->argument_list
2,106,rectangle_java2.jpg,rectangle_java2.jpg,21964266364,132,897.7390909090909,771.0066666666667,730.5,766,177,21,System.out.println,18,class->block->function->block->block_content->expr_stmt->expr->call->name->name->operator->name->operator->name
2,106,rectangle_java2.jpg,rectangle_java2.jpg,21964410216,64,892.165625,785.3475,730.5,766,177,21,System.out.println,18,class->block->function->block->block_content->expr_stmt->expr->call->name->name->operator->name->operator->name
2,106,rectangle_java2.jpg,rectangle_java2.jpg,21964490176,76,889.0384210526316,770.4257894736842,730.5,766,177,21,System.out.println,18,class->block->function->block->block_content->expr_stmt->expr->call->name->name->operator->name->operator->name
2,106,rectangle_java2.jpg,rectangle_java2.jpg,21964862194,96,853.2758333333334,439.9404166666666,856.5,440,10,21,;,1,class->block->constructor->block->block_content->expr_stmt
2,106,rectangle_java2.jpg,rectangle_java2.jpg,21964994203,84,850.9347619047619,401.24,856.5,404,10,19,;,1,class->block->constructor->block->block_content->expr_stmt
2,106,rectangle_java2.jpg,rectangle_java2.jpg,21965122165,68,864.435294117647,387.69882352941175,856.5,367,10,21,;,1,class->block->constructor->block->block_content->expr_stmt
2,106,rectangle_java2.jpg,rectangle_java2.jpg,21965314146,96,842.5641666666667,410.3233333333333,826.5,404,23,19,x2,2,class->block->constructor->block->block_content->expr_stmt->expr->name->name
