trial,participant,code_file,code_language,timestamp,duration,x_cord,y_cord,aoi_x,aoi_y,aoi_width,aoi_height,token,length,srcML
2,109,rectangle_java2.jpg,rectangle_java2.jpg,7349494499,144,770.49,292.7419444444444,737.5,295,91,21,Rectangle,9,class->block->constructor->name
2,109,rectangle_java2.jpg,rectangle_java2.jpg,7349902342,376,725.606170212766,272.57712765957444,669.5,259,72,21,private,7,class->block->decl_stmt->decl->type->specifier
2,109,rectangle_java2.jpg,rectangle_java2.jpg,7349986325,64,837.118125,291.5,837.5,295,9,21,(,1,class->block->constructor->parameter_list
2,109,rectangle_java2.jpg,rectangle_java2.jpg,7350118333,128,844.7165625,291.9209375,837.5,295,9,21,(,1,class->block->constructor->parameter_list
2,109,rectangle_java2.jpg,rectangle_java2.jpg,7350118333,128,844.7165625,291.9209375,853.5,295,32,21,int,3,class->block->constructor->parameter_list->parameter->decl->type->name
2,109,rectangle_java2.jpg,rectangle_java2.jpg,7350658248,112,777.5507142857143,220.56035714285713,715.5,222,90,21,Rectangle,9,class->name
2,109,rectangle_java2.jpg,rectangle_java2.jpg,7350794266,132,765.0581818181818,221.57454545454544,715.5,222,90,21,Rectangle,9,class->name
2,109,rectangle_java2.jpg,rectangle_java2.jpg,7351118292,64,742.763125,288.141875,737.5,295,91,21,Rectangle,9,class->block->constructor->name
2,109,rectangle_java2.jpg,rectangle_java2.jpg,7351390276,60,877.07,284.56066666666663,853.5,295,32,21,int,3,class->block->constructor->parameter_list->parameter->decl->type->name
2,109,rectangle_java2.jpg,rectangle_java2.jpg,7351534292,140,865.0202857142857,284.4142857142857,853.5,295,32,21,int,3,class->block->constructor->parameter_list->parameter->decl->type->name
2,109,rectangle_java2.jpg,rectangle_java2.jpg,7351698200,124,923.7387096774194,290.51290322580644,921.5,295,9,21,",",1,class->block->constructor->parameter_list
2,109,rectangle_java2.jpg,rectangle_java2.jpg,7351954143,220,1001.3305454545455,285.804,1007.5,295,10,21,",",1,class->block->constructor->parameter_list
2,109,rectangle_java2.jpg,rectangle_java2.jpg,7352166159,180,937.1928888888889,298.92622222222224,939.5,295,33,21,int,3,class->block->constructor->parameter_list->parameter->decl->type->name
2,109,rectangle_java2.jpg,rectangle_java2.jpg,7352366160,168,790.6919047619048,327.5597619047619,730.5,331,71,19,this.x1,7,class->block->constructor->block->block_content->expr_stmt->expr->name->name->operator->name
2,109,rectangle_java2.jpg,rectangle_java2.jpg,7352442145,72,785.625,315.355,737.5,295,91,21,Rectangle,9,class->block->constructor->name
2,109,rectangle_java2.jpg,rectangle_java2.jpg,7352642246,172,866.2460465116279,319.96581395348835,856.5,331,10,19,;,1,class->block->constructor->block->block_content->expr_stmt
2,109,rectangle_java2.jpg,rectangle_java2.jpg,7353118142,156,849.3092307692308,307.95589743589744,853.5,295,32,21,int,3,class->block->constructor->parameter_list->parameter->decl->type->name
2,109,rectangle_java2.jpg,rectangle_java2.jpg,7353210178,88,839.3218181818182,303.8477272727273,837.5,295,9,21,(,1,class->block->constructor->parameter_list
2,109,rectangle_java2.jpg,rectangle_java2.jpg,7353278211,64,866.6075,306.771875,853.5,295,32,21,int,3,class->block->constructor->parameter_list->parameter->decl->type->name
2,109,rectangle_java2.jpg,rectangle_java2.jpg,7353462204,56,785.8785714285714,358.17285714285714,730.5,367,71,21,this.y1,7,class->block->constructor->block->block_content->expr_stmt->expr->name->name->operator->name
2,109,rectangle_java2.jpg,rectangle_java2.jpg,7354106065,360,806.3728888888888,355.86144444444443,806.5,367,15,21,=,1,class->block->constructor->block->block_content->expr_stmt->expr->operator
2,109,rectangle_java2.jpg,rectangle_java2.jpg,7354626023,148,787.112972972973,363.7189189189189,730.5,367,71,21,this.y1,7,class->block->constructor->block->block_content->expr_stmt->expr->name->name->operator->name
2,109,rectangle_java2.jpg,rectangle_java2.jpg,7354718023,60,814.4373333333333,340.872,806.5,331,15,19,=,1,class->block->constructor->block->block_content->expr_stmt->expr->operator
2,109,rectangle_java2.jpg,rectangle_java2.jpg,7354718023,60,814.4373333333333,340.872,826.5,331,23,19,x1,2,class->block->constructor->block->block_content->expr_stmt->expr->name->name
2,109,rectangle_java2.jpg,rectangle_java2.jpg,7355038040,316,816.8237974683544,363.2548101265823,806.5,367,15,21,=,1,class->block->constructor->block->block_content->expr_stmt->expr->operator
2,109,rectangle_java2.jpg,rectangle_java2.jpg,7355038040,316,816.8237974683544,363.2548101265823,826.5,367,23,21,y1,2,class->block->constructor->block->block_content->expr_stmt->expr->name->name
2,109,rectangle_java2.jpg,rectangle_java2.jpg,7355589733,164,766.4070731707317,376.4056097560976,730.5,367,71,21,this.y1,7,class->block->constructor->block->block_content->expr_stmt->expr->name->name->operator->name
2,109,rectangle_java2.jpg,rectangle_java2.jpg,7355833922,196,837.5977551020408,383.93163265306123,826.5,367,23,21,y1,2,class->block->constructor->block->block_content->expr_stmt->expr->name->name
2,109,rectangle_java2.jpg,rectangle_java2.jpg,7356053938,164,818.4087804878048,387.08780487804876,806.5,367,15,21,=,1,class->block->constructor->block->block_content->expr_stmt->expr->operator
2,109,rectangle_java2.jpg,rectangle_java2.jpg,7356053938,164,818.4087804878048,387.08780487804876,826.5,367,23,21,y1,2,class->block->constructor->block->block_content->expr_stmt->expr->name->name
2,109,rectangle_java2.jpg,rectangle_java2.jpg,7356985934,104,832.7261538461538,356.08653846153845,826.5,367,23,21,y1,2,class->block->constructor->block->block_content->expr_stmt->expr->name->name
2,109,rectangle_java2.jpg,rectangle_java2.jpg,7357045910,56,807.635,345.045,806.5,331,15,19,=,1,class->block->constructor->block->block_content->expr_stmt->expr->operator
2,109,rectangle_java2.jpg,rectangle_java2.jpg,7357357840,88,807.6654545454545,325.64045454545453,806.5,331,15,19,=,1,class->block->constructor->block->block_content->expr_stmt->expr->operator
2,109,rectangle_java2.jpg,rectangle_java2.jpg,7357501805,140,803.3951428571429,336.65085714285715,806.5,331,15,19,=,1,class->block->constructor->block->block_content->expr_stmt->expr->operator
2,109,rectangle_java2.jpg,rectangle_java2.jpg,7357817827,276,784.5436231884058,418.2639130434783,730.5,404,71,19,this.x2,7,class->block->constructor->block->block_content->expr_stmt->expr->name->name->operator->name
2,109,rectangle_java2.jpg,rectangle_java2.jpg,7358049811,192,827.7716666666666,331.415,826.5,331,23,19,x1,2,class->block->constructor->block->block_content->expr_stmt->expr->name->name
2,109,rectangle_java2.jpg,rectangle_java2.jpg,7358157808,104,800.7311538461538,340.39653846153846,730.5,331,71,19,this.x1,7,class->block->constructor->block->block_content->expr_stmt->expr->name->name->operator->name
2,109,rectangle_java2.jpg,rectangle_java2.jpg,7358157808,104,800.7311538461538,340.39653846153846,806.5,331,15,19,=,1,class->block->constructor->block->block_content->expr_stmt->expr->operator
2,109,rectangle_java2.jpg,rectangle_java2.jpg,7358437765,92,793.6,345.9539130434783,730.5,331,71,19,this.x1,7,class->block->constructor->block->block_content->expr_stmt->expr->name->name->operator->name
2,109,rectangle_java2.jpg,rectangle_java2.jpg,7358673700,184,796.0836956521739,422.3441304347825,730.5,404,71,19,this.x2,7,class->block->constructor->block->block_content->expr_stmt->expr->name->name->operator->name
2,109,rectangle_java2.jpg,rectangle_java2.jpg,7358673700,184,796.0836956521739,422.3441304347825,806.5,404,15,19,=,1,class->block->constructor->block->block_content->expr_stmt->expr->operator
2,109,rectangle_java2.jpg,rectangle_java2.jpg,7358753714,76,797.1784210526316,434.4136842105263,730.5,440,71,21,this.y2,7,class->block->constructor->block->block_content->expr_stmt->expr->name->name->operator->name
2,109,rectangle_java2.jpg,rectangle_java2.jpg,7358753714,76,797.1784210526316,434.4136842105263,806.5,440,15,21,=,1,class->block->constructor->block->block_content->expr_stmt->expr->operator
2,109,rectangle_java2.jpg,rectangle_java2.jpg,7358873720,96,861.495,430.59541666666667,856.5,440,10,21,;,1,class->block->constructor->block->block_content->expr_stmt
2,109,rectangle_java2.jpg,rectangle_java2.jpg,7358969723,92,865.5078260869566,440.00260869565216,856.5,440,10,21,;,1,class->block->constructor->block->block_content->expr_stmt
2,109,rectangle_java2.jpg,rectangle_java2.jpg,7359129745,116,831.4655172413793,430.31172413793104,826.5,440,23,21,y2,2,class->block->constructor->block->block_content->expr_stmt->expr->name->name
2,109,rectangle_java2.jpg,rectangle_java2.jpg,7359945664,108,781.5211111111112,506.6288888888889,775.5,512,53,21,width,5,class->block->function->name
2,109,rectangle_java2.jpg,rectangle_java2.jpg,7360221697,172,949.9497674418604,512.4297674418605,891.5,512,62,21,return,6,class->block->function->block->block_content->return->expr->name->name
2,109,rectangle_java2.jpg,rectangle_java2.jpg,7360221697,172,949.9497674418604,512.4297674418605,958.5,512,71,21,this.x2,7,class->block->function->block->block_content->return->expr->name->name->operator->name->operator
2,109,rectangle_java2.jpg,rectangle_java2.jpg,7360545623,244,896.1565573770491,506.2060655737705,891.5,512,62,21,return,6,class->block->function->block->block_content->return->expr->name->name
2,109,rectangle_java2.jpg,rectangle_java2.jpg,7360685646,136,896.8311764705883,502.80500000000006,891.5,512,62,21,return,6,class->block->function->block->block_content->return->expr->name->name
2,109,rectangle_java2.jpg,rectangle_java2.jpg,7360937739,176,939.7847727272728,502.71431818181816,891.5,512,62,21,return,6,class->block->function->block->block_content->return->expr->name->name
2,109,rectangle_java2.jpg,rectangle_java2.jpg,7361113497,108,753.9588888888889,545.3459259259259,737.5,549,33,21,int,3,class->block->function->type->name
2,109,rectangle_java2.jpg,rectangle_java2.jpg,7361209394,56,830.1385714285714,560.27,775.5,549,62,21,height,6,class->block->function->name
2,109,rectangle_java2.jpg,rectangle_java2.jpg,7361389481,176,834.2122727272728,555.7836363636363,775.5,549,62,21,height,6,class->block->function->name
2,109,rectangle_java2.jpg,rectangle_java2.jpg,7361389481,176,834.2122727272728,555.7836363636363,846.5,549,10,21,(,1,class->block->function->parameter_list
2,109,rectangle_java2.jpg,rectangle_java2.jpg,7361693530,260,934.6364615384615,539.7743076923077,900.5,549,63,21,return,6,class->block->function->block->block_content->return
2,109,rectangle_java2.jpg,rectangle_java2.jpg,7361969537,240,1046.8753333333334,547.3818333333334,1045.5,549,13,21,-,1,class->block->function->block->block_content->return->expr->operator
2,109,rectangle_java2.jpg,rectangle_java2.jpg,7362189513,172,992.2046511627907,551.7381395348838,968.5,549,70,21,this.y2,7,class->block->function->block->block_content->return->expr->name->name->operator->name
2,109,rectangle_java2.jpg,rectangle_java2.jpg,7362397480,188,906.2527659574469,544.8017021276596,900.5,549,63,21,return,6,class->block->function->block->block_content->return
2,109,rectangle_java2.jpg,rectangle_java2.jpg,7362569495,60,1152.2653333333333,556.2306666666667,1142.5,549,10,21,;,1,class->block->function->block->block_content->return
2,109,rectangle_java2.jpg,rectangle_java2.jpg,7362569495,60,1152.2653333333333,556.2306666666667,1161.5,549,10,21,},1,class->block->function->block
2,109,rectangle_java2.jpg,rectangle_java2.jpg,7362701497,80,1159.277,557.804,1161.5,549,10,21,},1,class->block->function->block
2,109,rectangle_java2.jpg,rectangle_java2.jpg,7362837519,132,1136.9663636363637,551.6596969696969,1142.5,549,10,21,;,1,class->block->function->block->block_content->return
2,109,rectangle_java2.jpg,rectangle_java2.jpg,7362929468,88,1134.1409090909092,564.52,1064.5,549,71,21,this.y1,7,class->block->function->block->block_content->return->expr->name->name->operator->name
2,109,rectangle_java2.jpg,rectangle_java2.jpg,7362929468,88,1134.1409090909092,564.52,1142.5,549,10,21,;,1,class->block->function->block->block_content->return
2,109,rectangle_java2.jpg,rectangle_java2.jpg,7363377420,84,823.6709523809524,612.5371428571428,804.5,621,44,21,void,4,class->block->function->type->name
2,109,rectangle_java2.jpg,rectangle_java2.jpg,7363453414,72,823.17,629.855,804.5,621,44,21,void,4,class->block->function->type->name
2,109,rectangle_java2.jpg,rectangle_java2.jpg,7363525381,68,821.5517647058823,634.4452941176471,804.5,621,44,21,void,4,class->block->function->type->name
2,109,rectangle_java2.jpg,rectangle_java2.jpg,7363725354,136,1034.1220588235294,612.655294117647,1025.5,621,42,21,args,4,class->block->function->parameter_list->parameter->decl->name
2,109,rectangle_java2.jpg,rectangle_java2.jpg,7363965456,236,1033.8072881355931,619.9045762711864,1025.5,621,42,21,args,4,class->block->function->parameter_list->parameter->decl->name
2,109,rectangle_java2.jpg,rectangle_java2.jpg,7364253406,68,830.4623529411765,562.2211764705883,775.5,549,62,21,height,6,class->block->function->name
2,109,rectangle_java2.jpg,rectangle_java2.jpg,7364557393,128,887.46,622.0925,851.5,621,44,21,main,4,class->block->function->name
2,109,rectangle_java2.jpg,rectangle_java2.jpg,7364713334,152,883.8560526315789,632.8868421052632,851.5,621,44,21,main,4,class->block->function->name
2,109,rectangle_java2.jpg,rectangle_java2.jpg,7364973260,232,935.7420689655172,628.9075862068966,920.5,621,62,21,String,6,class->block->function->parameter_list->parameter->decl->type->name->name
2,109,rectangle_java2.jpg,rectangle_java2.jpg,7365389224,56,866.1057142857143,601.1528571428571,873.5,585,9,21,),1,class->block->function->parameter_list
2,109,rectangle_java2.jpg,rectangle_java2.jpg,7365521245,128,867.0378125,611.805,851.5,621,44,21,main,4,class->block->function->name
2,109,rectangle_java2.jpg,rectangle_java2.jpg,7365825226,276,951.7211594202898,635.4730434782608,920.5,621,62,21,String,6,class->block->function->parameter_list->parameter->decl->type->name->name
2,109,rectangle_java2.jpg,rectangle_java2.jpg,7365929209,100,957.928,625.7808,920.5,621,62,21,String,6,class->block->function->parameter_list->parameter->decl->type->name->name
2,109,rectangle_java2.jpg,rectangle_java2.jpg,7366377284,216,798.7653703703704,685.9624074074075,730.5,694,177,21,System.out.println,18,class->block->function->block->block_content->expr_stmt->expr->call->name->name->operator->name->operator->name
2,109,rectangle_java2.jpg,rectangle_java2.jpg,7366805220,76,858.7863157894736,723.4815789473685,826.5,731,51,20,rect2,5,class->block->function->block->block_content->decl_stmt->decl->name
2,109,rectangle_java2.jpg,rectangle_java2.jpg,7367241090,140,1063.8697142857143,714.4031428571428,1057.5,694,10,21,),1,class->block->function->block->block_content->expr_stmt->expr->call->argument_list->argument->expr->call->argument_list
2,109,rectangle_java2.jpg,rectangle_java2.jpg,7367645136,100,802.4064,681.67,730.5,694,177,21,System.out.println,18,class->block->function->block->block_content->expr_stmt->expr->call->name->name->operator->name->operator->name
2,109,rectangle_java2.jpg,rectangle_java2.jpg,7367801150,152,791.8515789473685,687.9068421052632,730.5,694,177,21,System.out.println,18,class->block->function->block->block_content->expr_stmt->expr->call->name->name->operator->name->operator->name
2,109,rectangle_java2.jpg,rectangle_java2.jpg,7367993145,164,875.4636585365854,685.639756097561,730.5,694,177,21,System.out.println,18,class->block->function->block->block_content->expr_stmt->expr->call->name->name->operator->name->operator->name
2,109,rectangle_java2.jpg,rectangle_java2.jpg,7368053128,56,874.4942857142858,700.495,730.5,694,177,21,System.out.println,18,class->block->function->block->block_content->expr_stmt->expr->call->name->name->operator->name->operator->name
2,109,rectangle_java2.jpg,rectangle_java2.jpg,7368309143,216,952.9503703703704,698.3107407407407,932.5,694,100,21,rect1.area,10,class->block->function->block->block_content->expr_stmt->expr->call->argument_list->argument->expr->call->name->name->operator->name
2,109,rectangle_java2.jpg,rectangle_java2.jpg,7368545124,200,1048.487,722.1872,1041.5,731,9,20,(,1,class->block->function->block->block_content->decl_stmt->decl->init->expr->call->argument_list
2,109,rectangle_java2.jpg,rectangle_java2.jpg,7368545124,200,1048.487,722.1872,1057.5,731,13,20,5,1,class->block->function->block->block_content->decl_stmt->decl->init->expr->call->argument_list->argument->expr->literal
2,109,rectangle_java2.jpg,rectangle_java2.jpg,7369212987,188,875.9897872340425,753.7359574468085,730.5,766,177,21,System.out.println,18,class->block->function->block->block_content->expr_stmt->expr->call->name->name->operator->name->operator->name
2,109,rectangle_java2.jpg,rectangle_java2.jpg,7369361055,100,834.9356,758.2612,730.5,766,177,21,System.out.println,18,class->block->function->block->block_content->expr_stmt->expr->call->name->name->operator->name->operator->name
2,109,rectangle_java2.jpg,rectangle_java2.jpg,7371356856,108,726.4625925925926,762.9214814814815,730.5,766,177,21,System.out.println,18,class->block->function->block->block_content->expr_stmt->expr->call->name->name->operator->name->operator->name
2,109,rectangle_java2.jpg,rectangle_java2.jpg,7371588900,132,890.0342424242424,561.8375757575758,883.5,549,10,21,{,1,class->block->function->block
2,109,rectangle_java2.jpg,rectangle_java2.jpg,7371588900,132,890.0342424242424,561.8375757575758,900.5,549,63,21,return,6,class->block->function->block->block_content->return
2,109,rectangle_java2.jpg,rectangle_java2.jpg,7371720894,128,888.755,564.1446875,883.5,549,10,21,{,1,class->block->function->block
2,109,rectangle_java2.jpg,rectangle_java2.jpg,7371720894,128,888.755,564.1446875,900.5,549,63,21,return,6,class->block->function->block->block_content->return
2,109,rectangle_java2.jpg,rectangle_java2.jpg,7371972880,188,795.8710638297872,663.5548936170213,730.5,658,91,20,Rectangle,9,class->block->function->block->block_content->decl_stmt->decl->type->name
2,109,rectangle_java2.jpg,rectangle_java2.jpg,7372068895,60,761.5506666666666,686.1006666666667,730.5,694,177,21,System.out.println,18,class->block->function->block->block_content->expr_stmt->expr->call->name->name->operator->name->operator->name
2,109,rectangle_java2.jpg,rectangle_java2.jpg,7372348744,68,879.1729411764705,686.2911764705882,730.5,694,177,21,System.out.println,18,class->block->function->block->block_content->expr_stmt->expr->call->name->name->operator->name->operator->name
2,109,rectangle_java2.jpg,rectangle_java2.jpg,7372768720,176,836.9595454545455,765.7990909090909,730.5,766,177,21,System.out.println,18,class->block->function->block->block_content->expr_stmt->expr->call->name->name->operator->name->operator->name
2,109,rectangle_java2.jpg,rectangle_java2.jpg,7373172758,356,926.575393258427,763.977415730337,932.5,766,100,21,rect2.area,10,class->block->function->block->block_content->expr_stmt->expr->call->argument_list->argument->expr->call->name->name->operator->name
2,109,rectangle_java2.jpg,rectangle_java2.jpg,7374524575,96,827.5854166666667,321.8645833333333,826.5,331,23,19,x1,2,class->block->constructor->block->block_content->expr_stmt->expr->name->name
2,109,rectangle_java2.jpg,rectangle_java2.jpg,7374824597,296,822.4798648648649,311.4531081081081,737.5,295,91,21,Rectangle,9,class->block->constructor->name
2,109,rectangle_java2.jpg,rectangle_java2.jpg,7375384589,100,1031.2952,732.9868,941.5,731,91,20,Rectangle,9,class->block->function->block->block_content->decl_stmt->decl->init->expr->call->name
2,109,rectangle_java2.jpg,rectangle_java2.jpg,7375384589,100,1031.2952,732.9868,1041.5,731,9,20,(,1,class->block->function->block->block_content->decl_stmt->decl->init->expr->call->argument_list
2,109,rectangle_java2.jpg,rectangle_java2.jpg,7375668535,280,1032.9247142857143,729.0695714285714,1041.5,731,9,20,(,1,class->block->function->block->block_content->decl_stmt->decl->init->expr->call->argument_list
2,109,rectangle_java2.jpg,rectangle_java2.jpg,7375860528,112,920.7328571428571,703.5021428571429,916.5,694,9,21,(,1,class->block->function->block->block_content->expr_stmt->expr->call->argument_list
2,109,rectangle_java2.jpg,rectangle_java2.jpg,7375860528,112,920.7328571428571,703.5021428571429,932.5,694,100,21,rect1.area,10,class->block->function->block->block_content->expr_stmt->expr->call->argument_list->argument->expr->call->name->name->operator->name
2,109,rectangle_java2.jpg,rectangle_java2.jpg,7376064599,188,1017.9891489361702,721.708085106383,941.5,731,91,20,Rectangle,9,class->block->function->block->block_content->decl_stmt->decl->init->expr->call->name
2,109,rectangle_java2.jpg,rectangle_java2.jpg,7376256590,188,1015.8929787234042,727.2206382978724,941.5,731,91,20,Rectangle,9,class->block->function->block->block_content->decl_stmt->decl->init->expr->call->name
2,109,rectangle_java2.jpg,rectangle_java2.jpg,7376456509,64,962.616875,546.8575,900.5,549,63,21,return,6,class->block->function->block->block_content->return
2,109,rectangle_java2.jpg,rectangle_java2.jpg,7376456509,64,962.616875,546.8575,968.5,549,70,21,this.y2,7,class->block->function->block->block_content->return->expr->name->name->operator->name
2,109,rectangle_java2.jpg,rectangle_java2.jpg,7377360473,76,736.2584210526315,295.5542105263158,737.5,295,91,21,Rectangle,9,class->block->constructor->name
2,109,rectangle_java2.jpg,rectangle_java2.jpg,7377428433,64,727.35125,277.960625,669.5,259,72,21,private,7,class->block->decl_stmt->decl->type->specifier
2,109,rectangle_java2.jpg,rectangle_java2.jpg,7377524376,64,782.856875,294.12,737.5,295,91,21,Rectangle,9,class->block->constructor->name
2,109,rectangle_java2.jpg,rectangle_java2.jpg,7377808448,60,781.2453333333333,563.1566666666666,775.5,549,62,21,height,6,class->block->function->name
2,109,rectangle_java2.jpg,rectangle_java2.jpg,7378176185,248,756.7012903225807,264.1177419354839,747.5,259,33,21,int,3,class->block->decl_stmt->decl->type->name
2,109,rectangle_java2.jpg,rectangle_java2.jpg,7378260254,80,754.8735,276.177,747.5,259,33,21,int,3,class->block->decl_stmt->decl->type->name
2,109,rectangle_java2.jpg,rectangle_java2.jpg,7378452345,152,823.436052631579,372.9471052631579,826.5,367,23,21,y1,2,class->block->constructor->block->block_content->expr_stmt->expr->name->name
2,109,rectangle_java2.jpg,rectangle_java2.jpg,7378536367,80,823.2025,382.287,826.5,367,23,21,y1,2,class->block->constructor->block->block_content->expr_stmt->expr->name->name
2,109,rectangle_java2.jpg,rectangle_java2.jpg,7378724421,104,855.2684615384616,438.6488461538461,856.5,440,10,21,;,1,class->block->constructor->block->block_content->expr_stmt
2,109,rectangle_java2.jpg,rectangle_java2.jpg,7378960420,84,822.4528571428572,460.87380952380954,826.5,440,23,21,y2,2,class->block->constructor->block->block_content->expr_stmt->expr->name->name
2,109,rectangle_java2.jpg,rectangle_java2.jpg,7379292316,208,836.3901923076922,733.2586538461538,826.5,731,51,20,rect2,5,class->block->function->block->block_content->decl_stmt->decl->name
2,109,rectangle_java2.jpg,rectangle_java2.jpg,7379544304,212,788.2160377358491,779.2554716981132,730.5,766,177,21,System.out.println,18,class->block->function->block->block_content->expr_stmt->expr->call->name->name->operator->name->operator->name
2,109,rectangle_java2.jpg,rectangle_java2.jpg,7379828320,256,925.8290625,766.80890625,932.5,766,100,21,rect2.area,10,class->block->function->block->block_content->expr_stmt->expr->call->argument_list->argument->expr->call->name->name->operator->name
2,109,rectangle_java2.jpg,rectangle_java2.jpg,7379960149,76,820.7031578947368,368.8663157894737,806.5,367,15,21,=,1,class->block->constructor->block->block_content->expr_stmt->expr->operator
2,109,rectangle_java2.jpg,rectangle_java2.jpg,7379960149,76,820.7031578947368,368.8663157894737,826.5,367,23,21,y1,2,class->block->constructor->block->block_content->expr_stmt->expr->name->name
2,109,rectangle_java2.jpg,rectangle_java2.jpg,7380072106,108,820.4988888888889,366.1414814814815,806.5,367,15,21,=,1,class->block->constructor->block->block_content->expr_stmt->expr->operator
2,109,rectangle_java2.jpg,rectangle_java2.jpg,7380072106,108,820.4988888888889,366.1414814814815,826.5,367,23,21,y1,2,class->block->constructor->block->block_content->expr_stmt->expr->name->name
2,109,rectangle_java2.jpg,rectangle_java2.jpg,7383440085,56,725.9378571428572,239.64857142857147,715.5,222,90,21,Rectangle,9,class->name
