trial,participant,code_file,code_language,timestamp,duration,x_cord,y_cord,aoi_x,aoi_y,aoi_width,aoi_height,token,length,srcML
2,10,rectangle_java2.jpg,rectangle_java2.jpg,2437447809,132,813.8318181818182,524.8036363636363,775.5,512,53,21,width,5,class->block->function->name
2,10,rectangle_java2.jpg,rectangle_java2.jpg,2437559777,108,819.6881481481481,520.2488888888889,775.5,512,53,21,width,5,class->block->function->name
2,10,rectangle_java2.jpg,rectangle_java2.jpg,2437623723,60,820.408,528.5426666666666,775.5,512,53,21,width,5,class->block->function->name
2,10,rectangle_java2.jpg,rectangle_java2.jpg,2437919662,188,691.1689361702128,265.92787234042555,669.5,259,72,21,private,7,class->block->decl_stmt->decl->type->specifier
2,10,rectangle_java2.jpg,rectangle_java2.jpg,2439047540,64,759.37125,325.321875,730.5,331,71,19,this.x1,7,class->block->constructor->block->block_content->expr_stmt->expr->name->name->operator->name
2,10,rectangle_java2.jpg,rectangle_java2.jpg,2439307510,80,655.2185000000001,232.31600000000003,657.5,222,52,21,class,5,class
2,10,rectangle_java2.jpg,rectangle_java2.jpg,2439411539,100,666.4672,223.1356,657.5,222,52,21,class,5,class
2,10,rectangle_java2.jpg,rectangle_java2.jpg,2439655545,196,778.4689795918367,232.55326530612246,715.5,222,90,21,Rectangle,9,class->name
2,10,rectangle_java2.jpg,rectangle_java2.jpg,2440871347,136,785.9723529411765,586.1755882352941,737.5,585,62,21,double,6,class->block->function->type->name
2,10,rectangle_java2.jpg,rectangle_java2.jpg,2441059331,124,735.49,556.266129032258,737.5,549,33,21,int,3,class->block->function->type->name
2,10,rectangle_java2.jpg,rectangle_java2.jpg,2441359361,68,917.5147058823529,562.59,900.5,549,63,21,return,6,class->block->function->block->block_content->return
2,10,rectangle_java2.jpg,rectangle_java2.jpg,2441623403,260,914.7149230769231,554.3672307692308,900.5,549,63,21,return,6,class->block->function->block->block_content->return
2,10,rectangle_java2.jpg,rectangle_java2.jpg,2441923341,240,1011.806,549.5983333333334,968.5,549,70,21,this.y2,7,class->block->function->block->block_content->return->expr->name->name->operator->name
2,10,rectangle_java2.jpg,rectangle_java2.jpg,2442139382,212,998.1641509433962,553.2622641509433,968.5,549,70,21,this.y2,7,class->block->function->block->block_content->return->expr->name->name->operator->name
2,10,rectangle_java2.jpg,rectangle_java2.jpg,2442407246,228,963.1329824561403,543.0880701754386,900.5,549,63,21,return,6,class->block->function->block->block_content->return
2,10,rectangle_java2.jpg,rectangle_java2.jpg,2442407246,228,963.1329824561403,543.0880701754386,968.5,549,70,21,this.y2,7,class->block->function->block->block_content->return->expr->name->name->operator->name
2,10,rectangle_java2.jpg,rectangle_java2.jpg,2442515226,72,1019.0455555555556,542.6344444444444,968.5,549,70,21,this.y2,7,class->block->function->block->block_content->return->expr->name->name->operator->name
2,10,rectangle_java2.jpg,rectangle_java2.jpg,2442647201,128,1013.100625,553.4178125,968.5,549,70,21,this.y2,7,class->block->function->block->block_content->return->expr->name->name->operator->name
2,10,rectangle_java2.jpg,rectangle_java2.jpg,2443146981,412,1097.688349514563,548.8574757281554,1064.5,549,71,21,this.y1,7,class->block->function->block->block_content->return->expr->name->name->operator->name
2,10,rectangle_java2.jpg,rectangle_java2.jpg,2443278855,128,1095.1328125,550.5903125,1064.5,549,71,21,this.y1,7,class->block->function->block->block_content->return->expr->name->name->operator->name
2,10,rectangle_java2.jpg,rectangle_java2.jpg,2443411046,128,1094.2450000000001,557.048125,1064.5,549,71,21,this.y1,7,class->block->function->block->block_content->return->expr->name->name->operator->name
2,10,rectangle_java2.jpg,rectangle_java2.jpg,2443491152,56,1035.93,574.9442857142857,977.5,585,101,21,this.width,10,class->block->function->block->block_content->return->expr->call->name->name->operator->name
2,10,rectangle_java2.jpg,rectangle_java2.jpg,2443631261,136,1034.450882352941,583.0576470588235,977.5,585,101,21,this.width,10,class->block->function->block->block_content->return->expr->call->name->name->operator->name
2,10,rectangle_java2.jpg,rectangle_java2.jpg,2443799139,112,975.5325,582.88,977.5,585,101,21,this.width,10,class->block->function->block->block_content->return->expr->call->name->name->operator->name
2,10,rectangle_java2.jpg,rectangle_java2.jpg,2443902995,100,968.8783999999999,585.7484000000001,910.5,585,62,21,return,6,class->block->function->block->block_content->return
2,10,rectangle_java2.jpg,rectangle_java2.jpg,2443902995,100,968.8783999999999,585.7484000000001,977.5,585,101,21,this.width,10,class->block->function->block->block_content->return->expr->call->name->name->operator->name
2,10,rectangle_java2.jpg,rectangle_java2.jpg,2444047041,104,913.0161538461539,599.9246153846154,910.5,585,62,21,return,6,class->block->function->block->block_content->return
2,10,rectangle_java2.jpg,rectangle_java2.jpg,2444355371,160,1041.0072499999999,589.994,977.5,585,101,21,this.width,10,class->block->function->block->block_content->return->expr->call->name->name->operator->name
2,10,rectangle_java2.jpg,rectangle_java2.jpg,2444475250,116,1015.8865517241379,582.0920689655172,977.5,585,101,21,this.width,10,class->block->function->block->block_content->return->expr->call->name->name->operator->name
2,10,rectangle_java2.jpg,rectangle_java2.jpg,2444599161,120,1011.606,587.256,977.5,585,101,21,this.width,10,class->block->function->block->block_content->return->expr->call->name->name->operator->name
2,10,rectangle_java2.jpg,rectangle_java2.jpg,2444807141,204,1036.6939215686275,587.1266666666667,977.5,585,101,21,this.width,10,class->block->function->block->block_content->return->expr->call->name->name->operator->name
2,10,rectangle_java2.jpg,rectangle_java2.jpg,2445067157,136,1003.0626470588236,531.4735294117647,958.5,512,71,21,this.x2,7,class->block->function->block->block_content->return->expr->name->name->operator->name->operator
2,10,rectangle_java2.jpg,rectangle_java2.jpg,2445387090,236,1115.074745762712,551.0362711864407,1064.5,549,71,21,this.y1,7,class->block->function->block->block_content->return->expr->name->name->operator->name
2,10,rectangle_java2.jpg,rectangle_java2.jpg,2445459061,68,1112.2911764705882,542.5311764705882,1064.5,549,71,21,this.y1,7,class->block->function->block->block_content->return->expr->name->name->operator->name
2,10,rectangle_java2.jpg,rectangle_java2.jpg,2445535031,72,1120.505,547.2205555555555,1064.5,549,71,21,this.y1,7,class->block->function->block->block_content->return->expr->name->name->operator->name
2,10,rectangle_java2.jpg,rectangle_java2.jpg,2445655008,116,1136.6306896551723,569.7803448275862,1142.5,549,10,21,;,1,class->block->function->block->block_content->return
2,10,rectangle_java2.jpg,rectangle_java2.jpg,2445778991,120,1137.002,561.3703333333333,1142.5,549,10,21,;,1,class->block->function->block->block_content->return
2,10,rectangle_java2.jpg,rectangle_java2.jpg,2445874990,72,1000.7488888888889,541.075,968.5,549,70,21,this.y2,7,class->block->function->block->block_content->return->expr->name->name->operator->name
2,10,rectangle_java2.jpg,rectangle_java2.jpg,2446027023,68,1000.2264705882353,537.0035294117647,968.5,549,70,21,this.y2,7,class->block->function->block->block_content->return->expr->name->name->operator->name
2,10,rectangle_java2.jpg,rectangle_java2.jpg,2446195047,164,1008.2319512195122,542.3236585365854,968.5,549,70,21,this.y2,7,class->block->function->block->block_content->return->expr->name->name->operator->name
2,10,rectangle_java2.jpg,rectangle_java2.jpg,2446307008,84,1047.2928571428572,719.87,1041.5,731,9,20,(,1,class->block->function->block->block_content->decl_stmt->decl->init->expr->call->argument_list
2,10,rectangle_java2.jpg,rectangle_java2.jpg,2446307008,84,1047.2928571428572,719.87,1057.5,731,13,20,5,1,class->block->function->block->block_content->decl_stmt->decl->init->expr->call->argument_list->argument->expr->literal
2,10,rectangle_java2.jpg,rectangle_java2.jpg,2446398982,88,1052.7240909090908,728.2345454545455,1057.5,731,13,20,5,1,class->block->function->block->block_content->decl_stmt->decl->init->expr->call->argument_list->argument->expr->literal
2,10,rectangle_java2.jpg,rectangle_java2.jpg,2446767020,56,1015.8321428571428,629.0528571428572,1007.5,621,10,21,],1,class->block->function->parameter_list->parameter->decl->type->name->index
2,10,rectangle_java2.jpg,rectangle_java2.jpg,2446767020,56,1015.8321428571428,629.0528571428572,1025.5,621,42,21,args,4,class->block->function->parameter_list->parameter->decl->name
2,10,rectangle_java2.jpg,rectangle_java2.jpg,2446970803,192,1007.524375,624.07125,1007.5,621,10,21,],1,class->block->function->parameter_list->parameter->decl->type->name->index
2,10,rectangle_java2.jpg,rectangle_java2.jpg,2447726837,64,945.684375,626.149375,920.5,621,62,21,String,6,class->block->function->parameter_list->parameter->decl->type->name->name
2,10,rectangle_java2.jpg,rectangle_java2.jpg,2447914846,184,944.9080434782609,627.4171739130435,920.5,621,62,21,String,6,class->block->function->parameter_list->parameter->decl->type->name->name
2,10,rectangle_java2.jpg,rectangle_java2.jpg,2448106867,148,914.0918918918919,632.9910810810811,920.5,621,62,21,String,6,class->block->function->parameter_list->parameter->decl->type->name->name
2,10,rectangle_java2.jpg,rectangle_java2.jpg,2448646633,484,1064.4748760330579,630.2102479338843,1025.5,621,42,21,args,4,class->block->function->parameter_list->parameter->decl->name
2,10,rectangle_java2.jpg,rectangle_java2.jpg,2448646633,484,1064.4748760330579,630.2102479338843,1074.5,621,10,21,),1,class->block->function->parameter_list
2,10,rectangle_java2.jpg,rectangle_java2.jpg,2448834682,152,1014.87,634.2731578947369,1007.5,621,10,21,],1,class->block->function->parameter_list->parameter->decl->type->name->index
2,10,rectangle_java2.jpg,rectangle_java2.jpg,2448834682,152,1014.87,634.2731578947369,1025.5,621,42,21,args,4,class->block->function->parameter_list->parameter->decl->name
2,10,rectangle_java2.jpg,rectangle_java2.jpg,2448958688,120,1017.3386666666667,637.142,1007.5,621,10,21,],1,class->block->function->parameter_list->parameter->decl->type->name->index
2,10,rectangle_java2.jpg,rectangle_java2.jpg,2448958688,120,1017.3386666666667,637.142,1025.5,621,42,21,args,4,class->block->function->parameter_list->parameter->decl->name
2,10,rectangle_java2.jpg,rectangle_java2.jpg,2449870742,184,910.1963043478261,690.1147826086957,916.5,694,9,21,(,1,class->block->function->block->block_content->expr_stmt->expr->call->argument_list
2,10,rectangle_java2.jpg,rectangle_java2.jpg,2452190441,72,681.1738888888889,509.3211111111111,669.5,512,63,21,public,6,class->block->function->type->specifier
2,10,rectangle_java2.jpg,rectangle_java2.jpg,2452274314,56,685.9814285714285,565.3485714285714,669.5,549,63,21,public,6,class->block->function->type->specifier
2,10,rectangle_java2.jpg,rectangle_java2.jpg,2452362021,84,694.5638095238095,577.972380952381,669.5,585,63,21,public,6,class->block->function->type->specifier
2,10,rectangle_java2.jpg,rectangle_java2.jpg,2452998490,132,746.6800000000001,555.1860606060606,737.5,549,33,21,int,3,class->block->function->type->name
2,10,rectangle_java2.jpg,rectangle_java2.jpg,2453250488,168,783.1888095238095,656.3204761904761,730.5,658,91,20,Rectangle,9,class->block->function->block->block_content->decl_stmt->decl->type->name
2,10,rectangle_java2.jpg,rectangle_java2.jpg,2453346400,92,773.9665217391305,613.1143478260869,738.5,621,61,21,static,6,class->block->function->type->specifier
2,10,rectangle_java2.jpg,rectangle_java2.jpg,2453430387,80,774.216,610.8,738.5,621,61,21,static,6,class->block->function->type->specifier
2,10,rectangle_java2.jpg,rectangle_java2.jpg,2453578434,68,739.395294117647,565.9911764705882,737.5,549,33,21,int,3,class->block->function->type->name
2,10,rectangle_java2.jpg,rectangle_java2.jpg,2453638432,56,753.61,575.7114285714285,737.5,585,62,21,double,6,class->block->function->type->name
2,10,rectangle_java2.jpg,rectangle_java2.jpg,2453790364,92,757.7108695652174,551.0030434782609,737.5,549,33,21,int,3,class->block->function->type->name
2,10,rectangle_java2.jpg,rectangle_java2.jpg,2453926332,88,1037.0095454545453,538.4709090909091,968.5,549,70,21,this.y2,7,class->block->function->block->block_content->return->expr->name->name->operator->name
2,10,rectangle_java2.jpg,rectangle_java2.jpg,2453926332,88,1037.0095454545453,538.4709090909091,1045.5,549,13,21,-,1,class->block->function->block->block_content->return->expr->operator
2,10,rectangle_java2.jpg,rectangle_java2.jpg,2453990329,60,1032.4113333333332,549.9993333333333,968.5,549,70,21,this.y2,7,class->block->function->block->block_content->return->expr->name->name->operator->name
2,10,rectangle_java2.jpg,rectangle_java2.jpg,2454182331,164,972.3190243902438,549.4534146341464,968.5,549,70,21,this.y2,7,class->block->function->block->block_content->return->expr->name->name->operator->name
2,10,rectangle_java2.jpg,rectangle_java2.jpg,2454274332,88,982.6918181818182,553.1290909090909,968.5,549,70,21,this.y2,7,class->block->function->block->block_content->return->expr->name->name->operator->name
2,10,rectangle_java2.jpg,rectangle_java2.jpg,2454538315,180,749.2871111111111,553.71,737.5,549,33,21,int,3,class->block->function->type->name
2,10,rectangle_java2.jpg,rectangle_java2.jpg,2454722307,160,769.506,605.2065,737.5,585,62,21,double,6,class->block->function->type->name
2,10,rectangle_java2.jpg,rectangle_java2.jpg,2454998188,136,795.3482352941177,639.5364705882353,738.5,621,61,21,static,6,class->block->function->type->specifier
2,10,rectangle_java2.jpg,rectangle_java2.jpg,2454998188,136,795.3482352941177,639.5364705882353,804.5,621,44,21,void,4,class->block->function->type->name
2,10,rectangle_java2.jpg,rectangle_java2.jpg,2455298180,260,707.5875384615384,625.356,669.5,621,63,21,public,6,class->block->function->type->specifier
2,10,rectangle_java2.jpg,rectangle_java2.jpg,2455370172,68,711.0882352941177,634.0382352941176,669.5,621,63,21,public,6,class->block->function->type->specifier
2,10,rectangle_java2.jpg,rectangle_java2.jpg,2455458167,60,779.1560000000001,637.152,738.5,621,61,21,static,6,class->block->function->type->specifier
2,10,rectangle_java2.jpg,rectangle_java2.jpg,2455550146,88,780.4572727272728,641.8236363636364,738.5,621,61,21,static,6,class->block->function->type->specifier
2,10,rectangle_java2.jpg,rectangle_java2.jpg,2455734109,116,1010.9072413793103,630.841724137931,1007.5,621,10,21,],1,class->block->function->parameter_list->parameter->decl->type->name->index
2,10,rectangle_java2.jpg,rectangle_java2.jpg,2455806140,68,930.1264705882353,632.0217647058823,920.5,621,62,21,String,6,class->block->function->parameter_list->parameter->decl->type->name->name
2,10,rectangle_java2.jpg,rectangle_java2.jpg,2456078176,268,924.6486567164179,630.4868656716418,920.5,621,62,21,String,6,class->block->function->parameter_list->parameter->decl->type->name->name
2,10,rectangle_java2.jpg,rectangle_java2.jpg,2456250092,56,1042.8742857142856,641.3635714285714,1025.5,621,42,21,args,4,class->block->function->parameter_list->parameter->decl->name
2,10,rectangle_java2.jpg,rectangle_java2.jpg,2456342029,88,1035.4940909090908,639.1054545454546,1025.5,621,42,21,args,4,class->block->function->parameter_list->parameter->decl->name
2,10,rectangle_java2.jpg,rectangle_java2.jpg,2456533996,144,1001.7113888888889,626.8163888888889,1007.5,621,10,21,],1,class->block->function->parameter_list->parameter->decl->type->name->index
2,10,rectangle_java2.jpg,rectangle_java2.jpg,2456662087,56,1080.2385714285715,620.2657142857142,1074.5,621,10,21,),1,class->block->function->parameter_list
2,10,rectangle_java2.jpg,rectangle_java2.jpg,2456762135,96,1086.39375,617.3008333333333,1094.5,621,10,21,{,1,class->block->function->block
2,10,rectangle_java2.jpg,rectangle_java2.jpg,2457242373,92,1191.8978260869565,597.9921739130434,1140.5,585,110,21,this.height,11,class->block->function->block->block_content->return->expr->call->name->name->operator->name
2,10,rectangle_java2.jpg,rectangle_java2.jpg,2457394551,72,1198.535,578.6627777777778,1140.5,585,110,21,this.height,11,class->block->function->block->block_content->return->expr->call->name->name->operator->name
2,10,rectangle_java2.jpg,rectangle_java2.jpg,2459361859,64,717.954375,255.593125,669.5,259,72,21,private,7,class->block->decl_stmt->decl->type->specifier
2,10,rectangle_java2.jpg,rectangle_java2.jpg,2460037809,76,769.2568421052632,216.2152631578947,715.5,222,90,21,Rectangle,9,class->name
2,10,rectangle_java2.jpg,rectangle_java2.jpg,2460509750,132,687.9387878787879,589.7245454545455,669.5,585,63,21,public,6,class->block->function->type->specifier
2,10,rectangle_java2.jpg,rectangle_java2.jpg,2460625732,60,685.834,598.644,669.5,585,63,21,public,6,class->block->function->type->specifier
2,10,rectangle_java2.jpg,rectangle_java2.jpg,2460865959,208,756.2671153846154,634.4601923076923,738.5,621,61,21,static,6,class->block->function->type->specifier
2,10,rectangle_java2.jpg,rectangle_java2.jpg,2461014032,144,763.45,636.8069444444444,738.5,621,61,21,static,6,class->block->function->type->specifier
2,10,rectangle_java2.jpg,rectangle_java2.jpg,2461221761,176,722.8736363636364,657.2779545454546,730.5,658,91,20,Rectangle,9,class->block->function->block->block_content->decl_stmt->decl->type->name
2,10,rectangle_java2.jpg,rectangle_java2.jpg,2461461708,192,1071.9925,585.9414583333333,977.5,585,101,21,this.width,10,class->block->function->block->block_content->return->expr->call->name->name->operator->name
2,10,rectangle_java2.jpg,rectangle_java2.jpg,2461521692,56,1073.287857142857,588.7192857142858,977.5,585,101,21,this.width,10,class->block->function->block->block_content->return->expr->call->name->name->operator->name
2,10,rectangle_java2.jpg,rectangle_java2.jpg,2461645693,64,741.870625,646.085,730.5,658,91,20,Rectangle,9,class->block->function->block->block_content->decl_stmt->decl->type->name
2,10,rectangle_java2.jpg,rectangle_java2.jpg,2461777749,128,742.6721875,639.021875,738.5,621,61,21,static,6,class->block->function->type->specifier
2,10,rectangle_java2.jpg,rectangle_java2.jpg,2461961698,180,757.7306666666667,625.5377777777778,738.5,621,61,21,static,6,class->block->function->type->specifier
2,10,rectangle_java2.jpg,rectangle_java2.jpg,2462141743,144,709.6575,620.0441666666667,669.5,621,63,21,public,6,class->block->function->type->specifier
2,10,rectangle_java2.jpg,rectangle_java2.jpg,2462281799,88,715.4827272727273,617.325,669.5,621,63,21,public,6,class->block->function->type->specifier
2,10,rectangle_java2.jpg,rectangle_java2.jpg,2462469833,120,727.9323333333333,674.2253333333333,730.5,658,91,20,Rectangle,9,class->block->function->block->block_content->decl_stmt->decl->type->name
2,10,rectangle_java2.jpg,rectangle_java2.jpg,2462561609,88,731.9604545454546,677.7359090909091,730.5,658,91,20,Rectangle,9,class->block->function->block->block_content->decl_stmt->decl->type->name
2,10,rectangle_java2.jpg,rectangle_java2.jpg,2462761331,144,916.4936111111111,666.8994444444444,902.5,658,34,20,new,3,class->block->function->block->block_content->decl_stmt->decl->init->expr->operator
2,10,rectangle_java2.jpg,rectangle_java2.jpg,2462889352,124,917.3251612903226,675.6993548387097,902.5,658,34,20,new,3,class->block->function->block->block_content->decl_stmt->decl->init->expr->operator
2,10,rectangle_java2.jpg,rectangle_java2.jpg,2463049492,132,1030.3078787878787,666.3878787878788,941.5,658,91,20,Rectangle,9,class->block->function->block->block_content->decl_stmt->decl->init->expr->call->name
2,10,rectangle_java2.jpg,rectangle_java2.jpg,2463049492,132,1030.3078787878787,666.3878787878788,1041.5,658,9,20,(,1,class->block->function->block->block_content->decl_stmt->decl->init->expr->call->argument_list
2,10,rectangle_java2.jpg,rectangle_java2.jpg,2463117502,64,1029.456875,672.59625,941.5,658,91,20,Rectangle,9,class->block->function->block->block_content->decl_stmt->decl->init->expr->call->name
2,10,rectangle_java2.jpg,rectangle_java2.jpg,2463117502,64,1029.456875,672.59625,1041.5,658,9,20,(,1,class->block->function->block->block_content->decl_stmt->decl->init->expr->call->argument_list
2,10,rectangle_java2.jpg,rectangle_java2.jpg,2463429440,252,1068.6531746031746,673.3257142857143,1057.5,658,13,20,0,1,class->block->function->block->block_content->decl_stmt->decl->init->expr->call->argument_list->argument->expr->literal
2,10,rectangle_java2.jpg,rectangle_java2.jpg,2463429440,252,1068.6531746031746,673.3257142857143,1077.5,658,9,20,",",1,class->block->function->block->block_content->decl_stmt->decl->init->expr->call->argument_list
2,10,rectangle_java2.jpg,rectangle_java2.jpg,2463577502,116,1103.3941379310345,725.8765517241379,1095.5,731,13,20,5,1,class->block->function->block->block_content->decl_stmt->decl->init->expr->call->argument_list->argument->expr->literal
2,10,rectangle_java2.jpg,rectangle_java2.jpg,2463577502,116,1103.3941379310345,725.8765517241379,1115.5,731,10,20,",",1,class->block->function->block->block_content->decl_stmt->decl->init->expr->call->argument_list
2,10,rectangle_java2.jpg,rectangle_java2.jpg,2464257431,104,853.3130769230769,718.8392307692308,826.5,731,51,20,rect2,5,class->block->function->block->block_content->decl_stmt->decl->name
2,10,rectangle_java2.jpg,rectangle_java2.jpg,2464321425,60,854.5466666666666,714.2426666666667,730.5,694,177,21,System.out.println,18,class->block->function->block->block_content->expr_stmt->expr->call->name->name->operator->name->operator->name
2,10,rectangle_java2.jpg,rectangle_java2.jpg,2464445418,84,814.1338095238095,724.1385714285715,730.5,731,91,20,Rectangle,9,class->block->function->block->block_content->decl_stmt->decl->type->name
2,10,rectangle_java2.jpg,rectangle_java2.jpg,2464445418,84,814.1338095238095,724.1385714285715,826.5,731,51,20,rect2,5,class->block->function->block->block_content->decl_stmt->decl->name
2,10,rectangle_java2.jpg,rectangle_java2.jpg,2464689392,164,970.5868292682927,731.7373170731707,941.5,731,91,20,Rectangle,9,class->block->function->block->block_content->decl_stmt->decl->init->expr->call->name
2,10,rectangle_java2.jpg,rectangle_java2.jpg,2464881397,172,894.9909302325582,729.9648837209302,883.5,731,15,20,=,1,class->block->function->block->block_content->decl_stmt->decl->init
2,10,rectangle_java2.jpg,rectangle_java2.jpg,2464881397,172,894.9909302325582,729.9648837209302,902.5,731,34,20,new,3,class->block->function->block->block_content->decl_stmt->decl->init->expr->operator
2,10,rectangle_java2.jpg,rectangle_java2.jpg,2465049408,128,1015.5084375,713.838125,932.5,694,100,21,rect1.area,10,class->block->function->block->block_content->expr_stmt->expr->call->argument_list->argument->expr->call->name->name->operator->name
2,10,rectangle_java2.jpg,rectangle_java2.jpg,2465645390,136,1086.2123529411765,708.9538235294118,1077.5,694,9,21,),1,class->block->function->block->block_content->expr_stmt->expr->call->argument_list
2,10,rectangle_java2.jpg,rectangle_java2.jpg,2465645390,136,1086.2123529411765,708.9538235294118,1096.5,694,10,21,;,1,class->block->function->block->block_content->expr_stmt
2,10,rectangle_java2.jpg,rectangle_java2.jpg,2465737290,88,1089.1286363636364,709.5754545454546,1096.5,694,10,21,;,1,class->block->function->block->block_content->expr_stmt
2,10,rectangle_java2.jpg,rectangle_java2.jpg,2465968859,152,779.8123684210526,726.9105263157894,730.5,731,91,20,Rectangle,9,class->block->function->block->block_content->decl_stmt->decl->type->name
2,10,rectangle_java2.jpg,rectangle_java2.jpg,2466365463,100,812.8764,744.99,730.5,731,91,20,Rectangle,9,class->block->function->block->block_content->decl_stmt->decl->type->name
2,10,rectangle_java2.jpg,rectangle_java2.jpg,2466461231,92,817.5313043478261,744.5713043478261,730.5,731,91,20,Rectangle,9,class->block->function->block->block_content->decl_stmt->decl->type->name
2,10,rectangle_java2.jpg,rectangle_java2.jpg,2466461231,92,817.5313043478261,744.5713043478261,826.5,731,51,20,rect2,5,class->block->function->block->block_content->decl_stmt->decl->name
2,10,rectangle_java2.jpg,rectangle_java2.jpg,2466529203,56,1008.5578571428571,754.1542857142857,932.5,766,100,21,rect2.area,10,class->block->function->block->block_content->expr_stmt->expr->call->argument_list->argument->expr->call->name->name->operator->name
2,10,rectangle_java2.jpg,rectangle_java2.jpg,2466697267,164,1014.3917073170732,749.2451219512195,941.5,731,91,20,Rectangle,9,class->block->function->block->block_content->decl_stmt->decl->init->expr->call->name
2,10,rectangle_java2.jpg,rectangle_java2.jpg,2466865272,128,937.2534375,745.4521875,941.5,731,91,20,Rectangle,9,class->block->function->block->block_content->decl_stmt->decl->init->expr->call->name
2,10,rectangle_java2.jpg,rectangle_java2.jpg,2467201207,208,986.3682692307692,759.3651923076923,932.5,766,100,21,rect2.area,10,class->block->function->block->block_content->expr_stmt->expr->call->argument_list->argument->expr->call->name->name->operator->name
2,10,rectangle_java2.jpg,rectangle_java2.jpg,2468557236,132,817.0787878787879,786.7536363636364,730.5,766,177,21,System.out.println,18,class->block->function->block->block_content->expr_stmt->expr->call->name->name->operator->name->operator->name
