trial,participant,code_file,code_language,timestamp,duration,x_cord,y_cord,aoi_x,aoi_y,aoi_width,aoi_height,token,length,srcML
2,138,rectangle_java2.jpg,rectangle_java2.jpg,2107428111,88,720.675909090909,420.51681818181817,730.5,404,71,19,this.x2,7,class->block->constructor->block->block_content->expr_stmt->expr->name->name->operator->name
2,138,rectangle_java2.jpg,rectangle_java2.jpg,2107796024,184,690.7578260869565,267.36478260869563,669.5,259,72,21,private,7,class->block->decl_stmt->decl->type->specifier
2,138,rectangle_java2.jpg,rectangle_java2.jpg,2108148057,128,614.8050000000001,241.3515625,589.5,222,63,21,public,6,class->specifier
2,138,rectangle_java2.jpg,rectangle_java2.jpg,2108236051,72,711.5638888888889,238.59555555555556,715.5,222,90,21,Rectangle,9,class->name
2,138,rectangle_java2.jpg,rectangle_java2.jpg,2108328036,88,714.0168181818182,252.93772727272727,669.5,259,72,21,private,7,class->block->decl_stmt->decl->type->specifier
2,138,rectangle_java2.jpg,rectangle_java2.jpg,2108736093,332,675.112891566265,233.0097590361446,657.5,222,52,21,class,5,class
2,138,rectangle_java2.jpg,rectangle_java2.jpg,2108927995,164,719.6280487804878,230.41609756097557,715.5,222,90,21,Rectangle,9,class->name
2,138,rectangle_java2.jpg,rectangle_java2.jpg,2109143893,160,679.69775,237.09775000000002,657.5,222,52,21,class,5,class
2,138,rectangle_java2.jpg,rectangle_java2.jpg,2109271910,112,764.1957142857143,231.305,715.5,222,90,21,Rectangle,9,class->name
2,138,rectangle_java2.jpg,rectangle_java2.jpg,2109395914,76,827.8310526315789,563.052105263158,775.5,549,62,21,height,6,class->block->function->name
2,138,rectangle_java2.jpg,rectangle_java2.jpg,2109627880,84,837.2004761904763,589.8838095238095,804.5,585,43,21,area,4,class->block->function->name
2,138,rectangle_java2.jpg,rectangle_java2.jpg,2109911914,136,844.6108823529412,611.0291176470588,804.5,621,44,21,void,4,class->block->function->type->name
2,138,rectangle_java2.jpg,rectangle_java2.jpg,2109911914,136,844.6108823529412,611.0291176470588,851.5,621,44,21,main,4,class->block->function->name
2,138,rectangle_java2.jpg,rectangle_java2.jpg,2110103952,148,1066.327027027027,676.5262162162162,1057.5,658,13,20,0,1,class->block->function->block->block_content->decl_stmt->decl->init->expr->call->argument_list->argument->expr->literal
2,138,rectangle_java2.jpg,rectangle_java2.jpg,2110103952,148,1066.327027027027,676.5262162162162,1077.5,658,9,20,",",1,class->block->function->block->block_content->decl_stmt->decl->init->expr->call->argument_list
2,138,rectangle_java2.jpg,rectangle_java2.jpg,2110635721,300,1111.1648,720.6774666666666,1115.5,731,10,20,",",1,class->block->function->block->block_content->decl_stmt->decl->init->expr->call->argument_list
2,138,rectangle_java2.jpg,rectangle_java2.jpg,2110767635,104,1050.1611538461539,721.776923076923,1041.5,731,9,20,(,1,class->block->function->block->block_content->decl_stmt->decl->init->expr->call->argument_list
2,138,rectangle_java2.jpg,rectangle_java2.jpg,2110767635,104,1050.1611538461539,721.776923076923,1057.5,731,13,20,5,1,class->block->function->block->block_content->decl_stmt->decl->init->expr->call->argument_list->argument->expr->literal
2,138,rectangle_java2.jpg,rectangle_java2.jpg,2110987823,152,745.0178947368421,268.0642105263158,747.5,259,33,21,int,3,class->block->decl_stmt->decl->type->name
2,138,rectangle_java2.jpg,rectangle_java2.jpg,2111355753,324,645.6196296296296,234.8382716049383,589.5,222,63,21,public,6,class->specifier
2,138,rectangle_java2.jpg,rectangle_java2.jpg,2111355753,324,645.6196296296296,234.8382716049383,657.5,222,52,21,class,5,class
2,138,rectangle_java2.jpg,rectangle_java2.jpg,2111483769,112,712.8114285714286,234.5417857142857,715.5,222,90,21,Rectangle,9,class->name
2,138,rectangle_java2.jpg,rectangle_java2.jpg,2111703826,68,755.5117647058823,240.6541176470588,715.5,222,90,21,Rectangle,9,class->name
2,138,rectangle_java2.jpg,rectangle_java2.jpg,2111951840,244,756.7849180327869,242.3514754098361,715.5,222,90,21,Rectangle,9,class->name
2,138,rectangle_java2.jpg,rectangle_java2.jpg,2112195787,188,666.4351063829787,219.9185106382979,657.5,222,52,21,class,5,class
2,138,rectangle_java2.jpg,rectangle_java2.jpg,2112307778,64,638.174375,231.18124999999998,589.5,222,63,21,public,6,class->specifier
2,138,rectangle_java2.jpg,rectangle_java2.jpg,2112563464,184,780.7676086956521,270.82065217391306,785.5,259,23,21,x1,2,class->block->decl_stmt->decl->name
2,138,rectangle_java2.jpg,rectangle_java2.jpg,2112699598,108,678.33,263.8874074074074,669.5,259,72,21,private,7,class->block->decl_stmt->decl->type->specifier
2,138,rectangle_java2.jpg,rectangle_java2.jpg,2112855640,96,709.5320833333334,266.2370833333333,669.5,259,72,21,private,7,class->block->decl_stmt->decl->type->specifier
2,138,rectangle_java2.jpg,rectangle_java2.jpg,2112919648,60,712.0426666666667,263.3113333333333,669.5,259,72,21,private,7,class->block->decl_stmt->decl->type->specifier
2,138,rectangle_java2.jpg,rectangle_java2.jpg,2113099673,160,773.4445000000001,258.35625,747.5,259,33,21,int,3,class->block->decl_stmt->decl->type->name
2,138,rectangle_java2.jpg,rectangle_java2.jpg,2113099673,160,773.4445000000001,258.35625,785.5,259,23,21,x1,2,class->block->decl_stmt->decl->name
2,138,rectangle_java2.jpg,rectangle_java2.jpg,2113467685,364,775.5168131868132,272.4218681318681,747.5,259,33,21,int,3,class->block->decl_stmt->decl->type->name
2,138,rectangle_java2.jpg,rectangle_java2.jpg,2113467685,364,775.5168131868132,272.4218681318681,785.5,259,23,21,x1,2,class->block->decl_stmt->decl->name
2,138,rectangle_java2.jpg,rectangle_java2.jpg,2113635720,136,738.9194117647058,284.34882352941173,737.5,295,91,21,Rectangle,9,class->block->constructor->name
2,138,rectangle_java2.jpg,rectangle_java2.jpg,2113803732,128,708.0284375,300.929375,669.5,295,63,21,public,6,class->block->constructor->specifier
2,138,rectangle_java2.jpg,rectangle_java2.jpg,2114015681,144,786.7586111111111,305.88166666666666,737.5,295,91,21,Rectangle,9,class->block->constructor->name
2,138,rectangle_java2.jpg,rectangle_java2.jpg,2114135652,116,784.5189655172413,304.62689655172414,737.5,295,91,21,Rectangle,9,class->block->constructor->name
2,138,rectangle_java2.jpg,rectangle_java2.jpg,2114243605,92,874.8147826086956,310.3013043478261,853.5,295,32,21,int,3,class->block->constructor->parameter_list->parameter->decl->type->name
2,138,rectangle_java2.jpg,rectangle_java2.jpg,2114387490,140,877.1934285714285,299.81771428571426,853.5,295,32,21,int,3,class->block->constructor->parameter_list->parameter->decl->type->name
2,138,rectangle_java2.jpg,rectangle_java2.jpg,2114547475,144,955.9547222222222,301.48555555555555,939.5,295,33,21,int,3,class->block->constructor->parameter_list->parameter->decl->type->name
2,138,rectangle_java2.jpg,rectangle_java2.jpg,2114783503,232,958.3134482758621,306.1448275862069,939.5,295,33,21,int,3,class->block->constructor->parameter_list->parameter->decl->type->name
2,138,rectangle_java2.jpg,rectangle_java2.jpg,2114959528,120,1082.032,304.882,1063.5,295,23,21,x2,2,class->block->constructor->parameter_list->parameter->decl->type->name
2,138,rectangle_java2.jpg,rectangle_java2.jpg,2114959528,120,1082.032,304.882,1094.5,295,9,21,",",1,class->block->constructor->parameter_list
2,138,rectangle_java2.jpg,rectangle_java2.jpg,2115107562,76,1145.4657894736843,313.7031578947368,1112.5,295,33,21,int,3,class->block->constructor->parameter_list->parameter->decl->type->name
2,138,rectangle_java2.jpg,rectangle_java2.jpg,2115107562,76,1145.4657894736843,313.7031578947368,1150.5,295,23,21,y2,2,class->block->constructor->parameter_list->parameter->decl->type->name
2,138,rectangle_java2.jpg,rectangle_java2.jpg,2115383552,208,772.5244230769231,336.5869230769231,730.5,331,71,19,this.x1,7,class->block->constructor->block->block_content->expr_stmt->expr->name->name->operator->name
2,138,rectangle_java2.jpg,rectangle_java2.jpg,2115515536,128,754.5771875,337.053125,730.5,331,71,19,this.x1,7,class->block->constructor->block->block_content->expr_stmt->expr->name->name->operator->name
2,138,rectangle_java2.jpg,rectangle_java2.jpg,2115767527,216,792.7664814814815,326.43944444444446,730.5,331,71,19,this.x1,7,class->block->constructor->block->block_content->expr_stmt->expr->name->name->operator->name
2,138,rectangle_java2.jpg,rectangle_java2.jpg,2115851539,80,794.583,343.53950000000003,730.5,331,71,19,this.x1,7,class->block->constructor->block->block_content->expr_stmt->expr->name->name->operator->name
2,138,rectangle_java2.jpg,rectangle_java2.jpg,2115851539,80,794.583,343.53950000000003,806.5,331,15,19,=,1,class->block->constructor->block->block_content->expr_stmt->expr->operator
2,138,rectangle_java2.jpg,rectangle_java2.jpg,2115951579,60,745.6946666666666,334.354,730.5,331,71,19,this.x1,7,class->block->constructor->block->block_content->expr_stmt->expr->name->name->operator->name
2,138,rectangle_java2.jpg,rectangle_java2.jpg,2116015606,60,751.472,319.6073333333333,730.5,331,71,19,this.x1,7,class->block->constructor->block->block_content->expr_stmt->expr->name->name->operator->name
2,138,rectangle_java2.jpg,rectangle_java2.jpg,2116187542,128,669.711875,290.2746875,669.5,295,63,21,public,6,class->block->constructor->specifier
2,138,rectangle_java2.jpg,rectangle_java2.jpg,2116335427,108,713.4048148148148,293.96592592592594,669.5,295,63,21,public,6,class->block->constructor->specifier
2,138,rectangle_java2.jpg,rectangle_java2.jpg,2116567379,204,763.0929411764706,285.39098039215685,737.5,295,91,21,Rectangle,9,class->block->constructor->name
2,138,rectangle_java2.jpg,rectangle_java2.jpg,2116631373,60,769.5393333333334,298.586,737.5,295,91,21,Rectangle,9,class->block->constructor->name
2,138,rectangle_java2.jpg,rectangle_java2.jpg,2116835389,200,795.4274,302.4348,737.5,295,91,21,Rectangle,9,class->block->constructor->name
2,138,rectangle_java2.jpg,rectangle_java2.jpg,2117135505,244,899.4829508196722,298.99606557377047,890.5,295,24,21,x1,2,class->block->constructor->parameter_list->parameter->decl->type->name
2,138,rectangle_java2.jpg,rectangle_java2.jpg,2117459439,320,898.42,302.354875,890.5,295,24,21,x1,2,class->block->constructor->parameter_list->parameter->decl->type->name
2,138,rectangle_java2.jpg,rectangle_java2.jpg,2117655439,172,953.5332558139535,287.4858139534884,939.5,295,33,21,int,3,class->block->constructor->parameter_list->parameter->decl->type->name
2,138,rectangle_java2.jpg,rectangle_java2.jpg,2117715436,56,959.5485714285714,299.5178571428571,939.5,295,33,21,int,3,class->block->constructor->parameter_list->parameter->decl->type->name
2,138,rectangle_java2.jpg,rectangle_java2.jpg,2117867404,100,1000.6848,288.782,1007.5,295,10,21,",",1,class->block->constructor->parameter_list
2,138,rectangle_java2.jpg,rectangle_java2.jpg,2118011373,96,877.14375,263.47791666666666,881.5,259,23,21,x2,2,class->block->decl_stmt->decl->name
2,138,rectangle_java2.jpg,rectangle_java2.jpg,2118119310,84,724.7304761904762,266.09809523809525,669.5,259,72,21,private,7,class->block->decl_stmt->decl->type->specifier
2,138,rectangle_java2.jpg,rectangle_java2.jpg,2118255147,132,726.4766666666667,273.109696969697,669.5,259,72,21,private,7,class->block->decl_stmt->decl->type->specifier
2,138,rectangle_java2.jpg,rectangle_java2.jpg,2118491276,208,776.0163461538461,253.99076923076922,747.5,259,33,21,int,3,class->block->decl_stmt->decl->type->name
2,138,rectangle_java2.jpg,rectangle_java2.jpg,2118491276,208,776.0163461538461,253.99076923076922,785.5,259,23,21,x1,2,class->block->decl_stmt->decl->name
2,138,rectangle_java2.jpg,rectangle_java2.jpg,2118551291,56,769.2921428571428,247.26857142857142,747.5,259,33,21,int,3,class->block->decl_stmt->decl->type->name
2,138,rectangle_java2.jpg,rectangle_java2.jpg,2118663276,108,737.0781481481481,231.51703703703703,715.5,222,90,21,Rectangle,9,class->name
2,138,rectangle_java2.jpg,rectangle_java2.jpg,2118991287,160,750.1735,239.64499999999998,715.5,222,90,21,Rectangle,9,class->name
2,138,rectangle_java2.jpg,rectangle_java2.jpg,2119111271,92,745.89,287.9665217391304,737.5,295,91,21,Rectangle,9,class->block->constructor->name
2,138,rectangle_java2.jpg,rectangle_java2.jpg,2119207287,92,743.1126086956522,303.91391304347826,737.5,295,91,21,Rectangle,9,class->block->constructor->name
2,138,rectangle_java2.jpg,rectangle_java2.jpg,2119335313,124,749.7667741935484,284.17548387096775,737.5,295,91,21,Rectangle,9,class->block->constructor->name
2,138,rectangle_java2.jpg,rectangle_java2.jpg,2119443311,92,804.555652173913,270.06782608695653,785.5,259,23,21,x1,2,class->block->decl_stmt->decl->name
2,138,rectangle_java2.jpg,rectangle_java2.jpg,2119443311,92,804.555652173913,270.06782608695653,815.5,259,10,21,",",1,class->block->decl_stmt
2,138,rectangle_java2.jpg,rectangle_java2.jpg,2119579294,132,804.8727272727273,258.9660606060606,785.5,259,23,21,x1,2,class->block->decl_stmt->decl->name
2,138,rectangle_java2.jpg,rectangle_java2.jpg,2119579294,132,804.8727272727273,258.9660606060606,815.5,259,10,21,",",1,class->block->decl_stmt
2,138,rectangle_java2.jpg,rectangle_java2.jpg,2119659285,76,818.2663157894737,272.67,815.5,259,10,21,",",1,class->block->decl_stmt
2,138,rectangle_java2.jpg,rectangle_java2.jpg,2119723277,60,843.494,283.0686666666667,837.5,295,9,21,(,1,class->block->constructor->parameter_list
2,138,rectangle_java2.jpg,rectangle_java2.jpg,2119723277,60,843.494,283.0686666666667,853.5,295,32,21,int,3,class->block->constructor->parameter_list->parameter->decl->type->name
2,138,rectangle_java2.jpg,rectangle_java2.jpg,2119859274,132,856.3909090909091,283.0418181818182,853.5,295,32,21,int,3,class->block->constructor->parameter_list->parameter->decl->type->name
2,138,rectangle_java2.jpg,rectangle_java2.jpg,2120231068,224,754.23,289.845,737.5,295,91,21,Rectangle,9,class->block->constructor->name
2,138,rectangle_java2.jpg,rectangle_java2.jpg,2120439141,168,707.5214285714286,294.30809523809523,669.5,295,63,21,public,6,class->block->constructor->specifier
2,138,rectangle_java2.jpg,rectangle_java2.jpg,2120539134,80,969.467,293.5635,939.5,295,33,21,int,3,class->block->constructor->parameter_list->parameter->decl->type->name
2,138,rectangle_java2.jpg,rectangle_java2.jpg,2120539134,80,969.467,293.5635,977.5,295,23,21,y1,2,class->block->constructor->parameter_list->parameter->decl->type->name
2,138,rectangle_java2.jpg,rectangle_java2.jpg,2120763147,220,970.6501818181819,297.68963636363634,939.5,295,33,21,int,3,class->block->constructor->parameter_list->parameter->decl->type->name
2,138,rectangle_java2.jpg,rectangle_java2.jpg,2120763147,220,970.6501818181819,297.68963636363634,977.5,295,23,21,y1,2,class->block->constructor->parameter_list->parameter->decl->type->name
2,138,rectangle_java2.jpg,rectangle_java2.jpg,2120899131,132,977.0469696969697,291.8178787878788,977.5,295,23,21,y1,2,class->block->constructor->parameter_list->parameter->decl->type->name
2,138,rectangle_java2.jpg,rectangle_java2.jpg,2121115195,116,1098.7624137931034,298.43413793103446,1094.5,295,9,21,",",1,class->block->constructor->parameter_list
2,138,rectangle_java2.jpg,rectangle_java2.jpg,2121179212,60,1092.546,310.9646666666667,1094.5,295,9,21,",",1,class->block->constructor->parameter_list
2,138,rectangle_java2.jpg,rectangle_java2.jpg,2121403157,180,803.7611111111111,364.46955555555553,806.5,367,15,21,=,1,class->block->constructor->block->block_content->expr_stmt->expr->operator
2,138,rectangle_java2.jpg,rectangle_java2.jpg,2121467093,60,802.5166666666667,374.3786666666667,806.5,367,15,21,=,1,class->block->constructor->block->block_content->expr_stmt->expr->operator
2,138,rectangle_java2.jpg,rectangle_java2.jpg,2121595054,92,766.1634782608695,405.8686956521739,730.5,404,71,19,this.x2,7,class->block->constructor->block->block_content->expr_stmt->expr->name->name->operator->name
2,138,rectangle_java2.jpg,rectangle_java2.jpg,2121771035,172,764.8781395348838,399.9555813953488,730.5,404,71,19,this.x2,7,class->block->constructor->block->block_content->expr_stmt->expr->name->name->operator->name
2,138,rectangle_java2.jpg,rectangle_java2.jpg,2121854922,64,804.1525,448.968125,806.5,440,15,21,=,1,class->block->constructor->block->block_content->expr_stmt->expr->operator
2,138,rectangle_java2.jpg,rectangle_java2.jpg,2122006911,148,811.8362162162163,451.86756756756756,806.5,440,15,21,=,1,class->block->constructor->block->block_content->expr_stmt->expr->operator
2,138,rectangle_java2.jpg,rectangle_java2.jpg,2122263060,228,689.5540350877193,505.3129824561404,669.5,512,63,21,public,6,class->block->function->type->specifier
2,138,rectangle_java2.jpg,rectangle_java2.jpg,2122347065,56,749.2671428571429,517.2321428571429,737.5,512,33,21,int,3,class->block->function->type->name
2,138,rectangle_java2.jpg,rectangle_java2.jpg,2122563014,212,754.5973584905661,517.1511320754717,737.5,512,33,21,int,3,class->block->function->type->name
2,138,rectangle_java2.jpg,rectangle_java2.jpg,2122766997,200,738.6892,516.0312,737.5,512,33,21,int,3,class->block->function->type->name
2,138,rectangle_java2.jpg,rectangle_java2.jpg,2123074996,260,778.6372307692308,514.6012307692308,775.5,512,53,21,width,5,class->block->function->name
2,138,rectangle_java2.jpg,rectangle_java2.jpg,2123279023,148,807.2745945945946,514.3818918918919,775.5,512,53,21,width,5,class->block->function->name
2,138,rectangle_java2.jpg,rectangle_java2.jpg,2123391025,108,807.0103703703704,516.3474074074074,775.5,512,53,21,width,5,class->block->function->name
2,138,rectangle_java2.jpg,rectangle_java2.jpg,2123603005,160,794.503,530.95675,775.5,512,53,21,width,5,class->block->function->name
2,138,rectangle_java2.jpg,rectangle_java2.jpg,2123730980,76,950.0526315789474,508.12947368421055,891.5,512,62,21,return,6,class->block->function->block->block_content->return->expr->name->name
2,138,rectangle_java2.jpg,rectangle_java2.jpg,2123730980,76,950.0526315789474,508.12947368421055,958.5,512,71,21,this.x2,7,class->block->function->block->block_content->return->expr->name->name->operator->name->operator
2,138,rectangle_java2.jpg,rectangle_java2.jpg,2123870968,136,953.0329411764706,519.8864705882353,891.5,512,62,21,return,6,class->block->function->block->block_content->return->expr->name->name
2,138,rectangle_java2.jpg,rectangle_java2.jpg,2123870968,136,953.0329411764706,519.8864705882353,958.5,512,71,21,this.x2,7,class->block->function->block->block_content->return->expr->name->name->operator->name->operator
2,138,rectangle_java2.jpg,rectangle_java2.jpg,2124082912,172,1062.1081395348838,526.0939534883721,1054.5,512,71,21,this.x1,7,class->block->function->block->block_content->return->expr->name->name->operator->name
2,138,rectangle_java2.jpg,rectangle_java2.jpg,2124366927,280,1069.112,518.7948571428572,1054.5,512,71,21,this.x1,7,class->block->function->block->block_content->return->expr->name->name->operator->name
2,138,rectangle_java2.jpg,rectangle_java2.jpg,2124514895,76,985.6726315789474,517.7252631578947,958.5,512,71,21,this.x2,7,class->block->function->block->block_content->return->expr->name->name->operator->name->operator
2,138,rectangle_java2.jpg,rectangle_java2.jpg,2124618875,100,980.2912,516.8608,958.5,512,71,21,this.x2,7,class->block->function->block->block_content->return->expr->name->name->operator->name->operator
2,138,rectangle_java2.jpg,rectangle_java2.jpg,2124890901,192,781.471875,530.965,775.5,512,53,21,width,5,class->block->function->name
2,138,rectangle_java2.jpg,rectangle_java2.jpg,2124986924,92,783.0669565217391,545.275652173913,775.5,549,62,21,height,6,class->block->function->name
2,138,rectangle_java2.jpg,rectangle_java2.jpg,2125158918,168,796.8835714285715,561.7564285714286,775.5,549,62,21,height,6,class->block->function->name
2,138,rectangle_java2.jpg,rectangle_java2.jpg,2125250894,64,752.3175,578.01875,737.5,585,62,21,double,6,class->block->function->type->name
2,138,rectangle_java2.jpg,rectangle_java2.jpg,2125374870,120,745.0409999999999,576.309,737.5,585,62,21,double,6,class->block->function->type->name
2,138,rectangle_java2.jpg,rectangle_java2.jpg,2125458880,80,739.706,591.048,737.5,585,62,21,double,6,class->block->function->type->name
2,138,rectangle_java2.jpg,rectangle_java2.jpg,2125658767,196,724.1873469387755,573.9397959183674,669.5,585,63,21,public,6,class->block->function->type->specifier
2,138,rectangle_java2.jpg,rectangle_java2.jpg,2125930713,176,682.4261363636364,564.9477272727272,669.5,549,63,21,public,6,class->block->function->type->specifier
2,138,rectangle_java2.jpg,rectangle_java2.jpg,2126106758,92,686.22,601.0004347826087,669.5,585,63,21,public,6,class->block->function->type->specifier
2,138,rectangle_java2.jpg,rectangle_java2.jpg,2126270747,136,746.6976470588236,602.0676470588236,737.5,585,62,21,double,6,class->block->function->type->name
2,138,rectangle_java2.jpg,rectangle_java2.jpg,2126366743,92,757.5217391304348,597.3804347826087,737.5,585,62,21,double,6,class->block->function->type->name
2,138,rectangle_java2.jpg,rectangle_java2.jpg,2126570712,172,810.3818604651162,600.3555813953488,804.5,585,43,21,area,4,class->block->function->name
2,138,rectangle_java2.jpg,rectangle_java2.jpg,2126674713,76,749.1578947368421,599.6905263157895,737.5,585,62,21,double,6,class->block->function->type->name
2,138,rectangle_java2.jpg,rectangle_java2.jpg,2126854745,176,744.8070454545455,585.3097727272727,737.5,585,62,21,double,6,class->block->function->type->name
2,138,rectangle_java2.jpg,rectangle_java2.jpg,2127034735,104,822.9565384615385,586.128076923077,804.5,585,43,21,area,4,class->block->function->name
2,138,rectangle_java2.jpg,rectangle_java2.jpg,2127186723,140,947.7385714285714,579.5182857142858,910.5,585,62,21,return,6,class->block->function->block->block_content->return
2,138,rectangle_java2.jpg,rectangle_java2.jpg,2127314729,84,1070.1719047619047,597.9161904761905,977.5,585,101,21,this.width,10,class->block->function->block->block_content->return->expr->call->name->name->operator->name
2,138,rectangle_java2.jpg,rectangle_java2.jpg,2127434741,116,1081.1131034482758,598.3120689655173,1086.5,585,10,21,(,1,class->block->function->block->block_content->return->expr->call->argument_list
2,138,rectangle_java2.jpg,rectangle_java2.jpg,2127538661,92,1217.0752173913042,594.8578260869565,1140.5,585,110,21,this.height,11,class->block->function->block->block_content->return->expr->call->name->name->operator->name
2,138,rectangle_java2.jpg,rectangle_java2.jpg,2127654537,112,1223.5142857142857,593.0771428571429,1140.5,585,110,21,this.height,11,class->block->function->block->block_content->return->expr->call->name->name->operator->name
2,138,rectangle_java2.jpg,rectangle_java2.jpg,2127822567,132,788.9372727272727,610.4275757575757,738.5,621,61,21,static,6,class->block->function->type->specifier
2,138,rectangle_java2.jpg,rectangle_java2.jpg,2127886607,60,784.2566666666667,619.7633333333333,738.5,621,61,21,static,6,class->block->function->type->specifier
2,138,rectangle_java2.jpg,rectangle_java2.jpg,2127974640,84,747.3366666666667,624.0752380952381,738.5,621,61,21,static,6,class->block->function->type->specifier
2,138,rectangle_java2.jpg,rectangle_java2.jpg,2128098654,108,854.9185185185186,625.4307407407407,851.5,621,44,21,main,4,class->block->function->name
2,138,rectangle_java2.jpg,rectangle_java2.jpg,2128294656,192,849.6827083333334,628.7577083333333,851.5,621,44,21,main,4,class->block->function->name
2,138,rectangle_java2.jpg,rectangle_java2.jpg,2128562635,264,820.7607575757576,631.8513636363637,804.5,621,44,21,void,4,class->block->function->type->name
2,138,rectangle_java2.jpg,rectangle_java2.jpg,2128638616,72,822.8761111111111,630.8666666666667,804.5,621,44,21,void,4,class->block->function->type->name
2,138,rectangle_java2.jpg,rectangle_java2.jpg,2128706595,64,826.225,627.598125,804.5,621,44,21,void,4,class->block->function->type->name
2,138,rectangle_java2.jpg,rectangle_java2.jpg,2128810595,100,814.7388,624.7356,804.5,621,44,21,void,4,class->block->function->type->name
2,138,rectangle_java2.jpg,rectangle_java2.jpg,2128974658,160,860.38925,623.2875,851.5,621,44,21,main,4,class->block->function->name
2,138,rectangle_java2.jpg,rectangle_java2.jpg,2129150701,172,863.15,616.5148837209302,851.5,621,44,21,main,4,class->block->function->name
2,138,rectangle_java2.jpg,rectangle_java2.jpg,2129314615,124,976.2838709677419,630.1283870967742,920.5,621,62,21,String,6,class->block->function->parameter_list->parameter->decl->type->name->name
2,138,rectangle_java2.jpg,rectangle_java2.jpg,2129398465,80,974.67,640.367,920.5,621,62,21,String,6,class->block->function->parameter_list->parameter->decl->type->name->name
2,138,rectangle_java2.jpg,rectangle_java2.jpg,2129510300,84,1029.5919047619047,638.36,1025.5,621,42,21,args,4,class->block->function->parameter_list->parameter->decl->name
2,138,rectangle_java2.jpg,rectangle_java2.jpg,2129594353,60,823.0606666666666,672.64,826.5,658,52,20,rect1,5,class->block->function->block->block_content->decl_stmt->decl->name
2,138,rectangle_java2.jpg,rectangle_java2.jpg,2129654408,56,807.9407142857143,677.6707142857143,730.5,658,91,20,Rectangle,9,class->block->function->block->block_content->decl_stmt->decl->type->name
2,138,rectangle_java2.jpg,rectangle_java2.jpg,2129742484,84,817.5785714285714,685.0509523809524,730.5,694,177,21,System.out.println,18,class->block->function->block->block_content->expr_stmt->expr->call->name->name->operator->name->operator->name
2,138,rectangle_java2.jpg,rectangle_java2.jpg,2129878502,84,786.9028571428571,683.0128571428571,730.5,694,177,21,System.out.println,18,class->block->function->block->block_content->expr_stmt->expr->call->name->name->operator->name->operator->name
2,138,rectangle_java2.jpg,rectangle_java2.jpg,2130414487,220,973.9981818181818,690.286,932.5,694,100,21,rect1.area,10,class->block->function->block->block_content->expr_stmt->expr->call->argument_list->argument->expr->call->name->name->operator->name
2,138,rectangle_java2.jpg,rectangle_java2.jpg,2130518475,88,877.5522727272727,685.1640909090909,730.5,694,177,21,System.out.println,18,class->block->function->block->block_content->expr_stmt->expr->call->name->name->operator->name->operator->name
2,138,rectangle_java2.jpg,rectangle_java2.jpg,2130650509,128,878.9478125,694.2628125,730.5,694,177,21,System.out.println,18,class->block->function->block->block_content->expr_stmt->expr->call->name->name->operator->name->operator->name
2,138,rectangle_java2.jpg,rectangle_java2.jpg,2130854507,168,918.2276190476191,689.9159523809524,916.5,694,9,21,(,1,class->block->function->block->block_content->expr_stmt->expr->call->argument_list
2,138,rectangle_java2.jpg,rectangle_java2.jpg,2131570311,152,1039.8734210526316,703.4742105263158,1041.5,694,9,21,(,1,class->block->function->block->block_content->expr_stmt->expr->call->argument_list->argument->expr->call->argument_list
2,138,rectangle_java2.jpg,rectangle_java2.jpg,2131818230,224,861.72375,689.4275,730.5,694,177,21,System.out.println,18,class->block->function->block->block_content->expr_stmt->expr->call->name->name->operator->name->operator->name
2,138,rectangle_java2.jpg,rectangle_java2.jpg,2131974361,128,1041.1671875,684.4909375,1041.5,694,9,21,(,1,class->block->function->block->block_content->expr_stmt->expr->call->argument_list->argument->expr->call->argument_list
2,138,rectangle_java2.jpg,rectangle_java2.jpg,2132150394,100,1084.846,691.4488,1077.5,694,9,21,),1,class->block->function->block->block_content->expr_stmt->expr->call->argument_list
2,138,rectangle_java2.jpg,rectangle_java2.jpg,2132150394,100,1084.846,691.4488,1096.5,694,10,21,;,1,class->block->function->block->block_content->expr_stmt
2,138,rectangle_java2.jpg,rectangle_java2.jpg,2132890370,184,872.7710869565217,687.9217391304348,730.5,694,177,21,System.out.println,18,class->block->function->block->block_content->expr_stmt->expr->call->name->name->operator->name->operator->name
2,138,rectangle_java2.jpg,rectangle_java2.jpg,2132954372,60,873.844,698.9873333333334,730.5,694,177,21,System.out.println,18,class->block->function->block->block_content->expr_stmt->expr->call->name->name->operator->name->operator->name
2,138,rectangle_java2.jpg,rectangle_java2.jpg,2133186278,172,822.956046511628,325.956511627907,826.5,331,23,19,x1,2,class->block->constructor->block->block_content->expr_stmt->expr->name->name
2,138,rectangle_java2.jpg,rectangle_java2.jpg,2133250162,60,811.4893333333333,325.80266666666665,806.5,331,15,19,=,1,class->block->constructor->block->block_content->expr_stmt->expr->operator
2,138,rectangle_java2.jpg,rectangle_java2.jpg,2133366034,60,1001.9553333333333,291.6093333333333,1007.5,295,10,21,",",1,class->block->constructor->parameter_list
2,138,rectangle_java2.jpg,rectangle_java2.jpg,2133486155,116,1001.2337931034483,288.908275862069,1007.5,295,10,21,",",1,class->block->constructor->parameter_list
2,138,rectangle_java2.jpg,rectangle_java2.jpg,2133554202,64,1007.026875,300.05,1007.5,295,10,21,",",1,class->block->constructor->parameter_list
2,138,rectangle_java2.jpg,rectangle_java2.jpg,2133682235,60,1099.4933333333333,646.532,1095.5,658,13,20,0,1,class->block->function->block->block_content->decl_stmt->decl->init->expr->call->argument_list->argument->expr->literal
2,138,rectangle_java2.jpg,rectangle_java2.jpg,2133878247,192,1098.4825,657.240625,1095.5,658,13,20,0,1,class->block->function->block->block_content->decl_stmt->decl->init->expr->call->argument_list->argument->expr->literal
2,138,rectangle_java2.jpg,rectangle_java2.jpg,2134206169,120,831.126,722.9046666666667,826.5,731,51,20,rect2,5,class->block->function->block->block_content->decl_stmt->decl->name
2,138,rectangle_java2.jpg,rectangle_java2.jpg,2134466204,232,767.6091379310345,730.6315517241379,730.5,731,91,20,Rectangle,9,class->block->function->block->block_content->decl_stmt->decl->type->name
2,138,rectangle_java2.jpg,rectangle_java2.jpg,2134530199,60,763.9626666666667,741.504,730.5,731,91,20,Rectangle,9,class->block->function->block->block_content->decl_stmt->decl->type->name
2,138,rectangle_java2.jpg,rectangle_java2.jpg,2134758227,136,851.3535294117647,741.7202941176471,826.5,731,51,20,rect2,5,class->block->function->block->block_content->decl_stmt->decl->name
2,138,rectangle_java2.jpg,rectangle_java2.jpg,2134878220,96,807.0454166666667,720.9008333333334,730.5,731,91,20,Rectangle,9,class->block->function->block->block_content->decl_stmt->decl->type->name
2,138,rectangle_java2.jpg,rectangle_java2.jpg,2134942206,60,816.072,707.4486666666667,730.5,694,177,21,System.out.println,18,class->block->function->block->block_content->expr_stmt->expr->call->name->name->operator->name->operator->name
2,138,rectangle_java2.jpg,rectangle_java2.jpg,2135193912,192,968.4075,739.2914583333334,941.5,731,91,20,Rectangle,9,class->block->function->block->block_content->decl_stmt->decl->init->expr->call->name
2,138,rectangle_java2.jpg,rectangle_java2.jpg,2135402032,100,1009.1264,736.2404,941.5,731,91,20,Rectangle,9,class->block->function->block->block_content->decl_stmt->decl->init->expr->call->name
2,138,rectangle_java2.jpg,rectangle_java2.jpg,2135502100,96,1018.3658333333333,743.2783333333333,941.5,731,91,20,Rectangle,9,class->block->function->block->block_content->decl_stmt->decl->init->expr->call->name
2,138,rectangle_java2.jpg,rectangle_java2.jpg,2135794141,260,961.8341538461539,734.777076923077,941.5,731,91,20,Rectangle,9,class->block->function->block->block_content->decl_stmt->decl->init->expr->call->name
2,138,rectangle_java2.jpg,rectangle_java2.jpg,2135950139,132,1029.8372727272726,726.7978787878787,941.5,731,91,20,Rectangle,9,class->block->function->block->block_content->decl_stmt->decl->init->expr->call->name
2,138,rectangle_java2.jpg,rectangle_java2.jpg,2135950139,132,1029.8372727272726,726.7978787878787,1041.5,731,9,20,(,1,class->block->function->block->block_content->decl_stmt->decl->init->expr->call->argument_list
2,138,rectangle_java2.jpg,rectangle_java2.jpg,2136106130,152,1031.3218421052632,736.0,941.5,731,91,20,Rectangle,9,class->block->function->block->block_content->decl_stmt->decl->init->expr->call->name
2,138,rectangle_java2.jpg,rectangle_java2.jpg,2136106130,152,1031.3218421052632,736.0,1041.5,731,9,20,(,1,class->block->function->block->block_content->decl_stmt->decl->init->expr->call->argument_list
2,138,rectangle_java2.jpg,rectangle_java2.jpg,2136314111,92,773.4447826086956,719.5808695652174,730.5,731,91,20,Rectangle,9,class->block->function->block->block_content->decl_stmt->decl->type->name
2,138,rectangle_java2.jpg,rectangle_java2.jpg,2136414110,76,845.5484210526316,720.3357894736843,826.5,731,51,20,rect2,5,class->block->function->block->block_content->decl_stmt->decl->name
2,138,rectangle_java2.jpg,rectangle_java2.jpg,2136702091,284,851.3522535211267,727.5457746478874,826.5,731,51,20,rect2,5,class->block->function->block->block_content->decl_stmt->decl->name
2,138,rectangle_java2.jpg,rectangle_java2.jpg,2136929982,152,877.5907894736843,730.2442105263158,883.5,731,15,20,=,1,class->block->function->block->block_content->decl_stmt->decl->init
2,138,rectangle_java2.jpg,rectangle_java2.jpg,2137037881,104,879.8561538461538,729.8615384615384,883.5,731,15,20,=,1,class->block->function->block->block_content->decl_stmt->decl->init
2,138,rectangle_java2.jpg,rectangle_java2.jpg,2137157899,88,860.829090909091,764.1045454545455,730.5,766,177,21,System.out.println,18,class->block->function->block->block_content->expr_stmt->expr->call->name->name->operator->name->operator->name
2,138,rectangle_java2.jpg,rectangle_java2.jpg,2137277959,116,862.0348275862069,772.5037931034483,730.5,766,177,21,System.out.println,18,class->block->function->block->block_content->expr_stmt->expr->call->name->name->operator->name->operator->name
2,138,rectangle_java2.jpg,rectangle_java2.jpg,2137393972,104,1011.9911538461538,765.5138461538462,932.5,766,100,21,rect2.area,10,class->block->function->block->block_content->expr_stmt->expr->call->argument_list->argument->expr->call->name->name->operator->name
2,138,rectangle_java2.jpg,rectangle_java2.jpg,2137497970,100,1020.8308,762.8776,932.5,766,100,21,rect2.area,10,class->block->function->block->block_content->expr_stmt->expr->call->argument_list->argument->expr->call->name->name->operator->name
2,138,rectangle_java2.jpg,rectangle_java2.jpg,2137693998,160,988.84775,766.6385,932.5,766,100,21,rect2.area,10,class->block->function->block->block_content->expr_stmt->expr->call->argument_list->argument->expr->call->name->name->operator->name
2,138,rectangle_java2.jpg,rectangle_java2.jpg,2137881987,148,929.8891891891892,774.8291891891892,932.5,766,100,21,rect2.area,10,class->block->function->block->block_content->expr_stmt->expr->call->argument_list->argument->expr->call->name->name->operator->name
2,138,rectangle_java2.jpg,rectangle_java2.jpg,2138933845,84,840.0190476190477,721.9852380952381,826.5,731,51,20,rect2,5,class->block->function->block->block_content->decl_stmt->decl->name
2,138,rectangle_java2.jpg,rectangle_java2.jpg,2140457790,204,745.2227450980392,454.0729411764705,730.5,440,71,21,this.y2,7,class->block->constructor->block->block_content->expr_stmt->expr->name->name->operator->name
2,138,rectangle_java2.jpg,rectangle_java2.jpg,2140569828,60,794.6933333333334,314.794,737.5,295,91,21,Rectangle,9,class->block->constructor->name
2,138,rectangle_java2.jpg,rectangle_java2.jpg,2140861627,288,789.3955555555556,300.47430555555553,737.5,295,91,21,Rectangle,9,class->block->constructor->name
2,138,rectangle_java2.jpg,rectangle_java2.jpg,2141077686,212,797.7637735849056,298.1241509433962,737.5,295,91,21,Rectangle,9,class->block->constructor->name
