trial,participant,code_file,code_language,timestamp,duration,x_cord,y_cord,aoi_x,aoi_y,aoi_width,aoi_height,token,length,srcML
2,153,rectangle_java2.jpg,rectangle_java2.jpg,2159789074,108,847.427037037037,314.3877777777778,853.5,295,32,21,int,3,class->block->constructor->parameter_list->parameter->decl->type->name
2,153,rectangle_java2.jpg,rectangle_java2.jpg,2159993049,60,748.118,261.17533333333336,747.5,259,33,21,int,3,class->block->decl_stmt->decl->type->name
2,153,rectangle_java2.jpg,rectangle_java2.jpg,2163320780,120,903.409,264.311,881.5,259,23,21,x2,2,class->block->decl_stmt->decl->name
2,153,rectangle_java2.jpg,rectangle_java2.jpg,2163320780,120,903.409,264.311,911.5,259,10,21,",",1,class->block->decl_stmt
2,153,rectangle_java2.jpg,rectangle_java2.jpg,2163400763,60,957.404,261.93066666666664,959.5,259,10,21,;,1,class->block->decl_stmt
2,153,rectangle_java2.jpg,rectangle_java2.jpg,2163644611,88,791.075,274.2104545454545,785.5,259,23,21,x1,2,class->block->decl_stmt->decl->name
2,153,rectangle_java2.jpg,rectangle_java2.jpg,2163868613,96,831.7158333333333,283.56208333333336,837.5,295,9,21,(,1,class->block->constructor->parameter_list
2,153,rectangle_java2.jpg,rectangle_java2.jpg,2163988619,64,823.226875,306.868125,737.5,295,91,21,Rectangle,9,class->block->constructor->name
2,153,rectangle_java2.jpg,rectangle_java2.jpg,2164236554,76,741.9147368421053,302.38,737.5,295,91,21,Rectangle,9,class->block->constructor->name
2,153,rectangle_java2.jpg,rectangle_java2.jpg,2165284472,104,1149.9834615384616,305.6326923076923,1150.5,295,23,21,y2,2,class->block->constructor->parameter_list->parameter->decl->type->name
2,153,rectangle_java2.jpg,rectangle_java2.jpg,2165436467,88,1157.2572727272727,300.2790909090909,1150.5,295,23,21,y2,2,class->block->constructor->parameter_list->parameter->decl->type->name
2,153,rectangle_java2.jpg,rectangle_java2.jpg,2166020714,60,831.1673333333333,325.76800000000003,826.5,331,23,19,x1,2,class->block->constructor->block->block_content->expr_stmt->expr->name->name
2,153,rectangle_java2.jpg,rectangle_java2.jpg,2166132685,108,809.9185185185186,339.55444444444447,806.5,331,15,19,=,1,class->block->constructor->block->block_content->expr_stmt->expr->operator
2,153,rectangle_java2.jpg,rectangle_java2.jpg,2166256525,120,810.3476666666667,324.4683333333333,806.5,331,15,19,=,1,class->block->constructor->block->block_content->expr_stmt->expr->operator
2,153,rectangle_java2.jpg,rectangle_java2.jpg,2167068330,56,819.8707142857143,403.065,806.5,404,15,19,=,1,class->block->constructor->block->block_content->expr_stmt->expr->operator
2,153,rectangle_java2.jpg,rectangle_java2.jpg,2167068330,56,819.8707142857143,403.065,826.5,404,23,19,x2,2,class->block->constructor->block->block_content->expr_stmt->expr->name->name
2,153,rectangle_java2.jpg,rectangle_java2.jpg,2167316350,56,841.1664285714286,405.835,826.5,404,23,19,x2,2,class->block->constructor->block->block_content->expr_stmt->expr->name->name
2,153,rectangle_java2.jpg,rectangle_java2.jpg,2167500307,72,856.7244444444444,416.7161111111111,856.5,404,10,19,;,1,class->block->constructor->block->block_content->expr_stmt
2,153,rectangle_java2.jpg,rectangle_java2.jpg,2167924333,116,783.5772413793103,521.5420689655173,775.5,512,53,21,width,5,class->block->function->name
2,153,rectangle_java2.jpg,rectangle_java2.jpg,2168024340,64,786.185,521.708125,775.5,512,53,21,width,5,class->block->function->name
2,153,rectangle_java2.jpg,rectangle_java2.jpg,2168248381,100,740.6696000000001,536.732,737.5,549,33,21,int,3,class->block->function->type->name
2,153,rectangle_java2.jpg,rectangle_java2.jpg,2168340332,56,738.5364285714286,532.1235714285714,737.5,512,33,21,int,3,class->block->function->type->name
2,153,rectangle_java2.jpg,rectangle_java2.jpg,2168524219,144,804.1694444444445,550.2238888888888,775.5,549,62,21,height,6,class->block->function->name
2,153,rectangle_java2.jpg,rectangle_java2.jpg,2168888181,124,782.5293548387097,540.9383870967742,775.5,549,62,21,height,6,class->block->function->name
2,153,rectangle_java2.jpg,rectangle_java2.jpg,2169088105,76,800.1873684210526,573.7221052631579,804.5,585,43,21,area,4,class->block->function->name
2,153,rectangle_java2.jpg,rectangle_java2.jpg,2169440140,56,862.2321428571429,584.4271428571428,856.5,585,9,21,(,1,class->block->function->parameter_list
2,153,rectangle_java2.jpg,rectangle_java2.jpg,2169440140,56,862.2321428571429,584.4271428571428,873.5,585,9,21,),1,class->block->function->parameter_list
2,153,rectangle_java2.jpg,rectangle_java2.jpg,2169548197,104,828.381923076923,609.6588461538462,804.5,621,44,21,void,4,class->block->function->type->name
2,153,rectangle_java2.jpg,rectangle_java2.jpg,2169660215,76,972.2184210526316,583.7378947368421,910.5,585,62,21,return,6,class->block->function->block->block_content->return
2,153,rectangle_java2.jpg,rectangle_java2.jpg,2169660215,76,972.2184210526316,583.7378947368421,977.5,585,101,21,this.width,10,class->block->function->block->block_content->return->expr->call->name->name->operator->name
2,153,rectangle_java2.jpg,rectangle_java2.jpg,2169800065,128,942.29875,599.1253125,910.5,585,62,21,return,6,class->block->function->block->block_content->return
2,153,rectangle_java2.jpg,rectangle_java2.jpg,2169936089,76,800.9473684210526,623.4515789473684,804.5,621,44,21,void,4,class->block->function->type->name
2,153,rectangle_java2.jpg,rectangle_java2.jpg,2170664030,60,737.0753333333333,561.4686666666666,737.5,549,33,21,int,3,class->block->function->type->name
2,153,rectangle_java2.jpg,rectangle_java2.jpg,2170828051,56,809.6835714285714,529.96,775.5,512,53,21,width,5,class->block->function->name
2,153,rectangle_java2.jpg,rectangle_java2.jpg,2171431784,148,815.5821621621621,626.5235135135135,804.5,621,44,21,void,4,class->block->function->type->name
2,153,rectangle_java2.jpg,rectangle_java2.jpg,2171491734,56,850.4892857142858,625.1278571428571,851.5,621,44,21,main,4,class->block->function->name
2,153,rectangle_java2.jpg,rectangle_java2.jpg,2171639876,92,821.83,630.8095652173913,804.5,621,44,21,void,4,class->block->function->type->name
2,153,rectangle_java2.jpg,rectangle_java2.jpg,2172003979,160,777.50625,622.4435,738.5,621,61,21,static,6,class->block->function->type->specifier
2,153,rectangle_java2.jpg,rectangle_java2.jpg,2172099979,92,781.3478260869565,622.6417391304348,738.5,621,61,21,static,6,class->block->function->type->specifier
2,153,rectangle_java2.jpg,rectangle_java2.jpg,2172163954,60,766.0873333333334,618.6146666666667,738.5,621,61,21,static,6,class->block->function->type->specifier
2,153,rectangle_java2.jpg,rectangle_java2.jpg,2172327912,68,760.6417647058823,615.8764705882353,738.5,621,61,21,static,6,class->block->function->type->specifier
2,153,rectangle_java2.jpg,rectangle_java2.jpg,2172731887,160,820.05825,617.9285,804.5,621,44,21,void,4,class->block->function->type->name
2,153,rectangle_java2.jpg,rectangle_java2.jpg,2172915883,64,869.97875,620.591875,851.5,621,44,21,main,4,class->block->function->name
2,153,rectangle_java2.jpg,rectangle_java2.jpg,2172995834,76,836.161052631579,651.4647368421053,826.5,658,52,20,rect1,5,class->block->function->block->block_content->decl_stmt->decl->name
2,153,rectangle_java2.jpg,rectangle_java2.jpg,2173311810,144,808.5013888888889,662.3891666666667,730.5,658,91,20,Rectangle,9,class->block->function->block->block_content->decl_stmt->decl->type->name
2,153,rectangle_java2.jpg,rectangle_java2.jpg,2173427829,104,769.8976923076923,661.735,730.5,658,91,20,Rectangle,9,class->block->function->block->block_content->decl_stmt->decl->type->name
2,153,rectangle_java2.jpg,rectangle_java2.jpg,2173624043,112,857.3675,658.7967857142858,826.5,658,52,20,rect1,5,class->block->function->block->block_content->decl_stmt->decl->name
2,153,rectangle_java2.jpg,rectangle_java2.jpg,2173752232,124,887.813870967742,635.891935483871,851.5,621,44,21,main,4,class->block->function->name
2,153,rectangle_java2.jpg,rectangle_java2.jpg,2173848064,80,854.221,661.867,826.5,658,52,20,rect1,5,class->block->function->block->block_content->decl_stmt->decl->name
2,153,rectangle_java2.jpg,rectangle_java2.jpg,2173955923,56,868.1478571428571,623.2435714285714,851.5,621,44,21,main,4,class->block->function->name
2,153,rectangle_java2.jpg,rectangle_java2.jpg,2174171771,192,832.1985416666666,615.445625,804.5,621,44,21,void,4,class->block->function->type->name
2,153,rectangle_java2.jpg,rectangle_java2.jpg,2174543433,332,799.3074698795181,562.4509638554217,775.5,549,62,21,height,6,class->block->function->name
2,153,rectangle_java2.jpg,rectangle_java2.jpg,2174615508,60,961.9026666666666,576.6213333333334,910.5,585,62,21,return,6,class->block->function->block->block_content->return
2,153,rectangle_java2.jpg,rectangle_java2.jpg,2174775642,56,984.1814285714286,583.795,977.5,585,101,21,this.width,10,class->block->function->block->block_content->return->expr->call->name->name->operator->name
2,153,rectangle_java2.jpg,rectangle_java2.jpg,2175115681,68,1009.905294117647,583.1182352941177,977.5,585,101,21,this.width,10,class->block->function->block->block_content->return->expr->call->name->name->operator->name
2,153,rectangle_java2.jpg,rectangle_java2.jpg,2175175693,56,1035.635,583.9028571428571,977.5,585,101,21,this.width,10,class->block->function->block->block_content->return->expr->call->name->name->operator->name
2,153,rectangle_java2.jpg,rectangle_java2.jpg,2175479675,112,945.42,682.4832142857143,932.5,694,100,21,rect1.area,10,class->block->function->block->block_content->expr_stmt->expr->call->argument_list->argument->expr->call->name->name->operator->name
2,153,rectangle_java2.jpg,rectangle_java2.jpg,2175763693,72,937.4227777777778,683.8466666666667,932.5,694,100,21,rect1.area,10,class->block->function->block->block_content->expr_stmt->expr->call->argument_list->argument->expr->call->name->name->operator->name
2,153,rectangle_java2.jpg,rectangle_java2.jpg,2175883688,64,847.7225,667.313125,826.5,658,52,20,rect1,5,class->block->function->block->block_content->decl_stmt->decl->name
2,153,rectangle_java2.jpg,rectangle_java2.jpg,2176123453,60,883.6373333333333,677.6706666666666,883.5,658,15,20,=,1,class->block->function->block->block_content->decl_stmt->decl->init
2,153,rectangle_java2.jpg,rectangle_java2.jpg,2176215332,88,882.4127272727272,667.1040909090909,883.5,658,15,20,=,1,class->block->function->block->block_content->decl_stmt->decl->init
2,153,rectangle_java2.jpg,rectangle_java2.jpg,2176443572,120,843.3623333333334,639.6186666666666,804.5,621,44,21,void,4,class->block->function->type->name
2,153,rectangle_java2.jpg,rectangle_java2.jpg,2176443572,120,843.3623333333334,639.6186666666666,851.5,621,44,21,main,4,class->block->function->name
2,153,rectangle_java2.jpg,rectangle_java2.jpg,2176655672,68,758.7370588235294,652.8129411764705,730.5,658,91,20,Rectangle,9,class->block->function->block->block_content->decl_stmt->decl->type->name
2,153,rectangle_java2.jpg,rectangle_java2.jpg,2176787920,68,783.4005882352941,651.9841176470588,730.5,658,91,20,Rectangle,9,class->block->function->block->block_content->decl_stmt->decl->type->name
2,153,rectangle_java2.jpg,rectangle_java2.jpg,2176891866,68,823.9164705882353,564.4058823529411,775.5,549,62,21,height,6,class->block->function->name
2,153,rectangle_java2.jpg,rectangle_java2.jpg,2176955745,60,865.462,569.8953333333333,863.5,549,9,21,),1,class->block->function->parameter_list
2,153,rectangle_java2.jpg,rectangle_java2.jpg,2177095558,68,821.5294117647059,569.3523529411765,775.5,549,62,21,height,6,class->block->function->name
2,153,rectangle_java2.jpg,rectangle_java2.jpg,2177227558,72,819.1794444444445,593.3327777777778,804.5,585,43,21,area,4,class->block->function->name
2,153,rectangle_java2.jpg,rectangle_java2.jpg,2177347520,116,861.9710344827587,581.678275862069,856.5,585,9,21,(,1,class->block->function->parameter_list
2,153,rectangle_java2.jpg,rectangle_java2.jpg,2177347520,116,861.9710344827587,581.678275862069,873.5,585,9,21,),1,class->block->function->parameter_list
2,153,rectangle_java2.jpg,rectangle_java2.jpg,2177499503,76,778.2057894736841,551.8605263157895,775.5,549,62,21,height,6,class->block->function->name
2,153,rectangle_java2.jpg,rectangle_java2.jpg,2177663480,80,779.733,562.9095,775.5,549,62,21,height,6,class->block->function->name
2,153,rectangle_java2.jpg,rectangle_java2.jpg,2177811248,112,840.7064285714285,527.1735714285714,837.5,512,9,21,(,1,class->block->function->parameter_list
2,153,rectangle_java2.jpg,rectangle_java2.jpg,2177875224,60,800.074,512.32,775.5,512,53,21,width,5,class->block->function->name
2,153,rectangle_java2.jpg,rectangle_java2.jpg,2178019348,96,848.8591666666666,403.97583333333336,826.5,404,23,19,x2,2,class->block->constructor->block->block_content->expr_stmt->expr->name->name
2,153,rectangle_java2.jpg,rectangle_java2.jpg,2178019348,96,848.8591666666666,403.97583333333336,856.5,404,10,19,;,1,class->block->constructor->block->block_content->expr_stmt
2,153,rectangle_java2.jpg,rectangle_java2.jpg,2178179412,80,854.0105,380.495,856.5,367,10,21,;,1,class->block->constructor->block->block_content->expr_stmt
2,153,rectangle_java2.jpg,rectangle_java2.jpg,2178243426,60,840.9253333333334,366.80066666666664,826.5,367,23,21,y1,2,class->block->constructor->block->block_content->expr_stmt->expr->name->name
2,153,rectangle_java2.jpg,rectangle_java2.jpg,2178303434,56,793.72,364.98285714285714,730.5,367,71,21,this.y1,7,class->block->constructor->block->block_content->expr_stmt->expr->name->name->operator->name
2,153,rectangle_java2.jpg,rectangle_java2.jpg,2178379441,72,846.0955555555555,372.4316666666667,826.5,367,23,21,y1,2,class->block->constructor->block->block_content->expr_stmt->expr->name->name
2,153,rectangle_java2.jpg,rectangle_java2.jpg,2178379441,72,846.0955555555555,372.4316666666667,856.5,367,10,21,;,1,class->block->constructor->block->block_content->expr_stmt
2,153,rectangle_java2.jpg,rectangle_java2.jpg,2179611128,56,932.2885714285715,575.7542857142857,910.5,585,62,21,return,6,class->block->function->block->block_content->return
2,153,rectangle_java2.jpg,rectangle_java2.jpg,2179931256,124,855.7564516129032,593.9580645161291,856.5,585,9,21,(,1,class->block->function->parameter_list
2,153,rectangle_java2.jpg,rectangle_java2.jpg,2180051197,60,886.2153333333333,575.6053333333333,893.5,585,10,21,{,1,class->block->function->block
2,153,rectangle_java2.jpg,rectangle_java2.jpg,2180175296,64,819.325625,621.51875,804.5,621,44,21,void,4,class->block->function->type->name
2,153,rectangle_java2.jpg,rectangle_java2.jpg,2180259375,64,865.1725,587.095,856.5,585,9,21,(,1,class->block->function->parameter_list
2,153,rectangle_java2.jpg,rectangle_java2.jpg,2180259375,64,865.1725,587.095,873.5,585,9,21,),1,class->block->function->parameter_list
2,153,rectangle_java2.jpg,rectangle_java2.jpg,2180607281,68,1029.6617647058824,617.69,1025.5,621,42,21,args,4,class->block->function->parameter_list->parameter->decl->name
2,153,rectangle_java2.jpg,rectangle_java2.jpg,2180890953,120,1044.756,653.235,1041.5,658,9,20,(,1,class->block->function->block->block_content->decl_stmt->decl->init->expr->call->argument_list
2,153,rectangle_java2.jpg,rectangle_java2.jpg,2182438994,92,939.9869565217391,638.3913043478261,920.5,621,62,21,String,6,class->block->function->parameter_list->parameter->decl->type->name->name
2,153,rectangle_java2.jpg,rectangle_java2.jpg,2182630979,72,1021.6555555555556,596.7022222222222,977.5,585,101,21,this.width,10,class->block->function->block->block_content->return->expr->call->name->name->operator->name
2,153,rectangle_java2.jpg,rectangle_java2.jpg,2182762987,60,1039.742,585.9733333333334,977.5,585,101,21,this.width,10,class->block->function->block->block_content->return->expr->call->name->name->operator->name
2,153,rectangle_java2.jpg,rectangle_java2.jpg,2182866989,100,1044.96,572.7916,977.5,585,101,21,this.width,10,class->block->function->block->block_content->return->expr->call->name->name->operator->name
2,153,rectangle_java2.jpg,rectangle_java2.jpg,2182942993,60,1019.8353333333333,596.5033333333333,977.5,585,101,21,this.width,10,class->block->function->block->block_content->return->expr->call->name->name->operator->name
2,153,rectangle_java2.jpg,rectangle_java2.jpg,2183203021,216,1022.3990740740741,590.2690740740741,977.5,585,101,21,this.width,10,class->block->function->block->block_content->return->expr->call->name->name->operator->name
2,153,rectangle_java2.jpg,rectangle_java2.jpg,2183263024,56,1020.8585714285714,585.5064285714286,977.5,585,101,21,this.width,10,class->block->function->block->block_content->return->expr->call->name->name->operator->name
2,153,rectangle_java2.jpg,rectangle_java2.jpg,2183643031,88,946.3468181818182,546.6968181818182,900.5,549,63,21,return,6,class->block->function->block->block_content->return
2,153,rectangle_java2.jpg,rectangle_java2.jpg,2183895003,76,1005.7668421052632,550.2531578947369,968.5,549,70,21,this.y2,7,class->block->function->block->block_content->return->expr->name->name->operator->name
2,153,rectangle_java2.jpg,rectangle_java2.jpg,2184302904,64,1012.82125,676.115625,941.5,658,91,20,Rectangle,9,class->block->function->block->block_content->decl_stmt->decl->init->expr->call->name
2,153,rectangle_java2.jpg,rectangle_java2.jpg,2184850954,108,956.425925925926,682.1662962962963,932.5,694,100,21,rect1.area,10,class->block->function->block->block_content->expr_stmt->expr->call->argument_list->argument->expr->call->name->name->operator->name
2,153,rectangle_java2.jpg,rectangle_java2.jpg,2185154965,88,859.9504545454546,669.4104545454545,826.5,658,52,20,rect1,5,class->block->function->block->block_content->decl_stmt->decl->name
2,153,rectangle_java2.jpg,rectangle_java2.jpg,2185362884,64,872.030625,690.409375,730.5,694,177,21,System.out.println,18,class->block->function->block->block_content->expr_stmt->expr->call->name->name->operator->name->operator->name
2,153,rectangle_java2.jpg,rectangle_java2.jpg,2185554649,72,881.2472222222223,655.3616666666667,883.5,658,15,20,=,1,class->block->function->block->block_content->decl_stmt->decl->init
2,153,rectangle_java2.jpg,rectangle_java2.jpg,2186986777,92,975.0313043478261,675.1639130434783,941.5,658,91,20,Rectangle,9,class->block->function->block->block_content->decl_stmt->decl->init->expr->call->name
2,153,rectangle_java2.jpg,rectangle_java2.jpg,2187282622,68,876.7105882352942,701.8935294117647,730.5,694,177,21,System.out.println,18,class->block->function->block->block_content->expr_stmt->expr->call->name->name->operator->name->operator->name
2,153,rectangle_java2.jpg,rectangle_java2.jpg,2187374628,88,844.6386363636364,726.8254545454545,826.5,731,51,20,rect2,5,class->block->function->block->block_content->decl_stmt->decl->name
2,153,rectangle_java2.jpg,rectangle_java2.jpg,2189614363,84,1009.2066666666667,729.0066666666667,941.5,731,91,20,Rectangle,9,class->block->function->block->block_content->decl_stmt->decl->init->expr->call->name
