trial,participant,code_file,code_language,timestamp,duration,x_cord,y_cord,aoi_x,aoi_y,aoi_width,aoi_height,token,length,srcML
2,155,rectangle_java2.jpg,rectangle_java2.jpg,4328561345,72,812.8288888888889,212.40722222222223,813.5,222,10,21,{,1,class->block
2,155,rectangle_java2.jpg,rectangle_java2.jpg,4332016998,116,752.1513793103449,210.71172413793101,715.5,222,90,21,Rectangle,9,class->name
2,155,rectangle_java2.jpg,rectangle_java2.jpg,4332321014,56,727.5521428571428,218.3107142857143,715.5,222,90,21,Rectangle,9,class->name
2,155,rectangle_java2.jpg,rectangle_java2.jpg,4332381016,56,732.15,220.58785714285716,715.5,222,90,21,Rectangle,9,class->name
2,155,rectangle_java2.jpg,rectangle_java2.jpg,4332760939,64,771.68875,215.749375,715.5,222,90,21,Rectangle,9,class->name
2,155,rectangle_java2.jpg,rectangle_java2.jpg,4332920862,84,781.0085714285715,213.85142857142853,715.5,222,90,21,Rectangle,9,class->name
2,155,rectangle_java2.jpg,rectangle_java2.jpg,4335048837,56,831.0942857142857,258.505,833.5,259,23,21,y1,2,class->block->decl_stmt->decl->name
2,155,rectangle_java2.jpg,rectangle_java2.jpg,4335184780,60,810.2826666666667,246.6493333333333,815.5,259,10,21,",",1,class->block->decl_stmt
2,155,rectangle_java2.jpg,rectangle_java2.jpg,4335248734,60,811.95,266.502,815.5,259,10,21,",",1,class->block->decl_stmt
2,155,rectangle_java2.jpg,rectangle_java2.jpg,4335492635,88,893.76,246.5,881.5,259,23,21,x2,2,class->block->decl_stmt->decl->name
2,155,rectangle_java2.jpg,rectangle_java2.jpg,4336612660,100,813.83,277.9396,815.5,259,10,21,",",1,class->block->decl_stmt
2,155,rectangle_java2.jpg,rectangle_java2.jpg,4336704640,88,819.0122727272727,296.12227272727273,737.5,295,91,21,Rectangle,9,class->block->constructor->name
2,155,rectangle_java2.jpg,rectangle_java2.jpg,4336880605,120,797.812,294.88,737.5,295,91,21,Rectangle,9,class->block->constructor->name
2,155,rectangle_java2.jpg,rectangle_java2.jpg,4336972588,72,854.2816666666666,298.6922222222222,853.5,295,32,21,int,3,class->block->constructor->parameter_list->parameter->decl->type->name
2,155,rectangle_java2.jpg,rectangle_java2.jpg,4337060592,84,864.1371428571429,308.1952380952381,853.5,295,32,21,int,3,class->block->constructor->parameter_list->parameter->decl->type->name
2,155,rectangle_java2.jpg,rectangle_java2.jpg,4337216607,64,904.60625,299.30562499999996,890.5,295,24,21,x1,2,class->block->constructor->parameter_list->parameter->decl->type->name
2,155,rectangle_java2.jpg,rectangle_java2.jpg,4337300626,80,907.5455,313.7905,890.5,295,24,21,x1,2,class->block->constructor->parameter_list->parameter->decl->type->name
2,155,rectangle_java2.jpg,rectangle_java2.jpg,4337448569,68,967.2029411764706,274.1841176470588,959.5,259,10,21,;,1,class->block->decl_stmt
2,155,rectangle_java2.jpg,rectangle_java2.jpg,4337904569,60,823.7826666666667,340.28000000000003,826.5,331,23,19,x1,2,class->block->constructor->block->block_content->expr_stmt->expr->name->name
2,155,rectangle_java2.jpg,rectangle_java2.jpg,4337968574,60,833.1,337.434,826.5,331,23,19,x1,2,class->block->constructor->block->block_content->expr_stmt->expr->name->name
2,155,rectangle_java2.jpg,rectangle_java2.jpg,4338056595,84,842.1433333333333,328.26476190476194,826.5,331,23,19,x1,2,class->block->constructor->block->block_content->expr_stmt->expr->name->name
2,155,rectangle_java2.jpg,rectangle_java2.jpg,4338248642,68,834.9282352941176,329.67,826.5,331,23,19,x1,2,class->block->constructor->block->block_content->expr_stmt->expr->name->name
2,155,rectangle_java2.jpg,rectangle_java2.jpg,4339304448,172,834.9232558139535,337.47372093023256,826.5,331,23,19,x1,2,class->block->constructor->block->block_content->expr_stmt->expr->name->name
2,155,rectangle_java2.jpg,rectangle_java2.jpg,4339368412,60,845.8233333333334,349.164,826.5,331,23,19,x1,2,class->block->constructor->block->block_content->expr_stmt->expr->name->name
2,155,rectangle_java2.jpg,rectangle_java2.jpg,4339368412,60,845.8233333333334,349.164,856.5,331,10,19,;,1,class->block->constructor->block->block_content->expr_stmt
2,155,rectangle_java2.jpg,rectangle_java2.jpg,4339452369,80,836.3565,341.2855,826.5,331,23,19,x1,2,class->block->constructor->block->block_content->expr_stmt->expr->name->name
2,155,rectangle_java2.jpg,rectangle_java2.jpg,4339636409,180,826.7455555555556,356.58133333333336,826.5,367,23,21,y1,2,class->block->constructor->block->block_content->expr_stmt->expr->name->name
2,155,rectangle_java2.jpg,rectangle_java2.jpg,4339784414,96,843.6183333333333,378.4845833333333,826.5,367,23,21,y1,2,class->block->constructor->block->block_content->expr_stmt->expr->name->name
2,155,rectangle_java2.jpg,rectangle_java2.jpg,4339852415,64,852.12625,365.21625,856.5,367,10,21,;,1,class->block->constructor->block->block_content->expr_stmt
2,155,rectangle_java2.jpg,rectangle_java2.jpg,4340884347,68,848.9241176470588,445.66647058823537,826.5,440,23,21,y2,2,class->block->constructor->block->block_content->expr_stmt->expr->name->name
2,155,rectangle_java2.jpg,rectangle_java2.jpg,4340884347,68,848.9241176470588,445.66647058823537,856.5,440,10,21,;,1,class->block->constructor->block->block_content->expr_stmt
2,155,rectangle_java2.jpg,rectangle_java2.jpg,4340944329,56,850.2435714285714,430.84142857142865,856.5,440,10,21,;,1,class->block->constructor->block->block_content->expr_stmt
2,155,rectangle_java2.jpg,rectangle_java2.jpg,4341048297,100,850.8736,417.27160000000003,856.5,404,10,19,;,1,class->block->constructor->block->block_content->expr_stmt
2,155,rectangle_java2.jpg,rectangle_java2.jpg,4341152307,64,800.709375,413.2068750000001,730.5,404,71,19,this.x2,7,class->block->constructor->block->block_content->expr_stmt->expr->name->name->operator->name
2,155,rectangle_java2.jpg,rectangle_java2.jpg,4341152307,64,800.709375,413.2068750000001,806.5,404,15,19,=,1,class->block->constructor->block->block_content->expr_stmt->expr->operator
2,155,rectangle_java2.jpg,rectangle_java2.jpg,4341212313,56,798.32,441.4685714285714,730.5,440,71,21,this.y2,7,class->block->constructor->block->block_content->expr_stmt->expr->name->name->operator->name
2,155,rectangle_java2.jpg,rectangle_java2.jpg,4341212313,56,798.32,441.4685714285714,806.5,440,15,21,=,1,class->block->constructor->block->block_content->expr_stmt->expr->operator
2,155,rectangle_java2.jpg,rectangle_java2.jpg,4342896169,68,765.4505882352942,210.8735294117647,715.5,222,90,21,Rectangle,9,class->name
2,155,rectangle_java2.jpg,rectangle_java2.jpg,4344236172,72,817.2105555555555,516.6727777777778,775.5,512,53,21,width,5,class->block->function->name
2,155,rectangle_java2.jpg,rectangle_java2.jpg,4344300134,60,818.5493333333334,523.948,775.5,512,53,21,width,5,class->block->function->name
2,155,rectangle_java2.jpg,rectangle_java2.jpg,4344452061,120,772.1676666666667,519.864,775.5,512,53,21,width,5,class->block->function->name
2,155,rectangle_java2.jpg,rectangle_java2.jpg,4344512062,56,771.1907142857143,513.9978571428571,775.5,512,53,21,width,5,class->block->function->name
2,155,rectangle_java2.jpg,rectangle_java2.jpg,4344972108,88,880.7063636363637,508.02454545454543,874.5,512,10,21,{,1,class->block->function->block
2,155,rectangle_java2.jpg,rectangle_java2.jpg,4344972108,88,880.7063636363637,508.02454545454543,891.5,512,62,21,return,6,class->block->function->block->block_content->return->expr->name->name
2,155,rectangle_java2.jpg,rectangle_java2.jpg,4345200085,72,806.2338888888889,503.3366666666666,775.5,512,53,21,width,5,class->block->function->name
2,155,rectangle_java2.jpg,rectangle_java2.jpg,4345296082,60,883.6633333333333,507.1120000000001,874.5,512,10,21,{,1,class->block->function->block
2,155,rectangle_java2.jpg,rectangle_java2.jpg,4345296082,60,883.6633333333333,507.1120000000001,891.5,512,62,21,return,6,class->block->function->block->block_content->return->expr->name->name
2,155,rectangle_java2.jpg,rectangle_java2.jpg,4345420083,56,886.8321428571429,511.21785714285716,891.5,512,62,21,return,6,class->block->function->block->block_content->return->expr->name->name
2,155,rectangle_java2.jpg,rectangle_java2.jpg,4345528085,60,863.624,532.132,874.5,512,10,21,{,1,class->block->function->block
2,155,rectangle_java2.jpg,rectangle_java2.jpg,4345620090,88,874.4559090909091,523.5513636363636,874.5,512,10,21,{,1,class->block->function->block
2,155,rectangle_java2.jpg,rectangle_java2.jpg,4345816086,96,805.5258333333334,545.3504166666667,775.5,549,62,21,height,6,class->block->function->name
2,155,rectangle_java2.jpg,rectangle_java2.jpg,4345896084,76,792.828947368421,539.1789473684211,775.5,549,62,21,height,6,class->block->function->name
2,155,rectangle_java2.jpg,rectangle_java2.jpg,4346231947,72,914.6216666666667,549.4555555555555,900.5,549,63,21,return,6,class->block->function->block->block_content->return
2,155,rectangle_java2.jpg,rectangle_java2.jpg,4346491810,64,959.45625,554.164375,900.5,549,63,21,return,6,class->block->function->block->block_content->return
2,155,rectangle_java2.jpg,rectangle_java2.jpg,4346491810,64,959.45625,554.164375,968.5,549,70,21,this.y2,7,class->block->function->block->block_content->return->expr->name->name->operator->name
2,155,rectangle_java2.jpg,rectangle_java2.jpg,4346655902,80,949.8975,568.68,900.5,549,63,21,return,6,class->block->function->block->block_content->return
2,155,rectangle_java2.jpg,rectangle_java2.jpg,4346815917,104,1006.4746153846154,538.7065384615385,968.5,549,70,21,this.y2,7,class->block->function->block->block_content->return->expr->name->name->operator->name
2,155,rectangle_java2.jpg,rectangle_java2.jpg,4347055921,152,954.8197368421053,564.5371052631579,900.5,549,63,21,return,6,class->block->function->block->block_content->return
2,155,rectangle_java2.jpg,rectangle_java2.jpg,4347319948,260,948.9801538461538,560.3886153846154,900.5,549,63,21,return,6,class->block->function->block->block_content->return
2,155,rectangle_java2.jpg,rectangle_java2.jpg,4347511929,76,995.051052631579,574.3336842105263,977.5,585,101,21,this.width,10,class->block->function->block->block_content->return->expr->call->name->name->operator->name
2,155,rectangle_java2.jpg,rectangle_java2.jpg,4347675868,72,1057.9205555555557,561.9672222222222,1045.5,549,13,21,-,1,class->block->function->block->block_content->return->expr->operator
2,155,rectangle_java2.jpg,rectangle_java2.jpg,4347675868,72,1057.9205555555557,561.9672222222222,1064.5,549,71,21,this.y1,7,class->block->function->block->block_content->return->expr->name->name->operator->name
2,155,rectangle_java2.jpg,rectangle_java2.jpg,4347783796,104,1054.9784615384615,562.8353846153846,1045.5,549,13,21,-,1,class->block->function->block->block_content->return->expr->operator
2,155,rectangle_java2.jpg,rectangle_java2.jpg,4347783796,104,1054.9784615384615,562.8353846153846,1064.5,549,71,21,this.y1,7,class->block->function->block->block_content->return->expr->name->name->operator->name
2,155,rectangle_java2.jpg,rectangle_java2.jpg,4347903814,116,1060.2044827586208,557.841724137931,1064.5,549,71,21,this.y1,7,class->block->function->block->block_content->return->expr->name->name->operator->name
2,155,rectangle_java2.jpg,rectangle_java2.jpg,4347987853,80,1057.857,568.1525,1045.5,549,13,21,-,1,class->block->function->block->block_content->return->expr->operator
2,155,rectangle_java2.jpg,rectangle_java2.jpg,4347987853,80,1057.857,568.1525,1064.5,549,71,21,this.y1,7,class->block->function->block->block_content->return->expr->name->name->operator->name
2,155,rectangle_java2.jpg,rectangle_java2.jpg,4348383814,92,974.6565217391304,529.5752173913044,958.5,512,71,21,this.x2,7,class->block->function->block->block_content->return->expr->name->name->operator->name->operator
2,155,rectangle_java2.jpg,rectangle_java2.jpg,4348447805,60,977.3253333333333,539.932,968.5,549,70,21,this.y2,7,class->block->function->block->block_content->return->expr->name->name->operator->name
2,155,rectangle_java2.jpg,rectangle_java2.jpg,4348739817,188,1032.1272340425533,577.1993617021277,977.5,585,101,21,this.width,10,class->block->function->block->block_content->return->expr->call->name->name->operator->name
2,155,rectangle_java2.jpg,rectangle_java2.jpg,4348871799,100,1078.8752,567.2316,1064.5,549,71,21,this.y1,7,class->block->function->block->block_content->return->expr->name->name->operator->name
2,155,rectangle_java2.jpg,rectangle_java2.jpg,4349123803,184,1150.5767391304348,565.6321739130435,1142.5,549,10,21,;,1,class->block->function->block->block_content->return
2,155,rectangle_java2.jpg,rectangle_java2.jpg,4349123803,184,1150.5767391304348,565.6321739130435,1161.5,549,10,21,},1,class->block->function->block
2,155,rectangle_java2.jpg,rectangle_java2.jpg,4349775778,84,1042.337619047619,563.8428571428572,1045.5,549,13,21,-,1,class->block->function->block->block_content->return->expr->operator
2,155,rectangle_java2.jpg,rectangle_java2.jpg,4349963765,184,1035.4208695652173,563.6717391304348,968.5,549,70,21,this.y2,7,class->block->function->block->block_content->return->expr->name->name->operator->name
2,155,rectangle_java2.jpg,rectangle_java2.jpg,4349963765,184,1035.4208695652173,563.6717391304348,1045.5,549,13,21,-,1,class->block->function->block->block_content->return->expr->operator
2,155,rectangle_java2.jpg,rectangle_java2.jpg,4350115662,104,893.395,592.6057692307693,893.5,585,10,21,{,1,class->block->function->block
2,155,rectangle_java2.jpg,rectangle_java2.jpg,4350207524,88,905.0363636363636,585.9077272727272,910.5,585,62,21,return,6,class->block->function->block->block_content->return
2,155,rectangle_java2.jpg,rectangle_java2.jpg,4350267495,56,890.715,594.8864285714286,893.5,585,10,21,{,1,class->block->function->block
2,155,rectangle_java2.jpg,rectangle_java2.jpg,4350367603,60,926.8546666666666,593.5233333333333,910.5,585,62,21,return,6,class->block->function->block->block_content->return
2,155,rectangle_java2.jpg,rectangle_java2.jpg,4350455688,84,938.0885714285714,594.9552380952381,910.5,585,62,21,return,6,class->block->function->block->block_content->return
2,155,rectangle_java2.jpg,rectangle_java2.jpg,4350519669,60,928.018,592.7666666666667,910.5,585,62,21,return,6,class->block->function->block->block_content->return
2,155,rectangle_java2.jpg,rectangle_java2.jpg,4350759666,192,1003.6066666666667,598.0835416666666,977.5,585,101,21,this.width,10,class->block->function->block->block_content->return->expr->call->name->name->operator->name
2,155,rectangle_java2.jpg,rectangle_java2.jpg,4350899687,116,1056.6503448275862,595.938275862069,977.5,585,101,21,this.width,10,class->block->function->block->block_content->return->expr->call->name->name->operator->name
2,155,rectangle_java2.jpg,rectangle_java2.jpg,4350983672,80,1065.742,602.1305,977.5,585,101,21,this.width,10,class->block->function->block->block_content->return->expr->call->name->name->operator->name
2,155,rectangle_java2.jpg,rectangle_java2.jpg,4351231606,88,1111.8768181818182,598.5072727272727,1103.5,585,9,21,),1,class->block->function->block->block_content->return->expr->call->argument_list
2,155,rectangle_java2.jpg,rectangle_java2.jpg,4351231606,88,1111.8768181818182,598.5072727272727,1122.5,585,12,21,*,1,class->block->function->block->block_content->return->expr->operator
2,155,rectangle_java2.jpg,rectangle_java2.jpg,4351383601,88,1138.7227272727273,601.0486363636363,1140.5,585,110,21,this.height,11,class->block->function->block->block_content->return->expr->call->name->name->operator->name
2,155,rectangle_java2.jpg,rectangle_java2.jpg,4351595631,156,927.5120512820513,600.6958974358975,910.5,585,62,21,return,6,class->block->function->block->block_content->return
2,155,rectangle_java2.jpg,rectangle_java2.jpg,4351675650,76,928.89,611.5742105263158,920.5,621,62,21,String,6,class->block->function->parameter_list->parameter->decl->type->name->name
2,155,rectangle_java2.jpg,rectangle_java2.jpg,4351983643,80,974.4195,596.77,977.5,585,101,21,this.width,10,class->block->function->block->block_content->return->expr->call->name->name->operator->name
2,155,rectangle_java2.jpg,rectangle_java2.jpg,4352203636,80,1107.9345,579.921,1103.5,585,9,21,),1,class->block->function->block->block_content->return->expr->call->argument_list
2,155,rectangle_java2.jpg,rectangle_java2.jpg,4352307626,56,1134.297142857143,598.7578571428571,1122.5,585,12,21,*,1,class->block->function->block->block_content->return->expr->operator
2,155,rectangle_java2.jpg,rectangle_java2.jpg,4352307626,56,1134.297142857143,598.7578571428571,1140.5,585,110,21,this.height,11,class->block->function->block->block_content->return->expr->call->name->name->operator->name
2,155,rectangle_java2.jpg,rectangle_java2.jpg,4352491546,132,1140.9630303030303,603.6742424242424,1140.5,585,110,21,this.height,11,class->block->function->block->block_content->return->expr->call->name->name->operator->name
2,155,rectangle_java2.jpg,rectangle_java2.jpg,4352663517,96,1038.0666666666666,574.1225,977.5,585,101,21,this.width,10,class->block->function->block->block_content->return->expr->call->name->name->operator->name
2,155,rectangle_java2.jpg,rectangle_java2.jpg,4352747519,80,1042.259,583.695,977.5,585,101,21,this.width,10,class->block->function->block->block_content->return->expr->call->name->name->operator->name
2,155,rectangle_java2.jpg,rectangle_java2.jpg,4352823521,72,1032.7166666666667,588.4738888888888,977.5,585,101,21,this.width,10,class->block->function->block->block_content->return->expr->call->name->name->operator->name
2,155,rectangle_java2.jpg,rectangle_java2.jpg,4352891520,64,1035.26875,588.993125,977.5,585,101,21,this.width,10,class->block->function->block->block_content->return->expr->call->name->name->operator->name
2,155,rectangle_java2.jpg,rectangle_java2.jpg,4353071499,144,929.1438888888889,619.0730555555556,920.5,621,62,21,String,6,class->block->function->parameter_list->parameter->decl->type->name->name
2,155,rectangle_java2.jpg,rectangle_java2.jpg,4353211549,96,861.7933333333333,655.7624999999999,826.5,658,52,20,rect1,5,class->block->function->block->block_content->decl_stmt->decl->name
2,155,rectangle_java2.jpg,rectangle_java2.jpg,4353539545,112,862.3457142857143,521.0753571428571,854.5,512,9,21,),1,class->block->function->parameter_list
2,155,rectangle_java2.jpg,rectangle_java2.jpg,4353539545,112,862.3457142857143,521.0753571428571,874.5,512,10,21,{,1,class->block->function->block
2,155,rectangle_java2.jpg,rectangle_java2.jpg,4353683584,104,851.8988461538462,536.6196153846154,846.5,549,10,21,(,1,class->block->function->parameter_list
2,155,rectangle_java2.jpg,rectangle_java2.jpg,4353683584,104,851.8988461538462,536.6196153846154,863.5,549,9,21,),1,class->block->function->parameter_list
2,155,rectangle_java2.jpg,rectangle_java2.jpg,4354123259,68,891.7482352941176,671.0400000000001,883.5,658,15,20,=,1,class->block->function->block->block_content->decl_stmt->decl->init
2,155,rectangle_java2.jpg,rectangle_java2.jpg,4354123259,68,891.7482352941176,671.0400000000001,902.5,658,34,20,new,3,class->block->function->block->block_content->decl_stmt->decl->init->expr->operator
2,155,rectangle_java2.jpg,rectangle_java2.jpg,4354311374,100,896.1684,674.9056,883.5,658,15,20,=,1,class->block->function->block->block_content->decl_stmt->decl->init
2,155,rectangle_java2.jpg,rectangle_java2.jpg,4354311374,100,896.1684,674.9056,902.5,658,34,20,new,3,class->block->function->block->block_content->decl_stmt->decl->init->expr->operator
2,155,rectangle_java2.jpg,rectangle_java2.jpg,4354571439,200,832.2502,641.0042,804.5,621,44,21,void,4,class->block->function->type->name
2,155,rectangle_java2.jpg,rectangle_java2.jpg,4354631406,56,837.4378571428572,647.3778571428571,826.5,658,52,20,rect1,5,class->block->function->block->block_content->decl_stmt->decl->name
2,155,rectangle_java2.jpg,rectangle_java2.jpg,4354759393,72,889.6361111111112,675.6288888888889,883.5,658,15,20,=,1,class->block->function->block->block_content->decl_stmt->decl->init
2,155,rectangle_java2.jpg,rectangle_java2.jpg,4354943445,112,958.9596428571429,669.1789285714286,941.5,658,91,20,Rectangle,9,class->block->function->block->block_content->decl_stmt->decl->init->expr->call->name
2,155,rectangle_java2.jpg,rectangle_java2.jpg,4355095451,148,959.4932432432432,671.6781081081081,941.5,658,91,20,Rectangle,9,class->block->function->block->block_content->decl_stmt->decl->init->expr->call->name
2,155,rectangle_java2.jpg,rectangle_java2.jpg,4355323433,224,960.16125,671.0169642857143,941.5,658,91,20,Rectangle,9,class->block->function->block->block_content->decl_stmt->decl->init->expr->call->name
2,155,rectangle_java2.jpg,rectangle_java2.jpg,4355443449,56,1026.1142857142856,676.6792857142857,941.5,658,91,20,Rectangle,9,class->block->function->block->block_content->decl_stmt->decl->init->expr->call->name
2,155,rectangle_java2.jpg,rectangle_java2.jpg,4355547443,100,1009.8984,664.4624,941.5,658,91,20,Rectangle,9,class->block->function->block->block_content->decl_stmt->decl->init->expr->call->name
2,155,rectangle_java2.jpg,rectangle_java2.jpg,4355835289,232,949.9755172413793,671.869827586207,941.5,658,91,20,Rectangle,9,class->block->function->block->block_content->decl_stmt->decl->init->expr->call->name
2,155,rectangle_java2.jpg,rectangle_java2.jpg,4355955133,116,947.7072413793103,672.3824137931034,941.5,658,91,20,Rectangle,9,class->block->function->block->block_content->decl_stmt->decl->init->expr->call->name
2,155,rectangle_java2.jpg,rectangle_java2.jpg,4356027136,68,939.0929411764706,673.655294117647,941.5,658,91,20,Rectangle,9,class->block->function->block->block_content->decl_stmt->decl->init->expr->call->name
2,155,rectangle_java2.jpg,rectangle_java2.jpg,4356215237,68,1072.4741176470588,676.2323529411765,1077.5,658,9,20,",",1,class->block->function->block->block_content->decl_stmt->decl->init->expr->call->argument_list
2,155,rectangle_java2.jpg,rectangle_java2.jpg,4356431290,60,1070.9366666666667,672.5033333333333,1077.5,658,9,20,",",1,class->block->function->block->block_content->decl_stmt->decl->init->expr->call->argument_list
2,155,rectangle_java2.jpg,rectangle_java2.jpg,4356555319,120,1082.7943333333333,670.5246666666667,1077.5,658,9,20,",",1,class->block->function->block->block_content->decl_stmt->decl->init->expr->call->argument_list
2,155,rectangle_java2.jpg,rectangle_java2.jpg,4356759306,68,1136.08,661.7788235294117,1134.5,658,22,20,10,2,class->block->function->block->block_content->decl_stmt->decl->init->expr->call->argument_list->argument->expr->literal
2,155,rectangle_java2.jpg,rectangle_java2.jpg,4356999335,184,1218.2239130434782,659.6204347826088,1211.5,658,9,20,),1,class->block->function->block->block_content->decl_stmt->decl->init->expr->call->argument_list
2,155,rectangle_java2.jpg,rectangle_java2.jpg,4357071329,68,1223.2411764705882,666.2658823529412,1231.5,658,10,20,;,1,class->block->function->block->block_content->decl_stmt
2,155,rectangle_java2.jpg,rectangle_java2.jpg,4357259289,92,975.0343478260869,682.3660869565217,932.5,694,100,21,rect1.area,10,class->block->function->block->block_content->expr_stmt->expr->call->argument_list->argument->expr->call->name->name->operator->name
2,155,rectangle_java2.jpg,rectangle_java2.jpg,4357547293,144,941.0258333333334,675.4691666666666,941.5,658,91,20,Rectangle,9,class->block->function->block->block_content->decl_stmt->decl->init->expr->call->name
2,155,rectangle_java2.jpg,rectangle_java2.jpg,4357687276,136,940.4441176470589,683.5688235294117,932.5,694,100,21,rect1.area,10,class->block->function->block->block_content->expr_stmt->expr->call->argument_list->argument->expr->call->name->name->operator->name
2,155,rectangle_java2.jpg,rectangle_java2.jpg,4357875132,64,945.908125,685.720625,932.5,694,100,21,rect1.area,10,class->block->function->block->block_content->expr_stmt->expr->call->argument_list->argument->expr->call->name->name->operator->name
2,155,rectangle_java2.jpg,rectangle_java2.jpg,4358031163,120,1026.9196666666667,681.6076666666667,932.5,694,100,21,rect1.area,10,class->block->function->block->block_content->expr_stmt->expr->call->argument_list->argument->expr->call->name->name->operator->name
2,155,rectangle_java2.jpg,rectangle_java2.jpg,4358203207,92,1123.5452173913043,665.3426086956522,1115.5,658,10,20,",",1,class->block->function->block->block_content->decl_stmt->decl->init->expr->call->argument_list
2,155,rectangle_java2.jpg,rectangle_java2.jpg,4358203207,92,1123.5452173913043,665.3426086956522,1134.5,658,22,20,10,2,class->block->function->block->block_content->decl_stmt->decl->init->expr->call->argument_list->argument->expr->literal
2,155,rectangle_java2.jpg,rectangle_java2.jpg,4358283201,76,1124.8826315789474,673.9731578947368,1115.5,658,10,20,",",1,class->block->function->block->block_content->decl_stmt->decl->init->expr->call->argument_list
2,155,rectangle_java2.jpg,rectangle_java2.jpg,4358283201,76,1124.8826315789474,673.9731578947368,1134.5,658,22,20,10,2,class->block->function->block->block_content->decl_stmt->decl->init->expr->call->argument_list->argument->expr->literal
2,155,rectangle_java2.jpg,rectangle_java2.jpg,4358455160,124,1179.4216129032259,655.37,1182.5,658,22,20,10,2,class->block->function->block->block_content->decl_stmt->decl->init->expr->call->argument_list->argument->expr->literal
2,155,rectangle_java2.jpg,rectangle_java2.jpg,4358755112,84,966.8580952380952,547.5766666666667,968.5,549,70,21,this.y2,7,class->block->function->block->block_content->return->expr->name->name->operator->name
2,155,rectangle_java2.jpg,rectangle_java2.jpg,4358827083,68,969.3011764705882,548.9723529411765,968.5,549,70,21,this.y2,7,class->block->function->block->block_content->return->expr->name->name->operator->name
2,155,rectangle_java2.jpg,rectangle_java2.jpg,4358943108,64,963.5387499999999,562.2875,968.5,549,70,21,this.y2,7,class->block->function->block->block_content->return->expr->name->name->operator->name
2,155,rectangle_java2.jpg,rectangle_java2.jpg,4359043132,60,950.4006666666667,547.1326666666666,900.5,549,63,21,return,6,class->block->function->block->block_content->return
2,155,rectangle_java2.jpg,rectangle_java2.jpg,4359123132,76,936.0784210526316,564.4284210526316,900.5,549,63,21,return,6,class->block->function->block->block_content->return
2,155,rectangle_java2.jpg,rectangle_java2.jpg,4359227129,56,928.6085714285714,552.8892857142857,900.5,549,63,21,return,6,class->block->function->block->block_content->return
2,155,rectangle_java2.jpg,rectangle_java2.jpg,4359323113,68,1063.6829411764706,573.0411764705882,977.5,585,101,21,this.width,10,class->block->function->block->block_content->return->expr->call->name->name->operator->name
2,155,rectangle_java2.jpg,rectangle_java2.jpg,4359491101,116,1068.6986206896552,581.1755172413793,977.5,585,101,21,this.width,10,class->block->function->block->block_content->return->expr->call->name->name->operator->name
2,155,rectangle_java2.jpg,rectangle_java2.jpg,4359563115,68,1063.7664705882353,576.9664705882353,977.5,585,101,21,this.width,10,class->block->function->block->block_content->return->expr->call->name->name->operator->name
2,155,rectangle_java2.jpg,rectangle_java2.jpg,4359930949,76,1131.8731578947368,661.2973684210526,1134.5,658,22,20,10,2,class->block->function->block->block_content->decl_stmt->decl->init->expr->call->argument_list->argument->expr->literal
2,155,rectangle_java2.jpg,rectangle_java2.jpg,4360023032,88,1133.7922727272728,659.8040909090909,1134.5,658,22,20,10,2,class->block->function->block->block_content->decl_stmt->decl->init->expr->call->argument_list->argument->expr->literal
2,155,rectangle_java2.jpg,rectangle_java2.jpg,4360230993,84,913.6914285714286,658.0533333333333,902.5,658,34,20,new,3,class->block->function->block->block_content->decl_stmt->decl->init->expr->operator
2,155,rectangle_java2.jpg,rectangle_java2.jpg,4360327019,92,901.6978260869565,675.694347826087,902.5,658,34,20,new,3,class->block->function->block->block_content->decl_stmt->decl->init->expr->operator
2,155,rectangle_java2.jpg,rectangle_java2.jpg,4360479056,72,947.7433333333333,657.6866666666666,941.5,658,91,20,Rectangle,9,class->block->function->block->block_content->decl_stmt->decl->init->expr->call->name
2,155,rectangle_java2.jpg,rectangle_java2.jpg,4360575013,92,945.3821739130435,671.2308695652174,941.5,658,91,20,Rectangle,9,class->block->function->block->block_content->decl_stmt->decl->init->expr->call->name
2,155,rectangle_java2.jpg,rectangle_java2.jpg,4360706961,56,998.8542857142858,672.0464285714286,941.5,658,91,20,Rectangle,9,class->block->function->block->block_content->decl_stmt->decl->init->expr->call->name
2,155,rectangle_java2.jpg,rectangle_java2.jpg,4360910946,144,904.605,741.0138888888889,902.5,731,34,20,new,3,class->block->function->block->block_content->decl_stmt->decl->init->expr->operator
2,155,rectangle_java2.jpg,rectangle_java2.jpg,4361006994,92,906.2617391304348,739.0673913043478,902.5,731,34,20,new,3,class->block->function->block->block_content->decl_stmt->decl->init->expr->operator
2,155,rectangle_java2.jpg,rectangle_java2.jpg,4361123025,76,826.1015789473685,769.2763157894736,730.5,766,177,21,System.out.println,18,class->block->function->block->block_content->expr_stmt->expr->call->name->name->operator->name->operator->name
2,155,rectangle_java2.jpg,rectangle_java2.jpg,4361307040,128,828.5184375,763.3121874999999,730.5,766,177,21,System.out.println,18,class->block->function->block->block_content->expr_stmt->expr->call->name->name->operator->name->operator->name
2,155,rectangle_java2.jpg,rectangle_java2.jpg,4361431041,120,824.715,763.713,730.5,766,177,21,System.out.println,18,class->block->function->block->block_content->expr_stmt->expr->call->name->name->operator->name->operator->name
2,155,rectangle_java2.jpg,rectangle_java2.jpg,4366470630,72,925.57,251.80666666666667,929.5,259,23,21,y2,2,class->block->decl_stmt->decl->name
2,155,rectangle_java2.jpg,rectangle_java2.jpg,4367458536,84,925.57,528.4976190476191,891.5,512,62,21,return,6,class->block->function->block->block_content->return->expr->name->name
2,155,rectangle_java2.jpg,rectangle_java2.jpg,4369374405,60,852.8866666666667,455.73866666666663,856.5,440,10,21,;,1,class->block->constructor->block->block_content->expr_stmt
2,155,rectangle_java2.jpg,rectangle_java2.jpg,4372918215,64,1040.505,300.494375,1025.5,295,33,21,int,3,class->block->constructor->parameter_list->parameter->decl->type->name
2,155,rectangle_java2.jpg,rectangle_java2.jpg,4373738047,172,846.2237209302326,444.0232558139535,826.5,440,23,21,y2,2,class->block->constructor->block->block_content->expr_stmt->expr->name->name
2,155,rectangle_java2.jpg,rectangle_java2.jpg,4373738047,172,846.2237209302326,444.0232558139535,856.5,440,10,21,;,1,class->block->constructor->block->block_content->expr_stmt
2,155,rectangle_java2.jpg,rectangle_java2.jpg,4375933980,96,948.9104166666666,613.1845833333333,920.5,621,62,21,String,6,class->block->function->parameter_list->parameter->decl->type->name->name
2,155,rectangle_java2.jpg,rectangle_java2.jpg,4376989977,56,922.1092857142858,519.5435714285715,891.5,512,62,21,return,6,class->block->function->block->block_content->return->expr->name->name
2,155,rectangle_java2.jpg,rectangle_java2.jpg,4380613638,64,819.77125,409.1475,806.5,404,15,19,=,1,class->block->constructor->block->block_content->expr_stmt->expr->operator
2,155,rectangle_java2.jpg,rectangle_java2.jpg,4380613638,64,819.77125,409.1475,826.5,404,23,19,x2,2,class->block->constructor->block->block_content->expr_stmt->expr->name->name
2,155,rectangle_java2.jpg,rectangle_java2.jpg,4380821717,100,833.524,394.806,826.5,404,23,19,x2,2,class->block->constructor->block->block_content->expr_stmt->expr->name->name
2,155,rectangle_java2.jpg,rectangle_java2.jpg,4380925587,56,832.7314285714285,393.28214285714284,826.5,404,23,19,x2,2,class->block->constructor->block->block_content->expr_stmt->expr->name->name
2,155,rectangle_java2.jpg,rectangle_java2.jpg,4381941543,80,1168.6185,743.426,1163.5,731,10,20,",",1,class->block->function->block->block_content->decl_stmt->decl->init->expr->call->argument_list
