trial,participant,code_file,code_language,timestamp,duration,x_cord,y_cord,aoi_x,aoi_y,aoi_width,aoi_height,token,length,srcML
2,175,rectangle_java2.jpg,rectangle_java2.jpg,3081367009,64,768.48625,367.634375,730.5,367,71,21,this.y1,7,class->block->constructor->block->block_content->expr_stmt->expr->name->name->operator->name
2,175,rectangle_java2.jpg,rectangle_java2.jpg,3081451013,80,784.436,372.7405,730.5,367,71,21,this.y1,7,class->block->constructor->block->block_content->expr_stmt->expr->name->name->operator->name
2,175,rectangle_java2.jpg,rectangle_java2.jpg,3081943161,76,762.2652631578948,297.05526315789473,737.5,295,91,21,Rectangle,9,class->block->constructor->name
2,175,rectangle_java2.jpg,rectangle_java2.jpg,3082366972,76,767.3778947368421,371.6742105263158,730.5,367,71,21,this.y1,7,class->block->constructor->block->block_content->expr_stmt->expr->name->name->operator->name
2,175,rectangle_java2.jpg,rectangle_java2.jpg,3082563065,56,787.3557142857143,344.6278571428571,730.5,331,71,19,this.x1,7,class->block->constructor->block->block_content->expr_stmt->expr->name->name->operator->name
2,175,rectangle_java2.jpg,rectangle_java2.jpg,3082691009,64,775.20375,435.5775,730.5,440,71,21,this.y2,7,class->block->constructor->block->block_content->expr_stmt->expr->name->name->operator->name
2,175,rectangle_java2.jpg,rectangle_java2.jpg,3082810893,76,766.5378947368421,421.9663157894737,730.5,404,71,19,this.x2,7,class->block->constructor->block->block_content->expr_stmt->expr->name->name->operator->name
2,175,rectangle_java2.jpg,rectangle_java2.jpg,3082975016,56,822.9257142857143,374.03214285714284,826.5,367,23,21,y1,2,class->block->constructor->block->block_content->expr_stmt->expr->name->name
2,175,rectangle_java2.jpg,rectangle_java2.jpg,3083711064,108,870.18,309.3077777777778,853.5,295,32,21,int,3,class->block->constructor->parameter_list->parameter->decl->type->name
2,175,rectangle_java2.jpg,rectangle_java2.jpg,3083939092,104,894.69,307.93423076923074,890.5,295,24,21,x1,2,class->block->constructor->parameter_list->parameter->decl->type->name
2,175,rectangle_java2.jpg,rectangle_java2.jpg,3084051079,56,853.6392857142857,320.3671428571429,856.5,331,10,19,;,1,class->block->constructor->block->block_content->expr_stmt
2,175,rectangle_java2.jpg,rectangle_java2.jpg,3084310882,64,838.44125,321.584375,826.5,331,23,19,x1,2,class->block->constructor->block->block_content->expr_stmt->expr->name->name
2,175,rectangle_java2.jpg,rectangle_java2.jpg,3084602722,56,728.9335714285714,506.03999999999996,669.5,512,63,21,public,6,class->block->function->type->specifier
2,175,rectangle_java2.jpg,rectangle_java2.jpg,3084602722,56,728.9335714285714,506.03999999999996,737.5,512,33,21,int,3,class->block->function->type->name
2,175,rectangle_java2.jpg,rectangle_java2.jpg,3084670727,64,740.15875,512.463125,737.5,512,33,21,int,3,class->block->function->type->name
2,175,rectangle_java2.jpg,rectangle_java2.jpg,3084774812,68,715.8894117647059,561.9564705882353,669.5,549,63,21,public,6,class->block->function->type->specifier
2,175,rectangle_java2.jpg,rectangle_java2.jpg,3084942872,68,695.0411764705882,561.0176470588235,669.5,549,63,21,public,6,class->block->function->type->specifier
2,175,rectangle_java2.jpg,rectangle_java2.jpg,3085126878,56,761.6185714285714,574.5428571428572,737.5,585,62,21,double,6,class->block->function->type->name
2,175,rectangle_java2.jpg,rectangle_java2.jpg,3085226865,56,745.5871428571429,574.4585714285714,737.5,585,62,21,double,6,class->block->function->type->name
2,175,rectangle_java2.jpg,rectangle_java2.jpg,3085306865,64,832.476875,578.299375,804.5,585,43,21,area,4,class->block->function->name
2,175,rectangle_java2.jpg,rectangle_java2.jpg,3085366869,56,827.9921428571429,584.6121428571429,804.5,585,43,21,area,4,class->block->function->name
2,175,rectangle_java2.jpg,rectangle_java2.jpg,3085518867,56,950.7642857142857,560.7764285714286,900.5,549,63,21,return,6,class->block->function->block->block_content->return
2,175,rectangle_java2.jpg,rectangle_java2.jpg,3086738817,72,684.7905555555556,526.5066666666667,669.5,512,63,21,public,6,class->block->function->type->specifier
2,175,rectangle_java2.jpg,rectangle_java2.jpg,3086874833,84,688.8885714285715,539.6490476190476,669.5,549,63,21,public,6,class->block->function->type->specifier
2,175,rectangle_java2.jpg,rectangle_java2.jpg,3087070852,116,746.2555172413793,569.5165517241379,737.5,549,33,21,int,3,class->block->function->type->name
2,175,rectangle_java2.jpg,rectangle_java2.jpg,3087214790,72,700.9305555555555,551.0805555555555,669.5,549,63,21,public,6,class->block->function->type->specifier
2,175,rectangle_java2.jpg,rectangle_java2.jpg,3087334766,72,665.8855555555556,556.0866666666667,669.5,549,63,21,public,6,class->block->function->type->specifier
2,175,rectangle_java2.jpg,rectangle_java2.jpg,3087530783,192,675.1810416666667,559.5716666666667,669.5,549,63,21,public,6,class->block->function->type->specifier
2,175,rectangle_java2.jpg,rectangle_java2.jpg,3087622731,88,679.9245454545454,564.7022727272728,669.5,549,63,21,public,6,class->block->function->type->specifier
2,175,rectangle_java2.jpg,rectangle_java2.jpg,3087754601,92,698.4213043478261,569.3882608695652,669.5,549,63,21,public,6,class->block->function->type->specifier
2,175,rectangle_java2.jpg,rectangle_java2.jpg,3087826547,68,699.5711764705883,565.8005882352942,669.5,549,63,21,public,6,class->block->function->type->specifier
2,175,rectangle_java2.jpg,rectangle_java2.jpg,3087922559,92,697.9660869565217,569.9034782608695,669.5,549,63,21,public,6,class->block->function->type->specifier
2,175,rectangle_java2.jpg,rectangle_java2.jpg,3088002559,76,694.9352631578947,564.0173684210527,669.5,549,63,21,public,6,class->block->function->type->specifier
2,175,rectangle_java2.jpg,rectangle_java2.jpg,3088162583,156,678.4461538461538,557.2769230769231,669.5,549,63,21,public,6,class->block->function->type->specifier
2,175,rectangle_java2.jpg,rectangle_java2.jpg,3088290638,124,669.4229032258064,555.6835483870967,669.5,549,63,21,public,6,class->block->function->type->specifier
2,175,rectangle_java2.jpg,rectangle_java2.jpg,3088458639,56,720.7192857142857,527.3978571428571,669.5,512,63,21,public,6,class->block->function->type->specifier
2,175,rectangle_java2.jpg,rectangle_java2.jpg,3088782649,144,687.2675,551.8166666666666,669.5,549,63,21,public,6,class->block->function->type->specifier
2,175,rectangle_java2.jpg,rectangle_java2.jpg,3088906640,64,742.839375,556.08875,737.5,549,33,21,int,3,class->block->function->type->name
2,175,rectangle_java2.jpg,rectangle_java2.jpg,3089006635,96,746.3375,562.2304166666667,737.5,549,33,21,int,3,class->block->function->type->name
2,175,rectangle_java2.jpg,rectangle_java2.jpg,3089102639,92,725.1021739130434,559.8286956521739,669.5,549,63,21,public,6,class->block->function->type->specifier
2,175,rectangle_java2.jpg,rectangle_java2.jpg,3089102639,92,725.1021739130434,559.8286956521739,737.5,549,33,21,int,3,class->block->function->type->name
2,175,rectangle_java2.jpg,rectangle_java2.jpg,3089162637,56,715.9321428571428,550.085,669.5,549,63,21,public,6,class->block->function->type->specifier
2,175,rectangle_java2.jpg,rectangle_java2.jpg,3089230617,64,679.30375,551.213125,669.5,549,63,21,public,6,class->block->function->type->specifier
2,175,rectangle_java2.jpg,rectangle_java2.jpg,3089338590,104,683.4388461538462,556.0876923076924,669.5,549,63,21,public,6,class->block->function->type->specifier
2,175,rectangle_java2.jpg,rectangle_java2.jpg,3089498612,76,720.9663157894737,537.0657894736842,669.5,549,63,21,public,6,class->block->function->type->specifier
2,175,rectangle_java2.jpg,rectangle_java2.jpg,3089610574,84,749.5604761904762,559.0971428571429,737.5,549,33,21,int,3,class->block->function->type->name
2,175,rectangle_java2.jpg,rectangle_java2.jpg,3089766361,152,729.0131578947369,559.6921052631579,669.5,549,63,21,public,6,class->block->function->type->specifier
2,175,rectangle_java2.jpg,rectangle_java2.jpg,3089766361,152,729.0131578947369,559.6921052631579,737.5,549,33,21,int,3,class->block->function->type->name
2,175,rectangle_java2.jpg,rectangle_java2.jpg,3089862394,92,731.8847826086957,567.5682608695653,669.5,549,63,21,public,6,class->block->function->type->specifier
2,175,rectangle_java2.jpg,rectangle_java2.jpg,3089862394,92,731.8847826086957,567.5682608695653,737.5,549,33,21,int,3,class->block->function->type->name
2,175,rectangle_java2.jpg,rectangle_java2.jpg,3090102469,96,821.4279166666666,544.1608333333334,775.5,549,62,21,height,6,class->block->function->name
2,175,rectangle_java2.jpg,rectangle_java2.jpg,3090602500,116,737.4496551724138,567.7593103448276,737.5,549,33,21,int,3,class->block->function->type->name
2,175,rectangle_java2.jpg,rectangle_java2.jpg,3090714477,108,734.8555555555555,551.9948148148148,737.5,549,33,21,int,3,class->block->function->type->name
2,175,rectangle_java2.jpg,rectangle_java2.jpg,3090822445,104,742.4142307692308,562.608076923077,737.5,549,33,21,int,3,class->block->function->type->name
2,175,rectangle_java2.jpg,rectangle_java2.jpg,3090914423,88,731.4781818181818,558.5254545454545,669.5,549,63,21,public,6,class->block->function->type->specifier
2,175,rectangle_java2.jpg,rectangle_java2.jpg,3090914423,88,731.4781818181818,558.5254545454545,737.5,549,33,21,int,3,class->block->function->type->name
2,175,rectangle_java2.jpg,rectangle_java2.jpg,3091034408,80,746.172,596.917,737.5,585,62,21,double,6,class->block->function->type->name
2,175,rectangle_java2.jpg,rectangle_java2.jpg,3091134433,60,723.3493333333333,576.55,669.5,585,63,21,public,6,class->block->function->type->specifier
2,175,rectangle_java2.jpg,rectangle_java2.jpg,3091218462,80,742.24,589.3325,737.5,585,62,21,double,6,class->block->function->type->name
2,175,rectangle_java2.jpg,rectangle_java2.jpg,3091334478,80,699.449,574.5705,669.5,585,63,21,public,6,class->block->function->type->specifier
2,175,rectangle_java2.jpg,rectangle_java2.jpg,3091466378,56,744.9242857142857,578.4321428571428,737.5,585,62,21,double,6,class->block->function->type->name
2,175,rectangle_java2.jpg,rectangle_java2.jpg,3091626168,72,735.9822222222223,586.5055555555556,737.5,585,62,21,double,6,class->block->function->type->name
2,175,rectangle_java2.jpg,rectangle_java2.jpg,3091730267,68,836.2829411764706,604.0629411764706,804.5,585,43,21,area,4,class->block->function->name
2,175,rectangle_java2.jpg,rectangle_java2.jpg,3091838363,60,820.292,603.3913333333334,804.5,585,43,21,area,4,class->block->function->name
2,175,rectangle_java2.jpg,rectangle_java2.jpg,3092014404,64,979.83125,581.18625,977.5,585,101,21,this.width,10,class->block->function->block->block_content->return->expr->call->name->name->operator->name
2,175,rectangle_java2.jpg,rectangle_java2.jpg,3092202343,68,972.734705882353,614.1217647058824,920.5,621,62,21,String,6,class->block->function->parameter_list->parameter->decl->type->name->name
2,175,rectangle_java2.jpg,rectangle_java2.jpg,3092274338,68,975.8982352941176,600.114705882353,977.5,585,101,21,this.width,10,class->block->function->block->block_content->return->expr->call->name->name->operator->name
2,175,rectangle_java2.jpg,rectangle_java2.jpg,3092506296,60,1039.6406666666667,596.9593333333333,977.5,585,101,21,this.width,10,class->block->function->block->block_content->return->expr->call->name->name->operator->name
2,175,rectangle_java2.jpg,rectangle_java2.jpg,3092646267,136,1042.595294117647,580.9870588235294,977.5,585,101,21,this.width,10,class->block->function->block->block_content->return->expr->call->name->name->operator->name
2,175,rectangle_java2.jpg,rectangle_java2.jpg,3092810355,56,1177.4314285714286,602.5114285714286,1140.5,585,110,21,this.height,11,class->block->function->block->block_content->return->expr->call->name->name->operator->name
2,175,rectangle_java2.jpg,rectangle_java2.jpg,3092978408,68,1137.7776470588235,569.5952941176471,1142.5,549,10,21,;,1,class->block->function->block->block_content->return
2,175,rectangle_java2.jpg,rectangle_java2.jpg,3093342200,112,1007.6253571428572,584.8628571428571,977.5,585,101,21,this.width,10,class->block->function->block->block_content->return->expr->call->name->name->operator->name
2,175,rectangle_java2.jpg,rectangle_java2.jpg,3093402139,56,1011.1957142857143,589.9914285714285,977.5,585,101,21,this.width,10,class->block->function->block->block_content->return->expr->call->name->name->operator->name
2,175,rectangle_java2.jpg,rectangle_java2.jpg,3093598251,56,1054.6342857142856,593.6535714285715,977.5,585,101,21,this.width,10,class->block->function->block->block_content->return->expr->call->name->name->operator->name
2,175,rectangle_java2.jpg,rectangle_java2.jpg,3093666263,64,1072.92125,586.20125,977.5,585,101,21,this.width,10,class->block->function->block->block_content->return->expr->call->name->name->operator->name
2,175,rectangle_java2.jpg,rectangle_java2.jpg,3093862239,100,751.2392,586.858,737.5,585,62,21,double,6,class->block->function->type->name
2,175,rectangle_java2.jpg,rectangle_java2.jpg,3093954227,88,747.6877272727272,596.0977272727273,737.5,585,62,21,double,6,class->block->function->type->name
2,175,rectangle_java2.jpg,rectangle_java2.jpg,3094018219,60,730.7606666666667,596.5153333333333,669.5,585,63,21,public,6,class->block->function->type->specifier
2,175,rectangle_java2.jpg,rectangle_java2.jpg,3094018219,60,730.7606666666667,596.5153333333333,737.5,585,62,21,double,6,class->block->function->type->name
2,175,rectangle_java2.jpg,rectangle_java2.jpg,3094138190,76,744.0131578947369,545.4078947368421,737.5,549,33,21,int,3,class->block->function->type->name
2,175,rectangle_java2.jpg,rectangle_java2.jpg,3094274167,132,740.750303030303,537.439696969697,737.5,549,33,21,int,3,class->block->function->type->name
2,175,rectangle_java2.jpg,rectangle_java2.jpg,3094410185,76,728.8578947368421,560.6147368421052,669.5,549,63,21,public,6,class->block->function->type->specifier
2,175,rectangle_java2.jpg,rectangle_java2.jpg,3094410185,76,728.8578947368421,560.6147368421052,737.5,549,33,21,int,3,class->block->function->type->name
2,175,rectangle_java2.jpg,rectangle_java2.jpg,3094626212,212,714.4092452830189,558.6118867924529,669.5,549,63,21,public,6,class->block->function->type->specifier
2,175,rectangle_java2.jpg,rectangle_java2.jpg,3094726196,56,728.6364285714286,604.3264285714286,669.5,585,63,21,public,6,class->block->function->type->specifier
2,175,rectangle_java2.jpg,rectangle_java2.jpg,3094726196,56,728.6364285714286,604.3264285714286,737.5,585,62,21,double,6,class->block->function->type->name
2,175,rectangle_java2.jpg,rectangle_java2.jpg,3094870173,76,739.4510526315789,611.0773684210526,738.5,621,61,21,static,6,class->block->function->type->specifier
2,175,rectangle_java2.jpg,rectangle_java2.jpg,3094982193,56,716.9671428571429,598.4385714285714,669.5,585,63,21,public,6,class->block->function->type->specifier
2,175,rectangle_java2.jpg,rectangle_java2.jpg,3095070194,84,718.4509523809523,591.7528571428571,669.5,585,63,21,public,6,class->block->function->type->specifier
2,175,rectangle_java2.jpg,rectangle_java2.jpg,3095206080,132,738.2872727272727,593.2387878787879,737.5,585,62,21,double,6,class->block->function->type->name
2,175,rectangle_java2.jpg,rectangle_java2.jpg,3095326034,60,734.93,599.28,737.5,585,62,21,double,6,class->block->function->type->name
2,175,rectangle_java2.jpg,rectangle_java2.jpg,3095410040,72,939.1583333333333,600.9788888888888,910.5,585,62,21,return,6,class->block->function->block->block_content->return
2,175,rectangle_java2.jpg,rectangle_java2.jpg,3095506059,92,944.2234782608696,599.8647826086957,910.5,585,62,21,return,6,class->block->function->block->block_content->return
2,175,rectangle_java2.jpg,rectangle_java2.jpg,3095642071,72,1032.1733333333334,580.2494444444444,977.5,585,101,21,this.width,10,class->block->function->block->block_content->return->expr->call->name->name->operator->name
2,175,rectangle_java2.jpg,rectangle_java2.jpg,3095810068,116,1028.4679310344827,587.0258620689655,977.5,585,101,21,this.width,10,class->block->function->block->block_content->return->expr->call->name->name->operator->name
2,175,rectangle_java2.jpg,rectangle_java2.jpg,3095954065,84,696.1161904761905,624.5509523809524,669.5,621,63,21,public,6,class->block->function->type->specifier
2,175,rectangle_java2.jpg,rectangle_java2.jpg,3096026060,68,708.7947058823529,628.4852941176471,669.5,621,63,21,public,6,class->block->function->type->specifier
2,175,rectangle_java2.jpg,rectangle_java2.jpg,3096154065,72,719.4316666666666,654.3261111111111,730.5,658,91,20,Rectangle,9,class->block->function->block->block_content->decl_stmt->decl->type->name
2,175,rectangle_java2.jpg,rectangle_java2.jpg,3096318075,160,723.524,635.9515,669.5,621,63,21,public,6,class->block->function->type->specifier
2,175,rectangle_java2.jpg,rectangle_java2.jpg,3096430079,108,722.6144444444444,654.8285185185185,730.5,658,91,20,Rectangle,9,class->block->function->block->block_content->decl_stmt->decl->type->name
2,175,rectangle_java2.jpg,rectangle_java2.jpg,3096646098,116,819.5296551724138,666.6765517241379,730.5,658,91,20,Rectangle,9,class->block->function->block->block_content->decl_stmt->decl->type->name
2,175,rectangle_java2.jpg,rectangle_java2.jpg,3096646098,116,819.5296551724138,666.6765517241379,826.5,658,52,20,rect1,5,class->block->function->block->block_content->decl_stmt->decl->name
2,175,rectangle_java2.jpg,rectangle_java2.jpg,3096754105,64,972.793125,641.316875,920.5,621,62,21,String,6,class->block->function->parameter_list->parameter->decl->type->name->name
2,175,rectangle_java2.jpg,rectangle_java2.jpg,3096854098,96,976.7791666666667,640.15625,920.5,621,62,21,String,6,class->block->function->parameter_list->parameter->decl->type->name->name
2,175,rectangle_java2.jpg,rectangle_java2.jpg,3096986088,68,1063.2723529411765,629.0617647058823,1025.5,621,42,21,args,4,class->block->function->parameter_list->parameter->decl->name
2,175,rectangle_java2.jpg,rectangle_java2.jpg,3096986088,68,1063.2723529411765,629.0617647058823,1074.5,621,10,21,),1,class->block->function->parameter_list
2,175,rectangle_java2.jpg,rectangle_java2.jpg,3097058068,68,1056.8,622.6311764705882,1025.5,621,42,21,args,4,class->block->function->parameter_list->parameter->decl->name
2,175,rectangle_java2.jpg,rectangle_java2.jpg,3097317981,56,979.9614285714285,653.0842857142857,941.5,658,91,20,Rectangle,9,class->block->function->block->block_content->decl_stmt->decl->init->expr->call->name
2,175,rectangle_java2.jpg,rectangle_java2.jpg,3097397987,76,979.5489473684211,619.7163157894737,920.5,621,62,21,String,6,class->block->function->parameter_list->parameter->decl->type->name->name
2,175,rectangle_java2.jpg,rectangle_java2.jpg,3097397987,76,979.5489473684211,619.7163157894737,990.5,621,10,21,[,1,class->block->function->parameter_list->parameter->decl->type->name->index
2,175,rectangle_java2.jpg,rectangle_java2.jpg,3097457987,56,975.5657142857143,618.6921428571428,920.5,621,62,21,String,6,class->block->function->parameter_list->parameter->decl->type->name->name
2,175,rectangle_java2.jpg,rectangle_java2.jpg,3097589972,60,1067.206,638.426,1025.5,621,42,21,args,4,class->block->function->parameter_list->parameter->decl->name
2,175,rectangle_java2.jpg,rectangle_java2.jpg,3097589972,60,1067.206,638.426,1074.5,621,10,21,),1,class->block->function->parameter_list
2,175,rectangle_java2.jpg,rectangle_java2.jpg,3097757938,72,1220.06,599.7733333333333,1140.5,585,110,21,this.height,11,class->block->function->block->block_content->return->expr->call->name->name->operator->name
2,175,rectangle_java2.jpg,rectangle_java2.jpg,3098861940,84,742.4080952380953,697.634761904762,730.5,694,177,21,System.out.println,18,class->block->function->block->block_content->expr_stmt->expr->call->name->name->operator->name->operator->name
2,175,rectangle_java2.jpg,rectangle_java2.jpg,3098929899,64,744.605625,682.106875,730.5,694,177,21,System.out.println,18,class->block->function->block->block_content->expr_stmt->expr->call->name->name->operator->name->operator->name
2,175,rectangle_java2.jpg,rectangle_java2.jpg,3099129837,128,905.655,693.293125,730.5,694,177,21,System.out.println,18,class->block->function->block->block_content->expr_stmt->expr->call->name->name->operator->name->operator->name
2,175,rectangle_java2.jpg,rectangle_java2.jpg,3099129837,128,905.655,693.293125,916.5,694,9,21,(,1,class->block->function->block->block_content->expr_stmt->expr->call->argument_list
2,175,rectangle_java2.jpg,rectangle_java2.jpg,3099437871,100,971.8108,669.5428,941.5,658,91,20,Rectangle,9,class->block->function->block->block_content->decl_stmt->decl->init->expr->call->name
2,175,rectangle_java2.jpg,rectangle_java2.jpg,3099509844,68,966.6776470588235,667.3541176470588,941.5,658,91,20,Rectangle,9,class->block->function->block->block_content->decl_stmt->decl->init->expr->call->name
2,175,rectangle_java2.jpg,rectangle_java2.jpg,3099573825,60,967.7093333333333,676.5646666666667,941.5,658,91,20,Rectangle,9,class->block->function->block->block_content->decl_stmt->decl->init->expr->call->name
2,175,rectangle_java2.jpg,rectangle_java2.jpg,3100185831,88,731.0390909090909,722.6022727272727,730.5,731,91,20,Rectangle,9,class->block->function->block->block_content->decl_stmt->decl->type->name
2,175,rectangle_java2.jpg,rectangle_java2.jpg,3100309857,68,744.0600000000001,723.155294117647,730.5,731,91,20,Rectangle,9,class->block->function->block->block_content->decl_stmt->decl->type->name
2,175,rectangle_java2.jpg,rectangle_java2.jpg,3100433869,120,729.9303333333334,706.0323333333333,730.5,694,177,21,System.out.println,18,class->block->function->block->block_content->expr_stmt->expr->call->name->name->operator->name->operator->name
2,175,rectangle_java2.jpg,rectangle_java2.jpg,3100521851,84,727.2642857142857,728.9857142857143,730.5,731,91,20,Rectangle,9,class->block->function->block->block_content->decl_stmt->decl->type->name
2,175,rectangle_java2.jpg,rectangle_java2.jpg,3102973518,96,741.56625,753.6391666666667,730.5,766,177,21,System.out.println,18,class->block->function->block->block_content->expr_stmt->expr->call->name->name->operator->name->operator->name
2,175,rectangle_java2.jpg,rectangle_java2.jpg,3103093573,116,748.2810344827586,759.1710344827586,730.5,766,177,21,System.out.println,18,class->block->function->block->block_content->expr_stmt->expr->call->name->name->operator->name->operator->name
2,175,rectangle_java2.jpg,rectangle_java2.jpg,3103205598,108,748.0037037037036,756.8033333333333,730.5,766,177,21,System.out.println,18,class->block->function->block->block_content->expr_stmt->expr->call->name->name->operator->name->operator->name
2,175,rectangle_java2.jpg,rectangle_java2.jpg,3103741582,72,764.6966666666666,781.4772222222222,730.5,766,177,21,System.out.println,18,class->block->function->block->block_content->expr_stmt->expr->call->name->name->operator->name->operator->name
2,175,rectangle_java2.jpg,rectangle_java2.jpg,3104013596,96,830.6958333333333,785.7283333333334,730.5,766,177,21,System.out.println,18,class->block->function->block->block_content->expr_stmt->expr->call->name->name->operator->name->operator->name
2,175,rectangle_java2.jpg,rectangle_java2.jpg,3104261562,100,811.2544,686.8788,730.5,694,177,21,System.out.println,18,class->block->function->block->block_content->expr_stmt->expr->call->name->name->operator->name->operator->name
2,175,rectangle_java2.jpg,rectangle_java2.jpg,3104533409,72,755.5327777777778,709.5555555555555,730.5,694,177,21,System.out.println,18,class->block->function->block->block_content->expr_stmt->expr->call->name->name->operator->name->operator->name
2,175,rectangle_java2.jpg,rectangle_java2.jpg,3104593271,56,756.7714285714286,755.0721428571428,730.5,766,177,21,System.out.println,18,class->block->function->block->block_content->expr_stmt->expr->call->name->name->operator->name->operator->name
2,175,rectangle_java2.jpg,rectangle_java2.jpg,3104769343,84,763.3247619047619,775.0119047619048,730.5,766,177,21,System.out.println,18,class->block->function->block->block_content->expr_stmt->expr->call->name->name->operator->name->operator->name
2,175,rectangle_java2.jpg,rectangle_java2.jpg,3105041420,56,859.7478571428571,764.51,730.5,766,177,21,System.out.println,18,class->block->function->block->block_content->expr_stmt->expr->call->name->name->operator->name->operator->name
2,175,rectangle_java2.jpg,rectangle_java2.jpg,3105105427,60,879.1133333333333,759.0793333333334,730.5,766,177,21,System.out.println,18,class->block->function->block->block_content->expr_stmt->expr->call->name->name->operator->name->operator->name
2,175,rectangle_java2.jpg,rectangle_java2.jpg,3105261447,152,876.7484210526316,757.4239473684211,730.5,766,177,21,System.out.println,18,class->block->function->block->block_content->expr_stmt->expr->call->name->name->operator->name->operator->name
2,175,rectangle_java2.jpg,rectangle_java2.jpg,3105453448,84,942.7190476190476,670.8742857142857,941.5,658,91,20,Rectangle,9,class->block->function->block->block_content->decl_stmt->decl->init->expr->call->name
2,175,rectangle_java2.jpg,rectangle_java2.jpg,3105529457,72,942.9055555555556,667.8194444444445,941.5,658,91,20,Rectangle,9,class->block->function->block->block_content->decl_stmt->decl->init->expr->call->name
2,175,rectangle_java2.jpg,rectangle_java2.jpg,3105633468,100,941.4584,656.1112,941.5,658,91,20,Rectangle,9,class->block->function->block->block_content->decl_stmt->decl->init->expr->call->name
2,175,rectangle_java2.jpg,rectangle_java2.jpg,3105821435,60,976.39,750.478,941.5,731,91,20,Rectangle,9,class->block->function->block->block_content->decl_stmt->decl->init->expr->call->name
2,175,rectangle_java2.jpg,rectangle_java2.jpg,3105957416,56,989.4285714285714,765.1542857142857,932.5,766,100,21,rect2.area,10,class->block->function->block->block_content->expr_stmt->expr->call->argument_list->argument->expr->call->name->name->operator->name
2,175,rectangle_java2.jpg,rectangle_java2.jpg,3106293388,88,721.3277272727273,381.1668181818182,730.5,367,71,21,this.y1,7,class->block->constructor->block->block_content->expr_stmt->expr->name->name->operator->name
2,175,rectangle_java2.jpg,rectangle_java2.jpg,3106357346,60,725.3006666666666,391.9393333333333,730.5,404,71,19,this.x2,7,class->block->constructor->block->block_content->expr_stmt->expr->name->name->operator->name
2,175,rectangle_java2.jpg,rectangle_java2.jpg,3106549256,96,702.445,284.475,669.5,295,63,21,public,6,class->block->constructor->specifier
2,175,rectangle_java2.jpg,rectangle_java2.jpg,3106741282,60,748.0506666666666,273.012,747.5,259,33,21,int,3,class->block->decl_stmt->decl->type->name
2,175,rectangle_java2.jpg,rectangle_java2.jpg,3106845282,64,752.8925,276.68125,747.5,259,33,21,int,3,class->block->decl_stmt->decl->type->name
2,175,rectangle_java2.jpg,rectangle_java2.jpg,3106945294,56,748.6957142857143,275.83214285714286,747.5,259,33,21,int,3,class->block->decl_stmt->decl->type->name
2,175,rectangle_java2.jpg,rectangle_java2.jpg,3107025315,76,735.1726315789474,289.56368421052633,737.5,295,91,21,Rectangle,9,class->block->constructor->name
2,175,rectangle_java2.jpg,rectangle_java2.jpg,3107249369,88,719.1090909090909,604.3072727272727,669.5,585,63,21,public,6,class->block->function->type->specifier
2,175,rectangle_java2.jpg,rectangle_java2.jpg,3107505323,80,774.6949999999999,651.321,730.5,658,91,20,Rectangle,9,class->block->function->block->block_content->decl_stmt->decl->type->name
2,175,rectangle_java2.jpg,rectangle_java2.jpg,3107845317,68,951.3305882352942,693.2717647058823,932.5,694,100,21,rect1.area,10,class->block->function->block->block_content->expr_stmt->expr->call->argument_list->argument->expr->call->name->name->operator->name
2,175,rectangle_java2.jpg,rectangle_java2.jpg,3108417128,64,715.556875,617.031875,669.5,621,63,21,public,6,class->block->function->type->specifier
2,175,rectangle_java2.jpg,rectangle_java2.jpg,3108545158,72,709.2622222222222,614.4272222222222,669.5,621,63,21,public,6,class->block->function->type->specifier
2,175,rectangle_java2.jpg,rectangle_java2.jpg,3108697223,92,719.9321739130435,609.3052173913044,669.5,621,63,21,public,6,class->block->function->type->specifier
2,175,rectangle_java2.jpg,rectangle_java2.jpg,3108889229,148,713.8664864864865,621.2691891891892,669.5,621,63,21,public,6,class->block->function->type->specifier
2,175,rectangle_java2.jpg,rectangle_java2.jpg,3109037175,100,737.1248,385.1688,730.5,367,71,21,this.y1,7,class->block->constructor->block->block_content->expr_stmt->expr->name->name->operator->name
