trial,participant,code_file,code_language,timestamp,duration,x_cord,y_cord,aoi_x,aoi_y,aoi_width,aoi_height,token,length,srcML
2,190,rectangle_java2.jpg,rectangle_java2.jpg,1694576764,92,782.5791304347827,210.3669565217391,715.5,222,90,21,Rectangle,9,class->name
2,190,rectangle_java2.jpg,rectangle_java2.jpg,1694680774,100,785.1056,213.8268,715.5,222,90,21,Rectangle,9,class->name
2,190,rectangle_java2.jpg,rectangle_java2.jpg,1694852743,168,757.0842857142857,218.78714285714284,715.5,222,90,21,Rectangle,9,class->name
2,190,rectangle_java2.jpg,rectangle_java2.jpg,1695048716,192,758.48125,213.66541666666666,715.5,222,90,21,Rectangle,9,class->name
2,190,rectangle_java2.jpg,rectangle_java2.jpg,1695340752,260,801.8075384615385,213.44815384615384,715.5,222,90,21,Rectangle,9,class->name
2,190,rectangle_java2.jpg,rectangle_java2.jpg,1695340752,260,801.8075384615385,213.44815384615384,813.5,222,10,21,{,1,class->block
2,190,rectangle_java2.jpg,rectangle_java2.jpg,1695528751,64,821.111875,264.23,815.5,259,10,21,",",1,class->block->decl_stmt
2,190,rectangle_java2.jpg,rectangle_java2.jpg,1695528751,64,821.111875,264.23,833.5,259,23,21,y1,2,class->block->decl_stmt->decl->name
2,190,rectangle_java2.jpg,rectangle_java2.jpg,1695640796,108,816.92,266.8488888888889,815.5,259,10,21,",",1,class->block->decl_stmt
2,190,rectangle_java2.jpg,rectangle_java2.jpg,1695728829,60,788.0653333333333,266.59333333333336,785.5,259,23,21,x1,2,class->block->decl_stmt->decl->name
2,190,rectangle_java2.jpg,rectangle_java2.jpg,1695816738,84,791.0709523809523,259.96190476190475,785.5,259,23,21,x1,2,class->block->decl_stmt->decl->name
2,190,rectangle_java2.jpg,rectangle_java2.jpg,1695964534,144,757.1169444444445,263.10805555555555,747.5,259,33,21,int,3,class->block->decl_stmt->decl->type->name
2,190,rectangle_java2.jpg,rectangle_java2.jpg,1696312706,168,753.3454761904762,252.81952380952384,747.5,259,33,21,int,3,class->block->decl_stmt->decl->type->name
2,190,rectangle_java2.jpg,rectangle_java2.jpg,1696708621,308,849.9809090909091,257.15467532467534,833.5,259,23,21,y1,2,class->block->decl_stmt->decl->name
2,190,rectangle_java2.jpg,rectangle_java2.jpg,1696776611,64,848.96,256.01125,833.5,259,23,21,y1,2,class->block->decl_stmt->decl->name
2,190,rectangle_java2.jpg,rectangle_java2.jpg,1696928650,148,835.7735135135135,253.94864864864866,833.5,259,23,21,y1,2,class->block->decl_stmt->decl->name
2,190,rectangle_java2.jpg,rectangle_java2.jpg,1697152639,64,937.186875,251.73375,929.5,259,23,21,y2,2,class->block->decl_stmt->decl->name
2,190,rectangle_java2.jpg,rectangle_java2.jpg,1697252673,96,939.62375,247.20958333333334,929.5,259,23,21,y2,2,class->block->decl_stmt->decl->name
2,190,rectangle_java2.jpg,rectangle_java2.jpg,1697328709,72,937.39,255.63111111111112,929.5,259,23,21,y2,2,class->block->decl_stmt->decl->name
2,190,rectangle_java2.jpg,rectangle_java2.jpg,1698280498,116,835.0503448275862,292.95206896551724,837.5,295,9,21,(,1,class->block->constructor->parameter_list
2,190,rectangle_java2.jpg,rectangle_java2.jpg,1698404452,120,838.3566666666667,298.472,837.5,295,9,21,(,1,class->block->constructor->parameter_list
2,190,rectangle_java2.jpg,rectangle_java2.jpg,1698524483,116,809.4286206896552,298.6548275862069,737.5,295,91,21,Rectangle,9,class->block->constructor->name
2,190,rectangle_java2.jpg,rectangle_java2.jpg,1698644476,116,806.4689655172414,289.4579310344828,737.5,295,91,21,Rectangle,9,class->block->constructor->name
2,190,rectangle_java2.jpg,rectangle_java2.jpg,1698816434,168,858.7938095238095,293.43,853.5,295,32,21,int,3,class->block->constructor->parameter_list->parameter->decl->type->name
2,190,rectangle_java2.jpg,rectangle_java2.jpg,1698936517,116,864.0558620689656,293.96206896551723,853.5,295,32,21,int,3,class->block->constructor->parameter_list->parameter->decl->type->name
2,190,rectangle_java2.jpg,rectangle_java2.jpg,1699028552,88,884.4940909090909,294.42636363636365,853.5,295,32,21,int,3,class->block->constructor->parameter_list->parameter->decl->type->name
2,190,rectangle_java2.jpg,rectangle_java2.jpg,1699028552,88,884.4940909090909,294.42636363636365,890.5,295,24,21,x1,2,class->block->constructor->parameter_list->parameter->decl->type->name
2,190,rectangle_java2.jpg,rectangle_java2.jpg,1699232570,200,886.7702,309.3026,890.5,295,24,21,x1,2,class->block->constructor->parameter_list->parameter->decl->type->name
2,190,rectangle_java2.jpg,rectangle_java2.jpg,1699504435,168,883.0371428571428,306.5264285714286,853.5,295,32,21,int,3,class->block->constructor->parameter_list->parameter->decl->type->name
2,190,rectangle_java2.jpg,rectangle_java2.jpg,1699504435,168,883.0371428571428,306.5264285714286,890.5,295,24,21,x1,2,class->block->constructor->parameter_list->parameter->decl->type->name
2,190,rectangle_java2.jpg,rectangle_java2.jpg,1699744430,148,839.6645945945946,367.90783783783786,826.5,367,23,21,y1,2,class->block->constructor->block->block_content->expr_stmt->expr->name->name
2,190,rectangle_java2.jpg,rectangle_java2.jpg,1700064400,204,817.4762745098039,393.7907843137255,806.5,404,15,19,=,1,class->block->constructor->block->block_content->expr_stmt->expr->operator
2,190,rectangle_java2.jpg,rectangle_java2.jpg,1700064400,204,817.4762745098039,393.7907843137255,826.5,404,23,19,x2,2,class->block->constructor->block->block_content->expr_stmt->expr->name->name
2,190,rectangle_java2.jpg,rectangle_java2.jpg,1700176430,108,845.0862962962963,398.0755555555556,826.5,404,23,19,x2,2,class->block->constructor->block->block_content->expr_stmt->expr->name->name
2,190,rectangle_java2.jpg,rectangle_java2.jpg,1700176430,108,845.0862962962963,398.0755555555556,856.5,404,10,19,;,1,class->block->constructor->block->block_content->expr_stmt
2,190,rectangle_java2.jpg,rectangle_java2.jpg,1700316427,136,850.2838235294117,400.6914705882353,856.5,404,10,19,;,1,class->block->constructor->block->block_content->expr_stmt
2,190,rectangle_java2.jpg,rectangle_java2.jpg,1701088424,120,862.3353333333333,434.7049999999999,856.5,440,10,21,;,1,class->block->constructor->block->block_content->expr_stmt
2,190,rectangle_java2.jpg,rectangle_java2.jpg,1701168419,76,852.1910526315789,443.371052631579,856.5,440,10,21,;,1,class->block->constructor->block->block_content->expr_stmt
2,190,rectangle_java2.jpg,rectangle_java2.jpg,1701740259,208,804.9867307692308,521.4159615384615,775.5,512,53,21,width,5,class->block->function->name
2,190,rectangle_java2.jpg,rectangle_java2.jpg,1701876261,96,845.1970833333334,522.3583333333333,837.5,512,9,21,(,1,class->block->function->parameter_list
2,190,rectangle_java2.jpg,rectangle_java2.jpg,1701876261,96,845.1970833333334,522.3583333333333,854.5,512,9,21,),1,class->block->function->parameter_list
2,190,rectangle_java2.jpg,rectangle_java2.jpg,1702272287,140,868.5017142857143,525.0474285714286,874.5,512,10,21,{,1,class->block->function->block
2,190,rectangle_java2.jpg,rectangle_java2.jpg,1702456317,128,896.9175,520.37375,891.5,512,62,21,return,6,class->block->function->block->block_content->return->expr->name->name
2,190,rectangle_java2.jpg,rectangle_java2.jpg,1702564310,60,977.0926666666667,506.1013333333333,958.5,512,71,21,this.x2,7,class->block->function->block->block_content->return->expr->name->name->operator->name->operator
2,190,rectangle_java2.jpg,rectangle_java2.jpg,1702648307,80,985.8445,504.0905,958.5,512,71,21,this.x2,7,class->block->function->block->block_content->return->expr->name->name->operator->name->operator
2,190,rectangle_java2.jpg,rectangle_java2.jpg,1702760300,108,984.6948148148148,515.16,958.5,512,71,21,this.x2,7,class->block->function->block->block_content->return->expr->name->name->operator->name->operator
2,190,rectangle_java2.jpg,rectangle_java2.jpg,1703008242,192,1001.88125,516.5504166666667,958.5,512,71,21,this.x2,7,class->block->function->block->block_content->return->expr->name->name->operator->name->operator
2,190,rectangle_java2.jpg,rectangle_java2.jpg,1703272197,212,835.5607547169811,548.8262264150943,775.5,549,62,21,height,6,class->block->function->name
2,190,rectangle_java2.jpg,rectangle_java2.jpg,1703272197,212,835.5607547169811,548.8262264150943,846.5,549,10,21,(,1,class->block->function->parameter_list
2,190,rectangle_java2.jpg,rectangle_java2.jpg,1703463975,188,810.8804255319149,552.2697872340426,775.5,549,62,21,height,6,class->block->function->name
2,190,rectangle_java2.jpg,rectangle_java2.jpg,1703568009,76,896.4921052631579,548.2984210526316,900.5,549,63,21,return,6,class->block->function->block->block_content->return
2,190,rectangle_java2.jpg,rectangle_java2.jpg,1703860155,288,905.1675,553.9356944444445,900.5,549,63,21,return,6,class->block->function->block->block_content->return
2,190,rectangle_java2.jpg,rectangle_java2.jpg,1703952159,88,961.91,555.1895454545455,900.5,549,63,21,return,6,class->block->function->block->block_content->return
2,190,rectangle_java2.jpg,rectangle_java2.jpg,1703952159,88,961.91,555.1895454545455,968.5,549,70,21,this.y2,7,class->block->function->block->block_content->return->expr->name->name->operator->name
2,190,rectangle_java2.jpg,rectangle_java2.jpg,1704036144,80,961.6715,549.663,900.5,549,63,21,return,6,class->block->function->block->block_content->return
2,190,rectangle_java2.jpg,rectangle_java2.jpg,1704036144,80,961.6715,549.663,968.5,549,70,21,this.y2,7,class->block->function->block->block_content->return->expr->name->name->operator->name
2,190,rectangle_java2.jpg,rectangle_java2.jpg,1704300195,224,1050.4969642857143,549.3819642857143,1045.5,549,13,21,-,1,class->block->function->block->block_content->return->expr->operator
2,190,rectangle_java2.jpg,rectangle_java2.jpg,1704372199,68,1038.654705882353,554.1529411764706,1045.5,549,13,21,-,1,class->block->function->block->block_content->return->expr->operator
2,190,rectangle_java2.jpg,rectangle_java2.jpg,1704544160,168,1033.1119047619047,553.4619047619047,968.5,549,70,21,this.y2,7,class->block->function->block->block_content->return->expr->name->name->operator->name
2,190,rectangle_java2.jpg,rectangle_java2.jpg,1704544160,168,1033.1119047619047,553.4619047619047,1045.5,549,13,21,-,1,class->block->function->block->block_content->return->expr->operator
2,190,rectangle_java2.jpg,rectangle_java2.jpg,1704728142,72,977.4177777777778,554.8761111111111,968.5,549,70,21,this.y2,7,class->block->function->block->block_content->return->expr->name->name->operator->name
2,190,rectangle_java2.jpg,rectangle_java2.jpg,1704792140,60,983.0813333333333,561.764,968.5,549,70,21,this.y2,7,class->block->function->block->block_content->return->expr->name->name->operator->name
2,190,rectangle_java2.jpg,rectangle_java2.jpg,1704936140,112,1095.705,557.5632142857143,1064.5,549,71,21,this.y1,7,class->block->function->block->block_content->return->expr->name->name->operator->name
2,190,rectangle_java2.jpg,rectangle_java2.jpg,1705132113,176,1169.3684090909092,556.8636363636364,1161.5,549,10,21,},1,class->block->function->block
2,190,rectangle_java2.jpg,rectangle_java2.jpg,1705583997,100,1120.9492,561.6708,1064.5,549,71,21,this.y1,7,class->block->function->block->block_content->return->expr->name->name->operator->name
2,190,rectangle_java2.jpg,rectangle_java2.jpg,1705747992,160,1116.925,555.298,1064.5,549,71,21,this.y1,7,class->block->function->block->block_content->return->expr->name->name->operator->name
2,190,rectangle_java2.jpg,rectangle_java2.jpg,1706380014,228,834.9201754385965,591.6863157894737,804.5,585,43,21,area,4,class->block->function->name
2,190,rectangle_java2.jpg,rectangle_java2.jpg,1706687981,260,913.5276923076923,591.7661538461539,910.5,585,62,21,return,6,class->block->function->block->block_content->return
2,190,rectangle_java2.jpg,rectangle_java2.jpg,1706772013,72,1051.2783333333332,590.1544444444445,977.5,585,101,21,this.width,10,class->block->function->block->block_content->return->expr->call->name->name->operator->name
2,190,rectangle_java2.jpg,rectangle_java2.jpg,1707019898,244,1062.7603278688525,588.5516393442623,977.5,585,101,21,this.width,10,class->block->function->block->block_content->return->expr->call->name->name->operator->name
2,190,rectangle_java2.jpg,rectangle_java2.jpg,1707159698,136,1102.3041176470588,589.2829411764706,1103.5,585,9,21,),1,class->block->function->block->block_content->return->expr->call->argument_list
2,190,rectangle_java2.jpg,rectangle_java2.jpg,1707363927,164,1039.5575609756097,593.3065853658537,977.5,585,101,21,this.width,10,class->block->function->block->block_content->return->expr->call->name->name->operator->name
2,190,rectangle_java2.jpg,rectangle_java2.jpg,1707551985,92,839.2095652173913,646.9417391304348,826.5,658,52,20,rect1,5,class->block->function->block->block_content->decl_stmt->decl->name
2,190,rectangle_java2.jpg,rectangle_java2.jpg,1707683897,128,805.04125,638.821875,804.5,621,44,21,void,4,class->block->function->type->name
2,190,rectangle_java2.jpg,rectangle_java2.jpg,1707899818,64,825.25625,664.575625,826.5,658,52,20,rect1,5,class->block->function->block->block_content->decl_stmt->decl->name
2,190,rectangle_java2.jpg,rectangle_java2.jpg,1708051850,148,829.5751351351352,665.2216216216216,826.5,658,52,20,rect1,5,class->block->function->block->block_content->decl_stmt->decl->name
2,190,rectangle_java2.jpg,rectangle_java2.jpg,1708155892,80,944.173,672.1755,941.5,658,91,20,Rectangle,9,class->block->function->block->block_content->decl_stmt->decl->init->expr->call->name
2,190,rectangle_java2.jpg,rectangle_java2.jpg,1708251864,92,953.1160869565217,675.2621739130435,941.5,658,91,20,Rectangle,9,class->block->function->block->block_content->decl_stmt->decl->init->expr->call->name
2,190,rectangle_java2.jpg,rectangle_java2.jpg,1708331814,76,957.6373684210527,676.1910526315789,941.5,658,91,20,Rectangle,9,class->block->function->block->block_content->decl_stmt->decl->init->expr->call->name
2,190,rectangle_java2.jpg,rectangle_java2.jpg,1708411790,68,1086.5270588235294,671.6647058823529,1095.5,658,13,20,0,1,class->block->function->block->block_content->decl_stmt->decl->init->expr->call->argument_list->argument->expr->literal
2,190,rectangle_java2.jpg,rectangle_java2.jpg,1708647888,232,1104.6160344827586,670.369827586207,1095.5,658,13,20,0,1,class->block->function->block->block_content->decl_stmt->decl->init->expr->call->argument_list->argument->expr->literal
2,190,rectangle_java2.jpg,rectangle_java2.jpg,1708647888,232,1104.6160344827586,670.369827586207,1115.5,658,10,20,",",1,class->block->function->block->block_content->decl_stmt->decl->init->expr->call->argument_list
2,190,rectangle_java2.jpg,rectangle_java2.jpg,1708855893,120,834.865,749.4713333333333,826.5,731,51,20,rect2,5,class->block->function->block->block_content->decl_stmt->decl->name
2,190,rectangle_java2.jpg,rectangle_java2.jpg,1709091847,192,796.2958333333333,756.221875,730.5,766,177,21,System.out.println,18,class->block->function->block->block_content->expr_stmt->expr->call->name->name->operator->name->operator->name
