trial,participant,code_file,code_language,timestamp,duration,x_cord,y_cord,aoi_x,aoi_y,aoi_width,aoi_height,token,length,srcML
2,191,rectangle_java2.jpg,rectangle_java2.jpg,483783246,148,784.6489189189189,343.84,730.5,331,71,19,this.x1,7,class->block->constructor->block->block_content->expr_stmt->expr->name->name->operator->name
2,191,rectangle_java2.jpg,rectangle_java2.jpg,483859246,72,784.9972222222223,346.995,730.5,331,71,19,this.x1,7,class->block->constructor->block->block_content->expr_stmt->expr->name->name->operator->name
2,191,rectangle_java2.jpg,rectangle_java2.jpg,483967246,104,783.7126923076924,356.07384615384615,730.5,367,71,21,this.y1,7,class->block->constructor->block->block_content->expr_stmt->expr->name->name->operator->name
2,191,rectangle_java2.jpg,rectangle_java2.jpg,485835311,140,949.1637142857143,259.5708571428571,929.5,259,23,21,y2,2,class->block->decl_stmt->decl->name
2,191,rectangle_java2.jpg,rectangle_java2.jpg,485835311,140,949.1637142857143,259.5708571428571,959.5,259,10,21,;,1,class->block->decl_stmt
2,191,rectangle_java2.jpg,rectangle_java2.jpg,485943186,104,948.9061538461539,250.8403846153846,929.5,259,23,21,y2,2,class->block->decl_stmt->decl->name
2,191,rectangle_java2.jpg,rectangle_java2.jpg,485943186,104,948.9061538461539,250.8403846153846,959.5,259,10,21,;,1,class->block->decl_stmt
2,191,rectangle_java2.jpg,rectangle_java2.jpg,489906692,92,764.684347826087,210.1330434782609,715.5,222,90,21,Rectangle,9,class->name
2,191,rectangle_java2.jpg,rectangle_java2.jpg,490666706,84,744.8914285714286,253.4680952380952,747.5,259,33,21,int,3,class->block->decl_stmt->decl->type->name
2,191,rectangle_java2.jpg,rectangle_java2.jpg,490754719,84,748.6276190476191,262.37714285714287,747.5,259,33,21,int,3,class->block->decl_stmt->decl->type->name
2,191,rectangle_java2.jpg,rectangle_java2.jpg,490814728,56,742.9857142857143,250.19142857142856,747.5,259,33,21,int,3,class->block->decl_stmt->decl->type->name
2,191,rectangle_java2.jpg,rectangle_java2.jpg,491050737,208,832.8753846153846,256.6630769230769,833.5,259,23,21,y1,2,class->block->decl_stmt->decl->name
2,191,rectangle_java2.jpg,rectangle_java2.jpg,491286695,184,928.4184782608695,247.57130434782607,929.5,259,23,21,y2,2,class->block->decl_stmt->decl->name
2,191,rectangle_java2.jpg,rectangle_java2.jpg,493094466,240,818.049,276.2475,815.5,259,10,21,",",1,class->block->decl_stmt
2,191,rectangle_java2.jpg,rectangle_java2.jpg,493202460,60,925.75,288.12333333333333,921.5,295,9,21,",",1,class->block->constructor->parameter_list
2,191,rectangle_java2.jpg,rectangle_java2.jpg,493550493,344,926.1058139534883,284.6489534883721,921.5,295,9,21,",",1,class->block->constructor->parameter_list
2,191,rectangle_java2.jpg,rectangle_java2.jpg,493758489,204,928.6825490196078,295.688431372549,921.5,295,9,21,",",1,class->block->constructor->parameter_list
2,191,rectangle_java2.jpg,rectangle_java2.jpg,493758489,204,928.6825490196078,295.688431372549,939.5,295,33,21,int,3,class->block->constructor->parameter_list->parameter->decl->type->name
2,191,rectangle_java2.jpg,rectangle_java2.jpg,494154418,332,832.5728915662651,323.1036144578313,826.5,331,23,19,x1,2,class->block->constructor->block->block_content->expr_stmt->expr->name->name
2,191,rectangle_java2.jpg,rectangle_java2.jpg,494934318,264,843.37,405.56454545454545,826.5,404,23,19,x2,2,class->block->constructor->block->block_content->expr_stmt->expr->name->name
2,191,rectangle_java2.jpg,rectangle_java2.jpg,495126308,188,824.0723404255319,401.7544680851064,826.5,404,23,19,x2,2,class->block->constructor->block->block_content->expr_stmt->expr->name->name
2,191,rectangle_java2.jpg,rectangle_java2.jpg,496262156,168,844.2304761904762,400.63928571428573,826.5,404,23,19,x2,2,class->block->constructor->block->block_content->expr_stmt->expr->name->name
2,191,rectangle_java2.jpg,rectangle_java2.jpg,496262156,168,844.2304761904762,400.63928571428573,856.5,404,10,19,;,1,class->block->constructor->block->block_content->expr_stmt
2,191,rectangle_java2.jpg,rectangle_java2.jpg,497030249,196,804.5191836734693,218.55142857142857,715.5,222,90,21,Rectangle,9,class->name
2,191,rectangle_java2.jpg,rectangle_java2.jpg,497030249,196,804.5191836734693,218.55142857142857,813.5,222,10,21,{,1,class->block
2,191,rectangle_java2.jpg,rectangle_java2.jpg,497106241,60,799.9953333333333,308.346,737.5,295,91,21,Rectangle,9,class->block->constructor->name
2,191,rectangle_java2.jpg,rectangle_java2.jpg,497474135,184,801.4721739130434,256.49304347826086,785.5,259,23,21,x1,2,class->block->decl_stmt->decl->name
2,191,rectangle_java2.jpg,rectangle_java2.jpg,497658083,172,746.0479069767442,253.78418604651165,747.5,259,33,21,int,3,class->block->decl_stmt->decl->type->name
2,191,rectangle_java2.jpg,rectangle_java2.jpg,497758089,72,829.1994444444445,346.6583333333333,826.5,331,23,19,x1,2,class->block->constructor->block->block_content->expr_stmt->expr->name->name
2,191,rectangle_java2.jpg,rectangle_java2.jpg,497842089,80,831.03,357.23900000000003,826.5,367,23,21,y1,2,class->block->constructor->block->block_content->expr_stmt->expr->name->name
2,191,rectangle_java2.jpg,rectangle_java2.jpg,498294026,128,865.45125,382.9109375,856.5,367,10,21,;,1,class->block->constructor->block->block_content->expr_stmt
2,191,rectangle_java2.jpg,rectangle_java2.jpg,500025971,76,799.0247368421053,513.7557894736842,775.5,512,53,21,width,5,class->block->function->name
2,191,rectangle_java2.jpg,rectangle_java2.jpg,500121954,92,797.1604347826087,501.01347826086953,775.5,512,53,21,width,5,class->block->function->name
2,191,rectangle_java2.jpg,rectangle_java2.jpg,500570217,124,789.5203225806451,501.3948387096774,775.5,512,53,21,width,5,class->block->function->name
2,191,rectangle_java2.jpg,rectangle_java2.jpg,500809635,56,788.6092857142858,524.6042857142858,775.5,512,53,21,width,5,class->block->function->name
2,191,rectangle_java2.jpg,rectangle_java2.jpg,501333839,64,802.06625,527.850625,775.5,512,53,21,width,5,class->block->function->name
2,191,rectangle_java2.jpg,rectangle_java2.jpg,501425841,88,800.7127272727273,515.7704545454545,775.5,512,53,21,width,5,class->block->function->name
2,191,rectangle_java2.jpg,rectangle_java2.jpg,501505835,76,799.8115789473684,537.4226315789474,775.5,549,62,21,height,6,class->block->function->name
2,191,rectangle_java2.jpg,rectangle_java2.jpg,501597828,88,802.18,540.5086363636364,775.5,549,62,21,height,6,class->block->function->name
2,191,rectangle_java2.jpg,rectangle_java2.jpg,501761839,120,885.7306666666667,518.0946666666666,891.5,512,62,21,return,6,class->block->function->block->block_content->return->expr->name->name
2,191,rectangle_java2.jpg,rectangle_java2.jpg,501957748,192,887.6270833333333,527.4291666666667,891.5,512,62,21,return,6,class->block->function->block->block_content->return->expr->name->name
2,191,rectangle_java2.jpg,rectangle_java2.jpg,502257800,80,1038.6945,539.5844999999999,1045.5,549,13,21,-,1,class->block->function->block->block_content->return->expr->operator
2,191,rectangle_java2.jpg,rectangle_java2.jpg,502349736,88,1047.8904545454545,526.4945454545455,1035.5,512,13,21,-,1,class->block->function->block->block_content->return->expr->name->name
2,191,rectangle_java2.jpg,rectangle_java2.jpg,502349736,88,1047.8904545454545,526.4945454545455,1054.5,512,71,21,this.x1,7,class->block->function->block->block_content->return->expr->name->name->operator->name
2,191,rectangle_java2.jpg,rectangle_java2.jpg,502701668,92,1109.965652173913,510.5213043478261,1054.5,512,71,21,this.x1,7,class->block->function->block->block_content->return->expr->name->name->operator->name
2,191,rectangle_java2.jpg,rectangle_java2.jpg,502805678,100,1117.192,515.0648,1054.5,512,71,21,this.x1,7,class->block->function->block->block_content->return->expr->name->name->operator->name
2,191,rectangle_java2.jpg,rectangle_java2.jpg,503189739,196,830.5832653061225,520.2671428571429,837.5,512,9,21,(,1,class->block->function->parameter_list
2,191,rectangle_java2.jpg,rectangle_java2.jpg,503293732,100,826.776,511.7819999999999,775.5,512,53,21,width,5,class->block->function->name
2,191,rectangle_java2.jpg,rectangle_java2.jpg,503293732,100,826.776,511.7819999999999,837.5,512,9,21,(,1,class->block->function->parameter_list
2,191,rectangle_java2.jpg,rectangle_java2.jpg,503373725,56,765.605,507.42499999999995,737.5,512,33,21,int,3,class->block->function->type->name
2,191,rectangle_java2.jpg,rectangle_java2.jpg,503373725,56,765.605,507.42499999999995,775.5,512,53,21,width,5,class->block->function->name
2,191,rectangle_java2.jpg,rectangle_java2.jpg,503541662,164,769.7014634146342,514.4112195121951,737.5,512,33,21,int,3,class->block->function->type->name
2,191,rectangle_java2.jpg,rectangle_java2.jpg,503541662,164,769.7014634146342,514.4112195121951,775.5,512,53,21,width,5,class->block->function->name
2,191,rectangle_java2.jpg,rectangle_java2.jpg,503745567,168,854.7654761904762,565.4564285714285,846.5,549,10,21,(,1,class->block->function->parameter_list
2,191,rectangle_java2.jpg,rectangle_java2.jpg,503745567,168,854.7654761904762,565.4564285714285,863.5,549,9,21,),1,class->block->function->parameter_list
2,191,rectangle_java2.jpg,rectangle_java2.jpg,503901539,104,998.6769230769231,556.7511538461539,968.5,549,70,21,this.y2,7,class->block->function->block->block_content->return->expr->name->name->operator->name
2,191,rectangle_java2.jpg,rectangle_java2.jpg,504381546,116,897.9658620689655,548.388275862069,900.5,549,63,21,return,6,class->block->function->block->block_content->return
2,191,rectangle_java2.jpg,rectangle_java2.jpg,504445654,60,891.8626666666667,558.7433333333333,883.5,549,10,21,{,1,class->block->function->block
2,191,rectangle_java2.jpg,rectangle_java2.jpg,504445654,60,891.8626666666667,558.7433333333333,900.5,549,63,21,return,6,class->block->function->block->block_content->return
2,191,rectangle_java2.jpg,rectangle_java2.jpg,504649864,152,823.5065789473684,513.0660526315789,775.5,512,53,21,width,5,class->block->function->name
2,191,rectangle_java2.jpg,rectangle_java2.jpg,504813594,116,905.5351724137931,499.61103448275867,891.5,512,62,21,return,6,class->block->function->block->block_content->return->expr->name->name
2,191,rectangle_java2.jpg,rectangle_java2.jpg,504941571,80,1067.814,527.0225,1054.5,512,71,21,this.x1,7,class->block->function->block->block_content->return->expr->name->name->operator->name
2,191,rectangle_java2.jpg,rectangle_java2.jpg,505077542,132,1061.2351515151515,537.2515151515152,1064.5,549,71,21,this.y1,7,class->block->function->block->block_content->return->expr->name->name->operator->name
2,191,rectangle_java2.jpg,rectangle_java2.jpg,505213515,80,1156.445,521.077,1152.5,512,10,21,},1,class->block
2,191,rectangle_java2.jpg,rectangle_java2.jpg,505321464,104,1153.1353846153845,510.50153846153853,1152.5,512,10,21,},1,class->block
2,191,rectangle_java2.jpg,rectangle_java2.jpg,505429386,96,1075.5654166666666,516.2545833333334,1054.5,512,71,21,this.x1,7,class->block->function->block->block_content->return->expr->name->name->operator->name
2,191,rectangle_java2.jpg,rectangle_java2.jpg,505545387,112,1079.952857142857,513.6035714285714,1054.5,512,71,21,this.x1,7,class->block->function->block->block_content->return->expr->name->name->operator->name
2,191,rectangle_java2.jpg,rectangle_java2.jpg,505649415,64,894.893125,528.720625,891.5,512,62,21,return,6,class->block->function->block->block_content->return->expr->name->name
2,191,rectangle_java2.jpg,rectangle_java2.jpg,505721400,68,893.9823529411765,512.3070588235294,891.5,512,62,21,return,6,class->block->function->block->block_content->return->expr->name->name
2,191,rectangle_java2.jpg,rectangle_java2.jpg,505901356,92,893.3269565217391,507.5373913043478,891.5,512,62,21,return,6,class->block->function->block->block_content->return->expr->name->name
2,191,rectangle_java2.jpg,rectangle_java2.jpg,506053332,120,971.264,513.3406666666667,958.5,512,71,21,this.x2,7,class->block->function->block->block_content->return->expr->name->name->operator->name->operator
2,191,rectangle_java2.jpg,rectangle_java2.jpg,506133371,76,975.0005263157894,520.7226315789474,958.5,512,71,21,this.x2,7,class->block->function->block->block_content->return->expr->name->name->operator->name->operator
2,191,rectangle_java2.jpg,rectangle_java2.jpg,506317421,168,1044.4892857142856,531.0642857142857,1035.5,512,13,21,-,1,class->block->function->block->block_content->return->expr->name->name
2,191,rectangle_java2.jpg,rectangle_java2.jpg,506317421,168,1044.4892857142856,531.0642857142857,1054.5,512,71,21,this.x1,7,class->block->function->block->block_content->return->expr->name->name->operator->name
2,191,rectangle_java2.jpg,rectangle_java2.jpg,506393429,72,1043.0877777777778,532.5233333333333,1035.5,512,13,21,-,1,class->block->function->block->block_content->return->expr->name->name
2,191,rectangle_java2.jpg,rectangle_java2.jpg,506393429,72,1043.0877777777778,532.5233333333333,1054.5,512,71,21,this.x1,7,class->block->function->block->block_content->return->expr->name->name->operator->name
2,191,rectangle_java2.jpg,rectangle_java2.jpg,506637479,64,1160.76875,530.11875,1152.5,512,10,21,},1,class->block
2,191,rectangle_java2.jpg,rectangle_java2.jpg,506801599,56,1122.1664285714285,524.4378571428572,1054.5,512,71,21,this.x1,7,class->block->function->block->block_content->return->expr->name->name->operator->name
2,191,rectangle_java2.jpg,rectangle_java2.jpg,506801599,56,1122.1664285714285,524.4378571428572,1132.5,512,10,21,;,1,class->block->function->block
2,191,rectangle_java2.jpg,rectangle_java2.jpg,506929332,124,1122.5612903225806,508.9196774193549,1054.5,512,71,21,this.x1,7,class->block->function->block->block_content->return->expr->name->name->operator->name
2,191,rectangle_java2.jpg,rectangle_java2.jpg,506929332,124,1122.5612903225806,508.9196774193549,1132.5,512,10,21,;,1,class->block->function->block
2,191,rectangle_java2.jpg,rectangle_java2.jpg,507301263,96,1081.24125,639.5233333333333,1074.5,621,10,21,),1,class->block->function->parameter_list
2,191,rectangle_java2.jpg,rectangle_java2.jpg,507465314,160,1082.73175,647.92425,1077.5,658,9,20,",",1,class->block->function->block->block_content->decl_stmt->decl->init->expr->call->argument_list
2,191,rectangle_java2.jpg,rectangle_java2.jpg,507565278,96,1080.9275,658.3408333333333,1077.5,658,9,20,",",1,class->block->function->block->block_content->decl_stmt->decl->init->expr->call->argument_list
2,191,rectangle_java2.jpg,rectangle_java2.jpg,508009334,128,797.3909375,731.9578125,730.5,731,91,20,Rectangle,9,class->block->function->block->block_content->decl_stmt->decl->type->name
2,191,rectangle_java2.jpg,rectangle_java2.jpg,508069328,56,796.6942857142857,721.5585714285714,730.5,731,91,20,Rectangle,9,class->block->function->block->block_content->decl_stmt->decl->type->name
2,191,rectangle_java2.jpg,rectangle_java2.jpg,508229340,140,807.4522857142857,580.4817142857142,804.5,585,43,21,area,4,class->block->function->name
2,191,rectangle_java2.jpg,rectangle_java2.jpg,508425306,140,900.8514285714285,627.0954285714286,904.5,621,9,21,(,1,class->block->function->parameter_list
2,191,rectangle_java2.jpg,rectangle_java2.jpg,508765153,164,1037.118780487805,628.3324390243903,1025.5,621,42,21,args,4,class->block->function->parameter_list->parameter->decl->name
2,191,rectangle_java2.jpg,rectangle_java2.jpg,509345295,104,1050.5957692307693,646.9326923076923,1057.5,658,13,20,0,1,class->block->function->block->block_content->decl_stmt->decl->init->expr->call->argument_list->argument->expr->literal
2,191,rectangle_java2.jpg,rectangle_java2.jpg,509433234,64,911.69625,613.83625,904.5,621,9,21,(,1,class->block->function->parameter_list
2,191,rectangle_java2.jpg,rectangle_java2.jpg,509433234,64,911.69625,613.83625,920.5,621,62,21,String,6,class->block->function->parameter_list->parameter->decl->type->name->name
2,191,rectangle_java2.jpg,rectangle_java2.jpg,509649180,88,900.65,520.5763636363637,891.5,512,62,21,return,6,class->block->function->block->block_content->return->expr->name->name
2,191,rectangle_java2.jpg,rectangle_java2.jpg,509713179,60,905.788,527.5246666666667,891.5,512,62,21,return,6,class->block->function->block->block_content->return->expr->name->name
2,191,rectangle_java2.jpg,rectangle_java2.jpg,509849158,56,886.8164285714286,547.995,883.5,549,10,21,{,1,class->block->function->block
2,191,rectangle_java2.jpg,rectangle_java2.jpg,509993097,92,1056.0013043478261,559.4813043478262,1045.5,549,13,21,-,1,class->block->function->block->block_content->return->expr->operator
2,191,rectangle_java2.jpg,rectangle_java2.jpg,509993097,92,1056.0013043478261,559.4813043478262,1064.5,549,71,21,this.y1,7,class->block->function->block->block_content->return->expr->name->name->operator->name
2,191,rectangle_java2.jpg,rectangle_java2.jpg,510260974,168,1115.144761904762,559.2507142857143,1064.5,549,71,21,this.y1,7,class->block->function->block->block_content->return->expr->name->name->operator->name
2,191,rectangle_java2.jpg,rectangle_java2.jpg,510385035,60,862.6946666666666,513.6586666666667,854.5,512,9,21,),1,class->block->function->parameter_list
2,191,rectangle_java2.jpg,rectangle_java2.jpg,510385035,60,862.6946666666666,513.6586666666667,874.5,512,10,21,{,1,class->block->function->block
2,191,rectangle_java2.jpg,rectangle_java2.jpg,510469030,80,873.092,519.2015,874.5,512,10,21,{,1,class->block->function->block
2,191,rectangle_java2.jpg,rectangle_java2.jpg,510533023,60,864.0126666666666,521.312,874.5,512,10,21,{,1,class->block->function->block
2,191,rectangle_java2.jpg,rectangle_java2.jpg,510605036,68,862.8458823529412,516.3982352941176,854.5,512,9,21,),1,class->block->function->parameter_list
2,191,rectangle_java2.jpg,rectangle_java2.jpg,510605036,68,862.8458823529412,516.3982352941176,874.5,512,10,21,{,1,class->block->function->block
2,191,rectangle_java2.jpg,rectangle_java2.jpg,510824995,180,948.5944444444444,521.5868888888889,891.5,512,62,21,return,6,class->block->function->block->block_content->return->expr->name->name
2,191,rectangle_java2.jpg,rectangle_java2.jpg,510824995,180,948.5944444444444,521.5868888888889,958.5,512,71,21,this.x2,7,class->block->function->block->block_content->return->expr->name->name->operator->name->operator
2,191,rectangle_java2.jpg,rectangle_java2.jpg,511485080,172,1058.9620930232559,515.9909302325582,1054.5,512,71,21,this.x1,7,class->block->function->block->block_content->return->expr->name->name->operator->name
2,191,rectangle_java2.jpg,rectangle_java2.jpg,511549038,60,1058.5133333333333,521.7246666666666,1054.5,512,71,21,this.x1,7,class->block->function->block->block_content->return->expr->name->name->operator->name
2,191,rectangle_java2.jpg,rectangle_java2.jpg,511840771,244,1030.2342622950819,519.2150819672131,1035.5,512,13,21,-,1,class->block->function->block->block_content->return->expr->name->name
2,191,rectangle_java2.jpg,rectangle_java2.jpg,512388884,100,1041.4384,517.26,1035.5,512,13,21,-,1,class->block->function->block->block_content->return->expr->name->name
2,191,rectangle_java2.jpg,rectangle_java2.jpg,512584905,192,1043.4104166666666,517.114375,1035.5,512,13,21,-,1,class->block->function->block->block_content->return->expr->name->name
2,191,rectangle_java2.jpg,rectangle_java2.jpg,512584905,192,1043.4104166666666,517.114375,1054.5,512,71,21,this.x1,7,class->block->function->block->block_content->return->expr->name->name->operator->name
2,191,rectangle_java2.jpg,rectangle_java2.jpg,512900896,244,1133.7845901639344,512.8026229508197,1132.5,512,10,21,;,1,class->block->function->block
2,191,rectangle_java2.jpg,rectangle_java2.jpg,513016882,76,1084.5868421052633,516.4736842105264,1054.5,512,71,21,this.x1,7,class->block->function->block->block_content->return->expr->name->name->operator->name
2,191,rectangle_java2.jpg,rectangle_java2.jpg,513724869,132,1087.0139393939394,509.4775757575758,1054.5,512,71,21,this.x1,7,class->block->function->block->block_content->return->expr->name->name->operator->name
2,191,rectangle_java2.jpg,rectangle_java2.jpg,513892760,136,1144.7917647058823,503.8673529411765,1152.5,512,10,21,},1,class->block
2,191,rectangle_java2.jpg,rectangle_java2.jpg,514160769,244,1025.7368852459017,526.9252459016393,958.5,512,71,21,this.x2,7,class->block->function->block->block_content->return->expr->name->name->operator->name->operator
2,191,rectangle_java2.jpg,rectangle_java2.jpg,514160769,244,1025.7368852459017,526.9252459016393,1035.5,512,13,21,-,1,class->block->function->block->block_content->return->expr->name->name
2,191,rectangle_java2.jpg,rectangle_java2.jpg,514264778,72,884.6722222222222,555.5922222222222,883.5,549,10,21,{,1,class->block->function->block
2,191,rectangle_java2.jpg,rectangle_java2.jpg,514424786,156,887.2458974358974,557.5617948717949,883.5,549,10,21,{,1,class->block->function->block
2,191,rectangle_java2.jpg,rectangle_java2.jpg,514484746,56,882.8057142857143,561.7907142857143,883.5,549,10,21,{,1,class->block->function->block
2,191,rectangle_java2.jpg,rectangle_java2.jpg,514740680,216,952.1462962962963,641.0512962962963,920.5,621,62,21,String,6,class->block->function->parameter_list->parameter->decl->type->name->name
2,191,rectangle_java2.jpg,rectangle_java2.jpg,515060491,56,1039.9092857142857,585.0464285714286,977.5,585,101,21,this.width,10,class->block->function->block->block_content->return->expr->call->name->name->operator->name
2,191,rectangle_java2.jpg,rectangle_java2.jpg,515580657,140,957.7054285714286,520.3654285714285,958.5,512,71,21,this.x2,7,class->block->function->block->block_content->return->expr->name->name->operator->name->operator
2,191,rectangle_java2.jpg,rectangle_java2.jpg,515828675,216,879.4487037037037,553.9016666666666,883.5,549,10,21,{,1,class->block->function->block
2,191,rectangle_java2.jpg,rectangle_java2.jpg,516088598,204,1056.5435294117647,557.5386274509804,1045.5,549,13,21,-,1,class->block->function->block->block_content->return->expr->operator
2,191,rectangle_java2.jpg,rectangle_java2.jpg,516088598,204,1056.5435294117647,557.5386274509804,1064.5,549,71,21,this.y1,7,class->block->function->block->block_content->return->expr->name->name->operator->name
2,191,rectangle_java2.jpg,rectangle_java2.jpg,516192601,100,1065.6048,545.6404,1064.5,549,71,21,this.y1,7,class->block->function->block->block_content->return->expr->name->name->operator->name
2,191,rectangle_java2.jpg,rectangle_java2.jpg,516356452,100,1144.8868,510.8556000000001,1152.5,512,10,21,},1,class->block
2,191,rectangle_java2.jpg,rectangle_java2.jpg,516500364,140,1138.8157142857142,516.3774285714286,1132.5,512,10,21,;,1,class->block->function->block
2,191,rectangle_java2.jpg,rectangle_java2.jpg,516680449,136,1089.4688235294118,508.51323529411764,1054.5,512,71,21,this.x1,7,class->block->function->block->block_content->return->expr->name->name->operator->name
2,191,rectangle_java2.jpg,rectangle_java2.jpg,516984510,112,1005.4432142857142,543.8364285714285,968.5,549,70,21,this.y2,7,class->block->function->block->block_content->return->expr->name->name->operator->name
2,191,rectangle_java2.jpg,rectangle_java2.jpg,517108511,120,1008.699,541.9423333333333,968.5,549,70,21,this.y2,7,class->block->function->block->block_content->return->expr->name->name->operator->name
2,191,rectangle_java2.jpg,rectangle_java2.jpg,517276541,124,1042.320322580645,540.4493548387097,1045.5,549,13,21,-,1,class->block->function->block->block_content->return->expr->operator
2,191,rectangle_java2.jpg,rectangle_java2.jpg,517440501,128,1111.408125,548.216875,1064.5,549,71,21,this.y1,7,class->block->function->block->block_content->return->expr->name->name->operator->name
2,191,rectangle_java2.jpg,rectangle_java2.jpg,517636508,168,856.8145238095238,532.4297619047619,854.5,512,9,21,),1,class->block->function->parameter_list
2,191,rectangle_java2.jpg,rectangle_java2.jpg,517888438,208,922.5228846153847,546.0834615384615,900.5,549,63,21,return,6,class->block->function->block->block_content->return
2,191,rectangle_java2.jpg,rectangle_java2.jpg,518044377,116,1088.364827586207,551.706551724138,1064.5,549,71,21,this.y1,7,class->block->function->block->block_content->return->expr->name->name->operator->name
2,191,rectangle_java2.jpg,rectangle_java2.jpg,518128381,80,1092.9424999999999,553.5245,1064.5,549,71,21,this.y1,7,class->block->function->block->block_content->return->expr->name->name->operator->name
2,191,rectangle_java2.jpg,rectangle_java2.jpg,518212355,80,1097.379,563.3515,1064.5,549,71,21,this.y1,7,class->block->function->block->block_content->return->expr->name->name->operator->name
2,191,rectangle_java2.jpg,rectangle_java2.jpg,518496368,240,901.3598333333333,553.5281666666667,900.5,549,63,21,return,6,class->block->function->block->block_content->return
2,191,rectangle_java2.jpg,rectangle_java2.jpg,518556378,56,900.6171428571429,545.94,900.5,549,63,21,return,6,class->block->function->block->block_content->return
2,191,rectangle_java2.jpg,rectangle_java2.jpg,518628373,68,895.6717647058823,566.4911764705882,900.5,549,63,21,return,6,class->block->function->block->block_content->return
2,191,rectangle_java2.jpg,rectangle_java2.jpg,518812331,128,1028.8375,532.2575,958.5,512,71,21,this.x2,7,class->block->function->block->block_content->return->expr->name->name->operator->name->operator
2,191,rectangle_java2.jpg,rectangle_java2.jpg,518812331,128,1028.8375,532.2575,1035.5,512,13,21,-,1,class->block->function->block->block_content->return->expr->name->name
2,191,rectangle_java2.jpg,rectangle_java2.jpg,518924349,108,1032.0985185185184,544.945925925926,968.5,549,70,21,this.y2,7,class->block->function->block->block_content->return->expr->name->name->operator->name
2,191,rectangle_java2.jpg,rectangle_java2.jpg,519036604,76,1028.9615789473685,514.9957894736842,958.5,512,71,21,this.x2,7,class->block->function->block->block_content->return->expr->name->name->operator->name->operator
2,191,rectangle_java2.jpg,rectangle_java2.jpg,519036604,76,1028.9615789473685,514.9957894736842,1035.5,512,13,21,-,1,class->block->function->block->block_content->return->expr->name->name
2,191,rectangle_java2.jpg,rectangle_java2.jpg,519124749,84,1032.7171428571428,510.6095238095238,1035.5,512,13,21,-,1,class->block->function->block->block_content->return->expr->name->name
2,191,rectangle_java2.jpg,rectangle_java2.jpg,519240633,112,1030.1178571428572,520.5835714285714,1035.5,512,13,21,-,1,class->block->function->block->block_content->return->expr->name->name
2,191,rectangle_java2.jpg,rectangle_java2.jpg,519332476,68,929.2970588235294,514.69,891.5,512,62,21,return,6,class->block->function->block->block_content->return->expr->name->name
2,191,rectangle_java2.jpg,rectangle_java2.jpg,519412356,76,935.8310526315789,503.35473684210524,891.5,512,62,21,return,6,class->block->function->block->block_content->return->expr->name->name
2,191,rectangle_java2.jpg,rectangle_java2.jpg,520412240,84,1048.5480952380951,611.9538095238095,1025.5,621,42,21,args,4,class->block->function->parameter_list->parameter->decl->name
2,191,rectangle_java2.jpg,rectangle_java2.jpg,520528275,112,1044.2239285714286,615.0767857142857,1025.5,621,42,21,args,4,class->block->function->parameter_list->parameter->decl->name
2,191,rectangle_java2.jpg,rectangle_java2.jpg,520868227,152,914.5684210526316,618.3057894736842,920.5,621,62,21,String,6,class->block->function->parameter_list->parameter->decl->type->name->name
2,191,rectangle_java2.jpg,rectangle_java2.jpg,520996233,124,910.8609677419355,624.2290322580645,904.5,621,9,21,(,1,class->block->function->parameter_list
2,191,rectangle_java2.jpg,rectangle_java2.jpg,520996233,124,910.8609677419355,624.2290322580645,920.5,621,62,21,String,6,class->block->function->parameter_list->parameter->decl->type->name->name
2,191,rectangle_java2.jpg,rectangle_java2.jpg,521219889,148,841.314054054054,720.3005405405405,826.5,731,51,20,rect2,5,class->block->function->block->block_content->decl_stmt->decl->name
2,191,rectangle_java2.jpg,rectangle_java2.jpg,521279951,56,775.3714285714286,719.5764285714286,730.5,731,91,20,Rectangle,9,class->block->function->block->block_content->decl_stmt->decl->type->name
2,191,rectangle_java2.jpg,rectangle_java2.jpg,521356031,72,772.6961111111111,729.1822222222222,730.5,731,91,20,Rectangle,9,class->block->function->block->block_content->decl_stmt->decl->type->name
2,191,rectangle_java2.jpg,rectangle_java2.jpg,521544129,140,893.606,711.3305714285715,730.5,694,177,21,System.out.println,18,class->block->function->block->block_content->expr_stmt->expr->call->name->name->operator->name->operator->name
2,191,rectangle_java2.jpg,rectangle_java2.jpg,521612068,64,901.4762499999999,708.800625,730.5,694,177,21,System.out.println,18,class->block->function->block->block_content->expr_stmt->expr->call->name->name->operator->name->operator->name
2,191,rectangle_java2.jpg,rectangle_java2.jpg,527219727,228,743.0905263157895,603.329298245614,737.5,585,62,21,double,6,class->block->function->type->name
2,191,rectangle_java2.jpg,rectangle_java2.jpg,529403483,72,891.2355555555555,677.3111111111111,883.5,658,15,20,=,1,class->block->function->block->block_content->decl_stmt->decl->init
2,191,rectangle_java2.jpg,rectangle_java2.jpg,529403483,72,891.2355555555555,677.3111111111111,902.5,658,34,20,new,3,class->block->function->block->block_content->decl_stmt->decl->init->expr->operator
2,191,rectangle_java2.jpg,rectangle_java2.jpg,529539460,56,776.3928571428571,728.6721428571428,730.5,731,91,20,Rectangle,9,class->block->function->block->block_content->decl_stmt->decl->type->name
2,191,rectangle_java2.jpg,rectangle_java2.jpg,529867318,92,877.18,732.2960869565218,826.5,731,51,20,rect2,5,class->block->function->block->block_content->decl_stmt->decl->name
2,191,rectangle_java2.jpg,rectangle_java2.jpg,529867318,92,877.18,732.2960869565218,883.5,731,15,20,=,1,class->block->function->block->block_content->decl_stmt->decl->init
2,191,rectangle_java2.jpg,rectangle_java2.jpg,530739262,144,767.2805555555556,269.82666666666665,747.5,259,33,21,int,3,class->block->decl_stmt->decl->type->name
2,191,rectangle_java2.jpg,rectangle_java2.jpg,530803320,60,768.7826666666667,288.13,737.5,295,91,21,Rectangle,9,class->block->constructor->name
2,191,rectangle_java2.jpg,rectangle_java2.jpg,531491570,76,791.3231578947368,514.74,775.5,512,53,21,width,5,class->block->function->name
2,191,rectangle_java2.jpg,rectangle_java2.jpg,531619346,124,793.0874193548387,504.6364516129032,775.5,512,53,21,width,5,class->block->function->name
2,191,rectangle_java2.jpg,rectangle_java2.jpg,531923333,148,932.8264864864865,554.6548648648649,900.5,549,63,21,return,6,class->block->function->block->block_content->return
2,191,rectangle_java2.jpg,rectangle_java2.jpg,532379121,184,815.5341304347826,237.74869565217392,813.5,222,10,21,{,1,class->block
2,191,rectangle_java2.jpg,rectangle_java2.jpg,532499167,116,819.5220689655173,232.7255172413793,813.5,222,10,21,{,1,class->block
2,191,rectangle_java2.jpg,rectangle_java2.jpg,533287148,76,864.9936842105263,436.7342105263158,856.5,440,10,21,;,1,class->block->constructor->block->block_content->expr_stmt
2,191,rectangle_java2.jpg,rectangle_java2.jpg,533834796,96,876.0133333333333,558.97,883.5,549,10,21,{,1,class->block->function->block
2,191,rectangle_java2.jpg,rectangle_java2.jpg,533934876,96,886.1341666666667,566.9333333333334,883.5,549,10,21,{,1,class->block->function->block
2,191,rectangle_java2.jpg,rectangle_java2.jpg,534331022,100,911.4772,512.0764,891.5,512,62,21,return,6,class->block->function->block->block_content->return->expr->name->name
2,191,rectangle_java2.jpg,rectangle_java2.jpg,534423034,88,916.2927272727272,517.0663636363637,891.5,512,62,21,return,6,class->block->function->block->block_content->return->expr->name->name
2,191,rectangle_java2.jpg,rectangle_java2.jpg,534643089,88,1086.780909090909,555.5722727272728,1064.5,549,71,21,this.y1,7,class->block->function->block->block_content->return->expr->name->name->operator->name
2,191,rectangle_java2.jpg,rectangle_java2.jpg,534767039,120,1078.59,566.9236666666667,1064.5,549,71,21,this.y1,7,class->block->function->block->block_content->return->expr->name->name->operator->name
2,191,rectangle_java2.jpg,rectangle_java2.jpg,534891005,120,1089.1346666666666,564.382,1064.5,549,71,21,this.y1,7,class->block->function->block->block_content->return->expr->name->name->operator->name
2,191,rectangle_java2.jpg,rectangle_java2.jpg,535103136,104,1005.8096153846154,614.7242307692308,1007.5,621,10,21,],1,class->block->function->parameter_list->parameter->decl->type->name->index
