trial,participant,code_file,code_language,timestamp,duration,x_cord,y_cord,aoi_x,aoi_y,aoi_width,aoi_height,token,length,srcML
2,193,rectangle_java2.jpg,rectangle_java2.jpg,3791223672,104,780.6169230769231,249.32,785.5,259,23,21,x1,2,class->block->decl_stmt->decl->name
2,193,rectangle_java2.jpg,rectangle_java2.jpg,3791299695,72,785.2072222222222,261.7261111111111,785.5,259,23,21,x1,2,class->block->decl_stmt->decl->name
2,193,rectangle_java2.jpg,rectangle_java2.jpg,3792051732,80,676.6129999999999,272.3875,669.5,259,72,21,private,7,class->block->decl_stmt->decl->type->specifier
2,193,rectangle_java2.jpg,rectangle_java2.jpg,3792167684,112,677.1717857142858,270.05,669.5,259,72,21,private,7,class->block->decl_stmt->decl->type->specifier
2,193,rectangle_java2.jpg,rectangle_java2.jpg,3792295645,80,669.1945,268.8085,669.5,259,72,21,private,7,class->block->decl_stmt->decl->type->specifier
2,193,rectangle_java2.jpg,rectangle_java2.jpg,3792495726,76,768.5247368421053,233.21473684210525,715.5,222,90,21,Rectangle,9,class->name
2,193,rectangle_java2.jpg,rectangle_java2.jpg,3792631753,132,772.7845454545454,230.64666666666665,715.5,222,90,21,Rectangle,9,class->name
2,193,rectangle_java2.jpg,rectangle_java2.jpg,3792967641,128,937.48625,246.61531249999996,929.5,259,23,21,y2,2,class->block->decl_stmt->decl->name
2,193,rectangle_java2.jpg,rectangle_java2.jpg,3793311587,188,802.0225531914894,248.73340425531916,785.5,259,23,21,x1,2,class->block->decl_stmt->decl->name
2,193,rectangle_java2.jpg,rectangle_java2.jpg,3793471586,156,802.7971794871795,240.984358974359,715.5,222,90,21,Rectangle,9,class->name
2,193,rectangle_java2.jpg,rectangle_java2.jpg,3793471586,156,802.7971794871795,240.984358974359,813.5,222,10,21,{,1,class->block
2,193,rectangle_java2.jpg,rectangle_java2.jpg,3793643601,168,801.7590476190476,232.1204761904762,715.5,222,90,21,Rectangle,9,class->name
2,193,rectangle_java2.jpg,rectangle_java2.jpg,3793643601,168,801.7590476190476,232.1204761904762,813.5,222,10,21,{,1,class->block
2,193,rectangle_java2.jpg,rectangle_java2.jpg,3793707603,60,797.8293333333334,226.36733333333336,715.5,222,90,21,Rectangle,9,class->name
2,193,rectangle_java2.jpg,rectangle_java2.jpg,3793935594,152,760.2894736842105,272.1736842105263,747.5,259,33,21,int,3,class->block->decl_stmt->decl->type->name
2,193,rectangle_java2.jpg,rectangle_java2.jpg,3794059582,64,756.785,271.57125,747.5,259,33,21,int,3,class->block->decl_stmt->decl->type->name
2,193,rectangle_java2.jpg,rectangle_java2.jpg,3794251559,156,673.6982051282051,220.62358974358972,657.5,222,52,21,class,5,class
2,193,rectangle_java2.jpg,rectangle_java2.jpg,3794399590,96,731.2108333333333,217.89999999999998,715.5,222,90,21,Rectangle,9,class->name
2,193,rectangle_java2.jpg,rectangle_java2.jpg,3794467611,64,726.664375,217.448125,715.5,222,90,21,Rectangle,9,class->name
2,193,rectangle_java2.jpg,rectangle_java2.jpg,3794723589,152,793.4510526315789,224.30789473684212,715.5,222,90,21,Rectangle,9,class->name
2,193,rectangle_java2.jpg,rectangle_java2.jpg,3795919458,112,693.8282142857142,221.68642857142856,657.5,222,52,21,class,5,class
2,193,rectangle_java2.jpg,rectangle_java2.jpg,3796259427,132,695.0715151515152,220.38121212121212,657.5,222,52,21,class,5,class
2,193,rectangle_java2.jpg,rectangle_java2.jpg,3796463501,180,742.3915555555556,216.6391111111111,715.5,222,90,21,Rectangle,9,class->name
2,193,rectangle_java2.jpg,rectangle_java2.jpg,3796631450,80,817.794,219.07799999999997,813.5,222,10,21,{,1,class->block
2,193,rectangle_java2.jpg,rectangle_java2.jpg,3796771280,92,664.7156521739131,262.7591304347826,669.5,259,72,21,private,7,class->block->decl_stmt->decl->type->specifier
2,193,rectangle_java2.jpg,rectangle_java2.jpg,3796883172,56,662.0592857142857,253.6457142857143,669.5,259,72,21,private,7,class->block->decl_stmt->decl->type->specifier
2,193,rectangle_java2.jpg,rectangle_java2.jpg,3797011209,96,721.2241666666666,263.0475,669.5,259,72,21,private,7,class->block->decl_stmt->decl->type->specifier
2,193,rectangle_java2.jpg,rectangle_java2.jpg,3797271281,256,719.52859375,260.50609375,669.5,259,72,21,private,7,class->block->decl_stmt->decl->type->specifier
2,193,rectangle_java2.jpg,rectangle_java2.jpg,3797407315,92,664.1834782608696,251.97260869565218,669.5,259,72,21,private,7,class->block->decl_stmt->decl->type->specifier
2,193,rectangle_java2.jpg,rectangle_java2.jpg,3797543333,132,657.469393939394,259.5072727272727,669.5,259,72,21,private,7,class->block->decl_stmt->decl->type->specifier
2,193,rectangle_java2.jpg,rectangle_java2.jpg,3798167326,92,672.7808695652174,256.3978260869565,669.5,259,72,21,private,7,class->block->decl_stmt->decl->type->specifier
2,193,rectangle_java2.jpg,rectangle_java2.jpg,3798275366,104,676.2576923076923,257.7953846153846,669.5,259,72,21,private,7,class->block->decl_stmt->decl->type->specifier
2,193,rectangle_java2.jpg,rectangle_java2.jpg,3798367361,88,685.6063636363637,251.10454545454547,669.5,259,72,21,private,7,class->block->decl_stmt->decl->type->specifier
2,193,rectangle_java2.jpg,rectangle_java2.jpg,3798427358,56,675.4692857142858,249.18785714285718,669.5,259,72,21,private,7,class->block->decl_stmt->decl->type->specifier
2,193,rectangle_java2.jpg,rectangle_java2.jpg,3800003206,64,964.76375,503.86187500000005,958.5,512,71,21,this.x2,7,class->block->function->block->block_content->return->expr->name->name->operator->name->operator
2,193,rectangle_java2.jpg,rectangle_java2.jpg,3800730844,60,800.2253333333333,504.1306666666667,775.5,512,53,21,width,5,class->block->function->name
2,193,rectangle_java2.jpg,rectangle_java2.jpg,3802063073,92,732.9517391304348,276.8986956521739,669.5,259,72,21,private,7,class->block->decl_stmt->decl->type->specifier
2,193,rectangle_java2.jpg,rectangle_java2.jpg,3802223057,80,743.8935,542.554,737.5,549,33,21,int,3,class->block->function->type->name
2,193,rectangle_java2.jpg,rectangle_java2.jpg,3802379028,152,732.6313157894737,532.3994736842105,737.5,512,33,21,int,3,class->block->function->type->name
2,193,rectangle_java2.jpg,rectangle_java2.jpg,3817266019,64,700.995625,624.1637499999999,669.5,621,63,21,public,6,class->block->function->type->specifier
2,193,rectangle_java2.jpg,rectangle_java2.jpg,3817330032,60,705.0286666666667,613.694,669.5,621,63,21,public,6,class->block->function->type->specifier
2,193,rectangle_java2.jpg,rectangle_java2.jpg,3822509520,64,1119.481875,746.425,1115.5,731,10,20,",",1,class->block->function->block->block_content->decl_stmt->decl->init->expr->call->argument_list
2,193,rectangle_java2.jpg,rectangle_java2.jpg,3829061318,56,759.5678571428571,709.5964285714285,730.5,694,177,21,System.out.println,18,class->block->function->block->block_content->expr_stmt->expr->call->name->name->operator->name->operator->name
2,193,rectangle_java2.jpg,rectangle_java2.jpg,3834539030,56,739.1778571428572,779.5714285714286,730.5,766,177,21,System.out.println,18,class->block->function->block->block_content->expr_stmt->expr->call->name->name->operator->name->operator->name
