trial,participant,code_file,code_language,timestamp,duration,x_cord,y_cord,aoi_x,aoi_y,aoi_width,aoi_height,token,length,srcML
2,215,rectangle_java2.jpg,rectangle_java2.jpg,292668050,72,763.3988888888889,252.0333333333333,747.5,259,33,21,int,3,class->block->decl_stmt->decl->type->name
2,215,rectangle_java2.jpg,rectangle_java2.jpg,295339747,80,717.226,544.0585,669.5,549,63,21,public,6,class->block->function->type->specifier
2,215,rectangle_java2.jpg,rectangle_java2.jpg,295403761,60,717.6953333333333,545.2953333333334,669.5,549,63,21,public,6,class->block->function->type->specifier
2,215,rectangle_java2.jpg,rectangle_java2.jpg,296227789,140,742.1234285714286,319.5894285714286,730.5,331,71,19,this.x1,7,class->block->constructor->block->block_content->expr_stmt->expr->name->name->operator->name
2,215,rectangle_java2.jpg,rectangle_java2.jpg,298331708,76,760.3863157894737,513.84,737.5,512,33,21,int,3,class->block->function->type->name
2,215,rectangle_java2.jpg,rectangle_java2.jpg,298479679,144,762.5024999999999,523.6241666666666,737.5,512,33,21,int,3,class->block->function->type->name
2,215,rectangle_java2.jpg,rectangle_java2.jpg,298619645,116,952.4331034482759,522.4003448275862,891.5,512,62,21,return,6,class->block->function->block->block_content->return->expr->name->name
2,215,rectangle_java2.jpg,rectangle_java2.jpg,298619645,116,952.4331034482759,522.4003448275862,958.5,512,71,21,this.x2,7,class->block->function->block->block_content->return->expr->name->name->operator->name->operator
2,215,rectangle_java2.jpg,rectangle_java2.jpg,298823618,84,859.26,539.6161904761905,863.5,549,9,21,),1,class->block->function->parameter_list
2,215,rectangle_java2.jpg,rectangle_java2.jpg,298887543,60,852.4786666666666,546.1453333333334,846.5,549,10,21,(,1,class->block->function->parameter_list
2,215,rectangle_java2.jpg,rectangle_java2.jpg,298887543,60,852.4786666666666,546.1453333333334,863.5,549,9,21,),1,class->block->function->parameter_list
2,215,rectangle_java2.jpg,rectangle_java2.jpg,299023410,84,814.8485714285714,537.1414285714286,775.5,549,62,21,height,6,class->block->function->name
2,215,rectangle_java2.jpg,rectangle_java2.jpg,299083425,56,825.2628571428571,546.9664285714285,775.5,549,62,21,height,6,class->block->function->name
2,215,rectangle_java2.jpg,rectangle_java2.jpg,299311553,196,784.4338775510204,523.5318367346939,775.5,512,53,21,width,5,class->block->function->name
2,215,rectangle_java2.jpg,rectangle_java2.jpg,299399557,60,815.4686666666666,528.5286666666667,775.5,512,53,21,width,5,class->block->function->name
2,215,rectangle_java2.jpg,rectangle_java2.jpg,299623623,92,834.5121739130435,530.5569565217392,837.5,512,9,21,(,1,class->block->function->parameter_list
2,215,rectangle_java2.jpg,rectangle_java2.jpg,299783602,116,857.9396551724138,530.433448275862,854.5,512,9,21,),1,class->block->function->parameter_list
2,215,rectangle_java2.jpg,rectangle_java2.jpg,301067421,60,832.5713333333333,250.84733333333332,833.5,259,23,21,y1,2,class->block->decl_stmt->decl->name
2,215,rectangle_java2.jpg,rectangle_java2.jpg,301175422,104,838.5792307692308,256.33384615384614,833.5,259,23,21,y1,2,class->block->decl_stmt->decl->name
2,215,rectangle_java2.jpg,rectangle_java2.jpg,306923071,120,748.8366666666667,223.37266666666665,715.5,222,90,21,Rectangle,9,class->name
2,215,rectangle_java2.jpg,rectangle_java2.jpg,308618892,80,753.3595,260.64,747.5,259,33,21,int,3,class->block->decl_stmt->decl->type->name
2,215,rectangle_java2.jpg,rectangle_java2.jpg,308818887,128,739.70625,229.86312499999997,715.5,222,90,21,Rectangle,9,class->name
2,215,rectangle_java2.jpg,rectangle_java2.jpg,309006858,64,775.64875,227.164375,715.5,222,90,21,Rectangle,9,class->name
2,215,rectangle_java2.jpg,rectangle_java2.jpg,309070845,60,776.39,230.33866666666665,715.5,222,90,21,Rectangle,9,class->name
2,215,rectangle_java2.jpg,rectangle_java2.jpg,309306857,60,786.7866666666666,224.51800000000003,715.5,222,90,21,Rectangle,9,class->name
2,215,rectangle_java2.jpg,rectangle_java2.jpg,309374874,64,788.3375,211.14687500000002,715.5,222,90,21,Rectangle,9,class->name
2,215,rectangle_java2.jpg,rectangle_java2.jpg,309442907,64,789.7825,215.039375,715.5,222,90,21,Rectangle,9,class->name
2,215,rectangle_java2.jpg,rectangle_java2.jpg,309740555,80,805.042,216.84000000000003,715.5,222,90,21,Rectangle,9,class->name
2,215,rectangle_java2.jpg,rectangle_java2.jpg,309740555,80,805.042,216.84000000000003,813.5,222,10,21,{,1,class->block
2,215,rectangle_java2.jpg,rectangle_java2.jpg,309846501,60,770.594,217.10466666666667,715.5,222,90,21,Rectangle,9,class->name
2,215,rectangle_java2.jpg,rectangle_java2.jpg,309922695,72,770.7011111111111,241.13166666666666,715.5,222,90,21,Rectangle,9,class->name
2,215,rectangle_java2.jpg,rectangle_java2.jpg,310038696,60,771.9886666666666,227.454,715.5,222,90,21,Rectangle,9,class->name
2,215,rectangle_java2.jpg,rectangle_java2.jpg,311630791,80,748.913,227.90049999999997,715.5,222,90,21,Rectangle,9,class->name
2,215,rectangle_java2.jpg,rectangle_java2.jpg,311722752,56,739.5735714285714,262.9871428571428,669.5,259,72,21,private,7,class->block->decl_stmt->decl->type->specifier
2,215,rectangle_java2.jpg,rectangle_java2.jpg,311722752,56,739.5735714285714,262.9871428571428,747.5,259,33,21,int,3,class->block->decl_stmt->decl->type->name
2,215,rectangle_java2.jpg,rectangle_java2.jpg,311898700,92,807.3843478260869,262.5982608695652,785.5,259,23,21,x1,2,class->block->decl_stmt->decl->name
2,215,rectangle_java2.jpg,rectangle_java2.jpg,311898700,92,807.3843478260869,262.5982608695652,815.5,259,10,21,",",1,class->block->decl_stmt
2,215,rectangle_java2.jpg,rectangle_java2.jpg,311998707,96,811.00125,279.12541666666664,815.5,259,10,21,",",1,class->block->decl_stmt
2,215,rectangle_java2.jpg,rectangle_java2.jpg,312098694,56,795.7357142857143,284.7864285714286,737.5,295,91,21,Rectangle,9,class->block->constructor->name
2,215,rectangle_java2.jpg,rectangle_java2.jpg,312394647,100,902.5052,290.5652,890.5,295,24,21,x1,2,class->block->constructor->parameter_list->parameter->decl->type->name
2,215,rectangle_java2.jpg,rectangle_java2.jpg,312746641,128,1011.99875,298.531875,1007.5,295,10,21,",",1,class->block->constructor->parameter_list
2,215,rectangle_java2.jpg,rectangle_java2.jpg,312858630,60,1016.574,308.5586666666667,1007.5,295,10,21,",",1,class->block->constructor->parameter_list
2,215,rectangle_java2.jpg,rectangle_java2.jpg,312858630,60,1016.574,308.5586666666667,1025.5,295,33,21,int,3,class->block->constructor->parameter_list->parameter->decl->type->name
2,215,rectangle_java2.jpg,rectangle_java2.jpg,312970630,80,1044.7255,295.933,1025.5,295,33,21,int,3,class->block->constructor->parameter_list->parameter->decl->type->name
2,215,rectangle_java2.jpg,rectangle_java2.jpg,313030630,56,1041.6057142857144,295.66785714285714,1025.5,295,33,21,int,3,class->block->constructor->parameter_list->parameter->decl->type->name
2,215,rectangle_java2.jpg,rectangle_java2.jpg,313110631,60,1127.456,291.6,1112.5,295,33,21,int,3,class->block->constructor->parameter_list->parameter->decl->type->name
2,215,rectangle_java2.jpg,rectangle_java2.jpg,313254634,140,1123.885142857143,297.1897142857143,1112.5,295,33,21,int,3,class->block->constructor->parameter_list->parameter->decl->type->name
2,215,rectangle_java2.jpg,rectangle_java2.jpg,313426554,168,1108.6888095238096,297.56333333333333,1112.5,295,33,21,int,3,class->block->constructor->parameter_list->parameter->decl->type->name
2,215,rectangle_java2.jpg,rectangle_java2.jpg,313546564,76,1145.5442105263157,294.38947368421054,1150.5,295,23,21,y2,2,class->block->constructor->parameter_list->parameter->decl->type->name
2,215,rectangle_java2.jpg,rectangle_java2.jpg,313694611,144,1141.0775,300.63916666666665,1112.5,295,33,21,int,3,class->block->constructor->parameter_list->parameter->decl->type->name
2,215,rectangle_java2.jpg,rectangle_java2.jpg,313694611,144,1141.0775,300.63916666666665,1150.5,295,23,21,y2,2,class->block->constructor->parameter_list->parameter->decl->type->name
2,215,rectangle_java2.jpg,rectangle_java2.jpg,313806643,84,1113.8461904761905,292.4066666666667,1112.5,295,33,21,int,3,class->block->constructor->parameter_list->parameter->decl->type->name
2,215,rectangle_java2.jpg,rectangle_java2.jpg,313962662,152,1110.6702631578946,299.2307894736842,1112.5,295,33,21,int,3,class->block->constructor->parameter_list->parameter->decl->type->name
2,215,rectangle_java2.jpg,rectangle_java2.jpg,314186406,180,1134.5066666666667,294.99266666666665,1112.5,295,33,21,int,3,class->block->constructor->parameter_list->parameter->decl->type->name
2,215,rectangle_java2.jpg,rectangle_java2.jpg,314394409,140,786.1871428571428,319.236,730.5,331,71,19,this.x1,7,class->block->constructor->block->block_content->expr_stmt->expr->name->name->operator->name
2,215,rectangle_java2.jpg,rectangle_java2.jpg,314626522,56,803.0614285714286,302.11642857142857,737.5,295,91,21,Rectangle,9,class->block->constructor->name
2,215,rectangle_java2.jpg,rectangle_java2.jpg,314818498,84,827.3385714285714,311.7290476190476,737.5,295,91,21,Rectangle,9,class->block->constructor->name
2,215,rectangle_java2.jpg,rectangle_java2.jpg,314818498,84,827.3385714285714,311.7290476190476,837.5,295,9,21,(,1,class->block->constructor->parameter_list
2,215,rectangle_java2.jpg,rectangle_java2.jpg,314918489,96,826.6166666666667,307.47125,737.5,295,91,21,Rectangle,9,class->block->constructor->name
2,215,rectangle_java2.jpg,rectangle_java2.jpg,314918489,96,826.6166666666667,307.47125,837.5,295,9,21,(,1,class->block->constructor->parameter_list
2,215,rectangle_java2.jpg,rectangle_java2.jpg,315094480,172,826.7667441860465,323.8246511627907,826.5,331,23,19,x1,2,class->block->constructor->block->block_content->expr_stmt->expr->name->name
2,215,rectangle_java2.jpg,rectangle_java2.jpg,315230451,132,821.8639393939394,318.7784848484848,826.5,331,23,19,x1,2,class->block->constructor->block->block_content->expr_stmt->expr->name->name
2,215,rectangle_java2.jpg,rectangle_java2.jpg,315794551,148,843.0124324324324,312.26540540540543,837.5,295,9,21,(,1,class->block->constructor->parameter_list
2,215,rectangle_java2.jpg,rectangle_java2.jpg,315794551,148,843.0124324324324,312.26540540540543,853.5,295,32,21,int,3,class->block->constructor->parameter_list->parameter->decl->type->name
2,215,rectangle_java2.jpg,rectangle_java2.jpg,315890554,60,825.7393333333333,405.156,826.5,404,23,19,x2,2,class->block->constructor->block->block_content->expr_stmt->expr->name->name
2,215,rectangle_java2.jpg,rectangle_java2.jpg,316046285,152,823.6752631578947,417.31894736842105,826.5,404,23,19,x2,2,class->block->constructor->block->block_content->expr_stmt->expr->name->name
2,215,rectangle_java2.jpg,rectangle_java2.jpg,316106250,56,815.0471428571428,419.3128571428572,806.5,404,15,19,=,1,class->block->constructor->block->block_content->expr_stmt->expr->operator
2,215,rectangle_java2.jpg,rectangle_java2.jpg,316106250,56,815.0471428571428,419.3128571428572,826.5,404,23,19,x2,2,class->block->constructor->block->block_content->expr_stmt->expr->name->name
2,215,rectangle_java2.jpg,rectangle_java2.jpg,316182298,72,784.7888888888889,412.60722222222216,730.5,404,71,19,this.x2,7,class->block->constructor->block->block_content->expr_stmt->expr->name->name->operator->name
2,215,rectangle_java2.jpg,rectangle_java2.jpg,316542395,164,822.8358536585366,407.3509756097561,826.5,404,23,19,x2,2,class->block->constructor->block->block_content->expr_stmt->expr->name->name
2,215,rectangle_java2.jpg,rectangle_java2.jpg,316710384,72,842.2938888888889,412.04611111111103,826.5,404,23,19,x2,2,class->block->constructor->block->block_content->expr_stmt->expr->name->name
2,215,rectangle_java2.jpg,rectangle_java2.jpg,317018333,112,826.2892857142857,348.69357142857143,826.5,331,23,19,x1,2,class->block->constructor->block->block_content->expr_stmt->expr->name->name
2,215,rectangle_java2.jpg,rectangle_java2.jpg,317982141,132,857.2439393939394,258.3272727272727,863.5,259,10,21,",",1,class->block->decl_stmt
2,215,rectangle_java2.jpg,rectangle_java2.jpg,319698242,60,791.3646666666666,214.77733333333333,715.5,222,90,21,Rectangle,9,class->name
2,215,rectangle_java2.jpg,rectangle_java2.jpg,320546077,168,950.8866666666667,268.69666666666666,929.5,259,23,21,y2,2,class->block->decl_stmt->decl->name
2,215,rectangle_java2.jpg,rectangle_java2.jpg,320546077,168,950.8866666666667,268.69666666666666,959.5,259,10,21,;,1,class->block->decl_stmt
2,215,rectangle_java2.jpg,rectangle_java2.jpg,321074123,96,1023.1725,306.3754166666667,1025.5,295,33,21,int,3,class->block->constructor->parameter_list->parameter->decl->type->name
2,215,rectangle_java2.jpg,rectangle_java2.jpg,321214147,80,758.883,270.7055,747.5,259,33,21,int,3,class->block->decl_stmt->decl->type->name
2,215,rectangle_java2.jpg,rectangle_java2.jpg,321594175,100,788.8592,254.17759999999998,785.5,259,23,21,x1,2,class->block->decl_stmt->decl->name
2,215,rectangle_java2.jpg,rectangle_java2.jpg,321725979,64,822.560625,422.53812500000004,826.5,404,23,19,x2,2,class->block->constructor->block->block_content->expr_stmt->expr->name->name
2,215,rectangle_java2.jpg,rectangle_java2.jpg,321825770,96,825.4329166666666,441.66583333333335,826.5,440,23,21,y2,2,class->block->constructor->block->block_content->expr_stmt->expr->name->name
2,215,rectangle_java2.jpg,rectangle_java2.jpg,321897767,68,801.0123529411765,448.50588235294117,730.5,440,71,21,this.y2,7,class->block->constructor->block->block_content->expr_stmt->expr->name->name->operator->name
2,215,rectangle_java2.jpg,rectangle_java2.jpg,321897767,68,801.0123529411765,448.50588235294117,806.5,440,15,21,=,1,class->block->constructor->block->block_content->expr_stmt->expr->operator
2,215,rectangle_java2.jpg,rectangle_java2.jpg,322005860,104,800.4515384615385,444.2211538461538,730.5,440,71,21,this.y2,7,class->block->constructor->block->block_content->expr_stmt->expr->name->name->operator->name
2,215,rectangle_java2.jpg,rectangle_java2.jpg,322005860,104,800.4515384615385,444.2211538461538,806.5,440,15,21,=,1,class->block->constructor->block->block_content->expr_stmt->expr->operator
2,215,rectangle_java2.jpg,rectangle_java2.jpg,322229944,64,861.551875,457.40937499999995,856.5,440,10,21,;,1,class->block->constructor->block->block_content->expr_stmt
2,215,rectangle_java2.jpg,rectangle_java2.jpg,322341974,108,865.4255555555555,448.86,856.5,440,10,21,;,1,class->block->constructor->block->block_content->expr_stmt
2,215,rectangle_java2.jpg,rectangle_java2.jpg,322465999,120,860.656,433.6626666666666,856.5,440,10,21,;,1,class->block->constructor->block->block_content->expr_stmt
2,215,rectangle_java2.jpg,rectangle_java2.jpg,322673981,204,856.8537254901961,439.19568627450985,856.5,440,10,21,;,1,class->block->constructor->block->block_content->expr_stmt
2,215,rectangle_java2.jpg,rectangle_java2.jpg,322809945,132,835.5342424242424,448.6933333333334,826.5,440,23,21,y2,2,class->block->constructor->block->block_content->expr_stmt->expr->name->name
2,215,rectangle_java2.jpg,rectangle_java2.jpg,323409991,60,823.1866666666666,401.1186666666667,826.5,404,23,19,x2,2,class->block->constructor->block->block_content->expr_stmt->expr->name->name
2,215,rectangle_java2.jpg,rectangle_java2.jpg,323481986,68,823.4458823529412,400.50235294117647,826.5,404,23,19,x2,2,class->block->constructor->block->block_content->expr_stmt->expr->name->name
2,215,rectangle_java2.jpg,rectangle_java2.jpg,323881843,112,815.4092857142857,370.55642857142857,806.5,367,15,21,=,1,class->block->constructor->block->block_content->expr_stmt->expr->operator
2,215,rectangle_java2.jpg,rectangle_java2.jpg,323881843,112,815.4092857142857,370.55642857142857,826.5,367,23,21,y1,2,class->block->constructor->block->block_content->expr_stmt->expr->name->name
2,215,rectangle_java2.jpg,rectangle_java2.jpg,323965862,80,829.559,361.994,826.5,367,23,21,y1,2,class->block->constructor->block->block_content->expr_stmt->expr->name->name
2,215,rectangle_java2.jpg,rectangle_java2.jpg,324137860,68,830.5941176470589,381.6694117647059,826.5,367,23,21,y1,2,class->block->constructor->block->block_content->expr_stmt->expr->name->name
2,215,rectangle_java2.jpg,rectangle_java2.jpg,324261822,88,837.2563636363636,329.13863636363635,826.5,331,23,19,x1,2,class->block->constructor->block->block_content->expr_stmt->expr->name->name
2,215,rectangle_java2.jpg,rectangle_java2.jpg,324321826,56,829.3714285714285,328.9607142857143,826.5,331,23,19,x1,2,class->block->constructor->block->block_content->expr_stmt->expr->name->name
2,215,rectangle_java2.jpg,rectangle_java2.jpg,324385830,60,842.4493333333334,346.274,826.5,331,23,19,x1,2,class->block->constructor->block->block_content->expr_stmt->expr->name->name
2,215,rectangle_java2.jpg,rectangle_java2.jpg,324445834,56,836.3214285714286,325.24,826.5,331,23,19,x1,2,class->block->constructor->block->block_content->expr_stmt->expr->name->name
2,215,rectangle_java2.jpg,rectangle_java2.jpg,324557841,108,854.8648148148148,314.3685185185185,853.5,295,32,21,int,3,class->block->constructor->parameter_list->parameter->decl->type->name
2,215,rectangle_java2.jpg,rectangle_java2.jpg,324657852,96,852.6325,324.95666666666665,856.5,331,10,19,;,1,class->block->constructor->block->block_content->expr_stmt
2,215,rectangle_java2.jpg,rectangle_java2.jpg,324737854,76,859.3536842105264,308.6168421052632,853.5,295,32,21,int,3,class->block->constructor->parameter_list->parameter->decl->type->name
2,215,rectangle_java2.jpg,rectangle_java2.jpg,324801855,60,848.9873333333334,311.962,853.5,295,32,21,int,3,class->block->constructor->parameter_list->parameter->decl->type->name
2,215,rectangle_java2.jpg,rectangle_java2.jpg,324901854,64,775.97375,253.42374999999998,747.5,259,33,21,int,3,class->block->decl_stmt->decl->type->name
2,215,rectangle_java2.jpg,rectangle_java2.jpg,324901854,64,775.97375,253.42374999999998,785.5,259,23,21,x1,2,class->block->decl_stmt->decl->name
2,215,rectangle_java2.jpg,rectangle_java2.jpg,325093824,60,808.9733333333334,254.09799999999996,815.5,259,10,21,",",1,class->block->decl_stmt
2,215,rectangle_java2.jpg,rectangle_java2.jpg,325189805,60,800.0493333333334,242.34533333333331,715.5,222,90,21,Rectangle,9,class->name
2,215,rectangle_java2.jpg,rectangle_java2.jpg,325313789,120,805.1936666666667,250.73966666666666,785.5,259,23,21,x1,2,class->block->decl_stmt->decl->name
2,215,rectangle_java2.jpg,rectangle_java2.jpg,325313789,120,805.1936666666667,250.73966666666666,815.5,259,10,21,",",1,class->block->decl_stmt
2,215,rectangle_java2.jpg,rectangle_java2.jpg,325565629,60,769.566,520.9893333333333,737.5,512,33,21,int,3,class->block->function->type->name
2,215,rectangle_java2.jpg,rectangle_java2.jpg,325565629,60,769.566,520.9893333333333,775.5,512,53,21,width,5,class->block->function->name
2,215,rectangle_java2.jpg,rectangle_java2.jpg,325625516,56,778.0742857142857,542.3778571428571,775.5,549,62,21,height,6,class->block->function->name
2,215,rectangle_java2.jpg,rectangle_java2.jpg,325789524,72,747.151111111111,532.3577777777778,737.5,512,33,21,int,3,class->block->function->type->name
2,215,rectangle_java2.jpg,rectangle_java2.jpg,326113747,116,824.5044827586207,545.7875862068965,775.5,549,62,21,height,6,class->block->function->name
2,215,rectangle_java2.jpg,rectangle_java2.jpg,326345743,184,767.3752173913043,529.8765217391305,737.5,512,33,21,int,3,class->block->function->type->name
2,215,rectangle_java2.jpg,rectangle_java2.jpg,326345743,184,767.3752173913043,529.8765217391305,775.5,512,53,21,width,5,class->block->function->name
2,215,rectangle_java2.jpg,rectangle_java2.jpg,326441767,92,778.5721739130435,516.3139130434782,775.5,512,53,21,width,5,class->block->function->name
2,215,rectangle_java2.jpg,rectangle_java2.jpg,326577793,64,962.345,518.91625,958.5,512,71,21,this.x2,7,class->block->function->block->block_content->return->expr->name->name->operator->name->operator
2,215,rectangle_java2.jpg,rectangle_java2.jpg,326665789,84,952.9119047619048,526.5004761904762,891.5,512,62,21,return,6,class->block->function->block->block_content->return->expr->name->name
2,215,rectangle_java2.jpg,rectangle_java2.jpg,326665789,84,952.9119047619048,526.5004761904762,958.5,512,71,21,this.x2,7,class->block->function->block->block_content->return->expr->name->name->operator->name->operator
2,215,rectangle_java2.jpg,rectangle_java2.jpg,326841700,120,841.975,283.734,837.5,295,9,21,(,1,class->block->constructor->parameter_list
2,215,rectangle_java2.jpg,rectangle_java2.jpg,326841700,120,841.975,283.734,853.5,295,32,21,int,3,class->block->constructor->parameter_list->parameter->decl->type->name
2,215,rectangle_java2.jpg,rectangle_java2.jpg,326901693,56,838.6014285714285,304.22857142857146,837.5,295,9,21,(,1,class->block->constructor->parameter_list
2,215,rectangle_java2.jpg,rectangle_java2.jpg,327197704,60,904.0313333333334,279.588,881.5,259,23,21,x2,2,class->block->decl_stmt->decl->name
2,215,rectangle_java2.jpg,rectangle_java2.jpg,327197704,60,904.0313333333334,279.588,911.5,259,10,21,",",1,class->block->decl_stmt
2,215,rectangle_java2.jpg,rectangle_java2.jpg,327265712,64,919.241875,264.93875,911.5,259,10,21,",",1,class->block->decl_stmt
2,215,rectangle_java2.jpg,rectangle_java2.jpg,327265712,64,919.241875,264.93875,929.5,259,23,21,y2,2,class->block->decl_stmt->decl->name
2,215,rectangle_java2.jpg,rectangle_java2.jpg,327453569,108,810.6307407407407,233.37703703703704,813.5,222,10,21,{,1,class->block
2,215,rectangle_java2.jpg,rectangle_java2.jpg,327653501,68,826.3476470588236,249.21705882352944,833.5,259,23,21,y1,2,class->block->decl_stmt->decl->name
2,215,rectangle_java2.jpg,rectangle_java2.jpg,327713542,56,819.0135714285715,265.26142857142855,815.5,259,10,21,",",1,class->block->decl_stmt
2,215,rectangle_java2.jpg,rectangle_java2.jpg,327933618,120,861.676,546.2246666666666,863.5,549,9,21,),1,class->block->function->parameter_list
2,215,rectangle_java2.jpg,rectangle_java2.jpg,328229576,88,985.1263636363636,540.8554545454546,968.5,549,70,21,this.y2,7,class->block->function->block->block_content->return->expr->name->name->operator->name
2,215,rectangle_java2.jpg,rectangle_java2.jpg,328705575,84,965.5885714285714,543.7947619047619,968.5,549,70,21,this.y2,7,class->block->function->block->block_content->return->expr->name->name->operator->name
2,215,rectangle_java2.jpg,rectangle_java2.jpg,328973705,104,988.4619230769231,556.0223076923077,968.5,549,70,21,this.y2,7,class->block->function->block->block_content->return->expr->name->name->operator->name
2,215,rectangle_java2.jpg,rectangle_java2.jpg,329093648,116,983.7186206896552,558.1358620689655,968.5,549,70,21,this.y2,7,class->block->function->block->block_content->return->expr->name->name->operator->name
2,215,rectangle_java2.jpg,rectangle_java2.jpg,329777427,124,848.8187096774194,307.5041935483871,853.5,295,32,21,int,3,class->block->constructor->parameter_list->parameter->decl->type->name
2,215,rectangle_java2.jpg,rectangle_java2.jpg,329845425,64,854.99875,326.928125,856.5,331,10,19,;,1,class->block->constructor->block->block_content->expr_stmt
2,215,rectangle_java2.jpg,rectangle_java2.jpg,330385442,76,935.6015789473685,585.3552631578947,910.5,585,62,21,return,6,class->block->function->block->block_content->return
2,215,rectangle_java2.jpg,rectangle_java2.jpg,330569431,152,807.873947368421,560.5176315789473,775.5,549,62,21,height,6,class->block->function->name
2,215,rectangle_java2.jpg,rectangle_java2.jpg,330745392,116,790.0065517241379,586.9513793103448,737.5,585,62,21,double,6,class->block->function->type->name
2,215,rectangle_java2.jpg,rectangle_java2.jpg,330965445,152,840.068947368421,573.7765789473684,804.5,585,43,21,area,4,class->block->function->name
2,215,rectangle_java2.jpg,rectangle_java2.jpg,331077503,108,845.8955555555556,565.0018518518518,846.5,549,10,21,(,1,class->block->function->parameter_list
2,215,rectangle_java2.jpg,rectangle_java2.jpg,331489198,64,947.666875,582.111875,910.5,585,62,21,return,6,class->block->function->block->block_content->return
2,215,rectangle_java2.jpg,rectangle_java2.jpg,331681344,112,1015.05,563.6617857142858,968.5,549,70,21,this.y2,7,class->block->function->block->block_content->return->expr->name->name->operator->name
2,215,rectangle_java2.jpg,rectangle_java2.jpg,331997303,148,1052.085945945946,575.8721621621621,977.5,585,101,21,this.width,10,class->block->function->block->block_content->return->expr->call->name->name->operator->name
2,215,rectangle_java2.jpg,rectangle_java2.jpg,332097294,60,1139.236,582.5893333333333,1140.5,585,110,21,this.height,11,class->block->function->block->block_content->return->expr->call->name->name->operator->name
2,215,rectangle_java2.jpg,rectangle_java2.jpg,332305300,148,1143.837027027027,580.5424324324324,1140.5,585,110,21,this.height,11,class->block->function->block->block_content->return->expr->call->name->name->operator->name
2,215,rectangle_java2.jpg,rectangle_java2.jpg,332433327,124,1141.4767741935484,568.4748387096774,1142.5,549,10,21,;,1,class->block->function->block->block_content->return
2,215,rectangle_java2.jpg,rectangle_java2.jpg,332521304,84,1138.7838095238096,568.5947619047619,1142.5,549,10,21,;,1,class->block->function->block->block_content->return
2,215,rectangle_java2.jpg,rectangle_java2.jpg,332793348,92,1121.43,559.0830434782608,1064.5,549,71,21,this.y1,7,class->block->function->block->block_content->return->expr->name->name->operator->name
2,215,rectangle_java2.jpg,rectangle_java2.jpg,333165224,84,861.9895238095238,595.8761904761905,856.5,585,9,21,(,1,class->block->function->parameter_list
2,215,rectangle_java2.jpg,rectangle_java2.jpg,333165224,84,861.9895238095238,595.8761904761905,873.5,585,9,21,),1,class->block->function->parameter_list
2,215,rectangle_java2.jpg,rectangle_java2.jpg,333369157,72,868.1838888888889,608.87,851.5,621,44,21,main,4,class->block->function->name
2,215,rectangle_java2.jpg,rectangle_java2.jpg,333477162,68,894.8594117647059,615.6376470588235,851.5,621,44,21,main,4,class->block->function->name
2,215,rectangle_java2.jpg,rectangle_java2.jpg,333477162,68,894.8594117647059,615.6376470588235,904.5,621,9,21,(,1,class->block->function->parameter_list
2,215,rectangle_java2.jpg,rectangle_java2.jpg,333665168,112,1042.7796428571428,616.4764285714285,1025.5,621,42,21,args,4,class->block->function->parameter_list->parameter->decl->name
2,215,rectangle_java2.jpg,rectangle_java2.jpg,333765179,96,1039.7795833333332,613.3020833333334,1025.5,621,42,21,args,4,class->block->function->parameter_list->parameter->decl->name
2,215,rectangle_java2.jpg,rectangle_java2.jpg,333857189,88,1035.6509090909092,605.6559090909091,977.5,585,101,21,this.width,10,class->block->function->block->block_content->return->expr->call->name->name->operator->name
2,215,rectangle_java2.jpg,rectangle_java2.jpg,333997215,92,1079.2360869565218,604.7652173913043,1086.5,585,10,21,(,1,class->block->function->block->block_content->return->expr->call->argument_list
2,215,rectangle_java2.jpg,rectangle_java2.jpg,334273225,116,1085.7379310344827,598.1144827586207,1086.5,585,10,21,(,1,class->block->function->block->block_content->return->expr->call->argument_list
2,215,rectangle_java2.jpg,rectangle_java2.jpg,334405225,128,1073.2715625,595.8203125,977.5,585,101,21,this.width,10,class->block->function->block->block_content->return->expr->call->name->name->operator->name
2,215,rectangle_java2.jpg,rectangle_java2.jpg,334545236,136,1045.6676470588236,593.6414705882353,977.5,585,101,21,this.width,10,class->block->function->block->block_content->return->expr->call->name->name->operator->name
2,215,rectangle_java2.jpg,rectangle_java2.jpg,334925199,76,1120.1215789473683,597.3768421052631,1122.5,585,12,21,*,1,class->block->function->block->block_content->return->expr->operator
2,215,rectangle_java2.jpg,rectangle_java2.jpg,335177092,248,1117.8282258064517,590.8570967741936,1122.5,585,12,21,*,1,class->block->function->block->block_content->return->expr->operator
2,215,rectangle_java2.jpg,rectangle_java2.jpg,335333055,96,868.5016666666667,622.32125,851.5,621,44,21,main,4,class->block->function->name
2,215,rectangle_java2.jpg,rectangle_java2.jpg,335513057,144,793.9008333333334,653.4261111111111,730.5,658,91,20,Rectangle,9,class->block->function->block->block_content->decl_stmt->decl->type->name
2,215,rectangle_java2.jpg,rectangle_java2.jpg,335749047,124,790.0061290322581,660.9354838709678,730.5,658,91,20,Rectangle,9,class->block->function->block->block_content->decl_stmt->decl->type->name
2,215,rectangle_java2.jpg,rectangle_java2.jpg,335865044,112,784.7178571428572,666.4203571428571,730.5,658,91,20,Rectangle,9,class->block->function->block->block_content->decl_stmt->decl->type->name
2,215,rectangle_java2.jpg,rectangle_java2.jpg,336141030,236,844.2633898305085,676.4018644067796,826.5,658,52,20,rect1,5,class->block->function->block->block_content->decl_stmt->decl->name
2,215,rectangle_java2.jpg,rectangle_java2.jpg,336409072,88,911.5236363636363,693.0527272727272,916.5,694,9,21,(,1,class->block->function->block->block_content->expr_stmt->expr->call->argument_list
2,215,rectangle_java2.jpg,rectangle_java2.jpg,336521056,88,981.3268181818182,682.1295454545455,932.5,694,100,21,rect1.area,10,class->block->function->block->block_content->expr_stmt->expr->call->argument_list->argument->expr->call->name->name->operator->name
2,215,rectangle_java2.jpg,rectangle_java2.jpg,336881038,252,1056.940634920635,671.1730158730159,1057.5,658,13,20,0,1,class->block->function->block->block_content->decl_stmt->decl->init->expr->call->argument_list->argument->expr->literal
2,215,rectangle_java2.jpg,rectangle_java2.jpg,337176774,236,1116.3898305084747,664.5835593220339,1115.5,658,10,20,",",1,class->block->function->block->block_content->decl_stmt->decl->init->expr->call->argument_list
2,215,rectangle_java2.jpg,rectangle_java2.jpg,337476890,212,1172.0696226415096,663.5167924528301,1163.5,658,10,20,",",1,class->block->function->block->block_content->decl_stmt->decl->init->expr->call->argument_list
2,215,rectangle_java2.jpg,rectangle_java2.jpg,337476890,212,1172.0696226415096,663.5167924528301,1182.5,658,22,20,10,2,class->block->function->block->block_content->decl_stmt->decl->init->expr->call->argument_list->argument->expr->literal
2,215,rectangle_java2.jpg,rectangle_java2.jpg,337672946,156,1218.9451282051282,673.154358974359,1211.5,658,9,20,),1,class->block->function->block->block_content->decl_stmt->decl->init->expr->call->argument_list
2,215,rectangle_java2.jpg,rectangle_java2.jpg,337776928,100,1223.8092,668.8996,1231.5,658,10,20,;,1,class->block->function->block->block_content->decl_stmt
2,215,rectangle_java2.jpg,rectangle_java2.jpg,338108939,328,1236.6182926829267,670.5346341463414,1231.5,658,10,20,;,1,class->block->function->block->block_content->decl_stmt
2,215,rectangle_java2.jpg,rectangle_java2.jpg,338316955,148,757.16,749.6513513513513,730.5,731,91,20,Rectangle,9,class->block->function->block->block_content->decl_stmt->decl->type->name
2,215,rectangle_java2.jpg,rectangle_java2.jpg,338456935,100,802.2272,747.2832,730.5,731,91,20,Rectangle,9,class->block->function->block->block_content->decl_stmt->decl->type->name
2,215,rectangle_java2.jpg,rectangle_java2.jpg,338624911,104,859.8961538461539,767.2607692307693,730.5,766,177,21,System.out.println,18,class->block->function->block->block_content->expr_stmt->expr->call->name->name->operator->name->operator->name
2,215,rectangle_java2.jpg,rectangle_java2.jpg,338932926,112,880.2242857142858,775.8078571428572,730.5,766,177,21,System.out.println,18,class->block->function->block->block_content->expr_stmt->expr->call->name->name->operator->name->operator->name
2,215,rectangle_java2.jpg,rectangle_java2.jpg,339072808,100,913.7104,761.2064,916.5,766,9,21,(,1,class->block->function->block->block_content->expr_stmt->expr->call->argument_list
2,215,rectangle_java2.jpg,rectangle_java2.jpg,341036491,160,814.8335,240.77575000000002,813.5,222,10,21,{,1,class->block
2,215,rectangle_java2.jpg,rectangle_java2.jpg,341816675,116,767.8813793103449,249.4555172413793,747.5,259,33,21,int,3,class->block->decl_stmt->decl->type->name
2,215,rectangle_java2.jpg,rectangle_java2.jpg,342592608,128,809.7096875,284.1,737.5,295,91,21,Rectangle,9,class->block->constructor->name
2,215,rectangle_java2.jpg,rectangle_java2.jpg,342764457,88,1057.014090909091,734.5677272727273,1057.5,731,13,20,5,1,class->block->function->block->block_content->decl_stmt->decl->init->expr->call->argument_list->argument->expr->literal
2,215,rectangle_java2.jpg,rectangle_java2.jpg,343748525,176,911.1579545454546,314.5395454545455,890.5,295,24,21,x1,2,class->block->constructor->parameter_list->parameter->decl->type->name
2,215,rectangle_java2.jpg,rectangle_java2.jpg,343748525,176,911.1579545454546,314.5395454545455,921.5,295,9,21,",",1,class->block->constructor->parameter_list
2,215,rectangle_java2.jpg,rectangle_java2.jpg,345848440,96,820.3108333333333,368.525,806.5,367,15,21,=,1,class->block->constructor->block->block_content->expr_stmt->expr->operator
2,215,rectangle_java2.jpg,rectangle_java2.jpg,345848440,96,820.3108333333333,368.525,826.5,367,23,21,y1,2,class->block->constructor->block->block_content->expr_stmt->expr->name->name
2,215,rectangle_java2.jpg,rectangle_java2.jpg,345936436,84,821.7628571428571,360.8514285714286,826.5,367,23,21,y1,2,class->block->constructor->block->block_content->expr_stmt->expr->name->name
2,215,rectangle_java2.jpg,rectangle_java2.jpg,346112408,132,767.1281818181818,531.2369696969697,737.5,512,33,21,int,3,class->block->function->type->name
2,215,rectangle_java2.jpg,rectangle_java2.jpg,346112408,132,767.1281818181818,531.2369696969697,775.5,512,53,21,width,5,class->block->function->name
2,215,rectangle_java2.jpg,rectangle_java2.jpg,346176403,60,765.3066666666667,542.6833333333334,737.5,549,33,21,int,3,class->block->function->type->name
2,215,rectangle_java2.jpg,rectangle_java2.jpg,346176403,60,765.3066666666667,542.6833333333334,775.5,549,62,21,height,6,class->block->function->name
2,215,rectangle_java2.jpg,rectangle_java2.jpg,346488483,256,871.35609375,548.39875,863.5,549,9,21,),1,class->block->function->parameter_list
2,215,rectangle_java2.jpg,rectangle_java2.jpg,346488483,256,871.35609375,548.39875,883.5,549,10,21,{,1,class->block->function->block
2,215,rectangle_java2.jpg,rectangle_java2.jpg,346672161,136,962.0347058823529,541.7179411764706,900.5,549,63,21,return,6,class->block->function->block->block_content->return
2,215,rectangle_java2.jpg,rectangle_java2.jpg,346672161,136,962.0347058823529,541.7179411764706,968.5,549,70,21,this.y2,7,class->block->function->block->block_content->return->expr->name->name->operator->name
2,215,rectangle_java2.jpg,rectangle_java2.jpg,347856298,112,791.4957142857143,543.6671428571428,775.5,549,62,21,height,6,class->block->function->name
2,215,rectangle_java2.jpg,rectangle_java2.jpg,348132268,204,893.1888235294117,537.1986274509804,883.5,549,10,21,{,1,class->block->function->block
2,215,rectangle_java2.jpg,rectangle_java2.jpg,348132268,204,893.1888235294117,537.1986274509804,900.5,549,63,21,return,6,class->block->function->block->block_content->return
2,215,rectangle_java2.jpg,rectangle_java2.jpg,348356310,212,802.1435849056604,551.6535849056604,775.5,549,62,21,height,6,class->block->function->name
2,215,rectangle_java2.jpg,rectangle_java2.jpg,348496133,100,777.6536,578.4544,737.5,585,62,21,double,6,class->block->function->type->name
2,215,rectangle_java2.jpg,rectangle_java2.jpg,348692061,76,809.2584210526315,700.7173684210526,730.5,694,177,21,System.out.println,18,class->block->function->block->block_content->expr_stmt->expr->call->name->name->operator->name->operator->name
2,215,rectangle_java2.jpg,rectangle_java2.jpg,348884150,96,774.0920833333333,551.5845833333333,775.5,549,62,21,height,6,class->block->function->name
2,215,rectangle_java2.jpg,rectangle_java2.jpg,348976152,88,781.3740909090909,553.2336363636364,775.5,549,62,21,height,6,class->block->function->name
2,215,rectangle_java2.jpg,rectangle_java2.jpg,349100159,120,775.5446666666667,565.1003333333333,775.5,549,62,21,height,6,class->block->function->name
2,215,rectangle_java2.jpg,rectangle_java2.jpg,349336160,164,955.6541463414634,545.2951219512195,900.5,549,63,21,return,6,class->block->function->block->block_content->return
2,215,rectangle_java2.jpg,rectangle_java2.jpg,350720010,100,812.6376,499.5612,775.5,512,53,21,width,5,class->block->function->name
2,215,rectangle_java2.jpg,rectangle_java2.jpg,350780009,56,811.3164285714286,516.96,775.5,512,53,21,width,5,class->block->function->name
2,215,rectangle_java2.jpg,rectangle_java2.jpg,350868005,84,828.6,538.592380952381,775.5,549,62,21,height,6,class->block->function->name
2,215,rectangle_java2.jpg,rectangle_java2.jpg,351115965,64,836.02625,524.784375,837.5,512,9,21,(,1,class->block->function->parameter_list
2,215,rectangle_java2.jpg,rectangle_java2.jpg,351279962,148,947.6613513513513,541.5656756756757,900.5,549,63,21,return,6,class->block->function->block->block_content->return
2,215,rectangle_java2.jpg,rectangle_java2.jpg,351371989,88,957.7195454545455,561.6045454545455,900.5,549,63,21,return,6,class->block->function->block->block_content->return
2,215,rectangle_java2.jpg,rectangle_java2.jpg,351371989,88,957.7195454545455,561.6045454545455,968.5,549,70,21,this.y2,7,class->block->function->block->block_content->return->expr->name->name->operator->name
2,215,rectangle_java2.jpg,rectangle_java2.jpg,351720002,136,820.1782352941176,567.3605882352941,775.5,549,62,21,height,6,class->block->function->name
2,215,rectangle_java2.jpg,rectangle_java2.jpg,352351819,64,785.370625,562.17875,775.5,549,62,21,height,6,class->block->function->name
2,215,rectangle_java2.jpg,rectangle_java2.jpg,352463692,108,785.0933333333334,554.6614814814815,775.5,549,62,21,height,6,class->block->function->name
2,215,rectangle_java2.jpg,rectangle_java2.jpg,352575815,108,781.1581481481481,562.6762962962963,775.5,549,62,21,height,6,class->block->function->name
2,215,rectangle_java2.jpg,rectangle_java2.jpg,352723896,100,854.9828,545.6792,846.5,549,10,21,(,1,class->block->function->parameter_list
2,215,rectangle_java2.jpg,rectangle_java2.jpg,352723896,100,854.9828,545.6792,863.5,549,9,21,),1,class->block->function->parameter_list
2,215,rectangle_java2.jpg,rectangle_java2.jpg,352923893,64,806.4575,291.4925,737.5,295,91,21,Rectangle,9,class->block->constructor->name
2,215,rectangle_java2.jpg,rectangle_java2.jpg,352995903,68,800.8217647058824,273.5141176470588,785.5,259,23,21,x1,2,class->block->decl_stmt->decl->name
2,215,rectangle_java2.jpg,rectangle_java2.jpg,353083902,84,800.2638095238095,264.7838095238095,785.5,259,23,21,x1,2,class->block->decl_stmt->decl->name
2,215,rectangle_java2.jpg,rectangle_java2.jpg,353203883,116,799.8831034482758,253.58000000000004,785.5,259,23,21,x1,2,class->block->decl_stmt->decl->name
2,215,rectangle_java2.jpg,rectangle_java2.jpg,353291894,60,901.114,266.606,881.5,259,23,21,x2,2,class->block->decl_stmt->decl->name
2,215,rectangle_java2.jpg,rectangle_java2.jpg,353291894,60,901.114,266.606,911.5,259,10,21,",",1,class->block->decl_stmt
2,215,rectangle_java2.jpg,rectangle_java2.jpg,353491953,196,902.6502040816326,271.5344897959184,881.5,259,23,21,x2,2,class->block->decl_stmt->decl->name
2,215,rectangle_java2.jpg,rectangle_java2.jpg,353491953,196,902.6502040816326,271.5344897959184,911.5,259,10,21,",",1,class->block->decl_stmt
2,215,rectangle_java2.jpg,rectangle_java2.jpg,353559947,64,897.5125,287.265,890.5,295,24,21,x1,2,class->block->constructor->parameter_list->parameter->decl->type->name
2,215,rectangle_java2.jpg,rectangle_java2.jpg,354031894,76,832.3831578947369,274.93894736842105,833.5,259,23,21,y1,2,class->block->decl_stmt->decl->name
2,215,rectangle_java2.jpg,rectangle_java2.jpg,354187806,116,879.1041379310345,271.8724137931034,881.5,259,23,21,x2,2,class->block->decl_stmt->decl->name
2,215,rectangle_java2.jpg,rectangle_java2.jpg,354247765,56,877.9764285714285,262.5935714285714,881.5,259,23,21,x2,2,class->block->decl_stmt->decl->name
2,215,rectangle_java2.jpg,rectangle_java2.jpg,354603738,116,840.1941379310344,511.7544827586207,837.5,512,9,21,(,1,class->block->function->parameter_list
2,215,rectangle_java2.jpg,rectangle_java2.jpg,354663744,56,845.5028571428571,521.575,837.5,512,9,21,(,1,class->block->function->parameter_list
2,215,rectangle_java2.jpg,rectangle_java2.jpg,354663744,56,845.5028571428571,521.575,854.5,512,9,21,),1,class->block->function->parameter_list
2,215,rectangle_java2.jpg,rectangle_java2.jpg,354815736,148,836.8381081081081,537.6135135135135,775.5,549,62,21,height,6,class->block->function->name
2,215,rectangle_java2.jpg,rectangle_java2.jpg,354815736,148,836.8381081081081,537.6135135135135,846.5,549,10,21,(,1,class->block->function->parameter_list
2,215,rectangle_java2.jpg,rectangle_java2.jpg,354991787,88,948.3154545454545,560.4609090909091,900.5,549,63,21,return,6,class->block->function->block->block_content->return
2,215,rectangle_java2.jpg,rectangle_java2.jpg,355143796,148,950.7940540540541,545.6183783783783,900.5,549,63,21,return,6,class->block->function->block->block_content->return
2,215,rectangle_java2.jpg,rectangle_java2.jpg,356247600,80,805.727,561.465,775.5,549,62,21,height,6,class->block->function->name
2,215,rectangle_java2.jpg,rectangle_java2.jpg,356343592,92,809.035652173913,548.1560869565218,775.5,549,62,21,height,6,class->block->function->name
2,215,rectangle_java2.jpg,rectangle_java2.jpg,358599515,124,809.8064516129032,507.5893548387096,775.5,512,53,21,width,5,class->block->function->name
2,215,rectangle_java2.jpg,rectangle_java2.jpg,358747500,144,825.84,512.0697222222223,775.5,512,53,21,width,5,class->block->function->name
2,215,rectangle_java2.jpg,rectangle_java2.jpg,358747500,144,825.84,512.0697222222223,837.5,512,9,21,(,1,class->block->function->parameter_list
2,215,rectangle_java2.jpg,rectangle_java2.jpg,359571508,136,901.275,780.9670588235294,730.5,766,177,21,System.out.println,18,class->block->function->block->block_content->expr_stmt->expr->call->name->name->operator->name->operator->name
