trial,participant,code_file,code_language,timestamp,duration,x_cord,y_cord,aoi_x,aoi_y,aoi_width,aoi_height,token,length,srcML
2,31,rectangle_java2.jpg,rectangle_java2.jpg,4477870022,124,687.1116129032258,214.60870967741937,657.5,222,52,21,class,5,class
2,31,rectangle_java2.jpg,rectangle_java2.jpg,4478542068,60,718.3106666666666,214.52800000000002,715.5,222,90,21,Rectangle,9,class->name
2,31,rectangle_java2.jpg,rectangle_java2.jpg,4478690060,96,765.4091666666667,220.9929166666667,715.5,222,90,21,Rectangle,9,class->name
2,31,rectangle_java2.jpg,rectangle_java2.jpg,4478862121,168,767.9304761904762,225.4038095238095,715.5,222,90,21,Rectangle,9,class->name
2,31,rectangle_java2.jpg,rectangle_java2.jpg,4479050151,152,804.3805263157894,231.64973684210526,715.5,222,90,21,Rectangle,9,class->name
2,31,rectangle_java2.jpg,rectangle_java2.jpg,4479050151,152,804.3805263157894,231.64973684210526,813.5,222,10,21,{,1,class->block
2,31,rectangle_java2.jpg,rectangle_java2.jpg,4479386041,100,782.8676,237.90840000000003,715.5,222,90,21,Rectangle,9,class->name
2,31,rectangle_java2.jpg,rectangle_java2.jpg,4479529809,140,786.0085714285714,235.2525714285714,715.5,222,90,21,Rectangle,9,class->name
2,31,rectangle_java2.jpg,rectangle_java2.jpg,4479733876,120,727.0973333333334,268.6823333333333,669.5,259,72,21,private,7,class->block->decl_stmt->decl->type->specifier
2,31,rectangle_java2.jpg,rectangle_java2.jpg,4479813926,60,773.946,273.51733333333334,747.5,259,33,21,int,3,class->block->decl_stmt->decl->type->name
2,31,rectangle_java2.jpg,rectangle_java2.jpg,4479813926,60,773.946,273.51733333333334,785.5,259,23,21,x1,2,class->block->decl_stmt->decl->name
2,31,rectangle_java2.jpg,rectangle_java2.jpg,4480033934,216,780.6896296296296,276.6566666666667,785.5,259,23,21,x1,2,class->block->decl_stmt->decl->name
2,31,rectangle_java2.jpg,rectangle_java2.jpg,4480121903,84,776.8547619047619,266.6190476190476,747.5,259,33,21,int,3,class->block->decl_stmt->decl->type->name
2,31,rectangle_java2.jpg,rectangle_java2.jpg,4480121903,84,776.8547619047619,266.6190476190476,785.5,259,23,21,x1,2,class->block->decl_stmt->decl->name
2,31,rectangle_java2.jpg,rectangle_java2.jpg,4480209893,84,780.7904761904762,249.05619047619047,785.5,259,23,21,x1,2,class->block->decl_stmt->decl->name
2,31,rectangle_java2.jpg,rectangle_java2.jpg,4480341932,60,725.604,254.83533333333332,669.5,259,72,21,private,7,class->block->decl_stmt->decl->type->specifier
2,31,rectangle_java2.jpg,rectangle_java2.jpg,4480529884,92,782.7260869565217,236.40565217391304,715.5,222,90,21,Rectangle,9,class->name
2,31,rectangle_java2.jpg,rectangle_java2.jpg,4480629889,96,790.8041666666667,247.07,785.5,259,23,21,x1,2,class->block->decl_stmt->decl->name
2,31,rectangle_java2.jpg,rectangle_java2.jpg,4481397951,56,725.2414285714286,252.8385714285714,669.5,259,72,21,private,7,class->block->decl_stmt->decl->type->specifier
2,31,rectangle_java2.jpg,rectangle_java2.jpg,4481649796,60,789.302,297.098,737.5,295,91,21,Rectangle,9,class->block->constructor->name
2,31,rectangle_java2.jpg,rectangle_java2.jpg,4481769777,116,791.4534482758621,285.58827586206894,737.5,295,91,21,Rectangle,9,class->block->constructor->name
2,31,rectangle_java2.jpg,rectangle_java2.jpg,4481885777,80,884.7985,272.8385,881.5,259,23,21,x2,2,class->block->decl_stmt->decl->name
2,31,rectangle_java2.jpg,rectangle_java2.jpg,4482033783,144,879.3969444444444,276.60527777777776,881.5,259,23,21,x2,2,class->block->decl_stmt->decl->name
2,31,rectangle_java2.jpg,rectangle_java2.jpg,4482261821,112,878.2825,289.3910714285714,853.5,295,32,21,int,3,class->block->constructor->parameter_list->parameter->decl->type->name
2,31,rectangle_java2.jpg,rectangle_java2.jpg,4482261821,112,878.2825,289.3910714285714,890.5,295,24,21,x1,2,class->block->constructor->parameter_list->parameter->decl->type->name
2,31,rectangle_java2.jpg,rectangle_java2.jpg,4482353869,88,881.8813636363636,270.39681818181816,881.5,259,23,21,x2,2,class->block->decl_stmt->decl->name
2,31,rectangle_java2.jpg,rectangle_java2.jpg,4482469861,72,876.0166666666667,250.27499999999998,881.5,259,23,21,x2,2,class->block->decl_stmt->decl->name
2,31,rectangle_java2.jpg,rectangle_java2.jpg,4482553833,80,873.064,266.503,863.5,259,10,21,",",1,class->block->decl_stmt
2,31,rectangle_java2.jpg,rectangle_java2.jpg,4482553833,80,873.064,266.503,881.5,259,23,21,x2,2,class->block->decl_stmt->decl->name
2,31,rectangle_java2.jpg,rectangle_java2.jpg,4482697812,116,722.8020689655173,230.7986206896552,715.5,222,90,21,Rectangle,9,class->name
2,31,rectangle_java2.jpg,rectangle_java2.jpg,4482957804,100,792.534,253.90879999999999,785.5,259,23,21,x1,2,class->block->decl_stmt->decl->name
2,31,rectangle_java2.jpg,rectangle_java2.jpg,4483157786,140,964.7217142857143,303.9491428571429,939.5,295,33,21,int,3,class->block->constructor->parameter_list->parameter->decl->type->name
2,31,rectangle_java2.jpg,rectangle_java2.jpg,4483257731,96,960.36625,295.00708333333336,939.5,295,33,21,int,3,class->block->constructor->parameter_list->parameter->decl->type->name
2,31,rectangle_java2.jpg,rectangle_java2.jpg,4483453617,128,919.6659375,297.780625,921.5,295,9,21,",",1,class->block->constructor->parameter_list
2,31,rectangle_java2.jpg,rectangle_java2.jpg,4483577616,108,972.1685185185185,287.78407407407406,939.5,295,33,21,int,3,class->block->constructor->parameter_list->parameter->decl->type->name
2,31,rectangle_java2.jpg,rectangle_java2.jpg,4483577616,108,972.1685185185185,287.78407407407406,977.5,295,23,21,y1,2,class->block->constructor->parameter_list->parameter->decl->type->name
2,31,rectangle_java2.jpg,rectangle_java2.jpg,4483701651,120,978.4413333333333,296.58,977.5,295,23,21,y1,2,class->block->constructor->parameter_list->parameter->decl->type->name
2,31,rectangle_java2.jpg,rectangle_java2.jpg,4483833689,72,1057.44,300.9761111111111,1025.5,295,33,21,int,3,class->block->constructor->parameter_list->parameter->decl->type->name
2,31,rectangle_java2.jpg,rectangle_java2.jpg,4483833689,72,1057.44,300.9761111111111,1063.5,295,23,21,x2,2,class->block->constructor->parameter_list->parameter->decl->type->name
2,31,rectangle_java2.jpg,rectangle_java2.jpg,4483897677,60,1054.9133333333334,306.512,1025.5,295,33,21,int,3,class->block->constructor->parameter_list->parameter->decl->type->name
2,31,rectangle_java2.jpg,rectangle_java2.jpg,4483897677,60,1054.9133333333334,306.512,1063.5,295,23,21,x2,2,class->block->constructor->parameter_list->parameter->decl->type->name
2,31,rectangle_java2.jpg,rectangle_java2.jpg,4484093657,184,927.6415217391304,297.2921739130435,921.5,295,9,21,",",1,class->block->constructor->parameter_list
2,31,rectangle_java2.jpg,rectangle_java2.jpg,4484093657,184,927.6415217391304,297.2921739130435,939.5,295,33,21,int,3,class->block->constructor->parameter_list->parameter->decl->type->name
2,31,rectangle_java2.jpg,rectangle_java2.jpg,4484241674,144,928.5680555555556,297.88194444444446,921.5,295,9,21,",",1,class->block->constructor->parameter_list
2,31,rectangle_java2.jpg,rectangle_java2.jpg,4484241674,144,928.5680555555556,297.88194444444446,939.5,295,33,21,int,3,class->block->constructor->parameter_list->parameter->decl->type->name
2,31,rectangle_java2.jpg,rectangle_java2.jpg,4484321671,56,982.8914285714286,304.3564285714286,977.5,295,23,21,y1,2,class->block->constructor->parameter_list->parameter->decl->type->name
2,31,rectangle_java2.jpg,rectangle_java2.jpg,4484465657,140,983.5817142857143,290.512,977.5,295,23,21,y1,2,class->block->constructor->parameter_list->parameter->decl->type->name
2,31,rectangle_java2.jpg,rectangle_java2.jpg,4484541658,72,983.8933333333333,283.15999999999997,977.5,295,23,21,y1,2,class->block->constructor->parameter_list->parameter->decl->type->name
2,31,rectangle_java2.jpg,rectangle_java2.jpg,4484673663,128,980.8084375,299.3659375,977.5,295,23,21,y1,2,class->block->constructor->parameter_list->parameter->decl->type->name
2,31,rectangle_java2.jpg,rectangle_java2.jpg,4484953658,240,1055.5123333333333,298.2538333333333,1025.5,295,33,21,int,3,class->block->constructor->parameter_list->parameter->decl->type->name
2,31,rectangle_java2.jpg,rectangle_java2.jpg,4484953658,240,1055.5123333333333,298.2538333333333,1063.5,295,23,21,x2,2,class->block->constructor->parameter_list->parameter->decl->type->name
2,31,rectangle_java2.jpg,rectangle_java2.jpg,4485097617,56,1105.395,307.87642857142856,1112.5,295,33,21,int,3,class->block->constructor->parameter_list->parameter->decl->type->name
2,31,rectangle_java2.jpg,rectangle_java2.jpg,4485181554,56,1125.752857142857,282.8692857142857,1112.5,295,33,21,int,3,class->block->constructor->parameter_list->parameter->decl->type->name
2,31,rectangle_java2.jpg,rectangle_java2.jpg,4485249498,64,1112.248125,287.765625,1112.5,295,33,21,int,3,class->block->constructor->parameter_list->parameter->decl->type->name
2,31,rectangle_java2.jpg,rectangle_java2.jpg,4485389469,56,828.9864285714285,254.4457142857143,833.5,259,23,21,y1,2,class->block->decl_stmt->decl->name
2,31,rectangle_java2.jpg,rectangle_java2.jpg,4485605518,76,735.1478947368421,265.11894736842106,669.5,259,72,21,private,7,class->block->decl_stmt->decl->type->specifier
2,31,rectangle_java2.jpg,rectangle_java2.jpg,4485605518,76,735.1478947368421,265.11894736842106,747.5,259,33,21,int,3,class->block->decl_stmt->decl->type->name
2,31,rectangle_java2.jpg,rectangle_java2.jpg,4485777571,76,732.6005263157895,270.68684210526317,669.5,259,72,21,private,7,class->block->decl_stmt->decl->type->specifier
2,31,rectangle_java2.jpg,rectangle_java2.jpg,4485881590,76,780.6352631578948,287.5805263157895,737.5,295,91,21,Rectangle,9,class->block->constructor->name
2,31,rectangle_java2.jpg,rectangle_java2.jpg,4485941572,56,773.7964285714286,268.5492857142857,747.5,259,33,21,int,3,class->block->decl_stmt->decl->type->name
2,31,rectangle_java2.jpg,rectangle_java2.jpg,4485941572,56,773.7964285714286,268.5492857142857,785.5,259,23,21,x1,2,class->block->decl_stmt->decl->name
2,31,rectangle_java2.jpg,rectangle_java2.jpg,4486269534,220,773.4692727272727,325.7361818181818,730.5,331,71,19,this.x1,7,class->block->constructor->block->block_content->expr_stmt->expr->name->name->operator->name
2,31,rectangle_java2.jpg,rectangle_java2.jpg,4486381597,92,809.4391304347826,336.1021739130435,806.5,331,15,19,=,1,class->block->constructor->block->block_content->expr_stmt->expr->operator
2,31,rectangle_java2.jpg,rectangle_java2.jpg,4486577619,100,807.1008,338.4264,806.5,331,15,19,=,1,class->block->constructor->block->block_content->expr_stmt->expr->operator
2,31,rectangle_java2.jpg,rectangle_java2.jpg,4486833506,60,777.256,257.1186666666667,747.5,259,33,21,int,3,class->block->decl_stmt->decl->type->name
2,31,rectangle_java2.jpg,rectangle_java2.jpg,4486833506,60,777.256,257.1186666666667,785.5,259,23,21,x1,2,class->block->decl_stmt->decl->name
2,31,rectangle_java2.jpg,rectangle_java2.jpg,4486965512,128,776.0846875,270.1021875,747.5,259,33,21,int,3,class->block->decl_stmt->decl->type->name
2,31,rectangle_java2.jpg,rectangle_java2.jpg,4486965512,128,776.0846875,270.1021875,785.5,259,23,21,x1,2,class->block->decl_stmt->decl->name
2,31,rectangle_java2.jpg,rectangle_java2.jpg,4487029487,60,775.6006666666667,283.98,737.5,295,91,21,Rectangle,9,class->block->constructor->name
2,31,rectangle_java2.jpg,rectangle_java2.jpg,4487541429,92,773.9965217391305,254.30913043478262,747.5,259,33,21,int,3,class->block->decl_stmt->decl->type->name
2,31,rectangle_java2.jpg,rectangle_java2.jpg,4487541429,92,773.9965217391305,254.30913043478262,785.5,259,23,21,x1,2,class->block->decl_stmt->decl->name
2,31,rectangle_java2.jpg,rectangle_java2.jpg,4487669410,104,730.631923076923,217.53846153846155,715.5,222,90,21,Rectangle,9,class->name
2,31,rectangle_java2.jpg,rectangle_java2.jpg,4488133385,64,751.478125,264.541875,747.5,259,33,21,int,3,class->block->decl_stmt->decl->type->name
2,31,rectangle_java2.jpg,rectangle_java2.jpg,4488305386,148,760.292972972973,303.067027027027,737.5,295,91,21,Rectangle,9,class->block->constructor->name
2,31,rectangle_java2.jpg,rectangle_java2.jpg,4488437397,128,757.634375,320.69875,730.5,331,71,19,this.x1,7,class->block->constructor->block->block_content->expr_stmt->expr->name->name->operator->name
2,31,rectangle_java2.jpg,rectangle_java2.jpg,4488605419,112,777.1010714285715,365.105,730.5,367,71,21,this.y1,7,class->block->constructor->block->block_content->expr_stmt->expr->name->name->operator->name
2,31,rectangle_java2.jpg,rectangle_java2.jpg,4488745413,136,778.2267647058824,359.1220588235294,730.5,367,71,21,this.y1,7,class->block->constructor->block->block_content->expr_stmt->expr->name->name->operator->name
2,31,rectangle_java2.jpg,rectangle_java2.jpg,4488877406,100,819.3244,366.2136,806.5,367,15,21,=,1,class->block->constructor->block->block_content->expr_stmt->expr->operator
2,31,rectangle_java2.jpg,rectangle_java2.jpg,4488877406,100,819.3244,366.2136,826.5,367,23,21,y1,2,class->block->constructor->block->block_content->expr_stmt->expr->name->name
2,31,rectangle_java2.jpg,rectangle_java2.jpg,4489057236,60,800.8826666666666,309.46933333333334,737.5,295,91,21,Rectangle,9,class->block->constructor->name
2,31,rectangle_java2.jpg,rectangle_java2.jpg,4489193104,132,801.2187878787879,319.8445454545454,730.5,331,71,19,this.x1,7,class->block->constructor->block->block_content->expr_stmt->expr->name->name->operator->name
2,31,rectangle_java2.jpg,rectangle_java2.jpg,4489193104,132,801.2187878787879,319.8445454545454,806.5,331,15,19,=,1,class->block->constructor->block->block_content->expr_stmt->expr->operator
2,31,rectangle_java2.jpg,rectangle_java2.jpg,4489353239,60,836.428,310.04333333333335,837.5,295,9,21,(,1,class->block->constructor->parameter_list
2,31,rectangle_java2.jpg,rectangle_java2.jpg,4489481274,68,792.6476470588235,357.9335294117647,730.5,367,71,21,this.y1,7,class->block->constructor->block->block_content->expr_stmt->expr->name->name->operator->name
2,31,rectangle_java2.jpg,rectangle_java2.jpg,4489617279,132,794.8445454545455,362.95272727272726,730.5,367,71,21,this.y1,7,class->block->constructor->block->block_content->expr_stmt->expr->name->name->operator->name
2,31,rectangle_java2.jpg,rectangle_java2.jpg,4489617279,132,794.8445454545455,362.95272727272726,806.5,367,15,21,=,1,class->block->constructor->block->block_content->expr_stmt->expr->operator
2,31,rectangle_java2.jpg,rectangle_java2.jpg,4489689274,68,793.2535294117647,369.6205882352941,730.5,367,71,21,this.y1,7,class->block->constructor->block->block_content->expr_stmt->expr->name->name->operator->name
2,31,rectangle_java2.jpg,rectangle_java2.jpg,4489897247,80,783.1075,371.107,730.5,367,71,21,this.y1,7,class->block->constructor->block->block_content->expr_stmt->expr->name->name->operator->name
2,31,rectangle_java2.jpg,rectangle_java2.jpg,4490089251,148,757.1078378378378,453.04189189189196,730.5,440,71,21,this.y2,7,class->block->constructor->block->block_content->expr_stmt->expr->name->name->operator->name
2,31,rectangle_java2.jpg,rectangle_java2.jpg,4490265263,108,698.857037037037,523.0955555555555,669.5,512,63,21,public,6,class->block->function->type->specifier
2,31,rectangle_java2.jpg,rectangle_java2.jpg,4490381267,60,772.9993333333333,512.398,775.5,512,53,21,width,5,class->block->function->name
2,31,rectangle_java2.jpg,rectangle_java2.jpg,4490537293,152,772.91,502.4268421052632,775.5,512,53,21,width,5,class->block->function->name
2,31,rectangle_java2.jpg,rectangle_java2.jpg,4490709276,156,907.9628205128205,509.7269230769231,891.5,512,62,21,return,6,class->block->function->block->block_content->return->expr->name->name
2,31,rectangle_java2.jpg,rectangle_java2.jpg,4490889264,176,910.8881818181818,503.7115909090909,891.5,512,62,21,return,6,class->block->function->block->block_content->return->expr->name->name
2,31,rectangle_java2.jpg,rectangle_java2.jpg,4491045228,92,846.3860869565217,514.6308695652174,837.5,512,9,21,(,1,class->block->function->parameter_list
2,31,rectangle_java2.jpg,rectangle_java2.jpg,4491045228,92,846.3860869565217,514.6308695652174,854.5,512,9,21,),1,class->block->function->parameter_list
2,31,rectangle_java2.jpg,rectangle_java2.jpg,4491269143,104,841.8488461538461,506.77461538461534,837.5,512,9,21,(,1,class->block->function->parameter_list
2,31,rectangle_java2.jpg,rectangle_java2.jpg,4491401131,116,922.4689655172414,507.066551724138,891.5,512,62,21,return,6,class->block->function->block->block_content->return->expr->name->name
2,31,rectangle_java2.jpg,rectangle_java2.jpg,4491673152,128,992.5603125,506.24187499999994,958.5,512,71,21,this.x2,7,class->block->function->block->block_content->return->expr->name->name->operator->name->operator
2,31,rectangle_java2.jpg,rectangle_java2.jpg,4491797148,120,997.166,512.454,958.5,512,71,21,this.x2,7,class->block->function->block->block_content->return->expr->name->name->operator->name->operator
2,31,rectangle_java2.jpg,rectangle_java2.jpg,4492017055,184,1041.703695652174,519.3869565217392,1035.5,512,13,21,-,1,class->block->function->block->block_content->return->expr->name->name
2,31,rectangle_java2.jpg,rectangle_java2.jpg,4492233109,112,1094.2217857142857,531.8289285714286,1054.5,512,71,21,this.x1,7,class->block->function->block->block_content->return->expr->name->name->operator->name
2,31,rectangle_java2.jpg,rectangle_java2.jpg,4492329099,64,701.8149999999999,550.10375,669.5,549,63,21,public,6,class->block->function->type->specifier
2,31,rectangle_java2.jpg,rectangle_java2.jpg,4492401096,68,696.59,549.8111764705882,669.5,549,63,21,public,6,class->block->function->type->specifier
2,31,rectangle_java2.jpg,rectangle_java2.jpg,4492481133,76,698.8210526315789,561.1757894736842,669.5,549,63,21,public,6,class->block->function->type->specifier
2,31,rectangle_java2.jpg,rectangle_java2.jpg,4492661169,152,787.1507894736842,548.9021052631579,775.5,549,62,21,height,6,class->block->function->name
2,31,rectangle_java2.jpg,rectangle_java2.jpg,4492785136,120,788.3726666666666,555.6373333333333,775.5,549,62,21,height,6,class->block->function->name
2,31,rectangle_java2.jpg,rectangle_java2.jpg,4492884998,88,949.1186363636364,549.8304545454546,900.5,549,63,21,return,6,class->block->function->block->block_content->return
2,31,rectangle_java2.jpg,rectangle_java2.jpg,4493124903,132,947.0524242424243,549.4963636363636,900.5,549,63,21,return,6,class->block->function->block->block_content->return
2,31,rectangle_java2.jpg,rectangle_java2.jpg,4493240954,112,955.8921428571429,552.0285714285715,900.5,549,63,21,return,6,class->block->function->block->block_content->return
2,31,rectangle_java2.jpg,rectangle_java2.jpg,4493340994,96,943.4258333333333,545.7316666666667,900.5,549,63,21,return,6,class->block->function->block->block_content->return
2,31,rectangle_java2.jpg,rectangle_java2.jpg,4493425013,56,720.7607142857142,589.0435714285715,669.5,585,63,21,public,6,class->block->function->type->specifier
2,31,rectangle_java2.jpg,rectangle_java2.jpg,4493544991,116,715.3155172413793,597.0351724137931,669.5,585,63,21,public,6,class->block->function->type->specifier
2,31,rectangle_java2.jpg,rectangle_java2.jpg,4493768995,80,769.8175,589.988,737.5,585,62,21,double,6,class->block->function->type->name
2,31,rectangle_java2.jpg,rectangle_java2.jpg,4494016970,152,771.7773684210526,582.9686842105264,737.5,585,62,21,double,6,class->block->function->type->name
2,31,rectangle_java2.jpg,rectangle_java2.jpg,4494104976,60,824.038,593.0146666666667,804.5,585,43,21,area,4,class->block->function->name
2,31,rectangle_java2.jpg,rectangle_java2.jpg,4494240990,76,823.0157894736842,578.5842105263158,804.5,585,43,21,area,4,class->block->function->name
2,31,rectangle_java2.jpg,rectangle_java2.jpg,4494449069,56,968.3464285714285,589.3185714285714,910.5,585,62,21,return,6,class->block->function->block->block_content->return
2,31,rectangle_java2.jpg,rectangle_java2.jpg,4494449069,56,968.3464285714285,589.3185714285714,977.5,585,101,21,this.width,10,class->block->function->block->block_content->return->expr->call->name->name->operator->name
2,31,rectangle_java2.jpg,rectangle_java2.jpg,4494509051,56,961.2992857142857,601.9242857142857,910.5,585,62,21,return,6,class->block->function->block->block_content->return
2,31,rectangle_java2.jpg,rectangle_java2.jpg,4494581029,68,973.7505882352941,590.0923529411765,977.5,585,101,21,this.width,10,class->block->function->block->block_content->return->expr->call->name->name->operator->name
2,31,rectangle_java2.jpg,rectangle_java2.jpg,4494661002,76,960.3431578947368,604.0131578947369,910.5,585,62,21,return,6,class->block->function->block->block_content->return
2,31,rectangle_java2.jpg,rectangle_java2.jpg,4494784866,84,1014.4733333333334,593.3066666666667,977.5,585,101,21,this.width,10,class->block->function->block->block_content->return->expr->call->name->name->operator->name
2,31,rectangle_java2.jpg,rectangle_java2.jpg,4494908796,120,1021.277,602.1413333333334,977.5,585,101,21,this.width,10,class->block->function->block->block_content->return->expr->call->name->name->operator->name
2,31,rectangle_java2.jpg,rectangle_java2.jpg,4495160860,220,959.726,600.5172727272727,910.5,585,62,21,return,6,class->block->function->block->block_content->return
2,31,rectangle_java2.jpg,rectangle_java2.jpg,4495260882,96,959.5075,589.4075,910.5,585,62,21,return,6,class->block->function->block->block_content->return
2,31,rectangle_java2.jpg,rectangle_java2.jpg,4495388890,124,963.0893548387097,591.9296774193548,910.5,585,62,21,return,6,class->block->function->block->block_content->return
2,31,rectangle_java2.jpg,rectangle_java2.jpg,4495464885,72,966.2694444444444,595.0550000000001,910.5,585,62,21,return,6,class->block->function->block->block_content->return
2,31,rectangle_java2.jpg,rectangle_java2.jpg,4495464885,72,966.2694444444444,595.0550000000001,977.5,585,101,21,this.width,10,class->block->function->block->block_content->return->expr->call->name->name->operator->name
2,31,rectangle_java2.jpg,rectangle_java2.jpg,4495624837,120,1035.128,613.946,1025.5,621,42,21,args,4,class->block->function->parameter_list->parameter->decl->name
2,31,rectangle_java2.jpg,rectangle_java2.jpg,4495720831,92,1036.4595652173914,595.6082608695652,977.5,585,101,21,this.width,10,class->block->function->block->block_content->return->expr->call->name->name->operator->name
2,31,rectangle_java2.jpg,rectangle_java2.jpg,4496000828,108,1143.3774074074074,593.95,1140.5,585,110,21,this.height,11,class->block->function->block->block_content->return->expr->call->name->name->operator->name
2,31,rectangle_java2.jpg,rectangle_java2.jpg,4496184861,68,1196.8670588235293,603.67,1140.5,585,110,21,this.height,11,class->block->function->block->block_content->return->expr->call->name->name->operator->name
2,31,rectangle_java2.jpg,rectangle_java2.jpg,4496312877,124,1187.465806451613,600.241935483871,1140.5,585,110,21,this.height,11,class->block->function->block->block_content->return->expr->call->name->name->operator->name
2,31,rectangle_java2.jpg,rectangle_java2.jpg,4496468887,112,1020.4596428571429,602.7103571428571,977.5,585,101,21,this.width,10,class->block->function->block->block_content->return->expr->call->name->name->operator->name
2,31,rectangle_java2.jpg,rectangle_java2.jpg,4496528885,56,1019.1635714285715,602.8092857142857,977.5,585,101,21,this.width,10,class->block->function->block->block_content->return->expr->call->name->name->operator->name
2,31,rectangle_java2.jpg,rectangle_java2.jpg,4496688809,92,795.361304347826,611.5708695652174,738.5,621,61,21,static,6,class->block->function->type->specifier
2,31,rectangle_java2.jpg,rectangle_java2.jpg,4496688809,92,795.361304347826,611.5708695652174,804.5,621,44,21,void,4,class->block->function->type->name
2,31,rectangle_java2.jpg,rectangle_java2.jpg,4496848741,156,793.1146153846154,620.1694871794872,738.5,621,61,21,static,6,class->block->function->type->specifier
2,31,rectangle_java2.jpg,rectangle_java2.jpg,4496848741,156,793.1146153846154,620.1694871794872,804.5,621,44,21,void,4,class->block->function->type->name
2,31,rectangle_java2.jpg,rectangle_java2.jpg,4497012702,160,790.5615,620.17375,738.5,621,61,21,static,6,class->block->function->type->specifier
2,31,rectangle_java2.jpg,rectangle_java2.jpg,4497180693,104,838.8519230769231,616.8611538461539,804.5,621,44,21,void,4,class->block->function->type->name
2,31,rectangle_java2.jpg,rectangle_java2.jpg,4497456732,108,918.4411111111111,602.9933333333333,910.5,585,62,21,return,6,class->block->function->block->block_content->return
2,31,rectangle_java2.jpg,rectangle_java2.jpg,4497540735,80,917.218,630.894,920.5,621,62,21,String,6,class->block->function->parameter_list->parameter->decl->type->name->name
2,31,rectangle_java2.jpg,rectangle_java2.jpg,4497656751,68,978.2670588235294,610.1070588235294,920.5,621,62,21,String,6,class->block->function->parameter_list->parameter->decl->type->name->name
2,31,rectangle_java2.jpg,rectangle_java2.jpg,4497656751,68,978.2670588235294,610.1070588235294,990.5,621,10,21,[,1,class->block->function->parameter_list->parameter->decl->type->name->index
2,31,rectangle_java2.jpg,rectangle_java2.jpg,4497792769,132,978.5572727272727,623.3745454545455,920.5,621,62,21,String,6,class->block->function->parameter_list->parameter->decl->type->name->name
2,31,rectangle_java2.jpg,rectangle_java2.jpg,4497792769,132,978.5572727272727,623.3745454545455,990.5,621,10,21,[,1,class->block->function->parameter_list->parameter->decl->type->name->index
2,31,rectangle_java2.jpg,rectangle_java2.jpg,4497932773,84,1041.2761904761905,622.9366666666666,1025.5,621,42,21,args,4,class->block->function->parameter_list->parameter->decl->name
2,31,rectangle_java2.jpg,rectangle_java2.jpg,4497996763,60,1047.9166666666667,610.23,1025.5,621,42,21,args,4,class->block->function->parameter_list->parameter->decl->name
2,31,rectangle_java2.jpg,rectangle_java2.jpg,4498140740,64,814.82,639.855625,804.5,621,44,21,void,4,class->block->function->type->name
2,31,rectangle_java2.jpg,rectangle_java2.jpg,4498232755,88,814.405,655.3627272727273,730.5,658,91,20,Rectangle,9,class->block->function->block->block_content->decl_stmt->decl->type->name
2,31,rectangle_java2.jpg,rectangle_java2.jpg,4498232755,88,814.405,655.3627272727273,826.5,658,52,20,rect1,5,class->block->function->block->block_content->decl_stmt->decl->name
2,31,rectangle_java2.jpg,rectangle_java2.jpg,4498576738,204,776.8790196078431,663.6494117647059,730.5,658,91,20,Rectangle,9,class->block->function->block->block_content->decl_stmt->decl->type->name
2,31,rectangle_java2.jpg,rectangle_java2.jpg,4498764467,140,790.8985714285715,646.0842857142857,730.5,658,91,20,Rectangle,9,class->block->function->block->block_content->decl_stmt->decl->type->name
2,31,rectangle_java2.jpg,rectangle_java2.jpg,4498924574,88,847.8545454545455,637.7590909090909,804.5,621,44,21,void,4,class->block->function->type->name
2,31,rectangle_java2.jpg,rectangle_java2.jpg,4498924574,88,847.8545454545455,637.7590909090909,851.5,621,44,21,main,4,class->block->function->name
2,31,rectangle_java2.jpg,rectangle_java2.jpg,4499168589,200,772.0572,657.548,730.5,658,91,20,Rectangle,9,class->block->function->block->block_content->decl_stmt->decl->type->name
2,31,rectangle_java2.jpg,rectangle_java2.jpg,4499260594,88,772.6359090909091,675.5936363636364,730.5,658,91,20,Rectangle,9,class->block->function->block->block_content->decl_stmt->decl->type->name
2,31,rectangle_java2.jpg,rectangle_java2.jpg,4499376606,84,860.6838095238095,657.9385714285714,826.5,658,52,20,rect1,5,class->block->function->block->block_content->decl_stmt->decl->name
2,31,rectangle_java2.jpg,rectangle_java2.jpg,4499436630,56,857.4007142857142,657.0607142857143,826.5,658,52,20,rect1,5,class->block->function->block->block_content->decl_stmt->decl->name
2,31,rectangle_java2.jpg,rectangle_java2.jpg,4499496655,56,863.925,652.7507142857143,826.5,658,52,20,rect1,5,class->block->function->block->block_content->decl_stmt->decl->name
2,31,rectangle_java2.jpg,rectangle_java2.jpg,4499560683,60,853.4686666666666,659.406,826.5,658,52,20,rect1,5,class->block->function->block->block_content->decl_stmt->decl->name
2,31,rectangle_java2.jpg,rectangle_java2.jpg,4499696649,64,948.44125,666.10375,941.5,658,91,20,Rectangle,9,class->block->function->block->block_content->decl_stmt->decl->init->expr->call->name
2,31,rectangle_java2.jpg,rectangle_java2.jpg,4499780613,80,945.2615000000001,671.6675,941.5,658,91,20,Rectangle,9,class->block->function->block->block_content->decl_stmt->decl->init->expr->call->name
2,31,rectangle_java2.jpg,rectangle_java2.jpg,4499912588,128,946.773125,668.49,941.5,658,91,20,Rectangle,9,class->block->function->block->block_content->decl_stmt->decl->init->expr->call->name
2,31,rectangle_java2.jpg,rectangle_java2.jpg,4500072585,132,996.1669696969697,671.8830303030303,941.5,658,91,20,Rectangle,9,class->block->function->block->block_content->decl_stmt->decl->init->expr->call->name
2,31,rectangle_java2.jpg,rectangle_java2.jpg,4500144590,68,990.7982352941176,664.4858823529412,941.5,658,91,20,Rectangle,9,class->block->function->block->block_content->decl_stmt->decl->init->expr->call->name
2,31,rectangle_java2.jpg,rectangle_java2.jpg,4500268585,120,967.0123333333333,682.4916666666667,932.5,694,100,21,rect1.area,10,class->block->function->block->block_content->expr_stmt->expr->call->argument_list->argument->expr->call->name->name->operator->name
2,31,rectangle_java2.jpg,rectangle_java2.jpg,4500452570,92,1099.895652173913,652.7178260869565,1095.5,658,13,20,0,1,class->block->function->block->block_content->decl_stmt->decl->init->expr->call->argument_list->argument->expr->literal
2,31,rectangle_java2.jpg,rectangle_java2.jpg,4500596555,140,1096.3974285714287,665.1408571428572,1095.5,658,13,20,0,1,class->block->function->block->block_content->decl_stmt->decl->init->expr->call->argument_list->argument->expr->literal
2,31,rectangle_java2.jpg,rectangle_java2.jpg,4500736492,84,1101.017142857143,674.0266666666666,1095.5,658,13,20,0,1,class->block->function->block->block_content->decl_stmt->decl->init->expr->call->argument_list->argument->expr->literal
2,31,rectangle_java2.jpg,rectangle_java2.jpg,4501076487,60,1071.5166666666667,671.9386666666667,1077.5,658,9,20,",",1,class->block->function->block->block_content->decl_stmt->decl->init->expr->call->argument_list
2,31,rectangle_java2.jpg,rectangle_java2.jpg,4501164496,84,1061.9271428571428,664.7652380952381,1057.5,658,13,20,0,1,class->block->function->block->block_content->decl_stmt->decl->init->expr->call->argument_list->argument->expr->literal
2,31,rectangle_java2.jpg,rectangle_java2.jpg,4501312451,64,1014.57125,675.480625,941.5,658,91,20,Rectangle,9,class->block->function->block->block_content->decl_stmt->decl->init->expr->call->name
2,31,rectangle_java2.jpg,rectangle_java2.jpg,4501412431,96,1001.5708333333333,666.1795833333333,941.5,658,91,20,Rectangle,9,class->block->function->block->block_content->decl_stmt->decl->init->expr->call->name
2,31,rectangle_java2.jpg,rectangle_java2.jpg,4501576458,128,1135.9625,672.82875,1134.5,658,22,20,10,2,class->block->function->block->block_content->decl_stmt->decl->init->expr->call->argument_list->argument->expr->literal
2,31,rectangle_java2.jpg,rectangle_java2.jpg,4501784391,76,1144.3194736842106,667.2384210526316,1134.5,658,22,20,10,2,class->block->function->block->block_content->decl_stmt->decl->init->expr->call->argument_list->argument->expr->literal
2,31,rectangle_java2.jpg,rectangle_java2.jpg,4501916433,72,1179.9516666666666,669.3972222222222,1182.5,658,22,20,10,2,class->block->function->block->block_content->decl_stmt->decl->init->expr->call->argument_list->argument->expr->literal
2,31,rectangle_java2.jpg,rectangle_java2.jpg,4502048472,128,1173.0684375,667.9290625,1163.5,658,10,20,",",1,class->block->function->block->block_content->decl_stmt->decl->init->expr->call->argument_list
2,31,rectangle_java2.jpg,rectangle_java2.jpg,4502048472,128,1173.0684375,667.9290625,1182.5,658,22,20,10,2,class->block->function->block->block_content->decl_stmt->decl->init->expr->call->argument_list->argument->expr->literal
2,31,rectangle_java2.jpg,rectangle_java2.jpg,4502128500,64,1063.7275,667.9712499999999,1057.5,658,13,20,0,1,class->block->function->block->block_content->decl_stmt->decl->init->expr->call->argument_list->argument->expr->literal
2,31,rectangle_java2.jpg,rectangle_java2.jpg,4502220514,88,1053.79,660.6381818181818,1057.5,658,13,20,0,1,class->block->function->block->block_content->decl_stmt->decl->init->expr->call->argument_list->argument->expr->literal
2,31,rectangle_java2.jpg,rectangle_java2.jpg,4502516255,240,821.2736666666667,641.9211666666666,804.5,621,44,21,void,4,class->block->function->type->name
2,31,rectangle_java2.jpg,rectangle_java2.jpg,4502632166,88,778.4372727272727,662.9300000000001,730.5,658,91,20,Rectangle,9,class->block->function->block->block_content->decl_stmt->decl->type->name
2,31,rectangle_java2.jpg,rectangle_java2.jpg,4502756299,120,782.782,650.7196666666666,730.5,658,91,20,Rectangle,9,class->block->function->block->block_content->decl_stmt->decl->type->name
2,31,rectangle_java2.jpg,rectangle_java2.jpg,4502840332,68,870.3776470588235,646.7076470588236,826.5,658,52,20,rect1,5,class->block->function->block->block_content->decl_stmt->decl->name
2,31,rectangle_java2.jpg,rectangle_java2.jpg,4502960329,116,871.5858620689655,641.4820689655172,851.5,621,44,21,main,4,class->block->function->name
2,31,rectangle_java2.jpg,rectangle_java2.jpg,4503132358,160,951.18025,656.44725,941.5,658,91,20,Rectangle,9,class->block->function->block->block_content->decl_stmt->decl->init->expr->call->name
2,31,rectangle_java2.jpg,rectangle_java2.jpg,4503200374,64,958.6825,666.915,941.5,658,91,20,Rectangle,9,class->block->function->block->block_content->decl_stmt->decl->init->expr->call->name
2,31,rectangle_java2.jpg,rectangle_java2.jpg,4503264419,60,953.7246666666666,659.0433333333333,941.5,658,91,20,Rectangle,9,class->block->function->block->block_content->decl_stmt->decl->init->expr->call->name
2,31,rectangle_java2.jpg,rectangle_java2.jpg,4503428551,140,1008.1571428571428,656.7142857142857,941.5,658,91,20,Rectangle,9,class->block->function->block->block_content->decl_stmt->decl->init->expr->call->name
2,31,rectangle_java2.jpg,rectangle_java2.jpg,4503524443,92,1094.6139130434783,661.36,1095.5,658,13,20,0,1,class->block->function->block->block_content->decl_stmt->decl->init->expr->call->argument_list->argument->expr->literal
2,31,rectangle_java2.jpg,rectangle_java2.jpg,4503672353,144,1098.8838888888888,663.4405555555555,1095.5,658,13,20,0,1,class->block->function->block->block_content->decl_stmt->decl->init->expr->call->argument_list->argument->expr->literal
2,31,rectangle_java2.jpg,rectangle_java2.jpg,4503740338,64,1147.871875,657.6575,1134.5,658,22,20,10,2,class->block->function->block->block_content->decl_stmt->decl->init->expr->call->argument_list->argument->expr->literal
2,31,rectangle_java2.jpg,rectangle_java2.jpg,4503924335,180,1149.4513333333334,659.4411111111111,1134.5,658,22,20,10,2,class->block->function->block->block_content->decl_stmt->decl->init->expr->call->argument_list->argument->expr->literal
2,31,rectangle_java2.jpg,rectangle_java2.jpg,4504044335,64,762.15125,687.929375,730.5,694,177,21,System.out.println,18,class->block->function->block->block_content->expr_stmt->expr->call->name->name->operator->name->operator->name
2,31,rectangle_java2.jpg,rectangle_java2.jpg,4504160328,112,760.4235714285714,698.6646428571429,730.5,694,177,21,System.out.println,18,class->block->function->block->block_content->expr_stmt->expr->call->name->name->operator->name->operator->name
2,31,rectangle_java2.jpg,rectangle_java2.jpg,4504364228,160,855.0575,683.9145,730.5,694,177,21,System.out.println,18,class->block->function->block->block_content->expr_stmt->expr->call->name->name->operator->name->operator->name
2,31,rectangle_java2.jpg,rectangle_java2.jpg,4504536149,168,850.6338095238095,684.7571428571429,730.5,694,177,21,System.out.println,18,class->block->function->block->block_content->expr_stmt->expr->call->name->name->operator->name->operator->name
2,31,rectangle_java2.jpg,rectangle_java2.jpg,4504668172,76,982.9336842105263,692.1057894736842,932.5,694,100,21,rect1.area,10,class->block->function->block->block_content->expr_stmt->expr->call->argument_list->argument->expr->call->name->name->operator->name
2,31,rectangle_java2.jpg,rectangle_java2.jpg,4504792204,120,981.273,702.7906666666667,932.5,694,100,21,rect1.area,10,class->block->function->block->block_content->expr_stmt->expr->call->argument_list->argument->expr->call->name->name->operator->name
2,31,rectangle_java2.jpg,rectangle_java2.jpg,4505028182,196,1018.9308163265306,702.1565306122449,932.5,694,100,21,rect1.area,10,class->block->function->block->block_content->expr_stmt->expr->call->argument_list->argument->expr->call->name->name->operator->name
2,31,rectangle_java2.jpg,rectangle_java2.jpg,4505184207,152,1000.1205263157894,708.871052631579,932.5,694,100,21,rect1.area,10,class->block->function->block->block_content->expr_stmt->expr->call->argument_list->argument->expr->call->name->name->operator->name
2,31,rectangle_java2.jpg,rectangle_java2.jpg,4505244217,56,1005.8742857142857,694.4757142857143,932.5,694,100,21,rect1.area,10,class->block->function->block->block_content->expr_stmt->expr->call->argument_list->argument->expr->call->name->name->operator->name
2,31,rectangle_java2.jpg,rectangle_java2.jpg,4505680200,100,1096.5644,664.748,1095.5,658,13,20,0,1,class->block->function->block->block_content->decl_stmt->decl->init->expr->call->argument_list->argument->expr->literal
2,31,rectangle_java2.jpg,rectangle_java2.jpg,4505760212,76,1093.4294736842105,658.4847368421052,1095.5,658,13,20,0,1,class->block->function->block->block_content->decl_stmt->decl->init->expr->call->argument_list->argument->expr->literal
2,31,rectangle_java2.jpg,rectangle_java2.jpg,4506120239,104,905.0584615384615,263.24615384615385,911.5,259,10,21,",",1,class->block->decl_stmt
2,31,rectangle_java2.jpg,rectangle_java2.jpg,4506268157,64,900.5475,259.15000000000003,881.5,259,23,21,x2,2,class->block->decl_stmt->decl->name
2,31,rectangle_java2.jpg,rectangle_java2.jpg,4506268157,64,900.5475,259.15000000000003,911.5,259,10,21,",",1,class->block->decl_stmt
2,31,rectangle_java2.jpg,rectangle_java2.jpg,4506620066,112,813.5746428571429,211.58964285714285,813.5,222,10,21,{,1,class->block
2,31,rectangle_java2.jpg,rectangle_java2.jpg,4506768092,100,742.502,219.3764,715.5,222,90,21,Rectangle,9,class->name
2,31,rectangle_java2.jpg,rectangle_java2.jpg,4506876097,104,742.5707692307692,218.2626923076923,715.5,222,90,21,Rectangle,9,class->name
2,31,rectangle_java2.jpg,rectangle_java2.jpg,4507196019,116,949.28,724.8831034482758,941.5,731,91,20,Rectangle,9,class->block->function->block->block_content->decl_stmt->decl->init->expr->call->name
2,31,rectangle_java2.jpg,rectangle_java2.jpg,4507256040,56,963.7707142857142,713.5535714285714,932.5,694,100,21,rect1.area,10,class->block->function->block->block_content->expr_stmt->expr->call->argument_list->argument->expr->call->name->name->operator->name
2,31,rectangle_java2.jpg,rectangle_java2.jpg,4507720163,64,785.555625,704.4425,730.5,694,177,21,System.out.println,18,class->block->function->block->block_content->expr_stmt->expr->call->name->name->operator->name->operator->name
2,31,rectangle_java2.jpg,rectangle_java2.jpg,4507828131,104,795.8157692307692,699.9403846153846,730.5,694,177,21,System.out.println,18,class->block->function->block->block_content->expr_stmt->expr->call->name->name->operator->name->operator->name
2,31,rectangle_java2.jpg,rectangle_java2.jpg,4508012073,156,778.8074358974359,737.134358974359,730.5,731,91,20,Rectangle,9,class->block->function->block->block_content->decl_stmt->decl->type->name
2,31,rectangle_java2.jpg,rectangle_java2.jpg,4508132066,104,901.7457692307693,738.7784615384616,902.5,731,34,20,new,3,class->block->function->block->block_content->decl_stmt->decl->init->expr->operator
2,31,rectangle_java2.jpg,rectangle_java2.jpg,4508203988,68,895.2094117647059,731.9911764705882,883.5,731,15,20,=,1,class->block->function->block->block_content->decl_stmt->decl->init
2,31,rectangle_java2.jpg,rectangle_java2.jpg,4508203988,68,895.2094117647059,731.9911764705882,902.5,731,34,20,new,3,class->block->function->block->block_content->decl_stmt->decl->init->expr->operator
2,31,rectangle_java2.jpg,rectangle_java2.jpg,4508287880,56,1045.805,518.4792857142858,1035.5,512,13,21,-,1,class->block->function->block->block_content->return->expr->name->name
2,31,rectangle_java2.jpg,rectangle_java2.jpg,4508287880,56,1045.805,518.4792857142858,1054.5,512,71,21,this.x1,7,class->block->function->block->block_content->return->expr->name->name->operator->name
2,31,rectangle_java2.jpg,rectangle_java2.jpg,4508427857,136,1048.7988235294117,516.2341176470588,1054.5,512,71,21,this.x1,7,class->block->function->block->block_content->return->expr->name->name->operator->name
2,31,rectangle_java2.jpg,rectangle_java2.jpg,4508539937,108,1040.4422222222222,514.6666666666666,1035.5,512,13,21,-,1,class->block->function->block->block_content->return->expr->name->name
2,31,rectangle_java2.jpg,rectangle_java2.jpg,4508795929,232,1147.4394827586207,676.3606896551725,1134.5,658,22,20,10,2,class->block->function->block->block_content->decl_stmt->decl->init->expr->call->argument_list->argument->expr->literal
2,31,rectangle_java2.jpg,rectangle_java2.jpg,4508867945,68,1143.9,663.4888235294118,1134.5,658,22,20,10,2,class->block->function->block->block_content->decl_stmt->decl->init->expr->call->argument_list->argument->expr->literal
2,31,rectangle_java2.jpg,rectangle_java2.jpg,4508979965,108,1105.602962962963,658.3914814814815,1095.5,658,13,20,0,1,class->block->function->block->block_content->decl_stmt->decl->init->expr->call->argument_list->argument->expr->literal
2,31,rectangle_java2.jpg,rectangle_java2.jpg,4508979965,108,1105.602962962963,658.3914814814815,1115.5,658,10,20,",",1,class->block->function->block->block_content->decl_stmt->decl->init->expr->call->argument_list
2,31,rectangle_java2.jpg,rectangle_java2.jpg,4509123971,96,1105.4141666666667,675.4225,1095.5,658,13,20,0,1,class->block->function->block->block_content->decl_stmt->decl->init->expr->call->argument_list->argument->expr->literal
2,31,rectangle_java2.jpg,rectangle_java2.jpg,4509123971,96,1105.4141666666667,675.4225,1115.5,658,10,20,",",1,class->block->function->block->block_content->decl_stmt->decl->init->expr->call->argument_list
2,31,rectangle_java2.jpg,rectangle_java2.jpg,4509279939,104,892.4573076923077,659.7857692307692,883.5,658,15,20,=,1,class->block->function->block->block_content->decl_stmt->decl->init
2,31,rectangle_java2.jpg,rectangle_java2.jpg,4509279939,104,892.4573076923077,659.7857692307692,902.5,658,34,20,new,3,class->block->function->block->block_content->decl_stmt->decl->init->expr->operator
2,31,rectangle_java2.jpg,rectangle_java2.jpg,4509479954,132,766.8460606060606,747.0778787878788,730.5,731,91,20,Rectangle,9,class->block->function->block->block_content->decl_stmt->decl->type->name
2,31,rectangle_java2.jpg,rectangle_java2.jpg,4509771946,224,843.6823214285714,742.5010714285714,826.5,731,51,20,rect2,5,class->block->function->block->block_content->decl_stmt->decl->name
2,31,rectangle_java2.jpg,rectangle_java2.jpg,4510027937,172,940.3330232558139,735.3304651162791,941.5,731,91,20,Rectangle,9,class->block->function->block->block_content->decl_stmt->decl->init->expr->call->name
2,31,rectangle_java2.jpg,rectangle_java2.jpg,4510183817,124,1003.4493548387097,733.881935483871,941.5,731,91,20,Rectangle,9,class->block->function->block->block_content->decl_stmt->decl->init->expr->call->name
2,31,rectangle_java2.jpg,rectangle_java2.jpg,4510251813,64,992.696875,742.494375,941.5,731,91,20,Rectangle,9,class->block->function->block->block_content->decl_stmt->decl->init->expr->call->name
2,31,rectangle_java2.jpg,rectangle_java2.jpg,4510383803,116,1097.1437931034484,732.4186206896552,1095.5,731,13,20,5,1,class->block->function->block->block_content->decl_stmt->decl->init->expr->call->argument_list->argument->expr->literal
2,31,rectangle_java2.jpg,rectangle_java2.jpg,4510567786,180,1099.8573333333334,735.4535555555556,1095.5,731,13,20,5,1,class->block->function->block->block_content->decl_stmt->decl->init->expr->call->argument_list->argument->expr->literal
2,31,rectangle_java2.jpg,rectangle_java2.jpg,4510639784,68,1095.734705882353,731.3452941176471,1095.5,731,13,20,5,1,class->block->function->block->block_content->decl_stmt->decl->init->expr->call->argument_list->argument->expr->literal
2,31,rectangle_java2.jpg,rectangle_java2.jpg,4511039830,360,945.4833333333333,744.7343333333333,941.5,731,91,20,Rectangle,9,class->block->function->block->block_content->decl_stmt->decl->init->expr->call->name
2,31,rectangle_java2.jpg,rectangle_java2.jpg,4511283846,184,795.3758695652174,780.9473913043478,730.5,766,177,21,System.out.println,18,class->block->function->block->block_content->expr_stmt->expr->call->name->name->operator->name->operator->name
2,31,rectangle_java2.jpg,rectangle_java2.jpg,4511399826,112,772.4489285714286,779.5042857142857,730.5,766,177,21,System.out.println,18,class->block->function->block->block_content->expr_stmt->expr->call->name->name->operator->name->operator->name
2,31,rectangle_java2.jpg,rectangle_java2.jpg,4511567807,104,845.26,780.2792307692308,730.5,766,177,21,System.out.println,18,class->block->function->block->block_content->expr_stmt->expr->call->name->name->operator->name->operator->name
2,31,rectangle_java2.jpg,rectangle_java2.jpg,4511643811,72,851.9022222222222,772.0233333333333,730.5,766,177,21,System.out.println,18,class->block->function->block->block_content->expr_stmt->expr->call->name->name->operator->name->operator->name
2,31,rectangle_java2.jpg,rectangle_java2.jpg,4511823829,152,976.6065789473685,778.9134210526316,932.5,766,100,21,rect2.area,10,class->block->function->block->block_content->expr_stmt->expr->call->argument_list->argument->expr->call->name->name->operator->name
2,31,rectangle_java2.jpg,rectangle_java2.jpg,4511927844,100,983.1608,775.3332,932.5,766,100,21,rect2.area,10,class->block->function->block->block_content->expr_stmt->expr->call->argument_list->argument->expr->call->name->name->operator->name
2,31,rectangle_java2.jpg,rectangle_java2.jpg,4512083654,140,975.4682857142857,670.2748571428572,941.5,658,91,20,Rectangle,9,class->block->function->block->block_content->decl_stmt->decl->init->expr->call->name
2,31,rectangle_java2.jpg,rectangle_java2.jpg,4512303538,132,819.4433333333334,627.6427272727273,804.5,621,44,21,void,4,class->block->function->type->name
2,31,rectangle_java2.jpg,rectangle_java2.jpg,4512639707,88,957.5909090909091,610.2245454545455,920.5,621,62,21,String,6,class->block->function->parameter_list->parameter->decl->type->name->name
2,31,rectangle_java2.jpg,rectangle_java2.jpg,4512707704,64,955.429375,615.465625,920.5,621,62,21,String,6,class->block->function->parameter_list->parameter->decl->type->name->name
2,31,rectangle_java2.jpg,rectangle_java2.jpg,4512779700,68,954.6788235294117,613.9670588235294,920.5,621,62,21,String,6,class->block->function->parameter_list->parameter->decl->type->name->name
2,31,rectangle_java2.jpg,rectangle_java2.jpg,4513015657,156,817.7228205128205,618.2738461538462,804.5,621,44,21,void,4,class->block->function->type->name
2,31,rectangle_java2.jpg,rectangle_java2.jpg,4513099673,80,825.7625,619.731,804.5,621,44,21,void,4,class->block->function->type->name
2,31,rectangle_java2.jpg,rectangle_java2.jpg,4513227689,124,789.583870967742,617.0858064516129,738.5,621,61,21,static,6,class->block->function->type->specifier
2,31,rectangle_java2.jpg,rectangle_java2.jpg,4513363680,100,732.6084,615.6464,738.5,621,61,21,static,6,class->block->function->type->specifier
2,31,rectangle_java2.jpg,rectangle_java2.jpg,4513507676,140,725.5488571428572,615.0582857142857,669.5,621,63,21,public,6,class->block->function->type->specifier
2,31,rectangle_java2.jpg,rectangle_java2.jpg,4513727672,124,793.9954838709677,608.8503225806452,738.5,621,61,21,static,6,class->block->function->type->specifier
2,31,rectangle_java2.jpg,rectangle_java2.jpg,4513727672,124,793.9954838709677,608.8503225806452,804.5,621,44,21,void,4,class->block->function->type->name
2,31,rectangle_java2.jpg,rectangle_java2.jpg,4513979567,216,845.27,615.6755555555555,804.5,621,44,21,void,4,class->block->function->type->name
2,31,rectangle_java2.jpg,rectangle_java2.jpg,4513979567,216,845.27,615.6755555555555,851.5,621,44,21,main,4,class->block->function->name
2,31,rectangle_java2.jpg,rectangle_java2.jpg,4514167502,60,970.834,669.2393333333333,941.5,658,91,20,Rectangle,9,class->block->function->block->block_content->decl_stmt->decl->init->expr->call->name
2,31,rectangle_java2.jpg,rectangle_java2.jpg,4514271528,56,986.3178571428572,646.9271428571428,941.5,658,91,20,Rectangle,9,class->block->function->block->block_content->decl_stmt->decl->init->expr->call->name
2,31,rectangle_java2.jpg,rectangle_java2.jpg,4514343560,68,1089.2470588235294,650.3117647058823,1095.5,658,13,20,0,1,class->block->function->block->block_content->decl_stmt->decl->init->expr->call->argument_list->argument->expr->literal
2,31,rectangle_java2.jpg,rectangle_java2.jpg,4514447580,100,1083.1036,667.9752,1077.5,658,9,20,",",1,class->block->function->block->block_content->decl_stmt->decl->init->expr->call->argument_list
2,31,rectangle_java2.jpg,rectangle_java2.jpg,4514447580,100,1083.1036,667.9752,1095.5,658,13,20,0,1,class->block->function->block->block_content->decl_stmt->decl->init->expr->call->argument_list->argument->expr->literal
2,31,rectangle_java2.jpg,rectangle_java2.jpg,4514667611,172,981.3562790697674,656.433488372093,941.5,658,91,20,Rectangle,9,class->block->function->block->block_content->decl_stmt->decl->init->expr->call->name
2,31,rectangle_java2.jpg,rectangle_java2.jpg,4514739604,68,978.2358823529412,658.2670588235294,941.5,658,91,20,Rectangle,9,class->block->function->block->block_content->decl_stmt->decl->init->expr->call->name
2,31,rectangle_java2.jpg,rectangle_java2.jpg,4514811599,68,966.5111764705882,658.4247058823529,941.5,658,91,20,Rectangle,9,class->block->function->block->block_content->decl_stmt->decl->init->expr->call->name
2,31,rectangle_java2.jpg,rectangle_java2.jpg,4515107598,88,821.9281818181819,399.0690909090909,826.5,404,23,19,x2,2,class->block->constructor->block->block_content->expr_stmt->expr->name->name
2,31,rectangle_java2.jpg,rectangle_java2.jpg,4515279565,88,874.9986363636364,504.6,874.5,512,10,21,{,1,class->block->function->block
2,31,rectangle_java2.jpg,rectangle_java2.jpg,4515875501,112,795.1632142857143,302.6489285714286,737.5,295,91,21,Rectangle,9,class->block->constructor->name
2,31,rectangle_java2.jpg,rectangle_java2.jpg,4515999312,84,875.9942857142858,258.757619047619,881.5,259,23,21,x2,2,class->block->decl_stmt->decl->name
2,31,rectangle_java2.jpg,rectangle_java2.jpg,4516087299,84,868.4361904761905,270.68619047619046,863.5,259,10,21,",",1,class->block->decl_stmt
2,31,rectangle_java2.jpg,rectangle_java2.jpg,4516279487,108,994.4362962962963,652.9348148148148,941.5,658,91,20,Rectangle,9,class->block->function->block->block_content->decl_stmt->decl->init->expr->call->name
2,31,rectangle_java2.jpg,rectangle_java2.jpg,4516403456,64,1071.6412500000001,659.37,1077.5,658,9,20,",",1,class->block->function->block->block_content->decl_stmt->decl->init->expr->call->argument_list
2,31,rectangle_java2.jpg,rectangle_java2.jpg,4516467399,60,1074.2826666666667,658.6893333333334,1077.5,658,9,20,",",1,class->block->function->block->block_content->decl_stmt->decl->init->expr->call->argument_list
2,31,rectangle_java2.jpg,rectangle_java2.jpg,4516547367,76,1066.9094736842105,671.4463157894737,1057.5,658,13,20,0,1,class->block->function->block->block_content->decl_stmt->decl->init->expr->call->argument_list->argument->expr->literal
2,31,rectangle_java2.jpg,rectangle_java2.jpg,4516547367,76,1066.9094736842105,671.4463157894737,1077.5,658,9,20,",",1,class->block->function->block->block_content->decl_stmt->decl->init->expr->call->argument_list
2,31,rectangle_java2.jpg,rectangle_java2.jpg,4516667385,104,1124.7165384615384,654.748076923077,1115.5,658,10,20,",",1,class->block->function->block->block_content->decl_stmt->decl->init->expr->call->argument_list
2,31,rectangle_java2.jpg,rectangle_java2.jpg,4516667385,104,1124.7165384615384,654.748076923077,1134.5,658,22,20,10,2,class->block->function->block->block_content->decl_stmt->decl->init->expr->call->argument_list->argument->expr->literal
2,31,rectangle_java2.jpg,rectangle_java2.jpg,4516851386,180,1129.3866666666668,654.26,1134.5,658,22,20,10,2,class->block->function->block->block_content->decl_stmt->decl->init->expr->call->argument_list->argument->expr->literal
2,31,rectangle_java2.jpg,rectangle_java2.jpg,4517043387,68,1136.9817647058824,601.2617647058823,1140.5,585,110,21,this.height,11,class->block->function->block->block_content->return->expr->call->name->name->operator->name
2,31,rectangle_java2.jpg,rectangle_java2.jpg,4517271408,100,926.3464,641.6808,920.5,621,62,21,String,6,class->block->function->parameter_list->parameter->decl->type->name->name
2,31,rectangle_java2.jpg,rectangle_java2.jpg,4517443449,116,832.4086206896552,652.2927586206897,826.5,658,52,20,rect1,5,class->block->function->block->block_content->decl_stmt->decl->name
2,31,rectangle_java2.jpg,rectangle_java2.jpg,4517523471,76,826.078947368421,629.5231578947369,804.5,621,44,21,void,4,class->block->function->type->name
2,31,rectangle_java2.jpg,rectangle_java2.jpg,4517755374,128,831.5734375,624.4559375,804.5,621,44,21,void,4,class->block->function->type->name
2,31,rectangle_java2.jpg,rectangle_java2.jpg,4517887171,72,840.9933333333333,640.1255555555556,804.5,621,44,21,void,4,class->block->function->type->name
2,31,rectangle_java2.jpg,rectangle_java2.jpg,4517887171,72,840.9933333333333,640.1255555555556,851.5,621,44,21,main,4,class->block->function->name
2,31,rectangle_java2.jpg,rectangle_java2.jpg,4517979108,60,879.7433333333333,684.5646666666667,730.5,694,177,21,System.out.println,18,class->block->function->block->block_content->expr_stmt->expr->call->name->name->operator->name->operator->name
2,31,rectangle_java2.jpg,rectangle_java2.jpg,4518267316,84,1007.1404761904762,651.8680952380953,941.5,658,91,20,Rectangle,9,class->block->function->block->block_content->decl_stmt->decl->init->expr->call->name
2,31,rectangle_java2.jpg,rectangle_java2.jpg,4518351331,80,997.2155,633.642,990.5,621,10,21,[,1,class->block->function->parameter_list->parameter->decl->type->name->index
2,31,rectangle_java2.jpg,rectangle_java2.jpg,4518351331,80,997.2155,633.642,1007.5,621,10,21,],1,class->block->function->parameter_list->parameter->decl->type->name->index
2,31,rectangle_java2.jpg,rectangle_java2.jpg,4518551300,144,1118.5494444444444,670.5275,1115.5,658,10,20,",",1,class->block->function->block->block_content->decl_stmt->decl->init->expr->call->argument_list
2,31,rectangle_java2.jpg,rectangle_java2.jpg,4518667287,112,1112.5592857142858,673.9557142857143,1115.5,658,10,20,",",1,class->block->function->block->block_content->decl_stmt->decl->init->expr->call->argument_list
2,31,rectangle_java2.jpg,rectangle_java2.jpg,4518783299,92,1106.5378260869566,736.38,1095.5,731,13,20,5,1,class->block->function->block->block_content->decl_stmt->decl->init->expr->call->argument_list->argument->expr->literal
2,31,rectangle_java2.jpg,rectangle_java2.jpg,4518783299,92,1106.5378260869566,736.38,1115.5,731,10,20,",",1,class->block->function->block->block_content->decl_stmt->decl->init->expr->call->argument_list
2,31,rectangle_java2.jpg,rectangle_java2.jpg,4519023298,116,961.6586206896552,705.8641379310345,932.5,694,100,21,rect1.area,10,class->block->function->block->block_content->expr_stmt->expr->call->argument_list->argument->expr->call->name->name->operator->name
2,31,rectangle_java2.jpg,rectangle_java2.jpg,4520131179,268,965.8110447761194,693.5880597014925,932.5,694,100,21,rect1.area,10,class->block->function->block->block_content->expr_stmt->expr->call->argument_list->argument->expr->call->name->name->operator->name
2,31,rectangle_java2.jpg,rectangle_java2.jpg,4520315146,136,1069.4288235294118,735.895294117647,1057.5,731,13,20,5,1,class->block->function->block->block_content->decl_stmt->decl->init->expr->call->argument_list->argument->expr->literal
2,31,rectangle_java2.jpg,rectangle_java2.jpg,4520315146,136,1069.4288235294118,735.895294117647,1077.5,731,9,20,",",1,class->block->function->block->block_content->decl_stmt->decl->init->expr->call->argument_list
2,31,rectangle_java2.jpg,rectangle_java2.jpg,4520499134,88,1108.5872727272726,738.2209090909091,1115.5,731,10,20,",",1,class->block->function->block->block_content->decl_stmt->decl->init->expr->call->argument_list
2,31,rectangle_java2.jpg,rectangle_java2.jpg,4520559137,56,1129.107857142857,727.5221428571429,1134.5,731,22,20,10,2,class->block->function->block->block_content->decl_stmt->decl->init->expr->call->argument_list->argument->expr->literal
2,31,rectangle_java2.jpg,rectangle_java2.jpg,4520695133,92,1092.88,617.094347826087,1094.5,621,10,21,{,1,class->block->function->block
2,31,rectangle_java2.jpg,rectangle_java2.jpg,4520799137,100,1089.3812,625.7872,1094.5,621,10,21,{,1,class->block->function->block
2,31,rectangle_java2.jpg,rectangle_java2.jpg,4520887157,56,1055.6135714285715,591.1592857142857,977.5,585,101,21,this.width,10,class->block->function->block->block_content->return->expr->call->name->name->operator->name
2,31,rectangle_java2.jpg,rectangle_java2.jpg,4520999177,108,1064.6055555555556,588.4166666666666,977.5,585,101,21,this.width,10,class->block->function->block->block_content->return->expr->call->name->name->operator->name
2,31,rectangle_java2.jpg,rectangle_java2.jpg,4521359222,116,934.1493103448275,285.4906896551724,939.5,295,33,21,int,3,class->block->constructor->parameter_list->parameter->decl->type->name
2,31,rectangle_java2.jpg,rectangle_java2.jpg,4521455221,60,922.9406666666666,264.61,929.5,259,23,21,y2,2,class->block->decl_stmt->decl->name
2,31,rectangle_java2.jpg,rectangle_java2.jpg,4521695000,56,874.2407142857143,253.06,881.5,259,23,21,x2,2,class->block->decl_stmt->decl->name
2,31,rectangle_java2.jpg,rectangle_java2.jpg,4521999002,80,830.93,261.5965,833.5,259,23,21,y1,2,class->block->decl_stmt->decl->name
2,31,rectangle_java2.jpg,rectangle_java2.jpg,4522606994,192,905.766875,252.21770833333335,911.5,259,10,21,",",1,class->block->decl_stmt
2,31,rectangle_java2.jpg,rectangle_java2.jpg,4522683007,72,902.2822222222222,253.07944444444445,881.5,259,23,21,x2,2,class->block->decl_stmt->decl->name
2,31,rectangle_java2.jpg,rectangle_java2.jpg,4522683007,72,902.2822222222222,253.07944444444445,911.5,259,10,21,",",1,class->block->decl_stmt
2,31,rectangle_java2.jpg,rectangle_java2.jpg,4522795025,108,901.2951851851852,249.66370370370373,881.5,259,23,21,x2,2,class->block->decl_stmt->decl->name
2,31,rectangle_java2.jpg,rectangle_java2.jpg,4522795025,108,901.2951851851852,249.66370370370373,911.5,259,10,21,",",1,class->block->decl_stmt
2,31,rectangle_java2.jpg,rectangle_java2.jpg,4522879029,80,895.5425,269.888,881.5,259,23,21,x2,2,class->block->decl_stmt->decl->name
2,31,rectangle_java2.jpg,rectangle_java2.jpg,4523027035,144,905.7644444444444,278.7288888888889,911.5,259,10,21,",",1,class->block->decl_stmt
2,31,rectangle_java2.jpg,rectangle_java2.jpg,4523219065,60,905.672,263.1453333333333,911.5,259,10,21,",",1,class->block->decl_stmt
2,31,rectangle_java2.jpg,rectangle_java2.jpg,4523279066,56,904.7042857142857,272.7,911.5,259,10,21,",",1,class->block->decl_stmt
2,31,rectangle_java2.jpg,rectangle_java2.jpg,4523355066,72,913.46,263.19444444444446,911.5,259,10,21,",",1,class->block->decl_stmt
2,31,rectangle_java2.jpg,rectangle_java2.jpg,4523526949,92,1093.4217391304348,697.0804347826087,1096.5,694,10,21,;,1,class->block->function->block->block_content->expr_stmt
2,31,rectangle_java2.jpg,rectangle_java2.jpg,4523614862,84,1095.66,688.4709523809524,1096.5,694,10,21,;,1,class->block->function->block->block_content->expr_stmt
2,31,rectangle_java2.jpg,rectangle_java2.jpg,4523830890,212,1099.28320754717,696.4067924528302,1096.5,694,10,21,;,1,class->block->function->block->block_content->expr_stmt
2,31,rectangle_java2.jpg,rectangle_java2.jpg,4524306905,196,1105.6918367346939,691.238775510204,1096.5,694,10,21,;,1,class->block->function->block->block_content->expr_stmt
2,31,rectangle_java2.jpg,rectangle_java2.jpg,4524674879,72,1102.4655555555555,732.2705555555556,1095.5,731,13,20,5,1,class->block->function->block->block_content->decl_stmt->decl->init->expr->call->argument_list->argument->expr->literal
2,31,rectangle_java2.jpg,rectangle_java2.jpg,4524742901,64,1112.31125,733.304375,1115.5,731,10,20,",",1,class->block->function->block->block_content->decl_stmt->decl->init->expr->call->argument_list
2,31,rectangle_java2.jpg,rectangle_java2.jpg,4524962866,216,1100.5825925925926,733.7355555555556,1095.5,731,13,20,5,1,class->block->function->block->block_content->decl_stmt->decl->init->expr->call->argument_list->argument->expr->literal
2,31,rectangle_java2.jpg,rectangle_java2.jpg,4525158876,192,1105.3766666666668,728.5691666666667,1095.5,731,13,20,5,1,class->block->function->block->block_content->decl_stmt->decl->init->expr->call->argument_list->argument->expr->literal
2,31,rectangle_java2.jpg,rectangle_java2.jpg,4525158876,192,1105.3766666666668,728.5691666666667,1115.5,731,10,20,",",1,class->block->function->block->block_content->decl_stmt->decl->init->expr->call->argument_list
2,31,rectangle_java2.jpg,rectangle_java2.jpg,4525250888,88,1094.5790909090908,740.9181818181818,1095.5,731,13,20,5,1,class->block->function->block->block_content->decl_stmt->decl->init->expr->call->argument_list->argument->expr->literal
2,31,rectangle_java2.jpg,rectangle_java2.jpg,4525362926,108,1098.1751851851852,734.7514814814815,1095.5,731,13,20,5,1,class->block->function->block->block_content->decl_stmt->decl->init->expr->call->argument_list->argument->expr->literal
2,31,rectangle_java2.jpg,rectangle_java2.jpg,4525930746,88,881.7163636363637,687.3490909090909,730.5,694,177,21,System.out.println,18,class->block->function->block->block_content->expr_stmt->expr->call->name->name->operator->name->operator->name
2,31,rectangle_java2.jpg,rectangle_java2.jpg,4526022807,88,880.4718181818182,688.1490909090909,730.5,694,177,21,System.out.println,18,class->block->function->block->block_content->expr_stmt->expr->call->name->name->operator->name->operator->name
2,31,rectangle_java2.jpg,rectangle_java2.jpg,4526186824,76,902.01,776.2715789473684,730.5,766,177,21,System.out.println,18,class->block->function->block->block_content->expr_stmt->expr->call->name->name->operator->name->operator->name
2,31,rectangle_java2.jpg,rectangle_java2.jpg,4526474813,188,980.9768085106383,776.56,932.5,766,100,21,rect2.area,10,class->block->function->block->block_content->expr_stmt->expr->call->argument_list->argument->expr->call->name->name->operator->name
2,31,rectangle_java2.jpg,rectangle_java2.jpg,4527174727,92,807.4008695652174,335.3613043478261,806.5,331,15,19,=,1,class->block->constructor->block->block_content->expr_stmt->expr->operator
2,31,rectangle_java2.jpg,rectangle_java2.jpg,4527266725,88,801.3945454545454,323.2022727272727,730.5,331,71,19,this.x1,7,class->block->constructor->block->block_content->expr_stmt->expr->name->name->operator->name
2,31,rectangle_java2.jpg,rectangle_java2.jpg,4527266725,88,801.3945454545454,323.2022727272727,806.5,331,15,19,=,1,class->block->constructor->block->block_content->expr_stmt->expr->operator
2,31,rectangle_java2.jpg,rectangle_java2.jpg,4527326706,56,795.3985714285715,334.52714285714285,730.5,331,71,19,this.x1,7,class->block->constructor->block->block_content->expr_stmt->expr->name->name->operator->name
2,31,rectangle_java2.jpg,rectangle_java2.jpg,4527326706,56,795.3985714285715,334.52714285714285,806.5,331,15,19,=,1,class->block->constructor->block->block_content->expr_stmt->expr->operator
2,31,rectangle_java2.jpg,rectangle_java2.jpg,4527534534,64,929.339375,724.1525,902.5,731,34,20,new,3,class->block->function->block->block_content->decl_stmt->decl->init->expr->operator
2,31,rectangle_java2.jpg,rectangle_java2.jpg,4527534534,64,929.339375,724.1525,941.5,731,91,20,Rectangle,9,class->block->function->block->block_content->decl_stmt->decl->init->expr->call->name
2,31,rectangle_java2.jpg,rectangle_java2.jpg,4527594543,56,920.1028571428571,724.2621428571429,902.5,731,34,20,new,3,class->block->function->block->block_content->decl_stmt->decl->init->expr->operator
2,31,rectangle_java2.jpg,rectangle_java2.jpg,4527830673,120,958.9203333333334,773.437,932.5,766,100,21,rect2.area,10,class->block->function->block->block_content->expr_stmt->expr->call->argument_list->argument->expr->call->name->name->operator->name
2,31,rectangle_java2.jpg,rectangle_java2.jpg,4528110700,84,754.9371428571428,210.90571428571428,715.5,222,90,21,Rectangle,9,class->name
2,31,rectangle_java2.jpg,rectangle_java2.jpg,4528242665,72,743.5727777777778,216.04222222222222,715.5,222,90,21,Rectangle,9,class->name
2,31,rectangle_java2.jpg,rectangle_java2.jpg,4528426646,76,798.8005263157895,292.41736842105263,737.5,295,91,21,Rectangle,9,class->block->constructor->name
