trial,participant,code_file,code_language,timestamp,duration,x_cord,y_cord,aoi_x,aoi_y,aoi_width,aoi_height,token,length,srcML
2,35,rectangle_java2.jpg,rectangle_java2.jpg,16896297804,248,673.8840322580645,240.75370967741935,657.5,222,52,21,class,5,class
2,35,rectangle_java2.jpg,rectangle_java2.jpg,16896429819,104,795.1973076923077,226.615,715.5,222,90,21,Rectangle,9,class->name
2,35,rectangle_java2.jpg,rectangle_java2.jpg,16896493875,60,790.738,216.1633333333333,715.5,222,90,21,Rectangle,9,class->name
2,35,rectangle_java2.jpg,rectangle_java2.jpg,16896581952,84,789.7404761904762,218.57142857142856,715.5,222,90,21,Rectangle,9,class->name
2,35,rectangle_java2.jpg,rectangle_java2.jpg,16896837749,88,668.7504545454545,210.74818181818182,657.5,222,52,21,class,5,class
2,35,rectangle_java2.jpg,rectangle_java2.jpg,16897761702,212,746.5147169811321,242.04886792452828,715.5,222,90,21,Rectangle,9,class->name
2,35,rectangle_java2.jpg,rectangle_java2.jpg,16898233634,228,702.9847368421052,235.499649122807,657.5,222,52,21,class,5,class
2,35,rectangle_java2.jpg,rectangle_java2.jpg,16898497663,248,810.8885483870968,231.80645161290323,813.5,222,10,21,{,1,class->block
2,35,rectangle_java2.jpg,rectangle_java2.jpg,16898573642,72,787.0627777777778,236.76111111111112,715.5,222,90,21,Rectangle,9,class->name
2,35,rectangle_java2.jpg,rectangle_java2.jpg,16898869593,292,787.3779452054795,238.5204109589041,715.5,222,90,21,Rectangle,9,class->name
2,35,rectangle_java2.jpg,rectangle_java2.jpg,16899517622,176,730.6722727272727,278.1309090909091,669.5,259,72,21,private,7,class->block->decl_stmt->decl->type->specifier
2,35,rectangle_java2.jpg,rectangle_java2.jpg,16899621553,100,729.3328,269.4268,669.5,259,72,21,private,7,class->block->decl_stmt->decl->type->specifier
2,35,rectangle_java2.jpg,rectangle_java2.jpg,16899821440,164,782.5295121951219,282.5356097560976,737.5,295,91,21,Rectangle,9,class->block->constructor->name
2,35,rectangle_java2.jpg,rectangle_java2.jpg,16900097407,228,904.2866666666666,270.0477192982456,881.5,259,23,21,x2,2,class->block->decl_stmt->decl->name
2,35,rectangle_java2.jpg,rectangle_java2.jpg,16900097407,228,904.2866666666666,270.0477192982456,911.5,259,10,21,",",1,class->block->decl_stmt
2,35,rectangle_java2.jpg,rectangle_java2.jpg,16900309538,208,886.0444230769231,273.70807692307693,881.5,259,23,21,x2,2,class->block->decl_stmt->decl->name
2,35,rectangle_java2.jpg,rectangle_java2.jpg,16900497488,184,881.013695652174,271.63304347826084,881.5,259,23,21,x2,2,class->block->decl_stmt->decl->name
2,35,rectangle_java2.jpg,rectangle_java2.jpg,16900681506,164,969.7617073170732,282.9807317073171,939.5,295,33,21,int,3,class->block->constructor->parameter_list->parameter->decl->type->name
2,35,rectangle_java2.jpg,rectangle_java2.jpg,16900681506,164,969.7617073170732,282.9807317073171,977.5,295,23,21,y1,2,class->block->constructor->parameter_list->parameter->decl->type->name
2,35,rectangle_java2.jpg,rectangle_java2.jpg,16900753450,68,975.9605882352942,285.01823529411763,977.5,295,23,21,y1,2,class->block->constructor->parameter_list->parameter->decl->type->name
2,35,rectangle_java2.jpg,rectangle_java2.jpg,16901349480,304,755.7868421052632,277.78934210526313,747.5,259,33,21,int,3,class->block->decl_stmt->decl->type->name
2,35,rectangle_java2.jpg,rectangle_java2.jpg,16901561469,168,716.9738095238096,267.4347619047619,669.5,259,72,21,private,7,class->block->decl_stmt->decl->type->specifier
2,35,rectangle_java2.jpg,rectangle_java2.jpg,16901777395,188,788.4097872340426,276.02872340425535,785.5,259,23,21,x1,2,class->block->decl_stmt->decl->name
2,35,rectangle_java2.jpg,rectangle_java2.jpg,16902025396,208,725.1221153846154,225.35653846153843,715.5,222,90,21,Rectangle,9,class->name
2,35,rectangle_java2.jpg,rectangle_java2.jpg,16902697376,60,951.1173333333334,282.596,939.5,295,33,21,int,3,class->block->constructor->parameter_list->parameter->decl->type->name
2,35,rectangle_java2.jpg,rectangle_java2.jpg,16902973378,272,948.7597058823529,286.1507352941176,939.5,295,33,21,int,3,class->block->constructor->parameter_list->parameter->decl->type->name
2,35,rectangle_java2.jpg,rectangle_java2.jpg,16903093385,116,953.3262068965518,288.17931034482757,939.5,295,33,21,int,3,class->block->constructor->parameter_list->parameter->decl->type->name
2,35,rectangle_java2.jpg,rectangle_java2.jpg,16904425253,184,909.189347826087,293.37804347826085,890.5,295,24,21,x1,2,class->block->constructor->parameter_list->parameter->decl->type->name
2,35,rectangle_java2.jpg,rectangle_java2.jpg,16904425253,184,909.189347826087,293.37804347826085,921.5,295,9,21,",",1,class->block->constructor->parameter_list
2,35,rectangle_java2.jpg,rectangle_java2.jpg,16904765266,288,791.5744444444445,328.1986111111111,730.5,331,71,19,this.x1,7,class->block->constructor->block->block_content->expr_stmt->expr->name->name->operator->name
2,35,rectangle_java2.jpg,rectangle_java2.jpg,16905265218,248,787.4816129032258,320.1890322580645,730.5,331,71,19,this.x1,7,class->block->constructor->block->block_content->expr_stmt->expr->name->name->operator->name
2,35,rectangle_java2.jpg,rectangle_java2.jpg,16905652908,356,832.7426966292135,311.92483146067417,837.5,295,9,21,(,1,class->block->constructor->parameter_list
2,35,rectangle_java2.jpg,rectangle_java2.jpg,16905789123,132,837.9118181818181,308.3324242424242,837.5,295,9,21,(,1,class->block->constructor->parameter_list
2,35,rectangle_java2.jpg,rectangle_java2.jpg,16906021081,172,833.296976744186,313.3355813953488,837.5,295,9,21,(,1,class->block->constructor->parameter_list
2,35,rectangle_java2.jpg,rectangle_java2.jpg,16906161091,108,798.7640740740741,263.57703703703703,785.5,259,23,21,x1,2,class->block->decl_stmt->decl->name
2,35,rectangle_java2.jpg,rectangle_java2.jpg,16906245101,80,795.1795,256.0305,785.5,259,23,21,x1,2,class->block->decl_stmt->decl->name
2,35,rectangle_java2.jpg,rectangle_java2.jpg,16906341111,92,793.0817391304348,260.985652173913,785.5,259,23,21,x1,2,class->block->decl_stmt->decl->name
2,35,rectangle_java2.jpg,rectangle_java2.jpg,16906505115,132,872.1960606060607,279.53,863.5,259,10,21,",",1,class->block->decl_stmt
2,35,rectangle_java2.jpg,rectangle_java2.jpg,16906505115,132,872.1960606060607,279.53,881.5,259,23,21,x2,2,class->block->decl_stmt->decl->name
2,35,rectangle_java2.jpg,rectangle_java2.jpg,16906765130,256,872.28875,288.37453125,853.5,295,32,21,int,3,class->block->constructor->parameter_list->parameter->decl->type->name
2,35,rectangle_java2.jpg,rectangle_java2.jpg,16907033107,196,789.7108163265307,355.2616326530612,730.5,367,71,21,this.y1,7,class->block->constructor->block->block_content->expr_stmt->expr->name->name->operator->name
2,35,rectangle_java2.jpg,rectangle_java2.jpg,16907213070,176,787.1738636363636,343.4031818181818,730.5,331,71,19,this.x1,7,class->block->constructor->block->block_content->expr_stmt->expr->name->name->operator->name
2,35,rectangle_java2.jpg,rectangle_java2.jpg,16907401044,144,831.2616666666667,358.43888888888887,826.5,367,23,21,y1,2,class->block->constructor->block->block_content->expr_stmt->expr->name->name
2,35,rectangle_java2.jpg,rectangle_java2.jpg,16907556986,152,833.1323684210527,356.88605263157893,826.5,367,23,21,y1,2,class->block->constructor->block->block_content->expr_stmt->expr->name->name
2,35,rectangle_java2.jpg,rectangle_java2.jpg,16907728975,168,842.9569047619048,359.3804761904762,826.5,367,23,21,y1,2,class->block->constructor->block->block_content->expr_stmt->expr->name->name
2,35,rectangle_java2.jpg,rectangle_java2.jpg,16907808990,60,797.6073333333334,395.75533333333334,730.5,404,71,19,this.x2,7,class->block->constructor->block->block_content->expr_stmt->expr->name->name->operator->name
2,35,rectangle_java2.jpg,rectangle_java2.jpg,16907808990,60,797.6073333333334,395.75533333333334,806.5,404,15,19,=,1,class->block->constructor->block->block_content->expr_stmt->expr->operator
2,35,rectangle_java2.jpg,rectangle_java2.jpg,16908065035,252,792.9790476190476,397.7393650793651,730.5,404,71,19,this.x2,7,class->block->constructor->block->block_content->expr_stmt->expr->name->name->operator->name
2,35,rectangle_java2.jpg,rectangle_java2.jpg,16908441001,340,835.804,396.17423529411764,826.5,404,23,19,x2,2,class->block->constructor->block->block_content->expr_stmt->expr->name->name
2,35,rectangle_java2.jpg,rectangle_java2.jpg,16908772956,308,800.3177922077922,432.2681818181818,730.5,440,71,21,this.y2,7,class->block->constructor->block->block_content->expr_stmt->expr->name->name->operator->name
2,35,rectangle_java2.jpg,rectangle_java2.jpg,16908772956,308,800.3177922077922,432.2681818181818,806.5,440,15,21,=,1,class->block->constructor->block->block_content->expr_stmt->expr->operator
2,35,rectangle_java2.jpg,rectangle_java2.jpg,16908884959,108,806.2211111111111,432.6866666666667,806.5,440,15,21,=,1,class->block->constructor->block->block_content->expr_stmt->expr->operator
2,35,rectangle_java2.jpg,rectangle_java2.jpg,16909008960,92,743.1621739130435,516.0682608695653,737.5,512,33,21,int,3,class->block->function->type->name
2,35,rectangle_java2.jpg,rectangle_java2.jpg,16909080958,68,736.1482352941176,514.9394117647059,737.5,512,33,21,int,3,class->block->function->type->name
2,35,rectangle_java2.jpg,rectangle_java2.jpg,16909208984,124,742.1574193548387,519.0367741935484,737.5,512,33,21,int,3,class->block->function->type->name
2,35,rectangle_java2.jpg,rectangle_java2.jpg,16909272967,60,738.0166666666667,511.1053333333334,737.5,512,33,21,int,3,class->block->function->type->name
2,35,rectangle_java2.jpg,rectangle_java2.jpg,16909488687,184,787.2447826086957,502.6645652173913,775.5,512,53,21,width,5,class->block->function->name
2,35,rectangle_java2.jpg,rectangle_java2.jpg,16909636871,80,713.6445,512.8715,669.5,512,63,21,public,6,class->block->function->type->specifier
2,35,rectangle_java2.jpg,rectangle_java2.jpg,16909752907,112,717.7607142857142,509.2432142857142,669.5,512,63,21,public,6,class->block->function->type->specifier
2,35,rectangle_java2.jpg,rectangle_java2.jpg,16909988879,180,808.8157777777777,502.49,775.5,512,53,21,width,5,class->block->function->name
2,35,rectangle_java2.jpg,rectangle_java2.jpg,16910608804,112,939.3803571428572,507.34928571428577,891.5,512,62,21,return,6,class->block->function->block->block_content->return->expr->name->name
2,35,rectangle_java2.jpg,rectangle_java2.jpg,16910896840,208,1000.3203846153846,509.20596153846145,958.5,512,71,21,this.x2,7,class->block->function->block->block_content->return->expr->name->name->operator->name->operator
2,35,rectangle_java2.jpg,rectangle_java2.jpg,16911040909,140,997.668,513.9482857142857,958.5,512,71,21,this.x2,7,class->block->function->block->block_content->return->expr->name->name->operator->name->operator
2,35,rectangle_java2.jpg,rectangle_java2.jpg,16911200777,144,1068.818888888889,503.8116666666667,1054.5,512,71,21,this.x1,7,class->block->function->block->block_content->return->expr->name->name->operator->name
2,35,rectangle_java2.jpg,rectangle_java2.jpg,16912056704,232,1107.7963793103447,503.52310344827583,1054.5,512,71,21,this.x1,7,class->block->function->block->block_content->return->expr->name->name->operator->name
2,35,rectangle_java2.jpg,rectangle_java2.jpg,16912340735,260,1004.436,504.82630769230764,958.5,512,71,21,this.x2,7,class->block->function->block->block_content->return->expr->name->name->operator->name->operator
2,35,rectangle_java2.jpg,rectangle_java2.jpg,16912616717,252,739.9331746031746,550.9801587301588,737.5,549,33,21,int,3,class->block->function->type->name
2,35,rectangle_java2.jpg,rectangle_java2.jpg,16912780702,148,816.9913513513513,545.2745945945946,775.5,549,62,21,height,6,class->block->function->name
2,35,rectangle_java2.jpg,rectangle_java2.jpg,16912888686,104,816.3015384615385,546.9284615384615,775.5,549,62,21,height,6,class->block->function->name
2,35,rectangle_java2.jpg,rectangle_java2.jpg,16913300609,376,781.3105319148937,576.1062765957447,737.5,585,62,21,double,6,class->block->function->type->name
2,35,rectangle_java2.jpg,rectangle_java2.jpg,16913452609,148,762.9872972972973,583.477027027027,737.5,585,62,21,double,6,class->block->function->type->name
2,35,rectangle_java2.jpg,rectangle_java2.jpg,16913760579,288,1013.2195833333333,560.0965277777777,968.5,549,70,21,this.y2,7,class->block->function->block->block_content->return->expr->name->name->operator->name
2,35,rectangle_java2.jpg,rectangle_java2.jpg,16914056578,240,1101.5631666666666,542.2671666666666,1064.5,549,71,21,this.y1,7,class->block->function->block->block_content->return->expr->name->name->operator->name
2,35,rectangle_java2.jpg,rectangle_java2.jpg,16914132574,72,1099.84,552.9938888888889,1064.5,549,71,21,this.y1,7,class->block->function->block->block_content->return->expr->name->name->operator->name
2,35,rectangle_java2.jpg,rectangle_java2.jpg,16914300563,116,1002.7689655172413,549.7041379310344,968.5,549,70,21,this.y2,7,class->block->function->block->block_content->return->expr->name->name->operator->name
2,35,rectangle_java2.jpg,rectangle_java2.jpg,16914436571,116,773.7772413793103,577.6962068965518,737.5,585,62,21,double,6,class->block->function->type->name
2,35,rectangle_java2.jpg,rectangle_java2.jpg,16914564608,124,771.7187096774194,583.4248387096774,737.5,585,62,21,double,6,class->block->function->type->name
2,35,rectangle_java2.jpg,rectangle_java2.jpg,16914724652,156,772.9102564102564,592.1817948717949,737.5,585,62,21,double,6,class->block->function->type->name
2,35,rectangle_java2.jpg,rectangle_java2.jpg,16915172312,416,717.4556730769231,590.1975961538461,669.5,585,63,21,public,6,class->block->function->type->specifier
2,35,rectangle_java2.jpg,rectangle_java2.jpg,16915424411,240,821.7498333333333,583.899,804.5,585,43,21,area,4,class->block->function->name
2,35,rectangle_java2.jpg,rectangle_java2.jpg,16915552422,116,999.6462068965517,589.6775862068965,977.5,585,101,21,this.width,10,class->block->function->block->block_content->return->expr->call->name->name->operator->name
2,35,rectangle_java2.jpg,rectangle_java2.jpg,16915832380,276,1000.5221739130435,592.0302898550725,977.5,585,101,21,this.width,10,class->block->function->block->block_content->return->expr->call->name->name->operator->name
2,35,rectangle_java2.jpg,rectangle_java2.jpg,16915996336,144,1060.8986111111112,594.3938888888889,977.5,585,101,21,this.width,10,class->block->function->block->block_content->return->expr->call->name->name->operator->name
2,35,rectangle_java2.jpg,rectangle_java2.jpg,16916116390,116,1058.7089655172415,591.55,977.5,585,101,21,this.width,10,class->block->function->block->block_content->return->expr->call->name->name->operator->name
2,35,rectangle_java2.jpg,rectangle_java2.jpg,16916188440,60,1182.9186666666667,585.0213333333334,1140.5,585,110,21,this.height,11,class->block->function->block->block_content->return->expr->call->name->name->operator->name
2,35,rectangle_java2.jpg,rectangle_java2.jpg,16916396443,204,1190.9943137254902,581.0966666666667,1140.5,585,110,21,this.height,11,class->block->function->block->block_content->return->expr->call->name->name->operator->name
2,35,rectangle_java2.jpg,rectangle_java2.jpg,16916644440,224,1135.3023214285715,582.9603571428571,1140.5,585,110,21,this.height,11,class->block->function->block->block_content->return->expr->call->name->name->operator->name
2,35,rectangle_java2.jpg,rectangle_java2.jpg,16916848489,192,1245.5752083333334,597.2454166666666,1140.5,585,110,21,this.height,11,class->block->function->block->block_content->return->expr->call->name->name->operator->name
2,35,rectangle_java2.jpg,rectangle_java2.jpg,16917088437,180,809.5164444444445,645.5731111111111,730.5,658,91,20,Rectangle,9,class->block->function->block->block_content->decl_stmt->decl->type->name
2,35,rectangle_java2.jpg,rectangle_java2.jpg,16917468283,360,729.9764444444445,631.9937777777777,669.5,621,63,21,public,6,class->block->function->type->specifier
2,35,rectangle_java2.jpg,rectangle_java2.jpg,16917468283,360,729.9764444444445,631.9937777777777,738.5,621,61,21,static,6,class->block->function->type->specifier
2,35,rectangle_java2.jpg,rectangle_java2.jpg,16917668305,196,729.2365306122449,627.8704081632653,669.5,621,63,21,public,6,class->block->function->type->specifier
2,35,rectangle_java2.jpg,rectangle_java2.jpg,16917668305,196,729.2365306122449,627.8704081632653,738.5,621,61,21,static,6,class->block->function->type->specifier
2,35,rectangle_java2.jpg,rectangle_java2.jpg,16917780317,96,844.79,620.01875,804.5,621,44,21,void,4,class->block->function->type->name
2,35,rectangle_java2.jpg,rectangle_java2.jpg,16917780317,96,844.79,620.01875,851.5,621,44,21,main,4,class->block->function->name
2,35,rectangle_java2.jpg,rectangle_java2.jpg,16917928358,144,849.3519444444445,617.1116666666667,851.5,621,44,21,main,4,class->block->function->name
2,35,rectangle_java2.jpg,rectangle_java2.jpg,16918312291,364,968.4997802197802,617.8575824175824,920.5,621,62,21,String,6,class->block->function->parameter_list->parameter->decl->type->name->name
2,35,rectangle_java2.jpg,rectangle_java2.jpg,16918644315,288,833.8016666666666,620.0819444444444,804.5,621,44,21,void,4,class->block->function->type->name
2,35,rectangle_java2.jpg,rectangle_java2.jpg,16918888256,180,982.2755555555556,624.6513333333334,920.5,621,62,21,String,6,class->block->function->parameter_list->parameter->decl->type->name->name
2,35,rectangle_java2.jpg,rectangle_java2.jpg,16918888256,180,982.2755555555556,624.6513333333334,990.5,621,10,21,[,1,class->block->function->parameter_list->parameter->decl->type->name->index
2,35,rectangle_java2.jpg,rectangle_java2.jpg,16919075979,184,964.4854347826086,626.0030434782609,920.5,621,62,21,String,6,class->block->function->parameter_list->parameter->decl->type->name->name
2,35,rectangle_java2.jpg,rectangle_java2.jpg,16919432148,324,1035.0695061728395,630.437037037037,1025.5,621,42,21,args,4,class->block->function->parameter_list->parameter->decl->name
2,35,rectangle_java2.jpg,rectangle_java2.jpg,16919684195,248,1006.9670967741936,626.3622580645161,1007.5,621,10,21,],1,class->block->function->parameter_list->parameter->decl->type->name->index
2,35,rectangle_java2.jpg,rectangle_java2.jpg,16919828273,140,1007.7634285714286,632.1985714285714,1007.5,621,10,21,],1,class->block->function->parameter_list->parameter->decl->type->name->index
2,35,rectangle_java2.jpg,rectangle_java2.jpg,16919908264,68,855.1135294117647,654.3305882352942,826.5,658,52,20,rect1,5,class->block->function->block->block_content->decl_stmt->decl->name
2,35,rectangle_java2.jpg,rectangle_java2.jpg,16920108209,196,850.1285714285714,659.1869387755102,826.5,658,52,20,rect1,5,class->block->function->block->block_content->decl_stmt->decl->name
2,35,rectangle_java2.jpg,rectangle_java2.jpg,16920392196,264,772.7022727272728,676.5398484848484,730.5,658,91,20,Rectangle,9,class->block->function->block->block_content->decl_stmt->decl->type->name
2,35,rectangle_java2.jpg,rectangle_java2.jpg,16920644200,176,847.285,669.2531818181818,826.5,658,52,20,rect1,5,class->block->function->block->block_content->decl_stmt->decl->name
2,35,rectangle_java2.jpg,rectangle_java2.jpg,16920716200,60,954.7973333333333,659.1606666666667,941.5,658,91,20,Rectangle,9,class->block->function->block->block_content->decl_stmt->decl->init->expr->call->name
2,35,rectangle_java2.jpg,rectangle_java2.jpg,16920979929,260,952.6049230769231,655.5470769230769,941.5,658,91,20,Rectangle,9,class->block->function->block->block_content->decl_stmt->decl->init->expr->call->name
2,35,rectangle_java2.jpg,rectangle_java2.jpg,16921059931,68,1119.8335294117646,663.3211764705883,1115.5,658,10,20,",",1,class->block->function->block->block_content->decl_stmt->decl->init->expr->call->argument_list
2,35,rectangle_java2.jpg,rectangle_java2.jpg,16921380084,316,1125.465569620253,665.2096202531645,1115.5,658,10,20,",",1,class->block->function->block->block_content->decl_stmt->decl->init->expr->call->argument_list
2,35,rectangle_java2.jpg,rectangle_java2.jpg,16921380084,316,1125.465569620253,665.2096202531645,1134.5,658,22,20,10,2,class->block->function->block->block_content->decl_stmt->decl->init->expr->call->argument_list->argument->expr->literal
2,35,rectangle_java2.jpg,rectangle_java2.jpg,16921620120,196,831.2357142857143,705.4712244897959,730.5,694,177,21,System.out.println,18,class->block->function->block->block_content->expr_stmt->expr->call->name->name->operator->name->operator->name
2,35,rectangle_java2.jpg,rectangle_java2.jpg,16921860078,200,771.6462,706.761,730.5,694,177,21,System.out.println,18,class->block->function->block->block_content->expr_stmt->expr->call->name->name->operator->name->operator->name
2,35,rectangle_java2.jpg,rectangle_java2.jpg,16922064071,192,925.475,702.8716666666667,916.5,694,9,21,(,1,class->block->function->block->block_content->expr_stmt->expr->call->argument_list
2,35,rectangle_java2.jpg,rectangle_java2.jpg,16922064071,192,925.475,702.8716666666667,932.5,694,100,21,rect1.area,10,class->block->function->block->block_content->expr_stmt->expr->call->argument_list->argument->expr->call->name->name->operator->name
2,35,rectangle_java2.jpg,rectangle_java2.jpg,16922428028,316,986.0313924050633,698.6615189873418,932.5,694,100,21,rect1.area,10,class->block->function->block->block_content->expr_stmt->expr->call->argument_list->argument->expr->call->name->name->operator->name
2,35,rectangle_java2.jpg,rectangle_java2.jpg,16922524026,92,965.5495652173913,702.5539130434782,932.5,694,100,21,rect1.area,10,class->block->function->block->block_content->expr_stmt->expr->call->argument_list->argument->expr->call->name->name->operator->name
2,35,rectangle_java2.jpg,rectangle_java2.jpg,16922648013,100,959.6196,699.6212,932.5,694,100,21,rect1.area,10,class->block->function->block->block_content->expr_stmt->expr->call->argument_list->argument->expr->call->name->name->operator->name
2,35,rectangle_java2.jpg,rectangle_java2.jpg,16922723959,60,959.5206666666667,700.4726666666667,932.5,694,100,21,rect1.area,10,class->block->function->block->block_content->expr_stmt->expr->call->argument_list->argument->expr->call->name->name->operator->name
2,35,rectangle_java2.jpg,rectangle_java2.jpg,16922791913,64,958.7275,700.225625,932.5,694,100,21,rect1.area,10,class->block->function->block->block_content->expr_stmt->expr->call->argument_list->argument->expr->call->name->name->operator->name
2,35,rectangle_java2.jpg,rectangle_java2.jpg,16922859888,64,958.360625,698.980625,932.5,694,100,21,rect1.area,10,class->block->function->block->block_content->expr_stmt->expr->call->argument_list->argument->expr->call->name->name->operator->name
2,35,rectangle_java2.jpg,rectangle_java2.jpg,16922919894,56,956.5978571428572,696.43,932.5,694,100,21,rect1.area,10,class->block->function->block->block_content->expr_stmt->expr->call->argument_list->argument->expr->call->name->name->operator->name
2,35,rectangle_java2.jpg,rectangle_java2.jpg,16926039736,76,1022.4810526315789,520.81,958.5,512,71,21,this.x2,7,class->block->function->block->block_content->return->expr->name->name->operator->name->operator
2,35,rectangle_java2.jpg,rectangle_java2.jpg,16926227772,176,1022.8779545454546,524.228409090909,958.5,512,71,21,this.x2,7,class->block->function->block->block_content->return->expr->name->name->operator->name->operator
2,35,rectangle_java2.jpg,rectangle_java2.jpg,16926347808,116,936.3227586206897,525.7275862068966,891.5,512,62,21,return,6,class->block->function->block->block_content->return->expr->name->name
2,35,rectangle_java2.jpg,rectangle_java2.jpg,16926447778,56,932.3821428571429,531.1978571428572,891.5,512,62,21,return,6,class->block->function->block->block_content->return->expr->name->name
2,35,rectangle_java2.jpg,rectangle_java2.jpg,16926583664,124,781.2951612903225,543.0748387096775,775.5,549,62,21,height,6,class->block->function->name
2,35,rectangle_java2.jpg,rectangle_java2.jpg,16926731645,144,782.1538888888889,551.0672222222222,775.5,549,62,21,height,6,class->block->function->name
2,35,rectangle_java2.jpg,rectangle_java2.jpg,16926927659,144,1137.003611111111,603.2591666666667,1140.5,585,110,21,this.height,11,class->block->function->block->block_content->return->expr->call->name->name->operator->name
2,35,rectangle_java2.jpg,rectangle_java2.jpg,16926987666,56,1136.7028571428573,599.1771428571428,1140.5,585,110,21,this.height,11,class->block->function->block->block_content->return->expr->call->name->name->operator->name
2,35,rectangle_java2.jpg,rectangle_java2.jpg,16927223615,208,1187.8361538461538,594.4411538461538,1140.5,585,110,21,this.height,11,class->block->function->block->block_content->return->expr->call->name->name->operator->name
2,35,rectangle_java2.jpg,rectangle_java2.jpg,16927535666,300,991.8496,579.5344,977.5,585,101,21,this.width,10,class->block->function->block->block_content->return->expr->call->name->name->operator->name
2,35,rectangle_java2.jpg,rectangle_java2.jpg,16928683380,76,1106.4957894736842,654.1842105263158,1095.5,658,13,20,0,1,class->block->function->block->block_content->decl_stmt->decl->init->expr->call->argument_list->argument->expr->literal
2,35,rectangle_java2.jpg,rectangle_java2.jpg,16928683380,76,1106.4957894736842,654.1842105263158,1115.5,658,10,20,",",1,class->block->function->block->block_content->decl_stmt->decl->init->expr->call->argument_list
2,35,rectangle_java2.jpg,rectangle_java2.jpg,16928867591,56,1108.3292857142858,646.8792857142857,1095.5,658,13,20,0,1,class->block->function->block->block_content->decl_stmt->decl->init->expr->call->argument_list->argument->expr->literal
2,35,rectangle_java2.jpg,rectangle_java2.jpg,16928867591,56,1108.3292857142858,646.8792857142857,1115.5,658,10,20,",",1,class->block->function->block->block_content->decl_stmt->decl->init->expr->call->argument_list
2,35,rectangle_java2.jpg,rectangle_java2.jpg,16929107528,84,1152.7209523809524,652.1938095238095,1134.5,658,22,20,10,2,class->block->function->block->block_content->decl_stmt->decl->init->expr->call->argument_list->argument->expr->literal
2,35,rectangle_java2.jpg,rectangle_java2.jpg,16929107528,84,1152.7209523809524,652.1938095238095,1163.5,658,10,20,",",1,class->block->function->block->block_content->decl_stmt->decl->init->expr->call->argument_list
2,35,rectangle_java2.jpg,rectangle_java2.jpg,16929211525,100,1152.956,672.5084,1134.5,658,22,20,10,2,class->block->function->block->block_content->decl_stmt->decl->init->expr->call->argument_list->argument->expr->literal
2,35,rectangle_java2.jpg,rectangle_java2.jpg,16929211525,100,1152.956,672.5084,1163.5,658,10,20,",",1,class->block->function->block->block_content->decl_stmt->decl->init->expr->call->argument_list
2,35,rectangle_java2.jpg,rectangle_java2.jpg,16930015502,96,888.9504166666667,252.73708333333332,881.5,259,23,21,x2,2,class->block->decl_stmt->decl->name
2,35,rectangle_java2.jpg,rectangle_java2.jpg,16931131368,460,1129.7847826086957,654.7553913043478,1134.5,658,22,20,10,2,class->block->function->block->block_content->decl_stmt->decl->init->expr->call->argument_list->argument->expr->literal
2,35,rectangle_java2.jpg,rectangle_java2.jpg,16931279364,116,1199.7844827586207,659.653448275862,1182.5,658,22,20,10,2,class->block->function->block->block_content->decl_stmt->decl->init->expr->call->argument_list->argument->expr->literal
2,35,rectangle_java2.jpg,rectangle_java2.jpg,16931279364,116,1199.7844827586207,659.653448275862,1211.5,658,9,20,),1,class->block->function->block->block_content->decl_stmt->decl->init->expr->call->argument_list
2,35,rectangle_java2.jpg,rectangle_java2.jpg,16931427307,144,1190.2097222222221,646.4,1182.5,658,22,20,10,2,class->block->function->block->block_content->decl_stmt->decl->init->expr->call->argument_list->argument->expr->literal
2,35,rectangle_java2.jpg,rectangle_java2.jpg,16931735325,292,1098.912602739726,655.0438356164384,1095.5,658,13,20,0,1,class->block->function->block->block_content->decl_stmt->decl->init->expr->call->argument_list->argument->expr->literal
2,35,rectangle_java2.jpg,rectangle_java2.jpg,16932003367,264,1092.5584848484848,651.8157575757576,1095.5,658,13,20,0,1,class->block->function->block->block_content->decl_stmt->decl->init->expr->call->argument_list->argument->expr->literal
2,35,rectangle_java2.jpg,rectangle_java2.jpg,16932211375,172,1023.8116279069767,698.0706976744186,932.5,694,100,21,rect1.area,10,class->block->function->block->block_content->expr_stmt->expr->call->argument_list->argument->expr->call->name->name->operator->name
2,35,rectangle_java2.jpg,rectangle_java2.jpg,16932499254,224,958.4803571428571,702.6348214285714,932.5,694,100,21,rect1.area,10,class->block->function->block->block_content->expr_stmt->expr->call->argument_list->argument->expr->call->name->name->operator->name
2,35,rectangle_java2.jpg,rectangle_java2.jpg,16932687236,144,950.6744444444445,756.4266666666666,932.5,766,100,21,rect2.area,10,class->block->function->block->block_content->expr_stmt->expr->call->argument_list->argument->expr->call->name->name->operator->name
2,35,rectangle_java2.jpg,rectangle_java2.jpg,16932827220,128,778.2984375,754.36125,730.5,766,177,21,System.out.println,18,class->block->function->block->block_content->expr_stmt->expr->call->name->name->operator->name->operator->name
2,35,rectangle_java2.jpg,rectangle_java2.jpg,16932951210,96,1171.3541666666667,743.8454166666667,1163.5,731,10,20,",",1,class->block->function->block->block_content->decl_stmt->decl->init->expr->call->argument_list
2,35,rectangle_java2.jpg,rectangle_java2.jpg,16932951210,96,1171.3541666666667,743.8454166666667,1182.5,731,22,20,10,2,class->block->function->block->block_content->decl_stmt->decl->init->expr->call->argument_list->argument->expr->literal
2,35,rectangle_java2.jpg,rectangle_java2.jpg,16933059225,104,1170.095,746.6507692307692,1163.5,731,10,20,",",1,class->block->function->block->block_content->decl_stmt->decl->init->expr->call->argument_list
2,35,rectangle_java2.jpg,rectangle_java2.jpg,16933059225,104,1170.095,746.6507692307692,1182.5,731,22,20,10,2,class->block->function->block->block_content->decl_stmt->decl->init->expr->call->argument_list->argument->expr->literal
2,35,rectangle_java2.jpg,rectangle_java2.jpg,16933143237,56,1121.6471428571429,746.6035714285714,1115.5,731,10,20,",",1,class->block->function->block->block_content->decl_stmt->decl->init->expr->call->argument_list
2,35,rectangle_java2.jpg,rectangle_java2.jpg,16933219254,72,1119.2516666666666,749.985,1115.5,731,10,20,",",1,class->block->function->block->block_content->decl_stmt->decl->init->expr->call->argument_list
2,35,rectangle_java2.jpg,rectangle_java2.jpg,16933435255,72,1158.0866666666666,741.0044444444444,1163.5,731,10,20,",",1,class->block->function->block->block_content->decl_stmt->decl->init->expr->call->argument_list
2,35,rectangle_java2.jpg,rectangle_java2.jpg,16933527203,80,1156.2005,737.7040000000001,1134.5,731,22,20,10,2,class->block->function->block->block_content->decl_stmt->decl->init->expr->call->argument_list->argument->expr->literal
2,35,rectangle_java2.jpg,rectangle_java2.jpg,16933527203,80,1156.2005,737.7040000000001,1163.5,731,10,20,",",1,class->block->function->block->block_content->decl_stmt->decl->init->expr->call->argument_list
2,35,rectangle_java2.jpg,rectangle_java2.jpg,16933611163,80,1150.65,735.694,1134.5,731,22,20,10,2,class->block->function->block->block_content->decl_stmt->decl->init->expr->call->argument_list->argument->expr->literal
2,35,rectangle_java2.jpg,rectangle_java2.jpg,16933711172,96,1140.2645833333333,733.7641666666667,1134.5,731,22,20,10,2,class->block->function->block->block_content->decl_stmt->decl->init->expr->call->argument_list->argument->expr->literal
2,35,rectangle_java2.jpg,rectangle_java2.jpg,16933891256,168,1130.4907142857141,729.1954761904761,1134.5,731,22,20,10,2,class->block->function->block->block_content->decl_stmt->decl->init->expr->call->argument_list->argument->expr->literal
2,35,rectangle_java2.jpg,rectangle_java2.jpg,16934099253,204,1119.5217647058823,729.7411764705882,1115.5,731,10,20,",",1,class->block->function->block->block_content->decl_stmt->decl->init->expr->call->argument_list
2,35,rectangle_java2.jpg,rectangle_java2.jpg,16934187215,60,1105.7153333333333,735.8993333333334,1095.5,731,13,20,5,1,class->block->function->block->block_content->decl_stmt->decl->init->expr->call->argument_list->argument->expr->literal
2,35,rectangle_java2.jpg,rectangle_java2.jpg,16934187215,60,1105.7153333333333,735.8993333333334,1115.5,731,10,20,",",1,class->block->function->block->block_content->decl_stmt->decl->init->expr->call->argument_list
2,35,rectangle_java2.jpg,rectangle_java2.jpg,16934415124,84,1140.5795238095238,731.5990476190476,1134.5,731,22,20,10,2,class->block->function->block->block_content->decl_stmt->decl->init->expr->call->argument_list->argument->expr->literal
2,35,rectangle_java2.jpg,rectangle_java2.jpg,16934679101,240,1072.146,730.3353333333333,1077.5,731,9,20,",",1,class->block->function->block->block_content->decl_stmt->decl->init->expr->call->argument_list
2,35,rectangle_java2.jpg,rectangle_java2.jpg,16934755087,72,1065.6361111111112,731.0788888888889,1057.5,731,13,20,5,1,class->block->function->block->block_content->decl_stmt->decl->init->expr->call->argument_list->argument->expr->literal
2,35,rectangle_java2.jpg,rectangle_java2.jpg,16934755087,72,1065.6361111111112,731.0788888888889,1077.5,731,9,20,",",1,class->block->function->block->block_content->decl_stmt->decl->init->expr->call->argument_list
2,35,rectangle_java2.jpg,rectangle_java2.jpg,16935319163,236,1019.9371186440678,604.7008474576271,977.5,585,101,21,this.width,10,class->block->function->block->block_content->return->expr->call->name->name->operator->name
2,35,rectangle_java2.jpg,rectangle_java2.jpg,16935387190,64,1016.121875,561.170625,968.5,549,70,21,this.y2,7,class->block->function->block->block_content->return->expr->name->name->operator->name
2,35,rectangle_java2.jpg,rectangle_java2.jpg,16935579187,188,1008.3282978723404,565.3542553191489,968.5,549,70,21,this.y2,7,class->block->function->block->block_content->return->expr->name->name->operator->name
2,35,rectangle_java2.jpg,rectangle_java2.jpg,16935687131,88,1056.775909090909,530.699090909091,1054.5,512,71,21,this.x1,7,class->block->function->block->block_content->return->expr->name->name->operator->name
2,35,rectangle_java2.jpg,rectangle_java2.jpg,16935835134,68,1013.6988235294118,508.8705882352941,958.5,512,71,21,this.x2,7,class->block->function->block->block_content->return->expr->name->name->operator->name->operator
2,35,rectangle_java2.jpg,rectangle_java2.jpg,16936035129,80,998.6495,523.4095,958.5,512,71,21,this.x2,7,class->block->function->block->block_content->return->expr->name->name->operator->name->operator
2,35,rectangle_java2.jpg,rectangle_java2.jpg,16936223042,80,979.4995,526.149,958.5,512,71,21,this.x2,7,class->block->function->block->block_content->return->expr->name->name->operator->name->operator
2,35,rectangle_java2.jpg,rectangle_java2.jpg,16936382980,112,1055.2907142857143,529.1635714285715,1054.5,512,71,21,this.x1,7,class->block->function->block->block_content->return->expr->name->name->operator->name
2,35,rectangle_java2.jpg,rectangle_java2.jpg,16936514955,80,1064.7625,530.608,1054.5,512,71,21,this.x1,7,class->block->function->block->block_content->return->expr->name->name->operator->name
2,35,rectangle_java2.jpg,rectangle_java2.jpg,16936995026,184,1076.2908695652175,724.0858695652174,1077.5,731,9,20,",",1,class->block->function->block->block_content->decl_stmt->decl->init->expr->call->argument_list
2,35,rectangle_java2.jpg,rectangle_java2.jpg,16937218981,108,1113.5566666666666,730.7770370370371,1115.5,731,10,20,",",1,class->block->function->block->block_content->decl_stmt->decl->init->expr->call->argument_list
2,35,rectangle_java2.jpg,rectangle_java2.jpg,16937386979,144,1118.911388888889,722.4797222222222,1115.5,731,10,20,",",1,class->block->function->block->block_content->decl_stmt->decl->init->expr->call->argument_list
2,35,rectangle_java2.jpg,rectangle_java2.jpg,16938374813,60,1028.2473333333332,769.0913333333333,932.5,766,100,21,rect2.area,10,class->block->function->block->block_content->expr_stmt->expr->call->argument_list->argument->expr->call->name->name->operator->name
2,35,rectangle_java2.jpg,rectangle_java2.jpg,16938782887,80,1110.0555,723.106,1115.5,731,10,20,",",1,class->block->function->block->block_content->decl_stmt->decl->init->expr->call->argument_list
2,35,rectangle_java2.jpg,rectangle_java2.jpg,16938842895,56,1088.5057142857142,725.7214285714285,1095.5,731,13,20,5,1,class->block->function->block->block_content->decl_stmt->decl->init->expr->call->argument_list->argument->expr->literal
2,35,rectangle_java2.jpg,rectangle_java2.jpg,16938966905,120,1097.0513333333333,738.5256666666667,1095.5,731,13,20,5,1,class->block->function->block->block_content->decl_stmt->decl->init->expr->call->argument_list->argument->expr->literal
2,35,rectangle_java2.jpg,rectangle_java2.jpg,16939086881,116,1090.794827586207,737.8220689655172,1095.5,731,13,20,5,1,class->block->function->block->block_content->decl_stmt->decl->init->expr->call->argument_list->argument->expr->literal
2,35,rectangle_java2.jpg,rectangle_java2.jpg,16939202857,112,1087.0635714285713,726.3860714285714,1095.5,731,13,20,5,1,class->block->function->block->block_content->decl_stmt->decl->init->expr->call->argument_list->argument->expr->literal
2,35,rectangle_java2.jpg,rectangle_java2.jpg,16939370817,164,1095.6921951219513,732.7170731707317,1095.5,731,13,20,5,1,class->block->function->block->block_content->decl_stmt->decl->init->expr->call->argument_list->argument->expr->literal
2,35,rectangle_java2.jpg,rectangle_java2.jpg,16939462797,88,1097.111818181818,732.3790909090909,1095.5,731,13,20,5,1,class->block->function->block->block_content->decl_stmt->decl->init->expr->call->argument_list->argument->expr->literal
2,35,rectangle_java2.jpg,rectangle_java2.jpg,16939654808,68,1144.774705882353,723.2341176470588,1134.5,731,22,20,10,2,class->block->function->block->block_content->decl_stmt->decl->init->expr->call->argument_list->argument->expr->literal
2,35,rectangle_java2.jpg,rectangle_java2.jpg,16939718822,60,1155.25,732.6713333333333,1134.5,731,22,20,10,2,class->block->function->block->block_content->decl_stmt->decl->init->expr->call->argument_list->argument->expr->literal
2,35,rectangle_java2.jpg,rectangle_java2.jpg,16939718822,60,1155.25,732.6713333333333,1163.5,731,10,20,",",1,class->block->function->block->block_content->decl_stmt->decl->init->expr->call->argument_list
2,35,rectangle_java2.jpg,rectangle_java2.jpg,16940410723,180,988.0468888888889,729.8448888888889,941.5,731,91,20,Rectangle,9,class->block->function->block->block_content->decl_stmt->decl->init->expr->call->name
2,35,rectangle_java2.jpg,rectangle_java2.jpg,16940474719,60,978.1593333333333,729.4946666666667,941.5,731,91,20,Rectangle,9,class->block->function->block->block_content->decl_stmt->decl->init->expr->call->name
2,35,rectangle_java2.jpg,rectangle_java2.jpg,16940606750,80,981.189,734.398,941.5,731,91,20,Rectangle,9,class->block->function->block->block_content->decl_stmt->decl->init->expr->call->name
2,35,rectangle_java2.jpg,rectangle_java2.jpg,16940866731,68,806.7064705882353,374.9935294117647,806.5,367,15,21,=,1,class->block->constructor->block->block_content->expr_stmt->expr->operator
2,35,rectangle_java2.jpg,rectangle_java2.jpg,16941094753,128,676.084375,799.2465625,672.5,804,10,18,},1,class->block->function->block
2,35,rectangle_java2.jpg,rectangle_java2.jpg,16941246732,56,850.4135714285715,345.82642857142855,856.5,331,10,19,;,1,class->block->constructor->block->block_content->expr_stmt
2,35,rectangle_java2.jpg,rectangle_java2.jpg,16941398755,64,848.0775,336.184375,826.5,331,23,19,x1,2,class->block->constructor->block->block_content->expr_stmt->expr->name->name
2,35,rectangle_java2.jpg,rectangle_java2.jpg,16941398755,64,848.0775,336.184375,856.5,331,10,19,;,1,class->block->constructor->block->block_content->expr_stmt
2,35,rectangle_java2.jpg,rectangle_java2.jpg,16941678763,248,755.7683870967742,276.72725806451615,747.5,259,33,21,int,3,class->block->decl_stmt->decl->type->name
2,35,rectangle_java2.jpg,rectangle_java2.jpg,16941778761,96,759.6954166666667,265.3308333333333,747.5,259,33,21,int,3,class->block->decl_stmt->decl->type->name
