trial,participant,code_file,code_language,timestamp,duration,x_cord,y_cord,aoi_x,aoi_y,aoi_width,aoi_height,token,length,srcML
2,41,rectangle_java2.jpg,rectangle_java2.jpg,10755321188,116,785.8348275862069,260.69206896551725,785.5,259,23,21,x1,2,class->block->decl_stmt->decl->name
2,41,rectangle_java2.jpg,rectangle_java2.jpg,10755677129,56,787.7964285714286,224.57642857142855,715.5,222,90,21,Rectangle,9,class->name
2,41,rectangle_java2.jpg,rectangle_java2.jpg,10755913047,88,703.1236363636364,262.53545454545457,669.5,259,72,21,private,7,class->block->decl_stmt->decl->type->specifier
2,41,rectangle_java2.jpg,rectangle_java2.jpg,10756013100,96,701.29375,268.49541666666664,669.5,259,72,21,private,7,class->block->decl_stmt->decl->type->specifier
2,41,rectangle_java2.jpg,rectangle_java2.jpg,10756157147,140,707.8105714285714,259.52,669.5,259,72,21,private,7,class->block->decl_stmt->decl->type->specifier
2,41,rectangle_java2.jpg,rectangle_java2.jpg,10756269129,60,740.1626666666666,257.74533333333335,669.5,259,72,21,private,7,class->block->decl_stmt->decl->type->specifier
2,41,rectangle_java2.jpg,rectangle_java2.jpg,10756269129,60,740.1626666666666,257.74533333333335,747.5,259,33,21,int,3,class->block->decl_stmt->decl->type->name
2,41,rectangle_java2.jpg,rectangle_java2.jpg,10756441139,168,744.0838095238096,260.1816666666667,747.5,259,33,21,int,3,class->block->decl_stmt->decl->type->name
2,41,rectangle_java2.jpg,rectangle_java2.jpg,10756729137,72,767.848888888889,672.4838888888889,730.5,658,91,20,Rectangle,9,class->block->function->block->block_content->decl_stmt->decl->type->name
2,41,rectangle_java2.jpg,rectangle_java2.jpg,10757181090,164,751.2721951219512,211.22829268292685,715.5,222,90,21,Rectangle,9,class->name
2,41,rectangle_java2.jpg,rectangle_java2.jpg,10757348980,72,765.2961111111111,287.5155555555556,737.5,295,91,21,Rectangle,9,class->block->constructor->name
2,41,rectangle_java2.jpg,rectangle_java2.jpg,10757513005,68,747.9788235294118,284.8976470588235,737.5,295,91,21,Rectangle,9,class->block->constructor->name
2,41,rectangle_java2.jpg,rectangle_java2.jpg,10757641007,124,743.8112903225806,289.45709677419353,737.5,295,91,21,Rectangle,9,class->block->constructor->name
2,41,rectangle_java2.jpg,rectangle_java2.jpg,10757793022,60,813.9646666666666,287.7593333333333,737.5,295,91,21,Rectangle,9,class->block->constructor->name
2,41,rectangle_java2.jpg,rectangle_java2.jpg,10757945046,148,806.4427027027027,305.14405405405404,737.5,295,91,21,Rectangle,9,class->block->constructor->name
2,41,rectangle_java2.jpg,rectangle_java2.jpg,10758045004,96,817.7108333333333,304.17375,737.5,295,91,21,Rectangle,9,class->block->constructor->name
2,41,rectangle_java2.jpg,rectangle_java2.jpg,10758108975,60,805.6473333333333,295.05333333333334,737.5,295,91,21,Rectangle,9,class->block->constructor->name
2,41,rectangle_java2.jpg,rectangle_java2.jpg,10758228995,60,762.6773333333333,287.3313333333333,737.5,295,91,21,Rectangle,9,class->block->constructor->name
2,41,rectangle_java2.jpg,rectangle_java2.jpg,10758321020,88,763.2322727272727,267.18636363636364,747.5,259,33,21,int,3,class->block->decl_stmt->decl->type->name
2,41,rectangle_java2.jpg,rectangle_java2.jpg,10758436978,112,756.3614285714286,267.0053571428571,747.5,259,33,21,int,3,class->block->decl_stmt->decl->type->name
2,41,rectangle_java2.jpg,rectangle_java2.jpg,10759557110,108,782.6414814814815,228.71037037037036,715.5,222,90,21,Rectangle,9,class->name
2,41,rectangle_java2.jpg,rectangle_java2.jpg,10759736826,56,909.5328571428571,263.3935714285714,911.5,259,10,21,",",1,class->block->decl_stmt
2,41,rectangle_java2.jpg,rectangle_java2.jpg,10760052870,76,859.4021052631579,254.14736842105265,863.5,259,10,21,",",1,class->block->decl_stmt
2,41,rectangle_java2.jpg,rectangle_java2.jpg,10760244919,56,867.5021428571429,249.66214285714284,863.5,259,10,21,",",1,class->block->decl_stmt
2,41,rectangle_java2.jpg,rectangle_java2.jpg,10760336923,88,872.944090909091,256.9886363636364,863.5,259,10,21,",",1,class->block->decl_stmt
2,41,rectangle_java2.jpg,rectangle_java2.jpg,10760336923,88,872.944090909091,256.9886363636364,881.5,259,23,21,x2,2,class->block->decl_stmt->decl->name
2,41,rectangle_java2.jpg,rectangle_java2.jpg,10762396708,124,833.4796774193549,300.8716129032258,837.5,295,9,21,(,1,class->block->constructor->parameter_list
2,41,rectangle_java2.jpg,rectangle_java2.jpg,10763412624,76,976.9452631578947,284.57421052631577,977.5,295,23,21,y1,2,class->block->constructor->parameter_list->parameter->decl->type->name
2,41,rectangle_java2.jpg,rectangle_java2.jpg,10763744638,112,1047.5607142857143,297.3107142857143,1025.5,295,33,21,int,3,class->block->constructor->parameter_list->parameter->decl->type->name
2,41,rectangle_java2.jpg,rectangle_java2.jpg,10763836630,88,1054.4431818181818,294.275,1025.5,295,33,21,int,3,class->block->constructor->parameter_list->parameter->decl->type->name
2,41,rectangle_java2.jpg,rectangle_java2.jpg,10763836630,88,1054.4431818181818,294.275,1063.5,295,23,21,x2,2,class->block->constructor->parameter_list->parameter->decl->type->name
2,41,rectangle_java2.jpg,rectangle_java2.jpg,10763948617,108,1044.3937037037037,299.0874074074074,1025.5,295,33,21,int,3,class->block->constructor->parameter_list->parameter->decl->type->name
2,41,rectangle_java2.jpg,rectangle_java2.jpg,10764020610,56,1135.5835714285715,305.6685714285714,1112.5,295,33,21,int,3,class->block->constructor->parameter_list->parameter->decl->type->name
2,41,rectangle_java2.jpg,rectangle_java2.jpg,10764192598,92,1130.625652173913,305.5286956521739,1112.5,295,33,21,int,3,class->block->constructor->parameter_list->parameter->decl->type->name
2,41,rectangle_java2.jpg,rectangle_java2.jpg,10764344594,96,908.84875,284.06,890.5,295,24,21,x1,2,class->block->constructor->parameter_list->parameter->decl->type->name
2,41,rectangle_java2.jpg,rectangle_java2.jpg,10765244415,64,930.08,249.91312500000004,929.5,259,23,21,y2,2,class->block->decl_stmt->decl->name
2,41,rectangle_java2.jpg,rectangle_java2.jpg,10765424490,92,936.5230434782609,286.2608695652174,939.5,295,33,21,int,3,class->block->constructor->parameter_list->parameter->decl->type->name
2,41,rectangle_java2.jpg,rectangle_java2.jpg,10765584454,156,930.3602564102564,297.77641025641026,921.5,295,9,21,",",1,class->block->constructor->parameter_list
2,41,rectangle_java2.jpg,rectangle_java2.jpg,10765584454,156,930.3602564102564,297.77641025641026,939.5,295,33,21,int,3,class->block->constructor->parameter_list->parameter->decl->type->name
2,41,rectangle_java2.jpg,rectangle_java2.jpg,10766128453,104,1114.8734615384615,284.6403846153846,1112.5,295,33,21,int,3,class->block->constructor->parameter_list->parameter->decl->type->name
2,41,rectangle_java2.jpg,rectangle_java2.jpg,10766268436,136,1116.4135294117648,286.99176470588236,1112.5,295,33,21,int,3,class->block->constructor->parameter_list->parameter->decl->type->name
2,41,rectangle_java2.jpg,rectangle_java2.jpg,10766428477,112,1174.9114285714286,285.44357142857143,1180.5,295,9,21,),1,class->block->constructor->parameter_list
2,41,rectangle_java2.jpg,rectangle_java2.jpg,10766836452,112,1179.2685714285715,288.0810714285714,1180.5,295,9,21,),1,class->block->constructor->parameter_list
2,41,rectangle_java2.jpg,rectangle_java2.jpg,10769960168,60,859.764,364.36066666666665,856.5,367,10,21,;,1,class->block->constructor->block->block_content->expr_stmt
2,41,rectangle_java2.jpg,rectangle_java2.jpg,10770096198,120,863.6046666666666,361.7663333333333,856.5,367,10,21,;,1,class->block->constructor->block->block_content->expr_stmt
2,41,rectangle_java2.jpg,rectangle_java2.jpg,10770292240,136,855.7679411764706,381.31823529411764,856.5,367,10,21,;,1,class->block->constructor->block->block_content->expr_stmt
2,41,rectangle_java2.jpg,rectangle_java2.jpg,10770352251,56,830.5735714285714,379.63928571428573,826.5,367,23,21,y1,2,class->block->constructor->block->block_content->expr_stmt->expr->name->name
2,41,rectangle_java2.jpg,rectangle_java2.jpg,10770652235,224,801.9523214285714,413.26910714285714,806.5,404,15,19,=,1,class->block->constructor->block->block_content->expr_stmt->expr->operator
2,41,rectangle_java2.jpg,rectangle_java2.jpg,10770884074,76,823.4605263157895,413.66736842105263,826.5,404,23,19,x2,2,class->block->constructor->block->block_content->expr_stmt->expr->name->name
2,41,rectangle_java2.jpg,rectangle_java2.jpg,10771196091,108,858.0070370370371,413.87370370370377,856.5,404,10,19,;,1,class->block->constructor->block->block_content->expr_stmt
2,41,rectangle_java2.jpg,rectangle_java2.jpg,10771336098,72,841.5938888888888,456.9188888888889,826.5,440,23,21,y2,2,class->block->constructor->block->block_content->expr_stmt->expr->name->name
2,41,rectangle_java2.jpg,rectangle_java2.jpg,10771408082,68,840.0358823529411,446.6411764705882,826.5,440,23,21,y2,2,class->block->constructor->block->block_content->expr_stmt->expr->name->name
2,41,rectangle_java2.jpg,rectangle_java2.jpg,10771524054,60,838.016,446.192,826.5,440,23,21,y2,2,class->block->constructor->block->block_content->expr_stmt->expr->name->name
2,41,rectangle_java2.jpg,rectangle_java2.jpg,10771632050,104,828.1980769230769,429.7538461538461,826.5,440,23,21,y2,2,class->block->constructor->block->block_content->expr_stmt->expr->name->name
2,41,rectangle_java2.jpg,rectangle_java2.jpg,10771732055,96,840.9354166666667,439.9758333333334,826.5,440,23,21,y2,2,class->block->constructor->block->block_content->expr_stmt->expr->name->name
2,41,rectangle_java2.jpg,rectangle_java2.jpg,10771804066,68,825.4247058823529,442.62470588235294,826.5,440,23,21,y2,2,class->block->constructor->block->block_content->expr_stmt->expr->name->name
2,41,rectangle_java2.jpg,rectangle_java2.jpg,10771888101,80,826.8585,428.6575,826.5,440,23,21,y2,2,class->block->constructor->block->block_content->expr_stmt->expr->name->name
2,41,rectangle_java2.jpg,rectangle_java2.jpg,10772024160,72,863.3061111111111,419.60722222222216,856.5,404,10,19,;,1,class->block->constructor->block->block_content->expr_stmt
2,41,rectangle_java2.jpg,rectangle_java2.jpg,10772216135,72,865.4738888888888,429.9944444444445,856.5,440,10,21,;,1,class->block->constructor->block->block_content->expr_stmt
2,41,rectangle_java2.jpg,rectangle_java2.jpg,10773239935,84,813.9357142857143,521.7961904761905,775.5,512,53,21,width,5,class->block->function->name
2,41,rectangle_java2.jpg,rectangle_java2.jpg,10773383977,92,765.5247826086957,558.3130434782609,737.5,549,33,21,int,3,class->block->function->type->name
2,41,rectangle_java2.jpg,rectangle_java2.jpg,10773383977,92,765.5247826086957,558.3130434782609,775.5,549,62,21,height,6,class->block->function->name
2,41,rectangle_java2.jpg,rectangle_java2.jpg,10773476001,88,768.5586363636363,540.7854545454545,737.5,549,33,21,int,3,class->block->function->type->name
2,41,rectangle_java2.jpg,rectangle_java2.jpg,10773476001,88,768.5586363636363,540.7854545454545,775.5,549,62,21,height,6,class->block->function->name
2,41,rectangle_java2.jpg,rectangle_java2.jpg,10773739927,236,821.23,554.2247457627119,775.5,549,62,21,height,6,class->block->function->name
2,41,rectangle_java2.jpg,rectangle_java2.jpg,10773831924,64,859.55375,555.233125,863.5,549,9,21,),1,class->block->function->parameter_list
2,41,rectangle_java2.jpg,rectangle_java2.jpg,10773999942,164,859.5024390243902,562.0014634146341,863.5,549,9,21,),1,class->block->function->parameter_list
2,41,rectangle_java2.jpg,rectangle_java2.jpg,10774107958,68,986.3658823529412,527.21,958.5,512,71,21,this.x2,7,class->block->function->block->block_content->return->expr->name->name->operator->name->operator
2,41,rectangle_java2.jpg,rectangle_java2.jpg,10774211959,100,981.928,516.6748,958.5,512,71,21,this.x2,7,class->block->function->block->block_content->return->expr->name->name->operator->name->operator
2,41,rectangle_java2.jpg,rectangle_java2.jpg,10774279960,64,979.76375,526.89125,958.5,512,71,21,this.x2,7,class->block->function->block->block_content->return->expr->name->name->operator->name->operator
2,41,rectangle_java2.jpg,rectangle_java2.jpg,10774343962,60,976.3146666666667,501.37200000000007,958.5,512,71,21,this.x2,7,class->block->function->block->block_content->return->expr->name->name->operator->name->operator
2,41,rectangle_java2.jpg,rectangle_java2.jpg,10774567941,72,1019.63,511.5683333333334,958.5,512,71,21,this.x2,7,class->block->function->block->block_content->return->expr->name->name->operator->name->operator
2,41,rectangle_java2.jpg,rectangle_java2.jpg,10774663868,92,1025.0291304347827,505.8939130434783,958.5,512,71,21,this.x2,7,class->block->function->block->block_content->return->expr->name->name->operator->name->operator
2,41,rectangle_java2.jpg,rectangle_java2.jpg,10774663868,92,1025.0291304347827,505.8939130434783,1035.5,512,13,21,-,1,class->block->function->block->block_content->return->expr->name->name
2,41,rectangle_java2.jpg,rectangle_java2.jpg,10774823829,124,989.3190322580646,510.08129032258057,958.5,512,71,21,this.x2,7,class->block->function->block->block_content->return->expr->name->name->operator->name->operator
2,41,rectangle_java2.jpg,rectangle_java2.jpg,10774887834,60,979.8453333333333,513.65,958.5,512,71,21,this.x2,7,class->block->function->block->block_content->return->expr->name->name->operator->name->operator
2,41,rectangle_java2.jpg,rectangle_java2.jpg,10775103745,132,941.1851515151515,542.3766666666667,900.5,549,63,21,return,6,class->block->function->block->block_content->return
2,41,rectangle_java2.jpg,rectangle_java2.jpg,10775163768,56,943.2035714285714,524.3235714285714,891.5,512,62,21,return,6,class->block->function->block->block_content->return->expr->name->name
2,41,rectangle_java2.jpg,rectangle_java2.jpg,10775231816,64,943.745,540.758125,900.5,549,63,21,return,6,class->block->function->block->block_content->return
2,41,rectangle_java2.jpg,rectangle_java2.jpg,10775735751,108,1016.2122222222222,523.6096296296296,958.5,512,71,21,this.x2,7,class->block->function->block->block_content->return->expr->name->name->operator->name->operator
2,41,rectangle_java2.jpg,rectangle_java2.jpg,10775807788,68,1022.7064705882353,521.1676470588235,958.5,512,71,21,this.x2,7,class->block->function->block->block_content->return->expr->name->name->operator->name->operator
2,41,rectangle_java2.jpg,rectangle_java2.jpg,10775879826,68,1018.5676470588236,505.8388235294118,958.5,512,71,21,this.x2,7,class->block->function->block->block_content->return->expr->name->name->operator->name->operator
2,41,rectangle_java2.jpg,rectangle_java2.jpg,10776339774,136,1059.3626470588235,521.5170588235294,1054.5,512,71,21,this.x1,7,class->block->function->block->block_content->return->expr->name->name->operator->name
2,41,rectangle_java2.jpg,rectangle_java2.jpg,10776547778,72,1037.01,522.8194444444445,1035.5,512,13,21,-,1,class->block->function->block->block_content->return->expr->name->name
2,41,rectangle_java2.jpg,rectangle_java2.jpg,10777615717,84,1046.4576190476191,524.0304761904762,1035.5,512,13,21,-,1,class->block->function->block->block_content->return->expr->name->name
2,41,rectangle_java2.jpg,rectangle_java2.jpg,10777615717,84,1046.4576190476191,524.0304761904762,1054.5,512,71,21,this.x1,7,class->block->function->block->block_content->return->expr->name->name->operator->name
2,41,rectangle_java2.jpg,rectangle_java2.jpg,10777679697,60,1048.6680000000001,500.9753333333333,1054.5,512,71,21,this.x1,7,class->block->function->block->block_content->return->expr->name->name->operator->name
2,41,rectangle_java2.jpg,rectangle_java2.jpg,10777903673,64,1090.3575,520.470625,1054.5,512,71,21,this.x1,7,class->block->function->block->block_content->return->expr->name->name->operator->name
2,41,rectangle_java2.jpg,rectangle_java2.jpg,10777971672,64,1101.6156250000001,506.803125,1054.5,512,71,21,this.x1,7,class->block->function->block->block_content->return->expr->name->name->operator->name
2,41,rectangle_java2.jpg,rectangle_java2.jpg,10778207648,92,1134.3373913043479,515.4904347826086,1132.5,512,10,21,;,1,class->block->function->block
2,41,rectangle_java2.jpg,rectangle_java2.jpg,10778287662,76,1152.0852631578948,525.4142105263157,1152.5,512,10,21,},1,class->block
2,41,rectangle_java2.jpg,rectangle_java2.jpg,10778539698,112,1125.7825,529.9567857142857,1132.5,512,10,21,;,1,class->block->function->block
2,41,rectangle_java2.jpg,rectangle_java2.jpg,10779831537,56,838.8742857142857,517.1257142857143,837.5,512,9,21,(,1,class->block->function->parameter_list
2,41,rectangle_java2.jpg,rectangle_java2.jpg,10779931557,56,830.3042857142857,519.0878571428572,837.5,512,9,21,(,1,class->block->function->parameter_list
2,41,rectangle_java2.jpg,rectangle_java2.jpg,10779999572,64,840.61875,542.17375,846.5,549,10,21,(,1,class->block->function->parameter_list
2,41,rectangle_java2.jpg,rectangle_java2.jpg,10780059580,56,840.1371428571429,532.7907142857143,837.5,512,9,21,(,1,class->block->function->parameter_list
2,41,rectangle_java2.jpg,rectangle_java2.jpg,10780371548,128,1114.8709375,520.8153125,1054.5,512,71,21,this.x1,7,class->block->function->block->block_content->return->expr->name->name->operator->name
2,41,rectangle_java2.jpg,rectangle_java2.jpg,10780459455,56,1112.982857142857,509.24785714285713,1054.5,512,71,21,this.x1,7,class->block->function->block->block_content->return->expr->name->name->operator->name
2,41,rectangle_java2.jpg,rectangle_java2.jpg,10780671286,152,1150.25,510.1826315789474,1152.5,512,10,21,},1,class->block
2,41,rectangle_java2.jpg,rectangle_java2.jpg,10780951422,120,1042.1776666666667,543.8453333333333,1045.5,549,13,21,-,1,class->block->function->block->block_content->return->expr->operator
2,41,rectangle_java2.jpg,rectangle_java2.jpg,10781083413,68,977.5476470588235,554.8917647058823,968.5,549,70,21,this.y2,7,class->block->function->block->block_content->return->expr->name->name->operator->name
2,41,rectangle_java2.jpg,rectangle_java2.jpg,10781199392,64,976.87875,560.53875,968.5,549,70,21,this.y2,7,class->block->function->block->block_content->return->expr->name->name->operator->name
2,41,rectangle_java2.jpg,rectangle_java2.jpg,10781259383,56,973.5978571428572,539.3064285714286,968.5,549,70,21,this.y2,7,class->block->function->block->block_content->return->expr->name->name->operator->name
2,41,rectangle_java2.jpg,rectangle_java2.jpg,10781403378,104,1037.7026923076924,526.368076923077,1035.5,512,13,21,-,1,class->block->function->block->block_content->return->expr->name->name
2,41,rectangle_java2.jpg,rectangle_java2.jpg,10781571420,60,865.8313333333333,547.4313333333333,863.5,549,9,21,),1,class->block->function->parameter_list
2,41,rectangle_java2.jpg,rectangle_java2.jpg,10781671437,96,866.78125,553.1479166666667,863.5,549,9,21,),1,class->block->function->parameter_list
2,41,rectangle_java2.jpg,rectangle_java2.jpg,10782059421,72,858.7627777777777,584.9527777777778,856.5,585,9,21,(,1,class->block->function->parameter_list
2,41,rectangle_java2.jpg,rectangle_java2.jpg,10782331341,164,1137.7958536585365,560.9126829268292,1142.5,549,10,21,;,1,class->block->function->block->block_content->return
2,41,rectangle_java2.jpg,rectangle_java2.jpg,10782859280,72,1079.796111111111,552.3816666666667,1064.5,549,71,21,this.y1,7,class->block->function->block->block_content->return->expr->name->name->operator->name
2,41,rectangle_java2.jpg,rectangle_java2.jpg,10783291331,76,1083.6394736842105,558.6194736842106,1064.5,549,71,21,this.y1,7,class->block->function->block->block_content->return->expr->name->name->operator->name
2,41,rectangle_java2.jpg,rectangle_java2.jpg,10783607278,72,1108.8561111111112,567.8705555555556,1064.5,549,71,21,this.y1,7,class->block->function->block->block_content->return->expr->name->name->operator->name
2,41,rectangle_java2.jpg,rectangle_java2.jpg,10783711286,100,1095.2968,560.3908,1064.5,549,71,21,this.y1,7,class->block->function->block->block_content->return->expr->name->name->operator->name
2,41,rectangle_java2.jpg,rectangle_java2.jpg,10783831316,116,1073.656551724138,554.0737931034482,1064.5,549,71,21,this.y1,7,class->block->function->block->block_content->return->expr->name->name->operator->name
2,41,rectangle_java2.jpg,rectangle_java2.jpg,10784119317,72,1065.5905555555555,510.00166666666667,1054.5,512,71,21,this.x1,7,class->block->function->block->block_content->return->expr->name->name->operator->name
2,41,rectangle_java2.jpg,rectangle_java2.jpg,10784383215,112,1082.0875,504.9753571428571,1054.5,512,71,21,this.x1,7,class->block->function->block->block_content->return->expr->name->name->operator->name
2,41,rectangle_java2.jpg,rectangle_java2.jpg,10784631074,56,834.6628571428571,584.1985714285714,804.5,585,43,21,area,4,class->block->function->name
2,41,rectangle_java2.jpg,rectangle_java2.jpg,10784863129,96,798.62,594.4670833333333,737.5,585,62,21,double,6,class->block->function->type->name
2,41,rectangle_java2.jpg,rectangle_java2.jpg,10784863129,96,798.62,594.4670833333333,804.5,585,43,21,area,4,class->block->function->name
2,41,rectangle_java2.jpg,rectangle_java2.jpg,10784987130,76,887.4073684210526,594.4931578947369,893.5,585,10,21,{,1,class->block->function->block
2,41,rectangle_java2.jpg,rectangle_java2.jpg,10785055155,64,884.7175,591.85625,893.5,585,10,21,{,1,class->block->function->block
2,41,rectangle_java2.jpg,rectangle_java2.jpg,10785123178,64,885.211875,589.903125,893.5,585,10,21,{,1,class->block->function->block
2,41,rectangle_java2.jpg,rectangle_java2.jpg,10785239134,80,831.3815,591.347,804.5,585,43,21,area,4,class->block->function->name
2,41,rectangle_java2.jpg,rectangle_java2.jpg,10785355096,112,821.6389285714286,583.9157142857143,804.5,585,43,21,area,4,class->block->function->name
2,41,rectangle_java2.jpg,rectangle_java2.jpg,10785447102,56,805.1135714285715,595.9092857142857,804.5,585,43,21,area,4,class->block->function->name
2,41,rectangle_java2.jpg,rectangle_java2.jpg,10785631128,56,1039.892857142857,605.1407142857142,977.5,585,101,21,this.width,10,class->block->function->block->block_content->return->expr->call->name->name->operator->name
2,41,rectangle_java2.jpg,rectangle_java2.jpg,10785711144,76,1030.2636842105264,602.6084210526316,977.5,585,101,21,this.width,10,class->block->function->block->block_content->return->expr->call->name->name->operator->name
2,41,rectangle_java2.jpg,rectangle_java2.jpg,10786067121,72,1106.0933333333332,585.685,1103.5,585,9,21,),1,class->block->function->block->block_content->return->expr->call->argument_list
2,41,rectangle_java2.jpg,rectangle_java2.jpg,10786626986,84,1082.1733333333334,580.0019047619047,1086.5,585,10,21,(,1,class->block->function->block->block_content->return->expr->call->argument_list
2,41,rectangle_java2.jpg,rectangle_java2.jpg,10786823001,116,1095.1886206896552,573.9286206896552,1086.5,585,10,21,(,1,class->block->function->block->block_content->return->expr->call->argument_list
2,41,rectangle_java2.jpg,rectangle_java2.jpg,10786823001,116,1095.1886206896552,573.9286206896552,1103.5,585,9,21,),1,class->block->function->block->block_content->return->expr->call->argument_list
2,41,rectangle_java2.jpg,rectangle_java2.jpg,10787055040,120,1241.624,583.2933333333333,1140.5,585,110,21,this.height,11,class->block->function->block->block_content->return->expr->call->name->name->operator->name
2,41,rectangle_java2.jpg,rectangle_java2.jpg,10787123047,64,1233.43125,595.015625,1140.5,585,110,21,this.height,11,class->block->function->block->block_content->return->expr->call->name->name->operator->name
2,41,rectangle_java2.jpg,rectangle_java2.jpg,10787999019,80,953.2705,564.8615,900.5,549,63,21,return,6,class->block->function->block->block_content->return
2,41,rectangle_java2.jpg,rectangle_java2.jpg,10788834886,112,1094.5542857142857,599.6842857142857,1086.5,585,10,21,(,1,class->block->function->block->block_content->return->expr->call->argument_list
2,41,rectangle_java2.jpg,rectangle_java2.jpg,10788834886,112,1094.5542857142857,599.6842857142857,1103.5,585,9,21,),1,class->block->function->block->block_content->return->expr->call->argument_list
2,41,rectangle_java2.jpg,rectangle_java2.jpg,10789034769,104,894.4342307692308,604.3796153846154,893.5,585,10,21,{,1,class->block->function->block
2,41,rectangle_java2.jpg,rectangle_java2.jpg,10789150795,60,891.4693333333333,610.318,851.5,621,44,21,main,4,class->block->function->name
2,41,rectangle_java2.jpg,rectangle_java2.jpg,10789350874,112,1071.1842857142858,542.3707142857143,1064.5,549,71,21,this.y1,7,class->block->function->block->block_content->return->expr->name->name->operator->name
2,41,rectangle_java2.jpg,rectangle_java2.jpg,10789478839,80,1048.129,516.4815,1035.5,512,13,21,-,1,class->block->function->block->block_content->return->expr->name->name
2,41,rectangle_java2.jpg,rectangle_java2.jpg,10789478839,80,1048.129,516.4815,1054.5,512,71,21,this.x1,7,class->block->function->block->block_content->return->expr->name->name->operator->name
2,41,rectangle_java2.jpg,rectangle_java2.jpg,10789730866,64,1133.884375,530.458125,1132.5,512,10,21,;,1,class->block->function->block
2,41,rectangle_java2.jpg,rectangle_java2.jpg,10789794868,60,1135.636,524.342,1132.5,512,10,21,;,1,class->block->function->block
2,41,rectangle_java2.jpg,rectangle_java2.jpg,10789918875,88,957.9286363636363,622.2231818181818,920.5,621,62,21,String,6,class->block->function->parameter_list->parameter->decl->type->name->name
2,41,rectangle_java2.jpg,rectangle_java2.jpg,10789998890,56,877.5564285714286,646.4357142857143,826.5,658,52,20,rect1,5,class->block->function->block->block_content->decl_stmt->decl->name
2,41,rectangle_java2.jpg,rectangle_java2.jpg,10789998890,56,877.5564285714286,646.4357142857143,883.5,658,15,20,=,1,class->block->function->block->block_content->decl_stmt->decl->init
2,41,rectangle_java2.jpg,rectangle_java2.jpg,10790122851,60,794.6800000000001,638.26,738.5,621,61,21,static,6,class->block->function->type->specifier
2,41,rectangle_java2.jpg,rectangle_java2.jpg,10790122851,60,794.6800000000001,638.26,804.5,621,44,21,void,4,class->block->function->type->name
2,41,rectangle_java2.jpg,rectangle_java2.jpg,10790658731,72,956.0755555555555,629.0772222222222,920.5,621,62,21,String,6,class->block->function->parameter_list->parameter->decl->type->name->name
2,41,rectangle_java2.jpg,rectangle_java2.jpg,10790898822,152,1032.6231578947368,634.6178947368421,1025.5,621,42,21,args,4,class->block->function->parameter_list->parameter->decl->name
2,41,rectangle_java2.jpg,rectangle_java2.jpg,10791074765,76,1032.9421052631578,654.6257894736842,1041.5,658,9,20,(,1,class->block->function->block->block_content->decl_stmt->decl->init->expr->call->argument_list
2,41,rectangle_java2.jpg,rectangle_java2.jpg,10791162759,60,874.724,663.392,826.5,658,52,20,rect1,5,class->block->function->block->block_content->decl_stmt->decl->name
2,41,rectangle_java2.jpg,rectangle_java2.jpg,10791162759,60,874.724,663.392,883.5,658,15,20,=,1,class->block->function->block->block_content->decl_stmt->decl->init
2,41,rectangle_java2.jpg,rectangle_java2.jpg,10791306805,100,881.2092,640.2392,851.5,621,44,21,main,4,class->block->function->name
2,41,rectangle_java2.jpg,rectangle_java2.jpg,10791366797,56,865.6435714285715,640.6228571428571,851.5,621,44,21,main,4,class->block->function->name
2,41,rectangle_java2.jpg,rectangle_java2.jpg,10791502753,92,848.5639130434782,665.9130434782609,826.5,658,52,20,rect1,5,class->block->function->block->block_content->decl_stmt->decl->name
2,41,rectangle_java2.jpg,rectangle_java2.jpg,10791654722,64,877.1637499999999,652.330625,826.5,658,52,20,rect1,5,class->block->function->block->block_content->decl_stmt->decl->name
2,41,rectangle_java2.jpg,rectangle_java2.jpg,10791654722,64,877.1637499999999,652.330625,883.5,658,15,20,=,1,class->block->function->block->block_content->decl_stmt->decl->init
2,41,rectangle_java2.jpg,rectangle_java2.jpg,10791882749,100,926.4676,667.2156,902.5,658,34,20,new,3,class->block->function->block->block_content->decl_stmt->decl->init->expr->operator
2,41,rectangle_java2.jpg,rectangle_java2.jpg,10791958742,72,922.9005555555556,646.7255555555555,902.5,658,34,20,new,3,class->block->function->block->block_content->decl_stmt->decl->init->expr->operator
2,41,rectangle_java2.jpg,rectangle_java2.jpg,10792018711,56,964.94,646.5471428571428,941.5,658,91,20,Rectangle,9,class->block->function->block->block_content->decl_stmt->decl->init->expr->call->name
2,41,rectangle_java2.jpg,rectangle_java2.jpg,10792130658,108,968.492962962963,656.3944444444445,941.5,658,91,20,Rectangle,9,class->block->function->block->block_content->decl_stmt->decl->init->expr->call->name
2,41,rectangle_java2.jpg,rectangle_java2.jpg,10792358629,88,940.1995454545455,653.2413636363636,941.5,658,91,20,Rectangle,9,class->block->function->block->block_content->decl_stmt->decl->init->expr->call->name
2,41,rectangle_java2.jpg,rectangle_java2.jpg,10792418619,56,957.4735714285714,668.3685714285714,941.5,658,91,20,Rectangle,9,class->block->function->block->block_content->decl_stmt->decl->init->expr->call->name
2,41,rectangle_java2.jpg,rectangle_java2.jpg,10792530599,64,1038.616875,664.3475,1041.5,658,9,20,(,1,class->block->function->block->block_content->decl_stmt->decl->init->expr->call->argument_list
2,41,rectangle_java2.jpg,rectangle_java2.jpg,10792662619,60,1036.1946666666668,672.8873333333333,1041.5,658,9,20,(,1,class->block->function->block->block_content->decl_stmt->decl->init->expr->call->argument_list
2,41,rectangle_java2.jpg,rectangle_java2.jpg,10792830614,68,1042.889411764706,673.1194117647059,1041.5,658,9,20,(,1,class->block->function->block->block_content->decl_stmt->decl->init->expr->call->argument_list
2,41,rectangle_java2.jpg,rectangle_java2.jpg,10792962595,104,1112.063076923077,661.3315384615385,1115.5,658,10,20,",",1,class->block->function->block->block_content->decl_stmt->decl->init->expr->call->argument_list
2,41,rectangle_java2.jpg,rectangle_java2.jpg,10793546668,112,948.8917857142857,628.7292857142858,920.5,621,62,21,String,6,class->block->function->parameter_list->parameter->decl->type->name->name
2,41,rectangle_java2.jpg,rectangle_java2.jpg,10793678646,80,928.562,640.6165,920.5,621,62,21,String,6,class->block->function->parameter_list->parameter->decl->type->name->name
2,41,rectangle_java2.jpg,rectangle_java2.jpg,10793878665,120,1064.8536666666666,646.188,1057.5,658,13,20,0,1,class->block->function->block->block_content->decl_stmt->decl->init->expr->call->argument_list->argument->expr->literal
2,41,rectangle_java2.jpg,rectangle_java2.jpg,10794030492,60,1132.9653333333333,651.3566666666667,1134.5,658,22,20,10,2,class->block->function->block->block_content->decl_stmt->decl->init->expr->call->argument_list->argument->expr->literal
2,41,rectangle_java2.jpg,rectangle_java2.jpg,10794350488,96,1120.2633333333333,647.5579166666666,1115.5,658,10,20,",",1,class->block->function->block->block_content->decl_stmt->decl->init->expr->call->argument_list
2,41,rectangle_java2.jpg,rectangle_java2.jpg,10794510524,116,1125.4510344827586,650.6537931034483,1115.5,658,10,20,",",1,class->block->function->block->block_content->decl_stmt->decl->init->expr->call->argument_list
2,41,rectangle_java2.jpg,rectangle_java2.jpg,10794510524,116,1125.4510344827586,650.6537931034483,1134.5,658,22,20,10,2,class->block->function->block->block_content->decl_stmt->decl->init->expr->call->argument_list->argument->expr->literal
2,41,rectangle_java2.jpg,rectangle_java2.jpg,10794862490,60,944.1866666666667,637.598,920.5,621,62,21,String,6,class->block->function->parameter_list->parameter->decl->type->name->name
2,41,rectangle_java2.jpg,rectangle_java2.jpg,10794942499,68,868.7223529411765,641.2558823529412,851.5,621,44,21,main,4,class->block->function->name
2,41,rectangle_java2.jpg,rectangle_java2.jpg,10795046501,100,865.6404,622.7492,851.5,621,44,21,main,4,class->block->function->name
2,41,rectangle_java2.jpg,rectangle_java2.jpg,10795262488,64,947.083125,655.370625,941.5,658,91,20,Rectangle,9,class->block->function->block->block_content->decl_stmt->decl->init->expr->call->name
2,41,rectangle_java2.jpg,rectangle_java2.jpg,10795482553,60,953.1366666666667,636.968,920.5,621,62,21,String,6,class->block->function->parameter_list->parameter->decl->type->name->name
2,41,rectangle_java2.jpg,rectangle_java2.jpg,10795726487,164,1060.2931707317073,641.749512195122,1025.5,621,42,21,args,4,class->block->function->parameter_list->parameter->decl->name
2,41,rectangle_java2.jpg,rectangle_java2.jpg,10795854481,76,1017.6068421052631,627.4536842105263,1025.5,621,42,21,args,4,class->block->function->parameter_list->parameter->decl->name
2,41,rectangle_java2.jpg,rectangle_java2.jpg,10795986387,84,1015.7504761904762,598.0919047619047,977.5,585,101,21,this.width,10,class->block->function->block->block_content->return->expr->call->name->name->operator->name
2,41,rectangle_java2.jpg,rectangle_java2.jpg,10796094203,76,884.9984210526316,633.2936842105263,851.5,621,44,21,main,4,class->block->function->name
2,41,rectangle_java2.jpg,rectangle_java2.jpg,10796502341,80,953.5985000000001,628.6255,920.5,621,62,21,String,6,class->block->function->parameter_list->parameter->decl->type->name->name
2,41,rectangle_java2.jpg,rectangle_java2.jpg,10796590358,84,946.0433333333333,638.2933333333333,920.5,621,62,21,String,6,class->block->function->parameter_list->parameter->decl->type->name->name
2,41,rectangle_java2.jpg,rectangle_java2.jpg,10796878362,84,1017.8014285714286,641.4119047619048,1025.5,621,42,21,args,4,class->block->function->parameter_list->parameter->decl->name
2,41,rectangle_java2.jpg,rectangle_java2.jpg,10797078355,112,1090.1825,636.9078571428571,1094.5,621,10,21,{,1,class->block->function->block
2,41,rectangle_java2.jpg,rectangle_java2.jpg,10798490241,56,1054.1278571428572,624.5185714285715,1025.5,621,42,21,args,4,class->block->function->parameter_list->parameter->decl->name
2,41,rectangle_java2.jpg,rectangle_java2.jpg,10798570245,76,1048.753157894737,632.6952631578947,1025.5,621,42,21,args,4,class->block->function->parameter_list->parameter->decl->name
2,41,rectangle_java2.jpg,rectangle_java2.jpg,10798634249,60,1036.742,653.286,1041.5,658,9,20,(,1,class->block->function->block->block_content->decl_stmt->decl->init->expr->call->argument_list
2,41,rectangle_java2.jpg,rectangle_java2.jpg,10799150254,56,922.3478571428572,649.855,902.5,658,34,20,new,3,class->block->function->block->block_content->decl_stmt->decl->init->expr->operator
2,41,rectangle_java2.jpg,rectangle_java2.jpg,10799266181,112,910.5535714285714,652.8057142857143,902.5,658,34,20,new,3,class->block->function->block->block_content->decl_stmt->decl->init->expr->operator
2,41,rectangle_java2.jpg,rectangle_java2.jpg,10799386079,92,879.43,665.5265217391304,883.5,658,15,20,=,1,class->block->function->block->block_content->decl_stmt->decl->init
2,41,rectangle_java2.jpg,rectangle_java2.jpg,10800130134,108,1065.4274074074074,640.7944444444445,1025.5,621,42,21,args,4,class->block->function->parameter_list->parameter->decl->name
2,41,rectangle_java2.jpg,rectangle_java2.jpg,10800130134,108,1065.4274074074074,640.7944444444445,1074.5,621,10,21,),1,class->block->function->parameter_list
2,41,rectangle_java2.jpg,rectangle_java2.jpg,10800358166,56,887.76,697.1,730.5,694,177,21,System.out.println,18,class->block->function->block->block_content->expr_stmt->expr->call->name->name->operator->name->operator->name
2,41,rectangle_java2.jpg,rectangle_java2.jpg,10800502162,56,854.8907142857142,673.7385714285714,826.5,658,52,20,rect1,5,class->block->function->block->block_content->decl_stmt->decl->name
2,41,rectangle_java2.jpg,rectangle_java2.jpg,10800570152,64,860.696875,688.000625,730.5,694,177,21,System.out.println,18,class->block->function->block->block_content->expr_stmt->expr->call->name->name->operator->name->operator->name
2,41,rectangle_java2.jpg,rectangle_java2.jpg,10800722101,148,866.5345945945946,689.3610810810811,730.5,694,177,21,System.out.println,18,class->block->function->block->block_content->expr_stmt->expr->call->name->name->operator->name->operator->name
2,41,rectangle_java2.jpg,rectangle_java2.jpg,10801082096,80,926.065,671.688,902.5,658,34,20,new,3,class->block->function->block->block_content->decl_stmt->decl->init->expr->operator
2,41,rectangle_java2.jpg,rectangle_java2.jpg,10801170109,56,1004.8614285714285,664.7257142857143,941.5,658,91,20,Rectangle,9,class->block->function->block->block_content->decl_stmt->decl->init->expr->call->name
2,41,rectangle_java2.jpg,rectangle_java2.jpg,10801258118,84,1013.6633333333333,655.6242857142857,941.5,658,91,20,Rectangle,9,class->block->function->block->block_content->decl_stmt->decl->init->expr->call->name
2,41,rectangle_java2.jpg,rectangle_java2.jpg,10801362124,100,1015.9804,661.634,941.5,658,91,20,Rectangle,9,class->block->function->block->block_content->decl_stmt->decl->init->expr->call->name
2,41,rectangle_java2.jpg,rectangle_java2.jpg,10801845904,68,806.885294117647,656.165294117647,730.5,658,91,20,Rectangle,9,class->block->function->block->block_content->decl_stmt->decl->type->name
2,41,rectangle_java2.jpg,rectangle_java2.jpg,10801965879,116,808.331724137931,649.6706896551724,730.5,658,91,20,Rectangle,9,class->block->function->block->block_content->decl_stmt->decl->type->name
2,41,rectangle_java2.jpg,rectangle_java2.jpg,10802073947,104,815.5203846153846,650.6553846153846,730.5,658,91,20,Rectangle,9,class->block->function->block->block_content->decl_stmt->decl->type->name
2,41,rectangle_java2.jpg,rectangle_java2.jpg,10802073947,104,815.5203846153846,650.6553846153846,826.5,658,52,20,rect1,5,class->block->function->block->block_content->decl_stmt->decl->name
2,41,rectangle_java2.jpg,rectangle_java2.jpg,10802133988,56,823.7671428571429,666.5828571428572,826.5,658,52,20,rect1,5,class->block->function->block->block_content->decl_stmt->decl->name
2,41,rectangle_java2.jpg,rectangle_java2.jpg,10802269999,104,844.55,659.6307692307693,826.5,658,52,20,rect1,5,class->block->function->block->block_content->decl_stmt->decl->name
2,41,rectangle_java2.jpg,rectangle_java2.jpg,10802369973,96,835.8854166666666,661.8379166666666,826.5,658,52,20,rect1,5,class->block->function->block->block_content->decl_stmt->decl->name
2,41,rectangle_java2.jpg,rectangle_java2.jpg,10802537942,64,930.835,656.19,902.5,658,34,20,new,3,class->block->function->block->block_content->decl_stmt->decl->init->expr->operator
2,41,rectangle_java2.jpg,rectangle_java2.jpg,10802537942,64,930.835,656.19,941.5,658,91,20,Rectangle,9,class->block->function->block->block_content->decl_stmt->decl->init->expr->call->name
2,41,rectangle_java2.jpg,rectangle_java2.jpg,10802609950,68,927.2194117647059,649.5517647058823,902.5,658,34,20,new,3,class->block->function->block->block_content->decl_stmt->decl->init->expr->operator
2,41,rectangle_java2.jpg,rectangle_java2.jpg,10802774006,160,933.667,656.4567499999999,902.5,658,34,20,new,3,class->block->function->block->block_content->decl_stmt->decl->init->expr->operator
2,41,rectangle_java2.jpg,rectangle_java2.jpg,10802774006,160,933.667,656.4567499999999,941.5,658,91,20,Rectangle,9,class->block->function->block->block_content->decl_stmt->decl->init->expr->call->name
2,41,rectangle_java2.jpg,rectangle_java2.jpg,10802862043,84,929.3404761904762,665.4861904761905,902.5,658,34,20,new,3,class->block->function->block->block_content->decl_stmt->decl->init->expr->operator
2,41,rectangle_java2.jpg,rectangle_java2.jpg,10802862043,84,929.3404761904762,665.4861904761905,941.5,658,91,20,Rectangle,9,class->block->function->block->block_content->decl_stmt->decl->init->expr->call->name
2,41,rectangle_java2.jpg,rectangle_java2.jpg,10802978058,112,925.4096428571429,661.5,902.5,658,34,20,new,3,class->block->function->block->block_content->decl_stmt->decl->init->expr->operator
2,41,rectangle_java2.jpg,rectangle_java2.jpg,10803162019,76,994.1999999999999,665.7284210526316,941.5,658,91,20,Rectangle,9,class->block->function->block->block_content->decl_stmt->decl->init->expr->call->name
2,41,rectangle_java2.jpg,rectangle_java2.jpg,10803325980,68,1054.3211764705882,648.2429411764706,1057.5,658,13,20,0,1,class->block->function->block->block_content->decl_stmt->decl->init->expr->call->argument_list->argument->expr->literal
2,41,rectangle_java2.jpg,rectangle_java2.jpg,10803485978,88,1154.3295454545455,653.5095454545454,1134.5,658,22,20,10,2,class->block->function->block->block_content->decl_stmt->decl->init->expr->call->argument_list->argument->expr->literal
2,41,rectangle_java2.jpg,rectangle_java2.jpg,10803485978,88,1154.3295454545455,653.5095454545454,1163.5,658,10,20,",",1,class->block->function->block->block_content->decl_stmt->decl->init->expr->call->argument_list
2,41,rectangle_java2.jpg,rectangle_java2.jpg,10803841869,136,1201.4167647058823,647.8047058823529,1182.5,658,22,20,10,2,class->block->function->block->block_content->decl_stmt->decl->init->expr->call->argument_list->argument->expr->literal
2,41,rectangle_java2.jpg,rectangle_java2.jpg,10803841869,136,1201.4167647058823,647.8047058823529,1211.5,658,9,20,),1,class->block->function->block->block_content->decl_stmt->decl->init->expr->call->argument_list
2,41,rectangle_java2.jpg,rectangle_java2.jpg,10804193871,64,1137.96875,656.9762499999999,1134.5,658,22,20,10,2,class->block->function->block->block_content->decl_stmt->decl->init->expr->call->argument_list->argument->expr->literal
2,41,rectangle_java2.jpg,rectangle_java2.jpg,10804333831,136,1144.7720588235295,646.1297058823529,1134.5,658,22,20,10,2,class->block->function->block->block_content->decl_stmt->decl->init->expr->call->argument_list->argument->expr->literal
2,41,rectangle_java2.jpg,rectangle_java2.jpg,10805089863,116,933.1555172413794,664.6544827586207,902.5,658,34,20,new,3,class->block->function->block->block_content->decl_stmt->decl->init->expr->operator
2,41,rectangle_java2.jpg,rectangle_java2.jpg,10805089863,116,933.1555172413794,664.6544827586207,941.5,658,91,20,Rectangle,9,class->block->function->block->block_content->decl_stmt->decl->init->expr->call->name
2,41,rectangle_java2.jpg,rectangle_java2.jpg,10805333861,140,853.734,693.4025714285714,730.5,694,177,21,System.out.println,18,class->block->function->block->block_content->expr_stmt->expr->call->name->name->operator->name->operator->name
2,41,rectangle_java2.jpg,rectangle_java2.jpg,10805525873,120,911.635,674.5316666666666,902.5,658,34,20,new,3,class->block->function->block->block_content->decl_stmt->decl->init->expr->operator
2,41,rectangle_java2.jpg,rectangle_java2.jpg,10805689645,80,882.642,689.46,730.5,694,177,21,System.out.println,18,class->block->function->block->block_content->expr_stmt->expr->call->name->name->operator->name->operator->name
2,41,rectangle_java2.jpg,rectangle_java2.jpg,10805757514,64,891.72375,684.590625,730.5,694,177,21,System.out.println,18,class->block->function->block->block_content->expr_stmt->expr->call->name->name->operator->name->operator->name
2,41,rectangle_java2.jpg,rectangle_java2.jpg,10805953693,120,948.4796666666666,694.4206666666666,932.5,694,100,21,rect1.area,10,class->block->function->block->block_content->expr_stmt->expr->call->argument_list->argument->expr->call->name->name->operator->name
2,41,rectangle_java2.jpg,rectangle_java2.jpg,10806089714,76,1034.8505263157895,699.6773684210526,1041.5,694,9,21,(,1,class->block->function->block->block_content->expr_stmt->expr->call->argument_list->argument->expr->call->argument_list
2,41,rectangle_java2.jpg,rectangle_java2.jpg,10806185725,92,1036.202608695652,686.2582608695652,1041.5,694,9,21,(,1,class->block->function->block->block_content->expr_stmt->expr->call->argument_list->argument->expr->call->argument_list
2,41,rectangle_java2.jpg,rectangle_java2.jpg,10806309742,120,1041.4976666666666,688.8113333333333,1041.5,694,9,21,(,1,class->block->function->block->block_content->expr_stmt->expr->call->argument_list->argument->expr->call->argument_list
2,41,rectangle_java2.jpg,rectangle_java2.jpg,10806545720,96,1025.5375,690.8729166666667,932.5,694,100,21,rect1.area,10,class->block->function->block->block_content->expr_stmt->expr->call->argument_list->argument->expr->call->name->name->operator->name
2,41,rectangle_java2.jpg,rectangle_java2.jpg,10806697752,84,1081.7952380952381,692.5528571428572,1077.5,694,9,21,),1,class->block->function->block->block_content->expr_stmt->expr->call->argument_list
2,41,rectangle_java2.jpg,rectangle_java2.jpg,10806761771,60,1083.8506666666667,687.0866666666667,1077.5,694,9,21,),1,class->block->function->block->block_content->expr_stmt->expr->call->argument_list
2,41,rectangle_java2.jpg,rectangle_java2.jpg,10807013728,168,1019.972380952381,687.1880952380952,932.5,694,100,21,rect1.area,10,class->block->function->block->block_content->expr_stmt->expr->call->argument_list->argument->expr->call->name->name->operator->name
2,41,rectangle_java2.jpg,rectangle_java2.jpg,10807497640,120,1014.622,663.0753333333333,941.5,658,91,20,Rectangle,9,class->block->function->block->block_content->decl_stmt->decl->init->expr->call->name
2,41,rectangle_java2.jpg,rectangle_java2.jpg,10807705504,64,1007.7975,667.385625,941.5,658,91,20,Rectangle,9,class->block->function->block->block_content->decl_stmt->decl->init->expr->call->name
2,41,rectangle_java2.jpg,rectangle_java2.jpg,10807909566,112,1046.212857142857,672.7203571428571,1041.5,658,9,20,(,1,class->block->function->block->block_content->decl_stmt->decl->init->expr->call->argument_list
2,41,rectangle_java2.jpg,rectangle_java2.jpg,10807909566,112,1046.212857142857,672.7203571428571,1057.5,658,13,20,0,1,class->block->function->block->block_content->decl_stmt->decl->init->expr->call->argument_list->argument->expr->literal
2,41,rectangle_java2.jpg,rectangle_java2.jpg,10808065628,152,1040.6442105263159,676.1589473684211,1041.5,658,9,20,(,1,class->block->function->block->block_content->decl_stmt->decl->init->expr->call->argument_list
2,41,rectangle_java2.jpg,rectangle_java2.jpg,10808438513,136,1003.5647058823529,592.8755882352941,977.5,585,101,21,this.width,10,class->block->function->block->block_content->return->expr->call->name->name->operator->name
2,41,rectangle_java2.jpg,rectangle_java2.jpg,10808546673,104,1001.253076923077,614.8642307692307,1007.5,621,10,21,],1,class->block->function->parameter_list->parameter->decl->type->name->index
2,41,rectangle_java2.jpg,rectangle_java2.jpg,10808709953,108,991.6237037037037,587.3492592592593,977.5,585,101,21,this.width,10,class->block->function->block->block_content->return->expr->call->name->name->operator->name
2,41,rectangle_java2.jpg,rectangle_java2.jpg,10808789590,76,989.968947368421,597.4342105263158,977.5,585,101,21,this.width,10,class->block->function->block->block_content->return->expr->call->name->name->operator->name
2,41,rectangle_java2.jpg,rectangle_java2.jpg,10808945589,116,1045.4072413793103,632.7793103448276,1025.5,621,42,21,args,4,class->block->function->parameter_list->parameter->decl->name
2,41,rectangle_java2.jpg,rectangle_java2.jpg,10809041603,92,1041.0247826086957,640.5486956521739,1025.5,621,42,21,args,4,class->block->function->parameter_list->parameter->decl->name
2,41,rectangle_java2.jpg,rectangle_java2.jpg,10809101608,56,1042.2592857142856,639.1671428571428,1025.5,621,42,21,args,4,class->block->function->parameter_list->parameter->decl->name
2,41,rectangle_java2.jpg,rectangle_java2.jpg,10809245578,104,1009.233076923077,658.3492307692308,941.5,658,91,20,Rectangle,9,class->block->function->block->block_content->decl_stmt->decl->init->expr->call->name
2,41,rectangle_java2.jpg,rectangle_java2.jpg,10809437556,188,1001.7902127659574,659.9463829787234,941.5,658,91,20,Rectangle,9,class->block->function->block->block_content->decl_stmt->decl->init->expr->call->name
2,41,rectangle_java2.jpg,rectangle_java2.jpg,10809533526,92,1002.9126086956521,647.2491304347826,941.5,658,91,20,Rectangle,9,class->block->function->block->block_content->decl_stmt->decl->init->expr->call->name
2,41,rectangle_java2.jpg,rectangle_java2.jpg,10809657466,120,1000.0283333333333,656.5056666666667,941.5,658,91,20,Rectangle,9,class->block->function->block->block_content->decl_stmt->decl->init->expr->call->name
2,41,rectangle_java2.jpg,rectangle_java2.jpg,10809777429,72,1022.7716666666666,673.5111111111111,941.5,658,91,20,Rectangle,9,class->block->function->block->block_content->decl_stmt->decl->init->expr->call->name
2,41,rectangle_java2.jpg,rectangle_java2.jpg,10809841432,60,1023.2233333333334,681.9453333333333,932.5,694,100,21,rect1.area,10,class->block->function->block->block_content->expr_stmt->expr->call->argument_list->argument->expr->call->name->name->operator->name
2,41,rectangle_java2.jpg,rectangle_java2.jpg,10809969448,64,1022.33375,677.383125,941.5,658,91,20,Rectangle,9,class->block->function->block->block_content->decl_stmt->decl->init->expr->call->name
2,41,rectangle_java2.jpg,rectangle_java2.jpg,10810033450,60,1055.1106666666667,681.8913333333334,1057.5,694,10,21,),1,class->block->function->block->block_content->expr_stmt->expr->call->argument_list->argument->expr->call->argument_list
2,41,rectangle_java2.jpg,rectangle_java2.jpg,10810161448,124,1046.8735483870967,682.4529032258065,1041.5,694,9,21,(,1,class->block->function->block->block_content->expr_stmt->expr->call->argument_list->argument->expr->call->argument_list
2,41,rectangle_java2.jpg,rectangle_java2.jpg,10810161448,124,1046.8735483870967,682.4529032258065,1057.5,694,10,21,),1,class->block->function->block->block_content->expr_stmt->expr->call->argument_list->argument->expr->call->argument_list
2,41,rectangle_java2.jpg,rectangle_java2.jpg,10810429450,108,1017.4188888888889,685.7151851851852,932.5,694,100,21,rect1.area,10,class->block->function->block->block_content->expr_stmt->expr->call->argument_list->argument->expr->call->name->name->operator->name
2,41,rectangle_java2.jpg,rectangle_java2.jpg,10810493466,60,1014.5006666666667,665.3173333333333,941.5,658,91,20,Rectangle,9,class->block->function->block->block_content->decl_stmt->decl->init->expr->call->name
2,41,rectangle_java2.jpg,rectangle_java2.jpg,10810565488,68,1014.1370588235294,686.7588235294118,932.5,694,100,21,rect1.area,10,class->block->function->block->block_content->expr_stmt->expr->call->argument_list->argument->expr->call->name->name->operator->name
2,41,rectangle_java2.jpg,rectangle_java2.jpg,10810633500,64,1018.754375,699.161875,932.5,694,100,21,rect1.area,10,class->block->function->block->block_content->expr_stmt->expr->call->argument_list->argument->expr->call->name->name->operator->name
2,41,rectangle_java2.jpg,rectangle_java2.jpg,10810781486,144,1016.9905555555556,673.6038888888888,941.5,658,91,20,Rectangle,9,class->block->function->block->block_content->decl_stmt->decl->init->expr->call->name
2,41,rectangle_java2.jpg,rectangle_java2.jpg,10810921444,92,891.7321739130434,689.9339130434782,730.5,694,177,21,System.out.println,18,class->block->function->block->block_content->expr_stmt->expr->call->name->name->operator->name->operator->name
2,41,rectangle_java2.jpg,rectangle_java2.jpg,10811009435,84,903.3733333333333,691.8928571428571,730.5,694,177,21,System.out.println,18,class->block->function->block->block_content->expr_stmt->expr->call->name->name->operator->name->operator->name
2,41,rectangle_java2.jpg,rectangle_java2.jpg,10811129456,64,900.7993749999999,703.653125,730.5,694,177,21,System.out.println,18,class->block->function->block->block_content->expr_stmt->expr->call->name->name->operator->name->operator->name
2,41,rectangle_java2.jpg,rectangle_java2.jpg,10811289511,100,894.8832,699.0552,730.5,694,177,21,System.out.println,18,class->block->function->block->block_content->expr_stmt->expr->call->name->name->operator->name->operator->name
2,41,rectangle_java2.jpg,rectangle_java2.jpg,10811349529,56,920.3857142857142,691.1485714285715,916.5,694,9,21,(,1,class->block->function->block->block_content->expr_stmt->expr->call->argument_list
2,41,rectangle_java2.jpg,rectangle_java2.jpg,10811349529,56,920.3857142857142,691.1485714285715,932.5,694,100,21,rect1.area,10,class->block->function->block->block_content->expr_stmt->expr->call->argument_list->argument->expr->call->name->name->operator->name
2,41,rectangle_java2.jpg,rectangle_java2.jpg,10811453395,100,931.8248,696.5892,932.5,694,100,21,rect1.area,10,class->block->function->block->block_content->expr_stmt->expr->call->argument_list->argument->expr->call->name->name->operator->name
2,41,rectangle_java2.jpg,rectangle_java2.jpg,10811569198,60,1012.972,698.0026666666666,932.5,694,100,21,rect1.area,10,class->block->function->block->block_content->expr_stmt->expr->call->argument_list->argument->expr->call->name->name->operator->name
2,41,rectangle_java2.jpg,rectangle_java2.jpg,10811717273,144,1014.0088888888889,691.6933333333334,932.5,694,100,21,rect1.area,10,class->block->function->block->block_content->expr_stmt->expr->call->argument_list->argument->expr->call->name->name->operator->name
2,41,rectangle_java2.jpg,rectangle_java2.jpg,10811777318,56,1017.2757142857142,677.2721428571429,941.5,658,91,20,Rectangle,9,class->block->function->block->block_content->decl_stmt->decl->init->expr->call->name
2,41,rectangle_java2.jpg,rectangle_java2.jpg,10811921343,140,1013.4708571428572,691.6182857142857,932.5,694,100,21,rect1.area,10,class->block->function->block->block_content->expr_stmt->expr->call->argument_list->argument->expr->call->name->name->operator->name
2,41,rectangle_java2.jpg,rectangle_java2.jpg,10812149305,92,1033.9252173913044,705.3743478260869,1041.5,694,9,21,(,1,class->block->function->block->block_content->expr_stmt->expr->call->argument_list->argument->expr->call->argument_list
2,41,rectangle_java2.jpg,rectangle_java2.jpg,10812285321,88,1013.0422727272727,732.5009090909091,941.5,731,91,20,Rectangle,9,class->block->function->block->block_content->decl_stmt->decl->init->expr->call->name
2,41,rectangle_java2.jpg,rectangle_java2.jpg,10812353337,64,1016.128125,728.14125,941.5,731,91,20,Rectangle,9,class->block->function->block->block_content->decl_stmt->decl->init->expr->call->name
2,41,rectangle_java2.jpg,rectangle_java2.jpg,10812485349,80,1145.3665,721.9925,1134.5,731,22,20,10,2,class->block->function->block->block_content->decl_stmt->decl->init->expr->call->argument_list->argument->expr->literal
2,41,rectangle_java2.jpg,rectangle_java2.jpg,10813489192,132,1211.1724242424243,654.4727272727273,1211.5,658,9,20,),1,class->block->function->block->block_content->decl_stmt->decl->init->expr->call->argument_list
2,41,rectangle_java2.jpg,rectangle_java2.jpg,10813749177,68,1162.9323529411765,721.6582352941176,1163.5,731,10,20,",",1,class->block->function->block->block_content->decl_stmt->decl->init->expr->call->argument_list
2,41,rectangle_java2.jpg,rectangle_java2.jpg,10814141224,72,1055.5277777777778,743.9,1057.5,731,13,20,5,1,class->block->function->block->block_content->decl_stmt->decl->init->expr->call->argument_list->argument->expr->literal
2,41,rectangle_java2.jpg,rectangle_java2.jpg,10814213232,68,1044.080588235294,753.9229411764705,1041.5,766,9,21,(,1,class->block->function->block->block_content->expr_stmt->expr->call->argument_list->argument->expr->call->argument_list
2,41,rectangle_java2.jpg,rectangle_java2.jpg,10814389257,96,1021.66125,784.2320833333333,932.5,766,100,21,rect2.area,10,class->block->function->block->block_content->expr_stmt->expr->call->argument_list->argument->expr->call->name->name->operator->name
2,41,rectangle_java2.jpg,rectangle_java2.jpg,10814609190,172,935.7058139534884,783.2416279069768,932.5,766,100,21,rect2.area,10,class->block->function->block->block_content->expr_stmt->expr->call->argument_list->argument->expr->call->name->name->operator->name
2,41,rectangle_java2.jpg,rectangle_java2.jpg,10814737211,56,939.7407142857143,780.9228571428571,932.5,766,100,21,rect2.area,10,class->block->function->block->block_content->expr_stmt->expr->call->argument_list->argument->expr->call->name->name->operator->name
2,41,rectangle_java2.jpg,rectangle_java2.jpg,10814797228,56,942.3578571428571,776.5135714285715,932.5,766,100,21,rect2.area,10,class->block->function->block->block_content->expr_stmt->expr->call->argument_list->argument->expr->call->name->name->operator->name
2,41,rectangle_java2.jpg,rectangle_java2.jpg,10815181225,68,905.1247058823529,782.9111764705882,730.5,766,177,21,System.out.println,18,class->block->function->block->block_content->expr_stmt->expr->call->name->name->operator->name->operator->name
2,41,rectangle_java2.jpg,rectangle_java2.jpg,10815181225,68,905.1247058823529,782.9111764705882,916.5,766,9,21,(,1,class->block->function->block->block_content->expr_stmt->expr->call->argument_list
2,41,rectangle_java2.jpg,rectangle_java2.jpg,10816048987,72,1080.2183333333332,702.9466666666667,1077.5,694,9,21,),1,class->block->function->block->block_content->expr_stmt->expr->call->argument_list
2,41,rectangle_java2.jpg,rectangle_java2.jpg,10816149006,96,1073.465,711.7516666666667,1077.5,694,9,21,),1,class->block->function->block->block_content->expr_stmt->expr->call->argument_list
2,41,rectangle_java2.jpg,rectangle_java2.jpg,10816221029,68,1076.2258823529412,700.9776470588235,1077.5,694,9,21,),1,class->block->function->block->block_content->expr_stmt->expr->call->argument_list
2,41,rectangle_java2.jpg,rectangle_java2.jpg,10817053052,100,1182.6948,663.1896,1182.5,658,22,20,10,2,class->block->function->block->block_content->decl_stmt->decl->init->expr->call->argument_list->argument->expr->literal
2,41,rectangle_java2.jpg,rectangle_java2.jpg,10818341528,68,732.0488235294117,586.4864705882353,669.5,585,63,21,public,6,class->block->function->type->specifier
2,41,rectangle_java2.jpg,rectangle_java2.jpg,10818341528,68,732.0488235294117,586.4864705882353,737.5,585,62,21,double,6,class->block->function->type->name
2,41,rectangle_java2.jpg,rectangle_java2.jpg,10818417405,72,735.6922222222222,591.838888888889,737.5,585,62,21,double,6,class->block->function->type->name
2,41,rectangle_java2.jpg,rectangle_java2.jpg,10818856970,64,1168.120625,590.661875,1140.5,585,110,21,this.height,11,class->block->function->block->block_content->return->expr->call->name->name->operator->name
2,41,rectangle_java2.jpg,rectangle_java2.jpg,10819040927,96,1178.2541666666666,599.9366666666666,1140.5,585,110,21,this.height,11,class->block->function->block->block_content->return->expr->call->name->name->operator->name
2,41,rectangle_java2.jpg,rectangle_java2.jpg,10819100862,56,1182.0164285714286,586.0714285714286,1140.5,585,110,21,this.height,11,class->block->function->block->block_content->return->expr->call->name->name->operator->name
2,41,rectangle_java2.jpg,rectangle_java2.jpg,10819644806,64,1176.928125,598.559375,1140.5,585,110,21,this.height,11,class->block->function->block->block_content->return->expr->call->name->name->operator->name
2,41,rectangle_java2.jpg,rectangle_java2.jpg,10820480798,144,1110.3719444444444,515.8291666666667,1054.5,512,71,21,this.x1,7,class->block->function->block->block_content->return->expr->name->name->operator->name
2,41,rectangle_java2.jpg,rectangle_java2.jpg,10820596803,112,1107.4442857142858,522.0535714285714,1054.5,512,71,21,this.x1,7,class->block->function->block->block_content->return->expr->name->name->operator->name
2,41,rectangle_java2.jpg,rectangle_java2.jpg,10821800609,56,678.7592857142857,609.7278571428571,669.5,621,63,21,public,6,class->block->function->type->specifier
2,41,rectangle_java2.jpg,rectangle_java2.jpg,10821992620,140,671.4962857142857,574.5494285714286,669.5,585,63,21,public,6,class->block->function->type->specifier
2,41,rectangle_java2.jpg,rectangle_java2.jpg,10822120628,124,677.8629032258065,565.9906451612903,669.5,549,63,21,public,6,class->block->function->type->specifier
2,41,rectangle_java2.jpg,rectangle_java2.jpg,10822224642,60,663.4433333333334,598.638,669.5,585,63,21,public,6,class->block->function->type->specifier
2,41,rectangle_java2.jpg,rectangle_java2.jpg,10822324652,96,657.1254166666666,587.0858333333333,669.5,585,63,21,public,6,class->block->function->type->specifier
2,41,rectangle_java2.jpg,rectangle_java2.jpg,10822672687,140,711.4448571428571,604.9265714285714,669.5,585,63,21,public,6,class->block->function->type->specifier
2,41,rectangle_java2.jpg,rectangle_java2.jpg,10824520586,120,1058.9076666666667,673.4003333333334,1057.5,658,13,20,0,1,class->block->function->block->block_content->decl_stmt->decl->init->expr->call->argument_list->argument->expr->literal
2,41,rectangle_java2.jpg,rectangle_java2.jpg,10824668525,120,1002.79,687.508,932.5,694,100,21,rect1.area,10,class->block->function->block->block_content->expr_stmt->expr->call->argument_list->argument->expr->call->name->name->operator->name
2,41,rectangle_java2.jpg,rectangle_java2.jpg,10824800503,128,1004.0353125,683.1153125,932.5,694,100,21,rect1.area,10,class->block->function->block->block_content->expr_stmt->expr->call->argument_list->argument->expr->call->name->name->operator->name
2,41,rectangle_java2.jpg,rectangle_java2.jpg,10825068394,76,1074.0936842105264,706.8447368421052,1077.5,694,9,21,),1,class->block->function->block->block_content->expr_stmt->expr->call->argument_list
2,41,rectangle_java2.jpg,rectangle_java2.jpg,10825872472,108,1109.2318518518518,650.3088888888889,1115.5,658,10,20,",",1,class->block->function->block->block_content->decl_stmt->decl->init->expr->call->argument_list
2,41,rectangle_java2.jpg,rectangle_java2.jpg,10825940447,64,1100.7775,660.47375,1095.5,658,13,20,0,1,class->block->function->block->block_content->decl_stmt->decl->init->expr->call->argument_list->argument->expr->literal
2,41,rectangle_java2.jpg,rectangle_java2.jpg,10827293023,144,1132.7430555555557,646.8822222222223,1134.5,658,22,20,10,2,class->block->function->block->block_content->decl_stmt->decl->init->expr->call->argument_list->argument->expr->literal
2,41,rectangle_java2.jpg,rectangle_java2.jpg,10827622683,104,1134.8726923076922,659.4350000000001,1134.5,658,22,20,10,2,class->block->function->block->block_content->decl_stmt->decl->init->expr->call->argument_list->argument->expr->literal
2,41,rectangle_java2.jpg,rectangle_java2.jpg,10827818924,140,1130.942,659.192,1134.5,658,22,20,10,2,class->block->function->block->block_content->decl_stmt->decl->init->expr->call->argument_list->argument->expr->literal
2,41,rectangle_java2.jpg,rectangle_java2.jpg,10827938764,116,1141.2934482758621,648.6568965517241,1134.5,658,22,20,10,2,class->block->function->block->block_content->decl_stmt->decl->init->expr->call->argument_list->argument->expr->literal
2,41,rectangle_java2.jpg,rectangle_java2.jpg,10828058562,84,1113.1471428571429,652.9147619047619,1115.5,658,10,20,",",1,class->block->function->block->block_content->decl_stmt->decl->init->expr->call->argument_list
2,41,rectangle_java2.jpg,rectangle_java2.jpg,10828282761,136,1112.6852941176471,650.5441176470588,1115.5,658,10,20,",",1,class->block->function->block->block_content->decl_stmt->decl->init->expr->call->argument_list
2,41,rectangle_java2.jpg,rectangle_java2.jpg,10828414749,128,1109.75625,652.419375,1115.5,658,10,20,",",1,class->block->function->block->block_content->decl_stmt->decl->init->expr->call->argument_list
2,41,rectangle_java2.jpg,rectangle_java2.jpg,10828558785,112,1164.1846428571428,654.8607142857143,1163.5,658,10,20,",",1,class->block->function->block->block_content->decl_stmt->decl->init->expr->call->argument_list
2,41,rectangle_java2.jpg,rectangle_java2.jpg,10828894799,60,736.78,597.4159999999999,737.5,585,62,21,double,6,class->block->function->type->name
2,41,rectangle_java2.jpg,rectangle_java2.jpg,10829027911,128,730.8678125,593.258125,669.5,585,63,21,public,6,class->block->function->type->specifier
2,41,rectangle_java2.jpg,rectangle_java2.jpg,10829027911,128,730.8678125,593.258125,737.5,585,62,21,double,6,class->block->function->type->name
2,41,rectangle_java2.jpg,rectangle_java2.jpg,10829096289,64,730.135,605.82,669.5,585,63,21,public,6,class->block->function->type->specifier
2,41,rectangle_java2.jpg,rectangle_java2.jpg,10829096289,64,730.135,605.82,737.5,585,62,21,double,6,class->block->function->type->name
2,41,rectangle_java2.jpg,rectangle_java2.jpg,10829179653,80,729.02,588.457,669.5,585,63,21,public,6,class->block->function->type->specifier
2,41,rectangle_java2.jpg,rectangle_java2.jpg,10829179653,80,729.02,588.457,737.5,585,62,21,double,6,class->block->function->type->name
2,41,rectangle_java2.jpg,rectangle_java2.jpg,10829330831,128,729.008125,587.07375,669.5,585,63,21,public,6,class->block->function->type->specifier
2,41,rectangle_java2.jpg,rectangle_java2.jpg,10829330831,128,729.008125,587.07375,737.5,585,62,21,double,6,class->block->function->type->name
2,41,rectangle_java2.jpg,rectangle_java2.jpg,10829803105,224,707.4280357142857,587.3128571428572,669.5,585,63,21,public,6,class->block->function->type->specifier
2,41,rectangle_java2.jpg,rectangle_java2.jpg,10829886893,80,700.815,596.859,669.5,585,63,21,public,6,class->block->function->type->specifier
2,41,rectangle_java2.jpg,rectangle_java2.jpg,10830886686,80,683.478,577.2985,669.5,585,63,21,public,6,class->block->function->type->specifier
2,41,rectangle_java2.jpg,rectangle_java2.jpg,10830970696,80,668.2035,581.693,669.5,585,63,21,public,6,class->block->function->type->specifier
2,41,rectangle_java2.jpg,rectangle_java2.jpg,10832846538,136,1041.895588235294,701.3655882352941,1041.5,694,9,21,(,1,class->block->function->block->block_content->expr_stmt->expr->call->argument_list->argument->expr->call->argument_list
2,41,rectangle_java2.jpg,rectangle_java2.jpg,10832962517,92,1042.7586956521739,660.3308695652174,1041.5,658,9,20,(,1,class->block->function->block->block_content->decl_stmt->decl->init->expr->call->argument_list
2,41,rectangle_java2.jpg,rectangle_java2.jpg,10833022514,56,1041.1085714285714,684.3178571428572,1041.5,694,9,21,(,1,class->block->function->block->block_content->expr_stmt->expr->call->argument_list->argument->expr->call->argument_list
2,41,rectangle_java2.jpg,rectangle_java2.jpg,10833362493,60,1119.1113333333333,676.75,1115.5,658,10,20,",",1,class->block->function->block->block_content->decl_stmt->decl->init->expr->call->argument_list
2,41,rectangle_java2.jpg,rectangle_java2.jpg,10833896914,72,722.6255555555556,666.2738888888889,730.5,658,91,20,Rectangle,9,class->block->function->block->block_content->decl_stmt->decl->type->name
2,41,rectangle_java2.jpg,rectangle_java2.jpg,10833957963,56,724.3321428571428,653.5385714285715,730.5,658,91,20,Rectangle,9,class->block->function->block->block_content->decl_stmt->decl->type->name
2,41,rectangle_java2.jpg,rectangle_java2.jpg,10835765539,64,699.97375,639.176875,669.5,621,63,21,public,6,class->block->function->type->specifier
2,41,rectangle_java2.jpg,rectangle_java2.jpg,10836070282,132,708.209393939394,639.1230303030303,669.5,621,63,21,public,6,class->block->function->type->specifier
2,41,rectangle_java2.jpg,rectangle_java2.jpg,10836438241,148,731.3805405405406,663.2351351351351,730.5,658,91,20,Rectangle,9,class->block->function->block->block_content->decl_stmt->decl->type->name
2,41,rectangle_java2.jpg,rectangle_java2.jpg,10837174238,72,993.5683333333334,721.2177777777778,941.5,731,91,20,Rectangle,9,class->block->function->block->block_content->decl_stmt->decl->init->expr->call->name
2,41,rectangle_java2.jpg,rectangle_java2.jpg,10837322223,92,1041.9573913043478,740.3247826086956,1041.5,731,9,20,(,1,class->block->function->block->block_content->decl_stmt->decl->init->expr->call->argument_list
2,41,rectangle_java2.jpg,rectangle_java2.jpg,10837462228,136,1038.3823529411766,736.0852941176471,1041.5,731,9,20,(,1,class->block->function->block->block_content->decl_stmt->decl->init->expr->call->argument_list
2,41,rectangle_java2.jpg,rectangle_java2.jpg,10837690204,224,1038.9892857142856,742.7373214285715,1041.5,731,9,20,(,1,class->block->function->block->block_content->decl_stmt->decl->init->expr->call->argument_list
2,41,rectangle_java2.jpg,rectangle_java2.jpg,10837750176,56,1019.6678571428572,736.9942857142858,941.5,731,91,20,Rectangle,9,class->block->function->block->block_content->decl_stmt->decl->init->expr->call->name
2,41,rectangle_java2.jpg,rectangle_java2.jpg,10838678350,72,710.07,609.0438888888889,669.5,621,63,21,public,6,class->block->function->type->specifier
2,41,rectangle_java2.jpg,rectangle_java2.jpg,10838830117,84,742.3,653.6980952380952,730.5,658,91,20,Rectangle,9,class->block->function->block->block_content->decl_stmt->decl->type->name
2,41,rectangle_java2.jpg,rectangle_java2.jpg,10838942151,108,736.6555555555556,661.2025925925926,730.5,658,91,20,Rectangle,9,class->block->function->block->block_content->decl_stmt->decl->type->name
2,41,rectangle_java2.jpg,rectangle_java2.jpg,10839018140,72,732.1972222222222,648.7977777777778,730.5,658,91,20,Rectangle,9,class->block->function->block->block_content->decl_stmt->decl->type->name
2,41,rectangle_java2.jpg,rectangle_java2.jpg,10839102113,80,737.0855,657.0345,730.5,658,91,20,Rectangle,9,class->block->function->block->block_content->decl_stmt->decl->type->name
2,41,rectangle_java2.jpg,rectangle_java2.jpg,10839757860,92,1179.0047826086957,670.0947826086957,1182.5,658,22,20,10,2,class->block->function->block->block_content->decl_stmt->decl->init->expr->call->argument_list->argument->expr->literal
2,41,rectangle_java2.jpg,rectangle_java2.jpg,10843133878,116,1181.078620689655,730.3444827586206,1182.5,731,22,20,10,2,class->block->function->block->block_content->decl_stmt->decl->init->expr->call->argument_list->argument->expr->literal
2,41,rectangle_java2.jpg,rectangle_java2.jpg,10843205852,68,1180.2964705882353,725.7088235294118,1182.5,731,22,20,10,2,class->block->function->block->block_content->decl_stmt->decl->init->expr->call->argument_list->argument->expr->literal
2,41,rectangle_java2.jpg,rectangle_java2.jpg,10843609684,56,1194.935,744.47,1182.5,731,22,20,10,2,class->block->function->block->block_content->decl_stmt->decl->init->expr->call->argument_list->argument->expr->literal
2,41,rectangle_java2.jpg,rectangle_java2.jpg,10843685639,72,1204.6994444444445,744.585,1211.5,731,9,20,),1,class->block->function->block->block_content->decl_stmt->decl->init->expr->call->argument_list
2,41,rectangle_java2.jpg,rectangle_java2.jpg,10843813699,68,1179.2023529411765,646.9341176470588,1182.5,658,22,20,10,2,class->block->function->block->block_content->decl_stmt->decl->init->expr->call->argument_list->argument->expr->literal
2,41,rectangle_java2.jpg,rectangle_java2.jpg,10843941718,80,1154.798,650.848,1134.5,658,22,20,10,2,class->block->function->block->block_content->decl_stmt->decl->init->expr->call->argument_list->argument->expr->literal
2,41,rectangle_java2.jpg,rectangle_java2.jpg,10843941718,80,1154.798,650.848,1163.5,658,10,20,",",1,class->block->function->block->block_content->decl_stmt->decl->init->expr->call->argument_list
2,41,rectangle_java2.jpg,rectangle_java2.jpg,10844021721,76,1163.1857894736843,654.2373684210527,1163.5,658,10,20,",",1,class->block->function->block->block_content->decl_stmt->decl->init->expr->call->argument_list
2,41,rectangle_java2.jpg,rectangle_java2.jpg,10844402366,60,1181.67,724.354,1182.5,731,22,20,10,2,class->block->function->block->block_content->decl_stmt->decl->init->expr->call->argument_list->argument->expr->literal
2,41,rectangle_java2.jpg,rectangle_java2.jpg,10844638061,64,1193.7625,720.385625,1182.5,731,22,20,10,2,class->block->function->block->block_content->decl_stmt->decl->init->expr->call->argument_list->argument->expr->literal
