trial,participant,code_file,code_language,timestamp,duration,x_cord,y_cord,aoi_x,aoi_y,aoi_width,aoi_height,token,length,srcML
2,49,rectangle_java2.jpg,rectangle_java2.jpg,209584548,224,841.8830357142857,275.86053571428573,833.5,259,23,21,y1,2,class->block->decl_stmt->decl->name
2,49,rectangle_java2.jpg,rectangle_java2.jpg,209668546,72,727.1188888888888,291.505,669.5,295,63,21,public,6,class->block->constructor->specifier
2,49,rectangle_java2.jpg,rectangle_java2.jpg,209668546,72,727.1188888888888,291.505,737.5,295,91,21,Rectangle,9,class->block->constructor->name
2,49,rectangle_java2.jpg,rectangle_java2.jpg,209800534,128,714.2559375,294.249375,669.5,295,63,21,public,6,class->block->constructor->specifier
2,49,rectangle_java2.jpg,rectangle_java2.jpg,209936305,80,709.1085,312.076,669.5,295,63,21,public,6,class->block->constructor->specifier
2,49,rectangle_java2.jpg,rectangle_java2.jpg,210100249,124,798.6967741935484,315.9358064516129,737.5,295,91,21,Rectangle,9,class->block->constructor->name
2,49,rectangle_java2.jpg,rectangle_java2.jpg,210176310,72,803.66,330.65944444444443,806.5,331,15,19,=,1,class->block->constructor->block->block_content->expr_stmt->expr->operator
2,49,rectangle_java2.jpg,rectangle_java2.jpg,210520415,328,942.8641463414634,313.9881707317073,939.5,295,33,21,int,3,class->block->constructor->parameter_list->parameter->decl->type->name
2,49,rectangle_java2.jpg,rectangle_java2.jpg,210596439,72,943.2094444444444,307.605,939.5,295,33,21,int,3,class->block->constructor->parameter_list->parameter->decl->type->name
2,49,rectangle_java2.jpg,rectangle_java2.jpg,210884439,232,768.4663793103448,355.788275862069,730.5,367,71,21,this.y1,7,class->block->constructor->block->block_content->expr_stmt->expr->name->name->operator->name
2,49,rectangle_java2.jpg,rectangle_java2.jpg,211228366,304,816.1890789473684,366.0830263157895,806.5,367,15,21,=,1,class->block->constructor->block->block_content->expr_stmt->expr->operator
2,49,rectangle_java2.jpg,rectangle_java2.jpg,211228366,304,816.1890789473684,366.0830263157895,826.5,367,23,21,y1,2,class->block->constructor->block->block_content->expr_stmt->expr->name->name
2,49,rectangle_java2.jpg,rectangle_java2.jpg,211460412,180,766.5524444444444,410.22622222222225,730.5,404,71,19,this.x2,7,class->block->constructor->block->block_content->expr_stmt->expr->name->name->operator->name
2,49,rectangle_java2.jpg,rectangle_java2.jpg,212208241,276,716.6008695652174,501.43927536231877,669.5,512,63,21,public,6,class->block->function->type->specifier
2,49,rectangle_java2.jpg,rectangle_java2.jpg,212464255,252,715.0887301587302,503.0357142857142,669.5,512,63,21,public,6,class->block->function->type->specifier
2,49,rectangle_java2.jpg,rectangle_java2.jpg,212532290,64,716.484375,512.425625,669.5,512,63,21,public,6,class->block->function->type->specifier
2,49,rectangle_java2.jpg,rectangle_java2.jpg,213336300,108,1077.7955555555557,503.18296296296296,1054.5,512,71,21,this.x1,7,class->block->function->block->block_content->return->expr->name->name->operator->name
2,49,rectangle_java2.jpg,rectangle_java2.jpg,213812099,156,798.3966666666666,502.7953846153846,775.5,512,53,21,width,5,class->block->function->name
2,49,rectangle_java2.jpg,rectangle_java2.jpg,213956115,116,989.773448275862,505.1010344827587,958.5,512,71,21,this.x2,7,class->block->function->block->block_content->return->expr->name->name->operator->name->operator
2,49,rectangle_java2.jpg,rectangle_java2.jpg,214272203,108,1114.6677777777777,503.9955555555555,1054.5,512,71,21,this.x1,7,class->block->function->block->block_content->return->expr->name->name->operator->name
2,49,rectangle_java2.jpg,rectangle_java2.jpg,214740261,464,1118.0060344827587,504.701724137931,1054.5,512,71,21,this.x1,7,class->block->function->block->block_content->return->expr->name->name->operator->name
2,49,rectangle_java2.jpg,rectangle_java2.jpg,215148166,336,753.7060714285715,499.9207142857142,737.5,512,33,21,int,3,class->block->function->type->name
2,49,rectangle_java2.jpg,rectangle_java2.jpg,215216133,64,750.211875,509.75,737.5,512,33,21,int,3,class->block->function->type->name
2,49,rectangle_java2.jpg,rectangle_java2.jpg,215872107,208,891.26,297.35692307692307,890.5,295,24,21,x1,2,class->block->constructor->parameter_list->parameter->decl->type->name
2,49,rectangle_java2.jpg,rectangle_java2.jpg,216004130,128,893.651875,296.7871875,890.5,295,24,21,x1,2,class->block->constructor->parameter_list->parameter->decl->type->name
2,49,rectangle_java2.jpg,rectangle_java2.jpg,216276044,240,954.8648333333333,299.341,939.5,295,33,21,int,3,class->block->constructor->parameter_list->parameter->decl->type->name
2,49,rectangle_java2.jpg,rectangle_java2.jpg,216384038,92,1045.0334782608695,298.39217391304345,1025.5,295,33,21,int,3,class->block->constructor->parameter_list->parameter->decl->type->name
2,49,rectangle_java2.jpg,rectangle_java2.jpg,216692018,304,1045.1803947368421,303.3367105263158,1025.5,295,33,21,int,3,class->block->constructor->parameter_list->parameter->decl->type->name
2,49,rectangle_java2.jpg,rectangle_java2.jpg,216768013,72,1050.4016666666666,296.11555555555555,1025.5,295,33,21,int,3,class->block->constructor->parameter_list->parameter->decl->type->name
2,49,rectangle_java2.jpg,rectangle_java2.jpg,217112004,280,1103.7494285714286,522.4351428571429,1054.5,512,71,21,this.x1,7,class->block->function->block->block_content->return->expr->name->name->operator->name
2,49,rectangle_java2.jpg,rectangle_java2.jpg,217220020,104,1103.3023076923077,531.8207692307692,1054.5,512,71,21,this.x1,7,class->block->function->block->block_content->return->expr->name->name->operator->name
2,49,rectangle_java2.jpg,rectangle_java2.jpg,217587912,328,1132.6871951219512,514.0926829268293,1132.5,512,10,21,;,1,class->block->function->block
2,49,rectangle_java2.jpg,rectangle_java2.jpg,217655926,64,1128.4175,518.54875,1132.5,512,10,21,;,1,class->block->function->block
2,49,rectangle_java2.jpg,rectangle_java2.jpg,217899956,192,1012.1847916666667,529.7616666666667,958.5,512,71,21,this.x2,7,class->block->function->block->block_content->return->expr->name->name->operator->name->operator
2,49,rectangle_java2.jpg,rectangle_java2.jpg,218307933,240,740.1376666666666,538.8435,737.5,549,33,21,int,3,class->block->function->type->name
2,49,rectangle_java2.jpg,rectangle_java2.jpg,218563867,216,746.6861111111111,575.5092592592592,737.5,585,62,21,double,6,class->block->function->type->name
2,49,rectangle_java2.jpg,rectangle_java2.jpg,218807983,176,904.4395454545455,575.7415909090909,910.5,585,62,21,return,6,class->block->function->block->block_content->return
2,49,rectangle_java2.jpg,rectangle_java2.jpg,219015939,168,1035.7707142857143,575.3545238095238,977.5,585,101,21,this.width,10,class->block->function->block->block_content->return->expr->call->name->name->operator->name
2,49,rectangle_java2.jpg,rectangle_java2.jpg,219171933,80,1205.9515000000001,583.002,1140.5,585,110,21,this.height,11,class->block->function->block->block_content->return->expr->call->name->name->operator->name
2,49,rectangle_java2.jpg,rectangle_java2.jpg,219327765,128,709.1596875,610.235625,669.5,621,63,21,public,6,class->block->function->type->specifier
2,49,rectangle_java2.jpg,rectangle_java2.jpg,219887859,272,913.7089705882353,613.4666176470588,920.5,621,62,21,String,6,class->block->function->parameter_list->parameter->decl->type->name->name
2,49,rectangle_java2.jpg,rectangle_java2.jpg,220015783,92,678.2347826086957,622.4413043478261,669.5,621,63,21,public,6,class->block->function->type->specifier
2,49,rectangle_java2.jpg,rectangle_java2.jpg,220207845,188,668.2665957446809,632.4136170212765,669.5,621,63,21,public,6,class->block->function->type->specifier
2,49,rectangle_java2.jpg,rectangle_java2.jpg,220335791,124,658.6506451612903,624.0264516129032,669.5,621,63,21,public,6,class->block->function->type->specifier
2,49,rectangle_java2.jpg,rectangle_java2.jpg,220631706,292,665.2458904109589,632.1734246575343,669.5,621,63,21,public,6,class->block->function->type->specifier
2,49,rectangle_java2.jpg,rectangle_java2.jpg,221079724,276,709.8040579710145,269.8563768115942,669.5,259,72,21,private,7,class->block->decl_stmt->decl->type->specifier
2,49,rectangle_java2.jpg,rectangle_java2.jpg,221359626,96,827.17125,625.38125,804.5,621,44,21,void,4,class->block->function->type->name
2,49,rectangle_java2.jpg,rectangle_java2.jpg,221603653,160,891.1965,637.35225,851.5,621,44,21,main,4,class->block->function->name
2,49,rectangle_java2.jpg,rectangle_java2.jpg,221699651,92,882.8765217391305,625.0191304347826,851.5,621,44,21,main,4,class->block->function->name
2,49,rectangle_java2.jpg,rectangle_java2.jpg,221895640,164,968.8443902439025,604.0702439024391,910.5,585,62,21,return,6,class->block->function->block->block_content->return
2,49,rectangle_java2.jpg,rectangle_java2.jpg,221895640,164,968.8443902439025,604.0702439024391,977.5,585,101,21,this.width,10,class->block->function->block->block_content->return->expr->call->name->name->operator->name
2,49,rectangle_java2.jpg,rectangle_java2.jpg,221955628,56,974.18,621.4771428571429,920.5,621,62,21,String,6,class->block->function->parameter_list->parameter->decl->type->name->name
2,49,rectangle_java2.jpg,rectangle_java2.jpg,222407628,236,977.183220338983,298.13254237288135,977.5,295,23,21,y1,2,class->block->constructor->parameter_list->parameter->decl->type->name
2,49,rectangle_java2.jpg,rectangle_java2.jpg,222599623,156,772.9933333333333,371.76846153846157,730.5,367,71,21,this.y1,7,class->block->constructor->block->block_content->expr_stmt->expr->name->name->operator->name
2,49,rectangle_java2.jpg,rectangle_java2.jpg,222683655,80,764.918,378.9865,730.5,367,71,21,this.y1,7,class->block->constructor->block->block_content->expr_stmt->expr->name->name->operator->name
2,49,rectangle_java2.jpg,rectangle_java2.jpg,222867738,148,814.2797297297298,406.62135135135134,806.5,404,15,19,=,1,class->block->constructor->block->block_content->expr_stmt->expr->operator
2,49,rectangle_java2.jpg,rectangle_java2.jpg,222867738,148,814.2797297297298,406.62135135135134,826.5,404,23,19,x2,2,class->block->constructor->block->block_content->expr_stmt->expr->name->name
2,49,rectangle_java2.jpg,rectangle_java2.jpg,223215570,300,746.4557333333333,440.20106666666675,730.5,440,71,21,this.y2,7,class->block->constructor->block->block_content->expr_stmt->expr->name->name->operator->name
2,49,rectangle_java2.jpg,rectangle_java2.jpg,223287556,68,746.8670588235294,443.2288235294118,730.5,440,71,21,this.y2,7,class->block->constructor->block->block_content->expr_stmt->expr->name->name->operator->name
2,49,rectangle_java2.jpg,rectangle_java2.jpg,223543558,200,1023.0418,503.42920000000004,958.5,512,71,21,this.x2,7,class->block->function->block->block_content->return->expr->name->name->operator->name->operator
2,49,rectangle_java2.jpg,rectangle_java2.jpg,223543558,200,1023.0418,503.42920000000004,1035.5,512,13,21,-,1,class->block->function->block->block_content->return->expr->name->name
2,49,rectangle_java2.jpg,rectangle_java2.jpg,223767561,128,940.086875,664.0446875,941.5,658,91,20,Rectangle,9,class->block->function->block->block_content->decl_stmt->decl->init->expr->call->name
2,49,rectangle_java2.jpg,rectangle_java2.jpg,223995544,116,883.8406896551725,639.508275862069,851.5,621,44,21,main,4,class->block->function->name
2,49,rectangle_java2.jpg,rectangle_java2.jpg,224115537,60,878.6419999999999,641.6453333333334,851.5,621,44,21,main,4,class->block->function->name
2,49,rectangle_java2.jpg,rectangle_java2.jpg,224287536,120,716.945,611.7826666666666,669.5,621,63,21,public,6,class->block->function->type->specifier
2,49,rectangle_java2.jpg,rectangle_java2.jpg,224535548,244,716.3349180327868,613.1183606557377,669.5,621,63,21,public,6,class->block->function->type->specifier
2,49,rectangle_java2.jpg,rectangle_java2.jpg,224603570,64,717.09125,610.37875,669.5,621,63,21,public,6,class->block->function->type->specifier
2,49,rectangle_java2.jpg,rectangle_java2.jpg,224779559,84,914.8309523809523,588.4790476190476,910.5,585,62,21,return,6,class->block->function->block->block_content->return
2,49,rectangle_java2.jpg,rectangle_java2.jpg,224891489,60,927.1486666666667,598.1986666666667,910.5,585,62,21,return,6,class->block->function->block->block_content->return
2,49,rectangle_java2.jpg,rectangle_java2.jpg,225387343,92,776.6321739130435,694.6604347826087,730.5,694,177,21,System.out.println,18,class->block->function->block->block_content->expr_stmt->expr->call->name->name->operator->name->operator->name
2,49,rectangle_java2.jpg,rectangle_java2.jpg,226507443,240,766.9745,661.8316666666667,730.5,658,91,20,Rectangle,9,class->block->function->block->block_content->decl_stmt->decl->type->name
2,49,rectangle_java2.jpg,rectangle_java2.jpg,226651412,72,914.6372222222222,598.1866666666667,910.5,585,62,21,return,6,class->block->function->block->block_content->return
2,49,rectangle_java2.jpg,rectangle_java2.jpg,226739358,84,919.6971428571428,604.2152380952381,910.5,585,62,21,return,6,class->block->function->block->block_content->return
2,49,rectangle_java2.jpg,rectangle_java2.jpg,226807317,64,918.201875,605.21,910.5,585,62,21,return,6,class->block->function->block->block_content->return
2,49,rectangle_java2.jpg,rectangle_java2.jpg,227039333,228,921.1494736842105,609.8543859649122,920.5,621,62,21,String,6,class->block->function->parameter_list->parameter->decl->type->name->name
2,49,rectangle_java2.jpg,rectangle_java2.jpg,227759296,204,1014.071568627451,297.54058823529414,1007.5,295,10,21,",",1,class->block->constructor->parameter_list
2,49,rectangle_java2.jpg,rectangle_java2.jpg,227759296,204,1014.071568627451,297.54058823529414,1025.5,295,33,21,int,3,class->block->constructor->parameter_list->parameter->decl->type->name
2,49,rectangle_java2.jpg,rectangle_java2.jpg,227899334,136,1008.9920588235294,290.9426470588235,1007.5,295,10,21,",",1,class->block->constructor->parameter_list
2,49,rectangle_java2.jpg,rectangle_java2.jpg,227979331,76,1008.8221052631579,291.53,1007.5,295,10,21,",",1,class->block->constructor->parameter_list
2,49,rectangle_java2.jpg,rectangle_java2.jpg,228051312,68,1014.3841176470588,286.58882352941174,1007.5,295,10,21,",",1,class->block->constructor->parameter_list
2,49,rectangle_java2.jpg,rectangle_java2.jpg,228051312,68,1014.3841176470588,286.58882352941174,1025.5,295,33,21,int,3,class->block->constructor->parameter_list->parameter->decl->type->name
2,49,rectangle_java2.jpg,rectangle_java2.jpg,228215286,128,1063.63875,309.9134375,1063.5,295,23,21,x2,2,class->block->constructor->parameter_list->parameter->decl->type->name
2,49,rectangle_java2.jpg,rectangle_java2.jpg,228347284,84,1125.4780952380952,513.9866666666667,1054.5,512,71,21,this.x1,7,class->block->function->block->block_content->return->expr->name->name->operator->name
2,49,rectangle_java2.jpg,rectangle_java2.jpg,228347284,84,1125.4780952380952,513.9866666666667,1132.5,512,10,21,;,1,class->block->function->block
2,49,rectangle_java2.jpg,rectangle_java2.jpg,228415283,64,1123.366875,515.843125,1054.5,512,71,21,this.x1,7,class->block->function->block->block_content->return->expr->name->name->operator->name
2,49,rectangle_java2.jpg,rectangle_java2.jpg,228415283,64,1123.366875,515.843125,1132.5,512,10,21,;,1,class->block->function->block
2,49,rectangle_java2.jpg,rectangle_java2.jpg,228555295,136,1100.2223529411765,502.40999999999997,1054.5,512,71,21,this.x1,7,class->block->function->block->block_content->return->expr->name->name->operator->name
2,49,rectangle_java2.jpg,rectangle_java2.jpg,228627200,60,1022.414,505.0333333333333,958.5,512,71,21,this.x2,7,class->block->function->block->block_content->return->expr->name->name->operator->name->operator
2,49,rectangle_java2.jpg,rectangle_java2.jpg,228739008,108,1022.3762962962963,512.6703703703704,958.5,512,71,21,this.x2,7,class->block->function->block->block_content->return->expr->name->name->operator->name->operator
2,49,rectangle_java2.jpg,rectangle_java2.jpg,228935016,108,1112.1892592592592,509.1600000000001,1054.5,512,71,21,this.x1,7,class->block->function->block->block_content->return->expr->name->name->operator->name
2,49,rectangle_java2.jpg,rectangle_java2.jpg,229131129,192,1116.78125,502.28625,1054.5,512,71,21,this.x1,7,class->block->function->block->block_content->return->expr->name->name->operator->name
2,49,rectangle_java2.jpg,rectangle_java2.jpg,229327139,140,954.0434285714285,617.1288571428571,920.5,621,62,21,String,6,class->block->function->parameter_list->parameter->decl->type->name->name
2,49,rectangle_java2.jpg,rectangle_java2.jpg,229443143,112,960.5875,625.5085714285715,920.5,621,62,21,String,6,class->block->function->parameter_list->parameter->decl->type->name->name
2,49,rectangle_java2.jpg,rectangle_java2.jpg,229663194,180,957.5186666666667,623.3171111111111,920.5,621,62,21,String,6,class->block->function->parameter_list->parameter->decl->type->name->name
2,49,rectangle_java2.jpg,rectangle_java2.jpg,229959168,292,963.0572602739726,635.22,920.5,621,62,21,String,6,class->block->function->parameter_list->parameter->decl->type->name->name
2,49,rectangle_java2.jpg,rectangle_java2.jpg,230119158,124,822.2025806451613,617.0967741935484,804.5,621,44,21,void,4,class->block->function->type->name
2,49,rectangle_java2.jpg,rectangle_java2.jpg,230311160,72,716.6227777777777,622.3727777777777,669.5,621,63,21,public,6,class->block->function->type->specifier
2,49,rectangle_java2.jpg,rectangle_java2.jpg,230503002,188,713.1946808510638,627.0653191489362,669.5,621,63,21,public,6,class->block->function->type->specifier
2,49,rectangle_java2.jpg,rectangle_java2.jpg,230710932,124,905.7345161290323,629.2577419354839,904.5,621,9,21,(,1,class->block->function->parameter_list
2,49,rectangle_java2.jpg,rectangle_java2.jpg,231299075,104,787.075,719.6692307692308,730.5,731,91,20,Rectangle,9,class->block->function->block->block_content->decl_stmt->decl->type->name
2,49,rectangle_java2.jpg,rectangle_java2.jpg,231663082,84,902.625238095238,707.4142857142857,730.5,694,177,21,System.out.println,18,class->block->function->block->block_content->expr_stmt->expr->call->name->name->operator->name->operator->name
2,49,rectangle_java2.jpg,rectangle_java2.jpg,231819060,116,889.6344827586207,738.7679310344828,883.5,731,15,20,=,1,class->block->function->block->block_content->decl_stmt->decl->init
2,49,rectangle_java2.jpg,rectangle_java2.jpg,231899049,76,886.9273684210526,750.8084210526316,883.5,731,15,20,=,1,class->block->function->block->block_content->decl_stmt->decl->init
2,49,rectangle_java2.jpg,rectangle_java2.jpg,231991036,88,889.3504545454546,764.2668181818182,730.5,766,177,21,System.out.println,18,class->block->function->block->block_content->expr_stmt->expr->call->name->name->operator->name->operator->name
2,49,rectangle_java2.jpg,rectangle_java2.jpg,232422678,76,753.4826315789473,766.2336842105263,730.5,766,177,21,System.out.println,18,class->block->function->block->block_content->expr_stmt->expr->call->name->name->operator->name->operator->name
2,49,rectangle_java2.jpg,rectangle_java2.jpg,232570866,88,747.2995454545454,781.1354545454545,730.5,766,177,21,System.out.println,18,class->block->function->block->block_content->expr_stmt->expr->call->name->name->operator->name->operator->name
2,49,rectangle_java2.jpg,rectangle_java2.jpg,232710914,68,940.8017647058823,689.9905882352941,932.5,694,100,21,rect1.area,10,class->block->function->block->block_content->expr_stmt->expr->call->argument_list->argument->expr->call->name->name->operator->name
2,49,rectangle_java2.jpg,rectangle_java2.jpg,232822894,108,950.1881481481481,692.3448148148149,932.5,694,100,21,rect1.area,10,class->block->function->block->block_content->expr_stmt->expr->call->argument_list->argument->expr->call->name->name->operator->name
2,49,rectangle_java2.jpg,rectangle_java2.jpg,233066958,240,954.7145,695.2763333333334,932.5,694,100,21,rect1.area,10,class->block->function->block->block_content->expr_stmt->expr->call->argument_list->argument->expr->call->name->name->operator->name
2,49,rectangle_java2.jpg,rectangle_java2.jpg,233158934,88,957.4522727272728,705.6368181818182,932.5,694,100,21,rect1.area,10,class->block->function->block->block_content->expr_stmt->expr->call->argument_list->argument->expr->call->name->name->operator->name
2,49,rectangle_java2.jpg,rectangle_java2.jpg,233922926,416,925.403173076923,731.0350961538461,902.5,731,34,20,new,3,class->block->function->block->block_content->decl_stmt->decl->init->expr->operator
2,49,rectangle_java2.jpg,rectangle_java2.jpg,234186787,260,921.16,737.4573846153846,902.5,731,34,20,new,3,class->block->function->block->block_content->decl_stmt->decl->init->expr->operator
2,49,rectangle_java2.jpg,rectangle_java2.jpg,234594823,196,940.9034693877551,301.5908163265306,939.5,295,33,21,int,3,class->block->constructor->parameter_list->parameter->decl->type->name
2,49,rectangle_java2.jpg,rectangle_java2.jpg,234670849,72,943.6038888888888,290.0105555555556,939.5,295,33,21,int,3,class->block->constructor->parameter_list->parameter->decl->type->name
2,49,rectangle_java2.jpg,rectangle_java2.jpg,234950836,240,1031.0851666666667,306.552,1025.5,295,33,21,int,3,class->block->constructor->parameter_list->parameter->decl->type->name
2,49,rectangle_java2.jpg,rectangle_java2.jpg,235418807,104,1040.9892307692307,306.3538461538462,1025.5,295,33,21,int,3,class->block->constructor->parameter_list->parameter->decl->type->name
2,49,rectangle_java2.jpg,rectangle_java2.jpg,235550799,128,1034.545625,315.4725,1025.5,295,33,21,int,3,class->block->constructor->parameter_list->parameter->decl->type->name
2,49,rectangle_java2.jpg,rectangle_java2.jpg,235738773,156,931.3297435897435,296.0876923076923,939.5,295,33,21,int,3,class->block->constructor->parameter_list->parameter->decl->type->name
2,49,rectangle_java2.jpg,rectangle_java2.jpg,235870754,128,933.2284375,310.5925,939.5,295,33,21,int,3,class->block->constructor->parameter_list->parameter->decl->type->name
2,49,rectangle_java2.jpg,rectangle_java2.jpg,235986760,112,927.7932142857143,296.66285714285715,921.5,295,9,21,",",1,class->block->constructor->parameter_list
2,49,rectangle_java2.jpg,rectangle_java2.jpg,235986760,112,927.7932142857143,296.66285714285715,939.5,295,33,21,int,3,class->block->constructor->parameter_list->parameter->decl->type->name
2,49,rectangle_java2.jpg,rectangle_java2.jpg,236082722,60,960.0746666666666,307.71933333333334,939.5,295,33,21,int,3,class->block->constructor->parameter_list->parameter->decl->type->name
2,49,rectangle_java2.jpg,rectangle_java2.jpg,236218659,132,959.7148484848485,301.69939393939393,939.5,295,33,21,int,3,class->block->constructor->parameter_list->parameter->decl->type->name
2,49,rectangle_java2.jpg,rectangle_java2.jpg,236334677,112,961.0675,311.75964285714286,939.5,295,33,21,int,3,class->block->constructor->parameter_list->parameter->decl->type->name
2,49,rectangle_java2.jpg,rectangle_java2.jpg,236446700,108,958.3629629629629,304.8159259259259,939.5,295,33,21,int,3,class->block->constructor->parameter_list->parameter->decl->type->name
2,49,rectangle_java2.jpg,rectangle_java2.jpg,236654690,120,1018.4123333333333,313.594,1025.5,295,33,21,int,3,class->block->constructor->parameter_list->parameter->decl->type->name
2,49,rectangle_java2.jpg,rectangle_java2.jpg,236750685,92,1016.5082608695652,308.7273913043478,1007.5,295,10,21,",",1,class->block->constructor->parameter_list
2,49,rectangle_java2.jpg,rectangle_java2.jpg,236750685,92,1016.5082608695652,308.7273913043478,1025.5,295,33,21,int,3,class->block->constructor->parameter_list->parameter->decl->type->name
2,49,rectangle_java2.jpg,rectangle_java2.jpg,236962660,208,1019.8492307692308,315.49442307692306,1025.5,295,33,21,int,3,class->block->constructor->parameter_list->parameter->decl->type->name
2,49,rectangle_java2.jpg,rectangle_java2.jpg,237078660,112,1018.3835714285714,314.28535714285715,1025.5,295,33,21,int,3,class->block->constructor->parameter_list->parameter->decl->type->name
2,49,rectangle_java2.jpg,rectangle_java2.jpg,237226672,92,938.9908695652174,593.138695652174,910.5,585,62,21,return,6,class->block->function->block->block_content->return
2,49,rectangle_java2.jpg,rectangle_java2.jpg,237294684,64,935.11125,583.253125,910.5,585,62,21,return,6,class->block->function->block->block_content->return
2,49,rectangle_java2.jpg,rectangle_java2.jpg,237494686,128,931.63125,589.5228125,910.5,585,62,21,return,6,class->block->function->block->block_content->return
2,49,rectangle_java2.jpg,rectangle_java2.jpg,237670665,116,1047.3258620689655,581.3020689655173,977.5,585,101,21,this.width,10,class->block->function->block->block_content->return->expr->call->name->name->operator->name
2,49,rectangle_java2.jpg,rectangle_java2.jpg,237874624,60,1048.4846666666667,580.6733333333333,977.5,585,101,21,this.width,10,class->block->function->block->block_content->return->expr->call->name->name->operator->name
2,49,rectangle_java2.jpg,rectangle_java2.jpg,237934588,56,1041.08,572.605,977.5,585,101,21,this.width,10,class->block->function->block->block_content->return->expr->call->name->name->operator->name
2,49,rectangle_java2.jpg,rectangle_java2.jpg,238118532,160,985.484,557.26225,968.5,549,70,21,this.y2,7,class->block->function->block->block_content->return->expr->name->name->operator->name
2,49,rectangle_java2.jpg,rectangle_java2.jpg,238290562,168,983.63,553.3159523809524,968.5,549,70,21,this.y2,7,class->block->function->block->block_content->return->expr->name->name->operator->name
2,49,rectangle_java2.jpg,rectangle_java2.jpg,238490566,156,1097.6266666666668,581.126923076923,1103.5,585,9,21,),1,class->block->function->block->block_content->return->expr->call->argument_list
2,49,rectangle_java2.jpg,rectangle_java2.jpg,238598557,60,1217.9786666666666,580.024,1140.5,585,110,21,this.height,11,class->block->function->block->block_content->return->expr->call->name->name->operator->name
2,49,rectangle_java2.jpg,rectangle_java2.jpg,238798600,196,1221.3442857142857,573.3373469387756,1140.5,585,110,21,this.height,11,class->block->function->block->block_content->return->expr->call->name->name->operator->name
2,49,rectangle_java2.jpg,rectangle_java2.jpg,239118451,220,852.5534545454545,581.3125454545454,856.5,585,9,21,(,1,class->block->function->parameter_list
2,49,rectangle_java2.jpg,rectangle_java2.jpg,239490528,228,852.7010526315789,575.8243859649123,856.5,585,9,21,(,1,class->block->function->parameter_list
2,49,rectangle_java2.jpg,rectangle_java2.jpg,239682538,168,805.4457142857143,554.4014285714286,775.5,549,62,21,height,6,class->block->function->name
2,49,rectangle_java2.jpg,rectangle_java2.jpg,239878501,160,990.21975,529.19425,958.5,512,71,21,this.x2,7,class->block->function->block->block_content->return->expr->name->name->operator->name->operator
2,49,rectangle_java2.jpg,rectangle_java2.jpg,240326411,100,1058.8148,508.3055999999999,1054.5,512,71,21,this.x1,7,class->block->function->block->block_content->return->expr->name->name->operator->name
2,49,rectangle_java2.jpg,rectangle_java2.jpg,240482470,152,1060.9605263157894,511.0752631578947,1054.5,512,71,21,this.x1,7,class->block->function->block->block_content->return->expr->name->name->operator->name
2,49,rectangle_java2.jpg,rectangle_java2.jpg,240738481,144,1012.9494444444445,506.7683333333333,958.5,512,71,21,this.x2,7,class->block->function->block->block_content->return->expr->name->name->operator->name->operator
2,49,rectangle_java2.jpg,rectangle_java2.jpg,240930425,188,1003.7802127659575,511.02829787234043,958.5,512,71,21,this.x2,7,class->block->function->block->block_content->return->expr->name->name->operator->name->operator
2,49,rectangle_java2.jpg,rectangle_java2.jpg,241102388,112,774.5067857142857,500.91392857142864,775.5,512,53,21,width,5,class->block->function->name
2,49,rectangle_java2.jpg,rectangle_java2.jpg,241262388,156,771.8820512820513,504.95974358974354,775.5,512,53,21,width,5,class->block->function->name
2,49,rectangle_java2.jpg,rectangle_java2.jpg,241650448,124,1017.0241935483871,300.9348387096774,1007.5,295,10,21,",",1,class->block->constructor->parameter_list
2,49,rectangle_java2.jpg,rectangle_java2.jpg,241650448,124,1017.0241935483871,300.9348387096774,1025.5,295,33,21,int,3,class->block->constructor->parameter_list->parameter->decl->type->name
2,49,rectangle_java2.jpg,rectangle_java2.jpg,241922223,268,1011.9674626865672,300.8679104477612,1007.5,295,10,21,",",1,class->block->constructor->parameter_list
2,49,rectangle_java2.jpg,rectangle_java2.jpg,242138279,212,1008.5911320754717,308.24301886792455,1007.5,295,10,21,",",1,class->block->constructor->parameter_list
2,49,rectangle_java2.jpg,rectangle_java2.jpg,242430307,288,1008.2855555555556,313.20652777777775,1007.5,295,10,21,",",1,class->block->constructor->parameter_list
2,49,rectangle_java2.jpg,rectangle_java2.jpg,242610283,136,941.6258823529412,314.40647058823527,939.5,295,33,21,int,3,class->block->constructor->parameter_list->parameter->decl->type->name
2,49,rectangle_java2.jpg,rectangle_java2.jpg,242882324,172,937.6148837209303,527.5493023255814,891.5,512,62,21,return,6,class->block->function->block->block_content->return->expr->name->name
2,49,rectangle_java2.jpg,rectangle_java2.jpg,243026305,100,968.7692,694.6012,932.5,694,100,21,rect1.area,10,class->block->function->block->block_content->expr_stmt->expr->call->argument_list->argument->expr->call->name->name->operator->name
2,49,rectangle_java2.jpg,rectangle_java2.jpg,243278266,224,952.2573214285715,624.9023214285714,920.5,621,62,21,String,6,class->block->function->parameter_list->parameter->decl->type->name->name
2,49,rectangle_java2.jpg,rectangle_java2.jpg,243934149,192,983.2641666666667,290.1175,977.5,295,23,21,y1,2,class->block->constructor->parameter_list->parameter->decl->type->name
2,49,rectangle_java2.jpg,rectangle_java2.jpg,244158159,160,906.899,303.79975,890.5,295,24,21,x1,2,class->block->constructor->parameter_list->parameter->decl->type->name
2,49,rectangle_java2.jpg,rectangle_java2.jpg,244262138,100,898.6304,309.9368,890.5,295,24,21,x1,2,class->block->constructor->parameter_list->parameter->decl->type->name
2,49,rectangle_java2.jpg,rectangle_java2.jpg,244538147,264,1016.4075757575757,297.8678787878788,1007.5,295,10,21,",",1,class->block->constructor->parameter_list
2,49,rectangle_java2.jpg,rectangle_java2.jpg,244538147,264,1016.4075757575757,297.8678787878788,1025.5,295,33,21,int,3,class->block->constructor->parameter_list->parameter->decl->type->name
2,49,rectangle_java2.jpg,rectangle_java2.jpg,244802208,116,722.7127586206897,779.4624137931035,730.5,766,177,21,System.out.println,18,class->block->function->block->block_content->expr_stmt->expr->call->name->name->operator->name->operator->name
2,49,rectangle_java2.jpg,rectangle_java2.jpg,244886205,80,725.377,783.894,730.5,766,177,21,System.out.println,18,class->block->function->block->block_content->expr_stmt->expr->call->name->name->operator->name->operator->name
2,49,rectangle_java2.jpg,rectangle_java2.jpg,245090200,92,973.04,304.09608695652173,977.5,295,23,21,y1,2,class->block->constructor->parameter_list->parameter->decl->type->name
2,49,rectangle_java2.jpg,rectangle_java2.jpg,245162216,68,972.2123529411765,297.0629411764706,939.5,295,33,21,int,3,class->block->constructor->parameter_list->parameter->decl->type->name
2,49,rectangle_java2.jpg,rectangle_java2.jpg,245162216,68,972.2123529411765,297.0629411764706,977.5,295,23,21,y1,2,class->block->constructor->parameter_list->parameter->decl->type->name
2,49,rectangle_java2.jpg,rectangle_java2.jpg,245694016,156,963.4579487179487,284.60205128205126,939.5,295,33,21,int,3,class->block->constructor->parameter_list->parameter->decl->type->name
2,49,rectangle_java2.jpg,rectangle_java2.jpg,245766054,68,966.35,277.0005882352941,959.5,259,10,21,;,1,class->block->decl_stmt
2,49,rectangle_java2.jpg,rectangle_java2.jpg,246018040,120,1074.103,537.4306666666666,1064.5,549,71,21,this.y1,7,class->block->function->block->block_content->return->expr->name->name->operator->name
2,49,rectangle_java2.jpg,rectangle_java2.jpg,246209997,80,991.1825,636.832,990.5,621,10,21,[,1,class->block->function->parameter_list->parameter->decl->type->name->index
2,49,rectangle_java2.jpg,rectangle_java2.jpg,246269997,56,985.4985714285714,631.6964285714286,990.5,621,10,21,[,1,class->block->function->parameter_list->parameter->decl->type->name->index
2,49,rectangle_java2.jpg,rectangle_java2.jpg,246330008,56,997.9385714285714,631.3942857142857,990.5,621,10,21,[,1,class->block->function->parameter_list->parameter->decl->type->name->index
2,49,rectangle_java2.jpg,rectangle_java2.jpg,246330008,56,997.9385714285714,631.3942857142857,1007.5,621,10,21,],1,class->block->function->parameter_list->parameter->decl->type->name->index
2,49,rectangle_java2.jpg,rectangle_java2.jpg,246610118,240,915.5556666666666,638.1571666666666,920.5,621,62,21,String,6,class->block->function->parameter_list->parameter->decl->type->name->name
2,49,rectangle_java2.jpg,rectangle_java2.jpg,246730089,116,919.2189655172414,640.1993103448276,920.5,621,62,21,String,6,class->block->function->parameter_list->parameter->decl->type->name->name
2,49,rectangle_java2.jpg,rectangle_java2.jpg,246830043,96,924.48375,634.8379166666666,920.5,621,62,21,String,6,class->block->function->parameter_list->parameter->decl->type->name->name
2,49,rectangle_java2.jpg,rectangle_java2.jpg,247186023,292,889.6617808219178,722.8819178082192,883.5,731,15,20,=,1,class->block->function->block->block_content->decl_stmt->decl->init
2,49,rectangle_java2.jpg,rectangle_java2.jpg,247313957,124,886.9967741935484,706.7329032258065,730.5,694,177,21,System.out.println,18,class->block->function->block->block_content->expr_stmt->expr->call->name->name->operator->name->operator->name
2,49,rectangle_java2.jpg,rectangle_java2.jpg,248037977,280,856.9421428571428,263.087,863.5,259,10,21,",",1,class->block->decl_stmt
2,49,rectangle_java2.jpg,rectangle_java2.jpg,248277936,236,853.9066101694915,272.00118644067794,833.5,259,23,21,y1,2,class->block->decl_stmt->decl->name
2,49,rectangle_java2.jpg,rectangle_java2.jpg,248277936,236,853.9066101694915,272.00118644067794,863.5,259,10,21,",",1,class->block->decl_stmt
2,49,rectangle_java2.jpg,rectangle_java2.jpg,248425909,144,855.2055555555555,258.04555555555555,833.5,259,23,21,y1,2,class->block->decl_stmt->decl->name
2,49,rectangle_java2.jpg,rectangle_java2.jpg,248425909,144,855.2055555555555,258.04555555555555,863.5,259,10,21,",",1,class->block->decl_stmt
2,49,rectangle_java2.jpg,rectangle_java2.jpg,248537912,88,930.1468181818182,279.30227272727274,929.5,259,23,21,y2,2,class->block->decl_stmt->decl->name
2,49,rectangle_java2.jpg,rectangle_java2.jpg,248813934,272,924.7866176470588,285.6411764705882,921.5,295,9,21,",",1,class->block->constructor->parameter_list
