trial,participant,code_file,code_language,timestamp,duration,x_cord,y_cord,aoi_x,aoi_y,aoi_width,aoi_height,token,length,srcML
2,67,rectangle_java2.jpg,rectangle_java2.jpg,2104298280,124,703.9522580645162,300.96032258064514,669.5,295,63,21,public,6,class->block->constructor->specifier
2,67,rectangle_java2.jpg,rectangle_java2.jpg,2104450376,84,696.9380952380952,294.02761904761905,669.5,295,63,21,public,6,class->block->constructor->specifier
2,67,rectangle_java2.jpg,rectangle_java2.jpg,2104821901,56,749.47,292.8564285714286,737.5,295,91,21,Rectangle,9,class->block->constructor->name
2,67,rectangle_java2.jpg,rectangle_java2.jpg,2108933789,144,793.5166666666667,596.2841666666667,737.5,585,62,21,double,6,class->block->function->type->name
2,67,rectangle_java2.jpg,rectangle_java2.jpg,2108933789,144,793.5166666666667,596.2841666666667,804.5,585,43,21,area,4,class->block->function->name
2,67,rectangle_java2.jpg,rectangle_java2.jpg,2109033864,64,777.2275,605.18125,737.5,585,62,21,double,6,class->block->function->type->name
2,67,rectangle_java2.jpg,rectangle_java2.jpg,2109233856,60,843.5273333333333,616.246,804.5,621,44,21,void,4,class->block->function->type->name
2,67,rectangle_java2.jpg,rectangle_java2.jpg,2109233856,60,843.5273333333333,616.246,851.5,621,44,21,main,4,class->block->function->name
2,67,rectangle_java2.jpg,rectangle_java2.jpg,2113969532,56,1120.7892857142858,311.57142857142856,1112.5,295,33,21,int,3,class->block->constructor->parameter_list->parameter->decl->type->name
2,67,rectangle_java2.jpg,rectangle_java2.jpg,2115805449,56,844.4457142857143,274.4764285714286,833.5,259,23,21,y1,2,class->block->decl_stmt->decl->name
2,67,rectangle_java2.jpg,rectangle_java2.jpg,2117489375,64,793.6643750000001,303.129375,737.5,295,91,21,Rectangle,9,class->block->constructor->name
2,67,rectangle_java2.jpg,rectangle_java2.jpg,2117585314,76,792.5721052631579,290.2105263157895,737.5,295,91,21,Rectangle,9,class->block->constructor->name
2,67,rectangle_java2.jpg,rectangle_java2.jpg,2118577266,64,807.873125,545.1775,775.5,549,62,21,height,6,class->block->function->name
2,67,rectangle_java2.jpg,rectangle_java2.jpg,2118661221,64,839.9625,544.105,846.5,549,10,21,(,1,class->block->function->parameter_list
2,67,rectangle_java2.jpg,rectangle_java2.jpg,2118797183,116,838.3024137931035,546.5651724137931,846.5,549,10,21,(,1,class->block->function->parameter_list
2,67,rectangle_java2.jpg,rectangle_java2.jpg,2118869175,68,820.9258823529411,545.2164705882353,775.5,549,62,21,height,6,class->block->function->name
2,67,rectangle_java2.jpg,rectangle_java2.jpg,2119577176,172,982.5041860465117,542.6620930232558,968.5,549,70,21,this.y2,7,class->block->function->block->block_content->return->expr->name->name->operator->name
2,67,rectangle_java2.jpg,rectangle_java2.jpg,2119657151,76,1001.4742105263158,550.4284210526316,968.5,549,70,21,this.y2,7,class->block->function->block->block_content->return->expr->name->name->operator->name
2,67,rectangle_java2.jpg,rectangle_java2.jpg,2119729163,68,1006.2617647058823,552.2682352941176,968.5,549,70,21,this.y2,7,class->block->function->block->block_content->return->expr->name->name->operator->name
2,67,rectangle_java2.jpg,rectangle_java2.jpg,2119865198,72,1064.495,543.71,1064.5,549,71,21,this.y1,7,class->block->function->block->block_content->return->expr->name->name->operator->name
2,67,rectangle_java2.jpg,rectangle_java2.jpg,2120041175,100,1059.5488,537.8652,1064.5,549,71,21,this.y1,7,class->block->function->block->block_content->return->expr->name->name->operator->name
2,67,rectangle_java2.jpg,rectangle_java2.jpg,2120101082,56,1051.2707142857143,522.2321428571429,1054.5,512,71,21,this.x1,7,class->block->function->block->block_content->return->expr->name->name->operator->name
2,67,rectangle_java2.jpg,rectangle_java2.jpg,2120272771,108,1079.5877777777778,529.9214814814815,1054.5,512,71,21,this.x1,7,class->block->function->block->block_content->return->expr->name->name->operator->name
2,67,rectangle_java2.jpg,rectangle_java2.jpg,2120557118,176,993.1861363636364,537.2993181818182,968.5,549,70,21,this.y2,7,class->block->function->block->block_content->return->expr->name->name->operator->name
2,67,rectangle_java2.jpg,rectangle_java2.jpg,2120653121,92,987.5426086956522,543.1273913043478,968.5,549,70,21,this.y2,7,class->block->function->block->block_content->return->expr->name->name->operator->name
2,67,rectangle_java2.jpg,rectangle_java2.jpg,2120765083,72,994.1422222222222,527.1538888888889,958.5,512,71,21,this.x2,7,class->block->function->block->block_content->return->expr->name->name->operator->name->operator
2,67,rectangle_java2.jpg,rectangle_java2.jpg,2121081072,84,1078.0109523809524,530.6238095238095,1054.5,512,71,21,this.x1,7,class->block->function->block->block_content->return->expr->name->name->operator->name
2,67,rectangle_java2.jpg,rectangle_java2.jpg,2121469026,56,995.41,504.65214285714285,958.5,512,71,21,this.x2,7,class->block->function->block->block_content->return->expr->name->name->operator->name->operator
2,67,rectangle_java2.jpg,rectangle_java2.jpg,2122248984,68,813.795294117647,575.9182352941176,804.5,585,43,21,area,4,class->block->function->name
2,67,rectangle_java2.jpg,rectangle_java2.jpg,2122436971,136,819.8529411764706,568.1735294117647,775.5,549,62,21,height,6,class->block->function->name
2,67,rectangle_java2.jpg,rectangle_java2.jpg,2123108934,60,768.54,583.1293333333333,737.5,585,62,21,double,6,class->block->function->type->name
2,67,rectangle_java2.jpg,rectangle_java2.jpg,2123232929,120,758.3326666666667,579.0773333333333,737.5,585,62,21,double,6,class->block->function->type->name
2,67,rectangle_java2.jpg,rectangle_java2.jpg,2123308934,56,806.2064285714285,574.2464285714286,804.5,585,43,21,area,4,class->block->function->name
2,67,rectangle_java2.jpg,rectangle_java2.jpg,2123464990,92,797.3191304347827,585.2526086956522,737.5,585,62,21,double,6,class->block->function->type->name
2,67,rectangle_java2.jpg,rectangle_java2.jpg,2123464990,92,797.3191304347827,585.2526086956522,804.5,585,43,21,area,4,class->block->function->name
2,67,rectangle_java2.jpg,rectangle_java2.jpg,2123916998,164,781.6612195121951,595.2565853658537,737.5,585,62,21,double,6,class->block->function->type->name
2,67,rectangle_java2.jpg,rectangle_java2.jpg,2124396791,68,1007.17,599.7229411764706,977.5,585,101,21,this.width,10,class->block->function->block->block_content->return->expr->call->name->name->operator->name
2,67,rectangle_java2.jpg,rectangle_java2.jpg,2125588792,72,753.4066666666666,584.0177777777777,737.5,585,62,21,double,6,class->block->function->type->name
2,67,rectangle_java2.jpg,rectangle_java2.jpg,2125752823,104,800.8434615384615,585.4926923076923,804.5,585,43,21,area,4,class->block->function->name
2,67,rectangle_java2.jpg,rectangle_java2.jpg,2125924675,116,805.3551724137931,584.8537931034483,804.5,585,43,21,area,4,class->block->function->name
2,67,rectangle_java2.jpg,rectangle_java2.jpg,2126024535,80,773.6925,584.6645,737.5,585,62,21,double,6,class->block->function->type->name
2,67,rectangle_java2.jpg,rectangle_java2.jpg,2126144568,116,771.9606896551724,596.2506896551724,737.5,585,62,21,double,6,class->block->function->type->name
2,67,rectangle_java2.jpg,rectangle_java2.jpg,2126672628,56,872.6735714285714,593.2607142857142,873.5,585,9,21,),1,class->block->function->parameter_list
2,67,rectangle_java2.jpg,rectangle_java2.jpg,2126872651,100,937.3152,569.6676,900.5,549,63,21,return,6,class->block->function->block->block_content->return
2,67,rectangle_java2.jpg,rectangle_java2.jpg,2127116682,56,993.9814285714285,502.7221428571429,958.5,512,71,21,this.x2,7,class->block->function->block->block_content->return->expr->name->name->operator->name->operator
2,67,rectangle_java2.jpg,rectangle_java2.jpg,2127212698,72,965.19,561.6194444444444,968.5,549,70,21,this.y2,7,class->block->function->block->block_content->return->expr->name->name->operator->name
2,67,rectangle_java2.jpg,rectangle_java2.jpg,2127620714,56,1066.835,552.2335714285714,1064.5,549,71,21,this.y1,7,class->block->function->block->block_content->return->expr->name->name->operator->name
2,67,rectangle_java2.jpg,rectangle_java2.jpg,2127864630,72,1111.7266666666667,539.0261111111112,1064.5,549,71,21,this.y1,7,class->block->function->block->block_content->return->expr->name->name->operator->name
2,67,rectangle_java2.jpg,rectangle_java2.jpg,2128288593,76,887.2852631578947,548.9284210526316,883.5,549,10,21,{,1,class->block->function->block
2,67,rectangle_java2.jpg,rectangle_java2.jpg,2128464546,72,664.651111111111,532.755,669.5,512,63,21,public,6,class->block->function->type->specifier
2,67,rectangle_java2.jpg,rectangle_java2.jpg,2128872631,56,728.8992857142857,566.235,669.5,549,63,21,public,6,class->block->function->type->specifier
2,67,rectangle_java2.jpg,rectangle_java2.jpg,2128872631,56,728.8992857142857,566.235,737.5,549,33,21,int,3,class->block->function->type->name
2,67,rectangle_java2.jpg,rectangle_java2.jpg,2129068543,88,783.1113636363636,575.5495454545454,737.5,585,62,21,double,6,class->block->function->type->name
2,67,rectangle_java2.jpg,rectangle_java2.jpg,2129584522,72,877.0327777777778,576.9255555555555,873.5,585,9,21,),1,class->block->function->parameter_list
2,67,rectangle_java2.jpg,rectangle_java2.jpg,2129852408,100,892.3884,573.0028,893.5,585,10,21,{,1,class->block->function->block
2,67,rectangle_java2.jpg,rectangle_java2.jpg,2130620445,60,1077.498,585.3926666666666,977.5,585,101,21,this.width,10,class->block->function->block->block_content->return->expr->call->name->name->operator->name
2,67,rectangle_java2.jpg,rectangle_java2.jpg,2130620445,60,1077.498,585.3926666666666,1086.5,585,10,21,(,1,class->block->function->block->block_content->return->expr->call->argument_list
2,67,rectangle_java2.jpg,rectangle_java2.jpg,2131144426,76,786.7484210526316,595.2847368421053,737.5,585,62,21,double,6,class->block->function->type->name
2,67,rectangle_java2.jpg,rectangle_java2.jpg,2134558163,88,830.6904545454546,559.71,775.5,549,62,21,height,6,class->block->function->name
2,67,rectangle_java2.jpg,rectangle_java2.jpg,2134717906,84,833.5719047619048,574.5409523809524,804.5,585,43,21,area,4,class->block->function->name
2,67,rectangle_java2.jpg,rectangle_java2.jpg,2135210549,156,826.0666666666667,573.024358974359,804.5,585,43,21,area,4,class->block->function->name
2,67,rectangle_java2.jpg,rectangle_java2.jpg,2135430918,172,727.48,590.5183720930232,669.5,585,63,21,public,6,class->block->function->type->specifier
2,67,rectangle_java2.jpg,rectangle_java2.jpg,2135430918,172,727.48,590.5183720930232,737.5,585,62,21,double,6,class->block->function->type->name
2,67,rectangle_java2.jpg,rectangle_java2.jpg,2135574968,56,667.1042857142858,561.2185714285714,669.5,549,63,21,public,6,class->block->function->type->specifier
2,67,rectangle_java2.jpg,rectangle_java2.jpg,2135666934,88,658.1736363636363,557.8281818181819,669.5,549,63,21,public,6,class->block->function->type->specifier
2,67,rectangle_java2.jpg,rectangle_java2.jpg,2136590916,112,676.9557142857143,581.9860714285714,669.5,585,63,21,public,6,class->block->function->type->specifier
2,67,rectangle_java2.jpg,rectangle_java2.jpg,2136830848,180,677.718,576.8048888888889,669.5,585,63,21,public,6,class->block->function->type->specifier
2,67,rectangle_java2.jpg,rectangle_java2.jpg,2136954860,84,715.7185714285714,581.5109523809524,669.5,585,63,21,public,6,class->block->function->type->specifier
2,67,rectangle_java2.jpg,rectangle_java2.jpg,2137014839,56,725.9707142857143,588.1064285714285,669.5,585,63,21,public,6,class->block->function->type->specifier
2,67,rectangle_java2.jpg,rectangle_java2.jpg,2137014839,56,725.9707142857143,588.1064285714285,737.5,585,62,21,double,6,class->block->function->type->name
2,67,rectangle_java2.jpg,rectangle_java2.jpg,2137138794,72,747.53,598.7827777777778,737.5,585,62,21,double,6,class->block->function->type->name
2,67,rectangle_java2.jpg,rectangle_java2.jpg,2137294782,64,739.71375,618.6012499999999,738.5,621,61,21,static,6,class->block->function->type->specifier
2,67,rectangle_java2.jpg,rectangle_java2.jpg,2137390807,92,737.2047826086956,626.5469565217392,738.5,621,61,21,static,6,class->block->function->type->specifier
2,67,rectangle_java2.jpg,rectangle_java2.jpg,2137982708,64,858.7075,626.75375,851.5,621,44,21,main,4,class->block->function->name
2,67,rectangle_java2.jpg,rectangle_java2.jpg,2138190782,108,905.49,628.0811111111111,904.5,621,9,21,(,1,class->block->function->parameter_list
2,67,rectangle_java2.jpg,rectangle_java2.jpg,2138290822,96,901.0908333333333,622.8608333333333,904.5,621,9,21,(,1,class->block->function->parameter_list
2,67,rectangle_java2.jpg,rectangle_java2.jpg,2138466809,92,951.9308695652174,628.8191304347827,920.5,621,62,21,String,6,class->block->function->parameter_list->parameter->decl->type->name->name
2,67,rectangle_java2.jpg,rectangle_java2.jpg,2138594859,108,1056.568888888889,622.857037037037,1025.5,621,42,21,args,4,class->block->function->parameter_list->parameter->decl->name
2,67,rectangle_java2.jpg,rectangle_java2.jpg,2138679154,80,1062.8105,624.559,1025.5,621,42,21,args,4,class->block->function->parameter_list->parameter->decl->name
2,67,rectangle_java2.jpg,rectangle_java2.jpg,2138679154,80,1062.8105,624.559,1074.5,621,10,21,),1,class->block->function->parameter_list
2,67,rectangle_java2.jpg,rectangle_java2.jpg,2138743378,60,1061.0093333333334,627.2873333333333,1025.5,621,42,21,args,4,class->block->function->parameter_list->parameter->decl->name
2,67,rectangle_java2.jpg,rectangle_java2.jpg,2138863131,116,1084.9586206896552,625.5882758620689,1094.5,621,10,21,{,1,class->block->function->block
2,67,rectangle_java2.jpg,rectangle_java2.jpg,2139306645,80,744.756,630.1835,738.5,621,61,21,static,6,class->block->function->type->specifier
2,67,rectangle_java2.jpg,rectangle_java2.jpg,2139402644,92,749.6134782608696,626.3,738.5,621,61,21,static,6,class->block->function->type->specifier
2,67,rectangle_java2.jpg,rectangle_java2.jpg,2139574635,60,791.6813333333333,646.4473333333333,730.5,658,91,20,Rectangle,9,class->block->function->block->block_content->decl_stmt->decl->type->name
2,67,rectangle_java2.jpg,rectangle_java2.jpg,2139902626,72,948.0238888888889,666.7811111111112,941.5,658,91,20,Rectangle,9,class->block->function->block->block_content->decl_stmt->decl->init->expr->call->name
2,67,rectangle_java2.jpg,rectangle_java2.jpg,2139970616,64,924.316875,670.025,902.5,658,34,20,new,3,class->block->function->block->block_content->decl_stmt->decl->init->expr->operator
2,67,rectangle_java2.jpg,rectangle_java2.jpg,2140118632,144,922.1827777777778,677.9505555555555,902.5,658,34,20,new,3,class->block->function->block->block_content->decl_stmt->decl->init->expr->operator
2,67,rectangle_java2.jpg,rectangle_java2.jpg,2140194641,72,963.5422222222222,667.4244444444445,941.5,658,91,20,Rectangle,9,class->block->function->block->block_content->decl_stmt->decl->init->expr->call->name
2,67,rectangle_java2.jpg,rectangle_java2.jpg,2140474585,124,967.9116129032258,671.4829032258065,941.5,658,91,20,Rectangle,9,class->block->function->block->block_content->decl_stmt->decl->init->expr->call->name
2,67,rectangle_java2.jpg,rectangle_java2.jpg,2140590550,60,981.6406666666667,674.2526666666666,941.5,658,91,20,Rectangle,9,class->block->function->block->block_content->decl_stmt->decl->init->expr->call->name
2,67,rectangle_java2.jpg,rectangle_java2.jpg,2140682557,88,983.7663636363636,666.7345454545455,941.5,658,91,20,Rectangle,9,class->block->function->block->block_content->decl_stmt->decl->init->expr->call->name
2,67,rectangle_java2.jpg,rectangle_java2.jpg,2140938491,208,978.2909615384615,676.5619230769231,941.5,658,91,20,Rectangle,9,class->block->function->block->block_content->decl_stmt->decl->init->expr->call->name
2,67,rectangle_java2.jpg,rectangle_java2.jpg,2141090440,124,840.8906451612903,651.9712903225807,826.5,658,52,20,rect1,5,class->block->function->block->block_content->decl_stmt->decl->name
2,67,rectangle_java2.jpg,rectangle_java2.jpg,2141194468,56,819.8857142857142,654.2507142857143,730.5,658,91,20,Rectangle,9,class->block->function->block->block_content->decl_stmt->decl->type->name
2,67,rectangle_java2.jpg,rectangle_java2.jpg,2141194468,56,819.8857142857142,654.2507142857143,826.5,658,52,20,rect1,5,class->block->function->block->block_content->decl_stmt->decl->name
2,67,rectangle_java2.jpg,rectangle_java2.jpg,2141278503,80,810.9565,656.191,730.5,658,91,20,Rectangle,9,class->block->function->block->block_content->decl_stmt->decl->type->name
2,67,rectangle_java2.jpg,rectangle_java2.jpg,2141438537,60,835.6173333333334,655.946,826.5,658,52,20,rect1,5,class->block->function->block->block_content->decl_stmt->decl->name
2,67,rectangle_java2.jpg,rectangle_java2.jpg,2141538448,96,844.6866666666667,671.2570833333333,826.5,658,52,20,rect1,5,class->block->function->block->block_content->decl_stmt->decl->name
2,67,rectangle_java2.jpg,rectangle_java2.jpg,2141618407,68,977.4382352941177,650.0223529411765,941.5,658,91,20,Rectangle,9,class->block->function->block->block_content->decl_stmt->decl->init->expr->call->name
2,67,rectangle_java2.jpg,rectangle_java2.jpg,2141710425,88,984.9759090909091,659.3845454545454,941.5,658,91,20,Rectangle,9,class->block->function->block->block_content->decl_stmt->decl->init->expr->call->name
2,67,rectangle_java2.jpg,rectangle_java2.jpg,2142066482,104,1100.5292307692307,626.3576923076923,1094.5,621,10,21,{,1,class->block->function->block
2,67,rectangle_java2.jpg,rectangle_java2.jpg,2142242555,96,1030.4220833333334,663.2816666666666,941.5,658,91,20,Rectangle,9,class->block->function->block->block_content->decl_stmt->decl->init->expr->call->name
2,67,rectangle_java2.jpg,rectangle_java2.jpg,2142242555,96,1030.4220833333334,663.2816666666666,1041.5,658,9,20,(,1,class->block->function->block->block_content->decl_stmt->decl->init->expr->call->argument_list
2,67,rectangle_java2.jpg,rectangle_java2.jpg,2142362562,72,1027.2505555555556,655.0872222222222,941.5,658,91,20,Rectangle,9,class->block->function->block->block_content->decl_stmt->decl->init->expr->call->name
2,67,rectangle_java2.jpg,rectangle_java2.jpg,2142530532,100,922.4908,656.3848,902.5,658,34,20,new,3,class->block->function->block->block_content->decl_stmt->decl->init->expr->operator
2,67,rectangle_java2.jpg,rectangle_java2.jpg,2142598525,64,930.6125,665.74625,902.5,658,34,20,new,3,class->block->function->block->block_content->decl_stmt->decl->init->expr->operator
2,67,rectangle_java2.jpg,rectangle_java2.jpg,2142598525,64,930.6125,665.74625,941.5,658,91,20,Rectangle,9,class->block->function->block->block_content->decl_stmt->decl->init->expr->call->name
2,67,rectangle_java2.jpg,rectangle_java2.jpg,2142826455,164,980.7619512195122,520.4529268292683,958.5,512,71,21,this.x2,7,class->block->function->block->block_content->return->expr->name->name->operator->name->operator
2,67,rectangle_java2.jpg,rectangle_java2.jpg,2142918411,76,925.421052631579,530.1384210526315,891.5,512,62,21,return,6,class->block->function->block->block_content->return->expr->name->name
2,67,rectangle_java2.jpg,rectangle_java2.jpg,2142994390,72,919.8777777777777,526.9227777777778,891.5,512,62,21,return,6,class->block->function->block->block_content->return->expr->name->name
2,67,rectangle_java2.jpg,rectangle_java2.jpg,2143178317,84,764.2819047619048,538.8723809523809,737.5,549,33,21,int,3,class->block->function->type->name
2,67,rectangle_java2.jpg,rectangle_java2.jpg,2143178317,84,764.2819047619048,538.8723809523809,775.5,549,62,21,height,6,class->block->function->name
2,67,rectangle_java2.jpg,rectangle_java2.jpg,2143258286,76,762.6157894736842,542.5636842105264,737.5,549,33,21,int,3,class->block->function->type->name
2,67,rectangle_java2.jpg,rectangle_java2.jpg,2143318280,56,788.1428571428571,547.3828571428571,775.5,549,62,21,height,6,class->block->function->name
2,67,rectangle_java2.jpg,rectangle_java2.jpg,2143418294,96,791.5991666666666,550.31,775.5,549,62,21,height,6,class->block->function->name
2,67,rectangle_java2.jpg,rectangle_java2.jpg,2143554327,116,799.9968965517241,549.5720689655172,775.5,549,62,21,height,6,class->block->function->name
2,67,rectangle_java2.jpg,rectangle_java2.jpg,2143682338,124,803.1754838709677,549.4748387096774,775.5,549,62,21,height,6,class->block->function->name
2,67,rectangle_java2.jpg,rectangle_java2.jpg,2143966396,84,992.8257142857143,669.8523809523809,941.5,658,91,20,Rectangle,9,class->block->function->block->block_content->decl_stmt->decl->init->expr->call->name
2,67,rectangle_java2.jpg,rectangle_java2.jpg,2144186410,132,938.8918181818182,702.610303030303,932.5,694,100,21,rect1.area,10,class->block->function->block->block_content->expr_stmt->expr->call->argument_list->argument->expr->call->name->name->operator->name
2,67,rectangle_java2.jpg,rectangle_java2.jpg,2144282387,68,801.6123529411765,701.8194117647058,730.5,694,177,21,System.out.println,18,class->block->function->block->block_content->expr_stmt->expr->call->name->name->operator->name->operator->name
2,67,rectangle_java2.jpg,rectangle_java2.jpg,2144422374,92,778.3908695652174,710.1191304347826,730.5,694,177,21,System.out.println,18,class->block->function->block->block_content->expr_stmt->expr->call->name->name->operator->name->operator->name
2,67,rectangle_java2.jpg,rectangle_java2.jpg,2144522370,56,889.4364285714286,713.8835714285714,730.5,694,177,21,System.out.println,18,class->block->function->block->block_content->expr_stmt->expr->call->name->name->operator->name->operator->name
2,67,rectangle_java2.jpg,rectangle_java2.jpg,2145058157,68,1068.1170588235293,692.9264705882352,1077.5,694,9,21,),1,class->block->function->block->block_content->expr_stmt->expr->call->argument_list
2,67,rectangle_java2.jpg,rectangle_java2.jpg,2145138219,76,1071.0815789473684,695.608947368421,1077.5,694,9,21,),1,class->block->function->block->block_content->expr_stmt->expr->call->argument_list
2,67,rectangle_java2.jpg,rectangle_java2.jpg,2145274261,56,1053.1335714285715,621.98,1025.5,621,42,21,args,4,class->block->function->parameter_list->parameter->decl->name
2,67,rectangle_java2.jpg,rectangle_java2.jpg,2145642261,68,934.2241176470588,695.74,932.5,694,100,21,rect1.area,10,class->block->function->block->block_content->expr_stmt->expr->call->argument_list->argument->expr->call->name->name->operator->name
2,67,rectangle_java2.jpg,rectangle_java2.jpg,2145734221,60,945.2093333333333,698.7653333333334,932.5,694,100,21,rect1.area,10,class->block->function->block->block_content->expr_stmt->expr->call->argument_list->argument->expr->call->name->name->operator->name
2,67,rectangle_java2.jpg,rectangle_java2.jpg,2145854206,88,906.8263636363637,706.3945454545454,730.5,694,177,21,System.out.println,18,class->block->function->block->block_content->expr_stmt->expr->call->name->name->operator->name->operator->name
2,67,rectangle_java2.jpg,rectangle_java2.jpg,2145854206,88,906.8263636363637,706.3945454545454,916.5,694,9,21,(,1,class->block->function->block->block_content->expr_stmt->expr->call->argument_list
2,67,rectangle_java2.jpg,rectangle_java2.jpg,2145930209,72,905.3866666666667,703.8,730.5,694,177,21,System.out.println,18,class->block->function->block->block_content->expr_stmt->expr->call->name->name->operator->name->operator->name
2,67,rectangle_java2.jpg,rectangle_java2.jpg,2145930209,72,905.3866666666667,703.8,916.5,694,9,21,(,1,class->block->function->block->block_content->expr_stmt->expr->call->argument_list
2,67,rectangle_java2.jpg,rectangle_java2.jpg,2146030254,96,955.3808333333333,703.6491666666667,932.5,694,100,21,rect1.area,10,class->block->function->block->block_content->expr_stmt->expr->call->argument_list->argument->expr->call->name->name->operator->name
2,67,rectangle_java2.jpg,rectangle_java2.jpg,2146110301,76,968.4805263157895,705.1784210526316,932.5,694,100,21,rect1.area,10,class->block->function->block->block_content->expr_stmt->expr->call->argument_list->argument->expr->call->name->name->operator->name
2,67,rectangle_java2.jpg,rectangle_java2.jpg,2146202315,60,804.748,706.1106666666667,730.5,694,177,21,System.out.println,18,class->block->function->block->block_content->expr_stmt->expr->call->name->name->operator->name->operator->name
2,67,rectangle_java2.jpg,rectangle_java2.jpg,2146286264,80,807.3705,688.0885,730.5,694,177,21,System.out.println,18,class->block->function->block->block_content->expr_stmt->expr->call->name->name->operator->name->operator->name
2,67,rectangle_java2.jpg,rectangle_java2.jpg,2146502290,68,834.98,694.4329411764705,730.5,694,177,21,System.out.println,18,class->block->function->block->block_content->expr_stmt->expr->call->name->name->operator->name->operator->name
2,67,rectangle_java2.jpg,rectangle_java2.jpg,2146794123,100,934.8736,729.5284,902.5,731,34,20,new,3,class->block->function->block->block_content->decl_stmt->decl->init->expr->operator
2,67,rectangle_java2.jpg,rectangle_java2.jpg,2146794123,100,934.8736,729.5284,941.5,731,91,20,Rectangle,9,class->block->function->block->block_content->decl_stmt->decl->init->expr->call->name
2,67,rectangle_java2.jpg,rectangle_java2.jpg,2147014093,56,947.6542857142857,731.1192857142858,941.5,731,91,20,Rectangle,9,class->block->function->block->block_content->decl_stmt->decl->init->expr->call->name
2,67,rectangle_java2.jpg,rectangle_java2.jpg,2147142098,88,954.9495454545455,637.36,920.5,621,62,21,String,6,class->block->function->parameter_list->parameter->decl->type->name->name
2,67,rectangle_java2.jpg,rectangle_java2.jpg,2147290122,56,937.6764285714286,658.255,941.5,658,91,20,Rectangle,9,class->block->function->block->block_content->decl_stmt->decl->init->expr->call->name
2,67,rectangle_java2.jpg,rectangle_java2.jpg,2147434132,140,923.3137142857142,667.6317142857142,902.5,658,34,20,new,3,class->block->function->block->block_content->decl_stmt->decl->init->expr->operator
2,67,rectangle_java2.jpg,rectangle_java2.jpg,2147738089,112,1084.8775,686.2371428571429,1077.5,694,9,21,),1,class->block->function->block->block_content->expr_stmt->expr->call->argument_list
2,67,rectangle_java2.jpg,rectangle_java2.jpg,2147738089,112,1084.8775,686.2371428571429,1096.5,694,10,21,;,1,class->block->function->block->block_content->expr_stmt
2,67,rectangle_java2.jpg,rectangle_java2.jpg,2147894086,96,1080.6495833333333,675.7875,1077.5,658,9,20,",",1,class->block->function->block->block_content->decl_stmt->decl->init->expr->call->argument_list
2,67,rectangle_java2.jpg,rectangle_java2.jpg,2148086063,148,1072.4354054054054,603.5508108108108,977.5,585,101,21,this.width,10,class->block->function->block->block_content->return->expr->call->name->name->operator->name
2,67,rectangle_java2.jpg,rectangle_java2.jpg,2148290091,64,1016.589375,668.946875,941.5,658,91,20,Rectangle,9,class->block->function->block->block_content->decl_stmt->decl->init->expr->call->name
2,67,rectangle_java2.jpg,rectangle_java2.jpg,2148362078,68,1017.1711764705882,670.7164705882353,941.5,658,91,20,Rectangle,9,class->block->function->block->block_content->decl_stmt->decl->init->expr->call->name
2,67,rectangle_java2.jpg,rectangle_java2.jpg,2148582121,72,898.2233333333334,701.6588888888889,730.5,694,177,21,System.out.println,18,class->block->function->block->block_content->expr_stmt->expr->call->name->name->operator->name->operator->name
2,67,rectangle_java2.jpg,rectangle_java2.jpg,2148642092,56,907.7692857142857,702.05,916.5,694,9,21,(,1,class->block->function->block->block_content->expr_stmt->expr->call->argument_list
2,67,rectangle_java2.jpg,rectangle_java2.jpg,2148781996,92,800.2282608695652,710.9765217391305,730.5,694,177,21,System.out.println,18,class->block->function->block->block_content->expr_stmt->expr->call->name->name->operator->name->operator->name
2,67,rectangle_java2.jpg,rectangle_java2.jpg,2149021965,88,833.7990909090909,713.8936363636363,730.5,694,177,21,System.out.println,18,class->block->function->block->block_content->expr_stmt->expr->call->name->name->operator->name->operator->name
2,67,rectangle_java2.jpg,rectangle_java2.jpg,2149093956,68,839.7870588235294,724.905294117647,826.5,731,51,20,rect2,5,class->block->function->block->block_content->decl_stmt->decl->name
2,67,rectangle_java2.jpg,rectangle_java2.jpg,2149253958,64,1031.95875,672.65875,941.5,658,91,20,Rectangle,9,class->block->function->block->block_content->decl_stmt->decl->init->expr->call->name
2,67,rectangle_java2.jpg,rectangle_java2.jpg,2149253958,64,1031.95875,672.65875,1041.5,658,9,20,(,1,class->block->function->block->block_content->decl_stmt->decl->init->expr->call->argument_list
2,67,rectangle_java2.jpg,rectangle_java2.jpg,2149557973,220,1079.148181818182,674.8316363636363,1077.5,658,9,20,",",1,class->block->function->block->block_content->decl_stmt->decl->init->expr->call->argument_list
2,67,rectangle_java2.jpg,rectangle_java2.jpg,2149657961,88,1079.1054545454544,669.7818181818182,1077.5,658,9,20,",",1,class->block->function->block->block_content->decl_stmt->decl->init->expr->call->argument_list
2,67,rectangle_java2.jpg,rectangle_java2.jpg,2149773950,56,1085.6264285714285,604.7935714285715,1086.5,585,10,21,(,1,class->block->function->block->block_content->return->expr->call->argument_list
2,67,rectangle_java2.jpg,rectangle_java2.jpg,2150390066,72,992.9627777777778,732.1816666666666,941.5,731,91,20,Rectangle,9,class->block->function->block->block_content->decl_stmt->decl->init->expr->call->name
2,67,rectangle_java2.jpg,rectangle_java2.jpg,2150510090,60,784.3206666666666,734.028,730.5,731,91,20,Rectangle,9,class->block->function->block->block_content->decl_stmt->decl->type->name
2,67,rectangle_java2.jpg,rectangle_java2.jpg,2151005825,60,944.4566666666667,704.2693333333333,932.5,694,100,21,rect1.area,10,class->block->function->block->block_content->expr_stmt->expr->call->argument_list->argument->expr->call->name->name->operator->name
2,67,rectangle_java2.jpg,rectangle_java2.jpg,2151077817,68,936.285294117647,709.4223529411764,932.5,694,100,21,rect1.area,10,class->block->function->block->block_content->expr_stmt->expr->call->argument_list->argument->expr->call->name->name->operator->name
2,67,rectangle_java2.jpg,rectangle_java2.jpg,2151185826,56,929.4671428571429,724.1428571428571,902.5,731,34,20,new,3,class->block->function->block->block_content->decl_stmt->decl->init->expr->operator
2,67,rectangle_java2.jpg,rectangle_java2.jpg,2151185826,56,929.4671428571429,724.1428571428571,941.5,731,91,20,Rectangle,9,class->block->function->block->block_content->decl_stmt->decl->init->expr->call->name
2,67,rectangle_java2.jpg,rectangle_java2.jpg,2151301841,112,932.0907142857143,743.8082142857143,902.5,731,34,20,new,3,class->block->function->block->block_content->decl_stmt->decl->init->expr->operator
2,67,rectangle_java2.jpg,rectangle_java2.jpg,2151301841,112,932.0907142857143,743.8082142857143,941.5,731,91,20,Rectangle,9,class->block->function->block->block_content->decl_stmt->decl->init->expr->call->name
2,67,rectangle_java2.jpg,rectangle_java2.jpg,2151993830,224,1029.1576785714285,631.1017857142857,1025.5,621,42,21,args,4,class->block->function->parameter_list->parameter->decl->name
2,67,rectangle_java2.jpg,rectangle_java2.jpg,2155149603,84,1052.6080952380953,573.1171428571429,977.5,585,101,21,this.width,10,class->block->function->block->block_content->return->expr->call->name->name->operator->name
2,67,rectangle_java2.jpg,rectangle_java2.jpg,2155385731,232,1053.0051724137932,581.0563793103448,977.5,585,101,21,this.width,10,class->block->function->block->block_content->return->expr->call->name->name->operator->name
2,67,rectangle_java2.jpg,rectangle_java2.jpg,2155529694,100,1000.8364,558.5052,968.5,549,70,21,this.y2,7,class->block->function->block->block_content->return->expr->name->name->operator->name
2,67,rectangle_java2.jpg,rectangle_java2.jpg,2155825594,60,977.0613333333333,544.264,968.5,549,70,21,this.y2,7,class->block->function->block->block_content->return->expr->name->name->operator->name
2,67,rectangle_java2.jpg,rectangle_java2.jpg,2161341231,56,1074.5714285714284,615.0114285714286,1074.5,621,10,21,),1,class->block->function->parameter_list
2,67,rectangle_java2.jpg,rectangle_java2.jpg,2162009221,76,1077.844210526316,677.0805263157895,1077.5,658,9,20,",",1,class->block->function->block->block_content->decl_stmt->decl->init->expr->call->argument_list
2,67,rectangle_java2.jpg,rectangle_java2.jpg,2162641082,108,955.7440740740741,729.292962962963,941.5,731,91,20,Rectangle,9,class->block->function->block->block_content->decl_stmt->decl->init->expr->call->name
2,67,rectangle_java2.jpg,rectangle_java2.jpg,2165513991,56,942.5571428571428,710.0078571428571,932.5,694,100,21,rect1.area,10,class->block->function->block->block_content->expr_stmt->expr->call->argument_list->argument->expr->call->name->name->operator->name
2,67,rectangle_java2.jpg,rectangle_java2.jpg,2166441945,64,1155.01875,677.18875,1134.5,658,22,20,10,2,class->block->function->block->block_content->decl_stmt->decl->init->expr->call->argument_list->argument->expr->literal
2,67,rectangle_java2.jpg,rectangle_java2.jpg,2166441945,64,1155.01875,677.18875,1163.5,658,10,20,",",1,class->block->function->block->block_content->decl_stmt->decl->init->expr->call->argument_list
2,67,rectangle_java2.jpg,rectangle_java2.jpg,2167593971,96,800.4075,771.4145833333333,730.5,766,177,21,System.out.println,18,class->block->function->block->block_content->expr_stmt->expr->call->name->name->operator->name->operator->name
2,67,rectangle_java2.jpg,rectangle_java2.jpg,2168301587,60,1087.5226666666667,591.6593333333333,1086.5,585,10,21,(,1,class->block->function->block->block_content->return->expr->call->argument_list
2,67,rectangle_java2.jpg,rectangle_java2.jpg,2169277813,56,1066.1335714285715,653.6328571428571,1057.5,658,13,20,0,1,class->block->function->block->block_content->decl_stmt->decl->init->expr->call->argument_list->argument->expr->literal
2,67,rectangle_java2.jpg,rectangle_java2.jpg,2169277813,56,1066.1335714285715,653.6328571428571,1077.5,658,9,20,",",1,class->block->function->block->block_content->decl_stmt->decl->init->expr->call->argument_list
2,67,rectangle_java2.jpg,rectangle_java2.jpg,2169365822,84,1061.0438095238096,669.2971428571428,1057.5,658,13,20,0,1,class->block->function->block->block_content->decl_stmt->decl->init->expr->call->argument_list->argument->expr->literal
2,67,rectangle_java2.jpg,rectangle_java2.jpg,2169541813,68,1060.704705882353,660.1141176470588,1057.5,658,13,20,0,1,class->block->function->block->block_content->decl_stmt->decl->init->expr->call->argument_list->argument->expr->literal
2,67,rectangle_java2.jpg,rectangle_java2.jpg,2169905783,68,1151.2888235294117,661.1341176470588,1134.5,658,22,20,10,2,class->block->function->block->block_content->decl_stmt->decl->init->expr->call->argument_list->argument->expr->literal
2,67,rectangle_java2.jpg,rectangle_java2.jpg,2169905783,68,1151.2888235294117,661.1341176470588,1163.5,658,10,20,",",1,class->block->function->block->block_content->decl_stmt->decl->init->expr->call->argument_list
2,67,rectangle_java2.jpg,rectangle_java2.jpg,2170065683,68,1086.0576470588235,661.8835294117647,1077.5,658,9,20,",",1,class->block->function->block->block_content->decl_stmt->decl->init->expr->call->argument_list
2,67,rectangle_java2.jpg,rectangle_java2.jpg,2170065683,68,1086.0576470588235,661.8835294117647,1095.5,658,13,20,0,1,class->block->function->block->block_content->decl_stmt->decl->init->expr->call->argument_list->argument->expr->literal
2,67,rectangle_java2.jpg,rectangle_java2.jpg,2170189611,72,787.6138888888889,781.2472222222223,730.5,766,177,21,System.out.println,18,class->block->function->block->block_content->expr_stmt->expr->call->name->name->operator->name->operator->name
2,67,rectangle_java2.jpg,rectangle_java2.jpg,2170761623,96,1093.8925,695.39625,1096.5,694,10,21,;,1,class->block->function->block->block_content->expr_stmt
2,67,rectangle_java2.jpg,rectangle_java2.jpg,2170837613,72,1094.8472222222222,695.0155555555556,1096.5,694,10,21,;,1,class->block->function->block->block_content->expr_stmt
2,67,rectangle_java2.jpg,rectangle_java2.jpg,2173565544,84,1029.142380952381,290.13904761904763,1025.5,295,33,21,int,3,class->block->constructor->parameter_list->parameter->decl->type->name
2,67,rectangle_java2.jpg,rectangle_java2.jpg,2174185441,56,796.3,322.26785714285717,730.5,331,71,19,this.x1,7,class->block->constructor->block->block_content->expr_stmt->expr->name->name->operator->name
2,67,rectangle_java2.jpg,rectangle_java2.jpg,2174185441,56,796.3,322.26785714285717,806.5,331,15,19,=,1,class->block->constructor->block->block_content->expr_stmt->expr->operator
2,67,rectangle_java2.jpg,rectangle_java2.jpg,2174261426,72,789.1572222222222,343.3933333333333,730.5,331,71,19,this.x1,7,class->block->constructor->block->block_content->expr_stmt->expr->name->name->operator->name
2,67,rectangle_java2.jpg,rectangle_java2.jpg,2175169364,88,849.5404545454545,385.2009090909091,856.5,367,10,21,;,1,class->block->constructor->block->block_content->expr_stmt
2,67,rectangle_java2.jpg,rectangle_java2.jpg,2175529460,84,815.1095238095238,415.0538095238095,806.5,404,15,19,=,1,class->block->constructor->block->block_content->expr_stmt->expr->operator
2,67,rectangle_java2.jpg,rectangle_java2.jpg,2175529460,84,815.1095238095238,415.0538095238095,826.5,404,23,19,x2,2,class->block->constructor->block->block_content->expr_stmt->expr->name->name
2,67,rectangle_java2.jpg,rectangle_java2.jpg,2175925147,84,750.8333333333334,379.5190476190476,730.5,367,71,21,this.y1,7,class->block->constructor->block->block_content->expr_stmt->expr->name->name->operator->name
2,67,rectangle_java2.jpg,rectangle_java2.jpg,2176393266,108,853.3066666666666,458.63370370370376,856.5,440,10,21,;,1,class->block->constructor->block->block_content->expr_stmt
2,67,rectangle_java2.jpg,rectangle_java2.jpg,2177177256,64,1153.036875,745.585,1134.5,731,22,20,10,2,class->block->function->block->block_content->decl_stmt->decl->init->expr->call->argument_list->argument->expr->literal
2,67,rectangle_java2.jpg,rectangle_java2.jpg,2177177256,64,1153.036875,745.585,1163.5,731,10,20,",",1,class->block->function->block->block_content->decl_stmt->decl->init->expr->call->argument_list
