trial,participant,code_file,code_language,timestamp,duration,x_cord,y_cord,aoi_x,aoi_y,aoi_width,aoi_height,token,length,srcML
2,68,rectangle_java2.jpg,rectangle_java2.jpg,1081081753,60,828.6693333333334,330.46933333333334,826.5,331,23,19,x1,2,class->block->constructor->block->block_content->expr_stmt->expr->name->name
2,68,rectangle_java2.jpg,rectangle_java2.jpg,1081189777,104,833.4630769230769,320.04884615384617,826.5,331,23,19,x1,2,class->block->constructor->block->block_content->expr_stmt->expr->name->name
2,68,rectangle_java2.jpg,rectangle_java2.jpg,1081449782,136,696.8832352941176,239.2570588235294,657.5,222,52,21,class,5,class
2,68,rectangle_java2.jpg,rectangle_java2.jpg,1081641731,148,620.814054054054,237.75972972972977,589.5,222,63,21,public,6,class->specifier
2,68,rectangle_java2.jpg,rectangle_java2.jpg,1081769678,124,603.2370967741936,238.51258064516128,589.5,222,63,21,public,6,class->specifier
2,68,rectangle_java2.jpg,rectangle_java2.jpg,1081849663,76,603.1110526315789,239.63368421052633,589.5,222,63,21,public,6,class->specifier
2,68,rectangle_java2.jpg,rectangle_java2.jpg,1082017687,84,668.7623809523809,237.41047619047617,657.5,222,52,21,class,5,class
2,68,rectangle_java2.jpg,rectangle_java2.jpg,1082145713,124,666.8622580645161,233.73193548387098,657.5,222,52,21,class,5,class
2,68,rectangle_java2.jpg,rectangle_java2.jpg,1082221800,72,678.335,239.15444444444444,657.5,222,52,21,class,5,class
2,68,rectangle_java2.jpg,rectangle_java2.jpg,1082409860,136,704.1611764705882,235.7279411764706,657.5,222,52,21,class,5,class
2,68,rectangle_java2.jpg,rectangle_java2.jpg,1082409860,136,704.1611764705882,235.7279411764706,715.5,222,90,21,Rectangle,9,class->name
2,68,rectangle_java2.jpg,rectangle_java2.jpg,1082485794,72,731.0955555555555,236.4422222222222,715.5,222,90,21,Rectangle,9,class->name
2,68,rectangle_java2.jpg,rectangle_java2.jpg,1082977600,108,747.64,224.28777777777782,715.5,222,90,21,Rectangle,9,class->name
2,68,rectangle_java2.jpg,rectangle_java2.jpg,1083073613,92,744.6069565217391,222.99739130434784,715.5,222,90,21,Rectangle,9,class->name
2,68,rectangle_java2.jpg,rectangle_java2.jpg,1083261551,96,743.6908333333333,241.21749999999997,715.5,222,90,21,Rectangle,9,class->name
2,68,rectangle_java2.jpg,rectangle_java2.jpg,1083385428,96,749.8375,291.74,737.5,295,91,21,Rectangle,9,class->block->constructor->name
2,68,rectangle_java2.jpg,rectangle_java2.jpg,1083493462,64,748.49,261.146875,747.5,259,33,21,int,3,class->block->decl_stmt->decl->type->name
2,68,rectangle_java2.jpg,rectangle_java2.jpg,1083705706,136,816.5532352941176,263.7735294117647,815.5,259,10,21,",",1,class->block->decl_stmt
2,68,rectangle_java2.jpg,rectangle_java2.jpg,1083921664,100,838.2792000000001,273.326,833.5,259,23,21,y1,2,class->block->decl_stmt->decl->name
2,68,rectangle_java2.jpg,rectangle_java2.jpg,1084069536,56,693.65,285.7107142857143,669.5,295,63,21,public,6,class->block->constructor->specifier
2,68,rectangle_java2.jpg,rectangle_java2.jpg,1084181528,60,695.4186666666667,259.228,669.5,259,72,21,private,7,class->block->decl_stmt->decl->type->specifier
2,68,rectangle_java2.jpg,rectangle_java2.jpg,1084361560,176,684.2729545454546,273.7334090909091,669.5,259,72,21,private,7,class->block->decl_stmt->decl->type->specifier
2,68,rectangle_java2.jpg,rectangle_java2.jpg,1084545551,180,679.3591111111111,268.9768888888889,669.5,259,72,21,private,7,class->block->decl_stmt->decl->type->specifier
2,68,rectangle_java2.jpg,rectangle_java2.jpg,1084813482,240,731.5173333333333,275.95483333333334,669.5,259,72,21,private,7,class->block->decl_stmt->decl->type->specifier
2,68,rectangle_java2.jpg,rectangle_java2.jpg,1085121321,112,789.1203571428572,267.82785714285717,785.5,259,23,21,x1,2,class->block->decl_stmt->decl->name
2,68,rectangle_java2.jpg,rectangle_java2.jpg,1085253441,96,771.555,260.9245833333333,747.5,259,33,21,int,3,class->block->decl_stmt->decl->type->name
2,68,rectangle_java2.jpg,rectangle_java2.jpg,1085325442,68,774.6523529411764,285.16823529411766,737.5,295,91,21,Rectangle,9,class->block->constructor->name
2,68,rectangle_java2.jpg,rectangle_java2.jpg,1085397443,68,779.0341176470588,289.2611764705882,737.5,295,91,21,Rectangle,9,class->block->constructor->name
2,68,rectangle_java2.jpg,rectangle_java2.jpg,1085529427,100,819.4452,288.4956,737.5,295,91,21,Rectangle,9,class->block->constructor->name
2,68,rectangle_java2.jpg,rectangle_java2.jpg,1085749402,164,820.060731707317,284.1321951219512,737.5,295,91,21,Rectangle,9,class->block->constructor->name
2,68,rectangle_java2.jpg,rectangle_java2.jpg,1085929410,88,851.5504545454545,265.0863636363636,833.5,259,23,21,y1,2,class->block->decl_stmt->decl->name
2,68,rectangle_java2.jpg,rectangle_java2.jpg,1085929410,88,851.5504545454545,265.0863636363636,863.5,259,10,21,",",1,class->block->decl_stmt
2,68,rectangle_java2.jpg,rectangle_java2.jpg,1085989418,56,861.0042857142857,274.25714285714287,863.5,259,10,21,",",1,class->block->decl_stmt
2,68,rectangle_java2.jpg,rectangle_java2.jpg,1086069410,76,877.011052631579,269.7478947368421,881.5,259,23,21,x2,2,class->block->decl_stmt->decl->name
2,68,rectangle_java2.jpg,rectangle_java2.jpg,1086157380,84,868.5304761904762,278.3447619047619,863.5,259,10,21,",",1,class->block->decl_stmt
2,68,rectangle_java2.jpg,rectangle_java2.jpg,1086245355,84,879.8409523809523,286.3490476190476,853.5,295,32,21,int,3,class->block->constructor->parameter_list->parameter->decl->type->name
2,68,rectangle_java2.jpg,rectangle_java2.jpg,1086245355,84,879.8409523809523,286.3490476190476,890.5,295,24,21,x1,2,class->block->constructor->parameter_list->parameter->decl->type->name
2,68,rectangle_java2.jpg,rectangle_java2.jpg,1086441370,88,875.5995454545455,266.97318181818184,881.5,259,23,21,x2,2,class->block->decl_stmt->decl->name
2,68,rectangle_java2.jpg,rectangle_java2.jpg,1086529333,84,878.16,269.5652380952381,881.5,259,23,21,x2,2,class->block->decl_stmt->decl->name
2,68,rectangle_java2.jpg,rectangle_java2.jpg,1086593305,60,875.4053333333334,271.43466666666666,881.5,259,23,21,x2,2,class->block->decl_stmt->decl->name
2,68,rectangle_java2.jpg,rectangle_java2.jpg,1086741602,84,875.1980952380952,267.16190476190474,881.5,259,23,21,x2,2,class->block->decl_stmt->decl->name
2,68,rectangle_java2.jpg,rectangle_java2.jpg,1086845869,64,911.891875,268.54625,911.5,259,10,21,",",1,class->block->decl_stmt
2,68,rectangle_java2.jpg,rectangle_java2.jpg,1086949575,100,914.5828,255.42719999999997,911.5,259,10,21,",",1,class->block->decl_stmt
2,68,rectangle_java2.jpg,rectangle_java2.jpg,1087225268,180,928.0568888888889,285.76088888888887,921.5,295,9,21,",",1,class->block->constructor->parameter_list
2,68,rectangle_java2.jpg,rectangle_java2.jpg,1087225268,180,928.0568888888889,285.76088888888887,939.5,295,33,21,int,3,class->block->constructor->parameter_list->parameter->decl->type->name
2,68,rectangle_java2.jpg,rectangle_java2.jpg,1087385481,68,806.0976470588236,292.36058823529413,737.5,295,91,21,Rectangle,9,class->block->constructor->name
2,68,rectangle_java2.jpg,rectangle_java2.jpg,1087613311,144,722.8319444444444,313.135,669.5,295,63,21,public,6,class->block->constructor->specifier
2,68,rectangle_java2.jpg,rectangle_java2.jpg,1088052964,60,720.1926666666667,321.56333333333333,730.5,331,71,19,this.x1,7,class->block->constructor->block->block_content->expr_stmt->expr->name->name->operator->name
2,68,rectangle_java2.jpg,rectangle_java2.jpg,1088185029,128,723.353125,323.4015625,730.5,331,71,19,this.x1,7,class->block->constructor->block->block_content->expr_stmt->expr->name->name->operator->name
2,68,rectangle_java2.jpg,rectangle_java2.jpg,1088357119,168,741.0157142857142,313.34833333333336,737.5,295,91,21,Rectangle,9,class->block->constructor->name
2,68,rectangle_java2.jpg,rectangle_java2.jpg,1088497174,136,748.4161764705882,322.3452941176471,730.5,331,71,19,this.x1,7,class->block->constructor->block->block_content->expr_stmt->expr->name->name->operator->name
2,68,rectangle_java2.jpg,rectangle_java2.jpg,1088777189,76,788.3542105263158,325.4010526315789,730.5,331,71,19,this.x1,7,class->block->constructor->block->block_content->expr_stmt->expr->name->name->operator->name
2,68,rectangle_java2.jpg,rectangle_java2.jpg,1090929007,308,779.1690909090909,370.5446753246753,730.5,367,71,21,this.y1,7,class->block->constructor->block->block_content->expr_stmt->expr->name->name->operator->name
2,68,rectangle_java2.jpg,rectangle_java2.jpg,1091092986,108,798.0318518518518,449.48074074074066,730.5,440,71,21,this.y2,7,class->block->constructor->block->block_content->expr_stmt->expr->name->name->operator->name
2,68,rectangle_java2.jpg,rectangle_java2.jpg,1091092986,108,798.0318518518518,449.48074074074066,806.5,440,15,21,=,1,class->block->constructor->block->block_content->expr_stmt->expr->operator
2,68,rectangle_java2.jpg,rectangle_java2.jpg,1091188930,92,796.204347826087,453.36043478260876,730.5,440,71,21,this.y2,7,class->block->constructor->block->block_content->expr_stmt->expr->name->name->operator->name
2,68,rectangle_java2.jpg,rectangle_java2.jpg,1091188930,92,796.204347826087,453.36043478260876,806.5,440,15,21,=,1,class->block->constructor->block->block_content->expr_stmt->expr->operator
2,68,rectangle_java2.jpg,rectangle_java2.jpg,1092024886,64,816.004375,530.296875,775.5,512,53,21,width,5,class->block->function->name
2,68,rectangle_java2.jpg,rectangle_java2.jpg,1092528897,76,685.5031578947369,574.9473684210526,669.5,585,63,21,public,6,class->block->function->type->specifier
2,68,rectangle_java2.jpg,rectangle_java2.jpg,1092648762,88,685.6459090909091,579.6027272727273,669.5,585,63,21,public,6,class->block->function->type->specifier
2,68,rectangle_java2.jpg,rectangle_java2.jpg,1092804538,72,743.365,580.1438888888889,737.5,585,62,21,double,6,class->block->function->type->name
2,68,rectangle_java2.jpg,rectangle_java2.jpg,1092896580,56,741.7021428571429,583.3935714285715,737.5,585,62,21,double,6,class->block->function->type->name
2,68,rectangle_java2.jpg,rectangle_java2.jpg,1093284707,84,730.4066666666666,578.0257142857142,669.5,585,63,21,public,6,class->block->function->type->specifier
2,68,rectangle_java2.jpg,rectangle_java2.jpg,1093284707,84,730.4066666666666,578.0257142857142,737.5,585,62,21,double,6,class->block->function->type->name
2,68,rectangle_java2.jpg,rectangle_java2.jpg,1093976779,64,780.200625,589.310625,737.5,585,62,21,double,6,class->block->function->type->name
2,68,rectangle_java2.jpg,rectangle_java2.jpg,1094380468,68,785.8223529411764,524.2923529411764,775.5,512,53,21,width,5,class->block->function->name
2,68,rectangle_java2.jpg,rectangle_java2.jpg,1094488468,60,763.0726666666667,527.8806666666667,737.5,512,33,21,int,3,class->block->function->type->name
2,68,rectangle_java2.jpg,rectangle_java2.jpg,1094488468,60,763.0726666666667,527.8806666666667,775.5,512,53,21,width,5,class->block->function->name
2,68,rectangle_java2.jpg,rectangle_java2.jpg,1094564526,72,780.3744444444444,540.4733333333334,775.5,549,62,21,height,6,class->block->function->name
2,68,rectangle_java2.jpg,rectangle_java2.jpg,1094636591,68,776.1211764705882,553.4323529411764,775.5,549,62,21,height,6,class->block->function->name
2,68,rectangle_java2.jpg,rectangle_java2.jpg,1094800619,88,815.3809090909091,574.3936363636363,804.5,585,43,21,area,4,class->block->function->name
2,68,rectangle_java2.jpg,rectangle_java2.jpg,1095088614,64,906.326875,610.25,904.5,621,9,21,(,1,class->block->function->parameter_list
2,68,rectangle_java2.jpg,rectangle_java2.jpg,1095256598,80,902.538,593.965,893.5,585,10,21,{,1,class->block->function->block
2,68,rectangle_java2.jpg,rectangle_java2.jpg,1095256598,80,902.538,593.965,910.5,585,62,21,return,6,class->block->function->block->block_content->return
2,68,rectangle_java2.jpg,rectangle_java2.jpg,1095916543,280,977.077,605.3908571428572,977.5,585,101,21,this.width,10,class->block->function->block->block_content->return->expr->call->name->name->operator->name
2,68,rectangle_java2.jpg,rectangle_java2.jpg,1096056472,84,1000.6642857142857,613.1561904761904,1007.5,621,10,21,],1,class->block->function->parameter_list->parameter->decl->type->name->index
2,68,rectangle_java2.jpg,rectangle_java2.jpg,1096140479,80,1003.949,599.495,977.5,585,101,21,this.width,10,class->block->function->block->block_content->return->expr->call->name->name->operator->name
2,68,rectangle_java2.jpg,rectangle_java2.jpg,1096212485,68,1010.8576470588235,602.61,977.5,585,101,21,this.width,10,class->block->function->block->block_content->return->expr->call->name->name->operator->name
2,68,rectangle_java2.jpg,rectangle_java2.jpg,1096372442,156,1001.2958974358975,610.6566666666666,1007.5,621,10,21,],1,class->block->function->parameter_list->parameter->decl->type->name->index
2,68,rectangle_java2.jpg,rectangle_java2.jpg,1096608496,136,1028.434705882353,600.8814705882353,977.5,585,101,21,this.width,10,class->block->function->block->block_content->return->expr->call->name->name->operator->name
2,68,rectangle_java2.jpg,rectangle_java2.jpg,1096704479,56,1060.8064285714286,599.5357142857143,977.5,585,101,21,this.width,10,class->block->function->block->block_content->return->expr->call->name->name->operator->name
2,68,rectangle_java2.jpg,rectangle_java2.jpg,1096776453,68,1074.7564705882353,604.5982352941177,977.5,585,101,21,this.width,10,class->block->function->block->block_content->return->expr->call->name->name->operator->name
2,68,rectangle_java2.jpg,rectangle_java2.jpg,1096776453,68,1074.7564705882353,604.5982352941177,1086.5,585,10,21,(,1,class->block->function->block->block_content->return->expr->call->argument_list
2,68,rectangle_java2.jpg,rectangle_java2.jpg,1096932468,152,1067.9265789473684,582.1539473684211,977.5,585,101,21,this.width,10,class->block->function->block->block_content->return->expr->call->name->name->operator->name
2,68,rectangle_java2.jpg,rectangle_java2.jpg,1097008497,72,1062.7788888888888,595.7411111111111,977.5,585,101,21,this.width,10,class->block->function->block->block_content->return->expr->call->name->name->operator->name
2,68,rectangle_java2.jpg,rectangle_java2.jpg,1097072506,60,1067.4153333333334,604.5993333333333,977.5,585,101,21,this.width,10,class->block->function->block->block_content->return->expr->call->name->name->operator->name
2,68,rectangle_java2.jpg,rectangle_java2.jpg,1097140505,64,1064.485625,613.8275,1025.5,621,42,21,args,4,class->block->function->parameter_list->parameter->decl->name
2,68,rectangle_java2.jpg,rectangle_java2.jpg,1097140505,64,1064.485625,613.8275,1074.5,621,10,21,),1,class->block->function->parameter_list
2,68,rectangle_java2.jpg,rectangle_java2.jpg,1097460284,108,1091.8774074074074,590.91,1086.5,585,10,21,(,1,class->block->function->block->block_content->return->expr->call->argument_list
2,68,rectangle_java2.jpg,rectangle_java2.jpg,1097460284,108,1091.8774074074074,590.91,1103.5,585,9,21,),1,class->block->function->block->block_content->return->expr->call->argument_list
2,68,rectangle_java2.jpg,rectangle_java2.jpg,1097580489,116,1098.2724137931034,595.5810344827586,1103.5,585,9,21,),1,class->block->function->block->block_content->return->expr->call->argument_list
2,68,rectangle_java2.jpg,rectangle_java2.jpg,1097644562,60,1091.2166666666667,581.3606666666667,1086.5,585,10,21,(,1,class->block->function->block->block_content->return->expr->call->argument_list
2,68,rectangle_java2.jpg,rectangle_java2.jpg,1097644562,60,1091.2166666666667,581.3606666666667,1103.5,585,9,21,),1,class->block->function->block->block_content->return->expr->call->argument_list
2,68,rectangle_java2.jpg,rectangle_java2.jpg,1097736445,64,1020.14,598.839375,977.5,585,101,21,this.width,10,class->block->function->block->block_content->return->expr->call->name->name->operator->name
2,68,rectangle_java2.jpg,rectangle_java2.jpg,1097860320,120,1004.831,605.7226666666667,977.5,585,101,21,this.width,10,class->block->function->block->block_content->return->expr->call->name->name->operator->name
2,68,rectangle_java2.jpg,rectangle_java2.jpg,1098236360,100,1006.4088,552.9336,968.5,549,70,21,this.y2,7,class->block->function->block->block_content->return->expr->name->name->operator->name
2,68,rectangle_java2.jpg,rectangle_java2.jpg,1098368332,80,1014.819,589.5385,977.5,585,101,21,this.width,10,class->block->function->block->block_content->return->expr->call->name->name->operator->name
2,68,rectangle_java2.jpg,rectangle_java2.jpg,1098476317,104,1006.7803846153846,604.3319230769231,977.5,585,101,21,this.width,10,class->block->function->block->block_content->return->expr->call->name->name->operator->name
2,68,rectangle_java2.jpg,rectangle_java2.jpg,1098856368,72,778.0894444444444,580.4461111111111,737.5,585,62,21,double,6,class->block->function->type->name
2,68,rectangle_java2.jpg,rectangle_java2.jpg,1098952223,64,736.878125,569.769375,737.5,549,33,21,int,3,class->block->function->type->name
2,68,rectangle_java2.jpg,rectangle_java2.jpg,1099180152,104,775.4823076923077,622.6526923076923,738.5,621,61,21,static,6,class->block->function->type->specifier
2,68,rectangle_java2.jpg,rectangle_java2.jpg,1099372214,112,769.67,615.0335714285715,738.5,621,61,21,static,6,class->block->function->type->specifier
2,68,rectangle_java2.jpg,rectangle_java2.jpg,1099448218,56,776.9207142857143,631.16,738.5,621,61,21,static,6,class->block->function->type->specifier
2,68,rectangle_java2.jpg,rectangle_java2.jpg,1099524213,72,777.2755555555556,625.545,738.5,621,61,21,static,6,class->block->function->type->specifier
2,68,rectangle_java2.jpg,rectangle_java2.jpg,1099784169,256,771.92765625,616.72796875,738.5,621,61,21,static,6,class->block->function->type->specifier
2,68,rectangle_java2.jpg,rectangle_java2.jpg,1099964156,176,765.5938636363636,626.5252272727273,738.5,621,61,21,static,6,class->block->function->type->specifier
2,68,rectangle_java2.jpg,rectangle_java2.jpg,1100096186,128,763.6765625,627.3446875,738.5,621,61,21,static,6,class->block->function->type->specifier
2,68,rectangle_java2.jpg,rectangle_java2.jpg,1100228205,72,777.21,599.0133333333333,737.5,585,62,21,double,6,class->block->function->type->name
2,68,rectangle_java2.jpg,rectangle_java2.jpg,1100548173,64,791.88125,514.904375,775.5,512,53,21,width,5,class->block->function->name
2,68,rectangle_java2.jpg,rectangle_java2.jpg,1100668088,76,785.29,548.92,775.5,549,62,21,height,6,class->block->function->name
2,68,rectangle_java2.jpg,rectangle_java2.jpg,1100788070,68,780.5823529411765,557.2588235294118,775.5,549,62,21,height,6,class->block->function->name
2,68,rectangle_java2.jpg,rectangle_java2.jpg,1100892070,60,766.9626666666667,569.6706666666666,737.5,549,33,21,int,3,class->block->function->type->name
2,68,rectangle_java2.jpg,rectangle_java2.jpg,1100892070,60,766.9626666666667,569.6706666666666,775.5,549,62,21,height,6,class->block->function->name
2,68,rectangle_java2.jpg,rectangle_java2.jpg,1101052073,92,868.8473913043479,610.2347826086957,851.5,621,44,21,main,4,class->block->function->name
2,68,rectangle_java2.jpg,rectangle_java2.jpg,1101116074,60,865.8233333333334,620.2773333333333,851.5,621,44,21,main,4,class->block->function->name
2,68,rectangle_java2.jpg,rectangle_java2.jpg,1101180078,60,867.8506666666667,615.7226666666667,851.5,621,44,21,main,4,class->block->function->name
2,68,rectangle_java2.jpg,rectangle_java2.jpg,1101264082,60,948.4206666666666,641.66,920.5,621,62,21,String,6,class->block->function->parameter_list->parameter->decl->type->name->name
2,68,rectangle_java2.jpg,rectangle_java2.jpg,1101416059,148,950.6172972972973,649.4210810810811,941.5,658,91,20,Rectangle,9,class->block->function->block->block_content->decl_stmt->decl->init->expr->call->name
2,68,rectangle_java2.jpg,rectangle_java2.jpg,1101556062,104,997.5276923076923,647.6646153846154,941.5,658,91,20,Rectangle,9,class->block->function->block->block_content->decl_stmt->decl->init->expr->call->name
2,68,rectangle_java2.jpg,rectangle_java2.jpg,1101664072,104,994.9846153846154,657.1869230769231,941.5,658,91,20,Rectangle,9,class->block->function->block->block_content->decl_stmt->decl->init->expr->call->name
2,68,rectangle_java2.jpg,rectangle_java2.jpg,1101764069,96,1005.0075,654.99,941.5,658,91,20,Rectangle,9,class->block->function->block->block_content->decl_stmt->decl->init->expr->call->name
2,68,rectangle_java2.jpg,rectangle_java2.jpg,1101844073,76,992.4236842105263,655.391052631579,941.5,658,91,20,Rectangle,9,class->block->function->block->block_content->decl_stmt->decl->init->expr->call->name
2,68,rectangle_java2.jpg,rectangle_java2.jpg,1101928075,80,1018.4685,649.929,941.5,658,91,20,Rectangle,9,class->block->function->block->block_content->decl_stmt->decl->init->expr->call->name
2,68,rectangle_java2.jpg,rectangle_java2.jpg,1102083934,152,1019.3797368421053,653.1073684210527,941.5,658,91,20,Rectangle,9,class->block->function->block->block_content->decl_stmt->decl->init->expr->call->name
2,68,rectangle_java2.jpg,rectangle_java2.jpg,1102231850,144,1021.1611111111112,652.4597222222222,941.5,658,91,20,Rectangle,9,class->block->function->block->block_content->decl_stmt->decl->init->expr->call->name
2,68,rectangle_java2.jpg,rectangle_java2.jpg,1102399949,112,790.0696428571429,641.3646428571428,738.5,621,61,21,static,6,class->block->function->type->specifier
2,68,rectangle_java2.jpg,rectangle_java2.jpg,1102515973,112,790.0125,638.0928571428572,738.5,621,61,21,static,6,class->block->function->type->specifier
2,68,rectangle_java2.jpg,rectangle_java2.jpg,1102607976,88,780.3831818181818,641.665909090909,738.5,621,61,21,static,6,class->block->function->type->specifier
2,68,rectangle_java2.jpg,rectangle_java2.jpg,1102827939,96,730.7675,639.845,669.5,621,63,21,public,6,class->block->function->type->specifier
2,68,rectangle_java2.jpg,rectangle_java2.jpg,1102827939,96,730.7675,639.845,738.5,621,61,21,static,6,class->block->function->type->specifier
2,68,rectangle_java2.jpg,rectangle_java2.jpg,1102943937,112,741.685,648.2621428571429,730.5,658,91,20,Rectangle,9,class->block->function->block->block_content->decl_stmt->decl->type->name
2,68,rectangle_java2.jpg,rectangle_java2.jpg,1103475944,76,745.7773684210526,650.13,730.5,658,91,20,Rectangle,9,class->block->function->block->block_content->decl_stmt->decl->type->name
2,68,rectangle_java2.jpg,rectangle_java2.jpg,1103539937,60,752.2233333333334,639.1613333333333,738.5,621,61,21,static,6,class->block->function->type->specifier
2,68,rectangle_java2.jpg,rectangle_java2.jpg,1104211344,88,802.8209090909091,626.1531818181818,804.5,621,44,21,void,4,class->block->function->type->name
2,68,rectangle_java2.jpg,rectangle_java2.jpg,1104443856,64,920.41,655.218125,902.5,658,34,20,new,3,class->block->function->block->block_content->decl_stmt->decl->init->expr->operator
2,68,rectangle_java2.jpg,rectangle_java2.jpg,1104571904,124,922.8077419354839,659.6322580645161,902.5,658,34,20,new,3,class->block->function->block->block_content->decl_stmt->decl->init->expr->operator
2,68,rectangle_java2.jpg,rectangle_java2.jpg,1104647907,72,926.485,652.7027777777778,902.5,658,34,20,new,3,class->block->function->block->block_content->decl_stmt->decl->init->expr->operator
2,68,rectangle_java2.jpg,rectangle_java2.jpg,1104867834,156,999.3602564102564,658.8346153846154,941.5,658,91,20,Rectangle,9,class->block->function->block->block_content->decl_stmt->decl->init->expr->call->name
2,68,rectangle_java2.jpg,rectangle_java2.jpg,1105131739,216,1027.9718518518519,666.820925925926,941.5,658,91,20,Rectangle,9,class->block->function->block->block_content->decl_stmt->decl->init->expr->call->name
2,68,rectangle_java2.jpg,rectangle_java2.jpg,1105263691,128,1029.171875,657.93,941.5,658,91,20,Rectangle,9,class->block->function->block->block_content->decl_stmt->decl->init->expr->call->name
2,68,rectangle_java2.jpg,rectangle_java2.jpg,1105263691,128,1029.171875,657.93,1041.5,658,9,20,(,1,class->block->function->block->block_content->decl_stmt->decl->init->expr->call->argument_list
2,68,rectangle_java2.jpg,rectangle_java2.jpg,1105407672,140,1038.652857142857,666.1125714285714,1041.5,658,9,20,(,1,class->block->function->block->block_content->decl_stmt->decl->init->expr->call->argument_list
2,68,rectangle_java2.jpg,rectangle_java2.jpg,1105523706,96,956.5475,657.8470833333333,941.5,658,91,20,Rectangle,9,class->block->function->block->block_content->decl_stmt->decl->init->expr->call->name
2,68,rectangle_java2.jpg,rectangle_java2.jpg,1105619739,92,954.2095652173913,649.4730434782608,941.5,658,91,20,Rectangle,9,class->block->function->block->block_content->decl_stmt->decl->init->expr->call->name
2,68,rectangle_java2.jpg,rectangle_java2.jpg,1105775750,60,932.7046666666666,648.924,902.5,658,34,20,new,3,class->block->function->block->block_content->decl_stmt->decl->init->expr->operator
2,68,rectangle_java2.jpg,rectangle_java2.jpg,1105775750,60,932.7046666666666,648.924,941.5,658,91,20,Rectangle,9,class->block->function->block->block_content->decl_stmt->decl->init->expr->call->name
2,68,rectangle_java2.jpg,rectangle_java2.jpg,1106019709,240,929.6255,656.8975,902.5,658,34,20,new,3,class->block->function->block->block_content->decl_stmt->decl->init->expr->operator
2,68,rectangle_java2.jpg,rectangle_java2.jpg,1106019709,240,929.6255,656.8975,941.5,658,91,20,Rectangle,9,class->block->function->block->block_content->decl_stmt->decl->init->expr->call->name
2,68,rectangle_java2.jpg,rectangle_java2.jpg,1106267845,204,993.6905882352942,677.9584313725491,941.5,658,91,20,Rectangle,9,class->block->function->block->block_content->decl_stmt->decl->init->expr->call->name
2,68,rectangle_java2.jpg,rectangle_java2.jpg,1106363745,92,992.1330434782609,677.6330434782609,941.5,658,91,20,Rectangle,9,class->block->function->block->block_content->decl_stmt->decl->init->expr->call->name
2,68,rectangle_java2.jpg,rectangle_java2.jpg,1106523688,120,1020.0656666666666,664.9653333333333,941.5,658,91,20,Rectangle,9,class->block->function->block->block_content->decl_stmt->decl->init->expr->call->name
2,68,rectangle_java2.jpg,rectangle_java2.jpg,1106603701,76,1019.7747368421052,654.1457894736842,941.5,658,91,20,Rectangle,9,class->block->function->block->block_content->decl_stmt->decl->init->expr->call->name
2,68,rectangle_java2.jpg,rectangle_java2.jpg,1107027532,184,1040.6678260869564,636.8595652173913,1025.5,621,42,21,args,4,class->block->function->parameter_list->parameter->decl->name
2,68,rectangle_java2.jpg,rectangle_java2.jpg,1107219614,188,1047.3695744680851,651.8568085106383,1041.5,658,9,20,(,1,class->block->function->block->block_content->decl_stmt->decl->init->expr->call->argument_list
2,68,rectangle_java2.jpg,rectangle_java2.jpg,1107219614,188,1047.3695744680851,651.8568085106383,1057.5,658,13,20,0,1,class->block->function->block->block_content->decl_stmt->decl->init->expr->call->argument_list->argument->expr->literal
2,68,rectangle_java2.jpg,rectangle_java2.jpg,1107375579,152,1037.7607894736843,659.6223684210527,1041.5,658,9,20,(,1,class->block->function->block->block_content->decl_stmt->decl->init->expr->call->argument_list
2,68,rectangle_java2.jpg,rectangle_java2.jpg,1107523549,80,1109.146,656.954,1115.5,658,10,20,",",1,class->block->function->block->block_content->decl_stmt->decl->init->expr->call->argument_list
2,68,rectangle_java2.jpg,rectangle_java2.jpg,1107675534,148,1106.8705405405406,672.1808108108108,1095.5,658,13,20,0,1,class->block->function->block->block_content->decl_stmt->decl->init->expr->call->argument_list->argument->expr->literal
2,68,rectangle_java2.jpg,rectangle_java2.jpg,1107675534,148,1106.8705405405406,672.1808108108108,1115.5,658,10,20,",",1,class->block->function->block->block_content->decl_stmt->decl->init->expr->call->argument_list
2,68,rectangle_java2.jpg,rectangle_java2.jpg,1107847550,112,1131.025357142857,664.4910714285714,1134.5,658,22,20,10,2,class->block->function->block->block_content->decl_stmt->decl->init->expr->call->argument_list->argument->expr->literal
2,68,rectangle_java2.jpg,rectangle_java2.jpg,1108043576,112,1163.2157142857143,670.3625,1163.5,658,10,20,",",1,class->block->function->block->block_content->decl_stmt->decl->init->expr->call->argument_list
2,68,rectangle_java2.jpg,rectangle_java2.jpg,1108163558,116,1155.9120689655172,675.6244827586207,1134.5,658,22,20,10,2,class->block->function->block->block_content->decl_stmt->decl->init->expr->call->argument_list->argument->expr->literal
2,68,rectangle_java2.jpg,rectangle_java2.jpg,1108163558,116,1155.9120689655172,675.6244827586207,1163.5,658,10,20,",",1,class->block->function->block->block_content->decl_stmt->decl->init->expr->call->argument_list
2,68,rectangle_java2.jpg,rectangle_java2.jpg,1108367336,136,1208.6591176470588,673.9270588235294,1211.5,658,9,20,),1,class->block->function->block->block_content->decl_stmt->decl->init->expr->call->argument_list
2,68,rectangle_java2.jpg,rectangle_java2.jpg,1108439232,68,1215.7782352941176,662.2847058823529,1211.5,658,9,20,),1,class->block->function->block->block_content->decl_stmt->decl->init->expr->call->argument_list
2,68,rectangle_java2.jpg,rectangle_java2.jpg,1108523400,80,1210.7755,672.9125,1211.5,658,9,20,),1,class->block->function->block->block_content->decl_stmt->decl->init->expr->call->argument_list
2,68,rectangle_java2.jpg,rectangle_java2.jpg,1108907428,380,1215.050105263158,662.7018947368421,1211.5,658,9,20,),1,class->block->function->block->block_content->decl_stmt->decl->init->expr->call->argument_list
2,68,rectangle_java2.jpg,rectangle_java2.jpg,1109151576,68,1036.5223529411765,710.4223529411764,1041.5,694,9,21,(,1,class->block->function->block->block_content->expr_stmt->expr->call->argument_list->argument->expr->call->argument_list
2,68,rectangle_java2.jpg,rectangle_java2.jpg,1109279720,104,974.5938461538461,704.0884615384615,932.5,694,100,21,rect1.area,10,class->block->function->block->block_content->expr_stmt->expr->call->argument_list->argument->expr->call->name->name->operator->name
2,68,rectangle_java2.jpg,rectangle_java2.jpg,1109351619,68,969.6282352941176,702.0194117647059,932.5,694,100,21,rect1.area,10,class->block->function->block->block_content->expr_stmt->expr->call->argument_list->argument->expr->call->name->name->operator->name
2,68,rectangle_java2.jpg,rectangle_java2.jpg,1109631447,236,929.8928813559322,701.2177966101694,932.5,694,100,21,rect1.area,10,class->block->function->block->block_content->expr_stmt->expr->call->argument_list->argument->expr->call->name->name->operator->name
2,68,rectangle_java2.jpg,rectangle_java2.jpg,1109887409,116,1130.1524137931035,674.7275862068966,1134.5,658,22,20,10,2,class->block->function->block->block_content->decl_stmt->decl->init->expr->call->argument_list->argument->expr->literal
2,68,rectangle_java2.jpg,rectangle_java2.jpg,1110083314,128,991.0321875,659.054375,941.5,658,91,20,Rectangle,9,class->block->function->block->block_content->decl_stmt->decl->init->expr->call->name
2,68,rectangle_java2.jpg,rectangle_java2.jpg,1110147303,60,995.326,653.4513333333333,941.5,658,91,20,Rectangle,9,class->block->function->block->block_content->decl_stmt->decl->init->expr->call->name
2,68,rectangle_java2.jpg,rectangle_java2.jpg,1110207292,56,945.7592857142857,659.3635714285714,941.5,658,91,20,Rectangle,9,class->block->function->block->block_content->decl_stmt->decl->init->expr->call->name
2,68,rectangle_java2.jpg,rectangle_java2.jpg,1110303284,92,946.4069565217392,666.4282608695652,941.5,658,91,20,Rectangle,9,class->block->function->block->block_content->decl_stmt->decl->init->expr->call->name
2,68,rectangle_java2.jpg,rectangle_java2.jpg,1110459273,152,927.92,657.3092105263158,902.5,658,34,20,new,3,class->block->function->block->block_content->decl_stmt->decl->init->expr->operator
2,68,rectangle_java2.jpg,rectangle_java2.jpg,1110787428,76,1011.6057894736842,631.3057894736842,1007.5,621,10,21,],1,class->block->function->parameter_list->parameter->decl->type->name->index
2,68,rectangle_java2.jpg,rectangle_java2.jpg,1110891357,100,1007.602,650.7108,941.5,658,91,20,Rectangle,9,class->block->function->block->block_content->decl_stmt->decl->init->expr->call->name
2,68,rectangle_java2.jpg,rectangle_java2.jpg,1110971326,76,1030.8578947368421,658.8610526315789,941.5,658,91,20,Rectangle,9,class->block->function->block->block_content->decl_stmt->decl->init->expr->call->name
2,68,rectangle_java2.jpg,rectangle_java2.jpg,1110971326,76,1030.8578947368421,658.8610526315789,1041.5,658,9,20,(,1,class->block->function->block->block_content->decl_stmt->decl->init->expr->call->argument_list
2,68,rectangle_java2.jpg,rectangle_java2.jpg,1111103341,128,1028.213125,665.5765625,941.5,658,91,20,Rectangle,9,class->block->function->block->block_content->decl_stmt->decl->init->expr->call->name
2,68,rectangle_java2.jpg,rectangle_java2.jpg,1111175365,68,1033.0458823529411,676.9441176470589,1041.5,658,9,20,(,1,class->block->function->block->block_content->decl_stmt->decl->init->expr->call->argument_list
2,68,rectangle_java2.jpg,rectangle_java2.jpg,1111391210,116,861.3220689655172,690.3110344827586,730.5,694,177,21,System.out.println,18,class->block->function->block->block_content->expr_stmt->expr->call->name->name->operator->name->operator->name
2,68,rectangle_java2.jpg,rectangle_java2.jpg,1111451120,56,851.6578571428571,698.32,730.5,694,177,21,System.out.println,18,class->block->function->block->block_content->expr_stmt->expr->call->name->name->operator->name->operator->name
2,68,rectangle_java2.jpg,rectangle_java2.jpg,1111606894,128,765.6678125,676.0721875,730.5,658,91,20,Rectangle,9,class->block->function->block->block_content->decl_stmt->decl->type->name
2,68,rectangle_java2.jpg,rectangle_java2.jpg,1112195165,132,764.3069696969696,684.0109090909091,730.5,694,177,21,System.out.println,18,class->block->function->block->block_content->expr_stmt->expr->call->name->name->operator->name->operator->name
2,68,rectangle_java2.jpg,rectangle_java2.jpg,1112271185,72,770.6938888888889,686.6711111111111,730.5,694,177,21,System.out.println,18,class->block->function->block->block_content->expr_stmt->expr->call->name->name->operator->name->operator->name
2,68,rectangle_java2.jpg,rectangle_java2.jpg,1112411187,104,824.0057692307693,694.526923076923,730.5,694,177,21,System.out.println,18,class->block->function->block->block_content->expr_stmt->expr->call->name->name->operator->name->operator->name
2,68,rectangle_java2.jpg,rectangle_java2.jpg,1112515184,100,827.8896,690.2488,730.5,694,177,21,System.out.println,18,class->block->function->block->block_content->expr_stmt->expr->call->name->name->operator->name->operator->name
2,68,rectangle_java2.jpg,rectangle_java2.jpg,1112731203,180,876.7346666666666,690.0426666666666,730.5,694,177,21,System.out.println,18,class->block->function->block->block_content->expr_stmt->expr->call->name->name->operator->name->operator->name
2,68,rectangle_java2.jpg,rectangle_java2.jpg,1112959171,188,963.0455319148936,714.0376595744681,932.5,694,100,21,rect1.area,10,class->block->function->block->block_content->expr_stmt->expr->call->argument_list->argument->expr->call->name->name->operator->name
2,68,rectangle_java2.jpg,rectangle_java2.jpg,1113094991,64,1042.22,714.266875,1041.5,694,9,21,(,1,class->block->function->block->block_content->expr_stmt->expr->call->argument_list->argument->expr->call->argument_list
2,68,rectangle_java2.jpg,rectangle_java2.jpg,1113182904,84,1048.4733333333334,728.7557142857142,1041.5,731,9,20,(,1,class->block->function->block->block_content->decl_stmt->decl->init->expr->call->argument_list
2,68,rectangle_java2.jpg,rectangle_java2.jpg,1113182904,84,1048.4733333333334,728.7557142857142,1057.5,731,13,20,5,1,class->block->function->block->block_content->decl_stmt->decl->init->expr->call->argument_list->argument->expr->literal
2,68,rectangle_java2.jpg,rectangle_java2.jpg,1113370981,88,1074.7481818181818,714.6863636363637,1077.5,694,9,21,),1,class->block->function->block->block_content->expr_stmt->expr->call->argument_list
2,68,rectangle_java2.jpg,rectangle_java2.jpg,1113443021,68,1138.9258823529412,722.204705882353,1134.5,731,22,20,10,2,class->block->function->block->block_content->decl_stmt->decl->init->expr->call->argument_list->argument->expr->literal
2,68,rectangle_java2.jpg,rectangle_java2.jpg,1113675006,228,1143.6522807017543,724.4915789473685,1134.5,731,22,20,10,2,class->block->function->block->block_content->decl_stmt->decl->init->expr->call->argument_list->argument->expr->literal
2,68,rectangle_java2.jpg,rectangle_java2.jpg,1113823008,104,1066.84,735.511923076923,1057.5,731,13,20,5,1,class->block->function->block->block_content->decl_stmt->decl->init->expr->call->argument_list->argument->expr->literal
2,68,rectangle_java2.jpg,rectangle_java2.jpg,1113823008,104,1066.84,735.511923076923,1077.5,731,9,20,",",1,class->block->function->block->block_content->decl_stmt->decl->init->expr->call->argument_list
2,68,rectangle_java2.jpg,rectangle_java2.jpg,1113923016,88,887.0809090909091,731.095,883.5,731,15,20,=,1,class->block->function->block->block_content->decl_stmt->decl->init
2,68,rectangle_java2.jpg,rectangle_java2.jpg,1114059024,132,888.0269696969697,737.130303030303,883.5,731,15,20,=,1,class->block->function->block->block_content->decl_stmt->decl->init
2,68,rectangle_java2.jpg,rectangle_java2.jpg,1114211016,92,910.7765217391304,734.6652173913044,902.5,731,34,20,new,3,class->block->function->block->block_content->decl_stmt->decl->init->expr->operator
2,68,rectangle_java2.jpg,rectangle_java2.jpg,1114307025,92,926.9104347826087,730.544347826087,902.5,731,34,20,new,3,class->block->function->block->block_content->decl_stmt->decl->init->expr->operator
2,68,rectangle_java2.jpg,rectangle_java2.jpg,1114439023,104,809.9569230769231,735.3823076923077,730.5,731,91,20,Rectangle,9,class->block->function->block->block_content->decl_stmt->decl->type->name
2,68,rectangle_java2.jpg,rectangle_java2.jpg,1114550929,108,818.0751851851852,725.3366666666667,730.5,731,91,20,Rectangle,9,class->block->function->block->block_content->decl_stmt->decl->type->name
2,68,rectangle_java2.jpg,rectangle_java2.jpg,1114550929,108,818.0751851851852,725.3366666666667,826.5,731,51,20,rect2,5,class->block->function->block->block_content->decl_stmt->decl->name
2,68,rectangle_java2.jpg,rectangle_java2.jpg,1114686858,100,760.984,723.3472,730.5,731,91,20,Rectangle,9,class->block->function->block->block_content->decl_stmt->decl->type->name
2,68,rectangle_java2.jpg,rectangle_java2.jpg,1115070854,60,808.7886666666667,727.5333333333333,730.5,731,91,20,Rectangle,9,class->block->function->block->block_content->decl_stmt->decl->type->name
2,68,rectangle_java2.jpg,rectangle_java2.jpg,1115142853,68,800.4552941176471,728.4629411764706,730.5,731,91,20,Rectangle,9,class->block->function->block->block_content->decl_stmt->decl->type->name
2,68,rectangle_java2.jpg,rectangle_java2.jpg,1115222859,76,772.5336842105263,738.9068421052632,730.5,731,91,20,Rectangle,9,class->block->function->block->block_content->decl_stmt->decl->type->name
2,68,rectangle_java2.jpg,rectangle_java2.jpg,1115366889,140,770.0482857142857,747.3077142857143,730.5,731,91,20,Rectangle,9,class->block->function->block->block_content->decl_stmt->decl->type->name
2,68,rectangle_java2.jpg,rectangle_java2.jpg,1115462897,92,773.8269565217391,737.7643478260869,730.5,731,91,20,Rectangle,9,class->block->function->block->block_content->decl_stmt->decl->type->name
2,68,rectangle_java2.jpg,rectangle_java2.jpg,1115622914,60,846.4073333333333,755.07,730.5,766,177,21,System.out.println,18,class->block->function->block->block_content->expr_stmt->expr->call->name->name->operator->name->operator->name
2,68,rectangle_java2.jpg,rectangle_java2.jpg,1115743034,100,976.4768,758.8836,932.5,766,100,21,rect2.area,10,class->block->function->block->block_content->expr_stmt->expr->call->argument_list->argument->expr->call->name->name->operator->name
2,68,rectangle_java2.jpg,rectangle_java2.jpg,1115843075,96,977.4029166666667,772.4254166666667,932.5,766,100,21,rect2.area,10,class->block->function->block->block_content->expr_stmt->expr->call->argument_list->argument->expr->call->name->name->operator->name
2,68,rectangle_java2.jpg,rectangle_java2.jpg,1115938969,60,1015.164,757.414,932.5,766,100,21,rect2.area,10,class->block->function->block->block_content->expr_stmt->expr->call->argument_list->argument->expr->call->name->name->operator->name
2,68,rectangle_java2.jpg,rectangle_java2.jpg,1116002899,60,1003.6659999999999,762.4366666666667,932.5,766,100,21,rect2.area,10,class->block->function->block->block_content->expr_stmt->expr->call->argument_list->argument->expr->call->name->name->operator->name
2,68,rectangle_java2.jpg,rectangle_java2.jpg,1116182631,56,938.6392857142857,766.5178571428571,932.5,766,100,21,rect2.area,10,class->block->function->block->block_content->expr_stmt->expr->call->argument_list->argument->expr->call->name->name->operator->name
2,68,rectangle_java2.jpg,rectangle_java2.jpg,1116342694,116,943.3724137931034,763.8137931034482,932.5,766,100,21,rect2.area,10,class->block->function->block->block_content->expr_stmt->expr->call->argument_list->argument->expr->call->name->name->operator->name
2,68,rectangle_java2.jpg,rectangle_java2.jpg,1116426778,80,940.3125,759.6425,932.5,766,100,21,rect2.area,10,class->block->function->block->block_content->expr_stmt->expr->call->argument_list->argument->expr->call->name->name->operator->name
2,68,rectangle_java2.jpg,rectangle_java2.jpg,1116650799,220,941.1256363636363,771.06,932.5,766,100,21,rect2.area,10,class->block->function->block->block_content->expr_stmt->expr->call->argument_list->argument->expr->call->name->name->operator->name
2,68,rectangle_java2.jpg,rectangle_java2.jpg,1116726922,72,956.3494444444444,756.2622222222222,932.5,766,100,21,rect2.area,10,class->block->function->block->block_content->expr_stmt->expr->call->argument_list->argument->expr->call->name->name->operator->name
2,68,rectangle_java2.jpg,rectangle_java2.jpg,1116791026,60,949.8573333333334,762.3673333333334,932.5,766,100,21,rect2.area,10,class->block->function->block->block_content->expr_stmt->expr->call->argument_list->argument->expr->call->name->name->operator->name
2,68,rectangle_java2.jpg,rectangle_java2.jpg,1117106777,160,997.41475,750.266,941.5,731,91,20,Rectangle,9,class->block->function->block->block_content->decl_stmt->decl->init->expr->call->name
2,68,rectangle_java2.jpg,rectangle_java2.jpg,1117410760,84,910.1942857142857,691.3919047619048,916.5,694,9,21,(,1,class->block->function->block->block_content->expr_stmt->expr->call->argument_list
2,68,rectangle_java2.jpg,rectangle_java2.jpg,1117594815,148,957.3186486486486,745.0172972972973,941.5,731,91,20,Rectangle,9,class->block->function->block->block_content->decl_stmt->decl->init->expr->call->name
2,68,rectangle_java2.jpg,rectangle_java2.jpg,1117670768,72,947.2461111111111,756.6488888888889,932.5,766,100,21,rect2.area,10,class->block->function->block->block_content->expr_stmt->expr->call->argument_list->argument->expr->call->name->name->operator->name
2,68,rectangle_java2.jpg,rectangle_java2.jpg,1117766588,92,935.835652173913,759.98,932.5,766,100,21,rect2.area,10,class->block->function->block->block_content->expr_stmt->expr->call->argument_list->argument->expr->call->name->name->operator->name
2,68,rectangle_java2.jpg,rectangle_java2.jpg,1118066493,60,949.7833333333333,708.396,932.5,694,100,21,rect1.area,10,class->block->function->block->block_content->expr_stmt->expr->call->argument_list->argument->expr->call->name->name->operator->name
2,68,rectangle_java2.jpg,rectangle_java2.jpg,1118190592,120,944.1963333333333,729.0733333333334,941.5,731,91,20,Rectangle,9,class->block->function->block->block_content->decl_stmt->decl->init->expr->call->name
2,68,rectangle_java2.jpg,rectangle_java2.jpg,1118298624,104,963.4242307692308,740.0619230769231,941.5,731,91,20,Rectangle,9,class->block->function->block->block_content->decl_stmt->decl->init->expr->call->name
2,68,rectangle_java2.jpg,rectangle_java2.jpg,1118450620,148,965.6554054054054,755.3702702702702,932.5,766,100,21,rect2.area,10,class->block->function->block->block_content->expr_stmt->expr->call->argument_list->argument->expr->call->name->name->operator->name
2,68,rectangle_java2.jpg,rectangle_java2.jpg,1118626630,144,857.7788888888889,704.0269444444444,730.5,694,177,21,System.out.println,18,class->block->function->block->block_content->expr_stmt->expr->call->name->name->operator->name->operator->name
2,68,rectangle_java2.jpg,rectangle_java2.jpg,1118706623,76,862.1973684210526,702.378947368421,730.5,694,177,21,System.out.println,18,class->block->function->block->block_content->expr_stmt->expr->call->name->name->operator->name->operator->name
2,68,rectangle_java2.jpg,rectangle_java2.jpg,1118974578,104,863.3857692307693,721.4169230769231,826.5,731,51,20,rect2,5,class->block->function->block->block_content->decl_stmt->decl->name
2,68,rectangle_java2.jpg,rectangle_java2.jpg,1119090635,80,865.6555,769.0875,730.5,766,177,21,System.out.println,18,class->block->function->block->block_content->expr_stmt->expr->call->name->name->operator->name->operator->name
2,68,rectangle_java2.jpg,rectangle_java2.jpg,1119210804,76,856.6447368421053,756.4094736842105,730.5,766,177,21,System.out.println,18,class->block->function->block->block_content->expr_stmt->expr->call->name->name->operator->name->operator->name
2,68,rectangle_java2.jpg,rectangle_java2.jpg,1119434519,180,841.2166666666667,770.8053333333334,730.5,766,177,21,System.out.println,18,class->block->function->block->block_content->expr_stmt->expr->call->name->name->operator->name->operator->name
2,68,rectangle_java2.jpg,rectangle_java2.jpg,1119518491,60,947.0586666666667,785.468,932.5,766,100,21,rect2.area,10,class->block->function->block->block_content->expr_stmt->expr->call->argument_list->argument->expr->call->name->name->operator->name
2,68,rectangle_java2.jpg,rectangle_java2.jpg,1119810439,104,1057.188846153846,784.6173076923077,1057.5,766,10,21,),1,class->block->function->block->block_content->expr_stmt->expr->call->argument_list->argument->expr->call->argument_list
2,68,rectangle_java2.jpg,rectangle_java2.jpg,1122386302,152,851.5463157894737,654.1992105263158,826.5,658,52,20,rect1,5,class->block->function->block->block_content->decl_stmt->decl->name
2,68,rectangle_java2.jpg,rectangle_java2.jpg,1122506169,116,841.2651724137932,646.9489655172414,826.5,658,52,20,rect1,5,class->block->function->block->block_content->decl_stmt->decl->name
2,68,rectangle_java2.jpg,rectangle_java2.jpg,1122706168,136,662.46,818.5308823529411,672.5,804,10,18,},1,class->block->function->block
2,68,rectangle_java2.jpg,rectangle_java2.jpg,1123138276,124,898.1003225806452,659.6483870967742,883.5,658,15,20,=,1,class->block->function->block->block_content->decl_stmt->decl->init
2,68,rectangle_java2.jpg,rectangle_java2.jpg,1123138276,124,898.1003225806452,659.6483870967742,902.5,658,34,20,new,3,class->block->function->block->block_content->decl_stmt->decl->init->expr->operator
2,68,rectangle_java2.jpg,rectangle_java2.jpg,1123258220,68,1132.3917647058822,742.25,1134.5,731,22,20,10,2,class->block->function->block->block_content->decl_stmt->decl->init->expr->call->argument_list->argument->expr->literal
2,68,rectangle_java2.jpg,rectangle_java2.jpg,1123330216,68,1135.8035294117647,749.1523529411764,1134.5,731,22,20,10,2,class->block->function->block->block_content->decl_stmt->decl->init->expr->call->argument_list->argument->expr->literal
2,68,rectangle_java2.jpg,rectangle_java2.jpg,1123602219,64,1129.664375,648.491875,1134.5,658,22,20,10,2,class->block->function->block->block_content->decl_stmt->decl->init->expr->call->argument_list->argument->expr->literal
2,68,rectangle_java2.jpg,rectangle_java2.jpg,1123842219,132,956.8372727272728,655.3609090909091,941.5,658,91,20,Rectangle,9,class->block->function->block->block_content->decl_stmt->decl->init->expr->call->name
2,68,rectangle_java2.jpg,rectangle_java2.jpg,1123974151,76,929.0068421052632,653.6036842105264,902.5,658,34,20,new,3,class->block->function->block->block_content->decl_stmt->decl->init->expr->operator
2,68,rectangle_java2.jpg,rectangle_java2.jpg,1123974151,76,929.0068421052632,653.6036842105264,941.5,658,91,20,Rectangle,9,class->block->function->block->block_content->decl_stmt->decl->init->expr->call->name
2,68,rectangle_java2.jpg,rectangle_java2.jpg,1124082134,104,928.1638461538462,650.9788461538461,902.5,658,34,20,new,3,class->block->function->block->block_content->decl_stmt->decl->init->expr->operator
2,68,rectangle_java2.jpg,rectangle_java2.jpg,1124142140,56,928.7571428571429,653.1414285714286,902.5,658,34,20,new,3,class->block->function->block->block_content->decl_stmt->decl->init->expr->operator
2,68,rectangle_java2.jpg,rectangle_java2.jpg,1124234154,72,762.8088888888889,632.755,738.5,621,61,21,static,6,class->block->function->type->specifier
2,68,rectangle_java2.jpg,rectangle_java2.jpg,1124390140,152,762.9565789473684,634.2886842105263,738.5,621,61,21,static,6,class->block->function->type->specifier
2,68,rectangle_java2.jpg,rectangle_java2.jpg,1124558123,68,751.3288235294118,641.8858823529412,738.5,621,61,21,static,6,class->block->function->type->specifier
2,68,rectangle_java2.jpg,rectangle_java2.jpg,1124622097,60,745.3193333333334,649.2846666666667,730.5,658,91,20,Rectangle,9,class->block->function->block->block_content->decl_stmt->decl->type->name
2,68,rectangle_java2.jpg,rectangle_java2.jpg,1124714064,60,819.4393333333334,663.5066666666667,730.5,658,91,20,Rectangle,9,class->block->function->block->block_content->decl_stmt->decl->type->name
2,68,rectangle_java2.jpg,rectangle_java2.jpg,1124714064,60,819.4393333333334,663.5066666666667,826.5,658,52,20,rect1,5,class->block->function->block->block_content->decl_stmt->decl->name
2,68,rectangle_java2.jpg,rectangle_java2.jpg,1124854054,136,826.8370588235294,669.4685294117647,826.5,658,52,20,rect1,5,class->block->function->block->block_content->decl_stmt->decl->name
2,68,rectangle_java2.jpg,rectangle_java2.jpg,1124994118,128,937.819375,674.2528125,941.5,658,91,20,Rectangle,9,class->block->function->block->block_content->decl_stmt->decl->init->expr->call->name
2,68,rectangle_java2.jpg,rectangle_java2.jpg,1125078288,80,940.6985,689.485,932.5,694,100,21,rect1.area,10,class->block->function->block->block_content->expr_stmt->expr->call->argument_list->argument->expr->call->name->name->operator->name
2,68,rectangle_java2.jpg,rectangle_java2.jpg,1125242430,108,948.7514814814815,667.4014814814815,941.5,658,91,20,Rectangle,9,class->block->function->block->block_content->decl_stmt->decl->init->expr->call->name
2,68,rectangle_java2.jpg,rectangle_java2.jpg,1125501899,120,1010.0903333333333,672.4176666666667,941.5,658,91,20,Rectangle,9,class->block->function->block->block_content->decl_stmt->decl->init->expr->call->name
2,68,rectangle_java2.jpg,rectangle_java2.jpg,1125589760,84,1015.712380952381,663.1228571428571,941.5,658,91,20,Rectangle,9,class->block->function->block->block_content->decl_stmt->decl->init->expr->call->name
2,68,rectangle_java2.jpg,rectangle_java2.jpg,1125649760,56,993.7235714285714,674.6478571428571,941.5,658,91,20,Rectangle,9,class->block->function->block->block_content->decl_stmt->decl->init->expr->call->name
2,68,rectangle_java2.jpg,rectangle_java2.jpg,1125785909,132,993.5618181818181,667.9942424242424,941.5,658,91,20,Rectangle,9,class->block->function->block->block_content->decl_stmt->decl->init->expr->call->name
2,68,rectangle_java2.jpg,rectangle_java2.jpg,1125873988,56,1036.27,675.335,1041.5,658,9,20,(,1,class->block->function->block->block_content->decl_stmt->decl->init->expr->call->argument_list
