trial,participant,code_file,code_language,timestamp,duration,x_cord,y_cord,aoi_x,aoi_y,aoi_width,aoi_height,token,length,srcML
2,6,rectangle_java2.jpg,rectangle_java2.jpg,2768972532,96,677.545,217.17458333333332,657.5,222,52,21,class,5,class
2,6,rectangle_java2.jpg,rectangle_java2.jpg,2770019801,60,744.0753333333333,216.61266666666666,715.5,222,90,21,Rectangle,9,class->name
2,6,rectangle_java2.jpg,rectangle_java2.jpg,2770079983,56,738.4807142857143,210.1892857142857,715.5,222,90,21,Rectangle,9,class->name
2,6,rectangle_java2.jpg,rectangle_java2.jpg,2771856186,108,692.8462962962963,254.2211111111111,669.5,259,72,21,private,7,class->block->decl_stmt->decl->type->specifier
2,6,rectangle_java2.jpg,rectangle_java2.jpg,2773208079,56,715.9064285714286,299.93,669.5,295,63,21,public,6,class->block->constructor->specifier
2,6,rectangle_java2.jpg,rectangle_java2.jpg,2773292078,56,725.4664285714285,315.10285714285715,669.5,295,63,21,public,6,class->block->constructor->specifier
2,6,rectangle_java2.jpg,rectangle_java2.jpg,2773292078,56,725.4664285714285,315.10285714285715,737.5,295,91,21,Rectangle,9,class->block->constructor->name
2,6,rectangle_java2.jpg,rectangle_java2.jpg,2774055956,80,784.846,326.2995,730.5,331,71,19,this.x1,7,class->block->constructor->block->block_content->expr_stmt->expr->name->name->operator->name
2,6,rectangle_java2.jpg,rectangle_java2.jpg,2774583963,60,666.7073333333333,563.5993333333333,669.5,549,63,21,public,6,class->block->function->type->specifier
2,6,rectangle_java2.jpg,rectangle_java2.jpg,2774799927,88,757.0618181818181,553.2686363636363,737.5,549,33,21,int,3,class->block->function->type->name
2,6,rectangle_java2.jpg,rectangle_java2.jpg,2774983938,60,847.5166666666667,560.7253333333333,846.5,549,10,21,(,1,class->block->function->parameter_list
2,6,rectangle_java2.jpg,rectangle_java2.jpg,2775139955,152,844.3026315789474,551.3776315789473,846.5,549,10,21,(,1,class->block->function->parameter_list
2,6,rectangle_java2.jpg,rectangle_java2.jpg,2775207941,56,846.1707142857143,547.7242857142858,846.5,549,10,21,(,1,class->block->function->parameter_list
2,6,rectangle_java2.jpg,rectangle_java2.jpg,2775407832,80,930.672,546.693,900.5,549,63,21,return,6,class->block->function->block->block_content->return
2,6,rectangle_java2.jpg,rectangle_java2.jpg,2775571818,160,925.928,556.4085,900.5,549,63,21,return,6,class->block->function->block->block_content->return
2,6,rectangle_java2.jpg,rectangle_java2.jpg,2775915802,84,1002.7038095238096,551.1742857142857,968.5,549,70,21,this.y2,7,class->block->function->block->block_content->return->expr->name->name->operator->name
2,6,rectangle_java2.jpg,rectangle_java2.jpg,2775983813,64,1004.61125,559.5375,968.5,549,70,21,this.y2,7,class->block->function->block->block_content->return->expr->name->name->operator->name
2,6,rectangle_java2.jpg,rectangle_java2.jpg,2776055832,68,1018.5235294117647,553.8047058823529,968.5,549,70,21,this.y2,7,class->block->function->block->block_content->return->expr->name->name->operator->name
2,6,rectangle_java2.jpg,rectangle_java2.jpg,2776159847,68,1001.6588235294117,559.2694117647059,968.5,549,70,21,this.y2,7,class->block->function->block->block_content->return->expr->name->name->operator->name
2,6,rectangle_java2.jpg,rectangle_java2.jpg,2776339824,108,1018.4255555555555,564.4477777777778,968.5,549,70,21,this.y2,7,class->block->function->block->block_content->return->expr->name->name->operator->name
2,6,rectangle_java2.jpg,rectangle_java2.jpg,2776535818,76,1092.8163157894737,548.3089473684211,1064.5,549,71,21,this.y1,7,class->block->function->block->block_content->return->expr->name->name->operator->name
2,6,rectangle_java2.jpg,rectangle_java2.jpg,2776715801,84,1093.4066666666668,546.9490476190476,1064.5,549,71,21,this.y1,7,class->block->function->block->block_content->return->expr->name->name->operator->name
2,6,rectangle_java2.jpg,rectangle_java2.jpg,2776863711,60,1125.4,568.1773333333333,1064.5,549,71,21,this.y1,7,class->block->function->block->block_content->return->expr->name->name->operator->name
2,6,rectangle_java2.jpg,rectangle_java2.jpg,2776987643,64,1108.69375,558.84375,1064.5,549,71,21,this.y1,7,class->block->function->block->block_content->return->expr->name->name->operator->name
2,6,rectangle_java2.jpg,rectangle_java2.jpg,2777227767,60,1118.1293333333333,579.728,1122.5,585,12,21,*,1,class->block->function->block->block_content->return->expr->operator
2,6,rectangle_java2.jpg,rectangle_java2.jpg,2777487683,132,733.4263636363636,594.3681818181818,737.5,585,62,21,double,6,class->block->function->type->name
2,6,rectangle_java2.jpg,rectangle_java2.jpg,2778375597,88,799.6068181818182,519.2004545454546,775.5,512,53,21,width,5,class->block->function->name
2,6,rectangle_java2.jpg,rectangle_java2.jpg,2778627366,172,752.1620930232558,547.6618604651163,737.5,549,33,21,int,3,class->block->function->type->name
2,6,rectangle_java2.jpg,rectangle_java2.jpg,2778887563,228,765.5847368421053,573.9947368421052,737.5,585,62,21,double,6,class->block->function->type->name
2,6,rectangle_java2.jpg,rectangle_java2.jpg,2779131511,132,984.6845454545454,565.8678787878788,968.5,549,70,21,this.y2,7,class->block->function->block->block_content->return->expr->name->name->operator->name
2,6,rectangle_java2.jpg,rectangle_java2.jpg,2779231491,96,979.6404166666666,579.8575,977.5,585,101,21,this.width,10,class->block->function->block->block_content->return->expr->call->name->name->operator->name
2,6,rectangle_java2.jpg,rectangle_java2.jpg,2779443497,180,1010.1437777777778,561.6784444444445,968.5,549,70,21,this.y2,7,class->block->function->block->block_content->return->expr->name->name->operator->name
2,6,rectangle_java2.jpg,rectangle_java2.jpg,2779555493,108,1007.4614814814814,564.0507407407407,968.5,549,70,21,this.y2,7,class->block->function->block->block_content->return->expr->name->name->operator->name
2,6,rectangle_java2.jpg,rectangle_java2.jpg,2779691522,92,1130.7,532.4786956521739,1132.5,512,10,21,;,1,class->block->function->block
2,6,rectangle_java2.jpg,rectangle_java2.jpg,2779759549,64,1122.43,537.198125,1064.5,549,71,21,this.y1,7,class->block->function->block->block_content->return->expr->name->name->operator->name
2,6,rectangle_java2.jpg,rectangle_java2.jpg,2779903416,140,1126.4357142857143,532.6434285714286,1132.5,512,10,21,;,1,class->block->function->block
2,6,rectangle_java2.jpg,rectangle_java2.jpg,2780219391,88,965.5668181818182,521.6259090909091,958.5,512,71,21,this.x2,7,class->block->function->block->block_content->return->expr->name->name->operator->name->operator
2,6,rectangle_java2.jpg,rectangle_java2.jpg,2780319667,96,975.7254166666667,517.82375,958.5,512,71,21,this.x2,7,class->block->function->block->block_content->return->expr->name->name->operator->name->operator
2,6,rectangle_java2.jpg,rectangle_java2.jpg,2780491810,76,1014.23,537.2152631578947,968.5,549,70,21,this.y2,7,class->block->function->block->block_content->return->expr->name->name->operator->name
2,6,rectangle_java2.jpg,rectangle_java2.jpg,2780735548,60,1016.344,573.9706666666667,977.5,585,101,21,this.width,10,class->block->function->block->block_content->return->expr->call->name->name->operator->name
2,6,rectangle_java2.jpg,rectangle_java2.jpg,2780843533,72,1119.8755555555556,574.7688888888889,1122.5,585,12,21,*,1,class->block->function->block->block_content->return->expr->operator
2,6,rectangle_java2.jpg,rectangle_java2.jpg,2781095442,84,757.3095238095239,580.43,737.5,585,62,21,double,6,class->block->function->type->name
2,6,rectangle_java2.jpg,rectangle_java2.jpg,2781215470,116,767.4296551724138,587.9427586206897,737.5,585,62,21,double,6,class->block->function->type->name
2,6,rectangle_java2.jpg,rectangle_java2.jpg,2781279430,60,761.8273333333333,602.0433333333333,737.5,585,62,21,double,6,class->block->function->type->name
2,6,rectangle_java2.jpg,rectangle_java2.jpg,2781479253,196,766.4110204081633,593.1712244897959,737.5,585,62,21,double,6,class->block->function->type->name
2,6,rectangle_java2.jpg,rectangle_java2.jpg,2781607168,68,763.6105882352941,583.5394117647058,737.5,585,62,21,double,6,class->block->function->type->name
2,6,rectangle_java2.jpg,rectangle_java2.jpg,2782099220,56,763.0614285714286,565.2542857142857,737.5,549,33,21,int,3,class->block->function->type->name
2,6,rectangle_java2.jpg,rectangle_java2.jpg,2782099220,56,763.0614285714286,565.2542857142857,775.5,549,62,21,height,6,class->block->function->name
2,6,rectangle_java2.jpg,rectangle_java2.jpg,2782399135,120,723.8676666666667,623.144,669.5,621,63,21,public,6,class->block->function->type->specifier
2,6,rectangle_java2.jpg,rectangle_java2.jpg,2782739272,96,802.5375,639.4954166666666,804.5,621,44,21,void,4,class->block->function->type->name
2,6,rectangle_java2.jpg,rectangle_java2.jpg,2782975265,84,665.2733333333333,623.4104761904762,669.5,621,63,21,public,6,class->block->function->type->specifier
2,6,rectangle_java2.jpg,rectangle_java2.jpg,2783043255,64,662.91625,624.149375,669.5,621,63,21,public,6,class->block->function->type->specifier
2,6,rectangle_java2.jpg,rectangle_java2.jpg,2783107152,60,661.2533333333333,637.348,669.5,621,63,21,public,6,class->block->function->type->specifier
2,6,rectangle_java2.jpg,rectangle_java2.jpg,2783238881,108,818.5996296296296,625.6544444444444,804.5,621,44,21,void,4,class->block->function->type->name
2,6,rectangle_java2.jpg,rectangle_java2.jpg,2783839157,184,1089.0817391304347,618.4589130434782,1094.5,621,10,21,{,1,class->block->function->block
2,6,rectangle_java2.jpg,rectangle_java2.jpg,2783999158,76,1049.5663157894737,625.5673684210526,1025.5,621,42,21,args,4,class->block->function->parameter_list->parameter->decl->name
2,6,rectangle_java2.jpg,rectangle_java2.jpg,2784091158,88,1050.5822727272728,623.2622727272727,1025.5,621,42,21,args,4,class->block->function->parameter_list->parameter->decl->name
2,6,rectangle_java2.jpg,rectangle_java2.jpg,2784451137,76,1258.9057894736843,605.4226315789474,1259.5,585,9,21,(,1,class->block->function->block->block_content->return->expr->call->argument_list
2,6,rectangle_java2.jpg,rectangle_java2.jpg,2785443032,60,789.26,666.2786666666667,730.5,658,91,20,Rectangle,9,class->block->function->block->block_content->decl_stmt->decl->type->name
2,6,rectangle_java2.jpg,rectangle_java2.jpg,2785503034,56,780.5007142857143,655.1871428571428,730.5,658,91,20,Rectangle,9,class->block->function->block->block_content->decl_stmt->decl->type->name
2,6,rectangle_java2.jpg,rectangle_java2.jpg,2785639034,92,839.2752173913043,683.3039130434782,730.5,694,177,21,System.out.println,18,class->block->function->block->block_content->expr_stmt->expr->call->name->name->operator->name->operator->name
2,6,rectangle_java2.jpg,rectangle_java2.jpg,2785703034,60,835.4806666666667,668.8413333333333,826.5,658,52,20,rect1,5,class->block->function->block->block_content->decl_stmt->decl->name
2,6,rectangle_java2.jpg,rectangle_java2.jpg,2785855020,68,989.5417647058823,689.0323529411764,932.5,694,100,21,rect1.area,10,class->block->function->block->block_content->expr_stmt->expr->call->argument_list->argument->expr->call->name->name->operator->name
2,6,rectangle_java2.jpg,rectangle_java2.jpg,2786183004,116,975.6531034482758,668.2393103448276,941.5,658,91,20,Rectangle,9,class->block->function->block->block_content->decl_stmt->decl->init->expr->call->name
2,6,rectangle_java2.jpg,rectangle_java2.jpg,2786322783,96,972.005,668.6945833333333,941.5,658,91,20,Rectangle,9,class->block->function->block->block_content->decl_stmt->decl->init->expr->call->name
2,6,rectangle_java2.jpg,rectangle_java2.jpg,2786422720,96,947.6995833333333,669.16875,941.5,658,91,20,Rectangle,9,class->block->function->block->block_content->decl_stmt->decl->init->expr->call->name
2,6,rectangle_java2.jpg,rectangle_java2.jpg,2786514769,88,950.8868181818182,668.7390909090909,941.5,658,91,20,Rectangle,9,class->block->function->block->block_content->decl_stmt->decl->init->expr->call->name
2,6,rectangle_java2.jpg,rectangle_java2.jpg,2786606943,72,1050.4177777777777,662.2161111111111,1041.5,658,9,20,(,1,class->block->function->block->block_content->decl_stmt->decl->init->expr->call->argument_list
2,6,rectangle_java2.jpg,rectangle_java2.jpg,2786606943,72,1050.4177777777777,662.2161111111111,1057.5,658,13,20,0,1,class->block->function->block->block_content->decl_stmt->decl->init->expr->call->argument_list->argument->expr->literal
2,6,rectangle_java2.jpg,rectangle_java2.jpg,2786743141,132,1042.0087878787879,668.7275757575758,1041.5,658,9,20,(,1,class->block->function->block->block_content->decl_stmt->decl->init->expr->call->argument_list
2,6,rectangle_java2.jpg,rectangle_java2.jpg,2786819112,72,1033.0027777777777,673.76,1041.5,658,9,20,(,1,class->block->function->block->block_content->decl_stmt->decl->init->expr->call->argument_list
2,6,rectangle_java2.jpg,rectangle_java2.jpg,2786938965,80,830.115,697.2335,730.5,694,177,21,System.out.println,18,class->block->function->block->block_content->expr_stmt->expr->call->name->name->operator->name->operator->name
2,6,rectangle_java2.jpg,rectangle_java2.jpg,2787110933,168,845.5323809523809,708.5816666666667,730.5,694,177,21,System.out.println,18,class->block->function->block->block_content->expr_stmt->expr->call->name->name->operator->name->operator->name
2,6,rectangle_java2.jpg,rectangle_java2.jpg,2787798912,68,813.48,714.9247058823529,730.5,694,177,21,System.out.println,18,class->block->function->block->block_content->expr_stmt->expr->call->name->name->operator->name->operator->name
2,6,rectangle_java2.jpg,rectangle_java2.jpg,2787862890,60,805.914,721.708,730.5,731,91,20,Rectangle,9,class->block->function->block->block_content->decl_stmt->decl->type->name
2,6,rectangle_java2.jpg,rectangle_java2.jpg,2787978811,112,802.3167857142857,725.9907142857143,730.5,731,91,20,Rectangle,9,class->block->function->block->block_content->decl_stmt->decl->type->name
2,6,rectangle_java2.jpg,rectangle_java2.jpg,2788074738,64,958.46625,718.72,941.5,731,91,20,Rectangle,9,class->block->function->block->block_content->decl_stmt->decl->init->expr->call->name
2,6,rectangle_java2.jpg,rectangle_java2.jpg,2788170697,92,940.9721739130434,719.5947826086957,941.5,731,91,20,Rectangle,9,class->block->function->block->block_content->decl_stmt->decl->init->expr->call->name
2,6,rectangle_java2.jpg,rectangle_java2.jpg,2788290704,64,1030.21625,724.19375,941.5,731,91,20,Rectangle,9,class->block->function->block->block_content->decl_stmt->decl->init->expr->call->name
2,6,rectangle_java2.jpg,rectangle_java2.jpg,2788290704,64,1030.21625,724.19375,1041.5,731,9,20,(,1,class->block->function->block->block_content->decl_stmt->decl->init->expr->call->argument_list
2,6,rectangle_java2.jpg,rectangle_java2.jpg,2788358721,64,1022.826875,727.084375,941.5,731,91,20,Rectangle,9,class->block->function->block->block_content->decl_stmt->decl->init->expr->call->name
2,6,rectangle_java2.jpg,rectangle_java2.jpg,2789314681,92,970.2395652173913,740.2639130434783,941.5,731,91,20,Rectangle,9,class->block->function->block->block_content->decl_stmt->decl->init->expr->call->name
2,6,rectangle_java2.jpg,rectangle_java2.jpg,2789526624,72,742.7161111111111,729.6061111111111,730.5,731,91,20,Rectangle,9,class->block->function->block->block_content->decl_stmt->decl->type->name
2,6,rectangle_java2.jpg,rectangle_java2.jpg,2789642493,112,749.6257142857143,746.8264285714286,730.5,731,91,20,Rectangle,9,class->block->function->block->block_content->decl_stmt->decl->type->name
2,6,rectangle_java2.jpg,rectangle_java2.jpg,2789846076,92,736.0491304347826,759.2913043478261,730.5,766,177,21,System.out.println,18,class->block->function->block->block_content->expr_stmt->expr->call->name->name->operator->name->operator->name
2,6,rectangle_java2.jpg,rectangle_java2.jpg,2789994494,108,872.3777777777777,759.2825925925926,730.5,766,177,21,System.out.println,18,class->block->function->block->block_content->expr_stmt->expr->call->name->name->operator->name->operator->name
2,6,rectangle_java2.jpg,rectangle_java2.jpg,2790138611,64,971.65125,760.469375,932.5,766,100,21,rect2.area,10,class->block->function->block->block_content->expr_stmt->expr->call->argument_list->argument->expr->call->name->name->operator->name
2,6,rectangle_java2.jpg,rectangle_java2.jpg,2790258629,116,960.55,769.4689655172414,932.5,766,100,21,rect2.area,10,class->block->function->block->block_content->expr_stmt->expr->call->argument_list->argument->expr->call->name->name->operator->name
2,6,rectangle_java2.jpg,rectangle_java2.jpg,2790402604,140,962.0217142857143,765.2465714285714,932.5,766,100,21,rect2.area,10,class->block->function->block->block_content->expr_stmt->expr->call->argument_list->argument->expr->call->name->name->operator->name
2,6,rectangle_java2.jpg,rectangle_java2.jpg,2790702738,84,1006.7333333333333,766.2676190476191,932.5,766,100,21,rect2.area,10,class->block->function->block->block_content->expr_stmt->expr->call->argument_list->argument->expr->call->name->name->operator->name
2,6,rectangle_java2.jpg,rectangle_java2.jpg,2790818638,112,994.4582142857143,764.3714285714286,932.5,766,100,21,rect2.area,10,class->block->function->block->block_content->expr_stmt->expr->call->argument_list->argument->expr->call->name->name->operator->name
2,6,rectangle_java2.jpg,rectangle_java2.jpg,2791042870,124,950.3758064516129,767.3658064516129,932.5,766,100,21,rect2.area,10,class->block->function->block->block_content->expr_stmt->expr->call->argument_list->argument->expr->call->name->name->operator->name
2,6,rectangle_java2.jpg,rectangle_java2.jpg,2791378481,332,949.3073493975903,765.5222891566265,932.5,766,100,21,rect2.area,10,class->block->function->block->block_content->expr_stmt->expr->call->argument_list->argument->expr->call->name->name->operator->name
2,6,rectangle_java2.jpg,rectangle_java2.jpg,2791450496,68,946.145294117647,760.5217647058823,932.5,766,100,21,rect2.area,10,class->block->function->block->block_content->expr_stmt->expr->call->argument_list->argument->expr->call->name->name->operator->name
2,6,rectangle_java2.jpg,rectangle_java2.jpg,2791626440,156,1014.5617948717949,762.3156410256411,932.5,766,100,21,rect2.area,10,class->block->function->block->block_content->expr_stmt->expr->call->argument_list->argument->expr->call->name->name->operator->name
2,6,rectangle_java2.jpg,rectangle_java2.jpg,2791870493,240,1013.016,758.4903333333333,932.5,766,100,21,rect2.area,10,class->block->function->block->block_content->expr_stmt->expr->call->argument_list->argument->expr->call->name->name->operator->name
2,6,rectangle_java2.jpg,rectangle_java2.jpg,2792030488,120,916.4113333333333,772.3803333333333,916.5,766,9,21,(,1,class->block->function->block->block_content->expr_stmt->expr->call->argument_list
2,6,rectangle_java2.jpg,rectangle_java2.jpg,2792994346,80,935.1485,775.3125,932.5,766,100,21,rect2.area,10,class->block->function->block->block_content->expr_stmt->expr->call->argument_list->argument->expr->call->name->name->operator->name
2,6,rectangle_java2.jpg,rectangle_java2.jpg,2793110342,112,941.7403571428572,765.8903571428572,932.5,766,100,21,rect2.area,10,class->block->function->block->block_content->expr_stmt->expr->call->argument_list->argument->expr->call->name->name->operator->name
2,6,rectangle_java2.jpg,rectangle_java2.jpg,2793290340,176,932.3606818181818,756.9736363636364,932.5,766,100,21,rect2.area,10,class->block->function->block->block_content->expr_stmt->expr->call->argument_list->argument->expr->call->name->name->operator->name
2,6,rectangle_java2.jpg,rectangle_java2.jpg,2793490370,84,1025.0804761904762,768.8233333333334,932.5,766,100,21,rect2.area,10,class->block->function->block->block_content->expr_stmt->expr->call->argument_list->argument->expr->call->name->name->operator->name
2,6,rectangle_java2.jpg,rectangle_java2.jpg,2793578362,84,1025.1438095238095,764.3580952380953,932.5,766,100,21,rect2.area,10,class->block->function->block->block_content->expr_stmt->expr->call->argument_list->argument->expr->call->name->name->operator->name
2,6,rectangle_java2.jpg,rectangle_java2.jpg,2793670443,88,1018.8890909090909,768.2577272727273,932.5,766,100,21,rect2.area,10,class->block->function->block->block_content->expr_stmt->expr->call->argument_list->argument->expr->call->name->name->operator->name
2,6,rectangle_java2.jpg,rectangle_java2.jpg,2793798644,84,1024.9661904761904,764.0247619047619,932.5,766,100,21,rect2.area,10,class->block->function->block->block_content->expr_stmt->expr->call->argument_list->argument->expr->call->name->name->operator->name
2,6,rectangle_java2.jpg,rectangle_java2.jpg,2794182267,148,1068.3081081081082,780.5732432432433,1077.5,766,9,21,),1,class->block->function->block->block_content->expr_stmt->expr->call->argument_list
2,6,rectangle_java2.jpg,rectangle_java2.jpg,2794526249,68,1086.7405882352941,637.0405882352941,1094.5,621,10,21,{,1,class->block->function->block
2,6,rectangle_java2.jpg,rectangle_java2.jpg,2794606263,76,1092.727894736842,630.38,1094.5,621,10,21,{,1,class->block->function->block
2,6,rectangle_java2.jpg,rectangle_java2.jpg,2794866459,180,976.3517777777778,651.2313333333333,941.5,658,91,20,Rectangle,9,class->block->function->block->block_content->decl_stmt->decl->init->expr->call->name
2,6,rectangle_java2.jpg,rectangle_java2.jpg,2795090228,60,1026.0433333333333,649.19,941.5,658,91,20,Rectangle,9,class->block->function->block->block_content->decl_stmt->decl->init->expr->call->name
2,6,rectangle_java2.jpg,rectangle_java2.jpg,2795186210,60,1046.316,634.2553333333333,1025.5,621,42,21,args,4,class->block->function->parameter_list->parameter->decl->name
2,6,rectangle_java2.jpg,rectangle_java2.jpg,2795486248,104,763.0469230769231,630.1188461538461,738.5,621,61,21,static,6,class->block->function->type->specifier
2,6,rectangle_java2.jpg,rectangle_java2.jpg,2795550216,60,769.4246666666667,616.262,738.5,621,61,21,static,6,class->block->function->type->specifier
2,6,rectangle_java2.jpg,rectangle_java2.jpg,2795658113,104,769.8169230769231,629.9165384615385,738.5,621,61,21,static,6,class->block->function->type->specifier
2,6,rectangle_java2.jpg,rectangle_java2.jpg,2795798037,80,1037.01,605.5895,977.5,585,101,21,this.width,10,class->block->function->block->block_content->return->expr->call->name->name->operator->name
2,6,rectangle_java2.jpg,rectangle_java2.jpg,2796022127,108,1066.1425925925926,630.87,1025.5,621,42,21,args,4,class->block->function->parameter_list->parameter->decl->name
2,6,rectangle_java2.jpg,rectangle_java2.jpg,2796022127,108,1066.1425925925926,630.87,1074.5,621,10,21,),1,class->block->function->parameter_list
2,6,rectangle_java2.jpg,rectangle_java2.jpg,2796106151,80,1051.096,632.282,1025.5,621,42,21,args,4,class->block->function->parameter_list->parameter->decl->name
2,6,rectangle_java2.jpg,rectangle_java2.jpg,2798253972,72,1102.3483333333334,746.1905555555555,1095.5,731,13,20,5,1,class->block->function->block->block_content->decl_stmt->decl->init->expr->call->argument_list->argument->expr->literal
2,6,rectangle_java2.jpg,rectangle_java2.jpg,2798313975,56,1105.5964285714285,745.6292857142857,1095.5,731,13,20,5,1,class->block->function->block->block_content->decl_stmt->decl->init->expr->call->argument_list->argument->expr->literal
2,6,rectangle_java2.jpg,rectangle_java2.jpg,2798313975,56,1105.5964285714285,745.6292857142857,1115.5,731,10,20,",",1,class->block->function->block->block_content->decl_stmt->decl->init->expr->call->argument_list
2,6,rectangle_java2.jpg,rectangle_java2.jpg,2799209856,72,1099.0783333333334,727.9411111111111,1095.5,731,13,20,5,1,class->block->function->block->block_content->decl_stmt->decl->init->expr->call->argument_list->argument->expr->literal
2,6,rectangle_java2.jpg,rectangle_java2.jpg,2799349872,136,1100.1526470588235,731.1391176470588,1095.5,731,13,20,5,1,class->block->function->block->block_content->decl_stmt->decl->init->expr->call->argument_list->argument->expr->literal
2,6,rectangle_java2.jpg,rectangle_java2.jpg,2799461884,108,1104.0644444444445,738.8607407407408,1095.5,731,13,20,5,1,class->block->function->block->block_content->decl_stmt->decl->init->expr->call->argument_list->argument->expr->literal
2,6,rectangle_java2.jpg,rectangle_java2.jpg,2799461884,108,1104.0644444444445,738.8607407407408,1115.5,731,10,20,",",1,class->block->function->block->block_content->decl_stmt->decl->init->expr->call->argument_list
