trial,participant,code_file,code_language,timestamp,duration,x_cord,y_cord,aoi_x,aoi_y,aoi_width,aoi_height,token,length,srcML
2,70,rectangle_java2.jpg,rectangle_java2.jpg,223472148,60,792.23,273.85533333333336,785.5,259,23,21,x1,2,class->block->decl_stmt->decl->name
2,70,rectangle_java2.jpg,rectangle_java2.jpg,223576187,100,784.2324,288.0144,737.5,295,91,21,Rectangle,9,class->block->constructor->name
2,70,rectangle_java2.jpg,rectangle_java2.jpg,223664175,84,780.5971428571429,288.93571428571425,737.5,295,91,21,Rectangle,9,class->block->constructor->name
2,70,rectangle_java2.jpg,rectangle_java2.jpg,223828153,64,751.021875,242.75625000000002,715.5,222,90,21,Rectangle,9,class->name
2,70,rectangle_java2.jpg,rectangle_java2.jpg,235939594,56,809.6892857142857,271.4242857142857,815.5,259,10,21,",",1,class->block->decl_stmt
2,70,rectangle_java2.jpg,rectangle_java2.jpg,236067575,76,806.25,297.86894736842106,737.5,295,91,21,Rectangle,9,class->block->constructor->name
2,70,rectangle_java2.jpg,rectangle_java2.jpg,236191576,76,787.4031578947369,306.0915789473684,737.5,295,91,21,Rectangle,9,class->block->constructor->name
2,70,rectangle_java2.jpg,rectangle_java2.jpg,236323571,96,821.2066666666667,297.00875,737.5,295,91,21,Rectangle,9,class->block->constructor->name
2,70,rectangle_java2.jpg,rectangle_java2.jpg,236403512,76,825.868947368421,288.5536842105263,737.5,295,91,21,Rectangle,9,class->block->constructor->name
2,70,rectangle_java2.jpg,rectangle_java2.jpg,236403512,76,825.868947368421,288.5536842105263,837.5,295,9,21,(,1,class->block->constructor->parameter_list
2,70,rectangle_java2.jpg,rectangle_java2.jpg,236719458,120,813.8166666666666,287.21733333333333,737.5,295,91,21,Rectangle,9,class->block->constructor->name
2,70,rectangle_java2.jpg,rectangle_java2.jpg,236791471,68,807.3917647058823,291.87823529411764,737.5,295,91,21,Rectangle,9,class->block->constructor->name
2,70,rectangle_java2.jpg,rectangle_java2.jpg,236895489,56,823.1571428571428,276.0335714285714,815.5,259,10,21,",",1,class->block->decl_stmt
2,70,rectangle_java2.jpg,rectangle_java2.jpg,236895489,56,823.1571428571428,276.0335714285714,833.5,259,23,21,y1,2,class->block->decl_stmt->decl->name
2,70,rectangle_java2.jpg,rectangle_java2.jpg,237067507,116,821.6748275862069,250.10931034482758,815.5,259,10,21,",",1,class->block->decl_stmt
2,70,rectangle_java2.jpg,rectangle_java2.jpg,237067507,116,821.6748275862069,250.10931034482758,833.5,259,23,21,y1,2,class->block->decl_stmt->decl->name
2,70,rectangle_java2.jpg,rectangle_java2.jpg,237171484,64,824.078125,270.4725,815.5,259,10,21,",",1,class->block->decl_stmt
2,70,rectangle_java2.jpg,rectangle_java2.jpg,237171484,64,824.078125,270.4725,833.5,259,23,21,y1,2,class->block->decl_stmt->decl->name
2,70,rectangle_java2.jpg,rectangle_java2.jpg,237407444,92,832.0526086956522,271.57,833.5,259,23,21,y1,2,class->block->decl_stmt->decl->name
2,70,rectangle_java2.jpg,rectangle_java2.jpg,237835376,92,810.7086956521739,297.02086956521737,737.5,295,91,21,Rectangle,9,class->block->constructor->name
2,70,rectangle_java2.jpg,rectangle_java2.jpg,237939417,64,798.328125,286.975625,737.5,295,91,21,Rectangle,9,class->block->constructor->name
2,70,rectangle_java2.jpg,rectangle_java2.jpg,238111436,132,807.1139393939394,313.5030303030303,737.5,295,91,21,Rectangle,9,class->block->constructor->name
2,70,rectangle_java2.jpg,rectangle_java2.jpg,238219360,56,856.1028571428571,307.20785714285716,853.5,295,32,21,int,3,class->block->constructor->parameter_list->parameter->decl->type->name
2,70,rectangle_java2.jpg,rectangle_java2.jpg,238319339,96,855.3558333333333,301.96125,853.5,295,32,21,int,3,class->block->constructor->parameter_list->parameter->decl->type->name
2,70,rectangle_java2.jpg,rectangle_java2.jpg,238515343,64,853.245625,288.45875,853.5,295,32,21,int,3,class->block->constructor->parameter_list->parameter->decl->type->name
2,70,rectangle_java2.jpg,rectangle_java2.jpg,238703327,104,840.3657692307693,341.8092307692308,826.5,331,23,19,x1,2,class->block->constructor->block->block_content->expr_stmt->expr->name->name
2,70,rectangle_java2.jpg,rectangle_java2.jpg,238819343,112,840.2910714285714,334.57178571428574,826.5,331,23,19,x1,2,class->block->constructor->block->block_content->expr_stmt->expr->name->name
2,70,rectangle_java2.jpg,rectangle_java2.jpg,238911357,56,798.8757142857143,333.1085714285714,730.5,331,71,19,this.x1,7,class->block->constructor->block->block_content->expr_stmt->expr->name->name->operator->name
2,70,rectangle_java2.jpg,rectangle_java2.jpg,238911357,56,798.8757142857143,333.1085714285714,806.5,331,15,19,=,1,class->block->constructor->block->block_content->expr_stmt->expr->operator
2,70,rectangle_java2.jpg,rectangle_java2.jpg,239095345,136,799.9676470588236,346.4320588235294,730.5,331,71,19,this.x1,7,class->block->constructor->block->block_content->expr_stmt->expr->name->name->operator->name
2,70,rectangle_java2.jpg,rectangle_java2.jpg,239095345,136,799.9676470588236,346.4320588235294,806.5,331,15,19,=,1,class->block->constructor->block->block_content->expr_stmt->expr->operator
2,70,rectangle_java2.jpg,rectangle_java2.jpg,239159332,60,795.826,335.408,730.5,331,71,19,this.x1,7,class->block->constructor->block->block_content->expr_stmt->expr->name->name->operator->name
2,70,rectangle_java2.jpg,rectangle_java2.jpg,239159332,60,795.826,335.408,806.5,331,15,19,=,1,class->block->constructor->block->block_content->expr_stmt->expr->operator
2,70,rectangle_java2.jpg,rectangle_java2.jpg,239303286,108,809.5411111111111,335.63222222222225,806.5,331,15,19,=,1,class->block->constructor->block->block_content->expr_stmt->expr->operator
2,70,rectangle_java2.jpg,rectangle_java2.jpg,239371272,64,807.299375,337.076875,806.5,331,15,19,=,1,class->block->constructor->block->block_content->expr_stmt->expr->operator
2,70,rectangle_java2.jpg,rectangle_java2.jpg,239503270,60,817.172,337.07666666666665,806.5,331,15,19,=,1,class->block->constructor->block->block_content->expr_stmt->expr->operator
2,70,rectangle_java2.jpg,rectangle_java2.jpg,239503270,60,817.172,337.07666666666665,826.5,331,23,19,x1,2,class->block->constructor->block->block_content->expr_stmt->expr->name->name
2,70,rectangle_java2.jpg,rectangle_java2.jpg,239567288,60,812.2113333333333,324.12266666666665,806.5,331,15,19,=,1,class->block->constructor->block->block_content->expr_stmt->expr->operator
2,70,rectangle_java2.jpg,rectangle_java2.jpg,239767335,144,816.1633333333333,342.9166666666667,806.5,331,15,19,=,1,class->block->constructor->block->block_content->expr_stmt->expr->operator
2,70,rectangle_java2.jpg,rectangle_java2.jpg,239767335,144,816.1633333333333,342.9166666666667,826.5,331,23,19,x1,2,class->block->constructor->block->block_content->expr_stmt->expr->name->name
2,70,rectangle_java2.jpg,rectangle_java2.jpg,239971272,124,795.7725806451613,291.89290322580644,737.5,295,91,21,Rectangle,9,class->block->constructor->name
2,70,rectangle_java2.jpg,rectangle_java2.jpg,240095182,120,799.931,299.28433333333334,737.5,295,91,21,Rectangle,9,class->block->constructor->name
2,70,rectangle_java2.jpg,rectangle_java2.jpg,240279175,60,845.19,301.2386666666667,837.5,295,9,21,(,1,class->block->constructor->parameter_list
2,70,rectangle_java2.jpg,rectangle_java2.jpg,240279175,60,845.19,301.2386666666667,853.5,295,32,21,int,3,class->block->constructor->parameter_list->parameter->decl->type->name
2,70,rectangle_java2.jpg,rectangle_java2.jpg,240495191,64,838.183125,279.874375,833.5,259,23,21,y1,2,class->block->decl_stmt->decl->name
2,70,rectangle_java2.jpg,rectangle_java2.jpg,240643226,144,834.8919444444444,288.22805555555556,837.5,295,9,21,(,1,class->block->constructor->parameter_list
2,70,rectangle_java2.jpg,rectangle_java2.jpg,240919153,76,810.8994736842105,340.42052631578946,806.5,331,15,19,=,1,class->block->constructor->block->block_content->expr_stmt->expr->operator
2,70,rectangle_java2.jpg,rectangle_java2.jpg,241023181,84,844.2080952380952,331.6019047619048,826.5,331,23,19,x1,2,class->block->constructor->block->block_content->expr_stmt->expr->name->name
2,70,rectangle_java2.jpg,rectangle_java2.jpg,241023181,84,844.2080952380952,331.6019047619048,856.5,331,10,19,;,1,class->block->constructor->block->block_content->expr_stmt
2,70,rectangle_java2.jpg,rectangle_java2.jpg,241235186,144,843.5288888888889,323.265,826.5,331,23,19,x1,2,class->block->constructor->block->block_content->expr_stmt->expr->name->name
2,70,rectangle_java2.jpg,rectangle_java2.jpg,241343170,64,843.601875,376.254375,826.5,367,23,21,y1,2,class->block->constructor->block->block_content->expr_stmt->expr->name->name
2,70,rectangle_java2.jpg,rectangle_java2.jpg,241415160,68,840.9076470588235,355.7888235294118,826.5,367,23,21,y1,2,class->block->constructor->block->block_content->expr_stmt->expr->name->name
2,70,rectangle_java2.jpg,rectangle_java2.jpg,241475151,56,846.5257142857143,369.1485714285714,826.5,367,23,21,y1,2,class->block->constructor->block->block_content->expr_stmt->expr->name->name
2,70,rectangle_java2.jpg,rectangle_java2.jpg,241475151,56,846.5257142857143,369.1485714285714,856.5,367,10,21,;,1,class->block->constructor->block->block_content->expr_stmt
2,70,rectangle_java2.jpg,rectangle_java2.jpg,241643144,132,805.1639393939394,362.1572727272727,806.5,367,15,21,=,1,class->block->constructor->block->block_content->expr_stmt->expr->operator
2,70,rectangle_java2.jpg,rectangle_java2.jpg,242707129,56,958.2585714285714,503.61,958.5,512,71,21,this.x2,7,class->block->function->block->block_content->return->expr->name->name->operator->name->operator
2,70,rectangle_java2.jpg,rectangle_java2.jpg,242979016,72,1066.6461111111112,509.2583333333333,1054.5,512,71,21,this.x1,7,class->block->function->block->block_content->return->expr->name->name->operator->name
2,70,rectangle_java2.jpg,rectangle_java2.jpg,243239023,84,1059.2780952380951,512.8828571428571,1054.5,512,71,21,this.x1,7,class->block->function->block->block_content->return->expr->name->name->operator->name
2,70,rectangle_java2.jpg,rectangle_java2.jpg,243315029,72,1054.3477777777778,509.0372222222222,1054.5,512,71,21,this.x1,7,class->block->function->block->block_content->return->expr->name->name->operator->name
2,70,rectangle_java2.jpg,rectangle_java2.jpg,243451017,132,1064.3254545454545,510.92181818181825,1054.5,512,71,21,this.x1,7,class->block->function->block->block_content->return->expr->name->name->operator->name
2,70,rectangle_java2.jpg,rectangle_java2.jpg,245082937,56,788.115,574.2657142857142,737.5,585,62,21,double,6,class->block->function->type->name
2,70,rectangle_java2.jpg,rectangle_java2.jpg,245322962,60,692.3753333333333,561.8486666666666,669.5,549,63,21,public,6,class->block->function->type->specifier
2,70,rectangle_java2.jpg,rectangle_java2.jpg,245990725,60,831.278,517.9266666666666,837.5,512,9,21,(,1,class->block->function->parameter_list
2,70,rectangle_java2.jpg,rectangle_java2.jpg,246442816,72,1149.7594444444444,538.8966666666666,1142.5,549,10,21,;,1,class->block->function->block->block_content->return
2,70,rectangle_java2.jpg,rectangle_java2.jpg,246442816,72,1149.7594444444444,538.8966666666666,1161.5,549,10,21,},1,class->block->function->block
2,70,rectangle_java2.jpg,rectangle_java2.jpg,246734808,88,1240.0390909090909,587.6868181818181,1140.5,585,110,21,this.height,11,class->block->function->block->block_content->return->expr->call->name->name->operator->name
2,70,rectangle_java2.jpg,rectangle_java2.jpg,247238760,64,757.21375,629.79625,738.5,621,61,21,static,6,class->block->function->type->specifier
2,70,rectangle_java2.jpg,rectangle_java2.jpg,247386684,88,847.8868181818182,614.2263636363637,804.5,621,44,21,void,4,class->block->function->type->name
2,70,rectangle_java2.jpg,rectangle_java2.jpg,247386684,88,847.8868181818182,614.2263636363637,851.5,621,44,21,main,4,class->block->function->name
2,70,rectangle_java2.jpg,rectangle_java2.jpg,247522587,92,861.1921739130435,632.3556521739131,851.5,621,44,21,main,4,class->block->function->name
2,70,rectangle_java2.jpg,rectangle_java2.jpg,247626539,64,826.244375,630.978125,804.5,621,44,21,void,4,class->block->function->type->name
2,70,rectangle_java2.jpg,rectangle_java2.jpg,247786607,64,832.9325,640.808125,804.5,621,44,21,void,4,class->block->function->type->name
2,70,rectangle_java2.jpg,rectangle_java2.jpg,247938685,112,916.3575,635.1692857142857,920.5,621,62,21,String,6,class->block->function->parameter_list->parameter->decl->type->name->name
2,70,rectangle_java2.jpg,rectangle_java2.jpg,248174537,68,1008.0688235294118,628.2982352941176,1007.5,621,10,21,],1,class->block->function->parameter_list->parameter->decl->type->name->index
2,70,rectangle_java2.jpg,rectangle_java2.jpg,248726691,72,1071.5938888888888,624.1294444444444,1074.5,621,10,21,),1,class->block->function->parameter_list
2,70,rectangle_java2.jpg,rectangle_java2.jpg,248826770,96,1068.6554166666667,616.0325,1074.5,621,10,21,),1,class->block->function->parameter_list
2,70,rectangle_java2.jpg,rectangle_java2.jpg,249018698,100,1056.442,592.8368,977.5,585,101,21,this.width,10,class->block->function->block->block_content->return->expr->call->name->name->operator->name
2,70,rectangle_java2.jpg,rectangle_java2.jpg,249506630,60,1210.058,583.08,1140.5,585,110,21,this.height,11,class->block->function->block->block_content->return->expr->call->name->name->operator->name
2,70,rectangle_java2.jpg,rectangle_java2.jpg,250234606,60,1272.9893333333334,575.7733333333333,1276.5,585,9,21,),1,class->block->function->block->block_content->return->expr->call->argument_list
2,70,rectangle_java2.jpg,rectangle_java2.jpg,250806558,60,860.5906666666666,647.838,826.5,658,52,20,rect1,5,class->block->function->block->block_content->decl_stmt->decl->name
2,70,rectangle_java2.jpg,rectangle_java2.jpg,250866579,56,854.5228571428571,652.1342857142857,826.5,658,52,20,rect1,5,class->block->function->block->block_content->decl_stmt->decl->name
2,70,rectangle_java2.jpg,rectangle_java2.jpg,250958551,56,876.3928571428571,637.0942857142857,851.5,621,44,21,main,4,class->block->function->name
2,70,rectangle_java2.jpg,rectangle_java2.jpg,251158500,76,815.7684210526315,649.698947368421,730.5,658,91,20,Rectangle,9,class->block->function->block->block_content->decl_stmt->decl->type->name
2,70,rectangle_java2.jpg,rectangle_java2.jpg,251158500,76,815.7684210526315,649.698947368421,826.5,658,52,20,rect1,5,class->block->function->block->block_content->decl_stmt->decl->name
2,70,rectangle_java2.jpg,rectangle_java2.jpg,251286493,124,806.8632258064516,655.2806451612903,730.5,658,91,20,Rectangle,9,class->block->function->block->block_content->decl_stmt->decl->type->name
2,70,rectangle_java2.jpg,rectangle_java2.jpg,251498250,72,916.4816666666667,632.8172222222222,920.5,621,62,21,String,6,class->block->function->parameter_list->parameter->decl->type->name->name
2,70,rectangle_java2.jpg,rectangle_java2.jpg,251726504,60,1029.2533333333333,578.836,977.5,585,101,21,this.width,10,class->block->function->block->block_content->return->expr->call->name->name->operator->name
2,70,rectangle_java2.jpg,rectangle_java2.jpg,251874460,76,977.6984210526316,618.2315789473685,920.5,621,62,21,String,6,class->block->function->parameter_list->parameter->decl->type->name->name
2,70,rectangle_java2.jpg,rectangle_java2.jpg,252294415,140,788.824,647.3354285714286,730.5,658,91,20,Rectangle,9,class->block->function->block->block_content->decl_stmt->decl->type->name
2,70,rectangle_java2.jpg,rectangle_java2.jpg,252594476,64,854.683125,621.515625,851.5,621,44,21,main,4,class->block->function->name
2,70,rectangle_java2.jpg,rectangle_java2.jpg,252786415,84,1021.3976190476191,628.6833333333334,1025.5,621,42,21,args,4,class->block->function->parameter_list->parameter->decl->name
2,70,rectangle_java2.jpg,rectangle_java2.jpg,252882374,92,1016.8373913043479,629.3234782608696,1007.5,621,10,21,],1,class->block->function->parameter_list->parameter->decl->type->name->index
2,70,rectangle_java2.jpg,rectangle_java2.jpg,252882374,92,1016.8373913043479,629.3234782608696,1025.5,621,42,21,args,4,class->block->function->parameter_list->parameter->decl->name
2,70,rectangle_java2.jpg,rectangle_java2.jpg,253078423,72,1092.1655555555556,630.38,1094.5,621,10,21,{,1,class->block->function->block
2,70,rectangle_java2.jpg,rectangle_java2.jpg,253170374,88,1086.175,629.1931818181818,1094.5,621,10,21,{,1,class->block->function->block
2,70,rectangle_java2.jpg,rectangle_java2.jpg,253706320,60,921.1433333333333,676.1353333333333,902.5,658,34,20,new,3,class->block->function->block->block_content->decl_stmt->decl->init->expr->operator
2,70,rectangle_java2.jpg,rectangle_java2.jpg,253786348,76,931.9994736842106,677.2315789473685,902.5,658,34,20,new,3,class->block->function->block->block_content->decl_stmt->decl->init->expr->operator
2,70,rectangle_java2.jpg,rectangle_java2.jpg,253786348,76,931.9994736842106,677.2315789473685,941.5,658,91,20,Rectangle,9,class->block->function->block->block_content->decl_stmt->decl->init->expr->call->name
2,70,rectangle_java2.jpg,rectangle_java2.jpg,253998338,80,1026.936,670.641,941.5,658,91,20,Rectangle,9,class->block->function->block->block_content->decl_stmt->decl->init->expr->call->name
2,70,rectangle_java2.jpg,rectangle_java2.jpg,254074289,72,1029.4405555555556,671.9561111111111,941.5,658,91,20,Rectangle,9,class->block->function->block->block_content->decl_stmt->decl->init->expr->call->name
2,70,rectangle_java2.jpg,rectangle_java2.jpg,254074289,72,1029.4405555555556,671.9561111111111,1041.5,658,9,20,(,1,class->block->function->block->block_content->decl_stmt->decl->init->expr->call->argument_list
2,70,rectangle_java2.jpg,rectangle_java2.jpg,254266289,68,1207.2076470588236,676.4270588235294,1211.5,658,9,20,),1,class->block->function->block->block_content->decl_stmt->decl->init->expr->call->argument_list
2,70,rectangle_java2.jpg,rectangle_java2.jpg,254438312,88,1204.635909090909,668.495,1211.5,658,9,20,),1,class->block->function->block->block_content->decl_stmt->decl->init->expr->call->argument_list
2,70,rectangle_java2.jpg,rectangle_java2.jpg,254566313,84,1236.9180952380952,675.6504761904762,1231.5,658,10,20,;,1,class->block->function->block->block_content->decl_stmt
2,70,rectangle_java2.jpg,rectangle_java2.jpg,255122090,72,988.775,656.0305555555556,941.5,658,91,20,Rectangle,9,class->block->function->block->block_content->decl_stmt->decl->init->expr->call->name
2,70,rectangle_java2.jpg,rectangle_java2.jpg,255618139,64,1188.425,656.4675,1182.5,658,22,20,10,2,class->block->function->block->block_content->decl_stmt->decl->init->expr->call->argument_list->argument->expr->literal
2,70,rectangle_java2.jpg,rectangle_java2.jpg,256682156,64,1046.25625,668.314375,1041.5,658,9,20,(,1,class->block->function->block->block_content->decl_stmt->decl->init->expr->call->argument_list
2,70,rectangle_java2.jpg,rectangle_java2.jpg,256682156,64,1046.25625,668.314375,1057.5,658,13,20,0,1,class->block->function->block->block_content->decl_stmt->decl->init->expr->call->argument_list->argument->expr->literal
2,70,rectangle_java2.jpg,rectangle_java2.jpg,256806136,56,1048.58,660.8728571428571,1041.5,658,9,20,(,1,class->block->function->block->block_content->decl_stmt->decl->init->expr->call->argument_list
2,70,rectangle_java2.jpg,rectangle_java2.jpg,256806136,56,1048.58,660.8728571428571,1057.5,658,13,20,0,1,class->block->function->block->block_content->decl_stmt->decl->init->expr->call->argument_list->argument->expr->literal
2,70,rectangle_java2.jpg,rectangle_java2.jpg,256986007,104,1151.9969230769232,677.59,1134.5,658,22,20,10,2,class->block->function->block->block_content->decl_stmt->decl->init->expr->call->argument_list->argument->expr->literal
2,70,rectangle_java2.jpg,rectangle_java2.jpg,256986007,104,1151.9969230769232,677.59,1163.5,658,10,20,",",1,class->block->function->block->block_content->decl_stmt->decl->init->expr->call->argument_list
2,70,rectangle_java2.jpg,rectangle_java2.jpg,257353943,60,1190.4766666666667,670.5726666666667,1182.5,658,22,20,10,2,class->block->function->block->block_content->decl_stmt->decl->init->expr->call->argument_list->argument->expr->literal
2,70,rectangle_java2.jpg,rectangle_java2.jpg,257589860,56,1230.2635714285714,671.3435714285714,1231.5,658,10,20,;,1,class->block->function->block->block_content->decl_stmt
2,70,rectangle_java2.jpg,rectangle_java2.jpg,257762030,96,916.43375,705.8299999999999,916.5,694,9,21,(,1,class->block->function->block->block_content->expr_stmt->expr->call->argument_list
2,70,rectangle_java2.jpg,rectangle_java2.jpg,257826064,60,906.1386666666666,709.9126666666667,730.5,694,177,21,System.out.println,18,class->block->function->block->block_content->expr_stmt->expr->call->name->name->operator->name->operator->name
2,70,rectangle_java2.jpg,rectangle_java2.jpg,257826064,60,906.1386666666666,709.9126666666667,916.5,694,9,21,(,1,class->block->function->block->block_content->expr_stmt->expr->call->argument_list
2,70,rectangle_java2.jpg,rectangle_java2.jpg,257890085,60,914.7846666666667,727.908,902.5,731,34,20,new,3,class->block->function->block->block_content->decl_stmt->decl->init->expr->operator
2,70,rectangle_java2.jpg,rectangle_java2.jpg,258026067,56,839.7957142857143,741.9642857142858,826.5,731,51,20,rect2,5,class->block->function->block->block_content->decl_stmt->decl->name
2,70,rectangle_java2.jpg,rectangle_java2.jpg,258134038,104,841.1661538461539,726.3176923076924,826.5,731,51,20,rect2,5,class->block->function->block->block_content->decl_stmt->decl->name
2,70,rectangle_java2.jpg,rectangle_java2.jpg,258270003,88,875.3177272727273,714.0309090909091,730.5,694,177,21,System.out.println,18,class->block->function->block->block_content->expr_stmt->expr->call->name->name->operator->name->operator->name
2,70,rectangle_java2.jpg,rectangle_java2.jpg,258441996,112,1026.952857142857,722.8007142857143,941.5,731,91,20,Rectangle,9,class->block->function->block->block_content->decl_stmt->decl->init->expr->call->name
2,70,rectangle_java2.jpg,rectangle_java2.jpg,258510004,64,1034.910625,724.25125,1041.5,731,9,20,(,1,class->block->function->block->block_content->decl_stmt->decl->init->expr->call->argument_list
2,70,rectangle_java2.jpg,rectangle_java2.jpg,258574008,60,1024.766,726.216,941.5,731,91,20,Rectangle,9,class->block->function->block->block_content->decl_stmt->decl->init->expr->call->name
2,70,rectangle_java2.jpg,rectangle_java2.jpg,258717966,88,1029.27,720.6577272727272,941.5,731,91,20,Rectangle,9,class->block->function->block->block_content->decl_stmt->decl->init->expr->call->name
2,70,rectangle_java2.jpg,rectangle_java2.jpg,258717966,88,1029.27,720.6577272727272,1041.5,731,9,20,(,1,class->block->function->block->block_content->decl_stmt->decl->init->expr->call->argument_list
2,70,rectangle_java2.jpg,rectangle_java2.jpg,259402034,88,1066.185,700.6377272727273,1057.5,694,10,21,),1,class->block->function->block->block_content->expr_stmt->expr->call->argument_list->argument->expr->call->argument_list
2,70,rectangle_java2.jpg,rectangle_java2.jpg,259402034,88,1066.185,700.6377272727273,1077.5,694,9,21,),1,class->block->function->block->block_content->expr_stmt->expr->call->argument_list
2,70,rectangle_java2.jpg,rectangle_java2.jpg,259594018,56,943.4021428571428,738.8828571428571,941.5,731,91,20,Rectangle,9,class->block->function->block->block_content->decl_stmt->decl->init->expr->call->name
2,70,rectangle_java2.jpg,rectangle_java2.jpg,259665983,68,939.6829411764705,744.1535294117647,941.5,731,91,20,Rectangle,9,class->block->function->block->block_content->decl_stmt->decl->init->expr->call->name
2,70,rectangle_java2.jpg,rectangle_java2.jpg,259761955,64,924.45375,768.550625,916.5,766,9,21,(,1,class->block->function->block->block_content->expr_stmt->expr->call->argument_list
2,70,rectangle_java2.jpg,rectangle_java2.jpg,259761955,64,924.45375,768.550625,932.5,766,100,21,rect2.area,10,class->block->function->block->block_content->expr_stmt->expr->call->argument_list->argument->expr->call->name->name->operator->name
2,70,rectangle_java2.jpg,rectangle_java2.jpg,259877929,68,1092.8976470588236,765.7635294117647,1096.5,766,10,21,;,1,class->block->function->block->block_content->expr_stmt
2,70,rectangle_java2.jpg,rectangle_java2.jpg,260085998,100,1223.0744,733.1932,1231.5,731,10,20,;,1,class->block->function->block->block_content->decl_stmt
2,70,rectangle_java2.jpg,rectangle_java2.jpg,261361737,56,932.8707142857143,783.3092857142857,932.5,766,100,21,rect2.area,10,class->block->function->block->block_content->expr_stmt->expr->call->argument_list->argument->expr->call->name->name->operator->name
2,70,rectangle_java2.jpg,rectangle_java2.jpg,262557645,72,1004.0972222222222,635.6972222222222,1007.5,621,10,21,],1,class->block->function->parameter_list->parameter->decl->type->name->index
2,70,rectangle_java2.jpg,rectangle_java2.jpg,262697396,136,1005.1655882352941,641.1367647058823,1007.5,621,10,21,],1,class->block->function->parameter_list->parameter->decl->type->name->index
2,70,rectangle_java2.jpg,rectangle_java2.jpg,262777529,76,1002.4178947368421,647.9642105263158,941.5,658,91,20,Rectangle,9,class->block->function->block->block_content->decl_stmt->decl->init->expr->call->name
