trial,participant,code_file,code_language,timestamp,duration,x_cord,y_cord,aoi_x,aoi_y,aoi_width,aoi_height,token,length,srcML
2,75,rectangle_java2.jpg,rectangle_java2.jpg,335009151,112,784.3107142857143,279.6407142857143,785.5,259,23,21,x1,2,class->block->decl_stmt->decl->name
2,75,rectangle_java2.jpg,rectangle_java2.jpg,335225265,212,783.8507547169811,289.471320754717,737.5,295,91,21,Rectangle,9,class->block->constructor->name
2,75,rectangle_java2.jpg,rectangle_java2.jpg,339276917,224,762.9408928571429,222.34178571428572,715.5,222,90,21,Rectangle,9,class->name
2,75,rectangle_java2.jpg,rectangle_java2.jpg,339464993,184,763.7465217391305,223.48369565217388,715.5,222,90,21,Rectangle,9,class->name
2,75,rectangle_java2.jpg,rectangle_java2.jpg,340568827,196,784.9308163265306,287.64408163265307,737.5,295,91,21,Rectangle,9,class->block->constructor->name
2,75,rectangle_java2.jpg,rectangle_java2.jpg,340736835,164,766.2317073170732,277.95243902439023,747.5,259,33,21,int,3,class->block->decl_stmt->decl->type->name
2,75,rectangle_java2.jpg,rectangle_java2.jpg,341200781,420,838.6021904761905,276.5958095238095,833.5,259,23,21,y1,2,class->block->decl_stmt->decl->name
2,75,rectangle_java2.jpg,rectangle_java2.jpg,341268769,64,889.021875,274.648125,881.5,259,23,21,x2,2,class->block->decl_stmt->decl->name
2,75,rectangle_java2.jpg,rectangle_java2.jpg,341364759,92,892.0934782608696,274.6721739130435,881.5,259,23,21,x2,2,class->block->decl_stmt->decl->name
2,75,rectangle_java2.jpg,rectangle_java2.jpg,341532699,136,792.7711764705882,324.5,730.5,331,71,19,this.x1,7,class->block->constructor->block->block_content->expr_stmt->expr->name->name->operator->name
2,75,rectangle_java2.jpg,rectangle_java2.jpg,341660667,124,792.9154838709677,329.55806451612904,730.5,331,71,19,this.x1,7,class->block->constructor->block->block_content->expr_stmt->expr->name->name->operator->name
2,75,rectangle_java2.jpg,rectangle_java2.jpg,341740667,76,812.618947368421,347.2547368421053,806.5,331,15,19,=,1,class->block->constructor->block->block_content->expr_stmt->expr->operator
2,75,rectangle_java2.jpg,rectangle_java2.jpg,342144684,400,817.9184,345.3177,806.5,331,15,19,=,1,class->block->constructor->block->block_content->expr_stmt->expr->operator
2,75,rectangle_java2.jpg,rectangle_java2.jpg,342144684,400,817.9184,345.3177,826.5,331,23,19,x1,2,class->block->constructor->block->block_content->expr_stmt->expr->name->name
2,75,rectangle_java2.jpg,rectangle_java2.jpg,343808534,240,901.186,300.68516666666665,890.5,295,24,21,x1,2,class->block->constructor->parameter_list->parameter->decl->type->name
2,75,rectangle_java2.jpg,rectangle_java2.jpg,344016559,168,757.1245238095238,387.66833333333335,730.5,367,71,21,this.y1,7,class->block->constructor->block->block_content->expr_stmt->expr->name->name->operator->name
2,75,rectangle_java2.jpg,rectangle_java2.jpg,344092578,72,758.3688888888889,391.9111111111111,730.5,404,71,19,this.x2,7,class->block->constructor->block->block_content->expr_stmt->expr->name->name->operator->name
2,75,rectangle_java2.jpg,rectangle_java2.jpg,344256588,132,723.6957575757576,514.7809090909091,669.5,512,63,21,public,6,class->block->function->type->specifier
2,75,rectangle_java2.jpg,rectangle_java2.jpg,344316560,56,725.2071428571429,518.8157142857143,669.5,512,63,21,public,6,class->block->function->type->specifier
2,75,rectangle_java2.jpg,rectangle_java2.jpg,344316560,56,725.2071428571429,518.8157142857143,737.5,512,33,21,int,3,class->block->function->type->name
2,75,rectangle_java2.jpg,rectangle_java2.jpg,344580658,196,820.3414285714285,505.9234693877552,775.5,512,53,21,width,5,class->block->function->name
2,75,rectangle_java2.jpg,rectangle_java2.jpg,344708582,124,775.7954838709677,499.8816129032258,775.5,512,53,21,width,5,class->block->function->name
2,75,rectangle_java2.jpg,rectangle_java2.jpg,346908461,224,1035.0451785714286,568.1078571428571,968.5,549,70,21,this.y2,7,class->block->function->block->block_content->return->expr->name->name->operator->name
2,75,rectangle_java2.jpg,rectangle_java2.jpg,346908461,224,1035.0451785714286,568.1078571428571,1045.5,549,13,21,-,1,class->block->function->block->block_content->return->expr->operator
2,75,rectangle_java2.jpg,rectangle_java2.jpg,346980482,68,1038.7570588235294,579.5194117647059,977.5,585,101,21,this.width,10,class->block->function->block->block_content->return->expr->call->name->name->operator->name
2,75,rectangle_java2.jpg,rectangle_java2.jpg,347720200,180,881.1044444444444,515.1133333333333,874.5,512,10,21,{,1,class->block->function->block
2,75,rectangle_java2.jpg,rectangle_java2.jpg,347720200,180,881.1044444444444,515.1133333333333,891.5,512,62,21,return,6,class->block->function->block->block_content->return->expr->name->name
2,75,rectangle_java2.jpg,rectangle_java2.jpg,347816257,76,973.6163157894737,509.7321052631579,958.5,512,71,21,this.x2,7,class->block->function->block->block_content->return->expr->name->name->operator->name->operator
2,75,rectangle_java2.jpg,rectangle_java2.jpg,347920265,100,976.6412,508.5776000000001,958.5,512,71,21,this.x2,7,class->block->function->block->block_content->return->expr->name->name->operator->name->operator
2,75,rectangle_java2.jpg,rectangle_java2.jpg,348072260,148,968.1978378378378,527.0791891891892,958.5,512,71,21,this.x2,7,class->block->function->block->block_content->return->expr->name->name->operator->name->operator
2,75,rectangle_java2.jpg,rectangle_java2.jpg,348272242,188,882.186170212766,528.2765957446809,874.5,512,10,21,{,1,class->block->function->block
2,75,rectangle_java2.jpg,rectangle_java2.jpg,348272242,188,882.186170212766,528.2765957446809,891.5,512,62,21,return,6,class->block->function->block->block_content->return->expr->name->name
2,75,rectangle_java2.jpg,rectangle_java2.jpg,348476280,148,842.097027027027,526.0808108108108,837.5,512,9,21,(,1,class->block->function->parameter_list
2,75,rectangle_java2.jpg,rectangle_java2.jpg,348476280,148,842.097027027027,526.0808108108108,854.5,512,9,21,),1,class->block->function->parameter_list
2,75,rectangle_java2.jpg,rectangle_java2.jpg,348548309,68,836.1417647058823,522.4841176470588,837.5,512,9,21,(,1,class->block->function->parameter_list
2,75,rectangle_java2.jpg,rectangle_java2.jpg,349484242,88,1074.5086363636365,531.88,1054.5,512,71,21,this.x1,7,class->block->function->block->block_content->return->expr->name->name->operator->name
2,75,rectangle_java2.jpg,rectangle_java2.jpg,350560137,412,1149.2095145631067,549.4268932038835,1142.5,549,10,21,;,1,class->block->function->block->block_content->return
2,75,rectangle_java2.jpg,rectangle_java2.jpg,350560137,412,1149.2095145631067,549.4268932038835,1161.5,549,10,21,},1,class->block->function->block
2,75,rectangle_java2.jpg,rectangle_java2.jpg,350664141,100,1147.9832,558.596,1142.5,549,10,21,;,1,class->block->function->block->block_content->return
2,75,rectangle_java2.jpg,rectangle_java2.jpg,350864162,164,1096.2243902439025,557.0480487804878,1064.5,549,71,21,this.y1,7,class->block->function->block->block_content->return->expr->name->name->operator->name
2,75,rectangle_java2.jpg,rectangle_java2.jpg,351075968,140,870.9074285714286,536.612,863.5,549,9,21,),1,class->block->function->parameter_list
2,75,rectangle_java2.jpg,rectangle_java2.jpg,351247956,148,786.1502702702703,539.6686486486486,775.5,549,62,21,height,6,class->block->function->name
2,75,rectangle_java2.jpg,rectangle_java2.jpg,351440025,168,851.0992857142858,532.8507142857143,854.5,512,9,21,),1,class->block->function->parameter_list
2,75,rectangle_java2.jpg,rectangle_java2.jpg,351684016,160,745.4005,226.97024999999996,715.5,222,90,21,Rectangle,9,class->name
2,75,rectangle_java2.jpg,rectangle_java2.jpg,351816027,128,741.068125,226.0540625,715.5,222,90,21,Rectangle,9,class->name
2,75,rectangle_java2.jpg,rectangle_java2.jpg,352016028,164,790.2987804878048,220.9053658536585,715.5,222,90,21,Rectangle,9,class->name
2,75,rectangle_java2.jpg,rectangle_java2.jpg,352228004,164,783.4731707317073,250.1119512195122,785.5,259,23,21,x1,2,class->block->decl_stmt->decl->name
2,75,rectangle_java2.jpg,rectangle_java2.jpg,352376021,144,768.4605555555555,251.00111111111107,747.5,259,33,21,int,3,class->block->decl_stmt->decl->type->name
2,75,rectangle_java2.jpg,rectangle_java2.jpg,353987879,160,801.39625,268.53974999999997,785.5,259,23,21,x1,2,class->block->decl_stmt->decl->name
2,75,rectangle_java2.jpg,rectangle_java2.jpg,354243884,220,753.9745454545455,257.7183636363636,747.5,259,33,21,int,3,class->block->decl_stmt->decl->type->name
2,75,rectangle_java2.jpg,rectangle_java2.jpg,354547973,264,853.015303030303,255.21651515151518,833.5,259,23,21,y1,2,class->block->decl_stmt->decl->name
2,75,rectangle_java2.jpg,rectangle_java2.jpg,354547973,264,853.015303030303,255.21651515151518,863.5,259,10,21,",",1,class->block->decl_stmt
2,75,rectangle_java2.jpg,rectangle_java2.jpg,354623991,56,778.3642857142856,224.00857142857143,715.5,222,90,21,Rectangle,9,class->name
2,75,rectangle_java2.jpg,rectangle_java2.jpg,354895732,268,781.5874626865672,213.66567164179105,715.5,222,90,21,Rectangle,9,class->name
2,75,rectangle_java2.jpg,rectangle_java2.jpg,355211840,64,751.690625,217.846875,715.5,222,90,21,Rectangle,9,class->name
2,75,rectangle_java2.jpg,rectangle_java2.jpg,355363810,148,757.3097297297297,226.13486486486488,715.5,222,90,21,Rectangle,9,class->name
2,75,rectangle_java2.jpg,rectangle_java2.jpg,357315624,128,776.624375,221.4396875,715.5,222,90,21,Rectangle,9,class->name
2,75,rectangle_java2.jpg,rectangle_java2.jpg,357511617,192,777.1095833333334,228.77999999999997,715.5,222,90,21,Rectangle,9,class->name
2,75,rectangle_java2.jpg,rectangle_java2.jpg,357699561,132,867.3018181818181,310.8881818181818,853.5,295,32,21,int,3,class->block->constructor->parameter_list->parameter->decl->type->name
2,75,rectangle_java2.jpg,rectangle_java2.jpg,357891482,188,869.6665957446809,313.0846808510638,853.5,295,32,21,int,3,class->block->constructor->parameter_list->parameter->decl->type->name
2,75,rectangle_java2.jpg,rectangle_java2.jpg,358195547,96,776.5504166666667,328.78041666666667,730.5,331,71,19,this.x1,7,class->block->constructor->block->block_content->expr_stmt->expr->name->name->operator->name
2,75,rectangle_java2.jpg,rectangle_java2.jpg,358415593,216,780.1774074074074,325.03814814814814,730.5,331,71,19,this.x1,7,class->block->constructor->block->block_content->expr_stmt->expr->name->name->operator->name
2,75,rectangle_java2.jpg,rectangle_java2.jpg,358523601,60,822.8313333333333,342.962,826.5,331,23,19,x1,2,class->block->constructor->block->block_content->expr_stmt->expr->name->name
2,75,rectangle_java2.jpg,rectangle_java2.jpg,358779557,252,824.0577777777778,341.6901587301587,826.5,331,23,19,x1,2,class->block->constructor->block->block_content->expr_stmt->expr->name->name
2,75,rectangle_java2.jpg,rectangle_java2.jpg,358879548,96,833.4370833333334,343.8204166666667,826.5,331,23,19,x1,2,class->block->constructor->block->block_content->expr_stmt->expr->name->name
2,75,rectangle_java2.jpg,rectangle_java2.jpg,359207486,248,826.791129032258,399.0517741935484,826.5,404,23,19,x2,2,class->block->constructor->block->block_content->expr_stmt->expr->name->name
2,75,rectangle_java2.jpg,rectangle_java2.jpg,359395538,136,823.7308823529412,307.37617647058823,737.5,295,91,21,Rectangle,9,class->block->constructor->name
2,75,rectangle_java2.jpg,rectangle_java2.jpg,360071472,56,753.69,556.2507142857143,737.5,549,33,21,int,3,class->block->function->type->name
2,75,rectangle_java2.jpg,rectangle_java2.jpg,360311510,116,781.9379310344827,502.95379310344833,775.5,512,53,21,width,5,class->block->function->name
2,75,rectangle_java2.jpg,rectangle_java2.jpg,360495510,156,851.8666666666667,504.99128205128204,854.5,512,9,21,),1,class->block->function->parameter_list
2,75,rectangle_java2.jpg,rectangle_java2.jpg,360791349,260,771.4843076923077,504.91876923076916,775.5,512,53,21,width,5,class->block->function->name
2,75,rectangle_java2.jpg,rectangle_java2.jpg,361739345,124,865.1838709677419,499.6977419354839,874.5,512,10,21,{,1,class->block->function->block
2,75,rectangle_java2.jpg,rectangle_java2.jpg,361847353,72,995.5877777777778,518.4738888888888,958.5,512,71,21,this.x2,7,class->block->function->block->block_content->return->expr->name->name->operator->name->operator
2,75,rectangle_java2.jpg,rectangle_java2.jpg,361927348,76,995.0752631578947,514.6305263157894,958.5,512,71,21,this.x2,7,class->block->function->block->block_content->return->expr->name->name->operator->name->operator
2,75,rectangle_java2.jpg,rectangle_java2.jpg,362191370,228,967.3787719298246,503.62228070175433,958.5,512,71,21,this.x2,7,class->block->function->block->block_content->return->expr->name->name->operator->name->operator
2,75,rectangle_java2.jpg,rectangle_java2.jpg,362371359,156,801.7605128205129,524.1910256410256,775.5,512,53,21,width,5,class->block->function->name
2,75,rectangle_java2.jpg,rectangle_java2.jpg,362599132,196,873.7926530612245,524.8808163265306,874.5,512,10,21,{,1,class->block->function->block
2,75,rectangle_java2.jpg,rectangle_java2.jpg,362715163,60,841.636,524.0166666666667,837.5,512,9,21,(,1,class->block->function->parameter_list
2,75,rectangle_java2.jpg,rectangle_java2.jpg,362935223,64,946.945,504.1368749999999,891.5,512,62,21,return,6,class->block->function->block->block_content->return->expr->name->name
2,75,rectangle_java2.jpg,rectangle_java2.jpg,362935223,64,946.945,504.1368749999999,958.5,512,71,21,this.x2,7,class->block->function->block->block_content->return->expr->name->name->operator->name->operator
2,75,rectangle_java2.jpg,rectangle_java2.jpg,363039231,100,947.2396,517.8656,891.5,512,62,21,return,6,class->block->function->block->block_content->return->expr->name->name
2,75,rectangle_java2.jpg,rectangle_java2.jpg,363039231,100,947.2396,517.8656,958.5,512,71,21,this.x2,7,class->block->function->block->block_content->return->expr->name->name->operator->name->operator
2,75,rectangle_java2.jpg,rectangle_java2.jpg,363239240,144,1030.2694444444444,546.2175,968.5,549,70,21,this.y2,7,class->block->function->block->block_content->return->expr->name->name->operator->name
2,75,rectangle_java2.jpg,rectangle_java2.jpg,363347257,104,1029.0526923076923,538.2188461538461,968.5,549,70,21,this.y2,7,class->block->function->block->block_content->return->expr->name->name->operator->name
2,75,rectangle_java2.jpg,rectangle_java2.jpg,363535220,144,1072.4877777777779,541.2322222222223,1064.5,549,71,21,this.y1,7,class->block->function->block->block_content->return->expr->name->name->operator->name
2,75,rectangle_java2.jpg,rectangle_java2.jpg,364243156,84,1129.9533333333334,537.4290476190477,1064.5,549,71,21,this.y1,7,class->block->function->block->block_content->return->expr->name->name->operator->name
2,75,rectangle_java2.jpg,rectangle_java2.jpg,364867025,296,1158.4051351351352,538.4158108108109,1161.5,549,10,21,},1,class->block->function->block
2,75,rectangle_java2.jpg,rectangle_java2.jpg,365343058,128,876.0425,547.378125,883.5,549,10,21,{,1,class->block->function->block
2,75,rectangle_java2.jpg,rectangle_java2.jpg,365471111,56,810.005,574.9921428571429,804.5,585,43,21,area,4,class->block->function->name
2,75,rectangle_java2.jpg,rectangle_java2.jpg,365535131,60,825.3946666666667,578.942,804.5,585,43,21,area,4,class->block->function->name
2,75,rectangle_java2.jpg,rectangle_java2.jpg,365639141,100,815.7156,568.3364,775.5,549,62,21,height,6,class->block->function->name
2,75,rectangle_java2.jpg,rectangle_java2.jpg,365827066,148,913.4991891891892,578.3354054054054,910.5,585,62,21,return,6,class->block->function->block->block_content->return
2,75,rectangle_java2.jpg,rectangle_java2.jpg,366079090,220,854.6485454545455,577.3721818181818,856.5,585,9,21,(,1,class->block->function->parameter_list
2,75,rectangle_java2.jpg,rectangle_java2.jpg,366267047,184,841.6360869565217,584.9328260869565,804.5,585,43,21,area,4,class->block->function->name
2,75,rectangle_java2.jpg,rectangle_java2.jpg,366454950,176,980.1206818181818,582.955,977.5,585,101,21,this.width,10,class->block->function->block->block_content->return->expr->call->name->name->operator->name
2,75,rectangle_java2.jpg,rectangle_java2.jpg,366650933,140,1063.8374285714285,580.1434285714286,977.5,585,101,21,this.width,10,class->block->function->block->block_content->return->expr->call->name->name->operator->name
2,75,rectangle_java2.jpg,rectangle_java2.jpg,366786899,132,1066.050909090909,580.6369696969697,977.5,585,101,21,this.width,10,class->block->function->block->block_content->return->expr->call->name->name->operator->name
2,75,rectangle_java2.jpg,rectangle_java2.jpg,367022948,108,1133.3633333333332,596.0555555555555,1122.5,585,12,21,*,1,class->block->function->block->block_content->return->expr->operator
2,75,rectangle_java2.jpg,rectangle_java2.jpg,367022948,108,1133.3633333333332,596.0555555555555,1140.5,585,110,21,this.height,11,class->block->function->block->block_content->return->expr->call->name->name->operator->name
2,75,rectangle_java2.jpg,rectangle_java2.jpg,367266963,168,938.3202380952381,577.8583333333333,910.5,585,62,21,return,6,class->block->function->block->block_content->return
2,75,rectangle_java2.jpg,rectangle_java2.jpg,367551036,240,845.8031666666667,584.2081666666667,804.5,585,43,21,area,4,class->block->function->name
2,75,rectangle_java2.jpg,rectangle_java2.jpg,367551036,240,845.8031666666667,584.2081666666667,856.5,585,9,21,(,1,class->block->function->parameter_list
2,75,rectangle_java2.jpg,rectangle_java2.jpg,367658993,64,898.719375,574.4762499999999,893.5,585,10,21,{,1,class->block->function->block
2,75,rectangle_java2.jpg,rectangle_java2.jpg,367658993,64,898.719375,574.4762499999999,910.5,585,62,21,return,6,class->block->function->block->block_content->return
2,75,rectangle_java2.jpg,rectangle_java2.jpg,367718980,56,906.7071428571428,564.9,900.5,549,63,21,return,6,class->block->function->block->block_content->return
2,75,rectangle_java2.jpg,rectangle_java2.jpg,367958933,64,966.301875,545.436875,968.5,549,70,21,this.y2,7,class->block->function->block->block_content->return->expr->name->name->operator->name
2,75,rectangle_java2.jpg,rectangle_java2.jpg,368342670,188,1057.3825531914893,577.738085106383,977.5,585,101,21,this.width,10,class->block->function->block->block_content->return->expr->call->name->name->operator->name
2,75,rectangle_java2.jpg,rectangle_java2.jpg,368446718,100,1068.8348,564.0272,1064.5,549,71,21,this.y1,7,class->block->function->block->block_content->return->expr->name->name->operator->name
2,75,rectangle_java2.jpg,rectangle_java2.jpg,368534749,84,1063.3280952380953,580.1052380952381,977.5,585,101,21,this.width,10,class->block->function->block->block_content->return->expr->call->name->name->operator->name
2,75,rectangle_java2.jpg,rectangle_java2.jpg,368626784,60,747.382,600.7933333333334,737.5,585,62,21,double,6,class->block->function->type->name
2,75,rectangle_java2.jpg,rectangle_java2.jpg,368774797,144,751.3180555555556,614.0252777777778,738.5,621,61,21,static,6,class->block->function->type->specifier
2,75,rectangle_java2.jpg,rectangle_java2.jpg,369010885,200,785.885,615.9926,738.5,621,61,21,static,6,class->block->function->type->specifier
2,75,rectangle_java2.jpg,rectangle_java2.jpg,369322870,152,856.848947368421,537.5126315789473,863.5,549,9,21,),1,class->block->function->parameter_list
2,75,rectangle_java2.jpg,rectangle_java2.jpg,369646828,132,1028.7487878787879,550.4921212121212,968.5,549,70,21,this.y2,7,class->block->function->block->block_content->return->expr->name->name->operator->name
2,75,rectangle_java2.jpg,rectangle_java2.jpg,369894798,96,1143.7566666666667,541.965,1142.5,549,10,21,;,1,class->block->function->block->block_content->return
2,75,rectangle_java2.jpg,rectangle_java2.jpg,369962728,64,1146.129375,532.36125,1152.5,512,10,21,},1,class->block
2,75,rectangle_java2.jpg,rectangle_java2.jpg,370314607,60,1157.4413333333332,527.5206666666667,1152.5,512,10,21,},1,class->block
2,75,rectangle_java2.jpg,rectangle_java2.jpg,371098666,72,828.5183333333333,647.3044444444445,826.5,658,52,20,rect1,5,class->block->function->block->block_content->decl_stmt->decl->name
2,75,rectangle_java2.jpg,rectangle_java2.jpg,371262650,160,829.491,649.5815,826.5,658,52,20,rect1,5,class->block->function->block->block_content->decl_stmt->decl->name
2,75,rectangle_java2.jpg,rectangle_java2.jpg,371510671,216,881.2103703703704,668.9175925925927,883.5,658,15,20,=,1,class->block->function->block->block_content->decl_stmt->decl->init
2,75,rectangle_java2.jpg,rectangle_java2.jpg,371622694,56,966.3078571428572,667.5614285714286,941.5,658,91,20,Rectangle,9,class->block->function->block->block_content->decl_stmt->decl->init->expr->call->name
2,75,rectangle_java2.jpg,rectangle_java2.jpg,371750712,56,1073.1642857142856,666.4985714285715,1077.5,658,9,20,",",1,class->block->function->block->block_content->decl_stmt->decl->init->expr->call->argument_list
2,75,rectangle_java2.jpg,rectangle_java2.jpg,371994607,240,1073.147,667.4871666666667,1077.5,658,9,20,",",1,class->block->function->block->block_content->decl_stmt->decl->init->expr->call->argument_list
2,75,rectangle_java2.jpg,rectangle_java2.jpg,372186546,116,1137.9575862068966,674.2044827586207,1134.5,658,22,20,10,2,class->block->function->block->block_content->decl_stmt->decl->init->expr->call->argument_list->argument->expr->literal
2,75,rectangle_java2.jpg,rectangle_java2.jpg,372602548,64,918.149375,662.47375,902.5,658,34,20,new,3,class->block->function->block->block_content->decl_stmt->decl->init->expr->operator
2,75,rectangle_java2.jpg,rectangle_java2.jpg,372714559,108,912.8222222222222,667.5285185185185,902.5,658,34,20,new,3,class->block->function->block->block_content->decl_stmt->decl->init->expr->operator
2,75,rectangle_java2.jpg,rectangle_java2.jpg,372890574,172,819.6462790697674,658.6353488372093,730.5,658,91,20,Rectangle,9,class->block->function->block->block_content->decl_stmt->decl->type->name
2,75,rectangle_java2.jpg,rectangle_java2.jpg,372890574,172,819.6462790697674,658.6353488372093,826.5,658,52,20,rect1,5,class->block->function->block->block_content->decl_stmt->decl->name
2,75,rectangle_java2.jpg,rectangle_java2.jpg,372950579,56,817.8185714285714,665.1042857142858,730.5,658,91,20,Rectangle,9,class->block->function->block->block_content->decl_stmt->decl->type->name
2,75,rectangle_java2.jpg,rectangle_java2.jpg,372950579,56,817.8185714285714,665.1042857142858,826.5,658,52,20,rect1,5,class->block->function->block->block_content->decl_stmt->decl->name
2,75,rectangle_java2.jpg,rectangle_java2.jpg,373070584,104,774.243076923077,611.1346153846154,738.5,621,61,21,static,6,class->block->function->type->specifier
2,75,rectangle_java2.jpg,rectangle_java2.jpg,373186610,112,786.8603571428571,620.3796428571428,738.5,621,61,21,static,6,class->block->function->type->specifier
2,75,rectangle_java2.jpg,rectangle_java2.jpg,373294706,92,846.2173913043479,661.0021739130435,826.5,658,52,20,rect1,5,class->block->function->block->block_content->decl_stmt->decl->name
2,75,rectangle_java2.jpg,rectangle_java2.jpg,373598613,128,941.6140625,671.040625,941.5,658,91,20,Rectangle,9,class->block->function->block->block_content->decl_stmt->decl->init->expr->call->name
2,75,rectangle_java2.jpg,rectangle_java2.jpg,373702577,100,937.4468,665.7912,941.5,658,91,20,Rectangle,9,class->block->function->block->block_content->decl_stmt->decl->init->expr->call->name
2,75,rectangle_java2.jpg,rectangle_java2.jpg,373826514,72,865.6927777777778,670.3733333333333,826.5,658,52,20,rect1,5,class->block->function->block->block_content->decl_stmt->decl->name
2,75,rectangle_java2.jpg,rectangle_java2.jpg,373978306,84,853.6009523809523,669.4876190476191,826.5,658,52,20,rect1,5,class->block->function->block->block_content->decl_stmt->decl->name
2,75,rectangle_java2.jpg,rectangle_java2.jpg,374038298,56,972.9885714285714,671.8971428571429,941.5,658,91,20,Rectangle,9,class->block->function->block->block_content->decl_stmt->decl->init->expr->call->name
2,75,rectangle_java2.jpg,rectangle_java2.jpg,374098358,56,980.1714285714286,687.4835714285714,932.5,694,100,21,rect1.area,10,class->block->function->block->block_content->expr_stmt->expr->call->argument_list->argument->expr->call->name->name->operator->name
2,75,rectangle_java2.jpg,rectangle_java2.jpg,374318448,144,1093.7711111111112,663.6083333333333,1095.5,658,13,20,0,1,class->block->function->block->block_content->decl_stmt->decl->init->expr->call->argument_list->argument->expr->literal
2,75,rectangle_java2.jpg,rectangle_java2.jpg,374458432,136,1095.5682352941176,657.880294117647,1095.5,658,13,20,0,1,class->block->function->block->block_content->decl_stmt->decl->init->expr->call->argument_list->argument->expr->literal
2,75,rectangle_java2.jpg,rectangle_java2.jpg,374674478,188,1161.8153191489362,672.0982978723405,1163.5,658,10,20,",",1,class->block->function->block->block_content->decl_stmt->decl->init->expr->call->argument_list
2,75,rectangle_java2.jpg,rectangle_java2.jpg,375050410,136,788.834705882353,756.3876470588235,730.5,766,177,21,System.out.println,18,class->block->function->block->block_content->expr_stmt->expr->call->name->name->operator->name->operator->name
2,75,rectangle_java2.jpg,rectangle_java2.jpg,375246463,144,755.7577777777777,755.42,730.5,766,177,21,System.out.println,18,class->block->function->block->block_content->expr_stmt->expr->call->name->name->operator->name->operator->name
2,75,rectangle_java2.jpg,rectangle_java2.jpg,375334444,76,863.7052631578947,762.4768421052631,730.5,766,177,21,System.out.println,18,class->block->function->block->block_content->expr_stmt->expr->call->name->name->operator->name->operator->name
2,75,rectangle_java2.jpg,rectangle_java2.jpg,375506425,168,867.5357142857143,763.8097619047619,730.5,766,177,21,System.out.println,18,class->block->function->block->block_content->expr_stmt->expr->call->name->name->operator->name->operator->name
2,75,rectangle_java2.jpg,rectangle_java2.jpg,375614423,88,930.4586363636364,768.3272727272728,932.5,766,100,21,rect2.area,10,class->block->function->block->block_content->expr_stmt->expr->call->argument_list->argument->expr->call->name->name->operator->name
2,75,rectangle_java2.jpg,rectangle_java2.jpg,375814126,196,940.999387755102,770.5516326530612,932.5,766,100,21,rect2.area,10,class->block->function->block->block_content->expr_stmt->expr->call->argument_list->argument->expr->call->name->name->operator->name
2,75,rectangle_java2.jpg,rectangle_java2.jpg,375962239,92,886.05,553.6965217391304,883.5,549,10,21,{,1,class->block->function->block
2,75,rectangle_java2.jpg,rectangle_java2.jpg,383709867,116,809.8889655172413,271.50344827586207,815.5,259,10,21,",",1,class->block->decl_stmt
2,75,rectangle_java2.jpg,rectangle_java2.jpg,385789646,60,805.374,569.1026666666667,775.5,549,62,21,height,6,class->block->function->name
2,75,rectangle_java2.jpg,rectangle_java2.jpg,385873622,80,809.5794999999999,555.639,775.5,549,62,21,height,6,class->block->function->name
2,75,rectangle_java2.jpg,rectangle_java2.jpg,386085600,180,861.6326666666666,528.1871111111111,854.5,512,9,21,),1,class->block->function->parameter_list
2,75,rectangle_java2.jpg,rectangle_java2.jpg,386169627,68,960.2658823529412,525.7135294117647,958.5,512,71,21,this.x2,7,class->block->function->block->block_content->return->expr->name->name->operator->name->operator
2,75,rectangle_java2.jpg,rectangle_java2.jpg,386309614,136,959.8673529411765,523.5485294117647,958.5,512,71,21,this.x2,7,class->block->function->block->block_content->return->expr->name->name->operator->name->operator
2,75,rectangle_java2.jpg,rectangle_java2.jpg,386433573,120,965.5783333333334,504.3879999999999,958.5,512,71,21,this.x2,7,class->block->function->block->block_content->return->expr->name->name->operator->name->operator
2,75,rectangle_java2.jpg,rectangle_java2.jpg,386993655,96,873.7091666666666,541.5395833333333,883.5,549,10,21,{,1,class->block->function->block
2,75,rectangle_java2.jpg,rectangle_java2.jpg,387125474,128,885.3953125,548.30875,883.5,549,10,21,{,1,class->block->function->block
2,75,rectangle_java2.jpg,rectangle_java2.jpg,387373428,188,1015.0797872340426,552.8748936170213,968.5,549,70,21,this.y2,7,class->block->function->block->block_content->return->expr->name->name->operator->name
2,75,rectangle_java2.jpg,rectangle_java2.jpg,387561480,104,913.5253846153846,530.2796153846153,891.5,512,62,21,return,6,class->block->function->block->block_content->return->expr->name->name
2,75,rectangle_java2.jpg,rectangle_java2.jpg,387785487,92,866.9986956521739,546.9417391304348,863.5,549,9,21,),1,class->block->function->parameter_list
2,75,rectangle_java2.jpg,rectangle_java2.jpg,387869493,80,867.0575,532.871,874.5,512,10,21,{,1,class->block->function->block
2,75,rectangle_java2.jpg,rectangle_java2.jpg,388061486,176,969.0831818181819,532.0881818181819,958.5,512,71,21,this.x2,7,class->block->function->block->block_content->return->expr->name->name->operator->name->operator
2,75,rectangle_java2.jpg,rectangle_java2.jpg,388221450,92,878.1613043478261,246.74,881.5,259,23,21,x2,2,class->block->decl_stmt->decl->name
2,75,rectangle_java2.jpg,rectangle_java2.jpg,388597476,168,841.4209523809524,334.60761904761904,826.5,331,23,19,x1,2,class->block->constructor->block->block_content->expr_stmt->expr->name->name
2,75,rectangle_java2.jpg,rectangle_java2.jpg,388813536,196,824.3114285714286,256.0104081632653,815.5,259,10,21,",",1,class->block->decl_stmt
2,75,rectangle_java2.jpg,rectangle_java2.jpg,388813536,196,824.3114285714286,256.0104081632653,833.5,259,23,21,y1,2,class->block->decl_stmt->decl->name
2,75,rectangle_java2.jpg,rectangle_java2.jpg,388949540,124,817.0567741935483,347.50354838709677,806.5,331,15,19,=,1,class->block->constructor->block->block_content->expr_stmt->expr->operator
2,75,rectangle_java2.jpg,rectangle_java2.jpg,388949540,124,817.0567741935483,347.50354838709677,826.5,331,23,19,x1,2,class->block->constructor->block->block_content->expr_stmt->expr->name->name
2,75,rectangle_java2.jpg,rectangle_java2.jpg,389061510,108,812.3792592592592,342.4288888888889,806.5,331,15,19,=,1,class->block->constructor->block->block_content->expr_stmt->expr->operator
2,75,rectangle_java2.jpg,rectangle_java2.jpg,389201429,104,846.8873076923077,363.5084615384615,826.5,367,23,21,y1,2,class->block->constructor->block->block_content->expr_stmt->expr->name->name
2,75,rectangle_java2.jpg,rectangle_java2.jpg,389201429,104,846.8873076923077,363.5084615384615,856.5,367,10,21,;,1,class->block->constructor->block->block_content->expr_stmt
2,75,rectangle_java2.jpg,rectangle_java2.jpg,390249327,132,861.9851515151515,373.4490909090909,856.5,367,10,21,;,1,class->block->constructor->block->block_content->expr_stmt
2,75,rectangle_java2.jpg,rectangle_java2.jpg,391349174,88,836.1904545454545,360.7831818181818,826.5,367,23,21,y1,2,class->block->constructor->block->block_content->expr_stmt->expr->name->name
2,75,rectangle_java2.jpg,rectangle_java2.jpg,391565196,212,832.3328301886793,363.4109433962264,826.5,367,23,21,y1,2,class->block->constructor->block->block_content->expr_stmt->expr->name->name
2,75,rectangle_java2.jpg,rectangle_java2.jpg,391929245,136,979.5161764705882,542.4673529411765,968.5,549,70,21,this.y2,7,class->block->function->block->block_content->return->expr->name->name->operator->name
2,75,rectangle_java2.jpg,rectangle_java2.jpg,392097252,140,929.5714285714286,560.566,900.5,549,63,21,return,6,class->block->function->block->block_content->return
2,75,rectangle_java2.jpg,rectangle_java2.jpg,392169249,68,879.8958823529412,568.1570588235294,883.5,549,10,21,{,1,class->block->function->block
2,75,rectangle_java2.jpg,rectangle_java2.jpg,392505268,332,890.1477108433735,563.2203614457832,883.5,549,10,21,{,1,class->block->function->block
2,75,rectangle_java2.jpg,rectangle_java2.jpg,392505268,332,890.1477108433735,563.2203614457832,900.5,549,63,21,return,6,class->block->function->block->block_content->return
2,75,rectangle_java2.jpg,rectangle_java2.jpg,392597293,88,883.9431818181818,546.1559090909091,883.5,549,10,21,{,1,class->block->function->block
2,75,rectangle_java2.jpg,rectangle_java2.jpg,392713320,112,881.2110714285715,541.2175,883.5,549,10,21,{,1,class->block->function->block
2,75,rectangle_java2.jpg,rectangle_java2.jpg,392841201,124,850.0696774193549,549.2677419354839,846.5,549,10,21,(,1,class->block->function->parameter_list
2,75,rectangle_java2.jpg,rectangle_java2.jpg,393049013,204,842.9374509803921,548.385294117647,846.5,549,10,21,(,1,class->block->function->parameter_list
2,75,rectangle_java2.jpg,rectangle_java2.jpg,393549074,104,821.8134615384615,588.5507692307692,804.5,585,43,21,area,4,class->block->function->name
2,75,rectangle_java2.jpg,rectangle_java2.jpg,393645083,92,818.2295652173913,579.3926086956521,804.5,585,43,21,area,4,class->block->function->name
2,75,rectangle_java2.jpg,rectangle_java2.jpg,393809117,104,921.4515384615385,597.873076923077,910.5,585,62,21,return,6,class->block->function->block->block_content->return
2,75,rectangle_java2.jpg,rectangle_java2.jpg,394021150,200,820.7438,587.8679999999999,804.5,585,43,21,area,4,class->block->function->name
2,75,rectangle_java2.jpg,rectangle_java2.jpg,394337096,92,888.6717391304347,585.3352173913044,893.5,585,10,21,{,1,class->block->function->block
2,75,rectangle_java2.jpg,rectangle_java2.jpg,394673029,152,964.243947368421,561.5421052631579,968.5,549,70,21,this.y2,7,class->block->function->block->block_content->return->expr->name->name->operator->name
2,75,rectangle_java2.jpg,rectangle_java2.jpg,394940932,216,868.8031481481481,565.8609259259259,863.5,549,9,21,),1,class->block->function->parameter_list
2,75,rectangle_java2.jpg,rectangle_java2.jpg,395068906,124,870.0029032258064,573.0816129032258,873.5,585,9,21,),1,class->block->function->parameter_list
2,75,rectangle_java2.jpg,rectangle_java2.jpg,395384935,292,1057.2260273972602,598.4823287671232,977.5,585,101,21,this.width,10,class->block->function->block->block_content->return->expr->call->name->name->operator->name
2,75,rectangle_java2.jpg,rectangle_java2.jpg,395508931,92,964.0886956521739,581.405652173913,910.5,585,62,21,return,6,class->block->function->block->block_content->return
2,75,rectangle_java2.jpg,rectangle_java2.jpg,396532956,188,866.0789361702127,331.29425531914893,856.5,331,10,19,;,1,class->block->constructor->block->block_content->expr_stmt
2,75,rectangle_java2.jpg,rectangle_java2.jpg,396760720,172,1016.1404651162791,577.6676744186046,977.5,585,101,21,this.width,10,class->block->function->block->block_content->return->expr->call->name->name->operator->name
2,75,rectangle_java2.jpg,rectangle_java2.jpg,396976780,168,974.4021428571428,502.8188095238095,958.5,512,71,21,this.x2,7,class->block->function->block->block_content->return->expr->name->name->operator->name->operator
2,75,rectangle_java2.jpg,rectangle_java2.jpg,397060847,80,999.5095,506.7975,958.5,512,71,21,this.x2,7,class->block->function->block->block_content->return->expr->name->name->operator->name->operator
2,75,rectangle_java2.jpg,rectangle_java2.jpg,397136865,72,1002.5677777777778,510.1733333333334,958.5,512,71,21,this.x2,7,class->block->function->block->block_content->return->expr->name->name->operator->name->operator
2,75,rectangle_java2.jpg,rectangle_java2.jpg,397356875,188,852.1508510638298,539.8472340425532,846.5,549,10,21,(,1,class->block->function->parameter_list
2,75,rectangle_java2.jpg,rectangle_java2.jpg,397356875,188,852.1508510638298,539.8472340425532,863.5,549,9,21,),1,class->block->function->parameter_list
2,75,rectangle_java2.jpg,rectangle_java2.jpg,397432867,72,857.0661111111111,548.5533333333333,863.5,549,9,21,),1,class->block->function->parameter_list
2,75,rectangle_java2.jpg,rectangle_java2.jpg,397544867,108,816.2392592592593,546.7259259259259,775.5,549,62,21,height,6,class->block->function->name
2,75,rectangle_java2.jpg,rectangle_java2.jpg,397660860,112,812.3214285714286,531.1846428571429,775.5,512,53,21,width,5,class->block->function->name
2,75,rectangle_java2.jpg,rectangle_java2.jpg,397756830,92,801.4421739130435,524.6234782608695,775.5,512,53,21,width,5,class->block->function->name
2,75,rectangle_java2.jpg,rectangle_java2.jpg,397884804,56,958.6714285714286,544.1592857142857,900.5,549,63,21,return,6,class->block->function->block->block_content->return
2,75,rectangle_java2.jpg,rectangle_java2.jpg,397884804,56,958.6714285714286,544.1592857142857,968.5,549,70,21,this.y2,7,class->block->function->block->block_content->return->expr->name->name->operator->name
2,75,rectangle_java2.jpg,rectangle_java2.jpg,398004799,116,964.5820689655172,540.9658620689655,968.5,549,70,21,this.y2,7,class->block->function->block->block_content->return->expr->name->name->operator->name
2,75,rectangle_java2.jpg,rectangle_java2.jpg,398156791,108,1109.6037037037038,561.7492592592592,1064.5,549,71,21,this.y1,7,class->block->function->block->block_content->return->expr->name->name->operator->name
2,75,rectangle_java2.jpg,rectangle_java2.jpg,398264789,64,1111.455,551.223125,1064.5,549,71,21,this.y1,7,class->block->function->block->block_content->return->expr->name->name->operator->name
2,75,rectangle_java2.jpg,rectangle_java2.jpg,398424840,104,1164.535,550.2265384615384,1161.5,549,10,21,},1,class->block->function->block
2,75,rectangle_java2.jpg,rectangle_java2.jpg,399064726,84,933.4633333333334,539.8171428571428,900.5,549,63,21,return,6,class->block->function->block->block_content->return
2,75,rectangle_java2.jpg,rectangle_java2.jpg,399148745,80,938.2585,546.4515,900.5,549,63,21,return,6,class->block->function->block->block_content->return
2,75,rectangle_java2.jpg,rectangle_java2.jpg,399244764,92,934.7417391304348,538.1652173913044,900.5,549,63,21,return,6,class->block->function->block->block_content->return
2,75,rectangle_java2.jpg,rectangle_java2.jpg,399456701,176,977.8156818181818,548.5531818181818,968.5,549,70,21,this.y2,7,class->block->function->block->block_content->return->expr->name->name->operator->name
2,75,rectangle_java2.jpg,rectangle_java2.jpg,400072710,264,1057.2656060606062,548.4498484848485,1045.5,549,13,21,-,1,class->block->function->block->block_content->return->expr->operator
2,75,rectangle_java2.jpg,rectangle_java2.jpg,400072710,264,1057.2656060606062,548.4498484848485,1064.5,549,71,21,this.y1,7,class->block->function->block->block_content->return->expr->name->name->operator->name
2,75,rectangle_java2.jpg,rectangle_java2.jpg,400344674,268,1052.313880597015,545.1792537313432,1045.5,549,13,21,-,1,class->block->function->block->block_content->return->expr->operator
2,75,rectangle_java2.jpg,rectangle_java2.jpg,400344674,268,1052.313880597015,545.1792537313432,1064.5,549,71,21,this.y1,7,class->block->function->block->block_content->return->expr->name->name->operator->name
2,75,rectangle_java2.jpg,rectangle_java2.jpg,400608571,260,1049.8963076923076,545.6684615384615,1045.5,549,13,21,-,1,class->block->function->block->block_content->return->expr->operator
2,75,rectangle_java2.jpg,rectangle_java2.jpg,402524585,160,825.0915,343.96375,826.5,331,23,19,x1,2,class->block->constructor->block->block_content->expr_stmt->expr->name->name
2,75,rectangle_java2.jpg,rectangle_java2.jpg,402780511,188,804.5563829787234,225.84382978723409,715.5,222,90,21,Rectangle,9,class->name
2,75,rectangle_java2.jpg,rectangle_java2.jpg,402780511,188,804.5563829787234,225.84382978723409,813.5,222,10,21,{,1,class->block
2,75,rectangle_java2.jpg,rectangle_java2.jpg,402972506,140,842.8345714285714,516.6631428571428,837.5,512,9,21,(,1,class->block->function->parameter_list
2,75,rectangle_java2.jpg,rectangle_java2.jpg,402972506,140,842.8345714285714,516.6631428571428,854.5,512,9,21,),1,class->block->function->parameter_list
2,75,rectangle_java2.jpg,rectangle_java2.jpg,403052454,76,850.4242105263158,518.8678947368421,854.5,512,9,21,),1,class->block->function->parameter_list
2,75,rectangle_java2.jpg,rectangle_java2.jpg,403284410,156,1095.968717948718,620.2564102564103,1094.5,621,10,21,{,1,class->block->function->block
2,75,rectangle_java2.jpg,rectangle_java2.jpg,404064448,192,1106.53,551.2985416666667,1064.5,549,71,21,this.y1,7,class->block->function->block->block_content->return->expr->name->name->operator->name
2,75,rectangle_java2.jpg,rectangle_java2.jpg,404376209,240,1163.6766666666667,563.0466666666666,1161.5,549,10,21,},1,class->block->function->block
2,75,rectangle_java2.jpg,rectangle_java2.jpg,405956335,216,815.2446296296297,615.2688888888889,804.5,621,44,21,void,4,class->block->function->type->name
2,75,rectangle_java2.jpg,rectangle_java2.jpg,406060297,100,840.512,608.628,804.5,621,44,21,void,4,class->block->function->type->name
2,75,rectangle_java2.jpg,rectangle_java2.jpg,406060297,100,840.512,608.628,851.5,621,44,21,main,4,class->block->function->name
2,75,rectangle_java2.jpg,rectangle_java2.jpg,406239998,80,938.621,603.9075,910.5,585,62,21,return,6,class->block->function->block->block_content->return
2,75,rectangle_java2.jpg,rectangle_java2.jpg,406324041,68,1078.3570588235295,600.3358823529412,977.5,585,101,21,this.width,10,class->block->function->block->block_content->return->expr->call->name->name->operator->name
2,75,rectangle_java2.jpg,rectangle_java2.jpg,406324041,68,1078.3570588235295,600.3358823529412,1086.5,585,10,21,(,1,class->block->function->block->block_content->return->expr->call->argument_list
2,75,rectangle_java2.jpg,rectangle_java2.jpg,406492177,164,1076.5785365853658,596.8604878048781,977.5,585,101,21,this.width,10,class->block->function->block->block_content->return->expr->call->name->name->operator->name
2,75,rectangle_java2.jpg,rectangle_java2.jpg,406492177,164,1076.5785365853658,596.8604878048781,1086.5,585,10,21,(,1,class->block->function->block->block_content->return->expr->call->argument_list
2,75,rectangle_java2.jpg,rectangle_java2.jpg,406688285,192,1058.0439583333334,596.0829166666666,977.5,585,101,21,this.width,10,class->block->function->block->block_content->return->expr->call->name->name->operator->name
2,75,rectangle_java2.jpg,rectangle_java2.jpg,407300164,220,911.2754545454545,674.7038181818182,902.5,658,34,20,new,3,class->block->function->block->block_content->decl_stmt->decl->init->expr->operator
2,75,rectangle_java2.jpg,rectangle_java2.jpg,407424153,88,986.0754545454546,677.3563636363637,941.5,658,91,20,Rectangle,9,class->block->function->block->block_content->decl_stmt->decl->init->expr->call->name
2,75,rectangle_java2.jpg,rectangle_java2.jpg,407836067,108,1069.2188888888888,685.4070370370371,1077.5,694,9,21,),1,class->block->function->block->block_content->expr_stmt->expr->call->argument_list
2,75,rectangle_java2.jpg,rectangle_java2.jpg,407968140,128,1064.3721874999999,681.936875,1057.5,694,10,21,),1,class->block->function->block->block_content->expr_stmt->expr->call->argument_list->argument->expr->call->argument_list
2,75,rectangle_java2.jpg,rectangle_java2.jpg,408520133,108,1232.2988888888888,675.914074074074,1231.5,658,10,20,;,1,class->block->function->block->block_content->decl_stmt
2,75,rectangle_java2.jpg,rectangle_java2.jpg,409488142,216,1117.5918518518517,670.3988888888889,1115.5,658,10,20,",",1,class->block->function->block->block_content->decl_stmt->decl->init->expr->call->argument_list
2,75,rectangle_java2.jpg,rectangle_java2.jpg,409904032,360,1069.0856666666666,665.2732222222222,1057.5,658,13,20,0,1,class->block->function->block->block_content->decl_stmt->decl->init->expr->call->argument_list->argument->expr->literal
2,75,rectangle_java2.jpg,rectangle_java2.jpg,409904032,360,1069.0856666666666,665.2732222222222,1077.5,658,9,20,",",1,class->block->function->block->block_content->decl_stmt->decl->init->expr->call->argument_list
2,75,rectangle_java2.jpg,rectangle_java2.jpg,409999961,92,1075.0039130434782,673.17,1077.5,658,9,20,",",1,class->block->function->block->block_content->decl_stmt->decl->init->expr->call->argument_list
2,75,rectangle_java2.jpg,rectangle_java2.jpg,411559861,132,1015.9375757575757,622.540303030303,1007.5,621,10,21,],1,class->block->function->parameter_list->parameter->decl->type->name->index
2,75,rectangle_java2.jpg,rectangle_java2.jpg,411559861,132,1015.9375757575757,622.540303030303,1025.5,621,42,21,args,4,class->block->function->parameter_list->parameter->decl->name
2,75,rectangle_java2.jpg,rectangle_java2.jpg,411735941,124,1051.2754838709677,618.8832258064516,1025.5,621,42,21,args,4,class->block->function->parameter_list->parameter->decl->name
2,75,rectangle_java2.jpg,rectangle_java2.jpg,412159691,408,890.0411764705882,601.4764705882353,893.5,585,10,21,{,1,class->block->function->block
2,75,rectangle_java2.jpg,rectangle_java2.jpg,412427776,264,896.8257575757576,589.1133333333333,893.5,585,10,21,{,1,class->block->function->block
2,75,rectangle_java2.jpg,rectangle_java2.jpg,412491774,60,821.602,591.4639999999999,804.5,585,43,21,area,4,class->block->function->name
2,75,rectangle_java2.jpg,rectangle_java2.jpg,412639789,144,813.0761111111111,598.7336111111111,804.5,585,43,21,area,4,class->block->function->name
2,75,rectangle_java2.jpg,rectangle_java2.jpg,412815856,116,993.9510344827586,586.3003448275862,977.5,585,101,21,this.width,10,class->block->function->block->block_content->return->expr->call->name->name->operator->name
2,75,rectangle_java2.jpg,rectangle_java2.jpg,412931877,112,995.2803571428572,581.1889285714285,977.5,585,101,21,this.width,10,class->block->function->block->block_content->return->expr->call->name->name->operator->name
2,75,rectangle_java2.jpg,rectangle_java2.jpg,413023875,80,1074.9669999999999,588.4755,977.5,585,101,21,this.width,10,class->block->function->block->block_content->return->expr->call->name->name->operator->name
2,75,rectangle_java2.jpg,rectangle_java2.jpg,413023875,80,1074.9669999999999,588.4755,1086.5,585,10,21,(,1,class->block->function->block->block_content->return->expr->call->argument_list
2,75,rectangle_java2.jpg,rectangle_java2.jpg,413291763,264,1079.5507575757576,593.105303030303,1086.5,585,10,21,(,1,class->block->function->block->block_content->return->expr->call->argument_list
2,75,rectangle_java2.jpg,rectangle_java2.jpg,413531674,140,1130.0994285714285,604.0625714285715,1122.5,585,12,21,*,1,class->block->function->block->block_content->return->expr->operator
2,75,rectangle_java2.jpg,rectangle_java2.jpg,413531674,140,1130.0994285714285,604.0625714285715,1140.5,585,110,21,this.height,11,class->block->function->block->block_content->return->expr->call->name->name->operator->name
2,75,rectangle_java2.jpg,rectangle_java2.jpg,413671722,116,1058.7568965517241,587.9055172413794,977.5,585,101,21,this.width,10,class->block->function->block->block_content->return->expr->call->name->name->operator->name
2,75,rectangle_java2.jpg,rectangle_java2.jpg,413951627,220,811.8085454545454,531.1532727272727,775.5,512,53,21,width,5,class->block->function->name
2,75,rectangle_java2.jpg,rectangle_java2.jpg,414143667,160,769.8004999999999,520.37325,737.5,512,33,21,int,3,class->block->function->type->name
2,75,rectangle_java2.jpg,rectangle_java2.jpg,414143667,160,769.8004999999999,520.37325,775.5,512,53,21,width,5,class->block->function->name
2,75,rectangle_java2.jpg,rectangle_java2.jpg,414383732,124,965.3806451612903,542.2135483870968,968.5,549,70,21,this.y2,7,class->block->function->block->block_content->return->expr->name->name->operator->name
2,75,rectangle_java2.jpg,rectangle_java2.jpg,414607525,180,836.1517777777777,525.6833333333333,837.5,512,9,21,(,1,class->block->function->parameter_list
2,75,rectangle_java2.jpg,rectangle_java2.jpg,414703501,92,836.1873913043478,518.3069565217392,837.5,512,9,21,(,1,class->block->function->parameter_list
2,75,rectangle_java2.jpg,rectangle_java2.jpg,414819616,84,1004.0852380952381,528.472380952381,958.5,512,71,21,this.x2,7,class->block->function->block->block_content->return->expr->name->name->operator->name->operator
2,75,rectangle_java2.jpg,rectangle_java2.jpg,415299697,132,1048.5463636363636,517.110303030303,1054.5,512,71,21,this.x1,7,class->block->function->block->block_content->return->expr->name->name->operator->name
2,75,rectangle_java2.jpg,rectangle_java2.jpg,415419935,116,1041.2172413793103,520.0793103448276,1035.5,512,13,21,-,1,class->block->function->block->block_content->return->expr->name->name
2,75,rectangle_java2.jpg,rectangle_java2.jpg,415619735,188,887.9280851063829,510.6780851063829,891.5,512,62,21,return,6,class->block->function->block->block_content->return->expr->name->name
2,75,rectangle_java2.jpg,rectangle_java2.jpg,415843522,208,1060.3594230769231,518.7832692307692,1054.5,512,71,21,this.x1,7,class->block->function->block->block_content->return->expr->name->name->operator->name
2,75,rectangle_java2.jpg,rectangle_java2.jpg,416151480,92,1135.9469565217391,531.2634782608695,1132.5,512,10,21,;,1,class->block->function->block
2,75,rectangle_java2.jpg,rectangle_java2.jpg,416307510,152,1136.0394736842104,521.8628947368421,1132.5,512,10,21,;,1,class->block->function->block
2,75,rectangle_java2.jpg,rectangle_java2.jpg,417675202,164,852.0919512195122,527.3026829268292,854.5,512,9,21,),1,class->block->function->parameter_list
2,75,rectangle_java2.jpg,rectangle_java2.jpg,417851296,148,811.5470270270271,565.0213513513513,775.5,549,62,21,height,6,class->block->function->name
2,75,rectangle_java2.jpg,rectangle_java2.jpg,417931325,76,802.2936842105263,566.3747368421052,775.5,549,62,21,height,6,class->block->function->name
2,75,rectangle_java2.jpg,rectangle_java2.jpg,417999355,64,860.8774999999999,567.316875,863.5,549,9,21,),1,class->block->function->parameter_list
2,75,rectangle_java2.jpg,rectangle_java2.jpg,418159389,76,935.9263157894737,568.801052631579,900.5,549,63,21,return,6,class->block->function->block->block_content->return
2,75,rectangle_java2.jpg,rectangle_java2.jpg,418359373,196,945.3255102040816,565.8585714285714,900.5,549,63,21,return,6,class->block->function->block->block_content->return
2,75,rectangle_java2.jpg,rectangle_java2.jpg,418455354,84,1104.7147619047619,576.8333333333334,1103.5,585,9,21,),1,class->block->function->block->block_content->return->expr->call->argument_list
2,75,rectangle_java2.jpg,rectangle_java2.jpg,418695306,236,1107.5250847457628,585.5766101694916,1103.5,585,9,21,),1,class->block->function->block->block_content->return->expr->call->argument_list
2,75,rectangle_java2.jpg,rectangle_java2.jpg,418899327,148,879.234054054054,637.4256756756757,851.5,621,44,21,main,4,class->block->function->name
2,75,rectangle_java2.jpg,rectangle_java2.jpg,419927221,60,927.9393333333334,595.3973333333333,910.5,585,62,21,return,6,class->block->function->block->block_content->return
2,75,rectangle_java2.jpg,rectangle_java2.jpg,420207257,56,853.4985714285715,655.6457142857143,826.5,658,52,20,rect1,5,class->block->function->block->block_content->decl_stmt->decl->name
2,75,rectangle_java2.jpg,rectangle_java2.jpg,420283243,72,853.5133333333333,664.2783333333333,826.5,658,52,20,rect1,5,class->block->function->block->block_content->decl_stmt->decl->name
2,75,rectangle_java2.jpg,rectangle_java2.jpg,420695229,380,1150.2335789473684,677.6845263157895,1134.5,658,22,20,10,2,class->block->function->block->block_content->decl_stmt->decl->init->expr->call->argument_list->argument->expr->literal
2,75,rectangle_java2.jpg,rectangle_java2.jpg,420755223,56,1149.8714285714286,674.3771428571429,1134.5,658,22,20,10,2,class->block->function->block->block_content->decl_stmt->decl->init->expr->call->argument_list->argument->expr->literal
2,75,rectangle_java2.jpg,rectangle_java2.jpg,420843252,68,1043.7470588235294,660.9717647058824,1041.5,658,9,20,(,1,class->block->function->block->block_content->decl_stmt->decl->init->expr->call->argument_list
2,75,rectangle_java2.jpg,rectangle_java2.jpg,421027295,180,1031.0857777777778,658.5166666666667,941.5,658,91,20,Rectangle,9,class->block->function->block->block_content->decl_stmt->decl->init->expr->call->name
2,75,rectangle_java2.jpg,rectangle_java2.jpg,421027295,180,1031.0857777777778,658.5166666666667,1041.5,658,9,20,(,1,class->block->function->block->block_content->decl_stmt->decl->init->expr->call->argument_list
2,75,rectangle_java2.jpg,rectangle_java2.jpg,421243238,180,836.72,646.788,826.5,658,52,20,rect1,5,class->block->function->block->block_content->decl_stmt->decl->name
2,75,rectangle_java2.jpg,rectangle_java2.jpg,421447083,172,889.6734883720931,665.6681395348837,883.5,658,15,20,=,1,class->block->function->block->block_content->decl_stmt->decl->init
2,75,rectangle_java2.jpg,rectangle_java2.jpg,421523058,72,893.5244444444445,665.6066666666667,883.5,658,15,20,=,1,class->block->function->block->block_content->decl_stmt->decl->init
2,75,rectangle_java2.jpg,rectangle_java2.jpg,421523058,72,893.5244444444445,665.6066666666667,902.5,658,34,20,new,3,class->block->function->block->block_content->decl_stmt->decl->init->expr->operator
