trial,participant,code_file,code_language,timestamp,duration,x_cord,y_cord,aoi_x,aoi_y,aoi_width,aoi_height,token,length,srcML
2,85,rectangle_java2.jpg,rectangle_java2.jpg,316006532,56,585.895,237.5157142857143,589.5,222,63,21,public,6,class->specifier
2,85,rectangle_java2.jpg,rectangle_java2.jpg,316372652,72,623.3033333333334,219.11333333333334,589.5,222,63,21,public,6,class->specifier
2,85,rectangle_java2.jpg,rectangle_java2.jpg,316470181,92,618.3265217391304,225.21826086956526,589.5,222,63,21,public,6,class->specifier
2,85,rectangle_java2.jpg,rectangle_java2.jpg,316551434,76,626.5342105263157,226.03842105263158,589.5,222,63,21,public,6,class->specifier
2,85,rectangle_java2.jpg,rectangle_java2.jpg,316879682,168,724.2297619047619,226.7657142857143,715.5,222,90,21,Rectangle,9,class->name
2,85,rectangle_java2.jpg,rectangle_java2.jpg,317419602,148,699.8505405405406,232.21486486486486,657.5,222,52,21,class,5,class
2,85,rectangle_java2.jpg,rectangle_java2.jpg,318051533,120,744.1173333333334,270.65633333333335,747.5,259,33,21,int,3,class->block->decl_stmt->decl->type->name
2,85,rectangle_java2.jpg,rectangle_java2.jpg,318171547,116,742.8672413793104,258.3368965517241,747.5,259,33,21,int,3,class->block->decl_stmt->decl->type->name
2,85,rectangle_java2.jpg,rectangle_java2.jpg,319011546,156,764.6871794871795,275.3171794871795,747.5,259,33,21,int,3,class->block->decl_stmt->decl->type->name
2,85,rectangle_java2.jpg,rectangle_java2.jpg,319167549,152,770.9902631578948,283.9163157894737,737.5,295,91,21,Rectangle,9,class->block->constructor->name
2,85,rectangle_java2.jpg,rectangle_java2.jpg,319395530,224,772.9716071428571,287.56089285714285,737.5,295,91,21,Rectangle,9,class->block->constructor->name
2,85,rectangle_java2.jpg,rectangle_java2.jpg,320019429,140,711.0774285714285,251.41057142857142,669.5,259,72,21,private,7,class->block->decl_stmt->decl->type->specifier
2,85,rectangle_java2.jpg,rectangle_java2.jpg,320183413,160,721.05075,253.45175,669.5,259,72,21,private,7,class->block->decl_stmt->decl->type->specifier
2,85,rectangle_java2.jpg,rectangle_java2.jpg,320455424,232,748.0943103448276,257.0991379310345,747.5,259,33,21,int,3,class->block->decl_stmt->decl->type->name
2,85,rectangle_java2.jpg,rectangle_java2.jpg,321091411,232,713.826551724138,253.80293103448275,669.5,259,72,21,private,7,class->block->decl_stmt->decl->type->specifier
2,85,rectangle_java2.jpg,rectangle_java2.jpg,321343168,248,715.1101612903226,262.7433870967742,669.5,259,72,21,private,7,class->block->decl_stmt->decl->type->specifier
2,85,rectangle_java2.jpg,rectangle_java2.jpg,321603251,64,650.634375,236.621875,589.5,222,63,21,public,6,class->specifier
2,85,rectangle_java2.jpg,rectangle_java2.jpg,321603251,64,650.634375,236.621875,657.5,222,52,21,class,5,class
2,85,rectangle_java2.jpg,rectangle_java2.jpg,321715252,108,639.4607407407408,240.2,589.5,222,63,21,public,6,class->specifier
2,85,rectangle_java2.jpg,rectangle_java2.jpg,321899258,116,765.9258620689656,223.00724137931036,715.5,222,90,21,Rectangle,9,class->name
2,85,rectangle_java2.jpg,rectangle_java2.jpg,322071298,168,781.3033333333333,224.51904761904763,715.5,222,90,21,Rectangle,9,class->name
2,85,rectangle_java2.jpg,rectangle_java2.jpg,322175306,60,776.732,227.3706666666667,715.5,222,90,21,Rectangle,9,class->name
2,85,rectangle_java2.jpg,rectangle_java2.jpg,322383271,88,764.0522727272727,237.00454545454545,715.5,222,90,21,Rectangle,9,class->name
2,85,rectangle_java2.jpg,rectangle_java2.jpg,323183157,88,815.6577272727272,343.3109090909091,806.5,331,15,19,=,1,class->block->constructor->block->block_content->expr_stmt->expr->operator
2,85,rectangle_java2.jpg,rectangle_java2.jpg,323183157,88,815.6577272727272,343.3109090909091,826.5,331,23,19,x1,2,class->block->constructor->block->block_content->expr_stmt->expr->name->name
2,85,rectangle_java2.jpg,rectangle_java2.jpg,323267090,80,797.013,335.481,730.5,331,71,19,this.x1,7,class->block->constructor->block->block_content->expr_stmt->expr->name->name->operator->name
2,85,rectangle_java2.jpg,rectangle_java2.jpg,323267090,80,797.013,335.481,806.5,331,15,19,=,1,class->block->constructor->block->block_content->expr_stmt->expr->operator
2,85,rectangle_java2.jpg,rectangle_java2.jpg,323415145,108,750.9862962962962,333.1903703703704,730.5,331,71,19,this.x1,7,class->block->constructor->block->block_content->expr_stmt->expr->name->name->operator->name
2,85,rectangle_java2.jpg,rectangle_java2.jpg,323939158,96,752.61625,324.57166666666666,730.5,331,71,19,this.x1,7,class->block->constructor->block->block_content->expr_stmt->expr->name->name->operator->name
2,85,rectangle_java2.jpg,rectangle_java2.jpg,324051138,108,758.5292592592592,333.27185185185186,730.5,331,71,19,this.x1,7,class->block->constructor->block->block_content->expr_stmt->expr->name->name->operator->name
2,85,rectangle_java2.jpg,rectangle_java2.jpg,324123138,68,767.2235294117647,337.30764705882353,730.5,331,71,19,this.x1,7,class->block->constructor->block->block_content->expr_stmt->expr->name->name->operator->name
2,85,rectangle_java2.jpg,rectangle_java2.jpg,324271170,144,769.1066666666667,314.44305555555553,737.5,295,91,21,Rectangle,9,class->block->constructor->name
2,85,rectangle_java2.jpg,rectangle_java2.jpg,324335167,60,782.1673333333333,311.4273333333333,737.5,295,91,21,Rectangle,9,class->block->constructor->name
2,85,rectangle_java2.jpg,rectangle_java2.jpg,324951159,128,758.4478124999999,332.8140625,730.5,331,71,19,this.x1,7,class->block->constructor->block->block_content->expr_stmt->expr->name->name->operator->name
2,85,rectangle_java2.jpg,rectangle_java2.jpg,325047139,92,759.6186956521739,345.06695652173914,730.5,331,71,19,this.x1,7,class->block->constructor->block->block_content->expr_stmt->expr->name->name->operator->name
2,85,rectangle_java2.jpg,rectangle_java2.jpg,325107113,56,754.5178571428571,343.5964285714286,730.5,331,71,19,this.x1,7,class->block->constructor->block->block_content->expr_stmt->expr->name->name->operator->name
2,85,rectangle_java2.jpg,rectangle_java2.jpg,325363060,252,781.6807936507937,341.18904761904764,730.5,331,71,19,this.x1,7,class->block->constructor->block->block_content->expr_stmt->expr->name->name->operator->name
2,85,rectangle_java2.jpg,rectangle_java2.jpg,325755029,120,902.4786666666666,310.75666666666666,890.5,295,24,21,x1,2,class->block->constructor->parameter_list->parameter->decl->type->name
2,85,rectangle_java2.jpg,rectangle_java2.jpg,325919022,160,908.5435,298.54425,890.5,295,24,21,x1,2,class->block->constructor->parameter_list->parameter->decl->type->name
2,85,rectangle_java2.jpg,rectangle_java2.jpg,326458963,96,821.7416666666667,298.4241666666667,737.5,295,91,21,Rectangle,9,class->block->constructor->name
2,85,rectangle_java2.jpg,rectangle_java2.jpg,326570976,56,806.7864285714286,322.3778571428571,806.5,331,15,19,=,1,class->block->constructor->block->block_content->expr_stmt->expr->operator
2,85,rectangle_java2.jpg,rectangle_java2.jpg,327274789,284,935.1388732394366,315.52718309859154,939.5,295,33,21,int,3,class->block->constructor->parameter_list->parameter->decl->type->name
2,85,rectangle_java2.jpg,rectangle_java2.jpg,327670811,392,929.6117346938776,311.97591836734694,921.5,295,9,21,",",1,class->block->constructor->parameter_list
2,85,rectangle_java2.jpg,rectangle_java2.jpg,327670811,392,929.6117346938776,311.97591836734694,939.5,295,33,21,int,3,class->block->constructor->parameter_list->parameter->decl->type->name
2,85,rectangle_java2.jpg,rectangle_java2.jpg,327738846,64,919.788125,314.8825,921.5,295,9,21,",",1,class->block->constructor->parameter_list
2,85,rectangle_java2.jpg,rectangle_java2.jpg,328714884,204,935.5668627450981,311.50803921568627,939.5,295,33,21,int,3,class->block->constructor->parameter_list->parameter->decl->type->name
2,85,rectangle_java2.jpg,rectangle_java2.jpg,329434753,256,1014.65890625,315.31765625,1007.5,295,10,21,",",1,class->block->constructor->parameter_list
2,85,rectangle_java2.jpg,rectangle_java2.jpg,329434753,256,1014.65890625,315.31765625,1025.5,295,33,21,int,3,class->block->constructor->parameter_list->parameter->decl->type->name
2,85,rectangle_java2.jpg,rectangle_java2.jpg,331262631,96,775.8095833333333,439.71333333333337,730.5,440,71,21,this.y2,7,class->block->constructor->block->block_content->expr_stmt->expr->name->name->operator->name
2,85,rectangle_java2.jpg,rectangle_java2.jpg,331786624,132,822.0024242424242,399.6757575757576,826.5,404,23,19,x2,2,class->block->constructor->block->block_content->expr_stmt->expr->name->name
2,85,rectangle_java2.jpg,rectangle_java2.jpg,332002656,60,825.7666666666667,405.72266666666667,826.5,404,23,19,x2,2,class->block->constructor->block->block_content->expr_stmt->expr->name->name
2,85,rectangle_java2.jpg,rectangle_java2.jpg,332798335,432,763.5725925925926,433.17879629629624,730.5,440,71,21,this.y2,7,class->block->constructor->block->block_content->expr_stmt->expr->name->name->operator->name
2,85,rectangle_java2.jpg,rectangle_java2.jpg,332994405,72,799.37,386.03555555555556,730.5,367,71,21,this.y1,7,class->block->constructor->block->block_content->expr_stmt->expr->name->name->operator->name
2,85,rectangle_java2.jpg,rectangle_java2.jpg,332994405,72,799.37,386.03555555555556,806.5,367,15,21,=,1,class->block->constructor->block->block_content->expr_stmt->expr->operator
2,85,rectangle_java2.jpg,rectangle_java2.jpg,333554561,140,744.5997142857143,358.99114285714285,730.5,367,71,21,this.y1,7,class->block->constructor->block->block_content->expr_stmt->expr->name->name->operator->name
2,85,rectangle_java2.jpg,rectangle_java2.jpg,333650546,92,750.9378260869565,383.6213043478261,730.5,367,71,21,this.y1,7,class->block->constructor->block->block_content->expr_stmt->expr->name->name->operator->name
2,85,rectangle_java2.jpg,rectangle_java2.jpg,334258495,116,748.086551724138,378.12689655172414,730.5,367,71,21,this.y1,7,class->block->constructor->block->block_content->expr_stmt->expr->name->name->operator->name
2,85,rectangle_java2.jpg,rectangle_java2.jpg,334354478,92,748.3739130434783,373.6286956521739,730.5,367,71,21,this.y1,7,class->block->constructor->block->block_content->expr_stmt->expr->name->name->operator->name
2,85,rectangle_java2.jpg,rectangle_java2.jpg,334450467,92,753.52,385.5978260869565,730.5,367,71,21,this.y1,7,class->block->constructor->block->block_content->expr_stmt->expr->name->name->operator->name
2,85,rectangle_java2.jpg,rectangle_java2.jpg,334730255,252,720.0592063492063,416.7007936507937,730.5,404,71,19,this.x2,7,class->block->constructor->block->block_content->expr_stmt->expr->name->name->operator->name
2,85,rectangle_java2.jpg,rectangle_java2.jpg,335286375,60,736.3706666666667,460.02666666666664,730.5,440,71,21,this.y2,7,class->block->constructor->block->block_content->expr_stmt->expr->name->name->operator->name
2,85,rectangle_java2.jpg,rectangle_java2.jpg,335422357,80,781.4725,589.2225,737.5,585,62,21,double,6,class->block->function->type->name
2,85,rectangle_java2.jpg,rectangle_java2.jpg,335490350,64,770.623125,588.8325,737.5,585,62,21,double,6,class->block->function->type->name
2,85,rectangle_java2.jpg,rectangle_java2.jpg,335750342,156,697.7910256410256,579.253076923077,669.5,585,63,21,public,6,class->block->function->type->specifier
2,85,rectangle_java2.jpg,rectangle_java2.jpg,335986359,148,927.2554054054054,590.0289189189189,910.5,585,62,21,return,6,class->block->function->block->block_content->return
2,85,rectangle_java2.jpg,rectangle_java2.jpg,336126358,136,923.2520588235294,580.9917647058824,910.5,585,62,21,return,6,class->block->function->block->block_content->return
2,85,rectangle_java2.jpg,rectangle_java2.jpg,336438322,224,759.2775,617.1569642857143,738.5,621,61,21,static,6,class->block->function->type->specifier
2,85,rectangle_java2.jpg,rectangle_java2.jpg,336686291,156,858.5823076923077,623.0166666666667,851.5,621,44,21,main,4,class->block->function->name
2,85,rectangle_java2.jpg,rectangle_java2.jpg,336898257,160,1012.03,601.74975,977.5,585,101,21,this.width,10,class->block->function->block->block_content->return->expr->call->name->name->operator->name
2,85,rectangle_java2.jpg,rectangle_java2.jpg,336982225,80,1003.342,593.433,977.5,585,101,21,this.width,10,class->block->function->block->block_content->return->expr->call->name->name->operator->name
2,85,rectangle_java2.jpg,rectangle_java2.jpg,337234244,208,968.9665384615384,602.0998076923076,910.5,585,62,21,return,6,class->block->function->block->block_content->return
2,85,rectangle_java2.jpg,rectangle_java2.jpg,337234244,208,968.9665384615384,602.0998076923076,977.5,585,101,21,this.width,10,class->block->function->block->block_content->return->expr->call->name->name->operator->name
2,85,rectangle_java2.jpg,rectangle_java2.jpg,337310234,72,931.5538888888889,596.0305555555556,910.5,585,62,21,return,6,class->block->function->block->block_content->return
2,85,rectangle_java2.jpg,rectangle_java2.jpg,337414223,100,929.0724,594.72,910.5,585,62,21,return,6,class->block->function->block->block_content->return
2,85,rectangle_java2.jpg,rectangle_java2.jpg,337502221,68,990.6405882352941,599.8805882352941,977.5,585,101,21,this.width,10,class->block->function->block->block_content->return->expr->call->name->name->operator->name
2,85,rectangle_java2.jpg,rectangle_java2.jpg,338014178,60,1122.1066666666666,604.018,1122.5,585,12,21,*,1,class->block->function->block->block_content->return->expr->operator
2,85,rectangle_java2.jpg,rectangle_java2.jpg,338154196,76,986.4747368421052,603.7378947368421,977.5,585,101,21,this.width,10,class->block->function->block->block_content->return->expr->call->name->name->operator->name
2,85,rectangle_java2.jpg,rectangle_java2.jpg,338406221,212,909.2635849056604,565.9083018867924,900.5,549,63,21,return,6,class->block->function->block->block_content->return
2,85,rectangle_java2.jpg,rectangle_java2.jpg,338510043,100,880.0136,577.0728,873.5,585,9,21,),1,class->block->function->parameter_list
2,85,rectangle_java2.jpg,rectangle_java2.jpg,338802137,120,1151.0049999999999,591.7653333333333,1140.5,585,110,21,this.height,11,class->block->function->block->block_content->return->expr->call->name->name->operator->name
2,85,rectangle_java2.jpg,rectangle_java2.jpg,338950147,108,1082.2474074074073,599.8011111111111,1086.5,585,10,21,(,1,class->block->function->block->block_content->return->expr->call->argument_list
2,85,rectangle_java2.jpg,rectangle_java2.jpg,339214052,260,1082.0224615384616,596.6924615384615,1086.5,585,10,21,(,1,class->block->function->block->block_content->return->expr->call->argument_list
2,85,rectangle_java2.jpg,rectangle_java2.jpg,339402027,100,790.9644,634.0296,738.5,621,61,21,static,6,class->block->function->type->specifier
2,85,rectangle_java2.jpg,rectangle_java2.jpg,339645981,240,795.3841666666667,640.37,738.5,621,61,21,static,6,class->block->function->type->specifier
2,85,rectangle_java2.jpg,rectangle_java2.jpg,339645981,240,795.3841666666667,640.37,804.5,621,44,21,void,4,class->block->function->type->name
2,85,rectangle_java2.jpg,rectangle_java2.jpg,340421800,152,1013.9660526315789,632.2823684210526,1007.5,621,10,21,],1,class->block->function->parameter_list->parameter->decl->type->name->index
2,85,rectangle_java2.jpg,rectangle_java2.jpg,340421800,152,1013.9660526315789,632.2823684210526,1025.5,621,42,21,args,4,class->block->function->parameter_list->parameter->decl->name
2,85,rectangle_java2.jpg,rectangle_java2.jpg,340685901,96,823.8383333333334,652.4191666666667,826.5,658,52,20,rect1,5,class->block->function->block->block_content->decl_stmt->decl->name
2,85,rectangle_java2.jpg,rectangle_java2.jpg,340917945,140,924.4077142857143,619.932,920.5,621,62,21,String,6,class->block->function->parameter_list->parameter->decl->type->name->name
2,85,rectangle_java2.jpg,rectangle_java2.jpg,341186049,148,792.2551351351351,702.5218918918919,730.5,694,177,21,System.out.println,18,class->block->function->block->block_content->expr_stmt->expr->call->name->name->operator->name->operator->name
2,85,rectangle_java2.jpg,rectangle_java2.jpg,341310032,84,721.1261904761905,692.7523809523809,730.5,694,177,21,System.out.println,18,class->block->function->block->block_content->expr_stmt->expr->call->name->name->operator->name->operator->name
2,85,rectangle_java2.jpg,rectangle_java2.jpg,341438009,124,729.8935483870968,696.3996774193548,730.5,694,177,21,System.out.println,18,class->block->function->block->block_content->expr_stmt->expr->call->name->name->operator->name->operator->name
2,85,rectangle_java2.jpg,rectangle_java2.jpg,341633989,148,953.597027027027,713.0254054054054,932.5,694,100,21,rect1.area,10,class->block->function->block->block_content->expr_stmt->expr->call->argument_list->argument->expr->call->name->name->operator->name
2,85,rectangle_java2.jpg,rectangle_java2.jpg,343705831,148,768.5154054054054,779.0283783783784,730.5,766,177,21,System.out.println,18,class->block->function->block->block_content->expr_stmt->expr->call->name->name->operator->name->operator->name
2,85,rectangle_java2.jpg,rectangle_java2.jpg,343881857,132,919.9415151515152,779.2993939393939,916.5,766,9,21,(,1,class->block->function->block->block_content->expr_stmt->expr->call->argument_list
2,85,rectangle_java2.jpg,rectangle_java2.jpg,344169768,96,922.66875,776.4879166666667,916.5,766,9,21,(,1,class->block->function->block->block_content->expr_stmt->expr->call->argument_list
2,85,rectangle_java2.jpg,rectangle_java2.jpg,344169768,96,922.66875,776.4879166666667,932.5,766,100,21,rect2.area,10,class->block->function->block->block_content->expr_stmt->expr->call->argument_list->argument->expr->call->name->name->operator->name
2,85,rectangle_java2.jpg,rectangle_java2.jpg,344369654,104,826.1146153846154,768.9888461538461,730.5,766,177,21,System.out.println,18,class->block->function->block->block_content->expr_stmt->expr->call->name->name->operator->name->operator->name
2,85,rectangle_java2.jpg,rectangle_java2.jpg,344521673,148,834.0975675675676,777.0078378378379,730.5,766,177,21,System.out.println,18,class->block->function->block->block_content->expr_stmt->expr->call->name->name->operator->name->operator->name
2,85,rectangle_java2.jpg,rectangle_java2.jpg,345017697,68,926.4564705882353,706.6864705882352,932.5,694,100,21,rect1.area,10,class->block->function->block->block_content->expr_stmt->expr->call->argument_list->argument->expr->call->name->name->operator->name
2,85,rectangle_java2.jpg,rectangle_java2.jpg,345217690,112,756.0296428571429,563.1085714285714,737.5,549,33,21,int,3,class->block->function->type->name
2,85,rectangle_java2.jpg,rectangle_java2.jpg,345405702,184,758.4710869565217,575.9982608695652,737.5,585,62,21,double,6,class->block->function->type->name
2,85,rectangle_java2.jpg,rectangle_java2.jpg,345697706,152,883.0252631578948,556.0957894736842,883.5,549,10,21,{,1,class->block->function->block
2,85,rectangle_java2.jpg,rectangle_java2.jpg,345889518,168,670.8728571428571,557.5666666666667,669.5,549,63,21,public,6,class->block->function->type->specifier
2,85,rectangle_java2.jpg,rectangle_java2.jpg,345953462,60,677.9373333333333,561.6313333333334,669.5,549,63,21,public,6,class->block->function->type->specifier
2,85,rectangle_java2.jpg,rectangle_java2.jpg,346169389,152,833.1044736842106,564.3986842105263,775.5,549,62,21,height,6,class->block->function->name
2,85,rectangle_java2.jpg,rectangle_java2.jpg,346261464,88,829.5231818181818,561.2395454545455,775.5,549,62,21,height,6,class->block->function->name
2,85,rectangle_java2.jpg,rectangle_java2.jpg,346537618,96,914.9825,581.23875,910.5,585,62,21,return,6,class->block->function->block->block_content->return
2,85,rectangle_java2.jpg,rectangle_java2.jpg,346745614,144,946.3136111111111,737.9711111111111,941.5,731,91,20,Rectangle,9,class->block->function->block->block_content->decl_stmt->decl->init->expr->call->name
2,85,rectangle_java2.jpg,rectangle_java2.jpg,346817594,68,954.6441176470588,731.4635294117647,941.5,731,91,20,Rectangle,9,class->block->function->block->block_content->decl_stmt->decl->init->expr->call->name
2,85,rectangle_java2.jpg,rectangle_java2.jpg,346917567,96,941.9191666666667,760.0858333333333,932.5,766,100,21,rect2.area,10,class->block->function->block->block_content->expr_stmt->expr->call->argument_list->argument->expr->call->name->name->operator->name
2,85,rectangle_java2.jpg,rectangle_java2.jpg,347057571,136,935.105,763.2005882352942,932.5,766,100,21,rect2.area,10,class->block->function->block->block_content->expr_stmt->expr->call->argument_list->argument->expr->call->name->name->operator->name
2,85,rectangle_java2.jpg,rectangle_java2.jpg,347297598,172,809.5416279069767,765.3281395348837,730.5,766,177,21,System.out.println,18,class->block->function->block->block_content->expr_stmt->expr->call->name->name->operator->name->operator->name
2,85,rectangle_java2.jpg,rectangle_java2.jpg,347421584,120,811.5286666666666,765.1413333333334,730.5,766,177,21,System.out.println,18,class->block->function->block->block_content->expr_stmt->expr->call->name->name->operator->name->operator->name
2,85,rectangle_java2.jpg,rectangle_java2.jpg,347525577,56,885.3271428571429,770.5192857142857,730.5,766,177,21,System.out.println,18,class->block->function->block->block_content->expr_stmt->expr->call->name->name->operator->name->operator->name
2,85,rectangle_java2.jpg,rectangle_java2.jpg,347869560,340,891.300705882353,772.3911764705882,730.5,766,177,21,System.out.println,18,class->block->function->block->block_content->expr_stmt->expr->call->name->name->operator->name->operator->name
2,85,rectangle_java2.jpg,rectangle_java2.jpg,348057521,184,890.1226086956522,758.700652173913,730.5,766,177,21,System.out.println,18,class->block->function->block->block_content->expr_stmt->expr->call->name->name->operator->name->operator->name
2,85,rectangle_java2.jpg,rectangle_java2.jpg,348141461,80,887.013,757.8925,730.5,766,177,21,System.out.println,18,class->block->function->block->block_content->expr_stmt->expr->call->name->name->operator->name->operator->name
2,85,rectangle_java2.jpg,rectangle_java2.jpg,348213440,68,887.7776470588235,769.574705882353,730.5,766,177,21,System.out.println,18,class->block->function->block->block_content->expr_stmt->expr->call->name->name->operator->name->operator->name
2,85,rectangle_java2.jpg,rectangle_java2.jpg,348477464,212,813.0724528301887,768.6041509433962,730.5,766,177,21,System.out.println,18,class->block->function->block->block_content->expr_stmt->expr->call->name->name->operator->name->operator->name
2,85,rectangle_java2.jpg,rectangle_java2.jpg,348713437,72,915.0438888888889,768.2511111111111,916.5,766,9,21,(,1,class->block->function->block->block_content->expr_stmt->expr->call->argument_list
2,85,rectangle_java2.jpg,rectangle_java2.jpg,352017144,88,793.4763636363637,422.3772727272727,730.5,404,71,19,this.x2,7,class->block->constructor->block->block_content->expr_stmt->expr->name->name->operator->name
2,85,rectangle_java2.jpg,rectangle_java2.jpg,355609031,112,795.1296428571428,707.2989285714285,730.5,694,177,21,System.out.println,18,class->block->function->block->block_content->expr_stmt->expr->call->name->name->operator->name->operator->name
2,85,rectangle_java2.jpg,rectangle_java2.jpg,355756927,64,1042.7,660.69625,1041.5,658,9,20,(,1,class->block->function->block->block_content->decl_stmt->decl->init->expr->call->argument_list
2,85,rectangle_java2.jpg,rectangle_java2.jpg,355844866,84,1042.5766666666666,649.9185714285715,1041.5,658,9,20,(,1,class->block->function->block->block_content->decl_stmt->decl->init->expr->call->argument_list
2,85,rectangle_java2.jpg,rectangle_java2.jpg,355908836,60,1033.1546666666666,649.3573333333334,1041.5,658,9,20,(,1,class->block->function->block->block_content->decl_stmt->decl->init->expr->call->argument_list
2,85,rectangle_java2.jpg,rectangle_java2.jpg,356140864,192,910.9085416666667,736.6716666666666,902.5,731,34,20,new,3,class->block->function->block->block_content->decl_stmt->decl->init->expr->operator
2,85,rectangle_java2.jpg,rectangle_java2.jpg,356296881,92,813.7278260869565,712.9582608695653,730.5,694,177,21,System.out.println,18,class->block->function->block->block_content->expr_stmt->expr->call->name->name->operator->name->operator->name
2,85,rectangle_java2.jpg,rectangle_java2.jpg,356392884,68,1134.3876470588236,722.5770588235295,1134.5,731,22,20,10,2,class->block->function->block->block_content->decl_stmt->decl->init->expr->call->argument_list->argument->expr->literal
2,85,rectangle_java2.jpg,rectangle_java2.jpg,356504897,108,1145.7214814814815,723.9988888888889,1134.5,731,22,20,10,2,class->block->function->block->block_content->decl_stmt->decl->init->expr->call->argument_list->argument->expr->literal
2,85,rectangle_java2.jpg,rectangle_java2.jpg,357252900,156,840.6674358974359,726.7953846153846,826.5,731,51,20,rect2,5,class->block->function->block->block_content->decl_stmt->decl->name
2,85,rectangle_java2.jpg,rectangle_java2.jpg,357744711,68,910.1076470588235,731.8594117647059,902.5,731,34,20,new,3,class->block->function->block->block_content->decl_stmt->decl->init->expr->operator
2,85,rectangle_java2.jpg,rectangle_java2.jpg,357884734,136,919.2426470588235,727.1088235294118,902.5,731,34,20,new,3,class->block->function->block->block_content->decl_stmt->decl->init->expr->operator
2,85,rectangle_java2.jpg,rectangle_java2.jpg,358068731,140,848.5477142857143,706.196,730.5,694,177,21,System.out.println,18,class->block->function->block->block_content->expr_stmt->expr->call->name->name->operator->name->operator->name
2,85,rectangle_java2.jpg,rectangle_java2.jpg,358268748,196,851.2804081632653,694.7569387755102,730.5,694,177,21,System.out.println,18,class->block->function->block->block_content->expr_stmt->expr->call->name->name->operator->name->operator->name
2,85,rectangle_java2.jpg,rectangle_java2.jpg,358412772,140,853.0954285714286,690.6002857142857,730.5,694,177,21,System.out.println,18,class->block->function->block->block_content->expr_stmt->expr->call->name->name->operator->name->operator->name
2,85,rectangle_java2.jpg,rectangle_java2.jpg,358684785,172,1030.8827906976744,690.4693023255813,932.5,694,100,21,rect1.area,10,class->block->function->block->block_content->expr_stmt->expr->call->argument_list->argument->expr->call->name->name->operator->name
2,85,rectangle_java2.jpg,rectangle_java2.jpg,358684785,172,1030.8827906976744,690.4693023255813,1041.5,694,9,21,(,1,class->block->function->block->block_content->expr_stmt->expr->call->argument_list->argument->expr->call->argument_list
2,85,rectangle_java2.jpg,rectangle_java2.jpg,358908788,220,1034.3763636363637,687.1467272727273,1041.5,694,9,21,(,1,class->block->function->block->block_content->expr_stmt->expr->call->argument_list->argument->expr->call->argument_list
2,85,rectangle_java2.jpg,rectangle_java2.jpg,358972785,60,1041.974,698.2953333333334,1041.5,694,9,21,(,1,class->block->function->block->block_content->expr_stmt->expr->call->argument_list->argument->expr->call->argument_list
2,85,rectangle_java2.jpg,rectangle_java2.jpg,359392732,72,1067.6622222222222,660.1205555555556,1057.5,658,13,20,0,1,class->block->function->block->block_content->decl_stmt->decl->init->expr->call->argument_list->argument->expr->literal
2,85,rectangle_java2.jpg,rectangle_java2.jpg,359392732,72,1067.6622222222222,660.1205555555556,1077.5,658,9,20,",",1,class->block->function->block->block_content->decl_stmt->decl->init->expr->call->argument_list
2,85,rectangle_java2.jpg,rectangle_java2.jpg,359508685,112,1067.0357142857142,674.1471428571429,1057.5,658,13,20,0,1,class->block->function->block->block_content->decl_stmt->decl->init->expr->call->argument_list->argument->expr->literal
2,85,rectangle_java2.jpg,rectangle_java2.jpg,359508685,112,1067.0357142857142,674.1471428571429,1077.5,658,9,20,",",1,class->block->function->block->block_content->decl_stmt->decl->init->expr->call->argument_list
2,85,rectangle_java2.jpg,rectangle_java2.jpg,359668641,136,1013.0417647058823,670.5526470588235,941.5,658,91,20,Rectangle,9,class->block->function->block->block_content->decl_stmt->decl->init->expr->call->name
2,85,rectangle_java2.jpg,rectangle_java2.jpg,359788621,116,1017.6489655172413,669.5751724137931,941.5,658,91,20,Rectangle,9,class->block->function->block->block_content->decl_stmt->decl->init->expr->call->name
2,85,rectangle_java2.jpg,rectangle_java2.jpg,359940629,104,1084.1615384615384,669.6315384615384,1077.5,658,9,20,",",1,class->block->function->block->block_content->decl_stmt->decl->init->expr->call->argument_list
2,85,rectangle_java2.jpg,rectangle_java2.jpg,359940629,104,1084.1615384615384,669.6315384615384,1095.5,658,13,20,0,1,class->block->function->block->block_content->decl_stmt->decl->init->expr->call->argument_list->argument->expr->literal
2,85,rectangle_java2.jpg,rectangle_java2.jpg,360064633,92,826.4426086956522,692.2852173913044,730.5,694,177,21,System.out.println,18,class->block->function->block->block_content->expr_stmt->expr->call->name->name->operator->name->operator->name
2,85,rectangle_java2.jpg,rectangle_java2.jpg,360184635,116,822.364827586207,700.3641379310345,730.5,694,177,21,System.out.println,18,class->block->function->block->block_content->expr_stmt->expr->call->name->name->operator->name->operator->name
2,85,rectangle_java2.jpg,rectangle_java2.jpg,360368582,116,741.9327586206897,363.7831034482759,730.5,367,71,21,this.y1,7,class->block->constructor->block->block_content->expr_stmt->expr->name->name->operator->name
2,85,rectangle_java2.jpg,rectangle_java2.jpg,360432582,60,735.4386666666667,380.25733333333335,730.5,367,71,21,this.y1,7,class->block->constructor->block->block_content->expr_stmt->expr->name->name->operator->name
2,85,rectangle_java2.jpg,rectangle_java2.jpg,360616612,148,783.4672972972973,446.5516216216216,730.5,440,71,21,this.y2,7,class->block->constructor->block->block_content->expr_stmt->expr->name->name->operator->name
2,85,rectangle_java2.jpg,rectangle_java2.jpg,360844641,140,1066.028857142857,722.1774285714285,1057.5,731,13,20,5,1,class->block->function->block->block_content->decl_stmt->decl->init->expr->call->argument_list->argument->expr->literal
2,85,rectangle_java2.jpg,rectangle_java2.jpg,360844641,140,1066.028857142857,722.1774285714285,1077.5,731,9,20,",",1,class->block->function->block->block_content->decl_stmt->decl->init->expr->call->argument_list
2,85,rectangle_java2.jpg,rectangle_java2.jpg,360920642,72,1061.7072222222223,723.8772222222223,1057.5,731,13,20,5,1,class->block->function->block->block_content->decl_stmt->decl->init->expr->call->argument_list->argument->expr->literal
2,85,rectangle_java2.jpg,rectangle_java2.jpg,361076625,124,817.461935483871,774.8283870967742,730.5,766,177,21,System.out.println,18,class->block->function->block->block_content->expr_stmt->expr->call->name->name->operator->name->operator->name
2,85,rectangle_java2.jpg,rectangle_java2.jpg,361248531,168,819.6654761904762,776.2688095238095,730.5,766,177,21,System.out.println,18,class->block->function->block->block_content->expr_stmt->expr->call->name->name->operator->name->operator->name
2,85,rectangle_java2.jpg,rectangle_java2.jpg,361324414,72,819.9033333333333,782.6205555555556,730.5,766,177,21,System.out.println,18,class->block->function->block->block_content->expr_stmt->expr->call->name->name->operator->name->operator->name
2,85,rectangle_java2.jpg,rectangle_java2.jpg,361668458,284,897.327323943662,768.666338028169,730.5,766,177,21,System.out.println,18,class->block->function->block->block_content->expr_stmt->expr->call->name->name->operator->name->operator->name
2,85,rectangle_java2.jpg,rectangle_java2.jpg,361880531,148,813.4264864864865,605.405945945946,804.5,585,43,21,area,4,class->block->function->name
2,85,rectangle_java2.jpg,rectangle_java2.jpg,361960540,76,816.1868421052632,600.1563157894736,804.5,585,43,21,area,4,class->block->function->name
2,85,rectangle_java2.jpg,rectangle_java2.jpg,362780497,120,751.126,577.58,737.5,585,62,21,double,6,class->block->function->type->name
2,85,rectangle_java2.jpg,rectangle_java2.jpg,362876493,92,753.7208695652174,590.8195652173913,737.5,585,62,21,double,6,class->block->function->type->name
