trial,participant,code_file,code_language,timestamp,duration,x_cord,y_cord,aoi_x,aoi_y,aoi_width,aoi_height,token,length,srcML
2,89,rectangle_java2.jpg,rectangle_java2.jpg,1013532216,56,767.3678571428571,211.3542857142857,715.5,222,90,21,Rectangle,9,class->name
2,89,rectangle_java2.jpg,rectangle_java2.jpg,1013616207,80,765.7125,214.64350000000002,715.5,222,90,21,Rectangle,9,class->name
2,89,rectangle_java2.jpg,rectangle_java2.jpg,1019819833,120,789.509,209.89499999999998,715.5,222,90,21,Rectangle,9,class->name
2,89,rectangle_java2.jpg,rectangle_java2.jpg,1021979601,80,745.8115,273.016,747.5,259,33,21,int,3,class->block->decl_stmt->decl->type->name
2,89,rectangle_java2.jpg,rectangle_java2.jpg,1022063637,80,740.1705,259.2175,669.5,259,72,21,private,7,class->block->decl_stmt->decl->type->specifier
2,89,rectangle_java2.jpg,rectangle_java2.jpg,1022063637,80,740.1705,259.2175,747.5,259,33,21,int,3,class->block->decl_stmt->decl->type->name
2,89,rectangle_java2.jpg,rectangle_java2.jpg,1022527663,236,817.9113559322034,249.09966101694914,815.5,259,10,21,",",1,class->block->decl_stmt
2,89,rectangle_java2.jpg,rectangle_java2.jpg,1022635628,104,816.0388461538462,239.5176923076923,813.5,222,10,21,{,1,class->block
2,89,rectangle_java2.jpg,rectangle_java2.jpg,1025555454,56,810.8421428571429,264.11,815.5,259,10,21,",",1,class->block->decl_stmt
2,89,rectangle_java2.jpg,rectangle_java2.jpg,1025719473,160,797.9345,275.42175,785.5,259,23,21,x1,2,class->block->decl_stmt->decl->name
2,89,rectangle_java2.jpg,rectangle_java2.jpg,1025843507,68,830.5111764705882,284.2429411764706,837.5,295,9,21,(,1,class->block->constructor->parameter_list
2,89,rectangle_java2.jpg,rectangle_java2.jpg,1026055461,208,842.4634615384615,287.04788461538465,837.5,295,9,21,(,1,class->block->constructor->parameter_list
2,89,rectangle_java2.jpg,rectangle_java2.jpg,1026055461,208,842.4634615384615,287.04788461538465,853.5,295,32,21,int,3,class->block->constructor->parameter_list->parameter->decl->type->name
2,89,rectangle_java2.jpg,rectangle_java2.jpg,1026131452,72,857.6522222222222,278.8172222222222,863.5,259,10,21,",",1,class->block->decl_stmt
2,89,rectangle_java2.jpg,rectangle_java2.jpg,1026243438,108,859.7222222222222,270.8696296296296,863.5,259,10,21,",",1,class->block->decl_stmt
2,89,rectangle_java2.jpg,rectangle_java2.jpg,1026327356,80,872.5305,264.402,863.5,259,10,21,",",1,class->block->decl_stmt
2,89,rectangle_java2.jpg,rectangle_java2.jpg,1026327356,80,872.5305,264.402,881.5,259,23,21,x2,2,class->block->decl_stmt->decl->name
2,89,rectangle_java2.jpg,rectangle_java2.jpg,1026455204,124,869.5425806451613,282.66483870967744,853.5,295,32,21,int,3,class->block->constructor->parameter_list->parameter->decl->type->name
2,89,rectangle_java2.jpg,rectangle_java2.jpg,1026683240,88,857.3422727272728,270.0581818181818,863.5,259,10,21,",",1,class->block->decl_stmt
2,89,rectangle_java2.jpg,rectangle_java2.jpg,1026775366,88,880.0909090909091,274.3109090909091,881.5,259,23,21,x2,2,class->block->decl_stmt->decl->name
2,89,rectangle_java2.jpg,rectangle_java2.jpg,1026867402,68,950.5711764705883,264.6511764705882,929.5,259,23,21,y2,2,class->block->decl_stmt->decl->name
2,89,rectangle_java2.jpg,rectangle_java2.jpg,1026867402,68,950.5711764705883,264.6511764705882,959.5,259,10,21,;,1,class->block->decl_stmt
2,89,rectangle_java2.jpg,rectangle_java2.jpg,1027023377,152,940.0297368421053,278.20947368421054,929.5,259,23,21,y2,2,class->block->decl_stmt->decl->name
2,89,rectangle_java2.jpg,rectangle_java2.jpg,1027183306,92,869.065652173913,287.40478260869565,853.5,295,32,21,int,3,class->block->constructor->parameter_list->parameter->decl->type->name
2,89,rectangle_java2.jpg,rectangle_java2.jpg,1027603369,252,815.9923809523809,326.22333333333336,806.5,331,15,19,=,1,class->block->constructor->block->block_content->expr_stmt->expr->operator
2,89,rectangle_java2.jpg,rectangle_java2.jpg,1027603369,252,815.9923809523809,326.22333333333336,826.5,331,23,19,x1,2,class->block->constructor->block->block_content->expr_stmt->expr->name->name
2,89,rectangle_java2.jpg,rectangle_java2.jpg,1027915376,224,850.7507142857143,320.91821428571427,856.5,331,10,19,;,1,class->block->constructor->block->block_content->expr_stmt
2,89,rectangle_java2.jpg,rectangle_java2.jpg,1028047348,128,858.4771875,325.893125,856.5,331,10,19,;,1,class->block->constructor->block->block_content->expr_stmt
2,89,rectangle_java2.jpg,rectangle_java2.jpg,1028339234,216,889.245,308.48925925925926,890.5,295,24,21,x1,2,class->block->constructor->parameter_list->parameter->decl->type->name
2,89,rectangle_java2.jpg,rectangle_java2.jpg,1028531201,60,792.0053333333333,361.88466666666665,730.5,367,71,21,this.y1,7,class->block->constructor->block->block_content->expr_stmt->expr->name->name->operator->name
2,89,rectangle_java2.jpg,rectangle_java2.jpg,1028803174,176,832.0420454545455,361.61045454545456,826.5,367,23,21,y1,2,class->block->constructor->block->block_content->expr_stmt->expr->name->name
2,89,rectangle_java2.jpg,rectangle_java2.jpg,1029823156,156,824.1258974358974,384.19589743589745,826.5,367,23,21,y1,2,class->block->constructor->block->block_content->expr_stmt->expr->name->name
2,89,rectangle_java2.jpg,rectangle_java2.jpg,1031147029,168,745.7847619047619,506.80642857142857,737.5,512,33,21,int,3,class->block->function->type->name
2,89,rectangle_java2.jpg,rectangle_java2.jpg,1033462902,204,1010.0554901960784,503.27803921568625,958.5,512,71,21,this.x2,7,class->block->function->block->block_content->return->expr->name->name->operator->name->operator
2,89,rectangle_java2.jpg,rectangle_java2.jpg,1033854879,104,858.041923076923,543.9196153846153,863.5,549,9,21,),1,class->block->function->parameter_list
2,89,rectangle_java2.jpg,rectangle_java2.jpg,1034190804,196,791.0536734693877,539.6244897959184,775.5,549,62,21,height,6,class->block->function->name
2,89,rectangle_java2.jpg,rectangle_java2.jpg,1034434880,192,872.450625,537.5783333333334,863.5,549,9,21,),1,class->block->function->parameter_list
2,89,rectangle_java2.jpg,rectangle_java2.jpg,1034434880,192,872.450625,537.5783333333334,883.5,549,10,21,{,1,class->block->function->block
2,89,rectangle_java2.jpg,rectangle_java2.jpg,1034678820,240,866.3091666666667,545.9516666666667,863.5,549,9,21,),1,class->block->function->parameter_list
2,89,rectangle_java2.jpg,rectangle_java2.jpg,1034898821,68,937.7611764705882,525.9358823529412,891.5,512,62,21,return,6,class->block->function->block->block_content->return->expr->name->name
2,89,rectangle_java2.jpg,rectangle_java2.jpg,1035258749,356,940.7238202247191,525.0131460674157,891.5,512,62,21,return,6,class->block->function->block->block_content->return->expr->name->name
2,89,rectangle_java2.jpg,rectangle_java2.jpg,1035362791,76,988.9836842105263,546.3142105263158,968.5,549,70,21,this.y2,7,class->block->function->block->block_content->return->expr->name->name->operator->name
2,89,rectangle_java2.jpg,rectangle_java2.jpg,1035446805,80,988.3555,543.783,968.5,549,70,21,this.y2,7,class->block->function->block->block_content->return->expr->name->name->operator->name
2,89,rectangle_java2.jpg,rectangle_java2.jpg,1035674782,184,1049.4960869565218,554.0354347826087,1045.5,549,13,21,-,1,class->block->function->block->block_content->return->expr->operator
2,89,rectangle_java2.jpg,rectangle_java2.jpg,1035746756,68,1063.530588235294,545.3329411764706,1064.5,549,71,21,this.y1,7,class->block->function->block->block_content->return->expr->name->name->operator->name
2,89,rectangle_java2.jpg,rectangle_java2.jpg,1035846694,96,1063.43125,538.2733333333333,1064.5,549,71,21,this.y1,7,class->block->function->block->block_content->return->expr->name->name->operator->name
2,89,rectangle_java2.jpg,rectangle_java2.jpg,1035914597,64,1054.87375,551.675625,1045.5,549,13,21,-,1,class->block->function->block->block_content->return->expr->operator
2,89,rectangle_java2.jpg,rectangle_java2.jpg,1035914597,64,1054.87375,551.675625,1064.5,549,71,21,this.y1,7,class->block->function->block->block_content->return->expr->name->name->operator->name
2,89,rectangle_java2.jpg,rectangle_java2.jpg,1036270592,292,1166.0720547945205,551.3915068493151,1161.5,549,10,21,},1,class->block->function->block
2,89,rectangle_java2.jpg,rectangle_java2.jpg,1036582629,92,1150.1917391304348,537.0917391304348,1142.5,549,10,21,;,1,class->block->function->block->block_content->return
2,89,rectangle_java2.jpg,rectangle_java2.jpg,1036582629,92,1150.1917391304348,537.0917391304348,1161.5,549,10,21,},1,class->block->function->block
2,89,rectangle_java2.jpg,rectangle_java2.jpg,1037646719,56,898.8842857142857,579.0457142857143,893.5,585,10,21,{,1,class->block->function->block
2,89,rectangle_java2.jpg,rectangle_java2.jpg,1037646719,56,898.8842857142857,579.0457142857143,910.5,585,62,21,return,6,class->block->function->block->block_content->return
2,89,rectangle_java2.jpg,rectangle_java2.jpg,1037806526,156,890.5664102564102,583.3405128205128,893.5,585,10,21,{,1,class->block->function->block
2,89,rectangle_java2.jpg,rectangle_java2.jpg,1038002427,192,860.1529166666667,587.2422916666667,856.5,585,9,21,(,1,class->block->function->parameter_list
2,89,rectangle_java2.jpg,rectangle_java2.jpg,1038138464,132,848.920303030303,578.11,856.5,585,9,21,(,1,class->block->function->parameter_list
2,89,rectangle_java2.jpg,rectangle_java2.jpg,1038398559,208,927.4663461538462,576.325,910.5,585,62,21,return,6,class->block->function->block->block_content->return
2,89,rectangle_java2.jpg,rectangle_java2.jpg,1038502661,100,932.8148,568.0476,900.5,549,63,21,return,6,class->block->function->block->block_content->return
2,89,rectangle_java2.jpg,rectangle_java2.jpg,1038614639,108,919.795925925926,579.5944444444444,910.5,585,62,21,return,6,class->block->function->block->block_content->return
2,89,rectangle_java2.jpg,rectangle_java2.jpg,1038694549,76,922.1394736842105,598.0757894736843,910.5,585,62,21,return,6,class->block->function->block->block_content->return
2,89,rectangle_java2.jpg,rectangle_java2.jpg,1038934518,204,1057.7909803921568,584.08,977.5,585,101,21,this.width,10,class->block->function->block->block_content->return->expr->call->name->name->operator->name
2,89,rectangle_java2.jpg,rectangle_java2.jpg,1039034535,96,1047.4766666666667,577.505,977.5,585,101,21,this.width,10,class->block->function->block->block_content->return->expr->call->name->name->operator->name
2,89,rectangle_java2.jpg,rectangle_java2.jpg,1039202535,128,1104.675625,572.988125,1103.5,585,9,21,),1,class->block->function->block->block_content->return->expr->call->argument_list
2,89,rectangle_java2.jpg,rectangle_java2.jpg,1039338556,132,1106.8663636363638,563.2669696969697,1064.5,549,71,21,this.y1,7,class->block->function->block->block_content->return->expr->name->name->operator->name
2,89,rectangle_java2.jpg,rectangle_java2.jpg,1039546531,140,897.7185714285714,587.2777142857143,893.5,585,10,21,{,1,class->block->function->block
2,89,rectangle_java2.jpg,rectangle_java2.jpg,1039614492,64,899.768125,589.06625,893.5,585,10,21,{,1,class->block->function->block
2,89,rectangle_java2.jpg,rectangle_java2.jpg,1039614492,64,899.768125,589.06625,910.5,585,62,21,return,6,class->block->function->block->block_content->return
2,89,rectangle_java2.jpg,rectangle_java2.jpg,1039762373,120,796.978,622.1556666666667,738.5,621,61,21,static,6,class->block->function->type->specifier
2,89,rectangle_java2.jpg,rectangle_java2.jpg,1039762373,120,796.978,622.1556666666667,804.5,621,44,21,void,4,class->block->function->type->name
2,89,rectangle_java2.jpg,rectangle_java2.jpg,1039946358,180,805.4617777777778,612.5437777777778,804.5,621,44,21,void,4,class->block->function->type->name
2,89,rectangle_java2.jpg,rectangle_java2.jpg,1040014353,64,810.425625,622.004375,804.5,621,44,21,void,4,class->block->function->type->name
2,89,rectangle_java2.jpg,rectangle_java2.jpg,1040302334,260,869.3649230769231,657.5429230769231,826.5,658,52,20,rect1,5,class->block->function->block->block_content->decl_stmt->decl->name
2,89,rectangle_java2.jpg,rectangle_java2.jpg,1040522345,172,941.8946511627908,663.5497674418605,941.5,658,91,20,Rectangle,9,class->block->function->block->block_content->decl_stmt->decl->init->expr->call->name
2,89,rectangle_java2.jpg,rectangle_java2.jpg,1040686411,160,926.39575,662.3845,902.5,658,34,20,new,3,class->block->function->block->block_content->decl_stmt->decl->init->expr->operator
2,89,rectangle_java2.jpg,rectangle_java2.jpg,1040758439,68,925.8629411764706,648.93,902.5,658,34,20,new,3,class->block->function->block->block_content->decl_stmt->decl->init->expr->operator
2,89,rectangle_java2.jpg,rectangle_java2.jpg,1040854429,92,991.0600000000001,658.8826086956522,941.5,658,91,20,Rectangle,9,class->block->function->block->block_content->decl_stmt->decl->init->expr->call->name
2,89,rectangle_java2.jpg,rectangle_java2.jpg,1040966411,108,996.1296296296297,657.2877777777778,941.5,658,91,20,Rectangle,9,class->block->function->block->block_content->decl_stmt->decl->init->expr->call->name
2,89,rectangle_java2.jpg,rectangle_java2.jpg,1041222440,216,1093.808888888889,647.1746296296296,1095.5,658,13,20,0,1,class->block->function->block->block_content->decl_stmt->decl->init->expr->call->argument_list->argument->expr->literal
2,89,rectangle_java2.jpg,rectangle_java2.jpg,1041402435,176,1093.8552272727272,637.5925,1094.5,621,10,21,{,1,class->block->function->block
2,89,rectangle_java2.jpg,rectangle_java2.jpg,1041622292,112,1054.7896428571428,655.8821428571429,1057.5,658,13,20,0,1,class->block->function->block->block_content->decl_stmt->decl->init->expr->call->argument_list->argument->expr->literal
2,89,rectangle_java2.jpg,rectangle_java2.jpg,1042074236,184,1132.429347826087,647.6636956521739,1134.5,658,22,20,10,2,class->block->function->block->block_content->decl_stmt->decl->init->expr->call->argument_list->argument->expr->literal
2,89,rectangle_java2.jpg,rectangle_java2.jpg,1042346198,228,1077.0861403508773,647.3921052631579,1077.5,658,9,20,",",1,class->block->function->block->block_content->decl_stmt->decl->init->expr->call->argument_list
2,89,rectangle_java2.jpg,rectangle_java2.jpg,1042494264,112,882.6475,652.0525,883.5,658,15,20,=,1,class->block->function->block->block_content->decl_stmt->decl->init
2,89,rectangle_java2.jpg,rectangle_java2.jpg,1042618313,72,883.1494444444445,676.73,883.5,658,15,20,=,1,class->block->function->block->block_content->decl_stmt->decl->init
2,89,rectangle_java2.jpg,rectangle_java2.jpg,1042902309,248,1075.5562903225807,657.8812903225806,1077.5,658,9,20,",",1,class->block->function->block->block_content->decl_stmt->decl->init->expr->call->argument_list
2,89,rectangle_java2.jpg,rectangle_java2.jpg,1043026299,92,1133.7291304347825,650.2513043478261,1134.5,658,22,20,10,2,class->block->function->block->block_content->decl_stmt->decl->init->expr->call->argument_list->argument->expr->literal
2,89,rectangle_java2.jpg,rectangle_java2.jpg,1043578085,196,1199.028775510204,651.3383673469388,1182.5,658,22,20,10,2,class->block->function->block->block_content->decl_stmt->decl->init->expr->call->argument_list->argument->expr->literal
2,89,rectangle_java2.jpg,rectangle_java2.jpg,1043578085,196,1199.028775510204,651.3383673469388,1211.5,658,9,20,),1,class->block->function->block->block_content->decl_stmt->decl->init->expr->call->argument_list
2,89,rectangle_java2.jpg,rectangle_java2.jpg,1044158137,224,1017.3510714285715,649.9346428571429,941.5,658,91,20,Rectangle,9,class->block->function->block->block_content->decl_stmt->decl->init->expr->call->name
2,89,rectangle_java2.jpg,rectangle_java2.jpg,1044378162,160,982.228,662.2145,941.5,658,91,20,Rectangle,9,class->block->function->block->block_content->decl_stmt->decl->init->expr->call->name
2,89,rectangle_java2.jpg,rectangle_java2.jpg,1045006072,164,751.7117073170732,727.6824390243902,730.5,731,91,20,Rectangle,9,class->block->function->block->block_content->decl_stmt->decl->type->name
2,89,rectangle_java2.jpg,rectangle_java2.jpg,1045166069,112,816.0939285714286,721.2121428571429,730.5,731,91,20,Rectangle,9,class->block->function->block->block_content->decl_stmt->decl->type->name
2,89,rectangle_java2.jpg,rectangle_java2.jpg,1045166069,112,816.0939285714286,721.2121428571429,826.5,731,51,20,rect2,5,class->block->function->block->block_content->decl_stmt->decl->name
2,89,rectangle_java2.jpg,rectangle_java2.jpg,1045266062,96,813.1291666666667,735.95625,730.5,731,91,20,Rectangle,9,class->block->function->block->block_content->decl_stmt->decl->type->name
2,89,rectangle_java2.jpg,rectangle_java2.jpg,1045557986,220,871.568,721.82,826.5,731,51,20,rect2,5,class->block->function->block->block_content->decl_stmt->decl->name
2,89,rectangle_java2.jpg,rectangle_java2.jpg,1045557986,220,871.568,721.82,883.5,731,15,20,=,1,class->block->function->block->block_content->decl_stmt->decl->init
2,89,rectangle_java2.jpg,rectangle_java2.jpg,1045621975,60,869.432,734.374,826.5,731,51,20,rect2,5,class->block->function->block->block_content->decl_stmt->decl->name
2,89,rectangle_java2.jpg,rectangle_java2.jpg,1045734008,108,949.2325925925926,727.3566666666667,941.5,731,91,20,Rectangle,9,class->block->function->block->block_content->decl_stmt->decl->init->expr->call->name
2,89,rectangle_java2.jpg,rectangle_java2.jpg,1045854028,116,954.2444827586207,734.8958620689655,941.5,731,91,20,Rectangle,9,class->block->function->block->block_content->decl_stmt->decl->init->expr->call->name
2,89,rectangle_java2.jpg,rectangle_java2.jpg,1045990008,132,937.0815151515152,743.4339393939393,941.5,731,91,20,Rectangle,9,class->block->function->block->block_content->decl_stmt->decl->init->expr->call->name
2,89,rectangle_java2.jpg,rectangle_java2.jpg,1046146029,152,937.0231578947369,735.5473684210526,941.5,731,91,20,Rectangle,9,class->block->function->block->block_content->decl_stmt->decl->init->expr->call->name
2,89,rectangle_java2.jpg,rectangle_java2.jpg,1046242036,68,992.1523529411764,722.1952941176471,941.5,731,91,20,Rectangle,9,class->block->function->block->block_content->decl_stmt->decl->init->expr->call->name
2,89,rectangle_java2.jpg,rectangle_java2.jpg,1046470030,68,903.5829411764706,719.2370588235294,902.5,731,34,20,new,3,class->block->function->block->block_content->decl_stmt->decl->init->expr->operator
2,89,rectangle_java2.jpg,rectangle_java2.jpg,1046617947,144,893.4297222222223,728.6291666666667,883.5,731,15,20,=,1,class->block->function->block->block_content->decl_stmt->decl->init
2,89,rectangle_java2.jpg,rectangle_java2.jpg,1046617947,144,893.4297222222223,728.6291666666667,902.5,731,34,20,new,3,class->block->function->block->block_content->decl_stmt->decl->init->expr->operator
2,89,rectangle_java2.jpg,rectangle_java2.jpg,1046773934,152,955.8313157894737,728.4776315789474,941.5,731,91,20,Rectangle,9,class->block->function->block->block_content->decl_stmt->decl->init->expr->call->name
2,89,rectangle_java2.jpg,rectangle_java2.jpg,1046873953,96,953.875,736.3795833333334,941.5,731,91,20,Rectangle,9,class->block->function->block->block_content->decl_stmt->decl->init->expr->call->name
2,89,rectangle_java2.jpg,rectangle_java2.jpg,1047913894,152,840.49,456.64026315789476,826.5,440,23,21,y2,2,class->block->constructor->block->block_content->expr_stmt->expr->name->name
2,89,rectangle_java2.jpg,rectangle_java2.jpg,1047993876,56,888.5092857142857,499.5392857142857,891.5,512,62,21,return,6,class->block->function->block->block_content->return->expr->name->name
2,89,rectangle_java2.jpg,rectangle_java2.jpg,1048133864,136,883.1376470588235,506.5964705882353,874.5,512,10,21,{,1,class->block->function->block
2,89,rectangle_java2.jpg,rectangle_java2.jpg,1048133864,136,883.1376470588235,506.5964705882353,891.5,512,62,21,return,6,class->block->function->block->block_content->return->expr->name->name
2,89,rectangle_java2.jpg,rectangle_java2.jpg,1048361881,224,855.6321428571429,507.2633928571429,854.5,512,9,21,),1,class->block->function->parameter_list
2,89,rectangle_java2.jpg,rectangle_java2.jpg,1048465867,100,854.2308,500.5147999999999,854.5,512,9,21,),1,class->block->function->parameter_list
2,89,rectangle_java2.jpg,rectangle_java2.jpg,1056285385,56,848.6171428571429,593.7942857142857,856.5,585,9,21,(,1,class->block->function->parameter_list
2,89,rectangle_java2.jpg,rectangle_java2.jpg,1056473339,152,920.7113157894737,541.5773684210526,900.5,549,63,21,return,6,class->block->function->block->block_content->return
2,89,rectangle_java2.jpg,rectangle_java2.jpg,1056661398,156,890.4974358974359,508.3033333333333,891.5,512,62,21,return,6,class->block->function->block->block_content->return->expr->name->name
2,89,rectangle_java2.jpg,rectangle_java2.jpg,1057053116,304,846.6144736842106,501.89118421052626,854.5,512,9,21,),1,class->block->function->parameter_list
2,89,rectangle_java2.jpg,rectangle_java2.jpg,1057493199,176,985.7663636363636,506.96022727272725,958.5,512,71,21,this.x2,7,class->block->function->block->block_content->return->expr->name->name->operator->name->operator
2,89,rectangle_java2.jpg,rectangle_java2.jpg,1057649214,152,986.6078947368421,508.48842105263157,958.5,512,71,21,this.x2,7,class->block->function->block->block_content->return->expr->name->name->operator->name->operator
2,89,rectangle_java2.jpg,rectangle_java2.jpg,1057825254,172,960.9548837209302,507.2216279069768,958.5,512,71,21,this.x2,7,class->block->function->block->block_content->return->expr->name->name->operator->name->operator
2,89,rectangle_java2.jpg,rectangle_java2.jpg,1058653192,104,862.3411538461538,602.1534615384616,856.5,585,9,21,(,1,class->block->function->parameter_list
2,89,rectangle_java2.jpg,rectangle_java2.jpg,1058653192,104,862.3411538461538,602.1534615384616,873.5,585,9,21,),1,class->block->function->parameter_list
2,89,rectangle_java2.jpg,rectangle_java2.jpg,1058725154,68,871.3241176470589,602.1217647058824,873.5,585,9,21,),1,class->block->function->parameter_list
2,89,rectangle_java2.jpg,rectangle_java2.jpg,1058821041,64,997.69,529.279375,958.5,512,71,21,this.x2,7,class->block->function->block->block_content->return->expr->name->name->operator->name->operator
2,89,rectangle_java2.jpg,rectangle_java2.jpg,1058948939,124,991.6612903225806,521.2267741935484,958.5,512,71,21,this.x2,7,class->block->function->block->block_content->return->expr->name->name->operator->name->operator
2,89,rectangle_java2.jpg,rectangle_java2.jpg,1059245233,176,1006.6715909090909,500.8045454545454,958.5,512,71,21,this.x2,7,class->block->function->block->block_content->return->expr->name->name->operator->name->operator
2,89,rectangle_java2.jpg,rectangle_java2.jpg,1062116883,212,1114.929433962264,549.8354716981132,1064.5,549,71,21,this.y1,7,class->block->function->block->block_content->return->expr->name->name->operator->name
2,89,rectangle_java2.jpg,rectangle_java2.jpg,1064584555,56,914.5828571428572,273.98785714285714,911.5,259,10,21,",",1,class->block->decl_stmt
2,89,rectangle_java2.jpg,rectangle_java2.jpg,1064724577,136,906.8867647058823,285.4364705882353,890.5,295,24,21,x1,2,class->block->constructor->parameter_list->parameter->decl->type->name
2,89,rectangle_java2.jpg,rectangle_java2.jpg,1064824637,68,829.9282352941176,278.99470588235295,833.5,259,23,21,y1,2,class->block->decl_stmt->decl->name
2,89,rectangle_java2.jpg,rectangle_java2.jpg,1065168722,56,807.5807142857143,272.9064285714286,785.5,259,23,21,x1,2,class->block->decl_stmt->decl->name
2,89,rectangle_java2.jpg,rectangle_java2.jpg,1065168722,56,807.5807142857143,272.9064285714286,815.5,259,10,21,",",1,class->block->decl_stmt
2,89,rectangle_java2.jpg,rectangle_java2.jpg,1065320710,108,862.6314814814815,274.7574074074074,863.5,259,10,21,",",1,class->block->decl_stmt
2,89,rectangle_java2.jpg,rectangle_java2.jpg,1065448704,124,868.5248387096774,261.3503225806452,863.5,259,10,21,",",1,class->block->decl_stmt
2,89,rectangle_java2.jpg,rectangle_java2.jpg,1065556668,88,848.0981818181818,315.1490909090909,853.5,295,32,21,int,3,class->block->constructor->parameter_list->parameter->decl->type->name
2,89,rectangle_java2.jpg,rectangle_java2.jpg,1065680660,120,848.139,323.41866666666664,826.5,331,23,19,x1,2,class->block->constructor->block->block_content->expr_stmt->expr->name->name
2,89,rectangle_java2.jpg,rectangle_java2.jpg,1065680660,120,848.139,323.41866666666664,856.5,331,10,19,;,1,class->block->constructor->block->block_content->expr_stmt
2,89,rectangle_java2.jpg,rectangle_java2.jpg,1065848701,164,840.5241463414634,324.7868292682927,826.5,331,23,19,x1,2,class->block->constructor->block->block_content->expr_stmt->expr->name->name
2,89,rectangle_java2.jpg,rectangle_java2.jpg,1066128706,248,858.3979032258064,373.55129032258066,856.5,367,10,21,;,1,class->block->constructor->block->block_content->expr_stmt
2,89,rectangle_java2.jpg,rectangle_java2.jpg,1069760468,76,913.5278947368421,522.3594736842106,891.5,512,62,21,return,6,class->block->function->block->block_content->return->expr->name->name
2,89,rectangle_java2.jpg,rectangle_java2.jpg,1069924456,160,905.8000000000001,514.972,891.5,512,62,21,return,6,class->block->function->block->block_content->return->expr->name->name
2,89,rectangle_java2.jpg,rectangle_java2.jpg,1070104423,140,817.1245714285715,516.4277142857143,775.5,512,53,21,width,5,class->block->function->name
2,89,rectangle_java2.jpg,rectangle_java2.jpg,1070496293,112,715.88,505.5428571428572,669.5,512,63,21,public,6,class->block->function->type->specifier
2,89,rectangle_java2.jpg,rectangle_java2.jpg,1073180203,268,821.9532835820895,513.734776119403,775.5,512,53,21,width,5,class->block->function->name
2,89,rectangle_java2.jpg,rectangle_java2.jpg,1073432200,212,884.7133962264151,512.6207547169811,891.5,512,62,21,return,6,class->block->function->block->block_content->return->expr->name->name
2,89,rectangle_java2.jpg,rectangle_java2.jpg,1073684175,248,876.9267741935483,505.21806451612906,874.5,512,10,21,{,1,class->block->function->block
2,89,rectangle_java2.jpg,rectangle_java2.jpg,1073876157,160,931.31975,504.8879999999999,891.5,512,62,21,return,6,class->block->function->block->block_content->return->expr->name->name
2,89,rectangle_java2.jpg,rectangle_java2.jpg,1074004155,124,929.6238709677419,505.9132258064517,891.5,512,62,21,return,6,class->block->function->block->block_content->return->expr->name->name
2,89,rectangle_java2.jpg,rectangle_java2.jpg,1074132021,84,992.6566666666666,522.4633333333334,958.5,512,71,21,this.x2,7,class->block->function->block->block_content->return->expr->name->name->operator->name->operator
2,89,rectangle_java2.jpg,rectangle_java2.jpg,1074239941,104,993.0857692307692,519.1119230769231,958.5,512,71,21,this.x2,7,class->block->function->block->block_content->return->expr->name->name->operator->name->operator
2,89,rectangle_java2.jpg,rectangle_java2.jpg,1074311973,68,997.0558823529412,524.3017647058824,958.5,512,71,21,this.x2,7,class->block->function->block->block_content->return->expr->name->name->operator->name->operator
2,89,rectangle_java2.jpg,rectangle_java2.jpg,1074796073,420,1071.113238095238,519.7270476190477,1054.5,512,71,21,this.x1,7,class->block->function->block->block_content->return->expr->name->name->operator->name
2,89,rectangle_java2.jpg,rectangle_java2.jpg,1074884059,84,1070.6595238095238,524.8557142857143,1054.5,512,71,21,this.x1,7,class->block->function->block->block_content->return->expr->name->name->operator->name
2,89,rectangle_java2.jpg,rectangle_java2.jpg,1074976025,88,1046.0827272727272,525.9695454545455,1035.5,512,13,21,-,1,class->block->function->block->block_content->return->expr->name->name
2,89,rectangle_java2.jpg,rectangle_java2.jpg,1074976025,88,1046.0827272727272,525.9695454545455,1054.5,512,71,21,this.x1,7,class->block->function->block->block_content->return->expr->name->name->operator->name
2,89,rectangle_java2.jpg,rectangle_java2.jpg,1075644055,232,1055.683448275862,545.0755172413793,1045.5,549,13,21,-,1,class->block->function->block->block_content->return->expr->operator
2,89,rectangle_java2.jpg,rectangle_java2.jpg,1075644055,232,1055.683448275862,545.0755172413793,1064.5,549,71,21,this.y1,7,class->block->function->block->block_content->return->expr->name->name->operator->name
2,89,rectangle_java2.jpg,rectangle_java2.jpg,1075868093,184,948.3730434782609,525.525652173913,891.5,512,62,21,return,6,class->block->function->block->block_content->return->expr->name->name
2,89,rectangle_java2.jpg,rectangle_java2.jpg,1075868093,184,948.3730434782609,525.525652173913,958.5,512,71,21,this.x2,7,class->block->function->block->block_content->return->expr->name->name->operator->name->operator
2,89,rectangle_java2.jpg,rectangle_java2.jpg,1076080004,208,945.0632692307693,532.0367307692308,891.5,512,62,21,return,6,class->block->function->block->block_content->return->expr->name->name
2,89,rectangle_java2.jpg,rectangle_java2.jpg,1076255893,136,1002.3941176470588,531.4188235294117,958.5,512,71,21,this.x2,7,class->block->function->block->block_content->return->expr->name->name->operator->name->operator
2,89,rectangle_java2.jpg,rectangle_java2.jpg,1076399918,120,864.6356666666667,523.617,874.5,512,10,21,{,1,class->block->function->block
2,89,rectangle_java2.jpg,rectangle_java2.jpg,1076899915,232,956.1106896551725,532.7560344827587,958.5,512,71,21,this.x2,7,class->block->function->block->block_content->return->expr->name->name->operator->name->operator
2,89,rectangle_java2.jpg,rectangle_java2.jpg,1077131933,192,995.4133333333333,529.0364583333334,958.5,512,71,21,this.x2,7,class->block->function->block->block_content->return->expr->name->name->operator->name->operator
2,89,rectangle_java2.jpg,rectangle_java2.jpg,1077343901,208,997.8226923076924,526.4661538461538,958.5,512,71,21,this.x2,7,class->block->function->block->block_content->return->expr->name->name->operator->name->operator
2,89,rectangle_java2.jpg,rectangle_java2.jpg,1077639904,60,1083.8546666666666,552.2146666666666,1064.5,549,71,21,this.y1,7,class->block->function->block->block_content->return->expr->name->name->operator->name
2,89,rectangle_java2.jpg,rectangle_java2.jpg,1077731911,76,1155.0163157894738,547.838947368421,1161.5,549,10,21,},1,class->block->function->block
2,89,rectangle_java2.jpg,rectangle_java2.jpg,1077847908,112,1153.2710714285715,558.3814285714286,1161.5,549,10,21,},1,class->block->function->block
2,89,rectangle_java2.jpg,rectangle_java2.jpg,1077975838,124,1156.175806451613,549.4783870967742,1161.5,549,10,21,},1,class->block->function->block
2,89,rectangle_java2.jpg,rectangle_java2.jpg,1078055752,76,1135.5657894736842,549.9521052631579,1142.5,549,10,21,;,1,class->block->function->block->block_content->return
2,89,rectangle_java2.jpg,rectangle_java2.jpg,1078127694,68,1138.6852941176471,537.8841176470588,1142.5,549,10,21,;,1,class->block->function->block->block_content->return
2,89,rectangle_java2.jpg,rectangle_java2.jpg,1079203793,564,1156.6309929078013,530.4689361702127,1152.5,512,10,21,},1,class->block
2,89,rectangle_java2.jpg,rectangle_java2.jpg,1079911567,116,971.4065517241379,548.3393103448276,968.5,549,70,21,this.y2,7,class->block->function->block->block_content->return->expr->name->name->operator->name
2,89,rectangle_java2.jpg,rectangle_java2.jpg,1080039538,124,969.5841935483871,559.2638709677419,968.5,549,70,21,this.y2,7,class->block->function->block->block_content->return->expr->name->name->operator->name
2,89,rectangle_java2.jpg,rectangle_java2.jpg,1080399619,324,924.7008641975309,539.930987654321,900.5,549,63,21,return,6,class->block->function->block->block_content->return
2,89,rectangle_java2.jpg,rectangle_java2.jpg,1081423644,228,973.6785964912281,516.8789473684211,958.5,512,71,21,this.x2,7,class->block->function->block->block_content->return->expr->name->name->operator->name->operator
2,89,rectangle_java2.jpg,rectangle_java2.jpg,1081495640,68,976.7182352941177,523.2435294117647,958.5,512,71,21,this.x2,7,class->block->function->block->block_content->return->expr->name->name->operator->name->operator
2,89,rectangle_java2.jpg,rectangle_java2.jpg,1082323509,120,960.4143333333334,776.5913333333333,932.5,766,100,21,rect2.area,10,class->block->function->block->block_content->expr_stmt->expr->call->argument_list->argument->expr->call->name->name->operator->name
2,89,rectangle_java2.jpg,rectangle_java2.jpg,1085407383,100,884.4636,295.0576,853.5,295,32,21,int,3,class->block->constructor->parameter_list->parameter->decl->type->name
2,89,rectangle_java2.jpg,rectangle_java2.jpg,1085407383,100,884.4636,295.0576,890.5,295,24,21,x1,2,class->block->constructor->parameter_list->parameter->decl->type->name
2,89,rectangle_java2.jpg,rectangle_java2.jpg,1085979270,240,849.1681666666667,373.87766666666664,826.5,367,23,21,y1,2,class->block->constructor->block->block_content->expr_stmt->expr->name->name
2,89,rectangle_java2.jpg,rectangle_java2.jpg,1085979270,240,849.1681666666667,373.87766666666664,856.5,367,10,21,;,1,class->block->constructor->block->block_content->expr_stmt
2,89,rectangle_java2.jpg,rectangle_java2.jpg,1086155260,140,824.1222857142857,397.30771428571427,826.5,404,23,19,x2,2,class->block->constructor->block->block_content->expr_stmt->expr->name->name
2,89,rectangle_java2.jpg,rectangle_java2.jpg,1086663224,228,1072.0305263157895,518.4475438596492,1054.5,512,71,21,this.x1,7,class->block->function->block->block_content->return->expr->name->name->operator->name
2,89,rectangle_java2.jpg,rectangle_java2.jpg,1086831262,144,1008.9358333333333,531.4263888888889,958.5,512,71,21,this.x2,7,class->block->function->block->block_content->return->expr->name->name->operator->name->operator
2,89,rectangle_java2.jpg,rectangle_java2.jpg,1087023165,152,1053.0671052631578,541.725,1045.5,549,13,21,-,1,class->block->function->block->block_content->return->expr->operator
2,89,rectangle_java2.jpg,rectangle_java2.jpg,1087023165,152,1053.0671052631578,541.725,1064.5,549,71,21,this.y1,7,class->block->function->block->block_content->return->expr->name->name->operator->name
2,89,rectangle_java2.jpg,rectangle_java2.jpg,1087275189,104,1064.221923076923,542.8642307692307,1064.5,549,71,21,this.y1,7,class->block->function->block->block_content->return->expr->name->name->operator->name
2,89,rectangle_java2.jpg,rectangle_java2.jpg,1087943135,184,1075.2852173913043,545.7854347826087,1064.5,549,71,21,this.y1,7,class->block->function->block->block_content->return->expr->name->name->operator->name
2,89,rectangle_java2.jpg,rectangle_java2.jpg,1088291115,68,1157.5764705882352,544.4558823529412,1161.5,549,10,21,},1,class->block->function->block
2,89,rectangle_java2.jpg,rectangle_java2.jpg,1088423123,128,1152.5715625,543.1075,1161.5,549,10,21,},1,class->block->function->block
2,89,rectangle_java2.jpg,rectangle_java2.jpg,1088599160,132,897.6469696969697,610.610303030303,904.5,621,9,21,(,1,class->block->function->parameter_list
2,89,rectangle_java2.jpg,rectangle_java2.jpg,1088675186,72,894.4038888888889,615.8916666666667,851.5,621,44,21,main,4,class->block->function->name
2,89,rectangle_java2.jpg,rectangle_java2.jpg,1088675186,72,894.4038888888889,615.8916666666667,904.5,621,9,21,(,1,class->block->function->parameter_list
2,89,rectangle_java2.jpg,rectangle_java2.jpg,1088843162,144,842.1125,544.0627777777778,846.5,549,10,21,(,1,class->block->function->parameter_list
2,89,rectangle_java2.jpg,rectangle_java2.jpg,1090087127,228,1051.231403508772,532.8759649122807,1054.5,512,71,21,this.x1,7,class->block->function->block->block_content->return->expr->name->name->operator->name
2,89,rectangle_java2.jpg,rectangle_java2.jpg,1090458919,112,1158.7535714285714,546.9528571428572,1161.5,549,10,21,},1,class->block->function->block
2,89,rectangle_java2.jpg,rectangle_java2.jpg,1090566966,104,1152.0992307692309,552.983076923077,1142.5,549,10,21,;,1,class->block->function->block->block_content->return
2,89,rectangle_java2.jpg,rectangle_java2.jpg,1090566966,104,1152.0992307692309,552.983076923077,1161.5,549,10,21,},1,class->block->function->block
2,89,rectangle_java2.jpg,rectangle_java2.jpg,1090646972,76,1159.3636842105263,545.6489473684211,1161.5,549,10,21,},1,class->block->function->block
2,89,rectangle_java2.jpg,rectangle_java2.jpg,1091494855,100,860.2344,572.5436,856.5,585,9,21,(,1,class->block->function->parameter_list
2,89,rectangle_java2.jpg,rectangle_java2.jpg,1091834879,100,908.59,582.9508,910.5,585,62,21,return,6,class->block->function->block->block_content->return
2,89,rectangle_java2.jpg,rectangle_java2.jpg,1091922902,84,908.1314285714286,581.4938095238095,910.5,585,62,21,return,6,class->block->function->block->block_content->return
2,89,rectangle_java2.jpg,rectangle_java2.jpg,1092042909,116,911.5441379310345,586.481724137931,910.5,585,62,21,return,6,class->block->function->block->block_content->return
2,89,rectangle_java2.jpg,rectangle_java2.jpg,1092182887,104,952.9038461538462,591.6365384615384,910.5,585,62,21,return,6,class->block->function->block->block_content->return
2,89,rectangle_java2.jpg,rectangle_java2.jpg,1092262868,76,959.9747368421052,590.3794736842106,910.5,585,62,21,return,6,class->block->function->block->block_content->return
2,89,rectangle_java2.jpg,rectangle_java2.jpg,1092414871,148,960.0627027027027,579.1862162162162,910.5,585,62,21,return,6,class->block->function->block->block_content->return
2,89,rectangle_java2.jpg,rectangle_java2.jpg,1092494950,68,1051.6211764705884,579.6064705882353,977.5,585,101,21,this.width,10,class->block->function->block->block_content->return->expr->call->name->name->operator->name
2,89,rectangle_java2.jpg,rectangle_java2.jpg,1092563017,64,1059.8825,586.284375,977.5,585,101,21,this.width,10,class->block->function->block->block_content->return->expr->call->name->name->operator->name
2,89,rectangle_java2.jpg,rectangle_java2.jpg,1092631008,64,1047.5249999999999,600.534375,977.5,585,101,21,this.width,10,class->block->function->block->block_content->return->expr->call->name->name->operator->name
2,89,rectangle_java2.jpg,rectangle_java2.jpg,1092742938,108,1061.8407407407408,592.0903703703704,977.5,585,101,21,this.width,10,class->block->function->block->block_content->return->expr->call->name->name->operator->name
2,89,rectangle_java2.jpg,rectangle_java2.jpg,1092882909,136,1054.3067647058824,581.395294117647,977.5,585,101,21,this.width,10,class->block->function->block->block_content->return->expr->call->name->name->operator->name
2,89,rectangle_java2.jpg,rectangle_java2.jpg,1093322597,56,918.3035714285714,583.8114285714286,910.5,585,62,21,return,6,class->block->function->block->block_content->return
2,89,rectangle_java2.jpg,rectangle_java2.jpg,1093594700,252,1061.1863492063492,585.1584126984127,977.5,585,101,21,this.width,10,class->block->function->block->block_content->return->expr->call->name->name->operator->name
2,89,rectangle_java2.jpg,rectangle_java2.jpg,1093770746,172,1057.2827906976745,586.1293023255814,977.5,585,101,21,this.width,10,class->block->function->block->block_content->return->expr->call->name->name->operator->name
2,89,rectangle_java2.jpg,rectangle_java2.jpg,1094066709,152,894.1415789473684,589.181052631579,893.5,585,10,21,{,1,class->block->function->block
2,89,rectangle_java2.jpg,rectangle_java2.jpg,1094282701,104,948.9719230769231,588.7373076923077,910.5,585,62,21,return,6,class->block->function->block->block_content->return
2,89,rectangle_java2.jpg,rectangle_java2.jpg,1094450718,108,978.0600000000001,574.2218518518519,977.5,585,101,21,this.width,10,class->block->function->block->block_content->return->expr->call->name->name->operator->name
2,89,rectangle_java2.jpg,rectangle_java2.jpg,1094514732,60,988.3133333333333,573.452,977.5,585,101,21,this.width,10,class->block->function->block->block_content->return->expr->call->name->name->operator->name
2,89,rectangle_java2.jpg,rectangle_java2.jpg,1094618749,64,1082.150625,580.485625,1086.5,585,10,21,(,1,class->block->function->block->block_content->return->expr->call->argument_list
2,89,rectangle_java2.jpg,rectangle_java2.jpg,1094742744,120,1073.7563333333333,574.6713333333333,977.5,585,101,21,this.width,10,class->block->function->block->block_content->return->expr->call->name->name->operator->name
2,89,rectangle_java2.jpg,rectangle_java2.jpg,1094982730,104,1135.5461538461539,585.3242307692308,1140.5,585,110,21,this.height,11,class->block->function->block->block_content->return->expr->call->name->name->operator->name
2,89,rectangle_java2.jpg,rectangle_java2.jpg,1095114660,128,1127.4009375,574.3865625,1122.5,585,12,21,*,1,class->block->function->block->block_content->return->expr->operator
2,89,rectangle_java2.jpg,rectangle_java2.jpg,1095270559,120,1064.3926666666666,578.056,977.5,585,101,21,this.width,10,class->block->function->block->block_content->return->expr->call->name->name->operator->name
2,89,rectangle_java2.jpg,rectangle_java2.jpg,1095398558,124,1050.3058064516129,574.6593548387096,977.5,585,101,21,this.width,10,class->block->function->block->block_content->return->expr->call->name->name->operator->name
2,89,rectangle_java2.jpg,rectangle_java2.jpg,1095462569,60,1056.0153333333333,580.234,977.5,585,101,21,this.width,10,class->block->function->block->block_content->return->expr->call->name->name->operator->name
2,89,rectangle_java2.jpg,rectangle_java2.jpg,1095794601,68,1088.1605882352942,542.4635294117647,1064.5,549,71,21,this.y1,7,class->block->function->block->block_content->return->expr->name->name->operator->name
2,89,rectangle_java2.jpg,rectangle_java2.jpg,1096226601,152,1159.8315789473684,539.396052631579,1161.5,549,10,21,},1,class->block->function->block
2,89,rectangle_java2.jpg,rectangle_java2.jpg,1096698628,144,1107.1752777777779,595.8922222222222,1103.5,585,9,21,),1,class->block->function->block->block_content->return->expr->call->argument_list
2,89,rectangle_java2.jpg,rectangle_java2.jpg,1096902563,84,1151.4380952380952,580.1409523809524,1140.5,585,110,21,this.height,11,class->block->function->block->block_content->return->expr->call->name->name->operator->name
2,89,rectangle_java2.jpg,rectangle_java2.jpg,1097098478,192,1155.2460416666668,568.2535416666667,1161.5,549,10,21,},1,class->block->function->block
2,89,rectangle_java2.jpg,rectangle_java2.jpg,1097202399,64,1094.974375,569.356875,1064.5,549,71,21,this.y1,7,class->block->function->block->block_content->return->expr->name->name->operator->name
2,89,rectangle_java2.jpg,rectangle_java2.jpg,1097302395,96,1102.5245833333333,583.3533333333334,1103.5,585,9,21,),1,class->block->function->block->block_content->return->expr->call->argument_list
2,89,rectangle_java2.jpg,rectangle_java2.jpg,1097406426,60,848.2133333333334,620.9826666666667,804.5,621,44,21,void,4,class->block->function->type->name
2,89,rectangle_java2.jpg,rectangle_java2.jpg,1097406426,60,848.2133333333334,620.9826666666667,851.5,621,44,21,main,4,class->block->function->name
2,89,rectangle_java2.jpg,rectangle_java2.jpg,1097486444,76,837.8436842105264,610.0652631578947,804.5,621,44,21,void,4,class->block->function->type->name
2,89,rectangle_java2.jpg,rectangle_java2.jpg,1097546463,56,847.2078571428572,624.24,804.5,621,44,21,void,4,class->block->function->type->name
2,89,rectangle_java2.jpg,rectangle_java2.jpg,1097546463,56,847.2078571428572,624.24,851.5,621,44,21,main,4,class->block->function->name
2,89,rectangle_java2.jpg,rectangle_java2.jpg,1097642480,92,814.7447826086957,623.8491304347826,804.5,621,44,21,void,4,class->block->function->type->name
2,89,rectangle_java2.jpg,rectangle_java2.jpg,1097806508,160,808.23875,618.6085,804.5,621,44,21,void,4,class->block->function->type->name
2,89,rectangle_java2.jpg,rectangle_java2.jpg,1098098482,260,883.6236923076923,658.7426153846154,883.5,658,15,20,=,1,class->block->function->block->block_content->decl_stmt->decl->init
2,89,rectangle_java2.jpg,rectangle_java2.jpg,1098362518,228,926.2650877192982,658.019649122807,902.5,658,34,20,new,3,class->block->function->block->block_content->decl_stmt->decl->init->expr->operator
2,89,rectangle_java2.jpg,rectangle_java2.jpg,1098470514,60,994.3166666666667,651.0793333333334,941.5,658,91,20,Rectangle,9,class->block->function->block->block_content->decl_stmt->decl->init->expr->call->name
2,89,rectangle_java2.jpg,rectangle_java2.jpg,1098642494,148,1078.504054054054,651.4748648648649,1077.5,658,9,20,",",1,class->block->function->block->block_content->decl_stmt->decl->init->expr->call->argument_list
2,89,rectangle_java2.jpg,rectangle_java2.jpg,1098746486,100,1078.9328,662.5528,1077.5,658,9,20,",",1,class->block->function->block->block_content->decl_stmt->decl->init->expr->call->argument_list
2,89,rectangle_java2.jpg,rectangle_java2.jpg,1098818484,68,1073.2764705882353,656.7505882352941,1077.5,658,9,20,",",1,class->block->function->block->block_content->decl_stmt->decl->init->expr->call->argument_list
2,89,rectangle_java2.jpg,rectangle_java2.jpg,1099026343,204,1080.881568627451,650.9694117647059,1077.5,658,9,20,",",1,class->block->function->block->block_content->decl_stmt->decl->init->expr->call->argument_list
2,89,rectangle_java2.jpg,rectangle_java2.jpg,1099150222,120,1083.1480000000001,651.8546666666666,1077.5,658,9,20,",",1,class->block->function->block->block_content->decl_stmt->decl->init->expr->call->argument_list
2,89,rectangle_java2.jpg,rectangle_java2.jpg,1099150222,120,1083.1480000000001,651.8546666666666,1095.5,658,13,20,0,1,class->block->function->block->block_content->decl_stmt->decl->init->expr->call->argument_list->argument->expr->literal
2,89,rectangle_java2.jpg,rectangle_java2.jpg,1099222247,68,1080.7288235294118,655.4711764705883,1077.5,658,9,20,",",1,class->block->function->block->block_content->decl_stmt->decl->init->expr->call->argument_list
2,89,rectangle_java2.jpg,rectangle_java2.jpg,1099310311,60,1021.476,530.0473333333333,958.5,512,71,21,this.x2,7,class->block->function->block->block_content->return->expr->name->name->operator->name->operator
2,89,rectangle_java2.jpg,rectangle_java2.jpg,1099410356,96,1013.9925000000001,544.32875,968.5,549,70,21,this.y2,7,class->block->function->block->block_content->return->expr->name->name->operator->name
2,89,rectangle_java2.jpg,rectangle_java2.jpg,1099570347,108,1050.0162962962963,532.7925925925927,1054.5,512,71,21,this.x1,7,class->block->function->block->block_content->return->expr->name->name->operator->name
2,89,rectangle_java2.jpg,rectangle_java2.jpg,1100102341,156,1110.7615384615385,538.4628205128205,1064.5,549,71,21,this.y1,7,class->block->function->block->block_content->return->expr->name->name->operator->name
2,89,rectangle_java2.jpg,rectangle_java2.jpg,1100286338,180,1115.1995555555557,540.5873333333334,1064.5,549,71,21,this.y1,7,class->block->function->block->block_content->return->expr->name->name->operator->name
2,89,rectangle_java2.jpg,rectangle_java2.jpg,1100370320,72,925.8122222222222,529.5883333333334,891.5,512,62,21,return,6,class->block->function->block->block_content->return->expr->name->name
2,89,rectangle_java2.jpg,rectangle_java2.jpg,1100466288,92,917.925652173913,531.6426086956521,891.5,512,62,21,return,6,class->block->function->block->block_content->return->expr->name->name
2,89,rectangle_java2.jpg,rectangle_java2.jpg,1100662270,164,1103.3741463414633,649.4290243902439,1095.5,658,13,20,0,1,class->block->function->block->block_content->decl_stmt->decl->init->expr->call->argument_list->argument->expr->literal
2,89,rectangle_java2.jpg,rectangle_java2.jpg,1100662270,164,1103.3741463414633,649.4290243902439,1115.5,658,10,20,",",1,class->block->function->block->block_content->decl_stmt->decl->init->expr->call->argument_list
2,89,rectangle_java2.jpg,rectangle_java2.jpg,1100730275,64,1105.219375,650.3668749999999,1095.5,658,13,20,0,1,class->block->function->block->block_content->decl_stmt->decl->init->expr->call->argument_list->argument->expr->literal
2,89,rectangle_java2.jpg,rectangle_java2.jpg,1100730275,64,1105.219375,650.3668749999999,1115.5,658,10,20,",",1,class->block->function->block->block_content->decl_stmt->decl->init->expr->call->argument_list
2,89,rectangle_java2.jpg,rectangle_java2.jpg,1100794277,60,1073.6106666666667,654.082,1077.5,658,9,20,",",1,class->block->function->block->block_content->decl_stmt->decl->init->expr->call->argument_list
2,89,rectangle_java2.jpg,rectangle_java2.jpg,1100946194,148,1071.2694594594595,655.821081081081,1077.5,658,9,20,",",1,class->block->function->block->block_content->decl_stmt->decl->init->expr->call->argument_list
2,89,rectangle_java2.jpg,rectangle_java2.jpg,1101070173,120,1070.5873333333334,652.6686666666667,1077.5,658,9,20,",",1,class->block->function->block->block_content->decl_stmt->decl->init->expr->call->argument_list
2,89,rectangle_java2.jpg,rectangle_java2.jpg,1101274209,120,1134.415,655.2673333333333,1134.5,658,22,20,10,2,class->block->function->block->block_content->decl_stmt->decl->init->expr->call->argument_list->argument->expr->literal
2,89,rectangle_java2.jpg,rectangle_java2.jpg,1101798190,112,1181.7146428571427,651.9542857142857,1182.5,658,22,20,10,2,class->block->function->block->block_content->decl_stmt->decl->init->expr->call->argument_list->argument->expr->literal
2,89,rectangle_java2.jpg,rectangle_java2.jpg,1101862177,60,1170.004,656.5753333333333,1163.5,658,10,20,",",1,class->block->function->block->block_content->decl_stmt->decl->init->expr->call->argument_list
2,89,rectangle_java2.jpg,rectangle_java2.jpg,1101862177,60,1170.004,656.5753333333333,1182.5,658,22,20,10,2,class->block->function->block->block_content->decl_stmt->decl->init->expr->call->argument_list->argument->expr->literal
2,89,rectangle_java2.jpg,rectangle_java2.jpg,1101942161,76,1096.2573684210527,658.5168421052632,1095.5,658,13,20,0,1,class->block->function->block->block_content->decl_stmt->decl->init->expr->call->argument_list->argument->expr->literal
2,89,rectangle_java2.jpg,rectangle_java2.jpg,1102070183,124,1089.7925806451613,662.4903225806452,1095.5,658,13,20,0,1,class->block->function->block->block_content->decl_stmt->decl->init->expr->call->argument_list->argument->expr->literal
2,89,rectangle_java2.jpg,rectangle_java2.jpg,1102382187,232,893.601551724138,673.0487931034482,883.5,658,15,20,=,1,class->block->function->block->block_content->decl_stmt->decl->init
2,89,rectangle_java2.jpg,rectangle_java2.jpg,1102382187,232,893.601551724138,673.0487931034482,902.5,658,34,20,new,3,class->block->function->block->block_content->decl_stmt->decl->init->expr->operator
2,89,rectangle_java2.jpg,rectangle_java2.jpg,1102518189,72,941.3788888888889,663.9422222222222,941.5,658,91,20,Rectangle,9,class->block->function->block->block_content->decl_stmt->decl->init->expr->call->name
2,89,rectangle_java2.jpg,rectangle_java2.jpg,1102654176,64,949.068125,671.44125,941.5,658,91,20,Rectangle,9,class->block->function->block->block_content->decl_stmt->decl->init->expr->call->name
2,89,rectangle_java2.jpg,rectangle_java2.jpg,1102958062,64,957.623125,682.115625,932.5,694,100,21,rect1.area,10,class->block->function->block->block_content->expr_stmt->expr->call->argument_list->argument->expr->call->name->name->operator->name
2,89,rectangle_java2.jpg,rectangle_java2.jpg,1103054044,72,1030.4855555555555,688.78,932.5,694,100,21,rect1.area,10,class->block->function->block->block_content->expr_stmt->expr->call->argument_list->argument->expr->call->name->name->operator->name
2,89,rectangle_java2.jpg,rectangle_java2.jpg,1103054044,72,1030.4855555555555,688.78,1041.5,694,9,21,(,1,class->block->function->block->block_content->expr_stmt->expr->call->argument_list->argument->expr->call->argument_list
2,89,rectangle_java2.jpg,rectangle_java2.jpg,1103126041,60,1035.2546666666667,684.8733333333333,1041.5,694,9,21,(,1,class->block->function->block->block_content->expr_stmt->expr->call->argument_list->argument->expr->call->argument_list
2,89,rectangle_java2.jpg,rectangle_java2.jpg,1103278046,100,1032.232,673.8131999999999,941.5,658,91,20,Rectangle,9,class->block->function->block->block_content->decl_stmt->decl->init->expr->call->name
2,89,rectangle_java2.jpg,rectangle_java2.jpg,1103278046,100,1032.232,673.8131999999999,1041.5,658,9,20,(,1,class->block->function->block->block_content->decl_stmt->decl->init->expr->call->argument_list
2,89,rectangle_java2.jpg,rectangle_java2.jpg,1103358079,64,1094.580625,664.76,1095.5,658,13,20,0,1,class->block->function->block->block_content->decl_stmt->decl->init->expr->call->argument_list->argument->expr->literal
2,89,rectangle_java2.jpg,rectangle_java2.jpg,1103442104,80,1098.1835,657.6765,1095.5,658,13,20,0,1,class->block->function->block->block_content->decl_stmt->decl->init->expr->call->argument_list->argument->expr->literal
2,89,rectangle_java2.jpg,rectangle_java2.jpg,1103558034,112,1100.8328571428572,654.4353571428571,1095.5,658,13,20,0,1,class->block->function->block->block_content->decl_stmt->decl->init->expr->call->argument_list->argument->expr->literal
2,89,rectangle_java2.jpg,rectangle_java2.jpg,1103695359,100,1047.9564,655.5612,1041.5,658,9,20,(,1,class->block->function->block->block_content->decl_stmt->decl->init->expr->call->argument_list
2,89,rectangle_java2.jpg,rectangle_java2.jpg,1103695359,100,1047.9564,655.5612,1057.5,658,13,20,0,1,class->block->function->block->block_content->decl_stmt->decl->init->expr->call->argument_list->argument->expr->literal
2,89,rectangle_java2.jpg,rectangle_java2.jpg,1103797327,96,1051.3908333333334,648.9270833333334,1057.5,658,13,20,0,1,class->block->function->block->block_content->decl_stmt->decl->init->expr->call->argument_list->argument->expr->literal
2,89,rectangle_java2.jpg,rectangle_java2.jpg,1105293977,252,1089.8209523809523,655.4212698412698,1095.5,658,13,20,0,1,class->block->function->block->block_content->decl_stmt->decl->init->expr->call->argument_list->argument->expr->literal
2,89,rectangle_java2.jpg,rectangle_java2.jpg,1106285912,84,1168.4842857142858,647.1209523809524,1163.5,658,10,20,",",1,class->block->function->block->block_content->decl_stmt->decl->init->expr->call->argument_list
2,89,rectangle_java2.jpg,rectangle_java2.jpg,1106677895,152,1060.8768421052632,633.7060526315789,1025.5,621,42,21,args,4,class->block->function->parameter_list->parameter->decl->name
2,89,rectangle_java2.jpg,rectangle_java2.jpg,1106773766,56,944.2314285714285,632.9364285714286,920.5,621,62,21,String,6,class->block->function->parameter_list->parameter->decl->type->name->name
2,89,rectangle_java2.jpg,rectangle_java2.jpg,1106837689,60,937.4933333333333,634.6273333333334,920.5,621,62,21,String,6,class->block->function->parameter_list->parameter->decl->type->name->name
2,89,rectangle_java2.jpg,rectangle_java2.jpg,1107073789,84,965.8080952380952,626.8938095238095,920.5,621,62,21,String,6,class->block->function->parameter_list->parameter->decl->type->name->name
2,89,rectangle_java2.jpg,rectangle_java2.jpg,1107905855,80,1091.238,633.9785,1094.5,621,10,21,{,1,class->block->function->block
2,89,rectangle_java2.jpg,rectangle_java2.jpg,1108009863,100,1082.4808,636.2916,1074.5,621,10,21,),1,class->block->function->parameter_list
2,89,rectangle_java2.jpg,rectangle_java2.jpg,1108009863,100,1082.4808,636.2916,1094.5,621,10,21,{,1,class->block->function->block
2,89,rectangle_java2.jpg,rectangle_java2.jpg,1108505765,92,938.9,617.6156521739131,920.5,621,62,21,String,6,class->block->function->parameter_list->parameter->decl->type->name->name
2,89,rectangle_java2.jpg,rectangle_java2.jpg,1108637557,96,892.99625,609.1945833333333,851.5,621,44,21,main,4,class->block->function->name
2,89,rectangle_java2.jpg,rectangle_java2.jpg,1108637557,96,892.99625,609.1945833333333,904.5,621,9,21,(,1,class->block->function->parameter_list
2,89,rectangle_java2.jpg,rectangle_java2.jpg,1108841693,92,898.28,614.8139130434782,904.5,621,9,21,(,1,class->block->function->parameter_list
2,89,rectangle_java2.jpg,rectangle_java2.jpg,1109141717,212,963.4113207547169,613.481320754717,920.5,621,62,21,String,6,class->block->function->parameter_list->parameter->decl->type->name->name
