trial,participant,code_file,code_language,timestamp,duration,x_cord,y_cord,aoi_x,aoi_y,aoi_width,aoi_height,token,length,srcML
2,91,rectangle_java2.jpg,rectangle_java2.jpg,3783283737,176,814.0806818181818,213.81318181818182,813.5,222,10,21,{,1,class->block
2,91,rectangle_java2.jpg,rectangle_java2.jpg,3786667638,160,783.86775,228.55849999999998,715.5,222,90,21,Rectangle,9,class->name
2,91,rectangle_java2.jpg,rectangle_java2.jpg,3786907617,236,743.1277966101695,229.94932203389828,715.5,222,90,21,Rectangle,9,class->name
2,91,rectangle_java2.jpg,rectangle_java2.jpg,3787379632,428,792.859906542056,231.58289719626168,715.5,222,90,21,Rectangle,9,class->name
2,91,rectangle_java2.jpg,rectangle_java2.jpg,3788487543,268,817.4297014925373,264.8880597014925,815.5,259,10,21,",",1,class->block->decl_stmt
2,91,rectangle_java2.jpg,rectangle_java2.jpg,3788731469,184,747.2060869565217,265.64586956521737,747.5,259,33,21,int,3,class->block->decl_stmt->decl->type->name
2,91,rectangle_java2.jpg,rectangle_java2.jpg,3789031411,268,793.5731343283583,273.79477611940297,785.5,259,23,21,x1,2,class->block->decl_stmt->decl->name
2,91,rectangle_java2.jpg,rectangle_java2.jpg,3789547567,492,927.1576422764227,279.87658536585366,929.5,259,23,21,y2,2,class->block->decl_stmt->decl->name
2,91,rectangle_java2.jpg,rectangle_java2.jpg,3789775355,224,916.9608928571429,279.7607142857143,911.5,259,10,21,",",1,class->block->decl_stmt
2,91,rectangle_java2.jpg,rectangle_java2.jpg,3791067407,136,924.8238235294118,273.87117647058824,929.5,259,23,21,y2,2,class->block->decl_stmt->decl->name
2,91,rectangle_java2.jpg,rectangle_java2.jpg,3791399346,172,915.6944186046511,274.99023255813955,911.5,259,10,21,",",1,class->block->decl_stmt
2,91,rectangle_java2.jpg,rectangle_java2.jpg,3791699179,268,963.8355223880598,277.0668656716418,959.5,259,10,21,;,1,class->block->decl_stmt
2,91,rectangle_java2.jpg,rectangle_java2.jpg,3793447202,416,957.4447115384615,305.03576923076923,939.5,295,33,21,int,3,class->block->constructor->parameter_list->parameter->decl->type->name
2,91,rectangle_java2.jpg,rectangle_java2.jpg,3793975053,268,856.1223880597015,310.21179104477613,853.5,295,32,21,int,3,class->block->constructor->parameter_list->parameter->decl->type->name
2,91,rectangle_java2.jpg,rectangle_java2.jpg,3794187087,156,813.7271794871795,298.0389743589744,737.5,295,91,21,Rectangle,9,class->block->constructor->name
2,91,rectangle_java2.jpg,rectangle_java2.jpg,3794327153,124,894.2054838709678,301.40677419354836,890.5,295,24,21,x1,2,class->block->constructor->parameter_list->parameter->decl->type->name
2,91,rectangle_java2.jpg,rectangle_java2.jpg,3794703065,316,937.1110126582279,305.5593670886076,939.5,295,33,21,int,3,class->block->constructor->parameter_list->parameter->decl->type->name
2,91,rectangle_java2.jpg,rectangle_java2.jpg,3794879062,140,884.1777142857143,292.7011428571428,853.5,295,32,21,int,3,class->block->constructor->parameter_list->parameter->decl->type->name
2,91,rectangle_java2.jpg,rectangle_java2.jpg,3794879062,140,884.1777142857143,292.7011428571428,890.5,295,24,21,x1,2,class->block->constructor->parameter_list->parameter->decl->type->name
2,91,rectangle_java2.jpg,rectangle_java2.jpg,3794975088,92,864.0782608695652,305.0926086956522,853.5,295,32,21,int,3,class->block->constructor->parameter_list->parameter->decl->type->name
2,91,rectangle_java2.jpg,rectangle_java2.jpg,3795159107,80,860.306,290.4535,853.5,295,32,21,int,3,class->block->constructor->parameter_list->parameter->decl->type->name
2,91,rectangle_java2.jpg,rectangle_java2.jpg,3795590824,136,807.535,215.69176470588235,813.5,222,10,21,{,1,class->block
2,91,rectangle_java2.jpg,rectangle_java2.jpg,3795766860,100,910.4172,315.77,890.5,295,24,21,x1,2,class->block->constructor->parameter_list->parameter->decl->type->name
2,91,rectangle_java2.jpg,rectangle_java2.jpg,3795766860,100,910.4172,315.77,921.5,295,9,21,",",1,class->block->constructor->parameter_list
2,91,rectangle_java2.jpg,rectangle_java2.jpg,3796122956,184,929.0271739130435,272.5778260869565,929.5,259,23,21,y2,2,class->block->decl_stmt->decl->name
2,91,rectangle_java2.jpg,rectangle_java2.jpg,3796206951,80,958.1885,266.8205,959.5,259,10,21,;,1,class->block->decl_stmt
2,91,rectangle_java2.jpg,rectangle_java2.jpg,3796314944,104,957.8465384615384,270.1226923076923,959.5,259,10,21,;,1,class->block->decl_stmt
2,91,rectangle_java2.jpg,rectangle_java2.jpg,3796418935,88,880.83,313.0468181818182,853.5,295,32,21,int,3,class->block->constructor->parameter_list->parameter->decl->type->name
2,91,rectangle_java2.jpg,rectangle_java2.jpg,3796418935,88,880.83,313.0468181818182,890.5,295,24,21,x1,2,class->block->constructor->parameter_list->parameter->decl->type->name
2,91,rectangle_java2.jpg,rectangle_java2.jpg,3796914956,372,851.3204301075269,334.47645161290325,856.5,331,10,19,;,1,class->block->constructor->block->block_content->expr_stmt
2,91,rectangle_java2.jpg,rectangle_java2.jpg,3797098966,180,848.6128888888888,336.65666666666664,826.5,331,23,19,x1,2,class->block->constructor->block->block_content->expr_stmt->expr->name->name
2,91,rectangle_java2.jpg,rectangle_java2.jpg,3797098966,180,848.6128888888888,336.65666666666664,856.5,331,10,19,;,1,class->block->constructor->block->block_content->expr_stmt
2,91,rectangle_java2.jpg,rectangle_java2.jpg,3797850847,60,851.9406666666666,380.7713333333333,856.5,367,10,21,;,1,class->block->constructor->block->block_content->expr_stmt
2,91,rectangle_java2.jpg,rectangle_java2.jpg,3798138846,284,846.9705633802816,381.8276056338028,826.5,367,23,21,y1,2,class->block->constructor->block->block_content->expr_stmt->expr->name->name
2,91,rectangle_java2.jpg,rectangle_java2.jpg,3798138846,284,846.9705633802816,381.8276056338028,856.5,367,10,21,;,1,class->block->constructor->block->block_content->expr_stmt
2,91,rectangle_java2.jpg,rectangle_java2.jpg,3798210837,68,811.2417647058824,381.65529411764703,806.5,367,15,21,=,1,class->block->constructor->block->block_content->expr_stmt->expr->operator
2,91,rectangle_java2.jpg,rectangle_java2.jpg,3798342835,128,809.0365625,381.645625,806.5,367,15,21,=,1,class->block->constructor->block->block_content->expr_stmt->expr->operator
2,91,rectangle_java2.jpg,rectangle_java2.jpg,3798490838,144,857.9766666666667,379.3236111111111,856.5,367,10,21,;,1,class->block->constructor->block->block_content->expr_stmt
2,91,rectangle_java2.jpg,rectangle_java2.jpg,3799598593,56,859.0771428571428,378.765,856.5,367,10,21,;,1,class->block->constructor->block->block_content->expr_stmt
2,91,rectangle_java2.jpg,rectangle_java2.jpg,3799754658,152,854.1565789473684,368.2131578947368,856.5,367,10,21,;,1,class->block->constructor->block->block_content->expr_stmt
2,91,rectangle_java2.jpg,rectangle_java2.jpg,3799822686,64,817.86875,371.2975,806.5,367,15,21,=,1,class->block->constructor->block->block_content->expr_stmt->expr->operator
2,91,rectangle_java2.jpg,rectangle_java2.jpg,3799822686,64,817.86875,371.2975,826.5,367,23,21,y1,2,class->block->constructor->block->block_content->expr_stmt->expr->name->name
2,91,rectangle_java2.jpg,rectangle_java2.jpg,3800026688,200,815.9168,369.056,806.5,367,15,21,=,1,class->block->constructor->block->block_content->expr_stmt->expr->operator
2,91,rectangle_java2.jpg,rectangle_java2.jpg,3800026688,200,815.9168,369.056,826.5,367,23,21,y1,2,class->block->constructor->block->block_content->expr_stmt->expr->name->name
2,91,rectangle_java2.jpg,rectangle_java2.jpg,3801358665,156,826.7966666666666,407.12666666666667,826.5,404,23,19,x2,2,class->block->constructor->block->block_content->expr_stmt->expr->name->name
2,91,rectangle_java2.jpg,rectangle_java2.jpg,3801516097,152,827.6394736842105,407.9678947368421,826.5,404,23,19,x2,2,class->block->constructor->block->block_content->expr_stmt->expr->name->name
2,91,rectangle_java2.jpg,rectangle_java2.jpg,3802594496,156,850.2646153846154,500.4271794871795,854.5,512,9,21,),1,class->block->function->parameter_list
2,91,rectangle_java2.jpg,rectangle_java2.jpg,3802698513,72,879.9544444444444,529.8966666666666,874.5,512,10,21,{,1,class->block->function->block
2,91,rectangle_java2.jpg,rectangle_java2.jpg,3802698513,72,879.9544444444444,529.8966666666666,891.5,512,62,21,return,6,class->block->function->block->block_content->return->expr->name->name
2,91,rectangle_java2.jpg,rectangle_java2.jpg,3803002532,152,927.3876315789473,514.6768421052632,891.5,512,62,21,return,6,class->block->function->block->block_content->return->expr->name->name
2,91,rectangle_java2.jpg,rectangle_java2.jpg,3803198528,140,977.9034285714285,527.3105714285714,958.5,512,71,21,this.x2,7,class->block->function->block->block_content->return->expr->name->name->operator->name->operator
2,91,rectangle_java2.jpg,rectangle_java2.jpg,3803870451,364,1054.1024175824175,537.4172527472527,1045.5,549,13,21,-,1,class->block->function->block->block_content->return->expr->operator
2,91,rectangle_java2.jpg,rectangle_java2.jpg,3803870451,364,1054.1024175824175,537.4172527472527,1064.5,549,71,21,this.y1,7,class->block->function->block->block_content->return->expr->name->name->operator->name
2,91,rectangle_java2.jpg,rectangle_java2.jpg,3804330418,248,1056.709193548387,537.891935483871,1045.5,549,13,21,-,1,class->block->function->block->block_content->return->expr->operator
2,91,rectangle_java2.jpg,rectangle_java2.jpg,3804330418,248,1056.709193548387,537.891935483871,1064.5,549,71,21,this.y1,7,class->block->function->block->block_content->return->expr->name->name->operator->name
2,91,rectangle_java2.jpg,rectangle_java2.jpg,3804558385,172,852.0039534883721,524.2090697674419,854.5,512,9,21,),1,class->block->function->parameter_list
2,91,rectangle_java2.jpg,rectangle_java2.jpg,3804666407,104,809.0196153846153,531.2473076923077,775.5,512,53,21,width,5,class->block->function->name
2,91,rectangle_java2.jpg,rectangle_java2.jpg,3804766449,96,804.5429166666667,528.2091666666666,775.5,512,53,21,width,5,class->block->function->name
2,91,rectangle_java2.jpg,rectangle_java2.jpg,3805014418,128,843.420625,511.635,837.5,512,9,21,(,1,class->block->function->parameter_list
2,91,rectangle_java2.jpg,rectangle_java2.jpg,3805014418,128,843.420625,511.635,854.5,512,9,21,),1,class->block->function->parameter_list
2,91,rectangle_java2.jpg,rectangle_java2.jpg,3805126372,108,842.9592592592593,518.5788888888889,837.5,512,9,21,(,1,class->block->function->parameter_list
2,91,rectangle_java2.jpg,rectangle_java2.jpg,3805126372,108,842.9592592592593,518.5788888888889,854.5,512,9,21,),1,class->block->function->parameter_list
2,91,rectangle_java2.jpg,rectangle_java2.jpg,3805426272,268,895.9726865671641,526.6526865671642,891.5,512,62,21,return,6,class->block->function->block->block_content->return->expr->name->name
2,91,rectangle_java2.jpg,rectangle_java2.jpg,3805558287,116,970.6931034482759,528.8020689655173,958.5,512,71,21,this.x2,7,class->block->function->block->block_content->return->expr->name->name->operator->name->operator
2,91,rectangle_java2.jpg,rectangle_java2.jpg,3805838240,168,1054.0683333333334,538.8804761904762,1045.5,549,13,21,-,1,class->block->function->block->block_content->return->expr->operator
2,91,rectangle_java2.jpg,rectangle_java2.jpg,3805838240,168,1054.0683333333334,538.8804761904762,1064.5,549,71,21,this.y1,7,class->block->function->block->block_content->return->expr->name->name->operator->name
2,91,rectangle_java2.jpg,rectangle_java2.jpg,3806146226,284,878.4033802816901,530.1115492957747,874.5,512,10,21,{,1,class->block->function->block
2,91,rectangle_java2.jpg,rectangle_java2.jpg,3806362213,172,921.9258139534884,529.2430232558139,891.5,512,62,21,return,6,class->block->function->block->block_content->return->expr->name->name
2,91,rectangle_java2.jpg,rectangle_java2.jpg,3806578261,132,959.9587878787879,532.2103030303031,958.5,512,71,21,this.x2,7,class->block->function->block->block_content->return->expr->name->name->operator->name->operator
2,91,rectangle_java2.jpg,rectangle_java2.jpg,3807658173,176,1019.4759090909091,585.1636363636363,977.5,585,101,21,this.width,10,class->block->function->block->block_content->return->expr->call->name->name->operator->name
2,91,rectangle_java2.jpg,rectangle_java2.jpg,3807842116,152,1001.2452631578948,524.3107894736842,958.5,512,71,21,this.x2,7,class->block->function->block->block_content->return->expr->name->name->operator->name->operator
2,91,rectangle_java2.jpg,rectangle_java2.jpg,3808134117,124,911.0722580645162,505.3593548387097,891.5,512,62,21,return,6,class->block->function->block->block_content->return->expr->name->name
2,91,rectangle_java2.jpg,rectangle_java2.jpg,3808342123,148,935.9810810810811,525.3329729729729,891.5,512,62,21,return,6,class->block->function->block->block_content->return->expr->name->name
2,91,rectangle_java2.jpg,rectangle_java2.jpg,3808422147,68,1037.8382352941176,544.2011764705883,968.5,549,70,21,this.y2,7,class->block->function->block->block_content->return->expr->name->name->operator->name
2,91,rectangle_java2.jpg,rectangle_java2.jpg,3808422147,68,1037.8382352941176,544.2011764705883,1045.5,549,13,21,-,1,class->block->function->block->block_content->return->expr->operator
2,91,rectangle_java2.jpg,rectangle_java2.jpg,3808686181,260,1040.102153846154,545.0572307692307,1045.5,549,13,21,-,1,class->block->function->block->block_content->return->expr->operator
2,91,rectangle_java2.jpg,rectangle_java2.jpg,3809033995,344,1058.9531395348838,543.6437209302326,1064.5,549,71,21,this.y1,7,class->block->function->block->block_content->return->expr->name->name->operator->name
2,91,rectangle_java2.jpg,rectangle_java2.jpg,3809217908,180,1055.1166666666666,553.2531111111111,1045.5,549,13,21,-,1,class->block->function->block->block_content->return->expr->operator
2,91,rectangle_java2.jpg,rectangle_java2.jpg,3809217908,180,1055.1166666666666,553.2531111111111,1064.5,549,71,21,this.y1,7,class->block->function->block->block_content->return->expr->name->name->operator->name
2,91,rectangle_java2.jpg,rectangle_java2.jpg,3810426043,280,1135.9402857142857,563.5454285714286,1142.5,549,10,21,;,1,class->block->function->block->block_content->return
2,91,rectangle_java2.jpg,rectangle_java2.jpg,3810486037,56,1145.3557142857144,556.7314285714285,1142.5,549,10,21,;,1,class->block->function->block->block_content->return
2,91,rectangle_java2.jpg,rectangle_java2.jpg,3810618024,128,1161.3643749999999,550.0415625,1161.5,549,10,21,},1,class->block->function->block
2,91,rectangle_java2.jpg,rectangle_java2.jpg,3810846002,96,1031.7908333333332,508.27125,1035.5,512,13,21,-,1,class->block->function->block->block_content->return->expr->name->name
2,91,rectangle_java2.jpg,rectangle_java2.jpg,3811149610,264,958.8642424242424,506.4200000000001,958.5,512,71,21,this.x2,7,class->block->function->block->block_content->return->expr->name->name->operator->name->operator
2,91,rectangle_java2.jpg,rectangle_java2.jpg,3811321770,168,989.6507142857142,510.062619047619,958.5,512,71,21,this.x2,7,class->block->function->block->block_content->return->expr->name->name->operator->name->operator
2,91,rectangle_java2.jpg,rectangle_java2.jpg,3811737885,372,1158.0613978494623,544.0248387096774,1161.5,549,10,21,},1,class->block->function->block
2,91,rectangle_java2.jpg,rectangle_java2.jpg,3812093864,176,1159.1320454545455,528.3245454545455,1152.5,512,10,21,},1,class->block
2,91,rectangle_java2.jpg,rectangle_java2.jpg,3812397876,264,1126.6309090909092,537.9662121212122,1064.5,549,71,21,this.y1,7,class->block->function->block->block_content->return->expr->name->name->operator->name
2,91,rectangle_java2.jpg,rectangle_java2.jpg,3813317752,140,1126.4934285714285,568.2305714285715,1064.5,549,71,21,this.y1,7,class->block->function->block->block_content->return->expr->name->name->operator->name
2,91,rectangle_java2.jpg,rectangle_java2.jpg,3813489766,116,895.2675862068966,569.0479310344828,900.5,549,63,21,return,6,class->block->function->block->block_content->return
2,91,rectangle_java2.jpg,rectangle_java2.jpg,3814133742,188,981.8348936170213,568.351914893617,968.5,549,70,21,this.y2,7,class->block->function->block->block_content->return->expr->name->name->operator->name
2,91,rectangle_java2.jpg,rectangle_java2.jpg,3814485823,64,1066.405625,568.878125,1064.5,549,71,21,this.y1,7,class->block->function->block->block_content->return->expr->name->name->operator->name
2,91,rectangle_java2.jpg,rectangle_java2.jpg,3814549801,60,1067.68,574.9466666666667,977.5,585,101,21,this.width,10,class->block->function->block->block_content->return->expr->call->name->name->operator->name
2,91,rectangle_java2.jpg,rectangle_java2.jpg,3814757717,56,1105.3785714285714,585.6414285714286,1103.5,585,9,21,),1,class->block->function->block->block_content->return->expr->call->argument_list
2,91,rectangle_java2.jpg,rectangle_java2.jpg,3815025434,264,1103.7233333333334,573.9237878787878,1103.5,585,9,21,),1,class->block->function->block->block_content->return->expr->call->argument_list
2,91,rectangle_java2.jpg,rectangle_java2.jpg,3815345751,316,1125.4820253164557,572.9903797468354,1122.5,585,12,21,*,1,class->block->function->block->block_content->return->expr->operator
2,91,rectangle_java2.jpg,rectangle_java2.jpg,3815581659,64,1133.295,561.0575,1064.5,549,71,21,this.y1,7,class->block->function->block->block_content->return->expr->name->name->operator->name
2,91,rectangle_java2.jpg,rectangle_java2.jpg,3815581659,64,1133.295,561.0575,1142.5,549,10,21,;,1,class->block->function->block->block_content->return
2,91,rectangle_java2.jpg,rectangle_java2.jpg,3816029586,128,924.6315625,589.644375,910.5,585,62,21,return,6,class->block->function->block->block_content->return
2,91,rectangle_java2.jpg,rectangle_java2.jpg,3816357592,276,835.9355072463768,597.2936231884058,804.5,585,43,21,area,4,class->block->function->name
2,91,rectangle_java2.jpg,rectangle_java2.jpg,3816921344,212,936.9832075471699,641.9856603773585,920.5,621,62,21,String,6,class->block->function->parameter_list->parameter->decl->type->name->name
2,91,rectangle_java2.jpg,rectangle_java2.jpg,3817089451,144,994.5152777777778,649.7277777777778,941.5,658,91,20,Rectangle,9,class->block->function->block->block_content->decl_stmt->decl->init->expr->call->name
2,91,rectangle_java2.jpg,rectangle_java2.jpg,3817373486,272,1079.1029411764705,659.3772058823529,1077.5,658,9,20,",",1,class->block->function->block->block_content->decl_stmt->decl->init->expr->call->argument_list
2,91,rectangle_java2.jpg,rectangle_java2.jpg,3817589532,192,1142.508125,659.3704166666666,1134.5,658,22,20,10,2,class->block->function->block->block_content->decl_stmt->decl->init->expr->call->argument_list->argument->expr->literal
2,91,rectangle_java2.jpg,rectangle_java2.jpg,3818045406,160,1176.3585,658.3797500000001,1182.5,658,22,20,10,2,class->block->function->block->block_content->decl_stmt->decl->init->expr->call->argument_list->argument->expr->literal
2,91,rectangle_java2.jpg,rectangle_java2.jpg,3818285458,200,1115.1086,654.4252,1115.5,658,10,20,",",1,class->block->function->block->block_content->decl_stmt->decl->init->expr->call->argument_list
2,91,rectangle_java2.jpg,rectangle_java2.jpg,3818673522,180,1053.8371111111112,634.1557777777778,1025.5,621,42,21,args,4,class->block->function->parameter_list->parameter->decl->name
2,91,rectangle_java2.jpg,rectangle_java2.jpg,3818821416,144,1043.2972222222222,664.5155555555556,1041.5,658,9,20,(,1,class->block->function->block->block_content->decl_stmt->decl->init->expr->call->argument_list
2,91,rectangle_java2.jpg,rectangle_java2.jpg,3818897395,56,904.5092857142857,723.6407142857142,902.5,731,34,20,new,3,class->block->function->block->block_content->decl_stmt->decl->init->expr->operator
2,91,rectangle_java2.jpg,rectangle_java2.jpg,3819089360,188,902.441914893617,730.9317021276596,902.5,731,34,20,new,3,class->block->function->block->block_content->decl_stmt->decl->init->expr->operator
2,91,rectangle_java2.jpg,rectangle_java2.jpg,3819389377,280,822.6318571428571,727.7995714285714,826.5,731,51,20,rect2,5,class->block->function->block->block_content->decl_stmt->decl->name
2,91,rectangle_java2.jpg,rectangle_java2.jpg,3819565331,144,870.3463888888889,730.4438888888889,826.5,731,51,20,rect2,5,class->block->function->block->block_content->decl_stmt->decl->name
2,91,rectangle_java2.jpg,rectangle_java2.jpg,3819701313,112,942.0657142857143,728.1803571428571,941.5,731,91,20,Rectangle,9,class->block->function->block->block_content->decl_stmt->decl->init->expr->call->name
2,91,rectangle_java2.jpg,rectangle_java2.jpg,3819949331,80,951.6555,735.0255,941.5,731,91,20,Rectangle,9,class->block->function->block->block_content->decl_stmt->decl->init->expr->call->name
2,91,rectangle_java2.jpg,rectangle_java2.jpg,3820149356,196,954.4010204081633,731.5240816326531,941.5,731,91,20,Rectangle,9,class->block->function->block->block_content->decl_stmt->decl->init->expr->call->name
2,91,rectangle_java2.jpg,rectangle_java2.jpg,3820301372,148,927.4751351351351,736.3824324324324,902.5,731,34,20,new,3,class->block->function->block->block_content->decl_stmt->decl->init->expr->operator
2,91,rectangle_java2.jpg,rectangle_java2.jpg,3820437396,112,949.1789285714285,500.3014285714286,891.5,512,62,21,return,6,class->block->function->block->block_content->return->expr->name->name
2,91,rectangle_java2.jpg,rectangle_java2.jpg,3820437396,112,949.1789285714285,500.3014285714286,958.5,512,71,21,this.x2,7,class->block->function->block->block_content->return->expr->name->name->operator->name->operator
2,91,rectangle_java2.jpg,rectangle_java2.jpg,3821429213,144,866.1894444444445,500.3322222222223,874.5,512,10,21,{,1,class->block->function->block
2,91,rectangle_java2.jpg,rectangle_java2.jpg,3822485177,208,976.8859615384615,501.3119230769231,958.5,512,71,21,this.x2,7,class->block->function->block->block_content->return->expr->name->name->operator->name->operator
2,91,rectangle_java2.jpg,rectangle_java2.jpg,3822573124,84,998.8880952380953,506.5761904761905,958.5,512,71,21,this.x2,7,class->block->function->block->block_content->return->expr->name->name->operator->name->operator
2,91,rectangle_java2.jpg,rectangle_java2.jpg,3822689086,112,1004.6639285714285,505.0925,958.5,512,71,21,this.x2,7,class->block->function->block->block_content->return->expr->name->name->operator->name->operator
2,91,rectangle_java2.jpg,rectangle_java2.jpg,3822781097,68,1061.144117647059,539.8947058823529,1064.5,549,71,21,this.y1,7,class->block->function->block->block_content->return->expr->name->name->operator->name
2,91,rectangle_java2.jpg,rectangle_java2.jpg,3822949133,164,1057.0026829268293,545.5712195121952,1045.5,549,13,21,-,1,class->block->function->block->block_content->return->expr->operator
2,91,rectangle_java2.jpg,rectangle_java2.jpg,3822949133,164,1057.0026829268293,545.5712195121952,1064.5,549,71,21,this.y1,7,class->block->function->block->block_content->return->expr->name->name->operator->name
2,91,rectangle_java2.jpg,rectangle_java2.jpg,3823313048,196,1151.1975510204081,538.339387755102,1142.5,549,10,21,;,1,class->block->function->block->block_content->return
2,91,rectangle_java2.jpg,rectangle_java2.jpg,3823313048,196,1151.1975510204081,538.339387755102,1161.5,549,10,21,},1,class->block->function->block
2,91,rectangle_java2.jpg,rectangle_java2.jpg,3823497906,180,1142.1297777777777,553.6617777777777,1142.5,549,10,21,;,1,class->block->function->block->block_content->return
2,91,rectangle_java2.jpg,rectangle_java2.jpg,3823705069,200,1135.7668,555.3678,1142.5,549,10,21,;,1,class->block->function->block->block_content->return
2,91,rectangle_java2.jpg,rectangle_java2.jpg,3835316290,176,859.1422727272727,404.0402272727273,856.5,404,10,19,;,1,class->block->constructor->block->block_content->expr_stmt
2,91,rectangle_java2.jpg,rectangle_java2.jpg,3838868103,184,980.2854347826087,696.8895652173914,932.5,694,100,21,rect1.area,10,class->block->function->block->block_content->expr_stmt->expr->call->argument_list->argument->expr->call->name->name->operator->name
2,91,rectangle_java2.jpg,rectangle_java2.jpg,3838952083,68,1026.2105882352942,562.244705882353,968.5,549,70,21,this.y2,7,class->block->function->block->block_content->return->expr->name->name->operator->name
2,91,rectangle_java2.jpg,rectangle_java2.jpg,3839088066,132,1021.0615151515151,556.4318181818181,968.5,549,70,21,this.y2,7,class->block->function->block->block_content->return->expr->name->name->operator->name
