trial,participant,code_file,code_language,timestamp,duration,x_cord,y_cord,aoi_x,aoi_y,aoi_width,aoi_height,token,length,srcML
2,9,rectangle_java2.jpg,rectangle_java2.jpg,444422469,368,762.7865217391304,277.42826086956524,747.5,259,33,21,int,3,class->block->decl_stmt->decl->type->name
2,9,rectangle_java2.jpg,rectangle_java2.jpg,444630452,180,720.4697777777777,268.0502222222222,669.5,259,72,21,private,7,class->block->decl_stmt->decl->type->specifier
2,9,rectangle_java2.jpg,rectangle_java2.jpg,444766455,132,731.1681818181818,254.2448484848485,669.5,259,72,21,private,7,class->block->decl_stmt->decl->type->specifier
2,9,rectangle_java2.jpg,rectangle_java2.jpg,444826453,56,762.95,251.75428571428574,747.5,259,33,21,int,3,class->block->decl_stmt->decl->type->name
2,9,rectangle_java2.jpg,rectangle_java2.jpg,445094454,100,705.9436000000001,227.62040000000002,657.5,222,52,21,class,5,class
2,9,rectangle_java2.jpg,rectangle_java2.jpg,445094454,100,705.9436000000001,227.62040000000002,715.5,222,90,21,Rectangle,9,class->name
2,9,rectangle_java2.jpg,rectangle_java2.jpg,445286486,188,703.9253191489362,217.38978723404256,657.5,222,52,21,class,5,class
2,9,rectangle_java2.jpg,rectangle_java2.jpg,445286486,188,703.9253191489362,217.38978723404256,715.5,222,90,21,Rectangle,9,class->name
2,9,rectangle_java2.jpg,rectangle_java2.jpg,445526421,216,745.8672222222223,249.36648148148151,747.5,259,33,21,int,3,class->block->decl_stmt->decl->type->name
2,9,rectangle_java2.jpg,rectangle_java2.jpg,445634351,92,822.974347826087,231.5786956521739,813.5,222,10,21,{,1,class->block
2,9,rectangle_java2.jpg,rectangle_java2.jpg,445893711,72,817.5555555555555,258.6622222222222,815.5,259,10,21,",",1,class->block->decl_stmt
2,9,rectangle_java2.jpg,rectangle_java2.jpg,445957862,60,823.5086666666666,250.89533333333333,815.5,259,10,21,",",1,class->block->decl_stmt
2,9,rectangle_java2.jpg,rectangle_java2.jpg,445957862,60,823.5086666666666,250.89533333333333,833.5,259,23,21,y1,2,class->block->decl_stmt->decl->name
2,9,rectangle_java2.jpg,rectangle_java2.jpg,446530337,92,820.2952173913044,295.63565217391306,737.5,295,91,21,Rectangle,9,class->block->constructor->name
2,9,rectangle_java2.jpg,rectangle_java2.jpg,446658338,124,823.5632258064517,305.5403225806452,737.5,295,91,21,Rectangle,9,class->block->constructor->name
2,9,rectangle_java2.jpg,rectangle_java2.jpg,446718335,56,825.1278571428571,287.8935714285714,737.5,295,91,21,Rectangle,9,class->block->constructor->name
2,9,rectangle_java2.jpg,rectangle_java2.jpg,446718335,56,825.1278571428571,287.8935714285714,837.5,295,9,21,(,1,class->block->constructor->parameter_list
2,9,rectangle_java2.jpg,rectangle_java2.jpg,446798335,76,819.0521052631578,279.6015789473684,815.5,259,10,21,",",1,class->block->decl_stmt
2,9,rectangle_java2.jpg,rectangle_java2.jpg,446994337,192,837.7672916666667,270.12145833333335,833.5,259,23,21,y1,2,class->block->decl_stmt->decl->name
2,9,rectangle_java2.jpg,rectangle_java2.jpg,447102330,104,819.4107692307692,272.86346153846154,815.5,259,10,21,",",1,class->block->decl_stmt
2,9,rectangle_java2.jpg,rectangle_java2.jpg,447294374,152,751.0339473684211,392.7313157894737,730.5,404,71,19,this.x2,7,class->block->constructor->block->block_content->expr_stmt->expr->name->name->operator->name
2,9,rectangle_java2.jpg,rectangle_java2.jpg,447378415,72,752.1288888888889,394.12611111111113,730.5,404,71,19,this.x2,7,class->block->constructor->block->block_content->expr_stmt->expr->name->name->operator->name
2,9,rectangle_java2.jpg,rectangle_java2.jpg,447438377,56,751.0778571428572,387.61357142857145,730.5,367,71,21,this.y1,7,class->block->constructor->block->block_content->expr_stmt->expr->name->name->operator->name
2,9,rectangle_java2.jpg,rectangle_java2.jpg,447630159,56,813.3135714285714,380.91214285714284,806.5,367,15,21,=,1,class->block->constructor->block->block_content->expr_stmt->expr->operator
2,9,rectangle_java2.jpg,rectangle_java2.jpg,449014248,164,808.9463414634147,398.47195121951216,806.5,404,15,19,=,1,class->block->constructor->block->block_content->expr_stmt->expr->operator
2,9,rectangle_java2.jpg,rectangle_java2.jpg,449102250,64,816.43375,386.374375,806.5,367,15,21,=,1,class->block->constructor->block->block_content->expr_stmt->expr->operator
2,9,rectangle_java2.jpg,rectangle_java2.jpg,449102250,64,816.43375,386.374375,826.5,367,23,21,y1,2,class->block->constructor->block->block_content->expr_stmt->expr->name->name
2,9,rectangle_java2.jpg,rectangle_java2.jpg,449206254,68,852.8464705882353,398.3623529411765,856.5,404,10,19,;,1,class->block->constructor->block->block_content->expr_stmt
2,9,rectangle_java2.jpg,rectangle_java2.jpg,449278260,68,858.6723529411764,406.04058823529414,856.5,404,10,19,;,1,class->block->constructor->block->block_content->expr_stmt
2,9,rectangle_java2.jpg,rectangle_java2.jpg,449482118,76,821.998947368421,456.7815789473684,826.5,440,23,21,y2,2,class->block->constructor->block->block_content->expr_stmt->expr->name->name
2,9,rectangle_java2.jpg,rectangle_java2.jpg,449582030,96,827.42125,447.45416666666665,826.5,440,23,21,y2,2,class->block->constructor->block->block_content->expr_stmt->expr->name->name
2,9,rectangle_java2.jpg,rectangle_java2.jpg,449786163,68,793.1052941176471,435.9523529411765,730.5,440,71,21,this.y2,7,class->block->constructor->block->block_content->expr_stmt->expr->name->name->operator->name
2,9,rectangle_java2.jpg,rectangle_java2.jpg,452877990,144,977.6647222222222,518.8791666666666,958.5,512,71,21,this.x2,7,class->block->function->block->block_content->return->expr->name->name->operator->name->operator
2,9,rectangle_java2.jpg,rectangle_java2.jpg,453185956,60,824.8953333333334,501.13,775.5,512,53,21,width,5,class->block->function->name
2,9,rectangle_java2.jpg,rectangle_java2.jpg,454178115,72,1102.8355555555556,525.0677777777778,1054.5,512,71,21,this.x1,7,class->block->function->block->block_content->return->expr->name->name->operator->name
2,9,rectangle_java2.jpg,rectangle_java2.jpg,454293925,92,1097.0586956521738,517.14,1054.5,512,71,21,this.x1,7,class->block->function->block->block_content->return->expr->name->name->operator->name
2,9,rectangle_java2.jpg,rectangle_java2.jpg,454405791,68,1155.780588235294,515.3394117647059,1152.5,512,10,21,},1,class->block
2,9,rectangle_java2.jpg,rectangle_java2.jpg,454465814,56,1158.34,505.99785714285713,1152.5,512,10,21,},1,class->block
2,9,rectangle_java2.jpg,rectangle_java2.jpg,454789827,64,892.933125,512.328125,891.5,512,62,21,return,6,class->block->function->block->block_content->return->expr->name->name
2,9,rectangle_java2.jpg,rectangle_java2.jpg,454953804,80,895.4785,507.63,891.5,512,62,21,return,6,class->block->function->block->block_content->return->expr->name->name
2,9,rectangle_java2.jpg,rectangle_java2.jpg,455529600,64,977.0812500000001,504.250625,958.5,512,71,21,this.x2,7,class->block->function->block->block_content->return->expr->name->name->operator->name->operator
2,9,rectangle_java2.jpg,rectangle_java2.jpg,458705523,60,848.632,339.2046666666667,826.5,331,23,19,x1,2,class->block->constructor->block->block_content->expr_stmt->expr->name->name
2,9,rectangle_java2.jpg,rectangle_java2.jpg,458705523,60,848.632,339.2046666666667,856.5,331,10,19,;,1,class->block->constructor->block->block_content->expr_stmt
2,9,rectangle_java2.jpg,rectangle_java2.jpg,458921241,96,853.9533333333334,312.8183333333333,853.5,295,32,21,int,3,class->block->constructor->parameter_list->parameter->decl->type->name
2,9,rectangle_java2.jpg,rectangle_java2.jpg,459037233,60,816.322,228.798,813.5,222,10,21,{,1,class->block
2,9,rectangle_java2.jpg,rectangle_java2.jpg,459377428,116,839.958275862069,251.12827586206896,833.5,259,23,21,y1,2,class->block->decl_stmt->decl->name
2,9,rectangle_java2.jpg,rectangle_java2.jpg,459905402,76,827.1884210526316,276.3205263157895,833.5,259,23,21,y1,2,class->block->decl_stmt->decl->name
2,9,rectangle_java2.jpg,rectangle_java2.jpg,460053425,64,817.809375,277.250625,815.5,259,10,21,",",1,class->block->decl_stmt
2,9,rectangle_java2.jpg,rectangle_java2.jpg,460161460,68,849.5541176470588,273.21882352941174,833.5,259,23,21,y1,2,class->block->decl_stmt->decl->name
2,9,rectangle_java2.jpg,rectangle_java2.jpg,460293407,128,846.5625,278.309375,833.5,259,23,21,y1,2,class->block->decl_stmt->decl->name
2,9,rectangle_java2.jpg,rectangle_java2.jpg,460473367,72,810.2972222222222,262.6816666666667,815.5,259,10,21,",",1,class->block->decl_stmt
2,9,rectangle_java2.jpg,rectangle_java2.jpg,460557373,80,808.1825,266.248,785.5,259,23,21,x1,2,class->block->decl_stmt->decl->name
2,9,rectangle_java2.jpg,rectangle_java2.jpg,460557373,80,808.1825,266.248,815.5,259,10,21,",",1,class->block->decl_stmt
2,9,rectangle_java2.jpg,rectangle_java2.jpg,460685387,124,812.6554838709677,274.5148387096774,815.5,259,10,21,",",1,class->block->decl_stmt
2,9,rectangle_java2.jpg,rectangle_java2.jpg,460757396,68,806.9623529411765,271.0064705882353,785.5,259,23,21,x1,2,class->block->decl_stmt->decl->name
2,9,rectangle_java2.jpg,rectangle_java2.jpg,460757396,68,806.9623529411765,271.0064705882353,815.5,259,10,21,",",1,class->block->decl_stmt
2,9,rectangle_java2.jpg,rectangle_java2.jpg,460901332,92,842.8199999999999,284.93217391304347,837.5,295,9,21,(,1,class->block->constructor->parameter_list
2,9,rectangle_java2.jpg,rectangle_java2.jpg,460901332,92,842.8199999999999,284.93217391304347,853.5,295,32,21,int,3,class->block->constructor->parameter_list->parameter->decl->type->name
2,9,rectangle_java2.jpg,rectangle_java2.jpg,461005286,92,844.3195652173913,266.6604347826087,833.5,259,23,21,y1,2,class->block->decl_stmt->decl->name
2,9,rectangle_java2.jpg,rectangle_java2.jpg,461085299,76,840.1789473684211,267.7636842105263,833.5,259,23,21,y1,2,class->block->decl_stmt->decl->name
2,9,rectangle_java2.jpg,rectangle_java2.jpg,461229315,128,820.1703125,299.654375,737.5,295,91,21,Rectangle,9,class->block->constructor->name
2,9,rectangle_java2.jpg,rectangle_java2.jpg,461321311,60,820.886,266.48066666666665,815.5,259,10,21,",",1,class->block->decl_stmt
2,9,rectangle_java2.jpg,rectangle_java2.jpg,461537287,60,810.2566666666667,293.79266666666666,737.5,295,91,21,Rectangle,9,class->block->constructor->name
2,9,rectangle_java2.jpg,rectangle_java2.jpg,462681188,80,801.087,306.9275,737.5,295,91,21,Rectangle,9,class->block->constructor->name
2,9,rectangle_java2.jpg,rectangle_java2.jpg,462841016,56,814.3728571428571,284.52785714285716,737.5,295,91,21,Rectangle,9,class->block->constructor->name
2,9,rectangle_java2.jpg,rectangle_java2.jpg,463149122,140,819.9482857142857,273.9225714285714,815.5,259,10,21,",",1,class->block->decl_stmt
2,9,rectangle_java2.jpg,rectangle_java2.jpg,463229133,76,816.8373684210526,278.0378947368421,815.5,259,10,21,",",1,class->block->decl_stmt
2,9,rectangle_java2.jpg,rectangle_java2.jpg,463381133,76,845.2173684210526,288.4763157894737,837.5,295,9,21,(,1,class->block->constructor->parameter_list
2,9,rectangle_java2.jpg,rectangle_java2.jpg,463381133,76,845.2173684210526,288.4763157894737,853.5,295,32,21,int,3,class->block->constructor->parameter_list->parameter->decl->type->name
2,9,rectangle_java2.jpg,rectangle_java2.jpg,465269001,72,941.3072222222222,251.02444444444444,929.5,259,23,21,y2,2,class->block->decl_stmt->decl->name
2,9,rectangle_java2.jpg,rectangle_java2.jpg,465420997,56,907.7535714285714,248.70714285714286,911.5,259,10,21,",",1,class->block->decl_stmt
2,9,rectangle_java2.jpg,rectangle_java2.jpg,465897073,108,848.4577777777778,257.6962962962963,833.5,259,23,21,y1,2,class->block->decl_stmt->decl->name
2,9,rectangle_java2.jpg,rectangle_java2.jpg,465973076,72,847.92,247.93888888888887,833.5,259,23,21,y1,2,class->block->decl_stmt->decl->name
2,9,rectangle_java2.jpg,rectangle_java2.jpg,466105075,128,844.71,263.9296875,833.5,259,23,21,y1,2,class->block->decl_stmt->decl->name
2,9,rectangle_java2.jpg,rectangle_java2.jpg,466313038,68,818.484705882353,271.56235294117647,815.5,259,10,21,",",1,class->block->decl_stmt
2,9,rectangle_java2.jpg,rectangle_java2.jpg,466524794,56,823.2671428571429,222.30785714285713,813.5,222,10,21,{,1,class->block
2,9,rectangle_java2.jpg,rectangle_java2.jpg,466632782,104,822.8823076923077,224.38115384615384,813.5,222,10,21,{,1,class->block
2,9,rectangle_java2.jpg,rectangle_java2.jpg,466728806,72,813.9272222222222,215.86888888888888,813.5,222,10,21,{,1,class->block
2,9,rectangle_java2.jpg,rectangle_java2.jpg,468312773,56,796.2242857142858,235.21928571428572,715.5,222,90,21,Rectangle,9,class->name
2,9,rectangle_java2.jpg,rectangle_java2.jpg,468588786,76,808.0321052631579,233.2778947368421,813.5,222,10,21,{,1,class->block
2,9,rectangle_java2.jpg,rectangle_java2.jpg,471208773,72,812.675,283.2766666666667,737.5,295,91,21,Rectangle,9,class->block->constructor->name
2,9,rectangle_java2.jpg,rectangle_java2.jpg,477240178,60,834.7973333333333,371.448,826.5,367,23,21,y1,2,class->block->constructor->block->block_content->expr_stmt->expr->name->name
2,9,rectangle_java2.jpg,rectangle_java2.jpg,477372000,56,802.1307142857142,346.0257142857143,806.5,331,15,19,=,1,class->block->constructor->block->block_content->expr_stmt->expr->operator
2,9,rectangle_java2.jpg,rectangle_java2.jpg,477556191,84,836.07,382.4547619047619,826.5,367,23,21,y1,2,class->block->constructor->block->block_content->expr_stmt->expr->name->name
2,9,rectangle_java2.jpg,rectangle_java2.jpg,477748231,84,828.3147619047619,370.0595238095238,826.5,367,23,21,y1,2,class->block->constructor->block->block_content->expr_stmt->expr->name->name
2,9,rectangle_java2.jpg,rectangle_java2.jpg,477808243,56,823.7671428571429,373.7735714285714,826.5,367,23,21,y1,2,class->block->constructor->block->block_content->expr_stmt->expr->name->name
2,9,rectangle_java2.jpg,rectangle_java2.jpg,477920222,64,824.45375,354.605,826.5,367,23,21,y1,2,class->block->constructor->block->block_content->expr_stmt->expr->name->name
2,9,rectangle_java2.jpg,rectangle_java2.jpg,477996192,72,814.6894444444445,355.3022222222222,806.5,367,15,21,=,1,class->block->constructor->block->block_content->expr_stmt->expr->operator
2,9,rectangle_java2.jpg,rectangle_java2.jpg,477996192,72,814.6894444444445,355.3022222222222,826.5,367,23,21,y1,2,class->block->constructor->block->block_content->expr_stmt->expr->name->name
2,9,rectangle_java2.jpg,rectangle_java2.jpg,478076178,76,814.5878947368421,375.3310526315789,806.5,367,15,21,=,1,class->block->constructor->block->block_content->expr_stmt->expr->operator
2,9,rectangle_java2.jpg,rectangle_java2.jpg,478076178,76,814.5878947368421,375.3310526315789,826.5,367,23,21,y1,2,class->block->constructor->block->block_content->expr_stmt->expr->name->name
2,9,rectangle_java2.jpg,rectangle_java2.jpg,478888167,96,795.2845833333333,380.14666666666665,730.5,367,71,21,this.y1,7,class->block->constructor->block->block_content->expr_stmt->expr->name->name->operator->name
2,9,rectangle_java2.jpg,rectangle_java2.jpg,478888167,96,795.2845833333333,380.14666666666665,806.5,367,15,21,=,1,class->block->constructor->block->block_content->expr_stmt->expr->operator
2,9,rectangle_java2.jpg,rectangle_java2.jpg,479104128,80,803.5875,501.379,775.5,512,53,21,width,5,class->block->function->name
2,9,rectangle_java2.jpg,rectangle_java2.jpg,485155677,56,772.9035714285715,276.00857142857143,747.5,259,33,21,int,3,class->block->decl_stmt->decl->type->name
